{
  "meta": {
    "data_version": "1.1.0",
    "created": "2022-07-25",
    "revision": 1
  },
  "info": {
    "balls_per_over": 6,
    "dates": [
      "2022-06-14"
    ],
    "event": {
      "name": "T20 Blaze"
    },
    "gender": "female",
    "match_type": "T20",
    "missing": [
      "umpires"
    ],
    "outcome": {
      "winner": "Guyana",
      "by": {
        "wickets": 6
      }
    },
    "overs": 20,
    "players": {
      "Windward Islands": [
        "ASS Fletcher",
        "J Glasgow",
        "M Edward",
        "K Homer",
        "JM Joseph",
        "EG Turtin",
        "SN Adams",
        "Z James",
        "PS Etienne",
        "Q Joseph",
        "C Noel"
      ],
      "Guyana": [
        "SA Campbelle",
        "S Gajnabi",
        "KK Mentore",
        "SS Grimmond",
        "PO Millington",
        "K Schultz",
        "TD Smartt",
        "M Mangru",
        "K Persaud",
        "A Munisar",
        "LCA Toussaint"
      ]
    },
    "registry": {
      "people": {
        "A Munisar": "a811cb83",
        "ASS Fletcher": "42d9dd09",
        "C Noel": "83848df7",
        "EG Turtin": "dadccb0e",
        "J Glasgow": "a2632c7c",
        "JM Joseph": "336f9577",
        "K Homer": "4dae1243",
        "K Persaud": "2b44df20",
        "K Schultz": "6900060d",
        "KK Mentore": "df36df18",
        "LCA Toussaint": "f9c65d8d",
        "M Edward": "3dee411f",
        "M Mangru": "b9fec7a5",
        "PO Millington": "b06ed525",
        "PS Etienne": "5fab5186",
        "Q Joseph": "d6164dc0",
        "S Gajnabi": "c35739a1",
        "SA Campbelle": "a7cd72b2",
        "SN Adams": "5b61afae",
        "SS Grimmond": "6bebf334",
        "TD Smartt": "cc3884f9",
        "Z James": "816af623"
      }
    },
    "season": "2022",
    "team_type": "club",
    "teams": [
      "Windward Islands",
      "Guyana"
    ],
    "toss": {
      "decision": "field",
      "winner": "Guyana"
    },
    "venue": "Guyana National Stadium, Providence"
  },
  "innings": [
    {
      "team": "Windward Islands",
      "overs": [
        {
          "over": 0,
          "deliveries": [
            {
              "batter": "K Homer",
              "bowler": "TD Smartt",
              "extras": {
                "wides": 1
              },
              "non_striker": "Z James",
              "runs": {
                "batter": 0,
                "extras": 1,
                "total": 1
              }
            },
            {
              "batter": "K Homer",
              "bowler": "TD Smartt",
              "non_striker": "Z James",
              "runs": {
                "batter": 0,
                "extras": 0,
                "total": 0
              }
            },
            {
              "batter": "K Homer",
              "bowler": "TD Smartt",
              "non_striker": "Z James",
              "runs": {
                "batter": 4,
                "extras": 0,
                "total": 4
              }
            },
            {
              "batter": "K Homer",
              "bowler": "TD Smartt",
              "non_striker": "Z James",
              "runs": {
                "batter": 0,
                "extras": 0,
                "total": 0
              }
            },
            {
              "batter": "K Homer",
              "bowler": "TD Smartt",
              "non_striker": "Z James",
              "runs": {
                "batter": 0,
                "extras": 0,
                "total": 0
              }
            },
            {
              "batter": "K Homer",
              "bowler": "TD Smartt",
              "non_striker": "Z James",
              "runs": {
                "batter": 0,
                "extras": 0,
                "total": 0
              }
            },
            {
              "batter": "K Homer",
              "bowler": "TD Smartt",
              "non_striker": "Z James",
              "runs": {
                "batter": 0,
                "extras": 0,
                "total": 0
              }
            }
          ]
        },
        {
          "over": 1,
          "deliveries": [
            {
              "batter": "Z James",
              "bowler": "PO Millington",
              "non_striker": "K Homer",
              "runs": {
                "batter": 0,
                "extras": 0,
                "total": 0
              }
            },
            {
              "batter": "Z James",
              "bowler": "PO Millington",
              "non_striker": "K Homer",
              "runs": {
                "batter": 0,
                "extras": 0,
                "total": 0
              }
            },
            {
              "batter": "Z James",
              "bowler": "PO Millington",
              "non_striker": "K Homer",
              "runs": {
                "batter": 0,
                "extras": 0,
                "total": 0
              }
            },
            {
              "batter": "Z James",
              "bowler": "PO Millington",
              "non_striker": "K Homer",
              "runs": {
                "batter": 0,
                "extras": 0,
                "total": 0
              }
            },
            {
              "batter": "Z James",
              "bowler": "PO Millington",
              "non_striker": "K Homer",
              "runs": {
                "batter": 0,
                "extras": 0,
                "total": 0
              }
            },
            {
              "batter": "Z James",
              "bowler": "PO Millington",
              "non_striker": "K Homer",
              "runs": {
                "batter": 0,
                "extras": 0,
                "total": 0
              }
            }
          ]
        },
        {
          "over": 2,
          "deliveries": [
            {
              "batter": "K Homer",
              "bowler": "TD Smartt",
              "non_striker": "Z James",
              "runs": {
                "batter": 0,
                "extras": 0,
                "total": 0
              }
            },
            {
              "batter": "K Homer",
              "bowler": "TD Smartt",
              "non_striker": "Z James",
              "runs": {
                "batter": 0,
                "extras": 0,
                "total": 0
              }
            },
            {
              "batter": "K Homer",
              "bowler": "TD Smartt",
              "non_striker": "Z James",
              "runs": {
                "batter": 0,
                "extras": 0,
                "total": 0
              }
            },
            {
              "batter": "K Homer",
              "bowler": "TD Smartt",
              "non_striker": "Z James",
              "runs": {
                "batter": 0,
                "extras": 0,
                "total": 0
              }
            },
            {
              "batter": "K Homer",
              "bowler": "TD Smartt",
              "non_striker": "Z James",
              "runs": {
                "batter": 0,
                "extras": 0,
                "total": 0
              }
            },
            {
              "batter": "K Homer",
              "bowler": "TD Smartt",
              "non_striker": "Z James",
              "runs": {
                "batter": 0,
                "extras": 0,
                "total": 0
              }
            }
          ]
        },
        {
          "over": 3,
          "deliveries": [
            {
              "batter": "Z James",
              "bowler": "PO Millington",
              "non_striker": "K Homer",
              "runs": {
                "batter": 0,
                "extras": 0,
                "total": 0
              }
            },
            {
              "batter": "Z James",
              "bowler": "PO Millington",
              "non_striker": "K Homer",
              "runs": {
                "batter": 1,
                "extras": 0,
                "total": 1
              }
            },
            {
              "batter": "K Homer",
              "bowler": "PO Millington",
              "non_striker": "Z James",
              "runs": {
                "batter": 0,
                "extras": 0,
                "total": 0
              }
            },
            {
              "batter": "K Homer",
              "bowler": "PO Millington",
              "non_striker": "Z James",
              "runs": {
                "batter": 0,
                "extras": 0,
                "total": 0
              }
            },
            {
              "batter": "K Homer",
              "bowler": "PO Millington",
              "non_striker": "Z James",
              "runs": {
                "batter": 0,
                "extras": 0,
                "total": 0
              }
            },
            {
              "batter": "K Homer",
              "bowler": "PO Millington",
              "non_striker": "Z James",
              "runs": {
                "batter": 1,
                "extras": 0,
                "total": 1
              }
            }
          ]
        },
        {
          "over": 4,
          "deliveries": [
            {
              "batter": "K Homer",
              "bowler": "TD Smartt",
              "non_striker": "Z James",
              "runs": {
                "batter": 0,
                "extras": 0,
                "total": 0
              }
            },
            {
              "batter": "K Homer",
              "bowler": "TD Smartt",
              "non_striker": "Z James",
              "runs": {
                "batter": 1,
                "extras": 0,
                "total": 1
              }
            },
            {
              "batter": "Z James",
              "bowler": "TD Smartt",
              "non_striker": "K Homer",
              "runs": {
                "batter": 0,
                "extras": 0,
                "total": 0
              }
            },
            {
              "batter": "Z James",
              "bowler": "TD Smartt",
              "non_striker": "K Homer",
              "runs": {
                "batter": 0,
                "extras": 0,
                "total": 0
              }
            },
            {
              "batter": "Z James",
              "bowler": "TD Smartt",
              "non_striker": "K Homer",
              "runs": {
                "batter": 1,
                "extras": 0,
                "total": 1
              }
            },
            {
              "batter": "K Homer",
              "bowler": "TD Smartt",
              "non_striker": "Z James",
              "runs": {
                "batter": 1,
                "extras": 0,
                "total": 1
              }
            }
          ]
        },
        {
          "over": 5,
          "deliveries": [
            {
              "batter": "K Homer",
              "bowler": "PO Millington",
              "non_striker": "Z James",
              "runs": {
                "batter": 0,
                "extras": 0,
                "total": 0
              }
            },
            {
              "batter": "K Homer",
              "bowler": "PO Millington",
              "non_striker": "Z James",
              "runs": {
                "batter": 0,
                "extras": 0,
                "total": 0
              },
              "wickets": [
                {
                  "player_out": "K Homer",
                  "fielders": [
                    {
                      "name": "SA Campbelle"
                    }
                  ],
                  "kind": "caught"
                }
              ]
            },
            {
              "batter": "ASS Fletcher",
              "bowler": "PO Millington",
              "non_striker": "Z James",
              "runs": {
                "batter": 4,
                "extras": 0,
                "total": 4
              }
            },
            {
              "batter": "ASS Fletcher",
              "bowler": "PO Millington",
              "non_striker": "Z James",
              "runs": {
                "batter": 0,
                "extras": 0,
                "total": 0
              }
            },
            {
              "batter": "ASS Fletcher",
              "bowler": "PO Millington",
              "non_striker": "Z James",
              "runs": {
                "batter": 0,
                "extras": 0,
                "total": 0
              }
            },
            {
              "batter": "ASS Fletcher",
              "bowler": "PO Millington",
              "non_striker": "Z James",
              "runs": {
                "batter": 2,
                "extras": 0,
                "total": 2
              }
            }
          ]
        },
        {
          "over": 6,
          "deliveries": [
            {
              "batter": "Z James",
              "bowler": "K Schultz",
              "non_striker": "ASS Fletcher",
              "runs": {
                "batter": 0,
                "extras": 0,
                "total": 0
              }
            },
            {
              "batter": "Z James",
              "bowler": "K Schultz",
              "extras": {
                "wides": 1
              },
              "non_striker": "ASS Fletcher",
              "runs": {
                "batter": 0,
                "extras": 1,
                "total": 1
              }
            },
            {
              "batter": "Z James",
              "bowler": "K Schultz",
              "non_striker": "ASS Fletcher",
              "runs": {
                "batter": 0,
                "extras": 0,
                "total": 0
              }
            },
            {
              "batter": "Z James",
              "bowler": "K Schultz",
              "non_striker": "ASS Fletcher",
              "runs": {
                "batter": 1,
                "extras": 0,
                "total": 1
              }
            },
            {
              "batter": "ASS Fletcher",
              "bowler": "K Schultz",
              "non_striker": "Z James",
              "runs": {
                "batter": 1,
                "extras": 0,
                "total": 1
              }
            },
            {
              "batter": "Z James",
              "bowler": "K Schultz",
              "extras": {
                "wides": 1
              },
              "non_striker": "ASS Fletcher",
              "runs": {
                "batter": 0,
                "extras": 1,
                "total": 1
              }
            },
            {
              "batter": "Z James",
              "bowler": "K Schultz",
              "non_striker": "ASS Fletcher",
              "runs": {
                "batter": 0,
                "extras": 0,
                "total": 0
              }
            },
            {
              "batter": "Z James",
              "bowler": "K Schultz",
              "non_striker": "ASS Fletcher",
              "runs": {
                "batter": 0,
                "extras": 0,
                "total": 0
              }
            }
          ]
        },
        {
          "over": 7,
          "deliveries": [
            {
              "batter": "ASS Fletcher",
              "bowler": "SS Grimmond",
              "non_striker": "Z James",
              "runs": {
                "batter": 0,
                "extras": 0,
                "total": 0
              }
            },
            {
              "batter": "ASS Fletcher",
              "bowler": "SS Grimmond",
              "non_striker": "Z James",
              "runs": {
                "batter": 0,
                "extras": 0,
                "total": 0
              }
            },
            {
              "batter": "ASS Fletcher",
              "bowler": "SS Grimmond",
              "non_striker": "Z James",
              "runs": {
                "batter": 0,
                "extras": 0,
                "total": 0
              }
            },
            {
              "batter": "ASS Fletcher",
              "bowler": "SS Grimmond",
              "non_striker": "Z James",
              "runs": {
                "batter": 1,
                "extras": 0,
                "total": 1
              }
            },
            {
              "batter": "Z James",
              "bowler": "SS Grimmond",
              "non_striker": "ASS Fletcher",
              "runs": {
                "batter": 0,
                "extras": 0,
                "total": 0
              }
            },
            {
              "batter": "Z James",
              "bowler": "SS Grimmond",
              "non_striker": "ASS Fletcher",
              "runs": {
                "batter": 0,
                "extras": 0,
                "total": 0
              }
            }
          ]
        },
        {
          "over": 8,
          "deliveries": [
            {
              "batter": "ASS Fletcher",
              "bowler": "K Schultz",
              "non_striker": "Z James",
              "runs": {
                "batter": 1,
                "extras": 0,
                "total": 1
              }
            },
            {
              "batter": "Z James",
              "bowler": "K Schultz",
              "non_striker": "ASS Fletcher",
              "runs": {
                "batter": 0,
                "extras": 0,
                "total": 0
              }
            },
            {
              "batter": "Z James",
              "bowler": "K Schultz",
              "non_striker": "ASS Fletcher",
              "runs": {
                "batter": 0,
                "extras": 0,
                "total": 0
              }
            },
            {
              "batter": "Z James",
              "bowler": "K Schultz",
              "non_striker": "ASS Fletcher",
              "runs": {
                "batter": 0,
                "extras": 0,
                "total": 0
              }
            },
            {
              "batter": "Z James",
              "bowler": "K Schultz",
              "non_striker": "ASS Fletcher",
              "runs": {
                "batter": 2,
                "extras": 0,
                "total": 2
              }
            },
            {
              "batter": "Z James",
              "bowler": "K Schultz",
              "non_striker": "ASS Fletcher",
              "runs": {
                "batter": 0,
                "extras": 0,
                "total": 0
              }
            }
          ]
        },
        {
          "over": 9,
          "deliveries": [
            {
              "batter": "ASS Fletcher",
              "bowler": "SS Grimmond",
              "non_striker": "Z James",
              "runs": {
                "batter": 0,
                "extras": 0,
                "total": 0
              }
            },
            {
              "batter": "ASS Fletcher",
              "bowler": "SS Grimmond",
              "non_striker": "Z James",
              "runs": {
                "batter": 0,
                "extras": 0,
                "total": 0
              }
            },
            {
              "batter": "ASS Fletcher",
              "bowler": "SS Grimmond",
              "non_striker": "Z James",
              "runs": {
                "batter": 1,
                "extras": 0,
                "total": 1
              }
            },
            {
              "batter": "Z James",
              "bowler": "SS Grimmond",
              "non_striker": "ASS Fletcher",
              "runs": {
                "batter": 0,
                "extras": 0,
                "total": 0
              }
            },
            {
              "batter": "Z James",
              "bowler": "SS Grimmond",
              "non_striker": "ASS Fletcher",
              "runs": {
                "batter": 0,
                "extras": 0,
                "total": 0
              }
            },
            {
              "batter": "Z James",
              "bowler": "SS Grimmond",
              "non_striker": "ASS Fletcher",
              "runs": {
                "batter": 1,
                "extras": 0,
                "total": 1
              }
            }
          ]
        },
        {
          "over": 10,
          "deliveries": [
            {
              "batter": "Z James",
              "bowler": "K Schultz",
              "non_striker": "ASS Fletcher",
              "runs": {
                "batter": 0,
                "extras": 0,
                "total": 0
              }
            },
            {
              "batter": "Z James",
              "bowler": "K Schultz",
              "non_striker": "ASS Fletcher",
              "runs": {
                "batter": 0,
                "extras": 0,
                "total": 0
              },
              "wickets": [
                {
                  "player_out": "Z James",
                  "kind": "caught and bowled"
                }
              ]
            },
            {
              "batter": "SN Adams",
              "bowler": "K Schultz",
              "extras": {
                "wides": 1
              },
              "non_striker": "ASS Fletcher",
              "runs": {
                "batter": 0,
                "extras": 1,
                "total": 1
              }
            },
            {
              "batter": "SN Adams",
              "bowler": "K Schultz",
              "non_striker": "ASS Fletcher",
              "runs": {
                "batter": 0,
                "extras": 0,
                "total": 0
              }
            },
            {
              "batter": "SN Adams",
              "bowler": "K Schultz",
              "non_striker": "ASS Fletcher",
              "runs": {
                "batter": 0,
                "extras": 0,
                "total": 0
              },
              "wickets": [
                {
                  "player_out": "SN Adams",
                  "fielders": [
                    {
                      "name": "TD Smartt"
                    }
                  ],
                  "kind": "caught"
                }
              ]
            },
            {
              "batter": "Q Joseph",
              "bowler": "K Schultz",
              "non_striker": "ASS Fletcher",
              "runs": {
                "batter": 1,
                "extras": 0,
                "total": 1
              }
            },
            {
              "batter": "ASS Fletcher",
              "bowler": "K Schultz",
              "non_striker": "Q Joseph",
              "runs": {
                "batter": 1,
                "extras": 0,
                "total": 1
              }
            }
          ]
        },
        {
          "over": 11,
          "deliveries": [
            {
              "batter": "ASS Fletcher",
              "bowler": "SS Grimmond",
              "non_striker": "Q Joseph",
              "runs": {
                "batter": 1,
                "extras": 0,
                "total": 1
              }
            },
            {
              "batter": "Q Joseph",
              "bowler": "SS Grimmond",
              "non_striker": "ASS Fletcher",
              "runs": {
                "batter": 0,
                "extras": 0,
                "total": 0
              }
            },
            {
              "batter": "Q Joseph",
              "bowler": "SS Grimmond",
              "non_striker": "ASS Fletcher",
              "runs": {
                "batter": 0,
                "extras": 0,
                "total": 0
              }
            },
            {
              "batter": "Q Joseph",
              "bowler": "SS Grimmond",
              "non_striker": "ASS Fletcher",
              "runs": {
                "batter": 0,
                "extras": 0,
                "total": 0
              }
            },
            {
              "batter": "Q Joseph",
              "bowler": "SS Grimmond",
              "non_striker": "ASS Fletcher",
              "runs": {
                "batter": 0,
                "extras": 0,
                "total": 0
              },
              "wickets": [
                {
                  "player_out": "Q Joseph",
                  "fielders": [
                    {
                      "name": "KK Mentore"
                    }
                  ],
                  "kind": "run out"
                }
              ]
            },
            {
              "batter": "ASS Fletcher",
              "bowler": "SS Grimmond",
              "non_striker": "M Edward",
              "runs": {
                "batter": 3,
                "extras": 0,
                "total": 3
              }
            }
          ]
        },
        {
          "over": 12,
          "deliveries": [
            {
              "batter": "ASS Fletcher",
              "bowler": "K Schultz",
              "non_striker": "M Edward",
              "runs": {
                "batter": 0,
                "extras": 0,
                "total": 0
              }
            },
            {
              "batter": "ASS Fletcher",
              "bowler": "K Schultz",
              "non_striker": "M Edward",
              "runs": {
                "batter": 1,
                "extras": 0,
                "total": 1
              }
            },
            {
              "batter": "M Edward",
              "bowler": "K Schultz",
              "non_striker": "ASS Fletcher",
              "runs": {
                "batter": 1,
                "extras": 0,
                "total": 1
              }
            },
            {
              "batter": "ASS Fletcher",
              "bowler": "K Schultz",
              "non_striker": "M Edward",
              "runs": {
                "batter": 1,
                "extras": 0,
                "total": 1
              }
            },
            {
              "batter": "M Edward",
              "bowler": "K Schultz",
              "non_striker": "ASS Fletcher",
              "runs": {
                "batter": 0,
                "extras": 0,
                "total": 0
              }
            },
            {
              "batter": "M Edward",
              "bowler": "K Schultz",
              "non_striker": "ASS Fletcher",
              "runs": {
                "batter": 0,
                "extras": 0,
                "total": 0
              },
              "wickets": [
                {
                  "player_out": "M Edward",
                  "fielders": [
                    {
                      "name": "SA Campbelle"
                    }
                  ],
                  "kind": "caught"
                }
              ]
            }
          ]
        },
        {
          "over": 13,
          "deliveries": [
            {
              "batter": "ASS Fletcher",
              "bowler": "SS Grimmond",
              "non_striker": "JM Joseph",
              "runs": {
                "batter": 1,
                "extras": 0,
                "total": 1
              }
            },
            {
              "batter": "JM Joseph",
              "bowler": "SS Grimmond",
              "non_striker": "ASS Fletcher",
              "runs": {
                "batter": 4,
                "extras": 0,
                "total": 4
              }
            },
            {
              "batter": "JM Joseph",
              "bowler": "SS Grimmond",
              "non_striker": "ASS Fletcher",
              "runs": {
                "batter": 1,
                "extras": 0,
                "total": 1
              }
            },
            {
              "batter": "ASS Fletcher",
              "bowler": "SS Grimmond",
              "non_striker": "JM Joseph",
              "runs": {
                "batter": 1,
                "extras": 0,
                "total": 1
              }
            },
            {
              "batter": "JM Joseph",
              "bowler": "SS Grimmond",
              "non_striker": "ASS Fletcher",
              "runs": {
                "batter": 0,
                "extras": 0,
                "total": 0
              }
            },
            {
              "batter": "JM Joseph",
              "bowler": "SS Grimmond",
              "extras": {
                "legbyes": 1
              },
              "non_striker": "ASS Fletcher",
              "runs": {
                "batter": 0,
                "extras": 1,
                "total": 1
              }
            }
          ]
        },
        {
          "over": 14,
          "deliveries": [
            {
              "batter": "JM Joseph",
              "bowler": "A Munisar",
              "non_striker": "ASS Fletcher",
              "runs": {
                "batter": 4,
                "extras": 0,
                "total": 4
              }
            },
            {
              "batter": "JM Joseph",
              "bowler": "A Munisar",
              "non_striker": "ASS Fletcher",
              "runs": {
                "batter": 0,
                "extras": 0,
                "total": 0
              }
            },
            {
              "batter": "JM Joseph",
              "bowler": "A Munisar",
              "non_striker": "ASS Fletcher",
              "runs": {
                "batter": 0,
                "extras": 0,
                "total": 0
              }
            },
            {
              "batter": "JM Joseph",
              "bowler": "A Munisar",
              "non_striker": "ASS Fletcher",
              "runs": {
                "batter": 0,
                "extras": 0,
                "total": 0
              }
            },
            {
              "batter": "JM Joseph",
              "bowler": "A Munisar",
              "non_striker": "ASS Fletcher",
              "runs": {
                "batter": 0,
                "extras": 0,
                "total": 0
              }
            },
            {
              "batter": "JM Joseph",
              "bowler": "A Munisar",
              "non_striker": "ASS Fletcher",
              "runs": {
                "batter": 4,
                "extras": 0,
                "total": 4
              }
            }
          ]
        },
        {
          "over": 15,
          "deliveries": [
            {
              "batter": "ASS Fletcher",
              "bowler": "PO Millington",
              "extras": {
                "noballs": 1
              },
              "non_striker": "JM Joseph",
              "runs": {
                "batter": 1,
                "extras": 1,
                "total": 2
              }
            },
            {
              "batter": "JM Joseph",
              "bowler": "PO Millington",
              "non_striker": "ASS Fletcher",
              "runs": {
                "batter": 1,
                "extras": 0,
                "total": 1
              }
            },
            {
              "batter": "ASS Fletcher",
              "bowler": "PO Millington",
              "non_striker": "JM Joseph",
              "runs": {
                "batter": 1,
                "extras": 0,
                "total": 1
              }
            },
            {
              "batter": "JM Joseph",
              "bowler": "PO Millington",
              "extras": {
                "wides": 1
              },
              "non_striker": "ASS Fletcher",
              "runs": {
                "batter": 0,
                "extras": 1,
                "total": 1
              }
            },
            {
              "batter": "JM Joseph",
              "bowler": "PO Millington",
              "non_striker": "ASS Fletcher",
              "runs": {
                "batter": 1,
                "extras": 0,
                "total": 1
              }
            },
            {
              "batter": "ASS Fletcher",
              "bowler": "PO Millington",
              "non_striker": "JM Joseph",
              "runs": {
                "batter": 0,
                "extras": 0,
                "total": 0
              }
            },
            {
              "batter": "ASS Fletcher",
              "bowler": "PO Millington",
              "non_striker": "JM Joseph",
              "runs": {
                "batter": 1,
                "extras": 0,
                "total": 1
              }
            },
            {
              "batter": "JM Joseph",
              "bowler": "PO Millington",
              "non_striker": "ASS Fletcher",
              "runs": {
                "batter": 1,
                "extras": 0,
                "total": 1
              }
            }
          ]
        },
        {
          "over": 16,
          "deliveries": [
            {
              "batter": "JM Joseph",
              "bowler": "A Munisar",
              "non_striker": "ASS Fletcher",
              "runs": {
                "batter": 1,
                "extras": 0,
                "total": 1
              }
            },
            {
              "batter": "ASS Fletcher",
              "bowler": "A Munisar",
              "non_striker": "JM Joseph",
              "runs": {
                "batter": 1,
                "extras": 0,
                "total": 1
              }
            },
            {
              "batter": "JM Joseph",
              "bowler": "A Munisar",
              "non_striker": "ASS Fletcher",
              "runs": {
                "batter": 1,
                "extras": 0,
                "total": 1
              }
            },
            {
              "batter": "ASS Fletcher",
              "bowler": "A Munisar",
              "non_striker": "JM Joseph",
              "runs": {
                "batter": 0,
                "extras": 0,
                "total": 0
              }
            },
            {
              "batter": "ASS Fletcher",
              "bowler": "A Munisar",
              "non_striker": "JM Joseph",
              "runs": {
                "batter": 1,
                "extras": 0,
                "total": 1
              }
            },
            {
              "batter": "JM Joseph",
              "bowler": "A Munisar",
              "non_striker": "ASS Fletcher",
              "runs": {
                "batter": 1,
                "extras": 0,
                "total": 1
              }
            }
          ]
        },
        {
          "over": 17,
          "deliveries": [
            {
              "batter": "JM Joseph",
              "bowler": "S Gajnabi",
              "non_striker": "ASS Fletcher",
              "runs": {
                "batter": 1,
                "extras": 0,
                "total": 1
              }
            },
            {
              "batter": "ASS Fletcher",
              "bowler": "S Gajnabi",
              "non_striker": "JM Joseph",
              "runs": {
                "batter": 1,
                "extras": 0,
                "total": 1
              }
            },
            {
              "batter": "JM Joseph",
              "bowler": "S Gajnabi",
              "non_striker": "ASS Fletcher",
              "runs": {
                "batter": 1,
                "extras": 0,
                "total": 1
              }
            },
            {
              "batter": "ASS Fletcher",
              "bowler": "S Gajnabi",
              "non_striker": "JM Joseph",
              "runs": {
                "batter": 1,
                "extras": 0,
                "total": 1
              },
              "wickets": [
                {
                  "player_out": "JM Joseph",
                  "fielders": [
                    {
                      "name": "K Schultz"
                    }
                  ],
                  "kind": "run out"
                }
              ]
            },
            {
              "batter": "ASS Fletcher",
              "bowler": "S Gajnabi",
              "non_striker": "J Glasgow",
              "runs": {
                "batter": 0,
                "extras": 0,
                "total": 0
              },
              "wickets": [
                {
                  "player_out": "ASS Fletcher",
                  "kind": "lbw"
                }
              ]
            },
            {
              "batter": "EG Turtin",
              "bowler": "S Gajnabi",
              "non_striker": "J Glasgow",
              "runs": {
                "batter": 0,
                "extras": 0,
                "total": 0
              }
            }
          ]
        },
        {
          "over": 18,
          "deliveries": [
            {
              "batter": "J Glasgow",
              "bowler": "TD Smartt",
              "non_striker": "EG Turtin",
              "runs": {
                "batter": 0,
                "extras": 0,
                "total": 0
              }
            },
            {
              "batter": "J Glasgow",
              "bowler": "TD Smartt",
              "non_striker": "EG Turtin",
              "runs": {
                "batter": 1,
                "extras": 0,
                "total": 1
              }
            },
            {
              "batter": "EG Turtin",
              "bowler": "TD Smartt",
              "non_striker": "J Glasgow",
              "runs": {
                "batter": 4,
                "extras": 0,
                "total": 4
              }
            },
            {
              "batter": "EG Turtin",
              "bowler": "TD Smartt",
              "non_striker": "J Glasgow",
              "runs": {
                "batter": 0,
                "extras": 0,
                "total": 0
              }
            },
            {
              "batter": "EG Turtin",
              "bowler": "TD Smartt",
              "non_striker": "J Glasgow",
              "runs": {
                "batter": 2,
                "extras": 0,
                "total": 2
              }
            },
            {
              "batter": "EG Turtin",
              "bowler": "TD Smartt",
              "non_striker": "J Glasgow",
              "runs": {
                "batter": 2,
                "extras": 0,
                "total": 2
              }
            }
          ]
        },
        {
          "over": 19,
          "deliveries": [
            {
              "batter": "J Glasgow",
              "bowler": "S Gajnabi",
              "non_striker": "EG Turtin",
              "runs": {
                "batter": 1,
                "extras": 0,
                "total": 1
              }
            },
            {
              "batter": "EG Turtin",
              "bowler": "S Gajnabi",
              "non_striker": "J Glasgow",
              "runs": {
                "batter": 1,
                "extras": 0,
                "total": 1
              }
            },
            {
              "batter": "J Glasgow",
              "bowler": "S Gajnabi",
              "extras": {
                "noballs": 1
              },
              "non_striker": "EG Turtin",
              "runs": {
                "batter": 1,
                "extras": 1,
                "total": 2
              }
            },
            {
              "batter": "EG Turtin",
              "bowler": "S Gajnabi",
              "non_striker": "J Glasgow",
              "runs": {
                "batter": 2,
                "extras": 0,
                "total": 2
              }
            },
            {
              "batter": "EG Turtin",
              "bowler": "S Gajnabi",
              "non_striker": "J Glasgow",
              "runs": {
                "batter": 0,
                "extras": 0,
                "total": 0
              }
            },
            {
              "batter": "EG Turtin",
              "bowler": "S Gajnabi",
              "non_striker": "J Glasgow",
              "runs": {
                "batter": 1,
                "extras": 0,
                "total": 1
              }
            },
            {
              "batter": "J Glasgow",
              "bowler": "S Gajnabi",
              "non_striker": "EG Turtin",
              "runs": {
                "batter": 0,
                "extras": 0,
                "total": 0
              }
            }
          ]
        }
      ],
      "powerplays": [
        {
          "from": 0.1,
          "to": 5.6,
          "type": "mandatory"
        }
      ]
    },
    {
      "team": "Guyana",
      "overs": [
        {
          "over": 0,
          "deliveries": [
            {
              "batter": "SS Grimmond",
              "bowler": "J Glasgow",
              "non_striker": "M Mangru",
              "runs": {
                "batter": 0,
                "extras": 0,
                "total": 0
              }
            },
            {
              "batter": "SS Grimmond",
              "bowler": "J Glasgow",
              "non_striker": "M Mangru",
              "runs": {
                "batter": 1,
                "extras": 0,
                "total": 1
              }
            },
            {
              "batter": "M Mangru",
              "bowler": "J Glasgow",
              "non_striker": "SS Grimmond",
              "runs": {
                "batter": 0,
                "extras": 0,
                "total": 0
              }
            },
            {
              "batter": "M Mangru",
              "bowler": "J Glasgow",
              "non_striker": "SS Grimmond",
              "runs": {
                "batter": 2,
                "extras": 0,
                "total": 2
              }
            },
            {
              "batter": "M Mangru",
              "bowler": "J Glasgow",
              "non_striker": "SS Grimmond",
              "runs": {
                "batter": 1,
                "extras": 0,
                "total": 1
              }
            },
            {
              "batter": "SS Grimmond",
              "bowler": "J Glasgow",
              "non_striker": "M Mangru",
              "runs": {
                "batter": 0,
                "extras": 0,
                "total": 0
              }
            }
          ]
        },
        {
          "over": 1,
          "deliveries": [
            {
              "batter": "M Mangru",
              "bowler": "PS Etienne",
              "non_striker": "SS Grimmond",
              "runs": {
                "batter": 0,
                "extras": 0,
                "total": 0
              },
              "wickets": [
                {
                  "player_out": "M Mangru",
                  "kind": "lbw"
                }
              ]
            },
            {
              "batter": "LCA Toussaint",
              "bowler": "PS Etienne",
              "non_striker": "SS Grimmond",
              "runs": {
                "batter": 0,
                "extras": 0,
                "total": 0
              }
            },
            {
              "batter": "LCA Toussaint",
              "bowler": "PS Etienne",
              "non_striker": "SS Grimmond",
              "runs": {
                "batter": 1,
                "extras": 0,
                "total": 1
              }
            },
            {
              "batter": "SS Grimmond",
              "bowler": "PS Etienne",
              "non_striker": "LCA Toussaint",
              "runs": {
                "batter": 0,
                "extras": 0,
                "total": 0
              }
            },
            {
              "batter": "SS Grimmond",
              "bowler": "PS Etienne",
              "non_striker": "LCA Toussaint",
              "runs": {
                "batter": 2,
                "extras": 0,
                "total": 2
              }
            },
            {
              "batter": "SS Grimmond",
              "bowler": "PS Etienne",
              "non_striker": "LCA Toussaint",
              "runs": {
                "batter": 0,
                "extras": 0,
                "total": 0
              }
            }
          ]
        },
        {
          "over": 2,
          "deliveries": [
            {
              "batter": "LCA Toussaint",
              "bowler": "J Glasgow",
              "non_striker": "SS Grimmond",
              "runs": {
                "batter": 0,
                "extras": 0,
                "total": 0
              }
            },
            {
              "batter": "LCA Toussaint",
              "bowler": "J Glasgow",
              "non_striker": "SS Grimmond",
              "runs": {
                "batter": 0,
                "extras": 0,
                "total": 0
              }
            },
            {
              "batter": "LCA Toussaint",
              "bowler": "J Glasgow",
              "non_striker": "SS Grimmond",
              "runs": {
                "batter": 0,
                "extras": 0,
                "total": 0
              }
            },
            {
              "batter": "LCA Toussaint",
              "bowler": "J Glasgow",
              "non_striker": "SS Grimmond",
              "runs": {
                "batter": 0,
                "extras": 0,
                "total": 0
              }
            },
            {
              "batter": "LCA Toussaint",
              "bowler": "J Glasgow",
              "non_striker": "SS Grimmond",
              "runs": {
                "batter": 0,
                "extras": 0,
                "total": 0
              }
            },
            {
              "batter": "LCA Toussaint",
              "bowler": "J Glasgow",
              "extras": {
                "wides": 1
              },
              "non_striker": "SS Grimmond",
              "runs": {
                "batter": 0,
                "extras": 1,
                "total": 1
              }
            },
            {
              "batter": "LCA Toussaint",
              "bowler": "J Glasgow",
              "non_striker": "SS Grimmond",
              "runs": {
                "batter": 0,
                "extras": 0,
                "total": 0
              }
            }
          ]
        },
        {
          "over": 3,
          "deliveries": [
            {
              "batter": "SS Grimmond",
              "bowler": "PS Etienne",
              "non_striker": "LCA Toussaint",
              "runs": {
                "batter": 0,
                "extras": 0,
                "total": 0
              }
            },
            {
              "batter": "SS Grimmond",
              "bowler": "PS Etienne",
              "non_striker": "LCA Toussaint",
              "runs": {
                "batter": 1,
                "extras": 0,
                "total": 1
              }
            },
            {
              "batter": "LCA Toussaint",
              "bowler": "PS Etienne",
              "non_striker": "SS Grimmond",
              "runs": {
                "batter": 0,
                "extras": 0,
                "total": 0
              }
            },
            {
              "batter": "LCA Toussaint",
              "bowler": "PS Etienne",
              "non_striker": "SS Grimmond",
              "runs": {
                "batter": 0,
                "extras": 0,
                "total": 0
              }
            },
            {
              "batter": "LCA Toussaint",
              "bowler": "PS Etienne",
              "non_striker": "SS Grimmond",
              "runs": {
                "batter": 0,
                "extras": 0,
                "total": 0
              }
            },
            {
              "batter": "LCA Toussaint",
              "bowler": "PS Etienne",
              "non_striker": "SS Grimmond",
              "runs": {
                "batter": 1,
                "extras": 0,
                "total": 1
              }
            }
          ]
        },
        {
          "over": 4,
          "deliveries": [
            {
              "batter": "LCA Toussaint",
              "bowler": "Q Joseph",
              "non_striker": "SS Grimmond",
              "runs": {
                "batter": 0,
                "extras": 0,
                "total": 0
              }
            },
            {
              "batter": "LCA Toussaint",
              "bowler": "Q Joseph",
              "non_striker": "SS Grimmond",
              "runs": {
                "batter": 1,
                "extras": 0,
                "total": 1
              }
            },
            {
              "batter": "SS Grimmond",
              "bowler": "Q Joseph",
              "non_striker": "LCA Toussaint",
              "runs": {
                "batter": 1,
                "extras": 0,
                "total": 1
              }
            },
            {
              "batter": "LCA Toussaint",
              "bowler": "Q Joseph",
              "non_striker": "SS Grimmond",
              "runs": {
                "batter": 0,
                "extras": 0,
                "total": 0
              }
            },
            {
              "batter": "LCA Toussaint",
              "bowler": "Q Joseph",
              "non_striker": "SS Grimmond",
              "runs": {
                "batter": 0,
                "extras": 0,
                "total": 0
              }
            },
            {
              "batter": "LCA Toussaint",
              "bowler": "Q Joseph",
              "non_striker": "SS Grimmond",
              "runs": {
                "batter": 0,
                "extras": 0,
                "total": 0
              }
            }
          ]
        },
        {
          "over": 5,
          "deliveries": [
            {
              "batter": "SS Grimmond",
              "bowler": "C Noel",
              "non_striker": "LCA Toussaint",
              "runs": {
                "batter": 4,
                "extras": 0,
                "total": 4
              }
            },
            {
              "batter": "SS Grimmond",
              "bowler": "C Noel",
              "extras": {
                "wides": 1
              },
              "non_striker": "LCA Toussaint",
              "runs": {
                "batter": 0,
                "extras": 1,
                "total": 1
              }
            },
            {
              "batter": "SS Grimmond",
              "bowler": "C Noel",
              "non_striker": "LCA Toussaint",
              "runs": {
                "batter": 2,
                "extras": 0,
                "total": 2
              }
            },
            {
              "batter": "SS Grimmond",
              "bowler": "C Noel",
              "non_striker": "LCA Toussaint",
              "runs": {
                "batter": 0,
                "extras": 0,
                "total": 0
              }
            },
            {
              "batter": "SS Grimmond",
              "bowler": "C Noel",
              "non_striker": "LCA Toussaint",
              "runs": {
                "batter": 0,
                "extras": 0,
                "total": 0
              },
              "wickets": [
                {
                  "player_out": "SS Grimmond",
                  "fielders": [
                    {
                      "name": "Q Joseph"
                    }
                  ],
                  "kind": "caught"
                }
              ]
            },
            {
              "batter": "SA Campbelle",
              "bowler": "C Noel",
              "extras": {
                "noballs": 1
              },
              "non_striker": "LCA Toussaint",
              "runs": {
                "batter": 0,
                "extras": 1,
                "total": 1
              }
            },
            {
              "batter": "SA Campbelle",
              "bowler": "C Noel",
              "non_striker": "LCA Toussaint",
              "runs": {
                "batter": 1,
                "extras": 0,
                "total": 1
              }
            },
            {
              "batter": "LCA Toussaint",
              "bowler": "C Noel",
              "extras": {
                "wides": 1
              },
              "non_striker": "SA Campbelle",
              "runs": {
                "batter": 0,
                "extras": 1,
                "total": 1
              }
            },
            {
              "batter": "LCA Toussaint",
              "bowler": "C Noel",
              "non_striker": "SA Campbelle",
              "runs": {
                "batter": 1,
                "extras": 0,
                "total": 1
              }
            }
          ]
        },
        {
          "over": 6,
          "deliveries": [
            {
              "batter": "LCA Toussaint",
              "bowler": "Q Joseph",
              "non_striker": "SA Campbelle",
              "runs": {
                "batter": 0,
                "extras": 0,
                "total": 0
              }
            },
            {
              "batter": "LCA Toussaint",
              "bowler": "Q Joseph",
              "extras": {
                "byes": 2
              },
              "non_striker": "SA Campbelle",
              "runs": {
                "batter": 0,
                "extras": 2,
                "total": 2
              }
            },
            {
              "batter": "LCA Toussaint",
              "bowler": "Q Joseph",
              "non_striker": "SA Campbelle",
              "runs": {
                "batter": 0,
                "extras": 0,
                "total": 0
              }
            },
            {
              "batter": "LCA Toussaint",
              "bowler": "Q Joseph",
              "non_striker": "SA Campbelle",
              "runs": {
                "batter": 0,
                "extras": 0,
                "total": 0
              }
            },
            {
              "batter": "LCA Toussaint",
              "bowler": "Q Joseph",
              "non_striker": "SA Campbelle",
              "runs": {
                "batter": 4,
                "extras": 0,
                "total": 4
              }
            },
            {
              "batter": "LCA Toussaint",
              "bowler": "Q Joseph",
              "non_striker": "SA Campbelle",
              "runs": {
                "batter": 4,
                "extras": 0,
                "total": 4
              }
            }
          ]
        },
        {
          "over": 7,
          "deliveries": [
            {
              "batter": "SA Campbelle",
              "bowler": "ASS Fletcher",
              "non_striker": "LCA Toussaint",
              "runs": {
                "batter": 2,
                "extras": 0,
                "total": 2
              }
            },
            {
              "batter": "SA Campbelle",
              "bowler": "ASS Fletcher",
              "non_striker": "LCA Toussaint",
              "runs": {
                "batter": 0,
                "extras": 0,
                "total": 0
              }
            },
            {
              "batter": "SA Campbelle",
              "bowler": "ASS Fletcher",
              "non_striker": "LCA Toussaint",
              "runs": {
                "batter": 0,
                "extras": 0,
                "total": 0
              }
            },
            {
              "batter": "SA Campbelle",
              "bowler": "ASS Fletcher",
              "non_striker": "LCA Toussaint",
              "runs": {
                "batter": 1,
                "extras": 0,
                "total": 1
              }
            },
            {
              "batter": "LCA Toussaint",
              "bowler": "ASS Fletcher",
              "non_striker": "SA Campbelle",
              "runs": {
                "batter": 2,
                "extras": 0,
                "total": 2
              }
            },
            {
              "batter": "LCA Toussaint",
              "bowler": "ASS Fletcher",
              "non_striker": "SA Campbelle",
              "runs": {
                "batter": 0,
                "extras": 0,
                "total": 0
              }
            }
          ]
        },
        {
          "over": 8,
          "deliveries": [
            {
              "batter": "SA Campbelle",
              "bowler": "Z James",
              "non_striker": "LCA Toussaint",
              "runs": {
                "batter": 0,
                "extras": 0,
                "total": 0
              }
            },
            {
              "batter": "SA Campbelle",
              "bowler": "Z James",
              "non_striker": "LCA Toussaint",
              "runs": {
                "batter": 0,
                "extras": 0,
                "total": 0
              }
            },
            {
              "batter": "SA Campbelle",
              "bowler": "Z James",
              "non_striker": "LCA Toussaint",
              "runs": {
                "batter": 1,
                "extras": 0,
                "total": 1
              }
            },
            {
              "batter": "LCA Toussaint",
              "bowler": "Z James",
              "non_striker": "SA Campbelle",
              "runs": {
                "batter": 0,
                "extras": 0,
                "total": 0
              }
            },
            {
              "batter": "LCA Toussaint",
              "bowler": "Z James",
              "non_striker": "SA Campbelle",
              "runs": {
                "batter": 1,
                "extras": 0,
                "total": 1
              }
            },
            {
              "batter": "SA Campbelle",
              "bowler": "Z James",
              "non_striker": "LCA Toussaint",
              "runs": {
                "batter": 1,
                "extras": 0,
                "total": 1
              }
            }
          ]
        },
        {
          "over": 9,
          "deliveries": [
            {
              "batter": "SA Campbelle",
              "bowler": "ASS Fletcher",
              "non_striker": "LCA Toussaint",
              "runs": {
                "batter": 1,
                "extras": 0,
                "total": 1
              }
            },
            {
              "batter": "LCA Toussaint",
              "bowler": "ASS Fletcher",
              "non_striker": "SA Campbelle",
              "runs": {
                "batter": 0,
                "extras": 0,
                "total": 0
              }
            },
            {
              "batter": "LCA Toussaint",
              "bowler": "ASS Fletcher",
              "non_striker": "SA Campbelle",
              "runs": {
                "batter": 0,
                "extras": 0,
                "total": 0
              }
            },
            {
              "batter": "LCA Toussaint",
              "bowler": "ASS Fletcher",
              "non_striker": "SA Campbelle",
              "runs": {
                "batter": 0,
                "extras": 0,
                "total": 0
              }
            },
            {
              "batter": "LCA Toussaint",
              "bowler": "ASS Fletcher",
              "non_striker": "SA Campbelle",
              "runs": {
                "batter": 0,
                "extras": 0,
                "total": 0
              }
            },
            {
              "batter": "LCA Toussaint",
              "bowler": "ASS Fletcher",
              "non_striker": "SA Campbelle",
              "runs": {
                "batter": 0,
                "extras": 0,
                "total": 0
              }
            }
          ]
        },
        {
          "over": 10,
          "deliveries": [
            {
              "batter": "SA Campbelle",
              "bowler": "J Glasgow",
              "non_striker": "LCA Toussaint",
              "runs": {
                "batter": 1,
                "extras": 0,
                "total": 1
              }
            },
            {
              "batter": "LCA Toussaint",
              "bowler": "J Glasgow",
              "non_striker": "SA Campbelle",
              "runs": {
                "batter": 0,
                "extras": 0,
                "total": 0
              }
            },
            {
              "batter": "LCA Toussaint",
              "bowler": "J Glasgow",
              "non_striker": "SA Campbelle",
              "runs": {
                "batter": 1,
                "extras": 0,
                "total": 1
              }
            },
            {
              "batter": "SA Campbelle",
              "bowler": "J Glasgow",
              "non_striker": "LCA Toussaint",
              "runs": {
                "batter": 4,
                "extras": 0,
                "total": 4
              }
            },
            {
              "batter": "SA Campbelle",
              "bowler": "J Glasgow",
              "non_striker": "LCA Toussaint",
              "runs": {
                "batter": 4,
                "extras": 0,
                "total": 4
              }
            },
            {
              "batter": "SA Campbelle",
              "bowler": "J Glasgow",
              "non_striker": "LCA Toussaint",
              "runs": {
                "batter": 1,
                "extras": 0,
                "total": 1
              }
            }
          ]
        },
        {
          "over": 11,
          "deliveries": [
            {
              "batter": "SA Campbelle",
              "bowler": "Q Joseph",
              "non_striker": "LCA Toussaint",
              "runs": {
                "batter": 0,
                "extras": 0,
                "total": 0
              }
            },
            {
              "batter": "SA Campbelle",
              "bowler": "Q Joseph",
              "non_striker": "LCA Toussaint",
              "runs": {
                "batter": 0,
                "extras": 0,
                "total": 0
              }
            },
            {
              "batter": "SA Campbelle",
              "bowler": "Q Joseph",
              "non_striker": "LCA Toussaint",
              "runs": {
                "batter": 1,
                "extras": 0,
                "total": 1
              }
            },
            {
              "batter": "LCA Toussaint",
              "bowler": "Q Joseph",
              "non_striker": "SA Campbelle",
              "runs": {
                "batter": 0,
                "extras": 0,
                "total": 0
              },
              "wickets": [
                {
                  "player_out": "LCA Toussaint",
                  "fielders": [
                    {
                      "name": "EG Turtin"
                    }
                  ],
                  "kind": "caught"
                }
              ]
            },
            {
              "batter": "S Gajnabi",
              "bowler": "Q Joseph",
              "non_striker": "SA Campbelle",
              "runs": {
                "batter": 0,
                "extras": 0,
                "total": 0
              }
            },
            {
              "batter": "S Gajnabi",
              "bowler": "Q Joseph",
              "non_striker": "SA Campbelle",
              "runs": {
                "batter": 0,
                "extras": 0,
                "total": 0
              }
            }
          ]
        },
        {
          "over": 12,
          "deliveries": [
            {
              "batter": "SA Campbelle",
              "bowler": "ASS Fletcher",
              "non_striker": "S Gajnabi",
              "runs": {
                "batter": 1,
                "extras": 0,
                "total": 1
              }
            },
            {
              "batter": "S Gajnabi",
              "bowler": "ASS Fletcher",
              "extras": {
                "wides": 4
              },
              "non_striker": "SA Campbelle",
              "runs": {
                "batter": 0,
                "extras": 4,
                "total": 4
              }
            },
            {
              "batter": "SA Campbelle",
              "bowler": "ASS Fletcher",
              "non_striker": "S Gajnabi",
              "runs": {
                "batter": 0,
                "extras": 0,
                "total": 0
              }
            },
            {
              "batter": "SA Campbelle",
              "bowler": "ASS Fletcher",
              "non_striker": "S Gajnabi",
              "runs": {
                "batter": 1,
                "extras": 0,
                "total": 1
              }
            },
            {
              "batter": "S Gajnabi",
              "bowler": "ASS Fletcher",
              "non_striker": "SA Campbelle",
              "runs": {
                "batter": 0,
                "extras": 0,
                "total": 0
              }
            },
            {
              "batter": "S Gajnabi",
              "bowler": "ASS Fletcher",
              "non_striker": "SA Campbelle",
              "runs": {
                "batter": 2,
                "extras": 0,
                "total": 2
              }
            },
            {
              "batter": "S Gajnabi",
              "bowler": "ASS Fletcher",
              "non_striker": "SA Campbelle",
              "runs": {
                "batter": 0,
                "extras": 0,
                "total": 0
              },
              "wickets": [
                {
                  "player_out": "S Gajnabi",
                  "kind": "bowled"
                }
              ]
            }
          ]
        },
        {
          "over": 13,
          "deliveries": [
            {
              "batter": "SA Campbelle",
              "bowler": "Q Joseph",
              "non_striker": "TD Smartt",
              "runs": {
                "batter": 0,
                "extras": 0,
                "total": 0
              }
            },
            {
              "batter": "SA Campbelle",
              "bowler": "Q Joseph",
              "non_striker": "TD Smartt",
              "runs": {
                "batter": 1,
                "extras": 0,
                "total": 1
              }
            },
            {
              "batter": "TD Smartt",
              "bowler": "Q Joseph",
              "non_striker": "SA Campbelle",
              "runs": {
                "batter": 0,
                "extras": 0,
                "total": 0
              }
            },
            {
              "batter": "TD Smartt",
              "bowler": "Q Joseph",
              "non_striker": "SA Campbelle",
              "runs": {
                "batter": 1,
                "extras": 0,
                "total": 1
              }
            },
            {
              "batter": "SA Campbelle",
              "bowler": "Q Joseph",
              "non_striker": "TD Smartt",
              "runs": {
                "batter": 4,
                "extras": 0,
                "total": 4
              }
            },
            {
              "batter": "SA Campbelle",
              "bowler": "Q Joseph",
              "non_striker": "TD Smartt",
              "runs": {
                "batter": 0,
                "extras": 0,
                "total": 0
              }
            }
          ]
        },
        {
          "over": 14,
          "deliveries": [
            {
              "batter": "TD Smartt",
              "bowler": "ASS Fletcher",
              "non_striker": "SA Campbelle",
              "runs": {
                "batter": 0,
                "extras": 0,
                "total": 0
              }
            },
            {
              "batter": "TD Smartt",
              "bowler": "ASS Fletcher",
              "non_striker": "SA Campbelle",
              "runs": {
                "batter": 1,
                "extras": 0,
                "total": 1
              }
            },
            {
              "batter": "SA Campbelle",
              "bowler": "ASS Fletcher",
              "non_striker": "TD Smartt",
              "runs": {
                "batter": 0,
                "extras": 0,
                "total": 0
              }
            },
            {
              "batter": "SA Campbelle",
              "bowler": "ASS Fletcher",
              "non_striker": "TD Smartt",
              "runs": {
                "batter": 1,
                "extras": 0,
                "total": 1
              }
            },
            {
              "batter": "TD Smartt",
              "bowler": "ASS Fletcher",
              "non_striker": "SA Campbelle",
              "runs": {
                "batter": 0,
                "extras": 0,
                "total": 0
              }
            },
            {
              "batter": "TD Smartt",
              "bowler": "ASS Fletcher",
              "non_striker": "SA Campbelle",
              "runs": {
                "batter": 4,
                "extras": 0,
                "total": 4
              }
            }
          ]
        },
        {
          "over": 15,
          "deliveries": [
            {
              "batter": "SA Campbelle",
              "bowler": "PS Etienne",
              "non_striker": "TD Smartt",
              "runs": {
                "batter": 1,
                "extras": 0,
                "total": 1
              }
            },
            {
              "batter": "TD Smartt",
              "bowler": "PS Etienne",
              "non_striker": "SA Campbelle",
              "runs": {
                "batter": 1,
                "extras": 0,
                "total": 1
              }
            },
            {
              "batter": "SA Campbelle",
              "bowler": "PS Etienne",
              "non_striker": "TD Smartt",
              "runs": {
                "batter": 1,
                "extras": 0,
                "total": 1
              }
            },
            {
              "batter": "TD Smartt",
              "bowler": "PS Etienne",
              "extras": {
                "legbyes": 1
              },
              "non_striker": "SA Campbelle",
              "runs": {
                "batter": 0,
                "extras": 1,
                "total": 1
              }
            },
            {
              "batter": "SA Campbelle",
              "bowler": "PS Etienne",
              "non_striker": "TD Smartt",
              "runs": {
                "batter": 1,
                "extras": 0,
                "total": 1
              }
            },
            {
              "batter": "TD Smartt",
              "bowler": "PS Etienne",
              "non_striker": "SA Campbelle",
              "runs": {
                "batter": 1,
                "extras": 0,
                "total": 1
              }
            }
          ]
        },
        {
          "over": 16,
          "deliveries": [
            {
              "batter": "TD Smartt",
              "bowler": "C Noel",
              "non_striker": "SA Campbelle",
              "runs": {
                "batter": 4,
                "extras": 0,
                "total": 4
              }
            },
            {
              "batter": "TD Smartt",
              "bowler": "C Noel",
              "non_striker": "SA Campbelle",
              "runs": {
                "batter": 0,
                "extras": 0,
                "total": 0
              }
            },
            {
              "batter": "TD Smartt",
              "bowler": "C Noel",
              "extras": {
                "wides": 1
              },
              "non_striker": "SA Campbelle",
              "runs": {
                "batter": 0,
                "extras": 1,
                "total": 1
              }
            },
            {
              "batter": "TD Smartt",
              "bowler": "C Noel",
              "non_striker": "SA Campbelle",
              "runs": {
                "batter": 1,
                "extras": 0,
                "total": 1
              }
            }
          ]
        }
      ],
      "powerplays": [
        {
          "from": 0.1,
          "to": 5.9,
          "type": "mandatory"
        }
      ]
    }
  ]
}