{
  "meta": {
    "data_version": "1.1.0",
    "created": "2022-07-30",
    "revision": 1
  },
  "info": {
    "balls_per_over": 6,
    "dates": [
      "2019-03-29"
    ],
    "event": {
      "name": "Women's T20 Blaze"
    },
    "gender": "female",
    "match_type": "T20",
    "missing": [
      {
        "powerplays": {
          "1": [
            "mandatory"
          ],
          "2": [
            "mandatory"
          ]
        }
      }
    ],
    "officials": {
      "umpires": [
        "B Joseph",
        "Ryan Willoughby"
      ]
    },
    "outcome": {
      "winner": "Trinidad and Tobago",
      "by": {
        "wickets": 7
      },
      "method": "D/L"
    },
    "overs": 20,
    "players": {
      "Trinidad and Tobago": [
        "SACA King",
        "LAGL Kirby",
        "B Cooper",
        "R Vincent",
        "R Boyce",
        "MR Aguilleira",
        "C Isaac",
        "A Mohammed",
        "L Ramdeen",
        "K Ramharack",
        "F Walters"
      ],
      "Windward Islands": [
        "CP Jack",
        "SN Adams",
        "JB Nero",
        "ASS Fletcher",
        "AK Peters",
        "NK Crafton",
        "PS Etienne",
        "K Homer",
        "Q Joseph",
        "C Noel",
        "EG Turtin"
      ]
    },
    "registry": {
      "people": {
        "A Mohammed": "a49985e6",
        "AK Peters": "badd245f",
        "ASS Fletcher": "42d9dd09",
        "B Cooper": "ac0edb42",
        "B Joseph": "b77d2322",
        "C Isaac": "f9258912",
        "C Noel": "83848df7",
        "CP Jack": "32a32368",
        "EG Turtin": "dadccb0e",
        "F Walters": "2d42b539",
        "JB Nero": "7bf606c6",
        "K Homer": "4dae1243",
        "K Ramharack": "321c980e",
        "L Ramdeen": "632fbfbc",
        "LAGL Kirby": "fe6d2da9",
        "MR Aguilleira": "4e7aa570",
        "NK Crafton": "6fa7dcd8",
        "PS Etienne": "5fab5186",
        "Q Joseph": "d6164dc0",
        "R Boyce": "98d4cb14",
        "R Vincent": "3431c12e",
        "Ryan Willoughby": "ae172431",
        "SACA King": "77851c2d",
        "SN Adams": "5b61afae"
      }
    },
    "season": "2018/19",
    "team_type": "club",
    "teams": [
      "Trinidad and Tobago",
      "Windward Islands"
    ],
    "toss": {
      "decision": "bat",
      "winner": "Windward Islands"
    },
    "venue": "Guyana National Stadium, Providence"
  },
  "innings": [
    {
      "team": "Windward Islands",
      "overs": [
        {
          "over": 0,
          "deliveries": [
            {
              "batter": "CP Jack",
              "bowler": "C Isaac",
              "non_striker": "SN Adams",
              "runs": {
                "batter": 1,
                "extras": 0,
                "total": 1
              }
            },
            {
              "batter": "SN Adams",
              "bowler": "C Isaac",
              "non_striker": "CP Jack",
              "runs": {
                "batter": 0,
                "extras": 0,
                "total": 0
              }
            },
            {
              "batter": "SN Adams",
              "bowler": "C Isaac",
              "non_striker": "CP Jack",
              "runs": {
                "batter": 1,
                "extras": 0,
                "total": 1
              }
            },
            {
              "batter": "CP Jack",
              "bowler": "C Isaac",
              "non_striker": "SN Adams",
              "runs": {
                "batter": 0,
                "extras": 0,
                "total": 0
              }
            },
            {
              "batter": "CP Jack",
              "bowler": "C Isaac",
              "non_striker": "SN Adams",
              "runs": {
                "batter": 0,
                "extras": 0,
                "total": 0
              }
            },
            {
              "batter": "CP Jack",
              "bowler": "C Isaac",
              "non_striker": "SN Adams",
              "runs": {
                "batter": 1,
                "extras": 0,
                "total": 1
              }
            }
          ]
        },
        {
          "over": 1,
          "deliveries": [
            {
              "batter": "CP Jack",
              "bowler": "A Mohammed",
              "non_striker": "SN Adams",
              "runs": {
                "batter": 1,
                "extras": 0,
                "total": 1
              }
            },
            {
              "batter": "SN Adams",
              "bowler": "A Mohammed",
              "non_striker": "CP Jack",
              "runs": {
                "batter": 1,
                "extras": 0,
                "total": 1
              }
            },
            {
              "batter": "CP Jack",
              "bowler": "A Mohammed",
              "non_striker": "SN Adams",
              "runs": {
                "batter": 0,
                "extras": 0,
                "total": 0
              }
            },
            {
              "batter": "CP Jack",
              "bowler": "A Mohammed",
              "non_striker": "SN Adams",
              "runs": {
                "batter": 0,
                "extras": 0,
                "total": 0
              }
            },
            {
              "batter": "CP Jack",
              "bowler": "A Mohammed",
              "non_striker": "SN Adams",
              "runs": {
                "batter": 1,
                "extras": 0,
                "total": 1
              }
            },
            {
              "batter": "SN Adams",
              "bowler": "A Mohammed",
              "non_striker": "CP Jack",
              "runs": {
                "batter": 1,
                "extras": 0,
                "total": 1
              }
            }
          ]
        },
        {
          "over": 2,
          "deliveries": [
            {
              "batter": "SN Adams",
              "bowler": "C Isaac",
              "non_striker": "CP Jack",
              "runs": {
                "batter": 1,
                "extras": 0,
                "total": 1
              }
            },
            {
              "batter": "CP Jack",
              "bowler": "C Isaac",
              "non_striker": "SN Adams",
              "runs": {
                "batter": 4,
                "extras": 0,
                "total": 4
              }
            },
            {
              "batter": "CP Jack",
              "bowler": "C Isaac",
              "non_striker": "SN Adams",
              "runs": {
                "batter": 4,
                "extras": 0,
                "total": 4
              }
            },
            {
              "batter": "CP Jack",
              "bowler": "C Isaac",
              "non_striker": "SN Adams",
              "runs": {
                "batter": 0,
                "extras": 0,
                "total": 0
              }
            },
            {
              "batter": "CP Jack",
              "bowler": "C Isaac",
              "non_striker": "SN Adams",
              "runs": {
                "batter": 0,
                "extras": 0,
                "total": 0
              }
            },
            {
              "batter": "CP Jack",
              "bowler": "C Isaac",
              "non_striker": "SN Adams",
              "runs": {
                "batter": 0,
                "extras": 0,
                "total": 0
              }
            }
          ]
        },
        {
          "over": 3,
          "deliveries": [
            {
              "batter": "SN Adams",
              "bowler": "A Mohammed",
              "non_striker": "CP Jack",
              "runs": {
                "batter": 0,
                "extras": 0,
                "total": 0
              }
            },
            {
              "batter": "SN Adams",
              "bowler": "A Mohammed",
              "non_striker": "CP Jack",
              "runs": {
                "batter": 1,
                "extras": 0,
                "total": 1
              }
            },
            {
              "batter": "CP Jack",
              "bowler": "A Mohammed",
              "non_striker": "SN Adams",
              "runs": {
                "batter": 0,
                "extras": 0,
                "total": 0
              },
              "wickets": [
                {
                  "player_out": "CP Jack",
                  "kind": "bowled"
                }
              ]
            },
            {
              "batter": "JB Nero",
              "bowler": "A Mohammed",
              "non_striker": "SN Adams",
              "runs": {
                "batter": 0,
                "extras": 0,
                "total": 0
              }
            },
            {
              "batter": "JB Nero",
              "bowler": "A Mohammed",
              "non_striker": "SN Adams",
              "runs": {
                "batter": 4,
                "extras": 0,
                "total": 4
              }
            },
            {
              "batter": "JB Nero",
              "bowler": "A Mohammed",
              "non_striker": "SN Adams",
              "runs": {
                "batter": 0,
                "extras": 0,
                "total": 0
              }
            }
          ]
        },
        {
          "over": 4,
          "deliveries": [
            {
              "batter": "SN Adams",
              "bowler": "K Ramharack",
              "non_striker": "JB Nero",
              "runs": {
                "batter": 4,
                "extras": 0,
                "total": 4
              }
            },
            {
              "batter": "SN Adams",
              "bowler": "K Ramharack",
              "non_striker": "JB Nero",
              "runs": {
                "batter": 0,
                "extras": 0,
                "total": 0
              }
            },
            {
              "batter": "SN Adams",
              "bowler": "K Ramharack",
              "non_striker": "JB Nero",
              "runs": {
                "batter": 2,
                "extras": 0,
                "total": 2
              }
            },
            {
              "batter": "SN Adams",
              "bowler": "K Ramharack",
              "non_striker": "JB Nero",
              "runs": {
                "batter": 1,
                "extras": 0,
                "total": 1
              }
            },
            {
              "batter": "JB Nero",
              "bowler": "K Ramharack",
              "non_striker": "SN Adams",
              "runs": {
                "batter": 1,
                "extras": 0,
                "total": 1
              }
            },
            {
              "batter": "SN Adams",
              "bowler": "K Ramharack",
              "non_striker": "JB Nero",
              "runs": {
                "batter": 1,
                "extras": 0,
                "total": 1
              }
            }
          ]
        },
        {
          "over": 5,
          "deliveries": [
            {
              "batter": "SN Adams",
              "bowler": "F Walters",
              "non_striker": "JB Nero",
              "runs": {
                "batter": 1,
                "extras": 0,
                "total": 1
              }
            },
            {
              "batter": "JB Nero",
              "bowler": "F Walters",
              "non_striker": "SN Adams",
              "runs": {
                "batter": 0,
                "extras": 0,
                "total": 0
              }
            },
            {
              "batter": "JB Nero",
              "bowler": "F Walters",
              "non_striker": "SN Adams",
              "runs": {
                "batter": 0,
                "extras": 0,
                "total": 0
              }
            },
            {
              "batter": "JB Nero",
              "bowler": "F Walters",
              "non_striker": "SN Adams",
              "runs": {
                "batter": 1,
                "extras": 0,
                "total": 1
              }
            },
            {
              "batter": "SN Adams",
              "bowler": "F Walters",
              "non_striker": "JB Nero",
              "runs": {
                "batter": 0,
                "extras": 0,
                "total": 0
              },
              "wickets": [
                {
                  "player_out": "SN Adams",
                  "fielders": [
                    {
                      "name": "MR Aguilleira"
                    }
                  ],
                  "kind": "stumped"
                }
              ]
            },
            {
              "batter": "ASS Fletcher",
              "bowler": "F Walters",
              "non_striker": "JB Nero",
              "runs": {
                "batter": 0,
                "extras": 0,
                "total": 0
              }
            }
          ]
        },
        {
          "over": 6,
          "deliveries": [
            {
              "batter": "JB Nero",
              "bowler": "SACA King",
              "non_striker": "ASS Fletcher",
              "runs": {
                "batter": 0,
                "extras": 0,
                "total": 0
              }
            },
            {
              "batter": "JB Nero",
              "bowler": "SACA King",
              "non_striker": "ASS Fletcher",
              "runs": {
                "batter": 1,
                "extras": 0,
                "total": 1
              }
            },
            {
              "batter": "ASS Fletcher",
              "bowler": "SACA King",
              "non_striker": "JB Nero",
              "runs": {
                "batter": 1,
                "extras": 0,
                "total": 1
              }
            },
            {
              "batter": "JB Nero",
              "bowler": "SACA King",
              "non_striker": "ASS Fletcher",
              "runs": {
                "batter": 1,
                "extras": 0,
                "total": 1
              }
            },
            {
              "batter": "ASS Fletcher",
              "bowler": "SACA King",
              "non_striker": "JB Nero",
              "runs": {
                "batter": 2,
                "extras": 0,
                "total": 2
              }
            },
            {
              "batter": "ASS Fletcher",
              "bowler": "SACA King",
              "non_striker": "JB Nero",
              "runs": {
                "batter": 4,
                "extras": 0,
                "total": 4
              }
            }
          ]
        },
        {
          "over": 7,
          "deliveries": [
            {
              "batter": "JB Nero",
              "bowler": "F Walters",
              "non_striker": "ASS Fletcher",
              "runs": {
                "batter": 2,
                "extras": 0,
                "total": 2
              }
            },
            {
              "batter": "JB Nero",
              "bowler": "F Walters",
              "non_striker": "ASS Fletcher",
              "runs": {
                "batter": 1,
                "extras": 0,
                "total": 1
              }
            },
            {
              "batter": "ASS Fletcher",
              "bowler": "F Walters",
              "non_striker": "JB Nero",
              "runs": {
                "batter": 1,
                "extras": 0,
                "total": 1
              }
            },
            {
              "batter": "JB Nero",
              "bowler": "F Walters",
              "non_striker": "ASS Fletcher",
              "runs": {
                "batter": 1,
                "extras": 0,
                "total": 1
              }
            },
            {
              "batter": "ASS Fletcher",
              "bowler": "F Walters",
              "non_striker": "JB Nero",
              "runs": {
                "batter": 1,
                "extras": 0,
                "total": 1
              }
            },
            {
              "batter": "JB Nero",
              "bowler": "F Walters",
              "non_striker": "ASS Fletcher",
              "runs": {
                "batter": 1,
                "extras": 0,
                "total": 1
              }
            }
          ]
        },
        {
          "over": 8,
          "deliveries": [
            {
              "batter": "JB Nero",
              "bowler": "L Ramdeen",
              "non_striker": "ASS Fletcher",
              "runs": {
                "batter": 0,
                "extras": 0,
                "total": 0
              }
            },
            {
              "batter": "JB Nero",
              "bowler": "L Ramdeen",
              "non_striker": "ASS Fletcher",
              "runs": {
                "batter": 0,
                "extras": 0,
                "total": 0
              }
            },
            {
              "batter": "JB Nero",
              "bowler": "L Ramdeen",
              "non_striker": "ASS Fletcher",
              "runs": {
                "batter": 4,
                "extras": 0,
                "total": 4
              }
            },
            {
              "batter": "JB Nero",
              "bowler": "L Ramdeen",
              "non_striker": "ASS Fletcher",
              "runs": {
                "batter": 0,
                "extras": 0,
                "total": 0
              }
            },
            {
              "batter": "JB Nero",
              "bowler": "L Ramdeen",
              "non_striker": "ASS Fletcher",
              "runs": {
                "batter": 1,
                "extras": 0,
                "total": 1
              }
            },
            {
              "batter": "ASS Fletcher",
              "bowler": "L Ramdeen",
              "non_striker": "JB Nero",
              "runs": {
                "batter": 0,
                "extras": 0,
                "total": 0
              }
            }
          ]
        },
        {
          "over": 9,
          "deliveries": [
            {
              "batter": "JB Nero",
              "bowler": "F Walters",
              "non_striker": "ASS Fletcher",
              "runs": {
                "batter": 1,
                "extras": 0,
                "total": 1
              }
            },
            {
              "batter": "ASS Fletcher",
              "bowler": "F Walters",
              "non_striker": "JB Nero",
              "runs": {
                "batter": 4,
                "extras": 0,
                "total": 4
              }
            },
            {
              "batter": "ASS Fletcher",
              "bowler": "F Walters",
              "non_striker": "JB Nero",
              "runs": {
                "batter": 0,
                "extras": 0,
                "total": 0
              },
              "wickets": [
                {
                  "player_out": "ASS Fletcher",
                  "kind": "bowled"
                }
              ]
            },
            {
              "batter": "AK Peters",
              "bowler": "F Walters",
              "non_striker": "JB Nero",
              "runs": {
                "batter": 1,
                "extras": 0,
                "total": 1
              }
            }
          ]
        }
      ]
    },
    {
      "team": "Trinidad and Tobago",
      "overs": [
        {
          "over": 0,
          "deliveries": [
            {
              "batter": "SACA King",
              "bowler": "PS Etienne",
              "non_striker": "LAGL Kirby",
              "runs": {
                "batter": 4,
                "extras": 0,
                "total": 4
              }
            },
            {
              "batter": "SACA King",
              "bowler": "PS Etienne",
              "non_striker": "LAGL Kirby",
              "runs": {
                "batter": 4,
                "extras": 0,
                "total": 4
              }
            },
            {
              "batter": "SACA King",
              "bowler": "PS Etienne",
              "non_striker": "LAGL Kirby",
              "runs": {
                "batter": 2,
                "extras": 0,
                "total": 2
              }
            },
            {
              "batter": "SACA King",
              "bowler": "PS Etienne",
              "non_striker": "LAGL Kirby",
              "runs": {
                "batter": 1,
                "extras": 0,
                "total": 1
              }
            },
            {
              "batter": "LAGL Kirby",
              "bowler": "PS Etienne",
              "non_striker": "SACA King",
              "runs": {
                "batter": 1,
                "extras": 0,
                "total": 1
              }
            },
            {
              "batter": "SACA King",
              "bowler": "PS Etienne",
              "non_striker": "LAGL Kirby",
              "runs": {
                "batter": 0,
                "extras": 0,
                "total": 0
              }
            }
          ]
        },
        {
          "over": 1,
          "deliveries": [
            {
              "batter": "LAGL Kirby",
              "bowler": "AK Peters",
              "non_striker": "SACA King",
              "runs": {
                "batter": 1,
                "extras": 0,
                "total": 1
              }
            },
            {
              "batter": "SACA King",
              "bowler": "AK Peters",
              "non_striker": "LAGL Kirby",
              "runs": {
                "batter": 1,
                "extras": 0,
                "total": 1
              }
            },
            {
              "batter": "LAGL Kirby",
              "bowler": "AK Peters",
              "non_striker": "SACA King",
              "runs": {
                "batter": 1,
                "extras": 0,
                "total": 1
              }
            },
            {
              "batter": "SACA King",
              "bowler": "AK Peters",
              "non_striker": "LAGL Kirby",
              "runs": {
                "batter": 4,
                "extras": 0,
                "total": 4
              }
            },
            {
              "batter": "SACA King",
              "bowler": "AK Peters",
              "non_striker": "LAGL Kirby",
              "runs": {
                "batter": 1,
                "extras": 0,
                "total": 1
              }
            },
            {
              "batter": "LAGL Kirby",
              "bowler": "AK Peters",
              "non_striker": "SACA King",
              "runs": {
                "batter": 2,
                "extras": 0,
                "total": 2
              }
            }
          ]
        },
        {
          "over": 2,
          "deliveries": [
            {
              "batter": "SACA King",
              "bowler": "ASS Fletcher",
              "non_striker": "LAGL Kirby",
              "runs": {
                "batter": 1,
                "extras": 0,
                "total": 1
              }
            },
            {
              "batter": "LAGL Kirby",
              "bowler": "ASS Fletcher",
              "non_striker": "SACA King",
              "runs": {
                "batter": 0,
                "extras": 0,
                "total": 0
              }
            },
            {
              "batter": "LAGL Kirby",
              "bowler": "ASS Fletcher",
              "non_striker": "SACA King",
              "runs": {
                "batter": 0,
                "extras": 0,
                "total": 0
              },
              "wickets": [
                {
                  "player_out": "LAGL Kirby",
                  "kind": "lbw"
                }
              ]
            },
            {
              "batter": "B Cooper",
              "bowler": "ASS Fletcher",
              "non_striker": "SACA King",
              "runs": {
                "batter": 1,
                "extras": 0,
                "total": 1
              }
            },
            {
              "batter": "SACA King",
              "bowler": "ASS Fletcher",
              "non_striker": "B Cooper",
              "runs": {
                "batter": 1,
                "extras": 0,
                "total": 1
              }
            },
            {
              "batter": "B Cooper",
              "bowler": "ASS Fletcher",
              "non_striker": "SACA King",
              "runs": {
                "batter": 0,
                "extras": 0,
                "total": 0
              }
            }
          ]
        },
        {
          "over": 3,
          "deliveries": [
            {
              "batter": "SACA King",
              "bowler": "AK Peters",
              "non_striker": "B Cooper",
              "runs": {
                "batter": 1,
                "extras": 0,
                "total": 1
              }
            },
            {
              "batter": "B Cooper",
              "bowler": "AK Peters",
              "non_striker": "SACA King",
              "runs": {
                "batter": 4,
                "extras": 0,
                "total": 4
              }
            },
            {
              "batter": "B Cooper",
              "bowler": "AK Peters",
              "non_striker": "SACA King",
              "runs": {
                "batter": 0,
                "extras": 0,
                "total": 0
              }
            },
            {
              "batter": "B Cooper",
              "bowler": "AK Peters",
              "extras": {
                "wides": 1
              },
              "non_striker": "SACA King",
              "runs": {
                "batter": 0,
                "extras": 1,
                "total": 1
              }
            },
            {
              "batter": "B Cooper",
              "bowler": "AK Peters",
              "non_striker": "SACA King",
              "runs": {
                "batter": 1,
                "extras": 0,
                "total": 1
              }
            },
            {
              "batter": "SACA King",
              "bowler": "AK Peters",
              "non_striker": "B Cooper",
              "runs": {
                "batter": 1,
                "extras": 0,
                "total": 1
              }
            },
            {
              "batter": "B Cooper",
              "bowler": "AK Peters",
              "non_striker": "SACA King",
              "runs": {
                "batter": 0,
                "extras": 0,
                "total": 0
              }
            }
          ]
        },
        {
          "over": 4,
          "deliveries": [
            {
              "batter": "SACA King",
              "bowler": "ASS Fletcher",
              "non_striker": "B Cooper",
              "runs": {
                "batter": 1,
                "extras": 0,
                "total": 1
              }
            },
            {
              "batter": "B Cooper",
              "bowler": "ASS Fletcher",
              "non_striker": "SACA King",
              "runs": {
                "batter": 1,
                "extras": 0,
                "total": 1
              }
            },
            {
              "batter": "SACA King",
              "bowler": "ASS Fletcher",
              "non_striker": "B Cooper",
              "runs": {
                "batter": 2,
                "extras": 0,
                "total": 2
              }
            },
            {
              "batter": "SACA King",
              "bowler": "ASS Fletcher",
              "non_striker": "B Cooper",
              "runs": {
                "batter": 0,
                "extras": 0,
                "total": 0
              }
            },
            {
              "batter": "SACA King",
              "bowler": "ASS Fletcher",
              "non_striker": "B Cooper",
              "runs": {
                "batter": 1,
                "extras": 0,
                "total": 1
              }
            },
            {
              "batter": "B Cooper",
              "bowler": "ASS Fletcher",
              "non_striker": "SACA King",
              "runs": {
                "batter": 2,
                "extras": 0,
                "total": 2
              }
            }
          ]
        },
        {
          "over": 5,
          "deliveries": [
            {
              "batter": "SACA King",
              "bowler": "CP Jack",
              "non_striker": "B Cooper",
              "runs": {
                "batter": 0,
                "extras": 0,
                "total": 0
              },
              "wickets": [
                {
                  "player_out": "SACA King",
                  "kind": "bowled"
                }
              ]
            },
            {
              "batter": "R Vincent",
              "bowler": "CP Jack",
              "non_striker": "B Cooper",
              "runs": {
                "batter": 0,
                "extras": 0,
                "total": 0
              }
            },
            {
              "batter": "R Vincent",
              "bowler": "CP Jack",
              "non_striker": "B Cooper",
              "runs": {
                "batter": 1,
                "extras": 0,
                "total": 1
              }
            },
            {
              "batter": "B Cooper",
              "bowler": "CP Jack",
              "non_striker": "R Vincent",
              "runs": {
                "batter": 0,
                "extras": 0,
                "total": 0
              }
            },
            {
              "batter": "B Cooper",
              "bowler": "CP Jack",
              "non_striker": "R Vincent",
              "runs": {
                "batter": 6,
                "extras": 0,
                "total": 6
              }
            },
            {
              "batter": "B Cooper",
              "bowler": "CP Jack",
              "non_striker": "R Vincent",
              "runs": {
                "batter": 1,
                "extras": 0,
                "total": 1
              }
            }
          ]
        },
        {
          "over": 6,
          "deliveries": [
            {
              "batter": "B Cooper",
              "bowler": "Q Joseph",
              "non_striker": "R Vincent",
              "runs": {
                "batter": 0,
                "extras": 0,
                "total": 0
              }
            },
            {
              "batter": "B Cooper",
              "bowler": "Q Joseph",
              "non_striker": "R Vincent",
              "runs": {
                "batter": 0,
                "extras": 0,
                "total": 0
              },
              "wickets": [
                {
                  "player_out": "R Vincent",
                  "fielders": [
                    {
                      "name": "Q Joseph"
                    }
                  ],
                  "kind": "run out"
                }
              ]
            },
            {
              "batter": "B Cooper",
              "bowler": "Q Joseph",
              "non_striker": "R Boyce",
              "runs": {
                "batter": 1,
                "extras": 0,
                "total": 1
              }
            },
            {
              "batter": "R Boyce",
              "bowler": "Q Joseph",
              "non_striker": "B Cooper",
              "runs": {
                "batter": 0,
                "extras": 0,
                "total": 0
              }
            },
            {
              "batter": "R Boyce",
              "bowler": "Q Joseph",
              "non_striker": "B Cooper",
              "runs": {
                "batter": 1,
                "extras": 0,
                "total": 1
              }
            },
            {
              "batter": "B Cooper",
              "bowler": "Q Joseph",
              "non_striker": "R Boyce",
              "runs": {
                "batter": 2,
                "extras": 0,
                "total": 2
              }
            }
          ]
        },
        {
          "over": 7,
          "deliveries": [
            {
              "batter": "R Boyce",
              "bowler": "CP Jack",
              "non_striker": "B Cooper",
              "runs": {
                "batter": 4,
                "extras": 0,
                "total": 4
              }
            },
            {
              "batter": "R Boyce",
              "bowler": "CP Jack",
              "non_striker": "B Cooper",
              "runs": {
                "batter": 1,
                "extras": 0,
                "total": 1
              }
            },
            {
              "batter": "B Cooper",
              "bowler": "CP Jack",
              "non_striker": "R Boyce",
              "runs": {
                "batter": 0,
                "extras": 0,
                "total": 0
              }
            },
            {
              "batter": "B Cooper",
              "bowler": "CP Jack",
              "non_striker": "R Boyce",
              "runs": {
                "batter": 0,
                "extras": 0,
                "total": 0
              }
            },
            {
              "batter": "B Cooper",
              "bowler": "CP Jack",
              "non_striker": "R Boyce",
              "runs": {
                "batter": 1,
                "extras": 0,
                "total": 1
              }
            }
          ]
        }
      ]
    }
  ]
}