{
  "meta": {
    "data_version": "1.1.0",
    "created": "2022-07-25",
    "revision": 1
  },
  "info": {
    "balls_per_over": 6,
    "dates": [
      "2022-06-07"
    ],
    "event": {
      "name": "T20 Blaze"
    },
    "gender": "female",
    "match_type": "T20",
    "officials": {
      "umpires": [
        "N Shivsankar",
        "JM Williams"
      ]
    },
    "outcome": {
      "winner": "Jamaica",
      "by": {
        "runs": 78
      }
    },
    "overs": 20,
    "players": {
      "Jamaica": [
        "SR Taylor",
        "RS Williams",
        "TR Sanford",
        "NY McLean",
        "JN Morgan",
        "VN Watts",
        "NA Waisome",
        "CA Henry",
        "JE Walcott",
        "C Howell",
        "CN Nation"
      ],
      "Trinidad and Tobago": [
        "A Mohammed",
        "LAGL Kirby",
        "B Cooper",
        "C Isaac",
        "K Ragoobar",
        "K Ramharack",
        "KN Alexander",
        "R Vincent",
        "R Boyce",
        "S Lord",
        "S Soogrim"
      ]
    },
    "registry": {
      "people": {
        "A Mohammed": "a49985e6",
        "B Cooper": "ac0edb42",
        "C Howell": "75a667c0",
        "C Isaac": "f9258912",
        "CA Henry": "75820733",
        "CN Nation": "639000b6",
        "JE Walcott": "24baff57",
        "JM Williams": "b61d9d70",
        "JN Morgan": "7bf610f3",
        "K Ragoobar": "c9ec83dd",
        "K Ramharack": "321c980e",
        "KN Alexander": "96b95cb8",
        "LAGL Kirby": "fe6d2da9",
        "N Shivsankar": "c3b9d654",
        "NA Waisome": "a45db27e",
        "NY McLean": "1d39dc61",
        "R Boyce": "98d4cb14",
        "R Vincent": "3431c12e",
        "RS Williams": "406de451",
        "S Lord": "14a2088d",
        "S Soogrim": "00547789",
        "SR Taylor": "92cf79a8",
        "TR Sanford": "7ca6154f",
        "VN Watts": "2c41bdab"
      }
    },
    "season": "2022",
    "team_type": "club",
    "teams": [
      "Jamaica",
      "Trinidad and Tobago"
    ],
    "toss": {
      "decision": "bat",
      "winner": "Jamaica"
    },
    "venue": "Guyana National Stadium, Providence"
  },
  "innings": [
    {
      "team": "Jamaica",
      "overs": [
        {
          "over": 0,
          "deliveries": [
            {
              "batter": "NY McLean",
              "bowler": "KN Alexander",
              "non_striker": "RS Williams",
              "runs": {
                "batter": 0,
                "extras": 0,
                "total": 0
              }
            },
            {
              "batter": "NY McLean",
              "bowler": "KN Alexander",
              "non_striker": "RS Williams",
              "runs": {
                "batter": 0,
                "extras": 0,
                "total": 0
              }
            },
            {
              "batter": "NY McLean",
              "bowler": "KN Alexander",
              "non_striker": "RS Williams",
              "runs": {
                "batter": 4,
                "extras": 0,
                "total": 4
              }
            },
            {
              "batter": "NY McLean",
              "bowler": "KN Alexander",
              "non_striker": "RS Williams",
              "runs": {
                "batter": 4,
                "extras": 0,
                "total": 4
              }
            },
            {
              "batter": "NY McLean",
              "bowler": "KN Alexander",
              "non_striker": "RS Williams",
              "runs": {
                "batter": 1,
                "extras": 0,
                "total": 1
              }
            },
            {
              "batter": "RS Williams",
              "bowler": "KN Alexander",
              "non_striker": "NY McLean",
              "runs": {
                "batter": 0,
                "extras": 0,
                "total": 0
              }
            }
          ]
        },
        {
          "over": 1,
          "deliveries": [
            {
              "batter": "NY McLean",
              "bowler": "K Ramharack",
              "non_striker": "RS Williams",
              "runs": {
                "batter": 0,
                "extras": 0,
                "total": 0
              }
            },
            {
              "batter": "NY McLean",
              "bowler": "K Ramharack",
              "non_striker": "RS Williams",
              "runs": {
                "batter": 0,
                "extras": 0,
                "total": 0
              }
            },
            {
              "batter": "NY McLean",
              "bowler": "K Ramharack",
              "non_striker": "RS Williams",
              "runs": {
                "batter": 0,
                "extras": 0,
                "total": 0
              }
            },
            {
              "batter": "NY McLean",
              "bowler": "K Ramharack",
              "non_striker": "RS Williams",
              "runs": {
                "batter": 0,
                "extras": 0,
                "total": 0
              }
            },
            {
              "batter": "NY McLean",
              "bowler": "K Ramharack",
              "non_striker": "RS Williams",
              "runs": {
                "batter": 0,
                "extras": 0,
                "total": 0
              }
            },
            {
              "batter": "NY McLean",
              "bowler": "K Ramharack",
              "non_striker": "RS Williams",
              "runs": {
                "batter": 3,
                "extras": 0,
                "total": 3
              }
            }
          ]
        },
        {
          "over": 2,
          "deliveries": [
            {
              "batter": "NY McLean",
              "bowler": "C Isaac",
              "non_striker": "RS Williams",
              "runs": {
                "batter": 4,
                "extras": 0,
                "total": 4
              }
            },
            {
              "batter": "NY McLean",
              "bowler": "C Isaac",
              "non_striker": "RS Williams",
              "runs": {
                "batter": 0,
                "extras": 0,
                "total": 0
              }
            },
            {
              "batter": "NY McLean",
              "bowler": "C Isaac",
              "non_striker": "RS Williams",
              "runs": {
                "batter": 1,
                "extras": 0,
                "total": 1
              }
            },
            {
              "batter": "RS Williams",
              "bowler": "C Isaac",
              "non_striker": "NY McLean",
              "runs": {
                "batter": 0,
                "extras": 0,
                "total": 0
              }
            },
            {
              "batter": "RS Williams",
              "bowler": "C Isaac",
              "non_striker": "NY McLean",
              "runs": {
                "batter": 0,
                "extras": 0,
                "total": 0
              }
            },
            {
              "batter": "RS Williams",
              "bowler": "C Isaac",
              "non_striker": "NY McLean",
              "runs": {
                "batter": 0,
                "extras": 0,
                "total": 0
              }
            }
          ]
        },
        {
          "over": 3,
          "deliveries": [
            {
              "batter": "NY McLean",
              "bowler": "K Ramharack",
              "non_striker": "RS Williams",
              "runs": {
                "batter": 0,
                "extras": 0,
                "total": 0
              }
            },
            {
              "batter": "NY McLean",
              "bowler": "K Ramharack",
              "non_striker": "RS Williams",
              "runs": {
                "batter": 1,
                "extras": 0,
                "total": 1
              }
            },
            {
              "batter": "RS Williams",
              "bowler": "K Ramharack",
              "non_striker": "NY McLean",
              "runs": {
                "batter": 2,
                "extras": 0,
                "total": 2
              }
            },
            {
              "batter": "RS Williams",
              "bowler": "K Ramharack",
              "non_striker": "NY McLean",
              "runs": {
                "batter": 0,
                "extras": 0,
                "total": 0
              }
            },
            {
              "batter": "RS Williams",
              "bowler": "K Ramharack",
              "non_striker": "NY McLean",
              "runs": {
                "batter": 4,
                "extras": 0,
                "total": 4
              }
            },
            {
              "batter": "RS Williams",
              "bowler": "K Ramharack",
              "non_striker": "NY McLean",
              "runs": {
                "batter": 2,
                "extras": 0,
                "total": 2
              }
            }
          ]
        },
        {
          "over": 4,
          "deliveries": [
            {
              "batter": "NY McLean",
              "bowler": "C Isaac",
              "non_striker": "RS Williams",
              "runs": {
                "batter": 0,
                "extras": 0,
                "total": 0
              }
            },
            {
              "batter": "NY McLean",
              "bowler": "C Isaac",
              "non_striker": "RS Williams",
              "runs": {
                "batter": 0,
                "extras": 0,
                "total": 0
              }
            },
            {
              "batter": "NY McLean",
              "bowler": "C Isaac",
              "non_striker": "RS Williams",
              "runs": {
                "batter": 1,
                "extras": 0,
                "total": 1
              }
            },
            {
              "batter": "RS Williams",
              "bowler": "C Isaac",
              "non_striker": "NY McLean",
              "runs": {
                "batter": 2,
                "extras": 0,
                "total": 2
              }
            },
            {
              "batter": "RS Williams",
              "bowler": "C Isaac",
              "non_striker": "NY McLean",
              "runs": {
                "batter": 0,
                "extras": 0,
                "total": 0
              },
              "wickets": [
                {
                  "player_out": "RS Williams",
                  "kind": "lbw"
                }
              ]
            },
            {
              "batter": "SR Taylor",
              "bowler": "C Isaac",
              "non_striker": "NY McLean",
              "runs": {
                "batter": 0,
                "extras": 0,
                "total": 0
              }
            }
          ]
        },
        {
          "over": 5,
          "deliveries": [
            {
              "batter": "NY McLean",
              "bowler": "K Ragoobar",
              "non_striker": "SR Taylor",
              "runs": {
                "batter": 2,
                "extras": 0,
                "total": 2
              }
            },
            {
              "batter": "NY McLean",
              "bowler": "K Ragoobar",
              "non_striker": "SR Taylor",
              "runs": {
                "batter": 0,
                "extras": 0,
                "total": 0
              }
            },
            {
              "batter": "NY McLean",
              "bowler": "K Ragoobar",
              "non_striker": "SR Taylor",
              "runs": {
                "batter": 0,
                "extras": 0,
                "total": 0
              }
            },
            {
              "batter": "NY McLean",
              "bowler": "K Ragoobar",
              "non_striker": "SR Taylor",
              "runs": {
                "batter": 4,
                "extras": 0,
                "total": 4
              }
            },
            {
              "batter": "NY McLean",
              "bowler": "K Ragoobar",
              "non_striker": "SR Taylor",
              "runs": {
                "batter": 4,
                "extras": 0,
                "total": 4
              }
            },
            {
              "batter": "NY McLean",
              "bowler": "K Ragoobar",
              "non_striker": "SR Taylor",
              "runs": {
                "batter": 1,
                "extras": 0,
                "total": 1
              }
            }
          ]
        },
        {
          "over": 6,
          "deliveries": [
            {
              "batter": "NY McLean",
              "bowler": "C Isaac",
              "non_striker": "SR Taylor",
              "runs": {
                "batter": 0,
                "extras": 0,
                "total": 0
              }
            },
            {
              "batter": "NY McLean",
              "bowler": "C Isaac",
              "non_striker": "SR Taylor",
              "runs": {
                "batter": 0,
                "extras": 0,
                "total": 0
              },
              "wickets": [
                {
                  "player_out": "NY McLean",
                  "kind": "caught and bowled"
                }
              ]
            },
            {
              "batter": "SR Taylor",
              "bowler": "C Isaac",
              "non_striker": "CN Nation",
              "runs": {
                "batter": 4,
                "extras": 0,
                "total": 4
              }
            },
            {
              "batter": "SR Taylor",
              "bowler": "C Isaac",
              "non_striker": "CN Nation",
              "runs": {
                "batter": 0,
                "extras": 0,
                "total": 0
              }
            },
            {
              "batter": "SR Taylor",
              "bowler": "C Isaac",
              "non_striker": "CN Nation",
              "runs": {
                "batter": 1,
                "extras": 0,
                "total": 1
              }
            },
            {
              "batter": "CN Nation",
              "bowler": "C Isaac",
              "non_striker": "SR Taylor",
              "runs": {
                "batter": 0,
                "extras": 0,
                "total": 0
              }
            }
          ]
        },
        {
          "over": 7,
          "deliveries": [
            {
              "batter": "SR Taylor",
              "bowler": "A Mohammed",
              "non_striker": "CN Nation",
              "runs": {
                "batter": 1,
                "extras": 0,
                "total": 1
              }
            },
            {
              "batter": "CN Nation",
              "bowler": "A Mohammed",
              "non_striker": "SR Taylor",
              "runs": {
                "batter": 0,
                "extras": 0,
                "total": 0
              }
            },
            {
              "batter": "CN Nation",
              "bowler": "A Mohammed",
              "non_striker": "SR Taylor",
              "runs": {
                "batter": 1,
                "extras": 0,
                "total": 1
              }
            },
            {
              "batter": "SR Taylor",
              "bowler": "A Mohammed",
              "non_striker": "CN Nation",
              "runs": {
                "batter": 1,
                "extras": 0,
                "total": 1
              }
            },
            {
              "batter": "CN Nation",
              "bowler": "A Mohammed",
              "non_striker": "SR Taylor",
              "runs": {
                "batter": 1,
                "extras": 0,
                "total": 1
              }
            },
            {
              "batter": "SR Taylor",
              "bowler": "A Mohammed",
              "non_striker": "CN Nation",
              "runs": {
                "batter": 0,
                "extras": 0,
                "total": 0
              }
            }
          ]
        },
        {
          "over": 8,
          "deliveries": [
            {
              "batter": "CN Nation",
              "bowler": "C Isaac",
              "non_striker": "SR Taylor",
              "runs": {
                "batter": 0,
                "extras": 0,
                "total": 0
              }
            },
            {
              "batter": "CN Nation",
              "bowler": "C Isaac",
              "non_striker": "SR Taylor",
              "runs": {
                "batter": 1,
                "extras": 0,
                "total": 1
              }
            },
            {
              "batter": "SR Taylor",
              "bowler": "C Isaac",
              "extras": {
                "noballs": 1
              },
              "non_striker": "CN Nation",
              "runs": {
                "batter": 4,
                "extras": 1,
                "total": 5
              }
            },
            {
              "batter": "SR Taylor",
              "bowler": "C Isaac",
              "non_striker": "CN Nation",
              "runs": {
                "batter": 2,
                "extras": 0,
                "total": 2
              }
            },
            {
              "batter": "SR Taylor",
              "bowler": "C Isaac",
              "non_striker": "CN Nation",
              "runs": {
                "batter": 0,
                "extras": 0,
                "total": 0
              }
            },
            {
              "batter": "SR Taylor",
              "bowler": "C Isaac",
              "non_striker": "CN Nation",
              "runs": {
                "batter": 0,
                "extras": 0,
                "total": 0
              }
            },
            {
              "batter": "SR Taylor",
              "bowler": "C Isaac",
              "non_striker": "CN Nation",
              "runs": {
                "batter": 0,
                "extras": 0,
                "total": 0
              }
            }
          ]
        },
        {
          "over": 9,
          "deliveries": [
            {
              "batter": "CN Nation",
              "bowler": "A Mohammed",
              "non_striker": "SR Taylor",
              "runs": {
                "batter": 1,
                "extras": 0,
                "total": 1
              }
            },
            {
              "batter": "SR Taylor",
              "bowler": "A Mohammed",
              "non_striker": "CN Nation",
              "runs": {
                "batter": 1,
                "extras": 0,
                "total": 1
              }
            },
            {
              "batter": "CN Nation",
              "bowler": "A Mohammed",
              "non_striker": "SR Taylor",
              "runs": {
                "batter": 0,
                "extras": 0,
                "total": 0
              }
            },
            {
              "batter": "CN Nation",
              "bowler": "A Mohammed",
              "non_striker": "SR Taylor",
              "runs": {
                "batter": 1,
                "extras": 0,
                "total": 1
              }
            },
            {
              "batter": "SR Taylor",
              "bowler": "A Mohammed",
              "non_striker": "CN Nation",
              "runs": {
                "batter": 0,
                "extras": 0,
                "total": 0
              }
            },
            {
              "batter": "SR Taylor",
              "bowler": "A Mohammed",
              "non_striker": "CN Nation",
              "runs": {
                "batter": 0,
                "extras": 0,
                "total": 0
              }
            }
          ]
        },
        {
          "over": 10,
          "deliveries": [
            {
              "batter": "CN Nation",
              "bowler": "S Soogrim",
              "extras": {
                "legbyes": 1
              },
              "non_striker": "SR Taylor",
              "runs": {
                "batter": 0,
                "extras": 1,
                "total": 1
              }
            },
            {
              "batter": "SR Taylor",
              "bowler": "S Soogrim",
              "non_striker": "CN Nation",
              "runs": {
                "batter": 0,
                "extras": 0,
                "total": 0
              },
              "wickets": [
                {
                  "player_out": "SR Taylor",
                  "kind": "bowled"
                }
              ]
            },
            {
              "batter": "CA Henry",
              "bowler": "S Soogrim",
              "non_striker": "CN Nation",
              "runs": {
                "batter": 1,
                "extras": 0,
                "total": 1
              }
            },
            {
              "batter": "CN Nation",
              "bowler": "S Soogrim",
              "non_striker": "CA Henry",
              "runs": {
                "batter": 0,
                "extras": 0,
                "total": 0
              }
            },
            {
              "batter": "CN Nation",
              "bowler": "S Soogrim",
              "non_striker": "CA Henry",
              "runs": {
                "batter": 0,
                "extras": 0,
                "total": 0
              }
            },
            {
              "batter": "CN Nation",
              "bowler": "S Soogrim",
              "non_striker": "CA Henry",
              "runs": {
                "batter": 0,
                "extras": 0,
                "total": 0
              }
            }
          ]
        },
        {
          "over": 11,
          "deliveries": [
            {
              "batter": "CA Henry",
              "bowler": "K Ragoobar",
              "non_striker": "CN Nation",
              "runs": {
                "batter": 4,
                "extras": 0,
                "total": 4
              }
            },
            {
              "batter": "CA Henry",
              "bowler": "K Ragoobar",
              "non_striker": "CN Nation",
              "runs": {
                "batter": 4,
                "extras": 0,
                "total": 4
              }
            },
            {
              "batter": "CA Henry",
              "bowler": "K Ragoobar",
              "non_striker": "CN Nation",
              "runs": {
                "batter": 0,
                "extras": 0,
                "total": 0
              }
            },
            {
              "batter": "CA Henry",
              "bowler": "K Ragoobar",
              "non_striker": "CN Nation",
              "runs": {
                "batter": 0,
                "extras": 0,
                "total": 0
              }
            },
            {
              "batter": "CA Henry",
              "bowler": "K Ragoobar",
              "non_striker": "CN Nation",
              "runs": {
                "batter": 0,
                "extras": 0,
                "total": 0
              }
            },
            {
              "batter": "CA Henry",
              "bowler": "K Ragoobar",
              "non_striker": "CN Nation",
              "runs": {
                "batter": 1,
                "extras": 0,
                "total": 1
              }
            }
          ]
        },
        {
          "over": 12,
          "deliveries": [
            {
              "batter": "CA Henry",
              "bowler": "S Soogrim",
              "non_striker": "CN Nation",
              "runs": {
                "batter": 0,
                "extras": 0,
                "total": 0
              }
            },
            {
              "batter": "CA Henry",
              "bowler": "S Soogrim",
              "non_striker": "CN Nation",
              "runs": {
                "batter": 0,
                "extras": 0,
                "total": 0
              }
            },
            {
              "batter": "CA Henry",
              "bowler": "S Soogrim",
              "non_striker": "CN Nation",
              "runs": {
                "batter": 0,
                "extras": 0,
                "total": 0
              }
            },
            {
              "batter": "CA Henry",
              "bowler": "S Soogrim",
              "non_striker": "CN Nation",
              "runs": {
                "batter": 0,
                "extras": 0,
                "total": 0
              }
            },
            {
              "batter": "CA Henry",
              "bowler": "S Soogrim",
              "non_striker": "CN Nation",
              "runs": {
                "batter": 0,
                "extras": 0,
                "total": 0
              }
            },
            {
              "batter": "CA Henry",
              "bowler": "S Soogrim",
              "non_striker": "CN Nation",
              "runs": {
                "batter": 2,
                "extras": 0,
                "total": 2
              }
            }
          ]
        },
        {
          "over": 13,
          "deliveries": [
            {
              "batter": "CN Nation",
              "bowler": "K Ramharack",
              "non_striker": "CA Henry",
              "runs": {
                "batter": 0,
                "extras": 0,
                "total": 0
              }
            },
            {
              "batter": "CN Nation",
              "bowler": "K Ramharack",
              "non_striker": "CA Henry",
              "runs": {
                "batter": 0,
                "extras": 0,
                "total": 0
              }
            },
            {
              "batter": "CN Nation",
              "bowler": "K Ramharack",
              "non_striker": "CA Henry",
              "runs": {
                "batter": 1,
                "extras": 0,
                "total": 1
              }
            },
            {
              "batter": "CA Henry",
              "bowler": "K Ramharack",
              "non_striker": "CN Nation",
              "runs": {
                "batter": 0,
                "extras": 0,
                "total": 0
              }
            },
            {
              "batter": "CA Henry",
              "bowler": "K Ramharack",
              "non_striker": "CN Nation",
              "runs": {
                "batter": 0,
                "extras": 0,
                "total": 0
              }
            },
            {
              "batter": "CA Henry",
              "bowler": "K Ramharack",
              "non_striker": "CN Nation",
              "runs": {
                "batter": 1,
                "extras": 0,
                "total": 1
              }
            }
          ]
        },
        {
          "over": 14,
          "deliveries": [
            {
              "batter": "CA Henry",
              "bowler": "S Soogrim",
              "non_striker": "CN Nation",
              "runs": {
                "batter": 2,
                "extras": 0,
                "total": 2
              }
            },
            {
              "batter": "CA Henry",
              "bowler": "S Soogrim",
              "non_striker": "CN Nation",
              "runs": {
                "batter": 1,
                "extras": 0,
                "total": 1
              }
            },
            {
              "batter": "CN Nation",
              "bowler": "S Soogrim",
              "non_striker": "CA Henry",
              "runs": {
                "batter": 0,
                "extras": 0,
                "total": 0
              }
            },
            {
              "batter": "CN Nation",
              "bowler": "S Soogrim",
              "non_striker": "CA Henry",
              "runs": {
                "batter": 1,
                "extras": 0,
                "total": 1
              }
            },
            {
              "batter": "CA Henry",
              "bowler": "S Soogrim",
              "non_striker": "CN Nation",
              "runs": {
                "batter": 2,
                "extras": 0,
                "total": 2
              }
            },
            {
              "batter": "CA Henry",
              "bowler": "S Soogrim",
              "non_striker": "CN Nation",
              "runs": {
                "batter": 1,
                "extras": 0,
                "total": 1
              }
            }
          ]
        },
        {
          "over": 15,
          "deliveries": [
            {
              "batter": "CA Henry",
              "bowler": "A Mohammed",
              "non_striker": "CN Nation",
              "runs": {
                "batter": 0,
                "extras": 0,
                "total": 0
              }
            },
            {
              "batter": "CA Henry",
              "bowler": "A Mohammed",
              "non_striker": "CN Nation",
              "runs": {
                "batter": 1,
                "extras": 0,
                "total": 1
              }
            },
            {
              "batter": "CN Nation",
              "bowler": "A Mohammed",
              "non_striker": "CA Henry",
              "runs": {
                "batter": 0,
                "extras": 0,
                "total": 0
              }
            },
            {
              "batter": "CN Nation",
              "bowler": "A Mohammed",
              "non_striker": "CA Henry",
              "runs": {
                "batter": 1,
                "extras": 0,
                "total": 1
              }
            },
            {
              "batter": "CA Henry",
              "bowler": "A Mohammed",
              "non_striker": "CN Nation",
              "runs": {
                "batter": 1,
                "extras": 0,
                "total": 1
              }
            },
            {
              "batter": "CN Nation",
              "bowler": "A Mohammed",
              "extras": {
                "wides": 5
              },
              "non_striker": "CA Henry",
              "runs": {
                "batter": 0,
                "extras": 5,
                "total": 5
              }
            },
            {
              "batter": "CN Nation",
              "bowler": "A Mohammed",
              "non_striker": "CA Henry",
              "runs": {
                "batter": 2,
                "extras": 0,
                "total": 2
              }
            }
          ]
        },
        {
          "over": 16,
          "deliveries": [
            {
              "batter": "CA Henry",
              "bowler": "S Soogrim",
              "non_striker": "CN Nation",
              "runs": {
                "batter": 3,
                "extras": 0,
                "total": 3
              }
            },
            {
              "batter": "CN Nation",
              "bowler": "S Soogrim",
              "non_striker": "CA Henry",
              "runs": {
                "batter": 1,
                "extras": 0,
                "total": 1
              }
            },
            {
              "batter": "CA Henry",
              "bowler": "S Soogrim",
              "non_striker": "CN Nation",
              "runs": {
                "batter": 4,
                "extras": 0,
                "total": 4
              }
            },
            {
              "batter": "CA Henry",
              "bowler": "S Soogrim",
              "non_striker": "CN Nation",
              "runs": {
                "batter": 4,
                "extras": 0,
                "total": 4
              }
            },
            {
              "batter": "CA Henry",
              "bowler": "S Soogrim",
              "non_striker": "CN Nation",
              "runs": {
                "batter": 0,
                "extras": 0,
                "total": 0
              }
            },
            {
              "batter": "CA Henry",
              "bowler": "S Soogrim",
              "non_striker": "CN Nation",
              "runs": {
                "batter": 0,
                "extras": 0,
                "total": 0
              }
            }
          ]
        },
        {
          "over": 17,
          "deliveries": [
            {
              "batter": "CN Nation",
              "bowler": "LAGL Kirby",
              "non_striker": "CA Henry",
              "runs": {
                "batter": 0,
                "extras": 0,
                "total": 0
              },
              "wickets": [
                {
                  "player_out": "CN Nation",
                  "fielders": [
                    {
                      "name": "B Cooper"
                    }
                  ],
                  "kind": "caught"
                }
              ]
            },
            {
              "batter": "JN Morgan",
              "bowler": "LAGL Kirby",
              "non_striker": "CA Henry",
              "runs": {
                "batter": 1,
                "extras": 0,
                "total": 1
              }
            },
            {
              "batter": "CA Henry",
              "bowler": "LAGL Kirby",
              "non_striker": "JN Morgan",
              "runs": {
                "batter": 2,
                "extras": 0,
                "total": 2
              }
            },
            {
              "batter": "CA Henry",
              "bowler": "LAGL Kirby",
              "non_striker": "JN Morgan",
              "runs": {
                "batter": 2,
                "extras": 0,
                "total": 2
              }
            },
            {
              "batter": "CA Henry",
              "bowler": "LAGL Kirby",
              "non_striker": "JN Morgan",
              "runs": {
                "batter": 4,
                "extras": 0,
                "total": 4
              }
            },
            {
              "batter": "CA Henry",
              "bowler": "LAGL Kirby",
              "non_striker": "JN Morgan",
              "runs": {
                "batter": 0,
                "extras": 0,
                "total": 0
              }
            }
          ]
        },
        {
          "over": 18,
          "deliveries": [
            {
              "batter": "JN Morgan",
              "bowler": "A Mohammed",
              "non_striker": "CA Henry",
              "runs": {
                "batter": 0,
                "extras": 0,
                "total": 0
              }
            },
            {
              "batter": "JN Morgan",
              "bowler": "A Mohammed",
              "non_striker": "CA Henry",
              "runs": {
                "batter": 1,
                "extras": 0,
                "total": 1
              }
            },
            {
              "batter": "CA Henry",
              "bowler": "A Mohammed",
              "non_striker": "JN Morgan",
              "runs": {
                "batter": 1,
                "extras": 0,
                "total": 1
              }
            },
            {
              "batter": "JN Morgan",
              "bowler": "A Mohammed",
              "non_striker": "CA Henry",
              "runs": {
                "batter": 0,
                "extras": 0,
                "total": 0
              }
            },
            {
              "batter": "JN Morgan",
              "bowler": "A Mohammed",
              "extras": {
                "wides": 1
              },
              "non_striker": "CA Henry",
              "runs": {
                "batter": 0,
                "extras": 1,
                "total": 1
              },
              "wickets": [
                {
                  "player_out": "JN Morgan",
                  "fielders": [
                    {
                      "name": "R Boyce"
                    }
                  ],
                  "kind": "stumped"
                }
              ]
            },
            {
              "batter": "JE Walcott",
              "bowler": "A Mohammed",
              "non_striker": "CA Henry",
              "runs": {
                "batter": 0,
                "extras": 0,
                "total": 0
              }
            },
            {
              "batter": "JE Walcott",
              "bowler": "A Mohammed",
              "non_striker": "CA Henry",
              "runs": {
                "batter": 0,
                "extras": 0,
                "total": 0
              }
            }
          ]
        },
        {
          "over": 19,
          "deliveries": [
            {
              "batter": "CA Henry",
              "bowler": "K Ramharack",
              "extras": {
                "wides": 5
              },
              "non_striker": "JE Walcott",
              "runs": {
                "batter": 0,
                "extras": 5,
                "total": 5
              }
            },
            {
              "batter": "CA Henry",
              "bowler": "K Ramharack",
              "non_striker": "JE Walcott",
              "runs": {
                "batter": 2,
                "extras": 0,
                "total": 2
              }
            },
            {
              "batter": "CA Henry",
              "bowler": "K Ramharack",
              "non_striker": "JE Walcott",
              "runs": {
                "batter": 4,
                "extras": 0,
                "total": 4
              }
            },
            {
              "batter": "CA Henry",
              "bowler": "K Ramharack",
              "non_striker": "JE Walcott",
              "runs": {
                "batter": 4,
                "extras": 0,
                "total": 4
              }
            },
            {
              "batter": "CA Henry",
              "bowler": "K Ramharack",
              "non_striker": "JE Walcott",
              "runs": {
                "batter": 1,
                "extras": 0,
                "total": 1
              }
            },
            {
              "batter": "JE Walcott",
              "bowler": "K Ramharack",
              "non_striker": "CA Henry",
              "runs": {
                "batter": 1,
                "extras": 0,
                "total": 1
              }
            },
            {
              "batter": "CA Henry",
              "bowler": "K Ramharack",
              "non_striker": "JE Walcott",
              "runs": {
                "batter": 0,
                "extras": 0,
                "total": 0
              },
              "wickets": [
                {
                  "player_out": "CA Henry",
                  "kind": "lbw"
                }
              ]
            }
          ]
        }
      ],
      "powerplays": [
        {
          "from": 0.1,
          "to": 5.6,
          "type": "mandatory"
        }
      ]
    },
    {
      "team": "Trinidad and Tobago",
      "overs": [
        {
          "over": 0,
          "deliveries": [
            {
              "batter": "R Boyce",
              "bowler": "CA Henry",
              "extras": {
                "wides": 1
              },
              "non_striker": "R Vincent",
              "runs": {
                "batter": 0,
                "extras": 1,
                "total": 1
              }
            },
            {
              "batter": "R Boyce",
              "bowler": "CA Henry",
              "non_striker": "R Vincent",
              "runs": {
                "batter": 0,
                "extras": 0,
                "total": 0
              }
            },
            {
              "batter": "R Boyce",
              "bowler": "CA Henry",
              "extras": {
                "wides": 1
              },
              "non_striker": "R Vincent",
              "runs": {
                "batter": 0,
                "extras": 1,
                "total": 1
              }
            },
            {
              "batter": "R Boyce",
              "bowler": "CA Henry",
              "extras": {
                "wides": 5
              },
              "non_striker": "R Vincent",
              "runs": {
                "batter": 0,
                "extras": 5,
                "total": 5
              }
            },
            {
              "batter": "R Boyce",
              "bowler": "CA Henry",
              "non_striker": "R Vincent",
              "runs": {
                "batter": 1,
                "extras": 0,
                "total": 1
              }
            },
            {
              "batter": "R Vincent",
              "bowler": "CA Henry",
              "non_striker": "R Boyce",
              "runs": {
                "batter": 3,
                "extras": 0,
                "total": 3
              }
            },
            {
              "batter": "R Boyce",
              "bowler": "CA Henry",
              "non_striker": "R Vincent",
              "runs": {
                "batter": 0,
                "extras": 0,
                "total": 0
              }
            },
            {
              "batter": "R Boyce",
              "bowler": "CA Henry",
              "non_striker": "R Vincent",
              "runs": {
                "batter": 1,
                "extras": 0,
                "total": 1
              }
            },
            {
              "batter": "R Vincent",
              "bowler": "CA Henry",
              "non_striker": "R Boyce",
              "runs": {
                "batter": 0,
                "extras": 0,
                "total": 0
              }
            }
          ]
        },
        {
          "over": 1,
          "deliveries": [
            {
              "batter": "R Boyce",
              "bowler": "VN Watts",
              "non_striker": "R Vincent",
              "runs": {
                "batter": 0,
                "extras": 0,
                "total": 0
              }
            },
            {
              "batter": "R Boyce",
              "bowler": "VN Watts",
              "non_striker": "R Vincent",
              "runs": {
                "batter": 0,
                "extras": 0,
                "total": 0
              }
            },
            {
              "batter": "R Boyce",
              "bowler": "VN Watts",
              "non_striker": "R Vincent",
              "runs": {
                "batter": 4,
                "extras": 0,
                "total": 4
              }
            },
            {
              "batter": "R Boyce",
              "bowler": "VN Watts",
              "non_striker": "R Vincent",
              "runs": {
                "batter": 0,
                "extras": 0,
                "total": 0
              }
            },
            {
              "batter": "R Boyce",
              "bowler": "VN Watts",
              "non_striker": "R Vincent",
              "runs": {
                "batter": 2,
                "extras": 0,
                "total": 2
              }
            },
            {
              "batter": "R Boyce",
              "bowler": "VN Watts",
              "non_striker": "R Vincent",
              "runs": {
                "batter": 1,
                "extras": 0,
                "total": 1
              }
            }
          ]
        },
        {
          "over": 2,
          "deliveries": [
            {
              "batter": "R Boyce",
              "bowler": "CA Henry",
              "non_striker": "R Vincent",
              "runs": {
                "batter": 0,
                "extras": 0,
                "total": 0
              },
              "wickets": [
                {
                  "player_out": "R Boyce",
                  "kind": "lbw"
                }
              ]
            },
            {
              "batter": "B Cooper",
              "bowler": "CA Henry",
              "non_striker": "R Vincent",
              "runs": {
                "batter": 0,
                "extras": 0,
                "total": 0
              }
            },
            {
              "batter": "B Cooper",
              "bowler": "CA Henry",
              "non_striker": "R Vincent",
              "runs": {
                "batter": 0,
                "extras": 0,
                "total": 0
              }
            },
            {
              "batter": "B Cooper",
              "bowler": "CA Henry",
              "non_striker": "R Vincent",
              "runs": {
                "batter": 4,
                "extras": 0,
                "total": 4
              }
            },
            {
              "batter": "B Cooper",
              "bowler": "CA Henry",
              "non_striker": "R Vincent",
              "runs": {
                "batter": 4,
                "extras": 0,
                "total": 4
              }
            },
            {
              "batter": "B Cooper",
              "bowler": "CA Henry",
              "non_striker": "R Vincent",
              "runs": {
                "batter": 0,
                "extras": 0,
                "total": 0
              },
              "wickets": [
                {
                  "player_out": "B Cooper",
                  "kind": "lbw"
                }
              ]
            }
          ]
        },
        {
          "over": 3,
          "deliveries": [
            {
              "batter": "R Vincent",
              "bowler": "VN Watts",
              "non_striker": "S Lord",
              "runs": {
                "batter": 0,
                "extras": 0,
                "total": 0
              }
            },
            {
              "batter": "R Vincent",
              "bowler": "VN Watts",
              "non_striker": "S Lord",
              "runs": {
                "batter": 0,
                "extras": 0,
                "total": 0
              },
              "wickets": [
                {
                  "player_out": "R Vincent",
                  "fielders": [
                    {
                      "name": "RS Williams"
                    }
                  ],
                  "kind": "caught"
                }
              ]
            },
            {
              "batter": "LAGL Kirby",
              "bowler": "VN Watts",
              "non_striker": "S Lord",
              "runs": {
                "batter": 0,
                "extras": 0,
                "total": 0
              }
            },
            {
              "batter": "LAGL Kirby",
              "bowler": "VN Watts",
              "non_striker": "S Lord",
              "runs": {
                "batter": 0,
                "extras": 0,
                "total": 0
              }
            },
            {
              "batter": "LAGL Kirby",
              "bowler": "VN Watts",
              "non_striker": "S Lord",
              "runs": {
                "batter": 0,
                "extras": 0,
                "total": 0
              }
            },
            {
              "batter": "LAGL Kirby",
              "bowler": "VN Watts",
              "non_striker": "S Lord",
              "runs": {
                "batter": 0,
                "extras": 0,
                "total": 0
              }
            }
          ]
        },
        {
          "over": 4,
          "deliveries": [
            {
              "batter": "S Lord",
              "bowler": "CA Henry",
              "non_striker": "LAGL Kirby",
              "runs": {
                "batter": 0,
                "extras": 0,
                "total": 0
              }
            },
            {
              "batter": "S Lord",
              "bowler": "CA Henry",
              "non_striker": "LAGL Kirby",
              "runs": {
                "batter": 0,
                "extras": 0,
                "total": 0
              }
            },
            {
              "batter": "S Lord",
              "bowler": "CA Henry",
              "non_striker": "LAGL Kirby",
              "runs": {
                "batter": 0,
                "extras": 0,
                "total": 0
              }
            },
            {
              "batter": "S Lord",
              "bowler": "CA Henry",
              "non_striker": "LAGL Kirby",
              "runs": {
                "batter": 0,
                "extras": 0,
                "total": 0
              }
            },
            {
              "batter": "S Lord",
              "bowler": "CA Henry",
              "non_striker": "LAGL Kirby",
              "runs": {
                "batter": 0,
                "extras": 0,
                "total": 0
              }
            },
            {
              "batter": "S Lord",
              "bowler": "CA Henry",
              "non_striker": "LAGL Kirby",
              "runs": {
                "batter": 0,
                "extras": 0,
                "total": 0
              }
            }
          ]
        },
        {
          "over": 5,
          "deliveries": [
            {
              "batter": "LAGL Kirby",
              "bowler": "C Howell",
              "non_striker": "S Lord",
              "runs": {
                "batter": 1,
                "extras": 0,
                "total": 1
              }
            },
            {
              "batter": "S Lord",
              "bowler": "C Howell",
              "non_striker": "LAGL Kirby",
              "runs": {
                "batter": 1,
                "extras": 0,
                "total": 1
              }
            },
            {
              "batter": "LAGL Kirby",
              "bowler": "C Howell",
              "extras": {
                "wides": 1
              },
              "non_striker": "S Lord",
              "runs": {
                "batter": 0,
                "extras": 1,
                "total": 1
              }
            },
            {
              "batter": "LAGL Kirby",
              "bowler": "C Howell",
              "non_striker": "S Lord",
              "runs": {
                "batter": 1,
                "extras": 0,
                "total": 1
              }
            },
            {
              "batter": "S Lord",
              "bowler": "C Howell",
              "non_striker": "LAGL Kirby",
              "runs": {
                "batter": 1,
                "extras": 0,
                "total": 1
              }
            },
            {
              "batter": "LAGL Kirby",
              "bowler": "C Howell",
              "non_striker": "S Lord",
              "runs": {
                "batter": 0,
                "extras": 0,
                "total": 0
              }
            },
            {
              "batter": "LAGL Kirby",
              "bowler": "C Howell",
              "non_striker": "S Lord",
              "runs": {
                "batter": 0,
                "extras": 0,
                "total": 0
              }
            }
          ]
        },
        {
          "over": 6,
          "deliveries": [
            {
              "batter": "S Lord",
              "bowler": "NA Waisome",
              "non_striker": "LAGL Kirby",
              "runs": {
                "batter": 0,
                "extras": 0,
                "total": 0
              },
              "wickets": [
                {
                  "player_out": "S Lord",
                  "fielders": [
                    {
                      "name": "TR Sanford"
                    }
                  ],
                  "kind": "caught"
                }
              ]
            },
            {
              "batter": "K Ramharack",
              "bowler": "NA Waisome",
              "non_striker": "LAGL Kirby",
              "runs": {
                "batter": 0,
                "extras": 0,
                "total": 0
              }
            },
            {
              "batter": "K Ramharack",
              "bowler": "NA Waisome",
              "non_striker": "LAGL Kirby",
              "runs": {
                "batter": 1,
                "extras": 0,
                "total": 1
              }
            },
            {
              "batter": "LAGL Kirby",
              "bowler": "NA Waisome",
              "non_striker": "K Ramharack",
              "runs": {
                "batter": 0,
                "extras": 0,
                "total": 0
              },
              "wickets": [
                {
                  "player_out": "LAGL Kirby",
                  "fielders": [
                    {
                      "name": "CA Henry"
                    }
                  ],
                  "kind": "caught"
                }
              ]
            },
            {
              "batter": "K Ramharack",
              "bowler": "NA Waisome",
              "non_striker": "KN Alexander",
              "runs": {
                "batter": 0,
                "extras": 0,
                "total": 0
              },
              "wickets": [
                {
                  "player_out": "K Ramharack",
                  "kind": "bowled"
                }
              ]
            },
            {
              "batter": "A Mohammed",
              "bowler": "NA Waisome",
              "non_striker": "KN Alexander",
              "runs": {
                "batter": 1,
                "extras": 0,
                "total": 1
              }
            }
          ]
        },
        {
          "over": 7,
          "deliveries": [
            {
              "batter": "A Mohammed",
              "bowler": "C Howell",
              "non_striker": "KN Alexander",
              "runs": {
                "batter": 0,
                "extras": 0,
                "total": 0
              }
            },
            {
              "batter": "A Mohammed",
              "bowler": "C Howell",
              "non_striker": "KN Alexander",
              "runs": {
                "batter": 0,
                "extras": 0,
                "total": 0
              }
            },
            {
              "batter": "A Mohammed",
              "bowler": "C Howell",
              "non_striker": "KN Alexander",
              "runs": {
                "batter": 0,
                "extras": 0,
                "total": 0
              }
            },
            {
              "batter": "A Mohammed",
              "bowler": "C Howell",
              "non_striker": "KN Alexander",
              "runs": {
                "batter": 2,
                "extras": 0,
                "total": 2
              }
            },
            {
              "batter": "A Mohammed",
              "bowler": "C Howell",
              "non_striker": "KN Alexander",
              "runs": {
                "batter": 1,
                "extras": 0,
                "total": 1
              }
            },
            {
              "batter": "KN Alexander",
              "bowler": "C Howell",
              "non_striker": "A Mohammed",
              "runs": {
                "batter": 0,
                "extras": 0,
                "total": 0
              }
            }
          ]
        },
        {
          "over": 8,
          "deliveries": [
            {
              "batter": "A Mohammed",
              "bowler": "NA Waisome",
              "non_striker": "KN Alexander",
              "runs": {
                "batter": 0,
                "extras": 0,
                "total": 0
              }
            },
            {
              "batter": "A Mohammed",
              "bowler": "NA Waisome",
              "non_striker": "KN Alexander",
              "runs": {
                "batter": 0,
                "extras": 0,
                "total": 0
              }
            },
            {
              "batter": "A Mohammed",
              "bowler": "NA Waisome",
              "non_striker": "KN Alexander",
              "runs": {
                "batter": 0,
                "extras": 0,
                "total": 0
              }
            },
            {
              "batter": "A Mohammed",
              "bowler": "NA Waisome",
              "non_striker": "KN Alexander",
              "runs": {
                "batter": 0,
                "extras": 0,
                "total": 0
              }
            },
            {
              "batter": "A Mohammed",
              "bowler": "NA Waisome",
              "non_striker": "KN Alexander",
              "runs": {
                "batter": 4,
                "extras": 0,
                "total": 4
              }
            },
            {
              "batter": "A Mohammed",
              "bowler": "NA Waisome",
              "non_striker": "KN Alexander",
              "runs": {
                "batter": 0,
                "extras": 0,
                "total": 0
              },
              "wickets": [
                {
                  "player_out": "A Mohammed",
                  "kind": "bowled"
                }
              ]
            }
          ]
        },
        {
          "over": 9,
          "deliveries": [
            {
              "batter": "KN Alexander",
              "bowler": "C Howell",
              "non_striker": "K Ragoobar",
              "runs": {
                "batter": 1,
                "extras": 0,
                "total": 1
              }
            },
            {
              "batter": "K Ragoobar",
              "bowler": "C Howell",
              "non_striker": "KN Alexander",
              "runs": {
                "batter": 0,
                "extras": 0,
                "total": 0
              },
              "wickets": [
                {
                  "player_out": "K Ragoobar",
                  "kind": "bowled"
                }
              ]
            },
            {
              "batter": "S Soogrim",
              "bowler": "C Howell",
              "non_striker": "KN Alexander",
              "runs": {
                "batter": 0,
                "extras": 0,
                "total": 0
              }
            },
            {
              "batter": "S Soogrim",
              "bowler": "C Howell",
              "non_striker": "KN Alexander",
              "runs": {
                "batter": 0,
                "extras": 0,
                "total": 0
              }
            },
            {
              "batter": "S Soogrim",
              "bowler": "C Howell",
              "non_striker": "KN Alexander",
              "runs": {
                "batter": 0,
                "extras": 0,
                "total": 0
              }
            },
            {
              "batter": "S Soogrim",
              "bowler": "C Howell",
              "non_striker": "KN Alexander",
              "runs": {
                "batter": 0,
                "extras": 0,
                "total": 0
              }
            }
          ]
        },
        {
          "over": 10,
          "deliveries": [
            {
              "batter": "KN Alexander",
              "bowler": "NA Waisome",
              "non_striker": "S Soogrim",
              "runs": {
                "batter": 1,
                "extras": 0,
                "total": 1
              }
            },
            {
              "batter": "S Soogrim",
              "bowler": "NA Waisome",
              "non_striker": "KN Alexander",
              "runs": {
                "batter": 0,
                "extras": 0,
                "total": 0
              },
              "wickets": [
                {
                  "player_out": "S Soogrim",
                  "kind": "bowled"
                }
              ]
            },
            {
              "batter": "C Isaac",
              "bowler": "NA Waisome",
              "non_striker": "KN Alexander",
              "runs": {
                "batter": 0,
                "extras": 0,
                "total": 0
              }
            },
            {
              "batter": "C Isaac",
              "bowler": "NA Waisome",
              "non_striker": "KN Alexander",
              "runs": {
                "batter": 0,
                "extras": 0,
                "total": 0
              }
            },
            {
              "batter": "C Isaac",
              "bowler": "NA Waisome",
              "non_striker": "KN Alexander",
              "runs": {
                "batter": 0,
                "extras": 0,
                "total": 0
              }
            },
            {
              "batter": "C Isaac",
              "bowler": "NA Waisome",
              "non_striker": "KN Alexander",
              "runs": {
                "batter": 0,
                "extras": 0,
                "total": 0
              }
            }
          ]
        },
        {
          "over": 11,
          "deliveries": [
            {
              "batter": "KN Alexander",
              "bowler": "C Howell",
              "non_striker": "C Isaac",
              "runs": {
                "batter": 0,
                "extras": 0,
                "total": 0
              }
            },
            {
              "batter": "KN Alexander",
              "bowler": "C Howell",
              "extras": {
                "wides": 1
              },
              "non_striker": "C Isaac",
              "runs": {
                "batter": 0,
                "extras": 1,
                "total": 1
              }
            },
            {
              "batter": "KN Alexander",
              "bowler": "C Howell",
              "non_striker": "C Isaac",
              "runs": {
                "batter": 4,
                "extras": 0,
                "total": 4
              }
            },
            {
              "batter": "KN Alexander",
              "bowler": "C Howell",
              "non_striker": "C Isaac",
              "runs": {
                "batter": 1,
                "extras": 0,
                "total": 1
              }
            },
            {
              "batter": "C Isaac",
              "bowler": "C Howell",
              "non_striker": "KN Alexander",
              "runs": {
                "batter": 0,
                "extras": 0,
                "total": 0
              }
            },
            {
              "batter": "C Isaac",
              "bowler": "C Howell",
              "non_striker": "KN Alexander",
              "runs": {
                "batter": 0,
                "extras": 0,
                "total": 0
              }
            },
            {
              "batter": "C Isaac",
              "bowler": "C Howell",
              "extras": {
                "wides": 1
              },
              "non_striker": "KN Alexander",
              "runs": {
                "batter": 0,
                "extras": 1,
                "total": 1
              }
            },
            {
              "batter": "C Isaac",
              "bowler": "C Howell",
              "non_striker": "KN Alexander",
              "runs": {
                "batter": 0,
                "extras": 0,
                "total": 0
              }
            }
          ]
        },
        {
          "over": 12,
          "deliveries": [
            {
              "batter": "KN Alexander",
              "bowler": "NA Waisome",
              "non_striker": "C Isaac",
              "runs": {
                "batter": 0,
                "extras": 0,
                "total": 0
              }
            },
            {
              "batter": "KN Alexander",
              "bowler": "NA Waisome",
              "non_striker": "C Isaac",
              "runs": {
                "batter": 1,
                "extras": 0,
                "total": 1
              }
            },
            {
              "batter": "C Isaac",
              "bowler": "NA Waisome",
              "non_striker": "KN Alexander",
              "runs": {
                "batter": 0,
                "extras": 0,
                "total": 0
              }
            },
            {
              "batter": "C Isaac",
              "bowler": "NA Waisome",
              "non_striker": "KN Alexander",
              "runs": {
                "batter": 0,
                "extras": 0,
                "total": 0
              }
            },
            {
              "batter": "C Isaac",
              "bowler": "NA Waisome",
              "non_striker": "KN Alexander",
              "runs": {
                "batter": 0,
                "extras": 0,
                "total": 0
              }
            },
            {
              "batter": "C Isaac",
              "bowler": "NA Waisome",
              "non_striker": "KN Alexander",
              "runs": {
                "batter": 0,
                "extras": 0,
                "total": 0
              }
            }
          ]
        },
        {
          "over": 13,
          "deliveries": [
            {
              "batter": "KN Alexander",
              "bowler": "SR Taylor",
              "non_striker": "C Isaac",
              "runs": {
                "batter": 4,
                "extras": 0,
                "total": 4
              }
            },
            {
              "batter": "KN Alexander",
              "bowler": "SR Taylor",
              "non_striker": "C Isaac",
              "runs": {
                "batter": 0,
                "extras": 0,
                "total": 0
              }
            },
            {
              "batter": "KN Alexander",
              "bowler": "SR Taylor",
              "non_striker": "C Isaac",
              "runs": {
                "batter": 0,
                "extras": 0,
                "total": 0
              },
              "wickets": [
                {
                  "player_out": "KN Alexander",
                  "fielders": [
                    {
                      "name": "JE Walcott"
                    }
                  ],
                  "kind": "caught"
                }
              ]
            }
          ]
        }
      ],
      "powerplays": [
        {
          "from": 0.1,
          "to": 5.7,
          "type": "mandatory"
        }
      ]
    }
  ]
}