{
  "meta": {
    "data_version": "1.1.0",
    "created": "2022-07-25",
    "revision": 2
  },
  "info": {
    "balls_per_over": 6,
    "dates": [
      "2022-06-09"
    ],
    "event": {
      "name": "T20 Blaze"
    },
    "gender": "female",
    "match_type": "T20",
    "officials": {
      "umpires": [
        "S Crawford",
        "N Shivsankar"
      ]
    },
    "outcome": {
      "winner": "Barbados",
      "by": {
        "wickets": 9
      }
    },
    "overs": 20,
    "players": {
      "Leeward Islands": [
        "Terez Parker",
        "S Hector",
        "R Dolabaille",
        "S Willett",
        "R Liburd",
        "A Edwards",
        "J Richards",
        "T McCoy",
        "T Thorpe",
        "D Claxton",
        "T Martin"
      ],
      "Barbados": [
        "HK Matthews",
        "Kycia A Knight",
        "AA Alleyne",
        "SC Selman",
        "SJ Bruce",
        "S Carrington",
        "SS Connell",
        "N Cumberbatch",
        "Kyshona A Knight",
        "CO Taitt",
        "A Williams"
      ]
    },
    "registry": {
      "people": {
        "A Edwards": "2a5ca58b",
        "A Williams": "f1733e13",
        "AA Alleyne": "4b0e3049",
        "CO Taitt": "170c0116",
        "D Claxton": "6eb27d55",
        "HK Matthews": "d32cf49a",
        "J Richards": "0ab90734",
        "Kycia A Knight": "552f664a",
        "Kyshona A Knight": "d85a1960",
        "N Cumberbatch": "da4f9274",
        "N Shivsankar": "c3b9d654",
        "R Dolabaille": "dafe6397",
        "R Liburd": "1c918138",
        "S Carrington": "9087d74c",
        "S Crawford": "4b9184fd",
        "S Hector": "3faa312e",
        "S Willett": "bdc91516",
        "SC Selman": "c29ada99",
        "SJ Bruce": "aeccf5cc",
        "SS Connell": "2f9a6bd1",
        "T Martin": "9f3263f4",
        "T McCoy": "423cd1f2",
        "T Thorpe": "9e547805",
        "Terez Parker": "d871bec5"
      }
    },
    "season": "2022",
    "team_type": "club",
    "teams": [
      "Leeward Islands",
      "Barbados"
    ],
    "toss": {
      "decision": "field",
      "winner": "Barbados"
    },
    "venue": "Guyana National Stadium, Providence"
  },
  "innings": [
    {
      "team": "Leeward Islands",
      "overs": [
        {
          "over": 0,
          "deliveries": [
            {
              "batter": "Terez Parker",
              "bowler": "SJ Bruce",
              "non_striker": "S Hector",
              "runs": {
                "batter": 0,
                "extras": 0,
                "total": 0
              }
            },
            {
              "batter": "Terez Parker",
              "bowler": "SJ Bruce",
              "non_striker": "S Hector",
              "runs": {
                "batter": 0,
                "extras": 0,
                "total": 0
              },
              "wickets": [
                {
                  "player_out": "Terez Parker",
                  "fielders": [
                    {
                      "name": "Kycia A Knight"
                    }
                  ],
                  "kind": "stumped"
                }
              ]
            },
            {
              "batter": "R Dolabaille",
              "bowler": "SJ Bruce",
              "non_striker": "S Hector",
              "runs": {
                "batter": 0,
                "extras": 0,
                "total": 0
              }
            },
            {
              "batter": "R Dolabaille",
              "bowler": "SJ Bruce",
              "non_striker": "S Hector",
              "runs": {
                "batter": 0,
                "extras": 0,
                "total": 0
              }
            },
            {
              "batter": "R Dolabaille",
              "bowler": "SJ Bruce",
              "non_striker": "S Hector",
              "runs": {
                "batter": 0,
                "extras": 0,
                "total": 0
              }
            },
            {
              "batter": "R Dolabaille",
              "bowler": "SJ Bruce",
              "non_striker": "S Hector",
              "runs": {
                "batter": 0,
                "extras": 0,
                "total": 0
              }
            }
          ]
        },
        {
          "over": 1,
          "deliveries": [
            {
              "batter": "S Hector",
              "bowler": "SS Connell",
              "non_striker": "R Dolabaille",
              "runs": {
                "batter": 1,
                "extras": 0,
                "total": 1
              }
            },
            {
              "batter": "R Dolabaille",
              "bowler": "SS Connell",
              "non_striker": "S Hector",
              "runs": {
                "batter": 0,
                "extras": 0,
                "total": 0
              }
            },
            {
              "batter": "R Dolabaille",
              "bowler": "SS Connell",
              "extras": {
                "wides": 1
              },
              "non_striker": "S Hector",
              "runs": {
                "batter": 0,
                "extras": 1,
                "total": 1
              }
            },
            {
              "batter": "R Dolabaille",
              "bowler": "SS Connell",
              "non_striker": "S Hector",
              "runs": {
                "batter": 0,
                "extras": 0,
                "total": 0
              }
            },
            {
              "batter": "R Dolabaille",
              "bowler": "SS Connell",
              "non_striker": "S Hector",
              "runs": {
                "batter": 0,
                "extras": 0,
                "total": 0
              }
            },
            {
              "batter": "R Dolabaille",
              "bowler": "SS Connell",
              "non_striker": "S Hector",
              "runs": {
                "batter": 0,
                "extras": 0,
                "total": 0
              }
            },
            {
              "batter": "R Dolabaille",
              "bowler": "SS Connell",
              "non_striker": "S Hector",
              "runs": {
                "batter": 0,
                "extras": 0,
                "total": 0
              }
            }
          ]
        },
        {
          "over": 2,
          "deliveries": [
            {
              "batter": "S Hector",
              "bowler": "SJ Bruce",
              "non_striker": "R Dolabaille",
              "runs": {
                "batter": 0,
                "extras": 0,
                "total": 0
              },
              "wickets": [
                {
                  "player_out": "S Hector",
                  "kind": "bowled"
                }
              ]
            },
            {
              "batter": "S Willett",
              "bowler": "SJ Bruce",
              "non_striker": "R Dolabaille",
              "runs": {
                "batter": 0,
                "extras": 0,
                "total": 0
              }
            },
            {
              "batter": "S Willett",
              "bowler": "SJ Bruce",
              "non_striker": "R Dolabaille",
              "runs": {
                "batter": 0,
                "extras": 0,
                "total": 0
              },
              "wickets": [
                {
                  "player_out": "S Willett",
                  "kind": "bowled"
                }
              ]
            },
            {
              "batter": "R Liburd",
              "bowler": "SJ Bruce",
              "extras": {
                "wides": 1
              },
              "non_striker": "R Dolabaille",
              "runs": {
                "batter": 0,
                "extras": 1,
                "total": 1
              }
            },
            {
              "batter": "R Liburd",
              "bowler": "SJ Bruce",
              "non_striker": "R Dolabaille",
              "runs": {
                "batter": 0,
                "extras": 0,
                "total": 0
              }
            },
            {
              "batter": "R Liburd",
              "bowler": "SJ Bruce",
              "extras": {
                "wides": 2
              },
              "non_striker": "R Dolabaille",
              "runs": {
                "batter": 0,
                "extras": 2,
                "total": 2
              }
            },
            {
              "batter": "R Dolabaille",
              "bowler": "SJ Bruce",
              "non_striker": "R Liburd",
              "runs": {
                "batter": 0,
                "extras": 0,
                "total": 0
              }
            },
            {
              "batter": "R Dolabaille",
              "bowler": "SJ Bruce",
              "extras": {
                "wides": 1
              },
              "non_striker": "R Liburd",
              "runs": {
                "batter": 0,
                "extras": 1,
                "total": 1
              }
            },
            {
              "batter": "R Dolabaille",
              "bowler": "SJ Bruce",
              "non_striker": "R Liburd",
              "runs": {
                "batter": 0,
                "extras": 0,
                "total": 0
              }
            }
          ]
        },
        {
          "over": 3,
          "deliveries": [
            {
              "batter": "R Liburd",
              "bowler": "SS Connell",
              "extras": {
                "legbyes": 1
              },
              "non_striker": "R Dolabaille",
              "runs": {
                "batter": 0,
                "extras": 1,
                "total": 1
              }
            },
            {
              "batter": "R Dolabaille",
              "bowler": "SS Connell",
              "non_striker": "R Liburd",
              "runs": {
                "batter": 0,
                "extras": 0,
                "total": 0
              }
            },
            {
              "batter": "R Dolabaille",
              "bowler": "SS Connell",
              "non_striker": "R Liburd",
              "runs": {
                "batter": 0,
                "extras": 0,
                "total": 0
              }
            },
            {
              "batter": "R Dolabaille",
              "bowler": "SS Connell",
              "non_striker": "R Liburd",
              "runs": {
                "batter": 0,
                "extras": 0,
                "total": 0
              }
            },
            {
              "batter": "R Dolabaille",
              "bowler": "SS Connell",
              "non_striker": "R Liburd",
              "runs": {
                "batter": 1,
                "extras": 0,
                "total": 1
              }
            },
            {
              "batter": "R Liburd",
              "bowler": "SS Connell",
              "non_striker": "R Dolabaille",
              "runs": {
                "batter": 0,
                "extras": 0,
                "total": 0
              }
            }
          ]
        },
        {
          "over": 4,
          "deliveries": [
            {
              "batter": "R Dolabaille",
              "bowler": "SJ Bruce",
              "extras": {
                "wides": 5
              },
              "non_striker": "R Liburd",
              "runs": {
                "batter": 0,
                "extras": 5,
                "total": 5
              }
            },
            {
              "batter": "R Dolabaille",
              "bowler": "SJ Bruce",
              "non_striker": "R Liburd",
              "runs": {
                "batter": 0,
                "extras": 0,
                "total": 0
              }
            },
            {
              "batter": "R Dolabaille",
              "bowler": "SJ Bruce",
              "extras": {
                "wides": 1
              },
              "non_striker": "R Liburd",
              "runs": {
                "batter": 0,
                "extras": 1,
                "total": 1
              },
              "wickets": [
                {
                  "player_out": "R Liburd",
                  "fielders": [
                    {
                      "name": "SS Connell"
                    }
                  ],
                  "kind": "run out"
                }
              ]
            },
            {
              "batter": "R Dolabaille",
              "bowler": "SJ Bruce",
              "non_striker": "A Edwards",
              "runs": {
                "batter": 0,
                "extras": 0,
                "total": 0
              }
            },
            {
              "batter": "R Dolabaille",
              "bowler": "SJ Bruce",
              "non_striker": "A Edwards",
              "runs": {
                "batter": 0,
                "extras": 0,
                "total": 0
              }
            },
            {
              "batter": "R Dolabaille",
              "bowler": "SJ Bruce",
              "non_striker": "A Edwards",
              "runs": {
                "batter": 1,
                "extras": 0,
                "total": 1
              }
            },
            {
              "batter": "A Edwards",
              "bowler": "SJ Bruce",
              "non_striker": "R Dolabaille",
              "runs": {
                "batter": 4,
                "extras": 0,
                "total": 4
              }
            },
            {
              "batter": "A Edwards",
              "bowler": "SJ Bruce",
              "non_striker": "R Dolabaille",
              "runs": {
                "batter": 0,
                "extras": 0,
                "total": 0
              }
            }
          ]
        },
        {
          "over": 5,
          "deliveries": [
            {
              "batter": "R Dolabaille",
              "bowler": "SS Connell",
              "non_striker": "A Edwards",
              "runs": {
                "batter": 0,
                "extras": 0,
                "total": 0
              }
            },
            {
              "batter": "R Dolabaille",
              "bowler": "SS Connell",
              "non_striker": "A Edwards",
              "runs": {
                "batter": 3,
                "extras": 0,
                "total": 3
              }
            },
            {
              "batter": "A Edwards",
              "bowler": "SS Connell",
              "non_striker": "R Dolabaille",
              "runs": {
                "batter": 0,
                "extras": 0,
                "total": 0
              }
            },
            {
              "batter": "A Edwards",
              "bowler": "SS Connell",
              "non_striker": "R Dolabaille",
              "runs": {
                "batter": 0,
                "extras": 0,
                "total": 0
              }
            },
            {
              "batter": "A Edwards",
              "bowler": "SS Connell",
              "non_striker": "R Dolabaille",
              "runs": {
                "batter": 4,
                "extras": 0,
                "total": 4
              }
            },
            {
              "batter": "A Edwards",
              "bowler": "SS Connell",
              "non_striker": "R Dolabaille",
              "runs": {
                "batter": 1,
                "extras": 0,
                "total": 1
              }
            }
          ]
        },
        {
          "over": 6,
          "deliveries": [
            {
              "batter": "A Edwards",
              "bowler": "SJ Bruce",
              "non_striker": "R Dolabaille",
              "runs": {
                "batter": 0,
                "extras": 0,
                "total": 0
              }
            },
            {
              "batter": "A Edwards",
              "bowler": "SJ Bruce",
              "non_striker": "R Dolabaille",
              "runs": {
                "batter": 0,
                "extras": 0,
                "total": 0
              }
            },
            {
              "batter": "A Edwards",
              "bowler": "SJ Bruce",
              "non_striker": "R Dolabaille",
              "runs": {
                "batter": 0,
                "extras": 0,
                "total": 0
              }
            },
            {
              "batter": "A Edwards",
              "bowler": "SJ Bruce",
              "non_striker": "R Dolabaille",
              "runs": {
                "batter": 0,
                "extras": 0,
                "total": 0
              }
            },
            {
              "batter": "A Edwards",
              "bowler": "SJ Bruce",
              "non_striker": "R Dolabaille",
              "runs": {
                "batter": 0,
                "extras": 0,
                "total": 0
              }
            },
            {
              "batter": "A Edwards",
              "bowler": "SJ Bruce",
              "non_striker": "R Dolabaille",
              "runs": {
                "batter": 0,
                "extras": 0,
                "total": 0
              }
            }
          ]
        },
        {
          "over": 7,
          "deliveries": [
            {
              "batter": "R Dolabaille",
              "bowler": "HK Matthews",
              "non_striker": "A Edwards",
              "runs": {
                "batter": 0,
                "extras": 0,
                "total": 0
              }
            },
            {
              "batter": "R Dolabaille",
              "bowler": "HK Matthews",
              "non_striker": "A Edwards",
              "runs": {
                "batter": 0,
                "extras": 0,
                "total": 0
              }
            },
            {
              "batter": "R Dolabaille",
              "bowler": "HK Matthews",
              "non_striker": "A Edwards",
              "runs": {
                "batter": 0,
                "extras": 0,
                "total": 0
              }
            },
            {
              "batter": "R Dolabaille",
              "bowler": "HK Matthews",
              "non_striker": "A Edwards",
              "runs": {
                "batter": 0,
                "extras": 0,
                "total": 0
              }
            },
            {
              "batter": "R Dolabaille",
              "bowler": "HK Matthews",
              "non_striker": "A Edwards",
              "runs": {
                "batter": 0,
                "extras": 0,
                "total": 0
              }
            },
            {
              "batter": "R Dolabaille",
              "bowler": "HK Matthews",
              "non_striker": "A Edwards",
              "runs": {
                "batter": 0,
                "extras": 0,
                "total": 0
              }
            }
          ]
        },
        {
          "over": 8,
          "deliveries": [
            {
              "batter": "A Edwards",
              "bowler": "AA Alleyne",
              "non_striker": "R Dolabaille",
              "runs": {
                "batter": 0,
                "extras": 0,
                "total": 0
              }
            },
            {
              "batter": "A Edwards",
              "bowler": "AA Alleyne",
              "extras": {
                "wides": 1
              },
              "non_striker": "R Dolabaille",
              "runs": {
                "batter": 0,
                "extras": 1,
                "total": 1
              }
            },
            {
              "batter": "A Edwards",
              "bowler": "AA Alleyne",
              "non_striker": "R Dolabaille",
              "runs": {
                "batter": 0,
                "extras": 0,
                "total": 0
              }
            },
            {
              "batter": "A Edwards",
              "bowler": "AA Alleyne",
              "extras": {
                "noballs": 1
              },
              "non_striker": "R Dolabaille",
              "runs": {
                "batter": 0,
                "extras": 1,
                "total": 1
              }
            },
            {
              "batter": "A Edwards",
              "bowler": "AA Alleyne",
              "non_striker": "R Dolabaille",
              "runs": {
                "batter": 0,
                "extras": 0,
                "total": 0
              }
            },
            {
              "batter": "A Edwards",
              "bowler": "AA Alleyne",
              "non_striker": "R Dolabaille",
              "runs": {
                "batter": 0,
                "extras": 0,
                "total": 0
              }
            },
            {
              "batter": "A Edwards",
              "bowler": "AA Alleyne",
              "non_striker": "R Dolabaille",
              "runs": {
                "batter": 0,
                "extras": 0,
                "total": 0
              }
            },
            {
              "batter": "A Edwards",
              "bowler": "AA Alleyne",
              "non_striker": "R Dolabaille",
              "runs": {
                "batter": 0,
                "extras": 0,
                "total": 0
              }
            }
          ]
        },
        {
          "over": 9,
          "deliveries": [
            {
              "batter": "R Dolabaille",
              "bowler": "HK Matthews",
              "non_striker": "A Edwards",
              "runs": {
                "batter": 1,
                "extras": 0,
                "total": 1
              }
            },
            {
              "batter": "A Edwards",
              "bowler": "HK Matthews",
              "non_striker": "R Dolabaille",
              "runs": {
                "batter": 0,
                "extras": 0,
                "total": 0
              }
            },
            {
              "batter": "A Edwards",
              "bowler": "HK Matthews",
              "non_striker": "R Dolabaille",
              "runs": {
                "batter": 0,
                "extras": 0,
                "total": 0
              }
            },
            {
              "batter": "A Edwards",
              "bowler": "HK Matthews",
              "non_striker": "R Dolabaille",
              "runs": {
                "batter": 0,
                "extras": 0,
                "total": 0
              }
            },
            {
              "batter": "A Edwards",
              "bowler": "HK Matthews",
              "non_striker": "R Dolabaille",
              "runs": {
                "batter": 0,
                "extras": 0,
                "total": 0
              },
              "wickets": [
                {
                  "player_out": "A Edwards",
                  "fielders": [
                    {
                      "name": "SJ Bruce"
                    }
                  ],
                  "kind": "caught"
                }
              ]
            },
            {
              "batter": "J Richards",
              "bowler": "HK Matthews",
              "non_striker": "R Dolabaille",
              "runs": {
                "batter": 0,
                "extras": 0,
                "total": 0
              }
            }
          ]
        },
        {
          "over": 10,
          "deliveries": [
            {
              "batter": "R Dolabaille",
              "bowler": "AA Alleyne",
              "non_striker": "J Richards",
              "runs": {
                "batter": 0,
                "extras": 0,
                "total": 0
              }
            },
            {
              "batter": "R Dolabaille",
              "bowler": "AA Alleyne",
              "non_striker": "J Richards",
              "runs": {
                "batter": 1,
                "extras": 0,
                "total": 1
              }
            },
            {
              "batter": "J Richards",
              "bowler": "AA Alleyne",
              "non_striker": "R Dolabaille",
              "runs": {
                "batter": 0,
                "extras": 0,
                "total": 0
              },
              "wickets": [
                {
                  "player_out": "J Richards",
                  "fielders": [
                    {
                      "name": "SC Selman"
                    }
                  ],
                  "kind": "caught"
                }
              ]
            },
            {
              "batter": "T McCoy",
              "bowler": "AA Alleyne",
              "non_striker": "R Dolabaille",
              "runs": {
                "batter": 0,
                "extras": 0,
                "total": 0
              }
            },
            {
              "batter": "T McCoy",
              "bowler": "AA Alleyne",
              "non_striker": "R Dolabaille",
              "runs": {
                "batter": 0,
                "extras": 0,
                "total": 0
              }
            },
            {
              "batter": "T McCoy",
              "bowler": "AA Alleyne",
              "non_striker": "R Dolabaille",
              "runs": {
                "batter": 0,
                "extras": 0,
                "total": 0
              }
            }
          ]
        },
        {
          "over": 11,
          "deliveries": [
            {
              "batter": "R Dolabaille",
              "bowler": "HK Matthews",
              "non_striker": "T McCoy",
              "runs": {
                "batter": 1,
                "extras": 0,
                "total": 1
              }
            },
            {
              "batter": "T McCoy",
              "bowler": "HK Matthews",
              "non_striker": "R Dolabaille",
              "runs": {
                "batter": 0,
                "extras": 0,
                "total": 0
              },
              "wickets": [
                {
                  "player_out": "T McCoy",
                  "kind": "caught and bowled"
                }
              ]
            },
            {
              "batter": "T Thorpe",
              "bowler": "HK Matthews",
              "non_striker": "R Dolabaille",
              "runs": {
                "batter": 2,
                "extras": 0,
                "total": 2
              }
            },
            {
              "batter": "T Thorpe",
              "bowler": "HK Matthews",
              "non_striker": "R Dolabaille",
              "runs": {
                "batter": 2,
                "extras": 0,
                "total": 2
              }
            },
            {
              "batter": "T Thorpe",
              "bowler": "HK Matthews",
              "non_striker": "R Dolabaille",
              "runs": {
                "batter": 2,
                "extras": 0,
                "total": 2
              }
            },
            {
              "batter": "T Thorpe",
              "bowler": "HK Matthews",
              "non_striker": "R Dolabaille",
              "runs": {
                "batter": 0,
                "extras": 0,
                "total": 0
              }
            }
          ]
        },
        {
          "over": 12,
          "deliveries": [
            {
              "batter": "R Dolabaille",
              "bowler": "AA Alleyne",
              "non_striker": "T Thorpe",
              "runs": {
                "batter": 1,
                "extras": 0,
                "total": 1
              }
            },
            {
              "batter": "T Thorpe",
              "bowler": "AA Alleyne",
              "non_striker": "R Dolabaille",
              "runs": {
                "batter": 0,
                "extras": 0,
                "total": 0
              }
            },
            {
              "batter": "T Thorpe",
              "bowler": "AA Alleyne",
              "non_striker": "R Dolabaille",
              "runs": {
                "batter": 0,
                "extras": 0,
                "total": 0
              }
            },
            {
              "batter": "T Thorpe",
              "bowler": "AA Alleyne",
              "non_striker": "R Dolabaille",
              "runs": {
                "batter": 0,
                "extras": 0,
                "total": 0
              }
            },
            {
              "batter": "T Thorpe",
              "bowler": "AA Alleyne",
              "non_striker": "R Dolabaille",
              "runs": {
                "batter": 2,
                "extras": 0,
                "total": 2
              }
            },
            {
              "batter": "T Thorpe",
              "bowler": "AA Alleyne",
              "non_striker": "R Dolabaille",
              "runs": {
                "batter": 1,
                "extras": 0,
                "total": 1
              }
            }
          ]
        },
        {
          "over": 13,
          "deliveries": [
            {
              "batter": "T Thorpe",
              "bowler": "HK Matthews",
              "non_striker": "R Dolabaille",
              "runs": {
                "batter": 0,
                "extras": 0,
                "total": 0
              }
            },
            {
              "batter": "T Thorpe",
              "bowler": "HK Matthews",
              "non_striker": "R Dolabaille",
              "runs": {
                "batter": 0,
                "extras": 0,
                "total": 0
              }
            },
            {
              "batter": "T Thorpe",
              "bowler": "HK Matthews",
              "non_striker": "R Dolabaille",
              "runs": {
                "batter": 1,
                "extras": 0,
                "total": 1
              }
            },
            {
              "batter": "R Dolabaille",
              "bowler": "HK Matthews",
              "non_striker": "T Thorpe",
              "runs": {
                "batter": 0,
                "extras": 0,
                "total": 0
              },
              "wickets": [
                {
                  "player_out": "T Thorpe",
                  "fielders": [
                    {
                      "name": "S Carrington"
                    }
                  ],
                  "kind": "run out"
                }
              ]
            },
            {
              "batter": "D Claxton",
              "bowler": "HK Matthews",
              "non_striker": "R Dolabaille",
              "runs": {
                "batter": 0,
                "extras": 0,
                "total": 0
              },
              "wickets": [
                {
                  "player_out": "D Claxton",
                  "kind": "lbw"
                }
              ]
            },
            {
              "batter": "T Martin",
              "bowler": "HK Matthews",
              "non_striker": "R Dolabaille",
              "runs": {
                "batter": 0,
                "extras": 0,
                "total": 0
              }
            }
          ]
        },
        {
          "over": 14,
          "deliveries": [
            {
              "batter": "R Dolabaille",
              "bowler": "AA Alleyne",
              "non_striker": "T Martin",
              "runs": {
                "batter": 0,
                "extras": 0,
                "total": 0
              }
            },
            {
              "batter": "R Dolabaille",
              "bowler": "AA Alleyne",
              "non_striker": "T Martin",
              "runs": {
                "batter": 0,
                "extras": 0,
                "total": 0
              }
            },
            {
              "batter": "R Dolabaille",
              "bowler": "AA Alleyne",
              "non_striker": "T Martin",
              "runs": {
                "batter": 0,
                "extras": 0,
                "total": 0
              }
            },
            {
              "batter": "R Dolabaille",
              "bowler": "AA Alleyne",
              "non_striker": "T Martin",
              "runs": {
                "batter": 0,
                "extras": 0,
                "total": 0
              }
            },
            {
              "batter": "R Dolabaille",
              "bowler": "AA Alleyne",
              "non_striker": "T Martin",
              "runs": {
                "batter": 1,
                "extras": 0,
                "total": 1
              }
            },
            {
              "batter": "T Martin",
              "bowler": "AA Alleyne",
              "non_striker": "R Dolabaille",
              "runs": {
                "batter": 4,
                "extras": 0,
                "total": 4
              }
            }
          ]
        },
        {
          "over": 15,
          "deliveries": [
            {
              "batter": "R Dolabaille",
              "bowler": "N Cumberbatch",
              "non_striker": "T Martin",
              "runs": {
                "batter": 1,
                "extras": 0,
                "total": 1
              }
            },
            {
              "batter": "T Martin",
              "bowler": "N Cumberbatch",
              "non_striker": "R Dolabaille",
              "runs": {
                "batter": 0,
                "extras": 0,
                "total": 0
              }
            },
            {
              "batter": "T Martin",
              "bowler": "N Cumberbatch",
              "non_striker": "R Dolabaille",
              "runs": {
                "batter": 0,
                "extras": 0,
                "total": 0
              }
            },
            {
              "batter": "T Martin",
              "bowler": "N Cumberbatch",
              "non_striker": "R Dolabaille",
              "runs": {
                "batter": 0,
                "extras": 0,
                "total": 0
              }
            },
            {
              "batter": "T Martin",
              "bowler": "N Cumberbatch",
              "non_striker": "R Dolabaille",
              "runs": {
                "batter": 1,
                "extras": 0,
                "total": 1
              }
            },
            {
              "batter": "R Dolabaille",
              "bowler": "N Cumberbatch",
              "extras": {
                "wides": 1
              },
              "non_striker": "T Martin",
              "runs": {
                "batter": 0,
                "extras": 1,
                "total": 1
              }
            },
            {
              "batter": "R Dolabaille",
              "bowler": "N Cumberbatch",
              "extras": {
                "wides": 1
              },
              "non_striker": "T Martin",
              "runs": {
                "batter": 0,
                "extras": 1,
                "total": 1
              }
            },
            {
              "batter": "R Dolabaille",
              "bowler": "N Cumberbatch",
              "non_striker": "T Martin",
              "runs": {
                "batter": 1,
                "extras": 0,
                "total": 1
              }
            }
          ]
        },
        {
          "over": 16,
          "deliveries": [
            {
              "batter": "R Dolabaille",
              "bowler": "SC Selman",
              "non_striker": "T Martin",
              "runs": {
                "batter": 1,
                "extras": 0,
                "total": 1
              }
            },
            {
              "batter": "T Martin",
              "bowler": "SC Selman",
              "non_striker": "R Dolabaille",
              "runs": {
                "batter": 1,
                "extras": 0,
                "total": 1
              }
            },
            {
              "batter": "R Dolabaille",
              "bowler": "SC Selman",
              "non_striker": "T Martin",
              "runs": {
                "batter": 0,
                "extras": 0,
                "total": 0
              }
            },
            {
              "batter": "R Dolabaille",
              "bowler": "SC Selman",
              "extras": {
                "noballs": 1
              },
              "non_striker": "T Martin",
              "runs": {
                "batter": 1,
                "extras": 1,
                "total": 2
              }
            },
            {
              "batter": "T Martin",
              "bowler": "SC Selman",
              "non_striker": "R Dolabaille",
              "runs": {
                "batter": 0,
                "extras": 0,
                "total": 0
              }
            },
            {
              "batter": "T Martin",
              "bowler": "SC Selman",
              "non_striker": "R Dolabaille",
              "runs": {
                "batter": 0,
                "extras": 0,
                "total": 0
              }
            },
            {
              "batter": "T Martin",
              "bowler": "SC Selman",
              "non_striker": "R Dolabaille",
              "runs": {
                "batter": 1,
                "extras": 0,
                "total": 1
              }
            }
          ]
        },
        {
          "over": 17,
          "deliveries": [
            {
              "batter": "T Martin",
              "bowler": "SS Connell",
              "non_striker": "R Dolabaille",
              "runs": {
                "batter": 0,
                "extras": 0,
                "total": 0
              }
            },
            {
              "batter": "T Martin",
              "bowler": "SS Connell",
              "non_striker": "R Dolabaille",
              "runs": {
                "batter": 0,
                "extras": 0,
                "total": 0
              }
            },
            {
              "batter": "T Martin",
              "bowler": "SS Connell",
              "non_striker": "R Dolabaille",
              "runs": {
                "batter": 0,
                "extras": 0,
                "total": 0
              }
            },
            {
              "batter": "T Martin",
              "bowler": "SS Connell",
              "non_striker": "R Dolabaille",
              "runs": {
                "batter": 0,
                "extras": 0,
                "total": 0
              }
            },
            {
              "batter": "T Martin",
              "bowler": "SS Connell",
              "non_striker": "R Dolabaille",
              "runs": {
                "batter": 1,
                "extras": 0,
                "total": 1
              }
            },
            {
              "batter": "R Dolabaille",
              "bowler": "SS Connell",
              "non_striker": "T Martin",
              "runs": {
                "batter": 0,
                "extras": 0,
                "total": 0
              }
            }
          ]
        },
        {
          "over": 18,
          "deliveries": [
            {
              "batter": "T Martin",
              "bowler": "SC Selman",
              "extras": {
                "wides": 1
              },
              "non_striker": "R Dolabaille",
              "runs": {
                "batter": 0,
                "extras": 1,
                "total": 1
              }
            },
            {
              "batter": "T Martin",
              "bowler": "SC Selman",
              "non_striker": "R Dolabaille",
              "runs": {
                "batter": 0,
                "extras": 0,
                "total": 0
              }
            },
            {
              "batter": "T Martin",
              "bowler": "SC Selman",
              "non_striker": "R Dolabaille",
              "runs": {
                "batter": 0,
                "extras": 0,
                "total": 0
              },
              "wickets": [
                {
                  "player_out": "T Martin",
                  "fielders": [
                    {
                      "name": "HK Matthews"
                    }
                  ],
                  "kind": "caught"
                }
              ]
            }
          ]
        }
      ],
      "powerplays": [
        {
          "from": 0.1,
          "to": 5.6,
          "type": "mandatory"
        }
      ]
    },
    {
      "team": "Barbados",
      "overs": [
        {
          "over": 0,
          "deliveries": [
            {
              "batter": "Kycia A Knight",
              "bowler": "S Hector",
              "non_striker": "HK Matthews",
              "runs": {
                "batter": 0,
                "extras": 0,
                "total": 0
              }
            },
            {
              "batter": "Kycia A Knight",
              "bowler": "S Hector",
              "non_striker": "HK Matthews",
              "runs": {
                "batter": 0,
                "extras": 0,
                "total": 0
              }
            },
            {
              "batter": "Kycia A Knight",
              "bowler": "S Hector",
              "non_striker": "HK Matthews",
              "runs": {
                "batter": 4,
                "extras": 0,
                "total": 4
              }
            },
            {
              "batter": "Kycia A Knight",
              "bowler": "S Hector",
              "extras": {
                "wides": 1
              },
              "non_striker": "HK Matthews",
              "runs": {
                "batter": 0,
                "extras": 1,
                "total": 1
              }
            },
            {
              "batter": "Kycia A Knight",
              "bowler": "S Hector",
              "non_striker": "HK Matthews",
              "runs": {
                "batter": 0,
                "extras": 0,
                "total": 0
              }
            },
            {
              "batter": "Kycia A Knight",
              "bowler": "S Hector",
              "non_striker": "HK Matthews",
              "runs": {
                "batter": 0,
                "extras": 0,
                "total": 0
              }
            },
            {
              "batter": "Kycia A Knight",
              "bowler": "S Hector",
              "non_striker": "HK Matthews",
              "runs": {
                "batter": 0,
                "extras": 0,
                "total": 0
              }
            }
          ]
        },
        {
          "over": 1,
          "deliveries": [
            {
              "batter": "HK Matthews",
              "bowler": "R Liburd",
              "non_striker": "Kycia A Knight",
              "runs": {
                "batter": 2,
                "extras": 0,
                "total": 2
              }
            },
            {
              "batter": "HK Matthews",
              "bowler": "R Liburd",
              "non_striker": "Kycia A Knight",
              "runs": {
                "batter": 4,
                "extras": 0,
                "total": 4
              }
            },
            {
              "batter": "HK Matthews",
              "bowler": "R Liburd",
              "non_striker": "Kycia A Knight",
              "runs": {
                "batter": 0,
                "extras": 0,
                "total": 0
              }
            },
            {
              "batter": "HK Matthews",
              "bowler": "R Liburd",
              "non_striker": "Kycia A Knight",
              "runs": {
                "batter": 0,
                "extras": 0,
                "total": 0
              }
            },
            {
              "batter": "HK Matthews",
              "bowler": "R Liburd",
              "non_striker": "Kycia A Knight",
              "runs": {
                "batter": 4,
                "extras": 0,
                "total": 4
              }
            },
            {
              "batter": "HK Matthews",
              "bowler": "R Liburd",
              "non_striker": "Kycia A Knight",
              "runs": {
                "batter": 0,
                "extras": 0,
                "total": 0
              }
            }
          ]
        },
        {
          "over": 2,
          "deliveries": [
            {
              "batter": "Kycia A Knight",
              "bowler": "T Thorpe",
              "non_striker": "HK Matthews",
              "runs": {
                "batter": 4,
                "extras": 0,
                "total": 4
              }
            },
            {
              "batter": "Kycia A Knight",
              "bowler": "T Thorpe",
              "non_striker": "HK Matthews",
              "runs": {
                "batter": 0,
                "extras": 0,
                "total": 0
              }
            },
            {
              "batter": "Kycia A Knight",
              "bowler": "T Thorpe",
              "non_striker": "HK Matthews",
              "runs": {
                "batter": 4,
                "extras": 0,
                "total": 4
              }
            },
            {
              "batter": "Kycia A Knight",
              "bowler": "T Thorpe",
              "non_striker": "HK Matthews",
              "runs": {
                "batter": 0,
                "extras": 0,
                "total": 0
              },
              "wickets": [
                {
                  "player_out": "Kycia A Knight",
                  "fielders": [
                    {
                      "name": "R Liburd"
                    }
                  ],
                  "kind": "caught"
                }
              ]
            },
            {
              "batter": "Kyshona A Knight",
              "bowler": "T Thorpe",
              "non_striker": "HK Matthews",
              "runs": {
                "batter": 0,
                "extras": 0,
                "total": 0
              }
            },
            {
              "batter": "Kyshona A Knight",
              "bowler": "T Thorpe",
              "non_striker": "HK Matthews",
              "runs": {
                "batter": 3,
                "extras": 0,
                "total": 3
              }
            }
          ]
        },
        {
          "over": 3,
          "deliveries": [
            {
              "batter": "Kyshona A Knight",
              "bowler": "R Liburd",
              "non_striker": "HK Matthews",
              "runs": {
                "batter": 4,
                "extras": 0,
                "total": 4
              }
            },
            {
              "batter": "Kyshona A Knight",
              "bowler": "R Liburd",
              "extras": {
                "wides": 1
              },
              "non_striker": "HK Matthews",
              "runs": {
                "batter": 0,
                "extras": 1,
                "total": 1
              }
            },
            {
              "batter": "Kyshona A Knight",
              "bowler": "R Liburd",
              "non_striker": "HK Matthews",
              "runs": {
                "batter": 1,
                "extras": 0,
                "total": 1
              }
            },
            {
              "batter": "HK Matthews",
              "bowler": "R Liburd",
              "non_striker": "Kyshona A Knight",
              "runs": {
                "batter": 2,
                "extras": 0,
                "total": 2
              }
            },
            {
              "batter": "HK Matthews",
              "bowler": "R Liburd",
              "extras": {
                "wides": 1
              },
              "non_striker": "Kyshona A Knight",
              "runs": {
                "batter": 0,
                "extras": 1,
                "total": 1
              }
            },
            {
              "batter": "HK Matthews",
              "bowler": "R Liburd",
              "non_striker": "Kyshona A Knight",
              "runs": {
                "batter": 4,
                "extras": 0,
                "total": 4
              }
            },
            {
              "batter": "HK Matthews",
              "bowler": "R Liburd",
              "non_striker": "Kyshona A Knight",
              "runs": {
                "batter": 0,
                "extras": 0,
                "total": 0
              }
            },
            {
              "batter": "HK Matthews",
              "bowler": "R Liburd",
              "non_striker": "Kyshona A Knight",
              "runs": {
                "batter": 1,
                "extras": 0,
                "total": 1
              }
            }
          ]
        },
        {
          "over": 4,
          "deliveries": [
            {
              "batter": "HK Matthews",
              "bowler": "T Thorpe",
              "non_striker": "Kyshona A Knight",
              "runs": {
                "batter": 1,
                "extras": 0,
                "total": 1
              }
            },
            {
              "batter": "Kyshona A Knight",
              "bowler": "T Thorpe",
              "non_striker": "HK Matthews",
              "runs": {
                "batter": 0,
                "extras": 0,
                "total": 0
              }
            },
            {
              "batter": "Kyshona A Knight",
              "bowler": "T Thorpe",
              "non_striker": "HK Matthews",
              "runs": {
                "batter": 0,
                "extras": 0,
                "total": 0
              }
            },
            {
              "batter": "Kyshona A Knight",
              "bowler": "T Thorpe",
              "non_striker": "HK Matthews",
              "runs": {
                "batter": 4,
                "extras": 0,
                "total": 4
              }
            },
            {
              "batter": "Kyshona A Knight",
              "bowler": "T Thorpe",
              "non_striker": "HK Matthews",
              "runs": {
                "batter": 0,
                "extras": 0,
                "total": 0
              }
            },
            {
              "batter": "Kyshona A Knight",
              "bowler": "T Thorpe",
              "non_striker": "HK Matthews",
              "runs": {
                "batter": 0,
                "extras": 0,
                "total": 0
              }
            }
          ]
        },
        {
          "over": 5,
          "deliveries": [
            {
              "batter": "HK Matthews",
              "bowler": "J Richards",
              "non_striker": "Kyshona A Knight",
              "runs": {
                "batter": 0,
                "extras": 0,
                "total": 0
              }
            },
            {
              "batter": "HK Matthews",
              "bowler": "J Richards",
              "non_striker": "Kyshona A Knight",
              "runs": {
                "batter": 0,
                "extras": 0,
                "total": 0
              }
            },
            {
              "batter": "HK Matthews",
              "bowler": "J Richards",
              "non_striker": "Kyshona A Knight",
              "runs": {
                "batter": 1,
                "extras": 0,
                "total": 1
              }
            },
            {
              "batter": "Kyshona A Knight",
              "bowler": "J Richards",
              "extras": {
                "wides": 1
              },
              "non_striker": "HK Matthews",
              "runs": {
                "batter": 0,
                "extras": 1,
                "total": 1
              }
            },
            {
              "batter": "Kyshona A Knight",
              "bowler": "J Richards",
              "non_striker": "HK Matthews",
              "runs": {
                "batter": 0,
                "extras": 0,
                "total": 0
              }
            },
            {
              "batter": "Kyshona A Knight",
              "bowler": "J Richards",
              "non_striker": "HK Matthews",
              "runs": {
                "batter": 3,
                "extras": 0,
                "total": 3
              }
            },
            {
              "batter": "HK Matthews",
              "bowler": "J Richards",
              "non_striker": "Kyshona A Knight",
              "runs": {
                "batter": 1,
                "extras": 0,
                "total": 1
              }
            }
          ]
        },
        {
          "over": 6,
          "deliveries": [
            {
              "batter": "HK Matthews",
              "bowler": "T Martin",
              "non_striker": "Kyshona A Knight",
              "runs": {
                "batter": 2,
                "extras": 0,
                "total": 2
              }
            },
            {
              "batter": "HK Matthews",
              "bowler": "T Martin",
              "non_striker": "Kyshona A Knight",
              "runs": {
                "batter": 0,
                "extras": 0,
                "total": 0
              }
            },
            {
              "batter": "HK Matthews",
              "bowler": "T Martin",
              "non_striker": "Kyshona A Knight",
              "runs": {
                "batter": 1,
                "extras": 0,
                "total": 1
              }
            },
            {
              "batter": "Kyshona A Knight",
              "bowler": "T Martin",
              "non_striker": "HK Matthews",
              "runs": {
                "batter": 0,
                "extras": 0,
                "total": 0
              }
            },
            {
              "batter": "Kyshona A Knight",
              "bowler": "T Martin",
              "extras": {
                "wides": 1
              },
              "non_striker": "HK Matthews",
              "runs": {
                "batter": 0,
                "extras": 1,
                "total": 1
              }
            },
            {
              "batter": "Kyshona A Knight",
              "bowler": "T Martin",
              "extras": {
                "wides": 5
              },
              "non_striker": "HK Matthews",
              "runs": {
                "batter": 0,
                "extras": 5,
                "total": 5
              }
            },
            {
              "batter": "Kyshona A Knight",
              "bowler": "T Martin",
              "extras": {
                "wides": 1
              },
              "non_striker": "HK Matthews",
              "runs": {
                "batter": 0,
                "extras": 1,
                "total": 1
              }
            }
          ]
        }
      ],
      "powerplays": [
        {
          "from": 0.1,
          "to": 5.7,
          "type": "mandatory"
        }
      ]
    }
  ]
}