{
  "meta": {
    "data_version": "1.1.0",
    "created": "2022-07-25",
    "revision": 2
  },
  "info": {
    "balls_per_over": 6,
    "dates": [
      "2022-06-11"
    ],
    "event": {
      "name": "T20 Blaze"
    },
    "gender": "female",
    "match_type": "T20",
    "officials": {
      "umpires": [
        "Imran Moakan",
        "JM Williams"
      ]
    },
    "outcome": {
      "winner": "Trinidad and Tobago",
      "by": {
        "runs": 36
      }
    },
    "overs": 20,
    "players": {
      "Leeward Islands": [
        "A Edwards",
        "Terez Parker",
        "J Richards",
        "T Martin",
        "A Freeman",
        "S Willett",
        "R Liburd",
        "M Clarke",
        "T McCoy",
        "T Thorpe",
        "R Dolabaille"
      ],
      "Trinidad and Tobago": [
        "A Mohammed",
        "LAGL Kirby",
        "AM Pereira",
        "B Cooper",
        "D Joseph",
        "K Ragoobar",
        "K Ramharack",
        "R Vincent",
        "R Boyce",
        "S Lord",
        "S Soogrim"
      ]
    },
    "registry": {
      "people": {
        "A Edwards": "2a5ca58b",
        "A Freeman": "7be2bafa",
        "A Mohammed": "a49985e6",
        "AM Pereira": "2475b98f",
        "B Cooper": "ac0edb42",
        "D Joseph": "6d7ca3e6",
        "Imran Moakan": "8b646bc8",
        "J Richards": "0ab90734",
        "JM Williams": "b61d9d70",
        "K Ragoobar": "c9ec83dd",
        "K Ramharack": "321c980e",
        "LAGL Kirby": "fe6d2da9",
        "M Clarke": "55ed4228",
        "R Boyce": "98d4cb14",
        "R Dolabaille": "dafe6397",
        "R Liburd": "1c918138",
        "R Vincent": "3431c12e",
        "S Lord": "14a2088d",
        "S Soogrim": "00547789",
        "S Willett": "bdc91516",
        "T Martin": "9f3263f4",
        "T McCoy": "423cd1f2",
        "T Thorpe": "9e547805",
        "Terez Parker": "d871bec5"
      }
    },
    "season": "2022",
    "team_type": "club",
    "teams": [
      "Leeward Islands",
      "Trinidad and Tobago"
    ],
    "toss": {
      "decision": "field",
      "winner": "Leeward Islands"
    },
    "venue": "Guyana National Stadium, Providence"
  },
  "innings": [
    {
      "team": "Trinidad and Tobago",
      "overs": [
        {
          "over": 0,
          "deliveries": [
            {
              "batter": "R Boyce",
              "bowler": "T Thorpe",
              "extras": {
                "wides": 1
              },
              "non_striker": "R Vincent",
              "runs": {
                "batter": 0,
                "extras": 1,
                "total": 1
              }
            },
            {
              "batter": "R Boyce",
              "bowler": "T Thorpe",
              "non_striker": "R Vincent",
              "runs": {
                "batter": 0,
                "extras": 0,
                "total": 0
              }
            },
            {
              "batter": "R Boyce",
              "bowler": "T Thorpe",
              "non_striker": "R Vincent",
              "runs": {
                "batter": 0,
                "extras": 0,
                "total": 0
              }
            },
            {
              "batter": "R Boyce",
              "bowler": "T Thorpe",
              "non_striker": "R Vincent",
              "runs": {
                "batter": 0,
                "extras": 0,
                "total": 0
              }
            },
            {
              "batter": "R Boyce",
              "bowler": "T Thorpe",
              "non_striker": "R Vincent",
              "runs": {
                "batter": 1,
                "extras": 0,
                "total": 1
              }
            },
            {
              "batter": "R Vincent",
              "bowler": "T Thorpe",
              "non_striker": "R Boyce",
              "runs": {
                "batter": 0,
                "extras": 0,
                "total": 0
              }
            },
            {
              "batter": "R Vincent",
              "bowler": "T Thorpe",
              "non_striker": "R Boyce",
              "runs": {
                "batter": 0,
                "extras": 0,
                "total": 0
              },
              "wickets": [
                {
                  "player_out": "R Vincent",
                  "fielders": [
                    {
                      "name": "Terez Parker"
                    }
                  ],
                  "kind": "caught"
                }
              ]
            }
          ]
        },
        {
          "over": 1,
          "deliveries": [
            {
              "batter": "R Boyce",
              "bowler": "R Liburd",
              "non_striker": "B Cooper",
              "runs": {
                "batter": 0,
                "extras": 0,
                "total": 0
              }
            },
            {
              "batter": "R Boyce",
              "bowler": "R Liburd",
              "non_striker": "B Cooper",
              "runs": {
                "batter": 0,
                "extras": 0,
                "total": 0
              }
            },
            {
              "batter": "R Boyce",
              "bowler": "R Liburd",
              "non_striker": "B Cooper",
              "runs": {
                "batter": 4,
                "extras": 0,
                "total": 4
              }
            },
            {
              "batter": "R Boyce",
              "bowler": "R Liburd",
              "non_striker": "B Cooper",
              "runs": {
                "batter": 0,
                "extras": 0,
                "total": 0
              }
            },
            {
              "batter": "R Boyce",
              "bowler": "R Liburd",
              "non_striker": "B Cooper",
              "runs": {
                "batter": 0,
                "extras": 0,
                "total": 0
              },
              "wickets": [
                {
                  "player_out": "R Boyce",
                  "kind": "lbw"
                }
              ]
            },
            {
              "batter": "D Joseph",
              "bowler": "R Liburd",
              "non_striker": "B Cooper",
              "runs": {
                "batter": 0,
                "extras": 0,
                "total": 0
              }
            }
          ]
        },
        {
          "over": 2,
          "deliveries": [
            {
              "batter": "B Cooper",
              "bowler": "T Thorpe",
              "non_striker": "D Joseph",
              "runs": {
                "batter": 0,
                "extras": 0,
                "total": 0
              }
            },
            {
              "batter": "B Cooper",
              "bowler": "T Thorpe",
              "non_striker": "D Joseph",
              "runs": {
                "batter": 1,
                "extras": 0,
                "total": 1
              }
            },
            {
              "batter": "D Joseph",
              "bowler": "T Thorpe",
              "extras": {
                "wides": 1
              },
              "non_striker": "B Cooper",
              "runs": {
                "batter": 0,
                "extras": 1,
                "total": 1
              }
            },
            {
              "batter": "D Joseph",
              "bowler": "T Thorpe",
              "non_striker": "B Cooper",
              "runs": {
                "batter": 0,
                "extras": 0,
                "total": 0
              }
            },
            {
              "batter": "D Joseph",
              "bowler": "T Thorpe",
              "non_striker": "B Cooper",
              "runs": {
                "batter": 0,
                "extras": 0,
                "total": 0
              }
            },
            {
              "batter": "D Joseph",
              "bowler": "T Thorpe",
              "non_striker": "B Cooper",
              "runs": {
                "batter": 0,
                "extras": 0,
                "total": 0
              }
            },
            {
              "batter": "D Joseph",
              "bowler": "T Thorpe",
              "non_striker": "B Cooper",
              "runs": {
                "batter": 0,
                "extras": 0,
                "total": 0
              }
            }
          ]
        },
        {
          "over": 3,
          "deliveries": [
            {
              "batter": "B Cooper",
              "bowler": "R Liburd",
              "non_striker": "D Joseph",
              "runs": {
                "batter": 2,
                "extras": 0,
                "total": 2
              }
            },
            {
              "batter": "B Cooper",
              "bowler": "R Liburd",
              "non_striker": "D Joseph",
              "runs": {
                "batter": 0,
                "extras": 0,
                "total": 0
              }
            },
            {
              "batter": "B Cooper",
              "bowler": "R Liburd",
              "extras": {
                "legbyes": 1
              },
              "non_striker": "D Joseph",
              "runs": {
                "batter": 0,
                "extras": 1,
                "total": 1
              }
            },
            {
              "batter": "D Joseph",
              "bowler": "R Liburd",
              "non_striker": "B Cooper",
              "runs": {
                "batter": 0,
                "extras": 0,
                "total": 0
              }
            },
            {
              "batter": "D Joseph",
              "bowler": "R Liburd",
              "non_striker": "B Cooper",
              "runs": {
                "batter": 1,
                "extras": 0,
                "total": 1
              }
            },
            {
              "batter": "B Cooper",
              "bowler": "R Liburd",
              "non_striker": "D Joseph",
              "runs": {
                "batter": 0,
                "extras": 0,
                "total": 0
              },
              "wickets": [
                {
                  "player_out": "B Cooper",
                  "kind": "lbw"
                }
              ]
            }
          ]
        },
        {
          "over": 4,
          "deliveries": [
            {
              "batter": "D Joseph",
              "bowler": "T Thorpe",
              "non_striker": "S Lord",
              "runs": {
                "batter": 0,
                "extras": 0,
                "total": 0
              }
            },
            {
              "batter": "D Joseph",
              "bowler": "T Thorpe",
              "non_striker": "S Lord",
              "runs": {
                "batter": 0,
                "extras": 0,
                "total": 0
              }
            },
            {
              "batter": "D Joseph",
              "bowler": "T Thorpe",
              "extras": {
                "legbyes": 1
              },
              "non_striker": "S Lord",
              "runs": {
                "batter": 0,
                "extras": 1,
                "total": 1
              }
            },
            {
              "batter": "S Lord",
              "bowler": "T Thorpe",
              "non_striker": "D Joseph",
              "runs": {
                "batter": 0,
                "extras": 0,
                "total": 0
              }
            },
            {
              "batter": "S Lord",
              "bowler": "T Thorpe",
              "extras": {
                "wides": 1
              },
              "non_striker": "D Joseph",
              "runs": {
                "batter": 0,
                "extras": 1,
                "total": 1
              }
            },
            {
              "batter": "S Lord",
              "bowler": "T Thorpe",
              "non_striker": "D Joseph",
              "runs": {
                "batter": 0,
                "extras": 0,
                "total": 0
              }
            },
            {
              "batter": "S Lord",
              "bowler": "T Thorpe",
              "non_striker": "D Joseph",
              "runs": {
                "batter": 1,
                "extras": 0,
                "total": 1
              }
            }
          ]
        },
        {
          "over": 5,
          "deliveries": [
            {
              "batter": "S Lord",
              "bowler": "R Liburd",
              "non_striker": "D Joseph",
              "runs": {
                "batter": 0,
                "extras": 0,
                "total": 0
              }
            },
            {
              "batter": "S Lord",
              "bowler": "R Liburd",
              "non_striker": "D Joseph",
              "runs": {
                "batter": 0,
                "extras": 0,
                "total": 0
              }
            },
            {
              "batter": "S Lord",
              "bowler": "R Liburd",
              "non_striker": "D Joseph",
              "runs": {
                "batter": 0,
                "extras": 0,
                "total": 0
              }
            },
            {
              "batter": "S Lord",
              "bowler": "R Liburd",
              "non_striker": "D Joseph",
              "runs": {
                "batter": 0,
                "extras": 0,
                "total": 0
              }
            },
            {
              "batter": "S Lord",
              "bowler": "R Liburd",
              "non_striker": "D Joseph",
              "runs": {
                "batter": 0,
                "extras": 0,
                "total": 0
              }
            },
            {
              "batter": "S Lord",
              "bowler": "R Liburd",
              "non_striker": "D Joseph",
              "runs": {
                "batter": 2,
                "extras": 0,
                "total": 2
              }
            }
          ]
        },
        {
          "over": 6,
          "deliveries": [
            {
              "batter": "D Joseph",
              "bowler": "M Clarke",
              "non_striker": "S Lord",
              "runs": {
                "batter": 0,
                "extras": 0,
                "total": 0
              }
            },
            {
              "batter": "D Joseph",
              "bowler": "M Clarke",
              "non_striker": "S Lord",
              "runs": {
                "batter": 0,
                "extras": 0,
                "total": 0
              }
            },
            {
              "batter": "D Joseph",
              "bowler": "M Clarke",
              "non_striker": "S Lord",
              "runs": {
                "batter": 1,
                "extras": 0,
                "total": 1
              }
            },
            {
              "batter": "S Lord",
              "bowler": "M Clarke",
              "non_striker": "D Joseph",
              "runs": {
                "batter": 4,
                "extras": 0,
                "total": 4
              }
            },
            {
              "batter": "S Lord",
              "bowler": "M Clarke",
              "non_striker": "D Joseph",
              "runs": {
                "batter": 1,
                "extras": 0,
                "total": 1
              }
            },
            {
              "batter": "D Joseph",
              "bowler": "M Clarke",
              "non_striker": "S Lord",
              "runs": {
                "batter": 0,
                "extras": 0,
                "total": 0
              }
            }
          ]
        },
        {
          "over": 7,
          "deliveries": [
            {
              "batter": "S Lord",
              "bowler": "R Liburd",
              "non_striker": "D Joseph",
              "runs": {
                "batter": 4,
                "extras": 0,
                "total": 4
              }
            },
            {
              "batter": "S Lord",
              "bowler": "R Liburd",
              "non_striker": "D Joseph",
              "runs": {
                "batter": 0,
                "extras": 0,
                "total": 0
              }
            },
            {
              "batter": "S Lord",
              "bowler": "R Liburd",
              "non_striker": "D Joseph",
              "runs": {
                "batter": 1,
                "extras": 0,
                "total": 1
              }
            },
            {
              "batter": "D Joseph",
              "bowler": "R Liburd",
              "non_striker": "S Lord",
              "runs": {
                "batter": 0,
                "extras": 0,
                "total": 0
              }
            },
            {
              "batter": "D Joseph",
              "bowler": "R Liburd",
              "non_striker": "S Lord",
              "runs": {
                "batter": 0,
                "extras": 0,
                "total": 0
              }
            },
            {
              "batter": "D Joseph",
              "bowler": "R Liburd",
              "non_striker": "S Lord",
              "runs": {
                "batter": 0,
                "extras": 0,
                "total": 0
              }
            }
          ]
        },
        {
          "over": 8,
          "deliveries": [
            {
              "batter": "S Lord",
              "bowler": "M Clarke",
              "non_striker": "D Joseph",
              "runs": {
                "batter": 0,
                "extras": 0,
                "total": 0
              }
            },
            {
              "batter": "S Lord",
              "bowler": "M Clarke",
              "non_striker": "D Joseph",
              "runs": {
                "batter": 4,
                "extras": 0,
                "total": 4
              }
            },
            {
              "batter": "S Lord",
              "bowler": "M Clarke",
              "non_striker": "D Joseph",
              "runs": {
                "batter": 0,
                "extras": 0,
                "total": 0
              }
            },
            {
              "batter": "S Lord",
              "bowler": "M Clarke",
              "non_striker": "D Joseph",
              "runs": {
                "batter": 0,
                "extras": 0,
                "total": 0
              },
              "wickets": [
                {
                  "player_out": "S Lord",
                  "fielders": [
                    {
                      "name": "Terez Parker"
                    }
                  ],
                  "kind": "caught"
                }
              ]
            },
            {
              "batter": "K Ramharack",
              "bowler": "M Clarke",
              "extras": {
                "wides": 1
              },
              "non_striker": "D Joseph",
              "runs": {
                "batter": 0,
                "extras": 1,
                "total": 1
              }
            },
            {
              "batter": "K Ramharack",
              "bowler": "M Clarke",
              "non_striker": "D Joseph",
              "runs": {
                "batter": 0,
                "extras": 0,
                "total": 0
              }
            },
            {
              "batter": "K Ramharack",
              "bowler": "M Clarke",
              "non_striker": "D Joseph",
              "runs": {
                "batter": 2,
                "extras": 0,
                "total": 2
              }
            }
          ]
        },
        {
          "over": 9,
          "deliveries": [
            {
              "batter": "D Joseph",
              "bowler": "J Richards",
              "non_striker": "K Ramharack",
              "runs": {
                "batter": 0,
                "extras": 0,
                "total": 0
              }
            },
            {
              "batter": "D Joseph",
              "bowler": "J Richards",
              "non_striker": "K Ramharack",
              "runs": {
                "batter": 1,
                "extras": 0,
                "total": 1
              }
            },
            {
              "batter": "K Ramharack",
              "bowler": "J Richards",
              "non_striker": "D Joseph",
              "runs": {
                "batter": 0,
                "extras": 0,
                "total": 0
              }
            },
            {
              "batter": "K Ramharack",
              "bowler": "J Richards",
              "non_striker": "D Joseph",
              "runs": {
                "batter": 0,
                "extras": 0,
                "total": 0
              }
            },
            {
              "batter": "K Ramharack",
              "bowler": "J Richards",
              "non_striker": "D Joseph",
              "runs": {
                "batter": 0,
                "extras": 0,
                "total": 0
              },
              "wickets": [
                {
                  "player_out": "K Ramharack",
                  "kind": "lbw"
                }
              ]
            },
            {
              "batter": "LAGL Kirby",
              "bowler": "J Richards",
              "extras": {
                "wides": 1
              },
              "non_striker": "D Joseph",
              "runs": {
                "batter": 0,
                "extras": 1,
                "total": 1
              }
            },
            {
              "batter": "LAGL Kirby",
              "bowler": "J Richards",
              "non_striker": "D Joseph",
              "runs": {
                "batter": 2,
                "extras": 0,
                "total": 2
              }
            }
          ]
        },
        {
          "over": 10,
          "deliveries": [
            {
              "batter": "D Joseph",
              "bowler": "M Clarke",
              "non_striker": "LAGL Kirby",
              "runs": {
                "batter": 0,
                "extras": 0,
                "total": 0
              }
            },
            {
              "batter": "D Joseph",
              "bowler": "M Clarke",
              "non_striker": "LAGL Kirby",
              "runs": {
                "batter": 0,
                "extras": 0,
                "total": 0
              }
            },
            {
              "batter": "D Joseph",
              "bowler": "M Clarke",
              "non_striker": "LAGL Kirby",
              "runs": {
                "batter": 2,
                "extras": 0,
                "total": 2
              }
            },
            {
              "batter": "D Joseph",
              "bowler": "M Clarke",
              "non_striker": "LAGL Kirby",
              "runs": {
                "batter": 0,
                "extras": 0,
                "total": 0
              }
            },
            {
              "batter": "D Joseph",
              "bowler": "M Clarke",
              "non_striker": "LAGL Kirby",
              "runs": {
                "batter": 0,
                "extras": 0,
                "total": 0
              }
            },
            {
              "batter": "D Joseph",
              "bowler": "M Clarke",
              "non_striker": "LAGL Kirby",
              "runs": {
                "batter": 0,
                "extras": 0,
                "total": 0
              }
            }
          ]
        },
        {
          "over": 11,
          "deliveries": [
            {
              "batter": "LAGL Kirby",
              "bowler": "J Richards",
              "non_striker": "D Joseph",
              "runs": {
                "batter": 0,
                "extras": 0,
                "total": 0
              }
            },
            {
              "batter": "LAGL Kirby",
              "bowler": "J Richards",
              "non_striker": "D Joseph",
              "runs": {
                "batter": 2,
                "extras": 0,
                "total": 2
              }
            },
            {
              "batter": "LAGL Kirby",
              "bowler": "J Richards",
              "non_striker": "D Joseph",
              "runs": {
                "batter": 1,
                "extras": 0,
                "total": 1
              }
            },
            {
              "batter": "D Joseph",
              "bowler": "J Richards",
              "non_striker": "LAGL Kirby",
              "runs": {
                "batter": 0,
                "extras": 0,
                "total": 0
              }
            },
            {
              "batter": "D Joseph",
              "bowler": "J Richards",
              "non_striker": "LAGL Kirby",
              "runs": {
                "batter": 0,
                "extras": 0,
                "total": 0
              }
            },
            {
              "batter": "D Joseph",
              "bowler": "J Richards",
              "non_striker": "LAGL Kirby",
              "runs": {
                "batter": 2,
                "extras": 0,
                "total": 2
              }
            }
          ]
        },
        {
          "over": 12,
          "deliveries": [
            {
              "batter": "LAGL Kirby",
              "bowler": "T Martin",
              "extras": {
                "wides": 1
              },
              "non_striker": "D Joseph",
              "runs": {
                "batter": 0,
                "extras": 1,
                "total": 1
              }
            },
            {
              "batter": "LAGL Kirby",
              "bowler": "T Martin",
              "extras": {
                "wides": 1
              },
              "non_striker": "D Joseph",
              "runs": {
                "batter": 0,
                "extras": 1,
                "total": 1
              }
            },
            {
              "batter": "LAGL Kirby",
              "bowler": "T Martin",
              "non_striker": "D Joseph",
              "runs": {
                "batter": 0,
                "extras": 0,
                "total": 0
              }
            },
            {
              "batter": "LAGL Kirby",
              "bowler": "T Martin",
              "non_striker": "D Joseph",
              "runs": {
                "batter": 0,
                "extras": 0,
                "total": 0
              }
            },
            {
              "batter": "LAGL Kirby",
              "bowler": "T Martin",
              "non_striker": "D Joseph",
              "runs": {
                "batter": 0,
                "extras": 0,
                "total": 0
              }
            },
            {
              "batter": "LAGL Kirby",
              "bowler": "T Martin",
              "non_striker": "D Joseph",
              "runs": {
                "batter": 1,
                "extras": 0,
                "total": 1
              }
            },
            {
              "batter": "D Joseph",
              "bowler": "T Martin",
              "non_striker": "LAGL Kirby",
              "runs": {
                "batter": 1,
                "extras": 0,
                "total": 1
              }
            },
            {
              "batter": "LAGL Kirby",
              "bowler": "T Martin",
              "non_striker": "D Joseph",
              "runs": {
                "batter": 1,
                "extras": 0,
                "total": 1
              }
            }
          ]
        },
        {
          "over": 13,
          "deliveries": [
            {
              "batter": "LAGL Kirby",
              "bowler": "J Richards",
              "non_striker": "D Joseph",
              "runs": {
                "batter": 0,
                "extras": 0,
                "total": 0
              }
            },
            {
              "batter": "LAGL Kirby",
              "bowler": "J Richards",
              "non_striker": "D Joseph",
              "runs": {
                "batter": 4,
                "extras": 0,
                "total": 4
              }
            },
            {
              "batter": "LAGL Kirby",
              "bowler": "J Richards",
              "extras": {
                "noballs": 1
              },
              "non_striker": "D Joseph",
              "runs": {
                "batter": 1,
                "extras": 1,
                "total": 2
              }
            },
            {
              "batter": "D Joseph",
              "bowler": "J Richards",
              "non_striker": "LAGL Kirby",
              "runs": {
                "batter": 1,
                "extras": 0,
                "total": 1
              }
            },
            {
              "batter": "LAGL Kirby",
              "bowler": "J Richards",
              "extras": {
                "noballs": 1
              },
              "non_striker": "D Joseph",
              "runs": {
                "batter": 0,
                "extras": 1,
                "total": 1
              }
            },
            {
              "batter": "LAGL Kirby",
              "bowler": "J Richards",
              "non_striker": "D Joseph",
              "runs": {
                "batter": 2,
                "extras": 0,
                "total": 2
              }
            },
            {
              "batter": "LAGL Kirby",
              "bowler": "J Richards",
              "non_striker": "D Joseph",
              "runs": {
                "batter": 0,
                "extras": 0,
                "total": 0
              }
            },
            {
              "batter": "LAGL Kirby",
              "bowler": "J Richards",
              "non_striker": "D Joseph",
              "runs": {
                "batter": 1,
                "extras": 0,
                "total": 1
              }
            }
          ]
        },
        {
          "over": 14,
          "deliveries": [
            {
              "batter": "LAGL Kirby",
              "bowler": "T Martin",
              "non_striker": "D Joseph",
              "runs": {
                "batter": 1,
                "extras": 0,
                "total": 1
              }
            },
            {
              "batter": "D Joseph",
              "bowler": "T Martin",
              "extras": {
                "wides": 1
              },
              "non_striker": "LAGL Kirby",
              "runs": {
                "batter": 0,
                "extras": 1,
                "total": 1
              }
            },
            {
              "batter": "D Joseph",
              "bowler": "T Martin",
              "non_striker": "LAGL Kirby",
              "runs": {
                "batter": 0,
                "extras": 0,
                "total": 0
              }
            },
            {
              "batter": "D Joseph",
              "bowler": "T Martin",
              "non_striker": "LAGL Kirby",
              "runs": {
                "batter": 0,
                "extras": 0,
                "total": 0
              }
            },
            {
              "batter": "D Joseph",
              "bowler": "T Martin",
              "non_striker": "LAGL Kirby",
              "runs": {
                "batter": 1,
                "extras": 0,
                "total": 1
              }
            },
            {
              "batter": "LAGL Kirby",
              "bowler": "T Martin",
              "extras": {
                "wides": 1
              },
              "non_striker": "D Joseph",
              "runs": {
                "batter": 0,
                "extras": 1,
                "total": 1
              }
            },
            {
              "batter": "LAGL Kirby",
              "bowler": "T Martin",
              "extras": {
                "wides": 1
              },
              "non_striker": "D Joseph",
              "runs": {
                "batter": 0,
                "extras": 1,
                "total": 1
              }
            },
            {
              "batter": "LAGL Kirby",
              "bowler": "T Martin",
              "non_striker": "D Joseph",
              "runs": {
                "batter": 1,
                "extras": 0,
                "total": 1
              }
            },
            {
              "batter": "D Joseph",
              "bowler": "T Martin",
              "non_striker": "LAGL Kirby",
              "runs": {
                "batter": 4,
                "extras": 0,
                "total": 4
              }
            }
          ]
        },
        {
          "over": 15,
          "deliveries": [
            {
              "batter": "LAGL Kirby",
              "bowler": "S Willett",
              "non_striker": "D Joseph",
              "runs": {
                "batter": 4,
                "extras": 0,
                "total": 4
              }
            },
            {
              "batter": "LAGL Kirby",
              "bowler": "S Willett",
              "non_striker": "D Joseph",
              "runs": {
                "batter": 1,
                "extras": 0,
                "total": 1
              }
            },
            {
              "batter": "D Joseph",
              "bowler": "S Willett",
              "non_striker": "LAGL Kirby",
              "runs": {
                "batter": 0,
                "extras": 0,
                "total": 0
              }
            },
            {
              "batter": "D Joseph",
              "bowler": "S Willett",
              "non_striker": "LAGL Kirby",
              "runs": {
                "batter": 0,
                "extras": 0,
                "total": 0
              }
            },
            {
              "batter": "D Joseph",
              "bowler": "S Willett",
              "non_striker": "LAGL Kirby",
              "runs": {
                "batter": 1,
                "extras": 0,
                "total": 1
              }
            },
            {
              "batter": "LAGL Kirby",
              "bowler": "S Willett",
              "non_striker": "D Joseph",
              "runs": {
                "batter": 0,
                "extras": 0,
                "total": 0
              }
            }
          ]
        },
        {
          "over": 16,
          "deliveries": [
            {
              "batter": "D Joseph",
              "bowler": "M Clarke",
              "non_striker": "LAGL Kirby",
              "runs": {
                "batter": 0,
                "extras": 0,
                "total": 0
              }
            },
            {
              "batter": "D Joseph",
              "bowler": "M Clarke",
              "non_striker": "LAGL Kirby",
              "runs": {
                "batter": 1,
                "extras": 0,
                "total": 1
              }
            },
            {
              "batter": "LAGL Kirby",
              "bowler": "M Clarke",
              "non_striker": "D Joseph",
              "runs": {
                "batter": 0,
                "extras": 0,
                "total": 0
              }
            },
            {
              "batter": "LAGL Kirby",
              "bowler": "M Clarke",
              "extras": {
                "wides": 1
              },
              "non_striker": "D Joseph",
              "runs": {
                "batter": 0,
                "extras": 1,
                "total": 1
              }
            },
            {
              "batter": "LAGL Kirby",
              "bowler": "M Clarke",
              "non_striker": "D Joseph",
              "runs": {
                "batter": 4,
                "extras": 0,
                "total": 4
              }
            },
            {
              "batter": "LAGL Kirby",
              "bowler": "M Clarke",
              "non_striker": "D Joseph",
              "runs": {
                "batter": 0,
                "extras": 0,
                "total": 0
              }
            },
            {
              "batter": "LAGL Kirby",
              "bowler": "M Clarke",
              "non_striker": "D Joseph",
              "runs": {
                "batter": 0,
                "extras": 0,
                "total": 0
              }
            }
          ]
        },
        {
          "over": 17,
          "deliveries": [
            {
              "batter": "D Joseph",
              "bowler": "S Willett",
              "non_striker": "LAGL Kirby",
              "runs": {
                "batter": 4,
                "extras": 0,
                "total": 4
              }
            },
            {
              "batter": "D Joseph",
              "bowler": "S Willett",
              "non_striker": "LAGL Kirby",
              "runs": {
                "batter": 0,
                "extras": 0,
                "total": 0
              }
            },
            {
              "batter": "D Joseph",
              "bowler": "S Willett",
              "non_striker": "LAGL Kirby",
              "runs": {
                "batter": 1,
                "extras": 0,
                "total": 1
              },
              "wickets": [
                {
                  "player_out": "LAGL Kirby",
                  "fielders": [
                    {
                      "name": "Terez Parker"
                    }
                  ],
                  "kind": "run out"
                }
              ]
            },
            {
              "batter": "D Joseph",
              "bowler": "S Willett",
              "non_striker": "S Soogrim",
              "runs": {
                "batter": 0,
                "extras": 0,
                "total": 0
              }
            },
            {
              "batter": "D Joseph",
              "bowler": "S Willett",
              "non_striker": "S Soogrim",
              "runs": {
                "batter": 0,
                "extras": 0,
                "total": 0
              }
            },
            {
              "batter": "D Joseph",
              "bowler": "S Willett",
              "non_striker": "S Soogrim",
              "runs": {
                "batter": 2,
                "extras": 0,
                "total": 2
              }
            }
          ]
        },
        {
          "over": 18,
          "deliveries": [
            {
              "batter": "S Soogrim",
              "bowler": "T Thorpe",
              "non_striker": "D Joseph",
              "runs": {
                "batter": 2,
                "extras": 0,
                "total": 2
              }
            },
            {
              "batter": "S Soogrim",
              "bowler": "T Thorpe",
              "non_striker": "D Joseph",
              "runs": {
                "batter": 0,
                "extras": 0,
                "total": 0
              }
            },
            {
              "batter": "S Soogrim",
              "bowler": "T Thorpe",
              "non_striker": "D Joseph",
              "runs": {
                "batter": 1,
                "extras": 0,
                "total": 1
              }
            },
            {
              "batter": "D Joseph",
              "bowler": "T Thorpe",
              "non_striker": "S Soogrim",
              "runs": {
                "batter": 0,
                "extras": 0,
                "total": 0
              },
              "wickets": [
                {
                  "player_out": "D Joseph",
                  "fielders": [
                    {
                      "name": "Terez Parker"
                    }
                  ],
                  "kind": "caught"
                }
              ]
            },
            {
              "batter": "A Mohammed",
              "bowler": "T Thorpe",
              "non_striker": "S Soogrim",
              "runs": {
                "batter": 0,
                "extras": 0,
                "total": 0
              }
            },
            {
              "batter": "A Mohammed",
              "bowler": "T Thorpe",
              "non_striker": "S Soogrim",
              "runs": {
                "batter": 1,
                "extras": 0,
                "total": 1
              }
            }
          ]
        },
        {
          "over": 19,
          "deliveries": [
            {
              "batter": "A Mohammed",
              "bowler": "S Willett",
              "non_striker": "S Soogrim",
              "runs": {
                "batter": 2,
                "extras": 0,
                "total": 2
              }
            },
            {
              "batter": "A Mohammed",
              "bowler": "S Willett",
              "non_striker": "S Soogrim",
              "runs": {
                "batter": 4,
                "extras": 0,
                "total": 4
              }
            },
            {
              "batter": "A Mohammed",
              "bowler": "S Willett",
              "non_striker": "S Soogrim",
              "runs": {
                "batter": 0,
                "extras": 0,
                "total": 0
              }
            },
            {
              "batter": "A Mohammed",
              "bowler": "S Willett",
              "non_striker": "S Soogrim",
              "runs": {
                "batter": 2,
                "extras": 0,
                "total": 2
              }
            },
            {
              "batter": "A Mohammed",
              "bowler": "S Willett",
              "non_striker": "S Soogrim",
              "runs": {
                "batter": 4,
                "extras": 0,
                "total": 4
              }
            },
            {
              "batter": "A Mohammed",
              "bowler": "S Willett",
              "non_striker": "S Soogrim",
              "runs": {
                "batter": 1,
                "extras": 0,
                "total": 1
              }
            }
          ]
        }
      ],
      "powerplays": [
        {
          "from": 0.1,
          "to": 5.6,
          "type": "mandatory"
        }
      ]
    },
    {
      "team": "Leeward Islands",
      "overs": [
        {
          "over": 0,
          "deliveries": [
            {
              "batter": "M Clarke",
              "bowler": "LAGL Kirby",
              "non_striker": "J Richards",
              "runs": {
                "batter": 0,
                "extras": 0,
                "total": 0
              }
            },
            {
              "batter": "M Clarke",
              "bowler": "LAGL Kirby",
              "non_striker": "J Richards",
              "runs": {
                "batter": 1,
                "extras": 0,
                "total": 1
              }
            },
            {
              "batter": "J Richards",
              "bowler": "LAGL Kirby",
              "non_striker": "M Clarke",
              "runs": {
                "batter": 0,
                "extras": 0,
                "total": 0
              }
            },
            {
              "batter": "J Richards",
              "bowler": "LAGL Kirby",
              "non_striker": "M Clarke",
              "runs": {
                "batter": 0,
                "extras": 0,
                "total": 0
              }
            },
            {
              "batter": "J Richards",
              "bowler": "LAGL Kirby",
              "non_striker": "M Clarke",
              "runs": {
                "batter": 1,
                "extras": 0,
                "total": 1
              }
            },
            {
              "batter": "M Clarke",
              "bowler": "LAGL Kirby",
              "non_striker": "J Richards",
              "runs": {
                "batter": 1,
                "extras": 0,
                "total": 1
              }
            }
          ]
        },
        {
          "over": 1,
          "deliveries": [
            {
              "batter": "M Clarke",
              "bowler": "K Ramharack",
              "non_striker": "J Richards",
              "runs": {
                "batter": 0,
                "extras": 0,
                "total": 0
              }
            },
            {
              "batter": "M Clarke",
              "bowler": "K Ramharack",
              "non_striker": "J Richards",
              "runs": {
                "batter": 1,
                "extras": 0,
                "total": 1
              }
            },
            {
              "batter": "J Richards",
              "bowler": "K Ramharack",
              "non_striker": "M Clarke",
              "runs": {
                "batter": 0,
                "extras": 0,
                "total": 0
              }
            },
            {
              "batter": "J Richards",
              "bowler": "K Ramharack",
              "non_striker": "M Clarke",
              "runs": {
                "batter": 1,
                "extras": 0,
                "total": 1
              }
            },
            {
              "batter": "M Clarke",
              "bowler": "K Ramharack",
              "non_striker": "J Richards",
              "runs": {
                "batter": 0,
                "extras": 0,
                "total": 0
              }
            },
            {
              "batter": "M Clarke",
              "bowler": "K Ramharack",
              "non_striker": "J Richards",
              "runs": {
                "batter": 0,
                "extras": 0,
                "total": 0
              }
            }
          ]
        },
        {
          "over": 2,
          "deliveries": [
            {
              "batter": "J Richards",
              "bowler": "LAGL Kirby",
              "non_striker": "M Clarke",
              "runs": {
                "batter": 0,
                "extras": 0,
                "total": 0
              }
            },
            {
              "batter": "J Richards",
              "bowler": "LAGL Kirby",
              "non_striker": "M Clarke",
              "runs": {
                "batter": 0,
                "extras": 0,
                "total": 0
              }
            },
            {
              "batter": "J Richards",
              "bowler": "LAGL Kirby",
              "non_striker": "M Clarke",
              "runs": {
                "batter": 0,
                "extras": 0,
                "total": 0
              }
            },
            {
              "batter": "J Richards",
              "bowler": "LAGL Kirby",
              "non_striker": "M Clarke",
              "runs": {
                "batter": 0,
                "extras": 0,
                "total": 0
              }
            },
            {
              "batter": "J Richards",
              "bowler": "LAGL Kirby",
              "non_striker": "M Clarke",
              "runs": {
                "batter": 4,
                "extras": 0,
                "total": 4
              }
            },
            {
              "batter": "J Richards",
              "bowler": "LAGL Kirby",
              "non_striker": "M Clarke",
              "runs": {
                "batter": 1,
                "extras": 0,
                "total": 1
              }
            }
          ]
        },
        {
          "over": 3,
          "deliveries": [
            {
              "batter": "J Richards",
              "bowler": "K Ramharack",
              "non_striker": "M Clarke",
              "runs": {
                "batter": 1,
                "extras": 0,
                "total": 1
              }
            },
            {
              "batter": "M Clarke",
              "bowler": "K Ramharack",
              "non_striker": "J Richards",
              "runs": {
                "batter": 0,
                "extras": 0,
                "total": 0
              }
            },
            {
              "batter": "M Clarke",
              "bowler": "K Ramharack",
              "non_striker": "J Richards",
              "runs": {
                "batter": 0,
                "extras": 0,
                "total": 0
              }
            },
            {
              "batter": "M Clarke",
              "bowler": "K Ramharack",
              "non_striker": "J Richards",
              "runs": {
                "batter": 0,
                "extras": 0,
                "total": 0
              }
            },
            {
              "batter": "M Clarke",
              "bowler": "K Ramharack",
              "non_striker": "J Richards",
              "runs": {
                "batter": 0,
                "extras": 0,
                "total": 0
              }
            },
            {
              "batter": "M Clarke",
              "bowler": "K Ramharack",
              "non_striker": "J Richards",
              "runs": {
                "batter": 0,
                "extras": 0,
                "total": 0
              },
              "wickets": [
                {
                  "player_out": "M Clarke",
                  "fielders": [
                    {
                      "name": "A Mohammed"
                    }
                  ],
                  "kind": "caught"
                }
              ]
            }
          ]
        },
        {
          "over": 4,
          "deliveries": [
            {
              "batter": "J Richards",
              "bowler": "LAGL Kirby",
              "non_striker": "R Dolabaille",
              "runs": {
                "batter": 2,
                "extras": 0,
                "total": 2
              }
            },
            {
              "batter": "J Richards",
              "bowler": "LAGL Kirby",
              "non_striker": "R Dolabaille",
              "runs": {
                "batter": 2,
                "extras": 0,
                "total": 2
              }
            },
            {
              "batter": "J Richards",
              "bowler": "LAGL Kirby",
              "non_striker": "R Dolabaille",
              "runs": {
                "batter": 0,
                "extras": 0,
                "total": 0
              }
            },
            {
              "batter": "J Richards",
              "bowler": "LAGL Kirby",
              "non_striker": "R Dolabaille",
              "runs": {
                "batter": 0,
                "extras": 0,
                "total": 0
              }
            },
            {
              "batter": "J Richards",
              "bowler": "LAGL Kirby",
              "non_striker": "R Dolabaille",
              "runs": {
                "batter": 1,
                "extras": 0,
                "total": 1
              }
            },
            {
              "batter": "R Dolabaille",
              "bowler": "LAGL Kirby",
              "non_striker": "J Richards",
              "runs": {
                "batter": 0,
                "extras": 0,
                "total": 0
              },
              "wickets": [
                {
                  "player_out": "R Dolabaille",
                  "kind": "bowled"
                }
              ]
            }
          ]
        },
        {
          "over": 5,
          "deliveries": [
            {
              "batter": "J Richards",
              "bowler": "K Ramharack",
              "non_striker": "T Thorpe",
              "runs": {
                "batter": 0,
                "extras": 0,
                "total": 0
              }
            },
            {
              "batter": "J Richards",
              "bowler": "K Ramharack",
              "non_striker": "T Thorpe",
              "runs": {
                "batter": 1,
                "extras": 0,
                "total": 1
              }
            },
            {
              "batter": "T Thorpe",
              "bowler": "K Ramharack",
              "non_striker": "J Richards",
              "runs": {
                "batter": 0,
                "extras": 0,
                "total": 0
              }
            },
            {
              "batter": "T Thorpe",
              "bowler": "K Ramharack",
              "non_striker": "J Richards",
              "runs": {
                "batter": 0,
                "extras": 0,
                "total": 0
              },
              "wickets": [
                {
                  "player_out": "T Thorpe",
                  "fielders": [
                    {
                      "name": "A Mohammed"
                    }
                  ],
                  "kind": "caught"
                }
              ]
            },
            {
              "batter": "S Willett",
              "bowler": "K Ramharack",
              "non_striker": "J Richards",
              "runs": {
                "batter": 0,
                "extras": 0,
                "total": 0
              }
            },
            {
              "batter": "S Willett",
              "bowler": "K Ramharack",
              "non_striker": "J Richards",
              "runs": {
                "batter": 0,
                "extras": 0,
                "total": 0
              }
            }
          ]
        },
        {
          "over": 6,
          "deliveries": [
            {
              "batter": "J Richards",
              "bowler": "LAGL Kirby",
              "non_striker": "S Willett",
              "runs": {
                "batter": 1,
                "extras": 0,
                "total": 1
              }
            },
            {
              "batter": "S Willett",
              "bowler": "LAGL Kirby",
              "non_striker": "J Richards",
              "runs": {
                "batter": 0,
                "extras": 0,
                "total": 0
              }
            },
            {
              "batter": "S Willett",
              "bowler": "LAGL Kirby",
              "non_striker": "J Richards",
              "runs": {
                "batter": 0,
                "extras": 0,
                "total": 0
              }
            },
            {
              "batter": "S Willett",
              "bowler": "LAGL Kirby",
              "non_striker": "J Richards",
              "runs": {
                "batter": 0,
                "extras": 0,
                "total": 0
              }
            },
            {
              "batter": "S Willett",
              "bowler": "LAGL Kirby",
              "non_striker": "J Richards",
              "runs": {
                "batter": 1,
                "extras": 0,
                "total": 1
              }
            },
            {
              "batter": "J Richards",
              "bowler": "LAGL Kirby",
              "non_striker": "S Willett",
              "runs": {
                "batter": 1,
                "extras": 0,
                "total": 1
              }
            }
          ]
        },
        {
          "over": 7,
          "deliveries": [
            {
              "batter": "J Richards",
              "bowler": "K Ragoobar",
              "non_striker": "S Willett",
              "runs": {
                "batter": 0,
                "extras": 0,
                "total": 0
              }
            },
            {
              "batter": "J Richards",
              "bowler": "K Ragoobar",
              "non_striker": "S Willett",
              "runs": {
                "batter": 1,
                "extras": 0,
                "total": 1
              }
            },
            {
              "batter": "S Willett",
              "bowler": "K Ragoobar",
              "non_striker": "J Richards",
              "runs": {
                "batter": 0,
                "extras": 0,
                "total": 0
              }
            },
            {
              "batter": "S Willett",
              "bowler": "K Ragoobar",
              "non_striker": "J Richards",
              "runs": {
                "batter": 0,
                "extras": 0,
                "total": 0
              }
            },
            {
              "batter": "S Willett",
              "bowler": "K Ragoobar",
              "non_striker": "J Richards",
              "runs": {
                "batter": 0,
                "extras": 0,
                "total": 0
              }
            },
            {
              "batter": "S Willett",
              "bowler": "K Ragoobar",
              "non_striker": "J Richards",
              "runs": {
                "batter": 0,
                "extras": 0,
                "total": 0
              }
            }
          ]
        },
        {
          "over": 8,
          "deliveries": [
            {
              "batter": "J Richards",
              "bowler": "S Soogrim",
              "non_striker": "S Willett",
              "runs": {
                "batter": 0,
                "extras": 0,
                "total": 0
              }
            },
            {
              "batter": "J Richards",
              "bowler": "S Soogrim",
              "non_striker": "S Willett",
              "runs": {
                "batter": 1,
                "extras": 0,
                "total": 1
              }
            },
            {
              "batter": "S Willett",
              "bowler": "S Soogrim",
              "non_striker": "J Richards",
              "runs": {
                "batter": 1,
                "extras": 0,
                "total": 1
              }
            },
            {
              "batter": "J Richards",
              "bowler": "S Soogrim",
              "non_striker": "S Willett",
              "runs": {
                "batter": 0,
                "extras": 0,
                "total": 0
              }
            },
            {
              "batter": "J Richards",
              "bowler": "S Soogrim",
              "non_striker": "S Willett",
              "runs": {
                "batter": 1,
                "extras": 0,
                "total": 1
              }
            },
            {
              "batter": "S Willett",
              "bowler": "S Soogrim",
              "non_striker": "J Richards",
              "runs": {
                "batter": 2,
                "extras": 0,
                "total": 2
              }
            }
          ]
        },
        {
          "over": 9,
          "deliveries": [
            {
              "batter": "J Richards",
              "bowler": "K Ragoobar",
              "non_striker": "S Willett",
              "runs": {
                "batter": 0,
                "extras": 0,
                "total": 0
              }
            },
            {
              "batter": "J Richards",
              "bowler": "K Ragoobar",
              "non_striker": "S Willett",
              "runs": {
                "batter": 1,
                "extras": 0,
                "total": 1
              }
            },
            {
              "batter": "S Willett",
              "bowler": "K Ragoobar",
              "non_striker": "J Richards",
              "runs": {
                "batter": 0,
                "extras": 0,
                "total": 0
              }
            },
            {
              "batter": "S Willett",
              "bowler": "K Ragoobar",
              "non_striker": "J Richards",
              "runs": {
                "batter": 0,
                "extras": 0,
                "total": 0
              }
            },
            {
              "batter": "S Willett",
              "bowler": "K Ragoobar",
              "non_striker": "J Richards",
              "runs": {
                "batter": 0,
                "extras": 0,
                "total": 0
              }
            },
            {
              "batter": "S Willett",
              "bowler": "K Ragoobar",
              "non_striker": "J Richards",
              "runs": {
                "batter": 0,
                "extras": 0,
                "total": 0
              }
            }
          ]
        },
        {
          "over": 10,
          "deliveries": [
            {
              "batter": "J Richards",
              "bowler": "S Soogrim",
              "non_striker": "S Willett",
              "runs": {
                "batter": 0,
                "extras": 0,
                "total": 0
              }
            },
            {
              "batter": "J Richards",
              "bowler": "S Soogrim",
              "non_striker": "S Willett",
              "runs": {
                "batter": 4,
                "extras": 0,
                "total": 4
              }
            },
            {
              "batter": "J Richards",
              "bowler": "S Soogrim",
              "non_striker": "S Willett",
              "runs": {
                "batter": 0,
                "extras": 0,
                "total": 0
              },
              "wickets": [
                {
                  "player_out": "J Richards",
                  "kind": "bowled"
                }
              ]
            },
            {
              "batter": "Terez Parker",
              "bowler": "S Soogrim",
              "non_striker": "S Willett",
              "runs": {
                "batter": 0,
                "extras": 0,
                "total": 0
              }
            },
            {
              "batter": "Terez Parker",
              "bowler": "S Soogrim",
              "non_striker": "S Willett",
              "runs": {
                "batter": 2,
                "extras": 0,
                "total": 2
              }
            },
            {
              "batter": "Terez Parker",
              "bowler": "S Soogrim",
              "non_striker": "S Willett",
              "runs": {
                "batter": 0,
                "extras": 0,
                "total": 0
              },
              "wickets": [
                {
                  "player_out": "Terez Parker",
                  "fielders": [
                    {
                      "name": "S Lord"
                    }
                  ],
                  "kind": "caught"
                }
              ]
            }
          ]
        },
        {
          "over": 11,
          "deliveries": [
            {
              "batter": "S Willett",
              "bowler": "K Ragoobar",
              "non_striker": "R Liburd",
              "runs": {
                "batter": 0,
                "extras": 0,
                "total": 0
              }
            },
            {
              "batter": "S Willett",
              "bowler": "K Ragoobar",
              "extras": {
                "legbyes": 1
              },
              "non_striker": "R Liburd",
              "runs": {
                "batter": 0,
                "extras": 1,
                "total": 1
              }
            },
            {
              "batter": "R Liburd",
              "bowler": "K Ragoobar",
              "non_striker": "S Willett",
              "runs": {
                "batter": 0,
                "extras": 0,
                "total": 0
              }
            },
            {
              "batter": "R Liburd",
              "bowler": "K Ragoobar",
              "extras": {
                "byes": 1
              },
              "non_striker": "S Willett",
              "runs": {
                "batter": 0,
                "extras": 1,
                "total": 1
              }
            },
            {
              "batter": "S Willett",
              "bowler": "K Ragoobar",
              "non_striker": "R Liburd",
              "runs": {
                "batter": 0,
                "extras": 0,
                "total": 0
              }
            },
            {
              "batter": "S Willett",
              "bowler": "K Ragoobar",
              "non_striker": "R Liburd",
              "runs": {
                "batter": 0,
                "extras": 0,
                "total": 0
              }
            }
          ]
        },
        {
          "over": 12,
          "deliveries": [
            {
              "batter": "R Liburd",
              "bowler": "S Soogrim",
              "non_striker": "S Willett",
              "runs": {
                "batter": 1,
                "extras": 0,
                "total": 1
              }
            },
            {
              "batter": "S Willett",
              "bowler": "S Soogrim",
              "non_striker": "R Liburd",
              "runs": {
                "batter": 1,
                "extras": 0,
                "total": 1
              }
            },
            {
              "batter": "R Liburd",
              "bowler": "S Soogrim",
              "non_striker": "S Willett",
              "runs": {
                "batter": 0,
                "extras": 0,
                "total": 0
              }
            },
            {
              "batter": "R Liburd",
              "bowler": "S Soogrim",
              "non_striker": "S Willett",
              "runs": {
                "batter": 0,
                "extras": 0,
                "total": 0
              }
            },
            {
              "batter": "R Liburd",
              "bowler": "S Soogrim",
              "non_striker": "S Willett",
              "runs": {
                "batter": 1,
                "extras": 0,
                "total": 1
              }
            },
            {
              "batter": "S Willett",
              "bowler": "S Soogrim",
              "non_striker": "R Liburd",
              "runs": {
                "batter": 1,
                "extras": 0,
                "total": 1
              }
            }
          ]
        },
        {
          "over": 13,
          "deliveries": [
            {
              "batter": "S Willett",
              "bowler": "D Joseph",
              "non_striker": "R Liburd",
              "runs": {
                "batter": 0,
                "extras": 0,
                "total": 0
              }
            },
            {
              "batter": "S Willett",
              "bowler": "D Joseph",
              "non_striker": "R Liburd",
              "runs": {
                "batter": 0,
                "extras": 0,
                "total": 0
              }
            },
            {
              "batter": "S Willett",
              "bowler": "D Joseph",
              "extras": {
                "byes": 1
              },
              "non_striker": "R Liburd",
              "runs": {
                "batter": 0,
                "extras": 1,
                "total": 1
              }
            },
            {
              "batter": "R Liburd",
              "bowler": "D Joseph",
              "extras": {
                "noballs": 1
              },
              "non_striker": "S Willett",
              "runs": {
                "batter": 0,
                "extras": 1,
                "total": 1
              }
            },
            {
              "batter": "R Liburd",
              "bowler": "D Joseph",
              "non_striker": "S Willett",
              "runs": {
                "batter": 1,
                "extras": 0,
                "total": 1
              }
            },
            {
              "batter": "S Willett",
              "bowler": "D Joseph",
              "non_striker": "R Liburd",
              "runs": {
                "batter": 0,
                "extras": 0,
                "total": 0
              }
            },
            {
              "batter": "S Willett",
              "bowler": "D Joseph",
              "extras": {
                "wides": 5
              },
              "non_striker": "R Liburd",
              "runs": {
                "batter": 0,
                "extras": 5,
                "total": 5
              }
            },
            {
              "batter": "S Willett",
              "bowler": "D Joseph",
              "non_striker": "R Liburd",
              "runs": {
                "batter": 0,
                "extras": 0,
                "total": 0
              }
            }
          ]
        },
        {
          "over": 14,
          "deliveries": [
            {
              "batter": "R Liburd",
              "bowler": "S Soogrim",
              "non_striker": "S Willett",
              "runs": {
                "batter": 0,
                "extras": 0,
                "total": 0
              }
            },
            {
              "batter": "R Liburd",
              "bowler": "S Soogrim",
              "non_striker": "S Willett",
              "runs": {
                "batter": 0,
                "extras": 0,
                "total": 0
              }
            },
            {
              "batter": "R Liburd",
              "bowler": "S Soogrim",
              "non_striker": "S Willett",
              "runs": {
                "batter": 0,
                "extras": 0,
                "total": 0
              }
            },
            {
              "batter": "R Liburd",
              "bowler": "S Soogrim",
              "non_striker": "S Willett",
              "runs": {
                "batter": 0,
                "extras": 0,
                "total": 0
              }
            },
            {
              "batter": "R Liburd",
              "bowler": "S Soogrim",
              "non_striker": "S Willett",
              "runs": {
                "batter": 0,
                "extras": 0,
                "total": 0
              }
            },
            {
              "batter": "R Liburd",
              "bowler": "S Soogrim",
              "extras": {
                "wides": 1
              },
              "non_striker": "S Willett",
              "runs": {
                "batter": 0,
                "extras": 1,
                "total": 1
              }
            },
            {
              "batter": "R Liburd",
              "bowler": "S Soogrim",
              "non_striker": "S Willett",
              "runs": {
                "batter": 1,
                "extras": 0,
                "total": 1
              }
            }
          ]
        },
        {
          "over": 15,
          "deliveries": [
            {
              "batter": "R Liburd",
              "bowler": "D Joseph",
              "non_striker": "S Willett",
              "runs": {
                "batter": 2,
                "extras": 0,
                "total": 2
              }
            },
            {
              "batter": "R Liburd",
              "bowler": "D Joseph",
              "non_striker": "S Willett",
              "runs": {
                "batter": 1,
                "extras": 0,
                "total": 1
              }
            },
            {
              "batter": "S Willett",
              "bowler": "D Joseph",
              "non_striker": "R Liburd",
              "runs": {
                "batter": 4,
                "extras": 0,
                "total": 4
              }
            },
            {
              "batter": "S Willett",
              "bowler": "D Joseph",
              "non_striker": "R Liburd",
              "runs": {
                "batter": 2,
                "extras": 0,
                "total": 2
              }
            },
            {
              "batter": "S Willett",
              "bowler": "D Joseph",
              "non_striker": "R Liburd",
              "runs": {
                "batter": 0,
                "extras": 0,
                "total": 0
              }
            },
            {
              "batter": "S Willett",
              "bowler": "D Joseph",
              "non_striker": "R Liburd",
              "runs": {
                "batter": 0,
                "extras": 0,
                "total": 0
              }
            }
          ]
        },
        {
          "over": 16,
          "deliveries": [
            {
              "batter": "R Liburd",
              "bowler": "A Mohammed",
              "non_striker": "S Willett",
              "runs": {
                "batter": 0,
                "extras": 0,
                "total": 0
              }
            },
            {
              "batter": "R Liburd",
              "bowler": "A Mohammed",
              "non_striker": "S Willett",
              "runs": {
                "batter": 0,
                "extras": 0,
                "total": 0
              }
            },
            {
              "batter": "R Liburd",
              "bowler": "A Mohammed",
              "non_striker": "S Willett",
              "runs": {
                "batter": 0,
                "extras": 0,
                "total": 0
              }
            },
            {
              "batter": "R Liburd",
              "bowler": "A Mohammed",
              "non_striker": "S Willett",
              "runs": {
                "batter": 0,
                "extras": 0,
                "total": 0
              }
            },
            {
              "batter": "R Liburd",
              "bowler": "A Mohammed",
              "non_striker": "S Willett",
              "runs": {
                "batter": 1,
                "extras": 0,
                "total": 1
              }
            },
            {
              "batter": "S Willett",
              "bowler": "A Mohammed",
              "non_striker": "R Liburd",
              "runs": {
                "batter": 4,
                "extras": 0,
                "total": 4
              }
            }
          ]
        },
        {
          "over": 17,
          "deliveries": [
            {
              "batter": "R Liburd",
              "bowler": "K Ramharack",
              "non_striker": "S Willett",
              "runs": {
                "batter": 0,
                "extras": 0,
                "total": 0
              }
            },
            {
              "batter": "R Liburd",
              "bowler": "K Ramharack",
              "non_striker": "S Willett",
              "runs": {
                "batter": 0,
                "extras": 0,
                "total": 0
              },
              "wickets": [
                {
                  "player_out": "R Liburd",
                  "fielders": [
                    {
                      "name": "S Lord"
                    }
                  ],
                  "kind": "caught"
                }
              ]
            },
            {
              "batter": "A Freeman",
              "bowler": "K Ramharack",
              "non_striker": "S Willett",
              "runs": {
                "batter": 0,
                "extras": 0,
                "total": 0
              }
            },
            {
              "batter": "A Freeman",
              "bowler": "K Ramharack",
              "non_striker": "S Willett",
              "runs": {
                "batter": 0,
                "extras": 0,
                "total": 0
              }
            },
            {
              "batter": "A Freeman",
              "bowler": "K Ramharack",
              "extras": {
                "byes": 4
              },
              "non_striker": "S Willett",
              "runs": {
                "batter": 0,
                "extras": 4,
                "total": 4
              }
            },
            {
              "batter": "A Freeman",
              "bowler": "K Ramharack",
              "non_striker": "S Willett",
              "runs": {
                "batter": 0,
                "extras": 0,
                "total": 0
              }
            }
          ]
        },
        {
          "over": 18,
          "deliveries": [
            {
              "batter": "S Willett",
              "bowler": "K Ragoobar",
              "non_striker": "A Freeman",
              "runs": {
                "batter": 1,
                "extras": 0,
                "total": 1
              }
            },
            {
              "batter": "A Freeman",
              "bowler": "K Ragoobar",
              "non_striker": "S Willett",
              "runs": {
                "batter": 1,
                "extras": 0,
                "total": 1
              }
            },
            {
              "batter": "S Willett",
              "bowler": "K Ragoobar",
              "non_striker": "A Freeman",
              "runs": {
                "batter": 0,
                "extras": 0,
                "total": 0
              }
            },
            {
              "batter": "S Willett",
              "bowler": "K Ragoobar",
              "non_striker": "A Freeman",
              "runs": {
                "batter": 1,
                "extras": 0,
                "total": 1
              }
            },
            {
              "batter": "A Freeman",
              "bowler": "K Ragoobar",
              "non_striker": "S Willett",
              "runs": {
                "batter": 0,
                "extras": 0,
                "total": 0
              }
            },
            {
              "batter": "A Freeman",
              "bowler": "K Ragoobar",
              "non_striker": "S Willett",
              "runs": {
                "batter": 0,
                "extras": 0,
                "total": 0
              }
            }
          ]
        },
        {
          "over": 19,
          "deliveries": [
            {
              "batter": "S Willett",
              "bowler": "A Mohammed",
              "non_striker": "A Freeman",
              "runs": {
                "batter": 0,
                "extras": 0,
                "total": 0
              }
            },
            {
              "batter": "S Willett",
              "bowler": "A Mohammed",
              "non_striker": "A Freeman",
              "runs": {
                "batter": 1,
                "extras": 0,
                "total": 1
              }
            },
            {
              "batter": "A Freeman",
              "bowler": "A Mohammed",
              "non_striker": "S Willett",
              "runs": {
                "batter": 0,
                "extras": 0,
                "total": 0
              }
            },
            {
              "batter": "A Freeman",
              "bowler": "A Mohammed",
              "non_striker": "S Willett",
              "runs": {
                "batter": 0,
                "extras": 0,
                "total": 0
              }
            },
            {
              "batter": "A Freeman",
              "bowler": "A Mohammed",
              "non_striker": "S Willett",
              "runs": {
                "batter": 0,
                "extras": 0,
                "total": 0
              }
            },
            {
              "batter": "A Freeman",
              "bowler": "A Mohammed",
              "non_striker": "S Willett",
              "runs": {
                "batter": 1,
                "extras": 0,
                "total": 1
              }
            }
          ]
        }
      ],
      "powerplays": [
        {
          "from": 0.1,
          "to": 5.6,
          "type": "mandatory"
        }
      ]
    }
  ]
}