{
  "meta": {
    "data_version": "1.1.0",
    "created": "2022-07-25",
    "revision": 2
  },
  "info": {
    "balls_per_over": 6,
    "dates": [
      "2022-06-14"
    ],
    "event": {
      "name": "T20 Blaze"
    },
    "gender": "female",
    "match_type": "T20",
    "missing": [
      "umpires"
    ],
    "outcome": {
      "winner": "Jamaica",
      "by": {
        "runs": 124
      }
    },
    "overs": 20,
    "players": {
      "Jamaica": [
        "SR Taylor",
        "RS Williams",
        "TR Sanford",
        "NY McLean",
        "VN Watts",
        "NA Waisome",
        "CA Henry",
        "JE Walcott",
        "C Howell",
        "CN Nation",
        "K Ferron"
      ],
      "Leeward Islands": [
        "S Hector",
        "T McCoy",
        "R Dolabaille",
        "A Edwards",
        "S Willett",
        "A Freeman",
        "Terez Parker",
        "R Liburd",
        "M Clarke",
        "S Bellot",
        "T Martin"
      ]
    },
    "registry": {
      "people": {
        "A Edwards": "2a5ca58b",
        "A Freeman": "7be2bafa",
        "C Howell": "75a667c0",
        "CA Henry": "75820733",
        "CN Nation": "639000b6",
        "JE Walcott": "24baff57",
        "K Ferron": "4083414c",
        "M Clarke": "55ed4228",
        "NA Waisome": "a45db27e",
        "NY McLean": "1d39dc61",
        "R Dolabaille": "dafe6397",
        "R Liburd": "1c918138",
        "RS Williams": "406de451",
        "S Bellot": "05273929",
        "S Hector": "3faa312e",
        "S Willett": "bdc91516",
        "SR Taylor": "92cf79a8",
        "T Martin": "9f3263f4",
        "T McCoy": "423cd1f2",
        "TR Sanford": "7ca6154f",
        "Terez Parker": "d871bec5",
        "VN Watts": "2c41bdab"
      }
    },
    "season": "2022",
    "team_type": "club",
    "teams": [
      "Jamaica",
      "Leeward Islands"
    ],
    "toss": {
      "decision": "bat",
      "winner": "Jamaica"
    },
    "venue": "Guyana National Stadium, Providence"
  },
  "innings": [
    {
      "team": "Jamaica",
      "overs": [
        {
          "over": 0,
          "deliveries": [
            {
              "batter": "NY McLean",
              "bowler": "S Hector",
              "non_striker": "RS Williams",
              "runs": {
                "batter": 0,
                "extras": 0,
                "total": 0
              }
            },
            {
              "batter": "NY McLean",
              "bowler": "S Hector",
              "non_striker": "RS Williams",
              "runs": {
                "batter": 0,
                "extras": 0,
                "total": 0
              }
            },
            {
              "batter": "NY McLean",
              "bowler": "S Hector",
              "non_striker": "RS Williams",
              "runs": {
                "batter": 0,
                "extras": 0,
                "total": 0
              }
            },
            {
              "batter": "NY McLean",
              "bowler": "S Hector",
              "non_striker": "RS Williams",
              "runs": {
                "batter": 1,
                "extras": 0,
                "total": 1
              }
            },
            {
              "batter": "RS Williams",
              "bowler": "S Hector",
              "non_striker": "NY McLean",
              "runs": {
                "batter": 0,
                "extras": 0,
                "total": 0
              }
            },
            {
              "batter": "RS Williams",
              "bowler": "S Hector",
              "non_striker": "NY McLean",
              "runs": {
                "batter": 0,
                "extras": 0,
                "total": 0
              }
            }
          ]
        },
        {
          "over": 1,
          "deliveries": [
            {
              "batter": "NY McLean",
              "bowler": "R Liburd",
              "non_striker": "RS Williams",
              "runs": {
                "batter": 1,
                "extras": 0,
                "total": 1
              }
            },
            {
              "batter": "RS Williams",
              "bowler": "R Liburd",
              "non_striker": "NY McLean",
              "runs": {
                "batter": 4,
                "extras": 0,
                "total": 4
              }
            },
            {
              "batter": "RS Williams",
              "bowler": "R Liburd",
              "non_striker": "NY McLean",
              "runs": {
                "batter": 0,
                "extras": 0,
                "total": 0
              }
            },
            {
              "batter": "RS Williams",
              "bowler": "R Liburd",
              "non_striker": "NY McLean",
              "runs": {
                "batter": 1,
                "extras": 0,
                "total": 1
              }
            },
            {
              "batter": "NY McLean",
              "bowler": "R Liburd",
              "non_striker": "RS Williams",
              "runs": {
                "batter": 1,
                "extras": 0,
                "total": 1
              }
            },
            {
              "batter": "RS Williams",
              "bowler": "R Liburd",
              "non_striker": "NY McLean",
              "runs": {
                "batter": 0,
                "extras": 0,
                "total": 0
              }
            }
          ]
        },
        {
          "over": 2,
          "deliveries": [
            {
              "batter": "NY McLean",
              "bowler": "S Hector",
              "non_striker": "RS Williams",
              "runs": {
                "batter": 0,
                "extras": 0,
                "total": 0
              }
            },
            {
              "batter": "NY McLean",
              "bowler": "S Hector",
              "non_striker": "RS Williams",
              "runs": {
                "batter": 0,
                "extras": 0,
                "total": 0
              }
            },
            {
              "batter": "NY McLean",
              "bowler": "S Hector",
              "non_striker": "RS Williams",
              "runs": {
                "batter": 1,
                "extras": 0,
                "total": 1
              }
            },
            {
              "batter": "RS Williams",
              "bowler": "S Hector",
              "non_striker": "NY McLean",
              "runs": {
                "batter": 0,
                "extras": 0,
                "total": 0
              }
            },
            {
              "batter": "RS Williams",
              "bowler": "S Hector",
              "non_striker": "NY McLean",
              "runs": {
                "batter": 1,
                "extras": 0,
                "total": 1
              }
            },
            {
              "batter": "NY McLean",
              "bowler": "S Hector",
              "non_striker": "RS Williams",
              "runs": {
                "batter": 0,
                "extras": 0,
                "total": 0
              }
            }
          ]
        },
        {
          "over": 3,
          "deliveries": [
            {
              "batter": "RS Williams",
              "bowler": "R Liburd",
              "non_striker": "NY McLean",
              "runs": {
                "batter": 0,
                "extras": 0,
                "total": 0
              }
            },
            {
              "batter": "RS Williams",
              "bowler": "R Liburd",
              "extras": {
                "wides": 1
              },
              "non_striker": "NY McLean",
              "runs": {
                "batter": 0,
                "extras": 1,
                "total": 1
              }
            },
            {
              "batter": "RS Williams",
              "bowler": "R Liburd",
              "non_striker": "NY McLean",
              "runs": {
                "batter": 0,
                "extras": 0,
                "total": 0
              },
              "wickets": [
                {
                  "player_out": "RS Williams",
                  "fielders": [
                    {
                      "name": "A Freeman"
                    }
                  ],
                  "kind": "run out"
                }
              ]
            },
            {
              "batter": "SR Taylor",
              "bowler": "R Liburd",
              "non_striker": "NY McLean",
              "runs": {
                "batter": 0,
                "extras": 0,
                "total": 0
              }
            },
            {
              "batter": "SR Taylor",
              "bowler": "R Liburd",
              "non_striker": "NY McLean",
              "runs": {
                "batter": 1,
                "extras": 0,
                "total": 1
              }
            },
            {
              "batter": "NY McLean",
              "bowler": "R Liburd",
              "non_striker": "SR Taylor",
              "runs": {
                "batter": 4,
                "extras": 0,
                "total": 4
              }
            },
            {
              "batter": "NY McLean",
              "bowler": "R Liburd",
              "non_striker": "SR Taylor",
              "runs": {
                "batter": 0,
                "extras": 0,
                "total": 0
              }
            }
          ]
        },
        {
          "over": 4,
          "deliveries": [
            {
              "batter": "SR Taylor",
              "bowler": "S Hector",
              "non_striker": "NY McLean",
              "runs": {
                "batter": 1,
                "extras": 0,
                "total": 1
              }
            },
            {
              "batter": "NY McLean",
              "bowler": "S Hector",
              "non_striker": "SR Taylor",
              "runs": {
                "batter": 1,
                "extras": 0,
                "total": 1
              }
            },
            {
              "batter": "SR Taylor",
              "bowler": "S Hector",
              "extras": {
                "wides": 2
              },
              "non_striker": "NY McLean",
              "runs": {
                "batter": 0,
                "extras": 2,
                "total": 2
              }
            },
            {
              "batter": "NY McLean",
              "bowler": "S Hector",
              "non_striker": "SR Taylor",
              "runs": {
                "batter": 0,
                "extras": 0,
                "total": 0
              }
            },
            {
              "batter": "NY McLean",
              "bowler": "S Hector",
              "non_striker": "SR Taylor",
              "runs": {
                "batter": 0,
                "extras": 0,
                "total": 0
              }
            },
            {
              "batter": "NY McLean",
              "bowler": "S Hector",
              "non_striker": "SR Taylor",
              "runs": {
                "batter": 4,
                "extras": 0,
                "total": 4
              }
            },
            {
              "batter": "NY McLean",
              "bowler": "S Hector",
              "non_striker": "SR Taylor",
              "runs": {
                "batter": 0,
                "extras": 0,
                "total": 0
              }
            }
          ]
        },
        {
          "over": 5,
          "deliveries": [
            {
              "batter": "SR Taylor",
              "bowler": "R Liburd",
              "non_striker": "NY McLean",
              "runs": {
                "batter": 1,
                "extras": 0,
                "total": 1
              }
            },
            {
              "batter": "NY McLean",
              "bowler": "R Liburd",
              "non_striker": "SR Taylor",
              "runs": {
                "batter": 1,
                "extras": 0,
                "total": 1
              }
            },
            {
              "batter": "SR Taylor",
              "bowler": "R Liburd",
              "non_striker": "NY McLean",
              "runs": {
                "batter": 1,
                "extras": 0,
                "total": 1
              }
            },
            {
              "batter": "NY McLean",
              "bowler": "R Liburd",
              "non_striker": "SR Taylor",
              "runs": {
                "batter": 0,
                "extras": 0,
                "total": 0
              }
            },
            {
              "batter": "NY McLean",
              "bowler": "R Liburd",
              "non_striker": "SR Taylor",
              "runs": {
                "batter": 2,
                "extras": 0,
                "total": 2
              }
            },
            {
              "batter": "NY McLean",
              "bowler": "R Liburd",
              "non_striker": "SR Taylor",
              "runs": {
                "batter": 0,
                "extras": 0,
                "total": 0
              }
            }
          ]
        },
        {
          "over": 6,
          "deliveries": [
            {
              "batter": "SR Taylor",
              "bowler": "M Clarke",
              "non_striker": "NY McLean",
              "runs": {
                "batter": 0,
                "extras": 0,
                "total": 0
              }
            },
            {
              "batter": "SR Taylor",
              "bowler": "M Clarke",
              "non_striker": "NY McLean",
              "runs": {
                "batter": 1,
                "extras": 0,
                "total": 1
              }
            },
            {
              "batter": "NY McLean",
              "bowler": "M Clarke",
              "non_striker": "SR Taylor",
              "runs": {
                "batter": 4,
                "extras": 0,
                "total": 4
              }
            },
            {
              "batter": "NY McLean",
              "bowler": "M Clarke",
              "non_striker": "SR Taylor",
              "runs": {
                "batter": 1,
                "extras": 0,
                "total": 1
              }
            },
            {
              "batter": "SR Taylor",
              "bowler": "M Clarke",
              "non_striker": "NY McLean",
              "runs": {
                "batter": 0,
                "extras": 0,
                "total": 0
              }
            },
            {
              "batter": "SR Taylor",
              "bowler": "M Clarke",
              "non_striker": "NY McLean",
              "runs": {
                "batter": 1,
                "extras": 0,
                "total": 1
              }
            }
          ]
        },
        {
          "over": 7,
          "deliveries": [
            {
              "batter": "SR Taylor",
              "bowler": "R Liburd",
              "non_striker": "NY McLean",
              "runs": {
                "batter": 1,
                "extras": 0,
                "total": 1
              }
            },
            {
              "batter": "NY McLean",
              "bowler": "R Liburd",
              "non_striker": "SR Taylor",
              "runs": {
                "batter": 4,
                "extras": 0,
                "total": 4
              }
            },
            {
              "batter": "NY McLean",
              "bowler": "R Liburd",
              "extras": {
                "wides": 1
              },
              "non_striker": "SR Taylor",
              "runs": {
                "batter": 0,
                "extras": 1,
                "total": 1
              }
            },
            {
              "batter": "NY McLean",
              "bowler": "R Liburd",
              "non_striker": "SR Taylor",
              "runs": {
                "batter": 1,
                "extras": 0,
                "total": 1
              }
            },
            {
              "batter": "SR Taylor",
              "bowler": "R Liburd",
              "non_striker": "NY McLean",
              "runs": {
                "batter": 4,
                "extras": 0,
                "total": 4
              }
            },
            {
              "batter": "SR Taylor",
              "bowler": "R Liburd",
              "non_striker": "NY McLean",
              "runs": {
                "batter": 1,
                "extras": 0,
                "total": 1
              }
            },
            {
              "batter": "NY McLean",
              "bowler": "R Liburd",
              "non_striker": "SR Taylor",
              "runs": {
                "batter": 0,
                "extras": 0,
                "total": 0
              }
            }
          ]
        },
        {
          "over": 8,
          "deliveries": [
            {
              "batter": "SR Taylor",
              "bowler": "M Clarke",
              "non_striker": "NY McLean",
              "runs": {
                "batter": 1,
                "extras": 0,
                "total": 1
              }
            },
            {
              "batter": "NY McLean",
              "bowler": "M Clarke",
              "non_striker": "SR Taylor",
              "runs": {
                "batter": 1,
                "extras": 0,
                "total": 1
              }
            },
            {
              "batter": "SR Taylor",
              "bowler": "M Clarke",
              "non_striker": "NY McLean",
              "runs": {
                "batter": 0,
                "extras": 0,
                "total": 0
              }
            },
            {
              "batter": "SR Taylor",
              "bowler": "M Clarke",
              "non_striker": "NY McLean",
              "runs": {
                "batter": 2,
                "extras": 0,
                "total": 2
              }
            },
            {
              "batter": "SR Taylor",
              "bowler": "M Clarke",
              "non_striker": "NY McLean",
              "runs": {
                "batter": 0,
                "extras": 0,
                "total": 0
              }
            },
            {
              "batter": "SR Taylor",
              "bowler": "M Clarke",
              "non_striker": "NY McLean",
              "runs": {
                "batter": 1,
                "extras": 0,
                "total": 1
              }
            }
          ]
        },
        {
          "over": 9,
          "deliveries": [
            {
              "batter": "SR Taylor",
              "bowler": "S Bellot",
              "non_striker": "NY McLean",
              "runs": {
                "batter": 1,
                "extras": 0,
                "total": 1
              }
            },
            {
              "batter": "NY McLean",
              "bowler": "S Bellot",
              "non_striker": "SR Taylor",
              "runs": {
                "batter": 1,
                "extras": 0,
                "total": 1
              }
            },
            {
              "batter": "SR Taylor",
              "bowler": "S Bellot",
              "non_striker": "NY McLean",
              "runs": {
                "batter": 1,
                "extras": 0,
                "total": 1
              }
            },
            {
              "batter": "NY McLean",
              "bowler": "S Bellot",
              "non_striker": "SR Taylor",
              "runs": {
                "batter": 1,
                "extras": 0,
                "total": 1
              }
            },
            {
              "batter": "SR Taylor",
              "bowler": "S Bellot",
              "non_striker": "NY McLean",
              "runs": {
                "batter": 0,
                "extras": 0,
                "total": 0
              }
            },
            {
              "batter": "SR Taylor",
              "bowler": "S Bellot",
              "non_striker": "NY McLean",
              "runs": {
                "batter": 4,
                "extras": 0,
                "total": 4
              }
            }
          ]
        },
        {
          "over": 10,
          "deliveries": [
            {
              "batter": "NY McLean",
              "bowler": "T Martin",
              "non_striker": "SR Taylor",
              "runs": {
                "batter": 6,
                "extras": 0,
                "total": 6
              }
            },
            {
              "batter": "NY McLean",
              "bowler": "T Martin",
              "non_striker": "SR Taylor",
              "runs": {
                "batter": 6,
                "extras": 0,
                "total": 6
              }
            },
            {
              "batter": "NY McLean",
              "bowler": "T Martin",
              "extras": {
                "wides": 5
              },
              "non_striker": "SR Taylor",
              "runs": {
                "batter": 0,
                "extras": 5,
                "total": 5
              }
            },
            {
              "batter": "NY McLean",
              "bowler": "T Martin",
              "non_striker": "SR Taylor",
              "runs": {
                "batter": 1,
                "extras": 0,
                "total": 1
              }
            },
            {
              "batter": "SR Taylor",
              "bowler": "T Martin",
              "non_striker": "NY McLean",
              "runs": {
                "batter": 2,
                "extras": 0,
                "total": 2
              }
            },
            {
              "batter": "SR Taylor",
              "bowler": "T Martin",
              "extras": {
                "wides": 1
              },
              "non_striker": "NY McLean",
              "runs": {
                "batter": 0,
                "extras": 1,
                "total": 1
              }
            },
            {
              "batter": "SR Taylor",
              "bowler": "T Martin",
              "non_striker": "NY McLean",
              "runs": {
                "batter": 2,
                "extras": 0,
                "total": 2
              }
            },
            {
              "batter": "SR Taylor",
              "bowler": "T Martin",
              "extras": {
                "noballs": 1
              },
              "non_striker": "NY McLean",
              "runs": {
                "batter": 0,
                "extras": 1,
                "total": 1
              }
            },
            {
              "batter": "SR Taylor",
              "bowler": "T Martin",
              "non_striker": "NY McLean",
              "runs": {
                "batter": 1,
                "extras": 0,
                "total": 1
              }
            }
          ]
        },
        {
          "over": 11,
          "deliveries": [
            {
              "batter": "SR Taylor",
              "bowler": "S Bellot",
              "non_striker": "NY McLean",
              "runs": {
                "batter": 1,
                "extras": 0,
                "total": 1
              }
            },
            {
              "batter": "NY McLean",
              "bowler": "S Bellot",
              "non_striker": "SR Taylor",
              "runs": {
                "batter": 1,
                "extras": 0,
                "total": 1
              }
            },
            {
              "batter": "SR Taylor",
              "bowler": "S Bellot",
              "non_striker": "NY McLean",
              "runs": {
                "batter": 0,
                "extras": 0,
                "total": 0
              }
            },
            {
              "batter": "SR Taylor",
              "bowler": "S Bellot",
              "non_striker": "NY McLean",
              "runs": {
                "batter": 0,
                "extras": 0,
                "total": 0
              }
            },
            {
              "batter": "SR Taylor",
              "bowler": "S Bellot",
              "non_striker": "NY McLean",
              "runs": {
                "batter": 1,
                "extras": 0,
                "total": 1
              }
            },
            {
              "batter": "NY McLean",
              "bowler": "S Bellot",
              "extras": {
                "noballs": 1
              },
              "non_striker": "SR Taylor",
              "runs": {
                "batter": 1,
                "extras": 1,
                "total": 2
              }
            },
            {
              "batter": "SR Taylor",
              "bowler": "S Bellot",
              "non_striker": "NY McLean",
              "runs": {
                "batter": 1,
                "extras": 0,
                "total": 1
              }
            }
          ]
        },
        {
          "over": 12,
          "deliveries": [
            {
              "batter": "SR Taylor",
              "bowler": "S Willett",
              "non_striker": "NY McLean",
              "runs": {
                "batter": 1,
                "extras": 0,
                "total": 1
              }
            },
            {
              "batter": "NY McLean",
              "bowler": "S Willett",
              "non_striker": "SR Taylor",
              "runs": {
                "batter": 0,
                "extras": 0,
                "total": 0
              }
            },
            {
              "batter": "NY McLean",
              "bowler": "S Willett",
              "non_striker": "SR Taylor",
              "runs": {
                "batter": 1,
                "extras": 0,
                "total": 1
              }
            },
            {
              "batter": "SR Taylor",
              "bowler": "S Willett",
              "extras": {
                "wides": 1
              },
              "non_striker": "NY McLean",
              "runs": {
                "batter": 0,
                "extras": 1,
                "total": 1
              }
            },
            {
              "batter": "SR Taylor",
              "bowler": "S Willett",
              "extras": {
                "wides": 1
              },
              "non_striker": "NY McLean",
              "runs": {
                "batter": 0,
                "extras": 1,
                "total": 1
              }
            },
            {
              "batter": "SR Taylor",
              "bowler": "S Willett",
              "non_striker": "NY McLean",
              "runs": {
                "batter": 1,
                "extras": 0,
                "total": 1
              }
            },
            {
              "batter": "NY McLean",
              "bowler": "S Willett",
              "non_striker": "SR Taylor",
              "runs": {
                "batter": 1,
                "extras": 0,
                "total": 1
              }
            },
            {
              "batter": "SR Taylor",
              "bowler": "S Willett",
              "non_striker": "NY McLean",
              "runs": {
                "batter": 0,
                "extras": 0,
                "total": 0
              }
            }
          ]
        },
        {
          "over": 13,
          "deliveries": [
            {
              "batter": "NY McLean",
              "bowler": "S Bellot",
              "non_striker": "SR Taylor",
              "runs": {
                "batter": 1,
                "extras": 0,
                "total": 1
              }
            },
            {
              "batter": "SR Taylor",
              "bowler": "S Bellot",
              "non_striker": "NY McLean",
              "runs": {
                "batter": 4,
                "extras": 0,
                "total": 4
              }
            },
            {
              "batter": "SR Taylor",
              "bowler": "S Bellot",
              "non_striker": "NY McLean",
              "runs": {
                "batter": 0,
                "extras": 0,
                "total": 0
              }
            },
            {
              "batter": "SR Taylor",
              "bowler": "S Bellot",
              "non_striker": "NY McLean",
              "runs": {
                "batter": 1,
                "extras": 0,
                "total": 1
              }
            },
            {
              "batter": "NY McLean",
              "bowler": "S Bellot",
              "non_striker": "SR Taylor",
              "runs": {
                "batter": 4,
                "extras": 0,
                "total": 4
              }
            },
            {
              "batter": "NY McLean",
              "bowler": "S Bellot",
              "non_striker": "SR Taylor",
              "runs": {
                "batter": 1,
                "extras": 0,
                "total": 1
              }
            }
          ]
        },
        {
          "over": 14,
          "deliveries": [
            {
              "batter": "NY McLean",
              "bowler": "S Willett",
              "non_striker": "SR Taylor",
              "runs": {
                "batter": 1,
                "extras": 0,
                "total": 1
              }
            },
            {
              "batter": "SR Taylor",
              "bowler": "S Willett",
              "non_striker": "NY McLean",
              "runs": {
                "batter": 1,
                "extras": 0,
                "total": 1
              }
            },
            {
              "batter": "NY McLean",
              "bowler": "S Willett",
              "non_striker": "SR Taylor",
              "runs": {
                "batter": 0,
                "extras": 0,
                "total": 0
              }
            },
            {
              "batter": "NY McLean",
              "bowler": "S Willett",
              "non_striker": "SR Taylor",
              "runs": {
                "batter": 6,
                "extras": 0,
                "total": 6
              }
            },
            {
              "batter": "NY McLean",
              "bowler": "S Willett",
              "non_striker": "SR Taylor",
              "runs": {
                "batter": 4,
                "extras": 0,
                "total": 4
              }
            },
            {
              "batter": "NY McLean",
              "bowler": "S Willett",
              "non_striker": "SR Taylor",
              "runs": {
                "batter": 4,
                "extras": 0,
                "total": 4
              }
            }
          ]
        },
        {
          "over": 15,
          "deliveries": [
            {
              "batter": "SR Taylor",
              "bowler": "M Clarke",
              "extras": {
                "noballs": 1
              },
              "non_striker": "NY McLean",
              "runs": {
                "batter": 4,
                "extras": 1,
                "total": 5
              }
            },
            {
              "batter": "SR Taylor",
              "bowler": "M Clarke",
              "non_striker": "NY McLean",
              "runs": {
                "batter": 1,
                "extras": 0,
                "total": 1
              }
            },
            {
              "batter": "NY McLean",
              "bowler": "M Clarke",
              "non_striker": "SR Taylor",
              "runs": {
                "batter": 4,
                "extras": 0,
                "total": 4
              }
            },
            {
              "batter": "NY McLean",
              "bowler": "M Clarke",
              "non_striker": "SR Taylor",
              "runs": {
                "batter": 1,
                "extras": 0,
                "total": 1
              }
            },
            {
              "batter": "SR Taylor",
              "bowler": "M Clarke",
              "non_striker": "NY McLean",
              "runs": {
                "batter": 1,
                "extras": 0,
                "total": 1
              }
            },
            {
              "batter": "NY McLean",
              "bowler": "M Clarke",
              "non_striker": "SR Taylor",
              "runs": {
                "batter": 1,
                "extras": 0,
                "total": 1
              }
            },
            {
              "batter": "SR Taylor",
              "bowler": "M Clarke",
              "non_striker": "NY McLean",
              "runs": {
                "batter": 0,
                "extras": 0,
                "total": 0
              }
            }
          ]
        },
        {
          "over": 16,
          "deliveries": [
            {
              "batter": "NY McLean",
              "bowler": "S Hector",
              "non_striker": "SR Taylor",
              "runs": {
                "batter": 4,
                "extras": 0,
                "total": 4
              }
            },
            {
              "batter": "NY McLean",
              "bowler": "S Hector",
              "non_striker": "SR Taylor",
              "runs": {
                "batter": 2,
                "extras": 0,
                "total": 2
              }
            },
            {
              "batter": "NY McLean",
              "bowler": "S Hector",
              "non_striker": "SR Taylor",
              "runs": {
                "batter": 1,
                "extras": 0,
                "total": 1
              }
            },
            {
              "batter": "SR Taylor",
              "bowler": "S Hector",
              "non_striker": "NY McLean",
              "runs": {
                "batter": 2,
                "extras": 0,
                "total": 2
              }
            },
            {
              "batter": "SR Taylor",
              "bowler": "S Hector",
              "non_striker": "NY McLean",
              "runs": {
                "batter": 1,
                "extras": 0,
                "total": 1
              }
            },
            {
              "batter": "NY McLean",
              "bowler": "S Hector",
              "non_striker": "SR Taylor",
              "runs": {
                "batter": 2,
                "extras": 0,
                "total": 2
              }
            }
          ]
        },
        {
          "over": 17,
          "deliveries": [
            {
              "batter": "SR Taylor",
              "bowler": "A Edwards",
              "non_striker": "NY McLean",
              "runs": {
                "batter": 2,
                "extras": 0,
                "total": 2
              }
            },
            {
              "batter": "SR Taylor",
              "bowler": "A Edwards",
              "non_striker": "NY McLean",
              "runs": {
                "batter": 1,
                "extras": 0,
                "total": 1
              }
            },
            {
              "batter": "NY McLean",
              "bowler": "A Edwards",
              "non_striker": "SR Taylor",
              "runs": {
                "batter": 1,
                "extras": 0,
                "total": 1
              }
            },
            {
              "batter": "SR Taylor",
              "bowler": "A Edwards",
              "non_striker": "NY McLean",
              "runs": {
                "batter": 0,
                "extras": 0,
                "total": 0
              }
            },
            {
              "batter": "SR Taylor",
              "bowler": "A Edwards",
              "non_striker": "NY McLean",
              "runs": {
                "batter": 0,
                "extras": 0,
                "total": 0
              }
            },
            {
              "batter": "SR Taylor",
              "bowler": "A Edwards",
              "non_striker": "NY McLean",
              "runs": {
                "batter": 1,
                "extras": 0,
                "total": 1
              }
            }
          ]
        },
        {
          "over": 18,
          "deliveries": [
            {
              "batter": "SR Taylor",
              "bowler": "S Willett",
              "non_striker": "NY McLean",
              "runs": {
                "batter": 1,
                "extras": 0,
                "total": 1
              }
            },
            {
              "batter": "NY McLean",
              "bowler": "S Willett",
              "non_striker": "SR Taylor",
              "runs": {
                "batter": 0,
                "extras": 0,
                "total": 0
              },
              "wickets": [
                {
                  "player_out": "NY McLean",
                  "fielders": [
                    {
                      "name": "R Liburd"
                    }
                  ],
                  "kind": "caught"
                }
              ]
            },
            {
              "batter": "SR Taylor",
              "bowler": "S Willett",
              "non_striker": "CA Henry",
              "runs": {
                "batter": 4,
                "extras": 0,
                "total": 4
              }
            },
            {
              "batter": "SR Taylor",
              "bowler": "S Willett",
              "non_striker": "CA Henry",
              "runs": {
                "batter": 0,
                "extras": 0,
                "total": 0
              },
              "wickets": [
                {
                  "player_out": "SR Taylor",
                  "fielders": [
                    {
                      "name": "A Edwards"
                    }
                  ],
                  "kind": "caught"
                }
              ]
            },
            {
              "batter": "CN Nation",
              "bowler": "S Willett",
              "non_striker": "CA Henry",
              "runs": {
                "batter": 2,
                "extras": 0,
                "total": 2
              }
            },
            {
              "batter": "CN Nation",
              "bowler": "S Willett",
              "non_striker": "CA Henry",
              "runs": {
                "batter": 2,
                "extras": 0,
                "total": 2
              }
            }
          ]
        },
        {
          "over": 19,
          "deliveries": [
            {
              "batter": "CA Henry",
              "bowler": "A Edwards",
              "non_striker": "CN Nation",
              "runs": {
                "batter": 4,
                "extras": 0,
                "total": 4
              }
            },
            {
              "batter": "CA Henry",
              "bowler": "A Edwards",
              "non_striker": "CN Nation",
              "runs": {
                "batter": 1,
                "extras": 0,
                "total": 1
              }
            },
            {
              "batter": "CN Nation",
              "bowler": "A Edwards",
              "non_striker": "CA Henry",
              "runs": {
                "batter": 0,
                "extras": 0,
                "total": 0
              }
            },
            {
              "batter": "CN Nation",
              "bowler": "A Edwards",
              "non_striker": "CA Henry",
              "runs": {
                "batter": 1,
                "extras": 0,
                "total": 1
              }
            },
            {
              "batter": "CA Henry",
              "bowler": "A Edwards",
              "non_striker": "CN Nation",
              "runs": {
                "batter": 0,
                "extras": 0,
                "total": 0
              },
              "wickets": [
                {
                  "player_out": "CA Henry",
                  "fielders": [
                    {
                      "name": "R Liburd"
                    }
                  ],
                  "kind": "caught"
                }
              ]
            },
            {
              "batter": "CN Nation",
              "bowler": "A Edwards",
              "non_striker": "TR Sanford",
              "runs": {
                "batter": 0,
                "extras": 0,
                "total": 0
              },
              "wickets": [
                {
                  "player_out": "CN Nation",
                  "kind": "lbw"
                }
              ]
            }
          ]
        }
      ],
      "powerplays": [
        {
          "from": 0.1,
          "to": 5.6,
          "type": "mandatory"
        }
      ]
    },
    {
      "team": "Leeward Islands",
      "overs": [
        {
          "over": 0,
          "deliveries": [
            {
              "batter": "M Clarke",
              "bowler": "CA Henry",
              "non_striker": "R Dolabaille",
              "runs": {
                "batter": 0,
                "extras": 0,
                "total": 0
              }
            },
            {
              "batter": "M Clarke",
              "bowler": "CA Henry",
              "non_striker": "R Dolabaille",
              "runs": {
                "batter": 0,
                "extras": 0,
                "total": 0
              }
            },
            {
              "batter": "M Clarke",
              "bowler": "CA Henry",
              "non_striker": "R Dolabaille",
              "runs": {
                "batter": 0,
                "extras": 0,
                "total": 0
              }
            },
            {
              "batter": "M Clarke",
              "bowler": "CA Henry",
              "non_striker": "R Dolabaille",
              "runs": {
                "batter": 0,
                "extras": 0,
                "total": 0
              }
            },
            {
              "batter": "M Clarke",
              "bowler": "CA Henry",
              "non_striker": "R Dolabaille",
              "runs": {
                "batter": 0,
                "extras": 0,
                "total": 0
              }
            },
            {
              "batter": "M Clarke",
              "bowler": "CA Henry",
              "extras": {
                "wides": 1
              },
              "non_striker": "R Dolabaille",
              "runs": {
                "batter": 0,
                "extras": 1,
                "total": 1
              }
            },
            {
              "batter": "M Clarke",
              "bowler": "CA Henry",
              "non_striker": "R Dolabaille",
              "runs": {
                "batter": 0,
                "extras": 0,
                "total": 0
              }
            }
          ]
        },
        {
          "over": 1,
          "deliveries": [
            {
              "batter": "R Dolabaille",
              "bowler": "VN Watts",
              "non_striker": "M Clarke",
              "runs": {
                "batter": 0,
                "extras": 0,
                "total": 0
              }
            },
            {
              "batter": "R Dolabaille",
              "bowler": "VN Watts",
              "non_striker": "M Clarke",
              "runs": {
                "batter": 0,
                "extras": 0,
                "total": 0
              }
            },
            {
              "batter": "R Dolabaille",
              "bowler": "VN Watts",
              "non_striker": "M Clarke",
              "runs": {
                "batter": 0,
                "extras": 0,
                "total": 0
              }
            },
            {
              "batter": "R Dolabaille",
              "bowler": "VN Watts",
              "non_striker": "M Clarke",
              "runs": {
                "batter": 0,
                "extras": 0,
                "total": 0
              }
            },
            {
              "batter": "R Dolabaille",
              "bowler": "VN Watts",
              "non_striker": "M Clarke",
              "runs": {
                "batter": 0,
                "extras": 0,
                "total": 0
              }
            },
            {
              "batter": "R Dolabaille",
              "bowler": "VN Watts",
              "non_striker": "M Clarke",
              "runs": {
                "batter": 2,
                "extras": 0,
                "total": 2
              }
            }
          ]
        },
        {
          "over": 2,
          "deliveries": [
            {
              "batter": "M Clarke",
              "bowler": "CA Henry",
              "non_striker": "R Dolabaille",
              "runs": {
                "batter": 0,
                "extras": 0,
                "total": 0
              }
            },
            {
              "batter": "M Clarke",
              "bowler": "CA Henry",
              "non_striker": "R Dolabaille",
              "runs": {
                "batter": 0,
                "extras": 0,
                "total": 0
              }
            },
            {
              "batter": "M Clarke",
              "bowler": "CA Henry",
              "non_striker": "R Dolabaille",
              "runs": {
                "batter": 0,
                "extras": 0,
                "total": 0
              }
            },
            {
              "batter": "M Clarke",
              "bowler": "CA Henry",
              "non_striker": "R Dolabaille",
              "runs": {
                "batter": 0,
                "extras": 0,
                "total": 0
              }
            },
            {
              "batter": "M Clarke",
              "bowler": "CA Henry",
              "non_striker": "R Dolabaille",
              "runs": {
                "batter": 1,
                "extras": 0,
                "total": 1
              }
            },
            {
              "batter": "R Dolabaille",
              "bowler": "CA Henry",
              "non_striker": "M Clarke",
              "runs": {
                "batter": 0,
                "extras": 0,
                "total": 0
              }
            }
          ]
        },
        {
          "over": 3,
          "deliveries": [
            {
              "batter": "M Clarke",
              "bowler": "NA Waisome",
              "extras": {
                "wides": 1
              },
              "non_striker": "R Dolabaille",
              "runs": {
                "batter": 0,
                "extras": 1,
                "total": 1
              }
            },
            {
              "batter": "M Clarke",
              "bowler": "NA Waisome",
              "non_striker": "R Dolabaille",
              "runs": {
                "batter": 0,
                "extras": 0,
                "total": 0
              }
            },
            {
              "batter": "M Clarke",
              "bowler": "NA Waisome",
              "non_striker": "R Dolabaille",
              "runs": {
                "batter": 0,
                "extras": 0,
                "total": 0
              }
            },
            {
              "batter": "M Clarke",
              "bowler": "NA Waisome",
              "non_striker": "R Dolabaille",
              "runs": {
                "batter": 0,
                "extras": 0,
                "total": 0
              }
            },
            {
              "batter": "M Clarke",
              "bowler": "NA Waisome",
              "non_striker": "R Dolabaille",
              "runs": {
                "batter": 0,
                "extras": 0,
                "total": 0
              }
            },
            {
              "batter": "M Clarke",
              "bowler": "NA Waisome",
              "non_striker": "R Dolabaille",
              "runs": {
                "batter": 0,
                "extras": 0,
                "total": 0
              }
            },
            {
              "batter": "M Clarke",
              "bowler": "NA Waisome",
              "non_striker": "R Dolabaille",
              "runs": {
                "batter": 0,
                "extras": 0,
                "total": 0
              }
            }
          ]
        },
        {
          "over": 4,
          "deliveries": [
            {
              "batter": "R Dolabaille",
              "bowler": "CA Henry",
              "non_striker": "M Clarke",
              "runs": {
                "batter": 0,
                "extras": 0,
                "total": 0
              }
            },
            {
              "batter": "R Dolabaille",
              "bowler": "CA Henry",
              "non_striker": "M Clarke",
              "runs": {
                "batter": 1,
                "extras": 0,
                "total": 1
              }
            },
            {
              "batter": "M Clarke",
              "bowler": "CA Henry",
              "non_striker": "R Dolabaille",
              "runs": {
                "batter": 0,
                "extras": 0,
                "total": 0
              }
            },
            {
              "batter": "M Clarke",
              "bowler": "CA Henry",
              "non_striker": "R Dolabaille",
              "runs": {
                "batter": 0,
                "extras": 0,
                "total": 0
              }
            },
            {
              "batter": "M Clarke",
              "bowler": "CA Henry",
              "non_striker": "R Dolabaille",
              "runs": {
                "batter": 0,
                "extras": 0,
                "total": 0
              },
              "wickets": [
                {
                  "player_out": "M Clarke",
                  "fielders": [
                    {
                      "name": "C Howell"
                    }
                  ],
                  "kind": "caught"
                }
              ]
            },
            {
              "batter": "A Edwards",
              "bowler": "CA Henry",
              "non_striker": "R Dolabaille",
              "runs": {
                "batter": 0,
                "extras": 0,
                "total": 0
              }
            }
          ]
        },
        {
          "over": 5,
          "deliveries": [
            {
              "batter": "R Dolabaille",
              "bowler": "NA Waisome",
              "non_striker": "A Edwards",
              "runs": {
                "batter": 0,
                "extras": 0,
                "total": 0
              }
            },
            {
              "batter": "R Dolabaille",
              "bowler": "NA Waisome",
              "non_striker": "A Edwards",
              "runs": {
                "batter": 0,
                "extras": 0,
                "total": 0
              }
            },
            {
              "batter": "R Dolabaille",
              "bowler": "NA Waisome",
              "non_striker": "A Edwards",
              "runs": {
                "batter": 0,
                "extras": 0,
                "total": 0
              }
            },
            {
              "batter": "R Dolabaille",
              "bowler": "NA Waisome",
              "non_striker": "A Edwards",
              "runs": {
                "batter": 0,
                "extras": 0,
                "total": 0
              }
            },
            {
              "batter": "R Dolabaille",
              "bowler": "NA Waisome",
              "non_striker": "A Edwards",
              "runs": {
                "batter": 0,
                "extras": 0,
                "total": 0
              }
            },
            {
              "batter": "R Dolabaille",
              "bowler": "NA Waisome",
              "non_striker": "A Edwards",
              "runs": {
                "batter": 0,
                "extras": 0,
                "total": 0
              }
            }
          ]
        },
        {
          "over": 6,
          "deliveries": [
            {
              "batter": "A Edwards",
              "bowler": "C Howell",
              "non_striker": "R Dolabaille",
              "runs": {
                "batter": 4,
                "extras": 0,
                "total": 4
              }
            },
            {
              "batter": "A Edwards",
              "bowler": "C Howell",
              "non_striker": "R Dolabaille",
              "runs": {
                "batter": 0,
                "extras": 0,
                "total": 0
              }
            },
            {
              "batter": "A Edwards",
              "bowler": "C Howell",
              "non_striker": "R Dolabaille",
              "runs": {
                "batter": 0,
                "extras": 0,
                "total": 0
              }
            },
            {
              "batter": "A Edwards",
              "bowler": "C Howell",
              "non_striker": "R Dolabaille",
              "runs": {
                "batter": 0,
                "extras": 0,
                "total": 0
              }
            },
            {
              "batter": "A Edwards",
              "bowler": "C Howell",
              "non_striker": "R Dolabaille",
              "runs": {
                "batter": 0,
                "extras": 0,
                "total": 0
              },
              "wickets": [
                {
                  "player_out": "A Edwards",
                  "kind": "bowled"
                }
              ]
            },
            {
              "batter": "S Hector",
              "bowler": "C Howell",
              "non_striker": "R Dolabaille",
              "runs": {
                "batter": 0,
                "extras": 0,
                "total": 0
              }
            }
          ]
        },
        {
          "over": 7,
          "deliveries": [
            {
              "batter": "R Dolabaille",
              "bowler": "VN Watts",
              "non_striker": "S Hector",
              "runs": {
                "batter": 0,
                "extras": 0,
                "total": 0
              }
            },
            {
              "batter": "R Dolabaille",
              "bowler": "VN Watts",
              "non_striker": "S Hector",
              "runs": {
                "batter": 0,
                "extras": 0,
                "total": 0
              }
            },
            {
              "batter": "R Dolabaille",
              "bowler": "VN Watts",
              "non_striker": "S Hector",
              "runs": {
                "batter": 0,
                "extras": 0,
                "total": 0
              }
            },
            {
              "batter": "R Dolabaille",
              "bowler": "VN Watts",
              "non_striker": "S Hector",
              "runs": {
                "batter": 0,
                "extras": 0,
                "total": 0
              }
            },
            {
              "batter": "R Dolabaille",
              "bowler": "VN Watts",
              "non_striker": "S Hector",
              "runs": {
                "batter": 0,
                "extras": 0,
                "total": 0
              }
            },
            {
              "batter": "R Dolabaille",
              "bowler": "VN Watts",
              "non_striker": "S Hector",
              "runs": {
                "batter": 0,
                "extras": 0,
                "total": 0
              }
            }
          ]
        },
        {
          "over": 8,
          "deliveries": [
            {
              "batter": "S Hector",
              "bowler": "C Howell",
              "non_striker": "R Dolabaille",
              "runs": {
                "batter": 0,
                "extras": 0,
                "total": 0
              }
            },
            {
              "batter": "S Hector",
              "bowler": "C Howell",
              "non_striker": "R Dolabaille",
              "runs": {
                "batter": 0,
                "extras": 0,
                "total": 0
              }
            },
            {
              "batter": "S Hector",
              "bowler": "C Howell",
              "non_striker": "R Dolabaille",
              "runs": {
                "batter": 1,
                "extras": 0,
                "total": 1
              }
            },
            {
              "batter": "R Dolabaille",
              "bowler": "C Howell",
              "non_striker": "S Hector",
              "runs": {
                "batter": 1,
                "extras": 0,
                "total": 1
              }
            },
            {
              "batter": "S Hector",
              "bowler": "C Howell",
              "non_striker": "R Dolabaille",
              "runs": {
                "batter": 0,
                "extras": 0,
                "total": 0
              }
            },
            {
              "batter": "S Hector",
              "bowler": "C Howell",
              "non_striker": "R Dolabaille",
              "runs": {
                "batter": 0,
                "extras": 0,
                "total": 0
              }
            }
          ]
        },
        {
          "over": 9,
          "deliveries": [
            {
              "batter": "R Dolabaille",
              "bowler": "NA Waisome",
              "non_striker": "S Hector",
              "runs": {
                "batter": 0,
                "extras": 0,
                "total": 0
              },
              "wickets": [
                {
                  "player_out": "R Dolabaille",
                  "fielders": [
                    {
                      "name": "CA Henry"
                    }
                  ],
                  "kind": "caught"
                }
              ]
            },
            {
              "batter": "S Willett",
              "bowler": "NA Waisome",
              "non_striker": "S Hector",
              "runs": {
                "batter": 0,
                "extras": 0,
                "total": 0
              }
            },
            {
              "batter": "S Willett",
              "bowler": "NA Waisome",
              "non_striker": "S Hector",
              "runs": {
                "batter": 0,
                "extras": 0,
                "total": 0
              }
            },
            {
              "batter": "S Willett",
              "bowler": "NA Waisome",
              "non_striker": "S Hector",
              "runs": {
                "batter": 0,
                "extras": 0,
                "total": 0
              }
            },
            {
              "batter": "S Willett",
              "bowler": "NA Waisome",
              "non_striker": "S Hector",
              "runs": {
                "batter": 0,
                "extras": 0,
                "total": 0
              }
            },
            {
              "batter": "S Willett",
              "bowler": "NA Waisome",
              "non_striker": "S Hector",
              "runs": {
                "batter": 0,
                "extras": 0,
                "total": 0
              }
            }
          ]
        },
        {
          "over": 10,
          "deliveries": [
            {
              "batter": "S Hector",
              "bowler": "C Howell",
              "non_striker": "S Willett",
              "runs": {
                "batter": 1,
                "extras": 0,
                "total": 1
              }
            },
            {
              "batter": "S Willett",
              "bowler": "C Howell",
              "extras": {
                "byes": 2
              },
              "non_striker": "S Hector",
              "runs": {
                "batter": 0,
                "extras": 2,
                "total": 2
              }
            },
            {
              "batter": "S Willett",
              "bowler": "C Howell",
              "non_striker": "S Hector",
              "runs": {
                "batter": 0,
                "extras": 0,
                "total": 0
              }
            },
            {
              "batter": "S Willett",
              "bowler": "C Howell",
              "non_striker": "S Hector",
              "runs": {
                "batter": 0,
                "extras": 0,
                "total": 0
              }
            },
            {
              "batter": "S Willett",
              "bowler": "C Howell",
              "non_striker": "S Hector",
              "runs": {
                "batter": 2,
                "extras": 0,
                "total": 2
              }
            },
            {
              "batter": "S Willett",
              "bowler": "C Howell",
              "non_striker": "S Hector",
              "runs": {
                "batter": 0,
                "extras": 0,
                "total": 0
              }
            }
          ]
        },
        {
          "over": 11,
          "deliveries": [
            {
              "batter": "S Hector",
              "bowler": "NA Waisome",
              "non_striker": "S Willett",
              "runs": {
                "batter": 0,
                "extras": 0,
                "total": 0
              }
            },
            {
              "batter": "S Hector",
              "bowler": "NA Waisome",
              "non_striker": "S Willett",
              "runs": {
                "batter": 0,
                "extras": 0,
                "total": 0
              }
            },
            {
              "batter": "S Hector",
              "bowler": "NA Waisome",
              "non_striker": "S Willett",
              "runs": {
                "batter": 4,
                "extras": 0,
                "total": 4
              }
            },
            {
              "batter": "S Hector",
              "bowler": "NA Waisome",
              "non_striker": "S Willett",
              "runs": {
                "batter": 0,
                "extras": 0,
                "total": 0
              }
            },
            {
              "batter": "S Hector",
              "bowler": "NA Waisome",
              "non_striker": "S Willett",
              "runs": {
                "batter": 4,
                "extras": 0,
                "total": 4
              }
            },
            {
              "batter": "S Hector",
              "bowler": "NA Waisome",
              "non_striker": "S Willett",
              "runs": {
                "batter": 0,
                "extras": 0,
                "total": 0
              }
            }
          ]
        },
        {
          "over": 12,
          "deliveries": [
            {
              "batter": "S Willett",
              "bowler": "C Howell",
              "non_striker": "S Hector",
              "runs": {
                "batter": 0,
                "extras": 0,
                "total": 0
              }
            },
            {
              "batter": "S Willett",
              "bowler": "C Howell",
              "non_striker": "S Hector",
              "runs": {
                "batter": 0,
                "extras": 0,
                "total": 0
              }
            },
            {
              "batter": "S Willett",
              "bowler": "C Howell",
              "non_striker": "S Hector",
              "runs": {
                "batter": 4,
                "extras": 0,
                "total": 4
              }
            },
            {
              "batter": "S Willett",
              "bowler": "C Howell",
              "non_striker": "S Hector",
              "runs": {
                "batter": 0,
                "extras": 0,
                "total": 0
              }
            },
            {
              "batter": "S Willett",
              "bowler": "C Howell",
              "non_striker": "S Hector",
              "runs": {
                "batter": 0,
                "extras": 0,
                "total": 0
              }
            },
            {
              "batter": "S Willett",
              "bowler": "C Howell",
              "non_striker": "S Hector",
              "runs": {
                "batter": 0,
                "extras": 0,
                "total": 0
              }
            }
          ]
        },
        {
          "over": 13,
          "deliveries": [
            {
              "batter": "S Hector",
              "bowler": "VN Watts",
              "non_striker": "S Willett",
              "runs": {
                "batter": 0,
                "extras": 0,
                "total": 0
              }
            },
            {
              "batter": "S Hector",
              "bowler": "VN Watts",
              "non_striker": "S Willett",
              "runs": {
                "batter": 0,
                "extras": 0,
                "total": 0
              }
            },
            {
              "batter": "S Hector",
              "bowler": "VN Watts",
              "non_striker": "S Willett",
              "runs": {
                "batter": 1,
                "extras": 0,
                "total": 1
              }
            },
            {
              "batter": "S Willett",
              "bowler": "VN Watts",
              "non_striker": "S Hector",
              "runs": {
                "batter": 0,
                "extras": 0,
                "total": 0
              }
            },
            {
              "batter": "S Willett",
              "bowler": "VN Watts",
              "non_striker": "S Hector",
              "runs": {
                "batter": 0,
                "extras": 0,
                "total": 0
              }
            },
            {
              "batter": "S Willett",
              "bowler": "VN Watts",
              "non_striker": "S Hector",
              "runs": {
                "batter": 0,
                "extras": 0,
                "total": 0
              }
            }
          ]
        },
        {
          "over": 14,
          "deliveries": [
            {
              "batter": "S Hector",
              "bowler": "SR Taylor",
              "non_striker": "S Willett",
              "runs": {
                "batter": 0,
                "extras": 0,
                "total": 0
              }
            },
            {
              "batter": "S Hector",
              "bowler": "SR Taylor",
              "non_striker": "S Willett",
              "runs": {
                "batter": 1,
                "extras": 0,
                "total": 1
              }
            },
            {
              "batter": "S Willett",
              "bowler": "SR Taylor",
              "non_striker": "S Hector",
              "runs": {
                "batter": 0,
                "extras": 0,
                "total": 0
              }
            },
            {
              "batter": "S Willett",
              "bowler": "SR Taylor",
              "non_striker": "S Hector",
              "runs": {
                "batter": 0,
                "extras": 0,
                "total": 0
              }
            },
            {
              "batter": "S Willett",
              "bowler": "SR Taylor",
              "non_striker": "S Hector",
              "runs": {
                "batter": 0,
                "extras": 0,
                "total": 0
              }
            },
            {
              "batter": "S Willett",
              "bowler": "SR Taylor",
              "non_striker": "S Hector",
              "runs": {
                "batter": 0,
                "extras": 0,
                "total": 0
              }
            }
          ]
        },
        {
          "over": 15,
          "deliveries": [
            {
              "batter": "S Hector",
              "bowler": "JE Walcott",
              "non_striker": "S Willett",
              "runs": {
                "batter": 1,
                "extras": 0,
                "total": 1
              }
            },
            {
              "batter": "S Willett",
              "bowler": "JE Walcott",
              "non_striker": "S Hector",
              "runs": {
                "batter": 0,
                "extras": 0,
                "total": 0
              }
            },
            {
              "batter": "S Willett",
              "bowler": "JE Walcott",
              "non_striker": "S Hector",
              "runs": {
                "batter": 0,
                "extras": 0,
                "total": 0
              }
            },
            {
              "batter": "S Willett",
              "bowler": "JE Walcott",
              "non_striker": "S Hector",
              "runs": {
                "batter": 0,
                "extras": 0,
                "total": 0
              }
            },
            {
              "batter": "S Willett",
              "bowler": "JE Walcott",
              "non_striker": "S Hector",
              "runs": {
                "batter": 0,
                "extras": 0,
                "total": 0
              }
            },
            {
              "batter": "S Willett",
              "bowler": "JE Walcott",
              "non_striker": "S Hector",
              "runs": {
                "batter": 0,
                "extras": 0,
                "total": 0
              }
            }
          ]
        },
        {
          "over": 16,
          "deliveries": [
            {
              "batter": "S Hector",
              "bowler": "SR Taylor",
              "non_striker": "S Willett",
              "runs": {
                "batter": 0,
                "extras": 0,
                "total": 0
              }
            },
            {
              "batter": "S Hector",
              "bowler": "SR Taylor",
              "non_striker": "S Willett",
              "runs": {
                "batter": 1,
                "extras": 0,
                "total": 1
              }
            },
            {
              "batter": "S Willett",
              "bowler": "SR Taylor",
              "non_striker": "S Hector",
              "runs": {
                "batter": 4,
                "extras": 0,
                "total": 4
              }
            },
            {
              "batter": "S Willett",
              "bowler": "SR Taylor",
              "non_striker": "S Hector",
              "runs": {
                "batter": 0,
                "extras": 0,
                "total": 0
              }
            },
            {
              "batter": "S Willett",
              "bowler": "SR Taylor",
              "non_striker": "S Hector",
              "runs": {
                "batter": 0,
                "extras": 0,
                "total": 0
              }
            },
            {
              "batter": "S Willett",
              "bowler": "SR Taylor",
              "non_striker": "S Hector",
              "runs": {
                "batter": 4,
                "extras": 0,
                "total": 4
              }
            }
          ]
        },
        {
          "over": 17,
          "deliveries": [
            {
              "batter": "S Hector",
              "bowler": "JE Walcott",
              "non_striker": "S Willett",
              "runs": {
                "batter": 0,
                "extras": 0,
                "total": 0
              }
            },
            {
              "batter": "S Hector",
              "bowler": "JE Walcott",
              "non_striker": "S Willett",
              "runs": {
                "batter": 1,
                "extras": 0,
                "total": 1
              }
            },
            {
              "batter": "S Willett",
              "bowler": "JE Walcott",
              "non_striker": "S Hector",
              "runs": {
                "batter": 1,
                "extras": 0,
                "total": 1
              }
            },
            {
              "batter": "S Hector",
              "bowler": "JE Walcott",
              "non_striker": "S Willett",
              "runs": {
                "batter": 0,
                "extras": 0,
                "total": 0
              }
            },
            {
              "batter": "S Hector",
              "bowler": "JE Walcott",
              "non_striker": "S Willett",
              "runs": {
                "batter": 0,
                "extras": 0,
                "total": 0
              }
            },
            {
              "batter": "S Hector",
              "bowler": "JE Walcott",
              "non_striker": "S Willett",
              "runs": {
                "batter": 0,
                "extras": 0,
                "total": 0
              }
            }
          ]
        },
        {
          "over": 18,
          "deliveries": [
            {
              "batter": "S Willett",
              "bowler": "SR Taylor",
              "non_striker": "S Hector",
              "runs": {
                "batter": 0,
                "extras": 0,
                "total": 0
              }
            },
            {
              "batter": "S Willett",
              "bowler": "SR Taylor",
              "non_striker": "S Hector",
              "runs": {
                "batter": 0,
                "extras": 0,
                "total": 0
              }
            },
            {
              "batter": "S Willett",
              "bowler": "SR Taylor",
              "non_striker": "S Hector",
              "runs": {
                "batter": 0,
                "extras": 0,
                "total": 0
              }
            },
            {
              "batter": "S Willett",
              "bowler": "SR Taylor",
              "non_striker": "S Hector",
              "runs": {
                "batter": 0,
                "extras": 0,
                "total": 0
              }
            },
            {
              "batter": "S Willett",
              "bowler": "SR Taylor",
              "non_striker": "S Hector",
              "runs": {
                "batter": 0,
                "extras": 0,
                "total": 0
              }
            },
            {
              "batter": "S Willett",
              "bowler": "SR Taylor",
              "non_striker": "S Hector",
              "runs": {
                "batter": 0,
                "extras": 0,
                "total": 0
              }
            }
          ]
        },
        {
          "over": 19,
          "deliveries": [
            {
              "batter": "S Hector",
              "bowler": "VN Watts",
              "non_striker": "S Willett",
              "runs": {
                "batter": 0,
                "extras": 0,
                "total": 0
              }
            },
            {
              "batter": "S Hector",
              "bowler": "VN Watts",
              "non_striker": "S Willett",
              "runs": {
                "batter": 0,
                "extras": 0,
                "total": 0
              }
            },
            {
              "batter": "S Hector",
              "bowler": "VN Watts",
              "non_striker": "S Willett",
              "runs": {
                "batter": 0,
                "extras": 0,
                "total": 0
              }
            },
            {
              "batter": "S Hector",
              "bowler": "VN Watts",
              "non_striker": "S Willett",
              "runs": {
                "batter": 1,
                "extras": 0,
                "total": 1
              }
            },
            {
              "batter": "S Willett",
              "bowler": "VN Watts",
              "non_striker": "S Hector",
              "runs": {
                "batter": 1,
                "extras": 0,
                "total": 1
              }
            },
            {
              "batter": "S Hector",
              "bowler": "VN Watts",
              "non_striker": "S Willett",
              "runs": {
                "batter": 1,
                "extras": 0,
                "total": 1
              }
            }
          ]
        }
      ],
      "powerplays": [
        {
          "from": 0.1,
          "to": 5.6,
          "type": "mandatory"
        }
      ]
    }
  ]
}