{
  "meta": {
    "data_version": "1.1.0",
    "created": "2022-07-25",
    "revision": 1
  },
  "info": {
    "balls_per_over": 6,
    "dates": [
      "2022-06-11"
    ],
    "event": {
      "name": "T20 Blaze"
    },
    "gender": "female",
    "match_type": "T20",
    "officials": {
      "umpires": [
        "LN Rajkumar",
        "N Shivsankar"
      ]
    },
    "outcome": {
      "winner": "Barbados",
      "by": {
        "wickets": 10
      }
    },
    "overs": 20,
    "players": {
      "Barbados": [
        "HK Matthews",
        "SC Selman",
        "A Williams",
        "AA Alleyne",
        "CO Taitt",
        "Kycia A Knight",
        "Kyshona A Knight",
        "N Cumberbatch",
        "S Carrington",
        "SJ Bruce",
        "Shai Carrington"
      ],
      "Windward Islands": [
        "ASS Fletcher",
        "AK Peters",
        "A Edward",
        "C Noel",
        "J Glasgow",
        "JM Joseph",
        "M Edward",
        "PS Etienne",
        "Q Joseph",
        "T Byron",
        "Z James"
      ]
    },
    "registry": {
      "people": {
        "A Edward": "d676814d",
        "A Williams": "f1733e13",
        "AA Alleyne": "4b0e3049",
        "AK Peters": "badd245f",
        "ASS Fletcher": "42d9dd09",
        "C Noel": "83848df7",
        "CO Taitt": "170c0116",
        "HK Matthews": "d32cf49a",
        "J Glasgow": "a2632c7c",
        "JM Joseph": "336f9577",
        "Kycia A Knight": "552f664a",
        "Kyshona A Knight": "d85a1960",
        "LN Rajkumar": "e331686b",
        "M Edward": "3dee411f",
        "N Cumberbatch": "da4f9274",
        "N Shivsankar": "c3b9d654",
        "PS Etienne": "5fab5186",
        "Q Joseph": "d6164dc0",
        "S Carrington": "9087d74c",
        "SC Selman": "c29ada99",
        "SJ Bruce": "aeccf5cc",
        "Shai Carrington": "771370b0",
        "T Byron": "dcc12ed6",
        "Z James": "816af623"
      }
    },
    "season": "2022",
    "team_type": "club",
    "teams": [
      "Barbados",
      "Windward Islands"
    ],
    "toss": {
      "decision": "field",
      "winner": "Barbados"
    },
    "venue": "Guyana National Stadium, Providence"
  },
  "innings": [
    {
      "team": "Windward Islands",
      "overs": [
        {
          "over": 0,
          "deliveries": [
            {
              "batter": "JM Joseph",
              "bowler": "SJ Bruce",
              "non_striker": "Q Joseph",
              "runs": {
                "batter": 0,
                "extras": 0,
                "total": 0
              }
            },
            {
              "batter": "JM Joseph",
              "bowler": "SJ Bruce",
              "non_striker": "Q Joseph",
              "runs": {
                "batter": 0,
                "extras": 0,
                "total": 0
              }
            },
            {
              "batter": "JM Joseph",
              "bowler": "SJ Bruce",
              "extras": {
                "legbyes": 1
              },
              "non_striker": "Q Joseph",
              "runs": {
                "batter": 0,
                "extras": 1,
                "total": 1
              }
            },
            {
              "batter": "Q Joseph",
              "bowler": "SJ Bruce",
              "non_striker": "JM Joseph",
              "runs": {
                "batter": 0,
                "extras": 0,
                "total": 0
              }
            },
            {
              "batter": "Q Joseph",
              "bowler": "SJ Bruce",
              "non_striker": "JM Joseph",
              "runs": {
                "batter": 0,
                "extras": 0,
                "total": 0
              }
            },
            {
              "batter": "Q Joseph",
              "bowler": "SJ Bruce",
              "non_striker": "JM Joseph",
              "runs": {
                "batter": 0,
                "extras": 0,
                "total": 0
              }
            }
          ]
        },
        {
          "over": 1,
          "deliveries": [
            {
              "batter": "JM Joseph",
              "bowler": "AA Alleyne",
              "non_striker": "Q Joseph",
              "runs": {
                "batter": 0,
                "extras": 0,
                "total": 0
              }
            },
            {
              "batter": "JM Joseph",
              "bowler": "AA Alleyne",
              "non_striker": "Q Joseph",
              "runs": {
                "batter": 0,
                "extras": 0,
                "total": 0
              }
            },
            {
              "batter": "JM Joseph",
              "bowler": "AA Alleyne",
              "non_striker": "Q Joseph",
              "runs": {
                "batter": 0,
                "extras": 0,
                "total": 0
              }
            },
            {
              "batter": "JM Joseph",
              "bowler": "AA Alleyne",
              "non_striker": "Q Joseph",
              "runs": {
                "batter": 0,
                "extras": 0,
                "total": 0
              }
            },
            {
              "batter": "JM Joseph",
              "bowler": "AA Alleyne",
              "non_striker": "Q Joseph",
              "runs": {
                "batter": 0,
                "extras": 0,
                "total": 0
              }
            },
            {
              "batter": "JM Joseph",
              "bowler": "AA Alleyne",
              "non_striker": "Q Joseph",
              "runs": {
                "batter": 0,
                "extras": 0,
                "total": 0
              }
            }
          ]
        },
        {
          "over": 2,
          "deliveries": [
            {
              "batter": "Q Joseph",
              "bowler": "SJ Bruce",
              "extras": {
                "wides": 1
              },
              "non_striker": "JM Joseph",
              "runs": {
                "batter": 0,
                "extras": 1,
                "total": 1
              }
            },
            {
              "batter": "Q Joseph",
              "bowler": "SJ Bruce",
              "non_striker": "JM Joseph",
              "runs": {
                "batter": 0,
                "extras": 0,
                "total": 0
              }
            },
            {
              "batter": "Q Joseph",
              "bowler": "SJ Bruce",
              "non_striker": "JM Joseph",
              "runs": {
                "batter": 0,
                "extras": 0,
                "total": 0
              }
            },
            {
              "batter": "Q Joseph",
              "bowler": "SJ Bruce",
              "non_striker": "JM Joseph",
              "runs": {
                "batter": 0,
                "extras": 0,
                "total": 0
              }
            },
            {
              "batter": "Q Joseph",
              "bowler": "SJ Bruce",
              "extras": {
                "byes": 2
              },
              "non_striker": "JM Joseph",
              "runs": {
                "batter": 0,
                "extras": 2,
                "total": 2
              }
            },
            {
              "batter": "Q Joseph",
              "bowler": "SJ Bruce",
              "non_striker": "JM Joseph",
              "runs": {
                "batter": 1,
                "extras": 0,
                "total": 1
              }
            },
            {
              "batter": "JM Joseph",
              "bowler": "SJ Bruce",
              "non_striker": "Q Joseph",
              "runs": {
                "batter": 1,
                "extras": 0,
                "total": 1
              }
            }
          ]
        },
        {
          "over": 3,
          "deliveries": [
            {
              "batter": "JM Joseph",
              "bowler": "AA Alleyne",
              "non_striker": "Q Joseph",
              "runs": {
                "batter": 0,
                "extras": 0,
                "total": 0
              }
            },
            {
              "batter": "JM Joseph",
              "bowler": "AA Alleyne",
              "non_striker": "Q Joseph",
              "runs": {
                "batter": 0,
                "extras": 0,
                "total": 0
              }
            },
            {
              "batter": "JM Joseph",
              "bowler": "AA Alleyne",
              "non_striker": "Q Joseph",
              "runs": {
                "batter": 0,
                "extras": 0,
                "total": 0
              }
            },
            {
              "batter": "JM Joseph",
              "bowler": "AA Alleyne",
              "non_striker": "Q Joseph",
              "runs": {
                "batter": 1,
                "extras": 0,
                "total": 1
              }
            },
            {
              "batter": "Q Joseph",
              "bowler": "AA Alleyne",
              "non_striker": "JM Joseph",
              "runs": {
                "batter": 0,
                "extras": 0,
                "total": 0
              }
            },
            {
              "batter": "Q Joseph",
              "bowler": "AA Alleyne",
              "non_striker": "JM Joseph",
              "runs": {
                "batter": 0,
                "extras": 0,
                "total": 0
              }
            }
          ]
        },
        {
          "over": 4,
          "deliveries": [
            {
              "batter": "JM Joseph",
              "bowler": "SJ Bruce",
              "extras": {
                "wides": 1
              },
              "non_striker": "Q Joseph",
              "runs": {
                "batter": 0,
                "extras": 1,
                "total": 1
              }
            },
            {
              "batter": "JM Joseph",
              "bowler": "SJ Bruce",
              "non_striker": "Q Joseph",
              "runs": {
                "batter": 0,
                "extras": 0,
                "total": 0
              },
              "wickets": [
                {
                  "player_out": "JM Joseph",
                  "kind": "lbw"
                }
              ]
            },
            {
              "batter": "ASS Fletcher",
              "bowler": "SJ Bruce",
              "extras": {
                "wides": 5
              },
              "non_striker": "Q Joseph",
              "runs": {
                "batter": 0,
                "extras": 5,
                "total": 5
              }
            },
            {
              "batter": "ASS Fletcher",
              "bowler": "SJ Bruce",
              "extras": {
                "wides": 1
              },
              "non_striker": "Q Joseph",
              "runs": {
                "batter": 0,
                "extras": 1,
                "total": 1
              }
            },
            {
              "batter": "ASS Fletcher",
              "bowler": "SJ Bruce",
              "extras": {
                "noballs": 1
              },
              "non_striker": "Q Joseph",
              "runs": {
                "batter": 0,
                "extras": 1,
                "total": 1
              }
            },
            {
              "batter": "ASS Fletcher",
              "bowler": "SJ Bruce",
              "extras": {
                "legbyes": 2
              },
              "non_striker": "Q Joseph",
              "runs": {
                "batter": 0,
                "extras": 2,
                "total": 2
              }
            },
            {
              "batter": "ASS Fletcher",
              "bowler": "SJ Bruce",
              "non_striker": "Q Joseph",
              "runs": {
                "batter": 0,
                "extras": 0,
                "total": 0
              }
            },
            {
              "batter": "ASS Fletcher",
              "bowler": "SJ Bruce",
              "non_striker": "Q Joseph",
              "runs": {
                "batter": 0,
                "extras": 0,
                "total": 0
              }
            },
            {
              "batter": "ASS Fletcher",
              "bowler": "SJ Bruce",
              "non_striker": "Q Joseph",
              "runs": {
                "batter": 0,
                "extras": 0,
                "total": 0
              }
            },
            {
              "batter": "ASS Fletcher",
              "bowler": "SJ Bruce",
              "non_striker": "Q Joseph",
              "runs": {
                "batter": 1,
                "extras": 0,
                "total": 1
              }
            }
          ]
        },
        {
          "over": 5,
          "deliveries": [
            {
              "batter": "ASS Fletcher",
              "bowler": "AA Alleyne",
              "non_striker": "Q Joseph",
              "runs": {
                "batter": 0,
                "extras": 0,
                "total": 0
              }
            },
            {
              "batter": "ASS Fletcher",
              "bowler": "AA Alleyne",
              "non_striker": "Q Joseph",
              "runs": {
                "batter": 1,
                "extras": 0,
                "total": 1
              }
            },
            {
              "batter": "Q Joseph",
              "bowler": "AA Alleyne",
              "extras": {
                "wides": 1
              },
              "non_striker": "ASS Fletcher",
              "runs": {
                "batter": 0,
                "extras": 1,
                "total": 1
              }
            },
            {
              "batter": "Q Joseph",
              "bowler": "AA Alleyne",
              "non_striker": "ASS Fletcher",
              "runs": {
                "batter": 0,
                "extras": 0,
                "total": 0
              }
            },
            {
              "batter": "Q Joseph",
              "bowler": "AA Alleyne",
              "non_striker": "ASS Fletcher",
              "runs": {
                "batter": 0,
                "extras": 0,
                "total": 0
              },
              "wickets": [
                {
                  "player_out": "Q Joseph",
                  "fielders": [
                    {
                      "name": "S Carrington"
                    }
                  ],
                  "kind": "caught"
                }
              ]
            },
            {
              "batter": "Z James",
              "bowler": "AA Alleyne",
              "non_striker": "ASS Fletcher",
              "runs": {
                "batter": 0,
                "extras": 0,
                "total": 0
              }
            },
            {
              "batter": "Z James",
              "bowler": "AA Alleyne",
              "non_striker": "ASS Fletcher",
              "runs": {
                "batter": 0,
                "extras": 0,
                "total": 0
              }
            }
          ]
        },
        {
          "over": 6,
          "deliveries": [
            {
              "batter": "ASS Fletcher",
              "bowler": "HK Matthews",
              "non_striker": "Z James",
              "runs": {
                "batter": 0,
                "extras": 0,
                "total": 0
              }
            },
            {
              "batter": "ASS Fletcher",
              "bowler": "HK Matthews",
              "non_striker": "Z James",
              "runs": {
                "batter": 0,
                "extras": 0,
                "total": 0
              }
            },
            {
              "batter": "ASS Fletcher",
              "bowler": "HK Matthews",
              "non_striker": "Z James",
              "runs": {
                "batter": 1,
                "extras": 0,
                "total": 1
              }
            },
            {
              "batter": "Z James",
              "bowler": "HK Matthews",
              "non_striker": "ASS Fletcher",
              "runs": {
                "batter": 1,
                "extras": 0,
                "total": 1
              }
            },
            {
              "batter": "ASS Fletcher",
              "bowler": "HK Matthews",
              "non_striker": "Z James",
              "runs": {
                "batter": 1,
                "extras": 0,
                "total": 1
              }
            },
            {
              "batter": "Z James",
              "bowler": "HK Matthews",
              "non_striker": "ASS Fletcher",
              "runs": {
                "batter": 0,
                "extras": 0,
                "total": 0
              }
            }
          ]
        },
        {
          "over": 7,
          "deliveries": [
            {
              "batter": "ASS Fletcher",
              "bowler": "A Williams",
              "non_striker": "Z James",
              "runs": {
                "batter": 0,
                "extras": 0,
                "total": 0
              }
            },
            {
              "batter": "ASS Fletcher",
              "bowler": "A Williams",
              "non_striker": "Z James",
              "runs": {
                "batter": 4,
                "extras": 0,
                "total": 4
              }
            },
            {
              "batter": "ASS Fletcher",
              "bowler": "A Williams",
              "non_striker": "Z James",
              "runs": {
                "batter": 0,
                "extras": 0,
                "total": 0
              }
            },
            {
              "batter": "ASS Fletcher",
              "bowler": "A Williams",
              "non_striker": "Z James",
              "runs": {
                "batter": 1,
                "extras": 0,
                "total": 1
              }
            },
            {
              "batter": "Z James",
              "bowler": "A Williams",
              "non_striker": "ASS Fletcher",
              "runs": {
                "batter": 0,
                "extras": 0,
                "total": 0
              }
            },
            {
              "batter": "Z James",
              "bowler": "A Williams",
              "non_striker": "ASS Fletcher",
              "runs": {
                "batter": 0,
                "extras": 0,
                "total": 0
              }
            }
          ]
        },
        {
          "over": 8,
          "deliveries": [
            {
              "batter": "ASS Fletcher",
              "bowler": "HK Matthews",
              "non_striker": "Z James",
              "runs": {
                "batter": 0,
                "extras": 0,
                "total": 0
              }
            },
            {
              "batter": "ASS Fletcher",
              "bowler": "HK Matthews",
              "non_striker": "Z James",
              "runs": {
                "batter": 1,
                "extras": 0,
                "total": 1
              }
            },
            {
              "batter": "Z James",
              "bowler": "HK Matthews",
              "non_striker": "ASS Fletcher",
              "runs": {
                "batter": 4,
                "extras": 0,
                "total": 4
              }
            },
            {
              "batter": "Z James",
              "bowler": "HK Matthews",
              "non_striker": "ASS Fletcher",
              "runs": {
                "batter": 0,
                "extras": 0,
                "total": 0
              }
            },
            {
              "batter": "Z James",
              "bowler": "HK Matthews",
              "non_striker": "ASS Fletcher",
              "runs": {
                "batter": 0,
                "extras": 0,
                "total": 0
              }
            },
            {
              "batter": "Z James",
              "bowler": "HK Matthews",
              "non_striker": "ASS Fletcher",
              "runs": {
                "batter": 0,
                "extras": 0,
                "total": 0
              }
            }
          ]
        },
        {
          "over": 9,
          "deliveries": [
            {
              "batter": "ASS Fletcher",
              "bowler": "A Williams",
              "non_striker": "Z James",
              "runs": {
                "batter": 0,
                "extras": 0,
                "total": 0
              }
            },
            {
              "batter": "ASS Fletcher",
              "bowler": "A Williams",
              "extras": {
                "legbyes": 1
              },
              "non_striker": "Z James",
              "runs": {
                "batter": 0,
                "extras": 1,
                "total": 1
              }
            },
            {
              "batter": "Z James",
              "bowler": "A Williams",
              "non_striker": "ASS Fletcher",
              "runs": {
                "batter": 1,
                "extras": 0,
                "total": 1
              }
            },
            {
              "batter": "ASS Fletcher",
              "bowler": "A Williams",
              "non_striker": "Z James",
              "runs": {
                "batter": 0,
                "extras": 0,
                "total": 0
              }
            },
            {
              "batter": "ASS Fletcher",
              "bowler": "A Williams",
              "non_striker": "Z James",
              "runs": {
                "batter": 1,
                "extras": 0,
                "total": 1
              }
            },
            {
              "batter": "Z James",
              "bowler": "A Williams",
              "non_striker": "ASS Fletcher",
              "runs": {
                "batter": 0,
                "extras": 0,
                "total": 0
              }
            }
          ]
        },
        {
          "over": 10,
          "deliveries": [
            {
              "batter": "ASS Fletcher",
              "bowler": "S Carrington",
              "non_striker": "Z James",
              "runs": {
                "batter": 2,
                "extras": 0,
                "total": 2
              }
            },
            {
              "batter": "ASS Fletcher",
              "bowler": "S Carrington",
              "non_striker": "Z James",
              "runs": {
                "batter": 1,
                "extras": 0,
                "total": 1
              }
            },
            {
              "batter": "Z James",
              "bowler": "S Carrington",
              "extras": {
                "wides": 1
              },
              "non_striker": "ASS Fletcher",
              "runs": {
                "batter": 0,
                "extras": 1,
                "total": 1
              }
            },
            {
              "batter": "Z James",
              "bowler": "S Carrington",
              "non_striker": "ASS Fletcher",
              "runs": {
                "batter": 1,
                "extras": 0,
                "total": 1
              }
            },
            {
              "batter": "ASS Fletcher",
              "bowler": "S Carrington",
              "non_striker": "Z James",
              "runs": {
                "batter": 1,
                "extras": 0,
                "total": 1
              }
            },
            {
              "batter": "Z James",
              "bowler": "S Carrington",
              "extras": {
                "wides": 1
              },
              "non_striker": "ASS Fletcher",
              "runs": {
                "batter": 0,
                "extras": 1,
                "total": 1
              }
            },
            {
              "batter": "Z James",
              "bowler": "S Carrington",
              "non_striker": "ASS Fletcher",
              "runs": {
                "batter": 0,
                "extras": 0,
                "total": 0
              }
            },
            {
              "batter": "Z James",
              "bowler": "S Carrington",
              "non_striker": "ASS Fletcher",
              "runs": {
                "batter": 1,
                "extras": 0,
                "total": 1
              }
            }
          ]
        },
        {
          "over": 11,
          "deliveries": [
            {
              "batter": "Z James",
              "bowler": "A Williams",
              "non_striker": "ASS Fletcher",
              "runs": {
                "batter": 0,
                "extras": 0,
                "total": 0
              }
            },
            {
              "batter": "Z James",
              "bowler": "A Williams",
              "extras": {
                "wides": 1
              },
              "non_striker": "ASS Fletcher",
              "runs": {
                "batter": 0,
                "extras": 1,
                "total": 1
              }
            },
            {
              "batter": "Z James",
              "bowler": "A Williams",
              "non_striker": "ASS Fletcher",
              "runs": {
                "batter": 1,
                "extras": 0,
                "total": 1
              }
            },
            {
              "batter": "ASS Fletcher",
              "bowler": "A Williams",
              "extras": {
                "wides": 1
              },
              "non_striker": "Z James",
              "runs": {
                "batter": 0,
                "extras": 1,
                "total": 1
              }
            },
            {
              "batter": "ASS Fletcher",
              "bowler": "A Williams",
              "non_striker": "Z James",
              "runs": {
                "batter": 1,
                "extras": 0,
                "total": 1
              }
            },
            {
              "batter": "Z James",
              "bowler": "A Williams",
              "non_striker": "ASS Fletcher",
              "runs": {
                "batter": 1,
                "extras": 0,
                "total": 1
              }
            },
            {
              "batter": "ASS Fletcher",
              "bowler": "A Williams",
              "non_striker": "Z James",
              "runs": {
                "batter": 0,
                "extras": 0,
                "total": 0
              }
            },
            {
              "batter": "ASS Fletcher",
              "bowler": "A Williams",
              "non_striker": "Z James",
              "runs": {
                "batter": 0,
                "extras": 0,
                "total": 0
              }
            }
          ]
        },
        {
          "over": 12,
          "deliveries": [
            {
              "batter": "Z James",
              "bowler": "S Carrington",
              "non_striker": "ASS Fletcher",
              "runs": {
                "batter": 0,
                "extras": 0,
                "total": 0
              }
            },
            {
              "batter": "Z James",
              "bowler": "S Carrington",
              "non_striker": "ASS Fletcher",
              "runs": {
                "batter": 0,
                "extras": 0,
                "total": 0
              }
            },
            {
              "batter": "Z James",
              "bowler": "S Carrington",
              "extras": {
                "noballs": 1
              },
              "non_striker": "ASS Fletcher",
              "runs": {
                "batter": 1,
                "extras": 1,
                "total": 2
              }
            },
            {
              "batter": "ASS Fletcher",
              "bowler": "S Carrington",
              "extras": {
                "wides": 1
              },
              "non_striker": "Z James",
              "runs": {
                "batter": 0,
                "extras": 1,
                "total": 1
              }
            },
            {
              "batter": "ASS Fletcher",
              "bowler": "S Carrington",
              "non_striker": "Z James",
              "runs": {
                "batter": 0,
                "extras": 0,
                "total": 0
              }
            },
            {
              "batter": "ASS Fletcher",
              "bowler": "S Carrington",
              "non_striker": "Z James",
              "runs": {
                "batter": 2,
                "extras": 0,
                "total": 2
              }
            },
            {
              "batter": "ASS Fletcher",
              "bowler": "S Carrington",
              "non_striker": "Z James",
              "runs": {
                "batter": 0,
                "extras": 0,
                "total": 0
              }
            },
            {
              "batter": "ASS Fletcher",
              "bowler": "S Carrington",
              "non_striker": "Z James",
              "runs": {
                "batter": 1,
                "extras": 0,
                "total": 1
              }
            }
          ]
        },
        {
          "over": 13,
          "deliveries": [
            {
              "batter": "ASS Fletcher",
              "bowler": "A Williams",
              "extras": {
                "wides": 1
              },
              "non_striker": "Z James",
              "runs": {
                "batter": 0,
                "extras": 1,
                "total": 1
              }
            },
            {
              "batter": "ASS Fletcher",
              "bowler": "A Williams",
              "non_striker": "Z James",
              "runs": {
                "batter": 1,
                "extras": 0,
                "total": 1
              }
            },
            {
              "batter": "Z James",
              "bowler": "A Williams",
              "extras": {
                "wides": 5
              },
              "non_striker": "ASS Fletcher",
              "runs": {
                "batter": 0,
                "extras": 5,
                "total": 5
              }
            },
            {
              "batter": "Z James",
              "bowler": "A Williams",
              "non_striker": "ASS Fletcher",
              "runs": {
                "batter": 0,
                "extras": 0,
                "total": 0
              }
            },
            {
              "batter": "Z James",
              "bowler": "A Williams",
              "non_striker": "ASS Fletcher",
              "runs": {
                "batter": 0,
                "extras": 0,
                "total": 0
              }
            },
            {
              "batter": "Z James",
              "bowler": "A Williams",
              "non_striker": "ASS Fletcher",
              "runs": {
                "batter": 1,
                "extras": 0,
                "total": 1
              }
            },
            {
              "batter": "ASS Fletcher",
              "bowler": "A Williams",
              "non_striker": "Z James",
              "runs": {
                "batter": 2,
                "extras": 0,
                "total": 2
              }
            },
            {
              "batter": "ASS Fletcher",
              "bowler": "A Williams",
              "non_striker": "Z James",
              "runs": {
                "batter": 1,
                "extras": 0,
                "total": 1
              }
            }
          ]
        },
        {
          "over": 14,
          "deliveries": [
            {
              "batter": "ASS Fletcher",
              "bowler": "S Carrington",
              "non_striker": "Z James",
              "runs": {
                "batter": 2,
                "extras": 0,
                "total": 2
              }
            },
            {
              "batter": "ASS Fletcher",
              "bowler": "S Carrington",
              "non_striker": "Z James",
              "runs": {
                "batter": 0,
                "extras": 0,
                "total": 0
              }
            },
            {
              "batter": "ASS Fletcher",
              "bowler": "S Carrington",
              "non_striker": "Z James",
              "runs": {
                "batter": 0,
                "extras": 0,
                "total": 0
              }
            },
            {
              "batter": "ASS Fletcher",
              "bowler": "S Carrington",
              "non_striker": "Z James",
              "runs": {
                "batter": 0,
                "extras": 0,
                "total": 0
              }
            },
            {
              "batter": "ASS Fletcher",
              "bowler": "S Carrington",
              "non_striker": "Z James",
              "runs": {
                "batter": 1,
                "extras": 0,
                "total": 1
              }
            },
            {
              "batter": "Z James",
              "bowler": "S Carrington",
              "non_striker": "ASS Fletcher",
              "runs": {
                "batter": 0,
                "extras": 0,
                "total": 0
              }
            }
          ]
        },
        {
          "over": 15,
          "deliveries": [
            {
              "batter": "ASS Fletcher",
              "bowler": "HK Matthews",
              "non_striker": "Z James",
              "runs": {
                "batter": 0,
                "extras": 0,
                "total": 0
              }
            },
            {
              "batter": "ASS Fletcher",
              "bowler": "HK Matthews",
              "non_striker": "Z James",
              "runs": {
                "batter": 1,
                "extras": 0,
                "total": 1
              }
            },
            {
              "batter": "Z James",
              "bowler": "HK Matthews",
              "non_striker": "ASS Fletcher",
              "runs": {
                "batter": 0,
                "extras": 0,
                "total": 0
              }
            },
            {
              "batter": "Z James",
              "bowler": "HK Matthews",
              "non_striker": "ASS Fletcher",
              "runs": {
                "batter": 4,
                "extras": 0,
                "total": 4
              }
            },
            {
              "batter": "Z James",
              "bowler": "HK Matthews",
              "non_striker": "ASS Fletcher",
              "runs": {
                "batter": 0,
                "extras": 0,
                "total": 0
              }
            },
            {
              "batter": "Z James",
              "bowler": "HK Matthews",
              "non_striker": "ASS Fletcher",
              "runs": {
                "batter": 0,
                "extras": 0,
                "total": 0
              }
            }
          ]
        },
        {
          "over": 16,
          "deliveries": [
            {
              "batter": "ASS Fletcher",
              "bowler": "S Carrington",
              "non_striker": "Z James",
              "runs": {
                "batter": 1,
                "extras": 0,
                "total": 1
              }
            },
            {
              "batter": "Z James",
              "bowler": "S Carrington",
              "non_striker": "ASS Fletcher",
              "runs": {
                "batter": 0,
                "extras": 0,
                "total": 0
              }
            },
            {
              "batter": "Z James",
              "bowler": "S Carrington",
              "non_striker": "ASS Fletcher",
              "runs": {
                "batter": 0,
                "extras": 0,
                "total": 0
              }
            },
            {
              "batter": "Z James",
              "bowler": "S Carrington",
              "non_striker": "ASS Fletcher",
              "runs": {
                "batter": 1,
                "extras": 0,
                "total": 1
              }
            },
            {
              "batter": "ASS Fletcher",
              "bowler": "S Carrington",
              "non_striker": "Z James",
              "runs": {
                "batter": 1,
                "extras": 0,
                "total": 1
              }
            },
            {
              "batter": "Z James",
              "bowler": "S Carrington",
              "non_striker": "ASS Fletcher",
              "runs": {
                "batter": 1,
                "extras": 0,
                "total": 1
              }
            }
          ]
        },
        {
          "over": 17,
          "deliveries": [
            {
              "batter": "Z James",
              "bowler": "HK Matthews",
              "non_striker": "ASS Fletcher",
              "runs": {
                "batter": 3,
                "extras": 0,
                "total": 3
              }
            },
            {
              "batter": "ASS Fletcher",
              "bowler": "HK Matthews",
              "non_striker": "Z James",
              "runs": {
                "batter": 1,
                "extras": 0,
                "total": 1
              }
            },
            {
              "batter": "Z James",
              "bowler": "HK Matthews",
              "non_striker": "ASS Fletcher",
              "runs": {
                "batter": 0,
                "extras": 0,
                "total": 0
              }
            },
            {
              "batter": "Z James",
              "bowler": "HK Matthews",
              "non_striker": "ASS Fletcher",
              "runs": {
                "batter": 0,
                "extras": 0,
                "total": 0
              }
            },
            {
              "batter": "Z James",
              "bowler": "HK Matthews",
              "non_striker": "ASS Fletcher",
              "runs": {
                "batter": 0,
                "extras": 0,
                "total": 0
              }
            },
            {
              "batter": "Z James",
              "bowler": "HK Matthews",
              "non_striker": "ASS Fletcher",
              "runs": {
                "batter": 1,
                "extras": 0,
                "total": 1
              }
            }
          ]
        },
        {
          "over": 18,
          "deliveries": [
            {
              "batter": "Z James",
              "bowler": "SJ Bruce",
              "non_striker": "ASS Fletcher",
              "runs": {
                "batter": 1,
                "extras": 0,
                "total": 1
              }
            },
            {
              "batter": "ASS Fletcher",
              "bowler": "SJ Bruce",
              "non_striker": "Z James",
              "runs": {
                "batter": 0,
                "extras": 0,
                "total": 0
              },
              "wickets": [
                {
                  "player_out": "ASS Fletcher",
                  "kind": "lbw"
                }
              ]
            },
            {
              "batter": "PS Etienne",
              "bowler": "SJ Bruce",
              "non_striker": "Z James",
              "runs": {
                "batter": 0,
                "extras": 0,
                "total": 0
              }
            },
            {
              "batter": "PS Etienne",
              "bowler": "SJ Bruce",
              "non_striker": "Z James",
              "runs": {
                "batter": 0,
                "extras": 0,
                "total": 0
              }
            },
            {
              "batter": "PS Etienne",
              "bowler": "SJ Bruce",
              "non_striker": "Z James",
              "runs": {
                "batter": 0,
                "extras": 0,
                "total": 0
              },
              "wickets": [
                {
                  "player_out": "PS Etienne",
                  "kind": "bowled"
                }
              ]
            },
            {
              "batter": "J Glasgow",
              "bowler": "SJ Bruce",
              "non_striker": "Z James",
              "runs": {
                "batter": 0,
                "extras": 0,
                "total": 0
              }
            }
          ]
        },
        {
          "over": 19,
          "deliveries": [
            {
              "batter": "Z James",
              "bowler": "AA Alleyne",
              "non_striker": "J Glasgow",
              "runs": {
                "batter": 0,
                "extras": 0,
                "total": 0
              },
              "wickets": [
                {
                  "player_out": "Z James",
                  "fielders": [
                    {
                      "name": "S Carrington"
                    }
                  ],
                  "kind": "caught"
                }
              ]
            },
            {
              "batter": "J Glasgow",
              "bowler": "AA Alleyne",
              "non_striker": "AK Peters",
              "runs": {
                "batter": 0,
                "extras": 0,
                "total": 0
              }
            },
            {
              "batter": "J Glasgow",
              "bowler": "AA Alleyne",
              "non_striker": "AK Peters",
              "runs": {
                "batter": 2,
                "extras": 0,
                "total": 2
              }
            },
            {
              "batter": "J Glasgow",
              "bowler": "AA Alleyne",
              "non_striker": "AK Peters",
              "runs": {
                "batter": 1,
                "extras": 0,
                "total": 1
              }
            },
            {
              "batter": "AK Peters",
              "bowler": "AA Alleyne",
              "non_striker": "J Glasgow",
              "runs": {
                "batter": 0,
                "extras": 0,
                "total": 0
              }
            },
            {
              "batter": "AK Peters",
              "bowler": "AA Alleyne",
              "non_striker": "J Glasgow",
              "runs": {
                "batter": 0,
                "extras": 0,
                "total": 0
              },
              "wickets": [
                {
                  "player_out": "AK Peters",
                  "fielders": [
                    {
                      "name": "AA Alleyne"
                    }
                  ],
                  "kind": "run out"
                }
              ]
            }
          ]
        }
      ],
      "powerplays": [
        {
          "from": 0.1,
          "to": 5.7,
          "type": "mandatory"
        }
      ]
    },
    {
      "team": "Barbados",
      "overs": [
        {
          "over": 0,
          "deliveries": [
            {
              "batter": "Kycia A Knight",
              "bowler": "J Glasgow",
              "non_striker": "HK Matthews",
              "runs": {
                "batter": 4,
                "extras": 0,
                "total": 4
              }
            },
            {
              "batter": "Kycia A Knight",
              "bowler": "J Glasgow",
              "non_striker": "HK Matthews",
              "runs": {
                "batter": 0,
                "extras": 0,
                "total": 0
              }
            },
            {
              "batter": "Kycia A Knight",
              "bowler": "J Glasgow",
              "non_striker": "HK Matthews",
              "runs": {
                "batter": 0,
                "extras": 0,
                "total": 0
              }
            },
            {
              "batter": "Kycia A Knight",
              "bowler": "J Glasgow",
              "non_striker": "HK Matthews",
              "runs": {
                "batter": 2,
                "extras": 0,
                "total": 2
              }
            },
            {
              "batter": "Kycia A Knight",
              "bowler": "J Glasgow",
              "non_striker": "HK Matthews",
              "runs": {
                "batter": 0,
                "extras": 0,
                "total": 0
              }
            },
            {
              "batter": "Kycia A Knight",
              "bowler": "J Glasgow",
              "extras": {
                "wides": 1
              },
              "non_striker": "HK Matthews",
              "runs": {
                "batter": 0,
                "extras": 1,
                "total": 1
              }
            },
            {
              "batter": "Kycia A Knight",
              "bowler": "J Glasgow",
              "non_striker": "HK Matthews",
              "runs": {
                "batter": 0,
                "extras": 0,
                "total": 0
              }
            }
          ]
        },
        {
          "over": 1,
          "deliveries": [
            {
              "batter": "HK Matthews",
              "bowler": "PS Etienne",
              "non_striker": "Kycia A Knight",
              "runs": {
                "batter": 0,
                "extras": 0,
                "total": 0
              }
            },
            {
              "batter": "HK Matthews",
              "bowler": "PS Etienne",
              "non_striker": "Kycia A Knight",
              "runs": {
                "batter": 2,
                "extras": 0,
                "total": 2
              }
            },
            {
              "batter": "HK Matthews",
              "bowler": "PS Etienne",
              "non_striker": "Kycia A Knight",
              "runs": {
                "batter": 0,
                "extras": 0,
                "total": 0
              }
            },
            {
              "batter": "HK Matthews",
              "bowler": "PS Etienne",
              "non_striker": "Kycia A Knight",
              "runs": {
                "batter": 1,
                "extras": 0,
                "total": 1
              }
            },
            {
              "batter": "Kycia A Knight",
              "bowler": "PS Etienne",
              "non_striker": "HK Matthews",
              "runs": {
                "batter": 4,
                "extras": 0,
                "total": 4
              }
            },
            {
              "batter": "Kycia A Knight",
              "bowler": "PS Etienne",
              "extras": {
                "wides": 1
              },
              "non_striker": "HK Matthews",
              "runs": {
                "batter": 0,
                "extras": 1,
                "total": 1
              }
            },
            {
              "batter": "Kycia A Knight",
              "bowler": "PS Etienne",
              "non_striker": "HK Matthews",
              "runs": {
                "batter": 0,
                "extras": 0,
                "total": 0
              }
            }
          ]
        },
        {
          "over": 2,
          "deliveries": [
            {
              "batter": "HK Matthews",
              "bowler": "J Glasgow",
              "non_striker": "Kycia A Knight",
              "runs": {
                "batter": 2,
                "extras": 0,
                "total": 2
              }
            },
            {
              "batter": "HK Matthews",
              "bowler": "J Glasgow",
              "non_striker": "Kycia A Knight",
              "runs": {
                "batter": 4,
                "extras": 0,
                "total": 4
              }
            },
            {
              "batter": "HK Matthews",
              "bowler": "J Glasgow",
              "non_striker": "Kycia A Knight",
              "runs": {
                "batter": 0,
                "extras": 0,
                "total": 0
              }
            },
            {
              "batter": "HK Matthews",
              "bowler": "J Glasgow",
              "non_striker": "Kycia A Knight",
              "runs": {
                "batter": 4,
                "extras": 0,
                "total": 4
              }
            },
            {
              "batter": "HK Matthews",
              "bowler": "J Glasgow",
              "non_striker": "Kycia A Knight",
              "runs": {
                "batter": 1,
                "extras": 0,
                "total": 1
              }
            },
            {
              "batter": "Kycia A Knight",
              "bowler": "J Glasgow",
              "extras": {
                "wides": 1
              },
              "non_striker": "HK Matthews",
              "runs": {
                "batter": 0,
                "extras": 1,
                "total": 1
              }
            },
            {
              "batter": "Kycia A Knight",
              "bowler": "J Glasgow",
              "non_striker": "HK Matthews",
              "runs": {
                "batter": 0,
                "extras": 0,
                "total": 0
              }
            }
          ]
        },
        {
          "over": 3,
          "deliveries": [
            {
              "batter": "HK Matthews",
              "bowler": "PS Etienne",
              "non_striker": "Kycia A Knight",
              "runs": {
                "batter": 4,
                "extras": 0,
                "total": 4
              }
            },
            {
              "batter": "HK Matthews",
              "bowler": "PS Etienne",
              "non_striker": "Kycia A Knight",
              "runs": {
                "batter": 2,
                "extras": 0,
                "total": 2
              }
            },
            {
              "batter": "HK Matthews",
              "bowler": "PS Etienne",
              "non_striker": "Kycia A Knight",
              "runs": {
                "batter": 1,
                "extras": 0,
                "total": 1
              }
            },
            {
              "batter": "Kycia A Knight",
              "bowler": "PS Etienne",
              "extras": {
                "noballs": 1
              },
              "non_striker": "HK Matthews",
              "runs": {
                "batter": 2,
                "extras": 1,
                "total": 3
              }
            },
            {
              "batter": "Kycia A Knight",
              "bowler": "PS Etienne",
              "non_striker": "HK Matthews",
              "runs": {
                "batter": 6,
                "extras": 0,
                "total": 6
              }
            },
            {
              "batter": "Kycia A Knight",
              "bowler": "PS Etienne",
              "non_striker": "HK Matthews",
              "runs": {
                "batter": 0,
                "extras": 0,
                "total": 0
              }
            },
            {
              "batter": "Kycia A Knight",
              "bowler": "PS Etienne",
              "non_striker": "HK Matthews",
              "runs": {
                "batter": 0,
                "extras": 0,
                "total": 0
              }
            }
          ]
        },
        {
          "over": 4,
          "deliveries": [
            {
              "batter": "HK Matthews",
              "bowler": "Q Joseph",
              "non_striker": "Kycia A Knight",
              "runs": {
                "batter": 0,
                "extras": 0,
                "total": 0
              }
            },
            {
              "batter": "HK Matthews",
              "bowler": "Q Joseph",
              "non_striker": "Kycia A Knight",
              "runs": {
                "batter": 0,
                "extras": 0,
                "total": 0
              }
            },
            {
              "batter": "HK Matthews",
              "bowler": "Q Joseph",
              "non_striker": "Kycia A Knight",
              "runs": {
                "batter": 0,
                "extras": 0,
                "total": 0
              }
            },
            {
              "batter": "HK Matthews",
              "bowler": "Q Joseph",
              "non_striker": "Kycia A Knight",
              "runs": {
                "batter": 1,
                "extras": 0,
                "total": 1
              }
            },
            {
              "batter": "Kycia A Knight",
              "bowler": "Q Joseph",
              "non_striker": "HK Matthews",
              "runs": {
                "batter": 0,
                "extras": 0,
                "total": 0
              }
            },
            {
              "batter": "Kycia A Knight",
              "bowler": "Q Joseph",
              "non_striker": "HK Matthews",
              "runs": {
                "batter": 1,
                "extras": 0,
                "total": 1
              }
            }
          ]
        },
        {
          "over": 5,
          "deliveries": [
            {
              "batter": "Kycia A Knight",
              "bowler": "ASS Fletcher",
              "non_striker": "HK Matthews",
              "runs": {
                "batter": 1,
                "extras": 0,
                "total": 1
              }
            },
            {
              "batter": "HK Matthews",
              "bowler": "ASS Fletcher",
              "non_striker": "Kycia A Knight",
              "runs": {
                "batter": 1,
                "extras": 0,
                "total": 1
              }
            },
            {
              "batter": "Kycia A Knight",
              "bowler": "ASS Fletcher",
              "non_striker": "HK Matthews",
              "runs": {
                "batter": 1,
                "extras": 0,
                "total": 1
              }
            },
            {
              "batter": "HK Matthews",
              "bowler": "ASS Fletcher",
              "non_striker": "Kycia A Knight",
              "runs": {
                "batter": 0,
                "extras": 0,
                "total": 0
              }
            },
            {
              "batter": "HK Matthews",
              "bowler": "ASS Fletcher",
              "non_striker": "Kycia A Knight",
              "runs": {
                "batter": 2,
                "extras": 0,
                "total": 2
              }
            },
            {
              "batter": "HK Matthews",
              "bowler": "ASS Fletcher",
              "non_striker": "Kycia A Knight",
              "runs": {
                "batter": 1,
                "extras": 0,
                "total": 1
              }
            }
          ]
        },
        {
          "over": 6,
          "deliveries": [
            {
              "batter": "HK Matthews",
              "bowler": "Q Joseph",
              "non_striker": "Kycia A Knight",
              "runs": {
                "batter": 1,
                "extras": 0,
                "total": 1
              }
            },
            {
              "batter": "Kycia A Knight",
              "bowler": "Q Joseph",
              "extras": {
                "wides": 3
              },
              "non_striker": "HK Matthews",
              "runs": {
                "batter": 0,
                "extras": 3,
                "total": 3
              }
            },
            {
              "batter": "Kycia A Knight",
              "bowler": "Q Joseph",
              "non_striker": "HK Matthews",
              "runs": {
                "batter": 1,
                "extras": 0,
                "total": 1
              }
            },
            {
              "batter": "HK Matthews",
              "bowler": "Q Joseph",
              "non_striker": "Kycia A Knight",
              "runs": {
                "batter": 0,
                "extras": 0,
                "total": 0
              }
            },
            {
              "batter": "HK Matthews",
              "bowler": "Q Joseph",
              "non_striker": "Kycia A Knight",
              "runs": {
                "batter": 1,
                "extras": 0,
                "total": 1
              }
            },
            {
              "batter": "Kycia A Knight",
              "bowler": "Q Joseph",
              "non_striker": "HK Matthews",
              "runs": {
                "batter": 1,
                "extras": 0,
                "total": 1
              }
            },
            {
              "batter": "HK Matthews",
              "bowler": "Q Joseph",
              "non_striker": "Kycia A Knight",
              "runs": {
                "batter": 0,
                "extras": 0,
                "total": 0
              }
            }
          ]
        },
        {
          "over": 7,
          "deliveries": [
            {
              "batter": "Kycia A Knight",
              "bowler": "ASS Fletcher",
              "non_striker": "HK Matthews",
              "runs": {
                "batter": 0,
                "extras": 0,
                "total": 0
              }
            },
            {
              "batter": "Kycia A Knight",
              "bowler": "ASS Fletcher",
              "non_striker": "HK Matthews",
              "runs": {
                "batter": 2,
                "extras": 0,
                "total": 2
              }
            },
            {
              "batter": "Kycia A Knight",
              "bowler": "ASS Fletcher",
              "non_striker": "HK Matthews",
              "runs": {
                "batter": 0,
                "extras": 0,
                "total": 0
              }
            },
            {
              "batter": "Kycia A Knight",
              "bowler": "ASS Fletcher",
              "non_striker": "HK Matthews",
              "runs": {
                "batter": 0,
                "extras": 0,
                "total": 0
              }
            },
            {
              "batter": "Kycia A Knight",
              "bowler": "ASS Fletcher",
              "non_striker": "HK Matthews",
              "runs": {
                "batter": 0,
                "extras": 0,
                "total": 0
              }
            },
            {
              "batter": "Kycia A Knight",
              "bowler": "ASS Fletcher",
              "non_striker": "HK Matthews",
              "runs": {
                "batter": 1,
                "extras": 0,
                "total": 1
              }
            }
          ]
        },
        {
          "over": 8,
          "deliveries": [
            {
              "batter": "Kycia A Knight",
              "bowler": "Q Joseph",
              "non_striker": "HK Matthews",
              "runs": {
                "batter": 0,
                "extras": 0,
                "total": 0
              }
            },
            {
              "batter": "Kycia A Knight",
              "bowler": "Q Joseph",
              "non_striker": "HK Matthews",
              "runs": {
                "batter": 0,
                "extras": 0,
                "total": 0
              }
            },
            {
              "batter": "Kycia A Knight",
              "bowler": "Q Joseph",
              "non_striker": "HK Matthews",
              "runs": {
                "batter": 1,
                "extras": 0,
                "total": 1
              }
            },
            {
              "batter": "HK Matthews",
              "bowler": "Q Joseph",
              "non_striker": "Kycia A Knight",
              "runs": {
                "batter": 2,
                "extras": 0,
                "total": 2
              }
            },
            {
              "batter": "HK Matthews",
              "bowler": "Q Joseph",
              "non_striker": "Kycia A Knight",
              "runs": {
                "batter": 0,
                "extras": 0,
                "total": 0
              }
            },
            {
              "batter": "HK Matthews",
              "bowler": "Q Joseph",
              "non_striker": "Kycia A Knight",
              "runs": {
                "batter": 1,
                "extras": 0,
                "total": 1
              }
            }
          ]
        },
        {
          "over": 9,
          "deliveries": [
            {
              "batter": "HK Matthews",
              "bowler": "ASS Fletcher",
              "non_striker": "Kycia A Knight",
              "runs": {
                "batter": 0,
                "extras": 0,
                "total": 0
              }
            },
            {
              "batter": "HK Matthews",
              "bowler": "ASS Fletcher",
              "non_striker": "Kycia A Knight",
              "runs": {
                "batter": 1,
                "extras": 0,
                "total": 1
              }
            },
            {
              "batter": "Kycia A Knight",
              "bowler": "ASS Fletcher",
              "non_striker": "HK Matthews",
              "runs": {
                "batter": 1,
                "extras": 0,
                "total": 1
              }
            },
            {
              "batter": "HK Matthews",
              "bowler": "ASS Fletcher",
              "non_striker": "Kycia A Knight",
              "runs": {
                "batter": 1,
                "extras": 0,
                "total": 1
              }
            },
            {
              "batter": "Kycia A Knight",
              "bowler": "ASS Fletcher",
              "non_striker": "HK Matthews",
              "runs": {
                "batter": 0,
                "extras": 0,
                "total": 0
              }
            },
            {
              "batter": "Kycia A Knight",
              "bowler": "ASS Fletcher",
              "non_striker": "HK Matthews",
              "runs": {
                "batter": 1,
                "extras": 0,
                "total": 1
              }
            }
          ]
        },
        {
          "over": 10,
          "deliveries": [
            {
              "batter": "Kycia A Knight",
              "bowler": "Q Joseph",
              "non_striker": "HK Matthews",
              "runs": {
                "batter": 0,
                "extras": 0,
                "total": 0
              }
            },
            {
              "batter": "Kycia A Knight",
              "bowler": "Q Joseph",
              "non_striker": "HK Matthews",
              "runs": {
                "batter": 1,
                "extras": 0,
                "total": 1
              }
            },
            {
              "batter": "HK Matthews",
              "bowler": "Q Joseph",
              "non_striker": "Kycia A Knight",
              "runs": {
                "batter": 1,
                "extras": 0,
                "total": 1
              }
            },
            {
              "batter": "Kycia A Knight",
              "bowler": "Q Joseph",
              "non_striker": "HK Matthews",
              "runs": {
                "batter": 1,
                "extras": 0,
                "total": 1
              }
            },
            {
              "batter": "HK Matthews",
              "bowler": "Q Joseph",
              "non_striker": "Kycia A Knight",
              "runs": {
                "batter": 1,
                "extras": 0,
                "total": 1
              }
            },
            {
              "batter": "Kycia A Knight",
              "bowler": "Q Joseph",
              "non_striker": "HK Matthews",
              "runs": {
                "batter": 1,
                "extras": 0,
                "total": 1
              }
            }
          ]
        },
        {
          "over": 11,
          "deliveries": [
            {
              "batter": "Kycia A Knight",
              "bowler": "ASS Fletcher",
              "non_striker": "HK Matthews",
              "runs": {
                "batter": 0,
                "extras": 0,
                "total": 0
              }
            },
            {
              "batter": "Kycia A Knight",
              "bowler": "ASS Fletcher",
              "extras": {
                "wides": 4
              },
              "non_striker": "HK Matthews",
              "runs": {
                "batter": 0,
                "extras": 4,
                "total": 4
              }
            },
            {
              "batter": "HK Matthews",
              "bowler": "ASS Fletcher",
              "extras": {
                "wides": 5
              },
              "non_striker": "Kycia A Knight",
              "runs": {
                "batter": 0,
                "extras": 5,
                "total": 5
              }
            },
            {
              "batter": "HK Matthews",
              "bowler": "ASS Fletcher",
              "non_striker": "Kycia A Knight",
              "runs": {
                "batter": 2,
                "extras": 0,
                "total": 2
              }
            },
            {
              "batter": "HK Matthews",
              "bowler": "ASS Fletcher",
              "non_striker": "Kycia A Knight",
              "runs": {
                "batter": 4,
                "extras": 0,
                "total": 4
              }
            }
          ]
        }
      ],
      "powerplays": [
        {
          "from": 0.1,
          "to": 5.6,
          "type": "mandatory"
        }
      ]
    }
  ]
}