{
  "meta": {
    "data_version": "1.1.0",
    "created": "2023-01-27",
    "revision": 1
  },
  "info": {
    "balls_per_over": 6,
    "city": "Abu Dhabi",
    "dates": [
      "2023-01-22"
    ],
    "event": {
      "name": "International League T20",
      "match_number": 13
    },
    "gender": "male",
    "match_type": "T20",
    "officials": {
      "match_referees": [
        "RS Mahanama"
      ],
      "reserve_umpires": [
        "Shiju Sam"
      ],
      "tv_umpires": [
        "RJ Tucker"
      ],
      "umpires": [
        "AG Wharf",
        "LS Reifer"
      ]
    },
    "outcome": {
      "winner": "Dubai Capitals",
      "by": {
        "runs": 16
      }
    },
    "overs": 20,
    "player_of_match": [
      "R Powell"
    ],
    "players": {
      "Dubai Capitals": [
        "RV Uthappa",
        "JE Root",
        "R Powell",
        "YK Pathan",
        "DW Lawrence",
        "MD Shanaka",
        "C Karunaratne",
        "Mujeeb Ur Rahman",
        "Akif Raja",
        "FJ Klaassen",
        "Hazrat Luqman"
      ],
      "MI Emirates": [
        "WCF Smeed",
        "Waseem Muhammad",
        "N Pooran",
        "ADS Fletcher",
        "KA Pollard",
        "Najibullah Zadran",
        "SR Patel",
        "TA Boult",
        "Imran Tahir",
        "Fazalhaq Farooqi",
        "Zahoor Khan"
      ]
    },
    "registry": {
      "people": {
        "ADS Fletcher": "1bae756b",
        "AG Wharf": "2e0fcc58",
        "Akif Raja": "9d0344f3",
        "C Karunaratne": "fb3e0d39",
        "DW Lawrence": "4b685e2d",
        "FJ Klaassen": "c042b412",
        "Fazalhaq Farooqi": "e9c7f0d0",
        "Hazrat Luqman": "fdc1ac0f",
        "Imran Tahir": "acee4cc4",
        "JE Root": "a343262c",
        "KA Pollard": "a757b0d8",
        "LS Reifer": "5dee559a",
        "MD Shanaka": "3ff033bb",
        "Mujeeb Ur Rahman": "7d92277a",
        "N Pooran": "3241e3fd",
        "Najibullah Zadran": "1212cbec",
        "R Powell": "650d5e49",
        "RJ Tucker": "38810cfc",
        "RS Mahanama": "57910393",
        "RV Uthappa": "1c17e270",
        "SR Patel": "18fac429",
        "Shiju Sam": "1e2f3eae",
        "TA Boult": "a818c1be",
        "WCF Smeed": "4e18e961",
        "Waseem Muhammad": "6f02fe2a",
        "YK Pathan": "3c6ffae8",
        "Zahoor Khan": "f0e293b0"
      }
    },
    "season": "2022/23",
    "team_type": "club",
    "teams": [
      "Dubai Capitals",
      "MI Emirates"
    ],
    "toss": {
      "decision": "field",
      "winner": "MI Emirates"
    },
    "venue": "Zayed Cricket Stadium, Abu Dhabi"
  },
  "innings": [
    {
      "team": "Dubai Capitals",
      "overs": [
        {
          "over": 0,
          "deliveries": [
            {
              "batter": "RV Uthappa",
              "bowler": "TA Boult",
              "non_striker": "JE Root",
              "runs": {
                "batter": 2,
                "extras": 0,
                "total": 2
              }
            },
            {
              "batter": "RV Uthappa",
              "bowler": "TA Boult",
              "non_striker": "JE Root",
              "runs": {
                "batter": 0,
                "extras": 0,
                "total": 0
              }
            },
            {
              "batter": "RV Uthappa",
              "bowler": "TA Boult",
              "non_striker": "JE Root",
              "runs": {
                "batter": 1,
                "extras": 0,
                "total": 1
              }
            },
            {
              "batter": "JE Root",
              "bowler": "TA Boult",
              "non_striker": "RV Uthappa",
              "runs": {
                "batter": 0,
                "extras": 0,
                "total": 0
              }
            },
            {
              "batter": "JE Root",
              "bowler": "TA Boult",
              "non_striker": "RV Uthappa",
              "runs": {
                "batter": 4,
                "extras": 0,
                "total": 4
              }
            },
            {
              "batter": "JE Root",
              "bowler": "TA Boult",
              "non_striker": "RV Uthappa",
              "runs": {
                "batter": 1,
                "extras": 0,
                "total": 1
              }
            }
          ]
        },
        {
          "over": 1,
          "deliveries": [
            {
              "batter": "JE Root",
              "bowler": "Fazalhaq Farooqi",
              "extras": {
                "wides": 5
              },
              "non_striker": "RV Uthappa",
              "runs": {
                "batter": 0,
                "extras": 5,
                "total": 5
              }
            },
            {
              "batter": "JE Root",
              "bowler": "Fazalhaq Farooqi",
              "non_striker": "RV Uthappa",
              "runs": {
                "batter": 1,
                "extras": 0,
                "total": 1
              }
            },
            {
              "batter": "RV Uthappa",
              "bowler": "Fazalhaq Farooqi",
              "non_striker": "JE Root",
              "runs": {
                "batter": 2,
                "extras": 0,
                "total": 2
              }
            },
            {
              "batter": "RV Uthappa",
              "bowler": "Fazalhaq Farooqi",
              "extras": {
                "legbyes": 1
              },
              "non_striker": "JE Root",
              "runs": {
                "batter": 0,
                "extras": 1,
                "total": 1
              }
            },
            {
              "batter": "JE Root",
              "bowler": "Fazalhaq Farooqi",
              "non_striker": "RV Uthappa",
              "runs": {
                "batter": 0,
                "extras": 0,
                "total": 0
              }
            },
            {
              "batter": "JE Root",
              "bowler": "Fazalhaq Farooqi",
              "non_striker": "RV Uthappa",
              "runs": {
                "batter": 0,
                "extras": 0,
                "total": 0
              }
            },
            {
              "batter": "JE Root",
              "bowler": "Fazalhaq Farooqi",
              "non_striker": "RV Uthappa",
              "runs": {
                "batter": 0,
                "extras": 0,
                "total": 0
              }
            }
          ]
        },
        {
          "over": 2,
          "deliveries": [
            {
              "batter": "RV Uthappa",
              "bowler": "TA Boult",
              "non_striker": "JE Root",
              "runs": {
                "batter": 0,
                "extras": 0,
                "total": 0
              }
            },
            {
              "batter": "RV Uthappa",
              "bowler": "TA Boult",
              "non_striker": "JE Root",
              "runs": {
                "batter": 2,
                "extras": 0,
                "total": 2
              }
            },
            {
              "batter": "RV Uthappa",
              "bowler": "TA Boult",
              "extras": {
                "wides": 1
              },
              "non_striker": "JE Root",
              "runs": {
                "batter": 0,
                "extras": 1,
                "total": 1
              }
            },
            {
              "batter": "RV Uthappa",
              "bowler": "TA Boult",
              "non_striker": "JE Root",
              "runs": {
                "batter": 0,
                "extras": 0,
                "total": 0
              }
            },
            {
              "batter": "RV Uthappa",
              "bowler": "TA Boult",
              "non_striker": "JE Root",
              "runs": {
                "batter": 0,
                "extras": 0,
                "total": 0
              }
            },
            {
              "batter": "RV Uthappa",
              "bowler": "TA Boult",
              "non_striker": "JE Root",
              "runs": {
                "batter": 2,
                "extras": 0,
                "total": 2
              }
            },
            {
              "batter": "RV Uthappa",
              "bowler": "TA Boult",
              "non_striker": "JE Root",
              "runs": {
                "batter": 0,
                "extras": 0,
                "total": 0
              }
            }
          ]
        },
        {
          "over": 3,
          "deliveries": [
            {
              "batter": "JE Root",
              "bowler": "Zahoor Khan",
              "non_striker": "RV Uthappa",
              "runs": {
                "batter": 4,
                "extras": 0,
                "total": 4
              }
            },
            {
              "batter": "JE Root",
              "bowler": "Zahoor Khan",
              "non_striker": "RV Uthappa",
              "runs": {
                "batter": 0,
                "extras": 0,
                "total": 0
              }
            },
            {
              "batter": "JE Root",
              "bowler": "Zahoor Khan",
              "non_striker": "RV Uthappa",
              "runs": {
                "batter": 4,
                "extras": 0,
                "total": 4
              }
            },
            {
              "batter": "JE Root",
              "bowler": "Zahoor Khan",
              "non_striker": "RV Uthappa",
              "runs": {
                "batter": 1,
                "extras": 0,
                "total": 1
              }
            },
            {
              "batter": "RV Uthappa",
              "bowler": "Zahoor Khan",
              "non_striker": "JE Root",
              "runs": {
                "batter": 0,
                "extras": 0,
                "total": 0
              }
            },
            {
              "batter": "RV Uthappa",
              "bowler": "Zahoor Khan",
              "non_striker": "JE Root",
              "runs": {
                "batter": 1,
                "extras": 0,
                "total": 1
              }
            }
          ]
        },
        {
          "over": 4,
          "deliveries": [
            {
              "batter": "RV Uthappa",
              "bowler": "SR Patel",
              "non_striker": "JE Root",
              "runs": {
                "batter": 1,
                "extras": 0,
                "total": 1
              }
            },
            {
              "batter": "JE Root",
              "bowler": "SR Patel",
              "non_striker": "RV Uthappa",
              "runs": {
                "batter": 2,
                "extras": 0,
                "total": 2
              }
            },
            {
              "batter": "JE Root",
              "bowler": "SR Patel",
              "non_striker": "RV Uthappa",
              "runs": {
                "batter": 6,
                "extras": 0,
                "total": 6
              }
            },
            {
              "batter": "JE Root",
              "bowler": "SR Patel",
              "non_striker": "RV Uthappa",
              "runs": {
                "batter": 4,
                "extras": 0,
                "total": 4
              }
            },
            {
              "batter": "JE Root",
              "bowler": "SR Patel",
              "non_striker": "RV Uthappa",
              "runs": {
                "batter": 6,
                "extras": 0,
                "total": 6
              }
            },
            {
              "batter": "JE Root",
              "bowler": "SR Patel",
              "non_striker": "RV Uthappa",
              "runs": {
                "batter": 1,
                "extras": 0,
                "total": 1
              }
            }
          ]
        },
        {
          "over": 5,
          "deliveries": [
            {
              "batter": "JE Root",
              "bowler": "TA Boult",
              "non_striker": "RV Uthappa",
              "runs": {
                "batter": 1,
                "extras": 0,
                "total": 1
              }
            },
            {
              "batter": "RV Uthappa",
              "bowler": "TA Boult",
              "non_striker": "JE Root",
              "runs": {
                "batter": 1,
                "extras": 0,
                "total": 1
              }
            },
            {
              "batter": "JE Root",
              "bowler": "TA Boult",
              "non_striker": "RV Uthappa",
              "runs": {
                "batter": 0,
                "extras": 0,
                "total": 0
              }
            },
            {
              "batter": "JE Root",
              "bowler": "TA Boult",
              "non_striker": "RV Uthappa",
              "runs": {
                "batter": 0,
                "extras": 0,
                "total": 0
              }
            },
            {
              "batter": "JE Root",
              "bowler": "TA Boult",
              "non_striker": "RV Uthappa",
              "runs": {
                "batter": 4,
                "extras": 0,
                "total": 4
              }
            },
            {
              "batter": "JE Root",
              "bowler": "TA Boult",
              "non_striker": "RV Uthappa",
              "runs": {
                "batter": 1,
                "extras": 0,
                "total": 1
              }
            }
          ]
        },
        {
          "over": 6,
          "deliveries": [
            {
              "batter": "JE Root",
              "bowler": "Imran Tahir",
              "non_striker": "RV Uthappa",
              "runs": {
                "batter": 0,
                "extras": 0,
                "total": 0
              }
            },
            {
              "batter": "JE Root",
              "bowler": "Imran Tahir",
              "non_striker": "RV Uthappa",
              "runs": {
                "batter": 0,
                "extras": 0,
                "total": 0
              }
            },
            {
              "batter": "JE Root",
              "bowler": "Imran Tahir",
              "non_striker": "RV Uthappa",
              "runs": {
                "batter": 1,
                "extras": 0,
                "total": 1
              }
            },
            {
              "batter": "RV Uthappa",
              "bowler": "Imran Tahir",
              "non_striker": "JE Root",
              "runs": {
                "batter": 2,
                "extras": 0,
                "total": 2
              }
            },
            {
              "batter": "RV Uthappa",
              "bowler": "Imran Tahir",
              "non_striker": "JE Root",
              "runs": {
                "batter": 6,
                "extras": 0,
                "total": 6
              }
            },
            {
              "batter": "RV Uthappa",
              "bowler": "Imran Tahir",
              "non_striker": "JE Root",
              "runs": {
                "batter": 0,
                "extras": 0,
                "total": 0
              }
            }
          ]
        },
        {
          "over": 7,
          "deliveries": [
            {
              "batter": "JE Root",
              "bowler": "KA Pollard",
              "non_striker": "RV Uthappa",
              "runs": {
                "batter": 1,
                "extras": 0,
                "total": 1
              }
            },
            {
              "batter": "RV Uthappa",
              "bowler": "KA Pollard",
              "non_striker": "JE Root",
              "runs": {
                "batter": 0,
                "extras": 0,
                "total": 0
              }
            },
            {
              "batter": "RV Uthappa",
              "bowler": "KA Pollard",
              "non_striker": "JE Root",
              "runs": {
                "batter": 1,
                "extras": 0,
                "total": 1
              }
            },
            {
              "batter": "JE Root",
              "bowler": "KA Pollard",
              "non_striker": "RV Uthappa",
              "runs": {
                "batter": 1,
                "extras": 0,
                "total": 1
              }
            },
            {
              "batter": "RV Uthappa",
              "bowler": "KA Pollard",
              "non_striker": "JE Root",
              "runs": {
                "batter": 1,
                "extras": 0,
                "total": 1
              }
            },
            {
              "batter": "JE Root",
              "bowler": "KA Pollard",
              "non_striker": "RV Uthappa",
              "runs": {
                "batter": 1,
                "extras": 0,
                "total": 1
              }
            }
          ]
        },
        {
          "over": 8,
          "deliveries": [
            {
              "batter": "JE Root",
              "bowler": "Fazalhaq Farooqi",
              "non_striker": "RV Uthappa",
              "runs": {
                "batter": 0,
                "extras": 0,
                "total": 0
              }
            },
            {
              "batter": "JE Root",
              "bowler": "Fazalhaq Farooqi",
              "non_striker": "RV Uthappa",
              "runs": {
                "batter": 0,
                "extras": 0,
                "total": 0
              }
            },
            {
              "batter": "JE Root",
              "bowler": "Fazalhaq Farooqi",
              "non_striker": "RV Uthappa",
              "runs": {
                "batter": 1,
                "extras": 0,
                "total": 1
              }
            },
            {
              "batter": "RV Uthappa",
              "bowler": "Fazalhaq Farooqi",
              "non_striker": "JE Root",
              "runs": {
                "batter": 4,
                "extras": 0,
                "total": 4
              }
            },
            {
              "batter": "RV Uthappa",
              "bowler": "Fazalhaq Farooqi",
              "non_striker": "JE Root",
              "runs": {
                "batter": 0,
                "extras": 0,
                "total": 0
              },
              "wickets": [
                {
                  "player_out": "RV Uthappa",
                  "fielders": [
                    {
                      "name": "WCF Smeed"
                    }
                  ],
                  "kind": "caught"
                }
              ]
            },
            {
              "batter": "R Powell",
              "bowler": "Fazalhaq Farooqi",
              "non_striker": "JE Root",
              "runs": {
                "batter": 2,
                "extras": 0,
                "total": 2
              }
            }
          ]
        },
        {
          "over": 9,
          "deliveries": [
            {
              "batter": "JE Root",
              "bowler": "KA Pollard",
              "non_striker": "R Powell",
              "runs": {
                "batter": 1,
                "extras": 0,
                "total": 1
              }
            },
            {
              "batter": "R Powell",
              "bowler": "KA Pollard",
              "non_striker": "JE Root",
              "runs": {
                "batter": 0,
                "extras": 0,
                "total": 0
              }
            },
            {
              "batter": "R Powell",
              "bowler": "KA Pollard",
              "extras": {
                "wides": 1
              },
              "non_striker": "JE Root",
              "runs": {
                "batter": 0,
                "extras": 1,
                "total": 1
              }
            },
            {
              "batter": "R Powell",
              "bowler": "KA Pollard",
              "non_striker": "JE Root",
              "runs": {
                "batter": 0,
                "extras": 0,
                "total": 0
              }
            },
            {
              "batter": "R Powell",
              "bowler": "KA Pollard",
              "non_striker": "JE Root",
              "runs": {
                "batter": 0,
                "extras": 0,
                "total": 0
              }
            },
            {
              "batter": "R Powell",
              "bowler": "KA Pollard",
              "non_striker": "JE Root",
              "runs": {
                "batter": 1,
                "extras": 0,
                "total": 1
              }
            },
            {
              "batter": "JE Root",
              "bowler": "KA Pollard",
              "non_striker": "R Powell",
              "runs": {
                "batter": 1,
                "extras": 0,
                "total": 1
              }
            }
          ]
        },
        {
          "over": 10,
          "deliveries": [
            {
              "batter": "JE Root",
              "bowler": "Imran Tahir",
              "non_striker": "R Powell",
              "review": {
                "by": "MI Emirates",
                "umpire": "LS Reifer",
                "batter": "JE Root",
                "decision": "struck down"
              },
              "runs": {
                "batter": 1,
                "extras": 0,
                "total": 1
              }
            },
            {
              "batter": "R Powell",
              "bowler": "Imran Tahir",
              "non_striker": "JE Root",
              "runs": {
                "batter": 6,
                "extras": 0,
                "total": 6
              }
            },
            {
              "batter": "R Powell",
              "bowler": "Imran Tahir",
              "non_striker": "JE Root",
              "runs": {
                "batter": 0,
                "extras": 0,
                "total": 0
              }
            },
            {
              "batter": "R Powell",
              "bowler": "Imran Tahir",
              "non_striker": "JE Root",
              "runs": {
                "batter": 0,
                "extras": 0,
                "total": 0
              }
            },
            {
              "batter": "R Powell",
              "bowler": "Imran Tahir",
              "non_striker": "JE Root",
              "runs": {
                "batter": 6,
                "extras": 0,
                "total": 6
              }
            },
            {
              "batter": "R Powell",
              "bowler": "Imran Tahir",
              "non_striker": "JE Root",
              "runs": {
                "batter": 1,
                "extras": 0,
                "total": 1
              }
            }
          ]
        },
        {
          "over": 11,
          "deliveries": [
            {
              "batter": "R Powell",
              "bowler": "KA Pollard",
              "non_striker": "JE Root",
              "runs": {
                "batter": 2,
                "extras": 0,
                "total": 2
              }
            },
            {
              "batter": "R Powell",
              "bowler": "KA Pollard",
              "non_striker": "JE Root",
              "runs": {
                "batter": 6,
                "extras": 0,
                "total": 6
              }
            },
            {
              "batter": "R Powell",
              "bowler": "KA Pollard",
              "extras": {
                "wides": 1
              },
              "non_striker": "JE Root",
              "runs": {
                "batter": 0,
                "extras": 1,
                "total": 1
              }
            },
            {
              "batter": "R Powell",
              "bowler": "KA Pollard",
              "non_striker": "JE Root",
              "runs": {
                "batter": 1,
                "extras": 0,
                "total": 1
              }
            },
            {
              "batter": "JE Root",
              "bowler": "KA Pollard",
              "non_striker": "R Powell",
              "runs": {
                "batter": 2,
                "extras": 0,
                "total": 2
              }
            },
            {
              "batter": "JE Root",
              "bowler": "KA Pollard",
              "non_striker": "R Powell",
              "runs": {
                "batter": 1,
                "extras": 0,
                "total": 1
              }
            },
            {
              "batter": "R Powell",
              "bowler": "KA Pollard",
              "non_striker": "JE Root",
              "runs": {
                "batter": 4,
                "extras": 0,
                "total": 4
              }
            }
          ]
        },
        {
          "over": 12,
          "deliveries": [
            {
              "batter": "JE Root",
              "bowler": "Zahoor Khan",
              "extras": {
                "byes": 2
              },
              "non_striker": "R Powell",
              "runs": {
                "batter": 0,
                "extras": 2,
                "total": 2
              }
            },
            {
              "batter": "JE Root",
              "bowler": "Zahoor Khan",
              "non_striker": "R Powell",
              "runs": {
                "batter": 1,
                "extras": 0,
                "total": 1
              }
            },
            {
              "batter": "R Powell",
              "bowler": "Zahoor Khan",
              "non_striker": "JE Root",
              "runs": {
                "batter": 4,
                "extras": 0,
                "total": 4
              }
            },
            {
              "batter": "R Powell",
              "bowler": "Zahoor Khan",
              "non_striker": "JE Root",
              "runs": {
                "batter": 2,
                "extras": 0,
                "total": 2
              }
            },
            {
              "batter": "R Powell",
              "bowler": "Zahoor Khan",
              "non_striker": "JE Root",
              "runs": {
                "batter": 6,
                "extras": 0,
                "total": 6
              }
            },
            {
              "batter": "R Powell",
              "bowler": "Zahoor Khan",
              "non_striker": "JE Root",
              "runs": {
                "batter": 1,
                "extras": 0,
                "total": 1
              }
            }
          ]
        },
        {
          "over": 13,
          "deliveries": [
            {
              "batter": "R Powell",
              "bowler": "Fazalhaq Farooqi",
              "non_striker": "JE Root",
              "runs": {
                "batter": 1,
                "extras": 0,
                "total": 1
              }
            },
            {
              "batter": "JE Root",
              "bowler": "Fazalhaq Farooqi",
              "non_striker": "R Powell",
              "runs": {
                "batter": 0,
                "extras": 0,
                "total": 0
              }
            },
            {
              "batter": "JE Root",
              "bowler": "Fazalhaq Farooqi",
              "non_striker": "R Powell",
              "runs": {
                "batter": 4,
                "extras": 0,
                "total": 4
              }
            },
            {
              "batter": "JE Root",
              "bowler": "Fazalhaq Farooqi",
              "non_striker": "R Powell",
              "runs": {
                "batter": 2,
                "extras": 0,
                "total": 2
              }
            },
            {
              "batter": "JE Root",
              "bowler": "Fazalhaq Farooqi",
              "non_striker": "R Powell",
              "runs": {
                "batter": 1,
                "extras": 0,
                "total": 1
              }
            },
            {
              "batter": "R Powell",
              "bowler": "Fazalhaq Farooqi",
              "non_striker": "JE Root",
              "runs": {
                "batter": 0,
                "extras": 0,
                "total": 0
              }
            }
          ]
        },
        {
          "over": 14,
          "deliveries": [
            {
              "batter": "JE Root",
              "bowler": "Waseem Muhammad",
              "non_striker": "R Powell",
              "runs": {
                "batter": 1,
                "extras": 0,
                "total": 1
              }
            },
            {
              "batter": "R Powell",
              "bowler": "Waseem Muhammad",
              "non_striker": "JE Root",
              "runs": {
                "batter": 1,
                "extras": 0,
                "total": 1
              }
            },
            {
              "batter": "JE Root",
              "bowler": "Waseem Muhammad",
              "non_striker": "R Powell",
              "runs": {
                "batter": 4,
                "extras": 0,
                "total": 4
              }
            },
            {
              "batter": "JE Root",
              "bowler": "Waseem Muhammad",
              "non_striker": "R Powell",
              "runs": {
                "batter": 1,
                "extras": 0,
                "total": 1
              }
            },
            {
              "batter": "R Powell",
              "bowler": "Waseem Muhammad",
              "non_striker": "JE Root",
              "runs": {
                "batter": 6,
                "extras": 0,
                "total": 6
              }
            },
            {
              "batter": "R Powell",
              "bowler": "Waseem Muhammad",
              "non_striker": "JE Root",
              "runs": {
                "batter": 2,
                "extras": 0,
                "total": 2
              }
            }
          ]
        },
        {
          "over": 15,
          "deliveries": [
            {
              "batter": "JE Root",
              "bowler": "Zahoor Khan",
              "non_striker": "R Powell",
              "runs": {
                "batter": 6,
                "extras": 0,
                "total": 6
              }
            },
            {
              "batter": "JE Root",
              "bowler": "Zahoor Khan",
              "non_striker": "R Powell",
              "runs": {
                "batter": 4,
                "extras": 0,
                "total": 4
              }
            },
            {
              "batter": "JE Root",
              "bowler": "Zahoor Khan",
              "non_striker": "R Powell",
              "runs": {
                "batter": 1,
                "extras": 0,
                "total": 1
              }
            },
            {
              "batter": "R Powell",
              "bowler": "Zahoor Khan",
              "non_striker": "JE Root",
              "runs": {
                "batter": 0,
                "extras": 0,
                "total": 0
              }
            },
            {
              "batter": "R Powell",
              "bowler": "Zahoor Khan",
              "non_striker": "JE Root",
              "runs": {
                "batter": 6,
                "extras": 0,
                "total": 6
              }
            },
            {
              "batter": "R Powell",
              "bowler": "Zahoor Khan",
              "non_striker": "JE Root",
              "runs": {
                "batter": 1,
                "extras": 0,
                "total": 1
              }
            }
          ]
        },
        {
          "over": 16,
          "deliveries": [
            {
              "batter": "R Powell",
              "bowler": "TA Boult",
              "extras": {
                "legbyes": 1
              },
              "non_striker": "JE Root",
              "runs": {
                "batter": 0,
                "extras": 1,
                "total": 1
              }
            },
            {
              "batter": "JE Root",
              "bowler": "TA Boult",
              "non_striker": "R Powell",
              "runs": {
                "batter": 0,
                "extras": 0,
                "total": 0
              }
            },
            {
              "batter": "JE Root",
              "bowler": "TA Boult",
              "non_striker": "R Powell",
              "runs": {
                "batter": 2,
                "extras": 0,
                "total": 2
              }
            },
            {
              "batter": "JE Root",
              "bowler": "TA Boult",
              "non_striker": "R Powell",
              "runs": {
                "batter": 2,
                "extras": 0,
                "total": 2
              }
            },
            {
              "batter": "JE Root",
              "bowler": "TA Boult",
              "non_striker": "R Powell",
              "runs": {
                "batter": 1,
                "extras": 0,
                "total": 1
              }
            },
            {
              "batter": "R Powell",
              "bowler": "TA Boult",
              "non_striker": "JE Root",
              "runs": {
                "batter": 1,
                "extras": 0,
                "total": 1
              }
            }
          ]
        },
        {
          "over": 17,
          "deliveries": [
            {
              "batter": "R Powell",
              "bowler": "Fazalhaq Farooqi",
              "non_striker": "JE Root",
              "runs": {
                "batter": 0,
                "extras": 0,
                "total": 0
              }
            },
            {
              "batter": "R Powell",
              "bowler": "Fazalhaq Farooqi",
              "non_striker": "JE Root",
              "runs": {
                "batter": 2,
                "extras": 0,
                "total": 2
              }
            },
            {
              "batter": "R Powell",
              "bowler": "Fazalhaq Farooqi",
              "extras": {
                "wides": 1
              },
              "non_striker": "JE Root",
              "runs": {
                "batter": 0,
                "extras": 1,
                "total": 1
              }
            },
            {
              "batter": "R Powell",
              "bowler": "Fazalhaq Farooqi",
              "extras": {
                "wides": 1
              },
              "non_striker": "JE Root",
              "runs": {
                "batter": 0,
                "extras": 1,
                "total": 1
              }
            },
            {
              "batter": "R Powell",
              "bowler": "Fazalhaq Farooqi",
              "non_striker": "JE Root",
              "runs": {
                "batter": 6,
                "extras": 0,
                "total": 6
              }
            },
            {
              "batter": "R Powell",
              "bowler": "Fazalhaq Farooqi",
              "non_striker": "JE Root",
              "runs": {
                "batter": 0,
                "extras": 0,
                "total": 0
              }
            },
            {
              "batter": "R Powell",
              "bowler": "Fazalhaq Farooqi",
              "non_striker": "JE Root",
              "runs": {
                "batter": 2,
                "extras": 0,
                "total": 2
              }
            },
            {
              "batter": "R Powell",
              "bowler": "Fazalhaq Farooqi",
              "non_striker": "JE Root",
              "runs": {
                "batter": 4,
                "extras": 0,
                "total": 4
              }
            }
          ]
        },
        {
          "over": 18,
          "deliveries": [
            {
              "batter": "JE Root",
              "bowler": "Zahoor Khan",
              "non_striker": "R Powell",
              "runs": {
                "batter": 1,
                "extras": 0,
                "total": 1
              }
            },
            {
              "batter": "R Powell",
              "bowler": "Zahoor Khan",
              "non_striker": "JE Root",
              "runs": {
                "batter": 1,
                "extras": 0,
                "total": 1
              }
            },
            {
              "batter": "JE Root",
              "bowler": "Zahoor Khan",
              "non_striker": "R Powell",
              "runs": {
                "batter": 0,
                "extras": 0,
                "total": 0
              }
            },
            {
              "batter": "JE Root",
              "bowler": "Zahoor Khan",
              "non_striker": "R Powell",
              "runs": {
                "batter": 0,
                "extras": 0,
                "total": 0
              },
              "wickets": [
                {
                  "player_out": "JE Root",
                  "fielders": [
                    {
                      "name": "Fazalhaq Farooqi"
                    }
                  ],
                  "kind": "caught"
                }
              ]
            },
            {
              "batter": "YK Pathan",
              "bowler": "Zahoor Khan",
              "extras": {
                "legbyes": 1
              },
              "non_striker": "R Powell",
              "runs": {
                "batter": 0,
                "extras": 1,
                "total": 1
              }
            },
            {
              "batter": "R Powell",
              "bowler": "Zahoor Khan",
              "non_striker": "YK Pathan",
              "runs": {
                "batter": 4,
                "extras": 0,
                "total": 4
              }
            }
          ]
        },
        {
          "over": 19,
          "deliveries": [
            {
              "batter": "YK Pathan",
              "bowler": "KA Pollard",
              "non_striker": "R Powell",
              "runs": {
                "batter": 1,
                "extras": 0,
                "total": 1
              }
            },
            {
              "batter": "R Powell",
              "bowler": "KA Pollard",
              "non_striker": "YK Pathan",
              "runs": {
                "batter": 6,
                "extras": 0,
                "total": 6
              }
            },
            {
              "batter": "R Powell",
              "bowler": "KA Pollard",
              "extras": {
                "wides": 1
              },
              "non_striker": "YK Pathan",
              "runs": {
                "batter": 0,
                "extras": 1,
                "total": 1
              }
            },
            {
              "batter": "R Powell",
              "bowler": "KA Pollard",
              "non_striker": "YK Pathan",
              "runs": {
                "batter": 0,
                "extras": 0,
                "total": 0
              }
            },
            {
              "batter": "R Powell",
              "bowler": "KA Pollard",
              "non_striker": "YK Pathan",
              "runs": {
                "batter": 6,
                "extras": 0,
                "total": 6
              }
            },
            {
              "batter": "R Powell",
              "bowler": "KA Pollard",
              "non_striker": "YK Pathan",
              "runs": {
                "batter": 6,
                "extras": 0,
                "total": 6
              }
            },
            {
              "batter": "R Powell",
              "bowler": "KA Pollard",
              "non_striker": "YK Pathan",
              "runs": {
                "batter": 0,
                "extras": 0,
                "total": 0
              },
              "wickets": [
                {
                  "player_out": "R Powell",
                  "fielders": [
                    {
                      "name": "WCF Smeed"
                    }
                  ],
                  "kind": "caught"
                }
              ]
            }
          ]
        }
      ],
      "powerplays": [
        {
          "from": 0.1,
          "to": 5.6,
          "type": "mandatory"
        }
      ]
    },
    {
      "team": "MI Emirates",
      "overs": [
        {
          "over": 0,
          "deliveries": [
            {
              "batter": "WCF Smeed",
              "bowler": "FJ Klaassen",
              "non_striker": "Waseem Muhammad",
              "runs": {
                "batter": 0,
                "extras": 0,
                "total": 0
              }
            },
            {
              "batter": "WCF Smeed",
              "bowler": "FJ Klaassen",
              "non_striker": "Waseem Muhammad",
              "runs": {
                "batter": 0,
                "extras": 0,
                "total": 0
              }
            },
            {
              "batter": "WCF Smeed",
              "bowler": "FJ Klaassen",
              "non_striker": "Waseem Muhammad",
              "runs": {
                "batter": 2,
                "extras": 0,
                "total": 2
              }
            },
            {
              "batter": "WCF Smeed",
              "bowler": "FJ Klaassen",
              "non_striker": "Waseem Muhammad",
              "runs": {
                "batter": 0,
                "extras": 0,
                "total": 0
              }
            },
            {
              "batter": "WCF Smeed",
              "bowler": "FJ Klaassen",
              "non_striker": "Waseem Muhammad",
              "runs": {
                "batter": 0,
                "extras": 0,
                "total": 0
              }
            },
            {
              "batter": "WCF Smeed",
              "bowler": "FJ Klaassen",
              "non_striker": "Waseem Muhammad",
              "runs": {
                "batter": 0,
                "extras": 0,
                "total": 0
              }
            }
          ]
        },
        {
          "over": 1,
          "deliveries": [
            {
              "batter": "Waseem Muhammad",
              "bowler": "Hazrat Luqman",
              "non_striker": "WCF Smeed",
              "runs": {
                "batter": 0,
                "extras": 0,
                "total": 0
              }
            },
            {
              "batter": "Waseem Muhammad",
              "bowler": "Hazrat Luqman",
              "non_striker": "WCF Smeed",
              "runs": {
                "batter": 2,
                "extras": 0,
                "total": 2
              }
            },
            {
              "batter": "Waseem Muhammad",
              "bowler": "Hazrat Luqman",
              "non_striker": "WCF Smeed",
              "runs": {
                "batter": 0,
                "extras": 0,
                "total": 0
              }
            },
            {
              "batter": "Waseem Muhammad",
              "bowler": "Hazrat Luqman",
              "non_striker": "WCF Smeed",
              "runs": {
                "batter": 6,
                "extras": 0,
                "total": 6
              }
            },
            {
              "batter": "Waseem Muhammad",
              "bowler": "Hazrat Luqman",
              "non_striker": "WCF Smeed",
              "runs": {
                "batter": 0,
                "extras": 0,
                "total": 0
              }
            },
            {
              "batter": "Waseem Muhammad",
              "bowler": "Hazrat Luqman",
              "extras": {
                "wides": 1
              },
              "non_striker": "WCF Smeed",
              "runs": {
                "batter": 0,
                "extras": 1,
                "total": 1
              }
            },
            {
              "batter": "Waseem Muhammad",
              "bowler": "Hazrat Luqman",
              "non_striker": "WCF Smeed",
              "runs": {
                "batter": 0,
                "extras": 0,
                "total": 0
              }
            }
          ]
        },
        {
          "over": 2,
          "deliveries": [
            {
              "batter": "WCF Smeed",
              "bowler": "FJ Klaassen",
              "non_striker": "Waseem Muhammad",
              "runs": {
                "batter": 2,
                "extras": 0,
                "total": 2
              }
            },
            {
              "batter": "WCF Smeed",
              "bowler": "FJ Klaassen",
              "non_striker": "Waseem Muhammad",
              "runs": {
                "batter": 1,
                "extras": 0,
                "total": 1
              }
            },
            {
              "batter": "Waseem Muhammad",
              "bowler": "FJ Klaassen",
              "non_striker": "WCF Smeed",
              "runs": {
                "batter": 0,
                "extras": 0,
                "total": 0
              }
            },
            {
              "batter": "Waseem Muhammad",
              "bowler": "FJ Klaassen",
              "non_striker": "WCF Smeed",
              "runs": {
                "batter": 1,
                "extras": 0,
                "total": 1
              }
            },
            {
              "batter": "WCF Smeed",
              "bowler": "FJ Klaassen",
              "non_striker": "Waseem Muhammad",
              "runs": {
                "batter": 3,
                "extras": 0,
                "total": 3
              }
            },
            {
              "batter": "Waseem Muhammad",
              "bowler": "FJ Klaassen",
              "non_striker": "WCF Smeed",
              "runs": {
                "batter": 0,
                "extras": 0,
                "total": 0
              }
            }
          ]
        },
        {
          "over": 3,
          "deliveries": [
            {
              "batter": "WCF Smeed",
              "bowler": "Hazrat Luqman",
              "non_striker": "Waseem Muhammad",
              "runs": {
                "batter": 0,
                "extras": 0,
                "total": 0
              }
            },
            {
              "batter": "WCF Smeed",
              "bowler": "Hazrat Luqman",
              "non_striker": "Waseem Muhammad",
              "runs": {
                "batter": 4,
                "extras": 0,
                "total": 4
              }
            },
            {
              "batter": "WCF Smeed",
              "bowler": "Hazrat Luqman",
              "non_striker": "Waseem Muhammad",
              "runs": {
                "batter": 0,
                "extras": 0,
                "total": 0
              }
            },
            {
              "batter": "WCF Smeed",
              "bowler": "Hazrat Luqman",
              "non_striker": "Waseem Muhammad",
              "runs": {
                "batter": 1,
                "extras": 0,
                "total": 1
              }
            },
            {
              "batter": "Waseem Muhammad",
              "bowler": "Hazrat Luqman",
              "extras": {
                "wides": 1
              },
              "non_striker": "WCF Smeed",
              "runs": {
                "batter": 0,
                "extras": 1,
                "total": 1
              }
            },
            {
              "batter": "Waseem Muhammad",
              "bowler": "Hazrat Luqman",
              "non_striker": "WCF Smeed",
              "runs": {
                "batter": 1,
                "extras": 0,
                "total": 1
              }
            },
            {
              "batter": "WCF Smeed",
              "bowler": "Hazrat Luqman",
              "non_striker": "Waseem Muhammad",
              "runs": {
                "batter": 0,
                "extras": 0,
                "total": 0
              }
            }
          ]
        },
        {
          "over": 4,
          "deliveries": [
            {
              "batter": "Waseem Muhammad",
              "bowler": "C Karunaratne",
              "non_striker": "WCF Smeed",
              "runs": {
                "batter": 0,
                "extras": 0,
                "total": 0
              }
            },
            {
              "batter": "Waseem Muhammad",
              "bowler": "C Karunaratne",
              "non_striker": "WCF Smeed",
              "runs": {
                "batter": 0,
                "extras": 0,
                "total": 0
              },
              "wickets": [
                {
                  "player_out": "Waseem Muhammad",
                  "fielders": [
                    {
                      "name": "FJ Klaassen"
                    }
                  ],
                  "kind": "caught"
                }
              ]
            },
            {
              "batter": "N Pooran",
              "bowler": "C Karunaratne",
              "non_striker": "WCF Smeed",
              "runs": {
                "batter": 0,
                "extras": 0,
                "total": 0
              }
            },
            {
              "batter": "N Pooran",
              "bowler": "C Karunaratne",
              "non_striker": "WCF Smeed",
              "runs": {
                "batter": 0,
                "extras": 0,
                "total": 0
              }
            },
            {
              "batter": "N Pooran",
              "bowler": "C Karunaratne",
              "non_striker": "WCF Smeed",
              "runs": {
                "batter": 0,
                "extras": 0,
                "total": 0
              }
            },
            {
              "batter": "N Pooran",
              "bowler": "C Karunaratne",
              "non_striker": "WCF Smeed",
              "runs": {
                "batter": 0,
                "extras": 0,
                "total": 0
              }
            }
          ]
        },
        {
          "over": 5,
          "deliveries": [
            {
              "batter": "WCF Smeed",
              "bowler": "Hazrat Luqman",
              "non_striker": "N Pooran",
              "runs": {
                "batter": 0,
                "extras": 0,
                "total": 0
              }
            },
            {
              "batter": "WCF Smeed",
              "bowler": "Hazrat Luqman",
              "non_striker": "N Pooran",
              "runs": {
                "batter": 0,
                "extras": 0,
                "total": 0
              },
              "wickets": [
                {
                  "player_out": "WCF Smeed",
                  "fielders": [
                    {
                      "name": "RV Uthappa"
                    }
                  ],
                  "kind": "caught"
                }
              ]
            },
            {
              "batter": "ADS Fletcher",
              "bowler": "Hazrat Luqman",
              "non_striker": "N Pooran",
              "runs": {
                "batter": 0,
                "extras": 0,
                "total": 0
              }
            },
            {
              "batter": "ADS Fletcher",
              "bowler": "Hazrat Luqman",
              "non_striker": "N Pooran",
              "runs": {
                "batter": 0,
                "extras": 0,
                "total": 0
              }
            },
            {
              "batter": "ADS Fletcher",
              "bowler": "Hazrat Luqman",
              "non_striker": "N Pooran",
              "runs": {
                "batter": 1,
                "extras": 0,
                "total": 1
              }
            },
            {
              "batter": "N Pooran",
              "bowler": "Hazrat Luqman",
              "non_striker": "ADS Fletcher",
              "runs": {
                "batter": 0,
                "extras": 0,
                "total": 0
              },
              "wickets": [
                {
                  "player_out": "N Pooran",
                  "kind": "bowled"
                }
              ]
            }
          ]
        },
        {
          "over": 6,
          "deliveries": [
            {
              "batter": "ADS Fletcher",
              "bowler": "C Karunaratne",
              "non_striker": "KA Pollard",
              "runs": {
                "batter": 1,
                "extras": 0,
                "total": 1
              }
            },
            {
              "batter": "KA Pollard",
              "bowler": "C Karunaratne",
              "non_striker": "ADS Fletcher",
              "runs": {
                "batter": 4,
                "extras": 0,
                "total": 4
              }
            },
            {
              "batter": "KA Pollard",
              "bowler": "C Karunaratne",
              "extras": {
                "wides": 1
              },
              "non_striker": "ADS Fletcher",
              "runs": {
                "batter": 0,
                "extras": 1,
                "total": 1
              }
            },
            {
              "batter": "KA Pollard",
              "bowler": "C Karunaratne",
              "non_striker": "ADS Fletcher",
              "runs": {
                "batter": 0,
                "extras": 0,
                "total": 0
              }
            },
            {
              "batter": "KA Pollard",
              "bowler": "C Karunaratne",
              "non_striker": "ADS Fletcher",
              "runs": {
                "batter": 1,
                "extras": 0,
                "total": 1
              }
            },
            {
              "batter": "ADS Fletcher",
              "bowler": "C Karunaratne",
              "non_striker": "KA Pollard",
              "runs": {
                "batter": 0,
                "extras": 0,
                "total": 0
              }
            },
            {
              "batter": "ADS Fletcher",
              "bowler": "C Karunaratne",
              "non_striker": "KA Pollard",
              "runs": {
                "batter": 1,
                "extras": 0,
                "total": 1
              }
            }
          ]
        },
        {
          "over": 7,
          "deliveries": [
            {
              "batter": "ADS Fletcher",
              "bowler": "Hazrat Luqman",
              "extras": {
                "wides": 1
              },
              "non_striker": "KA Pollard",
              "runs": {
                "batter": 0,
                "extras": 1,
                "total": 1
              }
            },
            {
              "batter": "ADS Fletcher",
              "bowler": "Hazrat Luqman",
              "extras": {
                "wides": 1
              },
              "non_striker": "KA Pollard",
              "runs": {
                "batter": 0,
                "extras": 1,
                "total": 1
              }
            },
            {
              "batter": "ADS Fletcher",
              "bowler": "Hazrat Luqman",
              "non_striker": "KA Pollard",
              "runs": {
                "batter": 0,
                "extras": 0,
                "total": 0
              }
            },
            {
              "batter": "ADS Fletcher",
              "bowler": "Hazrat Luqman",
              "non_striker": "KA Pollard",
              "runs": {
                "batter": 1,
                "extras": 0,
                "total": 1
              }
            },
            {
              "batter": "KA Pollard",
              "bowler": "Hazrat Luqman",
              "non_striker": "ADS Fletcher",
              "runs": {
                "batter": 1,
                "extras": 0,
                "total": 1
              }
            },
            {
              "batter": "ADS Fletcher",
              "bowler": "Hazrat Luqman",
              "non_striker": "KA Pollard",
              "runs": {
                "batter": 1,
                "extras": 0,
                "total": 1
              }
            },
            {
              "batter": "KA Pollard",
              "bowler": "Hazrat Luqman",
              "non_striker": "ADS Fletcher",
              "runs": {
                "batter": 2,
                "extras": 0,
                "total": 2
              }
            },
            {
              "batter": "KA Pollard",
              "bowler": "Hazrat Luqman",
              "non_striker": "ADS Fletcher",
              "runs": {
                "batter": 0,
                "extras": 0,
                "total": 0
              }
            }
          ]
        },
        {
          "over": 8,
          "deliveries": [
            {
              "batter": "ADS Fletcher",
              "bowler": "Mujeeb Ur Rahman",
              "non_striker": "KA Pollard",
              "runs": {
                "batter": 1,
                "extras": 0,
                "total": 1
              }
            },
            {
              "batter": "KA Pollard",
              "bowler": "Mujeeb Ur Rahman",
              "non_striker": "ADS Fletcher",
              "runs": {
                "batter": 6,
                "extras": 0,
                "total": 6
              }
            },
            {
              "batter": "KA Pollard",
              "bowler": "Mujeeb Ur Rahman",
              "extras": {
                "byes": 4
              },
              "non_striker": "ADS Fletcher",
              "runs": {
                "batter": 0,
                "extras": 4,
                "total": 4
              }
            },
            {
              "batter": "KA Pollard",
              "bowler": "Mujeeb Ur Rahman",
              "non_striker": "ADS Fletcher",
              "runs": {
                "batter": 0,
                "extras": 0,
                "total": 0
              }
            },
            {
              "batter": "KA Pollard",
              "bowler": "Mujeeb Ur Rahman",
              "non_striker": "ADS Fletcher",
              "runs": {
                "batter": 1,
                "extras": 0,
                "total": 1
              }
            },
            {
              "batter": "ADS Fletcher",
              "bowler": "Mujeeb Ur Rahman",
              "non_striker": "KA Pollard",
              "runs": {
                "batter": 0,
                "extras": 0,
                "total": 0
              }
            }
          ]
        },
        {
          "over": 9,
          "deliveries": [
            {
              "batter": "KA Pollard",
              "bowler": "Akif Raja",
              "non_striker": "ADS Fletcher",
              "runs": {
                "batter": 0,
                "extras": 0,
                "total": 0
              }
            },
            {
              "batter": "KA Pollard",
              "bowler": "Akif Raja",
              "non_striker": "ADS Fletcher",
              "runs": {
                "batter": 2,
                "extras": 0,
                "total": 2
              }
            },
            {
              "batter": "KA Pollard",
              "bowler": "Akif Raja",
              "non_striker": "ADS Fletcher",
              "runs": {
                "batter": 0,
                "extras": 0,
                "total": 0
              }
            },
            {
              "batter": "KA Pollard",
              "bowler": "Akif Raja",
              "non_striker": "ADS Fletcher",
              "runs": {
                "batter": 1,
                "extras": 0,
                "total": 1
              }
            },
            {
              "batter": "ADS Fletcher",
              "bowler": "Akif Raja",
              "non_striker": "KA Pollard",
              "runs": {
                "batter": 1,
                "extras": 0,
                "total": 1
              }
            },
            {
              "batter": "KA Pollard",
              "bowler": "Akif Raja",
              "non_striker": "ADS Fletcher",
              "runs": {
                "batter": 4,
                "extras": 0,
                "total": 4
              }
            }
          ]
        },
        {
          "over": 10,
          "deliveries": [
            {
              "batter": "ADS Fletcher",
              "bowler": "Mujeeb Ur Rahman",
              "non_striker": "KA Pollard",
              "runs": {
                "batter": 0,
                "extras": 0,
                "total": 0
              }
            },
            {
              "batter": "ADS Fletcher",
              "bowler": "Mujeeb Ur Rahman",
              "non_striker": "KA Pollard",
              "runs": {
                "batter": 0,
                "extras": 0,
                "total": 0
              }
            },
            {
              "batter": "ADS Fletcher",
              "bowler": "Mujeeb Ur Rahman",
              "non_striker": "KA Pollard",
              "runs": {
                "batter": 1,
                "extras": 0,
                "total": 1
              }
            },
            {
              "batter": "KA Pollard",
              "bowler": "Mujeeb Ur Rahman",
              "non_striker": "ADS Fletcher",
              "runs": {
                "batter": 0,
                "extras": 0,
                "total": 0
              }
            },
            {
              "batter": "KA Pollard",
              "bowler": "Mujeeb Ur Rahman",
              "non_striker": "ADS Fletcher",
              "runs": {
                "batter": 0,
                "extras": 0,
                "total": 0
              }
            },
            {
              "batter": "KA Pollard",
              "bowler": "Mujeeb Ur Rahman",
              "non_striker": "ADS Fletcher",
              "runs": {
                "batter": 4,
                "extras": 0,
                "total": 4
              }
            }
          ]
        },
        {
          "over": 11,
          "deliveries": [
            {
              "batter": "ADS Fletcher",
              "bowler": "Akif Raja",
              "non_striker": "KA Pollard",
              "runs": {
                "batter": 1,
                "extras": 0,
                "total": 1
              }
            },
            {
              "batter": "KA Pollard",
              "bowler": "Akif Raja",
              "non_striker": "ADS Fletcher",
              "runs": {
                "batter": 6,
                "extras": 0,
                "total": 6
              }
            },
            {
              "batter": "KA Pollard",
              "bowler": "Akif Raja",
              "extras": {
                "wides": 1
              },
              "non_striker": "ADS Fletcher",
              "runs": {
                "batter": 0,
                "extras": 1,
                "total": 1
              }
            },
            {
              "batter": "KA Pollard",
              "bowler": "Akif Raja",
              "non_striker": "ADS Fletcher",
              "runs": {
                "batter": 2,
                "extras": 0,
                "total": 2
              }
            },
            {
              "batter": "KA Pollard",
              "bowler": "Akif Raja",
              "non_striker": "ADS Fletcher",
              "runs": {
                "batter": 2,
                "extras": 0,
                "total": 2
              }
            },
            {
              "batter": "KA Pollard",
              "bowler": "Akif Raja",
              "non_striker": "ADS Fletcher",
              "runs": {
                "batter": 4,
                "extras": 0,
                "total": 4
              }
            },
            {
              "batter": "KA Pollard",
              "bowler": "Akif Raja",
              "non_striker": "ADS Fletcher",
              "runs": {
                "batter": 1,
                "extras": 0,
                "total": 1
              }
            }
          ]
        },
        {
          "over": 12,
          "deliveries": [
            {
              "batter": "KA Pollard",
              "bowler": "Mujeeb Ur Rahman",
              "non_striker": "ADS Fletcher",
              "runs": {
                "batter": 0,
                "extras": 0,
                "total": 0
              }
            },
            {
              "batter": "KA Pollard",
              "bowler": "Mujeeb Ur Rahman",
              "non_striker": "ADS Fletcher",
              "runs": {
                "batter": 1,
                "extras": 0,
                "total": 1
              }
            },
            {
              "batter": "ADS Fletcher",
              "bowler": "Mujeeb Ur Rahman",
              "non_striker": "KA Pollard",
              "runs": {
                "batter": 4,
                "extras": 0,
                "total": 4
              }
            },
            {
              "batter": "ADS Fletcher",
              "bowler": "Mujeeb Ur Rahman",
              "non_striker": "KA Pollard",
              "runs": {
                "batter": 6,
                "extras": 0,
                "total": 6
              }
            },
            {
              "batter": "ADS Fletcher",
              "bowler": "Mujeeb Ur Rahman",
              "non_striker": "KA Pollard",
              "runs": {
                "batter": 0,
                "extras": 0,
                "total": 0
              }
            },
            {
              "batter": "ADS Fletcher",
              "bowler": "Mujeeb Ur Rahman",
              "non_striker": "KA Pollard",
              "runs": {
                "batter": 1,
                "extras": 0,
                "total": 1
              }
            }
          ]
        },
        {
          "over": 13,
          "deliveries": [
            {
              "batter": "ADS Fletcher",
              "bowler": "R Powell",
              "non_striker": "KA Pollard",
              "runs": {
                "batter": 1,
                "extras": 0,
                "total": 1
              }
            },
            {
              "batter": "KA Pollard",
              "bowler": "R Powell",
              "non_striker": "ADS Fletcher",
              "runs": {
                "batter": 4,
                "extras": 0,
                "total": 4
              }
            },
            {
              "batter": "KA Pollard",
              "bowler": "R Powell",
              "non_striker": "ADS Fletcher",
              "runs": {
                "batter": 4,
                "extras": 0,
                "total": 4
              }
            },
            {
              "batter": "KA Pollard",
              "bowler": "R Powell",
              "non_striker": "ADS Fletcher",
              "runs": {
                "batter": 0,
                "extras": 0,
                "total": 0
              }
            },
            {
              "batter": "KA Pollard",
              "bowler": "R Powell",
              "non_striker": "ADS Fletcher",
              "runs": {
                "batter": 1,
                "extras": 0,
                "total": 1
              }
            },
            {
              "batter": "ADS Fletcher",
              "bowler": "R Powell",
              "non_striker": "KA Pollard",
              "runs": {
                "batter": 1,
                "extras": 0,
                "total": 1
              }
            }
          ]
        },
        {
          "over": 14,
          "deliveries": [
            {
              "batter": "ADS Fletcher",
              "bowler": "FJ Klaassen",
              "non_striker": "KA Pollard",
              "runs": {
                "batter": 1,
                "extras": 0,
                "total": 1
              }
            },
            {
              "batter": "KA Pollard",
              "bowler": "FJ Klaassen",
              "non_striker": "ADS Fletcher",
              "runs": {
                "batter": 6,
                "extras": 0,
                "total": 6
              }
            },
            {
              "batter": "KA Pollard",
              "bowler": "FJ Klaassen",
              "non_striker": "ADS Fletcher",
              "runs": {
                "batter": 6,
                "extras": 0,
                "total": 6
              }
            },
            {
              "batter": "KA Pollard",
              "bowler": "FJ Klaassen",
              "non_striker": "ADS Fletcher",
              "runs": {
                "batter": 6,
                "extras": 0,
                "total": 6
              }
            },
            {
              "batter": "KA Pollard",
              "bowler": "FJ Klaassen",
              "non_striker": "ADS Fletcher",
              "runs": {
                "batter": 1,
                "extras": 0,
                "total": 1
              }
            },
            {
              "batter": "ADS Fletcher",
              "bowler": "FJ Klaassen",
              "non_striker": "KA Pollard",
              "runs": {
                "batter": 1,
                "extras": 0,
                "total": 1
              }
            }
          ]
        },
        {
          "over": 15,
          "deliveries": [
            {
              "batter": "ADS Fletcher",
              "bowler": "R Powell",
              "non_striker": "KA Pollard",
              "runs": {
                "batter": 1,
                "extras": 0,
                "total": 1
              }
            },
            {
              "batter": "KA Pollard",
              "bowler": "R Powell",
              "non_striker": "ADS Fletcher",
              "runs": {
                "batter": 2,
                "extras": 0,
                "total": 2
              }
            },
            {
              "batter": "KA Pollard",
              "bowler": "R Powell",
              "non_striker": "ADS Fletcher",
              "runs": {
                "batter": 4,
                "extras": 0,
                "total": 4
              }
            },
            {
              "batter": "KA Pollard",
              "bowler": "R Powell",
              "non_striker": "ADS Fletcher",
              "runs": {
                "batter": 4,
                "extras": 0,
                "total": 4
              }
            },
            {
              "batter": "KA Pollard",
              "bowler": "R Powell",
              "non_striker": "ADS Fletcher",
              "runs": {
                "batter": 6,
                "extras": 0,
                "total": 6
              }
            },
            {
              "batter": "KA Pollard",
              "bowler": "R Powell",
              "non_striker": "ADS Fletcher",
              "runs": {
                "batter": 0,
                "extras": 0,
                "total": 0
              },
              "wickets": [
                {
                  "player_out": "KA Pollard",
                  "fielders": [
                    {
                      "name": "C Karunaratne"
                    }
                  ],
                  "kind": "caught"
                }
              ]
            }
          ]
        },
        {
          "over": 16,
          "deliveries": [
            {
              "batter": "ADS Fletcher",
              "bowler": "Mujeeb Ur Rahman",
              "non_striker": "Najibullah Zadran",
              "runs": {
                "batter": 4,
                "extras": 0,
                "total": 4
              }
            },
            {
              "batter": "ADS Fletcher",
              "bowler": "Mujeeb Ur Rahman",
              "extras": {
                "wides": 1
              },
              "non_striker": "Najibullah Zadran",
              "runs": {
                "batter": 0,
                "extras": 1,
                "total": 1
              }
            },
            {
              "batter": "ADS Fletcher",
              "bowler": "Mujeeb Ur Rahman",
              "non_striker": "Najibullah Zadran",
              "runs": {
                "batter": 1,
                "extras": 0,
                "total": 1
              }
            },
            {
              "batter": "Najibullah Zadran",
              "bowler": "Mujeeb Ur Rahman",
              "non_striker": "ADS Fletcher",
              "runs": {
                "batter": 1,
                "extras": 0,
                "total": 1
              }
            },
            {
              "batter": "ADS Fletcher",
              "bowler": "Mujeeb Ur Rahman",
              "non_striker": "Najibullah Zadran",
              "runs": {
                "batter": 1,
                "extras": 0,
                "total": 1
              }
            },
            {
              "batter": "Najibullah Zadran",
              "bowler": "Mujeeb Ur Rahman",
              "non_striker": "ADS Fletcher",
              "runs": {
                "batter": 1,
                "extras": 0,
                "total": 1
              }
            },
            {
              "batter": "ADS Fletcher",
              "bowler": "Mujeeb Ur Rahman",
              "non_striker": "Najibullah Zadran",
              "runs": {
                "batter": 0,
                "extras": 0,
                "total": 0
              }
            }
          ]
        },
        {
          "over": 17,
          "deliveries": [
            {
              "batter": "Najibullah Zadran",
              "bowler": "C Karunaratne",
              "extras": {
                "wides": 1
              },
              "non_striker": "ADS Fletcher",
              "runs": {
                "batter": 0,
                "extras": 1,
                "total": 1
              }
            },
            {
              "batter": "Najibullah Zadran",
              "bowler": "C Karunaratne",
              "non_striker": "ADS Fletcher",
              "runs": {
                "batter": 6,
                "extras": 0,
                "total": 6
              }
            },
            {
              "batter": "Najibullah Zadran",
              "bowler": "C Karunaratne",
              "non_striker": "ADS Fletcher",
              "runs": {
                "batter": 4,
                "extras": 0,
                "total": 4
              }
            },
            {
              "batter": "Najibullah Zadran",
              "bowler": "C Karunaratne",
              "non_striker": "ADS Fletcher",
              "runs": {
                "batter": 6,
                "extras": 0,
                "total": 6
              }
            },
            {
              "batter": "Najibullah Zadran",
              "bowler": "C Karunaratne",
              "non_striker": "ADS Fletcher",
              "runs": {
                "batter": 6,
                "extras": 0,
                "total": 6
              }
            },
            {
              "batter": "Najibullah Zadran",
              "bowler": "C Karunaratne",
              "non_striker": "ADS Fletcher",
              "runs": {
                "batter": 6,
                "extras": 0,
                "total": 6
              }
            },
            {
              "batter": "Najibullah Zadran",
              "bowler": "C Karunaratne",
              "non_striker": "ADS Fletcher",
              "runs": {
                "batter": 0,
                "extras": 0,
                "total": 0
              }
            }
          ]
        },
        {
          "over": 18,
          "deliveries": [
            {
              "batter": "ADS Fletcher",
              "bowler": "FJ Klaassen",
              "non_striker": "Najibullah Zadran",
              "runs": {
                "batter": 1,
                "extras": 0,
                "total": 1
              }
            },
            {
              "batter": "Najibullah Zadran",
              "bowler": "FJ Klaassen",
              "non_striker": "ADS Fletcher",
              "runs": {
                "batter": 0,
                "extras": 0,
                "total": 0
              },
              "wickets": [
                {
                  "player_out": "Najibullah Zadran",
                  "kind": "bowled"
                }
              ]
            },
            {
              "batter": "SR Patel",
              "bowler": "FJ Klaassen",
              "extras": {
                "legbyes": 1
              },
              "non_striker": "ADS Fletcher",
              "runs": {
                "batter": 0,
                "extras": 1,
                "total": 1
              }
            },
            {
              "batter": "ADS Fletcher",
              "bowler": "FJ Klaassen",
              "non_striker": "SR Patel",
              "runs": {
                "batter": 0,
                "extras": 0,
                "total": 0
              }
            },
            {
              "batter": "ADS Fletcher",
              "bowler": "FJ Klaassen",
              "extras": {
                "wides": 1
              },
              "non_striker": "SR Patel",
              "runs": {
                "batter": 0,
                "extras": 1,
                "total": 1
              }
            },
            {
              "batter": "ADS Fletcher",
              "bowler": "FJ Klaassen",
              "non_striker": "SR Patel",
              "runs": {
                "batter": 0,
                "extras": 0,
                "total": 0
              }
            },
            {
              "batter": "ADS Fletcher",
              "bowler": "FJ Klaassen",
              "non_striker": "SR Patel",
              "runs": {
                "batter": 2,
                "extras": 0,
                "total": 2
              }
            }
          ]
        },
        {
          "over": 19,
          "deliveries": [
            {
              "batter": "SR Patel",
              "bowler": "C Karunaratne",
              "non_striker": "ADS Fletcher",
              "runs": {
                "batter": 4,
                "extras": 0,
                "total": 4
              }
            },
            {
              "batter": "SR Patel",
              "bowler": "C Karunaratne",
              "non_striker": "ADS Fletcher",
              "runs": {
                "batter": 1,
                "extras": 0,
                "total": 1
              }
            },
            {
              "batter": "ADS Fletcher",
              "bowler": "C Karunaratne",
              "non_striker": "SR Patel",
              "runs": {
                "batter": 1,
                "extras": 0,
                "total": 1
              }
            },
            {
              "batter": "SR Patel",
              "bowler": "C Karunaratne",
              "non_striker": "ADS Fletcher",
              "runs": {
                "batter": 6,
                "extras": 0,
                "total": 6
              }
            },
            {
              "batter": "SR Patel",
              "bowler": "C Karunaratne",
              "non_striker": "ADS Fletcher",
              "runs": {
                "batter": 6,
                "extras": 0,
                "total": 6
              }
            },
            {
              "batter": "SR Patel",
              "bowler": "C Karunaratne",
              "non_striker": "ADS Fletcher",
              "runs": {
                "batter": 1,
                "extras": 0,
                "total": 1
              }
            }
          ]
        }
      ],
      "powerplays": [
        {
          "from": 0.1,
          "to": 5.6,
          "type": "mandatory"
        }
      ],
      "target": {
        "overs": 20,
        "runs": 223
      }
    }
  ]
}