{
  "meta": {
    "data_version": "1.1.0",
    "created": "2023-02-09",
    "revision": 2
  },
  "info": {
    "balls_per_over": 6,
    "city": "Sharjah",
    "dates": [
      "2023-02-06"
    ],
    "event": {
      "name": "International League T20",
      "match_number": 30
    },
    "gender": "male",
    "match_type": "T20",
    "officials": {
      "match_referees": [
        "RS Mahanama"
      ],
      "reserve_umpires": [
        "SJA Taufel"
      ],
      "tv_umpires": [
        "RSA Palliyaguruge"
      ],
      "umpires": [
        "Akbar Ali",
        "MJ Saggers"
      ]
    },
    "outcome": {
      "winner": "Gulf Giants",
      "by": {
        "wickets": 7
      }
    },
    "overs": 20,
    "player_of_match": [
      "D Wiese"
    ],
    "players": {
      "Sharjah Warriors": [
        "Rahmanullah Gurbaz",
        "T Kohler-Cadmore",
        "MM Ali",
        "E Lewis",
        "MP Stoinis",
        "JL Denly",
        "Mohammad Nabi",
        "CR Woakes",
        "Noor Ahmad",
        "Junaid Siddique",
        "Muhammad Jawadullah"
      ],
      "Gulf Giants": [
        "T Banton",
        "JM Vince",
        "C de Grandhomme",
        "Aayan Afzal Khan",
        "MG Erasmus",
        "D Wiese",
        "CR Brathwaite",
        "DC Drakes",
        "TG Helm",
        "SM Sharma",
        "Qais Ahmad"
      ]
    },
    "registry": {
      "people": {
        "Aayan Afzal Khan": "d2d15439",
        "Akbar Ali": "e753931d",
        "C de Grandhomme": "94d7f855",
        "CR Brathwaite": "e342e5fb",
        "CR Woakes": "4c5d73db",
        "D Wiese": "aa8d28ae",
        "DC Drakes": "34b332d3",
        "E Lewis": "0ebfb1ad",
        "JL Denly": "bdadf7da",
        "JM Vince": "a15618fe",
        "Junaid Siddique": "84dc72db",
        "MG Erasmus": "95a5e066",
        "MJ Saggers": "402d5937",
        "MM Ali": "bb351c23",
        "MP Stoinis": "d9273ee7",
        "Mohammad Nabi": "62af8546",
        "Muhammad Jawadullah": "098a757c",
        "Noor Ahmad": "efc04be7",
        "Qais Ahmad": "8d5d991e",
        "RS Mahanama": "57910393",
        "RSA Palliyaguruge": "4339c19d",
        "Rahmanullah Gurbaz": "0bacade8",
        "SJA Taufel": "4b43d5ac",
        "SM Sharma": "cec44e08",
        "T Banton": "25f7b7d6",
        "T Kohler-Cadmore": "f836b33d",
        "TG Helm": "74a274cc"
      }
    },
    "season": "2022/23",
    "team_type": "club",
    "teams": [
      "Sharjah Warriors",
      "Gulf Giants"
    ],
    "toss": {
      "decision": "field",
      "winner": "Gulf Giants"
    },
    "venue": "Sharjah Cricket Stadium"
  },
  "innings": [
    {
      "team": "Sharjah Warriors",
      "overs": [
        {
          "over": 0,
          "deliveries": [
            {
              "batter": "Rahmanullah Gurbaz",
              "bowler": "DC Drakes",
              "non_striker": "T Kohler-Cadmore",
              "runs": {
                "batter": 0,
                "extras": 0,
                "total": 0
              }
            },
            {
              "batter": "Rahmanullah Gurbaz",
              "bowler": "DC Drakes",
              "non_striker": "T Kohler-Cadmore",
              "runs": {
                "batter": 0,
                "extras": 0,
                "total": 0
              }
            },
            {
              "batter": "Rahmanullah Gurbaz",
              "bowler": "DC Drakes",
              "non_striker": "T Kohler-Cadmore",
              "runs": {
                "batter": 0,
                "extras": 0,
                "total": 0
              }
            },
            {
              "batter": "Rahmanullah Gurbaz",
              "bowler": "DC Drakes",
              "non_striker": "T Kohler-Cadmore",
              "runs": {
                "batter": 0,
                "extras": 0,
                "total": 0
              }
            },
            {
              "batter": "Rahmanullah Gurbaz",
              "bowler": "DC Drakes",
              "non_striker": "T Kohler-Cadmore",
              "runs": {
                "batter": 6,
                "extras": 0,
                "total": 6
              }
            },
            {
              "batter": "Rahmanullah Gurbaz",
              "bowler": "DC Drakes",
              "non_striker": "T Kohler-Cadmore",
              "runs": {
                "batter": 0,
                "extras": 0,
                "total": 0
              }
            }
          ]
        },
        {
          "over": 1,
          "deliveries": [
            {
              "batter": "T Kohler-Cadmore",
              "bowler": "SM Sharma",
              "non_striker": "Rahmanullah Gurbaz",
              "runs": {
                "batter": 0,
                "extras": 0,
                "total": 0
              }
            },
            {
              "batter": "T Kohler-Cadmore",
              "bowler": "SM Sharma",
              "non_striker": "Rahmanullah Gurbaz",
              "runs": {
                "batter": 1,
                "extras": 0,
                "total": 1
              }
            },
            {
              "batter": "Rahmanullah Gurbaz",
              "bowler": "SM Sharma",
              "non_striker": "T Kohler-Cadmore",
              "runs": {
                "batter": 0,
                "extras": 0,
                "total": 0
              }
            },
            {
              "batter": "Rahmanullah Gurbaz",
              "bowler": "SM Sharma",
              "non_striker": "T Kohler-Cadmore",
              "runs": {
                "batter": 1,
                "extras": 0,
                "total": 1
              }
            },
            {
              "batter": "T Kohler-Cadmore",
              "bowler": "SM Sharma",
              "non_striker": "Rahmanullah Gurbaz",
              "runs": {
                "batter": 4,
                "extras": 0,
                "total": 4
              }
            },
            {
              "batter": "T Kohler-Cadmore",
              "bowler": "SM Sharma",
              "non_striker": "Rahmanullah Gurbaz",
              "runs": {
                "batter": 1,
                "extras": 0,
                "total": 1
              }
            }
          ]
        },
        {
          "over": 2,
          "deliveries": [
            {
              "batter": "T Kohler-Cadmore",
              "bowler": "DC Drakes",
              "extras": {
                "wides": 1
              },
              "non_striker": "Rahmanullah Gurbaz",
              "runs": {
                "batter": 0,
                "extras": 1,
                "total": 1
              }
            },
            {
              "batter": "T Kohler-Cadmore",
              "bowler": "DC Drakes",
              "non_striker": "Rahmanullah Gurbaz",
              "runs": {
                "batter": 0,
                "extras": 0,
                "total": 0
              }
            },
            {
              "batter": "T Kohler-Cadmore",
              "bowler": "DC Drakes",
              "non_striker": "Rahmanullah Gurbaz",
              "runs": {
                "batter": 0,
                "extras": 0,
                "total": 0
              }
            },
            {
              "batter": "T Kohler-Cadmore",
              "bowler": "DC Drakes",
              "non_striker": "Rahmanullah Gurbaz",
              "runs": {
                "batter": 0,
                "extras": 0,
                "total": 0
              }
            },
            {
              "batter": "T Kohler-Cadmore",
              "bowler": "DC Drakes",
              "non_striker": "Rahmanullah Gurbaz",
              "runs": {
                "batter": 0,
                "extras": 0,
                "total": 0
              }
            },
            {
              "batter": "T Kohler-Cadmore",
              "bowler": "DC Drakes",
              "non_striker": "Rahmanullah Gurbaz",
              "runs": {
                "batter": 0,
                "extras": 0,
                "total": 0
              }
            },
            {
              "batter": "T Kohler-Cadmore",
              "bowler": "DC Drakes",
              "non_striker": "Rahmanullah Gurbaz",
              "runs": {
                "batter": 0,
                "extras": 0,
                "total": 0
              }
            }
          ]
        },
        {
          "over": 3,
          "deliveries": [
            {
              "batter": "Rahmanullah Gurbaz",
              "bowler": "SM Sharma",
              "non_striker": "T Kohler-Cadmore",
              "runs": {
                "batter": 0,
                "extras": 0,
                "total": 0
              },
              "wickets": [
                {
                  "player_out": "Rahmanullah Gurbaz",
                  "fielders": [
                    {
                      "name": "TG Helm"
                    }
                  ],
                  "kind": "caught"
                }
              ]
            },
            {
              "batter": "MM Ali",
              "bowler": "SM Sharma",
              "non_striker": "T Kohler-Cadmore",
              "runs": {
                "batter": 1,
                "extras": 0,
                "total": 1
              }
            },
            {
              "batter": "T Kohler-Cadmore",
              "bowler": "SM Sharma",
              "non_striker": "MM Ali",
              "runs": {
                "batter": 4,
                "extras": 0,
                "total": 4
              }
            },
            {
              "batter": "T Kohler-Cadmore",
              "bowler": "SM Sharma",
              "non_striker": "MM Ali",
              "runs": {
                "batter": 4,
                "extras": 0,
                "total": 4
              }
            },
            {
              "batter": "T Kohler-Cadmore",
              "bowler": "SM Sharma",
              "non_striker": "MM Ali",
              "runs": {
                "batter": 0,
                "extras": 0,
                "total": 0
              }
            },
            {
              "batter": "T Kohler-Cadmore",
              "bowler": "SM Sharma",
              "extras": {
                "legbyes": 1
              },
              "non_striker": "MM Ali",
              "runs": {
                "batter": 0,
                "extras": 1,
                "total": 1
              }
            }
          ]
        },
        {
          "over": 4,
          "deliveries": [
            {
              "batter": "T Kohler-Cadmore",
              "bowler": "TG Helm",
              "non_striker": "MM Ali",
              "runs": {
                "batter": 4,
                "extras": 0,
                "total": 4
              }
            },
            {
              "batter": "T Kohler-Cadmore",
              "bowler": "TG Helm",
              "non_striker": "MM Ali",
              "runs": {
                "batter": 4,
                "extras": 0,
                "total": 4
              }
            },
            {
              "batter": "T Kohler-Cadmore",
              "bowler": "TG Helm",
              "non_striker": "MM Ali",
              "runs": {
                "batter": 6,
                "extras": 0,
                "total": 6
              }
            },
            {
              "batter": "T Kohler-Cadmore",
              "bowler": "TG Helm",
              "non_striker": "MM Ali",
              "runs": {
                "batter": 4,
                "extras": 0,
                "total": 4
              }
            },
            {
              "batter": "T Kohler-Cadmore",
              "bowler": "TG Helm",
              "non_striker": "MM Ali",
              "runs": {
                "batter": 0,
                "extras": 0,
                "total": 0
              },
              "wickets": [
                {
                  "player_out": "T Kohler-Cadmore",
                  "fielders": [
                    {
                      "name": "JM Vince"
                    }
                  ],
                  "kind": "caught"
                }
              ]
            },
            {
              "batter": "E Lewis",
              "bowler": "TG Helm",
              "non_striker": "MM Ali",
              "runs": {
                "batter": 1,
                "extras": 0,
                "total": 1
              }
            }
          ]
        },
        {
          "over": 5,
          "deliveries": [
            {
              "batter": "E Lewis",
              "bowler": "CR Brathwaite",
              "non_striker": "MM Ali",
              "runs": {
                "batter": 1,
                "extras": 0,
                "total": 1
              }
            },
            {
              "batter": "MM Ali",
              "bowler": "CR Brathwaite",
              "non_striker": "E Lewis",
              "runs": {
                "batter": 0,
                "extras": 0,
                "total": 0
              }
            },
            {
              "batter": "MM Ali",
              "bowler": "CR Brathwaite",
              "non_striker": "E Lewis",
              "runs": {
                "batter": 0,
                "extras": 0,
                "total": 0
              }
            },
            {
              "batter": "MM Ali",
              "bowler": "CR Brathwaite",
              "non_striker": "E Lewis",
              "runs": {
                "batter": 0,
                "extras": 0,
                "total": 0
              },
              "wickets": [
                {
                  "player_out": "MM Ali",
                  "fielders": [
                    {
                      "name": "DC Drakes"
                    }
                  ],
                  "kind": "caught"
                }
              ]
            },
            {
              "batter": "MP Stoinis",
              "bowler": "CR Brathwaite",
              "non_striker": "E Lewis",
              "runs": {
                "batter": 4,
                "extras": 0,
                "total": 4
              }
            },
            {
              "batter": "MP Stoinis",
              "bowler": "CR Brathwaite",
              "non_striker": "E Lewis",
              "runs": {
                "batter": 0,
                "extras": 0,
                "total": 0
              }
            }
          ]
        },
        {
          "over": 6,
          "deliveries": [
            {
              "batter": "E Lewis",
              "bowler": "Qais Ahmad",
              "non_striker": "MP Stoinis",
              "runs": {
                "batter": 1,
                "extras": 0,
                "total": 1
              }
            },
            {
              "batter": "MP Stoinis",
              "bowler": "Qais Ahmad",
              "non_striker": "E Lewis",
              "runs": {
                "batter": 0,
                "extras": 0,
                "total": 0
              }
            },
            {
              "batter": "MP Stoinis",
              "bowler": "Qais Ahmad",
              "non_striker": "E Lewis",
              "runs": {
                "batter": 2,
                "extras": 0,
                "total": 2
              }
            },
            {
              "batter": "MP Stoinis",
              "bowler": "Qais Ahmad",
              "non_striker": "E Lewis",
              "runs": {
                "batter": 1,
                "extras": 0,
                "total": 1
              }
            },
            {
              "batter": "E Lewis",
              "bowler": "Qais Ahmad",
              "non_striker": "MP Stoinis",
              "runs": {
                "batter": 0,
                "extras": 0,
                "total": 0
              }
            },
            {
              "batter": "E Lewis",
              "bowler": "Qais Ahmad",
              "non_striker": "MP Stoinis",
              "runs": {
                "batter": 0,
                "extras": 0,
                "total": 0
              }
            }
          ]
        },
        {
          "over": 7,
          "deliveries": [
            {
              "batter": "MP Stoinis",
              "bowler": "D Wiese",
              "non_striker": "E Lewis",
              "runs": {
                "batter": 0,
                "extras": 0,
                "total": 0
              }
            },
            {
              "batter": "MP Stoinis",
              "bowler": "D Wiese",
              "non_striker": "E Lewis",
              "runs": {
                "batter": 0,
                "extras": 0,
                "total": 0
              }
            },
            {
              "batter": "MP Stoinis",
              "bowler": "D Wiese",
              "non_striker": "E Lewis",
              "runs": {
                "batter": 4,
                "extras": 0,
                "total": 4
              }
            },
            {
              "batter": "MP Stoinis",
              "bowler": "D Wiese",
              "non_striker": "E Lewis",
              "runs": {
                "batter": 1,
                "extras": 0,
                "total": 1
              }
            },
            {
              "batter": "E Lewis",
              "bowler": "D Wiese",
              "non_striker": "MP Stoinis",
              "runs": {
                "batter": 0,
                "extras": 0,
                "total": 0
              }
            },
            {
              "batter": "E Lewis",
              "bowler": "D Wiese",
              "non_striker": "MP Stoinis",
              "review": {
                "by": "Sharjah Warriors",
                "umpire": "Akbar Ali",
                "batter": "E Lewis",
                "decision": "struck down"
              },
              "runs": {
                "batter": 0,
                "extras": 0,
                "total": 0
              },
              "wickets": [
                {
                  "player_out": "E Lewis",
                  "kind": "lbw"
                }
              ]
            }
          ]
        },
        {
          "over": 8,
          "deliveries": [
            {
              "batter": "MP Stoinis",
              "bowler": "CR Brathwaite",
              "non_striker": "JL Denly",
              "runs": {
                "batter": 1,
                "extras": 0,
                "total": 1
              }
            },
            {
              "batter": "JL Denly",
              "bowler": "CR Brathwaite",
              "non_striker": "MP Stoinis",
              "runs": {
                "batter": 1,
                "extras": 0,
                "total": 1
              }
            },
            {
              "batter": "MP Stoinis",
              "bowler": "CR Brathwaite",
              "non_striker": "JL Denly",
              "runs": {
                "batter": 1,
                "extras": 0,
                "total": 1
              }
            },
            {
              "batter": "JL Denly",
              "bowler": "CR Brathwaite",
              "non_striker": "MP Stoinis",
              "runs": {
                "batter": 1,
                "extras": 0,
                "total": 1
              }
            },
            {
              "batter": "MP Stoinis",
              "bowler": "CR Brathwaite",
              "non_striker": "JL Denly",
              "runs": {
                "batter": 1,
                "extras": 0,
                "total": 1
              }
            },
            {
              "batter": "JL Denly",
              "bowler": "CR Brathwaite",
              "non_striker": "MP Stoinis",
              "runs": {
                "batter": 0,
                "extras": 0,
                "total": 0
              }
            }
          ]
        },
        {
          "over": 9,
          "deliveries": [
            {
              "batter": "MP Stoinis",
              "bowler": "Qais Ahmad",
              "extras": {
                "legbyes": 1
              },
              "non_striker": "JL Denly",
              "runs": {
                "batter": 0,
                "extras": 1,
                "total": 1
              }
            },
            {
              "batter": "JL Denly",
              "bowler": "Qais Ahmad",
              "non_striker": "MP Stoinis",
              "runs": {
                "batter": 0,
                "extras": 0,
                "total": 0
              }
            },
            {
              "batter": "JL Denly",
              "bowler": "Qais Ahmad",
              "non_striker": "MP Stoinis",
              "runs": {
                "batter": 0,
                "extras": 0,
                "total": 0
              }
            },
            {
              "batter": "JL Denly",
              "bowler": "Qais Ahmad",
              "non_striker": "MP Stoinis",
              "runs": {
                "batter": 1,
                "extras": 0,
                "total": 1
              }
            },
            {
              "batter": "MP Stoinis",
              "bowler": "Qais Ahmad",
              "non_striker": "JL Denly",
              "runs": {
                "batter": 1,
                "extras": 0,
                "total": 1
              }
            },
            {
              "batter": "JL Denly",
              "bowler": "Qais Ahmad",
              "non_striker": "MP Stoinis",
              "runs": {
                "batter": 0,
                "extras": 0,
                "total": 0
              }
            }
          ]
        },
        {
          "over": 10,
          "deliveries": [
            {
              "batter": "MP Stoinis",
              "bowler": "D Wiese",
              "non_striker": "JL Denly",
              "runs": {
                "batter": 1,
                "extras": 0,
                "total": 1
              }
            },
            {
              "batter": "JL Denly",
              "bowler": "D Wiese",
              "non_striker": "MP Stoinis",
              "runs": {
                "batter": 0,
                "extras": 0,
                "total": 0
              },
              "wickets": [
                {
                  "player_out": "JL Denly",
                  "kind": "bowled"
                }
              ]
            },
            {
              "batter": "Mohammad Nabi",
              "bowler": "D Wiese",
              "non_striker": "MP Stoinis",
              "runs": {
                "batter": 1,
                "extras": 0,
                "total": 1
              }
            },
            {
              "batter": "MP Stoinis",
              "bowler": "D Wiese",
              "non_striker": "Mohammad Nabi",
              "review": {
                "by": "Sharjah Warriors",
                "umpire": "MJ Saggers",
                "batter": "MP Stoinis",
                "decision": "struck down"
              },
              "runs": {
                "batter": 0,
                "extras": 0,
                "total": 0
              },
              "wickets": [
                {
                  "player_out": "MP Stoinis",
                  "kind": "lbw"
                }
              ]
            },
            {
              "batter": "CR Woakes",
              "bowler": "D Wiese",
              "non_striker": "Mohammad Nabi",
              "runs": {
                "batter": 0,
                "extras": 0,
                "total": 0
              }
            },
            {
              "batter": "CR Woakes",
              "bowler": "D Wiese",
              "non_striker": "Mohammad Nabi",
              "runs": {
                "batter": 0,
                "extras": 0,
                "total": 0
              },
              "wickets": [
                {
                  "player_out": "CR Woakes",
                  "fielders": [
                    {
                      "name": "Qais Ahmad"
                    }
                  ],
                  "kind": "caught"
                }
              ]
            }
          ]
        },
        {
          "over": 11,
          "deliveries": [
            {
              "batter": "Mohammad Nabi",
              "bowler": "Qais Ahmad",
              "non_striker": "Noor Ahmad",
              "runs": {
                "batter": 0,
                "extras": 0,
                "total": 0
              }
            },
            {
              "batter": "Mohammad Nabi",
              "bowler": "Qais Ahmad",
              "non_striker": "Noor Ahmad",
              "runs": {
                "batter": 1,
                "extras": 0,
                "total": 1
              }
            },
            {
              "batter": "Noor Ahmad",
              "bowler": "Qais Ahmad",
              "non_striker": "Mohammad Nabi",
              "runs": {
                "batter": 1,
                "extras": 0,
                "total": 1
              }
            },
            {
              "batter": "Mohammad Nabi",
              "bowler": "Qais Ahmad",
              "non_striker": "Noor Ahmad",
              "runs": {
                "batter": 1,
                "extras": 0,
                "total": 1
              }
            },
            {
              "batter": "Noor Ahmad",
              "bowler": "Qais Ahmad",
              "non_striker": "Mohammad Nabi",
              "runs": {
                "batter": 1,
                "extras": 0,
                "total": 1
              }
            },
            {
              "batter": "Mohammad Nabi",
              "bowler": "Qais Ahmad",
              "non_striker": "Noor Ahmad",
              "runs": {
                "batter": 1,
                "extras": 0,
                "total": 1
              }
            }
          ]
        },
        {
          "over": 12,
          "deliveries": [
            {
              "batter": "Mohammad Nabi",
              "bowler": "D Wiese",
              "non_striker": "Noor Ahmad",
              "runs": {
                "batter": 1,
                "extras": 0,
                "total": 1
              }
            },
            {
              "batter": "Noor Ahmad",
              "bowler": "D Wiese",
              "non_striker": "Mohammad Nabi",
              "runs": {
                "batter": 0,
                "extras": 0,
                "total": 0
              }
            },
            {
              "batter": "Noor Ahmad",
              "bowler": "D Wiese",
              "non_striker": "Mohammad Nabi",
              "runs": {
                "batter": 1,
                "extras": 0,
                "total": 1
              }
            },
            {
              "batter": "Mohammad Nabi",
              "bowler": "D Wiese",
              "non_striker": "Noor Ahmad",
              "runs": {
                "batter": 4,
                "extras": 0,
                "total": 4
              }
            },
            {
              "batter": "Mohammad Nabi",
              "bowler": "D Wiese",
              "non_striker": "Noor Ahmad",
              "runs": {
                "batter": 1,
                "extras": 0,
                "total": 1
              }
            },
            {
              "batter": "Noor Ahmad",
              "bowler": "D Wiese",
              "non_striker": "Mohammad Nabi",
              "runs": {
                "batter": 4,
                "extras": 0,
                "total": 4
              }
            }
          ]
        },
        {
          "over": 13,
          "deliveries": [
            {
              "batter": "Mohammad Nabi",
              "bowler": "C de Grandhomme",
              "non_striker": "Noor Ahmad",
              "runs": {
                "batter": 0,
                "extras": 0,
                "total": 0
              }
            },
            {
              "batter": "Mohammad Nabi",
              "bowler": "C de Grandhomme",
              "non_striker": "Noor Ahmad",
              "runs": {
                "batter": 1,
                "extras": 0,
                "total": 1
              }
            },
            {
              "batter": "Noor Ahmad",
              "bowler": "C de Grandhomme",
              "non_striker": "Mohammad Nabi",
              "runs": {
                "batter": 0,
                "extras": 0,
                "total": 0
              }
            },
            {
              "batter": "Noor Ahmad",
              "bowler": "C de Grandhomme",
              "non_striker": "Mohammad Nabi",
              "runs": {
                "batter": 1,
                "extras": 0,
                "total": 1
              }
            },
            {
              "batter": "Mohammad Nabi",
              "bowler": "C de Grandhomme",
              "non_striker": "Noor Ahmad",
              "runs": {
                "batter": 0,
                "extras": 0,
                "total": 0
              }
            },
            {
              "batter": "Mohammad Nabi",
              "bowler": "C de Grandhomme",
              "non_striker": "Noor Ahmad",
              "runs": {
                "batter": 4,
                "extras": 0,
                "total": 4
              }
            }
          ]
        },
        {
          "over": 14,
          "deliveries": [
            {
              "batter": "Noor Ahmad",
              "bowler": "CR Brathwaite",
              "extras": {
                "legbyes": 1
              },
              "non_striker": "Mohammad Nabi",
              "runs": {
                "batter": 0,
                "extras": 1,
                "total": 1
              }
            },
            {
              "batter": "Mohammad Nabi",
              "bowler": "CR Brathwaite",
              "non_striker": "Noor Ahmad",
              "runs": {
                "batter": 0,
                "extras": 0,
                "total": 0
              }
            },
            {
              "batter": "Mohammad Nabi",
              "bowler": "CR Brathwaite",
              "non_striker": "Noor Ahmad",
              "runs": {
                "batter": 1,
                "extras": 0,
                "total": 1
              }
            },
            {
              "batter": "Noor Ahmad",
              "bowler": "CR Brathwaite",
              "non_striker": "Mohammad Nabi",
              "runs": {
                "batter": 0,
                "extras": 0,
                "total": 0
              }
            },
            {
              "batter": "Noor Ahmad",
              "bowler": "CR Brathwaite",
              "non_striker": "Mohammad Nabi",
              "runs": {
                "batter": 1,
                "extras": 0,
                "total": 1
              }
            },
            {
              "batter": "Mohammad Nabi",
              "bowler": "CR Brathwaite",
              "non_striker": "Noor Ahmad",
              "runs": {
                "batter": 1,
                "extras": 0,
                "total": 1
              }
            }
          ]
        },
        {
          "over": 15,
          "deliveries": [
            {
              "batter": "Mohammad Nabi",
              "bowler": "Qais Ahmad",
              "non_striker": "Noor Ahmad",
              "runs": {
                "batter": 1,
                "extras": 0,
                "total": 1
              }
            },
            {
              "batter": "Noor Ahmad",
              "bowler": "Qais Ahmad",
              "non_striker": "Mohammad Nabi",
              "runs": {
                "batter": 1,
                "extras": 0,
                "total": 1
              }
            },
            {
              "batter": "Mohammad Nabi",
              "bowler": "Qais Ahmad",
              "non_striker": "Noor Ahmad",
              "runs": {
                "batter": 0,
                "extras": 0,
                "total": 0
              }
            },
            {
              "batter": "Mohammad Nabi",
              "bowler": "Qais Ahmad",
              "non_striker": "Noor Ahmad",
              "runs": {
                "batter": 1,
                "extras": 0,
                "total": 1
              },
              "wickets": [
                {
                  "player_out": "Noor Ahmad",
                  "fielders": [
                    {
                      "name": "T Banton"
                    },
                    {
                      "name": "TG Helm"
                    }
                  ],
                  "kind": "run out"
                }
              ]
            },
            {
              "batter": "Junaid Siddique",
              "bowler": "Qais Ahmad",
              "non_striker": "Mohammad Nabi",
              "runs": {
                "batter": 0,
                "extras": 0,
                "total": 0
              }
            },
            {
              "batter": "Junaid Siddique",
              "bowler": "Qais Ahmad",
              "non_striker": "Mohammad Nabi",
              "runs": {
                "batter": 4,
                "extras": 0,
                "total": 4
              }
            }
          ]
        },
        {
          "over": 16,
          "deliveries": [
            {
              "batter": "Mohammad Nabi",
              "bowler": "D Wiese",
              "non_striker": "Junaid Siddique",
              "runs": {
                "batter": 2,
                "extras": 0,
                "total": 2
              }
            },
            {
              "batter": "Mohammad Nabi",
              "bowler": "D Wiese",
              "non_striker": "Junaid Siddique",
              "runs": {
                "batter": 0,
                "extras": 0,
                "total": 0
              },
              "wickets": [
                {
                  "player_out": "Mohammad Nabi",
                  "kind": "lbw"
                }
              ]
            },
            {
              "batter": "Muhammad Jawadullah",
              "bowler": "D Wiese",
              "non_striker": "Junaid Siddique",
              "review": {
                "by": "Gulf Giants",
                "umpire": "MJ Saggers",
                "batter": "Muhammad Jawadullah",
                "decision": "struck down"
              },
              "runs": {
                "batter": 0,
                "extras": 0,
                "total": 0
              }
            },
            {
              "batter": "Muhammad Jawadullah",
              "bowler": "D Wiese",
              "non_striker": "Junaid Siddique",
              "runs": {
                "batter": 0,
                "extras": 0,
                "total": 0
              }
            },
            {
              "batter": "Muhammad Jawadullah",
              "bowler": "D Wiese",
              "non_striker": "Junaid Siddique",
              "runs": {
                "batter": 0,
                "extras": 0,
                "total": 0
              }
            },
            {
              "batter": "Muhammad Jawadullah",
              "bowler": "D Wiese",
              "non_striker": "Junaid Siddique",
              "runs": {
                "batter": 0,
                "extras": 0,
                "total": 0
              }
            }
          ]
        },
        {
          "over": 17,
          "deliveries": [
            {
              "batter": "Junaid Siddique",
              "bowler": "TG Helm",
              "non_striker": "Muhammad Jawadullah",
              "runs": {
                "batter": 0,
                "extras": 0,
                "total": 0
              }
            },
            {
              "batter": "Junaid Siddique",
              "bowler": "TG Helm",
              "non_striker": "Muhammad Jawadullah",
              "runs": {
                "batter": 0,
                "extras": 0,
                "total": 0
              }
            },
            {
              "batter": "Junaid Siddique",
              "bowler": "TG Helm",
              "non_striker": "Muhammad Jawadullah",
              "runs": {
                "batter": 0,
                "extras": 0,
                "total": 0
              }
            },
            {
              "batter": "Junaid Siddique",
              "bowler": "TG Helm",
              "non_striker": "Muhammad Jawadullah",
              "runs": {
                "batter": 0,
                "extras": 0,
                "total": 0
              }
            },
            {
              "batter": "Junaid Siddique",
              "bowler": "TG Helm",
              "non_striker": "Muhammad Jawadullah",
              "runs": {
                "batter": 2,
                "extras": 0,
                "total": 2
              }
            },
            {
              "batter": "Junaid Siddique",
              "bowler": "TG Helm",
              "non_striker": "Muhammad Jawadullah",
              "runs": {
                "batter": 1,
                "extras": 0,
                "total": 1
              }
            }
          ]
        },
        {
          "over": 18,
          "deliveries": [
            {
              "batter": "Junaid Siddique",
              "bowler": "CR Brathwaite",
              "non_striker": "Muhammad Jawadullah",
              "runs": {
                "batter": 1,
                "extras": 0,
                "total": 1
              }
            },
            {
              "batter": "Muhammad Jawadullah",
              "bowler": "CR Brathwaite",
              "non_striker": "Junaid Siddique",
              "runs": {
                "batter": 1,
                "extras": 0,
                "total": 1
              }
            },
            {
              "batter": "Junaid Siddique",
              "bowler": "CR Brathwaite",
              "non_striker": "Muhammad Jawadullah",
              "runs": {
                "batter": 0,
                "extras": 0,
                "total": 0
              },
              "wickets": [
                {
                  "player_out": "Junaid Siddique",
                  "fielders": [
                    {
                      "name": "C de Grandhomme"
                    }
                  ],
                  "kind": "caught"
                }
              ]
            }
          ]
        }
      ],
      "powerplays": [
        {
          "from": 0.1,
          "to": 5.6,
          "type": "mandatory"
        }
      ]
    },
    {
      "team": "Gulf Giants",
      "overs": [
        {
          "over": 0,
          "deliveries": [
            {
              "batter": "T Banton",
              "bowler": "CR Woakes",
              "extras": {
                "wides": 5
              },
              "non_striker": "JM Vince",
              "runs": {
                "batter": 0,
                "extras": 5,
                "total": 5
              }
            },
            {
              "batter": "T Banton",
              "bowler": "CR Woakes",
              "non_striker": "JM Vince",
              "runs": {
                "batter": 0,
                "extras": 0,
                "total": 0
              }
            },
            {
              "batter": "T Banton",
              "bowler": "CR Woakes",
              "non_striker": "JM Vince",
              "runs": {
                "batter": 0,
                "extras": 0,
                "total": 0
              }
            },
            {
              "batter": "T Banton",
              "bowler": "CR Woakes",
              "non_striker": "JM Vince",
              "runs": {
                "batter": 4,
                "extras": 0,
                "total": 4
              }
            },
            {
              "batter": "T Banton",
              "bowler": "CR Woakes",
              "non_striker": "JM Vince",
              "runs": {
                "batter": 0,
                "extras": 0,
                "total": 0
              }
            },
            {
              "batter": "T Banton",
              "bowler": "CR Woakes",
              "non_striker": "JM Vince",
              "runs": {
                "batter": 0,
                "extras": 0,
                "total": 0
              }
            },
            {
              "batter": "T Banton",
              "bowler": "CR Woakes",
              "non_striker": "JM Vince",
              "runs": {
                "batter": 0,
                "extras": 0,
                "total": 0
              }
            }
          ]
        },
        {
          "over": 1,
          "deliveries": [
            {
              "batter": "JM Vince",
              "bowler": "Junaid Siddique",
              "non_striker": "T Banton",
              "runs": {
                "batter": 4,
                "extras": 0,
                "total": 4
              }
            },
            {
              "batter": "JM Vince",
              "bowler": "Junaid Siddique",
              "non_striker": "T Banton",
              "runs": {
                "batter": 0,
                "extras": 0,
                "total": 0
              }
            },
            {
              "batter": "JM Vince",
              "bowler": "Junaid Siddique",
              "non_striker": "T Banton",
              "runs": {
                "batter": 0,
                "extras": 0,
                "total": 0
              }
            },
            {
              "batter": "JM Vince",
              "bowler": "Junaid Siddique",
              "non_striker": "T Banton",
              "runs": {
                "batter": 0,
                "extras": 0,
                "total": 0
              }
            },
            {
              "batter": "JM Vince",
              "bowler": "Junaid Siddique",
              "non_striker": "T Banton",
              "runs": {
                "batter": 1,
                "extras": 0,
                "total": 1
              }
            },
            {
              "batter": "T Banton",
              "bowler": "Junaid Siddique",
              "non_striker": "JM Vince",
              "runs": {
                "batter": 4,
                "extras": 0,
                "total": 4
              }
            }
          ]
        },
        {
          "over": 2,
          "deliveries": [
            {
              "batter": "JM Vince",
              "bowler": "CR Woakes",
              "non_striker": "T Banton",
              "runs": {
                "batter": 1,
                "extras": 0,
                "total": 1
              }
            },
            {
              "batter": "T Banton",
              "bowler": "CR Woakes",
              "non_striker": "JM Vince",
              "runs": {
                "batter": 0,
                "extras": 0,
                "total": 0
              }
            },
            {
              "batter": "T Banton",
              "bowler": "CR Woakes",
              "non_striker": "JM Vince",
              "runs": {
                "batter": 0,
                "extras": 0,
                "total": 0
              }
            },
            {
              "batter": "T Banton",
              "bowler": "CR Woakes",
              "non_striker": "JM Vince",
              "runs": {
                "batter": 0,
                "extras": 0,
                "total": 0
              }
            },
            {
              "batter": "T Banton",
              "bowler": "CR Woakes",
              "non_striker": "JM Vince",
              "runs": {
                "batter": 0,
                "extras": 0,
                "total": 0
              }
            },
            {
              "batter": "T Banton",
              "bowler": "CR Woakes",
              "non_striker": "JM Vince",
              "runs": {
                "batter": 2,
                "extras": 0,
                "total": 2
              }
            }
          ]
        },
        {
          "over": 3,
          "deliveries": [
            {
              "batter": "JM Vince",
              "bowler": "Junaid Siddique",
              "extras": {
                "wides": 2
              },
              "non_striker": "T Banton",
              "runs": {
                "batter": 0,
                "extras": 2,
                "total": 2
              }
            },
            {
              "batter": "T Banton",
              "bowler": "Junaid Siddique",
              "non_striker": "JM Vince",
              "runs": {
                "batter": 1,
                "extras": 0,
                "total": 1
              }
            },
            {
              "batter": "JM Vince",
              "bowler": "Junaid Siddique",
              "non_striker": "T Banton",
              "review": {
                "by": "Sharjah Warriors",
                "umpire": "Akbar Ali",
                "batter": "JM Vince",
                "decision": "struck down"
              },
              "runs": {
                "batter": 0,
                "extras": 0,
                "total": 0
              }
            },
            {
              "batter": "JM Vince",
              "bowler": "Junaid Siddique",
              "non_striker": "T Banton",
              "runs": {
                "batter": 0,
                "extras": 0,
                "total": 0
              }
            },
            {
              "batter": "JM Vince",
              "bowler": "Junaid Siddique",
              "non_striker": "T Banton",
              "runs": {
                "batter": 4,
                "extras": 0,
                "total": 4
              }
            },
            {
              "batter": "JM Vince",
              "bowler": "Junaid Siddique",
              "non_striker": "T Banton",
              "runs": {
                "batter": 3,
                "extras": 0,
                "total": 3
              }
            },
            {
              "batter": "T Banton",
              "bowler": "Junaid Siddique",
              "non_striker": "JM Vince",
              "runs": {
                "batter": 0,
                "extras": 0,
                "total": 0
              }
            }
          ]
        },
        {
          "over": 4,
          "deliveries": [
            {
              "batter": "JM Vince",
              "bowler": "MP Stoinis",
              "non_striker": "T Banton",
              "runs": {
                "batter": 1,
                "extras": 0,
                "total": 1
              }
            },
            {
              "batter": "T Banton",
              "bowler": "MP Stoinis",
              "non_striker": "JM Vince",
              "runs": {
                "batter": 0,
                "extras": 0,
                "total": 0
              }
            },
            {
              "batter": "T Banton",
              "bowler": "MP Stoinis",
              "non_striker": "JM Vince",
              "runs": {
                "batter": 0,
                "extras": 0,
                "total": 0
              },
              "wickets": [
                {
                  "player_out": "T Banton",
                  "kind": "bowled"
                }
              ]
            },
            {
              "batter": "C de Grandhomme",
              "bowler": "MP Stoinis",
              "non_striker": "JM Vince",
              "runs": {
                "batter": 1,
                "extras": 0,
                "total": 1
              }
            },
            {
              "batter": "JM Vince",
              "bowler": "MP Stoinis",
              "non_striker": "C de Grandhomme",
              "runs": {
                "batter": 0,
                "extras": 0,
                "total": 0
              }
            },
            {
              "batter": "JM Vince",
              "bowler": "MP Stoinis",
              "non_striker": "C de Grandhomme",
              "runs": {
                "batter": 0,
                "extras": 0,
                "total": 0
              }
            }
          ]
        },
        {
          "over": 5,
          "deliveries": [
            {
              "batter": "C de Grandhomme",
              "bowler": "CR Woakes",
              "non_striker": "JM Vince",
              "runs": {
                "batter": 0,
                "extras": 0,
                "total": 0
              }
            },
            {
              "batter": "C de Grandhomme",
              "bowler": "CR Woakes",
              "non_striker": "JM Vince",
              "runs": {
                "batter": 0,
                "extras": 0,
                "total": 0
              }
            },
            {
              "batter": "C de Grandhomme",
              "bowler": "CR Woakes",
              "non_striker": "JM Vince",
              "runs": {
                "batter": 1,
                "extras": 0,
                "total": 1
              }
            },
            {
              "batter": "JM Vince",
              "bowler": "CR Woakes",
              "non_striker": "C de Grandhomme",
              "runs": {
                "batter": 1,
                "extras": 0,
                "total": 1
              }
            },
            {
              "batter": "C de Grandhomme",
              "bowler": "CR Woakes",
              "non_striker": "JM Vince",
              "runs": {
                "batter": 1,
                "extras": 0,
                "total": 1
              }
            },
            {
              "batter": "JM Vince",
              "bowler": "CR Woakes",
              "non_striker": "C de Grandhomme",
              "runs": {
                "batter": 0,
                "extras": 0,
                "total": 0
              }
            }
          ]
        },
        {
          "over": 6,
          "deliveries": [
            {
              "batter": "C de Grandhomme",
              "bowler": "MP Stoinis",
              "non_striker": "JM Vince",
              "runs": {
                "batter": 1,
                "extras": 0,
                "total": 1
              }
            },
            {
              "batter": "JM Vince",
              "bowler": "MP Stoinis",
              "non_striker": "C de Grandhomme",
              "runs": {
                "batter": 0,
                "extras": 0,
                "total": 0
              }
            },
            {
              "batter": "JM Vince",
              "bowler": "MP Stoinis",
              "non_striker": "C de Grandhomme",
              "runs": {
                "batter": 0,
                "extras": 0,
                "total": 0
              }
            },
            {
              "batter": "JM Vince",
              "bowler": "MP Stoinis",
              "non_striker": "C de Grandhomme",
              "runs": {
                "batter": 0,
                "extras": 0,
                "total": 0
              }
            },
            {
              "batter": "JM Vince",
              "bowler": "MP Stoinis",
              "non_striker": "C de Grandhomme",
              "runs": {
                "batter": 1,
                "extras": 0,
                "total": 1
              }
            },
            {
              "batter": "C de Grandhomme",
              "bowler": "MP Stoinis",
              "non_striker": "JM Vince",
              "runs": {
                "batter": 0,
                "extras": 0,
                "total": 0
              }
            }
          ]
        },
        {
          "over": 7,
          "deliveries": [
            {
              "batter": "JM Vince",
              "bowler": "Muhammad Jawadullah",
              "non_striker": "C de Grandhomme",
              "runs": {
                "batter": 1,
                "extras": 0,
                "total": 1
              }
            },
            {
              "batter": "C de Grandhomme",
              "bowler": "Muhammad Jawadullah",
              "non_striker": "JM Vince",
              "runs": {
                "batter": 2,
                "extras": 0,
                "total": 2
              }
            },
            {
              "batter": "C de Grandhomme",
              "bowler": "Muhammad Jawadullah",
              "non_striker": "JM Vince",
              "runs": {
                "batter": 0,
                "extras": 0,
                "total": 0
              }
            },
            {
              "batter": "C de Grandhomme",
              "bowler": "Muhammad Jawadullah",
              "non_striker": "JM Vince",
              "runs": {
                "batter": 1,
                "extras": 0,
                "total": 1
              }
            },
            {
              "batter": "JM Vince",
              "bowler": "Muhammad Jawadullah",
              "extras": {
                "wides": 1
              },
              "non_striker": "C de Grandhomme",
              "runs": {
                "batter": 0,
                "extras": 1,
                "total": 1
              }
            },
            {
              "batter": "JM Vince",
              "bowler": "Muhammad Jawadullah",
              "non_striker": "C de Grandhomme",
              "runs": {
                "batter": 4,
                "extras": 0,
                "total": 4
              }
            },
            {
              "batter": "JM Vince",
              "bowler": "Muhammad Jawadullah",
              "non_striker": "C de Grandhomme",
              "runs": {
                "batter": 1,
                "extras": 0,
                "total": 1
              }
            }
          ]
        },
        {
          "over": 8,
          "deliveries": [
            {
              "batter": "JM Vince",
              "bowler": "MP Stoinis",
              "non_striker": "C de Grandhomme",
              "runs": {
                "batter": 1,
                "extras": 0,
                "total": 1
              }
            },
            {
              "batter": "C de Grandhomme",
              "bowler": "MP Stoinis",
              "non_striker": "JM Vince",
              "runs": {
                "batter": 0,
                "extras": 0,
                "total": 0
              }
            },
            {
              "batter": "C de Grandhomme",
              "bowler": "MP Stoinis",
              "non_striker": "JM Vince",
              "runs": {
                "batter": 1,
                "extras": 0,
                "total": 1
              }
            },
            {
              "batter": "JM Vince",
              "bowler": "MP Stoinis",
              "non_striker": "C de Grandhomme",
              "runs": {
                "batter": 1,
                "extras": 0,
                "total": 1
              }
            },
            {
              "batter": "C de Grandhomme",
              "bowler": "MP Stoinis",
              "non_striker": "JM Vince",
              "runs": {
                "batter": 1,
                "extras": 0,
                "total": 1
              }
            },
            {
              "batter": "JM Vince",
              "bowler": "MP Stoinis",
              "non_striker": "C de Grandhomme",
              "runs": {
                "batter": 0,
                "extras": 0,
                "total": 0
              }
            }
          ]
        },
        {
          "over": 9,
          "deliveries": [
            {
              "batter": "C de Grandhomme",
              "bowler": "Noor Ahmad",
              "non_striker": "JM Vince",
              "runs": {
                "batter": 0,
                "extras": 0,
                "total": 0
              }
            },
            {
              "batter": "C de Grandhomme",
              "bowler": "Noor Ahmad",
              "non_striker": "JM Vince",
              "runs": {
                "batter": 1,
                "extras": 0,
                "total": 1
              }
            },
            {
              "batter": "JM Vince",
              "bowler": "Noor Ahmad",
              "extras": {
                "wides": 1
              },
              "non_striker": "C de Grandhomme",
              "runs": {
                "batter": 0,
                "extras": 1,
                "total": 1
              }
            },
            {
              "batter": "JM Vince",
              "bowler": "Noor Ahmad",
              "non_striker": "C de Grandhomme",
              "runs": {
                "batter": 1,
                "extras": 0,
                "total": 1
              }
            },
            {
              "batter": "C de Grandhomme",
              "bowler": "Noor Ahmad",
              "non_striker": "JM Vince",
              "runs": {
                "batter": 0,
                "extras": 0,
                "total": 0
              }
            },
            {
              "batter": "C de Grandhomme",
              "bowler": "Noor Ahmad",
              "non_striker": "JM Vince",
              "runs": {
                "batter": 4,
                "extras": 0,
                "total": 4
              }
            },
            {
              "batter": "C de Grandhomme",
              "bowler": "Noor Ahmad",
              "non_striker": "JM Vince",
              "runs": {
                "batter": 1,
                "extras": 0,
                "total": 1
              }
            }
          ]
        },
        {
          "over": 10,
          "deliveries": [
            {
              "batter": "C de Grandhomme",
              "bowler": "MP Stoinis",
              "non_striker": "JM Vince",
              "runs": {
                "batter": 1,
                "extras": 0,
                "total": 1
              }
            },
            {
              "batter": "JM Vince",
              "bowler": "MP Stoinis",
              "non_striker": "C de Grandhomme",
              "runs": {
                "batter": 0,
                "extras": 0,
                "total": 0
              }
            },
            {
              "batter": "JM Vince",
              "bowler": "MP Stoinis",
              "non_striker": "C de Grandhomme",
              "runs": {
                "batter": 1,
                "extras": 0,
                "total": 1
              }
            },
            {
              "batter": "C de Grandhomme",
              "bowler": "MP Stoinis",
              "non_striker": "JM Vince",
              "runs": {
                "batter": 0,
                "extras": 0,
                "total": 0
              }
            },
            {
              "batter": "C de Grandhomme",
              "bowler": "MP Stoinis",
              "non_striker": "JM Vince",
              "runs": {
                "batter": 6,
                "extras": 0,
                "total": 6
              }
            },
            {
              "batter": "C de Grandhomme",
              "bowler": "MP Stoinis",
              "non_striker": "JM Vince",
              "runs": {
                "batter": 0,
                "extras": 0,
                "total": 0
              }
            }
          ]
        },
        {
          "over": 11,
          "deliveries": [
            {
              "batter": "JM Vince",
              "bowler": "Mohammad Nabi",
              "non_striker": "C de Grandhomme",
              "runs": {
                "batter": 1,
                "extras": 0,
                "total": 1
              }
            },
            {
              "batter": "C de Grandhomme",
              "bowler": "Mohammad Nabi",
              "non_striker": "JM Vince",
              "runs": {
                "batter": 6,
                "extras": 0,
                "total": 6
              }
            },
            {
              "batter": "C de Grandhomme",
              "bowler": "Mohammad Nabi",
              "non_striker": "JM Vince",
              "runs": {
                "batter": 2,
                "extras": 0,
                "total": 2
              }
            },
            {
              "batter": "C de Grandhomme",
              "bowler": "Mohammad Nabi",
              "non_striker": "JM Vince",
              "runs": {
                "batter": 4,
                "extras": 0,
                "total": 4
              }
            },
            {
              "batter": "C de Grandhomme",
              "bowler": "Mohammad Nabi",
              "non_striker": "JM Vince",
              "runs": {
                "batter": 1,
                "extras": 0,
                "total": 1
              }
            },
            {
              "batter": "JM Vince",
              "bowler": "Mohammad Nabi",
              "non_striker": "C de Grandhomme",
              "runs": {
                "batter": 0,
                "extras": 0,
                "total": 0
              }
            }
          ]
        },
        {
          "over": 12,
          "deliveries": [
            {
              "batter": "C de Grandhomme",
              "bowler": "Junaid Siddique",
              "non_striker": "JM Vince",
              "runs": {
                "batter": 0,
                "extras": 0,
                "total": 0
              }
            },
            {
              "batter": "C de Grandhomme",
              "bowler": "Junaid Siddique",
              "non_striker": "JM Vince",
              "runs": {
                "batter": 0,
                "extras": 0,
                "total": 0
              },
              "wickets": [
                {
                  "player_out": "C de Grandhomme",
                  "fielders": [
                    {
                      "name": "E Lewis"
                    }
                  ],
                  "kind": "caught"
                }
              ]
            },
            {
              "batter": "Aayan Afzal Khan",
              "bowler": "Junaid Siddique",
              "non_striker": "JM Vince",
              "runs": {
                "batter": 0,
                "extras": 0,
                "total": 0
              }
            },
            {
              "batter": "Aayan Afzal Khan",
              "bowler": "Junaid Siddique",
              "non_striker": "JM Vince",
              "runs": {
                "batter": 0,
                "extras": 0,
                "total": 0
              }
            },
            {
              "batter": "Aayan Afzal Khan",
              "bowler": "Junaid Siddique",
              "extras": {
                "wides": 1
              },
              "non_striker": "JM Vince",
              "runs": {
                "batter": 0,
                "extras": 1,
                "total": 1
              }
            },
            {
              "batter": "Aayan Afzal Khan",
              "bowler": "Junaid Siddique",
              "non_striker": "JM Vince",
              "runs": {
                "batter": 1,
                "extras": 0,
                "total": 1
              }
            },
            {
              "batter": "JM Vince",
              "bowler": "Junaid Siddique",
              "non_striker": "Aayan Afzal Khan",
              "runs": {
                "batter": 0,
                "extras": 0,
                "total": 0
              },
              "wickets": [
                {
                  "player_out": "JM Vince",
                  "kind": "bowled"
                }
              ]
            }
          ]
        },
        {
          "over": 13,
          "deliveries": [
            {
              "batter": "Aayan Afzal Khan",
              "bowler": "Muhammad Jawadullah",
              "non_striker": "MG Erasmus",
              "runs": {
                "batter": 0,
                "extras": 0,
                "total": 0
              }
            },
            {
              "batter": "Aayan Afzal Khan",
              "bowler": "Muhammad Jawadullah",
              "non_striker": "MG Erasmus",
              "runs": {
                "batter": 0,
                "extras": 0,
                "total": 0
              }
            },
            {
              "batter": "Aayan Afzal Khan",
              "bowler": "Muhammad Jawadullah",
              "non_striker": "MG Erasmus",
              "runs": {
                "batter": 1,
                "extras": 0,
                "total": 1
              }
            },
            {
              "batter": "MG Erasmus",
              "bowler": "Muhammad Jawadullah",
              "non_striker": "Aayan Afzal Khan",
              "runs": {
                "batter": 2,
                "extras": 0,
                "total": 2
              }
            },
            {
              "batter": "MG Erasmus",
              "bowler": "Muhammad Jawadullah",
              "non_striker": "Aayan Afzal Khan",
              "runs": {
                "batter": 0,
                "extras": 0,
                "total": 0
              }
            },
            {
              "batter": "MG Erasmus",
              "bowler": "Muhammad Jawadullah",
              "non_striker": "Aayan Afzal Khan",
              "runs": {
                "batter": 0,
                "extras": 0,
                "total": 0
              }
            }
          ]
        },
        {
          "over": 14,
          "deliveries": [
            {
              "batter": "Aayan Afzal Khan",
              "bowler": "Junaid Siddique",
              "non_striker": "MG Erasmus",
              "runs": {
                "batter": 0,
                "extras": 0,
                "total": 0
              }
            },
            {
              "batter": "Aayan Afzal Khan",
              "bowler": "Junaid Siddique",
              "non_striker": "MG Erasmus",
              "runs": {
                "batter": 1,
                "extras": 0,
                "total": 1
              }
            },
            {
              "batter": "MG Erasmus",
              "bowler": "Junaid Siddique",
              "non_striker": "Aayan Afzal Khan",
              "runs": {
                "batter": 0,
                "extras": 0,
                "total": 0
              }
            },
            {
              "batter": "MG Erasmus",
              "bowler": "Junaid Siddique",
              "non_striker": "Aayan Afzal Khan",
              "runs": {
                "batter": 4,
                "extras": 0,
                "total": 4
              }
            },
            {
              "batter": "MG Erasmus",
              "bowler": "Junaid Siddique",
              "non_striker": "Aayan Afzal Khan",
              "runs": {
                "batter": 0,
                "extras": 0,
                "total": 0
              }
            },
            {
              "batter": "MG Erasmus",
              "bowler": "Junaid Siddique",
              "non_striker": "Aayan Afzal Khan",
              "runs": {
                "batter": 1,
                "extras": 0,
                "total": 1
              }
            }
          ]
        },
        {
          "over": 15,
          "deliveries": [
            {
              "batter": "MG Erasmus",
              "bowler": "Muhammad Jawadullah",
              "non_striker": "Aayan Afzal Khan",
              "runs": {
                "batter": 0,
                "extras": 0,
                "total": 0
              }
            },
            {
              "batter": "MG Erasmus",
              "bowler": "Muhammad Jawadullah",
              "extras": {
                "noballs": 1
              },
              "non_striker": "Aayan Afzal Khan",
              "runs": {
                "batter": 1,
                "extras": 1,
                "total": 2
              }
            },
            {
              "batter": "Aayan Afzal Khan",
              "bowler": "Muhammad Jawadullah",
              "non_striker": "MG Erasmus",
              "runs": {
                "batter": 4,
                "extras": 0,
                "total": 4
              }
            },
            {
              "batter": "Aayan Afzal Khan",
              "bowler": "Muhammad Jawadullah",
              "non_striker": "MG Erasmus",
              "runs": {
                "batter": 1,
                "extras": 0,
                "total": 1
              }
            },
            {
              "batter": "MG Erasmus",
              "bowler": "Muhammad Jawadullah",
              "non_striker": "Aayan Afzal Khan",
              "runs": {
                "batter": 0,
                "extras": 0,
                "total": 0
              }
            },
            {
              "batter": "MG Erasmus",
              "bowler": "Muhammad Jawadullah",
              "non_striker": "Aayan Afzal Khan",
              "runs": {
                "batter": 1,
                "extras": 0,
                "total": 1
              }
            },
            {
              "batter": "Aayan Afzal Khan",
              "bowler": "Muhammad Jawadullah",
              "non_striker": "MG Erasmus",
              "runs": {
                "batter": 0,
                "extras": 0,
                "total": 0
              }
            }
          ]
        },
        {
          "over": 16,
          "deliveries": [
            {
              "batter": "MG Erasmus",
              "bowler": "Mohammad Nabi",
              "non_striker": "Aayan Afzal Khan",
              "runs": {
                "batter": 1,
                "extras": 0,
                "total": 1
              }
            },
            {
              "batter": "Aayan Afzal Khan",
              "bowler": "Mohammad Nabi",
              "non_striker": "MG Erasmus",
              "runs": {
                "batter": 0,
                "extras": 0,
                "total": 0
              }
            },
            {
              "batter": "Aayan Afzal Khan",
              "bowler": "Mohammad Nabi",
              "non_striker": "MG Erasmus",
              "runs": {
                "batter": 6,
                "extras": 0,
                "total": 6
              }
            }
          ]
        }
      ],
      "powerplays": [
        {
          "from": 0.1,
          "to": 5.6,
          "type": "mandatory"
        }
      ],
      "target": {
        "overs": 20,
        "runs": 108
      }
    }
  ]
}