{
  "meta": {
    "data_version": "1.1.0",
    "created": "2023-01-30",
    "revision": 1
  },
  "info": {
    "balls_per_over": 6,
    "city": "Abu Dhabi",
    "dates": [
      "2023-01-30"
    ],
    "event": {
      "name": "International League T20",
      "match_number": 22
    },
    "gender": "male",
    "match_type": "T20",
    "officials": {
      "match_referees": [
        "SJA Taufel"
      ],
      "reserve_umpires": [
        "AG Wharf"
      ],
      "tv_umpires": [
        "Shiju Sam"
      ],
      "umpires": [
        "LS Reifer",
        "RA Kettleborough"
      ]
    },
    "outcome": {
      "winner": "Dubai Capitals",
      "by": {
        "wickets": 7
      }
    },
    "overs": 20,
    "player_of_match": [
      "A Zampa"
    ],
    "players": {
      "Abu Dhabi Knight Riders": [
        "PR Stirling",
        "JM Clarke",
        "DM de Silva",
        "BA King",
        "KIC Asalanka",
        "Zawar Farid",
        "AJ Hosein",
        "AD Russell",
        "SP Narine",
        "Matiullah Khan",
        "CBRLS Kumara"
      ],
      "Dubai Capitals": [
        "HG Munsey",
        "N Dickwella",
        "MD Shanaka",
        "R Powell",
        "Sikandar Raza",
        "YK Pathan",
        "C Karunaratne",
        "FJ Klaassen",
        "A Zampa",
        "Akif Raja",
        "Hazrat Luqman"
      ]
    },
    "registry": {
      "people": {
        "A Zampa": "14f96089",
        "AD Russell": "bbd41817",
        "AG Wharf": "2e0fcc58",
        "AJ Hosein": "4d7f517e",
        "Akif Raja": "9d0344f3",
        "BA King": "7fca84b7",
        "C Karunaratne": "fb3e0d39",
        "CBRLS Kumara": "4751caa3",
        "DM de Silva": "7d608e12",
        "FJ Klaassen": "c042b412",
        "HG Munsey": "ff014c34",
        "Hazrat Luqman": "fdc1ac0f",
        "JM Clarke": "2eca67f5",
        "KIC Asalanka": "732c038e",
        "LS Reifer": "5dee559a",
        "MD Shanaka": "3ff033bb",
        "Matiullah Khan": "083e01d9",
        "N Dickwella": "45963d9e",
        "PR Stirling": "cf494ffe",
        "R Powell": "650d5e49",
        "RA Kettleborough": "4017868f",
        "SJA Taufel": "4b43d5ac",
        "SP Narine": "9d430b40",
        "Shiju Sam": "1e2f3eae",
        "Sikandar Raza": "26d041c4",
        "YK Pathan": "3c6ffae8",
        "Zawar Farid": "d07dbc28"
      }
    },
    "season": "2022/23",
    "team_type": "club",
    "teams": [
      "Abu Dhabi Knight Riders",
      "Dubai Capitals"
    ],
    "toss": {
      "decision": "field",
      "winner": "Dubai Capitals"
    },
    "venue": "Zayed Cricket Stadium, Abu Dhabi"
  },
  "innings": [
    {
      "team": "Abu Dhabi Knight Riders",
      "overs": [
        {
          "over": 0,
          "deliveries": [
            {
              "batter": "PR Stirling",
              "bowler": "FJ Klaassen",
              "non_striker": "JM Clarke",
              "runs": {
                "batter": 0,
                "extras": 0,
                "total": 0
              }
            },
            {
              "batter": "PR Stirling",
              "bowler": "FJ Klaassen",
              "non_striker": "JM Clarke",
              "runs": {
                "batter": 0,
                "extras": 0,
                "total": 0
              }
            },
            {
              "batter": "PR Stirling",
              "bowler": "FJ Klaassen",
              "non_striker": "JM Clarke",
              "runs": {
                "batter": 0,
                "extras": 0,
                "total": 0
              }
            },
            {
              "batter": "PR Stirling",
              "bowler": "FJ Klaassen",
              "non_striker": "JM Clarke",
              "runs": {
                "batter": 0,
                "extras": 0,
                "total": 0
              }
            },
            {
              "batter": "PR Stirling",
              "bowler": "FJ Klaassen",
              "non_striker": "JM Clarke",
              "runs": {
                "batter": 0,
                "extras": 0,
                "total": 0
              }
            },
            {
              "batter": "PR Stirling",
              "bowler": "FJ Klaassen",
              "non_striker": "JM Clarke",
              "runs": {
                "batter": 0,
                "extras": 0,
                "total": 0
              }
            }
          ]
        },
        {
          "over": 1,
          "deliveries": [
            {
              "batter": "JM Clarke",
              "bowler": "Hazrat Luqman",
              "non_striker": "PR Stirling",
              "runs": {
                "batter": 4,
                "extras": 0,
                "total": 4
              }
            },
            {
              "batter": "JM Clarke",
              "bowler": "Hazrat Luqman",
              "non_striker": "PR Stirling",
              "runs": {
                "batter": 1,
                "extras": 0,
                "total": 1
              }
            },
            {
              "batter": "PR Stirling",
              "bowler": "Hazrat Luqman",
              "non_striker": "JM Clarke",
              "runs": {
                "batter": 0,
                "extras": 0,
                "total": 0
              },
              "wickets": [
                {
                  "player_out": "PR Stirling",
                  "fielders": [
                    {
                      "name": "R Powell"
                    }
                  ],
                  "kind": "caught"
                }
              ]
            },
            {
              "batter": "DM de Silva",
              "bowler": "Hazrat Luqman",
              "non_striker": "JM Clarke",
              "runs": {
                "batter": 0,
                "extras": 0,
                "total": 0
              }
            },
            {
              "batter": "DM de Silva",
              "bowler": "Hazrat Luqman",
              "non_striker": "JM Clarke",
              "runs": {
                "batter": 1,
                "extras": 0,
                "total": 1
              }
            },
            {
              "batter": "JM Clarke",
              "bowler": "Hazrat Luqman",
              "non_striker": "DM de Silva",
              "runs": {
                "batter": 4,
                "extras": 0,
                "total": 4
              }
            }
          ]
        },
        {
          "over": 2,
          "deliveries": [
            {
              "batter": "DM de Silva",
              "bowler": "FJ Klaassen",
              "non_striker": "JM Clarke",
              "runs": {
                "batter": 1,
                "extras": 0,
                "total": 1
              }
            },
            {
              "batter": "JM Clarke",
              "bowler": "FJ Klaassen",
              "non_striker": "DM de Silva",
              "runs": {
                "batter": 0,
                "extras": 0,
                "total": 0
              }
            },
            {
              "batter": "JM Clarke",
              "bowler": "FJ Klaassen",
              "non_striker": "DM de Silva",
              "runs": {
                "batter": 2,
                "extras": 0,
                "total": 2
              }
            },
            {
              "batter": "JM Clarke",
              "bowler": "FJ Klaassen",
              "non_striker": "DM de Silva",
              "runs": {
                "batter": 0,
                "extras": 0,
                "total": 0
              }
            },
            {
              "batter": "JM Clarke",
              "bowler": "FJ Klaassen",
              "non_striker": "DM de Silva",
              "runs": {
                "batter": 0,
                "extras": 0,
                "total": 0
              }
            },
            {
              "batter": "JM Clarke",
              "bowler": "FJ Klaassen",
              "non_striker": "DM de Silva",
              "runs": {
                "batter": 0,
                "extras": 0,
                "total": 0
              }
            }
          ]
        },
        {
          "over": 3,
          "deliveries": [
            {
              "batter": "DM de Silva",
              "bowler": "C Karunaratne",
              "extras": {
                "wides": 1
              },
              "non_striker": "JM Clarke",
              "runs": {
                "batter": 0,
                "extras": 1,
                "total": 1
              }
            },
            {
              "batter": "DM de Silva",
              "bowler": "C Karunaratne",
              "extras": {
                "wides": 1
              },
              "non_striker": "JM Clarke",
              "runs": {
                "batter": 0,
                "extras": 1,
                "total": 1
              }
            },
            {
              "batter": "DM de Silva",
              "bowler": "C Karunaratne",
              "non_striker": "JM Clarke",
              "runs": {
                "batter": 1,
                "extras": 0,
                "total": 1
              }
            },
            {
              "batter": "JM Clarke",
              "bowler": "C Karunaratne",
              "extras": {
                "legbyes": 1
              },
              "non_striker": "DM de Silva",
              "runs": {
                "batter": 0,
                "extras": 1,
                "total": 1
              }
            },
            {
              "batter": "DM de Silva",
              "bowler": "C Karunaratne",
              "non_striker": "JM Clarke",
              "runs": {
                "batter": 2,
                "extras": 0,
                "total": 2
              }
            },
            {
              "batter": "DM de Silva",
              "bowler": "C Karunaratne",
              "non_striker": "JM Clarke",
              "runs": {
                "batter": 0,
                "extras": 0,
                "total": 0
              }
            },
            {
              "batter": "DM de Silva",
              "bowler": "C Karunaratne",
              "non_striker": "JM Clarke",
              "runs": {
                "batter": 1,
                "extras": 0,
                "total": 1
              }
            },
            {
              "batter": "JM Clarke",
              "bowler": "C Karunaratne",
              "non_striker": "DM de Silva",
              "runs": {
                "batter": 0,
                "extras": 0,
                "total": 0
              }
            }
          ]
        },
        {
          "over": 4,
          "deliveries": [
            {
              "batter": "DM de Silva",
              "bowler": "Hazrat Luqman",
              "non_striker": "JM Clarke",
              "runs": {
                "batter": 1,
                "extras": 0,
                "total": 1
              }
            },
            {
              "batter": "JM Clarke",
              "bowler": "Hazrat Luqman",
              "non_striker": "DM de Silva",
              "runs": {
                "batter": 4,
                "extras": 0,
                "total": 4
              }
            },
            {
              "batter": "JM Clarke",
              "bowler": "Hazrat Luqman",
              "non_striker": "DM de Silva",
              "runs": {
                "batter": 4,
                "extras": 0,
                "total": 4
              }
            },
            {
              "batter": "JM Clarke",
              "bowler": "Hazrat Luqman",
              "non_striker": "DM de Silva",
              "runs": {
                "batter": 4,
                "extras": 0,
                "total": 4
              }
            },
            {
              "batter": "JM Clarke",
              "bowler": "Hazrat Luqman",
              "non_striker": "DM de Silva",
              "runs": {
                "batter": 4,
                "extras": 0,
                "total": 4
              }
            },
            {
              "batter": "JM Clarke",
              "bowler": "Hazrat Luqman",
              "extras": {
                "wides": 1
              },
              "non_striker": "DM de Silva",
              "runs": {
                "batter": 0,
                "extras": 1,
                "total": 1
              }
            },
            {
              "batter": "JM Clarke",
              "bowler": "Hazrat Luqman",
              "extras": {
                "wides": 2
              },
              "non_striker": "DM de Silva",
              "runs": {
                "batter": 0,
                "extras": 2,
                "total": 2
              }
            },
            {
              "batter": "DM de Silva",
              "bowler": "Hazrat Luqman",
              "non_striker": "JM Clarke",
              "runs": {
                "batter": 0,
                "extras": 0,
                "total": 0
              },
              "wickets": [
                {
                  "player_out": "DM de Silva",
                  "fielders": [
                    {
                      "name": "N Dickwella"
                    }
                  ],
                  "kind": "caught"
                }
              ]
            }
          ]
        },
        {
          "over": 5,
          "deliveries": [
            {
              "batter": "JM Clarke",
              "bowler": "C Karunaratne",
              "non_striker": "BA King",
              "runs": {
                "batter": 0,
                "extras": 0,
                "total": 0
              }
            },
            {
              "batter": "JM Clarke",
              "bowler": "C Karunaratne",
              "non_striker": "BA King",
              "runs": {
                "batter": 4,
                "extras": 0,
                "total": 4
              }
            },
            {
              "batter": "JM Clarke",
              "bowler": "C Karunaratne",
              "extras": {
                "wides": 1
              },
              "non_striker": "BA King",
              "runs": {
                "batter": 0,
                "extras": 1,
                "total": 1
              }
            },
            {
              "batter": "JM Clarke",
              "bowler": "C Karunaratne",
              "non_striker": "BA King",
              "runs": {
                "batter": 0,
                "extras": 0,
                "total": 0
              }
            },
            {
              "batter": "JM Clarke",
              "bowler": "C Karunaratne",
              "non_striker": "BA King",
              "runs": {
                "batter": 6,
                "extras": 0,
                "total": 6
              }
            },
            {
              "batter": "JM Clarke",
              "bowler": "C Karunaratne",
              "non_striker": "BA King",
              "runs": {
                "batter": 0,
                "extras": 0,
                "total": 0
              }
            },
            {
              "batter": "JM Clarke",
              "bowler": "C Karunaratne",
              "non_striker": "BA King",
              "runs": {
                "batter": 2,
                "extras": 0,
                "total": 2
              }
            }
          ]
        },
        {
          "over": 6,
          "deliveries": [
            {
              "batter": "BA King",
              "bowler": "Hazrat Luqman",
              "non_striker": "JM Clarke",
              "runs": {
                "batter": 0,
                "extras": 0,
                "total": 0
              }
            },
            {
              "batter": "BA King",
              "bowler": "Hazrat Luqman",
              "extras": {
                "legbyes": 1
              },
              "non_striker": "JM Clarke",
              "runs": {
                "batter": 0,
                "extras": 1,
                "total": 1
              }
            },
            {
              "batter": "JM Clarke",
              "bowler": "Hazrat Luqman",
              "non_striker": "BA King",
              "runs": {
                "batter": 4,
                "extras": 0,
                "total": 4
              }
            },
            {
              "batter": "JM Clarke",
              "bowler": "Hazrat Luqman",
              "non_striker": "BA King",
              "runs": {
                "batter": 0,
                "extras": 0,
                "total": 0
              }
            },
            {
              "batter": "JM Clarke",
              "bowler": "Hazrat Luqman",
              "non_striker": "BA King",
              "runs": {
                "batter": 6,
                "extras": 0,
                "total": 6
              }
            },
            {
              "batter": "JM Clarke",
              "bowler": "Hazrat Luqman",
              "non_striker": "BA King",
              "runs": {
                "batter": 1,
                "extras": 0,
                "total": 1
              }
            }
          ]
        },
        {
          "over": 7,
          "deliveries": [
            {
              "batter": "JM Clarke",
              "bowler": "A Zampa",
              "non_striker": "BA King",
              "runs": {
                "batter": 1,
                "extras": 0,
                "total": 1
              }
            },
            {
              "batter": "BA King",
              "bowler": "A Zampa",
              "non_striker": "JM Clarke",
              "runs": {
                "batter": 0,
                "extras": 0,
                "total": 0
              }
            },
            {
              "batter": "BA King",
              "bowler": "A Zampa",
              "non_striker": "JM Clarke",
              "runs": {
                "batter": 1,
                "extras": 0,
                "total": 1
              }
            },
            {
              "batter": "JM Clarke",
              "bowler": "A Zampa",
              "non_striker": "BA King",
              "runs": {
                "batter": 1,
                "extras": 0,
                "total": 1
              }
            },
            {
              "batter": "BA King",
              "bowler": "A Zampa",
              "non_striker": "JM Clarke",
              "runs": {
                "batter": 1,
                "extras": 0,
                "total": 1
              }
            },
            {
              "batter": "JM Clarke",
              "bowler": "A Zampa",
              "non_striker": "BA King",
              "review": {
                "by": "Abu Dhabi Knight Riders",
                "umpire": "RA Kettleborough",
                "batter": "JM Clarke",
                "decision": "struck down"
              },
              "runs": {
                "batter": 0,
                "extras": 0,
                "total": 0
              },
              "wickets": [
                {
                  "player_out": "JM Clarke",
                  "kind": "lbw"
                }
              ]
            }
          ]
        },
        {
          "over": 8,
          "deliveries": [
            {
              "batter": "BA King",
              "bowler": "Sikandar Raza",
              "extras": {
                "wides": 1
              },
              "non_striker": "KIC Asalanka",
              "runs": {
                "batter": 0,
                "extras": 1,
                "total": 1
              }
            },
            {
              "batter": "BA King",
              "bowler": "Sikandar Raza",
              "non_striker": "KIC Asalanka",
              "runs": {
                "batter": 1,
                "extras": 0,
                "total": 1
              }
            },
            {
              "batter": "KIC Asalanka",
              "bowler": "Sikandar Raza",
              "non_striker": "BA King",
              "runs": {
                "batter": 2,
                "extras": 0,
                "total": 2
              }
            },
            {
              "batter": "KIC Asalanka",
              "bowler": "Sikandar Raza",
              "non_striker": "BA King",
              "runs": {
                "batter": 1,
                "extras": 0,
                "total": 1
              }
            },
            {
              "batter": "BA King",
              "bowler": "Sikandar Raza",
              "non_striker": "KIC Asalanka",
              "runs": {
                "batter": 0,
                "extras": 0,
                "total": 0
              }
            },
            {
              "batter": "BA King",
              "bowler": "Sikandar Raza",
              "non_striker": "KIC Asalanka",
              "runs": {
                "batter": 4,
                "extras": 0,
                "total": 4
              }
            },
            {
              "batter": "BA King",
              "bowler": "Sikandar Raza",
              "non_striker": "KIC Asalanka",
              "runs": {
                "batter": 0,
                "extras": 0,
                "total": 0
              }
            }
          ]
        },
        {
          "over": 9,
          "deliveries": [
            {
              "batter": "KIC Asalanka",
              "bowler": "A Zampa",
              "non_striker": "BA King",
              "runs": {
                "batter": 1,
                "extras": 0,
                "total": 1
              }
            },
            {
              "batter": "BA King",
              "bowler": "A Zampa",
              "non_striker": "KIC Asalanka",
              "runs": {
                "batter": 0,
                "extras": 0,
                "total": 0
              },
              "wickets": [
                {
                  "player_out": "BA King",
                  "kind": "lbw"
                }
              ]
            },
            {
              "batter": "Zawar Farid",
              "bowler": "A Zampa",
              "non_striker": "KIC Asalanka",
              "runs": {
                "batter": 2,
                "extras": 0,
                "total": 2
              }
            },
            {
              "batter": "Zawar Farid",
              "bowler": "A Zampa",
              "extras": {
                "wides": 3
              },
              "non_striker": "KIC Asalanka",
              "runs": {
                "batter": 0,
                "extras": 3,
                "total": 3
              }
            },
            {
              "batter": "Zawar Farid",
              "bowler": "A Zampa",
              "non_striker": "KIC Asalanka",
              "runs": {
                "batter": 0,
                "extras": 0,
                "total": 0
              }
            },
            {
              "batter": "Zawar Farid",
              "bowler": "A Zampa",
              "non_striker": "KIC Asalanka",
              "runs": {
                "batter": 0,
                "extras": 0,
                "total": 0
              }
            },
            {
              "batter": "Zawar Farid",
              "bowler": "A Zampa",
              "non_striker": "KIC Asalanka",
              "runs": {
                "batter": 1,
                "extras": 0,
                "total": 1
              }
            }
          ]
        },
        {
          "over": 10,
          "deliveries": [
            {
              "batter": "Zawar Farid",
              "bowler": "Sikandar Raza",
              "non_striker": "KIC Asalanka",
              "runs": {
                "batter": 0,
                "extras": 0,
                "total": 0
              }
            },
            {
              "batter": "Zawar Farid",
              "bowler": "Sikandar Raza",
              "non_striker": "KIC Asalanka",
              "runs": {
                "batter": 2,
                "extras": 0,
                "total": 2
              }
            },
            {
              "batter": "Zawar Farid",
              "bowler": "Sikandar Raza",
              "non_striker": "KIC Asalanka",
              "runs": {
                "batter": 0,
                "extras": 0,
                "total": 0
              }
            },
            {
              "batter": "Zawar Farid",
              "bowler": "Sikandar Raza",
              "non_striker": "KIC Asalanka",
              "runs": {
                "batter": 1,
                "extras": 0,
                "total": 1
              }
            },
            {
              "batter": "KIC Asalanka",
              "bowler": "Sikandar Raza",
              "non_striker": "Zawar Farid",
              "runs": {
                "batter": 0,
                "extras": 0,
                "total": 0
              }
            },
            {
              "batter": "KIC Asalanka",
              "bowler": "Sikandar Raza",
              "non_striker": "Zawar Farid",
              "runs": {
                "batter": 1,
                "extras": 0,
                "total": 1
              }
            }
          ]
        },
        {
          "over": 11,
          "deliveries": [
            {
              "batter": "KIC Asalanka",
              "bowler": "A Zampa",
              "non_striker": "Zawar Farid",
              "runs": {
                "batter": 1,
                "extras": 0,
                "total": 1
              }
            },
            {
              "batter": "Zawar Farid",
              "bowler": "A Zampa",
              "non_striker": "KIC Asalanka",
              "runs": {
                "batter": 0,
                "extras": 0,
                "total": 0
              }
            },
            {
              "batter": "Zawar Farid",
              "bowler": "A Zampa",
              "non_striker": "KIC Asalanka",
              "runs": {
                "batter": 0,
                "extras": 0,
                "total": 0
              }
            },
            {
              "batter": "Zawar Farid",
              "bowler": "A Zampa",
              "non_striker": "KIC Asalanka",
              "runs": {
                "batter": 0,
                "extras": 0,
                "total": 0
              },
              "wickets": [
                {
                  "player_out": "Zawar Farid",
                  "kind": "bowled"
                }
              ]
            },
            {
              "batter": "AJ Hosein",
              "bowler": "A Zampa",
              "non_striker": "KIC Asalanka",
              "runs": {
                "batter": 0,
                "extras": 0,
                "total": 0
              }
            },
            {
              "batter": "AJ Hosein",
              "bowler": "A Zampa",
              "non_striker": "KIC Asalanka",
              "runs": {
                "batter": 0,
                "extras": 0,
                "total": 0
              }
            }
          ]
        },
        {
          "over": 12,
          "deliveries": [
            {
              "batter": "KIC Asalanka",
              "bowler": "Sikandar Raza",
              "non_striker": "AJ Hosein",
              "runs": {
                "batter": 1,
                "extras": 0,
                "total": 1
              }
            },
            {
              "batter": "AJ Hosein",
              "bowler": "Sikandar Raza",
              "non_striker": "KIC Asalanka",
              "runs": {
                "batter": 0,
                "extras": 0,
                "total": 0
              }
            },
            {
              "batter": "AJ Hosein",
              "bowler": "Sikandar Raza",
              "non_striker": "KIC Asalanka",
              "runs": {
                "batter": 1,
                "extras": 0,
                "total": 1
              }
            },
            {
              "batter": "KIC Asalanka",
              "bowler": "Sikandar Raza",
              "non_striker": "AJ Hosein",
              "runs": {
                "batter": 2,
                "extras": 0,
                "total": 2
              }
            },
            {
              "batter": "KIC Asalanka",
              "bowler": "Sikandar Raza",
              "non_striker": "AJ Hosein",
              "runs": {
                "batter": 0,
                "extras": 0,
                "total": 0
              },
              "wickets": [
                {
                  "player_out": "KIC Asalanka",
                  "fielders": [
                    {
                      "name": "N Dickwella"
                    }
                  ],
                  "kind": "stumped"
                }
              ]
            },
            {
              "batter": "AD Russell",
              "bowler": "Sikandar Raza",
              "non_striker": "AJ Hosein",
              "runs": {
                "batter": 0,
                "extras": 0,
                "total": 0
              }
            }
          ]
        },
        {
          "over": 13,
          "deliveries": [
            {
              "batter": "AJ Hosein",
              "bowler": "A Zampa",
              "non_striker": "AD Russell",
              "runs": {
                "batter": 2,
                "extras": 0,
                "total": 2
              }
            },
            {
              "batter": "AJ Hosein",
              "bowler": "A Zampa",
              "non_striker": "AD Russell",
              "runs": {
                "batter": 1,
                "extras": 0,
                "total": 1
              }
            },
            {
              "batter": "AD Russell",
              "bowler": "A Zampa",
              "non_striker": "AJ Hosein",
              "runs": {
                "batter": 0,
                "extras": 0,
                "total": 0
              }
            },
            {
              "batter": "AD Russell",
              "bowler": "A Zampa",
              "non_striker": "AJ Hosein",
              "runs": {
                "batter": 0,
                "extras": 0,
                "total": 0
              }
            },
            {
              "batter": "AD Russell",
              "bowler": "A Zampa",
              "non_striker": "AJ Hosein",
              "runs": {
                "batter": 0,
                "extras": 0,
                "total": 0
              }
            },
            {
              "batter": "AD Russell",
              "bowler": "A Zampa",
              "non_striker": "AJ Hosein",
              "runs": {
                "batter": 1,
                "extras": 0,
                "total": 1
              }
            }
          ]
        },
        {
          "over": 14,
          "deliveries": [
            {
              "batter": "AD Russell",
              "bowler": "Sikandar Raza",
              "non_striker": "AJ Hosein",
              "runs": {
                "batter": 1,
                "extras": 0,
                "total": 1
              }
            },
            {
              "batter": "AJ Hosein",
              "bowler": "Sikandar Raza",
              "non_striker": "AD Russell",
              "runs": {
                "batter": 6,
                "extras": 0,
                "total": 6
              }
            },
            {
              "batter": "AJ Hosein",
              "bowler": "Sikandar Raza",
              "non_striker": "AD Russell",
              "runs": {
                "batter": 1,
                "extras": 0,
                "total": 1
              }
            },
            {
              "batter": "AD Russell",
              "bowler": "Sikandar Raza",
              "non_striker": "AJ Hosein",
              "runs": {
                "batter": 1,
                "extras": 0,
                "total": 1
              }
            },
            {
              "batter": "AJ Hosein",
              "bowler": "Sikandar Raza",
              "non_striker": "AD Russell",
              "runs": {
                "batter": 1,
                "extras": 0,
                "total": 1
              }
            },
            {
              "batter": "AD Russell",
              "bowler": "Sikandar Raza",
              "non_striker": "AJ Hosein",
              "runs": {
                "batter": 6,
                "extras": 0,
                "total": 6
              }
            }
          ]
        },
        {
          "over": 15,
          "deliveries": [
            {
              "batter": "AJ Hosein",
              "bowler": "Akif Raja",
              "non_striker": "AD Russell",
              "runs": {
                "batter": 0,
                "extras": 0,
                "total": 0
              },
              "wickets": [
                {
                  "player_out": "AJ Hosein",
                  "kind": "bowled"
                }
              ]
            },
            {
              "batter": "SP Narine",
              "bowler": "Akif Raja",
              "non_striker": "AD Russell",
              "runs": {
                "batter": 1,
                "extras": 0,
                "total": 1
              }
            },
            {
              "batter": "AD Russell",
              "bowler": "Akif Raja",
              "non_striker": "SP Narine",
              "runs": {
                "batter": 0,
                "extras": 0,
                "total": 0
              }
            },
            {
              "batter": "AD Russell",
              "bowler": "Akif Raja",
              "non_striker": "SP Narine",
              "runs": {
                "batter": 1,
                "extras": 0,
                "total": 1
              }
            },
            {
              "batter": "SP Narine",
              "bowler": "Akif Raja",
              "non_striker": "AD Russell",
              "runs": {
                "batter": 0,
                "extras": 0,
                "total": 0
              }
            },
            {
              "batter": "SP Narine",
              "bowler": "Akif Raja",
              "extras": {
                "wides": 1
              },
              "non_striker": "AD Russell",
              "runs": {
                "batter": 0,
                "extras": 1,
                "total": 1
              }
            },
            {
              "batter": "SP Narine",
              "bowler": "Akif Raja",
              "non_striker": "AD Russell",
              "runs": {
                "batter": 1,
                "extras": 0,
                "total": 1
              }
            }
          ]
        },
        {
          "over": 16,
          "deliveries": [
            {
              "batter": "SP Narine",
              "bowler": "FJ Klaassen",
              "non_striker": "AD Russell",
              "runs": {
                "batter": 0,
                "extras": 0,
                "total": 0
              }
            },
            {
              "batter": "SP Narine",
              "bowler": "FJ Klaassen",
              "non_striker": "AD Russell",
              "runs": {
                "batter": 4,
                "extras": 0,
                "total": 4
              }
            },
            {
              "batter": "SP Narine",
              "bowler": "FJ Klaassen",
              "non_striker": "AD Russell",
              "runs": {
                "batter": 0,
                "extras": 0,
                "total": 0
              }
            },
            {
              "batter": "SP Narine",
              "bowler": "FJ Klaassen",
              "extras": {
                "wides": 1
              },
              "non_striker": "AD Russell",
              "runs": {
                "batter": 0,
                "extras": 1,
                "total": 1
              }
            },
            {
              "batter": "SP Narine",
              "bowler": "FJ Klaassen",
              "non_striker": "AD Russell",
              "runs": {
                "batter": 1,
                "extras": 0,
                "total": 1
              }
            },
            {
              "batter": "AD Russell",
              "bowler": "FJ Klaassen",
              "non_striker": "SP Narine",
              "runs": {
                "batter": 2,
                "extras": 0,
                "total": 2
              }
            },
            {
              "batter": "AD Russell",
              "bowler": "FJ Klaassen",
              "extras": {
                "wides": 1
              },
              "non_striker": "SP Narine",
              "runs": {
                "batter": 0,
                "extras": 1,
                "total": 1
              }
            },
            {
              "batter": "AD Russell",
              "bowler": "FJ Klaassen",
              "non_striker": "SP Narine",
              "runs": {
                "batter": 0,
                "extras": 0,
                "total": 0
              }
            }
          ]
        },
        {
          "over": 17,
          "deliveries": [
            {
              "batter": "SP Narine",
              "bowler": "Akif Raja",
              "non_striker": "AD Russell",
              "runs": {
                "batter": 6,
                "extras": 0,
                "total": 6
              }
            },
            {
              "batter": "SP Narine",
              "bowler": "Akif Raja",
              "non_striker": "AD Russell",
              "runs": {
                "batter": 4,
                "extras": 0,
                "total": 4
              }
            },
            {
              "batter": "SP Narine",
              "bowler": "Akif Raja",
              "non_striker": "AD Russell",
              "runs": {
                "batter": 4,
                "extras": 0,
                "total": 4
              }
            },
            {
              "batter": "SP Narine",
              "bowler": "Akif Raja",
              "non_striker": "AD Russell",
              "runs": {
                "batter": 1,
                "extras": 0,
                "total": 1
              }
            },
            {
              "batter": "AD Russell",
              "bowler": "Akif Raja",
              "non_striker": "SP Narine",
              "runs": {
                "batter": 0,
                "extras": 0,
                "total": 0
              },
              "wickets": [
                {
                  "player_out": "AD Russell",
                  "fielders": [
                    {
                      "name": "N Dickwella"
                    }
                  ],
                  "kind": "caught"
                }
              ]
            },
            {
              "batter": "Matiullah Khan",
              "bowler": "Akif Raja",
              "non_striker": "SP Narine",
              "runs": {
                "batter": 0,
                "extras": 0,
                "total": 0
              }
            }
          ]
        },
        {
          "over": 18,
          "deliveries": [
            {
              "batter": "SP Narine",
              "bowler": "FJ Klaassen",
              "non_striker": "Matiullah Khan",
              "runs": {
                "batter": 0,
                "extras": 0,
                "total": 0
              }
            },
            {
              "batter": "SP Narine",
              "bowler": "FJ Klaassen",
              "non_striker": "Matiullah Khan",
              "runs": {
                "batter": 1,
                "extras": 0,
                "total": 1
              },
              "wickets": [
                {
                  "player_out": "SP Narine",
                  "fielders": [
                    {
                      "name": "N Dickwella"
                    },
                    {
                      "name": "Akif Raja"
                    }
                  ],
                  "kind": "run out"
                }
              ]
            },
            {
              "batter": "CBRLS Kumara",
              "bowler": "FJ Klaassen",
              "non_striker": "Matiullah Khan",
              "runs": {
                "batter": 1,
                "extras": 0,
                "total": 1
              }
            },
            {
              "batter": "Matiullah Khan",
              "bowler": "FJ Klaassen",
              "non_striker": "CBRLS Kumara",
              "runs": {
                "batter": 0,
                "extras": 0,
                "total": 0
              }
            },
            {
              "batter": "Matiullah Khan",
              "bowler": "FJ Klaassen",
              "non_striker": "CBRLS Kumara",
              "runs": {
                "batter": 1,
                "extras": 0,
                "total": 1
              }
            },
            {
              "batter": "CBRLS Kumara",
              "bowler": "FJ Klaassen",
              "non_striker": "Matiullah Khan",
              "runs": {
                "batter": 0,
                "extras": 0,
                "total": 0
              }
            }
          ]
        },
        {
          "over": 19,
          "deliveries": [
            {
              "batter": "Matiullah Khan",
              "bowler": "Akif Raja",
              "non_striker": "CBRLS Kumara",
              "runs": {
                "batter": 0,
                "extras": 0,
                "total": 0
              }
            },
            {
              "batter": "Matiullah Khan",
              "bowler": "Akif Raja",
              "non_striker": "CBRLS Kumara",
              "runs": {
                "batter": 2,
                "extras": 0,
                "total": 2
              }
            },
            {
              "batter": "Matiullah Khan",
              "bowler": "Akif Raja",
              "non_striker": "CBRLS Kumara",
              "runs": {
                "batter": 0,
                "extras": 0,
                "total": 0
              }
            },
            {
              "batter": "Matiullah Khan",
              "bowler": "Akif Raja",
              "non_striker": "CBRLS Kumara",
              "runs": {
                "batter": 1,
                "extras": 0,
                "total": 1
              }
            },
            {
              "batter": "CBRLS Kumara",
              "bowler": "Akif Raja",
              "non_striker": "Matiullah Khan",
              "runs": {
                "batter": 1,
                "extras": 0,
                "total": 1
              }
            },
            {
              "batter": "Matiullah Khan",
              "bowler": "Akif Raja",
              "non_striker": "CBRLS Kumara",
              "runs": {
                "batter": 0,
                "extras": 0,
                "total": 0
              }
            }
          ]
        }
      ],
      "powerplays": [
        {
          "from": 0.1,
          "to": 5.7,
          "type": "mandatory"
        }
      ]
    },
    {
      "team": "Dubai Capitals",
      "overs": [
        {
          "over": 0,
          "deliveries": [
            {
              "batter": "HG Munsey",
              "bowler": "Matiullah Khan",
              "non_striker": "N Dickwella",
              "runs": {
                "batter": 2,
                "extras": 0,
                "total": 2
              }
            },
            {
              "batter": "HG Munsey",
              "bowler": "Matiullah Khan",
              "non_striker": "N Dickwella",
              "runs": {
                "batter": 1,
                "extras": 0,
                "total": 1
              }
            },
            {
              "batter": "N Dickwella",
              "bowler": "Matiullah Khan",
              "non_striker": "HG Munsey",
              "runs": {
                "batter": 0,
                "extras": 0,
                "total": 0
              }
            },
            {
              "batter": "N Dickwella",
              "bowler": "Matiullah Khan",
              "non_striker": "HG Munsey",
              "runs": {
                "batter": 2,
                "extras": 0,
                "total": 2
              }
            },
            {
              "batter": "N Dickwella",
              "bowler": "Matiullah Khan",
              "non_striker": "HG Munsey",
              "runs": {
                "batter": 0,
                "extras": 0,
                "total": 0
              }
            },
            {
              "batter": "N Dickwella",
              "bowler": "Matiullah Khan",
              "non_striker": "HG Munsey",
              "runs": {
                "batter": 0,
                "extras": 0,
                "total": 0
              }
            }
          ]
        },
        {
          "over": 1,
          "deliveries": [
            {
              "batter": "HG Munsey",
              "bowler": "CBRLS Kumara",
              "non_striker": "N Dickwella",
              "runs": {
                "batter": 0,
                "extras": 0,
                "total": 0
              }
            },
            {
              "batter": "HG Munsey",
              "bowler": "CBRLS Kumara",
              "non_striker": "N Dickwella",
              "runs": {
                "batter": 1,
                "extras": 0,
                "total": 1
              }
            },
            {
              "batter": "N Dickwella",
              "bowler": "CBRLS Kumara",
              "non_striker": "HG Munsey",
              "runs": {
                "batter": 2,
                "extras": 0,
                "total": 2
              }
            },
            {
              "batter": "N Dickwella",
              "bowler": "CBRLS Kumara",
              "non_striker": "HG Munsey",
              "runs": {
                "batter": 0,
                "extras": 0,
                "total": 0
              }
            },
            {
              "batter": "N Dickwella",
              "bowler": "CBRLS Kumara",
              "non_striker": "HG Munsey",
              "runs": {
                "batter": 1,
                "extras": 0,
                "total": 1
              }
            },
            {
              "batter": "HG Munsey",
              "bowler": "CBRLS Kumara",
              "extras": {
                "wides": 1
              },
              "non_striker": "N Dickwella",
              "runs": {
                "batter": 0,
                "extras": 1,
                "total": 1
              }
            },
            {
              "batter": "HG Munsey",
              "bowler": "CBRLS Kumara",
              "non_striker": "N Dickwella",
              "runs": {
                "batter": 0,
                "extras": 0,
                "total": 0
              }
            }
          ]
        },
        {
          "over": 2,
          "deliveries": [
            {
              "batter": "N Dickwella",
              "bowler": "PR Stirling",
              "non_striker": "HG Munsey",
              "runs": {
                "batter": 6,
                "extras": 0,
                "total": 6
              }
            },
            {
              "batter": "N Dickwella",
              "bowler": "PR Stirling",
              "non_striker": "HG Munsey",
              "runs": {
                "batter": 0,
                "extras": 0,
                "total": 0
              }
            },
            {
              "batter": "N Dickwella",
              "bowler": "PR Stirling",
              "non_striker": "HG Munsey",
              "runs": {
                "batter": 4,
                "extras": 0,
                "total": 4
              }
            },
            {
              "batter": "N Dickwella",
              "bowler": "PR Stirling",
              "non_striker": "HG Munsey",
              "runs": {
                "batter": 1,
                "extras": 0,
                "total": 1
              }
            },
            {
              "batter": "HG Munsey",
              "bowler": "PR Stirling",
              "non_striker": "N Dickwella",
              "runs": {
                "batter": 4,
                "extras": 0,
                "total": 4
              }
            },
            {
              "batter": "HG Munsey",
              "bowler": "PR Stirling",
              "non_striker": "N Dickwella",
              "runs": {
                "batter": 2,
                "extras": 0,
                "total": 2
              }
            }
          ]
        },
        {
          "over": 3,
          "deliveries": [
            {
              "batter": "N Dickwella",
              "bowler": "CBRLS Kumara",
              "non_striker": "HG Munsey",
              "runs": {
                "batter": 1,
                "extras": 0,
                "total": 1
              }
            },
            {
              "batter": "HG Munsey",
              "bowler": "CBRLS Kumara",
              "non_striker": "N Dickwella",
              "runs": {
                "batter": 0,
                "extras": 0,
                "total": 0
              }
            },
            {
              "batter": "HG Munsey",
              "bowler": "CBRLS Kumara",
              "non_striker": "N Dickwella",
              "runs": {
                "batter": 1,
                "extras": 0,
                "total": 1
              }
            },
            {
              "batter": "N Dickwella",
              "bowler": "CBRLS Kumara",
              "non_striker": "HG Munsey",
              "runs": {
                "batter": 4,
                "extras": 0,
                "total": 4
              }
            },
            {
              "batter": "N Dickwella",
              "bowler": "CBRLS Kumara",
              "non_striker": "HG Munsey",
              "runs": {
                "batter": 6,
                "extras": 0,
                "total": 6
              }
            },
            {
              "batter": "N Dickwella",
              "bowler": "CBRLS Kumara",
              "non_striker": "HG Munsey",
              "runs": {
                "batter": 4,
                "extras": 0,
                "total": 4
              }
            }
          ]
        },
        {
          "over": 4,
          "deliveries": [
            {
              "batter": "HG Munsey",
              "bowler": "Matiullah Khan",
              "non_striker": "N Dickwella",
              "runs": {
                "batter": 1,
                "extras": 0,
                "total": 1
              }
            },
            {
              "batter": "N Dickwella",
              "bowler": "Matiullah Khan",
              "non_striker": "HG Munsey",
              "runs": {
                "batter": 0,
                "extras": 0,
                "total": 0
              }
            },
            {
              "batter": "N Dickwella",
              "bowler": "Matiullah Khan",
              "non_striker": "HG Munsey",
              "runs": {
                "batter": 0,
                "extras": 0,
                "total": 0
              }
            },
            {
              "batter": "N Dickwella",
              "bowler": "Matiullah Khan",
              "non_striker": "HG Munsey",
              "runs": {
                "batter": 1,
                "extras": 0,
                "total": 1
              }
            },
            {
              "batter": "HG Munsey",
              "bowler": "Matiullah Khan",
              "extras": {
                "wides": 1
              },
              "non_striker": "N Dickwella",
              "runs": {
                "batter": 0,
                "extras": 1,
                "total": 1
              }
            },
            {
              "batter": "HG Munsey",
              "bowler": "Matiullah Khan",
              "non_striker": "N Dickwella",
              "runs": {
                "batter": 0,
                "extras": 0,
                "total": 0
              }
            },
            {
              "batter": "HG Munsey",
              "bowler": "Matiullah Khan",
              "extras": {
                "wides": 1
              },
              "non_striker": "N Dickwella",
              "runs": {
                "batter": 0,
                "extras": 1,
                "total": 1
              }
            },
            {
              "batter": "HG Munsey",
              "bowler": "Matiullah Khan",
              "non_striker": "N Dickwella",
              "runs": {
                "batter": 4,
                "extras": 0,
                "total": 4
              }
            }
          ]
        },
        {
          "over": 5,
          "deliveries": [
            {
              "batter": "N Dickwella",
              "bowler": "AD Russell",
              "non_striker": "HG Munsey",
              "runs": {
                "batter": 4,
                "extras": 0,
                "total": 4
              }
            },
            {
              "batter": "N Dickwella",
              "bowler": "AD Russell",
              "non_striker": "HG Munsey",
              "runs": {
                "batter": 0,
                "extras": 0,
                "total": 0
              }
            },
            {
              "batter": "N Dickwella",
              "bowler": "AD Russell",
              "non_striker": "HG Munsey",
              "runs": {
                "batter": 1,
                "extras": 0,
                "total": 1
              }
            },
            {
              "batter": "HG Munsey",
              "bowler": "AD Russell",
              "extras": {
                "wides": 1
              },
              "non_striker": "N Dickwella",
              "runs": {
                "batter": 0,
                "extras": 1,
                "total": 1
              }
            },
            {
              "batter": "HG Munsey",
              "bowler": "AD Russell",
              "non_striker": "N Dickwella",
              "runs": {
                "batter": 0,
                "extras": 0,
                "total": 0
              }
            },
            {
              "batter": "HG Munsey",
              "bowler": "AD Russell",
              "non_striker": "N Dickwella",
              "runs": {
                "batter": 0,
                "extras": 0,
                "total": 0
              }
            },
            {
              "batter": "HG Munsey",
              "bowler": "AD Russell",
              "non_striker": "N Dickwella",
              "runs": {
                "batter": 2,
                "extras": 0,
                "total": 2
              }
            }
          ]
        },
        {
          "over": 6,
          "deliveries": [
            {
              "batter": "N Dickwella",
              "bowler": "AJ Hosein",
              "non_striker": "HG Munsey",
              "runs": {
                "batter": 0,
                "extras": 0,
                "total": 0
              },
              "wickets": [
                {
                  "player_out": "N Dickwella",
                  "fielders": [
                    {
                      "name": "DM de Silva"
                    }
                  ],
                  "kind": "caught"
                }
              ]
            },
            {
              "batter": "MD Shanaka",
              "bowler": "AJ Hosein",
              "non_striker": "HG Munsey",
              "runs": {
                "batter": 0,
                "extras": 0,
                "total": 0
              }
            },
            {
              "batter": "MD Shanaka",
              "bowler": "AJ Hosein",
              "non_striker": "HG Munsey",
              "runs": {
                "batter": 1,
                "extras": 0,
                "total": 1
              }
            },
            {
              "batter": "HG Munsey",
              "bowler": "AJ Hosein",
              "non_striker": "MD Shanaka",
              "runs": {
                "batter": 1,
                "extras": 0,
                "total": 1
              }
            },
            {
              "batter": "MD Shanaka",
              "bowler": "AJ Hosein",
              "non_striker": "HG Munsey",
              "runs": {
                "batter": 1,
                "extras": 0,
                "total": 1
              }
            },
            {
              "batter": "HG Munsey",
              "bowler": "AJ Hosein",
              "non_striker": "MD Shanaka",
              "runs": {
                "batter": 0,
                "extras": 0,
                "total": 0
              }
            }
          ]
        },
        {
          "over": 7,
          "deliveries": [
            {
              "batter": "MD Shanaka",
              "bowler": "SP Narine",
              "non_striker": "HG Munsey",
              "runs": {
                "batter": 0,
                "extras": 0,
                "total": 0
              }
            },
            {
              "batter": "MD Shanaka",
              "bowler": "SP Narine",
              "non_striker": "HG Munsey",
              "runs": {
                "batter": 1,
                "extras": 0,
                "total": 1
              }
            },
            {
              "batter": "HG Munsey",
              "bowler": "SP Narine",
              "non_striker": "MD Shanaka",
              "runs": {
                "batter": 4,
                "extras": 0,
                "total": 4
              }
            },
            {
              "batter": "HG Munsey",
              "bowler": "SP Narine",
              "non_striker": "MD Shanaka",
              "runs": {
                "batter": 4,
                "extras": 0,
                "total": 4
              }
            },
            {
              "batter": "HG Munsey",
              "bowler": "SP Narine",
              "non_striker": "MD Shanaka",
              "runs": {
                "batter": 6,
                "extras": 0,
                "total": 6
              }
            },
            {
              "batter": "HG Munsey",
              "bowler": "SP Narine",
              "non_striker": "MD Shanaka",
              "runs": {
                "batter": 1,
                "extras": 0,
                "total": 1
              }
            }
          ]
        },
        {
          "over": 8,
          "deliveries": [
            {
              "batter": "HG Munsey",
              "bowler": "AJ Hosein",
              "non_striker": "MD Shanaka",
              "runs": {
                "batter": 4,
                "extras": 0,
                "total": 4
              }
            },
            {
              "batter": "HG Munsey",
              "bowler": "AJ Hosein",
              "non_striker": "MD Shanaka",
              "runs": {
                "batter": 2,
                "extras": 0,
                "total": 2
              }
            },
            {
              "batter": "HG Munsey",
              "bowler": "AJ Hosein",
              "non_striker": "MD Shanaka",
              "runs": {
                "batter": 1,
                "extras": 0,
                "total": 1
              }
            },
            {
              "batter": "MD Shanaka",
              "bowler": "AJ Hosein",
              "non_striker": "HG Munsey",
              "runs": {
                "batter": 1,
                "extras": 0,
                "total": 1
              }
            },
            {
              "batter": "HG Munsey",
              "bowler": "AJ Hosein",
              "non_striker": "MD Shanaka",
              "runs": {
                "batter": 0,
                "extras": 0,
                "total": 0
              }
            },
            {
              "batter": "HG Munsey",
              "bowler": "AJ Hosein",
              "non_striker": "MD Shanaka",
              "runs": {
                "batter": 1,
                "extras": 0,
                "total": 1
              }
            }
          ]
        },
        {
          "over": 9,
          "deliveries": [
            {
              "batter": "HG Munsey",
              "bowler": "SP Narine",
              "non_striker": "MD Shanaka",
              "runs": {
                "batter": 1,
                "extras": 0,
                "total": 1
              }
            },
            {
              "batter": "MD Shanaka",
              "bowler": "SP Narine",
              "non_striker": "HG Munsey",
              "runs": {
                "batter": 1,
                "extras": 0,
                "total": 1
              }
            },
            {
              "batter": "HG Munsey",
              "bowler": "SP Narine",
              "non_striker": "MD Shanaka",
              "runs": {
                "batter": 1,
                "extras": 0,
                "total": 1
              }
            },
            {
              "batter": "MD Shanaka",
              "bowler": "SP Narine",
              "non_striker": "HG Munsey",
              "runs": {
                "batter": 1,
                "extras": 0,
                "total": 1
              }
            },
            {
              "batter": "HG Munsey",
              "bowler": "SP Narine",
              "non_striker": "MD Shanaka",
              "runs": {
                "batter": 1,
                "extras": 0,
                "total": 1
              }
            },
            {
              "batter": "MD Shanaka",
              "bowler": "SP Narine",
              "non_striker": "HG Munsey",
              "runs": {
                "batter": 1,
                "extras": 0,
                "total": 1
              }
            }
          ]
        },
        {
          "over": 10,
          "deliveries": [
            {
              "batter": "MD Shanaka",
              "bowler": "Matiullah Khan",
              "non_striker": "HG Munsey",
              "runs": {
                "batter": 0,
                "extras": 0,
                "total": 0
              }
            },
            {
              "batter": "MD Shanaka",
              "bowler": "Matiullah Khan",
              "non_striker": "HG Munsey",
              "runs": {
                "batter": 1,
                "extras": 0,
                "total": 1
              }
            },
            {
              "batter": "HG Munsey",
              "bowler": "Matiullah Khan",
              "non_striker": "MD Shanaka",
              "runs": {
                "batter": 2,
                "extras": 0,
                "total": 2
              }
            },
            {
              "batter": "HG Munsey",
              "bowler": "Matiullah Khan",
              "non_striker": "MD Shanaka",
              "runs": {
                "batter": 1,
                "extras": 0,
                "total": 1
              }
            },
            {
              "batter": "MD Shanaka",
              "bowler": "Matiullah Khan",
              "extras": {
                "wides": 1
              },
              "non_striker": "HG Munsey",
              "runs": {
                "batter": 0,
                "extras": 1,
                "total": 1
              }
            },
            {
              "batter": "MD Shanaka",
              "bowler": "Matiullah Khan",
              "non_striker": "HG Munsey",
              "runs": {
                "batter": 2,
                "extras": 0,
                "total": 2
              }
            },
            {
              "batter": "MD Shanaka",
              "bowler": "Matiullah Khan",
              "non_striker": "HG Munsey",
              "runs": {
                "batter": 1,
                "extras": 0,
                "total": 1
              }
            }
          ]
        },
        {
          "over": 11,
          "deliveries": [
            {
              "batter": "MD Shanaka",
              "bowler": "SP Narine",
              "non_striker": "HG Munsey",
              "runs": {
                "batter": 4,
                "extras": 0,
                "total": 4
              }
            },
            {
              "batter": "MD Shanaka",
              "bowler": "SP Narine",
              "non_striker": "HG Munsey",
              "runs": {
                "batter": 0,
                "extras": 0,
                "total": 0
              }
            },
            {
              "batter": "MD Shanaka",
              "bowler": "SP Narine",
              "non_striker": "HG Munsey",
              "runs": {
                "batter": 1,
                "extras": 0,
                "total": 1
              }
            },
            {
              "batter": "HG Munsey",
              "bowler": "SP Narine",
              "non_striker": "MD Shanaka",
              "runs": {
                "batter": 0,
                "extras": 0,
                "total": 0
              }
            },
            {
              "batter": "HG Munsey",
              "bowler": "SP Narine",
              "non_striker": "MD Shanaka",
              "runs": {
                "batter": 1,
                "extras": 0,
                "total": 1
              }
            },
            {
              "batter": "MD Shanaka",
              "bowler": "SP Narine",
              "non_striker": "HG Munsey",
              "runs": {
                "batter": 0,
                "extras": 0,
                "total": 0
              }
            }
          ]
        },
        {
          "over": 12,
          "deliveries": [
            {
              "batter": "HG Munsey",
              "bowler": "AD Russell",
              "non_striker": "MD Shanaka",
              "runs": {
                "batter": 0,
                "extras": 0,
                "total": 0
              }
            },
            {
              "batter": "HG Munsey",
              "bowler": "AD Russell",
              "non_striker": "MD Shanaka",
              "runs": {
                "batter": 1,
                "extras": 0,
                "total": 1
              }
            },
            {
              "batter": "MD Shanaka",
              "bowler": "AD Russell",
              "non_striker": "HG Munsey",
              "runs": {
                "batter": 1,
                "extras": 0,
                "total": 1
              }
            },
            {
              "batter": "HG Munsey",
              "bowler": "AD Russell",
              "non_striker": "MD Shanaka",
              "runs": {
                "batter": 1,
                "extras": 0,
                "total": 1
              }
            },
            {
              "batter": "MD Shanaka",
              "bowler": "AD Russell",
              "non_striker": "HG Munsey",
              "runs": {
                "batter": 1,
                "extras": 0,
                "total": 1
              }
            },
            {
              "batter": "HG Munsey",
              "bowler": "AD Russell",
              "non_striker": "MD Shanaka",
              "runs": {
                "batter": 0,
                "extras": 0,
                "total": 0
              }
            }
          ]
        },
        {
          "over": 13,
          "deliveries": [
            {
              "batter": "MD Shanaka",
              "bowler": "CBRLS Kumara",
              "non_striker": "HG Munsey",
              "runs": {
                "batter": 6,
                "extras": 0,
                "total": 6
              }
            },
            {
              "batter": "MD Shanaka",
              "bowler": "CBRLS Kumara",
              "non_striker": "HG Munsey",
              "runs": {
                "batter": 4,
                "extras": 0,
                "total": 4
              }
            },
            {
              "batter": "MD Shanaka",
              "bowler": "CBRLS Kumara",
              "non_striker": "HG Munsey",
              "runs": {
                "batter": 0,
                "extras": 0,
                "total": 0
              },
              "wickets": [
                {
                  "player_out": "MD Shanaka",
                  "kind": "bowled"
                }
              ]
            },
            {
              "batter": "R Powell",
              "bowler": "CBRLS Kumara",
              "non_striker": "HG Munsey",
              "runs": {
                "batter": 1,
                "extras": 0,
                "total": 1
              }
            },
            {
              "batter": "HG Munsey",
              "bowler": "CBRLS Kumara",
              "non_striker": "R Powell",
              "runs": {
                "batter": 1,
                "extras": 0,
                "total": 1
              }
            },
            {
              "batter": "R Powell",
              "bowler": "CBRLS Kumara",
              "non_striker": "HG Munsey",
              "runs": {
                "batter": 0,
                "extras": 0,
                "total": 0
              }
            }
          ]
        },
        {
          "over": 14,
          "deliveries": [
            {
              "batter": "HG Munsey",
              "bowler": "AJ Hosein",
              "non_striker": "R Powell",
              "runs": {
                "batter": 0,
                "extras": 0,
                "total": 0
              }
            },
            {
              "batter": "HG Munsey",
              "bowler": "AJ Hosein",
              "non_striker": "R Powell",
              "runs": {
                "batter": 0,
                "extras": 0,
                "total": 0
              }
            },
            {
              "batter": "HG Munsey",
              "bowler": "AJ Hosein",
              "non_striker": "R Powell",
              "runs": {
                "batter": 1,
                "extras": 0,
                "total": 1
              }
            },
            {
              "batter": "R Powell",
              "bowler": "AJ Hosein",
              "non_striker": "HG Munsey",
              "runs": {
                "batter": 0,
                "extras": 0,
                "total": 0
              }
            },
            {
              "batter": "R Powell",
              "bowler": "AJ Hosein",
              "non_striker": "HG Munsey",
              "runs": {
                "batter": 1,
                "extras": 0,
                "total": 1
              }
            },
            {
              "batter": "HG Munsey",
              "bowler": "AJ Hosein",
              "non_striker": "R Powell",
              "runs": {
                "batter": 4,
                "extras": 0,
                "total": 4
              }
            }
          ]
        },
        {
          "over": 15,
          "deliveries": [
            {
              "batter": "R Powell",
              "bowler": "AD Russell",
              "non_striker": "HG Munsey",
              "runs": {
                "batter": 6,
                "extras": 0,
                "total": 6
              }
            },
            {
              "batter": "R Powell",
              "bowler": "AD Russell",
              "non_striker": "HG Munsey",
              "runs": {
                "batter": 2,
                "extras": 0,
                "total": 2
              }
            },
            {
              "batter": "R Powell",
              "bowler": "AD Russell",
              "non_striker": "HG Munsey",
              "runs": {
                "batter": 6,
                "extras": 0,
                "total": 6
              }
            },
            {
              "batter": "R Powell",
              "bowler": "AD Russell",
              "non_striker": "HG Munsey",
              "runs": {
                "batter": 1,
                "extras": 0,
                "total": 1
              }
            },
            {
              "batter": "HG Munsey",
              "bowler": "AD Russell",
              "non_striker": "R Powell",
              "runs": {
                "batter": 0,
                "extras": 0,
                "total": 0
              },
              "wickets": [
                {
                  "player_out": "HG Munsey",
                  "fielders": [
                    {
                      "name": "JM Clarke"
                    }
                  ],
                  "kind": "caught"
                }
              ]
            },
            {
              "batter": "Sikandar Raza",
              "bowler": "AD Russell",
              "non_striker": "R Powell",
              "runs": {
                "batter": 0,
                "extras": 0,
                "total": 0
              }
            }
          ]
        },
        {
          "over": 16,
          "deliveries": [
            {
              "batter": "R Powell",
              "bowler": "SP Narine",
              "non_striker": "Sikandar Raza",
              "runs": {
                "batter": 1,
                "extras": 0,
                "total": 1
              }
            },
            {
              "batter": "Sikandar Raza",
              "bowler": "SP Narine",
              "non_striker": "R Powell",
              "runs": {
                "batter": 0,
                "extras": 0,
                "total": 0
              }
            },
            {
              "batter": "Sikandar Raza",
              "bowler": "SP Narine",
              "non_striker": "R Powell",
              "runs": {
                "batter": 1,
                "extras": 0,
                "total": 1
              }
            },
            {
              "batter": "R Powell",
              "bowler": "SP Narine",
              "non_striker": "Sikandar Raza",
              "runs": {
                "batter": 0,
                "extras": 0,
                "total": 0
              }
            },
            {
              "batter": "R Powell",
              "bowler": "SP Narine",
              "non_striker": "Sikandar Raza",
              "runs": {
                "batter": 1,
                "extras": 0,
                "total": 1
              }
            },
            {
              "batter": "Sikandar Raza",
              "bowler": "SP Narine",
              "non_striker": "R Powell",
              "runs": {
                "batter": 0,
                "extras": 0,
                "total": 0
              }
            }
          ]
        },
        {
          "over": 17,
          "deliveries": [
            {
              "batter": "R Powell",
              "bowler": "AJ Hosein",
              "non_striker": "Sikandar Raza",
              "runs": {
                "batter": 1,
                "extras": 0,
                "total": 1
              }
            },
            {
              "batter": "Sikandar Raza",
              "bowler": "AJ Hosein",
              "non_striker": "R Powell",
              "runs": {
                "batter": 1,
                "extras": 0,
                "total": 1
              }
            },
            {
              "batter": "R Powell",
              "bowler": "AJ Hosein",
              "non_striker": "Sikandar Raza",
              "runs": {
                "batter": 0,
                "extras": 0,
                "total": 0
              }
            },
            {
              "batter": "R Powell",
              "bowler": "AJ Hosein",
              "non_striker": "Sikandar Raza",
              "runs": {
                "batter": 1,
                "extras": 0,
                "total": 1
              }
            }
          ]
        }
      ],
      "powerplays": [
        {
          "from": 0.1,
          "to": 5.7,
          "type": "mandatory"
        }
      ],
      "target": {
        "overs": 20,
        "runs": 150
      }
    }
  ]
}