{
  "meta": {
    "data_version": "1.1.0",
    "created": "2023-01-27",
    "revision": 2
  },
  "info": {
    "balls_per_over": 6,
    "city": "Abu Dhabi",
    "dates": [
      "2023-01-15"
    ],
    "event": {
      "name": "International League T20",
      "match_number": 3
    },
    "gender": "male",
    "match_type": "T20",
    "officials": {
      "match_referees": [
        "SJA Taufel"
      ],
      "reserve_umpires": [
        "Akbar Ali"
      ],
      "tv_umpires": [
        "RA Kettleborough"
      ],
      "umpires": [
        "MJ Saggers",
        "RSA Palliyaguruge"
      ]
    },
    "outcome": {
      "winner": "Gulf Giants",
      "by": {
        "wickets": 6
      }
    },
    "overs": 20,
    "player_of_match": [
      "SM Sharma"
    ],
    "players": {
      "Abu Dhabi Knight Riders": [
        "PR Stirling",
        "CA Ingram",
        "BA King",
        "C Esterhuizen",
        "AJ Hosein",
        "AD Russell",
        "SP Narine",
        "Zawar Farid",
        "Ali Khan",
        "R Rampaul",
        "Matiullah Khan"
      ],
      "Gulf Giants": [
        "JM Vince",
        "Rehan Ahmed",
        "OJ Pope",
        "MG Erasmus",
        "SO Hetmyer",
        "D Wiese",
        "CJ Jordan",
        "LA Dawson",
        "Aayan Afzal Khan",
        "SM Sharma",
        "RJ Gleeson"
      ]
    },
    "registry": {
      "people": {
        "AD Russell": "bbd41817",
        "AJ Hosein": "4d7f517e",
        "Aayan Afzal Khan": "d2d15439",
        "Akbar Ali": "e753931d",
        "Ali Khan": "b0eaaac6",
        "BA King": "7fca84b7",
        "C Esterhuizen": "ef9acbcc",
        "CA Ingram": "c995d726",
        "CJ Jordan": "ffe699c0",
        "D Wiese": "aa8d28ae",
        "JM Vince": "a15618fe",
        "LA Dawson": "4a461c24",
        "MG Erasmus": "95a5e066",
        "MJ Saggers": "402d5937",
        "Matiullah Khan": "083e01d9",
        "OJ Pope": "e94bc520",
        "PR Stirling": "cf494ffe",
        "R Rampaul": "d68e7f48",
        "RA Kettleborough": "4017868f",
        "RJ Gleeson": "402f8494",
        "RSA Palliyaguruge": "4339c19d",
        "Rehan Ahmed": "0ecb4de6",
        "SJA Taufel": "4b43d5ac",
        "SM Sharma": "cec44e08",
        "SO Hetmyer": "48a1d7b7",
        "SP Narine": "9d430b40",
        "Zawar Farid": "d07dbc28"
      }
    },
    "season": "2022/23",
    "team_type": "club",
    "teams": [
      "Abu Dhabi Knight Riders",
      "Gulf Giants"
    ],
    "toss": {
      "decision": "bat",
      "winner": "Abu Dhabi Knight Riders"
    },
    "venue": "Zayed Cricket Stadium, Abu Dhabi"
  },
  "innings": [
    {
      "team": "Abu Dhabi Knight Riders",
      "overs": [
        {
          "over": 0,
          "deliveries": [
            {
              "batter": "PR Stirling",
              "bowler": "RJ Gleeson",
              "non_striker": "CA Ingram",
              "runs": {
                "batter": 0,
                "extras": 0,
                "total": 0
              }
            },
            {
              "batter": "PR Stirling",
              "bowler": "RJ Gleeson",
              "non_striker": "CA Ingram",
              "runs": {
                "batter": 0,
                "extras": 0,
                "total": 0
              }
            },
            {
              "batter": "PR Stirling",
              "bowler": "RJ Gleeson",
              "non_striker": "CA Ingram",
              "runs": {
                "batter": 0,
                "extras": 0,
                "total": 0
              }
            },
            {
              "batter": "PR Stirling",
              "bowler": "RJ Gleeson",
              "non_striker": "CA Ingram",
              "runs": {
                "batter": 0,
                "extras": 0,
                "total": 0
              }
            },
            {
              "batter": "PR Stirling",
              "bowler": "RJ Gleeson",
              "non_striker": "CA Ingram",
              "runs": {
                "batter": 2,
                "extras": 0,
                "total": 2
              }
            },
            {
              "batter": "PR Stirling",
              "bowler": "RJ Gleeson",
              "non_striker": "CA Ingram",
              "runs": {
                "batter": 4,
                "extras": 0,
                "total": 4
              }
            }
          ]
        },
        {
          "over": 1,
          "deliveries": [
            {
              "batter": "CA Ingram",
              "bowler": "SM Sharma",
              "non_striker": "PR Stirling",
              "runs": {
                "batter": 0,
                "extras": 0,
                "total": 0
              }
            },
            {
              "batter": "CA Ingram",
              "bowler": "SM Sharma",
              "non_striker": "PR Stirling",
              "runs": {
                "batter": 0,
                "extras": 0,
                "total": 0
              }
            },
            {
              "batter": "CA Ingram",
              "bowler": "SM Sharma",
              "non_striker": "PR Stirling",
              "runs": {
                "batter": 4,
                "extras": 0,
                "total": 4
              }
            },
            {
              "batter": "CA Ingram",
              "bowler": "SM Sharma",
              "non_striker": "PR Stirling",
              "runs": {
                "batter": 0,
                "extras": 0,
                "total": 0
              }
            },
            {
              "batter": "CA Ingram",
              "bowler": "SM Sharma",
              "non_striker": "PR Stirling",
              "runs": {
                "batter": 0,
                "extras": 0,
                "total": 0
              }
            },
            {
              "batter": "CA Ingram",
              "bowler": "SM Sharma",
              "non_striker": "PR Stirling",
              "runs": {
                "batter": 1,
                "extras": 0,
                "total": 1
              }
            }
          ]
        },
        {
          "over": 2,
          "deliveries": [
            {
              "batter": "CA Ingram",
              "bowler": "D Wiese",
              "non_striker": "PR Stirling",
              "runs": {
                "batter": 1,
                "extras": 0,
                "total": 1
              }
            },
            {
              "batter": "PR Stirling",
              "bowler": "D Wiese",
              "non_striker": "CA Ingram",
              "runs": {
                "batter": 0,
                "extras": 0,
                "total": 0
              }
            },
            {
              "batter": "PR Stirling",
              "bowler": "D Wiese",
              "non_striker": "CA Ingram",
              "runs": {
                "batter": 1,
                "extras": 0,
                "total": 1
              }
            },
            {
              "batter": "CA Ingram",
              "bowler": "D Wiese",
              "non_striker": "PR Stirling",
              "runs": {
                "batter": 0,
                "extras": 0,
                "total": 0
              }
            },
            {
              "batter": "CA Ingram",
              "bowler": "D Wiese",
              "non_striker": "PR Stirling",
              "runs": {
                "batter": 1,
                "extras": 0,
                "total": 1
              }
            },
            {
              "batter": "PR Stirling",
              "bowler": "D Wiese",
              "non_striker": "CA Ingram",
              "runs": {
                "batter": 0,
                "extras": 0,
                "total": 0
              }
            }
          ]
        },
        {
          "over": 3,
          "deliveries": [
            {
              "batter": "CA Ingram",
              "bowler": "SM Sharma",
              "non_striker": "PR Stirling",
              "runs": {
                "batter": 0,
                "extras": 0,
                "total": 0
              },
              "wickets": [
                {
                  "player_out": "CA Ingram",
                  "kind": "bowled"
                }
              ]
            },
            {
              "batter": "BA King",
              "bowler": "SM Sharma",
              "non_striker": "PR Stirling",
              "runs": {
                "batter": 0,
                "extras": 0,
                "total": 0
              }
            },
            {
              "batter": "BA King",
              "bowler": "SM Sharma",
              "non_striker": "PR Stirling",
              "runs": {
                "batter": 0,
                "extras": 0,
                "total": 0
              }
            },
            {
              "batter": "BA King",
              "bowler": "SM Sharma",
              "non_striker": "PR Stirling",
              "runs": {
                "batter": 1,
                "extras": 0,
                "total": 1
              }
            },
            {
              "batter": "PR Stirling",
              "bowler": "SM Sharma",
              "non_striker": "BA King",
              "runs": {
                "batter": 1,
                "extras": 0,
                "total": 1
              }
            },
            {
              "batter": "BA King",
              "bowler": "SM Sharma",
              "non_striker": "PR Stirling",
              "runs": {
                "batter": 1,
                "extras": 0,
                "total": 1
              }
            }
          ]
        },
        {
          "over": 4,
          "deliveries": [
            {
              "batter": "BA King",
              "bowler": "RJ Gleeson",
              "non_striker": "PR Stirling",
              "runs": {
                "batter": 1,
                "extras": 0,
                "total": 1
              }
            },
            {
              "batter": "PR Stirling",
              "bowler": "RJ Gleeson",
              "non_striker": "BA King",
              "runs": {
                "batter": 0,
                "extras": 0,
                "total": 0
              }
            },
            {
              "batter": "PR Stirling",
              "bowler": "RJ Gleeson",
              "non_striker": "BA King",
              "runs": {
                "batter": 4,
                "extras": 0,
                "total": 4
              }
            },
            {
              "batter": "PR Stirling",
              "bowler": "RJ Gleeson",
              "non_striker": "BA King",
              "runs": {
                "batter": 1,
                "extras": 0,
                "total": 1
              }
            },
            {
              "batter": "BA King",
              "bowler": "RJ Gleeson",
              "non_striker": "PR Stirling",
              "runs": {
                "batter": 0,
                "extras": 0,
                "total": 0
              }
            },
            {
              "batter": "BA King",
              "bowler": "RJ Gleeson",
              "non_striker": "PR Stirling",
              "runs": {
                "batter": 1,
                "extras": 0,
                "total": 1
              }
            }
          ]
        },
        {
          "over": 5,
          "deliveries": [
            {
              "batter": "BA King",
              "bowler": "SM Sharma",
              "non_striker": "PR Stirling",
              "runs": {
                "batter": 0,
                "extras": 0,
                "total": 0
              },
              "wickets": [
                {
                  "player_out": "BA King",
                  "fielders": [
                    {
                      "name": "CJ Jordan"
                    }
                  ],
                  "kind": "caught"
                }
              ]
            },
            {
              "batter": "C Esterhuizen",
              "bowler": "SM Sharma",
              "non_striker": "PR Stirling",
              "runs": {
                "batter": 0,
                "extras": 0,
                "total": 0
              },
              "wickets": [
                {
                  "player_out": "C Esterhuizen",
                  "fielders": [
                    {
                      "name": "LA Dawson"
                    }
                  ],
                  "kind": "caught"
                }
              ]
            },
            {
              "batter": "AJ Hosein",
              "bowler": "SM Sharma",
              "non_striker": "PR Stirling",
              "runs": {
                "batter": 0,
                "extras": 0,
                "total": 0
              }
            },
            {
              "batter": "AJ Hosein",
              "bowler": "SM Sharma",
              "non_striker": "PR Stirling",
              "runs": {
                "batter": 0,
                "extras": 0,
                "total": 0
              }
            },
            {
              "batter": "AJ Hosein",
              "bowler": "SM Sharma",
              "non_striker": "PR Stirling",
              "runs": {
                "batter": 0,
                "extras": 0,
                "total": 0
              }
            },
            {
              "batter": "AJ Hosein",
              "bowler": "SM Sharma",
              "extras": {
                "wides": 1
              },
              "non_striker": "PR Stirling",
              "runs": {
                "batter": 0,
                "extras": 1,
                "total": 1
              }
            },
            {
              "batter": "AJ Hosein",
              "bowler": "SM Sharma",
              "non_striker": "PR Stirling",
              "runs": {
                "batter": 0,
                "extras": 0,
                "total": 0
              }
            }
          ]
        },
        {
          "over": 6,
          "deliveries": [
            {
              "batter": "PR Stirling",
              "bowler": "CJ Jordan",
              "non_striker": "AJ Hosein",
              "runs": {
                "batter": 4,
                "extras": 0,
                "total": 4
              }
            },
            {
              "batter": "PR Stirling",
              "bowler": "CJ Jordan",
              "non_striker": "AJ Hosein",
              "runs": {
                "batter": 2,
                "extras": 0,
                "total": 2
              }
            },
            {
              "batter": "PR Stirling",
              "bowler": "CJ Jordan",
              "non_striker": "AJ Hosein",
              "runs": {
                "batter": 0,
                "extras": 0,
                "total": 0
              }
            },
            {
              "batter": "PR Stirling",
              "bowler": "CJ Jordan",
              "non_striker": "AJ Hosein",
              "runs": {
                "batter": 1,
                "extras": 0,
                "total": 1
              }
            },
            {
              "batter": "AJ Hosein",
              "bowler": "CJ Jordan",
              "non_striker": "PR Stirling",
              "runs": {
                "batter": 1,
                "extras": 0,
                "total": 1
              }
            },
            {
              "batter": "PR Stirling",
              "bowler": "CJ Jordan",
              "non_striker": "AJ Hosein",
              "runs": {
                "batter": 0,
                "extras": 0,
                "total": 0
              }
            }
          ]
        },
        {
          "over": 7,
          "deliveries": [
            {
              "batter": "AJ Hosein",
              "bowler": "LA Dawson",
              "non_striker": "PR Stirling",
              "runs": {
                "batter": 0,
                "extras": 0,
                "total": 0
              }
            },
            {
              "batter": "AJ Hosein",
              "bowler": "LA Dawson",
              "non_striker": "PR Stirling",
              "runs": {
                "batter": 1,
                "extras": 0,
                "total": 1
              }
            },
            {
              "batter": "PR Stirling",
              "bowler": "LA Dawson",
              "non_striker": "AJ Hosein",
              "runs": {
                "batter": 0,
                "extras": 0,
                "total": 0
              }
            },
            {
              "batter": "PR Stirling",
              "bowler": "LA Dawson",
              "non_striker": "AJ Hosein",
              "runs": {
                "batter": 0,
                "extras": 0,
                "total": 0
              },
              "wickets": [
                {
                  "player_out": "PR Stirling",
                  "fielders": [
                    {
                      "name": "JM Vince"
                    }
                  ],
                  "kind": "caught"
                }
              ]
            },
            {
              "batter": "AD Russell",
              "bowler": "LA Dawson",
              "non_striker": "AJ Hosein",
              "runs": {
                "batter": 0,
                "extras": 0,
                "total": 0
              }
            },
            {
              "batter": "AD Russell",
              "bowler": "LA Dawson",
              "non_striker": "AJ Hosein",
              "runs": {
                "batter": 0,
                "extras": 0,
                "total": 0
              }
            }
          ]
        },
        {
          "over": 8,
          "deliveries": [
            {
              "batter": "AJ Hosein",
              "bowler": "Rehan Ahmed",
              "non_striker": "AD Russell",
              "runs": {
                "batter": 0,
                "extras": 0,
                "total": 0
              }
            },
            {
              "batter": "AJ Hosein",
              "bowler": "Rehan Ahmed",
              "non_striker": "AD Russell",
              "runs": {
                "batter": 0,
                "extras": 0,
                "total": 0
              }
            },
            {
              "batter": "AJ Hosein",
              "bowler": "Rehan Ahmed",
              "non_striker": "AD Russell",
              "runs": {
                "batter": 0,
                "extras": 0,
                "total": 0
              }
            },
            {
              "batter": "AJ Hosein",
              "bowler": "Rehan Ahmed",
              "non_striker": "AD Russell",
              "runs": {
                "batter": 1,
                "extras": 0,
                "total": 1
              }
            },
            {
              "batter": "AD Russell",
              "bowler": "Rehan Ahmed",
              "non_striker": "AJ Hosein",
              "runs": {
                "batter": 2,
                "extras": 0,
                "total": 2
              }
            },
            {
              "batter": "AD Russell",
              "bowler": "Rehan Ahmed",
              "non_striker": "AJ Hosein",
              "runs": {
                "batter": 6,
                "extras": 0,
                "total": 6
              }
            }
          ]
        },
        {
          "over": 9,
          "deliveries": [
            {
              "batter": "AJ Hosein",
              "bowler": "LA Dawson",
              "non_striker": "AD Russell",
              "runs": {
                "batter": 1,
                "extras": 0,
                "total": 1
              }
            },
            {
              "batter": "AD Russell",
              "bowler": "LA Dawson",
              "non_striker": "AJ Hosein",
              "runs": {
                "batter": 2,
                "extras": 0,
                "total": 2
              }
            },
            {
              "batter": "AD Russell",
              "bowler": "LA Dawson",
              "non_striker": "AJ Hosein",
              "runs": {
                "batter": 6,
                "extras": 0,
                "total": 6
              }
            },
            {
              "batter": "AD Russell",
              "bowler": "LA Dawson",
              "extras": {
                "byes": 1
              },
              "non_striker": "AJ Hosein",
              "runs": {
                "batter": 0,
                "extras": 1,
                "total": 1
              }
            },
            {
              "batter": "AJ Hosein",
              "bowler": "LA Dawson",
              "non_striker": "AD Russell",
              "runs": {
                "batter": 1,
                "extras": 0,
                "total": 1
              }
            },
            {
              "batter": "AD Russell",
              "bowler": "LA Dawson",
              "non_striker": "AJ Hosein",
              "runs": {
                "batter": 1,
                "extras": 0,
                "total": 1
              }
            }
          ]
        },
        {
          "over": 10,
          "deliveries": [
            {
              "batter": "AD Russell",
              "bowler": "Rehan Ahmed",
              "non_striker": "AJ Hosein",
              "runs": {
                "batter": 1,
                "extras": 0,
                "total": 1
              }
            },
            {
              "batter": "AJ Hosein",
              "bowler": "Rehan Ahmed",
              "non_striker": "AD Russell",
              "review": {
                "by": "Abu Dhabi Knight Riders",
                "umpire": "MJ Saggers",
                "batter": "AJ Hosein",
                "decision": "struck down"
              },
              "runs": {
                "batter": 0,
                "extras": 0,
                "total": 0
              },
              "wickets": [
                {
                  "player_out": "AJ Hosein",
                  "kind": "lbw"
                }
              ]
            },
            {
              "batter": "SP Narine",
              "bowler": "Rehan Ahmed",
              "non_striker": "AD Russell",
              "runs": {
                "batter": 0,
                "extras": 0,
                "total": 0
              }
            },
            {
              "batter": "SP Narine",
              "bowler": "Rehan Ahmed",
              "non_striker": "AD Russell",
              "runs": {
                "batter": 0,
                "extras": 0,
                "total": 0
              }
            },
            {
              "batter": "SP Narine",
              "bowler": "Rehan Ahmed",
              "non_striker": "AD Russell",
              "runs": {
                "batter": 0,
                "extras": 0,
                "total": 0
              }
            },
            {
              "batter": "SP Narine",
              "bowler": "Rehan Ahmed",
              "non_striker": "AD Russell",
              "runs": {
                "batter": 1,
                "extras": 0,
                "total": 1
              }
            }
          ]
        },
        {
          "over": 11,
          "deliveries": [
            {
              "batter": "SP Narine",
              "bowler": "CJ Jordan",
              "non_striker": "AD Russell",
              "runs": {
                "batter": 0,
                "extras": 0,
                "total": 0
              }
            },
            {
              "batter": "SP Narine",
              "bowler": "CJ Jordan",
              "extras": {
                "byes": 1
              },
              "non_striker": "AD Russell",
              "runs": {
                "batter": 0,
                "extras": 1,
                "total": 1
              }
            },
            {
              "batter": "AD Russell",
              "bowler": "CJ Jordan",
              "non_striker": "SP Narine",
              "runs": {
                "batter": 4,
                "extras": 0,
                "total": 4
              }
            },
            {
              "batter": "AD Russell",
              "bowler": "CJ Jordan",
              "non_striker": "SP Narine",
              "runs": {
                "batter": 4,
                "extras": 0,
                "total": 4
              }
            },
            {
              "batter": "AD Russell",
              "bowler": "CJ Jordan",
              "non_striker": "SP Narine",
              "runs": {
                "batter": 0,
                "extras": 0,
                "total": 0
              },
              "wickets": [
                {
                  "player_out": "AD Russell",
                  "kind": "bowled"
                }
              ]
            },
            {
              "batter": "Zawar Farid",
              "bowler": "CJ Jordan",
              "non_striker": "SP Narine",
              "runs": {
                "batter": 0,
                "extras": 0,
                "total": 0
              }
            }
          ]
        },
        {
          "over": 12,
          "deliveries": [
            {
              "batter": "SP Narine",
              "bowler": "Rehan Ahmed",
              "non_striker": "Zawar Farid",
              "runs": {
                "batter": 6,
                "extras": 0,
                "total": 6
              }
            },
            {
              "batter": "SP Narine",
              "bowler": "Rehan Ahmed",
              "extras": {
                "wides": 1
              },
              "non_striker": "Zawar Farid",
              "runs": {
                "batter": 0,
                "extras": 1,
                "total": 1
              }
            },
            {
              "batter": "SP Narine",
              "bowler": "Rehan Ahmed",
              "non_striker": "Zawar Farid",
              "runs": {
                "batter": 1,
                "extras": 0,
                "total": 1
              }
            },
            {
              "batter": "Zawar Farid",
              "bowler": "Rehan Ahmed",
              "non_striker": "SP Narine",
              "runs": {
                "batter": 1,
                "extras": 0,
                "total": 1
              }
            },
            {
              "batter": "SP Narine",
              "bowler": "Rehan Ahmed",
              "non_striker": "Zawar Farid",
              "runs": {
                "batter": 1,
                "extras": 0,
                "total": 1
              }
            },
            {
              "batter": "Zawar Farid",
              "bowler": "Rehan Ahmed",
              "non_striker": "SP Narine",
              "runs": {
                "batter": 0,
                "extras": 0,
                "total": 0
              }
            },
            {
              "batter": "Zawar Farid",
              "bowler": "Rehan Ahmed",
              "non_striker": "SP Narine",
              "review": {
                "by": "Gulf Giants",
                "umpire": "MJ Saggers",
                "batter": "Zawar Farid",
                "decision": "struck down",
                "umpires_call": true
              },
              "runs": {
                "batter": 0,
                "extras": 0,
                "total": 0
              }
            }
          ]
        },
        {
          "over": 13,
          "deliveries": [
            {
              "batter": "SP Narine",
              "bowler": "D Wiese",
              "non_striker": "Zawar Farid",
              "runs": {
                "batter": 2,
                "extras": 0,
                "total": 2
              }
            },
            {
              "batter": "SP Narine",
              "bowler": "D Wiese",
              "non_striker": "Zawar Farid",
              "runs": {
                "batter": 0,
                "extras": 0,
                "total": 0
              },
              "wickets": [
                {
                  "player_out": "SP Narine",
                  "fielders": [
                    {
                      "name": "MG Erasmus"
                    }
                  ],
                  "kind": "caught"
                }
              ]
            },
            {
              "batter": "Ali Khan",
              "bowler": "D Wiese",
              "non_striker": "Zawar Farid",
              "runs": {
                "batter": 0,
                "extras": 0,
                "total": 0
              }
            },
            {
              "batter": "Ali Khan",
              "bowler": "D Wiese",
              "non_striker": "Zawar Farid",
              "runs": {
                "batter": 0,
                "extras": 0,
                "total": 0
              }
            },
            {
              "batter": "Ali Khan",
              "bowler": "D Wiese",
              "non_striker": "Zawar Farid",
              "runs": {
                "batter": 0,
                "extras": 0,
                "total": 0
              }
            },
            {
              "batter": "Ali Khan",
              "bowler": "D Wiese",
              "non_striker": "Zawar Farid",
              "runs": {
                "batter": 0,
                "extras": 0,
                "total": 0
              }
            }
          ]
        },
        {
          "over": 14,
          "deliveries": [
            {
              "batter": "Zawar Farid",
              "bowler": "Rehan Ahmed",
              "non_striker": "Ali Khan",
              "runs": {
                "batter": 0,
                "extras": 0,
                "total": 0
              }
            },
            {
              "batter": "Zawar Farid",
              "bowler": "Rehan Ahmed",
              "non_striker": "Ali Khan",
              "runs": {
                "batter": 1,
                "extras": 0,
                "total": 1
              }
            },
            {
              "batter": "Ali Khan",
              "bowler": "Rehan Ahmed",
              "non_striker": "Zawar Farid",
              "runs": {
                "batter": 0,
                "extras": 0,
                "total": 0
              }
            },
            {
              "batter": "Ali Khan",
              "bowler": "Rehan Ahmed",
              "extras": {
                "wides": 1
              },
              "non_striker": "Zawar Farid",
              "runs": {
                "batter": 0,
                "extras": 1,
                "total": 1
              }
            },
            {
              "batter": "Ali Khan",
              "bowler": "Rehan Ahmed",
              "extras": {
                "wides": 1
              },
              "non_striker": "Zawar Farid",
              "runs": {
                "batter": 0,
                "extras": 1,
                "total": 1
              }
            },
            {
              "batter": "Ali Khan",
              "bowler": "Rehan Ahmed",
              "non_striker": "Zawar Farid",
              "runs": {
                "batter": 1,
                "extras": 0,
                "total": 1
              }
            },
            {
              "batter": "Zawar Farid",
              "bowler": "Rehan Ahmed",
              "non_striker": "Ali Khan",
              "runs": {
                "batter": 0,
                "extras": 0,
                "total": 0
              }
            },
            {
              "batter": "Zawar Farid",
              "bowler": "Rehan Ahmed",
              "non_striker": "Ali Khan",
              "runs": {
                "batter": 0,
                "extras": 0,
                "total": 0
              }
            }
          ]
        },
        {
          "over": 15,
          "deliveries": [
            {
              "batter": "Ali Khan",
              "bowler": "RJ Gleeson",
              "non_striker": "Zawar Farid",
              "runs": {
                "batter": 1,
                "extras": 0,
                "total": 1
              }
            },
            {
              "batter": "Zawar Farid",
              "bowler": "RJ Gleeson",
              "non_striker": "Ali Khan",
              "runs": {
                "batter": 0,
                "extras": 0,
                "total": 0
              }
            },
            {
              "batter": "Zawar Farid",
              "bowler": "RJ Gleeson",
              "non_striker": "Ali Khan",
              "runs": {
                "batter": 0,
                "extras": 0,
                "total": 0
              }
            },
            {
              "batter": "Zawar Farid",
              "bowler": "RJ Gleeson",
              "non_striker": "Ali Khan",
              "runs": {
                "batter": 1,
                "extras": 0,
                "total": 1
              }
            },
            {
              "batter": "Ali Khan",
              "bowler": "RJ Gleeson",
              "non_striker": "Zawar Farid",
              "runs": {
                "batter": 0,
                "extras": 0,
                "total": 0
              }
            },
            {
              "batter": "Ali Khan",
              "bowler": "RJ Gleeson",
              "extras": {
                "noballs": 1
              },
              "non_striker": "Zawar Farid",
              "runs": {
                "batter": 1,
                "extras": 1,
                "total": 2
              }
            },
            {
              "batter": "Zawar Farid",
              "bowler": "RJ Gleeson",
              "non_striker": "Ali Khan",
              "runs": {
                "batter": 0,
                "extras": 0,
                "total": 0
              }
            }
          ]
        },
        {
          "over": 16,
          "deliveries": [
            {
              "batter": "Ali Khan",
              "bowler": "LA Dawson",
              "non_striker": "Zawar Farid",
              "runs": {
                "batter": 1,
                "extras": 0,
                "total": 1
              }
            },
            {
              "batter": "Zawar Farid",
              "bowler": "LA Dawson",
              "non_striker": "Ali Khan",
              "runs": {
                "batter": 0,
                "extras": 0,
                "total": 0
              }
            },
            {
              "batter": "Zawar Farid",
              "bowler": "LA Dawson",
              "non_striker": "Ali Khan",
              "runs": {
                "batter": 1,
                "extras": 0,
                "total": 1
              }
            },
            {
              "batter": "Ali Khan",
              "bowler": "LA Dawson",
              "non_striker": "Zawar Farid",
              "runs": {
                "batter": 1,
                "extras": 0,
                "total": 1
              }
            },
            {
              "batter": "Zawar Farid",
              "bowler": "LA Dawson",
              "non_striker": "Ali Khan",
              "runs": {
                "batter": 1,
                "extras": 0,
                "total": 1
              }
            },
            {
              "batter": "Ali Khan",
              "bowler": "LA Dawson",
              "non_striker": "Zawar Farid",
              "runs": {
                "batter": 1,
                "extras": 0,
                "total": 1
              }
            }
          ]
        },
        {
          "over": 17,
          "deliveries": [
            {
              "batter": "Ali Khan",
              "bowler": "CJ Jordan",
              "non_striker": "Zawar Farid",
              "runs": {
                "batter": 0,
                "extras": 0,
                "total": 0
              },
              "wickets": [
                {
                  "player_out": "Ali Khan",
                  "kind": "bowled"
                }
              ]
            },
            {
              "batter": "R Rampaul",
              "bowler": "CJ Jordan",
              "non_striker": "Zawar Farid",
              "runs": {
                "batter": 0,
                "extras": 0,
                "total": 0
              }
            },
            {
              "batter": "R Rampaul",
              "bowler": "CJ Jordan",
              "non_striker": "Zawar Farid",
              "runs": {
                "batter": 0,
                "extras": 0,
                "total": 0
              }
            },
            {
              "batter": "R Rampaul",
              "bowler": "CJ Jordan",
              "non_striker": "Zawar Farid",
              "runs": {
                "batter": 1,
                "extras": 0,
                "total": 1
              }
            },
            {
              "batter": "Zawar Farid",
              "bowler": "CJ Jordan",
              "non_striker": "R Rampaul",
              "runs": {
                "batter": 6,
                "extras": 0,
                "total": 6
              }
            },
            {
              "batter": "Zawar Farid",
              "bowler": "CJ Jordan",
              "non_striker": "R Rampaul",
              "runs": {
                "batter": 1,
                "extras": 0,
                "total": 1
              }
            }
          ]
        },
        {
          "over": 18,
          "deliveries": [
            {
              "batter": "Zawar Farid",
              "bowler": "RJ Gleeson",
              "non_striker": "R Rampaul",
              "runs": {
                "batter": 1,
                "extras": 0,
                "total": 1
              }
            },
            {
              "batter": "R Rampaul",
              "bowler": "RJ Gleeson",
              "non_striker": "Zawar Farid",
              "runs": {
                "batter": 1,
                "extras": 0,
                "total": 1
              }
            },
            {
              "batter": "Zawar Farid",
              "bowler": "RJ Gleeson",
              "non_striker": "R Rampaul",
              "runs": {
                "batter": 0,
                "extras": 0,
                "total": 0
              }
            },
            {
              "batter": "Zawar Farid",
              "bowler": "RJ Gleeson",
              "non_striker": "R Rampaul",
              "runs": {
                "batter": 2,
                "extras": 0,
                "total": 2
              }
            },
            {
              "batter": "Zawar Farid",
              "bowler": "RJ Gleeson",
              "non_striker": "R Rampaul",
              "runs": {
                "batter": 4,
                "extras": 0,
                "total": 4
              }
            },
            {
              "batter": "Zawar Farid",
              "bowler": "RJ Gleeson",
              "non_striker": "R Rampaul",
              "runs": {
                "batter": 0,
                "extras": 0,
                "total": 0
              }
            }
          ]
        },
        {
          "over": 19,
          "deliveries": [
            {
              "batter": "R Rampaul",
              "bowler": "CJ Jordan",
              "non_striker": "Zawar Farid",
              "runs": {
                "batter": 0,
                "extras": 0,
                "total": 0
              }
            },
            {
              "batter": "R Rampaul",
              "bowler": "CJ Jordan",
              "non_striker": "Zawar Farid",
              "runs": {
                "batter": 1,
                "extras": 0,
                "total": 1
              }
            },
            {
              "batter": "Zawar Farid",
              "bowler": "CJ Jordan",
              "extras": {
                "legbyes": 2
              },
              "non_striker": "R Rampaul",
              "review": {
                "by": "Gulf Giants",
                "umpire": "RSA Palliyaguruge",
                "batter": "Zawar Farid",
                "decision": "struck down"
              },
              "runs": {
                "batter": 0,
                "extras": 2,
                "total": 2
              }
            },
            {
              "batter": "Zawar Farid",
              "bowler": "CJ Jordan",
              "non_striker": "R Rampaul",
              "runs": {
                "batter": 0,
                "extras": 0,
                "total": 0
              },
              "wickets": [
                {
                  "player_out": "Zawar Farid",
                  "fielders": [
                    {
                      "name": "OJ Pope"
                    }
                  ],
                  "kind": "caught"
                }
              ]
            },
            {
              "batter": "Matiullah Khan",
              "bowler": "CJ Jordan",
              "extras": {
                "wides": 1
              },
              "non_striker": "R Rampaul",
              "runs": {
                "batter": 0,
                "extras": 1,
                "total": 1
              }
            },
            {
              "batter": "Matiullah Khan",
              "bowler": "CJ Jordan",
              "extras": {
                "legbyes": 1
              },
              "non_striker": "R Rampaul",
              "runs": {
                "batter": 0,
                "extras": 1,
                "total": 1
              }
            },
            {
              "batter": "R Rampaul",
              "bowler": "CJ Jordan",
              "non_striker": "Matiullah Khan",
              "runs": {
                "batter": 2,
                "extras": 0,
                "total": 2
              }
            }
          ]
        }
      ],
      "powerplays": [
        {
          "from": 0.1,
          "to": 5.7,
          "type": "mandatory"
        }
      ]
    },
    {
      "team": "Gulf Giants",
      "overs": [
        {
          "over": 0,
          "deliveries": [
            {
              "batter": "JM Vince",
              "bowler": "R Rampaul",
              "non_striker": "Rehan Ahmed",
              "runs": {
                "batter": 0,
                "extras": 0,
                "total": 0
              }
            },
            {
              "batter": "JM Vince",
              "bowler": "R Rampaul",
              "non_striker": "Rehan Ahmed",
              "runs": {
                "batter": 0,
                "extras": 0,
                "total": 0
              }
            },
            {
              "batter": "JM Vince",
              "bowler": "R Rampaul",
              "extras": {
                "legbyes": 1
              },
              "non_striker": "Rehan Ahmed",
              "runs": {
                "batter": 0,
                "extras": 1,
                "total": 1
              }
            },
            {
              "batter": "Rehan Ahmed",
              "bowler": "R Rampaul",
              "non_striker": "JM Vince",
              "runs": {
                "batter": 0,
                "extras": 0,
                "total": 0
              }
            },
            {
              "batter": "Rehan Ahmed",
              "bowler": "R Rampaul",
              "non_striker": "JM Vince",
              "runs": {
                "batter": 0,
                "extras": 0,
                "total": 0
              }
            },
            {
              "batter": "Rehan Ahmed",
              "bowler": "R Rampaul",
              "non_striker": "JM Vince",
              "runs": {
                "batter": 0,
                "extras": 0,
                "total": 0
              }
            }
          ]
        },
        {
          "over": 1,
          "deliveries": [
            {
              "batter": "JM Vince",
              "bowler": "AJ Hosein",
              "non_striker": "Rehan Ahmed",
              "runs": {
                "batter": 1,
                "extras": 0,
                "total": 1
              }
            },
            {
              "batter": "Rehan Ahmed",
              "bowler": "AJ Hosein",
              "non_striker": "JM Vince",
              "runs": {
                "batter": 0,
                "extras": 0,
                "total": 0
              }
            },
            {
              "batter": "Rehan Ahmed",
              "bowler": "AJ Hosein",
              "non_striker": "JM Vince",
              "runs": {
                "batter": 1,
                "extras": 0,
                "total": 1
              }
            },
            {
              "batter": "JM Vince",
              "bowler": "AJ Hosein",
              "non_striker": "Rehan Ahmed",
              "runs": {
                "batter": 1,
                "extras": 0,
                "total": 1
              }
            },
            {
              "batter": "Rehan Ahmed",
              "bowler": "AJ Hosein",
              "non_striker": "JM Vince",
              "runs": {
                "batter": 2,
                "extras": 0,
                "total": 2
              }
            },
            {
              "batter": "Rehan Ahmed",
              "bowler": "AJ Hosein",
              "non_striker": "JM Vince",
              "runs": {
                "batter": 4,
                "extras": 0,
                "total": 4
              }
            }
          ]
        },
        {
          "over": 2,
          "deliveries": [
            {
              "batter": "JM Vince",
              "bowler": "R Rampaul",
              "non_striker": "Rehan Ahmed",
              "runs": {
                "batter": 4,
                "extras": 0,
                "total": 4
              }
            },
            {
              "batter": "JM Vince",
              "bowler": "R Rampaul",
              "non_striker": "Rehan Ahmed",
              "runs": {
                "batter": 4,
                "extras": 0,
                "total": 4
              }
            },
            {
              "batter": "JM Vince",
              "bowler": "R Rampaul",
              "non_striker": "Rehan Ahmed",
              "runs": {
                "batter": 1,
                "extras": 0,
                "total": 1
              }
            },
            {
              "batter": "Rehan Ahmed",
              "bowler": "R Rampaul",
              "non_striker": "JM Vince",
              "runs": {
                "batter": 0,
                "extras": 0,
                "total": 0
              }
            },
            {
              "batter": "Rehan Ahmed",
              "bowler": "R Rampaul",
              "non_striker": "JM Vince",
              "runs": {
                "batter": 0,
                "extras": 0,
                "total": 0
              },
              "wickets": [
                {
                  "player_out": "Rehan Ahmed",
                  "fielders": [
                    {
                      "name": "BA King"
                    }
                  ],
                  "kind": "caught"
                }
              ]
            },
            {
              "batter": "OJ Pope",
              "bowler": "R Rampaul",
              "extras": {
                "wides": 1
              },
              "non_striker": "JM Vince",
              "runs": {
                "batter": 0,
                "extras": 1,
                "total": 1
              }
            },
            {
              "batter": "OJ Pope",
              "bowler": "R Rampaul",
              "non_striker": "JM Vince",
              "runs": {
                "batter": 0,
                "extras": 0,
                "total": 0
              }
            }
          ]
        },
        {
          "over": 3,
          "deliveries": [
            {
              "batter": "JM Vince",
              "bowler": "Matiullah Khan",
              "non_striker": "OJ Pope",
              "runs": {
                "batter": 0,
                "extras": 0,
                "total": 0
              }
            },
            {
              "batter": "JM Vince",
              "bowler": "Matiullah Khan",
              "non_striker": "OJ Pope",
              "runs": {
                "batter": 0,
                "extras": 0,
                "total": 0
              }
            },
            {
              "batter": "JM Vince",
              "bowler": "Matiullah Khan",
              "non_striker": "OJ Pope",
              "runs": {
                "batter": 2,
                "extras": 0,
                "total": 2
              }
            },
            {
              "batter": "JM Vince",
              "bowler": "Matiullah Khan",
              "non_striker": "OJ Pope",
              "runs": {
                "batter": 0,
                "extras": 0,
                "total": 0
              }
            },
            {
              "batter": "JM Vince",
              "bowler": "Matiullah Khan",
              "non_striker": "OJ Pope",
              "runs": {
                "batter": 0,
                "extras": 0,
                "total": 0
              }
            },
            {
              "batter": "JM Vince",
              "bowler": "Matiullah Khan",
              "non_striker": "OJ Pope",
              "runs": {
                "batter": 1,
                "extras": 0,
                "total": 1
              }
            }
          ]
        },
        {
          "over": 4,
          "deliveries": [
            {
              "batter": "JM Vince",
              "bowler": "R Rampaul",
              "non_striker": "OJ Pope",
              "runs": {
                "batter": 4,
                "extras": 0,
                "total": 4
              }
            },
            {
              "batter": "JM Vince",
              "bowler": "R Rampaul",
              "non_striker": "OJ Pope",
              "runs": {
                "batter": 2,
                "extras": 0,
                "total": 2
              }
            },
            {
              "batter": "JM Vince",
              "bowler": "R Rampaul",
              "non_striker": "OJ Pope",
              "runs": {
                "batter": 0,
                "extras": 0,
                "total": 0
              }
            },
            {
              "batter": "JM Vince",
              "bowler": "R Rampaul",
              "non_striker": "OJ Pope",
              "runs": {
                "batter": 6,
                "extras": 0,
                "total": 6
              }
            },
            {
              "batter": "JM Vince",
              "bowler": "R Rampaul",
              "non_striker": "OJ Pope",
              "runs": {
                "batter": 4,
                "extras": 0,
                "total": 4
              }
            },
            {
              "batter": "JM Vince",
              "bowler": "R Rampaul",
              "non_striker": "OJ Pope",
              "runs": {
                "batter": 1,
                "extras": 0,
                "total": 1
              }
            }
          ]
        },
        {
          "over": 5,
          "deliveries": [
            {
              "batter": "JM Vince",
              "bowler": "Matiullah Khan",
              "non_striker": "OJ Pope",
              "runs": {
                "batter": 1,
                "extras": 0,
                "total": 1
              }
            },
            {
              "batter": "OJ Pope",
              "bowler": "Matiullah Khan",
              "non_striker": "JM Vince",
              "runs": {
                "batter": 0,
                "extras": 0,
                "total": 0
              }
            },
            {
              "batter": "OJ Pope",
              "bowler": "Matiullah Khan",
              "non_striker": "JM Vince",
              "runs": {
                "batter": 0,
                "extras": 0,
                "total": 0
              }
            },
            {
              "batter": "OJ Pope",
              "bowler": "Matiullah Khan",
              "extras": {
                "wides": 1
              },
              "non_striker": "JM Vince",
              "runs": {
                "batter": 0,
                "extras": 1,
                "total": 1
              }
            },
            {
              "batter": "OJ Pope",
              "bowler": "Matiullah Khan",
              "non_striker": "JM Vince",
              "runs": {
                "batter": 4,
                "extras": 0,
                "total": 4
              }
            },
            {
              "batter": "OJ Pope",
              "bowler": "Matiullah Khan",
              "non_striker": "JM Vince",
              "runs": {
                "batter": 0,
                "extras": 0,
                "total": 0
              }
            },
            {
              "batter": "OJ Pope",
              "bowler": "Matiullah Khan",
              "non_striker": "JM Vince",
              "runs": {
                "batter": 4,
                "extras": 0,
                "total": 4
              }
            }
          ]
        },
        {
          "over": 6,
          "deliveries": [
            {
              "batter": "JM Vince",
              "bowler": "Ali Khan",
              "non_striker": "OJ Pope",
              "runs": {
                "batter": 0,
                "extras": 0,
                "total": 0
              }
            },
            {
              "batter": "JM Vince",
              "bowler": "Ali Khan",
              "non_striker": "OJ Pope",
              "runs": {
                "batter": 1,
                "extras": 0,
                "total": 1
              }
            },
            {
              "batter": "OJ Pope",
              "bowler": "Ali Khan",
              "non_striker": "JM Vince",
              "runs": {
                "batter": 2,
                "extras": 0,
                "total": 2
              }
            },
            {
              "batter": "OJ Pope",
              "bowler": "Ali Khan",
              "non_striker": "JM Vince",
              "runs": {
                "batter": 0,
                "extras": 0,
                "total": 0
              }
            },
            {
              "batter": "OJ Pope",
              "bowler": "Ali Khan",
              "non_striker": "JM Vince",
              "runs": {
                "batter": 1,
                "extras": 0,
                "total": 1
              }
            },
            {
              "batter": "JM Vince",
              "bowler": "Ali Khan",
              "non_striker": "OJ Pope",
              "runs": {
                "batter": 1,
                "extras": 0,
                "total": 1
              }
            }
          ]
        },
        {
          "over": 7,
          "deliveries": [
            {
              "batter": "JM Vince",
              "bowler": "SP Narine",
              "non_striker": "OJ Pope",
              "runs": {
                "batter": 0,
                "extras": 0,
                "total": 0
              }
            },
            {
              "batter": "JM Vince",
              "bowler": "SP Narine",
              "non_striker": "OJ Pope",
              "runs": {
                "batter": 0,
                "extras": 0,
                "total": 0
              }
            },
            {
              "batter": "JM Vince",
              "bowler": "SP Narine",
              "non_striker": "OJ Pope",
              "runs": {
                "batter": 0,
                "extras": 0,
                "total": 0
              }
            },
            {
              "batter": "JM Vince",
              "bowler": "SP Narine",
              "non_striker": "OJ Pope",
              "runs": {
                "batter": 0,
                "extras": 0,
                "total": 0
              }
            },
            {
              "batter": "JM Vince",
              "bowler": "SP Narine",
              "non_striker": "OJ Pope",
              "runs": {
                "batter": 2,
                "extras": 0,
                "total": 2
              }
            },
            {
              "batter": "JM Vince",
              "bowler": "SP Narine",
              "non_striker": "OJ Pope",
              "runs": {
                "batter": 0,
                "extras": 0,
                "total": 0
              }
            }
          ]
        },
        {
          "over": 8,
          "deliveries": [
            {
              "batter": "OJ Pope",
              "bowler": "AJ Hosein",
              "non_striker": "JM Vince",
              "runs": {
                "batter": 1,
                "extras": 0,
                "total": 1
              }
            },
            {
              "batter": "JM Vince",
              "bowler": "AJ Hosein",
              "non_striker": "OJ Pope",
              "runs": {
                "batter": 2,
                "extras": 0,
                "total": 2
              }
            },
            {
              "batter": "JM Vince",
              "bowler": "AJ Hosein",
              "non_striker": "OJ Pope",
              "runs": {
                "batter": 6,
                "extras": 0,
                "total": 6
              }
            },
            {
              "batter": "JM Vince",
              "bowler": "AJ Hosein",
              "non_striker": "OJ Pope",
              "runs": {
                "batter": 6,
                "extras": 0,
                "total": 6
              }
            },
            {
              "batter": "JM Vince",
              "bowler": "AJ Hosein",
              "non_striker": "OJ Pope",
              "runs": {
                "batter": 1,
                "extras": 0,
                "total": 1
              }
            },
            {
              "batter": "OJ Pope",
              "bowler": "AJ Hosein",
              "non_striker": "JM Vince",
              "runs": {
                "batter": 1,
                "extras": 0,
                "total": 1
              }
            }
          ]
        },
        {
          "over": 9,
          "deliveries": [
            {
              "batter": "OJ Pope",
              "bowler": "SP Narine",
              "non_striker": "JM Vince",
              "runs": {
                "batter": 1,
                "extras": 0,
                "total": 1
              }
            },
            {
              "batter": "JM Vince",
              "bowler": "SP Narine",
              "non_striker": "OJ Pope",
              "runs": {
                "batter": 1,
                "extras": 0,
                "total": 1
              }
            },
            {
              "batter": "OJ Pope",
              "bowler": "SP Narine",
              "non_striker": "JM Vince",
              "runs": {
                "batter": 1,
                "extras": 0,
                "total": 1
              }
            },
            {
              "batter": "JM Vince",
              "bowler": "SP Narine",
              "non_striker": "OJ Pope",
              "runs": {
                "batter": 0,
                "extras": 0,
                "total": 0
              }
            },
            {
              "batter": "JM Vince",
              "bowler": "SP Narine",
              "non_striker": "OJ Pope",
              "runs": {
                "batter": 0,
                "extras": 0,
                "total": 0
              }
            },
            {
              "batter": "JM Vince",
              "bowler": "SP Narine",
              "non_striker": "OJ Pope",
              "runs": {
                "batter": 0,
                "extras": 0,
                "total": 0
              }
            }
          ]
        },
        {
          "over": 10,
          "deliveries": [
            {
              "batter": "OJ Pope",
              "bowler": "Ali Khan",
              "non_striker": "JM Vince",
              "runs": {
                "batter": 1,
                "extras": 0,
                "total": 1
              }
            },
            {
              "batter": "JM Vince",
              "bowler": "Ali Khan",
              "non_striker": "OJ Pope",
              "runs": {
                "batter": 2,
                "extras": 0,
                "total": 2
              }
            },
            {
              "batter": "JM Vince",
              "bowler": "Ali Khan",
              "non_striker": "OJ Pope",
              "runs": {
                "batter": 1,
                "extras": 0,
                "total": 1
              }
            },
            {
              "batter": "OJ Pope",
              "bowler": "Ali Khan",
              "non_striker": "JM Vince",
              "runs": {
                "batter": 0,
                "extras": 0,
                "total": 0
              }
            },
            {
              "batter": "OJ Pope",
              "bowler": "Ali Khan",
              "extras": {
                "wides": 1
              },
              "non_striker": "JM Vince",
              "runs": {
                "batter": 0,
                "extras": 1,
                "total": 1
              }
            },
            {
              "batter": "OJ Pope",
              "bowler": "Ali Khan",
              "non_striker": "JM Vince",
              "runs": {
                "batter": 1,
                "extras": 0,
                "total": 1
              }
            },
            {
              "batter": "JM Vince",
              "bowler": "Ali Khan",
              "non_striker": "OJ Pope",
              "runs": {
                "batter": 2,
                "extras": 0,
                "total": 2
              }
            }
          ]
        },
        {
          "over": 11,
          "deliveries": [
            {
              "batter": "OJ Pope",
              "bowler": "SP Narine",
              "non_striker": "JM Vince",
              "runs": {
                "batter": 1,
                "extras": 0,
                "total": 1
              }
            },
            {
              "batter": "JM Vince",
              "bowler": "SP Narine",
              "non_striker": "OJ Pope",
              "runs": {
                "batter": 6,
                "extras": 0,
                "total": 6
              }
            },
            {
              "batter": "JM Vince",
              "bowler": "SP Narine",
              "non_striker": "OJ Pope",
              "runs": {
                "batter": 2,
                "extras": 0,
                "total": 2
              }
            },
            {
              "batter": "JM Vince",
              "bowler": "SP Narine",
              "non_striker": "OJ Pope",
              "runs": {
                "batter": 0,
                "extras": 0,
                "total": 0
              },
              "wickets": [
                {
                  "player_out": "JM Vince",
                  "kind": "bowled"
                }
              ]
            },
            {
              "batter": "MG Erasmus",
              "bowler": "SP Narine",
              "non_striker": "OJ Pope",
              "runs": {
                "batter": 1,
                "extras": 0,
                "total": 1
              }
            },
            {
              "batter": "OJ Pope",
              "bowler": "SP Narine",
              "non_striker": "MG Erasmus",
              "runs": {
                "batter": 0,
                "extras": 0,
                "total": 0
              },
              "wickets": [
                {
                  "player_out": "OJ Pope",
                  "kind": "bowled"
                }
              ]
            }
          ]
        },
        {
          "over": 12,
          "deliveries": [
            {
              "batter": "MG Erasmus",
              "bowler": "AJ Hosein",
              "non_striker": "SO Hetmyer",
              "runs": {
                "batter": 0,
                "extras": 0,
                "total": 0
              },
              "wickets": [
                {
                  "player_out": "MG Erasmus",
                  "fielders": [
                    {
                      "name": "C Esterhuizen"
                    }
                  ],
                  "kind": "stumped"
                }
              ]
            },
            {
              "batter": "D Wiese",
              "bowler": "AJ Hosein",
              "non_striker": "SO Hetmyer",
              "runs": {
                "batter": 1,
                "extras": 0,
                "total": 1
              }
            },
            {
              "batter": "SO Hetmyer",
              "bowler": "AJ Hosein",
              "non_striker": "D Wiese",
              "runs": {
                "batter": 2,
                "extras": 0,
                "total": 2
              }
            },
            {
              "batter": "SO Hetmyer",
              "bowler": "AJ Hosein",
              "non_striker": "D Wiese",
              "runs": {
                "batter": 1,
                "extras": 0,
                "total": 1
              }
            },
            {
              "batter": "D Wiese",
              "bowler": "AJ Hosein",
              "non_striker": "SO Hetmyer",
              "runs": {
                "batter": 2,
                "extras": 0,
                "total": 2
              }
            },
            {
              "batter": "D Wiese",
              "bowler": "AJ Hosein",
              "non_striker": "SO Hetmyer",
              "runs": {
                "batter": 0,
                "extras": 0,
                "total": 0
              }
            }
          ]
        },
        {
          "over": 13,
          "deliveries": [
            {
              "batter": "SO Hetmyer",
              "bowler": "SP Narine",
              "non_striker": "D Wiese",
              "runs": {
                "batter": 2,
                "extras": 0,
                "total": 2
              }
            },
            {
              "batter": "SO Hetmyer",
              "bowler": "SP Narine",
              "non_striker": "D Wiese",
              "runs": {
                "batter": 1,
                "extras": 0,
                "total": 1
              }
            },
            {
              "batter": "D Wiese",
              "bowler": "SP Narine",
              "non_striker": "SO Hetmyer",
              "runs": {
                "batter": 0,
                "extras": 0,
                "total": 0
              }
            },
            {
              "batter": "D Wiese",
              "bowler": "SP Narine",
              "non_striker": "SO Hetmyer",
              "runs": {
                "batter": 1,
                "extras": 0,
                "total": 1
              }
            },
            {
              "batter": "D Wiese",
              "bowler": "SP Narine",
              "non_striker": "SO Hetmyer",
              "runs": {
                "batter": 1,
                "extras": 0,
                "total": 1
              }
            },
            {
              "batter": "SO Hetmyer",
              "bowler": "SP Narine",
              "non_striker": "D Wiese",
              "runs": {
                "batter": 1,
                "extras": 0,
                "total": 1
              }
            }
          ]
        },
        {
          "over": 14,
          "deliveries": [
            {
              "batter": "SO Hetmyer",
              "bowler": "AJ Hosein",
              "extras": {
                "wides": 1
              },
              "non_striker": "D Wiese",
              "runs": {
                "batter": 0,
                "extras": 1,
                "total": 1
              }
            },
            {
              "batter": "SO Hetmyer",
              "bowler": "AJ Hosein",
              "non_striker": "D Wiese",
              "runs": {
                "batter": 6,
                "extras": 0,
                "total": 6
              }
            },
            {
              "batter": "SO Hetmyer",
              "bowler": "AJ Hosein",
              "non_striker": "D Wiese",
              "runs": {
                "batter": 1,
                "extras": 0,
                "total": 1
              }
            }
          ]
        }
      ],
      "powerplays": [
        {
          "from": 0.1,
          "to": 5.7,
          "type": "mandatory"
        }
      ],
      "target": {
        "overs": 20,
        "runs": 115
      }
    }
  ]
}