{
  "meta": {
    "data_version": "1.1.0",
    "created": "2024-02-08",
    "revision": 1
  },
  "info": {
    "balls_per_over": 6,
    "city": "Dubai",
    "dates": [
      "2024-02-08"
    ],
    "event": {
      "name": "International League T20",
      "match_number": 26
    },
    "gender": "male",
    "match_type": "T20",
    "officials": {
      "match_referees": [
        "RS Mahanama"
      ],
      "reserve_umpires": [
        "AT Holdstock"
      ],
      "tv_umpires": [
        "LS Reifer"
      ],
      "umpires": [
        "MJ Saggers",
        "Shiju Sam"
      ]
    },
    "outcome": {
      "winner": "Gulf Giants",
      "by": {
        "runs": 5
      }
    },
    "overs": 20,
    "player_of_match": [
      "CJ Jordan"
    ],
    "players": {
      "Gulf Giants": [
        "JM Vince",
        "JM Cox",
        "CA Lynn",
        "SO Hetmyer",
        "MG Erasmus",
        "JL Smith",
        "J Overton",
        "DC Drakes",
        "CJ Jordan",
        "Aayan Afzal Khan",
        "Zuhaib Zubair",
        "B Muzarabani"
      ],
      "MI Emirates": [
        "MDKJ Perera",
        "Waseem Muhammad",
        "ADS Fletcher",
        "AT Rayudu",
        "DR Mousley",
        "KA Pollard",
        "OF Smith",
        "JA Thompson",
        "V Viyaskanth",
        "TA Boult",
        "Muhammad Rohid",
        "Waqar Salamkheil"
      ]
    },
    "registry": {
      "people": {
        "ADS Fletcher": "1bae756b",
        "AT Holdstock": "6fa3258c",
        "AT Rayudu": "70d205c9",
        "Aayan Afzal Khan": "d2d15439",
        "B Muzarabani": "449f4e3c",
        "CA Lynn": "45eda7c8",
        "CJ Jordan": "ffe699c0",
        "DC Drakes": "34b332d3",
        "DR Mousley": "876dbe2d",
        "J Overton": "59559bc2",
        "JA Thompson": "1d2f290a",
        "JL Smith": "c834c290",
        "JM Cox": "ff154ecd",
        "JM Vince": "a15618fe",
        "KA Pollard": "a757b0d8",
        "LS Reifer": "5dee559a",
        "MDKJ Perera": "f21043a5",
        "MG Erasmus": "95a5e066",
        "MJ Saggers": "402d5937",
        "Muhammad Rohid": "9103ecdb",
        "OF Smith": "23cca426",
        "RS Mahanama": "57910393",
        "SO Hetmyer": "48a1d7b7",
        "Shiju Sam": "1e2f3eae",
        "TA Boult": "a818c1be",
        "V Viyaskanth": "03a83c50",
        "Waqar Salamkheil": "3f1066d0",
        "Waseem Muhammad": "6f02fe2a",
        "Zuhaib Zubair": "9124aa4c"
      }
    },
    "season": "2023/24",
    "team_type": "club",
    "teams": [
      "Gulf Giants",
      "MI Emirates"
    ],
    "toss": {
      "decision": "field",
      "winner": "MI Emirates"
    },
    "venue": "Dubai International Cricket Stadium"
  },
  "innings": [
    {
      "team": "Gulf Giants",
      "overs": [
        {
          "over": 0,
          "deliveries": [
            {
              "batter": "JM Vince",
              "bowler": "TA Boult",
              "non_striker": "JM Cox",
              "runs": {
                "batter": 0,
                "extras": 0,
                "total": 0
              }
            },
            {
              "batter": "JM Vince",
              "bowler": "TA Boult",
              "non_striker": "JM Cox",
              "runs": {
                "batter": 2,
                "extras": 0,
                "total": 2
              }
            },
            {
              "batter": "JM Vince",
              "bowler": "TA Boult",
              "non_striker": "JM Cox",
              "runs": {
                "batter": 0,
                "extras": 0,
                "total": 0
              }
            },
            {
              "batter": "JM Vince",
              "bowler": "TA Boult",
              "non_striker": "JM Cox",
              "runs": {
                "batter": 0,
                "extras": 0,
                "total": 0
              }
            },
            {
              "batter": "JM Vince",
              "bowler": "TA Boult",
              "non_striker": "JM Cox",
              "runs": {
                "batter": 4,
                "extras": 0,
                "total": 4
              }
            },
            {
              "batter": "JM Vince",
              "bowler": "TA Boult",
              "non_striker": "JM Cox",
              "runs": {
                "batter": 1,
                "extras": 0,
                "total": 1
              }
            }
          ]
        },
        {
          "over": 1,
          "deliveries": [
            {
              "batter": "JM Vince",
              "bowler": "Muhammad Rohid",
              "non_striker": "JM Cox",
              "runs": {
                "batter": 0,
                "extras": 0,
                "total": 0
              }
            },
            {
              "batter": "JM Vince",
              "bowler": "Muhammad Rohid",
              "non_striker": "JM Cox",
              "runs": {
                "batter": 4,
                "extras": 0,
                "total": 4
              }
            },
            {
              "batter": "JM Vince",
              "bowler": "Muhammad Rohid",
              "non_striker": "JM Cox",
              "runs": {
                "batter": 0,
                "extras": 0,
                "total": 0
              }
            },
            {
              "batter": "JM Vince",
              "bowler": "Muhammad Rohid",
              "non_striker": "JM Cox",
              "runs": {
                "batter": 4,
                "extras": 0,
                "total": 4
              }
            },
            {
              "batter": "JM Vince",
              "bowler": "Muhammad Rohid",
              "non_striker": "JM Cox",
              "runs": {
                "batter": 6,
                "extras": 0,
                "total": 6
              }
            },
            {
              "batter": "JM Vince",
              "bowler": "Muhammad Rohid",
              "non_striker": "JM Cox",
              "runs": {
                "batter": 0,
                "extras": 0,
                "total": 0
              }
            }
          ]
        },
        {
          "over": 2,
          "deliveries": [
            {
              "batter": "JM Cox",
              "bowler": "TA Boult",
              "non_striker": "JM Vince",
              "runs": {
                "batter": 1,
                "extras": 0,
                "total": 1
              }
            },
            {
              "batter": "JM Vince",
              "bowler": "TA Boult",
              "non_striker": "JM Cox",
              "runs": {
                "batter": 0,
                "extras": 0,
                "total": 0
              }
            },
            {
              "batter": "JM Vince",
              "bowler": "TA Boult",
              "non_striker": "JM Cox",
              "runs": {
                "batter": 4,
                "extras": 0,
                "total": 4
              }
            },
            {
              "batter": "JM Vince",
              "bowler": "TA Boult",
              "non_striker": "JM Cox",
              "runs": {
                "batter": 4,
                "extras": 0,
                "total": 4
              }
            },
            {
              "batter": "JM Vince",
              "bowler": "TA Boult",
              "non_striker": "JM Cox",
              "runs": {
                "batter": 4,
                "extras": 0,
                "total": 4
              }
            },
            {
              "batter": "JM Vince",
              "bowler": "TA Boult",
              "non_striker": "JM Cox",
              "runs": {
                "batter": 1,
                "extras": 0,
                "total": 1
              }
            }
          ]
        },
        {
          "over": 3,
          "deliveries": [
            {
              "batter": "JM Vince",
              "bowler": "JA Thompson",
              "extras": {
                "wides": 1
              },
              "non_striker": "JM Cox",
              "runs": {
                "batter": 0,
                "extras": 1,
                "total": 1
              }
            },
            {
              "batter": "JM Vince",
              "bowler": "JA Thompson",
              "non_striker": "JM Cox",
              "runs": {
                "batter": 1,
                "extras": 0,
                "total": 1
              }
            },
            {
              "batter": "JM Cox",
              "bowler": "JA Thompson",
              "non_striker": "JM Vince",
              "runs": {
                "batter": 0,
                "extras": 0,
                "total": 0
              }
            },
            {
              "batter": "JM Cox",
              "bowler": "JA Thompson",
              "non_striker": "JM Vince",
              "runs": {
                "batter": 1,
                "extras": 0,
                "total": 1
              }
            },
            {
              "batter": "JM Vince",
              "bowler": "JA Thompson",
              "non_striker": "JM Cox",
              "runs": {
                "batter": 4,
                "extras": 0,
                "total": 4
              }
            },
            {
              "batter": "JM Vince",
              "bowler": "JA Thompson",
              "non_striker": "JM Cox",
              "runs": {
                "batter": 1,
                "extras": 0,
                "total": 1
              }
            },
            {
              "batter": "JM Cox",
              "bowler": "JA Thompson",
              "non_striker": "JM Vince",
              "runs": {
                "batter": 0,
                "extras": 0,
                "total": 0
              }
            }
          ]
        },
        {
          "over": 4,
          "deliveries": [
            {
              "batter": "JM Vince",
              "bowler": "V Viyaskanth",
              "non_striker": "JM Cox",
              "runs": {
                "batter": 1,
                "extras": 0,
                "total": 1
              }
            },
            {
              "batter": "JM Cox",
              "bowler": "V Viyaskanth",
              "non_striker": "JM Vince",
              "review": {
                "by": "Gulf Giants",
                "umpire": "Shiju Sam",
                "batter": "JM Cox",
                "decision": "struck down",
                "type": "wicket"
              },
              "runs": {
                "batter": 0,
                "extras": 0,
                "total": 0
              },
              "wickets": [
                {
                  "player_out": "JM Cox",
                  "kind": "lbw"
                }
              ]
            },
            {
              "batter": "CA Lynn",
              "bowler": "V Viyaskanth",
              "non_striker": "JM Vince",
              "runs": {
                "batter": 1,
                "extras": 0,
                "total": 1
              }
            },
            {
              "batter": "JM Vince",
              "bowler": "V Viyaskanth",
              "non_striker": "CA Lynn",
              "runs": {
                "batter": 1,
                "extras": 0,
                "total": 1
              }
            },
            {
              "batter": "CA Lynn",
              "bowler": "V Viyaskanth",
              "non_striker": "JM Vince",
              "runs": {
                "batter": 0,
                "extras": 0,
                "total": 0
              }
            },
            {
              "batter": "CA Lynn",
              "bowler": "V Viyaskanth",
              "non_striker": "JM Vince",
              "runs": {
                "batter": 0,
                "extras": 0,
                "total": 0
              }
            }
          ]
        },
        {
          "over": 5,
          "deliveries": [
            {
              "batter": "JM Vince",
              "bowler": "JA Thompson",
              "non_striker": "CA Lynn",
              "runs": {
                "batter": 1,
                "extras": 0,
                "total": 1
              }
            },
            {
              "batter": "CA Lynn",
              "bowler": "JA Thompson",
              "non_striker": "JM Vince",
              "runs": {
                "batter": 0,
                "extras": 0,
                "total": 0
              }
            },
            {
              "batter": "CA Lynn",
              "bowler": "JA Thompson",
              "non_striker": "JM Vince",
              "runs": {
                "batter": 4,
                "extras": 0,
                "total": 4
              }
            },
            {
              "batter": "CA Lynn",
              "bowler": "JA Thompson",
              "non_striker": "JM Vince",
              "runs": {
                "batter": 1,
                "extras": 0,
                "total": 1
              }
            },
            {
              "batter": "JM Vince",
              "bowler": "JA Thompson",
              "non_striker": "CA Lynn",
              "runs": {
                "batter": 0,
                "extras": 0,
                "total": 0
              }
            },
            {
              "batter": "JM Vince",
              "bowler": "JA Thompson",
              "non_striker": "CA Lynn",
              "runs": {
                "batter": 1,
                "extras": 0,
                "total": 1
              }
            }
          ]
        },
        {
          "over": 6,
          "deliveries": [
            {
              "batter": "JM Vince",
              "bowler": "Waqar Salamkheil",
              "non_striker": "CA Lynn",
              "runs": {
                "batter": 1,
                "extras": 0,
                "total": 1
              }
            },
            {
              "batter": "CA Lynn",
              "bowler": "Waqar Salamkheil",
              "non_striker": "JM Vince",
              "runs": {
                "batter": 1,
                "extras": 0,
                "total": 1
              }
            },
            {
              "batter": "JM Vince",
              "bowler": "Waqar Salamkheil",
              "non_striker": "CA Lynn",
              "runs": {
                "batter": 1,
                "extras": 0,
                "total": 1
              }
            },
            {
              "batter": "CA Lynn",
              "bowler": "Waqar Salamkheil",
              "non_striker": "JM Vince",
              "runs": {
                "batter": 4,
                "extras": 0,
                "total": 4
              }
            },
            {
              "batter": "CA Lynn",
              "bowler": "Waqar Salamkheil",
              "non_striker": "JM Vince",
              "runs": {
                "batter": 0,
                "extras": 0,
                "total": 0
              }
            },
            {
              "batter": "CA Lynn",
              "bowler": "Waqar Salamkheil",
              "non_striker": "JM Vince",
              "runs": {
                "batter": 1,
                "extras": 0,
                "total": 1
              }
            }
          ]
        },
        {
          "over": 7,
          "deliveries": [
            {
              "batter": "CA Lynn",
              "bowler": "V Viyaskanth",
              "non_striker": "JM Vince",
              "runs": {
                "batter": 1,
                "extras": 0,
                "total": 1
              }
            },
            {
              "batter": "JM Vince",
              "bowler": "V Viyaskanth",
              "non_striker": "CA Lynn",
              "runs": {
                "batter": 0,
                "extras": 0,
                "total": 0
              }
            },
            {
              "batter": "JM Vince",
              "bowler": "V Viyaskanth",
              "non_striker": "CA Lynn",
              "runs": {
                "batter": 1,
                "extras": 0,
                "total": 1
              }
            },
            {
              "batter": "CA Lynn",
              "bowler": "V Viyaskanth",
              "non_striker": "JM Vince",
              "runs": {
                "batter": 1,
                "extras": 0,
                "total": 1
              }
            },
            {
              "batter": "JM Vince",
              "bowler": "V Viyaskanth",
              "non_striker": "CA Lynn",
              "runs": {
                "batter": 1,
                "extras": 0,
                "total": 1
              }
            },
            {
              "batter": "CA Lynn",
              "bowler": "V Viyaskanth",
              "non_striker": "JM Vince",
              "runs": {
                "batter": 1,
                "extras": 0,
                "total": 1
              }
            }
          ]
        },
        {
          "over": 8,
          "deliveries": [
            {
              "batter": "CA Lynn",
              "bowler": "Waqar Salamkheil",
              "non_striker": "JM Vince",
              "runs": {
                "batter": 0,
                "extras": 0,
                "total": 0
              }
            },
            {
              "batter": "CA Lynn",
              "bowler": "Waqar Salamkheil",
              "non_striker": "JM Vince",
              "runs": {
                "batter": 0,
                "extras": 0,
                "total": 0
              }
            },
            {
              "batter": "CA Lynn",
              "bowler": "Waqar Salamkheil",
              "non_striker": "JM Vince",
              "runs": {
                "batter": 1,
                "extras": 0,
                "total": 1
              }
            },
            {
              "batter": "JM Vince",
              "bowler": "Waqar Salamkheil",
              "non_striker": "CA Lynn",
              "runs": {
                "batter": 1,
                "extras": 0,
                "total": 1
              }
            },
            {
              "batter": "CA Lynn",
              "bowler": "Waqar Salamkheil",
              "non_striker": "JM Vince",
              "runs": {
                "batter": 0,
                "extras": 0,
                "total": 0
              },
              "wickets": [
                {
                  "player_out": "CA Lynn",
                  "kind": "bowled"
                }
              ]
            },
            {
              "batter": "SO Hetmyer",
              "bowler": "Waqar Salamkheil",
              "non_striker": "JM Vince",
              "runs": {
                "batter": 0,
                "extras": 0,
                "total": 0
              }
            }
          ]
        },
        {
          "over": 9,
          "deliveries": [
            {
              "batter": "JM Vince",
              "bowler": "V Viyaskanth",
              "non_striker": "SO Hetmyer",
              "runs": {
                "batter": 1,
                "extras": 0,
                "total": 1
              }
            },
            {
              "batter": "SO Hetmyer",
              "bowler": "V Viyaskanth",
              "non_striker": "JM Vince",
              "runs": {
                "batter": 1,
                "extras": 0,
                "total": 1
              }
            },
            {
              "batter": "JM Vince",
              "bowler": "V Viyaskanth",
              "non_striker": "SO Hetmyer",
              "runs": {
                "batter": 1,
                "extras": 0,
                "total": 1
              }
            },
            {
              "batter": "SO Hetmyer",
              "bowler": "V Viyaskanth",
              "non_striker": "JM Vince",
              "runs": {
                "batter": 1,
                "extras": 0,
                "total": 1
              }
            },
            {
              "batter": "JM Vince",
              "bowler": "V Viyaskanth",
              "non_striker": "SO Hetmyer",
              "runs": {
                "batter": 1,
                "extras": 0,
                "total": 1
              }
            },
            {
              "batter": "SO Hetmyer",
              "bowler": "V Viyaskanth",
              "non_striker": "JM Vince",
              "runs": {
                "batter": 0,
                "extras": 0,
                "total": 0
              }
            }
          ]
        },
        {
          "over": 10,
          "deliveries": [
            {
              "batter": "JM Vince",
              "bowler": "Waqar Salamkheil",
              "non_striker": "SO Hetmyer",
              "runs": {
                "batter": 1,
                "extras": 0,
                "total": 1
              }
            },
            {
              "batter": "SO Hetmyer",
              "bowler": "Waqar Salamkheil",
              "non_striker": "JM Vince",
              "runs": {
                "batter": 0,
                "extras": 0,
                "total": 0
              }
            },
            {
              "batter": "SO Hetmyer",
              "bowler": "Waqar Salamkheil",
              "non_striker": "JM Vince",
              "runs": {
                "batter": 0,
                "extras": 0,
                "total": 0
              },
              "wickets": [
                {
                  "player_out": "SO Hetmyer",
                  "kind": "bowled"
                }
              ]
            },
            {
              "batter": "MG Erasmus",
              "bowler": "Waqar Salamkheil",
              "non_striker": "JM Vince",
              "runs": {
                "batter": 1,
                "extras": 0,
                "total": 1
              }
            },
            {
              "batter": "JM Vince",
              "bowler": "Waqar Salamkheil",
              "non_striker": "MG Erasmus",
              "runs": {
                "batter": 1,
                "extras": 0,
                "total": 1
              }
            },
            {
              "batter": "MG Erasmus",
              "bowler": "Waqar Salamkheil",
              "non_striker": "JM Vince",
              "runs": {
                "batter": 1,
                "extras": 0,
                "total": 1
              }
            }
          ]
        },
        {
          "over": 11,
          "deliveries": [
            {
              "batter": "MG Erasmus",
              "bowler": "OF Smith",
              "non_striker": "JM Vince",
              "runs": {
                "batter": 1,
                "extras": 0,
                "total": 1
              }
            },
            {
              "batter": "JM Vince",
              "bowler": "OF Smith",
              "non_striker": "MG Erasmus",
              "runs": {
                "batter": 1,
                "extras": 0,
                "total": 1
              }
            },
            {
              "batter": "MG Erasmus",
              "bowler": "OF Smith",
              "non_striker": "JM Vince",
              "runs": {
                "batter": 4,
                "extras": 0,
                "total": 4
              }
            },
            {
              "batter": "MG Erasmus",
              "bowler": "OF Smith",
              "non_striker": "JM Vince",
              "runs": {
                "batter": 0,
                "extras": 0,
                "total": 0
              },
              "wickets": [
                {
                  "player_out": "MG Erasmus",
                  "fielders": [
                    {
                      "name": "ADS Fletcher"
                    }
                  ],
                  "kind": "caught"
                }
              ]
            },
            {
              "batter": "JL Smith",
              "bowler": "OF Smith",
              "non_striker": "JM Vince",
              "runs": {
                "batter": 1,
                "extras": 0,
                "total": 1
              }
            },
            {
              "batter": "JM Vince",
              "bowler": "OF Smith",
              "non_striker": "JL Smith",
              "runs": {
                "batter": 1,
                "extras": 0,
                "total": 1
              }
            }
          ]
        },
        {
          "over": 12,
          "deliveries": [
            {
              "batter": "JM Vince",
              "bowler": "DR Mousley",
              "non_striker": "JL Smith",
              "runs": {
                "batter": 1,
                "extras": 0,
                "total": 1
              }
            },
            {
              "batter": "JL Smith",
              "bowler": "DR Mousley",
              "non_striker": "JM Vince",
              "runs": {
                "batter": 1,
                "extras": 0,
                "total": 1
              }
            },
            {
              "batter": "JM Vince",
              "bowler": "DR Mousley",
              "non_striker": "JL Smith",
              "runs": {
                "batter": 2,
                "extras": 0,
                "total": 2
              }
            },
            {
              "batter": "JM Vince",
              "bowler": "DR Mousley",
              "non_striker": "JL Smith",
              "runs": {
                "batter": 0,
                "extras": 0,
                "total": 0
              },
              "wickets": [
                {
                  "player_out": "JM Vince",
                  "fielders": [
                    {
                      "name": "ADS Fletcher"
                    }
                  ],
                  "kind": "caught"
                }
              ]
            },
            {
              "batter": "J Overton",
              "bowler": "DR Mousley",
              "non_striker": "JL Smith",
              "runs": {
                "batter": 1,
                "extras": 0,
                "total": 1
              }
            },
            {
              "batter": "JL Smith",
              "bowler": "DR Mousley",
              "non_striker": "J Overton",
              "runs": {
                "batter": 1,
                "extras": 0,
                "total": 1
              }
            }
          ]
        },
        {
          "over": 13,
          "deliveries": [
            {
              "batter": "JL Smith",
              "bowler": "OF Smith",
              "non_striker": "J Overton",
              "runs": {
                "batter": 0,
                "extras": 0,
                "total": 0
              }
            },
            {
              "batter": "JL Smith",
              "bowler": "OF Smith",
              "non_striker": "J Overton",
              "runs": {
                "batter": 0,
                "extras": 0,
                "total": 0
              }
            },
            {
              "batter": "JL Smith",
              "bowler": "OF Smith",
              "non_striker": "J Overton",
              "runs": {
                "batter": 6,
                "extras": 0,
                "total": 6
              }
            },
            {
              "batter": "JL Smith",
              "bowler": "OF Smith",
              "non_striker": "J Overton",
              "runs": {
                "batter": 4,
                "extras": 0,
                "total": 4
              }
            },
            {
              "batter": "JL Smith",
              "bowler": "OF Smith",
              "non_striker": "J Overton",
              "runs": {
                "batter": 1,
                "extras": 0,
                "total": 1
              }
            },
            {
              "batter": "J Overton",
              "bowler": "OF Smith",
              "non_striker": "JL Smith",
              "runs": {
                "batter": 2,
                "extras": 0,
                "total": 2
              }
            }
          ]
        },
        {
          "over": 14,
          "deliveries": [
            {
              "batter": "JL Smith",
              "bowler": "V Viyaskanth",
              "non_striker": "J Overton",
              "runs": {
                "batter": 2,
                "extras": 0,
                "total": 2
              }
            },
            {
              "batter": "JL Smith",
              "bowler": "V Viyaskanth",
              "non_striker": "J Overton",
              "runs": {
                "batter": 0,
                "extras": 0,
                "total": 0
              }
            },
            {
              "batter": "JL Smith",
              "bowler": "V Viyaskanth",
              "non_striker": "J Overton",
              "runs": {
                "batter": 0,
                "extras": 0,
                "total": 0
              }
            },
            {
              "batter": "JL Smith",
              "bowler": "V Viyaskanth",
              "non_striker": "J Overton",
              "runs": {
                "batter": 1,
                "extras": 0,
                "total": 1
              }
            },
            {
              "batter": "J Overton",
              "bowler": "V Viyaskanth",
              "non_striker": "JL Smith",
              "runs": {
                "batter": 0,
                "extras": 0,
                "total": 0
              }
            },
            {
              "batter": "J Overton",
              "bowler": "V Viyaskanth",
              "non_striker": "JL Smith",
              "runs": {
                "batter": 2,
                "extras": 0,
                "total": 2
              }
            }
          ]
        },
        {
          "over": 15,
          "deliveries": [
            {
              "batter": "JL Smith",
              "bowler": "JA Thompson",
              "non_striker": "J Overton",
              "runs": {
                "batter": 1,
                "extras": 0,
                "total": 1
              }
            },
            {
              "batter": "J Overton",
              "bowler": "JA Thompson",
              "non_striker": "JL Smith",
              "runs": {
                "batter": 0,
                "extras": 0,
                "total": 0
              }
            },
            {
              "batter": "J Overton",
              "bowler": "JA Thompson",
              "non_striker": "JL Smith",
              "runs": {
                "batter": 0,
                "extras": 0,
                "total": 0
              }
            },
            {
              "batter": "J Overton",
              "bowler": "JA Thompson",
              "extras": {
                "legbyes": 1
              },
              "non_striker": "JL Smith",
              "runs": {
                "batter": 0,
                "extras": 1,
                "total": 1
              }
            },
            {
              "batter": "JL Smith",
              "bowler": "JA Thompson",
              "non_striker": "J Overton",
              "runs": {
                "batter": 4,
                "extras": 0,
                "total": 4
              }
            },
            {
              "batter": "JL Smith",
              "bowler": "JA Thompson",
              "non_striker": "J Overton",
              "runs": {
                "batter": 2,
                "extras": 0,
                "total": 2
              }
            }
          ]
        },
        {
          "over": 16,
          "deliveries": [
            {
              "batter": "J Overton",
              "bowler": "Waqar Salamkheil",
              "non_striker": "JL Smith",
              "runs": {
                "batter": 0,
                "extras": 0,
                "total": 0
              }
            },
            {
              "batter": "J Overton",
              "bowler": "Waqar Salamkheil",
              "non_striker": "JL Smith",
              "runs": {
                "batter": 0,
                "extras": 0,
                "total": 0
              },
              "wickets": [
                {
                  "player_out": "J Overton",
                  "fielders": [
                    {
                      "name": "TA Boult"
                    }
                  ],
                  "kind": "caught"
                }
              ]
            },
            {
              "batter": "DC Drakes",
              "bowler": "Waqar Salamkheil",
              "non_striker": "JL Smith",
              "runs": {
                "batter": 0,
                "extras": 0,
                "total": 0
              }
            },
            {
              "batter": "DC Drakes",
              "bowler": "Waqar Salamkheil",
              "non_striker": "JL Smith",
              "runs": {
                "batter": 0,
                "extras": 0,
                "total": 0
              }
            },
            {
              "batter": "DC Drakes",
              "bowler": "Waqar Salamkheil",
              "non_striker": "JL Smith",
              "runs": {
                "batter": 1,
                "extras": 0,
                "total": 1
              }
            },
            {
              "batter": "JL Smith",
              "bowler": "Waqar Salamkheil",
              "non_striker": "DC Drakes",
              "runs": {
                "batter": 4,
                "extras": 0,
                "total": 4
              }
            }
          ]
        },
        {
          "over": 17,
          "deliveries": [
            {
              "batter": "DC Drakes",
              "bowler": "TA Boult",
              "non_striker": "JL Smith",
              "runs": {
                "batter": 1,
                "extras": 0,
                "total": 1
              }
            },
            {
              "batter": "JL Smith",
              "bowler": "TA Boult",
              "non_striker": "DC Drakes",
              "runs": {
                "batter": 6,
                "extras": 0,
                "total": 6
              }
            },
            {
              "batter": "JL Smith",
              "bowler": "TA Boult",
              "non_striker": "DC Drakes",
              "runs": {
                "batter": 1,
                "extras": 0,
                "total": 1
              }
            },
            {
              "batter": "DC Drakes",
              "bowler": "TA Boult",
              "non_striker": "JL Smith",
              "runs": {
                "batter": 6,
                "extras": 0,
                "total": 6
              }
            },
            {
              "batter": "DC Drakes",
              "bowler": "TA Boult",
              "non_striker": "JL Smith",
              "runs": {
                "batter": 0,
                "extras": 0,
                "total": 0
              },
              "wickets": [
                {
                  "player_out": "DC Drakes",
                  "fielders": [
                    {
                      "name": "TA Boult"
                    },
                    {
                      "name": "Muhammad Rohid"
                    }
                  ],
                  "kind": "run out"
                }
              ]
            },
            {
              "batter": "JL Smith",
              "bowler": "TA Boult",
              "non_striker": "CJ Jordan",
              "replacements": {
                "match": [
                  {
                    "in": "AT Rayudu",
                    "out": "Waqar Salamkheil",
                    "team": "MI Emirates",
                    "reason": "impact_player"
                  }
                ]
              },
              "runs": {
                "batter": 4,
                "extras": 0,
                "total": 4
              }
            }
          ]
        },
        {
          "over": 18,
          "deliveries": [
            {
              "batter": "CJ Jordan",
              "bowler": "JA Thompson",
              "non_striker": "JL Smith",
              "runs": {
                "batter": 2,
                "extras": 0,
                "total": 2
              }
            },
            {
              "batter": "CJ Jordan",
              "bowler": "JA Thompson",
              "non_striker": "JL Smith",
              "runs": {
                "batter": 4,
                "extras": 0,
                "total": 4
              }
            },
            {
              "batter": "CJ Jordan",
              "bowler": "JA Thompson",
              "non_striker": "JL Smith",
              "runs": {
                "batter": 1,
                "extras": 0,
                "total": 1
              }
            },
            {
              "batter": "JL Smith",
              "bowler": "JA Thompson",
              "extras": {
                "legbyes": 1
              },
              "non_striker": "CJ Jordan",
              "runs": {
                "batter": 0,
                "extras": 1,
                "total": 1
              }
            },
            {
              "batter": "CJ Jordan",
              "bowler": "JA Thompson",
              "non_striker": "JL Smith",
              "runs": {
                "batter": 1,
                "extras": 0,
                "total": 1
              }
            },
            {
              "batter": "JL Smith",
              "bowler": "JA Thompson",
              "non_striker": "CJ Jordan",
              "runs": {
                "batter": 1,
                "extras": 0,
                "total": 1
              }
            }
          ]
        },
        {
          "over": 19,
          "deliveries": [
            {
              "batter": "JL Smith",
              "bowler": "TA Boult",
              "non_striker": "CJ Jordan",
              "runs": {
                "batter": 1,
                "extras": 0,
                "total": 1
              }
            },
            {
              "batter": "CJ Jordan",
              "bowler": "TA Boult",
              "non_striker": "JL Smith",
              "runs": {
                "batter": 1,
                "extras": 0,
                "total": 1
              }
            },
            {
              "batter": "JL Smith",
              "bowler": "TA Boult",
              "extras": {
                "byes": 4
              },
              "non_striker": "CJ Jordan",
              "runs": {
                "batter": 0,
                "extras": 4,
                "total": 4
              }
            },
            {
              "batter": "JL Smith",
              "bowler": "TA Boult",
              "non_striker": "CJ Jordan",
              "runs": {
                "batter": 0,
                "extras": 0,
                "total": 0
              }
            },
            {
              "batter": "JL Smith",
              "bowler": "TA Boult",
              "non_striker": "CJ Jordan",
              "review": {
                "by": "Gulf Giants",
                "umpire": "MJ Saggers",
                "batter": "JL Smith",
                "decision": "upheld",
                "type": "wicket"
              },
              "runs": {
                "batter": 0,
                "extras": 0,
                "total": 0
              }
            },
            {
              "batter": "JL Smith",
              "bowler": "TA Boult",
              "non_striker": "CJ Jordan",
              "runs": {
                "batter": 2,
                "extras": 0,
                "total": 2
              }
            }
          ]
        }
      ],
      "powerplays": [
        {
          "from": 0.1,
          "to": 5.6,
          "type": "mandatory"
        }
      ]
    },
    {
      "team": "MI Emirates",
      "overs": [
        {
          "over": 0,
          "deliveries": [
            {
              "batter": "MDKJ Perera",
              "bowler": "DC Drakes",
              "non_striker": "Waseem Muhammad",
              "replacements": {
                "match": [
                  {
                    "in": "B Muzarabani",
                    "out": "CA Lynn",
                    "team": "Gulf Giants",
                    "reason": "impact_player"
                  }
                ]
              },
              "runs": {
                "batter": 1,
                "extras": 0,
                "total": 1
              }
            },
            {
              "batter": "Waseem Muhammad",
              "bowler": "DC Drakes",
              "non_striker": "MDKJ Perera",
              "runs": {
                "batter": 2,
                "extras": 0,
                "total": 2
              }
            },
            {
              "batter": "Waseem Muhammad",
              "bowler": "DC Drakes",
              "non_striker": "MDKJ Perera",
              "runs": {
                "batter": 0,
                "extras": 0,
                "total": 0
              }
            },
            {
              "batter": "Waseem Muhammad",
              "bowler": "DC Drakes",
              "non_striker": "MDKJ Perera",
              "runs": {
                "batter": 1,
                "extras": 0,
                "total": 1
              }
            },
            {
              "batter": "MDKJ Perera",
              "bowler": "DC Drakes",
              "non_striker": "Waseem Muhammad",
              "runs": {
                "batter": 1,
                "extras": 0,
                "total": 1
              }
            },
            {
              "batter": "Waseem Muhammad",
              "bowler": "DC Drakes",
              "non_striker": "MDKJ Perera",
              "runs": {
                "batter": 0,
                "extras": 0,
                "total": 0
              }
            }
          ]
        },
        {
          "over": 1,
          "deliveries": [
            {
              "batter": "MDKJ Perera",
              "bowler": "MG Erasmus",
              "non_striker": "Waseem Muhammad",
              "runs": {
                "batter": 4,
                "extras": 0,
                "total": 4
              }
            },
            {
              "batter": "MDKJ Perera",
              "bowler": "MG Erasmus",
              "non_striker": "Waseem Muhammad",
              "runs": {
                "batter": 1,
                "extras": 0,
                "total": 1
              }
            },
            {
              "batter": "Waseem Muhammad",
              "bowler": "MG Erasmus",
              "non_striker": "MDKJ Perera",
              "runs": {
                "batter": 0,
                "extras": 0,
                "total": 0
              }
            },
            {
              "batter": "Waseem Muhammad",
              "bowler": "MG Erasmus",
              "non_striker": "MDKJ Perera",
              "runs": {
                "batter": 0,
                "extras": 0,
                "total": 0
              }
            },
            {
              "batter": "Waseem Muhammad",
              "bowler": "MG Erasmus",
              "non_striker": "MDKJ Perera",
              "runs": {
                "batter": 0,
                "extras": 0,
                "total": 0
              }
            },
            {
              "batter": "Waseem Muhammad",
              "bowler": "MG Erasmus",
              "non_striker": "MDKJ Perera",
              "runs": {
                "batter": 1,
                "extras": 0,
                "total": 1
              }
            }
          ]
        },
        {
          "over": 2,
          "deliveries": [
            {
              "batter": "Waseem Muhammad",
              "bowler": "B Muzarabani",
              "non_striker": "MDKJ Perera",
              "runs": {
                "batter": 0,
                "extras": 0,
                "total": 0
              }
            },
            {
              "batter": "Waseem Muhammad",
              "bowler": "B Muzarabani",
              "non_striker": "MDKJ Perera",
              "runs": {
                "batter": 2,
                "extras": 0,
                "total": 2
              }
            },
            {
              "batter": "Waseem Muhammad",
              "bowler": "B Muzarabani",
              "non_striker": "MDKJ Perera",
              "runs": {
                "batter": 1,
                "extras": 0,
                "total": 1
              }
            },
            {
              "batter": "MDKJ Perera",
              "bowler": "B Muzarabani",
              "non_striker": "Waseem Muhammad",
              "runs": {
                "batter": 4,
                "extras": 0,
                "total": 4
              }
            },
            {
              "batter": "MDKJ Perera",
              "bowler": "B Muzarabani",
              "non_striker": "Waseem Muhammad",
              "runs": {
                "batter": 4,
                "extras": 0,
                "total": 4
              }
            },
            {
              "batter": "MDKJ Perera",
              "bowler": "B Muzarabani",
              "non_striker": "Waseem Muhammad",
              "runs": {
                "batter": 0,
                "extras": 0,
                "total": 0
              }
            }
          ]
        },
        {
          "over": 3,
          "deliveries": [
            {
              "batter": "Waseem Muhammad",
              "bowler": "MG Erasmus",
              "non_striker": "MDKJ Perera",
              "runs": {
                "batter": 0,
                "extras": 0,
                "total": 0
              },
              "wickets": [
                {
                  "player_out": "Waseem Muhammad",
                  "fielders": [
                    {
                      "name": "JM Cox"
                    }
                  ],
                  "kind": "caught"
                }
              ]
            },
            {
              "batter": "ADS Fletcher",
              "bowler": "MG Erasmus",
              "non_striker": "MDKJ Perera",
              "runs": {
                "batter": 4,
                "extras": 0,
                "total": 4
              }
            },
            {
              "batter": "ADS Fletcher",
              "bowler": "MG Erasmus",
              "non_striker": "MDKJ Perera",
              "runs": {
                "batter": 1,
                "extras": 0,
                "total": 1
              }
            },
            {
              "batter": "MDKJ Perera",
              "bowler": "MG Erasmus",
              "non_striker": "ADS Fletcher",
              "runs": {
                "batter": 1,
                "extras": 0,
                "total": 1
              }
            },
            {
              "batter": "ADS Fletcher",
              "bowler": "MG Erasmus",
              "non_striker": "MDKJ Perera",
              "runs": {
                "batter": 0,
                "extras": 0,
                "total": 0
              }
            },
            {
              "batter": "ADS Fletcher",
              "bowler": "MG Erasmus",
              "non_striker": "MDKJ Perera",
              "runs": {
                "batter": 1,
                "extras": 0,
                "total": 1
              }
            }
          ]
        },
        {
          "over": 4,
          "deliveries": [
            {
              "batter": "ADS Fletcher",
              "bowler": "J Overton",
              "non_striker": "MDKJ Perera",
              "runs": {
                "batter": 1,
                "extras": 0,
                "total": 1
              }
            },
            {
              "batter": "MDKJ Perera",
              "bowler": "J Overton",
              "non_striker": "ADS Fletcher",
              "runs": {
                "batter": 1,
                "extras": 0,
                "total": 1
              }
            },
            {
              "batter": "ADS Fletcher",
              "bowler": "J Overton",
              "non_striker": "MDKJ Perera",
              "runs": {
                "batter": 4,
                "extras": 0,
                "total": 4
              }
            },
            {
              "batter": "ADS Fletcher",
              "bowler": "J Overton",
              "non_striker": "MDKJ Perera",
              "runs": {
                "batter": 0,
                "extras": 0,
                "total": 0
              }
            },
            {
              "batter": "ADS Fletcher",
              "bowler": "J Overton",
              "non_striker": "MDKJ Perera",
              "runs": {
                "batter": 0,
                "extras": 0,
                "total": 0
              }
            },
            {
              "batter": "ADS Fletcher",
              "bowler": "J Overton",
              "non_striker": "MDKJ Perera",
              "runs": {
                "batter": 0,
                "extras": 0,
                "total": 0
              }
            }
          ]
        },
        {
          "over": 5,
          "deliveries": [
            {
              "batter": "MDKJ Perera",
              "bowler": "CJ Jordan",
              "non_striker": "ADS Fletcher",
              "runs": {
                "batter": 4,
                "extras": 0,
                "total": 4
              }
            },
            {
              "batter": "MDKJ Perera",
              "bowler": "CJ Jordan",
              "non_striker": "ADS Fletcher",
              "runs": {
                "batter": 1,
                "extras": 0,
                "total": 1
              }
            },
            {
              "batter": "ADS Fletcher",
              "bowler": "CJ Jordan",
              "non_striker": "MDKJ Perera",
              "runs": {
                "batter": 0,
                "extras": 0,
                "total": 0
              },
              "wickets": [
                {
                  "player_out": "ADS Fletcher",
                  "fielders": [
                    {
                      "name": "SO Hetmyer"
                    }
                  ],
                  "kind": "caught"
                }
              ]
            },
            {
              "batter": "AT Rayudu",
              "bowler": "CJ Jordan",
              "non_striker": "MDKJ Perera",
              "runs": {
                "batter": 1,
                "extras": 0,
                "total": 1
              }
            },
            {
              "batter": "MDKJ Perera",
              "bowler": "CJ Jordan",
              "extras": {
                "wides": 1
              },
              "non_striker": "AT Rayudu",
              "runs": {
                "batter": 0,
                "extras": 1,
                "total": 1
              }
            },
            {
              "batter": "MDKJ Perera",
              "bowler": "CJ Jordan",
              "non_striker": "AT Rayudu",
              "runs": {
                "batter": 1,
                "extras": 0,
                "total": 1
              }
            },
            {
              "batter": "AT Rayudu",
              "bowler": "CJ Jordan",
              "non_striker": "MDKJ Perera",
              "runs": {
                "batter": 0,
                "extras": 0,
                "total": 0
              }
            }
          ]
        },
        {
          "over": 6,
          "deliveries": [
            {
              "batter": "MDKJ Perera",
              "bowler": "Aayan Afzal Khan",
              "non_striker": "AT Rayudu",
              "runs": {
                "batter": 4,
                "extras": 0,
                "total": 4
              }
            },
            {
              "batter": "MDKJ Perera",
              "bowler": "Aayan Afzal Khan",
              "non_striker": "AT Rayudu",
              "runs": {
                "batter": 1,
                "extras": 0,
                "total": 1
              }
            },
            {
              "batter": "AT Rayudu",
              "bowler": "Aayan Afzal Khan",
              "non_striker": "MDKJ Perera",
              "runs": {
                "batter": 0,
                "extras": 0,
                "total": 0
              }
            },
            {
              "batter": "AT Rayudu",
              "bowler": "Aayan Afzal Khan",
              "non_striker": "MDKJ Perera",
              "runs": {
                "batter": 0,
                "extras": 0,
                "total": 0
              }
            },
            {
              "batter": "AT Rayudu",
              "bowler": "Aayan Afzal Khan",
              "non_striker": "MDKJ Perera",
              "runs": {
                "batter": 0,
                "extras": 0,
                "total": 0
              }
            },
            {
              "batter": "AT Rayudu",
              "bowler": "Aayan Afzal Khan",
              "non_striker": "MDKJ Perera",
              "runs": {
                "batter": 0,
                "extras": 0,
                "total": 0
              },
              "wickets": [
                {
                  "player_out": "AT Rayudu",
                  "fielders": [
                    {
                      "name": "CJ Jordan"
                    }
                  ],
                  "kind": "caught"
                }
              ]
            }
          ]
        },
        {
          "over": 7,
          "deliveries": [
            {
              "batter": "MDKJ Perera",
              "bowler": "MG Erasmus",
              "non_striker": "DR Mousley",
              "runs": {
                "batter": 1,
                "extras": 0,
                "total": 1
              }
            },
            {
              "batter": "DR Mousley",
              "bowler": "MG Erasmus",
              "non_striker": "MDKJ Perera",
              "runs": {
                "batter": 1,
                "extras": 0,
                "total": 1
              }
            },
            {
              "batter": "MDKJ Perera",
              "bowler": "MG Erasmus",
              "non_striker": "DR Mousley",
              "runs": {
                "batter": 1,
                "extras": 0,
                "total": 1
              }
            },
            {
              "batter": "DR Mousley",
              "bowler": "MG Erasmus",
              "non_striker": "MDKJ Perera",
              "runs": {
                "batter": 1,
                "extras": 0,
                "total": 1
              }
            },
            {
              "batter": "MDKJ Perera",
              "bowler": "MG Erasmus",
              "non_striker": "DR Mousley",
              "runs": {
                "batter": 1,
                "extras": 0,
                "total": 1
              }
            },
            {
              "batter": "DR Mousley",
              "bowler": "MG Erasmus",
              "non_striker": "MDKJ Perera",
              "runs": {
                "batter": 1,
                "extras": 0,
                "total": 1
              }
            }
          ]
        },
        {
          "over": 8,
          "deliveries": [
            {
              "batter": "DR Mousley",
              "bowler": "Zuhaib Zubair",
              "non_striker": "MDKJ Perera",
              "runs": {
                "batter": 0,
                "extras": 0,
                "total": 0
              }
            },
            {
              "batter": "DR Mousley",
              "bowler": "Zuhaib Zubair",
              "non_striker": "MDKJ Perera",
              "runs": {
                "batter": 4,
                "extras": 0,
                "total": 4
              }
            },
            {
              "batter": "DR Mousley",
              "bowler": "Zuhaib Zubair",
              "non_striker": "MDKJ Perera",
              "runs": {
                "batter": 1,
                "extras": 0,
                "total": 1
              }
            },
            {
              "batter": "MDKJ Perera",
              "bowler": "Zuhaib Zubair",
              "non_striker": "DR Mousley",
              "runs": {
                "batter": 0,
                "extras": 0,
                "total": 0
              }
            },
            {
              "batter": "MDKJ Perera",
              "bowler": "Zuhaib Zubair",
              "non_striker": "DR Mousley",
              "runs": {
                "batter": 0,
                "extras": 0,
                "total": 0
              }
            },
            {
              "batter": "MDKJ Perera",
              "bowler": "Zuhaib Zubair",
              "extras": {
                "wides": 5
              },
              "non_striker": "DR Mousley",
              "runs": {
                "batter": 0,
                "extras": 5,
                "total": 5
              }
            },
            {
              "batter": "MDKJ Perera",
              "bowler": "Zuhaib Zubair",
              "non_striker": "DR Mousley",
              "runs": {
                "batter": 1,
                "extras": 0,
                "total": 1
              }
            }
          ]
        },
        {
          "over": 9,
          "deliveries": [
            {
              "batter": "MDKJ Perera",
              "bowler": "MG Erasmus",
              "non_striker": "DR Mousley",
              "runs": {
                "batter": 0,
                "extras": 0,
                "total": 0
              }
            },
            {
              "batter": "MDKJ Perera",
              "bowler": "MG Erasmus",
              "non_striker": "DR Mousley",
              "runs": {
                "batter": 0,
                "extras": 0,
                "total": 0
              }
            },
            {
              "batter": "MDKJ Perera",
              "bowler": "MG Erasmus",
              "non_striker": "DR Mousley",
              "runs": {
                "batter": 1,
                "extras": 0,
                "total": 1
              }
            },
            {
              "batter": "DR Mousley",
              "bowler": "MG Erasmus",
              "non_striker": "MDKJ Perera",
              "runs": {
                "batter": 1,
                "extras": 0,
                "total": 1
              }
            },
            {
              "batter": "MDKJ Perera",
              "bowler": "MG Erasmus",
              "non_striker": "DR Mousley",
              "runs": {
                "batter": 1,
                "extras": 0,
                "total": 1
              }
            },
            {
              "batter": "DR Mousley",
              "bowler": "MG Erasmus",
              "non_striker": "MDKJ Perera",
              "runs": {
                "batter": 1,
                "extras": 0,
                "total": 1
              }
            }
          ]
        },
        {
          "over": 10,
          "deliveries": [
            {
              "batter": "DR Mousley",
              "bowler": "B Muzarabani",
              "non_striker": "MDKJ Perera",
              "runs": {
                "batter": 1,
                "extras": 0,
                "total": 1
              }
            },
            {
              "batter": "MDKJ Perera",
              "bowler": "B Muzarabani",
              "non_striker": "DR Mousley",
              "runs": {
                "batter": 0,
                "extras": 0,
                "total": 0
              },
              "wickets": [
                {
                  "player_out": "MDKJ Perera",
                  "fielders": [
                    {
                      "name": "JM Vince"
                    }
                  ],
                  "kind": "caught"
                }
              ]
            },
            {
              "batter": "KA Pollard",
              "bowler": "B Muzarabani",
              "extras": {
                "wides": 1
              },
              "non_striker": "DR Mousley",
              "runs": {
                "batter": 0,
                "extras": 1,
                "total": 1
              }
            },
            {
              "batter": "KA Pollard",
              "bowler": "B Muzarabani",
              "non_striker": "DR Mousley",
              "runs": {
                "batter": 1,
                "extras": 0,
                "total": 1
              }
            },
            {
              "batter": "DR Mousley",
              "bowler": "B Muzarabani",
              "non_striker": "KA Pollard",
              "runs": {
                "batter": 0,
                "extras": 0,
                "total": 0
              },
              "wickets": [
                {
                  "player_out": "DR Mousley",
                  "fielders": [
                    {
                      "name": "J Overton"
                    }
                  ],
                  "kind": "run out"
                }
              ]
            },
            {
              "batter": "KA Pollard",
              "bowler": "B Muzarabani",
              "non_striker": "OF Smith",
              "runs": {
                "batter": 1,
                "extras": 0,
                "total": 1
              }
            },
            {
              "batter": "OF Smith",
              "bowler": "B Muzarabani",
              "non_striker": "KA Pollard",
              "runs": {
                "batter": 0,
                "extras": 0,
                "total": 0
              }
            }
          ]
        },
        {
          "over": 11,
          "deliveries": [
            {
              "batter": "KA Pollard",
              "bowler": "Zuhaib Zubair",
              "non_striker": "OF Smith",
              "runs": {
                "batter": 6,
                "extras": 0,
                "total": 6
              }
            },
            {
              "batter": "KA Pollard",
              "bowler": "Zuhaib Zubair",
              "non_striker": "OF Smith",
              "runs": {
                "batter": 1,
                "extras": 0,
                "total": 1
              }
            },
            {
              "batter": "OF Smith",
              "bowler": "Zuhaib Zubair",
              "non_striker": "KA Pollard",
              "runs": {
                "batter": 1,
                "extras": 0,
                "total": 1
              }
            },
            {
              "batter": "KA Pollard",
              "bowler": "Zuhaib Zubair",
              "non_striker": "OF Smith",
              "runs": {
                "batter": 1,
                "extras": 0,
                "total": 1
              }
            },
            {
              "batter": "OF Smith",
              "bowler": "Zuhaib Zubair",
              "non_striker": "KA Pollard",
              "runs": {
                "batter": 0,
                "extras": 0,
                "total": 0
              }
            },
            {
              "batter": "OF Smith",
              "bowler": "Zuhaib Zubair",
              "non_striker": "KA Pollard",
              "runs": {
                "batter": 1,
                "extras": 0,
                "total": 1
              }
            }
          ]
        },
        {
          "over": 12,
          "deliveries": [
            {
              "batter": "OF Smith",
              "bowler": "DC Drakes",
              "non_striker": "KA Pollard",
              "runs": {
                "batter": 1,
                "extras": 0,
                "total": 1
              }
            },
            {
              "batter": "KA Pollard",
              "bowler": "DC Drakes",
              "non_striker": "OF Smith",
              "runs": {
                "batter": 1,
                "extras": 0,
                "total": 1
              }
            },
            {
              "batter": "OF Smith",
              "bowler": "DC Drakes",
              "non_striker": "KA Pollard",
              "runs": {
                "batter": 1,
                "extras": 0,
                "total": 1
              }
            },
            {
              "batter": "KA Pollard",
              "bowler": "DC Drakes",
              "non_striker": "OF Smith",
              "runs": {
                "batter": 0,
                "extras": 0,
                "total": 0
              }
            },
            {
              "batter": "KA Pollard",
              "bowler": "DC Drakes",
              "non_striker": "OF Smith",
              "runs": {
                "batter": 0,
                "extras": 0,
                "total": 0
              }
            },
            {
              "batter": "KA Pollard",
              "bowler": "DC Drakes",
              "extras": {
                "legbyes": 1
              },
              "non_striker": "OF Smith",
              "runs": {
                "batter": 0,
                "extras": 1,
                "total": 1
              }
            }
          ]
        },
        {
          "over": 13,
          "deliveries": [
            {
              "batter": "KA Pollard",
              "bowler": "Aayan Afzal Khan",
              "non_striker": "OF Smith",
              "runs": {
                "batter": 1,
                "extras": 0,
                "total": 1
              }
            },
            {
              "batter": "OF Smith",
              "bowler": "Aayan Afzal Khan",
              "non_striker": "KA Pollard",
              "runs": {
                "batter": 1,
                "extras": 0,
                "total": 1
              }
            },
            {
              "batter": "KA Pollard",
              "bowler": "Aayan Afzal Khan",
              "non_striker": "OF Smith",
              "runs": {
                "batter": 1,
                "extras": 0,
                "total": 1
              }
            },
            {
              "batter": "OF Smith",
              "bowler": "Aayan Afzal Khan",
              "non_striker": "KA Pollard",
              "runs": {
                "batter": 0,
                "extras": 0,
                "total": 0
              }
            },
            {
              "batter": "OF Smith",
              "bowler": "Aayan Afzal Khan",
              "non_striker": "KA Pollard",
              "runs": {
                "batter": 1,
                "extras": 0,
                "total": 1
              }
            },
            {
              "batter": "KA Pollard",
              "bowler": "Aayan Afzal Khan",
              "non_striker": "OF Smith",
              "runs": {
                "batter": 1,
                "extras": 0,
                "total": 1
              }
            }
          ]
        },
        {
          "over": 14,
          "deliveries": [
            {
              "batter": "KA Pollard",
              "bowler": "J Overton",
              "non_striker": "OF Smith",
              "runs": {
                "batter": 0,
                "extras": 0,
                "total": 0
              }
            },
            {
              "batter": "KA Pollard",
              "bowler": "J Overton",
              "non_striker": "OF Smith",
              "runs": {
                "batter": 4,
                "extras": 0,
                "total": 4
              }
            },
            {
              "batter": "KA Pollard",
              "bowler": "J Overton",
              "non_striker": "OF Smith",
              "runs": {
                "batter": 0,
                "extras": 0,
                "total": 0
              }
            },
            {
              "batter": "KA Pollard",
              "bowler": "J Overton",
              "non_striker": "OF Smith",
              "runs": {
                "batter": 2,
                "extras": 0,
                "total": 2
              }
            },
            {
              "batter": "KA Pollard",
              "bowler": "J Overton",
              "non_striker": "OF Smith",
              "runs": {
                "batter": 0,
                "extras": 0,
                "total": 0
              }
            },
            {
              "batter": "KA Pollard",
              "bowler": "J Overton",
              "non_striker": "OF Smith",
              "runs": {
                "batter": 1,
                "extras": 0,
                "total": 1
              }
            }
          ]
        },
        {
          "over": 15,
          "deliveries": [
            {
              "batter": "KA Pollard",
              "bowler": "B Muzarabani",
              "non_striker": "OF Smith",
              "runs": {
                "batter": 2,
                "extras": 0,
                "total": 2
              }
            },
            {
              "batter": "KA Pollard",
              "bowler": "B Muzarabani",
              "non_striker": "OF Smith",
              "runs": {
                "batter": 1,
                "extras": 0,
                "total": 1
              }
            },
            {
              "batter": "OF Smith",
              "bowler": "B Muzarabani",
              "non_striker": "KA Pollard",
              "runs": {
                "batter": 1,
                "extras": 0,
                "total": 1
              }
            },
            {
              "batter": "KA Pollard",
              "bowler": "B Muzarabani",
              "non_striker": "OF Smith",
              "runs": {
                "batter": 4,
                "extras": 0,
                "total": 4
              }
            },
            {
              "batter": "KA Pollard",
              "bowler": "B Muzarabani",
              "non_striker": "OF Smith",
              "runs": {
                "batter": 1,
                "extras": 0,
                "total": 1
              }
            },
            {
              "batter": "OF Smith",
              "bowler": "B Muzarabani",
              "extras": {
                "wides": 1
              },
              "non_striker": "KA Pollard",
              "runs": {
                "batter": 0,
                "extras": 1,
                "total": 1
              }
            },
            {
              "batter": "OF Smith",
              "bowler": "B Muzarabani",
              "non_striker": "KA Pollard",
              "runs": {
                "batter": 2,
                "extras": 0,
                "total": 2
              }
            }
          ]
        },
        {
          "over": 16,
          "deliveries": [
            {
              "batter": "KA Pollard",
              "bowler": "CJ Jordan",
              "non_striker": "OF Smith",
              "runs": {
                "batter": 4,
                "extras": 0,
                "total": 4
              }
            },
            {
              "batter": "KA Pollard",
              "bowler": "CJ Jordan",
              "non_striker": "OF Smith",
              "runs": {
                "batter": 1,
                "extras": 0,
                "total": 1
              }
            },
            {
              "batter": "OF Smith",
              "bowler": "CJ Jordan",
              "non_striker": "KA Pollard",
              "runs": {
                "batter": 1,
                "extras": 0,
                "total": 1
              }
            },
            {
              "batter": "KA Pollard",
              "bowler": "CJ Jordan",
              "non_striker": "OF Smith",
              "runs": {
                "batter": 1,
                "extras": 0,
                "total": 1
              }
            },
            {
              "batter": "OF Smith",
              "bowler": "CJ Jordan",
              "non_striker": "KA Pollard",
              "runs": {
                "batter": 1,
                "extras": 0,
                "total": 1
              }
            },
            {
              "batter": "KA Pollard",
              "bowler": "CJ Jordan",
              "non_striker": "OF Smith",
              "runs": {
                "batter": 2,
                "extras": 0,
                "total": 2
              }
            }
          ]
        },
        {
          "over": 17,
          "deliveries": [
            {
              "batter": "OF Smith",
              "bowler": "J Overton",
              "non_striker": "KA Pollard",
              "runs": {
                "batter": 1,
                "extras": 0,
                "total": 1
              }
            },
            {
              "batter": "KA Pollard",
              "bowler": "J Overton",
              "non_striker": "OF Smith",
              "runs": {
                "batter": 0,
                "extras": 0,
                "total": 0
              }
            },
            {
              "batter": "KA Pollard",
              "bowler": "J Overton",
              "non_striker": "OF Smith",
              "runs": {
                "batter": 1,
                "extras": 0,
                "total": 1
              }
            },
            {
              "batter": "OF Smith",
              "bowler": "J Overton",
              "non_striker": "KA Pollard",
              "runs": {
                "batter": 0,
                "extras": 0,
                "total": 0
              },
              "wickets": [
                {
                  "player_out": "OF Smith",
                  "fielders": [
                    {
                      "name": "JM Cox"
                    }
                  ],
                  "kind": "caught"
                }
              ]
            },
            {
              "batter": "JA Thompson",
              "bowler": "J Overton",
              "non_striker": "KA Pollard",
              "runs": {
                "batter": 1,
                "extras": 0,
                "total": 1
              }
            },
            {
              "batter": "KA Pollard",
              "bowler": "J Overton",
              "non_striker": "JA Thompson",
              "runs": {
                "batter": 1,
                "extras": 0,
                "total": 1
              }
            }
          ]
        },
        {
          "over": 18,
          "deliveries": [
            {
              "batter": "KA Pollard",
              "bowler": "CJ Jordan",
              "non_striker": "JA Thompson",
              "runs": {
                "batter": 1,
                "extras": 0,
                "total": 1
              }
            },
            {
              "batter": "JA Thompson",
              "bowler": "CJ Jordan",
              "non_striker": "KA Pollard",
              "runs": {
                "batter": 1,
                "extras": 0,
                "total": 1
              }
            },
            {
              "batter": "KA Pollard",
              "bowler": "CJ Jordan",
              "non_striker": "JA Thompson",
              "runs": {
                "batter": 0,
                "extras": 0,
                "total": 0
              },
              "wickets": [
                {
                  "player_out": "KA Pollard",
                  "fielders": [
                    {
                      "name": "B Muzarabani"
                    }
                  ],
                  "kind": "caught"
                }
              ]
            },
            {
              "batter": "V Viyaskanth",
              "bowler": "CJ Jordan",
              "non_striker": "JA Thompson",
              "runs": {
                "batter": 0,
                "extras": 0,
                "total": 0
              }
            },
            {
              "batter": "V Viyaskanth",
              "bowler": "CJ Jordan",
              "non_striker": "JA Thompson",
              "runs": {
                "batter": 1,
                "extras": 0,
                "total": 1
              }
            },
            {
              "batter": "JA Thompson",
              "bowler": "CJ Jordan",
              "extras": {
                "legbyes": 1
              },
              "non_striker": "V Viyaskanth",
              "runs": {
                "batter": 0,
                "extras": 1,
                "total": 1
              }
            }
          ]
        },
        {
          "over": 19,
          "deliveries": [
            {
              "batter": "JA Thompson",
              "bowler": "J Overton",
              "non_striker": "V Viyaskanth",
              "runs": {
                "batter": 0,
                "extras": 0,
                "total": 0
              }
            },
            {
              "batter": "JA Thompson",
              "bowler": "J Overton",
              "non_striker": "V Viyaskanth",
              "runs": {
                "batter": 4,
                "extras": 0,
                "total": 4
              }
            },
            {
              "batter": "JA Thompson",
              "bowler": "J Overton",
              "non_striker": "V Viyaskanth",
              "runs": {
                "batter": 6,
                "extras": 0,
                "total": 6
              }
            },
            {
              "batter": "JA Thompson",
              "bowler": "J Overton",
              "non_striker": "V Viyaskanth",
              "runs": {
                "batter": 4,
                "extras": 0,
                "total": 4
              }
            },
            {
              "batter": "JA Thompson",
              "bowler": "J Overton",
              "non_striker": "V Viyaskanth",
              "runs": {
                "batter": 4,
                "extras": 0,
                "total": 4
              }
            },
            {
              "batter": "JA Thompson",
              "bowler": "J Overton",
              "non_striker": "V Viyaskanth",
              "runs": {
                "batter": 6,
                "extras": 0,
                "total": 6
              }
            }
          ]
        }
      ],
      "powerplays": [
        {
          "from": 0.1,
          "to": 5.7,
          "type": "mandatory"
        }
      ],
      "target": {
        "overs": 20,
        "runs": 159
      }
    }
  ]
}