{
  "meta": {
    "data_version": "1.1.0",
    "created": "2024-01-25",
    "revision": 1
  },
  "info": {
    "balls_per_over": 6,
    "city": "Dubai",
    "dates": [
      "2024-01-25"
    ],
    "event": {
      "name": "International League T20",
      "match_number": 8
    },
    "gender": "male",
    "match_type": "T20",
    "officials": {
      "match_referees": [
        "A Barnes"
      ],
      "reserve_umpires": [
        "RSA Palliyaguruge"
      ],
      "tv_umpires": [
        "P Wilson"
      ],
      "umpires": [
        "Aleem Dar",
        "Aasif Iqbal"
      ]
    },
    "outcome": {
      "winner": "Dubai Capitals",
      "by": {
        "wickets": 5
      }
    },
    "overs": 20,
    "player_of_match": [
      "SW Billings"
    ],
    "players": {
      "Abu Dhabi Knight Riders": [
        "A Sharafu",
        "AGS Gous",
        "MS Pepper",
        "SR Hain",
        "LJ Evans",
        "AD Russell",
        "Imad Wasim",
        "DJ Willey",
        "SP Narine",
        "J Little",
        "Matiullah Khan",
        "Ali Khan"
      ],
      "Dubai Capitals": [
        "DA Warner",
        "Rahmanullah Gurbaz",
        "J Fraser-McGurk",
        "SW Billings",
        "Sikandar Raza",
        "R Powell",
        "R Chopra",
        "JO Holder",
        "RE van der Merwe",
        "KW Richardson",
        "Akif Raja",
        "PVD Chameera"
      ]
    },
    "registry": {
      "people": {
        "A Barnes": "f9607922",
        "A Sharafu": "06cad4f0",
        "AD Russell": "bbd41817",
        "AGS Gous": "d1305df0",
        "Aasif Iqbal": "42c41e1a",
        "Akif Raja": "9d0344f3",
        "Aleem Dar": "f02778d1",
        "Ali Khan": "b0eaaac6",
        "DA Warner": "dcce6f09",
        "DJ Willey": "7f048519",
        "Imad Wasim": "9cb8d7a6",
        "J Fraser-McGurk": "9b6e1b3f",
        "J Little": "9061a703",
        "JO Holder": "0f721006",
        "KW Richardson": "dfc4d8b5",
        "LJ Evans": "1c513d54",
        "MS Pepper": "270e4c23",
        "Matiullah Khan": "083e01d9",
        "P Wilson": "68304a36",
        "PVD Chameera": "327b58d3",
        "R Chopra": "a71d0f89",
        "R Powell": "650d5e49",
        "RE van der Merwe": "05c2ca46",
        "RSA Palliyaguruge": "4339c19d",
        "Rahmanullah Gurbaz": "0bacade8",
        "SP Narine": "9d430b40",
        "SR Hain": "67b9536c",
        "SW Billings": "c16d4035",
        "Sikandar Raza": "26d041c4"
      }
    },
    "season": "2023/24",
    "team_type": "club",
    "teams": [
      "Abu Dhabi Knight Riders",
      "Dubai Capitals"
    ],
    "toss": {
      "decision": "field",
      "winner": "Dubai Capitals"
    },
    "venue": "Dubai International Cricket Stadium"
  },
  "innings": [
    {
      "team": "Abu Dhabi Knight Riders",
      "overs": [
        {
          "over": 0,
          "deliveries": [
            {
              "batter": "A Sharafu",
              "bowler": "JO Holder",
              "non_striker": "AGS Gous",
              "runs": {
                "batter": 1,
                "extras": 0,
                "total": 1
              }
            },
            {
              "batter": "AGS Gous",
              "bowler": "JO Holder",
              "non_striker": "A Sharafu",
              "runs": {
                "batter": 0,
                "extras": 0,
                "total": 0
              }
            },
            {
              "batter": "AGS Gous",
              "bowler": "JO Holder",
              "extras": {
                "wides": 1
              },
              "non_striker": "A Sharafu",
              "runs": {
                "batter": 0,
                "extras": 1,
                "total": 1
              }
            },
            {
              "batter": "AGS Gous",
              "bowler": "JO Holder",
              "non_striker": "A Sharafu",
              "runs": {
                "batter": 2,
                "extras": 0,
                "total": 2
              }
            },
            {
              "batter": "AGS Gous",
              "bowler": "JO Holder",
              "non_striker": "A Sharafu",
              "runs": {
                "batter": 2,
                "extras": 0,
                "total": 2
              }
            },
            {
              "batter": "AGS Gous",
              "bowler": "JO Holder",
              "non_striker": "A Sharafu",
              "runs": {
                "batter": 0,
                "extras": 0,
                "total": 0
              }
            },
            {
              "batter": "AGS Gous",
              "bowler": "JO Holder",
              "non_striker": "A Sharafu",
              "runs": {
                "batter": 0,
                "extras": 0,
                "total": 0
              }
            }
          ]
        },
        {
          "over": 1,
          "deliveries": [
            {
              "batter": "A Sharafu",
              "bowler": "PVD Chameera",
              "non_striker": "AGS Gous",
              "runs": {
                "batter": 0,
                "extras": 0,
                "total": 0
              }
            },
            {
              "batter": "A Sharafu",
              "bowler": "PVD Chameera",
              "non_striker": "AGS Gous",
              "runs": {
                "batter": 1,
                "extras": 0,
                "total": 1
              }
            },
            {
              "batter": "AGS Gous",
              "bowler": "PVD Chameera",
              "non_striker": "A Sharafu",
              "runs": {
                "batter": 0,
                "extras": 0,
                "total": 0
              },
              "wickets": [
                {
                  "player_out": "AGS Gous",
                  "kind": "bowled"
                }
              ]
            },
            {
              "batter": "MS Pepper",
              "bowler": "PVD Chameera",
              "non_striker": "A Sharafu",
              "runs": {
                "batter": 4,
                "extras": 0,
                "total": 4
              }
            },
            {
              "batter": "MS Pepper",
              "bowler": "PVD Chameera",
              "non_striker": "A Sharafu",
              "runs": {
                "batter": 0,
                "extras": 0,
                "total": 0
              }
            },
            {
              "batter": "MS Pepper",
              "bowler": "PVD Chameera",
              "non_striker": "A Sharafu",
              "runs": {
                "batter": 0,
                "extras": 0,
                "total": 0
              },
              "wickets": [
                {
                  "player_out": "MS Pepper",
                  "fielders": [
                    {
                      "name": "Rahmanullah Gurbaz"
                    }
                  ],
                  "kind": "caught"
                }
              ]
            }
          ]
        },
        {
          "over": 2,
          "deliveries": [
            {
              "batter": "A Sharafu",
              "bowler": "JO Holder",
              "extras": {
                "wides": 5
              },
              "non_striker": "SR Hain",
              "runs": {
                "batter": 0,
                "extras": 5,
                "total": 5
              }
            },
            {
              "batter": "A Sharafu",
              "bowler": "JO Holder",
              "non_striker": "SR Hain",
              "runs": {
                "batter": 0,
                "extras": 0,
                "total": 0
              }
            },
            {
              "batter": "A Sharafu",
              "bowler": "JO Holder",
              "non_striker": "SR Hain",
              "runs": {
                "batter": 0,
                "extras": 0,
                "total": 0
              }
            },
            {
              "batter": "A Sharafu",
              "bowler": "JO Holder",
              "non_striker": "SR Hain",
              "runs": {
                "batter": 0,
                "extras": 0,
                "total": 0
              }
            },
            {
              "batter": "A Sharafu",
              "bowler": "JO Holder",
              "non_striker": "SR Hain",
              "runs": {
                "batter": 4,
                "extras": 0,
                "total": 4
              }
            },
            {
              "batter": "A Sharafu",
              "bowler": "JO Holder",
              "non_striker": "SR Hain",
              "runs": {
                "batter": 0,
                "extras": 0,
                "total": 0
              }
            },
            {
              "batter": "A Sharafu",
              "bowler": "JO Holder",
              "non_striker": "SR Hain",
              "runs": {
                "batter": 0,
                "extras": 0,
                "total": 0
              }
            }
          ]
        },
        {
          "over": 3,
          "deliveries": [
            {
              "batter": "SR Hain",
              "bowler": "PVD Chameera",
              "non_striker": "A Sharafu",
              "runs": {
                "batter": 4,
                "extras": 0,
                "total": 4
              }
            },
            {
              "batter": "SR Hain",
              "bowler": "PVD Chameera",
              "non_striker": "A Sharafu",
              "runs": {
                "batter": 0,
                "extras": 0,
                "total": 0
              }
            },
            {
              "batter": "SR Hain",
              "bowler": "PVD Chameera",
              "non_striker": "A Sharafu",
              "runs": {
                "batter": 0,
                "extras": 0,
                "total": 0
              }
            },
            {
              "batter": "SR Hain",
              "bowler": "PVD Chameera",
              "non_striker": "A Sharafu",
              "runs": {
                "batter": 6,
                "extras": 0,
                "total": 6
              }
            },
            {
              "batter": "SR Hain",
              "bowler": "PVD Chameera",
              "non_striker": "A Sharafu",
              "runs": {
                "batter": 0,
                "extras": 0,
                "total": 0
              }
            },
            {
              "batter": "SR Hain",
              "bowler": "PVD Chameera",
              "non_striker": "A Sharafu",
              "runs": {
                "batter": 4,
                "extras": 0,
                "total": 4
              }
            }
          ]
        },
        {
          "over": 4,
          "deliveries": [
            {
              "batter": "A Sharafu",
              "bowler": "KW Richardson",
              "non_striker": "SR Hain",
              "runs": {
                "batter": 2,
                "extras": 0,
                "total": 2
              }
            },
            {
              "batter": "A Sharafu",
              "bowler": "KW Richardson",
              "non_striker": "SR Hain",
              "runs": {
                "batter": 1,
                "extras": 0,
                "total": 1
              }
            },
            {
              "batter": "SR Hain",
              "bowler": "KW Richardson",
              "non_striker": "A Sharafu",
              "runs": {
                "batter": 0,
                "extras": 0,
                "total": 0
              }
            },
            {
              "batter": "SR Hain",
              "bowler": "KW Richardson",
              "non_striker": "A Sharafu",
              "runs": {
                "batter": 0,
                "extras": 0,
                "total": 0
              }
            },
            {
              "batter": "SR Hain",
              "bowler": "KW Richardson",
              "non_striker": "A Sharafu",
              "runs": {
                "batter": 0,
                "extras": 0,
                "total": 0
              }
            },
            {
              "batter": "SR Hain",
              "bowler": "KW Richardson",
              "non_striker": "A Sharafu",
              "runs": {
                "batter": 4,
                "extras": 0,
                "total": 4
              }
            }
          ]
        },
        {
          "over": 5,
          "deliveries": [
            {
              "batter": "A Sharafu",
              "bowler": "Akif Raja",
              "non_striker": "SR Hain",
              "runs": {
                "batter": 0,
                "extras": 0,
                "total": 0
              }
            },
            {
              "batter": "A Sharafu",
              "bowler": "Akif Raja",
              "non_striker": "SR Hain",
              "runs": {
                "batter": 4,
                "extras": 0,
                "total": 4
              }
            },
            {
              "batter": "A Sharafu",
              "bowler": "Akif Raja",
              "non_striker": "SR Hain",
              "runs": {
                "batter": 1,
                "extras": 0,
                "total": 1
              }
            },
            {
              "batter": "SR Hain",
              "bowler": "Akif Raja",
              "non_striker": "A Sharafu",
              "runs": {
                "batter": 1,
                "extras": 0,
                "total": 1
              }
            },
            {
              "batter": "A Sharafu",
              "bowler": "Akif Raja",
              "non_striker": "SR Hain",
              "runs": {
                "batter": 0,
                "extras": 0,
                "total": 0
              }
            },
            {
              "batter": "A Sharafu",
              "bowler": "Akif Raja",
              "non_striker": "SR Hain",
              "runs": {
                "batter": 1,
                "extras": 0,
                "total": 1
              }
            }
          ]
        },
        {
          "over": 6,
          "deliveries": [
            {
              "batter": "A Sharafu",
              "bowler": "RE van der Merwe",
              "non_striker": "SR Hain",
              "runs": {
                "batter": 0,
                "extras": 0,
                "total": 0
              }
            },
            {
              "batter": "A Sharafu",
              "bowler": "RE van der Merwe",
              "non_striker": "SR Hain",
              "runs": {
                "batter": 0,
                "extras": 0,
                "total": 0
              },
              "wickets": [
                {
                  "player_out": "A Sharafu",
                  "fielders": [
                    {
                      "name": "SW Billings"
                    }
                  ],
                  "kind": "caught"
                }
              ]
            },
            {
              "batter": "LJ Evans",
              "bowler": "RE van der Merwe",
              "non_striker": "SR Hain",
              "runs": {
                "batter": 1,
                "extras": 0,
                "total": 1
              }
            },
            {
              "batter": "SR Hain",
              "bowler": "RE van der Merwe",
              "non_striker": "LJ Evans",
              "runs": {
                "batter": 1,
                "extras": 0,
                "total": 1
              }
            },
            {
              "batter": "LJ Evans",
              "bowler": "RE van der Merwe",
              "non_striker": "SR Hain",
              "runs": {
                "batter": 0,
                "extras": 0,
                "total": 0
              }
            },
            {
              "batter": "LJ Evans",
              "bowler": "RE van der Merwe",
              "non_striker": "SR Hain",
              "runs": {
                "batter": 2,
                "extras": 0,
                "total": 2
              }
            }
          ]
        },
        {
          "over": 7,
          "deliveries": [
            {
              "batter": "SR Hain",
              "bowler": "Sikandar Raza",
              "non_striker": "LJ Evans",
              "runs": {
                "batter": 1,
                "extras": 0,
                "total": 1
              }
            },
            {
              "batter": "LJ Evans",
              "bowler": "Sikandar Raza",
              "non_striker": "SR Hain",
              "runs": {
                "batter": 0,
                "extras": 0,
                "total": 0
              }
            },
            {
              "batter": "LJ Evans",
              "bowler": "Sikandar Raza",
              "non_striker": "SR Hain",
              "runs": {
                "batter": 1,
                "extras": 0,
                "total": 1
              }
            },
            {
              "batter": "SR Hain",
              "bowler": "Sikandar Raza",
              "non_striker": "LJ Evans",
              "runs": {
                "batter": 0,
                "extras": 0,
                "total": 0
              }
            },
            {
              "batter": "SR Hain",
              "bowler": "Sikandar Raza",
              "non_striker": "LJ Evans",
              "runs": {
                "batter": 1,
                "extras": 0,
                "total": 1
              }
            },
            {
              "batter": "LJ Evans",
              "bowler": "Sikandar Raza",
              "non_striker": "SR Hain",
              "runs": {
                "batter": 4,
                "extras": 0,
                "total": 4
              }
            }
          ]
        },
        {
          "over": 8,
          "deliveries": [
            {
              "batter": "SR Hain",
              "bowler": "RE van der Merwe",
              "non_striker": "LJ Evans",
              "runs": {
                "batter": 1,
                "extras": 0,
                "total": 1
              }
            },
            {
              "batter": "LJ Evans",
              "bowler": "RE van der Merwe",
              "non_striker": "SR Hain",
              "runs": {
                "batter": 1,
                "extras": 0,
                "total": 1
              }
            },
            {
              "batter": "SR Hain",
              "bowler": "RE van der Merwe",
              "non_striker": "LJ Evans",
              "runs": {
                "batter": 0,
                "extras": 0,
                "total": 0
              }
            },
            {
              "batter": "SR Hain",
              "bowler": "RE van der Merwe",
              "non_striker": "LJ Evans",
              "runs": {
                "batter": 1,
                "extras": 0,
                "total": 1
              }
            },
            {
              "batter": "LJ Evans",
              "bowler": "RE van der Merwe",
              "non_striker": "SR Hain",
              "runs": {
                "batter": 1,
                "extras": 0,
                "total": 1
              }
            },
            {
              "batter": "SR Hain",
              "bowler": "RE van der Merwe",
              "non_striker": "LJ Evans",
              "runs": {
                "batter": 1,
                "extras": 0,
                "total": 1
              }
            }
          ]
        },
        {
          "over": 9,
          "deliveries": [
            {
              "batter": "SR Hain",
              "bowler": "Akif Raja",
              "non_striker": "LJ Evans",
              "runs": {
                "batter": 1,
                "extras": 0,
                "total": 1
              }
            },
            {
              "batter": "LJ Evans",
              "bowler": "Akif Raja",
              "non_striker": "SR Hain",
              "runs": {
                "batter": 1,
                "extras": 0,
                "total": 1
              }
            },
            {
              "batter": "SR Hain",
              "bowler": "Akif Raja",
              "non_striker": "LJ Evans",
              "runs": {
                "batter": 1,
                "extras": 0,
                "total": 1
              }
            },
            {
              "batter": "LJ Evans",
              "bowler": "Akif Raja",
              "non_striker": "SR Hain",
              "runs": {
                "batter": 2,
                "extras": 0,
                "total": 2
              }
            },
            {
              "batter": "LJ Evans",
              "bowler": "Akif Raja",
              "non_striker": "SR Hain",
              "runs": {
                "batter": 4,
                "extras": 0,
                "total": 4
              }
            },
            {
              "batter": "LJ Evans",
              "bowler": "Akif Raja",
              "non_striker": "SR Hain",
              "runs": {
                "batter": 2,
                "extras": 0,
                "total": 2
              }
            }
          ]
        },
        {
          "over": 10,
          "deliveries": [
            {
              "batter": "SR Hain",
              "bowler": "KW Richardson",
              "non_striker": "LJ Evans",
              "runs": {
                "batter": 0,
                "extras": 0,
                "total": 0
              }
            },
            {
              "batter": "SR Hain",
              "bowler": "KW Richardson",
              "non_striker": "LJ Evans",
              "runs": {
                "batter": 1,
                "extras": 0,
                "total": 1
              }
            },
            {
              "batter": "LJ Evans",
              "bowler": "KW Richardson",
              "non_striker": "SR Hain",
              "runs": {
                "batter": 0,
                "extras": 0,
                "total": 0
              }
            },
            {
              "batter": "LJ Evans",
              "bowler": "KW Richardson",
              "non_striker": "SR Hain",
              "runs": {
                "batter": 2,
                "extras": 0,
                "total": 2
              }
            },
            {
              "batter": "LJ Evans",
              "bowler": "KW Richardson",
              "non_striker": "SR Hain",
              "runs": {
                "batter": 1,
                "extras": 0,
                "total": 1
              }
            },
            {
              "batter": "SR Hain",
              "bowler": "KW Richardson",
              "non_striker": "LJ Evans",
              "runs": {
                "batter": 2,
                "extras": 0,
                "total": 2
              }
            }
          ]
        },
        {
          "over": 11,
          "deliveries": [
            {
              "batter": "LJ Evans",
              "bowler": "Sikandar Raza",
              "non_striker": "SR Hain",
              "runs": {
                "batter": 0,
                "extras": 0,
                "total": 0
              }
            },
            {
              "batter": "LJ Evans",
              "bowler": "Sikandar Raza",
              "non_striker": "SR Hain",
              "runs": {
                "batter": 1,
                "extras": 0,
                "total": 1
              }
            },
            {
              "batter": "SR Hain",
              "bowler": "Sikandar Raza",
              "non_striker": "LJ Evans",
              "runs": {
                "batter": 0,
                "extras": 0,
                "total": 0
              }
            },
            {
              "batter": "SR Hain",
              "bowler": "Sikandar Raza",
              "non_striker": "LJ Evans",
              "runs": {
                "batter": 1,
                "extras": 0,
                "total": 1
              }
            },
            {
              "batter": "LJ Evans",
              "bowler": "Sikandar Raza",
              "non_striker": "SR Hain",
              "runs": {
                "batter": 2,
                "extras": 0,
                "total": 2
              }
            },
            {
              "batter": "LJ Evans",
              "bowler": "Sikandar Raza",
              "non_striker": "SR Hain",
              "runs": {
                "batter": 1,
                "extras": 0,
                "total": 1
              }
            }
          ]
        },
        {
          "over": 12,
          "deliveries": [
            {
              "batter": "LJ Evans",
              "bowler": "JO Holder",
              "non_striker": "SR Hain",
              "runs": {
                "batter": 1,
                "extras": 0,
                "total": 1
              }
            },
            {
              "batter": "SR Hain",
              "bowler": "JO Holder",
              "non_striker": "LJ Evans",
              "runs": {
                "batter": 2,
                "extras": 0,
                "total": 2
              }
            },
            {
              "batter": "SR Hain",
              "bowler": "JO Holder",
              "non_striker": "LJ Evans",
              "runs": {
                "batter": 1,
                "extras": 0,
                "total": 1
              }
            },
            {
              "batter": "LJ Evans",
              "bowler": "JO Holder",
              "non_striker": "SR Hain",
              "runs": {
                "batter": 4,
                "extras": 0,
                "total": 4
              }
            },
            {
              "batter": "LJ Evans",
              "bowler": "JO Holder",
              "non_striker": "SR Hain",
              "runs": {
                "batter": 6,
                "extras": 0,
                "total": 6
              }
            },
            {
              "batter": "LJ Evans",
              "bowler": "JO Holder",
              "non_striker": "SR Hain",
              "runs": {
                "batter": 4,
                "extras": 0,
                "total": 4
              }
            }
          ]
        },
        {
          "over": 13,
          "deliveries": [
            {
              "batter": "SR Hain",
              "bowler": "Akif Raja",
              "non_striker": "LJ Evans",
              "runs": {
                "batter": 1,
                "extras": 0,
                "total": 1
              }
            },
            {
              "batter": "LJ Evans",
              "bowler": "Akif Raja",
              "non_striker": "SR Hain",
              "runs": {
                "batter": 0,
                "extras": 0,
                "total": 0
              }
            },
            {
              "batter": "LJ Evans",
              "bowler": "Akif Raja",
              "non_striker": "SR Hain",
              "runs": {
                "batter": 2,
                "extras": 0,
                "total": 2
              }
            },
            {
              "batter": "LJ Evans",
              "bowler": "Akif Raja",
              "non_striker": "SR Hain",
              "runs": {
                "batter": 2,
                "extras": 0,
                "total": 2
              }
            },
            {
              "batter": "LJ Evans",
              "bowler": "Akif Raja",
              "non_striker": "SR Hain",
              "runs": {
                "batter": 1,
                "extras": 0,
                "total": 1
              }
            },
            {
              "batter": "SR Hain",
              "bowler": "Akif Raja",
              "non_striker": "LJ Evans",
              "runs": {
                "batter": 1,
                "extras": 0,
                "total": 1
              }
            }
          ]
        },
        {
          "over": 14,
          "deliveries": [
            {
              "batter": "SR Hain",
              "bowler": "KW Richardson",
              "non_striker": "LJ Evans",
              "runs": {
                "batter": 2,
                "extras": 0,
                "total": 2
              }
            },
            {
              "batter": "SR Hain",
              "bowler": "KW Richardson",
              "non_striker": "LJ Evans",
              "runs": {
                "batter": 1,
                "extras": 0,
                "total": 1
              }
            },
            {
              "batter": "LJ Evans",
              "bowler": "KW Richardson",
              "non_striker": "SR Hain",
              "runs": {
                "batter": 4,
                "extras": 0,
                "total": 4
              }
            },
            {
              "batter": "LJ Evans",
              "bowler": "KW Richardson",
              "non_striker": "SR Hain",
              "runs": {
                "batter": 2,
                "extras": 0,
                "total": 2
              }
            },
            {
              "batter": "LJ Evans",
              "bowler": "KW Richardson",
              "extras": {
                "wides": 1
              },
              "non_striker": "SR Hain",
              "runs": {
                "batter": 0,
                "extras": 1,
                "total": 1
              }
            },
            {
              "batter": "LJ Evans",
              "bowler": "KW Richardson",
              "extras": {
                "wides": 1
              },
              "non_striker": "SR Hain",
              "runs": {
                "batter": 0,
                "extras": 1,
                "total": 1
              }
            },
            {
              "batter": "LJ Evans",
              "bowler": "KW Richardson",
              "non_striker": "SR Hain",
              "runs": {
                "batter": 0,
                "extras": 0,
                "total": 0
              }
            },
            {
              "batter": "LJ Evans",
              "bowler": "KW Richardson",
              "non_striker": "SR Hain",
              "runs": {
                "batter": 1,
                "extras": 0,
                "total": 1
              }
            }
          ]
        },
        {
          "over": 15,
          "deliveries": [
            {
              "batter": "LJ Evans",
              "bowler": "Akif Raja",
              "non_striker": "SR Hain",
              "runs": {
                "batter": 1,
                "extras": 0,
                "total": 1
              }
            },
            {
              "batter": "SR Hain",
              "bowler": "Akif Raja",
              "extras": {
                "wides": 1
              },
              "non_striker": "LJ Evans",
              "runs": {
                "batter": 0,
                "extras": 1,
                "total": 1
              }
            },
            {
              "batter": "SR Hain",
              "bowler": "Akif Raja",
              "non_striker": "LJ Evans",
              "runs": {
                "batter": 2,
                "extras": 0,
                "total": 2
              }
            },
            {
              "batter": "SR Hain",
              "bowler": "Akif Raja",
              "non_striker": "LJ Evans",
              "runs": {
                "batter": 2,
                "extras": 0,
                "total": 2
              }
            },
            {
              "batter": "SR Hain",
              "bowler": "Akif Raja",
              "non_striker": "LJ Evans",
              "runs": {
                "batter": 4,
                "extras": 0,
                "total": 4
              }
            },
            {
              "batter": "SR Hain",
              "bowler": "Akif Raja",
              "non_striker": "LJ Evans",
              "runs": {
                "batter": 1,
                "extras": 0,
                "total": 1
              }
            },
            {
              "batter": "LJ Evans",
              "bowler": "Akif Raja",
              "non_striker": "SR Hain",
              "runs": {
                "batter": 4,
                "extras": 0,
                "total": 4
              }
            }
          ]
        },
        {
          "over": 16,
          "deliveries": [
            {
              "batter": "SR Hain",
              "bowler": "PVD Chameera",
              "non_striker": "LJ Evans",
              "runs": {
                "batter": 1,
                "extras": 0,
                "total": 1
              }
            },
            {
              "batter": "LJ Evans",
              "bowler": "PVD Chameera",
              "non_striker": "SR Hain",
              "runs": {
                "batter": 0,
                "extras": 0,
                "total": 0
              }
            },
            {
              "batter": "LJ Evans",
              "bowler": "PVD Chameera",
              "non_striker": "SR Hain",
              "runs": {
                "batter": 1,
                "extras": 0,
                "total": 1
              }
            },
            {
              "batter": "SR Hain",
              "bowler": "PVD Chameera",
              "non_striker": "LJ Evans",
              "runs": {
                "batter": 1,
                "extras": 0,
                "total": 1
              }
            },
            {
              "batter": "LJ Evans",
              "bowler": "PVD Chameera",
              "extras": {
                "byes": 4
              },
              "non_striker": "SR Hain",
              "runs": {
                "batter": 0,
                "extras": 4,
                "total": 4
              }
            },
            {
              "batter": "LJ Evans",
              "bowler": "PVD Chameera",
              "non_striker": "SR Hain",
              "runs": {
                "batter": 0,
                "extras": 0,
                "total": 0
              }
            }
          ]
        },
        {
          "over": 17,
          "deliveries": [
            {
              "batter": "SR Hain",
              "bowler": "KW Richardson",
              "non_striker": "LJ Evans",
              "runs": {
                "batter": 0,
                "extras": 0,
                "total": 0
              }
            },
            {
              "batter": "SR Hain",
              "bowler": "KW Richardson",
              "non_striker": "LJ Evans",
              "runs": {
                "batter": 4,
                "extras": 0,
                "total": 4
              }
            },
            {
              "batter": "SR Hain",
              "bowler": "KW Richardson",
              "non_striker": "LJ Evans",
              "runs": {
                "batter": 6,
                "extras": 0,
                "total": 6
              }
            },
            {
              "batter": "SR Hain",
              "bowler": "KW Richardson",
              "non_striker": "LJ Evans",
              "runs": {
                "batter": 1,
                "extras": 0,
                "total": 1
              }
            },
            {
              "batter": "LJ Evans",
              "bowler": "KW Richardson",
              "non_striker": "SR Hain",
              "runs": {
                "batter": 6,
                "extras": 0,
                "total": 6
              }
            },
            {
              "batter": "LJ Evans",
              "bowler": "KW Richardson",
              "non_striker": "SR Hain",
              "runs": {
                "batter": 0,
                "extras": 0,
                "total": 0
              }
            }
          ]
        },
        {
          "over": 18,
          "deliveries": [
            {
              "batter": "SR Hain",
              "bowler": "PVD Chameera",
              "non_striker": "LJ Evans",
              "replacements": {
                "match": [
                  {
                    "in": "J Fraser-McGurk",
                    "out": "KW Richardson",
                    "team": "Dubai Capitals",
                    "reason": "impact_player"
                  }
                ]
              },
              "runs": {
                "batter": 4,
                "extras": 0,
                "total": 4
              }
            },
            {
              "batter": "SR Hain",
              "bowler": "PVD Chameera",
              "non_striker": "LJ Evans",
              "runs": {
                "batter": 4,
                "extras": 0,
                "total": 4
              }
            },
            {
              "batter": "SR Hain",
              "bowler": "PVD Chameera",
              "non_striker": "LJ Evans",
              "runs": {
                "batter": 1,
                "extras": 0,
                "total": 1
              }
            },
            {
              "batter": "LJ Evans",
              "bowler": "PVD Chameera",
              "non_striker": "SR Hain",
              "runs": {
                "batter": 1,
                "extras": 0,
                "total": 1
              }
            },
            {
              "batter": "SR Hain",
              "bowler": "PVD Chameera",
              "non_striker": "LJ Evans",
              "runs": {
                "batter": 2,
                "extras": 0,
                "total": 2
              }
            },
            {
              "batter": "SR Hain",
              "bowler": "PVD Chameera",
              "non_striker": "LJ Evans",
              "runs": {
                "batter": 1,
                "extras": 0,
                "total": 1
              }
            }
          ]
        },
        {
          "over": 19,
          "deliveries": [
            {
              "batter": "SR Hain",
              "bowler": "JO Holder",
              "non_striker": "LJ Evans",
              "runs": {
                "batter": 4,
                "extras": 0,
                "total": 4
              }
            },
            {
              "batter": "SR Hain",
              "bowler": "JO Holder",
              "non_striker": "LJ Evans",
              "runs": {
                "batter": 0,
                "extras": 0,
                "total": 0
              },
              "wickets": [
                {
                  "player_out": "SR Hain",
                  "fielders": [
                    {
                      "name": "Sikandar Raza"
                    }
                  ],
                  "kind": "caught"
                }
              ]
            },
            {
              "batter": "AD Russell",
              "bowler": "JO Holder",
              "non_striker": "LJ Evans",
              "runs": {
                "batter": 2,
                "extras": 0,
                "total": 2
              }
            },
            {
              "batter": "AD Russell",
              "bowler": "JO Holder",
              "non_striker": "LJ Evans",
              "runs": {
                "batter": 0,
                "extras": 0,
                "total": 0
              }
            },
            {
              "batter": "AD Russell",
              "bowler": "JO Holder",
              "non_striker": "LJ Evans",
              "runs": {
                "batter": 1,
                "extras": 0,
                "total": 1
              }
            },
            {
              "batter": "LJ Evans",
              "bowler": "JO Holder",
              "non_striker": "AD Russell",
              "runs": {
                "batter": 1,
                "extras": 0,
                "total": 1
              }
            }
          ]
        }
      ],
      "powerplays": [
        {
          "from": 0.1,
          "to": 5.6,
          "type": "mandatory"
        }
      ]
    },
    {
      "team": "Dubai Capitals",
      "overs": [
        {
          "over": 0,
          "deliveries": [
            {
              "batter": "DA Warner",
              "bowler": "DJ Willey",
              "non_striker": "Rahmanullah Gurbaz",
              "replacements": {
                "match": [
                  {
                    "in": "Ali Khan",
                    "out": "SR Hain",
                    "team": "Abu Dhabi Knight Riders",
                    "reason": "impact_player"
                  }
                ]
              },
              "runs": {
                "batter": 0,
                "extras": 0,
                "total": 0
              }
            },
            {
              "batter": "DA Warner",
              "bowler": "DJ Willey",
              "non_striker": "Rahmanullah Gurbaz",
              "review": {
                "by": "Dubai Capitals",
                "umpire": "Aasif Iqbal",
                "batter": "DA Warner",
                "decision": "struck down",
                "type": "wicket"
              },
              "runs": {
                "batter": 0,
                "extras": 0,
                "total": 0
              },
              "wickets": [
                {
                  "player_out": "DA Warner",
                  "kind": "lbw"
                }
              ]
            },
            {
              "batter": "J Fraser-McGurk",
              "bowler": "DJ Willey",
              "non_striker": "Rahmanullah Gurbaz",
              "runs": {
                "batter": 0,
                "extras": 0,
                "total": 0
              }
            },
            {
              "batter": "J Fraser-McGurk",
              "bowler": "DJ Willey",
              "non_striker": "Rahmanullah Gurbaz",
              "runs": {
                "batter": 0,
                "extras": 0,
                "total": 0
              }
            },
            {
              "batter": "J Fraser-McGurk",
              "bowler": "DJ Willey",
              "non_striker": "Rahmanullah Gurbaz",
              "runs": {
                "batter": 4,
                "extras": 0,
                "total": 4
              }
            },
            {
              "batter": "J Fraser-McGurk",
              "bowler": "DJ Willey",
              "non_striker": "Rahmanullah Gurbaz",
              "runs": {
                "batter": 2,
                "extras": 0,
                "total": 2
              }
            }
          ]
        },
        {
          "over": 1,
          "deliveries": [
            {
              "batter": "Rahmanullah Gurbaz",
              "bowler": "Imad Wasim",
              "non_striker": "J Fraser-McGurk",
              "runs": {
                "batter": 1,
                "extras": 0,
                "total": 1
              }
            },
            {
              "batter": "J Fraser-McGurk",
              "bowler": "Imad Wasim",
              "non_striker": "Rahmanullah Gurbaz",
              "runs": {
                "batter": 0,
                "extras": 0,
                "total": 0
              }
            },
            {
              "batter": "J Fraser-McGurk",
              "bowler": "Imad Wasim",
              "non_striker": "Rahmanullah Gurbaz",
              "runs": {
                "batter": 6,
                "extras": 0,
                "total": 6
              }
            },
            {
              "batter": "J Fraser-McGurk",
              "bowler": "Imad Wasim",
              "non_striker": "Rahmanullah Gurbaz",
              "runs": {
                "batter": 6,
                "extras": 0,
                "total": 6
              }
            },
            {
              "batter": "J Fraser-McGurk",
              "bowler": "Imad Wasim",
              "non_striker": "Rahmanullah Gurbaz",
              "runs": {
                "batter": 0,
                "extras": 0,
                "total": 0
              }
            },
            {
              "batter": "J Fraser-McGurk",
              "bowler": "Imad Wasim",
              "non_striker": "Rahmanullah Gurbaz",
              "runs": {
                "batter": 1,
                "extras": 0,
                "total": 1
              }
            }
          ]
        },
        {
          "over": 2,
          "deliveries": [
            {
              "batter": "J Fraser-McGurk",
              "bowler": "DJ Willey",
              "non_striker": "Rahmanullah Gurbaz",
              "runs": {
                "batter": 0,
                "extras": 0,
                "total": 0
              }
            },
            {
              "batter": "J Fraser-McGurk",
              "bowler": "DJ Willey",
              "non_striker": "Rahmanullah Gurbaz",
              "runs": {
                "batter": 0,
                "extras": 0,
                "total": 0
              }
            },
            {
              "batter": "J Fraser-McGurk",
              "bowler": "DJ Willey",
              "non_striker": "Rahmanullah Gurbaz",
              "runs": {
                "batter": 6,
                "extras": 0,
                "total": 6
              }
            },
            {
              "batter": "J Fraser-McGurk",
              "bowler": "DJ Willey",
              "non_striker": "Rahmanullah Gurbaz",
              "runs": {
                "batter": 6,
                "extras": 0,
                "total": 6
              }
            },
            {
              "batter": "J Fraser-McGurk",
              "bowler": "DJ Willey",
              "non_striker": "Rahmanullah Gurbaz",
              "runs": {
                "batter": 2,
                "extras": 0,
                "total": 2
              }
            },
            {
              "batter": "J Fraser-McGurk",
              "bowler": "DJ Willey",
              "non_striker": "Rahmanullah Gurbaz",
              "runs": {
                "batter": 4,
                "extras": 0,
                "total": 4
              }
            }
          ]
        },
        {
          "over": 3,
          "deliveries": [
            {
              "batter": "Rahmanullah Gurbaz",
              "bowler": "AD Russell",
              "non_striker": "J Fraser-McGurk",
              "runs": {
                "batter": 6,
                "extras": 0,
                "total": 6
              }
            },
            {
              "batter": "Rahmanullah Gurbaz",
              "bowler": "AD Russell",
              "non_striker": "J Fraser-McGurk",
              "runs": {
                "batter": 6,
                "extras": 0,
                "total": 6
              }
            },
            {
              "batter": "Rahmanullah Gurbaz",
              "bowler": "AD Russell",
              "non_striker": "J Fraser-McGurk",
              "runs": {
                "batter": 3,
                "extras": 0,
                "total": 3
              }
            },
            {
              "batter": "J Fraser-McGurk",
              "bowler": "AD Russell",
              "non_striker": "Rahmanullah Gurbaz",
              "runs": {
                "batter": 4,
                "extras": 0,
                "total": 4
              }
            },
            {
              "batter": "J Fraser-McGurk",
              "bowler": "AD Russell",
              "non_striker": "Rahmanullah Gurbaz",
              "runs": {
                "batter": 0,
                "extras": 0,
                "total": 0
              },
              "wickets": [
                {
                  "player_out": "J Fraser-McGurk",
                  "kind": "caught and bowled"
                }
              ]
            },
            {
              "batter": "SW Billings",
              "bowler": "AD Russell",
              "non_striker": "Rahmanullah Gurbaz",
              "runs": {
                "batter": 0,
                "extras": 0,
                "total": 0
              }
            }
          ]
        },
        {
          "over": 4,
          "deliveries": [
            {
              "batter": "Rahmanullah Gurbaz",
              "bowler": "SP Narine",
              "extras": {
                "wides": 1
              },
              "non_striker": "SW Billings",
              "runs": {
                "batter": 0,
                "extras": 1,
                "total": 1
              }
            },
            {
              "batter": "Rahmanullah Gurbaz",
              "bowler": "SP Narine",
              "non_striker": "SW Billings",
              "runs": {
                "batter": 1,
                "extras": 0,
                "total": 1
              }
            },
            {
              "batter": "SW Billings",
              "bowler": "SP Narine",
              "non_striker": "Rahmanullah Gurbaz",
              "runs": {
                "batter": 1,
                "extras": 0,
                "total": 1
              }
            },
            {
              "batter": "Rahmanullah Gurbaz",
              "bowler": "SP Narine",
              "non_striker": "SW Billings",
              "runs": {
                "batter": 4,
                "extras": 0,
                "total": 4
              }
            },
            {
              "batter": "Rahmanullah Gurbaz",
              "bowler": "SP Narine",
              "extras": {
                "wides": 1
              },
              "non_striker": "SW Billings",
              "runs": {
                "batter": 0,
                "extras": 1,
                "total": 1
              }
            },
            {
              "batter": "Rahmanullah Gurbaz",
              "bowler": "SP Narine",
              "non_striker": "SW Billings",
              "runs": {
                "batter": 0,
                "extras": 0,
                "total": 0
              },
              "wickets": [
                {
                  "player_out": "Rahmanullah Gurbaz",
                  "fielders": [
                    {
                      "name": "AGS Gous"
                    }
                  ],
                  "kind": "caught"
                }
              ]
            },
            {
              "batter": "Sikandar Raza",
              "bowler": "SP Narine",
              "non_striker": "SW Billings",
              "runs": {
                "batter": 0,
                "extras": 0,
                "total": 0
              }
            },
            {
              "batter": "Sikandar Raza",
              "bowler": "SP Narine",
              "non_striker": "SW Billings",
              "runs": {
                "batter": 1,
                "extras": 0,
                "total": 1
              }
            }
          ]
        },
        {
          "over": 5,
          "deliveries": [
            {
              "batter": "Sikandar Raza",
              "bowler": "J Little",
              "non_striker": "SW Billings",
              "runs": {
                "batter": 0,
                "extras": 0,
                "total": 0
              }
            },
            {
              "batter": "Sikandar Raza",
              "bowler": "J Little",
              "non_striker": "SW Billings",
              "runs": {
                "batter": 1,
                "extras": 0,
                "total": 1
              }
            },
            {
              "batter": "SW Billings",
              "bowler": "J Little",
              "non_striker": "Sikandar Raza",
              "runs": {
                "batter": 1,
                "extras": 0,
                "total": 1
              }
            },
            {
              "batter": "Sikandar Raza",
              "bowler": "J Little",
              "non_striker": "SW Billings",
              "runs": {
                "batter": 4,
                "extras": 0,
                "total": 4
              }
            },
            {
              "batter": "Sikandar Raza",
              "bowler": "J Little",
              "non_striker": "SW Billings",
              "runs": {
                "batter": 4,
                "extras": 0,
                "total": 4
              }
            },
            {
              "batter": "Sikandar Raza",
              "bowler": "J Little",
              "non_striker": "SW Billings",
              "runs": {
                "batter": 2,
                "extras": 0,
                "total": 2
              }
            }
          ]
        },
        {
          "over": 6,
          "deliveries": [
            {
              "batter": "SW Billings",
              "bowler": "SP Narine",
              "non_striker": "Sikandar Raza",
              "runs": {
                "batter": 0,
                "extras": 0,
                "total": 0
              }
            },
            {
              "batter": "SW Billings",
              "bowler": "SP Narine",
              "extras": {
                "byes": 1
              },
              "non_striker": "Sikandar Raza",
              "runs": {
                "batter": 0,
                "extras": 1,
                "total": 1
              }
            },
            {
              "batter": "Sikandar Raza",
              "bowler": "SP Narine",
              "non_striker": "SW Billings",
              "runs": {
                "batter": 2,
                "extras": 0,
                "total": 2
              }
            },
            {
              "batter": "Sikandar Raza",
              "bowler": "SP Narine",
              "non_striker": "SW Billings",
              "runs": {
                "batter": 0,
                "extras": 0,
                "total": 0
              }
            },
            {
              "batter": "Sikandar Raza",
              "bowler": "SP Narine",
              "non_striker": "SW Billings",
              "runs": {
                "batter": 1,
                "extras": 0,
                "total": 1
              }
            },
            {
              "batter": "SW Billings",
              "bowler": "SP Narine",
              "non_striker": "Sikandar Raza",
              "runs": {
                "batter": 1,
                "extras": 0,
                "total": 1
              }
            }
          ]
        },
        {
          "over": 7,
          "deliveries": [
            {
              "batter": "SW Billings",
              "bowler": "DJ Willey",
              "non_striker": "Sikandar Raza",
              "runs": {
                "batter": 2,
                "extras": 0,
                "total": 2
              }
            },
            {
              "batter": "SW Billings",
              "bowler": "DJ Willey",
              "non_striker": "Sikandar Raza",
              "runs": {
                "batter": 4,
                "extras": 0,
                "total": 4
              }
            },
            {
              "batter": "SW Billings",
              "bowler": "DJ Willey",
              "non_striker": "Sikandar Raza",
              "runs": {
                "batter": 4,
                "extras": 0,
                "total": 4
              }
            },
            {
              "batter": "SW Billings",
              "bowler": "DJ Willey",
              "non_striker": "Sikandar Raza",
              "runs": {
                "batter": 2,
                "extras": 0,
                "total": 2
              }
            },
            {
              "batter": "SW Billings",
              "bowler": "DJ Willey",
              "non_striker": "Sikandar Raza",
              "runs": {
                "batter": 1,
                "extras": 0,
                "total": 1
              }
            },
            {
              "batter": "Sikandar Raza",
              "bowler": "DJ Willey",
              "non_striker": "SW Billings",
              "runs": {
                "batter": 2,
                "extras": 0,
                "total": 2
              }
            }
          ]
        },
        {
          "over": 8,
          "deliveries": [
            {
              "batter": "SW Billings",
              "bowler": "Imad Wasim",
              "non_striker": "Sikandar Raza",
              "runs": {
                "batter": 1,
                "extras": 0,
                "total": 1
              }
            },
            {
              "batter": "Sikandar Raza",
              "bowler": "Imad Wasim",
              "non_striker": "SW Billings",
              "runs": {
                "batter": 1,
                "extras": 0,
                "total": 1
              }
            },
            {
              "batter": "SW Billings",
              "bowler": "Imad Wasim",
              "non_striker": "Sikandar Raza",
              "review": {
                "by": "Abu Dhabi Knight Riders",
                "umpire": "Aasif Iqbal",
                "batter": "SW Billings",
                "decision": "struck down",
                "umpires_call": true
              },
              "runs": {
                "batter": 0,
                "extras": 0,
                "total": 0
              }
            },
            {
              "batter": "SW Billings",
              "bowler": "Imad Wasim",
              "extras": {
                "wides": 1
              },
              "non_striker": "Sikandar Raza",
              "runs": {
                "batter": 0,
                "extras": 1,
                "total": 1
              }
            },
            {
              "batter": "SW Billings",
              "bowler": "Imad Wasim",
              "non_striker": "Sikandar Raza",
              "runs": {
                "batter": 1,
                "extras": 0,
                "total": 1
              }
            },
            {
              "batter": "Sikandar Raza",
              "bowler": "Imad Wasim",
              "non_striker": "SW Billings",
              "runs": {
                "batter": 1,
                "extras": 0,
                "total": 1
              }
            },
            {
              "batter": "SW Billings",
              "bowler": "Imad Wasim",
              "non_striker": "Sikandar Raza",
              "runs": {
                "batter": 1,
                "extras": 0,
                "total": 1
              }
            }
          ]
        },
        {
          "over": 9,
          "deliveries": [
            {
              "batter": "SW Billings",
              "bowler": "Ali Khan",
              "non_striker": "Sikandar Raza",
              "runs": {
                "batter": 4,
                "extras": 0,
                "total": 4
              }
            },
            {
              "batter": "SW Billings",
              "bowler": "Ali Khan",
              "non_striker": "Sikandar Raza",
              "runs": {
                "batter": 1,
                "extras": 0,
                "total": 1
              }
            },
            {
              "batter": "Sikandar Raza",
              "bowler": "Ali Khan",
              "non_striker": "SW Billings",
              "runs": {
                "batter": 0,
                "extras": 0,
                "total": 0
              }
            },
            {
              "batter": "Sikandar Raza",
              "bowler": "Ali Khan",
              "extras": {
                "wides": 1
              },
              "non_striker": "SW Billings",
              "runs": {
                "batter": 0,
                "extras": 1,
                "total": 1
              }
            },
            {
              "batter": "Sikandar Raza",
              "bowler": "Ali Khan",
              "non_striker": "SW Billings",
              "runs": {
                "batter": 1,
                "extras": 0,
                "total": 1
              }
            },
            {
              "batter": "SW Billings",
              "bowler": "Ali Khan",
              "extras": {
                "wides": 1
              },
              "non_striker": "Sikandar Raza",
              "runs": {
                "batter": 0,
                "extras": 1,
                "total": 1
              }
            },
            {
              "batter": "SW Billings",
              "bowler": "Ali Khan",
              "non_striker": "Sikandar Raza",
              "runs": {
                "batter": 4,
                "extras": 0,
                "total": 4
              }
            },
            {
              "batter": "SW Billings",
              "bowler": "Ali Khan",
              "non_striker": "Sikandar Raza",
              "runs": {
                "batter": 4,
                "extras": 0,
                "total": 4
              }
            }
          ]
        },
        {
          "over": 10,
          "deliveries": [
            {
              "batter": "Sikandar Raza",
              "bowler": "Imad Wasim",
              "non_striker": "SW Billings",
              "runs": {
                "batter": 1,
                "extras": 0,
                "total": 1
              }
            },
            {
              "batter": "SW Billings",
              "bowler": "Imad Wasim",
              "non_striker": "Sikandar Raza",
              "runs": {
                "batter": 1,
                "extras": 0,
                "total": 1
              }
            },
            {
              "batter": "Sikandar Raza",
              "bowler": "Imad Wasim",
              "non_striker": "SW Billings",
              "runs": {
                "batter": 2,
                "extras": 0,
                "total": 2
              }
            },
            {
              "batter": "Sikandar Raza",
              "bowler": "Imad Wasim",
              "non_striker": "SW Billings",
              "runs": {
                "batter": 1,
                "extras": 0,
                "total": 1
              }
            },
            {
              "batter": "SW Billings",
              "bowler": "Imad Wasim",
              "non_striker": "Sikandar Raza",
              "runs": {
                "batter": 1,
                "extras": 0,
                "total": 1
              }
            },
            {
              "batter": "Sikandar Raza",
              "bowler": "Imad Wasim",
              "non_striker": "SW Billings",
              "runs": {
                "batter": 2,
                "extras": 0,
                "total": 2
              }
            }
          ]
        },
        {
          "over": 11,
          "deliveries": [
            {
              "batter": "SW Billings",
              "bowler": "J Little",
              "non_striker": "Sikandar Raza",
              "runs": {
                "batter": 2,
                "extras": 0,
                "total": 2
              }
            },
            {
              "batter": "SW Billings",
              "bowler": "J Little",
              "non_striker": "Sikandar Raza",
              "runs": {
                "batter": 4,
                "extras": 0,
                "total": 4
              }
            },
            {
              "batter": "SW Billings",
              "bowler": "J Little",
              "non_striker": "Sikandar Raza",
              "runs": {
                "batter": 2,
                "extras": 0,
                "total": 2
              }
            },
            {
              "batter": "SW Billings",
              "bowler": "J Little",
              "non_striker": "Sikandar Raza",
              "runs": {
                "batter": 6,
                "extras": 0,
                "total": 6
              }
            },
            {
              "batter": "SW Billings",
              "bowler": "J Little",
              "non_striker": "Sikandar Raza",
              "runs": {
                "batter": 1,
                "extras": 0,
                "total": 1
              }
            },
            {
              "batter": "Sikandar Raza",
              "bowler": "J Little",
              "extras": {
                "wides": 1
              },
              "non_striker": "SW Billings",
              "runs": {
                "batter": 0,
                "extras": 1,
                "total": 1
              }
            },
            {
              "batter": "Sikandar Raza",
              "bowler": "J Little",
              "non_striker": "SW Billings",
              "runs": {
                "batter": 4,
                "extras": 0,
                "total": 4
              }
            }
          ]
        },
        {
          "over": 12,
          "deliveries": [
            {
              "batter": "SW Billings",
              "bowler": "SP Narine",
              "non_striker": "Sikandar Raza",
              "runs": {
                "batter": 1,
                "extras": 0,
                "total": 1
              }
            },
            {
              "batter": "Sikandar Raza",
              "bowler": "SP Narine",
              "non_striker": "SW Billings",
              "runs": {
                "batter": 1,
                "extras": 0,
                "total": 1
              }
            },
            {
              "batter": "SW Billings",
              "bowler": "SP Narine",
              "non_striker": "Sikandar Raza",
              "runs": {
                "batter": 1,
                "extras": 0,
                "total": 1
              }
            },
            {
              "batter": "Sikandar Raza",
              "bowler": "SP Narine",
              "non_striker": "SW Billings",
              "runs": {
                "batter": 0,
                "extras": 0,
                "total": 0
              }
            },
            {
              "batter": "Sikandar Raza",
              "bowler": "SP Narine",
              "non_striker": "SW Billings",
              "runs": {
                "batter": 1,
                "extras": 0,
                "total": 1
              }
            },
            {
              "batter": "SW Billings",
              "bowler": "SP Narine",
              "non_striker": "Sikandar Raza",
              "runs": {
                "batter": 1,
                "extras": 0,
                "total": 1
              }
            }
          ]
        },
        {
          "over": 13,
          "deliveries": [
            {
              "batter": "SW Billings",
              "bowler": "Matiullah Khan",
              "non_striker": "Sikandar Raza",
              "runs": {
                "batter": 1,
                "extras": 0,
                "total": 1
              }
            },
            {
              "batter": "Sikandar Raza",
              "bowler": "Matiullah Khan",
              "non_striker": "SW Billings",
              "runs": {
                "batter": 4,
                "extras": 0,
                "total": 4
              }
            },
            {
              "batter": "Sikandar Raza",
              "bowler": "Matiullah Khan",
              "non_striker": "SW Billings",
              "runs": {
                "batter": 1,
                "extras": 0,
                "total": 1
              }
            },
            {
              "batter": "SW Billings",
              "bowler": "Matiullah Khan",
              "non_striker": "Sikandar Raza",
              "runs": {
                "batter": 4,
                "extras": 0,
                "total": 4
              }
            },
            {
              "batter": "SW Billings",
              "bowler": "Matiullah Khan",
              "non_striker": "Sikandar Raza",
              "runs": {
                "batter": 4,
                "extras": 0,
                "total": 4
              }
            },
            {
              "batter": "SW Billings",
              "bowler": "Matiullah Khan",
              "non_striker": "Sikandar Raza",
              "runs": {
                "batter": 4,
                "extras": 0,
                "total": 4
              }
            }
          ]
        },
        {
          "over": 14,
          "deliveries": [
            {
              "batter": "Sikandar Raza",
              "bowler": "SP Narine",
              "non_striker": "SW Billings",
              "runs": {
                "batter": 1,
                "extras": 0,
                "total": 1
              }
            },
            {
              "batter": "SW Billings",
              "bowler": "SP Narine",
              "non_striker": "Sikandar Raza",
              "runs": {
                "batter": 2,
                "extras": 0,
                "total": 2
              }
            },
            {
              "batter": "SW Billings",
              "bowler": "SP Narine",
              "non_striker": "Sikandar Raza",
              "runs": {
                "batter": 0,
                "extras": 0,
                "total": 0
              },
              "wickets": [
                {
                  "player_out": "SW Billings",
                  "fielders": [
                    {
                      "name": "LJ Evans"
                    }
                  ],
                  "kind": "caught"
                }
              ]
            },
            {
              "batter": "R Powell",
              "bowler": "SP Narine",
              "non_striker": "Sikandar Raza",
              "runs": {
                "batter": 1,
                "extras": 0,
                "total": 1
              }
            },
            {
              "batter": "Sikandar Raza",
              "bowler": "SP Narine",
              "non_striker": "R Powell",
              "runs": {
                "batter": 1,
                "extras": 0,
                "total": 1
              }
            },
            {
              "batter": "R Powell",
              "bowler": "SP Narine",
              "non_striker": "Sikandar Raza",
              "runs": {
                "batter": 0,
                "extras": 0,
                "total": 0
              }
            }
          ]
        },
        {
          "over": 15,
          "deliveries": [
            {
              "batter": "Sikandar Raza",
              "bowler": "DJ Willey",
              "non_striker": "R Powell",
              "runs": {
                "batter": 4,
                "extras": 0,
                "total": 4
              }
            },
            {
              "batter": "Sikandar Raza",
              "bowler": "DJ Willey",
              "non_striker": "R Powell",
              "runs": {
                "batter": 0,
                "extras": 0,
                "total": 0
              },
              "wickets": [
                {
                  "player_out": "Sikandar Raza",
                  "kind": "caught and bowled"
                }
              ]
            },
            {
              "batter": "R Chopra",
              "bowler": "DJ Willey",
              "non_striker": "R Powell",
              "runs": {
                "batter": 1,
                "extras": 0,
                "total": 1
              }
            },
            {
              "batter": "R Powell",
              "bowler": "DJ Willey",
              "non_striker": "R Chopra",
              "runs": {
                "batter": 0,
                "extras": 0,
                "total": 0
              }
            },
            {
              "batter": "R Powell",
              "bowler": "DJ Willey",
              "non_striker": "R Chopra",
              "runs": {
                "batter": 0,
                "extras": 0,
                "total": 0
              }
            },
            {
              "batter": "R Powell",
              "bowler": "DJ Willey",
              "non_striker": "R Chopra",
              "runs": {
                "batter": 0,
                "extras": 0,
                "total": 0
              }
            }
          ]
        },
        {
          "over": 16,
          "deliveries": [
            {
              "batter": "R Chopra",
              "bowler": "Imad Wasim",
              "non_striker": "R Powell",
              "runs": {
                "batter": 4,
                "extras": 0,
                "total": 4
              }
            }
          ]
        }
      ],
      "powerplays": [
        {
          "from": 0.1,
          "to": 5.6,
          "type": "mandatory"
        }
      ],
      "target": {
        "overs": 20,
        "runs": 184
      }
    }
  ]
}