{
  "meta": {
    "data_version": "1.1.0",
    "created": "2024-02-13",
    "revision": 1
  },
  "info": {
    "balls_per_over": 6,
    "city": "Abu Dhabi",
    "dates": [
      "2024-02-10"
    ],
    "event": {
      "name": "International League T20",
      "match_number": 29
    },
    "gender": "male",
    "match_type": "T20",
    "officials": {
      "match_referees": [
        "SJA Taufel"
      ],
      "reserve_umpires": [
        "Aleem Dar"
      ],
      "tv_umpires": [
        "P Wilson"
      ],
      "umpires": [
        "Akbar Ali",
        "RSA Palliyaguruge"
      ]
    },
    "outcome": {
      "winner": "Dubai Capitals",
      "by": {
        "runs": 19
      }
    },
    "overs": 20,
    "player_of_match": [
      "Haider Ali"
    ],
    "players": {
      "Dubai Capitals": [
        "Zahir Khan",
        "T Banton",
        "MDE Holden",
        "JL du Plooy",
        "SW Billings",
        "Sikandar Raza",
        "BR Dunk",
        "MD Shanaka",
        "SC Kuggeleijn",
        "OP Stone",
        "Akif Raja",
        "Haider Ali"
      ],
      "MI Emirates": [
        "Waqar Salamkheil",
        "Waseem Muhammad",
        "MDKJ Perera",
        "ADS Fletcher",
        "CG Benjamin",
        "DR Mousley",
        "KA Pollard",
        "JA Thompson",
        "DJ Bravo",
        "V Viyaskanth",
        "TA Boult",
        "Muhammad Rohid"
      ]
    },
    "registry": {
      "people": {
        "ADS Fletcher": "1bae756b",
        "Akbar Ali": "e753931d",
        "Akif Raja": "9d0344f3",
        "Aleem Dar": "f02778d1",
        "BR Dunk": "272d796e",
        "CG Benjamin": "95a15317",
        "DJ Bravo": "87e562a9",
        "DR Mousley": "876dbe2d",
        "Haider Ali": "dd572696",
        "JA Thompson": "1d2f290a",
        "JL du Plooy": "6e6fb538",
        "KA Pollard": "a757b0d8",
        "MD Shanaka": "3ff033bb",
        "MDE Holden": "d34a2268",
        "MDKJ Perera": "f21043a5",
        "Muhammad Rohid": "9103ecdb",
        "OP Stone": "3f659464",
        "P Wilson": "68304a36",
        "RSA Palliyaguruge": "4339c19d",
        "SC Kuggeleijn": "fef92afc",
        "SJA Taufel": "4b43d5ac",
        "SW Billings": "c16d4035",
        "Sikandar Raza": "26d041c4",
        "T Banton": "25f7b7d6",
        "TA Boult": "a818c1be",
        "V Viyaskanth": "03a83c50",
        "Waqar Salamkheil": "3f1066d0",
        "Waseem Muhammad": "6f02fe2a",
        "Zahir Khan": "786b7fe8"
      }
    },
    "season": "2023/24",
    "team_type": "club",
    "teams": [
      "Dubai Capitals",
      "MI Emirates"
    ],
    "toss": {
      "decision": "field",
      "winner": "MI Emirates"
    },
    "venue": "Zayed Cricket Stadium, Abu Dhabi"
  },
  "innings": [
    {
      "team": "Dubai Capitals",
      "overs": [
        {
          "over": 0,
          "deliveries": [
            {
              "batter": "T Banton",
              "bowler": "TA Boult",
              "non_striker": "MDE Holden",
              "runs": {
                "batter": 2,
                "extras": 0,
                "total": 2
              }
            },
            {
              "batter": "T Banton",
              "bowler": "TA Boult",
              "non_striker": "MDE Holden",
              "runs": {
                "batter": 4,
                "extras": 0,
                "total": 4
              }
            },
            {
              "batter": "T Banton",
              "bowler": "TA Boult",
              "non_striker": "MDE Holden",
              "runs": {
                "batter": 4,
                "extras": 0,
                "total": 4
              }
            },
            {
              "batter": "T Banton",
              "bowler": "TA Boult",
              "non_striker": "MDE Holden",
              "runs": {
                "batter": 0,
                "extras": 0,
                "total": 0
              }
            },
            {
              "batter": "T Banton",
              "bowler": "TA Boult",
              "non_striker": "MDE Holden",
              "runs": {
                "batter": 2,
                "extras": 0,
                "total": 2
              }
            },
            {
              "batter": "T Banton",
              "bowler": "TA Boult",
              "non_striker": "MDE Holden",
              "runs": {
                "batter": 1,
                "extras": 0,
                "total": 1
              }
            }
          ]
        },
        {
          "over": 1,
          "deliveries": [
            {
              "batter": "T Banton",
              "bowler": "JA Thompson",
              "non_striker": "MDE Holden",
              "runs": {
                "batter": 1,
                "extras": 0,
                "total": 1
              }
            },
            {
              "batter": "MDE Holden",
              "bowler": "JA Thompson",
              "non_striker": "T Banton",
              "runs": {
                "batter": 0,
                "extras": 0,
                "total": 0
              }
            },
            {
              "batter": "MDE Holden",
              "bowler": "JA Thompson",
              "non_striker": "T Banton",
              "runs": {
                "batter": 2,
                "extras": 0,
                "total": 2
              }
            },
            {
              "batter": "MDE Holden",
              "bowler": "JA Thompson",
              "non_striker": "T Banton",
              "runs": {
                "batter": 0,
                "extras": 0,
                "total": 0
              }
            },
            {
              "batter": "MDE Holden",
              "bowler": "JA Thompson",
              "non_striker": "T Banton",
              "runs": {
                "batter": 4,
                "extras": 0,
                "total": 4
              }
            },
            {
              "batter": "MDE Holden",
              "bowler": "JA Thompson",
              "non_striker": "T Banton",
              "runs": {
                "batter": 1,
                "extras": 0,
                "total": 1
              }
            }
          ]
        },
        {
          "over": 2,
          "deliveries": [
            {
              "batter": "MDE Holden",
              "bowler": "TA Boult",
              "non_striker": "T Banton",
              "runs": {
                "batter": 4,
                "extras": 0,
                "total": 4
              }
            },
            {
              "batter": "MDE Holden",
              "bowler": "TA Boult",
              "non_striker": "T Banton",
              "runs": {
                "batter": 0,
                "extras": 0,
                "total": 0
              }
            },
            {
              "batter": "MDE Holden",
              "bowler": "TA Boult",
              "non_striker": "T Banton",
              "runs": {
                "batter": 4,
                "extras": 0,
                "total": 4
              }
            },
            {
              "batter": "MDE Holden",
              "bowler": "TA Boult",
              "non_striker": "T Banton",
              "runs": {
                "batter": 4,
                "extras": 0,
                "total": 4
              }
            },
            {
              "batter": "MDE Holden",
              "bowler": "TA Boult",
              "non_striker": "T Banton",
              "runs": {
                "batter": 0,
                "extras": 0,
                "total": 0
              }
            },
            {
              "batter": "MDE Holden",
              "bowler": "TA Boult",
              "non_striker": "T Banton",
              "runs": {
                "batter": 1,
                "extras": 0,
                "total": 1
              }
            }
          ]
        },
        {
          "over": 3,
          "deliveries": [
            {
              "batter": "MDE Holden",
              "bowler": "DJ Bravo",
              "non_striker": "T Banton",
              "runs": {
                "batter": 0,
                "extras": 0,
                "total": 0
              }
            },
            {
              "batter": "MDE Holden",
              "bowler": "DJ Bravo",
              "non_striker": "T Banton",
              "runs": {
                "batter": 4,
                "extras": 0,
                "total": 4
              }
            },
            {
              "batter": "MDE Holden",
              "bowler": "DJ Bravo",
              "non_striker": "T Banton",
              "runs": {
                "batter": 4,
                "extras": 0,
                "total": 4
              }
            },
            {
              "batter": "MDE Holden",
              "bowler": "DJ Bravo",
              "non_striker": "T Banton",
              "runs": {
                "batter": 4,
                "extras": 0,
                "total": 4
              }
            },
            {
              "batter": "MDE Holden",
              "bowler": "DJ Bravo",
              "non_striker": "T Banton",
              "runs": {
                "batter": 0,
                "extras": 0,
                "total": 0
              }
            },
            {
              "batter": "MDE Holden",
              "bowler": "DJ Bravo",
              "non_striker": "T Banton",
              "runs": {
                "batter": 0,
                "extras": 0,
                "total": 0
              }
            }
          ]
        },
        {
          "over": 4,
          "deliveries": [
            {
              "batter": "T Banton",
              "bowler": "V Viyaskanth",
              "non_striker": "MDE Holden",
              "runs": {
                "batter": 0,
                "extras": 0,
                "total": 0
              }
            },
            {
              "batter": "T Banton",
              "bowler": "V Viyaskanth",
              "non_striker": "MDE Holden",
              "runs": {
                "batter": 0,
                "extras": 0,
                "total": 0
              }
            },
            {
              "batter": "T Banton",
              "bowler": "V Viyaskanth",
              "non_striker": "MDE Holden",
              "runs": {
                "batter": 1,
                "extras": 0,
                "total": 1
              }
            },
            {
              "batter": "MDE Holden",
              "bowler": "V Viyaskanth",
              "non_striker": "T Banton",
              "runs": {
                "batter": 0,
                "extras": 0,
                "total": 0
              }
            },
            {
              "batter": "MDE Holden",
              "bowler": "V Viyaskanth",
              "non_striker": "T Banton",
              "runs": {
                "batter": 4,
                "extras": 0,
                "total": 4
              }
            },
            {
              "batter": "MDE Holden",
              "bowler": "V Viyaskanth",
              "non_striker": "T Banton",
              "runs": {
                "batter": 0,
                "extras": 0,
                "total": 0
              }
            }
          ]
        },
        {
          "over": 5,
          "deliveries": [
            {
              "batter": "T Banton",
              "bowler": "DR Mousley",
              "non_striker": "MDE Holden",
              "runs": {
                "batter": 3,
                "extras": 0,
                "total": 3
              }
            },
            {
              "batter": "MDE Holden",
              "bowler": "DR Mousley",
              "non_striker": "T Banton",
              "runs": {
                "batter": 1,
                "extras": 0,
                "total": 1
              }
            },
            {
              "batter": "T Banton",
              "bowler": "DR Mousley",
              "non_striker": "MDE Holden",
              "runs": {
                "batter": 1,
                "extras": 0,
                "total": 1
              }
            },
            {
              "batter": "MDE Holden",
              "bowler": "DR Mousley",
              "non_striker": "T Banton",
              "runs": {
                "batter": 0,
                "extras": 0,
                "total": 0
              }
            },
            {
              "batter": "MDE Holden",
              "bowler": "DR Mousley",
              "non_striker": "T Banton",
              "runs": {
                "batter": 1,
                "extras": 0,
                "total": 1
              }
            },
            {
              "batter": "T Banton",
              "bowler": "DR Mousley",
              "non_striker": "MDE Holden",
              "runs": {
                "batter": 0,
                "extras": 0,
                "total": 0
              }
            }
          ]
        },
        {
          "over": 6,
          "deliveries": [
            {
              "batter": "MDE Holden",
              "bowler": "V Viyaskanth",
              "non_striker": "T Banton",
              "runs": {
                "batter": 4,
                "extras": 0,
                "total": 4
              }
            },
            {
              "batter": "MDE Holden",
              "bowler": "V Viyaskanth",
              "non_striker": "T Banton",
              "runs": {
                "batter": 1,
                "extras": 0,
                "total": 1
              }
            },
            {
              "batter": "T Banton",
              "bowler": "V Viyaskanth",
              "non_striker": "MDE Holden",
              "runs": {
                "batter": 2,
                "extras": 0,
                "total": 2
              }
            },
            {
              "batter": "T Banton",
              "bowler": "V Viyaskanth",
              "non_striker": "MDE Holden",
              "runs": {
                "batter": 4,
                "extras": 0,
                "total": 4
              }
            },
            {
              "batter": "T Banton",
              "bowler": "V Viyaskanth",
              "non_striker": "MDE Holden",
              "runs": {
                "batter": 1,
                "extras": 0,
                "total": 1
              }
            },
            {
              "batter": "MDE Holden",
              "bowler": "V Viyaskanth",
              "non_striker": "T Banton",
              "runs": {
                "batter": 1,
                "extras": 0,
                "total": 1
              }
            }
          ]
        },
        {
          "over": 7,
          "deliveries": [
            {
              "batter": "MDE Holden",
              "bowler": "Waqar Salamkheil",
              "non_striker": "T Banton",
              "runs": {
                "batter": 4,
                "extras": 0,
                "total": 4
              }
            },
            {
              "batter": "MDE Holden",
              "bowler": "Waqar Salamkheil",
              "extras": {
                "legbyes": 1
              },
              "non_striker": "T Banton",
              "review": {
                "by": "MI Emirates",
                "umpire": "Akbar Ali",
                "batter": "MDE Holden",
                "decision": "struck down",
                "type": "wicket"
              },
              "runs": {
                "batter": 0,
                "extras": 1,
                "total": 1
              }
            },
            {
              "batter": "T Banton",
              "bowler": "Waqar Salamkheil",
              "non_striker": "MDE Holden",
              "runs": {
                "batter": 1,
                "extras": 0,
                "total": 1
              }
            },
            {
              "batter": "MDE Holden",
              "bowler": "Waqar Salamkheil",
              "non_striker": "T Banton",
              "runs": {
                "batter": 1,
                "extras": 0,
                "total": 1
              }
            },
            {
              "batter": "T Banton",
              "bowler": "Waqar Salamkheil",
              "non_striker": "MDE Holden",
              "runs": {
                "batter": 2,
                "extras": 0,
                "total": 2
              }
            },
            {
              "batter": "T Banton",
              "bowler": "Waqar Salamkheil",
              "non_striker": "MDE Holden",
              "runs": {
                "batter": 1,
                "extras": 0,
                "total": 1
              }
            }
          ]
        },
        {
          "over": 8,
          "deliveries": [
            {
              "batter": "T Banton",
              "bowler": "JA Thompson",
              "non_striker": "MDE Holden",
              "runs": {
                "batter": 1,
                "extras": 0,
                "total": 1
              }
            },
            {
              "batter": "MDE Holden",
              "bowler": "JA Thompson",
              "non_striker": "T Banton",
              "runs": {
                "batter": 1,
                "extras": 0,
                "total": 1
              }
            },
            {
              "batter": "T Banton",
              "bowler": "JA Thompson",
              "non_striker": "MDE Holden",
              "runs": {
                "batter": 4,
                "extras": 0,
                "total": 4
              }
            },
            {
              "batter": "T Banton",
              "bowler": "JA Thompson",
              "non_striker": "MDE Holden",
              "runs": {
                "batter": 1,
                "extras": 0,
                "total": 1
              }
            },
            {
              "batter": "MDE Holden",
              "bowler": "JA Thompson",
              "non_striker": "T Banton",
              "runs": {
                "batter": 1,
                "extras": 0,
                "total": 1
              }
            },
            {
              "batter": "T Banton",
              "bowler": "JA Thompson",
              "non_striker": "MDE Holden",
              "runs": {
                "batter": 0,
                "extras": 0,
                "total": 0
              }
            }
          ]
        },
        {
          "over": 9,
          "deliveries": [
            {
              "batter": "MDE Holden",
              "bowler": "Waqar Salamkheil",
              "non_striker": "T Banton",
              "runs": {
                "batter": 0,
                "extras": 0,
                "total": 0
              }
            },
            {
              "batter": "MDE Holden",
              "bowler": "Waqar Salamkheil",
              "non_striker": "T Banton",
              "review": {
                "by": "Dubai Capitals",
                "umpire": "Akbar Ali",
                "batter": "MDE Holden",
                "decision": "struck down",
                "type": "wicket"
              },
              "runs": {
                "batter": 0,
                "extras": 0,
                "total": 0
              },
              "wickets": [
                {
                  "player_out": "MDE Holden",
                  "kind": "lbw"
                }
              ]
            },
            {
              "batter": "JL du Plooy",
              "bowler": "Waqar Salamkheil",
              "non_striker": "T Banton",
              "review": {
                "by": "MI Emirates",
                "umpire": "Akbar Ali",
                "batter": "JL du Plooy",
                "decision": "struck down",
                "type": "wicket"
              },
              "runs": {
                "batter": 0,
                "extras": 0,
                "total": 0
              }
            },
            {
              "batter": "JL du Plooy",
              "bowler": "Waqar Salamkheil",
              "non_striker": "T Banton",
              "runs": {
                "batter": 0,
                "extras": 0,
                "total": 0
              }
            },
            {
              "batter": "JL du Plooy",
              "bowler": "Waqar Salamkheil",
              "non_striker": "T Banton",
              "runs": {
                "batter": 1,
                "extras": 0,
                "total": 1
              }
            },
            {
              "batter": "T Banton",
              "bowler": "Waqar Salamkheil",
              "non_striker": "JL du Plooy",
              "runs": {
                "batter": 1,
                "extras": 0,
                "total": 1
              }
            }
          ]
        },
        {
          "over": 10,
          "deliveries": [
            {
              "batter": "T Banton",
              "bowler": "DJ Bravo",
              "non_striker": "JL du Plooy",
              "runs": {
                "batter": 0,
                "extras": 0,
                "total": 0
              }
            },
            {
              "batter": "T Banton",
              "bowler": "DJ Bravo",
              "extras": {
                "wides": 1
              },
              "non_striker": "JL du Plooy",
              "runs": {
                "batter": 0,
                "extras": 1,
                "total": 1
              }
            },
            {
              "batter": "T Banton",
              "bowler": "DJ Bravo",
              "non_striker": "JL du Plooy",
              "runs": {
                "batter": 0,
                "extras": 0,
                "total": 0
              },
              "wickets": [
                {
                  "player_out": "T Banton",
                  "fielders": [
                    {
                      "name": "TA Boult"
                    }
                  ],
                  "kind": "caught"
                }
              ]
            },
            {
              "batter": "SW Billings",
              "bowler": "DJ Bravo",
              "extras": {
                "wides": 1
              },
              "non_striker": "JL du Plooy",
              "runs": {
                "batter": 0,
                "extras": 1,
                "total": 1
              }
            },
            {
              "batter": "SW Billings",
              "bowler": "DJ Bravo",
              "extras": {
                "wides": 1
              },
              "non_striker": "JL du Plooy",
              "runs": {
                "batter": 0,
                "extras": 1,
                "total": 1
              }
            },
            {
              "batter": "SW Billings",
              "bowler": "DJ Bravo",
              "non_striker": "JL du Plooy",
              "runs": {
                "batter": 1,
                "extras": 0,
                "total": 1
              }
            },
            {
              "batter": "JL du Plooy",
              "bowler": "DJ Bravo",
              "non_striker": "SW Billings",
              "runs": {
                "batter": 0,
                "extras": 0,
                "total": 0
              }
            },
            {
              "batter": "JL du Plooy",
              "bowler": "DJ Bravo",
              "extras": {
                "wides": 1
              },
              "non_striker": "SW Billings",
              "runs": {
                "batter": 0,
                "extras": 1,
                "total": 1
              }
            },
            {
              "batter": "JL du Plooy",
              "bowler": "DJ Bravo",
              "non_striker": "SW Billings",
              "runs": {
                "batter": 4,
                "extras": 0,
                "total": 4
              }
            },
            {
              "batter": "JL du Plooy",
              "bowler": "DJ Bravo",
              "non_striker": "SW Billings",
              "runs": {
                "batter": 1,
                "extras": 0,
                "total": 1
              }
            }
          ]
        },
        {
          "over": 11,
          "deliveries": [
            {
              "batter": "JL du Plooy",
              "bowler": "Waqar Salamkheil",
              "non_striker": "SW Billings",
              "runs": {
                "batter": 0,
                "extras": 0,
                "total": 0
              }
            },
            {
              "batter": "JL du Plooy",
              "bowler": "Waqar Salamkheil",
              "extras": {
                "wides": 1
              },
              "non_striker": "SW Billings",
              "runs": {
                "batter": 0,
                "extras": 1,
                "total": 1
              }
            },
            {
              "batter": "JL du Plooy",
              "bowler": "Waqar Salamkheil",
              "non_striker": "SW Billings",
              "runs": {
                "batter": 1,
                "extras": 0,
                "total": 1
              }
            },
            {
              "batter": "SW Billings",
              "bowler": "Waqar Salamkheil",
              "non_striker": "JL du Plooy",
              "runs": {
                "batter": 2,
                "extras": 0,
                "total": 2
              }
            },
            {
              "batter": "SW Billings",
              "bowler": "Waqar Salamkheil",
              "non_striker": "JL du Plooy",
              "runs": {
                "batter": 1,
                "extras": 0,
                "total": 1
              }
            },
            {
              "batter": "JL du Plooy",
              "bowler": "Waqar Salamkheil",
              "non_striker": "SW Billings",
              "runs": {
                "batter": 4,
                "extras": 0,
                "total": 4
              }
            },
            {
              "batter": "JL du Plooy",
              "bowler": "Waqar Salamkheil",
              "non_striker": "SW Billings",
              "runs": {
                "batter": 4,
                "extras": 0,
                "total": 4
              }
            }
          ]
        },
        {
          "over": 12,
          "deliveries": [
            {
              "batter": "SW Billings",
              "bowler": "DR Mousley",
              "non_striker": "JL du Plooy",
              "runs": {
                "batter": 1,
                "extras": 0,
                "total": 1
              }
            },
            {
              "batter": "JL du Plooy",
              "bowler": "DR Mousley",
              "non_striker": "SW Billings",
              "runs": {
                "batter": 2,
                "extras": 0,
                "total": 2
              }
            },
            {
              "batter": "JL du Plooy",
              "bowler": "DR Mousley",
              "non_striker": "SW Billings",
              "runs": {
                "batter": 0,
                "extras": 0,
                "total": 0
              },
              "wickets": [
                {
                  "player_out": "JL du Plooy",
                  "kind": "bowled"
                }
              ]
            },
            {
              "batter": "Sikandar Raza",
              "bowler": "DR Mousley",
              "non_striker": "SW Billings",
              "runs": {
                "batter": 0,
                "extras": 0,
                "total": 0
              }
            },
            {
              "batter": "Sikandar Raza",
              "bowler": "DR Mousley",
              "non_striker": "SW Billings",
              "runs": {
                "batter": 0,
                "extras": 0,
                "total": 0
              }
            },
            {
              "batter": "Sikandar Raza",
              "bowler": "DR Mousley",
              "non_striker": "SW Billings",
              "runs": {
                "batter": 0,
                "extras": 0,
                "total": 0
              }
            }
          ]
        },
        {
          "over": 13,
          "deliveries": [
            {
              "batter": "SW Billings",
              "bowler": "V Viyaskanth",
              "extras": {
                "byes": 1
              },
              "non_striker": "Sikandar Raza",
              "runs": {
                "batter": 0,
                "extras": 1,
                "total": 1
              }
            },
            {
              "batter": "Sikandar Raza",
              "bowler": "V Viyaskanth",
              "non_striker": "SW Billings",
              "runs": {
                "batter": 0,
                "extras": 0,
                "total": 0
              },
              "wickets": [
                {
                  "player_out": "Sikandar Raza",
                  "kind": "bowled"
                }
              ]
            },
            {
              "batter": "BR Dunk",
              "bowler": "V Viyaskanth",
              "non_striker": "SW Billings",
              "runs": {
                "batter": 1,
                "extras": 0,
                "total": 1
              }
            },
            {
              "batter": "SW Billings",
              "bowler": "V Viyaskanth",
              "non_striker": "BR Dunk",
              "runs": {
                "batter": 1,
                "extras": 0,
                "total": 1
              }
            },
            {
              "batter": "BR Dunk",
              "bowler": "V Viyaskanth",
              "non_striker": "SW Billings",
              "runs": {
                "batter": 0,
                "extras": 0,
                "total": 0
              }
            },
            {
              "batter": "BR Dunk",
              "bowler": "V Viyaskanth",
              "non_striker": "SW Billings",
              "runs": {
                "batter": 2,
                "extras": 0,
                "total": 2
              }
            }
          ]
        },
        {
          "over": 14,
          "deliveries": [
            {
              "batter": "SW Billings",
              "bowler": "DR Mousley",
              "non_striker": "BR Dunk",
              "runs": {
                "batter": 0,
                "extras": 0,
                "total": 0
              },
              "wickets": [
                {
                  "player_out": "SW Billings",
                  "fielders": [
                    {
                      "name": "DJ Bravo"
                    }
                  ],
                  "kind": "caught"
                }
              ]
            },
            {
              "batter": "MD Shanaka",
              "bowler": "DR Mousley",
              "non_striker": "BR Dunk",
              "runs": {
                "batter": 4,
                "extras": 0,
                "total": 4
              }
            },
            {
              "batter": "MD Shanaka",
              "bowler": "DR Mousley",
              "non_striker": "BR Dunk",
              "runs": {
                "batter": 0,
                "extras": 0,
                "total": 0
              }
            },
            {
              "batter": "MD Shanaka",
              "bowler": "DR Mousley",
              "non_striker": "BR Dunk",
              "runs": {
                "batter": 4,
                "extras": 0,
                "total": 4
              }
            },
            {
              "batter": "MD Shanaka",
              "bowler": "DR Mousley",
              "non_striker": "BR Dunk",
              "runs": {
                "batter": 1,
                "extras": 0,
                "total": 1
              }
            },
            {
              "batter": "BR Dunk",
              "bowler": "DR Mousley",
              "non_striker": "MD Shanaka",
              "runs": {
                "batter": 1,
                "extras": 0,
                "total": 1
              }
            }
          ]
        },
        {
          "over": 15,
          "deliveries": [
            {
              "batter": "BR Dunk",
              "bowler": "V Viyaskanth",
              "non_striker": "MD Shanaka",
              "runs": {
                "batter": 0,
                "extras": 0,
                "total": 0
              },
              "wickets": [
                {
                  "player_out": "BR Dunk",
                  "fielders": [
                    {
                      "name": "JA Thompson"
                    }
                  ],
                  "kind": "caught"
                }
              ]
            },
            {
              "batter": "SC Kuggeleijn",
              "bowler": "V Viyaskanth",
              "non_striker": "MD Shanaka",
              "runs": {
                "batter": 0,
                "extras": 0,
                "total": 0
              }
            },
            {
              "batter": "SC Kuggeleijn",
              "bowler": "V Viyaskanth",
              "non_striker": "MD Shanaka",
              "runs": {
                "batter": 1,
                "extras": 0,
                "total": 1
              }
            },
            {
              "batter": "MD Shanaka",
              "bowler": "V Viyaskanth",
              "non_striker": "SC Kuggeleijn",
              "runs": {
                "batter": 0,
                "extras": 0,
                "total": 0
              }
            },
            {
              "batter": "MD Shanaka",
              "bowler": "V Viyaskanth",
              "non_striker": "SC Kuggeleijn",
              "runs": {
                "batter": 0,
                "extras": 0,
                "total": 0
              }
            },
            {
              "batter": "MD Shanaka",
              "bowler": "V Viyaskanth",
              "non_striker": "SC Kuggeleijn",
              "runs": {
                "batter": 0,
                "extras": 0,
                "total": 0
              }
            }
          ]
        },
        {
          "over": 16,
          "deliveries": [
            {
              "batter": "SC Kuggeleijn",
              "bowler": "DR Mousley",
              "non_striker": "MD Shanaka",
              "runs": {
                "batter": 0,
                "extras": 0,
                "total": 0
              }
            },
            {
              "batter": "SC Kuggeleijn",
              "bowler": "DR Mousley",
              "non_striker": "MD Shanaka",
              "runs": {
                "batter": 1,
                "extras": 0,
                "total": 1
              }
            },
            {
              "batter": "MD Shanaka",
              "bowler": "DR Mousley",
              "non_striker": "SC Kuggeleijn",
              "runs": {
                "batter": 1,
                "extras": 0,
                "total": 1
              }
            },
            {
              "batter": "SC Kuggeleijn",
              "bowler": "DR Mousley",
              "non_striker": "MD Shanaka",
              "runs": {
                "batter": 1,
                "extras": 0,
                "total": 1
              }
            },
            {
              "batter": "MD Shanaka",
              "bowler": "DR Mousley",
              "non_striker": "SC Kuggeleijn",
              "runs": {
                "batter": 0,
                "extras": 0,
                "total": 0
              }
            },
            {
              "batter": "MD Shanaka",
              "bowler": "DR Mousley",
              "non_striker": "SC Kuggeleijn",
              "runs": {
                "batter": 0,
                "extras": 0,
                "total": 0
              }
            }
          ]
        },
        {
          "over": 17,
          "deliveries": [
            {
              "batter": "SC Kuggeleijn",
              "bowler": "Waqar Salamkheil",
              "non_striker": "MD Shanaka",
              "runs": {
                "batter": 2,
                "extras": 0,
                "total": 2
              }
            },
            {
              "batter": "SC Kuggeleijn",
              "bowler": "Waqar Salamkheil",
              "non_striker": "MD Shanaka",
              "runs": {
                "batter": 0,
                "extras": 0,
                "total": 0
              }
            },
            {
              "batter": "SC Kuggeleijn",
              "bowler": "Waqar Salamkheil",
              "non_striker": "MD Shanaka",
              "runs": {
                "batter": 1,
                "extras": 0,
                "total": 1
              }
            },
            {
              "batter": "MD Shanaka",
              "bowler": "Waqar Salamkheil",
              "non_striker": "SC Kuggeleijn",
              "runs": {
                "batter": 1,
                "extras": 0,
                "total": 1
              }
            },
            {
              "batter": "SC Kuggeleijn",
              "bowler": "Waqar Salamkheil",
              "non_striker": "MD Shanaka",
              "runs": {
                "batter": 0,
                "extras": 0,
                "total": 0
              }
            },
            {
              "batter": "SC Kuggeleijn",
              "bowler": "Waqar Salamkheil",
              "non_striker": "MD Shanaka",
              "runs": {
                "batter": 1,
                "extras": 0,
                "total": 1
              }
            }
          ]
        },
        {
          "over": 18,
          "deliveries": [
            {
              "batter": "SC Kuggeleijn",
              "bowler": "TA Boult",
              "non_striker": "MD Shanaka",
              "replacements": {
                "match": [
                  {
                    "in": "MDKJ Perera",
                    "out": "Waqar Salamkheil",
                    "team": "MI Emirates",
                    "reason": "impact_player"
                  }
                ]
              },
              "runs": {
                "batter": 1,
                "extras": 0,
                "total": 1
              }
            },
            {
              "batter": "MD Shanaka",
              "bowler": "TA Boult",
              "non_striker": "SC Kuggeleijn",
              "runs": {
                "batter": 0,
                "extras": 0,
                "total": 0
              }
            },
            {
              "batter": "MD Shanaka",
              "bowler": "TA Boult",
              "non_striker": "SC Kuggeleijn",
              "runs": {
                "batter": 0,
                "extras": 0,
                "total": 0
              },
              "wickets": [
                {
                  "player_out": "MD Shanaka",
                  "fielders": [
                    {
                      "name": "ADS Fletcher"
                    }
                  ],
                  "kind": "caught"
                }
              ]
            },
            {
              "batter": "OP Stone",
              "bowler": "TA Boult",
              "non_striker": "SC Kuggeleijn",
              "runs": {
                "batter": 1,
                "extras": 0,
                "total": 1
              }
            },
            {
              "batter": "SC Kuggeleijn",
              "bowler": "TA Boult",
              "non_striker": "OP Stone",
              "runs": {
                "batter": 1,
                "extras": 0,
                "total": 1
              }
            },
            {
              "batter": "OP Stone",
              "bowler": "TA Boult",
              "non_striker": "SC Kuggeleijn",
              "runs": {
                "batter": 0,
                "extras": 0,
                "total": 0
              }
            }
          ]
        },
        {
          "over": 19,
          "deliveries": [
            {
              "batter": "SC Kuggeleijn",
              "bowler": "JA Thompson",
              "non_striker": "OP Stone",
              "runs": {
                "batter": 0,
                "extras": 0,
                "total": 0
              }
            },
            {
              "batter": "SC Kuggeleijn",
              "bowler": "JA Thompson",
              "non_striker": "OP Stone",
              "runs": {
                "batter": 1,
                "extras": 0,
                "total": 1
              }
            },
            {
              "batter": "OP Stone",
              "bowler": "JA Thompson",
              "non_striker": "SC Kuggeleijn",
              "runs": {
                "batter": 0,
                "extras": 0,
                "total": 0
              },
              "wickets": [
                {
                  "player_out": "OP Stone",
                  "fielders": [
                    {
                      "name": "Waseem Muhammad"
                    }
                  ],
                  "kind": "caught"
                }
              ]
            },
            {
              "batter": "Akif Raja",
              "bowler": "JA Thompson",
              "non_striker": "SC Kuggeleijn",
              "runs": {
                "batter": 0,
                "extras": 0,
                "total": 0
              },
              "wickets": [
                {
                  "player_out": "SC Kuggeleijn",
                  "fielders": [
                    {
                      "name": "CG Benjamin"
                    }
                  ],
                  "kind": "run out"
                }
              ]
            },
            {
              "batter": "Haider Ali",
              "bowler": "JA Thompson",
              "non_striker": "Akif Raja",
              "runs": {
                "batter": 1,
                "extras": 0,
                "total": 1
              }
            },
            {
              "batter": "Akif Raja",
              "bowler": "JA Thompson",
              "non_striker": "Haider Ali",
              "runs": {
                "batter": 2,
                "extras": 0,
                "total": 2
              }
            }
          ]
        }
      ],
      "powerplays": [
        {
          "from": 0.1,
          "to": 5.6,
          "type": "mandatory"
        }
      ]
    },
    {
      "team": "MI Emirates",
      "overs": [
        {
          "over": 0,
          "deliveries": [
            {
              "batter": "Waseem Muhammad",
              "bowler": "SC Kuggeleijn",
              "non_striker": "MDKJ Perera",
              "runs": {
                "batter": 0,
                "extras": 0,
                "total": 0
              }
            },
            {
              "batter": "Waseem Muhammad",
              "bowler": "SC Kuggeleijn",
              "non_striker": "MDKJ Perera",
              "runs": {
                "batter": 0,
                "extras": 0,
                "total": 0
              }
            },
            {
              "batter": "Waseem Muhammad",
              "bowler": "SC Kuggeleijn",
              "non_striker": "MDKJ Perera",
              "runs": {
                "batter": 0,
                "extras": 0,
                "total": 0
              }
            },
            {
              "batter": "Waseem Muhammad",
              "bowler": "SC Kuggeleijn",
              "non_striker": "MDKJ Perera",
              "runs": {
                "batter": 0,
                "extras": 0,
                "total": 0
              }
            },
            {
              "batter": "Waseem Muhammad",
              "bowler": "SC Kuggeleijn",
              "non_striker": "MDKJ Perera",
              "runs": {
                "batter": 2,
                "extras": 0,
                "total": 2
              }
            },
            {
              "batter": "Waseem Muhammad",
              "bowler": "SC Kuggeleijn",
              "non_striker": "MDKJ Perera",
              "runs": {
                "batter": 0,
                "extras": 0,
                "total": 0
              }
            }
          ]
        },
        {
          "over": 1,
          "deliveries": [
            {
              "batter": "MDKJ Perera",
              "bowler": "OP Stone",
              "non_striker": "Waseem Muhammad",
              "runs": {
                "batter": 0,
                "extras": 0,
                "total": 0
              }
            },
            {
              "batter": "MDKJ Perera",
              "bowler": "OP Stone",
              "non_striker": "Waseem Muhammad",
              "runs": {
                "batter": 6,
                "extras": 0,
                "total": 6
              }
            },
            {
              "batter": "MDKJ Perera",
              "bowler": "OP Stone",
              "extras": {
                "legbyes": 1
              },
              "non_striker": "Waseem Muhammad",
              "runs": {
                "batter": 0,
                "extras": 1,
                "total": 1
              }
            },
            {
              "batter": "Waseem Muhammad",
              "bowler": "OP Stone",
              "non_striker": "MDKJ Perera",
              "runs": {
                "batter": 0,
                "extras": 0,
                "total": 0
              }
            },
            {
              "batter": "Waseem Muhammad",
              "bowler": "OP Stone",
              "non_striker": "MDKJ Perera",
              "runs": {
                "batter": 1,
                "extras": 0,
                "total": 1
              }
            },
            {
              "batter": "MDKJ Perera",
              "bowler": "OP Stone",
              "extras": {
                "wides": 5
              },
              "non_striker": "Waseem Muhammad",
              "runs": {
                "batter": 0,
                "extras": 5,
                "total": 5
              }
            },
            {
              "batter": "MDKJ Perera",
              "bowler": "OP Stone",
              "non_striker": "Waseem Muhammad",
              "runs": {
                "batter": 1,
                "extras": 0,
                "total": 1
              }
            }
          ]
        },
        {
          "over": 2,
          "deliveries": [
            {
              "batter": "MDKJ Perera",
              "bowler": "SC Kuggeleijn",
              "non_striker": "Waseem Muhammad",
              "runs": {
                "batter": 4,
                "extras": 0,
                "total": 4
              }
            },
            {
              "batter": "MDKJ Perera",
              "bowler": "SC Kuggeleijn",
              "extras": {
                "wides": 1
              },
              "non_striker": "Waseem Muhammad",
              "runs": {
                "batter": 0,
                "extras": 1,
                "total": 1
              }
            },
            {
              "batter": "MDKJ Perera",
              "bowler": "SC Kuggeleijn",
              "non_striker": "Waseem Muhammad",
              "runs": {
                "batter": 0,
                "extras": 0,
                "total": 0
              },
              "wickets": [
                {
                  "player_out": "MDKJ Perera",
                  "kind": "bowled"
                }
              ]
            },
            {
              "batter": "ADS Fletcher",
              "bowler": "SC Kuggeleijn",
              "non_striker": "Waseem Muhammad",
              "runs": {
                "batter": 4,
                "extras": 0,
                "total": 4
              }
            },
            {
              "batter": "ADS Fletcher",
              "bowler": "SC Kuggeleijn",
              "non_striker": "Waseem Muhammad",
              "runs": {
                "batter": 0,
                "extras": 0,
                "total": 0
              }
            },
            {
              "batter": "ADS Fletcher",
              "bowler": "SC Kuggeleijn",
              "non_striker": "Waseem Muhammad",
              "runs": {
                "batter": 1,
                "extras": 0,
                "total": 1
              }
            },
            {
              "batter": "Waseem Muhammad",
              "bowler": "SC Kuggeleijn",
              "non_striker": "ADS Fletcher",
              "runs": {
                "batter": 6,
                "extras": 0,
                "total": 6
              }
            }
          ]
        },
        {
          "over": 3,
          "deliveries": [
            {
              "batter": "ADS Fletcher",
              "bowler": "OP Stone",
              "non_striker": "Waseem Muhammad",
              "runs": {
                "batter": 0,
                "extras": 0,
                "total": 0
              }
            },
            {
              "batter": "ADS Fletcher",
              "bowler": "OP Stone",
              "non_striker": "Waseem Muhammad",
              "runs": {
                "batter": 2,
                "extras": 0,
                "total": 2
              }
            },
            {
              "batter": "ADS Fletcher",
              "bowler": "OP Stone",
              "non_striker": "Waseem Muhammad",
              "runs": {
                "batter": 4,
                "extras": 0,
                "total": 4
              }
            },
            {
              "batter": "ADS Fletcher",
              "bowler": "OP Stone",
              "non_striker": "Waseem Muhammad",
              "runs": {
                "batter": 0,
                "extras": 0,
                "total": 0
              }
            },
            {
              "batter": "ADS Fletcher",
              "bowler": "OP Stone",
              "non_striker": "Waseem Muhammad",
              "runs": {
                "batter": 4,
                "extras": 0,
                "total": 4
              }
            },
            {
              "batter": "ADS Fletcher",
              "bowler": "OP Stone",
              "non_striker": "Waseem Muhammad",
              "runs": {
                "batter": 4,
                "extras": 0,
                "total": 4
              }
            }
          ]
        },
        {
          "over": 4,
          "deliveries": [
            {
              "batter": "Waseem Muhammad",
              "bowler": "Haider Ali",
              "non_striker": "ADS Fletcher",
              "runs": {
                "batter": 1,
                "extras": 0,
                "total": 1
              }
            },
            {
              "batter": "ADS Fletcher",
              "bowler": "Haider Ali",
              "non_striker": "Waseem Muhammad",
              "runs": {
                "batter": 0,
                "extras": 0,
                "total": 0
              }
            },
            {
              "batter": "ADS Fletcher",
              "bowler": "Haider Ali",
              "non_striker": "Waseem Muhammad",
              "runs": {
                "batter": 1,
                "extras": 0,
                "total": 1
              }
            },
            {
              "batter": "Waseem Muhammad",
              "bowler": "Haider Ali",
              "non_striker": "ADS Fletcher",
              "runs": {
                "batter": 1,
                "extras": 0,
                "total": 1
              }
            },
            {
              "batter": "ADS Fletcher",
              "bowler": "Haider Ali",
              "non_striker": "Waseem Muhammad",
              "runs": {
                "batter": 1,
                "extras": 0,
                "total": 1
              }
            },
            {
              "batter": "Waseem Muhammad",
              "bowler": "Haider Ali",
              "non_striker": "ADS Fletcher",
              "runs": {
                "batter": 0,
                "extras": 0,
                "total": 0
              },
              "wickets": [
                {
                  "player_out": "Waseem Muhammad",
                  "kind": "bowled"
                }
              ]
            }
          ]
        },
        {
          "over": 5,
          "deliveries": [
            {
              "batter": "ADS Fletcher",
              "bowler": "SC Kuggeleijn",
              "extras": {
                "wides": 1
              },
              "non_striker": "CG Benjamin",
              "runs": {
                "batter": 0,
                "extras": 1,
                "total": 1
              }
            },
            {
              "batter": "ADS Fletcher",
              "bowler": "SC Kuggeleijn",
              "non_striker": "CG Benjamin",
              "runs": {
                "batter": 0,
                "extras": 0,
                "total": 0
              }
            },
            {
              "batter": "ADS Fletcher",
              "bowler": "SC Kuggeleijn",
              "non_striker": "CG Benjamin",
              "runs": {
                "batter": 1,
                "extras": 0,
                "total": 1
              }
            },
            {
              "batter": "CG Benjamin",
              "bowler": "SC Kuggeleijn",
              "non_striker": "ADS Fletcher",
              "runs": {
                "batter": 0,
                "extras": 0,
                "total": 0
              }
            },
            {
              "batter": "CG Benjamin",
              "bowler": "SC Kuggeleijn",
              "non_striker": "ADS Fletcher",
              "runs": {
                "batter": 0,
                "extras": 0,
                "total": 0
              }
            },
            {
              "batter": "CG Benjamin",
              "bowler": "SC Kuggeleijn",
              "non_striker": "ADS Fletcher",
              "runs": {
                "batter": 0,
                "extras": 0,
                "total": 0
              }
            },
            {
              "batter": "CG Benjamin",
              "bowler": "SC Kuggeleijn",
              "extras": {
                "wides": 1
              },
              "non_striker": "ADS Fletcher",
              "runs": {
                "batter": 0,
                "extras": 1,
                "total": 1
              }
            },
            {
              "batter": "CG Benjamin",
              "bowler": "SC Kuggeleijn",
              "non_striker": "ADS Fletcher",
              "runs": {
                "batter": 0,
                "extras": 0,
                "total": 0
              }
            }
          ]
        },
        {
          "over": 6,
          "deliveries": [
            {
              "batter": "ADS Fletcher",
              "bowler": "Haider Ali",
              "non_striker": "CG Benjamin",
              "replacements": {
                "match": [
                  {
                    "in": "Zahir Khan",
                    "out": "BR Dunk",
                    "team": "Dubai Capitals",
                    "reason": "impact_player"
                  }
                ]
              },
              "runs": {
                "batter": 2,
                "extras": 0,
                "total": 2
              }
            },
            {
              "batter": "ADS Fletcher",
              "bowler": "Haider Ali",
              "non_striker": "CG Benjamin",
              "runs": {
                "batter": 1,
                "extras": 0,
                "total": 1
              }
            },
            {
              "batter": "CG Benjamin",
              "bowler": "Haider Ali",
              "non_striker": "ADS Fletcher",
              "runs": {
                "batter": 1,
                "extras": 0,
                "total": 1
              }
            },
            {
              "batter": "ADS Fletcher",
              "bowler": "Haider Ali",
              "non_striker": "CG Benjamin",
              "runs": {
                "batter": 1,
                "extras": 0,
                "total": 1
              }
            },
            {
              "batter": "CG Benjamin",
              "bowler": "Haider Ali",
              "non_striker": "ADS Fletcher",
              "runs": {
                "batter": 0,
                "extras": 0,
                "total": 0
              }
            },
            {
              "batter": "CG Benjamin",
              "bowler": "Haider Ali",
              "non_striker": "ADS Fletcher",
              "runs": {
                "batter": 0,
                "extras": 0,
                "total": 0
              }
            }
          ]
        },
        {
          "over": 7,
          "deliveries": [
            {
              "batter": "ADS Fletcher",
              "bowler": "Zahir Khan",
              "non_striker": "CG Benjamin",
              "runs": {
                "batter": 1,
                "extras": 0,
                "total": 1
              }
            },
            {
              "batter": "CG Benjamin",
              "bowler": "Zahir Khan",
              "non_striker": "ADS Fletcher",
              "runs": {
                "batter": 0,
                "extras": 0,
                "total": 0
              }
            },
            {
              "batter": "CG Benjamin",
              "bowler": "Zahir Khan",
              "non_striker": "ADS Fletcher",
              "review": {
                "by": "Dubai Capitals",
                "umpire": "Akbar Ali",
                "batter": "CG Benjamin",
                "decision": "upheld",
                "type": "wicket"
              },
              "runs": {
                "batter": 0,
                "extras": 0,
                "total": 0
              },
              "wickets": [
                {
                  "player_out": "CG Benjamin",
                  "kind": "lbw"
                }
              ]
            },
            {
              "batter": "DR Mousley",
              "bowler": "Zahir Khan",
              "non_striker": "ADS Fletcher",
              "runs": {
                "batter": 0,
                "extras": 0,
                "total": 0
              }
            },
            {
              "batter": "DR Mousley",
              "bowler": "Zahir Khan",
              "non_striker": "ADS Fletcher",
              "runs": {
                "batter": 1,
                "extras": 0,
                "total": 1
              }
            },
            {
              "batter": "ADS Fletcher",
              "bowler": "Zahir Khan",
              "non_striker": "DR Mousley",
              "runs": {
                "batter": 0,
                "extras": 0,
                "total": 0
              }
            }
          ]
        },
        {
          "over": 8,
          "deliveries": [
            {
              "batter": "DR Mousley",
              "bowler": "Haider Ali",
              "non_striker": "ADS Fletcher",
              "runs": {
                "batter": 0,
                "extras": 0,
                "total": 0
              }
            },
            {
              "batter": "DR Mousley",
              "bowler": "Haider Ali",
              "non_striker": "ADS Fletcher",
              "runs": {
                "batter": 0,
                "extras": 0,
                "total": 0
              }
            },
            {
              "batter": "DR Mousley",
              "bowler": "Haider Ali",
              "non_striker": "ADS Fletcher",
              "runs": {
                "batter": 1,
                "extras": 0,
                "total": 1
              }
            },
            {
              "batter": "ADS Fletcher",
              "bowler": "Haider Ali",
              "non_striker": "DR Mousley",
              "runs": {
                "batter": 1,
                "extras": 0,
                "total": 1
              }
            },
            {
              "batter": "DR Mousley",
              "bowler": "Haider Ali",
              "non_striker": "ADS Fletcher",
              "runs": {
                "batter": 0,
                "extras": 0,
                "total": 0
              },
              "wickets": [
                {
                  "player_out": "DR Mousley",
                  "fielders": [
                    {
                      "name": "T Banton"
                    }
                  ],
                  "kind": "caught"
                }
              ]
            },
            {
              "batter": "KA Pollard",
              "bowler": "Haider Ali",
              "non_striker": "ADS Fletcher",
              "runs": {
                "batter": 1,
                "extras": 0,
                "total": 1
              }
            }
          ]
        },
        {
          "over": 9,
          "deliveries": [
            {
              "batter": "KA Pollard",
              "bowler": "Zahir Khan",
              "non_striker": "ADS Fletcher",
              "runs": {
                "batter": 6,
                "extras": 0,
                "total": 6
              }
            },
            {
              "batter": "KA Pollard",
              "bowler": "Zahir Khan",
              "non_striker": "ADS Fletcher",
              "runs": {
                "batter": 0,
                "extras": 0,
                "total": 0
              }
            },
            {
              "batter": "KA Pollard",
              "bowler": "Zahir Khan",
              "non_striker": "ADS Fletcher",
              "runs": {
                "batter": 1,
                "extras": 0,
                "total": 1
              }
            },
            {
              "batter": "ADS Fletcher",
              "bowler": "Zahir Khan",
              "non_striker": "KA Pollard",
              "runs": {
                "batter": 1,
                "extras": 0,
                "total": 1
              }
            },
            {
              "batter": "KA Pollard",
              "bowler": "Zahir Khan",
              "non_striker": "ADS Fletcher",
              "runs": {
                "batter": 0,
                "extras": 0,
                "total": 0
              },
              "wickets": [
                {
                  "player_out": "KA Pollard",
                  "kind": "caught and bowled"
                }
              ]
            },
            {
              "batter": "JA Thompson",
              "bowler": "Zahir Khan",
              "non_striker": "ADS Fletcher",
              "runs": {
                "batter": 2,
                "extras": 0,
                "total": 2
              }
            }
          ]
        },
        {
          "over": 10,
          "deliveries": [
            {
              "batter": "ADS Fletcher",
              "bowler": "Sikandar Raza",
              "non_striker": "JA Thompson",
              "runs": {
                "batter": 0,
                "extras": 0,
                "total": 0
              }
            },
            {
              "batter": "ADS Fletcher",
              "bowler": "Sikandar Raza",
              "non_striker": "JA Thompson",
              "runs": {
                "batter": 1,
                "extras": 0,
                "total": 1
              }
            },
            {
              "batter": "JA Thompson",
              "bowler": "Sikandar Raza",
              "non_striker": "ADS Fletcher",
              "runs": {
                "batter": 1,
                "extras": 0,
                "total": 1
              }
            },
            {
              "batter": "ADS Fletcher",
              "bowler": "Sikandar Raza",
              "non_striker": "JA Thompson",
              "runs": {
                "batter": 1,
                "extras": 0,
                "total": 1
              }
            },
            {
              "batter": "JA Thompson",
              "bowler": "Sikandar Raza",
              "non_striker": "ADS Fletcher",
              "runs": {
                "batter": 1,
                "extras": 0,
                "total": 1
              }
            },
            {
              "batter": "ADS Fletcher",
              "bowler": "Sikandar Raza",
              "non_striker": "JA Thompson",
              "runs": {
                "batter": 0,
                "extras": 0,
                "total": 0
              }
            }
          ]
        },
        {
          "over": 11,
          "deliveries": [
            {
              "batter": "JA Thompson",
              "bowler": "Zahir Khan",
              "non_striker": "ADS Fletcher",
              "runs": {
                "batter": 1,
                "extras": 0,
                "total": 1
              }
            },
            {
              "batter": "ADS Fletcher",
              "bowler": "Zahir Khan",
              "non_striker": "JA Thompson",
              "runs": {
                "batter": 2,
                "extras": 0,
                "total": 2
              }
            },
            {
              "batter": "ADS Fletcher",
              "bowler": "Zahir Khan",
              "non_striker": "JA Thompson",
              "runs": {
                "batter": 1,
                "extras": 0,
                "total": 1
              }
            },
            {
              "batter": "JA Thompson",
              "bowler": "Zahir Khan",
              "non_striker": "ADS Fletcher",
              "runs": {
                "batter": 0,
                "extras": 0,
                "total": 0
              }
            },
            {
              "batter": "JA Thompson",
              "bowler": "Zahir Khan",
              "non_striker": "ADS Fletcher",
              "runs": {
                "batter": 2,
                "extras": 0,
                "total": 2
              }
            },
            {
              "batter": "JA Thompson",
              "bowler": "Zahir Khan",
              "non_striker": "ADS Fletcher",
              "runs": {
                "batter": 1,
                "extras": 0,
                "total": 1
              }
            }
          ]
        },
        {
          "over": 12,
          "deliveries": [
            {
              "batter": "JA Thompson",
              "bowler": "Sikandar Raza",
              "non_striker": "ADS Fletcher",
              "runs": {
                "batter": 1,
                "extras": 0,
                "total": 1
              }
            },
            {
              "batter": "ADS Fletcher",
              "bowler": "Sikandar Raza",
              "non_striker": "JA Thompson",
              "runs": {
                "batter": 2,
                "extras": 0,
                "total": 2
              }
            },
            {
              "batter": "ADS Fletcher",
              "bowler": "Sikandar Raza",
              "non_striker": "JA Thompson",
              "runs": {
                "batter": 1,
                "extras": 0,
                "total": 1
              }
            },
            {
              "batter": "JA Thompson",
              "bowler": "Sikandar Raza",
              "non_striker": "ADS Fletcher",
              "runs": {
                "batter": 0,
                "extras": 0,
                "total": 0
              }
            },
            {
              "batter": "JA Thompson",
              "bowler": "Sikandar Raza",
              "non_striker": "ADS Fletcher",
              "runs": {
                "batter": 1,
                "extras": 0,
                "total": 1
              }
            },
            {
              "batter": "ADS Fletcher",
              "bowler": "Sikandar Raza",
              "non_striker": "JA Thompson",
              "runs": {
                "batter": 1,
                "extras": 0,
                "total": 1
              }
            }
          ]
        },
        {
          "over": 13,
          "deliveries": [
            {
              "batter": "ADS Fletcher",
              "bowler": "Zahir Khan",
              "non_striker": "JA Thompson",
              "runs": {
                "batter": 1,
                "extras": 0,
                "total": 1
              }
            },
            {
              "batter": "JA Thompson",
              "bowler": "Zahir Khan",
              "non_striker": "ADS Fletcher",
              "runs": {
                "batter": 0,
                "extras": 0,
                "total": 0
              }
            },
            {
              "batter": "JA Thompson",
              "bowler": "Zahir Khan",
              "non_striker": "ADS Fletcher",
              "runs": {
                "batter": 0,
                "extras": 0,
                "total": 0
              }
            },
            {
              "batter": "JA Thompson",
              "bowler": "Zahir Khan",
              "non_striker": "ADS Fletcher",
              "runs": {
                "batter": 2,
                "extras": 0,
                "total": 2
              }
            },
            {
              "batter": "JA Thompson",
              "bowler": "Zahir Khan",
              "non_striker": "ADS Fletcher",
              "runs": {
                "batter": 0,
                "extras": 0,
                "total": 0
              }
            },
            {
              "batter": "JA Thompson",
              "bowler": "Zahir Khan",
              "non_striker": "ADS Fletcher",
              "runs": {
                "batter": 1,
                "extras": 0,
                "total": 1
              }
            }
          ]
        },
        {
          "over": 14,
          "deliveries": [
            {
              "batter": "JA Thompson",
              "bowler": "Sikandar Raza",
              "non_striker": "ADS Fletcher",
              "runs": {
                "batter": 1,
                "extras": 0,
                "total": 1
              }
            },
            {
              "batter": "ADS Fletcher",
              "bowler": "Sikandar Raza",
              "non_striker": "JA Thompson",
              "runs": {
                "batter": 1,
                "extras": 0,
                "total": 1
              }
            },
            {
              "batter": "JA Thompson",
              "bowler": "Sikandar Raza",
              "non_striker": "ADS Fletcher",
              "runs": {
                "batter": 1,
                "extras": 0,
                "total": 1
              }
            },
            {
              "batter": "ADS Fletcher",
              "bowler": "Sikandar Raza",
              "extras": {
                "wides": 1
              },
              "non_striker": "JA Thompson",
              "runs": {
                "batter": 0,
                "extras": 1,
                "total": 1
              }
            },
            {
              "batter": "ADS Fletcher",
              "bowler": "Sikandar Raza",
              "non_striker": "JA Thompson",
              "runs": {
                "batter": 0,
                "extras": 0,
                "total": 0
              }
            },
            {
              "batter": "ADS Fletcher",
              "bowler": "Sikandar Raza",
              "non_striker": "JA Thompson",
              "runs": {
                "batter": 2,
                "extras": 0,
                "total": 2
              }
            },
            {
              "batter": "ADS Fletcher",
              "bowler": "Sikandar Raza",
              "non_striker": "JA Thompson",
              "runs": {
                "batter": 1,
                "extras": 0,
                "total": 1
              }
            }
          ]
        },
        {
          "over": 15,
          "deliveries": [
            {
              "batter": "ADS Fletcher",
              "bowler": "Haider Ali",
              "non_striker": "JA Thompson",
              "runs": {
                "batter": 1,
                "extras": 0,
                "total": 1
              }
            },
            {
              "batter": "JA Thompson",
              "bowler": "Haider Ali",
              "non_striker": "ADS Fletcher",
              "runs": {
                "batter": 1,
                "extras": 0,
                "total": 1
              }
            },
            {
              "batter": "ADS Fletcher",
              "bowler": "Haider Ali",
              "non_striker": "JA Thompson",
              "runs": {
                "batter": 1,
                "extras": 0,
                "total": 1
              }
            },
            {
              "batter": "JA Thompson",
              "bowler": "Haider Ali",
              "non_striker": "ADS Fletcher",
              "runs": {
                "batter": 1,
                "extras": 0,
                "total": 1
              }
            },
            {
              "batter": "ADS Fletcher",
              "bowler": "Haider Ali",
              "non_striker": "JA Thompson",
              "review": {
                "by": "Dubai Capitals",
                "umpire": "Akbar Ali",
                "batter": "ADS Fletcher",
                "decision": "upheld",
                "type": "wicket"
              },
              "runs": {
                "batter": 0,
                "extras": 0,
                "total": 0
              },
              "wickets": [
                {
                  "player_out": "ADS Fletcher",
                  "kind": "lbw"
                }
              ]
            },
            {
              "batter": "DJ Bravo",
              "bowler": "Haider Ali",
              "non_striker": "JA Thompson",
              "runs": {
                "batter": 0,
                "extras": 0,
                "total": 0
              }
            }
          ]
        },
        {
          "over": 16,
          "deliveries": [
            {
              "batter": "JA Thompson",
              "bowler": "Sikandar Raza",
              "extras": {
                "wides": 1
              },
              "non_striker": "DJ Bravo",
              "runs": {
                "batter": 0,
                "extras": 1,
                "total": 1
              }
            },
            {
              "batter": "JA Thompson",
              "bowler": "Sikandar Raza",
              "non_striker": "DJ Bravo",
              "runs": {
                "batter": 0,
                "extras": 0,
                "total": 0
              },
              "wickets": [
                {
                  "player_out": "JA Thompson",
                  "kind": "lbw"
                }
              ]
            },
            {
              "batter": "V Viyaskanth",
              "bowler": "Sikandar Raza",
              "non_striker": "DJ Bravo",
              "runs": {
                "batter": 1,
                "extras": 0,
                "total": 1
              }
            },
            {
              "batter": "DJ Bravo",
              "bowler": "Sikandar Raza",
              "non_striker": "V Viyaskanth",
              "runs": {
                "batter": 1,
                "extras": 0,
                "total": 1
              }
            },
            {
              "batter": "V Viyaskanth",
              "bowler": "Sikandar Raza",
              "non_striker": "DJ Bravo",
              "runs": {
                "batter": 1,
                "extras": 0,
                "total": 1
              }
            },
            {
              "batter": "DJ Bravo",
              "bowler": "Sikandar Raza",
              "non_striker": "V Viyaskanth",
              "runs": {
                "batter": 1,
                "extras": 0,
                "total": 1
              }
            },
            {
              "batter": "V Viyaskanth",
              "bowler": "Sikandar Raza",
              "non_striker": "DJ Bravo",
              "runs": {
                "batter": 1,
                "extras": 0,
                "total": 1
              }
            }
          ]
        },
        {
          "over": 17,
          "deliveries": [
            {
              "batter": "V Viyaskanth",
              "bowler": "OP Stone",
              "non_striker": "DJ Bravo",
              "runs": {
                "batter": 1,
                "extras": 0,
                "total": 1
              }
            },
            {
              "batter": "DJ Bravo",
              "bowler": "OP Stone",
              "non_striker": "V Viyaskanth",
              "runs": {
                "batter": 1,
                "extras": 0,
                "total": 1
              }
            },
            {
              "batter": "V Viyaskanth",
              "bowler": "OP Stone",
              "non_striker": "DJ Bravo",
              "runs": {
                "batter": 0,
                "extras": 0,
                "total": 0
              }
            },
            {
              "batter": "V Viyaskanth",
              "bowler": "OP Stone",
              "extras": {
                "wides": 1
              },
              "non_striker": "DJ Bravo",
              "runs": {
                "batter": 0,
                "extras": 1,
                "total": 1
              }
            },
            {
              "batter": "V Viyaskanth",
              "bowler": "OP Stone",
              "non_striker": "DJ Bravo",
              "runs": {
                "batter": 0,
                "extras": 0,
                "total": 0
              }
            },
            {
              "batter": "V Viyaskanth",
              "bowler": "OP Stone",
              "non_striker": "DJ Bravo",
              "runs": {
                "batter": 0,
                "extras": 0,
                "total": 0
              }
            },
            {
              "batter": "V Viyaskanth",
              "bowler": "OP Stone",
              "non_striker": "DJ Bravo",
              "runs": {
                "batter": 1,
                "extras": 0,
                "total": 1
              }
            }
          ]
        },
        {
          "over": 18,
          "deliveries": [
            {
              "batter": "V Viyaskanth",
              "bowler": "SC Kuggeleijn",
              "non_striker": "DJ Bravo",
              "runs": {
                "batter": 1,
                "extras": 0,
                "total": 1
              }
            },
            {
              "batter": "DJ Bravo",
              "bowler": "SC Kuggeleijn",
              "non_striker": "V Viyaskanth",
              "runs": {
                "batter": 1,
                "extras": 0,
                "total": 1
              }
            },
            {
              "batter": "V Viyaskanth",
              "bowler": "SC Kuggeleijn",
              "non_striker": "DJ Bravo",
              "runs": {
                "batter": 0,
                "extras": 0,
                "total": 0
              }
            },
            {
              "batter": "V Viyaskanth",
              "bowler": "SC Kuggeleijn",
              "non_striker": "DJ Bravo",
              "runs": {
                "batter": 1,
                "extras": 0,
                "total": 1
              }
            },
            {
              "batter": "DJ Bravo",
              "bowler": "SC Kuggeleijn",
              "non_striker": "V Viyaskanth",
              "runs": {
                "batter": 1,
                "extras": 0,
                "total": 1
              }
            },
            {
              "batter": "V Viyaskanth",
              "bowler": "SC Kuggeleijn",
              "extras": {
                "byes": 4
              },
              "non_striker": "DJ Bravo",
              "runs": {
                "batter": 0,
                "extras": 4,
                "total": 4
              }
            }
          ]
        },
        {
          "over": 19,
          "deliveries": [
            {
              "batter": "DJ Bravo",
              "bowler": "OP Stone",
              "non_striker": "V Viyaskanth",
              "runs": {
                "batter": 0,
                "extras": 0,
                "total": 0
              }
            },
            {
              "batter": "DJ Bravo",
              "bowler": "OP Stone",
              "non_striker": "V Viyaskanth",
              "runs": {
                "batter": 2,
                "extras": 0,
                "total": 2
              }
            },
            {
              "batter": "DJ Bravo",
              "bowler": "OP Stone",
              "non_striker": "V Viyaskanth",
              "runs": {
                "batter": 0,
                "extras": 0,
                "total": 0
              },
              "wickets": [
                {
                  "player_out": "DJ Bravo",
                  "kind": "bowled"
                }
              ]
            },
            {
              "batter": "TA Boult",
              "bowler": "OP Stone",
              "non_striker": "V Viyaskanth",
              "runs": {
                "batter": 1,
                "extras": 0,
                "total": 1
              }
            },
            {
              "batter": "V Viyaskanth",
              "bowler": "OP Stone",
              "non_striker": "TA Boult",
              "runs": {
                "batter": 1,
                "extras": 0,
                "total": 1
              }
            },
            {
              "batter": "TA Boult",
              "bowler": "OP Stone",
              "non_striker": "V Viyaskanth",
              "runs": {
                "batter": 1,
                "extras": 0,
                "total": 1
              }
            }
          ]
        }
      ],
      "powerplays": [
        {
          "from": 0.1,
          "to": 5.8,
          "type": "mandatory"
        }
      ],
      "target": {
        "overs": 20,
        "runs": 148
      }
    }
  ]
}