{
  "meta": {
    "data_version": "1.1.0",
    "created": "2024-01-28",
    "revision": 1
  },
  "info": {
    "balls_per_over": 6,
    "city": "Abu Dhabi",
    "dates": [
      "2024-01-27"
    ],
    "event": {
      "name": "International League T20",
      "match_number": 10
    },
    "gender": "male",
    "match_type": "T20",
    "officials": {
      "match_referees": [
        "SR Bernard"
      ],
      "reserve_umpires": [
        "RSA Palliyaguruge"
      ],
      "tv_umpires": [
        "P Wilson"
      ],
      "umpires": [
        "Aasif Iqbal",
        "Aleem Dar"
      ]
    },
    "outcome": {
      "winner": "Abu Dhabi Knight Riders",
      "by": {
        "wickets": 6
      }
    },
    "overs": 20,
    "player_of_match": [
      "A Sharafu"
    ],
    "players": {
      "Desert Vipers": [
        "TS Mills",
        "C Munro",
        "AD Hales",
        "AJ Hose",
        "PWH de Silva",
        "Azam Khan",
        "Shadab Khan",
        "SE Rutherford",
        "Shaheen Shah Afridi",
        "Aryan Lakra",
        "Rohan Mustafa",
        "Mohammad Amir"
      ],
      "Abu Dhabi Knight Riders": [
        "Ali Khan",
        "AGS Gous",
        "JM Clarke",
        "A Sharafu",
        "SR Hain",
        "Imad Wasim",
        "AD Russell",
        "LJ Evans",
        "SP Narine",
        "DJ Willey",
        "Matiullah Khan",
        "M de Lange"
      ]
    },
    "registry": {
      "people": {
        "A Sharafu": "06cad4f0",
        "AD Hales": "92aeac25",
        "AD Russell": "bbd41817",
        "AGS Gous": "d1305df0",
        "AJ Hose": "104e88a4",
        "Aasif Iqbal": "42c41e1a",
        "Aleem Dar": "f02778d1",
        "Ali Khan": "b0eaaac6",
        "Aryan Lakra": "099135ad",
        "Azam Khan": "ee8f1a6d",
        "C Munro": "af2c687b",
        "DJ Willey": "7f048519",
        "Imad Wasim": "9cb8d7a6",
        "JM Clarke": "2eca67f5",
        "LJ Evans": "1c513d54",
        "M de Lange": "d4eef961",
        "Matiullah Khan": "083e01d9",
        "Mohammad Amir": "e174dadd",
        "P Wilson": "68304a36",
        "PWH de Silva": "a97c8ec2",
        "RSA Palliyaguruge": "4339c19d",
        "Rohan Mustafa": "d1988788",
        "SE Rutherford": "d014d5ac",
        "SP Narine": "9d430b40",
        "SR Bernard": "800187dc",
        "SR Hain": "67b9536c",
        "Shadab Khan": "9de62878",
        "Shaheen Shah Afridi": "45a7e761",
        "TS Mills": "245c97cb"
      }
    },
    "season": "2023/24",
    "team_type": "club",
    "teams": [
      "Desert Vipers",
      "Abu Dhabi Knight Riders"
    ],
    "toss": {
      "decision": "field",
      "winner": "Abu Dhabi Knight Riders"
    },
    "venue": "Zayed Cricket Stadium, Abu Dhabi"
  },
  "innings": [
    {
      "team": "Desert Vipers",
      "overs": [
        {
          "over": 0,
          "deliveries": [
            {
              "batter": "C Munro",
              "bowler": "Imad Wasim",
              "non_striker": "AD Hales",
              "runs": {
                "batter": 0,
                "extras": 0,
                "total": 0
              }
            },
            {
              "batter": "C Munro",
              "bowler": "Imad Wasim",
              "non_striker": "AD Hales",
              "runs": {
                "batter": 0,
                "extras": 0,
                "total": 0
              }
            },
            {
              "batter": "C Munro",
              "bowler": "Imad Wasim",
              "non_striker": "AD Hales",
              "runs": {
                "batter": 0,
                "extras": 0,
                "total": 0
              }
            },
            {
              "batter": "C Munro",
              "bowler": "Imad Wasim",
              "non_striker": "AD Hales",
              "runs": {
                "batter": 1,
                "extras": 0,
                "total": 1
              }
            },
            {
              "batter": "AD Hales",
              "bowler": "Imad Wasim",
              "non_striker": "C Munro",
              "runs": {
                "batter": 0,
                "extras": 0,
                "total": 0
              }
            },
            {
              "batter": "AD Hales",
              "bowler": "Imad Wasim",
              "extras": {
                "wides": 1
              },
              "non_striker": "C Munro",
              "runs": {
                "batter": 0,
                "extras": 1,
                "total": 1
              }
            },
            {
              "batter": "AD Hales",
              "bowler": "Imad Wasim",
              "non_striker": "C Munro",
              "runs": {
                "batter": 0,
                "extras": 0,
                "total": 0
              }
            }
          ]
        },
        {
          "over": 1,
          "deliveries": [
            {
              "batter": "C Munro",
              "bowler": "DJ Willey",
              "non_striker": "AD Hales",
              "runs": {
                "batter": 0,
                "extras": 0,
                "total": 0
              }
            },
            {
              "batter": "C Munro",
              "bowler": "DJ Willey",
              "non_striker": "AD Hales",
              "runs": {
                "batter": 0,
                "extras": 0,
                "total": 0
              }
            },
            {
              "batter": "C Munro",
              "bowler": "DJ Willey",
              "non_striker": "AD Hales",
              "runs": {
                "batter": 4,
                "extras": 0,
                "total": 4
              }
            },
            {
              "batter": "C Munro",
              "bowler": "DJ Willey",
              "non_striker": "AD Hales",
              "runs": {
                "batter": 1,
                "extras": 0,
                "total": 1
              }
            },
            {
              "batter": "AD Hales",
              "bowler": "DJ Willey",
              "non_striker": "C Munro",
              "runs": {
                "batter": 0,
                "extras": 0,
                "total": 0
              }
            },
            {
              "batter": "AD Hales",
              "bowler": "DJ Willey",
              "non_striker": "C Munro",
              "runs": {
                "batter": 0,
                "extras": 0,
                "total": 0
              }
            }
          ]
        },
        {
          "over": 2,
          "deliveries": [
            {
              "batter": "C Munro",
              "bowler": "Imad Wasim",
              "non_striker": "AD Hales",
              "runs": {
                "batter": 1,
                "extras": 0,
                "total": 1
              }
            },
            {
              "batter": "AD Hales",
              "bowler": "Imad Wasim",
              "extras": {
                "wides": 1
              },
              "non_striker": "C Munro",
              "runs": {
                "batter": 0,
                "extras": 1,
                "total": 1
              }
            },
            {
              "batter": "AD Hales",
              "bowler": "Imad Wasim",
              "non_striker": "C Munro",
              "runs": {
                "batter": 0,
                "extras": 0,
                "total": 0
              },
              "wickets": [
                {
                  "player_out": "AD Hales",
                  "fielders": [
                    {
                      "name": "DJ Willey"
                    }
                  ],
                  "kind": "caught"
                }
              ]
            },
            {
              "batter": "AJ Hose",
              "bowler": "Imad Wasim",
              "non_striker": "C Munro",
              "runs": {
                "batter": 1,
                "extras": 0,
                "total": 1
              }
            },
            {
              "batter": "C Munro",
              "bowler": "Imad Wasim",
              "non_striker": "AJ Hose",
              "runs": {
                "batter": 0,
                "extras": 0,
                "total": 0
              }
            },
            {
              "batter": "C Munro",
              "bowler": "Imad Wasim",
              "non_striker": "AJ Hose",
              "runs": {
                "batter": 0,
                "extras": 0,
                "total": 0
              }
            },
            {
              "batter": "C Munro",
              "bowler": "Imad Wasim",
              "non_striker": "AJ Hose",
              "runs": {
                "batter": 0,
                "extras": 0,
                "total": 0
              }
            }
          ]
        },
        {
          "over": 3,
          "deliveries": [
            {
              "batter": "AJ Hose",
              "bowler": "DJ Willey",
              "non_striker": "C Munro",
              "runs": {
                "batter": 4,
                "extras": 0,
                "total": 4
              }
            },
            {
              "batter": "AJ Hose",
              "bowler": "DJ Willey",
              "extras": {
                "wides": 1
              },
              "non_striker": "C Munro",
              "runs": {
                "batter": 0,
                "extras": 1,
                "total": 1
              }
            },
            {
              "batter": "AJ Hose",
              "bowler": "DJ Willey",
              "non_striker": "C Munro",
              "runs": {
                "batter": 2,
                "extras": 0,
                "total": 2
              }
            },
            {
              "batter": "AJ Hose",
              "bowler": "DJ Willey",
              "non_striker": "C Munro",
              "runs": {
                "batter": 0,
                "extras": 0,
                "total": 0
              }
            },
            {
              "batter": "AJ Hose",
              "bowler": "DJ Willey",
              "non_striker": "C Munro",
              "runs": {
                "batter": 0,
                "extras": 0,
                "total": 0
              }
            },
            {
              "batter": "AJ Hose",
              "bowler": "DJ Willey",
              "non_striker": "C Munro",
              "runs": {
                "batter": 1,
                "extras": 0,
                "total": 1
              }
            },
            {
              "batter": "C Munro",
              "bowler": "DJ Willey",
              "non_striker": "AJ Hose",
              "runs": {
                "batter": 6,
                "extras": 0,
                "total": 6
              }
            }
          ]
        },
        {
          "over": 4,
          "deliveries": [
            {
              "batter": "AJ Hose",
              "bowler": "Imad Wasim",
              "non_striker": "C Munro",
              "runs": {
                "batter": 0,
                "extras": 0,
                "total": 0
              }
            },
            {
              "batter": "AJ Hose",
              "bowler": "Imad Wasim",
              "non_striker": "C Munro",
              "runs": {
                "batter": 0,
                "extras": 0,
                "total": 0
              },
              "wickets": [
                {
                  "player_out": "AJ Hose",
                  "fielders": [
                    {
                      "name": "AGS Gous"
                    }
                  ],
                  "kind": "stumped"
                }
              ]
            },
            {
              "batter": "PWH de Silva",
              "bowler": "Imad Wasim",
              "non_striker": "C Munro",
              "runs": {
                "batter": 0,
                "extras": 0,
                "total": 0
              }
            },
            {
              "batter": "PWH de Silva",
              "bowler": "Imad Wasim",
              "non_striker": "C Munro",
              "runs": {
                "batter": 2,
                "extras": 0,
                "total": 2
              }
            },
            {
              "batter": "PWH de Silva",
              "bowler": "Imad Wasim",
              "non_striker": "C Munro",
              "runs": {
                "batter": 4,
                "extras": 0,
                "total": 4
              }
            },
            {
              "batter": "PWH de Silva",
              "bowler": "Imad Wasim",
              "non_striker": "C Munro",
              "runs": {
                "batter": 0,
                "extras": 0,
                "total": 0
              }
            }
          ]
        },
        {
          "over": 5,
          "deliveries": [
            {
              "batter": "C Munro",
              "bowler": "M de Lange",
              "non_striker": "PWH de Silva",
              "runs": {
                "batter": 4,
                "extras": 0,
                "total": 4
              }
            },
            {
              "batter": "C Munro",
              "bowler": "M de Lange",
              "non_striker": "PWH de Silva",
              "runs": {
                "batter": 0,
                "extras": 0,
                "total": 0
              }
            },
            {
              "batter": "C Munro",
              "bowler": "M de Lange",
              "non_striker": "PWH de Silva",
              "runs": {
                "batter": 0,
                "extras": 0,
                "total": 0
              }
            },
            {
              "batter": "C Munro",
              "bowler": "M de Lange",
              "non_striker": "PWH de Silva",
              "runs": {
                "batter": 1,
                "extras": 0,
                "total": 1
              }
            },
            {
              "batter": "PWH de Silva",
              "bowler": "M de Lange",
              "non_striker": "C Munro",
              "runs": {
                "batter": 0,
                "extras": 0,
                "total": 0
              }
            },
            {
              "batter": "PWH de Silva",
              "bowler": "M de Lange",
              "non_striker": "C Munro",
              "runs": {
                "batter": 6,
                "extras": 0,
                "total": 6
              }
            }
          ]
        },
        {
          "over": 6,
          "deliveries": [
            {
              "batter": "C Munro",
              "bowler": "AD Russell",
              "extras": {
                "wides": 1
              },
              "non_striker": "PWH de Silva",
              "runs": {
                "batter": 0,
                "extras": 1,
                "total": 1
              }
            },
            {
              "batter": "C Munro",
              "bowler": "AD Russell",
              "non_striker": "PWH de Silva",
              "runs": {
                "batter": 0,
                "extras": 0,
                "total": 0
              }
            },
            {
              "batter": "C Munro",
              "bowler": "AD Russell",
              "non_striker": "PWH de Silva",
              "runs": {
                "batter": 1,
                "extras": 0,
                "total": 1
              }
            },
            {
              "batter": "PWH de Silva",
              "bowler": "AD Russell",
              "non_striker": "C Munro",
              "runs": {
                "batter": 2,
                "extras": 0,
                "total": 2
              }
            },
            {
              "batter": "PWH de Silva",
              "bowler": "AD Russell",
              "non_striker": "C Munro",
              "runs": {
                "batter": 0,
                "extras": 0,
                "total": 0
              },
              "wickets": [
                {
                  "player_out": "PWH de Silva",
                  "fielders": [
                    {
                      "name": "Imad Wasim"
                    }
                  ],
                  "kind": "caught"
                }
              ]
            },
            {
              "batter": "Azam Khan",
              "bowler": "AD Russell",
              "extras": {
                "wides": 1
              },
              "non_striker": "C Munro",
              "runs": {
                "batter": 0,
                "extras": 1,
                "total": 1
              }
            },
            {
              "batter": "Azam Khan",
              "bowler": "AD Russell",
              "non_striker": "C Munro",
              "runs": {
                "batter": 1,
                "extras": 0,
                "total": 1
              }
            },
            {
              "batter": "C Munro",
              "bowler": "AD Russell",
              "non_striker": "Azam Khan",
              "runs": {
                "batter": 1,
                "extras": 0,
                "total": 1
              }
            }
          ]
        },
        {
          "over": 7,
          "deliveries": [
            {
              "batter": "C Munro",
              "bowler": "SP Narine",
              "non_striker": "Azam Khan",
              "review": {
                "by": "Abu Dhabi Knight Riders",
                "umpire": "Aasif Iqbal",
                "batter": "C Munro",
                "decision": "struck down",
                "type": "wicket",
                "umpires_call": true
              },
              "runs": {
                "batter": 0,
                "extras": 0,
                "total": 0
              }
            },
            {
              "batter": "C Munro",
              "bowler": "SP Narine",
              "non_striker": "Azam Khan",
              "runs": {
                "batter": 1,
                "extras": 0,
                "total": 1
              }
            },
            {
              "batter": "Azam Khan",
              "bowler": "SP Narine",
              "non_striker": "C Munro",
              "runs": {
                "batter": 1,
                "extras": 0,
                "total": 1
              }
            },
            {
              "batter": "C Munro",
              "bowler": "SP Narine",
              "non_striker": "Azam Khan",
              "runs": {
                "batter": 0,
                "extras": 0,
                "total": 0
              }
            },
            {
              "batter": "C Munro",
              "bowler": "SP Narine",
              "non_striker": "Azam Khan",
              "runs": {
                "batter": 0,
                "extras": 0,
                "total": 0
              }
            },
            {
              "batter": "C Munro",
              "bowler": "SP Narine",
              "non_striker": "Azam Khan",
              "runs": {
                "batter": 1,
                "extras": 0,
                "total": 1
              }
            }
          ]
        },
        {
          "over": 8,
          "deliveries": [
            {
              "batter": "C Munro",
              "bowler": "AD Russell",
              "non_striker": "Azam Khan",
              "runs": {
                "batter": 0,
                "extras": 0,
                "total": 0
              }
            },
            {
              "batter": "C Munro",
              "bowler": "AD Russell",
              "non_striker": "Azam Khan",
              "runs": {
                "batter": 1,
                "extras": 0,
                "total": 1
              }
            },
            {
              "batter": "Azam Khan",
              "bowler": "AD Russell",
              "extras": {
                "wides": 1
              },
              "non_striker": "C Munro",
              "runs": {
                "batter": 0,
                "extras": 1,
                "total": 1
              }
            },
            {
              "batter": "Azam Khan",
              "bowler": "AD Russell",
              "non_striker": "C Munro",
              "runs": {
                "batter": 0,
                "extras": 0,
                "total": 0
              }
            },
            {
              "batter": "Azam Khan",
              "bowler": "AD Russell",
              "non_striker": "C Munro",
              "runs": {
                "batter": 6,
                "extras": 0,
                "total": 6
              }
            },
            {
              "batter": "Azam Khan",
              "bowler": "AD Russell",
              "extras": {
                "wides": 1
              },
              "non_striker": "C Munro",
              "runs": {
                "batter": 0,
                "extras": 1,
                "total": 1
              }
            },
            {
              "batter": "Azam Khan",
              "bowler": "AD Russell",
              "non_striker": "C Munro",
              "runs": {
                "batter": 1,
                "extras": 0,
                "total": 1
              }
            },
            {
              "batter": "C Munro",
              "bowler": "AD Russell",
              "non_striker": "Azam Khan",
              "runs": {
                "batter": 0,
                "extras": 0,
                "total": 0
              }
            }
          ]
        },
        {
          "over": 9,
          "deliveries": [
            {
              "batter": "Azam Khan",
              "bowler": "SP Narine",
              "non_striker": "C Munro",
              "runs": {
                "batter": 0,
                "extras": 0,
                "total": 0
              }
            },
            {
              "batter": "Azam Khan",
              "bowler": "SP Narine",
              "non_striker": "C Munro",
              "runs": {
                "batter": 0,
                "extras": 0,
                "total": 0
              }
            },
            {
              "batter": "Azam Khan",
              "bowler": "SP Narine",
              "non_striker": "C Munro",
              "runs": {
                "batter": 0,
                "extras": 0,
                "total": 0
              },
              "wickets": [
                {
                  "player_out": "Azam Khan",
                  "kind": "bowled"
                }
              ]
            },
            {
              "batter": "Shadab Khan",
              "bowler": "SP Narine",
              "non_striker": "C Munro",
              "runs": {
                "batter": 4,
                "extras": 0,
                "total": 4
              }
            },
            {
              "batter": "Shadab Khan",
              "bowler": "SP Narine",
              "non_striker": "C Munro",
              "runs": {
                "batter": 0,
                "extras": 0,
                "total": 0
              }
            },
            {
              "batter": "Shadab Khan",
              "bowler": "SP Narine",
              "non_striker": "C Munro",
              "runs": {
                "batter": 2,
                "extras": 0,
                "total": 2
              }
            }
          ]
        },
        {
          "over": 10,
          "deliveries": [
            {
              "batter": "C Munro",
              "bowler": "Imad Wasim",
              "non_striker": "Shadab Khan",
              "runs": {
                "batter": 1,
                "extras": 0,
                "total": 1
              }
            },
            {
              "batter": "Shadab Khan",
              "bowler": "Imad Wasim",
              "non_striker": "C Munro",
              "runs": {
                "batter": 1,
                "extras": 0,
                "total": 1
              }
            },
            {
              "batter": "C Munro",
              "bowler": "Imad Wasim",
              "non_striker": "Shadab Khan",
              "runs": {
                "batter": 1,
                "extras": 0,
                "total": 1
              }
            },
            {
              "batter": "Shadab Khan",
              "bowler": "Imad Wasim",
              "non_striker": "C Munro",
              "runs": {
                "batter": 1,
                "extras": 0,
                "total": 1
              }
            },
            {
              "batter": "C Munro",
              "bowler": "Imad Wasim",
              "non_striker": "Shadab Khan",
              "runs": {
                "batter": 0,
                "extras": 0,
                "total": 0
              }
            },
            {
              "batter": "C Munro",
              "bowler": "Imad Wasim",
              "non_striker": "Shadab Khan",
              "runs": {
                "batter": 4,
                "extras": 0,
                "total": 4
              }
            }
          ]
        },
        {
          "over": 11,
          "deliveries": [
            {
              "batter": "Shadab Khan",
              "bowler": "SP Narine",
              "extras": {
                "byes": 4
              },
              "non_striker": "C Munro",
              "runs": {
                "batter": 0,
                "extras": 4,
                "total": 4
              }
            },
            {
              "batter": "Shadab Khan",
              "bowler": "SP Narine",
              "non_striker": "C Munro",
              "runs": {
                "batter": 2,
                "extras": 0,
                "total": 2
              }
            },
            {
              "batter": "Shadab Khan",
              "bowler": "SP Narine",
              "non_striker": "C Munro",
              "runs": {
                "batter": 1,
                "extras": 0,
                "total": 1
              }
            },
            {
              "batter": "C Munro",
              "bowler": "SP Narine",
              "non_striker": "Shadab Khan",
              "runs": {
                "batter": 4,
                "extras": 0,
                "total": 4
              }
            },
            {
              "batter": "C Munro",
              "bowler": "SP Narine",
              "non_striker": "Shadab Khan",
              "runs": {
                "batter": 0,
                "extras": 0,
                "total": 0
              }
            },
            {
              "batter": "C Munro",
              "bowler": "SP Narine",
              "non_striker": "Shadab Khan",
              "runs": {
                "batter": 4,
                "extras": 0,
                "total": 4
              }
            }
          ]
        },
        {
          "over": 12,
          "deliveries": [
            {
              "batter": "Shadab Khan",
              "bowler": "M de Lange",
              "non_striker": "C Munro",
              "runs": {
                "batter": 0,
                "extras": 0,
                "total": 0
              },
              "wickets": [
                {
                  "player_out": "Shadab Khan",
                  "fielders": [
                    {
                      "name": "AGS Gous"
                    }
                  ],
                  "kind": "caught"
                }
              ]
            },
            {
              "batter": "SE Rutherford",
              "bowler": "M de Lange",
              "non_striker": "C Munro",
              "runs": {
                "batter": 4,
                "extras": 0,
                "total": 4
              }
            },
            {
              "batter": "SE Rutherford",
              "bowler": "M de Lange",
              "non_striker": "C Munro",
              "runs": {
                "batter": 1,
                "extras": 0,
                "total": 1
              }
            },
            {
              "batter": "C Munro",
              "bowler": "M de Lange",
              "non_striker": "SE Rutherford",
              "runs": {
                "batter": 2,
                "extras": 0,
                "total": 2
              }
            },
            {
              "batter": "C Munro",
              "bowler": "M de Lange",
              "non_striker": "SE Rutherford",
              "runs": {
                "batter": 1,
                "extras": 0,
                "total": 1
              }
            },
            {
              "batter": "SE Rutherford",
              "bowler": "M de Lange",
              "non_striker": "C Munro",
              "runs": {
                "batter": 4,
                "extras": 0,
                "total": 4
              }
            }
          ]
        },
        {
          "over": 13,
          "deliveries": [
            {
              "batter": "C Munro",
              "bowler": "SP Narine",
              "non_striker": "SE Rutherford",
              "runs": {
                "batter": 1,
                "extras": 0,
                "total": 1
              }
            },
            {
              "batter": "SE Rutherford",
              "bowler": "SP Narine",
              "non_striker": "C Munro",
              "runs": {
                "batter": 0,
                "extras": 0,
                "total": 0
              }
            },
            {
              "batter": "SE Rutherford",
              "bowler": "SP Narine",
              "non_striker": "C Munro",
              "runs": {
                "batter": 0,
                "extras": 0,
                "total": 0
              }
            },
            {
              "batter": "SE Rutherford",
              "bowler": "SP Narine",
              "non_striker": "C Munro",
              "runs": {
                "batter": 1,
                "extras": 0,
                "total": 1
              }
            },
            {
              "batter": "C Munro",
              "bowler": "SP Narine",
              "non_striker": "SE Rutherford",
              "runs": {
                "batter": 1,
                "extras": 0,
                "total": 1
              }
            },
            {
              "batter": "SE Rutherford",
              "bowler": "SP Narine",
              "non_striker": "C Munro",
              "runs": {
                "batter": 0,
                "extras": 0,
                "total": 0
              }
            }
          ]
        },
        {
          "over": 14,
          "deliveries": [
            {
              "batter": "C Munro",
              "bowler": "DJ Willey",
              "non_striker": "SE Rutherford",
              "runs": {
                "batter": 1,
                "extras": 0,
                "total": 1
              }
            },
            {
              "batter": "SE Rutherford",
              "bowler": "DJ Willey",
              "non_striker": "C Munro",
              "runs": {
                "batter": 4,
                "extras": 0,
                "total": 4
              }
            },
            {
              "batter": "SE Rutherford",
              "bowler": "DJ Willey",
              "non_striker": "C Munro",
              "runs": {
                "batter": 1,
                "extras": 0,
                "total": 1
              }
            },
            {
              "batter": "C Munro",
              "bowler": "DJ Willey",
              "non_striker": "SE Rutherford",
              "runs": {
                "batter": 1,
                "extras": 0,
                "total": 1
              }
            },
            {
              "batter": "SE Rutherford",
              "bowler": "DJ Willey",
              "non_striker": "C Munro",
              "runs": {
                "batter": 1,
                "extras": 0,
                "total": 1
              }
            },
            {
              "batter": "C Munro",
              "bowler": "DJ Willey",
              "non_striker": "SE Rutherford",
              "runs": {
                "batter": 2,
                "extras": 0,
                "total": 2
              }
            }
          ]
        },
        {
          "over": 15,
          "deliveries": [
            {
              "batter": "SE Rutherford",
              "bowler": "Ali Khan",
              "non_striker": "C Munro",
              "runs": {
                "batter": 4,
                "extras": 0,
                "total": 4
              }
            },
            {
              "batter": "SE Rutherford",
              "bowler": "Ali Khan",
              "non_striker": "C Munro",
              "runs": {
                "batter": 2,
                "extras": 0,
                "total": 2
              }
            },
            {
              "batter": "SE Rutherford",
              "bowler": "Ali Khan",
              "non_striker": "C Munro",
              "runs": {
                "batter": 1,
                "extras": 0,
                "total": 1
              }
            },
            {
              "batter": "C Munro",
              "bowler": "Ali Khan",
              "non_striker": "SE Rutherford",
              "runs": {
                "batter": 4,
                "extras": 0,
                "total": 4
              }
            },
            {
              "batter": "C Munro",
              "bowler": "Ali Khan",
              "non_striker": "SE Rutherford",
              "runs": {
                "batter": 0,
                "extras": 0,
                "total": 0
              },
              "wickets": [
                {
                  "player_out": "C Munro",
                  "kind": "bowled"
                }
              ]
            },
            {
              "batter": "Shaheen Shah Afridi",
              "bowler": "Ali Khan",
              "non_striker": "SE Rutherford",
              "runs": {
                "batter": 1,
                "extras": 0,
                "total": 1
              }
            }
          ]
        },
        {
          "over": 16,
          "deliveries": [
            {
              "batter": "Shaheen Shah Afridi",
              "bowler": "AD Russell",
              "non_striker": "SE Rutherford",
              "runs": {
                "batter": 1,
                "extras": 0,
                "total": 1
              }
            },
            {
              "batter": "SE Rutherford",
              "bowler": "AD Russell",
              "non_striker": "Shaheen Shah Afridi",
              "runs": {
                "batter": 0,
                "extras": 0,
                "total": 0
              }
            },
            {
              "batter": "SE Rutherford",
              "bowler": "AD Russell",
              "non_striker": "Shaheen Shah Afridi",
              "runs": {
                "batter": 2,
                "extras": 0,
                "total": 2
              }
            },
            {
              "batter": "SE Rutherford",
              "bowler": "AD Russell",
              "non_striker": "Shaheen Shah Afridi",
              "runs": {
                "batter": 0,
                "extras": 0,
                "total": 0
              }
            },
            {
              "batter": "SE Rutherford",
              "bowler": "AD Russell",
              "non_striker": "Shaheen Shah Afridi",
              "runs": {
                "batter": 1,
                "extras": 0,
                "total": 1
              }
            },
            {
              "batter": "Shaheen Shah Afridi",
              "bowler": "AD Russell",
              "non_striker": "SE Rutherford",
              "runs": {
                "batter": 1,
                "extras": 0,
                "total": 1
              }
            }
          ]
        },
        {
          "over": 17,
          "deliveries": [
            {
              "batter": "Shaheen Shah Afridi",
              "bowler": "Ali Khan",
              "extras": {
                "legbyes": 1
              },
              "non_striker": "SE Rutherford",
              "review": {
                "by": "Abu Dhabi Knight Riders",
                "umpire": "Aasif Iqbal",
                "batter": "Shaheen Shah Afridi",
                "decision": "struck down",
                "type": "wicket"
              },
              "runs": {
                "batter": 0,
                "extras": 1,
                "total": 1
              }
            },
            {
              "batter": "SE Rutherford",
              "bowler": "Ali Khan",
              "non_striker": "Shaheen Shah Afridi",
              "runs": {
                "batter": 1,
                "extras": 0,
                "total": 1
              }
            },
            {
              "batter": "Shaheen Shah Afridi",
              "bowler": "Ali Khan",
              "extras": {
                "legbyes": 1
              },
              "non_striker": "SE Rutherford",
              "runs": {
                "batter": 0,
                "extras": 1,
                "total": 1
              }
            },
            {
              "batter": "SE Rutherford",
              "bowler": "Ali Khan",
              "non_striker": "Shaheen Shah Afridi",
              "runs": {
                "batter": 0,
                "extras": 0,
                "total": 0
              }
            },
            {
              "batter": "SE Rutherford",
              "bowler": "Ali Khan",
              "non_striker": "Shaheen Shah Afridi",
              "runs": {
                "batter": 1,
                "extras": 0,
                "total": 1
              }
            },
            {
              "batter": "Shaheen Shah Afridi",
              "bowler": "Ali Khan",
              "non_striker": "SE Rutherford",
              "runs": {
                "batter": 2,
                "extras": 0,
                "total": 2
              }
            }
          ]
        },
        {
          "over": 18,
          "deliveries": [
            {
              "batter": "SE Rutherford",
              "bowler": "AD Russell",
              "non_striker": "Shaheen Shah Afridi",
              "runs": {
                "batter": 0,
                "extras": 0,
                "total": 0
              },
              "wickets": [
                {
                  "player_out": "SE Rutherford",
                  "fielders": [
                    {
                      "name": "A Sharafu"
                    }
                  ],
                  "kind": "caught"
                }
              ]
            },
            {
              "batter": "Aryan Lakra",
              "bowler": "AD Russell",
              "non_striker": "Shaheen Shah Afridi",
              "runs": {
                "batter": 0,
                "extras": 0,
                "total": 0
              }
            },
            {
              "batter": "Aryan Lakra",
              "bowler": "AD Russell",
              "non_striker": "Shaheen Shah Afridi",
              "runs": {
                "batter": 1,
                "extras": 0,
                "total": 1
              }
            },
            {
              "batter": "Shaheen Shah Afridi",
              "bowler": "AD Russell",
              "non_striker": "Aryan Lakra",
              "runs": {
                "batter": 4,
                "extras": 0,
                "total": 4
              }
            },
            {
              "batter": "Shaheen Shah Afridi",
              "bowler": "AD Russell",
              "non_striker": "Aryan Lakra",
              "runs": {
                "batter": 1,
                "extras": 0,
                "total": 1
              }
            },
            {
              "batter": "Aryan Lakra",
              "bowler": "AD Russell",
              "non_striker": "Shaheen Shah Afridi",
              "runs": {
                "batter": 1,
                "extras": 0,
                "total": 1
              }
            }
          ]
        },
        {
          "over": 19,
          "deliveries": [
            {
              "batter": "Aryan Lakra",
              "bowler": "Ali Khan",
              "non_striker": "Shaheen Shah Afridi",
              "runs": {
                "batter": 1,
                "extras": 0,
                "total": 1
              }
            },
            {
              "batter": "Shaheen Shah Afridi",
              "bowler": "Ali Khan",
              "non_striker": "Aryan Lakra",
              "runs": {
                "batter": 4,
                "extras": 0,
                "total": 4
              }
            },
            {
              "batter": "Shaheen Shah Afridi",
              "bowler": "Ali Khan",
              "non_striker": "Aryan Lakra",
              "runs": {
                "batter": 1,
                "extras": 0,
                "total": 1
              },
              "wickets": [
                {
                  "player_out": "Shaheen Shah Afridi",
                  "fielders": [
                    {
                      "name": "AGS Gous"
                    },
                    {
                      "name": "DJ Willey"
                    }
                  ],
                  "kind": "run out"
                }
              ]
            },
            {
              "batter": "Rohan Mustafa",
              "bowler": "Ali Khan",
              "non_striker": "Aryan Lakra",
              "runs": {
                "batter": 1,
                "extras": 0,
                "total": 1
              }
            },
            {
              "batter": "Aryan Lakra",
              "bowler": "Ali Khan",
              "non_striker": "Rohan Mustafa",
              "runs": {
                "batter": 1,
                "extras": 0,
                "total": 1
              }
            },
            {
              "batter": "Rohan Mustafa",
              "bowler": "Ali Khan",
              "non_striker": "Aryan Lakra",
              "runs": {
                "batter": 1,
                "extras": 0,
                "total": 1
              }
            }
          ]
        }
      ],
      "powerplays": [
        {
          "from": 0.1,
          "to": 5.6,
          "type": "mandatory"
        }
      ]
    },
    {
      "team": "Abu Dhabi Knight Riders",
      "overs": [
        {
          "over": 0,
          "deliveries": [
            {
              "batter": "AGS Gous",
              "bowler": "Shaheen Shah Afridi",
              "non_striker": "JM Clarke",
              "replacements": {
                "match": [
                  {
                    "in": "JM Clarke",
                    "out": "Ali Khan",
                    "team": "Abu Dhabi Knight Riders",
                    "reason": "impact_player"
                  },
                  {
                    "in": "TS Mills",
                    "out": "AD Hales",
                    "team": "Desert Vipers",
                    "reason": "impact_player"
                  }
                ]
              },
              "runs": {
                "batter": 1,
                "extras": 0,
                "total": 1
              }
            },
            {
              "batter": "JM Clarke",
              "bowler": "Shaheen Shah Afridi",
              "non_striker": "AGS Gous",
              "runs": {
                "batter": 0,
                "extras": 0,
                "total": 0
              }
            },
            {
              "batter": "JM Clarke",
              "bowler": "Shaheen Shah Afridi",
              "non_striker": "AGS Gous",
              "runs": {
                "batter": 1,
                "extras": 0,
                "total": 1
              }
            },
            {
              "batter": "AGS Gous",
              "bowler": "Shaheen Shah Afridi",
              "non_striker": "JM Clarke",
              "runs": {
                "batter": 0,
                "extras": 0,
                "total": 0
              }
            },
            {
              "batter": "AGS Gous",
              "bowler": "Shaheen Shah Afridi",
              "non_striker": "JM Clarke",
              "runs": {
                "batter": 0,
                "extras": 0,
                "total": 0
              }
            },
            {
              "batter": "AGS Gous",
              "bowler": "Shaheen Shah Afridi",
              "non_striker": "JM Clarke",
              "runs": {
                "batter": 0,
                "extras": 0,
                "total": 0
              }
            }
          ]
        },
        {
          "over": 1,
          "deliveries": [
            {
              "batter": "JM Clarke",
              "bowler": "Mohammad Amir",
              "non_striker": "AGS Gous",
              "runs": {
                "batter": 1,
                "extras": 0,
                "total": 1
              }
            },
            {
              "batter": "AGS Gous",
              "bowler": "Mohammad Amir",
              "non_striker": "JM Clarke",
              "runs": {
                "batter": 0,
                "extras": 0,
                "total": 0
              },
              "wickets": [
                {
                  "player_out": "JM Clarke",
                  "fielders": [
                    {
                      "name": "Mohammad Amir"
                    }
                  ],
                  "kind": "run out"
                }
              ]
            },
            {
              "batter": "AGS Gous",
              "bowler": "Mohammad Amir",
              "non_striker": "A Sharafu",
              "runs": {
                "batter": 4,
                "extras": 0,
                "total": 4
              }
            },
            {
              "batter": "AGS Gous",
              "bowler": "Mohammad Amir",
              "non_striker": "A Sharafu",
              "runs": {
                "batter": 1,
                "extras": 0,
                "total": 1
              }
            },
            {
              "batter": "A Sharafu",
              "bowler": "Mohammad Amir",
              "non_striker": "AGS Gous",
              "runs": {
                "batter": 0,
                "extras": 0,
                "total": 0
              }
            },
            {
              "batter": "A Sharafu",
              "bowler": "Mohammad Amir",
              "non_striker": "AGS Gous",
              "runs": {
                "batter": 0,
                "extras": 0,
                "total": 0
              }
            }
          ]
        },
        {
          "over": 2,
          "deliveries": [
            {
              "batter": "AGS Gous",
              "bowler": "Shaheen Shah Afridi",
              "non_striker": "A Sharafu",
              "runs": {
                "batter": 0,
                "extras": 0,
                "total": 0
              }
            },
            {
              "batter": "AGS Gous",
              "bowler": "Shaheen Shah Afridi",
              "non_striker": "A Sharafu",
              "runs": {
                "batter": 0,
                "extras": 0,
                "total": 0
              }
            },
            {
              "batter": "AGS Gous",
              "bowler": "Shaheen Shah Afridi",
              "non_striker": "A Sharafu",
              "runs": {
                "batter": 0,
                "extras": 0,
                "total": 0
              }
            },
            {
              "batter": "AGS Gous",
              "bowler": "Shaheen Shah Afridi",
              "non_striker": "A Sharafu",
              "runs": {
                "batter": 0,
                "extras": 0,
                "total": 0
              }
            },
            {
              "batter": "AGS Gous",
              "bowler": "Shaheen Shah Afridi",
              "non_striker": "A Sharafu",
              "runs": {
                "batter": 0,
                "extras": 0,
                "total": 0
              }
            },
            {
              "batter": "AGS Gous",
              "bowler": "Shaheen Shah Afridi",
              "non_striker": "A Sharafu",
              "runs": {
                "batter": 4,
                "extras": 0,
                "total": 4
              }
            }
          ]
        },
        {
          "over": 3,
          "deliveries": [
            {
              "batter": "A Sharafu",
              "bowler": "Mohammad Amir",
              "non_striker": "AGS Gous",
              "runs": {
                "batter": 0,
                "extras": 0,
                "total": 0
              }
            },
            {
              "batter": "A Sharafu",
              "bowler": "Mohammad Amir",
              "non_striker": "AGS Gous",
              "runs": {
                "batter": 4,
                "extras": 0,
                "total": 4
              }
            },
            {
              "batter": "A Sharafu",
              "bowler": "Mohammad Amir",
              "non_striker": "AGS Gous",
              "runs": {
                "batter": 1,
                "extras": 0,
                "total": 1
              }
            },
            {
              "batter": "AGS Gous",
              "bowler": "Mohammad Amir",
              "non_striker": "A Sharafu",
              "runs": {
                "batter": 0,
                "extras": 0,
                "total": 0
              },
              "wickets": [
                {
                  "player_out": "AGS Gous",
                  "fielders": [
                    {
                      "name": "Azam Khan"
                    }
                  ],
                  "kind": "caught"
                }
              ]
            },
            {
              "batter": "SR Hain",
              "bowler": "Mohammad Amir",
              "non_striker": "A Sharafu",
              "runs": {
                "batter": 4,
                "extras": 0,
                "total": 4
              }
            },
            {
              "batter": "SR Hain",
              "bowler": "Mohammad Amir",
              "non_striker": "A Sharafu",
              "runs": {
                "batter": 0,
                "extras": 0,
                "total": 0
              }
            }
          ]
        },
        {
          "over": 4,
          "deliveries": [
            {
              "batter": "A Sharafu",
              "bowler": "TS Mills",
              "extras": {
                "wides": 1
              },
              "non_striker": "SR Hain",
              "runs": {
                "batter": 0,
                "extras": 1,
                "total": 1
              }
            },
            {
              "batter": "A Sharafu",
              "bowler": "TS Mills",
              "non_striker": "SR Hain",
              "runs": {
                "batter": 1,
                "extras": 0,
                "total": 1
              }
            },
            {
              "batter": "SR Hain",
              "bowler": "TS Mills",
              "non_striker": "A Sharafu",
              "runs": {
                "batter": 1,
                "extras": 0,
                "total": 1
              }
            },
            {
              "batter": "A Sharafu",
              "bowler": "TS Mills",
              "non_striker": "SR Hain",
              "runs": {
                "batter": 0,
                "extras": 0,
                "total": 0
              }
            },
            {
              "batter": "A Sharafu",
              "bowler": "TS Mills",
              "non_striker": "SR Hain",
              "runs": {
                "batter": 4,
                "extras": 0,
                "total": 4
              }
            },
            {
              "batter": "A Sharafu",
              "bowler": "TS Mills",
              "non_striker": "SR Hain",
              "runs": {
                "batter": 0,
                "extras": 0,
                "total": 0
              }
            },
            {
              "batter": "A Sharafu",
              "bowler": "TS Mills",
              "non_striker": "SR Hain",
              "runs": {
                "batter": 4,
                "extras": 0,
                "total": 4
              }
            }
          ]
        },
        {
          "over": 5,
          "deliveries": [
            {
              "batter": "SR Hain",
              "bowler": "PWH de Silva",
              "non_striker": "A Sharafu",
              "runs": {
                "batter": 0,
                "extras": 0,
                "total": 0
              }
            },
            {
              "batter": "SR Hain",
              "bowler": "PWH de Silva",
              "non_striker": "A Sharafu",
              "runs": {
                "batter": 2,
                "extras": 0,
                "total": 2
              }
            },
            {
              "batter": "SR Hain",
              "bowler": "PWH de Silva",
              "non_striker": "A Sharafu",
              "runs": {
                "batter": 0,
                "extras": 0,
                "total": 0
              },
              "wickets": [
                {
                  "player_out": "SR Hain",
                  "kind": "lbw"
                }
              ]
            },
            {
              "batter": "Imad Wasim",
              "bowler": "PWH de Silva",
              "non_striker": "A Sharafu",
              "runs": {
                "batter": 0,
                "extras": 0,
                "total": 0
              }
            },
            {
              "batter": "Imad Wasim",
              "bowler": "PWH de Silva",
              "non_striker": "A Sharafu",
              "runs": {
                "batter": 1,
                "extras": 0,
                "total": 1
              }
            },
            {
              "batter": "A Sharafu",
              "bowler": "PWH de Silva",
              "extras": {
                "legbyes": 4
              },
              "non_striker": "Imad Wasim",
              "runs": {
                "batter": 0,
                "extras": 4,
                "total": 4
              }
            }
          ]
        },
        {
          "over": 6,
          "deliveries": [
            {
              "batter": "Imad Wasim",
              "bowler": "Shadab Khan",
              "non_striker": "A Sharafu",
              "runs": {
                "batter": 1,
                "extras": 0,
                "total": 1
              }
            },
            {
              "batter": "A Sharafu",
              "bowler": "Shadab Khan",
              "non_striker": "Imad Wasim",
              "runs": {
                "batter": 1,
                "extras": 0,
                "total": 1
              }
            },
            {
              "batter": "Imad Wasim",
              "bowler": "Shadab Khan",
              "non_striker": "A Sharafu",
              "runs": {
                "batter": 1,
                "extras": 0,
                "total": 1
              }
            },
            {
              "batter": "A Sharafu",
              "bowler": "Shadab Khan",
              "non_striker": "Imad Wasim",
              "runs": {
                "batter": 1,
                "extras": 0,
                "total": 1
              }
            },
            {
              "batter": "Imad Wasim",
              "bowler": "Shadab Khan",
              "non_striker": "A Sharafu",
              "runs": {
                "batter": 1,
                "extras": 0,
                "total": 1
              }
            },
            {
              "batter": "A Sharafu",
              "bowler": "Shadab Khan",
              "non_striker": "Imad Wasim",
              "runs": {
                "batter": 1,
                "extras": 0,
                "total": 1
              }
            }
          ]
        },
        {
          "over": 7,
          "deliveries": [
            {
              "batter": "A Sharafu",
              "bowler": "PWH de Silva",
              "non_striker": "Imad Wasim",
              "runs": {
                "batter": 0,
                "extras": 0,
                "total": 0
              }
            },
            {
              "batter": "A Sharafu",
              "bowler": "PWH de Silva",
              "non_striker": "Imad Wasim",
              "runs": {
                "batter": 0,
                "extras": 0,
                "total": 0
              }
            },
            {
              "batter": "A Sharafu",
              "bowler": "PWH de Silva",
              "non_striker": "Imad Wasim",
              "runs": {
                "batter": 1,
                "extras": 0,
                "total": 1
              }
            },
            {
              "batter": "Imad Wasim",
              "bowler": "PWH de Silva",
              "non_striker": "A Sharafu",
              "runs": {
                "batter": 0,
                "extras": 0,
                "total": 0
              }
            },
            {
              "batter": "Imad Wasim",
              "bowler": "PWH de Silva",
              "non_striker": "A Sharafu",
              "runs": {
                "batter": 1,
                "extras": 0,
                "total": 1
              }
            },
            {
              "batter": "A Sharafu",
              "bowler": "PWH de Silva",
              "non_striker": "Imad Wasim",
              "runs": {
                "batter": 0,
                "extras": 0,
                "total": 0
              }
            }
          ]
        },
        {
          "over": 8,
          "deliveries": [
            {
              "batter": "Imad Wasim",
              "bowler": "Shadab Khan",
              "non_striker": "A Sharafu",
              "runs": {
                "batter": 1,
                "extras": 0,
                "total": 1
              }
            },
            {
              "batter": "A Sharafu",
              "bowler": "Shadab Khan",
              "non_striker": "Imad Wasim",
              "runs": {
                "batter": 0,
                "extras": 0,
                "total": 0
              }
            },
            {
              "batter": "A Sharafu",
              "bowler": "Shadab Khan",
              "non_striker": "Imad Wasim",
              "runs": {
                "batter": 6,
                "extras": 0,
                "total": 6
              }
            },
            {
              "batter": "A Sharafu",
              "bowler": "Shadab Khan",
              "non_striker": "Imad Wasim",
              "runs": {
                "batter": 0,
                "extras": 0,
                "total": 0
              }
            },
            {
              "batter": "A Sharafu",
              "bowler": "Shadab Khan",
              "non_striker": "Imad Wasim",
              "runs": {
                "batter": 2,
                "extras": 0,
                "total": 2
              }
            },
            {
              "batter": "A Sharafu",
              "bowler": "Shadab Khan",
              "non_striker": "Imad Wasim",
              "runs": {
                "batter": 4,
                "extras": 0,
                "total": 4
              }
            }
          ]
        },
        {
          "over": 9,
          "deliveries": [
            {
              "batter": "Imad Wasim",
              "bowler": "PWH de Silva",
              "non_striker": "A Sharafu",
              "runs": {
                "batter": 1,
                "extras": 0,
                "total": 1
              }
            },
            {
              "batter": "A Sharafu",
              "bowler": "PWH de Silva",
              "non_striker": "Imad Wasim",
              "runs": {
                "batter": 0,
                "extras": 0,
                "total": 0
              }
            },
            {
              "batter": "A Sharafu",
              "bowler": "PWH de Silva",
              "non_striker": "Imad Wasim",
              "runs": {
                "batter": 1,
                "extras": 0,
                "total": 1
              }
            },
            {
              "batter": "Imad Wasim",
              "bowler": "PWH de Silva",
              "non_striker": "A Sharafu",
              "runs": {
                "batter": 0,
                "extras": 0,
                "total": 0
              }
            },
            {
              "batter": "Imad Wasim",
              "bowler": "PWH de Silva",
              "non_striker": "A Sharafu",
              "runs": {
                "batter": 0,
                "extras": 0,
                "total": 0
              }
            },
            {
              "batter": "Imad Wasim",
              "bowler": "PWH de Silva",
              "non_striker": "A Sharafu",
              "runs": {
                "batter": 1,
                "extras": 0,
                "total": 1
              }
            }
          ]
        },
        {
          "over": 10,
          "deliveries": [
            {
              "batter": "Imad Wasim",
              "bowler": "TS Mills",
              "non_striker": "A Sharafu",
              "runs": {
                "batter": 6,
                "extras": 0,
                "total": 6
              }
            },
            {
              "batter": "Imad Wasim",
              "bowler": "TS Mills",
              "non_striker": "A Sharafu",
              "runs": {
                "batter": 1,
                "extras": 0,
                "total": 1
              }
            },
            {
              "batter": "A Sharafu",
              "bowler": "TS Mills",
              "non_striker": "Imad Wasim",
              "runs": {
                "batter": 1,
                "extras": 0,
                "total": 1
              }
            },
            {
              "batter": "Imad Wasim",
              "bowler": "TS Mills",
              "non_striker": "A Sharafu",
              "runs": {
                "batter": 0,
                "extras": 0,
                "total": 0
              }
            },
            {
              "batter": "Imad Wasim",
              "bowler": "TS Mills",
              "non_striker": "A Sharafu",
              "runs": {
                "batter": 1,
                "extras": 0,
                "total": 1
              }
            },
            {
              "batter": "A Sharafu",
              "bowler": "TS Mills",
              "non_striker": "Imad Wasim",
              "runs": {
                "batter": 0,
                "extras": 0,
                "total": 0
              }
            }
          ]
        },
        {
          "over": 11,
          "deliveries": [
            {
              "batter": "Imad Wasim",
              "bowler": "Shadab Khan",
              "non_striker": "A Sharafu",
              "runs": {
                "batter": 1,
                "extras": 0,
                "total": 1
              }
            },
            {
              "batter": "A Sharafu",
              "bowler": "Shadab Khan",
              "non_striker": "Imad Wasim",
              "runs": {
                "batter": 4,
                "extras": 0,
                "total": 4
              }
            },
            {
              "batter": "A Sharafu",
              "bowler": "Shadab Khan",
              "non_striker": "Imad Wasim",
              "runs": {
                "batter": 6,
                "extras": 0,
                "total": 6
              }
            },
            {
              "batter": "A Sharafu",
              "bowler": "Shadab Khan",
              "non_striker": "Imad Wasim",
              "runs": {
                "batter": 0,
                "extras": 0,
                "total": 0
              }
            },
            {
              "batter": "A Sharafu",
              "bowler": "Shadab Khan",
              "non_striker": "Imad Wasim",
              "runs": {
                "batter": 6,
                "extras": 0,
                "total": 6
              }
            },
            {
              "batter": "A Sharafu",
              "bowler": "Shadab Khan",
              "non_striker": "Imad Wasim",
              "runs": {
                "batter": 0,
                "extras": 0,
                "total": 0
              }
            }
          ]
        },
        {
          "over": 12,
          "deliveries": [
            {
              "batter": "Imad Wasim",
              "bowler": "Mohammad Amir",
              "non_striker": "A Sharafu",
              "runs": {
                "batter": 2,
                "extras": 0,
                "total": 2
              }
            },
            {
              "batter": "Imad Wasim",
              "bowler": "Mohammad Amir",
              "non_striker": "A Sharafu",
              "runs": {
                "batter": 1,
                "extras": 0,
                "total": 1
              }
            },
            {
              "batter": "A Sharafu",
              "bowler": "Mohammad Amir",
              "non_striker": "Imad Wasim",
              "runs": {
                "batter": 0,
                "extras": 0,
                "total": 0
              }
            },
            {
              "batter": "A Sharafu",
              "bowler": "Mohammad Amir",
              "non_striker": "Imad Wasim",
              "runs": {
                "batter": 4,
                "extras": 0,
                "total": 4
              }
            },
            {
              "batter": "A Sharafu",
              "bowler": "Mohammad Amir",
              "non_striker": "Imad Wasim",
              "runs": {
                "batter": 0,
                "extras": 0,
                "total": 0
              }
            },
            {
              "batter": "A Sharafu",
              "bowler": "Mohammad Amir",
              "non_striker": "Imad Wasim",
              "runs": {
                "batter": 0,
                "extras": 0,
                "total": 0
              }
            }
          ]
        },
        {
          "over": 13,
          "deliveries": [
            {
              "batter": "Imad Wasim",
              "bowler": "Shaheen Shah Afridi",
              "non_striker": "A Sharafu",
              "runs": {
                "batter": 2,
                "extras": 0,
                "total": 2
              }
            },
            {
              "batter": "Imad Wasim",
              "bowler": "Shaheen Shah Afridi",
              "non_striker": "A Sharafu",
              "runs": {
                "batter": 1,
                "extras": 0,
                "total": 1
              }
            },
            {
              "batter": "A Sharafu",
              "bowler": "Shaheen Shah Afridi",
              "non_striker": "Imad Wasim",
              "runs": {
                "batter": 2,
                "extras": 0,
                "total": 2
              }
            },
            {
              "batter": "A Sharafu",
              "bowler": "Shaheen Shah Afridi",
              "non_striker": "Imad Wasim",
              "runs": {
                "batter": 4,
                "extras": 0,
                "total": 4
              }
            },
            {
              "batter": "A Sharafu",
              "bowler": "Shaheen Shah Afridi",
              "extras": {
                "legbyes": 2
              },
              "non_striker": "Imad Wasim",
              "runs": {
                "batter": 0,
                "extras": 2,
                "total": 2
              }
            },
            {
              "batter": "A Sharafu",
              "bowler": "Shaheen Shah Afridi",
              "non_striker": "Imad Wasim",
              "runs": {
                "batter": 4,
                "extras": 0,
                "total": 4
              }
            }
          ]
        },
        {
          "over": 14,
          "deliveries": [
            {
              "batter": "Imad Wasim",
              "bowler": "PWH de Silva",
              "non_striker": "A Sharafu",
              "runs": {
                "batter": 2,
                "extras": 0,
                "total": 2
              }
            },
            {
              "batter": "Imad Wasim",
              "bowler": "PWH de Silva",
              "non_striker": "A Sharafu",
              "runs": {
                "batter": 0,
                "extras": 0,
                "total": 0
              }
            },
            {
              "batter": "Imad Wasim",
              "bowler": "PWH de Silva",
              "non_striker": "A Sharafu",
              "runs": {
                "batter": 0,
                "extras": 0,
                "total": 0
              },
              "wickets": [
                {
                  "player_out": "Imad Wasim",
                  "fielders": [
                    {
                      "name": "SE Rutherford"
                    }
                  ],
                  "kind": "caught"
                }
              ]
            },
            {
              "batter": "AD Russell",
              "bowler": "PWH de Silva",
              "non_striker": "A Sharafu",
              "runs": {
                "batter": 0,
                "extras": 0,
                "total": 0
              }
            },
            {
              "batter": "AD Russell",
              "bowler": "PWH de Silva",
              "non_striker": "A Sharafu",
              "runs": {
                "batter": 1,
                "extras": 0,
                "total": 1
              }
            },
            {
              "batter": "A Sharafu",
              "bowler": "PWH de Silva",
              "non_striker": "AD Russell",
              "runs": {
                "batter": 1,
                "extras": 0,
                "total": 1
              }
            }
          ]
        },
        {
          "over": 15,
          "deliveries": [
            {
              "batter": "A Sharafu",
              "bowler": "TS Mills",
              "non_striker": "AD Russell",
              "runs": {
                "batter": 4,
                "extras": 0,
                "total": 4
              }
            },
            {
              "batter": "A Sharafu",
              "bowler": "TS Mills",
              "non_striker": "AD Russell",
              "runs": {
                "batter": 0,
                "extras": 0,
                "total": 0
              }
            },
            {
              "batter": "A Sharafu",
              "bowler": "TS Mills",
              "non_striker": "AD Russell",
              "runs": {
                "batter": 4,
                "extras": 0,
                "total": 4
              }
            },
            {
              "batter": "A Sharafu",
              "bowler": "TS Mills",
              "non_striker": "AD Russell",
              "runs": {
                "batter": 6,
                "extras": 0,
                "total": 6
              }
            },
            {
              "batter": "A Sharafu",
              "bowler": "TS Mills",
              "extras": {
                "wides": 1
              },
              "non_striker": "AD Russell",
              "runs": {
                "batter": 0,
                "extras": 1,
                "total": 1
              }
            },
            {
              "batter": "A Sharafu",
              "bowler": "TS Mills",
              "extras": {
                "wides": 2
              },
              "non_striker": "AD Russell",
              "runs": {
                "batter": 0,
                "extras": 2,
                "total": 2
              }
            },
            {
              "batter": "AD Russell",
              "bowler": "TS Mills",
              "non_striker": "A Sharafu",
              "runs": {
                "batter": 2,
                "extras": 0,
                "total": 2
              }
            },
            {
              "batter": "AD Russell",
              "bowler": "TS Mills",
              "non_striker": "A Sharafu",
              "runs": {
                "batter": 6,
                "extras": 0,
                "total": 6
              }
            }
          ]
        },
        {
          "over": 16,
          "deliveries": [
            {
              "batter": "A Sharafu",
              "bowler": "Shaheen Shah Afridi",
              "non_striker": "AD Russell",
              "runs": {
                "batter": 1,
                "extras": 0,
                "total": 1
              }
            },
            {
              "batter": "AD Russell",
              "bowler": "Shaheen Shah Afridi",
              "non_striker": "A Sharafu",
              "runs": {
                "batter": 6,
                "extras": 0,
                "total": 6
              }
            },
            {
              "batter": "AD Russell",
              "bowler": "Shaheen Shah Afridi",
              "non_striker": "A Sharafu",
              "runs": {
                "batter": 0,
                "extras": 0,
                "total": 0
              }
            },
            {
              "batter": "AD Russell",
              "bowler": "Shaheen Shah Afridi",
              "non_striker": "A Sharafu",
              "runs": {
                "batter": 0,
                "extras": 0,
                "total": 0
              }
            },
            {
              "batter": "AD Russell",
              "bowler": "Shaheen Shah Afridi",
              "non_striker": "A Sharafu",
              "runs": {
                "batter": 1,
                "extras": 0,
                "total": 1
              }
            },
            {
              "batter": "A Sharafu",
              "bowler": "Shaheen Shah Afridi",
              "non_striker": "AD Russell",
              "runs": {
                "batter": 4,
                "extras": 0,
                "total": 4
              }
            }
          ]
        },
        {
          "over": 17,
          "deliveries": [
            {
              "batter": "AD Russell",
              "bowler": "Aryan Lakra",
              "non_striker": "A Sharafu",
              "runs": {
                "batter": 2,
                "extras": 0,
                "total": 2
              }
            },
            {
              "batter": "AD Russell",
              "bowler": "Aryan Lakra",
              "non_striker": "A Sharafu",
              "runs": {
                "batter": 6,
                "extras": 0,
                "total": 6
              }
            }
          ]
        }
      ],
      "powerplays": [
        {
          "from": 0.1,
          "to": 5.6,
          "type": "mandatory"
        }
      ],
      "target": {
        "overs": 20,
        "runs": 155
      }
    }
  ]
}