{
  "meta": {
    "data_version": "1.1.0",
    "created": "2024-02-05",
    "revision": 1
  },
  "info": {
    "balls_per_over": 6,
    "city": "Sharjah",
    "dates": [
      "2024-01-29"
    ],
    "event": {
      "name": "International League T20",
      "match_number": 14
    },
    "gender": "male",
    "match_type": "T20",
    "officials": {
      "match_referees": [
        "SJA Taufel"
      ],
      "reserve_umpires": [
        "RJ Tucker"
      ],
      "tv_umpires": [
        "LS Reifer"
      ],
      "umpires": [
        "Ahmed Shah Pakteen",
        "MJ Saggers"
      ]
    },
    "outcome": {
      "winner": "Sharjah Warriors",
      "by": {
        "wickets": 9
      }
    },
    "overs": 20,
    "player_of_match": [
      "M Theekshana"
    ],
    "players": {
      "Dubai Capitals": [
        "PVD Chameera",
        "Rahmanullah Gurbaz",
        "DA Warner",
        "BR Dunk",
        "SW Billings",
        "Sikandar Raza",
        "MDE Holden",
        "R Powell",
        "JO Holder",
        "RE van der Merwe",
        "Akif Raja",
        "Haider Ali"
      ],
      "Sharjah Warriors": [
        "MRJ Watt",
        "N Dickwella",
        "J Charles",
        "JL Denly",
        "T Kohler-Cadmore",
        "DR Sams",
        "L Gregory",
        "CR Woakes",
        "Basil Hameed",
        "M Theekshana",
        "Muhammad Jawadullah",
        "MJ Guptill"
      ]
    },
    "registry": {
      "people": {
        "Ahmed Shah Pakteen": "43602937",
        "Akif Raja": "9d0344f3",
        "BR Dunk": "272d796e",
        "Basil Hameed": "adbf0400",
        "CR Woakes": "4c5d73db",
        "DA Warner": "dcce6f09",
        "DR Sams": "caf69bf7",
        "Haider Ali": "dd572696",
        "J Charles": "09a9d073",
        "JL Denly": "bdadf7da",
        "JO Holder": "0f721006",
        "L Gregory": "06c2de82",
        "LS Reifer": "5dee559a",
        "M Theekshana": "f24c6701",
        "MDE Holden": "d34a2268",
        "MJ Guptill": "2be41edb",
        "MJ Saggers": "402d5937",
        "MRJ Watt": "1252f71a",
        "Muhammad Jawadullah": "098a757c",
        "N Dickwella": "45963d9e",
        "PVD Chameera": "327b58d3",
        "R Powell": "650d5e49",
        "RE van der Merwe": "05c2ca46",
        "RJ Tucker": "38810cfc",
        "Rahmanullah Gurbaz": "0bacade8",
        "SJA Taufel": "4b43d5ac",
        "SW Billings": "c16d4035",
        "Sikandar Raza": "26d041c4",
        "T Kohler-Cadmore": "f836b33d"
      }
    },
    "season": "2023/24",
    "team_type": "club",
    "teams": [
      "Dubai Capitals",
      "Sharjah Warriors"
    ],
    "toss": {
      "decision": "bat",
      "winner": "Dubai Capitals"
    },
    "venue": "Sharjah Cricket Stadium"
  },
  "innings": [
    {
      "team": "Dubai Capitals",
      "overs": [
        {
          "over": 0,
          "deliveries": [
            {
              "batter": "Rahmanullah Gurbaz",
              "bowler": "CR Woakes",
              "non_striker": "DA Warner",
              "runs": {
                "batter": 0,
                "extras": 0,
                "total": 0
              }
            },
            {
              "batter": "Rahmanullah Gurbaz",
              "bowler": "CR Woakes",
              "non_striker": "DA Warner",
              "runs": {
                "batter": 6,
                "extras": 0,
                "total": 6
              }
            },
            {
              "batter": "Rahmanullah Gurbaz",
              "bowler": "CR Woakes",
              "non_striker": "DA Warner",
              "runs": {
                "batter": 1,
                "extras": 0,
                "total": 1
              }
            },
            {
              "batter": "DA Warner",
              "bowler": "CR Woakes",
              "non_striker": "Rahmanullah Gurbaz",
              "runs": {
                "batter": 1,
                "extras": 0,
                "total": 1
              }
            },
            {
              "batter": "Rahmanullah Gurbaz",
              "bowler": "CR Woakes",
              "non_striker": "DA Warner",
              "runs": {
                "batter": 1,
                "extras": 0,
                "total": 1
              }
            },
            {
              "batter": "DA Warner",
              "bowler": "CR Woakes",
              "non_striker": "Rahmanullah Gurbaz",
              "runs": {
                "batter": 0,
                "extras": 0,
                "total": 0
              }
            }
          ]
        },
        {
          "over": 1,
          "deliveries": [
            {
              "batter": "Rahmanullah Gurbaz",
              "bowler": "MRJ Watt",
              "non_striker": "DA Warner",
              "runs": {
                "batter": 0,
                "extras": 0,
                "total": 0
              }
            },
            {
              "batter": "Rahmanullah Gurbaz",
              "bowler": "MRJ Watt",
              "non_striker": "DA Warner",
              "runs": {
                "batter": 0,
                "extras": 0,
                "total": 0
              }
            },
            {
              "batter": "Rahmanullah Gurbaz",
              "bowler": "MRJ Watt",
              "non_striker": "DA Warner",
              "runs": {
                "batter": 1,
                "extras": 0,
                "total": 1
              }
            },
            {
              "batter": "DA Warner",
              "bowler": "MRJ Watt",
              "non_striker": "Rahmanullah Gurbaz",
              "runs": {
                "batter": 1,
                "extras": 0,
                "total": 1
              }
            },
            {
              "batter": "Rahmanullah Gurbaz",
              "bowler": "MRJ Watt",
              "non_striker": "DA Warner",
              "runs": {
                "batter": 0,
                "extras": 0,
                "total": 0
              }
            },
            {
              "batter": "Rahmanullah Gurbaz",
              "bowler": "MRJ Watt",
              "non_striker": "DA Warner",
              "runs": {
                "batter": 0,
                "extras": 0,
                "total": 0
              },
              "wickets": [
                {
                  "player_out": "Rahmanullah Gurbaz",
                  "kind": "bowled"
                }
              ]
            }
          ]
        },
        {
          "over": 2,
          "deliveries": [
            {
              "batter": "DA Warner",
              "bowler": "CR Woakes",
              "non_striker": "BR Dunk",
              "runs": {
                "batter": 1,
                "extras": 0,
                "total": 1
              }
            },
            {
              "batter": "BR Dunk",
              "bowler": "CR Woakes",
              "non_striker": "DA Warner",
              "runs": {
                "batter": 0,
                "extras": 0,
                "total": 0
              }
            },
            {
              "batter": "BR Dunk",
              "bowler": "CR Woakes",
              "non_striker": "DA Warner",
              "runs": {
                "batter": 0,
                "extras": 0,
                "total": 0
              }
            },
            {
              "batter": "BR Dunk",
              "bowler": "CR Woakes",
              "non_striker": "DA Warner",
              "runs": {
                "batter": 0,
                "extras": 0,
                "total": 0
              }
            },
            {
              "batter": "BR Dunk",
              "bowler": "CR Woakes",
              "non_striker": "DA Warner",
              "runs": {
                "batter": 1,
                "extras": 0,
                "total": 1
              }
            },
            {
              "batter": "DA Warner",
              "bowler": "CR Woakes",
              "non_striker": "BR Dunk",
              "runs": {
                "batter": 1,
                "extras": 0,
                "total": 1
              }
            }
          ]
        },
        {
          "over": 3,
          "deliveries": [
            {
              "batter": "DA Warner",
              "bowler": "MRJ Watt",
              "non_striker": "BR Dunk",
              "runs": {
                "batter": 4,
                "extras": 0,
                "total": 4
              }
            },
            {
              "batter": "DA Warner",
              "bowler": "MRJ Watt",
              "non_striker": "BR Dunk",
              "runs": {
                "batter": 2,
                "extras": 0,
                "total": 2
              }
            },
            {
              "batter": "DA Warner",
              "bowler": "MRJ Watt",
              "non_striker": "BR Dunk",
              "runs": {
                "batter": 1,
                "extras": 0,
                "total": 1
              }
            },
            {
              "batter": "BR Dunk",
              "bowler": "MRJ Watt",
              "non_striker": "DA Warner",
              "runs": {
                "batter": 0,
                "extras": 0,
                "total": 0
              }
            },
            {
              "batter": "BR Dunk",
              "bowler": "MRJ Watt",
              "non_striker": "DA Warner",
              "runs": {
                "batter": 0,
                "extras": 0,
                "total": 0
              }
            },
            {
              "batter": "BR Dunk",
              "bowler": "MRJ Watt",
              "non_striker": "DA Warner",
              "runs": {
                "batter": 1,
                "extras": 0,
                "total": 1
              }
            }
          ]
        },
        {
          "over": 4,
          "deliveries": [
            {
              "batter": "BR Dunk",
              "bowler": "DR Sams",
              "non_striker": "DA Warner",
              "runs": {
                "batter": 6,
                "extras": 0,
                "total": 6
              }
            },
            {
              "batter": "BR Dunk",
              "bowler": "DR Sams",
              "non_striker": "DA Warner",
              "runs": {
                "batter": 0,
                "extras": 0,
                "total": 0
              },
              "wickets": [
                {
                  "player_out": "BR Dunk",
                  "fielders": [
                    {
                      "name": "J Charles"
                    }
                  ],
                  "kind": "caught"
                }
              ]
            },
            {
              "batter": "SW Billings",
              "bowler": "DR Sams",
              "non_striker": "DA Warner",
              "runs": {
                "batter": 2,
                "extras": 0,
                "total": 2
              }
            },
            {
              "batter": "SW Billings",
              "bowler": "DR Sams",
              "non_striker": "DA Warner",
              "runs": {
                "batter": 1,
                "extras": 0,
                "total": 1
              }
            },
            {
              "batter": "DA Warner",
              "bowler": "DR Sams",
              "non_striker": "SW Billings",
              "runs": {
                "batter": 0,
                "extras": 0,
                "total": 0
              }
            },
            {
              "batter": "DA Warner",
              "bowler": "DR Sams",
              "non_striker": "SW Billings",
              "runs": {
                "batter": 1,
                "extras": 0,
                "total": 1
              }
            }
          ]
        },
        {
          "over": 5,
          "deliveries": [
            {
              "batter": "DA Warner",
              "bowler": "MRJ Watt",
              "non_striker": "SW Billings",
              "runs": {
                "batter": 0,
                "extras": 0,
                "total": 0
              }
            },
            {
              "batter": "DA Warner",
              "bowler": "MRJ Watt",
              "non_striker": "SW Billings",
              "runs": {
                "batter": 0,
                "extras": 0,
                "total": 0
              }
            },
            {
              "batter": "DA Warner",
              "bowler": "MRJ Watt",
              "non_striker": "SW Billings",
              "runs": {
                "batter": 2,
                "extras": 0,
                "total": 2
              }
            },
            {
              "batter": "DA Warner",
              "bowler": "MRJ Watt",
              "non_striker": "SW Billings",
              "runs": {
                "batter": 0,
                "extras": 0,
                "total": 0
              }
            },
            {
              "batter": "DA Warner",
              "bowler": "MRJ Watt",
              "non_striker": "SW Billings",
              "runs": {
                "batter": 0,
                "extras": 0,
                "total": 0
              }
            },
            {
              "batter": "DA Warner",
              "bowler": "MRJ Watt",
              "non_striker": "SW Billings",
              "runs": {
                "batter": 1,
                "extras": 0,
                "total": 1
              }
            }
          ]
        },
        {
          "over": 6,
          "deliveries": [
            {
              "batter": "DA Warner",
              "bowler": "Muhammad Jawadullah",
              "non_striker": "SW Billings",
              "runs": {
                "batter": 1,
                "extras": 0,
                "total": 1
              }
            },
            {
              "batter": "SW Billings",
              "bowler": "Muhammad Jawadullah",
              "non_striker": "DA Warner",
              "runs": {
                "batter": 0,
                "extras": 0,
                "total": 0
              }
            },
            {
              "batter": "SW Billings",
              "bowler": "Muhammad Jawadullah",
              "non_striker": "DA Warner",
              "runs": {
                "batter": 2,
                "extras": 0,
                "total": 2
              }
            },
            {
              "batter": "SW Billings",
              "bowler": "Muhammad Jawadullah",
              "non_striker": "DA Warner",
              "runs": {
                "batter": 0,
                "extras": 0,
                "total": 0
              }
            },
            {
              "batter": "SW Billings",
              "bowler": "Muhammad Jawadullah",
              "non_striker": "DA Warner",
              "runs": {
                "batter": 1,
                "extras": 0,
                "total": 1
              }
            },
            {
              "batter": "DA Warner",
              "bowler": "Muhammad Jawadullah",
              "non_striker": "SW Billings",
              "runs": {
                "batter": 0,
                "extras": 0,
                "total": 0
              },
              "wickets": [
                {
                  "player_out": "DA Warner",
                  "fielders": [
                    {
                      "name": "N Dickwella"
                    }
                  ],
                  "kind": "caught"
                }
              ]
            }
          ]
        },
        {
          "over": 7,
          "deliveries": [
            {
              "batter": "SW Billings",
              "bowler": "MRJ Watt",
              "non_striker": "Sikandar Raza",
              "runs": {
                "batter": 0,
                "extras": 0,
                "total": 0
              }
            },
            {
              "batter": "SW Billings",
              "bowler": "MRJ Watt",
              "non_striker": "Sikandar Raza",
              "runs": {
                "batter": 1,
                "extras": 0,
                "total": 1
              }
            },
            {
              "batter": "Sikandar Raza",
              "bowler": "MRJ Watt",
              "non_striker": "SW Billings",
              "runs": {
                "batter": 0,
                "extras": 0,
                "total": 0
              }
            },
            {
              "batter": "Sikandar Raza",
              "bowler": "MRJ Watt",
              "non_striker": "SW Billings",
              "runs": {
                "batter": 0,
                "extras": 0,
                "total": 0
              }
            },
            {
              "batter": "Sikandar Raza",
              "bowler": "MRJ Watt",
              "extras": {
                "legbyes": 1
              },
              "non_striker": "SW Billings",
              "runs": {
                "batter": 0,
                "extras": 1,
                "total": 1
              }
            },
            {
              "batter": "SW Billings",
              "bowler": "MRJ Watt",
              "non_striker": "Sikandar Raza",
              "runs": {
                "batter": 1,
                "extras": 0,
                "total": 1
              }
            }
          ]
        },
        {
          "over": 8,
          "deliveries": [
            {
              "batter": "SW Billings",
              "bowler": "M Theekshana",
              "non_striker": "Sikandar Raza",
              "runs": {
                "batter": 1,
                "extras": 0,
                "total": 1
              }
            },
            {
              "batter": "Sikandar Raza",
              "bowler": "M Theekshana",
              "non_striker": "SW Billings",
              "runs": {
                "batter": 1,
                "extras": 0,
                "total": 1
              }
            },
            {
              "batter": "SW Billings",
              "bowler": "M Theekshana",
              "non_striker": "Sikandar Raza",
              "runs": {
                "batter": 0,
                "extras": 0,
                "total": 0
              },
              "wickets": [
                {
                  "player_out": "SW Billings",
                  "fielders": [
                    {
                      "name": "L Gregory"
                    }
                  ],
                  "kind": "caught"
                }
              ]
            },
            {
              "batter": "MDE Holden",
              "bowler": "M Theekshana",
              "non_striker": "Sikandar Raza",
              "runs": {
                "batter": 0,
                "extras": 0,
                "total": 0
              }
            },
            {
              "batter": "MDE Holden",
              "bowler": "M Theekshana",
              "non_striker": "Sikandar Raza",
              "review": {
                "by": "Sharjah Warriors",
                "umpire": "MJ Saggers",
                "batter": "MDE Holden",
                "decision": "upheld",
                "type": "wicket"
              },
              "runs": {
                "batter": 0,
                "extras": 0,
                "total": 0
              },
              "wickets": [
                {
                  "player_out": "MDE Holden",
                  "kind": "lbw"
                }
              ]
            },
            {
              "batter": "R Powell",
              "bowler": "M Theekshana",
              "non_striker": "Sikandar Raza",
              "runs": {
                "batter": 1,
                "extras": 0,
                "total": 1
              }
            }
          ]
        },
        {
          "over": 9,
          "deliveries": [
            {
              "batter": "R Powell",
              "bowler": "DR Sams",
              "non_striker": "Sikandar Raza",
              "runs": {
                "batter": 2,
                "extras": 0,
                "total": 2
              }
            },
            {
              "batter": "R Powell",
              "bowler": "DR Sams",
              "non_striker": "Sikandar Raza",
              "runs": {
                "batter": 1,
                "extras": 0,
                "total": 1
              }
            },
            {
              "batter": "Sikandar Raza",
              "bowler": "DR Sams",
              "non_striker": "R Powell",
              "runs": {
                "batter": 1,
                "extras": 0,
                "total": 1
              }
            },
            {
              "batter": "R Powell",
              "bowler": "DR Sams",
              "non_striker": "Sikandar Raza",
              "runs": {
                "batter": 0,
                "extras": 0,
                "total": 0
              }
            },
            {
              "batter": "R Powell",
              "bowler": "DR Sams",
              "non_striker": "Sikandar Raza",
              "runs": {
                "batter": 1,
                "extras": 0,
                "total": 1
              }
            },
            {
              "batter": "Sikandar Raza",
              "bowler": "DR Sams",
              "non_striker": "R Powell",
              "runs": {
                "batter": 0,
                "extras": 0,
                "total": 0
              }
            }
          ]
        },
        {
          "over": 10,
          "deliveries": [
            {
              "batter": "R Powell",
              "bowler": "M Theekshana",
              "non_striker": "Sikandar Raza",
              "runs": {
                "batter": 4,
                "extras": 0,
                "total": 4
              }
            },
            {
              "batter": "R Powell",
              "bowler": "M Theekshana",
              "non_striker": "Sikandar Raza",
              "runs": {
                "batter": 0,
                "extras": 0,
                "total": 0
              }
            },
            {
              "batter": "R Powell",
              "bowler": "M Theekshana",
              "non_striker": "Sikandar Raza",
              "runs": {
                "batter": 0,
                "extras": 0,
                "total": 0
              }
            },
            {
              "batter": "R Powell",
              "bowler": "M Theekshana",
              "non_striker": "Sikandar Raza",
              "runs": {
                "batter": 1,
                "extras": 0,
                "total": 1
              }
            },
            {
              "batter": "Sikandar Raza",
              "bowler": "M Theekshana",
              "non_striker": "R Powell",
              "runs": {
                "batter": 1,
                "extras": 0,
                "total": 1
              }
            },
            {
              "batter": "R Powell",
              "bowler": "M Theekshana",
              "non_striker": "Sikandar Raza",
              "review": {
                "by": "Dubai Capitals",
                "umpire": "MJ Saggers",
                "batter": "R Powell",
                "decision": "struck down",
                "type": "wicket"
              },
              "runs": {
                "batter": 0,
                "extras": 0,
                "total": 0
              },
              "wickets": [
                {
                  "player_out": "R Powell",
                  "kind": "lbw"
                }
              ]
            }
          ]
        },
        {
          "over": 11,
          "deliveries": [
            {
              "batter": "Sikandar Raza",
              "bowler": "Muhammad Jawadullah",
              "non_striker": "JO Holder",
              "runs": {
                "batter": 0,
                "extras": 0,
                "total": 0
              }
            },
            {
              "batter": "Sikandar Raza",
              "bowler": "Muhammad Jawadullah",
              "non_striker": "JO Holder",
              "runs": {
                "batter": 1,
                "extras": 0,
                "total": 1
              }
            },
            {
              "batter": "JO Holder",
              "bowler": "Muhammad Jawadullah",
              "non_striker": "Sikandar Raza",
              "runs": {
                "batter": 0,
                "extras": 0,
                "total": 0
              }
            },
            {
              "batter": "JO Holder",
              "bowler": "Muhammad Jawadullah",
              "non_striker": "Sikandar Raza",
              "runs": {
                "batter": 0,
                "extras": 0,
                "total": 0
              }
            },
            {
              "batter": "JO Holder",
              "bowler": "Muhammad Jawadullah",
              "non_striker": "Sikandar Raza",
              "runs": {
                "batter": 1,
                "extras": 0,
                "total": 1
              }
            },
            {
              "batter": "Sikandar Raza",
              "bowler": "Muhammad Jawadullah",
              "non_striker": "JO Holder",
              "runs": {
                "batter": 1,
                "extras": 0,
                "total": 1
              }
            }
          ]
        },
        {
          "over": 12,
          "deliveries": [
            {
              "batter": "Sikandar Raza",
              "bowler": "M Theekshana",
              "non_striker": "JO Holder",
              "runs": {
                "batter": 0,
                "extras": 0,
                "total": 0
              }
            },
            {
              "batter": "Sikandar Raza",
              "bowler": "M Theekshana",
              "non_striker": "JO Holder",
              "runs": {
                "batter": 0,
                "extras": 0,
                "total": 0
              }
            },
            {
              "batter": "Sikandar Raza",
              "bowler": "M Theekshana",
              "non_striker": "JO Holder",
              "runs": {
                "batter": 2,
                "extras": 0,
                "total": 2
              }
            },
            {
              "batter": "Sikandar Raza",
              "bowler": "M Theekshana",
              "extras": {
                "legbyes": 1
              },
              "non_striker": "JO Holder",
              "runs": {
                "batter": 0,
                "extras": 1,
                "total": 1
              }
            },
            {
              "batter": "JO Holder",
              "bowler": "M Theekshana",
              "non_striker": "Sikandar Raza",
              "runs": {
                "batter": 0,
                "extras": 0,
                "total": 0
              },
              "wickets": [
                {
                  "player_out": "JO Holder",
                  "kind": "lbw"
                }
              ]
            },
            {
              "batter": "RE van der Merwe",
              "bowler": "M Theekshana",
              "non_striker": "Sikandar Raza",
              "runs": {
                "batter": 1,
                "extras": 0,
                "total": 1
              }
            }
          ]
        },
        {
          "over": 13,
          "deliveries": [
            {
              "batter": "RE van der Merwe",
              "bowler": "Muhammad Jawadullah",
              "non_striker": "Sikandar Raza",
              "runs": {
                "batter": 0,
                "extras": 0,
                "total": 0
              }
            },
            {
              "batter": "RE van der Merwe",
              "bowler": "Muhammad Jawadullah",
              "non_striker": "Sikandar Raza",
              "runs": {
                "batter": 0,
                "extras": 0,
                "total": 0
              }
            },
            {
              "batter": "RE van der Merwe",
              "bowler": "Muhammad Jawadullah",
              "non_striker": "Sikandar Raza",
              "runs": {
                "batter": 4,
                "extras": 0,
                "total": 4
              }
            },
            {
              "batter": "RE van der Merwe",
              "bowler": "Muhammad Jawadullah",
              "non_striker": "Sikandar Raza",
              "runs": {
                "batter": 0,
                "extras": 0,
                "total": 0
              }
            },
            {
              "batter": "RE van der Merwe",
              "bowler": "Muhammad Jawadullah",
              "non_striker": "Sikandar Raza",
              "runs": {
                "batter": 4,
                "extras": 0,
                "total": 4
              }
            },
            {
              "batter": "RE van der Merwe",
              "bowler": "Muhammad Jawadullah",
              "non_striker": "Sikandar Raza",
              "runs": {
                "batter": 4,
                "extras": 0,
                "total": 4
              }
            }
          ]
        },
        {
          "over": 14,
          "deliveries": [
            {
              "batter": "Sikandar Raza",
              "bowler": "M Theekshana",
              "non_striker": "RE van der Merwe",
              "runs": {
                "batter": 1,
                "extras": 0,
                "total": 1
              }
            },
            {
              "batter": "RE van der Merwe",
              "bowler": "M Theekshana",
              "non_striker": "Sikandar Raza",
              "runs": {
                "batter": 0,
                "extras": 0,
                "total": 0
              }
            },
            {
              "batter": "RE van der Merwe",
              "bowler": "M Theekshana",
              "non_striker": "Sikandar Raza",
              "runs": {
                "batter": 0,
                "extras": 0,
                "total": 0
              }
            },
            {
              "batter": "RE van der Merwe",
              "bowler": "M Theekshana",
              "non_striker": "Sikandar Raza",
              "runs": {
                "batter": 4,
                "extras": 0,
                "total": 4
              }
            },
            {
              "batter": "RE van der Merwe",
              "bowler": "M Theekshana",
              "non_striker": "Sikandar Raza",
              "runs": {
                "batter": 2,
                "extras": 0,
                "total": 2
              }
            },
            {
              "batter": "RE van der Merwe",
              "bowler": "M Theekshana",
              "non_striker": "Sikandar Raza",
              "runs": {
                "batter": 1,
                "extras": 0,
                "total": 1
              }
            }
          ]
        },
        {
          "over": 15,
          "deliveries": [
            {
              "batter": "RE van der Merwe",
              "bowler": "DR Sams",
              "non_striker": "Sikandar Raza",
              "runs": {
                "batter": 1,
                "extras": 0,
                "total": 1
              }
            },
            {
              "batter": "Sikandar Raza",
              "bowler": "DR Sams",
              "non_striker": "RE van der Merwe",
              "runs": {
                "batter": 1,
                "extras": 0,
                "total": 1
              }
            },
            {
              "batter": "RE van der Merwe",
              "bowler": "DR Sams",
              "non_striker": "Sikandar Raza",
              "runs": {
                "batter": 0,
                "extras": 0,
                "total": 0
              },
              "wickets": [
                {
                  "player_out": "RE van der Merwe",
                  "fielders": [
                    {
                      "name": "Muhammad Jawadullah"
                    }
                  ],
                  "kind": "caught"
                }
              ]
            },
            {
              "batter": "Akif Raja",
              "bowler": "DR Sams",
              "non_striker": "Sikandar Raza",
              "runs": {
                "batter": 0,
                "extras": 0,
                "total": 0
              }
            },
            {
              "batter": "Akif Raja",
              "bowler": "DR Sams",
              "extras": {
                "wides": 1
              },
              "non_striker": "Sikandar Raza",
              "runs": {
                "batter": 0,
                "extras": 1,
                "total": 1
              }
            },
            {
              "batter": "Akif Raja",
              "bowler": "DR Sams",
              "non_striker": "Sikandar Raza",
              "runs": {
                "batter": 1,
                "extras": 0,
                "total": 1
              }
            },
            {
              "batter": "Sikandar Raza",
              "bowler": "DR Sams",
              "non_striker": "Akif Raja",
              "runs": {
                "batter": 0,
                "extras": 0,
                "total": 0
              }
            }
          ]
        },
        {
          "over": 16,
          "deliveries": [
            {
              "batter": "Akif Raja",
              "bowler": "CR Woakes",
              "non_striker": "Sikandar Raza",
              "runs": {
                "batter": 1,
                "extras": 0,
                "total": 1
              }
            },
            {
              "batter": "Sikandar Raza",
              "bowler": "CR Woakes",
              "non_striker": "Akif Raja",
              "runs": {
                "batter": 0,
                "extras": 0,
                "total": 0
              }
            },
            {
              "batter": "Sikandar Raza",
              "bowler": "CR Woakes",
              "non_striker": "Akif Raja",
              "runs": {
                "batter": 6,
                "extras": 0,
                "total": 6
              }
            },
            {
              "batter": "Sikandar Raza",
              "bowler": "CR Woakes",
              "non_striker": "Akif Raja",
              "runs": {
                "batter": 0,
                "extras": 0,
                "total": 0
              }
            },
            {
              "batter": "Sikandar Raza",
              "bowler": "CR Woakes",
              "non_striker": "Akif Raja",
              "runs": {
                "batter": 1,
                "extras": 0,
                "total": 1
              }
            },
            {
              "batter": "Akif Raja",
              "bowler": "CR Woakes",
              "non_striker": "Sikandar Raza",
              "runs": {
                "batter": 0,
                "extras": 0,
                "total": 0
              }
            }
          ]
        },
        {
          "over": 17,
          "deliveries": [
            {
              "batter": "Sikandar Raza",
              "bowler": "DR Sams",
              "non_striker": "Akif Raja",
              "runs": {
                "batter": 0,
                "extras": 0,
                "total": 0
              }
            },
            {
              "batter": "Sikandar Raza",
              "bowler": "DR Sams",
              "non_striker": "Akif Raja",
              "runs": {
                "batter": 6,
                "extras": 0,
                "total": 6
              }
            },
            {
              "batter": "Sikandar Raza",
              "bowler": "DR Sams",
              "non_striker": "Akif Raja",
              "runs": {
                "batter": 0,
                "extras": 0,
                "total": 0
              }
            },
            {
              "batter": "Sikandar Raza",
              "bowler": "DR Sams",
              "extras": {
                "wides": 1
              },
              "non_striker": "Akif Raja",
              "runs": {
                "batter": 0,
                "extras": 1,
                "total": 1
              }
            },
            {
              "batter": "Sikandar Raza",
              "bowler": "DR Sams",
              "non_striker": "Akif Raja",
              "runs": {
                "batter": 0,
                "extras": 0,
                "total": 0
              },
              "wickets": [
                {
                  "player_out": "Sikandar Raza",
                  "fielders": [
                    {
                      "name": "T Kohler-Cadmore"
                    }
                  ],
                  "kind": "caught"
                }
              ]
            },
            {
              "batter": "Haider Ali",
              "bowler": "DR Sams",
              "non_striker": "Akif Raja",
              "runs": {
                "batter": 1,
                "extras": 0,
                "total": 1
              }
            },
            {
              "batter": "Akif Raja",
              "bowler": "DR Sams",
              "non_striker": "Haider Ali",
              "runs": {
                "batter": 1,
                "extras": 0,
                "total": 1
              }
            }
          ]
        },
        {
          "over": 18,
          "deliveries": [
            {
              "batter": "Akif Raja",
              "bowler": "CR Woakes",
              "non_striker": "Haider Ali",
              "runs": {
                "batter": 0,
                "extras": 0,
                "total": 0
              }
            },
            {
              "batter": "Akif Raja",
              "bowler": "CR Woakes",
              "non_striker": "Haider Ali",
              "runs": {
                "batter": 0,
                "extras": 0,
                "total": 0
              },
              "wickets": [
                {
                  "player_out": "Akif Raja",
                  "fielders": [
                    {
                      "name": "JL Denly"
                    }
                  ],
                  "kind": "run out"
                }
              ]
            }
          ]
        }
      ],
      "powerplays": [
        {
          "from": 0.1,
          "to": 5.6,
          "type": "mandatory"
        }
      ]
    },
    {
      "team": "Sharjah Warriors",
      "overs": [
        {
          "over": 0,
          "deliveries": [
            {
              "batter": "N Dickwella",
              "bowler": "JO Holder",
              "non_striker": "J Charles",
              "replacements": {
                "match": [
                  {
                    "in": "PVD Chameera",
                    "out": "BR Dunk",
                    "team": "Dubai Capitals",
                    "reason": "impact_player"
                  }
                ]
              },
              "review": {
                "by": "Dubai Capitals",
                "umpire": "Ahmed Shah Pakteen",
                "batter": "N Dickwella",
                "decision": "struck down",
                "type": "wicket"
              },
              "runs": {
                "batter": 0,
                "extras": 0,
                "total": 0
              }
            },
            {
              "batter": "N Dickwella",
              "bowler": "JO Holder",
              "non_striker": "J Charles",
              "runs": {
                "batter": 4,
                "extras": 0,
                "total": 4
              }
            },
            {
              "batter": "N Dickwella",
              "bowler": "JO Holder",
              "non_striker": "J Charles",
              "runs": {
                "batter": 0,
                "extras": 0,
                "total": 0
              }
            },
            {
              "batter": "N Dickwella",
              "bowler": "JO Holder",
              "non_striker": "J Charles",
              "runs": {
                "batter": 1,
                "extras": 0,
                "total": 1
              }
            },
            {
              "batter": "J Charles",
              "bowler": "JO Holder",
              "non_striker": "N Dickwella",
              "runs": {
                "batter": 0,
                "extras": 0,
                "total": 0
              }
            },
            {
              "batter": "J Charles",
              "bowler": "JO Holder",
              "non_striker": "N Dickwella",
              "runs": {
                "batter": 0,
                "extras": 0,
                "total": 0
              }
            }
          ]
        },
        {
          "over": 1,
          "deliveries": [
            {
              "batter": "N Dickwella",
              "bowler": "PVD Chameera",
              "non_striker": "J Charles",
              "runs": {
                "batter": 4,
                "extras": 0,
                "total": 4
              }
            },
            {
              "batter": "N Dickwella",
              "bowler": "PVD Chameera",
              "non_striker": "J Charles",
              "runs": {
                "batter": 0,
                "extras": 0,
                "total": 0
              }
            },
            {
              "batter": "N Dickwella",
              "bowler": "PVD Chameera",
              "non_striker": "J Charles",
              "runs": {
                "batter": 0,
                "extras": 0,
                "total": 0
              }
            },
            {
              "batter": "N Dickwella",
              "bowler": "PVD Chameera",
              "non_striker": "J Charles",
              "runs": {
                "batter": 4,
                "extras": 0,
                "total": 4
              }
            },
            {
              "batter": "N Dickwella",
              "bowler": "PVD Chameera",
              "non_striker": "J Charles",
              "runs": {
                "batter": 4,
                "extras": 0,
                "total": 4
              }
            },
            {
              "batter": "N Dickwella",
              "bowler": "PVD Chameera",
              "non_striker": "J Charles",
              "runs": {
                "batter": 0,
                "extras": 0,
                "total": 0
              }
            }
          ]
        },
        {
          "over": 2,
          "deliveries": [
            {
              "batter": "J Charles",
              "bowler": "Haider Ali",
              "non_striker": "N Dickwella",
              "runs": {
                "batter": 1,
                "extras": 0,
                "total": 1
              }
            },
            {
              "batter": "N Dickwella",
              "bowler": "Haider Ali",
              "non_striker": "J Charles",
              "runs": {
                "batter": 0,
                "extras": 0,
                "total": 0
              }
            },
            {
              "batter": "N Dickwella",
              "bowler": "Haider Ali",
              "non_striker": "J Charles",
              "runs": {
                "batter": 1,
                "extras": 0,
                "total": 1
              }
            },
            {
              "batter": "J Charles",
              "bowler": "Haider Ali",
              "non_striker": "N Dickwella",
              "runs": {
                "batter": 2,
                "extras": 0,
                "total": 2
              }
            },
            {
              "batter": "J Charles",
              "bowler": "Haider Ali",
              "non_striker": "N Dickwella",
              "runs": {
                "batter": 4,
                "extras": 0,
                "total": 4
              }
            },
            {
              "batter": "J Charles",
              "bowler": "Haider Ali",
              "non_striker": "N Dickwella",
              "runs": {
                "batter": 0,
                "extras": 0,
                "total": 0
              }
            }
          ]
        },
        {
          "over": 3,
          "deliveries": [
            {
              "batter": "N Dickwella",
              "bowler": "Sikandar Raza",
              "non_striker": "J Charles",
              "runs": {
                "batter": 0,
                "extras": 0,
                "total": 0
              }
            },
            {
              "batter": "N Dickwella",
              "bowler": "Sikandar Raza",
              "non_striker": "J Charles",
              "runs": {
                "batter": 1,
                "extras": 0,
                "total": 1
              }
            },
            {
              "batter": "J Charles",
              "bowler": "Sikandar Raza",
              "non_striker": "N Dickwella",
              "runs": {
                "batter": 1,
                "extras": 0,
                "total": 1
              }
            },
            {
              "batter": "N Dickwella",
              "bowler": "Sikandar Raza",
              "non_striker": "J Charles",
              "runs": {
                "batter": 0,
                "extras": 0,
                "total": 0
              }
            },
            {
              "batter": "N Dickwella",
              "bowler": "Sikandar Raza",
              "non_striker": "J Charles",
              "runs": {
                "batter": 1,
                "extras": 0,
                "total": 1
              }
            },
            {
              "batter": "J Charles",
              "bowler": "Sikandar Raza",
              "non_striker": "N Dickwella",
              "runs": {
                "batter": 0,
                "extras": 0,
                "total": 0
              }
            }
          ]
        },
        {
          "over": 4,
          "deliveries": [
            {
              "batter": "N Dickwella",
              "bowler": "PVD Chameera",
              "non_striker": "J Charles",
              "runs": {
                "batter": 0,
                "extras": 0,
                "total": 0
              }
            },
            {
              "batter": "N Dickwella",
              "bowler": "PVD Chameera",
              "non_striker": "J Charles",
              "runs": {
                "batter": 4,
                "extras": 0,
                "total": 4
              }
            },
            {
              "batter": "N Dickwella",
              "bowler": "PVD Chameera",
              "non_striker": "J Charles",
              "runs": {
                "batter": 2,
                "extras": 0,
                "total": 2
              }
            },
            {
              "batter": "N Dickwella",
              "bowler": "PVD Chameera",
              "non_striker": "J Charles",
              "runs": {
                "batter": 1,
                "extras": 0,
                "total": 1
              }
            },
            {
              "batter": "J Charles",
              "bowler": "PVD Chameera",
              "extras": {
                "wides": 1
              },
              "non_striker": "N Dickwella",
              "runs": {
                "batter": 0,
                "extras": 1,
                "total": 1
              }
            },
            {
              "batter": "J Charles",
              "bowler": "PVD Chameera",
              "non_striker": "N Dickwella",
              "runs": {
                "batter": 0,
                "extras": 0,
                "total": 0
              }
            },
            {
              "batter": "J Charles",
              "bowler": "PVD Chameera",
              "non_striker": "N Dickwella",
              "runs": {
                "batter": 1,
                "extras": 0,
                "total": 1
              }
            }
          ]
        },
        {
          "over": 5,
          "deliveries": [
            {
              "batter": "J Charles",
              "bowler": "Akif Raja",
              "extras": {
                "wides": 1
              },
              "non_striker": "N Dickwella",
              "runs": {
                "batter": 0,
                "extras": 1,
                "total": 1
              }
            },
            {
              "batter": "J Charles",
              "bowler": "Akif Raja",
              "non_striker": "N Dickwella",
              "runs": {
                "batter": 4,
                "extras": 0,
                "total": 4
              }
            },
            {
              "batter": "J Charles",
              "bowler": "Akif Raja",
              "non_striker": "N Dickwella",
              "runs": {
                "batter": 0,
                "extras": 0,
                "total": 0
              }
            },
            {
              "batter": "J Charles",
              "bowler": "Akif Raja",
              "non_striker": "N Dickwella",
              "runs": {
                "batter": 4,
                "extras": 0,
                "total": 4
              }
            },
            {
              "batter": "J Charles",
              "bowler": "Akif Raja",
              "non_striker": "N Dickwella",
              "runs": {
                "batter": 6,
                "extras": 0,
                "total": 6
              }
            },
            {
              "batter": "J Charles",
              "bowler": "Akif Raja",
              "non_striker": "N Dickwella",
              "runs": {
                "batter": 0,
                "extras": 0,
                "total": 0
              }
            },
            {
              "batter": "J Charles",
              "bowler": "Akif Raja",
              "non_striker": "N Dickwella",
              "runs": {
                "batter": 4,
                "extras": 0,
                "total": 4
              }
            }
          ]
        },
        {
          "over": 6,
          "deliveries": [
            {
              "batter": "N Dickwella",
              "bowler": "RE van der Merwe",
              "non_striker": "J Charles",
              "runs": {
                "batter": 2,
                "extras": 0,
                "total": 2
              }
            },
            {
              "batter": "N Dickwella",
              "bowler": "RE van der Merwe",
              "non_striker": "J Charles",
              "runs": {
                "batter": 4,
                "extras": 0,
                "total": 4
              }
            },
            {
              "batter": "N Dickwella",
              "bowler": "RE van der Merwe",
              "non_striker": "J Charles",
              "runs": {
                "batter": 2,
                "extras": 0,
                "total": 2
              }
            },
            {
              "batter": "N Dickwella",
              "bowler": "RE van der Merwe",
              "non_striker": "J Charles",
              "runs": {
                "batter": 1,
                "extras": 0,
                "total": 1
              }
            },
            {
              "batter": "J Charles",
              "bowler": "RE van der Merwe",
              "non_striker": "N Dickwella",
              "runs": {
                "batter": 1,
                "extras": 0,
                "total": 1
              }
            },
            {
              "batter": "N Dickwella",
              "bowler": "RE van der Merwe",
              "non_striker": "J Charles",
              "runs": {
                "batter": 0,
                "extras": 0,
                "total": 0
              }
            }
          ]
        },
        {
          "over": 7,
          "deliveries": [
            {
              "batter": "J Charles",
              "bowler": "Sikandar Raza",
              "non_striker": "N Dickwella",
              "runs": {
                "batter": 1,
                "extras": 0,
                "total": 1
              }
            },
            {
              "batter": "N Dickwella",
              "bowler": "Sikandar Raza",
              "non_striker": "J Charles",
              "runs": {
                "batter": 0,
                "extras": 0,
                "total": 0
              }
            },
            {
              "batter": "N Dickwella",
              "bowler": "Sikandar Raza",
              "non_striker": "J Charles",
              "runs": {
                "batter": 0,
                "extras": 0,
                "total": 0
              }
            },
            {
              "batter": "N Dickwella",
              "bowler": "Sikandar Raza",
              "non_striker": "J Charles",
              "runs": {
                "batter": 0,
                "extras": 0,
                "total": 0
              }
            },
            {
              "batter": "N Dickwella",
              "bowler": "Sikandar Raza",
              "non_striker": "J Charles",
              "runs": {
                "batter": 1,
                "extras": 0,
                "total": 1
              }
            },
            {
              "batter": "J Charles",
              "bowler": "Sikandar Raza",
              "non_striker": "N Dickwella",
              "runs": {
                "batter": 1,
                "extras": 0,
                "total": 1
              }
            }
          ]
        },
        {
          "over": 8,
          "deliveries": [
            {
              "batter": "J Charles",
              "bowler": "Haider Ali",
              "non_striker": "N Dickwella",
              "replacements": {
                "match": [
                  {
                    "in": "MJ Guptill",
                    "out": "MRJ Watt",
                    "team": "Sharjah Warriors",
                    "reason": "impact_player"
                  }
                ]
              },
              "runs": {
                "batter": 1,
                "extras": 0,
                "total": 1
              }
            },
            {
              "batter": "N Dickwella",
              "bowler": "Haider Ali",
              "non_striker": "J Charles",
              "runs": {
                "batter": 0,
                "extras": 0,
                "total": 0
              },
              "wickets": [
                {
                  "player_out": "N Dickwella",
                  "fielders": [
                    {
                      "name": "SW Billings"
                    }
                  ],
                  "kind": "caught"
                }
              ]
            },
            {
              "batter": "JL Denly",
              "bowler": "Haider Ali",
              "non_striker": "J Charles",
              "runs": {
                "batter": 0,
                "extras": 0,
                "total": 0
              }
            },
            {
              "batter": "JL Denly",
              "bowler": "Haider Ali",
              "non_striker": "J Charles",
              "runs": {
                "batter": 1,
                "extras": 0,
                "total": 1
              }
            },
            {
              "batter": "J Charles",
              "bowler": "Haider Ali",
              "non_striker": "JL Denly",
              "runs": {
                "batter": 1,
                "extras": 0,
                "total": 1
              }
            },
            {
              "batter": "JL Denly",
              "bowler": "Haider Ali",
              "non_striker": "J Charles",
              "runs": {
                "batter": 0,
                "extras": 0,
                "total": 0
              }
            }
          ]
        },
        {
          "over": 9,
          "deliveries": [
            {
              "batter": "J Charles",
              "bowler": "Sikandar Raza",
              "non_striker": "JL Denly",
              "runs": {
                "batter": 1,
                "extras": 0,
                "total": 1
              }
            },
            {
              "batter": "JL Denly",
              "bowler": "Sikandar Raza",
              "non_striker": "J Charles",
              "runs": {
                "batter": 4,
                "extras": 0,
                "total": 4
              }
            },
            {
              "batter": "JL Denly",
              "bowler": "Sikandar Raza",
              "non_striker": "J Charles",
              "runs": {
                "batter": 0,
                "extras": 0,
                "total": 0
              }
            },
            {
              "batter": "JL Denly",
              "bowler": "Sikandar Raza",
              "non_striker": "J Charles",
              "runs": {
                "batter": 4,
                "extras": 0,
                "total": 4
              }
            },
            {
              "batter": "JL Denly",
              "bowler": "Sikandar Raza",
              "non_striker": "J Charles",
              "runs": {
                "batter": 1,
                "extras": 0,
                "total": 1
              }
            },
            {
              "batter": "J Charles",
              "bowler": "Sikandar Raza",
              "non_striker": "JL Denly",
              "runs": {
                "batter": 1,
                "extras": 0,
                "total": 1
              }
            }
          ]
        },
        {
          "over": 10,
          "deliveries": [
            {
              "batter": "J Charles",
              "bowler": "Haider Ali",
              "non_striker": "JL Denly",
              "runs": {
                "batter": 0,
                "extras": 0,
                "total": 0
              }
            },
            {
              "batter": "J Charles",
              "bowler": "Haider Ali",
              "non_striker": "JL Denly",
              "runs": {
                "batter": 1,
                "extras": 0,
                "total": 1
              }
            },
            {
              "batter": "JL Denly",
              "bowler": "Haider Ali",
              "non_striker": "J Charles",
              "runs": {
                "batter": 1,
                "extras": 0,
                "total": 1
              }
            },
            {
              "batter": "J Charles",
              "bowler": "Haider Ali",
              "non_striker": "JL Denly",
              "runs": {
                "batter": 1,
                "extras": 0,
                "total": 1
              }
            },
            {
              "batter": "JL Denly",
              "bowler": "Haider Ali",
              "non_striker": "J Charles",
              "runs": {
                "batter": 0,
                "extras": 0,
                "total": 0
              }
            },
            {
              "batter": "JL Denly",
              "bowler": "Haider Ali",
              "non_striker": "J Charles",
              "runs": {
                "batter": 0,
                "extras": 0,
                "total": 0
              }
            }
          ]
        },
        {
          "over": 11,
          "deliveries": [
            {
              "batter": "J Charles",
              "bowler": "RE van der Merwe",
              "non_striker": "JL Denly",
              "runs": {
                "batter": 1,
                "extras": 0,
                "total": 1
              }
            },
            {
              "batter": "JL Denly",
              "bowler": "RE van der Merwe",
              "non_striker": "J Charles",
              "runs": {
                "batter": 6,
                "extras": 0,
                "total": 6
              }
            },
            {
              "batter": "JL Denly",
              "bowler": "RE van der Merwe",
              "non_striker": "J Charles",
              "runs": {
                "batter": 1,
                "extras": 0,
                "total": 1
              }
            },
            {
              "batter": "J Charles",
              "bowler": "RE van der Merwe",
              "non_striker": "JL Denly",
              "runs": {
                "batter": 2,
                "extras": 0,
                "total": 2
              }
            },
            {
              "batter": "J Charles",
              "bowler": "RE van der Merwe",
              "non_striker": "JL Denly",
              "runs": {
                "batter": 0,
                "extras": 0,
                "total": 0
              }
            },
            {
              "batter": "J Charles",
              "bowler": "RE van der Merwe",
              "non_striker": "JL Denly",
              "runs": {
                "batter": 1,
                "extras": 0,
                "total": 1
              }
            }
          ]
        },
        {
          "over": 12,
          "deliveries": [
            {
              "batter": "J Charles",
              "bowler": "Haider Ali",
              "non_striker": "JL Denly",
              "runs": {
                "batter": 1,
                "extras": 0,
                "total": 1
              }
            },
            {
              "batter": "JL Denly",
              "bowler": "Haider Ali",
              "non_striker": "J Charles",
              "runs": {
                "batter": 4,
                "extras": 0,
                "total": 4
              }
            },
            {
              "batter": "JL Denly",
              "bowler": "Haider Ali",
              "non_striker": "J Charles",
              "runs": {
                "batter": 0,
                "extras": 0,
                "total": 0
              }
            },
            {
              "batter": "JL Denly",
              "bowler": "Haider Ali",
              "non_striker": "J Charles",
              "runs": {
                "batter": 1,
                "extras": 0,
                "total": 1
              }
            },
            {
              "batter": "J Charles",
              "bowler": "Haider Ali",
              "non_striker": "JL Denly",
              "runs": {
                "batter": 1,
                "extras": 0,
                "total": 1
              }
            },
            {
              "batter": "JL Denly",
              "bowler": "Haider Ali",
              "non_striker": "J Charles",
              "runs": {
                "batter": 0,
                "extras": 0,
                "total": 0
              }
            }
          ]
        },
        {
          "over": 13,
          "deliveries": [
            {
              "batter": "J Charles",
              "bowler": "Akif Raja",
              "non_striker": "JL Denly",
              "runs": {
                "batter": 1,
                "extras": 0,
                "total": 1
              }
            }
          ]
        }
      ],
      "powerplays": [
        {
          "from": 0.1,
          "to": 5.7,
          "type": "mandatory"
        }
      ],
      "target": {
        "overs": 20,
        "runs": 105
      }
    }
  ]
}