{
  "meta": {
    "data_version": "1.1.0",
    "created": "2025-01-18",
    "revision": 1
  },
  "info": {
    "balls_per_over": 6,
    "city": "Sharjah",
    "dates": [
      "2025-01-17"
    ],
    "event": {
      "name": "International League T20",
      "match_number": 8
    },
    "gender": "male",
    "match_type": "T20",
    "officials": {
      "match_referees": [
        "SJA Taufel"
      ],
      "reserve_umpires": [
        "MJ Saggers"
      ],
      "tv_umpires": [
        "P Wilson"
      ],
      "umpires": [
        "Aasif Iqbal",
        "AT Holdstock"
      ]
    },
    "outcome": {
      "winner": "Sharjah Warriorz",
      "by": {
        "wickets": 5
      }
    },
    "overs": 20,
    "player_of_match": [
      "WIA Fernando"
    ],
    "players": {
      "Dubai Capitals": [
        "OC McCoy",
        "BR Dunk",
        "SD Hope",
        "BJ McMullen",
        "Sikandar Raza",
        "R Powell",
        "MD Shanaka",
        "Gulbadin Naib",
        "OP Stone",
        "Haider Ali",
        "Akif Raja",
        "PVD Chameera"
      ],
      "Sharjah Warriorz": [
        "T Mathew",
        "JJ Roy",
        "J Charles",
        "WIA Fernando",
        "Rohan Mustafa",
        "LWP Wells",
        "Karim Janat",
        "KMA Paul",
        "AU Rashid",
        "AF Milne",
        "TG Southee",
        "Junaid Siddique"
      ]
    },
    "registry": {
      "people": {
        "AF Milne": "350bb1b1",
        "AT Holdstock": "6fa3258c",
        "AU Rashid": "249d60c9",
        "Aasif Iqbal": "42c41e1a",
        "Akif Raja": "9d0344f3",
        "BJ McMullen": "436c763a",
        "BR Dunk": "272d796e",
        "Gulbadin Naib": "9f77963a",
        "Haider Ali": "dd572696",
        "J Charles": "09a9d073",
        "JJ Roy": "d1c36f5c",
        "Junaid Siddique": "84dc72db",
        "KMA Paul": "75224f22",
        "Karim Janat": "62175638",
        "LWP Wells": "1957c6b7",
        "MD Shanaka": "3ff033bb",
        "MJ Saggers": "402d5937",
        "OC McCoy": "529eb9e0",
        "OP Stone": "3f659464",
        "P Wilson": "68304a36",
        "PVD Chameera": "327b58d3",
        "R Powell": "650d5e49",
        "Rohan Mustafa": "d1988788",
        "SD Hope": "1fc6ef83",
        "SJA Taufel": "4b43d5ac",
        "Sikandar Raza": "26d041c4",
        "T Mathew": "c13e8df5",
        "TG Southee": "13c35c9e",
        "WIA Fernando": "9550470d"
      }
    },
    "season": "2024/25",
    "team_type": "club",
    "teams": [
      "Dubai Capitals",
      "Sharjah Warriorz"
    ],
    "toss": {
      "decision": "field",
      "winner": "Sharjah Warriorz"
    },
    "venue": "Sharjah Cricket Stadium"
  },
  "innings": [
    {
      "team": "Dubai Capitals",
      "overs": [
        {
          "over": 0,
          "deliveries": [
            {
              "batter": "BR Dunk",
              "bowler": "TG Southee",
              "non_striker": "SD Hope",
              "runs": {
                "batter": 0,
                "extras": 0,
                "total": 0
              }
            },
            {
              "batter": "BR Dunk",
              "bowler": "TG Southee",
              "non_striker": "SD Hope",
              "runs": {
                "batter": 1,
                "extras": 0,
                "total": 1
              }
            },
            {
              "batter": "SD Hope",
              "bowler": "TG Southee",
              "non_striker": "BR Dunk",
              "runs": {
                "batter": 0,
                "extras": 0,
                "total": 0
              }
            },
            {
              "batter": "SD Hope",
              "bowler": "TG Southee",
              "non_striker": "BR Dunk",
              "runs": {
                "batter": 0,
                "extras": 0,
                "total": 0
              }
            },
            {
              "batter": "SD Hope",
              "bowler": "TG Southee",
              "non_striker": "BR Dunk",
              "runs": {
                "batter": 1,
                "extras": 0,
                "total": 1
              }
            },
            {
              "batter": "BR Dunk",
              "bowler": "TG Southee",
              "non_striker": "SD Hope",
              "runs": {
                "batter": 0,
                "extras": 0,
                "total": 0
              }
            }
          ]
        },
        {
          "over": 1,
          "deliveries": [
            {
              "batter": "SD Hope",
              "bowler": "AF Milne",
              "non_striker": "BR Dunk",
              "runs": {
                "batter": 2,
                "extras": 0,
                "total": 2
              }
            },
            {
              "batter": "SD Hope",
              "bowler": "AF Milne",
              "non_striker": "BR Dunk",
              "runs": {
                "batter": 1,
                "extras": 0,
                "total": 1
              }
            },
            {
              "batter": "BR Dunk",
              "bowler": "AF Milne",
              "non_striker": "SD Hope",
              "runs": {
                "batter": 0,
                "extras": 0,
                "total": 0
              }
            },
            {
              "batter": "BR Dunk",
              "bowler": "AF Milne",
              "non_striker": "SD Hope",
              "runs": {
                "batter": 0,
                "extras": 0,
                "total": 0
              }
            },
            {
              "batter": "BR Dunk",
              "bowler": "AF Milne",
              "extras": {
                "noballs": 1
              },
              "non_striker": "SD Hope",
              "runs": {
                "batter": 4,
                "extras": 1,
                "total": 5
              }
            },
            {
              "batter": "BR Dunk",
              "bowler": "AF Milne",
              "non_striker": "SD Hope",
              "runs": {
                "batter": 6,
                "extras": 0,
                "total": 6
              }
            },
            {
              "batter": "BR Dunk",
              "bowler": "AF Milne",
              "non_striker": "SD Hope",
              "runs": {
                "batter": 1,
                "extras": 0,
                "total": 1
              }
            }
          ]
        },
        {
          "over": 2,
          "deliveries": [
            {
              "batter": "BR Dunk",
              "bowler": "TG Southee",
              "non_striker": "SD Hope",
              "runs": {
                "batter": 1,
                "extras": 0,
                "total": 1
              }
            },
            {
              "batter": "SD Hope",
              "bowler": "TG Southee",
              "non_striker": "BR Dunk",
              "runs": {
                "batter": 2,
                "extras": 0,
                "total": 2
              }
            },
            {
              "batter": "SD Hope",
              "bowler": "TG Southee",
              "non_striker": "BR Dunk",
              "runs": {
                "batter": 4,
                "extras": 0,
                "total": 4
              }
            },
            {
              "batter": "SD Hope",
              "bowler": "TG Southee",
              "non_striker": "BR Dunk",
              "runs": {
                "batter": 1,
                "extras": 0,
                "total": 1
              }
            },
            {
              "batter": "BR Dunk",
              "bowler": "TG Southee",
              "non_striker": "SD Hope",
              "runs": {
                "batter": 4,
                "extras": 0,
                "total": 4
              }
            },
            {
              "batter": "BR Dunk",
              "bowler": "TG Southee",
              "non_striker": "SD Hope",
              "runs": {
                "batter": 1,
                "extras": 0,
                "total": 1
              }
            }
          ]
        },
        {
          "over": 3,
          "deliveries": [
            {
              "batter": "BR Dunk",
              "bowler": "T Mathew",
              "extras": {
                "legbyes": 1
              },
              "non_striker": "SD Hope",
              "runs": {
                "batter": 0,
                "extras": 1,
                "total": 1
              }
            },
            {
              "batter": "SD Hope",
              "bowler": "T Mathew",
              "non_striker": "BR Dunk",
              "runs": {
                "batter": 0,
                "extras": 0,
                "total": 0
              }
            },
            {
              "batter": "SD Hope",
              "bowler": "T Mathew",
              "non_striker": "BR Dunk",
              "runs": {
                "batter": 1,
                "extras": 0,
                "total": 1
              }
            },
            {
              "batter": "BR Dunk",
              "bowler": "T Mathew",
              "non_striker": "SD Hope",
              "runs": {
                "batter": 0,
                "extras": 0,
                "total": 0
              }
            },
            {
              "batter": "BR Dunk",
              "bowler": "T Mathew",
              "non_striker": "SD Hope",
              "runs": {
                "batter": 1,
                "extras": 0,
                "total": 1
              }
            },
            {
              "batter": "SD Hope",
              "bowler": "T Mathew",
              "non_striker": "BR Dunk",
              "runs": {
                "batter": 4,
                "extras": 0,
                "total": 4
              }
            }
          ]
        },
        {
          "over": 4,
          "deliveries": [
            {
              "batter": "BR Dunk",
              "bowler": "AF Milne",
              "extras": {
                "legbyes": 1
              },
              "non_striker": "SD Hope",
              "runs": {
                "batter": 0,
                "extras": 1,
                "total": 1
              }
            },
            {
              "batter": "SD Hope",
              "bowler": "AF Milne",
              "non_striker": "BR Dunk",
              "runs": {
                "batter": 1,
                "extras": 0,
                "total": 1
              }
            },
            {
              "batter": "BR Dunk",
              "bowler": "AF Milne",
              "non_striker": "SD Hope",
              "runs": {
                "batter": 2,
                "extras": 0,
                "total": 2
              }
            },
            {
              "batter": "BR Dunk",
              "bowler": "AF Milne",
              "non_striker": "SD Hope",
              "runs": {
                "batter": 0,
                "extras": 0,
                "total": 0
              },
              "wickets": [
                {
                  "player_out": "BR Dunk",
                  "fielders": [
                    {
                      "name": "KMA Paul"
                    }
                  ],
                  "kind": "caught"
                }
              ]
            },
            {
              "batter": "BJ McMullen",
              "bowler": "AF Milne",
              "non_striker": "SD Hope",
              "runs": {
                "batter": 0,
                "extras": 0,
                "total": 0
              }
            },
            {
              "batter": "BJ McMullen",
              "bowler": "AF Milne",
              "non_striker": "SD Hope",
              "runs": {
                "batter": 0,
                "extras": 0,
                "total": 0
              }
            }
          ]
        },
        {
          "over": 5,
          "deliveries": [
            {
              "batter": "SD Hope",
              "bowler": "Junaid Siddique",
              "non_striker": "BJ McMullen",
              "runs": {
                "batter": 1,
                "extras": 0,
                "total": 1
              }
            },
            {
              "batter": "BJ McMullen",
              "bowler": "Junaid Siddique",
              "non_striker": "SD Hope",
              "runs": {
                "batter": 1,
                "extras": 0,
                "total": 1
              }
            },
            {
              "batter": "SD Hope",
              "bowler": "Junaid Siddique",
              "non_striker": "BJ McMullen",
              "runs": {
                "batter": 0,
                "extras": 0,
                "total": 0
              }
            },
            {
              "batter": "SD Hope",
              "bowler": "Junaid Siddique",
              "non_striker": "BJ McMullen",
              "runs": {
                "batter": 4,
                "extras": 0,
                "total": 4
              }
            },
            {
              "batter": "SD Hope",
              "bowler": "Junaid Siddique",
              "non_striker": "BJ McMullen",
              "runs": {
                "batter": 1,
                "extras": 0,
                "total": 1
              }
            },
            {
              "batter": "BJ McMullen",
              "bowler": "Junaid Siddique",
              "non_striker": "SD Hope",
              "runs": {
                "batter": 2,
                "extras": 0,
                "total": 2
              }
            }
          ]
        },
        {
          "over": 6,
          "deliveries": [
            {
              "batter": "SD Hope",
              "bowler": "AU Rashid",
              "non_striker": "BJ McMullen",
              "runs": {
                "batter": 1,
                "extras": 0,
                "total": 1
              }
            },
            {
              "batter": "BJ McMullen",
              "bowler": "AU Rashid",
              "non_striker": "SD Hope",
              "runs": {
                "batter": 1,
                "extras": 0,
                "total": 1
              }
            },
            {
              "batter": "SD Hope",
              "bowler": "AU Rashid",
              "non_striker": "BJ McMullen",
              "runs": {
                "batter": 1,
                "extras": 0,
                "total": 1
              }
            },
            {
              "batter": "BJ McMullen",
              "bowler": "AU Rashid",
              "non_striker": "SD Hope",
              "runs": {
                "batter": 6,
                "extras": 0,
                "total": 6
              }
            },
            {
              "batter": "BJ McMullen",
              "bowler": "AU Rashid",
              "non_striker": "SD Hope",
              "runs": {
                "batter": 1,
                "extras": 0,
                "total": 1
              }
            },
            {
              "batter": "SD Hope",
              "bowler": "AU Rashid",
              "non_striker": "BJ McMullen",
              "runs": {
                "batter": 0,
                "extras": 0,
                "total": 0
              }
            }
          ]
        },
        {
          "over": 7,
          "deliveries": [
            {
              "batter": "BJ McMullen",
              "bowler": "T Mathew",
              "non_striker": "SD Hope",
              "runs": {
                "batter": 0,
                "extras": 0,
                "total": 0
              }
            },
            {
              "batter": "BJ McMullen",
              "bowler": "T Mathew",
              "non_striker": "SD Hope",
              "runs": {
                "batter": 1,
                "extras": 0,
                "total": 1
              }
            },
            {
              "batter": "SD Hope",
              "bowler": "T Mathew",
              "non_striker": "BJ McMullen",
              "runs": {
                "batter": 1,
                "extras": 0,
                "total": 1
              }
            },
            {
              "batter": "BJ McMullen",
              "bowler": "T Mathew",
              "non_striker": "SD Hope",
              "runs": {
                "batter": 4,
                "extras": 0,
                "total": 4
              }
            },
            {
              "batter": "BJ McMullen",
              "bowler": "T Mathew",
              "non_striker": "SD Hope",
              "runs": {
                "batter": 1,
                "extras": 0,
                "total": 1
              }
            },
            {
              "batter": "SD Hope",
              "bowler": "T Mathew",
              "non_striker": "BJ McMullen",
              "runs": {
                "batter": 1,
                "extras": 0,
                "total": 1
              }
            }
          ]
        },
        {
          "over": 8,
          "deliveries": [
            {
              "batter": "SD Hope",
              "bowler": "AU Rashid",
              "non_striker": "BJ McMullen",
              "runs": {
                "batter": 0,
                "extras": 0,
                "total": 0
              }
            },
            {
              "batter": "SD Hope",
              "bowler": "AU Rashid",
              "non_striker": "BJ McMullen",
              "runs": {
                "batter": 1,
                "extras": 0,
                "total": 1
              }
            },
            {
              "batter": "BJ McMullen",
              "bowler": "AU Rashid",
              "non_striker": "SD Hope",
              "runs": {
                "batter": 1,
                "extras": 0,
                "total": 1
              }
            },
            {
              "batter": "SD Hope",
              "bowler": "AU Rashid",
              "non_striker": "BJ McMullen",
              "runs": {
                "batter": 1,
                "extras": 0,
                "total": 1
              }
            },
            {
              "batter": "BJ McMullen",
              "bowler": "AU Rashid",
              "non_striker": "SD Hope",
              "runs": {
                "batter": 4,
                "extras": 0,
                "total": 4
              }
            },
            {
              "batter": "BJ McMullen",
              "bowler": "AU Rashid",
              "extras": {
                "wides": 1
              },
              "non_striker": "SD Hope",
              "runs": {
                "batter": 0,
                "extras": 1,
                "total": 1
              }
            },
            {
              "batter": "BJ McMullen",
              "bowler": "AU Rashid",
              "non_striker": "SD Hope",
              "runs": {
                "batter": 0,
                "extras": 0,
                "total": 0
              },
              "wickets": [
                {
                  "player_out": "BJ McMullen",
                  "kind": "bowled"
                }
              ]
            }
          ]
        },
        {
          "over": 9,
          "deliveries": [
            {
              "batter": "SD Hope",
              "bowler": "Junaid Siddique",
              "non_striker": "Sikandar Raza",
              "runs": {
                "batter": 1,
                "extras": 0,
                "total": 1
              }
            },
            {
              "batter": "Sikandar Raza",
              "bowler": "Junaid Siddique",
              "non_striker": "SD Hope",
              "runs": {
                "batter": 2,
                "extras": 0,
                "total": 2
              }
            },
            {
              "batter": "Sikandar Raza",
              "bowler": "Junaid Siddique",
              "non_striker": "SD Hope",
              "runs": {
                "batter": 1,
                "extras": 0,
                "total": 1
              }
            },
            {
              "batter": "SD Hope",
              "bowler": "Junaid Siddique",
              "non_striker": "Sikandar Raza",
              "runs": {
                "batter": 1,
                "extras": 0,
                "total": 1
              }
            },
            {
              "batter": "Sikandar Raza",
              "bowler": "Junaid Siddique",
              "non_striker": "SD Hope",
              "runs": {
                "batter": 1,
                "extras": 0,
                "total": 1
              }
            },
            {
              "batter": "SD Hope",
              "bowler": "Junaid Siddique",
              "non_striker": "Sikandar Raza",
              "runs": {
                "batter": 1,
                "extras": 0,
                "total": 1
              }
            }
          ]
        },
        {
          "over": 10,
          "deliveries": [
            {
              "batter": "SD Hope",
              "bowler": "AU Rashid",
              "non_striker": "Sikandar Raza",
              "runs": {
                "batter": 0,
                "extras": 0,
                "total": 0
              }
            },
            {
              "batter": "SD Hope",
              "bowler": "AU Rashid",
              "non_striker": "Sikandar Raza",
              "runs": {
                "batter": 6,
                "extras": 0,
                "total": 6
              }
            },
            {
              "batter": "SD Hope",
              "bowler": "AU Rashid",
              "non_striker": "Sikandar Raza",
              "runs": {
                "batter": 1,
                "extras": 0,
                "total": 1
              }
            },
            {
              "batter": "Sikandar Raza",
              "bowler": "AU Rashid",
              "non_striker": "SD Hope",
              "runs": {
                "batter": 0,
                "extras": 0,
                "total": 0
              }
            },
            {
              "batter": "Sikandar Raza",
              "bowler": "AU Rashid",
              "non_striker": "SD Hope",
              "runs": {
                "batter": 2,
                "extras": 0,
                "total": 2
              }
            },
            {
              "batter": "Sikandar Raza",
              "bowler": "AU Rashid",
              "extras": {
                "byes": 2
              },
              "non_striker": "SD Hope",
              "runs": {
                "batter": 0,
                "extras": 2,
                "total": 2
              }
            }
          ]
        },
        {
          "over": 11,
          "deliveries": [
            {
              "batter": "SD Hope",
              "bowler": "Rohan Mustafa",
              "non_striker": "Sikandar Raza",
              "runs": {
                "batter": 1,
                "extras": 0,
                "total": 1
              }
            },
            {
              "batter": "Sikandar Raza",
              "bowler": "Rohan Mustafa",
              "non_striker": "SD Hope",
              "runs": {
                "batter": 2,
                "extras": 0,
                "total": 2
              }
            },
            {
              "batter": "Sikandar Raza",
              "bowler": "Rohan Mustafa",
              "non_striker": "SD Hope",
              "runs": {
                "batter": 6,
                "extras": 0,
                "total": 6
              }
            },
            {
              "batter": "Sikandar Raza",
              "bowler": "Rohan Mustafa",
              "non_striker": "SD Hope",
              "runs": {
                "batter": 1,
                "extras": 0,
                "total": 1
              }
            },
            {
              "batter": "SD Hope",
              "bowler": "Rohan Mustafa",
              "non_striker": "Sikandar Raza",
              "runs": {
                "batter": 1,
                "extras": 0,
                "total": 1
              }
            },
            {
              "batter": "Sikandar Raza",
              "bowler": "Rohan Mustafa",
              "non_striker": "SD Hope",
              "runs": {
                "batter": 1,
                "extras": 0,
                "total": 1
              }
            }
          ]
        },
        {
          "over": 12,
          "deliveries": [
            {
              "batter": "Sikandar Raza",
              "bowler": "T Mathew",
              "non_striker": "SD Hope",
              "runs": {
                "batter": 1,
                "extras": 0,
                "total": 1
              }
            },
            {
              "batter": "SD Hope",
              "bowler": "T Mathew",
              "non_striker": "Sikandar Raza",
              "runs": {
                "batter": 1,
                "extras": 0,
                "total": 1
              }
            },
            {
              "batter": "Sikandar Raza",
              "bowler": "T Mathew",
              "non_striker": "SD Hope",
              "runs": {
                "batter": 1,
                "extras": 0,
                "total": 1
              }
            },
            {
              "batter": "SD Hope",
              "bowler": "T Mathew",
              "non_striker": "Sikandar Raza",
              "runs": {
                "batter": 6,
                "extras": 0,
                "total": 6
              }
            },
            {
              "batter": "SD Hope",
              "bowler": "T Mathew",
              "non_striker": "Sikandar Raza",
              "runs": {
                "batter": 1,
                "extras": 0,
                "total": 1
              }
            },
            {
              "batter": "Sikandar Raza",
              "bowler": "T Mathew",
              "non_striker": "SD Hope",
              "runs": {
                "batter": 4,
                "extras": 0,
                "total": 4
              }
            }
          ]
        },
        {
          "over": 13,
          "deliveries": [
            {
              "batter": "SD Hope",
              "bowler": "AF Milne",
              "non_striker": "Sikandar Raza",
              "runs": {
                "batter": 1,
                "extras": 0,
                "total": 1
              }
            },
            {
              "batter": "Sikandar Raza",
              "bowler": "AF Milne",
              "non_striker": "SD Hope",
              "runs": {
                "batter": 1,
                "extras": 0,
                "total": 1
              }
            },
            {
              "batter": "SD Hope",
              "bowler": "AF Milne",
              "non_striker": "Sikandar Raza",
              "runs": {
                "batter": 6,
                "extras": 0,
                "total": 6
              }
            },
            {
              "batter": "SD Hope",
              "bowler": "AF Milne",
              "non_striker": "Sikandar Raza",
              "runs": {
                "batter": 1,
                "extras": 0,
                "total": 1
              }
            },
            {
              "batter": "Sikandar Raza",
              "bowler": "AF Milne",
              "non_striker": "SD Hope",
              "runs": {
                "batter": 1,
                "extras": 0,
                "total": 1
              }
            },
            {
              "batter": "SD Hope",
              "bowler": "AF Milne",
              "non_striker": "Sikandar Raza",
              "runs": {
                "batter": 1,
                "extras": 0,
                "total": 1
              }
            }
          ]
        },
        {
          "over": 14,
          "deliveries": [
            {
              "batter": "SD Hope",
              "bowler": "Karim Janat",
              "non_striker": "Sikandar Raza",
              "runs": {
                "batter": 1,
                "extras": 0,
                "total": 1
              }
            },
            {
              "batter": "Sikandar Raza",
              "bowler": "Karim Janat",
              "non_striker": "SD Hope",
              "runs": {
                "batter": 2,
                "extras": 0,
                "total": 2
              }
            },
            {
              "batter": "Sikandar Raza",
              "bowler": "Karim Janat",
              "non_striker": "SD Hope",
              "runs": {
                "batter": 0,
                "extras": 0,
                "total": 0
              }
            },
            {
              "batter": "Sikandar Raza",
              "bowler": "Karim Janat",
              "non_striker": "SD Hope",
              "runs": {
                "batter": 0,
                "extras": 0,
                "total": 0
              }
            },
            {
              "batter": "Sikandar Raza",
              "bowler": "Karim Janat",
              "extras": {
                "noballs": 1
              },
              "non_striker": "SD Hope",
              "runs": {
                "batter": 1,
                "extras": 1,
                "total": 2
              }
            },
            {
              "batter": "SD Hope",
              "bowler": "Karim Janat",
              "non_striker": "Sikandar Raza",
              "runs": {
                "batter": 1,
                "extras": 0,
                "total": 1
              }
            },
            {
              "batter": "Sikandar Raza",
              "bowler": "Karim Janat",
              "non_striker": "SD Hope",
              "runs": {
                "batter": 0,
                "extras": 0,
                "total": 0
              },
              "wickets": [
                {
                  "player_out": "Sikandar Raza",
                  "fielders": [
                    {
                      "name": "AF Milne"
                    }
                  ],
                  "kind": "caught"
                }
              ]
            }
          ]
        },
        {
          "over": 15,
          "deliveries": [
            {
              "batter": "SD Hope",
              "bowler": "AU Rashid",
              "non_striker": "R Powell",
              "runs": {
                "batter": 1,
                "extras": 0,
                "total": 1
              }
            },
            {
              "batter": "R Powell",
              "bowler": "AU Rashid",
              "non_striker": "SD Hope",
              "runs": {
                "batter": 0,
                "extras": 0,
                "total": 0
              }
            },
            {
              "batter": "R Powell",
              "bowler": "AU Rashid",
              "non_striker": "SD Hope",
              "runs": {
                "batter": 6,
                "extras": 0,
                "total": 6
              }
            },
            {
              "batter": "R Powell",
              "bowler": "AU Rashid",
              "non_striker": "SD Hope",
              "runs": {
                "batter": 0,
                "extras": 0,
                "total": 0
              }
            },
            {
              "batter": "R Powell",
              "bowler": "AU Rashid",
              "non_striker": "SD Hope",
              "runs": {
                "batter": 1,
                "extras": 0,
                "total": 1
              }
            },
            {
              "batter": "SD Hope",
              "bowler": "AU Rashid",
              "non_striker": "R Powell",
              "runs": {
                "batter": 1,
                "extras": 0,
                "total": 1
              }
            }
          ]
        },
        {
          "over": 16,
          "deliveries": [
            {
              "batter": "SD Hope",
              "bowler": "TG Southee",
              "non_striker": "R Powell",
              "runs": {
                "batter": 6,
                "extras": 0,
                "total": 6
              }
            },
            {
              "batter": "SD Hope",
              "bowler": "TG Southee",
              "non_striker": "R Powell",
              "runs": {
                "batter": 1,
                "extras": 0,
                "total": 1
              }
            },
            {
              "batter": "R Powell",
              "bowler": "TG Southee",
              "non_striker": "SD Hope",
              "runs": {
                "batter": 1,
                "extras": 0,
                "total": 1
              }
            },
            {
              "batter": "SD Hope",
              "bowler": "TG Southee",
              "non_striker": "R Powell",
              "runs": {
                "batter": 1,
                "extras": 0,
                "total": 1
              }
            },
            {
              "batter": "R Powell",
              "bowler": "TG Southee",
              "non_striker": "SD Hope",
              "runs": {
                "batter": 1,
                "extras": 0,
                "total": 1
              }
            },
            {
              "batter": "SD Hope",
              "bowler": "TG Southee",
              "non_striker": "R Powell",
              "runs": {
                "batter": 0,
                "extras": 0,
                "total": 0
              }
            }
          ]
        },
        {
          "over": 17,
          "deliveries": [
            {
              "batter": "R Powell",
              "bowler": "Karim Janat",
              "non_striker": "SD Hope",
              "runs": {
                "batter": 6,
                "extras": 0,
                "total": 6
              }
            },
            {
              "batter": "R Powell",
              "bowler": "Karim Janat",
              "non_striker": "SD Hope",
              "runs": {
                "batter": 4,
                "extras": 0,
                "total": 4
              }
            },
            {
              "batter": "R Powell",
              "bowler": "Karim Janat",
              "extras": {
                "wides": 1
              },
              "non_striker": "SD Hope",
              "runs": {
                "batter": 0,
                "extras": 1,
                "total": 1
              }
            },
            {
              "batter": "R Powell",
              "bowler": "Karim Janat",
              "non_striker": "SD Hope",
              "runs": {
                "batter": 0,
                "extras": 0,
                "total": 0
              }
            },
            {
              "batter": "R Powell",
              "bowler": "Karim Janat",
              "non_striker": "SD Hope",
              "runs": {
                "batter": 6,
                "extras": 0,
                "total": 6
              }
            },
            {
              "batter": "R Powell",
              "bowler": "Karim Janat",
              "non_striker": "SD Hope",
              "runs": {
                "batter": 0,
                "extras": 0,
                "total": 0
              }
            },
            {
              "batter": "R Powell",
              "bowler": "Karim Janat",
              "non_striker": "SD Hope",
              "runs": {
                "batter": 1,
                "extras": 0,
                "total": 1
              }
            }
          ]
        },
        {
          "over": 18,
          "deliveries": [
            {
              "batter": "R Powell",
              "bowler": "AF Milne",
              "non_striker": "SD Hope",
              "replacements": {
                "match": [
                  {
                    "in": "WIA Fernando",
                    "out": "T Mathew",
                    "team": "Sharjah Warriorz",
                    "reason": "impact_player"
                  }
                ]
              },
              "runs": {
                "batter": 1,
                "extras": 0,
                "total": 1
              }
            },
            {
              "batter": "SD Hope",
              "bowler": "AF Milne",
              "non_striker": "R Powell",
              "runs": {
                "batter": 0,
                "extras": 0,
                "total": 0
              }
            },
            {
              "batter": "SD Hope",
              "bowler": "AF Milne",
              "extras": {
                "wides": 1
              },
              "non_striker": "R Powell",
              "runs": {
                "batter": 0,
                "extras": 1,
                "total": 1
              }
            },
            {
              "batter": "SD Hope",
              "bowler": "AF Milne",
              "non_striker": "R Powell",
              "runs": {
                "batter": 6,
                "extras": 0,
                "total": 6
              }
            },
            {
              "batter": "SD Hope",
              "bowler": "AF Milne",
              "extras": {
                "noballs": 1
              },
              "non_striker": "R Powell",
              "runs": {
                "batter": 6,
                "extras": 1,
                "total": 7
              }
            },
            {
              "batter": "SD Hope",
              "bowler": "AF Milne",
              "non_striker": "R Powell",
              "runs": {
                "batter": 0,
                "extras": 0,
                "total": 0
              }
            },
            {
              "batter": "SD Hope",
              "bowler": "AF Milne",
              "non_striker": "R Powell",
              "runs": {
                "batter": 1,
                "extras": 0,
                "total": 1
              }
            },
            {
              "batter": "R Powell",
              "bowler": "AF Milne",
              "non_striker": "SD Hope",
              "runs": {
                "batter": 1,
                "extras": 0,
                "total": 1
              }
            }
          ]
        },
        {
          "over": 19,
          "deliveries": [
            {
              "batter": "R Powell",
              "bowler": "TG Southee",
              "non_striker": "SD Hope",
              "runs": {
                "batter": 0,
                "extras": 0,
                "total": 0
              },
              "wickets": [
                {
                  "player_out": "R Powell",
                  "fielders": [
                    {
                      "name": "Karim Janat"
                    }
                  ],
                  "kind": "caught"
                }
              ]
            },
            {
              "batter": "MD Shanaka",
              "bowler": "TG Southee",
              "non_striker": "SD Hope",
              "runs": {
                "batter": 4,
                "extras": 0,
                "total": 4
              }
            },
            {
              "batter": "MD Shanaka",
              "bowler": "TG Southee",
              "non_striker": "SD Hope",
              "runs": {
                "batter": 0,
                "extras": 0,
                "total": 0
              },
              "wickets": [
                {
                  "player_out": "MD Shanaka",
                  "fielders": [
                    {
                      "name": "AU Rashid"
                    }
                  ],
                  "kind": "caught"
                }
              ]
            },
            {
              "batter": "Gulbadin Naib",
              "bowler": "TG Southee",
              "non_striker": "SD Hope",
              "runs": {
                "batter": 4,
                "extras": 0,
                "total": 4
              }
            },
            {
              "batter": "Gulbadin Naib",
              "bowler": "TG Southee",
              "non_striker": "SD Hope",
              "runs": {
                "batter": 2,
                "extras": 0,
                "total": 2
              }
            },
            {
              "batter": "Gulbadin Naib",
              "bowler": "TG Southee",
              "non_striker": "SD Hope",
              "runs": {
                "batter": 0,
                "extras": 0,
                "total": 0
              }
            }
          ]
        }
      ],
      "powerplays": [
        {
          "from": 0.1,
          "to": 5.6,
          "type": "mandatory"
        }
      ]
    },
    {
      "team": "Sharjah Warriorz",
      "overs": [
        {
          "over": 0,
          "deliveries": [
            {
              "batter": "JJ Roy",
              "bowler": "Haider Ali",
              "non_striker": "J Charles",
              "replacements": {
                "match": [
                  {
                    "in": "OC McCoy",
                    "out": "SD Hope",
                    "team": "Dubai Capitals",
                    "reason": "impact_player"
                  }
                ]
              },
              "runs": {
                "batter": 1,
                "extras": 0,
                "total": 1
              }
            },
            {
              "batter": "J Charles",
              "bowler": "Haider Ali",
              "non_striker": "JJ Roy",
              "runs": {
                "batter": 1,
                "extras": 0,
                "total": 1
              }
            },
            {
              "batter": "JJ Roy",
              "bowler": "Haider Ali",
              "non_striker": "J Charles",
              "runs": {
                "batter": 1,
                "extras": 0,
                "total": 1
              }
            },
            {
              "batter": "J Charles",
              "bowler": "Haider Ali",
              "non_striker": "JJ Roy",
              "runs": {
                "batter": 4,
                "extras": 0,
                "total": 4
              }
            },
            {
              "batter": "J Charles",
              "bowler": "Haider Ali",
              "non_striker": "JJ Roy",
              "runs": {
                "batter": 1,
                "extras": 0,
                "total": 1
              }
            },
            {
              "batter": "JJ Roy",
              "bowler": "Haider Ali",
              "non_striker": "J Charles",
              "runs": {
                "batter": 1,
                "extras": 0,
                "total": 1
              }
            }
          ]
        },
        {
          "over": 1,
          "deliveries": [
            {
              "batter": "JJ Roy",
              "bowler": "OC McCoy",
              "non_striker": "J Charles",
              "runs": {
                "batter": 0,
                "extras": 0,
                "total": 0
              }
            },
            {
              "batter": "JJ Roy",
              "bowler": "OC McCoy",
              "non_striker": "J Charles",
              "runs": {
                "batter": 0,
                "extras": 0,
                "total": 0
              }
            },
            {
              "batter": "JJ Roy",
              "bowler": "OC McCoy",
              "non_striker": "J Charles",
              "runs": {
                "batter": 1,
                "extras": 0,
                "total": 1
              }
            },
            {
              "batter": "J Charles",
              "bowler": "OC McCoy",
              "non_striker": "JJ Roy",
              "runs": {
                "batter": 0,
                "extras": 0,
                "total": 0
              }
            },
            {
              "batter": "J Charles",
              "bowler": "OC McCoy",
              "non_striker": "JJ Roy",
              "runs": {
                "batter": 1,
                "extras": 0,
                "total": 1
              }
            },
            {
              "batter": "JJ Roy",
              "bowler": "OC McCoy",
              "non_striker": "J Charles",
              "runs": {
                "batter": 2,
                "extras": 0,
                "total": 2
              }
            }
          ]
        },
        {
          "over": 2,
          "deliveries": [
            {
              "batter": "J Charles",
              "bowler": "OP Stone",
              "non_striker": "JJ Roy",
              "runs": {
                "batter": 6,
                "extras": 0,
                "total": 6
              }
            },
            {
              "batter": "J Charles",
              "bowler": "OP Stone",
              "extras": {
                "legbyes": 1
              },
              "non_striker": "JJ Roy",
              "runs": {
                "batter": 0,
                "extras": 1,
                "total": 1
              }
            },
            {
              "batter": "JJ Roy",
              "bowler": "OP Stone",
              "non_striker": "J Charles",
              "runs": {
                "batter": 1,
                "extras": 0,
                "total": 1
              }
            },
            {
              "batter": "J Charles",
              "bowler": "OP Stone",
              "non_striker": "JJ Roy",
              "runs": {
                "batter": 6,
                "extras": 0,
                "total": 6
              }
            },
            {
              "batter": "J Charles",
              "bowler": "OP Stone",
              "non_striker": "JJ Roy",
              "runs": {
                "batter": 0,
                "extras": 0,
                "total": 0
              }
            },
            {
              "batter": "J Charles",
              "bowler": "OP Stone",
              "non_striker": "JJ Roy",
              "runs": {
                "batter": 4,
                "extras": 0,
                "total": 4
              }
            }
          ]
        },
        {
          "over": 3,
          "deliveries": [
            {
              "batter": "JJ Roy",
              "bowler": "PVD Chameera",
              "non_striker": "J Charles",
              "runs": {
                "batter": 0,
                "extras": 0,
                "total": 0
              }
            },
            {
              "batter": "JJ Roy",
              "bowler": "PVD Chameera",
              "non_striker": "J Charles",
              "runs": {
                "batter": 1,
                "extras": 0,
                "total": 1
              }
            },
            {
              "batter": "J Charles",
              "bowler": "PVD Chameera",
              "extras": {
                "noballs": 1
              },
              "non_striker": "JJ Roy",
              "runs": {
                "batter": 2,
                "extras": 1,
                "total": 3
              }
            },
            {
              "batter": "J Charles",
              "bowler": "PVD Chameera",
              "non_striker": "JJ Roy",
              "runs": {
                "batter": 0,
                "extras": 0,
                "total": 0
              }
            },
            {
              "batter": "J Charles",
              "bowler": "PVD Chameera",
              "non_striker": "JJ Roy",
              "runs": {
                "batter": 0,
                "extras": 0,
                "total": 0
              }
            },
            {
              "batter": "J Charles",
              "bowler": "PVD Chameera",
              "non_striker": "JJ Roy",
              "runs": {
                "batter": 6,
                "extras": 0,
                "total": 6
              }
            },
            {
              "batter": "J Charles",
              "bowler": "PVD Chameera",
              "non_striker": "JJ Roy",
              "runs": {
                "batter": 1,
                "extras": 0,
                "total": 1
              }
            }
          ]
        },
        {
          "over": 4,
          "deliveries": [
            {
              "batter": "J Charles",
              "bowler": "OC McCoy",
              "non_striker": "JJ Roy",
              "runs": {
                "batter": 0,
                "extras": 0,
                "total": 0
              }
            },
            {
              "batter": "J Charles",
              "bowler": "OC McCoy",
              "non_striker": "JJ Roy",
              "runs": {
                "batter": 1,
                "extras": 0,
                "total": 1
              }
            },
            {
              "batter": "JJ Roy",
              "bowler": "OC McCoy",
              "non_striker": "J Charles",
              "runs": {
                "batter": 0,
                "extras": 0,
                "total": 0
              }
            },
            {
              "batter": "JJ Roy",
              "bowler": "OC McCoy",
              "non_striker": "J Charles",
              "runs": {
                "batter": 4,
                "extras": 0,
                "total": 4
              }
            },
            {
              "batter": "JJ Roy",
              "bowler": "OC McCoy",
              "non_striker": "J Charles",
              "runs": {
                "batter": 4,
                "extras": 0,
                "total": 4
              }
            },
            {
              "batter": "JJ Roy",
              "bowler": "OC McCoy",
              "extras": {
                "wides": 1
              },
              "non_striker": "J Charles",
              "runs": {
                "batter": 0,
                "extras": 1,
                "total": 1
              }
            },
            {
              "batter": "JJ Roy",
              "bowler": "OC McCoy",
              "non_striker": "J Charles",
              "runs": {
                "batter": 0,
                "extras": 0,
                "total": 0
              }
            }
          ]
        },
        {
          "over": 5,
          "deliveries": [
            {
              "batter": "J Charles",
              "bowler": "OP Stone",
              "non_striker": "JJ Roy",
              "runs": {
                "batter": 4,
                "extras": 0,
                "total": 4
              }
            },
            {
              "batter": "J Charles",
              "bowler": "OP Stone",
              "non_striker": "JJ Roy",
              "runs": {
                "batter": 0,
                "extras": 0,
                "total": 0
              },
              "wickets": [
                {
                  "player_out": "J Charles",
                  "fielders": [
                    {
                      "name": "Gulbadin Naib"
                    }
                  ],
                  "kind": "caught"
                }
              ]
            },
            {
              "batter": "WIA Fernando",
              "bowler": "OP Stone",
              "non_striker": "JJ Roy",
              "runs": {
                "batter": 1,
                "extras": 0,
                "total": 1
              }
            },
            {
              "batter": "JJ Roy",
              "bowler": "OP Stone",
              "non_striker": "WIA Fernando",
              "review": {
                "by": "Sharjah Warriorz",
                "umpire": "Aasif Iqbal",
                "batter": "JJ Roy",
                "decision": "upheld",
                "type": "wicket"
              },
              "runs": {
                "batter": 0,
                "extras": 0,
                "total": 0
              }
            },
            {
              "batter": "JJ Roy",
              "bowler": "OP Stone",
              "non_striker": "WIA Fernando",
              "runs": {
                "batter": 1,
                "extras": 0,
                "total": 1
              }
            },
            {
              "batter": "WIA Fernando",
              "bowler": "OP Stone",
              "non_striker": "JJ Roy",
              "runs": {
                "batter": 6,
                "extras": 0,
                "total": 6
              }
            }
          ]
        },
        {
          "over": 6,
          "deliveries": [
            {
              "batter": "JJ Roy",
              "bowler": "Haider Ali",
              "non_striker": "WIA Fernando",
              "runs": {
                "batter": 1,
                "extras": 0,
                "total": 1
              }
            },
            {
              "batter": "WIA Fernando",
              "bowler": "Haider Ali",
              "non_striker": "JJ Roy",
              "runs": {
                "batter": 1,
                "extras": 0,
                "total": 1
              }
            },
            {
              "batter": "JJ Roy",
              "bowler": "Haider Ali",
              "non_striker": "WIA Fernando",
              "review": {
                "by": "Dubai Capitals",
                "umpire": "AT Holdstock",
                "batter": "JJ Roy",
                "decision": "struck down",
                "type": "wicket",
                "umpires_call": true
              },
              "runs": {
                "batter": 0,
                "extras": 0,
                "total": 0
              }
            },
            {
              "batter": "JJ Roy",
              "bowler": "Haider Ali",
              "non_striker": "WIA Fernando",
              "runs": {
                "batter": 1,
                "extras": 0,
                "total": 1
              }
            },
            {
              "batter": "WIA Fernando",
              "bowler": "Haider Ali",
              "non_striker": "JJ Roy",
              "runs": {
                "batter": 1,
                "extras": 0,
                "total": 1
              }
            },
            {
              "batter": "JJ Roy",
              "bowler": "Haider Ali",
              "non_striker": "WIA Fernando",
              "runs": {
                "batter": 1,
                "extras": 0,
                "total": 1
              }
            }
          ]
        },
        {
          "over": 7,
          "deliveries": [
            {
              "batter": "JJ Roy",
              "bowler": "PVD Chameera",
              "non_striker": "WIA Fernando",
              "runs": {
                "batter": 0,
                "extras": 0,
                "total": 0
              }
            },
            {
              "batter": "JJ Roy",
              "bowler": "PVD Chameera",
              "non_striker": "WIA Fernando",
              "runs": {
                "batter": 0,
                "extras": 0,
                "total": 0
              }
            },
            {
              "batter": "JJ Roy",
              "bowler": "PVD Chameera",
              "non_striker": "WIA Fernando",
              "runs": {
                "batter": 6,
                "extras": 0,
                "total": 6
              }
            },
            {
              "batter": "JJ Roy",
              "bowler": "PVD Chameera",
              "non_striker": "WIA Fernando",
              "runs": {
                "batter": 0,
                "extras": 0,
                "total": 0
              },
              "wickets": [
                {
                  "player_out": "JJ Roy",
                  "fielders": [
                    {
                      "name": "OP Stone"
                    }
                  ],
                  "kind": "caught"
                }
              ]
            },
            {
              "batter": "Rohan Mustafa",
              "bowler": "PVD Chameera",
              "non_striker": "WIA Fernando",
              "runs": {
                "batter": 4,
                "extras": 0,
                "total": 4
              }
            },
            {
              "batter": "Rohan Mustafa",
              "bowler": "PVD Chameera",
              "non_striker": "WIA Fernando",
              "runs": {
                "batter": 0,
                "extras": 0,
                "total": 0
              }
            }
          ]
        },
        {
          "over": 8,
          "deliveries": [
            {
              "batter": "WIA Fernando",
              "bowler": "Gulbadin Naib",
              "non_striker": "Rohan Mustafa",
              "runs": {
                "batter": 1,
                "extras": 0,
                "total": 1
              }
            },
            {
              "batter": "Rohan Mustafa",
              "bowler": "Gulbadin Naib",
              "non_striker": "WIA Fernando",
              "runs": {
                "batter": 0,
                "extras": 0,
                "total": 0
              }
            },
            {
              "batter": "Rohan Mustafa",
              "bowler": "Gulbadin Naib",
              "non_striker": "WIA Fernando",
              "runs": {
                "batter": 1,
                "extras": 0,
                "total": 1
              }
            },
            {
              "batter": "WIA Fernando",
              "bowler": "Gulbadin Naib",
              "non_striker": "Rohan Mustafa",
              "runs": {
                "batter": 6,
                "extras": 0,
                "total": 6
              }
            },
            {
              "batter": "WIA Fernando",
              "bowler": "Gulbadin Naib",
              "non_striker": "Rohan Mustafa",
              "runs": {
                "batter": 4,
                "extras": 0,
                "total": 4
              }
            },
            {
              "batter": "WIA Fernando",
              "bowler": "Gulbadin Naib",
              "non_striker": "Rohan Mustafa",
              "runs": {
                "batter": 4,
                "extras": 0,
                "total": 4
              }
            }
          ]
        },
        {
          "over": 9,
          "deliveries": [
            {
              "batter": "Rohan Mustafa",
              "bowler": "Sikandar Raza",
              "non_striker": "WIA Fernando",
              "runs": {
                "batter": 1,
                "extras": 0,
                "total": 1
              }
            },
            {
              "batter": "WIA Fernando",
              "bowler": "Sikandar Raza",
              "extras": {
                "wides": 1
              },
              "non_striker": "Rohan Mustafa",
              "runs": {
                "batter": 0,
                "extras": 1,
                "total": 1
              }
            },
            {
              "batter": "WIA Fernando",
              "bowler": "Sikandar Raza",
              "non_striker": "Rohan Mustafa",
              "runs": {
                "batter": 4,
                "extras": 0,
                "total": 4
              }
            },
            {
              "batter": "WIA Fernando",
              "bowler": "Sikandar Raza",
              "extras": {
                "legbyes": 1
              },
              "non_striker": "Rohan Mustafa",
              "runs": {
                "batter": 0,
                "extras": 1,
                "total": 1
              }
            },
            {
              "batter": "Rohan Mustafa",
              "bowler": "Sikandar Raza",
              "non_striker": "WIA Fernando",
              "runs": {
                "batter": 0,
                "extras": 0,
                "total": 0
              }
            },
            {
              "batter": "Rohan Mustafa",
              "bowler": "Sikandar Raza",
              "non_striker": "WIA Fernando",
              "runs": {
                "batter": 1,
                "extras": 0,
                "total": 1
              }
            },
            {
              "batter": "WIA Fernando",
              "bowler": "Sikandar Raza",
              "non_striker": "Rohan Mustafa",
              "runs": {
                "batter": 4,
                "extras": 0,
                "total": 4
              }
            }
          ]
        },
        {
          "over": 10,
          "deliveries": [
            {
              "batter": "Rohan Mustafa",
              "bowler": "Akif Raja",
              "non_striker": "WIA Fernando",
              "runs": {
                "batter": 0,
                "extras": 0,
                "total": 0
              }
            },
            {
              "batter": "Rohan Mustafa",
              "bowler": "Akif Raja",
              "non_striker": "WIA Fernando",
              "runs": {
                "batter": 4,
                "extras": 0,
                "total": 4
              }
            },
            {
              "batter": "Rohan Mustafa",
              "bowler": "Akif Raja",
              "non_striker": "WIA Fernando",
              "runs": {
                "batter": 4,
                "extras": 0,
                "total": 4
              }
            },
            {
              "batter": "Rohan Mustafa",
              "bowler": "Akif Raja",
              "non_striker": "WIA Fernando",
              "runs": {
                "batter": 1,
                "extras": 0,
                "total": 1
              }
            },
            {
              "batter": "WIA Fernando",
              "bowler": "Akif Raja",
              "non_striker": "Rohan Mustafa",
              "runs": {
                "batter": 4,
                "extras": 0,
                "total": 4
              }
            },
            {
              "batter": "WIA Fernando",
              "bowler": "Akif Raja",
              "extras": {
                "wides": 1
              },
              "non_striker": "Rohan Mustafa",
              "runs": {
                "batter": 0,
                "extras": 1,
                "total": 1
              }
            },
            {
              "batter": "WIA Fernando",
              "bowler": "Akif Raja",
              "non_striker": "Rohan Mustafa",
              "runs": {
                "batter": 4,
                "extras": 0,
                "total": 4
              }
            }
          ]
        },
        {
          "over": 11,
          "deliveries": [
            {
              "batter": "Rohan Mustafa",
              "bowler": "OC McCoy",
              "non_striker": "WIA Fernando",
              "runs": {
                "batter": 0,
                "extras": 0,
                "total": 0
              }
            },
            {
              "batter": "Rohan Mustafa",
              "bowler": "OC McCoy",
              "non_striker": "WIA Fernando",
              "runs": {
                "batter": 0,
                "extras": 0,
                "total": 0
              }
            },
            {
              "batter": "Rohan Mustafa",
              "bowler": "OC McCoy",
              "non_striker": "WIA Fernando",
              "runs": {
                "batter": 0,
                "extras": 0,
                "total": 0
              }
            },
            {
              "batter": "Rohan Mustafa",
              "bowler": "OC McCoy",
              "non_striker": "WIA Fernando",
              "runs": {
                "batter": 1,
                "extras": 0,
                "total": 1
              }
            },
            {
              "batter": "WIA Fernando",
              "bowler": "OC McCoy",
              "non_striker": "Rohan Mustafa",
              "runs": {
                "batter": 6,
                "extras": 0,
                "total": 6
              }
            },
            {
              "batter": "WIA Fernando",
              "bowler": "OC McCoy",
              "non_striker": "Rohan Mustafa",
              "runs": {
                "batter": 0,
                "extras": 0,
                "total": 0
              }
            }
          ]
        },
        {
          "over": 12,
          "deliveries": [
            {
              "batter": "Rohan Mustafa",
              "bowler": "PVD Chameera",
              "non_striker": "WIA Fernando",
              "runs": {
                "batter": 0,
                "extras": 0,
                "total": 0
              },
              "wickets": [
                {
                  "player_out": "Rohan Mustafa",
                  "fielders": [
                    {
                      "name": "MD Shanaka"
                    }
                  ],
                  "kind": "caught"
                }
              ]
            },
            {
              "batter": "LWP Wells",
              "bowler": "PVD Chameera",
              "non_striker": "WIA Fernando",
              "runs": {
                "batter": 0,
                "extras": 0,
                "total": 0
              }
            },
            {
              "batter": "LWP Wells",
              "bowler": "PVD Chameera",
              "non_striker": "WIA Fernando",
              "runs": {
                "batter": 1,
                "extras": 0,
                "total": 1
              }
            },
            {
              "batter": "WIA Fernando",
              "bowler": "PVD Chameera",
              "non_striker": "LWP Wells",
              "runs": {
                "batter": 6,
                "extras": 0,
                "total": 6
              }
            },
            {
              "batter": "WIA Fernando",
              "bowler": "PVD Chameera",
              "non_striker": "LWP Wells",
              "runs": {
                "batter": 0,
                "extras": 0,
                "total": 0
              }
            },
            {
              "batter": "WIA Fernando",
              "bowler": "PVD Chameera",
              "non_striker": "LWP Wells",
              "runs": {
                "batter": 0,
                "extras": 0,
                "total": 0
              }
            }
          ]
        },
        {
          "over": 13,
          "deliveries": [
            {
              "batter": "LWP Wells",
              "bowler": "OP Stone",
              "non_striker": "WIA Fernando",
              "runs": {
                "batter": 2,
                "extras": 0,
                "total": 2
              }
            },
            {
              "batter": "LWP Wells",
              "bowler": "OP Stone",
              "non_striker": "WIA Fernando",
              "runs": {
                "batter": 0,
                "extras": 0,
                "total": 0
              }
            },
            {
              "batter": "LWP Wells",
              "bowler": "OP Stone",
              "non_striker": "WIA Fernando",
              "runs": {
                "batter": 0,
                "extras": 0,
                "total": 0
              }
            },
            {
              "batter": "LWP Wells",
              "bowler": "OP Stone",
              "non_striker": "WIA Fernando",
              "runs": {
                "batter": 4,
                "extras": 0,
                "total": 4
              }
            },
            {
              "batter": "LWP Wells",
              "bowler": "OP Stone",
              "non_striker": "WIA Fernando",
              "runs": {
                "batter": 1,
                "extras": 0,
                "total": 1
              }
            },
            {
              "batter": "WIA Fernando",
              "bowler": "OP Stone",
              "non_striker": "LWP Wells",
              "runs": {
                "batter": 1,
                "extras": 0,
                "total": 1
              }
            }
          ]
        },
        {
          "over": 14,
          "deliveries": [
            {
              "batter": "WIA Fernando",
              "bowler": "Gulbadin Naib",
              "extras": {
                "noballs": 1
              },
              "non_striker": "LWP Wells",
              "runs": {
                "batter": 6,
                "extras": 1,
                "total": 7
              }
            },
            {
              "batter": "WIA Fernando",
              "bowler": "Gulbadin Naib",
              "non_striker": "LWP Wells",
              "runs": {
                "batter": 6,
                "extras": 0,
                "total": 6
              }
            },
            {
              "batter": "WIA Fernando",
              "bowler": "Gulbadin Naib",
              "non_striker": "LWP Wells",
              "runs": {
                "batter": 6,
                "extras": 0,
                "total": 6
              }
            },
            {
              "batter": "WIA Fernando",
              "bowler": "Gulbadin Naib",
              "non_striker": "LWP Wells",
              "runs": {
                "batter": 1,
                "extras": 0,
                "total": 1
              }
            },
            {
              "batter": "LWP Wells",
              "bowler": "Gulbadin Naib",
              "non_striker": "WIA Fernando",
              "runs": {
                "batter": 4,
                "extras": 0,
                "total": 4
              }
            },
            {
              "batter": "LWP Wells",
              "bowler": "Gulbadin Naib",
              "non_striker": "WIA Fernando",
              "runs": {
                "batter": 1,
                "extras": 0,
                "total": 1
              }
            },
            {
              "batter": "WIA Fernando",
              "bowler": "Gulbadin Naib",
              "extras": {
                "wides": 1
              },
              "non_striker": "LWP Wells",
              "runs": {
                "batter": 0,
                "extras": 1,
                "total": 1
              }
            },
            {
              "batter": "WIA Fernando",
              "bowler": "Gulbadin Naib",
              "non_striker": "LWP Wells",
              "runs": {
                "batter": 1,
                "extras": 0,
                "total": 1
              }
            }
          ]
        },
        {
          "over": 15,
          "deliveries": [
            {
              "batter": "WIA Fernando",
              "bowler": "OC McCoy",
              "non_striker": "LWP Wells",
              "runs": {
                "batter": 2,
                "extras": 0,
                "total": 2
              }
            },
            {
              "batter": "WIA Fernando",
              "bowler": "OC McCoy",
              "non_striker": "LWP Wells",
              "runs": {
                "batter": 6,
                "extras": 0,
                "total": 6
              }
            },
            {
              "batter": "WIA Fernando",
              "bowler": "OC McCoy",
              "non_striker": "LWP Wells",
              "runs": {
                "batter": 0,
                "extras": 0,
                "total": 0
              },
              "wickets": [
                {
                  "player_out": "WIA Fernando",
                  "fielders": [
                    {
                      "name": "BR Dunk"
                    }
                  ],
                  "kind": "caught"
                }
              ]
            },
            {
              "batter": "Karim Janat",
              "bowler": "OC McCoy",
              "non_striker": "LWP Wells",
              "runs": {
                "batter": 1,
                "extras": 0,
                "total": 1
              }
            },
            {
              "batter": "LWP Wells",
              "bowler": "OC McCoy",
              "non_striker": "Karim Janat",
              "runs": {
                "batter": 0,
                "extras": 0,
                "total": 0
              }
            },
            {
              "batter": "LWP Wells",
              "bowler": "OC McCoy",
              "non_striker": "Karim Janat",
              "runs": {
                "batter": 0,
                "extras": 0,
                "total": 0
              }
            }
          ]
        },
        {
          "over": 16,
          "deliveries": [
            {
              "batter": "Karim Janat",
              "bowler": "PVD Chameera",
              "non_striker": "LWP Wells",
              "runs": {
                "batter": 0,
                "extras": 0,
                "total": 0
              }
            },
            {
              "batter": "Karim Janat",
              "bowler": "PVD Chameera",
              "non_striker": "LWP Wells",
              "runs": {
                "batter": 0,
                "extras": 0,
                "total": 0
              }
            },
            {
              "batter": "Karim Janat",
              "bowler": "PVD Chameera",
              "non_striker": "LWP Wells",
              "runs": {
                "batter": 0,
                "extras": 0,
                "total": 0
              },
              "wickets": [
                {
                  "player_out": "Karim Janat",
                  "fielders": [
                    {
                      "name": "OC McCoy"
                    }
                  ],
                  "kind": "caught"
                }
              ]
            },
            {
              "batter": "KMA Paul",
              "bowler": "PVD Chameera",
              "non_striker": "LWP Wells",
              "runs": {
                "batter": 1,
                "extras": 0,
                "total": 1
              }
            },
            {
              "batter": "LWP Wells",
              "bowler": "PVD Chameera",
              "non_striker": "KMA Paul",
              "runs": {
                "batter": 1,
                "extras": 0,
                "total": 1
              }
            },
            {
              "batter": "KMA Paul",
              "bowler": "PVD Chameera",
              "non_striker": "LWP Wells",
              "runs": {
                "batter": 0,
                "extras": 0,
                "total": 0
              }
            }
          ]
        },
        {
          "over": 17,
          "deliveries": [
            {
              "batter": "LWP Wells",
              "bowler": "OP Stone",
              "non_striker": "KMA Paul",
              "runs": {
                "batter": 4,
                "extras": 0,
                "total": 4
              }
            },
            {
              "batter": "LWP Wells",
              "bowler": "OP Stone",
              "non_striker": "KMA Paul",
              "runs": {
                "batter": 4,
                "extras": 0,
                "total": 4
              }
            },
            {
              "batter": "LWP Wells",
              "bowler": "OP Stone",
              "non_striker": "KMA Paul",
              "runs": {
                "batter": 4,
                "extras": 0,
                "total": 4
              }
            },
            {
              "batter": "LWP Wells",
              "bowler": "OP Stone",
              "non_striker": "KMA Paul",
              "runs": {
                "batter": 1,
                "extras": 0,
                "total": 1
              }
            },
            {
              "batter": "KMA Paul",
              "bowler": "OP Stone",
              "non_striker": "LWP Wells",
              "runs": {
                "batter": 0,
                "extras": 0,
                "total": 0
              }
            },
            {
              "batter": "KMA Paul",
              "bowler": "OP Stone",
              "non_striker": "LWP Wells",
              "runs": {
                "batter": 0,
                "extras": 0,
                "total": 0
              }
            }
          ]
        },
        {
          "over": 18,
          "deliveries": [
            {
              "batter": "LWP Wells",
              "bowler": "Gulbadin Naib",
              "non_striker": "KMA Paul",
              "runs": {
                "batter": 4,
                "extras": 0,
                "total": 4
              }
            }
          ]
        }
      ],
      "powerplays": [
        {
          "from": 0.1,
          "to": 5.6,
          "type": "mandatory"
        }
      ],
      "target": {
        "overs": 20,
        "runs": 202
      }
    }
  ]
}