{
  "meta": {
    "data_version": "1.1.0",
    "created": "2025-01-26",
    "revision": 1
  },
  "info": {
    "balls_per_over": 6,
    "city": "Abu Dhabi",
    "dates": [
      "2025-01-26"
    ],
    "event": {
      "name": "International League T20",
      "match_number": 20
    },
    "gender": "male",
    "match_type": "T20",
    "officials": {
      "match_referees": [
        "SJA Taufel"
      ],
      "reserve_umpires": [
        "AG Wharf"
      ],
      "tv_umpires": [
        "LS Reifer"
      ],
      "umpires": [
        "RSA Palliyaguruge",
        "Shiju Sam"
      ]
    },
    "outcome": {
      "winner": "Dubai Capitals",
      "by": {
        "wickets": 8
      }
    },
    "overs": 20,
    "player_of_match": [
      "Gulbadin Naib"
    ],
    "players": {
      "Abu Dhabi Knight Riders": [
        "Ali Khan",
        "KR Mayers",
        "AGS Gous",
        "MS Pepper",
        "KIC Asalanka",
        "A Sharafu",
        "AD Russell",
        "JO Holder",
        "RL Chase",
        "SP Narine",
        "DJ Willey",
        "Ibrar Ahmad"
      ],
      "Dubai Capitals": [
        "Zahir Khan",
        "AM Rossington",
        "SD Hope",
        "Gulbadin Naib",
        "MD Shanaka",
        "Khalid Shah",
        "Sikandar Raza",
        "SC Kuggeleijn",
        "R Powell",
        "Haider Ali",
        "OC McCoy",
        "PVD Chameera"
      ]
    },
    "registry": {
      "people": {
        "A Sharafu": "06cad4f0",
        "AD Russell": "bbd41817",
        "AG Wharf": "2e0fcc58",
        "AGS Gous": "d1305df0",
        "AM Rossington": "7bcde3fe",
        "Ali Khan": "b0eaaac6",
        "DJ Willey": "7f048519",
        "Gulbadin Naib": "9f77963a",
        "Haider Ali": "dd572696",
        "Ibrar Ahmad": "aa47439d",
        "JO Holder": "0f721006",
        "KIC Asalanka": "732c038e",
        "KR Mayers": "73c18486",
        "Khalid Shah": "9e432a38",
        "LS Reifer": "5dee559a",
        "MD Shanaka": "3ff033bb",
        "MS Pepper": "270e4c23",
        "OC McCoy": "529eb9e0",
        "PVD Chameera": "327b58d3",
        "R Powell": "650d5e49",
        "RL Chase": "3feda4fa",
        "RSA Palliyaguruge": "4339c19d",
        "SC Kuggeleijn": "fef92afc",
        "SD Hope": "1fc6ef83",
        "SJA Taufel": "4b43d5ac",
        "SP Narine": "9d430b40",
        "Shiju Sam": "1e2f3eae",
        "Sikandar Raza": "26d041c4",
        "Zahir Khan": "786b7fe8"
      }
    },
    "season": "2024/25",
    "team_type": "club",
    "teams": [
      "Abu Dhabi Knight Riders",
      "Dubai Capitals"
    ],
    "toss": {
      "decision": "field",
      "winner": "Dubai Capitals"
    },
    "venue": "Zayed Cricket Stadium, Abu Dhabi"
  },
  "innings": [
    {
      "team": "Abu Dhabi Knight Riders",
      "overs": [
        {
          "over": 0,
          "deliveries": [
            {
              "batter": "KR Mayers",
              "bowler": "Haider Ali",
              "non_striker": "AGS Gous",
              "runs": {
                "batter": 4,
                "extras": 0,
                "total": 4
              }
            },
            {
              "batter": "KR Mayers",
              "bowler": "Haider Ali",
              "non_striker": "AGS Gous",
              "runs": {
                "batter": 0,
                "extras": 0,
                "total": 0
              }
            },
            {
              "batter": "KR Mayers",
              "bowler": "Haider Ali",
              "non_striker": "AGS Gous",
              "runs": {
                "batter": 1,
                "extras": 0,
                "total": 1
              }
            },
            {
              "batter": "AGS Gous",
              "bowler": "Haider Ali",
              "non_striker": "KR Mayers",
              "runs": {
                "batter": 0,
                "extras": 0,
                "total": 0
              }
            },
            {
              "batter": "AGS Gous",
              "bowler": "Haider Ali",
              "non_striker": "KR Mayers",
              "runs": {
                "batter": 1,
                "extras": 0,
                "total": 1
              }
            },
            {
              "batter": "KR Mayers",
              "bowler": "Haider Ali",
              "non_striker": "AGS Gous",
              "runs": {
                "batter": 0,
                "extras": 0,
                "total": 0
              }
            }
          ]
        },
        {
          "over": 1,
          "deliveries": [
            {
              "batter": "AGS Gous",
              "bowler": "PVD Chameera",
              "non_striker": "KR Mayers",
              "runs": {
                "batter": 4,
                "extras": 0,
                "total": 4
              }
            },
            {
              "batter": "AGS Gous",
              "bowler": "PVD Chameera",
              "non_striker": "KR Mayers",
              "runs": {
                "batter": 4,
                "extras": 0,
                "total": 4
              }
            },
            {
              "batter": "AGS Gous",
              "bowler": "PVD Chameera",
              "non_striker": "KR Mayers",
              "runs": {
                "batter": 1,
                "extras": 0,
                "total": 1
              }
            },
            {
              "batter": "KR Mayers",
              "bowler": "PVD Chameera",
              "non_striker": "AGS Gous",
              "runs": {
                "batter": 1,
                "extras": 0,
                "total": 1
              }
            },
            {
              "batter": "AGS Gous",
              "bowler": "PVD Chameera",
              "non_striker": "KR Mayers",
              "runs": {
                "batter": 4,
                "extras": 0,
                "total": 4
              }
            },
            {
              "batter": "AGS Gous",
              "bowler": "PVD Chameera",
              "non_striker": "KR Mayers",
              "runs": {
                "batter": 0,
                "extras": 0,
                "total": 0
              }
            }
          ]
        },
        {
          "over": 2,
          "deliveries": [
            {
              "batter": "KR Mayers",
              "bowler": "SC Kuggeleijn",
              "non_striker": "AGS Gous",
              "runs": {
                "batter": 2,
                "extras": 0,
                "total": 2
              }
            },
            {
              "batter": "KR Mayers",
              "bowler": "SC Kuggeleijn",
              "non_striker": "AGS Gous",
              "runs": {
                "batter": 1,
                "extras": 0,
                "total": 1
              }
            },
            {
              "batter": "AGS Gous",
              "bowler": "SC Kuggeleijn",
              "non_striker": "KR Mayers",
              "runs": {
                "batter": 4,
                "extras": 0,
                "total": 4
              }
            },
            {
              "batter": "AGS Gous",
              "bowler": "SC Kuggeleijn",
              "non_striker": "KR Mayers",
              "runs": {
                "batter": 0,
                "extras": 0,
                "total": 0
              }
            },
            {
              "batter": "AGS Gous",
              "bowler": "SC Kuggeleijn",
              "non_striker": "KR Mayers",
              "runs": {
                "batter": 0,
                "extras": 0,
                "total": 0
              }
            },
            {
              "batter": "AGS Gous",
              "bowler": "SC Kuggeleijn",
              "non_striker": "KR Mayers",
              "runs": {
                "batter": 4,
                "extras": 0,
                "total": 4
              }
            }
          ]
        },
        {
          "over": 3,
          "deliveries": [
            {
              "batter": "KR Mayers",
              "bowler": "OC McCoy",
              "non_striker": "AGS Gous",
              "runs": {
                "batter": 0,
                "extras": 0,
                "total": 0
              }
            },
            {
              "batter": "KR Mayers",
              "bowler": "OC McCoy",
              "non_striker": "AGS Gous",
              "runs": {
                "batter": 0,
                "extras": 0,
                "total": 0
              }
            },
            {
              "batter": "KR Mayers",
              "bowler": "OC McCoy",
              "non_striker": "AGS Gous",
              "runs": {
                "batter": 6,
                "extras": 0,
                "total": 6
              }
            },
            {
              "batter": "KR Mayers",
              "bowler": "OC McCoy",
              "non_striker": "AGS Gous",
              "runs": {
                "batter": 4,
                "extras": 0,
                "total": 4
              }
            },
            {
              "batter": "KR Mayers",
              "bowler": "OC McCoy",
              "non_striker": "AGS Gous",
              "runs": {
                "batter": 1,
                "extras": 0,
                "total": 1
              }
            },
            {
              "batter": "AGS Gous",
              "bowler": "OC McCoy",
              "non_striker": "KR Mayers",
              "runs": {
                "batter": 0,
                "extras": 0,
                "total": 0
              }
            }
          ]
        },
        {
          "over": 4,
          "deliveries": [
            {
              "batter": "KR Mayers",
              "bowler": "PVD Chameera",
              "extras": {
                "noballs": 1
              },
              "non_striker": "AGS Gous",
              "runs": {
                "batter": 4,
                "extras": 1,
                "total": 5
              }
            },
            {
              "batter": "KR Mayers",
              "bowler": "PVD Chameera",
              "non_striker": "AGS Gous",
              "runs": {
                "batter": 6,
                "extras": 0,
                "total": 6
              }
            },
            {
              "batter": "KR Mayers",
              "bowler": "PVD Chameera",
              "non_striker": "AGS Gous",
              "runs": {
                "batter": 4,
                "extras": 0,
                "total": 4
              }
            },
            {
              "batter": "KR Mayers",
              "bowler": "PVD Chameera",
              "non_striker": "AGS Gous",
              "runs": {
                "batter": 1,
                "extras": 0,
                "total": 1
              }
            },
            {
              "batter": "AGS Gous",
              "bowler": "PVD Chameera",
              "non_striker": "KR Mayers",
              "runs": {
                "batter": 0,
                "extras": 0,
                "total": 0
              }
            },
            {
              "batter": "AGS Gous",
              "bowler": "PVD Chameera",
              "non_striker": "KR Mayers",
              "runs": {
                "batter": 1,
                "extras": 0,
                "total": 1
              }
            },
            {
              "batter": "KR Mayers",
              "bowler": "PVD Chameera",
              "non_striker": "AGS Gous",
              "runs": {
                "batter": 0,
                "extras": 0,
                "total": 0
              }
            }
          ]
        },
        {
          "over": 5,
          "deliveries": [
            {
              "batter": "AGS Gous",
              "bowler": "OC McCoy",
              "non_striker": "KR Mayers",
              "runs": {
                "batter": 0,
                "extras": 0,
                "total": 0
              }
            },
            {
              "batter": "AGS Gous",
              "bowler": "OC McCoy",
              "non_striker": "KR Mayers",
              "runs": {
                "batter": 4,
                "extras": 0,
                "total": 4
              }
            },
            {
              "batter": "AGS Gous",
              "bowler": "OC McCoy",
              "non_striker": "KR Mayers",
              "runs": {
                "batter": 0,
                "extras": 0,
                "total": 0
              },
              "wickets": [
                {
                  "player_out": "AGS Gous",
                  "fielders": [
                    {
                      "name": "MD Shanaka"
                    }
                  ],
                  "kind": "caught"
                }
              ]
            },
            {
              "batter": "MS Pepper",
              "bowler": "OC McCoy",
              "non_striker": "KR Mayers",
              "runs": {
                "batter": 1,
                "extras": 0,
                "total": 1
              }
            },
            {
              "batter": "KR Mayers",
              "bowler": "OC McCoy",
              "non_striker": "MS Pepper",
              "runs": {
                "batter": 0,
                "extras": 0,
                "total": 0
              }
            },
            {
              "batter": "KR Mayers",
              "bowler": "OC McCoy",
              "extras": {
                "byes": 4
              },
              "non_striker": "MS Pepper",
              "runs": {
                "batter": 0,
                "extras": 4,
                "total": 4
              }
            }
          ]
        },
        {
          "over": 6,
          "deliveries": [
            {
              "batter": "MS Pepper",
              "bowler": "Sikandar Raza",
              "non_striker": "KR Mayers",
              "runs": {
                "batter": 1,
                "extras": 0,
                "total": 1
              }
            },
            {
              "batter": "KR Mayers",
              "bowler": "Sikandar Raza",
              "non_striker": "MS Pepper",
              "runs": {
                "batter": 0,
                "extras": 0,
                "total": 0
              }
            },
            {
              "batter": "KR Mayers",
              "bowler": "Sikandar Raza",
              "non_striker": "MS Pepper",
              "runs": {
                "batter": 0,
                "extras": 0,
                "total": 0
              },
              "wickets": [
                {
                  "player_out": "KR Mayers",
                  "fielders": [
                    {
                      "name": "SD Hope"
                    }
                  ],
                  "kind": "caught"
                }
              ]
            },
            {
              "batter": "KIC Asalanka",
              "bowler": "Sikandar Raza",
              "non_striker": "MS Pepper",
              "runs": {
                "batter": 1,
                "extras": 0,
                "total": 1
              }
            },
            {
              "batter": "MS Pepper",
              "bowler": "Sikandar Raza",
              "non_striker": "KIC Asalanka",
              "runs": {
                "batter": 1,
                "extras": 0,
                "total": 1
              }
            },
            {
              "batter": "KIC Asalanka",
              "bowler": "Sikandar Raza",
              "non_striker": "MS Pepper",
              "runs": {
                "batter": 0,
                "extras": 0,
                "total": 0
              }
            }
          ]
        },
        {
          "over": 7,
          "deliveries": [
            {
              "batter": "MS Pepper",
              "bowler": "Zahir Khan",
              "non_striker": "KIC Asalanka",
              "runs": {
                "batter": 1,
                "extras": 0,
                "total": 1
              }
            },
            {
              "batter": "KIC Asalanka",
              "bowler": "Zahir Khan",
              "non_striker": "MS Pepper",
              "runs": {
                "batter": 2,
                "extras": 0,
                "total": 2
              }
            },
            {
              "batter": "KIC Asalanka",
              "bowler": "Zahir Khan",
              "non_striker": "MS Pepper",
              "runs": {
                "batter": 1,
                "extras": 0,
                "total": 1
              }
            },
            {
              "batter": "MS Pepper",
              "bowler": "Zahir Khan",
              "non_striker": "KIC Asalanka",
              "runs": {
                "batter": 1,
                "extras": 0,
                "total": 1
              }
            },
            {
              "batter": "KIC Asalanka",
              "bowler": "Zahir Khan",
              "non_striker": "MS Pepper",
              "runs": {
                "batter": 1,
                "extras": 0,
                "total": 1
              }
            },
            {
              "batter": "MS Pepper",
              "bowler": "Zahir Khan",
              "non_striker": "KIC Asalanka",
              "runs": {
                "batter": 1,
                "extras": 0,
                "total": 1
              }
            }
          ]
        },
        {
          "over": 8,
          "deliveries": [
            {
              "batter": "MS Pepper",
              "bowler": "Sikandar Raza",
              "non_striker": "KIC Asalanka",
              "runs": {
                "batter": 4,
                "extras": 0,
                "total": 4
              }
            },
            {
              "batter": "MS Pepper",
              "bowler": "Sikandar Raza",
              "non_striker": "KIC Asalanka",
              "runs": {
                "batter": 0,
                "extras": 0,
                "total": 0
              },
              "wickets": [
                {
                  "player_out": "MS Pepper",
                  "fielders": [
                    {
                      "name": "SD Hope"
                    }
                  ],
                  "kind": "caught"
                }
              ]
            },
            {
              "batter": "A Sharafu",
              "bowler": "Sikandar Raza",
              "non_striker": "KIC Asalanka",
              "runs": {
                "batter": 1,
                "extras": 0,
                "total": 1
              }
            },
            {
              "batter": "KIC Asalanka",
              "bowler": "Sikandar Raza",
              "non_striker": "A Sharafu",
              "runs": {
                "batter": 4,
                "extras": 0,
                "total": 4
              }
            },
            {
              "batter": "KIC Asalanka",
              "bowler": "Sikandar Raza",
              "non_striker": "A Sharafu",
              "runs": {
                "batter": 1,
                "extras": 0,
                "total": 1
              }
            },
            {
              "batter": "A Sharafu",
              "bowler": "Sikandar Raza",
              "non_striker": "KIC Asalanka",
              "runs": {
                "batter": 0,
                "extras": 0,
                "total": 0
              }
            }
          ]
        },
        {
          "over": 9,
          "deliveries": [
            {
              "batter": "KIC Asalanka",
              "bowler": "Zahir Khan",
              "non_striker": "A Sharafu",
              "runs": {
                "batter": 1,
                "extras": 0,
                "total": 1
              }
            },
            {
              "batter": "A Sharafu",
              "bowler": "Zahir Khan",
              "non_striker": "KIC Asalanka",
              "runs": {
                "batter": 1,
                "extras": 0,
                "total": 1
              }
            },
            {
              "batter": "KIC Asalanka",
              "bowler": "Zahir Khan",
              "non_striker": "A Sharafu",
              "runs": {
                "batter": 6,
                "extras": 0,
                "total": 6
              }
            },
            {
              "batter": "KIC Asalanka",
              "bowler": "Zahir Khan",
              "non_striker": "A Sharafu",
              "runs": {
                "batter": 1,
                "extras": 0,
                "total": 1
              }
            },
            {
              "batter": "A Sharafu",
              "bowler": "Zahir Khan",
              "non_striker": "KIC Asalanka",
              "runs": {
                "batter": 1,
                "extras": 0,
                "total": 1
              }
            },
            {
              "batter": "KIC Asalanka",
              "bowler": "Zahir Khan",
              "non_striker": "A Sharafu",
              "runs": {
                "batter": 1,
                "extras": 0,
                "total": 1
              }
            }
          ]
        },
        {
          "over": 10,
          "deliveries": [
            {
              "batter": "KIC Asalanka",
              "bowler": "Sikandar Raza",
              "non_striker": "A Sharafu",
              "runs": {
                "batter": 1,
                "extras": 0,
                "total": 1
              }
            },
            {
              "batter": "A Sharafu",
              "bowler": "Sikandar Raza",
              "non_striker": "KIC Asalanka",
              "runs": {
                "batter": 1,
                "extras": 0,
                "total": 1
              }
            },
            {
              "batter": "KIC Asalanka",
              "bowler": "Sikandar Raza",
              "non_striker": "A Sharafu",
              "runs": {
                "batter": 1,
                "extras": 0,
                "total": 1
              }
            },
            {
              "batter": "A Sharafu",
              "bowler": "Sikandar Raza",
              "non_striker": "KIC Asalanka",
              "runs": {
                "batter": 0,
                "extras": 0,
                "total": 0
              }
            },
            {
              "batter": "A Sharafu",
              "bowler": "Sikandar Raza",
              "non_striker": "KIC Asalanka",
              "runs": {
                "batter": 1,
                "extras": 0,
                "total": 1
              }
            },
            {
              "batter": "KIC Asalanka",
              "bowler": "Sikandar Raza",
              "non_striker": "A Sharafu",
              "runs": {
                "batter": 0,
                "extras": 0,
                "total": 0
              }
            }
          ]
        },
        {
          "over": 11,
          "deliveries": [
            {
              "batter": "A Sharafu",
              "bowler": "Gulbadin Naib",
              "non_striker": "KIC Asalanka",
              "runs": {
                "batter": 1,
                "extras": 0,
                "total": 1
              }
            },
            {
              "batter": "KIC Asalanka",
              "bowler": "Gulbadin Naib",
              "non_striker": "A Sharafu",
              "runs": {
                "batter": 2,
                "extras": 0,
                "total": 2
              }
            },
            {
              "batter": "KIC Asalanka",
              "bowler": "Gulbadin Naib",
              "non_striker": "A Sharafu",
              "runs": {
                "batter": 6,
                "extras": 0,
                "total": 6
              }
            },
            {
              "batter": "KIC Asalanka",
              "bowler": "Gulbadin Naib",
              "non_striker": "A Sharafu",
              "runs": {
                "batter": 1,
                "extras": 0,
                "total": 1
              }
            },
            {
              "batter": "A Sharafu",
              "bowler": "Gulbadin Naib",
              "non_striker": "KIC Asalanka",
              "runs": {
                "batter": 4,
                "extras": 0,
                "total": 4
              }
            },
            {
              "batter": "A Sharafu",
              "bowler": "Gulbadin Naib",
              "non_striker": "KIC Asalanka",
              "runs": {
                "batter": 4,
                "extras": 0,
                "total": 4
              }
            }
          ]
        },
        {
          "over": 12,
          "deliveries": [
            {
              "batter": "KIC Asalanka",
              "bowler": "Sikandar Raza",
              "non_striker": "A Sharafu",
              "runs": {
                "batter": 1,
                "extras": 0,
                "total": 1
              }
            },
            {
              "batter": "A Sharafu",
              "bowler": "Sikandar Raza",
              "non_striker": "KIC Asalanka",
              "runs": {
                "batter": 4,
                "extras": 0,
                "total": 4
              }
            },
            {
              "batter": "A Sharafu",
              "bowler": "Sikandar Raza",
              "non_striker": "KIC Asalanka",
              "review": {
                "by": "Abu Dhabi Knight Riders",
                "umpire": "RSA Palliyaguruge",
                "batter": "A Sharafu",
                "decision": "upheld",
                "type": "wicket"
              },
              "runs": {
                "batter": 0,
                "extras": 0,
                "total": 0
              }
            },
            {
              "batter": "A Sharafu",
              "bowler": "Sikandar Raza",
              "non_striker": "KIC Asalanka",
              "runs": {
                "batter": 1,
                "extras": 0,
                "total": 1
              }
            },
            {
              "batter": "KIC Asalanka",
              "bowler": "Sikandar Raza",
              "non_striker": "A Sharafu",
              "runs": {
                "batter": 1,
                "extras": 0,
                "total": 1
              }
            },
            {
              "batter": "A Sharafu",
              "bowler": "Sikandar Raza",
              "non_striker": "KIC Asalanka",
              "runs": {
                "batter": 0,
                "extras": 0,
                "total": 0
              }
            }
          ]
        },
        {
          "over": 13,
          "deliveries": [
            {
              "batter": "KIC Asalanka",
              "bowler": "SC Kuggeleijn",
              "non_striker": "A Sharafu",
              "runs": {
                "batter": 1,
                "extras": 0,
                "total": 1
              }
            },
            {
              "batter": "A Sharafu",
              "bowler": "SC Kuggeleijn",
              "non_striker": "KIC Asalanka",
              "runs": {
                "batter": 1,
                "extras": 0,
                "total": 1
              }
            },
            {
              "batter": "KIC Asalanka",
              "bowler": "SC Kuggeleijn",
              "non_striker": "A Sharafu",
              "runs": {
                "batter": 6,
                "extras": 0,
                "total": 6
              }
            },
            {
              "batter": "KIC Asalanka",
              "bowler": "SC Kuggeleijn",
              "non_striker": "A Sharafu",
              "runs": {
                "batter": 1,
                "extras": 0,
                "total": 1
              }
            },
            {
              "batter": "A Sharafu",
              "bowler": "SC Kuggeleijn",
              "non_striker": "KIC Asalanka",
              "runs": {
                "batter": 1,
                "extras": 0,
                "total": 1
              }
            },
            {
              "batter": "KIC Asalanka",
              "bowler": "SC Kuggeleijn",
              "non_striker": "A Sharafu",
              "runs": {
                "batter": 1,
                "extras": 0,
                "total": 1
              }
            }
          ]
        },
        {
          "over": 14,
          "deliveries": [
            {
              "batter": "KIC Asalanka",
              "bowler": "Zahir Khan",
              "non_striker": "A Sharafu",
              "runs": {
                "batter": 0,
                "extras": 0,
                "total": 0
              }
            },
            {
              "batter": "KIC Asalanka",
              "bowler": "Zahir Khan",
              "non_striker": "A Sharafu",
              "runs": {
                "batter": 6,
                "extras": 0,
                "total": 6
              }
            },
            {
              "batter": "KIC Asalanka",
              "bowler": "Zahir Khan",
              "non_striker": "A Sharafu",
              "runs": {
                "batter": 1,
                "extras": 0,
                "total": 1
              }
            },
            {
              "batter": "A Sharafu",
              "bowler": "Zahir Khan",
              "non_striker": "KIC Asalanka",
              "runs": {
                "batter": 4,
                "extras": 0,
                "total": 4
              }
            },
            {
              "batter": "A Sharafu",
              "bowler": "Zahir Khan",
              "non_striker": "KIC Asalanka",
              "runs": {
                "batter": 4,
                "extras": 0,
                "total": 4
              }
            },
            {
              "batter": "A Sharafu",
              "bowler": "Zahir Khan",
              "non_striker": "KIC Asalanka",
              "runs": {
                "batter": 6,
                "extras": 0,
                "total": 6
              }
            }
          ]
        },
        {
          "over": 15,
          "deliveries": [
            {
              "batter": "KIC Asalanka",
              "bowler": "SC Kuggeleijn",
              "non_striker": "A Sharafu",
              "runs": {
                "batter": 4,
                "extras": 0,
                "total": 4
              }
            },
            {
              "batter": "KIC Asalanka",
              "bowler": "SC Kuggeleijn",
              "non_striker": "A Sharafu",
              "runs": {
                "batter": 4,
                "extras": 0,
                "total": 4
              }
            },
            {
              "batter": "KIC Asalanka",
              "bowler": "SC Kuggeleijn",
              "non_striker": "A Sharafu",
              "runs": {
                "batter": 4,
                "extras": 0,
                "total": 4
              }
            },
            {
              "batter": "KIC Asalanka",
              "bowler": "SC Kuggeleijn",
              "non_striker": "A Sharafu",
              "runs": {
                "batter": 4,
                "extras": 0,
                "total": 4
              }
            },
            {
              "batter": "KIC Asalanka",
              "bowler": "SC Kuggeleijn",
              "non_striker": "A Sharafu",
              "runs": {
                "batter": 2,
                "extras": 0,
                "total": 2
              }
            },
            {
              "batter": "KIC Asalanka",
              "bowler": "SC Kuggeleijn",
              "non_striker": "A Sharafu",
              "runs": {
                "batter": 0,
                "extras": 0,
                "total": 0
              }
            }
          ]
        },
        {
          "over": 16,
          "deliveries": [
            {
              "batter": "A Sharafu",
              "bowler": "OC McCoy",
              "non_striker": "KIC Asalanka",
              "runs": {
                "batter": 1,
                "extras": 0,
                "total": 1
              }
            },
            {
              "batter": "KIC Asalanka",
              "bowler": "OC McCoy",
              "non_striker": "A Sharafu",
              "runs": {
                "batter": 2,
                "extras": 0,
                "total": 2
              }
            },
            {
              "batter": "KIC Asalanka",
              "bowler": "OC McCoy",
              "non_striker": "A Sharafu",
              "runs": {
                "batter": 0,
                "extras": 0,
                "total": 0
              }
            },
            {
              "batter": "KIC Asalanka",
              "bowler": "OC McCoy",
              "extras": {
                "wides": 1
              },
              "non_striker": "A Sharafu",
              "runs": {
                "batter": 0,
                "extras": 1,
                "total": 1
              }
            },
            {
              "batter": "KIC Asalanka",
              "bowler": "OC McCoy",
              "non_striker": "A Sharafu",
              "runs": {
                "batter": 4,
                "extras": 0,
                "total": 4
              }
            },
            {
              "batter": "KIC Asalanka",
              "bowler": "OC McCoy",
              "non_striker": "A Sharafu",
              "runs": {
                "batter": 1,
                "extras": 0,
                "total": 1
              }
            },
            {
              "batter": "A Sharafu",
              "bowler": "OC McCoy",
              "non_striker": "KIC Asalanka",
              "runs": {
                "batter": 0,
                "extras": 0,
                "total": 0
              },
              "wickets": [
                {
                  "player_out": "A Sharafu",
                  "kind": "retired hurt"
                }
              ]
            }
          ]
        },
        {
          "over": 17,
          "deliveries": [
            {
              "batter": "KIC Asalanka",
              "bowler": "PVD Chameera",
              "non_striker": "AD Russell",
              "runs": {
                "batter": 1,
                "extras": 0,
                "total": 1
              }
            },
            {
              "batter": "AD Russell",
              "bowler": "PVD Chameera",
              "non_striker": "KIC Asalanka",
              "runs": {
                "batter": 0,
                "extras": 0,
                "total": 0
              }
            },
            {
              "batter": "AD Russell",
              "bowler": "PVD Chameera",
              "non_striker": "KIC Asalanka",
              "runs": {
                "batter": 0,
                "extras": 0,
                "total": 0
              }
            },
            {
              "batter": "AD Russell",
              "bowler": "PVD Chameera",
              "non_striker": "KIC Asalanka",
              "runs": {
                "batter": 1,
                "extras": 0,
                "total": 1
              }
            },
            {
              "batter": "KIC Asalanka",
              "bowler": "PVD Chameera",
              "non_striker": "AD Russell",
              "runs": {
                "batter": 0,
                "extras": 0,
                "total": 0
              },
              "wickets": [
                {
                  "player_out": "KIC Asalanka",
                  "fielders": [
                    {
                      "name": "Haider Ali"
                    }
                  ],
                  "kind": "caught"
                }
              ]
            },
            {
              "batter": "JO Holder",
              "bowler": "PVD Chameera",
              "non_striker": "AD Russell",
              "runs": {
                "batter": 1,
                "extras": 0,
                "total": 1
              }
            }
          ]
        },
        {
          "over": 18,
          "deliveries": [
            {
              "batter": "JO Holder",
              "bowler": "OC McCoy",
              "non_striker": "AD Russell",
              "runs": {
                "batter": 1,
                "extras": 0,
                "total": 1
              }
            },
            {
              "batter": "AD Russell",
              "bowler": "OC McCoy",
              "extras": {
                "noballs": 1
              },
              "non_striker": "JO Holder",
              "runs": {
                "batter": 0,
                "extras": 1,
                "total": 1
              }
            },
            {
              "batter": "AD Russell",
              "bowler": "OC McCoy",
              "non_striker": "JO Holder",
              "runs": {
                "batter": 1,
                "extras": 0,
                "total": 1
              }
            },
            {
              "batter": "JO Holder",
              "bowler": "OC McCoy",
              "non_striker": "AD Russell",
              "runs": {
                "batter": 0,
                "extras": 0,
                "total": 0
              }
            },
            {
              "batter": "JO Holder",
              "bowler": "OC McCoy",
              "non_striker": "AD Russell",
              "runs": {
                "batter": 0,
                "extras": 0,
                "total": 0
              }
            },
            {
              "batter": "JO Holder",
              "bowler": "OC McCoy",
              "non_striker": "AD Russell",
              "runs": {
                "batter": 6,
                "extras": 0,
                "total": 6
              }
            },
            {
              "batter": "JO Holder",
              "bowler": "OC McCoy",
              "non_striker": "AD Russell",
              "runs": {
                "batter": 1,
                "extras": 0,
                "total": 1
              }
            }
          ]
        },
        {
          "over": 19,
          "deliveries": [
            {
              "batter": "JO Holder",
              "bowler": "PVD Chameera",
              "non_striker": "AD Russell",
              "runs": {
                "batter": 1,
                "extras": 0,
                "total": 1
              }
            },
            {
              "batter": "AD Russell",
              "bowler": "PVD Chameera",
              "non_striker": "JO Holder",
              "runs": {
                "batter": 0,
                "extras": 0,
                "total": 0
              }
            },
            {
              "batter": "AD Russell",
              "bowler": "PVD Chameera",
              "non_striker": "JO Holder",
              "runs": {
                "batter": 0,
                "extras": 0,
                "total": 0
              }
            },
            {
              "batter": "AD Russell",
              "bowler": "PVD Chameera",
              "non_striker": "JO Holder",
              "runs": {
                "batter": 1,
                "extras": 0,
                "total": 1
              }
            },
            {
              "batter": "JO Holder",
              "bowler": "PVD Chameera",
              "non_striker": "AD Russell",
              "runs": {
                "batter": 0,
                "extras": 0,
                "total": 0
              }
            },
            {
              "batter": "JO Holder",
              "bowler": "PVD Chameera",
              "non_striker": "AD Russell",
              "runs": {
                "batter": 1,
                "extras": 0,
                "total": 1
              }
            }
          ]
        }
      ],
      "powerplays": [
        {
          "from": 0.1,
          "to": 5.6,
          "type": "mandatory"
        }
      ]
    },
    {
      "team": "Dubai Capitals",
      "overs": [
        {
          "over": 0,
          "deliveries": [
            {
              "batter": "AM Rossington",
              "bowler": "DJ Willey",
              "non_striker": "SD Hope",
              "replacements": {
                "match": [
                  {
                    "in": "AM Rossington",
                    "out": "Zahir Khan",
                    "team": "Dubai Capitals",
                    "reason": "impact_player"
                  },
                  {
                    "in": "Ali Khan",
                    "out": "KIC Asalanka",
                    "team": "Abu Dhabi Knight Riders",
                    "reason": "impact_player"
                  }
                ]
              },
              "runs": {
                "batter": 4,
                "extras": 0,
                "total": 4
              }
            },
            {
              "batter": "AM Rossington",
              "bowler": "DJ Willey",
              "non_striker": "SD Hope",
              "runs": {
                "batter": 0,
                "extras": 0,
                "total": 0
              }
            },
            {
              "batter": "AM Rossington",
              "bowler": "DJ Willey",
              "non_striker": "SD Hope",
              "runs": {
                "batter": 1,
                "extras": 0,
                "total": 1
              }
            },
            {
              "batter": "SD Hope",
              "bowler": "DJ Willey",
              "non_striker": "AM Rossington",
              "runs": {
                "batter": 1,
                "extras": 0,
                "total": 1
              }
            },
            {
              "batter": "AM Rossington",
              "bowler": "DJ Willey",
              "non_striker": "SD Hope",
              "runs": {
                "batter": 1,
                "extras": 0,
                "total": 1
              }
            },
            {
              "batter": "SD Hope",
              "bowler": "DJ Willey",
              "non_striker": "AM Rossington",
              "runs": {
                "batter": 0,
                "extras": 0,
                "total": 0
              }
            }
          ]
        },
        {
          "over": 1,
          "deliveries": [
            {
              "batter": "AM Rossington",
              "bowler": "KR Mayers",
              "non_striker": "SD Hope",
              "runs": {
                "batter": 0,
                "extras": 0,
                "total": 0
              }
            },
            {
              "batter": "AM Rossington",
              "bowler": "KR Mayers",
              "non_striker": "SD Hope",
              "runs": {
                "batter": 4,
                "extras": 0,
                "total": 4
              }
            },
            {
              "batter": "AM Rossington",
              "bowler": "KR Mayers",
              "non_striker": "SD Hope",
              "runs": {
                "batter": 0,
                "extras": 0,
                "total": 0
              }
            },
            {
              "batter": "AM Rossington",
              "bowler": "KR Mayers",
              "non_striker": "SD Hope",
              "runs": {
                "batter": 4,
                "extras": 0,
                "total": 4
              }
            },
            {
              "batter": "AM Rossington",
              "bowler": "KR Mayers",
              "non_striker": "SD Hope",
              "runs": {
                "batter": 1,
                "extras": 0,
                "total": 1
              }
            },
            {
              "batter": "SD Hope",
              "bowler": "KR Mayers",
              "non_striker": "AM Rossington",
              "runs": {
                "batter": 1,
                "extras": 0,
                "total": 1
              }
            }
          ]
        },
        {
          "over": 2,
          "deliveries": [
            {
              "batter": "SD Hope",
              "bowler": "DJ Willey",
              "non_striker": "AM Rossington",
              "runs": {
                "batter": 1,
                "extras": 0,
                "total": 1
              }
            },
            {
              "batter": "AM Rossington",
              "bowler": "DJ Willey",
              "non_striker": "SD Hope",
              "runs": {
                "batter": 1,
                "extras": 0,
                "total": 1
              }
            },
            {
              "batter": "SD Hope",
              "bowler": "DJ Willey",
              "non_striker": "AM Rossington",
              "runs": {
                "batter": 4,
                "extras": 0,
                "total": 4
              }
            },
            {
              "batter": "SD Hope",
              "bowler": "DJ Willey",
              "non_striker": "AM Rossington",
              "runs": {
                "batter": 0,
                "extras": 0,
                "total": 0
              }
            },
            {
              "batter": "SD Hope",
              "bowler": "DJ Willey",
              "non_striker": "AM Rossington",
              "runs": {
                "batter": 0,
                "extras": 0,
                "total": 0
              }
            },
            {
              "batter": "SD Hope",
              "bowler": "DJ Willey",
              "extras": {
                "wides": 1
              },
              "non_striker": "AM Rossington",
              "runs": {
                "batter": 0,
                "extras": 1,
                "total": 1
              }
            },
            {
              "batter": "SD Hope",
              "bowler": "DJ Willey",
              "non_striker": "AM Rossington",
              "runs": {
                "batter": 1,
                "extras": 0,
                "total": 1
              }
            }
          ]
        },
        {
          "over": 3,
          "deliveries": [
            {
              "batter": "SD Hope",
              "bowler": "KR Mayers",
              "non_striker": "AM Rossington",
              "runs": {
                "batter": 2,
                "extras": 0,
                "total": 2
              }
            },
            {
              "batter": "SD Hope",
              "bowler": "KR Mayers",
              "non_striker": "AM Rossington",
              "runs": {
                "batter": 1,
                "extras": 0,
                "total": 1
              }
            },
            {
              "batter": "AM Rossington",
              "bowler": "KR Mayers",
              "non_striker": "SD Hope",
              "runs": {
                "batter": 4,
                "extras": 0,
                "total": 4
              }
            },
            {
              "batter": "AM Rossington",
              "bowler": "KR Mayers",
              "non_striker": "SD Hope",
              "runs": {
                "batter": 1,
                "extras": 0,
                "total": 1
              }
            },
            {
              "batter": "SD Hope",
              "bowler": "KR Mayers",
              "non_striker": "AM Rossington",
              "runs": {
                "batter": 6,
                "extras": 0,
                "total": 6
              }
            },
            {
              "batter": "SD Hope",
              "bowler": "KR Mayers",
              "non_striker": "AM Rossington",
              "runs": {
                "batter": 1,
                "extras": 0,
                "total": 1
              }
            }
          ]
        },
        {
          "over": 4,
          "deliveries": [
            {
              "batter": "SD Hope",
              "bowler": "AD Russell",
              "non_striker": "AM Rossington",
              "runs": {
                "batter": 1,
                "extras": 0,
                "total": 1
              }
            },
            {
              "batter": "AM Rossington",
              "bowler": "AD Russell",
              "non_striker": "SD Hope",
              "runs": {
                "batter": 0,
                "extras": 0,
                "total": 0
              },
              "wickets": [
                {
                  "player_out": "AM Rossington",
                  "fielders": [
                    {
                      "name": "DJ Willey"
                    }
                  ],
                  "kind": "caught"
                }
              ]
            },
            {
              "batter": "Gulbadin Naib",
              "bowler": "AD Russell",
              "non_striker": "SD Hope",
              "runs": {
                "batter": 2,
                "extras": 0,
                "total": 2
              }
            },
            {
              "batter": "Gulbadin Naib",
              "bowler": "AD Russell",
              "extras": {
                "noballs": 1
              },
              "non_striker": "SD Hope",
              "runs": {
                "batter": 0,
                "extras": 1,
                "total": 1
              }
            },
            {
              "batter": "Gulbadin Naib",
              "bowler": "AD Russell",
              "non_striker": "SD Hope",
              "runs": {
                "batter": 0,
                "extras": 0,
                "total": 0
              }
            },
            {
              "batter": "Gulbadin Naib",
              "bowler": "AD Russell",
              "non_striker": "SD Hope",
              "runs": {
                "batter": 0,
                "extras": 0,
                "total": 0
              }
            },
            {
              "batter": "Gulbadin Naib",
              "bowler": "AD Russell",
              "non_striker": "SD Hope",
              "runs": {
                "batter": 0,
                "extras": 0,
                "total": 0
              }
            }
          ]
        },
        {
          "over": 5,
          "deliveries": [
            {
              "batter": "SD Hope",
              "bowler": "JO Holder",
              "non_striker": "Gulbadin Naib",
              "runs": {
                "batter": 2,
                "extras": 0,
                "total": 2
              }
            },
            {
              "batter": "SD Hope",
              "bowler": "JO Holder",
              "non_striker": "Gulbadin Naib",
              "runs": {
                "batter": 4,
                "extras": 0,
                "total": 4
              }
            },
            {
              "batter": "SD Hope",
              "bowler": "JO Holder",
              "non_striker": "Gulbadin Naib",
              "runs": {
                "batter": 1,
                "extras": 0,
                "total": 1
              }
            },
            {
              "batter": "Gulbadin Naib",
              "bowler": "JO Holder",
              "non_striker": "SD Hope",
              "runs": {
                "batter": 2,
                "extras": 0,
                "total": 2
              }
            },
            {
              "batter": "Gulbadin Naib",
              "bowler": "JO Holder",
              "non_striker": "SD Hope",
              "runs": {
                "batter": 0,
                "extras": 0,
                "total": 0
              }
            },
            {
              "batter": "Gulbadin Naib",
              "bowler": "JO Holder",
              "non_striker": "SD Hope",
              "runs": {
                "batter": 1,
                "extras": 0,
                "total": 1
              }
            }
          ]
        },
        {
          "over": 6,
          "deliveries": [
            {
              "batter": "Gulbadin Naib",
              "bowler": "SP Narine",
              "non_striker": "SD Hope",
              "runs": {
                "batter": 1,
                "extras": 0,
                "total": 1
              }
            },
            {
              "batter": "SD Hope",
              "bowler": "SP Narine",
              "non_striker": "Gulbadin Naib",
              "runs": {
                "batter": 1,
                "extras": 0,
                "total": 1
              }
            },
            {
              "batter": "Gulbadin Naib",
              "bowler": "SP Narine",
              "non_striker": "SD Hope",
              "runs": {
                "batter": 1,
                "extras": 0,
                "total": 1
              }
            },
            {
              "batter": "SD Hope",
              "bowler": "SP Narine",
              "non_striker": "Gulbadin Naib",
              "runs": {
                "batter": 1,
                "extras": 0,
                "total": 1
              }
            },
            {
              "batter": "Gulbadin Naib",
              "bowler": "SP Narine",
              "non_striker": "SD Hope",
              "runs": {
                "batter": 1,
                "extras": 0,
                "total": 1
              }
            },
            {
              "batter": "SD Hope",
              "bowler": "SP Narine",
              "non_striker": "Gulbadin Naib",
              "runs": {
                "batter": 0,
                "extras": 0,
                "total": 0
              }
            }
          ]
        },
        {
          "over": 7,
          "deliveries": [
            {
              "batter": "Gulbadin Naib",
              "bowler": "AD Russell",
              "non_striker": "SD Hope",
              "runs": {
                "batter": 6,
                "extras": 0,
                "total": 6
              }
            },
            {
              "batter": "Gulbadin Naib",
              "bowler": "AD Russell",
              "non_striker": "SD Hope",
              "runs": {
                "batter": 1,
                "extras": 0,
                "total": 1
              }
            },
            {
              "batter": "SD Hope",
              "bowler": "AD Russell",
              "non_striker": "Gulbadin Naib",
              "runs": {
                "batter": 4,
                "extras": 0,
                "total": 4
              }
            },
            {
              "batter": "SD Hope",
              "bowler": "AD Russell",
              "non_striker": "Gulbadin Naib",
              "runs": {
                "batter": 1,
                "extras": 0,
                "total": 1
              }
            },
            {
              "batter": "Gulbadin Naib",
              "bowler": "AD Russell",
              "non_striker": "SD Hope",
              "runs": {
                "batter": 1,
                "extras": 0,
                "total": 1
              }
            },
            {
              "batter": "SD Hope",
              "bowler": "AD Russell",
              "non_striker": "Gulbadin Naib",
              "runs": {
                "batter": 4,
                "extras": 0,
                "total": 4
              }
            }
          ]
        },
        {
          "over": 8,
          "deliveries": [
            {
              "batter": "Gulbadin Naib",
              "bowler": "SP Narine",
              "non_striker": "SD Hope",
              "runs": {
                "batter": 0,
                "extras": 0,
                "total": 0
              }
            },
            {
              "batter": "Gulbadin Naib",
              "bowler": "SP Narine",
              "non_striker": "SD Hope",
              "runs": {
                "batter": 1,
                "extras": 0,
                "total": 1
              }
            },
            {
              "batter": "SD Hope",
              "bowler": "SP Narine",
              "non_striker": "Gulbadin Naib",
              "runs": {
                "batter": 0,
                "extras": 0,
                "total": 0
              }
            },
            {
              "batter": "SD Hope",
              "bowler": "SP Narine",
              "non_striker": "Gulbadin Naib",
              "runs": {
                "batter": 0,
                "extras": 0,
                "total": 0
              }
            },
            {
              "batter": "SD Hope",
              "bowler": "SP Narine",
              "non_striker": "Gulbadin Naib",
              "runs": {
                "batter": 1,
                "extras": 0,
                "total": 1
              }
            },
            {
              "batter": "Gulbadin Naib",
              "bowler": "SP Narine",
              "non_striker": "SD Hope",
              "runs": {
                "batter": 2,
                "extras": 0,
                "total": 2
              }
            }
          ]
        },
        {
          "over": 9,
          "deliveries": [
            {
              "batter": "SD Hope",
              "bowler": "Ali Khan",
              "extras": {
                "wides": 1
              },
              "non_striker": "Gulbadin Naib",
              "runs": {
                "batter": 0,
                "extras": 1,
                "total": 1
              }
            },
            {
              "batter": "SD Hope",
              "bowler": "Ali Khan",
              "non_striker": "Gulbadin Naib",
              "runs": {
                "batter": 1,
                "extras": 0,
                "total": 1
              }
            },
            {
              "batter": "Gulbadin Naib",
              "bowler": "Ali Khan",
              "extras": {
                "wides": 1
              },
              "non_striker": "SD Hope",
              "runs": {
                "batter": 0,
                "extras": 1,
                "total": 1
              }
            },
            {
              "batter": "Gulbadin Naib",
              "bowler": "Ali Khan",
              "non_striker": "SD Hope",
              "runs": {
                "batter": 1,
                "extras": 0,
                "total": 1
              }
            },
            {
              "batter": "SD Hope",
              "bowler": "Ali Khan",
              "non_striker": "Gulbadin Naib",
              "runs": {
                "batter": 1,
                "extras": 0,
                "total": 1
              }
            },
            {
              "batter": "Gulbadin Naib",
              "bowler": "Ali Khan",
              "non_striker": "SD Hope",
              "runs": {
                "batter": 1,
                "extras": 0,
                "total": 1
              }
            },
            {
              "batter": "SD Hope",
              "bowler": "Ali Khan",
              "non_striker": "Gulbadin Naib",
              "runs": {
                "batter": 1,
                "extras": 0,
                "total": 1
              }
            },
            {
              "batter": "Gulbadin Naib",
              "bowler": "Ali Khan",
              "non_striker": "SD Hope",
              "runs": {
                "batter": 2,
                "extras": 0,
                "total": 2
              }
            }
          ]
        },
        {
          "over": 10,
          "deliveries": [
            {
              "batter": "SD Hope",
              "bowler": "SP Narine",
              "non_striker": "Gulbadin Naib",
              "runs": {
                "batter": 1,
                "extras": 0,
                "total": 1
              }
            },
            {
              "batter": "Gulbadin Naib",
              "bowler": "SP Narine",
              "non_striker": "SD Hope",
              "runs": {
                "batter": 1,
                "extras": 0,
                "total": 1
              }
            },
            {
              "batter": "SD Hope",
              "bowler": "SP Narine",
              "non_striker": "Gulbadin Naib",
              "runs": {
                "batter": 1,
                "extras": 0,
                "total": 1
              }
            },
            {
              "batter": "Gulbadin Naib",
              "bowler": "SP Narine",
              "extras": {
                "legbyes": 1
              },
              "non_striker": "SD Hope",
              "runs": {
                "batter": 0,
                "extras": 1,
                "total": 1
              }
            },
            {
              "batter": "SD Hope",
              "bowler": "SP Narine",
              "non_striker": "Gulbadin Naib",
              "runs": {
                "batter": 4,
                "extras": 0,
                "total": 4
              }
            },
            {
              "batter": "SD Hope",
              "bowler": "SP Narine",
              "non_striker": "Gulbadin Naib",
              "runs": {
                "batter": 0,
                "extras": 0,
                "total": 0
              }
            }
          ]
        },
        {
          "over": 11,
          "deliveries": [
            {
              "batter": "Gulbadin Naib",
              "bowler": "Ali Khan",
              "non_striker": "SD Hope",
              "runs": {
                "batter": 0,
                "extras": 0,
                "total": 0
              }
            },
            {
              "batter": "Gulbadin Naib",
              "bowler": "Ali Khan",
              "non_striker": "SD Hope",
              "runs": {
                "batter": 1,
                "extras": 0,
                "total": 1
              }
            },
            {
              "batter": "SD Hope",
              "bowler": "Ali Khan",
              "non_striker": "Gulbadin Naib",
              "runs": {
                "batter": 1,
                "extras": 0,
                "total": 1
              }
            },
            {
              "batter": "Gulbadin Naib",
              "bowler": "Ali Khan",
              "non_striker": "SD Hope",
              "runs": {
                "batter": 0,
                "extras": 0,
                "total": 0
              }
            },
            {
              "batter": "Gulbadin Naib",
              "bowler": "Ali Khan",
              "non_striker": "SD Hope",
              "runs": {
                "batter": 2,
                "extras": 0,
                "total": 2
              }
            },
            {
              "batter": "Gulbadin Naib",
              "bowler": "Ali Khan",
              "non_striker": "SD Hope",
              "runs": {
                "batter": 0,
                "extras": 0,
                "total": 0
              }
            }
          ]
        },
        {
          "over": 12,
          "deliveries": [
            {
              "batter": "SD Hope",
              "bowler": "DJ Willey",
              "non_striker": "Gulbadin Naib",
              "runs": {
                "batter": 4,
                "extras": 0,
                "total": 4
              }
            },
            {
              "batter": "SD Hope",
              "bowler": "DJ Willey",
              "non_striker": "Gulbadin Naib",
              "runs": {
                "batter": 4,
                "extras": 0,
                "total": 4
              }
            },
            {
              "batter": "SD Hope",
              "bowler": "DJ Willey",
              "non_striker": "Gulbadin Naib",
              "runs": {
                "batter": 0,
                "extras": 0,
                "total": 0
              }
            },
            {
              "batter": "SD Hope",
              "bowler": "DJ Willey",
              "non_striker": "Gulbadin Naib",
              "runs": {
                "batter": 0,
                "extras": 0,
                "total": 0
              }
            },
            {
              "batter": "SD Hope",
              "bowler": "DJ Willey",
              "non_striker": "Gulbadin Naib",
              "runs": {
                "batter": 1,
                "extras": 0,
                "total": 1
              }
            },
            {
              "batter": "Gulbadin Naib",
              "bowler": "DJ Willey",
              "non_striker": "SD Hope",
              "runs": {
                "batter": 4,
                "extras": 0,
                "total": 4
              }
            }
          ]
        },
        {
          "over": 13,
          "deliveries": [
            {
              "batter": "SD Hope",
              "bowler": "JO Holder",
              "extras": {
                "wides": 1
              },
              "non_striker": "Gulbadin Naib",
              "runs": {
                "batter": 0,
                "extras": 1,
                "total": 1
              }
            },
            {
              "batter": "SD Hope",
              "bowler": "JO Holder",
              "non_striker": "Gulbadin Naib",
              "runs": {
                "batter": 1,
                "extras": 0,
                "total": 1
              }
            },
            {
              "batter": "Gulbadin Naib",
              "bowler": "JO Holder",
              "non_striker": "SD Hope",
              "runs": {
                "batter": 2,
                "extras": 0,
                "total": 2
              }
            },
            {
              "batter": "Gulbadin Naib",
              "bowler": "JO Holder",
              "non_striker": "SD Hope",
              "runs": {
                "batter": 6,
                "extras": 0,
                "total": 6
              }
            },
            {
              "batter": "Gulbadin Naib",
              "bowler": "JO Holder",
              "non_striker": "SD Hope",
              "runs": {
                "batter": 1,
                "extras": 0,
                "total": 1
              }
            },
            {
              "batter": "SD Hope",
              "bowler": "JO Holder",
              "non_striker": "Gulbadin Naib",
              "runs": {
                "batter": 1,
                "extras": 0,
                "total": 1
              }
            },
            {
              "batter": "Gulbadin Naib",
              "bowler": "JO Holder",
              "extras": {
                "wides": 1
              },
              "non_striker": "SD Hope",
              "runs": {
                "batter": 0,
                "extras": 1,
                "total": 1
              }
            },
            {
              "batter": "Gulbadin Naib",
              "bowler": "JO Holder",
              "non_striker": "SD Hope",
              "runs": {
                "batter": 2,
                "extras": 0,
                "total": 2
              }
            }
          ]
        },
        {
          "over": 14,
          "deliveries": [
            {
              "batter": "SD Hope",
              "bowler": "SP Narine",
              "non_striker": "Gulbadin Naib",
              "runs": {
                "batter": 2,
                "extras": 0,
                "total": 2
              }
            },
            {
              "batter": "SD Hope",
              "bowler": "SP Narine",
              "extras": {
                "wides": 1
              },
              "non_striker": "Gulbadin Naib",
              "runs": {
                "batter": 0,
                "extras": 1,
                "total": 1
              }
            },
            {
              "batter": "SD Hope",
              "bowler": "SP Narine",
              "non_striker": "Gulbadin Naib",
              "runs": {
                "batter": 1,
                "extras": 0,
                "total": 1
              }
            },
            {
              "batter": "Gulbadin Naib",
              "bowler": "SP Narine",
              "non_striker": "SD Hope",
              "runs": {
                "batter": 4,
                "extras": 0,
                "total": 4
              }
            },
            {
              "batter": "Gulbadin Naib",
              "bowler": "SP Narine",
              "non_striker": "SD Hope",
              "runs": {
                "batter": 4,
                "extras": 0,
                "total": 4
              }
            },
            {
              "batter": "Gulbadin Naib",
              "bowler": "SP Narine",
              "non_striker": "SD Hope",
              "runs": {
                "batter": 2,
                "extras": 0,
                "total": 2
              }
            },
            {
              "batter": "Gulbadin Naib",
              "bowler": "SP Narine",
              "non_striker": "SD Hope",
              "runs": {
                "batter": 1,
                "extras": 0,
                "total": 1
              }
            }
          ]
        },
        {
          "over": 15,
          "deliveries": [
            {
              "batter": "Gulbadin Naib",
              "bowler": "Ali Khan",
              "non_striker": "SD Hope",
              "runs": {
                "batter": 6,
                "extras": 0,
                "total": 6
              }
            },
            {
              "batter": "Gulbadin Naib",
              "bowler": "Ali Khan",
              "non_striker": "SD Hope",
              "runs": {
                "batter": 1,
                "extras": 0,
                "total": 1
              }
            },
            {
              "batter": "SD Hope",
              "bowler": "Ali Khan",
              "non_striker": "Gulbadin Naib",
              "runs": {
                "batter": 1,
                "extras": 0,
                "total": 1
              }
            },
            {
              "batter": "Gulbadin Naib",
              "bowler": "Ali Khan",
              "non_striker": "SD Hope",
              "runs": {
                "batter": 0,
                "extras": 0,
                "total": 0
              }
            },
            {
              "batter": "Gulbadin Naib",
              "bowler": "Ali Khan",
              "non_striker": "SD Hope",
              "runs": {
                "batter": 6,
                "extras": 0,
                "total": 6
              }
            },
            {
              "batter": "Gulbadin Naib",
              "bowler": "Ali Khan",
              "extras": {
                "wides": 1
              },
              "non_striker": "SD Hope",
              "runs": {
                "batter": 0,
                "extras": 1,
                "total": 1
              }
            },
            {
              "batter": "Gulbadin Naib",
              "bowler": "Ali Khan",
              "non_striker": "SD Hope",
              "runs": {
                "batter": 0,
                "extras": 0,
                "total": 0
              }
            }
          ]
        },
        {
          "over": 16,
          "deliveries": [
            {
              "batter": "SD Hope",
              "bowler": "Ibrar Ahmad",
              "extras": {
                "wides": 1
              },
              "non_striker": "Gulbadin Naib",
              "runs": {
                "batter": 0,
                "extras": 1,
                "total": 1
              }
            },
            {
              "batter": "SD Hope",
              "bowler": "Ibrar Ahmad",
              "non_striker": "Gulbadin Naib",
              "runs": {
                "batter": 1,
                "extras": 0,
                "total": 1
              }
            },
            {
              "batter": "Gulbadin Naib",
              "bowler": "Ibrar Ahmad",
              "non_striker": "SD Hope",
              "runs": {
                "batter": 1,
                "extras": 0,
                "total": 1
              }
            },
            {
              "batter": "SD Hope",
              "bowler": "Ibrar Ahmad",
              "non_striker": "Gulbadin Naib",
              "runs": {
                "batter": 1,
                "extras": 0,
                "total": 1
              }
            },
            {
              "batter": "Gulbadin Naib",
              "bowler": "Ibrar Ahmad",
              "non_striker": "SD Hope",
              "runs": {
                "batter": 2,
                "extras": 0,
                "total": 2
              }
            },
            {
              "batter": "Gulbadin Naib",
              "bowler": "Ibrar Ahmad",
              "non_striker": "SD Hope",
              "runs": {
                "batter": 6,
                "extras": 0,
                "total": 6
              }
            },
            {
              "batter": "Gulbadin Naib",
              "bowler": "Ibrar Ahmad",
              "non_striker": "SD Hope",
              "runs": {
                "batter": 1,
                "extras": 0,
                "total": 1
              }
            }
          ]
        },
        {
          "over": 17,
          "deliveries": [
            {
              "batter": "Gulbadin Naib",
              "bowler": "JO Holder",
              "non_striker": "SD Hope",
              "runs": {
                "batter": 4,
                "extras": 0,
                "total": 4
              }
            },
            {
              "batter": "Gulbadin Naib",
              "bowler": "JO Holder",
              "non_striker": "SD Hope",
              "runs": {
                "batter": 0,
                "extras": 0,
                "total": 0
              },
              "wickets": [
                {
                  "player_out": "Gulbadin Naib",
                  "fielders": [
                    {
                      "name": "AD Russell"
                    }
                  ],
                  "kind": "caught"
                }
              ]
            },
            {
              "batter": "MD Shanaka",
              "bowler": "JO Holder",
              "non_striker": "SD Hope",
              "runs": {
                "batter": 1,
                "extras": 0,
                "total": 1
              }
            },
            {
              "batter": "SD Hope",
              "bowler": "JO Holder",
              "extras": {
                "wides": 1
              },
              "non_striker": "MD Shanaka",
              "runs": {
                "batter": 0,
                "extras": 1,
                "total": 1
              }
            },
            {
              "batter": "SD Hope",
              "bowler": "JO Holder",
              "non_striker": "MD Shanaka",
              "runs": {
                "batter": 0,
                "extras": 0,
                "total": 0
              }
            },
            {
              "batter": "SD Hope",
              "bowler": "JO Holder",
              "non_striker": "MD Shanaka",
              "runs": {
                "batter": 0,
                "extras": 0,
                "total": 0
              }
            },
            {
              "batter": "SD Hope",
              "bowler": "JO Holder",
              "non_striker": "MD Shanaka",
              "runs": {
                "batter": 0,
                "extras": 0,
                "total": 0
              }
            }
          ]
        },
        {
          "over": 18,
          "deliveries": [
            {
              "batter": "MD Shanaka",
              "bowler": "AD Russell",
              "extras": {
                "noballs": 1
              },
              "non_striker": "SD Hope",
              "runs": {
                "batter": 0,
                "extras": 1,
                "total": 1
              }
            },
            {
              "batter": "MD Shanaka",
              "bowler": "AD Russell",
              "extras": {
                "byes": 1
              },
              "non_striker": "SD Hope",
              "runs": {
                "batter": 0,
                "extras": 1,
                "total": 1
              }
            },
            {
              "batter": "SD Hope",
              "bowler": "AD Russell",
              "extras": {
                "byes": 1
              },
              "non_striker": "MD Shanaka",
              "runs": {
                "batter": 0,
                "extras": 1,
                "total": 1
              }
            },
            {
              "batter": "MD Shanaka",
              "bowler": "AD Russell",
              "non_striker": "SD Hope",
              "runs": {
                "batter": 4,
                "extras": 0,
                "total": 4
              }
            },
            {
              "batter": "MD Shanaka",
              "bowler": "AD Russell",
              "non_striker": "SD Hope",
              "runs": {
                "batter": 4,
                "extras": 0,
                "total": 4
              }
            },
            {
              "batter": "MD Shanaka",
              "bowler": "AD Russell",
              "non_striker": "SD Hope",
              "runs": {
                "batter": 6,
                "extras": 0,
                "total": 6
              }
            },
            {
              "batter": "MD Shanaka",
              "bowler": "AD Russell",
              "non_striker": "SD Hope",
              "runs": {
                "batter": 2,
                "extras": 0,
                "total": 2
              }
            }
          ]
        },
        {
          "over": 19,
          "deliveries": [
            {
              "batter": "SD Hope",
              "bowler": "JO Holder",
              "non_striker": "MD Shanaka",
              "runs": {
                "batter": 0,
                "extras": 0,
                "total": 0
              }
            },
            {
              "batter": "SD Hope",
              "bowler": "JO Holder",
              "non_striker": "MD Shanaka",
              "runs": {
                "batter": 4,
                "extras": 0,
                "total": 4
              }
            },
            {
              "batter": "SD Hope",
              "bowler": "JO Holder",
              "non_striker": "MD Shanaka",
              "runs": {
                "batter": 1,
                "extras": 0,
                "total": 1
              }
            },
            {
              "batter": "MD Shanaka",
              "bowler": "JO Holder",
              "extras": {
                "byes": 1
              },
              "non_striker": "SD Hope",
              "runs": {
                "batter": 0,
                "extras": 1,
                "total": 1
              }
            },
            {
              "batter": "SD Hope",
              "bowler": "JO Holder",
              "non_striker": "MD Shanaka",
              "runs": {
                "batter": 4,
                "extras": 0,
                "total": 4
              }
            }
          ]
        }
      ],
      "powerplays": [
        {
          "from": 0.1,
          "to": 5.6,
          "type": "mandatory"
        }
      ],
      "target": {
        "overs": 20,
        "runs": 204
      }
    }
  ]
}