{
  "meta": {
    "data_version": "1.1.0",
    "created": "2025-01-16",
    "revision": 1
  },
  "info": {
    "balls_per_over": 6,
    "city": "Dubai",
    "dates": [
      "2025-01-11"
    ],
    "event": {
      "name": "International League T20",
      "match_number": 1
    },
    "gender": "male",
    "match_type": "T20",
    "officials": {
      "match_referees": [
        "RS Mahanama"
      ],
      "reserve_umpires": [
        "Bismillah Shinwari"
      ],
      "tv_umpires": [
        "LS Reifer"
      ],
      "umpires": [
        "Shiju Sam",
        "SJA Taufel"
      ]
    },
    "outcome": {
      "winner": "Dubai Capitals",
      "by": {
        "runs": 1
      }
    },
    "overs": 20,
    "player_of_match": [
      "Gulbadin Naib"
    ],
    "players": {
      "Dubai Capitals": [
        "Zahir Khan",
        "SD Hope",
        "AM Rossington",
        "BJ McMullen",
        "Sikandar Raza",
        "R Powell",
        "MD Shanaka",
        "Gulbadin Naib",
        "OP Stone",
        "OC McCoy",
        "Farhan Khan",
        "Haider Ali"
      ],
      "MI Emirates": [
        "Waqar Salamkheil",
        "Waseem Muhammad",
        "MDKJ Perera",
        "ADS Fletcher",
        "T Banton",
        "N Pooran",
        "AJ Hosein",
        "KA Pollard",
        "AS Joseph",
        "AM Ghazanfar",
        "Fazalhaq Farooqi",
        "Zahoor Khan"
      ]
    },
    "registry": {
      "people": {
        "ADS Fletcher": "1bae756b",
        "AJ Hosein": "4d7f517e",
        "AM Ghazanfar": "9ca68676",
        "AM Rossington": "7bcde3fe",
        "AS Joseph": "b0946605",
        "BJ McMullen": "436c763a",
        "Bismillah Shinwari": "cae815a0",
        "Farhan Khan": "617040e4",
        "Fazalhaq Farooqi": "e9c7f0d0",
        "Gulbadin Naib": "9f77963a",
        "Haider Ali": "dd572696",
        "KA Pollard": "a757b0d8",
        "LS Reifer": "5dee559a",
        "MD Shanaka": "3ff033bb",
        "MDKJ Perera": "f21043a5",
        "N Pooran": "3241e3fd",
        "OC McCoy": "529eb9e0",
        "OP Stone": "3f659464",
        "R Powell": "650d5e49",
        "RS Mahanama": "57910393",
        "SD Hope": "1fc6ef83",
        "SJA Taufel": "4b43d5ac",
        "Shiju Sam": "1e2f3eae",
        "Sikandar Raza": "26d041c4",
        "T Banton": "25f7b7d6",
        "Waqar Salamkheil": "3f1066d0",
        "Waseem Muhammad": "6f02fe2a",
        "Zahir Khan": "786b7fe8",
        "Zahoor Khan": "f0e293b0"
      }
    },
    "season": "2024/25",
    "team_type": "club",
    "teams": [
      "Dubai Capitals",
      "MI Emirates"
    ],
    "toss": {
      "decision": "field",
      "winner": "MI Emirates"
    },
    "venue": "Dubai International Cricket Stadium"
  },
  "innings": [
    {
      "team": "Dubai Capitals",
      "overs": [
        {
          "over": 0,
          "deliveries": [
            {
              "batter": "SD Hope",
              "bowler": "AJ Hosein",
              "non_striker": "AM Rossington",
              "runs": {
                "batter": 0,
                "extras": 0,
                "total": 0
              }
            },
            {
              "batter": "SD Hope",
              "bowler": "AJ Hosein",
              "non_striker": "AM Rossington",
              "runs": {
                "batter": 0,
                "extras": 0,
                "total": 0
              }
            },
            {
              "batter": "SD Hope",
              "bowler": "AJ Hosein",
              "non_striker": "AM Rossington",
              "runs": {
                "batter": 0,
                "extras": 0,
                "total": 0
              }
            },
            {
              "batter": "SD Hope",
              "bowler": "AJ Hosein",
              "non_striker": "AM Rossington",
              "runs": {
                "batter": 0,
                "extras": 0,
                "total": 0
              }
            },
            {
              "batter": "SD Hope",
              "bowler": "AJ Hosein",
              "non_striker": "AM Rossington",
              "runs": {
                "batter": 0,
                "extras": 0,
                "total": 0
              }
            },
            {
              "batter": "SD Hope",
              "bowler": "AJ Hosein",
              "non_striker": "AM Rossington",
              "runs": {
                "batter": 0,
                "extras": 0,
                "total": 0
              }
            }
          ]
        },
        {
          "over": 1,
          "deliveries": [
            {
              "batter": "AM Rossington",
              "bowler": "Fazalhaq Farooqi",
              "non_striker": "SD Hope",
              "runs": {
                "batter": 0,
                "extras": 0,
                "total": 0
              }
            },
            {
              "batter": "AM Rossington",
              "bowler": "Fazalhaq Farooqi",
              "extras": {
                "legbyes": 1
              },
              "non_striker": "SD Hope",
              "runs": {
                "batter": 0,
                "extras": 1,
                "total": 1
              }
            },
            {
              "batter": "SD Hope",
              "bowler": "Fazalhaq Farooqi",
              "non_striker": "AM Rossington",
              "runs": {
                "batter": 0,
                "extras": 0,
                "total": 0
              }
            },
            {
              "batter": "SD Hope",
              "bowler": "Fazalhaq Farooqi",
              "non_striker": "AM Rossington",
              "runs": {
                "batter": 0,
                "extras": 0,
                "total": 0
              }
            },
            {
              "batter": "SD Hope",
              "bowler": "Fazalhaq Farooqi",
              "extras": {
                "wides": 1
              },
              "non_striker": "AM Rossington",
              "runs": {
                "batter": 0,
                "extras": 1,
                "total": 1
              }
            },
            {
              "batter": "SD Hope",
              "bowler": "Fazalhaq Farooqi",
              "non_striker": "AM Rossington",
              "runs": {
                "batter": 0,
                "extras": 0,
                "total": 0
              }
            },
            {
              "batter": "SD Hope",
              "bowler": "Fazalhaq Farooqi",
              "non_striker": "AM Rossington",
              "runs": {
                "batter": 1,
                "extras": 0,
                "total": 1
              }
            }
          ]
        },
        {
          "over": 2,
          "deliveries": [
            {
              "batter": "SD Hope",
              "bowler": "AJ Hosein",
              "non_striker": "AM Rossington",
              "runs": {
                "batter": 0,
                "extras": 0,
                "total": 0
              }
            },
            {
              "batter": "SD Hope",
              "bowler": "AJ Hosein",
              "non_striker": "AM Rossington",
              "runs": {
                "batter": 2,
                "extras": 0,
                "total": 2
              }
            },
            {
              "batter": "SD Hope",
              "bowler": "AJ Hosein",
              "non_striker": "AM Rossington",
              "runs": {
                "batter": 1,
                "extras": 0,
                "total": 1
              }
            },
            {
              "batter": "AM Rossington",
              "bowler": "AJ Hosein",
              "non_striker": "SD Hope",
              "runs": {
                "batter": 0,
                "extras": 0,
                "total": 0
              }
            },
            {
              "batter": "AM Rossington",
              "bowler": "AJ Hosein",
              "non_striker": "SD Hope",
              "runs": {
                "batter": 2,
                "extras": 0,
                "total": 2
              }
            },
            {
              "batter": "AM Rossington",
              "bowler": "AJ Hosein",
              "non_striker": "SD Hope",
              "runs": {
                "batter": 0,
                "extras": 0,
                "total": 0
              }
            }
          ]
        },
        {
          "over": 3,
          "deliveries": [
            {
              "batter": "SD Hope",
              "bowler": "Fazalhaq Farooqi",
              "non_striker": "AM Rossington",
              "runs": {
                "batter": 0,
                "extras": 0,
                "total": 0
              }
            },
            {
              "batter": "SD Hope",
              "bowler": "Fazalhaq Farooqi",
              "non_striker": "AM Rossington",
              "runs": {
                "batter": 4,
                "extras": 0,
                "total": 4
              }
            },
            {
              "batter": "SD Hope",
              "bowler": "Fazalhaq Farooqi",
              "non_striker": "AM Rossington",
              "runs": {
                "batter": 1,
                "extras": 0,
                "total": 1
              }
            },
            {
              "batter": "AM Rossington",
              "bowler": "Fazalhaq Farooqi",
              "non_striker": "SD Hope",
              "runs": {
                "batter": 0,
                "extras": 0,
                "total": 0
              }
            },
            {
              "batter": "AM Rossington",
              "bowler": "Fazalhaq Farooqi",
              "non_striker": "SD Hope",
              "runs": {
                "batter": 1,
                "extras": 0,
                "total": 1
              }
            },
            {
              "batter": "SD Hope",
              "bowler": "Fazalhaq Farooqi",
              "non_striker": "AM Rossington",
              "runs": {
                "batter": 0,
                "extras": 0,
                "total": 0
              },
              "wickets": [
                {
                  "player_out": "SD Hope",
                  "fielders": [
                    {
                      "name": "T Banton"
                    }
                  ],
                  "kind": "caught"
                }
              ]
            }
          ]
        },
        {
          "over": 4,
          "deliveries": [
            {
              "batter": "AM Rossington",
              "bowler": "AJ Hosein",
              "non_striker": "BJ McMullen",
              "runs": {
                "batter": 0,
                "extras": 0,
                "total": 0
              }
            },
            {
              "batter": "AM Rossington",
              "bowler": "AJ Hosein",
              "non_striker": "BJ McMullen",
              "runs": {
                "batter": 1,
                "extras": 0,
                "total": 1
              }
            },
            {
              "batter": "BJ McMullen",
              "bowler": "AJ Hosein",
              "non_striker": "AM Rossington",
              "runs": {
                "batter": 1,
                "extras": 0,
                "total": 1
              }
            },
            {
              "batter": "AM Rossington",
              "bowler": "AJ Hosein",
              "non_striker": "BJ McMullen",
              "runs": {
                "batter": 1,
                "extras": 0,
                "total": 1
              }
            },
            {
              "batter": "BJ McMullen",
              "bowler": "AJ Hosein",
              "non_striker": "AM Rossington",
              "runs": {
                "batter": 4,
                "extras": 0,
                "total": 4
              }
            },
            {
              "batter": "BJ McMullen",
              "bowler": "AJ Hosein",
              "non_striker": "AM Rossington",
              "runs": {
                "batter": 6,
                "extras": 0,
                "total": 6
              }
            }
          ]
        },
        {
          "over": 5,
          "deliveries": [
            {
              "batter": "AM Rossington",
              "bowler": "AM Ghazanfar",
              "non_striker": "BJ McMullen",
              "runs": {
                "batter": 0,
                "extras": 0,
                "total": 0
              }
            },
            {
              "batter": "AM Rossington",
              "bowler": "AM Ghazanfar",
              "non_striker": "BJ McMullen",
              "runs": {
                "batter": 1,
                "extras": 0,
                "total": 1
              }
            },
            {
              "batter": "BJ McMullen",
              "bowler": "AM Ghazanfar",
              "non_striker": "AM Rossington",
              "runs": {
                "batter": 0,
                "extras": 0,
                "total": 0
              }
            },
            {
              "batter": "BJ McMullen",
              "bowler": "AM Ghazanfar",
              "non_striker": "AM Rossington",
              "runs": {
                "batter": 2,
                "extras": 0,
                "total": 2
              }
            },
            {
              "batter": "BJ McMullen",
              "bowler": "AM Ghazanfar",
              "non_striker": "AM Rossington",
              "runs": {
                "batter": 0,
                "extras": 0,
                "total": 0
              }
            },
            {
              "batter": "BJ McMullen",
              "bowler": "AM Ghazanfar",
              "non_striker": "AM Rossington",
              "runs": {
                "batter": 0,
                "extras": 0,
                "total": 0
              }
            }
          ]
        },
        {
          "over": 6,
          "deliveries": [
            {
              "batter": "AM Rossington",
              "bowler": "AS Joseph",
              "non_striker": "BJ McMullen",
              "runs": {
                "batter": 1,
                "extras": 0,
                "total": 1
              }
            },
            {
              "batter": "BJ McMullen",
              "bowler": "AS Joseph",
              "non_striker": "AM Rossington",
              "runs": {
                "batter": 0,
                "extras": 0,
                "total": 0
              }
            },
            {
              "batter": "BJ McMullen",
              "bowler": "AS Joseph",
              "non_striker": "AM Rossington",
              "runs": {
                "batter": 1,
                "extras": 0,
                "total": 1
              }
            },
            {
              "batter": "AM Rossington",
              "bowler": "AS Joseph",
              "non_striker": "BJ McMullen",
              "runs": {
                "batter": 2,
                "extras": 0,
                "total": 2
              }
            },
            {
              "batter": "AM Rossington",
              "bowler": "AS Joseph",
              "non_striker": "BJ McMullen",
              "runs": {
                "batter": 0,
                "extras": 0,
                "total": 0
              }
            },
            {
              "batter": "AM Rossington",
              "bowler": "AS Joseph",
              "non_striker": "BJ McMullen",
              "runs": {
                "batter": 0,
                "extras": 0,
                "total": 0
              },
              "wickets": [
                {
                  "player_out": "AM Rossington",
                  "kind": "bowled"
                }
              ]
            }
          ]
        },
        {
          "over": 7,
          "deliveries": [
            {
              "batter": "BJ McMullen",
              "bowler": "AM Ghazanfar",
              "non_striker": "Sikandar Raza",
              "runs": {
                "batter": 1,
                "extras": 0,
                "total": 1
              }
            },
            {
              "batter": "Sikandar Raza",
              "bowler": "AM Ghazanfar",
              "non_striker": "BJ McMullen",
              "runs": {
                "batter": 1,
                "extras": 0,
                "total": 1
              }
            },
            {
              "batter": "BJ McMullen",
              "bowler": "AM Ghazanfar",
              "non_striker": "Sikandar Raza",
              "runs": {
                "batter": 0,
                "extras": 0,
                "total": 0
              }
            },
            {
              "batter": "BJ McMullen",
              "bowler": "AM Ghazanfar",
              "non_striker": "Sikandar Raza",
              "runs": {
                "batter": 1,
                "extras": 0,
                "total": 1
              }
            },
            {
              "batter": "Sikandar Raza",
              "bowler": "AM Ghazanfar",
              "non_striker": "BJ McMullen",
              "runs": {
                "batter": 1,
                "extras": 0,
                "total": 1
              }
            },
            {
              "batter": "BJ McMullen",
              "bowler": "AM Ghazanfar",
              "non_striker": "Sikandar Raza",
              "runs": {
                "batter": 4,
                "extras": 0,
                "total": 4
              }
            }
          ]
        },
        {
          "over": 8,
          "deliveries": [
            {
              "batter": "Sikandar Raza",
              "bowler": "AS Joseph",
              "non_striker": "BJ McMullen",
              "runs": {
                "batter": 1,
                "extras": 0,
                "total": 1
              }
            },
            {
              "batter": "BJ McMullen",
              "bowler": "AS Joseph",
              "non_striker": "Sikandar Raza",
              "runs": {
                "batter": 2,
                "extras": 0,
                "total": 2
              }
            },
            {
              "batter": "BJ McMullen",
              "bowler": "AS Joseph",
              "non_striker": "Sikandar Raza",
              "runs": {
                "batter": 0,
                "extras": 0,
                "total": 0
              }
            },
            {
              "batter": "BJ McMullen",
              "bowler": "AS Joseph",
              "non_striker": "Sikandar Raza",
              "runs": {
                "batter": 1,
                "extras": 0,
                "total": 1
              }
            },
            {
              "batter": "Sikandar Raza",
              "bowler": "AS Joseph",
              "non_striker": "BJ McMullen",
              "runs": {
                "batter": 0,
                "extras": 0,
                "total": 0
              }
            },
            {
              "batter": "Sikandar Raza",
              "bowler": "AS Joseph",
              "non_striker": "BJ McMullen",
              "runs": {
                "batter": 1,
                "extras": 0,
                "total": 1
              }
            }
          ]
        },
        {
          "over": 9,
          "deliveries": [
            {
              "batter": "Sikandar Raza",
              "bowler": "Waqar Salamkheil",
              "non_striker": "BJ McMullen",
              "runs": {
                "batter": 1,
                "extras": 0,
                "total": 1
              }
            },
            {
              "batter": "BJ McMullen",
              "bowler": "Waqar Salamkheil",
              "non_striker": "Sikandar Raza",
              "runs": {
                "batter": 1,
                "extras": 0,
                "total": 1
              }
            },
            {
              "batter": "Sikandar Raza",
              "bowler": "Waqar Salamkheil",
              "non_striker": "BJ McMullen",
              "runs": {
                "batter": 0,
                "extras": 0,
                "total": 0
              }
            },
            {
              "batter": "Sikandar Raza",
              "bowler": "Waqar Salamkheil",
              "non_striker": "BJ McMullen",
              "runs": {
                "batter": 4,
                "extras": 0,
                "total": 4
              }
            },
            {
              "batter": "Sikandar Raza",
              "bowler": "Waqar Salamkheil",
              "non_striker": "BJ McMullen",
              "runs": {
                "batter": 1,
                "extras": 0,
                "total": 1
              }
            },
            {
              "batter": "BJ McMullen",
              "bowler": "Waqar Salamkheil",
              "non_striker": "Sikandar Raza",
              "runs": {
                "batter": 0,
                "extras": 0,
                "total": 0
              }
            }
          ]
        },
        {
          "over": 10,
          "deliveries": [
            {
              "batter": "Sikandar Raza",
              "bowler": "Zahoor Khan",
              "non_striker": "BJ McMullen",
              "runs": {
                "batter": 0,
                "extras": 0,
                "total": 0
              },
              "wickets": [
                {
                  "player_out": "Sikandar Raza",
                  "fielders": [
                    {
                      "name": "T Banton"
                    }
                  ],
                  "kind": "caught"
                }
              ]
            },
            {
              "batter": "R Powell",
              "bowler": "Zahoor Khan",
              "non_striker": "BJ McMullen",
              "runs": {
                "batter": 0,
                "extras": 0,
                "total": 0
              }
            },
            {
              "batter": "R Powell",
              "bowler": "Zahoor Khan",
              "non_striker": "BJ McMullen",
              "runs": {
                "batter": 1,
                "extras": 0,
                "total": 1
              }
            },
            {
              "batter": "BJ McMullen",
              "bowler": "Zahoor Khan",
              "non_striker": "R Powell",
              "runs": {
                "batter": 2,
                "extras": 0,
                "total": 2
              }
            },
            {
              "batter": "BJ McMullen",
              "bowler": "Zahoor Khan",
              "non_striker": "R Powell",
              "runs": {
                "batter": 2,
                "extras": 0,
                "total": 2
              }
            },
            {
              "batter": "BJ McMullen",
              "bowler": "Zahoor Khan",
              "non_striker": "R Powell",
              "runs": {
                "batter": 1,
                "extras": 0,
                "total": 1
              }
            }
          ]
        },
        {
          "over": 11,
          "deliveries": [
            {
              "batter": "BJ McMullen",
              "bowler": "Waqar Salamkheil",
              "non_striker": "R Powell",
              "runs": {
                "batter": 0,
                "extras": 0,
                "total": 0
              }
            },
            {
              "batter": "BJ McMullen",
              "bowler": "Waqar Salamkheil",
              "non_striker": "R Powell",
              "runs": {
                "batter": 0,
                "extras": 0,
                "total": 0
              }
            },
            {
              "batter": "BJ McMullen",
              "bowler": "Waqar Salamkheil",
              "non_striker": "R Powell",
              "runs": {
                "batter": 0,
                "extras": 0,
                "total": 0
              }
            },
            {
              "batter": "BJ McMullen",
              "bowler": "Waqar Salamkheil",
              "non_striker": "R Powell",
              "runs": {
                "batter": 1,
                "extras": 0,
                "total": 1
              }
            },
            {
              "batter": "R Powell",
              "bowler": "Waqar Salamkheil",
              "non_striker": "BJ McMullen",
              "runs": {
                "batter": 1,
                "extras": 0,
                "total": 1
              }
            },
            {
              "batter": "BJ McMullen",
              "bowler": "Waqar Salamkheil",
              "non_striker": "R Powell",
              "runs": {
                "batter": 1,
                "extras": 0,
                "total": 1
              }
            }
          ]
        },
        {
          "over": 12,
          "deliveries": [
            {
              "batter": "BJ McMullen",
              "bowler": "AM Ghazanfar",
              "non_striker": "R Powell",
              "runs": {
                "batter": 1,
                "extras": 0,
                "total": 1
              }
            },
            {
              "batter": "R Powell",
              "bowler": "AM Ghazanfar",
              "non_striker": "BJ McMullen",
              "runs": {
                "batter": 0,
                "extras": 0,
                "total": 0
              }
            },
            {
              "batter": "R Powell",
              "bowler": "AM Ghazanfar",
              "non_striker": "BJ McMullen",
              "runs": {
                "batter": 1,
                "extras": 0,
                "total": 1
              }
            },
            {
              "batter": "BJ McMullen",
              "bowler": "AM Ghazanfar",
              "non_striker": "R Powell",
              "runs": {
                "batter": 1,
                "extras": 0,
                "total": 1
              }
            },
            {
              "batter": "R Powell",
              "bowler": "AM Ghazanfar",
              "non_striker": "BJ McMullen",
              "runs": {
                "batter": 1,
                "extras": 0,
                "total": 1
              }
            },
            {
              "batter": "BJ McMullen",
              "bowler": "AM Ghazanfar",
              "non_striker": "R Powell",
              "runs": {
                "batter": 6,
                "extras": 0,
                "total": 6
              }
            }
          ]
        },
        {
          "over": 13,
          "deliveries": [
            {
              "batter": "R Powell",
              "bowler": "Waqar Salamkheil",
              "non_striker": "BJ McMullen",
              "runs": {
                "batter": 1,
                "extras": 0,
                "total": 1
              }
            },
            {
              "batter": "BJ McMullen",
              "bowler": "Waqar Salamkheil",
              "non_striker": "R Powell",
              "runs": {
                "batter": 6,
                "extras": 0,
                "total": 6
              }
            },
            {
              "batter": "BJ McMullen",
              "bowler": "Waqar Salamkheil",
              "non_striker": "R Powell",
              "runs": {
                "batter": 0,
                "extras": 0,
                "total": 0
              }
            },
            {
              "batter": "BJ McMullen",
              "bowler": "Waqar Salamkheil",
              "non_striker": "R Powell",
              "runs": {
                "batter": 2,
                "extras": 0,
                "total": 2
              }
            },
            {
              "batter": "BJ McMullen",
              "bowler": "Waqar Salamkheil",
              "non_striker": "R Powell",
              "runs": {
                "batter": 4,
                "extras": 0,
                "total": 4
              }
            },
            {
              "batter": "BJ McMullen",
              "bowler": "Waqar Salamkheil",
              "non_striker": "R Powell",
              "runs": {
                "batter": 1,
                "extras": 0,
                "total": 1
              }
            }
          ]
        },
        {
          "over": 14,
          "deliveries": [
            {
              "batter": "BJ McMullen",
              "bowler": "AS Joseph",
              "non_striker": "R Powell",
              "runs": {
                "batter": 1,
                "extras": 0,
                "total": 1
              }
            },
            {
              "batter": "R Powell",
              "bowler": "AS Joseph",
              "non_striker": "BJ McMullen",
              "runs": {
                "batter": 0,
                "extras": 0,
                "total": 0
              }
            },
            {
              "batter": "R Powell",
              "bowler": "AS Joseph",
              "non_striker": "BJ McMullen",
              "runs": {
                "batter": 1,
                "extras": 0,
                "total": 1
              }
            },
            {
              "batter": "BJ McMullen",
              "bowler": "AS Joseph",
              "non_striker": "R Powell",
              "runs": {
                "batter": 4,
                "extras": 0,
                "total": 4
              }
            },
            {
              "batter": "BJ McMullen",
              "bowler": "AS Joseph",
              "non_striker": "R Powell",
              "runs": {
                "batter": 0,
                "extras": 0,
                "total": 0
              }
            },
            {
              "batter": "BJ McMullen",
              "bowler": "AS Joseph",
              "non_striker": "R Powell",
              "runs": {
                "batter": 1,
                "extras": 0,
                "total": 1
              }
            }
          ]
        },
        {
          "over": 15,
          "deliveries": [
            {
              "batter": "BJ McMullen",
              "bowler": "Zahoor Khan",
              "extras": {
                "legbyes": 1
              },
              "non_striker": "R Powell",
              "runs": {
                "batter": 0,
                "extras": 1,
                "total": 1
              }
            },
            {
              "batter": "R Powell",
              "bowler": "Zahoor Khan",
              "non_striker": "BJ McMullen",
              "runs": {
                "batter": 6,
                "extras": 0,
                "total": 6
              }
            },
            {
              "batter": "R Powell",
              "bowler": "Zahoor Khan",
              "non_striker": "BJ McMullen",
              "runs": {
                "batter": 0,
                "extras": 0,
                "total": 0
              }
            },
            {
              "batter": "R Powell",
              "bowler": "Zahoor Khan",
              "non_striker": "BJ McMullen",
              "runs": {
                "batter": 4,
                "extras": 0,
                "total": 4
              }
            },
            {
              "batter": "R Powell",
              "bowler": "Zahoor Khan",
              "non_striker": "BJ McMullen",
              "runs": {
                "batter": 2,
                "extras": 0,
                "total": 2
              }
            },
            {
              "batter": "R Powell",
              "bowler": "Zahoor Khan",
              "non_striker": "BJ McMullen",
              "runs": {
                "batter": 0,
                "extras": 0,
                "total": 0
              }
            }
          ]
        },
        {
          "over": 16,
          "deliveries": [
            {
              "batter": "BJ McMullen",
              "bowler": "Fazalhaq Farooqi",
              "non_striker": "R Powell",
              "runs": {
                "batter": 0,
                "extras": 0,
                "total": 0
              }
            },
            {
              "batter": "BJ McMullen",
              "bowler": "Fazalhaq Farooqi",
              "non_striker": "R Powell",
              "runs": {
                "batter": 0,
                "extras": 0,
                "total": 0
              }
            },
            {
              "batter": "BJ McMullen",
              "bowler": "Fazalhaq Farooqi",
              "non_striker": "R Powell",
              "runs": {
                "batter": 0,
                "extras": 0,
                "total": 0
              },
              "wickets": [
                {
                  "player_out": "BJ McMullen",
                  "fielders": [
                    {
                      "name": "Waseem Muhammad"
                    }
                  ],
                  "kind": "caught"
                }
              ]
            },
            {
              "batter": "MD Shanaka",
              "bowler": "Fazalhaq Farooqi",
              "non_striker": "R Powell",
              "runs": {
                "batter": 0,
                "extras": 0,
                "total": 0
              }
            },
            {
              "batter": "MD Shanaka",
              "bowler": "Fazalhaq Farooqi",
              "non_striker": "R Powell",
              "runs": {
                "batter": 1,
                "extras": 0,
                "total": 1
              }
            },
            {
              "batter": "R Powell",
              "bowler": "Fazalhaq Farooqi",
              "extras": {
                "legbyes": 1
              },
              "non_striker": "MD Shanaka",
              "runs": {
                "batter": 0,
                "extras": 1,
                "total": 1
              }
            }
          ]
        },
        {
          "over": 17,
          "deliveries": [
            {
              "batter": "R Powell",
              "bowler": "AS Joseph",
              "non_striker": "MD Shanaka",
              "replacements": {
                "match": [
                  {
                    "in": "MDKJ Perera",
                    "out": "Waqar Salamkheil",
                    "team": "MI Emirates",
                    "reason": "impact_player"
                  }
                ]
              },
              "runs": {
                "batter": 0,
                "extras": 0,
                "total": 0
              }
            },
            {
              "batter": "R Powell",
              "bowler": "AS Joseph",
              "non_striker": "MD Shanaka",
              "runs": {
                "batter": 6,
                "extras": 0,
                "total": 6
              }
            },
            {
              "batter": "R Powell",
              "bowler": "AS Joseph",
              "non_striker": "MD Shanaka",
              "runs": {
                "batter": 0,
                "extras": 0,
                "total": 0
              }
            },
            {
              "batter": "R Powell",
              "bowler": "AS Joseph",
              "non_striker": "MD Shanaka",
              "runs": {
                "batter": 1,
                "extras": 0,
                "total": 1
              }
            },
            {
              "batter": "MD Shanaka",
              "bowler": "AS Joseph",
              "non_striker": "R Powell",
              "runs": {
                "batter": 2,
                "extras": 0,
                "total": 2
              }
            },
            {
              "batter": "MD Shanaka",
              "bowler": "AS Joseph",
              "non_striker": "R Powell",
              "runs": {
                "batter": 4,
                "extras": 0,
                "total": 4
              }
            }
          ]
        },
        {
          "over": 18,
          "deliveries": [
            {
              "batter": "R Powell",
              "bowler": "Fazalhaq Farooqi",
              "non_striker": "MD Shanaka",
              "runs": {
                "batter": 0,
                "extras": 0,
                "total": 0
              },
              "wickets": [
                {
                  "player_out": "R Powell",
                  "kind": "bowled"
                }
              ]
            },
            {
              "batter": "Gulbadin Naib",
              "bowler": "Fazalhaq Farooqi",
              "non_striker": "MD Shanaka",
              "runs": {
                "batter": 1,
                "extras": 0,
                "total": 1
              }
            },
            {
              "batter": "MD Shanaka",
              "bowler": "Fazalhaq Farooqi",
              "non_striker": "Gulbadin Naib",
              "runs": {
                "batter": 4,
                "extras": 0,
                "total": 4
              }
            },
            {
              "batter": "MD Shanaka",
              "bowler": "Fazalhaq Farooqi",
              "non_striker": "Gulbadin Naib",
              "runs": {
                "batter": 2,
                "extras": 0,
                "total": 2
              }
            },
            {
              "batter": "MD Shanaka",
              "bowler": "Fazalhaq Farooqi",
              "non_striker": "Gulbadin Naib",
              "runs": {
                "batter": 0,
                "extras": 0,
                "total": 0
              },
              "wickets": [
                {
                  "player_out": "MD Shanaka",
                  "fielders": [
                    {
                      "name": "KA Pollard"
                    }
                  ],
                  "kind": "caught"
                }
              ]
            },
            {
              "batter": "OP Stone",
              "bowler": "Fazalhaq Farooqi",
              "non_striker": "Gulbadin Naib",
              "runs": {
                "batter": 0,
                "extras": 0,
                "total": 0
              },
              "wickets": [
                {
                  "player_out": "OP Stone",
                  "kind": "bowled"
                }
              ]
            }
          ]
        },
        {
          "over": 19,
          "deliveries": [
            {
              "batter": "Gulbadin Naib",
              "bowler": "Zahoor Khan",
              "non_striker": "OC McCoy",
              "runs": {
                "batter": 1,
                "extras": 0,
                "total": 1
              }
            },
            {
              "batter": "OC McCoy",
              "bowler": "Zahoor Khan",
              "non_striker": "Gulbadin Naib",
              "runs": {
                "batter": 0,
                "extras": 0,
                "total": 0
              }
            },
            {
              "batter": "OC McCoy",
              "bowler": "Zahoor Khan",
              "non_striker": "Gulbadin Naib",
              "runs": {
                "batter": 0,
                "extras": 0,
                "total": 0
              }
            },
            {
              "batter": "OC McCoy",
              "bowler": "Zahoor Khan",
              "non_striker": "Gulbadin Naib",
              "runs": {
                "batter": 0,
                "extras": 0,
                "total": 0
              },
              "wickets": [
                {
                  "player_out": "Gulbadin Naib",
                  "fielders": [
                    {
                      "name": "N Pooran"
                    }
                  ],
                  "kind": "run out"
                }
              ]
            },
            {
              "batter": "Farhan Khan",
              "bowler": "Zahoor Khan",
              "extras": {
                "wides": 1
              },
              "non_striker": "OC McCoy",
              "runs": {
                "batter": 0,
                "extras": 1,
                "total": 1
              }
            },
            {
              "batter": "Farhan Khan",
              "bowler": "Zahoor Khan",
              "non_striker": "OC McCoy",
              "runs": {
                "batter": 0,
                "extras": 0,
                "total": 0
              }
            },
            {
              "batter": "Farhan Khan",
              "bowler": "Zahoor Khan",
              "non_striker": "OC McCoy",
              "runs": {
                "batter": 2,
                "extras": 0,
                "total": 2
              }
            }
          ]
        }
      ],
      "powerplays": [
        {
          "from": 0.1,
          "to": 5.6,
          "type": "mandatory"
        }
      ]
    },
    {
      "team": "MI Emirates",
      "overs": [
        {
          "over": 0,
          "deliveries": [
            {
              "batter": "Waseem Muhammad",
              "bowler": "OP Stone",
              "non_striker": "MDKJ Perera",
              "replacements": {
                "match": [
                  {
                    "in": "Zahir Khan",
                    "out": "AM Rossington",
                    "team": "Dubai Capitals",
                    "reason": "impact_player"
                  }
                ]
              },
              "runs": {
                "batter": 0,
                "extras": 0,
                "total": 0
              }
            },
            {
              "batter": "Waseem Muhammad",
              "bowler": "OP Stone",
              "non_striker": "MDKJ Perera",
              "runs": {
                "batter": 0,
                "extras": 0,
                "total": 0
              },
              "wickets": [
                {
                  "player_out": "Waseem Muhammad",
                  "kind": "bowled"
                }
              ]
            },
            {
              "batter": "ADS Fletcher",
              "bowler": "OP Stone",
              "extras": {
                "byes": 1
              },
              "non_striker": "MDKJ Perera",
              "runs": {
                "batter": 0,
                "extras": 1,
                "total": 1
              }
            },
            {
              "batter": "MDKJ Perera",
              "bowler": "OP Stone",
              "extras": {
                "legbyes": 1
              },
              "non_striker": "ADS Fletcher",
              "runs": {
                "batter": 0,
                "extras": 1,
                "total": 1
              }
            },
            {
              "batter": "ADS Fletcher",
              "bowler": "OP Stone",
              "non_striker": "MDKJ Perera",
              "runs": {
                "batter": 0,
                "extras": 0,
                "total": 0
              }
            },
            {
              "batter": "ADS Fletcher",
              "bowler": "OP Stone",
              "non_striker": "MDKJ Perera",
              "runs": {
                "batter": 0,
                "extras": 0,
                "total": 0
              }
            }
          ]
        },
        {
          "over": 1,
          "deliveries": [
            {
              "batter": "MDKJ Perera",
              "bowler": "OC McCoy",
              "non_striker": "ADS Fletcher",
              "runs": {
                "batter": 1,
                "extras": 0,
                "total": 1
              }
            },
            {
              "batter": "ADS Fletcher",
              "bowler": "OC McCoy",
              "non_striker": "MDKJ Perera",
              "runs": {
                "batter": 0,
                "extras": 0,
                "total": 0
              }
            },
            {
              "batter": "ADS Fletcher",
              "bowler": "OC McCoy",
              "non_striker": "MDKJ Perera",
              "runs": {
                "batter": 0,
                "extras": 0,
                "total": 0
              }
            },
            {
              "batter": "ADS Fletcher",
              "bowler": "OC McCoy",
              "non_striker": "MDKJ Perera",
              "runs": {
                "batter": 0,
                "extras": 0,
                "total": 0
              }
            },
            {
              "batter": "ADS Fletcher",
              "bowler": "OC McCoy",
              "non_striker": "MDKJ Perera",
              "runs": {
                "batter": 0,
                "extras": 0,
                "total": 0
              }
            },
            {
              "batter": "ADS Fletcher",
              "bowler": "OC McCoy",
              "non_striker": "MDKJ Perera",
              "runs": {
                "batter": 0,
                "extras": 0,
                "total": 0
              }
            }
          ]
        },
        {
          "over": 2,
          "deliveries": [
            {
              "batter": "MDKJ Perera",
              "bowler": "OP Stone",
              "extras": {
                "legbyes": 1
              },
              "non_striker": "ADS Fletcher",
              "runs": {
                "batter": 0,
                "extras": 1,
                "total": 1
              }
            },
            {
              "batter": "ADS Fletcher",
              "bowler": "OP Stone",
              "non_striker": "MDKJ Perera",
              "runs": {
                "batter": 0,
                "extras": 0,
                "total": 0
              },
              "wickets": [
                {
                  "player_out": "ADS Fletcher",
                  "fielders": [
                    {
                      "name": "R Powell"
                    }
                  ],
                  "kind": "caught"
                }
              ]
            },
            {
              "batter": "T Banton",
              "bowler": "OP Stone",
              "non_striker": "MDKJ Perera",
              "runs": {
                "batter": 0,
                "extras": 0,
                "total": 0
              }
            },
            {
              "batter": "T Banton",
              "bowler": "OP Stone",
              "non_striker": "MDKJ Perera",
              "runs": {
                "batter": 1,
                "extras": 0,
                "total": 1
              }
            },
            {
              "batter": "MDKJ Perera",
              "bowler": "OP Stone",
              "non_striker": "T Banton",
              "runs": {
                "batter": 4,
                "extras": 0,
                "total": 4
              }
            },
            {
              "batter": "MDKJ Perera",
              "bowler": "OP Stone",
              "non_striker": "T Banton",
              "runs": {
                "batter": 1,
                "extras": 0,
                "total": 1
              }
            }
          ]
        },
        {
          "over": 3,
          "deliveries": [
            {
              "batter": "MDKJ Perera",
              "bowler": "Farhan Khan",
              "non_striker": "T Banton",
              "runs": {
                "batter": 1,
                "extras": 0,
                "total": 1
              }
            },
            {
              "batter": "T Banton",
              "bowler": "Farhan Khan",
              "non_striker": "MDKJ Perera",
              "runs": {
                "batter": 0,
                "extras": 0,
                "total": 0
              }
            },
            {
              "batter": "T Banton",
              "bowler": "Farhan Khan",
              "non_striker": "MDKJ Perera",
              "runs": {
                "batter": 4,
                "extras": 0,
                "total": 4
              }
            },
            {
              "batter": "T Banton",
              "bowler": "Farhan Khan",
              "non_striker": "MDKJ Perera",
              "runs": {
                "batter": 0,
                "extras": 0,
                "total": 0
              }
            },
            {
              "batter": "T Banton",
              "bowler": "Farhan Khan",
              "non_striker": "MDKJ Perera",
              "runs": {
                "batter": 2,
                "extras": 0,
                "total": 2
              }
            },
            {
              "batter": "T Banton",
              "bowler": "Farhan Khan",
              "non_striker": "MDKJ Perera",
              "runs": {
                "batter": 0,
                "extras": 0,
                "total": 0
              },
              "wickets": [
                {
                  "player_out": "T Banton",
                  "fielders": [
                    {
                      "name": "Zahir Khan"
                    }
                  ],
                  "kind": "caught"
                }
              ]
            }
          ]
        },
        {
          "over": 4,
          "deliveries": [
            {
              "batter": "MDKJ Perera",
              "bowler": "OC McCoy",
              "non_striker": "N Pooran",
              "runs": {
                "batter": 1,
                "extras": 0,
                "total": 1
              }
            },
            {
              "batter": "N Pooran",
              "bowler": "OC McCoy",
              "non_striker": "MDKJ Perera",
              "runs": {
                "batter": 1,
                "extras": 0,
                "total": 1
              }
            },
            {
              "batter": "MDKJ Perera",
              "bowler": "OC McCoy",
              "non_striker": "N Pooran",
              "runs": {
                "batter": 4,
                "extras": 0,
                "total": 4
              }
            },
            {
              "batter": "MDKJ Perera",
              "bowler": "OC McCoy",
              "non_striker": "N Pooran",
              "runs": {
                "batter": 0,
                "extras": 0,
                "total": 0
              },
              "wickets": [
                {
                  "player_out": "MDKJ Perera",
                  "fielders": [
                    {
                      "name": "Farhan Khan"
                    }
                  ],
                  "kind": "caught"
                }
              ]
            },
            {
              "batter": "AJ Hosein",
              "bowler": "OC McCoy",
              "non_striker": "N Pooran",
              "runs": {
                "batter": 0,
                "extras": 0,
                "total": 0
              }
            },
            {
              "batter": "AJ Hosein",
              "bowler": "OC McCoy",
              "non_striker": "N Pooran",
              "runs": {
                "batter": 0,
                "extras": 0,
                "total": 0
              }
            }
          ]
        },
        {
          "over": 5,
          "deliveries": [
            {
              "batter": "N Pooran",
              "bowler": "Farhan Khan",
              "non_striker": "AJ Hosein",
              "runs": {
                "batter": 0,
                "extras": 0,
                "total": 0
              }
            },
            {
              "batter": "N Pooran",
              "bowler": "Farhan Khan",
              "non_striker": "AJ Hosein",
              "runs": {
                "batter": 0,
                "extras": 0,
                "total": 0
              }
            },
            {
              "batter": "N Pooran",
              "bowler": "Farhan Khan",
              "non_striker": "AJ Hosein",
              "runs": {
                "batter": 6,
                "extras": 0,
                "total": 6
              }
            },
            {
              "batter": "N Pooran",
              "bowler": "Farhan Khan",
              "non_striker": "AJ Hosein",
              "runs": {
                "batter": 4,
                "extras": 0,
                "total": 4
              }
            },
            {
              "batter": "N Pooran",
              "bowler": "Farhan Khan",
              "non_striker": "AJ Hosein",
              "runs": {
                "batter": 0,
                "extras": 0,
                "total": 0
              }
            },
            {
              "batter": "N Pooran",
              "bowler": "Farhan Khan",
              "non_striker": "AJ Hosein",
              "runs": {
                "batter": 1,
                "extras": 0,
                "total": 1
              }
            }
          ]
        },
        {
          "over": 6,
          "deliveries": [
            {
              "batter": "N Pooran",
              "bowler": "Sikandar Raza",
              "non_striker": "AJ Hosein",
              "runs": {
                "batter": 1,
                "extras": 0,
                "total": 1
              }
            },
            {
              "batter": "AJ Hosein",
              "bowler": "Sikandar Raza",
              "non_striker": "N Pooran",
              "runs": {
                "batter": 1,
                "extras": 0,
                "total": 1
              }
            },
            {
              "batter": "N Pooran",
              "bowler": "Sikandar Raza",
              "non_striker": "AJ Hosein",
              "runs": {
                "batter": 0,
                "extras": 0,
                "total": 0
              }
            },
            {
              "batter": "N Pooran",
              "bowler": "Sikandar Raza",
              "non_striker": "AJ Hosein",
              "runs": {
                "batter": 1,
                "extras": 0,
                "total": 1
              }
            },
            {
              "batter": "AJ Hosein",
              "bowler": "Sikandar Raza",
              "extras": {
                "byes": 1
              },
              "non_striker": "N Pooran",
              "runs": {
                "batter": 0,
                "extras": 1,
                "total": 1
              }
            },
            {
              "batter": "N Pooran",
              "bowler": "Sikandar Raza",
              "non_striker": "AJ Hosein",
              "runs": {
                "batter": 0,
                "extras": 0,
                "total": 0
              }
            }
          ]
        },
        {
          "over": 7,
          "deliveries": [
            {
              "batter": "AJ Hosein",
              "bowler": "Gulbadin Naib",
              "non_striker": "N Pooran",
              "runs": {
                "batter": 0,
                "extras": 0,
                "total": 0
              }
            },
            {
              "batter": "AJ Hosein",
              "bowler": "Gulbadin Naib",
              "non_striker": "N Pooran",
              "runs": {
                "batter": 1,
                "extras": 0,
                "total": 1
              }
            },
            {
              "batter": "N Pooran",
              "bowler": "Gulbadin Naib",
              "non_striker": "AJ Hosein",
              "runs": {
                "batter": 1,
                "extras": 0,
                "total": 1
              }
            },
            {
              "batter": "AJ Hosein",
              "bowler": "Gulbadin Naib",
              "non_striker": "N Pooran",
              "runs": {
                "batter": 0,
                "extras": 0,
                "total": 0
              }
            },
            {
              "batter": "AJ Hosein",
              "bowler": "Gulbadin Naib",
              "non_striker": "N Pooran",
              "runs": {
                "batter": 0,
                "extras": 0,
                "total": 0
              }
            },
            {
              "batter": "AJ Hosein",
              "bowler": "Gulbadin Naib",
              "non_striker": "N Pooran",
              "runs": {
                "batter": 0,
                "extras": 0,
                "total": 0
              }
            }
          ]
        },
        {
          "over": 8,
          "deliveries": [
            {
              "batter": "N Pooran",
              "bowler": "Sikandar Raza",
              "non_striker": "AJ Hosein",
              "runs": {
                "batter": 2,
                "extras": 0,
                "total": 2
              }
            },
            {
              "batter": "N Pooran",
              "bowler": "Sikandar Raza",
              "non_striker": "AJ Hosein",
              "runs": {
                "batter": 0,
                "extras": 0,
                "total": 0
              }
            },
            {
              "batter": "N Pooran",
              "bowler": "Sikandar Raza",
              "non_striker": "AJ Hosein",
              "runs": {
                "batter": 4,
                "extras": 0,
                "total": 4
              }
            },
            {
              "batter": "N Pooran",
              "bowler": "Sikandar Raza",
              "non_striker": "AJ Hosein",
              "runs": {
                "batter": 1,
                "extras": 0,
                "total": 1
              }
            },
            {
              "batter": "AJ Hosein",
              "bowler": "Sikandar Raza",
              "non_striker": "N Pooran",
              "runs": {
                "batter": 2,
                "extras": 0,
                "total": 2
              }
            },
            {
              "batter": "AJ Hosein",
              "bowler": "Sikandar Raza",
              "non_striker": "N Pooran",
              "runs": {
                "batter": 1,
                "extras": 0,
                "total": 1
              }
            }
          ]
        },
        {
          "over": 9,
          "deliveries": [
            {
              "batter": "AJ Hosein",
              "bowler": "Gulbadin Naib",
              "non_striker": "N Pooran",
              "runs": {
                "batter": 0,
                "extras": 0,
                "total": 0
              }
            },
            {
              "batter": "AJ Hosein",
              "bowler": "Gulbadin Naib",
              "non_striker": "N Pooran",
              "runs": {
                "batter": 1,
                "extras": 0,
                "total": 1
              }
            },
            {
              "batter": "N Pooran",
              "bowler": "Gulbadin Naib",
              "non_striker": "AJ Hosein",
              "runs": {
                "batter": 2,
                "extras": 0,
                "total": 2
              }
            },
            {
              "batter": "N Pooran",
              "bowler": "Gulbadin Naib",
              "non_striker": "AJ Hosein",
              "runs": {
                "batter": 1,
                "extras": 0,
                "total": 1
              }
            },
            {
              "batter": "AJ Hosein",
              "bowler": "Gulbadin Naib",
              "non_striker": "N Pooran",
              "review": {
                "by": "Dubai Capitals",
                "umpire": "Shiju Sam",
                "batter": "AJ Hosein",
                "decision": "struck down",
                "type": "wicket"
              },
              "runs": {
                "batter": 0,
                "extras": 0,
                "total": 0
              }
            },
            {
              "batter": "AJ Hosein",
              "bowler": "Gulbadin Naib",
              "non_striker": "N Pooran",
              "runs": {
                "batter": 0,
                "extras": 0,
                "total": 0
              }
            }
          ]
        },
        {
          "over": 10,
          "deliveries": [
            {
              "batter": "N Pooran",
              "bowler": "Sikandar Raza",
              "non_striker": "AJ Hosein",
              "runs": {
                "batter": 6,
                "extras": 0,
                "total": 6
              }
            },
            {
              "batter": "N Pooran",
              "bowler": "Sikandar Raza",
              "non_striker": "AJ Hosein",
              "runs": {
                "batter": 0,
                "extras": 0,
                "total": 0
              }
            },
            {
              "batter": "N Pooran",
              "bowler": "Sikandar Raza",
              "non_striker": "AJ Hosein",
              "runs": {
                "batter": 1,
                "extras": 0,
                "total": 1
              }
            },
            {
              "batter": "AJ Hosein",
              "bowler": "Sikandar Raza",
              "non_striker": "N Pooran",
              "runs": {
                "batter": 0,
                "extras": 0,
                "total": 0
              }
            },
            {
              "batter": "AJ Hosein",
              "bowler": "Sikandar Raza",
              "non_striker": "N Pooran",
              "runs": {
                "batter": 6,
                "extras": 0,
                "total": 6
              }
            },
            {
              "batter": "AJ Hosein",
              "bowler": "Sikandar Raza",
              "non_striker": "N Pooran",
              "runs": {
                "batter": 1,
                "extras": 0,
                "total": 1
              }
            }
          ]
        },
        {
          "over": 11,
          "deliveries": [
            {
              "batter": "AJ Hosein",
              "bowler": "Zahir Khan",
              "non_striker": "N Pooran",
              "runs": {
                "batter": 1,
                "extras": 0,
                "total": 1
              }
            },
            {
              "batter": "N Pooran",
              "bowler": "Zahir Khan",
              "non_striker": "AJ Hosein",
              "runs": {
                "batter": 0,
                "extras": 0,
                "total": 0
              }
            },
            {
              "batter": "N Pooran",
              "bowler": "Zahir Khan",
              "non_striker": "AJ Hosein",
              "runs": {
                "batter": 1,
                "extras": 0,
                "total": 1
              }
            },
            {
              "batter": "AJ Hosein",
              "bowler": "Zahir Khan",
              "non_striker": "N Pooran",
              "runs": {
                "batter": 1,
                "extras": 0,
                "total": 1
              }
            },
            {
              "batter": "N Pooran",
              "bowler": "Zahir Khan",
              "non_striker": "AJ Hosein",
              "runs": {
                "batter": 0,
                "extras": 0,
                "total": 0
              }
            },
            {
              "batter": "N Pooran",
              "bowler": "Zahir Khan",
              "non_striker": "AJ Hosein",
              "runs": {
                "batter": 2,
                "extras": 0,
                "total": 2
              }
            }
          ]
        },
        {
          "over": 12,
          "deliveries": [
            {
              "batter": "AJ Hosein",
              "bowler": "OP Stone",
              "non_striker": "N Pooran",
              "runs": {
                "batter": 2,
                "extras": 0,
                "total": 2
              }
            },
            {
              "batter": "AJ Hosein",
              "bowler": "OP Stone",
              "non_striker": "N Pooran",
              "runs": {
                "batter": 0,
                "extras": 0,
                "total": 0
              }
            },
            {
              "batter": "AJ Hosein",
              "bowler": "OP Stone",
              "non_striker": "N Pooran",
              "runs": {
                "batter": 1,
                "extras": 0,
                "total": 1
              }
            },
            {
              "batter": "N Pooran",
              "bowler": "OP Stone",
              "non_striker": "AJ Hosein",
              "runs": {
                "batter": 1,
                "extras": 0,
                "total": 1
              }
            },
            {
              "batter": "AJ Hosein",
              "bowler": "OP Stone",
              "non_striker": "N Pooran",
              "runs": {
                "batter": 2,
                "extras": 0,
                "total": 2
              }
            },
            {
              "batter": "AJ Hosein",
              "bowler": "OP Stone",
              "non_striker": "N Pooran",
              "runs": {
                "batter": 1,
                "extras": 0,
                "total": 1
              }
            }
          ]
        },
        {
          "over": 13,
          "deliveries": [
            {
              "batter": "AJ Hosein",
              "bowler": "Zahir Khan",
              "non_striker": "N Pooran",
              "runs": {
                "batter": 6,
                "extras": 0,
                "total": 6
              }
            },
            {
              "batter": "AJ Hosein",
              "bowler": "Zahir Khan",
              "non_striker": "N Pooran",
              "runs": {
                "batter": 1,
                "extras": 0,
                "total": 1
              }
            },
            {
              "batter": "N Pooran",
              "bowler": "Zahir Khan",
              "non_striker": "AJ Hosein",
              "runs": {
                "batter": 2,
                "extras": 0,
                "total": 2
              }
            },
            {
              "batter": "N Pooran",
              "bowler": "Zahir Khan",
              "non_striker": "AJ Hosein",
              "runs": {
                "batter": 0,
                "extras": 0,
                "total": 0
              }
            },
            {
              "batter": "N Pooran",
              "bowler": "Zahir Khan",
              "non_striker": "AJ Hosein",
              "runs": {
                "batter": 1,
                "extras": 0,
                "total": 1
              }
            },
            {
              "batter": "AJ Hosein",
              "bowler": "Zahir Khan",
              "non_striker": "N Pooran",
              "runs": {
                "batter": 1,
                "extras": 0,
                "total": 1
              }
            }
          ]
        },
        {
          "over": 14,
          "deliveries": [
            {
              "batter": "AJ Hosein",
              "bowler": "OC McCoy",
              "non_striker": "N Pooran",
              "runs": {
                "batter": 1,
                "extras": 0,
                "total": 1
              }
            },
            {
              "batter": "N Pooran",
              "bowler": "OC McCoy",
              "non_striker": "AJ Hosein",
              "runs": {
                "batter": 0,
                "extras": 0,
                "total": 0
              }
            },
            {
              "batter": "N Pooran",
              "bowler": "OC McCoy",
              "non_striker": "AJ Hosein",
              "runs": {
                "batter": 2,
                "extras": 0,
                "total": 2
              }
            },
            {
              "batter": "N Pooran",
              "bowler": "OC McCoy",
              "non_striker": "AJ Hosein",
              "runs": {
                "batter": 6,
                "extras": 0,
                "total": 6
              }
            },
            {
              "batter": "N Pooran",
              "bowler": "OC McCoy",
              "non_striker": "AJ Hosein",
              "runs": {
                "batter": 1,
                "extras": 0,
                "total": 1
              }
            },
            {
              "batter": "AJ Hosein",
              "bowler": "OC McCoy",
              "non_striker": "N Pooran",
              "runs": {
                "batter": 0,
                "extras": 0,
                "total": 0
              }
            }
          ]
        },
        {
          "over": 15,
          "deliveries": [
            {
              "batter": "N Pooran",
              "bowler": "Gulbadin Naib",
              "non_striker": "AJ Hosein",
              "runs": {
                "batter": 1,
                "extras": 0,
                "total": 1
              }
            },
            {
              "batter": "AJ Hosein",
              "bowler": "Gulbadin Naib",
              "non_striker": "N Pooran",
              "runs": {
                "batter": 0,
                "extras": 0,
                "total": 0
              },
              "wickets": [
                {
                  "player_out": "AJ Hosein",
                  "fielders": [
                    {
                      "name": "BJ McMullen"
                    }
                  ],
                  "kind": "caught"
                }
              ]
            },
            {
              "batter": "KA Pollard",
              "bowler": "Gulbadin Naib",
              "non_striker": "N Pooran",
              "runs": {
                "batter": 0,
                "extras": 0,
                "total": 0
              }
            },
            {
              "batter": "KA Pollard",
              "bowler": "Gulbadin Naib",
              "non_striker": "N Pooran",
              "runs": {
                "batter": 0,
                "extras": 0,
                "total": 0
              }
            },
            {
              "batter": "KA Pollard",
              "bowler": "Gulbadin Naib",
              "non_striker": "N Pooran",
              "runs": {
                "batter": 1,
                "extras": 0,
                "total": 1
              }
            },
            {
              "batter": "N Pooran",
              "bowler": "Gulbadin Naib",
              "non_striker": "KA Pollard",
              "runs": {
                "batter": 0,
                "extras": 0,
                "total": 0
              }
            }
          ]
        },
        {
          "over": 16,
          "deliveries": [
            {
              "batter": "KA Pollard",
              "bowler": "OC McCoy",
              "extras": {
                "wides": 1
              },
              "non_striker": "N Pooran",
              "runs": {
                "batter": 0,
                "extras": 1,
                "total": 1
              }
            },
            {
              "batter": "KA Pollard",
              "bowler": "OC McCoy",
              "non_striker": "N Pooran",
              "runs": {
                "batter": 1,
                "extras": 0,
                "total": 1
              }
            },
            {
              "batter": "N Pooran",
              "bowler": "OC McCoy",
              "non_striker": "KA Pollard",
              "runs": {
                "batter": 6,
                "extras": 0,
                "total": 6
              }
            },
            {
              "batter": "N Pooran",
              "bowler": "OC McCoy",
              "non_striker": "KA Pollard",
              "runs": {
                "batter": 1,
                "extras": 0,
                "total": 1
              }
            },
            {
              "batter": "KA Pollard",
              "bowler": "OC McCoy",
              "non_striker": "N Pooran",
              "runs": {
                "batter": 1,
                "extras": 0,
                "total": 1
              }
            },
            {
              "batter": "N Pooran",
              "bowler": "OC McCoy",
              "non_striker": "KA Pollard",
              "runs": {
                "batter": 1,
                "extras": 0,
                "total": 1
              }
            },
            {
              "batter": "KA Pollard",
              "bowler": "OC McCoy",
              "non_striker": "N Pooran",
              "runs": {
                "batter": 1,
                "extras": 0,
                "total": 1
              }
            }
          ]
        },
        {
          "over": 17,
          "deliveries": [
            {
              "batter": "KA Pollard",
              "bowler": "Gulbadin Naib",
              "non_striker": "N Pooran",
              "runs": {
                "batter": 1,
                "extras": 0,
                "total": 1
              }
            },
            {
              "batter": "N Pooran",
              "bowler": "Gulbadin Naib",
              "non_striker": "KA Pollard",
              "runs": {
                "batter": 4,
                "extras": 0,
                "total": 4
              }
            },
            {
              "batter": "N Pooran",
              "bowler": "Gulbadin Naib",
              "non_striker": "KA Pollard",
              "runs": {
                "batter": 0,
                "extras": 0,
                "total": 0
              },
              "wickets": [
                {
                  "player_out": "N Pooran",
                  "fielders": [
                    {
                      "name": "OP Stone"
                    }
                  ],
                  "kind": "caught"
                }
              ]
            },
            {
              "batter": "AS Joseph",
              "bowler": "Gulbadin Naib",
              "non_striker": "KA Pollard",
              "runs": {
                "batter": 0,
                "extras": 0,
                "total": 0
              }
            },
            {
              "batter": "AS Joseph",
              "bowler": "Gulbadin Naib",
              "non_striker": "KA Pollard",
              "runs": {
                "batter": 0,
                "extras": 0,
                "total": 0
              },
              "wickets": [
                {
                  "player_out": "AS Joseph",
                  "fielders": [
                    {
                      "name": "SD Hope"
                    }
                  ],
                  "kind": "caught"
                }
              ]
            },
            {
              "batter": "AM Ghazanfar",
              "bowler": "Gulbadin Naib",
              "non_striker": "KA Pollard",
              "runs": {
                "batter": 0,
                "extras": 0,
                "total": 0
              }
            }
          ]
        },
        {
          "over": 18,
          "deliveries": [
            {
              "batter": "KA Pollard",
              "bowler": "OP Stone",
              "non_striker": "AM Ghazanfar",
              "runs": {
                "batter": 0,
                "extras": 0,
                "total": 0
              }
            },
            {
              "batter": "KA Pollard",
              "bowler": "OP Stone",
              "non_striker": "AM Ghazanfar",
              "runs": {
                "batter": 1,
                "extras": 0,
                "total": 1
              }
            },
            {
              "batter": "AM Ghazanfar",
              "bowler": "OP Stone",
              "non_striker": "KA Pollard",
              "runs": {
                "batter": 0,
                "extras": 0,
                "total": 0
              }
            },
            {
              "batter": "AM Ghazanfar",
              "bowler": "OP Stone",
              "non_striker": "KA Pollard",
              "runs": {
                "batter": 0,
                "extras": 0,
                "total": 0
              }
            },
            {
              "batter": "AM Ghazanfar",
              "bowler": "OP Stone",
              "non_striker": "KA Pollard",
              "review": {
                "by": "Dubai Capitals",
                "umpire": "SJA Taufel",
                "batter": "AM Ghazanfar",
                "decision": "struck down",
                "type": "wicket"
              },
              "runs": {
                "batter": 0,
                "extras": 0,
                "total": 0
              }
            },
            {
              "batter": "AM Ghazanfar",
              "bowler": "OP Stone",
              "non_striker": "KA Pollard",
              "runs": {
                "batter": 0,
                "extras": 0,
                "total": 0
              }
            }
          ]
        },
        {
          "over": 19,
          "deliveries": [
            {
              "batter": "KA Pollard",
              "bowler": "Farhan Khan",
              "non_striker": "AM Ghazanfar",
              "runs": {
                "batter": 0,
                "extras": 0,
                "total": 0
              }
            },
            {
              "batter": "KA Pollard",
              "bowler": "Farhan Khan",
              "extras": {
                "wides": 1
              },
              "non_striker": "AM Ghazanfar",
              "runs": {
                "batter": 0,
                "extras": 1,
                "total": 1
              }
            },
            {
              "batter": "KA Pollard",
              "bowler": "Farhan Khan",
              "non_striker": "AM Ghazanfar",
              "runs": {
                "batter": 0,
                "extras": 0,
                "total": 0
              }
            },
            {
              "batter": "KA Pollard",
              "bowler": "Farhan Khan",
              "non_striker": "AM Ghazanfar",
              "runs": {
                "batter": 4,
                "extras": 0,
                "total": 4
              }
            },
            {
              "batter": "KA Pollard",
              "bowler": "Farhan Khan",
              "non_striker": "AM Ghazanfar",
              "runs": {
                "batter": 0,
                "extras": 0,
                "total": 0
              }
            },
            {
              "batter": "KA Pollard",
              "bowler": "Farhan Khan",
              "non_striker": "AM Ghazanfar",
              "runs": {
                "batter": 2,
                "extras": 0,
                "total": 2
              }
            },
            {
              "batter": "KA Pollard",
              "bowler": "Farhan Khan",
              "non_striker": "AM Ghazanfar",
              "runs": {
                "batter": 4,
                "extras": 0,
                "total": 4
              }
            }
          ]
        }
      ],
      "powerplays": [
        {
          "from": 0.1,
          "to": 5.6,
          "type": "mandatory"
        }
      ],
      "target": {
        "overs": 20,
        "runs": 134
      }
    }
  ]
}