{
  "meta": {
    "data_version": "1.1.0",
    "created": "2025-01-16",
    "revision": 1
  },
  "info": {
    "balls_per_over": 6,
    "city": "Abu Dhabi",
    "dates": [
      "2025-01-13"
    ],
    "event": {
      "name": "International League T20",
      "match_number": 4
    },
    "gender": "male",
    "match_type": "T20",
    "officials": {
      "match_referees": [
        "SJA Taufel"
      ],
      "reserve_umpires": [
        "Ahmed Shah Pakteen"
      ],
      "tv_umpires": [
        "P Wilson"
      ],
      "umpires": [
        "Bismillah Shinwari",
        "MJ Saggers"
      ]
    },
    "outcome": {
      "winner": "MI Emirates",
      "by": {
        "runs": 26
      }
    },
    "overs": 20,
    "player_of_match": [
      "T Banton"
    ],
    "players": {
      "MI Emirates": [
        "AM Ghazanfar",
        "MDKJ Perera",
        "Waseem Muhammad",
        "T Banton",
        "N Pooran",
        "KA Pollard",
        "R Shepherd",
        "AJ Hosein",
        "AS Joseph",
        "Zahoor Khan",
        "Waqar Salamkheil",
        "Fazalhaq Farooqi"
      ],
      "Dubai Capitals": [
        "Zahir Khan",
        "BR Dunk",
        "SD Hope",
        "BJ McMullen",
        "Sikandar Raza",
        "R Powell",
        "MD Shanaka",
        "Gulbadin Naib",
        "OP Stone",
        "Haider Ali",
        "PVD Chameera",
        "Farhan Khan"
      ]
    },
    "registry": {
      "people": {
        "AJ Hosein": "4d7f517e",
        "AM Ghazanfar": "9ca68676",
        "AS Joseph": "b0946605",
        "Ahmed Shah Pakteen": "43602937",
        "BJ McMullen": "436c763a",
        "BR Dunk": "272d796e",
        "Bismillah Shinwari": "cae815a0",
        "Farhan Khan": "617040e4",
        "Fazalhaq Farooqi": "e9c7f0d0",
        "Gulbadin Naib": "9f77963a",
        "Haider Ali": "dd572696",
        "KA Pollard": "a757b0d8",
        "MD Shanaka": "3ff033bb",
        "MDKJ Perera": "f21043a5",
        "MJ Saggers": "402d5937",
        "N Pooran": "3241e3fd",
        "OP Stone": "3f659464",
        "P Wilson": "68304a36",
        "PVD Chameera": "327b58d3",
        "R Powell": "650d5e49",
        "R Shepherd": "c5aef772",
        "SD Hope": "1fc6ef83",
        "SJA Taufel": "4b43d5ac",
        "Sikandar Raza": "26d041c4",
        "T Banton": "25f7b7d6",
        "Waqar Salamkheil": "3f1066d0",
        "Waseem Muhammad": "6f02fe2a",
        "Zahir Khan": "786b7fe8",
        "Zahoor Khan": "f0e293b0"
      }
    },
    "season": "2024/25",
    "team_type": "club",
    "teams": [
      "MI Emirates",
      "Dubai Capitals"
    ],
    "toss": {
      "decision": "field",
      "winner": "Dubai Capitals"
    },
    "venue": "Zayed Cricket Stadium, Abu Dhabi"
  },
  "innings": [
    {
      "team": "MI Emirates",
      "overs": [
        {
          "over": 0,
          "deliveries": [
            {
              "batter": "MDKJ Perera",
              "bowler": "OP Stone",
              "non_striker": "Waseem Muhammad",
              "runs": {
                "batter": 4,
                "extras": 0,
                "total": 4
              }
            },
            {
              "batter": "MDKJ Perera",
              "bowler": "OP Stone",
              "non_striker": "Waseem Muhammad",
              "runs": {
                "batter": 1,
                "extras": 0,
                "total": 1
              }
            },
            {
              "batter": "Waseem Muhammad",
              "bowler": "OP Stone",
              "non_striker": "MDKJ Perera",
              "runs": {
                "batter": 0,
                "extras": 0,
                "total": 0
              }
            },
            {
              "batter": "Waseem Muhammad",
              "bowler": "OP Stone",
              "non_striker": "MDKJ Perera",
              "runs": {
                "batter": 0,
                "extras": 0,
                "total": 0
              }
            },
            {
              "batter": "Waseem Muhammad",
              "bowler": "OP Stone",
              "non_striker": "MDKJ Perera",
              "runs": {
                "batter": 0,
                "extras": 0,
                "total": 0
              }
            },
            {
              "batter": "Waseem Muhammad",
              "bowler": "OP Stone",
              "non_striker": "MDKJ Perera",
              "runs": {
                "batter": 0,
                "extras": 0,
                "total": 0
              }
            }
          ]
        },
        {
          "over": 1,
          "deliveries": [
            {
              "batter": "MDKJ Perera",
              "bowler": "PVD Chameera",
              "non_striker": "Waseem Muhammad",
              "runs": {
                "batter": 0,
                "extras": 0,
                "total": 0
              },
              "wickets": [
                {
                  "player_out": "MDKJ Perera",
                  "kind": "bowled"
                }
              ]
            },
            {
              "batter": "T Banton",
              "bowler": "PVD Chameera",
              "non_striker": "Waseem Muhammad",
              "runs": {
                "batter": 2,
                "extras": 0,
                "total": 2
              }
            },
            {
              "batter": "T Banton",
              "bowler": "PVD Chameera",
              "non_striker": "Waseem Muhammad",
              "runs": {
                "batter": 0,
                "extras": 0,
                "total": 0
              }
            },
            {
              "batter": "T Banton",
              "bowler": "PVD Chameera",
              "non_striker": "Waseem Muhammad",
              "runs": {
                "batter": 4,
                "extras": 0,
                "total": 4
              }
            },
            {
              "batter": "T Banton",
              "bowler": "PVD Chameera",
              "non_striker": "Waseem Muhammad",
              "runs": {
                "batter": 1,
                "extras": 0,
                "total": 1
              }
            },
            {
              "batter": "Waseem Muhammad",
              "bowler": "PVD Chameera",
              "non_striker": "T Banton",
              "runs": {
                "batter": 2,
                "extras": 0,
                "total": 2
              }
            }
          ]
        },
        {
          "over": 2,
          "deliveries": [
            {
              "batter": "T Banton",
              "bowler": "OP Stone",
              "non_striker": "Waseem Muhammad",
              "runs": {
                "batter": 0,
                "extras": 0,
                "total": 0
              }
            },
            {
              "batter": "T Banton",
              "bowler": "OP Stone",
              "non_striker": "Waseem Muhammad",
              "runs": {
                "batter": 0,
                "extras": 0,
                "total": 0
              }
            },
            {
              "batter": "T Banton",
              "bowler": "OP Stone",
              "non_striker": "Waseem Muhammad",
              "runs": {
                "batter": 0,
                "extras": 0,
                "total": 0
              }
            },
            {
              "batter": "T Banton",
              "bowler": "OP Stone",
              "non_striker": "Waseem Muhammad",
              "runs": {
                "batter": 2,
                "extras": 0,
                "total": 2
              }
            },
            {
              "batter": "T Banton",
              "bowler": "OP Stone",
              "non_striker": "Waseem Muhammad",
              "runs": {
                "batter": 4,
                "extras": 0,
                "total": 4
              }
            },
            {
              "batter": "T Banton",
              "bowler": "OP Stone",
              "non_striker": "Waseem Muhammad",
              "runs": {
                "batter": 0,
                "extras": 0,
                "total": 0
              }
            }
          ]
        },
        {
          "over": 3,
          "deliveries": [
            {
              "batter": "Waseem Muhammad",
              "bowler": "Farhan Khan",
              "non_striker": "T Banton",
              "runs": {
                "batter": 1,
                "extras": 0,
                "total": 1
              }
            },
            {
              "batter": "T Banton",
              "bowler": "Farhan Khan",
              "non_striker": "Waseem Muhammad",
              "runs": {
                "batter": 1,
                "extras": 0,
                "total": 1
              }
            },
            {
              "batter": "Waseem Muhammad",
              "bowler": "Farhan Khan",
              "non_striker": "T Banton",
              "runs": {
                "batter": 4,
                "extras": 0,
                "total": 4
              }
            },
            {
              "batter": "Waseem Muhammad",
              "bowler": "Farhan Khan",
              "non_striker": "T Banton",
              "runs": {
                "batter": 1,
                "extras": 0,
                "total": 1
              }
            },
            {
              "batter": "T Banton",
              "bowler": "Farhan Khan",
              "non_striker": "Waseem Muhammad",
              "runs": {
                "batter": 4,
                "extras": 0,
                "total": 4
              }
            },
            {
              "batter": "T Banton",
              "bowler": "Farhan Khan",
              "non_striker": "Waseem Muhammad",
              "runs": {
                "batter": 1,
                "extras": 0,
                "total": 1
              }
            }
          ]
        },
        {
          "over": 4,
          "deliveries": [
            {
              "batter": "T Banton",
              "bowler": "PVD Chameera",
              "non_striker": "Waseem Muhammad",
              "runs": {
                "batter": 1,
                "extras": 0,
                "total": 1
              }
            },
            {
              "batter": "Waseem Muhammad",
              "bowler": "PVD Chameera",
              "non_striker": "T Banton",
              "runs": {
                "batter": 0,
                "extras": 0,
                "total": 0
              }
            },
            {
              "batter": "Waseem Muhammad",
              "bowler": "PVD Chameera",
              "non_striker": "T Banton",
              "runs": {
                "batter": 4,
                "extras": 0,
                "total": 4
              }
            },
            {
              "batter": "Waseem Muhammad",
              "bowler": "PVD Chameera",
              "non_striker": "T Banton",
              "runs": {
                "batter": 6,
                "extras": 0,
                "total": 6
              }
            },
            {
              "batter": "Waseem Muhammad",
              "bowler": "PVD Chameera",
              "non_striker": "T Banton",
              "runs": {
                "batter": 0,
                "extras": 0,
                "total": 0
              },
              "wickets": [
                {
                  "player_out": "Waseem Muhammad",
                  "fielders": [
                    {
                      "name": "Sikandar Raza"
                    }
                  ],
                  "kind": "run out"
                }
              ]
            },
            {
              "batter": "N Pooran",
              "bowler": "PVD Chameera",
              "non_striker": "T Banton",
              "runs": {
                "batter": 4,
                "extras": 0,
                "total": 4
              }
            }
          ]
        },
        {
          "over": 5,
          "deliveries": [
            {
              "batter": "T Banton",
              "bowler": "Farhan Khan",
              "non_striker": "N Pooran",
              "runs": {
                "batter": 1,
                "extras": 0,
                "total": 1
              }
            },
            {
              "batter": "N Pooran",
              "bowler": "Farhan Khan",
              "extras": {
                "wides": 1
              },
              "non_striker": "T Banton",
              "runs": {
                "batter": 0,
                "extras": 1,
                "total": 1
              }
            },
            {
              "batter": "N Pooran",
              "bowler": "Farhan Khan",
              "non_striker": "T Banton",
              "runs": {
                "batter": 0,
                "extras": 0,
                "total": 0
              }
            },
            {
              "batter": "N Pooran",
              "bowler": "Farhan Khan",
              "non_striker": "T Banton",
              "runs": {
                "batter": 0,
                "extras": 0,
                "total": 0
              }
            },
            {
              "batter": "N Pooran",
              "bowler": "Farhan Khan",
              "non_striker": "T Banton",
              "runs": {
                "batter": 0,
                "extras": 0,
                "total": 0
              }
            },
            {
              "batter": "N Pooran",
              "bowler": "Farhan Khan",
              "non_striker": "T Banton",
              "runs": {
                "batter": 1,
                "extras": 0,
                "total": 1
              }
            },
            {
              "batter": "T Banton",
              "bowler": "Farhan Khan",
              "non_striker": "N Pooran",
              "runs": {
                "batter": 0,
                "extras": 0,
                "total": 0
              }
            }
          ]
        },
        {
          "over": 6,
          "deliveries": [
            {
              "batter": "N Pooran",
              "bowler": "Gulbadin Naib",
              "non_striker": "T Banton",
              "runs": {
                "batter": 1,
                "extras": 0,
                "total": 1
              }
            },
            {
              "batter": "T Banton",
              "bowler": "Gulbadin Naib",
              "non_striker": "N Pooran",
              "runs": {
                "batter": 4,
                "extras": 0,
                "total": 4
              }
            },
            {
              "batter": "T Banton",
              "bowler": "Gulbadin Naib",
              "non_striker": "N Pooran",
              "runs": {
                "batter": 2,
                "extras": 0,
                "total": 2
              }
            },
            {
              "batter": "T Banton",
              "bowler": "Gulbadin Naib",
              "non_striker": "N Pooran",
              "runs": {
                "batter": 1,
                "extras": 0,
                "total": 1
              }
            },
            {
              "batter": "N Pooran",
              "bowler": "Gulbadin Naib",
              "non_striker": "T Banton",
              "runs": {
                "batter": 1,
                "extras": 0,
                "total": 1
              }
            },
            {
              "batter": "T Banton",
              "bowler": "Gulbadin Naib",
              "non_striker": "N Pooran",
              "runs": {
                "batter": 0,
                "extras": 0,
                "total": 0
              }
            }
          ]
        },
        {
          "over": 7,
          "deliveries": [
            {
              "batter": "N Pooran",
              "bowler": "Sikandar Raza",
              "non_striker": "T Banton",
              "runs": {
                "batter": 1,
                "extras": 0,
                "total": 1
              }
            },
            {
              "batter": "T Banton",
              "bowler": "Sikandar Raza",
              "non_striker": "N Pooran",
              "runs": {
                "batter": 0,
                "extras": 0,
                "total": 0
              }
            },
            {
              "batter": "T Banton",
              "bowler": "Sikandar Raza",
              "non_striker": "N Pooran",
              "runs": {
                "batter": 1,
                "extras": 0,
                "total": 1
              }
            },
            {
              "batter": "N Pooran",
              "bowler": "Sikandar Raza",
              "non_striker": "T Banton",
              "runs": {
                "batter": 1,
                "extras": 0,
                "total": 1
              }
            },
            {
              "batter": "T Banton",
              "bowler": "Sikandar Raza",
              "non_striker": "N Pooran",
              "runs": {
                "batter": 4,
                "extras": 0,
                "total": 4
              }
            },
            {
              "batter": "T Banton",
              "bowler": "Sikandar Raza",
              "non_striker": "N Pooran",
              "runs": {
                "batter": 1,
                "extras": 0,
                "total": 1
              }
            }
          ]
        },
        {
          "over": 8,
          "deliveries": [
            {
              "batter": "T Banton",
              "bowler": "Zahir Khan",
              "non_striker": "N Pooran",
              "runs": {
                "batter": 1,
                "extras": 0,
                "total": 1
              }
            },
            {
              "batter": "N Pooran",
              "bowler": "Zahir Khan",
              "non_striker": "T Banton",
              "runs": {
                "batter": 1,
                "extras": 0,
                "total": 1
              }
            },
            {
              "batter": "T Banton",
              "bowler": "Zahir Khan",
              "non_striker": "N Pooran",
              "runs": {
                "batter": 4,
                "extras": 0,
                "total": 4
              }
            },
            {
              "batter": "T Banton",
              "bowler": "Zahir Khan",
              "non_striker": "N Pooran",
              "runs": {
                "batter": 0,
                "extras": 0,
                "total": 0
              }
            },
            {
              "batter": "T Banton",
              "bowler": "Zahir Khan",
              "non_striker": "N Pooran",
              "runs": {
                "batter": 2,
                "extras": 0,
                "total": 2
              }
            },
            {
              "batter": "T Banton",
              "bowler": "Zahir Khan",
              "non_striker": "N Pooran",
              "runs": {
                "batter": 1,
                "extras": 0,
                "total": 1
              }
            }
          ]
        },
        {
          "over": 9,
          "deliveries": [
            {
              "batter": "T Banton",
              "bowler": "Sikandar Raza",
              "non_striker": "N Pooran",
              "runs": {
                "batter": 1,
                "extras": 0,
                "total": 1
              }
            },
            {
              "batter": "N Pooran",
              "bowler": "Sikandar Raza",
              "non_striker": "T Banton",
              "runs": {
                "batter": 6,
                "extras": 0,
                "total": 6
              }
            },
            {
              "batter": "N Pooran",
              "bowler": "Sikandar Raza",
              "non_striker": "T Banton",
              "runs": {
                "batter": 1,
                "extras": 0,
                "total": 1
              }
            },
            {
              "batter": "T Banton",
              "bowler": "Sikandar Raza",
              "non_striker": "N Pooran",
              "runs": {
                "batter": 1,
                "extras": 0,
                "total": 1
              }
            },
            {
              "batter": "N Pooran",
              "bowler": "Sikandar Raza",
              "non_striker": "T Banton",
              "runs": {
                "batter": 0,
                "extras": 0,
                "total": 0
              }
            },
            {
              "batter": "N Pooran",
              "bowler": "Sikandar Raza",
              "non_striker": "T Banton",
              "runs": {
                "batter": 1,
                "extras": 0,
                "total": 1
              }
            }
          ]
        },
        {
          "over": 10,
          "deliveries": [
            {
              "batter": "N Pooran",
              "bowler": "Zahir Khan",
              "non_striker": "T Banton",
              "runs": {
                "batter": 1,
                "extras": 0,
                "total": 1
              }
            },
            {
              "batter": "T Banton",
              "bowler": "Zahir Khan",
              "non_striker": "N Pooran",
              "runs": {
                "batter": 0,
                "extras": 0,
                "total": 0
              }
            },
            {
              "batter": "T Banton",
              "bowler": "Zahir Khan",
              "non_striker": "N Pooran",
              "runs": {
                "batter": 0,
                "extras": 0,
                "total": 0
              }
            },
            {
              "batter": "T Banton",
              "bowler": "Zahir Khan",
              "non_striker": "N Pooran",
              "runs": {
                "batter": 0,
                "extras": 0,
                "total": 0
              }
            },
            {
              "batter": "T Banton",
              "bowler": "Zahir Khan",
              "non_striker": "N Pooran",
              "runs": {
                "batter": 4,
                "extras": 0,
                "total": 4
              }
            },
            {
              "batter": "T Banton",
              "bowler": "Zahir Khan",
              "non_striker": "N Pooran",
              "runs": {
                "batter": 6,
                "extras": 0,
                "total": 6
              }
            }
          ]
        },
        {
          "over": 11,
          "deliveries": [
            {
              "batter": "N Pooran",
              "bowler": "Farhan Khan",
              "non_striker": "T Banton",
              "runs": {
                "batter": 1,
                "extras": 0,
                "total": 1
              }
            },
            {
              "batter": "T Banton",
              "bowler": "Farhan Khan",
              "non_striker": "N Pooran",
              "runs": {
                "batter": 1,
                "extras": 0,
                "total": 1
              }
            },
            {
              "batter": "N Pooran",
              "bowler": "Farhan Khan",
              "non_striker": "T Banton",
              "runs": {
                "batter": 0,
                "extras": 0,
                "total": 0
              }
            },
            {
              "batter": "N Pooran",
              "bowler": "Farhan Khan",
              "extras": {
                "noballs": 1
              },
              "non_striker": "T Banton",
              "runs": {
                "batter": 6,
                "extras": 1,
                "total": 7
              }
            },
            {
              "batter": "N Pooran",
              "bowler": "Farhan Khan",
              "non_striker": "T Banton",
              "runs": {
                "batter": 6,
                "extras": 0,
                "total": 6
              }
            },
            {
              "batter": "N Pooran",
              "bowler": "Farhan Khan",
              "non_striker": "T Banton",
              "runs": {
                "batter": 4,
                "extras": 0,
                "total": 4
              }
            },
            {
              "batter": "N Pooran",
              "bowler": "Farhan Khan",
              "extras": {
                "wides": 1
              },
              "non_striker": "T Banton",
              "runs": {
                "batter": 0,
                "extras": 1,
                "total": 1
              }
            },
            {
              "batter": "N Pooran",
              "bowler": "Farhan Khan",
              "non_striker": "T Banton",
              "runs": {
                "batter": 1,
                "extras": 0,
                "total": 1
              }
            }
          ]
        },
        {
          "over": 12,
          "deliveries": [
            {
              "batter": "N Pooran",
              "bowler": "Gulbadin Naib",
              "non_striker": "T Banton",
              "runs": {
                "batter": 1,
                "extras": 0,
                "total": 1
              }
            },
            {
              "batter": "T Banton",
              "bowler": "Gulbadin Naib",
              "non_striker": "N Pooran",
              "runs": {
                "batter": 1,
                "extras": 0,
                "total": 1
              }
            },
            {
              "batter": "N Pooran",
              "bowler": "Gulbadin Naib",
              "non_striker": "T Banton",
              "runs": {
                "batter": 1,
                "extras": 0,
                "total": 1
              }
            },
            {
              "batter": "T Banton",
              "bowler": "Gulbadin Naib",
              "non_striker": "N Pooran",
              "runs": {
                "batter": 0,
                "extras": 0,
                "total": 0
              }
            },
            {
              "batter": "T Banton",
              "bowler": "Gulbadin Naib",
              "non_striker": "N Pooran",
              "runs": {
                "batter": 0,
                "extras": 0,
                "total": 0
              }
            },
            {
              "batter": "T Banton",
              "bowler": "Gulbadin Naib",
              "non_striker": "N Pooran",
              "runs": {
                "batter": 4,
                "extras": 0,
                "total": 4
              }
            }
          ]
        },
        {
          "over": 13,
          "deliveries": [
            {
              "batter": "N Pooran",
              "bowler": "Sikandar Raza",
              "non_striker": "T Banton",
              "runs": {
                "batter": 1,
                "extras": 0,
                "total": 1
              }
            },
            {
              "batter": "T Banton",
              "bowler": "Sikandar Raza",
              "non_striker": "N Pooran",
              "runs": {
                "batter": 6,
                "extras": 0,
                "total": 6
              }
            },
            {
              "batter": "T Banton",
              "bowler": "Sikandar Raza",
              "non_striker": "N Pooran",
              "runs": {
                "batter": 1,
                "extras": 0,
                "total": 1
              }
            },
            {
              "batter": "N Pooran",
              "bowler": "Sikandar Raza",
              "non_striker": "T Banton",
              "runs": {
                "batter": 1,
                "extras": 0,
                "total": 1
              }
            },
            {
              "batter": "T Banton",
              "bowler": "Sikandar Raza",
              "non_striker": "N Pooran",
              "runs": {
                "batter": 0,
                "extras": 0,
                "total": 0
              }
            },
            {
              "batter": "T Banton",
              "bowler": "Sikandar Raza",
              "non_striker": "N Pooran",
              "runs": {
                "batter": 0,
                "extras": 0,
                "total": 0
              }
            }
          ]
        },
        {
          "over": 14,
          "deliveries": [
            {
              "batter": "N Pooran",
              "bowler": "OP Stone",
              "non_striker": "T Banton",
              "runs": {
                "batter": 6,
                "extras": 0,
                "total": 6
              }
            },
            {
              "batter": "N Pooran",
              "bowler": "OP Stone",
              "non_striker": "T Banton",
              "runs": {
                "batter": 6,
                "extras": 0,
                "total": 6
              }
            },
            {
              "batter": "N Pooran",
              "bowler": "OP Stone",
              "non_striker": "T Banton",
              "runs": {
                "batter": 6,
                "extras": 0,
                "total": 6
              }
            },
            {
              "batter": "N Pooran",
              "bowler": "OP Stone",
              "non_striker": "T Banton",
              "runs": {
                "batter": 0,
                "extras": 0,
                "total": 0
              },
              "wickets": [
                {
                  "player_out": "N Pooran",
                  "fielders": [
                    {
                      "name": "MD Shanaka"
                    }
                  ],
                  "kind": "caught"
                }
              ]
            },
            {
              "batter": "KA Pollard",
              "bowler": "OP Stone",
              "non_striker": "T Banton",
              "runs": {
                "batter": 0,
                "extras": 0,
                "total": 0
              }
            },
            {
              "batter": "KA Pollard",
              "bowler": "OP Stone",
              "non_striker": "T Banton",
              "runs": {
                "batter": 0,
                "extras": 0,
                "total": 0
              }
            }
          ]
        },
        {
          "over": 15,
          "deliveries": [
            {
              "batter": "T Banton",
              "bowler": "Zahir Khan",
              "non_striker": "KA Pollard",
              "runs": {
                "batter": 0,
                "extras": 0,
                "total": 0
              }
            },
            {
              "batter": "T Banton",
              "bowler": "Zahir Khan",
              "non_striker": "KA Pollard",
              "runs": {
                "batter": 4,
                "extras": 0,
                "total": 4
              }
            },
            {
              "batter": "T Banton",
              "bowler": "Zahir Khan",
              "non_striker": "KA Pollard",
              "runs": {
                "batter": 1,
                "extras": 0,
                "total": 1
              }
            },
            {
              "batter": "KA Pollard",
              "bowler": "Zahir Khan",
              "non_striker": "T Banton",
              "runs": {
                "batter": 6,
                "extras": 0,
                "total": 6
              }
            },
            {
              "batter": "KA Pollard",
              "bowler": "Zahir Khan",
              "non_striker": "T Banton",
              "runs": {
                "batter": 0,
                "extras": 0,
                "total": 0
              }
            },
            {
              "batter": "KA Pollard",
              "bowler": "Zahir Khan",
              "non_striker": "T Banton",
              "runs": {
                "batter": 0,
                "extras": 0,
                "total": 0
              }
            }
          ]
        },
        {
          "over": 16,
          "deliveries": [
            {
              "batter": "T Banton",
              "bowler": "PVD Chameera",
              "non_striker": "KA Pollard",
              "runs": {
                "batter": 0,
                "extras": 0,
                "total": 0
              }
            },
            {
              "batter": "T Banton",
              "bowler": "PVD Chameera",
              "non_striker": "KA Pollard",
              "runs": {
                "batter": 1,
                "extras": 0,
                "total": 1
              }
            },
            {
              "batter": "KA Pollard",
              "bowler": "PVD Chameera",
              "non_striker": "T Banton",
              "runs": {
                "batter": 1,
                "extras": 0,
                "total": 1
              }
            },
            {
              "batter": "T Banton",
              "bowler": "PVD Chameera",
              "non_striker": "KA Pollard",
              "runs": {
                "batter": 1,
                "extras": 0,
                "total": 1
              }
            },
            {
              "batter": "KA Pollard",
              "bowler": "PVD Chameera",
              "non_striker": "T Banton",
              "runs": {
                "batter": 0,
                "extras": 0,
                "total": 0
              }
            },
            {
              "batter": "KA Pollard",
              "bowler": "PVD Chameera",
              "non_striker": "T Banton",
              "runs": {
                "batter": 1,
                "extras": 0,
                "total": 1
              }
            }
          ]
        },
        {
          "over": 17,
          "deliveries": [
            {
              "batter": "KA Pollard",
              "bowler": "OP Stone",
              "non_striker": "T Banton",
              "runs": {
                "batter": 0,
                "extras": 0,
                "total": 0
              }
            },
            {
              "batter": "KA Pollard",
              "bowler": "OP Stone",
              "non_striker": "T Banton",
              "runs": {
                "batter": 2,
                "extras": 0,
                "total": 2
              }
            },
            {
              "batter": "KA Pollard",
              "bowler": "OP Stone",
              "non_striker": "T Banton",
              "runs": {
                "batter": 0,
                "extras": 0,
                "total": 0
              }
            },
            {
              "batter": "KA Pollard",
              "bowler": "OP Stone",
              "extras": {
                "legbyes": 1
              },
              "non_striker": "T Banton",
              "runs": {
                "batter": 0,
                "extras": 1,
                "total": 1
              }
            },
            {
              "batter": "T Banton",
              "bowler": "OP Stone",
              "non_striker": "KA Pollard",
              "runs": {
                "batter": 0,
                "extras": 0,
                "total": 0
              },
              "wickets": [
                {
                  "player_out": "T Banton",
                  "fielders": [
                    {
                      "name": "BJ McMullen"
                    }
                  ],
                  "kind": "caught"
                }
              ]
            },
            {
              "batter": "R Shepherd",
              "bowler": "OP Stone",
              "non_striker": "KA Pollard",
              "runs": {
                "batter": 0,
                "extras": 0,
                "total": 0
              }
            }
          ]
        },
        {
          "over": 18,
          "deliveries": [
            {
              "batter": "KA Pollard",
              "bowler": "PVD Chameera",
              "non_striker": "R Shepherd",
              "replacements": {
                "match": [
                  {
                    "in": "BR Dunk",
                    "out": "Zahir Khan",
                    "team": "Dubai Capitals",
                    "reason": "impact_player"
                  }
                ]
              },
              "runs": {
                "batter": 4,
                "extras": 0,
                "total": 4
              }
            },
            {
              "batter": "KA Pollard",
              "bowler": "PVD Chameera",
              "non_striker": "R Shepherd",
              "runs": {
                "batter": 0,
                "extras": 0,
                "total": 0
              }
            },
            {
              "batter": "KA Pollard",
              "bowler": "PVD Chameera",
              "non_striker": "R Shepherd",
              "runs": {
                "batter": 4,
                "extras": 0,
                "total": 4
              }
            },
            {
              "batter": "KA Pollard",
              "bowler": "PVD Chameera",
              "non_striker": "R Shepherd",
              "runs": {
                "batter": 2,
                "extras": 0,
                "total": 2
              }
            },
            {
              "batter": "KA Pollard",
              "bowler": "PVD Chameera",
              "non_striker": "R Shepherd",
              "runs": {
                "batter": 1,
                "extras": 0,
                "total": 1
              }
            },
            {
              "batter": "R Shepherd",
              "bowler": "PVD Chameera",
              "non_striker": "KA Pollard",
              "runs": {
                "batter": 4,
                "extras": 0,
                "total": 4
              }
            }
          ]
        },
        {
          "over": 19,
          "deliveries": [
            {
              "batter": "KA Pollard",
              "bowler": "Gulbadin Naib",
              "non_striker": "R Shepherd",
              "runs": {
                "batter": 1,
                "extras": 0,
                "total": 1
              }
            },
            {
              "batter": "R Shepherd",
              "bowler": "Gulbadin Naib",
              "non_striker": "KA Pollard",
              "runs": {
                "batter": 0,
                "extras": 0,
                "total": 0
              },
              "wickets": [
                {
                  "player_out": "R Shepherd",
                  "fielders": [
                    {
                      "name": "PVD Chameera"
                    }
                  ],
                  "kind": "caught"
                }
              ]
            },
            {
              "batter": "AJ Hosein",
              "bowler": "Gulbadin Naib",
              "non_striker": "KA Pollard",
              "runs": {
                "batter": 1,
                "extras": 0,
                "total": 1
              }
            },
            {
              "batter": "KA Pollard",
              "bowler": "Gulbadin Naib",
              "non_striker": "AJ Hosein",
              "runs": {
                "batter": 0,
                "extras": 0,
                "total": 0
              },
              "wickets": [
                {
                  "player_out": "KA Pollard",
                  "fielders": [
                    {
                      "name": "BR Dunk"
                    }
                  ],
                  "kind": "caught"
                }
              ]
            },
            {
              "batter": "AS Joseph",
              "bowler": "Gulbadin Naib",
              "non_striker": "AJ Hosein",
              "runs": {
                "batter": 0,
                "extras": 0,
                "total": 0
              },
              "wickets": [
                {
                  "player_out": "AS Joseph",
                  "fielders": [
                    {
                      "name": "PVD Chameera"
                    }
                  ],
                  "kind": "caught"
                }
              ]
            },
            {
              "batter": "Zahoor Khan",
              "bowler": "Gulbadin Naib",
              "non_striker": "AJ Hosein",
              "runs": {
                "batter": 0,
                "extras": 0,
                "total": 0
              }
            }
          ]
        }
      ],
      "powerplays": [
        {
          "from": 0.1,
          "to": 5.7,
          "type": "mandatory"
        }
      ]
    },
    {
      "team": "Dubai Capitals",
      "overs": [
        {
          "over": 0,
          "deliveries": [
            {
              "batter": "BR Dunk",
              "bowler": "AJ Hosein",
              "non_striker": "SD Hope",
              "replacements": {
                "match": [
                  {
                    "in": "AM Ghazanfar",
                    "out": "MDKJ Perera",
                    "team": "MI Emirates",
                    "reason": "impact_player"
                  }
                ]
              },
              "runs": {
                "batter": 0,
                "extras": 0,
                "total": 0
              }
            },
            {
              "batter": "BR Dunk",
              "bowler": "AJ Hosein",
              "non_striker": "SD Hope",
              "runs": {
                "batter": 1,
                "extras": 0,
                "total": 1
              }
            },
            {
              "batter": "SD Hope",
              "bowler": "AJ Hosein",
              "non_striker": "BR Dunk",
              "runs": {
                "batter": 4,
                "extras": 0,
                "total": 4
              }
            },
            {
              "batter": "SD Hope",
              "bowler": "AJ Hosein",
              "non_striker": "BR Dunk",
              "runs": {
                "batter": 0,
                "extras": 0,
                "total": 0
              }
            },
            {
              "batter": "SD Hope",
              "bowler": "AJ Hosein",
              "non_striker": "BR Dunk",
              "runs": {
                "batter": 0,
                "extras": 0,
                "total": 0
              }
            },
            {
              "batter": "SD Hope",
              "bowler": "AJ Hosein",
              "non_striker": "BR Dunk",
              "runs": {
                "batter": 4,
                "extras": 0,
                "total": 4
              }
            }
          ]
        },
        {
          "over": 1,
          "deliveries": [
            {
              "batter": "BR Dunk",
              "bowler": "Fazalhaq Farooqi",
              "non_striker": "SD Hope",
              "runs": {
                "batter": 1,
                "extras": 0,
                "total": 1
              }
            },
            {
              "batter": "SD Hope",
              "bowler": "Fazalhaq Farooqi",
              "non_striker": "BR Dunk",
              "runs": {
                "batter": 0,
                "extras": 0,
                "total": 0
              }
            },
            {
              "batter": "SD Hope",
              "bowler": "Fazalhaq Farooqi",
              "non_striker": "BR Dunk",
              "runs": {
                "batter": 2,
                "extras": 0,
                "total": 2
              }
            },
            {
              "batter": "SD Hope",
              "bowler": "Fazalhaq Farooqi",
              "non_striker": "BR Dunk",
              "runs": {
                "batter": 0,
                "extras": 0,
                "total": 0
              }
            },
            {
              "batter": "SD Hope",
              "bowler": "Fazalhaq Farooqi",
              "non_striker": "BR Dunk",
              "runs": {
                "batter": 2,
                "extras": 0,
                "total": 2
              }
            },
            {
              "batter": "SD Hope",
              "bowler": "Fazalhaq Farooqi",
              "non_striker": "BR Dunk",
              "runs": {
                "batter": 4,
                "extras": 0,
                "total": 4
              }
            }
          ]
        },
        {
          "over": 2,
          "deliveries": [
            {
              "batter": "BR Dunk",
              "bowler": "AJ Hosein",
              "non_striker": "SD Hope",
              "runs": {
                "batter": 0,
                "extras": 0,
                "total": 0
              }
            },
            {
              "batter": "BR Dunk",
              "bowler": "AJ Hosein",
              "non_striker": "SD Hope",
              "runs": {
                "batter": 4,
                "extras": 0,
                "total": 4
              }
            },
            {
              "batter": "BR Dunk",
              "bowler": "AJ Hosein",
              "non_striker": "SD Hope",
              "runs": {
                "batter": 1,
                "extras": 0,
                "total": 1
              }
            },
            {
              "batter": "SD Hope",
              "bowler": "AJ Hosein",
              "non_striker": "BR Dunk",
              "runs": {
                "batter": 1,
                "extras": 0,
                "total": 1
              }
            },
            {
              "batter": "BR Dunk",
              "bowler": "AJ Hosein",
              "non_striker": "SD Hope",
              "runs": {
                "batter": 1,
                "extras": 0,
                "total": 1
              }
            },
            {
              "batter": "SD Hope",
              "bowler": "AJ Hosein",
              "non_striker": "BR Dunk",
              "runs": {
                "batter": 1,
                "extras": 0,
                "total": 1
              }
            }
          ]
        },
        {
          "over": 3,
          "deliveries": [
            {
              "batter": "SD Hope",
              "bowler": "AS Joseph",
              "non_striker": "BR Dunk",
              "runs": {
                "batter": 0,
                "extras": 0,
                "total": 0
              }
            },
            {
              "batter": "SD Hope",
              "bowler": "AS Joseph",
              "non_striker": "BR Dunk",
              "runs": {
                "batter": 4,
                "extras": 0,
                "total": 4
              }
            },
            {
              "batter": "SD Hope",
              "bowler": "AS Joseph",
              "non_striker": "BR Dunk",
              "runs": {
                "batter": 1,
                "extras": 0,
                "total": 1
              }
            },
            {
              "batter": "BR Dunk",
              "bowler": "AS Joseph",
              "non_striker": "SD Hope",
              "runs": {
                "batter": 1,
                "extras": 0,
                "total": 1
              }
            },
            {
              "batter": "SD Hope",
              "bowler": "AS Joseph",
              "non_striker": "BR Dunk",
              "runs": {
                "batter": 2,
                "extras": 0,
                "total": 2
              }
            },
            {
              "batter": "SD Hope",
              "bowler": "AS Joseph",
              "non_striker": "BR Dunk",
              "runs": {
                "batter": 1,
                "extras": 0,
                "total": 1
              }
            }
          ]
        },
        {
          "over": 4,
          "deliveries": [
            {
              "batter": "SD Hope",
              "bowler": "Fazalhaq Farooqi",
              "non_striker": "BR Dunk",
              "runs": {
                "batter": 1,
                "extras": 0,
                "total": 1
              }
            },
            {
              "batter": "BR Dunk",
              "bowler": "Fazalhaq Farooqi",
              "non_striker": "SD Hope",
              "runs": {
                "batter": 1,
                "extras": 0,
                "total": 1
              }
            },
            {
              "batter": "SD Hope",
              "bowler": "Fazalhaq Farooqi",
              "non_striker": "BR Dunk",
              "runs": {
                "batter": 0,
                "extras": 0,
                "total": 0
              }
            },
            {
              "batter": "SD Hope",
              "bowler": "Fazalhaq Farooqi",
              "extras": {
                "wides": 1
              },
              "non_striker": "BR Dunk",
              "runs": {
                "batter": 0,
                "extras": 1,
                "total": 1
              }
            },
            {
              "batter": "SD Hope",
              "bowler": "Fazalhaq Farooqi",
              "non_striker": "BR Dunk",
              "runs": {
                "batter": 1,
                "extras": 0,
                "total": 1
              }
            },
            {
              "batter": "BR Dunk",
              "bowler": "Fazalhaq Farooqi",
              "non_striker": "SD Hope",
              "runs": {
                "batter": 0,
                "extras": 0,
                "total": 0
              }
            },
            {
              "batter": "BR Dunk",
              "bowler": "Fazalhaq Farooqi",
              "non_striker": "SD Hope",
              "runs": {
                "batter": 0,
                "extras": 0,
                "total": 0
              }
            }
          ]
        },
        {
          "over": 5,
          "deliveries": [
            {
              "batter": "SD Hope",
              "bowler": "AS Joseph",
              "non_striker": "BR Dunk",
              "runs": {
                "batter": 4,
                "extras": 0,
                "total": 4
              }
            },
            {
              "batter": "SD Hope",
              "bowler": "AS Joseph",
              "non_striker": "BR Dunk",
              "runs": {
                "batter": 4,
                "extras": 0,
                "total": 4
              }
            },
            {
              "batter": "SD Hope",
              "bowler": "AS Joseph",
              "non_striker": "BR Dunk",
              "runs": {
                "batter": 4,
                "extras": 0,
                "total": 4
              }
            },
            {
              "batter": "SD Hope",
              "bowler": "AS Joseph",
              "non_striker": "BR Dunk",
              "runs": {
                "batter": 0,
                "extras": 0,
                "total": 0
              }
            },
            {
              "batter": "SD Hope",
              "bowler": "AS Joseph",
              "non_striker": "BR Dunk",
              "runs": {
                "batter": 3,
                "extras": 0,
                "total": 3
              }
            },
            {
              "batter": "BR Dunk",
              "bowler": "AS Joseph",
              "non_striker": "SD Hope",
              "runs": {
                "batter": 0,
                "extras": 0,
                "total": 0
              },
              "wickets": [
                {
                  "player_out": "BR Dunk",
                  "kind": "bowled"
                }
              ]
            }
          ]
        },
        {
          "over": 6,
          "deliveries": [
            {
              "batter": "SD Hope",
              "bowler": "AJ Hosein",
              "non_striker": "BJ McMullen",
              "runs": {
                "batter": 0,
                "extras": 0,
                "total": 0
              }
            },
            {
              "batter": "SD Hope",
              "bowler": "AJ Hosein",
              "non_striker": "BJ McMullen",
              "runs": {
                "batter": 1,
                "extras": 0,
                "total": 1
              }
            },
            {
              "batter": "BJ McMullen",
              "bowler": "AJ Hosein",
              "non_striker": "SD Hope",
              "runs": {
                "batter": 1,
                "extras": 0,
                "total": 1
              }
            },
            {
              "batter": "SD Hope",
              "bowler": "AJ Hosein",
              "non_striker": "BJ McMullen",
              "runs": {
                "batter": 1,
                "extras": 0,
                "total": 1
              }
            },
            {
              "batter": "BJ McMullen",
              "bowler": "AJ Hosein",
              "non_striker": "SD Hope",
              "runs": {
                "batter": 1,
                "extras": 0,
                "total": 1
              }
            },
            {
              "batter": "SD Hope",
              "bowler": "AJ Hosein",
              "non_striker": "BJ McMullen",
              "runs": {
                "batter": 1,
                "extras": 0,
                "total": 1
              }
            }
          ]
        },
        {
          "over": 7,
          "deliveries": [
            {
              "batter": "SD Hope",
              "bowler": "Waqar Salamkheil",
              "non_striker": "BJ McMullen",
              "runs": {
                "batter": 1,
                "extras": 0,
                "total": 1
              }
            },
            {
              "batter": "BJ McMullen",
              "bowler": "Waqar Salamkheil",
              "extras": {
                "noballs": 1
              },
              "non_striker": "SD Hope",
              "runs": {
                "batter": 0,
                "extras": 1,
                "total": 1
              }
            },
            {
              "batter": "BJ McMullen",
              "bowler": "Waqar Salamkheil",
              "non_striker": "SD Hope",
              "runs": {
                "batter": 1,
                "extras": 0,
                "total": 1
              }
            },
            {
              "batter": "SD Hope",
              "bowler": "Waqar Salamkheil",
              "non_striker": "BJ McMullen",
              "runs": {
                "batter": 1,
                "extras": 0,
                "total": 1
              }
            },
            {
              "batter": "BJ McMullen",
              "bowler": "Waqar Salamkheil",
              "non_striker": "SD Hope",
              "runs": {
                "batter": 0,
                "extras": 0,
                "total": 0
              }
            },
            {
              "batter": "BJ McMullen",
              "bowler": "Waqar Salamkheil",
              "non_striker": "SD Hope",
              "runs": {
                "batter": 1,
                "extras": 0,
                "total": 1
              }
            },
            {
              "batter": "SD Hope",
              "bowler": "Waqar Salamkheil",
              "non_striker": "BJ McMullen",
              "runs": {
                "batter": 1,
                "extras": 0,
                "total": 1
              }
            }
          ]
        },
        {
          "over": 8,
          "deliveries": [
            {
              "batter": "SD Hope",
              "bowler": "AJ Hosein",
              "non_striker": "BJ McMullen",
              "runs": {
                "batter": 1,
                "extras": 0,
                "total": 1
              }
            },
            {
              "batter": "BJ McMullen",
              "bowler": "AJ Hosein",
              "non_striker": "SD Hope",
              "runs": {
                "batter": 4,
                "extras": 0,
                "total": 4
              }
            },
            {
              "batter": "BJ McMullen",
              "bowler": "AJ Hosein",
              "non_striker": "SD Hope",
              "runs": {
                "batter": 1,
                "extras": 0,
                "total": 1
              }
            },
            {
              "batter": "SD Hope",
              "bowler": "AJ Hosein",
              "non_striker": "BJ McMullen",
              "runs": {
                "batter": 1,
                "extras": 0,
                "total": 1
              }
            },
            {
              "batter": "BJ McMullen",
              "bowler": "AJ Hosein",
              "non_striker": "SD Hope",
              "runs": {
                "batter": 1,
                "extras": 0,
                "total": 1
              }
            },
            {
              "batter": "SD Hope",
              "bowler": "AJ Hosein",
              "non_striker": "BJ McMullen",
              "runs": {
                "batter": 0,
                "extras": 0,
                "total": 0
              }
            }
          ]
        },
        {
          "over": 9,
          "deliveries": [
            {
              "batter": "BJ McMullen",
              "bowler": "Waqar Salamkheil",
              "non_striker": "SD Hope",
              "runs": {
                "batter": 0,
                "extras": 0,
                "total": 0
              }
            },
            {
              "batter": "BJ McMullen",
              "bowler": "Waqar Salamkheil",
              "non_striker": "SD Hope",
              "runs": {
                "batter": 1,
                "extras": 0,
                "total": 1
              }
            },
            {
              "batter": "SD Hope",
              "bowler": "Waqar Salamkheil",
              "non_striker": "BJ McMullen",
              "runs": {
                "batter": 1,
                "extras": 0,
                "total": 1
              }
            },
            {
              "batter": "BJ McMullen",
              "bowler": "Waqar Salamkheil",
              "non_striker": "SD Hope",
              "runs": {
                "batter": 0,
                "extras": 0,
                "total": 0
              }
            },
            {
              "batter": "BJ McMullen",
              "bowler": "Waqar Salamkheil",
              "non_striker": "SD Hope",
              "runs": {
                "batter": 0,
                "extras": 0,
                "total": 0
              }
            },
            {
              "batter": "BJ McMullen",
              "bowler": "Waqar Salamkheil",
              "non_striker": "SD Hope",
              "runs": {
                "batter": 2,
                "extras": 0,
                "total": 2
              }
            }
          ]
        },
        {
          "over": 10,
          "deliveries": [
            {
              "batter": "SD Hope",
              "bowler": "Zahoor Khan",
              "non_striker": "BJ McMullen",
              "runs": {
                "batter": 1,
                "extras": 0,
                "total": 1
              }
            },
            {
              "batter": "BJ McMullen",
              "bowler": "Zahoor Khan",
              "non_striker": "SD Hope",
              "runs": {
                "batter": 1,
                "extras": 0,
                "total": 1
              }
            },
            {
              "batter": "SD Hope",
              "bowler": "Zahoor Khan",
              "non_striker": "BJ McMullen",
              "runs": {
                "batter": 2,
                "extras": 0,
                "total": 2
              }
            },
            {
              "batter": "SD Hope",
              "bowler": "Zahoor Khan",
              "non_striker": "BJ McMullen",
              "runs": {
                "batter": 2,
                "extras": 0,
                "total": 2
              }
            },
            {
              "batter": "SD Hope",
              "bowler": "Zahoor Khan",
              "non_striker": "BJ McMullen",
              "runs": {
                "batter": 4,
                "extras": 0,
                "total": 4
              }
            },
            {
              "batter": "SD Hope",
              "bowler": "Zahoor Khan",
              "non_striker": "BJ McMullen",
              "runs": {
                "batter": 4,
                "extras": 0,
                "total": 4
              }
            }
          ]
        },
        {
          "over": 11,
          "deliveries": [
            {
              "batter": "BJ McMullen",
              "bowler": "Waqar Salamkheil",
              "non_striker": "SD Hope",
              "runs": {
                "batter": 0,
                "extras": 0,
                "total": 0
              }
            },
            {
              "batter": "BJ McMullen",
              "bowler": "Waqar Salamkheil",
              "non_striker": "SD Hope",
              "runs": {
                "batter": 1,
                "extras": 0,
                "total": 1
              }
            },
            {
              "batter": "SD Hope",
              "bowler": "Waqar Salamkheil",
              "non_striker": "BJ McMullen",
              "runs": {
                "batter": 4,
                "extras": 0,
                "total": 4
              }
            },
            {
              "batter": "SD Hope",
              "bowler": "Waqar Salamkheil",
              "non_striker": "BJ McMullen",
              "runs": {
                "batter": 0,
                "extras": 0,
                "total": 0
              }
            },
            {
              "batter": "SD Hope",
              "bowler": "Waqar Salamkheil",
              "non_striker": "BJ McMullen",
              "runs": {
                "batter": 0,
                "extras": 0,
                "total": 0
              }
            },
            {
              "batter": "SD Hope",
              "bowler": "Waqar Salamkheil",
              "non_striker": "BJ McMullen",
              "runs": {
                "batter": 1,
                "extras": 0,
                "total": 1
              }
            }
          ]
        },
        {
          "over": 12,
          "deliveries": [
            {
              "batter": "SD Hope",
              "bowler": "AM Ghazanfar",
              "non_striker": "BJ McMullen",
              "runs": {
                "batter": 0,
                "extras": 0,
                "total": 0
              }
            },
            {
              "batter": "SD Hope",
              "bowler": "AM Ghazanfar",
              "non_striker": "BJ McMullen",
              "runs": {
                "batter": 1,
                "extras": 0,
                "total": 1
              }
            },
            {
              "batter": "BJ McMullen",
              "bowler": "AM Ghazanfar",
              "non_striker": "SD Hope",
              "runs": {
                "batter": 1,
                "extras": 0,
                "total": 1
              }
            },
            {
              "batter": "SD Hope",
              "bowler": "AM Ghazanfar",
              "non_striker": "BJ McMullen",
              "runs": {
                "batter": 0,
                "extras": 0,
                "total": 0
              }
            },
            {
              "batter": "SD Hope",
              "bowler": "AM Ghazanfar",
              "non_striker": "BJ McMullen",
              "runs": {
                "batter": 6,
                "extras": 0,
                "total": 6
              }
            },
            {
              "batter": "SD Hope",
              "bowler": "AM Ghazanfar",
              "non_striker": "BJ McMullen",
              "runs": {
                "batter": 1,
                "extras": 0,
                "total": 1
              }
            }
          ]
        },
        {
          "over": 13,
          "deliveries": [
            {
              "batter": "SD Hope",
              "bowler": "Waqar Salamkheil",
              "non_striker": "BJ McMullen",
              "runs": {
                "batter": 2,
                "extras": 0,
                "total": 2
              }
            },
            {
              "batter": "SD Hope",
              "bowler": "Waqar Salamkheil",
              "non_striker": "BJ McMullen",
              "runs": {
                "batter": 6,
                "extras": 0,
                "total": 6
              }
            },
            {
              "batter": "SD Hope",
              "bowler": "Waqar Salamkheil",
              "non_striker": "BJ McMullen",
              "runs": {
                "batter": 1,
                "extras": 0,
                "total": 1
              }
            },
            {
              "batter": "BJ McMullen",
              "bowler": "Waqar Salamkheil",
              "non_striker": "SD Hope",
              "runs": {
                "batter": 0,
                "extras": 0,
                "total": 0
              },
              "wickets": [
                {
                  "player_out": "BJ McMullen",
                  "fielders": [
                    {
                      "name": "N Pooran"
                    }
                  ],
                  "kind": "stumped"
                }
              ]
            },
            {
              "batter": "Sikandar Raza",
              "bowler": "Waqar Salamkheil",
              "non_striker": "SD Hope",
              "runs": {
                "batter": 1,
                "extras": 0,
                "total": 1
              }
            },
            {
              "batter": "SD Hope",
              "bowler": "Waqar Salamkheil",
              "non_striker": "Sikandar Raza",
              "runs": {
                "batter": 0,
                "extras": 0,
                "total": 0
              }
            }
          ]
        },
        {
          "over": 14,
          "deliveries": [
            {
              "batter": "Sikandar Raza",
              "bowler": "Fazalhaq Farooqi",
              "non_striker": "SD Hope",
              "runs": {
                "batter": 1,
                "extras": 0,
                "total": 1
              }
            },
            {
              "batter": "SD Hope",
              "bowler": "Fazalhaq Farooqi",
              "non_striker": "Sikandar Raza",
              "runs": {
                "batter": 1,
                "extras": 0,
                "total": 1
              }
            },
            {
              "batter": "Sikandar Raza",
              "bowler": "Fazalhaq Farooqi",
              "non_striker": "SD Hope",
              "runs": {
                "batter": 1,
                "extras": 0,
                "total": 1
              }
            },
            {
              "batter": "SD Hope",
              "bowler": "Fazalhaq Farooqi",
              "non_striker": "Sikandar Raza",
              "runs": {
                "batter": 1,
                "extras": 0,
                "total": 1
              }
            },
            {
              "batter": "Sikandar Raza",
              "bowler": "Fazalhaq Farooqi",
              "non_striker": "SD Hope",
              "runs": {
                "batter": 0,
                "extras": 0,
                "total": 0
              }
            },
            {
              "batter": "Sikandar Raza",
              "bowler": "Fazalhaq Farooqi",
              "non_striker": "SD Hope",
              "runs": {
                "batter": 2,
                "extras": 0,
                "total": 2
              }
            }
          ]
        },
        {
          "over": 15,
          "deliveries": [
            {
              "batter": "SD Hope",
              "bowler": "AM Ghazanfar",
              "non_striker": "Sikandar Raza",
              "runs": {
                "batter": 4,
                "extras": 0,
                "total": 4
              }
            },
            {
              "batter": "SD Hope",
              "bowler": "AM Ghazanfar",
              "non_striker": "Sikandar Raza",
              "runs": {
                "batter": 6,
                "extras": 0,
                "total": 6
              }
            },
            {
              "batter": "SD Hope",
              "bowler": "AM Ghazanfar",
              "extras": {
                "wides": 1
              },
              "non_striker": "Sikandar Raza",
              "runs": {
                "batter": 0,
                "extras": 1,
                "total": 1
              }
            },
            {
              "batter": "SD Hope",
              "bowler": "AM Ghazanfar",
              "non_striker": "Sikandar Raza",
              "runs": {
                "batter": 2,
                "extras": 0,
                "total": 2
              }
            },
            {
              "batter": "SD Hope",
              "bowler": "AM Ghazanfar",
              "non_striker": "Sikandar Raza",
              "runs": {
                "batter": 0,
                "extras": 0,
                "total": 0
              },
              "wickets": [
                {
                  "player_out": "SD Hope",
                  "fielders": [
                    {
                      "name": "T Banton"
                    }
                  ],
                  "kind": "caught"
                }
              ]
            },
            {
              "batter": "R Powell",
              "bowler": "AM Ghazanfar",
              "non_striker": "Sikandar Raza",
              "runs": {
                "batter": 1,
                "extras": 0,
                "total": 1
              }
            },
            {
              "batter": "Sikandar Raza",
              "bowler": "AM Ghazanfar",
              "non_striker": "R Powell",
              "runs": {
                "batter": 1,
                "extras": 0,
                "total": 1
              }
            }
          ]
        },
        {
          "over": 16,
          "deliveries": [
            {
              "batter": "Sikandar Raza",
              "bowler": "Fazalhaq Farooqi",
              "non_striker": "R Powell",
              "runs": {
                "batter": 0,
                "extras": 0,
                "total": 0
              },
              "wickets": [
                {
                  "player_out": "Sikandar Raza",
                  "kind": "bowled"
                }
              ]
            },
            {
              "batter": "MD Shanaka",
              "bowler": "Fazalhaq Farooqi",
              "non_striker": "R Powell",
              "runs": {
                "batter": 0,
                "extras": 0,
                "total": 0
              },
              "wickets": [
                {
                  "player_out": "MD Shanaka",
                  "kind": "bowled"
                }
              ]
            },
            {
              "batter": "Gulbadin Naib",
              "bowler": "Fazalhaq Farooqi",
              "non_striker": "R Powell",
              "runs": {
                "batter": 0,
                "extras": 0,
                "total": 0
              }
            },
            {
              "batter": "Gulbadin Naib",
              "bowler": "Fazalhaq Farooqi",
              "non_striker": "R Powell",
              "runs": {
                "batter": 1,
                "extras": 0,
                "total": 1
              }
            },
            {
              "batter": "R Powell",
              "bowler": "Fazalhaq Farooqi",
              "non_striker": "Gulbadin Naib",
              "runs": {
                "batter": 1,
                "extras": 0,
                "total": 1
              }
            },
            {
              "batter": "Gulbadin Naib",
              "bowler": "Fazalhaq Farooqi",
              "non_striker": "R Powell",
              "runs": {
                "batter": 1,
                "extras": 0,
                "total": 1
              }
            }
          ]
        },
        {
          "over": 17,
          "deliveries": [
            {
              "batter": "Gulbadin Naib",
              "bowler": "AS Joseph",
              "non_striker": "R Powell",
              "runs": {
                "batter": 2,
                "extras": 0,
                "total": 2
              }
            },
            {
              "batter": "Gulbadin Naib",
              "bowler": "AS Joseph",
              "non_striker": "R Powell",
              "runs": {
                "batter": 2,
                "extras": 0,
                "total": 2
              }
            },
            {
              "batter": "Gulbadin Naib",
              "bowler": "AS Joseph",
              "non_striker": "R Powell",
              "runs": {
                "batter": 4,
                "extras": 0,
                "total": 4
              }
            },
            {
              "batter": "Gulbadin Naib",
              "bowler": "AS Joseph",
              "non_striker": "R Powell",
              "runs": {
                "batter": 2,
                "extras": 0,
                "total": 2
              }
            },
            {
              "batter": "Gulbadin Naib",
              "bowler": "AS Joseph",
              "non_striker": "R Powell",
              "runs": {
                "batter": 0,
                "extras": 0,
                "total": 0
              },
              "wickets": [
                {
                  "player_out": "Gulbadin Naib",
                  "fielders": [
                    {
                      "name": "Waseem Muhammad"
                    }
                  ],
                  "kind": "caught"
                }
              ]
            },
            {
              "batter": "OP Stone",
              "bowler": "AS Joseph",
              "non_striker": "R Powell",
              "runs": {
                "batter": 0,
                "extras": 0,
                "total": 0
              }
            }
          ]
        },
        {
          "over": 18,
          "deliveries": [
            {
              "batter": "R Powell",
              "bowler": "Zahoor Khan",
              "extras": {
                "wides": 1
              },
              "non_striker": "OP Stone",
              "runs": {
                "batter": 0,
                "extras": 1,
                "total": 1
              }
            },
            {
              "batter": "R Powell",
              "bowler": "Zahoor Khan",
              "non_striker": "OP Stone",
              "runs": {
                "batter": 0,
                "extras": 0,
                "total": 0
              }
            },
            {
              "batter": "R Powell",
              "bowler": "Zahoor Khan",
              "non_striker": "OP Stone",
              "runs": {
                "batter": 0,
                "extras": 0,
                "total": 0
              }
            },
            {
              "batter": "R Powell",
              "bowler": "Zahoor Khan",
              "non_striker": "OP Stone",
              "review": {
                "by": "Dubai Capitals",
                "umpire": "MJ Saggers",
                "batter": "R Powell",
                "decision": "upheld",
                "type": "wicket"
              },
              "runs": {
                "batter": 0,
                "extras": 0,
                "total": 0
              }
            },
            {
              "batter": "R Powell",
              "bowler": "Zahoor Khan",
              "non_striker": "OP Stone",
              "runs": {
                "batter": 0,
                "extras": 0,
                "total": 0
              }
            },
            {
              "batter": "R Powell",
              "bowler": "Zahoor Khan",
              "non_striker": "OP Stone",
              "runs": {
                "batter": 1,
                "extras": 0,
                "total": 1
              }
            },
            {
              "batter": "OP Stone",
              "bowler": "Zahoor Khan",
              "non_striker": "R Powell",
              "runs": {
                "batter": 0,
                "extras": 0,
                "total": 0
              }
            }
          ]
        },
        {
          "over": 19,
          "deliveries": [
            {
              "batter": "R Powell",
              "bowler": "AS Joseph",
              "extras": {
                "noballs": 1
              },
              "non_striker": "OP Stone",
              "runs": {
                "batter": 2,
                "extras": 1,
                "total": 3
              }
            },
            {
              "batter": "R Powell",
              "bowler": "AS Joseph",
              "non_striker": "OP Stone",
              "runs": {
                "batter": 1,
                "extras": 0,
                "total": 1
              }
            },
            {
              "batter": "OP Stone",
              "bowler": "AS Joseph",
              "non_striker": "R Powell",
              "runs": {
                "batter": 0,
                "extras": 0,
                "total": 0
              }
            },
            {
              "batter": "OP Stone",
              "bowler": "AS Joseph",
              "non_striker": "R Powell",
              "runs": {
                "batter": 0,
                "extras": 0,
                "total": 0
              }
            },
            {
              "batter": "OP Stone",
              "bowler": "AS Joseph",
              "non_striker": "R Powell",
              "runs": {
                "batter": 1,
                "extras": 0,
                "total": 1
              }
            },
            {
              "batter": "R Powell",
              "bowler": "AS Joseph",
              "extras": {
                "wides": 1
              },
              "non_striker": "OP Stone",
              "runs": {
                "batter": 0,
                "extras": 1,
                "total": 1
              }
            },
            {
              "batter": "R Powell",
              "bowler": "AS Joseph",
              "extras": {
                "wides": 1
              },
              "non_striker": "OP Stone",
              "runs": {
                "batter": 0,
                "extras": 1,
                "total": 1
              }
            },
            {
              "batter": "R Powell",
              "bowler": "AS Joseph",
              "non_striker": "OP Stone",
              "runs": {
                "batter": 2,
                "extras": 0,
                "total": 2
              }
            },
            {
              "batter": "R Powell",
              "bowler": "AS Joseph",
              "non_striker": "OP Stone",
              "runs": {
                "batter": 0,
                "extras": 0,
                "total": 0
              }
            }
          ]
        }
      ],
      "powerplays": [
        {
          "from": 0.1,
          "to": 5.6,
          "type": "mandatory"
        }
      ],
      "target": {
        "overs": 20,
        "runs": 188
      }
    }
  ]
}