match_id,date,venue,team,opposition,total_runs,toss_winner,toss_decision,match_winner,win_margin,win_type,player_of_match,season,event_name,team_size,star_players_count,regular_players_count,star_ratio,batting_strength,bowling_strength,all_rounder_ratio,total_balls,total_wickets,total_4s,total_6s,team_strike_rate,star_runs,star_wickets,star_impact_total,star_impact_ratio,impact_mean,impact_std,impact_max,impact_min,impact_range,high_performers_count,consistent_performers_count,performance_consistency,avg_career_matches,total_career_matches,experience_depth,avg_batting_performance_ratio,avg_strike_rate_ratio,is_strong_team,is_balanced_team,is_high_impact_team,has_star_batsman,has_star_bowler
unknown,2023-01-13,Dubai International Cricket Stadium,Abu Dhabi Knight Riders,Dubai Capitals,4167,,,,0,,,,,448,138,310,0.3080357142857143,0.7321428571428571,0.26785714285714285,0.0,3514,199,385,167,118.58281161070006,978,90,2644.2973855624055,0.6345806060864904,15.015447254337719,13.866347100442399,66.21102028458976,0.0,66.21102028458976,98,75,0.16741071428571427,70.6159420289855,9745,21.752232142857142,2.719748470157275,0.34634777897106656,1,0,0,1,1
unknown,2024-05-13,"Nondescripts Cricket Club Ground, Colombo",Ace Capital Cricket Club,Negombo Cricket Club,932,,,,0,,,,,129,10,119,0.07751937984496124,0.7441860465116279,0.2558139534883721,0.0,968,58,63,34,96.28099173553719,52,10,188.4572096029984,0.20220730644098542,12.328048034475547,11.320612402420643,48.0,0.0,48.0,17,5,0.03875968992248062,54.4,544,4.217054263565892,1.853812530354541,0.24366258741258742,0,0,0,1,1
unknown,2021-10-19,"Reforma Athletic Club, Naucalpan",Argentina,Brazil,3369,,,,0,,,,,544,52,492,0.09558823529411764,0.7463235294117647,0.2536764705882353,0.0,4235,244,284,44,79.55135773317592,629,2,1037.6363135397871,0.3079953438823945,11.552191288862241,13.94662241183962,97.84178187403997,0.0,97.84178187403997,77,9,0.016544117647058824,117.34615384615384,6102,11.216911764705882,6.276468702244605,0.4621357661997863,0,0,0,1,0
unknown,2017-02-17,Melbourne Cricket Ground,Australia,Sri Lanka,49632,,,,0,,,,,4567,1258,3309,0.27545434639807315,0.7569520472958178,0.24304795270418217,0.0,39269,1729,4838,1592,126.38977310346584,16638,500,24670.232153941684,0.497063026957239,14.728392694987729,14.06138937018112,140.33333333333334,0.0,140.33333333333334,1135,541,0.11845850667834465,96.64785373608903,121583,26.622071381650976,3.343577127579641,0.5153453223353482,0,0,0,1,1
unknown,2018-09-02,Sportpark Het Schootsveld,Austria,Germany,8426,,,,0,,,,,938,70,868,0.07462686567164178,0.7526652452025586,0.24733475479744135,0.0,7549,381,700,377,111.61743277255265,771,22,1092.5916464452687,0.12966907743238412,12.812045775090727,13.23083179313004,69.03647798742139,0.0,69.03647798742139,147,29,0.03091684434968017,191.5,13405,14.291044776119403,2.8142544591952174,0.49585887312677973,0,0,0,1,1
unknown,2024-05-13,"Army Ground, Panagoda",Badureliya Sports Club,Moors Sports Club,803,,,,0,,,,,108,2,106,0.018518518518518517,0.7129629629629629,0.28703703703703703,0.0,868,50,65,24,92.51152073732719,0,4,49.732054574638845,0.0619328201427632,12.026433580726886,11.0679762722173,49.732054574638845,0.0,49.732054574638845,8,2,0.018518518518518517,40.0,80,0.7407407407407407,1.0,0.0,0,0,0,0,1
unknown,2021-11-08,"Sir Vivian Richards Stadium, North Sound, Antigua",Bahamas,Argentina,2533,,,,0,,,,,442,7,435,0.01583710407239819,0.7330316742081447,0.2669683257918552,0.0,3420,208,202,75,74.06432748538012,4,4,49.15084465915859,0.019404202392087875,10.654268509777838,10.861975780429054,48.0,0.0,48.0,44,3,0.006787330316742082,60.42857142857143,423,0.9570135746606335,1.1871962255709434,0.164796661929522,0,0,0,0,1
unknown,2018-04-20,Sulabiya Ground,Bahrain,Saudi Arabia,13834,,,,0,,,,,1600,185,1415,0.115625,0.761875,0.238125,0.0,13247,617,1114,557,104.43119196799276,2941,43,3296.60887509504,0.23829759108681797,12.21382813575742,12.85114766709156,91.70740740740742,0.0,91.70740740740742,278,61,0.038125,70.75675675675676,13090,8.18125,3.6359530747324316,0.6431397877545599,0,0,0,1,1
unknown,2017-01-03,McLean Park,Bangladesh,New Zealand,34725,,,,0,,,,,4150,1353,2797,0.3260240963855422,0.743855421686747,0.256144578313253,0.0,34123,1718,3075,874,101.7642059607889,17313,419,25936.200141343703,0.746902811845751,13.780136653178435,12.99370573224062,111.6169242089772,0.0,111.6169242089772,1098,451,0.10867469879518073,111.02365114560237,150215,36.19638554216868,3.881298103567223,0.5981512157739488,1,0,0,1,1
unknown,2022-07-29,"Edgbaston, Birmingham",Barbados,Pakistan,731,,,,0,,,,,106,2,104,0.018867924528301886,0.7830188679245284,0.2169811320754717,0.0,921,39,80,7,79.37024972855592,0,6,33.24001745581497,0.04547198010371405,9.367208666266201,11.08766372283038,48.0,0.0,48.0,11,2,0.018867924528301886,43.5,87,0.8207547169811321,1.0,0.0,0,0,0,0,1
unknown,2018-08-29,VRA Ground,Belgium,Isle of Man,5303,,,,0,,,,,628,25,603,0.03980891719745223,0.7261146496815286,0.27388535031847133,0.0,5016,284,452,249,105.72169059011165,27,20,208.53340279805198,0.039323666377154814,13.192156983390486,12.202444204115757,60.0,0.0,60.0,79,19,0.030254777070063694,133.96,3349,5.332802547770701,1.2725825947598939,0.12232460808895991,0,0,0,0,1
unknown,2018-09-19,Church Street Park,Belize,Canada,1371,,,,0,,,,,273,17,256,0.06227106227106227,0.7326007326007326,0.2673992673992674,0.0,1849,133,110,36,74.14818820984316,77,9,394.1387415432697,0.2874826707098977,11.44178711137845,12.712183189022229,63.89717514124294,0.0,63.89717514124294,30,4,0.014652014652014652,68.70588235294117,1168,4.278388278388278,5.685987555691414,0.45046408712706965,0,0,0,1,1
unknown,2019-08-18,"White Hill Field, Sandys Parish",Bermuda,United States of America,6623,,,,0,,,,,751,43,708,0.05725699067909454,0.748335552596538,0.25166444740346205,0.0,5969,300,525,276,110.95660914726085,343,16,555.6421974783449,0.08389584742236825,12.43424087302571,12.367657502432445,64.38383838383838,0.0,64.38383838383838,114,17,0.022636484687083888,75.93023255813954,3265,4.347536617842876,2.494263646525023,0.39032016251970936,0,0,0,1,1
unknown,2018-10-04,Bayuemas Oval,Bhutan,China,4839,,,,0,,,,,899,28,871,0.03114571746384872,0.7419354838709677,0.25806451612903225,0.0,7164,375,341,70,67.5460636515913,0,38,198.01369234646253,0.04092037452913051,9.427374542642639,9.872127999377883,65.21411764705883,0.0,65.21411764705883,57,28,0.03114571746384872,42.857142857142854,1200,1.3348164627363737,1.0,0.10714285714285714,0,0,0,0,1
unknown,2018-07-04,Trent Bridge,Birmingham Bears,Nottinghamshire,16981,,,,0,,,,,1548,240,1308,0.15503875968992248,0.7493540051679587,0.25064599483204136,0.0,12521,669,1527,650,135.62015813433433,3227,103,5060.242342606796,0.29799436679858643,15.468448623051138,14.336357562918959,84.0,0.0,84.0,345,102,0.06589147286821706,82.16666666666667,19720,12.739018087855298,3.62991770664005,0.5342089987259553,0,0,0,1,1
unknown,2024-05-12,"Army Ground, Panagoda",Bloomfield Cricket and Athletic Club,Kandy Customs Cricket Club,881,,,,0,,,,,137,8,129,0.058394160583941604,0.7372262773722628,0.26277372262773724,0.0,876,60,68,29,100.57077625570776,40,4,127.30970927270295,0.14450591290885692,11.805182197860795,11.093314333406914,43.16363636363637,0.0,43.16363636363637,16,3,0.021897810218978103,35.75,286,2.0875912408759123,3.8233225108225106,0.6896645021645021,0,0,0,0,1
unknown,2022-02-07,"St George's Park, Port Elizabeth",Boland,Western Province,3027,,,,0,,,,,312,44,268,0.14102564102564102,0.7435897435897436,0.2564102564102564,0.0,2587,126,261,92,117.00811751063007,919,12,928.7786939158766,0.30683141523484525,13.690469974614224,11.63914267614876,50.417176209005,0.0,50.417176209005,56,13,0.041666666666666664,42.86363636363637,1886,6.044871794871795,3.1548753160894023,0.5870920308739089,0,0,0,1,1
unknown,2018-08-20,Botswana Cricket Association Oval 1,Botswana,Lesotho,8772,,,,0,,,,,1341,29,1312,0.02162565249813572,0.7583892617449665,0.24161073825503357,0.0,11421,534,792,113,76.80588389808248,22,19,378.32177953267797,0.04312833784002257,10.278050136335223,10.849795361495783,72.0,0.0,72.0,132,21,0.015659955257270694,84.06896551724138,2438,1.8180462341536168,2.8035825392147227,0.24421146864695684,0,0,0,0,1
unknown,2021-10-19,"Reforma Athletic Club, Naucalpan",Brazil,Argentina,2348,,,,0,,,,,480,11,469,0.022916666666666665,0.7416666666666667,0.25833333333333336,0.0,3664,212,188,20,64.08296943231441,0,11,100.22809350381502,0.04268658156039822,9.503542962774745,10.693685899005661,60.0,0.0,60.0,34,11,0.022916666666666665,166.45454545454547,1831,3.814583333333333,1.0,0.0,0,0,0,0,1
unknown,2020-10-16,Moara Vlasiei Cricket Ground,Bulgaria,Romania,6010,,,,0,,,,,750,50,700,0.06666666666666667,0.7493333333333333,0.25066666666666665,0.0,6075,319,497,264,98.93004115226337,1116,9,1131.6109510278156,0.18828801181827215,12.367814160166292,13.341449443454172,74.35760864203621,0.0,74.35760864203621,119,10,0.013333333333333334,78.92,3946,5.261333333333333,3.9078612914160997,0.6620674483123123,0,0,0,1,1
unknown,2024-05-13,"Army Ground, Panagoda",Burgher Recreation Club,Chilaw Marians Cricket Club,916,,,,0,,,,,130,6,124,0.046153846153846156,0.7538461538461538,0.24615384615384617,0.0,836,54,64,40,109.56937799043062,37,2,76.11195185670407,0.08309165049858523,11.99150850793117,11.355069032637692,53.77777777777777,0.0,53.77777777777777,16,4,0.03076923076923077,42.0,252,1.9384615384615385,2.498925004501212,0.33173028985173764,0,0,0,0,0
unknown,2023-02-09,Morodok Techo National Stadium,Cambodia,Singapore,3617,,,,0,,,,,507,22,485,0.04339250493096647,0.747534516765286,0.252465483234714,0.0,3916,211,303,166,92.36465781409602,270,5,259.11793571695455,0.07163890951533164,11.083745267811368,12.09075350649714,60.0,0.0,60.0,55,8,0.015779092702169626,183.22727272727272,4031,7.95069033530572,1.6955838722391834,0.3552809770336655,0,0,0,1,1
unknown,2021-09-15,"Botswana Cricket Association Oval 2, Gaborone",Cameroon,Sierra Leone,2232,,,,0,,,,,628,18,610,0.028662420382165606,0.7484076433121019,0.2515923566878981,0.0,4267,310,215,15,52.308413405202714,54,11,265.8614179242579,0.11911353849653132,9.465106724549972,11.98107833963607,65.42593572778829,0.0,65.42593572778829,53,11,0.01751592356687898,81.22222222222223,1462,2.328025477707006,1.9290037002455303,0.2735558587525628,0,0,0,1,1
unknown,2018-09-19,Church Street Park,Canada,Belize,12801,,,,0,,,,,1391,81,1310,0.058231488138030196,0.7670740474478792,0.23292595255212079,0.0,11445,531,1030,471,111.84796854521626,567,44,1396.953406942045,0.10912845925646784,12.892342140317904,12.869960420090628,98.20198908586006,0.0,98.20198908586006,201,52,0.037383177570093455,99.12345679012346,8029,5.772106398274622,4.393878302591642,0.4473844549872216,0,0,0,1,1
unknown,2016-11-12,"New Wanderers Stadium, Johannesburg",Cape Cobras,Knights,10584,,,,0,,,,,1003,110,893,0.10967098703888335,0.7377866400797607,0.2622133599202393,0.0,8759,385,879,331,120.83571183925106,1098,51,1830.7404504516837,0.1729724537463798,13.73617556145887,12.317991061513643,68.45615763546799,0.0,68.45615763546799,174,63,0.06281156530408774,60.35454545454545,6639,6.619142572283151,2.8218242270806115,0.4335054721597479,0,0,0,1,1
unknown,2019-08-18,"White Hill Field, Sandys Parish",Cayman Islands,Canada,3853,,,,0,,,,,526,7,519,0.013307984790874524,0.7642585551330798,0.23574144486692014,0.0,4178,228,277,142,92.22115844901867,0,2,33.29145315942478,0.00864039791316501,11.328168112621416,12.54502173924263,87.69275362318841,0.0,87.69275362318841,66,5,0.009505703422053232,72.28571428571429,506,0.9619771863117871,0.7142857142857143,0.0,0,0,0,0,0
unknown,2024-05-13,"Army Ground, Panagoda",Chilaw Marians Cricket Club,Burgher Recreation Club,894,,,,0,,,,,121,2,119,0.01652892561983471,0.7520661157024794,0.24793388429752067,0.0,841,55,67,37,106.30202140309154,0,4,31.84837905236908,0.03562458506976407,12.650601755206504,11.419114192852673,48.0,0.0,48.0,13,2,0.01652892561983471,56.5,113,0.9338842975206612,1.0,0.0,0,0,0,0,1
unknown,2023-10-14,San Albano,Chile,Argentina,94,,,,0,,,,,46,3,43,0.06521739130434782,0.6086956521739131,0.391304347826087,0.0,261,32,6,0,36.015325670498086,0,2,16.759495163953762,0.17829250174418895,10.182192334808052,12.749708132566871,60.0,0.0,60.0,4,3,0.06521739130434782,148.66666666666666,446,9.695652173913043,1.0,0.0,0,1,0,0,0
unknown,2016-11-03,Sano International Cricket Ground,China,Japan,2931,,,,0,,,,,849,1,848,0.001177856301531213,0.751472320376914,0.24852767962308597,0.0,6219,382,185,13,47.129763627592865,0,2,34.1,0.011634254520641419,8.420890684644439,10.812859053779544,84.0,0.0,84.0,57,1,0.001177856301531213,86.0,86,0.10129564193168433,1.0,0.0,0,0,0,0,0
unknown,2024-05-12,"Bloomfield Cricket and Athletic Club Ground, Colombo",Colombo Cricket Club,Nugegoda Sports Welfare Club,1142,,,,0,,,,,115,14,101,0.12173913043478261,0.7478260869565218,0.25217391304347825,0.0,859,44,82,54,132.9452852153667,175,2,318.2870599246227,0.2787102100916136,14.369020535036018,13.92899211159089,54.15913978494624,0.0,54.15913978494624,24,2,0.017391304347826087,68.78571428571429,963,8.373913043478261,6.512577589600816,0.7565124988912636,0,0,0,1,0
unknown,2024-05-14,"Bloomfield Cricket and Athletic Club Ground, Colombo",Colts Cricket Club,Kandy Customs Cricket Club,1113,,,,0,,,,,127,10,117,0.07874015748031496,0.7401574803149606,0.25984251968503935,0.0,938,55,91,44,118.65671641791045,154,11,253.34947992159746,0.22762756506882073,13.258853734958867,12.334129284374892,53.70847457627119,0.0,53.70847457627119,16,5,0.03937007874015748,112.6,1126,8.866141732283465,3.7309517084601795,0.628193939727828,0,0,0,1,1
unknown,2022-09-10,"Independence Park, Port Vila",Cook Islands,Fiji,2804,,,,0,,,,,419,6,413,0.014319809069212411,0.7565632458233891,0.24343675417661098,0.0,3362,170,245,70,83.40273646638904,3,6,112.8753031277126,0.04025510097279337,10.540463190440287,11.178251738714273,67.27356321839082,0.0,67.27356321839082,39,4,0.00954653937947494,51.0,306,0.7303102625298329,1.5868414998849782,0.0720331352422114,0,0,0,0,1
unknown,2024-04-12,Los Reyes Polo Club,Costa Rica,Mexico,678,,,,0,,,,,168,5,163,0.02976190476190476,0.7440476190476191,0.25595238095238093,0.0,1232,79,71,6,55.032467532467535,0,4,66.03842159916925,0.09740180176868622,9.23049420489023,12.186155326072598,72.0,0.0,72.0,16,1,0.005952380952380952,59.8,299,1.7797619047619047,0.2,0.0,0,0,0,0,1
unknown,2022-07-13,Kerava National Cricket Ground,Croatia,Sweden,2342,,,,0,,,,,444,8,436,0.018018018018018018,0.7454954954954955,0.2545045045045045,0.0,3457,206,193,51,67.74660109921898,26,0,49.076645709125195,0.02095501524727805,10.293576121986446,11.702423469894892,72.0,0.0,72.0,42,4,0.009009009009009009,70.0,560,1.2612612612612613,2.4639445349942912,0.43316174412484454,0,0,0,0,0
unknown,2018-08-29,Sportpark Maarschalkerweerd,Cyprus,Germany,4035,,,,0,,,,,506,30,476,0.05928853754940711,0.7529644268774703,0.24703557312252963,0.0,4473,203,327,131,90.20791415157612,37,28,207.41822850770708,0.05140476542941935,11.464200184495834,11.429768473702874,50.54298356510746,0.0,50.54298356510746,61,24,0.04743083003952569,74.9,2247,4.440711462450593,1.1284662849585856,0.06511760612439345,0,0,0,0,1
unknown,2018-09-01,VRA Ground,Czech Republic,Israel,5555,,,,0,,,,,753,22,731,0.029216467463479414,0.7436918990703851,0.25630810092961487,0.0,6298,322,509,135,88.20260400127025,37,19,229.17158091829788,0.041255010066300245,11.274172163212716,12.447510230812185,84.0,0.0,84.0,87,18,0.02390438247011952,147.13636363636363,3237,4.298804780876494,1.4165701721989061,0.083766103285343,0,0,0,0,1
unknown,2018-08-29,Sportpark Maarschalkerweerd,Denmark,Germany,6724,,,,0,,,,,853,32,821,0.03751465416178194,0.7502930832356389,0.24970691676436108,0.0,7083,354,502,177,94.93152618946775,133,18,452.06237199660137,0.06723116775678188,11.91280499551155,11.71296963254566,73.26666666666667,0.0,73.26666666666667,98,22,0.02579132473622509,75.40625,2413,2.82883939038687,2.5977993492303266,0.294527584735913,0,0,0,1,1
unknown,2017-07-07,County Ground,Derbyshire,Northamptonshire,23567,,,,0,,,,,2194,259,1935,0.11804922515952598,0.7379216043755698,0.26207839562443025,0.0,18147,930,2134,762,129.86719567972668,2322,130,6144.010241375124,0.26070396068125445,15.477323284757047,17.49064242330998,311.5098039215686,0.0,311.5098039215686,434,154,0.07019143117593436,82.67953667953668,21414,9.760255241567913,5.692128626441134,0.43472658131946795,0,0,0,1,1
unknown,2023-01-15,Dubai International Cricket Stadium,Desert Vipers,Sharjah Warriors,5159,,,,0,,,,,476,184,292,0.3865546218487395,0.7331932773109243,0.2668067226890756,0.0,3944,193,459,203,130.80628803245435,2497,70,3994.729532551334,0.7743224525201268,16.66959865089995,15.178713453035348,97.4888888888889,0.0,97.4888888888889,136,80,0.16806722689075632,66.72826086956522,12278,25.794117647058822,4.510213203660648,0.5273476200005227,1,0,0,1,1
unknown,2016-11-13,"Kingsmead, Durban",Dolphins,Warriors,12501,,,,0,,,,,1275,166,1109,0.13019607843137254,0.7466666666666667,0.25333333333333335,0.0,10783,512,1041,413,115.93248632106092,1785,52,3081.8193318029457,0.2465258244782774,13.755829649512973,12.737225309882556,67.75246727089629,0.0,67.75246727089629,254,65,0.050980392156862744,85.46385542168674,14187,11.127058823529412,4.233968541184812,0.554388638475056,0,0,0,1,1
unknown,2023-01-13,Dubai International Cricket Stadium,Dubai Capitals,Abu Dhabi Knight Riders,5369,,,,0,,,,,477,202,275,0.42348008385744235,0.7295597484276729,0.27044025157232704,0.0,4201,191,445,213,127.80290407045942,2829,68,4179.372259285872,0.7784265709230531,16.404491483403444,14.593616495736507,71.4076486095125,0.0,71.4076486095125,157,75,0.15723270440251572,82.84653465346534,16735,35.083857442348005,3.9797398184243478,0.5964394938120463,1,0,0,1,1
unknown,2017-07-07,Riverside Ground,Durham,Lancashire,23104,,,,0,,,,,2242,205,2037,0.09143621766280106,0.7417484388938448,0.2582515611061552,0.0,18289,943,1993,659,126.32730056318005,865,159,3631.2771280666343,0.15717092832698382,14.31710252458441,12.515369931959412,66.36892539356606,0.0,66.36892539356606,366,161,0.07181088314005353,89.21463414634147,18289,8.157448706512042,1.9629909363058364,0.23646804293418272,0,0,0,1,1
unknown,2017-06-21,The Rose Bowl,England,South Africa,52239,,,,0,,,,,4997,1381,3616,0.27636581949169503,0.7540524314588753,0.24594756854112468,0.0,42155,1980,5212,1473,123.92124303166885,18472,495,28585.352794221795,0.5472032924485881,15.003806562955264,14.408636620348316,205.4,0.0,205.4,1284,528,0.1056633980388233,106.25488776249095,146738,29.365219131478888,3.9683925450835615,0.5722369197122222,0,0,0,1,1
unknown,2017-07-07,County Ground,Essex,Surrey,25143,,,,0,,,,,2287,134,2153,0.05859204197638828,0.7363358111062527,0.26366418889374726,0.0,18524,997,2276,962,135.73202332109696,295,145,2747.6740459967896,0.10928186954606807,15.162436470366982,13.43731661375856,84.24444444444444,0.0,84.24444444444444,398,108,0.04722343681679055,68.23880597014926,9144,3.9982509838216003,2.2738776760677197,0.16336062582979036,0,0,0,1,1
unknown,2021-10-05,Happy Valley Ground,Estonia,Cyprus,4437,,,,0,,,,,660,59,601,0.0893939393939394,0.746969696969697,0.25303030303030305,0.0,5418,272,306,161,81.89368770764119,948,9,967.925020785701,0.2181485284619565,10.744840191116623,12.220250966142338,96.21818181818182,0.0,96.21818181818182,105,11,0.016666666666666666,61.440677966101696,3625,5.492424242424242,3.666693164574006,0.5724902969986375,0,0,0,1,1
unknown,2021-09-09,"Botswana Cricket Association Oval 1, Gaborone",Eswatini,Botswana,2260,,,,0,,,,,519,24,495,0.046242774566473986,0.7398843930635838,0.26011560693641617,0.0,3563,247,211,71,63.429694078024134,143,10,492.04202431319817,0.21771770987309655,10.051894596023747,12.665203535218495,72.0,0.0,72.0,58,13,0.025048169556840076,107.375,2577,4.965317919075145,5.164551497884831,0.5167220185179956,0,0,0,1,1
unknown,2018-08-25,Albert Park 1,Fiji,Vanuatu,3039,,,,0,,,,,505,5,500,0.009900990099009901,0.7544554455445545,0.24554455445544554,0.0,3890,234,260,100,78.12339331619538,0,4,67.11939137785292,0.022086012299392208,10.89444131158838,12.241419410374819,72.0,0.0,72.0,49,5,0.009900990099009901,44.0,220,0.43564356435643564,1.0,0.0,0,0,0,0,1
unknown,2018-08-29,"VRA Ground, Amstelveen",Finland,Isle of Man,4060,,,,0,,,,,650,20,630,0.03076923076923077,0.7430769230769231,0.2569230769230769,0.0,4875,303,315,89,83.28205128205128,184,18,423.8749051953482,0.10440268600870646,11.421771344296234,11.486552287780977,72.0,0.0,72.0,67,14,0.021538461538461538,101.25,2025,3.1153846153846154,1.3736046263913793,0.1730615336957946,0,0,0,1,1
unknown,2018-08-30,Sportpark Maarschalkerweerd,France,Portugal,5668,,,,0,,,,,871,47,824,0.0539609644087256,0.7370838117106774,0.2629161882893226,0.0,6705,393,466,143,84.53392990305743,486,20,644.3449232377092,0.11368117911745046,11.186920123137723,12.217224806217693,84.0,0.0,84.0,107,19,0.021814006888633754,59.170212765957444,2781,3.192881745120551,2.278588708273042,0.461594404407526,0,0,0,1,1
unknown,2018-04-18,Tafawa Balewa Square Cricket Oval,Gambia,Ghana,762,,,,0,,,,,176,11,165,0.0625,0.7329545454545454,0.26704545454545453,0.0,1167,93,65,13,65.29562982005142,42,10,216.0031526878061,0.28346870431470617,11.000501581980297,12.42564957014068,60.0,0.0,60.0,20,8,0.045454545454545456,62.63636363636363,689,3.914772727272727,1.98179006911599,0.2060769336163306,0,0,0,0,1
unknown,2016-08-17,Skarpnack 2,Germany,Isle of Man,11946,,,,0,,,,,1461,65,1396,0.044490075290896644,0.7611225188227242,0.23887748117727584,0.0,12974,529,965,253,92.07646061353476,418,35,910.4336250230692,0.07621242466290551,11.149453632534598,11.562355118135718,71.63855926976687,0.0,71.63855926976687,175,38,0.026009582477754964,128.53846153846155,8355,5.718685831622176,3.307881357498182,0.31552872618762845,0,0,0,1,1
unknown,2018-04-15,Tafawa Balewa Square Cricket Oval,Ghana,Sierra Leone,3983,,,,0,,,,,610,20,590,0.03278688524590164,0.760655737704918,0.23934426229508196,0.0,4567,268,296,95,87.21261221808628,66,13,258.4133425819144,0.06487907170020446,11.299955156059163,11.416693787439762,62.92275132275133,0.0,62.92275132275133,62,11,0.018032786885245903,45.7,914,1.498360655737705,1.5864146642968209,0.2469348990717745,0,0,0,1,1
unknown,2016-08-17,Skarpnack 1,Gibraltar,Israel,7716,,,,0,,,,,885,37,848,0.04180790960451977,0.7491525423728813,0.25084745762711863,0.0,7865,342,637,224,98.10553083280355,274,21,566.6353919082097,0.0734364167843714,11.883675314454548,11.70598520729419,62.94149659863947,0.0,62.94149659863947,107,19,0.021468926553672316,103.13513513513513,3816,4.311864406779661,2.367999589808407,0.3064558207880684,0,0,0,1,1
unknown,2017-07-07,Sophia Gardens,Glamorgan,Hampshire,22085,,,,0,,,,,2118,136,1982,0.06421152030217187,0.7370160528800755,0.26298394711992445,0.0,17043,942,2022,807,129.58399342838703,817,102,2434.823013802205,0.11024781588418406,14.627506605216817,13.268694868818462,79.43283582089552,0.0,79.43283582089552,379,88,0.04154863078375826,95.71323529411765,13017,6.145892351274788,1.9346764490160293,0.2634490940660862,0,0,0,1,1
unknown,2017-07-07,College Ground,Gloucestershire,Middlesex,23162,,,,0,,,,,2161,120,2041,0.055529847292919945,0.7376214715409533,0.26237852845904674,0.0,18020,908,2040,835,128.53496115427302,840,116,2457.3686669638882,0.10609483926102617,14.559823582993916,12.622572863656119,73.41587301587302,0.0,73.41587301587302,354,99,0.045812124016658955,71.94166666666666,8633,3.994909763998149,1.6440375809117986,0.18353968125548853,0,0,0,1,1
unknown,2021-06-24,"National Sports Academy, Sofia",Greece,Romania,2283,,,,0,,,,,434,3,431,0.0069124423963133645,0.7580645161290323,0.24193548387096775,0.0,3664,175,175,34,62.3089519650655,0,5,82.83082706766918,0.03628157120791466,9.337049307523609,10.093397127832882,60.0,0.0,60.0,27,3,0.0069124423963133645,271.0,813,1.8732718894009217,1.0,0.0,0,0,0,0,1
unknown,2018-08-29,Hazelaarweg,Guernsey,Gibraltar,4335,,,,0,,,,,534,51,483,0.09550561797752809,0.7584269662921348,0.24344569288389514,0.0018726591760299626,4336,213,377,85,99.97693726937268,752,9,677.7668750218694,0.15634760669477957,11.644285014131292,11.403451580021844,60.0,0.0,60.0,88,12,0.02247191011235955,136.27450980392157,6950,13.014981273408239,2.246376214659114,0.46013097403490427,0,0,0,1,1
unknown,2023-01-15,"Zayed Cricket Stadium, Abu Dhabi",Gulf Giants,Abu Dhabi Knight Riders,4805,,,,0,,,,,461,187,274,0.40563991323210413,0.735357917570499,0.2646420824295011,0.0,3988,196,424,162,120.4864593781344,2388,81,4042.30327291266,0.8412701920733944,16.295610823786618,14.504759874291818,87.82840079628403,0.0,87.82840079628403,137,77,0.16702819956616052,56.63101604278075,10590,22.97180043383948,4.127144485649752,0.5735535791881118,1,0,0,1,1
unknown,2019-04-02,"Guyana National Stadium, Providence",Guyana,Windward Islands,494,,,,0,,,,,83,4,79,0.04819277108433735,0.7228915662650602,0.27710843373493976,0.0,745,35,45,0,66.30872483221476,14,4,91.43102967941064,0.18508305603119563,10.347741190953109,9.482529337819622,36.0,0.0,36.0,9,2,0.024096385542168676,83.0,332,4.0,2.611111111111111,0.10555555555555556,0,0,0,0,1
unknown,2017-07-07,Sophia Gardens,Hampshire,Glamorgan,24955,,,,0,,,,,2357,318,2039,0.13491726771319473,0.7390750954603309,0.26092490453966904,0.0,19394,1018,2316,801,128.67381664432298,6089,104,6485.718850324388,0.25989656783507864,14.641821872631176,13.003009360271074,81.93521460438559,0.0,81.93521460438559,468,111,0.047093763258379294,44.89622641509434,14277,6.0572761985574886,3.2750057012508385,0.5898907891512654,0,0,0,1,1
unknown,2016-09-05,"Bready Cricket Club, Magheramason",Hong Kong,Ireland,22461,,,,0,,,,,2840,222,2618,0.07816901408450705,0.7573943661971831,0.2426056338028169,0.0,23161,1120,1789,566,96.97767799317819,2676,99,3521.9860426448877,0.156804507486082,11.598134791717507,11.721674318198565,72.82049424454641,0.0,72.82049424454641,380,113,0.0397887323943662,90.91441441441441,20183,7.10669014084507,2.1309220933017894,0.5146108993116062,0,0,0,1,1
unknown,2021-09-02,"Moara Vlasiei Cricket Ground, Ilfov County",Hungary,Czech Republic,5430,,,,0,,,,,573,21,552,0.03664921465968586,0.7539267015706806,0.24607329842931938,0.0,4583,241,439,255,118.48134409775257,19,24,342.12790125521127,0.0630069799733354,13.559030738408945,13.021173302152533,80.30075187969925,0.0,80.30075187969925,78,20,0.034904013961605584,181.57142857142858,3813,6.654450261780105,1.435926409471383,0.047918919171123765,0,0,0,0,1
unknown,2017-09-12,Gaddafi Stadium,ICC World XI,Pakistan,597,,,,0,,,,,57,19,38,0.3333333333333333,0.7368421052631579,0.2631578947368421,0.0,475,23,52,27,125.6842105263158,107,7,238.25733109510176,0.3990910068594669,15.010171231046389,11.642290733884444,41.127272727272725,0.0,41.127272727272725,11,12,0.21052631578947367,111.73684210526316,2123,37.24561403508772,2.162427358723992,0.2989778761261659,1,0,0,1,1
unknown,2012-02-17,"Senwes Park, Potchefstroom",Impi,Lions,1023,,,,0,,,,,123,3,120,0.024390243902439025,0.7235772357723578,0.2764227642276423,0.0,933,54,88,27,109.64630225080386,1,2,33.757210955691015,0.03299825117858359,12.498077481583433,11.433253031116712,55.45641025641026,0.0,55.45641025641026,12,2,0.016260162601626018,36.0,108,0.8780487804878049,0.7784484685893137,0.026579485952741667,0,0,0,0,0
unknown,2016-06-18,Harare Sports Club,India,Zimbabwe,54812,,,,0,,,,,5044,1549,3495,0.3070975416336241,0.7527755749405234,0.24722442505947662,0.0,44630,1890,5281,1820,122.81425050414518,21602,511,27961.842203682594,0.5101408852748047,14.353503141287495,13.60055990096535,126.2,0.0,126.2,1284,672,0.13322759714512292,111.31116849580374,172421,34.18338620142744,2.903328930364566,0.5136198670468644,1,0,0,1,1
unknown,2018-12-01,Friendship Oval,Indonesia,Japan,10210,,,,0,,,,,1385,31,1354,0.022382671480144403,0.763898916967509,0.23610108303249097,0.0,11526,551,892,246,88.5823355891029,12,21,426.6018889213532,0.041782751118643796,11.096039427570012,11.922276371562335,162.98095238095237,0.0,162.98095238095237,150,30,0.021660649819494584,101.2258064516129,3138,2.2657039711191334,3.425499231950844,0.14746543778801843,0,0,0,0,1
unknown,2020-02-25,Al Amerat Cricket Ground Oman Cricket (Ministry Turf 2),Iran,Kuwait,89,,,,0,,,,,17,0,17,0.0,0.7647058823529411,0.23529411764705882,0.0,131,8,10,0,67.93893129770993,0,0,0.0,0.0,10.134956433166153,12.709584053419029,48.0,0.0,48.0,2,0,0.0,0.0,0,0.0,1.0,1.0,0,0,0,0,0
unknown,2016-09-05,"Bready Cricket Club, Magheramason",Ireland,Hong Kong,32287,,,,0,,,,,3622,916,2706,0.2528989508558807,0.7589729431253451,0.2410270568746549,0.0,29595,1433,3123,712,109.0961311032269,11290,288,18487.385954909754,0.5725953465763234,13.847608209306303,13.616094474847491,126.2,0.0,126.2,909,271,0.0748205411374931,79.56004366812228,72877,20.120651573716177,4.540074408912593,0.6158006611919288,0,0,0,1,1
unknown,2017-02-09,Dubai International Cricket Stadium,Islamabad United,Peshawar Zalmi,17116,,,,0,,,,,1554,522,1032,0.3359073359073359,0.7387387387387387,0.26126126126126126,0.0,12976,660,1544,789,131.90505548705303,6777,154,11083.75131862054,0.6475666813870379,16.679551323877515,15.344204002224041,76.38133686300465,0.0,76.38133686300465,476,183,0.11776061776061776,70.3199233716475,36707,23.620978120978123,4.827388052942797,0.611794694547375,1,0,0,1,1
unknown,2016-08-17,Skarpnack 2,Isle of Man,Germany,3592,,,,0,,,,,507,18,489,0.03550295857988166,0.7692307692307693,0.23076923076923078,0.0,3758,209,323,75,95.58275678552421,24,16,99.6349932933166,0.02773802708611264,10.956060032829377,11.758722423341274,60.0,0.0,60.0,62,15,0.029585798816568046,116.0,2088,4.118343195266272,1.2959151425375914,0.13789743048917266,0,0,0,0,1
unknown,2016-08-17,Skarpnack 1,Israel,Gibraltar,1658,,,,0,,,,,230,8,222,0.034782608695652174,0.7521739130434782,0.24782608695652175,0.0,1830,102,145,25,90.60109289617486,0,8,117.2850772441291,0.070738888567026,11.852488120005647,11.361231225847355,50.7030623405031,0.0,50.7030623405031,24,8,0.034782608695652174,111.5,892,3.878260869565217,1.0,0.0,0,0,0,0,1
unknown,2018-08-29,Sportpark Westvliet,Italy,Spain,7987,,,,0,,,,,969,44,925,0.04540763673890609,0.760577915376677,0.239422084623323,0.0,7941,372,704,177,100.57927213197331,108,19,409.64245298716094,0.051288650680751335,11.581536357050862,11.471318139730771,64.05714285714286,0.0,64.05714285714286,116,32,0.033023735810113516,136.8409090909091,6021,6.213622291021672,1.7000080855383992,0.1634110609026331,0,0,0,1,1
unknown,2024-11-23,"Tafawa Balewa Square Cricket Oval, Lagos",Ivory Coast,Sierra Leone,88,,,,0,,,,,78,0,78,0.0,0.7564102564102564,0.24358974358974358,0.0,422,43,8,0,20.85308056872038,0,0,0.0,0.0,7.901014844604588,13.209279715641795,60.0,0.0,60.0,7,0,0.0,0.0,0,0.0,1.0,1.0,0,0,0,0,0
unknown,2019-03-29,"Guyana National Stadium, Providence",Jamaica,Barbados,609,,,,0,,,,,83,5,78,0.060240963855421686,0.7469879518072289,0.25301204819277107,0.0,736,37,65,4,82.74456521739131,16,0,34.07023634099636,0.05594455885221077,11.565508487621528,11.9076343914285,49.08095238095238,0.0,49.08095238095238,10,1,0.012048192771084338,170.8,854,10.289156626506024,2.377294212817851,0.45292092549197643,0,0,0,0,0
unknown,2016-11-03,Sano International Cricket Ground,Japan,China,10110,,,,0,,,,,1439,19,1420,0.01320361362056984,0.7546907574704657,0.2453092425295344,0.0,11822,578,836,197,85.51852478430045,0,20,199.59091680217057,0.019741930445318554,10.783526766139435,11.35226463679315,78.31111111111112,0.0,78.31111111111112,141,19,0.01320361362056984,86.0,1634,1.1355107713690062,1.0,0.05263157894736842,0,0,0,0,1
unknown,2018-08-30,VRA Ground,Jersey,Spain,8847,,,,0,,,,,1047,40,1007,0.038204393505253106,0.7535816618911175,0.24641833810888253,0.0,8379,423,740,221,105.58539205155746,0,51,715.7988417383152,0.08090865171677576,12.146721703796882,11.916191913482375,66.02937853107345,0.0,66.02937853107345,121,40,0.038204393505253106,104.95,4198,4.009551098376313,1.0,0.0,0,0,0,0,1
unknown,2024-05-12,"Army Ground, Panagoda",Kandy Customs Cricket Club,Bloomfield Cricket and Athletic Club,251,,,,0,,,,,51,3,48,0.058823529411764705,0.7058823529411765,0.29411764705882354,0.0,347,28,20,2,72.3342939481268,0,4,48.678214134827854,0.1939371081068839,11.304227738782009,11.70336120761359,48.0,0.0,48.0,6,3,0.058823529411764705,92.33333333333333,277,5.431372549019608,1.0,0.0,0,0,0,0,1
unknown,2017-02-10,Dubai International Cricket Stadium,Karachi Kings,Peshawar Zalmi,15436,,,,0,,,,,1439,458,981,0.3182765809589993,0.7421820708825573,0.25781792911744267,0.0,12366,594,1441,553,124.82613617984796,6236,169,8070.23849406005,0.5228192856996663,15.08230077234768,13.585693116879773,81.92678227360308,0.0,81.92678227360308,369,194,0.1348158443363447,84.15065502183405,38541,26.78318276580959,2.777221101468334,0.5025021380277207,1,0,0,1,1
unknown,2017-07-09,The Kent County Cricket Ground,Kent,Essex,25553,,,,0,,,,,2296,166,2130,0.07229965156794425,0.7412891986062717,0.2587108013937282,0.0,19233,976,2271,835,132.86018821816668,1027,79,2693.3591648487036,0.1054028554317968,14.802572448981046,13.14894038715264,73.62828282828283,0.0,73.62828282828283,447,92,0.04006968641114982,78.13253012048193,12970,5.648954703832753,2.928230568446903,0.37019750721678996,0,0,0,1,1
unknown,2016-09-27,Gymkhana Club Ground,Kenya,Saudi Arabia,17592,,,,0,,,,,2149,226,1923,0.10516519311307584,0.752442996742671,0.247557003257329,0.0,17556,854,1642,484,100.20505809979494,3492,58,4683.29941502339,0.26621756565617266,12.28016283589607,12.380955242814192,81.39875309040094,0.0,81.39875309040094,361,57,0.02652396463471382,54.703539823008846,12363,5.75290832945556,4.715704865824651,0.5829156207539918,0,0,0,1,1
unknown,2016-11-12,"New Wanderers Stadium, Johannesburg",Knights,Cape Cobras,12132,,,,0,,,,,1241,167,1074,0.13456889605157132,0.7510072522159549,0.24899274778404512,0.0,10414,502,1019,398,116.49702323794891,2817,67,3190.2019435223983,0.2629576280516319,13.333832483376122,12.423445077921386,74.0652446340488,0.0,74.0652446340488,219,76,0.06124093473005641,56.01796407185629,9355,7.538275584206286,2.545384186363683,0.4556433701696325,0,0,0,1,1
unknown,2024-05-16,"Nondescripts Cricket Club Ground, Colombo",Kurunegala Youth Cricket Club,Colts Cricket Club,493,,,,0,,,,,99,2,97,0.020202020202020204,0.7171717171717171,0.2828282828282828,0.0,585,48,25,21,84.27350427350427,0,5,33.56980056980057,0.06809290176430136,10.646969341049145,10.583356529839318,48.0,0.0,48.0,7,2,0.020202020202020204,47.0,94,0.9494949494949495,1.0,0.0,0,0,0,0,1
unknown,2018-04-20,Sulabiya Ground,Kuwait,Maldives,12440,,,,0,,,,,1665,72,1593,0.043243243243243246,0.7513513513513513,0.24864864864864866,0.0,12695,707,994,470,97.9913351713273,236,40,554.2595105572532,0.04455462303514897,11.776193356748532,12.354447660270091,126.6,0.0,126.6,197,69,0.04144144144144144,72.44444444444444,5216,3.1327327327327326,1.8802294197031035,0.3423182486801701,0,0,0,1,1
unknown,2024-03-08,"St George's Park, Gqeberha",KwaZulu-Natal Inland,Warriors,82,,,,0,,,,,17,0,17,0.0,0.7058823529411765,0.29411764705882354,0.0,103,10,10,1,79.6116504854369,0,0,0.0,0.0,11.963363869246225,12.553312082886151,48.0,0.0,48.0,2,0,0.0,0.0,0,0.0,1.0,1.0,0,0,0,0,0
unknown,2017-02-10,Dubai International Cricket Stadium,Lahore Qalandars,Quetta Gladiators,16457,,,,0,,,,,1501,458,1043,0.3051299133910726,0.7335109926715523,0.2664890073284477,0.0,12632,642,1426,742,130.28024065864471,6127,179,10044.474354999464,0.61034662180224,16.455292227420525,17.19438131039156,260.24444444444447,0.0,260.24444444444447,391,180,0.11992005329780146,73.27510917030568,33560,22.358427714856763,4.489978463649188,0.5790714224492571,1,0,0,1,1
unknown,2017-07-07,Riverside Ground,Lancashire,Durham,25165,,,,0,,,,,2267,259,2008,0.11424790471989413,0.7463608292898103,0.25363917071018965,0.0,19142,912,2079,897,131.46484170933027,3175,136,5316.769595247587,0.21127635983499252,14.812861560761638,13.753781124997396,205.4,0.0,205.4,429,148,0.06528451698279665,104.75289575289575,27131,11.967798853109837,3.2602461602157216,0.3934740548150544,0,0,0,1,1
unknown,2022-06-07,"Guyana National Stadium, Providence",Leeward Islands,Windward Islands,231,,,,0,,,,,72,1,71,0.013888888888888888,0.7638888888888888,0.2361111111111111,0.0,585,30,18,0,39.48717948717949,0,1,16.620008727907486,0.07194808973120123,7.703009154248633,9.911781174408722,36.0,0.0,36.0,5,1,0.013888888888888888,55.0,55,0.7638888888888888,1.0,0.0,0,0,0,0,0
unknown,2017-07-09,Aigburth,Leicestershire,Lancashire,22578,,,,0,,,,,2227,281,1946,0.1261787157611136,0.7269869779973058,0.27301302200269423,0.0,17970,979,2028,719,125.64273789649417,2918,154,5662.881830454642,0.2508141478631695,14.712915889696193,12.61707237382709,75.77982805821047,0.0,75.77982805821047,417,134,0.060170633138751685,87.57295373665481,24608,11.049842837898519,3.0666821860419784,0.419127420438444,0,0,0,1,1
unknown,2018-08-20,Botswana Cricket Association Oval 1,Lesotho,Botswana,1895,,,,0,,,,,539,17,522,0.03153988868274583,0.7439703153988868,0.2560296846011132,0.0,3647,259,144,29,51.96051549218536,174,10,355.5378774379029,0.1876189326849092,9.230388470734635,12.085646057686022,81.87828700225394,0.0,81.87828700225394,48,5,0.00927643784786642,54.470588235294116,926,1.7179962894248608,3.0414052985073163,0.39934651187547,0,0,0,1,1
unknown,2016-11-12,"New Wanderers Stadium, Johannesburg",Lions,Titans,12456,,,,0,,,,,1202,279,923,0.23211314475873543,0.7512479201331115,0.24875207986688852,0.0,10500,463,987,425,118.62857142857143,5512,44,5357.442105513501,0.4301093533649246,13.651043893809213,12.66604761153096,76.59055020205162,0.0,76.59055020205162,307,62,0.051580698835274545,53.99641577060932,15065,12.533277870216306,3.2821051217497255,0.657037138740203,0,0,0,1,1
unknown,2020-08-29,Pierre Werner Cricket Ground,Luxembourg,Belgium,5326,,,,0,,,,,693,21,672,0.030303030303030304,0.7344877344877345,0.26551226551226553,0.0,5644,299,458,124,94.3656980864635,40,25,264.8071299669071,0.04971970145830024,11.678513866687112,11.450416319872861,60.0,0.0,60.0,90,20,0.02886002886002886,158.0,3318,4.787878787878788,1.235448556001387,0.05024298764901756,0,0,0,0,1
unknown,2023-01-14,"Zayed Cricket Stadium, Abu Dhabi",MI Emirates,Sharjah Warriors,5362,,,,0,,,,,446,156,290,0.34977578475336324,0.7533632286995515,0.24663677130044842,0.0,4081,162,430,277,131.3893653516295,1966,71,3399.078355443864,0.6339198723319404,16.323063771088034,16.25782843096261,134.0,0.0,134.0,113,76,0.17040358744394618,79.03205128205128,12329,27.643497757847534,4.021167773254293,0.5440381230723865,1,0,0,1,1
unknown,2018-08-20,Botswana Cricket Association Oval 2,Malawi,Namibia,5426,,,,0,,,,,837,20,817,0.023894862604540025,0.7562724014336918,0.24372759856630824,0.0,6755,329,475,88,80.32568467801629,0,18,83.19278955898928,0.015332250195169421,10.094889089180652,10.966884404825224,72.0,0.0,72.0,79,20,0.023894862604540025,49.3,986,1.1780167264038233,1.0,0.0,0,0,0,0,1
unknown,2016-08-26,Johor Cricket Academy Oval,Malaysia,Singapore,19037,,,,0,,,,,2493,48,2445,0.019253910950661854,0.7529081427998395,0.24709185720016044,0.0,19983,977,1562,556,95.26597607966771,0,37,219.23680460986284,0.011516352608597092,11.189250136223448,11.258497818116636,63.86153846153847,0.0,63.86153846153847,268,48,0.019253910950661854,77.0625,3699,1.483754512635379,1.0,0.16666666666666666,0,0,0,0,1
unknown,2018-04-20,Sulabiya Ground,Maldives,Kuwait,4574,,,,0,,,,,788,125,663,0.15862944162436549,0.751269035532995,0.24873096446700507,0.0,5887,353,335,123,77.69661967046034,823,14,921.8224758943809,0.20153530299396172,10.471310748797762,11.343958572216506,72.0,0.0,72.0,135,44,0.05583756345177665,45.8,5725,7.2652284263959395,1.7395391001207592,0.54419178228963,0,0,0,1,1
unknown,2019-06-18,Gahanga International Cricket Stadium. Rwanda,Mali,Rwanda,314,,,,0,,,,,164,2,162,0.012195121951219513,0.7134146341463414,0.2865853658536585,0.0,843,92,31,2,37.2479240806643,0,5,82.2392367816191,0.2619083973936914,9.093212159027425,13.175791180289147,72.0,0.0,72.0,12,2,0.012195121951219513,77.5,155,0.9451219512195121,1.0,0.0,0,0,0,0,1
unknown,2021-07-08,Marsa Sports Club,Malta,Belgium,9019,,,,0,,,,,1053,114,939,0.10826210826210826,0.7435897435897436,0.2564102564102564,0.0,8662,460,748,355,104.12145001154467,1471,40,1960.2464703640194,0.2173463211402616,13.001742021868829,12.452564303762795,72.0,0.0,72.0,192,35,0.03323836657169991,112.14912280701755,12785,12.141500474833808,2.8945082716427812,0.523977978838509,0,0,0,1,1
unknown,2023-10-18,St Georges Quilmes,Mexico,Chile,1697,,,,0,,,,,310,6,304,0.01935483870967742,0.7516129032258064,0.24838709677419354,0.0,2488,140,139,21,68.20739549839229,61,0,63.77777097172776,0.037582658203728796,10.285450335134186,10.515684029805756,48.0,0.0,48.0,28,2,0.0064516129032258064,142.0,852,2.7483870967741937,2.8983159827066487,0.4888979432824469,0,0,0,1,0
unknown,2017-07-07,College Ground,Middlesex,Gloucestershire,24191,,,,0,,,,,2264,373,1891,0.16475265017667845,0.734982332155477,0.26501766784452296,0.0,18649,994,2176,845,129.71741112123973,6910,96,15222.391377703158,0.6292584588360612,18.37995996072858,33.7155644171762,693.8,0.0,693.8,529,94,0.04151943462897526,125.88739946380697,46956,20.74028268551237,13.504006539600255,0.7809206842793526,0,0,0,1,1
unknown,2023-09-27,Zhejiang University of Technology Cricket Field,Mongolia,Nepal,818,,,,0,,,,,446,2,444,0.004484304932735426,0.7309417040358744,0.26905829596412556,0.0,3006,224,45,3,27.21224218230206,0,3,0.0,0.0,7.696119107297271,11.757745148165704,84.0,0.0,84.0,22,2,0.004484304932735426,16.0,32,0.07174887892376682,1.0,0.0,0,0,0,0,1
unknown,2024-05-13,"Army Ground, Panagoda",Moors Sports Club,Badureliya Sports Club,1193,,,,0,,,,,150,14,136,0.09333333333333334,0.7666666666666667,0.23333333333333334,0.0,1031,59,101,42,115.71290009699322,99,14,250.8016728509059,0.2102277224232237,12.469380374013637,11.179413840160032,48.0,0.0,48.0,18,8,0.05333333333333334,64.64285714285714,905,6.033333333333333,2.204983730309523,0.2901323797660934,0,0,0,1,1
unknown,2018-08-21,Botswana Cricket Association Oval 2,Mozambique,Lesotho,4744,,,,0,,,,,834,23,811,0.027577937649880094,0.7637889688249401,0.23621103117505995,0.0,6865,358,457,90,69.10415149308085,12,21,303.88849441424065,0.06405743980064095,10.042725299784745,11.776859416690089,72.0,0.0,72.0,74,20,0.023980815347721823,80.69565217391305,1856,2.225419664268585,1.1889295546144951,0.1801321751852967,0,0,0,0,1
unknown,2018-02-22,Dubai International Cricket Stadium,Multan Sultans,Peshawar Zalmi,13794,,,,0,,,,,1168,496,672,0.4246575342465753,0.7448630136986302,0.2551369863013699,0.0,10459,467,1296,524,131.88641361506836,9502,158,9994.46839148214,0.7245518625113919,15.536971018411972,14.538881685399526,84.80786372189759,0.0,84.80786372189759,345,185,0.1583904109589041,57.056451612903224,28300,24.22945205479452,2.902574552867471,0.6244573789353406,1,0,0,1,1
unknown,2018-10-03,Bayuemas Oval,Myanmar,Nepal,3061,,,,0,,,,,640,4,636,0.00625,0.7484375,0.2515625,0.0,5084,266,227,32,60.20849724626278,0,6,33.594779159381744,0.01097509936601821,8.92584015929161,9.843850960209808,60.0,0.0,60.0,42,4,0.00625,90.0,360,0.5625,1.0,0.25,0,0,0,0,1
unknown,2017-01-15,Sheikh Zayed Stadium,Namibia,United Arab Emirates,20925,,,,0,,,,,2582,184,2398,0.07126258714175059,0.7529047250193648,0.24709527498063516,0.0,21227,1002,1833,546,98.57728364818392,1027,134,2927.549367326617,0.13990677980055516,11.754033582332342,11.678301408421191,72.0,0.0,72.0,294,142,0.054996127033307515,89.58695652173913,16484,6.384198295894655,1.7245380576707616,0.1942330711780273,0,0,0,1,1
unknown,2024-05-13,"Nondescripts Cricket Club Ground, Colombo",Negombo Cricket Club,Ace Capital Cricket Club,218,,,,0,,,,,35,3,32,0.08571428571428572,0.6857142857142857,0.3142857142857143,0.0,223,17,15,8,97.75784753363229,1,1,36.11260692750911,0.16565416021793172,11.953385026461996,12.414148046108195,60.0,0.0,60.0,5,2,0.05714285714285714,72.0,216,6.171428571428572,3.5278969957081543,0.10477238200010476,0,1,0,0,0
unknown,2017-11-20,Terdthai Cricket Ground,Nepal,Thailand,20093,,,,0,,,,,2479,89,2390,0.035901573215006054,0.754336425978217,0.245663574021783,0.0,20227,981,1618,651,99.33751915756167,126,75,1165.0102928066476,0.057980903439339454,11.855272273085369,11.715451221533002,82.82222222222224,0.0,82.82222222222224,289,69,0.027833803953206938,78.01123595505618,6943,2.800726099233562,1.435664832523305,0.20034663767881417,0,0,0,1,1
unknown,2017-01-15,Sheikh Zayed Stadium,Netherlands,Oman,24486,,,,0,,,,,2836,199,2637,0.07016925246826516,0.7574047954866009,0.24259520451339917,0.0,23215,1100,2187,524,105.47490846435494,68,173,2749.2924793217167,0.11228017966681846,12.126156523251678,12.188815535103654,80.91612903225807,0.0,80.91612903225807,356,178,0.06276445698166432,81.96482412060301,16311,5.751410437235543,1.4075406488236066,0.06277868356830323,0,0,0,1,1
unknown,2017-01-03,McLean Park,New Zealand,Bangladesh,47884,,,,0,,,,,4779,1450,3329,0.30341075538815654,0.7465997070516844,0.25340029294831556,0.0,40136,1958,4180,1586,119.30436515846124,19100,447,33914.3340795342,0.7082602556080152,16.022176881525944,23.745303352199986,528.4857142857143,0.0,528.4857142857143,1277,527,0.11027411592383343,101.69241379310346,147454,30.854572086210503,5.877531402271303,0.5966319263192885,1,0,0,1,1
unknown,2018-04-14,Tafawa Balewa Square Cricket Oval,Nigeria,Sierra Leone,11249,,,,0,,,,,1688,52,1636,0.030805687203791468,0.7565165876777251,0.24348341232227488,0.0,13189,698,950,237,85.29077261354159,0,51,680.8242150327654,0.06052308783294208,11.041995925987683,11.199075681578561,66.50262960180316,0.0,66.50262960180316,149,52,0.030805687203791468,73.5576923076923,3825,2.265995260663507,1.0,0.019230769230769232,0,0,0,0,1
unknown,2024-05-14,"Bloomfield Cricket and Athletic Club Ground, Colombo",Nondescripts Cricket Club,Nugegoda Sports Welfare Club,1181,,,,0,,,,,135,15,120,0.1111111111111111,0.7481481481481481,0.2518518518518518,0.0,863,50,105,57,136.84820393974508,297,3,421.4353894939238,0.35684622311085845,13.97521173370518,13.038435475104343,47.42088184818483,0.0,47.42088184818483,23,3,0.022222222222222223,41.8,627,4.644444444444445,6.963837860902245,1.0894627092369649,0,0,0,1,1
unknown,2022-02-08,"St George's Park, Port Elizabeth",North West,Lions,2840,,,,0,,,,,305,36,269,0.1180327868852459,0.7344262295081967,0.26557377049180325,0.0,2482,124,233,97,114.4238517324738,460,12,612.8572748250247,0.21579481507923404,13.257710628048333,11.71928659037928,65.85106382978724,0.0,65.85106382978724,52,14,0.04590163934426229,33.666666666666664,1212,3.9737704918032786,2.8505107464358392,0.4175426221418491,0,0,0,1,1
unknown,2017-07-07,County Ground,Northamptonshire,Derbyshire,23658,,,,0,,,,,2205,316,1889,0.14331065759637188,0.7383219954648526,0.2616780045351474,0.0,18170,943,2233,855,130.20363236103466,3827,108,11203.81569513935,0.473574084670697,17.47027453655421,27.115435715162874,708.6,0.0,708.6,473,114,0.05170068027210884,91.98417721518987,29067,13.182312925170068,11.662858708371635,0.6363334209759433,0,0,0,1,1
unknown,2018-08-29,Sportpark Thurlede,Norway,Sweden,6438,,,,0,,,,,892,47,845,0.052690582959641255,0.7511210762331838,0.24887892376681614,0.0,7361,377,502,190,87.46094280668387,314,19,594.0487419402157,0.09227224944706675,11.598097773191528,11.598668484004007,63.205442176870754,0.0,63.205442176870754,111,20,0.02242152466367713,76.14893617021276,3579,4.012331838565022,3.0510224986197576,0.5792055224751994,0,0,0,1,1
unknown,2017-07-07,Headingley,Nottinghamshire,Yorkshire,24973,,,,0,,,,,2300,394,1906,0.17130434782608694,0.7378260869565217,0.26217391304347826,0.0,18471,992,2373,964,135.20112608954577,6025,115,7999.002035201834,0.32030601190092634,15.31562178122249,13.579394267184819,84.03888182973316,0.0,84.03888182973316,532,133,0.05782608695652174,76.28426395939087,30056,13.067826086956522,3.7495648507939316,0.5687281955181362,0,0,0,1,1
unknown,2024-05-14,"Bloomfield Cricket and Athletic Club Ground, Colombo",Nugegoda Sports Welfare Club,Nondescripts Cricket Club,717,,,,0,,,,,101,5,96,0.04950495049504951,0.7623762376237624,0.2376237623762376,0.0,713,47,55,25,100.56100981767182,7,4,82.14703010197083,0.11457047434026614,12.7412979584734,12.600828315654748,49.732054574638845,0.0,49.732054574638845,14,3,0.0297029702970297,66.8,334,3.3069306930693068,1.819162363740677,0.41653292574194367,0,0,0,0,1
unknown,2017-01-15,Sheikh Zayed Stadium,Oman,Netherlands,13575,,,,0,,,,,1618,215,1403,0.13288009888751545,0.7521631644004945,0.24783683559950556,0.0,12979,665,1178,434,104.59203328453657,2399,90,3733.9308747751616,0.2750593646243213,12.730915188307952,12.13970567054935,68.57156344485009,0.0,68.57156344485009,288,80,0.049443757725587144,54.08837209302325,11629,7.187268232385661,3.0353379393865825,0.5393784569905979,0,0,0,1,1
unknown,2016-09-23,Dubai International Cricket Stadium,Pakistan,West Indies,51448,,,,0,,,,,5519,1328,4191,0.24062330132270338,0.7461496647943469,0.2538503352056532,0.0,47166,2267,4586,1386,109.07857354874272,15204,630,25529.361175305003,0.49621678540089026,13.844436603304352,13.143793681382524,85.43353157745682,0.0,85.43353157745682,1132,646,0.11705019025185721,79.33885542168674,105362,19.09077731473093,3.086410999563446,0.4525906496334585,0,0,0,1,1
unknown,2024-05-12,"Army Ground, Panagoda",Panadura Sports Club,Kurunegala Youth Cricket Club,1648,,,,0,,,,,189,16,173,0.08465608465608465,0.7301587301587301,0.2698412698412698,0.0,1500,74,119,59,109.86666666666667,37,10,185.9653229908769,0.11284303579543502,12.59238309948083,10.753690409298965,54.98803418803419,0.0,54.98803418803419,21,13,0.06878306878306878,71.5625,1145,6.058201058201059,1.2824835758988695,0.15239600683746285,0,0,0,0,1
unknown,2018-09-20,Church Street Park,Panama,United States of America,2317,,,,0,,,,,434,9,425,0.020737327188940093,0.7258064516129032,0.27419354838709675,0.0,3177,208,181,46,72.93043751967264,0,9,134.38974987910115,0.058001618419983234,10.81353859743909,10.703977278027743,72.0,0.0,72.0,33,8,0.018433179723502304,80.22222222222223,722,1.663594470046083,0.8888888888888888,0.0,0,0,0,0,1
unknown,2017-04-12,Sheikh Zayed Stadium,Papua New Guinea,United Arab Emirates,13123,,,,0,,,,,1549,63,1486,0.040671400903808906,0.7598450613298903,0.24015493867010976,0.0,12804,607,1125,378,102.49140893470789,39,64,780.5475339442578,0.05947935182079234,11.91214552991804,12.059660326800575,72.33830845771145,0.0,72.33830845771145,193,54,0.03486120077469335,73.12698412698413,4607,2.974176888315042,1.2731257153025861,0.08528668168000571,0,0,0,0,1
unknown,2017-02-09,Dubai International Cricket Stadium,Peshawar Zalmi,Islamabad United,17308,,,,0,,,,,1570,425,1145,0.27070063694267515,0.7414012738853503,0.2585987261146497,0.0,13345,677,1588,748,129.69651554889472,4717,248,8414.223575780112,0.48614649732956505,15.743362058142322,14.57208984611109,82.5,0.0,82.5,374,224,0.14267515923566879,81.34117647058824,34570,22.019108280254777,2.7671140779805485,0.4418647385211565,0,0,0,1,1
unknown,2018-12-01,Friendship Oval,Philippines,South Korea,5496,,,,0,,,,,818,40,778,0.0488997555012225,0.7713936430317848,0.22860635696821516,0.0,6211,336,397,170,88.48816615681855,480,3,524.8506534181183,0.09549684378058922,11.035849136061543,11.795940459344171,73.5878787878788,0.0,73.5878787878788,104,8,0.009779951100244499,122.0,4880,5.965770171149145,3.3286483342968,0.6168010496674883,0,0,0,1,1
unknown,2024-05-14,"Sinhalese Sports Club Ground, Colombo",Police Sports Club,Colombo Cricket Club,928,,,,0,,,,,129,4,125,0.031007751937984496,0.7364341085271318,0.26356589147286824,0.0,880,59,70,38,105.45454545454544,0,4,50.14715209468018,0.054037879412370884,12.194766325944673,11.766069864134218,56.51851851851852,0.0,56.51851851851852,12,4,0.031007751937984496,52.25,209,1.62015503875969,1.0,0.0,0,0,0,0,1
unknown,2018-08-30,Sportpark Maarschalkerweerd,Portugal,France,4448,,,,0,,,,,498,19,479,0.03815261044176707,0.7670682730923695,0.23293172690763053,0.0,4139,196,392,145,107.46557139405652,0,15,199.89682781283216,0.044940833591014424,12.395355686483974,12.161581607305395,60.0,0.0,60.0,61,18,0.03614457831325301,130.42105263157896,2478,4.975903614457831,0.9473684210526315,0.0,0,0,0,0,1
unknown,2016-09-27,Jaffery Sports Club Ground,Qatar,Uganda,9543,,,,0,,,,,1211,177,1034,0.14616019818331957,0.7506193228736582,0.24938067712634188,0.0,9666,486,844,335,98.72749844816883,1830,27,2132.564353091253,0.22346896710586325,11.870773893187275,12.019912110190859,63.878431372549024,0.0,63.878431372549024,213,56,0.046242774566473986,83.14689265536722,14717,12.152766308835673,2.8416289872478724,0.5723935375395509,0,0,0,1,1
unknown,2017-02-10,Dubai International Cricket Stadium,Quetta Gladiators,Lahore Qalandars,15122,,,,0,,,,,1426,506,920,0.3548387096774194,0.7489481065918654,0.25105189340813466,0.0,12006,619,1395,598,125.95368982175579,6883,177,9557.9131711686,0.6320535095336993,15.580584512256912,14.658417036424904,92.65923760808673,0.0,92.65923760808673,431,188,0.13183730715287517,77.06916996047431,38997,27.347124824684432,3.530139217643525,0.5551500672277921,1,0,0,1,1
unknown,2024-05-16,"Bloomfield Cricket and Athletic Club Ground, Colombo",Ragama Cricket Club,Nondescripts Cricket Club,95,,,,0,,,,,16,2,14,0.125,0.75,0.25,0.0,66,9,5,8,143.93939393939394,11,2,48.85027034710344,0.514213372074773,15.5738531299052,13.83304764020174,48.0,0.0,48.0,2,1,0.0625,44.0,88,5.5,2.8867384134698835,0.3260766457977613,0,0,0,0,0
unknown,2020-10-16,Moara Vlasiei Cricket Ground,Romania,Bulgaria,6843,,,,0,,,,,716,35,681,0.04888268156424581,0.7513966480446927,0.24860335195530725,0.0,5853,289,714,227,116.9144028703229,263,19,539.8983490336683,0.07889790282532051,13.184390222659502,13.227604405850498,73.82727272727273,0.0,73.82727272727273,105,15,0.02094972067039106,176.54285714285714,6179,8.629888268156424,3.529209034222885,0.5377315360954624,0,0,0,1,1
unknown,2018-07-07,Gahanga International Cricket Stadium. Rwanda,Rwanda,Tanzania,14373,,,,0,,,,,2246,90,2156,0.04007123775601069,0.7520035618878005,0.24799643811219946,0.0,17238,957,1221,295,83.37974242951618,392,63,1331.9014900191519,0.092666909484391,10.994030132709328,11.06048436457215,81.10326566637247,0.0,81.10326566637247,245,54,0.02404274265360641,54.611111111111114,4915,2.18833481745325,2.2424292373701795,0.3118495502180622,0,0,0,1,1
unknown,2017-04-28,Sano International Cricket Ground,Samoa,Japan,4204,,,,0,,,,,636,19,617,0.029874213836477988,0.7531446540880503,0.2468553459119497,0.0,4984,273,385,120,84.34991974317818,466,0,367.99437660621913,0.08753434267512349,10.95137248228851,11.91604151125367,79.96825396825398,0.0,79.96825396825398,78,0,0.0,44.0,836,1.3144654088050314,3.276497136535895,0.6481522350931785,0,0,0,1,0
unknown,2016-09-27,Gymkhana Club Ground,Saudi Arabia,Kenya,8195,,,,0,,,,,925,127,798,0.1372972972972973,0.7502702702702703,0.24972972972972973,0.0,7318,387,636,370,111.98414867450124,1149,48,2074.093229070687,0.2530925233765329,13.485277923435131,13.31879039413626,67.92561060711795,0.0,67.92561060711795,160,57,0.061621621621621624,62.48031496062992,7935,8.578378378378378,4.095012606878983,0.49090764201724685,0,0,0,1,1
unknown,2017-01-14,Sheikh Zayed Stadium,Scotland,Hong Kong,19828,,,,0,,,,,2216,179,2037,0.08077617328519855,0.7509025270758123,0.2490974729241877,0.0,18167,891,1804,521,109.14295150547697,214,151,2721.6527138845327,0.1372630983399502,12.71943294839966,12.437216692515713,105.4,0.0,105.4,306,150,0.06768953068592058,79.54189944134079,14238,6.425090252707581,1.896251964405197,0.12875219403517238,0,0,0,1,1
unknown,2021-06-25,"National Sports Academy, Sofia",Serbia,Greece,3935,,,,0,,,,,538,3,535,0.0055762081784386614,0.7509293680297398,0.24907063197026022,0.0,4551,212,358,141,86.4645132937816,0,3,33.218802772526786,0.008441881263666273,10.64969238315429,12.053758347494286,73.91698113207548,0.0,73.91698113207548,46,3,0.0055762081784386614,85.33333333333333,256,0.4758364312267658,1.0,0.0,0,0,0,0,1
unknown,2021-10-16,Gahanga International Cricket Stadium. Rwanda,Seychelles,Ghana,1117,,,,0,,,,,201,27,174,0.13432835820895522,0.7562189054726368,0.24378109452736318,0.0,1448,92,119,12,77.14088397790056,221,4,276.74909588531614,0.24776105271738239,10.706887458342226,11.301585161438798,60.0,0.0,60.0,27,8,0.03980099502487562,68.07407407407408,1838,9.144278606965175,2.2692753309975635,0.38437238306556987,0,0,0,1,1
unknown,2023-01-14,"Zayed Cricket Stadium, Abu Dhabi",Sharjah Warriors,MI Emirates,2370,,,,0,,,,,280,107,173,0.3821428571428571,0.7464285714285714,0.25357142857142856,0.0,2108,129,202,83,112.42884250474383,1046,45,1813.6476794332943,0.7652521854148921,14.354636735172022,14.129183974110177,66.11607142857143,0.0,66.11607142857143,76,46,0.16428571428571428,85.01869158878505,9097,32.489285714285714,2.6562539742026523,0.41723339651403574,1,0,0,1,1
unknown,2025-01-12,Dubai International Cricket Stadium,Sharjah Warriorz,Gulf Giants,1776,,,,0,,,,,167,70,97,0.41916167664670656,0.7604790419161677,0.23952095808383234,0.0,1405,73,160,86,126.40569395017793,826,29,1435.907262535328,0.8085063415176397,16.744473178472237,16.12869101519011,66.10192837465564,0.0,66.10192837465564,52,30,0.17964071856287425,72.68571428571428,5088,30.46706586826347,3.813949880584971,0.5224075041596665,1,0,0,1,1
unknown,2018-04-14,Tafawa Balewa Square Cricket Oval,Sierra Leone,Nigeria,5679,,,,0,,,,,1002,25,977,0.0249500998003992,0.7654690618762475,0.2345309381237525,0.0,8023,387,466,52,70.78399601146702,86,5,223.10525789065443,0.039286011250335345,9.473278543900962,10.237146637976982,72.0,0.0,72.0,88,13,0.012974051896207584,98.2,2455,2.4500998003992014,2.1365358993221846,0.3732121649299215,0,0,0,1,1
unknown,2016-08-26,Johor Cricket Academy Oval,Singapore,Malaysia,12138,,,,0,,,,,1736,57,1679,0.032834101382488476,0.7465437788018433,0.2534562211981567,0.0,14022,736,932,328,86.56397090286693,209,54,889.3899763643504,0.07327318968234886,11.201824581783272,11.702414381217668,72.72323232323234,0.0,72.72323232323234,199,44,0.02534562211981567,87.9298245614035,5012,2.8870967741935485,2.1045895917097472,0.2960420944005274,0,0,0,1,1
unknown,2024-05-13,"Nondescripts Cricket Club Ground, Colombo",Sinhalese Sports Club,Tamil Union Cricket and Athletic Club,228,,,,0,,,,,34,3,31,0.08823529411764706,0.7647058823529411,0.23529411764705882,0.0,220,13,20,8,103.63636363636364,39,0,58.736176157688675,0.25761480770916084,12.154958229416154,9.957272360361147,36.0,0.0,36.0,4,1,0.029411764705882353,53.0,159,4.676470588235294,6.014895819270059,0.7762161231616743,0,0,0,0,0
unknown,2022-07-25,Kerava National Cricket Ground,Slovenia,Austria,1548,,,,0,,,,,257,21,236,0.08171206225680934,0.7392996108949417,0.2607003891050584,0.0,1800,122,129,53,86.0,144,5,133.5219571046657,0.08625449425366001,11.279280624177,11.407425705549956,60.0,0.0,60.0,28,10,0.038910505836575876,179.47619047619048,3769,14.665369649805447,1.566276127806617,0.31552059314595543,0,0,0,1,1
unknown,2017-07-09,Kennington Oval,Somerset,Surrey,26609,,,,0,,,,,2312,193,2119,0.08347750865051903,0.740916955017301,0.25908304498269896,0.0,19167,957,2498,1043,138.82715083215945,2570,124,9751.899800257946,0.36648877448449574,17.681980198254422,32.61345229872541,495.1882352941177,0.0,495.1882352941177,411,119,0.051470588235294115,78.15544041450777,15084,6.524221453287197,17.087978896112546,0.5863937178069855,0,0,0,1,1
unknown,2017-02-17,Eden Park,South Africa,New Zealand,45540,,,,0,,,,,4504,1184,3320,0.26287744227353466,0.7531083481349912,0.2468916518650089,0.0,38835,1751,4177,1422,117.26535341830824,14054,459,21489.885864036092,0.47189033517865814,14.121853231031444,14.02839318198838,257.0,0.0,257.0,1032,542,0.12033747779751332,80.34712837837837,95131,21.12144760213144,3.121935094980843,0.48503064056387135,0,0,0,1,1
unknown,2018-09-13,"Mission Road Ground, Mong Kok",South Korea,China,2751,,,,0,,,,,497,14,483,0.028169014084507043,0.738430583501006,0.26156941649899396,0.0,3619,232,201,87,76.01547388781431,199,14,417.5312646677783,0.1517743601118787,10.771420538833294,11.557108008179602,60.0,0.0,60.0,49,6,0.012072434607645875,67.35714285714286,943,1.8973843058350102,4.169510893635987,0.7083928700453189,0,0,0,1,1
unknown,2016-08-17,Skarpnack 2,Spain,Israel,5428,,,,0,,,,,657,25,632,0.0380517503805175,0.76103500761035,0.2389649923896499,0.0,5570,243,411,171,97.45062836624776,160,8,238.43471589138272,0.043926808380873754,11.404988584991498,10.696126613561773,49.78333333333334,0.0,49.78333333333334,93,9,0.0136986301369863,100.8,2520,3.835616438356164,1.9884473730418584,0.5176063732864259,0,0,0,1,1
unknown,2017-02-17,Melbourne Cricket Ground,Sri Lanka,Australia,40022,,,,0,,,,,4581,1270,3311,0.2772320454049334,0.7437240777122899,0.2562759222877101,0.0,37713,1909,3771,984,106.12255720838968,13084,542,24188.933119099704,0.6043909129753562,13.912793673828906,13.497393472925683,133.3823064770932,0.0,133.3823064770932,1036,533,0.11635014189041694,85.1236220472441,108107,23.598995852433966,3.5510631954166922,0.5096607359674539,0,0,0,1,1
unknown,2018-10-29,Botswana Cricket Association Oval 1,St Helena,Malawi,870,,,,0,,,,,153,24,129,0.1568627450980392,0.7450980392156863,0.2549019607843137,0.0,1112,69,73,17,78.23741007194245,306,0,809.2592624402921,0.9301830602761978,14.184231966047497,17.342755578239366,91.74576271186442,0.0,91.74576271186442,32,1,0.006535947712418301,58.333333333333336,1400,9.15032679738562,12.646734670859232,0.908857760499759,0,0,0,1,0
unknown,2024-12-06,"St Albans Club, Buenos Aires",Suriname,Panama,665,,,,0,,,,,121,8,113,0.06611570247933884,0.6942148760330579,0.30578512396694213,0.0,911,59,48,11,72.99670691547749,110,0,126.13369692036359,0.18967473221107306,10.90592293116001,9.921185188971155,48.0,0.0,48.0,13,1,0.008264462809917356,139.0,1112,9.190082644628099,3.991687325020659,0.8033744955716045,0,1,0,1,0
unknown,2017-07-07,County Ground,Surrey,Essex,25822,,,,0,,,,,2280,455,1825,0.19956140350877194,0.7464912280701754,0.2535087719298246,0.0,19079,964,2301,970,135.34252319303948,8550,97,11572.995891232487,0.44818356019024425,16.294122092796933,14.838451200760552,80.05098961395258,0.0,80.05098961395258,610,102,0.04473684210526316,77.74065934065933,35372,15.514035087719298,6.022960842535898,0.7141951010724642,0,0,0,1,1
unknown,2017-07-09,Arundel Castle Cricket Club Ground,Sussex,Glamorgan,24155,,,,0,,,,,2203,215,1988,0.09759418974126191,0.7453472537448933,0.2546527462551067,0.0,18181,932,2247,860,132.85847863153842,1911,98,3801.624302668738,0.15738457059278568,14.913425134368874,13.409282763142075,89.8,0.0,89.8,450,101,0.04584657285519746,98.16279069767442,21105,9.580118020880617,3.4679623127577157,0.4366950731154971,0,0,0,1,1
unknown,2018-10-28,Botswana Cricket Association Oval 2,Swaziland,Namibia,717,,,,0,,,,,144,3,141,0.020833333333333332,0.7638888888888888,0.2361111111111111,0.0,1045,71,71,12,68.61244019138756,40,0,87.1968253968254,0.12161342454229485,10.904251503325128,13.024608383468621,72.0,0.0,72.0,16,0,0.0,122.0,366,2.5416666666666665,10.211640211640212,0.7732486180762043,0,0,0,0,0
unknown,2018-08-30,Sportpark Thurlede,Sweden,Israel,5124,,,,0,,,,,684,18,666,0.02631578947368421,0.7631578947368421,0.23684210526315788,0.0,5368,280,415,144,95.45454545454545,104,17,383.0823066771179,0.07476235493308313,11.713380320247808,12.97441456675872,170.69302325581396,0.0,170.69302325581396,80,14,0.02046783625730994,132.05555555555554,2377,3.4751461988304095,7.004168406880702,0.40570078057246833,0,0,0,1,1
unknown,2021-10-22,Marsa Sports Club,Switzerland,Gibraltar,4691,,,,0,,,,,503,24,479,0.04771371769383698,0.7733598409542743,0.22664015904572565,0.0,4387,182,406,145,106.92956462274903,0,22,265.98767021904325,0.056701699044775795,12.135160028954344,12.037963728126819,62.51787439613527,0.0,62.51787439613527,70,24,0.04771371769383698,126.20833333333333,3029,6.021868787276342,1.0,0.0,0,0,0,0,1
unknown,2024-05-13,"Nondescripts Cricket Club Ground, Colombo",Tamil Union Cricket and Athletic Club,Sinhalese Sports Club,1094,,,,0,,,,,142,17,125,0.11971830985915492,0.7464788732394366,0.2535211267605634,0.0,1007,65,77,45,108.6395233366435,188,6,240.04455499034046,0.21941915447014668,13.21370777443055,11.125267471629286,51.41542470053697,0.0,51.41542470053697,17,10,0.07042253521126761,57.705882352941174,981,6.908450704225352,2.4335098964265875,0.5795263693109939,0,0,0,1,1
unknown,2017-09-08,Wanderers Cricket Ground,Tanzania,Kenya,12472,,,,0,,,,,1584,141,1443,0.08901515151515152,0.7569444444444444,0.24305555555555555,0.0,12638,639,1255,309,98.68650102864378,1838,25,2545.844849373431,0.20412482756361697,12.143631002145684,12.153443138349036,68.98333333333335,0.0,68.98333333333335,254,30,0.01893939393939394,49.9290780141844,7040,4.444444444444445,4.475104328934295,0.5571228664619402,0,0,0,1,1
unknown,2017-11-20,Terdthai Cricket Ground,Thailand,Nepal,13317,,,,0,,,,,2097,49,2048,0.023366714353838816,0.7587029089175011,0.2412970910824988,0.0,16792,833,1144,162,79.30562172463078,298,25,523.3432046895666,0.03929888148153237,10.13544537440194,10.660705625453975,72.0,0.0,72.0,207,31,0.014783023366714354,54.12244897959184,2652,1.2646638054363377,2.3006810407275307,0.2418880082609873,0,0,0,1,1
unknown,2016-11-12,"New Wanderers Stadium, Johannesburg",Titans,Lions,14457,,,,0,,,,,1354,169,1185,0.12481536189069424,0.7481536189069424,0.2518463810930576,0.0,11570,525,1192,543,124.95246326707002,2246,68,3548.135113493213,0.24542679072374718,14.334072786505708,13.393243173258456,130.8,0.0,130.8,256,72,0.053175775480059084,60.124260355029584,10161,7.504431314623338,4.24563797920311,0.5257605958307218,0,0,0,1,1
unknown,2019-03-29,"Guyana National Stadium, Providence",Trinidad and Tobago,Windward Islands,279,,,,0,,,,,55,2,53,0.03636363636363636,0.7272727272727273,0.2727272727272727,0.0,390,25,32,1,71.53846153846153,25,1,40.31479805687204,0.1444974840748102,10.520158732677299,10.959498230732022,60.0,0.0,60.0,4,1,0.01818181818181818,43.5,87,1.5818181818181818,3.2673847107529497,0.5791541569368769,0,0,0,0,0
unknown,2022-07-12,Kerava National Cricket Ground,Turkey,Romania,2355,,,,0,,,,,370,5,365,0.013513513513513514,0.7351351351351352,0.2648648648648649,0.0,2733,173,234,78,86.16904500548847,0,7,49.17322423706325,0.020880349994506688,11.152536454914545,12.18703392966723,84.45714285714286,0.0,84.45714285714286,42,4,0.010810810810810811,116.2,581,1.5702702702702702,0.8,0.0,0,0,0,0,1
unknown,2025-04-17,"Clayton Panama, Panama City",Turks and Caicos Island,Panama,350,,,,0,,,,,55,3,52,0.05454545454545454,0.7454545454545455,0.2545454545454545,0.0,422,25,27,7,82.93838862559242,1,3,56.29669781931464,0.16084770805518467,11.427628131651785,11.503467544556433,50.35669781931464,0.0,50.35669781931464,5,2,0.03636363636363636,67.0,201,3.6545454545454548,1.5,0.041666666666666664,0,0,0,0,1
unknown,2016-09-27,Jaffery Sports Club Ground,Uganda,Qatar,21040,,,,0,,,,,2697,115,2582,0.04263997033741194,0.7582499073044123,0.2417500926955877,0.0,22275,1036,1859,528,94.45566778900113,1045,64,1850.9936774258435,0.08797498466852868,11.405507845706298,11.696956743254596,96.97546666666668,0.0,96.97546666666668,308,65,0.024100852799406748,59.4,6831,2.532814238042269,3.082381932495901,0.32326939462979615,0,0,0,1,1
unknown,2017-01-15,Sheikh Zayed Stadium,United Arab Emirates,Namibia,26039,,,,0,,,,,3041,228,2813,0.07497533706017757,0.767510687273923,0.23248931272607695,0.0,25322,1170,2265,720,102.83152989495301,1674,136,4058.5630512207845,0.1558647817205263,12.160528907561538,12.822797190044664,120.0,0.0,120.0,427,141,0.04636632686616245,73.39912280701755,16735,5.503123972377508,3.1417529379064733,0.3835308427968634,0,0,0,1,1
unknown,2017-08-19,New Williamfield No1 Oval,United States of America,Netherlands,12751,,,,0,,,,,1479,117,1362,0.07910750507099391,0.7714672075726843,0.22853279242731575,0.0,12284,563,1020,387,103.80169325952457,727,70,3992.002474726524,0.31307367851356943,13.579341674477929,20.59995828504496,281.73846153846154,0.0,281.73846153846154,205,71,0.048005409060175794,96.41025641025641,11280,7.626774847870182,11.325384514083405,0.5024248653273039,0,0,0,1,1
unknown,2017-04-28,Sano International Cricket Ground,Vanuatu,Papua New Guinea,6927,,,,0,,,,,992,26,966,0.02620967741935484,0.7520161290322581,0.24798387096774194,0.0,7881,409,551,163,87.89493719071184,142,8,262.18107457967716,0.03784915180881726,10.912838990807135,11.385787113402195,63.60512820512821,0.0,63.60512820512821,105,17,0.017137096774193547,65.96153846153847,1715,1.7288306451612903,1.4640832333932228,0.3638498983720412,0,0,0,1,1
unknown,2016-11-13,"Kingsmead, Durban",Warriors,Dolphins,12282,,,,0,,,,,1289,109,1180,0.08456167571761056,0.7447633824670287,0.2552366175329713,0.0,10520,541,1036,419,116.7490494296578,379,85,1707.814950133273,0.13905023205774897,13.376696258577743,12.565086639135854,71.41075268817205,0.0,71.41075268817205,208,79,0.0612878200155159,56.85321100917431,6197,4.807602792862684,1.9722565629747086,0.2653182279500262,0,0,0,1,1
unknown,2017-07-07,"County Ground, New Road",Warwickshire,Worcestershire,8485,,,,0,,,,,782,99,683,0.1265984654731458,0.7506393861892583,0.24936061381074168,0.0,6781,309,766,259,125.1290370151895,841,42,1728.7605630969038,0.20374314238030686,14.36532246361611,13.109315586425492,93.65833333333336,0.0,93.65833333333336,158,50,0.0639386189258312,73.62626262626263,7289,9.320971867007673,3.410262338766829,0.43924745335979787,0,0,0,1,1
unknown,2017-09-16,Riverside Ground,West Indies,England,44269,,,,0,,,,,4733,1282,3451,0.2708641453623495,0.745404605958166,0.25459539404183396,0.0,39456,1983,3706,1930,112.19839821573399,13843,630,25238.38181035312,0.5701141162066711,14.407662624326282,13.531599493618554,87.05772394197697,0.0,87.05772394197697,1049,592,0.12507923093175577,79.51092043681747,101933,21.53665751109233,3.194838076844609,0.49506454971570835,0,0,0,1,1
unknown,2022-02-07,"St George's Park, Port Elizabeth",Western Province,Boland,2850,,,,0,,,,,321,36,285,0.11214953271028037,0.7476635514018691,0.2523364485981308,0.0,2562,138,233,91,111.24121779859483,413,7,532.9884949041711,0.1870135069839197,13.112873797776938,11.530513949624817,49.77661600810537,0.0,49.77661600810537,61,12,0.037383177570093455,84.88888888888889,3056,9.5202492211838,2.8649895901276228,0.5530589729486259,0,0,0,1,1
unknown,2019-03-29,"Guyana National Stadium, Providence",Windward Islands,Trinidad and Tobago,445,,,,0,,,,,100,4,96,0.04,0.77,0.23,0.0,793,40,38,0,56.11601513240857,10,4,24.642898806128976,0.05537730068793028,8.437665774905673,9.157252133775208,36.0,0.0,36.0,5,3,0.03,120.5,482,4.82,1.161692054343351,0.07975753708725475,0,0,0,0,1
unknown,2017-07-07,"County Ground, New Road",Worcestershire,Warwickshire,24679,,,,0,,,,,2300,408,1892,0.17739130434782607,0.7408695652173913,0.2591304347826087,0.0,18917,994,2233,869,130.45937516519533,6796,126,9646.608868729,0.39088329627330926,15.694067765881355,14.320422580388822,119.57042606516292,0.0,119.57042606516292,538,129,0.05608695652173913,79.82352941176471,32568,14.16,4.956388604252218,0.6454563520943255,0,0,0,1,1
unknown,2017-07-07,Headingley,Yorkshire,Nottinghamshire,24042,,,,0,,,,,2139,414,1725,0.1935483870967742,0.7452080411407199,0.25479195885928,0.0,17821,910,2082,982,134.9082543067168,7896,95,9305.824879764179,0.38706533898029194,15.603412889437877,14.526690376154347,92.70319634703196,0.0,92.70319634703196,549,119,0.055633473585787754,87.8913043478261,36387,17.011220196353435,4.323905612575967,0.6716168682031852,0,0,0,1,1
unknown,2016-06-18,Harare Sports Club,Zimbabwe,India,29004,,,,0,,,,,3299,931,2368,0.2822067293119127,0.75325856320097,0.24674143679903002,0.0,27385,1348,2658,770,105.91199561803907,11164,321,20525.33500853947,0.7076725626996094,14.676699618807012,14.993438391276106,167.0,0.0,167.0,834,302,0.09154289178538952,79.21697099892589,73751,22.355562291603515,5.2038800262385685,0.6215686832396636,0,0,0,1,1
