{
  "meta": {
    "data_version": "1.0.0",
    "created": "2020-07-20",
    "revision": 1
  },
  "info": {
    "balls_per_over": 6,
    "city": "Derby",
    "dates": [
      "2017-07-30"
    ],
    "event": {
      "name": "NatWest T20 Blast",
      "group": "North"
    },
    "gender": "male",
    "match_type": "T20",
    "officials": {
      "umpires": [
        "PJ Hartley",
        "NJ Llong"
      ]
    },
    "outcome": {
      "winner": "Derbyshire",
      "by": {
        "wickets": 7
      }
    },
    "overs": 20,
    "player_of_match": [
      "WL Madsen"
    ],
    "players": {
      "Leicestershire": [
        "L Ronchi",
        "CS Delport",
        "MJ Cosgrove",
        "CN Ackermann",
        "ML Pettini",
        "AM Ali",
        "TJ Wells",
        "MW Pillans",
        "D Klein",
        "CF Parkinson",
        "GT Griffiths"
      ],
      "Derbyshire": [
        "BA Godleman",
        "MJJ Critchley",
        "LM Reece",
        "WL Madsen",
        "GC Wilson",
        "AL Hughes",
        "MJ Henry",
        "D Smit",
        "GC Viljoen",
        "BD Cotton",
        "Imran Tahir"
      ]
    },
    "registry": {
      "people": {
        "AL Hughes": "1066a976",
        "AM Ali": "e3434f95",
        "BA Godleman": "b26b1e3d",
        "BD Cotton": "a7e8ff19",
        "CF Parkinson": "aa1210d8",
        "CN Ackermann": "e734d090",
        "CS Delport": "afa78c3a",
        "D Klein": "aeab0d4f",
        "D Smit": "4bb02ef1",
        "GC Viljoen": "a316d663",
        "GC Wilson": "05de1a5a",
        "GT Griffiths": "79c7041c",
        "Imran Tahir": "acee4cc4",
        "L Ronchi": "0fa5042b",
        "LM Reece": "9789e56e",
        "MJ Cosgrove": "be768595",
        "MJ Henry": "e84ac20c",
        "MJJ Critchley": "c5cc48bc",
        "ML Pettini": "eba62359",
        "MW Pillans": "6a2fadd0",
        "NJ Llong": "573fb985",
        "PJ Hartley": "17c7ff26",
        "TJ Wells": "eb1a5b03",
        "WL Madsen": "86e0f3f0"
      }
    },
    "season": "2017",
    "team_type": "club",
    "teams": [
      "Leicestershire",
      "Derbyshire"
    ],
    "toss": {
      "decision": "field",
      "winner": "Derbyshire"
    },
    "venue": "County Ground"
  },
  "innings": [
    {
      "team": "Leicestershire",
      "overs": [
        {
          "over": 0,
          "deliveries": [
            {
              "batter": "L Ronchi",
              "bowler": "MJ Henry",
              "non_striker": "CS Delport",
              "runs": {
                "batter": 4,
                "extras": 0,
                "total": 4
              }
            },
            {
              "batter": "L Ronchi",
              "bowler": "MJ Henry",
              "non_striker": "CS Delport",
              "runs": {
                "batter": 1,
                "extras": 0,
                "total": 1
              }
            },
            {
              "batter": "CS Delport",
              "bowler": "MJ Henry",
              "non_striker": "L Ronchi",
              "runs": {
                "batter": 0,
                "extras": 0,
                "total": 0
              }
            },
            {
              "batter": "CS Delport",
              "bowler": "MJ Henry",
              "non_striker": "L Ronchi",
              "runs": {
                "batter": 1,
                "extras": 0,
                "total": 1
              }
            },
            {
              "batter": "L Ronchi",
              "bowler": "MJ Henry",
              "non_striker": "CS Delport",
              "runs": {
                "batter": 0,
                "extras": 0,
                "total": 0
              }
            },
            {
              "batter": "L Ronchi",
              "bowler": "MJ Henry",
              "non_striker": "CS Delport",
              "runs": {
                "batter": 0,
                "extras": 0,
                "total": 0
              }
            }
          ]
        },
        {
          "over": 1,
          "deliveries": [
            {
              "batter": "CS Delport",
              "bowler": "GC Viljoen",
              "non_striker": "L Ronchi",
              "runs": {
                "batter": 0,
                "extras": 0,
                "total": 0
              }
            },
            {
              "batter": "CS Delport",
              "bowler": "GC Viljoen",
              "non_striker": "L Ronchi",
              "runs": {
                "batter": 0,
                "extras": 0,
                "total": 0
              }
            },
            {
              "batter": "CS Delport",
              "bowler": "GC Viljoen",
              "non_striker": "L Ronchi",
              "runs": {
                "batter": 0,
                "extras": 0,
                "total": 0
              }
            },
            {
              "batter": "CS Delport",
              "bowler": "GC Viljoen",
              "non_striker": "L Ronchi",
              "runs": {
                "batter": 1,
                "extras": 0,
                "total": 1
              }
            },
            {
              "batter": "L Ronchi",
              "bowler": "GC Viljoen",
              "non_striker": "CS Delport",
              "runs": {
                "batter": 0,
                "extras": 0,
                "total": 0
              },
              "wickets": [
                {
                  "player_out": "L Ronchi",
                  "kind": "bowled"
                }
              ]
            },
            {
              "batter": "MJ Cosgrove",
              "bowler": "GC Viljoen",
              "non_striker": "CS Delport",
              "runs": {
                "batter": 4,
                "extras": 0,
                "total": 4
              }
            }
          ]
        },
        {
          "over": 2,
          "deliveries": [
            {
              "batter": "CS Delport",
              "bowler": "WL Madsen",
              "non_striker": "MJ Cosgrove",
              "runs": {
                "batter": 0,
                "extras": 0,
                "total": 0
              }
            },
            {
              "batter": "CS Delport",
              "bowler": "WL Madsen",
              "non_striker": "MJ Cosgrove",
              "runs": {
                "batter": 0,
                "extras": 0,
                "total": 0
              }
            },
            {
              "batter": "CS Delport",
              "bowler": "WL Madsen",
              "non_striker": "MJ Cosgrove",
              "runs": {
                "batter": 1,
                "extras": 0,
                "total": 1
              }
            },
            {
              "batter": "MJ Cosgrove",
              "bowler": "WL Madsen",
              "non_striker": "CS Delport",
              "runs": {
                "batter": 1,
                "extras": 0,
                "total": 1
              }
            },
            {
              "batter": "CS Delport",
              "bowler": "WL Madsen",
              "non_striker": "MJ Cosgrove",
              "runs": {
                "batter": 4,
                "extras": 0,
                "total": 4
              }
            },
            {
              "batter": "CS Delport",
              "bowler": "WL Madsen",
              "non_striker": "MJ Cosgrove",
              "runs": {
                "batter": 0,
                "extras": 0,
                "total": 0
              }
            }
          ]
        },
        {
          "over": 3,
          "deliveries": [
            {
              "batter": "MJ Cosgrove",
              "bowler": "GC Viljoen",
              "non_striker": "CS Delport",
              "runs": {
                "batter": 0,
                "extras": 0,
                "total": 0
              }
            },
            {
              "batter": "MJ Cosgrove",
              "bowler": "GC Viljoen",
              "non_striker": "CS Delport",
              "runs": {
                "batter": 0,
                "extras": 0,
                "total": 0
              }
            },
            {
              "batter": "MJ Cosgrove",
              "bowler": "GC Viljoen",
              "non_striker": "CS Delport",
              "runs": {
                "batter": 0,
                "extras": 0,
                "total": 0
              }
            },
            {
              "batter": "MJ Cosgrove",
              "bowler": "GC Viljoen",
              "non_striker": "CS Delport",
              "runs": {
                "batter": 1,
                "extras": 0,
                "total": 1
              }
            },
            {
              "batter": "CS Delport",
              "bowler": "GC Viljoen",
              "non_striker": "MJ Cosgrove",
              "runs": {
                "batter": 1,
                "extras": 0,
                "total": 1
              }
            },
            {
              "batter": "MJ Cosgrove",
              "bowler": "GC Viljoen",
              "non_striker": "CS Delport",
              "runs": {
                "batter": 1,
                "extras": 0,
                "total": 1
              }
            }
          ]
        },
        {
          "over": 4,
          "deliveries": [
            {
              "batter": "MJ Cosgrove",
              "bowler": "WL Madsen",
              "non_striker": "CS Delport",
              "runs": {
                "batter": 0,
                "extras": 0,
                "total": 0
              },
              "wickets": [
                {
                  "player_out": "MJ Cosgrove",
                  "kind": "run out"
                }
              ]
            },
            {
              "batter": "CN Ackermann",
              "bowler": "WL Madsen",
              "non_striker": "CS Delport",
              "runs": {
                "batter": 0,
                "extras": 0,
                "total": 0
              }
            },
            {
              "batter": "CN Ackermann",
              "bowler": "WL Madsen",
              "non_striker": "CS Delport",
              "runs": {
                "batter": 1,
                "extras": 0,
                "total": 1
              }
            },
            {
              "batter": "CS Delport",
              "bowler": "WL Madsen",
              "non_striker": "CN Ackermann",
              "runs": {
                "batter": 1,
                "extras": 0,
                "total": 1
              }
            },
            {
              "batter": "CN Ackermann",
              "bowler": "WL Madsen",
              "non_striker": "CS Delport",
              "runs": {
                "batter": 0,
                "extras": 0,
                "total": 0
              }
            },
            {
              "batter": "CN Ackermann",
              "bowler": "WL Madsen",
              "non_striker": "CS Delport",
              "runs": {
                "batter": 0,
                "extras": 0,
                "total": 0
              }
            }
          ]
        },
        {
          "over": 5,
          "deliveries": [
            {
              "batter": "CS Delport",
              "bowler": "GC Viljoen",
              "non_striker": "CN Ackermann",
              "runs": {
                "batter": 0,
                "extras": 0,
                "total": 0
              }
            },
            {
              "batter": "CS Delport",
              "bowler": "GC Viljoen",
              "non_striker": "CN Ackermann",
              "runs": {
                "batter": 0,
                "extras": 0,
                "total": 0
              }
            },
            {
              "batter": "CS Delport",
              "bowler": "GC Viljoen",
              "non_striker": "CN Ackermann",
              "runs": {
                "batter": 1,
                "extras": 0,
                "total": 1
              }
            },
            {
              "batter": "CN Ackermann",
              "bowler": "GC Viljoen",
              "non_striker": "CS Delport",
              "runs": {
                "batter": 4,
                "extras": 0,
                "total": 4
              }
            },
            {
              "batter": "CN Ackermann",
              "bowler": "GC Viljoen",
              "non_striker": "CS Delport",
              "runs": {
                "batter": 1,
                "extras": 0,
                "total": 1
              }
            },
            {
              "batter": "CS Delport",
              "bowler": "GC Viljoen",
              "non_striker": "CN Ackermann",
              "runs": {
                "batter": 1,
                "extras": 0,
                "total": 1
              }
            }
          ]
        },
        {
          "over": 6,
          "deliveries": [
            {
              "batter": "CS Delport",
              "bowler": "WL Madsen",
              "non_striker": "CN Ackermann",
              "runs": {
                "batter": 1,
                "extras": 0,
                "total": 1
              }
            },
            {
              "batter": "CN Ackermann",
              "bowler": "WL Madsen",
              "non_striker": "CS Delport",
              "runs": {
                "batter": 1,
                "extras": 0,
                "total": 1
              }
            },
            {
              "batter": "CS Delport",
              "bowler": "WL Madsen",
              "non_striker": "CN Ackermann",
              "runs": {
                "batter": 1,
                "extras": 0,
                "total": 1
              }
            },
            {
              "batter": "CN Ackermann",
              "bowler": "WL Madsen",
              "non_striker": "CS Delport",
              "runs": {
                "batter": 1,
                "extras": 0,
                "total": 1
              }
            },
            {
              "batter": "CS Delport",
              "bowler": "WL Madsen",
              "non_striker": "CN Ackermann",
              "runs": {
                "batter": 1,
                "extras": 0,
                "total": 1
              }
            },
            {
              "batter": "CN Ackermann",
              "bowler": "WL Madsen",
              "non_striker": "CS Delport",
              "runs": {
                "batter": 1,
                "extras": 0,
                "total": 1
              }
            }
          ]
        },
        {
          "over": 7,
          "deliveries": [
            {
              "batter": "CN Ackermann",
              "bowler": "Imran Tahir",
              "non_striker": "CS Delport",
              "runs": {
                "batter": 0,
                "extras": 0,
                "total": 0
              }
            },
            {
              "batter": "CN Ackermann",
              "bowler": "Imran Tahir",
              "non_striker": "CS Delport",
              "runs": {
                "batter": 4,
                "extras": 0,
                "total": 4
              }
            },
            {
              "batter": "CN Ackermann",
              "bowler": "Imran Tahir",
              "non_striker": "CS Delport",
              "runs": {
                "batter": 1,
                "extras": 0,
                "total": 1
              }
            },
            {
              "batter": "CS Delport",
              "bowler": "Imran Tahir",
              "non_striker": "CN Ackermann",
              "runs": {
                "batter": 1,
                "extras": 0,
                "total": 1
              }
            },
            {
              "batter": "CN Ackermann",
              "bowler": "Imran Tahir",
              "non_striker": "CS Delport",
              "runs": {
                "batter": 2,
                "extras": 0,
                "total": 2
              }
            },
            {
              "batter": "CN Ackermann",
              "bowler": "Imran Tahir",
              "non_striker": "CS Delport",
              "runs": {
                "batter": 1,
                "extras": 0,
                "total": 1
              }
            }
          ]
        },
        {
          "over": 8,
          "deliveries": [
            {
              "batter": "CN Ackermann",
              "bowler": "WL Madsen",
              "non_striker": "CS Delport",
              "runs": {
                "batter": 0,
                "extras": 0,
                "total": 0
              }
            },
            {
              "batter": "CN Ackermann",
              "bowler": "WL Madsen",
              "non_striker": "CS Delport",
              "runs": {
                "batter": 1,
                "extras": 0,
                "total": 1
              }
            },
            {
              "batter": "CS Delport",
              "bowler": "WL Madsen",
              "non_striker": "CN Ackermann",
              "runs": {
                "batter": 6,
                "extras": 0,
                "total": 6
              }
            },
            {
              "batter": "CS Delport",
              "bowler": "WL Madsen",
              "non_striker": "CN Ackermann",
              "runs": {
                "batter": 0,
                "extras": 0,
                "total": 0
              },
              "wickets": [
                {
                  "player_out": "CS Delport",
                  "fielders": [
                    {
                      "name": "AL Hughes"
                    }
                  ],
                  "kind": "caught"
                }
              ]
            },
            {
              "batter": "CN Ackermann",
              "bowler": "WL Madsen",
              "non_striker": "ML Pettini",
              "runs": {
                "batter": 1,
                "extras": 0,
                "total": 1
              }
            },
            {
              "batter": "ML Pettini",
              "bowler": "WL Madsen",
              "non_striker": "CN Ackermann",
              "runs": {
                "batter": 0,
                "extras": 0,
                "total": 0
              }
            }
          ]
        },
        {
          "over": 9,
          "deliveries": [
            {
              "batter": "CN Ackermann",
              "bowler": "MJ Henry",
              "non_striker": "ML Pettini",
              "runs": {
                "batter": 0,
                "extras": 0,
                "total": 0
              }
            },
            {
              "batter": "CN Ackermann",
              "bowler": "MJ Henry",
              "non_striker": "ML Pettini",
              "runs": {
                "batter": 0,
                "extras": 0,
                "total": 0
              }
            },
            {
              "batter": "CN Ackermann",
              "bowler": "MJ Henry",
              "non_striker": "ML Pettini",
              "runs": {
                "batter": 1,
                "extras": 0,
                "total": 1
              }
            },
            {
              "batter": "ML Pettini",
              "bowler": "MJ Henry",
              "non_striker": "CN Ackermann",
              "runs": {
                "batter": 4,
                "extras": 0,
                "total": 4
              }
            },
            {
              "batter": "ML Pettini",
              "bowler": "MJ Henry",
              "non_striker": "CN Ackermann",
              "runs": {
                "batter": 1,
                "extras": 0,
                "total": 1
              }
            },
            {
              "batter": "CN Ackermann",
              "bowler": "MJ Henry",
              "non_striker": "ML Pettini",
              "runs": {
                "batter": 0,
                "extras": 0,
                "total": 0
              }
            }
          ]
        },
        {
          "over": 10,
          "deliveries": [
            {
              "batter": "ML Pettini",
              "bowler": "Imran Tahir",
              "non_striker": "CN Ackermann",
              "runs": {
                "batter": 1,
                "extras": 0,
                "total": 1
              }
            },
            {
              "batter": "CN Ackermann",
              "bowler": "Imran Tahir",
              "non_striker": "ML Pettini",
              "runs": {
                "batter": 0,
                "extras": 0,
                "total": 0
              }
            },
            {
              "batter": "CN Ackermann",
              "bowler": "Imran Tahir",
              "non_striker": "ML Pettini",
              "runs": {
                "batter": 2,
                "extras": 0,
                "total": 2
              }
            },
            {
              "batter": "CN Ackermann",
              "bowler": "Imran Tahir",
              "non_striker": "ML Pettini",
              "runs": {
                "batter": 1,
                "extras": 0,
                "total": 1
              }
            },
            {
              "batter": "ML Pettini",
              "bowler": "Imran Tahir",
              "non_striker": "CN Ackermann",
              "runs": {
                "batter": 1,
                "extras": 0,
                "total": 1
              }
            },
            {
              "batter": "CN Ackermann",
              "bowler": "Imran Tahir",
              "non_striker": "ML Pettini",
              "runs": {
                "batter": 1,
                "extras": 0,
                "total": 1
              }
            }
          ]
        },
        {
          "over": 11,
          "deliveries": [
            {
              "batter": "CN Ackermann",
              "bowler": "BD Cotton",
              "non_striker": "ML Pettini",
              "runs": {
                "batter": 0,
                "extras": 0,
                "total": 0
              },
              "wickets": [
                {
                  "player_out": "CN Ackermann",
                  "fielders": [
                    {
                      "name": "AL Hughes"
                    }
                  ],
                  "kind": "caught"
                }
              ]
            },
            {
              "batter": "ML Pettini",
              "bowler": "BD Cotton",
              "non_striker": "AM Ali",
              "runs": {
                "batter": 1,
                "extras": 0,
                "total": 1
              }
            },
            {
              "batter": "AM Ali",
              "bowler": "BD Cotton",
              "non_striker": "ML Pettini",
              "runs": {
                "batter": 0,
                "extras": 0,
                "total": 0
              }
            },
            {
              "batter": "AM Ali",
              "bowler": "BD Cotton",
              "non_striker": "ML Pettini",
              "runs": {
                "batter": 1,
                "extras": 0,
                "total": 1
              }
            },
            {
              "batter": "ML Pettini",
              "bowler": "BD Cotton",
              "non_striker": "AM Ali",
              "runs": {
                "batter": 0,
                "extras": 0,
                "total": 0
              }
            },
            {
              "batter": "ML Pettini",
              "bowler": "BD Cotton",
              "non_striker": "AM Ali",
              "runs": {
                "batter": 1,
                "extras": 0,
                "total": 1
              }
            }
          ]
        },
        {
          "over": 12,
          "deliveries": [
            {
              "batter": "ML Pettini",
              "bowler": "Imran Tahir",
              "non_striker": "AM Ali",
              "runs": {
                "batter": 0,
                "extras": 0,
                "total": 0
              }
            },
            {
              "batter": "ML Pettini",
              "bowler": "Imran Tahir",
              "non_striker": "AM Ali",
              "runs": {
                "batter": 1,
                "extras": 0,
                "total": 1
              }
            },
            {
              "batter": "AM Ali",
              "bowler": "Imran Tahir",
              "non_striker": "ML Pettini",
              "runs": {
                "batter": 0,
                "extras": 0,
                "total": 0
              }
            },
            {
              "batter": "AM Ali",
              "bowler": "Imran Tahir",
              "non_striker": "ML Pettini",
              "runs": {
                "batter": 1,
                "extras": 0,
                "total": 1
              }
            },
            {
              "batter": "ML Pettini",
              "bowler": "Imran Tahir",
              "non_striker": "AM Ali",
              "runs": {
                "batter": 1,
                "extras": 0,
                "total": 1
              }
            },
            {
              "batter": "AM Ali",
              "bowler": "Imran Tahir",
              "non_striker": "ML Pettini",
              "runs": {
                "batter": 0,
                "extras": 0,
                "total": 0
              }
            }
          ]
        },
        {
          "over": 13,
          "deliveries": [
            {
              "batter": "ML Pettini",
              "bowler": "BD Cotton",
              "non_striker": "AM Ali",
              "runs": {
                "batter": 2,
                "extras": 0,
                "total": 2
              }
            },
            {
              "batter": "ML Pettini",
              "bowler": "BD Cotton",
              "non_striker": "AM Ali",
              "runs": {
                "batter": 0,
                "extras": 0,
                "total": 0
              }
            },
            {
              "batter": "ML Pettini",
              "bowler": "BD Cotton",
              "non_striker": "AM Ali",
              "runs": {
                "batter": 1,
                "extras": 0,
                "total": 1
              }
            },
            {
              "batter": "AM Ali",
              "bowler": "BD Cotton",
              "non_striker": "ML Pettini",
              "runs": {
                "batter": 0,
                "extras": 0,
                "total": 0
              }
            },
            {
              "batter": "AM Ali",
              "bowler": "BD Cotton",
              "non_striker": "ML Pettini",
              "runs": {
                "batter": 1,
                "extras": 0,
                "total": 1
              }
            },
            {
              "batter": "ML Pettini",
              "bowler": "BD Cotton",
              "non_striker": "AM Ali",
              "runs": {
                "batter": 1,
                "extras": 0,
                "total": 1
              }
            }
          ]
        },
        {
          "over": 14,
          "deliveries": [
            {
              "batter": "ML Pettini",
              "bowler": "MJ Henry",
              "non_striker": "AM Ali",
              "runs": {
                "batter": 1,
                "extras": 0,
                "total": 1
              }
            },
            {
              "batter": "AM Ali",
              "bowler": "MJ Henry",
              "non_striker": "ML Pettini",
              "runs": {
                "batter": 1,
                "extras": 0,
                "total": 1
              }
            },
            {
              "batter": "ML Pettini",
              "bowler": "MJ Henry",
              "non_striker": "AM Ali",
              "runs": {
                "batter": 0,
                "extras": 0,
                "total": 0
              },
              "wickets": [
                {
                  "player_out": "ML Pettini",
                  "fielders": [
                    {
                      "name": "BA Godleman"
                    }
                  ],
                  "kind": "caught"
                }
              ]
            },
            {
              "batter": "AM Ali",
              "bowler": "MJ Henry",
              "non_striker": "TJ Wells",
              "runs": {
                "batter": 1,
                "extras": 0,
                "total": 1
              }
            },
            {
              "batter": "TJ Wells",
              "bowler": "MJ Henry",
              "extras": {
                "legbyes": 1
              },
              "non_striker": "AM Ali",
              "runs": {
                "batter": 0,
                "extras": 1,
                "total": 1
              }
            },
            {
              "batter": "AM Ali",
              "bowler": "MJ Henry",
              "non_striker": "TJ Wells",
              "runs": {
                "batter": 1,
                "extras": 0,
                "total": 1
              }
            }
          ]
        },
        {
          "over": 15,
          "deliveries": [
            {
              "batter": "AM Ali",
              "bowler": "BD Cotton",
              "non_striker": "TJ Wells",
              "runs": {
                "batter": 1,
                "extras": 0,
                "total": 1
              }
            },
            {
              "batter": "TJ Wells",
              "bowler": "BD Cotton",
              "non_striker": "AM Ali",
              "runs": {
                "batter": 0,
                "extras": 0,
                "total": 0
              }
            },
            {
              "batter": "TJ Wells",
              "bowler": "BD Cotton",
              "non_striker": "AM Ali",
              "runs": {
                "batter": 1,
                "extras": 0,
                "total": 1
              }
            },
            {
              "batter": "AM Ali",
              "bowler": "BD Cotton",
              "non_striker": "TJ Wells",
              "runs": {
                "batter": 1,
                "extras": 0,
                "total": 1
              }
            },
            {
              "batter": "TJ Wells",
              "bowler": "BD Cotton",
              "non_striker": "AM Ali",
              "runs": {
                "batter": 2,
                "extras": 0,
                "total": 2
              }
            },
            {
              "batter": "TJ Wells",
              "bowler": "BD Cotton",
              "non_striker": "AM Ali",
              "runs": {
                "batter": 2,
                "extras": 0,
                "total": 2
              }
            }
          ]
        },
        {
          "over": 16,
          "deliveries": [
            {
              "batter": "AM Ali",
              "bowler": "Imran Tahir",
              "non_striker": "TJ Wells",
              "runs": {
                "batter": 1,
                "extras": 0,
                "total": 1
              }
            },
            {
              "batter": "TJ Wells",
              "bowler": "Imran Tahir",
              "non_striker": "AM Ali",
              "runs": {
                "batter": 1,
                "extras": 0,
                "total": 1
              }
            },
            {
              "batter": "AM Ali",
              "bowler": "Imran Tahir",
              "non_striker": "TJ Wells",
              "runs": {
                "batter": 0,
                "extras": 0,
                "total": 0
              },
              "wickets": [
                {
                  "player_out": "AM Ali",
                  "fielders": [
                    {
                      "name": "D Smit"
                    }
                  ],
                  "kind": "stumped"
                }
              ]
            },
            {
              "batter": "MW Pillans",
              "bowler": "Imran Tahir",
              "non_striker": "TJ Wells",
              "runs": {
                "batter": 0,
                "extras": 0,
                "total": 0
              }
            },
            {
              "batter": "MW Pillans",
              "bowler": "Imran Tahir",
              "non_striker": "TJ Wells",
              "runs": {
                "batter": 0,
                "extras": 0,
                "total": 0
              }
            },
            {
              "batter": "MW Pillans",
              "bowler": "Imran Tahir",
              "non_striker": "TJ Wells",
              "runs": {
                "batter": 0,
                "extras": 0,
                "total": 0
              },
              "wickets": [
                {
                  "player_out": "MW Pillans",
                  "fielders": [
                    {
                      "name": "AL Hughes"
                    }
                  ],
                  "kind": "caught"
                }
              ]
            }
          ]
        },
        {
          "over": 17,
          "deliveries": [
            {
              "batter": "D Klein",
              "bowler": "GC Viljoen",
              "non_striker": "TJ Wells",
              "runs": {
                "batter": 1,
                "extras": 0,
                "total": 1
              }
            },
            {
              "batter": "TJ Wells",
              "bowler": "GC Viljoen",
              "non_striker": "D Klein",
              "runs": {
                "batter": 0,
                "extras": 0,
                "total": 0
              }
            },
            {
              "batter": "TJ Wells",
              "bowler": "GC Viljoen",
              "non_striker": "D Klein",
              "runs": {
                "batter": 1,
                "extras": 0,
                "total": 1
              }
            },
            {
              "batter": "D Klein",
              "bowler": "GC Viljoen",
              "non_striker": "TJ Wells",
              "runs": {
                "batter": 1,
                "extras": 0,
                "total": 1
              }
            },
            {
              "batter": "TJ Wells",
              "bowler": "GC Viljoen",
              "non_striker": "D Klein",
              "runs": {
                "batter": 1,
                "extras": 0,
                "total": 1
              }
            },
            {
              "batter": "D Klein",
              "bowler": "GC Viljoen",
              "non_striker": "TJ Wells",
              "runs": {
                "batter": 1,
                "extras": 0,
                "total": 1
              }
            }
          ]
        },
        {
          "over": 18,
          "deliveries": [
            {
              "batter": "D Klein",
              "bowler": "MJ Henry",
              "non_striker": "TJ Wells",
              "runs": {
                "batter": 0,
                "extras": 0,
                "total": 0
              },
              "wickets": [
                {
                  "player_out": "D Klein",
                  "fielders": [
                    {
                      "name": "BA Godleman"
                    }
                  ],
                  "kind": "caught"
                }
              ]
            },
            {
              "batter": "TJ Wells",
              "bowler": "MJ Henry",
              "non_striker": "CF Parkinson",
              "runs": {
                "batter": 0,
                "extras": 0,
                "total": 0
              }
            },
            {
              "batter": "TJ Wells",
              "bowler": "MJ Henry",
              "non_striker": "CF Parkinson",
              "runs": {
                "batter": 0,
                "extras": 0,
                "total": 0
              },
              "wickets": [
                {
                  "player_out": "TJ Wells",
                  "fielders": [
                    {
                      "name": "GC Wilson"
                    }
                  ],
                  "kind": "caught"
                }
              ]
            },
            {
              "batter": "CF Parkinson",
              "bowler": "MJ Henry",
              "non_striker": "GT Griffiths",
              "runs": {
                "batter": 1,
                "extras": 0,
                "total": 1
              }
            },
            {
              "batter": "CF Parkinson",
              "bowler": "MJ Henry",
              "non_striker": "GT Griffiths",
              "runs": {
                "batter": 0,
                "extras": 0,
                "total": 0
              }
            },
            {
              "batter": "CF Parkinson",
              "bowler": "MJ Henry",
              "non_striker": "GT Griffiths",
              "runs": {
                "batter": 1,
                "extras": 0,
                "total": 1
              }
            }
          ]
        },
        {
          "over": 19,
          "deliveries": [
            {
              "batter": "CF Parkinson",
              "bowler": "BD Cotton",
              "non_striker": "GT Griffiths",
              "runs": {
                "batter": 1,
                "extras": 0,
                "total": 1
              }
            },
            {
              "batter": "GT Griffiths",
              "bowler": "BD Cotton",
              "non_striker": "CF Parkinson",
              "runs": {
                "batter": 4,
                "extras": 0,
                "total": 4
              }
            },
            {
              "batter": "GT Griffiths",
              "bowler": "BD Cotton",
              "non_striker": "CF Parkinson",
              "runs": {
                "batter": 1,
                "extras": 0,
                "total": 1
              }
            },
            {
              "batter": "CF Parkinson",
              "bowler": "BD Cotton",
              "non_striker": "GT Griffiths",
              "runs": {
                "batter": 1,
                "extras": 0,
                "total": 1
              }
            },
            {
              "batter": "GT Griffiths",
              "bowler": "BD Cotton",
              "non_striker": "CF Parkinson",
              "runs": {
                "batter": 1,
                "extras": 0,
                "total": 1
              }
            },
            {
              "batter": "CF Parkinson",
              "bowler": "BD Cotton",
              "non_striker": "GT Griffiths",
              "runs": {
                "batter": 0,
                "extras": 0,
                "total": 0
              }
            }
          ]
        }
      ],
      "powerplays": [
        {
          "from": 0.1,
          "to": 5.6,
          "type": "mandatory"
        }
      ]
    },
    {
      "team": "Derbyshire",
      "overs": [
        {
          "over": 0,
          "deliveries": [
            {
              "batter": "BA Godleman",
              "bowler": "D Klein",
              "non_striker": "MJJ Critchley",
              "runs": {
                "batter": 0,
                "extras": 0,
                "total": 0
              }
            },
            {
              "batter": "BA Godleman",
              "bowler": "D Klein",
              "non_striker": "MJJ Critchley",
              "runs": {
                "batter": 0,
                "extras": 0,
                "total": 0
              }
            },
            {
              "batter": "BA Godleman",
              "bowler": "D Klein",
              "non_striker": "MJJ Critchley",
              "runs": {
                "batter": 1,
                "extras": 0,
                "total": 1
              }
            },
            {
              "batter": "MJJ Critchley",
              "bowler": "D Klein",
              "non_striker": "BA Godleman",
              "runs": {
                "batter": 0,
                "extras": 0,
                "total": 0
              },
              "wickets": [
                {
                  "player_out": "MJJ Critchley",
                  "kind": "retired hurt"
                }
              ]
            },
            {
              "batter": "LM Reece",
              "bowler": "D Klein",
              "non_striker": "BA Godleman",
              "runs": {
                "batter": 1,
                "extras": 0,
                "total": 1
              }
            },
            {
              "batter": "BA Godleman",
              "bowler": "D Klein",
              "non_striker": "LM Reece",
              "runs": {
                "batter": 1,
                "extras": 0,
                "total": 1
              }
            }
          ]
        },
        {
          "over": 1,
          "deliveries": [
            {
              "batter": "BA Godleman",
              "bowler": "MW Pillans",
              "non_striker": "LM Reece",
              "runs": {
                "batter": 0,
                "extras": 0,
                "total": 0
              }
            },
            {
              "batter": "BA Godleman",
              "bowler": "MW Pillans",
              "non_striker": "LM Reece",
              "runs": {
                "batter": 0,
                "extras": 0,
                "total": 0
              }
            },
            {
              "batter": "BA Godleman",
              "bowler": "MW Pillans",
              "non_striker": "LM Reece",
              "runs": {
                "batter": 4,
                "extras": 0,
                "total": 4
              }
            },
            {
              "batter": "BA Godleman",
              "bowler": "MW Pillans",
              "non_striker": "LM Reece",
              "runs": {
                "batter": 4,
                "extras": 0,
                "total": 4
              }
            },
            {
              "batter": "BA Godleman",
              "bowler": "MW Pillans",
              "non_striker": "LM Reece",
              "runs": {
                "batter": 0,
                "extras": 0,
                "total": 0
              },
              "wickets": [
                {
                  "player_out": "BA Godleman",
                  "fielders": [
                    {
                      "name": "L Ronchi"
                    }
                  ],
                  "kind": "caught"
                }
              ]
            },
            {
              "batter": "WL Madsen",
              "bowler": "MW Pillans",
              "non_striker": "LM Reece",
              "runs": {
                "batter": 0,
                "extras": 0,
                "total": 0
              }
            }
          ]
        },
        {
          "over": 2,
          "deliveries": [
            {
              "batter": "LM Reece",
              "bowler": "D Klein",
              "non_striker": "WL Madsen",
              "runs": {
                "batter": 0,
                "extras": 0,
                "total": 0
              },
              "wickets": [
                {
                  "player_out": "LM Reece",
                  "fielders": [
                    {
                      "name": "L Ronchi"
                    }
                  ],
                  "kind": "caught"
                }
              ]
            },
            {
              "batter": "GC Wilson",
              "bowler": "D Klein",
              "non_striker": "WL Madsen",
              "runs": {
                "batter": 2,
                "extras": 0,
                "total": 2
              }
            },
            {
              "batter": "GC Wilson",
              "bowler": "D Klein",
              "non_striker": "WL Madsen",
              "runs": {
                "batter": 4,
                "extras": 0,
                "total": 4
              }
            },
            {
              "batter": "GC Wilson",
              "bowler": "D Klein",
              "non_striker": "WL Madsen",
              "runs": {
                "batter": 0,
                "extras": 0,
                "total": 0
              }
            },
            {
              "batter": "GC Wilson",
              "bowler": "D Klein",
              "non_striker": "WL Madsen",
              "runs": {
                "batter": 4,
                "extras": 0,
                "total": 4
              }
            },
            {
              "batter": "GC Wilson",
              "bowler": "D Klein",
              "non_striker": "WL Madsen",
              "runs": {
                "batter": 0,
                "extras": 0,
                "total": 0
              },
              "wickets": [
                {
                  "player_out": "GC Wilson",
                  "kind": "bowled"
                }
              ]
            }
          ]
        },
        {
          "over": 3,
          "deliveries": [
            {
              "batter": "WL Madsen",
              "bowler": "MW Pillans",
              "non_striker": "AL Hughes",
              "runs": {
                "batter": 4,
                "extras": 0,
                "total": 4
              }
            },
            {
              "batter": "WL Madsen",
              "bowler": "MW Pillans",
              "non_striker": "AL Hughes",
              "runs": {
                "batter": 4,
                "extras": 0,
                "total": 4
              }
            },
            {
              "batter": "WL Madsen",
              "bowler": "MW Pillans",
              "non_striker": "AL Hughes",
              "runs": {
                "batter": 1,
                "extras": 0,
                "total": 1
              }
            },
            {
              "batter": "AL Hughes",
              "bowler": "MW Pillans",
              "non_striker": "WL Madsen",
              "runs": {
                "batter": 1,
                "extras": 0,
                "total": 1
              }
            },
            {
              "batter": "WL Madsen",
              "bowler": "MW Pillans",
              "non_striker": "AL Hughes",
              "runs": {
                "batter": 0,
                "extras": 0,
                "total": 0
              }
            },
            {
              "batter": "WL Madsen",
              "bowler": "MW Pillans",
              "non_striker": "AL Hughes",
              "runs": {
                "batter": 0,
                "extras": 0,
                "total": 0
              }
            }
          ]
        },
        {
          "over": 4,
          "deliveries": [
            {
              "batter": "AL Hughes",
              "bowler": "D Klein",
              "non_striker": "WL Madsen",
              "runs": {
                "batter": 0,
                "extras": 0,
                "total": 0
              }
            },
            {
              "batter": "AL Hughes",
              "bowler": "D Klein",
              "non_striker": "WL Madsen",
              "runs": {
                "batter": 1,
                "extras": 0,
                "total": 1
              }
            },
            {
              "batter": "WL Madsen",
              "bowler": "D Klein",
              "non_striker": "AL Hughes",
              "runs": {
                "batter": 0,
                "extras": 0,
                "total": 0
              }
            },
            {
              "batter": "WL Madsen",
              "bowler": "D Klein",
              "non_striker": "AL Hughes",
              "runs": {
                "batter": 3,
                "extras": 0,
                "total": 3
              }
            },
            {
              "batter": "AL Hughes",
              "bowler": "D Klein",
              "non_striker": "WL Madsen",
              "runs": {
                "batter": 0,
                "extras": 0,
                "total": 0
              }
            },
            {
              "batter": "AL Hughes",
              "bowler": "D Klein",
              "non_striker": "WL Madsen",
              "runs": {
                "batter": 0,
                "extras": 0,
                "total": 0
              }
            }
          ]
        },
        {
          "over": 5,
          "deliveries": [
            {
              "batter": "WL Madsen",
              "bowler": "MW Pillans",
              "non_striker": "AL Hughes",
              "runs": {
                "batter": 2,
                "extras": 0,
                "total": 2
              }
            },
            {
              "batter": "WL Madsen",
              "bowler": "MW Pillans",
              "non_striker": "AL Hughes",
              "runs": {
                "batter": 0,
                "extras": 0,
                "total": 0
              }
            },
            {
              "batter": "WL Madsen",
              "bowler": "MW Pillans",
              "non_striker": "AL Hughes",
              "runs": {
                "batter": 4,
                "extras": 0,
                "total": 4
              }
            },
            {
              "batter": "WL Madsen",
              "bowler": "MW Pillans",
              "non_striker": "AL Hughes",
              "runs": {
                "batter": 1,
                "extras": 0,
                "total": 1
              }
            },
            {
              "batter": "AL Hughes",
              "bowler": "MW Pillans",
              "non_striker": "WL Madsen",
              "runs": {
                "batter": 0,
                "extras": 0,
                "total": 0
              }
            },
            {
              "batter": "AL Hughes",
              "bowler": "MW Pillans",
              "non_striker": "WL Madsen",
              "runs": {
                "batter": 4,
                "extras": 0,
                "total": 4
              }
            }
          ]
        },
        {
          "over": 6,
          "deliveries": [
            {
              "batter": "WL Madsen",
              "bowler": "CF Parkinson",
              "non_striker": "AL Hughes",
              "runs": {
                "batter": 0,
                "extras": 0,
                "total": 0
              }
            },
            {
              "batter": "WL Madsen",
              "bowler": "CF Parkinson",
              "non_striker": "AL Hughes",
              "runs": {
                "batter": 1,
                "extras": 0,
                "total": 1
              }
            },
            {
              "batter": "AL Hughes",
              "bowler": "CF Parkinson",
              "non_striker": "WL Madsen",
              "runs": {
                "batter": 1,
                "extras": 0,
                "total": 1
              }
            },
            {
              "batter": "WL Madsen",
              "bowler": "CF Parkinson",
              "extras": {
                "legbyes": 1
              },
              "non_striker": "AL Hughes",
              "runs": {
                "batter": 0,
                "extras": 1,
                "total": 1
              }
            },
            {
              "batter": "AL Hughes",
              "bowler": "CF Parkinson",
              "non_striker": "WL Madsen",
              "runs": {
                "batter": 0,
                "extras": 0,
                "total": 0
              }
            },
            {
              "batter": "AL Hughes",
              "bowler": "CF Parkinson",
              "non_striker": "WL Madsen",
              "runs": {
                "batter": 4,
                "extras": 0,
                "total": 4
              }
            }
          ]
        },
        {
          "over": 7,
          "deliveries": [
            {
              "batter": "WL Madsen",
              "bowler": "GT Griffiths",
              "non_striker": "AL Hughes",
              "runs": {
                "batter": 1,
                "extras": 0,
                "total": 1
              }
            },
            {
              "batter": "AL Hughes",
              "bowler": "GT Griffiths",
              "non_striker": "WL Madsen",
              "runs": {
                "batter": 1,
                "extras": 0,
                "total": 1
              }
            },
            {
              "batter": "WL Madsen",
              "bowler": "GT Griffiths",
              "non_striker": "AL Hughes",
              "runs": {
                "batter": 0,
                "extras": 0,
                "total": 0
              }
            },
            {
              "batter": "WL Madsen",
              "bowler": "GT Griffiths",
              "non_striker": "AL Hughes",
              "runs": {
                "batter": 1,
                "extras": 0,
                "total": 1
              }
            },
            {
              "batter": "AL Hughes",
              "bowler": "GT Griffiths",
              "non_striker": "WL Madsen",
              "runs": {
                "batter": 0,
                "extras": 0,
                "total": 0
              }
            },
            {
              "batter": "AL Hughes",
              "bowler": "GT Griffiths",
              "non_striker": "WL Madsen",
              "runs": {
                "batter": 0,
                "extras": 0,
                "total": 0
              }
            }
          ]
        },
        {
          "over": 8,
          "deliveries": [
            {
              "batter": "WL Madsen",
              "bowler": "CF Parkinson",
              "non_striker": "AL Hughes",
              "runs": {
                "batter": 0,
                "extras": 0,
                "total": 0
              }
            },
            {
              "batter": "WL Madsen",
              "bowler": "CF Parkinson",
              "non_striker": "AL Hughes",
              "runs": {
                "batter": 1,
                "extras": 0,
                "total": 1
              }
            },
            {
              "batter": "AL Hughes",
              "bowler": "CF Parkinson",
              "non_striker": "WL Madsen",
              "runs": {
                "batter": 0,
                "extras": 0,
                "total": 0
              }
            },
            {
              "batter": "AL Hughes",
              "bowler": "CF Parkinson",
              "non_striker": "WL Madsen",
              "runs": {
                "batter": 1,
                "extras": 0,
                "total": 1
              }
            },
            {
              "batter": "WL Madsen",
              "bowler": "CF Parkinson",
              "non_striker": "AL Hughes",
              "runs": {
                "batter": 1,
                "extras": 0,
                "total": 1
              }
            },
            {
              "batter": "AL Hughes",
              "bowler": "CF Parkinson",
              "non_striker": "WL Madsen",
              "runs": {
                "batter": 4,
                "extras": 0,
                "total": 4
              }
            }
          ]
        },
        {
          "over": 9,
          "deliveries": [
            {
              "batter": "WL Madsen",
              "bowler": "GT Griffiths",
              "non_striker": "AL Hughes",
              "runs": {
                "batter": 0,
                "extras": 0,
                "total": 0
              }
            },
            {
              "batter": "WL Madsen",
              "bowler": "GT Griffiths",
              "non_striker": "AL Hughes",
              "runs": {
                "batter": 1,
                "extras": 0,
                "total": 1
              }
            },
            {
              "batter": "AL Hughes",
              "bowler": "GT Griffiths",
              "non_striker": "WL Madsen",
              "runs": {
                "batter": 0,
                "extras": 0,
                "total": 0
              }
            },
            {
              "batter": "AL Hughes",
              "bowler": "GT Griffiths",
              "non_striker": "WL Madsen",
              "runs": {
                "batter": 1,
                "extras": 0,
                "total": 1
              }
            },
            {
              "batter": "WL Madsen",
              "bowler": "GT Griffiths",
              "non_striker": "AL Hughes",
              "runs": {
                "batter": 1,
                "extras": 0,
                "total": 1
              }
            },
            {
              "batter": "AL Hughes",
              "bowler": "GT Griffiths",
              "non_striker": "WL Madsen",
              "runs": {
                "batter": 4,
                "extras": 0,
                "total": 4
              }
            }
          ]
        },
        {
          "over": 10,
          "deliveries": [
            {
              "batter": "WL Madsen",
              "bowler": "CN Ackermann",
              "non_striker": "AL Hughes",
              "runs": {
                "batter": 1,
                "extras": 0,
                "total": 1
              }
            },
            {
              "batter": "AL Hughes",
              "bowler": "CN Ackermann",
              "non_striker": "WL Madsen",
              "runs": {
                "batter": 1,
                "extras": 0,
                "total": 1
              }
            },
            {
              "batter": "WL Madsen",
              "bowler": "CN Ackermann",
              "non_striker": "AL Hughes",
              "runs": {
                "batter": 2,
                "extras": 0,
                "total": 2
              }
            },
            {
              "batter": "WL Madsen",
              "bowler": "CN Ackermann",
              "non_striker": "AL Hughes",
              "runs": {
                "batter": 4,
                "extras": 0,
                "total": 4
              }
            },
            {
              "batter": "WL Madsen",
              "bowler": "CN Ackermann",
              "non_striker": "AL Hughes",
              "runs": {
                "batter": 1,
                "extras": 0,
                "total": 1
              }
            },
            {
              "batter": "AL Hughes",
              "bowler": "CN Ackermann",
              "non_striker": "WL Madsen",
              "runs": {
                "batter": 1,
                "extras": 0,
                "total": 1
              }
            }
          ]
        },
        {
          "over": 11,
          "deliveries": [
            {
              "batter": "AL Hughes",
              "bowler": "GT Griffiths",
              "non_striker": "WL Madsen",
              "runs": {
                "batter": 1,
                "extras": 0,
                "total": 1
              }
            },
            {
              "batter": "WL Madsen",
              "bowler": "GT Griffiths",
              "non_striker": "AL Hughes",
              "runs": {
                "batter": 0,
                "extras": 0,
                "total": 0
              }
            },
            {
              "batter": "WL Madsen",
              "bowler": "GT Griffiths",
              "non_striker": "AL Hughes",
              "runs": {
                "batter": 1,
                "extras": 0,
                "total": 1
              }
            },
            {
              "batter": "AL Hughes",
              "bowler": "GT Griffiths",
              "non_striker": "WL Madsen",
              "runs": {
                "batter": 0,
                "extras": 0,
                "total": 0
              }
            },
            {
              "batter": "AL Hughes",
              "bowler": "GT Griffiths",
              "non_striker": "WL Madsen",
              "runs": {
                "batter": 6,
                "extras": 0,
                "total": 6
              }
            },
            {
              "batter": "AL Hughes",
              "bowler": "GT Griffiths",
              "non_striker": "WL Madsen",
              "runs": {
                "batter": 1,
                "extras": 0,
                "total": 1
              }
            }
          ]
        },
        {
          "over": 12,
          "deliveries": [
            {
              "batter": "AL Hughes",
              "bowler": "D Klein",
              "non_striker": "WL Madsen",
              "runs": {
                "batter": 1,
                "extras": 0,
                "total": 1
              }
            },
            {
              "batter": "WL Madsen",
              "bowler": "D Klein",
              "non_striker": "AL Hughes",
              "runs": {
                "batter": 0,
                "extras": 0,
                "total": 0
              }
            },
            {
              "batter": "WL Madsen",
              "bowler": "D Klein",
              "non_striker": "AL Hughes",
              "runs": {
                "batter": 1,
                "extras": 0,
                "total": 1
              }
            },
            {
              "batter": "AL Hughes",
              "bowler": "D Klein",
              "non_striker": "WL Madsen",
              "runs": {
                "batter": 2,
                "extras": 0,
                "total": 2
              }
            },
            {
              "batter": "AL Hughes",
              "bowler": "D Klein",
              "non_striker": "WL Madsen",
              "runs": {
                "batter": 1,
                "extras": 0,
                "total": 1
              }
            },
            {
              "batter": "WL Madsen",
              "bowler": "D Klein",
              "non_striker": "AL Hughes",
              "runs": {
                "batter": 1,
                "extras": 0,
                "total": 1
              }
            }
          ]
        },
        {
          "over": 13,
          "deliveries": [
            {
              "batter": "WL Madsen",
              "bowler": "MW Pillans",
              "non_striker": "AL Hughes",
              "runs": {
                "batter": 0,
                "extras": 0,
                "total": 0
              }
            },
            {
              "batter": "WL Madsen",
              "bowler": "MW Pillans",
              "non_striker": "AL Hughes",
              "runs": {
                "batter": 4,
                "extras": 0,
                "total": 4
              }
            },
            {
              "batter": "WL Madsen",
              "bowler": "MW Pillans",
              "non_striker": "AL Hughes",
              "runs": {
                "batter": 0,
                "extras": 0,
                "total": 0
              }
            },
            {
              "batter": "WL Madsen",
              "bowler": "MW Pillans",
              "non_striker": "AL Hughes",
              "runs": {
                "batter": 4,
                "extras": 0,
                "total": 4
              }
            },
            {
              "batter": "WL Madsen",
              "bowler": "MW Pillans",
              "non_striker": "AL Hughes",
              "runs": {
                "batter": 4,
                "extras": 0,
                "total": 4
              }
            }
          ]
        }
      ],
      "powerplays": [
        {
          "from": 0.1,
          "to": 5.6,
          "type": "mandatory"
        }
      ],
      "target": {
        "overs": 20,
        "runs": 105
      }
    }
  ]
}