{
  "meta": {
    "data_version": "1.0.0",
    "created": "2020-07-20",
    "revision": 1
  },
  "info": {
    "balls_per_over": 6,
    "city": "Liverpool",
    "dates": [
      "2017-07-09"
    ],
    "event": {
      "name": "NatWest T20 Blast",
      "group": "North"
    },
    "gender": "male",
    "match_type": "T20",
    "officials": {
      "umpires": [
        "GD Lloyd",
        "RK Illingworth"
      ]
    },
    "outcome": {
      "winner": "Leicestershire",
      "by": {
        "wickets": 3
      }
    },
    "overs": 20,
    "player_of_match": [
      "CN Ackermann"
    ],
    "players": {
      "Lancashire": [
        "KR Brown",
        "LS Livingstone",
        "AM Lilley",
        "SJ Croft",
        "JC Buttler",
        "DJ Vilas",
        "J Clark",
        "DJ Lamb",
        "TE Bailey",
        "SD Parry",
        "KM Jarvis"
      ],
      "Leicestershire": [
        "L Ronchi",
        "CS Delport",
        "MJ Cosgrove",
        "CN Ackermann",
        "EJH Eckersley",
        "LJ Hill",
        "TJ Wells",
        "MW Pillans",
        "CF Parkinson",
        "CJ McKay",
        "GT Griffiths"
      ]
    },
    "registry": {
      "people": {
        "AM Lilley": "88a004e9",
        "CF Parkinson": "aa1210d8",
        "CJ McKay": "94eac556",
        "CN Ackermann": "e734d090",
        "CS Delport": "afa78c3a",
        "DJ Lamb": "27c5a793",
        "DJ Vilas": "087210b1",
        "EJH Eckersley": "d510d457",
        "GD Lloyd": "36e0770d",
        "GT Griffiths": "79c7041c",
        "J Clark": "c672e80e",
        "JC Buttler": "99b75528",
        "KM Jarvis": "59792462",
        "KR Brown": "818c9e0d",
        "L Ronchi": "0fa5042b",
        "LJ Hill": "35f9a295",
        "LS Livingstone": "50c6bc2b",
        "MJ Cosgrove": "be768595",
        "MW Pillans": "6a2fadd0",
        "RK Illingworth": "20672246",
        "SD Parry": "fdb8ed0d",
        "SJ Croft": "ab474682",
        "TE Bailey": "b9877635",
        "TJ Wells": "eb1a5b03"
      }
    },
    "season": "2017",
    "team_type": "club",
    "teams": [
      "Lancashire",
      "Leicestershire"
    ],
    "toss": {
      "decision": "field",
      "winner": "Leicestershire"
    },
    "venue": "Aigburth"
  },
  "innings": [
    {
      "team": "Lancashire",
      "overs": [
        {
          "over": 0,
          "deliveries": [
            {
              "batter": "KR Brown",
              "bowler": "CJ McKay",
              "non_striker": "LS Livingstone",
              "runs": {
                "batter": 0,
                "extras": 0,
                "total": 0
              }
            },
            {
              "batter": "KR Brown",
              "bowler": "CJ McKay",
              "non_striker": "LS Livingstone",
              "runs": {
                "batter": 4,
                "extras": 0,
                "total": 4
              }
            },
            {
              "batter": "KR Brown",
              "bowler": "CJ McKay",
              "non_striker": "LS Livingstone",
              "runs": {
                "batter": 0,
                "extras": 0,
                "total": 0
              }
            },
            {
              "batter": "KR Brown",
              "bowler": "CJ McKay",
              "non_striker": "LS Livingstone",
              "runs": {
                "batter": 0,
                "extras": 0,
                "total": 0
              },
              "wickets": [
                {
                  "player_out": "KR Brown",
                  "fielders": [
                    {
                      "name": "L Ronchi"
                    }
                  ],
                  "kind": "caught"
                }
              ]
            },
            {
              "batter": "AM Lilley",
              "bowler": "CJ McKay",
              "non_striker": "LS Livingstone",
              "runs": {
                "batter": 1,
                "extras": 0,
                "total": 1
              }
            },
            {
              "batter": "LS Livingstone",
              "bowler": "CJ McKay",
              "non_striker": "AM Lilley",
              "runs": {
                "batter": 1,
                "extras": 0,
                "total": 1
              }
            }
          ]
        },
        {
          "over": 1,
          "deliveries": [
            {
              "batter": "LS Livingstone",
              "bowler": "CF Parkinson",
              "non_striker": "AM Lilley",
              "runs": {
                "batter": 1,
                "extras": 0,
                "total": 1
              }
            },
            {
              "batter": "AM Lilley",
              "bowler": "CF Parkinson",
              "non_striker": "LS Livingstone",
              "runs": {
                "batter": 1,
                "extras": 0,
                "total": 1
              }
            },
            {
              "batter": "LS Livingstone",
              "bowler": "CF Parkinson",
              "non_striker": "AM Lilley",
              "runs": {
                "batter": 1,
                "extras": 0,
                "total": 1
              }
            },
            {
              "batter": "AM Lilley",
              "bowler": "CF Parkinson",
              "non_striker": "LS Livingstone",
              "runs": {
                "batter": 4,
                "extras": 0,
                "total": 4
              }
            },
            {
              "batter": "AM Lilley",
              "bowler": "CF Parkinson",
              "non_striker": "LS Livingstone",
              "runs": {
                "batter": 0,
                "extras": 0,
                "total": 0
              }
            },
            {
              "batter": "AM Lilley",
              "bowler": "CF Parkinson",
              "non_striker": "LS Livingstone",
              "runs": {
                "batter": 1,
                "extras": 0,
                "total": 1
              }
            }
          ]
        },
        {
          "over": 2,
          "deliveries": [
            {
              "batter": "AM Lilley",
              "bowler": "MW Pillans",
              "non_striker": "LS Livingstone",
              "runs": {
                "batter": 0,
                "extras": 0,
                "total": 0
              }
            },
            {
              "batter": "AM Lilley",
              "bowler": "MW Pillans",
              "non_striker": "LS Livingstone",
              "runs": {
                "batter": 4,
                "extras": 0,
                "total": 4
              }
            },
            {
              "batter": "AM Lilley",
              "bowler": "MW Pillans",
              "non_striker": "LS Livingstone",
              "runs": {
                "batter": 4,
                "extras": 0,
                "total": 4
              }
            },
            {
              "batter": "AM Lilley",
              "bowler": "MW Pillans",
              "non_striker": "LS Livingstone",
              "runs": {
                "batter": 0,
                "extras": 0,
                "total": 0
              }
            },
            {
              "batter": "AM Lilley",
              "bowler": "MW Pillans",
              "non_striker": "LS Livingstone",
              "runs": {
                "batter": 1,
                "extras": 0,
                "total": 1
              }
            },
            {
              "batter": "LS Livingstone",
              "bowler": "MW Pillans",
              "non_striker": "AM Lilley",
              "runs": {
                "batter": 0,
                "extras": 0,
                "total": 0
              }
            }
          ]
        },
        {
          "over": 3,
          "deliveries": [
            {
              "batter": "AM Lilley",
              "bowler": "CN Ackermann",
              "non_striker": "LS Livingstone",
              "runs": {
                "batter": 1,
                "extras": 0,
                "total": 1
              }
            },
            {
              "batter": "LS Livingstone",
              "bowler": "CN Ackermann",
              "non_striker": "AM Lilley",
              "runs": {
                "batter": 0,
                "extras": 0,
                "total": 0
              }
            },
            {
              "batter": "LS Livingstone",
              "bowler": "CN Ackermann",
              "non_striker": "AM Lilley",
              "runs": {
                "batter": 1,
                "extras": 0,
                "total": 1
              }
            },
            {
              "batter": "AM Lilley",
              "bowler": "CN Ackermann",
              "non_striker": "LS Livingstone",
              "runs": {
                "batter": 4,
                "extras": 0,
                "total": 4
              }
            },
            {
              "batter": "AM Lilley",
              "bowler": "CN Ackermann",
              "non_striker": "LS Livingstone",
              "runs": {
                "batter": 4,
                "extras": 0,
                "total": 4
              }
            },
            {
              "batter": "AM Lilley",
              "bowler": "CN Ackermann",
              "non_striker": "LS Livingstone",
              "runs": {
                "batter": 4,
                "extras": 0,
                "total": 4
              }
            }
          ]
        },
        {
          "over": 4,
          "deliveries": [
            {
              "batter": "LS Livingstone",
              "bowler": "CJ McKay",
              "non_striker": "AM Lilley",
              "runs": {
                "batter": 1,
                "extras": 0,
                "total": 1
              }
            },
            {
              "batter": "AM Lilley",
              "bowler": "CJ McKay",
              "non_striker": "LS Livingstone",
              "runs": {
                "batter": 0,
                "extras": 0,
                "total": 0
              }
            },
            {
              "batter": "AM Lilley",
              "bowler": "CJ McKay",
              "non_striker": "LS Livingstone",
              "runs": {
                "batter": 1,
                "extras": 0,
                "total": 1
              }
            },
            {
              "batter": "LS Livingstone",
              "bowler": "CJ McKay",
              "non_striker": "AM Lilley",
              "runs": {
                "batter": 1,
                "extras": 0,
                "total": 1
              }
            },
            {
              "batter": "AM Lilley",
              "bowler": "CJ McKay",
              "non_striker": "LS Livingstone",
              "runs": {
                "batter": 0,
                "extras": 0,
                "total": 0
              },
              "wickets": [
                {
                  "player_out": "AM Lilley",
                  "fielders": [
                    {
                      "name": "CN Ackermann"
                    }
                  ],
                  "kind": "caught"
                }
              ]
            },
            {
              "batter": "SJ Croft",
              "bowler": "CJ McKay",
              "non_striker": "LS Livingstone",
              "runs": {
                "batter": 0,
                "extras": 0,
                "total": 0
              },
              "wickets": [
                {
                  "player_out": "SJ Croft",
                  "kind": "lbw"
                }
              ]
            }
          ]
        },
        {
          "over": 5,
          "deliveries": [
            {
              "batter": "LS Livingstone",
              "bowler": "CF Parkinson",
              "non_striker": "JC Buttler",
              "runs": {
                "batter": 1,
                "extras": 0,
                "total": 1
              }
            },
            {
              "batter": "JC Buttler",
              "bowler": "CF Parkinson",
              "non_striker": "LS Livingstone",
              "runs": {
                "batter": 0,
                "extras": 0,
                "total": 0
              }
            },
            {
              "batter": "JC Buttler",
              "bowler": "CF Parkinson",
              "non_striker": "LS Livingstone",
              "runs": {
                "batter": 1,
                "extras": 0,
                "total": 1
              }
            },
            {
              "batter": "LS Livingstone",
              "bowler": "CF Parkinson",
              "non_striker": "JC Buttler",
              "runs": {
                "batter": 1,
                "extras": 0,
                "total": 1
              }
            },
            {
              "batter": "JC Buttler",
              "bowler": "CF Parkinson",
              "non_striker": "LS Livingstone",
              "runs": {
                "batter": 6,
                "extras": 0,
                "total": 6
              }
            },
            {
              "batter": "JC Buttler",
              "bowler": "CF Parkinson",
              "non_striker": "LS Livingstone",
              "runs": {
                "batter": 4,
                "extras": 0,
                "total": 4
              }
            }
          ]
        },
        {
          "over": 6,
          "deliveries": [
            {
              "batter": "LS Livingstone",
              "bowler": "CJ McKay",
              "non_striker": "JC Buttler",
              "runs": {
                "batter": 0,
                "extras": 0,
                "total": 0
              }
            },
            {
              "batter": "LS Livingstone",
              "bowler": "CJ McKay",
              "non_striker": "JC Buttler",
              "runs": {
                "batter": 6,
                "extras": 0,
                "total": 6
              }
            },
            {
              "batter": "LS Livingstone",
              "bowler": "CJ McKay",
              "non_striker": "JC Buttler",
              "runs": {
                "batter": 1,
                "extras": 0,
                "total": 1
              }
            },
            {
              "batter": "JC Buttler",
              "bowler": "CJ McKay",
              "non_striker": "LS Livingstone",
              "runs": {
                "batter": 1,
                "extras": 0,
                "total": 1
              }
            },
            {
              "batter": "LS Livingstone",
              "bowler": "CJ McKay",
              "non_striker": "JC Buttler",
              "runs": {
                "batter": 4,
                "extras": 0,
                "total": 4
              }
            },
            {
              "batter": "LS Livingstone",
              "bowler": "CJ McKay",
              "non_striker": "JC Buttler",
              "runs": {
                "batter": 3,
                "extras": 0,
                "total": 3
              }
            }
          ]
        },
        {
          "over": 7,
          "deliveries": [
            {
              "batter": "LS Livingstone",
              "bowler": "GT Griffiths",
              "non_striker": "JC Buttler",
              "runs": {
                "batter": 2,
                "extras": 0,
                "total": 2
              }
            },
            {
              "batter": "LS Livingstone",
              "bowler": "GT Griffiths",
              "non_striker": "JC Buttler",
              "runs": {
                "batter": 1,
                "extras": 0,
                "total": 1
              }
            },
            {
              "batter": "JC Buttler",
              "bowler": "GT Griffiths",
              "non_striker": "LS Livingstone",
              "runs": {
                "batter": 0,
                "extras": 0,
                "total": 0
              }
            },
            {
              "batter": "JC Buttler",
              "bowler": "GT Griffiths",
              "non_striker": "LS Livingstone",
              "runs": {
                "batter": 1,
                "extras": 0,
                "total": 1
              }
            },
            {
              "batter": "LS Livingstone",
              "bowler": "GT Griffiths",
              "non_striker": "JC Buttler",
              "runs": {
                "batter": 0,
                "extras": 0,
                "total": 0
              }
            },
            {
              "batter": "LS Livingstone",
              "bowler": "GT Griffiths",
              "non_striker": "JC Buttler",
              "runs": {
                "batter": 6,
                "extras": 0,
                "total": 6
              }
            }
          ]
        },
        {
          "over": 8,
          "deliveries": [
            {
              "batter": "JC Buttler",
              "bowler": "MW Pillans",
              "non_striker": "LS Livingstone",
              "runs": {
                "batter": 1,
                "extras": 0,
                "total": 1
              }
            },
            {
              "batter": "LS Livingstone",
              "bowler": "MW Pillans",
              "non_striker": "JC Buttler",
              "runs": {
                "batter": 0,
                "extras": 0,
                "total": 0
              }
            },
            {
              "batter": "LS Livingstone",
              "bowler": "MW Pillans",
              "non_striker": "JC Buttler",
              "runs": {
                "batter": 1,
                "extras": 0,
                "total": 1
              }
            },
            {
              "batter": "JC Buttler",
              "bowler": "MW Pillans",
              "non_striker": "LS Livingstone",
              "runs": {
                "batter": 2,
                "extras": 0,
                "total": 2
              }
            },
            {
              "batter": "JC Buttler",
              "bowler": "MW Pillans",
              "extras": {
                "noballs": 2
              },
              "non_striker": "LS Livingstone",
              "runs": {
                "batter": 0,
                "extras": 2,
                "total": 2
              }
            },
            {
              "batter": "JC Buttler",
              "bowler": "MW Pillans",
              "non_striker": "LS Livingstone",
              "runs": {
                "batter": 0,
                "extras": 0,
                "total": 0
              }
            },
            {
              "batter": "JC Buttler",
              "bowler": "MW Pillans",
              "non_striker": "LS Livingstone",
              "runs": {
                "batter": 4,
                "extras": 0,
                "total": 4
              }
            }
          ]
        },
        {
          "over": 9,
          "deliveries": [
            {
              "batter": "LS Livingstone",
              "bowler": "CS Delport",
              "non_striker": "JC Buttler",
              "runs": {
                "batter": 1,
                "extras": 0,
                "total": 1
              }
            },
            {
              "batter": "JC Buttler",
              "bowler": "CS Delport",
              "non_striker": "LS Livingstone",
              "runs": {
                "batter": 1,
                "extras": 0,
                "total": 1
              }
            },
            {
              "batter": "LS Livingstone",
              "bowler": "CS Delport",
              "non_striker": "JC Buttler",
              "runs": {
                "batter": 1,
                "extras": 0,
                "total": 1
              }
            },
            {
              "batter": "JC Buttler",
              "bowler": "CS Delport",
              "non_striker": "LS Livingstone",
              "runs": {
                "batter": 0,
                "extras": 0,
                "total": 0
              }
            },
            {
              "batter": "JC Buttler",
              "bowler": "CS Delport",
              "non_striker": "LS Livingstone",
              "runs": {
                "batter": 0,
                "extras": 0,
                "total": 0
              }
            },
            {
              "batter": "JC Buttler",
              "bowler": "CS Delport",
              "non_striker": "LS Livingstone",
              "runs": {
                "batter": 6,
                "extras": 0,
                "total": 6
              }
            }
          ]
        },
        {
          "over": 10,
          "deliveries": [
            {
              "batter": "LS Livingstone",
              "bowler": "GT Griffiths",
              "non_striker": "JC Buttler",
              "runs": {
                "batter": 1,
                "extras": 0,
                "total": 1
              }
            },
            {
              "batter": "JC Buttler",
              "bowler": "GT Griffiths",
              "non_striker": "LS Livingstone",
              "runs": {
                "batter": 4,
                "extras": 0,
                "total": 4
              }
            },
            {
              "batter": "JC Buttler",
              "bowler": "GT Griffiths",
              "non_striker": "LS Livingstone",
              "runs": {
                "batter": 4,
                "extras": 0,
                "total": 4
              }
            },
            {
              "batter": "JC Buttler",
              "bowler": "GT Griffiths",
              "non_striker": "LS Livingstone",
              "runs": {
                "batter": 3,
                "extras": 0,
                "total": 3
              }
            },
            {
              "batter": "LS Livingstone",
              "bowler": "GT Griffiths",
              "non_striker": "JC Buttler",
              "runs": {
                "batter": 1,
                "extras": 0,
                "total": 1
              }
            },
            {
              "batter": "JC Buttler",
              "bowler": "GT Griffiths",
              "extras": {
                "wides": 1
              },
              "non_striker": "LS Livingstone",
              "runs": {
                "batter": 0,
                "extras": 1,
                "total": 1
              }
            },
            {
              "batter": "JC Buttler",
              "bowler": "GT Griffiths",
              "non_striker": "LS Livingstone",
              "runs": {
                "batter": 1,
                "extras": 0,
                "total": 1
              }
            }
          ]
        },
        {
          "over": 11,
          "deliveries": [
            {
              "batter": "JC Buttler",
              "bowler": "CF Parkinson",
              "non_striker": "LS Livingstone",
              "runs": {
                "batter": 0,
                "extras": 0,
                "total": 0
              },
              "wickets": [
                {
                  "player_out": "JC Buttler",
                  "fielders": [
                    {
                      "name": "CN Ackermann"
                    }
                  ],
                  "kind": "caught"
                }
              ]
            },
            {
              "batter": "LS Livingstone",
              "bowler": "CF Parkinson",
              "extras": {
                "legbyes": 1
              },
              "non_striker": "DJ Vilas",
              "runs": {
                "batter": 0,
                "extras": 1,
                "total": 1
              }
            },
            {
              "batter": "DJ Vilas",
              "bowler": "CF Parkinson",
              "non_striker": "LS Livingstone",
              "runs": {
                "batter": 1,
                "extras": 0,
                "total": 1
              }
            },
            {
              "batter": "LS Livingstone",
              "bowler": "CF Parkinson",
              "non_striker": "DJ Vilas",
              "runs": {
                "batter": 1,
                "extras": 0,
                "total": 1
              }
            },
            {
              "batter": "DJ Vilas",
              "bowler": "CF Parkinson",
              "non_striker": "LS Livingstone",
              "runs": {
                "batter": 0,
                "extras": 0,
                "total": 0
              }
            },
            {
              "batter": "DJ Vilas",
              "bowler": "CF Parkinson",
              "non_striker": "LS Livingstone",
              "runs": {
                "batter": 1,
                "extras": 0,
                "total": 1
              }
            }
          ]
        },
        {
          "over": 12,
          "deliveries": [
            {
              "batter": "DJ Vilas",
              "bowler": "MW Pillans",
              "non_striker": "LS Livingstone",
              "runs": {
                "batter": 0,
                "extras": 0,
                "total": 0
              },
              "wickets": [
                {
                  "player_out": "DJ Vilas",
                  "kind": "lbw"
                }
              ]
            },
            {
              "batter": "J Clark",
              "bowler": "MW Pillans",
              "extras": {
                "wides": 3
              },
              "non_striker": "LS Livingstone",
              "runs": {
                "batter": 0,
                "extras": 3,
                "total": 3
              }
            },
            {
              "batter": "J Clark",
              "bowler": "MW Pillans",
              "non_striker": "LS Livingstone",
              "runs": {
                "batter": 1,
                "extras": 0,
                "total": 1
              }
            },
            {
              "batter": "LS Livingstone",
              "bowler": "MW Pillans",
              "non_striker": "J Clark",
              "runs": {
                "batter": 4,
                "extras": 0,
                "total": 4
              }
            },
            {
              "batter": "LS Livingstone",
              "bowler": "MW Pillans",
              "non_striker": "J Clark",
              "runs": {
                "batter": 0,
                "extras": 0,
                "total": 0
              }
            },
            {
              "batter": "LS Livingstone",
              "bowler": "MW Pillans",
              "non_striker": "J Clark",
              "runs": {
                "batter": 4,
                "extras": 0,
                "total": 4
              }
            },
            {
              "batter": "LS Livingstone",
              "bowler": "MW Pillans",
              "non_striker": "J Clark",
              "runs": {
                "batter": 1,
                "extras": 0,
                "total": 1
              }
            }
          ]
        },
        {
          "over": 13,
          "deliveries": [
            {
              "batter": "LS Livingstone",
              "bowler": "CF Parkinson",
              "non_striker": "J Clark",
              "runs": {
                "batter": 1,
                "extras": 0,
                "total": 1
              }
            },
            {
              "batter": "J Clark",
              "bowler": "CF Parkinson",
              "non_striker": "LS Livingstone",
              "runs": {
                "batter": 1,
                "extras": 0,
                "total": 1
              }
            },
            {
              "batter": "LS Livingstone",
              "bowler": "CF Parkinson",
              "non_striker": "J Clark",
              "runs": {
                "batter": 1,
                "extras": 0,
                "total": 1
              }
            },
            {
              "batter": "J Clark",
              "bowler": "CF Parkinson",
              "non_striker": "LS Livingstone",
              "runs": {
                "batter": 0,
                "extras": 0,
                "total": 0
              }
            },
            {
              "batter": "J Clark",
              "bowler": "CF Parkinson",
              "non_striker": "LS Livingstone",
              "runs": {
                "batter": 1,
                "extras": 0,
                "total": 1
              }
            },
            {
              "batter": "LS Livingstone",
              "bowler": "CF Parkinson",
              "non_striker": "J Clark",
              "runs": {
                "batter": 0,
                "extras": 0,
                "total": 0
              },
              "wickets": [
                {
                  "player_out": "LS Livingstone",
                  "fielders": [
                    {
                      "name": "L Ronchi"
                    }
                  ],
                  "kind": "stumped"
                }
              ]
            }
          ]
        },
        {
          "over": 14,
          "deliveries": [
            {
              "batter": "J Clark",
              "bowler": "TJ Wells",
              "non_striker": "DJ Lamb",
              "runs": {
                "batter": 1,
                "extras": 0,
                "total": 1
              }
            },
            {
              "batter": "DJ Lamb",
              "bowler": "TJ Wells",
              "non_striker": "J Clark",
              "runs": {
                "batter": 1,
                "extras": 0,
                "total": 1
              }
            },
            {
              "batter": "J Clark",
              "bowler": "TJ Wells",
              "non_striker": "DJ Lamb",
              "runs": {
                "batter": 1,
                "extras": 0,
                "total": 1
              }
            },
            {
              "batter": "DJ Lamb",
              "bowler": "TJ Wells",
              "non_striker": "J Clark",
              "runs": {
                "batter": 1,
                "extras": 0,
                "total": 1
              }
            },
            {
              "batter": "J Clark",
              "bowler": "TJ Wells",
              "non_striker": "DJ Lamb",
              "runs": {
                "batter": 2,
                "extras": 0,
                "total": 2
              }
            },
            {
              "batter": "J Clark",
              "bowler": "TJ Wells",
              "non_striker": "DJ Lamb",
              "runs": {
                "batter": 1,
                "extras": 0,
                "total": 1
              }
            }
          ]
        },
        {
          "over": 15,
          "deliveries": [
            {
              "batter": "J Clark",
              "bowler": "CS Delport",
              "non_striker": "DJ Lamb",
              "runs": {
                "batter": 1,
                "extras": 0,
                "total": 1
              }
            },
            {
              "batter": "DJ Lamb",
              "bowler": "CS Delport",
              "non_striker": "J Clark",
              "runs": {
                "batter": 1,
                "extras": 0,
                "total": 1
              }
            },
            {
              "batter": "J Clark",
              "bowler": "CS Delport",
              "non_striker": "DJ Lamb",
              "runs": {
                "batter": 0,
                "extras": 0,
                "total": 0
              },
              "wickets": [
                {
                  "player_out": "J Clark",
                  "fielders": [
                    {
                      "name": "LJ Hill"
                    }
                  ],
                  "kind": "caught"
                }
              ]
            },
            {
              "batter": "DJ Lamb",
              "bowler": "CS Delport",
              "non_striker": "TE Bailey",
              "runs": {
                "batter": 1,
                "extras": 0,
                "total": 1
              }
            },
            {
              "batter": "TE Bailey",
              "bowler": "CS Delport",
              "non_striker": "DJ Lamb",
              "runs": {
                "batter": 1,
                "extras": 0,
                "total": 1
              }
            },
            {
              "batter": "DJ Lamb",
              "bowler": "CS Delport",
              "non_striker": "TE Bailey",
              "runs": {
                "batter": 1,
                "extras": 0,
                "total": 1
              }
            }
          ]
        },
        {
          "over": 16,
          "deliveries": [
            {
              "batter": "DJ Lamb",
              "bowler": "GT Griffiths",
              "non_striker": "TE Bailey",
              "runs": {
                "batter": 0,
                "extras": 0,
                "total": 0
              }
            },
            {
              "batter": "DJ Lamb",
              "bowler": "GT Griffiths",
              "non_striker": "TE Bailey",
              "runs": {
                "batter": 0,
                "extras": 0,
                "total": 0
              }
            },
            {
              "batter": "DJ Lamb",
              "bowler": "GT Griffiths",
              "non_striker": "TE Bailey",
              "runs": {
                "batter": 6,
                "extras": 0,
                "total": 6
              }
            },
            {
              "batter": "DJ Lamb",
              "bowler": "GT Griffiths",
              "non_striker": "TE Bailey",
              "runs": {
                "batter": 1,
                "extras": 0,
                "total": 1
              }
            },
            {
              "batter": "TE Bailey",
              "bowler": "GT Griffiths",
              "non_striker": "DJ Lamb",
              "runs": {
                "batter": 1,
                "extras": 0,
                "total": 1
              }
            },
            {
              "batter": "DJ Lamb",
              "bowler": "GT Griffiths",
              "non_striker": "TE Bailey",
              "runs": {
                "batter": 0,
                "extras": 0,
                "total": 0
              }
            }
          ]
        },
        {
          "over": 17,
          "deliveries": [
            {
              "batter": "TE Bailey",
              "bowler": "MW Pillans",
              "extras": {
                "wides": 1
              },
              "non_striker": "DJ Lamb",
              "runs": {
                "batter": 0,
                "extras": 1,
                "total": 1
              }
            },
            {
              "batter": "TE Bailey",
              "bowler": "MW Pillans",
              "non_striker": "DJ Lamb",
              "runs": {
                "batter": 1,
                "extras": 0,
                "total": 1
              }
            },
            {
              "batter": "DJ Lamb",
              "bowler": "MW Pillans",
              "non_striker": "TE Bailey",
              "runs": {
                "batter": 2,
                "extras": 0,
                "total": 2
              }
            },
            {
              "batter": "DJ Lamb",
              "bowler": "MW Pillans",
              "non_striker": "TE Bailey",
              "runs": {
                "batter": 2,
                "extras": 0,
                "total": 2
              }
            },
            {
              "batter": "DJ Lamb",
              "bowler": "MW Pillans",
              "non_striker": "TE Bailey",
              "runs": {
                "batter": 1,
                "extras": 0,
                "total": 1
              }
            },
            {
              "batter": "TE Bailey",
              "bowler": "MW Pillans",
              "non_striker": "DJ Lamb",
              "runs": {
                "batter": 1,
                "extras": 0,
                "total": 1
              }
            },
            {
              "batter": "DJ Lamb",
              "bowler": "MW Pillans",
              "non_striker": "TE Bailey",
              "runs": {
                "batter": 2,
                "extras": 0,
                "total": 2
              }
            }
          ]
        },
        {
          "over": 18,
          "deliveries": [
            {
              "batter": "TE Bailey",
              "bowler": "GT Griffiths",
              "non_striker": "DJ Lamb",
              "runs": {
                "batter": 1,
                "extras": 0,
                "total": 1
              }
            },
            {
              "batter": "DJ Lamb",
              "bowler": "GT Griffiths",
              "non_striker": "TE Bailey",
              "runs": {
                "batter": 1,
                "extras": 0,
                "total": 1
              }
            },
            {
              "batter": "TE Bailey",
              "bowler": "GT Griffiths",
              "non_striker": "DJ Lamb",
              "runs": {
                "batter": 1,
                "extras": 0,
                "total": 1
              }
            },
            {
              "batter": "DJ Lamb",
              "bowler": "GT Griffiths",
              "non_striker": "TE Bailey",
              "runs": {
                "batter": 2,
                "extras": 0,
                "total": 2
              }
            },
            {
              "batter": "DJ Lamb",
              "bowler": "GT Griffiths",
              "non_striker": "TE Bailey",
              "runs": {
                "batter": 0,
                "extras": 0,
                "total": 0
              }
            },
            {
              "batter": "DJ Lamb",
              "bowler": "GT Griffiths",
              "non_striker": "TE Bailey",
              "runs": {
                "batter": 0,
                "extras": 0,
                "total": 0
              },
              "wickets": [
                {
                  "player_out": "DJ Lamb",
                  "fielders": [
                    {
                      "name": "LJ Hill"
                    }
                  ],
                  "kind": "caught"
                }
              ]
            }
          ]
        },
        {
          "over": 19,
          "deliveries": [
            {
              "batter": "TE Bailey",
              "bowler": "CJ McKay",
              "non_striker": "SD Parry",
              "runs": {
                "batter": 0,
                "extras": 0,
                "total": 0
              }
            },
            {
              "batter": "TE Bailey",
              "bowler": "CJ McKay",
              "non_striker": "SD Parry",
              "runs": {
                "batter": 1,
                "extras": 0,
                "total": 1
              }
            },
            {
              "batter": "SD Parry",
              "bowler": "CJ McKay",
              "non_striker": "TE Bailey",
              "runs": {
                "batter": 0,
                "extras": 0,
                "total": 0
              }
            },
            {
              "batter": "SD Parry",
              "bowler": "CJ McKay",
              "non_striker": "TE Bailey",
              "runs": {
                "batter": 2,
                "extras": 0,
                "total": 2
              }
            },
            {
              "batter": "SD Parry",
              "bowler": "CJ McKay",
              "non_striker": "TE Bailey",
              "runs": {
                "batter": 1,
                "extras": 0,
                "total": 1
              }
            },
            {
              "batter": "TE Bailey",
              "bowler": "CJ McKay",
              "non_striker": "SD Parry",
              "runs": {
                "batter": 1,
                "extras": 0,
                "total": 1
              },
              "wickets": [
                {
                  "player_out": "TE Bailey",
                  "kind": "run out"
                }
              ]
            }
          ]
        }
      ],
      "powerplays": [
        {
          "from": 0.1,
          "to": 5.6,
          "type": "mandatory"
        }
      ]
    },
    {
      "team": "Leicestershire",
      "overs": [
        {
          "over": 0,
          "deliveries": [
            {
              "batter": "L Ronchi",
              "bowler": "AM Lilley",
              "non_striker": "CS Delport",
              "runs": {
                "batter": 6,
                "extras": 0,
                "total": 6
              }
            },
            {
              "batter": "L Ronchi",
              "bowler": "AM Lilley",
              "non_striker": "CS Delport",
              "runs": {
                "batter": 1,
                "extras": 0,
                "total": 1
              }
            },
            {
              "batter": "CS Delport",
              "bowler": "AM Lilley",
              "non_striker": "L Ronchi",
              "runs": {
                "batter": 0,
                "extras": 0,
                "total": 0
              }
            },
            {
              "batter": "CS Delport",
              "bowler": "AM Lilley",
              "extras": {
                "wides": 5
              },
              "non_striker": "L Ronchi",
              "runs": {
                "batter": 0,
                "extras": 5,
                "total": 5
              }
            },
            {
              "batter": "CS Delport",
              "bowler": "AM Lilley",
              "non_striker": "L Ronchi",
              "runs": {
                "batter": 0,
                "extras": 0,
                "total": 0
              }
            },
            {
              "batter": "CS Delport",
              "bowler": "AM Lilley",
              "non_striker": "L Ronchi",
              "runs": {
                "batter": 1,
                "extras": 0,
                "total": 1
              }
            },
            {
              "batter": "L Ronchi",
              "bowler": "AM Lilley",
              "non_striker": "CS Delport",
              "runs": {
                "batter": 1,
                "extras": 0,
                "total": 1
              }
            }
          ]
        },
        {
          "over": 1,
          "deliveries": [
            {
              "batter": "L Ronchi",
              "bowler": "KM Jarvis",
              "non_striker": "CS Delport",
              "runs": {
                "batter": 1,
                "extras": 0,
                "total": 1
              }
            },
            {
              "batter": "CS Delport",
              "bowler": "KM Jarvis",
              "non_striker": "L Ronchi",
              "runs": {
                "batter": 0,
                "extras": 0,
                "total": 0
              }
            },
            {
              "batter": "CS Delport",
              "bowler": "KM Jarvis",
              "non_striker": "L Ronchi",
              "runs": {
                "batter": 4,
                "extras": 0,
                "total": 4
              }
            },
            {
              "batter": "CS Delport",
              "bowler": "KM Jarvis",
              "non_striker": "L Ronchi",
              "runs": {
                "batter": 0,
                "extras": 0,
                "total": 0
              }
            },
            {
              "batter": "CS Delport",
              "bowler": "KM Jarvis",
              "non_striker": "L Ronchi",
              "runs": {
                "batter": 1,
                "extras": 0,
                "total": 1
              }
            },
            {
              "batter": "L Ronchi",
              "bowler": "KM Jarvis",
              "non_striker": "CS Delport",
              "runs": {
                "batter": 4,
                "extras": 0,
                "total": 4
              }
            }
          ]
        },
        {
          "over": 2,
          "deliveries": [
            {
              "batter": "CS Delport",
              "bowler": "TE Bailey",
              "non_striker": "L Ronchi",
              "runs": {
                "batter": 4,
                "extras": 0,
                "total": 4
              }
            },
            {
              "batter": "CS Delport",
              "bowler": "TE Bailey",
              "non_striker": "L Ronchi",
              "runs": {
                "batter": 0,
                "extras": 0,
                "total": 0
              }
            },
            {
              "batter": "CS Delport",
              "bowler": "TE Bailey",
              "non_striker": "L Ronchi",
              "runs": {
                "batter": 4,
                "extras": 0,
                "total": 4
              }
            },
            {
              "batter": "CS Delport",
              "bowler": "TE Bailey",
              "non_striker": "L Ronchi",
              "runs": {
                "batter": 0,
                "extras": 0,
                "total": 0
              }
            },
            {
              "batter": "CS Delport",
              "bowler": "TE Bailey",
              "extras": {
                "wides": 1
              },
              "non_striker": "L Ronchi",
              "runs": {
                "batter": 0,
                "extras": 1,
                "total": 1
              }
            },
            {
              "batter": "CS Delport",
              "bowler": "TE Bailey",
              "non_striker": "L Ronchi",
              "runs": {
                "batter": 1,
                "extras": 0,
                "total": 1
              }
            },
            {
              "batter": "L Ronchi",
              "bowler": "TE Bailey",
              "non_striker": "CS Delport",
              "runs": {
                "batter": 4,
                "extras": 0,
                "total": 4
              }
            }
          ]
        },
        {
          "over": 3,
          "deliveries": [
            {
              "batter": "CS Delport",
              "bowler": "DJ Lamb",
              "non_striker": "L Ronchi",
              "runs": {
                "batter": 0,
                "extras": 0,
                "total": 0
              }
            },
            {
              "batter": "CS Delport",
              "bowler": "DJ Lamb",
              "non_striker": "L Ronchi",
              "runs": {
                "batter": 0,
                "extras": 0,
                "total": 0
              }
            },
            {
              "batter": "CS Delport",
              "bowler": "DJ Lamb",
              "non_striker": "L Ronchi",
              "runs": {
                "batter": 4,
                "extras": 0,
                "total": 4
              }
            },
            {
              "batter": "CS Delport",
              "bowler": "DJ Lamb",
              "non_striker": "L Ronchi",
              "runs": {
                "batter": 0,
                "extras": 0,
                "total": 0
              }
            },
            {
              "batter": "CS Delport",
              "bowler": "DJ Lamb",
              "non_striker": "L Ronchi",
              "runs": {
                "batter": 0,
                "extras": 0,
                "total": 0
              },
              "wickets": [
                {
                  "player_out": "CS Delport",
                  "fielders": [
                    {
                      "name": "SJ Croft"
                    }
                  ],
                  "kind": "caught"
                }
              ]
            },
            {
              "batter": "MJ Cosgrove",
              "bowler": "DJ Lamb",
              "non_striker": "L Ronchi",
              "runs": {
                "batter": 0,
                "extras": 0,
                "total": 0
              }
            }
          ]
        },
        {
          "over": 4,
          "deliveries": [
            {
              "batter": "L Ronchi",
              "bowler": "SD Parry",
              "non_striker": "MJ Cosgrove",
              "runs": {
                "batter": 0,
                "extras": 0,
                "total": 0
              },
              "wickets": [
                {
                  "player_out": "L Ronchi",
                  "fielders": [
                    {
                      "name": "SJ Croft"
                    }
                  ],
                  "kind": "caught"
                }
              ]
            },
            {
              "batter": "CN Ackermann",
              "bowler": "SD Parry",
              "non_striker": "MJ Cosgrove",
              "runs": {
                "batter": 1,
                "extras": 0,
                "total": 1
              }
            },
            {
              "batter": "MJ Cosgrove",
              "bowler": "SD Parry",
              "non_striker": "CN Ackermann",
              "runs": {
                "batter": 0,
                "extras": 0,
                "total": 0
              }
            },
            {
              "batter": "MJ Cosgrove",
              "bowler": "SD Parry",
              "non_striker": "CN Ackermann",
              "runs": {
                "batter": 2,
                "extras": 0,
                "total": 2
              }
            },
            {
              "batter": "MJ Cosgrove",
              "bowler": "SD Parry",
              "non_striker": "CN Ackermann",
              "runs": {
                "batter": 1,
                "extras": 0,
                "total": 1
              }
            },
            {
              "batter": "CN Ackermann",
              "bowler": "SD Parry",
              "non_striker": "MJ Cosgrove",
              "runs": {
                "batter": 4,
                "extras": 0,
                "total": 4
              }
            }
          ]
        },
        {
          "over": 5,
          "deliveries": [
            {
              "batter": "MJ Cosgrove",
              "bowler": "DJ Lamb",
              "non_striker": "CN Ackermann",
              "runs": {
                "batter": 1,
                "extras": 0,
                "total": 1
              }
            },
            {
              "batter": "CN Ackermann",
              "bowler": "DJ Lamb",
              "non_striker": "MJ Cosgrove",
              "runs": {
                "batter": 4,
                "extras": 0,
                "total": 4
              }
            },
            {
              "batter": "CN Ackermann",
              "bowler": "DJ Lamb",
              "non_striker": "MJ Cosgrove",
              "runs": {
                "batter": 1,
                "extras": 0,
                "total": 1
              }
            },
            {
              "batter": "MJ Cosgrove",
              "bowler": "DJ Lamb",
              "non_striker": "CN Ackermann",
              "runs": {
                "batter": 1,
                "extras": 0,
                "total": 1
              }
            },
            {
              "batter": "CN Ackermann",
              "bowler": "DJ Lamb",
              "non_striker": "MJ Cosgrove",
              "runs": {
                "batter": 0,
                "extras": 0,
                "total": 0
              }
            },
            {
              "batter": "CN Ackermann",
              "bowler": "DJ Lamb",
              "non_striker": "MJ Cosgrove",
              "runs": {
                "batter": 1,
                "extras": 0,
                "total": 1
              }
            }
          ]
        },
        {
          "over": 6,
          "deliveries": [
            {
              "batter": "CN Ackermann",
              "bowler": "SJ Croft",
              "non_striker": "MJ Cosgrove",
              "runs": {
                "batter": 0,
                "extras": 0,
                "total": 0
              }
            },
            {
              "batter": "CN Ackermann",
              "bowler": "SJ Croft",
              "non_striker": "MJ Cosgrove",
              "runs": {
                "batter": 4,
                "extras": 0,
                "total": 4
              }
            },
            {
              "batter": "CN Ackermann",
              "bowler": "SJ Croft",
              "non_striker": "MJ Cosgrove",
              "runs": {
                "batter": 1,
                "extras": 0,
                "total": 1
              }
            },
            {
              "batter": "MJ Cosgrove",
              "bowler": "SJ Croft",
              "non_striker": "CN Ackermann",
              "runs": {
                "batter": 1,
                "extras": 0,
                "total": 1
              }
            },
            {
              "batter": "CN Ackermann",
              "bowler": "SJ Croft",
              "non_striker": "MJ Cosgrove",
              "runs": {
                "batter": 1,
                "extras": 0,
                "total": 1
              }
            },
            {
              "batter": "MJ Cosgrove",
              "bowler": "SJ Croft",
              "non_striker": "CN Ackermann",
              "runs": {
                "batter": 1,
                "extras": 0,
                "total": 1
              }
            }
          ]
        },
        {
          "over": 7,
          "deliveries": [
            {
              "batter": "MJ Cosgrove",
              "bowler": "AM Lilley",
              "non_striker": "CN Ackermann",
              "runs": {
                "batter": 4,
                "extras": 0,
                "total": 4
              }
            },
            {
              "batter": "MJ Cosgrove",
              "bowler": "AM Lilley",
              "non_striker": "CN Ackermann",
              "runs": {
                "batter": 1,
                "extras": 0,
                "total": 1
              }
            },
            {
              "batter": "CN Ackermann",
              "bowler": "AM Lilley",
              "non_striker": "MJ Cosgrove",
              "runs": {
                "batter": 1,
                "extras": 0,
                "total": 1
              }
            },
            {
              "batter": "MJ Cosgrove",
              "bowler": "AM Lilley",
              "non_striker": "CN Ackermann",
              "runs": {
                "batter": 0,
                "extras": 0,
                "total": 0
              }
            },
            {
              "batter": "MJ Cosgrove",
              "bowler": "AM Lilley",
              "non_striker": "CN Ackermann",
              "runs": {
                "batter": 1,
                "extras": 0,
                "total": 1
              }
            },
            {
              "batter": "CN Ackermann",
              "bowler": "AM Lilley",
              "non_striker": "MJ Cosgrove",
              "runs": {
                "batter": 2,
                "extras": 0,
                "total": 2
              }
            }
          ]
        },
        {
          "over": 8,
          "deliveries": [
            {
              "batter": "MJ Cosgrove",
              "bowler": "SD Parry",
              "non_striker": "CN Ackermann",
              "runs": {
                "batter": 6,
                "extras": 0,
                "total": 6
              }
            },
            {
              "batter": "MJ Cosgrove",
              "bowler": "SD Parry",
              "non_striker": "CN Ackermann",
              "runs": {
                "batter": 4,
                "extras": 0,
                "total": 4
              }
            },
            {
              "batter": "MJ Cosgrove",
              "bowler": "SD Parry",
              "non_striker": "CN Ackermann",
              "runs": {
                "batter": 1,
                "extras": 0,
                "total": 1
              }
            },
            {
              "batter": "CN Ackermann",
              "bowler": "SD Parry",
              "non_striker": "MJ Cosgrove",
              "runs": {
                "batter": 1,
                "extras": 0,
                "total": 1
              }
            },
            {
              "batter": "MJ Cosgrove",
              "bowler": "SD Parry",
              "non_striker": "CN Ackermann",
              "runs": {
                "batter": 1,
                "extras": 0,
                "total": 1
              }
            },
            {
              "batter": "CN Ackermann",
              "bowler": "SD Parry",
              "non_striker": "MJ Cosgrove",
              "runs": {
                "batter": 0,
                "extras": 0,
                "total": 0
              }
            }
          ]
        },
        {
          "over": 9,
          "deliveries": [
            {
              "batter": "MJ Cosgrove",
              "bowler": "J Clark",
              "non_striker": "CN Ackermann",
              "runs": {
                "batter": 4,
                "extras": 0,
                "total": 4
              }
            },
            {
              "batter": "MJ Cosgrove",
              "bowler": "J Clark",
              "non_striker": "CN Ackermann",
              "runs": {
                "batter": 1,
                "extras": 0,
                "total": 1
              }
            },
            {
              "batter": "CN Ackermann",
              "bowler": "J Clark",
              "non_striker": "MJ Cosgrove",
              "runs": {
                "batter": 0,
                "extras": 0,
                "total": 0
              }
            },
            {
              "batter": "CN Ackermann",
              "bowler": "J Clark",
              "non_striker": "MJ Cosgrove",
              "runs": {
                "batter": 4,
                "extras": 0,
                "total": 4
              }
            },
            {
              "batter": "CN Ackermann",
              "bowler": "J Clark",
              "non_striker": "MJ Cosgrove",
              "runs": {
                "batter": 1,
                "extras": 0,
                "total": 1
              }
            },
            {
              "batter": "MJ Cosgrove",
              "bowler": "J Clark",
              "extras": {
                "legbyes": 1
              },
              "non_striker": "CN Ackermann",
              "runs": {
                "batter": 0,
                "extras": 1,
                "total": 1
              }
            }
          ]
        },
        {
          "over": 10,
          "deliveries": [
            {
              "batter": "MJ Cosgrove",
              "bowler": "DJ Lamb",
              "non_striker": "CN Ackermann",
              "runs": {
                "batter": 4,
                "extras": 0,
                "total": 4
              }
            },
            {
              "batter": "MJ Cosgrove",
              "bowler": "DJ Lamb",
              "non_striker": "CN Ackermann",
              "runs": {
                "batter": 0,
                "extras": 0,
                "total": 0
              },
              "wickets": [
                {
                  "player_out": "MJ Cosgrove",
                  "fielders": [
                    {
                      "name": "DJ Vilas"
                    }
                  ],
                  "kind": "caught"
                }
              ]
            },
            {
              "batter": "CN Ackermann",
              "bowler": "DJ Lamb",
              "non_striker": "EJH Eckersley",
              "runs": {
                "batter": 1,
                "extras": 0,
                "total": 1
              }
            },
            {
              "batter": "EJH Eckersley",
              "bowler": "DJ Lamb",
              "non_striker": "CN Ackermann",
              "runs": {
                "batter": 0,
                "extras": 0,
                "total": 0
              }
            },
            {
              "batter": "EJH Eckersley",
              "bowler": "DJ Lamb",
              "non_striker": "CN Ackermann",
              "runs": {
                "batter": 1,
                "extras": 0,
                "total": 1
              }
            },
            {
              "batter": "CN Ackermann",
              "bowler": "DJ Lamb",
              "non_striker": "EJH Eckersley",
              "runs": {
                "batter": 0,
                "extras": 0,
                "total": 0
              }
            }
          ]
        },
        {
          "over": 11,
          "deliveries": [
            {
              "batter": "EJH Eckersley",
              "bowler": "SD Parry",
              "non_striker": "CN Ackermann",
              "runs": {
                "batter": 2,
                "extras": 0,
                "total": 2
              }
            },
            {
              "batter": "EJH Eckersley",
              "bowler": "SD Parry",
              "non_striker": "CN Ackermann",
              "runs": {
                "batter": 2,
                "extras": 0,
                "total": 2
              }
            },
            {
              "batter": "EJH Eckersley",
              "bowler": "SD Parry",
              "non_striker": "CN Ackermann",
              "runs": {
                "batter": 4,
                "extras": 0,
                "total": 4
              }
            },
            {
              "batter": "EJH Eckersley",
              "bowler": "SD Parry",
              "non_striker": "CN Ackermann",
              "runs": {
                "batter": 1,
                "extras": 0,
                "total": 1
              }
            },
            {
              "batter": "CN Ackermann",
              "bowler": "SD Parry",
              "non_striker": "EJH Eckersley",
              "runs": {
                "batter": 1,
                "extras": 0,
                "total": 1
              }
            },
            {
              "batter": "EJH Eckersley",
              "bowler": "SD Parry",
              "non_striker": "CN Ackermann",
              "runs": {
                "batter": 0,
                "extras": 0,
                "total": 0
              },
              "wickets": [
                {
                  "player_out": "EJH Eckersley",
                  "kind": "bowled"
                }
              ]
            }
          ]
        },
        {
          "over": 12,
          "deliveries": [
            {
              "batter": "CN Ackermann",
              "bowler": "TE Bailey",
              "non_striker": "LJ Hill",
              "runs": {
                "batter": 1,
                "extras": 0,
                "total": 1
              }
            },
            {
              "batter": "LJ Hill",
              "bowler": "TE Bailey",
              "non_striker": "CN Ackermann",
              "runs": {
                "batter": 0,
                "extras": 0,
                "total": 0
              }
            },
            {
              "batter": "LJ Hill",
              "bowler": "TE Bailey",
              "non_striker": "CN Ackermann",
              "runs": {
                "batter": 0,
                "extras": 0,
                "total": 0
              }
            },
            {
              "batter": "LJ Hill",
              "bowler": "TE Bailey",
              "non_striker": "CN Ackermann",
              "runs": {
                "batter": 1,
                "extras": 0,
                "total": 1
              }
            },
            {
              "batter": "CN Ackermann",
              "bowler": "TE Bailey",
              "non_striker": "LJ Hill",
              "runs": {
                "batter": 0,
                "extras": 0,
                "total": 0
              }
            },
            {
              "batter": "CN Ackermann",
              "bowler": "TE Bailey",
              "non_striker": "LJ Hill",
              "runs": {
                "batter": 1,
                "extras": 0,
                "total": 1
              }
            }
          ]
        },
        {
          "over": 13,
          "deliveries": [
            {
              "batter": "CN Ackermann",
              "bowler": "SD Parry",
              "non_striker": "LJ Hill",
              "runs": {
                "batter": 1,
                "extras": 0,
                "total": 1
              }
            },
            {
              "batter": "LJ Hill",
              "bowler": "SD Parry",
              "non_striker": "CN Ackermann",
              "runs": {
                "batter": 1,
                "extras": 0,
                "total": 1
              }
            },
            {
              "batter": "CN Ackermann",
              "bowler": "SD Parry",
              "non_striker": "LJ Hill",
              "runs": {
                "batter": 0,
                "extras": 0,
                "total": 0
              }
            },
            {
              "batter": "CN Ackermann",
              "bowler": "SD Parry",
              "non_striker": "LJ Hill",
              "runs": {
                "batter": 6,
                "extras": 0,
                "total": 6
              }
            },
            {
              "batter": "CN Ackermann",
              "bowler": "SD Parry",
              "non_striker": "LJ Hill",
              "runs": {
                "batter": 1,
                "extras": 0,
                "total": 1
              }
            },
            {
              "batter": "LJ Hill",
              "bowler": "SD Parry",
              "non_striker": "CN Ackermann",
              "runs": {
                "batter": 1,
                "extras": 0,
                "total": 1
              }
            }
          ]
        },
        {
          "over": 14,
          "deliveries": [
            {
              "batter": "LJ Hill",
              "bowler": "TE Bailey",
              "non_striker": "CN Ackermann",
              "runs": {
                "batter": 0,
                "extras": 0,
                "total": 0
              },
              "wickets": [
                {
                  "player_out": "LJ Hill",
                  "kind": "lbw"
                }
              ]
            },
            {
              "batter": "TJ Wells",
              "bowler": "TE Bailey",
              "non_striker": "CN Ackermann",
              "runs": {
                "batter": 0,
                "extras": 0,
                "total": 0
              }
            },
            {
              "batter": "TJ Wells",
              "bowler": "TE Bailey",
              "non_striker": "CN Ackermann",
              "runs": {
                "batter": 0,
                "extras": 0,
                "total": 0
              }
            },
            {
              "batter": "TJ Wells",
              "bowler": "TE Bailey",
              "non_striker": "CN Ackermann",
              "runs": {
                "batter": 1,
                "extras": 0,
                "total": 1
              }
            },
            {
              "batter": "CN Ackermann",
              "bowler": "TE Bailey",
              "non_striker": "TJ Wells",
              "runs": {
                "batter": 1,
                "extras": 0,
                "total": 1
              }
            },
            {
              "batter": "TJ Wells",
              "bowler": "TE Bailey",
              "extras": {
                "wides": 1
              },
              "non_striker": "CN Ackermann",
              "runs": {
                "batter": 0,
                "extras": 1,
                "total": 1
              }
            },
            {
              "batter": "TJ Wells",
              "bowler": "TE Bailey",
              "non_striker": "CN Ackermann",
              "runs": {
                "batter": 0,
                "extras": 0,
                "total": 0
              }
            }
          ]
        },
        {
          "over": 15,
          "deliveries": [
            {
              "batter": "CN Ackermann",
              "bowler": "KM Jarvis",
              "non_striker": "TJ Wells",
              "runs": {
                "batter": 1,
                "extras": 0,
                "total": 1
              }
            },
            {
              "batter": "TJ Wells",
              "bowler": "KM Jarvis",
              "non_striker": "CN Ackermann",
              "runs": {
                "batter": 1,
                "extras": 0,
                "total": 1
              }
            },
            {
              "batter": "CN Ackermann",
              "bowler": "KM Jarvis",
              "non_striker": "TJ Wells",
              "runs": {
                "batter": 1,
                "extras": 0,
                "total": 1
              }
            },
            {
              "batter": "TJ Wells",
              "bowler": "KM Jarvis",
              "non_striker": "CN Ackermann",
              "runs": {
                "batter": 1,
                "extras": 0,
                "total": 1
              }
            },
            {
              "batter": "CN Ackermann",
              "bowler": "KM Jarvis",
              "non_striker": "TJ Wells",
              "runs": {
                "batter": 1,
                "extras": 0,
                "total": 1
              }
            },
            {
              "batter": "TJ Wells",
              "bowler": "KM Jarvis",
              "non_striker": "CN Ackermann",
              "runs": {
                "batter": 4,
                "extras": 0,
                "total": 4
              }
            }
          ]
        },
        {
          "over": 16,
          "deliveries": [
            {
              "batter": "CN Ackermann",
              "bowler": "DJ Lamb",
              "non_striker": "TJ Wells",
              "runs": {
                "batter": 1,
                "extras": 0,
                "total": 1
              }
            },
            {
              "batter": "TJ Wells",
              "bowler": "DJ Lamb",
              "extras": {
                "wides": 1
              },
              "non_striker": "CN Ackermann",
              "runs": {
                "batter": 0,
                "extras": 1,
                "total": 1
              }
            },
            {
              "batter": "TJ Wells",
              "bowler": "DJ Lamb",
              "non_striker": "CN Ackermann",
              "runs": {
                "batter": 1,
                "extras": 0,
                "total": 1
              }
            },
            {
              "batter": "CN Ackermann",
              "bowler": "DJ Lamb",
              "non_striker": "TJ Wells",
              "runs": {
                "batter": 1,
                "extras": 0,
                "total": 1
              }
            },
            {
              "batter": "TJ Wells",
              "bowler": "DJ Lamb",
              "non_striker": "CN Ackermann",
              "runs": {
                "batter": 0,
                "extras": 0,
                "total": 0
              },
              "wickets": [
                {
                  "player_out": "TJ Wells",
                  "fielders": [
                    {
                      "name": "AM Lilley"
                    }
                  ],
                  "kind": "caught"
                }
              ]
            },
            {
              "batter": "CN Ackermann",
              "bowler": "DJ Lamb",
              "non_striker": "MW Pillans",
              "runs": {
                "batter": 4,
                "extras": 0,
                "total": 4
              }
            },
            {
              "batter": "CN Ackermann",
              "bowler": "DJ Lamb",
              "non_striker": "MW Pillans",
              "runs": {
                "batter": 4,
                "extras": 0,
                "total": 4
              }
            }
          ]
        },
        {
          "over": 17,
          "deliveries": [
            {
              "batter": "MW Pillans",
              "bowler": "KM Jarvis",
              "non_striker": "CN Ackermann",
              "runs": {
                "batter": 0,
                "extras": 0,
                "total": 0
              }
            },
            {
              "batter": "MW Pillans",
              "bowler": "KM Jarvis",
              "non_striker": "CN Ackermann",
              "runs": {
                "batter": 0,
                "extras": 0,
                "total": 0
              }
            },
            {
              "batter": "MW Pillans",
              "bowler": "KM Jarvis",
              "non_striker": "CN Ackermann",
              "runs": {
                "batter": 0,
                "extras": 0,
                "total": 0
              }
            },
            {
              "batter": "MW Pillans",
              "bowler": "KM Jarvis",
              "non_striker": "CN Ackermann",
              "runs": {
                "batter": 4,
                "extras": 0,
                "total": 4
              }
            },
            {
              "batter": "MW Pillans",
              "bowler": "KM Jarvis",
              "extras": {
                "wides": 1
              },
              "non_striker": "CN Ackermann",
              "runs": {
                "batter": 0,
                "extras": 1,
                "total": 1
              }
            },
            {
              "batter": "MW Pillans",
              "bowler": "KM Jarvis",
              "non_striker": "CN Ackermann",
              "runs": {
                "batter": 0,
                "extras": 0,
                "total": 0
              }
            },
            {
              "batter": "MW Pillans",
              "bowler": "KM Jarvis",
              "non_striker": "CN Ackermann",
              "runs": {
                "batter": 1,
                "extras": 0,
                "total": 1
              }
            }
          ]
        },
        {
          "over": 18,
          "deliveries": [
            {
              "batter": "MW Pillans",
              "bowler": "TE Bailey",
              "non_striker": "CN Ackermann",
              "runs": {
                "batter": 0,
                "extras": 0,
                "total": 0
              }
            },
            {
              "batter": "MW Pillans",
              "bowler": "TE Bailey",
              "non_striker": "CN Ackermann",
              "runs": {
                "batter": 1,
                "extras": 0,
                "total": 1
              }
            },
            {
              "batter": "CN Ackermann",
              "bowler": "TE Bailey",
              "non_striker": "MW Pillans",
              "runs": {
                "batter": 1,
                "extras": 0,
                "total": 1
              }
            },
            {
              "batter": "MW Pillans",
              "bowler": "TE Bailey",
              "extras": {
                "legbyes": 1
              },
              "non_striker": "CN Ackermann",
              "runs": {
                "batter": 0,
                "extras": 1,
                "total": 1
              }
            },
            {
              "batter": "CN Ackermann",
              "bowler": "TE Bailey",
              "non_striker": "MW Pillans",
              "runs": {
                "batter": 1,
                "extras": 0,
                "total": 1
              }
            },
            {
              "batter": "MW Pillans",
              "bowler": "TE Bailey",
              "non_striker": "CN Ackermann",
              "runs": {
                "batter": 6,
                "extras": 0,
                "total": 6
              }
            }
          ]
        },
        {
          "over": 19,
          "deliveries": [
            {
              "batter": "CN Ackermann",
              "bowler": "KM Jarvis",
              "non_striker": "MW Pillans",
              "runs": {
                "batter": 1,
                "extras": 0,
                "total": 1
              }
            },
            {
              "batter": "MW Pillans",
              "bowler": "KM Jarvis",
              "non_striker": "CN Ackermann",
              "runs": {
                "batter": 1,
                "extras": 0,
                "total": 1
              }
            },
            {
              "batter": "CN Ackermann",
              "bowler": "KM Jarvis",
              "non_striker": "MW Pillans",
              "runs": {
                "batter": 1,
                "extras": 0,
                "total": 1
              }
            },
            {
              "batter": "MW Pillans",
              "bowler": "KM Jarvis",
              "non_striker": "CN Ackermann",
              "runs": {
                "batter": 1,
                "extras": 0,
                "total": 1
              }
            },
            {
              "batter": "CN Ackermann",
              "bowler": "KM Jarvis",
              "non_striker": "MW Pillans",
              "runs": {
                "batter": 0,
                "extras": 0,
                "total": 0
              },
              "wickets": [
                {
                  "player_out": "MW Pillans",
                  "kind": "run out"
                }
              ]
            },
            {
              "batter": "CN Ackermann",
              "bowler": "KM Jarvis",
              "non_striker": "CF Parkinson",
              "runs": {
                "batter": 6,
                "extras": 0,
                "total": 6
              }
            }
          ]
        }
      ],
      "powerplays": [
        {
          "from": 0.1,
          "to": 5.6,
          "type": "mandatory"
        }
      ],
      "target": {
        "overs": 20,
        "runs": 174
      }
    }
  ]
}