{
  "meta": {
    "data_version": "1.0.0",
    "created": "2020-07-20",
    "revision": 1
  },
  "info": {
    "balls_per_over": 6,
    "city": "Northampton",
    "dates": [
      "2017-08-01"
    ],
    "event": {
      "name": "NatWest T20 Blast",
      "group": "North"
    },
    "gender": "male",
    "match_type": "T20",
    "officials": {
      "tv_umpires": [
        "NJ Llong"
      ],
      "umpires": [
        "PJ Hartley",
        "NGB Cook"
      ]
    },
    "outcome": {
      "winner": "Warwickshire",
      "by": {
        "runs": 2
      }
    },
    "overs": 20,
    "player_of_match": [
      "AD Thomason"
    ],
    "players": {
      "Warwickshire": [
        "EJ Pollock",
        "IR Bell",
        "SR Hain",
        "AJ Hose",
        "C de Grandhomme",
        "GD Elliott",
        "AD Thomason",
        "KHD Barker",
        "AJ Mellor",
        "JS Patel",
        "WB Rankin"
      ],
      "Northamptonshire": [
        "RE Levi",
        "AM Rossington",
        "BM Duckett",
        "AG Wakely",
        "RI Keogh",
        "SP Crook",
        "SA Zaib",
        "RK Kleinveldt",
        "BW Sanderson",
        "NL Buck",
        "RJ Gleeson"
      ]
    },
    "registry": {
      "people": {
        "AD Thomason": "0c5bb005",
        "AG Wakely": "730d120f",
        "AJ Hose": "104e88a4",
        "AJ Mellor": "170f716c",
        "AM Rossington": "7bcde3fe",
        "BM Duckett": "5f26f677",
        "BW Sanderson": "e871a7a1",
        "C de Grandhomme": "94d7f855",
        "EJ Pollock": "d6663a9a",
        "GD Elliott": "c03449e0",
        "IR Bell": "33155d1b",
        "JS Patel": "f5821615",
        "KHD Barker": "2223b920",
        "NGB Cook": "772fe461",
        "NJ Llong": "573fb985",
        "NL Buck": "5239d782",
        "PJ Hartley": "17c7ff26",
        "RE Levi": "18c78b11",
        "RI Keogh": "e22d3b5c",
        "RJ Gleeson": "402f8494",
        "RK Kleinveldt": "7955eb15",
        "SA Zaib": "ab01e323",
        "SP Crook": "c4450a69",
        "SR Hain": "67b9536c",
        "WB Rankin": "29b89ae8"
      }
    },
    "season": "2017",
    "team_type": "club",
    "teams": [
      "Warwickshire",
      "Northamptonshire"
    ],
    "toss": {
      "decision": "field",
      "winner": "Northamptonshire"
    },
    "venue": "County Ground"
  },
  "innings": [
    {
      "team": "Warwickshire",
      "overs": [
        {
          "over": 0,
          "deliveries": [
            {
              "batter": "EJ Pollock",
              "bowler": "BW Sanderson",
              "non_striker": "IR Bell",
              "runs": {
                "batter": 4,
                "extras": 0,
                "total": 4
              }
            },
            {
              "batter": "EJ Pollock",
              "bowler": "BW Sanderson",
              "non_striker": "IR Bell",
              "runs": {
                "batter": 1,
                "extras": 0,
                "total": 1
              }
            },
            {
              "batter": "IR Bell",
              "bowler": "BW Sanderson",
              "non_striker": "EJ Pollock",
              "runs": {
                "batter": 0,
                "extras": 0,
                "total": 0
              }
            },
            {
              "batter": "IR Bell",
              "bowler": "BW Sanderson",
              "non_striker": "EJ Pollock",
              "runs": {
                "batter": 0,
                "extras": 0,
                "total": 0
              }
            },
            {
              "batter": "IR Bell",
              "bowler": "BW Sanderson",
              "non_striker": "EJ Pollock",
              "runs": {
                "batter": 0,
                "extras": 0,
                "total": 0
              }
            },
            {
              "batter": "IR Bell",
              "bowler": "BW Sanderson",
              "non_striker": "EJ Pollock",
              "runs": {
                "batter": 4,
                "extras": 0,
                "total": 4
              }
            }
          ]
        },
        {
          "over": 1,
          "deliveries": [
            {
              "batter": "EJ Pollock",
              "bowler": "RK Kleinveldt",
              "extras": {
                "wides": 1
              },
              "non_striker": "IR Bell",
              "runs": {
                "batter": 0,
                "extras": 1,
                "total": 1
              }
            },
            {
              "batter": "EJ Pollock",
              "bowler": "RK Kleinveldt",
              "non_striker": "IR Bell",
              "runs": {
                "batter": 0,
                "extras": 0,
                "total": 0
              }
            },
            {
              "batter": "EJ Pollock",
              "bowler": "RK Kleinveldt",
              "non_striker": "IR Bell",
              "runs": {
                "batter": 0,
                "extras": 0,
                "total": 0
              }
            },
            {
              "batter": "EJ Pollock",
              "bowler": "RK Kleinveldt",
              "non_striker": "IR Bell",
              "runs": {
                "batter": 1,
                "extras": 0,
                "total": 1
              }
            },
            {
              "batter": "IR Bell",
              "bowler": "RK Kleinveldt",
              "non_striker": "EJ Pollock",
              "runs": {
                "batter": 0,
                "extras": 0,
                "total": 0
              }
            },
            {
              "batter": "IR Bell",
              "bowler": "RK Kleinveldt",
              "non_striker": "EJ Pollock",
              "runs": {
                "batter": 0,
                "extras": 0,
                "total": 0
              }
            },
            {
              "batter": "IR Bell",
              "bowler": "RK Kleinveldt",
              "non_striker": "EJ Pollock",
              "runs": {
                "batter": 0,
                "extras": 0,
                "total": 0
              }
            }
          ]
        },
        {
          "over": 2,
          "deliveries": [
            {
              "batter": "EJ Pollock",
              "bowler": "RJ Gleeson",
              "non_striker": "IR Bell",
              "runs": {
                "batter": 0,
                "extras": 0,
                "total": 0
              }
            },
            {
              "batter": "EJ Pollock",
              "bowler": "RJ Gleeson",
              "non_striker": "IR Bell",
              "runs": {
                "batter": 0,
                "extras": 0,
                "total": 0
              }
            },
            {
              "batter": "EJ Pollock",
              "bowler": "RJ Gleeson",
              "non_striker": "IR Bell",
              "runs": {
                "batter": 6,
                "extras": 0,
                "total": 6
              }
            },
            {
              "batter": "EJ Pollock",
              "bowler": "RJ Gleeson",
              "extras": {
                "legbyes": 1
              },
              "non_striker": "IR Bell",
              "runs": {
                "batter": 0,
                "extras": 1,
                "total": 1
              }
            },
            {
              "batter": "IR Bell",
              "bowler": "RJ Gleeson",
              "non_striker": "EJ Pollock",
              "runs": {
                "batter": 0,
                "extras": 0,
                "total": 0
              }
            },
            {
              "batter": "IR Bell",
              "bowler": "RJ Gleeson",
              "non_striker": "EJ Pollock",
              "runs": {
                "batter": 0,
                "extras": 0,
                "total": 0
              }
            }
          ]
        },
        {
          "over": 3,
          "deliveries": [
            {
              "batter": "EJ Pollock",
              "bowler": "RK Kleinveldt",
              "non_striker": "IR Bell",
              "runs": {
                "batter": 1,
                "extras": 0,
                "total": 1
              }
            },
            {
              "batter": "IR Bell",
              "bowler": "RK Kleinveldt",
              "non_striker": "EJ Pollock",
              "runs": {
                "batter": 3,
                "extras": 0,
                "total": 3
              }
            },
            {
              "batter": "EJ Pollock",
              "bowler": "RK Kleinveldt",
              "non_striker": "IR Bell",
              "runs": {
                "batter": 0,
                "extras": 0,
                "total": 0
              },
              "wickets": [
                {
                  "player_out": "EJ Pollock",
                  "fielders": [
                    {
                      "name": "AM Rossington"
                    }
                  ],
                  "kind": "caught"
                }
              ]
            },
            {
              "batter": "SR Hain",
              "bowler": "RK Kleinveldt",
              "non_striker": "IR Bell",
              "runs": {
                "batter": 1,
                "extras": 0,
                "total": 1
              }
            },
            {
              "batter": "IR Bell",
              "bowler": "RK Kleinveldt",
              "non_striker": "SR Hain",
              "runs": {
                "batter": 0,
                "extras": 0,
                "total": 0
              }
            },
            {
              "batter": "IR Bell",
              "bowler": "RK Kleinveldt",
              "non_striker": "SR Hain",
              "runs": {
                "batter": 0,
                "extras": 0,
                "total": 0
              }
            }
          ]
        },
        {
          "over": 4,
          "deliveries": [
            {
              "batter": "SR Hain",
              "bowler": "RJ Gleeson",
              "non_striker": "IR Bell",
              "runs": {
                "batter": 0,
                "extras": 0,
                "total": 0
              }
            },
            {
              "batter": "SR Hain",
              "bowler": "RJ Gleeson",
              "non_striker": "IR Bell",
              "runs": {
                "batter": 0,
                "extras": 0,
                "total": 0
              }
            },
            {
              "batter": "SR Hain",
              "bowler": "RJ Gleeson",
              "non_striker": "IR Bell",
              "runs": {
                "batter": 0,
                "extras": 0,
                "total": 0
              }
            },
            {
              "batter": "SR Hain",
              "bowler": "RJ Gleeson",
              "non_striker": "IR Bell",
              "runs": {
                "batter": 2,
                "extras": 0,
                "total": 2
              }
            },
            {
              "batter": "SR Hain",
              "bowler": "RJ Gleeson",
              "non_striker": "IR Bell",
              "runs": {
                "batter": 4,
                "extras": 0,
                "total": 4
              }
            },
            {
              "batter": "SR Hain",
              "bowler": "RJ Gleeson",
              "non_striker": "IR Bell",
              "runs": {
                "batter": 6,
                "extras": 0,
                "total": 6
              }
            }
          ]
        },
        {
          "over": 5,
          "deliveries": [
            {
              "batter": "IR Bell",
              "bowler": "RK Kleinveldt",
              "non_striker": "SR Hain",
              "runs": {
                "batter": 2,
                "extras": 0,
                "total": 2
              }
            },
            {
              "batter": "IR Bell",
              "bowler": "RK Kleinveldt",
              "non_striker": "SR Hain",
              "runs": {
                "batter": 1,
                "extras": 0,
                "total": 1
              }
            },
            {
              "batter": "SR Hain",
              "bowler": "RK Kleinveldt",
              "non_striker": "IR Bell",
              "runs": {
                "batter": 0,
                "extras": 0,
                "total": 0
              }
            },
            {
              "batter": "SR Hain",
              "bowler": "RK Kleinveldt",
              "non_striker": "IR Bell",
              "runs": {
                "batter": 1,
                "extras": 0,
                "total": 1
              }
            },
            {
              "batter": "IR Bell",
              "bowler": "RK Kleinveldt",
              "non_striker": "SR Hain",
              "runs": {
                "batter": 1,
                "extras": 0,
                "total": 1
              }
            },
            {
              "batter": "SR Hain",
              "bowler": "RK Kleinveldt",
              "non_striker": "IR Bell",
              "runs": {
                "batter": 0,
                "extras": 0,
                "total": 0
              }
            }
          ]
        },
        {
          "over": 6,
          "deliveries": [
            {
              "batter": "IR Bell",
              "bowler": "NL Buck",
              "non_striker": "SR Hain",
              "runs": {
                "batter": 1,
                "extras": 0,
                "total": 1
              }
            },
            {
              "batter": "SR Hain",
              "bowler": "NL Buck",
              "non_striker": "IR Bell",
              "runs": {
                "batter": 2,
                "extras": 0,
                "total": 2
              }
            },
            {
              "batter": "SR Hain",
              "bowler": "NL Buck",
              "non_striker": "IR Bell",
              "runs": {
                "batter": 0,
                "extras": 0,
                "total": 0
              }
            },
            {
              "batter": "SR Hain",
              "bowler": "NL Buck",
              "non_striker": "IR Bell",
              "runs": {
                "batter": 1,
                "extras": 0,
                "total": 1
              }
            },
            {
              "batter": "IR Bell",
              "bowler": "NL Buck",
              "non_striker": "SR Hain",
              "runs": {
                "batter": 4,
                "extras": 0,
                "total": 4
              }
            },
            {
              "batter": "IR Bell",
              "bowler": "NL Buck",
              "non_striker": "SR Hain",
              "runs": {
                "batter": 0,
                "extras": 0,
                "total": 0
              }
            }
          ]
        },
        {
          "over": 7,
          "deliveries": [
            {
              "batter": "SR Hain",
              "bowler": "RI Keogh",
              "non_striker": "IR Bell",
              "runs": {
                "batter": 1,
                "extras": 0,
                "total": 1
              }
            },
            {
              "batter": "IR Bell",
              "bowler": "RI Keogh",
              "non_striker": "SR Hain",
              "runs": {
                "batter": 0,
                "extras": 0,
                "total": 0
              },
              "wickets": [
                {
                  "player_out": "IR Bell",
                  "kind": "bowled"
                }
              ]
            },
            {
              "batter": "AJ Hose",
              "bowler": "RI Keogh",
              "extras": {
                "legbyes": 1
              },
              "non_striker": "SR Hain",
              "runs": {
                "batter": 0,
                "extras": 1,
                "total": 1
              }
            },
            {
              "batter": "SR Hain",
              "bowler": "RI Keogh",
              "non_striker": "AJ Hose",
              "runs": {
                "batter": 1,
                "extras": 0,
                "total": 1
              }
            },
            {
              "batter": "AJ Hose",
              "bowler": "RI Keogh",
              "non_striker": "SR Hain",
              "runs": {
                "batter": 1,
                "extras": 0,
                "total": 1
              }
            },
            {
              "batter": "SR Hain",
              "bowler": "RI Keogh",
              "non_striker": "AJ Hose",
              "runs": {
                "batter": 1,
                "extras": 0,
                "total": 1
              }
            }
          ]
        },
        {
          "over": 8,
          "deliveries": [
            {
              "batter": "SR Hain",
              "bowler": "NL Buck",
              "non_striker": "AJ Hose",
              "runs": {
                "batter": 0,
                "extras": 0,
                "total": 0
              }
            },
            {
              "batter": "SR Hain",
              "bowler": "NL Buck",
              "non_striker": "AJ Hose",
              "runs": {
                "batter": 1,
                "extras": 0,
                "total": 1
              }
            },
            {
              "batter": "AJ Hose",
              "bowler": "NL Buck",
              "extras": {
                "legbyes": 2
              },
              "non_striker": "SR Hain",
              "runs": {
                "batter": 0,
                "extras": 2,
                "total": 2
              }
            },
            {
              "batter": "AJ Hose",
              "bowler": "NL Buck",
              "non_striker": "SR Hain",
              "runs": {
                "batter": 4,
                "extras": 0,
                "total": 4
              }
            },
            {
              "batter": "AJ Hose",
              "bowler": "NL Buck",
              "non_striker": "SR Hain",
              "runs": {
                "batter": 4,
                "extras": 0,
                "total": 4
              }
            },
            {
              "batter": "AJ Hose",
              "bowler": "NL Buck",
              "non_striker": "SR Hain",
              "runs": {
                "batter": 1,
                "extras": 0,
                "total": 1
              }
            }
          ]
        },
        {
          "over": 9,
          "deliveries": [
            {
              "batter": "AJ Hose",
              "bowler": "RI Keogh",
              "non_striker": "SR Hain",
              "runs": {
                "batter": 1,
                "extras": 0,
                "total": 1
              }
            },
            {
              "batter": "SR Hain",
              "bowler": "RI Keogh",
              "non_striker": "AJ Hose",
              "runs": {
                "batter": 4,
                "extras": 0,
                "total": 4
              }
            },
            {
              "batter": "SR Hain",
              "bowler": "RI Keogh",
              "non_striker": "AJ Hose",
              "runs": {
                "batter": 1,
                "extras": 0,
                "total": 1
              }
            },
            {
              "batter": "AJ Hose",
              "bowler": "RI Keogh",
              "non_striker": "SR Hain",
              "runs": {
                "batter": 6,
                "extras": 0,
                "total": 6
              }
            },
            {
              "batter": "AJ Hose",
              "bowler": "RI Keogh",
              "non_striker": "SR Hain",
              "runs": {
                "batter": 2,
                "extras": 0,
                "total": 2
              }
            },
            {
              "batter": "AJ Hose",
              "bowler": "RI Keogh",
              "non_striker": "SR Hain",
              "runs": {
                "batter": 0,
                "extras": 0,
                "total": 0
              },
              "wickets": [
                {
                  "player_out": "AJ Hose",
                  "fielders": [
                    {
                      "name": "AG Wakely"
                    }
                  ],
                  "kind": "caught"
                }
              ]
            }
          ]
        },
        {
          "over": 10,
          "deliveries": [
            {
              "batter": "SR Hain",
              "bowler": "SA Zaib",
              "non_striker": "C de Grandhomme",
              "runs": {
                "batter": 1,
                "extras": 0,
                "total": 1
              }
            },
            {
              "batter": "C de Grandhomme",
              "bowler": "SA Zaib",
              "non_striker": "SR Hain",
              "runs": {
                "batter": 1,
                "extras": 0,
                "total": 1
              }
            },
            {
              "batter": "SR Hain",
              "bowler": "SA Zaib",
              "non_striker": "C de Grandhomme",
              "runs": {
                "batter": 0,
                "extras": 0,
                "total": 0
              }
            },
            {
              "batter": "SR Hain",
              "bowler": "SA Zaib",
              "non_striker": "C de Grandhomme",
              "runs": {
                "batter": 1,
                "extras": 0,
                "total": 1
              }
            },
            {
              "batter": "C de Grandhomme",
              "bowler": "SA Zaib",
              "non_striker": "SR Hain",
              "runs": {
                "batter": 0,
                "extras": 0,
                "total": 0
              }
            },
            {
              "batter": "C de Grandhomme",
              "bowler": "SA Zaib",
              "non_striker": "SR Hain",
              "runs": {
                "batter": 0,
                "extras": 0,
                "total": 0
              },
              "wickets": [
                {
                  "player_out": "SR Hain",
                  "kind": "run out"
                }
              ]
            }
          ]
        },
        {
          "over": 11,
          "deliveries": [
            {
              "batter": "GD Elliott",
              "bowler": "RI Keogh",
              "non_striker": "C de Grandhomme",
              "runs": {
                "batter": 0,
                "extras": 0,
                "total": 0
              }
            },
            {
              "batter": "GD Elliott",
              "bowler": "RI Keogh",
              "non_striker": "C de Grandhomme",
              "runs": {
                "batter": 1,
                "extras": 0,
                "total": 1
              }
            },
            {
              "batter": "C de Grandhomme",
              "bowler": "RI Keogh",
              "non_striker": "GD Elliott",
              "runs": {
                "batter": 1,
                "extras": 0,
                "total": 1
              }
            },
            {
              "batter": "GD Elliott",
              "bowler": "RI Keogh",
              "non_striker": "C de Grandhomme",
              "runs": {
                "batter": 0,
                "extras": 0,
                "total": 0
              }
            },
            {
              "batter": "GD Elliott",
              "bowler": "RI Keogh",
              "non_striker": "C de Grandhomme",
              "runs": {
                "batter": 1,
                "extras": 0,
                "total": 1
              }
            },
            {
              "batter": "C de Grandhomme",
              "bowler": "RI Keogh",
              "non_striker": "GD Elliott",
              "runs": {
                "batter": 6,
                "extras": 0,
                "total": 6
              }
            }
          ]
        },
        {
          "over": 12,
          "deliveries": [
            {
              "batter": "GD Elliott",
              "bowler": "SA Zaib",
              "non_striker": "C de Grandhomme",
              "runs": {
                "batter": 1,
                "extras": 0,
                "total": 1
              }
            },
            {
              "batter": "C de Grandhomme",
              "bowler": "SA Zaib",
              "non_striker": "GD Elliott",
              "runs": {
                "batter": 1,
                "extras": 0,
                "total": 1
              }
            },
            {
              "batter": "GD Elliott",
              "bowler": "SA Zaib",
              "non_striker": "C de Grandhomme",
              "runs": {
                "batter": 0,
                "extras": 0,
                "total": 0
              }
            },
            {
              "batter": "GD Elliott",
              "bowler": "SA Zaib",
              "non_striker": "C de Grandhomme",
              "runs": {
                "batter": 2,
                "extras": 0,
                "total": 2
              }
            },
            {
              "batter": "GD Elliott",
              "bowler": "SA Zaib",
              "non_striker": "C de Grandhomme",
              "runs": {
                "batter": 1,
                "extras": 0,
                "total": 1
              }
            },
            {
              "batter": "C de Grandhomme",
              "bowler": "SA Zaib",
              "non_striker": "GD Elliott",
              "runs": {
                "batter": 1,
                "extras": 0,
                "total": 1
              }
            }
          ]
        },
        {
          "over": 13,
          "deliveries": [
            {
              "batter": "C de Grandhomme",
              "bowler": "BW Sanderson",
              "non_striker": "GD Elliott",
              "runs": {
                "batter": 4,
                "extras": 0,
                "total": 4
              }
            },
            {
              "batter": "C de Grandhomme",
              "bowler": "BW Sanderson",
              "non_striker": "GD Elliott",
              "runs": {
                "batter": 4,
                "extras": 0,
                "total": 4
              }
            },
            {
              "batter": "C de Grandhomme",
              "bowler": "BW Sanderson",
              "non_striker": "GD Elliott",
              "runs": {
                "batter": 4,
                "extras": 0,
                "total": 4
              }
            },
            {
              "batter": "C de Grandhomme",
              "bowler": "BW Sanderson",
              "non_striker": "GD Elliott",
              "runs": {
                "batter": 1,
                "extras": 0,
                "total": 1
              }
            },
            {
              "batter": "GD Elliott",
              "bowler": "BW Sanderson",
              "extras": {
                "wides": 1
              },
              "non_striker": "C de Grandhomme",
              "runs": {
                "batter": 0,
                "extras": 1,
                "total": 1
              }
            },
            {
              "batter": "GD Elliott",
              "bowler": "BW Sanderson",
              "non_striker": "C de Grandhomme",
              "runs": {
                "batter": 1,
                "extras": 0,
                "total": 1
              }
            },
            {
              "batter": "C de Grandhomme",
              "bowler": "BW Sanderson",
              "non_striker": "GD Elliott",
              "runs": {
                "batter": 6,
                "extras": 0,
                "total": 6
              }
            }
          ]
        },
        {
          "over": 14,
          "deliveries": [
            {
              "batter": "GD Elliott",
              "bowler": "SA Zaib",
              "non_striker": "C de Grandhomme",
              "runs": {
                "batter": 1,
                "extras": 0,
                "total": 1
              }
            },
            {
              "batter": "C de Grandhomme",
              "bowler": "SA Zaib",
              "non_striker": "GD Elliott",
              "runs": {
                "batter": 1,
                "extras": 0,
                "total": 1
              }
            },
            {
              "batter": "GD Elliott",
              "bowler": "SA Zaib",
              "non_striker": "C de Grandhomme",
              "runs": {
                "batter": 4,
                "extras": 0,
                "total": 4
              }
            },
            {
              "batter": "GD Elliott",
              "bowler": "SA Zaib",
              "non_striker": "C de Grandhomme",
              "runs": {
                "batter": 0,
                "extras": 0,
                "total": 0
              }
            },
            {
              "batter": "GD Elliott",
              "bowler": "SA Zaib",
              "non_striker": "C de Grandhomme",
              "runs": {
                "batter": 2,
                "extras": 0,
                "total": 2
              }
            },
            {
              "batter": "GD Elliott",
              "bowler": "SA Zaib",
              "non_striker": "C de Grandhomme",
              "runs": {
                "batter": 2,
                "extras": 0,
                "total": 2
              }
            }
          ]
        },
        {
          "over": 15,
          "deliveries": [
            {
              "batter": "C de Grandhomme",
              "bowler": "NL Buck",
              "non_striker": "GD Elliott",
              "runs": {
                "batter": 1,
                "extras": 0,
                "total": 1
              }
            },
            {
              "batter": "GD Elliott",
              "bowler": "NL Buck",
              "non_striker": "C de Grandhomme",
              "runs": {
                "batter": 0,
                "extras": 0,
                "total": 0
              }
            },
            {
              "batter": "GD Elliott",
              "bowler": "NL Buck",
              "non_striker": "C de Grandhomme",
              "runs": {
                "batter": 1,
                "extras": 0,
                "total": 1
              }
            },
            {
              "batter": "C de Grandhomme",
              "bowler": "NL Buck",
              "non_striker": "GD Elliott",
              "runs": {
                "batter": 6,
                "extras": 0,
                "total": 6
              }
            },
            {
              "batter": "C de Grandhomme",
              "bowler": "NL Buck",
              "non_striker": "GD Elliott",
              "runs": {
                "batter": 0,
                "extras": 0,
                "total": 0
              },
              "wickets": [
                {
                  "player_out": "C de Grandhomme",
                  "fielders": [
                    {
                      "name": "RJ Gleeson"
                    }
                  ],
                  "kind": "caught"
                }
              ]
            },
            {
              "batter": "AD Thomason",
              "bowler": "NL Buck",
              "non_striker": "GD Elliott",
              "runs": {
                "batter": 1,
                "extras": 0,
                "total": 1
              }
            }
          ]
        },
        {
          "over": 16,
          "deliveries": [
            {
              "batter": "AD Thomason",
              "bowler": "RJ Gleeson",
              "non_striker": "GD Elliott",
              "runs": {
                "batter": 4,
                "extras": 0,
                "total": 4
              }
            },
            {
              "batter": "AD Thomason",
              "bowler": "RJ Gleeson",
              "non_striker": "GD Elliott",
              "runs": {
                "batter": 0,
                "extras": 0,
                "total": 0
              },
              "wickets": [
                {
                  "player_out": "AD Thomason",
                  "kind": "run out"
                }
              ]
            },
            {
              "batter": "KHD Barker",
              "bowler": "RJ Gleeson",
              "non_striker": "GD Elliott",
              "runs": {
                "batter": 0,
                "extras": 0,
                "total": 0
              }
            },
            {
              "batter": "KHD Barker",
              "bowler": "RJ Gleeson",
              "non_striker": "GD Elliott",
              "runs": {
                "batter": 2,
                "extras": 0,
                "total": 2
              }
            },
            {
              "batter": "KHD Barker",
              "bowler": "RJ Gleeson",
              "extras": {
                "wides": 1
              },
              "non_striker": "GD Elliott",
              "runs": {
                "batter": 0,
                "extras": 1,
                "total": 1
              }
            },
            {
              "batter": "KHD Barker",
              "bowler": "RJ Gleeson",
              "non_striker": "GD Elliott",
              "runs": {
                "batter": 0,
                "extras": 0,
                "total": 0
              }
            },
            {
              "batter": "KHD Barker",
              "bowler": "RJ Gleeson",
              "non_striker": "GD Elliott",
              "runs": {
                "batter": 0,
                "extras": 0,
                "total": 0
              }
            }
          ]
        },
        {
          "over": 17,
          "deliveries": [
            {
              "batter": "GD Elliott",
              "bowler": "NL Buck",
              "non_striker": "KHD Barker",
              "runs": {
                "batter": 6,
                "extras": 0,
                "total": 6
              }
            },
            {
              "batter": "GD Elliott",
              "bowler": "NL Buck",
              "non_striker": "KHD Barker",
              "runs": {
                "batter": 0,
                "extras": 0,
                "total": 0
              },
              "wickets": [
                {
                  "player_out": "GD Elliott",
                  "kind": "bowled"
                }
              ]
            },
            {
              "batter": "AJ Mellor",
              "bowler": "NL Buck",
              "non_striker": "KHD Barker",
              "runs": {
                "batter": 1,
                "extras": 0,
                "total": 1
              }
            },
            {
              "batter": "KHD Barker",
              "bowler": "NL Buck",
              "non_striker": "AJ Mellor",
              "runs": {
                "batter": 6,
                "extras": 0,
                "total": 6
              }
            },
            {
              "batter": "KHD Barker",
              "bowler": "NL Buck",
              "extras": {
                "legbyes": 4
              },
              "non_striker": "AJ Mellor",
              "runs": {
                "batter": 0,
                "extras": 4,
                "total": 4
              }
            },
            {
              "batter": "KHD Barker",
              "bowler": "NL Buck",
              "non_striker": "AJ Mellor",
              "runs": {
                "batter": 1,
                "extras": 0,
                "total": 1
              }
            }
          ]
        },
        {
          "over": 18,
          "deliveries": [
            {
              "batter": "KHD Barker",
              "bowler": "RJ Gleeson",
              "non_striker": "AJ Mellor",
              "runs": {
                "batter": 0,
                "extras": 0,
                "total": 0
              },
              "wickets": [
                {
                  "player_out": "KHD Barker",
                  "kind": "bowled"
                }
              ]
            },
            {
              "batter": "JS Patel",
              "bowler": "RJ Gleeson",
              "non_striker": "AJ Mellor",
              "runs": {
                "batter": 1,
                "extras": 0,
                "total": 1
              }
            },
            {
              "batter": "AJ Mellor",
              "bowler": "RJ Gleeson",
              "non_striker": "JS Patel",
              "runs": {
                "batter": 0,
                "extras": 0,
                "total": 0
              },
              "wickets": [
                {
                  "player_out": "AJ Mellor",
                  "kind": "bowled"
                }
              ]
            },
            {
              "batter": "WB Rankin",
              "bowler": "RJ Gleeson",
              "non_striker": "JS Patel",
              "runs": {
                "batter": 0,
                "extras": 0,
                "total": 0
              }
            },
            {
              "batter": "WB Rankin",
              "bowler": "RJ Gleeson",
              "non_striker": "JS Patel",
              "runs": {
                "batter": 0,
                "extras": 0,
                "total": 0
              }
            },
            {
              "batter": "WB Rankin",
              "bowler": "RJ Gleeson",
              "non_striker": "JS Patel",
              "runs": {
                "batter": 1,
                "extras": 0,
                "total": 1
              }
            }
          ]
        },
        {
          "over": 19,
          "deliveries": [
            {
              "batter": "WB Rankin",
              "bowler": "RK Kleinveldt",
              "non_striker": "JS Patel",
              "runs": {
                "batter": 0,
                "extras": 0,
                "total": 0
              }
            },
            {
              "batter": "WB Rankin",
              "bowler": "RK Kleinveldt",
              "non_striker": "JS Patel",
              "runs": {
                "batter": 1,
                "extras": 0,
                "total": 1
              }
            },
            {
              "batter": "JS Patel",
              "bowler": "RK Kleinveldt",
              "non_striker": "WB Rankin",
              "runs": {
                "batter": 6,
                "extras": 0,
                "total": 6
              }
            },
            {
              "batter": "JS Patel",
              "bowler": "RK Kleinveldt",
              "non_striker": "WB Rankin",
              "runs": {
                "batter": 0,
                "extras": 0,
                "total": 0
              }
            },
            {
              "batter": "JS Patel",
              "bowler": "RK Kleinveldt",
              "non_striker": "WB Rankin",
              "runs": {
                "batter": 0,
                "extras": 0,
                "total": 0
              }
            },
            {
              "batter": "JS Patel",
              "bowler": "RK Kleinveldt",
              "non_striker": "WB Rankin",
              "runs": {
                "batter": 1,
                "extras": 0,
                "total": 1
              }
            }
          ]
        }
      ],
      "powerplays": [
        {
          "from": 0.1,
          "to": 5.6,
          "type": "mandatory"
        }
      ]
    },
    {
      "team": "Northamptonshire",
      "overs": [
        {
          "over": 0,
          "deliveries": [
            {
              "batter": "RE Levi",
              "bowler": "KHD Barker",
              "non_striker": "AM Rossington",
              "runs": {
                "batter": 1,
                "extras": 0,
                "total": 1
              }
            },
            {
              "batter": "AM Rossington",
              "bowler": "KHD Barker",
              "non_striker": "RE Levi",
              "runs": {
                "batter": 0,
                "extras": 0,
                "total": 0
              }
            },
            {
              "batter": "AM Rossington",
              "bowler": "KHD Barker",
              "non_striker": "RE Levi",
              "runs": {
                "batter": 0,
                "extras": 0,
                "total": 0
              }
            },
            {
              "batter": "AM Rossington",
              "bowler": "KHD Barker",
              "non_striker": "RE Levi",
              "runs": {
                "batter": 0,
                "extras": 0,
                "total": 0
              }
            },
            {
              "batter": "AM Rossington",
              "bowler": "KHD Barker",
              "non_striker": "RE Levi",
              "runs": {
                "batter": 1,
                "extras": 0,
                "total": 1
              }
            },
            {
              "batter": "RE Levi",
              "bowler": "KHD Barker",
              "non_striker": "AM Rossington",
              "runs": {
                "batter": 0,
                "extras": 0,
                "total": 0
              }
            }
          ]
        },
        {
          "over": 1,
          "deliveries": [
            {
              "batter": "AM Rossington",
              "bowler": "WB Rankin",
              "non_striker": "RE Levi",
              "runs": {
                "batter": 4,
                "extras": 0,
                "total": 4
              }
            },
            {
              "batter": "AM Rossington",
              "bowler": "WB Rankin",
              "non_striker": "RE Levi",
              "runs": {
                "batter": 4,
                "extras": 0,
                "total": 4
              }
            },
            {
              "batter": "AM Rossington",
              "bowler": "WB Rankin",
              "non_striker": "RE Levi",
              "runs": {
                "batter": 4,
                "extras": 0,
                "total": 4
              }
            },
            {
              "batter": "AM Rossington",
              "bowler": "WB Rankin",
              "non_striker": "RE Levi",
              "runs": {
                "batter": 1,
                "extras": 0,
                "total": 1
              }
            },
            {
              "batter": "RE Levi",
              "bowler": "WB Rankin",
              "non_striker": "AM Rossington",
              "runs": {
                "batter": 4,
                "extras": 0,
                "total": 4
              }
            },
            {
              "batter": "RE Levi",
              "bowler": "WB Rankin",
              "non_striker": "AM Rossington",
              "runs": {
                "batter": 4,
                "extras": 0,
                "total": 4
              }
            }
          ]
        },
        {
          "over": 2,
          "deliveries": [
            {
              "batter": "AM Rossington",
              "bowler": "KHD Barker",
              "non_striker": "RE Levi",
              "runs": {
                "batter": 0,
                "extras": 0,
                "total": 0
              }
            },
            {
              "batter": "AM Rossington",
              "bowler": "KHD Barker",
              "non_striker": "RE Levi",
              "runs": {
                "batter": 1,
                "extras": 0,
                "total": 1
              }
            },
            {
              "batter": "RE Levi",
              "bowler": "KHD Barker",
              "non_striker": "AM Rossington",
              "runs": {
                "batter": 4,
                "extras": 0,
                "total": 4
              }
            },
            {
              "batter": "RE Levi",
              "bowler": "KHD Barker",
              "non_striker": "AM Rossington",
              "runs": {
                "batter": 0,
                "extras": 0,
                "total": 0
              }
            },
            {
              "batter": "RE Levi",
              "bowler": "KHD Barker",
              "non_striker": "AM Rossington",
              "runs": {
                "batter": 4,
                "extras": 0,
                "total": 4
              }
            },
            {
              "batter": "RE Levi",
              "bowler": "KHD Barker",
              "non_striker": "AM Rossington",
              "runs": {
                "batter": 0,
                "extras": 0,
                "total": 0
              }
            }
          ]
        },
        {
          "over": 3,
          "deliveries": [
            {
              "batter": "AM Rossington",
              "bowler": "C de Grandhomme",
              "non_striker": "RE Levi",
              "runs": {
                "batter": 4,
                "extras": 0,
                "total": 4
              }
            },
            {
              "batter": "AM Rossington",
              "bowler": "C de Grandhomme",
              "non_striker": "RE Levi",
              "runs": {
                "batter": 4,
                "extras": 0,
                "total": 4
              }
            },
            {
              "batter": "AM Rossington",
              "bowler": "C de Grandhomme",
              "non_striker": "RE Levi",
              "runs": {
                "batter": 1,
                "extras": 0,
                "total": 1
              }
            },
            {
              "batter": "RE Levi",
              "bowler": "C de Grandhomme",
              "non_striker": "AM Rossington",
              "runs": {
                "batter": 0,
                "extras": 0,
                "total": 0
              }
            },
            {
              "batter": "RE Levi",
              "bowler": "C de Grandhomme",
              "non_striker": "AM Rossington",
              "runs": {
                "batter": 6,
                "extras": 0,
                "total": 6
              }
            },
            {
              "batter": "RE Levi",
              "bowler": "C de Grandhomme",
              "non_striker": "AM Rossington",
              "runs": {
                "batter": 4,
                "extras": 0,
                "total": 4
              }
            }
          ]
        },
        {
          "over": 4,
          "deliveries": [
            {
              "batter": "AM Rossington",
              "bowler": "AD Thomason",
              "non_striker": "RE Levi",
              "runs": {
                "batter": 1,
                "extras": 0,
                "total": 1
              }
            },
            {
              "batter": "RE Levi",
              "bowler": "AD Thomason",
              "non_striker": "AM Rossington",
              "runs": {
                "batter": 6,
                "extras": 0,
                "total": 6
              }
            },
            {
              "batter": "RE Levi",
              "bowler": "AD Thomason",
              "non_striker": "AM Rossington",
              "runs": {
                "batter": 0,
                "extras": 0,
                "total": 0
              },
              "wickets": [
                {
                  "player_out": "RE Levi",
                  "kind": "bowled"
                }
              ]
            },
            {
              "batter": "BM Duckett",
              "bowler": "AD Thomason",
              "non_striker": "AM Rossington",
              "runs": {
                "batter": 2,
                "extras": 0,
                "total": 2
              }
            },
            {
              "batter": "BM Duckett",
              "bowler": "AD Thomason",
              "non_striker": "AM Rossington",
              "runs": {
                "batter": 0,
                "extras": 0,
                "total": 0
              }
            },
            {
              "batter": "BM Duckett",
              "bowler": "AD Thomason",
              "non_striker": "AM Rossington",
              "runs": {
                "batter": 0,
                "extras": 0,
                "total": 0
              }
            }
          ]
        },
        {
          "over": 5,
          "deliveries": [
            {
              "batter": "AM Rossington",
              "bowler": "WB Rankin",
              "non_striker": "BM Duckett",
              "runs": {
                "batter": 0,
                "extras": 0,
                "total": 0
              }
            },
            {
              "batter": "AM Rossington",
              "bowler": "WB Rankin",
              "non_striker": "BM Duckett",
              "runs": {
                "batter": 0,
                "extras": 0,
                "total": 0
              }
            },
            {
              "batter": "AM Rossington",
              "bowler": "WB Rankin",
              "non_striker": "BM Duckett",
              "runs": {
                "batter": 4,
                "extras": 0,
                "total": 4
              }
            },
            {
              "batter": "AM Rossington",
              "bowler": "WB Rankin",
              "non_striker": "BM Duckett",
              "runs": {
                "batter": 1,
                "extras": 0,
                "total": 1
              }
            },
            {
              "batter": "BM Duckett",
              "bowler": "WB Rankin",
              "non_striker": "AM Rossington",
              "runs": {
                "batter": 0,
                "extras": 0,
                "total": 0
              }
            },
            {
              "batter": "BM Duckett",
              "bowler": "WB Rankin",
              "non_striker": "AM Rossington",
              "runs": {
                "batter": 0,
                "extras": 0,
                "total": 0
              }
            }
          ]
        },
        {
          "over": 6,
          "deliveries": [
            {
              "batter": "AM Rossington",
              "bowler": "JS Patel",
              "non_striker": "BM Duckett",
              "runs": {
                "batter": 4,
                "extras": 0,
                "total": 4
              }
            },
            {
              "batter": "AM Rossington",
              "bowler": "JS Patel",
              "non_striker": "BM Duckett",
              "runs": {
                "batter": 1,
                "extras": 0,
                "total": 1
              }
            },
            {
              "batter": "BM Duckett",
              "bowler": "JS Patel",
              "non_striker": "AM Rossington",
              "runs": {
                "batter": 1,
                "extras": 0,
                "total": 1
              }
            },
            {
              "batter": "AM Rossington",
              "bowler": "JS Patel",
              "non_striker": "BM Duckett",
              "runs": {
                "batter": 1,
                "extras": 0,
                "total": 1
              }
            },
            {
              "batter": "BM Duckett",
              "bowler": "JS Patel",
              "non_striker": "AM Rossington",
              "runs": {
                "batter": 1,
                "extras": 0,
                "total": 1
              }
            },
            {
              "batter": "AM Rossington",
              "bowler": "JS Patel",
              "non_striker": "BM Duckett",
              "runs": {
                "batter": 0,
                "extras": 0,
                "total": 0
              }
            }
          ]
        },
        {
          "over": 7,
          "deliveries": [
            {
              "batter": "BM Duckett",
              "bowler": "AD Thomason",
              "non_striker": "AM Rossington",
              "runs": {
                "batter": 2,
                "extras": 0,
                "total": 2
              }
            },
            {
              "batter": "BM Duckett",
              "bowler": "AD Thomason",
              "non_striker": "AM Rossington",
              "runs": {
                "batter": 1,
                "extras": 0,
                "total": 1
              }
            },
            {
              "batter": "AM Rossington",
              "bowler": "AD Thomason",
              "non_striker": "BM Duckett",
              "runs": {
                "batter": 1,
                "extras": 0,
                "total": 1
              }
            },
            {
              "batter": "BM Duckett",
              "bowler": "AD Thomason",
              "non_striker": "AM Rossington",
              "runs": {
                "batter": 1,
                "extras": 0,
                "total": 1
              }
            },
            {
              "batter": "AM Rossington",
              "bowler": "AD Thomason",
              "non_striker": "BM Duckett",
              "runs": {
                "batter": 4,
                "extras": 0,
                "total": 4
              }
            },
            {
              "batter": "AM Rossington",
              "bowler": "AD Thomason",
              "non_striker": "BM Duckett",
              "runs": {
                "batter": 1,
                "extras": 0,
                "total": 1
              }
            }
          ]
        },
        {
          "over": 8,
          "deliveries": [
            {
              "batter": "AM Rossington",
              "bowler": "JS Patel",
              "non_striker": "BM Duckett",
              "runs": {
                "batter": 0,
                "extras": 0,
                "total": 0
              }
            },
            {
              "batter": "AM Rossington",
              "bowler": "JS Patel",
              "non_striker": "BM Duckett",
              "runs": {
                "batter": 1,
                "extras": 0,
                "total": 1
              }
            },
            {
              "batter": "BM Duckett",
              "bowler": "JS Patel",
              "non_striker": "AM Rossington",
              "runs": {
                "batter": 1,
                "extras": 0,
                "total": 1
              }
            },
            {
              "batter": "AM Rossington",
              "bowler": "JS Patel",
              "non_striker": "BM Duckett",
              "runs": {
                "batter": 0,
                "extras": 0,
                "total": 0
              }
            },
            {
              "batter": "AM Rossington",
              "bowler": "JS Patel",
              "non_striker": "BM Duckett",
              "runs": {
                "batter": 0,
                "extras": 0,
                "total": 0
              },
              "wickets": [
                {
                  "player_out": "AM Rossington",
                  "fielders": [
                    {
                      "name": "AD Thomason"
                    }
                  ],
                  "kind": "caught"
                }
              ]
            },
            {
              "batter": "BM Duckett",
              "bowler": "JS Patel",
              "non_striker": "AG Wakely",
              "runs": {
                "batter": 0,
                "extras": 0,
                "total": 0
              },
              "wickets": [
                {
                  "player_out": "BM Duckett",
                  "kind": "bowled"
                }
              ]
            }
          ]
        },
        {
          "over": 9,
          "deliveries": [
            {
              "batter": "AG Wakely",
              "bowler": "GD Elliott",
              "non_striker": "RI Keogh",
              "runs": {
                "batter": 1,
                "extras": 0,
                "total": 1
              }
            },
            {
              "batter": "RI Keogh",
              "bowler": "GD Elliott",
              "non_striker": "AG Wakely",
              "runs": {
                "batter": 0,
                "extras": 0,
                "total": 0
              }
            },
            {
              "batter": "RI Keogh",
              "bowler": "GD Elliott",
              "non_striker": "AG Wakely",
              "runs": {
                "batter": 1,
                "extras": 0,
                "total": 1
              }
            },
            {
              "batter": "AG Wakely",
              "bowler": "GD Elliott",
              "non_striker": "RI Keogh",
              "runs": {
                "batter": 1,
                "extras": 0,
                "total": 1
              }
            },
            {
              "batter": "RI Keogh",
              "bowler": "GD Elliott",
              "non_striker": "AG Wakely",
              "runs": {
                "batter": 4,
                "extras": 0,
                "total": 4
              }
            },
            {
              "batter": "RI Keogh",
              "bowler": "GD Elliott",
              "non_striker": "AG Wakely",
              "runs": {
                "batter": 2,
                "extras": 0,
                "total": 2
              }
            }
          ]
        },
        {
          "over": 10,
          "deliveries": [
            {
              "batter": "AG Wakely",
              "bowler": "C de Grandhomme",
              "non_striker": "RI Keogh",
              "runs": {
                "batter": 0,
                "extras": 0,
                "total": 0
              }
            },
            {
              "batter": "AG Wakely",
              "bowler": "C de Grandhomme",
              "non_striker": "RI Keogh",
              "runs": {
                "batter": 1,
                "extras": 0,
                "total": 1
              }
            },
            {
              "batter": "RI Keogh",
              "bowler": "C de Grandhomme",
              "non_striker": "AG Wakely",
              "runs": {
                "batter": 0,
                "extras": 0,
                "total": 0
              }
            },
            {
              "batter": "RI Keogh",
              "bowler": "C de Grandhomme",
              "non_striker": "AG Wakely",
              "runs": {
                "batter": 1,
                "extras": 0,
                "total": 1
              }
            },
            {
              "batter": "AG Wakely",
              "bowler": "C de Grandhomme",
              "non_striker": "RI Keogh",
              "runs": {
                "batter": 1,
                "extras": 0,
                "total": 1
              }
            },
            {
              "batter": "RI Keogh",
              "bowler": "C de Grandhomme",
              "non_striker": "AG Wakely",
              "runs": {
                "batter": 1,
                "extras": 0,
                "total": 1
              }
            }
          ]
        },
        {
          "over": 11,
          "deliveries": [
            {
              "batter": "RI Keogh",
              "bowler": "GD Elliott",
              "non_striker": "AG Wakely",
              "runs": {
                "batter": 1,
                "extras": 0,
                "total": 1
              }
            },
            {
              "batter": "AG Wakely",
              "bowler": "GD Elliott",
              "non_striker": "RI Keogh",
              "runs": {
                "batter": 1,
                "extras": 0,
                "total": 1
              }
            },
            {
              "batter": "RI Keogh",
              "bowler": "GD Elliott",
              "non_striker": "AG Wakely",
              "runs": {
                "batter": 1,
                "extras": 0,
                "total": 1
              }
            },
            {
              "batter": "AG Wakely",
              "bowler": "GD Elliott",
              "non_striker": "RI Keogh",
              "runs": {
                "batter": 0,
                "extras": 0,
                "total": 0
              }
            },
            {
              "batter": "AG Wakely",
              "bowler": "GD Elliott",
              "non_striker": "RI Keogh",
              "runs": {
                "batter": 0,
                "extras": 0,
                "total": 0
              }
            },
            {
              "batter": "AG Wakely",
              "bowler": "GD Elliott",
              "extras": {
                "wides": 1
              },
              "non_striker": "RI Keogh",
              "runs": {
                "batter": 0,
                "extras": 1,
                "total": 1
              }
            },
            {
              "batter": "AG Wakely",
              "bowler": "GD Elliott",
              "non_striker": "RI Keogh",
              "runs": {
                "batter": 1,
                "extras": 0,
                "total": 1
              }
            }
          ]
        },
        {
          "over": 12,
          "deliveries": [
            {
              "batter": "AG Wakely",
              "bowler": "C de Grandhomme",
              "extras": {
                "byes": 1
              },
              "non_striker": "RI Keogh",
              "runs": {
                "batter": 0,
                "extras": 1,
                "total": 1
              }
            },
            {
              "batter": "RI Keogh",
              "bowler": "C de Grandhomme",
              "non_striker": "AG Wakely",
              "runs": {
                "batter": 1,
                "extras": 0,
                "total": 1
              }
            },
            {
              "batter": "AG Wakely",
              "bowler": "C de Grandhomme",
              "non_striker": "RI Keogh",
              "runs": {
                "batter": 1,
                "extras": 0,
                "total": 1
              }
            },
            {
              "batter": "RI Keogh",
              "bowler": "C de Grandhomme",
              "non_striker": "AG Wakely",
              "runs": {
                "batter": 1,
                "extras": 0,
                "total": 1
              }
            },
            {
              "batter": "AG Wakely",
              "bowler": "C de Grandhomme",
              "non_striker": "RI Keogh",
              "runs": {
                "batter": 1,
                "extras": 0,
                "total": 1
              }
            },
            {
              "batter": "RI Keogh",
              "bowler": "C de Grandhomme",
              "non_striker": "AG Wakely",
              "runs": {
                "batter": 1,
                "extras": 0,
                "total": 1
              }
            }
          ]
        },
        {
          "over": 13,
          "deliveries": [
            {
              "batter": "RI Keogh",
              "bowler": "WB Rankin",
              "non_striker": "AG Wakely",
              "runs": {
                "batter": 1,
                "extras": 0,
                "total": 1
              }
            },
            {
              "batter": "AG Wakely",
              "bowler": "WB Rankin",
              "non_striker": "RI Keogh",
              "runs": {
                "batter": 4,
                "extras": 0,
                "total": 4
              }
            },
            {
              "batter": "AG Wakely",
              "bowler": "WB Rankin",
              "non_striker": "RI Keogh",
              "runs": {
                "batter": 4,
                "extras": 0,
                "total": 4
              }
            },
            {
              "batter": "AG Wakely",
              "bowler": "WB Rankin",
              "non_striker": "RI Keogh",
              "runs": {
                "batter": 4,
                "extras": 0,
                "total": 4
              }
            },
            {
              "batter": "AG Wakely",
              "bowler": "WB Rankin",
              "non_striker": "RI Keogh",
              "runs": {
                "batter": 1,
                "extras": 0,
                "total": 1
              }
            },
            {
              "batter": "RI Keogh",
              "bowler": "WB Rankin",
              "non_striker": "AG Wakely",
              "runs": {
                "batter": 0,
                "extras": 0,
                "total": 0
              }
            }
          ]
        },
        {
          "over": 14,
          "deliveries": [
            {
              "batter": "AG Wakely",
              "bowler": "JS Patel",
              "non_striker": "RI Keogh",
              "runs": {
                "batter": 4,
                "extras": 0,
                "total": 4
              }
            },
            {
              "batter": "AG Wakely",
              "bowler": "JS Patel",
              "non_striker": "RI Keogh",
              "runs": {
                "batter": 2,
                "extras": 0,
                "total": 2
              }
            },
            {
              "batter": "AG Wakely",
              "bowler": "JS Patel",
              "non_striker": "RI Keogh",
              "runs": {
                "batter": 2,
                "extras": 0,
                "total": 2
              }
            },
            {
              "batter": "AG Wakely",
              "bowler": "JS Patel",
              "non_striker": "RI Keogh",
              "runs": {
                "batter": 0,
                "extras": 0,
                "total": 0
              }
            },
            {
              "batter": "AG Wakely",
              "bowler": "JS Patel",
              "non_striker": "RI Keogh",
              "runs": {
                "batter": 1,
                "extras": 0,
                "total": 1
              }
            },
            {
              "batter": "RI Keogh",
              "bowler": "JS Patel",
              "non_striker": "AG Wakely",
              "runs": {
                "batter": 1,
                "extras": 0,
                "total": 1
              }
            }
          ]
        },
        {
          "over": 15,
          "deliveries": [
            {
              "batter": "RI Keogh",
              "bowler": "C de Grandhomme",
              "non_striker": "AG Wakely",
              "runs": {
                "batter": 1,
                "extras": 0,
                "total": 1
              }
            },
            {
              "batter": "AG Wakely",
              "bowler": "C de Grandhomme",
              "non_striker": "RI Keogh",
              "runs": {
                "batter": 0,
                "extras": 0,
                "total": 0
              }
            },
            {
              "batter": "AG Wakely",
              "bowler": "C de Grandhomme",
              "non_striker": "RI Keogh",
              "runs": {
                "batter": 1,
                "extras": 0,
                "total": 1
              }
            },
            {
              "batter": "RI Keogh",
              "bowler": "C de Grandhomme",
              "non_striker": "AG Wakely",
              "runs": {
                "batter": 1,
                "extras": 0,
                "total": 1
              }
            },
            {
              "batter": "AG Wakely",
              "bowler": "C de Grandhomme",
              "non_striker": "RI Keogh",
              "runs": {
                "batter": 1,
                "extras": 0,
                "total": 1
              }
            },
            {
              "batter": "RI Keogh",
              "bowler": "C de Grandhomme",
              "non_striker": "AG Wakely",
              "runs": {
                "batter": 0,
                "extras": 0,
                "total": 0
              },
              "wickets": [
                {
                  "player_out": "RI Keogh",
                  "kind": "bowled"
                }
              ]
            }
          ]
        },
        {
          "over": 16,
          "deliveries": [
            {
              "batter": "AG Wakely",
              "bowler": "KHD Barker",
              "non_striker": "SP Crook",
              "runs": {
                "batter": 6,
                "extras": 0,
                "total": 6
              }
            },
            {
              "batter": "AG Wakely",
              "bowler": "KHD Barker",
              "non_striker": "SP Crook",
              "runs": {
                "batter": 1,
                "extras": 0,
                "total": 1
              }
            },
            {
              "batter": "SP Crook",
              "bowler": "KHD Barker",
              "non_striker": "AG Wakely",
              "runs": {
                "batter": 2,
                "extras": 0,
                "total": 2
              }
            },
            {
              "batter": "SP Crook",
              "bowler": "KHD Barker",
              "non_striker": "AG Wakely",
              "runs": {
                "batter": 0,
                "extras": 0,
                "total": 0
              },
              "wickets": [
                {
                  "player_out": "SP Crook",
                  "fielders": [
                    {
                      "name": "C de Grandhomme"
                    }
                  ],
                  "kind": "caught"
                }
              ]
            },
            {
              "batter": "SA Zaib",
              "bowler": "KHD Barker",
              "non_striker": "AG Wakely",
              "runs": {
                "batter": 0,
                "extras": 0,
                "total": 0
              }
            },
            {
              "batter": "SA Zaib",
              "bowler": "KHD Barker",
              "non_striker": "AG Wakely",
              "runs": {
                "batter": 0,
                "extras": 0,
                "total": 0
              }
            }
          ]
        },
        {
          "over": 17,
          "deliveries": [
            {
              "batter": "AG Wakely",
              "bowler": "AD Thomason",
              "extras": {
                "legbyes": 1
              },
              "non_striker": "SA Zaib",
              "runs": {
                "batter": 0,
                "extras": 1,
                "total": 1
              }
            },
            {
              "batter": "SA Zaib",
              "bowler": "AD Thomason",
              "non_striker": "AG Wakely",
              "runs": {
                "batter": 0,
                "extras": 0,
                "total": 0
              }
            },
            {
              "batter": "SA Zaib",
              "bowler": "AD Thomason",
              "non_striker": "AG Wakely",
              "runs": {
                "batter": 1,
                "extras": 0,
                "total": 1
              }
            },
            {
              "batter": "AG Wakely",
              "bowler": "AD Thomason",
              "non_striker": "SA Zaib",
              "runs": {
                "batter": 1,
                "extras": 0,
                "total": 1
              }
            },
            {
              "batter": "SA Zaib",
              "bowler": "AD Thomason",
              "non_striker": "AG Wakely",
              "runs": {
                "batter": 1,
                "extras": 0,
                "total": 1
              }
            },
            {
              "batter": "AG Wakely",
              "bowler": "AD Thomason",
              "extras": {
                "wides": 1
              },
              "non_striker": "SA Zaib",
              "runs": {
                "batter": 0,
                "extras": 1,
                "total": 1
              }
            },
            {
              "batter": "AG Wakely",
              "bowler": "AD Thomason",
              "non_striker": "SA Zaib",
              "runs": {
                "batter": 2,
                "extras": 0,
                "total": 2
              }
            }
          ]
        },
        {
          "over": 18,
          "deliveries": [
            {
              "batter": "SA Zaib",
              "bowler": "JS Patel",
              "non_striker": "AG Wakely",
              "runs": {
                "batter": 1,
                "extras": 0,
                "total": 1
              }
            },
            {
              "batter": "AG Wakely",
              "bowler": "JS Patel",
              "non_striker": "SA Zaib",
              "runs": {
                "batter": 2,
                "extras": 0,
                "total": 2
              }
            },
            {
              "batter": "AG Wakely",
              "bowler": "JS Patel",
              "non_striker": "SA Zaib",
              "runs": {
                "batter": 1,
                "extras": 0,
                "total": 1
              }
            },
            {
              "batter": "SA Zaib",
              "bowler": "JS Patel",
              "non_striker": "AG Wakely",
              "runs": {
                "batter": 2,
                "extras": 0,
                "total": 2
              }
            },
            {
              "batter": "SA Zaib",
              "bowler": "JS Patel",
              "non_striker": "AG Wakely",
              "runs": {
                "batter": 0,
                "extras": 0,
                "total": 0
              }
            },
            {
              "batter": "SA Zaib",
              "bowler": "JS Patel",
              "non_striker": "AG Wakely",
              "runs": {
                "batter": 1,
                "extras": 0,
                "total": 1
              }
            }
          ]
        },
        {
          "over": 19,
          "deliveries": [
            {
              "batter": "SA Zaib",
              "bowler": "AD Thomason",
              "non_striker": "AG Wakely",
              "runs": {
                "batter": 0,
                "extras": 0,
                "total": 0
              },
              "wickets": [
                {
                  "player_out": "SA Zaib",
                  "fielders": [
                    {
                      "name": "JS Patel"
                    }
                  ],
                  "kind": "caught"
                }
              ]
            },
            {
              "batter": "AG Wakely",
              "bowler": "AD Thomason",
              "non_striker": "RK Kleinveldt",
              "runs": {
                "batter": 6,
                "extras": 0,
                "total": 6
              }
            },
            {
              "batter": "AG Wakely",
              "bowler": "AD Thomason",
              "non_striker": "RK Kleinveldt",
              "runs": {
                "batter": 1,
                "extras": 0,
                "total": 1
              }
            },
            {
              "batter": "RK Kleinveldt",
              "bowler": "AD Thomason",
              "non_striker": "AG Wakely",
              "runs": {
                "batter": 2,
                "extras": 0,
                "total": 2
              }
            },
            {
              "batter": "RK Kleinveldt",
              "bowler": "AD Thomason",
              "non_striker": "AG Wakely",
              "runs": {
                "batter": 1,
                "extras": 0,
                "total": 1
              }
            },
            {
              "batter": "AG Wakely",
              "bowler": "AD Thomason",
              "non_striker": "RK Kleinveldt",
              "runs": {
                "batter": 0,
                "extras": 0,
                "total": 0
              },
              "wickets": [
                {
                  "player_out": "AG Wakely",
                  "kind": "run out"
                }
              ]
            }
          ]
        }
      ],
      "powerplays": [
        {
          "from": 0.1,
          "to": 5.6,
          "type": "mandatory"
        }
      ],
      "target": {
        "overs": 20,
        "runs": 173
      }
    }
  ]
}