{
  "meta": {
    "data_version": "1.0.0",
    "created": "2020-07-20",
    "revision": 1
  },
  "info": {
    "balls_per_over": 6,
    "city": "Taunton",
    "dates": [
      "2017-07-30"
    ],
    "event": {
      "name": "NatWest T20 Blast",
      "group": "South"
    },
    "gender": "male",
    "match_type": "T20",
    "officials": {
      "umpires": [
        "SC Gale",
        "JW Lloyds"
      ]
    },
    "outcome": {
      "winner": "Somerset",
      "by": {
        "runs": 32
      },
      "method": "D/L"
    },
    "overs": 20,
    "player_of_match": [
      "CJ Anderson"
    ],
    "players": {
      "Somerset": [
        "L Gregory",
        "SM Davies",
        "CJ Anderson",
        "RE van der Merwe",
        "JG Myburgh",
        "J Allenby",
        "JC Hildreth",
        "C Overton",
        "TD Groenewald",
        "MTC Waller",
        "TB Abell"
      ],
      "Sussex": [
        "CD Nash",
        "S van Zyl",
        "LJ Evans",
        "LRPL Taylor",
        "D Wiese",
        "JC Archer",
        "CJ Jordan",
        "BC Brown",
        "DR Briggs",
        "WAT Beer",
        "GHS Garton"
      ]
    },
    "registry": {
      "people": {
        "BC Brown": "8af86756",
        "C Overton": "e9987a94",
        "CD Nash": "6f049d41",
        "CJ Anderson": "8abdf100",
        "CJ Jordan": "ffe699c0",
        "D Wiese": "aa8d28ae",
        "DR Briggs": "f3abd0c9",
        "GHS Garton": "be869ccf",
        "J Allenby": "7d5e0b78",
        "JC Archer": "5574750c",
        "JC Hildreth": "782c0568",
        "JG Myburgh": "47b4ad09",
        "JW Lloyds": "112b8472",
        "L Gregory": "06c2de82",
        "LJ Evans": "1c513d54",
        "LRPL Taylor": "b61a3e1a",
        "MTC Waller": "d74d1090",
        "RE van der Merwe": "05c2ca46",
        "S van Zyl": "f4dfcbb4",
        "SC Gale": "3df4cd05",
        "SM Davies": "8fc65c2b",
        "TB Abell": "ba9258a7",
        "TD Groenewald": "dddc811c",
        "WAT Beer": "98eacfe5"
      }
    },
    "season": "2017",
    "team_type": "club",
    "teams": [
      "Somerset",
      "Sussex"
    ],
    "toss": {
      "decision": "field",
      "winner": "Sussex"
    },
    "venue": "The Cooper Associates County Ground"
  },
  "innings": [
    {
      "team": "Somerset",
      "overs": [
        {
          "over": 0,
          "deliveries": [
            {
              "batter": "L Gregory",
              "bowler": "DR Briggs",
              "non_striker": "SM Davies",
              "runs": {
                "batter": 0,
                "extras": 0,
                "total": 0
              }
            },
            {
              "batter": "L Gregory",
              "bowler": "DR Briggs",
              "non_striker": "SM Davies",
              "runs": {
                "batter": 1,
                "extras": 0,
                "total": 1
              }
            },
            {
              "batter": "SM Davies",
              "bowler": "DR Briggs",
              "non_striker": "L Gregory",
              "runs": {
                "batter": 0,
                "extras": 0,
                "total": 0
              }
            },
            {
              "batter": "SM Davies",
              "bowler": "DR Briggs",
              "non_striker": "L Gregory",
              "runs": {
                "batter": 0,
                "extras": 0,
                "total": 0
              }
            },
            {
              "batter": "SM Davies",
              "bowler": "DR Briggs",
              "non_striker": "L Gregory",
              "runs": {
                "batter": 4,
                "extras": 0,
                "total": 4
              }
            },
            {
              "batter": "SM Davies",
              "bowler": "DR Briggs",
              "non_striker": "L Gregory",
              "runs": {
                "batter": 4,
                "extras": 0,
                "total": 4
              }
            }
          ]
        },
        {
          "over": 1,
          "deliveries": [
            {
              "batter": "L Gregory",
              "bowler": "JC Archer",
              "non_striker": "SM Davies",
              "runs": {
                "batter": 4,
                "extras": 0,
                "total": 4
              }
            },
            {
              "batter": "L Gregory",
              "bowler": "JC Archer",
              "extras": {
                "byes": 4
              },
              "non_striker": "SM Davies",
              "runs": {
                "batter": 0,
                "extras": 4,
                "total": 4
              }
            },
            {
              "batter": "L Gregory",
              "bowler": "JC Archer",
              "non_striker": "SM Davies",
              "runs": {
                "batter": 1,
                "extras": 0,
                "total": 1
              }
            },
            {
              "batter": "SM Davies",
              "bowler": "JC Archer",
              "non_striker": "L Gregory",
              "runs": {
                "batter": 3,
                "extras": 0,
                "total": 3
              }
            },
            {
              "batter": "L Gregory",
              "bowler": "JC Archer",
              "non_striker": "SM Davies",
              "runs": {
                "batter": 1,
                "extras": 0,
                "total": 1
              }
            },
            {
              "batter": "SM Davies",
              "bowler": "JC Archer",
              "extras": {
                "wides": 1
              },
              "non_striker": "L Gregory",
              "runs": {
                "batter": 0,
                "extras": 1,
                "total": 1
              }
            },
            {
              "batter": "SM Davies",
              "bowler": "JC Archer",
              "non_striker": "L Gregory",
              "runs": {
                "batter": 4,
                "extras": 0,
                "total": 4
              }
            }
          ]
        },
        {
          "over": 2,
          "deliveries": [
            {
              "batter": "L Gregory",
              "bowler": "GHS Garton",
              "non_striker": "SM Davies",
              "runs": {
                "batter": 0,
                "extras": 0,
                "total": 0
              },
              "wickets": [
                {
                  "player_out": "L Gregory",
                  "fielders": [
                    {
                      "name": "WAT Beer"
                    }
                  ],
                  "kind": "caught"
                }
              ]
            },
            {
              "batter": "SM Davies",
              "bowler": "GHS Garton",
              "non_striker": "CJ Anderson",
              "runs": {
                "batter": 0,
                "extras": 0,
                "total": 0
              }
            },
            {
              "batter": "SM Davies",
              "bowler": "GHS Garton",
              "non_striker": "CJ Anderson",
              "runs": {
                "batter": 1,
                "extras": 0,
                "total": 1
              }
            },
            {
              "batter": "CJ Anderson",
              "bowler": "GHS Garton",
              "non_striker": "SM Davies",
              "runs": {
                "batter": 0,
                "extras": 0,
                "total": 0
              }
            },
            {
              "batter": "CJ Anderson",
              "bowler": "GHS Garton",
              "non_striker": "SM Davies",
              "runs": {
                "batter": 4,
                "extras": 0,
                "total": 4
              }
            },
            {
              "batter": "CJ Anderson",
              "bowler": "GHS Garton",
              "non_striker": "SM Davies",
              "runs": {
                "batter": 1,
                "extras": 0,
                "total": 1
              }
            }
          ]
        },
        {
          "over": 3,
          "deliveries": [
            {
              "batter": "CJ Anderson",
              "bowler": "CJ Jordan",
              "non_striker": "SM Davies",
              "runs": {
                "batter": 6,
                "extras": 0,
                "total": 6
              }
            },
            {
              "batter": "CJ Anderson",
              "bowler": "CJ Jordan",
              "non_striker": "SM Davies",
              "runs": {
                "batter": 1,
                "extras": 0,
                "total": 1
              }
            },
            {
              "batter": "SM Davies",
              "bowler": "CJ Jordan",
              "extras": {
                "legbyes": 1
              },
              "non_striker": "CJ Anderson",
              "runs": {
                "batter": 0,
                "extras": 1,
                "total": 1
              }
            },
            {
              "batter": "CJ Anderson",
              "bowler": "CJ Jordan",
              "non_striker": "SM Davies",
              "runs": {
                "batter": 1,
                "extras": 0,
                "total": 1
              }
            },
            {
              "batter": "SM Davies",
              "bowler": "CJ Jordan",
              "non_striker": "CJ Anderson",
              "runs": {
                "batter": 1,
                "extras": 0,
                "total": 1
              }
            },
            {
              "batter": "CJ Anderson",
              "bowler": "CJ Jordan",
              "non_striker": "SM Davies",
              "runs": {
                "batter": 1,
                "extras": 0,
                "total": 1
              }
            }
          ]
        },
        {
          "over": 4,
          "deliveries": [
            {
              "batter": "CJ Anderson",
              "bowler": "GHS Garton",
              "non_striker": "SM Davies",
              "runs": {
                "batter": 4,
                "extras": 0,
                "total": 4
              }
            },
            {
              "batter": "CJ Anderson",
              "bowler": "GHS Garton",
              "non_striker": "SM Davies",
              "runs": {
                "batter": 4,
                "extras": 0,
                "total": 4
              }
            },
            {
              "batter": "CJ Anderson",
              "bowler": "GHS Garton",
              "non_striker": "SM Davies",
              "runs": {
                "batter": 0,
                "extras": 0,
                "total": 0
              }
            },
            {
              "batter": "CJ Anderson",
              "bowler": "GHS Garton",
              "extras": {
                "noballs": 3
              },
              "non_striker": "SM Davies",
              "runs": {
                "batter": 0,
                "extras": 3,
                "total": 3
              }
            },
            {
              "batter": "SM Davies",
              "bowler": "GHS Garton",
              "non_striker": "CJ Anderson",
              "runs": {
                "batter": 2,
                "extras": 0,
                "total": 2
              }
            },
            {
              "batter": "SM Davies",
              "bowler": "GHS Garton",
              "non_striker": "CJ Anderson",
              "runs": {
                "batter": 6,
                "extras": 0,
                "total": 6
              }
            },
            {
              "batter": "SM Davies",
              "bowler": "GHS Garton",
              "non_striker": "CJ Anderson",
              "runs": {
                "batter": 0,
                "extras": 0,
                "total": 0
              },
              "wickets": [
                {
                  "player_out": "SM Davies",
                  "fielders": [
                    {
                      "name": "WAT Beer"
                    }
                  ],
                  "kind": "caught"
                }
              ]
            }
          ]
        },
        {
          "over": 5,
          "deliveries": [
            {
              "batter": "RE van der Merwe",
              "bowler": "D Wiese",
              "non_striker": "CJ Anderson",
              "runs": {
                "batter": 1,
                "extras": 0,
                "total": 1
              }
            },
            {
              "batter": "CJ Anderson",
              "bowler": "D Wiese",
              "extras": {
                "wides": 1
              },
              "non_striker": "RE van der Merwe",
              "runs": {
                "batter": 0,
                "extras": 1,
                "total": 1
              }
            },
            {
              "batter": "CJ Anderson",
              "bowler": "D Wiese",
              "non_striker": "RE van der Merwe",
              "runs": {
                "batter": 4,
                "extras": 0,
                "total": 4
              }
            },
            {
              "batter": "CJ Anderson",
              "bowler": "D Wiese",
              "non_striker": "RE van der Merwe",
              "runs": {
                "batter": 6,
                "extras": 0,
                "total": 6
              }
            },
            {
              "batter": "CJ Anderson",
              "bowler": "D Wiese",
              "non_striker": "RE van der Merwe",
              "runs": {
                "batter": 1,
                "extras": 0,
                "total": 1
              }
            },
            {
              "batter": "RE van der Merwe",
              "bowler": "D Wiese",
              "non_striker": "CJ Anderson",
              "runs": {
                "batter": 4,
                "extras": 0,
                "total": 4
              }
            },
            {
              "batter": "RE van der Merwe",
              "bowler": "D Wiese",
              "non_striker": "CJ Anderson",
              "runs": {
                "batter": 0,
                "extras": 0,
                "total": 0
              }
            }
          ]
        },
        {
          "over": 6,
          "deliveries": [
            {
              "batter": "CJ Anderson",
              "bowler": "CJ Jordan",
              "non_striker": "RE van der Merwe",
              "runs": {
                "batter": 6,
                "extras": 0,
                "total": 6
              }
            },
            {
              "batter": "CJ Anderson",
              "bowler": "CJ Jordan",
              "non_striker": "RE van der Merwe",
              "runs": {
                "batter": 1,
                "extras": 0,
                "total": 1
              }
            },
            {
              "batter": "RE van der Merwe",
              "bowler": "CJ Jordan",
              "non_striker": "CJ Anderson",
              "runs": {
                "batter": 0,
                "extras": 0,
                "total": 0
              }
            },
            {
              "batter": "RE van der Merwe",
              "bowler": "CJ Jordan",
              "non_striker": "CJ Anderson",
              "runs": {
                "batter": 2,
                "extras": 0,
                "total": 2
              }
            },
            {
              "batter": "RE van der Merwe",
              "bowler": "CJ Jordan",
              "non_striker": "CJ Anderson",
              "runs": {
                "batter": 4,
                "extras": 0,
                "total": 4
              }
            },
            {
              "batter": "RE van der Merwe",
              "bowler": "CJ Jordan",
              "non_striker": "CJ Anderson",
              "runs": {
                "batter": 1,
                "extras": 0,
                "total": 1
              }
            }
          ]
        },
        {
          "over": 7,
          "deliveries": [
            {
              "batter": "RE van der Merwe",
              "bowler": "JC Archer",
              "non_striker": "CJ Anderson",
              "runs": {
                "batter": 0,
                "extras": 0,
                "total": 0
              }
            },
            {
              "batter": "RE van der Merwe",
              "bowler": "JC Archer",
              "non_striker": "CJ Anderson",
              "runs": {
                "batter": 0,
                "extras": 0,
                "total": 0
              }
            },
            {
              "batter": "RE van der Merwe",
              "bowler": "JC Archer",
              "non_striker": "CJ Anderson",
              "runs": {
                "batter": 4,
                "extras": 0,
                "total": 4
              }
            },
            {
              "batter": "RE van der Merwe",
              "bowler": "JC Archer",
              "non_striker": "CJ Anderson",
              "runs": {
                "batter": 0,
                "extras": 0,
                "total": 0
              },
              "wickets": [
                {
                  "player_out": "RE van der Merwe",
                  "fielders": [
                    {
                      "name": "BC Brown"
                    }
                  ],
                  "kind": "caught"
                }
              ]
            },
            {
              "batter": "JG Myburgh",
              "bowler": "JC Archer",
              "non_striker": "CJ Anderson",
              "runs": {
                "batter": 3,
                "extras": 0,
                "total": 3
              }
            },
            {
              "batter": "CJ Anderson",
              "bowler": "JC Archer",
              "non_striker": "JG Myburgh",
              "runs": {
                "batter": 1,
                "extras": 0,
                "total": 1
              }
            }
          ]
        }
      ],
      "powerplays": [
        {
          "from": 0.1,
          "to": 1.7,
          "type": "mandatory"
        }
      ]
    },
    {
      "team": "Sussex",
      "overs": [
        {
          "over": 0,
          "deliveries": [
            {
              "batter": "CD Nash",
              "bowler": "RE van der Merwe",
              "non_striker": "S van Zyl",
              "runs": {
                "batter": 0,
                "extras": 0,
                "total": 0
              }
            },
            {
              "batter": "CD Nash",
              "bowler": "RE van der Merwe",
              "non_striker": "S van Zyl",
              "runs": {
                "batter": 4,
                "extras": 0,
                "total": 4
              }
            },
            {
              "batter": "CD Nash",
              "bowler": "RE van der Merwe",
              "non_striker": "S van Zyl",
              "runs": {
                "batter": 0,
                "extras": 0,
                "total": 0
              }
            },
            {
              "batter": "CD Nash",
              "bowler": "RE van der Merwe",
              "non_striker": "S van Zyl",
              "runs": {
                "batter": 4,
                "extras": 0,
                "total": 4
              }
            },
            {
              "batter": "CD Nash",
              "bowler": "RE van der Merwe",
              "non_striker": "S van Zyl",
              "runs": {
                "batter": 0,
                "extras": 0,
                "total": 0
              }
            },
            {
              "batter": "CD Nash",
              "bowler": "RE van der Merwe",
              "non_striker": "S van Zyl",
              "runs": {
                "batter": 1,
                "extras": 0,
                "total": 1
              }
            }
          ]
        },
        {
          "over": 1,
          "deliveries": [
            {
              "batter": "CD Nash",
              "bowler": "C Overton",
              "non_striker": "S van Zyl",
              "runs": {
                "batter": 0,
                "extras": 0,
                "total": 0
              },
              "wickets": [
                {
                  "player_out": "CD Nash",
                  "fielders": [
                    {
                      "name": "L Gregory"
                    }
                  ],
                  "kind": "caught"
                }
              ]
            },
            {
              "batter": "S van Zyl",
              "bowler": "C Overton",
              "non_striker": "LJ Evans",
              "runs": {
                "batter": 1,
                "extras": 0,
                "total": 1
              }
            },
            {
              "batter": "LJ Evans",
              "bowler": "C Overton",
              "non_striker": "S van Zyl",
              "runs": {
                "batter": 1,
                "extras": 0,
                "total": 1
              }
            },
            {
              "batter": "S van Zyl",
              "bowler": "C Overton",
              "non_striker": "LJ Evans",
              "runs": {
                "batter": 0,
                "extras": 0,
                "total": 0
              }
            },
            {
              "batter": "S van Zyl",
              "bowler": "C Overton",
              "non_striker": "LJ Evans",
              "runs": {
                "batter": 6,
                "extras": 0,
                "total": 6
              }
            },
            {
              "batter": "S van Zyl",
              "bowler": "C Overton",
              "non_striker": "LJ Evans",
              "runs": {
                "batter": 1,
                "extras": 0,
                "total": 1
              }
            }
          ]
        },
        {
          "over": 2,
          "deliveries": [
            {
              "batter": "S van Zyl",
              "bowler": "TD Groenewald",
              "extras": {
                "wides": 1
              },
              "non_striker": "LJ Evans",
              "runs": {
                "batter": 0,
                "extras": 1,
                "total": 1
              }
            },
            {
              "batter": "S van Zyl",
              "bowler": "TD Groenewald",
              "non_striker": "LJ Evans",
              "runs": {
                "batter": 1,
                "extras": 0,
                "total": 1
              }
            },
            {
              "batter": "LJ Evans",
              "bowler": "TD Groenewald",
              "non_striker": "S van Zyl",
              "runs": {
                "batter": 0,
                "extras": 0,
                "total": 0
              }
            },
            {
              "batter": "LJ Evans",
              "bowler": "TD Groenewald",
              "non_striker": "S van Zyl",
              "runs": {
                "batter": 2,
                "extras": 0,
                "total": 2
              }
            },
            {
              "batter": "LJ Evans",
              "bowler": "TD Groenewald",
              "non_striker": "S van Zyl",
              "runs": {
                "batter": 1,
                "extras": 0,
                "total": 1
              }
            },
            {
              "batter": "S van Zyl",
              "bowler": "TD Groenewald",
              "non_striker": "LJ Evans",
              "runs": {
                "batter": 1,
                "extras": 0,
                "total": 1
              }
            },
            {
              "batter": "LJ Evans",
              "bowler": "TD Groenewald",
              "non_striker": "S van Zyl",
              "runs": {
                "batter": 1,
                "extras": 0,
                "total": 1
              }
            }
          ]
        },
        {
          "over": 3,
          "deliveries": [
            {
              "batter": "LJ Evans",
              "bowler": "MTC Waller",
              "non_striker": "S van Zyl",
              "runs": {
                "batter": 0,
                "extras": 0,
                "total": 0
              },
              "wickets": [
                {
                  "player_out": "LJ Evans",
                  "fielders": [
                    {
                      "name": "SM Davies"
                    }
                  ],
                  "kind": "stumped"
                }
              ]
            },
            {
              "batter": "LRPL Taylor",
              "bowler": "MTC Waller",
              "non_striker": "S van Zyl",
              "runs": {
                "batter": 0,
                "extras": 0,
                "total": 0
              }
            },
            {
              "batter": "LRPL Taylor",
              "bowler": "MTC Waller",
              "non_striker": "S van Zyl",
              "runs": {
                "batter": 1,
                "extras": 0,
                "total": 1
              }
            },
            {
              "batter": "S van Zyl",
              "bowler": "MTC Waller",
              "non_striker": "LRPL Taylor",
              "runs": {
                "batter": 1,
                "extras": 0,
                "total": 1
              }
            },
            {
              "batter": "LRPL Taylor",
              "bowler": "MTC Waller",
              "non_striker": "S van Zyl",
              "runs": {
                "batter": 0,
                "extras": 0,
                "total": 0
              },
              "wickets": [
                {
                  "player_out": "LRPL Taylor",
                  "kind": "lbw"
                }
              ]
            },
            {
              "batter": "D Wiese",
              "bowler": "MTC Waller",
              "non_striker": "S van Zyl",
              "runs": {
                "batter": 0,
                "extras": 0,
                "total": 0
              }
            }
          ]
        },
        {
          "over": 4,
          "deliveries": [
            {
              "batter": "S van Zyl",
              "bowler": "RE van der Merwe",
              "non_striker": "D Wiese",
              "runs": {
                "batter": 0,
                "extras": 0,
                "total": 0
              }
            },
            {
              "batter": "S van Zyl",
              "bowler": "RE van der Merwe",
              "non_striker": "D Wiese",
              "runs": {
                "batter": 1,
                "extras": 0,
                "total": 1
              }
            },
            {
              "batter": "D Wiese",
              "bowler": "RE van der Merwe",
              "extras": {
                "legbyes": 3
              },
              "non_striker": "S van Zyl",
              "runs": {
                "batter": 0,
                "extras": 3,
                "total": 3
              }
            },
            {
              "batter": "S van Zyl",
              "bowler": "RE van der Merwe",
              "non_striker": "D Wiese",
              "runs": {
                "batter": 1,
                "extras": 0,
                "total": 1
              }
            },
            {
              "batter": "D Wiese",
              "bowler": "RE van der Merwe",
              "non_striker": "S van Zyl",
              "runs": {
                "batter": 0,
                "extras": 0,
                "total": 0
              }
            },
            {
              "batter": "D Wiese",
              "bowler": "RE van der Merwe",
              "non_striker": "S van Zyl",
              "runs": {
                "batter": 1,
                "extras": 0,
                "total": 1
              }
            }
          ]
        },
        {
          "over": 5,
          "deliveries": [
            {
              "batter": "D Wiese",
              "bowler": "MTC Waller",
              "non_striker": "S van Zyl",
              "runs": {
                "batter": 2,
                "extras": 0,
                "total": 2
              }
            },
            {
              "batter": "D Wiese",
              "bowler": "MTC Waller",
              "non_striker": "S van Zyl",
              "runs": {
                "batter": 1,
                "extras": 0,
                "total": 1
              }
            },
            {
              "batter": "S van Zyl",
              "bowler": "MTC Waller",
              "non_striker": "D Wiese",
              "runs": {
                "batter": 6,
                "extras": 0,
                "total": 6
              }
            },
            {
              "batter": "S van Zyl",
              "bowler": "MTC Waller",
              "non_striker": "D Wiese",
              "runs": {
                "batter": 0,
                "extras": 0,
                "total": 0
              }
            },
            {
              "batter": "S van Zyl",
              "bowler": "MTC Waller",
              "non_striker": "D Wiese",
              "runs": {
                "batter": 0,
                "extras": 0,
                "total": 0
              }
            },
            {
              "batter": "S van Zyl",
              "bowler": "MTC Waller",
              "non_striker": "D Wiese",
              "runs": {
                "batter": 2,
                "extras": 0,
                "total": 2
              }
            }
          ]
        },
        {
          "over": 6,
          "deliveries": [
            {
              "batter": "D Wiese",
              "bowler": "C Overton",
              "non_striker": "S van Zyl",
              "runs": {
                "batter": 0,
                "extras": 0,
                "total": 0
              }
            },
            {
              "batter": "D Wiese",
              "bowler": "C Overton",
              "non_striker": "S van Zyl",
              "runs": {
                "batter": 0,
                "extras": 0,
                "total": 0
              },
              "wickets": [
                {
                  "player_out": "D Wiese",
                  "fielders": [
                    {
                      "name": "MTC Waller"
                    }
                  ],
                  "kind": "caught"
                }
              ]
            },
            {
              "batter": "S van Zyl",
              "bowler": "C Overton",
              "extras": {
                "legbyes": 4
              },
              "non_striker": "JC Archer",
              "runs": {
                "batter": 0,
                "extras": 4,
                "total": 4
              }
            },
            {
              "batter": "S van Zyl",
              "bowler": "C Overton",
              "non_striker": "JC Archer",
              "runs": {
                "batter": 1,
                "extras": 0,
                "total": 1
              }
            },
            {
              "batter": "JC Archer",
              "bowler": "C Overton",
              "non_striker": "S van Zyl",
              "runs": {
                "batter": 1,
                "extras": 0,
                "total": 1
              }
            },
            {
              "batter": "S van Zyl",
              "bowler": "C Overton",
              "non_striker": "JC Archer",
              "runs": {
                "batter": 1,
                "extras": 0,
                "total": 1
              }
            }
          ]
        },
        {
          "over": 7,
          "deliveries": [
            {
              "batter": "S van Zyl",
              "bowler": "L Gregory",
              "non_striker": "JC Archer",
              "runs": {
                "batter": 6,
                "extras": 0,
                "total": 6
              }
            },
            {
              "batter": "S van Zyl",
              "bowler": "L Gregory",
              "non_striker": "JC Archer",
              "runs": {
                "batter": 4,
                "extras": 0,
                "total": 4
              }
            },
            {
              "batter": "S van Zyl",
              "bowler": "L Gregory",
              "non_striker": "JC Archer",
              "runs": {
                "batter": 4,
                "extras": 0,
                "total": 4
              }
            },
            {
              "batter": "S van Zyl",
              "bowler": "L Gregory",
              "non_striker": "JC Archer",
              "runs": {
                "batter": 1,
                "extras": 0,
                "total": 1
              }
            },
            {
              "batter": "JC Archer",
              "bowler": "L Gregory",
              "non_striker": "S van Zyl",
              "runs": {
                "batter": 1,
                "extras": 0,
                "total": 1
              }
            },
            {
              "batter": "S van Zyl",
              "bowler": "L Gregory",
              "non_striker": "JC Archer",
              "runs": {
                "batter": 4,
                "extras": 0,
                "total": 4
              }
            }
          ]
        }
      ],
      "powerplays": [
        {
          "from": 0.1,
          "to": 1.6,
          "type": "mandatory"
        }
      ],
      "target": {
        "overs": 8,
        "runs": 104
      }
    }
  ]
}