{
  "meta": {
    "data_version": "1.0.0",
    "created": "2020-07-20",
    "revision": 1
  },
  "info": {
    "balls_per_over": 6,
    "city": "Nottingham",
    "dates": [
      "2017-08-24"
    ],
    "event": {
      "name": "NatWest T20 Blast",
      "stage": "Quarter Final"
    },
    "gender": "male",
    "match_type": "T20",
    "officials": {
      "reserve_umpires": [
        "James Middlebrook"
      ],
      "tv_umpires": [
        "GD Lloyd"
      ],
      "umpires": [
        "NA Mallender",
        "DJ Millns"
      ]
    },
    "outcome": {
      "winner": "Nottinghamshire",
      "by": {
        "wickets": 5
      }
    },
    "overs": 20,
    "player_of_match": [
      "SR Patel"
    ],
    "players": {
      "Somerset": [
        "L Gregory",
        "SM Davies",
        "JG Myburgh",
        "PD Trego",
        "JC Hildreth",
        "RE van der Merwe",
        "MA Leask",
        "C Overton",
        "TD Groenewald",
        "MTC Waller",
        "PA van Meekeren"
      ],
      "Nottinghamshire": [
        "MH Wessels",
        "AD Hales",
        "TJ Moores",
        "BRM Taylor",
        "SR Patel",
        "DT Christian",
        "SJ Mullaney",
        "WT Root",
        "IS Sodhi",
        "JT Ball",
        "HF Gurney"
      ]
    },
    "registry": {
      "people": {
        "AD Hales": "92aeac25",
        "BRM Taylor": "53597be1",
        "C Overton": "e9987a94",
        "DJ Millns": "46ecfe40",
        "DT Christian": "2a2e6343",
        "GD Lloyd": "36e0770d",
        "HF Gurney": "e412cb64",
        "IS Sodhi": "641ac5ff",
        "JC Hildreth": "782c0568",
        "JG Myburgh": "47b4ad09",
        "JT Ball": "3d0ed2f9",
        "James Middlebrook": "ddcd1520",
        "L Gregory": "06c2de82",
        "MA Leask": "28131839",
        "MH Wessels": "90f47cf2",
        "MTC Waller": "d74d1090",
        "NA Mallender": "3b5dfcd4",
        "PA van Meekeren": "4557dc54",
        "PD Trego": "93e06301",
        "RE van der Merwe": "05c2ca46",
        "SJ Mullaney": "0e0d43b4",
        "SM Davies": "8fc65c2b",
        "SR Patel": "18fac429",
        "TD Groenewald": "dddc811c",
        "TJ Moores": "85dcb721",
        "WT Root": "72898514"
      }
    },
    "season": "2017",
    "team_type": "club",
    "teams": [
      "Somerset",
      "Nottinghamshire"
    ],
    "toss": {
      "decision": "field",
      "winner": "Nottinghamshire"
    },
    "venue": "Trent Bridge"
  },
  "innings": [
    {
      "team": "Somerset",
      "overs": [
        {
          "over": 0,
          "deliveries": [
            {
              "batter": "L Gregory",
              "bowler": "SR Patel",
              "non_striker": "SM Davies",
              "runs": {
                "batter": 0,
                "extras": 0,
                "total": 0
              }
            },
            {
              "batter": "L Gregory",
              "bowler": "SR Patel",
              "non_striker": "SM Davies",
              "runs": {
                "batter": 1,
                "extras": 0,
                "total": 1
              }
            },
            {
              "batter": "SM Davies",
              "bowler": "SR Patel",
              "non_striker": "L Gregory",
              "runs": {
                "batter": 0,
                "extras": 0,
                "total": 0
              }
            },
            {
              "batter": "SM Davies",
              "bowler": "SR Patel",
              "non_striker": "L Gregory",
              "runs": {
                "batter": 1,
                "extras": 0,
                "total": 1
              }
            },
            {
              "batter": "L Gregory",
              "bowler": "SR Patel",
              "non_striker": "SM Davies",
              "runs": {
                "batter": 1,
                "extras": 0,
                "total": 1
              }
            },
            {
              "batter": "SM Davies",
              "bowler": "SR Patel",
              "non_striker": "L Gregory",
              "runs": {
                "batter": 0,
                "extras": 0,
                "total": 0
              }
            }
          ]
        },
        {
          "over": 1,
          "deliveries": [
            {
              "batter": "L Gregory",
              "bowler": "HF Gurney",
              "non_striker": "SM Davies",
              "runs": {
                "batter": 1,
                "extras": 0,
                "total": 1
              }
            },
            {
              "batter": "SM Davies",
              "bowler": "HF Gurney",
              "non_striker": "L Gregory",
              "runs": {
                "batter": 2,
                "extras": 0,
                "total": 2
              }
            },
            {
              "batter": "SM Davies",
              "bowler": "HF Gurney",
              "non_striker": "L Gregory",
              "runs": {
                "batter": 4,
                "extras": 0,
                "total": 4
              }
            },
            {
              "batter": "SM Davies",
              "bowler": "HF Gurney",
              "non_striker": "L Gregory",
              "runs": {
                "batter": 0,
                "extras": 0,
                "total": 0
              }
            },
            {
              "batter": "SM Davies",
              "bowler": "HF Gurney",
              "non_striker": "L Gregory",
              "runs": {
                "batter": 0,
                "extras": 0,
                "total": 0
              }
            },
            {
              "batter": "SM Davies",
              "bowler": "HF Gurney",
              "extras": {
                "wides": 1
              },
              "non_striker": "L Gregory",
              "runs": {
                "batter": 0,
                "extras": 1,
                "total": 1
              }
            },
            {
              "batter": "SM Davies",
              "bowler": "HF Gurney",
              "non_striker": "L Gregory",
              "runs": {
                "batter": 6,
                "extras": 0,
                "total": 6
              }
            }
          ]
        },
        {
          "over": 2,
          "deliveries": [
            {
              "batter": "L Gregory",
              "bowler": "JT Ball",
              "non_striker": "SM Davies",
              "runs": {
                "batter": 0,
                "extras": 0,
                "total": 0
              }
            },
            {
              "batter": "L Gregory",
              "bowler": "JT Ball",
              "non_striker": "SM Davies",
              "runs": {
                "batter": 0,
                "extras": 0,
                "total": 0
              },
              "wickets": [
                {
                  "player_out": "L Gregory",
                  "kind": "bowled"
                }
              ]
            },
            {
              "batter": "JG Myburgh",
              "bowler": "JT Ball",
              "non_striker": "SM Davies",
              "runs": {
                "batter": 0,
                "extras": 0,
                "total": 0
              },
              "wickets": [
                {
                  "player_out": "JG Myburgh",
                  "fielders": [
                    {
                      "name": "TJ Moores"
                    }
                  ],
                  "kind": "caught"
                }
              ]
            },
            {
              "batter": "PD Trego",
              "bowler": "JT Ball",
              "non_striker": "SM Davies",
              "runs": {
                "batter": 0,
                "extras": 0,
                "total": 0
              }
            },
            {
              "batter": "PD Trego",
              "bowler": "JT Ball",
              "non_striker": "SM Davies",
              "runs": {
                "batter": 0,
                "extras": 0,
                "total": 0
              }
            },
            {
              "batter": "PD Trego",
              "bowler": "JT Ball",
              "non_striker": "SM Davies",
              "runs": {
                "batter": 0,
                "extras": 0,
                "total": 0
              }
            }
          ]
        },
        {
          "over": 3,
          "deliveries": [
            {
              "batter": "SM Davies",
              "bowler": "DT Christian",
              "non_striker": "PD Trego",
              "runs": {
                "batter": 4,
                "extras": 0,
                "total": 4
              }
            },
            {
              "batter": "SM Davies",
              "bowler": "DT Christian",
              "non_striker": "PD Trego",
              "runs": {
                "batter": 0,
                "extras": 0,
                "total": 0
              }
            },
            {
              "batter": "SM Davies",
              "bowler": "DT Christian",
              "non_striker": "PD Trego",
              "runs": {
                "batter": 0,
                "extras": 0,
                "total": 0
              }
            },
            {
              "batter": "SM Davies",
              "bowler": "DT Christian",
              "non_striker": "PD Trego",
              "runs": {
                "batter": 1,
                "extras": 0,
                "total": 1
              }
            },
            {
              "batter": "PD Trego",
              "bowler": "DT Christian",
              "non_striker": "SM Davies",
              "runs": {
                "batter": 0,
                "extras": 0,
                "total": 0
              }
            },
            {
              "batter": "PD Trego",
              "bowler": "DT Christian",
              "non_striker": "SM Davies",
              "runs": {
                "batter": 1,
                "extras": 0,
                "total": 1
              }
            }
          ]
        },
        {
          "over": 4,
          "deliveries": [
            {
              "batter": "PD Trego",
              "bowler": "JT Ball",
              "non_striker": "SM Davies",
              "runs": {
                "batter": 1,
                "extras": 0,
                "total": 1
              }
            },
            {
              "batter": "SM Davies",
              "bowler": "JT Ball",
              "non_striker": "PD Trego",
              "runs": {
                "batter": 4,
                "extras": 0,
                "total": 4
              }
            },
            {
              "batter": "SM Davies",
              "bowler": "JT Ball",
              "non_striker": "PD Trego",
              "runs": {
                "batter": 0,
                "extras": 0,
                "total": 0
              }
            },
            {
              "batter": "SM Davies",
              "bowler": "JT Ball",
              "non_striker": "PD Trego",
              "runs": {
                "batter": 0,
                "extras": 0,
                "total": 0
              }
            },
            {
              "batter": "SM Davies",
              "bowler": "JT Ball",
              "non_striker": "PD Trego",
              "runs": {
                "batter": 1,
                "extras": 0,
                "total": 1
              }
            },
            {
              "batter": "PD Trego",
              "bowler": "JT Ball",
              "non_striker": "SM Davies",
              "runs": {
                "batter": 0,
                "extras": 0,
                "total": 0
              }
            }
          ]
        },
        {
          "over": 5,
          "deliveries": [
            {
              "batter": "SM Davies",
              "bowler": "HF Gurney",
              "non_striker": "PD Trego",
              "runs": {
                "batter": 1,
                "extras": 0,
                "total": 1
              }
            },
            {
              "batter": "PD Trego",
              "bowler": "HF Gurney",
              "non_striker": "SM Davies",
              "runs": {
                "batter": 0,
                "extras": 0,
                "total": 0
              }
            },
            {
              "batter": "PD Trego",
              "bowler": "HF Gurney",
              "non_striker": "SM Davies",
              "runs": {
                "batter": 1,
                "extras": 0,
                "total": 1
              }
            },
            {
              "batter": "SM Davies",
              "bowler": "HF Gurney",
              "non_striker": "PD Trego",
              "runs": {
                "batter": 1,
                "extras": 0,
                "total": 1
              }
            },
            {
              "batter": "PD Trego",
              "bowler": "HF Gurney",
              "non_striker": "SM Davies",
              "runs": {
                "batter": 4,
                "extras": 0,
                "total": 4
              }
            },
            {
              "batter": "PD Trego",
              "bowler": "HF Gurney",
              "non_striker": "SM Davies",
              "runs": {
                "batter": 1,
                "extras": 0,
                "total": 1
              }
            }
          ]
        },
        {
          "over": 6,
          "deliveries": [
            {
              "batter": "PD Trego",
              "bowler": "IS Sodhi",
              "non_striker": "SM Davies",
              "runs": {
                "batter": 1,
                "extras": 0,
                "total": 1
              }
            },
            {
              "batter": "SM Davies",
              "bowler": "IS Sodhi",
              "non_striker": "PD Trego",
              "runs": {
                "batter": 2,
                "extras": 0,
                "total": 2
              }
            },
            {
              "batter": "SM Davies",
              "bowler": "IS Sodhi",
              "non_striker": "PD Trego",
              "runs": {
                "batter": 1,
                "extras": 0,
                "total": 1
              }
            },
            {
              "batter": "PD Trego",
              "bowler": "IS Sodhi",
              "non_striker": "SM Davies",
              "runs": {
                "batter": 6,
                "extras": 0,
                "total": 6
              }
            },
            {
              "batter": "PD Trego",
              "bowler": "IS Sodhi",
              "non_striker": "SM Davies",
              "runs": {
                "batter": 0,
                "extras": 0,
                "total": 0
              }
            },
            {
              "batter": "PD Trego",
              "bowler": "IS Sodhi",
              "non_striker": "SM Davies",
              "runs": {
                "batter": 0,
                "extras": 0,
                "total": 0
              }
            }
          ]
        },
        {
          "over": 7,
          "deliveries": [
            {
              "batter": "SM Davies",
              "bowler": "SR Patel",
              "non_striker": "PD Trego",
              "runs": {
                "batter": 1,
                "extras": 0,
                "total": 1
              }
            },
            {
              "batter": "PD Trego",
              "bowler": "SR Patel",
              "non_striker": "SM Davies",
              "runs": {
                "batter": 0,
                "extras": 0,
                "total": 0
              }
            },
            {
              "batter": "PD Trego",
              "bowler": "SR Patel",
              "non_striker": "SM Davies",
              "runs": {
                "batter": 1,
                "extras": 0,
                "total": 1
              }
            },
            {
              "batter": "SM Davies",
              "bowler": "SR Patel",
              "non_striker": "PD Trego",
              "runs": {
                "batter": 6,
                "extras": 0,
                "total": 6
              }
            },
            {
              "batter": "SM Davies",
              "bowler": "SR Patel",
              "non_striker": "PD Trego",
              "runs": {
                "batter": 0,
                "extras": 0,
                "total": 0
              }
            },
            {
              "batter": "SM Davies",
              "bowler": "SR Patel",
              "non_striker": "PD Trego",
              "runs": {
                "batter": 4,
                "extras": 0,
                "total": 4
              }
            }
          ]
        },
        {
          "over": 8,
          "deliveries": [
            {
              "batter": "PD Trego",
              "bowler": "IS Sodhi",
              "non_striker": "SM Davies",
              "runs": {
                "batter": 6,
                "extras": 0,
                "total": 6
              }
            },
            {
              "batter": "PD Trego",
              "bowler": "IS Sodhi",
              "non_striker": "SM Davies",
              "runs": {
                "batter": 0,
                "extras": 0,
                "total": 0
              }
            },
            {
              "batter": "PD Trego",
              "bowler": "IS Sodhi",
              "non_striker": "SM Davies",
              "runs": {
                "batter": 1,
                "extras": 0,
                "total": 1
              }
            },
            {
              "batter": "SM Davies",
              "bowler": "IS Sodhi",
              "non_striker": "PD Trego",
              "runs": {
                "batter": 1,
                "extras": 0,
                "total": 1
              }
            },
            {
              "batter": "PD Trego",
              "bowler": "IS Sodhi",
              "non_striker": "SM Davies",
              "runs": {
                "batter": 0,
                "extras": 0,
                "total": 0
              }
            },
            {
              "batter": "PD Trego",
              "bowler": "IS Sodhi",
              "non_striker": "SM Davies",
              "runs": {
                "batter": 2,
                "extras": 0,
                "total": 2
              }
            }
          ]
        },
        {
          "over": 9,
          "deliveries": [
            {
              "batter": "SM Davies",
              "bowler": "SJ Mullaney",
              "non_striker": "PD Trego",
              "runs": {
                "batter": 0,
                "extras": 0,
                "total": 0
              }
            },
            {
              "batter": "SM Davies",
              "bowler": "SJ Mullaney",
              "extras": {
                "legbyes": 1
              },
              "non_striker": "PD Trego",
              "runs": {
                "batter": 0,
                "extras": 1,
                "total": 1
              }
            },
            {
              "batter": "PD Trego",
              "bowler": "SJ Mullaney",
              "non_striker": "SM Davies",
              "runs": {
                "batter": 4,
                "extras": 0,
                "total": 4
              }
            },
            {
              "batter": "PD Trego",
              "bowler": "SJ Mullaney",
              "non_striker": "SM Davies",
              "runs": {
                "batter": 0,
                "extras": 0,
                "total": 0
              }
            },
            {
              "batter": "PD Trego",
              "bowler": "SJ Mullaney",
              "non_striker": "SM Davies",
              "runs": {
                "batter": 1,
                "extras": 0,
                "total": 1
              }
            },
            {
              "batter": "SM Davies",
              "bowler": "SJ Mullaney",
              "non_striker": "PD Trego",
              "runs": {
                "batter": 1,
                "extras": 0,
                "total": 1
              }
            }
          ]
        },
        {
          "over": 10,
          "deliveries": [
            {
              "batter": "SM Davies",
              "bowler": "DT Christian",
              "non_striker": "PD Trego",
              "runs": {
                "batter": 1,
                "extras": 0,
                "total": 1
              }
            },
            {
              "batter": "PD Trego",
              "bowler": "DT Christian",
              "non_striker": "SM Davies",
              "runs": {
                "batter": 0,
                "extras": 0,
                "total": 0
              }
            },
            {
              "batter": "PD Trego",
              "bowler": "DT Christian",
              "non_striker": "SM Davies",
              "runs": {
                "batter": 1,
                "extras": 0,
                "total": 1
              }
            },
            {
              "batter": "SM Davies",
              "bowler": "DT Christian",
              "non_striker": "PD Trego",
              "runs": {
                "batter": 1,
                "extras": 0,
                "total": 1
              }
            },
            {
              "batter": "PD Trego",
              "bowler": "DT Christian",
              "non_striker": "SM Davies",
              "runs": {
                "batter": 1,
                "extras": 0,
                "total": 1
              }
            },
            {
              "batter": "SM Davies",
              "bowler": "DT Christian",
              "extras": {
                "legbyes": 1
              },
              "non_striker": "PD Trego",
              "runs": {
                "batter": 0,
                "extras": 1,
                "total": 1
              }
            }
          ]
        },
        {
          "over": 11,
          "deliveries": [
            {
              "batter": "SM Davies",
              "bowler": "SJ Mullaney",
              "non_striker": "PD Trego",
              "runs": {
                "batter": 6,
                "extras": 0,
                "total": 6
              }
            },
            {
              "batter": "SM Davies",
              "bowler": "SJ Mullaney",
              "non_striker": "PD Trego",
              "runs": {
                "batter": 1,
                "extras": 0,
                "total": 1
              }
            },
            {
              "batter": "PD Trego",
              "bowler": "SJ Mullaney",
              "non_striker": "SM Davies",
              "runs": {
                "batter": 1,
                "extras": 0,
                "total": 1
              }
            },
            {
              "batter": "SM Davies",
              "bowler": "SJ Mullaney",
              "extras": {
                "byes": 1
              },
              "non_striker": "PD Trego",
              "runs": {
                "batter": 0,
                "extras": 1,
                "total": 1
              }
            },
            {
              "batter": "PD Trego",
              "bowler": "SJ Mullaney",
              "non_striker": "SM Davies",
              "runs": {
                "batter": 4,
                "extras": 0,
                "total": 4
              }
            },
            {
              "batter": "PD Trego",
              "bowler": "SJ Mullaney",
              "non_striker": "SM Davies",
              "runs": {
                "batter": 1,
                "extras": 0,
                "total": 1
              }
            }
          ]
        },
        {
          "over": 12,
          "deliveries": [
            {
              "batter": "PD Trego",
              "bowler": "DT Christian",
              "non_striker": "SM Davies",
              "runs": {
                "batter": 1,
                "extras": 0,
                "total": 1
              }
            },
            {
              "batter": "SM Davies",
              "bowler": "DT Christian",
              "non_striker": "PD Trego",
              "runs": {
                "batter": 2,
                "extras": 0,
                "total": 2
              }
            },
            {
              "batter": "SM Davies",
              "bowler": "DT Christian",
              "non_striker": "PD Trego",
              "runs": {
                "batter": 1,
                "extras": 0,
                "total": 1
              }
            },
            {
              "batter": "PD Trego",
              "bowler": "DT Christian",
              "extras": {
                "wides": 1
              },
              "non_striker": "SM Davies",
              "runs": {
                "batter": 0,
                "extras": 1,
                "total": 1
              }
            },
            {
              "batter": "PD Trego",
              "bowler": "DT Christian",
              "non_striker": "SM Davies",
              "runs": {
                "batter": 1,
                "extras": 0,
                "total": 1
              }
            },
            {
              "batter": "SM Davies",
              "bowler": "DT Christian",
              "non_striker": "PD Trego",
              "runs": {
                "batter": 1,
                "extras": 0,
                "total": 1
              }
            },
            {
              "batter": "PD Trego",
              "bowler": "DT Christian",
              "non_striker": "SM Davies",
              "runs": {
                "batter": 0,
                "extras": 0,
                "total": 0
              },
              "wickets": [
                {
                  "player_out": "PD Trego",
                  "fielders": [
                    {
                      "name": "JT Ball"
                    }
                  ],
                  "kind": "caught"
                }
              ]
            }
          ]
        },
        {
          "over": 13,
          "deliveries": [
            {
              "batter": "JC Hildreth",
              "bowler": "SR Patel",
              "non_striker": "SM Davies",
              "runs": {
                "batter": 0,
                "extras": 0,
                "total": 0
              },
              "wickets": [
                {
                  "player_out": "JC Hildreth",
                  "kind": "caught and bowled"
                }
              ]
            },
            {
              "batter": "RE van der Merwe",
              "bowler": "SR Patel",
              "non_striker": "SM Davies",
              "runs": {
                "batter": 1,
                "extras": 0,
                "total": 1
              }
            },
            {
              "batter": "SM Davies",
              "bowler": "SR Patel",
              "non_striker": "RE van der Merwe",
              "runs": {
                "batter": 0,
                "extras": 0,
                "total": 0
              }
            },
            {
              "batter": "SM Davies",
              "bowler": "SR Patel",
              "non_striker": "RE van der Merwe",
              "runs": {
                "batter": 1,
                "extras": 0,
                "total": 1
              }
            },
            {
              "batter": "RE van der Merwe",
              "bowler": "SR Patel",
              "non_striker": "SM Davies",
              "runs": {
                "batter": 1,
                "extras": 0,
                "total": 1
              }
            },
            {
              "batter": "SM Davies",
              "bowler": "SR Patel",
              "non_striker": "RE van der Merwe",
              "runs": {
                "batter": 4,
                "extras": 0,
                "total": 4
              }
            }
          ]
        },
        {
          "over": 14,
          "deliveries": [
            {
              "batter": "RE van der Merwe",
              "bowler": "DT Christian",
              "non_striker": "SM Davies",
              "runs": {
                "batter": 4,
                "extras": 0,
                "total": 4
              }
            },
            {
              "batter": "RE van der Merwe",
              "bowler": "DT Christian",
              "non_striker": "SM Davies",
              "runs": {
                "batter": 0,
                "extras": 0,
                "total": 0
              }
            },
            {
              "batter": "RE van der Merwe",
              "bowler": "DT Christian",
              "non_striker": "SM Davies",
              "runs": {
                "batter": 1,
                "extras": 0,
                "total": 1
              }
            },
            {
              "batter": "SM Davies",
              "bowler": "DT Christian",
              "non_striker": "RE van der Merwe",
              "runs": {
                "batter": 0,
                "extras": 0,
                "total": 0
              },
              "wickets": [
                {
                  "player_out": "SM Davies",
                  "fielders": [
                    {
                      "name": "AD Hales"
                    }
                  ],
                  "kind": "caught"
                }
              ]
            },
            {
              "batter": "RE van der Merwe",
              "bowler": "DT Christian",
              "non_striker": "MA Leask",
              "runs": {
                "batter": 1,
                "extras": 0,
                "total": 1
              }
            },
            {
              "batter": "MA Leask",
              "bowler": "DT Christian",
              "non_striker": "RE van der Merwe",
              "runs": {
                "batter": 0,
                "extras": 0,
                "total": 0
              }
            }
          ]
        },
        {
          "over": 15,
          "deliveries": [
            {
              "batter": "RE van der Merwe",
              "bowler": "SR Patel",
              "non_striker": "MA Leask",
              "runs": {
                "batter": 1,
                "extras": 0,
                "total": 1
              }
            },
            {
              "batter": "MA Leask",
              "bowler": "SR Patel",
              "non_striker": "RE van der Merwe",
              "runs": {
                "batter": 0,
                "extras": 0,
                "total": 0
              }
            },
            {
              "batter": "MA Leask",
              "bowler": "SR Patel",
              "non_striker": "RE van der Merwe",
              "runs": {
                "batter": 1,
                "extras": 0,
                "total": 1
              }
            },
            {
              "batter": "RE van der Merwe",
              "bowler": "SR Patel",
              "non_striker": "MA Leask",
              "runs": {
                "batter": 1,
                "extras": 0,
                "total": 1
              }
            },
            {
              "batter": "MA Leask",
              "bowler": "SR Patel",
              "non_striker": "RE van der Merwe",
              "runs": {
                "batter": 0,
                "extras": 0,
                "total": 0
              },
              "wickets": [
                {
                  "player_out": "MA Leask",
                  "fielders": [
                    {
                      "name": "SJ Mullaney"
                    }
                  ],
                  "kind": "caught"
                }
              ]
            },
            {
              "batter": "C Overton",
              "bowler": "SR Patel",
              "non_striker": "RE van der Merwe",
              "runs": {
                "batter": 1,
                "extras": 0,
                "total": 1
              }
            }
          ]
        },
        {
          "over": 16,
          "deliveries": [
            {
              "batter": "C Overton",
              "bowler": "JT Ball",
              "non_striker": "RE van der Merwe",
              "runs": {
                "batter": 1,
                "extras": 0,
                "total": 1
              }
            },
            {
              "batter": "RE van der Merwe",
              "bowler": "JT Ball",
              "non_striker": "C Overton",
              "runs": {
                "batter": 1,
                "extras": 0,
                "total": 1
              }
            },
            {
              "batter": "C Overton",
              "bowler": "JT Ball",
              "non_striker": "RE van der Merwe",
              "runs": {
                "batter": 2,
                "extras": 0,
                "total": 2
              }
            },
            {
              "batter": "C Overton",
              "bowler": "JT Ball",
              "non_striker": "RE van der Merwe",
              "runs": {
                "batter": 0,
                "extras": 0,
                "total": 0
              }
            },
            {
              "batter": "C Overton",
              "bowler": "JT Ball",
              "non_striker": "RE van der Merwe",
              "runs": {
                "batter": 2,
                "extras": 0,
                "total": 2
              }
            },
            {
              "batter": "C Overton",
              "bowler": "JT Ball",
              "non_striker": "RE van der Merwe",
              "runs": {
                "batter": 0,
                "extras": 0,
                "total": 0
              }
            }
          ]
        },
        {
          "over": 17,
          "deliveries": [
            {
              "batter": "RE van der Merwe",
              "bowler": "HF Gurney",
              "non_striker": "C Overton",
              "runs": {
                "batter": 4,
                "extras": 0,
                "total": 4
              }
            },
            {
              "batter": "RE van der Merwe",
              "bowler": "HF Gurney",
              "non_striker": "C Overton",
              "runs": {
                "batter": 1,
                "extras": 0,
                "total": 1
              }
            },
            {
              "batter": "C Overton",
              "bowler": "HF Gurney",
              "non_striker": "RE van der Merwe",
              "runs": {
                "batter": 2,
                "extras": 0,
                "total": 2
              }
            },
            {
              "batter": "C Overton",
              "bowler": "HF Gurney",
              "non_striker": "RE van der Merwe",
              "runs": {
                "batter": 0,
                "extras": 0,
                "total": 0
              }
            },
            {
              "batter": "C Overton",
              "bowler": "HF Gurney",
              "non_striker": "RE van der Merwe",
              "runs": {
                "batter": 1,
                "extras": 0,
                "total": 1
              }
            },
            {
              "batter": "RE van der Merwe",
              "bowler": "HF Gurney",
              "extras": {
                "noballs": 2
              },
              "non_striker": "C Overton",
              "runs": {
                "batter": 2,
                "extras": 2,
                "total": 4
              }
            },
            {
              "batter": "RE van der Merwe",
              "bowler": "HF Gurney",
              "non_striker": "C Overton",
              "runs": {
                "batter": 0,
                "extras": 0,
                "total": 0
              }
            }
          ]
        },
        {
          "over": 18,
          "deliveries": [
            {
              "batter": "C Overton",
              "bowler": "JT Ball",
              "non_striker": "RE van der Merwe",
              "runs": {
                "batter": 0,
                "extras": 0,
                "total": 0
              }
            },
            {
              "batter": "C Overton",
              "bowler": "JT Ball",
              "non_striker": "RE van der Merwe",
              "runs": {
                "batter": 1,
                "extras": 0,
                "total": 1
              }
            },
            {
              "batter": "RE van der Merwe",
              "bowler": "JT Ball",
              "non_striker": "C Overton",
              "runs": {
                "batter": 2,
                "extras": 0,
                "total": 2
              }
            },
            {
              "batter": "RE van der Merwe",
              "bowler": "JT Ball",
              "non_striker": "C Overton",
              "runs": {
                "batter": 1,
                "extras": 0,
                "total": 1
              }
            },
            {
              "batter": "C Overton",
              "bowler": "JT Ball",
              "non_striker": "RE van der Merwe",
              "runs": {
                "batter": 1,
                "extras": 0,
                "total": 1
              }
            },
            {
              "batter": "RE van der Merwe",
              "bowler": "JT Ball",
              "non_striker": "C Overton",
              "runs": {
                "batter": 4,
                "extras": 0,
                "total": 4
              }
            }
          ]
        },
        {
          "over": 19,
          "deliveries": [
            {
              "batter": "C Overton",
              "bowler": "HF Gurney",
              "non_striker": "RE van der Merwe",
              "runs": {
                "batter": 0,
                "extras": 0,
                "total": 0
              }
            },
            {
              "batter": "C Overton",
              "bowler": "HF Gurney",
              "non_striker": "RE van der Merwe",
              "runs": {
                "batter": 1,
                "extras": 0,
                "total": 1
              }
            },
            {
              "batter": "RE van der Merwe",
              "bowler": "HF Gurney",
              "non_striker": "C Overton",
              "runs": {
                "batter": 1,
                "extras": 0,
                "total": 1
              }
            },
            {
              "batter": "C Overton",
              "bowler": "HF Gurney",
              "non_striker": "RE van der Merwe",
              "runs": {
                "batter": 1,
                "extras": 0,
                "total": 1
              }
            },
            {
              "batter": "RE van der Merwe",
              "bowler": "HF Gurney",
              "non_striker": "C Overton",
              "runs": {
                "batter": 1,
                "extras": 0,
                "total": 1
              }
            },
            {
              "batter": "C Overton",
              "bowler": "HF Gurney",
              "non_striker": "RE van der Merwe",
              "runs": {
                "batter": 1,
                "extras": 0,
                "total": 1
              }
            }
          ]
        }
      ],
      "powerplays": [
        {
          "from": 0.1,
          "to": 5.6,
          "type": "mandatory"
        }
      ]
    },
    {
      "team": "Nottinghamshire",
      "overs": [
        {
          "over": 0,
          "deliveries": [
            {
              "batter": "MH Wessels",
              "bowler": "MTC Waller",
              "non_striker": "AD Hales",
              "runs": {
                "batter": 1,
                "extras": 0,
                "total": 1
              }
            },
            {
              "batter": "AD Hales",
              "bowler": "MTC Waller",
              "non_striker": "MH Wessels",
              "runs": {
                "batter": 1,
                "extras": 0,
                "total": 1
              }
            },
            {
              "batter": "MH Wessels",
              "bowler": "MTC Waller",
              "non_striker": "AD Hales",
              "runs": {
                "batter": 0,
                "extras": 0,
                "total": 0
              },
              "wickets": [
                {
                  "player_out": "MH Wessels",
                  "fielders": [
                    {
                      "name": "C Overton"
                    }
                  ],
                  "kind": "caught"
                }
              ]
            },
            {
              "batter": "TJ Moores",
              "bowler": "MTC Waller",
              "non_striker": "AD Hales",
              "runs": {
                "batter": 1,
                "extras": 0,
                "total": 1
              }
            },
            {
              "batter": "AD Hales",
              "bowler": "MTC Waller",
              "non_striker": "TJ Moores",
              "runs": {
                "batter": 0,
                "extras": 0,
                "total": 0
              }
            },
            {
              "batter": "AD Hales",
              "bowler": "MTC Waller",
              "non_striker": "TJ Moores",
              "runs": {
                "batter": 1,
                "extras": 0,
                "total": 1
              }
            }
          ]
        },
        {
          "over": 1,
          "deliveries": [
            {
              "batter": "AD Hales",
              "bowler": "C Overton",
              "non_striker": "TJ Moores",
              "runs": {
                "batter": 4,
                "extras": 0,
                "total": 4
              }
            },
            {
              "batter": "AD Hales",
              "bowler": "C Overton",
              "non_striker": "TJ Moores",
              "runs": {
                "batter": 4,
                "extras": 0,
                "total": 4
              }
            },
            {
              "batter": "AD Hales",
              "bowler": "C Overton",
              "non_striker": "TJ Moores",
              "runs": {
                "batter": 4,
                "extras": 0,
                "total": 4
              }
            },
            {
              "batter": "AD Hales",
              "bowler": "C Overton",
              "non_striker": "TJ Moores",
              "runs": {
                "batter": 0,
                "extras": 0,
                "total": 0
              }
            },
            {
              "batter": "AD Hales",
              "bowler": "C Overton",
              "non_striker": "TJ Moores",
              "runs": {
                "batter": 0,
                "extras": 0,
                "total": 0
              }
            },
            {
              "batter": "AD Hales",
              "bowler": "C Overton",
              "non_striker": "TJ Moores",
              "runs": {
                "batter": 0,
                "extras": 0,
                "total": 0
              }
            }
          ]
        },
        {
          "over": 2,
          "deliveries": [
            {
              "batter": "TJ Moores",
              "bowler": "PA van Meekeren",
              "non_striker": "AD Hales",
              "runs": {
                "batter": 4,
                "extras": 0,
                "total": 4
              }
            },
            {
              "batter": "TJ Moores",
              "bowler": "PA van Meekeren",
              "non_striker": "AD Hales",
              "runs": {
                "batter": 0,
                "extras": 0,
                "total": 0
              }
            },
            {
              "batter": "TJ Moores",
              "bowler": "PA van Meekeren",
              "non_striker": "AD Hales",
              "runs": {
                "batter": 0,
                "extras": 0,
                "total": 0
              }
            },
            {
              "batter": "TJ Moores",
              "bowler": "PA van Meekeren",
              "non_striker": "AD Hales",
              "runs": {
                "batter": 0,
                "extras": 0,
                "total": 0
              }
            },
            {
              "batter": "TJ Moores",
              "bowler": "PA van Meekeren",
              "non_striker": "AD Hales",
              "runs": {
                "batter": 6,
                "extras": 0,
                "total": 6
              }
            },
            {
              "batter": "TJ Moores",
              "bowler": "PA van Meekeren",
              "non_striker": "AD Hales",
              "runs": {
                "batter": 0,
                "extras": 0,
                "total": 0
              }
            }
          ]
        },
        {
          "over": 3,
          "deliveries": [
            {
              "batter": "AD Hales",
              "bowler": "L Gregory",
              "non_striker": "TJ Moores",
              "runs": {
                "batter": 0,
                "extras": 0,
                "total": 0
              }
            },
            {
              "batter": "AD Hales",
              "bowler": "L Gregory",
              "non_striker": "TJ Moores",
              "runs": {
                "batter": 0,
                "extras": 0,
                "total": 0
              },
              "wickets": [
                {
                  "player_out": "AD Hales",
                  "fielders": [
                    {
                      "name": "PD Trego"
                    }
                  ],
                  "kind": "caught"
                }
              ]
            },
            {
              "batter": "BRM Taylor",
              "bowler": "L Gregory",
              "non_striker": "TJ Moores",
              "runs": {
                "batter": 0,
                "extras": 0,
                "total": 0
              }
            },
            {
              "batter": "BRM Taylor",
              "bowler": "L Gregory",
              "non_striker": "TJ Moores",
              "runs": {
                "batter": 0,
                "extras": 0,
                "total": 0
              }
            },
            {
              "batter": "BRM Taylor",
              "bowler": "L Gregory",
              "non_striker": "TJ Moores",
              "runs": {
                "batter": 1,
                "extras": 0,
                "total": 1
              }
            },
            {
              "batter": "TJ Moores",
              "bowler": "L Gregory",
              "non_striker": "BRM Taylor",
              "runs": {
                "batter": 1,
                "extras": 0,
                "total": 1
              }
            }
          ]
        },
        {
          "over": 4,
          "deliveries": [
            {
              "batter": "TJ Moores",
              "bowler": "C Overton",
              "non_striker": "BRM Taylor",
              "runs": {
                "batter": 0,
                "extras": 0,
                "total": 0
              }
            },
            {
              "batter": "TJ Moores",
              "bowler": "C Overton",
              "non_striker": "BRM Taylor",
              "runs": {
                "batter": 1,
                "extras": 0,
                "total": 1
              }
            },
            {
              "batter": "BRM Taylor",
              "bowler": "C Overton",
              "non_striker": "TJ Moores",
              "runs": {
                "batter": 4,
                "extras": 0,
                "total": 4
              }
            },
            {
              "batter": "BRM Taylor",
              "bowler": "C Overton",
              "non_striker": "TJ Moores",
              "runs": {
                "batter": 0,
                "extras": 0,
                "total": 0
              }
            },
            {
              "batter": "BRM Taylor",
              "bowler": "C Overton",
              "non_striker": "TJ Moores",
              "runs": {
                "batter": 1,
                "extras": 0,
                "total": 1
              }
            },
            {
              "batter": "TJ Moores",
              "bowler": "C Overton",
              "non_striker": "BRM Taylor",
              "runs": {
                "batter": 0,
                "extras": 0,
                "total": 0
              },
              "wickets": [
                {
                  "player_out": "TJ Moores",
                  "fielders": [
                    {
                      "name": "RE van der Merwe"
                    }
                  ],
                  "kind": "caught"
                }
              ]
            }
          ]
        },
        {
          "over": 5,
          "deliveries": [
            {
              "batter": "BRM Taylor",
              "bowler": "L Gregory",
              "non_striker": "SR Patel",
              "runs": {
                "batter": 0,
                "extras": 0,
                "total": 0
              }
            },
            {
              "batter": "BRM Taylor",
              "bowler": "L Gregory",
              "non_striker": "SR Patel",
              "runs": {
                "batter": 1,
                "extras": 0,
                "total": 1
              }
            },
            {
              "batter": "SR Patel",
              "bowler": "L Gregory",
              "non_striker": "BRM Taylor",
              "runs": {
                "batter": 4,
                "extras": 0,
                "total": 4
              }
            },
            {
              "batter": "SR Patel",
              "bowler": "L Gregory",
              "non_striker": "BRM Taylor",
              "runs": {
                "batter": 1,
                "extras": 0,
                "total": 1
              }
            },
            {
              "batter": "BRM Taylor",
              "bowler": "L Gregory",
              "non_striker": "SR Patel",
              "runs": {
                "batter": 0,
                "extras": 0,
                "total": 0
              }
            },
            {
              "batter": "BRM Taylor",
              "bowler": "L Gregory",
              "non_striker": "SR Patel",
              "runs": {
                "batter": 4,
                "extras": 0,
                "total": 4
              }
            }
          ]
        },
        {
          "over": 6,
          "deliveries": [
            {
              "batter": "SR Patel",
              "bowler": "RE van der Merwe",
              "non_striker": "BRM Taylor",
              "runs": {
                "batter": 1,
                "extras": 0,
                "total": 1
              }
            },
            {
              "batter": "BRM Taylor",
              "bowler": "RE van der Merwe",
              "non_striker": "SR Patel",
              "runs": {
                "batter": 2,
                "extras": 0,
                "total": 2
              }
            },
            {
              "batter": "BRM Taylor",
              "bowler": "RE van der Merwe",
              "non_striker": "SR Patel",
              "runs": {
                "batter": 1,
                "extras": 0,
                "total": 1
              }
            },
            {
              "batter": "SR Patel",
              "bowler": "RE van der Merwe",
              "non_striker": "BRM Taylor",
              "runs": {
                "batter": 0,
                "extras": 0,
                "total": 0
              }
            },
            {
              "batter": "SR Patel",
              "bowler": "RE van der Merwe",
              "non_striker": "BRM Taylor",
              "runs": {
                "batter": 1,
                "extras": 0,
                "total": 1
              }
            },
            {
              "batter": "BRM Taylor",
              "bowler": "RE van der Merwe",
              "non_striker": "SR Patel",
              "runs": {
                "batter": 0,
                "extras": 0,
                "total": 0
              }
            }
          ]
        },
        {
          "over": 7,
          "deliveries": [
            {
              "batter": "SR Patel",
              "bowler": "MTC Waller",
              "non_striker": "BRM Taylor",
              "runs": {
                "batter": 1,
                "extras": 0,
                "total": 1
              }
            },
            {
              "batter": "BRM Taylor",
              "bowler": "MTC Waller",
              "non_striker": "SR Patel",
              "runs": {
                "batter": 1,
                "extras": 0,
                "total": 1
              }
            },
            {
              "batter": "SR Patel",
              "bowler": "MTC Waller",
              "non_striker": "BRM Taylor",
              "runs": {
                "batter": 4,
                "extras": 0,
                "total": 4
              }
            },
            {
              "batter": "SR Patel",
              "bowler": "MTC Waller",
              "non_striker": "BRM Taylor",
              "runs": {
                "batter": 1,
                "extras": 0,
                "total": 1
              }
            },
            {
              "batter": "BRM Taylor",
              "bowler": "MTC Waller",
              "non_striker": "SR Patel",
              "runs": {
                "batter": 1,
                "extras": 0,
                "total": 1
              }
            },
            {
              "batter": "SR Patel",
              "bowler": "MTC Waller",
              "non_striker": "BRM Taylor",
              "runs": {
                "batter": 0,
                "extras": 0,
                "total": 0
              }
            }
          ]
        },
        {
          "over": 8,
          "deliveries": [
            {
              "batter": "BRM Taylor",
              "bowler": "RE van der Merwe",
              "non_striker": "SR Patel",
              "runs": {
                "batter": 1,
                "extras": 0,
                "total": 1
              }
            },
            {
              "batter": "SR Patel",
              "bowler": "RE van der Merwe",
              "non_striker": "BRM Taylor",
              "runs": {
                "batter": 1,
                "extras": 0,
                "total": 1
              }
            },
            {
              "batter": "BRM Taylor",
              "bowler": "RE van der Merwe",
              "non_striker": "SR Patel",
              "runs": {
                "batter": 1,
                "extras": 0,
                "total": 1
              }
            },
            {
              "batter": "SR Patel",
              "bowler": "RE van der Merwe",
              "non_striker": "BRM Taylor",
              "runs": {
                "batter": 0,
                "extras": 0,
                "total": 0
              }
            },
            {
              "batter": "SR Patel",
              "bowler": "RE van der Merwe",
              "non_striker": "BRM Taylor",
              "runs": {
                "batter": 1,
                "extras": 0,
                "total": 1
              }
            },
            {
              "batter": "BRM Taylor",
              "bowler": "RE van der Merwe",
              "non_striker": "SR Patel",
              "runs": {
                "batter": 1,
                "extras": 0,
                "total": 1
              }
            }
          ]
        },
        {
          "over": 9,
          "deliveries": [
            {
              "batter": "BRM Taylor",
              "bowler": "TD Groenewald",
              "non_striker": "SR Patel",
              "runs": {
                "batter": 1,
                "extras": 0,
                "total": 1
              }
            },
            {
              "batter": "SR Patel",
              "bowler": "TD Groenewald",
              "non_striker": "BRM Taylor",
              "runs": {
                "batter": 1,
                "extras": 0,
                "total": 1
              }
            },
            {
              "batter": "BRM Taylor",
              "bowler": "TD Groenewald",
              "extras": {
                "wides": 1
              },
              "non_striker": "SR Patel",
              "runs": {
                "batter": 0,
                "extras": 1,
                "total": 1
              }
            },
            {
              "batter": "BRM Taylor",
              "bowler": "TD Groenewald",
              "extras": {
                "wides": 1
              },
              "non_striker": "SR Patel",
              "runs": {
                "batter": 0,
                "extras": 1,
                "total": 1
              }
            },
            {
              "batter": "BRM Taylor",
              "bowler": "TD Groenewald",
              "non_striker": "SR Patel",
              "runs": {
                "batter": 0,
                "extras": 0,
                "total": 0
              },
              "wickets": [
                {
                  "player_out": "BRM Taylor",
                  "kind": "run out"
                }
              ]
            },
            {
              "batter": "DT Christian",
              "bowler": "TD Groenewald",
              "non_striker": "SR Patel",
              "runs": {
                "batter": 1,
                "extras": 0,
                "total": 1
              }
            },
            {
              "batter": "SR Patel",
              "bowler": "TD Groenewald",
              "non_striker": "DT Christian",
              "runs": {
                "batter": 1,
                "extras": 0,
                "total": 1
              }
            },
            {
              "batter": "DT Christian",
              "bowler": "TD Groenewald",
              "non_striker": "SR Patel",
              "runs": {
                "batter": 1,
                "extras": 0,
                "total": 1
              }
            }
          ]
        },
        {
          "over": 10,
          "deliveries": [
            {
              "batter": "DT Christian",
              "bowler": "MTC Waller",
              "non_striker": "SR Patel",
              "runs": {
                "batter": 1,
                "extras": 0,
                "total": 1
              }
            },
            {
              "batter": "SR Patel",
              "bowler": "MTC Waller",
              "non_striker": "DT Christian",
              "runs": {
                "batter": 1,
                "extras": 0,
                "total": 1
              }
            },
            {
              "batter": "DT Christian",
              "bowler": "MTC Waller",
              "non_striker": "SR Patel",
              "runs": {
                "batter": 1,
                "extras": 0,
                "total": 1
              }
            },
            {
              "batter": "SR Patel",
              "bowler": "MTC Waller",
              "non_striker": "DT Christian",
              "runs": {
                "batter": 0,
                "extras": 0,
                "total": 0
              }
            },
            {
              "batter": "SR Patel",
              "bowler": "MTC Waller",
              "non_striker": "DT Christian",
              "runs": {
                "batter": 1,
                "extras": 0,
                "total": 1
              }
            },
            {
              "batter": "DT Christian",
              "bowler": "MTC Waller",
              "non_striker": "SR Patel",
              "runs": {
                "batter": 1,
                "extras": 0,
                "total": 1
              }
            }
          ]
        },
        {
          "over": 11,
          "deliveries": [
            {
              "batter": "DT Christian",
              "bowler": "TD Groenewald",
              "non_striker": "SR Patel",
              "runs": {
                "batter": 0,
                "extras": 0,
                "total": 0
              }
            },
            {
              "batter": "DT Christian",
              "bowler": "TD Groenewald",
              "non_striker": "SR Patel",
              "runs": {
                "batter": 1,
                "extras": 0,
                "total": 1
              }
            },
            {
              "batter": "SR Patel",
              "bowler": "TD Groenewald",
              "non_striker": "DT Christian",
              "runs": {
                "batter": 1,
                "extras": 0,
                "total": 1
              }
            },
            {
              "batter": "DT Christian",
              "bowler": "TD Groenewald",
              "non_striker": "SR Patel",
              "runs": {
                "batter": 1,
                "extras": 0,
                "total": 1
              }
            },
            {
              "batter": "SR Patel",
              "bowler": "TD Groenewald",
              "non_striker": "DT Christian",
              "runs": {
                "batter": 6,
                "extras": 0,
                "total": 6
              }
            },
            {
              "batter": "SR Patel",
              "bowler": "TD Groenewald",
              "non_striker": "DT Christian",
              "runs": {
                "batter": 4,
                "extras": 0,
                "total": 4
              }
            }
          ]
        },
        {
          "over": 12,
          "deliveries": [
            {
              "batter": "DT Christian",
              "bowler": "MTC Waller",
              "non_striker": "SR Patel",
              "runs": {
                "batter": 4,
                "extras": 0,
                "total": 4
              }
            },
            {
              "batter": "DT Christian",
              "bowler": "MTC Waller",
              "non_striker": "SR Patel",
              "runs": {
                "batter": 0,
                "extras": 0,
                "total": 0
              }
            },
            {
              "batter": "DT Christian",
              "bowler": "MTC Waller",
              "non_striker": "SR Patel",
              "runs": {
                "batter": 6,
                "extras": 0,
                "total": 6
              }
            },
            {
              "batter": "DT Christian",
              "bowler": "MTC Waller",
              "non_striker": "SR Patel",
              "runs": {
                "batter": 1,
                "extras": 0,
                "total": 1
              }
            },
            {
              "batter": "SR Patel",
              "bowler": "MTC Waller",
              "non_striker": "DT Christian",
              "runs": {
                "batter": 0,
                "extras": 0,
                "total": 0
              }
            },
            {
              "batter": "SR Patel",
              "bowler": "MTC Waller",
              "non_striker": "DT Christian",
              "runs": {
                "batter": 0,
                "extras": 0,
                "total": 0
              }
            }
          ]
        },
        {
          "over": 13,
          "deliveries": [
            {
              "batter": "DT Christian",
              "bowler": "PA van Meekeren",
              "non_striker": "SR Patel",
              "runs": {
                "batter": 1,
                "extras": 0,
                "total": 1
              }
            },
            {
              "batter": "SR Patel",
              "bowler": "PA van Meekeren",
              "non_striker": "DT Christian",
              "runs": {
                "batter": 0,
                "extras": 0,
                "total": 0
              }
            },
            {
              "batter": "SR Patel",
              "bowler": "PA van Meekeren",
              "non_striker": "DT Christian",
              "runs": {
                "batter": 4,
                "extras": 0,
                "total": 4
              }
            },
            {
              "batter": "SR Patel",
              "bowler": "PA van Meekeren",
              "non_striker": "DT Christian",
              "runs": {
                "batter": 6,
                "extras": 0,
                "total": 6
              }
            },
            {
              "batter": "SR Patel",
              "bowler": "PA van Meekeren",
              "non_striker": "DT Christian",
              "runs": {
                "batter": 0,
                "extras": 0,
                "total": 0
              }
            },
            {
              "batter": "SR Patel",
              "bowler": "PA van Meekeren",
              "non_striker": "DT Christian",
              "runs": {
                "batter": 4,
                "extras": 0,
                "total": 4
              }
            }
          ]
        },
        {
          "over": 14,
          "deliveries": [
            {
              "batter": "DT Christian",
              "bowler": "RE van der Merwe",
              "non_striker": "SR Patel",
              "runs": {
                "batter": 2,
                "extras": 0,
                "total": 2
              }
            },
            {
              "batter": "DT Christian",
              "bowler": "RE van der Merwe",
              "non_striker": "SR Patel",
              "runs": {
                "batter": 0,
                "extras": 0,
                "total": 0
              }
            },
            {
              "batter": "DT Christian",
              "bowler": "RE van der Merwe",
              "non_striker": "SR Patel",
              "runs": {
                "batter": 1,
                "extras": 0,
                "total": 1
              }
            },
            {
              "batter": "SR Patel",
              "bowler": "RE van der Merwe",
              "non_striker": "DT Christian",
              "runs": {
                "batter": 1,
                "extras": 0,
                "total": 1
              }
            },
            {
              "batter": "DT Christian",
              "bowler": "RE van der Merwe",
              "non_striker": "SR Patel",
              "runs": {
                "batter": 2,
                "extras": 0,
                "total": 2
              }
            },
            {
              "batter": "DT Christian",
              "bowler": "RE van der Merwe",
              "non_striker": "SR Patel",
              "runs": {
                "batter": 1,
                "extras": 0,
                "total": 1
              }
            }
          ]
        },
        {
          "over": 15,
          "deliveries": [
            {
              "batter": "DT Christian",
              "bowler": "L Gregory",
              "non_striker": "SR Patel",
              "runs": {
                "batter": 0,
                "extras": 0,
                "total": 0
              },
              "wickets": [
                {
                  "player_out": "SR Patel",
                  "kind": "run out"
                }
              ]
            },
            {
              "batter": "SJ Mullaney",
              "bowler": "L Gregory",
              "non_striker": "DT Christian",
              "runs": {
                "batter": 0,
                "extras": 0,
                "total": 0
              }
            },
            {
              "batter": "SJ Mullaney",
              "bowler": "L Gregory",
              "non_striker": "DT Christian",
              "runs": {
                "batter": 1,
                "extras": 0,
                "total": 1
              }
            },
            {
              "batter": "DT Christian",
              "bowler": "L Gregory",
              "non_striker": "SJ Mullaney",
              "runs": {
                "batter": 1,
                "extras": 0,
                "total": 1
              }
            },
            {
              "batter": "SJ Mullaney",
              "bowler": "L Gregory",
              "non_striker": "DT Christian",
              "runs": {
                "batter": 0,
                "extras": 0,
                "total": 0
              }
            },
            {
              "batter": "SJ Mullaney",
              "bowler": "L Gregory",
              "non_striker": "DT Christian",
              "runs": {
                "batter": 1,
                "extras": 0,
                "total": 1
              }
            }
          ]
        },
        {
          "over": 16,
          "deliveries": [
            {
              "batter": "SJ Mullaney",
              "bowler": "RE van der Merwe",
              "non_striker": "DT Christian",
              "runs": {
                "batter": 1,
                "extras": 0,
                "total": 1
              }
            },
            {
              "batter": "DT Christian",
              "bowler": "RE van der Merwe",
              "non_striker": "SJ Mullaney",
              "runs": {
                "batter": 1,
                "extras": 0,
                "total": 1
              }
            },
            {
              "batter": "SJ Mullaney",
              "bowler": "RE van der Merwe",
              "non_striker": "DT Christian",
              "runs": {
                "batter": 0,
                "extras": 0,
                "total": 0
              }
            },
            {
              "batter": "SJ Mullaney",
              "bowler": "RE van der Merwe",
              "non_striker": "DT Christian",
              "runs": {
                "batter": 1,
                "extras": 0,
                "total": 1
              }
            },
            {
              "batter": "DT Christian",
              "bowler": "RE van der Merwe",
              "non_striker": "SJ Mullaney",
              "runs": {
                "batter": 1,
                "extras": 0,
                "total": 1
              }
            },
            {
              "batter": "SJ Mullaney",
              "bowler": "RE van der Merwe",
              "non_striker": "DT Christian",
              "runs": {
                "batter": 1,
                "extras": 0,
                "total": 1
              }
            }
          ]
        },
        {
          "over": 17,
          "deliveries": [
            {
              "batter": "SJ Mullaney",
              "bowler": "C Overton",
              "extras": {
                "wides": 1
              },
              "non_striker": "DT Christian",
              "runs": {
                "batter": 0,
                "extras": 1,
                "total": 1
              }
            },
            {
              "batter": "SJ Mullaney",
              "bowler": "C Overton",
              "non_striker": "DT Christian",
              "runs": {
                "batter": 0,
                "extras": 0,
                "total": 0
              }
            },
            {
              "batter": "SJ Mullaney",
              "bowler": "C Overton",
              "non_striker": "DT Christian",
              "runs": {
                "batter": 4,
                "extras": 0,
                "total": 4
              }
            },
            {
              "batter": "SJ Mullaney",
              "bowler": "C Overton",
              "non_striker": "DT Christian",
              "runs": {
                "batter": 1,
                "extras": 0,
                "total": 1
              }
            },
            {
              "batter": "DT Christian",
              "bowler": "C Overton",
              "non_striker": "SJ Mullaney",
              "runs": {
                "batter": 6,
                "extras": 0,
                "total": 6
              }
            },
            {
              "batter": "DT Christian",
              "bowler": "C Overton",
              "non_striker": "SJ Mullaney",
              "runs": {
                "batter": 1,
                "extras": 0,
                "total": 1
              }
            },
            {
              "batter": "SJ Mullaney",
              "bowler": "C Overton",
              "non_striker": "DT Christian",
              "runs": {
                "batter": 6,
                "extras": 0,
                "total": 6
              }
            }
          ]
        },
        {
          "over": 18,
          "deliveries": [
            {
              "batter": "DT Christian",
              "bowler": "L Gregory",
              "non_striker": "SJ Mullaney",
              "runs": {
                "batter": 0,
                "extras": 0,
                "total": 0
              }
            },
            {
              "batter": "DT Christian",
              "bowler": "L Gregory",
              "non_striker": "SJ Mullaney",
              "runs": {
                "batter": 1,
                "extras": 0,
                "total": 1
              }
            },
            {
              "batter": "SJ Mullaney",
              "bowler": "L Gregory",
              "non_striker": "DT Christian",
              "runs": {
                "batter": 4,
                "extras": 0,
                "total": 4
              }
            }
          ]
        }
      ],
      "powerplays": [
        {
          "from": 0.1,
          "to": 5.6,
          "type": "mandatory"
        }
      ],
      "target": {
        "overs": 20,
        "runs": 152
      }
    }
  ]
}