{
  "meta": {
    "data_version": "1.0.0",
    "created": "2020-07-20",
    "revision": 1
  },
  "info": {
    "balls_per_over": 6,
    "city": "Cardiff",
    "dates": [
      "2017-07-15"
    ],
    "event": {
      "name": "NatWest T20 Blast",
      "group": "South"
    },
    "gender": "male",
    "match_type": "T20",
    "officials": {
      "tv_umpires": [
        "SJ O'Shaughnessy"
      ],
      "umpires": [
        "GD Lloyd",
        "RT Robinson"
      ]
    },
    "outcome": {
      "result": "no result"
    },
    "overs": 20,
    "players": {
      "Glamorgan": [
        "AHT Donald",
        "DL Lloyd",
        "CA Ingram",
        "JA Rudolph",
        "AG Salter",
        "CB Cooke",
        "GG Wagg",
        "CAJ Meschede",
        "M de Lange",
        "T van der Gugten",
        "MG Hogan"
      ],
      "Somerset": [
        "J Allenby",
        "SM Davies",
        "PD Trego",
        "AJ Hose",
        "JC Hildreth",
        "MA Leask",
        "RE van der Merwe",
        "L Gregory",
        "C Overton",
        "TD Groenewald",
        "MTC Waller"
      ]
    },
    "registry": {
      "people": {
        "AG Salter": "1a45b864",
        "AHT Donald": "72918338",
        "AJ Hose": "104e88a4",
        "C Overton": "e9987a94",
        "CA Ingram": "c995d726",
        "CAJ Meschede": "eddf25bd",
        "CB Cooke": "6755cd5c",
        "DL Lloyd": "0c7f11be",
        "GD Lloyd": "36e0770d",
        "GG Wagg": "450f6fa6",
        "J Allenby": "7d5e0b78",
        "JA Rudolph": "42537f07",
        "JC Hildreth": "782c0568",
        "L Gregory": "06c2de82",
        "M de Lange": "d4eef961",
        "MA Leask": "28131839",
        "MG Hogan": "5da34add",
        "MTC Waller": "d74d1090",
        "PD Trego": "93e06301",
        "RE van der Merwe": "05c2ca46",
        "RT Robinson": "b143c87d",
        "SJ O'Shaughnessy": "4d4fdf4a",
        "SM Davies": "8fc65c2b",
        "T van der Gugten": "d99cc23a",
        "TD Groenewald": "dddc811c"
      }
    },
    "season": "2017",
    "team_type": "club",
    "teams": [
      "Glamorgan",
      "Somerset"
    ],
    "toss": {
      "decision": "field",
      "winner": "Somerset"
    },
    "venue": "Sophia Gardens"
  },
  "innings": [
    {
      "team": "Glamorgan",
      "overs": [
        {
          "over": 0,
          "deliveries": [
            {
              "batter": "AHT Donald",
              "bowler": "C Overton",
              "non_striker": "DL Lloyd",
              "runs": {
                "batter": 1,
                "extras": 0,
                "total": 1
              }
            },
            {
              "batter": "DL Lloyd",
              "bowler": "C Overton",
              "non_striker": "AHT Donald",
              "runs": {
                "batter": 0,
                "extras": 0,
                "total": 0
              }
            },
            {
              "batter": "DL Lloyd",
              "bowler": "C Overton",
              "non_striker": "AHT Donald",
              "runs": {
                "batter": 1,
                "extras": 0,
                "total": 1
              }
            },
            {
              "batter": "AHT Donald",
              "bowler": "C Overton",
              "non_striker": "DL Lloyd",
              "runs": {
                "batter": 1,
                "extras": 0,
                "total": 1
              }
            },
            {
              "batter": "DL Lloyd",
              "bowler": "C Overton",
              "non_striker": "AHT Donald",
              "runs": {
                "batter": 0,
                "extras": 0,
                "total": 0
              }
            },
            {
              "batter": "DL Lloyd",
              "bowler": "C Overton",
              "non_striker": "AHT Donald",
              "runs": {
                "batter": 0,
                "extras": 0,
                "total": 0
              }
            }
          ]
        },
        {
          "over": 1,
          "deliveries": [
            {
              "batter": "AHT Donald",
              "bowler": "L Gregory",
              "non_striker": "DL Lloyd",
              "runs": {
                "batter": 3,
                "extras": 0,
                "total": 3
              }
            },
            {
              "batter": "DL Lloyd",
              "bowler": "L Gregory",
              "non_striker": "AHT Donald",
              "runs": {
                "batter": 0,
                "extras": 0,
                "total": 0
              },
              "wickets": [
                {
                  "player_out": "DL Lloyd",
                  "fielders": [
                    {
                      "name": "SM Davies"
                    }
                  ],
                  "kind": "caught"
                }
              ]
            },
            {
              "batter": "CA Ingram",
              "bowler": "L Gregory",
              "non_striker": "AHT Donald",
              "runs": {
                "batter": 0,
                "extras": 0,
                "total": 0
              }
            },
            {
              "batter": "CA Ingram",
              "bowler": "L Gregory",
              "non_striker": "AHT Donald",
              "runs": {
                "batter": 1,
                "extras": 0,
                "total": 1
              }
            },
            {
              "batter": "AHT Donald",
              "bowler": "L Gregory",
              "non_striker": "CA Ingram",
              "runs": {
                "batter": 2,
                "extras": 0,
                "total": 2
              }
            },
            {
              "batter": "AHT Donald",
              "bowler": "L Gregory",
              "non_striker": "CA Ingram",
              "runs": {
                "batter": 3,
                "extras": 0,
                "total": 3
              }
            }
          ]
        },
        {
          "over": 2,
          "deliveries": [
            {
              "batter": "AHT Donald",
              "bowler": "C Overton",
              "non_striker": "CA Ingram",
              "runs": {
                "batter": 0,
                "extras": 0,
                "total": 0
              }
            },
            {
              "batter": "AHT Donald",
              "bowler": "C Overton",
              "non_striker": "CA Ingram",
              "runs": {
                "batter": 0,
                "extras": 0,
                "total": 0
              }
            },
            {
              "batter": "AHT Donald",
              "bowler": "C Overton",
              "non_striker": "CA Ingram",
              "runs": {
                "batter": 0,
                "extras": 0,
                "total": 0
              }
            },
            {
              "batter": "AHT Donald",
              "bowler": "C Overton",
              "non_striker": "CA Ingram",
              "runs": {
                "batter": 4,
                "extras": 0,
                "total": 4
              }
            },
            {
              "batter": "AHT Donald",
              "bowler": "C Overton",
              "non_striker": "CA Ingram",
              "runs": {
                "batter": 0,
                "extras": 0,
                "total": 0
              }
            },
            {
              "batter": "AHT Donald",
              "bowler": "C Overton",
              "non_striker": "CA Ingram",
              "runs": {
                "batter": 6,
                "extras": 0,
                "total": 6
              }
            }
          ]
        },
        {
          "over": 3,
          "deliveries": [
            {
              "batter": "CA Ingram",
              "bowler": "TD Groenewald",
              "non_striker": "AHT Donald",
              "runs": {
                "batter": 0,
                "extras": 0,
                "total": 0
              }
            },
            {
              "batter": "CA Ingram",
              "bowler": "TD Groenewald",
              "non_striker": "AHT Donald",
              "runs": {
                "batter": 0,
                "extras": 0,
                "total": 0
              }
            },
            {
              "batter": "CA Ingram",
              "bowler": "TD Groenewald",
              "non_striker": "AHT Donald",
              "runs": {
                "batter": 0,
                "extras": 0,
                "total": 0
              }
            },
            {
              "batter": "CA Ingram",
              "bowler": "TD Groenewald",
              "non_striker": "AHT Donald",
              "runs": {
                "batter": 4,
                "extras": 0,
                "total": 4
              }
            },
            {
              "batter": "CA Ingram",
              "bowler": "TD Groenewald",
              "non_striker": "AHT Donald",
              "runs": {
                "batter": 6,
                "extras": 0,
                "total": 6
              }
            },
            {
              "batter": "CA Ingram",
              "bowler": "TD Groenewald",
              "non_striker": "AHT Donald",
              "runs": {
                "batter": 4,
                "extras": 0,
                "total": 4
              }
            }
          ]
        },
        {
          "over": 4,
          "deliveries": [
            {
              "batter": "AHT Donald",
              "bowler": "L Gregory",
              "non_striker": "CA Ingram",
              "runs": {
                "batter": 4,
                "extras": 0,
                "total": 4
              }
            },
            {
              "batter": "AHT Donald",
              "bowler": "L Gregory",
              "non_striker": "CA Ingram",
              "runs": {
                "batter": 0,
                "extras": 0,
                "total": 0
              },
              "wickets": [
                {
                  "player_out": "AHT Donald",
                  "fielders": [
                    {
                      "name": "J Allenby"
                    }
                  ],
                  "kind": "caught"
                }
              ]
            },
            {
              "batter": "CA Ingram",
              "bowler": "L Gregory",
              "non_striker": "JA Rudolph",
              "runs": {
                "batter": 2,
                "extras": 0,
                "total": 2
              }
            },
            {
              "batter": "CA Ingram",
              "bowler": "L Gregory",
              "non_striker": "JA Rudolph",
              "runs": {
                "batter": 2,
                "extras": 0,
                "total": 2
              }
            },
            {
              "batter": "CA Ingram",
              "bowler": "L Gregory",
              "non_striker": "JA Rudolph",
              "runs": {
                "batter": 0,
                "extras": 0,
                "total": 0
              }
            },
            {
              "batter": "CA Ingram",
              "bowler": "L Gregory",
              "extras": {
                "noballs": 6
              },
              "non_striker": "JA Rudolph",
              "runs": {
                "batter": 0,
                "extras": 6,
                "total": 6
              }
            },
            {
              "batter": "CA Ingram",
              "bowler": "L Gregory",
              "extras": {
                "noballs": 2
              },
              "non_striker": "JA Rudolph",
              "runs": {
                "batter": 2,
                "extras": 2,
                "total": 4
              }
            },
            {
              "batter": "CA Ingram",
              "bowler": "L Gregory",
              "non_striker": "JA Rudolph",
              "runs": {
                "batter": 4,
                "extras": 0,
                "total": 4
              }
            }
          ]
        },
        {
          "over": 5,
          "deliveries": [
            {
              "batter": "JA Rudolph",
              "bowler": "J Allenby",
              "non_striker": "CA Ingram",
              "runs": {
                "batter": 1,
                "extras": 0,
                "total": 1
              }
            },
            {
              "batter": "CA Ingram",
              "bowler": "J Allenby",
              "non_striker": "JA Rudolph",
              "runs": {
                "batter": 1,
                "extras": 0,
                "total": 1
              }
            },
            {
              "batter": "JA Rudolph",
              "bowler": "J Allenby",
              "non_striker": "CA Ingram",
              "runs": {
                "batter": 1,
                "extras": 0,
                "total": 1
              }
            },
            {
              "batter": "CA Ingram",
              "bowler": "J Allenby",
              "non_striker": "JA Rudolph",
              "runs": {
                "batter": 4,
                "extras": 0,
                "total": 4
              }
            },
            {
              "batter": "CA Ingram",
              "bowler": "J Allenby",
              "non_striker": "JA Rudolph",
              "runs": {
                "batter": 6,
                "extras": 0,
                "total": 6
              }
            },
            {
              "batter": "CA Ingram",
              "bowler": "J Allenby",
              "non_striker": "JA Rudolph",
              "runs": {
                "batter": 2,
                "extras": 0,
                "total": 2
              }
            }
          ]
        },
        {
          "over": 6,
          "deliveries": [
            {
              "batter": "JA Rudolph",
              "bowler": "TD Groenewald",
              "non_striker": "CA Ingram",
              "runs": {
                "batter": 1,
                "extras": 0,
                "total": 1
              }
            },
            {
              "batter": "CA Ingram",
              "bowler": "TD Groenewald",
              "non_striker": "JA Rudolph",
              "runs": {
                "batter": 1,
                "extras": 0,
                "total": 1
              }
            },
            {
              "batter": "JA Rudolph",
              "bowler": "TD Groenewald",
              "non_striker": "CA Ingram",
              "runs": {
                "batter": 0,
                "extras": 0,
                "total": 0
              }
            },
            {
              "batter": "JA Rudolph",
              "bowler": "TD Groenewald",
              "non_striker": "CA Ingram",
              "runs": {
                "batter": 1,
                "extras": 0,
                "total": 1
              }
            },
            {
              "batter": "CA Ingram",
              "bowler": "TD Groenewald",
              "non_striker": "JA Rudolph",
              "runs": {
                "batter": 0,
                "extras": 0,
                "total": 0
              }
            },
            {
              "batter": "CA Ingram",
              "bowler": "TD Groenewald",
              "non_striker": "JA Rudolph",
              "runs": {
                "batter": 0,
                "extras": 0,
                "total": 0
              },
              "wickets": [
                {
                  "player_out": "CA Ingram",
                  "fielders": [
                    {
                      "name": "MA Leask"
                    }
                  ],
                  "kind": "caught"
                }
              ]
            }
          ]
        },
        {
          "over": 7,
          "deliveries": [
            {
              "batter": "AG Salter",
              "bowler": "RE van der Merwe",
              "non_striker": "JA Rudolph",
              "runs": {
                "batter": 0,
                "extras": 0,
                "total": 0
              }
            },
            {
              "batter": "AG Salter",
              "bowler": "RE van der Merwe",
              "non_striker": "JA Rudolph",
              "runs": {
                "batter": 1,
                "extras": 0,
                "total": 1
              }
            },
            {
              "batter": "JA Rudolph",
              "bowler": "RE van der Merwe",
              "non_striker": "AG Salter",
              "runs": {
                "batter": 1,
                "extras": 0,
                "total": 1
              }
            },
            {
              "batter": "AG Salter",
              "bowler": "RE van der Merwe",
              "non_striker": "JA Rudolph",
              "runs": {
                "batter": 0,
                "extras": 0,
                "total": 0
              }
            },
            {
              "batter": "AG Salter",
              "bowler": "RE van der Merwe",
              "non_striker": "JA Rudolph",
              "runs": {
                "batter": 1,
                "extras": 0,
                "total": 1
              }
            },
            {
              "batter": "JA Rudolph",
              "bowler": "RE van der Merwe",
              "non_striker": "AG Salter",
              "runs": {
                "batter": 1,
                "extras": 0,
                "total": 1
              }
            }
          ]
        },
        {
          "over": 8,
          "deliveries": [
            {
              "batter": "JA Rudolph",
              "bowler": "MTC Waller",
              "non_striker": "AG Salter",
              "runs": {
                "batter": 4,
                "extras": 0,
                "total": 4
              }
            },
            {
              "batter": "JA Rudolph",
              "bowler": "MTC Waller",
              "non_striker": "AG Salter",
              "runs": {
                "batter": 0,
                "extras": 0,
                "total": 0
              }
            },
            {
              "batter": "JA Rudolph",
              "bowler": "MTC Waller",
              "non_striker": "AG Salter",
              "runs": {
                "batter": 1,
                "extras": 0,
                "total": 1
              }
            },
            {
              "batter": "AG Salter",
              "bowler": "MTC Waller",
              "extras": {
                "wides": 1
              },
              "non_striker": "JA Rudolph",
              "runs": {
                "batter": 0,
                "extras": 1,
                "total": 1
              }
            },
            {
              "batter": "AG Salter",
              "bowler": "MTC Waller",
              "non_striker": "JA Rudolph",
              "runs": {
                "batter": 1,
                "extras": 0,
                "total": 1
              }
            },
            {
              "batter": "JA Rudolph",
              "bowler": "MTC Waller",
              "non_striker": "AG Salter",
              "runs": {
                "batter": 1,
                "extras": 0,
                "total": 1
              }
            },
            {
              "batter": "AG Salter",
              "bowler": "MTC Waller",
              "non_striker": "JA Rudolph",
              "runs": {
                "batter": 0,
                "extras": 0,
                "total": 0
              }
            }
          ]
        },
        {
          "over": 9,
          "deliveries": [
            {
              "batter": "JA Rudolph",
              "bowler": "RE van der Merwe",
              "non_striker": "AG Salter",
              "runs": {
                "batter": 1,
                "extras": 0,
                "total": 1
              }
            },
            {
              "batter": "AG Salter",
              "bowler": "RE van der Merwe",
              "non_striker": "JA Rudolph",
              "runs": {
                "batter": 1,
                "extras": 0,
                "total": 1
              }
            },
            {
              "batter": "JA Rudolph",
              "bowler": "RE van der Merwe",
              "non_striker": "AG Salter",
              "runs": {
                "batter": 1,
                "extras": 0,
                "total": 1
              }
            },
            {
              "batter": "AG Salter",
              "bowler": "RE van der Merwe",
              "non_striker": "JA Rudolph",
              "runs": {
                "batter": 0,
                "extras": 0,
                "total": 0
              }
            },
            {
              "batter": "AG Salter",
              "bowler": "RE van der Merwe",
              "non_striker": "JA Rudolph",
              "runs": {
                "batter": 0,
                "extras": 0,
                "total": 0
              }
            },
            {
              "batter": "AG Salter",
              "bowler": "RE van der Merwe",
              "non_striker": "JA Rudolph",
              "runs": {
                "batter": 1,
                "extras": 0,
                "total": 1
              }
            }
          ]
        },
        {
          "over": 10,
          "deliveries": [
            {
              "batter": "AG Salter",
              "bowler": "MTC Waller",
              "non_striker": "JA Rudolph",
              "runs": {
                "batter": 0,
                "extras": 0,
                "total": 0
              },
              "wickets": [
                {
                  "player_out": "AG Salter",
                  "kind": "caught and bowled"
                }
              ]
            },
            {
              "batter": "CB Cooke",
              "bowler": "MTC Waller",
              "non_striker": "JA Rudolph",
              "runs": {
                "batter": 0,
                "extras": 0,
                "total": 0
              }
            },
            {
              "batter": "CB Cooke",
              "bowler": "MTC Waller",
              "non_striker": "JA Rudolph",
              "runs": {
                "batter": 1,
                "extras": 0,
                "total": 1
              }
            },
            {
              "batter": "JA Rudolph",
              "bowler": "MTC Waller",
              "non_striker": "CB Cooke",
              "runs": {
                "batter": 1,
                "extras": 0,
                "total": 1
              }
            },
            {
              "batter": "CB Cooke",
              "bowler": "MTC Waller",
              "non_striker": "JA Rudolph",
              "runs": {
                "batter": 0,
                "extras": 0,
                "total": 0
              }
            },
            {
              "batter": "CB Cooke",
              "bowler": "MTC Waller",
              "non_striker": "JA Rudolph",
              "runs": {
                "batter": 1,
                "extras": 0,
                "total": 1
              }
            }
          ]
        },
        {
          "over": 11,
          "deliveries": [
            {
              "batter": "CB Cooke",
              "bowler": "RE van der Merwe",
              "non_striker": "JA Rudolph",
              "runs": {
                "batter": 1,
                "extras": 0,
                "total": 1
              }
            },
            {
              "batter": "JA Rudolph",
              "bowler": "RE van der Merwe",
              "non_striker": "CB Cooke",
              "runs": {
                "batter": 1,
                "extras": 0,
                "total": 1
              }
            },
            {
              "batter": "CB Cooke",
              "bowler": "RE van der Merwe",
              "non_striker": "JA Rudolph",
              "runs": {
                "batter": 4,
                "extras": 0,
                "total": 4
              }
            },
            {
              "batter": "CB Cooke",
              "bowler": "RE van der Merwe",
              "non_striker": "JA Rudolph",
              "runs": {
                "batter": 1,
                "extras": 0,
                "total": 1
              }
            },
            {
              "batter": "JA Rudolph",
              "bowler": "RE van der Merwe",
              "non_striker": "CB Cooke",
              "runs": {
                "batter": 1,
                "extras": 0,
                "total": 1
              }
            },
            {
              "batter": "CB Cooke",
              "bowler": "RE van der Merwe",
              "non_striker": "JA Rudolph",
              "runs": {
                "batter": 1,
                "extras": 0,
                "total": 1
              }
            }
          ]
        },
        {
          "over": 12,
          "deliveries": [
            {
              "batter": "CB Cooke",
              "bowler": "MTC Waller",
              "non_striker": "JA Rudolph",
              "runs": {
                "batter": 1,
                "extras": 0,
                "total": 1
              }
            },
            {
              "batter": "JA Rudolph",
              "bowler": "MTC Waller",
              "non_striker": "CB Cooke",
              "runs": {
                "batter": 2,
                "extras": 0,
                "total": 2
              }
            },
            {
              "batter": "JA Rudolph",
              "bowler": "MTC Waller",
              "non_striker": "CB Cooke",
              "runs": {
                "batter": 4,
                "extras": 0,
                "total": 4
              }
            },
            {
              "batter": "JA Rudolph",
              "bowler": "MTC Waller",
              "non_striker": "CB Cooke",
              "runs": {
                "batter": 6,
                "extras": 0,
                "total": 6
              }
            },
            {
              "batter": "JA Rudolph",
              "bowler": "MTC Waller",
              "non_striker": "CB Cooke",
              "runs": {
                "batter": 1,
                "extras": 0,
                "total": 1
              }
            },
            {
              "batter": "CB Cooke",
              "bowler": "MTC Waller",
              "non_striker": "JA Rudolph",
              "runs": {
                "batter": 4,
                "extras": 0,
                "total": 4
              }
            }
          ]
        },
        {
          "over": 13,
          "deliveries": [
            {
              "batter": "JA Rudolph",
              "bowler": "RE van der Merwe",
              "non_striker": "CB Cooke",
              "runs": {
                "batter": 1,
                "extras": 0,
                "total": 1
              }
            },
            {
              "batter": "CB Cooke",
              "bowler": "RE van der Merwe",
              "non_striker": "JA Rudolph",
              "runs": {
                "batter": 1,
                "extras": 0,
                "total": 1
              }
            },
            {
              "batter": "JA Rudolph",
              "bowler": "RE van der Merwe",
              "non_striker": "CB Cooke",
              "runs": {
                "batter": 4,
                "extras": 0,
                "total": 4
              }
            },
            {
              "batter": "JA Rudolph",
              "bowler": "RE van der Merwe",
              "extras": {
                "legbyes": 1
              },
              "non_striker": "CB Cooke",
              "runs": {
                "batter": 0,
                "extras": 1,
                "total": 1
              }
            },
            {
              "batter": "CB Cooke",
              "bowler": "RE van der Merwe",
              "non_striker": "JA Rudolph",
              "runs": {
                "batter": 4,
                "extras": 0,
                "total": 4
              }
            },
            {
              "batter": "CB Cooke",
              "bowler": "RE van der Merwe",
              "non_striker": "JA Rudolph",
              "runs": {
                "batter": 2,
                "extras": 0,
                "total": 2
              }
            }
          ]
        },
        {
          "over": 14,
          "deliveries": [
            {
              "batter": "JA Rudolph",
              "bowler": "TD Groenewald",
              "non_striker": "CB Cooke",
              "runs": {
                "batter": 6,
                "extras": 0,
                "total": 6
              }
            },
            {
              "batter": "JA Rudolph",
              "bowler": "TD Groenewald",
              "non_striker": "CB Cooke",
              "runs": {
                "batter": 3,
                "extras": 0,
                "total": 3
              }
            },
            {
              "batter": "CB Cooke",
              "bowler": "TD Groenewald",
              "non_striker": "JA Rudolph",
              "runs": {
                "batter": 0,
                "extras": 0,
                "total": 0
              },
              "wickets": [
                {
                  "player_out": "CB Cooke",
                  "fielders": [
                    {
                      "name": "MTC Waller"
                    }
                  ],
                  "kind": "caught"
                }
              ]
            },
            {
              "batter": "JA Rudolph",
              "bowler": "TD Groenewald",
              "non_striker": "GG Wagg",
              "runs": {
                "batter": 2,
                "extras": 0,
                "total": 2
              }
            },
            {
              "batter": "JA Rudolph",
              "bowler": "TD Groenewald",
              "non_striker": "GG Wagg",
              "runs": {
                "batter": 1,
                "extras": 0,
                "total": 1
              }
            },
            {
              "batter": "GG Wagg",
              "bowler": "TD Groenewald",
              "non_striker": "JA Rudolph",
              "runs": {
                "batter": 0,
                "extras": 0,
                "total": 0
              }
            }
          ]
        },
        {
          "over": 15,
          "deliveries": [
            {
              "batter": "JA Rudolph",
              "bowler": "C Overton",
              "non_striker": "GG Wagg",
              "runs": {
                "batter": 4,
                "extras": 0,
                "total": 4
              }
            },
            {
              "batter": "JA Rudolph",
              "bowler": "C Overton",
              "non_striker": "GG Wagg",
              "runs": {
                "batter": 4,
                "extras": 0,
                "total": 4
              }
            },
            {
              "batter": "JA Rudolph",
              "bowler": "C Overton",
              "non_striker": "GG Wagg",
              "runs": {
                "batter": 0,
                "extras": 0,
                "total": 0
              }
            },
            {
              "batter": "JA Rudolph",
              "bowler": "C Overton",
              "non_striker": "GG Wagg",
              "runs": {
                "batter": 2,
                "extras": 0,
                "total": 2
              }
            },
            {
              "batter": "JA Rudolph",
              "bowler": "C Overton",
              "non_striker": "GG Wagg",
              "runs": {
                "batter": 1,
                "extras": 0,
                "total": 1
              }
            },
            {
              "batter": "GG Wagg",
              "bowler": "C Overton",
              "non_striker": "JA Rudolph",
              "runs": {
                "batter": 0,
                "extras": 0,
                "total": 0
              }
            }
          ]
        },
        {
          "over": 16,
          "deliveries": [
            {
              "batter": "JA Rudolph",
              "bowler": "L Gregory",
              "non_striker": "GG Wagg",
              "runs": {
                "batter": 0,
                "extras": 0,
                "total": 0
              }
            },
            {
              "batter": "JA Rudolph",
              "bowler": "L Gregory",
              "non_striker": "GG Wagg",
              "runs": {
                "batter": 1,
                "extras": 0,
                "total": 1
              }
            },
            {
              "batter": "GG Wagg",
              "bowler": "L Gregory",
              "non_striker": "JA Rudolph",
              "runs": {
                "batter": 4,
                "extras": 0,
                "total": 4
              }
            },
            {
              "batter": "GG Wagg",
              "bowler": "L Gregory",
              "non_striker": "JA Rudolph",
              "runs": {
                "batter": 1,
                "extras": 0,
                "total": 1
              }
            },
            {
              "batter": "JA Rudolph",
              "bowler": "L Gregory",
              "non_striker": "GG Wagg",
              "runs": {
                "batter": 4,
                "extras": 0,
                "total": 4
              }
            },
            {
              "batter": "JA Rudolph",
              "bowler": "L Gregory",
              "non_striker": "GG Wagg",
              "runs": {
                "batter": 1,
                "extras": 0,
                "total": 1
              }
            }
          ]
        },
        {
          "over": 17,
          "deliveries": [
            {
              "batter": "JA Rudolph",
              "bowler": "TD Groenewald",
              "non_striker": "GG Wagg",
              "runs": {
                "batter": 1,
                "extras": 0,
                "total": 1
              }
            },
            {
              "batter": "GG Wagg",
              "bowler": "TD Groenewald",
              "non_striker": "JA Rudolph",
              "runs": {
                "batter": 1,
                "extras": 0,
                "total": 1
              }
            }
          ]
        }
      ],
      "powerplays": [
        {
          "from": 0.1,
          "to": 5.6,
          "type": "mandatory"
        }
      ]
    }
  ]
}