{
  "meta": {
    "data_version": "1.0.0",
    "created": "2020-07-20",
    "revision": 1
  },
  "info": {
    "balls_per_over": 6,
    "city": "Chelmsford",
    "dates": [
      "2017-07-21"
    ],
    "event": {
      "name": "NatWest T20 Blast",
      "group": "South"
    },
    "gender": "male",
    "match_type": "T20",
    "officials": {
      "umpires": [
        "M Burns",
        "DJ Millns"
      ]
    },
    "outcome": {
      "winner": "Essex",
      "by": {
        "wickets": 7
      }
    },
    "overs": 20,
    "player_of_match": [
      "RS Bopara"
    ],
    "players": {
      "Hampshire": [
        "JM Vince",
        "RR Rossouw",
        "MA Carberry",
        "TP Alsop",
        "Shahid Afridi",
        "GJ Bailey",
        "LD McManus",
        "GK Berg",
        "KJ Abbott",
        "MS Crane",
        "RJW Topley"
      ],
      "Essex": [
        "AJA Wheater",
        "V Chopra",
        "DW Lawrence",
        "Ashar Zaidi",
        "RS Bopara",
        "RN ten Doeschate",
        "JS Foster",
        "PI Walter",
        "SR Harmer",
        "Mohammad Amir",
        "MW Dixon"
      ]
    },
    "registry": {
      "people": {
        "AJA Wheater": "71647ced",
        "Ashar Zaidi": "9bab2b81",
        "DJ Millns": "46ecfe40",
        "DW Lawrence": "4b685e2d",
        "GJ Bailey": "5056011d",
        "GK Berg": "42151725",
        "JM Vince": "a15618fe",
        "JS Foster": "e68dd455",
        "KJ Abbott": "a9da7784",
        "LD McManus": "6feb46a4",
        "M Burns": "b3bd0666",
        "MA Carberry": "8305580c",
        "MS Crane": "f0a0204e",
        "MW Dixon": "314ed7e6",
        "Mohammad Amir": "e174dadd",
        "PI Walter": "57590dbb",
        "RJW Topley": "8db7f47f",
        "RN ten Doeschate": "4ec07775",
        "RR Rossouw": "cad00a4d",
        "RS Bopara": "7ca5e05d",
        "SR Harmer": "23638956",
        "Shahid Afridi": "0dc00542",
        "TP Alsop": "961b8ff1",
        "V Chopra": "54745c20"
      }
    },
    "season": "2017",
    "team_type": "club",
    "teams": [
      "Hampshire",
      "Essex"
    ],
    "toss": {
      "decision": "field",
      "winner": "Essex"
    },
    "venue": "County Ground"
  },
  "innings": [
    {
      "team": "Hampshire",
      "overs": [
        {
          "over": 0,
          "deliveries": [
            {
              "batter": "JM Vince",
              "bowler": "Mohammad Amir",
              "non_striker": "RR Rossouw",
              "runs": {
                "batter": 0,
                "extras": 0,
                "total": 0
              }
            },
            {
              "batter": "JM Vince",
              "bowler": "Mohammad Amir",
              "non_striker": "RR Rossouw",
              "runs": {
                "batter": 0,
                "extras": 0,
                "total": 0
              }
            },
            {
              "batter": "JM Vince",
              "bowler": "Mohammad Amir",
              "non_striker": "RR Rossouw",
              "runs": {
                "batter": 0,
                "extras": 0,
                "total": 0
              }
            },
            {
              "batter": "JM Vince",
              "bowler": "Mohammad Amir",
              "non_striker": "RR Rossouw",
              "runs": {
                "batter": 1,
                "extras": 0,
                "total": 1
              }
            },
            {
              "batter": "RR Rossouw",
              "bowler": "Mohammad Amir",
              "non_striker": "JM Vince",
              "runs": {
                "batter": 0,
                "extras": 0,
                "total": 0
              }
            },
            {
              "batter": "RR Rossouw",
              "bowler": "Mohammad Amir",
              "non_striker": "JM Vince",
              "runs": {
                "batter": 0,
                "extras": 0,
                "total": 0
              }
            }
          ]
        },
        {
          "over": 1,
          "deliveries": [
            {
              "batter": "JM Vince",
              "bowler": "PI Walter",
              "non_striker": "RR Rossouw",
              "runs": {
                "batter": 0,
                "extras": 0,
                "total": 0
              }
            },
            {
              "batter": "JM Vince",
              "bowler": "PI Walter",
              "non_striker": "RR Rossouw",
              "runs": {
                "batter": 0,
                "extras": 0,
                "total": 0
              }
            },
            {
              "batter": "JM Vince",
              "bowler": "PI Walter",
              "non_striker": "RR Rossouw",
              "runs": {
                "batter": 0,
                "extras": 0,
                "total": 0
              }
            },
            {
              "batter": "JM Vince",
              "bowler": "PI Walter",
              "non_striker": "RR Rossouw",
              "runs": {
                "batter": 1,
                "extras": 0,
                "total": 1
              }
            },
            {
              "batter": "RR Rossouw",
              "bowler": "PI Walter",
              "non_striker": "JM Vince",
              "runs": {
                "batter": 4,
                "extras": 0,
                "total": 4
              }
            },
            {
              "batter": "RR Rossouw",
              "bowler": "PI Walter",
              "non_striker": "JM Vince",
              "runs": {
                "batter": 0,
                "extras": 0,
                "total": 0
              },
              "wickets": [
                {
                  "player_out": "RR Rossouw",
                  "kind": "bowled"
                }
              ]
            }
          ]
        },
        {
          "over": 2,
          "deliveries": [
            {
              "batter": "JM Vince",
              "bowler": "MW Dixon",
              "extras": {
                "wides": 1
              },
              "non_striker": "MA Carberry",
              "runs": {
                "batter": 0,
                "extras": 1,
                "total": 1
              }
            },
            {
              "batter": "JM Vince",
              "bowler": "MW Dixon",
              "non_striker": "MA Carberry",
              "runs": {
                "batter": 0,
                "extras": 0,
                "total": 0
              }
            },
            {
              "batter": "JM Vince",
              "bowler": "MW Dixon",
              "non_striker": "MA Carberry",
              "runs": {
                "batter": 4,
                "extras": 0,
                "total": 4
              }
            },
            {
              "batter": "JM Vince",
              "bowler": "MW Dixon",
              "non_striker": "MA Carberry",
              "runs": {
                "batter": 1,
                "extras": 0,
                "total": 1
              }
            },
            {
              "batter": "MA Carberry",
              "bowler": "MW Dixon",
              "non_striker": "JM Vince",
              "runs": {
                "batter": 0,
                "extras": 0,
                "total": 0
              }
            },
            {
              "batter": "MA Carberry",
              "bowler": "MW Dixon",
              "non_striker": "JM Vince",
              "runs": {
                "batter": 0,
                "extras": 0,
                "total": 0
              }
            },
            {
              "batter": "MA Carberry",
              "bowler": "MW Dixon",
              "non_striker": "JM Vince",
              "runs": {
                "batter": 4,
                "extras": 0,
                "total": 4
              }
            }
          ]
        },
        {
          "over": 3,
          "deliveries": [
            {
              "batter": "JM Vince",
              "bowler": "SR Harmer",
              "non_striker": "MA Carberry",
              "runs": {
                "batter": 1,
                "extras": 0,
                "total": 1
              }
            },
            {
              "batter": "MA Carberry",
              "bowler": "SR Harmer",
              "extras": {
                "noballs": 2
              },
              "non_striker": "JM Vince",
              "runs": {
                "batter": 4,
                "extras": 2,
                "total": 6
              }
            },
            {
              "batter": "MA Carberry",
              "bowler": "SR Harmer",
              "non_striker": "JM Vince",
              "runs": {
                "batter": 4,
                "extras": 0,
                "total": 4
              }
            },
            {
              "batter": "MA Carberry",
              "bowler": "SR Harmer",
              "non_striker": "JM Vince",
              "runs": {
                "batter": 1,
                "extras": 0,
                "total": 1
              }
            },
            {
              "batter": "JM Vince",
              "bowler": "SR Harmer",
              "non_striker": "MA Carberry",
              "runs": {
                "batter": 4,
                "extras": 0,
                "total": 4
              }
            },
            {
              "batter": "JM Vince",
              "bowler": "SR Harmer",
              "non_striker": "MA Carberry",
              "runs": {
                "batter": 2,
                "extras": 0,
                "total": 2
              }
            },
            {
              "batter": "JM Vince",
              "bowler": "SR Harmer",
              "non_striker": "MA Carberry",
              "runs": {
                "batter": 6,
                "extras": 0,
                "total": 6
              }
            }
          ]
        },
        {
          "over": 4,
          "deliveries": [
            {
              "batter": "MA Carberry",
              "bowler": "Mohammad Amir",
              "non_striker": "JM Vince",
              "runs": {
                "batter": 1,
                "extras": 0,
                "total": 1
              }
            },
            {
              "batter": "JM Vince",
              "bowler": "Mohammad Amir",
              "non_striker": "MA Carberry",
              "runs": {
                "batter": 0,
                "extras": 0,
                "total": 0
              }
            },
            {
              "batter": "JM Vince",
              "bowler": "Mohammad Amir",
              "non_striker": "MA Carberry",
              "runs": {
                "batter": 0,
                "extras": 0,
                "total": 0
              }
            },
            {
              "batter": "JM Vince",
              "bowler": "Mohammad Amir",
              "non_striker": "MA Carberry",
              "runs": {
                "batter": 0,
                "extras": 0,
                "total": 0
              }
            },
            {
              "batter": "JM Vince",
              "bowler": "Mohammad Amir",
              "non_striker": "MA Carberry",
              "runs": {
                "batter": 4,
                "extras": 0,
                "total": 4
              }
            },
            {
              "batter": "JM Vince",
              "bowler": "Mohammad Amir",
              "non_striker": "MA Carberry",
              "runs": {
                "batter": 4,
                "extras": 0,
                "total": 4
              }
            }
          ]
        },
        {
          "over": 5,
          "deliveries": [
            {
              "batter": "MA Carberry",
              "bowler": "PI Walter",
              "non_striker": "JM Vince",
              "runs": {
                "batter": 1,
                "extras": 0,
                "total": 1
              }
            },
            {
              "batter": "JM Vince",
              "bowler": "PI Walter",
              "non_striker": "MA Carberry",
              "runs": {
                "batter": 1,
                "extras": 0,
                "total": 1
              }
            },
            {
              "batter": "MA Carberry",
              "bowler": "PI Walter",
              "non_striker": "JM Vince",
              "runs": {
                "batter": 2,
                "extras": 0,
                "total": 2
              }
            },
            {
              "batter": "MA Carberry",
              "bowler": "PI Walter",
              "non_striker": "JM Vince",
              "runs": {
                "batter": 0,
                "extras": 0,
                "total": 0
              }
            },
            {
              "batter": "MA Carberry",
              "bowler": "PI Walter",
              "non_striker": "JM Vince",
              "runs": {
                "batter": 0,
                "extras": 0,
                "total": 0
              }
            },
            {
              "batter": "MA Carberry",
              "bowler": "PI Walter",
              "non_striker": "JM Vince",
              "runs": {
                "batter": 0,
                "extras": 0,
                "total": 0
              }
            }
          ]
        },
        {
          "over": 6,
          "deliveries": [
            {
              "batter": "JM Vince",
              "bowler": "RS Bopara",
              "non_striker": "MA Carberry",
              "runs": {
                "batter": 0,
                "extras": 0,
                "total": 0
              },
              "wickets": [
                {
                  "player_out": "JM Vince",
                  "fielders": [
                    {
                      "name": "JS Foster"
                    }
                  ],
                  "kind": "caught"
                }
              ]
            },
            {
              "batter": "TP Alsop",
              "bowler": "RS Bopara",
              "non_striker": "MA Carberry",
              "runs": {
                "batter": 2,
                "extras": 0,
                "total": 2
              }
            },
            {
              "batter": "TP Alsop",
              "bowler": "RS Bopara",
              "non_striker": "MA Carberry",
              "runs": {
                "batter": 4,
                "extras": 0,
                "total": 4
              }
            },
            {
              "batter": "TP Alsop",
              "bowler": "RS Bopara",
              "non_striker": "MA Carberry",
              "runs": {
                "batter": 0,
                "extras": 0,
                "total": 0
              }
            },
            {
              "batter": "TP Alsop",
              "bowler": "RS Bopara",
              "extras": {
                "byes": 1
              },
              "non_striker": "MA Carberry",
              "runs": {
                "batter": 0,
                "extras": 1,
                "total": 1
              }
            },
            {
              "batter": "MA Carberry",
              "bowler": "RS Bopara",
              "non_striker": "TP Alsop",
              "runs": {
                "batter": 1,
                "extras": 0,
                "total": 1
              }
            }
          ]
        },
        {
          "over": 7,
          "deliveries": [
            {
              "batter": "MA Carberry",
              "bowler": "SR Harmer",
              "non_striker": "TP Alsop",
              "runs": {
                "batter": 1,
                "extras": 0,
                "total": 1
              }
            },
            {
              "batter": "TP Alsop",
              "bowler": "SR Harmer",
              "non_striker": "MA Carberry",
              "runs": {
                "batter": 0,
                "extras": 0,
                "total": 0
              }
            },
            {
              "batter": "TP Alsop",
              "bowler": "SR Harmer",
              "non_striker": "MA Carberry",
              "runs": {
                "batter": 1,
                "extras": 0,
                "total": 1
              }
            },
            {
              "batter": "MA Carberry",
              "bowler": "SR Harmer",
              "non_striker": "TP Alsop",
              "runs": {
                "batter": 0,
                "extras": 0,
                "total": 0
              }
            },
            {
              "batter": "MA Carberry",
              "bowler": "SR Harmer",
              "non_striker": "TP Alsop",
              "runs": {
                "batter": 1,
                "extras": 0,
                "total": 1
              }
            },
            {
              "batter": "TP Alsop",
              "bowler": "SR Harmer",
              "non_striker": "MA Carberry",
              "runs": {
                "batter": 1,
                "extras": 0,
                "total": 1
              }
            }
          ]
        },
        {
          "over": 8,
          "deliveries": [
            {
              "batter": "TP Alsop",
              "bowler": "RS Bopara",
              "non_striker": "MA Carberry",
              "runs": {
                "batter": 0,
                "extras": 0,
                "total": 0
              }
            },
            {
              "batter": "TP Alsop",
              "bowler": "RS Bopara",
              "non_striker": "MA Carberry",
              "runs": {
                "batter": 1,
                "extras": 0,
                "total": 1
              }
            },
            {
              "batter": "MA Carberry",
              "bowler": "RS Bopara",
              "non_striker": "TP Alsop",
              "runs": {
                "batter": 1,
                "extras": 0,
                "total": 1
              }
            },
            {
              "batter": "TP Alsop",
              "bowler": "RS Bopara",
              "non_striker": "MA Carberry",
              "runs": {
                "batter": 0,
                "extras": 0,
                "total": 0
              },
              "wickets": [
                {
                  "player_out": "TP Alsop",
                  "fielders": [
                    {
                      "name": "RN ten Doeschate"
                    }
                  ],
                  "kind": "caught"
                }
              ]
            },
            {
              "batter": "MA Carberry",
              "bowler": "RS Bopara",
              "non_striker": "Shahid Afridi",
              "runs": {
                "batter": 1,
                "extras": 0,
                "total": 1
              }
            },
            {
              "batter": "Shahid Afridi",
              "bowler": "RS Bopara",
              "non_striker": "MA Carberry",
              "runs": {
                "batter": 1,
                "extras": 0,
                "total": 1
              }
            }
          ]
        },
        {
          "over": 9,
          "deliveries": [
            {
              "batter": "Shahid Afridi",
              "bowler": "PI Walter",
              "extras": {
                "legbyes": 1
              },
              "non_striker": "MA Carberry",
              "runs": {
                "batter": 0,
                "extras": 1,
                "total": 1
              }
            },
            {
              "batter": "MA Carberry",
              "bowler": "PI Walter",
              "non_striker": "Shahid Afridi",
              "runs": {
                "batter": 1,
                "extras": 0,
                "total": 1
              }
            },
            {
              "batter": "Shahid Afridi",
              "bowler": "PI Walter",
              "non_striker": "MA Carberry",
              "runs": {
                "batter": 1,
                "extras": 0,
                "total": 1
              }
            },
            {
              "batter": "MA Carberry",
              "bowler": "PI Walter",
              "non_striker": "Shahid Afridi",
              "runs": {
                "batter": 2,
                "extras": 0,
                "total": 2
              }
            },
            {
              "batter": "MA Carberry",
              "bowler": "PI Walter",
              "non_striker": "Shahid Afridi",
              "runs": {
                "batter": 1,
                "extras": 0,
                "total": 1
              }
            },
            {
              "batter": "Shahid Afridi",
              "bowler": "PI Walter",
              "non_striker": "MA Carberry",
              "runs": {
                "batter": 2,
                "extras": 0,
                "total": 2
              }
            }
          ]
        },
        {
          "over": 10,
          "deliveries": [
            {
              "batter": "MA Carberry",
              "bowler": "MW Dixon",
              "non_striker": "Shahid Afridi",
              "runs": {
                "batter": 2,
                "extras": 0,
                "total": 2
              }
            },
            {
              "batter": "MA Carberry",
              "bowler": "MW Dixon",
              "non_striker": "Shahid Afridi",
              "runs": {
                "batter": 1,
                "extras": 0,
                "total": 1
              }
            },
            {
              "batter": "Shahid Afridi",
              "bowler": "MW Dixon",
              "non_striker": "MA Carberry",
              "runs": {
                "batter": 0,
                "extras": 0,
                "total": 0
              }
            },
            {
              "batter": "Shahid Afridi",
              "bowler": "MW Dixon",
              "non_striker": "MA Carberry",
              "runs": {
                "batter": 2,
                "extras": 0,
                "total": 2
              }
            },
            {
              "batter": "Shahid Afridi",
              "bowler": "MW Dixon",
              "non_striker": "MA Carberry",
              "runs": {
                "batter": 1,
                "extras": 0,
                "total": 1
              }
            },
            {
              "batter": "MA Carberry",
              "bowler": "MW Dixon",
              "non_striker": "Shahid Afridi",
              "runs": {
                "batter": 1,
                "extras": 0,
                "total": 1
              }
            }
          ]
        },
        {
          "over": 11,
          "deliveries": [
            {
              "batter": "MA Carberry",
              "bowler": "RS Bopara",
              "non_striker": "Shahid Afridi",
              "runs": {
                "batter": 0,
                "extras": 0,
                "total": 0
              },
              "wickets": [
                {
                  "player_out": "MA Carberry",
                  "fielders": [
                    {
                      "name": "AJA Wheater"
                    }
                  ],
                  "kind": "caught"
                }
              ]
            },
            {
              "batter": "GJ Bailey",
              "bowler": "RS Bopara",
              "non_striker": "Shahid Afridi",
              "runs": {
                "batter": 0,
                "extras": 0,
                "total": 0
              }
            },
            {
              "batter": "GJ Bailey",
              "bowler": "RS Bopara",
              "non_striker": "Shahid Afridi",
              "runs": {
                "batter": 2,
                "extras": 0,
                "total": 2
              }
            },
            {
              "batter": "GJ Bailey",
              "bowler": "RS Bopara",
              "non_striker": "Shahid Afridi",
              "runs": {
                "batter": 0,
                "extras": 0,
                "total": 0
              }
            },
            {
              "batter": "GJ Bailey",
              "bowler": "RS Bopara",
              "non_striker": "Shahid Afridi",
              "runs": {
                "batter": 1,
                "extras": 0,
                "total": 1
              }
            },
            {
              "batter": "Shahid Afridi",
              "bowler": "RS Bopara",
              "extras": {
                "wides": 1
              },
              "non_striker": "GJ Bailey",
              "runs": {
                "batter": 0,
                "extras": 1,
                "total": 1
              }
            },
            {
              "batter": "Shahid Afridi",
              "bowler": "RS Bopara",
              "non_striker": "GJ Bailey",
              "runs": {
                "batter": 1,
                "extras": 0,
                "total": 1
              }
            }
          ]
        },
        {
          "over": 12,
          "deliveries": [
            {
              "batter": "Shahid Afridi",
              "bowler": "Mohammad Amir",
              "non_striker": "GJ Bailey",
              "runs": {
                "batter": 1,
                "extras": 0,
                "total": 1
              }
            },
            {
              "batter": "GJ Bailey",
              "bowler": "Mohammad Amir",
              "non_striker": "Shahid Afridi",
              "runs": {
                "batter": 1,
                "extras": 0,
                "total": 1
              }
            },
            {
              "batter": "Shahid Afridi",
              "bowler": "Mohammad Amir",
              "non_striker": "GJ Bailey",
              "runs": {
                "batter": 1,
                "extras": 0,
                "total": 1
              }
            },
            {
              "batter": "GJ Bailey",
              "bowler": "Mohammad Amir",
              "non_striker": "Shahid Afridi",
              "runs": {
                "batter": 1,
                "extras": 0,
                "total": 1
              }
            },
            {
              "batter": "Shahid Afridi",
              "bowler": "Mohammad Amir",
              "non_striker": "GJ Bailey",
              "runs": {
                "batter": 0,
                "extras": 0,
                "total": 0
              }
            },
            {
              "batter": "Shahid Afridi",
              "bowler": "Mohammad Amir",
              "non_striker": "GJ Bailey",
              "runs": {
                "batter": 2,
                "extras": 0,
                "total": 2
              }
            }
          ]
        },
        {
          "over": 13,
          "deliveries": [
            {
              "batter": "GJ Bailey",
              "bowler": "Ashar Zaidi",
              "non_striker": "Shahid Afridi",
              "runs": {
                "batter": 0,
                "extras": 0,
                "total": 0
              }
            },
            {
              "batter": "GJ Bailey",
              "bowler": "Ashar Zaidi",
              "extras": {
                "wides": 1
              },
              "non_striker": "Shahid Afridi",
              "runs": {
                "batter": 0,
                "extras": 1,
                "total": 1
              }
            },
            {
              "batter": "GJ Bailey",
              "bowler": "Ashar Zaidi",
              "non_striker": "Shahid Afridi",
              "runs": {
                "batter": 1,
                "extras": 0,
                "total": 1
              }
            },
            {
              "batter": "Shahid Afridi",
              "bowler": "Ashar Zaidi",
              "non_striker": "GJ Bailey",
              "runs": {
                "batter": 1,
                "extras": 0,
                "total": 1
              }
            },
            {
              "batter": "GJ Bailey",
              "bowler": "Ashar Zaidi",
              "non_striker": "Shahid Afridi",
              "runs": {
                "batter": 0,
                "extras": 0,
                "total": 0
              }
            },
            {
              "batter": "GJ Bailey",
              "bowler": "Ashar Zaidi",
              "non_striker": "Shahid Afridi",
              "runs": {
                "batter": 1,
                "extras": 0,
                "total": 1
              }
            },
            {
              "batter": "Shahid Afridi",
              "bowler": "Ashar Zaidi",
              "non_striker": "GJ Bailey",
              "runs": {
                "batter": 0,
                "extras": 0,
                "total": 0
              },
              "wickets": [
                {
                  "player_out": "Shahid Afridi",
                  "fielders": [
                    {
                      "name": "RS Bopara"
                    }
                  ],
                  "kind": "caught"
                }
              ]
            }
          ]
        },
        {
          "over": 14,
          "deliveries": [
            {
              "batter": "GJ Bailey",
              "bowler": "MW Dixon",
              "non_striker": "LD McManus",
              "runs": {
                "batter": 1,
                "extras": 0,
                "total": 1
              }
            },
            {
              "batter": "LD McManus",
              "bowler": "MW Dixon",
              "non_striker": "GJ Bailey",
              "runs": {
                "batter": 0,
                "extras": 0,
                "total": 0
              }
            },
            {
              "batter": "LD McManus",
              "bowler": "MW Dixon",
              "non_striker": "GJ Bailey",
              "runs": {
                "batter": 1,
                "extras": 0,
                "total": 1
              }
            },
            {
              "batter": "GJ Bailey",
              "bowler": "MW Dixon",
              "non_striker": "LD McManus",
              "runs": {
                "batter": 0,
                "extras": 0,
                "total": 0
              }
            },
            {
              "batter": "GJ Bailey",
              "bowler": "MW Dixon",
              "non_striker": "LD McManus",
              "runs": {
                "batter": 0,
                "extras": 0,
                "total": 0
              }
            },
            {
              "batter": "GJ Bailey",
              "bowler": "MW Dixon",
              "non_striker": "LD McManus",
              "runs": {
                "batter": 0,
                "extras": 0,
                "total": 0
              },
              "wickets": [
                {
                  "player_out": "GJ Bailey",
                  "fielders": [
                    {
                      "name": "V Chopra"
                    }
                  ],
                  "kind": "caught"
                }
              ]
            }
          ]
        },
        {
          "over": 15,
          "deliveries": [
            {
              "batter": "GK Berg",
              "bowler": "Ashar Zaidi",
              "non_striker": "LD McManus",
              "runs": {
                "batter": 1,
                "extras": 0,
                "total": 1
              }
            },
            {
              "batter": "LD McManus",
              "bowler": "Ashar Zaidi",
              "non_striker": "GK Berg",
              "runs": {
                "batter": 2,
                "extras": 0,
                "total": 2
              }
            },
            {
              "batter": "LD McManus",
              "bowler": "Ashar Zaidi",
              "non_striker": "GK Berg",
              "runs": {
                "batter": 1,
                "extras": 0,
                "total": 1
              }
            },
            {
              "batter": "GK Berg",
              "bowler": "Ashar Zaidi",
              "non_striker": "LD McManus",
              "runs": {
                "batter": 1,
                "extras": 0,
                "total": 1
              }
            },
            {
              "batter": "LD McManus",
              "bowler": "Ashar Zaidi",
              "non_striker": "GK Berg",
              "runs": {
                "batter": 1,
                "extras": 0,
                "total": 1
              }
            },
            {
              "batter": "GK Berg",
              "bowler": "Ashar Zaidi",
              "non_striker": "LD McManus",
              "runs": {
                "batter": 2,
                "extras": 0,
                "total": 2
              }
            }
          ]
        },
        {
          "over": 16,
          "deliveries": [
            {
              "batter": "LD McManus",
              "bowler": "RS Bopara",
              "non_striker": "GK Berg",
              "runs": {
                "batter": 0,
                "extras": 0,
                "total": 0
              },
              "wickets": [
                {
                  "player_out": "LD McManus",
                  "kind": "bowled"
                }
              ]
            },
            {
              "batter": "KJ Abbott",
              "bowler": "RS Bopara",
              "non_striker": "GK Berg",
              "runs": {
                "batter": 0,
                "extras": 0,
                "total": 0
              }
            },
            {
              "batter": "KJ Abbott",
              "bowler": "RS Bopara",
              "non_striker": "GK Berg",
              "runs": {
                "batter": 1,
                "extras": 0,
                "total": 1
              }
            },
            {
              "batter": "GK Berg",
              "bowler": "RS Bopara",
              "non_striker": "KJ Abbott",
              "runs": {
                "batter": 1,
                "extras": 0,
                "total": 1
              }
            },
            {
              "batter": "KJ Abbott",
              "bowler": "RS Bopara",
              "non_striker": "GK Berg",
              "runs": {
                "batter": 0,
                "extras": 0,
                "total": 0
              }
            },
            {
              "batter": "KJ Abbott",
              "bowler": "RS Bopara",
              "non_striker": "GK Berg",
              "runs": {
                "batter": 1,
                "extras": 0,
                "total": 1
              }
            }
          ]
        },
        {
          "over": 17,
          "deliveries": [
            {
              "batter": "KJ Abbott",
              "bowler": "PI Walter",
              "non_striker": "GK Berg",
              "runs": {
                "batter": 0,
                "extras": 0,
                "total": 0
              },
              "wickets": [
                {
                  "player_out": "KJ Abbott",
                  "kind": "bowled"
                }
              ]
            },
            {
              "batter": "MS Crane",
              "bowler": "PI Walter",
              "non_striker": "GK Berg",
              "runs": {
                "batter": 0,
                "extras": 0,
                "total": 0
              }
            },
            {
              "batter": "MS Crane",
              "bowler": "PI Walter",
              "non_striker": "GK Berg",
              "runs": {
                "batter": 0,
                "extras": 0,
                "total": 0
              }
            },
            {
              "batter": "MS Crane",
              "bowler": "PI Walter",
              "non_striker": "GK Berg",
              "runs": {
                "batter": 1,
                "extras": 0,
                "total": 1
              }
            },
            {
              "batter": "GK Berg",
              "bowler": "PI Walter",
              "non_striker": "MS Crane",
              "runs": {
                "batter": 0,
                "extras": 0,
                "total": 0
              }
            },
            {
              "batter": "GK Berg",
              "bowler": "PI Walter",
              "extras": {
                "wides": 2
              },
              "non_striker": "MS Crane",
              "runs": {
                "batter": 0,
                "extras": 2,
                "total": 2
              }
            },
            {
              "batter": "MS Crane",
              "bowler": "PI Walter",
              "non_striker": "GK Berg",
              "runs": {
                "batter": 1,
                "extras": 0,
                "total": 1
              }
            }
          ]
        },
        {
          "over": 18,
          "deliveries": [
            {
              "batter": "MS Crane",
              "bowler": "Mohammad Amir",
              "non_striker": "GK Berg",
              "runs": {
                "batter": 0,
                "extras": 0,
                "total": 0
              }
            },
            {
              "batter": "MS Crane",
              "bowler": "Mohammad Amir",
              "non_striker": "GK Berg",
              "runs": {
                "batter": 0,
                "extras": 0,
                "total": 0
              }
            },
            {
              "batter": "MS Crane",
              "bowler": "Mohammad Amir",
              "non_striker": "GK Berg",
              "runs": {
                "batter": 1,
                "extras": 0,
                "total": 1
              }
            },
            {
              "batter": "GK Berg",
              "bowler": "Mohammad Amir",
              "non_striker": "MS Crane",
              "runs": {
                "batter": 1,
                "extras": 0,
                "total": 1
              }
            },
            {
              "batter": "MS Crane",
              "bowler": "Mohammad Amir",
              "non_striker": "GK Berg",
              "runs": {
                "batter": 0,
                "extras": 0,
                "total": 0
              },
              "wickets": [
                {
                  "player_out": "MS Crane",
                  "kind": "bowled"
                }
              ]
            },
            {
              "batter": "RJW Topley",
              "bowler": "Mohammad Amir",
              "non_striker": "GK Berg",
              "runs": {
                "batter": 0,
                "extras": 0,
                "total": 0
              }
            }
          ]
        },
        {
          "over": 19,
          "deliveries": [
            {
              "batter": "GK Berg",
              "bowler": "MW Dixon",
              "non_striker": "RJW Topley",
              "runs": {
                "batter": 1,
                "extras": 0,
                "total": 1
              }
            },
            {
              "batter": "RJW Topley",
              "bowler": "MW Dixon",
              "non_striker": "GK Berg",
              "runs": {
                "batter": 1,
                "extras": 0,
                "total": 1
              }
            },
            {
              "batter": "GK Berg",
              "bowler": "MW Dixon",
              "non_striker": "RJW Topley",
              "runs": {
                "batter": 0,
                "extras": 0,
                "total": 0
              }
            },
            {
              "batter": "GK Berg",
              "bowler": "MW Dixon",
              "non_striker": "RJW Topley",
              "runs": {
                "batter": 0,
                "extras": 0,
                "total": 0
              }
            },
            {
              "batter": "GK Berg",
              "bowler": "MW Dixon",
              "non_striker": "RJW Topley",
              "runs": {
                "batter": 2,
                "extras": 0,
                "total": 2
              }
            },
            {
              "batter": "GK Berg",
              "bowler": "MW Dixon",
              "non_striker": "RJW Topley",
              "runs": {
                "batter": 2,
                "extras": 0,
                "total": 2
              }
            }
          ]
        }
      ],
      "powerplays": [
        {
          "from": 0.1,
          "to": 5.6,
          "type": "mandatory"
        }
      ]
    },
    {
      "team": "Essex",
      "overs": [
        {
          "over": 0,
          "deliveries": [
            {
              "batter": "AJA Wheater",
              "bowler": "RJW Topley",
              "non_striker": "V Chopra",
              "runs": {
                "batter": 0,
                "extras": 0,
                "total": 0
              }
            },
            {
              "batter": "AJA Wheater",
              "bowler": "RJW Topley",
              "non_striker": "V Chopra",
              "runs": {
                "batter": 1,
                "extras": 0,
                "total": 1
              }
            },
            {
              "batter": "V Chopra",
              "bowler": "RJW Topley",
              "non_striker": "AJA Wheater",
              "runs": {
                "batter": 1,
                "extras": 0,
                "total": 1
              }
            },
            {
              "batter": "AJA Wheater",
              "bowler": "RJW Topley",
              "non_striker": "V Chopra",
              "runs": {
                "batter": 1,
                "extras": 0,
                "total": 1
              }
            },
            {
              "batter": "V Chopra",
              "bowler": "RJW Topley",
              "non_striker": "AJA Wheater",
              "runs": {
                "batter": 1,
                "extras": 0,
                "total": 1
              }
            },
            {
              "batter": "AJA Wheater",
              "bowler": "RJW Topley",
              "non_striker": "V Chopra",
              "runs": {
                "batter": 2,
                "extras": 0,
                "total": 2
              }
            }
          ]
        },
        {
          "over": 1,
          "deliveries": [
            {
              "batter": "V Chopra",
              "bowler": "KJ Abbott",
              "non_striker": "AJA Wheater",
              "runs": {
                "batter": 0,
                "extras": 0,
                "total": 0
              },
              "wickets": [
                {
                  "player_out": "V Chopra",
                  "fielders": [
                    {
                      "name": "LD McManus"
                    }
                  ],
                  "kind": "caught"
                }
              ]
            },
            {
              "batter": "DW Lawrence",
              "bowler": "KJ Abbott",
              "non_striker": "AJA Wheater",
              "runs": {
                "batter": 1,
                "extras": 0,
                "total": 1
              }
            },
            {
              "batter": "AJA Wheater",
              "bowler": "KJ Abbott",
              "non_striker": "DW Lawrence",
              "runs": {
                "batter": 4,
                "extras": 0,
                "total": 4
              }
            },
            {
              "batter": "AJA Wheater",
              "bowler": "KJ Abbott",
              "non_striker": "DW Lawrence",
              "runs": {
                "batter": 1,
                "extras": 0,
                "total": 1
              }
            },
            {
              "batter": "DW Lawrence",
              "bowler": "KJ Abbott",
              "non_striker": "AJA Wheater",
              "runs": {
                "batter": 4,
                "extras": 0,
                "total": 4
              }
            },
            {
              "batter": "DW Lawrence",
              "bowler": "KJ Abbott",
              "extras": {
                "noballs": 2
              },
              "non_striker": "AJA Wheater",
              "runs": {
                "batter": 1,
                "extras": 2,
                "total": 3
              }
            },
            {
              "batter": "AJA Wheater",
              "bowler": "KJ Abbott",
              "non_striker": "DW Lawrence",
              "runs": {
                "batter": 4,
                "extras": 0,
                "total": 4
              }
            }
          ]
        },
        {
          "over": 2,
          "deliveries": [
            {
              "batter": "DW Lawrence",
              "bowler": "RJW Topley",
              "non_striker": "AJA Wheater",
              "runs": {
                "batter": 0,
                "extras": 0,
                "total": 0
              }
            },
            {
              "batter": "DW Lawrence",
              "bowler": "RJW Topley",
              "non_striker": "AJA Wheater",
              "runs": {
                "batter": 4,
                "extras": 0,
                "total": 4
              }
            },
            {
              "batter": "DW Lawrence",
              "bowler": "RJW Topley",
              "non_striker": "AJA Wheater",
              "runs": {
                "batter": 0,
                "extras": 0,
                "total": 0
              }
            },
            {
              "batter": "DW Lawrence",
              "bowler": "RJW Topley",
              "extras": {
                "legbyes": 1
              },
              "non_striker": "AJA Wheater",
              "runs": {
                "batter": 0,
                "extras": 1,
                "total": 1
              }
            },
            {
              "batter": "AJA Wheater",
              "bowler": "RJW Topley",
              "non_striker": "DW Lawrence",
              "runs": {
                "batter": 1,
                "extras": 0,
                "total": 1
              }
            },
            {
              "batter": "DW Lawrence",
              "bowler": "RJW Topley",
              "non_striker": "AJA Wheater",
              "runs": {
                "batter": 1,
                "extras": 0,
                "total": 1
              }
            }
          ]
        },
        {
          "over": 3,
          "deliveries": [
            {
              "batter": "DW Lawrence",
              "bowler": "GK Berg",
              "non_striker": "AJA Wheater",
              "runs": {
                "batter": 4,
                "extras": 0,
                "total": 4
              }
            },
            {
              "batter": "DW Lawrence",
              "bowler": "GK Berg",
              "non_striker": "AJA Wheater",
              "runs": {
                "batter": 4,
                "extras": 0,
                "total": 4
              }
            },
            {
              "batter": "DW Lawrence",
              "bowler": "GK Berg",
              "non_striker": "AJA Wheater",
              "runs": {
                "batter": 0,
                "extras": 0,
                "total": 0
              }
            },
            {
              "batter": "DW Lawrence",
              "bowler": "GK Berg",
              "non_striker": "AJA Wheater",
              "runs": {
                "batter": 0,
                "extras": 0,
                "total": 0
              }
            },
            {
              "batter": "DW Lawrence",
              "bowler": "GK Berg",
              "non_striker": "AJA Wheater",
              "runs": {
                "batter": 0,
                "extras": 0,
                "total": 0
              }
            },
            {
              "batter": "DW Lawrence",
              "bowler": "GK Berg",
              "non_striker": "AJA Wheater",
              "runs": {
                "batter": 1,
                "extras": 0,
                "total": 1
              }
            }
          ]
        },
        {
          "over": 4,
          "deliveries": [
            {
              "batter": "DW Lawrence",
              "bowler": "KJ Abbott",
              "non_striker": "AJA Wheater",
              "runs": {
                "batter": 0,
                "extras": 0,
                "total": 0
              }
            },
            {
              "batter": "DW Lawrence",
              "bowler": "KJ Abbott",
              "non_striker": "AJA Wheater",
              "runs": {
                "batter": 1,
                "extras": 0,
                "total": 1
              }
            },
            {
              "batter": "AJA Wheater",
              "bowler": "KJ Abbott",
              "non_striker": "DW Lawrence",
              "runs": {
                "batter": 0,
                "extras": 0,
                "total": 0
              }
            },
            {
              "batter": "AJA Wheater",
              "bowler": "KJ Abbott",
              "non_striker": "DW Lawrence",
              "runs": {
                "batter": 0,
                "extras": 0,
                "total": 0
              }
            },
            {
              "batter": "AJA Wheater",
              "bowler": "KJ Abbott",
              "non_striker": "DW Lawrence",
              "runs": {
                "batter": 0,
                "extras": 0,
                "total": 0
              }
            },
            {
              "batter": "AJA Wheater",
              "bowler": "KJ Abbott",
              "non_striker": "DW Lawrence",
              "runs": {
                "batter": 0,
                "extras": 0,
                "total": 0
              }
            }
          ]
        },
        {
          "over": 5,
          "deliveries": [
            {
              "batter": "DW Lawrence",
              "bowler": "GK Berg",
              "non_striker": "AJA Wheater",
              "runs": {
                "batter": 1,
                "extras": 0,
                "total": 1
              }
            },
            {
              "batter": "AJA Wheater",
              "bowler": "GK Berg",
              "non_striker": "DW Lawrence",
              "runs": {
                "batter": 4,
                "extras": 0,
                "total": 4
              }
            },
            {
              "batter": "AJA Wheater",
              "bowler": "GK Berg",
              "non_striker": "DW Lawrence",
              "runs": {
                "batter": 0,
                "extras": 0,
                "total": 0
              }
            },
            {
              "batter": "AJA Wheater",
              "bowler": "GK Berg",
              "non_striker": "DW Lawrence",
              "runs": {
                "batter": 1,
                "extras": 0,
                "total": 1
              }
            },
            {
              "batter": "DW Lawrence",
              "bowler": "GK Berg",
              "non_striker": "AJA Wheater",
              "runs": {
                "batter": 4,
                "extras": 0,
                "total": 4
              }
            },
            {
              "batter": "DW Lawrence",
              "bowler": "GK Berg",
              "non_striker": "AJA Wheater",
              "runs": {
                "batter": 1,
                "extras": 0,
                "total": 1
              }
            }
          ]
        },
        {
          "over": 6,
          "deliveries": [
            {
              "batter": "DW Lawrence",
              "bowler": "MS Crane",
              "non_striker": "AJA Wheater",
              "runs": {
                "batter": 0,
                "extras": 0,
                "total": 0
              }
            },
            {
              "batter": "DW Lawrence",
              "bowler": "MS Crane",
              "non_striker": "AJA Wheater",
              "runs": {
                "batter": 1,
                "extras": 0,
                "total": 1
              }
            },
            {
              "batter": "AJA Wheater",
              "bowler": "MS Crane",
              "non_striker": "DW Lawrence",
              "runs": {
                "batter": 0,
                "extras": 0,
                "total": 0
              }
            },
            {
              "batter": "AJA Wheater",
              "bowler": "MS Crane",
              "non_striker": "DW Lawrence",
              "runs": {
                "batter": 4,
                "extras": 0,
                "total": 4
              }
            },
            {
              "batter": "AJA Wheater",
              "bowler": "MS Crane",
              "non_striker": "DW Lawrence",
              "runs": {
                "batter": 1,
                "extras": 0,
                "total": 1
              }
            },
            {
              "batter": "DW Lawrence",
              "bowler": "MS Crane",
              "non_striker": "AJA Wheater",
              "runs": {
                "batter": 0,
                "extras": 0,
                "total": 0
              }
            }
          ]
        },
        {
          "over": 7,
          "deliveries": [
            {
              "batter": "AJA Wheater",
              "bowler": "Shahid Afridi",
              "non_striker": "DW Lawrence",
              "runs": {
                "batter": 2,
                "extras": 0,
                "total": 2
              }
            },
            {
              "batter": "AJA Wheater",
              "bowler": "Shahid Afridi",
              "non_striker": "DW Lawrence",
              "runs": {
                "batter": 1,
                "extras": 0,
                "total": 1
              }
            },
            {
              "batter": "DW Lawrence",
              "bowler": "Shahid Afridi",
              "non_striker": "AJA Wheater",
              "runs": {
                "batter": 0,
                "extras": 0,
                "total": 0
              }
            },
            {
              "batter": "DW Lawrence",
              "bowler": "Shahid Afridi",
              "non_striker": "AJA Wheater",
              "runs": {
                "batter": 1,
                "extras": 0,
                "total": 1
              }
            },
            {
              "batter": "AJA Wheater",
              "bowler": "Shahid Afridi",
              "non_striker": "DW Lawrence",
              "runs": {
                "batter": 1,
                "extras": 0,
                "total": 1
              }
            },
            {
              "batter": "DW Lawrence",
              "bowler": "Shahid Afridi",
              "non_striker": "AJA Wheater",
              "runs": {
                "batter": 2,
                "extras": 0,
                "total": 2
              }
            }
          ]
        },
        {
          "over": 8,
          "deliveries": [
            {
              "batter": "AJA Wheater",
              "bowler": "MS Crane",
              "non_striker": "DW Lawrence",
              "runs": {
                "batter": 1,
                "extras": 0,
                "total": 1
              }
            },
            {
              "batter": "DW Lawrence",
              "bowler": "MS Crane",
              "non_striker": "AJA Wheater",
              "runs": {
                "batter": 0,
                "extras": 0,
                "total": 0
              }
            },
            {
              "batter": "DW Lawrence",
              "bowler": "MS Crane",
              "non_striker": "AJA Wheater",
              "runs": {
                "batter": 4,
                "extras": 0,
                "total": 4
              }
            },
            {
              "batter": "DW Lawrence",
              "bowler": "MS Crane",
              "non_striker": "AJA Wheater",
              "runs": {
                "batter": 6,
                "extras": 0,
                "total": 6
              }
            },
            {
              "batter": "DW Lawrence",
              "bowler": "MS Crane",
              "non_striker": "AJA Wheater",
              "runs": {
                "batter": 4,
                "extras": 0,
                "total": 4
              }
            },
            {
              "batter": "DW Lawrence",
              "bowler": "MS Crane",
              "non_striker": "AJA Wheater",
              "runs": {
                "batter": 1,
                "extras": 0,
                "total": 1
              }
            }
          ]
        },
        {
          "over": 9,
          "deliveries": [
            {
              "batter": "DW Lawrence",
              "bowler": "Shahid Afridi",
              "non_striker": "AJA Wheater",
              "runs": {
                "batter": 0,
                "extras": 0,
                "total": 0
              }
            },
            {
              "batter": "DW Lawrence",
              "bowler": "Shahid Afridi",
              "non_striker": "AJA Wheater",
              "runs": {
                "batter": 1,
                "extras": 0,
                "total": 1
              }
            },
            {
              "batter": "AJA Wheater",
              "bowler": "Shahid Afridi",
              "non_striker": "DW Lawrence",
              "runs": {
                "batter": 1,
                "extras": 0,
                "total": 1
              }
            },
            {
              "batter": "DW Lawrence",
              "bowler": "Shahid Afridi",
              "non_striker": "AJA Wheater",
              "runs": {
                "batter": 0,
                "extras": 0,
                "total": 0
              },
              "wickets": [
                {
                  "player_out": "DW Lawrence",
                  "kind": "caught and bowled"
                }
              ]
            },
            {
              "batter": "Ashar Zaidi",
              "bowler": "Shahid Afridi",
              "non_striker": "AJA Wheater",
              "runs": {
                "batter": 1,
                "extras": 0,
                "total": 1
              }
            },
            {
              "batter": "AJA Wheater",
              "bowler": "Shahid Afridi",
              "non_striker": "Ashar Zaidi",
              "runs": {
                "batter": 1,
                "extras": 0,
                "total": 1
              }
            }
          ]
        },
        {
          "over": 10,
          "deliveries": [
            {
              "batter": "AJA Wheater",
              "bowler": "KJ Abbott",
              "non_striker": "Ashar Zaidi",
              "runs": {
                "batter": 1,
                "extras": 0,
                "total": 1
              }
            },
            {
              "batter": "Ashar Zaidi",
              "bowler": "KJ Abbott",
              "non_striker": "AJA Wheater",
              "runs": {
                "batter": 0,
                "extras": 0,
                "total": 0
              }
            },
            {
              "batter": "Ashar Zaidi",
              "bowler": "KJ Abbott",
              "extras": {
                "wides": 1
              },
              "non_striker": "AJA Wheater",
              "runs": {
                "batter": 0,
                "extras": 1,
                "total": 1
              }
            },
            {
              "batter": "Ashar Zaidi",
              "bowler": "KJ Abbott",
              "non_striker": "AJA Wheater",
              "runs": {
                "batter": 1,
                "extras": 0,
                "total": 1
              }
            },
            {
              "batter": "AJA Wheater",
              "bowler": "KJ Abbott",
              "non_striker": "Ashar Zaidi",
              "runs": {
                "batter": 1,
                "extras": 0,
                "total": 1
              }
            },
            {
              "batter": "Ashar Zaidi",
              "bowler": "KJ Abbott",
              "non_striker": "AJA Wheater",
              "runs": {
                "batter": 1,
                "extras": 0,
                "total": 1
              }
            },
            {
              "batter": "AJA Wheater",
              "bowler": "KJ Abbott",
              "non_striker": "Ashar Zaidi",
              "runs": {
                "batter": 4,
                "extras": 0,
                "total": 4
              }
            }
          ]
        },
        {
          "over": 11,
          "deliveries": [
            {
              "batter": "Ashar Zaidi",
              "bowler": "Shahid Afridi",
              "non_striker": "AJA Wheater",
              "runs": {
                "batter": 6,
                "extras": 0,
                "total": 6
              }
            },
            {
              "batter": "Ashar Zaidi",
              "bowler": "Shahid Afridi",
              "non_striker": "AJA Wheater",
              "runs": {
                "batter": 1,
                "extras": 0,
                "total": 1
              }
            },
            {
              "batter": "AJA Wheater",
              "bowler": "Shahid Afridi",
              "non_striker": "Ashar Zaidi",
              "runs": {
                "batter": 1,
                "extras": 0,
                "total": 1
              }
            },
            {
              "batter": "Ashar Zaidi",
              "bowler": "Shahid Afridi",
              "non_striker": "AJA Wheater",
              "runs": {
                "batter": 0,
                "extras": 0,
                "total": 0
              }
            },
            {
              "batter": "Ashar Zaidi",
              "bowler": "Shahid Afridi",
              "non_striker": "AJA Wheater",
              "runs": {
                "batter": 6,
                "extras": 0,
                "total": 6
              }
            },
            {
              "batter": "Ashar Zaidi",
              "bowler": "Shahid Afridi",
              "non_striker": "AJA Wheater",
              "runs": {
                "batter": 0,
                "extras": 0,
                "total": 0
              }
            }
          ]
        },
        {
          "over": 12,
          "deliveries": [
            {
              "batter": "AJA Wheater",
              "bowler": "RJW Topley",
              "non_striker": "Ashar Zaidi",
              "runs": {
                "batter": 0,
                "extras": 0,
                "total": 0
              }
            },
            {
              "batter": "AJA Wheater",
              "bowler": "RJW Topley",
              "non_striker": "Ashar Zaidi",
              "runs": {
                "batter": 1,
                "extras": 0,
                "total": 1
              }
            },
            {
              "batter": "Ashar Zaidi",
              "bowler": "RJW Topley",
              "non_striker": "AJA Wheater",
              "runs": {
                "batter": 0,
                "extras": 0,
                "total": 0
              }
            },
            {
              "batter": "Ashar Zaidi",
              "bowler": "RJW Topley",
              "non_striker": "AJA Wheater",
              "runs": {
                "batter": 0,
                "extras": 0,
                "total": 0
              }
            },
            {
              "batter": "Ashar Zaidi",
              "bowler": "RJW Topley",
              "non_striker": "AJA Wheater",
              "runs": {
                "batter": 1,
                "extras": 0,
                "total": 1
              }
            },
            {
              "batter": "AJA Wheater",
              "bowler": "RJW Topley",
              "non_striker": "Ashar Zaidi",
              "runs": {
                "batter": 4,
                "extras": 0,
                "total": 4
              }
            }
          ]
        },
        {
          "over": 13,
          "deliveries": [
            {
              "batter": "Ashar Zaidi",
              "bowler": "GK Berg",
              "non_striker": "AJA Wheater",
              "runs": {
                "batter": 0,
                "extras": 0,
                "total": 0
              },
              "wickets": [
                {
                  "player_out": "Ashar Zaidi",
                  "fielders": [
                    {
                      "name": "RR Rossouw"
                    }
                  ],
                  "kind": "caught"
                }
              ]
            },
            {
              "batter": "RS Bopara",
              "bowler": "GK Berg",
              "non_striker": "AJA Wheater",
              "runs": {
                "batter": 0,
                "extras": 0,
                "total": 0
              }
            },
            {
              "batter": "RS Bopara",
              "bowler": "GK Berg",
              "non_striker": "AJA Wheater",
              "runs": {
                "batter": 1,
                "extras": 0,
                "total": 1
              }
            },
            {
              "batter": "AJA Wheater",
              "bowler": "GK Berg",
              "non_striker": "RS Bopara",
              "runs": {
                "batter": 1,
                "extras": 0,
                "total": 1
              }
            },
            {
              "batter": "RS Bopara",
              "bowler": "GK Berg",
              "non_striker": "AJA Wheater",
              "runs": {
                "batter": 4,
                "extras": 0,
                "total": 4
              }
            },
            {
              "batter": "RS Bopara",
              "bowler": "GK Berg",
              "extras": {
                "noballs": 2
              },
              "non_striker": "AJA Wheater",
              "runs": {
                "batter": 0,
                "extras": 2,
                "total": 2
              }
            },
            {
              "batter": "RS Bopara",
              "bowler": "GK Berg",
              "extras": {
                "noballs": 2
              },
              "non_striker": "AJA Wheater",
              "runs": {
                "batter": 0,
                "extras": 2,
                "total": 2
              }
            },
            {
              "batter": "RS Bopara",
              "bowler": "GK Berg",
              "non_striker": "AJA Wheater",
              "runs": {
                "batter": 6,
                "extras": 0,
                "total": 6
              }
            }
          ]
        }
      ],
      "powerplays": [
        {
          "from": 0.1,
          "to": 5.6,
          "type": "mandatory"
        }
      ],
      "target": {
        "overs": 20,
        "runs": 125
      }
    }
  ]
}