{
  "meta": {
    "data_version": "1.0.0",
    "created": "2020-06-22",
    "revision": 1
  },
  "info": {
    "balls_per_over": 6,
    "city": "Leicester",
    "dates": [
      "2018-08-02"
    ],
    "event": {
      "name": "Vitality Blast",
      "group": "North"
    },
    "gender": "male",
    "match_type": "T20",
    "officials": {
      "umpires": [
        "BV Taylor",
        "JW Lloyds"
      ]
    },
    "outcome": {
      "winner": "Birmingham Bears",
      "by": {
        "wickets": 8
      }
    },
    "overs": 20,
    "player_of_match": [
      "AJ Hose"
    ],
    "players": {
      "Leicestershire": [
        "CS Delport",
        "NJ Dexter",
        "MJ Cosgrove",
        "BA Raine",
        "CN Ackermann",
        "A Javid",
        "Mohammad Nabi",
        "EJH Eckersley",
        "ZJ Chappell",
        "CF Parkinson",
        "Mohammad Abbas"
      ],
      "Birmingham Bears": [
        "IR Bell",
        "EJ Pollock",
        "AJ Hose",
        "SR Hain",
        "C de Grandhomme",
        "GD Elliott",
        "AD Thomason",
        "TR Ambrose",
        "CR Woakes",
        "JS Patel",
        "OP Stone"
      ]
    },
    "registry": {
      "people": {
        "A Javid": "8d1dad51",
        "AD Thomason": "0c5bb005",
        "AJ Hose": "104e88a4",
        "BA Raine": "4c0f3806",
        "BV Taylor": "99760152",
        "C de Grandhomme": "94d7f855",
        "CF Parkinson": "aa1210d8",
        "CN Ackermann": "e734d090",
        "CR Woakes": "4c5d73db",
        "CS Delport": "afa78c3a",
        "EJ Pollock": "d6663a9a",
        "EJH Eckersley": "d510d457",
        "GD Elliott": "c03449e0",
        "IR Bell": "33155d1b",
        "JS Patel": "f5821615",
        "JW Lloyds": "112b8472",
        "MJ Cosgrove": "be768595",
        "Mohammad Abbas": "a089f93f",
        "Mohammad Nabi": "62af8546",
        "NJ Dexter": "dc670143",
        "OP Stone": "3f659464",
        "SR Hain": "67b9536c",
        "TR Ambrose": "a15aaa7f",
        "ZJ Chappell": "fe5b4367"
      }
    },
    "season": "2018",
    "team_type": "club",
    "teams": [
      "Leicestershire",
      "Birmingham Bears"
    ],
    "toss": {
      "decision": "bat",
      "winner": "Leicestershire"
    },
    "venue": "Grace Road"
  },
  "innings": [
    {
      "team": "Leicestershire",
      "overs": [
        {
          "over": 0,
          "deliveries": [
            {
              "batter": "CS Delport",
              "bowler": "CR Woakes",
              "non_striker": "NJ Dexter",
              "runs": {
                "batter": 0,
                "extras": 0,
                "total": 0
              }
            },
            {
              "batter": "CS Delport",
              "bowler": "CR Woakes",
              "non_striker": "NJ Dexter",
              "runs": {
                "batter": 0,
                "extras": 0,
                "total": 0
              },
              "wickets": [
                {
                  "player_out": "CS Delport",
                  "kind": "bowled"
                }
              ]
            },
            {
              "batter": "MJ Cosgrove",
              "bowler": "CR Woakes",
              "non_striker": "NJ Dexter",
              "runs": {
                "batter": 0,
                "extras": 0,
                "total": 0
              }
            },
            {
              "batter": "MJ Cosgrove",
              "bowler": "CR Woakes",
              "non_striker": "NJ Dexter",
              "runs": {
                "batter": 0,
                "extras": 0,
                "total": 0
              }
            },
            {
              "batter": "MJ Cosgrove",
              "bowler": "CR Woakes",
              "non_striker": "NJ Dexter",
              "runs": {
                "batter": 1,
                "extras": 0,
                "total": 1
              }
            },
            {
              "batter": "NJ Dexter",
              "bowler": "CR Woakes",
              "non_striker": "MJ Cosgrove",
              "runs": {
                "batter": 0,
                "extras": 0,
                "total": 0
              }
            }
          ]
        },
        {
          "over": 1,
          "deliveries": [
            {
              "batter": "MJ Cosgrove",
              "bowler": "OP Stone",
              "non_striker": "NJ Dexter",
              "runs": {
                "batter": 1,
                "extras": 0,
                "total": 1
              }
            },
            {
              "batter": "NJ Dexter",
              "bowler": "OP Stone",
              "non_striker": "MJ Cosgrove",
              "runs": {
                "batter": 0,
                "extras": 0,
                "total": 0
              }
            },
            {
              "batter": "NJ Dexter",
              "bowler": "OP Stone",
              "non_striker": "MJ Cosgrove",
              "runs": {
                "batter": 1,
                "extras": 0,
                "total": 1
              }
            },
            {
              "batter": "MJ Cosgrove",
              "bowler": "OP Stone",
              "non_striker": "NJ Dexter",
              "runs": {
                "batter": 0,
                "extras": 0,
                "total": 0
              }
            },
            {
              "batter": "MJ Cosgrove",
              "bowler": "OP Stone",
              "non_striker": "NJ Dexter",
              "runs": {
                "batter": 0,
                "extras": 0,
                "total": 0
              }
            },
            {
              "batter": "MJ Cosgrove",
              "bowler": "OP Stone",
              "non_striker": "NJ Dexter",
              "runs": {
                "batter": 1,
                "extras": 0,
                "total": 1
              }
            }
          ]
        },
        {
          "over": 2,
          "deliveries": [
            {
              "batter": "MJ Cosgrove",
              "bowler": "CR Woakes",
              "non_striker": "NJ Dexter",
              "runs": {
                "batter": 4,
                "extras": 0,
                "total": 4
              }
            },
            {
              "batter": "MJ Cosgrove",
              "bowler": "CR Woakes",
              "non_striker": "NJ Dexter",
              "runs": {
                "batter": 0,
                "extras": 0,
                "total": 0
              }
            },
            {
              "batter": "MJ Cosgrove",
              "bowler": "CR Woakes",
              "non_striker": "NJ Dexter",
              "runs": {
                "batter": 1,
                "extras": 0,
                "total": 1
              }
            },
            {
              "batter": "NJ Dexter",
              "bowler": "CR Woakes",
              "non_striker": "MJ Cosgrove",
              "runs": {
                "batter": 4,
                "extras": 0,
                "total": 4
              }
            },
            {
              "batter": "NJ Dexter",
              "bowler": "CR Woakes",
              "non_striker": "MJ Cosgrove",
              "runs": {
                "batter": 0,
                "extras": 0,
                "total": 0
              }
            },
            {
              "batter": "NJ Dexter",
              "bowler": "CR Woakes",
              "non_striker": "MJ Cosgrove",
              "runs": {
                "batter": 0,
                "extras": 0,
                "total": 0
              }
            }
          ]
        },
        {
          "over": 3,
          "deliveries": [
            {
              "batter": "MJ Cosgrove",
              "bowler": "OP Stone",
              "extras": {
                "wides": 1
              },
              "non_striker": "NJ Dexter",
              "runs": {
                "batter": 0,
                "extras": 1,
                "total": 1
              }
            },
            {
              "batter": "MJ Cosgrove",
              "bowler": "OP Stone",
              "non_striker": "NJ Dexter",
              "runs": {
                "batter": 0,
                "extras": 0,
                "total": 0
              },
              "wickets": [
                {
                  "player_out": "MJ Cosgrove",
                  "fielders": [
                    {
                      "name": "CR Woakes"
                    }
                  ],
                  "kind": "caught"
                }
              ]
            },
            {
              "batter": "NJ Dexter",
              "bowler": "OP Stone",
              "non_striker": "BA Raine",
              "runs": {
                "batter": 1,
                "extras": 0,
                "total": 1
              }
            },
            {
              "batter": "BA Raine",
              "bowler": "OP Stone",
              "extras": {
                "wides": 1
              },
              "non_striker": "NJ Dexter",
              "runs": {
                "batter": 0,
                "extras": 1,
                "total": 1
              }
            },
            {
              "batter": "BA Raine",
              "bowler": "OP Stone",
              "non_striker": "NJ Dexter",
              "runs": {
                "batter": 4,
                "extras": 0,
                "total": 4
              }
            },
            {
              "batter": "BA Raine",
              "bowler": "OP Stone",
              "non_striker": "NJ Dexter",
              "runs": {
                "batter": 0,
                "extras": 0,
                "total": 0
              }
            },
            {
              "batter": "BA Raine",
              "bowler": "OP Stone",
              "non_striker": "NJ Dexter",
              "runs": {
                "batter": 0,
                "extras": 0,
                "total": 0
              }
            },
            {
              "batter": "BA Raine",
              "bowler": "OP Stone",
              "non_striker": "NJ Dexter",
              "runs": {
                "batter": 1,
                "extras": 0,
                "total": 1
              }
            }
          ]
        },
        {
          "over": 4,
          "deliveries": [
            {
              "batter": "BA Raine",
              "bowler": "AD Thomason",
              "non_striker": "NJ Dexter",
              "runs": {
                "batter": 0,
                "extras": 0,
                "total": 0
              }
            },
            {
              "batter": "BA Raine",
              "bowler": "AD Thomason",
              "non_striker": "NJ Dexter",
              "runs": {
                "batter": 6,
                "extras": 0,
                "total": 6
              }
            },
            {
              "batter": "BA Raine",
              "bowler": "AD Thomason",
              "non_striker": "NJ Dexter",
              "runs": {
                "batter": 1,
                "extras": 0,
                "total": 1
              }
            },
            {
              "batter": "NJ Dexter",
              "bowler": "AD Thomason",
              "non_striker": "BA Raine",
              "runs": {
                "batter": 0,
                "extras": 0,
                "total": 0
              }
            },
            {
              "batter": "NJ Dexter",
              "bowler": "AD Thomason",
              "non_striker": "BA Raine",
              "runs": {
                "batter": 4,
                "extras": 0,
                "total": 4
              }
            },
            {
              "batter": "NJ Dexter",
              "bowler": "AD Thomason",
              "non_striker": "BA Raine",
              "runs": {
                "batter": 1,
                "extras": 0,
                "total": 1
              }
            }
          ]
        },
        {
          "over": 5,
          "deliveries": [
            {
              "batter": "NJ Dexter",
              "bowler": "OP Stone",
              "non_striker": "BA Raine",
              "runs": {
                "batter": 0,
                "extras": 0,
                "total": 0
              }
            },
            {
              "batter": "NJ Dexter",
              "bowler": "OP Stone",
              "non_striker": "BA Raine",
              "runs": {
                "batter": 4,
                "extras": 0,
                "total": 4
              }
            },
            {
              "batter": "NJ Dexter",
              "bowler": "OP Stone",
              "non_striker": "BA Raine",
              "runs": {
                "batter": 0,
                "extras": 0,
                "total": 0
              }
            },
            {
              "batter": "NJ Dexter",
              "bowler": "OP Stone",
              "non_striker": "BA Raine",
              "runs": {
                "batter": 0,
                "extras": 0,
                "total": 0
              }
            },
            {
              "batter": "NJ Dexter",
              "bowler": "OP Stone",
              "non_striker": "BA Raine",
              "runs": {
                "batter": 0,
                "extras": 0,
                "total": 0
              }
            },
            {
              "batter": "NJ Dexter",
              "bowler": "OP Stone",
              "non_striker": "BA Raine",
              "runs": {
                "batter": 4,
                "extras": 0,
                "total": 4
              }
            }
          ]
        },
        {
          "over": 6,
          "deliveries": [
            {
              "batter": "BA Raine",
              "bowler": "AD Thomason",
              "non_striker": "NJ Dexter",
              "runs": {
                "batter": 0,
                "extras": 0,
                "total": 0
              }
            },
            {
              "batter": "BA Raine",
              "bowler": "AD Thomason",
              "non_striker": "NJ Dexter",
              "runs": {
                "batter": 0,
                "extras": 0,
                "total": 0
              },
              "wickets": [
                {
                  "player_out": "BA Raine",
                  "fielders": [
                    {
                      "name": "EJ Pollock"
                    }
                  ],
                  "kind": "caught"
                }
              ]
            },
            {
              "batter": "CN Ackermann",
              "bowler": "AD Thomason",
              "non_striker": "NJ Dexter",
              "runs": {
                "batter": 1,
                "extras": 0,
                "total": 1
              }
            },
            {
              "batter": "NJ Dexter",
              "bowler": "AD Thomason",
              "non_striker": "CN Ackermann",
              "runs": {
                "batter": 4,
                "extras": 0,
                "total": 4
              }
            },
            {
              "batter": "NJ Dexter",
              "bowler": "AD Thomason",
              "non_striker": "CN Ackermann",
              "runs": {
                "batter": 6,
                "extras": 0,
                "total": 6
              }
            },
            {
              "batter": "NJ Dexter",
              "bowler": "AD Thomason",
              "non_striker": "CN Ackermann",
              "runs": {
                "batter": 1,
                "extras": 0,
                "total": 1
              }
            }
          ]
        },
        {
          "over": 7,
          "deliveries": [
            {
              "batter": "NJ Dexter",
              "bowler": "JS Patel",
              "non_striker": "CN Ackermann",
              "runs": {
                "batter": 2,
                "extras": 0,
                "total": 2
              }
            },
            {
              "batter": "NJ Dexter",
              "bowler": "JS Patel",
              "non_striker": "CN Ackermann",
              "runs": {
                "batter": 4,
                "extras": 0,
                "total": 4
              }
            },
            {
              "batter": "NJ Dexter",
              "bowler": "JS Patel",
              "non_striker": "CN Ackermann",
              "runs": {
                "batter": 1,
                "extras": 0,
                "total": 1
              }
            },
            {
              "batter": "CN Ackermann",
              "bowler": "JS Patel",
              "non_striker": "NJ Dexter",
              "runs": {
                "batter": 0,
                "extras": 0,
                "total": 0
              }
            },
            {
              "batter": "CN Ackermann",
              "bowler": "JS Patel",
              "non_striker": "NJ Dexter",
              "runs": {
                "batter": 0,
                "extras": 0,
                "total": 0
              }
            },
            {
              "batter": "CN Ackermann",
              "bowler": "JS Patel",
              "non_striker": "NJ Dexter",
              "runs": {
                "batter": 0,
                "extras": 0,
                "total": 0
              }
            }
          ]
        },
        {
          "over": 8,
          "deliveries": [
            {
              "batter": "NJ Dexter",
              "bowler": "GD Elliott",
              "non_striker": "CN Ackermann",
              "runs": {
                "batter": 1,
                "extras": 0,
                "total": 1
              }
            },
            {
              "batter": "CN Ackermann",
              "bowler": "GD Elliott",
              "non_striker": "NJ Dexter",
              "runs": {
                "batter": 1,
                "extras": 0,
                "total": 1
              }
            },
            {
              "batter": "NJ Dexter",
              "bowler": "GD Elliott",
              "non_striker": "CN Ackermann",
              "runs": {
                "batter": 1,
                "extras": 0,
                "total": 1
              }
            },
            {
              "batter": "CN Ackermann",
              "bowler": "GD Elliott",
              "non_striker": "NJ Dexter",
              "runs": {
                "batter": 1,
                "extras": 0,
                "total": 1
              }
            },
            {
              "batter": "NJ Dexter",
              "bowler": "GD Elliott",
              "non_striker": "CN Ackermann",
              "runs": {
                "batter": 1,
                "extras": 0,
                "total": 1
              }
            },
            {
              "batter": "CN Ackermann",
              "bowler": "GD Elliott",
              "non_striker": "NJ Dexter",
              "runs": {
                "batter": 1,
                "extras": 0,
                "total": 1
              }
            }
          ]
        },
        {
          "over": 9,
          "deliveries": [
            {
              "batter": "CN Ackermann",
              "bowler": "JS Patel",
              "non_striker": "NJ Dexter",
              "runs": {
                "batter": 1,
                "extras": 0,
                "total": 1
              }
            },
            {
              "batter": "NJ Dexter",
              "bowler": "JS Patel",
              "non_striker": "CN Ackermann",
              "runs": {
                "batter": 1,
                "extras": 0,
                "total": 1
              }
            },
            {
              "batter": "CN Ackermann",
              "bowler": "JS Patel",
              "non_striker": "NJ Dexter",
              "runs": {
                "batter": 1,
                "extras": 0,
                "total": 1
              }
            },
            {
              "batter": "NJ Dexter",
              "bowler": "JS Patel",
              "non_striker": "CN Ackermann",
              "runs": {
                "batter": 4,
                "extras": 0,
                "total": 4
              }
            },
            {
              "batter": "NJ Dexter",
              "bowler": "JS Patel",
              "non_striker": "CN Ackermann",
              "runs": {
                "batter": 0,
                "extras": 0,
                "total": 0
              }
            },
            {
              "batter": "NJ Dexter",
              "bowler": "JS Patel",
              "non_striker": "CN Ackermann",
              "runs": {
                "batter": 6,
                "extras": 0,
                "total": 6
              }
            }
          ]
        },
        {
          "over": 10,
          "deliveries": [
            {
              "batter": "CN Ackermann",
              "bowler": "GD Elliott",
              "non_striker": "NJ Dexter",
              "runs": {
                "batter": 1,
                "extras": 0,
                "total": 1
              }
            },
            {
              "batter": "NJ Dexter",
              "bowler": "GD Elliott",
              "non_striker": "CN Ackermann",
              "runs": {
                "batter": 1,
                "extras": 0,
                "total": 1
              }
            },
            {
              "batter": "CN Ackermann",
              "bowler": "GD Elliott",
              "non_striker": "NJ Dexter",
              "runs": {
                "batter": 2,
                "extras": 0,
                "total": 2
              }
            },
            {
              "batter": "CN Ackermann",
              "bowler": "GD Elliott",
              "non_striker": "NJ Dexter",
              "runs": {
                "batter": 0,
                "extras": 0,
                "total": 0
              },
              "wickets": [
                {
                  "player_out": "CN Ackermann",
                  "fielders": [
                    {
                      "name": "AD Thomason"
                    }
                  ],
                  "kind": "caught"
                }
              ]
            },
            {
              "batter": "NJ Dexter",
              "bowler": "GD Elliott",
              "non_striker": "A Javid",
              "runs": {
                "batter": 1,
                "extras": 0,
                "total": 1
              }
            },
            {
              "batter": "A Javid",
              "bowler": "GD Elliott",
              "non_striker": "NJ Dexter",
              "runs": {
                "batter": 1,
                "extras": 0,
                "total": 1
              }
            }
          ]
        },
        {
          "over": 11,
          "deliveries": [
            {
              "batter": "A Javid",
              "bowler": "CR Woakes",
              "non_striker": "NJ Dexter",
              "runs": {
                "batter": 4,
                "extras": 0,
                "total": 4
              }
            },
            {
              "batter": "A Javid",
              "bowler": "CR Woakes",
              "non_striker": "NJ Dexter",
              "runs": {
                "batter": 0,
                "extras": 0,
                "total": 0
              }
            },
            {
              "batter": "A Javid",
              "bowler": "CR Woakes",
              "non_striker": "NJ Dexter",
              "runs": {
                "batter": 0,
                "extras": 0,
                "total": 0
              }
            },
            {
              "batter": "A Javid",
              "bowler": "CR Woakes",
              "non_striker": "NJ Dexter",
              "runs": {
                "batter": 1,
                "extras": 0,
                "total": 1
              }
            },
            {
              "batter": "NJ Dexter",
              "bowler": "CR Woakes",
              "non_striker": "A Javid",
              "runs": {
                "batter": 0,
                "extras": 0,
                "total": 0
              }
            },
            {
              "batter": "NJ Dexter",
              "bowler": "CR Woakes",
              "non_striker": "A Javid",
              "runs": {
                "batter": 1,
                "extras": 0,
                "total": 1
              }
            }
          ]
        },
        {
          "over": 12,
          "deliveries": [
            {
              "batter": "NJ Dexter",
              "bowler": "GD Elliott",
              "non_striker": "A Javid",
              "runs": {
                "batter": 1,
                "extras": 0,
                "total": 1
              }
            },
            {
              "batter": "A Javid",
              "bowler": "GD Elliott",
              "non_striker": "NJ Dexter",
              "runs": {
                "batter": 0,
                "extras": 0,
                "total": 0
              }
            },
            {
              "batter": "A Javid",
              "bowler": "GD Elliott",
              "non_striker": "NJ Dexter",
              "runs": {
                "batter": 0,
                "extras": 0,
                "total": 0
              }
            },
            {
              "batter": "A Javid",
              "bowler": "GD Elliott",
              "non_striker": "NJ Dexter",
              "runs": {
                "batter": 0,
                "extras": 0,
                "total": 0
              },
              "wickets": [
                {
                  "player_out": "A Javid",
                  "fielders": [
                    {
                      "name": "EJ Pollock"
                    }
                  ],
                  "kind": "caught"
                }
              ]
            },
            {
              "batter": "NJ Dexter",
              "bowler": "GD Elliott",
              "non_striker": "Mohammad Nabi",
              "runs": {
                "batter": 1,
                "extras": 0,
                "total": 1
              }
            },
            {
              "batter": "Mohammad Nabi",
              "bowler": "GD Elliott",
              "non_striker": "NJ Dexter",
              "runs": {
                "batter": 1,
                "extras": 0,
                "total": 1
              }
            }
          ]
        },
        {
          "over": 13,
          "deliveries": [
            {
              "batter": "Mohammad Nabi",
              "bowler": "JS Patel",
              "extras": {
                "legbyes": 1
              },
              "non_striker": "NJ Dexter",
              "runs": {
                "batter": 0,
                "extras": 1,
                "total": 1
              }
            },
            {
              "batter": "NJ Dexter",
              "bowler": "JS Patel",
              "non_striker": "Mohammad Nabi",
              "runs": {
                "batter": 0,
                "extras": 0,
                "total": 0
              }
            },
            {
              "batter": "NJ Dexter",
              "bowler": "JS Patel",
              "non_striker": "Mohammad Nabi",
              "runs": {
                "batter": 0,
                "extras": 0,
                "total": 0
              },
              "wickets": [
                {
                  "player_out": "NJ Dexter",
                  "kind": "bowled"
                }
              ]
            },
            {
              "batter": "EJH Eckersley",
              "bowler": "JS Patel",
              "non_striker": "Mohammad Nabi",
              "runs": {
                "batter": 0,
                "extras": 0,
                "total": 0
              }
            },
            {
              "batter": "EJH Eckersley",
              "bowler": "JS Patel",
              "non_striker": "Mohammad Nabi",
              "runs": {
                "batter": 0,
                "extras": 0,
                "total": 0
              }
            },
            {
              "batter": "EJH Eckersley",
              "bowler": "JS Patel",
              "non_striker": "Mohammad Nabi",
              "runs": {
                "batter": 1,
                "extras": 0,
                "total": 1
              }
            }
          ]
        },
        {
          "over": 14,
          "deliveries": [
            {
              "batter": "EJH Eckersley",
              "bowler": "GD Elliott",
              "non_striker": "Mohammad Nabi",
              "runs": {
                "batter": 1,
                "extras": 0,
                "total": 1
              }
            },
            {
              "batter": "Mohammad Nabi",
              "bowler": "GD Elliott",
              "non_striker": "EJH Eckersley",
              "runs": {
                "batter": 0,
                "extras": 0,
                "total": 0
              }
            },
            {
              "batter": "Mohammad Nabi",
              "bowler": "GD Elliott",
              "non_striker": "EJH Eckersley",
              "runs": {
                "batter": 0,
                "extras": 0,
                "total": 0
              }
            },
            {
              "batter": "Mohammad Nabi",
              "bowler": "GD Elliott",
              "non_striker": "EJH Eckersley",
              "runs": {
                "batter": 1,
                "extras": 0,
                "total": 1
              }
            },
            {
              "batter": "EJH Eckersley",
              "bowler": "GD Elliott",
              "non_striker": "Mohammad Nabi",
              "runs": {
                "batter": 1,
                "extras": 0,
                "total": 1
              }
            },
            {
              "batter": "Mohammad Nabi",
              "bowler": "GD Elliott",
              "non_striker": "EJH Eckersley",
              "runs": {
                "batter": 0,
                "extras": 0,
                "total": 0
              }
            }
          ]
        },
        {
          "over": 15,
          "deliveries": [
            {
              "batter": "EJH Eckersley",
              "bowler": "JS Patel",
              "non_striker": "Mohammad Nabi",
              "runs": {
                "batter": 4,
                "extras": 0,
                "total": 4
              }
            },
            {
              "batter": "EJH Eckersley",
              "bowler": "JS Patel",
              "non_striker": "Mohammad Nabi",
              "runs": {
                "batter": 1,
                "extras": 0,
                "total": 1
              }
            },
            {
              "batter": "Mohammad Nabi",
              "bowler": "JS Patel",
              "non_striker": "EJH Eckersley",
              "runs": {
                "batter": 4,
                "extras": 0,
                "total": 4
              }
            },
            {
              "batter": "Mohammad Nabi",
              "bowler": "JS Patel",
              "non_striker": "EJH Eckersley",
              "runs": {
                "batter": 4,
                "extras": 0,
                "total": 4
              }
            },
            {
              "batter": "Mohammad Nabi",
              "bowler": "JS Patel",
              "non_striker": "EJH Eckersley",
              "runs": {
                "batter": 0,
                "extras": 0,
                "total": 0
              }
            },
            {
              "batter": "Mohammad Nabi",
              "bowler": "JS Patel",
              "non_striker": "EJH Eckersley",
              "runs": {
                "batter": 1,
                "extras": 0,
                "total": 1
              }
            }
          ]
        },
        {
          "over": 16,
          "deliveries": [
            {
              "batter": "Mohammad Nabi",
              "bowler": "AD Thomason",
              "non_striker": "EJH Eckersley",
              "runs": {
                "batter": 1,
                "extras": 0,
                "total": 1
              }
            },
            {
              "batter": "EJH Eckersley",
              "bowler": "AD Thomason",
              "non_striker": "Mohammad Nabi",
              "runs": {
                "batter": 1,
                "extras": 0,
                "total": 1
              }
            },
            {
              "batter": "Mohammad Nabi",
              "bowler": "AD Thomason",
              "non_striker": "EJH Eckersley",
              "runs": {
                "batter": 1,
                "extras": 0,
                "total": 1
              }
            },
            {
              "batter": "EJH Eckersley",
              "bowler": "AD Thomason",
              "non_striker": "Mohammad Nabi",
              "runs": {
                "batter": 4,
                "extras": 0,
                "total": 4
              }
            },
            {
              "batter": "EJH Eckersley",
              "bowler": "AD Thomason",
              "non_striker": "Mohammad Nabi",
              "runs": {
                "batter": 1,
                "extras": 0,
                "total": 1
              }
            },
            {
              "batter": "Mohammad Nabi",
              "bowler": "AD Thomason",
              "non_striker": "EJH Eckersley",
              "runs": {
                "batter": 6,
                "extras": 0,
                "total": 6
              }
            }
          ]
        },
        {
          "over": 17,
          "deliveries": [
            {
              "batter": "EJH Eckersley",
              "bowler": "OP Stone",
              "non_striker": "Mohammad Nabi",
              "runs": {
                "batter": 0,
                "extras": 0,
                "total": 0
              }
            },
            {
              "batter": "EJH Eckersley",
              "bowler": "OP Stone",
              "non_striker": "Mohammad Nabi",
              "runs": {
                "batter": 0,
                "extras": 0,
                "total": 0
              }
            },
            {
              "batter": "EJH Eckersley",
              "bowler": "OP Stone",
              "non_striker": "Mohammad Nabi",
              "runs": {
                "batter": 2,
                "extras": 0,
                "total": 2
              }
            },
            {
              "batter": "EJH Eckersley",
              "bowler": "OP Stone",
              "non_striker": "Mohammad Nabi",
              "runs": {
                "batter": 0,
                "extras": 0,
                "total": 0
              },
              "wickets": [
                {
                  "player_out": "EJH Eckersley",
                  "kind": "bowled"
                }
              ]
            },
            {
              "batter": "ZJ Chappell",
              "bowler": "OP Stone",
              "non_striker": "Mohammad Nabi",
              "runs": {
                "batter": 1,
                "extras": 0,
                "total": 1
              }
            },
            {
              "batter": "Mohammad Nabi",
              "bowler": "OP Stone",
              "non_striker": "ZJ Chappell",
              "runs": {
                "batter": 0,
                "extras": 0,
                "total": 0
              },
              "wickets": [
                {
                  "player_out": "Mohammad Nabi",
                  "fielders": [
                    {
                      "name": "TR Ambrose"
                    }
                  ],
                  "kind": "caught"
                }
              ]
            }
          ]
        },
        {
          "over": 18,
          "deliveries": [
            {
              "batter": "ZJ Chappell",
              "bowler": "AD Thomason",
              "non_striker": "CF Parkinson",
              "runs": {
                "batter": 0,
                "extras": 0,
                "total": 0
              }
            },
            {
              "batter": "ZJ Chappell",
              "bowler": "AD Thomason",
              "extras": {
                "noballs": 2
              },
              "non_striker": "CF Parkinson",
              "runs": {
                "batter": 0,
                "extras": 2,
                "total": 2
              }
            },
            {
              "batter": "ZJ Chappell",
              "bowler": "AD Thomason",
              "non_striker": "CF Parkinson",
              "runs": {
                "batter": 6,
                "extras": 0,
                "total": 6
              }
            },
            {
              "batter": "ZJ Chappell",
              "bowler": "AD Thomason",
              "non_striker": "CF Parkinson",
              "runs": {
                "batter": 0,
                "extras": 0,
                "total": 0
              },
              "wickets": [
                {
                  "player_out": "ZJ Chappell",
                  "fielders": [
                    {
                      "name": "AJ Hose"
                    }
                  ],
                  "kind": "caught"
                }
              ]
            },
            {
              "batter": "CF Parkinson",
              "bowler": "AD Thomason",
              "non_striker": "Mohammad Abbas",
              "runs": {
                "batter": 1,
                "extras": 0,
                "total": 1
              }
            },
            {
              "batter": "Mohammad Abbas",
              "bowler": "AD Thomason",
              "non_striker": "CF Parkinson",
              "runs": {
                "batter": 1,
                "extras": 0,
                "total": 1
              }
            },
            {
              "batter": "CF Parkinson",
              "bowler": "AD Thomason",
              "non_striker": "Mohammad Abbas",
              "runs": {
                "batter": 1,
                "extras": 0,
                "total": 1
              }
            }
          ]
        },
        {
          "over": 19,
          "deliveries": [
            {
              "batter": "CF Parkinson",
              "bowler": "CR Woakes",
              "non_striker": "Mohammad Abbas",
              "runs": {
                "batter": 1,
                "extras": 0,
                "total": 1
              }
            },
            {
              "batter": "Mohammad Abbas",
              "bowler": "CR Woakes",
              "non_striker": "CF Parkinson",
              "runs": {
                "batter": 1,
                "extras": 0,
                "total": 1
              }
            },
            {
              "batter": "CF Parkinson",
              "bowler": "CR Woakes",
              "non_striker": "Mohammad Abbas",
              "runs": {
                "batter": 0,
                "extras": 0,
                "total": 0
              },
              "wickets": [
                {
                  "player_out": "CF Parkinson",
                  "fielders": [
                    {
                      "name": "OP Stone"
                    }
                  ],
                  "kind": "caught"
                }
              ]
            }
          ]
        }
      ],
      "powerplays": [
        {
          "from": 0.1,
          "to": 5.6,
          "type": "mandatory"
        }
      ]
    },
    {
      "team": "Birmingham Bears",
      "overs": [
        {
          "over": 0,
          "deliveries": [
            {
              "batter": "IR Bell",
              "bowler": "Mohammad Nabi",
              "non_striker": "EJ Pollock",
              "runs": {
                "batter": 0,
                "extras": 0,
                "total": 0
              }
            },
            {
              "batter": "IR Bell",
              "bowler": "Mohammad Nabi",
              "non_striker": "EJ Pollock",
              "runs": {
                "batter": 1,
                "extras": 0,
                "total": 1
              }
            },
            {
              "batter": "EJ Pollock",
              "bowler": "Mohammad Nabi",
              "non_striker": "IR Bell",
              "runs": {
                "batter": 0,
                "extras": 0,
                "total": 0
              }
            },
            {
              "batter": "EJ Pollock",
              "bowler": "Mohammad Nabi",
              "non_striker": "IR Bell",
              "runs": {
                "batter": 1,
                "extras": 0,
                "total": 1
              }
            },
            {
              "batter": "IR Bell",
              "bowler": "Mohammad Nabi",
              "non_striker": "EJ Pollock",
              "runs": {
                "batter": 1,
                "extras": 0,
                "total": 1
              }
            },
            {
              "batter": "EJ Pollock",
              "bowler": "Mohammad Nabi",
              "non_striker": "IR Bell",
              "runs": {
                "batter": 4,
                "extras": 0,
                "total": 4
              }
            }
          ]
        },
        {
          "over": 1,
          "deliveries": [
            {
              "batter": "IR Bell",
              "bowler": "Mohammad Abbas",
              "non_striker": "EJ Pollock",
              "runs": {
                "batter": 1,
                "extras": 0,
                "total": 1
              }
            },
            {
              "batter": "EJ Pollock",
              "bowler": "Mohammad Abbas",
              "non_striker": "IR Bell",
              "runs": {
                "batter": 0,
                "extras": 0,
                "total": 0
              }
            },
            {
              "batter": "EJ Pollock",
              "bowler": "Mohammad Abbas",
              "non_striker": "IR Bell",
              "runs": {
                "batter": 4,
                "extras": 0,
                "total": 4
              }
            },
            {
              "batter": "EJ Pollock",
              "bowler": "Mohammad Abbas",
              "non_striker": "IR Bell",
              "runs": {
                "batter": 1,
                "extras": 0,
                "total": 1
              }
            },
            {
              "batter": "IR Bell",
              "bowler": "Mohammad Abbas",
              "non_striker": "EJ Pollock",
              "runs": {
                "batter": 4,
                "extras": 0,
                "total": 4
              }
            },
            {
              "batter": "IR Bell",
              "bowler": "Mohammad Abbas",
              "non_striker": "EJ Pollock",
              "runs": {
                "batter": 4,
                "extras": 0,
                "total": 4
              }
            }
          ]
        },
        {
          "over": 2,
          "deliveries": [
            {
              "batter": "EJ Pollock",
              "bowler": "Mohammad Nabi",
              "non_striker": "IR Bell",
              "runs": {
                "batter": 0,
                "extras": 0,
                "total": 0
              },
              "wickets": [
                {
                  "player_out": "EJ Pollock",
                  "kind": "bowled"
                }
              ]
            },
            {
              "batter": "AJ Hose",
              "bowler": "Mohammad Nabi",
              "non_striker": "IR Bell",
              "runs": {
                "batter": 0,
                "extras": 0,
                "total": 0
              }
            },
            {
              "batter": "AJ Hose",
              "bowler": "Mohammad Nabi",
              "non_striker": "IR Bell",
              "runs": {
                "batter": 0,
                "extras": 0,
                "total": 0
              }
            },
            {
              "batter": "AJ Hose",
              "bowler": "Mohammad Nabi",
              "non_striker": "IR Bell",
              "runs": {
                "batter": 0,
                "extras": 0,
                "total": 0
              }
            },
            {
              "batter": "AJ Hose",
              "bowler": "Mohammad Nabi",
              "non_striker": "IR Bell",
              "runs": {
                "batter": 1,
                "extras": 0,
                "total": 1
              }
            },
            {
              "batter": "IR Bell",
              "bowler": "Mohammad Nabi",
              "non_striker": "AJ Hose",
              "runs": {
                "batter": 1,
                "extras": 0,
                "total": 1
              }
            }
          ]
        },
        {
          "over": 3,
          "deliveries": [
            {
              "batter": "IR Bell",
              "bowler": "ZJ Chappell",
              "non_striker": "AJ Hose",
              "runs": {
                "batter": 4,
                "extras": 0,
                "total": 4
              }
            },
            {
              "batter": "IR Bell",
              "bowler": "ZJ Chappell",
              "non_striker": "AJ Hose",
              "runs": {
                "batter": 2,
                "extras": 0,
                "total": 2
              }
            },
            {
              "batter": "IR Bell",
              "bowler": "ZJ Chappell",
              "non_striker": "AJ Hose",
              "runs": {
                "batter": 0,
                "extras": 0,
                "total": 0
              }
            },
            {
              "batter": "IR Bell",
              "bowler": "ZJ Chappell",
              "non_striker": "AJ Hose",
              "runs": {
                "batter": 4,
                "extras": 0,
                "total": 4
              }
            },
            {
              "batter": "IR Bell",
              "bowler": "ZJ Chappell",
              "non_striker": "AJ Hose",
              "runs": {
                "batter": 0,
                "extras": 0,
                "total": 0
              }
            },
            {
              "batter": "IR Bell",
              "bowler": "ZJ Chappell",
              "non_striker": "AJ Hose",
              "runs": {
                "batter": 0,
                "extras": 0,
                "total": 0
              }
            }
          ]
        },
        {
          "over": 4,
          "deliveries": [
            {
              "batter": "AJ Hose",
              "bowler": "CF Parkinson",
              "non_striker": "IR Bell",
              "runs": {
                "batter": 1,
                "extras": 0,
                "total": 1
              }
            },
            {
              "batter": "IR Bell",
              "bowler": "CF Parkinson",
              "non_striker": "AJ Hose",
              "runs": {
                "batter": 1,
                "extras": 0,
                "total": 1
              }
            },
            {
              "batter": "AJ Hose",
              "bowler": "CF Parkinson",
              "extras": {
                "legbyes": 1
              },
              "non_striker": "IR Bell",
              "runs": {
                "batter": 0,
                "extras": 1,
                "total": 1
              }
            },
            {
              "batter": "IR Bell",
              "bowler": "CF Parkinson",
              "non_striker": "AJ Hose",
              "runs": {
                "batter": 0,
                "extras": 0,
                "total": 0
              }
            },
            {
              "batter": "IR Bell",
              "bowler": "CF Parkinson",
              "non_striker": "AJ Hose",
              "runs": {
                "batter": 1,
                "extras": 0,
                "total": 1
              }
            },
            {
              "batter": "AJ Hose",
              "bowler": "CF Parkinson",
              "non_striker": "IR Bell",
              "runs": {
                "batter": 4,
                "extras": 0,
                "total": 4
              }
            }
          ]
        },
        {
          "over": 5,
          "deliveries": [
            {
              "batter": "IR Bell",
              "bowler": "BA Raine",
              "non_striker": "AJ Hose",
              "runs": {
                "batter": 4,
                "extras": 0,
                "total": 4
              }
            },
            {
              "batter": "IR Bell",
              "bowler": "BA Raine",
              "non_striker": "AJ Hose",
              "runs": {
                "batter": 0,
                "extras": 0,
                "total": 0
              }
            },
            {
              "batter": "IR Bell",
              "bowler": "BA Raine",
              "non_striker": "AJ Hose",
              "runs": {
                "batter": 4,
                "extras": 0,
                "total": 4
              }
            },
            {
              "batter": "IR Bell",
              "bowler": "BA Raine",
              "non_striker": "AJ Hose",
              "runs": {
                "batter": 0,
                "extras": 0,
                "total": 0
              }
            },
            {
              "batter": "IR Bell",
              "bowler": "BA Raine",
              "non_striker": "AJ Hose",
              "runs": {
                "batter": 0,
                "extras": 0,
                "total": 0
              }
            },
            {
              "batter": "IR Bell",
              "bowler": "BA Raine",
              "non_striker": "AJ Hose",
              "runs": {
                "batter": 1,
                "extras": 0,
                "total": 1
              }
            }
          ]
        },
        {
          "over": 6,
          "deliveries": [
            {
              "batter": "IR Bell",
              "bowler": "CF Parkinson",
              "non_striker": "AJ Hose",
              "runs": {
                "batter": 1,
                "extras": 0,
                "total": 1
              }
            },
            {
              "batter": "AJ Hose",
              "bowler": "CF Parkinson",
              "non_striker": "IR Bell",
              "runs": {
                "batter": 0,
                "extras": 0,
                "total": 0
              },
              "wickets": [
                {
                  "player_out": "IR Bell",
                  "kind": "run out"
                }
              ]
            },
            {
              "batter": "AJ Hose",
              "bowler": "CF Parkinson",
              "non_striker": "SR Hain",
              "runs": {
                "batter": 4,
                "extras": 0,
                "total": 4
              }
            },
            {
              "batter": "AJ Hose",
              "bowler": "CF Parkinson",
              "non_striker": "SR Hain",
              "runs": {
                "batter": 0,
                "extras": 0,
                "total": 0
              }
            },
            {
              "batter": "AJ Hose",
              "bowler": "CF Parkinson",
              "extras": {
                "wides": 2
              },
              "non_striker": "SR Hain",
              "runs": {
                "batter": 0,
                "extras": 2,
                "total": 2
              }
            },
            {
              "batter": "SR Hain",
              "bowler": "CF Parkinson",
              "non_striker": "AJ Hose",
              "runs": {
                "batter": 0,
                "extras": 0,
                "total": 0
              }
            },
            {
              "batter": "SR Hain",
              "bowler": "CF Parkinson",
              "non_striker": "AJ Hose",
              "runs": {
                "batter": 1,
                "extras": 0,
                "total": 1
              }
            }
          ]
        },
        {
          "over": 7,
          "deliveries": [
            {
              "batter": "SR Hain",
              "bowler": "Mohammad Nabi",
              "non_striker": "AJ Hose",
              "runs": {
                "batter": 1,
                "extras": 0,
                "total": 1
              }
            },
            {
              "batter": "AJ Hose",
              "bowler": "Mohammad Nabi",
              "non_striker": "SR Hain",
              "runs": {
                "batter": 1,
                "extras": 0,
                "total": 1
              }
            },
            {
              "batter": "SR Hain",
              "bowler": "Mohammad Nabi",
              "non_striker": "AJ Hose",
              "runs": {
                "batter": 1,
                "extras": 0,
                "total": 1
              }
            },
            {
              "batter": "AJ Hose",
              "bowler": "Mohammad Nabi",
              "non_striker": "SR Hain",
              "runs": {
                "batter": 4,
                "extras": 0,
                "total": 4
              }
            },
            {
              "batter": "AJ Hose",
              "bowler": "Mohammad Nabi",
              "non_striker": "SR Hain",
              "runs": {
                "batter": 1,
                "extras": 0,
                "total": 1
              }
            },
            {
              "batter": "SR Hain",
              "bowler": "Mohammad Nabi",
              "non_striker": "AJ Hose",
              "runs": {
                "batter": 1,
                "extras": 0,
                "total": 1
              }
            }
          ]
        },
        {
          "over": 8,
          "deliveries": [
            {
              "batter": "SR Hain",
              "bowler": "CF Parkinson",
              "non_striker": "AJ Hose",
              "runs": {
                "batter": 0,
                "extras": 0,
                "total": 0
              }
            },
            {
              "batter": "SR Hain",
              "bowler": "CF Parkinson",
              "non_striker": "AJ Hose",
              "runs": {
                "batter": 0,
                "extras": 0,
                "total": 0
              }
            },
            {
              "batter": "SR Hain",
              "bowler": "CF Parkinson",
              "non_striker": "AJ Hose",
              "runs": {
                "batter": 1,
                "extras": 0,
                "total": 1
              }
            },
            {
              "batter": "AJ Hose",
              "bowler": "CF Parkinson",
              "non_striker": "SR Hain",
              "runs": {
                "batter": 4,
                "extras": 0,
                "total": 4
              }
            },
            {
              "batter": "AJ Hose",
              "bowler": "CF Parkinson",
              "non_striker": "SR Hain",
              "runs": {
                "batter": 1,
                "extras": 0,
                "total": 1
              }
            },
            {
              "batter": "SR Hain",
              "bowler": "CF Parkinson",
              "non_striker": "AJ Hose",
              "runs": {
                "batter": 0,
                "extras": 0,
                "total": 0
              }
            }
          ]
        },
        {
          "over": 9,
          "deliveries": [
            {
              "batter": "AJ Hose",
              "bowler": "Mohammad Abbas",
              "non_striker": "SR Hain",
              "runs": {
                "batter": 4,
                "extras": 0,
                "total": 4
              }
            },
            {
              "batter": "AJ Hose",
              "bowler": "Mohammad Abbas",
              "non_striker": "SR Hain",
              "runs": {
                "batter": 1,
                "extras": 0,
                "total": 1
              }
            },
            {
              "batter": "SR Hain",
              "bowler": "Mohammad Abbas",
              "extras": {
                "wides": 1
              },
              "non_striker": "AJ Hose",
              "runs": {
                "batter": 0,
                "extras": 1,
                "total": 1
              }
            },
            {
              "batter": "SR Hain",
              "bowler": "Mohammad Abbas",
              "non_striker": "AJ Hose",
              "runs": {
                "batter": 1,
                "extras": 0,
                "total": 1
              }
            },
            {
              "batter": "AJ Hose",
              "bowler": "Mohammad Abbas",
              "non_striker": "SR Hain",
              "runs": {
                "batter": 1,
                "extras": 0,
                "total": 1
              }
            },
            {
              "batter": "SR Hain",
              "bowler": "Mohammad Abbas",
              "non_striker": "AJ Hose",
              "runs": {
                "batter": 1,
                "extras": 0,
                "total": 1
              }
            },
            {
              "batter": "AJ Hose",
              "bowler": "Mohammad Abbas",
              "non_striker": "SR Hain",
              "runs": {
                "batter": 4,
                "extras": 0,
                "total": 4
              }
            }
          ]
        },
        {
          "over": 10,
          "deliveries": [
            {
              "batter": "SR Hain",
              "bowler": "CF Parkinson",
              "non_striker": "AJ Hose",
              "runs": {
                "batter": 4,
                "extras": 0,
                "total": 4
              }
            },
            {
              "batter": "SR Hain",
              "bowler": "CF Parkinson",
              "non_striker": "AJ Hose",
              "runs": {
                "batter": 0,
                "extras": 0,
                "total": 0
              }
            },
            {
              "batter": "SR Hain",
              "bowler": "CF Parkinson",
              "non_striker": "AJ Hose",
              "runs": {
                "batter": 1,
                "extras": 0,
                "total": 1
              }
            },
            {
              "batter": "AJ Hose",
              "bowler": "CF Parkinson",
              "non_striker": "SR Hain",
              "runs": {
                "batter": 0,
                "extras": 0,
                "total": 0
              }
            },
            {
              "batter": "AJ Hose",
              "bowler": "CF Parkinson",
              "non_striker": "SR Hain",
              "runs": {
                "batter": 1,
                "extras": 0,
                "total": 1
              }
            },
            {
              "batter": "SR Hain",
              "bowler": "CF Parkinson",
              "non_striker": "AJ Hose",
              "runs": {
                "batter": 4,
                "extras": 0,
                "total": 4
              }
            }
          ]
        },
        {
          "over": 11,
          "deliveries": [
            {
              "batter": "AJ Hose",
              "bowler": "NJ Dexter",
              "non_striker": "SR Hain",
              "runs": {
                "batter": 4,
                "extras": 0,
                "total": 4
              }
            },
            {
              "batter": "AJ Hose",
              "bowler": "NJ Dexter",
              "non_striker": "SR Hain",
              "runs": {
                "batter": 4,
                "extras": 0,
                "total": 4
              }
            },
            {
              "batter": "AJ Hose",
              "bowler": "NJ Dexter",
              "non_striker": "SR Hain",
              "runs": {
                "batter": 0,
                "extras": 0,
                "total": 0
              }
            },
            {
              "batter": "AJ Hose",
              "bowler": "NJ Dexter",
              "non_striker": "SR Hain",
              "runs": {
                "batter": 1,
                "extras": 0,
                "total": 1
              }
            },
            {
              "batter": "SR Hain",
              "bowler": "NJ Dexter",
              "non_striker": "AJ Hose",
              "runs": {
                "batter": 1,
                "extras": 0,
                "total": 1
              }
            },
            {
              "batter": "AJ Hose",
              "bowler": "NJ Dexter",
              "non_striker": "SR Hain",
              "runs": {
                "batter": 4,
                "extras": 0,
                "total": 4
              }
            }
          ]
        },
        {
          "over": 12,
          "deliveries": [
            {
              "batter": "SR Hain",
              "bowler": "ZJ Chappell",
              "non_striker": "AJ Hose",
              "runs": {
                "batter": 1,
                "extras": 0,
                "total": 1
              }
            },
            {
              "batter": "AJ Hose",
              "bowler": "ZJ Chappell",
              "extras": {
                "wides": 5
              },
              "non_striker": "SR Hain",
              "runs": {
                "batter": 0,
                "extras": 5,
                "total": 5
              }
            },
            {
              "batter": "AJ Hose",
              "bowler": "ZJ Chappell",
              "non_striker": "SR Hain",
              "runs": {
                "batter": 1,
                "extras": 0,
                "total": 1
              }
            },
            {
              "batter": "SR Hain",
              "bowler": "ZJ Chappell",
              "non_striker": "AJ Hose",
              "runs": {
                "batter": 4,
                "extras": 0,
                "total": 4
              }
            },
            {
              "batter": "SR Hain",
              "bowler": "ZJ Chappell",
              "non_striker": "AJ Hose",
              "runs": {
                "batter": 4,
                "extras": 0,
                "total": 4
              }
            },
            {
              "batter": "SR Hain",
              "bowler": "ZJ Chappell",
              "non_striker": "AJ Hose",
              "runs": {
                "batter": 0,
                "extras": 0,
                "total": 0
              }
            },
            {
              "batter": "SR Hain",
              "bowler": "ZJ Chappell",
              "non_striker": "AJ Hose",
              "runs": {
                "batter": 0,
                "extras": 0,
                "total": 0
              }
            }
          ]
        },
        {
          "over": 13,
          "deliveries": [
            {
              "batter": "AJ Hose",
              "bowler": "A Javid",
              "non_striker": "SR Hain",
              "runs": {
                "batter": 0,
                "extras": 0,
                "total": 0
              }
            },
            {
              "batter": "AJ Hose",
              "bowler": "A Javid",
              "non_striker": "SR Hain",
              "runs": {
                "batter": 4,
                "extras": 0,
                "total": 4
              }
            },
            {
              "batter": "AJ Hose",
              "bowler": "A Javid",
              "non_striker": "SR Hain",
              "runs": {
                "batter": 1,
                "extras": 0,
                "total": 1
              }
            },
            {
              "batter": "SR Hain",
              "bowler": "A Javid",
              "non_striker": "AJ Hose",
              "runs": {
                "batter": 1,
                "extras": 0,
                "total": 1
              }
            },
            {
              "batter": "AJ Hose",
              "bowler": "A Javid",
              "non_striker": "SR Hain",
              "runs": {
                "batter": 6,
                "extras": 0,
                "total": 6
              }
            },
            {
              "batter": "AJ Hose",
              "bowler": "A Javid",
              "non_striker": "SR Hain",
              "runs": {
                "batter": 1,
                "extras": 0,
                "total": 1
              }
            }
          ]
        },
        {
          "over": 14,
          "deliveries": [
            {
              "batter": "AJ Hose",
              "bowler": "BA Raine",
              "non_striker": "SR Hain",
              "runs": {
                "batter": 4,
                "extras": 0,
                "total": 4
              }
            },
            {
              "batter": "AJ Hose",
              "bowler": "BA Raine",
              "non_striker": "SR Hain",
              "runs": {
                "batter": 4,
                "extras": 0,
                "total": 4
              }
            }
          ]
        }
      ],
      "powerplays": [
        {
          "from": 0.1,
          "to": 5.6,
          "type": "mandatory"
        }
      ],
      "target": {
        "overs": 20,
        "runs": 144
      }
    }
  ]
}