{
  "meta": {
    "data_version": "1.0.0",
    "created": "2020-06-18",
    "revision": 1
  },
  "info": {
    "balls_per_over": 6,
    "city": "Leicester",
    "dates": [
      "2018-07-06"
    ],
    "event": {
      "name": "Vitality Blast",
      "group": "North"
    },
    "gender": "male",
    "match_type": "T20",
    "officials": {
      "umpires": [
        "PJ Hartley",
        "BJ Debenham"
      ]
    },
    "outcome": {
      "winner": "Durham",
      "by": {
        "runs": 33
      }
    },
    "overs": 20,
    "player_of_match": [
      "Imran Tahir"
    ],
    "players": {
      "Durham": [
        "G Clark",
        "TWM Latham",
        "PD Collingwood",
        "RD Pringle",
        "WR Smith",
        "RC Davies",
        "SW Poynter",
        "WJ Weighell",
        "NJ Rimmington",
        "Imran Tahir",
        "C Rushworth"
      ],
      "Leicestershire": [
        "NJ Dexter",
        "CS Delport",
        "MJ Cosgrove",
        "CN Ackermann",
        "BA Raine",
        "Mohammad Nabi",
        "LJ Hill",
        "TJ Wells",
        "ZJ Chappell",
        "CF Parkinson",
        "Mohammad Abbas"
      ]
    },
    "registry": {
      "people": {
        "BA Raine": "4c0f3806",
        "BJ Debenham": "524a3a82",
        "C Rushworth": "e737a5fe",
        "CF Parkinson": "aa1210d8",
        "CN Ackermann": "e734d090",
        "CS Delport": "afa78c3a",
        "G Clark": "4fd09cfc",
        "Imran Tahir": "acee4cc4",
        "LJ Hill": "35f9a295",
        "MJ Cosgrove": "be768595",
        "Mohammad Abbas": "a089f93f",
        "Mohammad Nabi": "62af8546",
        "NJ Dexter": "dc670143",
        "NJ Rimmington": "6042bf26",
        "PD Collingwood": "a386e91b",
        "PJ Hartley": "17c7ff26",
        "RC Davies": "f939ffa9",
        "RD Pringle": "757502b5",
        "SW Poynter": "cdf59953",
        "TJ Wells": "eb1a5b03",
        "TWM Latham": "e824e6ee",
        "WJ Weighell": "10f68de1",
        "WR Smith": "ad962377",
        "ZJ Chappell": "fe5b4367"
      }
    },
    "season": "2018",
    "team_type": "club",
    "teams": [
      "Durham",
      "Leicestershire"
    ],
    "toss": {
      "decision": "field",
      "winner": "Leicestershire"
    },
    "venue": "Grace Road"
  },
  "innings": [
    {
      "team": "Durham",
      "overs": [
        {
          "over": 0,
          "deliveries": [
            {
              "batter": "G Clark",
              "bowler": "Mohammad Abbas",
              "non_striker": "TWM Latham",
              "runs": {
                "batter": 1,
                "extras": 0,
                "total": 1
              }
            },
            {
              "batter": "TWM Latham",
              "bowler": "Mohammad Abbas",
              "non_striker": "G Clark",
              "runs": {
                "batter": 0,
                "extras": 0,
                "total": 0
              }
            },
            {
              "batter": "TWM Latham",
              "bowler": "Mohammad Abbas",
              "non_striker": "G Clark",
              "runs": {
                "batter": 1,
                "extras": 0,
                "total": 1
              }
            },
            {
              "batter": "G Clark",
              "bowler": "Mohammad Abbas",
              "non_striker": "TWM Latham",
              "runs": {
                "batter": 0,
                "extras": 0,
                "total": 0
              }
            },
            {
              "batter": "G Clark",
              "bowler": "Mohammad Abbas",
              "non_striker": "TWM Latham",
              "runs": {
                "batter": 0,
                "extras": 0,
                "total": 0
              }
            },
            {
              "batter": "G Clark",
              "bowler": "Mohammad Abbas",
              "non_striker": "TWM Latham",
              "runs": {
                "batter": 1,
                "extras": 0,
                "total": 1
              }
            }
          ]
        },
        {
          "over": 1,
          "deliveries": [
            {
              "batter": "G Clark",
              "bowler": "BA Raine",
              "non_striker": "TWM Latham",
              "runs": {
                "batter": 4,
                "extras": 0,
                "total": 4
              }
            },
            {
              "batter": "G Clark",
              "bowler": "BA Raine",
              "non_striker": "TWM Latham",
              "runs": {
                "batter": 0,
                "extras": 0,
                "total": 0
              }
            },
            {
              "batter": "G Clark",
              "bowler": "BA Raine",
              "non_striker": "TWM Latham",
              "runs": {
                "batter": 0,
                "extras": 0,
                "total": 0
              }
            },
            {
              "batter": "G Clark",
              "bowler": "BA Raine",
              "non_striker": "TWM Latham",
              "runs": {
                "batter": 0,
                "extras": 0,
                "total": 0
              }
            },
            {
              "batter": "G Clark",
              "bowler": "BA Raine",
              "non_striker": "TWM Latham",
              "runs": {
                "batter": 2,
                "extras": 0,
                "total": 2
              }
            },
            {
              "batter": "G Clark",
              "bowler": "BA Raine",
              "non_striker": "TWM Latham",
              "runs": {
                "batter": 0,
                "extras": 0,
                "total": 0
              }
            }
          ]
        },
        {
          "over": 2,
          "deliveries": [
            {
              "batter": "TWM Latham",
              "bowler": "Mohammad Abbas",
              "non_striker": "G Clark",
              "runs": {
                "batter": 0,
                "extras": 0,
                "total": 0
              }
            },
            {
              "batter": "TWM Latham",
              "bowler": "Mohammad Abbas",
              "non_striker": "G Clark",
              "runs": {
                "batter": 4,
                "extras": 0,
                "total": 4
              }
            },
            {
              "batter": "TWM Latham",
              "bowler": "Mohammad Abbas",
              "non_striker": "G Clark",
              "runs": {
                "batter": 0,
                "extras": 0,
                "total": 0
              }
            },
            {
              "batter": "TWM Latham",
              "bowler": "Mohammad Abbas",
              "non_striker": "G Clark",
              "runs": {
                "batter": 0,
                "extras": 0,
                "total": 0
              }
            },
            {
              "batter": "TWM Latham",
              "bowler": "Mohammad Abbas",
              "non_striker": "G Clark",
              "runs": {
                "batter": 2,
                "extras": 0,
                "total": 2
              }
            },
            {
              "batter": "TWM Latham",
              "bowler": "Mohammad Abbas",
              "non_striker": "G Clark",
              "runs": {
                "batter": 0,
                "extras": 0,
                "total": 0
              }
            }
          ]
        },
        {
          "over": 3,
          "deliveries": [
            {
              "batter": "G Clark",
              "bowler": "BA Raine",
              "non_striker": "TWM Latham",
              "runs": {
                "batter": 0,
                "extras": 0,
                "total": 0
              }
            },
            {
              "batter": "G Clark",
              "bowler": "BA Raine",
              "non_striker": "TWM Latham",
              "runs": {
                "batter": 0,
                "extras": 0,
                "total": 0
              }
            },
            {
              "batter": "G Clark",
              "bowler": "BA Raine",
              "non_striker": "TWM Latham",
              "runs": {
                "batter": 0,
                "extras": 0,
                "total": 0
              }
            },
            {
              "batter": "G Clark",
              "bowler": "BA Raine",
              "non_striker": "TWM Latham",
              "runs": {
                "batter": 4,
                "extras": 0,
                "total": 4
              }
            },
            {
              "batter": "G Clark",
              "bowler": "BA Raine",
              "non_striker": "TWM Latham",
              "runs": {
                "batter": 0,
                "extras": 0,
                "total": 0
              },
              "wickets": [
                {
                  "player_out": "G Clark",
                  "fielders": [
                    {
                      "name": "TJ Wells"
                    }
                  ],
                  "kind": "caught"
                }
              ]
            },
            {
              "batter": "PD Collingwood",
              "bowler": "BA Raine",
              "non_striker": "TWM Latham",
              "runs": {
                "batter": 6,
                "extras": 0,
                "total": 6
              }
            }
          ]
        },
        {
          "over": 4,
          "deliveries": [
            {
              "batter": "TWM Latham",
              "bowler": "ZJ Chappell",
              "non_striker": "PD Collingwood",
              "runs": {
                "batter": 4,
                "extras": 0,
                "total": 4
              }
            },
            {
              "batter": "TWM Latham",
              "bowler": "ZJ Chappell",
              "non_striker": "PD Collingwood",
              "runs": {
                "batter": 0,
                "extras": 0,
                "total": 0
              }
            },
            {
              "batter": "TWM Latham",
              "bowler": "ZJ Chappell",
              "non_striker": "PD Collingwood",
              "runs": {
                "batter": 0,
                "extras": 0,
                "total": 0
              }
            },
            {
              "batter": "TWM Latham",
              "bowler": "ZJ Chappell",
              "non_striker": "PD Collingwood",
              "runs": {
                "batter": 1,
                "extras": 0,
                "total": 1
              }
            },
            {
              "batter": "PD Collingwood",
              "bowler": "ZJ Chappell",
              "non_striker": "TWM Latham",
              "runs": {
                "batter": 0,
                "extras": 0,
                "total": 0
              }
            },
            {
              "batter": "PD Collingwood",
              "bowler": "ZJ Chappell",
              "extras": {
                "legbyes": 1
              },
              "non_striker": "TWM Latham",
              "runs": {
                "batter": 0,
                "extras": 1,
                "total": 1
              }
            }
          ]
        },
        {
          "over": 5,
          "deliveries": [
            {
              "batter": "PD Collingwood",
              "bowler": "CF Parkinson",
              "non_striker": "TWM Latham",
              "runs": {
                "batter": 1,
                "extras": 0,
                "total": 1
              }
            },
            {
              "batter": "TWM Latham",
              "bowler": "CF Parkinson",
              "non_striker": "PD Collingwood",
              "runs": {
                "batter": 4,
                "extras": 0,
                "total": 4
              }
            },
            {
              "batter": "TWM Latham",
              "bowler": "CF Parkinson",
              "non_striker": "PD Collingwood",
              "runs": {
                "batter": 4,
                "extras": 0,
                "total": 4
              }
            },
            {
              "batter": "TWM Latham",
              "bowler": "CF Parkinson",
              "non_striker": "PD Collingwood",
              "runs": {
                "batter": 6,
                "extras": 0,
                "total": 6
              }
            },
            {
              "batter": "TWM Latham",
              "bowler": "CF Parkinson",
              "non_striker": "PD Collingwood",
              "runs": {
                "batter": 1,
                "extras": 0,
                "total": 1
              }
            },
            {
              "batter": "PD Collingwood",
              "bowler": "CF Parkinson",
              "non_striker": "TWM Latham",
              "runs": {
                "batter": 1,
                "extras": 0,
                "total": 1
              }
            }
          ]
        },
        {
          "over": 6,
          "deliveries": [
            {
              "batter": "PD Collingwood",
              "bowler": "ZJ Chappell",
              "non_striker": "TWM Latham",
              "runs": {
                "batter": 1,
                "extras": 0,
                "total": 1
              }
            },
            {
              "batter": "TWM Latham",
              "bowler": "ZJ Chappell",
              "non_striker": "PD Collingwood",
              "runs": {
                "batter": 0,
                "extras": 0,
                "total": 0
              },
              "wickets": [
                {
                  "player_out": "TWM Latham",
                  "fielders": [
                    {
                      "name": "CS Delport"
                    }
                  ],
                  "kind": "caught"
                }
              ]
            },
            {
              "batter": "RD Pringle",
              "bowler": "ZJ Chappell",
              "non_striker": "PD Collingwood",
              "runs": {
                "batter": 0,
                "extras": 0,
                "total": 0
              }
            },
            {
              "batter": "RD Pringle",
              "bowler": "ZJ Chappell",
              "non_striker": "PD Collingwood",
              "runs": {
                "batter": 1,
                "extras": 0,
                "total": 1
              }
            },
            {
              "batter": "PD Collingwood",
              "bowler": "ZJ Chappell",
              "extras": {
                "legbyes": 1
              },
              "non_striker": "RD Pringle",
              "runs": {
                "batter": 0,
                "extras": 1,
                "total": 1
              }
            },
            {
              "batter": "RD Pringle",
              "bowler": "ZJ Chappell",
              "non_striker": "PD Collingwood",
              "runs": {
                "batter": 4,
                "extras": 0,
                "total": 4
              }
            }
          ]
        },
        {
          "over": 7,
          "deliveries": [
            {
              "batter": "PD Collingwood",
              "bowler": "CF Parkinson",
              "non_striker": "RD Pringle",
              "runs": {
                "batter": 1,
                "extras": 0,
                "total": 1
              }
            },
            {
              "batter": "RD Pringle",
              "bowler": "CF Parkinson",
              "extras": {
                "wides": 1
              },
              "non_striker": "PD Collingwood",
              "runs": {
                "batter": 0,
                "extras": 1,
                "total": 1
              }
            },
            {
              "batter": "RD Pringle",
              "bowler": "CF Parkinson",
              "non_striker": "PD Collingwood",
              "runs": {
                "batter": 2,
                "extras": 0,
                "total": 2
              }
            },
            {
              "batter": "RD Pringle",
              "bowler": "CF Parkinson",
              "extras": {
                "legbyes": 1
              },
              "non_striker": "PD Collingwood",
              "runs": {
                "batter": 0,
                "extras": 1,
                "total": 1
              }
            },
            {
              "batter": "PD Collingwood",
              "bowler": "CF Parkinson",
              "non_striker": "RD Pringle",
              "runs": {
                "batter": 1,
                "extras": 0,
                "total": 1
              }
            },
            {
              "batter": "RD Pringle",
              "bowler": "CF Parkinson",
              "non_striker": "PD Collingwood",
              "runs": {
                "batter": 1,
                "extras": 0,
                "total": 1
              }
            },
            {
              "batter": "PD Collingwood",
              "bowler": "CF Parkinson",
              "non_striker": "RD Pringle",
              "runs": {
                "batter": 0,
                "extras": 0,
                "total": 0
              }
            }
          ]
        },
        {
          "over": 8,
          "deliveries": [
            {
              "batter": "RD Pringle",
              "bowler": "ZJ Chappell",
              "non_striker": "PD Collingwood",
              "runs": {
                "batter": 0,
                "extras": 0,
                "total": 0
              },
              "wickets": [
                {
                  "player_out": "RD Pringle",
                  "kind": "bowled"
                }
              ]
            },
            {
              "batter": "WR Smith",
              "bowler": "ZJ Chappell",
              "non_striker": "PD Collingwood",
              "runs": {
                "batter": 0,
                "extras": 0,
                "total": 0
              }
            },
            {
              "batter": "WR Smith",
              "bowler": "ZJ Chappell",
              "non_striker": "PD Collingwood",
              "runs": {
                "batter": 0,
                "extras": 0,
                "total": 0
              }
            },
            {
              "batter": "WR Smith",
              "bowler": "ZJ Chappell",
              "non_striker": "PD Collingwood",
              "runs": {
                "batter": 0,
                "extras": 0,
                "total": 0
              }
            },
            {
              "batter": "WR Smith",
              "bowler": "ZJ Chappell",
              "non_striker": "PD Collingwood",
              "runs": {
                "batter": 0,
                "extras": 0,
                "total": 0
              },
              "wickets": [
                {
                  "player_out": "WR Smith",
                  "kind": "bowled"
                }
              ]
            },
            {
              "batter": "RC Davies",
              "bowler": "ZJ Chappell",
              "extras": {
                "wides": 1
              },
              "non_striker": "PD Collingwood",
              "runs": {
                "batter": 0,
                "extras": 1,
                "total": 1
              }
            },
            {
              "batter": "RC Davies",
              "bowler": "ZJ Chappell",
              "non_striker": "PD Collingwood",
              "runs": {
                "batter": 2,
                "extras": 0,
                "total": 2
              }
            }
          ]
        },
        {
          "over": 9,
          "deliveries": [
            {
              "batter": "PD Collingwood",
              "bowler": "Mohammad Nabi",
              "non_striker": "RC Davies",
              "runs": {
                "batter": 1,
                "extras": 0,
                "total": 1
              }
            },
            {
              "batter": "RC Davies",
              "bowler": "Mohammad Nabi",
              "non_striker": "PD Collingwood",
              "runs": {
                "batter": 4,
                "extras": 0,
                "total": 4
              }
            },
            {
              "batter": "RC Davies",
              "bowler": "Mohammad Nabi",
              "non_striker": "PD Collingwood",
              "runs": {
                "batter": 0,
                "extras": 0,
                "total": 0
              }
            },
            {
              "batter": "RC Davies",
              "bowler": "Mohammad Nabi",
              "non_striker": "PD Collingwood",
              "runs": {
                "batter": 1,
                "extras": 0,
                "total": 1
              }
            },
            {
              "batter": "PD Collingwood",
              "bowler": "Mohammad Nabi",
              "non_striker": "RC Davies",
              "runs": {
                "batter": 0,
                "extras": 0,
                "total": 0
              }
            },
            {
              "batter": "PD Collingwood",
              "bowler": "Mohammad Nabi",
              "non_striker": "RC Davies",
              "runs": {
                "batter": 1,
                "extras": 0,
                "total": 1
              }
            }
          ]
        },
        {
          "over": 10,
          "deliveries": [
            {
              "batter": "PD Collingwood",
              "bowler": "ZJ Chappell",
              "non_striker": "RC Davies",
              "runs": {
                "batter": 2,
                "extras": 0,
                "total": 2
              }
            },
            {
              "batter": "PD Collingwood",
              "bowler": "ZJ Chappell",
              "non_striker": "RC Davies",
              "runs": {
                "batter": 0,
                "extras": 0,
                "total": 0
              }
            },
            {
              "batter": "PD Collingwood",
              "bowler": "ZJ Chappell",
              "non_striker": "RC Davies",
              "runs": {
                "batter": 4,
                "extras": 0,
                "total": 4
              }
            },
            {
              "batter": "PD Collingwood",
              "bowler": "ZJ Chappell",
              "non_striker": "RC Davies",
              "runs": {
                "batter": 1,
                "extras": 0,
                "total": 1
              }
            },
            {
              "batter": "RC Davies",
              "bowler": "ZJ Chappell",
              "non_striker": "PD Collingwood",
              "runs": {
                "batter": 1,
                "extras": 0,
                "total": 1
              }
            },
            {
              "batter": "PD Collingwood",
              "bowler": "ZJ Chappell",
              "non_striker": "RC Davies",
              "runs": {
                "batter": 1,
                "extras": 0,
                "total": 1
              }
            }
          ]
        },
        {
          "over": 11,
          "deliveries": [
            {
              "batter": "PD Collingwood",
              "bowler": "Mohammad Nabi",
              "non_striker": "RC Davies",
              "runs": {
                "batter": 1,
                "extras": 0,
                "total": 1
              }
            },
            {
              "batter": "RC Davies",
              "bowler": "Mohammad Nabi",
              "non_striker": "PD Collingwood",
              "runs": {
                "batter": 0,
                "extras": 0,
                "total": 0
              }
            },
            {
              "batter": "RC Davies",
              "bowler": "Mohammad Nabi",
              "non_striker": "PD Collingwood",
              "runs": {
                "batter": 1,
                "extras": 0,
                "total": 1
              }
            },
            {
              "batter": "PD Collingwood",
              "bowler": "Mohammad Nabi",
              "non_striker": "RC Davies",
              "runs": {
                "batter": 1,
                "extras": 0,
                "total": 1
              }
            },
            {
              "batter": "RC Davies",
              "bowler": "Mohammad Nabi",
              "non_striker": "PD Collingwood",
              "runs": {
                "batter": 0,
                "extras": 0,
                "total": 0
              }
            },
            {
              "batter": "RC Davies",
              "bowler": "Mohammad Nabi",
              "non_striker": "PD Collingwood",
              "runs": {
                "batter": 6,
                "extras": 0,
                "total": 6
              }
            }
          ]
        },
        {
          "over": 12,
          "deliveries": [
            {
              "batter": "PD Collingwood",
              "bowler": "CF Parkinson",
              "non_striker": "RC Davies",
              "runs": {
                "batter": 1,
                "extras": 0,
                "total": 1
              }
            },
            {
              "batter": "RC Davies",
              "bowler": "CF Parkinson",
              "non_striker": "PD Collingwood",
              "runs": {
                "batter": 1,
                "extras": 0,
                "total": 1
              }
            },
            {
              "batter": "PD Collingwood",
              "bowler": "CF Parkinson",
              "non_striker": "RC Davies",
              "runs": {
                "batter": 1,
                "extras": 0,
                "total": 1
              }
            },
            {
              "batter": "RC Davies",
              "bowler": "CF Parkinson",
              "non_striker": "PD Collingwood",
              "runs": {
                "batter": 6,
                "extras": 0,
                "total": 6
              }
            },
            {
              "batter": "RC Davies",
              "bowler": "CF Parkinson",
              "non_striker": "PD Collingwood",
              "runs": {
                "batter": 0,
                "extras": 0,
                "total": 0
              }
            },
            {
              "batter": "RC Davies",
              "bowler": "CF Parkinson",
              "non_striker": "PD Collingwood",
              "runs": {
                "batter": 0,
                "extras": 0,
                "total": 0
              }
            }
          ]
        },
        {
          "over": 13,
          "deliveries": [
            {
              "batter": "PD Collingwood",
              "bowler": "Mohammad Nabi",
              "non_striker": "RC Davies",
              "runs": {
                "batter": 1,
                "extras": 0,
                "total": 1
              }
            },
            {
              "batter": "RC Davies",
              "bowler": "Mohammad Nabi",
              "non_striker": "PD Collingwood",
              "runs": {
                "batter": 0,
                "extras": 0,
                "total": 0
              },
              "wickets": [
                {
                  "player_out": "RC Davies",
                  "fielders": [
                    {
                      "name": "TJ Wells"
                    }
                  ],
                  "kind": "caught"
                }
              ]
            },
            {
              "batter": "PD Collingwood",
              "bowler": "Mohammad Nabi",
              "non_striker": "SW Poynter",
              "runs": {
                "batter": 0,
                "extras": 0,
                "total": 0
              }
            },
            {
              "batter": "PD Collingwood",
              "bowler": "Mohammad Nabi",
              "non_striker": "SW Poynter",
              "runs": {
                "batter": 1,
                "extras": 0,
                "total": 1
              }
            },
            {
              "batter": "SW Poynter",
              "bowler": "Mohammad Nabi",
              "non_striker": "PD Collingwood",
              "runs": {
                "batter": 1,
                "extras": 0,
                "total": 1
              }
            },
            {
              "batter": "PD Collingwood",
              "bowler": "Mohammad Nabi",
              "non_striker": "SW Poynter",
              "runs": {
                "batter": 0,
                "extras": 0,
                "total": 0
              }
            }
          ]
        },
        {
          "over": 14,
          "deliveries": [
            {
              "batter": "SW Poynter",
              "bowler": "NJ Dexter",
              "non_striker": "PD Collingwood",
              "runs": {
                "batter": 1,
                "extras": 0,
                "total": 1
              }
            },
            {
              "batter": "PD Collingwood",
              "bowler": "NJ Dexter",
              "non_striker": "SW Poynter",
              "runs": {
                "batter": 4,
                "extras": 0,
                "total": 4
              }
            },
            {
              "batter": "PD Collingwood",
              "bowler": "NJ Dexter",
              "non_striker": "SW Poynter",
              "runs": {
                "batter": 1,
                "extras": 0,
                "total": 1
              }
            },
            {
              "batter": "SW Poynter",
              "bowler": "NJ Dexter",
              "non_striker": "PD Collingwood",
              "runs": {
                "batter": 4,
                "extras": 0,
                "total": 4
              }
            },
            {
              "batter": "SW Poynter",
              "bowler": "NJ Dexter",
              "non_striker": "PD Collingwood",
              "runs": {
                "batter": 2,
                "extras": 0,
                "total": 2
              }
            },
            {
              "batter": "SW Poynter",
              "bowler": "NJ Dexter",
              "non_striker": "PD Collingwood",
              "runs": {
                "batter": 2,
                "extras": 0,
                "total": 2
              }
            }
          ]
        },
        {
          "over": 15,
          "deliveries": [
            {
              "batter": "PD Collingwood",
              "bowler": "Mohammad Nabi",
              "non_striker": "SW Poynter",
              "runs": {
                "batter": 1,
                "extras": 0,
                "total": 1
              }
            },
            {
              "batter": "SW Poynter",
              "bowler": "Mohammad Nabi",
              "non_striker": "PD Collingwood",
              "runs": {
                "batter": 1,
                "extras": 0,
                "total": 1
              }
            },
            {
              "batter": "PD Collingwood",
              "bowler": "Mohammad Nabi",
              "non_striker": "SW Poynter",
              "runs": {
                "batter": 1,
                "extras": 0,
                "total": 1
              }
            },
            {
              "batter": "SW Poynter",
              "bowler": "Mohammad Nabi",
              "non_striker": "PD Collingwood",
              "runs": {
                "batter": 0,
                "extras": 0,
                "total": 0
              }
            },
            {
              "batter": "SW Poynter",
              "bowler": "Mohammad Nabi",
              "non_striker": "PD Collingwood",
              "runs": {
                "batter": 1,
                "extras": 0,
                "total": 1
              }
            },
            {
              "batter": "PD Collingwood",
              "bowler": "Mohammad Nabi",
              "non_striker": "SW Poynter",
              "runs": {
                "batter": 1,
                "extras": 0,
                "total": 1
              }
            }
          ]
        },
        {
          "over": 16,
          "deliveries": [
            {
              "batter": "PD Collingwood",
              "bowler": "Mohammad Abbas",
              "non_striker": "SW Poynter",
              "runs": {
                "batter": 1,
                "extras": 0,
                "total": 1
              }
            },
            {
              "batter": "SW Poynter",
              "bowler": "Mohammad Abbas",
              "non_striker": "PD Collingwood",
              "runs": {
                "batter": 1,
                "extras": 0,
                "total": 1
              }
            },
            {
              "batter": "PD Collingwood",
              "bowler": "Mohammad Abbas",
              "non_striker": "SW Poynter",
              "runs": {
                "batter": 0,
                "extras": 0,
                "total": 0
              },
              "wickets": [
                {
                  "player_out": "PD Collingwood",
                  "kind": "run out"
                }
              ]
            },
            {
              "batter": "WJ Weighell",
              "bowler": "Mohammad Abbas",
              "non_striker": "SW Poynter",
              "runs": {
                "batter": 0,
                "extras": 0,
                "total": 0
              },
              "wickets": [
                {
                  "player_out": "WJ Weighell",
                  "kind": "bowled"
                }
              ]
            },
            {
              "batter": "NJ Rimmington",
              "bowler": "Mohammad Abbas",
              "non_striker": "SW Poynter",
              "runs": {
                "batter": 0,
                "extras": 0,
                "total": 0
              }
            },
            {
              "batter": "NJ Rimmington",
              "bowler": "Mohammad Abbas",
              "non_striker": "SW Poynter",
              "runs": {
                "batter": 0,
                "extras": 0,
                "total": 0
              }
            }
          ]
        },
        {
          "over": 17,
          "deliveries": [
            {
              "batter": "SW Poynter",
              "bowler": "BA Raine",
              "non_striker": "NJ Rimmington",
              "runs": {
                "batter": 1,
                "extras": 0,
                "total": 1
              }
            },
            {
              "batter": "NJ Rimmington",
              "bowler": "BA Raine",
              "non_striker": "SW Poynter",
              "runs": {
                "batter": 1,
                "extras": 0,
                "total": 1
              }
            },
            {
              "batter": "SW Poynter",
              "bowler": "BA Raine",
              "non_striker": "NJ Rimmington",
              "runs": {
                "batter": 1,
                "extras": 0,
                "total": 1
              }
            },
            {
              "batter": "NJ Rimmington",
              "bowler": "BA Raine",
              "non_striker": "SW Poynter",
              "runs": {
                "batter": 1,
                "extras": 0,
                "total": 1
              }
            },
            {
              "batter": "SW Poynter",
              "bowler": "BA Raine",
              "non_striker": "NJ Rimmington",
              "runs": {
                "batter": 6,
                "extras": 0,
                "total": 6
              }
            },
            {
              "batter": "SW Poynter",
              "bowler": "BA Raine",
              "non_striker": "NJ Rimmington",
              "runs": {
                "batter": 4,
                "extras": 0,
                "total": 4
              }
            }
          ]
        },
        {
          "over": 18,
          "deliveries": [
            {
              "batter": "NJ Rimmington",
              "bowler": "Mohammad Abbas",
              "non_striker": "SW Poynter",
              "runs": {
                "batter": 2,
                "extras": 0,
                "total": 2
              }
            },
            {
              "batter": "NJ Rimmington",
              "bowler": "Mohammad Abbas",
              "non_striker": "SW Poynter",
              "runs": {
                "batter": 1,
                "extras": 0,
                "total": 1
              }
            },
            {
              "batter": "SW Poynter",
              "bowler": "Mohammad Abbas",
              "non_striker": "NJ Rimmington",
              "runs": {
                "batter": 0,
                "extras": 0,
                "total": 0
              }
            },
            {
              "batter": "SW Poynter",
              "bowler": "Mohammad Abbas",
              "non_striker": "NJ Rimmington",
              "runs": {
                "batter": 0,
                "extras": 0,
                "total": 0
              }
            },
            {
              "batter": "SW Poynter",
              "bowler": "Mohammad Abbas",
              "non_striker": "NJ Rimmington",
              "runs": {
                "batter": 0,
                "extras": 0,
                "total": 0
              }
            },
            {
              "batter": "SW Poynter",
              "bowler": "Mohammad Abbas",
              "non_striker": "NJ Rimmington",
              "runs": {
                "batter": 1,
                "extras": 0,
                "total": 1
              }
            }
          ]
        },
        {
          "over": 19,
          "deliveries": [
            {
              "batter": "SW Poynter",
              "bowler": "BA Raine",
              "non_striker": "NJ Rimmington",
              "runs": {
                "batter": 1,
                "extras": 0,
                "total": 1
              }
            },
            {
              "batter": "NJ Rimmington",
              "bowler": "BA Raine",
              "non_striker": "SW Poynter",
              "runs": {
                "batter": 6,
                "extras": 0,
                "total": 6
              }
            },
            {
              "batter": "NJ Rimmington",
              "bowler": "BA Raine",
              "non_striker": "SW Poynter",
              "runs": {
                "batter": 2,
                "extras": 0,
                "total": 2
              }
            },
            {
              "batter": "NJ Rimmington",
              "bowler": "BA Raine",
              "non_striker": "SW Poynter",
              "runs": {
                "batter": 1,
                "extras": 0,
                "total": 1
              }
            },
            {
              "batter": "SW Poynter",
              "bowler": "BA Raine",
              "non_striker": "NJ Rimmington",
              "runs": {
                "batter": 0,
                "extras": 0,
                "total": 0
              }
            },
            {
              "batter": "SW Poynter",
              "bowler": "BA Raine",
              "non_striker": "NJ Rimmington",
              "runs": {
                "batter": 2,
                "extras": 0,
                "total": 2
              }
            }
          ]
        }
      ],
      "powerplays": [
        {
          "from": 0.1,
          "to": 5.6,
          "type": "mandatory"
        }
      ]
    },
    {
      "team": "Leicestershire",
      "overs": [
        {
          "over": 0,
          "deliveries": [
            {
              "batter": "NJ Dexter",
              "bowler": "WR Smith",
              "non_striker": "CS Delport",
              "runs": {
                "batter": 1,
                "extras": 0,
                "total": 1
              }
            },
            {
              "batter": "CS Delport",
              "bowler": "WR Smith",
              "non_striker": "NJ Dexter",
              "runs": {
                "batter": 0,
                "extras": 0,
                "total": 0
              }
            },
            {
              "batter": "CS Delport",
              "bowler": "WR Smith",
              "non_striker": "NJ Dexter",
              "runs": {
                "batter": 1,
                "extras": 0,
                "total": 1
              }
            },
            {
              "batter": "NJ Dexter",
              "bowler": "WR Smith",
              "extras": {
                "legbyes": 2
              },
              "non_striker": "CS Delport",
              "runs": {
                "batter": 0,
                "extras": 2,
                "total": 2
              }
            },
            {
              "batter": "NJ Dexter",
              "bowler": "WR Smith",
              "non_striker": "CS Delport",
              "runs": {
                "batter": 1,
                "extras": 0,
                "total": 1
              }
            },
            {
              "batter": "CS Delport",
              "bowler": "WR Smith",
              "non_striker": "NJ Dexter",
              "runs": {
                "batter": 1,
                "extras": 0,
                "total": 1
              }
            }
          ]
        },
        {
          "over": 1,
          "deliveries": [
            {
              "batter": "CS Delport",
              "bowler": "C Rushworth",
              "non_striker": "NJ Dexter",
              "runs": {
                "batter": 0,
                "extras": 0,
                "total": 0
              }
            },
            {
              "batter": "CS Delport",
              "bowler": "C Rushworth",
              "non_striker": "NJ Dexter",
              "runs": {
                "batter": 1,
                "extras": 0,
                "total": 1
              }
            },
            {
              "batter": "NJ Dexter",
              "bowler": "C Rushworth",
              "non_striker": "CS Delport",
              "runs": {
                "batter": 1,
                "extras": 0,
                "total": 1
              }
            },
            {
              "batter": "CS Delport",
              "bowler": "C Rushworth",
              "non_striker": "NJ Dexter",
              "runs": {
                "batter": 4,
                "extras": 0,
                "total": 4
              }
            },
            {
              "batter": "CS Delport",
              "bowler": "C Rushworth",
              "non_striker": "NJ Dexter",
              "runs": {
                "batter": 0,
                "extras": 0,
                "total": 0
              }
            },
            {
              "batter": "CS Delport",
              "bowler": "C Rushworth",
              "non_striker": "NJ Dexter",
              "runs": {
                "batter": 0,
                "extras": 0,
                "total": 0
              }
            }
          ]
        },
        {
          "over": 2,
          "deliveries": [
            {
              "batter": "NJ Dexter",
              "bowler": "WJ Weighell",
              "non_striker": "CS Delport",
              "runs": {
                "batter": 1,
                "extras": 0,
                "total": 1
              }
            },
            {
              "batter": "CS Delport",
              "bowler": "WJ Weighell",
              "non_striker": "NJ Dexter",
              "runs": {
                "batter": 0,
                "extras": 0,
                "total": 0
              }
            },
            {
              "batter": "CS Delport",
              "bowler": "WJ Weighell",
              "non_striker": "NJ Dexter",
              "runs": {
                "batter": 0,
                "extras": 0,
                "total": 0
              }
            },
            {
              "batter": "CS Delport",
              "bowler": "WJ Weighell",
              "non_striker": "NJ Dexter",
              "runs": {
                "batter": 1,
                "extras": 0,
                "total": 1
              }
            },
            {
              "batter": "NJ Dexter",
              "bowler": "WJ Weighell",
              "non_striker": "CS Delport",
              "runs": {
                "batter": 0,
                "extras": 0,
                "total": 0
              }
            },
            {
              "batter": "NJ Dexter",
              "bowler": "WJ Weighell",
              "non_striker": "CS Delport",
              "runs": {
                "batter": 0,
                "extras": 0,
                "total": 0
              }
            }
          ]
        },
        {
          "over": 3,
          "deliveries": [
            {
              "batter": "CS Delport",
              "bowler": "C Rushworth",
              "non_striker": "NJ Dexter",
              "runs": {
                "batter": 0,
                "extras": 0,
                "total": 0
              }
            },
            {
              "batter": "CS Delport",
              "bowler": "C Rushworth",
              "non_striker": "NJ Dexter",
              "runs": {
                "batter": 0,
                "extras": 0,
                "total": 0
              }
            },
            {
              "batter": "CS Delport",
              "bowler": "C Rushworth",
              "non_striker": "NJ Dexter",
              "runs": {
                "batter": 1,
                "extras": 0,
                "total": 1
              }
            },
            {
              "batter": "NJ Dexter",
              "bowler": "C Rushworth",
              "non_striker": "CS Delport",
              "runs": {
                "batter": 4,
                "extras": 0,
                "total": 4
              }
            },
            {
              "batter": "NJ Dexter",
              "bowler": "C Rushworth",
              "non_striker": "CS Delport",
              "runs": {
                "batter": 1,
                "extras": 0,
                "total": 1
              }
            },
            {
              "batter": "CS Delport",
              "bowler": "C Rushworth",
              "non_striker": "NJ Dexter",
              "runs": {
                "batter": 1,
                "extras": 0,
                "total": 1
              }
            }
          ]
        },
        {
          "over": 4,
          "deliveries": [
            {
              "batter": "CS Delport",
              "bowler": "WJ Weighell",
              "non_striker": "NJ Dexter",
              "runs": {
                "batter": 1,
                "extras": 0,
                "total": 1
              }
            },
            {
              "batter": "NJ Dexter",
              "bowler": "WJ Weighell",
              "non_striker": "CS Delport",
              "runs": {
                "batter": 1,
                "extras": 0,
                "total": 1
              }
            },
            {
              "batter": "CS Delport",
              "bowler": "WJ Weighell",
              "non_striker": "NJ Dexter",
              "runs": {
                "batter": 0,
                "extras": 0,
                "total": 0
              }
            },
            {
              "batter": "CS Delport",
              "bowler": "WJ Weighell",
              "extras": {
                "legbyes": 1
              },
              "non_striker": "NJ Dexter",
              "runs": {
                "batter": 0,
                "extras": 1,
                "total": 1
              }
            },
            {
              "batter": "NJ Dexter",
              "bowler": "WJ Weighell",
              "non_striker": "CS Delport",
              "runs": {
                "batter": 2,
                "extras": 0,
                "total": 2
              }
            },
            {
              "batter": "NJ Dexter",
              "bowler": "WJ Weighell",
              "non_striker": "CS Delport",
              "runs": {
                "batter": 2,
                "extras": 0,
                "total": 2
              }
            }
          ]
        },
        {
          "over": 5,
          "deliveries": [
            {
              "batter": "CS Delport",
              "bowler": "C Rushworth",
              "non_striker": "NJ Dexter",
              "runs": {
                "batter": 1,
                "extras": 0,
                "total": 1
              }
            },
            {
              "batter": "NJ Dexter",
              "bowler": "C Rushworth",
              "non_striker": "CS Delport",
              "runs": {
                "batter": 0,
                "extras": 0,
                "total": 0
              }
            },
            {
              "batter": "NJ Dexter",
              "bowler": "C Rushworth",
              "non_striker": "CS Delport",
              "runs": {
                "batter": 1,
                "extras": 0,
                "total": 1
              }
            },
            {
              "batter": "CS Delport",
              "bowler": "C Rushworth",
              "non_striker": "NJ Dexter",
              "runs": {
                "batter": 1,
                "extras": 0,
                "total": 1
              }
            },
            {
              "batter": "NJ Dexter",
              "bowler": "C Rushworth",
              "non_striker": "CS Delport",
              "runs": {
                "batter": 1,
                "extras": 0,
                "total": 1
              }
            },
            {
              "batter": "CS Delport",
              "bowler": "C Rushworth",
              "non_striker": "NJ Dexter",
              "runs": {
                "batter": 1,
                "extras": 0,
                "total": 1
              }
            }
          ]
        },
        {
          "over": 6,
          "deliveries": [
            {
              "batter": "CS Delport",
              "bowler": "NJ Rimmington",
              "non_striker": "NJ Dexter",
              "runs": {
                "batter": 1,
                "extras": 0,
                "total": 1
              }
            },
            {
              "batter": "NJ Dexter",
              "bowler": "NJ Rimmington",
              "non_striker": "CS Delport",
              "runs": {
                "batter": 1,
                "extras": 0,
                "total": 1
              }
            },
            {
              "batter": "CS Delport",
              "bowler": "NJ Rimmington",
              "non_striker": "NJ Dexter",
              "runs": {
                "batter": 1,
                "extras": 0,
                "total": 1
              }
            },
            {
              "batter": "NJ Dexter",
              "bowler": "NJ Rimmington",
              "non_striker": "CS Delport",
              "runs": {
                "batter": 4,
                "extras": 0,
                "total": 4
              }
            },
            {
              "batter": "NJ Dexter",
              "bowler": "NJ Rimmington",
              "non_striker": "CS Delport",
              "runs": {
                "batter": 1,
                "extras": 0,
                "total": 1
              }
            },
            {
              "batter": "CS Delport",
              "bowler": "NJ Rimmington",
              "non_striker": "NJ Dexter",
              "runs": {
                "batter": 1,
                "extras": 0,
                "total": 1
              }
            }
          ]
        },
        {
          "over": 7,
          "deliveries": [
            {
              "batter": "CS Delport",
              "bowler": "Imran Tahir",
              "non_striker": "NJ Dexter",
              "runs": {
                "batter": 0,
                "extras": 0,
                "total": 0
              },
              "wickets": [
                {
                  "player_out": "CS Delport",
                  "kind": "caught and bowled"
                }
              ]
            },
            {
              "batter": "MJ Cosgrove",
              "bowler": "Imran Tahir",
              "non_striker": "NJ Dexter",
              "runs": {
                "batter": 1,
                "extras": 0,
                "total": 1
              }
            },
            {
              "batter": "NJ Dexter",
              "bowler": "Imran Tahir",
              "non_striker": "MJ Cosgrove",
              "runs": {
                "batter": 1,
                "extras": 0,
                "total": 1
              }
            },
            {
              "batter": "MJ Cosgrove",
              "bowler": "Imran Tahir",
              "non_striker": "NJ Dexter",
              "runs": {
                "batter": 1,
                "extras": 0,
                "total": 1
              }
            },
            {
              "batter": "NJ Dexter",
              "bowler": "Imran Tahir",
              "non_striker": "MJ Cosgrove",
              "runs": {
                "batter": 0,
                "extras": 0,
                "total": 0
              }
            },
            {
              "batter": "NJ Dexter",
              "bowler": "Imran Tahir",
              "non_striker": "MJ Cosgrove",
              "runs": {
                "batter": 1,
                "extras": 0,
                "total": 1
              }
            }
          ]
        },
        {
          "over": 8,
          "deliveries": [
            {
              "batter": "NJ Dexter",
              "bowler": "PD Collingwood",
              "non_striker": "MJ Cosgrove",
              "runs": {
                "batter": 1,
                "extras": 0,
                "total": 1
              }
            },
            {
              "batter": "MJ Cosgrove",
              "bowler": "PD Collingwood",
              "non_striker": "NJ Dexter",
              "runs": {
                "batter": 1,
                "extras": 0,
                "total": 1
              }
            },
            {
              "batter": "NJ Dexter",
              "bowler": "PD Collingwood",
              "non_striker": "MJ Cosgrove",
              "runs": {
                "batter": 1,
                "extras": 0,
                "total": 1
              }
            },
            {
              "batter": "MJ Cosgrove",
              "bowler": "PD Collingwood",
              "non_striker": "NJ Dexter",
              "runs": {
                "batter": 4,
                "extras": 0,
                "total": 4
              }
            },
            {
              "batter": "MJ Cosgrove",
              "bowler": "PD Collingwood",
              "extras": {
                "wides": 1
              },
              "non_striker": "NJ Dexter",
              "runs": {
                "batter": 0,
                "extras": 1,
                "total": 1
              }
            },
            {
              "batter": "MJ Cosgrove",
              "bowler": "PD Collingwood",
              "non_striker": "NJ Dexter",
              "runs": {
                "batter": 1,
                "extras": 0,
                "total": 1
              }
            },
            {
              "batter": "NJ Dexter",
              "bowler": "PD Collingwood",
              "non_striker": "MJ Cosgrove",
              "runs": {
                "batter": 0,
                "extras": 0,
                "total": 0
              },
              "wickets": [
                {
                  "player_out": "MJ Cosgrove",
                  "kind": "run out"
                }
              ]
            }
          ]
        },
        {
          "over": 9,
          "deliveries": [
            {
              "batter": "NJ Dexter",
              "bowler": "RD Pringle",
              "non_striker": "CN Ackermann",
              "runs": {
                "batter": 1,
                "extras": 0,
                "total": 1
              }
            },
            {
              "batter": "CN Ackermann",
              "bowler": "RD Pringle",
              "non_striker": "NJ Dexter",
              "runs": {
                "batter": 1,
                "extras": 0,
                "total": 1
              }
            },
            {
              "batter": "NJ Dexter",
              "bowler": "RD Pringle",
              "non_striker": "CN Ackermann",
              "runs": {
                "batter": 1,
                "extras": 0,
                "total": 1
              }
            },
            {
              "batter": "CN Ackermann",
              "bowler": "RD Pringle",
              "non_striker": "NJ Dexter",
              "runs": {
                "batter": 0,
                "extras": 0,
                "total": 0
              }
            },
            {
              "batter": "CN Ackermann",
              "bowler": "RD Pringle",
              "non_striker": "NJ Dexter",
              "runs": {
                "batter": 6,
                "extras": 0,
                "total": 6
              }
            },
            {
              "batter": "CN Ackermann",
              "bowler": "RD Pringle",
              "non_striker": "NJ Dexter",
              "runs": {
                "batter": 6,
                "extras": 0,
                "total": 6
              }
            }
          ]
        },
        {
          "over": 10,
          "deliveries": [
            {
              "batter": "NJ Dexter",
              "bowler": "PD Collingwood",
              "non_striker": "CN Ackermann",
              "runs": {
                "batter": 0,
                "extras": 0,
                "total": 0
              }
            },
            {
              "batter": "NJ Dexter",
              "bowler": "PD Collingwood",
              "non_striker": "CN Ackermann",
              "runs": {
                "batter": 1,
                "extras": 0,
                "total": 1
              }
            },
            {
              "batter": "CN Ackermann",
              "bowler": "PD Collingwood",
              "non_striker": "NJ Dexter",
              "runs": {
                "batter": 1,
                "extras": 0,
                "total": 1
              }
            },
            {
              "batter": "NJ Dexter",
              "bowler": "PD Collingwood",
              "non_striker": "CN Ackermann",
              "runs": {
                "batter": 4,
                "extras": 0,
                "total": 4
              }
            },
            {
              "batter": "NJ Dexter",
              "bowler": "PD Collingwood",
              "non_striker": "CN Ackermann",
              "runs": {
                "batter": 1,
                "extras": 0,
                "total": 1
              }
            },
            {
              "batter": "CN Ackermann",
              "bowler": "PD Collingwood",
              "non_striker": "NJ Dexter",
              "runs": {
                "batter": 4,
                "extras": 0,
                "total": 4
              }
            }
          ]
        },
        {
          "over": 11,
          "deliveries": [
            {
              "batter": "NJ Dexter",
              "bowler": "Imran Tahir",
              "non_striker": "CN Ackermann",
              "runs": {
                "batter": 1,
                "extras": 0,
                "total": 1
              }
            },
            {
              "batter": "CN Ackermann",
              "bowler": "Imran Tahir",
              "non_striker": "NJ Dexter",
              "runs": {
                "batter": 1,
                "extras": 0,
                "total": 1
              }
            },
            {
              "batter": "NJ Dexter",
              "bowler": "Imran Tahir",
              "non_striker": "CN Ackermann",
              "runs": {
                "batter": 0,
                "extras": 0,
                "total": 0
              },
              "wickets": [
                {
                  "player_out": "NJ Dexter",
                  "fielders": [
                    {
                      "name": "SW Poynter"
                    }
                  ],
                  "kind": "stumped"
                }
              ]
            },
            {
              "batter": "BA Raine",
              "bowler": "Imran Tahir",
              "non_striker": "CN Ackermann",
              "runs": {
                "batter": 0,
                "extras": 0,
                "total": 0
              }
            },
            {
              "batter": "BA Raine",
              "bowler": "Imran Tahir",
              "non_striker": "CN Ackermann",
              "runs": {
                "batter": 1,
                "extras": 0,
                "total": 1
              }
            },
            {
              "batter": "CN Ackermann",
              "bowler": "Imran Tahir",
              "non_striker": "BA Raine",
              "runs": {
                "batter": 0,
                "extras": 0,
                "total": 0
              },
              "wickets": [
                {
                  "player_out": "CN Ackermann",
                  "kind": "bowled"
                }
              ]
            }
          ]
        },
        {
          "over": 12,
          "deliveries": [
            {
              "batter": "BA Raine",
              "bowler": "PD Collingwood",
              "non_striker": "Mohammad Nabi",
              "runs": {
                "batter": 0,
                "extras": 0,
                "total": 0
              }
            },
            {
              "batter": "BA Raine",
              "bowler": "PD Collingwood",
              "non_striker": "Mohammad Nabi",
              "runs": {
                "batter": 1,
                "extras": 0,
                "total": 1
              }
            },
            {
              "batter": "Mohammad Nabi",
              "bowler": "PD Collingwood",
              "non_striker": "BA Raine",
              "runs": {
                "batter": 1,
                "extras": 0,
                "total": 1
              }
            },
            {
              "batter": "BA Raine",
              "bowler": "PD Collingwood",
              "non_striker": "Mohammad Nabi",
              "runs": {
                "batter": 0,
                "extras": 0,
                "total": 0
              },
              "wickets": [
                {
                  "player_out": "BA Raine",
                  "fielders": [
                    {
                      "name": "RC Davies"
                    }
                  ],
                  "kind": "caught"
                }
              ]
            },
            {
              "batter": "Mohammad Nabi",
              "bowler": "PD Collingwood",
              "non_striker": "LJ Hill",
              "runs": {
                "batter": 1,
                "extras": 0,
                "total": 1
              }
            },
            {
              "batter": "LJ Hill",
              "bowler": "PD Collingwood",
              "non_striker": "Mohammad Nabi",
              "runs": {
                "batter": 0,
                "extras": 0,
                "total": 0
              }
            }
          ]
        },
        {
          "over": 13,
          "deliveries": [
            {
              "batter": "Mohammad Nabi",
              "bowler": "Imran Tahir",
              "non_striker": "LJ Hill",
              "runs": {
                "batter": 0,
                "extras": 0,
                "total": 0
              }
            },
            {
              "batter": "Mohammad Nabi",
              "bowler": "Imran Tahir",
              "non_striker": "LJ Hill",
              "runs": {
                "batter": 2,
                "extras": 0,
                "total": 2
              }
            },
            {
              "batter": "Mohammad Nabi",
              "bowler": "Imran Tahir",
              "non_striker": "LJ Hill",
              "runs": {
                "batter": 0,
                "extras": 0,
                "total": 0
              }
            },
            {
              "batter": "Mohammad Nabi",
              "bowler": "Imran Tahir",
              "non_striker": "LJ Hill",
              "runs": {
                "batter": 0,
                "extras": 0,
                "total": 0
              }
            },
            {
              "batter": "Mohammad Nabi",
              "bowler": "Imran Tahir",
              "non_striker": "LJ Hill",
              "runs": {
                "batter": 0,
                "extras": 0,
                "total": 0
              }
            },
            {
              "batter": "Mohammad Nabi",
              "bowler": "Imran Tahir",
              "non_striker": "LJ Hill",
              "runs": {
                "batter": 2,
                "extras": 0,
                "total": 2
              }
            }
          ]
        },
        {
          "over": 14,
          "deliveries": [
            {
              "batter": "LJ Hill",
              "bowler": "PD Collingwood",
              "non_striker": "Mohammad Nabi",
              "runs": {
                "batter": 1,
                "extras": 0,
                "total": 1
              }
            },
            {
              "batter": "Mohammad Nabi",
              "bowler": "PD Collingwood",
              "non_striker": "LJ Hill",
              "runs": {
                "batter": 1,
                "extras": 0,
                "total": 1
              }
            },
            {
              "batter": "LJ Hill",
              "bowler": "PD Collingwood",
              "non_striker": "Mohammad Nabi",
              "runs": {
                "batter": 0,
                "extras": 0,
                "total": 0
              }
            },
            {
              "batter": "LJ Hill",
              "bowler": "PD Collingwood",
              "non_striker": "Mohammad Nabi",
              "runs": {
                "batter": 2,
                "extras": 0,
                "total": 2
              }
            },
            {
              "batter": "LJ Hill",
              "bowler": "PD Collingwood",
              "non_striker": "Mohammad Nabi",
              "runs": {
                "batter": 4,
                "extras": 0,
                "total": 4
              }
            },
            {
              "batter": "LJ Hill",
              "bowler": "PD Collingwood",
              "non_striker": "Mohammad Nabi",
              "runs": {
                "batter": 1,
                "extras": 0,
                "total": 1
              }
            }
          ]
        },
        {
          "over": 15,
          "deliveries": [
            {
              "batter": "LJ Hill",
              "bowler": "Imran Tahir",
              "non_striker": "Mohammad Nabi",
              "runs": {
                "batter": 0,
                "extras": 0,
                "total": 0
              }
            },
            {
              "batter": "LJ Hill",
              "bowler": "Imran Tahir",
              "non_striker": "Mohammad Nabi",
              "runs": {
                "batter": 1,
                "extras": 0,
                "total": 1
              }
            },
            {
              "batter": "Mohammad Nabi",
              "bowler": "Imran Tahir",
              "non_striker": "LJ Hill",
              "runs": {
                "batter": 0,
                "extras": 0,
                "total": 0
              },
              "wickets": [
                {
                  "player_out": "Mohammad Nabi",
                  "fielders": [
                    {
                      "name": "WJ Weighell"
                    }
                  ],
                  "kind": "caught"
                }
              ]
            },
            {
              "batter": "TJ Wells",
              "bowler": "Imran Tahir",
              "non_striker": "LJ Hill",
              "runs": {
                "batter": 0,
                "extras": 0,
                "total": 0
              }
            },
            {
              "batter": "TJ Wells",
              "bowler": "Imran Tahir",
              "non_striker": "LJ Hill",
              "runs": {
                "batter": 1,
                "extras": 0,
                "total": 1
              }
            },
            {
              "batter": "LJ Hill",
              "bowler": "Imran Tahir",
              "non_striker": "TJ Wells",
              "runs": {
                "batter": 1,
                "extras": 0,
                "total": 1
              }
            }
          ]
        },
        {
          "over": 16,
          "deliveries": [
            {
              "batter": "LJ Hill",
              "bowler": "NJ Rimmington",
              "non_striker": "TJ Wells",
              "runs": {
                "batter": 0,
                "extras": 0,
                "total": 0
              }
            },
            {
              "batter": "LJ Hill",
              "bowler": "NJ Rimmington",
              "non_striker": "TJ Wells",
              "runs": {
                "batter": 0,
                "extras": 0,
                "total": 0
              }
            },
            {
              "batter": "LJ Hill",
              "bowler": "NJ Rimmington",
              "non_striker": "TJ Wells",
              "runs": {
                "batter": 0,
                "extras": 0,
                "total": 0
              },
              "wickets": [
                {
                  "player_out": "LJ Hill",
                  "fielders": [
                    {
                      "name": "G Clark"
                    }
                  ],
                  "kind": "caught"
                }
              ]
            },
            {
              "batter": "ZJ Chappell",
              "bowler": "NJ Rimmington",
              "non_striker": "TJ Wells",
              "runs": {
                "batter": 1,
                "extras": 0,
                "total": 1
              }
            },
            {
              "batter": "TJ Wells",
              "bowler": "NJ Rimmington",
              "non_striker": "ZJ Chappell",
              "runs": {
                "batter": 1,
                "extras": 0,
                "total": 1
              }
            },
            {
              "batter": "ZJ Chappell",
              "bowler": "NJ Rimmington",
              "non_striker": "TJ Wells",
              "runs": {
                "batter": 0,
                "extras": 0,
                "total": 0
              }
            }
          ]
        },
        {
          "over": 17,
          "deliveries": [
            {
              "batter": "TJ Wells",
              "bowler": "WJ Weighell",
              "non_striker": "ZJ Chappell",
              "runs": {
                "batter": 0,
                "extras": 0,
                "total": 0
              }
            },
            {
              "batter": "TJ Wells",
              "bowler": "WJ Weighell",
              "non_striker": "ZJ Chappell",
              "runs": {
                "batter": 0,
                "extras": 0,
                "total": 0
              }
            },
            {
              "batter": "TJ Wells",
              "bowler": "WJ Weighell",
              "non_striker": "ZJ Chappell",
              "runs": {
                "batter": 4,
                "extras": 0,
                "total": 4
              }
            },
            {
              "batter": "TJ Wells",
              "bowler": "WJ Weighell",
              "non_striker": "ZJ Chappell",
              "runs": {
                "batter": 0,
                "extras": 0,
                "total": 0
              },
              "wickets": [
                {
                  "player_out": "TJ Wells",
                  "fielders": [
                    {
                      "name": "NJ Rimmington"
                    }
                  ],
                  "kind": "caught"
                }
              ]
            },
            {
              "batter": "ZJ Chappell",
              "bowler": "WJ Weighell",
              "non_striker": "CF Parkinson",
              "runs": {
                "batter": 6,
                "extras": 0,
                "total": 6
              }
            },
            {
              "batter": "ZJ Chappell",
              "bowler": "WJ Weighell",
              "non_striker": "CF Parkinson",
              "runs": {
                "batter": 0,
                "extras": 0,
                "total": 0
              },
              "wickets": [
                {
                  "player_out": "ZJ Chappell",
                  "fielders": [
                    {
                      "name": "TWM Latham"
                    }
                  ],
                  "kind": "caught"
                }
              ]
            }
          ]
        },
        {
          "over": 18,
          "deliveries": [
            {
              "batter": "Mohammad Abbas",
              "bowler": "NJ Rimmington",
              "non_striker": "CF Parkinson",
              "runs": {
                "batter": 4,
                "extras": 0,
                "total": 4
              }
            },
            {
              "batter": "Mohammad Abbas",
              "bowler": "NJ Rimmington",
              "non_striker": "CF Parkinson",
              "runs": {
                "batter": 1,
                "extras": 0,
                "total": 1
              }
            },
            {
              "batter": "CF Parkinson",
              "bowler": "NJ Rimmington",
              "non_striker": "Mohammad Abbas",
              "runs": {
                "batter": 0,
                "extras": 0,
                "total": 0
              },
              "wickets": [
                {
                  "player_out": "CF Parkinson",
                  "fielders": [
                    {
                      "name": "WJ Weighell"
                    }
                  ],
                  "kind": "caught"
                }
              ]
            }
          ]
        }
      ],
      "powerplays": [
        {
          "from": 0.1,
          "to": 5.6,
          "type": "mandatory"
        }
      ],
      "target": {
        "overs": 20,
        "runs": 154
      }
    }
  ]
}