{
  "meta": {
    "data_version": "1.0.0",
    "created": "2020-06-22",
    "revision": 1
  },
  "info": {
    "balls_per_over": 6,
    "city": "Leicester",
    "dates": [
      "2018-07-18"
    ],
    "event": {
      "name": "Vitality Blast",
      "group": "North"
    },
    "gender": "male",
    "match_type": "T20",
    "officials": {
      "tv_umpires": [
        "GD Lloyd"
      ],
      "umpires": [
        "JW Lloyds",
        "RJ Bailey"
      ]
    },
    "outcome": {
      "winner": "Lancashire",
      "by": {
        "wickets": 8
      }
    },
    "overs": 20,
    "player_of_match": [
      "LS Livingstone"
    ],
    "players": {
      "Leicestershire": [
        "NJ Dexter",
        "CS Delport",
        "MJ Cosgrove",
        "BA Raine",
        "CN Ackermann",
        "Mohammad Nabi",
        "EJH Eckersley",
        "TJ Wells",
        "ZJ Chappell",
        "CF Parkinson",
        "Mohammad Abbas"
      ],
      "Lancashire": [
        "AL Davies",
        "LS Livingstone",
        "AM Lilley",
        "KK Jennings",
        "DJ Vilas",
        "J Clark",
        "SJ Croft",
        "JP Faulkner",
        "MW Parkinson",
        "TJ Lester",
        "G Onions"
      ]
    },
    "registry": {
      "people": {
        "AL Davies": "29ede60b",
        "AM Lilley": "88a004e9",
        "BA Raine": "4c0f3806",
        "CF Parkinson": "aa1210d8",
        "CN Ackermann": "e734d090",
        "CS Delport": "afa78c3a",
        "DJ Vilas": "087210b1",
        "EJH Eckersley": "d510d457",
        "G Onions": "c1f6c27e",
        "GD Lloyd": "36e0770d",
        "J Clark": "c672e80e",
        "JP Faulkner": "808f425a",
        "JW Lloyds": "112b8472",
        "KK Jennings": "8479a24a",
        "LS Livingstone": "50c6bc2b",
        "MJ Cosgrove": "be768595",
        "MW Parkinson": "19708692",
        "Mohammad Abbas": "a089f93f",
        "Mohammad Nabi": "62af8546",
        "NJ Dexter": "dc670143",
        "RJ Bailey": "6bd04fa5",
        "SJ Croft": "ab474682",
        "TJ Lester": "d83a3bdc",
        "TJ Wells": "eb1a5b03",
        "ZJ Chappell": "fe5b4367"
      }
    },
    "season": "2018",
    "team_type": "club",
    "teams": [
      "Leicestershire",
      "Lancashire"
    ],
    "toss": {
      "decision": "field",
      "winner": "Lancashire"
    },
    "venue": "Grace Road"
  },
  "innings": [
    {
      "team": "Leicestershire",
      "overs": [
        {
          "over": 0,
          "deliveries": [
            {
              "batter": "NJ Dexter",
              "bowler": "TJ Lester",
              "non_striker": "CS Delport",
              "runs": {
                "batter": 0,
                "extras": 0,
                "total": 0
              }
            },
            {
              "batter": "NJ Dexter",
              "bowler": "TJ Lester",
              "non_striker": "CS Delport",
              "runs": {
                "batter": 0,
                "extras": 0,
                "total": 0
              }
            },
            {
              "batter": "NJ Dexter",
              "bowler": "TJ Lester",
              "non_striker": "CS Delport",
              "runs": {
                "batter": 0,
                "extras": 0,
                "total": 0
              }
            },
            {
              "batter": "NJ Dexter",
              "bowler": "TJ Lester",
              "non_striker": "CS Delport",
              "runs": {
                "batter": 0,
                "extras": 0,
                "total": 0
              }
            },
            {
              "batter": "NJ Dexter",
              "bowler": "TJ Lester",
              "non_striker": "CS Delport",
              "runs": {
                "batter": 1,
                "extras": 0,
                "total": 1
              }
            },
            {
              "batter": "CS Delport",
              "bowler": "TJ Lester",
              "non_striker": "NJ Dexter",
              "runs": {
                "batter": 0,
                "extras": 0,
                "total": 0
              }
            }
          ]
        },
        {
          "over": 1,
          "deliveries": [
            {
              "batter": "NJ Dexter",
              "bowler": "G Onions",
              "non_striker": "CS Delport",
              "runs": {
                "batter": 1,
                "extras": 0,
                "total": 1
              }
            },
            {
              "batter": "CS Delport",
              "bowler": "G Onions",
              "non_striker": "NJ Dexter",
              "runs": {
                "batter": 0,
                "extras": 0,
                "total": 0
              }
            },
            {
              "batter": "CS Delport",
              "bowler": "G Onions",
              "non_striker": "NJ Dexter",
              "runs": {
                "batter": 0,
                "extras": 0,
                "total": 0
              }
            },
            {
              "batter": "CS Delport",
              "bowler": "G Onions",
              "non_striker": "NJ Dexter",
              "runs": {
                "batter": 1,
                "extras": 0,
                "total": 1
              }
            },
            {
              "batter": "NJ Dexter",
              "bowler": "G Onions",
              "non_striker": "CS Delport",
              "runs": {
                "batter": 0,
                "extras": 0,
                "total": 0
              }
            },
            {
              "batter": "NJ Dexter",
              "bowler": "G Onions",
              "non_striker": "CS Delport",
              "runs": {
                "batter": 0,
                "extras": 0,
                "total": 0
              }
            }
          ]
        },
        {
          "over": 2,
          "deliveries": [
            {
              "batter": "CS Delport",
              "bowler": "TJ Lester",
              "non_striker": "NJ Dexter",
              "runs": {
                "batter": 6,
                "extras": 0,
                "total": 6
              }
            },
            {
              "batter": "CS Delport",
              "bowler": "TJ Lester",
              "non_striker": "NJ Dexter",
              "runs": {
                "batter": 6,
                "extras": 0,
                "total": 6
              }
            },
            {
              "batter": "CS Delport",
              "bowler": "TJ Lester",
              "non_striker": "NJ Dexter",
              "runs": {
                "batter": 1,
                "extras": 0,
                "total": 1
              }
            },
            {
              "batter": "NJ Dexter",
              "bowler": "TJ Lester",
              "non_striker": "CS Delport",
              "runs": {
                "batter": 4,
                "extras": 0,
                "total": 4
              }
            },
            {
              "batter": "NJ Dexter",
              "bowler": "TJ Lester",
              "non_striker": "CS Delport",
              "runs": {
                "batter": 1,
                "extras": 0,
                "total": 1
              }
            },
            {
              "batter": "CS Delport",
              "bowler": "TJ Lester",
              "non_striker": "NJ Dexter",
              "runs": {
                "batter": 4,
                "extras": 0,
                "total": 4
              }
            }
          ]
        },
        {
          "over": 3,
          "deliveries": [
            {
              "batter": "NJ Dexter",
              "bowler": "JP Faulkner",
              "non_striker": "CS Delport",
              "runs": {
                "batter": 1,
                "extras": 0,
                "total": 1
              }
            },
            {
              "batter": "CS Delport",
              "bowler": "JP Faulkner",
              "non_striker": "NJ Dexter",
              "runs": {
                "batter": 1,
                "extras": 0,
                "total": 1
              }
            },
            {
              "batter": "NJ Dexter",
              "bowler": "JP Faulkner",
              "extras": {
                "noballs": 2
              },
              "non_striker": "CS Delport",
              "runs": {
                "batter": 0,
                "extras": 2,
                "total": 2
              }
            },
            {
              "batter": "NJ Dexter",
              "bowler": "JP Faulkner",
              "non_striker": "CS Delport",
              "runs": {
                "batter": 0,
                "extras": 0,
                "total": 0
              }
            },
            {
              "batter": "NJ Dexter",
              "bowler": "JP Faulkner",
              "non_striker": "CS Delport",
              "runs": {
                "batter": 4,
                "extras": 0,
                "total": 4
              }
            },
            {
              "batter": "NJ Dexter",
              "bowler": "JP Faulkner",
              "non_striker": "CS Delport",
              "runs": {
                "batter": 1,
                "extras": 0,
                "total": 1
              }
            },
            {
              "batter": "CS Delport",
              "bowler": "JP Faulkner",
              "non_striker": "NJ Dexter",
              "runs": {
                "batter": 1,
                "extras": 0,
                "total": 1
              }
            }
          ]
        },
        {
          "over": 4,
          "deliveries": [
            {
              "batter": "CS Delport",
              "bowler": "G Onions",
              "non_striker": "NJ Dexter",
              "runs": {
                "batter": 1,
                "extras": 0,
                "total": 1
              }
            },
            {
              "batter": "NJ Dexter",
              "bowler": "G Onions",
              "non_striker": "CS Delport",
              "runs": {
                "batter": 1,
                "extras": 0,
                "total": 1
              }
            },
            {
              "batter": "CS Delport",
              "bowler": "G Onions",
              "non_striker": "NJ Dexter",
              "runs": {
                "batter": 4,
                "extras": 0,
                "total": 4
              }
            },
            {
              "batter": "CS Delport",
              "bowler": "G Onions",
              "non_striker": "NJ Dexter",
              "runs": {
                "batter": 0,
                "extras": 0,
                "total": 0
              },
              "wickets": [
                {
                  "player_out": "CS Delport",
                  "fielders": [
                    {
                      "name": "LS Livingstone"
                    }
                  ],
                  "kind": "caught"
                }
              ]
            },
            {
              "batter": "NJ Dexter",
              "bowler": "G Onions",
              "non_striker": "MJ Cosgrove",
              "runs": {
                "batter": 4,
                "extras": 0,
                "total": 4
              }
            },
            {
              "batter": "NJ Dexter",
              "bowler": "G Onions",
              "non_striker": "MJ Cosgrove",
              "runs": {
                "batter": 0,
                "extras": 0,
                "total": 0
              }
            }
          ]
        },
        {
          "over": 5,
          "deliveries": [
            {
              "batter": "MJ Cosgrove",
              "bowler": "TJ Lester",
              "extras": {
                "wides": 1
              },
              "non_striker": "NJ Dexter",
              "runs": {
                "batter": 0,
                "extras": 1,
                "total": 1
              }
            },
            {
              "batter": "MJ Cosgrove",
              "bowler": "TJ Lester",
              "non_striker": "NJ Dexter",
              "runs": {
                "batter": 0,
                "extras": 0,
                "total": 0
              }
            },
            {
              "batter": "MJ Cosgrove",
              "bowler": "TJ Lester",
              "non_striker": "NJ Dexter",
              "runs": {
                "batter": 0,
                "extras": 0,
                "total": 0
              }
            },
            {
              "batter": "MJ Cosgrove",
              "bowler": "TJ Lester",
              "non_striker": "NJ Dexter",
              "runs": {
                "batter": 4,
                "extras": 0,
                "total": 4
              }
            },
            {
              "batter": "MJ Cosgrove",
              "bowler": "TJ Lester",
              "non_striker": "NJ Dexter",
              "runs": {
                "batter": 4,
                "extras": 0,
                "total": 4
              }
            },
            {
              "batter": "MJ Cosgrove",
              "bowler": "TJ Lester",
              "non_striker": "NJ Dexter",
              "runs": {
                "batter": 0,
                "extras": 0,
                "total": 0
              }
            },
            {
              "batter": "MJ Cosgrove",
              "bowler": "TJ Lester",
              "extras": {
                "wides": 1
              },
              "non_striker": "NJ Dexter",
              "runs": {
                "batter": 0,
                "extras": 1,
                "total": 1
              }
            },
            {
              "batter": "MJ Cosgrove",
              "bowler": "TJ Lester",
              "non_striker": "NJ Dexter",
              "runs": {
                "batter": 4,
                "extras": 0,
                "total": 4
              }
            }
          ]
        },
        {
          "over": 6,
          "deliveries": [
            {
              "batter": "NJ Dexter",
              "bowler": "LS Livingstone",
              "non_striker": "MJ Cosgrove",
              "runs": {
                "batter": 1,
                "extras": 0,
                "total": 1
              }
            },
            {
              "batter": "MJ Cosgrove",
              "bowler": "LS Livingstone",
              "non_striker": "NJ Dexter",
              "runs": {
                "batter": 1,
                "extras": 0,
                "total": 1
              }
            },
            {
              "batter": "NJ Dexter",
              "bowler": "LS Livingstone",
              "non_striker": "MJ Cosgrove",
              "runs": {
                "batter": 1,
                "extras": 0,
                "total": 1
              }
            },
            {
              "batter": "MJ Cosgrove",
              "bowler": "LS Livingstone",
              "non_striker": "NJ Dexter",
              "runs": {
                "batter": 0,
                "extras": 0,
                "total": 0
              }
            },
            {
              "batter": "MJ Cosgrove",
              "bowler": "LS Livingstone",
              "non_striker": "NJ Dexter",
              "runs": {
                "batter": 0,
                "extras": 0,
                "total": 0
              }
            },
            {
              "batter": "MJ Cosgrove",
              "bowler": "LS Livingstone",
              "non_striker": "NJ Dexter",
              "runs": {
                "batter": 1,
                "extras": 0,
                "total": 1
              }
            }
          ]
        },
        {
          "over": 7,
          "deliveries": [
            {
              "batter": "MJ Cosgrove",
              "bowler": "AM Lilley",
              "non_striker": "NJ Dexter",
              "runs": {
                "batter": 0,
                "extras": 0,
                "total": 0
              }
            },
            {
              "batter": "MJ Cosgrove",
              "bowler": "AM Lilley",
              "non_striker": "NJ Dexter",
              "runs": {
                "batter": 1,
                "extras": 0,
                "total": 1
              }
            },
            {
              "batter": "NJ Dexter",
              "bowler": "AM Lilley",
              "non_striker": "MJ Cosgrove",
              "runs": {
                "batter": 4,
                "extras": 0,
                "total": 4
              }
            },
            {
              "batter": "NJ Dexter",
              "bowler": "AM Lilley",
              "non_striker": "MJ Cosgrove",
              "runs": {
                "batter": 2,
                "extras": 0,
                "total": 2
              }
            },
            {
              "batter": "NJ Dexter",
              "bowler": "AM Lilley",
              "non_striker": "MJ Cosgrove",
              "runs": {
                "batter": 1,
                "extras": 0,
                "total": 1
              }
            },
            {
              "batter": "MJ Cosgrove",
              "bowler": "AM Lilley",
              "non_striker": "NJ Dexter",
              "runs": {
                "batter": 1,
                "extras": 0,
                "total": 1
              }
            }
          ]
        },
        {
          "over": 8,
          "deliveries": [
            {
              "batter": "MJ Cosgrove",
              "bowler": "MW Parkinson",
              "non_striker": "NJ Dexter",
              "runs": {
                "batter": 1,
                "extras": 0,
                "total": 1
              }
            },
            {
              "batter": "NJ Dexter",
              "bowler": "MW Parkinson",
              "non_striker": "MJ Cosgrove",
              "runs": {
                "batter": 1,
                "extras": 0,
                "total": 1
              }
            },
            {
              "batter": "MJ Cosgrove",
              "bowler": "MW Parkinson",
              "non_striker": "NJ Dexter",
              "runs": {
                "batter": 6,
                "extras": 0,
                "total": 6
              }
            },
            {
              "batter": "MJ Cosgrove",
              "bowler": "MW Parkinson",
              "non_striker": "NJ Dexter",
              "runs": {
                "batter": 1,
                "extras": 0,
                "total": 1
              }
            },
            {
              "batter": "NJ Dexter",
              "bowler": "MW Parkinson",
              "non_striker": "MJ Cosgrove",
              "runs": {
                "batter": 0,
                "extras": 0,
                "total": 0
              }
            },
            {
              "batter": "NJ Dexter",
              "bowler": "MW Parkinson",
              "non_striker": "MJ Cosgrove",
              "runs": {
                "batter": 1,
                "extras": 0,
                "total": 1
              }
            }
          ]
        },
        {
          "over": 9,
          "deliveries": [
            {
              "batter": "NJ Dexter",
              "bowler": "LS Livingstone",
              "non_striker": "MJ Cosgrove",
              "runs": {
                "batter": 1,
                "extras": 0,
                "total": 1
              }
            },
            {
              "batter": "MJ Cosgrove",
              "bowler": "LS Livingstone",
              "non_striker": "NJ Dexter",
              "runs": {
                "batter": 4,
                "extras": 0,
                "total": 4
              }
            },
            {
              "batter": "MJ Cosgrove",
              "bowler": "LS Livingstone",
              "non_striker": "NJ Dexter",
              "runs": {
                "batter": 1,
                "extras": 0,
                "total": 1
              }
            },
            {
              "batter": "NJ Dexter",
              "bowler": "LS Livingstone",
              "non_striker": "MJ Cosgrove",
              "runs": {
                "batter": 0,
                "extras": 0,
                "total": 0
              },
              "wickets": [
                {
                  "player_out": "NJ Dexter",
                  "fielders": [
                    {
                      "name": "DJ Vilas"
                    }
                  ],
                  "kind": "caught"
                }
              ]
            },
            {
              "batter": "MJ Cosgrove",
              "bowler": "LS Livingstone",
              "non_striker": "BA Raine",
              "runs": {
                "batter": 1,
                "extras": 0,
                "total": 1
              }
            },
            {
              "batter": "BA Raine",
              "bowler": "LS Livingstone",
              "non_striker": "MJ Cosgrove",
              "runs": {
                "batter": 0,
                "extras": 0,
                "total": 0
              },
              "wickets": [
                {
                  "player_out": "BA Raine",
                  "kind": "bowled"
                }
              ]
            }
          ]
        },
        {
          "over": 10,
          "deliveries": [
            {
              "batter": "MJ Cosgrove",
              "bowler": "MW Parkinson",
              "non_striker": "CN Ackermann",
              "runs": {
                "batter": 1,
                "extras": 0,
                "total": 1
              }
            },
            {
              "batter": "CN Ackermann",
              "bowler": "MW Parkinson",
              "non_striker": "MJ Cosgrove",
              "runs": {
                "batter": 1,
                "extras": 0,
                "total": 1
              }
            },
            {
              "batter": "MJ Cosgrove",
              "bowler": "MW Parkinson",
              "non_striker": "CN Ackermann",
              "runs": {
                "batter": 0,
                "extras": 0,
                "total": 0
              },
              "wickets": [
                {
                  "player_out": "MJ Cosgrove",
                  "fielders": [
                    {
                      "name": "DJ Vilas"
                    }
                  ],
                  "kind": "stumped"
                }
              ]
            },
            {
              "batter": "Mohammad Nabi",
              "bowler": "MW Parkinson",
              "non_striker": "CN Ackermann",
              "runs": {
                "batter": 0,
                "extras": 0,
                "total": 0
              }
            },
            {
              "batter": "Mohammad Nabi",
              "bowler": "MW Parkinson",
              "extras": {
                "wides": 1
              },
              "non_striker": "CN Ackermann",
              "runs": {
                "batter": 0,
                "extras": 1,
                "total": 1
              }
            },
            {
              "batter": "Mohammad Nabi",
              "bowler": "MW Parkinson",
              "non_striker": "CN Ackermann",
              "runs": {
                "batter": 1,
                "extras": 0,
                "total": 1
              }
            },
            {
              "batter": "CN Ackermann",
              "bowler": "MW Parkinson",
              "non_striker": "Mohammad Nabi",
              "runs": {
                "batter": 0,
                "extras": 0,
                "total": 0
              }
            }
          ]
        },
        {
          "over": 11,
          "deliveries": [
            {
              "batter": "Mohammad Nabi",
              "bowler": "LS Livingstone",
              "non_striker": "CN Ackermann",
              "runs": {
                "batter": 0,
                "extras": 0,
                "total": 0
              }
            },
            {
              "batter": "Mohammad Nabi",
              "bowler": "LS Livingstone",
              "non_striker": "CN Ackermann",
              "runs": {
                "batter": 1,
                "extras": 0,
                "total": 1
              }
            },
            {
              "batter": "CN Ackermann",
              "bowler": "LS Livingstone",
              "non_striker": "Mohammad Nabi",
              "runs": {
                "batter": 1,
                "extras": 0,
                "total": 1
              }
            },
            {
              "batter": "Mohammad Nabi",
              "bowler": "LS Livingstone",
              "non_striker": "CN Ackermann",
              "runs": {
                "batter": 1,
                "extras": 0,
                "total": 1
              }
            },
            {
              "batter": "CN Ackermann",
              "bowler": "LS Livingstone",
              "non_striker": "Mohammad Nabi",
              "runs": {
                "batter": 1,
                "extras": 0,
                "total": 1
              }
            },
            {
              "batter": "Mohammad Nabi",
              "bowler": "LS Livingstone",
              "non_striker": "CN Ackermann",
              "runs": {
                "batter": 0,
                "extras": 0,
                "total": 0
              },
              "wickets": [
                {
                  "player_out": "Mohammad Nabi",
                  "fielders": [
                    {
                      "name": "JP Faulkner"
                    }
                  ],
                  "kind": "caught"
                }
              ]
            }
          ]
        },
        {
          "over": 12,
          "deliveries": [
            {
              "batter": "CN Ackermann",
              "bowler": "MW Parkinson",
              "non_striker": "EJH Eckersley",
              "runs": {
                "batter": 0,
                "extras": 0,
                "total": 0
              }
            },
            {
              "batter": "CN Ackermann",
              "bowler": "MW Parkinson",
              "non_striker": "EJH Eckersley",
              "runs": {
                "batter": 1,
                "extras": 0,
                "total": 1
              }
            },
            {
              "batter": "EJH Eckersley",
              "bowler": "MW Parkinson",
              "non_striker": "CN Ackermann",
              "runs": {
                "batter": 1,
                "extras": 0,
                "total": 1
              }
            },
            {
              "batter": "CN Ackermann",
              "bowler": "MW Parkinson",
              "non_striker": "EJH Eckersley",
              "runs": {
                "batter": 0,
                "extras": 0,
                "total": 0
              }
            },
            {
              "batter": "CN Ackermann",
              "bowler": "MW Parkinson",
              "non_striker": "EJH Eckersley",
              "runs": {
                "batter": 1,
                "extras": 0,
                "total": 1
              }
            },
            {
              "batter": "EJH Eckersley",
              "bowler": "MW Parkinson",
              "non_striker": "CN Ackermann",
              "runs": {
                "batter": 1,
                "extras": 0,
                "total": 1
              }
            }
          ]
        },
        {
          "over": 13,
          "deliveries": [
            {
              "batter": "EJH Eckersley",
              "bowler": "LS Livingstone",
              "non_striker": "CN Ackermann",
              "runs": {
                "batter": 1,
                "extras": 0,
                "total": 1
              }
            },
            {
              "batter": "CN Ackermann",
              "bowler": "LS Livingstone",
              "non_striker": "EJH Eckersley",
              "runs": {
                "batter": 0,
                "extras": 0,
                "total": 0
              }
            },
            {
              "batter": "CN Ackermann",
              "bowler": "LS Livingstone",
              "non_striker": "EJH Eckersley",
              "runs": {
                "batter": 0,
                "extras": 0,
                "total": 0
              },
              "wickets": [
                {
                  "player_out": "CN Ackermann",
                  "fielders": [
                    {
                      "name": "TJ Lester"
                    }
                  ],
                  "kind": "caught"
                }
              ]
            },
            {
              "batter": "TJ Wells",
              "bowler": "LS Livingstone",
              "non_striker": "EJH Eckersley",
              "runs": {
                "batter": 0,
                "extras": 0,
                "total": 0
              }
            },
            {
              "batter": "TJ Wells",
              "bowler": "LS Livingstone",
              "non_striker": "EJH Eckersley",
              "runs": {
                "batter": 0,
                "extras": 0,
                "total": 0
              }
            },
            {
              "batter": "TJ Wells",
              "bowler": "LS Livingstone",
              "non_striker": "EJH Eckersley",
              "runs": {
                "batter": 1,
                "extras": 0,
                "total": 1
              }
            }
          ]
        },
        {
          "over": 14,
          "deliveries": [
            {
              "batter": "TJ Wells",
              "bowler": "MW Parkinson",
              "non_striker": "EJH Eckersley",
              "runs": {
                "batter": 0,
                "extras": 0,
                "total": 0
              }
            },
            {
              "batter": "TJ Wells",
              "bowler": "MW Parkinson",
              "non_striker": "EJH Eckersley",
              "runs": {
                "batter": 1,
                "extras": 0,
                "total": 1
              }
            },
            {
              "batter": "EJH Eckersley",
              "bowler": "MW Parkinson",
              "non_striker": "TJ Wells",
              "runs": {
                "batter": 0,
                "extras": 0,
                "total": 0
              }
            },
            {
              "batter": "EJH Eckersley",
              "bowler": "MW Parkinson",
              "non_striker": "TJ Wells",
              "runs": {
                "batter": 1,
                "extras": 0,
                "total": 1
              }
            },
            {
              "batter": "TJ Wells",
              "bowler": "MW Parkinson",
              "non_striker": "EJH Eckersley",
              "runs": {
                "batter": 1,
                "extras": 0,
                "total": 1
              }
            },
            {
              "batter": "EJH Eckersley",
              "bowler": "MW Parkinson",
              "non_striker": "TJ Wells",
              "runs": {
                "batter": 1,
                "extras": 0,
                "total": 1
              }
            }
          ]
        },
        {
          "over": 15,
          "deliveries": [
            {
              "batter": "EJH Eckersley",
              "bowler": "AM Lilley",
              "non_striker": "TJ Wells",
              "runs": {
                "batter": 1,
                "extras": 0,
                "total": 1
              }
            },
            {
              "batter": "TJ Wells",
              "bowler": "AM Lilley",
              "non_striker": "EJH Eckersley",
              "runs": {
                "batter": 1,
                "extras": 0,
                "total": 1
              }
            },
            {
              "batter": "EJH Eckersley",
              "bowler": "AM Lilley",
              "non_striker": "TJ Wells",
              "runs": {
                "batter": 1,
                "extras": 0,
                "total": 1
              }
            },
            {
              "batter": "TJ Wells",
              "bowler": "AM Lilley",
              "non_striker": "EJH Eckersley",
              "runs": {
                "batter": 2,
                "extras": 0,
                "total": 2
              }
            },
            {
              "batter": "TJ Wells",
              "bowler": "AM Lilley",
              "non_striker": "EJH Eckersley",
              "runs": {
                "batter": 1,
                "extras": 0,
                "total": 1
              }
            },
            {
              "batter": "EJH Eckersley",
              "bowler": "AM Lilley",
              "extras": {
                "byes": 1
              },
              "non_striker": "TJ Wells",
              "runs": {
                "batter": 0,
                "extras": 1,
                "total": 1
              }
            }
          ]
        },
        {
          "over": 16,
          "deliveries": [
            {
              "batter": "EJH Eckersley",
              "bowler": "JP Faulkner",
              "non_striker": "TJ Wells",
              "runs": {
                "batter": 1,
                "extras": 0,
                "total": 1
              }
            },
            {
              "batter": "TJ Wells",
              "bowler": "JP Faulkner",
              "non_striker": "EJH Eckersley",
              "runs": {
                "batter": 0,
                "extras": 0,
                "total": 0
              }
            },
            {
              "batter": "TJ Wells",
              "bowler": "JP Faulkner",
              "non_striker": "EJH Eckersley",
              "runs": {
                "batter": 1,
                "extras": 0,
                "total": 1
              }
            },
            {
              "batter": "EJH Eckersley",
              "bowler": "JP Faulkner",
              "non_striker": "TJ Wells",
              "runs": {
                "batter": 1,
                "extras": 0,
                "total": 1
              }
            },
            {
              "batter": "TJ Wells",
              "bowler": "JP Faulkner",
              "non_striker": "EJH Eckersley",
              "runs": {
                "batter": 1,
                "extras": 0,
                "total": 1
              }
            },
            {
              "batter": "EJH Eckersley",
              "bowler": "JP Faulkner",
              "non_striker": "TJ Wells",
              "runs": {
                "batter": 4,
                "extras": 0,
                "total": 4
              }
            }
          ]
        },
        {
          "over": 17,
          "deliveries": [
            {
              "batter": "TJ Wells",
              "bowler": "AM Lilley",
              "non_striker": "EJH Eckersley",
              "runs": {
                "batter": 1,
                "extras": 0,
                "total": 1
              }
            },
            {
              "batter": "EJH Eckersley",
              "bowler": "AM Lilley",
              "non_striker": "TJ Wells",
              "runs": {
                "batter": 1,
                "extras": 0,
                "total": 1
              }
            },
            {
              "batter": "TJ Wells",
              "bowler": "AM Lilley",
              "non_striker": "EJH Eckersley",
              "runs": {
                "batter": 0,
                "extras": 0,
                "total": 0
              }
            },
            {
              "batter": "TJ Wells",
              "bowler": "AM Lilley",
              "non_striker": "EJH Eckersley",
              "runs": {
                "batter": 0,
                "extras": 0,
                "total": 0
              },
              "wickets": [
                {
                  "player_out": "TJ Wells",
                  "kind": "bowled"
                }
              ]
            },
            {
              "batter": "ZJ Chappell",
              "bowler": "AM Lilley",
              "non_striker": "EJH Eckersley",
              "runs": {
                "batter": 4,
                "extras": 0,
                "total": 4
              }
            },
            {
              "batter": "ZJ Chappell",
              "bowler": "AM Lilley",
              "non_striker": "EJH Eckersley",
              "runs": {
                "batter": 6,
                "extras": 0,
                "total": 6
              }
            }
          ]
        },
        {
          "over": 18,
          "deliveries": [
            {
              "batter": "EJH Eckersley",
              "bowler": "JP Faulkner",
              "extras": {
                "legbyes": 1
              },
              "non_striker": "ZJ Chappell",
              "runs": {
                "batter": 0,
                "extras": 1,
                "total": 1
              }
            },
            {
              "batter": "ZJ Chappell",
              "bowler": "JP Faulkner",
              "non_striker": "EJH Eckersley",
              "runs": {
                "batter": 2,
                "extras": 0,
                "total": 2
              }
            },
            {
              "batter": "ZJ Chappell",
              "bowler": "JP Faulkner",
              "non_striker": "EJH Eckersley",
              "runs": {
                "batter": 1,
                "extras": 0,
                "total": 1
              }
            },
            {
              "batter": "EJH Eckersley",
              "bowler": "JP Faulkner",
              "non_striker": "ZJ Chappell",
              "runs": {
                "batter": 0,
                "extras": 0,
                "total": 0
              },
              "wickets": [
                {
                  "player_out": "EJH Eckersley",
                  "kind": "bowled"
                }
              ]
            },
            {
              "batter": "CF Parkinson",
              "bowler": "JP Faulkner",
              "non_striker": "ZJ Chappell",
              "runs": {
                "batter": 1,
                "extras": 0,
                "total": 1
              }
            },
            {
              "batter": "ZJ Chappell",
              "bowler": "JP Faulkner",
              "non_striker": "CF Parkinson",
              "runs": {
                "batter": 1,
                "extras": 0,
                "total": 1
              }
            }
          ]
        },
        {
          "over": 19,
          "deliveries": [
            {
              "batter": "ZJ Chappell",
              "bowler": "TJ Lester",
              "non_striker": "CF Parkinson",
              "runs": {
                "batter": 1,
                "extras": 0,
                "total": 1
              }
            },
            {
              "batter": "CF Parkinson",
              "bowler": "TJ Lester",
              "non_striker": "ZJ Chappell",
              "runs": {
                "batter": 0,
                "extras": 0,
                "total": 0
              },
              "wickets": [
                {
                  "player_out": "CF Parkinson",
                  "fielders": [
                    {
                      "name": "LS Livingstone"
                    }
                  ],
                  "kind": "caught"
                }
              ]
            },
            {
              "batter": "ZJ Chappell",
              "bowler": "TJ Lester",
              "non_striker": "Mohammad Abbas",
              "runs": {
                "batter": 1,
                "extras": 0,
                "total": 1
              }
            },
            {
              "batter": "Mohammad Abbas",
              "bowler": "TJ Lester",
              "non_striker": "ZJ Chappell",
              "runs": {
                "batter": 0,
                "extras": 0,
                "total": 0
              },
              "wickets": [
                {
                  "player_out": "ZJ Chappell",
                  "kind": "run out"
                }
              ]
            }
          ]
        }
      ],
      "powerplays": [
        {
          "from": 0.1,
          "to": 5.8,
          "type": "mandatory"
        }
      ]
    },
    {
      "team": "Lancashire",
      "overs": [
        {
          "over": 0,
          "deliveries": [
            {
              "batter": "AL Davies",
              "bowler": "Mohammad Abbas",
              "non_striker": "LS Livingstone",
              "runs": {
                "batter": 0,
                "extras": 0,
                "total": 0
              }
            },
            {
              "batter": "AL Davies",
              "bowler": "Mohammad Abbas",
              "non_striker": "LS Livingstone",
              "runs": {
                "batter": 0,
                "extras": 0,
                "total": 0
              }
            },
            {
              "batter": "AL Davies",
              "bowler": "Mohammad Abbas",
              "extras": {
                "legbyes": 1
              },
              "non_striker": "LS Livingstone",
              "runs": {
                "batter": 0,
                "extras": 1,
                "total": 1
              }
            },
            {
              "batter": "LS Livingstone",
              "bowler": "Mohammad Abbas",
              "non_striker": "AL Davies",
              "runs": {
                "batter": 4,
                "extras": 0,
                "total": 4
              }
            },
            {
              "batter": "LS Livingstone",
              "bowler": "Mohammad Abbas",
              "non_striker": "AL Davies",
              "runs": {
                "batter": 4,
                "extras": 0,
                "total": 4
              }
            },
            {
              "batter": "LS Livingstone",
              "bowler": "Mohammad Abbas",
              "non_striker": "AL Davies",
              "runs": {
                "batter": 4,
                "extras": 0,
                "total": 4
              }
            }
          ]
        },
        {
          "over": 1,
          "deliveries": [
            {
              "batter": "AL Davies",
              "bowler": "Mohammad Nabi",
              "non_striker": "LS Livingstone",
              "runs": {
                "batter": 0,
                "extras": 0,
                "total": 0
              }
            },
            {
              "batter": "AL Davies",
              "bowler": "Mohammad Nabi",
              "non_striker": "LS Livingstone",
              "runs": {
                "batter": 1,
                "extras": 0,
                "total": 1
              }
            },
            {
              "batter": "LS Livingstone",
              "bowler": "Mohammad Nabi",
              "non_striker": "AL Davies",
              "runs": {
                "batter": 1,
                "extras": 0,
                "total": 1
              }
            },
            {
              "batter": "AL Davies",
              "bowler": "Mohammad Nabi",
              "non_striker": "LS Livingstone",
              "runs": {
                "batter": 0,
                "extras": 0,
                "total": 0
              }
            },
            {
              "batter": "AL Davies",
              "bowler": "Mohammad Nabi",
              "non_striker": "LS Livingstone",
              "runs": {
                "batter": 6,
                "extras": 0,
                "total": 6
              }
            },
            {
              "batter": "AL Davies",
              "bowler": "Mohammad Nabi",
              "non_striker": "LS Livingstone",
              "runs": {
                "batter": 4,
                "extras": 0,
                "total": 4
              }
            }
          ]
        },
        {
          "over": 2,
          "deliveries": [
            {
              "batter": "LS Livingstone",
              "bowler": "ZJ Chappell",
              "non_striker": "AL Davies",
              "runs": {
                "batter": 4,
                "extras": 0,
                "total": 4
              }
            },
            {
              "batter": "LS Livingstone",
              "bowler": "ZJ Chappell",
              "non_striker": "AL Davies",
              "runs": {
                "batter": 4,
                "extras": 0,
                "total": 4
              }
            },
            {
              "batter": "LS Livingstone",
              "bowler": "ZJ Chappell",
              "non_striker": "AL Davies",
              "runs": {
                "batter": 4,
                "extras": 0,
                "total": 4
              }
            },
            {
              "batter": "LS Livingstone",
              "bowler": "ZJ Chappell",
              "non_striker": "AL Davies",
              "runs": {
                "batter": 1,
                "extras": 0,
                "total": 1
              }
            },
            {
              "batter": "AL Davies",
              "bowler": "ZJ Chappell",
              "non_striker": "LS Livingstone",
              "runs": {
                "batter": 2,
                "extras": 0,
                "total": 2
              }
            },
            {
              "batter": "AL Davies",
              "bowler": "ZJ Chappell",
              "non_striker": "LS Livingstone",
              "runs": {
                "batter": 0,
                "extras": 0,
                "total": 0
              }
            }
          ]
        },
        {
          "over": 3,
          "deliveries": [
            {
              "batter": "LS Livingstone",
              "bowler": "BA Raine",
              "non_striker": "AL Davies",
              "runs": {
                "batter": 0,
                "extras": 0,
                "total": 0
              }
            },
            {
              "batter": "LS Livingstone",
              "bowler": "BA Raine",
              "non_striker": "AL Davies",
              "runs": {
                "batter": 2,
                "extras": 0,
                "total": 2
              }
            },
            {
              "batter": "LS Livingstone",
              "bowler": "BA Raine",
              "non_striker": "AL Davies",
              "runs": {
                "batter": 0,
                "extras": 0,
                "total": 0
              },
              "wickets": [
                {
                  "player_out": "LS Livingstone",
                  "fielders": [
                    {
                      "name": "Mohammad Nabi"
                    }
                  ],
                  "kind": "caught"
                }
              ]
            },
            {
              "batter": "AM Lilley",
              "bowler": "BA Raine",
              "non_striker": "AL Davies",
              "runs": {
                "batter": 4,
                "extras": 0,
                "total": 4
              }
            },
            {
              "batter": "AM Lilley",
              "bowler": "BA Raine",
              "non_striker": "AL Davies",
              "runs": {
                "batter": 1,
                "extras": 0,
                "total": 1
              }
            },
            {
              "batter": "AL Davies",
              "bowler": "BA Raine",
              "non_striker": "AM Lilley",
              "runs": {
                "batter": 1,
                "extras": 0,
                "total": 1
              }
            }
          ]
        },
        {
          "over": 4,
          "deliveries": [
            {
              "batter": "AL Davies",
              "bowler": "Mohammad Abbas",
              "non_striker": "AM Lilley",
              "runs": {
                "batter": 4,
                "extras": 0,
                "total": 4
              }
            },
            {
              "batter": "AL Davies",
              "bowler": "Mohammad Abbas",
              "non_striker": "AM Lilley",
              "runs": {
                "batter": 0,
                "extras": 0,
                "total": 0
              }
            },
            {
              "batter": "AL Davies",
              "bowler": "Mohammad Abbas",
              "non_striker": "AM Lilley",
              "runs": {
                "batter": 1,
                "extras": 0,
                "total": 1
              }
            },
            {
              "batter": "AM Lilley",
              "bowler": "Mohammad Abbas",
              "non_striker": "AL Davies",
              "runs": {
                "batter": 0,
                "extras": 0,
                "total": 0
              }
            },
            {
              "batter": "AM Lilley",
              "bowler": "Mohammad Abbas",
              "non_striker": "AL Davies",
              "runs": {
                "batter": 4,
                "extras": 0,
                "total": 4
              }
            },
            {
              "batter": "AM Lilley",
              "bowler": "Mohammad Abbas",
              "non_striker": "AL Davies",
              "runs": {
                "batter": 6,
                "extras": 0,
                "total": 6
              }
            }
          ]
        },
        {
          "over": 5,
          "deliveries": [
            {
              "batter": "AL Davies",
              "bowler": "BA Raine",
              "non_striker": "AM Lilley",
              "runs": {
                "batter": 0,
                "extras": 0,
                "total": 0
              }
            },
            {
              "batter": "AL Davies",
              "bowler": "BA Raine",
              "non_striker": "AM Lilley",
              "runs": {
                "batter": 1,
                "extras": 0,
                "total": 1
              }
            },
            {
              "batter": "AM Lilley",
              "bowler": "BA Raine",
              "non_striker": "AL Davies",
              "runs": {
                "batter": 0,
                "extras": 0,
                "total": 0
              }
            },
            {
              "batter": "AM Lilley",
              "bowler": "BA Raine",
              "non_striker": "AL Davies",
              "runs": {
                "batter": 1,
                "extras": 0,
                "total": 1
              }
            },
            {
              "batter": "AL Davies",
              "bowler": "BA Raine",
              "non_striker": "AM Lilley",
              "runs": {
                "batter": 2,
                "extras": 0,
                "total": 2
              }
            },
            {
              "batter": "AL Davies",
              "bowler": "BA Raine",
              "non_striker": "AM Lilley",
              "runs": {
                "batter": 1,
                "extras": 0,
                "total": 1
              }
            }
          ]
        },
        {
          "over": 6,
          "deliveries": [
            {
              "batter": "AL Davies",
              "bowler": "Mohammad Nabi",
              "non_striker": "AM Lilley",
              "runs": {
                "batter": 1,
                "extras": 0,
                "total": 1
              }
            },
            {
              "batter": "AM Lilley",
              "bowler": "Mohammad Nabi",
              "non_striker": "AL Davies",
              "runs": {
                "batter": 0,
                "extras": 0,
                "total": 0
              }
            },
            {
              "batter": "AM Lilley",
              "bowler": "Mohammad Nabi",
              "non_striker": "AL Davies",
              "runs": {
                "batter": 1,
                "extras": 0,
                "total": 1
              }
            },
            {
              "batter": "AL Davies",
              "bowler": "Mohammad Nabi",
              "non_striker": "AM Lilley",
              "runs": {
                "batter": 1,
                "extras": 0,
                "total": 1
              }
            },
            {
              "batter": "AM Lilley",
              "bowler": "Mohammad Nabi",
              "non_striker": "AL Davies",
              "runs": {
                "batter": 1,
                "extras": 0,
                "total": 1
              }
            },
            {
              "batter": "AL Davies",
              "bowler": "Mohammad Nabi",
              "non_striker": "AM Lilley",
              "runs": {
                "batter": 1,
                "extras": 0,
                "total": 1
              }
            }
          ]
        },
        {
          "over": 7,
          "deliveries": [
            {
              "batter": "AL Davies",
              "bowler": "CF Parkinson",
              "non_striker": "AM Lilley",
              "runs": {
                "batter": 1,
                "extras": 0,
                "total": 1
              }
            },
            {
              "batter": "AM Lilley",
              "bowler": "CF Parkinson",
              "non_striker": "AL Davies",
              "runs": {
                "batter": 1,
                "extras": 0,
                "total": 1
              }
            },
            {
              "batter": "AL Davies",
              "bowler": "CF Parkinson",
              "non_striker": "AM Lilley",
              "runs": {
                "batter": 1,
                "extras": 0,
                "total": 1
              }
            },
            {
              "batter": "AM Lilley",
              "bowler": "CF Parkinson",
              "non_striker": "AL Davies",
              "runs": {
                "batter": 0,
                "extras": 0,
                "total": 0
              },
              "wickets": [
                {
                  "player_out": "AM Lilley",
                  "fielders": [
                    {
                      "name": "NJ Dexter"
                    }
                  ],
                  "kind": "caught"
                }
              ]
            },
            {
              "batter": "AL Davies",
              "bowler": "CF Parkinson",
              "non_striker": "KK Jennings",
              "runs": {
                "batter": 1,
                "extras": 0,
                "total": 1
              }
            },
            {
              "batter": "KK Jennings",
              "bowler": "CF Parkinson",
              "non_striker": "AL Davies",
              "runs": {
                "batter": 1,
                "extras": 0,
                "total": 1
              }
            }
          ]
        },
        {
          "over": 8,
          "deliveries": [
            {
              "batter": "KK Jennings",
              "bowler": "Mohammad Nabi",
              "extras": {
                "wides": 5
              },
              "non_striker": "AL Davies",
              "runs": {
                "batter": 0,
                "extras": 5,
                "total": 5
              }
            },
            {
              "batter": "KK Jennings",
              "bowler": "Mohammad Nabi",
              "non_striker": "AL Davies",
              "runs": {
                "batter": 0,
                "extras": 0,
                "total": 0
              }
            },
            {
              "batter": "KK Jennings",
              "bowler": "Mohammad Nabi",
              "non_striker": "AL Davies",
              "runs": {
                "batter": 4,
                "extras": 0,
                "total": 4
              }
            },
            {
              "batter": "KK Jennings",
              "bowler": "Mohammad Nabi",
              "non_striker": "AL Davies",
              "runs": {
                "batter": 0,
                "extras": 0,
                "total": 0
              }
            },
            {
              "batter": "KK Jennings",
              "bowler": "Mohammad Nabi",
              "non_striker": "AL Davies",
              "runs": {
                "batter": 1,
                "extras": 0,
                "total": 1
              }
            },
            {
              "batter": "AL Davies",
              "bowler": "Mohammad Nabi",
              "non_striker": "KK Jennings",
              "runs": {
                "batter": 1,
                "extras": 0,
                "total": 1
              }
            },
            {
              "batter": "KK Jennings",
              "bowler": "Mohammad Nabi",
              "non_striker": "AL Davies",
              "runs": {
                "batter": 1,
                "extras": 0,
                "total": 1
              }
            }
          ]
        },
        {
          "over": 9,
          "deliveries": [
            {
              "batter": "KK Jennings",
              "bowler": "CF Parkinson",
              "non_striker": "AL Davies",
              "runs": {
                "batter": 4,
                "extras": 0,
                "total": 4
              }
            },
            {
              "batter": "KK Jennings",
              "bowler": "CF Parkinson",
              "non_striker": "AL Davies",
              "runs": {
                "batter": 0,
                "extras": 0,
                "total": 0
              }
            },
            {
              "batter": "KK Jennings",
              "bowler": "CF Parkinson",
              "non_striker": "AL Davies",
              "runs": {
                "batter": 1,
                "extras": 0,
                "total": 1
              }
            },
            {
              "batter": "AL Davies",
              "bowler": "CF Parkinson",
              "non_striker": "KK Jennings",
              "runs": {
                "batter": 4,
                "extras": 0,
                "total": 4
              }
            },
            {
              "batter": "AL Davies",
              "bowler": "CF Parkinson",
              "non_striker": "KK Jennings",
              "runs": {
                "batter": 0,
                "extras": 0,
                "total": 0
              }
            },
            {
              "batter": "AL Davies",
              "bowler": "CF Parkinson",
              "non_striker": "KK Jennings",
              "runs": {
                "batter": 0,
                "extras": 0,
                "total": 0
              }
            }
          ]
        },
        {
          "over": 10,
          "deliveries": [
            {
              "batter": "KK Jennings",
              "bowler": "ZJ Chappell",
              "non_striker": "AL Davies",
              "runs": {
                "batter": 4,
                "extras": 0,
                "total": 4
              }
            },
            {
              "batter": "KK Jennings",
              "bowler": "ZJ Chappell",
              "non_striker": "AL Davies",
              "runs": {
                "batter": 1,
                "extras": 0,
                "total": 1
              }
            },
            {
              "batter": "AL Davies",
              "bowler": "ZJ Chappell",
              "non_striker": "KK Jennings",
              "runs": {
                "batter": 1,
                "extras": 0,
                "total": 1
              }
            },
            {
              "batter": "KK Jennings",
              "bowler": "ZJ Chappell",
              "non_striker": "AL Davies",
              "runs": {
                "batter": 6,
                "extras": 0,
                "total": 6
              }
            },
            {
              "batter": "KK Jennings",
              "bowler": "ZJ Chappell",
              "non_striker": "AL Davies",
              "runs": {
                "batter": 0,
                "extras": 0,
                "total": 0
              }
            },
            {
              "batter": "KK Jennings",
              "bowler": "ZJ Chappell",
              "non_striker": "AL Davies",
              "runs": {
                "batter": 0,
                "extras": 0,
                "total": 0
              }
            }
          ]
        },
        {
          "over": 11,
          "deliveries": [
            {
              "batter": "AL Davies",
              "bowler": "CF Parkinson",
              "non_striker": "KK Jennings",
              "runs": {
                "batter": 4,
                "extras": 0,
                "total": 4
              }
            },
            {
              "batter": "AL Davies",
              "bowler": "CF Parkinson",
              "non_striker": "KK Jennings",
              "runs": {
                "batter": 1,
                "extras": 0,
                "total": 1
              }
            },
            {
              "batter": "KK Jennings",
              "bowler": "CF Parkinson",
              "non_striker": "AL Davies",
              "runs": {
                "batter": 1,
                "extras": 0,
                "total": 1
              }
            },
            {
              "batter": "AL Davies",
              "bowler": "CF Parkinson",
              "non_striker": "KK Jennings",
              "runs": {
                "batter": 1,
                "extras": 0,
                "total": 1
              }
            },
            {
              "batter": "KK Jennings",
              "bowler": "CF Parkinson",
              "non_striker": "AL Davies",
              "runs": {
                "batter": 1,
                "extras": 0,
                "total": 1
              }
            },
            {
              "batter": "AL Davies",
              "bowler": "CF Parkinson",
              "non_striker": "KK Jennings",
              "runs": {
                "batter": 1,
                "extras": 0,
                "total": 1
              }
            }
          ]
        },
        {
          "over": 12,
          "deliveries": [
            {
              "batter": "AL Davies",
              "bowler": "BA Raine",
              "non_striker": "KK Jennings",
              "runs": {
                "batter": 1,
                "extras": 0,
                "total": 1
              }
            },
            {
              "batter": "KK Jennings",
              "bowler": "BA Raine",
              "non_striker": "AL Davies",
              "runs": {
                "batter": 1,
                "extras": 0,
                "total": 1
              }
            },
            {
              "batter": "AL Davies",
              "bowler": "BA Raine",
              "non_striker": "KK Jennings",
              "runs": {
                "batter": 0,
                "extras": 0,
                "total": 0
              }
            },
            {
              "batter": "AL Davies",
              "bowler": "BA Raine",
              "extras": {
                "noballs": 2
              },
              "non_striker": "KK Jennings",
              "runs": {
                "batter": 0,
                "extras": 2,
                "total": 2
              }
            },
            {
              "batter": "AL Davies",
              "bowler": "BA Raine",
              "non_striker": "KK Jennings",
              "runs": {
                "batter": 0,
                "extras": 0,
                "total": 0
              }
            },
            {
              "batter": "AL Davies",
              "bowler": "BA Raine",
              "non_striker": "KK Jennings",
              "runs": {
                "batter": 0,
                "extras": 0,
                "total": 0
              }
            },
            {
              "batter": "AL Davies",
              "bowler": "BA Raine",
              "non_striker": "KK Jennings",
              "runs": {
                "batter": 0,
                "extras": 0,
                "total": 0
              }
            }
          ]
        },
        {
          "over": 13,
          "deliveries": [
            {
              "batter": "KK Jennings",
              "bowler": "Mohammad Nabi",
              "non_striker": "AL Davies",
              "runs": {
                "batter": 1,
                "extras": 0,
                "total": 1
              }
            },
            {
              "batter": "AL Davies",
              "bowler": "Mohammad Nabi",
              "non_striker": "KK Jennings",
              "runs": {
                "batter": 0,
                "extras": 0,
                "total": 0
              }
            },
            {
              "batter": "AL Davies",
              "bowler": "Mohammad Nabi",
              "non_striker": "KK Jennings",
              "runs": {
                "batter": 1,
                "extras": 0,
                "total": 1
              }
            },
            {
              "batter": "KK Jennings",
              "bowler": "Mohammad Nabi",
              "non_striker": "AL Davies",
              "runs": {
                "batter": 0,
                "extras": 0,
                "total": 0
              }
            },
            {
              "batter": "KK Jennings",
              "bowler": "Mohammad Nabi",
              "non_striker": "AL Davies",
              "runs": {
                "batter": 1,
                "extras": 0,
                "total": 1
              }
            },
            {
              "batter": "AL Davies",
              "bowler": "Mohammad Nabi",
              "non_striker": "KK Jennings",
              "runs": {
                "batter": 0,
                "extras": 0,
                "total": 0
              }
            }
          ]
        },
        {
          "over": 14,
          "deliveries": [
            {
              "batter": "KK Jennings",
              "bowler": "BA Raine",
              "non_striker": "AL Davies",
              "runs": {
                "batter": 1,
                "extras": 0,
                "total": 1
              }
            },
            {
              "batter": "AL Davies",
              "bowler": "BA Raine",
              "extras": {
                "legbyes": 1
              },
              "non_striker": "KK Jennings",
              "runs": {
                "batter": 0,
                "extras": 1,
                "total": 1
              }
            },
            {
              "batter": "KK Jennings",
              "bowler": "BA Raine",
              "non_striker": "AL Davies",
              "runs": {
                "batter": 0,
                "extras": 0,
                "total": 0
              }
            },
            {
              "batter": "KK Jennings",
              "bowler": "BA Raine",
              "non_striker": "AL Davies",
              "runs": {
                "batter": 1,
                "extras": 0,
                "total": 1
              }
            },
            {
              "batter": "AL Davies",
              "bowler": "BA Raine",
              "non_striker": "KK Jennings",
              "runs": {
                "batter": 1,
                "extras": 0,
                "total": 1
              }
            },
            {
              "batter": "KK Jennings",
              "bowler": "BA Raine",
              "extras": {
                "wides": 1
              },
              "non_striker": "AL Davies",
              "runs": {
                "batter": 0,
                "extras": 1,
                "total": 1
              }
            },
            {
              "batter": "KK Jennings",
              "bowler": "BA Raine",
              "non_striker": "AL Davies",
              "runs": {
                "batter": 2,
                "extras": 0,
                "total": 2
              }
            }
          ]
        },
        {
          "over": 15,
          "deliveries": [
            {
              "batter": "AL Davies",
              "bowler": "CF Parkinson",
              "non_striker": "KK Jennings",
              "runs": {
                "batter": 1,
                "extras": 0,
                "total": 1
              }
            },
            {
              "batter": "KK Jennings",
              "bowler": "CF Parkinson",
              "non_striker": "AL Davies",
              "runs": {
                "batter": 1,
                "extras": 0,
                "total": 1
              }
            },
            {
              "batter": "AL Davies",
              "bowler": "CF Parkinson",
              "non_striker": "KK Jennings",
              "runs": {
                "batter": 1,
                "extras": 0,
                "total": 1
              }
            },
            {
              "batter": "KK Jennings",
              "bowler": "CF Parkinson",
              "non_striker": "AL Davies",
              "runs": {
                "batter": 3,
                "extras": 0,
                "total": 3
              }
            },
            {
              "batter": "AL Davies",
              "bowler": "CF Parkinson",
              "non_striker": "KK Jennings",
              "runs": {
                "batter": 0,
                "extras": 0,
                "total": 0
              }
            },
            {
              "batter": "AL Davies",
              "bowler": "CF Parkinson",
              "non_striker": "KK Jennings",
              "runs": {
                "batter": 0,
                "extras": 0,
                "total": 0
              }
            }
          ]
        },
        {
          "over": 16,
          "deliveries": [
            {
              "batter": "KK Jennings",
              "bowler": "ZJ Chappell",
              "extras": {
                "wides": 1
              },
              "non_striker": "AL Davies",
              "runs": {
                "batter": 0,
                "extras": 1,
                "total": 1
              }
            },
            {
              "batter": "KK Jennings",
              "bowler": "ZJ Chappell",
              "non_striker": "AL Davies",
              "runs": {
                "batter": 0,
                "extras": 0,
                "total": 0
              }
            },
            {
              "batter": "KK Jennings",
              "bowler": "ZJ Chappell",
              "non_striker": "AL Davies",
              "runs": {
                "batter": 1,
                "extras": 0,
                "total": 1
              }
            },
            {
              "batter": "AL Davies",
              "bowler": "ZJ Chappell",
              "non_striker": "KK Jennings",
              "runs": {
                "batter": 0,
                "extras": 0,
                "total": 0
              }
            },
            {
              "batter": "AL Davies",
              "bowler": "ZJ Chappell",
              "non_striker": "KK Jennings",
              "runs": {
                "batter": 4,
                "extras": 0,
                "total": 4
              }
            }
          ]
        }
      ],
      "powerplays": [
        {
          "from": 0.1,
          "to": 5.6,
          "type": "mandatory"
        }
      ],
      "target": {
        "overs": 20,
        "runs": 143
      }
    }
  ]
}