{
  "meta": {
    "data_version": "1.0.0",
    "created": "2020-06-22",
    "revision": 1
  },
  "info": {
    "balls_per_over": 6,
    "city": "Canterbury",
    "dates": [
      "2018-08-02"
    ],
    "event": {
      "name": "Vitality Blast",
      "group": "South"
    },
    "gender": "male",
    "match_type": "T20",
    "officials": {
      "tv_umpires": [
        "IJ Gould"
      ],
      "umpires": [
        "M Burns",
        "RJ Bailey"
      ]
    },
    "outcome": {
      "winner": "Kent",
      "by": {
        "runs": 28
      }
    },
    "overs": 20,
    "player_of_match": [
      "SW Billings"
    ],
    "players": {
      "Kent": [
        "JL Denly",
        "DJ Bell-Drummond",
        "HG Kuhn",
        "SW Billings",
        "MP Stoinis",
        "AJ Blake",
        "SR Dickson",
        "CJ Haggett",
        "AF Milne",
        "Imran Qayyum",
        "IAA Thomas"
      ],
      "Essex": [
        "AJA Wheater",
        "V Chopra",
        "PI Walter",
        "RN ten Doeschate",
        "RS Bopara",
        "DW Lawrence",
        "SR Harmer",
        "MT Coles",
        "PM Siddle",
        "A Zampa",
        "JA Porter"
      ]
    },
    "registry": {
      "people": {
        "A Zampa": "14f96089",
        "AF Milne": "350bb1b1",
        "AJ Blake": "ea27a674",
        "AJA Wheater": "71647ced",
        "CJ Haggett": "9395f98e",
        "DJ Bell-Drummond": "8f938a32",
        "DW Lawrence": "4b685e2d",
        "HG Kuhn": "ede05b97",
        "IAA Thomas": "d66edc9a",
        "IJ Gould": "a9dfdf6c",
        "Imran Qayyum": "e5652e3d",
        "JA Porter": "5b6d248a",
        "JL Denly": "bdadf7da",
        "M Burns": "b3bd0666",
        "MP Stoinis": "d9273ee7",
        "MT Coles": "e9d5218e",
        "PI Walter": "57590dbb",
        "PM Siddle": "bd93fea4",
        "RJ Bailey": "6bd04fa5",
        "RN ten Doeschate": "4ec07775",
        "RS Bopara": "7ca5e05d",
        "SR Dickson": "2344bdd1",
        "SR Harmer": "23638956",
        "SW Billings": "c16d4035",
        "V Chopra": "54745c20"
      }
    },
    "season": "2018",
    "team_type": "club",
    "teams": [
      "Kent",
      "Essex"
    ],
    "toss": {
      "decision": "bat",
      "winner": "Kent"
    },
    "venue": "St Lawrence Ground"
  },
  "innings": [
    {
      "team": "Kent",
      "overs": [
        {
          "over": 0,
          "deliveries": [
            {
              "batter": "JL Denly",
              "bowler": "JA Porter",
              "non_striker": "DJ Bell-Drummond",
              "runs": {
                "batter": 0,
                "extras": 0,
                "total": 0
              }
            },
            {
              "batter": "JL Denly",
              "bowler": "JA Porter",
              "non_striker": "DJ Bell-Drummond",
              "runs": {
                "batter": 0,
                "extras": 0,
                "total": 0
              }
            },
            {
              "batter": "JL Denly",
              "bowler": "JA Porter",
              "non_striker": "DJ Bell-Drummond",
              "runs": {
                "batter": 0,
                "extras": 0,
                "total": 0
              }
            },
            {
              "batter": "JL Denly",
              "bowler": "JA Porter",
              "non_striker": "DJ Bell-Drummond",
              "runs": {
                "batter": 0,
                "extras": 0,
                "total": 0
              }
            },
            {
              "batter": "JL Denly",
              "bowler": "JA Porter",
              "non_striker": "DJ Bell-Drummond",
              "runs": {
                "batter": 4,
                "extras": 0,
                "total": 4
              }
            },
            {
              "batter": "JL Denly",
              "bowler": "JA Porter",
              "non_striker": "DJ Bell-Drummond",
              "runs": {
                "batter": 0,
                "extras": 0,
                "total": 0
              }
            }
          ]
        },
        {
          "over": 1,
          "deliveries": [
            {
              "batter": "DJ Bell-Drummond",
              "bowler": "PM Siddle",
              "non_striker": "JL Denly",
              "runs": {
                "batter": 0,
                "extras": 0,
                "total": 0
              }
            },
            {
              "batter": "DJ Bell-Drummond",
              "bowler": "PM Siddle",
              "extras": {
                "legbyes": 2
              },
              "non_striker": "JL Denly",
              "runs": {
                "batter": 0,
                "extras": 2,
                "total": 2
              }
            },
            {
              "batter": "DJ Bell-Drummond",
              "bowler": "PM Siddle",
              "non_striker": "JL Denly",
              "runs": {
                "batter": 0,
                "extras": 0,
                "total": 0
              }
            },
            {
              "batter": "DJ Bell-Drummond",
              "bowler": "PM Siddle",
              "non_striker": "JL Denly",
              "runs": {
                "batter": 1,
                "extras": 0,
                "total": 1
              }
            },
            {
              "batter": "JL Denly",
              "bowler": "PM Siddle",
              "non_striker": "DJ Bell-Drummond",
              "runs": {
                "batter": 0,
                "extras": 0,
                "total": 0
              }
            },
            {
              "batter": "JL Denly",
              "bowler": "PM Siddle",
              "non_striker": "DJ Bell-Drummond",
              "runs": {
                "batter": 6,
                "extras": 0,
                "total": 6
              }
            }
          ]
        },
        {
          "over": 2,
          "deliveries": [
            {
              "batter": "DJ Bell-Drummond",
              "bowler": "JA Porter",
              "non_striker": "JL Denly",
              "runs": {
                "batter": 1,
                "extras": 0,
                "total": 1
              }
            },
            {
              "batter": "JL Denly",
              "bowler": "JA Porter",
              "non_striker": "DJ Bell-Drummond",
              "runs": {
                "batter": 0,
                "extras": 0,
                "total": 0
              }
            },
            {
              "batter": "JL Denly",
              "bowler": "JA Porter",
              "non_striker": "DJ Bell-Drummond",
              "runs": {
                "batter": 2,
                "extras": 0,
                "total": 2
              }
            },
            {
              "batter": "JL Denly",
              "bowler": "JA Porter",
              "non_striker": "DJ Bell-Drummond",
              "runs": {
                "batter": 4,
                "extras": 0,
                "total": 4
              }
            },
            {
              "batter": "JL Denly",
              "bowler": "JA Porter",
              "extras": {
                "legbyes": 1
              },
              "non_striker": "DJ Bell-Drummond",
              "runs": {
                "batter": 0,
                "extras": 1,
                "total": 1
              }
            },
            {
              "batter": "DJ Bell-Drummond",
              "bowler": "JA Porter",
              "non_striker": "JL Denly",
              "runs": {
                "batter": 2,
                "extras": 0,
                "total": 2
              }
            }
          ]
        },
        {
          "over": 3,
          "deliveries": [
            {
              "batter": "JL Denly",
              "bowler": "MT Coles",
              "non_striker": "DJ Bell-Drummond",
              "runs": {
                "batter": 1,
                "extras": 0,
                "total": 1
              }
            },
            {
              "batter": "DJ Bell-Drummond",
              "bowler": "MT Coles",
              "non_striker": "JL Denly",
              "runs": {
                "batter": 4,
                "extras": 0,
                "total": 4
              }
            },
            {
              "batter": "DJ Bell-Drummond",
              "bowler": "MT Coles",
              "non_striker": "JL Denly",
              "runs": {
                "batter": 2,
                "extras": 0,
                "total": 2
              }
            },
            {
              "batter": "DJ Bell-Drummond",
              "bowler": "MT Coles",
              "non_striker": "JL Denly",
              "runs": {
                "batter": 4,
                "extras": 0,
                "total": 4
              }
            },
            {
              "batter": "DJ Bell-Drummond",
              "bowler": "MT Coles",
              "non_striker": "JL Denly",
              "runs": {
                "batter": 1,
                "extras": 0,
                "total": 1
              }
            },
            {
              "batter": "JL Denly",
              "bowler": "MT Coles",
              "non_striker": "DJ Bell-Drummond",
              "runs": {
                "batter": 3,
                "extras": 0,
                "total": 3
              }
            }
          ]
        },
        {
          "over": 4,
          "deliveries": [
            {
              "batter": "JL Denly",
              "bowler": "A Zampa",
              "non_striker": "DJ Bell-Drummond",
              "runs": {
                "batter": 0,
                "extras": 0,
                "total": 0
              }
            },
            {
              "batter": "JL Denly",
              "bowler": "A Zampa",
              "non_striker": "DJ Bell-Drummond",
              "runs": {
                "batter": 1,
                "extras": 0,
                "total": 1
              }
            },
            {
              "batter": "DJ Bell-Drummond",
              "bowler": "A Zampa",
              "non_striker": "JL Denly",
              "runs": {
                "batter": 4,
                "extras": 0,
                "total": 4
              }
            },
            {
              "batter": "DJ Bell-Drummond",
              "bowler": "A Zampa",
              "non_striker": "JL Denly",
              "runs": {
                "batter": 0,
                "extras": 0,
                "total": 0
              }
            },
            {
              "batter": "DJ Bell-Drummond",
              "bowler": "A Zampa",
              "non_striker": "JL Denly",
              "runs": {
                "batter": 0,
                "extras": 0,
                "total": 0
              },
              "wickets": [
                {
                  "player_out": "DJ Bell-Drummond",
                  "fielders": [
                    {
                      "name": "DW Lawrence"
                    }
                  ],
                  "kind": "caught"
                }
              ]
            },
            {
              "batter": "HG Kuhn",
              "bowler": "A Zampa",
              "non_striker": "JL Denly",
              "runs": {
                "batter": 1,
                "extras": 0,
                "total": 1
              }
            }
          ]
        },
        {
          "over": 5,
          "deliveries": [
            {
              "batter": "HG Kuhn",
              "bowler": "PM Siddle",
              "non_striker": "JL Denly",
              "runs": {
                "batter": 1,
                "extras": 0,
                "total": 1
              }
            },
            {
              "batter": "JL Denly",
              "bowler": "PM Siddle",
              "non_striker": "HG Kuhn",
              "runs": {
                "batter": 1,
                "extras": 0,
                "total": 1
              }
            },
            {
              "batter": "HG Kuhn",
              "bowler": "PM Siddle",
              "non_striker": "JL Denly",
              "runs": {
                "batter": 4,
                "extras": 0,
                "total": 4
              }
            },
            {
              "batter": "HG Kuhn",
              "bowler": "PM Siddle",
              "non_striker": "JL Denly",
              "runs": {
                "batter": 0,
                "extras": 0,
                "total": 0
              }
            },
            {
              "batter": "HG Kuhn",
              "bowler": "PM Siddle",
              "non_striker": "JL Denly",
              "runs": {
                "batter": 0,
                "extras": 0,
                "total": 0
              }
            },
            {
              "batter": "HG Kuhn",
              "bowler": "PM Siddle",
              "non_striker": "JL Denly",
              "runs": {
                "batter": 1,
                "extras": 0,
                "total": 1
              }
            }
          ]
        },
        {
          "over": 6,
          "deliveries": [
            {
              "batter": "HG Kuhn",
              "bowler": "RS Bopara",
              "non_striker": "JL Denly",
              "runs": {
                "batter": 2,
                "extras": 0,
                "total": 2
              }
            },
            {
              "batter": "HG Kuhn",
              "bowler": "RS Bopara",
              "non_striker": "JL Denly",
              "runs": {
                "batter": 6,
                "extras": 0,
                "total": 6
              }
            },
            {
              "batter": "HG Kuhn",
              "bowler": "RS Bopara",
              "non_striker": "JL Denly",
              "runs": {
                "batter": 6,
                "extras": 0,
                "total": 6
              }
            },
            {
              "batter": "HG Kuhn",
              "bowler": "RS Bopara",
              "non_striker": "JL Denly",
              "runs": {
                "batter": 2,
                "extras": 0,
                "total": 2
              }
            },
            {
              "batter": "HG Kuhn",
              "bowler": "RS Bopara",
              "non_striker": "JL Denly",
              "runs": {
                "batter": 1,
                "extras": 0,
                "total": 1
              }
            },
            {
              "batter": "JL Denly",
              "bowler": "RS Bopara",
              "extras": {
                "wides": 1
              },
              "non_striker": "HG Kuhn",
              "runs": {
                "batter": 0,
                "extras": 1,
                "total": 1
              }
            },
            {
              "batter": "JL Denly",
              "bowler": "RS Bopara",
              "non_striker": "HG Kuhn",
              "runs": {
                "batter": 0,
                "extras": 0,
                "total": 0
              }
            }
          ]
        },
        {
          "over": 7,
          "deliveries": [
            {
              "batter": "HG Kuhn",
              "bowler": "SR Harmer",
              "extras": {
                "wides": 1
              },
              "non_striker": "JL Denly",
              "runs": {
                "batter": 0,
                "extras": 1,
                "total": 1
              }
            },
            {
              "batter": "HG Kuhn",
              "bowler": "SR Harmer",
              "non_striker": "JL Denly",
              "runs": {
                "batter": 1,
                "extras": 0,
                "total": 1
              }
            },
            {
              "batter": "JL Denly",
              "bowler": "SR Harmer",
              "non_striker": "HG Kuhn",
              "runs": {
                "batter": 0,
                "extras": 0,
                "total": 0
              },
              "wickets": [
                {
                  "player_out": "JL Denly",
                  "fielders": [
                    {
                      "name": "PI Walter"
                    }
                  ],
                  "kind": "caught"
                }
              ]
            },
            {
              "batter": "HG Kuhn",
              "bowler": "SR Harmer",
              "non_striker": "SW Billings",
              "runs": {
                "batter": 1,
                "extras": 0,
                "total": 1
              }
            },
            {
              "batter": "SW Billings",
              "bowler": "SR Harmer",
              "non_striker": "HG Kuhn",
              "runs": {
                "batter": 1,
                "extras": 0,
                "total": 1
              }
            },
            {
              "batter": "HG Kuhn",
              "bowler": "SR Harmer",
              "extras": {
                "wides": 2
              },
              "non_striker": "SW Billings",
              "runs": {
                "batter": 0,
                "extras": 2,
                "total": 2
              }
            },
            {
              "batter": "SW Billings",
              "bowler": "SR Harmer",
              "non_striker": "HG Kuhn",
              "runs": {
                "batter": 0,
                "extras": 0,
                "total": 0
              }
            },
            {
              "batter": "SW Billings",
              "bowler": "SR Harmer",
              "extras": {
                "legbyes": 4
              },
              "non_striker": "HG Kuhn",
              "runs": {
                "batter": 0,
                "extras": 4,
                "total": 4
              }
            }
          ]
        },
        {
          "over": 8,
          "deliveries": [
            {
              "batter": "HG Kuhn",
              "bowler": "A Zampa",
              "non_striker": "SW Billings",
              "runs": {
                "batter": 0,
                "extras": 0,
                "total": 0
              },
              "wickets": [
                {
                  "player_out": "HG Kuhn",
                  "fielders": [
                    {
                      "name": "AJA Wheater"
                    }
                  ],
                  "kind": "caught"
                }
              ]
            },
            {
              "batter": "MP Stoinis",
              "bowler": "A Zampa",
              "non_striker": "SW Billings",
              "runs": {
                "batter": 0,
                "extras": 0,
                "total": 0
              }
            },
            {
              "batter": "MP Stoinis",
              "bowler": "A Zampa",
              "non_striker": "SW Billings",
              "runs": {
                "batter": 0,
                "extras": 0,
                "total": 0
              }
            },
            {
              "batter": "MP Stoinis",
              "bowler": "A Zampa",
              "non_striker": "SW Billings",
              "runs": {
                "batter": 1,
                "extras": 0,
                "total": 1
              }
            },
            {
              "batter": "SW Billings",
              "bowler": "A Zampa",
              "non_striker": "MP Stoinis",
              "runs": {
                "batter": 1,
                "extras": 0,
                "total": 1
              }
            },
            {
              "batter": "MP Stoinis",
              "bowler": "A Zampa",
              "non_striker": "SW Billings",
              "runs": {
                "batter": 1,
                "extras": 0,
                "total": 1
              }
            }
          ]
        },
        {
          "over": 9,
          "deliveries": [
            {
              "batter": "MP Stoinis",
              "bowler": "SR Harmer",
              "non_striker": "SW Billings",
              "runs": {
                "batter": 0,
                "extras": 0,
                "total": 0
              }
            },
            {
              "batter": "MP Stoinis",
              "bowler": "SR Harmer",
              "non_striker": "SW Billings",
              "runs": {
                "batter": 1,
                "extras": 0,
                "total": 1
              }
            },
            {
              "batter": "SW Billings",
              "bowler": "SR Harmer",
              "non_striker": "MP Stoinis",
              "runs": {
                "batter": 1,
                "extras": 0,
                "total": 1
              }
            },
            {
              "batter": "MP Stoinis",
              "bowler": "SR Harmer",
              "non_striker": "SW Billings",
              "runs": {
                "batter": 0,
                "extras": 0,
                "total": 0
              }
            },
            {
              "batter": "MP Stoinis",
              "bowler": "SR Harmer",
              "non_striker": "SW Billings",
              "runs": {
                "batter": 2,
                "extras": 0,
                "total": 2
              }
            },
            {
              "batter": "MP Stoinis",
              "bowler": "SR Harmer",
              "non_striker": "SW Billings",
              "runs": {
                "batter": 1,
                "extras": 0,
                "total": 1
              }
            }
          ]
        },
        {
          "over": 10,
          "deliveries": [
            {
              "batter": "MP Stoinis",
              "bowler": "JA Porter",
              "non_striker": "SW Billings",
              "runs": {
                "batter": 1,
                "extras": 0,
                "total": 1
              }
            },
            {
              "batter": "SW Billings",
              "bowler": "JA Porter",
              "non_striker": "MP Stoinis",
              "runs": {
                "batter": 1,
                "extras": 0,
                "total": 1
              }
            },
            {
              "batter": "MP Stoinis",
              "bowler": "JA Porter",
              "non_striker": "SW Billings",
              "runs": {
                "batter": 4,
                "extras": 0,
                "total": 4
              }
            },
            {
              "batter": "MP Stoinis",
              "bowler": "JA Porter",
              "non_striker": "SW Billings",
              "runs": {
                "batter": 1,
                "extras": 0,
                "total": 1
              }
            },
            {
              "batter": "SW Billings",
              "bowler": "JA Porter",
              "non_striker": "MP Stoinis",
              "runs": {
                "batter": 1,
                "extras": 0,
                "total": 1
              }
            },
            {
              "batter": "MP Stoinis",
              "bowler": "JA Porter",
              "non_striker": "SW Billings",
              "runs": {
                "batter": 2,
                "extras": 0,
                "total": 2
              }
            }
          ]
        },
        {
          "over": 11,
          "deliveries": [
            {
              "batter": "SW Billings",
              "bowler": "SR Harmer",
              "non_striker": "MP Stoinis",
              "runs": {
                "batter": 1,
                "extras": 0,
                "total": 1
              }
            },
            {
              "batter": "MP Stoinis",
              "bowler": "SR Harmer",
              "non_striker": "SW Billings",
              "runs": {
                "batter": 1,
                "extras": 0,
                "total": 1
              }
            },
            {
              "batter": "SW Billings",
              "bowler": "SR Harmer",
              "non_striker": "MP Stoinis",
              "runs": {
                "batter": 1,
                "extras": 0,
                "total": 1
              }
            },
            {
              "batter": "MP Stoinis",
              "bowler": "SR Harmer",
              "non_striker": "SW Billings",
              "runs": {
                "batter": 1,
                "extras": 0,
                "total": 1
              }
            },
            {
              "batter": "SW Billings",
              "bowler": "SR Harmer",
              "non_striker": "MP Stoinis",
              "runs": {
                "batter": 4,
                "extras": 0,
                "total": 4
              }
            },
            {
              "batter": "SW Billings",
              "bowler": "SR Harmer",
              "non_striker": "MP Stoinis",
              "runs": {
                "batter": 1,
                "extras": 0,
                "total": 1
              }
            }
          ]
        },
        {
          "over": 12,
          "deliveries": [
            {
              "batter": "SW Billings",
              "bowler": "A Zampa",
              "non_striker": "MP Stoinis",
              "runs": {
                "batter": 4,
                "extras": 0,
                "total": 4
              }
            },
            {
              "batter": "SW Billings",
              "bowler": "A Zampa",
              "non_striker": "MP Stoinis",
              "runs": {
                "batter": 1,
                "extras": 0,
                "total": 1
              }
            },
            {
              "batter": "MP Stoinis",
              "bowler": "A Zampa",
              "non_striker": "SW Billings",
              "runs": {
                "batter": 0,
                "extras": 0,
                "total": 0
              }
            },
            {
              "batter": "MP Stoinis",
              "bowler": "A Zampa",
              "non_striker": "SW Billings",
              "runs": {
                "batter": 6,
                "extras": 0,
                "total": 6
              }
            },
            {
              "batter": "MP Stoinis",
              "bowler": "A Zampa",
              "non_striker": "SW Billings",
              "runs": {
                "batter": 0,
                "extras": 0,
                "total": 0
              }
            },
            {
              "batter": "MP Stoinis",
              "bowler": "A Zampa",
              "non_striker": "SW Billings",
              "runs": {
                "batter": 1,
                "extras": 0,
                "total": 1
              }
            }
          ]
        },
        {
          "over": 13,
          "deliveries": [
            {
              "batter": "MP Stoinis",
              "bowler": "MT Coles",
              "non_striker": "SW Billings",
              "runs": {
                "batter": 1,
                "extras": 0,
                "total": 1
              }
            },
            {
              "batter": "SW Billings",
              "bowler": "MT Coles",
              "extras": {
                "wides": 1
              },
              "non_striker": "MP Stoinis",
              "runs": {
                "batter": 0,
                "extras": 1,
                "total": 1
              }
            },
            {
              "batter": "SW Billings",
              "bowler": "MT Coles",
              "non_striker": "MP Stoinis",
              "runs": {
                "batter": 0,
                "extras": 0,
                "total": 0
              }
            },
            {
              "batter": "SW Billings",
              "bowler": "MT Coles",
              "non_striker": "MP Stoinis",
              "runs": {
                "batter": 1,
                "extras": 0,
                "total": 1
              }
            },
            {
              "batter": "MP Stoinis",
              "bowler": "MT Coles",
              "non_striker": "SW Billings",
              "runs": {
                "batter": 1,
                "extras": 0,
                "total": 1
              }
            },
            {
              "batter": "SW Billings",
              "bowler": "MT Coles",
              "non_striker": "MP Stoinis",
              "runs": {
                "batter": 0,
                "extras": 0,
                "total": 0
              }
            },
            {
              "batter": "SW Billings",
              "bowler": "MT Coles",
              "non_striker": "MP Stoinis",
              "runs": {
                "batter": 1,
                "extras": 0,
                "total": 1
              }
            }
          ]
        },
        {
          "over": 14,
          "deliveries": [
            {
              "batter": "SW Billings",
              "bowler": "A Zampa",
              "non_striker": "MP Stoinis",
              "runs": {
                "batter": 0,
                "extras": 0,
                "total": 0
              }
            },
            {
              "batter": "SW Billings",
              "bowler": "A Zampa",
              "non_striker": "MP Stoinis",
              "runs": {
                "batter": 1,
                "extras": 0,
                "total": 1
              }
            },
            {
              "batter": "MP Stoinis",
              "bowler": "A Zampa",
              "non_striker": "SW Billings",
              "runs": {
                "batter": 1,
                "extras": 0,
                "total": 1
              }
            },
            {
              "batter": "SW Billings",
              "bowler": "A Zampa",
              "non_striker": "MP Stoinis",
              "runs": {
                "batter": 6,
                "extras": 0,
                "total": 6
              }
            },
            {
              "batter": "SW Billings",
              "bowler": "A Zampa",
              "non_striker": "MP Stoinis",
              "runs": {
                "batter": 1,
                "extras": 0,
                "total": 1
              }
            },
            {
              "batter": "MP Stoinis",
              "bowler": "A Zampa",
              "non_striker": "SW Billings",
              "runs": {
                "batter": 1,
                "extras": 0,
                "total": 1
              }
            }
          ]
        },
        {
          "over": 15,
          "deliveries": [
            {
              "batter": "MP Stoinis",
              "bowler": "SR Harmer",
              "non_striker": "SW Billings",
              "runs": {
                "batter": 6,
                "extras": 0,
                "total": 6
              }
            },
            {
              "batter": "MP Stoinis",
              "bowler": "SR Harmer",
              "non_striker": "SW Billings",
              "runs": {
                "batter": 6,
                "extras": 0,
                "total": 6
              }
            },
            {
              "batter": "MP Stoinis",
              "bowler": "SR Harmer",
              "non_striker": "SW Billings",
              "runs": {
                "batter": 2,
                "extras": 0,
                "total": 2
              }
            },
            {
              "batter": "MP Stoinis",
              "bowler": "SR Harmer",
              "extras": {
                "wides": 1
              },
              "non_striker": "SW Billings",
              "runs": {
                "batter": 0,
                "extras": 1,
                "total": 1
              }
            },
            {
              "batter": "MP Stoinis",
              "bowler": "SR Harmer",
              "non_striker": "SW Billings",
              "runs": {
                "batter": 1,
                "extras": 0,
                "total": 1
              }
            },
            {
              "batter": "SW Billings",
              "bowler": "SR Harmer",
              "non_striker": "MP Stoinis",
              "runs": {
                "batter": 2,
                "extras": 0,
                "total": 2
              }
            },
            {
              "batter": "SW Billings",
              "bowler": "SR Harmer",
              "non_striker": "MP Stoinis",
              "runs": {
                "batter": 1,
                "extras": 0,
                "total": 1
              }
            }
          ]
        },
        {
          "over": 16,
          "deliveries": [
            {
              "batter": "SW Billings",
              "bowler": "PM Siddle",
              "extras": {
                "legbyes": 1
              },
              "non_striker": "MP Stoinis",
              "runs": {
                "batter": 0,
                "extras": 1,
                "total": 1
              }
            },
            {
              "batter": "MP Stoinis",
              "bowler": "PM Siddle",
              "non_striker": "SW Billings",
              "runs": {
                "batter": 1,
                "extras": 0,
                "total": 1
              }
            },
            {
              "batter": "SW Billings",
              "bowler": "PM Siddle",
              "non_striker": "MP Stoinis",
              "runs": {
                "batter": 0,
                "extras": 0,
                "total": 0
              }
            },
            {
              "batter": "SW Billings",
              "bowler": "PM Siddle",
              "non_striker": "MP Stoinis",
              "runs": {
                "batter": 2,
                "extras": 0,
                "total": 2
              }
            },
            {
              "batter": "SW Billings",
              "bowler": "PM Siddle",
              "non_striker": "MP Stoinis",
              "runs": {
                "batter": 2,
                "extras": 0,
                "total": 2
              }
            },
            {
              "batter": "SW Billings",
              "bowler": "PM Siddle",
              "non_striker": "MP Stoinis",
              "runs": {
                "batter": 0,
                "extras": 0,
                "total": 0
              }
            }
          ]
        },
        {
          "over": 17,
          "deliveries": [
            {
              "batter": "MP Stoinis",
              "bowler": "MT Coles",
              "non_striker": "SW Billings",
              "runs": {
                "batter": 1,
                "extras": 0,
                "total": 1
              }
            },
            {
              "batter": "SW Billings",
              "bowler": "MT Coles",
              "non_striker": "MP Stoinis",
              "runs": {
                "batter": 4,
                "extras": 0,
                "total": 4
              }
            },
            {
              "batter": "SW Billings",
              "bowler": "MT Coles",
              "non_striker": "MP Stoinis",
              "runs": {
                "batter": 4,
                "extras": 0,
                "total": 4
              }
            },
            {
              "batter": "SW Billings",
              "bowler": "MT Coles",
              "extras": {
                "noballs": 2
              },
              "non_striker": "MP Stoinis",
              "runs": {
                "batter": 0,
                "extras": 2,
                "total": 2
              }
            },
            {
              "batter": "SW Billings",
              "bowler": "MT Coles",
              "non_striker": "MP Stoinis",
              "runs": {
                "batter": 1,
                "extras": 0,
                "total": 1
              }
            },
            {
              "batter": "MP Stoinis",
              "bowler": "MT Coles",
              "non_striker": "SW Billings",
              "runs": {
                "batter": 1,
                "extras": 0,
                "total": 1
              }
            },
            {
              "batter": "SW Billings",
              "bowler": "MT Coles",
              "non_striker": "MP Stoinis",
              "runs": {
                "batter": 1,
                "extras": 0,
                "total": 1
              }
            }
          ]
        },
        {
          "over": 18,
          "deliveries": [
            {
              "batter": "SW Billings",
              "bowler": "PM Siddle",
              "non_striker": "MP Stoinis",
              "runs": {
                "batter": 4,
                "extras": 0,
                "total": 4
              }
            },
            {
              "batter": "SW Billings",
              "bowler": "PM Siddle",
              "non_striker": "MP Stoinis",
              "runs": {
                "batter": 4,
                "extras": 0,
                "total": 4
              }
            },
            {
              "batter": "SW Billings",
              "bowler": "PM Siddle",
              "non_striker": "MP Stoinis",
              "runs": {
                "batter": 0,
                "extras": 0,
                "total": 0
              }
            },
            {
              "batter": "SW Billings",
              "bowler": "PM Siddle",
              "non_striker": "MP Stoinis",
              "runs": {
                "batter": 1,
                "extras": 0,
                "total": 1
              }
            },
            {
              "batter": "MP Stoinis",
              "bowler": "PM Siddle",
              "non_striker": "SW Billings",
              "runs": {
                "batter": 1,
                "extras": 0,
                "total": 1
              }
            },
            {
              "batter": "SW Billings",
              "bowler": "PM Siddle",
              "non_striker": "MP Stoinis",
              "runs": {
                "batter": 2,
                "extras": 0,
                "total": 2
              }
            }
          ]
        },
        {
          "over": 19,
          "deliveries": [
            {
              "batter": "MP Stoinis",
              "bowler": "JA Porter",
              "non_striker": "SW Billings",
              "runs": {
                "batter": 0,
                "extras": 0,
                "total": 0
              }
            },
            {
              "batter": "MP Stoinis",
              "bowler": "JA Porter",
              "non_striker": "SW Billings",
              "runs": {
                "batter": 1,
                "extras": 0,
                "total": 1
              },
              "wickets": [
                {
                  "player_out": "MP Stoinis",
                  "kind": "run out"
                }
              ]
            },
            {
              "batter": "AJ Blake",
              "bowler": "JA Porter",
              "non_striker": "SW Billings",
              "runs": {
                "batter": 2,
                "extras": 0,
                "total": 2
              }
            },
            {
              "batter": "AJ Blake",
              "bowler": "JA Porter",
              "non_striker": "SW Billings",
              "runs": {
                "batter": 2,
                "extras": 0,
                "total": 2
              }
            },
            {
              "batter": "AJ Blake",
              "bowler": "JA Porter",
              "non_striker": "SW Billings",
              "runs": {
                "batter": 1,
                "extras": 0,
                "total": 1
              }
            },
            {
              "batter": "SW Billings",
              "bowler": "JA Porter",
              "non_striker": "AJ Blake",
              "runs": {
                "batter": 1,
                "extras": 0,
                "total": 1
              }
            }
          ]
        }
      ],
      "powerplays": [
        {
          "from": 0.1,
          "to": 5.6,
          "type": "mandatory"
        }
      ]
    },
    {
      "team": "Essex",
      "overs": [
        {
          "over": 0,
          "deliveries": [
            {
              "batter": "AJA Wheater",
              "bowler": "JL Denly",
              "non_striker": "V Chopra",
              "runs": {
                "batter": 0,
                "extras": 0,
                "total": 0
              }
            },
            {
              "batter": "AJA Wheater",
              "bowler": "JL Denly",
              "non_striker": "V Chopra",
              "runs": {
                "batter": 0,
                "extras": 0,
                "total": 0
              },
              "wickets": [
                {
                  "player_out": "AJA Wheater",
                  "kind": "bowled"
                }
              ]
            },
            {
              "batter": "PI Walter",
              "bowler": "JL Denly",
              "non_striker": "V Chopra",
              "runs": {
                "batter": 2,
                "extras": 0,
                "total": 2
              }
            },
            {
              "batter": "PI Walter",
              "bowler": "JL Denly",
              "non_striker": "V Chopra",
              "runs": {
                "batter": 0,
                "extras": 0,
                "total": 0
              }
            },
            {
              "batter": "PI Walter",
              "bowler": "JL Denly",
              "non_striker": "V Chopra",
              "runs": {
                "batter": 1,
                "extras": 0,
                "total": 1
              }
            },
            {
              "batter": "V Chopra",
              "bowler": "JL Denly",
              "non_striker": "PI Walter",
              "runs": {
                "batter": 1,
                "extras": 0,
                "total": 1
              }
            }
          ]
        },
        {
          "over": 1,
          "deliveries": [
            {
              "batter": "V Chopra",
              "bowler": "AF Milne",
              "non_striker": "PI Walter",
              "runs": {
                "batter": 1,
                "extras": 0,
                "total": 1
              }
            },
            {
              "batter": "PI Walter",
              "bowler": "AF Milne",
              "non_striker": "V Chopra",
              "runs": {
                "batter": 0,
                "extras": 0,
                "total": 0
              }
            },
            {
              "batter": "PI Walter",
              "bowler": "AF Milne",
              "non_striker": "V Chopra",
              "runs": {
                "batter": 1,
                "extras": 0,
                "total": 1
              }
            },
            {
              "batter": "V Chopra",
              "bowler": "AF Milne",
              "non_striker": "PI Walter",
              "runs": {
                "batter": 0,
                "extras": 0,
                "total": 0
              }
            },
            {
              "batter": "V Chopra",
              "bowler": "AF Milne",
              "non_striker": "PI Walter",
              "runs": {
                "batter": 1,
                "extras": 0,
                "total": 1
              }
            },
            {
              "batter": "PI Walter",
              "bowler": "AF Milne",
              "non_striker": "V Chopra",
              "runs": {
                "batter": 4,
                "extras": 0,
                "total": 4
              }
            }
          ]
        },
        {
          "over": 2,
          "deliveries": [
            {
              "batter": "V Chopra",
              "bowler": "JL Denly",
              "extras": {
                "byes": 1
              },
              "non_striker": "PI Walter",
              "runs": {
                "batter": 0,
                "extras": 1,
                "total": 1
              }
            },
            {
              "batter": "PI Walter",
              "bowler": "JL Denly",
              "non_striker": "V Chopra",
              "runs": {
                "batter": 1,
                "extras": 0,
                "total": 1
              }
            },
            {
              "batter": "V Chopra",
              "bowler": "JL Denly",
              "non_striker": "PI Walter",
              "runs": {
                "batter": 0,
                "extras": 0,
                "total": 0
              },
              "wickets": [
                {
                  "player_out": "V Chopra",
                  "fielders": [
                    {
                      "name": "AJ Blake"
                    }
                  ],
                  "kind": "caught"
                }
              ]
            },
            {
              "batter": "RN ten Doeschate",
              "bowler": "JL Denly",
              "non_striker": "PI Walter",
              "runs": {
                "batter": 0,
                "extras": 0,
                "total": 0
              }
            },
            {
              "batter": "RN ten Doeschate",
              "bowler": "JL Denly",
              "non_striker": "PI Walter",
              "runs": {
                "batter": 4,
                "extras": 0,
                "total": 4
              }
            },
            {
              "batter": "RN ten Doeschate",
              "bowler": "JL Denly",
              "non_striker": "PI Walter",
              "runs": {
                "batter": 5,
                "extras": 0,
                "total": 5
              }
            }
          ]
        },
        {
          "over": 3,
          "deliveries": [
            {
              "batter": "RN ten Doeschate",
              "bowler": "AF Milne",
              "non_striker": "PI Walter",
              "runs": {
                "batter": 0,
                "extras": 0,
                "total": 0
              }
            },
            {
              "batter": "RN ten Doeschate",
              "bowler": "AF Milne",
              "non_striker": "PI Walter",
              "runs": {
                "batter": 0,
                "extras": 0,
                "total": 0
              }
            },
            {
              "batter": "RN ten Doeschate",
              "bowler": "AF Milne",
              "non_striker": "PI Walter",
              "runs": {
                "batter": 1,
                "extras": 0,
                "total": 1
              }
            },
            {
              "batter": "PI Walter",
              "bowler": "AF Milne",
              "non_striker": "RN ten Doeschate",
              "runs": {
                "batter": 1,
                "extras": 0,
                "total": 1
              }
            },
            {
              "batter": "RN ten Doeschate",
              "bowler": "AF Milne",
              "non_striker": "PI Walter",
              "runs": {
                "batter": 0,
                "extras": 0,
                "total": 0
              }
            },
            {
              "batter": "RN ten Doeschate",
              "bowler": "AF Milne",
              "non_striker": "PI Walter",
              "runs": {
                "batter": 0,
                "extras": 0,
                "total": 0
              }
            }
          ]
        },
        {
          "over": 4,
          "deliveries": [
            {
              "batter": "PI Walter",
              "bowler": "IAA Thomas",
              "non_striker": "RN ten Doeschate",
              "runs": {
                "batter": 1,
                "extras": 0,
                "total": 1
              }
            },
            {
              "batter": "RN ten Doeschate",
              "bowler": "IAA Thomas",
              "non_striker": "PI Walter",
              "runs": {
                "batter": 4,
                "extras": 0,
                "total": 4
              }
            },
            {
              "batter": "RN ten Doeschate",
              "bowler": "IAA Thomas",
              "non_striker": "PI Walter",
              "runs": {
                "batter": 4,
                "extras": 0,
                "total": 4
              }
            },
            {
              "batter": "RN ten Doeschate",
              "bowler": "IAA Thomas",
              "non_striker": "PI Walter",
              "runs": {
                "batter": 1,
                "extras": 0,
                "total": 1
              }
            },
            {
              "batter": "PI Walter",
              "bowler": "IAA Thomas",
              "non_striker": "RN ten Doeschate",
              "runs": {
                "batter": 0,
                "extras": 0,
                "total": 0
              }
            },
            {
              "batter": "PI Walter",
              "bowler": "IAA Thomas",
              "non_striker": "RN ten Doeschate",
              "runs": {
                "batter": 4,
                "extras": 0,
                "total": 4
              }
            }
          ]
        },
        {
          "over": 5,
          "deliveries": [
            {
              "batter": "RN ten Doeschate",
              "bowler": "MP Stoinis",
              "non_striker": "PI Walter",
              "runs": {
                "batter": 4,
                "extras": 0,
                "total": 4
              }
            },
            {
              "batter": "RN ten Doeschate",
              "bowler": "MP Stoinis",
              "non_striker": "PI Walter",
              "runs": {
                "batter": 1,
                "extras": 0,
                "total": 1
              }
            },
            {
              "batter": "PI Walter",
              "bowler": "MP Stoinis",
              "non_striker": "RN ten Doeschate",
              "runs": {
                "batter": 1,
                "extras": 0,
                "total": 1
              }
            },
            {
              "batter": "RN ten Doeschate",
              "bowler": "MP Stoinis",
              "non_striker": "PI Walter",
              "runs": {
                "batter": 1,
                "extras": 0,
                "total": 1
              }
            },
            {
              "batter": "PI Walter",
              "bowler": "MP Stoinis",
              "non_striker": "RN ten Doeschate",
              "runs": {
                "batter": 4,
                "extras": 0,
                "total": 4
              }
            },
            {
              "batter": "PI Walter",
              "bowler": "MP Stoinis",
              "non_striker": "RN ten Doeschate",
              "runs": {
                "batter": 0,
                "extras": 0,
                "total": 0
              }
            }
          ]
        },
        {
          "over": 6,
          "deliveries": [
            {
              "batter": "RN ten Doeschate",
              "bowler": "Imran Qayyum",
              "non_striker": "PI Walter",
              "runs": {
                "batter": 1,
                "extras": 0,
                "total": 1
              }
            },
            {
              "batter": "PI Walter",
              "bowler": "Imran Qayyum",
              "non_striker": "RN ten Doeschate",
              "runs": {
                "batter": 6,
                "extras": 0,
                "total": 6
              }
            },
            {
              "batter": "PI Walter",
              "bowler": "Imran Qayyum",
              "non_striker": "RN ten Doeschate",
              "runs": {
                "batter": 1,
                "extras": 0,
                "total": 1
              }
            },
            {
              "batter": "RN ten Doeschate",
              "bowler": "Imran Qayyum",
              "non_striker": "PI Walter",
              "runs": {
                "batter": 2,
                "extras": 0,
                "total": 2
              }
            },
            {
              "batter": "RN ten Doeschate",
              "bowler": "Imran Qayyum",
              "non_striker": "PI Walter",
              "runs": {
                "batter": 1,
                "extras": 0,
                "total": 1
              }
            },
            {
              "batter": "PI Walter",
              "bowler": "Imran Qayyum",
              "non_striker": "RN ten Doeschate",
              "runs": {
                "batter": 0,
                "extras": 0,
                "total": 0
              }
            }
          ]
        },
        {
          "over": 7,
          "deliveries": [
            {
              "batter": "RN ten Doeschate",
              "bowler": "CJ Haggett",
              "non_striker": "PI Walter",
              "runs": {
                "batter": 1,
                "extras": 0,
                "total": 1
              }
            },
            {
              "batter": "PI Walter",
              "bowler": "CJ Haggett",
              "non_striker": "RN ten Doeschate",
              "runs": {
                "batter": 1,
                "extras": 0,
                "total": 1
              }
            },
            {
              "batter": "RN ten Doeschate",
              "bowler": "CJ Haggett",
              "non_striker": "PI Walter",
              "runs": {
                "batter": 1,
                "extras": 0,
                "total": 1
              }
            },
            {
              "batter": "PI Walter",
              "bowler": "CJ Haggett",
              "non_striker": "RN ten Doeschate",
              "runs": {
                "batter": 1,
                "extras": 0,
                "total": 1
              }
            },
            {
              "batter": "RN ten Doeschate",
              "bowler": "CJ Haggett",
              "non_striker": "PI Walter",
              "runs": {
                "batter": 0,
                "extras": 0,
                "total": 0
              }
            },
            {
              "batter": "RN ten Doeschate",
              "bowler": "CJ Haggett",
              "non_striker": "PI Walter",
              "runs": {
                "batter": 1,
                "extras": 0,
                "total": 1
              }
            }
          ]
        },
        {
          "over": 8,
          "deliveries": [
            {
              "batter": "RN ten Doeschate",
              "bowler": "MP Stoinis",
              "non_striker": "PI Walter",
              "runs": {
                "batter": 1,
                "extras": 0,
                "total": 1
              }
            },
            {
              "batter": "PI Walter",
              "bowler": "MP Stoinis",
              "non_striker": "RN ten Doeschate",
              "runs": {
                "batter": 1,
                "extras": 0,
                "total": 1
              }
            },
            {
              "batter": "RN ten Doeschate",
              "bowler": "MP Stoinis",
              "non_striker": "PI Walter",
              "runs": {
                "batter": 0,
                "extras": 0,
                "total": 0
              }
            },
            {
              "batter": "RN ten Doeschate",
              "bowler": "MP Stoinis",
              "extras": {
                "wides": 1
              },
              "non_striker": "PI Walter",
              "runs": {
                "batter": 0,
                "extras": 1,
                "total": 1
              }
            },
            {
              "batter": "RN ten Doeschate",
              "bowler": "MP Stoinis",
              "non_striker": "PI Walter",
              "runs": {
                "batter": 1,
                "extras": 0,
                "total": 1
              }
            },
            {
              "batter": "PI Walter",
              "bowler": "MP Stoinis",
              "non_striker": "RN ten Doeschate",
              "runs": {
                "batter": 4,
                "extras": 0,
                "total": 4
              }
            },
            {
              "batter": "PI Walter",
              "bowler": "MP Stoinis",
              "non_striker": "RN ten Doeschate",
              "runs": {
                "batter": 4,
                "extras": 0,
                "total": 4
              }
            }
          ]
        },
        {
          "over": 9,
          "deliveries": [
            {
              "batter": "RN ten Doeschate",
              "bowler": "CJ Haggett",
              "non_striker": "PI Walter",
              "runs": {
                "batter": 0,
                "extras": 0,
                "total": 0
              },
              "wickets": [
                {
                  "player_out": "RN ten Doeschate",
                  "kind": "bowled"
                }
              ]
            },
            {
              "batter": "RS Bopara",
              "bowler": "CJ Haggett",
              "non_striker": "PI Walter",
              "runs": {
                "batter": 1,
                "extras": 0,
                "total": 1
              }
            },
            {
              "batter": "PI Walter",
              "bowler": "CJ Haggett",
              "non_striker": "RS Bopara",
              "runs": {
                "batter": 1,
                "extras": 0,
                "total": 1
              }
            },
            {
              "batter": "RS Bopara",
              "bowler": "CJ Haggett",
              "non_striker": "PI Walter",
              "runs": {
                "batter": 1,
                "extras": 0,
                "total": 1
              }
            },
            {
              "batter": "PI Walter",
              "bowler": "CJ Haggett",
              "non_striker": "RS Bopara",
              "runs": {
                "batter": 1,
                "extras": 0,
                "total": 1
              }
            },
            {
              "batter": "RS Bopara",
              "bowler": "CJ Haggett",
              "non_striker": "PI Walter",
              "runs": {
                "batter": 2,
                "extras": 0,
                "total": 2
              }
            }
          ]
        },
        {
          "over": 10,
          "deliveries": [
            {
              "batter": "PI Walter",
              "bowler": "IAA Thomas",
              "non_striker": "RS Bopara",
              "runs": {
                "batter": 0,
                "extras": 0,
                "total": 0
              },
              "wickets": [
                {
                  "player_out": "PI Walter",
                  "fielders": [
                    {
                      "name": "HG Kuhn"
                    }
                  ],
                  "kind": "caught"
                }
              ]
            },
            {
              "batter": "DW Lawrence",
              "bowler": "IAA Thomas",
              "non_striker": "RS Bopara",
              "runs": {
                "batter": 1,
                "extras": 0,
                "total": 1
              }
            },
            {
              "batter": "RS Bopara",
              "bowler": "IAA Thomas",
              "non_striker": "DW Lawrence",
              "runs": {
                "batter": 1,
                "extras": 0,
                "total": 1
              }
            },
            {
              "batter": "DW Lawrence",
              "bowler": "IAA Thomas",
              "non_striker": "RS Bopara",
              "runs": {
                "batter": 1,
                "extras": 0,
                "total": 1
              }
            },
            {
              "batter": "RS Bopara",
              "bowler": "IAA Thomas",
              "non_striker": "DW Lawrence",
              "runs": {
                "batter": 0,
                "extras": 0,
                "total": 0
              }
            },
            {
              "batter": "RS Bopara",
              "bowler": "IAA Thomas",
              "non_striker": "DW Lawrence",
              "runs": {
                "batter": 1,
                "extras": 0,
                "total": 1
              }
            }
          ]
        },
        {
          "over": 11,
          "deliveries": [
            {
              "batter": "RS Bopara",
              "bowler": "JL Denly",
              "non_striker": "DW Lawrence",
              "runs": {
                "batter": 1,
                "extras": 0,
                "total": 1
              }
            },
            {
              "batter": "DW Lawrence",
              "bowler": "JL Denly",
              "non_striker": "RS Bopara",
              "runs": {
                "batter": 0,
                "extras": 0,
                "total": 0
              }
            },
            {
              "batter": "DW Lawrence",
              "bowler": "JL Denly",
              "non_striker": "RS Bopara",
              "runs": {
                "batter": 1,
                "extras": 0,
                "total": 1
              }
            },
            {
              "batter": "RS Bopara",
              "bowler": "JL Denly",
              "non_striker": "DW Lawrence",
              "runs": {
                "batter": 0,
                "extras": 0,
                "total": 0
              }
            },
            {
              "batter": "RS Bopara",
              "bowler": "JL Denly",
              "non_striker": "DW Lawrence",
              "runs": {
                "batter": 1,
                "extras": 0,
                "total": 1
              }
            },
            {
              "batter": "DW Lawrence",
              "bowler": "JL Denly",
              "non_striker": "RS Bopara",
              "runs": {
                "batter": 1,
                "extras": 0,
                "total": 1
              }
            }
          ]
        },
        {
          "over": 12,
          "deliveries": [
            {
              "batter": "DW Lawrence",
              "bowler": "Imran Qayyum",
              "non_striker": "RS Bopara",
              "runs": {
                "batter": 1,
                "extras": 0,
                "total": 1
              }
            },
            {
              "batter": "RS Bopara",
              "bowler": "Imran Qayyum",
              "non_striker": "DW Lawrence",
              "runs": {
                "batter": 6,
                "extras": 0,
                "total": 6
              }
            },
            {
              "batter": "RS Bopara",
              "bowler": "Imran Qayyum",
              "non_striker": "DW Lawrence",
              "runs": {
                "batter": 1,
                "extras": 0,
                "total": 1
              }
            },
            {
              "batter": "DW Lawrence",
              "bowler": "Imran Qayyum",
              "non_striker": "RS Bopara",
              "runs": {
                "batter": 2,
                "extras": 0,
                "total": 2
              }
            },
            {
              "batter": "DW Lawrence",
              "bowler": "Imran Qayyum",
              "non_striker": "RS Bopara",
              "runs": {
                "batter": 1,
                "extras": 0,
                "total": 1
              }
            },
            {
              "batter": "RS Bopara",
              "bowler": "Imran Qayyum",
              "non_striker": "DW Lawrence",
              "runs": {
                "batter": 4,
                "extras": 0,
                "total": 4
              }
            }
          ]
        },
        {
          "over": 13,
          "deliveries": [
            {
              "batter": "DW Lawrence",
              "bowler": "CJ Haggett",
              "non_striker": "RS Bopara",
              "runs": {
                "batter": 0,
                "extras": 0,
                "total": 0
              }
            },
            {
              "batter": "DW Lawrence",
              "bowler": "CJ Haggett",
              "extras": {
                "wides": 1
              },
              "non_striker": "RS Bopara",
              "runs": {
                "batter": 0,
                "extras": 1,
                "total": 1
              }
            },
            {
              "batter": "DW Lawrence",
              "bowler": "CJ Haggett",
              "non_striker": "RS Bopara",
              "runs": {
                "batter": 0,
                "extras": 0,
                "total": 0
              },
              "wickets": [
                {
                  "player_out": "DW Lawrence",
                  "fielders": [
                    {
                      "name": "HG Kuhn"
                    }
                  ],
                  "kind": "caught"
                }
              ]
            },
            {
              "batter": "RS Bopara",
              "bowler": "CJ Haggett",
              "non_striker": "SR Harmer",
              "runs": {
                "batter": 1,
                "extras": 0,
                "total": 1
              }
            },
            {
              "batter": "SR Harmer",
              "bowler": "CJ Haggett",
              "non_striker": "RS Bopara",
              "runs": {
                "batter": 0,
                "extras": 0,
                "total": 0
              }
            },
            {
              "batter": "SR Harmer",
              "bowler": "CJ Haggett",
              "non_striker": "RS Bopara",
              "runs": {
                "batter": 2,
                "extras": 0,
                "total": 2
              }
            },
            {
              "batter": "SR Harmer",
              "bowler": "CJ Haggett",
              "non_striker": "RS Bopara",
              "runs": {
                "batter": 1,
                "extras": 0,
                "total": 1
              }
            }
          ]
        },
        {
          "over": 14,
          "deliveries": [
            {
              "batter": "SR Harmer",
              "bowler": "JL Denly",
              "non_striker": "RS Bopara",
              "runs": {
                "batter": 0,
                "extras": 0,
                "total": 0
              }
            },
            {
              "batter": "SR Harmer",
              "bowler": "JL Denly",
              "non_striker": "RS Bopara",
              "runs": {
                "batter": 1,
                "extras": 0,
                "total": 1
              }
            },
            {
              "batter": "RS Bopara",
              "bowler": "JL Denly",
              "non_striker": "SR Harmer",
              "runs": {
                "batter": 1,
                "extras": 0,
                "total": 1
              }
            },
            {
              "batter": "SR Harmer",
              "bowler": "JL Denly",
              "non_striker": "RS Bopara",
              "runs": {
                "batter": 2,
                "extras": 0,
                "total": 2
              }
            },
            {
              "batter": "SR Harmer",
              "bowler": "JL Denly",
              "non_striker": "RS Bopara",
              "runs": {
                "batter": 1,
                "extras": 0,
                "total": 1
              }
            },
            {
              "batter": "RS Bopara",
              "bowler": "JL Denly",
              "non_striker": "SR Harmer",
              "runs": {
                "batter": 1,
                "extras": 0,
                "total": 1
              }
            }
          ]
        },
        {
          "over": 15,
          "deliveries": [
            {
              "batter": "RS Bopara",
              "bowler": "MP Stoinis",
              "non_striker": "SR Harmer",
              "runs": {
                "batter": 1,
                "extras": 0,
                "total": 1
              }
            },
            {
              "batter": "SR Harmer",
              "bowler": "MP Stoinis",
              "non_striker": "RS Bopara",
              "runs": {
                "batter": 1,
                "extras": 0,
                "total": 1
              },
              "wickets": [
                {
                  "player_out": "SR Harmer",
                  "kind": "run out"
                }
              ]
            },
            {
              "batter": "MT Coles",
              "bowler": "MP Stoinis",
              "non_striker": "RS Bopara",
              "runs": {
                "batter": 1,
                "extras": 0,
                "total": 1
              }
            },
            {
              "batter": "RS Bopara",
              "bowler": "MP Stoinis",
              "non_striker": "MT Coles",
              "runs": {
                "batter": 4,
                "extras": 0,
                "total": 4
              }
            },
            {
              "batter": "RS Bopara",
              "bowler": "MP Stoinis",
              "non_striker": "MT Coles",
              "runs": {
                "batter": 1,
                "extras": 0,
                "total": 1
              }
            },
            {
              "batter": "MT Coles",
              "bowler": "MP Stoinis",
              "non_striker": "RS Bopara",
              "runs": {
                "batter": 1,
                "extras": 0,
                "total": 1
              }
            }
          ]
        },
        {
          "over": 16,
          "deliveries": [
            {
              "batter": "MT Coles",
              "bowler": "CJ Haggett",
              "non_striker": "RS Bopara",
              "runs": {
                "batter": 4,
                "extras": 0,
                "total": 4
              }
            },
            {
              "batter": "MT Coles",
              "bowler": "CJ Haggett",
              "non_striker": "RS Bopara",
              "runs": {
                "batter": 1,
                "extras": 0,
                "total": 1
              }
            },
            {
              "batter": "RS Bopara",
              "bowler": "CJ Haggett",
              "non_striker": "MT Coles",
              "runs": {
                "batter": 6,
                "extras": 0,
                "total": 6
              }
            },
            {
              "batter": "RS Bopara",
              "bowler": "CJ Haggett",
              "non_striker": "MT Coles",
              "runs": {
                "batter": 1,
                "extras": 0,
                "total": 1
              }
            },
            {
              "batter": "MT Coles",
              "bowler": "CJ Haggett",
              "non_striker": "RS Bopara",
              "runs": {
                "batter": 1,
                "extras": 0,
                "total": 1
              }
            },
            {
              "batter": "RS Bopara",
              "bowler": "CJ Haggett",
              "non_striker": "MT Coles",
              "runs": {
                "batter": 6,
                "extras": 0,
                "total": 6
              }
            }
          ]
        },
        {
          "over": 17,
          "deliveries": [
            {
              "batter": "MT Coles",
              "bowler": "AF Milne",
              "non_striker": "RS Bopara",
              "runs": {
                "batter": 1,
                "extras": 0,
                "total": 1
              }
            },
            {
              "batter": "RS Bopara",
              "bowler": "AF Milne",
              "non_striker": "MT Coles",
              "runs": {
                "batter": 1,
                "extras": 0,
                "total": 1
              }
            },
            {
              "batter": "MT Coles",
              "bowler": "AF Milne",
              "non_striker": "RS Bopara",
              "runs": {
                "batter": 1,
                "extras": 0,
                "total": 1
              }
            },
            {
              "batter": "RS Bopara",
              "bowler": "AF Milne",
              "non_striker": "MT Coles",
              "runs": {
                "batter": 0,
                "extras": 0,
                "total": 0
              },
              "wickets": [
                {
                  "player_out": "RS Bopara",
                  "fielders": [
                    {
                      "name": "AJ Blake"
                    }
                  ],
                  "kind": "caught"
                }
              ]
            },
            {
              "batter": "PM Siddle",
              "bowler": "AF Milne",
              "non_striker": "MT Coles",
              "runs": {
                "batter": 0,
                "extras": 0,
                "total": 0
              },
              "wickets": [
                {
                  "player_out": "PM Siddle",
                  "kind": "bowled"
                }
              ]
            },
            {
              "batter": "A Zampa",
              "bowler": "AF Milne",
              "non_striker": "MT Coles",
              "runs": {
                "batter": 1,
                "extras": 0,
                "total": 1
              }
            }
          ]
        },
        {
          "over": 18,
          "deliveries": [
            {
              "batter": "A Zampa",
              "bowler": "MP Stoinis",
              "non_striker": "MT Coles",
              "runs": {
                "batter": 1,
                "extras": 0,
                "total": 1
              }
            },
            {
              "batter": "MT Coles",
              "bowler": "MP Stoinis",
              "non_striker": "A Zampa",
              "runs": {
                "batter": 0,
                "extras": 0,
                "total": 0
              }
            },
            {
              "batter": "MT Coles",
              "bowler": "MP Stoinis",
              "non_striker": "A Zampa",
              "runs": {
                "batter": 4,
                "extras": 0,
                "total": 4
              }
            },
            {
              "batter": "MT Coles",
              "bowler": "MP Stoinis",
              "extras": {
                "wides": 1
              },
              "non_striker": "A Zampa",
              "runs": {
                "batter": 0,
                "extras": 1,
                "total": 1
              }
            },
            {
              "batter": "MT Coles",
              "bowler": "MP Stoinis",
              "non_striker": "A Zampa",
              "runs": {
                "batter": 4,
                "extras": 0,
                "total": 4
              }
            },
            {
              "batter": "MT Coles",
              "bowler": "MP Stoinis",
              "non_striker": "A Zampa",
              "runs": {
                "batter": 1,
                "extras": 0,
                "total": 1
              }
            },
            {
              "batter": "A Zampa",
              "bowler": "MP Stoinis",
              "non_striker": "MT Coles",
              "runs": {
                "batter": 1,
                "extras": 0,
                "total": 1
              }
            }
          ]
        },
        {
          "over": 19,
          "deliveries": [
            {
              "batter": "A Zampa",
              "bowler": "AF Milne",
              "non_striker": "MT Coles",
              "runs": {
                "batter": 1,
                "extras": 0,
                "total": 1
              }
            },
            {
              "batter": "MT Coles",
              "bowler": "AF Milne",
              "non_striker": "A Zampa",
              "runs": {
                "batter": 0,
                "extras": 0,
                "total": 0
              }
            },
            {
              "batter": "MT Coles",
              "bowler": "AF Milne",
              "non_striker": "A Zampa",
              "runs": {
                "batter": 0,
                "extras": 0,
                "total": 0
              },
              "wickets": [
                {
                  "player_out": "MT Coles",
                  "kind": "bowled"
                }
              ]
            },
            {
              "batter": "JA Porter",
              "bowler": "AF Milne",
              "non_striker": "A Zampa",
              "runs": {
                "batter": 0,
                "extras": 0,
                "total": 0
              }
            },
            {
              "batter": "JA Porter",
              "bowler": "AF Milne",
              "non_striker": "A Zampa",
              "runs": {
                "batter": 1,
                "extras": 0,
                "total": 1
              }
            },
            {
              "batter": "A Zampa",
              "bowler": "AF Milne",
              "non_striker": "JA Porter",
              "runs": {
                "batter": 0,
                "extras": 0,
                "total": 0
              },
              "wickets": [
                {
                  "player_out": "A Zampa",
                  "fielders": [
                    {
                      "name": "SR Dickson"
                    }
                  ],
                  "kind": "caught"
                }
              ]
            }
          ]
        }
      ],
      "powerplays": [
        {
          "from": 0.1,
          "to": 5.6,
          "type": "mandatory"
        }
      ],
      "target": {
        "overs": 20,
        "runs": 192
      }
    }
  ]
}