{
  "meta": {
    "data_version": "1.0.0",
    "created": "2020-06-22",
    "revision": 1
  },
  "info": {
    "balls_per_over": 6,
    "city": "Chester-le-Street",
    "dates": [
      "2018-08-02"
    ],
    "event": {
      "name": "Vitality Blast",
      "group": "North"
    },
    "gender": "male",
    "match_type": "T20",
    "officials": {
      "umpires": [
        "PJ Hartley",
        "RJ Warren"
      ]
    },
    "outcome": {
      "winner": "Durham",
      "by": {
        "runs": 75
      }
    },
    "overs": 20,
    "player_of_match": [
      "Imran Tahir"
    ],
    "players": {
      "Durham": [
        "TWM Latham",
        "G Clark",
        "PD Collingwood",
        "L Trevaskis",
        "RC Davies",
        "WJ Weighell",
        "RD Pringle",
        "SW Poynter",
        "NJ Rimmington",
        "C Rushworth",
        "Imran Tahir"
      ],
      "Northamptonshire": [
        "RE Levi",
        "BM Duckett",
        "JJ Cobb",
        "AG Wakely",
        "R Vasconcelos",
        "SP Crook",
        "S Prasanna",
        "LA Procter",
        "GG White",
        "NL Buck",
        "RJ Gleeson"
      ]
    },
    "registry": {
      "people": {
        "AG Wakely": "730d120f",
        "BJ McCarthy": "3766056b",
        "BM Duckett": "5f26f677",
        "C Rushworth": "e737a5fe",
        "G Clark": "4fd09cfc",
        "GG White": "0f21680d",
        "Imran Tahir": "acee4cc4",
        "JJ Cobb": "58c481c6",
        "L Trevaskis": "b5781ac3",
        "LA Procter": "07c8a2f4",
        "NJ Rimmington": "6042bf26",
        "NL Buck": "5239d782",
        "PD Collingwood": "a386e91b",
        "PJ Hartley": "17c7ff26",
        "R Vasconcelos": "efe3fcc5",
        "RC Davies": "f939ffa9",
        "RD Pringle": "757502b5",
        "RE Levi": "18c78b11",
        "RJ Gleeson": "402f8494",
        "RJ Warren": "9d1c62d7",
        "S Prasanna": "f78e7113",
        "SP Crook": "c4450a69",
        "SW Poynter": "cdf59953",
        "TWM Latham": "e824e6ee",
        "WJ Weighell": "10f68de1"
      }
    },
    "season": "2018",
    "team_type": "club",
    "teams": [
      "Durham",
      "Northamptonshire"
    ],
    "toss": {
      "decision": "field",
      "winner": "Northamptonshire"
    },
    "venue": "Riverside Ground"
  },
  "innings": [
    {
      "team": "Durham",
      "overs": [
        {
          "over": 0,
          "deliveries": [
            {
              "batter": "TWM Latham",
              "bowler": "JJ Cobb",
              "non_striker": "G Clark",
              "runs": {
                "batter": 1,
                "extras": 0,
                "total": 1
              }
            },
            {
              "batter": "G Clark",
              "bowler": "JJ Cobb",
              "non_striker": "TWM Latham",
              "runs": {
                "batter": 0,
                "extras": 0,
                "total": 0
              }
            },
            {
              "batter": "G Clark",
              "bowler": "JJ Cobb",
              "non_striker": "TWM Latham",
              "runs": {
                "batter": 0,
                "extras": 0,
                "total": 0
              }
            },
            {
              "batter": "G Clark",
              "bowler": "JJ Cobb",
              "non_striker": "TWM Latham",
              "runs": {
                "batter": 1,
                "extras": 0,
                "total": 1
              }
            },
            {
              "batter": "TWM Latham",
              "bowler": "JJ Cobb",
              "non_striker": "G Clark",
              "runs": {
                "batter": 2,
                "extras": 0,
                "total": 2
              }
            },
            {
              "batter": "TWM Latham",
              "bowler": "JJ Cobb",
              "extras": {
                "wides": 3
              },
              "non_striker": "G Clark",
              "runs": {
                "batter": 0,
                "extras": 3,
                "total": 3
              }
            },
            {
              "batter": "TWM Latham",
              "bowler": "JJ Cobb",
              "non_striker": "G Clark",
              "runs": {
                "batter": 0,
                "extras": 0,
                "total": 0
              }
            }
          ]
        },
        {
          "over": 1,
          "deliveries": [
            {
              "batter": "G Clark",
              "bowler": "RJ Gleeson",
              "non_striker": "TWM Latham",
              "runs": {
                "batter": 4,
                "extras": 0,
                "total": 4
              }
            },
            {
              "batter": "G Clark",
              "bowler": "RJ Gleeson",
              "non_striker": "TWM Latham",
              "runs": {
                "batter": 2,
                "extras": 0,
                "total": 2
              }
            },
            {
              "batter": "G Clark",
              "bowler": "RJ Gleeson",
              "non_striker": "TWM Latham",
              "runs": {
                "batter": 0,
                "extras": 0,
                "total": 0
              }
            },
            {
              "batter": "G Clark",
              "bowler": "RJ Gleeson",
              "non_striker": "TWM Latham",
              "runs": {
                "batter": 0,
                "extras": 0,
                "total": 0
              }
            },
            {
              "batter": "G Clark",
              "bowler": "RJ Gleeson",
              "extras": {
                "noballs": 2
              },
              "non_striker": "TWM Latham",
              "runs": {
                "batter": 0,
                "extras": 2,
                "total": 2
              }
            },
            {
              "batter": "G Clark",
              "bowler": "RJ Gleeson",
              "non_striker": "TWM Latham",
              "runs": {
                "batter": 0,
                "extras": 0,
                "total": 0
              }
            },
            {
              "batter": "G Clark",
              "bowler": "RJ Gleeson",
              "extras": {
                "legbyes": 1
              },
              "non_striker": "TWM Latham",
              "runs": {
                "batter": 0,
                "extras": 1,
                "total": 1
              }
            }
          ]
        },
        {
          "over": 2,
          "deliveries": [
            {
              "batter": "G Clark",
              "bowler": "NL Buck",
              "non_striker": "TWM Latham",
              "runs": {
                "batter": 0,
                "extras": 0,
                "total": 0
              }
            },
            {
              "batter": "G Clark",
              "bowler": "NL Buck",
              "non_striker": "TWM Latham",
              "runs": {
                "batter": 0,
                "extras": 0,
                "total": 0
              }
            },
            {
              "batter": "G Clark",
              "bowler": "NL Buck",
              "non_striker": "TWM Latham",
              "runs": {
                "batter": 1,
                "extras": 0,
                "total": 1
              }
            },
            {
              "batter": "TWM Latham",
              "bowler": "NL Buck",
              "non_striker": "G Clark",
              "runs": {
                "batter": 0,
                "extras": 0,
                "total": 0
              }
            },
            {
              "batter": "TWM Latham",
              "bowler": "NL Buck",
              "non_striker": "G Clark",
              "runs": {
                "batter": 1,
                "extras": 0,
                "total": 1
              }
            },
            {
              "batter": "G Clark",
              "bowler": "NL Buck",
              "extras": {
                "wides": 1
              },
              "non_striker": "TWM Latham",
              "runs": {
                "batter": 0,
                "extras": 1,
                "total": 1
              }
            },
            {
              "batter": "G Clark",
              "bowler": "NL Buck",
              "non_striker": "TWM Latham",
              "runs": {
                "batter": 1,
                "extras": 0,
                "total": 1
              }
            }
          ]
        },
        {
          "over": 3,
          "deliveries": [
            {
              "batter": "G Clark",
              "bowler": "RJ Gleeson",
              "non_striker": "TWM Latham",
              "runs": {
                "batter": 0,
                "extras": 0,
                "total": 0
              }
            },
            {
              "batter": "G Clark",
              "bowler": "RJ Gleeson",
              "non_striker": "TWM Latham",
              "runs": {
                "batter": 0,
                "extras": 0,
                "total": 0
              }
            },
            {
              "batter": "G Clark",
              "bowler": "RJ Gleeson",
              "non_striker": "TWM Latham",
              "runs": {
                "batter": 1,
                "extras": 0,
                "total": 1
              }
            },
            {
              "batter": "TWM Latham",
              "bowler": "RJ Gleeson",
              "non_striker": "G Clark",
              "runs": {
                "batter": 0,
                "extras": 0,
                "total": 0
              }
            },
            {
              "batter": "TWM Latham",
              "bowler": "RJ Gleeson",
              "non_striker": "G Clark",
              "runs": {
                "batter": 0,
                "extras": 0,
                "total": 0
              }
            },
            {
              "batter": "TWM Latham",
              "bowler": "RJ Gleeson",
              "non_striker": "G Clark",
              "runs": {
                "batter": 0,
                "extras": 0,
                "total": 0
              }
            }
          ]
        },
        {
          "over": 4,
          "deliveries": [
            {
              "batter": "G Clark",
              "bowler": "NL Buck",
              "non_striker": "TWM Latham",
              "runs": {
                "batter": 1,
                "extras": 0,
                "total": 1
              }
            },
            {
              "batter": "TWM Latham",
              "bowler": "NL Buck",
              "non_striker": "G Clark",
              "runs": {
                "batter": 0,
                "extras": 0,
                "total": 0
              }
            },
            {
              "batter": "TWM Latham",
              "bowler": "NL Buck",
              "non_striker": "G Clark",
              "runs": {
                "batter": 0,
                "extras": 0,
                "total": 0
              }
            },
            {
              "batter": "TWM Latham",
              "bowler": "NL Buck",
              "non_striker": "G Clark",
              "runs": {
                "batter": 1,
                "extras": 0,
                "total": 1
              }
            },
            {
              "batter": "G Clark",
              "bowler": "NL Buck",
              "non_striker": "TWM Latham",
              "runs": {
                "batter": 1,
                "extras": 0,
                "total": 1
              }
            },
            {
              "batter": "TWM Latham",
              "bowler": "NL Buck",
              "non_striker": "G Clark",
              "runs": {
                "batter": 1,
                "extras": 0,
                "total": 1
              }
            }
          ]
        },
        {
          "over": 5,
          "deliveries": [
            {
              "batter": "TWM Latham",
              "bowler": "S Prasanna",
              "non_striker": "G Clark",
              "runs": {
                "batter": 1,
                "extras": 0,
                "total": 1
              }
            },
            {
              "batter": "G Clark",
              "bowler": "S Prasanna",
              "non_striker": "TWM Latham",
              "runs": {
                "batter": 1,
                "extras": 0,
                "total": 1
              }
            },
            {
              "batter": "TWM Latham",
              "bowler": "S Prasanna",
              "non_striker": "G Clark",
              "runs": {
                "batter": 4,
                "extras": 0,
                "total": 4
              }
            },
            {
              "batter": "TWM Latham",
              "bowler": "S Prasanna",
              "non_striker": "G Clark",
              "runs": {
                "batter": 4,
                "extras": 0,
                "total": 4
              }
            },
            {
              "batter": "TWM Latham",
              "bowler": "S Prasanna",
              "non_striker": "G Clark",
              "runs": {
                "batter": 1,
                "extras": 0,
                "total": 1
              }
            },
            {
              "batter": "G Clark",
              "bowler": "S Prasanna",
              "non_striker": "TWM Latham",
              "runs": {
                "batter": 4,
                "extras": 0,
                "total": 4
              }
            }
          ]
        },
        {
          "over": 6,
          "deliveries": [
            {
              "batter": "TWM Latham",
              "bowler": "LA Procter",
              "non_striker": "G Clark",
              "runs": {
                "batter": 0,
                "extras": 0,
                "total": 0
              },
              "wickets": [
                {
                  "player_out": "TWM Latham",
                  "fielders": [
                    {
                      "name": "RJ Gleeson"
                    }
                  ],
                  "kind": "caught"
                }
              ]
            },
            {
              "batter": "G Clark",
              "bowler": "LA Procter",
              "non_striker": "PD Collingwood",
              "runs": {
                "batter": 2,
                "extras": 0,
                "total": 2
              }
            },
            {
              "batter": "G Clark",
              "bowler": "LA Procter",
              "non_striker": "PD Collingwood",
              "runs": {
                "batter": 1,
                "extras": 0,
                "total": 1
              }
            },
            {
              "batter": "PD Collingwood",
              "bowler": "LA Procter",
              "non_striker": "G Clark",
              "runs": {
                "batter": 1,
                "extras": 0,
                "total": 1
              }
            },
            {
              "batter": "G Clark",
              "bowler": "LA Procter",
              "non_striker": "PD Collingwood",
              "runs": {
                "batter": 4,
                "extras": 0,
                "total": 4
              }
            },
            {
              "batter": "G Clark",
              "bowler": "LA Procter",
              "extras": {
                "noballs": 2
              },
              "non_striker": "PD Collingwood",
              "runs": {
                "batter": 1,
                "extras": 2,
                "total": 3
              }
            },
            {
              "batter": "PD Collingwood",
              "bowler": "LA Procter",
              "non_striker": "G Clark",
              "runs": {
                "batter": 1,
                "extras": 0,
                "total": 1
              }
            }
          ]
        },
        {
          "over": 7,
          "deliveries": [
            {
              "batter": "PD Collingwood",
              "bowler": "S Prasanna",
              "non_striker": "G Clark",
              "runs": {
                "batter": 0,
                "extras": 0,
                "total": 0
              }
            },
            {
              "batter": "PD Collingwood",
              "bowler": "S Prasanna",
              "non_striker": "G Clark",
              "runs": {
                "batter": 0,
                "extras": 0,
                "total": 0
              }
            },
            {
              "batter": "PD Collingwood",
              "bowler": "S Prasanna",
              "non_striker": "G Clark",
              "runs": {
                "batter": 2,
                "extras": 0,
                "total": 2
              }
            },
            {
              "batter": "PD Collingwood",
              "bowler": "S Prasanna",
              "non_striker": "G Clark",
              "runs": {
                "batter": 1,
                "extras": 0,
                "total": 1
              }
            },
            {
              "batter": "G Clark",
              "bowler": "S Prasanna",
              "non_striker": "PD Collingwood",
              "runs": {
                "batter": 2,
                "extras": 0,
                "total": 2
              }
            },
            {
              "batter": "G Clark",
              "bowler": "S Prasanna",
              "non_striker": "PD Collingwood",
              "runs": {
                "batter": 0,
                "extras": 0,
                "total": 0
              }
            }
          ]
        },
        {
          "over": 8,
          "deliveries": [
            {
              "batter": "PD Collingwood",
              "bowler": "GG White",
              "extras": {
                "legbyes": 1
              },
              "non_striker": "G Clark",
              "runs": {
                "batter": 0,
                "extras": 1,
                "total": 1
              }
            },
            {
              "batter": "G Clark",
              "bowler": "GG White",
              "extras": {
                "wides": 1
              },
              "non_striker": "PD Collingwood",
              "runs": {
                "batter": 0,
                "extras": 1,
                "total": 1
              }
            },
            {
              "batter": "G Clark",
              "bowler": "GG White",
              "non_striker": "PD Collingwood",
              "runs": {
                "batter": 1,
                "extras": 0,
                "total": 1
              }
            },
            {
              "batter": "PD Collingwood",
              "bowler": "GG White",
              "non_striker": "G Clark",
              "runs": {
                "batter": 2,
                "extras": 0,
                "total": 2
              }
            },
            {
              "batter": "PD Collingwood",
              "bowler": "GG White",
              "non_striker": "G Clark",
              "runs": {
                "batter": 1,
                "extras": 0,
                "total": 1
              }
            },
            {
              "batter": "G Clark",
              "bowler": "GG White",
              "non_striker": "PD Collingwood",
              "runs": {
                "batter": 1,
                "extras": 0,
                "total": 1
              }
            },
            {
              "batter": "PD Collingwood",
              "bowler": "GG White",
              "non_striker": "G Clark",
              "runs": {
                "batter": 1,
                "extras": 0,
                "total": 1
              }
            }
          ]
        },
        {
          "over": 9,
          "deliveries": [
            {
              "batter": "PD Collingwood",
              "bowler": "S Prasanna",
              "non_striker": "G Clark",
              "runs": {
                "batter": 1,
                "extras": 0,
                "total": 1
              }
            },
            {
              "batter": "G Clark",
              "bowler": "S Prasanna",
              "non_striker": "PD Collingwood",
              "runs": {
                "batter": 0,
                "extras": 0,
                "total": 0
              },
              "wickets": [
                {
                  "player_out": "G Clark",
                  "kind": "bowled"
                }
              ]
            },
            {
              "batter": "L Trevaskis",
              "bowler": "S Prasanna",
              "non_striker": "PD Collingwood",
              "runs": {
                "batter": 1,
                "extras": 0,
                "total": 1
              }
            },
            {
              "batter": "PD Collingwood",
              "bowler": "S Prasanna",
              "non_striker": "L Trevaskis",
              "runs": {
                "batter": 1,
                "extras": 0,
                "total": 1
              }
            },
            {
              "batter": "L Trevaskis",
              "bowler": "S Prasanna",
              "non_striker": "PD Collingwood",
              "runs": {
                "batter": 0,
                "extras": 0,
                "total": 0
              }
            },
            {
              "batter": "L Trevaskis",
              "bowler": "S Prasanna",
              "non_striker": "PD Collingwood",
              "runs": {
                "batter": 4,
                "extras": 0,
                "total": 4
              }
            }
          ]
        },
        {
          "over": 10,
          "deliveries": [
            {
              "batter": "PD Collingwood",
              "bowler": "GG White",
              "non_striker": "L Trevaskis",
              "runs": {
                "batter": 0,
                "extras": 0,
                "total": 0
              }
            },
            {
              "batter": "PD Collingwood",
              "bowler": "GG White",
              "non_striker": "L Trevaskis",
              "runs": {
                "batter": 1,
                "extras": 0,
                "total": 1
              }
            },
            {
              "batter": "L Trevaskis",
              "bowler": "GG White",
              "non_striker": "PD Collingwood",
              "runs": {
                "batter": 1,
                "extras": 0,
                "total": 1
              }
            },
            {
              "batter": "PD Collingwood",
              "bowler": "GG White",
              "non_striker": "L Trevaskis",
              "runs": {
                "batter": 0,
                "extras": 0,
                "total": 0
              }
            },
            {
              "batter": "PD Collingwood",
              "bowler": "GG White",
              "non_striker": "L Trevaskis",
              "runs": {
                "batter": 1,
                "extras": 0,
                "total": 1
              }
            },
            {
              "batter": "L Trevaskis",
              "bowler": "GG White",
              "non_striker": "PD Collingwood",
              "runs": {
                "batter": 0,
                "extras": 0,
                "total": 0
              }
            }
          ]
        },
        {
          "over": 11,
          "deliveries": [
            {
              "batter": "PD Collingwood",
              "bowler": "JJ Cobb",
              "non_striker": "L Trevaskis",
              "runs": {
                "batter": 2,
                "extras": 0,
                "total": 2
              }
            },
            {
              "batter": "PD Collingwood",
              "bowler": "JJ Cobb",
              "non_striker": "L Trevaskis",
              "runs": {
                "batter": 0,
                "extras": 0,
                "total": 0
              }
            },
            {
              "batter": "PD Collingwood",
              "bowler": "JJ Cobb",
              "non_striker": "L Trevaskis",
              "runs": {
                "batter": 1,
                "extras": 0,
                "total": 1
              }
            },
            {
              "batter": "L Trevaskis",
              "bowler": "JJ Cobb",
              "non_striker": "PD Collingwood",
              "runs": {
                "batter": 6,
                "extras": 0,
                "total": 6
              }
            },
            {
              "batter": "L Trevaskis",
              "bowler": "JJ Cobb",
              "non_striker": "PD Collingwood",
              "runs": {
                "batter": 1,
                "extras": 0,
                "total": 1
              }
            },
            {
              "batter": "PD Collingwood",
              "bowler": "JJ Cobb",
              "non_striker": "L Trevaskis",
              "runs": {
                "batter": 2,
                "extras": 0,
                "total": 2
              }
            }
          ]
        },
        {
          "over": 12,
          "deliveries": [
            {
              "batter": "L Trevaskis",
              "bowler": "GG White",
              "non_striker": "PD Collingwood",
              "runs": {
                "batter": 3,
                "extras": 0,
                "total": 3
              }
            },
            {
              "batter": "PD Collingwood",
              "bowler": "GG White",
              "non_striker": "L Trevaskis",
              "runs": {
                "batter": 1,
                "extras": 0,
                "total": 1
              }
            },
            {
              "batter": "L Trevaskis",
              "bowler": "GG White",
              "extras": {
                "wides": 1
              },
              "non_striker": "PD Collingwood",
              "runs": {
                "batter": 0,
                "extras": 1,
                "total": 1
              }
            },
            {
              "batter": "L Trevaskis",
              "bowler": "GG White",
              "non_striker": "PD Collingwood",
              "runs": {
                "batter": 6,
                "extras": 0,
                "total": 6
              }
            },
            {
              "batter": "L Trevaskis",
              "bowler": "GG White",
              "non_striker": "PD Collingwood",
              "runs": {
                "batter": 1,
                "extras": 0,
                "total": 1
              }
            },
            {
              "batter": "PD Collingwood",
              "bowler": "GG White",
              "non_striker": "L Trevaskis",
              "runs": {
                "batter": 1,
                "extras": 0,
                "total": 1
              }
            },
            {
              "batter": "L Trevaskis",
              "bowler": "GG White",
              "non_striker": "PD Collingwood",
              "runs": {
                "batter": 2,
                "extras": 0,
                "total": 2
              }
            }
          ]
        },
        {
          "over": 13,
          "deliveries": [
            {
              "batter": "PD Collingwood",
              "bowler": "LA Procter",
              "non_striker": "L Trevaskis",
              "runs": {
                "batter": 0,
                "extras": 0,
                "total": 0
              }
            },
            {
              "batter": "PD Collingwood",
              "bowler": "LA Procter",
              "non_striker": "L Trevaskis",
              "runs": {
                "batter": 0,
                "extras": 0,
                "total": 0
              }
            },
            {
              "batter": "PD Collingwood",
              "bowler": "LA Procter",
              "non_striker": "L Trevaskis",
              "runs": {
                "batter": 1,
                "extras": 0,
                "total": 1
              }
            },
            {
              "batter": "L Trevaskis",
              "bowler": "LA Procter",
              "non_striker": "PD Collingwood",
              "runs": {
                "batter": 1,
                "extras": 0,
                "total": 1
              }
            },
            {
              "batter": "PD Collingwood",
              "bowler": "LA Procter",
              "non_striker": "L Trevaskis",
              "runs": {
                "batter": 1,
                "extras": 0,
                "total": 1
              }
            },
            {
              "batter": "L Trevaskis",
              "bowler": "LA Procter",
              "non_striker": "PD Collingwood",
              "runs": {
                "batter": 0,
                "extras": 0,
                "total": 0
              }
            }
          ]
        },
        {
          "over": 14,
          "deliveries": [
            {
              "batter": "PD Collingwood",
              "bowler": "RJ Gleeson",
              "non_striker": "L Trevaskis",
              "runs": {
                "batter": 4,
                "extras": 0,
                "total": 4
              }
            },
            {
              "batter": "PD Collingwood",
              "bowler": "RJ Gleeson",
              "non_striker": "L Trevaskis",
              "runs": {
                "batter": 0,
                "extras": 0,
                "total": 0
              }
            },
            {
              "batter": "PD Collingwood",
              "bowler": "RJ Gleeson",
              "non_striker": "L Trevaskis",
              "runs": {
                "batter": 4,
                "extras": 0,
                "total": 4
              }
            },
            {
              "batter": "PD Collingwood",
              "bowler": "RJ Gleeson",
              "non_striker": "L Trevaskis",
              "runs": {
                "batter": 1,
                "extras": 0,
                "total": 1
              }
            },
            {
              "batter": "L Trevaskis",
              "bowler": "RJ Gleeson",
              "non_striker": "PD Collingwood",
              "runs": {
                "batter": 0,
                "extras": 0,
                "total": 0
              },
              "wickets": [
                {
                  "player_out": "L Trevaskis",
                  "fielders": [
                    {
                      "name": "S Prasanna"
                    }
                  ],
                  "kind": "caught"
                }
              ]
            },
            {
              "batter": "PD Collingwood",
              "bowler": "RJ Gleeson",
              "non_striker": "RC Davies",
              "runs": {
                "batter": 2,
                "extras": 0,
                "total": 2
              }
            }
          ]
        },
        {
          "over": 15,
          "deliveries": [
            {
              "batter": "RC Davies",
              "bowler": "S Prasanna",
              "non_striker": "PD Collingwood",
              "runs": {
                "batter": 0,
                "extras": 0,
                "total": 0
              }
            },
            {
              "batter": "RC Davies",
              "bowler": "S Prasanna",
              "non_striker": "PD Collingwood",
              "runs": {
                "batter": 1,
                "extras": 0,
                "total": 1
              }
            },
            {
              "batter": "PD Collingwood",
              "bowler": "S Prasanna",
              "non_striker": "RC Davies",
              "runs": {
                "batter": 1,
                "extras": 0,
                "total": 1
              }
            },
            {
              "batter": "RC Davies",
              "bowler": "S Prasanna",
              "non_striker": "PD Collingwood",
              "runs": {
                "batter": 4,
                "extras": 0,
                "total": 4
              }
            },
            {
              "batter": "RC Davies",
              "bowler": "S Prasanna",
              "extras": {
                "wides": 2
              },
              "non_striker": "PD Collingwood",
              "runs": {
                "batter": 0,
                "extras": 2,
                "total": 2
              }
            },
            {
              "batter": "PD Collingwood",
              "bowler": "S Prasanna",
              "non_striker": "RC Davies",
              "runs": {
                "batter": 4,
                "extras": 0,
                "total": 4
              }
            },
            {
              "batter": "PD Collingwood",
              "bowler": "S Prasanna",
              "non_striker": "RC Davies",
              "runs": {
                "batter": 2,
                "extras": 0,
                "total": 2
              }
            }
          ]
        },
        {
          "over": 16,
          "deliveries": [
            {
              "batter": "RC Davies",
              "bowler": "NL Buck",
              "non_striker": "PD Collingwood",
              "runs": {
                "batter": 2,
                "extras": 0,
                "total": 2
              }
            },
            {
              "batter": "RC Davies",
              "bowler": "NL Buck",
              "non_striker": "PD Collingwood",
              "runs": {
                "batter": 0,
                "extras": 0,
                "total": 0
              },
              "wickets": [
                {
                  "player_out": "RC Davies",
                  "fielders": [
                    {
                      "name": "RJ Gleeson"
                    }
                  ],
                  "kind": "caught"
                }
              ]
            },
            {
              "batter": "PD Collingwood",
              "bowler": "NL Buck",
              "non_striker": "WJ Weighell",
              "runs": {
                "batter": 0,
                "extras": 0,
                "total": 0
              }
            },
            {
              "batter": "PD Collingwood",
              "bowler": "NL Buck",
              "non_striker": "WJ Weighell",
              "runs": {
                "batter": 1,
                "extras": 0,
                "total": 1
              }
            },
            {
              "batter": "WJ Weighell",
              "bowler": "NL Buck",
              "extras": {
                "byes": 4
              },
              "non_striker": "PD Collingwood",
              "runs": {
                "batter": 0,
                "extras": 4,
                "total": 4
              }
            },
            {
              "batter": "WJ Weighell",
              "bowler": "NL Buck",
              "non_striker": "PD Collingwood",
              "runs": {
                "batter": 0,
                "extras": 0,
                "total": 0
              }
            }
          ]
        },
        {
          "over": 17,
          "deliveries": [
            {
              "batter": "PD Collingwood",
              "bowler": "LA Procter",
              "non_striker": "WJ Weighell",
              "runs": {
                "batter": 1,
                "extras": 0,
                "total": 1
              }
            },
            {
              "batter": "WJ Weighell",
              "bowler": "LA Procter",
              "extras": {
                "legbyes": 1
              },
              "non_striker": "PD Collingwood",
              "runs": {
                "batter": 0,
                "extras": 1,
                "total": 1
              }
            },
            {
              "batter": "PD Collingwood",
              "bowler": "LA Procter",
              "non_striker": "WJ Weighell",
              "runs": {
                "batter": 1,
                "extras": 0,
                "total": 1
              }
            },
            {
              "batter": "WJ Weighell",
              "bowler": "LA Procter",
              "non_striker": "PD Collingwood",
              "runs": {
                "batter": 4,
                "extras": 0,
                "total": 4
              }
            },
            {
              "batter": "WJ Weighell",
              "bowler": "LA Procter",
              "non_striker": "PD Collingwood",
              "runs": {
                "batter": 0,
                "extras": 0,
                "total": 0
              }
            },
            {
              "batter": "WJ Weighell",
              "bowler": "LA Procter",
              "non_striker": "PD Collingwood",
              "runs": {
                "batter": 1,
                "extras": 0,
                "total": 1
              }
            }
          ]
        },
        {
          "over": 18,
          "deliveries": [
            {
              "batter": "WJ Weighell",
              "bowler": "NL Buck",
              "non_striker": "PD Collingwood",
              "runs": {
                "batter": 2,
                "extras": 0,
                "total": 2
              }
            },
            {
              "batter": "WJ Weighell",
              "bowler": "NL Buck",
              "non_striker": "PD Collingwood",
              "runs": {
                "batter": 0,
                "extras": 0,
                "total": 0
              }
            },
            {
              "batter": "WJ Weighell",
              "bowler": "NL Buck",
              "non_striker": "PD Collingwood",
              "runs": {
                "batter": 1,
                "extras": 0,
                "total": 1
              }
            },
            {
              "batter": "PD Collingwood",
              "bowler": "NL Buck",
              "non_striker": "WJ Weighell",
              "runs": {
                "batter": 1,
                "extras": 0,
                "total": 1
              }
            },
            {
              "batter": "WJ Weighell",
              "bowler": "NL Buck",
              "non_striker": "PD Collingwood",
              "runs": {
                "batter": 0,
                "extras": 0,
                "total": 0
              }
            },
            {
              "batter": "WJ Weighell",
              "bowler": "NL Buck",
              "non_striker": "PD Collingwood",
              "runs": {
                "batter": 6,
                "extras": 0,
                "total": 6
              }
            }
          ]
        },
        {
          "over": 19,
          "deliveries": [
            {
              "batter": "PD Collingwood",
              "bowler": "RJ Gleeson",
              "non_striker": "WJ Weighell",
              "runs": {
                "batter": 1,
                "extras": 0,
                "total": 1
              }
            },
            {
              "batter": "WJ Weighell",
              "bowler": "RJ Gleeson",
              "non_striker": "PD Collingwood",
              "runs": {
                "batter": 2,
                "extras": 0,
                "total": 2
              }
            },
            {
              "batter": "WJ Weighell",
              "bowler": "RJ Gleeson",
              "non_striker": "PD Collingwood",
              "runs": {
                "batter": 4,
                "extras": 0,
                "total": 4
              }
            },
            {
              "batter": "WJ Weighell",
              "bowler": "RJ Gleeson",
              "extras": {
                "legbyes": 3
              },
              "non_striker": "PD Collingwood",
              "runs": {
                "batter": 0,
                "extras": 3,
                "total": 3
              }
            },
            {
              "batter": "PD Collingwood",
              "bowler": "RJ Gleeson",
              "non_striker": "WJ Weighell",
              "runs": {
                "batter": 2,
                "extras": 0,
                "total": 2
              }
            },
            {
              "batter": "PD Collingwood",
              "bowler": "RJ Gleeson",
              "non_striker": "WJ Weighell",
              "runs": {
                "batter": 3,
                "extras": 0,
                "total": 3
              }
            }
          ]
        }
      ],
      "powerplays": [
        {
          "from": 0.1,
          "to": 5.6,
          "type": "mandatory"
        }
      ]
    },
    {
      "team": "Northamptonshire",
      "overs": [
        {
          "over": 0,
          "deliveries": [
            {
              "batter": "RE Levi",
              "bowler": "C Rushworth",
              "non_striker": "BM Duckett",
              "runs": {
                "batter": 0,
                "extras": 0,
                "total": 0
              }
            },
            {
              "batter": "RE Levi",
              "bowler": "C Rushworth",
              "non_striker": "BM Duckett",
              "runs": {
                "batter": 0,
                "extras": 0,
                "total": 0
              }
            },
            {
              "batter": "RE Levi",
              "bowler": "C Rushworth",
              "non_striker": "BM Duckett",
              "runs": {
                "batter": 1,
                "extras": 0,
                "total": 1
              }
            },
            {
              "batter": "BM Duckett",
              "bowler": "C Rushworth",
              "non_striker": "RE Levi",
              "runs": {
                "batter": 0,
                "extras": 0,
                "total": 0
              }
            },
            {
              "batter": "BM Duckett",
              "bowler": "C Rushworth",
              "non_striker": "RE Levi",
              "runs": {
                "batter": 0,
                "extras": 0,
                "total": 0
              }
            },
            {
              "batter": "BM Duckett",
              "bowler": "C Rushworth",
              "non_striker": "RE Levi",
              "runs": {
                "batter": 0,
                "extras": 0,
                "total": 0
              }
            }
          ]
        },
        {
          "over": 1,
          "deliveries": [
            {
              "batter": "RE Levi",
              "bowler": "WJ Weighell",
              "extras": {
                "wides": 1
              },
              "non_striker": "BM Duckett",
              "runs": {
                "batter": 0,
                "extras": 1,
                "total": 1
              }
            },
            {
              "batter": "RE Levi",
              "bowler": "WJ Weighell",
              "non_striker": "BM Duckett",
              "runs": {
                "batter": 0,
                "extras": 0,
                "total": 0
              }
            },
            {
              "batter": "RE Levi",
              "bowler": "WJ Weighell",
              "non_striker": "BM Duckett",
              "runs": {
                "batter": 1,
                "extras": 0,
                "total": 1
              }
            },
            {
              "batter": "BM Duckett",
              "bowler": "WJ Weighell",
              "non_striker": "RE Levi",
              "runs": {
                "batter": 0,
                "extras": 0,
                "total": 0
              }
            },
            {
              "batter": "BM Duckett",
              "bowler": "WJ Weighell",
              "extras": {
                "wides": 1
              },
              "non_striker": "RE Levi",
              "runs": {
                "batter": 0,
                "extras": 1,
                "total": 1
              }
            },
            {
              "batter": "BM Duckett",
              "bowler": "WJ Weighell",
              "non_striker": "RE Levi",
              "runs": {
                "batter": 0,
                "extras": 0,
                "total": 0
              }
            },
            {
              "batter": "BM Duckett",
              "bowler": "WJ Weighell",
              "non_striker": "RE Levi",
              "runs": {
                "batter": 2,
                "extras": 0,
                "total": 2
              }
            },
            {
              "batter": "BM Duckett",
              "bowler": "WJ Weighell",
              "non_striker": "RE Levi",
              "runs": {
                "batter": 1,
                "extras": 0,
                "total": 1
              }
            }
          ]
        },
        {
          "over": 2,
          "deliveries": [
            {
              "batter": "BM Duckett",
              "bowler": "C Rushworth",
              "non_striker": "RE Levi",
              "runs": {
                "batter": 4,
                "extras": 0,
                "total": 4
              }
            },
            {
              "batter": "BM Duckett",
              "bowler": "C Rushworth",
              "non_striker": "RE Levi",
              "runs": {
                "batter": 0,
                "extras": 0,
                "total": 0
              }
            },
            {
              "batter": "BM Duckett",
              "bowler": "C Rushworth",
              "non_striker": "RE Levi",
              "runs": {
                "batter": 2,
                "extras": 0,
                "total": 2
              }
            },
            {
              "batter": "BM Duckett",
              "bowler": "C Rushworth",
              "non_striker": "RE Levi",
              "runs": {
                "batter": 4,
                "extras": 0,
                "total": 4
              }
            },
            {
              "batter": "BM Duckett",
              "bowler": "C Rushworth",
              "non_striker": "RE Levi",
              "runs": {
                "batter": 0,
                "extras": 0,
                "total": 0
              }
            },
            {
              "batter": "BM Duckett",
              "bowler": "C Rushworth",
              "non_striker": "RE Levi",
              "runs": {
                "batter": 0,
                "extras": 0,
                "total": 0
              }
            }
          ]
        },
        {
          "over": 3,
          "deliveries": [
            {
              "batter": "RE Levi",
              "bowler": "NJ Rimmington",
              "non_striker": "BM Duckett",
              "runs": {
                "batter": 0,
                "extras": 0,
                "total": 0
              }
            },
            {
              "batter": "RE Levi",
              "bowler": "NJ Rimmington",
              "non_striker": "BM Duckett",
              "runs": {
                "batter": 0,
                "extras": 0,
                "total": 0
              }
            },
            {
              "batter": "RE Levi",
              "bowler": "NJ Rimmington",
              "non_striker": "BM Duckett",
              "runs": {
                "batter": 0,
                "extras": 0,
                "total": 0
              }
            },
            {
              "batter": "RE Levi",
              "bowler": "NJ Rimmington",
              "non_striker": "BM Duckett",
              "runs": {
                "batter": 0,
                "extras": 0,
                "total": 0
              }
            },
            {
              "batter": "RE Levi",
              "bowler": "NJ Rimmington",
              "non_striker": "BM Duckett",
              "runs": {
                "batter": 0,
                "extras": 0,
                "total": 0
              },
              "wickets": [
                {
                  "player_out": "RE Levi",
                  "fielders": [
                    {
                      "name": "G Clark"
                    }
                  ],
                  "kind": "caught"
                }
              ]
            },
            {
              "batter": "BM Duckett",
              "bowler": "NJ Rimmington",
              "non_striker": "JJ Cobb",
              "runs": {
                "batter": 0,
                "extras": 0,
                "total": 0
              }
            }
          ]
        },
        {
          "over": 4,
          "deliveries": [
            {
              "batter": "JJ Cobb",
              "bowler": "WJ Weighell",
              "non_striker": "BM Duckett",
              "runs": {
                "batter": 1,
                "extras": 0,
                "total": 1
              }
            },
            {
              "batter": "BM Duckett",
              "bowler": "WJ Weighell",
              "non_striker": "JJ Cobb",
              "runs": {
                "batter": 0,
                "extras": 0,
                "total": 0
              }
            },
            {
              "batter": "BM Duckett",
              "bowler": "WJ Weighell",
              "non_striker": "JJ Cobb",
              "runs": {
                "batter": 0,
                "extras": 0,
                "total": 0
              },
              "wickets": [
                {
                  "player_out": "BM Duckett",
                  "fielders": [
                    {
                      "name": "L Trevaskis"
                    }
                  ],
                  "kind": "caught"
                }
              ]
            },
            {
              "batter": "JJ Cobb",
              "bowler": "WJ Weighell",
              "non_striker": "AG Wakely",
              "runs": {
                "batter": 0,
                "extras": 0,
                "total": 0
              }
            },
            {
              "batter": "JJ Cobb",
              "bowler": "WJ Weighell",
              "non_striker": "AG Wakely",
              "runs": {
                "batter": 0,
                "extras": 0,
                "total": 0
              },
              "wickets": [
                {
                  "player_out": "JJ Cobb",
                  "fielders": [
                    {
                      "name": "TWM Latham"
                    }
                  ],
                  "kind": "caught"
                }
              ]
            },
            {
              "batter": "R Vasconcelos",
              "bowler": "WJ Weighell",
              "non_striker": "AG Wakely",
              "runs": {
                "batter": 0,
                "extras": 0,
                "total": 0
              }
            }
          ]
        },
        {
          "over": 5,
          "deliveries": [
            {
              "batter": "AG Wakely",
              "bowler": "C Rushworth",
              "non_striker": "R Vasconcelos",
              "runs": {
                "batter": 0,
                "extras": 0,
                "total": 0
              }
            },
            {
              "batter": "AG Wakely",
              "bowler": "C Rushworth",
              "non_striker": "R Vasconcelos",
              "runs": {
                "batter": 1,
                "extras": 0,
                "total": 1
              }
            },
            {
              "batter": "R Vasconcelos",
              "bowler": "C Rushworth",
              "non_striker": "AG Wakely",
              "runs": {
                "batter": 1,
                "extras": 0,
                "total": 1
              }
            },
            {
              "batter": "AG Wakely",
              "bowler": "C Rushworth",
              "non_striker": "R Vasconcelos",
              "runs": {
                "batter": 4,
                "extras": 0,
                "total": 4
              }
            },
            {
              "batter": "AG Wakely",
              "bowler": "C Rushworth",
              "non_striker": "R Vasconcelos",
              "runs": {
                "batter": 0,
                "extras": 0,
                "total": 0
              }
            },
            {
              "batter": "AG Wakely",
              "bowler": "C Rushworth",
              "non_striker": "R Vasconcelos",
              "runs": {
                "batter": 0,
                "extras": 0,
                "total": 0
              }
            }
          ]
        },
        {
          "over": 6,
          "deliveries": [
            {
              "batter": "R Vasconcelos",
              "bowler": "PD Collingwood",
              "non_striker": "AG Wakely",
              "runs": {
                "batter": 1,
                "extras": 0,
                "total": 1
              }
            },
            {
              "batter": "AG Wakely",
              "bowler": "PD Collingwood",
              "non_striker": "R Vasconcelos",
              "runs": {
                "batter": 1,
                "extras": 0,
                "total": 1
              }
            },
            {
              "batter": "R Vasconcelos",
              "bowler": "PD Collingwood",
              "non_striker": "AG Wakely",
              "runs": {
                "batter": 2,
                "extras": 0,
                "total": 2
              }
            },
            {
              "batter": "R Vasconcelos",
              "bowler": "PD Collingwood",
              "non_striker": "AG Wakely",
              "runs": {
                "batter": 0,
                "extras": 0,
                "total": 0
              }
            },
            {
              "batter": "R Vasconcelos",
              "bowler": "PD Collingwood",
              "non_striker": "AG Wakely",
              "runs": {
                "batter": 0,
                "extras": 0,
                "total": 0
              }
            },
            {
              "batter": "R Vasconcelos",
              "bowler": "PD Collingwood",
              "non_striker": "AG Wakely",
              "runs": {
                "batter": 1,
                "extras": 0,
                "total": 1
              }
            }
          ]
        },
        {
          "over": 7,
          "deliveries": [
            {
              "batter": "R Vasconcelos",
              "bowler": "Imran Tahir",
              "non_striker": "AG Wakely",
              "runs": {
                "batter": 1,
                "extras": 0,
                "total": 1
              }
            },
            {
              "batter": "AG Wakely",
              "bowler": "Imran Tahir",
              "non_striker": "R Vasconcelos",
              "runs": {
                "batter": 1,
                "extras": 0,
                "total": 1
              }
            },
            {
              "batter": "R Vasconcelos",
              "bowler": "Imran Tahir",
              "non_striker": "AG Wakely",
              "runs": {
                "batter": 0,
                "extras": 0,
                "total": 0
              }
            },
            {
              "batter": "R Vasconcelos",
              "bowler": "Imran Tahir",
              "non_striker": "AG Wakely",
              "runs": {
                "batter": 0,
                "extras": 0,
                "total": 0
              }
            },
            {
              "batter": "R Vasconcelos",
              "bowler": "Imran Tahir",
              "non_striker": "AG Wakely",
              "runs": {
                "batter": 0,
                "extras": 0,
                "total": 0
              },
              "wickets": [
                {
                  "player_out": "R Vasconcelos",
                  "kind": "lbw"
                }
              ]
            },
            {
              "batter": "SP Crook",
              "bowler": "Imran Tahir",
              "non_striker": "AG Wakely",
              "runs": {
                "batter": 0,
                "extras": 0,
                "total": 0
              }
            }
          ]
        },
        {
          "over": 8,
          "deliveries": [
            {
              "batter": "AG Wakely",
              "bowler": "PD Collingwood",
              "non_striker": "SP Crook",
              "runs": {
                "batter": 1,
                "extras": 0,
                "total": 1
              }
            },
            {
              "batter": "SP Crook",
              "bowler": "PD Collingwood",
              "non_striker": "AG Wakely",
              "runs": {
                "batter": 0,
                "extras": 0,
                "total": 0
              }
            },
            {
              "batter": "SP Crook",
              "bowler": "PD Collingwood",
              "non_striker": "AG Wakely",
              "runs": {
                "batter": 1,
                "extras": 0,
                "total": 1
              }
            },
            {
              "batter": "AG Wakely",
              "bowler": "PD Collingwood",
              "non_striker": "SP Crook",
              "runs": {
                "batter": 0,
                "extras": 0,
                "total": 0
              }
            },
            {
              "batter": "AG Wakely",
              "bowler": "PD Collingwood",
              "non_striker": "SP Crook",
              "runs": {
                "batter": 1,
                "extras": 0,
                "total": 1
              }
            },
            {
              "batter": "SP Crook",
              "bowler": "PD Collingwood",
              "non_striker": "AG Wakely",
              "runs": {
                "batter": 1,
                "extras": 0,
                "total": 1
              }
            }
          ]
        },
        {
          "over": 9,
          "deliveries": [
            {
              "batter": "SP Crook",
              "bowler": "RD Pringle",
              "non_striker": "AG Wakely",
              "runs": {
                "batter": 2,
                "extras": 0,
                "total": 2
              }
            },
            {
              "batter": "SP Crook",
              "bowler": "RD Pringle",
              "non_striker": "AG Wakely",
              "runs": {
                "batter": 2,
                "extras": 0,
                "total": 2
              }
            },
            {
              "batter": "SP Crook",
              "bowler": "RD Pringle",
              "non_striker": "AG Wakely",
              "runs": {
                "batter": 2,
                "extras": 0,
                "total": 2
              }
            },
            {
              "batter": "SP Crook",
              "bowler": "RD Pringle",
              "non_striker": "AG Wakely",
              "runs": {
                "batter": 2,
                "extras": 0,
                "total": 2
              }
            },
            {
              "batter": "SP Crook",
              "bowler": "RD Pringle",
              "non_striker": "AG Wakely",
              "runs": {
                "batter": 4,
                "extras": 0,
                "total": 4
              }
            },
            {
              "batter": "SP Crook",
              "bowler": "RD Pringle",
              "non_striker": "AG Wakely",
              "runs": {
                "batter": 1,
                "extras": 0,
                "total": 1
              }
            }
          ]
        },
        {
          "over": 10,
          "deliveries": [
            {
              "batter": "SP Crook",
              "bowler": "NJ Rimmington",
              "non_striker": "AG Wakely",
              "runs": {
                "batter": 0,
                "extras": 0,
                "total": 0
              }
            },
            {
              "batter": "SP Crook",
              "bowler": "NJ Rimmington",
              "non_striker": "AG Wakely",
              "runs": {
                "batter": 1,
                "extras": 0,
                "total": 1
              }
            },
            {
              "batter": "AG Wakely",
              "bowler": "NJ Rimmington",
              "non_striker": "SP Crook",
              "runs": {
                "batter": 1,
                "extras": 0,
                "total": 1
              }
            },
            {
              "batter": "SP Crook",
              "bowler": "NJ Rimmington",
              "non_striker": "AG Wakely",
              "runs": {
                "batter": 2,
                "extras": 0,
                "total": 2
              }
            },
            {
              "batter": "SP Crook",
              "bowler": "NJ Rimmington",
              "extras": {
                "noballs": 2
              },
              "non_striker": "AG Wakely",
              "runs": {
                "batter": 0,
                "extras": 2,
                "total": 2
              }
            },
            {
              "batter": "SP Crook",
              "bowler": "NJ Rimmington",
              "non_striker": "AG Wakely",
              "runs": {
                "batter": 2,
                "extras": 0,
                "total": 2
              }
            },
            {
              "batter": "SP Crook",
              "bowler": "NJ Rimmington",
              "non_striker": "AG Wakely",
              "runs": {
                "batter": 1,
                "extras": 0,
                "total": 1
              }
            }
          ]
        },
        {
          "over": 11,
          "deliveries": [
            {
              "batter": "SP Crook",
              "bowler": "Imran Tahir",
              "non_striker": "AG Wakely",
              "runs": {
                "batter": 0,
                "extras": 0,
                "total": 0
              },
              "wickets": [
                {
                  "player_out": "SP Crook",
                  "kind": "bowled"
                }
              ]
            },
            {
              "batter": "S Prasanna",
              "bowler": "Imran Tahir",
              "non_striker": "AG Wakely",
              "runs": {
                "batter": 0,
                "extras": 0,
                "total": 0
              }
            },
            {
              "batter": "S Prasanna",
              "bowler": "Imran Tahir",
              "non_striker": "AG Wakely",
              "runs": {
                "batter": 1,
                "extras": 0,
                "total": 1
              }
            },
            {
              "batter": "AG Wakely",
              "bowler": "Imran Tahir",
              "non_striker": "S Prasanna",
              "runs": {
                "batter": 1,
                "extras": 0,
                "total": 1
              }
            },
            {
              "batter": "S Prasanna",
              "bowler": "Imran Tahir",
              "non_striker": "AG Wakely",
              "runs": {
                "batter": 1,
                "extras": 0,
                "total": 1
              }
            },
            {
              "batter": "AG Wakely",
              "bowler": "Imran Tahir",
              "non_striker": "S Prasanna",
              "runs": {
                "batter": 2,
                "extras": 0,
                "total": 2
              }
            }
          ]
        },
        {
          "over": 12,
          "deliveries": [
            {
              "batter": "S Prasanna",
              "bowler": "C Rushworth",
              "non_striker": "AG Wakely",
              "runs": {
                "batter": 1,
                "extras": 0,
                "total": 1
              }
            },
            {
              "batter": "AG Wakely",
              "bowler": "C Rushworth",
              "non_striker": "S Prasanna",
              "runs": {
                "batter": 0,
                "extras": 0,
                "total": 0
              }
            },
            {
              "batter": "AG Wakely",
              "bowler": "C Rushworth",
              "non_striker": "S Prasanna",
              "runs": {
                "batter": 1,
                "extras": 0,
                "total": 1
              }
            },
            {
              "batter": "S Prasanna",
              "bowler": "C Rushworth",
              "non_striker": "AG Wakely",
              "runs": {
                "batter": 1,
                "extras": 0,
                "total": 1
              }
            },
            {
              "batter": "AG Wakely",
              "bowler": "C Rushworth",
              "non_striker": "S Prasanna",
              "runs": {
                "batter": 0,
                "extras": 0,
                "total": 0
              },
              "wickets": [
                {
                  "player_out": "AG Wakely",
                  "fielders": [
                    {
                      "name": "NJ Rimmington"
                    }
                  ],
                  "kind": "caught"
                }
              ]
            },
            {
              "batter": "S Prasanna",
              "bowler": "C Rushworth",
              "non_striker": "LA Procter",
              "runs": {
                "batter": 0,
                "extras": 0,
                "total": 0
              }
            }
          ]
        },
        {
          "over": 13,
          "deliveries": [
            {
              "batter": "LA Procter",
              "bowler": "RD Pringle",
              "non_striker": "S Prasanna",
              "runs": {
                "batter": 1,
                "extras": 0,
                "total": 1
              }
            },
            {
              "batter": "S Prasanna",
              "bowler": "RD Pringle",
              "non_striker": "LA Procter",
              "runs": {
                "batter": 0,
                "extras": 0,
                "total": 0
              }
            },
            {
              "batter": "S Prasanna",
              "bowler": "RD Pringle",
              "non_striker": "LA Procter",
              "runs": {
                "batter": 1,
                "extras": 0,
                "total": 1
              }
            },
            {
              "batter": "LA Procter",
              "bowler": "RD Pringle",
              "non_striker": "S Prasanna",
              "runs": {
                "batter": 0,
                "extras": 0,
                "total": 0
              },
              "wickets": [
                {
                  "player_out": "LA Procter",
                  "kind": "caught and bowled"
                }
              ]
            },
            {
              "batter": "GG White",
              "bowler": "RD Pringle",
              "non_striker": "S Prasanna",
              "runs": {
                "batter": 2,
                "extras": 0,
                "total": 2
              }
            },
            {
              "batter": "GG White",
              "bowler": "RD Pringle",
              "non_striker": "S Prasanna",
              "runs": {
                "batter": 6,
                "extras": 0,
                "total": 6
              }
            }
          ]
        },
        {
          "over": 14,
          "deliveries": [
            {
              "batter": "S Prasanna",
              "bowler": "Imran Tahir",
              "non_striker": "GG White",
              "runs": {
                "batter": 1,
                "extras": 0,
                "total": 1
              }
            },
            {
              "batter": "GG White",
              "bowler": "Imran Tahir",
              "non_striker": "S Prasanna",
              "runs": {
                "batter": 1,
                "extras": 0,
                "total": 1
              }
            },
            {
              "batter": "S Prasanna",
              "bowler": "Imran Tahir",
              "non_striker": "GG White",
              "runs": {
                "batter": 1,
                "extras": 0,
                "total": 1
              }
            },
            {
              "batter": "GG White",
              "bowler": "Imran Tahir",
              "non_striker": "S Prasanna",
              "runs": {
                "batter": 0,
                "extras": 0,
                "total": 0
              }
            },
            {
              "batter": "GG White",
              "bowler": "Imran Tahir",
              "non_striker": "S Prasanna",
              "runs": {
                "batter": 1,
                "extras": 0,
                "total": 1
              }
            },
            {
              "batter": "S Prasanna",
              "bowler": "Imran Tahir",
              "non_striker": "GG White",
              "runs": {
                "batter": 2,
                "extras": 0,
                "total": 2
              }
            }
          ]
        },
        {
          "over": 15,
          "deliveries": [
            {
              "batter": "GG White",
              "bowler": "NJ Rimmington",
              "non_striker": "S Prasanna",
              "runs": {
                "batter": 0,
                "extras": 0,
                "total": 0
              }
            },
            {
              "batter": "GG White",
              "bowler": "NJ Rimmington",
              "non_striker": "S Prasanna",
              "runs": {
                "batter": 0,
                "extras": 0,
                "total": 0
              },
              "wickets": [
                {
                  "player_out": "GG White",
                  "fielders": [
                    {
                      "name": "BJ McCarthy",
                      "substitute": true
                    }
                  ],
                  "kind": "caught"
                }
              ]
            },
            {
              "batter": "S Prasanna",
              "bowler": "NJ Rimmington",
              "non_striker": "NL Buck",
              "runs": {
                "batter": 0,
                "extras": 0,
                "total": 0
              }
            },
            {
              "batter": "S Prasanna",
              "bowler": "NJ Rimmington",
              "non_striker": "NL Buck",
              "runs": {
                "batter": 6,
                "extras": 0,
                "total": 6
              }
            },
            {
              "batter": "S Prasanna",
              "bowler": "NJ Rimmington",
              "non_striker": "NL Buck",
              "runs": {
                "batter": 4,
                "extras": 0,
                "total": 4
              }
            },
            {
              "batter": "S Prasanna",
              "bowler": "NJ Rimmington",
              "non_striker": "NL Buck",
              "runs": {
                "batter": 1,
                "extras": 0,
                "total": 1
              }
            }
          ]
        },
        {
          "over": 16,
          "deliveries": [
            {
              "batter": "S Prasanna",
              "bowler": "Imran Tahir",
              "non_striker": "NL Buck",
              "runs": {
                "batter": 2,
                "extras": 0,
                "total": 2
              }
            },
            {
              "batter": "S Prasanna",
              "bowler": "Imran Tahir",
              "non_striker": "NL Buck",
              "runs": {
                "batter": 0,
                "extras": 0,
                "total": 0
              },
              "wickets": [
                {
                  "player_out": "S Prasanna",
                  "fielders": [
                    {
                      "name": "TWM Latham"
                    }
                  ],
                  "kind": "caught"
                }
              ]
            },
            {
              "batter": "RJ Gleeson",
              "bowler": "Imran Tahir",
              "non_striker": "NL Buck",
              "runs": {
                "batter": 0,
                "extras": 0,
                "total": 0
              }
            },
            {
              "batter": "RJ Gleeson",
              "bowler": "Imran Tahir",
              "non_striker": "NL Buck",
              "runs": {
                "batter": 0,
                "extras": 0,
                "total": 0
              }
            },
            {
              "batter": "RJ Gleeson",
              "bowler": "Imran Tahir",
              "non_striker": "NL Buck",
              "runs": {
                "batter": 1,
                "extras": 0,
                "total": 1
              }
            },
            {
              "batter": "NL Buck",
              "bowler": "Imran Tahir",
              "non_striker": "RJ Gleeson",
              "runs": {
                "batter": 0,
                "extras": 0,
                "total": 0
              },
              "wickets": [
                {
                  "player_out": "NL Buck",
                  "kind": "lbw"
                }
              ]
            }
          ]
        }
      ],
      "powerplays": [
        {
          "from": 0.1,
          "to": 5.6,
          "type": "mandatory"
        }
      ],
      "target": {
        "overs": 20,
        "runs": 171
      }
    }
  ]
}