{
  "meta": {
    "data_version": "1.0.0",
    "created": "2020-06-22",
    "revision": 1
  },
  "info": {
    "balls_per_over": 6,
    "city": "Nottingham",
    "dates": [
      "2018-07-20"
    ],
    "event": {
      "name": "Vitality Blast",
      "group": "North"
    },
    "gender": "male",
    "match_type": "T20",
    "officials": {
      "umpires": [
        "PR Pollard",
        "RJ Bailey"
      ]
    },
    "outcome": {
      "winner": "Leicestershire",
      "by": {
        "runs": 17
      }
    },
    "overs": 20,
    "player_of_match": [
      "BA Raine"
    ],
    "players": {
      "Leicestershire": [
        "CS Delport",
        "NJ Dexter",
        "MJ Cosgrove",
        "BA Raine",
        "CN Ackermann",
        "Mohammad Nabi",
        "ZJ Chappell",
        "TJ Wells",
        "EJH Eckersley",
        "CF Parkinson",
        "Mohammad Abbas"
      ],
      "Nottinghamshire": [
        "MH Wessels",
        "WAR Fraine",
        "TJ Moores",
        "SR Patel",
        "DT Christian",
        "SJ Mullaney",
        "JT Ball",
        "WT Root",
        "JD Libby",
        "IS Sodhi",
        "HF Gurney"
      ]
    },
    "registry": {
      "people": {
        "BA Raine": "4c0f3806",
        "CF Parkinson": "aa1210d8",
        "CN Ackermann": "e734d090",
        "CS Delport": "afa78c3a",
        "DT Christian": "2a2e6343",
        "EJH Eckersley": "d510d457",
        "HF Gurney": "e412cb64",
        "IS Sodhi": "641ac5ff",
        "JD Libby": "0d61d8f0",
        "JT Ball": "3d0ed2f9",
        "MH Wessels": "90f47cf2",
        "MJ Cosgrove": "be768595",
        "Mohammad Abbas": "a089f93f",
        "Mohammad Nabi": "62af8546",
        "NJ Dexter": "dc670143",
        "PR Pollard": "85d884bb",
        "RJ Bailey": "6bd04fa5",
        "SJ Mullaney": "0e0d43b4",
        "SR Patel": "18fac429",
        "TJ Moores": "85dcb721",
        "TJ Wells": "eb1a5b03",
        "WAR Fraine": "e3bc992b",
        "WT Root": "72898514",
        "ZJ Chappell": "fe5b4367"
      }
    },
    "season": "2018",
    "team_type": "club",
    "teams": [
      "Leicestershire",
      "Nottinghamshire"
    ],
    "toss": {
      "decision": "field",
      "winner": "Nottinghamshire"
    },
    "venue": "Trent Bridge"
  },
  "innings": [
    {
      "team": "Leicestershire",
      "overs": [
        {
          "over": 0,
          "deliveries": [
            {
              "batter": "CS Delport",
              "bowler": "SR Patel",
              "non_striker": "NJ Dexter",
              "runs": {
                "batter": 1,
                "extras": 0,
                "total": 1
              }
            },
            {
              "batter": "NJ Dexter",
              "bowler": "SR Patel",
              "non_striker": "CS Delport",
              "runs": {
                "batter": 0,
                "extras": 0,
                "total": 0
              }
            },
            {
              "batter": "NJ Dexter",
              "bowler": "SR Patel",
              "non_striker": "CS Delport",
              "runs": {
                "batter": 1,
                "extras": 0,
                "total": 1
              }
            },
            {
              "batter": "CS Delport",
              "bowler": "SR Patel",
              "non_striker": "NJ Dexter",
              "runs": {
                "batter": 1,
                "extras": 0,
                "total": 1
              }
            },
            {
              "batter": "NJ Dexter",
              "bowler": "SR Patel",
              "non_striker": "CS Delport",
              "runs": {
                "batter": 0,
                "extras": 0,
                "total": 0
              }
            },
            {
              "batter": "NJ Dexter",
              "bowler": "SR Patel",
              "non_striker": "CS Delport",
              "runs": {
                "batter": 1,
                "extras": 0,
                "total": 1
              }
            }
          ]
        },
        {
          "over": 1,
          "deliveries": [
            {
              "batter": "NJ Dexter",
              "bowler": "HF Gurney",
              "non_striker": "CS Delport",
              "runs": {
                "batter": 0,
                "extras": 0,
                "total": 0
              }
            },
            {
              "batter": "NJ Dexter",
              "bowler": "HF Gurney",
              "non_striker": "CS Delport",
              "runs": {
                "batter": 4,
                "extras": 0,
                "total": 4
              }
            },
            {
              "batter": "NJ Dexter",
              "bowler": "HF Gurney",
              "non_striker": "CS Delport",
              "runs": {
                "batter": 4,
                "extras": 0,
                "total": 4
              }
            },
            {
              "batter": "NJ Dexter",
              "bowler": "HF Gurney",
              "non_striker": "CS Delport",
              "runs": {
                "batter": 1,
                "extras": 0,
                "total": 1
              }
            },
            {
              "batter": "CS Delport",
              "bowler": "HF Gurney",
              "non_striker": "NJ Dexter",
              "runs": {
                "batter": 0,
                "extras": 0,
                "total": 0
              }
            },
            {
              "batter": "CS Delport",
              "bowler": "HF Gurney",
              "non_striker": "NJ Dexter",
              "runs": {
                "batter": 4,
                "extras": 0,
                "total": 4
              }
            }
          ]
        },
        {
          "over": 2,
          "deliveries": [
            {
              "batter": "NJ Dexter",
              "bowler": "JT Ball",
              "non_striker": "CS Delport",
              "runs": {
                "batter": 1,
                "extras": 0,
                "total": 1
              }
            },
            {
              "batter": "CS Delport",
              "bowler": "JT Ball",
              "extras": {
                "wides": 1
              },
              "non_striker": "NJ Dexter",
              "runs": {
                "batter": 0,
                "extras": 1,
                "total": 1
              }
            },
            {
              "batter": "CS Delport",
              "bowler": "JT Ball",
              "non_striker": "NJ Dexter",
              "runs": {
                "batter": 1,
                "extras": 0,
                "total": 1
              }
            },
            {
              "batter": "NJ Dexter",
              "bowler": "JT Ball",
              "non_striker": "CS Delport",
              "runs": {
                "batter": 4,
                "extras": 0,
                "total": 4
              }
            },
            {
              "batter": "NJ Dexter",
              "bowler": "JT Ball",
              "non_striker": "CS Delport",
              "runs": {
                "batter": 6,
                "extras": 0,
                "total": 6
              }
            },
            {
              "batter": "NJ Dexter",
              "bowler": "JT Ball",
              "non_striker": "CS Delport",
              "runs": {
                "batter": 1,
                "extras": 0,
                "total": 1
              }
            },
            {
              "batter": "CS Delport",
              "bowler": "JT Ball",
              "non_striker": "NJ Dexter",
              "runs": {
                "batter": 4,
                "extras": 0,
                "total": 4
              }
            }
          ]
        },
        {
          "over": 3,
          "deliveries": [
            {
              "batter": "NJ Dexter",
              "bowler": "DT Christian",
              "non_striker": "CS Delport",
              "runs": {
                "batter": 4,
                "extras": 0,
                "total": 4
              }
            },
            {
              "batter": "NJ Dexter",
              "bowler": "DT Christian",
              "non_striker": "CS Delport",
              "runs": {
                "batter": 1,
                "extras": 0,
                "total": 1
              }
            },
            {
              "batter": "CS Delport",
              "bowler": "DT Christian",
              "non_striker": "NJ Dexter",
              "runs": {
                "batter": 4,
                "extras": 0,
                "total": 4
              }
            },
            {
              "batter": "CS Delport",
              "bowler": "DT Christian",
              "non_striker": "NJ Dexter",
              "runs": {
                "batter": 1,
                "extras": 0,
                "total": 1
              }
            },
            {
              "batter": "NJ Dexter",
              "bowler": "DT Christian",
              "non_striker": "CS Delport",
              "runs": {
                "batter": 2,
                "extras": 0,
                "total": 2
              }
            },
            {
              "batter": "NJ Dexter",
              "bowler": "DT Christian",
              "non_striker": "CS Delport",
              "runs": {
                "batter": 0,
                "extras": 0,
                "total": 0
              }
            }
          ]
        },
        {
          "over": 4,
          "deliveries": [
            {
              "batter": "CS Delport",
              "bowler": "HF Gurney",
              "non_striker": "NJ Dexter",
              "runs": {
                "batter": 0,
                "extras": 0,
                "total": 0
              }
            },
            {
              "batter": "CS Delport",
              "bowler": "HF Gurney",
              "non_striker": "NJ Dexter",
              "runs": {
                "batter": 1,
                "extras": 0,
                "total": 1
              }
            },
            {
              "batter": "NJ Dexter",
              "bowler": "HF Gurney",
              "non_striker": "CS Delport",
              "runs": {
                "batter": 0,
                "extras": 0,
                "total": 0
              },
              "wickets": [
                {
                  "player_out": "NJ Dexter",
                  "fielders": [
                    {
                      "name": "WAR Fraine"
                    }
                  ],
                  "kind": "caught"
                }
              ]
            },
            {
              "batter": "MJ Cosgrove",
              "bowler": "HF Gurney",
              "non_striker": "CS Delport",
              "runs": {
                "batter": 0,
                "extras": 0,
                "total": 0
              }
            },
            {
              "batter": "MJ Cosgrove",
              "bowler": "HF Gurney",
              "non_striker": "CS Delport",
              "runs": {
                "batter": 0,
                "extras": 0,
                "total": 0
              }
            },
            {
              "batter": "MJ Cosgrove",
              "bowler": "HF Gurney",
              "non_striker": "CS Delport",
              "runs": {
                "batter": 0,
                "extras": 0,
                "total": 0
              }
            }
          ]
        },
        {
          "over": 5,
          "deliveries": [
            {
              "batter": "CS Delport",
              "bowler": "JT Ball",
              "non_striker": "MJ Cosgrove",
              "runs": {
                "batter": 0,
                "extras": 0,
                "total": 0
              }
            },
            {
              "batter": "CS Delport",
              "bowler": "JT Ball",
              "non_striker": "MJ Cosgrove",
              "runs": {
                "batter": 0,
                "extras": 0,
                "total": 0
              }
            },
            {
              "batter": "CS Delport",
              "bowler": "JT Ball",
              "non_striker": "MJ Cosgrove",
              "runs": {
                "batter": 4,
                "extras": 0,
                "total": 4
              }
            },
            {
              "batter": "CS Delport",
              "bowler": "JT Ball",
              "non_striker": "MJ Cosgrove",
              "runs": {
                "batter": 0,
                "extras": 0,
                "total": 0
              }
            },
            {
              "batter": "CS Delport",
              "bowler": "JT Ball",
              "non_striker": "MJ Cosgrove",
              "runs": {
                "batter": 0,
                "extras": 0,
                "total": 0
              },
              "wickets": [
                {
                  "player_out": "CS Delport",
                  "kind": "bowled"
                }
              ]
            },
            {
              "batter": "BA Raine",
              "bowler": "JT Ball",
              "non_striker": "MJ Cosgrove",
              "runs": {
                "batter": 1,
                "extras": 0,
                "total": 1
              }
            }
          ]
        },
        {
          "over": 6,
          "deliveries": [
            {
              "batter": "BA Raine",
              "bowler": "SR Patel",
              "non_striker": "MJ Cosgrove",
              "runs": {
                "batter": 1,
                "extras": 0,
                "total": 1
              }
            },
            {
              "batter": "MJ Cosgrove",
              "bowler": "SR Patel",
              "non_striker": "BA Raine",
              "runs": {
                "batter": 1,
                "extras": 0,
                "total": 1
              }
            },
            {
              "batter": "BA Raine",
              "bowler": "SR Patel",
              "non_striker": "MJ Cosgrove",
              "runs": {
                "batter": 1,
                "extras": 0,
                "total": 1
              }
            },
            {
              "batter": "MJ Cosgrove",
              "bowler": "SR Patel",
              "non_striker": "BA Raine",
              "runs": {
                "batter": 1,
                "extras": 0,
                "total": 1
              }
            },
            {
              "batter": "BA Raine",
              "bowler": "SR Patel",
              "non_striker": "MJ Cosgrove",
              "runs": {
                "batter": 1,
                "extras": 0,
                "total": 1
              }
            },
            {
              "batter": "MJ Cosgrove",
              "bowler": "SR Patel",
              "non_striker": "BA Raine",
              "runs": {
                "batter": 1,
                "extras": 0,
                "total": 1
              }
            }
          ]
        },
        {
          "over": 7,
          "deliveries": [
            {
              "batter": "MJ Cosgrove",
              "bowler": "IS Sodhi",
              "non_striker": "BA Raine",
              "runs": {
                "batter": 1,
                "extras": 0,
                "total": 1
              }
            },
            {
              "batter": "BA Raine",
              "bowler": "IS Sodhi",
              "non_striker": "MJ Cosgrove",
              "runs": {
                "batter": 1,
                "extras": 0,
                "total": 1
              }
            },
            {
              "batter": "MJ Cosgrove",
              "bowler": "IS Sodhi",
              "non_striker": "BA Raine",
              "runs": {
                "batter": 1,
                "extras": 0,
                "total": 1
              }
            },
            {
              "batter": "BA Raine",
              "bowler": "IS Sodhi",
              "non_striker": "MJ Cosgrove",
              "runs": {
                "batter": 0,
                "extras": 0,
                "total": 0
              }
            },
            {
              "batter": "BA Raine",
              "bowler": "IS Sodhi",
              "non_striker": "MJ Cosgrove",
              "runs": {
                "batter": 6,
                "extras": 0,
                "total": 6
              }
            },
            {
              "batter": "BA Raine",
              "bowler": "IS Sodhi",
              "non_striker": "MJ Cosgrove",
              "runs": {
                "batter": 2,
                "extras": 0,
                "total": 2
              }
            }
          ]
        },
        {
          "over": 8,
          "deliveries": [
            {
              "batter": "MJ Cosgrove",
              "bowler": "SR Patel",
              "non_striker": "BA Raine",
              "runs": {
                "batter": 1,
                "extras": 0,
                "total": 1
              }
            },
            {
              "batter": "BA Raine",
              "bowler": "SR Patel",
              "non_striker": "MJ Cosgrove",
              "runs": {
                "batter": 6,
                "extras": 0,
                "total": 6
              }
            },
            {
              "batter": "BA Raine",
              "bowler": "SR Patel",
              "non_striker": "MJ Cosgrove",
              "runs": {
                "batter": 1,
                "extras": 0,
                "total": 1
              }
            },
            {
              "batter": "MJ Cosgrove",
              "bowler": "SR Patel",
              "non_striker": "BA Raine",
              "runs": {
                "batter": 2,
                "extras": 0,
                "total": 2
              }
            },
            {
              "batter": "MJ Cosgrove",
              "bowler": "SR Patel",
              "extras": {
                "wides": 1
              },
              "non_striker": "BA Raine",
              "runs": {
                "batter": 0,
                "extras": 1,
                "total": 1
              }
            },
            {
              "batter": "MJ Cosgrove",
              "bowler": "SR Patel",
              "non_striker": "BA Raine",
              "runs": {
                "batter": 1,
                "extras": 0,
                "total": 1
              }
            },
            {
              "batter": "BA Raine",
              "bowler": "SR Patel",
              "non_striker": "MJ Cosgrove",
              "runs": {
                "batter": 1,
                "extras": 0,
                "total": 1
              }
            }
          ]
        },
        {
          "over": 9,
          "deliveries": [
            {
              "batter": "BA Raine",
              "bowler": "SJ Mullaney",
              "non_striker": "MJ Cosgrove",
              "runs": {
                "batter": 4,
                "extras": 0,
                "total": 4
              }
            },
            {
              "batter": "BA Raine",
              "bowler": "SJ Mullaney",
              "non_striker": "MJ Cosgrove",
              "runs": {
                "batter": 0,
                "extras": 0,
                "total": 0
              }
            },
            {
              "batter": "BA Raine",
              "bowler": "SJ Mullaney",
              "non_striker": "MJ Cosgrove",
              "runs": {
                "batter": 1,
                "extras": 0,
                "total": 1
              }
            },
            {
              "batter": "MJ Cosgrove",
              "bowler": "SJ Mullaney",
              "non_striker": "BA Raine",
              "runs": {
                "batter": 0,
                "extras": 0,
                "total": 0
              },
              "wickets": [
                {
                  "player_out": "MJ Cosgrove",
                  "kind": "bowled"
                }
              ]
            },
            {
              "batter": "CN Ackermann",
              "bowler": "SJ Mullaney",
              "non_striker": "BA Raine",
              "runs": {
                "batter": 0,
                "extras": 0,
                "total": 0
              }
            },
            {
              "batter": "CN Ackermann",
              "bowler": "SJ Mullaney",
              "non_striker": "BA Raine",
              "runs": {
                "batter": 1,
                "extras": 0,
                "total": 1
              }
            }
          ]
        },
        {
          "over": 10,
          "deliveries": [
            {
              "batter": "CN Ackermann",
              "bowler": "DT Christian",
              "non_striker": "BA Raine",
              "runs": {
                "batter": 1,
                "extras": 0,
                "total": 1
              }
            },
            {
              "batter": "BA Raine",
              "bowler": "DT Christian",
              "non_striker": "CN Ackermann",
              "runs": {
                "batter": 1,
                "extras": 0,
                "total": 1
              }
            },
            {
              "batter": "CN Ackermann",
              "bowler": "DT Christian",
              "non_striker": "BA Raine",
              "runs": {
                "batter": 1,
                "extras": 0,
                "total": 1
              }
            },
            {
              "batter": "BA Raine",
              "bowler": "DT Christian",
              "non_striker": "CN Ackermann",
              "runs": {
                "batter": 1,
                "extras": 0,
                "total": 1
              }
            },
            {
              "batter": "CN Ackermann",
              "bowler": "DT Christian",
              "non_striker": "BA Raine",
              "runs": {
                "batter": 1,
                "extras": 0,
                "total": 1
              }
            },
            {
              "batter": "BA Raine",
              "bowler": "DT Christian",
              "non_striker": "CN Ackermann",
              "runs": {
                "batter": 0,
                "extras": 0,
                "total": 0
              }
            }
          ]
        },
        {
          "over": 11,
          "deliveries": [
            {
              "batter": "CN Ackermann",
              "bowler": "SJ Mullaney",
              "non_striker": "BA Raine",
              "runs": {
                "batter": 2,
                "extras": 0,
                "total": 2
              }
            },
            {
              "batter": "CN Ackermann",
              "bowler": "SJ Mullaney",
              "non_striker": "BA Raine",
              "runs": {
                "batter": 1,
                "extras": 0,
                "total": 1
              }
            },
            {
              "batter": "BA Raine",
              "bowler": "SJ Mullaney",
              "non_striker": "CN Ackermann",
              "runs": {
                "batter": 4,
                "extras": 0,
                "total": 4
              }
            },
            {
              "batter": "BA Raine",
              "bowler": "SJ Mullaney",
              "non_striker": "CN Ackermann",
              "runs": {
                "batter": 1,
                "extras": 0,
                "total": 1
              }
            },
            {
              "batter": "CN Ackermann",
              "bowler": "SJ Mullaney",
              "non_striker": "BA Raine",
              "runs": {
                "batter": 1,
                "extras": 0,
                "total": 1
              }
            },
            {
              "batter": "BA Raine",
              "bowler": "SJ Mullaney",
              "non_striker": "CN Ackermann",
              "runs": {
                "batter": 1,
                "extras": 0,
                "total": 1
              }
            }
          ]
        },
        {
          "over": 12,
          "deliveries": [
            {
              "batter": "BA Raine",
              "bowler": "SR Patel",
              "non_striker": "CN Ackermann",
              "runs": {
                "batter": 1,
                "extras": 0,
                "total": 1
              }
            },
            {
              "batter": "CN Ackermann",
              "bowler": "SR Patel",
              "non_striker": "BA Raine",
              "runs": {
                "batter": 1,
                "extras": 0,
                "total": 1
              }
            },
            {
              "batter": "BA Raine",
              "bowler": "SR Patel",
              "non_striker": "CN Ackermann",
              "runs": {
                "batter": 6,
                "extras": 0,
                "total": 6
              }
            },
            {
              "batter": "BA Raine",
              "bowler": "SR Patel",
              "non_striker": "CN Ackermann",
              "runs": {
                "batter": 0,
                "extras": 0,
                "total": 0
              }
            },
            {
              "batter": "BA Raine",
              "bowler": "SR Patel",
              "non_striker": "CN Ackermann",
              "runs": {
                "batter": 1,
                "extras": 0,
                "total": 1
              }
            },
            {
              "batter": "CN Ackermann",
              "bowler": "SR Patel",
              "non_striker": "BA Raine",
              "runs": {
                "batter": 1,
                "extras": 0,
                "total": 1
              }
            }
          ]
        },
        {
          "over": 13,
          "deliveries": [
            {
              "batter": "CN Ackermann",
              "bowler": "HF Gurney",
              "extras": {
                "legbyes": 1
              },
              "non_striker": "BA Raine",
              "runs": {
                "batter": 0,
                "extras": 1,
                "total": 1
              }
            },
            {
              "batter": "BA Raine",
              "bowler": "HF Gurney",
              "extras": {
                "wides": 1
              },
              "non_striker": "CN Ackermann",
              "runs": {
                "batter": 0,
                "extras": 1,
                "total": 1
              }
            },
            {
              "batter": "BA Raine",
              "bowler": "HF Gurney",
              "non_striker": "CN Ackermann",
              "runs": {
                "batter": 1,
                "extras": 0,
                "total": 1
              }
            },
            {
              "batter": "CN Ackermann",
              "bowler": "HF Gurney",
              "non_striker": "BA Raine",
              "runs": {
                "batter": 1,
                "extras": 0,
                "total": 1
              }
            },
            {
              "batter": "BA Raine",
              "bowler": "HF Gurney",
              "non_striker": "CN Ackermann",
              "runs": {
                "batter": 1,
                "extras": 0,
                "total": 1
              }
            },
            {
              "batter": "CN Ackermann",
              "bowler": "HF Gurney",
              "non_striker": "BA Raine",
              "runs": {
                "batter": 1,
                "extras": 0,
                "total": 1
              }
            },
            {
              "batter": "BA Raine",
              "bowler": "HF Gurney",
              "non_striker": "CN Ackermann",
              "runs": {
                "batter": 1,
                "extras": 0,
                "total": 1
              }
            }
          ]
        },
        {
          "over": 14,
          "deliveries": [
            {
              "batter": "BA Raine",
              "bowler": "DT Christian",
              "non_striker": "CN Ackermann",
              "runs": {
                "batter": 6,
                "extras": 0,
                "total": 6
              }
            },
            {
              "batter": "BA Raine",
              "bowler": "DT Christian",
              "non_striker": "CN Ackermann",
              "runs": {
                "batter": 0,
                "extras": 0,
                "total": 0
              }
            },
            {
              "batter": "BA Raine",
              "bowler": "DT Christian",
              "extras": {
                "byes": 1
              },
              "non_striker": "CN Ackermann",
              "runs": {
                "batter": 0,
                "extras": 1,
                "total": 1
              }
            },
            {
              "batter": "CN Ackermann",
              "bowler": "DT Christian",
              "non_striker": "BA Raine",
              "runs": {
                "batter": 2,
                "extras": 0,
                "total": 2
              }
            },
            {
              "batter": "CN Ackermann",
              "bowler": "DT Christian",
              "non_striker": "BA Raine",
              "runs": {
                "batter": 4,
                "extras": 0,
                "total": 4
              }
            },
            {
              "batter": "CN Ackermann",
              "bowler": "DT Christian",
              "non_striker": "BA Raine",
              "runs": {
                "batter": 1,
                "extras": 0,
                "total": 1
              }
            }
          ]
        },
        {
          "over": 15,
          "deliveries": [
            {
              "batter": "CN Ackermann",
              "bowler": "IS Sodhi",
              "non_striker": "BA Raine",
              "runs": {
                "batter": 4,
                "extras": 0,
                "total": 4
              }
            },
            {
              "batter": "CN Ackermann",
              "bowler": "IS Sodhi",
              "non_striker": "BA Raine",
              "runs": {
                "batter": 6,
                "extras": 0,
                "total": 6
              }
            },
            {
              "batter": "CN Ackermann",
              "bowler": "IS Sodhi",
              "non_striker": "BA Raine",
              "runs": {
                "batter": 0,
                "extras": 0,
                "total": 0
              }
            },
            {
              "batter": "CN Ackermann",
              "bowler": "IS Sodhi",
              "non_striker": "BA Raine",
              "runs": {
                "batter": 0,
                "extras": 0,
                "total": 0
              },
              "wickets": [
                {
                  "player_out": "CN Ackermann",
                  "fielders": [
                    {
                      "name": "DT Christian"
                    }
                  ],
                  "kind": "caught"
                }
              ]
            },
            {
              "batter": "BA Raine",
              "bowler": "IS Sodhi",
              "non_striker": "Mohammad Nabi",
              "runs": {
                "batter": 1,
                "extras": 0,
                "total": 1
              }
            },
            {
              "batter": "Mohammad Nabi",
              "bowler": "IS Sodhi",
              "non_striker": "BA Raine",
              "runs": {
                "batter": 1,
                "extras": 0,
                "total": 1
              }
            }
          ]
        },
        {
          "over": 16,
          "deliveries": [
            {
              "batter": "Mohammad Nabi",
              "bowler": "JT Ball",
              "non_striker": "BA Raine",
              "runs": {
                "batter": 2,
                "extras": 0,
                "total": 2
              }
            },
            {
              "batter": "Mohammad Nabi",
              "bowler": "JT Ball",
              "non_striker": "BA Raine",
              "runs": {
                "batter": 1,
                "extras": 0,
                "total": 1
              }
            },
            {
              "batter": "BA Raine",
              "bowler": "JT Ball",
              "non_striker": "Mohammad Nabi",
              "runs": {
                "batter": 1,
                "extras": 0,
                "total": 1
              }
            },
            {
              "batter": "Mohammad Nabi",
              "bowler": "JT Ball",
              "non_striker": "BA Raine",
              "runs": {
                "batter": 0,
                "extras": 0,
                "total": 0
              },
              "wickets": [
                {
                  "player_out": "Mohammad Nabi",
                  "fielders": [
                    {
                      "name": "WAR Fraine"
                    }
                  ],
                  "kind": "caught"
                }
              ]
            },
            {
              "batter": "BA Raine",
              "bowler": "JT Ball",
              "non_striker": "ZJ Chappell",
              "runs": {
                "batter": 1,
                "extras": 0,
                "total": 1
              }
            },
            {
              "batter": "ZJ Chappell",
              "bowler": "JT Ball",
              "non_striker": "BA Raine",
              "runs": {
                "batter": 0,
                "extras": 0,
                "total": 0
              }
            }
          ]
        },
        {
          "over": 17,
          "deliveries": [
            {
              "batter": "BA Raine",
              "bowler": "DT Christian",
              "non_striker": "ZJ Chappell",
              "runs": {
                "batter": 4,
                "extras": 0,
                "total": 4
              }
            },
            {
              "batter": "BA Raine",
              "bowler": "DT Christian",
              "non_striker": "ZJ Chappell",
              "runs": {
                "batter": 4,
                "extras": 0,
                "total": 4
              }
            },
            {
              "batter": "BA Raine",
              "bowler": "DT Christian",
              "non_striker": "ZJ Chappell",
              "runs": {
                "batter": 1,
                "extras": 0,
                "total": 1
              }
            },
            {
              "batter": "ZJ Chappell",
              "bowler": "DT Christian",
              "non_striker": "BA Raine",
              "runs": {
                "batter": 1,
                "extras": 0,
                "total": 1
              }
            },
            {
              "batter": "BA Raine",
              "bowler": "DT Christian",
              "non_striker": "ZJ Chappell",
              "runs": {
                "batter": 6,
                "extras": 0,
                "total": 6
              }
            },
            {
              "batter": "BA Raine",
              "bowler": "DT Christian",
              "non_striker": "ZJ Chappell",
              "runs": {
                "batter": 3,
                "extras": 0,
                "total": 3
              }
            }
          ]
        },
        {
          "over": 18,
          "deliveries": [
            {
              "batter": "BA Raine",
              "bowler": "JT Ball",
              "non_striker": "ZJ Chappell",
              "runs": {
                "batter": 4,
                "extras": 0,
                "total": 4
              }
            },
            {
              "batter": "BA Raine",
              "bowler": "JT Ball",
              "non_striker": "ZJ Chappell",
              "runs": {
                "batter": 4,
                "extras": 0,
                "total": 4
              }
            },
            {
              "batter": "BA Raine",
              "bowler": "JT Ball",
              "non_striker": "ZJ Chappell",
              "runs": {
                "batter": 1,
                "extras": 0,
                "total": 1
              }
            },
            {
              "batter": "ZJ Chappell",
              "bowler": "JT Ball",
              "non_striker": "BA Raine",
              "runs": {
                "batter": 1,
                "extras": 0,
                "total": 1
              }
            },
            {
              "batter": "BA Raine",
              "bowler": "JT Ball",
              "non_striker": "ZJ Chappell",
              "runs": {
                "batter": 2,
                "extras": 0,
                "total": 2
              }
            },
            {
              "batter": "BA Raine",
              "bowler": "JT Ball",
              "non_striker": "ZJ Chappell",
              "runs": {
                "batter": 0,
                "extras": 0,
                "total": 0
              },
              "wickets": [
                {
                  "player_out": "BA Raine",
                  "kind": "bowled"
                }
              ]
            }
          ]
        },
        {
          "over": 19,
          "deliveries": [
            {
              "batter": "ZJ Chappell",
              "bowler": "HF Gurney",
              "non_striker": "TJ Wells",
              "runs": {
                "batter": 0,
                "extras": 0,
                "total": 0
              }
            },
            {
              "batter": "ZJ Chappell",
              "bowler": "HF Gurney",
              "extras": {
                "wides": 2
              },
              "non_striker": "TJ Wells",
              "runs": {
                "batter": 0,
                "extras": 2,
                "total": 2
              }
            },
            {
              "batter": "TJ Wells",
              "bowler": "HF Gurney",
              "non_striker": "ZJ Chappell",
              "runs": {
                "batter": 1,
                "extras": 0,
                "total": 1
              }
            },
            {
              "batter": "ZJ Chappell",
              "bowler": "HF Gurney",
              "non_striker": "TJ Wells",
              "runs": {
                "batter": 2,
                "extras": 0,
                "total": 2
              }
            },
            {
              "batter": "ZJ Chappell",
              "bowler": "HF Gurney",
              "non_striker": "TJ Wells",
              "runs": {
                "batter": 2,
                "extras": 0,
                "total": 2
              }
            },
            {
              "batter": "ZJ Chappell",
              "bowler": "HF Gurney",
              "non_striker": "TJ Wells",
              "runs": {
                "batter": 2,
                "extras": 0,
                "total": 2
              }
            },
            {
              "batter": "ZJ Chappell",
              "bowler": "HF Gurney",
              "non_striker": "TJ Wells",
              "runs": {
                "batter": 1,
                "extras": 0,
                "total": 1
              }
            }
          ]
        }
      ],
      "powerplays": [
        {
          "from": 0.1,
          "to": 5.6,
          "type": "mandatory"
        }
      ]
    },
    {
      "team": "Nottinghamshire",
      "overs": [
        {
          "over": 0,
          "deliveries": [
            {
              "batter": "MH Wessels",
              "bowler": "Mohammad Nabi",
              "non_striker": "WAR Fraine",
              "runs": {
                "batter": 1,
                "extras": 0,
                "total": 1
              }
            },
            {
              "batter": "WAR Fraine",
              "bowler": "Mohammad Nabi",
              "non_striker": "MH Wessels",
              "runs": {
                "batter": 1,
                "extras": 0,
                "total": 1
              }
            },
            {
              "batter": "MH Wessels",
              "bowler": "Mohammad Nabi",
              "non_striker": "WAR Fraine",
              "runs": {
                "batter": 4,
                "extras": 0,
                "total": 4
              }
            },
            {
              "batter": "MH Wessels",
              "bowler": "Mohammad Nabi",
              "non_striker": "WAR Fraine",
              "runs": {
                "batter": 1,
                "extras": 0,
                "total": 1
              }
            },
            {
              "batter": "WAR Fraine",
              "bowler": "Mohammad Nabi",
              "non_striker": "MH Wessels",
              "runs": {
                "batter": 0,
                "extras": 0,
                "total": 0
              }
            },
            {
              "batter": "WAR Fraine",
              "bowler": "Mohammad Nabi",
              "non_striker": "MH Wessels",
              "runs": {
                "batter": 0,
                "extras": 0,
                "total": 0
              },
              "wickets": [
                {
                  "player_out": "WAR Fraine",
                  "kind": "lbw"
                }
              ]
            }
          ]
        },
        {
          "over": 1,
          "deliveries": [
            {
              "batter": "MH Wessels",
              "bowler": "Mohammad Abbas",
              "non_striker": "TJ Moores",
              "runs": {
                "batter": 4,
                "extras": 0,
                "total": 4
              }
            },
            {
              "batter": "MH Wessels",
              "bowler": "Mohammad Abbas",
              "non_striker": "TJ Moores",
              "runs": {
                "batter": 0,
                "extras": 0,
                "total": 0
              }
            },
            {
              "batter": "MH Wessels",
              "bowler": "Mohammad Abbas",
              "non_striker": "TJ Moores",
              "runs": {
                "batter": 4,
                "extras": 0,
                "total": 4
              }
            },
            {
              "batter": "MH Wessels",
              "bowler": "Mohammad Abbas",
              "non_striker": "TJ Moores",
              "runs": {
                "batter": 0,
                "extras": 0,
                "total": 0
              }
            },
            {
              "batter": "MH Wessels",
              "bowler": "Mohammad Abbas",
              "non_striker": "TJ Moores",
              "runs": {
                "batter": 0,
                "extras": 0,
                "total": 0
              }
            },
            {
              "batter": "MH Wessels",
              "bowler": "Mohammad Abbas",
              "non_striker": "TJ Moores",
              "runs": {
                "batter": 0,
                "extras": 0,
                "total": 0
              }
            }
          ]
        },
        {
          "over": 2,
          "deliveries": [
            {
              "batter": "TJ Moores",
              "bowler": "Mohammad Nabi",
              "non_striker": "MH Wessels",
              "runs": {
                "batter": 1,
                "extras": 0,
                "total": 1
              }
            },
            {
              "batter": "MH Wessels",
              "bowler": "Mohammad Nabi",
              "non_striker": "TJ Moores",
              "runs": {
                "batter": 0,
                "extras": 0,
                "total": 0
              }
            },
            {
              "batter": "MH Wessels",
              "bowler": "Mohammad Nabi",
              "non_striker": "TJ Moores",
              "runs": {
                "batter": 1,
                "extras": 0,
                "total": 1
              }
            },
            {
              "batter": "TJ Moores",
              "bowler": "Mohammad Nabi",
              "non_striker": "MH Wessels",
              "runs": {
                "batter": 1,
                "extras": 0,
                "total": 1
              }
            },
            {
              "batter": "MH Wessels",
              "bowler": "Mohammad Nabi",
              "non_striker": "TJ Moores",
              "runs": {
                "batter": 1,
                "extras": 0,
                "total": 1
              }
            },
            {
              "batter": "TJ Moores",
              "bowler": "Mohammad Nabi",
              "non_striker": "MH Wessels",
              "runs": {
                "batter": 0,
                "extras": 0,
                "total": 0
              }
            }
          ]
        },
        {
          "over": 3,
          "deliveries": [
            {
              "batter": "MH Wessels",
              "bowler": "BA Raine",
              "non_striker": "TJ Moores",
              "runs": {
                "batter": 4,
                "extras": 0,
                "total": 4
              }
            },
            {
              "batter": "MH Wessels",
              "bowler": "BA Raine",
              "non_striker": "TJ Moores",
              "runs": {
                "batter": 0,
                "extras": 0,
                "total": 0
              }
            },
            {
              "batter": "MH Wessels",
              "bowler": "BA Raine",
              "non_striker": "TJ Moores",
              "runs": {
                "batter": 4,
                "extras": 0,
                "total": 4
              }
            },
            {
              "batter": "MH Wessels",
              "bowler": "BA Raine",
              "non_striker": "TJ Moores",
              "runs": {
                "batter": 6,
                "extras": 0,
                "total": 6
              }
            },
            {
              "batter": "MH Wessels",
              "bowler": "BA Raine",
              "non_striker": "TJ Moores",
              "runs": {
                "batter": 1,
                "extras": 0,
                "total": 1
              }
            },
            {
              "batter": "TJ Moores",
              "bowler": "BA Raine",
              "non_striker": "MH Wessels",
              "runs": {
                "batter": 0,
                "extras": 0,
                "total": 0
              }
            }
          ]
        },
        {
          "over": 4,
          "deliveries": [
            {
              "batter": "MH Wessels",
              "bowler": "ZJ Chappell",
              "non_striker": "TJ Moores",
              "runs": {
                "batter": 4,
                "extras": 0,
                "total": 4
              }
            },
            {
              "batter": "MH Wessels",
              "bowler": "ZJ Chappell",
              "non_striker": "TJ Moores",
              "runs": {
                "batter": 1,
                "extras": 0,
                "total": 1
              }
            },
            {
              "batter": "TJ Moores",
              "bowler": "ZJ Chappell",
              "non_striker": "MH Wessels",
              "runs": {
                "batter": 1,
                "extras": 0,
                "total": 1
              }
            },
            {
              "batter": "MH Wessels",
              "bowler": "ZJ Chappell",
              "non_striker": "TJ Moores",
              "runs": {
                "batter": 2,
                "extras": 0,
                "total": 2
              }
            },
            {
              "batter": "MH Wessels",
              "bowler": "ZJ Chappell",
              "non_striker": "TJ Moores",
              "runs": {
                "batter": 6,
                "extras": 0,
                "total": 6
              }
            },
            {
              "batter": "MH Wessels",
              "bowler": "ZJ Chappell",
              "non_striker": "TJ Moores",
              "runs": {
                "batter": 6,
                "extras": 0,
                "total": 6
              }
            }
          ]
        },
        {
          "over": 5,
          "deliveries": [
            {
              "batter": "TJ Moores",
              "bowler": "Mohammad Abbas",
              "non_striker": "MH Wessels",
              "runs": {
                "batter": 4,
                "extras": 0,
                "total": 4
              }
            },
            {
              "batter": "TJ Moores",
              "bowler": "Mohammad Abbas",
              "non_striker": "MH Wessels",
              "runs": {
                "batter": 1,
                "extras": 0,
                "total": 1
              }
            },
            {
              "batter": "MH Wessels",
              "bowler": "Mohammad Abbas",
              "non_striker": "TJ Moores",
              "runs": {
                "batter": 0,
                "extras": 0,
                "total": 0
              }
            },
            {
              "batter": "MH Wessels",
              "bowler": "Mohammad Abbas",
              "non_striker": "TJ Moores",
              "runs": {
                "batter": 1,
                "extras": 0,
                "total": 1
              }
            },
            {
              "batter": "TJ Moores",
              "bowler": "Mohammad Abbas",
              "non_striker": "MH Wessels",
              "runs": {
                "batter": 6,
                "extras": 0,
                "total": 6
              }
            },
            {
              "batter": "TJ Moores",
              "bowler": "Mohammad Abbas",
              "non_striker": "MH Wessels",
              "runs": {
                "batter": 4,
                "extras": 0,
                "total": 4
              }
            }
          ]
        },
        {
          "over": 6,
          "deliveries": [
            {
              "batter": "MH Wessels",
              "bowler": "CF Parkinson",
              "non_striker": "TJ Moores",
              "runs": {
                "batter": 1,
                "extras": 0,
                "total": 1
              }
            },
            {
              "batter": "TJ Moores",
              "bowler": "CF Parkinson",
              "non_striker": "MH Wessels",
              "runs": {
                "batter": 1,
                "extras": 0,
                "total": 1
              }
            },
            {
              "batter": "MH Wessels",
              "bowler": "CF Parkinson",
              "non_striker": "TJ Moores",
              "runs": {
                "batter": 1,
                "extras": 0,
                "total": 1
              }
            },
            {
              "batter": "TJ Moores",
              "bowler": "CF Parkinson",
              "non_striker": "MH Wessels",
              "runs": {
                "batter": 4,
                "extras": 0,
                "total": 4
              }
            },
            {
              "batter": "TJ Moores",
              "bowler": "CF Parkinson",
              "non_striker": "MH Wessels",
              "runs": {
                "batter": 0,
                "extras": 0,
                "total": 0
              },
              "wickets": [
                {
                  "player_out": "TJ Moores",
                  "fielders": [
                    {
                      "name": "ZJ Chappell"
                    }
                  ],
                  "kind": "caught"
                }
              ]
            },
            {
              "batter": "MH Wessels",
              "bowler": "CF Parkinson",
              "non_striker": "SR Patel",
              "runs": {
                "batter": 0,
                "extras": 0,
                "total": 0
              }
            }
          ]
        },
        {
          "over": 7,
          "deliveries": [
            {
              "batter": "SR Patel",
              "bowler": "BA Raine",
              "non_striker": "MH Wessels",
              "runs": {
                "batter": 0,
                "extras": 0,
                "total": 0
              }
            },
            {
              "batter": "SR Patel",
              "bowler": "BA Raine",
              "non_striker": "MH Wessels",
              "runs": {
                "batter": 1,
                "extras": 0,
                "total": 1
              }
            },
            {
              "batter": "MH Wessels",
              "bowler": "BA Raine",
              "non_striker": "SR Patel",
              "runs": {
                "batter": 4,
                "extras": 0,
                "total": 4
              }
            },
            {
              "batter": "MH Wessels",
              "bowler": "BA Raine",
              "non_striker": "SR Patel",
              "runs": {
                "batter": 1,
                "extras": 0,
                "total": 1
              }
            },
            {
              "batter": "SR Patel",
              "bowler": "BA Raine",
              "non_striker": "MH Wessels",
              "runs": {
                "batter": 1,
                "extras": 0,
                "total": 1
              }
            },
            {
              "batter": "MH Wessels",
              "bowler": "BA Raine",
              "non_striker": "SR Patel",
              "runs": {
                "batter": 0,
                "extras": 0,
                "total": 0
              },
              "wickets": [
                {
                  "player_out": "MH Wessels",
                  "fielders": [
                    {
                      "name": "CS Delport"
                    }
                  ],
                  "kind": "caught"
                }
              ]
            }
          ]
        },
        {
          "over": 8,
          "deliveries": [
            {
              "batter": "SR Patel",
              "bowler": "CF Parkinson",
              "non_striker": "DT Christian",
              "runs": {
                "batter": 1,
                "extras": 0,
                "total": 1
              }
            },
            {
              "batter": "DT Christian",
              "bowler": "CF Parkinson",
              "non_striker": "SR Patel",
              "runs": {
                "batter": 1,
                "extras": 0,
                "total": 1
              }
            },
            {
              "batter": "SR Patel",
              "bowler": "CF Parkinson",
              "non_striker": "DT Christian",
              "runs": {
                "batter": 1,
                "extras": 0,
                "total": 1
              }
            },
            {
              "batter": "DT Christian",
              "bowler": "CF Parkinson",
              "non_striker": "SR Patel",
              "runs": {
                "batter": 0,
                "extras": 0,
                "total": 0
              }
            },
            {
              "batter": "DT Christian",
              "bowler": "CF Parkinson",
              "non_striker": "SR Patel",
              "runs": {
                "batter": 1,
                "extras": 0,
                "total": 1
              }
            },
            {
              "batter": "SR Patel",
              "bowler": "CF Parkinson",
              "non_striker": "DT Christian",
              "runs": {
                "batter": 1,
                "extras": 0,
                "total": 1
              }
            }
          ]
        },
        {
          "over": 9,
          "deliveries": [
            {
              "batter": "SR Patel",
              "bowler": "Mohammad Nabi",
              "non_striker": "DT Christian",
              "runs": {
                "batter": 1,
                "extras": 0,
                "total": 1
              }
            },
            {
              "batter": "DT Christian",
              "bowler": "Mohammad Nabi",
              "non_striker": "SR Patel",
              "runs": {
                "batter": 1,
                "extras": 0,
                "total": 1
              }
            },
            {
              "batter": "SR Patel",
              "bowler": "Mohammad Nabi",
              "non_striker": "DT Christian",
              "runs": {
                "batter": 1,
                "extras": 0,
                "total": 1
              }
            },
            {
              "batter": "DT Christian",
              "bowler": "Mohammad Nabi",
              "non_striker": "SR Patel",
              "runs": {
                "batter": 1,
                "extras": 0,
                "total": 1
              }
            },
            {
              "batter": "SR Patel",
              "bowler": "Mohammad Nabi",
              "non_striker": "DT Christian",
              "runs": {
                "batter": 0,
                "extras": 0,
                "total": 0
              }
            },
            {
              "batter": "SR Patel",
              "bowler": "Mohammad Nabi",
              "non_striker": "DT Christian",
              "runs": {
                "batter": 1,
                "extras": 0,
                "total": 1
              }
            }
          ]
        },
        {
          "over": 10,
          "deliveries": [
            {
              "batter": "SR Patel",
              "bowler": "ZJ Chappell",
              "non_striker": "DT Christian",
              "runs": {
                "batter": 0,
                "extras": 0,
                "total": 0
              }
            },
            {
              "batter": "SR Patel",
              "bowler": "ZJ Chappell",
              "non_striker": "DT Christian",
              "runs": {
                "batter": 0,
                "extras": 0,
                "total": 0
              }
            },
            {
              "batter": "SR Patel",
              "bowler": "ZJ Chappell",
              "non_striker": "DT Christian",
              "runs": {
                "batter": 1,
                "extras": 0,
                "total": 1
              }
            },
            {
              "batter": "DT Christian",
              "bowler": "ZJ Chappell",
              "non_striker": "SR Patel",
              "runs": {
                "batter": 0,
                "extras": 0,
                "total": 0
              }
            },
            {
              "batter": "DT Christian",
              "bowler": "ZJ Chappell",
              "extras": {
                "wides": 2
              },
              "non_striker": "SR Patel",
              "runs": {
                "batter": 0,
                "extras": 2,
                "total": 2
              }
            },
            {
              "batter": "SR Patel",
              "bowler": "ZJ Chappell",
              "non_striker": "DT Christian",
              "runs": {
                "batter": 2,
                "extras": 0,
                "total": 2
              }
            },
            {
              "batter": "SR Patel",
              "bowler": "ZJ Chappell",
              "extras": {
                "wides": 1
              },
              "non_striker": "DT Christian",
              "runs": {
                "batter": 0,
                "extras": 1,
                "total": 1
              }
            },
            {
              "batter": "SR Patel",
              "bowler": "ZJ Chappell",
              "non_striker": "DT Christian",
              "runs": {
                "batter": 1,
                "extras": 0,
                "total": 1
              }
            }
          ]
        },
        {
          "over": 11,
          "deliveries": [
            {
              "batter": "SR Patel",
              "bowler": "CF Parkinson",
              "non_striker": "DT Christian",
              "runs": {
                "batter": 1,
                "extras": 0,
                "total": 1
              }
            },
            {
              "batter": "DT Christian",
              "bowler": "CF Parkinson",
              "extras": {
                "wides": 1
              },
              "non_striker": "SR Patel",
              "runs": {
                "batter": 0,
                "extras": 1,
                "total": 1
              }
            },
            {
              "batter": "DT Christian",
              "bowler": "CF Parkinson",
              "non_striker": "SR Patel",
              "runs": {
                "batter": 1,
                "extras": 0,
                "total": 1
              }
            },
            {
              "batter": "SR Patel",
              "bowler": "CF Parkinson",
              "non_striker": "DT Christian",
              "runs": {
                "batter": 0,
                "extras": 0,
                "total": 0
              },
              "wickets": [
                {
                  "player_out": "SR Patel",
                  "fielders": [
                    {
                      "name": "BA Raine"
                    }
                  ],
                  "kind": "caught"
                }
              ]
            },
            {
              "batter": "DT Christian",
              "bowler": "CF Parkinson",
              "non_striker": "SJ Mullaney",
              "runs": {
                "batter": 1,
                "extras": 0,
                "total": 1
              }
            },
            {
              "batter": "SJ Mullaney",
              "bowler": "CF Parkinson",
              "non_striker": "DT Christian",
              "runs": {
                "batter": 1,
                "extras": 0,
                "total": 1
              }
            },
            {
              "batter": "DT Christian",
              "bowler": "CF Parkinson",
              "non_striker": "SJ Mullaney",
              "runs": {
                "batter": 1,
                "extras": 0,
                "total": 1
              }
            }
          ]
        },
        {
          "over": 12,
          "deliveries": [
            {
              "batter": "DT Christian",
              "bowler": "Mohammad Abbas",
              "non_striker": "SJ Mullaney",
              "runs": {
                "batter": 0,
                "extras": 0,
                "total": 0
              }
            },
            {
              "batter": "DT Christian",
              "bowler": "Mohammad Abbas",
              "non_striker": "SJ Mullaney",
              "runs": {
                "batter": 1,
                "extras": 0,
                "total": 1
              }
            },
            {
              "batter": "SJ Mullaney",
              "bowler": "Mohammad Abbas",
              "non_striker": "DT Christian",
              "runs": {
                "batter": 1,
                "extras": 0,
                "total": 1
              }
            },
            {
              "batter": "DT Christian",
              "bowler": "Mohammad Abbas",
              "non_striker": "SJ Mullaney",
              "runs": {
                "batter": 0,
                "extras": 0,
                "total": 0
              },
              "wickets": [
                {
                  "player_out": "DT Christian",
                  "kind": "bowled"
                }
              ]
            },
            {
              "batter": "JT Ball",
              "bowler": "Mohammad Abbas",
              "non_striker": "SJ Mullaney",
              "runs": {
                "batter": 0,
                "extras": 0,
                "total": 0
              },
              "wickets": [
                {
                  "player_out": "JT Ball",
                  "kind": "bowled"
                }
              ]
            },
            {
              "batter": "WT Root",
              "bowler": "Mohammad Abbas",
              "non_striker": "SJ Mullaney",
              "runs": {
                "batter": 1,
                "extras": 0,
                "total": 1
              }
            }
          ]
        },
        {
          "over": 13,
          "deliveries": [
            {
              "batter": "WT Root",
              "bowler": "ZJ Chappell",
              "extras": {
                "legbyes": 1
              },
              "non_striker": "SJ Mullaney",
              "runs": {
                "batter": 0,
                "extras": 1,
                "total": 1
              }
            },
            {
              "batter": "SJ Mullaney",
              "bowler": "ZJ Chappell",
              "non_striker": "WT Root",
              "runs": {
                "batter": 1,
                "extras": 0,
                "total": 1
              }
            },
            {
              "batter": "WT Root",
              "bowler": "ZJ Chappell",
              "non_striker": "SJ Mullaney",
              "runs": {
                "batter": 2,
                "extras": 0,
                "total": 2
              }
            },
            {
              "batter": "WT Root",
              "bowler": "ZJ Chappell",
              "non_striker": "SJ Mullaney",
              "runs": {
                "batter": 2,
                "extras": 0,
                "total": 2
              }
            },
            {
              "batter": "WT Root",
              "bowler": "ZJ Chappell",
              "extras": {
                "legbyes": 1
              },
              "non_striker": "SJ Mullaney",
              "runs": {
                "batter": 0,
                "extras": 1,
                "total": 1
              }
            },
            {
              "batter": "SJ Mullaney",
              "bowler": "ZJ Chappell",
              "non_striker": "WT Root",
              "runs": {
                "batter": 0,
                "extras": 0,
                "total": 0
              }
            }
          ]
        },
        {
          "over": 14,
          "deliveries": [
            {
              "batter": "WT Root",
              "bowler": "CF Parkinson",
              "non_striker": "SJ Mullaney",
              "runs": {
                "batter": 1,
                "extras": 0,
                "total": 1
              }
            },
            {
              "batter": "SJ Mullaney",
              "bowler": "CF Parkinson",
              "non_striker": "WT Root",
              "runs": {
                "batter": 0,
                "extras": 0,
                "total": 0
              }
            },
            {
              "batter": "SJ Mullaney",
              "bowler": "CF Parkinson",
              "non_striker": "WT Root",
              "runs": {
                "batter": 6,
                "extras": 0,
                "total": 6
              }
            },
            {
              "batter": "SJ Mullaney",
              "bowler": "CF Parkinson",
              "non_striker": "WT Root",
              "runs": {
                "batter": 0,
                "extras": 0,
                "total": 0
              },
              "wickets": [
                {
                  "player_out": "SJ Mullaney",
                  "fielders": [
                    {
                      "name": "TJ Wells"
                    }
                  ],
                  "kind": "caught"
                }
              ]
            },
            {
              "batter": "WT Root",
              "bowler": "CF Parkinson",
              "non_striker": "JD Libby",
              "runs": {
                "batter": 1,
                "extras": 0,
                "total": 1
              }
            },
            {
              "batter": "JD Libby",
              "bowler": "CF Parkinson",
              "non_striker": "WT Root",
              "runs": {
                "batter": 2,
                "extras": 0,
                "total": 2
              }
            }
          ]
        },
        {
          "over": 15,
          "deliveries": [
            {
              "batter": "WT Root",
              "bowler": "Mohammad Nabi",
              "non_striker": "JD Libby",
              "runs": {
                "batter": 4,
                "extras": 0,
                "total": 4
              }
            },
            {
              "batter": "WT Root",
              "bowler": "Mohammad Nabi",
              "non_striker": "JD Libby",
              "runs": {
                "batter": 1,
                "extras": 0,
                "total": 1
              }
            },
            {
              "batter": "JD Libby",
              "bowler": "Mohammad Nabi",
              "non_striker": "WT Root",
              "runs": {
                "batter": 1,
                "extras": 0,
                "total": 1
              }
            },
            {
              "batter": "WT Root",
              "bowler": "Mohammad Nabi",
              "non_striker": "JD Libby",
              "runs": {
                "batter": 2,
                "extras": 0,
                "total": 2
              }
            },
            {
              "batter": "WT Root",
              "bowler": "Mohammad Nabi",
              "non_striker": "JD Libby",
              "runs": {
                "batter": 2,
                "extras": 0,
                "total": 2
              }
            },
            {
              "batter": "WT Root",
              "bowler": "Mohammad Nabi",
              "non_striker": "JD Libby",
              "runs": {
                "batter": 1,
                "extras": 0,
                "total": 1
              }
            }
          ]
        },
        {
          "over": 16,
          "deliveries": [
            {
              "batter": "WT Root",
              "bowler": "BA Raine",
              "non_striker": "JD Libby",
              "runs": {
                "batter": 1,
                "extras": 0,
                "total": 1
              }
            },
            {
              "batter": "JD Libby",
              "bowler": "BA Raine",
              "non_striker": "WT Root",
              "runs": {
                "batter": 1,
                "extras": 0,
                "total": 1
              }
            },
            {
              "batter": "WT Root",
              "bowler": "BA Raine",
              "non_striker": "JD Libby",
              "runs": {
                "batter": 1,
                "extras": 0,
                "total": 1
              }
            },
            {
              "batter": "JD Libby",
              "bowler": "BA Raine",
              "extras": {
                "wides": 1
              },
              "non_striker": "WT Root",
              "runs": {
                "batter": 0,
                "extras": 1,
                "total": 1
              }
            },
            {
              "batter": "JD Libby",
              "bowler": "BA Raine",
              "non_striker": "WT Root",
              "runs": {
                "batter": 2,
                "extras": 0,
                "total": 2
              }
            },
            {
              "batter": "JD Libby",
              "bowler": "BA Raine",
              "non_striker": "WT Root",
              "runs": {
                "batter": 4,
                "extras": 0,
                "total": 4
              }
            },
            {
              "batter": "JD Libby",
              "bowler": "BA Raine",
              "non_striker": "WT Root",
              "runs": {
                "batter": 1,
                "extras": 0,
                "total": 1
              }
            }
          ]
        },
        {
          "over": 17,
          "deliveries": [
            {
              "batter": "JD Libby",
              "bowler": "ZJ Chappell",
              "non_striker": "WT Root",
              "runs": {
                "batter": 0,
                "extras": 0,
                "total": 0
              }
            },
            {
              "batter": "JD Libby",
              "bowler": "ZJ Chappell",
              "non_striker": "WT Root",
              "runs": {
                "batter": 1,
                "extras": 0,
                "total": 1
              }
            },
            {
              "batter": "WT Root",
              "bowler": "ZJ Chappell",
              "non_striker": "JD Libby",
              "runs": {
                "batter": 3,
                "extras": 0,
                "total": 3
              }
            },
            {
              "batter": "JD Libby",
              "bowler": "ZJ Chappell",
              "non_striker": "WT Root",
              "runs": {
                "batter": 1,
                "extras": 0,
                "total": 1
              }
            },
            {
              "batter": "WT Root",
              "bowler": "ZJ Chappell",
              "non_striker": "JD Libby",
              "runs": {
                "batter": 1,
                "extras": 0,
                "total": 1
              }
            },
            {
              "batter": "JD Libby",
              "bowler": "ZJ Chappell",
              "non_striker": "WT Root",
              "runs": {
                "batter": 2,
                "extras": 0,
                "total": 2
              }
            }
          ]
        },
        {
          "over": 18,
          "deliveries": [
            {
              "batter": "WT Root",
              "bowler": "Mohammad Abbas",
              "non_striker": "JD Libby",
              "runs": {
                "batter": 0,
                "extras": 0,
                "total": 0
              },
              "wickets": [
                {
                  "player_out": "WT Root",
                  "fielders": [
                    {
                      "name": "ZJ Chappell"
                    }
                  ],
                  "kind": "caught"
                }
              ]
            },
            {
              "batter": "JD Libby",
              "bowler": "Mohammad Abbas",
              "non_striker": "IS Sodhi",
              "runs": {
                "batter": 1,
                "extras": 0,
                "total": 1
              }
            },
            {
              "batter": "IS Sodhi",
              "bowler": "Mohammad Abbas",
              "non_striker": "JD Libby",
              "runs": {
                "batter": 1,
                "extras": 0,
                "total": 1
              }
            },
            {
              "batter": "JD Libby",
              "bowler": "Mohammad Abbas",
              "non_striker": "IS Sodhi",
              "runs": {
                "batter": 2,
                "extras": 0,
                "total": 2
              }
            },
            {
              "batter": "JD Libby",
              "bowler": "Mohammad Abbas",
              "non_striker": "IS Sodhi",
              "runs": {
                "batter": 1,
                "extras": 0,
                "total": 1
              }
            },
            {
              "batter": "IS Sodhi",
              "bowler": "Mohammad Abbas",
              "non_striker": "JD Libby",
              "runs": {
                "batter": 0,
                "extras": 0,
                "total": 0
              }
            }
          ]
        },
        {
          "over": 19,
          "deliveries": [
            {
              "batter": "JD Libby",
              "bowler": "BA Raine",
              "non_striker": "IS Sodhi",
              "runs": {
                "batter": 4,
                "extras": 0,
                "total": 4
              }
            },
            {
              "batter": "JD Libby",
              "bowler": "BA Raine",
              "non_striker": "IS Sodhi",
              "runs": {
                "batter": 4,
                "extras": 0,
                "total": 4
              }
            },
            {
              "batter": "JD Libby",
              "bowler": "BA Raine",
              "non_striker": "IS Sodhi",
              "runs": {
                "batter": 1,
                "extras": 0,
                "total": 1
              }
            },
            {
              "batter": "IS Sodhi",
              "bowler": "BA Raine",
              "non_striker": "JD Libby",
              "runs": {
                "batter": 4,
                "extras": 0,
                "total": 4
              }
            },
            {
              "batter": "IS Sodhi",
              "bowler": "BA Raine",
              "non_striker": "JD Libby",
              "runs": {
                "batter": 0,
                "extras": 0,
                "total": 0
              },
              "wickets": [
                {
                  "player_out": "IS Sodhi",
                  "kind": "bowled"
                }
              ]
            },
            {
              "batter": "HF Gurney",
              "bowler": "BA Raine",
              "non_striker": "JD Libby",
              "runs": {
                "batter": 1,
                "extras": 0,
                "total": 1
              }
            }
          ]
        }
      ],
      "powerplays": [
        {
          "from": 0.1,
          "to": 5.6,
          "type": "mandatory"
        }
      ],
      "target": {
        "overs": 20,
        "runs": 194
      }
    }
  ]
}