{
  "meta": {
    "data_version": "1.0.0",
    "created": "2020-06-17",
    "revision": 1
  },
  "info": {
    "balls_per_over": 6,
    "city": "Northampton",
    "dates": [
      "2018-07-04"
    ],
    "event": {
      "name": "Vitality Blast",
      "group": "North"
    },
    "gender": "male",
    "match_type": "T20",
    "officials": {
      "umpires": [
        "JH Evans",
        "DJ Millns"
      ]
    },
    "outcome": {
      "winner": "Leicestershire",
      "by": {
        "wickets": 4
      }
    },
    "overs": 20,
    "player_of_match": [
      "BM Duckett"
    ],
    "players": {
      "Northamptonshire": [
        "RE Levi",
        "BM Duckett",
        "JJ Cobb",
        "AG Wakely",
        "SP Crook",
        "R Vasconcelos",
        "S Prasanna",
        "RK Kleinveldt",
        "GG White",
        "NL Buck",
        "BW Sanderson"
      ],
      "Leicestershire": [
        "NJ Dexter",
        "CS Delport",
        "MJ Cosgrove",
        "CN Ackermann",
        "Mohammad Nabi",
        "BA Raine",
        "TJ Wells",
        "LJ Hill",
        "ZJ Chappell",
        "CF Parkinson",
        "Mohammad Abbas"
      ]
    },
    "registry": {
      "people": {
        "AG Wakely": "730d120f",
        "BA Raine": "4c0f3806",
        "BM Duckett": "5f26f677",
        "BW Sanderson": "e871a7a1",
        "CF Parkinson": "aa1210d8",
        "CN Ackermann": "e734d090",
        "CS Delport": "afa78c3a",
        "DJ Millns": "46ecfe40",
        "GG White": "0f21680d",
        "JH Evans": "f444fdac",
        "JJ Cobb": "58c481c6",
        "LJ Hill": "35f9a295",
        "MJ Cosgrove": "be768595",
        "Mohammad Abbas": "a089f93f",
        "Mohammad Nabi": "62af8546",
        "NJ Dexter": "dc670143",
        "NL Buck": "5239d782",
        "R Vasconcelos": "efe3fcc5",
        "RE Levi": "18c78b11",
        "RK Kleinveldt": "7955eb15",
        "S Prasanna": "f78e7113",
        "SP Crook": "c4450a69",
        "TJ Wells": "eb1a5b03",
        "ZJ Chappell": "fe5b4367"
      }
    },
    "season": "2018",
    "team_type": "club",
    "teams": [
      "Northamptonshire",
      "Leicestershire"
    ],
    "toss": {
      "decision": "field",
      "winner": "Leicestershire"
    },
    "venue": "County Ground"
  },
  "innings": [
    {
      "team": "Northamptonshire",
      "overs": [
        {
          "over": 0,
          "deliveries": [
            {
              "batter": "RE Levi",
              "bowler": "Mohammad Abbas",
              "non_striker": "BM Duckett",
              "runs": {
                "batter": 0,
                "extras": 0,
                "total": 0
              }
            },
            {
              "batter": "RE Levi",
              "bowler": "Mohammad Abbas",
              "non_striker": "BM Duckett",
              "runs": {
                "batter": 0,
                "extras": 0,
                "total": 0
              }
            },
            {
              "batter": "RE Levi",
              "bowler": "Mohammad Abbas",
              "non_striker": "BM Duckett",
              "runs": {
                "batter": 0,
                "extras": 0,
                "total": 0
              }
            },
            {
              "batter": "RE Levi",
              "bowler": "Mohammad Abbas",
              "non_striker": "BM Duckett",
              "runs": {
                "batter": 0,
                "extras": 0,
                "total": 0
              }
            },
            {
              "batter": "RE Levi",
              "bowler": "Mohammad Abbas",
              "non_striker": "BM Duckett",
              "runs": {
                "batter": 0,
                "extras": 0,
                "total": 0
              }
            },
            {
              "batter": "RE Levi",
              "bowler": "Mohammad Abbas",
              "non_striker": "BM Duckett",
              "runs": {
                "batter": 1,
                "extras": 0,
                "total": 1
              }
            }
          ]
        },
        {
          "over": 1,
          "deliveries": [
            {
              "batter": "RE Levi",
              "bowler": "BA Raine",
              "non_striker": "BM Duckett",
              "runs": {
                "batter": 1,
                "extras": 0,
                "total": 1
              }
            },
            {
              "batter": "BM Duckett",
              "bowler": "BA Raine",
              "non_striker": "RE Levi",
              "runs": {
                "batter": 0,
                "extras": 0,
                "total": 0
              }
            },
            {
              "batter": "BM Duckett",
              "bowler": "BA Raine",
              "non_striker": "RE Levi",
              "runs": {
                "batter": 4,
                "extras": 0,
                "total": 4
              }
            },
            {
              "batter": "BM Duckett",
              "bowler": "BA Raine",
              "non_striker": "RE Levi",
              "runs": {
                "batter": 0,
                "extras": 0,
                "total": 0
              }
            },
            {
              "batter": "BM Duckett",
              "bowler": "BA Raine",
              "non_striker": "RE Levi",
              "runs": {
                "batter": 0,
                "extras": 0,
                "total": 0
              }
            },
            {
              "batter": "BM Duckett",
              "bowler": "BA Raine",
              "non_striker": "RE Levi",
              "runs": {
                "batter": 2,
                "extras": 0,
                "total": 2
              }
            }
          ]
        },
        {
          "over": 2,
          "deliveries": [
            {
              "batter": "RE Levi",
              "bowler": "Mohammad Abbas",
              "non_striker": "BM Duckett",
              "runs": {
                "batter": 4,
                "extras": 0,
                "total": 4
              }
            },
            {
              "batter": "RE Levi",
              "bowler": "Mohammad Abbas",
              "non_striker": "BM Duckett",
              "runs": {
                "batter": 0,
                "extras": 0,
                "total": 0
              },
              "wickets": [
                {
                  "player_out": "RE Levi",
                  "kind": "bowled"
                }
              ]
            },
            {
              "batter": "JJ Cobb",
              "bowler": "Mohammad Abbas",
              "non_striker": "BM Duckett",
              "runs": {
                "batter": 2,
                "extras": 0,
                "total": 2
              }
            },
            {
              "batter": "JJ Cobb",
              "bowler": "Mohammad Abbas",
              "non_striker": "BM Duckett",
              "runs": {
                "batter": 1,
                "extras": 0,
                "total": 1
              }
            },
            {
              "batter": "BM Duckett",
              "bowler": "Mohammad Abbas",
              "non_striker": "JJ Cobb",
              "runs": {
                "batter": 4,
                "extras": 0,
                "total": 4
              }
            },
            {
              "batter": "BM Duckett",
              "bowler": "Mohammad Abbas",
              "non_striker": "JJ Cobb",
              "runs": {
                "batter": 0,
                "extras": 0,
                "total": 0
              }
            }
          ]
        },
        {
          "over": 3,
          "deliveries": [
            {
              "batter": "JJ Cobb",
              "bowler": "BA Raine",
              "non_striker": "BM Duckett",
              "runs": {
                "batter": 1,
                "extras": 0,
                "total": 1
              }
            },
            {
              "batter": "BM Duckett",
              "bowler": "BA Raine",
              "non_striker": "JJ Cobb",
              "runs": {
                "batter": 4,
                "extras": 0,
                "total": 4
              }
            },
            {
              "batter": "BM Duckett",
              "bowler": "BA Raine",
              "non_striker": "JJ Cobb",
              "runs": {
                "batter": 0,
                "extras": 0,
                "total": 0
              }
            },
            {
              "batter": "BM Duckett",
              "bowler": "BA Raine",
              "non_striker": "JJ Cobb",
              "runs": {
                "batter": 6,
                "extras": 0,
                "total": 6
              }
            },
            {
              "batter": "BM Duckett",
              "bowler": "BA Raine",
              "non_striker": "JJ Cobb",
              "runs": {
                "batter": 4,
                "extras": 0,
                "total": 4
              }
            },
            {
              "batter": "BM Duckett",
              "bowler": "BA Raine",
              "non_striker": "JJ Cobb",
              "runs": {
                "batter": 1,
                "extras": 0,
                "total": 1
              }
            }
          ]
        },
        {
          "over": 4,
          "deliveries": [
            {
              "batter": "BM Duckett",
              "bowler": "CF Parkinson",
              "non_striker": "JJ Cobb",
              "runs": {
                "batter": 0,
                "extras": 0,
                "total": 0
              }
            },
            {
              "batter": "BM Duckett",
              "bowler": "CF Parkinson",
              "non_striker": "JJ Cobb",
              "runs": {
                "batter": 0,
                "extras": 0,
                "total": 0
              }
            },
            {
              "batter": "BM Duckett",
              "bowler": "CF Parkinson",
              "non_striker": "JJ Cobb",
              "runs": {
                "batter": 4,
                "extras": 0,
                "total": 4
              }
            },
            {
              "batter": "BM Duckett",
              "bowler": "CF Parkinson",
              "non_striker": "JJ Cobb",
              "runs": {
                "batter": 0,
                "extras": 0,
                "total": 0
              }
            },
            {
              "batter": "BM Duckett",
              "bowler": "CF Parkinson",
              "non_striker": "JJ Cobb",
              "runs": {
                "batter": 4,
                "extras": 0,
                "total": 4
              }
            },
            {
              "batter": "BM Duckett",
              "bowler": "CF Parkinson",
              "non_striker": "JJ Cobb",
              "runs": {
                "batter": 4,
                "extras": 0,
                "total": 4
              }
            }
          ]
        },
        {
          "over": 5,
          "deliveries": [
            {
              "batter": "JJ Cobb",
              "bowler": "Mohammad Nabi",
              "non_striker": "BM Duckett",
              "runs": {
                "batter": 0,
                "extras": 0,
                "total": 0
              }
            },
            {
              "batter": "JJ Cobb",
              "bowler": "Mohammad Nabi",
              "non_striker": "BM Duckett",
              "runs": {
                "batter": 1,
                "extras": 0,
                "total": 1
              }
            },
            {
              "batter": "BM Duckett",
              "bowler": "Mohammad Nabi",
              "non_striker": "JJ Cobb",
              "runs": {
                "batter": 1,
                "extras": 0,
                "total": 1
              }
            },
            {
              "batter": "JJ Cobb",
              "bowler": "Mohammad Nabi",
              "non_striker": "BM Duckett",
              "runs": {
                "batter": 1,
                "extras": 0,
                "total": 1
              }
            },
            {
              "batter": "BM Duckett",
              "bowler": "Mohammad Nabi",
              "non_striker": "JJ Cobb",
              "runs": {
                "batter": 4,
                "extras": 0,
                "total": 4
              }
            },
            {
              "batter": "BM Duckett",
              "bowler": "Mohammad Nabi",
              "non_striker": "JJ Cobb",
              "runs": {
                "batter": 4,
                "extras": 0,
                "total": 4
              }
            }
          ]
        },
        {
          "over": 6,
          "deliveries": [
            {
              "batter": "JJ Cobb",
              "bowler": "ZJ Chappell",
              "non_striker": "BM Duckett",
              "runs": {
                "batter": 0,
                "extras": 0,
                "total": 0
              }
            },
            {
              "batter": "JJ Cobb",
              "bowler": "ZJ Chappell",
              "extras": {
                "legbyes": 4
              },
              "non_striker": "BM Duckett",
              "runs": {
                "batter": 0,
                "extras": 4,
                "total": 4
              }
            },
            {
              "batter": "JJ Cobb",
              "bowler": "ZJ Chappell",
              "extras": {
                "noballs": 2
              },
              "non_striker": "BM Duckett",
              "runs": {
                "batter": 0,
                "extras": 2,
                "total": 2
              }
            },
            {
              "batter": "JJ Cobb",
              "bowler": "ZJ Chappell",
              "non_striker": "BM Duckett",
              "runs": {
                "batter": 4,
                "extras": 0,
                "total": 4
              }
            },
            {
              "batter": "JJ Cobb",
              "bowler": "ZJ Chappell",
              "non_striker": "BM Duckett",
              "runs": {
                "batter": 0,
                "extras": 0,
                "total": 0
              }
            },
            {
              "batter": "JJ Cobb",
              "bowler": "ZJ Chappell",
              "non_striker": "BM Duckett",
              "runs": {
                "batter": 1,
                "extras": 0,
                "total": 1
              }
            },
            {
              "batter": "BM Duckett",
              "bowler": "ZJ Chappell",
              "non_striker": "JJ Cobb",
              "runs": {
                "batter": 4,
                "extras": 0,
                "total": 4
              }
            }
          ]
        },
        {
          "over": 7,
          "deliveries": [
            {
              "batter": "JJ Cobb",
              "bowler": "Mohammad Nabi",
              "non_striker": "BM Duckett",
              "runs": {
                "batter": 1,
                "extras": 0,
                "total": 1
              }
            },
            {
              "batter": "BM Duckett",
              "bowler": "Mohammad Nabi",
              "non_striker": "JJ Cobb",
              "runs": {
                "batter": 1,
                "extras": 0,
                "total": 1
              }
            },
            {
              "batter": "JJ Cobb",
              "bowler": "Mohammad Nabi",
              "non_striker": "BM Duckett",
              "runs": {
                "batter": 1,
                "extras": 0,
                "total": 1
              }
            },
            {
              "batter": "BM Duckett",
              "bowler": "Mohammad Nabi",
              "non_striker": "JJ Cobb",
              "runs": {
                "batter": 1,
                "extras": 0,
                "total": 1
              }
            },
            {
              "batter": "JJ Cobb",
              "bowler": "Mohammad Nabi",
              "non_striker": "BM Duckett",
              "runs": {
                "batter": 6,
                "extras": 0,
                "total": 6
              }
            },
            {
              "batter": "JJ Cobb",
              "bowler": "Mohammad Nabi",
              "non_striker": "BM Duckett",
              "runs": {
                "batter": 1,
                "extras": 0,
                "total": 1
              }
            }
          ]
        },
        {
          "over": 8,
          "deliveries": [
            {
              "batter": "JJ Cobb",
              "bowler": "CS Delport",
              "non_striker": "BM Duckett",
              "runs": {
                "batter": 6,
                "extras": 0,
                "total": 6
              }
            },
            {
              "batter": "JJ Cobb",
              "bowler": "CS Delport",
              "non_striker": "BM Duckett",
              "runs": {
                "batter": 6,
                "extras": 0,
                "total": 6
              }
            },
            {
              "batter": "JJ Cobb",
              "bowler": "CS Delport",
              "non_striker": "BM Duckett",
              "runs": {
                "batter": 4,
                "extras": 0,
                "total": 4
              }
            },
            {
              "batter": "JJ Cobb",
              "bowler": "CS Delport",
              "non_striker": "BM Duckett",
              "runs": {
                "batter": 6,
                "extras": 0,
                "total": 6
              }
            },
            {
              "batter": "JJ Cobb",
              "bowler": "CS Delport",
              "non_striker": "BM Duckett",
              "runs": {
                "batter": 1,
                "extras": 0,
                "total": 1
              }
            },
            {
              "batter": "BM Duckett",
              "bowler": "CS Delport",
              "non_striker": "JJ Cobb",
              "runs": {
                "batter": 0,
                "extras": 0,
                "total": 0
              }
            }
          ]
        },
        {
          "over": 9,
          "deliveries": [
            {
              "batter": "JJ Cobb",
              "bowler": "CF Parkinson",
              "non_striker": "BM Duckett",
              "runs": {
                "batter": 4,
                "extras": 0,
                "total": 4
              }
            },
            {
              "batter": "JJ Cobb",
              "bowler": "CF Parkinson",
              "non_striker": "BM Duckett",
              "runs": {
                "batter": 0,
                "extras": 0,
                "total": 0
              }
            },
            {
              "batter": "JJ Cobb",
              "bowler": "CF Parkinson",
              "non_striker": "BM Duckett",
              "runs": {
                "batter": 1,
                "extras": 0,
                "total": 1
              }
            },
            {
              "batter": "BM Duckett",
              "bowler": "CF Parkinson",
              "non_striker": "JJ Cobb",
              "runs": {
                "batter": 1,
                "extras": 0,
                "total": 1
              }
            },
            {
              "batter": "JJ Cobb",
              "bowler": "CF Parkinson",
              "non_striker": "BM Duckett",
              "runs": {
                "batter": 0,
                "extras": 0,
                "total": 0
              }
            },
            {
              "batter": "JJ Cobb",
              "bowler": "CF Parkinson",
              "non_striker": "BM Duckett",
              "runs": {
                "batter": 1,
                "extras": 0,
                "total": 1
              }
            }
          ]
        },
        {
          "over": 10,
          "deliveries": [
            {
              "batter": "JJ Cobb",
              "bowler": "ZJ Chappell",
              "non_striker": "BM Duckett",
              "runs": {
                "batter": 0,
                "extras": 0,
                "total": 0
              }
            },
            {
              "batter": "JJ Cobb",
              "bowler": "ZJ Chappell",
              "non_striker": "BM Duckett",
              "runs": {
                "batter": 1,
                "extras": 0,
                "total": 1
              }
            },
            {
              "batter": "BM Duckett",
              "bowler": "ZJ Chappell",
              "non_striker": "JJ Cobb",
              "runs": {
                "batter": 1,
                "extras": 0,
                "total": 1
              }
            },
            {
              "batter": "JJ Cobb",
              "bowler": "ZJ Chappell",
              "non_striker": "BM Duckett",
              "runs": {
                "batter": 4,
                "extras": 0,
                "total": 4
              }
            },
            {
              "batter": "JJ Cobb",
              "bowler": "ZJ Chappell",
              "non_striker": "BM Duckett",
              "runs": {
                "batter": 0,
                "extras": 0,
                "total": 0
              }
            },
            {
              "batter": "JJ Cobb",
              "bowler": "ZJ Chappell",
              "non_striker": "BM Duckett",
              "runs": {
                "batter": 1,
                "extras": 0,
                "total": 1
              }
            }
          ]
        },
        {
          "over": 11,
          "deliveries": [
            {
              "batter": "JJ Cobb",
              "bowler": "CF Parkinson",
              "non_striker": "BM Duckett",
              "runs": {
                "batter": 1,
                "extras": 0,
                "total": 1
              }
            },
            {
              "batter": "BM Duckett",
              "bowler": "CF Parkinson",
              "non_striker": "JJ Cobb",
              "runs": {
                "batter": 1,
                "extras": 0,
                "total": 1
              }
            },
            {
              "batter": "JJ Cobb",
              "bowler": "CF Parkinson",
              "non_striker": "BM Duckett",
              "runs": {
                "batter": 0,
                "extras": 0,
                "total": 0
              },
              "wickets": [
                {
                  "player_out": "JJ Cobb",
                  "fielders": [
                    {
                      "name": "ZJ Chappell"
                    }
                  ],
                  "kind": "caught"
                }
              ]
            },
            {
              "batter": "AG Wakely",
              "bowler": "CF Parkinson",
              "non_striker": "BM Duckett",
              "runs": {
                "batter": 1,
                "extras": 0,
                "total": 1
              }
            },
            {
              "batter": "BM Duckett",
              "bowler": "CF Parkinson",
              "non_striker": "AG Wakely",
              "runs": {
                "batter": 2,
                "extras": 0,
                "total": 2
              }
            },
            {
              "batter": "BM Duckett",
              "bowler": "CF Parkinson",
              "non_striker": "AG Wakely",
              "runs": {
                "batter": 1,
                "extras": 0,
                "total": 1
              }
            }
          ]
        },
        {
          "over": 12,
          "deliveries": [
            {
              "batter": "BM Duckett",
              "bowler": "ZJ Chappell",
              "non_striker": "AG Wakely",
              "runs": {
                "batter": 0,
                "extras": 0,
                "total": 0
              }
            },
            {
              "batter": "BM Duckett",
              "bowler": "ZJ Chappell",
              "non_striker": "AG Wakely",
              "runs": {
                "batter": 0,
                "extras": 0,
                "total": 0
              }
            },
            {
              "batter": "BM Duckett",
              "bowler": "ZJ Chappell",
              "non_striker": "AG Wakely",
              "runs": {
                "batter": 0,
                "extras": 0,
                "total": 0
              }
            },
            {
              "batter": "BM Duckett",
              "bowler": "ZJ Chappell",
              "non_striker": "AG Wakely",
              "runs": {
                "batter": 6,
                "extras": 0,
                "total": 6
              }
            },
            {
              "batter": "BM Duckett",
              "bowler": "ZJ Chappell",
              "non_striker": "AG Wakely",
              "runs": {
                "batter": 2,
                "extras": 0,
                "total": 2
              }
            },
            {
              "batter": "BM Duckett",
              "bowler": "ZJ Chappell",
              "extras": {
                "legbyes": 1
              },
              "non_striker": "AG Wakely",
              "runs": {
                "batter": 0,
                "extras": 1,
                "total": 1
              }
            }
          ]
        },
        {
          "over": 13,
          "deliveries": [
            {
              "batter": "BM Duckett",
              "bowler": "Mohammad Nabi",
              "non_striker": "AG Wakely",
              "runs": {
                "batter": 2,
                "extras": 0,
                "total": 2
              }
            },
            {
              "batter": "BM Duckett",
              "bowler": "Mohammad Nabi",
              "non_striker": "AG Wakely",
              "runs": {
                "batter": 1,
                "extras": 0,
                "total": 1
              }
            },
            {
              "batter": "AG Wakely",
              "bowler": "Mohammad Nabi",
              "non_striker": "BM Duckett",
              "runs": {
                "batter": 4,
                "extras": 0,
                "total": 4
              }
            },
            {
              "batter": "AG Wakely",
              "bowler": "Mohammad Nabi",
              "non_striker": "BM Duckett",
              "runs": {
                "batter": 1,
                "extras": 0,
                "total": 1
              }
            },
            {
              "batter": "BM Duckett",
              "bowler": "Mohammad Nabi",
              "non_striker": "AG Wakely",
              "runs": {
                "batter": 1,
                "extras": 0,
                "total": 1
              }
            },
            {
              "batter": "AG Wakely",
              "bowler": "Mohammad Nabi",
              "non_striker": "BM Duckett",
              "runs": {
                "batter": 1,
                "extras": 0,
                "total": 1
              }
            }
          ]
        },
        {
          "over": 14,
          "deliveries": [
            {
              "batter": "AG Wakely",
              "bowler": "ZJ Chappell",
              "non_striker": "BM Duckett",
              "runs": {
                "batter": 0,
                "extras": 0,
                "total": 0
              }
            },
            {
              "batter": "AG Wakely",
              "bowler": "ZJ Chappell",
              "non_striker": "BM Duckett",
              "runs": {
                "batter": 1,
                "extras": 0,
                "total": 1
              }
            },
            {
              "batter": "BM Duckett",
              "bowler": "ZJ Chappell",
              "non_striker": "AG Wakely",
              "runs": {
                "batter": 4,
                "extras": 0,
                "total": 4
              }
            },
            {
              "batter": "BM Duckett",
              "bowler": "ZJ Chappell",
              "non_striker": "AG Wakely",
              "runs": {
                "batter": 6,
                "extras": 0,
                "total": 6
              }
            },
            {
              "batter": "BM Duckett",
              "bowler": "ZJ Chappell",
              "non_striker": "AG Wakely",
              "runs": {
                "batter": 1,
                "extras": 0,
                "total": 1
              }
            },
            {
              "batter": "AG Wakely",
              "bowler": "ZJ Chappell",
              "non_striker": "BM Duckett",
              "runs": {
                "batter": 4,
                "extras": 0,
                "total": 4
              }
            }
          ]
        },
        {
          "over": 15,
          "deliveries": [
            {
              "batter": "BM Duckett",
              "bowler": "Mohammad Nabi",
              "non_striker": "AG Wakely",
              "runs": {
                "batter": 1,
                "extras": 0,
                "total": 1
              }
            },
            {
              "batter": "AG Wakely",
              "bowler": "Mohammad Nabi",
              "non_striker": "BM Duckett",
              "runs": {
                "batter": 1,
                "extras": 0,
                "total": 1
              }
            },
            {
              "batter": "BM Duckett",
              "bowler": "Mohammad Nabi",
              "non_striker": "AG Wakely",
              "runs": {
                "batter": 1,
                "extras": 0,
                "total": 1
              }
            },
            {
              "batter": "AG Wakely",
              "bowler": "Mohammad Nabi",
              "non_striker": "BM Duckett",
              "runs": {
                "batter": 6,
                "extras": 0,
                "total": 6
              }
            },
            {
              "batter": "AG Wakely",
              "bowler": "Mohammad Nabi",
              "extras": {
                "wides": 1
              },
              "non_striker": "BM Duckett",
              "runs": {
                "batter": 0,
                "extras": 1,
                "total": 1
              }
            },
            {
              "batter": "AG Wakely",
              "bowler": "Mohammad Nabi",
              "non_striker": "BM Duckett",
              "runs": {
                "batter": 1,
                "extras": 0,
                "total": 1
              }
            },
            {
              "batter": "BM Duckett",
              "bowler": "Mohammad Nabi",
              "non_striker": "AG Wakely",
              "runs": {
                "batter": 1,
                "extras": 0,
                "total": 1
              }
            }
          ]
        },
        {
          "over": 16,
          "deliveries": [
            {
              "batter": "BM Duckett",
              "bowler": "Mohammad Abbas",
              "non_striker": "AG Wakely",
              "runs": {
                "batter": 0,
                "extras": 0,
                "total": 0
              }
            },
            {
              "batter": "BM Duckett",
              "bowler": "Mohammad Abbas",
              "non_striker": "AG Wakely",
              "runs": {
                "batter": 1,
                "extras": 0,
                "total": 1
              }
            },
            {
              "batter": "AG Wakely",
              "bowler": "Mohammad Abbas",
              "non_striker": "BM Duckett",
              "runs": {
                "batter": 4,
                "extras": 0,
                "total": 4
              }
            },
            {
              "batter": "AG Wakely",
              "bowler": "Mohammad Abbas",
              "non_striker": "BM Duckett",
              "runs": {
                "batter": 4,
                "extras": 0,
                "total": 4
              }
            },
            {
              "batter": "AG Wakely",
              "bowler": "Mohammad Abbas",
              "non_striker": "BM Duckett",
              "runs": {
                "batter": 0,
                "extras": 0,
                "total": 0
              }
            },
            {
              "batter": "AG Wakely",
              "bowler": "Mohammad Abbas",
              "non_striker": "BM Duckett",
              "runs": {
                "batter": 0,
                "extras": 0,
                "total": 0
              }
            }
          ]
        },
        {
          "over": 17,
          "deliveries": [
            {
              "batter": "BM Duckett",
              "bowler": "BA Raine",
              "non_striker": "AG Wakely",
              "runs": {
                "batter": 1,
                "extras": 0,
                "total": 1
              }
            },
            {
              "batter": "AG Wakely",
              "bowler": "BA Raine",
              "non_striker": "BM Duckett",
              "runs": {
                "batter": 6,
                "extras": 0,
                "total": 6
              }
            },
            {
              "batter": "AG Wakely",
              "bowler": "BA Raine",
              "non_striker": "BM Duckett",
              "runs": {
                "batter": 4,
                "extras": 0,
                "total": 4
              }
            },
            {
              "batter": "AG Wakely",
              "bowler": "BA Raine",
              "non_striker": "BM Duckett",
              "runs": {
                "batter": 2,
                "extras": 0,
                "total": 2
              }
            },
            {
              "batter": "AG Wakely",
              "bowler": "BA Raine",
              "non_striker": "BM Duckett",
              "runs": {
                "batter": 1,
                "extras": 0,
                "total": 1
              }
            },
            {
              "batter": "BM Duckett",
              "bowler": "BA Raine",
              "non_striker": "AG Wakely",
              "runs": {
                "batter": 1,
                "extras": 0,
                "total": 1
              }
            }
          ]
        },
        {
          "over": 18,
          "deliveries": [
            {
              "batter": "BM Duckett",
              "bowler": "Mohammad Abbas",
              "non_striker": "AG Wakely",
              "runs": {
                "batter": 2,
                "extras": 0,
                "total": 2
              }
            },
            {
              "batter": "BM Duckett",
              "bowler": "Mohammad Abbas",
              "non_striker": "AG Wakely",
              "runs": {
                "batter": 1,
                "extras": 0,
                "total": 1
              }
            },
            {
              "batter": "AG Wakely",
              "bowler": "Mohammad Abbas",
              "non_striker": "BM Duckett",
              "runs": {
                "batter": 0,
                "extras": 0,
                "total": 0
              }
            },
            {
              "batter": "AG Wakely",
              "bowler": "Mohammad Abbas",
              "non_striker": "BM Duckett",
              "runs": {
                "batter": 1,
                "extras": 0,
                "total": 1
              }
            },
            {
              "batter": "BM Duckett",
              "bowler": "Mohammad Abbas",
              "non_striker": "AG Wakely",
              "runs": {
                "batter": 2,
                "extras": 0,
                "total": 2
              }
            },
            {
              "batter": "BM Duckett",
              "bowler": "Mohammad Abbas",
              "non_striker": "AG Wakely",
              "runs": {
                "batter": 4,
                "extras": 0,
                "total": 4
              }
            }
          ]
        },
        {
          "over": 19,
          "deliveries": [
            {
              "batter": "AG Wakely",
              "bowler": "BA Raine",
              "non_striker": "BM Duckett",
              "runs": {
                "batter": 6,
                "extras": 0,
                "total": 6
              }
            },
            {
              "batter": "AG Wakely",
              "bowler": "BA Raine",
              "non_striker": "BM Duckett",
              "runs": {
                "batter": 1,
                "extras": 0,
                "total": 1
              }
            },
            {
              "batter": "BM Duckett",
              "bowler": "BA Raine",
              "non_striker": "AG Wakely",
              "runs": {
                "batter": 0,
                "extras": 0,
                "total": 0
              },
              "wickets": [
                {
                  "player_out": "BM Duckett",
                  "fielders": [
                    {
                      "name": "NJ Dexter"
                    }
                  ],
                  "kind": "caught"
                }
              ]
            },
            {
              "batter": "AG Wakely",
              "bowler": "BA Raine",
              "non_striker": "SP Crook",
              "runs": {
                "batter": 1,
                "extras": 0,
                "total": 1
              }
            },
            {
              "batter": "SP Crook",
              "bowler": "BA Raine",
              "non_striker": "AG Wakely",
              "runs": {
                "batter": 1,
                "extras": 0,
                "total": 1
              }
            },
            {
              "batter": "AG Wakely",
              "bowler": "BA Raine",
              "non_striker": "SP Crook",
              "runs": {
                "batter": 1,
                "extras": 0,
                "total": 1
              }
            }
          ]
        }
      ],
      "powerplays": [
        {
          "from": 0.1,
          "to": 5.6,
          "type": "mandatory"
        }
      ]
    },
    {
      "team": "Leicestershire",
      "overs": [
        {
          "over": 0,
          "deliveries": [
            {
              "batter": "NJ Dexter",
              "bowler": "BW Sanderson",
              "non_striker": "CS Delport",
              "runs": {
                "batter": 0,
                "extras": 0,
                "total": 0
              }
            },
            {
              "batter": "NJ Dexter",
              "bowler": "BW Sanderson",
              "non_striker": "CS Delport",
              "runs": {
                "batter": 0,
                "extras": 0,
                "total": 0
              }
            },
            {
              "batter": "NJ Dexter",
              "bowler": "BW Sanderson",
              "non_striker": "CS Delport",
              "runs": {
                "batter": 4,
                "extras": 0,
                "total": 4
              }
            },
            {
              "batter": "NJ Dexter",
              "bowler": "BW Sanderson",
              "non_striker": "CS Delport",
              "runs": {
                "batter": 0,
                "extras": 0,
                "total": 0
              }
            },
            {
              "batter": "NJ Dexter",
              "bowler": "BW Sanderson",
              "non_striker": "CS Delport",
              "runs": {
                "batter": 4,
                "extras": 0,
                "total": 4
              }
            },
            {
              "batter": "NJ Dexter",
              "bowler": "BW Sanderson",
              "non_striker": "CS Delport",
              "runs": {
                "batter": 0,
                "extras": 0,
                "total": 0
              }
            }
          ]
        },
        {
          "over": 1,
          "deliveries": [
            {
              "batter": "CS Delport",
              "bowler": "RK Kleinveldt",
              "non_striker": "NJ Dexter",
              "runs": {
                "batter": 0,
                "extras": 0,
                "total": 0
              }
            },
            {
              "batter": "CS Delport",
              "bowler": "RK Kleinveldt",
              "non_striker": "NJ Dexter",
              "runs": {
                "batter": 0,
                "extras": 0,
                "total": 0
              }
            },
            {
              "batter": "CS Delport",
              "bowler": "RK Kleinveldt",
              "non_striker": "NJ Dexter",
              "runs": {
                "batter": 1,
                "extras": 0,
                "total": 1
              }
            },
            {
              "batter": "NJ Dexter",
              "bowler": "RK Kleinveldt",
              "non_striker": "CS Delport",
              "runs": {
                "batter": 4,
                "extras": 0,
                "total": 4
              }
            },
            {
              "batter": "NJ Dexter",
              "bowler": "RK Kleinveldt",
              "non_striker": "CS Delport",
              "runs": {
                "batter": 1,
                "extras": 0,
                "total": 1
              }
            },
            {
              "batter": "CS Delport",
              "bowler": "RK Kleinveldt",
              "non_striker": "NJ Dexter",
              "runs": {
                "batter": 1,
                "extras": 0,
                "total": 1
              }
            }
          ]
        },
        {
          "over": 2,
          "deliveries": [
            {
              "batter": "CS Delport",
              "bowler": "BW Sanderson",
              "non_striker": "NJ Dexter",
              "runs": {
                "batter": 1,
                "extras": 0,
                "total": 1
              }
            },
            {
              "batter": "NJ Dexter",
              "bowler": "BW Sanderson",
              "non_striker": "CS Delport",
              "runs": {
                "batter": 0,
                "extras": 0,
                "total": 0
              }
            },
            {
              "batter": "NJ Dexter",
              "bowler": "BW Sanderson",
              "non_striker": "CS Delport",
              "runs": {
                "batter": 4,
                "extras": 0,
                "total": 4
              }
            },
            {
              "batter": "NJ Dexter",
              "bowler": "BW Sanderson",
              "non_striker": "CS Delport",
              "runs": {
                "batter": 1,
                "extras": 0,
                "total": 1
              }
            },
            {
              "batter": "CS Delport",
              "bowler": "BW Sanderson",
              "non_striker": "NJ Dexter",
              "runs": {
                "batter": 1,
                "extras": 0,
                "total": 1
              }
            },
            {
              "batter": "NJ Dexter",
              "bowler": "BW Sanderson",
              "non_striker": "CS Delport",
              "runs": {
                "batter": 4,
                "extras": 0,
                "total": 4
              }
            }
          ]
        },
        {
          "over": 3,
          "deliveries": [
            {
              "batter": "CS Delport",
              "bowler": "RK Kleinveldt",
              "non_striker": "NJ Dexter",
              "runs": {
                "batter": 4,
                "extras": 0,
                "total": 4
              }
            },
            {
              "batter": "CS Delport",
              "bowler": "RK Kleinveldt",
              "non_striker": "NJ Dexter",
              "runs": {
                "batter": 0,
                "extras": 0,
                "total": 0
              }
            },
            {
              "batter": "CS Delport",
              "bowler": "RK Kleinveldt",
              "non_striker": "NJ Dexter",
              "runs": {
                "batter": 1,
                "extras": 0,
                "total": 1
              }
            },
            {
              "batter": "NJ Dexter",
              "bowler": "RK Kleinveldt",
              "non_striker": "CS Delport",
              "runs": {
                "batter": 0,
                "extras": 0,
                "total": 0
              }
            },
            {
              "batter": "NJ Dexter",
              "bowler": "RK Kleinveldt",
              "non_striker": "CS Delport",
              "runs": {
                "batter": 1,
                "extras": 0,
                "total": 1
              }
            },
            {
              "batter": "CS Delport",
              "bowler": "RK Kleinveldt",
              "non_striker": "NJ Dexter",
              "runs": {
                "batter": 1,
                "extras": 0,
                "total": 1
              }
            }
          ]
        },
        {
          "over": 4,
          "deliveries": [
            {
              "batter": "CS Delport",
              "bowler": "NL Buck",
              "non_striker": "NJ Dexter",
              "runs": {
                "batter": 4,
                "extras": 0,
                "total": 4
              }
            },
            {
              "batter": "CS Delport",
              "bowler": "NL Buck",
              "non_striker": "NJ Dexter",
              "runs": {
                "batter": 0,
                "extras": 0,
                "total": 0
              }
            },
            {
              "batter": "CS Delport",
              "bowler": "NL Buck",
              "non_striker": "NJ Dexter",
              "runs": {
                "batter": 1,
                "extras": 0,
                "total": 1
              }
            },
            {
              "batter": "NJ Dexter",
              "bowler": "NL Buck",
              "non_striker": "CS Delport",
              "runs": {
                "batter": 4,
                "extras": 0,
                "total": 4
              }
            },
            {
              "batter": "NJ Dexter",
              "bowler": "NL Buck",
              "non_striker": "CS Delport",
              "runs": {
                "batter": 1,
                "extras": 0,
                "total": 1
              }
            },
            {
              "batter": "CS Delport",
              "bowler": "NL Buck",
              "non_striker": "NJ Dexter",
              "runs": {
                "batter": 0,
                "extras": 0,
                "total": 0
              }
            }
          ]
        },
        {
          "over": 5,
          "deliveries": [
            {
              "batter": "NJ Dexter",
              "bowler": "JJ Cobb",
              "non_striker": "CS Delport",
              "runs": {
                "batter": 4,
                "extras": 0,
                "total": 4
              }
            },
            {
              "batter": "NJ Dexter",
              "bowler": "JJ Cobb",
              "non_striker": "CS Delport",
              "runs": {
                "batter": 0,
                "extras": 0,
                "total": 0
              }
            },
            {
              "batter": "NJ Dexter",
              "bowler": "JJ Cobb",
              "non_striker": "CS Delport",
              "runs": {
                "batter": 6,
                "extras": 0,
                "total": 6
              }
            },
            {
              "batter": "NJ Dexter",
              "bowler": "JJ Cobb",
              "extras": {
                "legbyes": 1
              },
              "non_striker": "CS Delport",
              "runs": {
                "batter": 0,
                "extras": 1,
                "total": 1
              }
            },
            {
              "batter": "CS Delport",
              "bowler": "JJ Cobb",
              "non_striker": "NJ Dexter",
              "runs": {
                "batter": 1,
                "extras": 0,
                "total": 1
              }
            },
            {
              "batter": "NJ Dexter",
              "bowler": "JJ Cobb",
              "non_striker": "CS Delport",
              "runs": {
                "batter": 0,
                "extras": 0,
                "total": 0
              },
              "wickets": [
                {
                  "player_out": "NJ Dexter",
                  "kind": "run out"
                }
              ]
            }
          ]
        },
        {
          "over": 6,
          "deliveries": [
            {
              "batter": "CS Delport",
              "bowler": "NL Buck",
              "non_striker": "MJ Cosgrove",
              "runs": {
                "batter": 0,
                "extras": 0,
                "total": 0
              }
            },
            {
              "batter": "CS Delport",
              "bowler": "NL Buck",
              "non_striker": "MJ Cosgrove",
              "runs": {
                "batter": 1,
                "extras": 0,
                "total": 1
              }
            },
            {
              "batter": "MJ Cosgrove",
              "bowler": "NL Buck",
              "non_striker": "CS Delport",
              "runs": {
                "batter": 0,
                "extras": 0,
                "total": 0
              }
            },
            {
              "batter": "MJ Cosgrove",
              "bowler": "NL Buck",
              "extras": {
                "wides": 1
              },
              "non_striker": "CS Delport",
              "runs": {
                "batter": 0,
                "extras": 1,
                "total": 1
              }
            },
            {
              "batter": "MJ Cosgrove",
              "bowler": "NL Buck",
              "non_striker": "CS Delport",
              "runs": {
                "batter": 1,
                "extras": 0,
                "total": 1
              }
            },
            {
              "batter": "CS Delport",
              "bowler": "NL Buck",
              "non_striker": "MJ Cosgrove",
              "runs": {
                "batter": 1,
                "extras": 0,
                "total": 1
              }
            },
            {
              "batter": "MJ Cosgrove",
              "bowler": "NL Buck",
              "non_striker": "CS Delport",
              "runs": {
                "batter": 1,
                "extras": 0,
                "total": 1
              }
            }
          ]
        },
        {
          "over": 7,
          "deliveries": [
            {
              "batter": "MJ Cosgrove",
              "bowler": "S Prasanna",
              "non_striker": "CS Delport",
              "runs": {
                "batter": 1,
                "extras": 0,
                "total": 1
              }
            },
            {
              "batter": "CS Delport",
              "bowler": "S Prasanna",
              "non_striker": "MJ Cosgrove",
              "runs": {
                "batter": 1,
                "extras": 0,
                "total": 1
              }
            },
            {
              "batter": "MJ Cosgrove",
              "bowler": "S Prasanna",
              "non_striker": "CS Delport",
              "runs": {
                "batter": 0,
                "extras": 0,
                "total": 0
              }
            },
            {
              "batter": "MJ Cosgrove",
              "bowler": "S Prasanna",
              "non_striker": "CS Delport",
              "runs": {
                "batter": 1,
                "extras": 0,
                "total": 1
              }
            },
            {
              "batter": "CS Delport",
              "bowler": "S Prasanna",
              "non_striker": "MJ Cosgrove",
              "runs": {
                "batter": 2,
                "extras": 0,
                "total": 2
              }
            },
            {
              "batter": "CS Delport",
              "bowler": "S Prasanna",
              "non_striker": "MJ Cosgrove",
              "runs": {
                "batter": 1,
                "extras": 0,
                "total": 1
              }
            }
          ]
        },
        {
          "over": 8,
          "deliveries": [
            {
              "batter": "CS Delport",
              "bowler": "SP Crook",
              "non_striker": "MJ Cosgrove",
              "runs": {
                "batter": 1,
                "extras": 0,
                "total": 1
              }
            },
            {
              "batter": "MJ Cosgrove",
              "bowler": "SP Crook",
              "extras": {
                "wides": 1
              },
              "non_striker": "CS Delport",
              "runs": {
                "batter": 0,
                "extras": 1,
                "total": 1
              }
            },
            {
              "batter": "MJ Cosgrove",
              "bowler": "SP Crook",
              "non_striker": "CS Delport",
              "runs": {
                "batter": 6,
                "extras": 0,
                "total": 6
              }
            },
            {
              "batter": "MJ Cosgrove",
              "bowler": "SP Crook",
              "non_striker": "CS Delport",
              "runs": {
                "batter": 4,
                "extras": 0,
                "total": 4
              }
            },
            {
              "batter": "MJ Cosgrove",
              "bowler": "SP Crook",
              "non_striker": "CS Delport",
              "runs": {
                "batter": 1,
                "extras": 0,
                "total": 1
              }
            },
            {
              "batter": "CS Delport",
              "bowler": "SP Crook",
              "non_striker": "MJ Cosgrove",
              "runs": {
                "batter": 4,
                "extras": 0,
                "total": 4
              }
            },
            {
              "batter": "CS Delport",
              "bowler": "SP Crook",
              "extras": {
                "legbyes": 1
              },
              "non_striker": "MJ Cosgrove",
              "runs": {
                "batter": 0,
                "extras": 1,
                "total": 1
              }
            }
          ]
        },
        {
          "over": 9,
          "deliveries": [
            {
              "batter": "CS Delport",
              "bowler": "S Prasanna",
              "non_striker": "MJ Cosgrove",
              "runs": {
                "batter": 1,
                "extras": 0,
                "total": 1
              }
            },
            {
              "batter": "MJ Cosgrove",
              "bowler": "S Prasanna",
              "non_striker": "CS Delport",
              "runs": {
                "batter": 2,
                "extras": 0,
                "total": 2
              }
            },
            {
              "batter": "MJ Cosgrove",
              "bowler": "S Prasanna",
              "non_striker": "CS Delport",
              "runs": {
                "batter": 1,
                "extras": 0,
                "total": 1
              }
            },
            {
              "batter": "CS Delport",
              "bowler": "S Prasanna",
              "non_striker": "MJ Cosgrove",
              "runs": {
                "batter": 0,
                "extras": 0,
                "total": 0
              }
            },
            {
              "batter": "CS Delport",
              "bowler": "S Prasanna",
              "non_striker": "MJ Cosgrove",
              "runs": {
                "batter": 1,
                "extras": 0,
                "total": 1
              }
            },
            {
              "batter": "MJ Cosgrove",
              "bowler": "S Prasanna",
              "non_striker": "CS Delport",
              "runs": {
                "batter": 2,
                "extras": 0,
                "total": 2
              }
            }
          ]
        },
        {
          "over": 10,
          "deliveries": [
            {
              "batter": "CS Delport",
              "bowler": "JJ Cobb",
              "non_striker": "MJ Cosgrove",
              "runs": {
                "batter": 0,
                "extras": 0,
                "total": 0
              },
              "wickets": [
                {
                  "player_out": "CS Delport",
                  "fielders": [
                    {
                      "name": "BM Duckett"
                    }
                  ],
                  "kind": "caught"
                }
              ]
            },
            {
              "batter": "MJ Cosgrove",
              "bowler": "JJ Cobb",
              "non_striker": "CN Ackermann",
              "runs": {
                "batter": 1,
                "extras": 0,
                "total": 1
              }
            },
            {
              "batter": "CN Ackermann",
              "bowler": "JJ Cobb",
              "non_striker": "MJ Cosgrove",
              "runs": {
                "batter": 0,
                "extras": 0,
                "total": 0
              },
              "wickets": [
                {
                  "player_out": "MJ Cosgrove",
                  "fielders": [
                    {
                      "name": "JJ Cobb"
                    }
                  ],
                  "kind": "run out"
                }
              ]
            },
            {
              "batter": "CN Ackermann",
              "bowler": "JJ Cobb",
              "non_striker": "Mohammad Nabi",
              "runs": {
                "batter": 1,
                "extras": 0,
                "total": 1
              }
            },
            {
              "batter": "Mohammad Nabi",
              "bowler": "JJ Cobb",
              "non_striker": "CN Ackermann",
              "runs": {
                "batter": 0,
                "extras": 0,
                "total": 0
              }
            },
            {
              "batter": "Mohammad Nabi",
              "bowler": "JJ Cobb",
              "non_striker": "CN Ackermann",
              "runs": {
                "batter": 0,
                "extras": 0,
                "total": 0
              }
            }
          ]
        },
        {
          "over": 11,
          "deliveries": [
            {
              "batter": "CN Ackermann",
              "bowler": "S Prasanna",
              "non_striker": "Mohammad Nabi",
              "runs": {
                "batter": 1,
                "extras": 0,
                "total": 1
              }
            },
            {
              "batter": "Mohammad Nabi",
              "bowler": "S Prasanna",
              "non_striker": "CN Ackermann",
              "runs": {
                "batter": 1,
                "extras": 0,
                "total": 1
              }
            },
            {
              "batter": "CN Ackermann",
              "bowler": "S Prasanna",
              "non_striker": "Mohammad Nabi",
              "runs": {
                "batter": 1,
                "extras": 0,
                "total": 1
              }
            },
            {
              "batter": "Mohammad Nabi",
              "bowler": "S Prasanna",
              "non_striker": "CN Ackermann",
              "runs": {
                "batter": 1,
                "extras": 0,
                "total": 1
              }
            },
            {
              "batter": "CN Ackermann",
              "bowler": "S Prasanna",
              "non_striker": "Mohammad Nabi",
              "runs": {
                "batter": 0,
                "extras": 0,
                "total": 0
              }
            },
            {
              "batter": "CN Ackermann",
              "bowler": "S Prasanna",
              "non_striker": "Mohammad Nabi",
              "runs": {
                "batter": 1,
                "extras": 0,
                "total": 1
              }
            }
          ]
        },
        {
          "over": 12,
          "deliveries": [
            {
              "batter": "CN Ackermann",
              "bowler": "NL Buck",
              "non_striker": "Mohammad Nabi",
              "runs": {
                "batter": 1,
                "extras": 0,
                "total": 1
              }
            },
            {
              "batter": "Mohammad Nabi",
              "bowler": "NL Buck",
              "non_striker": "CN Ackermann",
              "runs": {
                "batter": 1,
                "extras": 0,
                "total": 1
              }
            },
            {
              "batter": "CN Ackermann",
              "bowler": "NL Buck",
              "non_striker": "Mohammad Nabi",
              "runs": {
                "batter": 1,
                "extras": 0,
                "total": 1
              }
            },
            {
              "batter": "Mohammad Nabi",
              "bowler": "NL Buck",
              "extras": {
                "byes": 1
              },
              "non_striker": "CN Ackermann",
              "runs": {
                "batter": 0,
                "extras": 1,
                "total": 1
              }
            },
            {
              "batter": "CN Ackermann",
              "bowler": "NL Buck",
              "non_striker": "Mohammad Nabi",
              "runs": {
                "batter": 4,
                "extras": 0,
                "total": 4
              }
            },
            {
              "batter": "CN Ackermann",
              "bowler": "NL Buck",
              "non_striker": "Mohammad Nabi",
              "runs": {
                "batter": 1,
                "extras": 0,
                "total": 1
              }
            }
          ]
        },
        {
          "over": 13,
          "deliveries": [
            {
              "batter": "CN Ackermann",
              "bowler": "S Prasanna",
              "non_striker": "Mohammad Nabi",
              "runs": {
                "batter": 2,
                "extras": 0,
                "total": 2
              }
            },
            {
              "batter": "CN Ackermann",
              "bowler": "S Prasanna",
              "non_striker": "Mohammad Nabi",
              "runs": {
                "batter": 4,
                "extras": 0,
                "total": 4
              }
            },
            {
              "batter": "CN Ackermann",
              "bowler": "S Prasanna",
              "non_striker": "Mohammad Nabi",
              "runs": {
                "batter": 4,
                "extras": 0,
                "total": 4
              }
            },
            {
              "batter": "CN Ackermann",
              "bowler": "S Prasanna",
              "non_striker": "Mohammad Nabi",
              "runs": {
                "batter": 2,
                "extras": 0,
                "total": 2
              }
            },
            {
              "batter": "CN Ackermann",
              "bowler": "S Prasanna",
              "non_striker": "Mohammad Nabi",
              "runs": {
                "batter": 6,
                "extras": 0,
                "total": 6
              }
            },
            {
              "batter": "CN Ackermann",
              "bowler": "S Prasanna",
              "non_striker": "Mohammad Nabi",
              "runs": {
                "batter": 1,
                "extras": 0,
                "total": 1
              }
            }
          ]
        },
        {
          "over": 14,
          "deliveries": [
            {
              "batter": "CN Ackermann",
              "bowler": "NL Buck",
              "non_striker": "Mohammad Nabi",
              "runs": {
                "batter": 6,
                "extras": 0,
                "total": 6
              }
            },
            {
              "batter": "CN Ackermann",
              "bowler": "NL Buck",
              "non_striker": "Mohammad Nabi",
              "runs": {
                "batter": 0,
                "extras": 0,
                "total": 0
              }
            },
            {
              "batter": "CN Ackermann",
              "bowler": "NL Buck",
              "non_striker": "Mohammad Nabi",
              "runs": {
                "batter": 1,
                "extras": 0,
                "total": 1
              }
            },
            {
              "batter": "Mohammad Nabi",
              "bowler": "NL Buck",
              "non_striker": "CN Ackermann",
              "runs": {
                "batter": 4,
                "extras": 0,
                "total": 4
              }
            },
            {
              "batter": "Mohammad Nabi",
              "bowler": "NL Buck",
              "non_striker": "CN Ackermann",
              "runs": {
                "batter": 4,
                "extras": 0,
                "total": 4
              }
            },
            {
              "batter": "Mohammad Nabi",
              "bowler": "NL Buck",
              "non_striker": "CN Ackermann",
              "runs": {
                "batter": 4,
                "extras": 0,
                "total": 4
              }
            }
          ]
        },
        {
          "over": 15,
          "deliveries": [
            {
              "batter": "CN Ackermann",
              "bowler": "RK Kleinveldt",
              "non_striker": "Mohammad Nabi",
              "runs": {
                "batter": 4,
                "extras": 0,
                "total": 4
              }
            },
            {
              "batter": "CN Ackermann",
              "bowler": "RK Kleinveldt",
              "non_striker": "Mohammad Nabi",
              "runs": {
                "batter": 1,
                "extras": 0,
                "total": 1
              }
            },
            {
              "batter": "Mohammad Nabi",
              "bowler": "RK Kleinveldt",
              "non_striker": "CN Ackermann",
              "runs": {
                "batter": 1,
                "extras": 0,
                "total": 1
              }
            },
            {
              "batter": "CN Ackermann",
              "bowler": "RK Kleinveldt",
              "non_striker": "Mohammad Nabi",
              "runs": {
                "batter": 1,
                "extras": 0,
                "total": 1
              }
            },
            {
              "batter": "Mohammad Nabi",
              "bowler": "RK Kleinveldt",
              "non_striker": "CN Ackermann",
              "runs": {
                "batter": 1,
                "extras": 0,
                "total": 1
              }
            },
            {
              "batter": "CN Ackermann",
              "bowler": "RK Kleinveldt",
              "non_striker": "Mohammad Nabi",
              "runs": {
                "batter": 1,
                "extras": 0,
                "total": 1
              }
            }
          ]
        },
        {
          "over": 16,
          "deliveries": [
            {
              "batter": "CN Ackermann",
              "bowler": "BW Sanderson",
              "non_striker": "Mohammad Nabi",
              "runs": {
                "batter": 6,
                "extras": 0,
                "total": 6
              }
            },
            {
              "batter": "CN Ackermann",
              "bowler": "BW Sanderson",
              "non_striker": "Mohammad Nabi",
              "runs": {
                "batter": 1,
                "extras": 0,
                "total": 1
              }
            },
            {
              "batter": "Mohammad Nabi",
              "bowler": "BW Sanderson",
              "non_striker": "CN Ackermann",
              "runs": {
                "batter": 2,
                "extras": 0,
                "total": 2
              }
            },
            {
              "batter": "Mohammad Nabi",
              "bowler": "BW Sanderson",
              "non_striker": "CN Ackermann",
              "runs": {
                "batter": 0,
                "extras": 0,
                "total": 0
              },
              "wickets": [
                {
                  "player_out": "Mohammad Nabi",
                  "fielders": [
                    {
                      "name": "GG White"
                    }
                  ],
                  "kind": "caught"
                }
              ]
            },
            {
              "batter": "CN Ackermann",
              "bowler": "BW Sanderson",
              "non_striker": "BA Raine",
              "runs": {
                "batter": 1,
                "extras": 0,
                "total": 1
              }
            },
            {
              "batter": "BA Raine",
              "bowler": "BW Sanderson",
              "non_striker": "CN Ackermann",
              "runs": {
                "batter": 6,
                "extras": 0,
                "total": 6
              }
            }
          ]
        },
        {
          "over": 17,
          "deliveries": [
            {
              "batter": "CN Ackermann",
              "bowler": "SP Crook",
              "non_striker": "BA Raine",
              "runs": {
                "batter": 4,
                "extras": 0,
                "total": 4
              }
            },
            {
              "batter": "CN Ackermann",
              "bowler": "SP Crook",
              "non_striker": "BA Raine",
              "runs": {
                "batter": 1,
                "extras": 0,
                "total": 1
              }
            },
            {
              "batter": "BA Raine",
              "bowler": "SP Crook",
              "extras": {
                "wides": 1
              },
              "non_striker": "CN Ackermann",
              "runs": {
                "batter": 0,
                "extras": 1,
                "total": 1
              }
            },
            {
              "batter": "BA Raine",
              "bowler": "SP Crook",
              "non_striker": "CN Ackermann",
              "runs": {
                "batter": 4,
                "extras": 0,
                "total": 4
              }
            },
            {
              "batter": "BA Raine",
              "bowler": "SP Crook",
              "non_striker": "CN Ackermann",
              "runs": {
                "batter": 2,
                "extras": 0,
                "total": 2
              }
            },
            {
              "batter": "BA Raine",
              "bowler": "SP Crook",
              "non_striker": "CN Ackermann",
              "runs": {
                "batter": 4,
                "extras": 0,
                "total": 4
              }
            },
            {
              "batter": "BA Raine",
              "bowler": "SP Crook",
              "non_striker": "CN Ackermann",
              "runs": {
                "batter": 1,
                "extras": 0,
                "total": 1
              }
            }
          ]
        },
        {
          "over": 18,
          "deliveries": [
            {
              "batter": "BA Raine",
              "bowler": "BW Sanderson",
              "non_striker": "CN Ackermann",
              "runs": {
                "batter": 6,
                "extras": 0,
                "total": 6
              }
            },
            {
              "batter": "BA Raine",
              "bowler": "BW Sanderson",
              "non_striker": "CN Ackermann",
              "runs": {
                "batter": 0,
                "extras": 0,
                "total": 0
              },
              "wickets": [
                {
                  "player_out": "BA Raine",
                  "fielders": [
                    {
                      "name": "GG White"
                    }
                  ],
                  "kind": "caught"
                }
              ]
            },
            {
              "batter": "CN Ackermann",
              "bowler": "BW Sanderson",
              "non_striker": "TJ Wells",
              "runs": {
                "batter": 1,
                "extras": 0,
                "total": 1
              }
            },
            {
              "batter": "TJ Wells",
              "bowler": "BW Sanderson",
              "non_striker": "CN Ackermann",
              "runs": {
                "batter": 2,
                "extras": 0,
                "total": 2
              }
            },
            {
              "batter": "TJ Wells",
              "bowler": "BW Sanderson",
              "non_striker": "CN Ackermann",
              "runs": {
                "batter": 1,
                "extras": 0,
                "total": 1
              }
            },
            {
              "batter": "CN Ackermann",
              "bowler": "BW Sanderson",
              "extras": {
                "penalty": 6
              },
              "non_striker": "TJ Wells",
              "runs": {
                "batter": 2,
                "extras": 6,
                "total": 8
              }
            }
          ]
        },
        {
          "over": 19,
          "deliveries": [
            {
              "batter": "TJ Wells",
              "bowler": "RK Kleinveldt",
              "extras": {
                "wides": 5
              },
              "non_striker": "CN Ackermann",
              "runs": {
                "batter": 0,
                "extras": 5,
                "total": 5
              }
            },
            {
              "batter": "TJ Wells",
              "bowler": "RK Kleinveldt",
              "non_striker": "CN Ackermann",
              "runs": {
                "batter": 2,
                "extras": 0,
                "total": 2
              }
            },
            {
              "batter": "TJ Wells",
              "bowler": "RK Kleinveldt",
              "non_striker": "CN Ackermann",
              "runs": {
                "batter": 0,
                "extras": 0,
                "total": 0
              },
              "wickets": [
                {
                  "player_out": "TJ Wells",
                  "kind": "bowled"
                }
              ]
            },
            {
              "batter": "LJ Hill",
              "bowler": "RK Kleinveldt",
              "non_striker": "CN Ackermann",
              "runs": {
                "batter": 1,
                "extras": 0,
                "total": 1
              }
            },
            {
              "batter": "CN Ackermann",
              "bowler": "RK Kleinveldt",
              "non_striker": "LJ Hill",
              "runs": {
                "batter": 6,
                "extras": 0,
                "total": 6
              }
            }
          ]
        }
      ],
      "powerplays": [
        {
          "from": 0.1,
          "to": 5.6,
          "type": "mandatory"
        }
      ],
      "target": {
        "overs": 20,
        "runs": 219
      }
    }
  ]
}