{
  "meta": {
    "data_version": "1.0.0",
    "created": "2019-12-28",
    "revision": 1
  },
  "info": {
    "balls_per_over": 6,
    "city": "Northampton",
    "dates": [
      "2019-08-14"
    ],
    "event": {
      "name": "Vitality Blast",
      "group": "North"
    },
    "gender": "male",
    "match_type": "T20",
    "officials": {
      "umpires": [
        "PJ Hartley",
        "NGB Cook"
      ]
    },
    "outcome": {
      "winner": "Lancashire",
      "by": {
        "wickets": 8
      }
    },
    "overs": 20,
    "player_of_match": [
      "AL Davies"
    ],
    "players": {
      "Northamptonshire": [
        "RE Levi",
        "AM Rossington",
        "JJ Cobb",
        "AG Wakely",
        "D Pretorius",
        "RI Keogh",
        "Faheem Ashraf",
        "LA Procter",
        "GG White",
        "NL Buck",
        "BW Sanderson"
      ],
      "Lancashire": [
        "AL Davies",
        "LS Livingstone",
        "SJ Croft",
        "DJ Vilas",
        "KK Jennings",
        "DJ Lamb",
        "JP Faulkner",
        "JJ Bohannon",
        "S Mahmood",
        "RJ Gleeson",
        "MW Parkinson"
      ]
    },
    "registry": {
      "people": {
        "AG Wakely": "730d120f",
        "AL Davies": "29ede60b",
        "AM Rossington": "7bcde3fe",
        "BW Sanderson": "e871a7a1",
        "D Pretorius": "11614d87",
        "DJ Lamb": "27c5a793",
        "DJ Vilas": "087210b1",
        "Faheem Ashraf": "bd4ea627",
        "GG White": "0f21680d",
        "JJ Bohannon": "fd96de7c",
        "JJ Cobb": "58c481c6",
        "JP Faulkner": "808f425a",
        "KK Jennings": "8479a24a",
        "LA Procter": "07c8a2f4",
        "LS Livingstone": "50c6bc2b",
        "MW Parkinson": "19708692",
        "NGB Cook": "772fe461",
        "NL Buck": "5239d782",
        "PJ Hartley": "17c7ff26",
        "RE Levi": "18c78b11",
        "RI Keogh": "e22d3b5c",
        "RJ Gleeson": "402f8494",
        "S Mahmood": "0f6db197",
        "SJ Croft": "ab474682"
      }
    },
    "season": "2019",
    "team_type": "club",
    "teams": [
      "Northamptonshire",
      "Lancashire"
    ],
    "toss": {
      "decision": "field",
      "winner": "Lancashire"
    },
    "venue": "County Ground"
  },
  "innings": [
    {
      "team": "Northamptonshire",
      "overs": [
        {
          "over": 0,
          "deliveries": [
            {
              "batter": "RE Levi",
              "bowler": "JP Faulkner",
              "non_striker": "AM Rossington",
              "runs": {
                "batter": 0,
                "extras": 0,
                "total": 0
              }
            },
            {
              "batter": "RE Levi",
              "bowler": "JP Faulkner",
              "non_striker": "AM Rossington",
              "runs": {
                "batter": 0,
                "extras": 0,
                "total": 0
              }
            },
            {
              "batter": "RE Levi",
              "bowler": "JP Faulkner",
              "non_striker": "AM Rossington",
              "runs": {
                "batter": 0,
                "extras": 0,
                "total": 0
              }
            },
            {
              "batter": "RE Levi",
              "bowler": "JP Faulkner",
              "non_striker": "AM Rossington",
              "runs": {
                "batter": 4,
                "extras": 0,
                "total": 4
              }
            },
            {
              "batter": "RE Levi",
              "bowler": "JP Faulkner",
              "non_striker": "AM Rossington",
              "runs": {
                "batter": 2,
                "extras": 0,
                "total": 2
              }
            },
            {
              "batter": "RE Levi",
              "bowler": "JP Faulkner",
              "non_striker": "AM Rossington",
              "runs": {
                "batter": 4,
                "extras": 0,
                "total": 4
              }
            }
          ]
        },
        {
          "over": 1,
          "deliveries": [
            {
              "batter": "AM Rossington",
              "bowler": "RJ Gleeson",
              "non_striker": "RE Levi",
              "runs": {
                "batter": 4,
                "extras": 0,
                "total": 4
              }
            },
            {
              "batter": "AM Rossington",
              "bowler": "RJ Gleeson",
              "non_striker": "RE Levi",
              "runs": {
                "batter": 0,
                "extras": 0,
                "total": 0
              }
            },
            {
              "batter": "AM Rossington",
              "bowler": "RJ Gleeson",
              "non_striker": "RE Levi",
              "runs": {
                "batter": 0,
                "extras": 0,
                "total": 0
              }
            },
            {
              "batter": "AM Rossington",
              "bowler": "RJ Gleeson",
              "non_striker": "RE Levi",
              "runs": {
                "batter": 1,
                "extras": 0,
                "total": 1
              }
            },
            {
              "batter": "RE Levi",
              "bowler": "RJ Gleeson",
              "non_striker": "AM Rossington",
              "runs": {
                "batter": 1,
                "extras": 0,
                "total": 1
              }
            },
            {
              "batter": "AM Rossington",
              "bowler": "RJ Gleeson",
              "non_striker": "RE Levi",
              "runs": {
                "batter": 0,
                "extras": 0,
                "total": 0
              }
            }
          ]
        },
        {
          "over": 2,
          "deliveries": [
            {
              "batter": "RE Levi",
              "bowler": "S Mahmood",
              "non_striker": "AM Rossington",
              "runs": {
                "batter": 0,
                "extras": 0,
                "total": 0
              }
            },
            {
              "batter": "RE Levi",
              "bowler": "S Mahmood",
              "extras": {
                "noballs": 2
              },
              "non_striker": "AM Rossington",
              "runs": {
                "batter": 0,
                "extras": 2,
                "total": 2
              }
            },
            {
              "batter": "RE Levi",
              "bowler": "S Mahmood",
              "non_striker": "AM Rossington",
              "runs": {
                "batter": 1,
                "extras": 0,
                "total": 1
              }
            },
            {
              "batter": "AM Rossington",
              "bowler": "S Mahmood",
              "non_striker": "RE Levi",
              "runs": {
                "batter": 1,
                "extras": 0,
                "total": 1
              }
            },
            {
              "batter": "RE Levi",
              "bowler": "S Mahmood",
              "non_striker": "AM Rossington",
              "runs": {
                "batter": 2,
                "extras": 0,
                "total": 2
              }
            },
            {
              "batter": "RE Levi",
              "bowler": "S Mahmood",
              "non_striker": "AM Rossington",
              "runs": {
                "batter": 4,
                "extras": 0,
                "total": 4
              }
            },
            {
              "batter": "RE Levi",
              "bowler": "S Mahmood",
              "non_striker": "AM Rossington",
              "runs": {
                "batter": 0,
                "extras": 0,
                "total": 0
              }
            }
          ]
        },
        {
          "over": 3,
          "deliveries": [
            {
              "batter": "AM Rossington",
              "bowler": "JP Faulkner",
              "non_striker": "RE Levi",
              "runs": {
                "batter": 0,
                "extras": 0,
                "total": 0
              }
            },
            {
              "batter": "AM Rossington",
              "bowler": "JP Faulkner",
              "non_striker": "RE Levi",
              "runs": {
                "batter": 6,
                "extras": 0,
                "total": 6
              }
            },
            {
              "batter": "AM Rossington",
              "bowler": "JP Faulkner",
              "non_striker": "RE Levi",
              "runs": {
                "batter": 1,
                "extras": 0,
                "total": 1
              }
            },
            {
              "batter": "RE Levi",
              "bowler": "JP Faulkner",
              "non_striker": "AM Rossington",
              "runs": {
                "batter": 0,
                "extras": 0,
                "total": 0
              },
              "wickets": [
                {
                  "kind": "caught",
                  "player_out": "RE Levi",
                  "fielders": [
                    {
                      "name": "S Mahmood"
                    }
                  ]
                }
              ]
            },
            {
              "batter": "AM Rossington",
              "bowler": "JP Faulkner",
              "non_striker": "JJ Cobb",
              "runs": {
                "batter": 0,
                "extras": 0,
                "total": 0
              }
            },
            {
              "batter": "AM Rossington",
              "bowler": "JP Faulkner",
              "non_striker": "JJ Cobb",
              "runs": {
                "batter": 4,
                "extras": 0,
                "total": 4
              }
            }
          ]
        },
        {
          "over": 4,
          "deliveries": [
            {
              "batter": "JJ Cobb",
              "bowler": "RJ Gleeson",
              "non_striker": "AM Rossington",
              "runs": {
                "batter": 0,
                "extras": 0,
                "total": 0
              }
            },
            {
              "batter": "JJ Cobb",
              "bowler": "RJ Gleeson",
              "non_striker": "AM Rossington",
              "runs": {
                "batter": 0,
                "extras": 0,
                "total": 0
              }
            },
            {
              "batter": "JJ Cobb",
              "bowler": "RJ Gleeson",
              "non_striker": "AM Rossington",
              "runs": {
                "batter": 0,
                "extras": 0,
                "total": 0
              }
            },
            {
              "batter": "JJ Cobb",
              "bowler": "RJ Gleeson",
              "extras": {
                "legbyes": 1
              },
              "non_striker": "AM Rossington",
              "runs": {
                "batter": 0,
                "extras": 1,
                "total": 1
              }
            },
            {
              "batter": "AM Rossington",
              "bowler": "RJ Gleeson",
              "non_striker": "JJ Cobb",
              "runs": {
                "batter": 0,
                "extras": 0,
                "total": 0
              }
            },
            {
              "batter": "AM Rossington",
              "bowler": "RJ Gleeson",
              "non_striker": "JJ Cobb",
              "runs": {
                "batter": 2,
                "extras": 0,
                "total": 2
              }
            }
          ]
        },
        {
          "over": 5,
          "deliveries": [
            {
              "batter": "JJ Cobb",
              "bowler": "S Mahmood",
              "non_striker": "AM Rossington",
              "runs": {
                "batter": 0,
                "extras": 0,
                "total": 0
              }
            },
            {
              "batter": "JJ Cobb",
              "bowler": "S Mahmood",
              "non_striker": "AM Rossington",
              "runs": {
                "batter": 0,
                "extras": 0,
                "total": 0
              },
              "wickets": [
                {
                  "kind": "caught",
                  "player_out": "JJ Cobb",
                  "fielders": [
                    {
                      "name": "AL Davies"
                    }
                  ]
                }
              ]
            },
            {
              "batter": "AM Rossington",
              "bowler": "S Mahmood",
              "non_striker": "AG Wakely",
              "runs": {
                "batter": 0,
                "extras": 0,
                "total": 0
              }
            },
            {
              "batter": "AM Rossington",
              "bowler": "S Mahmood",
              "non_striker": "AG Wakely",
              "runs": {
                "batter": 1,
                "extras": 0,
                "total": 1
              }
            },
            {
              "batter": "AG Wakely",
              "bowler": "S Mahmood",
              "non_striker": "AM Rossington",
              "runs": {
                "batter": 0,
                "extras": 0,
                "total": 0
              }
            },
            {
              "batter": "AG Wakely",
              "bowler": "S Mahmood",
              "non_striker": "AM Rossington",
              "runs": {
                "batter": 0,
                "extras": 0,
                "total": 0
              }
            }
          ]
        },
        {
          "over": 6,
          "deliveries": [
            {
              "batter": "AM Rossington",
              "bowler": "MW Parkinson",
              "non_striker": "AG Wakely",
              "runs": {
                "batter": 1,
                "extras": 0,
                "total": 1
              }
            },
            {
              "batter": "AG Wakely",
              "bowler": "MW Parkinson",
              "non_striker": "AM Rossington",
              "runs": {
                "batter": 0,
                "extras": 0,
                "total": 0
              }
            },
            {
              "batter": "AG Wakely",
              "bowler": "MW Parkinson",
              "non_striker": "AM Rossington",
              "runs": {
                "batter": 1,
                "extras": 0,
                "total": 1
              }
            },
            {
              "batter": "AM Rossington",
              "bowler": "MW Parkinson",
              "non_striker": "AG Wakely",
              "runs": {
                "batter": 1,
                "extras": 0,
                "total": 1
              }
            },
            {
              "batter": "AG Wakely",
              "bowler": "MW Parkinson",
              "non_striker": "AM Rossington",
              "runs": {
                "batter": 1,
                "extras": 0,
                "total": 1
              }
            },
            {
              "batter": "AM Rossington",
              "bowler": "MW Parkinson",
              "non_striker": "AG Wakely",
              "runs": {
                "batter": 1,
                "extras": 0,
                "total": 1
              }
            }
          ]
        },
        {
          "over": 7,
          "deliveries": [
            {
              "batter": "AM Rossington",
              "bowler": "DJ Lamb",
              "non_striker": "AG Wakely",
              "runs": {
                "batter": 2,
                "extras": 0,
                "total": 2
              }
            },
            {
              "batter": "AM Rossington",
              "bowler": "DJ Lamb",
              "non_striker": "AG Wakely",
              "runs": {
                "batter": 0,
                "extras": 0,
                "total": 0
              }
            },
            {
              "batter": "AM Rossington",
              "bowler": "DJ Lamb",
              "non_striker": "AG Wakely",
              "runs": {
                "batter": 1,
                "extras": 0,
                "total": 1
              }
            },
            {
              "batter": "AG Wakely",
              "bowler": "DJ Lamb",
              "non_striker": "AM Rossington",
              "runs": {
                "batter": 1,
                "extras": 0,
                "total": 1
              }
            },
            {
              "batter": "AM Rossington",
              "bowler": "DJ Lamb",
              "extras": {
                "wides": 1
              },
              "non_striker": "AG Wakely",
              "runs": {
                "batter": 0,
                "extras": 1,
                "total": 1
              }
            },
            {
              "batter": "AM Rossington",
              "bowler": "DJ Lamb",
              "non_striker": "AG Wakely",
              "runs": {
                "batter": 1,
                "extras": 0,
                "total": 1
              }
            },
            {
              "batter": "AG Wakely",
              "bowler": "DJ Lamb",
              "non_striker": "AM Rossington",
              "runs": {
                "batter": 0,
                "extras": 0,
                "total": 0
              }
            }
          ]
        },
        {
          "over": 8,
          "deliveries": [
            {
              "batter": "AM Rossington",
              "bowler": "LS Livingstone",
              "non_striker": "AG Wakely",
              "runs": {
                "batter": 4,
                "extras": 0,
                "total": 4
              }
            },
            {
              "batter": "AM Rossington",
              "bowler": "LS Livingstone",
              "non_striker": "AG Wakely",
              "runs": {
                "batter": 1,
                "extras": 0,
                "total": 1
              }
            },
            {
              "batter": "AG Wakely",
              "bowler": "LS Livingstone",
              "non_striker": "AM Rossington",
              "runs": {
                "batter": 1,
                "extras": 0,
                "total": 1
              }
            },
            {
              "batter": "AM Rossington",
              "bowler": "LS Livingstone",
              "non_striker": "AG Wakely",
              "runs": {
                "batter": 1,
                "extras": 0,
                "total": 1
              }
            },
            {
              "batter": "AG Wakely",
              "bowler": "LS Livingstone",
              "non_striker": "AM Rossington",
              "runs": {
                "batter": 0,
                "extras": 0,
                "total": 0
              }
            },
            {
              "batter": "AG Wakely",
              "bowler": "LS Livingstone",
              "non_striker": "AM Rossington",
              "runs": {
                "batter": 0,
                "extras": 0,
                "total": 0
              }
            }
          ]
        },
        {
          "over": 9,
          "deliveries": [
            {
              "batter": "AM Rossington",
              "bowler": "DJ Lamb",
              "non_striker": "AG Wakely",
              "runs": {
                "batter": 1,
                "extras": 0,
                "total": 1
              }
            },
            {
              "batter": "AG Wakely",
              "bowler": "DJ Lamb",
              "non_striker": "AM Rossington",
              "runs": {
                "batter": 0,
                "extras": 0,
                "total": 0
              }
            },
            {
              "batter": "AG Wakely",
              "bowler": "DJ Lamb",
              "non_striker": "AM Rossington",
              "runs": {
                "batter": 4,
                "extras": 0,
                "total": 4
              }
            },
            {
              "batter": "AG Wakely",
              "bowler": "DJ Lamb",
              "non_striker": "AM Rossington",
              "runs": {
                "batter": 1,
                "extras": 0,
                "total": 1
              }
            },
            {
              "batter": "AM Rossington",
              "bowler": "DJ Lamb",
              "non_striker": "AG Wakely",
              "runs": {
                "batter": 0,
                "extras": 0,
                "total": 0
              }
            },
            {
              "batter": "AM Rossington",
              "bowler": "DJ Lamb",
              "non_striker": "AG Wakely",
              "runs": {
                "batter": 4,
                "extras": 0,
                "total": 4
              }
            }
          ]
        },
        {
          "over": 10,
          "deliveries": [
            {
              "batter": "AG Wakely",
              "bowler": "MW Parkinson",
              "non_striker": "AM Rossington",
              "runs": {
                "batter": 3,
                "extras": 0,
                "total": 3
              }
            },
            {
              "batter": "AM Rossington",
              "bowler": "MW Parkinson",
              "non_striker": "AG Wakely",
              "runs": {
                "batter": 0,
                "extras": 0,
                "total": 0
              }
            },
            {
              "batter": "AM Rossington",
              "bowler": "MW Parkinson",
              "non_striker": "AG Wakely",
              "runs": {
                "batter": 1,
                "extras": 0,
                "total": 1
              }
            },
            {
              "batter": "AG Wakely",
              "bowler": "MW Parkinson",
              "extras": {
                "legbyes": 1
              },
              "non_striker": "AM Rossington",
              "runs": {
                "batter": 0,
                "extras": 1,
                "total": 1
              }
            },
            {
              "batter": "AM Rossington",
              "bowler": "MW Parkinson",
              "non_striker": "AG Wakely",
              "runs": {
                "batter": 1,
                "extras": 0,
                "total": 1
              }
            },
            {
              "batter": "AG Wakely",
              "bowler": "MW Parkinson",
              "non_striker": "AM Rossington",
              "runs": {
                "batter": 1,
                "extras": 0,
                "total": 1
              }
            }
          ]
        },
        {
          "over": 11,
          "deliveries": [
            {
              "batter": "AG Wakely",
              "bowler": "LS Livingstone",
              "non_striker": "AM Rossington",
              "runs": {
                "batter": 6,
                "extras": 0,
                "total": 6
              }
            },
            {
              "batter": "AG Wakely",
              "bowler": "LS Livingstone",
              "non_striker": "AM Rossington",
              "runs": {
                "batter": 1,
                "extras": 0,
                "total": 1
              }
            },
            {
              "batter": "AM Rossington",
              "bowler": "LS Livingstone",
              "non_striker": "AG Wakely",
              "runs": {
                "batter": 0,
                "extras": 0,
                "total": 0
              },
              "wickets": [
                {
                  "kind": "caught",
                  "player_out": "AM Rossington",
                  "fielders": [
                    {
                      "name": "SJ Croft"
                    }
                  ]
                }
              ]
            },
            {
              "batter": "AG Wakely",
              "bowler": "LS Livingstone",
              "non_striker": "D Pretorius",
              "runs": {
                "batter": 0,
                "extras": 0,
                "total": 0
              }
            },
            {
              "batter": "AG Wakely",
              "bowler": "LS Livingstone",
              "non_striker": "D Pretorius",
              "runs": {
                "batter": 1,
                "extras": 0,
                "total": 1
              }
            },
            {
              "batter": "D Pretorius",
              "bowler": "LS Livingstone",
              "non_striker": "AG Wakely",
              "runs": {
                "batter": 0,
                "extras": 0,
                "total": 0
              }
            }
          ]
        },
        {
          "over": 12,
          "deliveries": [
            {
              "batter": "AG Wakely",
              "bowler": "RJ Gleeson",
              "extras": {
                "legbyes": 1
              },
              "non_striker": "D Pretorius",
              "runs": {
                "batter": 0,
                "extras": 1,
                "total": 1
              }
            },
            {
              "batter": "D Pretorius",
              "bowler": "RJ Gleeson",
              "extras": {
                "wides": 1
              },
              "non_striker": "AG Wakely",
              "runs": {
                "batter": 0,
                "extras": 1,
                "total": 1
              }
            },
            {
              "batter": "D Pretorius",
              "bowler": "RJ Gleeson",
              "extras": {
                "wides": 1
              },
              "non_striker": "AG Wakely",
              "runs": {
                "batter": 0,
                "extras": 1,
                "total": 1
              }
            },
            {
              "batter": "D Pretorius",
              "bowler": "RJ Gleeson",
              "non_striker": "AG Wakely",
              "runs": {
                "batter": 0,
                "extras": 0,
                "total": 0
              }
            },
            {
              "batter": "D Pretorius",
              "bowler": "RJ Gleeson",
              "non_striker": "AG Wakely",
              "runs": {
                "batter": 1,
                "extras": 0,
                "total": 1
              }
            },
            {
              "batter": "AG Wakely",
              "bowler": "RJ Gleeson",
              "non_striker": "D Pretorius",
              "runs": {
                "batter": 0,
                "extras": 0,
                "total": 0
              }
            },
            {
              "batter": "AG Wakely",
              "bowler": "RJ Gleeson",
              "non_striker": "D Pretorius",
              "runs": {
                "batter": 1,
                "extras": 0,
                "total": 1
              }
            },
            {
              "batter": "D Pretorius",
              "bowler": "RJ Gleeson",
              "non_striker": "AG Wakely",
              "runs": {
                "batter": 1,
                "extras": 0,
                "total": 1
              }
            }
          ]
        },
        {
          "over": 13,
          "deliveries": [
            {
              "batter": "D Pretorius",
              "bowler": "LS Livingstone",
              "non_striker": "AG Wakely",
              "runs": {
                "batter": 0,
                "extras": 0,
                "total": 0
              }
            },
            {
              "batter": "D Pretorius",
              "bowler": "LS Livingstone",
              "non_striker": "AG Wakely",
              "runs": {
                "batter": 1,
                "extras": 0,
                "total": 1
              }
            },
            {
              "batter": "AG Wakely",
              "bowler": "LS Livingstone",
              "non_striker": "D Pretorius",
              "runs": {
                "batter": 0,
                "extras": 0,
                "total": 0
              },
              "wickets": [
                {
                  "kind": "bowled",
                  "player_out": "AG Wakely"
                }
              ]
            },
            {
              "batter": "RI Keogh",
              "bowler": "LS Livingstone",
              "non_striker": "D Pretorius",
              "runs": {
                "batter": 1,
                "extras": 0,
                "total": 1
              }
            },
            {
              "batter": "D Pretorius",
              "bowler": "LS Livingstone",
              "non_striker": "RI Keogh",
              "runs": {
                "batter": 1,
                "extras": 0,
                "total": 1
              }
            },
            {
              "batter": "RI Keogh",
              "bowler": "LS Livingstone",
              "non_striker": "D Pretorius",
              "runs": {
                "batter": 1,
                "extras": 0,
                "total": 1
              }
            }
          ]
        },
        {
          "over": 14,
          "deliveries": [
            {
              "batter": "RI Keogh",
              "bowler": "MW Parkinson",
              "non_striker": "D Pretorius",
              "runs": {
                "batter": 0,
                "extras": 0,
                "total": 0
              }
            },
            {
              "batter": "RI Keogh",
              "bowler": "MW Parkinson",
              "non_striker": "D Pretorius",
              "runs": {
                "batter": 0,
                "extras": 0,
                "total": 0
              }
            },
            {
              "batter": "RI Keogh",
              "bowler": "MW Parkinson",
              "non_striker": "D Pretorius",
              "runs": {
                "batter": 1,
                "extras": 0,
                "total": 1
              }
            },
            {
              "batter": "D Pretorius",
              "bowler": "MW Parkinson",
              "non_striker": "RI Keogh",
              "runs": {
                "batter": 0,
                "extras": 0,
                "total": 0
              }
            },
            {
              "batter": "D Pretorius",
              "bowler": "MW Parkinson",
              "non_striker": "RI Keogh",
              "runs": {
                "batter": 0,
                "extras": 0,
                "total": 0
              }
            },
            {
              "batter": "D Pretorius",
              "bowler": "MW Parkinson",
              "non_striker": "RI Keogh",
              "runs": {
                "batter": 4,
                "extras": 0,
                "total": 4
              }
            }
          ]
        },
        {
          "over": 15,
          "deliveries": [
            {
              "batter": "RI Keogh",
              "bowler": "LS Livingstone",
              "non_striker": "D Pretorius",
              "runs": {
                "batter": 1,
                "extras": 0,
                "total": 1
              }
            },
            {
              "batter": "D Pretorius",
              "bowler": "LS Livingstone",
              "non_striker": "RI Keogh",
              "runs": {
                "batter": 0,
                "extras": 0,
                "total": 0
              }
            },
            {
              "batter": "D Pretorius",
              "bowler": "LS Livingstone",
              "non_striker": "RI Keogh",
              "runs": {
                "batter": 1,
                "extras": 0,
                "total": 1
              }
            },
            {
              "batter": "RI Keogh",
              "bowler": "LS Livingstone",
              "non_striker": "D Pretorius",
              "runs": {
                "batter": 1,
                "extras": 0,
                "total": 1
              }
            },
            {
              "batter": "D Pretorius",
              "bowler": "LS Livingstone",
              "non_striker": "RI Keogh",
              "runs": {
                "batter": 1,
                "extras": 0,
                "total": 1
              }
            },
            {
              "batter": "RI Keogh",
              "bowler": "LS Livingstone",
              "non_striker": "D Pretorius",
              "runs": {
                "batter": 1,
                "extras": 0,
                "total": 1
              }
            }
          ]
        },
        {
          "over": 16,
          "deliveries": [
            {
              "batter": "RI Keogh",
              "bowler": "JP Faulkner",
              "non_striker": "D Pretorius",
              "runs": {
                "batter": 1,
                "extras": 0,
                "total": 1
              }
            },
            {
              "batter": "D Pretorius",
              "bowler": "JP Faulkner",
              "extras": {
                "wides": 1
              },
              "non_striker": "RI Keogh",
              "runs": {
                "batter": 0,
                "extras": 1,
                "total": 1
              }
            },
            {
              "batter": "D Pretorius",
              "bowler": "JP Faulkner",
              "extras": {
                "legbyes": 1
              },
              "non_striker": "RI Keogh",
              "runs": {
                "batter": 0,
                "extras": 1,
                "total": 1
              }
            },
            {
              "batter": "RI Keogh",
              "bowler": "JP Faulkner",
              "non_striker": "D Pretorius",
              "runs": {
                "batter": 1,
                "extras": 0,
                "total": 1
              }
            },
            {
              "batter": "D Pretorius",
              "bowler": "JP Faulkner",
              "non_striker": "RI Keogh",
              "runs": {
                "batter": 6,
                "extras": 0,
                "total": 6
              }
            },
            {
              "batter": "D Pretorius",
              "bowler": "JP Faulkner",
              "non_striker": "RI Keogh",
              "runs": {
                "batter": 1,
                "extras": 0,
                "total": 1
              }
            },
            {
              "batter": "RI Keogh",
              "bowler": "JP Faulkner",
              "non_striker": "D Pretorius",
              "runs": {
                "batter": 1,
                "extras": 0,
                "total": 1
              }
            }
          ]
        },
        {
          "over": 17,
          "deliveries": [
            {
              "batter": "RI Keogh",
              "bowler": "S Mahmood",
              "non_striker": "D Pretorius",
              "runs": {
                "batter": 4,
                "extras": 0,
                "total": 4
              }
            },
            {
              "batter": "RI Keogh",
              "bowler": "S Mahmood",
              "non_striker": "D Pretorius",
              "runs": {
                "batter": 1,
                "extras": 0,
                "total": 1
              }
            },
            {
              "batter": "D Pretorius",
              "bowler": "S Mahmood",
              "non_striker": "RI Keogh",
              "runs": {
                "batter": 4,
                "extras": 0,
                "total": 4
              }
            },
            {
              "batter": "D Pretorius",
              "bowler": "S Mahmood",
              "non_striker": "RI Keogh",
              "runs": {
                "batter": 4,
                "extras": 0,
                "total": 4
              }
            },
            {
              "batter": "D Pretorius",
              "bowler": "S Mahmood",
              "non_striker": "RI Keogh",
              "runs": {
                "batter": 1,
                "extras": 0,
                "total": 1
              }
            },
            {
              "batter": "RI Keogh",
              "bowler": "S Mahmood",
              "non_striker": "D Pretorius",
              "runs": {
                "batter": 4,
                "extras": 0,
                "total": 4
              }
            }
          ]
        },
        {
          "over": 18,
          "deliveries": [
            {
              "batter": "D Pretorius",
              "bowler": "MW Parkinson",
              "non_striker": "RI Keogh",
              "runs": {
                "batter": 6,
                "extras": 0,
                "total": 6
              }
            },
            {
              "batter": "D Pretorius",
              "bowler": "MW Parkinson",
              "non_striker": "RI Keogh",
              "runs": {
                "batter": 6,
                "extras": 0,
                "total": 6
              }
            },
            {
              "batter": "D Pretorius",
              "bowler": "MW Parkinson",
              "non_striker": "RI Keogh",
              "runs": {
                "batter": 0,
                "extras": 0,
                "total": 0
              },
              "wickets": [
                {
                  "kind": "lbw",
                  "player_out": "D Pretorius"
                }
              ]
            },
            {
              "batter": "Faheem Ashraf",
              "bowler": "MW Parkinson",
              "non_striker": "RI Keogh",
              "runs": {
                "batter": 1,
                "extras": 0,
                "total": 1
              }
            },
            {
              "batter": "RI Keogh",
              "bowler": "MW Parkinson",
              "non_striker": "Faheem Ashraf",
              "runs": {
                "batter": 0,
                "extras": 0,
                "total": 0
              }
            },
            {
              "batter": "RI Keogh",
              "bowler": "MW Parkinson",
              "non_striker": "Faheem Ashraf",
              "runs": {
                "batter": 6,
                "extras": 0,
                "total": 6
              }
            }
          ]
        },
        {
          "over": 19,
          "deliveries": [
            {
              "batter": "Faheem Ashraf",
              "bowler": "JP Faulkner",
              "non_striker": "RI Keogh",
              "runs": {
                "batter": 0,
                "extras": 0,
                "total": 0
              },
              "wickets": [
                {
                  "kind": "lbw",
                  "player_out": "Faheem Ashraf"
                }
              ]
            },
            {
              "batter": "LA Procter",
              "bowler": "JP Faulkner",
              "non_striker": "RI Keogh",
              "runs": {
                "batter": 1,
                "extras": 0,
                "total": 1
              }
            },
            {
              "batter": "RI Keogh",
              "bowler": "JP Faulkner",
              "non_striker": "LA Procter",
              "runs": {
                "batter": 2,
                "extras": 0,
                "total": 2
              }
            },
            {
              "batter": "RI Keogh",
              "bowler": "JP Faulkner",
              "non_striker": "LA Procter",
              "runs": {
                "batter": 0,
                "extras": 0,
                "total": 0
              }
            },
            {
              "batter": "RI Keogh",
              "bowler": "JP Faulkner",
              "non_striker": "LA Procter",
              "runs": {
                "batter": 1,
                "extras": 0,
                "total": 1
              }
            },
            {
              "batter": "LA Procter",
              "bowler": "JP Faulkner",
              "non_striker": "RI Keogh",
              "runs": {
                "batter": 0,
                "extras": 0,
                "total": 0
              },
              "wickets": [
                {
                  "kind": "caught",
                  "player_out": "LA Procter",
                  "fielders": [
                    {
                      "name": "RJ Gleeson"
                    }
                  ]
                }
              ]
            }
          ]
        }
      ],
      "powerplays": [
        {
          "from": 0.1,
          "to": 5.6,
          "type": "mandatory"
        }
      ]
    },
    {
      "team": "Lancashire",
      "overs": [
        {
          "over": 0,
          "deliveries": [
            {
              "batter": "AL Davies",
              "bowler": "BW Sanderson",
              "non_striker": "LS Livingstone",
              "runs": {
                "batter": 4,
                "extras": 0,
                "total": 4
              }
            },
            {
              "batter": "AL Davies",
              "bowler": "BW Sanderson",
              "non_striker": "LS Livingstone",
              "runs": {
                "batter": 4,
                "extras": 0,
                "total": 4
              }
            },
            {
              "batter": "AL Davies",
              "bowler": "BW Sanderson",
              "non_striker": "LS Livingstone",
              "runs": {
                "batter": 4,
                "extras": 0,
                "total": 4
              }
            },
            {
              "batter": "AL Davies",
              "bowler": "BW Sanderson",
              "non_striker": "LS Livingstone",
              "runs": {
                "batter": 0,
                "extras": 0,
                "total": 0
              }
            },
            {
              "batter": "AL Davies",
              "bowler": "BW Sanderson",
              "non_striker": "LS Livingstone",
              "runs": {
                "batter": 0,
                "extras": 0,
                "total": 0
              }
            },
            {
              "batter": "AL Davies",
              "bowler": "BW Sanderson",
              "non_striker": "LS Livingstone",
              "runs": {
                "batter": 0,
                "extras": 0,
                "total": 0
              }
            }
          ]
        },
        {
          "over": 1,
          "deliveries": [
            {
              "batter": "LS Livingstone",
              "bowler": "NL Buck",
              "non_striker": "AL Davies",
              "runs": {
                "batter": 0,
                "extras": 0,
                "total": 0
              }
            },
            {
              "batter": "LS Livingstone",
              "bowler": "NL Buck",
              "non_striker": "AL Davies",
              "runs": {
                "batter": 6,
                "extras": 0,
                "total": 6
              }
            },
            {
              "batter": "LS Livingstone",
              "bowler": "NL Buck",
              "non_striker": "AL Davies",
              "runs": {
                "batter": 0,
                "extras": 0,
                "total": 0
              }
            },
            {
              "batter": "LS Livingstone",
              "bowler": "NL Buck",
              "non_striker": "AL Davies",
              "runs": {
                "batter": 4,
                "extras": 0,
                "total": 4
              }
            },
            {
              "batter": "LS Livingstone",
              "bowler": "NL Buck",
              "non_striker": "AL Davies",
              "runs": {
                "batter": 0,
                "extras": 0,
                "total": 0
              }
            },
            {
              "batter": "LS Livingstone",
              "bowler": "NL Buck",
              "non_striker": "AL Davies",
              "runs": {
                "batter": 0,
                "extras": 0,
                "total": 0
              }
            }
          ]
        },
        {
          "over": 2,
          "deliveries": [
            {
              "batter": "AL Davies",
              "bowler": "Faheem Ashraf",
              "extras": {
                "noballs": 2
              },
              "non_striker": "LS Livingstone",
              "runs": {
                "batter": 0,
                "extras": 2,
                "total": 2
              }
            },
            {
              "batter": "AL Davies",
              "bowler": "Faheem Ashraf",
              "non_striker": "LS Livingstone",
              "runs": {
                "batter": 4,
                "extras": 0,
                "total": 4
              }
            },
            {
              "batter": "AL Davies",
              "bowler": "Faheem Ashraf",
              "non_striker": "LS Livingstone",
              "runs": {
                "batter": 0,
                "extras": 0,
                "total": 0
              }
            },
            {
              "batter": "AL Davies",
              "bowler": "Faheem Ashraf",
              "non_striker": "LS Livingstone",
              "runs": {
                "batter": 0,
                "extras": 0,
                "total": 0
              }
            },
            {
              "batter": "AL Davies",
              "bowler": "Faheem Ashraf",
              "non_striker": "LS Livingstone",
              "runs": {
                "batter": 1,
                "extras": 0,
                "total": 1
              }
            },
            {
              "batter": "LS Livingstone",
              "bowler": "Faheem Ashraf",
              "non_striker": "AL Davies",
              "runs": {
                "batter": 0,
                "extras": 0,
                "total": 0
              }
            },
            {
              "batter": "LS Livingstone",
              "bowler": "Faheem Ashraf",
              "non_striker": "AL Davies",
              "runs": {
                "batter": 6,
                "extras": 0,
                "total": 6
              }
            }
          ]
        },
        {
          "over": 3,
          "deliveries": [
            {
              "batter": "AL Davies",
              "bowler": "JJ Cobb",
              "non_striker": "LS Livingstone",
              "runs": {
                "batter": 0,
                "extras": 0,
                "total": 0
              }
            },
            {
              "batter": "AL Davies",
              "bowler": "JJ Cobb",
              "non_striker": "LS Livingstone",
              "runs": {
                "batter": 1,
                "extras": 0,
                "total": 1
              }
            },
            {
              "batter": "LS Livingstone",
              "bowler": "JJ Cobb",
              "non_striker": "AL Davies",
              "runs": {
                "batter": 6,
                "extras": 0,
                "total": 6
              }
            },
            {
              "batter": "LS Livingstone",
              "bowler": "JJ Cobb",
              "non_striker": "AL Davies",
              "runs": {
                "batter": 0,
                "extras": 0,
                "total": 0
              },
              "wickets": [
                {
                  "kind": "caught",
                  "player_out": "LS Livingstone",
                  "fielders": [
                    {
                      "name": "RI Keogh"
                    }
                  ]
                }
              ]
            },
            {
              "batter": "AL Davies",
              "bowler": "JJ Cobb",
              "non_striker": "SJ Croft",
              "runs": {
                "batter": 1,
                "extras": 0,
                "total": 1
              }
            },
            {
              "batter": "SJ Croft",
              "bowler": "JJ Cobb",
              "non_striker": "AL Davies",
              "runs": {
                "batter": 0,
                "extras": 0,
                "total": 0
              }
            }
          ]
        },
        {
          "over": 4,
          "deliveries": [
            {
              "batter": "AL Davies",
              "bowler": "Faheem Ashraf",
              "non_striker": "SJ Croft",
              "runs": {
                "batter": 0,
                "extras": 0,
                "total": 0
              }
            },
            {
              "batter": "AL Davies",
              "bowler": "Faheem Ashraf",
              "non_striker": "SJ Croft",
              "runs": {
                "batter": 4,
                "extras": 0,
                "total": 4
              }
            },
            {
              "batter": "AL Davies",
              "bowler": "Faheem Ashraf",
              "non_striker": "SJ Croft",
              "runs": {
                "batter": 0,
                "extras": 0,
                "total": 0
              }
            },
            {
              "batter": "AL Davies",
              "bowler": "Faheem Ashraf",
              "non_striker": "SJ Croft",
              "runs": {
                "batter": 1,
                "extras": 0,
                "total": 1
              }
            },
            {
              "batter": "SJ Croft",
              "bowler": "Faheem Ashraf",
              "non_striker": "AL Davies",
              "runs": {
                "batter": 1,
                "extras": 0,
                "total": 1
              }
            },
            {
              "batter": "AL Davies",
              "bowler": "Faheem Ashraf",
              "non_striker": "SJ Croft",
              "runs": {
                "batter": 0,
                "extras": 0,
                "total": 0
              }
            }
          ]
        },
        {
          "over": 5,
          "deliveries": [
            {
              "batter": "SJ Croft",
              "bowler": "JJ Cobb",
              "non_striker": "AL Davies",
              "runs": {
                "batter": 1,
                "extras": 0,
                "total": 1
              }
            },
            {
              "batter": "AL Davies",
              "bowler": "JJ Cobb",
              "non_striker": "SJ Croft",
              "runs": {
                "batter": 1,
                "extras": 0,
                "total": 1
              }
            },
            {
              "batter": "SJ Croft",
              "bowler": "JJ Cobb",
              "non_striker": "AL Davies",
              "runs": {
                "batter": 1,
                "extras": 0,
                "total": 1
              }
            },
            {
              "batter": "AL Davies",
              "bowler": "JJ Cobb",
              "non_striker": "SJ Croft",
              "runs": {
                "batter": 1,
                "extras": 0,
                "total": 1
              }
            },
            {
              "batter": "SJ Croft",
              "bowler": "JJ Cobb",
              "non_striker": "AL Davies",
              "runs": {
                "batter": 1,
                "extras": 0,
                "total": 1
              }
            },
            {
              "batter": "AL Davies",
              "bowler": "JJ Cobb",
              "non_striker": "SJ Croft",
              "runs": {
                "batter": 1,
                "extras": 0,
                "total": 1
              }
            }
          ]
        },
        {
          "over": 6,
          "deliveries": [
            {
              "batter": "AL Davies",
              "bowler": "GG White",
              "extras": {
                "legbyes": 1
              },
              "non_striker": "SJ Croft",
              "runs": {
                "batter": 0,
                "extras": 1,
                "total": 1
              }
            },
            {
              "batter": "SJ Croft",
              "bowler": "GG White",
              "non_striker": "AL Davies",
              "runs": {
                "batter": 1,
                "extras": 0,
                "total": 1
              }
            },
            {
              "batter": "AL Davies",
              "bowler": "GG White",
              "non_striker": "SJ Croft",
              "runs": {
                "batter": 0,
                "extras": 0,
                "total": 0
              }
            },
            {
              "batter": "AL Davies",
              "bowler": "GG White",
              "non_striker": "SJ Croft",
              "runs": {
                "batter": 2,
                "extras": 0,
                "total": 2
              }
            },
            {
              "batter": "AL Davies",
              "bowler": "GG White",
              "non_striker": "SJ Croft",
              "runs": {
                "batter": 0,
                "extras": 0,
                "total": 0
              }
            },
            {
              "batter": "AL Davies",
              "bowler": "GG White",
              "non_striker": "SJ Croft",
              "runs": {
                "batter": 4,
                "extras": 0,
                "total": 4
              }
            }
          ]
        },
        {
          "over": 7,
          "deliveries": [
            {
              "batter": "SJ Croft",
              "bowler": "D Pretorius",
              "non_striker": "AL Davies",
              "runs": {
                "batter": 2,
                "extras": 0,
                "total": 2
              }
            },
            {
              "batter": "SJ Croft",
              "bowler": "D Pretorius",
              "non_striker": "AL Davies",
              "runs": {
                "batter": 4,
                "extras": 0,
                "total": 4
              }
            },
            {
              "batter": "SJ Croft",
              "bowler": "D Pretorius",
              "non_striker": "AL Davies",
              "runs": {
                "batter": 0,
                "extras": 0,
                "total": 0
              }
            },
            {
              "batter": "SJ Croft",
              "bowler": "D Pretorius",
              "non_striker": "AL Davies",
              "runs": {
                "batter": 2,
                "extras": 0,
                "total": 2
              }
            },
            {
              "batter": "SJ Croft",
              "bowler": "D Pretorius",
              "non_striker": "AL Davies",
              "runs": {
                "batter": 1,
                "extras": 0,
                "total": 1
              }
            },
            {
              "batter": "AL Davies",
              "bowler": "D Pretorius",
              "non_striker": "SJ Croft",
              "runs": {
                "batter": 1,
                "extras": 0,
                "total": 1
              }
            }
          ]
        },
        {
          "over": 8,
          "deliveries": [
            {
              "batter": "AL Davies",
              "bowler": "GG White",
              "non_striker": "SJ Croft",
              "runs": {
                "batter": 1,
                "extras": 0,
                "total": 1
              }
            },
            {
              "batter": "SJ Croft",
              "bowler": "GG White",
              "non_striker": "AL Davies",
              "runs": {
                "batter": 0,
                "extras": 0,
                "total": 0
              }
            },
            {
              "batter": "SJ Croft",
              "bowler": "GG White",
              "non_striker": "AL Davies",
              "runs": {
                "batter": 1,
                "extras": 0,
                "total": 1
              }
            },
            {
              "batter": "AL Davies",
              "bowler": "GG White",
              "non_striker": "SJ Croft",
              "runs": {
                "batter": 1,
                "extras": 0,
                "total": 1
              }
            },
            {
              "batter": "SJ Croft",
              "bowler": "GG White",
              "non_striker": "AL Davies",
              "runs": {
                "batter": 0,
                "extras": 0,
                "total": 0
              }
            },
            {
              "batter": "SJ Croft",
              "bowler": "GG White",
              "non_striker": "AL Davies",
              "runs": {
                "batter": 1,
                "extras": 0,
                "total": 1
              }
            }
          ]
        },
        {
          "over": 9,
          "deliveries": [
            {
              "batter": "SJ Croft",
              "bowler": "RI Keogh",
              "non_striker": "AL Davies",
              "runs": {
                "batter": 1,
                "extras": 0,
                "total": 1
              }
            },
            {
              "batter": "AL Davies",
              "bowler": "RI Keogh",
              "non_striker": "SJ Croft",
              "runs": {
                "batter": 1,
                "extras": 0,
                "total": 1
              }
            },
            {
              "batter": "SJ Croft",
              "bowler": "RI Keogh",
              "non_striker": "AL Davies",
              "runs": {
                "batter": 1,
                "extras": 0,
                "total": 1
              }
            },
            {
              "batter": "AL Davies",
              "bowler": "RI Keogh",
              "non_striker": "SJ Croft",
              "runs": {
                "batter": 1,
                "extras": 0,
                "total": 1
              }
            },
            {
              "batter": "SJ Croft",
              "bowler": "RI Keogh",
              "non_striker": "AL Davies",
              "runs": {
                "batter": 1,
                "extras": 0,
                "total": 1
              }
            },
            {
              "batter": "AL Davies",
              "bowler": "RI Keogh",
              "non_striker": "SJ Croft",
              "runs": {
                "batter": 1,
                "extras": 0,
                "total": 1
              }
            }
          ]
        },
        {
          "over": 10,
          "deliveries": [
            {
              "batter": "AL Davies",
              "bowler": "GG White",
              "non_striker": "SJ Croft",
              "runs": {
                "batter": 4,
                "extras": 0,
                "total": 4
              }
            },
            {
              "batter": "AL Davies",
              "bowler": "GG White",
              "non_striker": "SJ Croft",
              "runs": {
                "batter": 0,
                "extras": 0,
                "total": 0
              }
            },
            {
              "batter": "AL Davies",
              "bowler": "GG White",
              "non_striker": "SJ Croft",
              "runs": {
                "batter": 1,
                "extras": 0,
                "total": 1
              }
            },
            {
              "batter": "SJ Croft",
              "bowler": "GG White",
              "non_striker": "AL Davies",
              "runs": {
                "batter": 0,
                "extras": 0,
                "total": 0
              }
            },
            {
              "batter": "SJ Croft",
              "bowler": "GG White",
              "non_striker": "AL Davies",
              "runs": {
                "batter": 1,
                "extras": 0,
                "total": 1
              }
            },
            {
              "batter": "AL Davies",
              "bowler": "GG White",
              "non_striker": "SJ Croft",
              "runs": {
                "batter": 4,
                "extras": 0,
                "total": 4
              }
            }
          ]
        },
        {
          "over": 11,
          "deliveries": [
            {
              "batter": "SJ Croft",
              "bowler": "RI Keogh",
              "non_striker": "AL Davies",
              "runs": {
                "batter": 4,
                "extras": 0,
                "total": 4
              }
            },
            {
              "batter": "SJ Croft",
              "bowler": "RI Keogh",
              "non_striker": "AL Davies",
              "runs": {
                "batter": 0,
                "extras": 0,
                "total": 0
              }
            },
            {
              "batter": "SJ Croft",
              "bowler": "RI Keogh",
              "non_striker": "AL Davies",
              "runs": {
                "batter": 1,
                "extras": 0,
                "total": 1
              }
            },
            {
              "batter": "AL Davies",
              "bowler": "RI Keogh",
              "non_striker": "SJ Croft",
              "runs": {
                "batter": 2,
                "extras": 0,
                "total": 2
              }
            },
            {
              "batter": "AL Davies",
              "bowler": "RI Keogh",
              "non_striker": "SJ Croft",
              "runs": {
                "batter": 1,
                "extras": 0,
                "total": 1
              }
            },
            {
              "batter": "SJ Croft",
              "bowler": "RI Keogh",
              "non_striker": "AL Davies",
              "runs": {
                "batter": 1,
                "extras": 0,
                "total": 1
              }
            }
          ]
        },
        {
          "over": 12,
          "deliveries": [
            {
              "batter": "SJ Croft",
              "bowler": "Faheem Ashraf",
              "non_striker": "AL Davies",
              "runs": {
                "batter": 0,
                "extras": 0,
                "total": 0
              }
            },
            {
              "batter": "SJ Croft",
              "bowler": "Faheem Ashraf",
              "non_striker": "AL Davies",
              "runs": {
                "batter": 1,
                "extras": 0,
                "total": 1
              }
            },
            {
              "batter": "AL Davies",
              "bowler": "Faheem Ashraf",
              "non_striker": "SJ Croft",
              "runs": {
                "batter": 1,
                "extras": 0,
                "total": 1
              }
            },
            {
              "batter": "SJ Croft",
              "bowler": "Faheem Ashraf",
              "non_striker": "AL Davies",
              "runs": {
                "batter": 0,
                "extras": 0,
                "total": 0
              }
            },
            {
              "batter": "SJ Croft",
              "bowler": "Faheem Ashraf",
              "non_striker": "AL Davies",
              "runs": {
                "batter": 0,
                "extras": 0,
                "total": 0
              },
              "wickets": [
                {
                  "kind": "bowled",
                  "player_out": "SJ Croft"
                }
              ]
            },
            {
              "batter": "DJ Vilas",
              "bowler": "Faheem Ashraf",
              "non_striker": "AL Davies",
              "runs": {
                "batter": 0,
                "extras": 0,
                "total": 0
              }
            }
          ]
        },
        {
          "over": 13,
          "deliveries": [
            {
              "batter": "AL Davies",
              "bowler": "JJ Cobb",
              "non_striker": "DJ Vilas",
              "runs": {
                "batter": 1,
                "extras": 0,
                "total": 1
              }
            },
            {
              "batter": "DJ Vilas",
              "bowler": "JJ Cobb",
              "non_striker": "AL Davies",
              "runs": {
                "batter": 2,
                "extras": 0,
                "total": 2
              }
            },
            {
              "batter": "DJ Vilas",
              "bowler": "JJ Cobb",
              "non_striker": "AL Davies",
              "runs": {
                "batter": 4,
                "extras": 0,
                "total": 4
              }
            },
            {
              "batter": "DJ Vilas",
              "bowler": "JJ Cobb",
              "non_striker": "AL Davies",
              "runs": {
                "batter": 1,
                "extras": 0,
                "total": 1
              }
            },
            {
              "batter": "AL Davies",
              "bowler": "JJ Cobb",
              "non_striker": "DJ Vilas",
              "runs": {
                "batter": 1,
                "extras": 0,
                "total": 1
              }
            },
            {
              "batter": "DJ Vilas",
              "bowler": "JJ Cobb",
              "non_striker": "AL Davies",
              "runs": {
                "batter": 1,
                "extras": 0,
                "total": 1
              }
            }
          ]
        },
        {
          "over": 14,
          "deliveries": [
            {
              "batter": "DJ Vilas",
              "bowler": "LA Procter",
              "non_striker": "AL Davies",
              "runs": {
                "batter": 1,
                "extras": 0,
                "total": 1
              }
            },
            {
              "batter": "AL Davies",
              "bowler": "LA Procter",
              "non_striker": "DJ Vilas",
              "runs": {
                "batter": 2,
                "extras": 0,
                "total": 2
              }
            },
            {
              "batter": "AL Davies",
              "bowler": "LA Procter",
              "non_striker": "DJ Vilas",
              "runs": {
                "batter": 4,
                "extras": 0,
                "total": 4
              }
            },
            {
              "batter": "AL Davies",
              "bowler": "LA Procter",
              "non_striker": "DJ Vilas",
              "runs": {
                "batter": 2,
                "extras": 0,
                "total": 2
              }
            },
            {
              "batter": "AL Davies",
              "bowler": "LA Procter",
              "non_striker": "DJ Vilas",
              "runs": {
                "batter": 0,
                "extras": 0,
                "total": 0
              }
            },
            {
              "batter": "AL Davies",
              "bowler": "LA Procter",
              "non_striker": "DJ Vilas",
              "runs": {
                "batter": 1,
                "extras": 0,
                "total": 1
              }
            }
          ]
        },
        {
          "over": 15,
          "deliveries": [
            {
              "batter": "AL Davies",
              "bowler": "GG White",
              "non_striker": "DJ Vilas",
              "runs": {
                "batter": 4,
                "extras": 0,
                "total": 4
              }
            },
            {
              "batter": "AL Davies",
              "bowler": "GG White",
              "non_striker": "DJ Vilas",
              "runs": {
                "batter": 1,
                "extras": 0,
                "total": 1
              }
            },
            {
              "batter": "DJ Vilas",
              "bowler": "GG White",
              "non_striker": "AL Davies",
              "runs": {
                "batter": 2,
                "extras": 0,
                "total": 2
              }
            },
            {
              "batter": "DJ Vilas",
              "bowler": "GG White",
              "non_striker": "AL Davies",
              "runs": {
                "batter": 1,
                "extras": 0,
                "total": 1
              }
            },
            {
              "batter": "AL Davies",
              "bowler": "GG White",
              "non_striker": "DJ Vilas",
              "runs": {
                "batter": 2,
                "extras": 0,
                "total": 2
              }
            },
            {
              "batter": "AL Davies",
              "bowler": "GG White",
              "non_striker": "DJ Vilas",
              "runs": {
                "batter": 1,
                "extras": 0,
                "total": 1
              }
            }
          ]
        },
        {
          "over": 16,
          "deliveries": [
            {
              "batter": "AL Davies",
              "bowler": "Faheem Ashraf",
              "non_striker": "DJ Vilas",
              "runs": {
                "batter": 1,
                "extras": 0,
                "total": 1
              }
            },
            {
              "batter": "DJ Vilas",
              "bowler": "Faheem Ashraf",
              "non_striker": "AL Davies",
              "runs": {
                "batter": 1,
                "extras": 0,
                "total": 1
              }
            },
            {
              "batter": "AL Davies",
              "bowler": "Faheem Ashraf",
              "non_striker": "DJ Vilas",
              "runs": {
                "batter": 1,
                "extras": 0,
                "total": 1
              }
            },
            {
              "batter": "DJ Vilas",
              "bowler": "Faheem Ashraf",
              "non_striker": "AL Davies",
              "runs": {
                "batter": 1,
                "extras": 0,
                "total": 1
              }
            },
            {
              "batter": "AL Davies",
              "bowler": "Faheem Ashraf",
              "extras": {
                "noballs": 2
              },
              "non_striker": "DJ Vilas",
              "runs": {
                "batter": 0,
                "extras": 2,
                "total": 2
              }
            },
            {
              "batter": "AL Davies",
              "bowler": "Faheem Ashraf",
              "non_striker": "DJ Vilas",
              "runs": {
                "batter": 0,
                "extras": 0,
                "total": 0
              }
            },
            {
              "batter": "AL Davies",
              "bowler": "Faheem Ashraf",
              "non_striker": "DJ Vilas",
              "runs": {
                "batter": 1,
                "extras": 0,
                "total": 1
              }
            }
          ]
        },
        {
          "over": 17,
          "deliveries": [
            {
              "batter": "AL Davies",
              "bowler": "BW Sanderson",
              "non_striker": "DJ Vilas",
              "runs": {
                "batter": 1,
                "extras": 0,
                "total": 1
              }
            },
            {
              "batter": "DJ Vilas",
              "bowler": "BW Sanderson",
              "non_striker": "AL Davies",
              "runs": {
                "batter": 4,
                "extras": 0,
                "total": 4
              }
            },
            {
              "batter": "DJ Vilas",
              "bowler": "BW Sanderson",
              "non_striker": "AL Davies",
              "runs": {
                "batter": 2,
                "extras": 0,
                "total": 2
              }
            },
            {
              "batter": "DJ Vilas",
              "bowler": "BW Sanderson",
              "non_striker": "AL Davies",
              "runs": {
                "batter": 4,
                "extras": 0,
                "total": 4
              }
            },
            {
              "batter": "DJ Vilas",
              "bowler": "BW Sanderson",
              "non_striker": "AL Davies",
              "runs": {
                "batter": 1,
                "extras": 0,
                "total": 1
              }
            },
            {
              "batter": "AL Davies",
              "bowler": "BW Sanderson",
              "non_striker": "DJ Vilas",
              "runs": {
                "batter": 0,
                "extras": 0,
                "total": 0
              }
            }
          ]
        },
        {
          "over": 18,
          "deliveries": [
            {
              "batter": "DJ Vilas",
              "bowler": "NL Buck",
              "non_striker": "AL Davies",
              "runs": {
                "batter": 0,
                "extras": 0,
                "total": 0
              }
            },
            {
              "batter": "DJ Vilas",
              "bowler": "NL Buck",
              "non_striker": "AL Davies",
              "runs": {
                "batter": 2,
                "extras": 0,
                "total": 2
              }
            },
            {
              "batter": "DJ Vilas",
              "bowler": "NL Buck",
              "non_striker": "AL Davies",
              "runs": {
                "batter": 4,
                "extras": 0,
                "total": 4
              }
            }
          ]
        }
      ],
      "powerplays": [
        {
          "from": 0.1,
          "to": 5.6,
          "type": "mandatory"
        }
      ],
      "target": {
        "overs": 20,
        "runs": 158
      }
    }
  ]
}