{
  "meta": {
    "data_version": "1.0.0",
    "created": "2019-12-27",
    "revision": 1
  },
  "info": {
    "balls_per_over": 6,
    "city": "Taunton",
    "dates": [
      "2019-08-10"
    ],
    "event": {
      "name": "Vitality Blast",
      "group": "South"
    },
    "gender": "male",
    "match_type": "T20",
    "officials": {
      "tv_umpires": [
        "JH Evans"
      ],
      "umpires": [
        "NL Bainton",
        "AG Wharf"
      ]
    },
    "outcome": {
      "winner": "Somerset",
      "by": {
        "runs": 55
      }
    },
    "overs": 20,
    "player_of_match": [
      "T Banton"
    ],
    "players": {
      "Somerset": [
        "T Banton",
        "Babar Azam",
        "JC Hildreth",
        "TB Abell",
        "EJ Byrom",
        "TA Lammonby",
        "RE van der Merwe",
        "C Overton",
        "TD Groenewald",
        "JE Taylor",
        "MTC Waller"
      ],
      "Kent": [
        "DJ Bell-Drummond",
        "Z Crawley",
        "HG Kuhn",
        "SW Billings",
        "Mohammad Nabi",
        "AJ Blake",
        "OG Robinson",
        "AF Milne",
        "GC Viljoen",
        "FJ Klaassen",
        "ME Claydon"
      ]
    },
    "registry": {
      "people": {
        "AF Milne": "350bb1b1",
        "AG Wharf": "2e0fcc58",
        "AJ Blake": "ea27a674",
        "Babar Azam": "8a75e999",
        "C Overton": "e9987a94",
        "DJ Bell-Drummond": "8f938a32",
        "EJ Byrom": "9e1b7792",
        "FJ Klaassen": "c042b412",
        "GC Viljoen": "a316d663",
        "HG Kuhn": "ede05b97",
        "JC Hildreth": "782c0568",
        "JE Taylor": "4180d897",
        "JH Evans": "f444fdac",
        "ME Claydon": "15101f12",
        "MTC Waller": "d74d1090",
        "Mohammad Nabi": "62af8546",
        "NL Bainton": "cd219cb3",
        "OG Robinson": "60f4c586",
        "RE van der Merwe": "05c2ca46",
        "SW Billings": "c16d4035",
        "T Banton": "25f7b7d6",
        "TA Lammonby": "73f1f6b0",
        "TB Abell": "ba9258a7",
        "TD Groenewald": "dddc811c",
        "Z Crawley": "922e1b19"
      }
    },
    "season": "2019",
    "team_type": "club",
    "teams": [
      "Somerset",
      "Kent"
    ],
    "toss": {
      "decision": "bat",
      "winner": "Somerset"
    },
    "venue": "The Cooper Associates County Ground"
  },
  "innings": [
    {
      "team": "Somerset",
      "overs": [
        {
          "over": 0,
          "deliveries": [
            {
              "batter": "T Banton",
              "bowler": "AF Milne",
              "extras": {
                "wides": 5
              },
              "non_striker": "Babar Azam",
              "runs": {
                "batter": 0,
                "extras": 5,
                "total": 5
              }
            },
            {
              "batter": "T Banton",
              "bowler": "AF Milne",
              "non_striker": "Babar Azam",
              "runs": {
                "batter": 4,
                "extras": 0,
                "total": 4
              }
            },
            {
              "batter": "T Banton",
              "bowler": "AF Milne",
              "non_striker": "Babar Azam",
              "runs": {
                "batter": 0,
                "extras": 0,
                "total": 0
              }
            },
            {
              "batter": "T Banton",
              "bowler": "AF Milne",
              "non_striker": "Babar Azam",
              "runs": {
                "batter": 4,
                "extras": 0,
                "total": 4
              }
            },
            {
              "batter": "T Banton",
              "bowler": "AF Milne",
              "non_striker": "Babar Azam",
              "runs": {
                "batter": 0,
                "extras": 0,
                "total": 0
              }
            },
            {
              "batter": "T Banton",
              "bowler": "AF Milne",
              "non_striker": "Babar Azam",
              "runs": {
                "batter": 0,
                "extras": 0,
                "total": 0
              }
            },
            {
              "batter": "T Banton",
              "bowler": "AF Milne",
              "non_striker": "Babar Azam",
              "runs": {
                "batter": 1,
                "extras": 0,
                "total": 1
              }
            }
          ]
        },
        {
          "over": 1,
          "deliveries": [
            {
              "batter": "T Banton",
              "bowler": "Mohammad Nabi",
              "non_striker": "Babar Azam",
              "runs": {
                "batter": 1,
                "extras": 0,
                "total": 1
              }
            },
            {
              "batter": "Babar Azam",
              "bowler": "Mohammad Nabi",
              "non_striker": "T Banton",
              "runs": {
                "batter": 0,
                "extras": 0,
                "total": 0
              }
            },
            {
              "batter": "Babar Azam",
              "bowler": "Mohammad Nabi",
              "non_striker": "T Banton",
              "runs": {
                "batter": 0,
                "extras": 0,
                "total": 0
              }
            },
            {
              "batter": "Babar Azam",
              "bowler": "Mohammad Nabi",
              "non_striker": "T Banton",
              "runs": {
                "batter": 2,
                "extras": 0,
                "total": 2
              }
            },
            {
              "batter": "Babar Azam",
              "bowler": "Mohammad Nabi",
              "non_striker": "T Banton",
              "runs": {
                "batter": 4,
                "extras": 0,
                "total": 4
              }
            },
            {
              "batter": "Babar Azam",
              "bowler": "Mohammad Nabi",
              "non_striker": "T Banton",
              "runs": {
                "batter": 0,
                "extras": 0,
                "total": 0
              }
            }
          ]
        },
        {
          "over": 2,
          "deliveries": [
            {
              "batter": "T Banton",
              "bowler": "GC Viljoen",
              "non_striker": "Babar Azam",
              "runs": {
                "batter": 1,
                "extras": 0,
                "total": 1
              }
            },
            {
              "batter": "Babar Azam",
              "bowler": "GC Viljoen",
              "non_striker": "T Banton",
              "runs": {
                "batter": 0,
                "extras": 0,
                "total": 0
              }
            },
            {
              "batter": "Babar Azam",
              "bowler": "GC Viljoen",
              "non_striker": "T Banton",
              "runs": {
                "batter": 0,
                "extras": 0,
                "total": 0
              }
            },
            {
              "batter": "Babar Azam",
              "bowler": "GC Viljoen",
              "non_striker": "T Banton",
              "runs": {
                "batter": 0,
                "extras": 0,
                "total": 0
              }
            },
            {
              "batter": "Babar Azam",
              "bowler": "GC Viljoen",
              "non_striker": "T Banton",
              "runs": {
                "batter": 2,
                "extras": 0,
                "total": 2
              }
            },
            {
              "batter": "Babar Azam",
              "bowler": "GC Viljoen",
              "non_striker": "T Banton",
              "runs": {
                "batter": 1,
                "extras": 0,
                "total": 1
              },
              "wickets": [
                {
                  "kind": "run out",
                  "player_out": "Babar Azam"
                }
              ]
            }
          ]
        },
        {
          "over": 3,
          "deliveries": [
            {
              "batter": "T Banton",
              "bowler": "FJ Klaassen",
              "non_striker": "JC Hildreth",
              "runs": {
                "batter": 4,
                "extras": 0,
                "total": 4
              }
            },
            {
              "batter": "T Banton",
              "bowler": "FJ Klaassen",
              "extras": {
                "wides": 1
              },
              "non_striker": "JC Hildreth",
              "runs": {
                "batter": 0,
                "extras": 1,
                "total": 1
              }
            },
            {
              "batter": "T Banton",
              "bowler": "FJ Klaassen",
              "non_striker": "JC Hildreth",
              "runs": {
                "batter": 0,
                "extras": 0,
                "total": 0
              }
            },
            {
              "batter": "T Banton",
              "bowler": "FJ Klaassen",
              "non_striker": "JC Hildreth",
              "runs": {
                "batter": 4,
                "extras": 0,
                "total": 4
              }
            },
            {
              "batter": "T Banton",
              "bowler": "FJ Klaassen",
              "non_striker": "JC Hildreth",
              "runs": {
                "batter": 4,
                "extras": 0,
                "total": 4
              }
            },
            {
              "batter": "T Banton",
              "bowler": "FJ Klaassen",
              "non_striker": "JC Hildreth",
              "runs": {
                "batter": 1,
                "extras": 0,
                "total": 1
              }
            },
            {
              "batter": "JC Hildreth",
              "bowler": "FJ Klaassen",
              "non_striker": "T Banton",
              "runs": {
                "batter": 1,
                "extras": 0,
                "total": 1
              }
            }
          ]
        },
        {
          "over": 4,
          "deliveries": [
            {
              "batter": "JC Hildreth",
              "bowler": "GC Viljoen",
              "non_striker": "T Banton",
              "runs": {
                "batter": 0,
                "extras": 0,
                "total": 0
              }
            },
            {
              "batter": "JC Hildreth",
              "bowler": "GC Viljoen",
              "non_striker": "T Banton",
              "runs": {
                "batter": 0,
                "extras": 0,
                "total": 0
              }
            },
            {
              "batter": "JC Hildreth",
              "bowler": "GC Viljoen",
              "non_striker": "T Banton",
              "runs": {
                "batter": 0,
                "extras": 0,
                "total": 0
              }
            },
            {
              "batter": "JC Hildreth",
              "bowler": "GC Viljoen",
              "non_striker": "T Banton",
              "runs": {
                "batter": 0,
                "extras": 0,
                "total": 0
              }
            },
            {
              "batter": "JC Hildreth",
              "bowler": "GC Viljoen",
              "non_striker": "T Banton",
              "runs": {
                "batter": 1,
                "extras": 0,
                "total": 1
              }
            },
            {
              "batter": "T Banton",
              "bowler": "GC Viljoen",
              "non_striker": "JC Hildreth",
              "runs": {
                "batter": 1,
                "extras": 0,
                "total": 1
              }
            }
          ]
        },
        {
          "over": 5,
          "deliveries": [
            {
              "batter": "T Banton",
              "bowler": "AF Milne",
              "non_striker": "JC Hildreth",
              "runs": {
                "batter": 0,
                "extras": 0,
                "total": 0
              }
            },
            {
              "batter": "T Banton",
              "bowler": "AF Milne",
              "non_striker": "JC Hildreth",
              "runs": {
                "batter": 0,
                "extras": 0,
                "total": 0
              }
            },
            {
              "batter": "T Banton",
              "bowler": "AF Milne",
              "non_striker": "JC Hildreth",
              "runs": {
                "batter": 0,
                "extras": 0,
                "total": 0
              }
            },
            {
              "batter": "T Banton",
              "bowler": "AF Milne",
              "non_striker": "JC Hildreth",
              "runs": {
                "batter": 4,
                "extras": 0,
                "total": 4
              }
            },
            {
              "batter": "T Banton",
              "bowler": "AF Milne",
              "non_striker": "JC Hildreth",
              "runs": {
                "batter": 4,
                "extras": 0,
                "total": 4
              }
            },
            {
              "batter": "T Banton",
              "bowler": "AF Milne",
              "non_striker": "JC Hildreth",
              "runs": {
                "batter": 1,
                "extras": 0,
                "total": 1
              }
            }
          ]
        },
        {
          "over": 6,
          "deliveries": [
            {
              "batter": "T Banton",
              "bowler": "ME Claydon",
              "non_striker": "JC Hildreth",
              "runs": {
                "batter": 1,
                "extras": 0,
                "total": 1
              }
            },
            {
              "batter": "JC Hildreth",
              "bowler": "ME Claydon",
              "non_striker": "T Banton",
              "runs": {
                "batter": 1,
                "extras": 0,
                "total": 1
              }
            },
            {
              "batter": "T Banton",
              "bowler": "ME Claydon",
              "non_striker": "JC Hildreth",
              "runs": {
                "batter": 1,
                "extras": 0,
                "total": 1
              }
            },
            {
              "batter": "JC Hildreth",
              "bowler": "ME Claydon",
              "non_striker": "T Banton",
              "runs": {
                "batter": 0,
                "extras": 0,
                "total": 0
              }
            },
            {
              "batter": "JC Hildreth",
              "bowler": "ME Claydon",
              "non_striker": "T Banton",
              "runs": {
                "batter": 4,
                "extras": 0,
                "total": 4
              }
            },
            {
              "batter": "JC Hildreth",
              "bowler": "ME Claydon",
              "non_striker": "T Banton",
              "runs": {
                "batter": 0,
                "extras": 0,
                "total": 0
              }
            }
          ]
        },
        {
          "over": 7,
          "deliveries": [
            {
              "batter": "T Banton",
              "bowler": "Mohammad Nabi",
              "non_striker": "JC Hildreth",
              "runs": {
                "batter": 6,
                "extras": 0,
                "total": 6
              }
            },
            {
              "batter": "T Banton",
              "bowler": "Mohammad Nabi",
              "non_striker": "JC Hildreth",
              "runs": {
                "batter": 3,
                "extras": 0,
                "total": 3
              }
            },
            {
              "batter": "JC Hildreth",
              "bowler": "Mohammad Nabi",
              "non_striker": "T Banton",
              "runs": {
                "batter": 0,
                "extras": 0,
                "total": 0
              },
              "wickets": [
                {
                  "kind": "lbw",
                  "player_out": "JC Hildreth"
                }
              ]
            },
            {
              "batter": "TB Abell",
              "bowler": "Mohammad Nabi",
              "non_striker": "T Banton",
              "runs": {
                "batter": 1,
                "extras": 0,
                "total": 1
              }
            },
            {
              "batter": "T Banton",
              "bowler": "Mohammad Nabi",
              "non_striker": "TB Abell",
              "runs": {
                "batter": 1,
                "extras": 0,
                "total": 1
              }
            },
            {
              "batter": "TB Abell",
              "bowler": "Mohammad Nabi",
              "non_striker": "T Banton",
              "runs": {
                "batter": 0,
                "extras": 0,
                "total": 0
              }
            }
          ]
        },
        {
          "over": 8,
          "deliveries": [
            {
              "batter": "T Banton",
              "bowler": "ME Claydon",
              "non_striker": "TB Abell",
              "runs": {
                "batter": 1,
                "extras": 0,
                "total": 1
              }
            },
            {
              "batter": "TB Abell",
              "bowler": "ME Claydon",
              "non_striker": "T Banton",
              "runs": {
                "batter": 1,
                "extras": 0,
                "total": 1
              }
            },
            {
              "batter": "T Banton",
              "bowler": "ME Claydon",
              "non_striker": "TB Abell",
              "runs": {
                "batter": 6,
                "extras": 0,
                "total": 6
              }
            },
            {
              "batter": "T Banton",
              "bowler": "ME Claydon",
              "non_striker": "TB Abell",
              "runs": {
                "batter": 1,
                "extras": 0,
                "total": 1
              }
            },
            {
              "batter": "TB Abell",
              "bowler": "ME Claydon",
              "non_striker": "T Banton",
              "runs": {
                "batter": 1,
                "extras": 0,
                "total": 1
              }
            },
            {
              "batter": "T Banton",
              "bowler": "ME Claydon",
              "non_striker": "TB Abell",
              "runs": {
                "batter": 1,
                "extras": 0,
                "total": 1
              }
            }
          ]
        },
        {
          "over": 9,
          "deliveries": [
            {
              "batter": "T Banton",
              "bowler": "FJ Klaassen",
              "non_striker": "TB Abell",
              "runs": {
                "batter": 1,
                "extras": 0,
                "total": 1
              }
            },
            {
              "batter": "TB Abell",
              "bowler": "FJ Klaassen",
              "non_striker": "T Banton",
              "runs": {
                "batter": 0,
                "extras": 0,
                "total": 0
              }
            },
            {
              "batter": "TB Abell",
              "bowler": "FJ Klaassen",
              "non_striker": "T Banton",
              "runs": {
                "batter": 2,
                "extras": 0,
                "total": 2
              }
            },
            {
              "batter": "TB Abell",
              "bowler": "FJ Klaassen",
              "non_striker": "T Banton",
              "runs": {
                "batter": 0,
                "extras": 0,
                "total": 0
              }
            },
            {
              "batter": "TB Abell",
              "bowler": "FJ Klaassen",
              "non_striker": "T Banton",
              "runs": {
                "batter": 4,
                "extras": 0,
                "total": 4
              }
            },
            {
              "batter": "TB Abell",
              "bowler": "FJ Klaassen",
              "non_striker": "T Banton",
              "runs": {
                "batter": 4,
                "extras": 0,
                "total": 4
              }
            }
          ]
        },
        {
          "over": 10,
          "deliveries": [
            {
              "batter": "T Banton",
              "bowler": "GC Viljoen",
              "non_striker": "TB Abell",
              "runs": {
                "batter": 1,
                "extras": 0,
                "total": 1
              }
            },
            {
              "batter": "TB Abell",
              "bowler": "GC Viljoen",
              "non_striker": "T Banton",
              "runs": {
                "batter": 6,
                "extras": 0,
                "total": 6
              }
            },
            {
              "batter": "TB Abell",
              "bowler": "GC Viljoen",
              "non_striker": "T Banton",
              "runs": {
                "batter": 1,
                "extras": 0,
                "total": 1
              }
            },
            {
              "batter": "T Banton",
              "bowler": "GC Viljoen",
              "non_striker": "TB Abell",
              "runs": {
                "batter": 1,
                "extras": 0,
                "total": 1
              }
            },
            {
              "batter": "TB Abell",
              "bowler": "GC Viljoen",
              "non_striker": "T Banton",
              "runs": {
                "batter": 1,
                "extras": 0,
                "total": 1
              }
            },
            {
              "batter": "T Banton",
              "bowler": "GC Viljoen",
              "non_striker": "TB Abell",
              "runs": {
                "batter": 1,
                "extras": 0,
                "total": 1
              }
            }
          ]
        },
        {
          "over": 11,
          "deliveries": [
            {
              "batter": "T Banton",
              "bowler": "Mohammad Nabi",
              "non_striker": "TB Abell",
              "runs": {
                "batter": 2,
                "extras": 0,
                "total": 2
              }
            },
            {
              "batter": "T Banton",
              "bowler": "Mohammad Nabi",
              "non_striker": "TB Abell",
              "runs": {
                "batter": 4,
                "extras": 0,
                "total": 4
              }
            },
            {
              "batter": "T Banton",
              "bowler": "Mohammad Nabi",
              "non_striker": "TB Abell",
              "runs": {
                "batter": 2,
                "extras": 0,
                "total": 2
              }
            },
            {
              "batter": "T Banton",
              "bowler": "Mohammad Nabi",
              "non_striker": "TB Abell",
              "runs": {
                "batter": 6,
                "extras": 0,
                "total": 6
              }
            },
            {
              "batter": "T Banton",
              "bowler": "Mohammad Nabi",
              "non_striker": "TB Abell",
              "runs": {
                "batter": 2,
                "extras": 0,
                "total": 2
              }
            },
            {
              "batter": "T Banton",
              "bowler": "Mohammad Nabi",
              "non_striker": "TB Abell",
              "runs": {
                "batter": 1,
                "extras": 0,
                "total": 1
              }
            }
          ]
        },
        {
          "over": 12,
          "deliveries": [
            {
              "batter": "T Banton",
              "bowler": "ME Claydon",
              "non_striker": "TB Abell",
              "runs": {
                "batter": 4,
                "extras": 0,
                "total": 4
              }
            },
            {
              "batter": "T Banton",
              "bowler": "ME Claydon",
              "extras": {
                "legbyes": 1
              },
              "non_striker": "TB Abell",
              "runs": {
                "batter": 0,
                "extras": 1,
                "total": 1
              }
            },
            {
              "batter": "TB Abell",
              "bowler": "ME Claydon",
              "non_striker": "T Banton",
              "runs": {
                "batter": 4,
                "extras": 0,
                "total": 4
              }
            },
            {
              "batter": "TB Abell",
              "bowler": "ME Claydon",
              "non_striker": "T Banton",
              "runs": {
                "batter": 1,
                "extras": 0,
                "total": 1
              }
            },
            {
              "batter": "T Banton",
              "bowler": "ME Claydon",
              "non_striker": "TB Abell",
              "runs": {
                "batter": 1,
                "extras": 0,
                "total": 1
              }
            },
            {
              "batter": "TB Abell",
              "bowler": "ME Claydon",
              "non_striker": "T Banton",
              "runs": {
                "batter": 4,
                "extras": 0,
                "total": 4
              }
            }
          ]
        },
        {
          "over": 13,
          "deliveries": [
            {
              "batter": "T Banton",
              "bowler": "FJ Klaassen",
              "non_striker": "TB Abell",
              "runs": {
                "batter": 1,
                "extras": 0,
                "total": 1
              }
            },
            {
              "batter": "TB Abell",
              "bowler": "FJ Klaassen",
              "non_striker": "T Banton",
              "runs": {
                "batter": 1,
                "extras": 0,
                "total": 1
              }
            },
            {
              "batter": "T Banton",
              "bowler": "FJ Klaassen",
              "non_striker": "TB Abell",
              "runs": {
                "batter": 6,
                "extras": 0,
                "total": 6
              }
            },
            {
              "batter": "T Banton",
              "bowler": "FJ Klaassen",
              "non_striker": "TB Abell",
              "runs": {
                "batter": 1,
                "extras": 0,
                "total": 1
              }
            },
            {
              "batter": "TB Abell",
              "bowler": "FJ Klaassen",
              "non_striker": "T Banton",
              "runs": {
                "batter": 1,
                "extras": 0,
                "total": 1
              }
            },
            {
              "batter": "T Banton",
              "bowler": "FJ Klaassen",
              "non_striker": "TB Abell",
              "runs": {
                "batter": 1,
                "extras": 0,
                "total": 1
              }
            }
          ]
        },
        {
          "over": 14,
          "deliveries": [
            {
              "batter": "T Banton",
              "bowler": "DJ Bell-Drummond",
              "non_striker": "TB Abell",
              "runs": {
                "batter": 1,
                "extras": 0,
                "total": 1
              }
            },
            {
              "batter": "TB Abell",
              "bowler": "DJ Bell-Drummond",
              "non_striker": "T Banton",
              "runs": {
                "batter": 1,
                "extras": 0,
                "total": 1
              }
            },
            {
              "batter": "T Banton",
              "bowler": "DJ Bell-Drummond",
              "non_striker": "TB Abell",
              "runs": {
                "batter": 1,
                "extras": 0,
                "total": 1
              }
            },
            {
              "batter": "TB Abell",
              "bowler": "DJ Bell-Drummond",
              "non_striker": "T Banton",
              "runs": {
                "batter": 1,
                "extras": 0,
                "total": 1
              }
            },
            {
              "batter": "T Banton",
              "bowler": "DJ Bell-Drummond",
              "non_striker": "TB Abell",
              "runs": {
                "batter": 1,
                "extras": 0,
                "total": 1
              }
            },
            {
              "batter": "TB Abell",
              "bowler": "DJ Bell-Drummond",
              "non_striker": "T Banton",
              "runs": {
                "batter": 1,
                "extras": 0,
                "total": 1
              }
            }
          ]
        },
        {
          "over": 15,
          "deliveries": [
            {
              "batter": "TB Abell",
              "bowler": "Mohammad Nabi",
              "non_striker": "T Banton",
              "runs": {
                "batter": 2,
                "extras": 0,
                "total": 2
              }
            },
            {
              "batter": "TB Abell",
              "bowler": "Mohammad Nabi",
              "non_striker": "T Banton",
              "runs": {
                "batter": 2,
                "extras": 0,
                "total": 2
              }
            },
            {
              "batter": "TB Abell",
              "bowler": "Mohammad Nabi",
              "extras": {
                "byes": 1
              },
              "non_striker": "T Banton",
              "runs": {
                "batter": 0,
                "extras": 1,
                "total": 1
              }
            },
            {
              "batter": "T Banton",
              "bowler": "Mohammad Nabi",
              "non_striker": "TB Abell",
              "runs": {
                "batter": 1,
                "extras": 0,
                "total": 1
              }
            },
            {
              "batter": "TB Abell",
              "bowler": "Mohammad Nabi",
              "non_striker": "T Banton",
              "runs": {
                "batter": 4,
                "extras": 0,
                "total": 4
              }
            },
            {
              "batter": "TB Abell",
              "bowler": "Mohammad Nabi",
              "non_striker": "T Banton",
              "runs": {
                "batter": 2,
                "extras": 0,
                "total": 2
              }
            }
          ]
        },
        {
          "over": 16,
          "deliveries": [
            {
              "batter": "T Banton",
              "bowler": "DJ Bell-Drummond",
              "non_striker": "TB Abell",
              "runs": {
                "batter": 6,
                "extras": 0,
                "total": 6
              }
            },
            {
              "batter": "T Banton",
              "bowler": "DJ Bell-Drummond",
              "non_striker": "TB Abell",
              "runs": {
                "batter": 0,
                "extras": 0,
                "total": 0
              },
              "wickets": [
                {
                  "kind": "caught",
                  "player_out": "T Banton",
                  "fielders": [
                    {
                      "name": "AJ Blake"
                    }
                  ]
                }
              ]
            },
            {
              "batter": "TB Abell",
              "bowler": "DJ Bell-Drummond",
              "non_striker": "EJ Byrom",
              "runs": {
                "batter": 1,
                "extras": 0,
                "total": 1
              }
            },
            {
              "batter": "EJ Byrom",
              "bowler": "DJ Bell-Drummond",
              "non_striker": "TB Abell",
              "runs": {
                "batter": 4,
                "extras": 0,
                "total": 4
              }
            },
            {
              "batter": "EJ Byrom",
              "bowler": "DJ Bell-Drummond",
              "non_striker": "TB Abell",
              "runs": {
                "batter": 0,
                "extras": 0,
                "total": 0
              },
              "wickets": [
                {
                  "kind": "lbw",
                  "player_out": "EJ Byrom"
                }
              ]
            },
            {
              "batter": "TA Lammonby",
              "bowler": "DJ Bell-Drummond",
              "non_striker": "TB Abell",
              "runs": {
                "batter": 2,
                "extras": 0,
                "total": 2
              }
            }
          ]
        },
        {
          "over": 17,
          "deliveries": [
            {
              "batter": "TB Abell",
              "bowler": "AF Milne",
              "non_striker": "TA Lammonby",
              "runs": {
                "batter": 1,
                "extras": 0,
                "total": 1
              }
            },
            {
              "batter": "TA Lammonby",
              "bowler": "AF Milne",
              "non_striker": "TB Abell",
              "runs": {
                "batter": 0,
                "extras": 0,
                "total": 0
              }
            },
            {
              "batter": "TA Lammonby",
              "bowler": "AF Milne",
              "extras": {
                "legbyes": 1
              },
              "non_striker": "TB Abell",
              "runs": {
                "batter": 0,
                "extras": 1,
                "total": 1
              }
            },
            {
              "batter": "TB Abell",
              "bowler": "AF Milne",
              "non_striker": "TA Lammonby",
              "runs": {
                "batter": 1,
                "extras": 0,
                "total": 1
              }
            },
            {
              "batter": "TA Lammonby",
              "bowler": "AF Milne",
              "non_striker": "TB Abell",
              "runs": {
                "batter": 0,
                "extras": 0,
                "total": 0
              },
              "wickets": [
                {
                  "kind": "bowled",
                  "player_out": "TA Lammonby"
                }
              ]
            },
            {
              "batter": "RE van der Merwe",
              "bowler": "AF Milne",
              "non_striker": "TB Abell",
              "runs": {
                "batter": 0,
                "extras": 0,
                "total": 0
              }
            }
          ]
        },
        {
          "over": 18,
          "deliveries": [
            {
              "batter": "TB Abell",
              "bowler": "GC Viljoen",
              "non_striker": "RE van der Merwe",
              "runs": {
                "batter": 2,
                "extras": 0,
                "total": 2
              }
            },
            {
              "batter": "TB Abell",
              "bowler": "GC Viljoen",
              "non_striker": "RE van der Merwe",
              "runs": {
                "batter": 6,
                "extras": 0,
                "total": 6
              }
            },
            {
              "batter": "TB Abell",
              "bowler": "GC Viljoen",
              "non_striker": "RE van der Merwe",
              "runs": {
                "batter": 3,
                "extras": 0,
                "total": 3
              }
            },
            {
              "batter": "RE van der Merwe",
              "bowler": "GC Viljoen",
              "non_striker": "TB Abell",
              "runs": {
                "batter": 1,
                "extras": 0,
                "total": 1
              }
            },
            {
              "batter": "TB Abell",
              "bowler": "GC Viljoen",
              "non_striker": "RE van der Merwe",
              "runs": {
                "batter": 4,
                "extras": 0,
                "total": 4
              }
            },
            {
              "batter": "TB Abell",
              "bowler": "GC Viljoen",
              "non_striker": "RE van der Merwe",
              "runs": {
                "batter": 0,
                "extras": 0,
                "total": 0
              },
              "wickets": [
                {
                  "kind": "caught",
                  "player_out": "TB Abell",
                  "fielders": [
                    {
                      "name": "Z Crawley"
                    }
                  ]
                }
              ]
            }
          ]
        },
        {
          "over": 19,
          "deliveries": [
            {
              "batter": "C Overton",
              "bowler": "AF Milne",
              "non_striker": "RE van der Merwe",
              "runs": {
                "batter": 6,
                "extras": 0,
                "total": 6
              }
            },
            {
              "batter": "C Overton",
              "bowler": "AF Milne",
              "non_striker": "RE van der Merwe",
              "runs": {
                "batter": 1,
                "extras": 0,
                "total": 1
              }
            },
            {
              "batter": "RE van der Merwe",
              "bowler": "AF Milne",
              "extras": {
                "wides": 1
              },
              "non_striker": "C Overton",
              "runs": {
                "batter": 0,
                "extras": 1,
                "total": 1
              },
              "wickets": [
                {
                  "kind": "run out",
                  "player_out": "C Overton"
                }
              ]
            },
            {
              "batter": "RE van der Merwe",
              "bowler": "AF Milne",
              "non_striker": "TD Groenewald",
              "runs": {
                "batter": 1,
                "extras": 0,
                "total": 1
              }
            },
            {
              "batter": "TD Groenewald",
              "bowler": "AF Milne",
              "non_striker": "RE van der Merwe",
              "runs": {
                "batter": 0,
                "extras": 0,
                "total": 0
              },
              "wickets": [
                {
                  "kind": "bowled",
                  "player_out": "TD Groenewald"
                }
              ]
            },
            {
              "batter": "JE Taylor",
              "bowler": "AF Milne",
              "non_striker": "RE van der Merwe",
              "runs": {
                "batter": 1,
                "extras": 0,
                "total": 1
              }
            },
            {
              "batter": "RE van der Merwe",
              "bowler": "AF Milne",
              "extras": {
                "byes": 1
              },
              "non_striker": "JE Taylor",
              "runs": {
                "batter": 0,
                "extras": 1,
                "total": 1
              }
            }
          ]
        }
      ],
      "powerplays": [
        {
          "from": 0.1,
          "to": 5.6,
          "type": "mandatory"
        }
      ]
    },
    {
      "team": "Kent",
      "overs": [
        {
          "over": 0,
          "deliveries": [
            {
              "batter": "DJ Bell-Drummond",
              "bowler": "MTC Waller",
              "non_striker": "Z Crawley",
              "runs": {
                "batter": 1,
                "extras": 0,
                "total": 1
              }
            },
            {
              "batter": "Z Crawley",
              "bowler": "MTC Waller",
              "non_striker": "DJ Bell-Drummond",
              "runs": {
                "batter": 0,
                "extras": 0,
                "total": 0
              }
            },
            {
              "batter": "Z Crawley",
              "bowler": "MTC Waller",
              "non_striker": "DJ Bell-Drummond",
              "runs": {
                "batter": 0,
                "extras": 0,
                "total": 0
              }
            },
            {
              "batter": "Z Crawley",
              "bowler": "MTC Waller",
              "non_striker": "DJ Bell-Drummond",
              "runs": {
                "batter": 0,
                "extras": 0,
                "total": 0
              }
            },
            {
              "batter": "Z Crawley",
              "bowler": "MTC Waller",
              "non_striker": "DJ Bell-Drummond",
              "runs": {
                "batter": 2,
                "extras": 0,
                "total": 2
              }
            },
            {
              "batter": "Z Crawley",
              "bowler": "MTC Waller",
              "non_striker": "DJ Bell-Drummond",
              "runs": {
                "batter": 2,
                "extras": 0,
                "total": 2
              }
            }
          ]
        },
        {
          "over": 1,
          "deliveries": [
            {
              "batter": "DJ Bell-Drummond",
              "bowler": "JE Taylor",
              "non_striker": "Z Crawley",
              "runs": {
                "batter": 0,
                "extras": 0,
                "total": 0
              }
            },
            {
              "batter": "DJ Bell-Drummond",
              "bowler": "JE Taylor",
              "non_striker": "Z Crawley",
              "runs": {
                "batter": 1,
                "extras": 0,
                "total": 1
              }
            },
            {
              "batter": "Z Crawley",
              "bowler": "JE Taylor",
              "non_striker": "DJ Bell-Drummond",
              "runs": {
                "batter": 0,
                "extras": 0,
                "total": 0
              }
            },
            {
              "batter": "Z Crawley",
              "bowler": "JE Taylor",
              "non_striker": "DJ Bell-Drummond",
              "runs": {
                "batter": 2,
                "extras": 0,
                "total": 2
              }
            },
            {
              "batter": "Z Crawley",
              "bowler": "JE Taylor",
              "non_striker": "DJ Bell-Drummond",
              "runs": {
                "batter": 0,
                "extras": 0,
                "total": 0
              }
            },
            {
              "batter": "Z Crawley",
              "bowler": "JE Taylor",
              "non_striker": "DJ Bell-Drummond",
              "runs": {
                "batter": 1,
                "extras": 0,
                "total": 1
              }
            }
          ]
        },
        {
          "over": 2,
          "deliveries": [
            {
              "batter": "Z Crawley",
              "bowler": "C Overton",
              "non_striker": "DJ Bell-Drummond",
              "runs": {
                "batter": 0,
                "extras": 0,
                "total": 0
              }
            },
            {
              "batter": "Z Crawley",
              "bowler": "C Overton",
              "non_striker": "DJ Bell-Drummond",
              "runs": {
                "batter": 0,
                "extras": 0,
                "total": 0
              }
            },
            {
              "batter": "Z Crawley",
              "bowler": "C Overton",
              "non_striker": "DJ Bell-Drummond",
              "runs": {
                "batter": 2,
                "extras": 0,
                "total": 2
              }
            },
            {
              "batter": "Z Crawley",
              "bowler": "C Overton",
              "non_striker": "DJ Bell-Drummond",
              "runs": {
                "batter": 4,
                "extras": 0,
                "total": 4
              }
            },
            {
              "batter": "Z Crawley",
              "bowler": "C Overton",
              "non_striker": "DJ Bell-Drummond",
              "runs": {
                "batter": 0,
                "extras": 0,
                "total": 0
              }
            },
            {
              "batter": "Z Crawley",
              "bowler": "C Overton",
              "non_striker": "DJ Bell-Drummond",
              "runs": {
                "batter": 0,
                "extras": 0,
                "total": 0
              }
            }
          ]
        },
        {
          "over": 3,
          "deliveries": [
            {
              "batter": "DJ Bell-Drummond",
              "bowler": "TD Groenewald",
              "non_striker": "Z Crawley",
              "runs": {
                "batter": 1,
                "extras": 0,
                "total": 1
              }
            },
            {
              "batter": "Z Crawley",
              "bowler": "TD Groenewald",
              "non_striker": "DJ Bell-Drummond",
              "runs": {
                "batter": 1,
                "extras": 0,
                "total": 1
              }
            },
            {
              "batter": "DJ Bell-Drummond",
              "bowler": "TD Groenewald",
              "non_striker": "Z Crawley",
              "runs": {
                "batter": 4,
                "extras": 0,
                "total": 4
              }
            },
            {
              "batter": "DJ Bell-Drummond",
              "bowler": "TD Groenewald",
              "non_striker": "Z Crawley",
              "runs": {
                "batter": 6,
                "extras": 0,
                "total": 6
              }
            },
            {
              "batter": "DJ Bell-Drummond",
              "bowler": "TD Groenewald",
              "non_striker": "Z Crawley",
              "runs": {
                "batter": 1,
                "extras": 0,
                "total": 1
              }
            },
            {
              "batter": "Z Crawley",
              "bowler": "TD Groenewald",
              "non_striker": "DJ Bell-Drummond",
              "runs": {
                "batter": 1,
                "extras": 0,
                "total": 1
              }
            }
          ]
        },
        {
          "over": 4,
          "deliveries": [
            {
              "batter": "Z Crawley",
              "bowler": "C Overton",
              "non_striker": "DJ Bell-Drummond",
              "runs": {
                "batter": 4,
                "extras": 0,
                "total": 4
              }
            },
            {
              "batter": "Z Crawley",
              "bowler": "C Overton",
              "non_striker": "DJ Bell-Drummond",
              "runs": {
                "batter": 6,
                "extras": 0,
                "total": 6
              }
            },
            {
              "batter": "Z Crawley",
              "bowler": "C Overton",
              "non_striker": "DJ Bell-Drummond",
              "runs": {
                "batter": 4,
                "extras": 0,
                "total": 4
              }
            },
            {
              "batter": "Z Crawley",
              "bowler": "C Overton",
              "non_striker": "DJ Bell-Drummond",
              "runs": {
                "batter": 1,
                "extras": 0,
                "total": 1
              }
            },
            {
              "batter": "DJ Bell-Drummond",
              "bowler": "C Overton",
              "non_striker": "Z Crawley",
              "runs": {
                "batter": 1,
                "extras": 0,
                "total": 1
              }
            },
            {
              "batter": "Z Crawley",
              "bowler": "C Overton",
              "non_striker": "DJ Bell-Drummond",
              "runs": {
                "batter": 1,
                "extras": 0,
                "total": 1
              }
            }
          ]
        },
        {
          "over": 5,
          "deliveries": [
            {
              "batter": "Z Crawley",
              "bowler": "JE Taylor",
              "non_striker": "DJ Bell-Drummond",
              "runs": {
                "batter": 4,
                "extras": 0,
                "total": 4
              }
            },
            {
              "batter": "Z Crawley",
              "bowler": "JE Taylor",
              "non_striker": "DJ Bell-Drummond",
              "runs": {
                "batter": 0,
                "extras": 0,
                "total": 0
              },
              "wickets": [
                {
                  "kind": "caught",
                  "player_out": "Z Crawley",
                  "fielders": [
                    {
                      "name": "Babar Azam"
                    }
                  ]
                }
              ]
            },
            {
              "batter": "HG Kuhn",
              "bowler": "JE Taylor",
              "non_striker": "DJ Bell-Drummond",
              "runs": {
                "batter": 0,
                "extras": 0,
                "total": 0
              }
            },
            {
              "batter": "HG Kuhn",
              "bowler": "JE Taylor",
              "extras": {
                "legbyes": 1
              },
              "non_striker": "DJ Bell-Drummond",
              "runs": {
                "batter": 0,
                "extras": 1,
                "total": 1
              }
            },
            {
              "batter": "DJ Bell-Drummond",
              "bowler": "JE Taylor",
              "non_striker": "HG Kuhn",
              "runs": {
                "batter": 1,
                "extras": 0,
                "total": 1
              }
            },
            {
              "batter": "HG Kuhn",
              "bowler": "JE Taylor",
              "non_striker": "DJ Bell-Drummond",
              "runs": {
                "batter": 1,
                "extras": 0,
                "total": 1
              }
            }
          ]
        },
        {
          "over": 6,
          "deliveries": [
            {
              "batter": "HG Kuhn",
              "bowler": "TD Groenewald",
              "non_striker": "DJ Bell-Drummond",
              "runs": {
                "batter": 1,
                "extras": 0,
                "total": 1
              }
            },
            {
              "batter": "DJ Bell-Drummond",
              "bowler": "TD Groenewald",
              "non_striker": "HG Kuhn",
              "runs": {
                "batter": 1,
                "extras": 0,
                "total": 1
              }
            },
            {
              "batter": "HG Kuhn",
              "bowler": "TD Groenewald",
              "non_striker": "DJ Bell-Drummond",
              "runs": {
                "batter": 1,
                "extras": 0,
                "total": 1
              }
            },
            {
              "batter": "DJ Bell-Drummond",
              "bowler": "TD Groenewald",
              "non_striker": "HG Kuhn",
              "runs": {
                "batter": 1,
                "extras": 0,
                "total": 1
              }
            },
            {
              "batter": "HG Kuhn",
              "bowler": "TD Groenewald",
              "non_striker": "DJ Bell-Drummond",
              "runs": {
                "batter": 1,
                "extras": 0,
                "total": 1
              }
            },
            {
              "batter": "DJ Bell-Drummond",
              "bowler": "TD Groenewald",
              "non_striker": "HG Kuhn",
              "runs": {
                "batter": 1,
                "extras": 0,
                "total": 1
              }
            }
          ]
        },
        {
          "over": 7,
          "deliveries": [
            {
              "batter": "DJ Bell-Drummond",
              "bowler": "RE van der Merwe",
              "non_striker": "HG Kuhn",
              "runs": {
                "batter": 1,
                "extras": 0,
                "total": 1
              }
            },
            {
              "batter": "HG Kuhn",
              "bowler": "RE van der Merwe",
              "non_striker": "DJ Bell-Drummond",
              "runs": {
                "batter": 1,
                "extras": 0,
                "total": 1
              }
            },
            {
              "batter": "DJ Bell-Drummond",
              "bowler": "RE van der Merwe",
              "non_striker": "HG Kuhn",
              "runs": {
                "batter": 1,
                "extras": 0,
                "total": 1
              }
            },
            {
              "batter": "HG Kuhn",
              "bowler": "RE van der Merwe",
              "non_striker": "DJ Bell-Drummond",
              "runs": {
                "batter": 0,
                "extras": 0,
                "total": 0
              }
            },
            {
              "batter": "HG Kuhn",
              "bowler": "RE van der Merwe",
              "non_striker": "DJ Bell-Drummond",
              "runs": {
                "batter": 1,
                "extras": 0,
                "total": 1
              }
            },
            {
              "batter": "DJ Bell-Drummond",
              "bowler": "RE van der Merwe",
              "non_striker": "HG Kuhn",
              "runs": {
                "batter": 1,
                "extras": 0,
                "total": 1
              }
            }
          ]
        },
        {
          "over": 8,
          "deliveries": [
            {
              "batter": "DJ Bell-Drummond",
              "bowler": "C Overton",
              "non_striker": "HG Kuhn",
              "runs": {
                "batter": 1,
                "extras": 0,
                "total": 1
              }
            },
            {
              "batter": "HG Kuhn",
              "bowler": "C Overton",
              "non_striker": "DJ Bell-Drummond",
              "runs": {
                "batter": 4,
                "extras": 0,
                "total": 4
              }
            },
            {
              "batter": "HG Kuhn",
              "bowler": "C Overton",
              "non_striker": "DJ Bell-Drummond",
              "runs": {
                "batter": 1,
                "extras": 0,
                "total": 1
              }
            },
            {
              "batter": "DJ Bell-Drummond",
              "bowler": "C Overton",
              "non_striker": "HG Kuhn",
              "runs": {
                "batter": 1,
                "extras": 0,
                "total": 1
              }
            },
            {
              "batter": "HG Kuhn",
              "bowler": "C Overton",
              "non_striker": "DJ Bell-Drummond",
              "runs": {
                "batter": 1,
                "extras": 0,
                "total": 1
              }
            },
            {
              "batter": "DJ Bell-Drummond",
              "bowler": "C Overton",
              "non_striker": "HG Kuhn",
              "runs": {
                "batter": 0,
                "extras": 0,
                "total": 0
              }
            }
          ]
        },
        {
          "over": 9,
          "deliveries": [
            {
              "batter": "HG Kuhn",
              "bowler": "RE van der Merwe",
              "non_striker": "DJ Bell-Drummond",
              "runs": {
                "batter": 1,
                "extras": 0,
                "total": 1
              }
            },
            {
              "batter": "DJ Bell-Drummond",
              "bowler": "RE van der Merwe",
              "non_striker": "HG Kuhn",
              "runs": {
                "batter": 6,
                "extras": 0,
                "total": 6
              }
            },
            {
              "batter": "DJ Bell-Drummond",
              "bowler": "RE van der Merwe",
              "non_striker": "HG Kuhn",
              "runs": {
                "batter": 1,
                "extras": 0,
                "total": 1
              }
            },
            {
              "batter": "HG Kuhn",
              "bowler": "RE van der Merwe",
              "non_striker": "DJ Bell-Drummond",
              "runs": {
                "batter": 1,
                "extras": 0,
                "total": 1
              }
            },
            {
              "batter": "DJ Bell-Drummond",
              "bowler": "RE van der Merwe",
              "extras": {
                "byes": 1
              },
              "non_striker": "HG Kuhn",
              "runs": {
                "batter": 0,
                "extras": 1,
                "total": 1
              }
            },
            {
              "batter": "HG Kuhn",
              "bowler": "RE van der Merwe",
              "extras": {
                "legbyes": 1
              },
              "non_striker": "DJ Bell-Drummond",
              "runs": {
                "batter": 0,
                "extras": 1,
                "total": 1
              }
            }
          ]
        },
        {
          "over": 10,
          "deliveries": [
            {
              "batter": "HG Kuhn",
              "bowler": "TA Lammonby",
              "non_striker": "DJ Bell-Drummond",
              "runs": {
                "batter": 6,
                "extras": 0,
                "total": 6
              }
            },
            {
              "batter": "HG Kuhn",
              "bowler": "TA Lammonby",
              "non_striker": "DJ Bell-Drummond",
              "runs": {
                "batter": 0,
                "extras": 0,
                "total": 0
              }
            },
            {
              "batter": "HG Kuhn",
              "bowler": "TA Lammonby",
              "non_striker": "DJ Bell-Drummond",
              "runs": {
                "batter": 0,
                "extras": 0,
                "total": 0
              },
              "wickets": [
                {
                  "kind": "caught",
                  "player_out": "HG Kuhn",
                  "fielders": [
                    {
                      "name": "MTC Waller"
                    }
                  ]
                }
              ]
            },
            {
              "batter": "DJ Bell-Drummond",
              "bowler": "TA Lammonby",
              "non_striker": "SW Billings",
              "runs": {
                "batter": 2,
                "extras": 0,
                "total": 2
              }
            },
            {
              "batter": "DJ Bell-Drummond",
              "bowler": "TA Lammonby",
              "non_striker": "SW Billings",
              "runs": {
                "batter": 1,
                "extras": 0,
                "total": 1
              }
            },
            {
              "batter": "SW Billings",
              "bowler": "TA Lammonby",
              "non_striker": "DJ Bell-Drummond",
              "runs": {
                "batter": 1,
                "extras": 0,
                "total": 1
              }
            }
          ]
        },
        {
          "over": 11,
          "deliveries": [
            {
              "batter": "SW Billings",
              "bowler": "MTC Waller",
              "non_striker": "DJ Bell-Drummond",
              "runs": {
                "batter": 1,
                "extras": 0,
                "total": 1
              }
            },
            {
              "batter": "DJ Bell-Drummond",
              "bowler": "MTC Waller",
              "non_striker": "SW Billings",
              "runs": {
                "batter": 1,
                "extras": 0,
                "total": 1
              }
            },
            {
              "batter": "SW Billings",
              "bowler": "MTC Waller",
              "non_striker": "DJ Bell-Drummond",
              "runs": {
                "batter": 1,
                "extras": 0,
                "total": 1
              }
            },
            {
              "batter": "DJ Bell-Drummond",
              "bowler": "MTC Waller",
              "non_striker": "SW Billings",
              "runs": {
                "batter": 1,
                "extras": 0,
                "total": 1
              }
            },
            {
              "batter": "SW Billings",
              "bowler": "MTC Waller",
              "non_striker": "DJ Bell-Drummond",
              "runs": {
                "batter": 2,
                "extras": 0,
                "total": 2
              }
            },
            {
              "batter": "SW Billings",
              "bowler": "MTC Waller",
              "non_striker": "DJ Bell-Drummond",
              "runs": {
                "batter": 1,
                "extras": 0,
                "total": 1
              }
            }
          ]
        },
        {
          "over": 12,
          "deliveries": [
            {
              "batter": "SW Billings",
              "bowler": "C Overton",
              "non_striker": "DJ Bell-Drummond",
              "runs": {
                "batter": 1,
                "extras": 0,
                "total": 1
              }
            },
            {
              "batter": "DJ Bell-Drummond",
              "bowler": "C Overton",
              "non_striker": "SW Billings",
              "runs": {
                "batter": 0,
                "extras": 0,
                "total": 0
              },
              "wickets": [
                {
                  "kind": "caught",
                  "player_out": "DJ Bell-Drummond",
                  "fielders": [
                    {
                      "name": "EJ Byrom"
                    }
                  ]
                }
              ]
            },
            {
              "batter": "SW Billings",
              "bowler": "C Overton",
              "non_striker": "Mohammad Nabi",
              "runs": {
                "batter": 0,
                "extras": 0,
                "total": 0
              }
            },
            {
              "batter": "SW Billings",
              "bowler": "C Overton",
              "non_striker": "Mohammad Nabi",
              "runs": {
                "batter": 0,
                "extras": 0,
                "total": 0
              }
            },
            {
              "batter": "SW Billings",
              "bowler": "C Overton",
              "non_striker": "Mohammad Nabi",
              "runs": {
                "batter": 0,
                "extras": 0,
                "total": 0
              },
              "wickets": [
                {
                  "kind": "caught",
                  "player_out": "SW Billings",
                  "fielders": [
                    {
                      "name": "TB Abell"
                    }
                  ]
                }
              ]
            },
            {
              "batter": "Mohammad Nabi",
              "bowler": "C Overton",
              "non_striker": "AJ Blake",
              "runs": {
                "batter": 0,
                "extras": 0,
                "total": 0
              },
              "wickets": [
                {
                  "kind": "caught",
                  "player_out": "Mohammad Nabi",
                  "fielders": [
                    {
                      "name": "JE Taylor"
                    }
                  ]
                }
              ]
            }
          ]
        },
        {
          "over": 13,
          "deliveries": [
            {
              "batter": "AJ Blake",
              "bowler": "TD Groenewald",
              "non_striker": "OG Robinson",
              "runs": {
                "batter": 1,
                "extras": 0,
                "total": 1
              }
            },
            {
              "batter": "OG Robinson",
              "bowler": "TD Groenewald",
              "non_striker": "AJ Blake",
              "runs": {
                "batter": 1,
                "extras": 0,
                "total": 1
              }
            },
            {
              "batter": "AJ Blake",
              "bowler": "TD Groenewald",
              "non_striker": "OG Robinson",
              "runs": {
                "batter": 1,
                "extras": 0,
                "total": 1
              }
            },
            {
              "batter": "OG Robinson",
              "bowler": "TD Groenewald",
              "non_striker": "AJ Blake",
              "runs": {
                "batter": 0,
                "extras": 0,
                "total": 0
              }
            },
            {
              "batter": "OG Robinson",
              "bowler": "TD Groenewald",
              "non_striker": "AJ Blake",
              "runs": {
                "batter": 1,
                "extras": 0,
                "total": 1
              }
            },
            {
              "batter": "AJ Blake",
              "bowler": "TD Groenewald",
              "non_striker": "OG Robinson",
              "runs": {
                "batter": 1,
                "extras": 0,
                "total": 1
              }
            }
          ]
        },
        {
          "over": 14,
          "deliveries": [
            {
              "batter": "AJ Blake",
              "bowler": "MTC Waller",
              "non_striker": "OG Robinson",
              "runs": {
                "batter": 0,
                "extras": 0,
                "total": 0
              }
            },
            {
              "batter": "AJ Blake",
              "bowler": "MTC Waller",
              "non_striker": "OG Robinson",
              "runs": {
                "batter": 6,
                "extras": 0,
                "total": 6
              }
            },
            {
              "batter": "AJ Blake",
              "bowler": "MTC Waller",
              "non_striker": "OG Robinson",
              "runs": {
                "batter": 0,
                "extras": 0,
                "total": 0
              },
              "wickets": [
                {
                  "kind": "caught",
                  "player_out": "AJ Blake",
                  "fielders": [
                    {
                      "name": "TA Lammonby"
                    }
                  ]
                }
              ]
            },
            {
              "batter": "OG Robinson",
              "bowler": "MTC Waller",
              "non_striker": "AF Milne",
              "runs": {
                "batter": 1,
                "extras": 0,
                "total": 1
              }
            },
            {
              "batter": "AF Milne",
              "bowler": "MTC Waller",
              "non_striker": "OG Robinson",
              "runs": {
                "batter": 1,
                "extras": 0,
                "total": 1
              }
            },
            {
              "batter": "OG Robinson",
              "bowler": "MTC Waller",
              "non_striker": "AF Milne",
              "runs": {
                "batter": 1,
                "extras": 0,
                "total": 1
              }
            }
          ]
        },
        {
          "over": 15,
          "deliveries": [
            {
              "batter": "OG Robinson",
              "bowler": "RE van der Merwe",
              "non_striker": "AF Milne",
              "runs": {
                "batter": 4,
                "extras": 0,
                "total": 4
              }
            },
            {
              "batter": "OG Robinson",
              "bowler": "RE van der Merwe",
              "non_striker": "AF Milne",
              "runs": {
                "batter": 1,
                "extras": 0,
                "total": 1
              }
            },
            {
              "batter": "AF Milne",
              "bowler": "RE van der Merwe",
              "non_striker": "OG Robinson",
              "runs": {
                "batter": 1,
                "extras": 0,
                "total": 1
              }
            },
            {
              "batter": "OG Robinson",
              "bowler": "RE van der Merwe",
              "non_striker": "AF Milne",
              "runs": {
                "batter": 6,
                "extras": 0,
                "total": 6
              }
            },
            {
              "batter": "OG Robinson",
              "bowler": "RE van der Merwe",
              "non_striker": "AF Milne",
              "runs": {
                "batter": 1,
                "extras": 0,
                "total": 1
              }
            },
            {
              "batter": "AF Milne",
              "bowler": "RE van der Merwe",
              "non_striker": "OG Robinson",
              "runs": {
                "batter": 0,
                "extras": 0,
                "total": 0
              }
            }
          ]
        },
        {
          "over": 16,
          "deliveries": [
            {
              "batter": "OG Robinson",
              "bowler": "JE Taylor",
              "non_striker": "AF Milne",
              "runs": {
                "batter": 0,
                "extras": 0,
                "total": 0
              }
            },
            {
              "batter": "OG Robinson",
              "bowler": "JE Taylor",
              "non_striker": "AF Milne",
              "runs": {
                "batter": 1,
                "extras": 0,
                "total": 1
              },
              "wickets": [
                {
                  "kind": "run out",
                  "player_out": "OG Robinson"
                }
              ]
            },
            {
              "batter": "GC Viljoen",
              "bowler": "JE Taylor",
              "non_striker": "AF Milne",
              "runs": {
                "batter": 1,
                "extras": 0,
                "total": 1
              }
            },
            {
              "batter": "AF Milne",
              "bowler": "JE Taylor",
              "non_striker": "GC Viljoen",
              "runs": {
                "batter": 1,
                "extras": 0,
                "total": 1
              }
            },
            {
              "batter": "GC Viljoen",
              "bowler": "JE Taylor",
              "non_striker": "AF Milne",
              "runs": {
                "batter": 1,
                "extras": 0,
                "total": 1
              }
            },
            {
              "batter": "AF Milne",
              "bowler": "JE Taylor",
              "non_striker": "GC Viljoen",
              "runs": {
                "batter": 4,
                "extras": 0,
                "total": 4
              }
            }
          ]
        },
        {
          "over": 17,
          "deliveries": [
            {
              "batter": "GC Viljoen",
              "bowler": "MTC Waller",
              "non_striker": "AF Milne",
              "runs": {
                "batter": 2,
                "extras": 0,
                "total": 2
              }
            },
            {
              "batter": "GC Viljoen",
              "bowler": "MTC Waller",
              "non_striker": "AF Milne",
              "runs": {
                "batter": 0,
                "extras": 0,
                "total": 0
              },
              "wickets": [
                {
                  "kind": "bowled",
                  "player_out": "GC Viljoen"
                }
              ]
            },
            {
              "batter": "FJ Klaassen",
              "bowler": "MTC Waller",
              "non_striker": "AF Milne",
              "runs": {
                "batter": 1,
                "extras": 0,
                "total": 1
              }
            },
            {
              "batter": "AF Milne",
              "bowler": "MTC Waller",
              "non_striker": "FJ Klaassen",
              "runs": {
                "batter": 1,
                "extras": 0,
                "total": 1
              },
              "wickets": [
                {
                  "kind": "run out",
                  "player_out": "FJ Klaassen"
                }
              ]
            },
            {
              "batter": "AF Milne",
              "bowler": "MTC Waller",
              "non_striker": "ME Claydon",
              "runs": {
                "batter": 1,
                "extras": 0,
                "total": 1
              }
            },
            {
              "batter": "ME Claydon",
              "bowler": "MTC Waller",
              "non_striker": "AF Milne",
              "runs": {
                "batter": 1,
                "extras": 0,
                "total": 1
              }
            }
          ]
        },
        {
          "over": 18,
          "deliveries": [
            {
              "batter": "ME Claydon",
              "bowler": "JE Taylor",
              "non_striker": "AF Milne",
              "runs": {
                "batter": 3,
                "extras": 0,
                "total": 3
              }
            },
            {
              "batter": "AF Milne",
              "bowler": "JE Taylor",
              "non_striker": "ME Claydon",
              "runs": {
                "batter": 6,
                "extras": 0,
                "total": 6
              }
            },
            {
              "batter": "AF Milne",
              "bowler": "JE Taylor",
              "non_striker": "ME Claydon",
              "runs": {
                "batter": 0,
                "extras": 0,
                "total": 0
              }
            },
            {
              "batter": "AF Milne",
              "bowler": "JE Taylor",
              "non_striker": "ME Claydon",
              "runs": {
                "batter": 0,
                "extras": 0,
                "total": 0
              },
              "wickets": [
                {
                  "kind": "caught",
                  "player_out": "AF Milne",
                  "fielders": [
                    {
                      "name": "RE van der Merwe"
                    }
                  ]
                }
              ]
            }
          ]
        }
      ],
      "powerplays": [
        {
          "from": 0.1,
          "to": 5.6,
          "type": "mandatory"
        }
      ],
      "target": {
        "overs": 20,
        "runs": 207
      }
    }
  ]
}