{
  "meta": {
    "data_version": "1.0.0",
    "created": "2019-12-28",
    "revision": 1
  },
  "info": {
    "balls_per_over": 6,
    "city": "Manchester",
    "dates": [
      "2019-08-30"
    ],
    "event": {
      "name": "Vitality Blast",
      "group": "North"
    },
    "gender": "male",
    "match_type": "T20",
    "officials": {
      "umpires": [
        "RJ Warren",
        "ID Blackwell"
      ]
    },
    "outcome": {
      "winner": "Lancashire",
      "by": {
        "wickets": 5
      }
    },
    "overs": 20,
    "player_of_match": [
      "GJ Maxwell"
    ],
    "players": {
      "Leicestershire": [
        "MJ Cosgrove",
        "HJ Swindells",
        "AM Lilley",
        "CN Ackermann",
        "HE Dearden",
        "LJ Hill",
        "CF Parkinson",
        "BWM Mike",
        "D Klein",
        "GT Griffiths",
        "WS Davis"
      ],
      "Lancashire": [
        "AL Davies",
        "LS Livingstone",
        "SJ Croft",
        "GJ Maxwell",
        "DJ Vilas",
        "JP Faulkner",
        "KK Jennings",
        "JJ Bohannon",
        "S Mahmood",
        "RJ Gleeson",
        "MW Parkinson"
      ]
    },
    "registry": {
      "people": {
        "AL Davies": "29ede60b",
        "AM Lilley": "88a004e9",
        "BWM Mike": "ed12fcd7",
        "CF Parkinson": "aa1210d8",
        "CN Ackermann": "e734d090",
        "D Klein": "aeab0d4f",
        "DJ Vilas": "087210b1",
        "GJ Maxwell": "b681e71e",
        "GT Griffiths": "79c7041c",
        "HE Dearden": "c41ba637",
        "HJ Swindells": "95fd757d",
        "ID Blackwell": "818e8bf2",
        "JJ Bohannon": "fd96de7c",
        "JP Faulkner": "808f425a",
        "KK Jennings": "8479a24a",
        "LJ Hill": "35f9a295",
        "LS Livingstone": "50c6bc2b",
        "MJ Cosgrove": "be768595",
        "MW Parkinson": "19708692",
        "RJ Gleeson": "402f8494",
        "RJ Warren": "9d1c62d7",
        "S Mahmood": "0f6db197",
        "SJ Croft": "ab474682",
        "WS Davis": "078ffbf2"
      }
    },
    "season": "2019",
    "team_type": "club",
    "teams": [
      "Lancashire",
      "Leicestershire"
    ],
    "toss": {
      "decision": "bat",
      "winner": "Leicestershire"
    },
    "venue": "Old Trafford"
  },
  "innings": [
    {
      "team": "Leicestershire",
      "overs": [
        {
          "over": 0,
          "deliveries": [
            {
              "batter": "MJ Cosgrove",
              "bowler": "S Mahmood",
              "non_striker": "HJ Swindells",
              "runs": {
                "batter": 4,
                "extras": 0,
                "total": 4
              }
            },
            {
              "batter": "MJ Cosgrove",
              "bowler": "S Mahmood",
              "non_striker": "HJ Swindells",
              "runs": {
                "batter": 1,
                "extras": 0,
                "total": 1
              }
            },
            {
              "batter": "HJ Swindells",
              "bowler": "S Mahmood",
              "non_striker": "MJ Cosgrove",
              "runs": {
                "batter": 0,
                "extras": 0,
                "total": 0
              }
            },
            {
              "batter": "HJ Swindells",
              "bowler": "S Mahmood",
              "non_striker": "MJ Cosgrove",
              "runs": {
                "batter": 1,
                "extras": 0,
                "total": 1
              }
            },
            {
              "batter": "MJ Cosgrove",
              "bowler": "S Mahmood",
              "non_striker": "HJ Swindells",
              "runs": {
                "batter": 4,
                "extras": 0,
                "total": 4
              }
            },
            {
              "batter": "MJ Cosgrove",
              "bowler": "S Mahmood",
              "non_striker": "HJ Swindells",
              "runs": {
                "batter": 1,
                "extras": 0,
                "total": 1
              }
            }
          ]
        },
        {
          "over": 1,
          "deliveries": [
            {
              "batter": "MJ Cosgrove",
              "bowler": "RJ Gleeson",
              "non_striker": "HJ Swindells",
              "runs": {
                "batter": 0,
                "extras": 0,
                "total": 0
              }
            },
            {
              "batter": "MJ Cosgrove",
              "bowler": "RJ Gleeson",
              "non_striker": "HJ Swindells",
              "runs": {
                "batter": 4,
                "extras": 0,
                "total": 4
              }
            },
            {
              "batter": "MJ Cosgrove",
              "bowler": "RJ Gleeson",
              "non_striker": "HJ Swindells",
              "runs": {
                "batter": 1,
                "extras": 0,
                "total": 1
              }
            },
            {
              "batter": "HJ Swindells",
              "bowler": "RJ Gleeson",
              "non_striker": "MJ Cosgrove",
              "runs": {
                "batter": 0,
                "extras": 0,
                "total": 0
              }
            },
            {
              "batter": "HJ Swindells",
              "bowler": "RJ Gleeson",
              "non_striker": "MJ Cosgrove",
              "runs": {
                "batter": 1,
                "extras": 0,
                "total": 1
              }
            },
            {
              "batter": "MJ Cosgrove",
              "bowler": "RJ Gleeson",
              "non_striker": "HJ Swindells",
              "runs": {
                "batter": 1,
                "extras": 0,
                "total": 1
              }
            }
          ]
        },
        {
          "over": 2,
          "deliveries": [
            {
              "batter": "MJ Cosgrove",
              "bowler": "JP Faulkner",
              "non_striker": "HJ Swindells",
              "runs": {
                "batter": 0,
                "extras": 0,
                "total": 0
              }
            },
            {
              "batter": "MJ Cosgrove",
              "bowler": "JP Faulkner",
              "non_striker": "HJ Swindells",
              "runs": {
                "batter": 6,
                "extras": 0,
                "total": 6
              }
            },
            {
              "batter": "MJ Cosgrove",
              "bowler": "JP Faulkner",
              "non_striker": "HJ Swindells",
              "runs": {
                "batter": 1,
                "extras": 0,
                "total": 1
              }
            },
            {
              "batter": "HJ Swindells",
              "bowler": "JP Faulkner",
              "non_striker": "MJ Cosgrove",
              "runs": {
                "batter": 0,
                "extras": 0,
                "total": 0
              }
            },
            {
              "batter": "HJ Swindells",
              "bowler": "JP Faulkner",
              "non_striker": "MJ Cosgrove",
              "runs": {
                "batter": 1,
                "extras": 0,
                "total": 1
              }
            },
            {
              "batter": "MJ Cosgrove",
              "bowler": "JP Faulkner",
              "non_striker": "HJ Swindells",
              "runs": {
                "batter": 1,
                "extras": 0,
                "total": 1
              }
            }
          ]
        },
        {
          "over": 3,
          "deliveries": [
            {
              "batter": "MJ Cosgrove",
              "bowler": "S Mahmood",
              "non_striker": "HJ Swindells",
              "runs": {
                "batter": 4,
                "extras": 0,
                "total": 4
              }
            },
            {
              "batter": "MJ Cosgrove",
              "bowler": "S Mahmood",
              "non_striker": "HJ Swindells",
              "runs": {
                "batter": 0,
                "extras": 0,
                "total": 0
              }
            },
            {
              "batter": "MJ Cosgrove",
              "bowler": "S Mahmood",
              "non_striker": "HJ Swindells",
              "runs": {
                "batter": 4,
                "extras": 0,
                "total": 4
              }
            },
            {
              "batter": "MJ Cosgrove",
              "bowler": "S Mahmood",
              "extras": {
                "legbyes": 1
              },
              "non_striker": "HJ Swindells",
              "runs": {
                "batter": 0,
                "extras": 1,
                "total": 1
              }
            },
            {
              "batter": "HJ Swindells",
              "bowler": "S Mahmood",
              "non_striker": "MJ Cosgrove",
              "runs": {
                "batter": 0,
                "extras": 0,
                "total": 0
              }
            },
            {
              "batter": "HJ Swindells",
              "bowler": "S Mahmood",
              "non_striker": "MJ Cosgrove",
              "runs": {
                "batter": 0,
                "extras": 0,
                "total": 0
              }
            }
          ]
        },
        {
          "over": 4,
          "deliveries": [
            {
              "batter": "MJ Cosgrove",
              "bowler": "SJ Croft",
              "non_striker": "HJ Swindells",
              "runs": {
                "batter": 6,
                "extras": 0,
                "total": 6
              }
            },
            {
              "batter": "MJ Cosgrove",
              "bowler": "SJ Croft",
              "non_striker": "HJ Swindells",
              "runs": {
                "batter": 1,
                "extras": 0,
                "total": 1
              }
            },
            {
              "batter": "HJ Swindells",
              "bowler": "SJ Croft",
              "non_striker": "MJ Cosgrove",
              "runs": {
                "batter": 0,
                "extras": 0,
                "total": 0
              }
            },
            {
              "batter": "HJ Swindells",
              "bowler": "SJ Croft",
              "non_striker": "MJ Cosgrove",
              "runs": {
                "batter": 1,
                "extras": 0,
                "total": 1
              }
            },
            {
              "batter": "MJ Cosgrove",
              "bowler": "SJ Croft",
              "non_striker": "HJ Swindells",
              "runs": {
                "batter": 0,
                "extras": 0,
                "total": 0
              },
              "wickets": [
                {
                  "kind": "bowled",
                  "player_out": "MJ Cosgrove"
                }
              ]
            },
            {
              "batter": "AM Lilley",
              "bowler": "SJ Croft",
              "non_striker": "HJ Swindells",
              "runs": {
                "batter": 0,
                "extras": 0,
                "total": 0
              },
              "wickets": [
                {
                  "kind": "run out",
                  "player_out": "HJ Swindells"
                }
              ]
            }
          ]
        },
        {
          "over": 5,
          "deliveries": [
            {
              "batter": "AM Lilley",
              "bowler": "RJ Gleeson",
              "non_striker": "CN Ackermann",
              "runs": {
                "batter": 1,
                "extras": 0,
                "total": 1
              }
            },
            {
              "batter": "CN Ackermann",
              "bowler": "RJ Gleeson",
              "non_striker": "AM Lilley",
              "runs": {
                "batter": 2,
                "extras": 0,
                "total": 2
              }
            },
            {
              "batter": "CN Ackermann",
              "bowler": "RJ Gleeson",
              "non_striker": "AM Lilley",
              "runs": {
                "batter": 1,
                "extras": 0,
                "total": 1
              }
            },
            {
              "batter": "AM Lilley",
              "bowler": "RJ Gleeson",
              "non_striker": "CN Ackermann",
              "runs": {
                "batter": 3,
                "extras": 0,
                "total": 3
              }
            },
            {
              "batter": "CN Ackermann",
              "bowler": "RJ Gleeson",
              "non_striker": "AM Lilley",
              "runs": {
                "batter": 0,
                "extras": 0,
                "total": 0
              }
            },
            {
              "batter": "CN Ackermann",
              "bowler": "RJ Gleeson",
              "non_striker": "AM Lilley",
              "runs": {
                "batter": 1,
                "extras": 0,
                "total": 1
              }
            }
          ]
        },
        {
          "over": 6,
          "deliveries": [
            {
              "batter": "CN Ackermann",
              "bowler": "LS Livingstone",
              "non_striker": "AM Lilley",
              "runs": {
                "batter": 1,
                "extras": 0,
                "total": 1
              }
            },
            {
              "batter": "AM Lilley",
              "bowler": "LS Livingstone",
              "non_striker": "CN Ackermann",
              "runs": {
                "batter": 1,
                "extras": 0,
                "total": 1
              }
            },
            {
              "batter": "CN Ackermann",
              "bowler": "LS Livingstone",
              "non_striker": "AM Lilley",
              "runs": {
                "batter": 1,
                "extras": 0,
                "total": 1
              }
            },
            {
              "batter": "AM Lilley",
              "bowler": "LS Livingstone",
              "non_striker": "CN Ackermann",
              "runs": {
                "batter": 1,
                "extras": 0,
                "total": 1
              }
            },
            {
              "batter": "CN Ackermann",
              "bowler": "LS Livingstone",
              "non_striker": "AM Lilley",
              "runs": {
                "batter": 4,
                "extras": 0,
                "total": 4
              }
            },
            {
              "batter": "CN Ackermann",
              "bowler": "LS Livingstone",
              "non_striker": "AM Lilley",
              "runs": {
                "batter": 0,
                "extras": 0,
                "total": 0
              }
            }
          ]
        },
        {
          "over": 7,
          "deliveries": [
            {
              "batter": "AM Lilley",
              "bowler": "GJ Maxwell",
              "non_striker": "CN Ackermann",
              "runs": {
                "batter": 1,
                "extras": 0,
                "total": 1
              }
            },
            {
              "batter": "CN Ackermann",
              "bowler": "GJ Maxwell",
              "extras": {
                "byes": 1
              },
              "non_striker": "AM Lilley",
              "runs": {
                "batter": 0,
                "extras": 1,
                "total": 1
              }
            },
            {
              "batter": "AM Lilley",
              "bowler": "GJ Maxwell",
              "non_striker": "CN Ackermann",
              "runs": {
                "batter": 1,
                "extras": 0,
                "total": 1
              }
            },
            {
              "batter": "CN Ackermann",
              "bowler": "GJ Maxwell",
              "non_striker": "AM Lilley",
              "runs": {
                "batter": 1,
                "extras": 0,
                "total": 1
              }
            },
            {
              "batter": "AM Lilley",
              "bowler": "GJ Maxwell",
              "non_striker": "CN Ackermann",
              "runs": {
                "batter": 1,
                "extras": 0,
                "total": 1
              }
            },
            {
              "batter": "CN Ackermann",
              "bowler": "GJ Maxwell",
              "non_striker": "AM Lilley",
              "runs": {
                "batter": 1,
                "extras": 0,
                "total": 1
              }
            }
          ]
        },
        {
          "over": 8,
          "deliveries": [
            {
              "batter": "CN Ackermann",
              "bowler": "LS Livingstone",
              "non_striker": "AM Lilley",
              "runs": {
                "batter": 0,
                "extras": 0,
                "total": 0
              }
            },
            {
              "batter": "CN Ackermann",
              "bowler": "LS Livingstone",
              "non_striker": "AM Lilley",
              "runs": {
                "batter": 2,
                "extras": 0,
                "total": 2
              }
            },
            {
              "batter": "CN Ackermann",
              "bowler": "LS Livingstone",
              "non_striker": "AM Lilley",
              "runs": {
                "batter": 4,
                "extras": 0,
                "total": 4
              }
            },
            {
              "batter": "CN Ackermann",
              "bowler": "LS Livingstone",
              "non_striker": "AM Lilley",
              "runs": {
                "batter": 1,
                "extras": 0,
                "total": 1
              }
            },
            {
              "batter": "AM Lilley",
              "bowler": "LS Livingstone",
              "non_striker": "CN Ackermann",
              "runs": {
                "batter": 1,
                "extras": 0,
                "total": 1
              }
            },
            {
              "batter": "CN Ackermann",
              "bowler": "LS Livingstone",
              "non_striker": "AM Lilley",
              "runs": {
                "batter": 1,
                "extras": 0,
                "total": 1
              }
            }
          ]
        },
        {
          "over": 9,
          "deliveries": [
            {
              "batter": "CN Ackermann",
              "bowler": "MW Parkinson",
              "non_striker": "AM Lilley",
              "runs": {
                "batter": 1,
                "extras": 0,
                "total": 1
              }
            },
            {
              "batter": "AM Lilley",
              "bowler": "MW Parkinson",
              "non_striker": "CN Ackermann",
              "runs": {
                "batter": 1,
                "extras": 0,
                "total": 1
              }
            },
            {
              "batter": "CN Ackermann",
              "bowler": "MW Parkinson",
              "non_striker": "AM Lilley",
              "runs": {
                "batter": 0,
                "extras": 0,
                "total": 0
              }
            },
            {
              "batter": "CN Ackermann",
              "bowler": "MW Parkinson",
              "non_striker": "AM Lilley",
              "runs": {
                "batter": 0,
                "extras": 0,
                "total": 0
              },
              "wickets": [
                {
                  "kind": "caught",
                  "player_out": "CN Ackermann",
                  "fielders": [
                    {
                      "name": "JP Faulkner"
                    }
                  ]
                }
              ]
            },
            {
              "batter": "HE Dearden",
              "bowler": "MW Parkinson",
              "non_striker": "AM Lilley",
              "runs": {
                "batter": 1,
                "extras": 0,
                "total": 1
              }
            },
            {
              "batter": "AM Lilley",
              "bowler": "MW Parkinson",
              "non_striker": "HE Dearden",
              "runs": {
                "batter": 1,
                "extras": 0,
                "total": 1
              }
            }
          ]
        },
        {
          "over": 10,
          "deliveries": [
            {
              "batter": "AM Lilley",
              "bowler": "RJ Gleeson",
              "non_striker": "HE Dearden",
              "runs": {
                "batter": 1,
                "extras": 0,
                "total": 1
              }
            },
            {
              "batter": "HE Dearden",
              "bowler": "RJ Gleeson",
              "non_striker": "AM Lilley",
              "runs": {
                "batter": 0,
                "extras": 0,
                "total": 0
              }
            },
            {
              "batter": "HE Dearden",
              "bowler": "RJ Gleeson",
              "non_striker": "AM Lilley",
              "runs": {
                "batter": 1,
                "extras": 0,
                "total": 1
              }
            },
            {
              "batter": "AM Lilley",
              "bowler": "RJ Gleeson",
              "non_striker": "HE Dearden",
              "runs": {
                "batter": 4,
                "extras": 0,
                "total": 4
              }
            },
            {
              "batter": "AM Lilley",
              "bowler": "RJ Gleeson",
              "non_striker": "HE Dearden",
              "runs": {
                "batter": 1,
                "extras": 0,
                "total": 1
              }
            },
            {
              "batter": "HE Dearden",
              "bowler": "RJ Gleeson",
              "non_striker": "AM Lilley",
              "runs": {
                "batter": 1,
                "extras": 0,
                "total": 1
              }
            }
          ]
        },
        {
          "over": 11,
          "deliveries": [
            {
              "batter": "HE Dearden",
              "bowler": "MW Parkinson",
              "non_striker": "AM Lilley",
              "runs": {
                "batter": 1,
                "extras": 0,
                "total": 1
              }
            },
            {
              "batter": "AM Lilley",
              "bowler": "MW Parkinson",
              "non_striker": "HE Dearden",
              "runs": {
                "batter": 6,
                "extras": 0,
                "total": 6
              }
            },
            {
              "batter": "AM Lilley",
              "bowler": "MW Parkinson",
              "non_striker": "HE Dearden",
              "runs": {
                "batter": 0,
                "extras": 0,
                "total": 0
              }
            },
            {
              "batter": "AM Lilley",
              "bowler": "MW Parkinson",
              "non_striker": "HE Dearden",
              "runs": {
                "batter": 1,
                "extras": 0,
                "total": 1
              }
            },
            {
              "batter": "HE Dearden",
              "bowler": "MW Parkinson",
              "non_striker": "AM Lilley",
              "runs": {
                "batter": 0,
                "extras": 0,
                "total": 0
              }
            },
            {
              "batter": "HE Dearden",
              "bowler": "MW Parkinson",
              "non_striker": "AM Lilley",
              "runs": {
                "batter": 1,
                "extras": 0,
                "total": 1
              }
            }
          ]
        },
        {
          "over": 12,
          "deliveries": [
            {
              "batter": "HE Dearden",
              "bowler": "JP Faulkner",
              "non_striker": "AM Lilley",
              "runs": {
                "batter": 1,
                "extras": 0,
                "total": 1
              }
            },
            {
              "batter": "AM Lilley",
              "bowler": "JP Faulkner",
              "non_striker": "HE Dearden",
              "runs": {
                "batter": 1,
                "extras": 0,
                "total": 1
              }
            },
            {
              "batter": "HE Dearden",
              "bowler": "JP Faulkner",
              "extras": {
                "legbyes": 1
              },
              "non_striker": "AM Lilley",
              "runs": {
                "batter": 0,
                "extras": 1,
                "total": 1
              }
            },
            {
              "batter": "AM Lilley",
              "bowler": "JP Faulkner",
              "non_striker": "HE Dearden",
              "runs": {
                "batter": 2,
                "extras": 0,
                "total": 2
              }
            },
            {
              "batter": "AM Lilley",
              "bowler": "JP Faulkner",
              "non_striker": "HE Dearden",
              "runs": {
                "batter": 0,
                "extras": 0,
                "total": 0
              },
              "wickets": [
                {
                  "kind": "caught",
                  "player_out": "AM Lilley",
                  "fielders": [
                    {
                      "name": "GJ Maxwell"
                    }
                  ]
                }
              ]
            },
            {
              "batter": "LJ Hill",
              "bowler": "JP Faulkner",
              "non_striker": "HE Dearden",
              "runs": {
                "batter": 1,
                "extras": 0,
                "total": 1
              }
            }
          ]
        },
        {
          "over": 13,
          "deliveries": [
            {
              "batter": "LJ Hill",
              "bowler": "GJ Maxwell",
              "non_striker": "HE Dearden",
              "runs": {
                "batter": 1,
                "extras": 0,
                "total": 1
              }
            },
            {
              "batter": "HE Dearden",
              "bowler": "GJ Maxwell",
              "non_striker": "LJ Hill",
              "runs": {
                "batter": 1,
                "extras": 0,
                "total": 1
              }
            },
            {
              "batter": "LJ Hill",
              "bowler": "GJ Maxwell",
              "non_striker": "HE Dearden",
              "runs": {
                "batter": 0,
                "extras": 0,
                "total": 0
              }
            },
            {
              "batter": "LJ Hill",
              "bowler": "GJ Maxwell",
              "non_striker": "HE Dearden",
              "runs": {
                "batter": 1,
                "extras": 0,
                "total": 1
              }
            },
            {
              "batter": "HE Dearden",
              "bowler": "GJ Maxwell",
              "non_striker": "LJ Hill",
              "runs": {
                "batter": 1,
                "extras": 0,
                "total": 1
              }
            },
            {
              "batter": "LJ Hill",
              "bowler": "GJ Maxwell",
              "non_striker": "HE Dearden",
              "runs": {
                "batter": 0,
                "extras": 0,
                "total": 0
              },
              "wickets": [
                {
                  "kind": "caught",
                  "player_out": "LJ Hill",
                  "fielders": [
                    {
                      "name": "DJ Vilas"
                    }
                  ]
                }
              ]
            }
          ]
        },
        {
          "over": 14,
          "deliveries": [
            {
              "batter": "HE Dearden",
              "bowler": "LS Livingstone",
              "non_striker": "CF Parkinson",
              "runs": {
                "batter": 0,
                "extras": 0,
                "total": 0
              }
            },
            {
              "batter": "HE Dearden",
              "bowler": "LS Livingstone",
              "non_striker": "CF Parkinson",
              "runs": {
                "batter": 1,
                "extras": 0,
                "total": 1
              }
            },
            {
              "batter": "CF Parkinson",
              "bowler": "LS Livingstone",
              "non_striker": "HE Dearden",
              "runs": {
                "batter": 0,
                "extras": 0,
                "total": 0
              }
            },
            {
              "batter": "CF Parkinson",
              "bowler": "LS Livingstone",
              "non_striker": "HE Dearden",
              "runs": {
                "batter": 1,
                "extras": 0,
                "total": 1
              }
            },
            {
              "batter": "HE Dearden",
              "bowler": "LS Livingstone",
              "non_striker": "CF Parkinson",
              "runs": {
                "batter": 0,
                "extras": 0,
                "total": 0
              }
            },
            {
              "batter": "HE Dearden",
              "bowler": "LS Livingstone",
              "non_striker": "CF Parkinson",
              "runs": {
                "batter": 1,
                "extras": 0,
                "total": 1
              }
            }
          ]
        },
        {
          "over": 15,
          "deliveries": [
            {
              "batter": "HE Dearden",
              "bowler": "GJ Maxwell",
              "non_striker": "CF Parkinson",
              "runs": {
                "batter": 0,
                "extras": 0,
                "total": 0
              }
            },
            {
              "batter": "HE Dearden",
              "bowler": "GJ Maxwell",
              "non_striker": "CF Parkinson",
              "runs": {
                "batter": 1,
                "extras": 0,
                "total": 1
              }
            },
            {
              "batter": "CF Parkinson",
              "bowler": "GJ Maxwell",
              "non_striker": "HE Dearden",
              "runs": {
                "batter": 1,
                "extras": 0,
                "total": 1
              }
            },
            {
              "batter": "HE Dearden",
              "bowler": "GJ Maxwell",
              "non_striker": "CF Parkinson",
              "runs": {
                "batter": 1,
                "extras": 0,
                "total": 1
              }
            },
            {
              "batter": "CF Parkinson",
              "bowler": "GJ Maxwell",
              "non_striker": "HE Dearden",
              "runs": {
                "batter": 1,
                "extras": 0,
                "total": 1
              }
            },
            {
              "batter": "HE Dearden",
              "bowler": "GJ Maxwell",
              "non_striker": "CF Parkinson",
              "runs": {
                "batter": 1,
                "extras": 0,
                "total": 1
              }
            }
          ]
        },
        {
          "over": 16,
          "deliveries": [
            {
              "batter": "HE Dearden",
              "bowler": "MW Parkinson",
              "non_striker": "CF Parkinson",
              "runs": {
                "batter": 1,
                "extras": 0,
                "total": 1
              }
            },
            {
              "batter": "CF Parkinson",
              "bowler": "MW Parkinson",
              "non_striker": "HE Dearden",
              "runs": {
                "batter": 1,
                "extras": 0,
                "total": 1
              }
            },
            {
              "batter": "HE Dearden",
              "bowler": "MW Parkinson",
              "non_striker": "CF Parkinson",
              "runs": {
                "batter": 4,
                "extras": 0,
                "total": 4
              }
            },
            {
              "batter": "HE Dearden",
              "bowler": "MW Parkinson",
              "non_striker": "CF Parkinson",
              "runs": {
                "batter": 1,
                "extras": 0,
                "total": 1
              }
            },
            {
              "batter": "CF Parkinson",
              "bowler": "MW Parkinson",
              "non_striker": "HE Dearden",
              "runs": {
                "batter": 1,
                "extras": 0,
                "total": 1
              }
            },
            {
              "batter": "HE Dearden",
              "bowler": "MW Parkinson",
              "non_striker": "CF Parkinson",
              "runs": {
                "batter": 1,
                "extras": 0,
                "total": 1
              }
            }
          ]
        },
        {
          "over": 17,
          "deliveries": [
            {
              "batter": "HE Dearden",
              "bowler": "GJ Maxwell",
              "non_striker": "CF Parkinson",
              "runs": {
                "batter": 1,
                "extras": 0,
                "total": 1
              }
            },
            {
              "batter": "CF Parkinson",
              "bowler": "GJ Maxwell",
              "non_striker": "HE Dearden",
              "runs": {
                "batter": 2,
                "extras": 0,
                "total": 2
              }
            },
            {
              "batter": "CF Parkinson",
              "bowler": "GJ Maxwell",
              "non_striker": "HE Dearden",
              "runs": {
                "batter": 1,
                "extras": 0,
                "total": 1
              }
            },
            {
              "batter": "HE Dearden",
              "bowler": "GJ Maxwell",
              "non_striker": "CF Parkinson",
              "runs": {
                "batter": 2,
                "extras": 0,
                "total": 2
              }
            },
            {
              "batter": "HE Dearden",
              "bowler": "GJ Maxwell",
              "non_striker": "CF Parkinson",
              "runs": {
                "batter": 1,
                "extras": 0,
                "total": 1
              }
            },
            {
              "batter": "CF Parkinson",
              "bowler": "GJ Maxwell",
              "non_striker": "HE Dearden",
              "runs": {
                "batter": 1,
                "extras": 0,
                "total": 1
              }
            }
          ]
        },
        {
          "over": 18,
          "deliveries": [
            {
              "batter": "CF Parkinson",
              "bowler": "MW Parkinson",
              "non_striker": "HE Dearden",
              "runs": {
                "batter": 0,
                "extras": 0,
                "total": 0
              }
            },
            {
              "batter": "CF Parkinson",
              "bowler": "MW Parkinson",
              "non_striker": "HE Dearden",
              "runs": {
                "batter": 1,
                "extras": 0,
                "total": 1
              }
            },
            {
              "batter": "HE Dearden",
              "bowler": "MW Parkinson",
              "non_striker": "CF Parkinson",
              "runs": {
                "batter": 0,
                "extras": 0,
                "total": 0
              },
              "wickets": [
                {
                  "kind": "bowled",
                  "player_out": "HE Dearden"
                }
              ]
            },
            {
              "batter": "BWM Mike",
              "bowler": "MW Parkinson",
              "non_striker": "CF Parkinson",
              "runs": {
                "batter": 1,
                "extras": 0,
                "total": 1
              }
            },
            {
              "batter": "CF Parkinson",
              "bowler": "MW Parkinson",
              "non_striker": "BWM Mike",
              "runs": {
                "batter": 1,
                "extras": 0,
                "total": 1
              },
              "wickets": [
                {
                  "kind": "run out",
                  "player_out": "BWM Mike"
                }
              ]
            },
            {
              "batter": "D Klein",
              "bowler": "MW Parkinson",
              "non_striker": "CF Parkinson",
              "runs": {
                "batter": 1,
                "extras": 0,
                "total": 1
              }
            }
          ]
        },
        {
          "over": 19,
          "deliveries": [
            {
              "batter": "D Klein",
              "bowler": "JP Faulkner",
              "non_striker": "CF Parkinson",
              "runs": {
                "batter": 1,
                "extras": 0,
                "total": 1
              }
            },
            {
              "batter": "CF Parkinson",
              "bowler": "JP Faulkner",
              "non_striker": "D Klein",
              "runs": {
                "batter": 1,
                "extras": 0,
                "total": 1
              }
            },
            {
              "batter": "D Klein",
              "bowler": "JP Faulkner",
              "non_striker": "CF Parkinson",
              "runs": {
                "batter": 0,
                "extras": 0,
                "total": 0
              },
              "wickets": [
                {
                  "kind": "run out",
                  "player_out": "D Klein"
                }
              ]
            },
            {
              "batter": "CF Parkinson",
              "bowler": "JP Faulkner",
              "non_striker": "GT Griffiths",
              "runs": {
                "batter": 0,
                "extras": 0,
                "total": 0
              }
            },
            {
              "batter": "CF Parkinson",
              "bowler": "JP Faulkner",
              "non_striker": "GT Griffiths",
              "runs": {
                "batter": 4,
                "extras": 0,
                "total": 4
              }
            },
            {
              "batter": "CF Parkinson",
              "bowler": "JP Faulkner",
              "non_striker": "GT Griffiths",
              "runs": {
                "batter": 1,
                "extras": 0,
                "total": 1
              },
              "wickets": [
                {
                  "kind": "run out",
                  "player_out": "CF Parkinson"
                }
              ]
            }
          ]
        }
      ],
      "powerplays": [
        {
          "from": 0.1,
          "to": 5.6,
          "type": "mandatory"
        }
      ]
    },
    {
      "team": "Lancashire",
      "overs": [
        {
          "over": 0,
          "deliveries": [
            {
              "batter": "AL Davies",
              "bowler": "CF Parkinson",
              "non_striker": "LS Livingstone",
              "runs": {
                "batter": 0,
                "extras": 0,
                "total": 0
              }
            },
            {
              "batter": "AL Davies",
              "bowler": "CF Parkinson",
              "non_striker": "LS Livingstone",
              "runs": {
                "batter": 0,
                "extras": 0,
                "total": 0
              }
            },
            {
              "batter": "AL Davies",
              "bowler": "CF Parkinson",
              "non_striker": "LS Livingstone",
              "runs": {
                "batter": 1,
                "extras": 0,
                "total": 1
              }
            },
            {
              "batter": "LS Livingstone",
              "bowler": "CF Parkinson",
              "non_striker": "AL Davies",
              "runs": {
                "batter": 0,
                "extras": 0,
                "total": 0
              }
            },
            {
              "batter": "LS Livingstone",
              "bowler": "CF Parkinson",
              "non_striker": "AL Davies",
              "runs": {
                "batter": 0,
                "extras": 0,
                "total": 0
              }
            },
            {
              "batter": "LS Livingstone",
              "bowler": "CF Parkinson",
              "non_striker": "AL Davies",
              "runs": {
                "batter": 4,
                "extras": 0,
                "total": 4
              }
            }
          ]
        },
        {
          "over": 1,
          "deliveries": [
            {
              "batter": "AL Davies",
              "bowler": "D Klein",
              "non_striker": "LS Livingstone",
              "runs": {
                "batter": 0,
                "extras": 0,
                "total": 0
              }
            },
            {
              "batter": "AL Davies",
              "bowler": "D Klein",
              "non_striker": "LS Livingstone",
              "runs": {
                "batter": 6,
                "extras": 0,
                "total": 6
              }
            },
            {
              "batter": "AL Davies",
              "bowler": "D Klein",
              "non_striker": "LS Livingstone",
              "runs": {
                "batter": 0,
                "extras": 0,
                "total": 0
              }
            },
            {
              "batter": "AL Davies",
              "bowler": "D Klein",
              "non_striker": "LS Livingstone",
              "runs": {
                "batter": 0,
                "extras": 0,
                "total": 0
              }
            },
            {
              "batter": "AL Davies",
              "bowler": "D Klein",
              "non_striker": "LS Livingstone",
              "runs": {
                "batter": 4,
                "extras": 0,
                "total": 4
              }
            },
            {
              "batter": "AL Davies",
              "bowler": "D Klein",
              "non_striker": "LS Livingstone",
              "runs": {
                "batter": 4,
                "extras": 0,
                "total": 4
              }
            }
          ]
        },
        {
          "over": 2,
          "deliveries": [
            {
              "batter": "LS Livingstone",
              "bowler": "AM Lilley",
              "non_striker": "AL Davies",
              "runs": {
                "batter": 0,
                "extras": 0,
                "total": 0
              }
            },
            {
              "batter": "LS Livingstone",
              "bowler": "AM Lilley",
              "non_striker": "AL Davies",
              "runs": {
                "batter": 1,
                "extras": 0,
                "total": 1
              }
            },
            {
              "batter": "AL Davies",
              "bowler": "AM Lilley",
              "non_striker": "LS Livingstone",
              "runs": {
                "batter": 0,
                "extras": 0,
                "total": 0
              }
            },
            {
              "batter": "AL Davies",
              "bowler": "AM Lilley",
              "non_striker": "LS Livingstone",
              "runs": {
                "batter": 4,
                "extras": 0,
                "total": 4
              }
            },
            {
              "batter": "AL Davies",
              "bowler": "AM Lilley",
              "non_striker": "LS Livingstone",
              "runs": {
                "batter": 1,
                "extras": 0,
                "total": 1
              }
            },
            {
              "batter": "LS Livingstone",
              "bowler": "AM Lilley",
              "non_striker": "AL Davies",
              "runs": {
                "batter": 1,
                "extras": 0,
                "total": 1
              }
            }
          ]
        },
        {
          "over": 3,
          "deliveries": [
            {
              "batter": "LS Livingstone",
              "bowler": "GT Griffiths",
              "non_striker": "AL Davies",
              "runs": {
                "batter": 6,
                "extras": 0,
                "total": 6
              }
            },
            {
              "batter": "LS Livingstone",
              "bowler": "GT Griffiths",
              "non_striker": "AL Davies",
              "runs": {
                "batter": 6,
                "extras": 0,
                "total": 6
              }
            },
            {
              "batter": "LS Livingstone",
              "bowler": "GT Griffiths",
              "non_striker": "AL Davies",
              "runs": {
                "batter": 0,
                "extras": 0,
                "total": 0
              }
            },
            {
              "batter": "LS Livingstone",
              "bowler": "GT Griffiths",
              "non_striker": "AL Davies",
              "runs": {
                "batter": 0,
                "extras": 0,
                "total": 0
              }
            },
            {
              "batter": "LS Livingstone",
              "bowler": "GT Griffiths",
              "extras": {
                "legbyes": 4
              },
              "non_striker": "AL Davies",
              "runs": {
                "batter": 0,
                "extras": 4,
                "total": 4
              }
            },
            {
              "batter": "LS Livingstone",
              "bowler": "GT Griffiths",
              "non_striker": "AL Davies",
              "runs": {
                "batter": 1,
                "extras": 0,
                "total": 1
              }
            }
          ]
        },
        {
          "over": 4,
          "deliveries": [
            {
              "batter": "LS Livingstone",
              "bowler": "WS Davis",
              "non_striker": "AL Davies",
              "runs": {
                "batter": 2,
                "extras": 0,
                "total": 2
              }
            },
            {
              "batter": "LS Livingstone",
              "bowler": "WS Davis",
              "non_striker": "AL Davies",
              "runs": {
                "batter": 2,
                "extras": 0,
                "total": 2
              }
            },
            {
              "batter": "LS Livingstone",
              "bowler": "WS Davis",
              "non_striker": "AL Davies",
              "runs": {
                "batter": 0,
                "extras": 0,
                "total": 0
              }
            },
            {
              "batter": "LS Livingstone",
              "bowler": "WS Davis",
              "non_striker": "AL Davies",
              "runs": {
                "batter": 0,
                "extras": 0,
                "total": 0
              }
            },
            {
              "batter": "LS Livingstone",
              "bowler": "WS Davis",
              "extras": {
                "noballs": 2
              },
              "non_striker": "AL Davies",
              "runs": {
                "batter": 0,
                "extras": 2,
                "total": 2
              }
            },
            {
              "batter": "LS Livingstone",
              "bowler": "WS Davis",
              "non_striker": "AL Davies",
              "runs": {
                "batter": 4,
                "extras": 0,
                "total": 4
              }
            },
            {
              "batter": "LS Livingstone",
              "bowler": "WS Davis",
              "non_striker": "AL Davies",
              "runs": {
                "batter": 1,
                "extras": 0,
                "total": 1
              }
            }
          ]
        },
        {
          "over": 5,
          "deliveries": [
            {
              "batter": "LS Livingstone",
              "bowler": "BWM Mike",
              "non_striker": "AL Davies",
              "runs": {
                "batter": 0,
                "extras": 0,
                "total": 0
              },
              "wickets": [
                {
                  "kind": "caught",
                  "player_out": "LS Livingstone",
                  "fielders": [
                    {
                      "name": "AM Lilley"
                    }
                  ]
                }
              ]
            },
            {
              "batter": "AL Davies",
              "bowler": "BWM Mike",
              "non_striker": "SJ Croft",
              "runs": {
                "batter": 1,
                "extras": 0,
                "total": 1
              }
            },
            {
              "batter": "SJ Croft",
              "bowler": "BWM Mike",
              "non_striker": "AL Davies",
              "runs": {
                "batter": 1,
                "extras": 0,
                "total": 1
              }
            },
            {
              "batter": "AL Davies",
              "bowler": "BWM Mike",
              "non_striker": "SJ Croft",
              "runs": {
                "batter": 1,
                "extras": 0,
                "total": 1
              }
            },
            {
              "batter": "SJ Croft",
              "bowler": "BWM Mike",
              "non_striker": "AL Davies",
              "runs": {
                "batter": 0,
                "extras": 0,
                "total": 0
              }
            },
            {
              "batter": "SJ Croft",
              "bowler": "BWM Mike",
              "non_striker": "AL Davies",
              "runs": {
                "batter": 4,
                "extras": 0,
                "total": 4
              }
            }
          ]
        },
        {
          "over": 6,
          "deliveries": [
            {
              "batter": "AL Davies",
              "bowler": "CF Parkinson",
              "non_striker": "SJ Croft",
              "runs": {
                "batter": 1,
                "extras": 0,
                "total": 1
              }
            },
            {
              "batter": "SJ Croft",
              "bowler": "CF Parkinson",
              "non_striker": "AL Davies",
              "runs": {
                "batter": 0,
                "extras": 0,
                "total": 0
              },
              "wickets": [
                {
                  "kind": "caught",
                  "player_out": "SJ Croft",
                  "fielders": [
                    {
                      "name": "CN Ackermann"
                    }
                  ]
                }
              ]
            },
            {
              "batter": "GJ Maxwell",
              "bowler": "CF Parkinson",
              "non_striker": "AL Davies",
              "runs": {
                "batter": 1,
                "extras": 0,
                "total": 1
              }
            },
            {
              "batter": "AL Davies",
              "bowler": "CF Parkinson",
              "non_striker": "GJ Maxwell",
              "runs": {
                "batter": 0,
                "extras": 0,
                "total": 0
              }
            },
            {
              "batter": "AL Davies",
              "bowler": "CF Parkinson",
              "non_striker": "GJ Maxwell",
              "runs": {
                "batter": 1,
                "extras": 0,
                "total": 1
              }
            },
            {
              "batter": "GJ Maxwell",
              "bowler": "CF Parkinson",
              "non_striker": "AL Davies",
              "runs": {
                "batter": 0,
                "extras": 0,
                "total": 0
              }
            }
          ]
        },
        {
          "over": 7,
          "deliveries": [
            {
              "batter": "AL Davies",
              "bowler": "D Klein",
              "non_striker": "GJ Maxwell",
              "runs": {
                "batter": 0,
                "extras": 0,
                "total": 0
              }
            },
            {
              "batter": "AL Davies",
              "bowler": "D Klein",
              "non_striker": "GJ Maxwell",
              "runs": {
                "batter": 0,
                "extras": 0,
                "total": 0
              }
            },
            {
              "batter": "AL Davies",
              "bowler": "D Klein",
              "non_striker": "GJ Maxwell",
              "runs": {
                "batter": 4,
                "extras": 0,
                "total": 4
              }
            },
            {
              "batter": "AL Davies",
              "bowler": "D Klein",
              "non_striker": "GJ Maxwell",
              "runs": {
                "batter": 6,
                "extras": 0,
                "total": 6
              }
            },
            {
              "batter": "AL Davies",
              "bowler": "D Klein",
              "non_striker": "GJ Maxwell",
              "runs": {
                "batter": 1,
                "extras": 0,
                "total": 1
              }
            },
            {
              "batter": "GJ Maxwell",
              "bowler": "D Klein",
              "extras": {
                "wides": 1
              },
              "non_striker": "AL Davies",
              "runs": {
                "batter": 0,
                "extras": 1,
                "total": 1
              }
            },
            {
              "batter": "GJ Maxwell",
              "bowler": "D Klein",
              "non_striker": "AL Davies",
              "runs": {
                "batter": 1,
                "extras": 0,
                "total": 1
              }
            }
          ]
        },
        {
          "over": 8,
          "deliveries": [
            {
              "batter": "GJ Maxwell",
              "bowler": "AM Lilley",
              "non_striker": "AL Davies",
              "runs": {
                "batter": 1,
                "extras": 0,
                "total": 1
              }
            },
            {
              "batter": "AL Davies",
              "bowler": "AM Lilley",
              "non_striker": "GJ Maxwell",
              "runs": {
                "batter": 0,
                "extras": 0,
                "total": 0
              }
            },
            {
              "batter": "AL Davies",
              "bowler": "AM Lilley",
              "extras": {
                "wides": 4
              },
              "non_striker": "GJ Maxwell",
              "runs": {
                "batter": 0,
                "extras": 4,
                "total": 4
              }
            },
            {
              "batter": "GJ Maxwell",
              "bowler": "AM Lilley",
              "non_striker": "AL Davies",
              "runs": {
                "batter": 1,
                "extras": 0,
                "total": 1
              }
            },
            {
              "batter": "AL Davies",
              "bowler": "AM Lilley",
              "non_striker": "GJ Maxwell",
              "runs": {
                "batter": 0,
                "extras": 0,
                "total": 0
              }
            },
            {
              "batter": "AL Davies",
              "bowler": "AM Lilley",
              "non_striker": "GJ Maxwell",
              "runs": {
                "batter": 1,
                "extras": 0,
                "total": 1
              }
            },
            {
              "batter": "GJ Maxwell",
              "bowler": "AM Lilley",
              "non_striker": "AL Davies",
              "runs": {
                "batter": 0,
                "extras": 0,
                "total": 0
              }
            }
          ]
        },
        {
          "over": 9,
          "deliveries": [
            {
              "batter": "AL Davies",
              "bowler": "BWM Mike",
              "non_striker": "GJ Maxwell",
              "runs": {
                "batter": 1,
                "extras": 0,
                "total": 1
              }
            },
            {
              "batter": "GJ Maxwell",
              "bowler": "BWM Mike",
              "non_striker": "AL Davies",
              "runs": {
                "batter": 1,
                "extras": 0,
                "total": 1
              }
            },
            {
              "batter": "AL Davies",
              "bowler": "BWM Mike",
              "non_striker": "GJ Maxwell",
              "runs": {
                "batter": 0,
                "extras": 0,
                "total": 0
              }
            },
            {
              "batter": "AL Davies",
              "bowler": "BWM Mike",
              "non_striker": "GJ Maxwell",
              "runs": {
                "batter": 1,
                "extras": 0,
                "total": 1
              }
            },
            {
              "batter": "GJ Maxwell",
              "bowler": "BWM Mike",
              "non_striker": "AL Davies",
              "runs": {
                "batter": 1,
                "extras": 0,
                "total": 1
              }
            },
            {
              "batter": "AL Davies",
              "bowler": "BWM Mike",
              "non_striker": "GJ Maxwell",
              "runs": {
                "batter": 1,
                "extras": 0,
                "total": 1
              }
            }
          ]
        },
        {
          "over": 10,
          "deliveries": [
            {
              "batter": "AL Davies",
              "bowler": "CF Parkinson",
              "non_striker": "GJ Maxwell",
              "runs": {
                "batter": 0,
                "extras": 0,
                "total": 0
              },
              "wickets": [
                {
                  "kind": "bowled",
                  "player_out": "AL Davies"
                }
              ]
            },
            {
              "batter": "DJ Vilas",
              "bowler": "CF Parkinson",
              "non_striker": "GJ Maxwell",
              "runs": {
                "batter": 1,
                "extras": 0,
                "total": 1
              }
            },
            {
              "batter": "GJ Maxwell",
              "bowler": "CF Parkinson",
              "non_striker": "DJ Vilas",
              "runs": {
                "batter": 0,
                "extras": 0,
                "total": 0
              }
            },
            {
              "batter": "GJ Maxwell",
              "bowler": "CF Parkinson",
              "non_striker": "DJ Vilas",
              "runs": {
                "batter": 1,
                "extras": 0,
                "total": 1
              }
            },
            {
              "batter": "DJ Vilas",
              "bowler": "CF Parkinson",
              "non_striker": "GJ Maxwell",
              "runs": {
                "batter": 4,
                "extras": 0,
                "total": 4
              }
            },
            {
              "batter": "DJ Vilas",
              "bowler": "CF Parkinson",
              "non_striker": "GJ Maxwell",
              "runs": {
                "batter": 0,
                "extras": 0,
                "total": 0
              }
            }
          ]
        },
        {
          "over": 11,
          "deliveries": [
            {
              "batter": "GJ Maxwell",
              "bowler": "WS Davis",
              "non_striker": "DJ Vilas",
              "runs": {
                "batter": 1,
                "extras": 0,
                "total": 1
              }
            },
            {
              "batter": "DJ Vilas",
              "bowler": "WS Davis",
              "non_striker": "GJ Maxwell",
              "runs": {
                "batter": 1,
                "extras": 0,
                "total": 1
              }
            },
            {
              "batter": "GJ Maxwell",
              "bowler": "WS Davis",
              "non_striker": "DJ Vilas",
              "runs": {
                "batter": 1,
                "extras": 0,
                "total": 1
              }
            },
            {
              "batter": "DJ Vilas",
              "bowler": "WS Davis",
              "non_striker": "GJ Maxwell",
              "runs": {
                "batter": 0,
                "extras": 0,
                "total": 0
              },
              "wickets": [
                {
                  "kind": "caught",
                  "player_out": "DJ Vilas",
                  "fielders": [
                    {
                      "name": "AM Lilley"
                    }
                  ]
                }
              ]
            },
            {
              "batter": "JP Faulkner",
              "bowler": "WS Davis",
              "non_striker": "GJ Maxwell",
              "runs": {
                "batter": 0,
                "extras": 0,
                "total": 0
              }
            },
            {
              "batter": "JP Faulkner",
              "bowler": "WS Davis",
              "non_striker": "GJ Maxwell",
              "runs": {
                "batter": 0,
                "extras": 0,
                "total": 0
              }
            }
          ]
        },
        {
          "over": 12,
          "deliveries": [
            {
              "batter": "GJ Maxwell",
              "bowler": "AM Lilley",
              "non_striker": "JP Faulkner",
              "runs": {
                "batter": 0,
                "extras": 0,
                "total": 0
              }
            },
            {
              "batter": "GJ Maxwell",
              "bowler": "AM Lilley",
              "non_striker": "JP Faulkner",
              "runs": {
                "batter": 1,
                "extras": 0,
                "total": 1
              }
            },
            {
              "batter": "JP Faulkner",
              "bowler": "AM Lilley",
              "non_striker": "GJ Maxwell",
              "runs": {
                "batter": 1,
                "extras": 0,
                "total": 1
              }
            },
            {
              "batter": "GJ Maxwell",
              "bowler": "AM Lilley",
              "non_striker": "JP Faulkner",
              "runs": {
                "batter": 0,
                "extras": 0,
                "total": 0
              }
            },
            {
              "batter": "GJ Maxwell",
              "bowler": "AM Lilley",
              "non_striker": "JP Faulkner",
              "runs": {
                "batter": 1,
                "extras": 0,
                "total": 1
              }
            },
            {
              "batter": "JP Faulkner",
              "bowler": "AM Lilley",
              "non_striker": "GJ Maxwell",
              "runs": {
                "batter": 1,
                "extras": 0,
                "total": 1
              }
            }
          ]
        },
        {
          "over": 13,
          "deliveries": [
            {
              "batter": "JP Faulkner",
              "bowler": "WS Davis",
              "non_striker": "GJ Maxwell",
              "runs": {
                "batter": 0,
                "extras": 0,
                "total": 0
              }
            },
            {
              "batter": "JP Faulkner",
              "bowler": "WS Davis",
              "non_striker": "GJ Maxwell",
              "runs": {
                "batter": 0,
                "extras": 0,
                "total": 0
              }
            },
            {
              "batter": "JP Faulkner",
              "bowler": "WS Davis",
              "non_striker": "GJ Maxwell",
              "runs": {
                "batter": 4,
                "extras": 0,
                "total": 4
              }
            },
            {
              "batter": "JP Faulkner",
              "bowler": "WS Davis",
              "non_striker": "GJ Maxwell",
              "runs": {
                "batter": 0,
                "extras": 0,
                "total": 0
              }
            },
            {
              "batter": "JP Faulkner",
              "bowler": "WS Davis",
              "non_striker": "GJ Maxwell",
              "runs": {
                "batter": 1,
                "extras": 0,
                "total": 1
              }
            },
            {
              "batter": "GJ Maxwell",
              "bowler": "WS Davis",
              "non_striker": "JP Faulkner",
              "runs": {
                "batter": 1,
                "extras": 0,
                "total": 1
              }
            }
          ]
        },
        {
          "over": 14,
          "deliveries": [
            {
              "batter": "GJ Maxwell",
              "bowler": "CN Ackermann",
              "non_striker": "JP Faulkner",
              "runs": {
                "batter": 0,
                "extras": 0,
                "total": 0
              }
            },
            {
              "batter": "GJ Maxwell",
              "bowler": "CN Ackermann",
              "non_striker": "JP Faulkner",
              "runs": {
                "batter": 0,
                "extras": 0,
                "total": 0
              }
            },
            {
              "batter": "GJ Maxwell",
              "bowler": "CN Ackermann",
              "non_striker": "JP Faulkner",
              "runs": {
                "batter": 4,
                "extras": 0,
                "total": 4
              }
            },
            {
              "batter": "GJ Maxwell",
              "bowler": "CN Ackermann",
              "non_striker": "JP Faulkner",
              "runs": {
                "batter": 2,
                "extras": 0,
                "total": 2
              }
            },
            {
              "batter": "GJ Maxwell",
              "bowler": "CN Ackermann",
              "non_striker": "JP Faulkner",
              "runs": {
                "batter": 1,
                "extras": 0,
                "total": 1
              }
            },
            {
              "batter": "JP Faulkner",
              "bowler": "CN Ackermann",
              "non_striker": "GJ Maxwell",
              "runs": {
                "batter": 1,
                "extras": 0,
                "total": 1
              }
            }
          ]
        },
        {
          "over": 15,
          "deliveries": [
            {
              "batter": "JP Faulkner",
              "bowler": "CF Parkinson",
              "non_striker": "GJ Maxwell",
              "runs": {
                "batter": 0,
                "extras": 0,
                "total": 0
              }
            },
            {
              "batter": "JP Faulkner",
              "bowler": "CF Parkinson",
              "non_striker": "GJ Maxwell",
              "runs": {
                "batter": 0,
                "extras": 0,
                "total": 0
              }
            },
            {
              "batter": "JP Faulkner",
              "bowler": "CF Parkinson",
              "non_striker": "GJ Maxwell",
              "runs": {
                "batter": 1,
                "extras": 0,
                "total": 1
              }
            },
            {
              "batter": "GJ Maxwell",
              "bowler": "CF Parkinson",
              "non_striker": "JP Faulkner",
              "runs": {
                "batter": 1,
                "extras": 0,
                "total": 1
              }
            },
            {
              "batter": "JP Faulkner",
              "bowler": "CF Parkinson",
              "non_striker": "GJ Maxwell",
              "runs": {
                "batter": 1,
                "extras": 0,
                "total": 1
              }
            },
            {
              "batter": "GJ Maxwell",
              "bowler": "CF Parkinson",
              "non_striker": "JP Faulkner",
              "runs": {
                "batter": 0,
                "extras": 0,
                "total": 0
              }
            }
          ]
        },
        {
          "over": 16,
          "deliveries": [
            {
              "batter": "JP Faulkner",
              "bowler": "AM Lilley",
              "non_striker": "GJ Maxwell",
              "runs": {
                "batter": 0,
                "extras": 0,
                "total": 0
              }
            },
            {
              "batter": "JP Faulkner",
              "bowler": "AM Lilley",
              "non_striker": "GJ Maxwell",
              "runs": {
                "batter": 0,
                "extras": 0,
                "total": 0
              }
            },
            {
              "batter": "JP Faulkner",
              "bowler": "AM Lilley",
              "non_striker": "GJ Maxwell",
              "runs": {
                "batter": 1,
                "extras": 0,
                "total": 1
              }
            },
            {
              "batter": "GJ Maxwell",
              "bowler": "AM Lilley",
              "non_striker": "JP Faulkner",
              "runs": {
                "batter": 1,
                "extras": 0,
                "total": 1
              }
            },
            {
              "batter": "JP Faulkner",
              "bowler": "AM Lilley",
              "non_striker": "GJ Maxwell",
              "runs": {
                "batter": 0,
                "extras": 0,
                "total": 0
              },
              "wickets": [
                {
                  "kind": "lbw",
                  "player_out": "JP Faulkner"
                }
              ]
            },
            {
              "batter": "KK Jennings",
              "bowler": "AM Lilley",
              "non_striker": "GJ Maxwell",
              "runs": {
                "batter": 0,
                "extras": 0,
                "total": 0
              }
            }
          ]
        },
        {
          "over": 17,
          "deliveries": [
            {
              "batter": "GJ Maxwell",
              "bowler": "GT Griffiths",
              "non_striker": "KK Jennings",
              "runs": {
                "batter": 0,
                "extras": 0,
                "total": 0
              }
            },
            {
              "batter": "GJ Maxwell",
              "bowler": "GT Griffiths",
              "extras": {
                "wides": 1
              },
              "non_striker": "KK Jennings",
              "runs": {
                "batter": 0,
                "extras": 1,
                "total": 1
              }
            },
            {
              "batter": "GJ Maxwell",
              "bowler": "GT Griffiths",
              "non_striker": "KK Jennings",
              "runs": {
                "batter": 0,
                "extras": 0,
                "total": 0
              }
            },
            {
              "batter": "GJ Maxwell",
              "bowler": "GT Griffiths",
              "non_striker": "KK Jennings",
              "runs": {
                "batter": 0,
                "extras": 0,
                "total": 0
              }
            },
            {
              "batter": "GJ Maxwell",
              "bowler": "GT Griffiths",
              "extras": {
                "wides": 1
              },
              "non_striker": "KK Jennings",
              "runs": {
                "batter": 0,
                "extras": 1,
                "total": 1
              }
            },
            {
              "batter": "GJ Maxwell",
              "bowler": "GT Griffiths",
              "non_striker": "KK Jennings",
              "runs": {
                "batter": 6,
                "extras": 0,
                "total": 6
              }
            },
            {
              "batter": "GJ Maxwell",
              "bowler": "GT Griffiths",
              "non_striker": "KK Jennings",
              "runs": {
                "batter": 1,
                "extras": 0,
                "total": 1
              }
            },
            {
              "batter": "KK Jennings",
              "bowler": "GT Griffiths",
              "non_striker": "GJ Maxwell",
              "runs": {
                "batter": 1,
                "extras": 0,
                "total": 1
              }
            }
          ]
        },
        {
          "over": 18,
          "deliveries": [
            {
              "batter": "KK Jennings",
              "bowler": "CN Ackermann",
              "non_striker": "GJ Maxwell",
              "runs": {
                "batter": 3,
                "extras": 0,
                "total": 3
              }
            },
            {
              "batter": "GJ Maxwell",
              "bowler": "CN Ackermann",
              "non_striker": "KK Jennings",
              "runs": {
                "batter": 1,
                "extras": 0,
                "total": 1
              }
            },
            {
              "batter": "KK Jennings",
              "bowler": "CN Ackermann",
              "non_striker": "GJ Maxwell",
              "runs": {
                "batter": 4,
                "extras": 0,
                "total": 4
              }
            },
            {
              "batter": "KK Jennings",
              "bowler": "CN Ackermann",
              "non_striker": "GJ Maxwell",
              "runs": {
                "batter": 4,
                "extras": 0,
                "total": 4
              }
            }
          ]
        }
      ],
      "powerplays": [
        {
          "from": 0.1,
          "to": 5.6,
          "type": "mandatory"
        }
      ],
      "target": {
        "overs": 20,
        "runs": 143
      }
    }
  ]
}