{
  "meta": {
    "data_version": "1.0.0",
    "created": "2019-12-24",
    "revision": 1
  },
  "info": {
    "balls_per_over": 6,
    "city": "Chester-le-Street",
    "dates": [
      "2019-07-19"
    ],
    "event": {
      "name": "Vitality Blast",
      "group": "North"
    },
    "gender": "male",
    "match_type": "T20",
    "officials": {
      "umpires": [
        "PR Pollard",
        "SJ O'Shaughnessy"
      ]
    },
    "outcome": {
      "winner": "Durham",
      "by": {
        "runs": 7
      }
    },
    "overs": 20,
    "player_of_match": [
      "DJM Short"
    ],
    "players": {
      "Durham": [
        "DJM Short",
        "S Steel",
        "G Clark",
        "BA Raine",
        "L Trevaskis",
        "SW Poynter",
        "AZ Lees",
        "JTA Burnham",
        "BA Carse",
        "MJ Potts",
        "NJ Rimmington"
      ],
      "Northamptonshire": [
        "CO Thurston",
        "AM Rossington",
        "JJ Cobb",
        "MT Coles",
        "AG Wakely",
        "D Pretorius",
        "RI Keogh",
        "Faheem Ashraf",
        "TB Sole",
        "GG White",
        "BW Sanderson"
      ]
    },
    "registry": {
      "people": {
        "AG Wakely": "730d120f",
        "AM Rossington": "7bcde3fe",
        "AZ Lees": "c9c0fe50",
        "BA Carse": "cad40f5e",
        "BA Raine": "4c0f3806",
        "BW Sanderson": "e871a7a1",
        "CO Thurston": "2964e311",
        "D Pretorius": "11614d87",
        "DJM Short": "1a156c88",
        "Faheem Ashraf": "bd4ea627",
        "G Clark": "4fd09cfc",
        "GG White": "0f21680d",
        "JJ Cobb": "58c481c6",
        "JTA Burnham": "a4a2a0c0",
        "L Trevaskis": "b5781ac3",
        "MJ Potts": "894b2d25",
        "MT Coles": "e9d5218e",
        "NJ Rimmington": "6042bf26",
        "PR Pollard": "85d884bb",
        "RI Keogh": "e22d3b5c",
        "S Steel": "de6c2c6e",
        "SJ O'Shaughnessy": "4d4fdf4a",
        "SW Poynter": "cdf59953",
        "TB Sole": "98e908bd"
      }
    },
    "season": "2019",
    "team_type": "club",
    "teams": [
      "Durham",
      "Northamptonshire"
    ],
    "toss": {
      "decision": "field",
      "winner": "Northamptonshire"
    },
    "venue": "Riverside Ground"
  },
  "innings": [
    {
      "team": "Durham",
      "overs": [
        {
          "over": 0,
          "deliveries": [
            {
              "batter": "DJM Short",
              "bowler": "JJ Cobb",
              "non_striker": "S Steel",
              "runs": {
                "batter": 1,
                "extras": 0,
                "total": 1
              }
            },
            {
              "batter": "S Steel",
              "bowler": "JJ Cobb",
              "non_striker": "DJM Short",
              "runs": {
                "batter": 0,
                "extras": 0,
                "total": 0
              }
            },
            {
              "batter": "S Steel",
              "bowler": "JJ Cobb",
              "non_striker": "DJM Short",
              "runs": {
                "batter": 1,
                "extras": 0,
                "total": 1
              }
            },
            {
              "batter": "DJM Short",
              "bowler": "JJ Cobb",
              "non_striker": "S Steel",
              "runs": {
                "batter": 0,
                "extras": 0,
                "total": 0
              }
            },
            {
              "batter": "DJM Short",
              "bowler": "JJ Cobb",
              "non_striker": "S Steel",
              "runs": {
                "batter": 0,
                "extras": 0,
                "total": 0
              }
            },
            {
              "batter": "DJM Short",
              "bowler": "JJ Cobb",
              "non_striker": "S Steel",
              "runs": {
                "batter": 0,
                "extras": 0,
                "total": 0
              }
            }
          ]
        },
        {
          "over": 1,
          "deliveries": [
            {
              "batter": "S Steel",
              "bowler": "BW Sanderson",
              "non_striker": "DJM Short",
              "runs": {
                "batter": 1,
                "extras": 0,
                "total": 1
              }
            },
            {
              "batter": "DJM Short",
              "bowler": "BW Sanderson",
              "non_striker": "S Steel",
              "runs": {
                "batter": 4,
                "extras": 0,
                "total": 4
              }
            },
            {
              "batter": "DJM Short",
              "bowler": "BW Sanderson",
              "non_striker": "S Steel",
              "runs": {
                "batter": 0,
                "extras": 0,
                "total": 0
              }
            },
            {
              "batter": "DJM Short",
              "bowler": "BW Sanderson",
              "non_striker": "S Steel",
              "runs": {
                "batter": 1,
                "extras": 0,
                "total": 1
              }
            },
            {
              "batter": "S Steel",
              "bowler": "BW Sanderson",
              "non_striker": "DJM Short",
              "runs": {
                "batter": 0,
                "extras": 0,
                "total": 0
              }
            },
            {
              "batter": "S Steel",
              "bowler": "BW Sanderson",
              "non_striker": "DJM Short",
              "runs": {
                "batter": 4,
                "extras": 0,
                "total": 4
              }
            }
          ]
        },
        {
          "over": 2,
          "deliveries": [
            {
              "batter": "DJM Short",
              "bowler": "Faheem Ashraf",
              "non_striker": "S Steel",
              "runs": {
                "batter": 1,
                "extras": 0,
                "total": 1
              }
            },
            {
              "batter": "S Steel",
              "bowler": "Faheem Ashraf",
              "non_striker": "DJM Short",
              "runs": {
                "batter": 0,
                "extras": 0,
                "total": 0
              }
            },
            {
              "batter": "S Steel",
              "bowler": "Faheem Ashraf",
              "non_striker": "DJM Short",
              "runs": {
                "batter": 1,
                "extras": 0,
                "total": 1
              }
            },
            {
              "batter": "DJM Short",
              "bowler": "Faheem Ashraf",
              "non_striker": "S Steel",
              "runs": {
                "batter": 0,
                "extras": 0,
                "total": 0
              }
            },
            {
              "batter": "DJM Short",
              "bowler": "Faheem Ashraf",
              "non_striker": "S Steel",
              "runs": {
                "batter": 1,
                "extras": 0,
                "total": 1
              }
            },
            {
              "batter": "S Steel",
              "bowler": "Faheem Ashraf",
              "non_striker": "DJM Short",
              "runs": {
                "batter": 0,
                "extras": 0,
                "total": 0
              }
            }
          ]
        },
        {
          "over": 3,
          "deliveries": [
            {
              "batter": "DJM Short",
              "bowler": "MT Coles",
              "non_striker": "S Steel",
              "runs": {
                "batter": 0,
                "extras": 0,
                "total": 0
              }
            },
            {
              "batter": "DJM Short",
              "bowler": "MT Coles",
              "non_striker": "S Steel",
              "runs": {
                "batter": 1,
                "extras": 0,
                "total": 1
              }
            },
            {
              "batter": "S Steel",
              "bowler": "MT Coles",
              "non_striker": "DJM Short",
              "runs": {
                "batter": 2,
                "extras": 0,
                "total": 2
              }
            },
            {
              "batter": "S Steel",
              "bowler": "MT Coles",
              "non_striker": "DJM Short",
              "runs": {
                "batter": 0,
                "extras": 0,
                "total": 0
              }
            },
            {
              "batter": "S Steel",
              "bowler": "MT Coles",
              "non_striker": "DJM Short",
              "runs": {
                "batter": 1,
                "extras": 0,
                "total": 1
              }
            },
            {
              "batter": "DJM Short",
              "bowler": "MT Coles",
              "non_striker": "S Steel",
              "runs": {
                "batter": 1,
                "extras": 0,
                "total": 1
              }
            }
          ]
        },
        {
          "over": 4,
          "deliveries": [
            {
              "batter": "DJM Short",
              "bowler": "Faheem Ashraf",
              "non_striker": "S Steel",
              "runs": {
                "batter": 0,
                "extras": 0,
                "total": 0
              }
            },
            {
              "batter": "DJM Short",
              "bowler": "Faheem Ashraf",
              "non_striker": "S Steel",
              "runs": {
                "batter": 0,
                "extras": 0,
                "total": 0
              }
            },
            {
              "batter": "DJM Short",
              "bowler": "Faheem Ashraf",
              "non_striker": "S Steel",
              "runs": {
                "batter": 0,
                "extras": 0,
                "total": 0
              }
            },
            {
              "batter": "DJM Short",
              "bowler": "Faheem Ashraf",
              "non_striker": "S Steel",
              "runs": {
                "batter": 4,
                "extras": 0,
                "total": 4
              }
            },
            {
              "batter": "DJM Short",
              "bowler": "Faheem Ashraf",
              "non_striker": "S Steel",
              "runs": {
                "batter": 1,
                "extras": 0,
                "total": 1
              }
            },
            {
              "batter": "S Steel",
              "bowler": "Faheem Ashraf",
              "non_striker": "DJM Short",
              "runs": {
                "batter": 0,
                "extras": 0,
                "total": 0
              }
            }
          ]
        },
        {
          "over": 5,
          "deliveries": [
            {
              "batter": "DJM Short",
              "bowler": "D Pretorius",
              "non_striker": "S Steel",
              "runs": {
                "batter": 1,
                "extras": 0,
                "total": 1
              }
            },
            {
              "batter": "S Steel",
              "bowler": "D Pretorius",
              "non_striker": "DJM Short",
              "runs": {
                "batter": 1,
                "extras": 0,
                "total": 1
              }
            },
            {
              "batter": "DJM Short",
              "bowler": "D Pretorius",
              "non_striker": "S Steel",
              "runs": {
                "batter": 0,
                "extras": 0,
                "total": 0
              }
            },
            {
              "batter": "DJM Short",
              "bowler": "D Pretorius",
              "non_striker": "S Steel",
              "runs": {
                "batter": 1,
                "extras": 0,
                "total": 1
              }
            },
            {
              "batter": "S Steel",
              "bowler": "D Pretorius",
              "non_striker": "DJM Short",
              "runs": {
                "batter": 0,
                "extras": 0,
                "total": 0
              }
            },
            {
              "batter": "S Steel",
              "bowler": "D Pretorius",
              "non_striker": "DJM Short",
              "runs": {
                "batter": 1,
                "extras": 0,
                "total": 1
              }
            }
          ]
        },
        {
          "over": 6,
          "deliveries": [
            {
              "batter": "S Steel",
              "bowler": "GG White",
              "extras": {
                "wides": 1
              },
              "non_striker": "DJM Short",
              "runs": {
                "batter": 0,
                "extras": 1,
                "total": 1
              }
            },
            {
              "batter": "S Steel",
              "bowler": "GG White",
              "non_striker": "DJM Short",
              "runs": {
                "batter": 1,
                "extras": 0,
                "total": 1
              }
            },
            {
              "batter": "DJM Short",
              "bowler": "GG White",
              "non_striker": "S Steel",
              "runs": {
                "batter": 0,
                "extras": 0,
                "total": 0
              }
            },
            {
              "batter": "DJM Short",
              "bowler": "GG White",
              "non_striker": "S Steel",
              "runs": {
                "batter": 2,
                "extras": 0,
                "total": 2
              }
            },
            {
              "batter": "DJM Short",
              "bowler": "GG White",
              "non_striker": "S Steel",
              "runs": {
                "batter": 0,
                "extras": 0,
                "total": 0
              }
            },
            {
              "batter": "DJM Short",
              "bowler": "GG White",
              "non_striker": "S Steel",
              "runs": {
                "batter": 4,
                "extras": 0,
                "total": 4
              }
            },
            {
              "batter": "DJM Short",
              "bowler": "GG White",
              "non_striker": "S Steel",
              "runs": {
                "batter": 3,
                "extras": 0,
                "total": 3
              }
            }
          ]
        },
        {
          "over": 7,
          "deliveries": [
            {
              "batter": "DJM Short",
              "bowler": "D Pretorius",
              "non_striker": "S Steel",
              "runs": {
                "batter": 4,
                "extras": 0,
                "total": 4
              }
            },
            {
              "batter": "DJM Short",
              "bowler": "D Pretorius",
              "non_striker": "S Steel",
              "runs": {
                "batter": 1,
                "extras": 0,
                "total": 1
              }
            },
            {
              "batter": "S Steel",
              "bowler": "D Pretorius",
              "non_striker": "DJM Short",
              "runs": {
                "batter": 1,
                "extras": 0,
                "total": 1
              }
            },
            {
              "batter": "DJM Short",
              "bowler": "D Pretorius",
              "non_striker": "S Steel",
              "runs": {
                "batter": 4,
                "extras": 0,
                "total": 4
              }
            },
            {
              "batter": "DJM Short",
              "bowler": "D Pretorius",
              "non_striker": "S Steel",
              "runs": {
                "batter": 1,
                "extras": 0,
                "total": 1
              }
            },
            {
              "batter": "S Steel",
              "bowler": "D Pretorius",
              "non_striker": "DJM Short",
              "runs": {
                "batter": 0,
                "extras": 0,
                "total": 0
              }
            }
          ]
        },
        {
          "over": 8,
          "deliveries": [
            {
              "batter": "DJM Short",
              "bowler": "MT Coles",
              "non_striker": "S Steel",
              "runs": {
                "batter": 1,
                "extras": 0,
                "total": 1
              }
            },
            {
              "batter": "S Steel",
              "bowler": "MT Coles",
              "non_striker": "DJM Short",
              "runs": {
                "batter": 0,
                "extras": 0,
                "total": 0
              }
            },
            {
              "batter": "S Steel",
              "bowler": "MT Coles",
              "non_striker": "DJM Short",
              "runs": {
                "batter": 2,
                "extras": 0,
                "total": 2
              }
            },
            {
              "batter": "S Steel",
              "bowler": "MT Coles",
              "non_striker": "DJM Short",
              "runs": {
                "batter": 1,
                "extras": 0,
                "total": 1
              }
            },
            {
              "batter": "DJM Short",
              "bowler": "MT Coles",
              "non_striker": "S Steel",
              "runs": {
                "batter": 2,
                "extras": 0,
                "total": 2
              }
            },
            {
              "batter": "DJM Short",
              "bowler": "MT Coles",
              "non_striker": "S Steel",
              "runs": {
                "batter": 0,
                "extras": 0,
                "total": 0
              }
            }
          ]
        },
        {
          "over": 9,
          "deliveries": [
            {
              "batter": "S Steel",
              "bowler": "JJ Cobb",
              "non_striker": "DJM Short",
              "runs": {
                "batter": 1,
                "extras": 0,
                "total": 1
              }
            },
            {
              "batter": "DJM Short",
              "bowler": "JJ Cobb",
              "non_striker": "S Steel",
              "runs": {
                "batter": 1,
                "extras": 0,
                "total": 1
              }
            },
            {
              "batter": "S Steel",
              "bowler": "JJ Cobb",
              "extras": {
                "legbyes": 1
              },
              "non_striker": "DJM Short",
              "runs": {
                "batter": 0,
                "extras": 1,
                "total": 1
              }
            },
            {
              "batter": "DJM Short",
              "bowler": "JJ Cobb",
              "non_striker": "S Steel",
              "runs": {
                "batter": 0,
                "extras": 0,
                "total": 0
              }
            },
            {
              "batter": "DJM Short",
              "bowler": "JJ Cobb",
              "non_striker": "S Steel",
              "runs": {
                "batter": 1,
                "extras": 0,
                "total": 1
              }
            },
            {
              "batter": "S Steel",
              "bowler": "JJ Cobb",
              "non_striker": "DJM Short",
              "runs": {
                "batter": 2,
                "extras": 0,
                "total": 2
              }
            }
          ]
        },
        {
          "over": 10,
          "deliveries": [
            {
              "batter": "DJM Short",
              "bowler": "GG White",
              "non_striker": "S Steel",
              "runs": {
                "batter": 0,
                "extras": 0,
                "total": 0
              }
            },
            {
              "batter": "DJM Short",
              "bowler": "GG White",
              "non_striker": "S Steel",
              "runs": {
                "batter": 4,
                "extras": 0,
                "total": 4
              }
            },
            {
              "batter": "DJM Short",
              "bowler": "GG White",
              "non_striker": "S Steel",
              "runs": {
                "batter": 1,
                "extras": 0,
                "total": 1
              }
            },
            {
              "batter": "S Steel",
              "bowler": "GG White",
              "non_striker": "DJM Short",
              "runs": {
                "batter": 1,
                "extras": 0,
                "total": 1
              }
            },
            {
              "batter": "DJM Short",
              "bowler": "GG White",
              "non_striker": "S Steel",
              "runs": {
                "batter": 0,
                "extras": 0,
                "total": 0
              },
              "wickets": [
                {
                  "kind": "caught",
                  "player_out": "DJM Short",
                  "fielders": [
                    {
                      "name": "MT Coles"
                    }
                  ]
                }
              ]
            },
            {
              "batter": "S Steel",
              "bowler": "GG White",
              "non_striker": "G Clark",
              "runs": {
                "batter": 1,
                "extras": 0,
                "total": 1
              }
            }
          ]
        },
        {
          "over": 11,
          "deliveries": [
            {
              "batter": "S Steel",
              "bowler": "JJ Cobb",
              "non_striker": "G Clark",
              "runs": {
                "batter": 1,
                "extras": 0,
                "total": 1
              }
            },
            {
              "batter": "G Clark",
              "bowler": "JJ Cobb",
              "extras": {
                "wides": 1
              },
              "non_striker": "S Steel",
              "runs": {
                "batter": 0,
                "extras": 1,
                "total": 1
              }
            },
            {
              "batter": "G Clark",
              "bowler": "JJ Cobb",
              "non_striker": "S Steel",
              "runs": {
                "batter": 1,
                "extras": 0,
                "total": 1
              }
            },
            {
              "batter": "S Steel",
              "bowler": "JJ Cobb",
              "non_striker": "G Clark",
              "runs": {
                "batter": 1,
                "extras": 0,
                "total": 1
              }
            },
            {
              "batter": "G Clark",
              "bowler": "JJ Cobb",
              "extras": {
                "legbyes": 1
              },
              "non_striker": "S Steel",
              "runs": {
                "batter": 0,
                "extras": 1,
                "total": 1
              }
            },
            {
              "batter": "S Steel",
              "bowler": "JJ Cobb",
              "non_striker": "G Clark",
              "runs": {
                "batter": 0,
                "extras": 0,
                "total": 0
              }
            },
            {
              "batter": "S Steel",
              "bowler": "JJ Cobb",
              "non_striker": "G Clark",
              "runs": {
                "batter": 1,
                "extras": 0,
                "total": 1
              }
            }
          ]
        },
        {
          "over": 12,
          "deliveries": [
            {
              "batter": "S Steel",
              "bowler": "GG White",
              "non_striker": "G Clark",
              "runs": {
                "batter": 1,
                "extras": 0,
                "total": 1
              }
            },
            {
              "batter": "G Clark",
              "bowler": "GG White",
              "non_striker": "S Steel",
              "runs": {
                "batter": 0,
                "extras": 0,
                "total": 0
              }
            },
            {
              "batter": "G Clark",
              "bowler": "GG White",
              "non_striker": "S Steel",
              "runs": {
                "batter": 1,
                "extras": 0,
                "total": 1
              }
            },
            {
              "batter": "S Steel",
              "bowler": "GG White",
              "non_striker": "G Clark",
              "runs": {
                "batter": 3,
                "extras": 0,
                "total": 3
              }
            },
            {
              "batter": "G Clark",
              "bowler": "GG White",
              "non_striker": "S Steel",
              "runs": {
                "batter": 2,
                "extras": 0,
                "total": 2
              }
            },
            {
              "batter": "G Clark",
              "bowler": "GG White",
              "non_striker": "S Steel",
              "runs": {
                "batter": 1,
                "extras": 0,
                "total": 1
              }
            }
          ]
        },
        {
          "over": 13,
          "deliveries": [
            {
              "batter": "G Clark",
              "bowler": "JJ Cobb",
              "extras": {
                "legbyes": 1
              },
              "non_striker": "S Steel",
              "runs": {
                "batter": 0,
                "extras": 1,
                "total": 1
              }
            },
            {
              "batter": "S Steel",
              "bowler": "JJ Cobb",
              "non_striker": "G Clark",
              "runs": {
                "batter": 6,
                "extras": 0,
                "total": 6
              }
            },
            {
              "batter": "S Steel",
              "bowler": "JJ Cobb",
              "non_striker": "G Clark",
              "runs": {
                "batter": 1,
                "extras": 0,
                "total": 1
              }
            },
            {
              "batter": "G Clark",
              "bowler": "JJ Cobb",
              "extras": {
                "legbyes": 1
              },
              "non_striker": "S Steel",
              "runs": {
                "batter": 0,
                "extras": 1,
                "total": 1
              }
            },
            {
              "batter": "S Steel",
              "bowler": "JJ Cobb",
              "non_striker": "G Clark",
              "runs": {
                "batter": 1,
                "extras": 0,
                "total": 1
              }
            },
            {
              "batter": "G Clark",
              "bowler": "JJ Cobb",
              "non_striker": "S Steel",
              "runs": {
                "batter": 1,
                "extras": 0,
                "total": 1
              }
            }
          ]
        },
        {
          "over": 14,
          "deliveries": [
            {
              "batter": "G Clark",
              "bowler": "GG White",
              "non_striker": "S Steel",
              "runs": {
                "batter": 2,
                "extras": 0,
                "total": 2
              }
            },
            {
              "batter": "G Clark",
              "bowler": "GG White",
              "non_striker": "S Steel",
              "runs": {
                "batter": 4,
                "extras": 0,
                "total": 4
              }
            },
            {
              "batter": "G Clark",
              "bowler": "GG White",
              "non_striker": "S Steel",
              "runs": {
                "batter": 1,
                "extras": 0,
                "total": 1
              }
            },
            {
              "batter": "S Steel",
              "bowler": "GG White",
              "non_striker": "G Clark",
              "runs": {
                "batter": 0,
                "extras": 0,
                "total": 0
              },
              "wickets": [
                {
                  "kind": "caught",
                  "player_out": "S Steel",
                  "fielders": [
                    {
                      "name": "MT Coles"
                    }
                  ]
                }
              ]
            },
            {
              "batter": "G Clark",
              "bowler": "GG White",
              "non_striker": "BA Raine",
              "runs": {
                "batter": 1,
                "extras": 0,
                "total": 1
              }
            },
            {
              "batter": "BA Raine",
              "bowler": "GG White",
              "non_striker": "G Clark",
              "runs": {
                "batter": 2,
                "extras": 0,
                "total": 2
              }
            }
          ]
        },
        {
          "over": 15,
          "deliveries": [
            {
              "batter": "G Clark",
              "bowler": "BW Sanderson",
              "non_striker": "BA Raine",
              "runs": {
                "batter": 1,
                "extras": 0,
                "total": 1
              }
            },
            {
              "batter": "BA Raine",
              "bowler": "BW Sanderson",
              "non_striker": "G Clark",
              "runs": {
                "batter": 2,
                "extras": 0,
                "total": 2
              }
            },
            {
              "batter": "BA Raine",
              "bowler": "BW Sanderson",
              "non_striker": "G Clark",
              "runs": {
                "batter": 0,
                "extras": 0,
                "total": 0
              }
            },
            {
              "batter": "BA Raine",
              "bowler": "BW Sanderson",
              "non_striker": "G Clark",
              "runs": {
                "batter": 0,
                "extras": 0,
                "total": 0
              }
            },
            {
              "batter": "BA Raine",
              "bowler": "BW Sanderson",
              "non_striker": "G Clark",
              "runs": {
                "batter": 1,
                "extras": 0,
                "total": 1
              }
            },
            {
              "batter": "G Clark",
              "bowler": "BW Sanderson",
              "non_striker": "BA Raine",
              "runs": {
                "batter": 1,
                "extras": 0,
                "total": 1
              }
            }
          ]
        },
        {
          "over": 16,
          "deliveries": [
            {
              "batter": "G Clark",
              "bowler": "Faheem Ashraf",
              "non_striker": "BA Raine",
              "runs": {
                "batter": 1,
                "extras": 0,
                "total": 1
              }
            },
            {
              "batter": "BA Raine",
              "bowler": "Faheem Ashraf",
              "non_striker": "G Clark",
              "runs": {
                "batter": 4,
                "extras": 0,
                "total": 4
              }
            },
            {
              "batter": "BA Raine",
              "bowler": "Faheem Ashraf",
              "non_striker": "G Clark",
              "runs": {
                "batter": 4,
                "extras": 0,
                "total": 4
              }
            },
            {
              "batter": "BA Raine",
              "bowler": "Faheem Ashraf",
              "non_striker": "G Clark",
              "runs": {
                "batter": 0,
                "extras": 0,
                "total": 0
              },
              "wickets": [
                {
                  "kind": "bowled",
                  "player_out": "BA Raine"
                }
              ]
            },
            {
              "batter": "L Trevaskis",
              "bowler": "Faheem Ashraf",
              "non_striker": "G Clark",
              "runs": {
                "batter": 2,
                "extras": 0,
                "total": 2
              }
            },
            {
              "batter": "L Trevaskis",
              "bowler": "Faheem Ashraf",
              "non_striker": "G Clark",
              "runs": {
                "batter": 0,
                "extras": 0,
                "total": 0
              }
            }
          ]
        },
        {
          "over": 17,
          "deliveries": [
            {
              "batter": "G Clark",
              "bowler": "BW Sanderson",
              "non_striker": "L Trevaskis",
              "runs": {
                "batter": 0,
                "extras": 0,
                "total": 0
              },
              "wickets": [
                {
                  "kind": "caught",
                  "player_out": "G Clark",
                  "fielders": [
                    {
                      "name": "CO Thurston"
                    }
                  ]
                }
              ]
            },
            {
              "batter": "L Trevaskis",
              "bowler": "BW Sanderson",
              "non_striker": "SW Poynter",
              "runs": {
                "batter": 1,
                "extras": 0,
                "total": 1
              }
            },
            {
              "batter": "SW Poynter",
              "bowler": "BW Sanderson",
              "non_striker": "L Trevaskis",
              "runs": {
                "batter": 2,
                "extras": 0,
                "total": 2
              }
            },
            {
              "batter": "SW Poynter",
              "bowler": "BW Sanderson",
              "non_striker": "L Trevaskis",
              "runs": {
                "batter": 1,
                "extras": 0,
                "total": 1
              }
            },
            {
              "batter": "L Trevaskis",
              "bowler": "BW Sanderson",
              "non_striker": "SW Poynter",
              "runs": {
                "batter": 0,
                "extras": 0,
                "total": 0
              }
            },
            {
              "batter": "L Trevaskis",
              "bowler": "BW Sanderson",
              "non_striker": "SW Poynter",
              "runs": {
                "batter": 1,
                "extras": 0,
                "total": 1
              }
            }
          ]
        },
        {
          "over": 18,
          "deliveries": [
            {
              "batter": "L Trevaskis",
              "bowler": "Faheem Ashraf",
              "extras": {
                "legbyes": 1
              },
              "non_striker": "SW Poynter",
              "runs": {
                "batter": 0,
                "extras": 1,
                "total": 1
              }
            },
            {
              "batter": "SW Poynter",
              "bowler": "Faheem Ashraf",
              "extras": {
                "noballs": 2
              },
              "non_striker": "L Trevaskis",
              "runs": {
                "batter": 2,
                "extras": 2,
                "total": 4
              }
            },
            {
              "batter": "SW Poynter",
              "bowler": "Faheem Ashraf",
              "non_striker": "L Trevaskis",
              "runs": {
                "batter": 1,
                "extras": 0,
                "total": 1
              }
            },
            {
              "batter": "L Trevaskis",
              "bowler": "Faheem Ashraf",
              "non_striker": "SW Poynter",
              "runs": {
                "batter": 1,
                "extras": 0,
                "total": 1
              }
            },
            {
              "batter": "SW Poynter",
              "bowler": "Faheem Ashraf",
              "non_striker": "L Trevaskis",
              "runs": {
                "batter": 2,
                "extras": 0,
                "total": 2
              }
            },
            {
              "batter": "SW Poynter",
              "bowler": "Faheem Ashraf",
              "non_striker": "L Trevaskis",
              "runs": {
                "batter": 2,
                "extras": 0,
                "total": 2
              }
            },
            {
              "batter": "SW Poynter",
              "bowler": "Faheem Ashraf",
              "non_striker": "L Trevaskis",
              "runs": {
                "batter": 0,
                "extras": 0,
                "total": 0
              }
            }
          ]
        },
        {
          "over": 19,
          "deliveries": [
            {
              "batter": "L Trevaskis",
              "bowler": "BW Sanderson",
              "non_striker": "SW Poynter",
              "runs": {
                "batter": 1,
                "extras": 0,
                "total": 1
              }
            },
            {
              "batter": "SW Poynter",
              "bowler": "BW Sanderson",
              "non_striker": "L Trevaskis",
              "runs": {
                "batter": 1,
                "extras": 0,
                "total": 1
              }
            },
            {
              "batter": "L Trevaskis",
              "bowler": "BW Sanderson",
              "non_striker": "SW Poynter",
              "runs": {
                "batter": 1,
                "extras": 0,
                "total": 1
              }
            },
            {
              "batter": "SW Poynter",
              "bowler": "BW Sanderson",
              "non_striker": "L Trevaskis",
              "runs": {
                "batter": 4,
                "extras": 0,
                "total": 4
              }
            },
            {
              "batter": "SW Poynter",
              "bowler": "BW Sanderson",
              "non_striker": "L Trevaskis",
              "runs": {
                "batter": 2,
                "extras": 0,
                "total": 2
              }
            },
            {
              "batter": "SW Poynter",
              "bowler": "BW Sanderson",
              "non_striker": "L Trevaskis",
              "runs": {
                "batter": 2,
                "extras": 0,
                "total": 2
              }
            }
          ]
        }
      ],
      "powerplays": [
        {
          "from": 0.1,
          "to": 5.6,
          "type": "mandatory"
        }
      ]
    },
    {
      "team": "Northamptonshire",
      "overs": [
        {
          "over": 0,
          "deliveries": [
            {
              "batter": "CO Thurston",
              "bowler": "BA Carse",
              "non_striker": "AM Rossington",
              "runs": {
                "batter": 0,
                "extras": 0,
                "total": 0
              }
            },
            {
              "batter": "CO Thurston",
              "bowler": "BA Carse",
              "non_striker": "AM Rossington",
              "runs": {
                "batter": 0,
                "extras": 0,
                "total": 0
              }
            },
            {
              "batter": "CO Thurston",
              "bowler": "BA Carse",
              "non_striker": "AM Rossington",
              "runs": {
                "batter": 3,
                "extras": 0,
                "total": 3
              }
            },
            {
              "batter": "AM Rossington",
              "bowler": "BA Carse",
              "non_striker": "CO Thurston",
              "runs": {
                "batter": 4,
                "extras": 0,
                "total": 4
              }
            },
            {
              "batter": "AM Rossington",
              "bowler": "BA Carse",
              "non_striker": "CO Thurston",
              "runs": {
                "batter": 0,
                "extras": 0,
                "total": 0
              }
            },
            {
              "batter": "AM Rossington",
              "bowler": "BA Carse",
              "non_striker": "CO Thurston",
              "runs": {
                "batter": 0,
                "extras": 0,
                "total": 0
              }
            }
          ]
        },
        {
          "over": 1,
          "deliveries": [
            {
              "batter": "CO Thurston",
              "bowler": "MJ Potts",
              "non_striker": "AM Rossington",
              "runs": {
                "batter": 0,
                "extras": 0,
                "total": 0
              }
            },
            {
              "batter": "CO Thurston",
              "bowler": "MJ Potts",
              "non_striker": "AM Rossington",
              "runs": {
                "batter": 0,
                "extras": 0,
                "total": 0
              }
            },
            {
              "batter": "CO Thurston",
              "bowler": "MJ Potts",
              "non_striker": "AM Rossington",
              "runs": {
                "batter": 0,
                "extras": 0,
                "total": 0
              }
            },
            {
              "batter": "CO Thurston",
              "bowler": "MJ Potts",
              "non_striker": "AM Rossington",
              "runs": {
                "batter": 0,
                "extras": 0,
                "total": 0
              }
            },
            {
              "batter": "CO Thurston",
              "bowler": "MJ Potts",
              "extras": {
                "wides": 1
              },
              "non_striker": "AM Rossington",
              "runs": {
                "batter": 0,
                "extras": 1,
                "total": 1
              }
            },
            {
              "batter": "CO Thurston",
              "bowler": "MJ Potts",
              "non_striker": "AM Rossington",
              "runs": {
                "batter": 0,
                "extras": 0,
                "total": 0
              }
            },
            {
              "batter": "CO Thurston",
              "bowler": "MJ Potts",
              "non_striker": "AM Rossington",
              "runs": {
                "batter": 0,
                "extras": 0,
                "total": 0
              },
              "wickets": [
                {
                  "kind": "caught",
                  "player_out": "CO Thurston",
                  "fielders": [
                    {
                      "name": "DJM Short"
                    }
                  ]
                }
              ]
            }
          ]
        },
        {
          "over": 2,
          "deliveries": [
            {
              "batter": "AM Rossington",
              "bowler": "BA Carse",
              "non_striker": "JJ Cobb",
              "runs": {
                "batter": 1,
                "extras": 0,
                "total": 1
              }
            },
            {
              "batter": "JJ Cobb",
              "bowler": "BA Carse",
              "non_striker": "AM Rossington",
              "runs": {
                "batter": 1,
                "extras": 0,
                "total": 1
              }
            },
            {
              "batter": "AM Rossington",
              "bowler": "BA Carse",
              "non_striker": "JJ Cobb",
              "runs": {
                "batter": 4,
                "extras": 0,
                "total": 4
              }
            },
            {
              "batter": "AM Rossington",
              "bowler": "BA Carse",
              "non_striker": "JJ Cobb",
              "runs": {
                "batter": 0,
                "extras": 0,
                "total": 0
              }
            },
            {
              "batter": "AM Rossington",
              "bowler": "BA Carse",
              "non_striker": "JJ Cobb",
              "runs": {
                "batter": 0,
                "extras": 0,
                "total": 0
              }
            },
            {
              "batter": "AM Rossington",
              "bowler": "BA Carse",
              "non_striker": "JJ Cobb",
              "runs": {
                "batter": 4,
                "extras": 0,
                "total": 4
              }
            }
          ]
        },
        {
          "over": 3,
          "deliveries": [
            {
              "batter": "JJ Cobb",
              "bowler": "MJ Potts",
              "non_striker": "AM Rossington",
              "runs": {
                "batter": 0,
                "extras": 0,
                "total": 0
              }
            },
            {
              "batter": "JJ Cobb",
              "bowler": "MJ Potts",
              "non_striker": "AM Rossington",
              "runs": {
                "batter": 0,
                "extras": 0,
                "total": 0
              },
              "wickets": [
                {
                  "kind": "bowled",
                  "player_out": "JJ Cobb"
                }
              ]
            },
            {
              "batter": "MT Coles",
              "bowler": "MJ Potts",
              "extras": {
                "wides": 1
              },
              "non_striker": "AM Rossington",
              "runs": {
                "batter": 0,
                "extras": 1,
                "total": 1
              }
            },
            {
              "batter": "MT Coles",
              "bowler": "MJ Potts",
              "non_striker": "AM Rossington",
              "runs": {
                "batter": 0,
                "extras": 0,
                "total": 0
              }
            },
            {
              "batter": "MT Coles",
              "bowler": "MJ Potts",
              "non_striker": "AM Rossington",
              "runs": {
                "batter": 0,
                "extras": 0,
                "total": 0
              }
            },
            {
              "batter": "MT Coles",
              "bowler": "MJ Potts",
              "extras": {
                "wides": 1
              },
              "non_striker": "AM Rossington",
              "runs": {
                "batter": 0,
                "extras": 1,
                "total": 1
              }
            },
            {
              "batter": "MT Coles",
              "bowler": "MJ Potts",
              "non_striker": "AM Rossington",
              "runs": {
                "batter": 0,
                "extras": 0,
                "total": 0
              }
            },
            {
              "batter": "MT Coles",
              "bowler": "MJ Potts",
              "non_striker": "AM Rossington",
              "runs": {
                "batter": 1,
                "extras": 0,
                "total": 1
              }
            }
          ]
        },
        {
          "over": 4,
          "deliveries": [
            {
              "batter": "MT Coles",
              "bowler": "BA Raine",
              "non_striker": "AM Rossington",
              "runs": {
                "batter": 1,
                "extras": 0,
                "total": 1
              }
            },
            {
              "batter": "AM Rossington",
              "bowler": "BA Raine",
              "non_striker": "MT Coles",
              "runs": {
                "batter": 0,
                "extras": 0,
                "total": 0
              }
            },
            {
              "batter": "AM Rossington",
              "bowler": "BA Raine",
              "non_striker": "MT Coles",
              "runs": {
                "batter": 1,
                "extras": 0,
                "total": 1
              }
            },
            {
              "batter": "MT Coles",
              "bowler": "BA Raine",
              "non_striker": "AM Rossington",
              "runs": {
                "batter": 0,
                "extras": 0,
                "total": 0
              },
              "wickets": [
                {
                  "kind": "caught",
                  "player_out": "MT Coles",
                  "fielders": [
                    {
                      "name": "JTA Burnham"
                    }
                  ]
                }
              ]
            },
            {
              "batter": "AM Rossington",
              "bowler": "BA Raine",
              "non_striker": "AG Wakely",
              "runs": {
                "batter": 0,
                "extras": 0,
                "total": 0
              }
            },
            {
              "batter": "AM Rossington",
              "bowler": "BA Raine",
              "non_striker": "AG Wakely",
              "runs": {
                "batter": 6,
                "extras": 0,
                "total": 6
              }
            }
          ]
        },
        {
          "over": 5,
          "deliveries": [
            {
              "batter": "AG Wakely",
              "bowler": "NJ Rimmington",
              "non_striker": "AM Rossington",
              "runs": {
                "batter": 0,
                "extras": 0,
                "total": 0
              }
            },
            {
              "batter": "AG Wakely",
              "bowler": "NJ Rimmington",
              "non_striker": "AM Rossington",
              "runs": {
                "batter": 1,
                "extras": 0,
                "total": 1
              }
            },
            {
              "batter": "AM Rossington",
              "bowler": "NJ Rimmington",
              "non_striker": "AG Wakely",
              "runs": {
                "batter": 1,
                "extras": 0,
                "total": 1
              }
            },
            {
              "batter": "AG Wakely",
              "bowler": "NJ Rimmington",
              "non_striker": "AM Rossington",
              "runs": {
                "batter": 1,
                "extras": 0,
                "total": 1
              }
            },
            {
              "batter": "AM Rossington",
              "bowler": "NJ Rimmington",
              "non_striker": "AG Wakely",
              "runs": {
                "batter": 1,
                "extras": 0,
                "total": 1
              }
            },
            {
              "batter": "AG Wakely",
              "bowler": "NJ Rimmington",
              "non_striker": "AM Rossington",
              "runs": {
                "batter": 0,
                "extras": 0,
                "total": 0
              }
            }
          ]
        },
        {
          "over": 6,
          "deliveries": [
            {
              "batter": "AM Rossington",
              "bowler": "BA Raine",
              "extras": {
                "wides": 1
              },
              "non_striker": "AG Wakely",
              "runs": {
                "batter": 0,
                "extras": 1,
                "total": 1
              }
            },
            {
              "batter": "AM Rossington",
              "bowler": "BA Raine",
              "non_striker": "AG Wakely",
              "runs": {
                "batter": 6,
                "extras": 0,
                "total": 6
              }
            },
            {
              "batter": "AM Rossington",
              "bowler": "BA Raine",
              "non_striker": "AG Wakely",
              "runs": {
                "batter": 4,
                "extras": 0,
                "total": 4
              }
            },
            {
              "batter": "AM Rossington",
              "bowler": "BA Raine",
              "non_striker": "AG Wakely",
              "runs": {
                "batter": 1,
                "extras": 0,
                "total": 1
              }
            },
            {
              "batter": "AG Wakely",
              "bowler": "BA Raine",
              "non_striker": "AM Rossington",
              "runs": {
                "batter": 1,
                "extras": 0,
                "total": 1
              }
            },
            {
              "batter": "AM Rossington",
              "bowler": "BA Raine",
              "non_striker": "AG Wakely",
              "runs": {
                "batter": 1,
                "extras": 0,
                "total": 1
              }
            },
            {
              "batter": "AG Wakely",
              "bowler": "BA Raine",
              "non_striker": "AM Rossington",
              "runs": {
                "batter": 1,
                "extras": 0,
                "total": 1
              }
            }
          ]
        },
        {
          "over": 7,
          "deliveries": [
            {
              "batter": "AG Wakely",
              "bowler": "DJM Short",
              "non_striker": "AM Rossington",
              "runs": {
                "batter": 1,
                "extras": 0,
                "total": 1
              }
            },
            {
              "batter": "AM Rossington",
              "bowler": "DJM Short",
              "non_striker": "AG Wakely",
              "runs": {
                "batter": 1,
                "extras": 0,
                "total": 1
              }
            },
            {
              "batter": "AG Wakely",
              "bowler": "DJM Short",
              "non_striker": "AM Rossington",
              "runs": {
                "batter": 1,
                "extras": 0,
                "total": 1
              }
            },
            {
              "batter": "AM Rossington",
              "bowler": "DJM Short",
              "non_striker": "AG Wakely",
              "runs": {
                "batter": 0,
                "extras": 0,
                "total": 0
              }
            },
            {
              "batter": "AM Rossington",
              "bowler": "DJM Short",
              "non_striker": "AG Wakely",
              "runs": {
                "batter": 1,
                "extras": 0,
                "total": 1
              }
            },
            {
              "batter": "AG Wakely",
              "bowler": "DJM Short",
              "non_striker": "AM Rossington",
              "runs": {
                "batter": 2,
                "extras": 0,
                "total": 2
              }
            }
          ]
        },
        {
          "over": 8,
          "deliveries": [
            {
              "batter": "AM Rossington",
              "bowler": "L Trevaskis",
              "extras": {
                "wides": 1
              },
              "non_striker": "AG Wakely",
              "runs": {
                "batter": 0,
                "extras": 1,
                "total": 1
              }
            },
            {
              "batter": "AM Rossington",
              "bowler": "L Trevaskis",
              "non_striker": "AG Wakely",
              "runs": {
                "batter": 0,
                "extras": 0,
                "total": 0
              }
            },
            {
              "batter": "AM Rossington",
              "bowler": "L Trevaskis",
              "non_striker": "AG Wakely",
              "runs": {
                "batter": 1,
                "extras": 0,
                "total": 1
              }
            },
            {
              "batter": "AG Wakely",
              "bowler": "L Trevaskis",
              "extras": {
                "legbyes": 1
              },
              "non_striker": "AM Rossington",
              "runs": {
                "batter": 0,
                "extras": 1,
                "total": 1
              }
            },
            {
              "batter": "AM Rossington",
              "bowler": "L Trevaskis",
              "non_striker": "AG Wakely",
              "runs": {
                "batter": 0,
                "extras": 0,
                "total": 0
              }
            },
            {
              "batter": "AM Rossington",
              "bowler": "L Trevaskis",
              "non_striker": "AG Wakely",
              "runs": {
                "batter": 1,
                "extras": 0,
                "total": 1
              }
            },
            {
              "batter": "AG Wakely",
              "bowler": "L Trevaskis",
              "non_striker": "AM Rossington",
              "runs": {
                "batter": 0,
                "extras": 0,
                "total": 0
              },
              "wickets": [
                {
                  "kind": "bowled",
                  "player_out": "AG Wakely"
                }
              ]
            }
          ]
        },
        {
          "over": 9,
          "deliveries": [
            {
              "batter": "AM Rossington",
              "bowler": "DJM Short",
              "non_striker": "D Pretorius",
              "runs": {
                "batter": 1,
                "extras": 0,
                "total": 1
              }
            },
            {
              "batter": "D Pretorius",
              "bowler": "DJM Short",
              "non_striker": "AM Rossington",
              "runs": {
                "batter": 0,
                "extras": 0,
                "total": 0
              }
            },
            {
              "batter": "D Pretorius",
              "bowler": "DJM Short",
              "non_striker": "AM Rossington",
              "runs": {
                "batter": 1,
                "extras": 0,
                "total": 1
              }
            },
            {
              "batter": "AM Rossington",
              "bowler": "DJM Short",
              "non_striker": "D Pretorius",
              "runs": {
                "batter": 1,
                "extras": 0,
                "total": 1
              }
            },
            {
              "batter": "D Pretorius",
              "bowler": "DJM Short",
              "non_striker": "AM Rossington",
              "runs": {
                "batter": 2,
                "extras": 0,
                "total": 2
              }
            },
            {
              "batter": "D Pretorius",
              "bowler": "DJM Short",
              "non_striker": "AM Rossington",
              "runs": {
                "batter": 0,
                "extras": 0,
                "total": 0
              }
            }
          ]
        },
        {
          "over": 10,
          "deliveries": [
            {
              "batter": "AM Rossington",
              "bowler": "L Trevaskis",
              "non_striker": "D Pretorius",
              "runs": {
                "batter": 2,
                "extras": 0,
                "total": 2
              }
            },
            {
              "batter": "AM Rossington",
              "bowler": "L Trevaskis",
              "non_striker": "D Pretorius",
              "runs": {
                "batter": 1,
                "extras": 0,
                "total": 1
              }
            },
            {
              "batter": "D Pretorius",
              "bowler": "L Trevaskis",
              "non_striker": "AM Rossington",
              "runs": {
                "batter": 0,
                "extras": 0,
                "total": 0
              }
            },
            {
              "batter": "D Pretorius",
              "bowler": "L Trevaskis",
              "non_striker": "AM Rossington",
              "runs": {
                "batter": 0,
                "extras": 0,
                "total": 0
              }
            },
            {
              "batter": "D Pretorius",
              "bowler": "L Trevaskis",
              "non_striker": "AM Rossington",
              "runs": {
                "batter": 1,
                "extras": 0,
                "total": 1
              }
            },
            {
              "batter": "AM Rossington",
              "bowler": "L Trevaskis",
              "non_striker": "D Pretorius",
              "runs": {
                "batter": 4,
                "extras": 0,
                "total": 4
              }
            }
          ]
        },
        {
          "over": 11,
          "deliveries": [
            {
              "batter": "D Pretorius",
              "bowler": "DJM Short",
              "non_striker": "AM Rossington",
              "runs": {
                "batter": 0,
                "extras": 0,
                "total": 0
              }
            },
            {
              "batter": "D Pretorius",
              "bowler": "DJM Short",
              "non_striker": "AM Rossington",
              "runs": {
                "batter": 1,
                "extras": 0,
                "total": 1
              }
            },
            {
              "batter": "AM Rossington",
              "bowler": "DJM Short",
              "non_striker": "D Pretorius",
              "runs": {
                "batter": 0,
                "extras": 0,
                "total": 0
              },
              "wickets": [
                {
                  "kind": "caught",
                  "player_out": "AM Rossington",
                  "fielders": [
                    {
                      "name": "SW Poynter"
                    }
                  ]
                }
              ]
            },
            {
              "batter": "RI Keogh",
              "bowler": "DJM Short",
              "non_striker": "D Pretorius",
              "runs": {
                "batter": 1,
                "extras": 0,
                "total": 1
              }
            },
            {
              "batter": "D Pretorius",
              "bowler": "DJM Short",
              "non_striker": "RI Keogh",
              "runs": {
                "batter": 1,
                "extras": 0,
                "total": 1
              }
            },
            {
              "batter": "RI Keogh",
              "bowler": "DJM Short",
              "non_striker": "D Pretorius",
              "runs": {
                "batter": 1,
                "extras": 0,
                "total": 1
              }
            }
          ]
        },
        {
          "over": 12,
          "deliveries": [
            {
              "batter": "RI Keogh",
              "bowler": "L Trevaskis",
              "non_striker": "D Pretorius",
              "runs": {
                "batter": 1,
                "extras": 0,
                "total": 1
              }
            },
            {
              "batter": "D Pretorius",
              "bowler": "L Trevaskis",
              "non_striker": "RI Keogh",
              "runs": {
                "batter": 1,
                "extras": 0,
                "total": 1
              }
            },
            {
              "batter": "RI Keogh",
              "bowler": "L Trevaskis",
              "non_striker": "D Pretorius",
              "runs": {
                "batter": 1,
                "extras": 0,
                "total": 1
              }
            },
            {
              "batter": "D Pretorius",
              "bowler": "L Trevaskis",
              "non_striker": "RI Keogh",
              "runs": {
                "batter": 6,
                "extras": 0,
                "total": 6
              }
            },
            {
              "batter": "D Pretorius",
              "bowler": "L Trevaskis",
              "non_striker": "RI Keogh",
              "runs": {
                "batter": 4,
                "extras": 0,
                "total": 4
              }
            },
            {
              "batter": "D Pretorius",
              "bowler": "L Trevaskis",
              "non_striker": "RI Keogh",
              "runs": {
                "batter": 1,
                "extras": 0,
                "total": 1
              }
            }
          ]
        },
        {
          "over": 13,
          "deliveries": [
            {
              "batter": "D Pretorius",
              "bowler": "DJM Short",
              "non_striker": "RI Keogh",
              "runs": {
                "batter": 1,
                "extras": 0,
                "total": 1
              }
            },
            {
              "batter": "RI Keogh",
              "bowler": "DJM Short",
              "non_striker": "D Pretorius",
              "runs": {
                "batter": 1,
                "extras": 0,
                "total": 1
              }
            },
            {
              "batter": "D Pretorius",
              "bowler": "DJM Short",
              "non_striker": "RI Keogh",
              "runs": {
                "batter": 0,
                "extras": 0,
                "total": 0
              },
              "wickets": [
                {
                  "kind": "caught",
                  "player_out": "D Pretorius",
                  "fielders": [
                    {
                      "name": "JTA Burnham"
                    }
                  ]
                }
              ]
            },
            {
              "batter": "RI Keogh",
              "bowler": "DJM Short",
              "non_striker": "Faheem Ashraf",
              "runs": {
                "batter": 1,
                "extras": 0,
                "total": 1
              }
            },
            {
              "batter": "Faheem Ashraf",
              "bowler": "DJM Short",
              "non_striker": "RI Keogh",
              "runs": {
                "batter": 0,
                "extras": 0,
                "total": 0
              }
            },
            {
              "batter": "Faheem Ashraf",
              "bowler": "DJM Short",
              "non_striker": "RI Keogh",
              "runs": {
                "batter": 1,
                "extras": 0,
                "total": 1
              }
            }
          ]
        },
        {
          "over": 14,
          "deliveries": [
            {
              "batter": "Faheem Ashraf",
              "bowler": "NJ Rimmington",
              "non_striker": "RI Keogh",
              "runs": {
                "batter": 0,
                "extras": 0,
                "total": 0
              }
            },
            {
              "batter": "Faheem Ashraf",
              "bowler": "NJ Rimmington",
              "non_striker": "RI Keogh",
              "runs": {
                "batter": 0,
                "extras": 0,
                "total": 0
              },
              "wickets": [
                {
                  "kind": "caught",
                  "player_out": "Faheem Ashraf",
                  "fielders": [
                    {
                      "name": "JTA Burnham"
                    }
                  ]
                }
              ]
            },
            {
              "batter": "RI Keogh",
              "bowler": "NJ Rimmington",
              "non_striker": "TB Sole",
              "runs": {
                "batter": 1,
                "extras": 0,
                "total": 1
              }
            },
            {
              "batter": "TB Sole",
              "bowler": "NJ Rimmington",
              "extras": {
                "wides": 1
              },
              "non_striker": "RI Keogh",
              "runs": {
                "batter": 0,
                "extras": 1,
                "total": 1
              }
            },
            {
              "batter": "TB Sole",
              "bowler": "NJ Rimmington",
              "non_striker": "RI Keogh",
              "runs": {
                "batter": 0,
                "extras": 0,
                "total": 0
              }
            },
            {
              "batter": "TB Sole",
              "bowler": "NJ Rimmington",
              "non_striker": "RI Keogh",
              "runs": {
                "batter": 1,
                "extras": 0,
                "total": 1
              }
            },
            {
              "batter": "RI Keogh",
              "bowler": "NJ Rimmington",
              "non_striker": "TB Sole",
              "runs": {
                "batter": 1,
                "extras": 0,
                "total": 1
              }
            }
          ]
        },
        {
          "over": 15,
          "deliveries": [
            {
              "batter": "RI Keogh",
              "bowler": "BA Carse",
              "non_striker": "TB Sole",
              "runs": {
                "batter": 1,
                "extras": 0,
                "total": 1
              }
            },
            {
              "batter": "TB Sole",
              "bowler": "BA Carse",
              "non_striker": "RI Keogh",
              "runs": {
                "batter": 2,
                "extras": 0,
                "total": 2
              }
            },
            {
              "batter": "TB Sole",
              "bowler": "BA Carse",
              "non_striker": "RI Keogh",
              "runs": {
                "batter": 4,
                "extras": 0,
                "total": 4
              }
            },
            {
              "batter": "TB Sole",
              "bowler": "BA Carse",
              "non_striker": "RI Keogh",
              "runs": {
                "batter": 0,
                "extras": 0,
                "total": 0
              },
              "wickets": [
                {
                  "kind": "caught",
                  "player_out": "TB Sole",
                  "fielders": [
                    {
                      "name": "AZ Lees"
                    }
                  ]
                }
              ]
            },
            {
              "batter": "RI Keogh",
              "bowler": "BA Carse",
              "non_striker": "GG White",
              "runs": {
                "batter": 1,
                "extras": 0,
                "total": 1
              }
            },
            {
              "batter": "GG White",
              "bowler": "BA Carse",
              "non_striker": "RI Keogh",
              "runs": {
                "batter": 1,
                "extras": 0,
                "total": 1
              }
            }
          ]
        },
        {
          "over": 16,
          "deliveries": [
            {
              "batter": "GG White",
              "bowler": "NJ Rimmington",
              "non_striker": "RI Keogh",
              "runs": {
                "batter": 0,
                "extras": 0,
                "total": 0
              }
            },
            {
              "batter": "GG White",
              "bowler": "NJ Rimmington",
              "extras": {
                "wides": 1
              },
              "non_striker": "RI Keogh",
              "runs": {
                "batter": 0,
                "extras": 1,
                "total": 1
              }
            },
            {
              "batter": "GG White",
              "bowler": "NJ Rimmington",
              "non_striker": "RI Keogh",
              "runs": {
                "batter": 4,
                "extras": 0,
                "total": 4
              }
            },
            {
              "batter": "GG White",
              "bowler": "NJ Rimmington",
              "non_striker": "RI Keogh",
              "runs": {
                "batter": 0,
                "extras": 0,
                "total": 0
              }
            },
            {
              "batter": "GG White",
              "bowler": "NJ Rimmington",
              "non_striker": "RI Keogh",
              "runs": {
                "batter": 1,
                "extras": 0,
                "total": 1
              }
            },
            {
              "batter": "RI Keogh",
              "bowler": "NJ Rimmington",
              "non_striker": "GG White",
              "runs": {
                "batter": 4,
                "extras": 0,
                "total": 4
              }
            },
            {
              "batter": "RI Keogh",
              "bowler": "NJ Rimmington",
              "non_striker": "GG White",
              "runs": {
                "batter": 2,
                "extras": 0,
                "total": 2
              }
            }
          ]
        },
        {
          "over": 17,
          "deliveries": [
            {
              "batter": "GG White",
              "bowler": "BA Carse",
              "extras": {
                "wides": 1
              },
              "non_striker": "RI Keogh",
              "runs": {
                "batter": 0,
                "extras": 1,
                "total": 1
              }
            },
            {
              "batter": "GG White",
              "bowler": "BA Carse",
              "non_striker": "RI Keogh",
              "runs": {
                "batter": 1,
                "extras": 0,
                "total": 1
              }
            },
            {
              "batter": "RI Keogh",
              "bowler": "BA Carse",
              "non_striker": "GG White",
              "runs": {
                "batter": 1,
                "extras": 0,
                "total": 1
              }
            },
            {
              "batter": "GG White",
              "bowler": "BA Carse",
              "non_striker": "RI Keogh",
              "runs": {
                "batter": 4,
                "extras": 0,
                "total": 4
              }
            },
            {
              "batter": "GG White",
              "bowler": "BA Carse",
              "extras": {
                "legbyes": 1
              },
              "non_striker": "RI Keogh",
              "runs": {
                "batter": 0,
                "extras": 1,
                "total": 1
              }
            },
            {
              "batter": "RI Keogh",
              "bowler": "BA Carse",
              "non_striker": "GG White",
              "runs": {
                "batter": 2,
                "extras": 0,
                "total": 2
              }
            },
            {
              "batter": "RI Keogh",
              "bowler": "BA Carse",
              "extras": {
                "legbyes": 1
              },
              "non_striker": "GG White",
              "runs": {
                "batter": 0,
                "extras": 1,
                "total": 1
              }
            }
          ]
        },
        {
          "over": 18,
          "deliveries": [
            {
              "batter": "RI Keogh",
              "bowler": "NJ Rimmington",
              "non_striker": "GG White",
              "runs": {
                "batter": 0,
                "extras": 0,
                "total": 0
              }
            },
            {
              "batter": "RI Keogh",
              "bowler": "NJ Rimmington",
              "non_striker": "GG White",
              "runs": {
                "batter": 2,
                "extras": 0,
                "total": 2
              }
            },
            {
              "batter": "RI Keogh",
              "bowler": "NJ Rimmington",
              "non_striker": "GG White",
              "runs": {
                "batter": 2,
                "extras": 0,
                "total": 2
              }
            },
            {
              "batter": "RI Keogh",
              "bowler": "NJ Rimmington",
              "non_striker": "GG White",
              "runs": {
                "batter": 1,
                "extras": 0,
                "total": 1
              }
            },
            {
              "batter": "GG White",
              "bowler": "NJ Rimmington",
              "non_striker": "RI Keogh",
              "runs": {
                "batter": 0,
                "extras": 0,
                "total": 0
              }
            },
            {
              "batter": "GG White",
              "bowler": "NJ Rimmington",
              "non_striker": "RI Keogh",
              "runs": {
                "batter": 0,
                "extras": 0,
                "total": 0
              }
            }
          ]
        },
        {
          "over": 19,
          "deliveries": [
            {
              "batter": "RI Keogh",
              "bowler": "MJ Potts",
              "non_striker": "GG White",
              "runs": {
                "batter": 4,
                "extras": 0,
                "total": 4
              }
            },
            {
              "batter": "RI Keogh",
              "bowler": "MJ Potts",
              "non_striker": "GG White",
              "runs": {
                "batter": 1,
                "extras": 0,
                "total": 1
              }
            },
            {
              "batter": "GG White",
              "bowler": "MJ Potts",
              "non_striker": "RI Keogh",
              "runs": {
                "batter": 0,
                "extras": 0,
                "total": 0
              },
              "wickets": [
                {
                  "kind": "run out",
                  "player_out": "GG White"
                }
              ]
            },
            {
              "batter": "BW Sanderson",
              "bowler": "MJ Potts",
              "non_striker": "RI Keogh",
              "runs": {
                "batter": 1,
                "extras": 0,
                "total": 1
              }
            },
            {
              "batter": "RI Keogh",
              "bowler": "MJ Potts",
              "non_striker": "BW Sanderson",
              "runs": {
                "batter": 1,
                "extras": 0,
                "total": 1
              }
            },
            {
              "batter": "BW Sanderson",
              "bowler": "MJ Potts",
              "non_striker": "RI Keogh",
              "runs": {
                "batter": 0,
                "extras": 0,
                "total": 0
              }
            }
          ]
        }
      ],
      "powerplays": [
        {
          "from": 0.1,
          "to": 5.6,
          "type": "mandatory"
        }
      ],
      "target": {
        "overs": 20,
        "runs": 149
      }
    }
  ]
}