{
  "meta": {
    "data_version": "1.0.0",
    "created": "2019-12-27",
    "revision": 1
  },
  "info": {
    "balls_per_over": 6,
    "city": "Southampton",
    "dates": [
      "2019-08-02"
    ],
    "event": {
      "name": "Vitality Blast",
      "group": "South"
    },
    "gender": "male",
    "match_type": "T20",
    "officials": {
      "umpires": [
        "BJ Debenham",
        "M Burns"
      ]
    },
    "outcome": {
      "winner": "Hampshire",
      "by": {
        "runs": 41
      }
    },
    "overs": 20,
    "player_of_match": [
      "LA Dawson"
    ],
    "players": {
      "Hampshire": [
        "AHT Donald",
        "RR Rossouw",
        "JM Vince",
        "SA Northeast",
        "LA Dawson",
        "CH Morris",
        "JK Fuller",
        "LD McManus",
        "CP Wood",
        "KJ Abbott",
        "MS Crane"
      ],
      "Glamorgan": [
        "DL Lloyd",
        "Fakhar Zaman",
        "CA Ingram",
        "WT Root",
        "CB Cooke",
        "JL Lawlor",
        "DA Douthwaite",
        "M de Lange",
        "GG Wagg",
        "AG Salter",
        "LJ Carey"
      ]
    },
    "registry": {
      "people": {
        "AG Salter": "1a45b864",
        "AHT Donald": "72918338",
        "BJ Debenham": "524a3a82",
        "CA Ingram": "c995d726",
        "CB Cooke": "6755cd5c",
        "CH Morris": "fb66ce1f",
        "CP Wood": "1cfac535",
        "DA Douthwaite": "03df7a25",
        "DL Lloyd": "0c7f11be",
        "Fakhar Zaman": "1777c020",
        "GG Wagg": "450f6fa6",
        "JK Fuller": "dda5aae5",
        "JL Lawlor": "a7e20a07",
        "JM Vince": "a15618fe",
        "KJ Abbott": "a9da7784",
        "LA Dawson": "4a461c24",
        "LD McManus": "6feb46a4",
        "LJ Carey": "5e6d1a54",
        "M Burns": "b3bd0666",
        "M de Lange": "d4eef961",
        "MS Crane": "f0a0204e",
        "RR Rossouw": "cad00a4d",
        "SA Northeast": "7e4c8ba3",
        "WT Root": "72898514"
      }
    },
    "season": "2019",
    "team_type": "club",
    "teams": [
      "Hampshire",
      "Glamorgan"
    ],
    "toss": {
      "decision": "bat",
      "winner": "Hampshire"
    },
    "venue": "The Rose Bowl"
  },
  "innings": [
    {
      "team": "Hampshire",
      "overs": [
        {
          "over": 0,
          "deliveries": [
            {
              "batter": "AHT Donald",
              "bowler": "AG Salter",
              "non_striker": "RR Rossouw",
              "runs": {
                "batter": 1,
                "extras": 0,
                "total": 1
              }
            },
            {
              "batter": "RR Rossouw",
              "bowler": "AG Salter",
              "non_striker": "AHT Donald",
              "runs": {
                "batter": 2,
                "extras": 0,
                "total": 2
              }
            },
            {
              "batter": "RR Rossouw",
              "bowler": "AG Salter",
              "non_striker": "AHT Donald",
              "runs": {
                "batter": 0,
                "extras": 0,
                "total": 0
              }
            },
            {
              "batter": "RR Rossouw",
              "bowler": "AG Salter",
              "non_striker": "AHT Donald",
              "runs": {
                "batter": 1,
                "extras": 0,
                "total": 1
              }
            },
            {
              "batter": "AHT Donald",
              "bowler": "AG Salter",
              "non_striker": "RR Rossouw",
              "runs": {
                "batter": 1,
                "extras": 0,
                "total": 1
              }
            },
            {
              "batter": "RR Rossouw",
              "bowler": "AG Salter",
              "non_striker": "AHT Donald",
              "runs": {
                "batter": 1,
                "extras": 0,
                "total": 1
              }
            }
          ]
        },
        {
          "over": 1,
          "deliveries": [
            {
              "batter": "RR Rossouw",
              "bowler": "M de Lange",
              "non_striker": "AHT Donald",
              "runs": {
                "batter": 0,
                "extras": 0,
                "total": 0
              }
            },
            {
              "batter": "RR Rossouw",
              "bowler": "M de Lange",
              "non_striker": "AHT Donald",
              "runs": {
                "batter": 1,
                "extras": 0,
                "total": 1
              }
            },
            {
              "batter": "AHT Donald",
              "bowler": "M de Lange",
              "non_striker": "RR Rossouw",
              "runs": {
                "batter": 1,
                "extras": 0,
                "total": 1
              }
            },
            {
              "batter": "RR Rossouw",
              "bowler": "M de Lange",
              "non_striker": "AHT Donald",
              "runs": {
                "batter": 2,
                "extras": 0,
                "total": 2
              }
            },
            {
              "batter": "RR Rossouw",
              "bowler": "M de Lange",
              "non_striker": "AHT Donald",
              "runs": {
                "batter": 2,
                "extras": 0,
                "total": 2
              }
            },
            {
              "batter": "RR Rossouw",
              "bowler": "M de Lange",
              "non_striker": "AHT Donald",
              "runs": {
                "batter": 0,
                "extras": 0,
                "total": 0
              }
            }
          ]
        },
        {
          "over": 2,
          "deliveries": [
            {
              "batter": "AHT Donald",
              "bowler": "LJ Carey",
              "non_striker": "RR Rossouw",
              "runs": {
                "batter": 0,
                "extras": 0,
                "total": 0
              }
            },
            {
              "batter": "AHT Donald",
              "bowler": "LJ Carey",
              "non_striker": "RR Rossouw",
              "runs": {
                "batter": 0,
                "extras": 0,
                "total": 0
              },
              "wickets": [
                {
                  "kind": "caught",
                  "player_out": "AHT Donald",
                  "fielders": [
                    {
                      "name": "JL Lawlor"
                    }
                  ]
                }
              ]
            },
            {
              "batter": "RR Rossouw",
              "bowler": "LJ Carey",
              "non_striker": "JM Vince",
              "runs": {
                "batter": 0,
                "extras": 0,
                "total": 0
              }
            },
            {
              "batter": "RR Rossouw",
              "bowler": "LJ Carey",
              "non_striker": "JM Vince",
              "runs": {
                "batter": 0,
                "extras": 0,
                "total": 0
              }
            },
            {
              "batter": "RR Rossouw",
              "bowler": "LJ Carey",
              "non_striker": "JM Vince",
              "runs": {
                "batter": 0,
                "extras": 0,
                "total": 0
              }
            },
            {
              "batter": "RR Rossouw",
              "bowler": "LJ Carey",
              "non_striker": "JM Vince",
              "runs": {
                "batter": 2,
                "extras": 0,
                "total": 2
              }
            }
          ]
        },
        {
          "over": 3,
          "deliveries": [
            {
              "batter": "JM Vince",
              "bowler": "M de Lange",
              "non_striker": "RR Rossouw",
              "runs": {
                "batter": 0,
                "extras": 0,
                "total": 0
              }
            },
            {
              "batter": "JM Vince",
              "bowler": "M de Lange",
              "non_striker": "RR Rossouw",
              "runs": {
                "batter": 0,
                "extras": 0,
                "total": 0
              }
            },
            {
              "batter": "JM Vince",
              "bowler": "M de Lange",
              "non_striker": "RR Rossouw",
              "runs": {
                "batter": 1,
                "extras": 0,
                "total": 1
              }
            },
            {
              "batter": "RR Rossouw",
              "bowler": "M de Lange",
              "non_striker": "JM Vince",
              "runs": {
                "batter": 0,
                "extras": 0,
                "total": 0
              }
            },
            {
              "batter": "RR Rossouw",
              "bowler": "M de Lange",
              "non_striker": "JM Vince",
              "runs": {
                "batter": 4,
                "extras": 0,
                "total": 4
              }
            },
            {
              "batter": "RR Rossouw",
              "bowler": "M de Lange",
              "non_striker": "JM Vince",
              "runs": {
                "batter": 0,
                "extras": 0,
                "total": 0
              },
              "wickets": [
                {
                  "kind": "bowled",
                  "player_out": "RR Rossouw"
                }
              ]
            }
          ]
        },
        {
          "over": 4,
          "deliveries": [
            {
              "batter": "JM Vince",
              "bowler": "LJ Carey",
              "non_striker": "SA Northeast",
              "runs": {
                "batter": 1,
                "extras": 0,
                "total": 1
              }
            },
            {
              "batter": "SA Northeast",
              "bowler": "LJ Carey",
              "non_striker": "JM Vince",
              "runs": {
                "batter": 0,
                "extras": 0,
                "total": 0
              }
            },
            {
              "batter": "SA Northeast",
              "bowler": "LJ Carey",
              "non_striker": "JM Vince",
              "runs": {
                "batter": 1,
                "extras": 0,
                "total": 1
              }
            },
            {
              "batter": "JM Vince",
              "bowler": "LJ Carey",
              "non_striker": "SA Northeast",
              "runs": {
                "batter": 4,
                "extras": 0,
                "total": 4
              }
            },
            {
              "batter": "JM Vince",
              "bowler": "LJ Carey",
              "non_striker": "SA Northeast",
              "runs": {
                "batter": 0,
                "extras": 0,
                "total": 0
              }
            },
            {
              "batter": "JM Vince",
              "bowler": "LJ Carey",
              "non_striker": "SA Northeast",
              "runs": {
                "batter": 0,
                "extras": 0,
                "total": 0
              }
            }
          ]
        },
        {
          "over": 5,
          "deliveries": [
            {
              "batter": "SA Northeast",
              "bowler": "GG Wagg",
              "non_striker": "JM Vince",
              "runs": {
                "batter": 0,
                "extras": 0,
                "total": 0
              }
            },
            {
              "batter": "SA Northeast",
              "bowler": "GG Wagg",
              "non_striker": "JM Vince",
              "runs": {
                "batter": 1,
                "extras": 0,
                "total": 1
              }
            },
            {
              "batter": "JM Vince",
              "bowler": "GG Wagg",
              "non_striker": "SA Northeast",
              "runs": {
                "batter": 4,
                "extras": 0,
                "total": 4
              }
            },
            {
              "batter": "JM Vince",
              "bowler": "GG Wagg",
              "non_striker": "SA Northeast",
              "runs": {
                "batter": 0,
                "extras": 0,
                "total": 0
              }
            },
            {
              "batter": "JM Vince",
              "bowler": "GG Wagg",
              "non_striker": "SA Northeast",
              "runs": {
                "batter": 1,
                "extras": 0,
                "total": 1
              }
            },
            {
              "batter": "SA Northeast",
              "bowler": "GG Wagg",
              "non_striker": "JM Vince",
              "runs": {
                "batter": 1,
                "extras": 0,
                "total": 1
              }
            }
          ]
        },
        {
          "over": 6,
          "deliveries": [
            {
              "batter": "SA Northeast",
              "bowler": "Fakhar Zaman",
              "non_striker": "JM Vince",
              "runs": {
                "batter": 0,
                "extras": 0,
                "total": 0
              }
            },
            {
              "batter": "SA Northeast",
              "bowler": "Fakhar Zaman",
              "non_striker": "JM Vince",
              "runs": {
                "batter": 1,
                "extras": 0,
                "total": 1
              }
            },
            {
              "batter": "JM Vince",
              "bowler": "Fakhar Zaman",
              "non_striker": "SA Northeast",
              "runs": {
                "batter": 1,
                "extras": 0,
                "total": 1
              }
            },
            {
              "batter": "SA Northeast",
              "bowler": "Fakhar Zaman",
              "non_striker": "JM Vince",
              "runs": {
                "batter": 0,
                "extras": 0,
                "total": 0
              }
            },
            {
              "batter": "SA Northeast",
              "bowler": "Fakhar Zaman",
              "non_striker": "JM Vince",
              "runs": {
                "batter": 1,
                "extras": 0,
                "total": 1
              }
            },
            {
              "batter": "JM Vince",
              "bowler": "Fakhar Zaman",
              "non_striker": "SA Northeast",
              "runs": {
                "batter": 1,
                "extras": 0,
                "total": 1
              }
            }
          ]
        },
        {
          "over": 7,
          "deliveries": [
            {
              "batter": "JM Vince",
              "bowler": "DA Douthwaite",
              "non_striker": "SA Northeast",
              "runs": {
                "batter": 0,
                "extras": 0,
                "total": 0
              }
            },
            {
              "batter": "JM Vince",
              "bowler": "DA Douthwaite",
              "non_striker": "SA Northeast",
              "runs": {
                "batter": 4,
                "extras": 0,
                "total": 4
              }
            },
            {
              "batter": "JM Vince",
              "bowler": "DA Douthwaite",
              "non_striker": "SA Northeast",
              "runs": {
                "batter": 0,
                "extras": 0,
                "total": 0
              }
            },
            {
              "batter": "JM Vince",
              "bowler": "DA Douthwaite",
              "non_striker": "SA Northeast",
              "runs": {
                "batter": 2,
                "extras": 0,
                "total": 2
              }
            },
            {
              "batter": "JM Vince",
              "bowler": "DA Douthwaite",
              "non_striker": "SA Northeast",
              "runs": {
                "batter": 1,
                "extras": 0,
                "total": 1
              }
            },
            {
              "batter": "SA Northeast",
              "bowler": "DA Douthwaite",
              "non_striker": "JM Vince",
              "runs": {
                "batter": 1,
                "extras": 0,
                "total": 1
              }
            }
          ]
        },
        {
          "over": 8,
          "deliveries": [
            {
              "batter": "SA Northeast",
              "bowler": "Fakhar Zaman",
              "non_striker": "JM Vince",
              "runs": {
                "batter": 1,
                "extras": 0,
                "total": 1
              }
            },
            {
              "batter": "JM Vince",
              "bowler": "Fakhar Zaman",
              "non_striker": "SA Northeast",
              "runs": {
                "batter": 1,
                "extras": 0,
                "total": 1
              }
            },
            {
              "batter": "SA Northeast",
              "bowler": "Fakhar Zaman",
              "non_striker": "JM Vince",
              "runs": {
                "batter": 2,
                "extras": 0,
                "total": 2
              }
            },
            {
              "batter": "SA Northeast",
              "bowler": "Fakhar Zaman",
              "non_striker": "JM Vince",
              "runs": {
                "batter": 0,
                "extras": 0,
                "total": 0
              },
              "wickets": [
                {
                  "kind": "stumped",
                  "player_out": "SA Northeast",
                  "fielders": [
                    {
                      "name": "CB Cooke"
                    }
                  ]
                }
              ]
            },
            {
              "batter": "LA Dawson",
              "bowler": "Fakhar Zaman",
              "non_striker": "JM Vince",
              "runs": {
                "batter": 1,
                "extras": 0,
                "total": 1
              }
            },
            {
              "batter": "JM Vince",
              "bowler": "Fakhar Zaman",
              "non_striker": "LA Dawson",
              "runs": {
                "batter": 1,
                "extras": 0,
                "total": 1
              }
            }
          ]
        },
        {
          "over": 9,
          "deliveries": [
            {
              "batter": "JM Vince",
              "bowler": "AG Salter",
              "non_striker": "LA Dawson",
              "runs": {
                "batter": 3,
                "extras": 0,
                "total": 3
              }
            },
            {
              "batter": "LA Dawson",
              "bowler": "AG Salter",
              "non_striker": "JM Vince",
              "runs": {
                "batter": 2,
                "extras": 0,
                "total": 2
              }
            },
            {
              "batter": "LA Dawson",
              "bowler": "AG Salter",
              "non_striker": "JM Vince",
              "runs": {
                "batter": 1,
                "extras": 0,
                "total": 1
              }
            },
            {
              "batter": "JM Vince",
              "bowler": "AG Salter",
              "non_striker": "LA Dawson",
              "runs": {
                "batter": 0,
                "extras": 0,
                "total": 0
              },
              "wickets": [
                {
                  "kind": "caught",
                  "player_out": "JM Vince",
                  "fielders": [
                    {
                      "name": "M de Lange"
                    }
                  ]
                }
              ]
            },
            {
              "batter": "LA Dawson",
              "bowler": "AG Salter",
              "non_striker": "CH Morris",
              "runs": {
                "batter": 1,
                "extras": 0,
                "total": 1
              }
            },
            {
              "batter": "CH Morris",
              "bowler": "AG Salter",
              "non_striker": "LA Dawson",
              "runs": {
                "batter": 0,
                "extras": 0,
                "total": 0
              }
            }
          ]
        },
        {
          "over": 10,
          "deliveries": [
            {
              "batter": "LA Dawson",
              "bowler": "Fakhar Zaman",
              "non_striker": "CH Morris",
              "runs": {
                "batter": 1,
                "extras": 0,
                "total": 1
              }
            },
            {
              "batter": "CH Morris",
              "bowler": "Fakhar Zaman",
              "non_striker": "LA Dawson",
              "runs": {
                "batter": 0,
                "extras": 0,
                "total": 0
              }
            },
            {
              "batter": "CH Morris",
              "bowler": "Fakhar Zaman",
              "non_striker": "LA Dawson",
              "runs": {
                "batter": 0,
                "extras": 0,
                "total": 0
              }
            },
            {
              "batter": "CH Morris",
              "bowler": "Fakhar Zaman",
              "non_striker": "LA Dawson",
              "runs": {
                "batter": 0,
                "extras": 0,
                "total": 0
              }
            },
            {
              "batter": "CH Morris",
              "bowler": "Fakhar Zaman",
              "non_striker": "LA Dawson",
              "runs": {
                "batter": 1,
                "extras": 0,
                "total": 1
              }
            },
            {
              "batter": "LA Dawson",
              "bowler": "Fakhar Zaman",
              "non_striker": "CH Morris",
              "runs": {
                "batter": 0,
                "extras": 0,
                "total": 0
              }
            }
          ]
        },
        {
          "over": 11,
          "deliveries": [
            {
              "batter": "CH Morris",
              "bowler": "AG Salter",
              "non_striker": "LA Dawson",
              "runs": {
                "batter": 1,
                "extras": 0,
                "total": 1
              }
            },
            {
              "batter": "LA Dawson",
              "bowler": "AG Salter",
              "non_striker": "CH Morris",
              "runs": {
                "batter": 1,
                "extras": 0,
                "total": 1
              }
            },
            {
              "batter": "CH Morris",
              "bowler": "AG Salter",
              "non_striker": "LA Dawson",
              "runs": {
                "batter": 1,
                "extras": 0,
                "total": 1
              }
            },
            {
              "batter": "LA Dawson",
              "bowler": "AG Salter",
              "non_striker": "CH Morris",
              "runs": {
                "batter": 2,
                "extras": 0,
                "total": 2
              }
            },
            {
              "batter": "LA Dawson",
              "bowler": "AG Salter",
              "non_striker": "CH Morris",
              "runs": {
                "batter": 4,
                "extras": 0,
                "total": 4
              }
            },
            {
              "batter": "LA Dawson",
              "bowler": "AG Salter",
              "non_striker": "CH Morris",
              "runs": {
                "batter": 0,
                "extras": 0,
                "total": 0
              }
            }
          ]
        },
        {
          "over": 12,
          "deliveries": [
            {
              "batter": "CH Morris",
              "bowler": "Fakhar Zaman",
              "non_striker": "LA Dawson",
              "runs": {
                "batter": 1,
                "extras": 0,
                "total": 1
              }
            },
            {
              "batter": "LA Dawson",
              "bowler": "Fakhar Zaman",
              "non_striker": "CH Morris",
              "runs": {
                "batter": 1,
                "extras": 0,
                "total": 1
              }
            },
            {
              "batter": "CH Morris",
              "bowler": "Fakhar Zaman",
              "non_striker": "LA Dawson",
              "runs": {
                "batter": 0,
                "extras": 0,
                "total": 0
              }
            },
            {
              "batter": "CH Morris",
              "bowler": "Fakhar Zaman",
              "non_striker": "LA Dawson",
              "runs": {
                "batter": 0,
                "extras": 0,
                "total": 0
              }
            },
            {
              "batter": "CH Morris",
              "bowler": "Fakhar Zaman",
              "non_striker": "LA Dawson",
              "runs": {
                "batter": 1,
                "extras": 0,
                "total": 1
              }
            },
            {
              "batter": "LA Dawson",
              "bowler": "Fakhar Zaman",
              "non_striker": "CH Morris",
              "runs": {
                "batter": 0,
                "extras": 0,
                "total": 0
              }
            }
          ]
        },
        {
          "over": 13,
          "deliveries": [
            {
              "batter": "CH Morris",
              "bowler": "AG Salter",
              "non_striker": "LA Dawson",
              "runs": {
                "batter": 1,
                "extras": 0,
                "total": 1
              }
            },
            {
              "batter": "LA Dawson",
              "bowler": "AG Salter",
              "non_striker": "CH Morris",
              "runs": {
                "batter": 1,
                "extras": 0,
                "total": 1
              }
            },
            {
              "batter": "CH Morris",
              "bowler": "AG Salter",
              "non_striker": "LA Dawson",
              "runs": {
                "batter": 4,
                "extras": 0,
                "total": 4
              }
            },
            {
              "batter": "CH Morris",
              "bowler": "AG Salter",
              "non_striker": "LA Dawson",
              "runs": {
                "batter": 1,
                "extras": 0,
                "total": 1
              }
            },
            {
              "batter": "LA Dawson",
              "bowler": "AG Salter",
              "non_striker": "CH Morris",
              "runs": {
                "batter": 1,
                "extras": 0,
                "total": 1
              }
            },
            {
              "batter": "CH Morris",
              "bowler": "AG Salter",
              "non_striker": "LA Dawson",
              "runs": {
                "batter": 1,
                "extras": 0,
                "total": 1
              }
            }
          ]
        },
        {
          "over": 14,
          "deliveries": [
            {
              "batter": "CH Morris",
              "bowler": "GG Wagg",
              "non_striker": "LA Dawson",
              "runs": {
                "batter": 1,
                "extras": 0,
                "total": 1
              }
            },
            {
              "batter": "LA Dawson",
              "bowler": "GG Wagg",
              "non_striker": "CH Morris",
              "runs": {
                "batter": 1,
                "extras": 0,
                "total": 1
              }
            },
            {
              "batter": "CH Morris",
              "bowler": "GG Wagg",
              "extras": {
                "wides": 1
              },
              "non_striker": "LA Dawson",
              "runs": {
                "batter": 0,
                "extras": 1,
                "total": 1
              }
            },
            {
              "batter": "CH Morris",
              "bowler": "GG Wagg",
              "non_striker": "LA Dawson",
              "runs": {
                "batter": 2,
                "extras": 0,
                "total": 2
              }
            },
            {
              "batter": "CH Morris",
              "bowler": "GG Wagg",
              "non_striker": "LA Dawson",
              "runs": {
                "batter": 0,
                "extras": 0,
                "total": 0
              },
              "wickets": [
                {
                  "kind": "caught",
                  "player_out": "CH Morris",
                  "fielders": [
                    {
                      "name": "JL Lawlor"
                    }
                  ]
                }
              ]
            },
            {
              "batter": "LA Dawson",
              "bowler": "GG Wagg",
              "non_striker": "JK Fuller",
              "runs": {
                "batter": 1,
                "extras": 0,
                "total": 1
              }
            },
            {
              "batter": "JK Fuller",
              "bowler": "GG Wagg",
              "non_striker": "LA Dawson",
              "runs": {
                "batter": 1,
                "extras": 0,
                "total": 1
              }
            }
          ]
        },
        {
          "over": 15,
          "deliveries": [
            {
              "batter": "JK Fuller",
              "bowler": "LJ Carey",
              "non_striker": "LA Dawson",
              "runs": {
                "batter": 1,
                "extras": 0,
                "total": 1
              }
            },
            {
              "batter": "LA Dawson",
              "bowler": "LJ Carey",
              "non_striker": "JK Fuller",
              "runs": {
                "batter": 1,
                "extras": 0,
                "total": 1
              }
            },
            {
              "batter": "JK Fuller",
              "bowler": "LJ Carey",
              "non_striker": "LA Dawson",
              "runs": {
                "batter": 1,
                "extras": 0,
                "total": 1
              }
            },
            {
              "batter": "LA Dawson",
              "bowler": "LJ Carey",
              "extras": {
                "wides": 1
              },
              "non_striker": "JK Fuller",
              "runs": {
                "batter": 0,
                "extras": 1,
                "total": 1
              }
            },
            {
              "batter": "LA Dawson",
              "bowler": "LJ Carey",
              "non_striker": "JK Fuller",
              "runs": {
                "batter": 1,
                "extras": 0,
                "total": 1
              }
            },
            {
              "batter": "JK Fuller",
              "bowler": "LJ Carey",
              "non_striker": "LA Dawson",
              "runs": {
                "batter": 1,
                "extras": 0,
                "total": 1
              }
            },
            {
              "batter": "LA Dawson",
              "bowler": "LJ Carey",
              "non_striker": "JK Fuller",
              "runs": {
                "batter": 1,
                "extras": 0,
                "total": 1
              }
            }
          ]
        },
        {
          "over": 16,
          "deliveries": [
            {
              "batter": "LA Dawson",
              "bowler": "GG Wagg",
              "non_striker": "JK Fuller",
              "runs": {
                "batter": 1,
                "extras": 0,
                "total": 1
              }
            },
            {
              "batter": "JK Fuller",
              "bowler": "GG Wagg",
              "non_striker": "LA Dawson",
              "runs": {
                "batter": 0,
                "extras": 0,
                "total": 0
              }
            },
            {
              "batter": "JK Fuller",
              "bowler": "GG Wagg",
              "non_striker": "LA Dawson",
              "runs": {
                "batter": 0,
                "extras": 0,
                "total": 0
              },
              "wickets": [
                {
                  "kind": "caught",
                  "player_out": "JK Fuller",
                  "fielders": [
                    {
                      "name": "Fakhar Zaman"
                    }
                  ]
                }
              ]
            },
            {
              "batter": "LA Dawson",
              "bowler": "GG Wagg",
              "extras": {
                "wides": 1
              },
              "non_striker": "LD McManus",
              "runs": {
                "batter": 0,
                "extras": 1,
                "total": 1
              }
            },
            {
              "batter": "LA Dawson",
              "bowler": "GG Wagg",
              "non_striker": "LD McManus",
              "runs": {
                "batter": 1,
                "extras": 0,
                "total": 1
              }
            },
            {
              "batter": "LD McManus",
              "bowler": "GG Wagg",
              "non_striker": "LA Dawson",
              "runs": {
                "batter": 2,
                "extras": 0,
                "total": 2
              }
            },
            {
              "batter": "LD McManus",
              "bowler": "GG Wagg",
              "non_striker": "LA Dawson",
              "runs": {
                "batter": 1,
                "extras": 0,
                "total": 1
              }
            }
          ]
        },
        {
          "over": 17,
          "deliveries": [
            {
              "batter": "LD McManus",
              "bowler": "M de Lange",
              "non_striker": "LA Dawson",
              "runs": {
                "batter": 1,
                "extras": 0,
                "total": 1
              }
            },
            {
              "batter": "LA Dawson",
              "bowler": "M de Lange",
              "extras": {
                "wides": 1
              },
              "non_striker": "LD McManus",
              "runs": {
                "batter": 0,
                "extras": 1,
                "total": 1
              }
            },
            {
              "batter": "LA Dawson",
              "bowler": "M de Lange",
              "non_striker": "LD McManus",
              "runs": {
                "batter": 0,
                "extras": 0,
                "total": 0
              },
              "wickets": [
                {
                  "kind": "caught",
                  "player_out": "LA Dawson",
                  "fielders": [
                    {
                      "name": "WT Root"
                    }
                  ]
                }
              ]
            },
            {
              "batter": "CP Wood",
              "bowler": "M de Lange",
              "non_striker": "LD McManus",
              "runs": {
                "batter": 1,
                "extras": 0,
                "total": 1
              }
            },
            {
              "batter": "LD McManus",
              "bowler": "M de Lange",
              "non_striker": "CP Wood",
              "runs": {
                "batter": 1,
                "extras": 0,
                "total": 1
              }
            },
            {
              "batter": "CP Wood",
              "bowler": "M de Lange",
              "non_striker": "LD McManus",
              "runs": {
                "batter": 0,
                "extras": 0,
                "total": 0
              }
            },
            {
              "batter": "CP Wood",
              "bowler": "M de Lange",
              "non_striker": "LD McManus",
              "runs": {
                "batter": 1,
                "extras": 0,
                "total": 1
              }
            }
          ]
        },
        {
          "over": 18,
          "deliveries": [
            {
              "batter": "CP Wood",
              "bowler": "GG Wagg",
              "extras": {
                "wides": 2
              },
              "non_striker": "LD McManus",
              "runs": {
                "batter": 0,
                "extras": 2,
                "total": 2
              }
            },
            {
              "batter": "LD McManus",
              "bowler": "GG Wagg",
              "non_striker": "CP Wood",
              "runs": {
                "batter": 6,
                "extras": 0,
                "total": 6
              }
            },
            {
              "batter": "LD McManus",
              "bowler": "GG Wagg",
              "non_striker": "CP Wood",
              "runs": {
                "batter": 2,
                "extras": 0,
                "total": 2
              }
            },
            {
              "batter": "LD McManus",
              "bowler": "GG Wagg",
              "non_striker": "CP Wood",
              "runs": {
                "batter": 2,
                "extras": 0,
                "total": 2
              }
            },
            {
              "batter": "LD McManus",
              "bowler": "GG Wagg",
              "non_striker": "CP Wood",
              "runs": {
                "batter": 1,
                "extras": 0,
                "total": 1
              }
            },
            {
              "batter": "CP Wood",
              "bowler": "GG Wagg",
              "non_striker": "LD McManus",
              "runs": {
                "batter": 1,
                "extras": 0,
                "total": 1
              }
            },
            {
              "batter": "LD McManus",
              "bowler": "GG Wagg",
              "non_striker": "CP Wood",
              "runs": {
                "batter": 0,
                "extras": 0,
                "total": 0
              }
            }
          ]
        },
        {
          "over": 19,
          "deliveries": [
            {
              "batter": "CP Wood",
              "bowler": "M de Lange",
              "non_striker": "LD McManus",
              "runs": {
                "batter": 1,
                "extras": 0,
                "total": 1
              }
            },
            {
              "batter": "LD McManus",
              "bowler": "M de Lange",
              "non_striker": "CP Wood",
              "runs": {
                "batter": 0,
                "extras": 0,
                "total": 0
              }
            },
            {
              "batter": "LD McManus",
              "bowler": "M de Lange",
              "non_striker": "CP Wood",
              "runs": {
                "batter": 4,
                "extras": 0,
                "total": 4
              }
            },
            {
              "batter": "LD McManus",
              "bowler": "M de Lange",
              "non_striker": "CP Wood",
              "runs": {
                "batter": 1,
                "extras": 0,
                "total": 1
              }
            },
            {
              "batter": "CP Wood",
              "bowler": "M de Lange",
              "extras": {
                "byes": 1
              },
              "non_striker": "LD McManus",
              "runs": {
                "batter": 0,
                "extras": 1,
                "total": 1
              }
            },
            {
              "batter": "LD McManus",
              "bowler": "M de Lange",
              "non_striker": "CP Wood",
              "runs": {
                "batter": 2,
                "extras": 0,
                "total": 2
              }
            }
          ]
        }
      ],
      "powerplays": [
        {
          "from": 0.1,
          "to": 5.6,
          "type": "mandatory"
        }
      ]
    },
    {
      "team": "Glamorgan",
      "overs": [
        {
          "over": 0,
          "deliveries": [
            {
              "batter": "DL Lloyd",
              "bowler": "CP Wood",
              "extras": {
                "legbyes": 1
              },
              "non_striker": "Fakhar Zaman",
              "runs": {
                "batter": 0,
                "extras": 1,
                "total": 1
              }
            },
            {
              "batter": "Fakhar Zaman",
              "bowler": "CP Wood",
              "non_striker": "DL Lloyd",
              "runs": {
                "batter": 0,
                "extras": 0,
                "total": 0
              }
            },
            {
              "batter": "Fakhar Zaman",
              "bowler": "CP Wood",
              "non_striker": "DL Lloyd",
              "runs": {
                "batter": 0,
                "extras": 0,
                "total": 0
              },
              "wickets": [
                {
                  "kind": "caught",
                  "player_out": "Fakhar Zaman",
                  "fielders": [
                    {
                      "name": "LA Dawson"
                    }
                  ]
                }
              ]
            },
            {
              "batter": "CA Ingram",
              "bowler": "CP Wood",
              "non_striker": "DL Lloyd",
              "runs": {
                "batter": 0,
                "extras": 0,
                "total": 0
              }
            },
            {
              "batter": "CA Ingram",
              "bowler": "CP Wood",
              "non_striker": "DL Lloyd",
              "runs": {
                "batter": 0,
                "extras": 0,
                "total": 0
              }
            },
            {
              "batter": "CA Ingram",
              "bowler": "CP Wood",
              "non_striker": "DL Lloyd",
              "runs": {
                "batter": 0,
                "extras": 0,
                "total": 0
              }
            }
          ]
        },
        {
          "over": 1,
          "deliveries": [
            {
              "batter": "DL Lloyd",
              "bowler": "KJ Abbott",
              "extras": {
                "wides": 1
              },
              "non_striker": "CA Ingram",
              "runs": {
                "batter": 0,
                "extras": 1,
                "total": 1
              }
            },
            {
              "batter": "DL Lloyd",
              "bowler": "KJ Abbott",
              "non_striker": "CA Ingram",
              "runs": {
                "batter": 0,
                "extras": 0,
                "total": 0
              }
            },
            {
              "batter": "DL Lloyd",
              "bowler": "KJ Abbott",
              "non_striker": "CA Ingram",
              "runs": {
                "batter": 1,
                "extras": 0,
                "total": 1
              }
            },
            {
              "batter": "CA Ingram",
              "bowler": "KJ Abbott",
              "non_striker": "DL Lloyd",
              "runs": {
                "batter": 4,
                "extras": 0,
                "total": 4
              }
            },
            {
              "batter": "CA Ingram",
              "bowler": "KJ Abbott",
              "non_striker": "DL Lloyd",
              "runs": {
                "batter": 1,
                "extras": 0,
                "total": 1
              }
            },
            {
              "batter": "DL Lloyd",
              "bowler": "KJ Abbott",
              "non_striker": "CA Ingram",
              "runs": {
                "batter": 4,
                "extras": 0,
                "total": 4
              }
            },
            {
              "batter": "DL Lloyd",
              "bowler": "KJ Abbott",
              "non_striker": "CA Ingram",
              "runs": {
                "batter": 1,
                "extras": 0,
                "total": 1
              }
            }
          ]
        },
        {
          "over": 2,
          "deliveries": [
            {
              "batter": "DL Lloyd",
              "bowler": "CP Wood",
              "non_striker": "CA Ingram",
              "runs": {
                "batter": 0,
                "extras": 0,
                "total": 0
              }
            },
            {
              "batter": "DL Lloyd",
              "bowler": "CP Wood",
              "non_striker": "CA Ingram",
              "runs": {
                "batter": 0,
                "extras": 0,
                "total": 0
              }
            },
            {
              "batter": "DL Lloyd",
              "bowler": "CP Wood",
              "non_striker": "CA Ingram",
              "runs": {
                "batter": 0,
                "extras": 0,
                "total": 0
              }
            },
            {
              "batter": "DL Lloyd",
              "bowler": "CP Wood",
              "non_striker": "CA Ingram",
              "runs": {
                "batter": 1,
                "extras": 0,
                "total": 1
              }
            },
            {
              "batter": "CA Ingram",
              "bowler": "CP Wood",
              "non_striker": "DL Lloyd",
              "runs": {
                "batter": 1,
                "extras": 0,
                "total": 1
              }
            },
            {
              "batter": "DL Lloyd",
              "bowler": "CP Wood",
              "non_striker": "CA Ingram",
              "runs": {
                "batter": 0,
                "extras": 0,
                "total": 0
              }
            }
          ]
        },
        {
          "over": 3,
          "deliveries": [
            {
              "batter": "CA Ingram",
              "bowler": "CH Morris",
              "non_striker": "DL Lloyd",
              "runs": {
                "batter": 1,
                "extras": 0,
                "total": 1
              }
            },
            {
              "batter": "DL Lloyd",
              "bowler": "CH Morris",
              "non_striker": "CA Ingram",
              "runs": {
                "batter": 0,
                "extras": 0,
                "total": 0
              }
            },
            {
              "batter": "DL Lloyd",
              "bowler": "CH Morris",
              "non_striker": "CA Ingram",
              "runs": {
                "batter": 0,
                "extras": 0,
                "total": 0
              }
            },
            {
              "batter": "DL Lloyd",
              "bowler": "CH Morris",
              "non_striker": "CA Ingram",
              "runs": {
                "batter": 1,
                "extras": 0,
                "total": 1
              }
            },
            {
              "batter": "CA Ingram",
              "bowler": "CH Morris",
              "non_striker": "DL Lloyd",
              "runs": {
                "batter": 4,
                "extras": 0,
                "total": 4
              }
            },
            {
              "batter": "CA Ingram",
              "bowler": "CH Morris",
              "non_striker": "DL Lloyd",
              "runs": {
                "batter": 0,
                "extras": 0,
                "total": 0
              }
            }
          ]
        },
        {
          "over": 4,
          "deliveries": [
            {
              "batter": "DL Lloyd",
              "bowler": "CP Wood",
              "non_striker": "CA Ingram",
              "runs": {
                "batter": 6,
                "extras": 0,
                "total": 6
              }
            },
            {
              "batter": "DL Lloyd",
              "bowler": "CP Wood",
              "non_striker": "CA Ingram",
              "runs": {
                "batter": 0,
                "extras": 0,
                "total": 0
              }
            },
            {
              "batter": "DL Lloyd",
              "bowler": "CP Wood",
              "non_striker": "CA Ingram",
              "runs": {
                "batter": 1,
                "extras": 0,
                "total": 1
              }
            },
            {
              "batter": "CA Ingram",
              "bowler": "CP Wood",
              "non_striker": "DL Lloyd",
              "runs": {
                "batter": 0,
                "extras": 0,
                "total": 0
              }
            },
            {
              "batter": "CA Ingram",
              "bowler": "CP Wood",
              "non_striker": "DL Lloyd",
              "runs": {
                "batter": 1,
                "extras": 0,
                "total": 1
              }
            },
            {
              "batter": "DL Lloyd",
              "bowler": "CP Wood",
              "non_striker": "CA Ingram",
              "runs": {
                "batter": 0,
                "extras": 0,
                "total": 0
              }
            }
          ]
        },
        {
          "over": 5,
          "deliveries": [
            {
              "batter": "CA Ingram",
              "bowler": "KJ Abbott",
              "non_striker": "DL Lloyd",
              "runs": {
                "batter": 0,
                "extras": 0,
                "total": 0
              }
            },
            {
              "batter": "CA Ingram",
              "bowler": "KJ Abbott",
              "non_striker": "DL Lloyd",
              "runs": {
                "batter": 0,
                "extras": 0,
                "total": 0
              },
              "wickets": [
                {
                  "kind": "caught",
                  "player_out": "CA Ingram",
                  "fielders": [
                    {
                      "name": "LA Dawson"
                    }
                  ]
                }
              ]
            },
            {
              "batter": "WT Root",
              "bowler": "KJ Abbott",
              "extras": {
                "legbyes": 4
              },
              "non_striker": "DL Lloyd",
              "runs": {
                "batter": 0,
                "extras": 4,
                "total": 4
              }
            },
            {
              "batter": "WT Root",
              "bowler": "KJ Abbott",
              "non_striker": "DL Lloyd",
              "runs": {
                "batter": 1,
                "extras": 0,
                "total": 1
              }
            },
            {
              "batter": "DL Lloyd",
              "bowler": "KJ Abbott",
              "non_striker": "WT Root",
              "runs": {
                "batter": 1,
                "extras": 0,
                "total": 1
              }
            },
            {
              "batter": "WT Root",
              "bowler": "KJ Abbott",
              "non_striker": "DL Lloyd",
              "runs": {
                "batter": 2,
                "extras": 0,
                "total": 2
              }
            }
          ]
        },
        {
          "over": 6,
          "deliveries": [
            {
              "batter": "DL Lloyd",
              "bowler": "LA Dawson",
              "non_striker": "WT Root",
              "runs": {
                "batter": 1,
                "extras": 0,
                "total": 1
              }
            },
            {
              "batter": "WT Root",
              "bowler": "LA Dawson",
              "non_striker": "DL Lloyd",
              "runs": {
                "batter": 1,
                "extras": 0,
                "total": 1
              }
            },
            {
              "batter": "DL Lloyd",
              "bowler": "LA Dawson",
              "non_striker": "WT Root",
              "runs": {
                "batter": 1,
                "extras": 0,
                "total": 1
              }
            },
            {
              "batter": "WT Root",
              "bowler": "LA Dawson",
              "non_striker": "DL Lloyd",
              "runs": {
                "batter": 1,
                "extras": 0,
                "total": 1
              }
            },
            {
              "batter": "DL Lloyd",
              "bowler": "LA Dawson",
              "non_striker": "WT Root",
              "runs": {
                "batter": 1,
                "extras": 0,
                "total": 1
              }
            },
            {
              "batter": "WT Root",
              "bowler": "LA Dawson",
              "non_striker": "DL Lloyd",
              "runs": {
                "batter": 0,
                "extras": 0,
                "total": 0
              },
              "wickets": [
                {
                  "kind": "bowled",
                  "player_out": "WT Root"
                }
              ]
            }
          ]
        },
        {
          "over": 7,
          "deliveries": [
            {
              "batter": "DL Lloyd",
              "bowler": "MS Crane",
              "non_striker": "CB Cooke",
              "runs": {
                "batter": 2,
                "extras": 0,
                "total": 2
              }
            },
            {
              "batter": "DL Lloyd",
              "bowler": "MS Crane",
              "non_striker": "CB Cooke",
              "runs": {
                "batter": 1,
                "extras": 0,
                "total": 1
              }
            },
            {
              "batter": "CB Cooke",
              "bowler": "MS Crane",
              "non_striker": "DL Lloyd",
              "runs": {
                "batter": 0,
                "extras": 0,
                "total": 0
              }
            },
            {
              "batter": "CB Cooke",
              "bowler": "MS Crane",
              "non_striker": "DL Lloyd",
              "runs": {
                "batter": 0,
                "extras": 0,
                "total": 0
              }
            },
            {
              "batter": "CB Cooke",
              "bowler": "MS Crane",
              "non_striker": "DL Lloyd",
              "runs": {
                "batter": 1,
                "extras": 0,
                "total": 1
              }
            },
            {
              "batter": "DL Lloyd",
              "bowler": "MS Crane",
              "non_striker": "CB Cooke",
              "runs": {
                "batter": 1,
                "extras": 0,
                "total": 1
              }
            }
          ]
        },
        {
          "over": 8,
          "deliveries": [
            {
              "batter": "DL Lloyd",
              "bowler": "LA Dawson",
              "non_striker": "CB Cooke",
              "runs": {
                "batter": 1,
                "extras": 0,
                "total": 1
              }
            },
            {
              "batter": "CB Cooke",
              "bowler": "LA Dawson",
              "non_striker": "DL Lloyd",
              "runs": {
                "batter": 1,
                "extras": 0,
                "total": 1
              }
            },
            {
              "batter": "DL Lloyd",
              "bowler": "LA Dawson",
              "non_striker": "CB Cooke",
              "runs": {
                "batter": 1,
                "extras": 0,
                "total": 1
              }
            },
            {
              "batter": "CB Cooke",
              "bowler": "LA Dawson",
              "non_striker": "DL Lloyd",
              "runs": {
                "batter": 0,
                "extras": 0,
                "total": 0
              },
              "wickets": [
                {
                  "kind": "bowled",
                  "player_out": "CB Cooke"
                }
              ]
            },
            {
              "batter": "JL Lawlor",
              "bowler": "LA Dawson",
              "non_striker": "DL Lloyd",
              "runs": {
                "batter": 1,
                "extras": 0,
                "total": 1
              }
            },
            {
              "batter": "DL Lloyd",
              "bowler": "LA Dawson",
              "extras": {
                "legbyes": 1
              },
              "non_striker": "JL Lawlor",
              "runs": {
                "batter": 0,
                "extras": 1,
                "total": 1
              }
            }
          ]
        },
        {
          "over": 9,
          "deliveries": [
            {
              "batter": "DL Lloyd",
              "bowler": "MS Crane",
              "non_striker": "JL Lawlor",
              "runs": {
                "batter": 1,
                "extras": 0,
                "total": 1
              }
            },
            {
              "batter": "JL Lawlor",
              "bowler": "MS Crane",
              "non_striker": "DL Lloyd",
              "runs": {
                "batter": 0,
                "extras": 0,
                "total": 0
              }
            },
            {
              "batter": "JL Lawlor",
              "bowler": "MS Crane",
              "non_striker": "DL Lloyd",
              "runs": {
                "batter": 0,
                "extras": 0,
                "total": 0
              }
            },
            {
              "batter": "JL Lawlor",
              "bowler": "MS Crane",
              "non_striker": "DL Lloyd",
              "runs": {
                "batter": 0,
                "extras": 0,
                "total": 0
              }
            },
            {
              "batter": "JL Lawlor",
              "bowler": "MS Crane",
              "non_striker": "DL Lloyd",
              "runs": {
                "batter": 1,
                "extras": 0,
                "total": 1
              }
            },
            {
              "batter": "DL Lloyd",
              "bowler": "MS Crane",
              "non_striker": "JL Lawlor",
              "runs": {
                "batter": 0,
                "extras": 0,
                "total": 0
              },
              "wickets": [
                {
                  "kind": "caught",
                  "player_out": "DL Lloyd",
                  "fielders": [
                    {
                      "name": "AHT Donald"
                    }
                  ]
                }
              ]
            }
          ]
        },
        {
          "over": 10,
          "deliveries": [
            {
              "batter": "DA Douthwaite",
              "bowler": "LA Dawson",
              "non_striker": "JL Lawlor",
              "runs": {
                "batter": 0,
                "extras": 0,
                "total": 0
              }
            },
            {
              "batter": "DA Douthwaite",
              "bowler": "LA Dawson",
              "non_striker": "JL Lawlor",
              "runs": {
                "batter": 0,
                "extras": 0,
                "total": 0
              }
            },
            {
              "batter": "DA Douthwaite",
              "bowler": "LA Dawson",
              "non_striker": "JL Lawlor",
              "runs": {
                "batter": 0,
                "extras": 0,
                "total": 0
              }
            },
            {
              "batter": "DA Douthwaite",
              "bowler": "LA Dawson",
              "non_striker": "JL Lawlor",
              "runs": {
                "batter": 0,
                "extras": 0,
                "total": 0
              }
            },
            {
              "batter": "DA Douthwaite",
              "bowler": "LA Dawson",
              "non_striker": "JL Lawlor",
              "runs": {
                "batter": 1,
                "extras": 0,
                "total": 1
              }
            },
            {
              "batter": "JL Lawlor",
              "bowler": "LA Dawson",
              "non_striker": "DA Douthwaite",
              "runs": {
                "batter": 1,
                "extras": 0,
                "total": 1
              }
            }
          ]
        },
        {
          "over": 11,
          "deliveries": [
            {
              "batter": "JL Lawlor",
              "bowler": "MS Crane",
              "non_striker": "DA Douthwaite",
              "runs": {
                "batter": 1,
                "extras": 0,
                "total": 1
              }
            },
            {
              "batter": "DA Douthwaite",
              "bowler": "MS Crane",
              "non_striker": "JL Lawlor",
              "runs": {
                "batter": 1,
                "extras": 0,
                "total": 1
              }
            },
            {
              "batter": "JL Lawlor",
              "bowler": "MS Crane",
              "non_striker": "DA Douthwaite",
              "runs": {
                "batter": 4,
                "extras": 0,
                "total": 4
              }
            },
            {
              "batter": "JL Lawlor",
              "bowler": "MS Crane",
              "non_striker": "DA Douthwaite",
              "runs": {
                "batter": 1,
                "extras": 0,
                "total": 1
              }
            },
            {
              "batter": "DA Douthwaite",
              "bowler": "MS Crane",
              "non_striker": "JL Lawlor",
              "runs": {
                "batter": 0,
                "extras": 0,
                "total": 0
              },
              "wickets": [
                {
                  "kind": "stumped",
                  "player_out": "DA Douthwaite",
                  "fielders": [
                    {
                      "name": "LD McManus"
                    }
                  ]
                }
              ]
            },
            {
              "batter": "M de Lange",
              "bowler": "MS Crane",
              "non_striker": "JL Lawlor",
              "runs": {
                "batter": 1,
                "extras": 0,
                "total": 1
              }
            }
          ]
        },
        {
          "over": 12,
          "deliveries": [
            {
              "batter": "M de Lange",
              "bowler": "CH Morris",
              "non_striker": "JL Lawlor",
              "runs": {
                "batter": 4,
                "extras": 0,
                "total": 4
              }
            },
            {
              "batter": "M de Lange",
              "bowler": "CH Morris",
              "non_striker": "JL Lawlor",
              "runs": {
                "batter": 1,
                "extras": 0,
                "total": 1
              }
            },
            {
              "batter": "JL Lawlor",
              "bowler": "CH Morris",
              "non_striker": "M de Lange",
              "runs": {
                "batter": 0,
                "extras": 0,
                "total": 0
              }
            },
            {
              "batter": "JL Lawlor",
              "bowler": "CH Morris",
              "non_striker": "M de Lange",
              "runs": {
                "batter": 0,
                "extras": 0,
                "total": 0
              },
              "wickets": [
                {
                  "kind": "caught",
                  "player_out": "JL Lawlor",
                  "fielders": [
                    {
                      "name": "JK Fuller"
                    }
                  ]
                }
              ]
            },
            {
              "batter": "M de Lange",
              "bowler": "CH Morris",
              "non_striker": "GG Wagg",
              "runs": {
                "batter": 0,
                "extras": 0,
                "total": 0
              }
            },
            {
              "batter": "M de Lange",
              "bowler": "CH Morris",
              "non_striker": "GG Wagg",
              "runs": {
                "batter": 1,
                "extras": 0,
                "total": 1
              }
            }
          ]
        },
        {
          "over": 13,
          "deliveries": [
            {
              "batter": "M de Lange",
              "bowler": "MS Crane",
              "non_striker": "GG Wagg",
              "runs": {
                "batter": 4,
                "extras": 0,
                "total": 4
              }
            },
            {
              "batter": "M de Lange",
              "bowler": "MS Crane",
              "non_striker": "GG Wagg",
              "runs": {
                "batter": 1,
                "extras": 0,
                "total": 1
              }
            },
            {
              "batter": "GG Wagg",
              "bowler": "MS Crane",
              "non_striker": "M de Lange",
              "runs": {
                "batter": 0,
                "extras": 0,
                "total": 0
              }
            },
            {
              "batter": "GG Wagg",
              "bowler": "MS Crane",
              "non_striker": "M de Lange",
              "runs": {
                "batter": 1,
                "extras": 0,
                "total": 1
              }
            },
            {
              "batter": "M de Lange",
              "bowler": "MS Crane",
              "non_striker": "GG Wagg",
              "runs": {
                "batter": 0,
                "extras": 0,
                "total": 0
              },
              "wickets": [
                {
                  "kind": "caught",
                  "player_out": "M de Lange",
                  "fielders": [
                    {
                      "name": "CH Morris"
                    }
                  ]
                }
              ]
            },
            {
              "batter": "GG Wagg",
              "bowler": "MS Crane",
              "non_striker": "AG Salter",
              "runs": {
                "batter": 1,
                "extras": 0,
                "total": 1
              }
            }
          ]
        },
        {
          "over": 14,
          "deliveries": [
            {
              "batter": "GG Wagg",
              "bowler": "CH Morris",
              "non_striker": "AG Salter",
              "runs": {
                "batter": 0,
                "extras": 0,
                "total": 0
              },
              "wickets": [
                {
                  "kind": "bowled",
                  "player_out": "GG Wagg"
                }
              ]
            },
            {
              "batter": "LJ Carey",
              "bowler": "CH Morris",
              "extras": {
                "legbyes": 1
              },
              "non_striker": "AG Salter",
              "runs": {
                "batter": 0,
                "extras": 1,
                "total": 1
              }
            },
            {
              "batter": "AG Salter",
              "bowler": "CH Morris",
              "non_striker": "LJ Carey",
              "runs": {
                "batter": 1,
                "extras": 0,
                "total": 1
              }
            },
            {
              "batter": "LJ Carey",
              "bowler": "CH Morris",
              "non_striker": "AG Salter",
              "runs": {
                "batter": 4,
                "extras": 0,
                "total": 4
              }
            },
            {
              "batter": "LJ Carey",
              "bowler": "CH Morris",
              "non_striker": "AG Salter",
              "runs": {
                "batter": 1,
                "extras": 0,
                "total": 1
              }
            },
            {
              "batter": "AG Salter",
              "bowler": "CH Morris",
              "extras": {
                "wides": 1
              },
              "non_striker": "LJ Carey",
              "runs": {
                "batter": 0,
                "extras": 1,
                "total": 1
              }
            },
            {
              "batter": "AG Salter",
              "bowler": "CH Morris",
              "non_striker": "LJ Carey",
              "runs": {
                "batter": 2,
                "extras": 0,
                "total": 2
              }
            }
          ]
        },
        {
          "over": 15,
          "deliveries": [
            {
              "batter": "LJ Carey",
              "bowler": "LA Dawson",
              "non_striker": "AG Salter",
              "runs": {
                "batter": 0,
                "extras": 0,
                "total": 0
              }
            },
            {
              "batter": "LJ Carey",
              "bowler": "LA Dawson",
              "non_striker": "AG Salter",
              "runs": {
                "batter": 0,
                "extras": 0,
                "total": 0
              }
            },
            {
              "batter": "LJ Carey",
              "bowler": "LA Dawson",
              "non_striker": "AG Salter",
              "runs": {
                "batter": 0,
                "extras": 0,
                "total": 0
              },
              "wickets": [
                {
                  "kind": "bowled",
                  "player_out": "LJ Carey"
                }
              ]
            }
          ]
        }
      ],
      "powerplays": [
        {
          "from": 0.1,
          "to": 5.6,
          "type": "mandatory"
        }
      ],
      "target": {
        "overs": 20,
        "runs": 129
      }
    }
  ]
}