{
  "meta": {
    "data_version": "1.0.0",
    "created": "2019-12-25",
    "revision": 1
  },
  "info": {
    "balls_per_over": 6,
    "city": "London",
    "dates": [
      "2019-07-23"
    ],
    "event": {
      "name": "Vitality Blast",
      "group": "South"
    },
    "gender": "male",
    "match_type": "T20",
    "officials": {
      "tv_umpires": [
        "JH Evans"
      ],
      "umpires": [
        "RT Robinson",
        "NJ Llong"
      ]
    },
    "outcome": {
      "winner": "Middlesex",
      "by": {
        "runs": 37
      }
    },
    "overs": 20,
    "player_of_match": [
      "DJ Malan"
    ],
    "players": {
      "Middlesex": [
        "SS Eskinazi",
        "DJ Malan",
        "AB de Villiers",
        "GFB Scott",
        "JA Simpson",
        "NRT Gubbins",
        "TS Roland-Jones",
        "TG Helm",
        "NA Sowter",
        "ST Finn",
        "Mujeeb Ur Rahman"
      ],
      "Surrey": [
        "WG Jacks",
        "AJ Finch",
        "MD Stoneman",
        "OJ Pope",
        "R Clarke",
        "TK Curran",
        "J Clark",
        "LE Plunkett",
        "JW Dernbach",
        "GJ Batty",
        "Imran Tahir"
      ]
    },
    "registry": {
      "people": {
        "AB de Villiers": "c4487b84",
        "AJ Finch": "b8d490fd",
        "DJ Malan": "ad9c32a2",
        "GFB Scott": "c2b6764d",
        "GJ Batty": "5ac8f17b",
        "Imran Tahir": "acee4cc4",
        "J Clark": "c672e80e",
        "JA Simpson": "f05fe9b1",
        "JH Evans": "f444fdac",
        "JW Dernbach": "7be8a0ed",
        "LE Plunkett": "9a963804",
        "MD Stoneman": "1b77f62b",
        "Mujeeb Ur Rahman": "7d92277a",
        "NA Sowter": "ee0c05c0",
        "NJ Llong": "573fb985",
        "NRT Gubbins": "c1a89821",
        "OJ Pope": "e94bc520",
        "R Clarke": "8728a058",
        "RT Robinson": "b143c87d",
        "SS Eskinazi": "75cbed9b",
        "ST Finn": "ccdd8308",
        "TG Helm": "74a274cc",
        "TK Curran": "e86754b2",
        "TS Roland-Jones": "6c6aca89",
        "WG Jacks": "9caf69a1"
      }
    },
    "season": "2019",
    "team_type": "club",
    "teams": [
      "Surrey",
      "Middlesex"
    ],
    "toss": {
      "decision": "bat",
      "winner": "Middlesex"
    },
    "venue": "Kennington Oval"
  },
  "innings": [
    {
      "team": "Middlesex",
      "overs": [
        {
          "over": 0,
          "deliveries": [
            {
              "batter": "SS Eskinazi",
              "bowler": "JW Dernbach",
              "non_striker": "DJ Malan",
              "runs": {
                "batter": 0,
                "extras": 0,
                "total": 0
              }
            },
            {
              "batter": "SS Eskinazi",
              "bowler": "JW Dernbach",
              "non_striker": "DJ Malan",
              "runs": {
                "batter": 4,
                "extras": 0,
                "total": 4
              }
            },
            {
              "batter": "SS Eskinazi",
              "bowler": "JW Dernbach",
              "non_striker": "DJ Malan",
              "runs": {
                "batter": 0,
                "extras": 0,
                "total": 0
              }
            },
            {
              "batter": "SS Eskinazi",
              "bowler": "JW Dernbach",
              "non_striker": "DJ Malan",
              "runs": {
                "batter": 4,
                "extras": 0,
                "total": 4
              }
            },
            {
              "batter": "SS Eskinazi",
              "bowler": "JW Dernbach",
              "non_striker": "DJ Malan",
              "runs": {
                "batter": 1,
                "extras": 0,
                "total": 1
              }
            },
            {
              "batter": "DJ Malan",
              "bowler": "JW Dernbach",
              "non_striker": "SS Eskinazi",
              "runs": {
                "batter": 4,
                "extras": 0,
                "total": 4
              }
            }
          ]
        },
        {
          "over": 1,
          "deliveries": [
            {
              "batter": "SS Eskinazi",
              "bowler": "R Clarke",
              "non_striker": "DJ Malan",
              "runs": {
                "batter": 0,
                "extras": 0,
                "total": 0
              }
            },
            {
              "batter": "SS Eskinazi",
              "bowler": "R Clarke",
              "non_striker": "DJ Malan",
              "runs": {
                "batter": 1,
                "extras": 0,
                "total": 1
              }
            },
            {
              "batter": "DJ Malan",
              "bowler": "R Clarke",
              "non_striker": "SS Eskinazi",
              "runs": {
                "batter": 1,
                "extras": 0,
                "total": 1
              }
            },
            {
              "batter": "SS Eskinazi",
              "bowler": "R Clarke",
              "non_striker": "DJ Malan",
              "runs": {
                "batter": 0,
                "extras": 0,
                "total": 0
              }
            },
            {
              "batter": "SS Eskinazi",
              "bowler": "R Clarke",
              "non_striker": "DJ Malan",
              "runs": {
                "batter": 4,
                "extras": 0,
                "total": 4
              }
            },
            {
              "batter": "SS Eskinazi",
              "bowler": "R Clarke",
              "non_striker": "DJ Malan",
              "runs": {
                "batter": 0,
                "extras": 0,
                "total": 0
              }
            }
          ]
        },
        {
          "over": 2,
          "deliveries": [
            {
              "batter": "DJ Malan",
              "bowler": "TK Curran",
              "non_striker": "SS Eskinazi",
              "runs": {
                "batter": 0,
                "extras": 0,
                "total": 0
              }
            },
            {
              "batter": "DJ Malan",
              "bowler": "TK Curran",
              "non_striker": "SS Eskinazi",
              "runs": {
                "batter": 0,
                "extras": 0,
                "total": 0
              }
            },
            {
              "batter": "DJ Malan",
              "bowler": "TK Curran",
              "extras": {
                "legbyes": 1
              },
              "non_striker": "SS Eskinazi",
              "runs": {
                "batter": 0,
                "extras": 1,
                "total": 1
              }
            },
            {
              "batter": "SS Eskinazi",
              "bowler": "TK Curran",
              "non_striker": "DJ Malan",
              "runs": {
                "batter": 4,
                "extras": 0,
                "total": 4
              }
            },
            {
              "batter": "SS Eskinazi",
              "bowler": "TK Curran",
              "non_striker": "DJ Malan",
              "runs": {
                "batter": 2,
                "extras": 0,
                "total": 2
              }
            },
            {
              "batter": "SS Eskinazi",
              "bowler": "TK Curran",
              "non_striker": "DJ Malan",
              "runs": {
                "batter": 0,
                "extras": 0,
                "total": 0
              }
            }
          ]
        },
        {
          "over": 3,
          "deliveries": [
            {
              "batter": "DJ Malan",
              "bowler": "R Clarke",
              "non_striker": "SS Eskinazi",
              "runs": {
                "batter": 1,
                "extras": 0,
                "total": 1
              }
            },
            {
              "batter": "SS Eskinazi",
              "bowler": "R Clarke",
              "non_striker": "DJ Malan",
              "runs": {
                "batter": 0,
                "extras": 0,
                "total": 0
              }
            },
            {
              "batter": "SS Eskinazi",
              "bowler": "R Clarke",
              "non_striker": "DJ Malan",
              "runs": {
                "batter": 1,
                "extras": 0,
                "total": 1
              }
            },
            {
              "batter": "DJ Malan",
              "bowler": "R Clarke",
              "non_striker": "SS Eskinazi",
              "runs": {
                "batter": 0,
                "extras": 0,
                "total": 0
              }
            },
            {
              "batter": "DJ Malan",
              "bowler": "R Clarke",
              "non_striker": "SS Eskinazi",
              "runs": {
                "batter": 2,
                "extras": 0,
                "total": 2
              }
            },
            {
              "batter": "DJ Malan",
              "bowler": "R Clarke",
              "non_striker": "SS Eskinazi",
              "runs": {
                "batter": 4,
                "extras": 0,
                "total": 4
              }
            }
          ]
        },
        {
          "over": 4,
          "deliveries": [
            {
              "batter": "SS Eskinazi",
              "bowler": "Imran Tahir",
              "non_striker": "DJ Malan",
              "runs": {
                "batter": 1,
                "extras": 0,
                "total": 1
              }
            },
            {
              "batter": "DJ Malan",
              "bowler": "Imran Tahir",
              "non_striker": "SS Eskinazi",
              "runs": {
                "batter": 1,
                "extras": 0,
                "total": 1
              }
            },
            {
              "batter": "SS Eskinazi",
              "bowler": "Imran Tahir",
              "non_striker": "DJ Malan",
              "runs": {
                "batter": 1,
                "extras": 0,
                "total": 1
              }
            },
            {
              "batter": "DJ Malan",
              "bowler": "Imran Tahir",
              "non_striker": "SS Eskinazi",
              "runs": {
                "batter": 0,
                "extras": 0,
                "total": 0
              }
            },
            {
              "batter": "DJ Malan",
              "bowler": "Imran Tahir",
              "non_striker": "SS Eskinazi",
              "runs": {
                "batter": 4,
                "extras": 0,
                "total": 4
              }
            },
            {
              "batter": "DJ Malan",
              "bowler": "Imran Tahir",
              "non_striker": "SS Eskinazi",
              "runs": {
                "batter": 1,
                "extras": 0,
                "total": 1
              }
            }
          ]
        },
        {
          "over": 5,
          "deliveries": [
            {
              "batter": "DJ Malan",
              "bowler": "R Clarke",
              "extras": {
                "wides": 1
              },
              "non_striker": "SS Eskinazi",
              "runs": {
                "batter": 0,
                "extras": 1,
                "total": 1
              }
            },
            {
              "batter": "DJ Malan",
              "bowler": "R Clarke",
              "non_striker": "SS Eskinazi",
              "runs": {
                "batter": 4,
                "extras": 0,
                "total": 4
              }
            },
            {
              "batter": "DJ Malan",
              "bowler": "R Clarke",
              "non_striker": "SS Eskinazi",
              "runs": {
                "batter": 1,
                "extras": 0,
                "total": 1
              }
            },
            {
              "batter": "SS Eskinazi",
              "bowler": "R Clarke",
              "non_striker": "DJ Malan",
              "runs": {
                "batter": 0,
                "extras": 0,
                "total": 0
              }
            },
            {
              "batter": "SS Eskinazi",
              "bowler": "R Clarke",
              "non_striker": "DJ Malan",
              "runs": {
                "batter": 4,
                "extras": 0,
                "total": 4
              }
            },
            {
              "batter": "SS Eskinazi",
              "bowler": "R Clarke",
              "non_striker": "DJ Malan",
              "runs": {
                "batter": 1,
                "extras": 0,
                "total": 1
              }
            },
            {
              "batter": "DJ Malan",
              "bowler": "R Clarke",
              "non_striker": "SS Eskinazi",
              "runs": {
                "batter": 2,
                "extras": 0,
                "total": 2
              }
            }
          ]
        },
        {
          "over": 6,
          "deliveries": [
            {
              "batter": "SS Eskinazi",
              "bowler": "GJ Batty",
              "non_striker": "DJ Malan",
              "runs": {
                "batter": 1,
                "extras": 0,
                "total": 1
              }
            },
            {
              "batter": "DJ Malan",
              "bowler": "GJ Batty",
              "non_striker": "SS Eskinazi",
              "runs": {
                "batter": 1,
                "extras": 0,
                "total": 1
              }
            },
            {
              "batter": "SS Eskinazi",
              "bowler": "GJ Batty",
              "non_striker": "DJ Malan",
              "runs": {
                "batter": 0,
                "extras": 0,
                "total": 0
              }
            },
            {
              "batter": "SS Eskinazi",
              "bowler": "GJ Batty",
              "non_striker": "DJ Malan",
              "runs": {
                "batter": 1,
                "extras": 0,
                "total": 1
              }
            },
            {
              "batter": "DJ Malan",
              "bowler": "GJ Batty",
              "non_striker": "SS Eskinazi",
              "runs": {
                "batter": 6,
                "extras": 0,
                "total": 6
              }
            },
            {
              "batter": "DJ Malan",
              "bowler": "GJ Batty",
              "non_striker": "SS Eskinazi",
              "runs": {
                "batter": 4,
                "extras": 0,
                "total": 4
              }
            }
          ]
        },
        {
          "over": 7,
          "deliveries": [
            {
              "batter": "SS Eskinazi",
              "bowler": "LE Plunkett",
              "non_striker": "DJ Malan",
              "runs": {
                "batter": 1,
                "extras": 0,
                "total": 1
              }
            },
            {
              "batter": "DJ Malan",
              "bowler": "LE Plunkett",
              "extras": {
                "legbyes": 1
              },
              "non_striker": "SS Eskinazi",
              "runs": {
                "batter": 0,
                "extras": 1,
                "total": 1
              }
            },
            {
              "batter": "SS Eskinazi",
              "bowler": "LE Plunkett",
              "non_striker": "DJ Malan",
              "runs": {
                "batter": 2,
                "extras": 0,
                "total": 2
              }
            },
            {
              "batter": "SS Eskinazi",
              "bowler": "LE Plunkett",
              "non_striker": "DJ Malan",
              "runs": {
                "batter": 2,
                "extras": 0,
                "total": 2
              }
            },
            {
              "batter": "SS Eskinazi",
              "bowler": "LE Plunkett",
              "non_striker": "DJ Malan",
              "runs": {
                "batter": 4,
                "extras": 0,
                "total": 4
              }
            },
            {
              "batter": "SS Eskinazi",
              "bowler": "LE Plunkett",
              "non_striker": "DJ Malan",
              "runs": {
                "batter": 1,
                "extras": 0,
                "total": 1
              }
            }
          ]
        },
        {
          "over": 8,
          "deliveries": [
            {
              "batter": "SS Eskinazi",
              "bowler": "Imran Tahir",
              "non_striker": "DJ Malan",
              "runs": {
                "batter": 1,
                "extras": 0,
                "total": 1
              }
            },
            {
              "batter": "DJ Malan",
              "bowler": "Imran Tahir",
              "non_striker": "SS Eskinazi",
              "runs": {
                "batter": 6,
                "extras": 0,
                "total": 6
              }
            },
            {
              "batter": "DJ Malan",
              "bowler": "Imran Tahir",
              "non_striker": "SS Eskinazi",
              "runs": {
                "batter": 2,
                "extras": 0,
                "total": 2
              }
            },
            {
              "batter": "DJ Malan",
              "bowler": "Imran Tahir",
              "non_striker": "SS Eskinazi",
              "runs": {
                "batter": 2,
                "extras": 0,
                "total": 2
              }
            },
            {
              "batter": "DJ Malan",
              "bowler": "Imran Tahir",
              "non_striker": "SS Eskinazi",
              "runs": {
                "batter": 4,
                "extras": 0,
                "total": 4
              }
            },
            {
              "batter": "DJ Malan",
              "bowler": "Imran Tahir",
              "non_striker": "SS Eskinazi",
              "runs": {
                "batter": 1,
                "extras": 0,
                "total": 1
              }
            }
          ]
        },
        {
          "over": 9,
          "deliveries": [
            {
              "batter": "DJ Malan",
              "bowler": "LE Plunkett",
              "non_striker": "SS Eskinazi",
              "runs": {
                "batter": 0,
                "extras": 0,
                "total": 0
              }
            },
            {
              "batter": "DJ Malan",
              "bowler": "LE Plunkett",
              "non_striker": "SS Eskinazi",
              "runs": {
                "batter": 6,
                "extras": 0,
                "total": 6
              }
            },
            {
              "batter": "DJ Malan",
              "bowler": "LE Plunkett",
              "non_striker": "SS Eskinazi",
              "runs": {
                "batter": 0,
                "extras": 0,
                "total": 0
              }
            },
            {
              "batter": "DJ Malan",
              "bowler": "LE Plunkett",
              "extras": {
                "wides": 1
              },
              "non_striker": "SS Eskinazi",
              "runs": {
                "batter": 0,
                "extras": 1,
                "total": 1
              }
            },
            {
              "batter": "DJ Malan",
              "bowler": "LE Plunkett",
              "non_striker": "SS Eskinazi",
              "runs": {
                "batter": 4,
                "extras": 0,
                "total": 4
              }
            },
            {
              "batter": "DJ Malan",
              "bowler": "LE Plunkett",
              "non_striker": "SS Eskinazi",
              "runs": {
                "batter": 2,
                "extras": 0,
                "total": 2
              }
            },
            {
              "batter": "DJ Malan",
              "bowler": "LE Plunkett",
              "non_striker": "SS Eskinazi",
              "runs": {
                "batter": 1,
                "extras": 0,
                "total": 1
              }
            }
          ]
        },
        {
          "over": 10,
          "deliveries": [
            {
              "batter": "DJ Malan",
              "bowler": "GJ Batty",
              "non_striker": "SS Eskinazi",
              "runs": {
                "batter": 6,
                "extras": 0,
                "total": 6
              }
            },
            {
              "batter": "DJ Malan",
              "bowler": "GJ Batty",
              "non_striker": "SS Eskinazi",
              "runs": {
                "batter": 6,
                "extras": 0,
                "total": 6
              }
            },
            {
              "batter": "DJ Malan",
              "bowler": "GJ Batty",
              "non_striker": "SS Eskinazi",
              "runs": {
                "batter": 1,
                "extras": 0,
                "total": 1
              }
            },
            {
              "batter": "SS Eskinazi",
              "bowler": "GJ Batty",
              "non_striker": "DJ Malan",
              "runs": {
                "batter": 1,
                "extras": 0,
                "total": 1
              }
            },
            {
              "batter": "DJ Malan",
              "bowler": "GJ Batty",
              "non_striker": "SS Eskinazi",
              "runs": {
                "batter": 4,
                "extras": 0,
                "total": 4
              }
            },
            {
              "batter": "DJ Malan",
              "bowler": "GJ Batty",
              "non_striker": "SS Eskinazi",
              "runs": {
                "batter": 4,
                "extras": 0,
                "total": 4
              }
            }
          ]
        },
        {
          "over": 11,
          "deliveries": [
            {
              "batter": "SS Eskinazi",
              "bowler": "TK Curran",
              "non_striker": "DJ Malan",
              "runs": {
                "batter": 0,
                "extras": 0,
                "total": 0
              },
              "wickets": [
                {
                  "kind": "bowled",
                  "player_out": "SS Eskinazi"
                }
              ]
            },
            {
              "batter": "AB de Villiers",
              "bowler": "TK Curran",
              "non_striker": "DJ Malan",
              "runs": {
                "batter": 1,
                "extras": 0,
                "total": 1
              }
            },
            {
              "batter": "DJ Malan",
              "bowler": "TK Curran",
              "non_striker": "AB de Villiers",
              "runs": {
                "batter": 1,
                "extras": 0,
                "total": 1
              }
            },
            {
              "batter": "AB de Villiers",
              "bowler": "TK Curran",
              "non_striker": "DJ Malan",
              "runs": {
                "batter": 1,
                "extras": 0,
                "total": 1
              }
            },
            {
              "batter": "DJ Malan",
              "bowler": "TK Curran",
              "non_striker": "AB de Villiers",
              "runs": {
                "batter": 1,
                "extras": 0,
                "total": 1
              }
            },
            {
              "batter": "AB de Villiers",
              "bowler": "TK Curran",
              "extras": {
                "legbyes": 1
              },
              "non_striker": "DJ Malan",
              "runs": {
                "batter": 0,
                "extras": 1,
                "total": 1
              }
            }
          ]
        },
        {
          "over": 12,
          "deliveries": [
            {
              "batter": "AB de Villiers",
              "bowler": "Imran Tahir",
              "non_striker": "DJ Malan",
              "runs": {
                "batter": 0,
                "extras": 0,
                "total": 0
              }
            },
            {
              "batter": "AB de Villiers",
              "bowler": "Imran Tahir",
              "non_striker": "DJ Malan",
              "runs": {
                "batter": 1,
                "extras": 0,
                "total": 1
              }
            },
            {
              "batter": "DJ Malan",
              "bowler": "Imran Tahir",
              "non_striker": "AB de Villiers",
              "runs": {
                "batter": 0,
                "extras": 0,
                "total": 0
              }
            },
            {
              "batter": "DJ Malan",
              "bowler": "Imran Tahir",
              "extras": {
                "legbyes": 1
              },
              "non_striker": "AB de Villiers",
              "runs": {
                "batter": 0,
                "extras": 1,
                "total": 1
              }
            },
            {
              "batter": "AB de Villiers",
              "bowler": "Imran Tahir",
              "non_striker": "DJ Malan",
              "runs": {
                "batter": 0,
                "extras": 0,
                "total": 0
              },
              "wickets": [
                {
                  "kind": "lbw",
                  "player_out": "AB de Villiers"
                }
              ]
            },
            {
              "batter": "GFB Scott",
              "bowler": "Imran Tahir",
              "non_striker": "DJ Malan",
              "runs": {
                "batter": 0,
                "extras": 0,
                "total": 0
              }
            }
          ]
        },
        {
          "over": 13,
          "deliveries": [
            {
              "batter": "DJ Malan",
              "bowler": "JW Dernbach",
              "non_striker": "GFB Scott",
              "runs": {
                "batter": 1,
                "extras": 0,
                "total": 1
              }
            },
            {
              "batter": "GFB Scott",
              "bowler": "JW Dernbach",
              "non_striker": "DJ Malan",
              "runs": {
                "batter": 0,
                "extras": 0,
                "total": 0
              }
            },
            {
              "batter": "GFB Scott",
              "bowler": "JW Dernbach",
              "non_striker": "DJ Malan",
              "runs": {
                "batter": 0,
                "extras": 0,
                "total": 0
              }
            },
            {
              "batter": "GFB Scott",
              "bowler": "JW Dernbach",
              "non_striker": "DJ Malan",
              "runs": {
                "batter": 0,
                "extras": 0,
                "total": 0
              }
            },
            {
              "batter": "GFB Scott",
              "bowler": "JW Dernbach",
              "non_striker": "DJ Malan",
              "runs": {
                "batter": 1,
                "extras": 0,
                "total": 1
              }
            },
            {
              "batter": "DJ Malan",
              "bowler": "JW Dernbach",
              "non_striker": "GFB Scott",
              "runs": {
                "batter": 1,
                "extras": 0,
                "total": 1
              }
            }
          ]
        },
        {
          "over": 14,
          "deliveries": [
            {
              "batter": "DJ Malan",
              "bowler": "Imran Tahir",
              "non_striker": "GFB Scott",
              "runs": {
                "batter": 6,
                "extras": 0,
                "total": 6
              }
            },
            {
              "batter": "DJ Malan",
              "bowler": "Imran Tahir",
              "non_striker": "GFB Scott",
              "runs": {
                "batter": 1,
                "extras": 0,
                "total": 1
              }
            },
            {
              "batter": "GFB Scott",
              "bowler": "Imran Tahir",
              "non_striker": "DJ Malan",
              "runs": {
                "batter": 1,
                "extras": 0,
                "total": 1
              }
            },
            {
              "batter": "DJ Malan",
              "bowler": "Imran Tahir",
              "extras": {
                "wides": 1
              },
              "non_striker": "GFB Scott",
              "runs": {
                "batter": 0,
                "extras": 1,
                "total": 1
              }
            },
            {
              "batter": "DJ Malan",
              "bowler": "Imran Tahir",
              "non_striker": "GFB Scott",
              "runs": {
                "batter": 1,
                "extras": 0,
                "total": 1
              }
            },
            {
              "batter": "GFB Scott",
              "bowler": "Imran Tahir",
              "non_striker": "DJ Malan",
              "runs": {
                "batter": 4,
                "extras": 0,
                "total": 4
              }
            },
            {
              "batter": "GFB Scott",
              "bowler": "Imran Tahir",
              "non_striker": "DJ Malan",
              "runs": {
                "batter": 1,
                "extras": 0,
                "total": 1
              }
            }
          ]
        },
        {
          "over": 15,
          "deliveries": [
            {
              "batter": "GFB Scott",
              "bowler": "J Clark",
              "non_striker": "DJ Malan",
              "runs": {
                "batter": 1,
                "extras": 0,
                "total": 1
              }
            },
            {
              "batter": "DJ Malan",
              "bowler": "J Clark",
              "extras": {
                "legbyes": 1
              },
              "non_striker": "GFB Scott",
              "runs": {
                "batter": 0,
                "extras": 1,
                "total": 1
              }
            },
            {
              "batter": "GFB Scott",
              "bowler": "J Clark",
              "non_striker": "DJ Malan",
              "runs": {
                "batter": 1,
                "extras": 0,
                "total": 1
              }
            },
            {
              "batter": "DJ Malan",
              "bowler": "J Clark",
              "non_striker": "GFB Scott",
              "runs": {
                "batter": 1,
                "extras": 0,
                "total": 1
              }
            },
            {
              "batter": "GFB Scott",
              "bowler": "J Clark",
              "non_striker": "DJ Malan",
              "runs": {
                "batter": 0,
                "extras": 0,
                "total": 0
              }
            },
            {
              "batter": "GFB Scott",
              "bowler": "J Clark",
              "non_striker": "DJ Malan",
              "runs": {
                "batter": 1,
                "extras": 0,
                "total": 1
              }
            }
          ]
        },
        {
          "over": 16,
          "deliveries": [
            {
              "batter": "GFB Scott",
              "bowler": "JW Dernbach",
              "non_striker": "DJ Malan",
              "runs": {
                "batter": 1,
                "extras": 0,
                "total": 1
              }
            },
            {
              "batter": "DJ Malan",
              "bowler": "JW Dernbach",
              "non_striker": "GFB Scott",
              "runs": {
                "batter": 1,
                "extras": 0,
                "total": 1
              }
            },
            {
              "batter": "GFB Scott",
              "bowler": "JW Dernbach",
              "non_striker": "DJ Malan",
              "runs": {
                "batter": 1,
                "extras": 0,
                "total": 1
              }
            },
            {
              "batter": "DJ Malan",
              "bowler": "JW Dernbach",
              "non_striker": "GFB Scott",
              "runs": {
                "batter": 1,
                "extras": 0,
                "total": 1
              }
            },
            {
              "batter": "GFB Scott",
              "bowler": "JW Dernbach",
              "non_striker": "DJ Malan",
              "runs": {
                "batter": 1,
                "extras": 0,
                "total": 1
              }
            },
            {
              "batter": "DJ Malan",
              "bowler": "JW Dernbach",
              "non_striker": "GFB Scott",
              "runs": {
                "batter": 1,
                "extras": 0,
                "total": 1
              }
            }
          ]
        },
        {
          "over": 17,
          "deliveries": [
            {
              "batter": "DJ Malan",
              "bowler": "TK Curran",
              "non_striker": "GFB Scott",
              "runs": {
                "batter": 0,
                "extras": 0,
                "total": 0
              }
            },
            {
              "batter": "DJ Malan",
              "bowler": "TK Curran",
              "non_striker": "GFB Scott",
              "runs": {
                "batter": 1,
                "extras": 0,
                "total": 1
              }
            },
            {
              "batter": "GFB Scott",
              "bowler": "TK Curran",
              "non_striker": "DJ Malan",
              "runs": {
                "batter": 1,
                "extras": 0,
                "total": 1
              }
            },
            {
              "batter": "DJ Malan",
              "bowler": "TK Curran",
              "extras": {
                "wides": 1
              },
              "non_striker": "GFB Scott",
              "runs": {
                "batter": 0,
                "extras": 1,
                "total": 1
              }
            },
            {
              "batter": "DJ Malan",
              "bowler": "TK Curran",
              "non_striker": "GFB Scott",
              "runs": {
                "batter": 1,
                "extras": 0,
                "total": 1
              }
            },
            {
              "batter": "GFB Scott",
              "bowler": "TK Curran",
              "non_striker": "DJ Malan",
              "runs": {
                "batter": 4,
                "extras": 0,
                "total": 4
              }
            },
            {
              "batter": "GFB Scott",
              "bowler": "TK Curran",
              "non_striker": "DJ Malan",
              "runs": {
                "batter": 1,
                "extras": 0,
                "total": 1
              }
            }
          ]
        },
        {
          "over": 18,
          "deliveries": [
            {
              "batter": "GFB Scott",
              "bowler": "JW Dernbach",
              "non_striker": "DJ Malan",
              "runs": {
                "batter": 6,
                "extras": 0,
                "total": 6
              }
            },
            {
              "batter": "GFB Scott",
              "bowler": "JW Dernbach",
              "non_striker": "DJ Malan",
              "runs": {
                "batter": 2,
                "extras": 0,
                "total": 2
              }
            },
            {
              "batter": "GFB Scott",
              "bowler": "JW Dernbach",
              "non_striker": "DJ Malan",
              "runs": {
                "batter": 4,
                "extras": 0,
                "total": 4
              }
            },
            {
              "batter": "GFB Scott",
              "bowler": "JW Dernbach",
              "non_striker": "DJ Malan",
              "runs": {
                "batter": 1,
                "extras": 0,
                "total": 1
              }
            },
            {
              "batter": "DJ Malan",
              "bowler": "JW Dernbach",
              "non_striker": "GFB Scott",
              "runs": {
                "batter": 6,
                "extras": 0,
                "total": 6
              }
            },
            {
              "batter": "DJ Malan",
              "bowler": "JW Dernbach",
              "non_striker": "GFB Scott",
              "runs": {
                "batter": 4,
                "extras": 0,
                "total": 4
              }
            }
          ]
        },
        {
          "over": 19,
          "deliveries": [
            {
              "batter": "GFB Scott",
              "bowler": "TK Curran",
              "non_striker": "DJ Malan",
              "runs": {
                "batter": 1,
                "extras": 0,
                "total": 1
              }
            },
            {
              "batter": "DJ Malan",
              "bowler": "TK Curran",
              "non_striker": "GFB Scott",
              "runs": {
                "batter": 4,
                "extras": 0,
                "total": 4
              }
            },
            {
              "batter": "DJ Malan",
              "bowler": "TK Curran",
              "non_striker": "GFB Scott",
              "runs": {
                "batter": 0,
                "extras": 0,
                "total": 0
              },
              "wickets": [
                {
                  "kind": "caught",
                  "player_out": "DJ Malan",
                  "fielders": [
                    {
                      "name": "OJ Pope"
                    }
                  ]
                }
              ]
            },
            {
              "batter": "JA Simpson",
              "bowler": "TK Curran",
              "non_striker": "GFB Scott",
              "runs": {
                "batter": 2,
                "extras": 0,
                "total": 2
              }
            },
            {
              "batter": "JA Simpson",
              "bowler": "TK Curran",
              "non_striker": "GFB Scott",
              "runs": {
                "batter": 1,
                "extras": 0,
                "total": 1
              }
            },
            {
              "batter": "GFB Scott",
              "bowler": "TK Curran",
              "non_striker": "JA Simpson",
              "runs": {
                "batter": 2,
                "extras": 0,
                "total": 2
              }
            }
          ]
        }
      ],
      "powerplays": [
        {
          "from": 0.1,
          "to": 5.7,
          "type": "mandatory"
        }
      ]
    },
    {
      "team": "Surrey",
      "overs": [
        {
          "over": 0,
          "deliveries": [
            {
              "batter": "WG Jacks",
              "bowler": "Mujeeb Ur Rahman",
              "extras": {
                "wides": 1
              },
              "non_striker": "AJ Finch",
              "runs": {
                "batter": 0,
                "extras": 1,
                "total": 1
              }
            },
            {
              "batter": "WG Jacks",
              "bowler": "Mujeeb Ur Rahman",
              "non_striker": "AJ Finch",
              "runs": {
                "batter": 0,
                "extras": 0,
                "total": 0
              }
            },
            {
              "batter": "WG Jacks",
              "bowler": "Mujeeb Ur Rahman",
              "non_striker": "AJ Finch",
              "runs": {
                "batter": 0,
                "extras": 0,
                "total": 0
              }
            },
            {
              "batter": "WG Jacks",
              "bowler": "Mujeeb Ur Rahman",
              "non_striker": "AJ Finch",
              "runs": {
                "batter": 1,
                "extras": 0,
                "total": 1
              }
            },
            {
              "batter": "AJ Finch",
              "bowler": "Mujeeb Ur Rahman",
              "non_striker": "WG Jacks",
              "runs": {
                "batter": 1,
                "extras": 0,
                "total": 1
              }
            },
            {
              "batter": "WG Jacks",
              "bowler": "Mujeeb Ur Rahman",
              "non_striker": "AJ Finch",
              "runs": {
                "batter": 0,
                "extras": 0,
                "total": 0
              },
              "wickets": [
                {
                  "kind": "caught",
                  "player_out": "WG Jacks",
                  "fielders": [
                    {
                      "name": "SS Eskinazi"
                    }
                  ]
                }
              ]
            },
            {
              "batter": "MD Stoneman",
              "bowler": "Mujeeb Ur Rahman",
              "non_striker": "AJ Finch",
              "runs": {
                "batter": 4,
                "extras": 0,
                "total": 4
              }
            }
          ]
        },
        {
          "over": 1,
          "deliveries": [
            {
              "batter": "AJ Finch",
              "bowler": "TG Helm",
              "non_striker": "MD Stoneman",
              "runs": {
                "batter": 0,
                "extras": 0,
                "total": 0
              }
            },
            {
              "batter": "AJ Finch",
              "bowler": "TG Helm",
              "non_striker": "MD Stoneman",
              "runs": {
                "batter": 2,
                "extras": 0,
                "total": 2
              }
            },
            {
              "batter": "AJ Finch",
              "bowler": "TG Helm",
              "non_striker": "MD Stoneman",
              "runs": {
                "batter": 1,
                "extras": 0,
                "total": 1
              }
            },
            {
              "batter": "MD Stoneman",
              "bowler": "TG Helm",
              "non_striker": "AJ Finch",
              "runs": {
                "batter": 0,
                "extras": 0,
                "total": 0
              }
            },
            {
              "batter": "MD Stoneman",
              "bowler": "TG Helm",
              "non_striker": "AJ Finch",
              "runs": {
                "batter": 0,
                "extras": 0,
                "total": 0
              }
            },
            {
              "batter": "MD Stoneman",
              "bowler": "TG Helm",
              "extras": {
                "legbyes": 4
              },
              "non_striker": "AJ Finch",
              "runs": {
                "batter": 0,
                "extras": 4,
                "total": 4
              }
            }
          ]
        },
        {
          "over": 2,
          "deliveries": [
            {
              "batter": "AJ Finch",
              "bowler": "Mujeeb Ur Rahman",
              "non_striker": "MD Stoneman",
              "runs": {
                "batter": 0,
                "extras": 0,
                "total": 0
              }
            },
            {
              "batter": "AJ Finch",
              "bowler": "Mujeeb Ur Rahman",
              "non_striker": "MD Stoneman",
              "runs": {
                "batter": 4,
                "extras": 0,
                "total": 4
              }
            },
            {
              "batter": "AJ Finch",
              "bowler": "Mujeeb Ur Rahman",
              "non_striker": "MD Stoneman",
              "runs": {
                "batter": 1,
                "extras": 0,
                "total": 1
              }
            },
            {
              "batter": "MD Stoneman",
              "bowler": "Mujeeb Ur Rahman",
              "non_striker": "AJ Finch",
              "runs": {
                "batter": 2,
                "extras": 0,
                "total": 2
              }
            },
            {
              "batter": "MD Stoneman",
              "bowler": "Mujeeb Ur Rahman",
              "non_striker": "AJ Finch",
              "runs": {
                "batter": 0,
                "extras": 0,
                "total": 0
              }
            },
            {
              "batter": "MD Stoneman",
              "bowler": "Mujeeb Ur Rahman",
              "non_striker": "AJ Finch",
              "runs": {
                "batter": 0,
                "extras": 0,
                "total": 0
              }
            }
          ]
        },
        {
          "over": 3,
          "deliveries": [
            {
              "batter": "AJ Finch",
              "bowler": "TG Helm",
              "non_striker": "MD Stoneman",
              "runs": {
                "batter": 0,
                "extras": 0,
                "total": 0
              },
              "wickets": [
                {
                  "kind": "caught",
                  "player_out": "AJ Finch",
                  "fielders": [
                    {
                      "name": "JA Simpson"
                    }
                  ]
                }
              ]
            },
            {
              "batter": "OJ Pope",
              "bowler": "TG Helm",
              "non_striker": "MD Stoneman",
              "runs": {
                "batter": 4,
                "extras": 0,
                "total": 4
              }
            },
            {
              "batter": "OJ Pope",
              "bowler": "TG Helm",
              "non_striker": "MD Stoneman",
              "runs": {
                "batter": 0,
                "extras": 0,
                "total": 0
              }
            },
            {
              "batter": "OJ Pope",
              "bowler": "TG Helm",
              "non_striker": "MD Stoneman",
              "runs": {
                "batter": 4,
                "extras": 0,
                "total": 4
              }
            },
            {
              "batter": "OJ Pope",
              "bowler": "TG Helm",
              "non_striker": "MD Stoneman",
              "runs": {
                "batter": 0,
                "extras": 0,
                "total": 0
              }
            },
            {
              "batter": "OJ Pope",
              "bowler": "TG Helm",
              "non_striker": "MD Stoneman",
              "runs": {
                "batter": 0,
                "extras": 0,
                "total": 0
              }
            }
          ]
        },
        {
          "over": 4,
          "deliveries": [
            {
              "batter": "MD Stoneman",
              "bowler": "Mujeeb Ur Rahman",
              "non_striker": "OJ Pope",
              "runs": {
                "batter": 0,
                "extras": 0,
                "total": 0
              }
            },
            {
              "batter": "MD Stoneman",
              "bowler": "Mujeeb Ur Rahman",
              "non_striker": "OJ Pope",
              "runs": {
                "batter": 0,
                "extras": 0,
                "total": 0
              }
            },
            {
              "batter": "MD Stoneman",
              "bowler": "Mujeeb Ur Rahman",
              "non_striker": "OJ Pope",
              "runs": {
                "batter": 1,
                "extras": 0,
                "total": 1
              }
            },
            {
              "batter": "OJ Pope",
              "bowler": "Mujeeb Ur Rahman",
              "extras": {
                "legbyes": 1
              },
              "non_striker": "MD Stoneman",
              "runs": {
                "batter": 0,
                "extras": 1,
                "total": 1
              }
            },
            {
              "batter": "MD Stoneman",
              "bowler": "Mujeeb Ur Rahman",
              "non_striker": "OJ Pope",
              "runs": {
                "batter": 3,
                "extras": 0,
                "total": 3
              }
            },
            {
              "batter": "OJ Pope",
              "bowler": "Mujeeb Ur Rahman",
              "non_striker": "MD Stoneman",
              "runs": {
                "batter": 1,
                "extras": 0,
                "total": 1
              }
            }
          ]
        },
        {
          "over": 5,
          "deliveries": [
            {
              "batter": "OJ Pope",
              "bowler": "ST Finn",
              "extras": {
                "wides": 1
              },
              "non_striker": "MD Stoneman",
              "runs": {
                "batter": 0,
                "extras": 1,
                "total": 1
              }
            },
            {
              "batter": "OJ Pope",
              "bowler": "ST Finn",
              "non_striker": "MD Stoneman",
              "runs": {
                "batter": 1,
                "extras": 0,
                "total": 1
              }
            },
            {
              "batter": "MD Stoneman",
              "bowler": "ST Finn",
              "non_striker": "OJ Pope",
              "runs": {
                "batter": 0,
                "extras": 0,
                "total": 0
              }
            },
            {
              "batter": "MD Stoneman",
              "bowler": "ST Finn",
              "non_striker": "OJ Pope",
              "runs": {
                "batter": 4,
                "extras": 0,
                "total": 4
              }
            },
            {
              "batter": "MD Stoneman",
              "bowler": "ST Finn",
              "non_striker": "OJ Pope",
              "runs": {
                "batter": 1,
                "extras": 0,
                "total": 1
              }
            },
            {
              "batter": "OJ Pope",
              "bowler": "ST Finn",
              "non_striker": "MD Stoneman",
              "runs": {
                "batter": 1,
                "extras": 0,
                "total": 1
              }
            },
            {
              "batter": "MD Stoneman",
              "bowler": "ST Finn",
              "non_striker": "OJ Pope",
              "runs": {
                "batter": 4,
                "extras": 0,
                "total": 4
              }
            }
          ]
        },
        {
          "over": 6,
          "deliveries": [
            {
              "batter": "OJ Pope",
              "bowler": "TS Roland-Jones",
              "non_striker": "MD Stoneman",
              "runs": {
                "batter": 2,
                "extras": 0,
                "total": 2
              }
            },
            {
              "batter": "OJ Pope",
              "bowler": "TS Roland-Jones",
              "non_striker": "MD Stoneman",
              "runs": {
                "batter": 4,
                "extras": 0,
                "total": 4
              }
            },
            {
              "batter": "OJ Pope",
              "bowler": "TS Roland-Jones",
              "non_striker": "MD Stoneman",
              "runs": {
                "batter": 1,
                "extras": 0,
                "total": 1
              }
            },
            {
              "batter": "MD Stoneman",
              "bowler": "TS Roland-Jones",
              "non_striker": "OJ Pope",
              "runs": {
                "batter": 1,
                "extras": 0,
                "total": 1
              }
            },
            {
              "batter": "OJ Pope",
              "bowler": "TS Roland-Jones",
              "non_striker": "MD Stoneman",
              "runs": {
                "batter": 2,
                "extras": 0,
                "total": 2
              }
            },
            {
              "batter": "OJ Pope",
              "bowler": "TS Roland-Jones",
              "non_striker": "MD Stoneman",
              "runs": {
                "batter": 0,
                "extras": 0,
                "total": 0
              }
            }
          ]
        },
        {
          "over": 7,
          "deliveries": [
            {
              "batter": "MD Stoneman",
              "bowler": "NA Sowter",
              "non_striker": "OJ Pope",
              "runs": {
                "batter": 1,
                "extras": 0,
                "total": 1
              }
            },
            {
              "batter": "OJ Pope",
              "bowler": "NA Sowter",
              "non_striker": "MD Stoneman",
              "runs": {
                "batter": 1,
                "extras": 0,
                "total": 1
              }
            },
            {
              "batter": "MD Stoneman",
              "bowler": "NA Sowter",
              "non_striker": "OJ Pope",
              "runs": {
                "batter": 1,
                "extras": 0,
                "total": 1
              }
            },
            {
              "batter": "OJ Pope",
              "bowler": "NA Sowter",
              "non_striker": "MD Stoneman",
              "runs": {
                "batter": 1,
                "extras": 0,
                "total": 1
              }
            },
            {
              "batter": "MD Stoneman",
              "bowler": "NA Sowter",
              "non_striker": "OJ Pope",
              "runs": {
                "batter": 1,
                "extras": 0,
                "total": 1
              }
            },
            {
              "batter": "OJ Pope",
              "bowler": "NA Sowter",
              "non_striker": "MD Stoneman",
              "runs": {
                "batter": 1,
                "extras": 0,
                "total": 1
              }
            }
          ]
        },
        {
          "over": 8,
          "deliveries": [
            {
              "batter": "OJ Pope",
              "bowler": "TS Roland-Jones",
              "non_striker": "MD Stoneman",
              "runs": {
                "batter": 1,
                "extras": 0,
                "total": 1
              }
            },
            {
              "batter": "MD Stoneman",
              "bowler": "TS Roland-Jones",
              "non_striker": "OJ Pope",
              "runs": {
                "batter": 1,
                "extras": 0,
                "total": 1
              }
            },
            {
              "batter": "OJ Pope",
              "bowler": "TS Roland-Jones",
              "non_striker": "MD Stoneman",
              "runs": {
                "batter": 6,
                "extras": 0,
                "total": 6
              }
            },
            {
              "batter": "OJ Pope",
              "bowler": "TS Roland-Jones",
              "non_striker": "MD Stoneman",
              "runs": {
                "batter": 0,
                "extras": 0,
                "total": 0
              }
            },
            {
              "batter": "OJ Pope",
              "bowler": "TS Roland-Jones",
              "non_striker": "MD Stoneman",
              "runs": {
                "batter": 1,
                "extras": 0,
                "total": 1
              }
            },
            {
              "batter": "MD Stoneman",
              "bowler": "TS Roland-Jones",
              "non_striker": "OJ Pope",
              "runs": {
                "batter": 0,
                "extras": 0,
                "total": 0
              }
            }
          ]
        },
        {
          "over": 9,
          "deliveries": [
            {
              "batter": "OJ Pope",
              "bowler": "NA Sowter",
              "non_striker": "MD Stoneman",
              "runs": {
                "batter": 1,
                "extras": 0,
                "total": 1
              }
            },
            {
              "batter": "MD Stoneman",
              "bowler": "NA Sowter",
              "non_striker": "OJ Pope",
              "runs": {
                "batter": 4,
                "extras": 0,
                "total": 4
              }
            },
            {
              "batter": "MD Stoneman",
              "bowler": "NA Sowter",
              "non_striker": "OJ Pope",
              "runs": {
                "batter": 1,
                "extras": 0,
                "total": 1
              }
            },
            {
              "batter": "OJ Pope",
              "bowler": "NA Sowter",
              "non_striker": "MD Stoneman",
              "runs": {
                "batter": 0,
                "extras": 0,
                "total": 0
              }
            },
            {
              "batter": "OJ Pope",
              "bowler": "NA Sowter",
              "non_striker": "MD Stoneman",
              "runs": {
                "batter": 1,
                "extras": 0,
                "total": 1
              }
            },
            {
              "batter": "MD Stoneman",
              "bowler": "NA Sowter",
              "non_striker": "OJ Pope",
              "runs": {
                "batter": 0,
                "extras": 0,
                "total": 0
              },
              "wickets": [
                {
                  "kind": "caught",
                  "player_out": "MD Stoneman",
                  "fielders": [
                    {
                      "name": "SS Eskinazi"
                    }
                  ]
                }
              ]
            }
          ]
        },
        {
          "over": 10,
          "deliveries": [
            {
              "batter": "OJ Pope",
              "bowler": "ST Finn",
              "non_striker": "R Clarke",
              "runs": {
                "batter": 1,
                "extras": 0,
                "total": 1
              }
            },
            {
              "batter": "R Clarke",
              "bowler": "ST Finn",
              "non_striker": "OJ Pope",
              "runs": {
                "batter": 1,
                "extras": 0,
                "total": 1
              }
            },
            {
              "batter": "OJ Pope",
              "bowler": "ST Finn",
              "non_striker": "R Clarke",
              "runs": {
                "batter": 0,
                "extras": 0,
                "total": 0
              }
            },
            {
              "batter": "OJ Pope",
              "bowler": "ST Finn",
              "non_striker": "R Clarke",
              "runs": {
                "batter": 4,
                "extras": 0,
                "total": 4
              }
            },
            {
              "batter": "OJ Pope",
              "bowler": "ST Finn",
              "non_striker": "R Clarke",
              "runs": {
                "batter": 6,
                "extras": 0,
                "total": 6
              }
            },
            {
              "batter": "OJ Pope",
              "bowler": "ST Finn",
              "non_striker": "R Clarke",
              "runs": {
                "batter": 1,
                "extras": 0,
                "total": 1
              }
            }
          ]
        },
        {
          "over": 11,
          "deliveries": [
            {
              "batter": "OJ Pope",
              "bowler": "TS Roland-Jones",
              "non_striker": "R Clarke",
              "runs": {
                "batter": 2,
                "extras": 0,
                "total": 2
              }
            },
            {
              "batter": "OJ Pope",
              "bowler": "TS Roland-Jones",
              "non_striker": "R Clarke",
              "runs": {
                "batter": 0,
                "extras": 0,
                "total": 0
              },
              "wickets": [
                {
                  "kind": "caught",
                  "player_out": "OJ Pope",
                  "fielders": [
                    {
                      "name": "NA Sowter"
                    }
                  ]
                }
              ]
            },
            {
              "batter": "TK Curran",
              "bowler": "TS Roland-Jones",
              "non_striker": "R Clarke",
              "runs": {
                "batter": 1,
                "extras": 0,
                "total": 1
              }
            },
            {
              "batter": "R Clarke",
              "bowler": "TS Roland-Jones",
              "non_striker": "TK Curran",
              "runs": {
                "batter": 4,
                "extras": 0,
                "total": 4
              }
            },
            {
              "batter": "R Clarke",
              "bowler": "TS Roland-Jones",
              "non_striker": "TK Curran",
              "runs": {
                "batter": 4,
                "extras": 0,
                "total": 4
              }
            },
            {
              "batter": "R Clarke",
              "bowler": "TS Roland-Jones",
              "non_striker": "TK Curran",
              "runs": {
                "batter": 0,
                "extras": 0,
                "total": 0
              },
              "wickets": [
                {
                  "kind": "caught",
                  "player_out": "R Clarke",
                  "fielders": [
                    {
                      "name": "NRT Gubbins"
                    }
                  ]
                }
              ]
            }
          ]
        },
        {
          "over": 12,
          "deliveries": [
            {
              "batter": "TK Curran",
              "bowler": "NA Sowter",
              "non_striker": "J Clark",
              "runs": {
                "batter": 1,
                "extras": 0,
                "total": 1
              }
            },
            {
              "batter": "J Clark",
              "bowler": "NA Sowter",
              "non_striker": "TK Curran",
              "runs": {
                "batter": 0,
                "extras": 0,
                "total": 0
              }
            },
            {
              "batter": "J Clark",
              "bowler": "NA Sowter",
              "non_striker": "TK Curran",
              "runs": {
                "batter": 1,
                "extras": 0,
                "total": 1
              }
            },
            {
              "batter": "TK Curran",
              "bowler": "NA Sowter",
              "non_striker": "J Clark",
              "runs": {
                "batter": 4,
                "extras": 0,
                "total": 4
              }
            },
            {
              "batter": "TK Curran",
              "bowler": "NA Sowter",
              "non_striker": "J Clark",
              "runs": {
                "batter": 0,
                "extras": 0,
                "total": 0
              }
            },
            {
              "batter": "TK Curran",
              "bowler": "NA Sowter",
              "non_striker": "J Clark",
              "runs": {
                "batter": 4,
                "extras": 0,
                "total": 4
              }
            }
          ]
        },
        {
          "over": 13,
          "deliveries": [
            {
              "batter": "J Clark",
              "bowler": "ST Finn",
              "non_striker": "TK Curran",
              "runs": {
                "batter": 2,
                "extras": 0,
                "total": 2
              }
            },
            {
              "batter": "J Clark",
              "bowler": "ST Finn",
              "non_striker": "TK Curran",
              "runs": {
                "batter": 1,
                "extras": 0,
                "total": 1
              }
            },
            {
              "batter": "TK Curran",
              "bowler": "ST Finn",
              "non_striker": "J Clark",
              "runs": {
                "batter": 2,
                "extras": 0,
                "total": 2
              }
            },
            {
              "batter": "TK Curran",
              "bowler": "ST Finn",
              "non_striker": "J Clark",
              "runs": {
                "batter": 1,
                "extras": 0,
                "total": 1
              }
            },
            {
              "batter": "J Clark",
              "bowler": "ST Finn",
              "non_striker": "TK Curran",
              "runs": {
                "batter": 6,
                "extras": 0,
                "total": 6
              }
            },
            {
              "batter": "J Clark",
              "bowler": "ST Finn",
              "non_striker": "TK Curran",
              "runs": {
                "batter": 4,
                "extras": 0,
                "total": 4
              }
            }
          ]
        },
        {
          "over": 14,
          "deliveries": [
            {
              "batter": "TK Curran",
              "bowler": "Mujeeb Ur Rahman",
              "non_striker": "J Clark",
              "runs": {
                "batter": 1,
                "extras": 0,
                "total": 1
              }
            },
            {
              "batter": "J Clark",
              "bowler": "Mujeeb Ur Rahman",
              "non_striker": "TK Curran",
              "runs": {
                "batter": 2,
                "extras": 0,
                "total": 2
              }
            },
            {
              "batter": "J Clark",
              "bowler": "Mujeeb Ur Rahman",
              "non_striker": "TK Curran",
              "runs": {
                "batter": 2,
                "extras": 0,
                "total": 2
              }
            },
            {
              "batter": "J Clark",
              "bowler": "Mujeeb Ur Rahman",
              "non_striker": "TK Curran",
              "runs": {
                "batter": 1,
                "extras": 0,
                "total": 1
              }
            },
            {
              "batter": "TK Curran",
              "bowler": "Mujeeb Ur Rahman",
              "non_striker": "J Clark",
              "runs": {
                "batter": 0,
                "extras": 0,
                "total": 0
              }
            },
            {
              "batter": "TK Curran",
              "bowler": "Mujeeb Ur Rahman",
              "non_striker": "J Clark",
              "runs": {
                "batter": 2,
                "extras": 0,
                "total": 2
              }
            }
          ]
        },
        {
          "over": 15,
          "deliveries": [
            {
              "batter": "J Clark",
              "bowler": "TG Helm",
              "non_striker": "TK Curran",
              "runs": {
                "batter": 2,
                "extras": 0,
                "total": 2
              }
            },
            {
              "batter": "J Clark",
              "bowler": "TG Helm",
              "non_striker": "TK Curran",
              "runs": {
                "batter": 0,
                "extras": 0,
                "total": 0
              },
              "wickets": [
                {
                  "kind": "bowled",
                  "player_out": "J Clark"
                }
              ]
            },
            {
              "batter": "LE Plunkett",
              "bowler": "TG Helm",
              "non_striker": "TK Curran",
              "runs": {
                "batter": 0,
                "extras": 0,
                "total": 0
              }
            },
            {
              "batter": "LE Plunkett",
              "bowler": "TG Helm",
              "non_striker": "TK Curran",
              "runs": {
                "batter": 4,
                "extras": 0,
                "total": 4
              }
            },
            {
              "batter": "LE Plunkett",
              "bowler": "TG Helm",
              "non_striker": "TK Curran",
              "runs": {
                "batter": 1,
                "extras": 0,
                "total": 1
              }
            },
            {
              "batter": "TK Curran",
              "bowler": "TG Helm",
              "extras": {
                "wides": 1
              },
              "non_striker": "LE Plunkett",
              "runs": {
                "batter": 0,
                "extras": 1,
                "total": 1
              }
            },
            {
              "batter": "TK Curran",
              "bowler": "TG Helm",
              "non_striker": "LE Plunkett",
              "runs": {
                "batter": 1,
                "extras": 0,
                "total": 1
              }
            }
          ]
        },
        {
          "over": 16,
          "deliveries": [
            {
              "batter": "TK Curran",
              "bowler": "NA Sowter",
              "non_striker": "LE Plunkett",
              "runs": {
                "batter": 2,
                "extras": 0,
                "total": 2
              }
            },
            {
              "batter": "TK Curran",
              "bowler": "NA Sowter",
              "non_striker": "LE Plunkett",
              "runs": {
                "batter": 6,
                "extras": 0,
                "total": 6
              }
            },
            {
              "batter": "TK Curran",
              "bowler": "NA Sowter",
              "non_striker": "LE Plunkett",
              "runs": {
                "batter": 1,
                "extras": 0,
                "total": 1
              }
            },
            {
              "batter": "LE Plunkett",
              "bowler": "NA Sowter",
              "non_striker": "TK Curran",
              "runs": {
                "batter": 0,
                "extras": 0,
                "total": 0
              },
              "wickets": [
                {
                  "kind": "bowled",
                  "player_out": "LE Plunkett"
                }
              ]
            },
            {
              "batter": "JW Dernbach",
              "bowler": "NA Sowter",
              "non_striker": "TK Curran",
              "runs": {
                "batter": 1,
                "extras": 0,
                "total": 1
              }
            },
            {
              "batter": "TK Curran",
              "bowler": "NA Sowter",
              "non_striker": "JW Dernbach",
              "runs": {
                "batter": 1,
                "extras": 0,
                "total": 1
              }
            }
          ]
        },
        {
          "over": 17,
          "deliveries": [
            {
              "batter": "TK Curran",
              "bowler": "TS Roland-Jones",
              "non_striker": "JW Dernbach",
              "runs": {
                "batter": 4,
                "extras": 0,
                "total": 4
              }
            },
            {
              "batter": "TK Curran",
              "bowler": "TS Roland-Jones",
              "non_striker": "JW Dernbach",
              "runs": {
                "batter": 0,
                "extras": 0,
                "total": 0
              },
              "wickets": [
                {
                  "kind": "caught",
                  "player_out": "TK Curran",
                  "fielders": [
                    {
                      "name": "ST Finn"
                    }
                  ]
                }
              ]
            },
            {
              "batter": "GJ Batty",
              "bowler": "TS Roland-Jones",
              "non_striker": "JW Dernbach",
              "runs": {
                "batter": 1,
                "extras": 0,
                "total": 1
              }
            },
            {
              "batter": "JW Dernbach",
              "bowler": "TS Roland-Jones",
              "non_striker": "GJ Batty",
              "runs": {
                "batter": 0,
                "extras": 0,
                "total": 0
              }
            },
            {
              "batter": "JW Dernbach",
              "bowler": "TS Roland-Jones",
              "non_striker": "GJ Batty",
              "runs": {
                "batter": 0,
                "extras": 0,
                "total": 0
              }
            },
            {
              "batter": "JW Dernbach",
              "bowler": "TS Roland-Jones",
              "non_striker": "GJ Batty",
              "runs": {
                "batter": 0,
                "extras": 0,
                "total": 0
              },
              "wickets": [
                {
                  "kind": "caught",
                  "player_out": "JW Dernbach",
                  "fielders": [
                    {
                      "name": "NA Sowter"
                    }
                  ]
                }
              ]
            }
          ]
        },
        {
          "over": 18,
          "deliveries": [
            {
              "batter": "Imran Tahir",
              "bowler": "ST Finn",
              "non_striker": "GJ Batty",
              "runs": {
                "batter": 0,
                "extras": 0,
                "total": 0
              }
            },
            {
              "batter": "Imran Tahir",
              "bowler": "ST Finn",
              "non_striker": "GJ Batty",
              "runs": {
                "batter": 1,
                "extras": 0,
                "total": 1
              }
            },
            {
              "batter": "GJ Batty",
              "bowler": "ST Finn",
              "non_striker": "Imran Tahir",
              "runs": {
                "batter": 0,
                "extras": 0,
                "total": 0
              }
            },
            {
              "batter": "GJ Batty",
              "bowler": "ST Finn",
              "non_striker": "Imran Tahir",
              "runs": {
                "batter": 0,
                "extras": 0,
                "total": 0
              }
            },
            {
              "batter": "GJ Batty",
              "bowler": "ST Finn",
              "non_striker": "Imran Tahir",
              "runs": {
                "batter": 2,
                "extras": 0,
                "total": 2
              }
            },
            {
              "batter": "GJ Batty",
              "bowler": "ST Finn",
              "non_striker": "Imran Tahir",
              "runs": {
                "batter": 1,
                "extras": 0,
                "total": 1
              }
            }
          ]
        },
        {
          "over": 19,
          "deliveries": [
            {
              "batter": "GJ Batty",
              "bowler": "TG Helm",
              "non_striker": "Imran Tahir",
              "runs": {
                "batter": 1,
                "extras": 0,
                "total": 1
              }
            },
            {
              "batter": "Imran Tahir",
              "bowler": "TG Helm",
              "non_striker": "GJ Batty",
              "runs": {
                "batter": 1,
                "extras": 0,
                "total": 1
              }
            },
            {
              "batter": "GJ Batty",
              "bowler": "TG Helm",
              "non_striker": "Imran Tahir",
              "runs": {
                "batter": 1,
                "extras": 0,
                "total": 1
              }
            },
            {
              "batter": "Imran Tahir",
              "bowler": "TG Helm",
              "non_striker": "GJ Batty",
              "runs": {
                "batter": 0,
                "extras": 0,
                "total": 0
              }
            },
            {
              "batter": "Imran Tahir",
              "bowler": "TG Helm",
              "non_striker": "GJ Batty",
              "runs": {
                "batter": 2,
                "extras": 0,
                "total": 2
              }
            },
            {
              "batter": "Imran Tahir",
              "bowler": "TG Helm",
              "non_striker": "GJ Batty",
              "runs": {
                "batter": 1,
                "extras": 0,
                "total": 1
              }
            }
          ]
        }
      ],
      "powerplays": [
        {
          "from": 0.1,
          "to": 5.7,
          "type": "mandatory"
        }
      ],
      "target": {
        "overs": 20,
        "runs": 210
      }
    }
  ]
}