{
  "meta": {
    "data_version": "1.0.0",
    "created": "2019-12-28",
    "revision": 1
  },
  "info": {
    "balls_per_over": 6,
    "city": "Leicester",
    "dates": [
      "2019-08-25"
    ],
    "event": {
      "name": "Vitality Blast",
      "group": "North"
    },
    "gender": "male",
    "match_type": "T20",
    "officials": {
      "umpires": [
        "NGB Cook",
        "RJ Bailey"
      ]
    },
    "outcome": {
      "winner": "Derbyshire",
      "by": {
        "wickets": 9
      }
    },
    "overs": 20,
    "player_of_match": [
      "BA Godleman"
    ],
    "players": {
      "Leicestershire": [
        "MJ Cosgrove",
        "HJ Swindells",
        "AM Lilley",
        "CN Ackermann",
        "LJ Hill",
        "AM Ali",
        "CF Parkinson",
        "BWM Mike",
        "D Klein",
        "GT Griffiths",
        "WS Davis"
      ],
      "Derbyshire": [
        "LM Reece",
        "BA Godleman",
        "WL Madsen",
        "JL du Plooy",
        "AL Hughes",
        "MJJ Critchley",
        "FJ Hudson-Prentice",
        "Anuj Dal",
        "D Smit",
        "LV van Beek",
        "R Rampaul"
      ]
    },
    "registry": {
      "people": {
        "AL Hughes": "1066a976",
        "AM Ali": "e3434f95",
        "AM Lilley": "88a004e9",
        "Anuj Dal": "e142c599",
        "BA Godleman": "b26b1e3d",
        "BWM Mike": "ed12fcd7",
        "CF Parkinson": "aa1210d8",
        "CN Ackermann": "e734d090",
        "D Klein": "aeab0d4f",
        "D Smit": "4bb02ef1",
        "FJ Hudson-Prentice": "932d3cc9",
        "GT Griffiths": "79c7041c",
        "HJ Swindells": "95fd757d",
        "JL du Plooy": "6e6fb538",
        "LJ Hill": "35f9a295",
        "LM Reece": "9789e56e",
        "LV van Beek": "782fb776",
        "MJ Cosgrove": "be768595",
        "MJJ Critchley": "c5cc48bc",
        "NGB Cook": "772fe461",
        "R Rampaul": "d68e7f48",
        "RJ Bailey": "6bd04fa5",
        "WL Madsen": "86e0f3f0",
        "WS Davis": "078ffbf2"
      }
    },
    "season": "2019",
    "team_type": "club",
    "teams": [
      "Leicestershire",
      "Derbyshire"
    ],
    "toss": {
      "decision": "bat",
      "winner": "Leicestershire"
    },
    "venue": "Grace Road"
  },
  "innings": [
    {
      "team": "Leicestershire",
      "overs": [
        {
          "over": 0,
          "deliveries": [
            {
              "batter": "MJ Cosgrove",
              "bowler": "LV van Beek",
              "non_striker": "HJ Swindells",
              "runs": {
                "batter": 4,
                "extras": 0,
                "total": 4
              }
            },
            {
              "batter": "MJ Cosgrove",
              "bowler": "LV van Beek",
              "non_striker": "HJ Swindells",
              "runs": {
                "batter": 0,
                "extras": 0,
                "total": 0
              }
            },
            {
              "batter": "MJ Cosgrove",
              "bowler": "LV van Beek",
              "non_striker": "HJ Swindells",
              "runs": {
                "batter": 0,
                "extras": 0,
                "total": 0
              }
            },
            {
              "batter": "MJ Cosgrove",
              "bowler": "LV van Beek",
              "extras": {
                "legbyes": 1
              },
              "non_striker": "HJ Swindells",
              "runs": {
                "batter": 0,
                "extras": 1,
                "total": 1
              }
            },
            {
              "batter": "HJ Swindells",
              "bowler": "LV van Beek",
              "non_striker": "MJ Cosgrove",
              "runs": {
                "batter": 1,
                "extras": 0,
                "total": 1
              }
            },
            {
              "batter": "MJ Cosgrove",
              "bowler": "LV van Beek",
              "non_striker": "HJ Swindells",
              "runs": {
                "batter": 4,
                "extras": 0,
                "total": 4
              }
            }
          ]
        },
        {
          "over": 1,
          "deliveries": [
            {
              "batter": "HJ Swindells",
              "bowler": "R Rampaul",
              "non_striker": "MJ Cosgrove",
              "runs": {
                "batter": 1,
                "extras": 0,
                "total": 1
              }
            },
            {
              "batter": "MJ Cosgrove",
              "bowler": "R Rampaul",
              "non_striker": "HJ Swindells",
              "runs": {
                "batter": 1,
                "extras": 0,
                "total": 1
              }
            },
            {
              "batter": "HJ Swindells",
              "bowler": "R Rampaul",
              "non_striker": "MJ Cosgrove",
              "runs": {
                "batter": 1,
                "extras": 0,
                "total": 1
              }
            },
            {
              "batter": "MJ Cosgrove",
              "bowler": "R Rampaul",
              "non_striker": "HJ Swindells",
              "runs": {
                "batter": 0,
                "extras": 0,
                "total": 0
              }
            },
            {
              "batter": "MJ Cosgrove",
              "bowler": "R Rampaul",
              "non_striker": "HJ Swindells",
              "runs": {
                "batter": 4,
                "extras": 0,
                "total": 4
              }
            },
            {
              "batter": "MJ Cosgrove",
              "bowler": "R Rampaul",
              "non_striker": "HJ Swindells",
              "runs": {
                "batter": 0,
                "extras": 0,
                "total": 0
              }
            }
          ]
        },
        {
          "over": 2,
          "deliveries": [
            {
              "batter": "HJ Swindells",
              "bowler": "FJ Hudson-Prentice",
              "non_striker": "MJ Cosgrove",
              "runs": {
                "batter": 0,
                "extras": 0,
                "total": 0
              }
            },
            {
              "batter": "HJ Swindells",
              "bowler": "FJ Hudson-Prentice",
              "non_striker": "MJ Cosgrove",
              "runs": {
                "batter": 0,
                "extras": 0,
                "total": 0
              }
            },
            {
              "batter": "HJ Swindells",
              "bowler": "FJ Hudson-Prentice",
              "non_striker": "MJ Cosgrove",
              "runs": {
                "batter": 1,
                "extras": 0,
                "total": 1
              }
            },
            {
              "batter": "MJ Cosgrove",
              "bowler": "FJ Hudson-Prentice",
              "non_striker": "HJ Swindells",
              "runs": {
                "batter": 4,
                "extras": 0,
                "total": 4
              }
            },
            {
              "batter": "MJ Cosgrove",
              "bowler": "FJ Hudson-Prentice",
              "non_striker": "HJ Swindells",
              "runs": {
                "batter": 6,
                "extras": 0,
                "total": 6
              }
            },
            {
              "batter": "MJ Cosgrove",
              "bowler": "FJ Hudson-Prentice",
              "non_striker": "HJ Swindells",
              "runs": {
                "batter": 1,
                "extras": 0,
                "total": 1
              }
            }
          ]
        },
        {
          "over": 3,
          "deliveries": [
            {
              "batter": "MJ Cosgrove",
              "bowler": "R Rampaul",
              "non_striker": "HJ Swindells",
              "runs": {
                "batter": 1,
                "extras": 0,
                "total": 1
              }
            },
            {
              "batter": "HJ Swindells",
              "bowler": "R Rampaul",
              "extras": {
                "legbyes": 1
              },
              "non_striker": "MJ Cosgrove",
              "runs": {
                "batter": 0,
                "extras": 1,
                "total": 1
              }
            },
            {
              "batter": "MJ Cosgrove",
              "bowler": "R Rampaul",
              "non_striker": "HJ Swindells",
              "runs": {
                "batter": 4,
                "extras": 0,
                "total": 4
              }
            },
            {
              "batter": "MJ Cosgrove",
              "bowler": "R Rampaul",
              "non_striker": "HJ Swindells",
              "runs": {
                "batter": 0,
                "extras": 0,
                "total": 0
              }
            },
            {
              "batter": "MJ Cosgrove",
              "bowler": "R Rampaul",
              "non_striker": "HJ Swindells",
              "runs": {
                "batter": 1,
                "extras": 0,
                "total": 1
              }
            },
            {
              "batter": "HJ Swindells",
              "bowler": "R Rampaul",
              "non_striker": "MJ Cosgrove",
              "runs": {
                "batter": 1,
                "extras": 0,
                "total": 1
              }
            }
          ]
        },
        {
          "over": 4,
          "deliveries": [
            {
              "batter": "HJ Swindells",
              "bowler": "FJ Hudson-Prentice",
              "non_striker": "MJ Cosgrove",
              "runs": {
                "batter": 0,
                "extras": 0,
                "total": 0
              },
              "wickets": [
                {
                  "kind": "caught",
                  "player_out": "HJ Swindells",
                  "fielders": [
                    {
                      "name": "D Smit"
                    }
                  ]
                }
              ]
            },
            {
              "batter": "AM Lilley",
              "bowler": "FJ Hudson-Prentice",
              "non_striker": "MJ Cosgrove",
              "runs": {
                "batter": 1,
                "extras": 0,
                "total": 1
              }
            },
            {
              "batter": "MJ Cosgrove",
              "bowler": "FJ Hudson-Prentice",
              "non_striker": "AM Lilley",
              "runs": {
                "batter": 4,
                "extras": 0,
                "total": 4
              }
            },
            {
              "batter": "MJ Cosgrove",
              "bowler": "FJ Hudson-Prentice",
              "non_striker": "AM Lilley",
              "runs": {
                "batter": 4,
                "extras": 0,
                "total": 4
              }
            },
            {
              "batter": "MJ Cosgrove",
              "bowler": "FJ Hudson-Prentice",
              "non_striker": "AM Lilley",
              "runs": {
                "batter": 1,
                "extras": 0,
                "total": 1
              }
            },
            {
              "batter": "AM Lilley",
              "bowler": "FJ Hudson-Prentice",
              "non_striker": "MJ Cosgrove",
              "runs": {
                "batter": 1,
                "extras": 0,
                "total": 1
              }
            }
          ]
        },
        {
          "over": 5,
          "deliveries": [
            {
              "batter": "AM Lilley",
              "bowler": "LV van Beek",
              "non_striker": "MJ Cosgrove",
              "runs": {
                "batter": 6,
                "extras": 0,
                "total": 6
              }
            },
            {
              "batter": "AM Lilley",
              "bowler": "LV van Beek",
              "non_striker": "MJ Cosgrove",
              "runs": {
                "batter": 0,
                "extras": 0,
                "total": 0
              }
            },
            {
              "batter": "AM Lilley",
              "bowler": "LV van Beek",
              "non_striker": "MJ Cosgrove",
              "runs": {
                "batter": 0,
                "extras": 0,
                "total": 0
              },
              "wickets": [
                {
                  "kind": "caught",
                  "player_out": "AM Lilley",
                  "fielders": [
                    {
                      "name": "BA Godleman"
                    }
                  ]
                }
              ]
            },
            {
              "batter": "MJ Cosgrove",
              "bowler": "LV van Beek",
              "non_striker": "CN Ackermann",
              "runs": {
                "batter": 0,
                "extras": 0,
                "total": 0
              }
            },
            {
              "batter": "MJ Cosgrove",
              "bowler": "LV van Beek",
              "non_striker": "CN Ackermann",
              "runs": {
                "batter": 1,
                "extras": 0,
                "total": 1
              }
            },
            {
              "batter": "CN Ackermann",
              "bowler": "LV van Beek",
              "non_striker": "MJ Cosgrove",
              "runs": {
                "batter": 4,
                "extras": 0,
                "total": 4
              }
            }
          ]
        },
        {
          "over": 6,
          "deliveries": [
            {
              "batter": "MJ Cosgrove",
              "bowler": "AL Hughes",
              "non_striker": "CN Ackermann",
              "runs": {
                "batter": 0,
                "extras": 0,
                "total": 0
              }
            },
            {
              "batter": "MJ Cosgrove",
              "bowler": "AL Hughes",
              "non_striker": "CN Ackermann",
              "runs": {
                "batter": 2,
                "extras": 0,
                "total": 2
              }
            },
            {
              "batter": "MJ Cosgrove",
              "bowler": "AL Hughes",
              "non_striker": "CN Ackermann",
              "runs": {
                "batter": 1,
                "extras": 0,
                "total": 1
              }
            },
            {
              "batter": "CN Ackermann",
              "bowler": "AL Hughes",
              "non_striker": "MJ Cosgrove",
              "runs": {
                "batter": 0,
                "extras": 0,
                "total": 0
              }
            },
            {
              "batter": "CN Ackermann",
              "bowler": "AL Hughes",
              "non_striker": "MJ Cosgrove",
              "runs": {
                "batter": 0,
                "extras": 0,
                "total": 0
              }
            },
            {
              "batter": "CN Ackermann",
              "bowler": "AL Hughes",
              "non_striker": "MJ Cosgrove",
              "runs": {
                "batter": 1,
                "extras": 0,
                "total": 1
              }
            }
          ]
        },
        {
          "over": 7,
          "deliveries": [
            {
              "batter": "CN Ackermann",
              "bowler": "MJJ Critchley",
              "non_striker": "MJ Cosgrove",
              "runs": {
                "batter": 1,
                "extras": 0,
                "total": 1
              }
            },
            {
              "batter": "MJ Cosgrove",
              "bowler": "MJJ Critchley",
              "non_striker": "CN Ackermann",
              "runs": {
                "batter": 1,
                "extras": 0,
                "total": 1
              }
            },
            {
              "batter": "CN Ackermann",
              "bowler": "MJJ Critchley",
              "non_striker": "MJ Cosgrove",
              "runs": {
                "batter": 1,
                "extras": 0,
                "total": 1
              }
            },
            {
              "batter": "MJ Cosgrove",
              "bowler": "MJJ Critchley",
              "non_striker": "CN Ackermann",
              "runs": {
                "batter": 1,
                "extras": 0,
                "total": 1
              }
            },
            {
              "batter": "CN Ackermann",
              "bowler": "MJJ Critchley",
              "non_striker": "MJ Cosgrove",
              "runs": {
                "batter": 0,
                "extras": 0,
                "total": 0
              },
              "wickets": [
                {
                  "kind": "run out",
                  "player_out": "MJ Cosgrove"
                }
              ]
            },
            {
              "batter": "CN Ackermann",
              "bowler": "MJJ Critchley",
              "non_striker": "LJ Hill",
              "runs": {
                "batter": 1,
                "extras": 0,
                "total": 1
              }
            }
          ]
        },
        {
          "over": 8,
          "deliveries": [
            {
              "batter": "CN Ackermann",
              "bowler": "AL Hughes",
              "non_striker": "LJ Hill",
              "runs": {
                "batter": 0,
                "extras": 0,
                "total": 0
              }
            },
            {
              "batter": "CN Ackermann",
              "bowler": "AL Hughes",
              "non_striker": "LJ Hill",
              "runs": {
                "batter": 0,
                "extras": 0,
                "total": 0
              }
            },
            {
              "batter": "CN Ackermann",
              "bowler": "AL Hughes",
              "non_striker": "LJ Hill",
              "runs": {
                "batter": 1,
                "extras": 0,
                "total": 1
              }
            },
            {
              "batter": "LJ Hill",
              "bowler": "AL Hughes",
              "non_striker": "CN Ackermann",
              "runs": {
                "batter": 0,
                "extras": 0,
                "total": 0
              }
            },
            {
              "batter": "LJ Hill",
              "bowler": "AL Hughes",
              "non_striker": "CN Ackermann",
              "runs": {
                "batter": 0,
                "extras": 0,
                "total": 0
              }
            },
            {
              "batter": "LJ Hill",
              "bowler": "AL Hughes",
              "non_striker": "CN Ackermann",
              "runs": {
                "batter": 1,
                "extras": 0,
                "total": 1
              }
            }
          ]
        },
        {
          "over": 9,
          "deliveries": [
            {
              "batter": "LJ Hill",
              "bowler": "MJJ Critchley",
              "non_striker": "CN Ackermann",
              "runs": {
                "batter": 0,
                "extras": 0,
                "total": 0
              }
            },
            {
              "batter": "LJ Hill",
              "bowler": "MJJ Critchley",
              "non_striker": "CN Ackermann",
              "runs": {
                "batter": 1,
                "extras": 0,
                "total": 1
              }
            },
            {
              "batter": "CN Ackermann",
              "bowler": "MJJ Critchley",
              "non_striker": "LJ Hill",
              "runs": {
                "batter": 0,
                "extras": 0,
                "total": 0
              },
              "wickets": [
                {
                  "kind": "caught",
                  "player_out": "CN Ackermann",
                  "fielders": [
                    {
                      "name": "WL Madsen"
                    }
                  ]
                }
              ]
            },
            {
              "batter": "LJ Hill",
              "bowler": "MJJ Critchley",
              "non_striker": "AM Ali",
              "runs": {
                "batter": 2,
                "extras": 0,
                "total": 2
              }
            },
            {
              "batter": "LJ Hill",
              "bowler": "MJJ Critchley",
              "non_striker": "AM Ali",
              "runs": {
                "batter": 1,
                "extras": 0,
                "total": 1
              }
            },
            {
              "batter": "AM Ali",
              "bowler": "MJJ Critchley",
              "non_striker": "LJ Hill",
              "runs": {
                "batter": 0,
                "extras": 0,
                "total": 0
              }
            }
          ]
        },
        {
          "over": 10,
          "deliveries": [
            {
              "batter": "LJ Hill",
              "bowler": "AL Hughes",
              "non_striker": "AM Ali",
              "runs": {
                "batter": 0,
                "extras": 0,
                "total": 0
              }
            },
            {
              "batter": "LJ Hill",
              "bowler": "AL Hughes",
              "non_striker": "AM Ali",
              "runs": {
                "batter": 1,
                "extras": 0,
                "total": 1
              }
            },
            {
              "batter": "AM Ali",
              "bowler": "AL Hughes",
              "non_striker": "LJ Hill",
              "runs": {
                "batter": 1,
                "extras": 0,
                "total": 1
              }
            },
            {
              "batter": "LJ Hill",
              "bowler": "AL Hughes",
              "non_striker": "AM Ali",
              "runs": {
                "batter": 0,
                "extras": 0,
                "total": 0
              }
            },
            {
              "batter": "LJ Hill",
              "bowler": "AL Hughes",
              "non_striker": "AM Ali",
              "runs": {
                "batter": 0,
                "extras": 0,
                "total": 0
              }
            },
            {
              "batter": "LJ Hill",
              "bowler": "AL Hughes",
              "non_striker": "AM Ali",
              "runs": {
                "batter": 0,
                "extras": 0,
                "total": 0
              }
            }
          ]
        },
        {
          "over": 11,
          "deliveries": [
            {
              "batter": "AM Ali",
              "bowler": "MJJ Critchley",
              "non_striker": "LJ Hill",
              "runs": {
                "batter": 1,
                "extras": 0,
                "total": 1
              }
            },
            {
              "batter": "LJ Hill",
              "bowler": "MJJ Critchley",
              "non_striker": "AM Ali",
              "runs": {
                "batter": 0,
                "extras": 0,
                "total": 0
              }
            },
            {
              "batter": "LJ Hill",
              "bowler": "MJJ Critchley",
              "non_striker": "AM Ali",
              "runs": {
                "batter": 4,
                "extras": 0,
                "total": 4
              }
            },
            {
              "batter": "LJ Hill",
              "bowler": "MJJ Critchley",
              "non_striker": "AM Ali",
              "runs": {
                "batter": 0,
                "extras": 0,
                "total": 0
              }
            },
            {
              "batter": "LJ Hill",
              "bowler": "MJJ Critchley",
              "non_striker": "AM Ali",
              "runs": {
                "batter": 1,
                "extras": 0,
                "total": 1
              }
            },
            {
              "batter": "AM Ali",
              "bowler": "MJJ Critchley",
              "non_striker": "LJ Hill",
              "runs": {
                "batter": 1,
                "extras": 0,
                "total": 1
              }
            }
          ]
        },
        {
          "over": 12,
          "deliveries": [
            {
              "batter": "AM Ali",
              "bowler": "AL Hughes",
              "non_striker": "LJ Hill",
              "runs": {
                "batter": 0,
                "extras": 0,
                "total": 0
              }
            },
            {
              "batter": "AM Ali",
              "bowler": "AL Hughes",
              "non_striker": "LJ Hill",
              "runs": {
                "batter": 2,
                "extras": 0,
                "total": 2
              }
            },
            {
              "batter": "AM Ali",
              "bowler": "AL Hughes",
              "non_striker": "LJ Hill",
              "runs": {
                "batter": 1,
                "extras": 0,
                "total": 1
              }
            },
            {
              "batter": "LJ Hill",
              "bowler": "AL Hughes",
              "non_striker": "AM Ali",
              "runs": {
                "batter": 1,
                "extras": 0,
                "total": 1
              }
            },
            {
              "batter": "AM Ali",
              "bowler": "AL Hughes",
              "non_striker": "LJ Hill",
              "runs": {
                "batter": 1,
                "extras": 0,
                "total": 1
              }
            },
            {
              "batter": "LJ Hill",
              "bowler": "AL Hughes",
              "non_striker": "AM Ali",
              "runs": {
                "batter": 4,
                "extras": 0,
                "total": 4
              }
            }
          ]
        },
        {
          "over": 13,
          "deliveries": [
            {
              "batter": "AM Ali",
              "bowler": "MJJ Critchley",
              "non_striker": "LJ Hill",
              "runs": {
                "batter": 1,
                "extras": 0,
                "total": 1
              }
            },
            {
              "batter": "LJ Hill",
              "bowler": "MJJ Critchley",
              "non_striker": "AM Ali",
              "runs": {
                "batter": 0,
                "extras": 0,
                "total": 0
              },
              "wickets": [
                {
                  "kind": "bowled",
                  "player_out": "LJ Hill"
                }
              ]
            },
            {
              "batter": "CF Parkinson",
              "bowler": "MJJ Critchley",
              "non_striker": "AM Ali",
              "runs": {
                "batter": 1,
                "extras": 0,
                "total": 1
              }
            },
            {
              "batter": "AM Ali",
              "bowler": "MJJ Critchley",
              "non_striker": "CF Parkinson",
              "runs": {
                "batter": 0,
                "extras": 0,
                "total": 0
              }
            },
            {
              "batter": "AM Ali",
              "bowler": "MJJ Critchley",
              "non_striker": "CF Parkinson",
              "runs": {
                "batter": 0,
                "extras": 0,
                "total": 0
              }
            },
            {
              "batter": "AM Ali",
              "bowler": "MJJ Critchley",
              "non_striker": "CF Parkinson",
              "runs": {
                "batter": 0,
                "extras": 0,
                "total": 0
              }
            }
          ]
        },
        {
          "over": 14,
          "deliveries": [
            {
              "batter": "CF Parkinson",
              "bowler": "LM Reece",
              "extras": {
                "wides": 1
              },
              "non_striker": "AM Ali",
              "runs": {
                "batter": 0,
                "extras": 1,
                "total": 1
              }
            },
            {
              "batter": "CF Parkinson",
              "bowler": "LM Reece",
              "non_striker": "AM Ali",
              "runs": {
                "batter": 1,
                "extras": 0,
                "total": 1
              }
            },
            {
              "batter": "AM Ali",
              "bowler": "LM Reece",
              "non_striker": "CF Parkinson",
              "runs": {
                "batter": 0,
                "extras": 0,
                "total": 0
              },
              "wickets": [
                {
                  "kind": "caught",
                  "player_out": "AM Ali",
                  "fielders": [
                    {
                      "name": "AL Hughes"
                    }
                  ]
                }
              ]
            },
            {
              "batter": "CF Parkinson",
              "bowler": "LM Reece",
              "non_striker": "BWM Mike",
              "runs": {
                "batter": 1,
                "extras": 0,
                "total": 1
              }
            },
            {
              "batter": "BWM Mike",
              "bowler": "LM Reece",
              "non_striker": "CF Parkinson",
              "runs": {
                "batter": 0,
                "extras": 0,
                "total": 0
              }
            },
            {
              "batter": "BWM Mike",
              "bowler": "LM Reece",
              "non_striker": "CF Parkinson",
              "runs": {
                "batter": 1,
                "extras": 0,
                "total": 1
              }
            },
            {
              "batter": "CF Parkinson",
              "bowler": "LM Reece",
              "non_striker": "BWM Mike",
              "runs": {
                "batter": 1,
                "extras": 0,
                "total": 1
              }
            }
          ]
        },
        {
          "over": 15,
          "deliveries": [
            {
              "batter": "CF Parkinson",
              "bowler": "FJ Hudson-Prentice",
              "non_striker": "BWM Mike",
              "runs": {
                "batter": 0,
                "extras": 0,
                "total": 0
              }
            },
            {
              "batter": "CF Parkinson",
              "bowler": "FJ Hudson-Prentice",
              "non_striker": "BWM Mike",
              "runs": {
                "batter": 1,
                "extras": 0,
                "total": 1
              }
            },
            {
              "batter": "BWM Mike",
              "bowler": "FJ Hudson-Prentice",
              "non_striker": "CF Parkinson",
              "runs": {
                "batter": 1,
                "extras": 0,
                "total": 1
              }
            },
            {
              "batter": "CF Parkinson",
              "bowler": "FJ Hudson-Prentice",
              "non_striker": "BWM Mike",
              "runs": {
                "batter": 0,
                "extras": 0,
                "total": 0
              }
            },
            {
              "batter": "CF Parkinson",
              "bowler": "FJ Hudson-Prentice",
              "non_striker": "BWM Mike",
              "runs": {
                "batter": 1,
                "extras": 0,
                "total": 1
              }
            },
            {
              "batter": "BWM Mike",
              "bowler": "FJ Hudson-Prentice",
              "non_striker": "CF Parkinson",
              "runs": {
                "batter": 1,
                "extras": 0,
                "total": 1
              }
            }
          ]
        },
        {
          "over": 16,
          "deliveries": [
            {
              "batter": "BWM Mike",
              "bowler": "LM Reece",
              "non_striker": "CF Parkinson",
              "runs": {
                "batter": 1,
                "extras": 0,
                "total": 1
              }
            },
            {
              "batter": "CF Parkinson",
              "bowler": "LM Reece",
              "non_striker": "BWM Mike",
              "runs": {
                "batter": 0,
                "extras": 0,
                "total": 0
              },
              "wickets": [
                {
                  "kind": "caught",
                  "player_out": "CF Parkinson",
                  "fielders": [
                    {
                      "name": "BA Godleman"
                    }
                  ]
                }
              ]
            },
            {
              "batter": "D Klein",
              "bowler": "LM Reece",
              "non_striker": "BWM Mike",
              "runs": {
                "batter": 1,
                "extras": 0,
                "total": 1
              }
            },
            {
              "batter": "BWM Mike",
              "bowler": "LM Reece",
              "non_striker": "D Klein",
              "runs": {
                "batter": 1,
                "extras": 0,
                "total": 1
              }
            },
            {
              "batter": "D Klein",
              "bowler": "LM Reece",
              "non_striker": "BWM Mike",
              "runs": {
                "batter": 0,
                "extras": 0,
                "total": 0
              }
            },
            {
              "batter": "D Klein",
              "bowler": "LM Reece",
              "non_striker": "BWM Mike",
              "runs": {
                "batter": 1,
                "extras": 0,
                "total": 1
              }
            }
          ]
        },
        {
          "over": 17,
          "deliveries": [
            {
              "batter": "D Klein",
              "bowler": "R Rampaul",
              "non_striker": "BWM Mike",
              "runs": {
                "batter": 1,
                "extras": 0,
                "total": 1
              }
            },
            {
              "batter": "BWM Mike",
              "bowler": "R Rampaul",
              "non_striker": "D Klein",
              "runs": {
                "batter": 2,
                "extras": 0,
                "total": 2
              }
            },
            {
              "batter": "BWM Mike",
              "bowler": "R Rampaul",
              "extras": {
                "legbyes": 1
              },
              "non_striker": "D Klein",
              "runs": {
                "batter": 0,
                "extras": 1,
                "total": 1
              }
            },
            {
              "batter": "D Klein",
              "bowler": "R Rampaul",
              "non_striker": "BWM Mike",
              "runs": {
                "batter": 1,
                "extras": 0,
                "total": 1
              }
            },
            {
              "batter": "BWM Mike",
              "bowler": "R Rampaul",
              "non_striker": "D Klein",
              "runs": {
                "batter": 1,
                "extras": 0,
                "total": 1
              }
            },
            {
              "batter": "D Klein",
              "bowler": "R Rampaul",
              "non_striker": "BWM Mike",
              "runs": {
                "batter": 0,
                "extras": 0,
                "total": 0
              }
            }
          ]
        },
        {
          "over": 18,
          "deliveries": [
            {
              "batter": "BWM Mike",
              "bowler": "FJ Hudson-Prentice",
              "non_striker": "D Klein",
              "runs": {
                "batter": 1,
                "extras": 0,
                "total": 1
              }
            },
            {
              "batter": "D Klein",
              "bowler": "FJ Hudson-Prentice",
              "non_striker": "BWM Mike",
              "runs": {
                "batter": 2,
                "extras": 0,
                "total": 2
              }
            },
            {
              "batter": "D Klein",
              "bowler": "FJ Hudson-Prentice",
              "non_striker": "BWM Mike",
              "runs": {
                "batter": 1,
                "extras": 0,
                "total": 1
              },
              "wickets": [
                {
                  "kind": "run out",
                  "player_out": "BWM Mike"
                }
              ]
            },
            {
              "batter": "GT Griffiths",
              "bowler": "FJ Hudson-Prentice",
              "non_striker": "D Klein",
              "runs": {
                "batter": 0,
                "extras": 0,
                "total": 0
              }
            },
            {
              "batter": "GT Griffiths",
              "bowler": "FJ Hudson-Prentice",
              "non_striker": "D Klein",
              "runs": {
                "batter": 1,
                "extras": 0,
                "total": 1
              }
            },
            {
              "batter": "D Klein",
              "bowler": "FJ Hudson-Prentice",
              "non_striker": "GT Griffiths",
              "runs": {
                "batter": 1,
                "extras": 0,
                "total": 1
              }
            }
          ]
        },
        {
          "over": 19,
          "deliveries": [
            {
              "batter": "D Klein",
              "bowler": "R Rampaul",
              "non_striker": "GT Griffiths",
              "runs": {
                "batter": 1,
                "extras": 0,
                "total": 1
              }
            },
            {
              "batter": "GT Griffiths",
              "bowler": "R Rampaul",
              "non_striker": "D Klein",
              "runs": {
                "batter": 0,
                "extras": 0,
                "total": 0
              }
            },
            {
              "batter": "GT Griffiths",
              "bowler": "R Rampaul",
              "non_striker": "D Klein",
              "runs": {
                "batter": 1,
                "extras": 0,
                "total": 1
              }
            },
            {
              "batter": "D Klein",
              "bowler": "R Rampaul",
              "extras": {
                "legbyes": 1
              },
              "non_striker": "GT Griffiths",
              "runs": {
                "batter": 0,
                "extras": 1,
                "total": 1
              }
            },
            {
              "batter": "GT Griffiths",
              "bowler": "R Rampaul",
              "non_striker": "D Klein",
              "runs": {
                "batter": 2,
                "extras": 0,
                "total": 2
              }
            },
            {
              "batter": "GT Griffiths",
              "bowler": "R Rampaul",
              "non_striker": "D Klein",
              "runs": {
                "batter": 0,
                "extras": 0,
                "total": 0
              },
              "wickets": [
                {
                  "kind": "run out",
                  "player_out": "D Klein"
                }
              ]
            }
          ]
        }
      ],
      "powerplays": [
        {
          "from": 0.1,
          "to": 5.6,
          "type": "mandatory"
        }
      ]
    },
    {
      "team": "Derbyshire",
      "overs": [
        {
          "over": 0,
          "deliveries": [
            {
              "batter": "LM Reece",
              "bowler": "CF Parkinson",
              "non_striker": "BA Godleman",
              "runs": {
                "batter": 1,
                "extras": 0,
                "total": 1
              }
            },
            {
              "batter": "BA Godleman",
              "bowler": "CF Parkinson",
              "non_striker": "LM Reece",
              "runs": {
                "batter": 1,
                "extras": 0,
                "total": 1
              }
            },
            {
              "batter": "LM Reece",
              "bowler": "CF Parkinson",
              "non_striker": "BA Godleman",
              "runs": {
                "batter": 0,
                "extras": 0,
                "total": 0
              }
            },
            {
              "batter": "LM Reece",
              "bowler": "CF Parkinson",
              "non_striker": "BA Godleman",
              "runs": {
                "batter": 1,
                "extras": 0,
                "total": 1
              }
            },
            {
              "batter": "BA Godleman",
              "bowler": "CF Parkinson",
              "non_striker": "LM Reece",
              "runs": {
                "batter": 0,
                "extras": 0,
                "total": 0
              }
            },
            {
              "batter": "BA Godleman",
              "bowler": "CF Parkinson",
              "non_striker": "LM Reece",
              "runs": {
                "batter": 0,
                "extras": 0,
                "total": 0
              }
            }
          ]
        },
        {
          "over": 1,
          "deliveries": [
            {
              "batter": "LM Reece",
              "bowler": "CN Ackermann",
              "non_striker": "BA Godleman",
              "runs": {
                "batter": 0,
                "extras": 0,
                "total": 0
              }
            },
            {
              "batter": "LM Reece",
              "bowler": "CN Ackermann",
              "non_striker": "BA Godleman",
              "runs": {
                "batter": 1,
                "extras": 0,
                "total": 1
              }
            },
            {
              "batter": "BA Godleman",
              "bowler": "CN Ackermann",
              "non_striker": "LM Reece",
              "runs": {
                "batter": 1,
                "extras": 0,
                "total": 1
              }
            },
            {
              "batter": "LM Reece",
              "bowler": "CN Ackermann",
              "non_striker": "BA Godleman",
              "runs": {
                "batter": 0,
                "extras": 0,
                "total": 0
              }
            },
            {
              "batter": "LM Reece",
              "bowler": "CN Ackermann",
              "non_striker": "BA Godleman",
              "runs": {
                "batter": 1,
                "extras": 0,
                "total": 1
              }
            },
            {
              "batter": "BA Godleman",
              "bowler": "CN Ackermann",
              "non_striker": "LM Reece",
              "runs": {
                "batter": 0,
                "extras": 0,
                "total": 0
              }
            }
          ]
        },
        {
          "over": 2,
          "deliveries": [
            {
              "batter": "LM Reece",
              "bowler": "D Klein",
              "non_striker": "BA Godleman",
              "runs": {
                "batter": 4,
                "extras": 0,
                "total": 4
              }
            },
            {
              "batter": "LM Reece",
              "bowler": "D Klein",
              "non_striker": "BA Godleman",
              "runs": {
                "batter": 4,
                "extras": 0,
                "total": 4
              }
            },
            {
              "batter": "LM Reece",
              "bowler": "D Klein",
              "non_striker": "BA Godleman",
              "runs": {
                "batter": 3,
                "extras": 0,
                "total": 3
              }
            },
            {
              "batter": "BA Godleman",
              "bowler": "D Klein",
              "extras": {
                "noballs": 2
              },
              "non_striker": "LM Reece",
              "runs": {
                "batter": 4,
                "extras": 2,
                "total": 6
              }
            },
            {
              "batter": "BA Godleman",
              "bowler": "D Klein",
              "non_striker": "LM Reece",
              "runs": {
                "batter": 0,
                "extras": 0,
                "total": 0
              }
            },
            {
              "batter": "BA Godleman",
              "bowler": "D Klein",
              "non_striker": "LM Reece",
              "runs": {
                "batter": 6,
                "extras": 0,
                "total": 6
              }
            },
            {
              "batter": "BA Godleman",
              "bowler": "D Klein",
              "non_striker": "LM Reece",
              "runs": {
                "batter": 1,
                "extras": 0,
                "total": 1
              }
            }
          ]
        },
        {
          "over": 3,
          "deliveries": [
            {
              "batter": "BA Godleman",
              "bowler": "AM Lilley",
              "non_striker": "LM Reece",
              "runs": {
                "batter": 4,
                "extras": 0,
                "total": 4
              }
            },
            {
              "batter": "BA Godleman",
              "bowler": "AM Lilley",
              "non_striker": "LM Reece",
              "runs": {
                "batter": 0,
                "extras": 0,
                "total": 0
              }
            },
            {
              "batter": "BA Godleman",
              "bowler": "AM Lilley",
              "non_striker": "LM Reece",
              "runs": {
                "batter": 0,
                "extras": 0,
                "total": 0
              }
            },
            {
              "batter": "BA Godleman",
              "bowler": "AM Lilley",
              "non_striker": "LM Reece",
              "runs": {
                "batter": 0,
                "extras": 0,
                "total": 0
              }
            },
            {
              "batter": "BA Godleman",
              "bowler": "AM Lilley",
              "non_striker": "LM Reece",
              "runs": {
                "batter": 1,
                "extras": 0,
                "total": 1
              }
            },
            {
              "batter": "LM Reece",
              "bowler": "AM Lilley",
              "non_striker": "BA Godleman",
              "runs": {
                "batter": 0,
                "extras": 0,
                "total": 0
              }
            }
          ]
        },
        {
          "over": 4,
          "deliveries": [
            {
              "batter": "BA Godleman",
              "bowler": "CN Ackermann",
              "non_striker": "LM Reece",
              "runs": {
                "batter": 1,
                "extras": 0,
                "total": 1
              }
            },
            {
              "batter": "LM Reece",
              "bowler": "CN Ackermann",
              "non_striker": "BA Godleman",
              "runs": {
                "batter": 0,
                "extras": 0,
                "total": 0
              }
            },
            {
              "batter": "LM Reece",
              "bowler": "CN Ackermann",
              "non_striker": "BA Godleman",
              "runs": {
                "batter": 4,
                "extras": 0,
                "total": 4
              }
            },
            {
              "batter": "LM Reece",
              "bowler": "CN Ackermann",
              "non_striker": "BA Godleman",
              "runs": {
                "batter": 4,
                "extras": 0,
                "total": 4
              }
            },
            {
              "batter": "LM Reece",
              "bowler": "CN Ackermann",
              "non_striker": "BA Godleman",
              "runs": {
                "batter": 1,
                "extras": 0,
                "total": 1
              }
            },
            {
              "batter": "BA Godleman",
              "bowler": "CN Ackermann",
              "non_striker": "LM Reece",
              "runs": {
                "batter": 0,
                "extras": 0,
                "total": 0
              }
            }
          ]
        },
        {
          "over": 5,
          "deliveries": [
            {
              "batter": "LM Reece",
              "bowler": "GT Griffiths",
              "non_striker": "BA Godleman",
              "runs": {
                "batter": 0,
                "extras": 0,
                "total": 0
              }
            },
            {
              "batter": "LM Reece",
              "bowler": "GT Griffiths",
              "non_striker": "BA Godleman",
              "runs": {
                "batter": 0,
                "extras": 0,
                "total": 0
              }
            },
            {
              "batter": "LM Reece",
              "bowler": "GT Griffiths",
              "non_striker": "BA Godleman",
              "runs": {
                "batter": 1,
                "extras": 0,
                "total": 1
              }
            },
            {
              "batter": "BA Godleman",
              "bowler": "GT Griffiths",
              "non_striker": "LM Reece",
              "runs": {
                "batter": 0,
                "extras": 0,
                "total": 0
              }
            },
            {
              "batter": "BA Godleman",
              "bowler": "GT Griffiths",
              "non_striker": "LM Reece",
              "runs": {
                "batter": 1,
                "extras": 0,
                "total": 1
              }
            },
            {
              "batter": "LM Reece",
              "bowler": "GT Griffiths",
              "non_striker": "BA Godleman",
              "runs": {
                "batter": 0,
                "extras": 0,
                "total": 0
              }
            }
          ]
        },
        {
          "over": 6,
          "deliveries": [
            {
              "batter": "BA Godleman",
              "bowler": "AM Lilley",
              "extras": {
                "wides": 3
              },
              "non_striker": "LM Reece",
              "runs": {
                "batter": 0,
                "extras": 3,
                "total": 3
              }
            },
            {
              "batter": "BA Godleman",
              "bowler": "AM Lilley",
              "non_striker": "LM Reece",
              "runs": {
                "batter": 1,
                "extras": 0,
                "total": 1
              }
            },
            {
              "batter": "LM Reece",
              "bowler": "AM Lilley",
              "non_striker": "BA Godleman",
              "runs": {
                "batter": 1,
                "extras": 0,
                "total": 1
              }
            },
            {
              "batter": "BA Godleman",
              "bowler": "AM Lilley",
              "non_striker": "LM Reece",
              "runs": {
                "batter": 0,
                "extras": 0,
                "total": 0
              }
            },
            {
              "batter": "BA Godleman",
              "bowler": "AM Lilley",
              "non_striker": "LM Reece",
              "runs": {
                "batter": 0,
                "extras": 0,
                "total": 0
              }
            },
            {
              "batter": "BA Godleman",
              "bowler": "AM Lilley",
              "non_striker": "LM Reece",
              "runs": {
                "batter": 1,
                "extras": 0,
                "total": 1
              }
            },
            {
              "batter": "LM Reece",
              "bowler": "AM Lilley",
              "non_striker": "BA Godleman",
              "runs": {
                "batter": 2,
                "extras": 0,
                "total": 2
              }
            }
          ]
        },
        {
          "over": 7,
          "deliveries": [
            {
              "batter": "BA Godleman",
              "bowler": "CF Parkinson",
              "non_striker": "LM Reece",
              "runs": {
                "batter": 1,
                "extras": 0,
                "total": 1
              }
            },
            {
              "batter": "LM Reece",
              "bowler": "CF Parkinson",
              "non_striker": "BA Godleman",
              "runs": {
                "batter": 1,
                "extras": 0,
                "total": 1
              }
            },
            {
              "batter": "BA Godleman",
              "bowler": "CF Parkinson",
              "non_striker": "LM Reece",
              "runs": {
                "batter": 1,
                "extras": 0,
                "total": 1
              }
            },
            {
              "batter": "LM Reece",
              "bowler": "CF Parkinson",
              "non_striker": "BA Godleman",
              "runs": {
                "batter": 0,
                "extras": 0,
                "total": 0
              },
              "wickets": [
                {
                  "kind": "caught",
                  "player_out": "LM Reece",
                  "fielders": [
                    {
                      "name": "WS Davis"
                    }
                  ]
                }
              ]
            },
            {
              "batter": "WL Madsen",
              "bowler": "CF Parkinson",
              "non_striker": "BA Godleman",
              "runs": {
                "batter": 0,
                "extras": 0,
                "total": 0
              }
            },
            {
              "batter": "WL Madsen",
              "bowler": "CF Parkinson",
              "non_striker": "BA Godleman",
              "runs": {
                "batter": 0,
                "extras": 0,
                "total": 0
              }
            }
          ]
        },
        {
          "over": 8,
          "deliveries": [
            {
              "batter": "BA Godleman",
              "bowler": "WS Davis",
              "non_striker": "WL Madsen",
              "runs": {
                "batter": 1,
                "extras": 0,
                "total": 1
              }
            },
            {
              "batter": "WL Madsen",
              "bowler": "WS Davis",
              "non_striker": "BA Godleman",
              "runs": {
                "batter": 2,
                "extras": 0,
                "total": 2
              }
            },
            {
              "batter": "WL Madsen",
              "bowler": "WS Davis",
              "non_striker": "BA Godleman",
              "runs": {
                "batter": 1,
                "extras": 0,
                "total": 1
              }
            },
            {
              "batter": "BA Godleman",
              "bowler": "WS Davis",
              "non_striker": "WL Madsen",
              "runs": {
                "batter": 1,
                "extras": 0,
                "total": 1
              }
            },
            {
              "batter": "WL Madsen",
              "bowler": "WS Davis",
              "non_striker": "BA Godleman",
              "runs": {
                "batter": 1,
                "extras": 0,
                "total": 1
              }
            },
            {
              "batter": "BA Godleman",
              "bowler": "WS Davis",
              "non_striker": "WL Madsen",
              "runs": {
                "batter": 0,
                "extras": 0,
                "total": 0
              }
            }
          ]
        },
        {
          "over": 9,
          "deliveries": [
            {
              "batter": "WL Madsen",
              "bowler": "CN Ackermann",
              "non_striker": "BA Godleman",
              "runs": {
                "batter": 1,
                "extras": 0,
                "total": 1
              }
            },
            {
              "batter": "BA Godleman",
              "bowler": "CN Ackermann",
              "non_striker": "WL Madsen",
              "runs": {
                "batter": 1,
                "extras": 0,
                "total": 1
              }
            },
            {
              "batter": "WL Madsen",
              "bowler": "CN Ackermann",
              "non_striker": "BA Godleman",
              "runs": {
                "batter": 1,
                "extras": 0,
                "total": 1
              }
            },
            {
              "batter": "BA Godleman",
              "bowler": "CN Ackermann",
              "non_striker": "WL Madsen",
              "runs": {
                "batter": 1,
                "extras": 0,
                "total": 1
              }
            },
            {
              "batter": "WL Madsen",
              "bowler": "CN Ackermann",
              "non_striker": "BA Godleman",
              "runs": {
                "batter": 1,
                "extras": 0,
                "total": 1
              }
            },
            {
              "batter": "BA Godleman",
              "bowler": "CN Ackermann",
              "non_striker": "WL Madsen",
              "runs": {
                "batter": 0,
                "extras": 0,
                "total": 0
              }
            }
          ]
        },
        {
          "over": 10,
          "deliveries": [
            {
              "batter": "WL Madsen",
              "bowler": "CF Parkinson",
              "non_striker": "BA Godleman",
              "runs": {
                "batter": 6,
                "extras": 0,
                "total": 6
              }
            },
            {
              "batter": "WL Madsen",
              "bowler": "CF Parkinson",
              "non_striker": "BA Godleman",
              "runs": {
                "batter": 4,
                "extras": 0,
                "total": 4
              }
            },
            {
              "batter": "WL Madsen",
              "bowler": "CF Parkinson",
              "non_striker": "BA Godleman",
              "runs": {
                "batter": 1,
                "extras": 0,
                "total": 1
              }
            },
            {
              "batter": "BA Godleman",
              "bowler": "CF Parkinson",
              "non_striker": "WL Madsen",
              "runs": {
                "batter": 1,
                "extras": 0,
                "total": 1
              }
            },
            {
              "batter": "WL Madsen",
              "bowler": "CF Parkinson",
              "non_striker": "BA Godleman",
              "runs": {
                "batter": 1,
                "extras": 0,
                "total": 1
              }
            },
            {
              "batter": "BA Godleman",
              "bowler": "CF Parkinson",
              "non_striker": "WL Madsen",
              "runs": {
                "batter": 0,
                "extras": 0,
                "total": 0
              }
            }
          ]
        },
        {
          "over": 11,
          "deliveries": [
            {
              "batter": "WL Madsen",
              "bowler": "GT Griffiths",
              "non_striker": "BA Godleman",
              "runs": {
                "batter": 1,
                "extras": 0,
                "total": 1
              }
            },
            {
              "batter": "BA Godleman",
              "bowler": "GT Griffiths",
              "non_striker": "WL Madsen",
              "runs": {
                "batter": 0,
                "extras": 0,
                "total": 0
              }
            },
            {
              "batter": "BA Godleman",
              "bowler": "GT Griffiths",
              "non_striker": "WL Madsen",
              "runs": {
                "batter": 1,
                "extras": 0,
                "total": 1
              }
            },
            {
              "batter": "WL Madsen",
              "bowler": "GT Griffiths",
              "non_striker": "BA Godleman",
              "runs": {
                "batter": 1,
                "extras": 0,
                "total": 1
              }
            },
            {
              "batter": "BA Godleman",
              "bowler": "GT Griffiths",
              "non_striker": "WL Madsen",
              "runs": {
                "batter": 0,
                "extras": 0,
                "total": 0
              }
            },
            {
              "batter": "BA Godleman",
              "bowler": "GT Griffiths",
              "non_striker": "WL Madsen",
              "runs": {
                "batter": 2,
                "extras": 0,
                "total": 2
              }
            }
          ]
        },
        {
          "over": 12,
          "deliveries": [
            {
              "batter": "WL Madsen",
              "bowler": "WS Davis",
              "non_striker": "BA Godleman",
              "runs": {
                "batter": 1,
                "extras": 0,
                "total": 1
              }
            },
            {
              "batter": "BA Godleman",
              "bowler": "WS Davis",
              "non_striker": "WL Madsen",
              "runs": {
                "batter": 1,
                "extras": 0,
                "total": 1
              }
            },
            {
              "batter": "WL Madsen",
              "bowler": "WS Davis",
              "non_striker": "BA Godleman",
              "runs": {
                "batter": 1,
                "extras": 0,
                "total": 1
              }
            },
            {
              "batter": "BA Godleman",
              "bowler": "WS Davis",
              "non_striker": "WL Madsen",
              "runs": {
                "batter": 0,
                "extras": 0,
                "total": 0
              }
            },
            {
              "batter": "BA Godleman",
              "bowler": "WS Davis",
              "non_striker": "WL Madsen",
              "runs": {
                "batter": 1,
                "extras": 0,
                "total": 1
              }
            },
            {
              "batter": "WL Madsen",
              "bowler": "WS Davis",
              "non_striker": "BA Godleman",
              "runs": {
                "batter": 0,
                "extras": 0,
                "total": 0
              }
            }
          ]
        },
        {
          "over": 13,
          "deliveries": [
            {
              "batter": "BA Godleman",
              "bowler": "AM Lilley",
              "non_striker": "WL Madsen",
              "runs": {
                "batter": 6,
                "extras": 0,
                "total": 6
              }
            },
            {
              "batter": "BA Godleman",
              "bowler": "AM Lilley",
              "non_striker": "WL Madsen",
              "runs": {
                "batter": 0,
                "extras": 0,
                "total": 0
              }
            },
            {
              "batter": "BA Godleman",
              "bowler": "AM Lilley",
              "non_striker": "WL Madsen",
              "runs": {
                "batter": 0,
                "extras": 0,
                "total": 0
              }
            },
            {
              "batter": "BA Godleman",
              "bowler": "AM Lilley",
              "non_striker": "WL Madsen",
              "runs": {
                "batter": 0,
                "extras": 0,
                "total": 0
              }
            },
            {
              "batter": "BA Godleman",
              "bowler": "AM Lilley",
              "non_striker": "WL Madsen",
              "runs": {
                "batter": 0,
                "extras": 0,
                "total": 0
              }
            },
            {
              "batter": "BA Godleman",
              "bowler": "AM Lilley",
              "non_striker": "WL Madsen",
              "runs": {
                "batter": 1,
                "extras": 0,
                "total": 1
              }
            }
          ]
        },
        {
          "over": 14,
          "deliveries": [
            {
              "batter": "BA Godleman",
              "bowler": "BWM Mike",
              "non_striker": "WL Madsen",
              "runs": {
                "batter": 0,
                "extras": 0,
                "total": 0
              }
            },
            {
              "batter": "BA Godleman",
              "bowler": "BWM Mike",
              "extras": {
                "wides": 1
              },
              "non_striker": "WL Madsen",
              "runs": {
                "batter": 0,
                "extras": 1,
                "total": 1
              }
            },
            {
              "batter": "BA Godleman",
              "bowler": "BWM Mike",
              "non_striker": "WL Madsen",
              "runs": {
                "batter": 2,
                "extras": 0,
                "total": 2
              }
            },
            {
              "batter": "BA Godleman",
              "bowler": "BWM Mike",
              "non_striker": "WL Madsen",
              "runs": {
                "batter": 0,
                "extras": 0,
                "total": 0
              }
            },
            {
              "batter": "BA Godleman",
              "bowler": "BWM Mike",
              "non_striker": "WL Madsen",
              "runs": {
                "batter": 1,
                "extras": 0,
                "total": 1
              }
            },
            {
              "batter": "WL Madsen",
              "bowler": "BWM Mike",
              "non_striker": "BA Godleman",
              "runs": {
                "batter": 1,
                "extras": 0,
                "total": 1
              }
            },
            {
              "batter": "BA Godleman",
              "bowler": "BWM Mike",
              "non_striker": "WL Madsen",
              "runs": {
                "batter": 1,
                "extras": 0,
                "total": 1
              }
            }
          ]
        },
        {
          "over": 15,
          "deliveries": [
            {
              "batter": "BA Godleman",
              "bowler": "CF Parkinson",
              "non_striker": "WL Madsen",
              "runs": {
                "batter": 4,
                "extras": 0,
                "total": 4
              }
            },
            {
              "batter": "BA Godleman",
              "bowler": "CF Parkinson",
              "non_striker": "WL Madsen",
              "runs": {
                "batter": 1,
                "extras": 0,
                "total": 1
              }
            },
            {
              "batter": "WL Madsen",
              "bowler": "CF Parkinson",
              "non_striker": "BA Godleman",
              "runs": {
                "batter": 0,
                "extras": 0,
                "total": 0
              }
            },
            {
              "batter": "WL Madsen",
              "bowler": "CF Parkinson",
              "non_striker": "BA Godleman",
              "runs": {
                "batter": 0,
                "extras": 0,
                "total": 0
              }
            },
            {
              "batter": "WL Madsen",
              "bowler": "CF Parkinson",
              "non_striker": "BA Godleman",
              "runs": {
                "batter": 1,
                "extras": 0,
                "total": 1
              }
            },
            {
              "batter": "BA Godleman",
              "bowler": "CF Parkinson",
              "non_striker": "WL Madsen",
              "runs": {
                "batter": 0,
                "extras": 0,
                "total": 0
              }
            }
          ]
        },
        {
          "over": 16,
          "deliveries": [
            {
              "batter": "WL Madsen",
              "bowler": "GT Griffiths",
              "non_striker": "BA Godleman",
              "runs": {
                "batter": 1,
                "extras": 0,
                "total": 1
              }
            },
            {
              "batter": "BA Godleman",
              "bowler": "GT Griffiths",
              "non_striker": "WL Madsen",
              "runs": {
                "batter": 1,
                "extras": 0,
                "total": 1
              }
            },
            {
              "batter": "WL Madsen",
              "bowler": "GT Griffiths",
              "non_striker": "BA Godleman",
              "runs": {
                "batter": 0,
                "extras": 0,
                "total": 0
              }
            },
            {
              "batter": "WL Madsen",
              "bowler": "GT Griffiths",
              "non_striker": "BA Godleman",
              "runs": {
                "batter": 2,
                "extras": 0,
                "total": 2
              }
            },
            {
              "batter": "WL Madsen",
              "bowler": "GT Griffiths",
              "non_striker": "BA Godleman",
              "runs": {
                "batter": 4,
                "extras": 0,
                "total": 4
              }
            },
            {
              "batter": "WL Madsen",
              "bowler": "GT Griffiths",
              "non_striker": "BA Godleman",
              "runs": {
                "batter": 0,
                "extras": 0,
                "total": 0
              }
            }
          ]
        },
        {
          "over": 17,
          "deliveries": [
            {
              "batter": "BA Godleman",
              "bowler": "AM Lilley",
              "non_striker": "WL Madsen",
              "runs": {
                "batter": 0,
                "extras": 0,
                "total": 0
              }
            },
            {
              "batter": "BA Godleman",
              "bowler": "AM Lilley",
              "non_striker": "WL Madsen",
              "runs": {
                "batter": 0,
                "extras": 0,
                "total": 0
              }
            },
            {
              "batter": "BA Godleman",
              "bowler": "AM Lilley",
              "non_striker": "WL Madsen",
              "runs": {
                "batter": 0,
                "extras": 0,
                "total": 0
              }
            },
            {
              "batter": "BA Godleman",
              "bowler": "AM Lilley",
              "non_striker": "WL Madsen",
              "runs": {
                "batter": 1,
                "extras": 0,
                "total": 1
              }
            },
            {
              "batter": "WL Madsen",
              "bowler": "AM Lilley",
              "extras": {
                "byes": 4
              },
              "non_striker": "BA Godleman",
              "runs": {
                "batter": 0,
                "extras": 4,
                "total": 4
              }
            },
            {
              "batter": "WL Madsen",
              "bowler": "AM Lilley",
              "non_striker": "BA Godleman",
              "runs": {
                "batter": 1,
                "extras": 0,
                "total": 1
              }
            }
          ]
        },
        {
          "over": 18,
          "deliveries": [
            {
              "batter": "WL Madsen",
              "bowler": "WS Davis",
              "non_striker": "BA Godleman",
              "runs": {
                "batter": 0,
                "extras": 0,
                "total": 0
              }
            },
            {
              "batter": "WL Madsen",
              "bowler": "WS Davis",
              "non_striker": "BA Godleman",
              "runs": {
                "batter": 0,
                "extras": 0,
                "total": 0
              }
            },
            {
              "batter": "WL Madsen",
              "bowler": "WS Davis",
              "non_striker": "BA Godleman",
              "runs": {
                "batter": 4,
                "extras": 0,
                "total": 4
              }
            }
          ]
        }
      ],
      "powerplays": [
        {
          "from": 0.1,
          "to": 5.6,
          "type": "mandatory"
        }
      ],
      "target": {
        "overs": 20,
        "runs": 125
      }
    }
  ]
}