{
  "meta": {
    "data_version": "1.0.0",
    "created": "2019-12-28",
    "revision": 1
  },
  "info": {
    "balls_per_over": 6,
    "city": "Derby",
    "dates": [
      "2019-08-23"
    ],
    "event": {
      "name": "Vitality Blast",
      "group": "North"
    },
    "gender": "male",
    "match_type": "T20",
    "officials": {
      "umpires": [
        "DJ Millns",
        "SJ O'Shaughnessy"
      ]
    },
    "outcome": {
      "winner": "Derbyshire",
      "by": {
        "wickets": 9
      }
    },
    "overs": 20,
    "player_of_match": [
      "WL Madsen"
    ],
    "players": {
      "Northamptonshire": [
        "RE Levi",
        "AM Rossington",
        "JJ Cobb",
        "RI Keogh",
        "AG Wakely",
        "D Pretorius",
        "Faheem Ashraf",
        "TB Sole",
        "GG White",
        "BW Sanderson",
        "B Muzarabani"
      ],
      "Derbyshire": [
        "LM Reece",
        "BA Godleman",
        "WL Madsen",
        "JL du Plooy",
        "AL Hughes",
        "MJJ Critchley",
        "FJ Hudson-Prentice",
        "D Smit",
        "LV van Beek",
        "R Rampaul",
        "WB Rankin"
      ]
    },
    "registry": {
      "people": {
        "AG Wakely": "730d120f",
        "AL Hughes": "1066a976",
        "AM Rossington": "7bcde3fe",
        "B Muzarabani": "449f4e3c",
        "BA Godleman": "b26b1e3d",
        "BW Sanderson": "e871a7a1",
        "D Pretorius": "11614d87",
        "D Smit": "4bb02ef1",
        "DJ Millns": "46ecfe40",
        "FJ Hudson-Prentice": "932d3cc9",
        "Faheem Ashraf": "bd4ea627",
        "GG White": "0f21680d",
        "JJ Cobb": "58c481c6",
        "JL du Plooy": "6e6fb538",
        "LM Reece": "9789e56e",
        "LV van Beek": "782fb776",
        "MJJ Critchley": "c5cc48bc",
        "R Rampaul": "d68e7f48",
        "RE Levi": "18c78b11",
        "RI Keogh": "e22d3b5c",
        "SJ O'Shaughnessy": "4d4fdf4a",
        "TB Sole": "98e908bd",
        "WB Rankin": "29b89ae8",
        "WL Madsen": "86e0f3f0"
      }
    },
    "season": "2019",
    "team_type": "club",
    "teams": [
      "Derbyshire",
      "Northamptonshire"
    ],
    "toss": {
      "decision": "bat",
      "winner": "Northamptonshire"
    },
    "venue": "County Ground"
  },
  "innings": [
    {
      "team": "Northamptonshire",
      "overs": [
        {
          "over": 0,
          "deliveries": [
            {
              "batter": "RE Levi",
              "bowler": "R Rampaul",
              "non_striker": "AM Rossington",
              "runs": {
                "batter": 4,
                "extras": 0,
                "total": 4
              }
            },
            {
              "batter": "RE Levi",
              "bowler": "R Rampaul",
              "non_striker": "AM Rossington",
              "runs": {
                "batter": 4,
                "extras": 0,
                "total": 4
              }
            },
            {
              "batter": "RE Levi",
              "bowler": "R Rampaul",
              "non_striker": "AM Rossington",
              "runs": {
                "batter": 1,
                "extras": 0,
                "total": 1
              }
            },
            {
              "batter": "AM Rossington",
              "bowler": "R Rampaul",
              "non_striker": "RE Levi",
              "runs": {
                "batter": 0,
                "extras": 0,
                "total": 0
              }
            },
            {
              "batter": "AM Rossington",
              "bowler": "R Rampaul",
              "non_striker": "RE Levi",
              "runs": {
                "batter": 1,
                "extras": 0,
                "total": 1
              }
            },
            {
              "batter": "RE Levi",
              "bowler": "R Rampaul",
              "non_striker": "AM Rossington",
              "runs": {
                "batter": 0,
                "extras": 0,
                "total": 0
              }
            }
          ]
        },
        {
          "over": 1,
          "deliveries": [
            {
              "batter": "AM Rossington",
              "bowler": "LV van Beek",
              "non_striker": "RE Levi",
              "runs": {
                "batter": 4,
                "extras": 0,
                "total": 4
              }
            },
            {
              "batter": "AM Rossington",
              "bowler": "LV van Beek",
              "non_striker": "RE Levi",
              "runs": {
                "batter": 0,
                "extras": 0,
                "total": 0
              }
            },
            {
              "batter": "AM Rossington",
              "bowler": "LV van Beek",
              "non_striker": "RE Levi",
              "runs": {
                "batter": 2,
                "extras": 0,
                "total": 2
              }
            },
            {
              "batter": "AM Rossington",
              "bowler": "LV van Beek",
              "extras": {
                "wides": 1
              },
              "non_striker": "RE Levi",
              "runs": {
                "batter": 0,
                "extras": 1,
                "total": 1
              }
            },
            {
              "batter": "AM Rossington",
              "bowler": "LV van Beek",
              "non_striker": "RE Levi",
              "runs": {
                "batter": 4,
                "extras": 0,
                "total": 4
              }
            },
            {
              "batter": "AM Rossington",
              "bowler": "LV van Beek",
              "non_striker": "RE Levi",
              "runs": {
                "batter": 1,
                "extras": 0,
                "total": 1
              }
            },
            {
              "batter": "RE Levi",
              "bowler": "LV van Beek",
              "non_striker": "AM Rossington",
              "runs": {
                "batter": 6,
                "extras": 0,
                "total": 6
              }
            }
          ]
        },
        {
          "over": 2,
          "deliveries": [
            {
              "batter": "AM Rossington",
              "bowler": "R Rampaul",
              "non_striker": "RE Levi",
              "runs": {
                "batter": 0,
                "extras": 0,
                "total": 0
              }
            },
            {
              "batter": "AM Rossington",
              "bowler": "R Rampaul",
              "non_striker": "RE Levi",
              "runs": {
                "batter": 1,
                "extras": 0,
                "total": 1
              }
            },
            {
              "batter": "RE Levi",
              "bowler": "R Rampaul",
              "non_striker": "AM Rossington",
              "runs": {
                "batter": 0,
                "extras": 0,
                "total": 0
              }
            },
            {
              "batter": "RE Levi",
              "bowler": "R Rampaul",
              "non_striker": "AM Rossington",
              "runs": {
                "batter": 0,
                "extras": 0,
                "total": 0
              }
            },
            {
              "batter": "RE Levi",
              "bowler": "R Rampaul",
              "non_striker": "AM Rossington",
              "runs": {
                "batter": 2,
                "extras": 0,
                "total": 2
              }
            },
            {
              "batter": "RE Levi",
              "bowler": "R Rampaul",
              "non_striker": "AM Rossington",
              "runs": {
                "batter": 1,
                "extras": 0,
                "total": 1
              }
            }
          ]
        },
        {
          "over": 3,
          "deliveries": [
            {
              "batter": "RE Levi",
              "bowler": "FJ Hudson-Prentice",
              "non_striker": "AM Rossington",
              "runs": {
                "batter": 0,
                "extras": 0,
                "total": 0
              },
              "wickets": [
                {
                  "kind": "caught",
                  "player_out": "RE Levi",
                  "fielders": [
                    {
                      "name": "LM Reece"
                    }
                  ]
                }
              ]
            },
            {
              "batter": "AM Rossington",
              "bowler": "FJ Hudson-Prentice",
              "non_striker": "JJ Cobb",
              "runs": {
                "batter": 0,
                "extras": 0,
                "total": 0
              }
            },
            {
              "batter": "AM Rossington",
              "bowler": "FJ Hudson-Prentice",
              "non_striker": "JJ Cobb",
              "runs": {
                "batter": 0,
                "extras": 0,
                "total": 0
              },
              "wickets": [
                {
                  "kind": "lbw",
                  "player_out": "AM Rossington"
                }
              ]
            },
            {
              "batter": "RI Keogh",
              "bowler": "FJ Hudson-Prentice",
              "non_striker": "JJ Cobb",
              "runs": {
                "batter": 0,
                "extras": 0,
                "total": 0
              }
            },
            {
              "batter": "RI Keogh",
              "bowler": "FJ Hudson-Prentice",
              "non_striker": "JJ Cobb",
              "runs": {
                "batter": 0,
                "extras": 0,
                "total": 0
              }
            },
            {
              "batter": "RI Keogh",
              "bowler": "FJ Hudson-Prentice",
              "non_striker": "JJ Cobb",
              "runs": {
                "batter": 0,
                "extras": 0,
                "total": 0
              }
            }
          ]
        },
        {
          "over": 4,
          "deliveries": [
            {
              "batter": "JJ Cobb",
              "bowler": "LV van Beek",
              "non_striker": "RI Keogh",
              "runs": {
                "batter": 0,
                "extras": 0,
                "total": 0
              }
            },
            {
              "batter": "JJ Cobb",
              "bowler": "LV van Beek",
              "non_striker": "RI Keogh",
              "runs": {
                "batter": 0,
                "extras": 0,
                "total": 0
              }
            },
            {
              "batter": "JJ Cobb",
              "bowler": "LV van Beek",
              "non_striker": "RI Keogh",
              "runs": {
                "batter": 1,
                "extras": 0,
                "total": 1
              }
            },
            {
              "batter": "RI Keogh",
              "bowler": "LV van Beek",
              "non_striker": "JJ Cobb",
              "runs": {
                "batter": 1,
                "extras": 0,
                "total": 1
              }
            },
            {
              "batter": "JJ Cobb",
              "bowler": "LV van Beek",
              "non_striker": "RI Keogh",
              "runs": {
                "batter": 1,
                "extras": 0,
                "total": 1
              }
            },
            {
              "batter": "RI Keogh",
              "bowler": "LV van Beek",
              "non_striker": "JJ Cobb",
              "runs": {
                "batter": 0,
                "extras": 0,
                "total": 0
              }
            }
          ]
        },
        {
          "over": 5,
          "deliveries": [
            {
              "batter": "JJ Cobb",
              "bowler": "FJ Hudson-Prentice",
              "non_striker": "RI Keogh",
              "runs": {
                "batter": 0,
                "extras": 0,
                "total": 0
              }
            },
            {
              "batter": "JJ Cobb",
              "bowler": "FJ Hudson-Prentice",
              "non_striker": "RI Keogh",
              "runs": {
                "batter": 0,
                "extras": 0,
                "total": 0
              }
            },
            {
              "batter": "JJ Cobb",
              "bowler": "FJ Hudson-Prentice",
              "non_striker": "RI Keogh",
              "runs": {
                "batter": 0,
                "extras": 0,
                "total": 0
              }
            },
            {
              "batter": "JJ Cobb",
              "bowler": "FJ Hudson-Prentice",
              "non_striker": "RI Keogh",
              "runs": {
                "batter": 0,
                "extras": 0,
                "total": 0
              }
            },
            {
              "batter": "JJ Cobb",
              "bowler": "FJ Hudson-Prentice",
              "non_striker": "RI Keogh",
              "runs": {
                "batter": 1,
                "extras": 0,
                "total": 1
              }
            },
            {
              "batter": "RI Keogh",
              "bowler": "FJ Hudson-Prentice",
              "non_striker": "JJ Cobb",
              "runs": {
                "batter": 1,
                "extras": 0,
                "total": 1
              }
            }
          ]
        },
        {
          "over": 6,
          "deliveries": [
            {
              "batter": "RI Keogh",
              "bowler": "LV van Beek",
              "non_striker": "JJ Cobb",
              "runs": {
                "batter": 1,
                "extras": 0,
                "total": 1
              }
            },
            {
              "batter": "JJ Cobb",
              "bowler": "LV van Beek",
              "non_striker": "RI Keogh",
              "runs": {
                "batter": 1,
                "extras": 0,
                "total": 1
              }
            },
            {
              "batter": "RI Keogh",
              "bowler": "LV van Beek",
              "non_striker": "JJ Cobb",
              "runs": {
                "batter": 1,
                "extras": 0,
                "total": 1
              }
            },
            {
              "batter": "JJ Cobb",
              "bowler": "LV van Beek",
              "non_striker": "RI Keogh",
              "runs": {
                "batter": 4,
                "extras": 0,
                "total": 4
              }
            },
            {
              "batter": "JJ Cobb",
              "bowler": "LV van Beek",
              "non_striker": "RI Keogh",
              "runs": {
                "batter": 1,
                "extras": 0,
                "total": 1
              }
            },
            {
              "batter": "RI Keogh",
              "bowler": "LV van Beek",
              "non_striker": "JJ Cobb",
              "runs": {
                "batter": 0,
                "extras": 0,
                "total": 0
              }
            }
          ]
        },
        {
          "over": 7,
          "deliveries": [
            {
              "batter": "JJ Cobb",
              "bowler": "WB Rankin",
              "non_striker": "RI Keogh",
              "runs": {
                "batter": 1,
                "extras": 0,
                "total": 1
              }
            },
            {
              "batter": "RI Keogh",
              "bowler": "WB Rankin",
              "non_striker": "JJ Cobb",
              "runs": {
                "batter": 1,
                "extras": 0,
                "total": 1
              }
            },
            {
              "batter": "JJ Cobb",
              "bowler": "WB Rankin",
              "non_striker": "RI Keogh",
              "runs": {
                "batter": 4,
                "extras": 0,
                "total": 4
              }
            },
            {
              "batter": "JJ Cobb",
              "bowler": "WB Rankin",
              "non_striker": "RI Keogh",
              "runs": {
                "batter": 1,
                "extras": 0,
                "total": 1
              },
              "wickets": [
                {
                  "kind": "run out",
                  "player_out": "JJ Cobb"
                }
              ]
            },
            {
              "batter": "AG Wakely",
              "bowler": "WB Rankin",
              "non_striker": "RI Keogh",
              "runs": {
                "batter": 0,
                "extras": 0,
                "total": 0
              }
            },
            {
              "batter": "AG Wakely",
              "bowler": "WB Rankin",
              "non_striker": "RI Keogh",
              "runs": {
                "batter": 0,
                "extras": 0,
                "total": 0
              }
            }
          ]
        },
        {
          "over": 8,
          "deliveries": [
            {
              "batter": "RI Keogh",
              "bowler": "AL Hughes",
              "non_striker": "AG Wakely",
              "runs": {
                "batter": 2,
                "extras": 0,
                "total": 2
              }
            },
            {
              "batter": "RI Keogh",
              "bowler": "AL Hughes",
              "non_striker": "AG Wakely",
              "runs": {
                "batter": 1,
                "extras": 0,
                "total": 1
              }
            },
            {
              "batter": "AG Wakely",
              "bowler": "AL Hughes",
              "non_striker": "RI Keogh",
              "runs": {
                "batter": 1,
                "extras": 0,
                "total": 1
              }
            },
            {
              "batter": "RI Keogh",
              "bowler": "AL Hughes",
              "non_striker": "AG Wakely",
              "runs": {
                "batter": 0,
                "extras": 0,
                "total": 0
              }
            },
            {
              "batter": "RI Keogh",
              "bowler": "AL Hughes",
              "non_striker": "AG Wakely",
              "runs": {
                "batter": 1,
                "extras": 0,
                "total": 1
              }
            },
            {
              "batter": "AG Wakely",
              "bowler": "AL Hughes",
              "non_striker": "RI Keogh",
              "runs": {
                "batter": 2,
                "extras": 0,
                "total": 2
              }
            }
          ]
        },
        {
          "over": 9,
          "deliveries": [
            {
              "batter": "RI Keogh",
              "bowler": "MJJ Critchley",
              "non_striker": "AG Wakely",
              "runs": {
                "batter": 2,
                "extras": 0,
                "total": 2
              }
            },
            {
              "batter": "RI Keogh",
              "bowler": "MJJ Critchley",
              "non_striker": "AG Wakely",
              "runs": {
                "batter": 1,
                "extras": 0,
                "total": 1
              }
            },
            {
              "batter": "AG Wakely",
              "bowler": "MJJ Critchley",
              "non_striker": "RI Keogh",
              "runs": {
                "batter": 1,
                "extras": 0,
                "total": 1
              }
            },
            {
              "batter": "RI Keogh",
              "bowler": "MJJ Critchley",
              "non_striker": "AG Wakely",
              "runs": {
                "batter": 0,
                "extras": 0,
                "total": 0
              }
            },
            {
              "batter": "RI Keogh",
              "bowler": "MJJ Critchley",
              "non_striker": "AG Wakely",
              "runs": {
                "batter": 1,
                "extras": 0,
                "total": 1
              }
            },
            {
              "batter": "AG Wakely",
              "bowler": "MJJ Critchley",
              "non_striker": "RI Keogh",
              "runs": {
                "batter": 1,
                "extras": 0,
                "total": 1
              }
            }
          ]
        },
        {
          "over": 10,
          "deliveries": [
            {
              "batter": "AG Wakely",
              "bowler": "WB Rankin",
              "non_striker": "RI Keogh",
              "runs": {
                "batter": 1,
                "extras": 0,
                "total": 1
              }
            },
            {
              "batter": "RI Keogh",
              "bowler": "WB Rankin",
              "non_striker": "AG Wakely",
              "runs": {
                "batter": 1,
                "extras": 0,
                "total": 1
              }
            },
            {
              "batter": "AG Wakely",
              "bowler": "WB Rankin",
              "non_striker": "RI Keogh",
              "runs": {
                "batter": 1,
                "extras": 0,
                "total": 1
              }
            },
            {
              "batter": "RI Keogh",
              "bowler": "WB Rankin",
              "non_striker": "AG Wakely",
              "runs": {
                "batter": 1,
                "extras": 0,
                "total": 1
              }
            },
            {
              "batter": "AG Wakely",
              "bowler": "WB Rankin",
              "non_striker": "RI Keogh",
              "runs": {
                "batter": 2,
                "extras": 0,
                "total": 2
              }
            },
            {
              "batter": "AG Wakely",
              "bowler": "WB Rankin",
              "non_striker": "RI Keogh",
              "runs": {
                "batter": 2,
                "extras": 0,
                "total": 2
              }
            }
          ]
        },
        {
          "over": 11,
          "deliveries": [
            {
              "batter": "RI Keogh",
              "bowler": "MJJ Critchley",
              "non_striker": "AG Wakely",
              "runs": {
                "batter": 1,
                "extras": 0,
                "total": 1
              }
            },
            {
              "batter": "AG Wakely",
              "bowler": "MJJ Critchley",
              "non_striker": "RI Keogh",
              "runs": {
                "batter": 1,
                "extras": 0,
                "total": 1
              }
            },
            {
              "batter": "RI Keogh",
              "bowler": "MJJ Critchley",
              "non_striker": "AG Wakely",
              "runs": {
                "batter": 1,
                "extras": 0,
                "total": 1
              }
            },
            {
              "batter": "AG Wakely",
              "bowler": "MJJ Critchley",
              "non_striker": "RI Keogh",
              "runs": {
                "batter": 0,
                "extras": 0,
                "total": 0
              }
            },
            {
              "batter": "AG Wakely",
              "bowler": "MJJ Critchley",
              "extras": {
                "legbyes": 1
              },
              "non_striker": "RI Keogh",
              "runs": {
                "batter": 0,
                "extras": 1,
                "total": 1
              }
            },
            {
              "batter": "RI Keogh",
              "bowler": "MJJ Critchley",
              "non_striker": "AG Wakely",
              "runs": {
                "batter": 4,
                "extras": 0,
                "total": 4
              }
            }
          ]
        },
        {
          "over": 12,
          "deliveries": [
            {
              "batter": "AG Wakely",
              "bowler": "AL Hughes",
              "non_striker": "RI Keogh",
              "runs": {
                "batter": 1,
                "extras": 0,
                "total": 1
              }
            },
            {
              "batter": "RI Keogh",
              "bowler": "AL Hughes",
              "non_striker": "AG Wakely",
              "runs": {
                "batter": 1,
                "extras": 0,
                "total": 1
              }
            },
            {
              "batter": "AG Wakely",
              "bowler": "AL Hughes",
              "non_striker": "RI Keogh",
              "runs": {
                "batter": 0,
                "extras": 0,
                "total": 0
              }
            },
            {
              "batter": "AG Wakely",
              "bowler": "AL Hughes",
              "non_striker": "RI Keogh",
              "runs": {
                "batter": 0,
                "extras": 0,
                "total": 0
              },
              "wickets": [
                {
                  "kind": "caught",
                  "player_out": "AG Wakely",
                  "fielders": [
                    {
                      "name": "JL du Plooy"
                    }
                  ]
                }
              ]
            },
            {
              "batter": "RI Keogh",
              "bowler": "AL Hughes",
              "non_striker": "D Pretorius",
              "runs": {
                "batter": 1,
                "extras": 0,
                "total": 1
              }
            },
            {
              "batter": "D Pretorius",
              "bowler": "AL Hughes",
              "non_striker": "RI Keogh",
              "runs": {
                "batter": 0,
                "extras": 0,
                "total": 0
              }
            }
          ]
        },
        {
          "over": 13,
          "deliveries": [
            {
              "batter": "RI Keogh",
              "bowler": "MJJ Critchley",
              "non_striker": "D Pretorius",
              "runs": {
                "batter": 2,
                "extras": 0,
                "total": 2
              }
            },
            {
              "batter": "RI Keogh",
              "bowler": "MJJ Critchley",
              "non_striker": "D Pretorius",
              "runs": {
                "batter": 1,
                "extras": 0,
                "total": 1
              }
            },
            {
              "batter": "D Pretorius",
              "bowler": "MJJ Critchley",
              "non_striker": "RI Keogh",
              "runs": {
                "batter": 0,
                "extras": 0,
                "total": 0
              }
            },
            {
              "batter": "D Pretorius",
              "bowler": "MJJ Critchley",
              "non_striker": "RI Keogh",
              "runs": {
                "batter": 0,
                "extras": 0,
                "total": 0
              }
            },
            {
              "batter": "D Pretorius",
              "bowler": "MJJ Critchley",
              "non_striker": "RI Keogh",
              "runs": {
                "batter": 0,
                "extras": 0,
                "total": 0
              }
            },
            {
              "batter": "D Pretorius",
              "bowler": "MJJ Critchley",
              "non_striker": "RI Keogh",
              "runs": {
                "batter": 1,
                "extras": 0,
                "total": 1
              }
            }
          ]
        },
        {
          "over": 14,
          "deliveries": [
            {
              "batter": "D Pretorius",
              "bowler": "AL Hughes",
              "non_striker": "RI Keogh",
              "runs": {
                "batter": 0,
                "extras": 0,
                "total": 0
              },
              "wickets": [
                {
                  "kind": "caught",
                  "player_out": "D Pretorius",
                  "fielders": [
                    {
                      "name": "WB Rankin"
                    }
                  ]
                }
              ]
            },
            {
              "batter": "RI Keogh",
              "bowler": "AL Hughes",
              "non_striker": "Faheem Ashraf",
              "runs": {
                "batter": 1,
                "extras": 0,
                "total": 1
              }
            },
            {
              "batter": "Faheem Ashraf",
              "bowler": "AL Hughes",
              "non_striker": "RI Keogh",
              "runs": {
                "batter": 0,
                "extras": 0,
                "total": 0
              },
              "wickets": [
                {
                  "kind": "run out",
                  "player_out": "Faheem Ashraf"
                }
              ]
            },
            {
              "batter": "RI Keogh",
              "bowler": "AL Hughes",
              "non_striker": "TB Sole",
              "runs": {
                "batter": 1,
                "extras": 0,
                "total": 1
              }
            },
            {
              "batter": "TB Sole",
              "bowler": "AL Hughes",
              "non_striker": "RI Keogh",
              "runs": {
                "batter": 0,
                "extras": 0,
                "total": 0
              }
            },
            {
              "batter": "TB Sole",
              "bowler": "AL Hughes",
              "non_striker": "RI Keogh",
              "runs": {
                "batter": 0,
                "extras": 0,
                "total": 0
              }
            }
          ]
        },
        {
          "over": 15,
          "deliveries": [
            {
              "batter": "RI Keogh",
              "bowler": "MJJ Critchley",
              "non_striker": "TB Sole",
              "runs": {
                "batter": 0,
                "extras": 0,
                "total": 0
              }
            },
            {
              "batter": "RI Keogh",
              "bowler": "MJJ Critchley",
              "non_striker": "TB Sole",
              "runs": {
                "batter": 0,
                "extras": 0,
                "total": 0
              },
              "wickets": [
                {
                  "kind": "caught",
                  "player_out": "RI Keogh",
                  "fielders": [
                    {
                      "name": "JL du Plooy"
                    }
                  ]
                }
              ]
            },
            {
              "batter": "TB Sole",
              "bowler": "MJJ Critchley",
              "non_striker": "GG White",
              "runs": {
                "batter": 0,
                "extras": 0,
                "total": 0
              }
            },
            {
              "batter": "TB Sole",
              "bowler": "MJJ Critchley",
              "non_striker": "GG White",
              "runs": {
                "batter": 0,
                "extras": 0,
                "total": 0
              }
            },
            {
              "batter": "TB Sole",
              "bowler": "MJJ Critchley",
              "non_striker": "GG White",
              "runs": {
                "batter": 2,
                "extras": 0,
                "total": 2
              }
            },
            {
              "batter": "TB Sole",
              "bowler": "MJJ Critchley",
              "non_striker": "GG White",
              "runs": {
                "batter": 0,
                "extras": 0,
                "total": 0
              }
            }
          ]
        },
        {
          "over": 16,
          "deliveries": [
            {
              "batter": "GG White",
              "bowler": "AL Hughes",
              "non_striker": "TB Sole",
              "runs": {
                "batter": 0,
                "extras": 0,
                "total": 0
              }
            },
            {
              "batter": "GG White",
              "bowler": "AL Hughes",
              "non_striker": "TB Sole",
              "runs": {
                "batter": 0,
                "extras": 0,
                "total": 0
              },
              "wickets": [
                {
                  "kind": "caught",
                  "player_out": "GG White",
                  "fielders": [
                    {
                      "name": "D Smit"
                    }
                  ]
                }
              ]
            },
            {
              "batter": "BW Sanderson",
              "bowler": "AL Hughes",
              "non_striker": "TB Sole",
              "runs": {
                "batter": 0,
                "extras": 0,
                "total": 0
              }
            },
            {
              "batter": "BW Sanderson",
              "bowler": "AL Hughes",
              "non_striker": "TB Sole",
              "runs": {
                "batter": 1,
                "extras": 0,
                "total": 1
              }
            },
            {
              "batter": "TB Sole",
              "bowler": "AL Hughes",
              "non_striker": "BW Sanderson",
              "runs": {
                "batter": 0,
                "extras": 0,
                "total": 0
              }
            },
            {
              "batter": "TB Sole",
              "bowler": "AL Hughes",
              "non_striker": "BW Sanderson",
              "runs": {
                "batter": 0,
                "extras": 0,
                "total": 0
              }
            }
          ]
        },
        {
          "over": 17,
          "deliveries": [
            {
              "batter": "BW Sanderson",
              "bowler": "R Rampaul",
              "non_striker": "TB Sole",
              "runs": {
                "batter": 1,
                "extras": 0,
                "total": 1
              }
            },
            {
              "batter": "TB Sole",
              "bowler": "R Rampaul",
              "extras": {
                "legbyes": 1
              },
              "non_striker": "BW Sanderson",
              "runs": {
                "batter": 0,
                "extras": 1,
                "total": 1
              }
            },
            {
              "batter": "BW Sanderson",
              "bowler": "R Rampaul",
              "non_striker": "TB Sole",
              "runs": {
                "batter": 0,
                "extras": 0,
                "total": 0
              },
              "wickets": [
                {
                  "kind": "bowled",
                  "player_out": "BW Sanderson"
                }
              ]
            },
            {
              "batter": "B Muzarabani",
              "bowler": "R Rampaul",
              "extras": {
                "legbyes": 4
              },
              "non_striker": "TB Sole",
              "runs": {
                "batter": 0,
                "extras": 4,
                "total": 4
              }
            },
            {
              "batter": "B Muzarabani",
              "bowler": "R Rampaul",
              "extras": {
                "legbyes": 1
              },
              "non_striker": "TB Sole",
              "runs": {
                "batter": 0,
                "extras": 1,
                "total": 1
              }
            },
            {
              "batter": "TB Sole",
              "bowler": "R Rampaul",
              "non_striker": "B Muzarabani",
              "runs": {
                "batter": 0,
                "extras": 0,
                "total": 0
              },
              "wickets": [
                {
                  "kind": "lbw",
                  "player_out": "TB Sole"
                }
              ]
            }
          ]
        }
      ],
      "powerplays": [
        {
          "from": 0.1,
          "to": 5.6,
          "type": "mandatory"
        }
      ]
    },
    {
      "team": "Derbyshire",
      "overs": [
        {
          "over": 0,
          "deliveries": [
            {
              "batter": "LM Reece",
              "bowler": "JJ Cobb",
              "non_striker": "BA Godleman",
              "runs": {
                "batter": 4,
                "extras": 0,
                "total": 4
              }
            },
            {
              "batter": "LM Reece",
              "bowler": "JJ Cobb",
              "non_striker": "BA Godleman",
              "runs": {
                "batter": 0,
                "extras": 0,
                "total": 0
              }
            },
            {
              "batter": "LM Reece",
              "bowler": "JJ Cobb",
              "non_striker": "BA Godleman",
              "runs": {
                "batter": 0,
                "extras": 0,
                "total": 0
              }
            },
            {
              "batter": "LM Reece",
              "bowler": "JJ Cobb",
              "non_striker": "BA Godleman",
              "runs": {
                "batter": 0,
                "extras": 0,
                "total": 0
              }
            },
            {
              "batter": "LM Reece",
              "bowler": "JJ Cobb",
              "non_striker": "BA Godleman",
              "runs": {
                "batter": 0,
                "extras": 0,
                "total": 0
              }
            },
            {
              "batter": "LM Reece",
              "bowler": "JJ Cobb",
              "non_striker": "BA Godleman",
              "runs": {
                "batter": 1,
                "extras": 0,
                "total": 1
              }
            }
          ]
        },
        {
          "over": 1,
          "deliveries": [
            {
              "batter": "LM Reece",
              "bowler": "BW Sanderson",
              "non_striker": "BA Godleman",
              "runs": {
                "batter": 1,
                "extras": 0,
                "total": 1
              }
            },
            {
              "batter": "BA Godleman",
              "bowler": "BW Sanderson",
              "non_striker": "LM Reece",
              "runs": {
                "batter": 0,
                "extras": 0,
                "total": 0
              }
            },
            {
              "batter": "BA Godleman",
              "bowler": "BW Sanderson",
              "non_striker": "LM Reece",
              "runs": {
                "batter": 0,
                "extras": 0,
                "total": 0
              }
            },
            {
              "batter": "BA Godleman",
              "bowler": "BW Sanderson",
              "non_striker": "LM Reece",
              "runs": {
                "batter": 4,
                "extras": 0,
                "total": 4
              }
            },
            {
              "batter": "BA Godleman",
              "bowler": "BW Sanderson",
              "non_striker": "LM Reece",
              "runs": {
                "batter": 0,
                "extras": 0,
                "total": 0
              }
            },
            {
              "batter": "BA Godleman",
              "bowler": "BW Sanderson",
              "non_striker": "LM Reece",
              "runs": {
                "batter": 0,
                "extras": 0,
                "total": 0
              }
            }
          ]
        },
        {
          "over": 2,
          "deliveries": [
            {
              "batter": "LM Reece",
              "bowler": "Faheem Ashraf",
              "non_striker": "BA Godleman",
              "runs": {
                "batter": 0,
                "extras": 0,
                "total": 0
              }
            },
            {
              "batter": "LM Reece",
              "bowler": "Faheem Ashraf",
              "non_striker": "BA Godleman",
              "runs": {
                "batter": 1,
                "extras": 0,
                "total": 1
              }
            },
            {
              "batter": "BA Godleman",
              "bowler": "Faheem Ashraf",
              "non_striker": "LM Reece",
              "runs": {
                "batter": 4,
                "extras": 0,
                "total": 4
              }
            },
            {
              "batter": "BA Godleman",
              "bowler": "Faheem Ashraf",
              "non_striker": "LM Reece",
              "runs": {
                "batter": 0,
                "extras": 0,
                "total": 0
              }
            },
            {
              "batter": "BA Godleman",
              "bowler": "Faheem Ashraf",
              "non_striker": "LM Reece",
              "runs": {
                "batter": 0,
                "extras": 0,
                "total": 0
              }
            },
            {
              "batter": "BA Godleman",
              "bowler": "Faheem Ashraf",
              "non_striker": "LM Reece",
              "runs": {
                "batter": 0,
                "extras": 0,
                "total": 0
              }
            }
          ]
        },
        {
          "over": 3,
          "deliveries": [
            {
              "batter": "LM Reece",
              "bowler": "BW Sanderson",
              "non_striker": "BA Godleman",
              "runs": {
                "batter": 0,
                "extras": 0,
                "total": 0
              }
            },
            {
              "batter": "LM Reece",
              "bowler": "BW Sanderson",
              "non_striker": "BA Godleman",
              "runs": {
                "batter": 0,
                "extras": 0,
                "total": 0
              }
            },
            {
              "batter": "LM Reece",
              "bowler": "BW Sanderson",
              "non_striker": "BA Godleman",
              "runs": {
                "batter": 2,
                "extras": 0,
                "total": 2
              }
            },
            {
              "batter": "LM Reece",
              "bowler": "BW Sanderson",
              "non_striker": "BA Godleman",
              "runs": {
                "batter": 0,
                "extras": 0,
                "total": 0
              }
            },
            {
              "batter": "LM Reece",
              "bowler": "BW Sanderson",
              "non_striker": "BA Godleman",
              "runs": {
                "batter": 0,
                "extras": 0,
                "total": 0
              }
            },
            {
              "batter": "LM Reece",
              "bowler": "BW Sanderson",
              "non_striker": "BA Godleman",
              "runs": {
                "batter": 1,
                "extras": 0,
                "total": 1
              }
            }
          ]
        },
        {
          "over": 4,
          "deliveries": [
            {
              "batter": "LM Reece",
              "bowler": "Faheem Ashraf",
              "non_striker": "BA Godleman",
              "runs": {
                "batter": 0,
                "extras": 0,
                "total": 0
              }
            },
            {
              "batter": "LM Reece",
              "bowler": "Faheem Ashraf",
              "non_striker": "BA Godleman",
              "runs": {
                "batter": 0,
                "extras": 0,
                "total": 0
              }
            },
            {
              "batter": "LM Reece",
              "bowler": "Faheem Ashraf",
              "non_striker": "BA Godleman",
              "runs": {
                "batter": 0,
                "extras": 0,
                "total": 0
              }
            },
            {
              "batter": "LM Reece",
              "bowler": "Faheem Ashraf",
              "non_striker": "BA Godleman",
              "runs": {
                "batter": 4,
                "extras": 0,
                "total": 4
              }
            },
            {
              "batter": "LM Reece",
              "bowler": "Faheem Ashraf",
              "non_striker": "BA Godleman",
              "runs": {
                "batter": 0,
                "extras": 0,
                "total": 0
              }
            },
            {
              "batter": "LM Reece",
              "bowler": "Faheem Ashraf",
              "non_striker": "BA Godleman",
              "runs": {
                "batter": 6,
                "extras": 0,
                "total": 6
              }
            }
          ]
        },
        {
          "over": 5,
          "deliveries": [
            {
              "batter": "BA Godleman",
              "bowler": "D Pretorius",
              "non_striker": "LM Reece",
              "runs": {
                "batter": 4,
                "extras": 0,
                "total": 4
              }
            },
            {
              "batter": "BA Godleman",
              "bowler": "D Pretorius",
              "non_striker": "LM Reece",
              "runs": {
                "batter": 0,
                "extras": 0,
                "total": 0
              }
            },
            {
              "batter": "BA Godleman",
              "bowler": "D Pretorius",
              "non_striker": "LM Reece",
              "runs": {
                "batter": 0,
                "extras": 0,
                "total": 0
              }
            },
            {
              "batter": "BA Godleman",
              "bowler": "D Pretorius",
              "non_striker": "LM Reece",
              "runs": {
                "batter": 1,
                "extras": 0,
                "total": 1
              }
            },
            {
              "batter": "LM Reece",
              "bowler": "D Pretorius",
              "non_striker": "BA Godleman",
              "runs": {
                "batter": 0,
                "extras": 0,
                "total": 0
              }
            },
            {
              "batter": "LM Reece",
              "bowler": "D Pretorius",
              "non_striker": "BA Godleman",
              "runs": {
                "batter": 1,
                "extras": 0,
                "total": 1
              }
            }
          ]
        },
        {
          "over": 6,
          "deliveries": [
            {
              "batter": "LM Reece",
              "bowler": "RI Keogh",
              "non_striker": "BA Godleman",
              "runs": {
                "batter": 0,
                "extras": 0,
                "total": 0
              }
            },
            {
              "batter": "LM Reece",
              "bowler": "RI Keogh",
              "non_striker": "BA Godleman",
              "runs": {
                "batter": 0,
                "extras": 0,
                "total": 0
              },
              "wickets": [
                {
                  "kind": "lbw",
                  "player_out": "LM Reece"
                }
              ]
            },
            {
              "batter": "WL Madsen",
              "bowler": "RI Keogh",
              "non_striker": "BA Godleman",
              "runs": {
                "batter": 0,
                "extras": 0,
                "total": 0
              }
            },
            {
              "batter": "WL Madsen",
              "bowler": "RI Keogh",
              "non_striker": "BA Godleman",
              "runs": {
                "batter": 1,
                "extras": 0,
                "total": 1
              }
            },
            {
              "batter": "BA Godleman",
              "bowler": "RI Keogh",
              "non_striker": "WL Madsen",
              "runs": {
                "batter": 0,
                "extras": 0,
                "total": 0
              }
            },
            {
              "batter": "BA Godleman",
              "bowler": "RI Keogh",
              "non_striker": "WL Madsen",
              "runs": {
                "batter": 0,
                "extras": 0,
                "total": 0
              }
            }
          ]
        },
        {
          "over": 7,
          "deliveries": [
            {
              "batter": "WL Madsen",
              "bowler": "B Muzarabani",
              "non_striker": "BA Godleman",
              "runs": {
                "batter": 0,
                "extras": 0,
                "total": 0
              }
            },
            {
              "batter": "WL Madsen",
              "bowler": "B Muzarabani",
              "non_striker": "BA Godleman",
              "runs": {
                "batter": 2,
                "extras": 0,
                "total": 2
              }
            },
            {
              "batter": "WL Madsen",
              "bowler": "B Muzarabani",
              "non_striker": "BA Godleman",
              "runs": {
                "batter": 4,
                "extras": 0,
                "total": 4
              }
            },
            {
              "batter": "WL Madsen",
              "bowler": "B Muzarabani",
              "non_striker": "BA Godleman",
              "runs": {
                "batter": 1,
                "extras": 0,
                "total": 1
              }
            },
            {
              "batter": "BA Godleman",
              "bowler": "B Muzarabani",
              "non_striker": "WL Madsen",
              "runs": {
                "batter": 1,
                "extras": 0,
                "total": 1
              }
            },
            {
              "batter": "WL Madsen",
              "bowler": "B Muzarabani",
              "non_striker": "BA Godleman",
              "runs": {
                "batter": 1,
                "extras": 0,
                "total": 1
              }
            }
          ]
        },
        {
          "over": 8,
          "deliveries": [
            {
              "batter": "WL Madsen",
              "bowler": "RI Keogh",
              "non_striker": "BA Godleman",
              "runs": {
                "batter": 0,
                "extras": 0,
                "total": 0
              }
            },
            {
              "batter": "WL Madsen",
              "bowler": "RI Keogh",
              "non_striker": "BA Godleman",
              "runs": {
                "batter": 1,
                "extras": 0,
                "total": 1
              }
            },
            {
              "batter": "BA Godleman",
              "bowler": "RI Keogh",
              "non_striker": "WL Madsen",
              "runs": {
                "batter": 1,
                "extras": 0,
                "total": 1
              }
            },
            {
              "batter": "WL Madsen",
              "bowler": "RI Keogh",
              "non_striker": "BA Godleman",
              "runs": {
                "batter": 1,
                "extras": 0,
                "total": 1
              }
            },
            {
              "batter": "BA Godleman",
              "bowler": "RI Keogh",
              "non_striker": "WL Madsen",
              "runs": {
                "batter": 1,
                "extras": 0,
                "total": 1
              }
            },
            {
              "batter": "WL Madsen",
              "bowler": "RI Keogh",
              "non_striker": "BA Godleman",
              "runs": {
                "batter": 0,
                "extras": 0,
                "total": 0
              }
            }
          ]
        },
        {
          "over": 9,
          "deliveries": [
            {
              "batter": "BA Godleman",
              "bowler": "GG White",
              "non_striker": "WL Madsen",
              "runs": {
                "batter": 1,
                "extras": 0,
                "total": 1
              }
            },
            {
              "batter": "WL Madsen",
              "bowler": "GG White",
              "non_striker": "BA Godleman",
              "runs": {
                "batter": 1,
                "extras": 0,
                "total": 1
              }
            },
            {
              "batter": "BA Godleman",
              "bowler": "GG White",
              "non_striker": "WL Madsen",
              "runs": {
                "batter": 0,
                "extras": 0,
                "total": 0
              }
            },
            {
              "batter": "BA Godleman",
              "bowler": "GG White",
              "non_striker": "WL Madsen",
              "runs": {
                "batter": 1,
                "extras": 0,
                "total": 1
              }
            },
            {
              "batter": "WL Madsen",
              "bowler": "GG White",
              "non_striker": "BA Godleman",
              "runs": {
                "batter": 1,
                "extras": 0,
                "total": 1
              }
            },
            {
              "batter": "BA Godleman",
              "bowler": "GG White",
              "non_striker": "WL Madsen",
              "runs": {
                "batter": 1,
                "extras": 0,
                "total": 1
              }
            }
          ]
        },
        {
          "over": 10,
          "deliveries": [
            {
              "batter": "BA Godleman",
              "bowler": "RI Keogh",
              "non_striker": "WL Madsen",
              "runs": {
                "batter": 1,
                "extras": 0,
                "total": 1
              }
            },
            {
              "batter": "WL Madsen",
              "bowler": "RI Keogh",
              "non_striker": "BA Godleman",
              "runs": {
                "batter": 0,
                "extras": 0,
                "total": 0
              }
            },
            {
              "batter": "WL Madsen",
              "bowler": "RI Keogh",
              "non_striker": "BA Godleman",
              "runs": {
                "batter": 1,
                "extras": 0,
                "total": 1
              }
            },
            {
              "batter": "BA Godleman",
              "bowler": "RI Keogh",
              "non_striker": "WL Madsen",
              "runs": {
                "batter": 1,
                "extras": 0,
                "total": 1
              }
            },
            {
              "batter": "WL Madsen",
              "bowler": "RI Keogh",
              "non_striker": "BA Godleman",
              "runs": {
                "batter": 0,
                "extras": 0,
                "total": 0
              }
            },
            {
              "batter": "WL Madsen",
              "bowler": "RI Keogh",
              "non_striker": "BA Godleman",
              "runs": {
                "batter": 1,
                "extras": 0,
                "total": 1
              }
            }
          ]
        },
        {
          "over": 11,
          "deliveries": [
            {
              "batter": "WL Madsen",
              "bowler": "GG White",
              "non_striker": "BA Godleman",
              "runs": {
                "batter": 1,
                "extras": 0,
                "total": 1
              }
            },
            {
              "batter": "BA Godleman",
              "bowler": "GG White",
              "non_striker": "WL Madsen",
              "runs": {
                "batter": 1,
                "extras": 0,
                "total": 1
              }
            },
            {
              "batter": "WL Madsen",
              "bowler": "GG White",
              "non_striker": "BA Godleman",
              "runs": {
                "batter": 1,
                "extras": 0,
                "total": 1
              }
            },
            {
              "batter": "BA Godleman",
              "bowler": "GG White",
              "non_striker": "WL Madsen",
              "runs": {
                "batter": 1,
                "extras": 0,
                "total": 1
              }
            },
            {
              "batter": "WL Madsen",
              "bowler": "GG White",
              "non_striker": "BA Godleman",
              "runs": {
                "batter": 1,
                "extras": 0,
                "total": 1
              }
            },
            {
              "batter": "BA Godleman",
              "bowler": "GG White",
              "non_striker": "WL Madsen",
              "runs": {
                "batter": 0,
                "extras": 0,
                "total": 0
              }
            }
          ]
        },
        {
          "over": 12,
          "deliveries": [
            {
              "batter": "WL Madsen",
              "bowler": "RI Keogh",
              "non_striker": "BA Godleman",
              "runs": {
                "batter": 0,
                "extras": 0,
                "total": 0
              }
            },
            {
              "batter": "WL Madsen",
              "bowler": "RI Keogh",
              "non_striker": "BA Godleman",
              "runs": {
                "batter": 0,
                "extras": 0,
                "total": 0
              }
            },
            {
              "batter": "WL Madsen",
              "bowler": "RI Keogh",
              "non_striker": "BA Godleman",
              "runs": {
                "batter": 0,
                "extras": 0,
                "total": 0
              }
            },
            {
              "batter": "WL Madsen",
              "bowler": "RI Keogh",
              "non_striker": "BA Godleman",
              "runs": {
                "batter": 1,
                "extras": 0,
                "total": 1
              }
            },
            {
              "batter": "BA Godleman",
              "bowler": "RI Keogh",
              "non_striker": "WL Madsen",
              "runs": {
                "batter": 1,
                "extras": 0,
                "total": 1
              }
            },
            {
              "batter": "WL Madsen",
              "bowler": "RI Keogh",
              "non_striker": "BA Godleman",
              "runs": {
                "batter": 1,
                "extras": 0,
                "total": 1
              }
            }
          ]
        },
        {
          "over": 13,
          "deliveries": [
            {
              "batter": "WL Madsen",
              "bowler": "GG White",
              "non_striker": "BA Godleman",
              "runs": {
                "batter": 1,
                "extras": 0,
                "total": 1
              }
            },
            {
              "batter": "BA Godleman",
              "bowler": "GG White",
              "non_striker": "WL Madsen",
              "runs": {
                "batter": 1,
                "extras": 0,
                "total": 1
              }
            },
            {
              "batter": "WL Madsen",
              "bowler": "GG White",
              "non_striker": "BA Godleman",
              "runs": {
                "batter": 4,
                "extras": 0,
                "total": 4
              }
            },
            {
              "batter": "WL Madsen",
              "bowler": "GG White",
              "non_striker": "BA Godleman",
              "runs": {
                "batter": 0,
                "extras": 0,
                "total": 0
              }
            },
            {
              "batter": "WL Madsen",
              "bowler": "GG White",
              "non_striker": "BA Godleman",
              "runs": {
                "batter": 1,
                "extras": 0,
                "total": 1
              }
            },
            {
              "batter": "BA Godleman",
              "bowler": "GG White",
              "non_striker": "WL Madsen",
              "runs": {
                "batter": 0,
                "extras": 0,
                "total": 0
              }
            }
          ]
        },
        {
          "over": 14,
          "deliveries": [
            {
              "batter": "WL Madsen",
              "bowler": "Faheem Ashraf",
              "non_striker": "BA Godleman",
              "runs": {
                "batter": 0,
                "extras": 0,
                "total": 0
              }
            },
            {
              "batter": "WL Madsen",
              "bowler": "Faheem Ashraf",
              "non_striker": "BA Godleman",
              "runs": {
                "batter": 4,
                "extras": 0,
                "total": 4
              }
            },
            {
              "batter": "WL Madsen",
              "bowler": "Faheem Ashraf",
              "non_striker": "BA Godleman",
              "runs": {
                "batter": 1,
                "extras": 0,
                "total": 1
              }
            },
            {
              "batter": "BA Godleman",
              "bowler": "Faheem Ashraf",
              "non_striker": "WL Madsen",
              "runs": {
                "batter": 1,
                "extras": 0,
                "total": 1
              }
            },
            {
              "batter": "WL Madsen",
              "bowler": "Faheem Ashraf",
              "non_striker": "BA Godleman",
              "runs": {
                "batter": 4,
                "extras": 0,
                "total": 4
              }
            },
            {
              "batter": "WL Madsen",
              "bowler": "Faheem Ashraf",
              "non_striker": "BA Godleman",
              "runs": {
                "batter": 4,
                "extras": 0,
                "total": 4
              }
            }
          ]
        },
        {
          "over": 15,
          "deliveries": [
            {
              "batter": "BA Godleman",
              "bowler": "D Pretorius",
              "non_striker": "WL Madsen",
              "runs": {
                "batter": 1,
                "extras": 0,
                "total": 1
              }
            },
            {
              "batter": "WL Madsen",
              "bowler": "D Pretorius",
              "non_striker": "BA Godleman",
              "runs": {
                "batter": 1,
                "extras": 0,
                "total": 1
              }
            },
            {
              "batter": "BA Godleman",
              "bowler": "D Pretorius",
              "non_striker": "WL Madsen",
              "runs": {
                "batter": 0,
                "extras": 0,
                "total": 0
              }
            },
            {
              "batter": "BA Godleman",
              "bowler": "D Pretorius",
              "non_striker": "WL Madsen",
              "runs": {
                "batter": 0,
                "extras": 0,
                "total": 0
              }
            },
            {
              "batter": "BA Godleman",
              "bowler": "D Pretorius",
              "non_striker": "WL Madsen",
              "runs": {
                "batter": 1,
                "extras": 0,
                "total": 1
              }
            },
            {
              "batter": "WL Madsen",
              "bowler": "D Pretorius",
              "non_striker": "BA Godleman",
              "runs": {
                "batter": 1,
                "extras": 0,
                "total": 1
              }
            }
          ]
        },
        {
          "over": 16,
          "deliveries": [
            {
              "batter": "WL Madsen",
              "bowler": "B Muzarabani",
              "non_striker": "BA Godleman",
              "runs": {
                "batter": 0,
                "extras": 0,
                "total": 0
              }
            },
            {
              "batter": "WL Madsen",
              "bowler": "B Muzarabani",
              "non_striker": "BA Godleman",
              "runs": {
                "batter": 0,
                "extras": 0,
                "total": 0
              }
            },
            {
              "batter": "WL Madsen",
              "bowler": "B Muzarabani",
              "extras": {
                "wides": 1
              },
              "non_striker": "BA Godleman",
              "runs": {
                "batter": 0,
                "extras": 1,
                "total": 1
              }
            },
            {
              "batter": "WL Madsen",
              "bowler": "B Muzarabani",
              "non_striker": "BA Godleman",
              "runs": {
                "batter": 4,
                "extras": 0,
                "total": 4
              }
            },
            {
              "batter": "WL Madsen",
              "bowler": "B Muzarabani",
              "non_striker": "BA Godleman",
              "runs": {
                "batter": 4,
                "extras": 0,
                "total": 4
              }
            },
            {
              "batter": "WL Madsen",
              "bowler": "B Muzarabani",
              "non_striker": "BA Godleman",
              "runs": {
                "batter": 1,
                "extras": 0,
                "total": 1
              }
            },
            {
              "batter": "BA Godleman",
              "bowler": "B Muzarabani",
              "non_striker": "WL Madsen",
              "runs": {
                "batter": 0,
                "extras": 0,
                "total": 0
              }
            }
          ]
        },
        {
          "over": 17,
          "deliveries": [
            {
              "batter": "WL Madsen",
              "bowler": "D Pretorius",
              "non_striker": "BA Godleman",
              "runs": {
                "batter": 1,
                "extras": 0,
                "total": 1
              }
            }
          ]
        }
      ],
      "powerplays": [
        {
          "from": 0.1,
          "to": 5.6,
          "type": "mandatory"
        }
      ],
      "target": {
        "overs": 20,
        "runs": 101
      }
    }
  ]
}