{
  "meta": {
    "data_version": "1.0.0",
    "created": "2017-04-30",
    "revision": 1
  },
  "info": {
    "balls_per_over": 6,
    "city": "Canterbury",
    "dates": [
      "2016-05-20"
    ],
    "event": {
      "group": "South",
      "name": "NatWest T20 Blast"
    },
    "gender": "male",
    "match_type": "T20",
    "officials": {
      "umpires": [
        "NL Bainton",
        "NJ Llong"
      ]
    },
    "outcome": {
      "by": {
        "wickets": 8
      },
      "winner": "Kent"
    },
    "overs": 20,
    "player_of_match": [
      "DJ Bell-Drummond"
    ],
    "players": {
      "Kent": [
        "DJ Bell-Drummond",
        "JL Denly",
        "SA Northeast",
        "DI Stevens",
        "AJ Blake",
        "FK Cowdrey",
        "AP Rouse",
        "MT Coles",
        "JC Tredwell",
        "ME Claydon",
        "DA Griffiths"
      ],
      "Somerset": [
        "JG Myburgh",
        "J Allenby",
        "PD Trego",
        "MA Leask",
        "RC Davies",
        "J Overton",
        "RE van der Merwe",
        "JC Hildreth",
        "Yasir Arafat",
        "TD Groenewald",
        "MTC Waller"
      ]
    },
    "registry": {
      "people": {
        "AJ Blake": "ea27a674",
        "AP Rouse": "46c5d4fb",
        "DA Griffiths": "1f572ee8",
        "DI Stevens": "bca21d18",
        "DJ Bell-Drummond": "8f938a32",
        "FK Cowdrey": "1179469b",
        "J Allenby": "7d5e0b78",
        "J Overton": "59559bc2",
        "JC Hildreth": "782c0568",
        "JC Tredwell": "49b6c09f",
        "JG Myburgh": "47b4ad09",
        "JL Denly": "bdadf7da",
        "MA Leask": "28131839",
        "ME Claydon": "15101f12",
        "MT Coles": "e9d5218e",
        "MTC Waller": "d74d1090",
        "NJ Llong": "573fb985",
        "NL Bainton": "cd219cb3",
        "PD Trego": "93e06301",
        "RC Davies": "f939ffa9",
        "RE van der Merwe": "05c2ca46",
        "SA Northeast": "7e4c8ba3",
        "TD Groenewald": "dddc811c",
        "Yasir Arafat": "3cf5ae43"
      }
    },
    "season": 2016,
    "team_type": "club",
    "teams": [
      "Kent",
      "Somerset"
    ],
    "toss": {
      "decision": "bat",
      "winner": "Somerset"
    },
    "venue": "St Lawrence Ground"
  },
  "innings": [
    {
      "team": "Somerset",
      "overs": [
        {
          "over": 0,
          "deliveries": [
            {
              "batter": "JG Myburgh",
              "bowler": "MT Coles",
              "non_striker": "J Allenby",
              "runs": {
                "batter": 0,
                "extras": 0,
                "total": 0
              }
            },
            {
              "batter": "JG Myburgh",
              "bowler": "MT Coles",
              "non_striker": "J Allenby",
              "runs": {
                "batter": 4,
                "extras": 0,
                "total": 4
              }
            },
            {
              "batter": "JG Myburgh",
              "bowler": "MT Coles",
              "non_striker": "J Allenby",
              "runs": {
                "batter": 0,
                "extras": 0,
                "total": 0
              }
            },
            {
              "batter": "JG Myburgh",
              "bowler": "MT Coles",
              "non_striker": "J Allenby",
              "runs": {
                "batter": 0,
                "extras": 0,
                "total": 0
              }
            },
            {
              "batter": "JG Myburgh",
              "bowler": "MT Coles",
              "non_striker": "J Allenby",
              "runs": {
                "batter": 1,
                "extras": 0,
                "total": 1
              }
            },
            {
              "batter": "J Allenby",
              "bowler": "MT Coles",
              "non_striker": "JG Myburgh",
              "runs": {
                "batter": 4,
                "extras": 0,
                "total": 4
              }
            }
          ]
        },
        {
          "over": 1,
          "deliveries": [
            {
              "batter": "JG Myburgh",
              "bowler": "DA Griffiths",
              "non_striker": "J Allenby",
              "runs": {
                "batter": 0,
                "extras": 0,
                "total": 0
              },
              "wickets": [
                {
                  "kind": "caught",
                  "player_out": "JG Myburgh",
                  "fielders": [
                    {
                      "name": "DI Stevens"
                    }
                  ]
                }
              ]
            },
            {
              "batter": "PD Trego",
              "bowler": "DA Griffiths",
              "non_striker": "J Allenby",
              "runs": {
                "batter": 1,
                "extras": 0,
                "total": 1
              }
            },
            {
              "batter": "J Allenby",
              "bowler": "DA Griffiths",
              "non_striker": "PD Trego",
              "runs": {
                "batter": 4,
                "extras": 0,
                "total": 4
              }
            },
            {
              "batter": "J Allenby",
              "bowler": "DA Griffiths",
              "non_striker": "PD Trego",
              "runs": {
                "batter": 0,
                "extras": 0,
                "total": 0
              }
            },
            {
              "batter": "J Allenby",
              "bowler": "DA Griffiths",
              "non_striker": "PD Trego",
              "runs": {
                "batter": 4,
                "extras": 0,
                "total": 4
              }
            },
            {
              "batter": "J Allenby",
              "bowler": "DA Griffiths",
              "non_striker": "PD Trego",
              "runs": {
                "batter": 0,
                "extras": 0,
                "total": 0
              }
            }
          ]
        },
        {
          "over": 2,
          "deliveries": [
            {
              "batter": "PD Trego",
              "bowler": "ME Claydon",
              "non_striker": "J Allenby",
              "runs": {
                "batter": 1,
                "extras": 0,
                "total": 1
              }
            },
            {
              "batter": "J Allenby",
              "bowler": "ME Claydon",
              "non_striker": "PD Trego",
              "runs": {
                "batter": 0,
                "extras": 0,
                "total": 0
              }
            },
            {
              "batter": "J Allenby",
              "bowler": "ME Claydon",
              "non_striker": "PD Trego",
              "runs": {
                "batter": 0,
                "extras": 0,
                "total": 0
              }
            },
            {
              "batter": "J Allenby",
              "bowler": "ME Claydon",
              "non_striker": "PD Trego",
              "runs": {
                "batter": 2,
                "extras": 0,
                "total": 2
              }
            },
            {
              "batter": "J Allenby",
              "bowler": "ME Claydon",
              "non_striker": "PD Trego",
              "runs": {
                "batter": 1,
                "extras": 0,
                "total": 1
              }
            },
            {
              "batter": "PD Trego",
              "bowler": "ME Claydon",
              "non_striker": "J Allenby",
              "runs": {
                "batter": 4,
                "extras": 0,
                "total": 4
              }
            }
          ]
        },
        {
          "over": 3,
          "deliveries": [
            {
              "batter": "J Allenby",
              "bowler": "MT Coles",
              "non_striker": "PD Trego",
              "runs": {
                "batter": 0,
                "extras": 0,
                "total": 0
              }
            },
            {
              "batter": "J Allenby",
              "bowler": "MT Coles",
              "non_striker": "PD Trego",
              "runs": {
                "batter": 0,
                "extras": 0,
                "total": 0
              }
            },
            {
              "batter": "J Allenby",
              "bowler": "MT Coles",
              "non_striker": "PD Trego",
              "runs": {
                "batter": 1,
                "extras": 0,
                "total": 1
              }
            },
            {
              "batter": "PD Trego",
              "bowler": "MT Coles",
              "non_striker": "J Allenby",
              "runs": {
                "batter": 1,
                "extras": 0,
                "total": 1
              }
            },
            {
              "batter": "J Allenby",
              "bowler": "MT Coles",
              "non_striker": "PD Trego",
              "runs": {
                "batter": 1,
                "extras": 0,
                "total": 1
              }
            },
            {
              "batter": "PD Trego",
              "bowler": "MT Coles",
              "non_striker": "J Allenby",
              "runs": {
                "batter": 0,
                "extras": 0,
                "total": 0
              }
            }
          ]
        },
        {
          "over": 4,
          "deliveries": [
            {
              "batter": "J Allenby",
              "bowler": "ME Claydon",
              "non_striker": "PD Trego",
              "runs": {
                "batter": 1,
                "extras": 0,
                "total": 1
              }
            },
            {
              "batter": "PD Trego",
              "bowler": "ME Claydon",
              "non_striker": "J Allenby",
              "runs": {
                "batter": 0,
                "extras": 0,
                "total": 0
              }
            },
            {
              "batter": "PD Trego",
              "bowler": "ME Claydon",
              "non_striker": "J Allenby",
              "runs": {
                "batter": 4,
                "extras": 0,
                "total": 4
              }
            },
            {
              "batter": "PD Trego",
              "bowler": "ME Claydon",
              "non_striker": "J Allenby",
              "runs": {
                "batter": 1,
                "extras": 0,
                "total": 1
              }
            },
            {
              "batter": "J Allenby",
              "bowler": "ME Claydon",
              "non_striker": "PD Trego",
              "runs": {
                "batter": 1,
                "extras": 0,
                "total": 1
              }
            },
            {
              "batter": "PD Trego",
              "bowler": "ME Claydon",
              "non_striker": "J Allenby",
              "runs": {
                "batter": 0,
                "extras": 0,
                "total": 0
              }
            }
          ]
        },
        {
          "over": 5,
          "deliveries": [
            {
              "batter": "J Allenby",
              "bowler": "MT Coles",
              "non_striker": "PD Trego",
              "runs": {
                "batter": 0,
                "extras": 0,
                "total": 0
              }
            },
            {
              "batter": "J Allenby",
              "bowler": "MT Coles",
              "non_striker": "PD Trego",
              "runs": {
                "batter": 4,
                "extras": 0,
                "total": 4
              }
            },
            {
              "batter": "J Allenby",
              "bowler": "MT Coles",
              "non_striker": "PD Trego",
              "runs": {
                "batter": 4,
                "extras": 0,
                "total": 4
              }
            },
            {
              "batter": "J Allenby",
              "bowler": "MT Coles",
              "non_striker": "PD Trego",
              "runs": {
                "batter": 4,
                "extras": 0,
                "total": 4
              }
            },
            {
              "batter": "J Allenby",
              "bowler": "MT Coles",
              "non_striker": "PD Trego",
              "runs": {
                "batter": 4,
                "extras": 0,
                "total": 4
              }
            },
            {
              "batter": "J Allenby",
              "bowler": "MT Coles",
              "non_striker": "PD Trego",
              "runs": {
                "batter": 1,
                "extras": 0,
                "total": 1
              }
            }
          ]
        },
        {
          "over": 6,
          "deliveries": [
            {
              "batter": "J Allenby",
              "bowler": "JC Tredwell",
              "non_striker": "PD Trego",
              "runs": {
                "batter": 1,
                "extras": 0,
                "total": 1
              }
            },
            {
              "batter": "PD Trego",
              "bowler": "JC Tredwell",
              "non_striker": "J Allenby",
              "runs": {
                "batter": 4,
                "extras": 0,
                "total": 4
              }
            },
            {
              "batter": "PD Trego",
              "bowler": "JC Tredwell",
              "non_striker": "J Allenby",
              "runs": {
                "batter": 1,
                "extras": 0,
                "total": 1
              }
            },
            {
              "batter": "J Allenby",
              "bowler": "JC Tredwell",
              "non_striker": "PD Trego",
              "runs": {
                "batter": 6,
                "extras": 0,
                "total": 6
              }
            },
            {
              "batter": "J Allenby",
              "bowler": "JC Tredwell",
              "non_striker": "PD Trego",
              "runs": {
                "batter": 1,
                "extras": 0,
                "total": 1
              }
            },
            {
              "batter": "PD Trego",
              "bowler": "JC Tredwell",
              "non_striker": "J Allenby",
              "runs": {
                "batter": 2,
                "extras": 0,
                "total": 2
              }
            }
          ]
        },
        {
          "over": 7,
          "deliveries": [
            {
              "batter": "J Allenby",
              "bowler": "DI Stevens",
              "non_striker": "PD Trego",
              "runs": {
                "batter": 1,
                "extras": 0,
                "total": 1
              }
            },
            {
              "batter": "PD Trego",
              "bowler": "DI Stevens",
              "extras": {
                "wides": 3
              },
              "non_striker": "J Allenby",
              "runs": {
                "batter": 0,
                "extras": 3,
                "total": 3
              }
            },
            {
              "batter": "PD Trego",
              "bowler": "DI Stevens",
              "non_striker": "J Allenby",
              "runs": {
                "batter": 1,
                "extras": 0,
                "total": 1
              }
            },
            {
              "batter": "J Allenby",
              "bowler": "DI Stevens",
              "non_striker": "PD Trego",
              "runs": {
                "batter": 1,
                "extras": 0,
                "total": 1
              }
            },
            {
              "batter": "PD Trego",
              "bowler": "DI Stevens",
              "non_striker": "J Allenby",
              "runs": {
                "batter": 1,
                "extras": 0,
                "total": 1
              }
            },
            {
              "batter": "J Allenby",
              "bowler": "DI Stevens",
              "non_striker": "PD Trego",
              "runs": {
                "batter": 0,
                "extras": 0,
                "total": 0
              }
            },
            {
              "batter": "J Allenby",
              "bowler": "DI Stevens",
              "non_striker": "PD Trego",
              "runs": {
                "batter": 0,
                "extras": 0,
                "total": 0
              }
            }
          ]
        },
        {
          "over": 8,
          "deliveries": [
            {
              "batter": "PD Trego",
              "bowler": "DA Griffiths",
              "non_striker": "J Allenby",
              "runs": {
                "batter": 0,
                "extras": 0,
                "total": 0
              }
            },
            {
              "batter": "PD Trego",
              "bowler": "DA Griffiths",
              "non_striker": "J Allenby",
              "runs": {
                "batter": 1,
                "extras": 0,
                "total": 1
              }
            },
            {
              "batter": "J Allenby",
              "bowler": "DA Griffiths",
              "non_striker": "PD Trego",
              "runs": {
                "batter": 1,
                "extras": 0,
                "total": 1
              }
            },
            {
              "batter": "PD Trego",
              "bowler": "DA Griffiths",
              "non_striker": "J Allenby",
              "runs": {
                "batter": 1,
                "extras": 0,
                "total": 1
              }
            },
            {
              "batter": "J Allenby",
              "bowler": "DA Griffiths",
              "non_striker": "PD Trego",
              "runs": {
                "batter": 1,
                "extras": 0,
                "total": 1
              }
            },
            {
              "batter": "PD Trego",
              "bowler": "DA Griffiths",
              "non_striker": "J Allenby",
              "runs": {
                "batter": 6,
                "extras": 0,
                "total": 6
              }
            }
          ]
        },
        {
          "over": 9,
          "deliveries": [
            {
              "batter": "J Allenby",
              "bowler": "JC Tredwell",
              "non_striker": "PD Trego",
              "runs": {
                "batter": 1,
                "extras": 0,
                "total": 1
              }
            },
            {
              "batter": "PD Trego",
              "bowler": "JC Tredwell",
              "non_striker": "J Allenby",
              "runs": {
                "batter": 1,
                "extras": 0,
                "total": 1
              }
            },
            {
              "batter": "J Allenby",
              "bowler": "JC Tredwell",
              "non_striker": "PD Trego",
              "runs": {
                "batter": 1,
                "extras": 0,
                "total": 1
              }
            },
            {
              "batter": "PD Trego",
              "bowler": "JC Tredwell",
              "non_striker": "J Allenby",
              "runs": {
                "batter": 1,
                "extras": 0,
                "total": 1
              }
            },
            {
              "batter": "J Allenby",
              "bowler": "JC Tredwell",
              "non_striker": "PD Trego",
              "runs": {
                "batter": 1,
                "extras": 0,
                "total": 1
              }
            },
            {
              "batter": "PD Trego",
              "bowler": "JC Tredwell",
              "non_striker": "J Allenby",
              "runs": {
                "batter": 6,
                "extras": 0,
                "total": 6
              }
            }
          ]
        },
        {
          "over": 10,
          "deliveries": [
            {
              "batter": "J Allenby",
              "bowler": "DI Stevens",
              "non_striker": "PD Trego",
              "runs": {
                "batter": 4,
                "extras": 0,
                "total": 4
              }
            },
            {
              "batter": "J Allenby",
              "bowler": "DI Stevens",
              "non_striker": "PD Trego",
              "runs": {
                "batter": 4,
                "extras": 0,
                "total": 4
              }
            },
            {
              "batter": "J Allenby",
              "bowler": "DI Stevens",
              "extras": {
                "wides": 1
              },
              "non_striker": "PD Trego",
              "runs": {
                "batter": 0,
                "extras": 1,
                "total": 1
              }
            },
            {
              "batter": "J Allenby",
              "bowler": "DI Stevens",
              "non_striker": "PD Trego",
              "runs": {
                "batter": 1,
                "extras": 0,
                "total": 1
              }
            },
            {
              "batter": "PD Trego",
              "bowler": "DI Stevens",
              "non_striker": "J Allenby",
              "runs": {
                "batter": 6,
                "extras": 0,
                "total": 6
              }
            },
            {
              "batter": "PD Trego",
              "bowler": "DI Stevens",
              "non_striker": "J Allenby",
              "runs": {
                "batter": 1,
                "extras": 0,
                "total": 1
              }
            },
            {
              "batter": "J Allenby",
              "bowler": "DI Stevens",
              "non_striker": "PD Trego",
              "runs": {
                "batter": 0,
                "extras": 0,
                "total": 0
              }
            }
          ]
        },
        {
          "over": 11,
          "deliveries": [
            {
              "batter": "PD Trego",
              "bowler": "FK Cowdrey",
              "non_striker": "J Allenby",
              "runs": {
                "batter": 0,
                "extras": 0,
                "total": 0
              }
            },
            {
              "batter": "PD Trego",
              "bowler": "FK Cowdrey",
              "non_striker": "J Allenby",
              "runs": {
                "batter": 1,
                "extras": 0,
                "total": 1
              }
            },
            {
              "batter": "J Allenby",
              "bowler": "FK Cowdrey",
              "non_striker": "PD Trego",
              "runs": {
                "batter": 1,
                "extras": 0,
                "total": 1
              }
            },
            {
              "batter": "PD Trego",
              "bowler": "FK Cowdrey",
              "non_striker": "J Allenby",
              "runs": {
                "batter": 6,
                "extras": 0,
                "total": 6
              }
            },
            {
              "batter": "PD Trego",
              "bowler": "FK Cowdrey",
              "non_striker": "J Allenby",
              "runs": {
                "batter": 1,
                "extras": 0,
                "total": 1
              }
            },
            {
              "batter": "J Allenby",
              "bowler": "FK Cowdrey",
              "non_striker": "PD Trego",
              "runs": {
                "batter": 1,
                "extras": 0,
                "total": 1
              }
            }
          ]
        },
        {
          "over": 12,
          "deliveries": [
            {
              "batter": "J Allenby",
              "bowler": "DI Stevens",
              "non_striker": "PD Trego",
              "runs": {
                "batter": 1,
                "extras": 0,
                "total": 1
              }
            },
            {
              "batter": "PD Trego",
              "bowler": "DI Stevens",
              "non_striker": "J Allenby",
              "runs": {
                "batter": 4,
                "extras": 0,
                "total": 4
              }
            },
            {
              "batter": "PD Trego",
              "bowler": "DI Stevens",
              "non_striker": "J Allenby",
              "runs": {
                "batter": 1,
                "extras": 0,
                "total": 1
              }
            },
            {
              "batter": "J Allenby",
              "bowler": "DI Stevens",
              "non_striker": "PD Trego",
              "runs": {
                "batter": 6,
                "extras": 0,
                "total": 6
              }
            },
            {
              "batter": "J Allenby",
              "bowler": "DI Stevens",
              "non_striker": "PD Trego",
              "runs": {
                "batter": 6,
                "extras": 0,
                "total": 6
              }
            },
            {
              "batter": "J Allenby",
              "bowler": "DI Stevens",
              "non_striker": "PD Trego",
              "runs": {
                "batter": 1,
                "extras": 0,
                "total": 1
              }
            }
          ]
        },
        {
          "over": 13,
          "deliveries": [
            {
              "batter": "J Allenby",
              "bowler": "FK Cowdrey",
              "non_striker": "PD Trego",
              "runs": {
                "batter": 1,
                "extras": 0,
                "total": 1
              }
            },
            {
              "batter": "PD Trego",
              "bowler": "FK Cowdrey",
              "non_striker": "J Allenby",
              "runs": {
                "batter": 0,
                "extras": 0,
                "total": 0
              },
              "wickets": [
                {
                  "kind": "caught",
                  "player_out": "PD Trego",
                  "fielders": [
                    {
                      "name": "JC Tredwell"
                    }
                  ]
                }
              ]
            },
            {
              "batter": "J Allenby",
              "bowler": "FK Cowdrey",
              "non_striker": "MA Leask",
              "runs": {
                "batter": 1,
                "extras": 0,
                "total": 1
              }
            },
            {
              "batter": "MA Leask",
              "bowler": "FK Cowdrey",
              "non_striker": "J Allenby",
              "runs": {
                "batter": 1,
                "extras": 0,
                "total": 1
              }
            },
            {
              "batter": "J Allenby",
              "bowler": "FK Cowdrey",
              "non_striker": "MA Leask",
              "runs": {
                "batter": 1,
                "extras": 0,
                "total": 1
              }
            },
            {
              "batter": "MA Leask",
              "bowler": "FK Cowdrey",
              "non_striker": "J Allenby",
              "runs": {
                "batter": 1,
                "extras": 0,
                "total": 1
              }
            }
          ]
        },
        {
          "over": 14,
          "deliveries": [
            {
              "batter": "MA Leask",
              "bowler": "MT Coles",
              "non_striker": "J Allenby",
              "runs": {
                "batter": 6,
                "extras": 0,
                "total": 6
              }
            },
            {
              "batter": "MA Leask",
              "bowler": "MT Coles",
              "non_striker": "J Allenby",
              "runs": {
                "batter": 0,
                "extras": 0,
                "total": 0
              },
              "wickets": [
                {
                  "kind": "caught",
                  "player_out": "MA Leask",
                  "fielders": [
                    {
                      "name": "AJ Blake"
                    }
                  ]
                }
              ]
            },
            {
              "batter": "J Allenby",
              "bowler": "MT Coles",
              "non_striker": "RC Davies",
              "runs": {
                "batter": 0,
                "extras": 0,
                "total": 0
              }
            },
            {
              "batter": "J Allenby",
              "bowler": "MT Coles",
              "non_striker": "RC Davies",
              "runs": {
                "batter": 1,
                "extras": 0,
                "total": 1
              }
            },
            {
              "batter": "RC Davies",
              "bowler": "MT Coles",
              "non_striker": "J Allenby",
              "runs": {
                "batter": 4,
                "extras": 0,
                "total": 4
              }
            },
            {
              "batter": "RC Davies",
              "bowler": "MT Coles",
              "non_striker": "J Allenby",
              "runs": {
                "batter": 1,
                "extras": 0,
                "total": 1
              }
            }
          ]
        },
        {
          "over": 15,
          "deliveries": [
            {
              "batter": "RC Davies",
              "bowler": "FK Cowdrey",
              "non_striker": "J Allenby",
              "runs": {
                "batter": 0,
                "extras": 0,
                "total": 0
              },
              "wickets": [
                {
                  "kind": "caught",
                  "player_out": "RC Davies",
                  "fielders": [
                    {
                      "name": "JL Denly"
                    }
                  ]
                }
              ]
            },
            {
              "batter": "J Allenby",
              "bowler": "FK Cowdrey",
              "non_striker": "J Overton",
              "runs": {
                "batter": 1,
                "extras": 0,
                "total": 1
              }
            },
            {
              "batter": "J Overton",
              "bowler": "FK Cowdrey",
              "non_striker": "J Allenby",
              "runs": {
                "batter": 1,
                "extras": 0,
                "total": 1
              }
            },
            {
              "batter": "J Allenby",
              "bowler": "FK Cowdrey",
              "non_striker": "J Overton",
              "runs": {
                "batter": 0,
                "extras": 0,
                "total": 0
              }
            },
            {
              "batter": "J Allenby",
              "bowler": "FK Cowdrey",
              "non_striker": "J Overton",
              "runs": {
                "batter": 1,
                "extras": 0,
                "total": 1
              }
            },
            {
              "batter": "J Overton",
              "bowler": "FK Cowdrey",
              "non_striker": "J Allenby",
              "runs": {
                "batter": 0,
                "extras": 0,
                "total": 0
              },
              "wickets": [
                {
                  "kind": "caught",
                  "player_out": "J Overton",
                  "fielders": [
                    {
                      "name": "JL Denly"
                    }
                  ]
                }
              ]
            }
          ]
        },
        {
          "over": 16,
          "deliveries": [
            {
              "batter": "J Allenby",
              "bowler": "ME Claydon",
              "non_striker": "RE van der Merwe",
              "runs": {
                "batter": 1,
                "extras": 0,
                "total": 1
              }
            },
            {
              "batter": "RE van der Merwe",
              "bowler": "ME Claydon",
              "non_striker": "J Allenby",
              "runs": {
                "batter": 4,
                "extras": 0,
                "total": 4
              }
            },
            {
              "batter": "RE van der Merwe",
              "bowler": "ME Claydon",
              "non_striker": "J Allenby",
              "runs": {
                "batter": 4,
                "extras": 0,
                "total": 4
              }
            },
            {
              "batter": "RE van der Merwe",
              "bowler": "ME Claydon",
              "non_striker": "J Allenby",
              "runs": {
                "batter": 0,
                "extras": 0,
                "total": 0
              }
            },
            {
              "batter": "RE van der Merwe",
              "bowler": "ME Claydon",
              "non_striker": "J Allenby",
              "runs": {
                "batter": 1,
                "extras": 0,
                "total": 1
              }
            },
            {
              "batter": "J Allenby",
              "bowler": "ME Claydon",
              "non_striker": "RE van der Merwe",
              "runs": {
                "batter": 1,
                "extras": 0,
                "total": 1
              }
            }
          ]
        },
        {
          "over": 17,
          "deliveries": [
            {
              "batter": "J Allenby",
              "bowler": "DA Griffiths",
              "extras": {
                "legbyes": 1
              },
              "non_striker": "RE van der Merwe",
              "runs": {
                "batter": 0,
                "extras": 1,
                "total": 1
              }
            },
            {
              "batter": "RE van der Merwe",
              "bowler": "DA Griffiths",
              "non_striker": "J Allenby",
              "runs": {
                "batter": 0,
                "extras": 0,
                "total": 0
              },
              "wickets": [
                {
                  "kind": "bowled",
                  "player_out": "RE van der Merwe"
                }
              ]
            },
            {
              "batter": "JC Hildreth",
              "bowler": "DA Griffiths",
              "non_striker": "J Allenby",
              "runs": {
                "batter": 4,
                "extras": 0,
                "total": 4
              }
            },
            {
              "batter": "JC Hildreth",
              "bowler": "DA Griffiths",
              "non_striker": "J Allenby",
              "runs": {
                "batter": 1,
                "extras": 0,
                "total": 1
              }
            },
            {
              "batter": "J Allenby",
              "bowler": "DA Griffiths",
              "non_striker": "JC Hildreth",
              "runs": {
                "batter": 2,
                "extras": 0,
                "total": 2
              }
            },
            {
              "batter": "J Allenby",
              "bowler": "DA Griffiths",
              "non_striker": "JC Hildreth",
              "runs": {
                "batter": 1,
                "extras": 0,
                "total": 1
              }
            }
          ]
        },
        {
          "over": 18,
          "deliveries": [
            {
              "batter": "J Allenby",
              "bowler": "ME Claydon",
              "non_striker": "JC Hildreth",
              "runs": {
                "batter": 4,
                "extras": 0,
                "total": 4
              }
            },
            {
              "batter": "J Allenby",
              "bowler": "ME Claydon",
              "non_striker": "JC Hildreth",
              "runs": {
                "batter": 0,
                "extras": 0,
                "total": 0
              }
            },
            {
              "batter": "J Allenby",
              "bowler": "ME Claydon",
              "non_striker": "JC Hildreth",
              "runs": {
                "batter": 0,
                "extras": 0,
                "total": 0
              },
              "wickets": [
                {
                  "kind": "bowled",
                  "player_out": "J Allenby"
                }
              ]
            },
            {
              "batter": "Yasir Arafat",
              "bowler": "ME Claydon",
              "non_striker": "JC Hildreth",
              "runs": {
                "batter": 4,
                "extras": 0,
                "total": 4
              }
            },
            {
              "batter": "Yasir Arafat",
              "bowler": "ME Claydon",
              "non_striker": "JC Hildreth",
              "runs": {
                "batter": 1,
                "extras": 0,
                "total": 1
              }
            },
            {
              "batter": "JC Hildreth",
              "bowler": "ME Claydon",
              "non_striker": "Yasir Arafat",
              "runs": {
                "batter": 0,
                "extras": 0,
                "total": 0
              }
            }
          ]
        },
        {
          "over": 19,
          "deliveries": [
            {
              "batter": "Yasir Arafat",
              "bowler": "DA Griffiths",
              "non_striker": "JC Hildreth",
              "runs": {
                "batter": 1,
                "extras": 0,
                "total": 1
              }
            },
            {
              "batter": "JC Hildreth",
              "bowler": "DA Griffiths",
              "non_striker": "Yasir Arafat",
              "runs": {
                "batter": 1,
                "extras": 0,
                "total": 1
              }
            },
            {
              "batter": "Yasir Arafat",
              "bowler": "DA Griffiths",
              "non_striker": "JC Hildreth",
              "runs": {
                "batter": 1,
                "extras": 0,
                "total": 1
              }
            },
            {
              "batter": "JC Hildreth",
              "bowler": "DA Griffiths",
              "non_striker": "Yasir Arafat",
              "runs": {
                "batter": 1,
                "extras": 0,
                "total": 1
              }
            },
            {
              "batter": "Yasir Arafat",
              "bowler": "DA Griffiths",
              "non_striker": "JC Hildreth",
              "runs": {
                "batter": 1,
                "extras": 0,
                "total": 1
              }
            },
            {
              "batter": "JC Hildreth",
              "bowler": "DA Griffiths",
              "non_striker": "Yasir Arafat",
              "runs": {
                "batter": 1,
                "extras": 0,
                "total": 1
              }
            }
          ]
        }
      ],
      "powerplays": [
        {
          "from": 0.1,
          "to": 5.6,
          "type": "mandatory"
        }
      ]
    },
    {
      "team": "Kent",
      "overs": [
        {
          "over": 0,
          "deliveries": [
            {
              "batter": "DJ Bell-Drummond",
              "bowler": "J Overton",
              "non_striker": "JL Denly",
              "runs": {
                "batter": 0,
                "extras": 0,
                "total": 0
              }
            },
            {
              "batter": "DJ Bell-Drummond",
              "bowler": "J Overton",
              "extras": {
                "wides": 1
              },
              "non_striker": "JL Denly",
              "runs": {
                "batter": 0,
                "extras": 1,
                "total": 1
              }
            },
            {
              "batter": "DJ Bell-Drummond",
              "bowler": "J Overton",
              "non_striker": "JL Denly",
              "runs": {
                "batter": 0,
                "extras": 0,
                "total": 0
              }
            },
            {
              "batter": "DJ Bell-Drummond",
              "bowler": "J Overton",
              "non_striker": "JL Denly",
              "runs": {
                "batter": 1,
                "extras": 0,
                "total": 1
              }
            },
            {
              "batter": "JL Denly",
              "bowler": "J Overton",
              "non_striker": "DJ Bell-Drummond",
              "runs": {
                "batter": 0,
                "extras": 0,
                "total": 0
              }
            },
            {
              "batter": "JL Denly",
              "bowler": "J Overton",
              "non_striker": "DJ Bell-Drummond",
              "runs": {
                "batter": 0,
                "extras": 0,
                "total": 0
              }
            },
            {
              "batter": "JL Denly",
              "bowler": "J Overton",
              "non_striker": "DJ Bell-Drummond",
              "runs": {
                "batter": 4,
                "extras": 0,
                "total": 4
              }
            }
          ]
        },
        {
          "over": 1,
          "deliveries": [
            {
              "batter": "DJ Bell-Drummond",
              "bowler": "TD Groenewald",
              "non_striker": "JL Denly",
              "runs": {
                "batter": 0,
                "extras": 0,
                "total": 0
              }
            },
            {
              "batter": "DJ Bell-Drummond",
              "bowler": "TD Groenewald",
              "non_striker": "JL Denly",
              "runs": {
                "batter": 1,
                "extras": 0,
                "total": 1
              }
            },
            {
              "batter": "JL Denly",
              "bowler": "TD Groenewald",
              "non_striker": "DJ Bell-Drummond",
              "runs": {
                "batter": 1,
                "extras": 0,
                "total": 1
              }
            },
            {
              "batter": "DJ Bell-Drummond",
              "bowler": "TD Groenewald",
              "non_striker": "JL Denly",
              "runs": {
                "batter": 4,
                "extras": 0,
                "total": 4
              }
            },
            {
              "batter": "DJ Bell-Drummond",
              "bowler": "TD Groenewald",
              "non_striker": "JL Denly",
              "runs": {
                "batter": 1,
                "extras": 0,
                "total": 1
              }
            },
            {
              "batter": "JL Denly",
              "bowler": "TD Groenewald",
              "non_striker": "DJ Bell-Drummond",
              "runs": {
                "batter": 0,
                "extras": 0,
                "total": 0
              }
            }
          ]
        },
        {
          "over": 2,
          "deliveries": [
            {
              "batter": "DJ Bell-Drummond",
              "bowler": "Yasir Arafat",
              "non_striker": "JL Denly",
              "runs": {
                "batter": 6,
                "extras": 0,
                "total": 6
              }
            },
            {
              "batter": "DJ Bell-Drummond",
              "bowler": "Yasir Arafat",
              "non_striker": "JL Denly",
              "runs": {
                "batter": 4,
                "extras": 0,
                "total": 4
              }
            },
            {
              "batter": "DJ Bell-Drummond",
              "bowler": "Yasir Arafat",
              "non_striker": "JL Denly",
              "runs": {
                "batter": 4,
                "extras": 0,
                "total": 4
              }
            },
            {
              "batter": "DJ Bell-Drummond",
              "bowler": "Yasir Arafat",
              "non_striker": "JL Denly",
              "runs": {
                "batter": 0,
                "extras": 0,
                "total": 0
              }
            },
            {
              "batter": "DJ Bell-Drummond",
              "bowler": "Yasir Arafat",
              "non_striker": "JL Denly",
              "runs": {
                "batter": 4,
                "extras": 0,
                "total": 4
              }
            },
            {
              "batter": "DJ Bell-Drummond",
              "bowler": "Yasir Arafat",
              "non_striker": "JL Denly",
              "runs": {
                "batter": 4,
                "extras": 0,
                "total": 4
              }
            }
          ]
        },
        {
          "over": 3,
          "deliveries": [
            {
              "batter": "JL Denly",
              "bowler": "TD Groenewald",
              "non_striker": "DJ Bell-Drummond",
              "runs": {
                "batter": 1,
                "extras": 0,
                "total": 1
              }
            },
            {
              "batter": "DJ Bell-Drummond",
              "bowler": "TD Groenewald",
              "non_striker": "JL Denly",
              "runs": {
                "batter": 1,
                "extras": 0,
                "total": 1
              }
            },
            {
              "batter": "JL Denly",
              "bowler": "TD Groenewald",
              "non_striker": "DJ Bell-Drummond",
              "runs": {
                "batter": 1,
                "extras": 0,
                "total": 1
              }
            },
            {
              "batter": "DJ Bell-Drummond",
              "bowler": "TD Groenewald",
              "non_striker": "JL Denly",
              "runs": {
                "batter": 2,
                "extras": 0,
                "total": 2
              }
            },
            {
              "batter": "DJ Bell-Drummond",
              "bowler": "TD Groenewald",
              "non_striker": "JL Denly",
              "runs": {
                "batter": 0,
                "extras": 0,
                "total": 0
              }
            },
            {
              "batter": "DJ Bell-Drummond",
              "bowler": "TD Groenewald",
              "non_striker": "JL Denly",
              "runs": {
                "batter": 1,
                "extras": 0,
                "total": 1
              }
            }
          ]
        },
        {
          "over": 4,
          "deliveries": [
            {
              "batter": "DJ Bell-Drummond",
              "bowler": "J Overton",
              "non_striker": "JL Denly",
              "runs": {
                "batter": 1,
                "extras": 0,
                "total": 1
              }
            },
            {
              "batter": "JL Denly",
              "bowler": "J Overton",
              "non_striker": "DJ Bell-Drummond",
              "runs": {
                "batter": 6,
                "extras": 0,
                "total": 6
              }
            },
            {
              "batter": "JL Denly",
              "bowler": "J Overton",
              "non_striker": "DJ Bell-Drummond",
              "runs": {
                "batter": 0,
                "extras": 0,
                "total": 0
              }
            },
            {
              "batter": "JL Denly",
              "bowler": "J Overton",
              "non_striker": "DJ Bell-Drummond",
              "runs": {
                "batter": 6,
                "extras": 0,
                "total": 6
              }
            },
            {
              "batter": "JL Denly",
              "bowler": "J Overton",
              "non_striker": "DJ Bell-Drummond",
              "runs": {
                "batter": 1,
                "extras": 0,
                "total": 1
              }
            },
            {
              "batter": "DJ Bell-Drummond",
              "bowler": "J Overton",
              "non_striker": "JL Denly",
              "runs": {
                "batter": 1,
                "extras": 0,
                "total": 1
              }
            }
          ]
        },
        {
          "over": 5,
          "deliveries": [
            {
              "batter": "DJ Bell-Drummond",
              "bowler": "RE van der Merwe",
              "non_striker": "JL Denly",
              "runs": {
                "batter": 4,
                "extras": 0,
                "total": 4
              }
            },
            {
              "batter": "DJ Bell-Drummond",
              "bowler": "RE van der Merwe",
              "non_striker": "JL Denly",
              "runs": {
                "batter": 0,
                "extras": 0,
                "total": 0
              }
            },
            {
              "batter": "DJ Bell-Drummond",
              "bowler": "RE van der Merwe",
              "non_striker": "JL Denly",
              "runs": {
                "batter": 1,
                "extras": 0,
                "total": 1
              }
            },
            {
              "batter": "JL Denly",
              "bowler": "RE van der Merwe",
              "non_striker": "DJ Bell-Drummond",
              "runs": {
                "batter": 1,
                "extras": 0,
                "total": 1
              }
            },
            {
              "batter": "DJ Bell-Drummond",
              "bowler": "RE van der Merwe",
              "non_striker": "JL Denly",
              "runs": {
                "batter": 4,
                "extras": 0,
                "total": 4
              }
            },
            {
              "batter": "DJ Bell-Drummond",
              "bowler": "RE van der Merwe",
              "non_striker": "JL Denly",
              "runs": {
                "batter": 2,
                "extras": 0,
                "total": 2
              }
            }
          ]
        },
        {
          "over": 6,
          "deliveries": [
            {
              "batter": "JL Denly",
              "bowler": "J Allenby",
              "non_striker": "DJ Bell-Drummond",
              "runs": {
                "batter": 6,
                "extras": 0,
                "total": 6
              }
            },
            {
              "batter": "JL Denly",
              "bowler": "J Allenby",
              "non_striker": "DJ Bell-Drummond",
              "runs": {
                "batter": 1,
                "extras": 0,
                "total": 1
              }
            },
            {
              "batter": "DJ Bell-Drummond",
              "bowler": "J Allenby",
              "non_striker": "JL Denly",
              "runs": {
                "batter": 1,
                "extras": 0,
                "total": 1
              }
            },
            {
              "batter": "JL Denly",
              "bowler": "J Allenby",
              "non_striker": "DJ Bell-Drummond",
              "runs": {
                "batter": 1,
                "extras": 0,
                "total": 1
              }
            },
            {
              "batter": "DJ Bell-Drummond",
              "bowler": "J Allenby",
              "non_striker": "JL Denly",
              "runs": {
                "batter": 1,
                "extras": 0,
                "total": 1
              }
            },
            {
              "batter": "JL Denly",
              "bowler": "J Allenby",
              "non_striker": "DJ Bell-Drummond",
              "runs": {
                "batter": 1,
                "extras": 0,
                "total": 1
              }
            }
          ]
        },
        {
          "over": 7,
          "deliveries": [
            {
              "batter": "JL Denly",
              "bowler": "MTC Waller",
              "non_striker": "DJ Bell-Drummond",
              "runs": {
                "batter": 1,
                "extras": 0,
                "total": 1
              }
            },
            {
              "batter": "DJ Bell-Drummond",
              "bowler": "MTC Waller",
              "non_striker": "JL Denly",
              "runs": {
                "batter": 1,
                "extras": 0,
                "total": 1
              }
            },
            {
              "batter": "JL Denly",
              "bowler": "MTC Waller",
              "non_striker": "DJ Bell-Drummond",
              "runs": {
                "batter": 0,
                "extras": 0,
                "total": 0
              }
            },
            {
              "batter": "JL Denly",
              "bowler": "MTC Waller",
              "non_striker": "DJ Bell-Drummond",
              "runs": {
                "batter": 1,
                "extras": 0,
                "total": 1
              }
            },
            {
              "batter": "DJ Bell-Drummond",
              "bowler": "MTC Waller",
              "non_striker": "JL Denly",
              "runs": {
                "batter": 1,
                "extras": 0,
                "total": 1
              }
            },
            {
              "batter": "JL Denly",
              "bowler": "MTC Waller",
              "non_striker": "DJ Bell-Drummond",
              "runs": {
                "batter": 1,
                "extras": 0,
                "total": 1
              }
            }
          ]
        },
        {
          "over": 8,
          "deliveries": [
            {
              "batter": "JL Denly",
              "bowler": "Yasir Arafat",
              "extras": {
                "legbyes": 1
              },
              "non_striker": "DJ Bell-Drummond",
              "runs": {
                "batter": 0,
                "extras": 1,
                "total": 1
              }
            },
            {
              "batter": "DJ Bell-Drummond",
              "bowler": "Yasir Arafat",
              "non_striker": "JL Denly",
              "runs": {
                "batter": 1,
                "extras": 0,
                "total": 1
              }
            },
            {
              "batter": "JL Denly",
              "bowler": "Yasir Arafat",
              "non_striker": "DJ Bell-Drummond",
              "runs": {
                "batter": 2,
                "extras": 0,
                "total": 2
              }
            },
            {
              "batter": "JL Denly",
              "bowler": "Yasir Arafat",
              "non_striker": "DJ Bell-Drummond",
              "runs": {
                "batter": 4,
                "extras": 0,
                "total": 4
              }
            },
            {
              "batter": "JL Denly",
              "bowler": "Yasir Arafat",
              "non_striker": "DJ Bell-Drummond",
              "runs": {
                "batter": 1,
                "extras": 0,
                "total": 1
              }
            },
            {
              "batter": "DJ Bell-Drummond",
              "bowler": "Yasir Arafat",
              "non_striker": "JL Denly",
              "runs": {
                "batter": 4,
                "extras": 0,
                "total": 4
              }
            }
          ]
        },
        {
          "over": 9,
          "deliveries": [
            {
              "batter": "JL Denly",
              "bowler": "MTC Waller",
              "non_striker": "DJ Bell-Drummond",
              "runs": {
                "batter": 1,
                "extras": 0,
                "total": 1
              }
            },
            {
              "batter": "DJ Bell-Drummond",
              "bowler": "MTC Waller",
              "non_striker": "JL Denly",
              "runs": {
                "batter": 6,
                "extras": 0,
                "total": 6
              }
            },
            {
              "batter": "DJ Bell-Drummond",
              "bowler": "MTC Waller",
              "non_striker": "JL Denly",
              "runs": {
                "batter": 1,
                "extras": 0,
                "total": 1
              }
            },
            {
              "batter": "JL Denly",
              "bowler": "MTC Waller",
              "non_striker": "DJ Bell-Drummond",
              "runs": {
                "batter": 6,
                "extras": 0,
                "total": 6
              }
            },
            {
              "batter": "JL Denly",
              "bowler": "MTC Waller",
              "non_striker": "DJ Bell-Drummond",
              "runs": {
                "batter": 0,
                "extras": 0,
                "total": 0
              }
            },
            {
              "batter": "JL Denly",
              "bowler": "MTC Waller",
              "non_striker": "DJ Bell-Drummond",
              "runs": {
                "batter": 1,
                "extras": 0,
                "total": 1
              }
            }
          ]
        },
        {
          "over": 10,
          "deliveries": [
            {
              "batter": "JL Denly",
              "bowler": "J Overton",
              "non_striker": "DJ Bell-Drummond",
              "runs": {
                "batter": 1,
                "extras": 0,
                "total": 1
              }
            },
            {
              "batter": "DJ Bell-Drummond",
              "bowler": "J Overton",
              "non_striker": "JL Denly",
              "runs": {
                "batter": 1,
                "extras": 0,
                "total": 1
              }
            },
            {
              "batter": "JL Denly",
              "bowler": "J Overton",
              "non_striker": "DJ Bell-Drummond",
              "runs": {
                "batter": 4,
                "extras": 0,
                "total": 4
              }
            },
            {
              "batter": "JL Denly",
              "bowler": "J Overton",
              "non_striker": "DJ Bell-Drummond",
              "runs": {
                "batter": 0,
                "extras": 0,
                "total": 0
              }
            },
            {
              "batter": "JL Denly",
              "bowler": "J Overton",
              "non_striker": "DJ Bell-Drummond",
              "runs": {
                "batter": 4,
                "extras": 0,
                "total": 4
              }
            },
            {
              "batter": "JL Denly",
              "bowler": "J Overton",
              "non_striker": "DJ Bell-Drummond",
              "runs": {
                "batter": 6,
                "extras": 0,
                "total": 6
              }
            }
          ]
        },
        {
          "over": 11,
          "deliveries": [
            {
              "batter": "DJ Bell-Drummond",
              "bowler": "RE van der Merwe",
              "non_striker": "JL Denly",
              "runs": {
                "batter": 4,
                "extras": 0,
                "total": 4
              }
            },
            {
              "batter": "DJ Bell-Drummond",
              "bowler": "RE van der Merwe",
              "non_striker": "JL Denly",
              "runs": {
                "batter": 1,
                "extras": 0,
                "total": 1
              }
            },
            {
              "batter": "JL Denly",
              "bowler": "RE van der Merwe",
              "non_striker": "DJ Bell-Drummond",
              "runs": {
                "batter": 1,
                "extras": 0,
                "total": 1
              }
            },
            {
              "batter": "DJ Bell-Drummond",
              "bowler": "RE van der Merwe",
              "non_striker": "JL Denly",
              "runs": {
                "batter": 4,
                "extras": 0,
                "total": 4
              }
            },
            {
              "batter": "DJ Bell-Drummond",
              "bowler": "RE van der Merwe",
              "non_striker": "JL Denly",
              "runs": {
                "batter": 1,
                "extras": 0,
                "total": 1
              }
            },
            {
              "batter": "JL Denly",
              "bowler": "RE van der Merwe",
              "non_striker": "DJ Bell-Drummond",
              "runs": {
                "batter": 1,
                "extras": 0,
                "total": 1
              }
            }
          ]
        },
        {
          "over": 12,
          "deliveries": [
            {
              "batter": "JL Denly",
              "bowler": "TD Groenewald",
              "non_striker": "DJ Bell-Drummond",
              "runs": {
                "batter": 6,
                "extras": 0,
                "total": 6
              }
            },
            {
              "batter": "JL Denly",
              "bowler": "TD Groenewald",
              "non_striker": "DJ Bell-Drummond",
              "runs": {
                "batter": 4,
                "extras": 0,
                "total": 4
              }
            },
            {
              "batter": "JL Denly",
              "bowler": "TD Groenewald",
              "non_striker": "DJ Bell-Drummond",
              "runs": {
                "batter": 0,
                "extras": 0,
                "total": 0
              },
              "wickets": [
                {
                  "kind": "caught",
                  "player_out": "JL Denly",
                  "fielders": [
                    {
                      "name": "MA Leask"
                    }
                  ]
                }
              ]
            },
            {
              "batter": "SA Northeast",
              "bowler": "TD Groenewald",
              "non_striker": "DJ Bell-Drummond",
              "runs": {
                "batter": 1,
                "extras": 0,
                "total": 1
              }
            },
            {
              "batter": "DJ Bell-Drummond",
              "bowler": "TD Groenewald",
              "non_striker": "SA Northeast",
              "runs": {
                "batter": 1,
                "extras": 0,
                "total": 1
              }
            },
            {
              "batter": "SA Northeast",
              "bowler": "TD Groenewald",
              "non_striker": "DJ Bell-Drummond",
              "runs": {
                "batter": 1,
                "extras": 0,
                "total": 1
              }
            }
          ]
        },
        {
          "over": 13,
          "deliveries": [
            {
              "batter": "SA Northeast",
              "bowler": "Yasir Arafat",
              "non_striker": "DJ Bell-Drummond",
              "runs": {
                "batter": 2,
                "extras": 0,
                "total": 2
              }
            },
            {
              "batter": "SA Northeast",
              "bowler": "Yasir Arafat",
              "non_striker": "DJ Bell-Drummond",
              "runs": {
                "batter": 4,
                "extras": 0,
                "total": 4
              }
            },
            {
              "batter": "SA Northeast",
              "bowler": "Yasir Arafat",
              "non_striker": "DJ Bell-Drummond",
              "runs": {
                "batter": 1,
                "extras": 0,
                "total": 1
              }
            },
            {
              "batter": "DJ Bell-Drummond",
              "bowler": "Yasir Arafat",
              "non_striker": "SA Northeast",
              "runs": {
                "batter": 1,
                "extras": 0,
                "total": 1
              }
            },
            {
              "batter": "SA Northeast",
              "bowler": "Yasir Arafat",
              "non_striker": "DJ Bell-Drummond",
              "runs": {
                "batter": 0,
                "extras": 0,
                "total": 0
              }
            },
            {
              "batter": "SA Northeast",
              "bowler": "Yasir Arafat",
              "non_striker": "DJ Bell-Drummond",
              "runs": {
                "batter": 6,
                "extras": 0,
                "total": 6
              }
            }
          ]
        },
        {
          "over": 14,
          "deliveries": [
            {
              "batter": "DJ Bell-Drummond",
              "bowler": "TD Groenewald",
              "non_striker": "SA Northeast",
              "runs": {
                "batter": 2,
                "extras": 0,
                "total": 2
              }
            },
            {
              "batter": "DJ Bell-Drummond",
              "bowler": "TD Groenewald",
              "non_striker": "SA Northeast",
              "runs": {
                "batter": 1,
                "extras": 0,
                "total": 1
              }
            },
            {
              "batter": "SA Northeast",
              "bowler": "TD Groenewald",
              "non_striker": "DJ Bell-Drummond",
              "runs": {
                "batter": 4,
                "extras": 0,
                "total": 4
              }
            },
            {
              "batter": "SA Northeast",
              "bowler": "TD Groenewald",
              "non_striker": "DJ Bell-Drummond",
              "runs": {
                "batter": 4,
                "extras": 0,
                "total": 4
              }
            },
            {
              "batter": "SA Northeast",
              "bowler": "TD Groenewald",
              "non_striker": "DJ Bell-Drummond",
              "runs": {
                "batter": 1,
                "extras": 0,
                "total": 1
              }
            },
            {
              "batter": "DJ Bell-Drummond",
              "bowler": "TD Groenewald",
              "non_striker": "SA Northeast",
              "runs": {
                "batter": 0,
                "extras": 0,
                "total": 0
              }
            }
          ]
        },
        {
          "over": 15,
          "deliveries": [
            {
              "batter": "SA Northeast",
              "bowler": "J Allenby",
              "non_striker": "DJ Bell-Drummond",
              "runs": {
                "batter": 1,
                "extras": 0,
                "total": 1
              }
            },
            {
              "batter": "DJ Bell-Drummond",
              "bowler": "J Allenby",
              "non_striker": "SA Northeast",
              "runs": {
                "batter": 1,
                "extras": 0,
                "total": 1
              }
            },
            {
              "batter": "SA Northeast",
              "bowler": "J Allenby",
              "non_striker": "DJ Bell-Drummond",
              "runs": {
                "batter": 1,
                "extras": 0,
                "total": 1
              }
            },
            {
              "batter": "DJ Bell-Drummond",
              "bowler": "J Allenby",
              "non_striker": "SA Northeast",
              "runs": {
                "batter": 1,
                "extras": 0,
                "total": 1
              }
            },
            {
              "batter": "SA Northeast",
              "bowler": "J Allenby",
              "non_striker": "DJ Bell-Drummond",
              "runs": {
                "batter": 1,
                "extras": 0,
                "total": 1
              }
            },
            {
              "batter": "DJ Bell-Drummond",
              "bowler": "J Allenby",
              "non_striker": "SA Northeast",
              "runs": {
                "batter": 1,
                "extras": 0,
                "total": 1
              }
            }
          ]
        },
        {
          "over": 16,
          "deliveries": [
            {
              "batter": "DJ Bell-Drummond",
              "bowler": "RE van der Merwe",
              "non_striker": "SA Northeast",
              "runs": {
                "batter": 1,
                "extras": 0,
                "total": 1
              }
            },
            {
              "batter": "SA Northeast",
              "bowler": "RE van der Merwe",
              "non_striker": "DJ Bell-Drummond",
              "runs": {
                "batter": 0,
                "extras": 0,
                "total": 0
              },
              "wickets": [
                {
                  "kind": "caught",
                  "player_out": "SA Northeast",
                  "fielders": [
                    {
                      "name": "TD Groenewald"
                    }
                  ]
                }
              ]
            },
            {
              "batter": "DI Stevens",
              "bowler": "RE van der Merwe",
              "non_striker": "DJ Bell-Drummond",
              "runs": {
                "batter": 6,
                "extras": 0,
                "total": 6
              }
            },
            {
              "batter": "DI Stevens",
              "bowler": "RE van der Merwe",
              "non_striker": "DJ Bell-Drummond",
              "runs": {
                "batter": 1,
                "extras": 0,
                "total": 1
              }
            },
            {
              "batter": "DJ Bell-Drummond",
              "bowler": "RE van der Merwe",
              "extras": {
                "wides": 1
              },
              "non_striker": "DI Stevens",
              "runs": {
                "batter": 0,
                "extras": 1,
                "total": 1
              }
            },
            {
              "batter": "DJ Bell-Drummond",
              "bowler": "RE van der Merwe",
              "non_striker": "DI Stevens",
              "runs": {
                "batter": 1,
                "extras": 0,
                "total": 1
              }
            },
            {
              "batter": "DI Stevens",
              "bowler": "RE van der Merwe",
              "non_striker": "DJ Bell-Drummond",
              "runs": {
                "batter": 1,
                "extras": 0,
                "total": 1
              }
            }
          ]
        },
        {
          "over": 17,
          "deliveries": [
            {
              "batter": "DI Stevens",
              "bowler": "MTC Waller",
              "non_striker": "DJ Bell-Drummond",
              "runs": {
                "batter": 0,
                "extras": 0,
                "total": 0
              }
            },
            {
              "batter": "DI Stevens",
              "bowler": "MTC Waller",
              "non_striker": "DJ Bell-Drummond",
              "runs": {
                "batter": 4,
                "extras": 0,
                "total": 4
              }
            }
          ]
        }
      ],
      "powerplays": [
        {
          "from": 0.1,
          "to": 5.6,
          "type": "mandatory"
        }
      ],
      "target": {
        "overs": 20,
        "runs": 198
      }
    }
  ]
}