{
  "meta": {
    "data_version": "1.0.0",
    "created": "2017-05-02",
    "revision": 1
  },
  "info": {
    "balls_per_over": 6,
    "city": "Leicester",
    "dates": [
      "2016-07-08"
    ],
    "event": {
      "group": "North",
      "name": "NatWest T20 Blast"
    },
    "gender": "male",
    "match_type": "T20",
    "officials": {
      "umpires": [
        "PK Baldwin",
        "NJ Llong"
      ]
    },
    "outcome": {
      "by": {
        "wickets": 9
      },
      "winner": "Leicestershire"
    },
    "overs": 20,
    "player_of_match": [
      "ML Pettini"
    ],
    "players": {
      "Derbyshire": [
        "HD Rutherford",
        "WJ Durston",
        "NT Broom",
        "CF Hughes",
        "WL Madsen",
        "JDS Neesham",
        "SJ Thakor",
        "AL Hughes",
        "MJJ Critchley",
        "TP Milnes",
        "HR Hosein"
      ],
      "Leicestershire": [
        "ML Pettini",
        "MJ Cosgrove",
        "CS Delport",
        "KJ O'Brien",
        "F Behardien",
        "NJ Dexter",
        "LJ Hill",
        "TJ Wells",
        "BA Raine",
        "CJ McKay",
        "RJ Sayer"
      ]
    },
    "registry": {
      "people": {
        "AL Hughes": "1066a976",
        "BA Raine": "4c0f3806",
        "CF Hughes": "7f3f108f",
        "CJ McKay": "94eac556",
        "CS Delport": "afa78c3a",
        "F Behardien": "dce2019b",
        "HD Rutherford": "0605de92",
        "HR Hosein": "ae01eb1e",
        "JDS Neesham": "9219eff0",
        "KJ O'Brien": "243431b5",
        "LJ Hill": "35f9a295",
        "MJ Cosgrove": "be768595",
        "MJJ Critchley": "c5cc48bc",
        "ML Pettini": "eba62359",
        "NJ Dexter": "dc670143",
        "NJ Llong": "573fb985",
        "NT Broom": "a354c917",
        "PK Baldwin": "6bb53c12",
        "RJ Sayer": "14373322",
        "SJ Thakor": "f6c84b9f",
        "TJ Wells": "eb1a5b03",
        "TP Milnes": "b2fe023a",
        "WJ Durston": "3c77ca9d",
        "WL Madsen": "86e0f3f0"
      }
    },
    "season": 2016,
    "team_type": "club",
    "teams": [
      "Leicestershire",
      "Derbyshire"
    ],
    "toss": {
      "decision": "field",
      "winner": "Leicestershire"
    },
    "venue": "Grace Road"
  },
  "innings": [
    {
      "team": "Derbyshire",
      "overs": [
        {
          "over": 0,
          "deliveries": [
            {
              "batter": "HD Rutherford",
              "bowler": "BA Raine",
              "extras": {
                "noballs": 2
              },
              "non_striker": "WJ Durston",
              "runs": {
                "batter": 0,
                "extras": 2,
                "total": 2
              }
            },
            {
              "batter": "HD Rutherford",
              "bowler": "BA Raine",
              "non_striker": "WJ Durston",
              "runs": {
                "batter": 4,
                "extras": 0,
                "total": 4
              }
            },
            {
              "batter": "HD Rutherford",
              "bowler": "BA Raine",
              "extras": {
                "noballs": 2
              },
              "non_striker": "WJ Durston",
              "runs": {
                "batter": 1,
                "extras": 2,
                "total": 3
              }
            },
            {
              "batter": "WJ Durston",
              "bowler": "BA Raine",
              "non_striker": "HD Rutherford",
              "runs": {
                "batter": 4,
                "extras": 0,
                "total": 4
              }
            },
            {
              "batter": "WJ Durston",
              "bowler": "BA Raine",
              "non_striker": "HD Rutherford",
              "runs": {
                "batter": 0,
                "extras": 0,
                "total": 0
              },
              "wickets": [
                {
                  "kind": "caught",
                  "player_out": "WJ Durston",
                  "fielders": [
                    {
                      "name": "LJ Hill"
                    }
                  ]
                }
              ]
            },
            {
              "batter": "NT Broom",
              "bowler": "BA Raine",
              "non_striker": "HD Rutherford",
              "runs": {
                "batter": 0,
                "extras": 0,
                "total": 0
              }
            },
            {
              "batter": "NT Broom",
              "bowler": "BA Raine",
              "non_striker": "HD Rutherford",
              "runs": {
                "batter": 2,
                "extras": 0,
                "total": 2
              }
            },
            {
              "batter": "NT Broom",
              "bowler": "BA Raine",
              "non_striker": "HD Rutherford",
              "runs": {
                "batter": 0,
                "extras": 0,
                "total": 0
              }
            }
          ]
        },
        {
          "over": 1,
          "deliveries": [
            {
              "batter": "HD Rutherford",
              "bowler": "CJ McKay",
              "non_striker": "NT Broom",
              "runs": {
                "batter": 4,
                "extras": 0,
                "total": 4
              }
            },
            {
              "batter": "HD Rutherford",
              "bowler": "CJ McKay",
              "non_striker": "NT Broom",
              "runs": {
                "batter": 4,
                "extras": 0,
                "total": 4
              }
            },
            {
              "batter": "HD Rutherford",
              "bowler": "CJ McKay",
              "non_striker": "NT Broom",
              "runs": {
                "batter": 0,
                "extras": 0,
                "total": 0
              }
            },
            {
              "batter": "HD Rutherford",
              "bowler": "CJ McKay",
              "non_striker": "NT Broom",
              "runs": {
                "batter": 0,
                "extras": 0,
                "total": 0
              }
            },
            {
              "batter": "HD Rutherford",
              "bowler": "CJ McKay",
              "non_striker": "NT Broom",
              "runs": {
                "batter": 0,
                "extras": 0,
                "total": 0
              }
            },
            {
              "batter": "HD Rutherford",
              "bowler": "CJ McKay",
              "non_striker": "NT Broom",
              "runs": {
                "batter": 0,
                "extras": 0,
                "total": 0
              }
            }
          ]
        },
        {
          "over": 2,
          "deliveries": [
            {
              "batter": "NT Broom",
              "bowler": "BA Raine",
              "non_striker": "HD Rutherford",
              "runs": {
                "batter": 4,
                "extras": 0,
                "total": 4
              }
            },
            {
              "batter": "NT Broom",
              "bowler": "BA Raine",
              "non_striker": "HD Rutherford",
              "runs": {
                "batter": 1,
                "extras": 0,
                "total": 1
              }
            },
            {
              "batter": "HD Rutherford",
              "bowler": "BA Raine",
              "non_striker": "NT Broom",
              "runs": {
                "batter": 0,
                "extras": 0,
                "total": 0
              },
              "wickets": [
                {
                  "kind": "caught",
                  "player_out": "HD Rutherford",
                  "fielders": [
                    {
                      "name": "LJ Hill"
                    }
                  ]
                }
              ]
            },
            {
              "batter": "NT Broom",
              "bowler": "BA Raine",
              "non_striker": "CF Hughes",
              "runs": {
                "batter": 0,
                "extras": 0,
                "total": 0
              }
            },
            {
              "batter": "NT Broom",
              "bowler": "BA Raine",
              "non_striker": "CF Hughes",
              "runs": {
                "batter": 0,
                "extras": 0,
                "total": 0
              }
            },
            {
              "batter": "NT Broom",
              "bowler": "BA Raine",
              "non_striker": "CF Hughes",
              "runs": {
                "batter": 1,
                "extras": 0,
                "total": 1
              }
            }
          ]
        },
        {
          "over": 3,
          "deliveries": [
            {
              "batter": "NT Broom",
              "bowler": "CJ McKay",
              "non_striker": "CF Hughes",
              "runs": {
                "batter": 1,
                "extras": 0,
                "total": 1
              }
            },
            {
              "batter": "CF Hughes",
              "bowler": "CJ McKay",
              "non_striker": "NT Broom",
              "runs": {
                "batter": 0,
                "extras": 0,
                "total": 0
              }
            },
            {
              "batter": "CF Hughes",
              "bowler": "CJ McKay",
              "non_striker": "NT Broom",
              "runs": {
                "batter": 0,
                "extras": 0,
                "total": 0
              }
            },
            {
              "batter": "CF Hughes",
              "bowler": "CJ McKay",
              "non_striker": "NT Broom",
              "runs": {
                "batter": 1,
                "extras": 0,
                "total": 1
              }
            },
            {
              "batter": "NT Broom",
              "bowler": "CJ McKay",
              "non_striker": "CF Hughes",
              "runs": {
                "batter": 1,
                "extras": 0,
                "total": 1
              }
            },
            {
              "batter": "CF Hughes",
              "bowler": "CJ McKay",
              "extras": {
                "legbyes": 1
              },
              "non_striker": "NT Broom",
              "runs": {
                "batter": 0,
                "extras": 1,
                "total": 1
              }
            }
          ]
        },
        {
          "over": 4,
          "deliveries": [
            {
              "batter": "CF Hughes",
              "bowler": "KJ O'Brien",
              "non_striker": "NT Broom",
              "runs": {
                "batter": 0,
                "extras": 0,
                "total": 0
              }
            },
            {
              "batter": "CF Hughes",
              "bowler": "KJ O'Brien",
              "non_striker": "NT Broom",
              "runs": {
                "batter": 4,
                "extras": 0,
                "total": 4
              }
            },
            {
              "batter": "CF Hughes",
              "bowler": "KJ O'Brien",
              "non_striker": "NT Broom",
              "runs": {
                "batter": 1,
                "extras": 0,
                "total": 1
              }
            },
            {
              "batter": "NT Broom",
              "bowler": "KJ O'Brien",
              "non_striker": "CF Hughes",
              "runs": {
                "batter": 0,
                "extras": 0,
                "total": 0
              }
            },
            {
              "batter": "NT Broom",
              "bowler": "KJ O'Brien",
              "non_striker": "CF Hughes",
              "runs": {
                "batter": 4,
                "extras": 0,
                "total": 4
              }
            },
            {
              "batter": "NT Broom",
              "bowler": "KJ O'Brien",
              "non_striker": "CF Hughes",
              "runs": {
                "batter": 0,
                "extras": 0,
                "total": 0
              }
            }
          ]
        },
        {
          "over": 5,
          "deliveries": [
            {
              "batter": "CF Hughes",
              "bowler": "BA Raine",
              "non_striker": "NT Broom",
              "runs": {
                "batter": 0,
                "extras": 0,
                "total": 0
              },
              "wickets": [
                {
                  "kind": "lbw",
                  "player_out": "CF Hughes"
                }
              ]
            },
            {
              "batter": "WL Madsen",
              "bowler": "BA Raine",
              "non_striker": "NT Broom",
              "runs": {
                "batter": 0,
                "extras": 0,
                "total": 0
              }
            },
            {
              "batter": "WL Madsen",
              "bowler": "BA Raine",
              "non_striker": "NT Broom",
              "runs": {
                "batter": 4,
                "extras": 0,
                "total": 4
              }
            },
            {
              "batter": "WL Madsen",
              "bowler": "BA Raine",
              "non_striker": "NT Broom",
              "runs": {
                "batter": 1,
                "extras": 0,
                "total": 1
              }
            },
            {
              "batter": "NT Broom",
              "bowler": "BA Raine",
              "non_striker": "WL Madsen",
              "runs": {
                "batter": 1,
                "extras": 0,
                "total": 1
              }
            },
            {
              "batter": "WL Madsen",
              "bowler": "BA Raine",
              "non_striker": "NT Broom",
              "runs": {
                "batter": 0,
                "extras": 0,
                "total": 0
              }
            }
          ]
        },
        {
          "over": 6,
          "deliveries": [
            {
              "batter": "NT Broom",
              "bowler": "KJ O'Brien",
              "non_striker": "WL Madsen",
              "runs": {
                "batter": 2,
                "extras": 0,
                "total": 2
              }
            },
            {
              "batter": "NT Broom",
              "bowler": "KJ O'Brien",
              "non_striker": "WL Madsen",
              "runs": {
                "batter": 1,
                "extras": 0,
                "total": 1
              }
            },
            {
              "batter": "WL Madsen",
              "bowler": "KJ O'Brien",
              "non_striker": "NT Broom",
              "runs": {
                "batter": 0,
                "extras": 0,
                "total": 0
              }
            },
            {
              "batter": "WL Madsen",
              "bowler": "KJ O'Brien",
              "non_striker": "NT Broom",
              "runs": {
                "batter": 1,
                "extras": 0,
                "total": 1
              }
            },
            {
              "batter": "NT Broom",
              "bowler": "KJ O'Brien",
              "non_striker": "WL Madsen",
              "runs": {
                "batter": 0,
                "extras": 0,
                "total": 0
              }
            },
            {
              "batter": "NT Broom",
              "bowler": "KJ O'Brien",
              "non_striker": "WL Madsen",
              "runs": {
                "batter": 4,
                "extras": 0,
                "total": 4
              }
            }
          ]
        },
        {
          "over": 7,
          "deliveries": [
            {
              "batter": "WL Madsen",
              "bowler": "NJ Dexter",
              "non_striker": "NT Broom",
              "runs": {
                "batter": 0,
                "extras": 0,
                "total": 0
              }
            },
            {
              "batter": "WL Madsen",
              "bowler": "NJ Dexter",
              "non_striker": "NT Broom",
              "runs": {
                "batter": 1,
                "extras": 0,
                "total": 1
              }
            },
            {
              "batter": "NT Broom",
              "bowler": "NJ Dexter",
              "non_striker": "WL Madsen",
              "runs": {
                "batter": 1,
                "extras": 0,
                "total": 1
              }
            },
            {
              "batter": "WL Madsen",
              "bowler": "NJ Dexter",
              "non_striker": "NT Broom",
              "runs": {
                "batter": 1,
                "extras": 0,
                "total": 1
              }
            },
            {
              "batter": "NT Broom",
              "bowler": "NJ Dexter",
              "non_striker": "WL Madsen",
              "runs": {
                "batter": 1,
                "extras": 0,
                "total": 1
              }
            },
            {
              "batter": "WL Madsen",
              "bowler": "NJ Dexter",
              "non_striker": "NT Broom",
              "runs": {
                "batter": 1,
                "extras": 0,
                "total": 1
              }
            }
          ]
        },
        {
          "over": 8,
          "deliveries": [
            {
              "batter": "WL Madsen",
              "bowler": "F Behardien",
              "non_striker": "NT Broom",
              "runs": {
                "batter": 0,
                "extras": 0,
                "total": 0
              }
            },
            {
              "batter": "WL Madsen",
              "bowler": "F Behardien",
              "non_striker": "NT Broom",
              "runs": {
                "batter": 1,
                "extras": 0,
                "total": 1
              }
            },
            {
              "batter": "NT Broom",
              "bowler": "F Behardien",
              "non_striker": "WL Madsen",
              "runs": {
                "batter": 4,
                "extras": 0,
                "total": 4
              }
            },
            {
              "batter": "NT Broom",
              "bowler": "F Behardien",
              "extras": {
                "wides": 1
              },
              "non_striker": "WL Madsen",
              "runs": {
                "batter": 0,
                "extras": 1,
                "total": 1
              }
            },
            {
              "batter": "NT Broom",
              "bowler": "F Behardien",
              "non_striker": "WL Madsen",
              "runs": {
                "batter": 2,
                "extras": 0,
                "total": 2
              }
            },
            {
              "batter": "NT Broom",
              "bowler": "F Behardien",
              "non_striker": "WL Madsen",
              "runs": {
                "batter": 1,
                "extras": 0,
                "total": 1
              }
            },
            {
              "batter": "WL Madsen",
              "bowler": "F Behardien",
              "non_striker": "NT Broom",
              "runs": {
                "batter": 0,
                "extras": 0,
                "total": 0
              }
            }
          ]
        },
        {
          "over": 9,
          "deliveries": [
            {
              "batter": "NT Broom",
              "bowler": "NJ Dexter",
              "non_striker": "WL Madsen",
              "runs": {
                "batter": 1,
                "extras": 0,
                "total": 1
              }
            },
            {
              "batter": "WL Madsen",
              "bowler": "NJ Dexter",
              "non_striker": "NT Broom",
              "runs": {
                "batter": 1,
                "extras": 0,
                "total": 1
              }
            },
            {
              "batter": "NT Broom",
              "bowler": "NJ Dexter",
              "non_striker": "WL Madsen",
              "runs": {
                "batter": 1,
                "extras": 0,
                "total": 1
              }
            },
            {
              "batter": "WL Madsen",
              "bowler": "NJ Dexter",
              "non_striker": "NT Broom",
              "runs": {
                "batter": 1,
                "extras": 0,
                "total": 1
              }
            },
            {
              "batter": "NT Broom",
              "bowler": "NJ Dexter",
              "non_striker": "WL Madsen",
              "runs": {
                "batter": 1,
                "extras": 0,
                "total": 1
              }
            },
            {
              "batter": "WL Madsen",
              "bowler": "NJ Dexter",
              "non_striker": "NT Broom",
              "runs": {
                "batter": 0,
                "extras": 0,
                "total": 0
              }
            }
          ]
        },
        {
          "over": 10,
          "deliveries": [
            {
              "batter": "NT Broom",
              "bowler": "F Behardien",
              "non_striker": "WL Madsen",
              "runs": {
                "batter": 6,
                "extras": 0,
                "total": 6
              }
            },
            {
              "batter": "NT Broom",
              "bowler": "F Behardien",
              "non_striker": "WL Madsen",
              "runs": {
                "batter": 1,
                "extras": 0,
                "total": 1
              }
            },
            {
              "batter": "WL Madsen",
              "bowler": "F Behardien",
              "non_striker": "NT Broom",
              "runs": {
                "batter": 1,
                "extras": 0,
                "total": 1
              }
            },
            {
              "batter": "NT Broom",
              "bowler": "F Behardien",
              "non_striker": "WL Madsen",
              "runs": {
                "batter": 2,
                "extras": 0,
                "total": 2
              }
            },
            {
              "batter": "NT Broom",
              "bowler": "F Behardien",
              "non_striker": "WL Madsen",
              "runs": {
                "batter": 1,
                "extras": 0,
                "total": 1
              }
            },
            {
              "batter": "WL Madsen",
              "bowler": "F Behardien",
              "non_striker": "NT Broom",
              "runs": {
                "batter": 0,
                "extras": 0,
                "total": 0
              }
            }
          ]
        },
        {
          "over": 11,
          "deliveries": [
            {
              "batter": "NT Broom",
              "bowler": "RJ Sayer",
              "non_striker": "WL Madsen",
              "runs": {
                "batter": 0,
                "extras": 0,
                "total": 0
              }
            },
            {
              "batter": "NT Broom",
              "bowler": "RJ Sayer",
              "non_striker": "WL Madsen",
              "runs": {
                "batter": 4,
                "extras": 0,
                "total": 4
              }
            },
            {
              "batter": "NT Broom",
              "bowler": "RJ Sayer",
              "non_striker": "WL Madsen",
              "runs": {
                "batter": 2,
                "extras": 0,
                "total": 2
              }
            },
            {
              "batter": "NT Broom",
              "bowler": "RJ Sayer",
              "non_striker": "WL Madsen",
              "runs": {
                "batter": 1,
                "extras": 0,
                "total": 1
              }
            },
            {
              "batter": "WL Madsen",
              "bowler": "RJ Sayer",
              "non_striker": "NT Broom",
              "runs": {
                "batter": 1,
                "extras": 0,
                "total": 1
              }
            },
            {
              "batter": "NT Broom",
              "bowler": "RJ Sayer",
              "non_striker": "WL Madsen",
              "runs": {
                "batter": 1,
                "extras": 0,
                "total": 1
              }
            }
          ]
        },
        {
          "over": 12,
          "deliveries": [
            {
              "batter": "NT Broom",
              "bowler": "KJ O'Brien",
              "non_striker": "WL Madsen",
              "runs": {
                "batter": 1,
                "extras": 0,
                "total": 1
              }
            },
            {
              "batter": "WL Madsen",
              "bowler": "KJ O'Brien",
              "non_striker": "NT Broom",
              "runs": {
                "batter": 0,
                "extras": 0,
                "total": 0
              },
              "wickets": [
                {
                  "kind": "caught",
                  "player_out": "WL Madsen",
                  "fielders": [
                    {
                      "name": "MJ Cosgrove"
                    }
                  ]
                }
              ]
            },
            {
              "batter": "JDS Neesham",
              "bowler": "KJ O'Brien",
              "non_striker": "NT Broom",
              "runs": {
                "batter": 0,
                "extras": 0,
                "total": 0
              }
            },
            {
              "batter": "JDS Neesham",
              "bowler": "KJ O'Brien",
              "non_striker": "NT Broom",
              "runs": {
                "batter": 4,
                "extras": 0,
                "total": 4
              }
            },
            {
              "batter": "JDS Neesham",
              "bowler": "KJ O'Brien",
              "non_striker": "NT Broom",
              "runs": {
                "batter": 2,
                "extras": 0,
                "total": 2
              }
            },
            {
              "batter": "JDS Neesham",
              "bowler": "KJ O'Brien",
              "non_striker": "NT Broom",
              "runs": {
                "batter": 4,
                "extras": 0,
                "total": 4
              }
            }
          ]
        },
        {
          "over": 13,
          "deliveries": [
            {
              "batter": "NT Broom",
              "bowler": "F Behardien",
              "non_striker": "JDS Neesham",
              "runs": {
                "batter": 4,
                "extras": 0,
                "total": 4
              }
            },
            {
              "batter": "NT Broom",
              "bowler": "F Behardien",
              "non_striker": "JDS Neesham",
              "runs": {
                "batter": 1,
                "extras": 0,
                "total": 1
              }
            },
            {
              "batter": "JDS Neesham",
              "bowler": "F Behardien",
              "non_striker": "NT Broom",
              "runs": {
                "batter": 1,
                "extras": 0,
                "total": 1
              }
            },
            {
              "batter": "NT Broom",
              "bowler": "F Behardien",
              "non_striker": "JDS Neesham",
              "runs": {
                "batter": 1,
                "extras": 0,
                "total": 1
              }
            },
            {
              "batter": "JDS Neesham",
              "bowler": "F Behardien",
              "non_striker": "NT Broom",
              "runs": {
                "batter": 1,
                "extras": 0,
                "total": 1
              }
            },
            {
              "batter": "NT Broom",
              "bowler": "F Behardien",
              "non_striker": "JDS Neesham",
              "runs": {
                "batter": 0,
                "extras": 0,
                "total": 0
              },
              "wickets": [
                {
                  "kind": "bowled",
                  "player_out": "NT Broom"
                }
              ]
            }
          ]
        },
        {
          "over": 14,
          "deliveries": [
            {
              "batter": "JDS Neesham",
              "bowler": "NJ Dexter",
              "non_striker": "SJ Thakor",
              "runs": {
                "batter": 1,
                "extras": 0,
                "total": 1
              }
            },
            {
              "batter": "SJ Thakor",
              "bowler": "NJ Dexter",
              "non_striker": "JDS Neesham",
              "runs": {
                "batter": 1,
                "extras": 0,
                "total": 1
              }
            },
            {
              "batter": "JDS Neesham",
              "bowler": "NJ Dexter",
              "non_striker": "SJ Thakor",
              "runs": {
                "batter": 1,
                "extras": 0,
                "total": 1
              }
            },
            {
              "batter": "SJ Thakor",
              "bowler": "NJ Dexter",
              "non_striker": "JDS Neesham",
              "runs": {
                "batter": 1,
                "extras": 0,
                "total": 1
              }
            },
            {
              "batter": "JDS Neesham",
              "bowler": "NJ Dexter",
              "non_striker": "SJ Thakor",
              "runs": {
                "batter": 1,
                "extras": 0,
                "total": 1
              }
            },
            {
              "batter": "SJ Thakor",
              "bowler": "NJ Dexter",
              "non_striker": "JDS Neesham",
              "runs": {
                "batter": 1,
                "extras": 0,
                "total": 1
              }
            }
          ]
        },
        {
          "over": 15,
          "deliveries": [
            {
              "batter": "SJ Thakor",
              "bowler": "F Behardien",
              "non_striker": "JDS Neesham",
              "runs": {
                "batter": 0,
                "extras": 0,
                "total": 0
              }
            },
            {
              "batter": "SJ Thakor",
              "bowler": "F Behardien",
              "extras": {
                "wides": 1
              },
              "non_striker": "JDS Neesham",
              "runs": {
                "batter": 0,
                "extras": 1,
                "total": 1
              }
            },
            {
              "batter": "SJ Thakor",
              "bowler": "F Behardien",
              "non_striker": "JDS Neesham",
              "runs": {
                "batter": 0,
                "extras": 0,
                "total": 0
              }
            },
            {
              "batter": "SJ Thakor",
              "bowler": "F Behardien",
              "non_striker": "JDS Neesham",
              "runs": {
                "batter": 0,
                "extras": 0,
                "total": 0
              },
              "wickets": [
                {
                  "kind": "caught",
                  "player_out": "SJ Thakor",
                  "fielders": [
                    {
                      "name": "RJ Sayer"
                    }
                  ]
                }
              ]
            },
            {
              "batter": "JDS Neesham",
              "bowler": "F Behardien",
              "non_striker": "AL Hughes",
              "runs": {
                "batter": 1,
                "extras": 0,
                "total": 1
              }
            },
            {
              "batter": "AL Hughes",
              "bowler": "F Behardien",
              "non_striker": "JDS Neesham",
              "runs": {
                "batter": 1,
                "extras": 0,
                "total": 1
              }
            },
            {
              "batter": "JDS Neesham",
              "bowler": "F Behardien",
              "non_striker": "AL Hughes",
              "runs": {
                "batter": 4,
                "extras": 0,
                "total": 4
              }
            }
          ]
        },
        {
          "over": 16,
          "deliveries": [
            {
              "batter": "AL Hughes",
              "bowler": "NJ Dexter",
              "non_striker": "JDS Neesham",
              "runs": {
                "batter": 1,
                "extras": 0,
                "total": 1
              }
            },
            {
              "batter": "JDS Neesham",
              "bowler": "NJ Dexter",
              "non_striker": "AL Hughes",
              "runs": {
                "batter": 1,
                "extras": 0,
                "total": 1
              }
            },
            {
              "batter": "AL Hughes",
              "bowler": "NJ Dexter",
              "non_striker": "JDS Neesham",
              "runs": {
                "batter": 1,
                "extras": 0,
                "total": 1
              }
            },
            {
              "batter": "JDS Neesham",
              "bowler": "NJ Dexter",
              "non_striker": "AL Hughes",
              "runs": {
                "batter": 2,
                "extras": 0,
                "total": 2
              }
            },
            {
              "batter": "JDS Neesham",
              "bowler": "NJ Dexter",
              "non_striker": "AL Hughes",
              "runs": {
                "batter": 1,
                "extras": 0,
                "total": 1
              }
            },
            {
              "batter": "AL Hughes",
              "bowler": "NJ Dexter",
              "non_striker": "JDS Neesham",
              "runs": {
                "batter": 0,
                "extras": 0,
                "total": 0
              }
            }
          ]
        },
        {
          "over": 17,
          "deliveries": [
            {
              "batter": "JDS Neesham",
              "bowler": "CJ McKay",
              "non_striker": "AL Hughes",
              "runs": {
                "batter": 1,
                "extras": 0,
                "total": 1
              }
            },
            {
              "batter": "AL Hughes",
              "bowler": "CJ McKay",
              "non_striker": "JDS Neesham",
              "runs": {
                "batter": 0,
                "extras": 0,
                "total": 0
              },
              "wickets": [
                {
                  "kind": "bowled",
                  "player_out": "AL Hughes"
                }
              ]
            },
            {
              "batter": "MJJ Critchley",
              "bowler": "CJ McKay",
              "non_striker": "JDS Neesham",
              "runs": {
                "batter": 1,
                "extras": 0,
                "total": 1
              }
            },
            {
              "batter": "JDS Neesham",
              "bowler": "CJ McKay",
              "non_striker": "MJJ Critchley",
              "runs": {
                "batter": 1,
                "extras": 0,
                "total": 1
              }
            },
            {
              "batter": "MJJ Critchley",
              "bowler": "CJ McKay",
              "non_striker": "JDS Neesham",
              "runs": {
                "batter": 2,
                "extras": 0,
                "total": 2
              }
            },
            {
              "batter": "MJJ Critchley",
              "bowler": "CJ McKay",
              "non_striker": "JDS Neesham",
              "runs": {
                "batter": 0,
                "extras": 0,
                "total": 0
              }
            }
          ]
        },
        {
          "over": 18,
          "deliveries": [
            {
              "batter": "JDS Neesham",
              "bowler": "BA Raine",
              "non_striker": "MJJ Critchley",
              "runs": {
                "batter": 4,
                "extras": 0,
                "total": 4
              }
            },
            {
              "batter": "JDS Neesham",
              "bowler": "BA Raine",
              "non_striker": "MJJ Critchley",
              "runs": {
                "batter": 1,
                "extras": 0,
                "total": 1
              }
            },
            {
              "batter": "MJJ Critchley",
              "bowler": "BA Raine",
              "non_striker": "JDS Neesham",
              "runs": {
                "batter": 1,
                "extras": 0,
                "total": 1
              }
            },
            {
              "batter": "JDS Neesham",
              "bowler": "BA Raine",
              "non_striker": "MJJ Critchley",
              "runs": {
                "batter": 4,
                "extras": 0,
                "total": 4
              }
            },
            {
              "batter": "JDS Neesham",
              "bowler": "BA Raine",
              "non_striker": "MJJ Critchley",
              "runs": {
                "batter": 2,
                "extras": 0,
                "total": 2
              }
            },
            {
              "batter": "JDS Neesham",
              "bowler": "BA Raine",
              "non_striker": "MJJ Critchley",
              "runs": {
                "batter": 4,
                "extras": 0,
                "total": 4
              }
            }
          ]
        },
        {
          "over": 19,
          "deliveries": [
            {
              "batter": "MJJ Critchley",
              "bowler": "CJ McKay",
              "non_striker": "JDS Neesham",
              "runs": {
                "batter": 0,
                "extras": 0,
                "total": 0
              },
              "wickets": [
                {
                  "kind": "run out",
                  "player_out": "MJJ Critchley",
                  "fielders": [
                    {
                      "name": "CJ McKay"
                    }
                  ]
                }
              ]
            },
            {
              "batter": "JDS Neesham",
              "bowler": "CJ McKay",
              "non_striker": "TP Milnes",
              "runs": {
                "batter": 4,
                "extras": 0,
                "total": 4
              }
            },
            {
              "batter": "JDS Neesham",
              "bowler": "CJ McKay",
              "non_striker": "TP Milnes",
              "runs": {
                "batter": 0,
                "extras": 0,
                "total": 0
              },
              "wickets": [
                {
                  "kind": "caught",
                  "player_out": "JDS Neesham",
                  "fielders": [
                    {
                      "name": "ML Pettini"
                    }
                  ]
                }
              ]
            },
            {
              "batter": "TP Milnes",
              "bowler": "CJ McKay",
              "non_striker": "HR Hosein",
              "runs": {
                "batter": 0,
                "extras": 0,
                "total": 0
              }
            },
            {
              "batter": "TP Milnes",
              "bowler": "CJ McKay",
              "non_striker": "HR Hosein",
              "runs": {
                "batter": 0,
                "extras": 0,
                "total": 0
              },
              "wickets": [
                {
                  "kind": "bowled",
                  "player_out": "TP Milnes"
                }
              ]
            }
          ]
        }
      ],
      "powerplays": [
        {
          "from": 0.1,
          "to": 5.6,
          "type": "mandatory"
        }
      ]
    },
    {
      "team": "Leicestershire",
      "overs": [
        {
          "over": 0,
          "deliveries": [
            {
              "batter": "ML Pettini",
              "bowler": "SJ Thakor",
              "non_striker": "MJ Cosgrove",
              "runs": {
                "batter": 0,
                "extras": 0,
                "total": 0
              }
            },
            {
              "batter": "ML Pettini",
              "bowler": "SJ Thakor",
              "non_striker": "MJ Cosgrove",
              "runs": {
                "batter": 4,
                "extras": 0,
                "total": 4
              }
            },
            {
              "batter": "ML Pettini",
              "bowler": "SJ Thakor",
              "non_striker": "MJ Cosgrove",
              "runs": {
                "batter": 2,
                "extras": 0,
                "total": 2
              }
            },
            {
              "batter": "ML Pettini",
              "bowler": "SJ Thakor",
              "non_striker": "MJ Cosgrove",
              "runs": {
                "batter": 1,
                "extras": 0,
                "total": 1
              }
            },
            {
              "batter": "MJ Cosgrove",
              "bowler": "SJ Thakor",
              "non_striker": "ML Pettini",
              "runs": {
                "batter": 0,
                "extras": 0,
                "total": 0
              }
            },
            {
              "batter": "MJ Cosgrove",
              "bowler": "SJ Thakor",
              "non_striker": "ML Pettini",
              "runs": {
                "batter": 0,
                "extras": 0,
                "total": 0
              }
            }
          ]
        },
        {
          "over": 1,
          "deliveries": [
            {
              "batter": "ML Pettini",
              "bowler": "JDS Neesham",
              "non_striker": "MJ Cosgrove",
              "runs": {
                "batter": 0,
                "extras": 0,
                "total": 0
              }
            },
            {
              "batter": "ML Pettini",
              "bowler": "JDS Neesham",
              "non_striker": "MJ Cosgrove",
              "runs": {
                "batter": 4,
                "extras": 0,
                "total": 4
              }
            },
            {
              "batter": "ML Pettini",
              "bowler": "JDS Neesham",
              "non_striker": "MJ Cosgrove",
              "runs": {
                "batter": 4,
                "extras": 0,
                "total": 4
              }
            },
            {
              "batter": "ML Pettini",
              "bowler": "JDS Neesham",
              "non_striker": "MJ Cosgrove",
              "runs": {
                "batter": 0,
                "extras": 0,
                "total": 0
              }
            },
            {
              "batter": "ML Pettini",
              "bowler": "JDS Neesham",
              "non_striker": "MJ Cosgrove",
              "runs": {
                "batter": 4,
                "extras": 0,
                "total": 4
              }
            },
            {
              "batter": "ML Pettini",
              "bowler": "JDS Neesham",
              "non_striker": "MJ Cosgrove",
              "runs": {
                "batter": 4,
                "extras": 0,
                "total": 4
              }
            }
          ]
        },
        {
          "over": 2,
          "deliveries": [
            {
              "batter": "MJ Cosgrove",
              "bowler": "TP Milnes",
              "non_striker": "ML Pettini",
              "runs": {
                "batter": 0,
                "extras": 0,
                "total": 0
              }
            },
            {
              "batter": "MJ Cosgrove",
              "bowler": "TP Milnes",
              "non_striker": "ML Pettini",
              "runs": {
                "batter": 4,
                "extras": 0,
                "total": 4
              }
            },
            {
              "batter": "MJ Cosgrove",
              "bowler": "TP Milnes",
              "non_striker": "ML Pettini",
              "runs": {
                "batter": 1,
                "extras": 0,
                "total": 1
              }
            },
            {
              "batter": "ML Pettini",
              "bowler": "TP Milnes",
              "non_striker": "MJ Cosgrove",
              "runs": {
                "batter": 0,
                "extras": 0,
                "total": 0
              }
            },
            {
              "batter": "ML Pettini",
              "bowler": "TP Milnes",
              "non_striker": "MJ Cosgrove",
              "runs": {
                "batter": 0,
                "extras": 0,
                "total": 0
              }
            },
            {
              "batter": "ML Pettini",
              "bowler": "TP Milnes",
              "non_striker": "MJ Cosgrove",
              "runs": {
                "batter": 2,
                "extras": 0,
                "total": 2
              }
            }
          ]
        },
        {
          "over": 3,
          "deliveries": [
            {
              "batter": "MJ Cosgrove",
              "bowler": "SJ Thakor",
              "non_striker": "ML Pettini",
              "runs": {
                "batter": 1,
                "extras": 0,
                "total": 1
              }
            },
            {
              "batter": "ML Pettini",
              "bowler": "SJ Thakor",
              "non_striker": "MJ Cosgrove",
              "runs": {
                "batter": 0,
                "extras": 0,
                "total": 0
              }
            },
            {
              "batter": "ML Pettini",
              "bowler": "SJ Thakor",
              "non_striker": "MJ Cosgrove",
              "runs": {
                "batter": 2,
                "extras": 0,
                "total": 2
              }
            },
            {
              "batter": "ML Pettini",
              "bowler": "SJ Thakor",
              "non_striker": "MJ Cosgrove",
              "runs": {
                "batter": 0,
                "extras": 0,
                "total": 0
              }
            },
            {
              "batter": "ML Pettini",
              "bowler": "SJ Thakor",
              "non_striker": "MJ Cosgrove",
              "runs": {
                "batter": 0,
                "extras": 0,
                "total": 0
              }
            },
            {
              "batter": "ML Pettini",
              "bowler": "SJ Thakor",
              "non_striker": "MJ Cosgrove",
              "runs": {
                "batter": 0,
                "extras": 0,
                "total": 0
              }
            }
          ]
        },
        {
          "over": 4,
          "deliveries": [
            {
              "batter": "MJ Cosgrove",
              "bowler": "JDS Neesham",
              "non_striker": "ML Pettini",
              "runs": {
                "batter": 1,
                "extras": 0,
                "total": 1
              }
            },
            {
              "batter": "ML Pettini",
              "bowler": "JDS Neesham",
              "non_striker": "MJ Cosgrove",
              "runs": {
                "batter": 0,
                "extras": 0,
                "total": 0
              }
            },
            {
              "batter": "ML Pettini",
              "bowler": "JDS Neesham",
              "non_striker": "MJ Cosgrove",
              "runs": {
                "batter": 4,
                "extras": 0,
                "total": 4
              }
            },
            {
              "batter": "ML Pettini",
              "bowler": "JDS Neesham",
              "non_striker": "MJ Cosgrove",
              "runs": {
                "batter": 0,
                "extras": 0,
                "total": 0
              }
            },
            {
              "batter": "ML Pettini",
              "bowler": "JDS Neesham",
              "non_striker": "MJ Cosgrove",
              "runs": {
                "batter": 4,
                "extras": 0,
                "total": 4
              }
            },
            {
              "batter": "ML Pettini",
              "bowler": "JDS Neesham",
              "non_striker": "MJ Cosgrove",
              "runs": {
                "batter": 4,
                "extras": 0,
                "total": 4
              }
            }
          ]
        },
        {
          "over": 5,
          "deliveries": [
            {
              "batter": "MJ Cosgrove",
              "bowler": "TP Milnes",
              "non_striker": "ML Pettini",
              "runs": {
                "batter": 0,
                "extras": 0,
                "total": 0
              }
            },
            {
              "batter": "MJ Cosgrove",
              "bowler": "TP Milnes",
              "non_striker": "ML Pettini",
              "runs": {
                "batter": 2,
                "extras": 0,
                "total": 2
              }
            },
            {
              "batter": "MJ Cosgrove",
              "bowler": "TP Milnes",
              "non_striker": "ML Pettini",
              "runs": {
                "batter": 0,
                "extras": 0,
                "total": 0
              }
            },
            {
              "batter": "MJ Cosgrove",
              "bowler": "TP Milnes",
              "non_striker": "ML Pettini",
              "runs": {
                "batter": 1,
                "extras": 0,
                "total": 1
              }
            },
            {
              "batter": "ML Pettini",
              "bowler": "TP Milnes",
              "extras": {
                "wides": 1
              },
              "non_striker": "MJ Cosgrove",
              "runs": {
                "batter": 0,
                "extras": 1,
                "total": 1
              }
            },
            {
              "batter": "ML Pettini",
              "bowler": "TP Milnes",
              "non_striker": "MJ Cosgrove",
              "runs": {
                "batter": 1,
                "extras": 0,
                "total": 1
              }
            },
            {
              "batter": "MJ Cosgrove",
              "bowler": "TP Milnes",
              "non_striker": "ML Pettini",
              "runs": {
                "batter": 6,
                "extras": 0,
                "total": 6
              }
            }
          ]
        },
        {
          "over": 6,
          "deliveries": [
            {
              "batter": "ML Pettini",
              "bowler": "AL Hughes",
              "non_striker": "MJ Cosgrove",
              "runs": {
                "batter": 1,
                "extras": 0,
                "total": 1
              }
            },
            {
              "batter": "MJ Cosgrove",
              "bowler": "AL Hughes",
              "non_striker": "ML Pettini",
              "runs": {
                "batter": 0,
                "extras": 0,
                "total": 0
              }
            },
            {
              "batter": "MJ Cosgrove",
              "bowler": "AL Hughes",
              "non_striker": "ML Pettini",
              "runs": {
                "batter": 2,
                "extras": 0,
                "total": 2
              }
            },
            {
              "batter": "MJ Cosgrove",
              "bowler": "AL Hughes",
              "non_striker": "ML Pettini",
              "runs": {
                "batter": 1,
                "extras": 0,
                "total": 1
              }
            },
            {
              "batter": "ML Pettini",
              "bowler": "AL Hughes",
              "non_striker": "MJ Cosgrove",
              "runs": {
                "batter": 1,
                "extras": 0,
                "total": 1
              }
            },
            {
              "batter": "MJ Cosgrove",
              "bowler": "AL Hughes",
              "non_striker": "ML Pettini",
              "runs": {
                "batter": 6,
                "extras": 0,
                "total": 6
              }
            }
          ]
        },
        {
          "over": 7,
          "deliveries": [
            {
              "batter": "ML Pettini",
              "bowler": "MJJ Critchley",
              "extras": {
                "wides": 2
              },
              "non_striker": "MJ Cosgrove",
              "runs": {
                "batter": 0,
                "extras": 2,
                "total": 2
              }
            },
            {
              "batter": "MJ Cosgrove",
              "bowler": "MJJ Critchley",
              "non_striker": "ML Pettini",
              "runs": {
                "batter": 4,
                "extras": 0,
                "total": 4
              }
            },
            {
              "batter": "MJ Cosgrove",
              "bowler": "MJJ Critchley",
              "non_striker": "ML Pettini",
              "runs": {
                "batter": 1,
                "extras": 0,
                "total": 1
              }
            },
            {
              "batter": "ML Pettini",
              "bowler": "MJJ Critchley",
              "non_striker": "MJ Cosgrove",
              "runs": {
                "batter": 0,
                "extras": 0,
                "total": 0
              }
            },
            {
              "batter": "ML Pettini",
              "bowler": "MJJ Critchley",
              "non_striker": "MJ Cosgrove",
              "runs": {
                "batter": 1,
                "extras": 0,
                "total": 1
              }
            },
            {
              "batter": "MJ Cosgrove",
              "bowler": "MJJ Critchley",
              "non_striker": "ML Pettini",
              "runs": {
                "batter": 1,
                "extras": 0,
                "total": 1
              }
            },
            {
              "batter": "ML Pettini",
              "bowler": "MJJ Critchley",
              "non_striker": "MJ Cosgrove",
              "runs": {
                "batter": 4,
                "extras": 0,
                "total": 4
              }
            }
          ]
        },
        {
          "over": 8,
          "deliveries": [
            {
              "batter": "MJ Cosgrove",
              "bowler": "AL Hughes",
              "non_striker": "ML Pettini",
              "runs": {
                "batter": 1,
                "extras": 0,
                "total": 1
              }
            },
            {
              "batter": "ML Pettini",
              "bowler": "AL Hughes",
              "non_striker": "MJ Cosgrove",
              "runs": {
                "batter": 1,
                "extras": 0,
                "total": 1
              }
            },
            {
              "batter": "MJ Cosgrove",
              "bowler": "AL Hughes",
              "non_striker": "ML Pettini",
              "runs": {
                "batter": 1,
                "extras": 0,
                "total": 1
              }
            },
            {
              "batter": "ML Pettini",
              "bowler": "AL Hughes",
              "non_striker": "MJ Cosgrove",
              "runs": {
                "batter": 1,
                "extras": 0,
                "total": 1
              }
            },
            {
              "batter": "MJ Cosgrove",
              "bowler": "AL Hughes",
              "non_striker": "ML Pettini",
              "runs": {
                "batter": 4,
                "extras": 0,
                "total": 4
              }
            },
            {
              "batter": "MJ Cosgrove",
              "bowler": "AL Hughes",
              "non_striker": "ML Pettini",
              "runs": {
                "batter": 2,
                "extras": 0,
                "total": 2
              }
            }
          ]
        },
        {
          "over": 9,
          "deliveries": [
            {
              "batter": "ML Pettini",
              "bowler": "WJ Durston",
              "non_striker": "MJ Cosgrove",
              "runs": {
                "batter": 1,
                "extras": 0,
                "total": 1
              }
            },
            {
              "batter": "MJ Cosgrove",
              "bowler": "WJ Durston",
              "non_striker": "ML Pettini",
              "runs": {
                "batter": 6,
                "extras": 0,
                "total": 6
              }
            },
            {
              "batter": "MJ Cosgrove",
              "bowler": "WJ Durston",
              "non_striker": "ML Pettini",
              "runs": {
                "batter": 1,
                "extras": 0,
                "total": 1
              }
            },
            {
              "batter": "ML Pettini",
              "bowler": "WJ Durston",
              "non_striker": "MJ Cosgrove",
              "runs": {
                "batter": 1,
                "extras": 0,
                "total": 1
              }
            },
            {
              "batter": "MJ Cosgrove",
              "bowler": "WJ Durston",
              "non_striker": "ML Pettini",
              "runs": {
                "batter": 6,
                "extras": 0,
                "total": 6
              }
            },
            {
              "batter": "MJ Cosgrove",
              "bowler": "WJ Durston",
              "non_striker": "ML Pettini",
              "runs": {
                "batter": 0,
                "extras": 0,
                "total": 0
              },
              "wickets": [
                {
                  "kind": "caught and bowled",
                  "player_out": "MJ Cosgrove"
                }
              ]
            }
          ]
        },
        {
          "over": 10,
          "deliveries": [
            {
              "batter": "ML Pettini",
              "bowler": "TP Milnes",
              "non_striker": "CS Delport",
              "runs": {
                "batter": 4,
                "extras": 0,
                "total": 4
              }
            },
            {
              "batter": "ML Pettini",
              "bowler": "TP Milnes",
              "non_striker": "CS Delport",
              "runs": {
                "batter": 1,
                "extras": 0,
                "total": 1
              }
            },
            {
              "batter": "CS Delport",
              "bowler": "TP Milnes",
              "non_striker": "ML Pettini",
              "runs": {
                "batter": 1,
                "extras": 0,
                "total": 1
              }
            },
            {
              "batter": "ML Pettini",
              "bowler": "TP Milnes",
              "non_striker": "CS Delport",
              "runs": {
                "batter": 1,
                "extras": 0,
                "total": 1
              }
            },
            {
              "batter": "CS Delport",
              "bowler": "TP Milnes",
              "non_striker": "ML Pettini",
              "runs": {
                "batter": 4,
                "extras": 0,
                "total": 4
              }
            },
            {
              "batter": "CS Delport",
              "bowler": "TP Milnes",
              "non_striker": "ML Pettini",
              "runs": {
                "batter": 1,
                "extras": 0,
                "total": 1
              }
            }
          ]
        },
        {
          "over": 11,
          "deliveries": [
            {
              "batter": "CS Delport",
              "bowler": "MJJ Critchley",
              "non_striker": "ML Pettini",
              "runs": {
                "batter": 0,
                "extras": 0,
                "total": 0
              }
            },
            {
              "batter": "CS Delport",
              "bowler": "MJJ Critchley",
              "non_striker": "ML Pettini",
              "runs": {
                "batter": 1,
                "extras": 0,
                "total": 1
              }
            },
            {
              "batter": "ML Pettini",
              "bowler": "MJJ Critchley",
              "non_striker": "CS Delport",
              "runs": {
                "batter": 1,
                "extras": 0,
                "total": 1
              }
            },
            {
              "batter": "CS Delport",
              "bowler": "MJJ Critchley",
              "non_striker": "ML Pettini",
              "runs": {
                "batter": 1,
                "extras": 0,
                "total": 1
              }
            },
            {
              "batter": "ML Pettini",
              "bowler": "MJJ Critchley",
              "non_striker": "CS Delport",
              "runs": {
                "batter": 1,
                "extras": 0,
                "total": 1
              }
            },
            {
              "batter": "CS Delport",
              "bowler": "MJJ Critchley",
              "non_striker": "ML Pettini",
              "runs": {
                "batter": 0,
                "extras": 0,
                "total": 0
              }
            }
          ]
        },
        {
          "over": 12,
          "deliveries": [
            {
              "batter": "ML Pettini",
              "bowler": "AL Hughes",
              "non_striker": "CS Delport",
              "runs": {
                "batter": 1,
                "extras": 0,
                "total": 1
              }
            },
            {
              "batter": "CS Delport",
              "bowler": "AL Hughes",
              "non_striker": "ML Pettini",
              "runs": {
                "batter": 4,
                "extras": 0,
                "total": 4
              }
            },
            {
              "batter": "CS Delport",
              "bowler": "AL Hughes",
              "non_striker": "ML Pettini",
              "runs": {
                "batter": 1,
                "extras": 0,
                "total": 1
              }
            },
            {
              "batter": "ML Pettini",
              "bowler": "AL Hughes",
              "non_striker": "CS Delport",
              "runs": {
                "batter": 0,
                "extras": 0,
                "total": 0
              }
            },
            {
              "batter": "ML Pettini",
              "bowler": "AL Hughes",
              "non_striker": "CS Delport",
              "runs": {
                "batter": 0,
                "extras": 0,
                "total": 0
              }
            },
            {
              "batter": "ML Pettini",
              "bowler": "AL Hughes",
              "non_striker": "CS Delport",
              "runs": {
                "batter": 0,
                "extras": 0,
                "total": 0
              }
            }
          ]
        },
        {
          "over": 13,
          "deliveries": [
            {
              "batter": "CS Delport",
              "bowler": "WJ Durston",
              "non_striker": "ML Pettini",
              "runs": {
                "batter": 1,
                "extras": 0,
                "total": 1
              }
            },
            {
              "batter": "ML Pettini",
              "bowler": "WJ Durston",
              "non_striker": "CS Delport",
              "runs": {
                "batter": 1,
                "extras": 0,
                "total": 1
              }
            },
            {
              "batter": "CS Delport",
              "bowler": "WJ Durston",
              "non_striker": "ML Pettini",
              "runs": {
                "batter": 1,
                "extras": 0,
                "total": 1
              }
            },
            {
              "batter": "ML Pettini",
              "bowler": "WJ Durston",
              "non_striker": "CS Delport",
              "runs": {
                "batter": 2,
                "extras": 0,
                "total": 2
              }
            },
            {
              "batter": "ML Pettini",
              "bowler": "WJ Durston",
              "non_striker": "CS Delport",
              "runs": {
                "batter": 1,
                "extras": 0,
                "total": 1
              }
            },
            {
              "batter": "CS Delport",
              "bowler": "WJ Durston",
              "non_striker": "ML Pettini",
              "runs": {
                "batter": 1,
                "extras": 0,
                "total": 1
              }
            }
          ]
        },
        {
          "over": 14,
          "deliveries": [
            {
              "batter": "CS Delport",
              "bowler": "AL Hughes",
              "non_striker": "ML Pettini",
              "runs": {
                "batter": 0,
                "extras": 0,
                "total": 0
              }
            },
            {
              "batter": "CS Delport",
              "bowler": "AL Hughes",
              "non_striker": "ML Pettini",
              "runs": {
                "batter": 6,
                "extras": 0,
                "total": 6
              }
            },
            {
              "batter": "CS Delport",
              "bowler": "AL Hughes",
              "non_striker": "ML Pettini",
              "runs": {
                "batter": 0,
                "extras": 0,
                "total": 0
              }
            },
            {
              "batter": "CS Delport",
              "bowler": "AL Hughes",
              "non_striker": "ML Pettini",
              "runs": {
                "batter": 4,
                "extras": 0,
                "total": 4
              }
            },
            {
              "batter": "CS Delport",
              "bowler": "AL Hughes",
              "non_striker": "ML Pettini",
              "runs": {
                "batter": 1,
                "extras": 0,
                "total": 1
              }
            },
            {
              "batter": "ML Pettini",
              "bowler": "AL Hughes",
              "non_striker": "CS Delport",
              "runs": {
                "batter": 4,
                "extras": 0,
                "total": 4
              }
            }
          ]
        },
        {
          "over": 15,
          "deliveries": [
            {
              "batter": "CS Delport",
              "bowler": "MJJ Critchley",
              "non_striker": "ML Pettini",
              "runs": {
                "batter": 4,
                "extras": 0,
                "total": 4
              }
            },
            {
              "batter": "CS Delport",
              "bowler": "MJJ Critchley",
              "non_striker": "ML Pettini",
              "runs": {
                "batter": 1,
                "extras": 0,
                "total": 1
              }
            },
            {
              "batter": "ML Pettini",
              "bowler": "MJJ Critchley",
              "non_striker": "CS Delport",
              "runs": {
                "batter": 2,
                "extras": 0,
                "total": 2
              }
            },
            {
              "batter": "ML Pettini",
              "bowler": "MJJ Critchley",
              "non_striker": "CS Delport",
              "runs": {
                "batter": 1,
                "extras": 0,
                "total": 1
              }
            },
            {
              "batter": "CS Delport",
              "bowler": "MJJ Critchley",
              "non_striker": "ML Pettini",
              "runs": {
                "batter": 6,
                "extras": 0,
                "total": 6
              }
            }
          ]
        }
      ],
      "powerplays": [
        {
          "from": 0.1,
          "to": 5.7,
          "type": "mandatory"
        }
      ],
      "target": {
        "overs": 20,
        "runs": 159
      }
    }
  ]
}