{
  "meta": {
    "data_version": "1.0.0",
    "created": "2017-05-02",
    "revision": 1
  },
  "info": {
    "balls_per_over": 6,
    "city": "Derby",
    "dates": [
      "2016-07-13"
    ],
    "event": {
      "group": "North",
      "name": "NatWest T20 Blast"
    },
    "gender": "male",
    "match_type": "T20",
    "officials": {
      "tv_umpires": [
        "PJ Hartley"
      ],
      "umpires": [
        "NGC Cowley",
        "JW Lloyds"
      ]
    },
    "outcome": {
      "by": {
        "wickets": 6
      },
      "winner": "Derbyshire"
    },
    "overs": 20,
    "player_of_match": [
      "JDS Neesham"
    ],
    "players": {
      "Derbyshire": [
        "HD Rutherford",
        "WJ Durston",
        "CF Hughes",
        "JDS Neesham",
        "NT Broom",
        "WL Madsen",
        "SJ Thakor",
        "AL Hughes",
        "MJJ Critchley",
        "HR Hosein",
        "A Carter"
      ],
      "Lancashire": [
        "AN Petersen",
        "LM Reece",
        "KR Brown",
        "LS Livingstone",
        "SJ Croft",
        "J Clark",
        "LA Procter",
        "TJ Moores",
        "SD Parry",
        "NL Buck",
        "GA Edwards"
      ]
    },
    "registry": {
      "people": {
        "A Carter": "6fe2c1c0",
        "AL Hughes": "1066a976",
        "AN Petersen": "e01aafc1",
        "CF Hughes": "7f3f108f",
        "GA Edwards": "45966141",
        "HD Rutherford": "0605de92",
        "HR Hosein": "ae01eb1e",
        "J Clark": "c672e80e",
        "JDS Neesham": "9219eff0",
        "JW Lloyds": "112b8472",
        "KR Brown": "818c9e0d",
        "LA Procter": "07c8a2f4",
        "LM Reece": "9789e56e",
        "LS Livingstone": "50c6bc2b",
        "MJJ Critchley": "c5cc48bc",
        "NGC Cowley": "4dea0f15",
        "NL Buck": "5239d782",
        "NT Broom": "a354c917",
        "PJ Hartley": "17c7ff26",
        "SD Parry": "fdb8ed0d",
        "SJ Croft": "ab474682",
        "SJ Thakor": "f6c84b9f",
        "TJ Moores": "85dcb721",
        "WJ Durston": "3c77ca9d",
        "WL Madsen": "86e0f3f0"
      }
    },
    "season": 2016,
    "team_type": "club",
    "teams": [
      "Derbyshire",
      "Lancashire"
    ],
    "toss": {
      "decision": "field",
      "winner": "Derbyshire"
    },
    "venue": "County Ground"
  },
  "innings": [
    {
      "team": "Lancashire",
      "overs": [
        {
          "over": 0,
          "deliveries": [
            {
              "batter": "AN Petersen",
              "bowler": "WJ Durston",
              "non_striker": "LM Reece",
              "runs": {
                "batter": 1,
                "extras": 0,
                "total": 1
              }
            },
            {
              "batter": "LM Reece",
              "bowler": "WJ Durston",
              "non_striker": "AN Petersen",
              "runs": {
                "batter": 0,
                "extras": 0,
                "total": 0
              }
            },
            {
              "batter": "LM Reece",
              "bowler": "WJ Durston",
              "non_striker": "AN Petersen",
              "runs": {
                "batter": 0,
                "extras": 0,
                "total": 0
              }
            },
            {
              "batter": "LM Reece",
              "bowler": "WJ Durston",
              "non_striker": "AN Petersen",
              "runs": {
                "batter": 0,
                "extras": 0,
                "total": 0
              }
            },
            {
              "batter": "LM Reece",
              "bowler": "WJ Durston",
              "non_striker": "AN Petersen",
              "runs": {
                "batter": 1,
                "extras": 0,
                "total": 1
              }
            },
            {
              "batter": "AN Petersen",
              "bowler": "WJ Durston",
              "non_striker": "LM Reece",
              "runs": {
                "batter": 1,
                "extras": 0,
                "total": 1
              }
            }
          ]
        },
        {
          "over": 1,
          "deliveries": [
            {
              "batter": "AN Petersen",
              "bowler": "A Carter",
              "non_striker": "LM Reece",
              "runs": {
                "batter": 1,
                "extras": 0,
                "total": 1
              }
            },
            {
              "batter": "LM Reece",
              "bowler": "A Carter",
              "non_striker": "AN Petersen",
              "runs": {
                "batter": 4,
                "extras": 0,
                "total": 4
              }
            },
            {
              "batter": "LM Reece",
              "bowler": "A Carter",
              "extras": {
                "wides": 1
              },
              "non_striker": "AN Petersen",
              "runs": {
                "batter": 0,
                "extras": 1,
                "total": 1
              }
            },
            {
              "batter": "LM Reece",
              "bowler": "A Carter",
              "non_striker": "AN Petersen",
              "runs": {
                "batter": 4,
                "extras": 0,
                "total": 4
              }
            },
            {
              "batter": "LM Reece",
              "bowler": "A Carter",
              "non_striker": "AN Petersen",
              "runs": {
                "batter": 0,
                "extras": 0,
                "total": 0
              }
            },
            {
              "batter": "LM Reece",
              "bowler": "A Carter",
              "non_striker": "AN Petersen",
              "runs": {
                "batter": 0,
                "extras": 0,
                "total": 0
              }
            },
            {
              "batter": "LM Reece",
              "bowler": "A Carter",
              "non_striker": "AN Petersen",
              "runs": {
                "batter": 4,
                "extras": 0,
                "total": 4
              }
            }
          ]
        },
        {
          "over": 2,
          "deliveries": [
            {
              "batter": "AN Petersen",
              "bowler": "WL Madsen",
              "non_striker": "LM Reece",
              "runs": {
                "batter": 1,
                "extras": 0,
                "total": 1
              }
            },
            {
              "batter": "LM Reece",
              "bowler": "WL Madsen",
              "non_striker": "AN Petersen",
              "runs": {
                "batter": 2,
                "extras": 0,
                "total": 2
              }
            },
            {
              "batter": "LM Reece",
              "bowler": "WL Madsen",
              "non_striker": "AN Petersen",
              "runs": {
                "batter": 0,
                "extras": 0,
                "total": 0
              }
            },
            {
              "batter": "LM Reece",
              "bowler": "WL Madsen",
              "non_striker": "AN Petersen",
              "runs": {
                "batter": 1,
                "extras": 0,
                "total": 1
              }
            },
            {
              "batter": "AN Petersen",
              "bowler": "WL Madsen",
              "non_striker": "LM Reece",
              "runs": {
                "batter": 2,
                "extras": 0,
                "total": 2
              }
            },
            {
              "batter": "AN Petersen",
              "bowler": "WL Madsen",
              "non_striker": "LM Reece",
              "runs": {
                "batter": 6,
                "extras": 0,
                "total": 6
              }
            }
          ]
        },
        {
          "over": 3,
          "deliveries": [
            {
              "batter": "LM Reece",
              "bowler": "JDS Neesham",
              "non_striker": "AN Petersen",
              "runs": {
                "batter": 1,
                "extras": 0,
                "total": 1
              }
            },
            {
              "batter": "AN Petersen",
              "bowler": "JDS Neesham",
              "non_striker": "LM Reece",
              "runs": {
                "batter": 0,
                "extras": 0,
                "total": 0
              }
            },
            {
              "batter": "AN Petersen",
              "bowler": "JDS Neesham",
              "non_striker": "LM Reece",
              "runs": {
                "batter": 0,
                "extras": 0,
                "total": 0
              }
            },
            {
              "batter": "AN Petersen",
              "bowler": "JDS Neesham",
              "non_striker": "LM Reece",
              "runs": {
                "batter": 6,
                "extras": 0,
                "total": 6
              }
            },
            {
              "batter": "AN Petersen",
              "bowler": "JDS Neesham",
              "non_striker": "LM Reece",
              "runs": {
                "batter": 1,
                "extras": 0,
                "total": 1
              }
            },
            {
              "batter": "LM Reece",
              "bowler": "JDS Neesham",
              "non_striker": "AN Petersen",
              "runs": {
                "batter": 4,
                "extras": 0,
                "total": 4
              }
            }
          ]
        },
        {
          "over": 4,
          "deliveries": [
            {
              "batter": "AN Petersen",
              "bowler": "SJ Thakor",
              "non_striker": "LM Reece",
              "runs": {
                "batter": 0,
                "extras": 0,
                "total": 0
              }
            },
            {
              "batter": "AN Petersen",
              "bowler": "SJ Thakor",
              "non_striker": "LM Reece",
              "runs": {
                "batter": 2,
                "extras": 0,
                "total": 2
              }
            },
            {
              "batter": "AN Petersen",
              "bowler": "SJ Thakor",
              "non_striker": "LM Reece",
              "runs": {
                "batter": 2,
                "extras": 0,
                "total": 2
              }
            },
            {
              "batter": "AN Petersen",
              "bowler": "SJ Thakor",
              "non_striker": "LM Reece",
              "runs": {
                "batter": 4,
                "extras": 0,
                "total": 4
              }
            },
            {
              "batter": "AN Petersen",
              "bowler": "SJ Thakor",
              "non_striker": "LM Reece",
              "runs": {
                "batter": 1,
                "extras": 0,
                "total": 1
              }
            },
            {
              "batter": "LM Reece",
              "bowler": "SJ Thakor",
              "non_striker": "AN Petersen",
              "runs": {
                "batter": 1,
                "extras": 0,
                "total": 1
              }
            }
          ]
        },
        {
          "over": 5,
          "deliveries": [
            {
              "batter": "LM Reece",
              "bowler": "A Carter",
              "non_striker": "AN Petersen",
              "runs": {
                "batter": 0,
                "extras": 0,
                "total": 0
              }
            },
            {
              "batter": "LM Reece",
              "bowler": "A Carter",
              "non_striker": "AN Petersen",
              "runs": {
                "batter": 6,
                "extras": 0,
                "total": 6
              }
            },
            {
              "batter": "LM Reece",
              "bowler": "A Carter",
              "non_striker": "AN Petersen",
              "runs": {
                "batter": 0,
                "extras": 0,
                "total": 0
              }
            },
            {
              "batter": "LM Reece",
              "bowler": "A Carter",
              "non_striker": "AN Petersen",
              "runs": {
                "batter": 1,
                "extras": 0,
                "total": 1
              }
            },
            {
              "batter": "AN Petersen",
              "bowler": "A Carter",
              "non_striker": "LM Reece",
              "runs": {
                "batter": 4,
                "extras": 0,
                "total": 4
              }
            },
            {
              "batter": "AN Petersen",
              "bowler": "A Carter",
              "non_striker": "LM Reece",
              "runs": {
                "batter": 1,
                "extras": 0,
                "total": 1
              }
            }
          ]
        },
        {
          "over": 6,
          "deliveries": [
            {
              "batter": "AN Petersen",
              "bowler": "MJJ Critchley",
              "non_striker": "LM Reece",
              "runs": {
                "batter": 1,
                "extras": 0,
                "total": 1
              }
            },
            {
              "batter": "LM Reece",
              "bowler": "MJJ Critchley",
              "non_striker": "AN Petersen",
              "runs": {
                "batter": 1,
                "extras": 0,
                "total": 1
              }
            },
            {
              "batter": "AN Petersen",
              "bowler": "MJJ Critchley",
              "non_striker": "LM Reece",
              "runs": {
                "batter": 1,
                "extras": 0,
                "total": 1
              }
            },
            {
              "batter": "LM Reece",
              "bowler": "MJJ Critchley",
              "non_striker": "AN Petersen",
              "runs": {
                "batter": 2,
                "extras": 0,
                "total": 2
              }
            },
            {
              "batter": "LM Reece",
              "bowler": "MJJ Critchley",
              "non_striker": "AN Petersen",
              "runs": {
                "batter": 0,
                "extras": 0,
                "total": 0
              },
              "wickets": [
                {
                  "kind": "lbw",
                  "player_out": "LM Reece"
                }
              ]
            },
            {
              "batter": "KR Brown",
              "bowler": "MJJ Critchley",
              "non_striker": "AN Petersen",
              "runs": {
                "batter": 0,
                "extras": 0,
                "total": 0
              }
            }
          ]
        },
        {
          "over": 7,
          "deliveries": [
            {
              "batter": "AN Petersen",
              "bowler": "AL Hughes",
              "non_striker": "KR Brown",
              "runs": {
                "batter": 1,
                "extras": 0,
                "total": 1
              }
            },
            {
              "batter": "KR Brown",
              "bowler": "AL Hughes",
              "non_striker": "AN Petersen",
              "runs": {
                "batter": 0,
                "extras": 0,
                "total": 0
              }
            },
            {
              "batter": "KR Brown",
              "bowler": "AL Hughes",
              "non_striker": "AN Petersen",
              "runs": {
                "batter": 0,
                "extras": 0,
                "total": 0
              }
            },
            {
              "batter": "KR Brown",
              "bowler": "AL Hughes",
              "non_striker": "AN Petersen",
              "runs": {
                "batter": 2,
                "extras": 0,
                "total": 2
              }
            },
            {
              "batter": "KR Brown",
              "bowler": "AL Hughes",
              "non_striker": "AN Petersen",
              "runs": {
                "batter": 1,
                "extras": 0,
                "total": 1
              }
            },
            {
              "batter": "AN Petersen",
              "bowler": "AL Hughes",
              "non_striker": "KR Brown",
              "runs": {
                "batter": 1,
                "extras": 0,
                "total": 1
              }
            }
          ]
        },
        {
          "over": 8,
          "deliveries": [
            {
              "batter": "AN Petersen",
              "bowler": "MJJ Critchley",
              "non_striker": "KR Brown",
              "runs": {
                "batter": 1,
                "extras": 0,
                "total": 1
              }
            },
            {
              "batter": "KR Brown",
              "bowler": "MJJ Critchley",
              "non_striker": "AN Petersen",
              "runs": {
                "batter": 0,
                "extras": 0,
                "total": 0
              }
            },
            {
              "batter": "KR Brown",
              "bowler": "MJJ Critchley",
              "non_striker": "AN Petersen",
              "runs": {
                "batter": 1,
                "extras": 0,
                "total": 1
              }
            },
            {
              "batter": "AN Petersen",
              "bowler": "MJJ Critchley",
              "non_striker": "KR Brown",
              "runs": {
                "batter": 1,
                "extras": 0,
                "total": 1
              }
            },
            {
              "batter": "KR Brown",
              "bowler": "MJJ Critchley",
              "non_striker": "AN Petersen",
              "runs": {
                "batter": 0,
                "extras": 0,
                "total": 0
              },
              "wickets": [
                {
                  "kind": "lbw",
                  "player_out": "KR Brown"
                }
              ]
            },
            {
              "batter": "LS Livingstone",
              "bowler": "MJJ Critchley",
              "non_striker": "AN Petersen",
              "runs": {
                "batter": 1,
                "extras": 0,
                "total": 1
              }
            }
          ]
        },
        {
          "over": 9,
          "deliveries": [
            {
              "batter": "LS Livingstone",
              "bowler": "AL Hughes",
              "non_striker": "AN Petersen",
              "runs": {
                "batter": 0,
                "extras": 0,
                "total": 0
              }
            },
            {
              "batter": "LS Livingstone",
              "bowler": "AL Hughes",
              "non_striker": "AN Petersen",
              "runs": {
                "batter": 1,
                "extras": 0,
                "total": 1
              }
            },
            {
              "batter": "AN Petersen",
              "bowler": "AL Hughes",
              "non_striker": "LS Livingstone",
              "runs": {
                "batter": 1,
                "extras": 0,
                "total": 1
              }
            },
            {
              "batter": "LS Livingstone",
              "bowler": "AL Hughes",
              "non_striker": "AN Petersen",
              "runs": {
                "batter": 1,
                "extras": 0,
                "total": 1
              }
            },
            {
              "batter": "AN Petersen",
              "bowler": "AL Hughes",
              "non_striker": "LS Livingstone",
              "runs": {
                "batter": 1,
                "extras": 0,
                "total": 1
              }
            },
            {
              "batter": "LS Livingstone",
              "bowler": "AL Hughes",
              "non_striker": "AN Petersen",
              "runs": {
                "batter": 1,
                "extras": 0,
                "total": 1
              }
            }
          ]
        },
        {
          "over": 10,
          "deliveries": [
            {
              "batter": "LS Livingstone",
              "bowler": "MJJ Critchley",
              "non_striker": "AN Petersen",
              "runs": {
                "batter": 1,
                "extras": 0,
                "total": 1
              }
            },
            {
              "batter": "AN Petersen",
              "bowler": "MJJ Critchley",
              "non_striker": "LS Livingstone",
              "runs": {
                "batter": 0,
                "extras": 0,
                "total": 0
              }
            },
            {
              "batter": "AN Petersen",
              "bowler": "MJJ Critchley",
              "non_striker": "LS Livingstone",
              "runs": {
                "batter": 2,
                "extras": 0,
                "total": 2
              }
            },
            {
              "batter": "AN Petersen",
              "bowler": "MJJ Critchley",
              "non_striker": "LS Livingstone",
              "runs": {
                "batter": 6,
                "extras": 0,
                "total": 6
              }
            },
            {
              "batter": "AN Petersen",
              "bowler": "MJJ Critchley",
              "non_striker": "LS Livingstone",
              "runs": {
                "batter": 0,
                "extras": 0,
                "total": 0
              }
            },
            {
              "batter": "AN Petersen",
              "bowler": "MJJ Critchley",
              "non_striker": "LS Livingstone",
              "runs": {
                "batter": 2,
                "extras": 0,
                "total": 2
              }
            }
          ]
        },
        {
          "over": 11,
          "deliveries": [
            {
              "batter": "LS Livingstone",
              "bowler": "AL Hughes",
              "non_striker": "AN Petersen",
              "runs": {
                "batter": 4,
                "extras": 0,
                "total": 4
              }
            },
            {
              "batter": "LS Livingstone",
              "bowler": "AL Hughes",
              "non_striker": "AN Petersen",
              "runs": {
                "batter": 0,
                "extras": 0,
                "total": 0
              }
            },
            {
              "batter": "LS Livingstone",
              "bowler": "AL Hughes",
              "non_striker": "AN Petersen",
              "runs": {
                "batter": 1,
                "extras": 0,
                "total": 1
              }
            },
            {
              "batter": "AN Petersen",
              "bowler": "AL Hughes",
              "non_striker": "LS Livingstone",
              "runs": {
                "batter": 1,
                "extras": 0,
                "total": 1
              }
            },
            {
              "batter": "LS Livingstone",
              "bowler": "AL Hughes",
              "non_striker": "AN Petersen",
              "runs": {
                "batter": 6,
                "extras": 0,
                "total": 6
              }
            },
            {
              "batter": "LS Livingstone",
              "bowler": "AL Hughes",
              "non_striker": "AN Petersen",
              "runs": {
                "batter": 0,
                "extras": 0,
                "total": 0
              }
            }
          ]
        },
        {
          "over": 12,
          "deliveries": [
            {
              "batter": "AN Petersen",
              "bowler": "JDS Neesham",
              "non_striker": "LS Livingstone",
              "runs": {
                "batter": 1,
                "extras": 0,
                "total": 1
              }
            },
            {
              "batter": "LS Livingstone",
              "bowler": "JDS Neesham",
              "non_striker": "AN Petersen",
              "runs": {
                "batter": 0,
                "extras": 0,
                "total": 0
              },
              "wickets": [
                {
                  "kind": "caught",
                  "player_out": "LS Livingstone",
                  "fielders": [
                    {
                      "name": "HR Hosein"
                    }
                  ]
                }
              ]
            },
            {
              "batter": "SJ Croft",
              "bowler": "JDS Neesham",
              "non_striker": "AN Petersen",
              "runs": {
                "batter": 1,
                "extras": 0,
                "total": 1
              }
            },
            {
              "batter": "AN Petersen",
              "bowler": "JDS Neesham",
              "non_striker": "SJ Croft",
              "runs": {
                "batter": 1,
                "extras": 0,
                "total": 1
              }
            },
            {
              "batter": "SJ Croft",
              "bowler": "JDS Neesham",
              "non_striker": "AN Petersen",
              "runs": {
                "batter": 1,
                "extras": 0,
                "total": 1
              }
            },
            {
              "batter": "AN Petersen",
              "bowler": "JDS Neesham",
              "non_striker": "SJ Croft",
              "runs": {
                "batter": 1,
                "extras": 0,
                "total": 1
              }
            }
          ]
        },
        {
          "over": 13,
          "deliveries": [
            {
              "batter": "AN Petersen",
              "bowler": "SJ Thakor",
              "non_striker": "SJ Croft",
              "runs": {
                "batter": 2,
                "extras": 0,
                "total": 2
              }
            },
            {
              "batter": "AN Petersen",
              "bowler": "SJ Thakor",
              "non_striker": "SJ Croft",
              "runs": {
                "batter": 1,
                "extras": 0,
                "total": 1
              }
            },
            {
              "batter": "SJ Croft",
              "bowler": "SJ Thakor",
              "non_striker": "AN Petersen",
              "runs": {
                "batter": 1,
                "extras": 0,
                "total": 1
              }
            },
            {
              "batter": "AN Petersen",
              "bowler": "SJ Thakor",
              "extras": {
                "wides": 1
              },
              "non_striker": "SJ Croft",
              "runs": {
                "batter": 0,
                "extras": 1,
                "total": 1
              }
            },
            {
              "batter": "AN Petersen",
              "bowler": "SJ Thakor",
              "non_striker": "SJ Croft",
              "runs": {
                "batter": 2,
                "extras": 0,
                "total": 2
              }
            },
            {
              "batter": "AN Petersen",
              "bowler": "SJ Thakor",
              "non_striker": "SJ Croft",
              "runs": {
                "batter": 1,
                "extras": 0,
                "total": 1
              }
            },
            {
              "batter": "SJ Croft",
              "bowler": "SJ Thakor",
              "non_striker": "AN Petersen",
              "runs": {
                "batter": 1,
                "extras": 0,
                "total": 1
              }
            }
          ]
        },
        {
          "over": 14,
          "deliveries": [
            {
              "batter": "SJ Croft",
              "bowler": "AL Hughes",
              "non_striker": "AN Petersen",
              "runs": {
                "batter": 1,
                "extras": 0,
                "total": 1
              }
            },
            {
              "batter": "AN Petersen",
              "bowler": "AL Hughes",
              "non_striker": "SJ Croft",
              "runs": {
                "batter": 4,
                "extras": 0,
                "total": 4
              }
            },
            {
              "batter": "AN Petersen",
              "bowler": "AL Hughes",
              "non_striker": "SJ Croft",
              "runs": {
                "batter": 1,
                "extras": 0,
                "total": 1
              }
            },
            {
              "batter": "SJ Croft",
              "bowler": "AL Hughes",
              "non_striker": "AN Petersen",
              "runs": {
                "batter": 0,
                "extras": 0,
                "total": 0
              }
            },
            {
              "batter": "SJ Croft",
              "bowler": "AL Hughes",
              "non_striker": "AN Petersen",
              "runs": {
                "batter": 1,
                "extras": 0,
                "total": 1
              }
            },
            {
              "batter": "AN Petersen",
              "bowler": "AL Hughes",
              "non_striker": "SJ Croft",
              "runs": {
                "batter": 1,
                "extras": 0,
                "total": 1
              }
            }
          ]
        },
        {
          "over": 15,
          "deliveries": [
            {
              "batter": "AN Petersen",
              "bowler": "A Carter",
              "non_striker": "SJ Croft",
              "runs": {
                "batter": 4,
                "extras": 0,
                "total": 4
              }
            },
            {
              "batter": "AN Petersen",
              "bowler": "A Carter",
              "non_striker": "SJ Croft",
              "runs": {
                "batter": 1,
                "extras": 0,
                "total": 1
              }
            },
            {
              "batter": "SJ Croft",
              "bowler": "A Carter",
              "non_striker": "AN Petersen",
              "runs": {
                "batter": 1,
                "extras": 0,
                "total": 1
              }
            },
            {
              "batter": "AN Petersen",
              "bowler": "A Carter",
              "non_striker": "SJ Croft",
              "runs": {
                "batter": 4,
                "extras": 0,
                "total": 4
              }
            },
            {
              "batter": "AN Petersen",
              "bowler": "A Carter",
              "non_striker": "SJ Croft",
              "runs": {
                "batter": 1,
                "extras": 0,
                "total": 1
              }
            },
            {
              "batter": "SJ Croft",
              "bowler": "A Carter",
              "extras": {
                "legbyes": 1
              },
              "non_striker": "AN Petersen",
              "runs": {
                "batter": 0,
                "extras": 1,
                "total": 1
              }
            }
          ]
        },
        {
          "over": 16,
          "deliveries": [
            {
              "batter": "SJ Croft",
              "bowler": "JDS Neesham",
              "non_striker": "AN Petersen",
              "runs": {
                "batter": 2,
                "extras": 0,
                "total": 2
              }
            },
            {
              "batter": "SJ Croft",
              "bowler": "JDS Neesham",
              "non_striker": "AN Petersen",
              "runs": {
                "batter": 4,
                "extras": 0,
                "total": 4
              }
            },
            {
              "batter": "SJ Croft",
              "bowler": "JDS Neesham",
              "non_striker": "AN Petersen",
              "runs": {
                "batter": 1,
                "extras": 0,
                "total": 1
              }
            },
            {
              "batter": "AN Petersen",
              "bowler": "JDS Neesham",
              "non_striker": "SJ Croft",
              "runs": {
                "batter": 0,
                "extras": 0,
                "total": 0
              }
            },
            {
              "batter": "AN Petersen",
              "bowler": "JDS Neesham",
              "non_striker": "SJ Croft",
              "runs": {
                "batter": 1,
                "extras": 0,
                "total": 1
              }
            },
            {
              "batter": "SJ Croft",
              "bowler": "JDS Neesham",
              "non_striker": "AN Petersen",
              "runs": {
                "batter": 6,
                "extras": 0,
                "total": 6
              }
            }
          ]
        },
        {
          "over": 17,
          "deliveries": [
            {
              "batter": "AN Petersen",
              "bowler": "SJ Thakor",
              "non_striker": "SJ Croft",
              "runs": {
                "batter": 1,
                "extras": 0,
                "total": 1
              }
            },
            {
              "batter": "SJ Croft",
              "bowler": "SJ Thakor",
              "non_striker": "AN Petersen",
              "runs": {
                "batter": 2,
                "extras": 0,
                "total": 2
              }
            },
            {
              "batter": "SJ Croft",
              "bowler": "SJ Thakor",
              "non_striker": "AN Petersen",
              "runs": {
                "batter": 1,
                "extras": 0,
                "total": 1
              }
            },
            {
              "batter": "AN Petersen",
              "bowler": "SJ Thakor",
              "non_striker": "SJ Croft",
              "runs": {
                "batter": 0,
                "extras": 0,
                "total": 0
              },
              "wickets": [
                {
                  "kind": "caught",
                  "player_out": "AN Petersen",
                  "fielders": [
                    {
                      "name": "A Carter"
                    }
                  ]
                }
              ]
            },
            {
              "batter": "J Clark",
              "bowler": "SJ Thakor",
              "non_striker": "SJ Croft",
              "runs": {
                "batter": 1,
                "extras": 0,
                "total": 1
              }
            },
            {
              "batter": "SJ Croft",
              "bowler": "SJ Thakor",
              "non_striker": "J Clark",
              "runs": {
                "batter": 1,
                "extras": 0,
                "total": 1
              }
            }
          ]
        },
        {
          "over": 18,
          "deliveries": [
            {
              "batter": "SJ Croft",
              "bowler": "A Carter",
              "non_striker": "J Clark",
              "runs": {
                "batter": 1,
                "extras": 0,
                "total": 1
              }
            },
            {
              "batter": "J Clark",
              "bowler": "A Carter",
              "non_striker": "SJ Croft",
              "runs": {
                "batter": 0,
                "extras": 0,
                "total": 0
              },
              "wickets": [
                {
                  "kind": "bowled",
                  "player_out": "J Clark"
                }
              ]
            },
            {
              "batter": "LA Procter",
              "bowler": "A Carter",
              "non_striker": "SJ Croft",
              "runs": {
                "batter": 0,
                "extras": 0,
                "total": 0
              }
            },
            {
              "batter": "LA Procter",
              "bowler": "A Carter",
              "non_striker": "SJ Croft",
              "runs": {
                "batter": 1,
                "extras": 0,
                "total": 1
              }
            },
            {
              "batter": "SJ Croft",
              "bowler": "A Carter",
              "non_striker": "LA Procter",
              "runs": {
                "batter": 1,
                "extras": 0,
                "total": 1
              }
            },
            {
              "batter": "LA Procter",
              "bowler": "A Carter",
              "non_striker": "SJ Croft",
              "runs": {
                "batter": 0,
                "extras": 0,
                "total": 0
              }
            }
          ]
        },
        {
          "over": 19,
          "deliveries": [
            {
              "batter": "SJ Croft",
              "bowler": "JDS Neesham",
              "non_striker": "LA Procter",
              "runs": {
                "batter": 1,
                "extras": 0,
                "total": 1
              },
              "wickets": [
                {
                  "kind": "run out",
                  "player_out": "LA Procter",
                  "fielders": [
                    {
                      "name": "WL Madsen"
                    }
                  ]
                }
              ]
            },
            {
              "batter": "SJ Croft",
              "bowler": "JDS Neesham",
              "non_striker": "TJ Moores",
              "runs": {
                "batter": 0,
                "extras": 0,
                "total": 0
              },
              "wickets": [
                {
                  "kind": "caught",
                  "player_out": "SJ Croft",
                  "fielders": [
                    {
                      "name": "MJJ Critchley"
                    }
                  ]
                }
              ]
            },
            {
              "batter": "TJ Moores",
              "bowler": "JDS Neesham",
              "extras": {
                "noballs": 2
              },
              "non_striker": "SD Parry",
              "runs": {
                "batter": 1,
                "extras": 2,
                "total": 3
              }
            },
            {
              "batter": "SD Parry",
              "bowler": "JDS Neesham",
              "non_striker": "TJ Moores",
              "runs": {
                "batter": 0,
                "extras": 0,
                "total": 0
              }
            },
            {
              "batter": "SD Parry",
              "bowler": "JDS Neesham",
              "non_striker": "TJ Moores",
              "runs": {
                "batter": 0,
                "extras": 0,
                "total": 0
              },
              "wickets": [
                {
                  "kind": "bowled",
                  "player_out": "SD Parry"
                }
              ]
            },
            {
              "batter": "NL Buck",
              "bowler": "JDS Neesham",
              "extras": {
                "byes": 1
              },
              "non_striker": "TJ Moores",
              "runs": {
                "batter": 0,
                "extras": 1,
                "total": 1
              }
            },
            {
              "batter": "TJ Moores",
              "bowler": "JDS Neesham",
              "non_striker": "NL Buck",
              "runs": {
                "batter": 0,
                "extras": 0,
                "total": 0
              },
              "wickets": [
                {
                  "kind": "bowled",
                  "player_out": "TJ Moores"
                }
              ]
            }
          ]
        }
      ],
      "powerplays": [
        {
          "from": 0.1,
          "to": 5.6,
          "type": "mandatory"
        }
      ]
    },
    {
      "team": "Derbyshire",
      "overs": [
        {
          "over": 0,
          "deliveries": [
            {
              "batter": "HD Rutherford",
              "bowler": "NL Buck",
              "extras": {
                "noballs": 2
              },
              "non_striker": "WJ Durston",
              "runs": {
                "batter": 0,
                "extras": 2,
                "total": 2
              }
            },
            {
              "batter": "HD Rutherford",
              "bowler": "NL Buck",
              "non_striker": "WJ Durston",
              "runs": {
                "batter": 4,
                "extras": 0,
                "total": 4
              }
            },
            {
              "batter": "HD Rutherford",
              "bowler": "NL Buck",
              "non_striker": "WJ Durston",
              "runs": {
                "batter": 1,
                "extras": 0,
                "total": 1
              }
            },
            {
              "batter": "WJ Durston",
              "bowler": "NL Buck",
              "non_striker": "HD Rutherford",
              "runs": {
                "batter": 1,
                "extras": 0,
                "total": 1
              }
            },
            {
              "batter": "HD Rutherford",
              "bowler": "NL Buck",
              "non_striker": "WJ Durston",
              "runs": {
                "batter": 0,
                "extras": 0,
                "total": 0
              }
            },
            {
              "batter": "HD Rutherford",
              "bowler": "NL Buck",
              "non_striker": "WJ Durston",
              "runs": {
                "batter": 2,
                "extras": 0,
                "total": 2
              }
            },
            {
              "batter": "HD Rutherford",
              "bowler": "NL Buck",
              "non_striker": "WJ Durston",
              "runs": {
                "batter": 0,
                "extras": 0,
                "total": 0
              }
            }
          ]
        },
        {
          "over": 1,
          "deliveries": [
            {
              "batter": "WJ Durston",
              "bowler": "J Clark",
              "non_striker": "HD Rutherford",
              "runs": {
                "batter": 0,
                "extras": 0,
                "total": 0
              }
            },
            {
              "batter": "WJ Durston",
              "bowler": "J Clark",
              "non_striker": "HD Rutherford",
              "runs": {
                "batter": 1,
                "extras": 0,
                "total": 1
              }
            },
            {
              "batter": "HD Rutherford",
              "bowler": "J Clark",
              "extras": {
                "wides": 1
              },
              "non_striker": "WJ Durston",
              "runs": {
                "batter": 0,
                "extras": 1,
                "total": 1
              }
            },
            {
              "batter": "HD Rutherford",
              "bowler": "J Clark",
              "non_striker": "WJ Durston",
              "runs": {
                "batter": 0,
                "extras": 0,
                "total": 0
              }
            },
            {
              "batter": "HD Rutherford",
              "bowler": "J Clark",
              "non_striker": "WJ Durston",
              "runs": {
                "batter": 1,
                "extras": 0,
                "total": 1
              }
            },
            {
              "batter": "WJ Durston",
              "bowler": "J Clark",
              "non_striker": "HD Rutherford",
              "runs": {
                "batter": 6,
                "extras": 0,
                "total": 6
              }
            },
            {
              "batter": "WJ Durston",
              "bowler": "J Clark",
              "non_striker": "HD Rutherford",
              "runs": {
                "batter": 0,
                "extras": 0,
                "total": 0
              }
            }
          ]
        },
        {
          "over": 2,
          "deliveries": [
            {
              "batter": "HD Rutherford",
              "bowler": "NL Buck",
              "non_striker": "WJ Durston",
              "runs": {
                "batter": 4,
                "extras": 0,
                "total": 4
              }
            },
            {
              "batter": "HD Rutherford",
              "bowler": "NL Buck",
              "non_striker": "WJ Durston",
              "runs": {
                "batter": 0,
                "extras": 0,
                "total": 0
              }
            },
            {
              "batter": "HD Rutherford",
              "bowler": "NL Buck",
              "non_striker": "WJ Durston",
              "runs": {
                "batter": 4,
                "extras": 0,
                "total": 4
              }
            },
            {
              "batter": "HD Rutherford",
              "bowler": "NL Buck",
              "non_striker": "WJ Durston",
              "runs": {
                "batter": 6,
                "extras": 0,
                "total": 6
              }
            },
            {
              "batter": "HD Rutherford",
              "bowler": "NL Buck",
              "non_striker": "WJ Durston",
              "runs": {
                "batter": 1,
                "extras": 0,
                "total": 1
              }
            },
            {
              "batter": "WJ Durston",
              "bowler": "NL Buck",
              "non_striker": "HD Rutherford",
              "runs": {
                "batter": 0,
                "extras": 0,
                "total": 0
              }
            }
          ]
        },
        {
          "over": 3,
          "deliveries": [
            {
              "batter": "HD Rutherford",
              "bowler": "LM Reece",
              "non_striker": "WJ Durston",
              "runs": {
                "batter": 1,
                "extras": 0,
                "total": 1
              }
            },
            {
              "batter": "WJ Durston",
              "bowler": "LM Reece",
              "non_striker": "HD Rutherford",
              "runs": {
                "batter": 1,
                "extras": 0,
                "total": 1
              }
            },
            {
              "batter": "HD Rutherford",
              "bowler": "LM Reece",
              "non_striker": "WJ Durston",
              "runs": {
                "batter": 4,
                "extras": 0,
                "total": 4
              }
            },
            {
              "batter": "HD Rutherford",
              "bowler": "LM Reece",
              "non_striker": "WJ Durston",
              "runs": {
                "batter": 4,
                "extras": 0,
                "total": 4
              }
            },
            {
              "batter": "HD Rutherford",
              "bowler": "LM Reece",
              "extras": {
                "wides": 5
              },
              "non_striker": "WJ Durston",
              "runs": {
                "batter": 0,
                "extras": 5,
                "total": 5
              }
            },
            {
              "batter": "HD Rutherford",
              "bowler": "LM Reece",
              "non_striker": "WJ Durston",
              "runs": {
                "batter": 1,
                "extras": 0,
                "total": 1
              }
            },
            {
              "batter": "WJ Durston",
              "bowler": "LM Reece",
              "non_striker": "HD Rutherford",
              "runs": {
                "batter": 0,
                "extras": 0,
                "total": 0
              }
            }
          ]
        },
        {
          "over": 4,
          "deliveries": [
            {
              "batter": "HD Rutherford",
              "bowler": "GA Edwards",
              "non_striker": "WJ Durston",
              "runs": {
                "batter": 6,
                "extras": 0,
                "total": 6
              }
            },
            {
              "batter": "HD Rutherford",
              "bowler": "GA Edwards",
              "non_striker": "WJ Durston",
              "runs": {
                "batter": 1,
                "extras": 0,
                "total": 1
              }
            },
            {
              "batter": "WJ Durston",
              "bowler": "GA Edwards",
              "non_striker": "HD Rutherford",
              "runs": {
                "batter": 0,
                "extras": 0,
                "total": 0
              }
            },
            {
              "batter": "WJ Durston",
              "bowler": "GA Edwards",
              "extras": {
                "wides": 1
              },
              "non_striker": "HD Rutherford",
              "runs": {
                "batter": 0,
                "extras": 1,
                "total": 1
              }
            },
            {
              "batter": "WJ Durston",
              "bowler": "GA Edwards",
              "non_striker": "HD Rutherford",
              "runs": {
                "batter": 6,
                "extras": 0,
                "total": 6
              }
            },
            {
              "batter": "WJ Durston",
              "bowler": "GA Edwards",
              "non_striker": "HD Rutherford",
              "runs": {
                "batter": 0,
                "extras": 0,
                "total": 0
              }
            },
            {
              "batter": "WJ Durston",
              "bowler": "GA Edwards",
              "non_striker": "HD Rutherford",
              "runs": {
                "batter": 4,
                "extras": 0,
                "total": 4
              }
            }
          ]
        },
        {
          "over": 5,
          "deliveries": [
            {
              "batter": "HD Rutherford",
              "bowler": "SJ Croft",
              "non_striker": "WJ Durston",
              "runs": {
                "batter": 2,
                "extras": 0,
                "total": 2
              }
            },
            {
              "batter": "HD Rutherford",
              "bowler": "SJ Croft",
              "non_striker": "WJ Durston",
              "runs": {
                "batter": 4,
                "extras": 0,
                "total": 4
              }
            },
            {
              "batter": "HD Rutherford",
              "bowler": "SJ Croft",
              "non_striker": "WJ Durston",
              "runs": {
                "batter": 0,
                "extras": 0,
                "total": 0
              }
            },
            {
              "batter": "HD Rutherford",
              "bowler": "SJ Croft",
              "non_striker": "WJ Durston",
              "runs": {
                "batter": 0,
                "extras": 0,
                "total": 0
              }
            },
            {
              "batter": "HD Rutherford",
              "bowler": "SJ Croft",
              "non_striker": "WJ Durston",
              "runs": {
                "batter": 0,
                "extras": 0,
                "total": 0
              }
            },
            {
              "batter": "HD Rutherford",
              "bowler": "SJ Croft",
              "non_striker": "WJ Durston",
              "runs": {
                "batter": 1,
                "extras": 0,
                "total": 1
              }
            }
          ]
        },
        {
          "over": 6,
          "deliveries": [
            {
              "batter": "HD Rutherford",
              "bowler": "SD Parry",
              "non_striker": "WJ Durston",
              "runs": {
                "batter": 0,
                "extras": 0,
                "total": 0
              }
            },
            {
              "batter": "HD Rutherford",
              "bowler": "SD Parry",
              "non_striker": "WJ Durston",
              "runs": {
                "batter": 0,
                "extras": 0,
                "total": 0
              },
              "wickets": [
                {
                  "kind": "caught",
                  "player_out": "HD Rutherford",
                  "fielders": [
                    {
                      "name": "GA Edwards"
                    }
                  ]
                }
              ]
            },
            {
              "batter": "CF Hughes",
              "bowler": "SD Parry",
              "non_striker": "WJ Durston",
              "runs": {
                "batter": 1,
                "extras": 0,
                "total": 1
              }
            },
            {
              "batter": "WJ Durston",
              "bowler": "SD Parry",
              "non_striker": "CF Hughes",
              "runs": {
                "batter": 1,
                "extras": 0,
                "total": 1
              }
            },
            {
              "batter": "CF Hughes",
              "bowler": "SD Parry",
              "non_striker": "WJ Durston",
              "runs": {
                "batter": 0,
                "extras": 0,
                "total": 0
              }
            },
            {
              "batter": "CF Hughes",
              "bowler": "SD Parry",
              "non_striker": "WJ Durston",
              "runs": {
                "batter": 1,
                "extras": 0,
                "total": 1
              }
            }
          ]
        },
        {
          "over": 7,
          "deliveries": [
            {
              "batter": "CF Hughes",
              "bowler": "SJ Croft",
              "non_striker": "WJ Durston",
              "runs": {
                "batter": 1,
                "extras": 0,
                "total": 1
              }
            },
            {
              "batter": "WJ Durston",
              "bowler": "SJ Croft",
              "non_striker": "CF Hughes",
              "runs": {
                "batter": 1,
                "extras": 0,
                "total": 1
              }
            },
            {
              "batter": "CF Hughes",
              "bowler": "SJ Croft",
              "non_striker": "WJ Durston",
              "runs": {
                "batter": 1,
                "extras": 0,
                "total": 1
              }
            },
            {
              "batter": "WJ Durston",
              "bowler": "SJ Croft",
              "non_striker": "CF Hughes",
              "runs": {
                "batter": 1,
                "extras": 0,
                "total": 1
              }
            },
            {
              "batter": "CF Hughes",
              "bowler": "SJ Croft",
              "non_striker": "WJ Durston",
              "runs": {
                "batter": 1,
                "extras": 0,
                "total": 1
              }
            },
            {
              "batter": "WJ Durston",
              "bowler": "SJ Croft",
              "non_striker": "CF Hughes",
              "runs": {
                "batter": 0,
                "extras": 0,
                "total": 0
              }
            }
          ]
        },
        {
          "over": 8,
          "deliveries": [
            {
              "batter": "CF Hughes",
              "bowler": "SD Parry",
              "non_striker": "WJ Durston",
              "runs": {
                "batter": 1,
                "extras": 0,
                "total": 1
              }
            },
            {
              "batter": "WJ Durston",
              "bowler": "SD Parry",
              "non_striker": "CF Hughes",
              "runs": {
                "batter": 6,
                "extras": 0,
                "total": 6
              }
            },
            {
              "batter": "WJ Durston",
              "bowler": "SD Parry",
              "non_striker": "CF Hughes",
              "runs": {
                "batter": 1,
                "extras": 0,
                "total": 1
              }
            },
            {
              "batter": "CF Hughes",
              "bowler": "SD Parry",
              "non_striker": "WJ Durston",
              "runs": {
                "batter": 1,
                "extras": 0,
                "total": 1
              }
            },
            {
              "batter": "WJ Durston",
              "bowler": "SD Parry",
              "non_striker": "CF Hughes",
              "runs": {
                "batter": 1,
                "extras": 0,
                "total": 1
              }
            },
            {
              "batter": "CF Hughes",
              "bowler": "SD Parry",
              "non_striker": "WJ Durston",
              "runs": {
                "batter": 6,
                "extras": 0,
                "total": 6
              }
            }
          ]
        },
        {
          "over": 9,
          "deliveries": [
            {
              "batter": "WJ Durston",
              "bowler": "SJ Croft",
              "non_striker": "CF Hughes",
              "runs": {
                "batter": 1,
                "extras": 0,
                "total": 1
              }
            },
            {
              "batter": "CF Hughes",
              "bowler": "SJ Croft",
              "non_striker": "WJ Durston",
              "runs": {
                "batter": 0,
                "extras": 0,
                "total": 0
              }
            },
            {
              "batter": "CF Hughes",
              "bowler": "SJ Croft",
              "non_striker": "WJ Durston",
              "runs": {
                "batter": 0,
                "extras": 0,
                "total": 0
              }
            },
            {
              "batter": "CF Hughes",
              "bowler": "SJ Croft",
              "non_striker": "WJ Durston",
              "runs": {
                "batter": 1,
                "extras": 0,
                "total": 1
              }
            },
            {
              "batter": "WJ Durston",
              "bowler": "SJ Croft",
              "non_striker": "CF Hughes",
              "runs": {
                "batter": 0,
                "extras": 0,
                "total": 0
              }
            },
            {
              "batter": "WJ Durston",
              "bowler": "SJ Croft",
              "non_striker": "CF Hughes",
              "runs": {
                "batter": 2,
                "extras": 0,
                "total": 2
              }
            }
          ]
        },
        {
          "over": 10,
          "deliveries": [
            {
              "batter": "CF Hughes",
              "bowler": "GA Edwards",
              "non_striker": "WJ Durston",
              "runs": {
                "batter": 1,
                "extras": 0,
                "total": 1
              }
            },
            {
              "batter": "WJ Durston",
              "bowler": "GA Edwards",
              "non_striker": "CF Hughes",
              "runs": {
                "batter": 1,
                "extras": 0,
                "total": 1
              }
            },
            {
              "batter": "CF Hughes",
              "bowler": "GA Edwards",
              "extras": {
                "wides": 1
              },
              "non_striker": "WJ Durston",
              "runs": {
                "batter": 0,
                "extras": 1,
                "total": 1
              }
            },
            {
              "batter": "CF Hughes",
              "bowler": "GA Edwards",
              "extras": {
                "legbyes": 1
              },
              "non_striker": "WJ Durston",
              "runs": {
                "batter": 0,
                "extras": 1,
                "total": 1
              }
            },
            {
              "batter": "WJ Durston",
              "bowler": "GA Edwards",
              "non_striker": "CF Hughes",
              "runs": {
                "batter": 2,
                "extras": 0,
                "total": 2
              }
            },
            {
              "batter": "WJ Durston",
              "bowler": "GA Edwards",
              "non_striker": "CF Hughes",
              "runs": {
                "batter": 1,
                "extras": 0,
                "total": 1
              }
            },
            {
              "batter": "CF Hughes",
              "bowler": "GA Edwards",
              "non_striker": "WJ Durston",
              "runs": {
                "batter": 1,
                "extras": 0,
                "total": 1
              }
            }
          ]
        },
        {
          "over": 11,
          "deliveries": [
            {
              "batter": "CF Hughes",
              "bowler": "J Clark",
              "non_striker": "WJ Durston",
              "runs": {
                "batter": 1,
                "extras": 0,
                "total": 1
              }
            },
            {
              "batter": "WJ Durston",
              "bowler": "J Clark",
              "non_striker": "CF Hughes",
              "runs": {
                "batter": 0,
                "extras": 0,
                "total": 0
              }
            },
            {
              "batter": "WJ Durston",
              "bowler": "J Clark",
              "non_striker": "CF Hughes",
              "runs": {
                "batter": 1,
                "extras": 0,
                "total": 1
              }
            },
            {
              "batter": "CF Hughes",
              "bowler": "J Clark",
              "non_striker": "WJ Durston",
              "runs": {
                "batter": 1,
                "extras": 0,
                "total": 1
              }
            },
            {
              "batter": "WJ Durston",
              "bowler": "J Clark",
              "non_striker": "CF Hughes",
              "runs": {
                "batter": 1,
                "extras": 0,
                "total": 1
              }
            },
            {
              "batter": "CF Hughes",
              "bowler": "J Clark",
              "non_striker": "WJ Durston",
              "runs": {
                "batter": 1,
                "extras": 0,
                "total": 1
              }
            }
          ]
        },
        {
          "over": 12,
          "deliveries": [
            {
              "batter": "CF Hughes",
              "bowler": "NL Buck",
              "non_striker": "WJ Durston",
              "runs": {
                "batter": 1,
                "extras": 0,
                "total": 1
              }
            },
            {
              "batter": "WJ Durston",
              "bowler": "NL Buck",
              "non_striker": "CF Hughes",
              "runs": {
                "batter": 1,
                "extras": 0,
                "total": 1
              }
            },
            {
              "batter": "CF Hughes",
              "bowler": "NL Buck",
              "non_striker": "WJ Durston",
              "runs": {
                "batter": 0,
                "extras": 0,
                "total": 0
              }
            },
            {
              "batter": "CF Hughes",
              "bowler": "NL Buck",
              "non_striker": "WJ Durston",
              "runs": {
                "batter": 1,
                "extras": 0,
                "total": 1
              }
            },
            {
              "batter": "WJ Durston",
              "bowler": "NL Buck",
              "non_striker": "CF Hughes",
              "runs": {
                "batter": 0,
                "extras": 0,
                "total": 0
              }
            },
            {
              "batter": "WJ Durston",
              "bowler": "NL Buck",
              "non_striker": "CF Hughes",
              "runs": {
                "batter": 4,
                "extras": 0,
                "total": 4
              }
            }
          ]
        },
        {
          "over": 13,
          "deliveries": [
            {
              "batter": "CF Hughes",
              "bowler": "SJ Croft",
              "non_striker": "WJ Durston",
              "runs": {
                "batter": 1,
                "extras": 0,
                "total": 1
              }
            },
            {
              "batter": "WJ Durston",
              "bowler": "SJ Croft",
              "non_striker": "CF Hughes",
              "runs": {
                "batter": 6,
                "extras": 0,
                "total": 6
              }
            },
            {
              "batter": "WJ Durston",
              "bowler": "SJ Croft",
              "non_striker": "CF Hughes",
              "runs": {
                "batter": 1,
                "extras": 0,
                "total": 1
              }
            },
            {
              "batter": "CF Hughes",
              "bowler": "SJ Croft",
              "non_striker": "WJ Durston",
              "runs": {
                "batter": 0,
                "extras": 0,
                "total": 0
              }
            },
            {
              "batter": "CF Hughes",
              "bowler": "SJ Croft",
              "non_striker": "WJ Durston",
              "runs": {
                "batter": 0,
                "extras": 0,
                "total": 0
              },
              "wickets": [
                {
                  "kind": "caught",
                  "player_out": "CF Hughes",
                  "fielders": [
                    {
                      "name": "AN Petersen"
                    }
                  ]
                }
              ]
            },
            {
              "batter": "WJ Durston",
              "bowler": "SJ Croft",
              "non_striker": "JDS Neesham",
              "runs": {
                "batter": 0,
                "extras": 0,
                "total": 0
              },
              "wickets": [
                {
                  "kind": "caught and bowled",
                  "player_out": "WJ Durston"
                }
              ]
            }
          ]
        },
        {
          "over": 14,
          "deliveries": [
            {
              "batter": "JDS Neesham",
              "bowler": "SD Parry",
              "non_striker": "NT Broom",
              "runs": {
                "batter": 0,
                "extras": 0,
                "total": 0
              }
            },
            {
              "batter": "JDS Neesham",
              "bowler": "SD Parry",
              "non_striker": "NT Broom",
              "runs": {
                "batter": 4,
                "extras": 0,
                "total": 4
              }
            },
            {
              "batter": "JDS Neesham",
              "bowler": "SD Parry",
              "non_striker": "NT Broom",
              "runs": {
                "batter": 0,
                "extras": 0,
                "total": 0
              }
            },
            {
              "batter": "JDS Neesham",
              "bowler": "SD Parry",
              "non_striker": "NT Broom",
              "runs": {
                "batter": 0,
                "extras": 0,
                "total": 0
              }
            },
            {
              "batter": "JDS Neesham",
              "bowler": "SD Parry",
              "non_striker": "NT Broom",
              "runs": {
                "batter": 1,
                "extras": 0,
                "total": 1
              }
            },
            {
              "batter": "NT Broom",
              "bowler": "SD Parry",
              "non_striker": "JDS Neesham",
              "runs": {
                "batter": 1,
                "extras": 0,
                "total": 1
              }
            }
          ]
        },
        {
          "over": 15,
          "deliveries": [
            {
              "batter": "NT Broom",
              "bowler": "J Clark",
              "non_striker": "JDS Neesham",
              "runs": {
                "batter": 1,
                "extras": 0,
                "total": 1
              }
            },
            {
              "batter": "JDS Neesham",
              "bowler": "J Clark",
              "non_striker": "NT Broom",
              "runs": {
                "batter": 1,
                "extras": 0,
                "total": 1
              }
            },
            {
              "batter": "NT Broom",
              "bowler": "J Clark",
              "non_striker": "JDS Neesham",
              "runs": {
                "batter": 0,
                "extras": 0,
                "total": 0
              }
            },
            {
              "batter": "NT Broom",
              "bowler": "J Clark",
              "non_striker": "JDS Neesham",
              "runs": {
                "batter": 0,
                "extras": 0,
                "total": 0
              }
            },
            {
              "batter": "NT Broom",
              "bowler": "J Clark",
              "non_striker": "JDS Neesham",
              "runs": {
                "batter": 1,
                "extras": 0,
                "total": 1
              }
            },
            {
              "batter": "JDS Neesham",
              "bowler": "J Clark",
              "non_striker": "NT Broom",
              "runs": {
                "batter": 1,
                "extras": 0,
                "total": 1
              }
            }
          ]
        },
        {
          "over": 16,
          "deliveries": [
            {
              "batter": "JDS Neesham",
              "bowler": "GA Edwards",
              "non_striker": "NT Broom",
              "runs": {
                "batter": 2,
                "extras": 0,
                "total": 2
              }
            },
            {
              "batter": "JDS Neesham",
              "bowler": "GA Edwards",
              "non_striker": "NT Broom",
              "runs": {
                "batter": 1,
                "extras": 0,
                "total": 1
              }
            },
            {
              "batter": "NT Broom",
              "bowler": "GA Edwards",
              "non_striker": "JDS Neesham",
              "runs": {
                "batter": 1,
                "extras": 0,
                "total": 1
              }
            },
            {
              "batter": "JDS Neesham",
              "bowler": "GA Edwards",
              "non_striker": "NT Broom",
              "runs": {
                "batter": 1,
                "extras": 0,
                "total": 1
              }
            },
            {
              "batter": "NT Broom",
              "bowler": "GA Edwards",
              "non_striker": "JDS Neesham",
              "runs": {
                "batter": 2,
                "extras": 0,
                "total": 2
              }
            },
            {
              "batter": "NT Broom",
              "bowler": "GA Edwards",
              "non_striker": "JDS Neesham",
              "runs": {
                "batter": 1,
                "extras": 0,
                "total": 1
              }
            }
          ]
        },
        {
          "over": 17,
          "deliveries": [
            {
              "batter": "NT Broom",
              "bowler": "J Clark",
              "non_striker": "JDS Neesham",
              "runs": {
                "batter": 1,
                "extras": 0,
                "total": 1
              }
            },
            {
              "batter": "JDS Neesham",
              "bowler": "J Clark",
              "non_striker": "NT Broom",
              "runs": {
                "batter": 1,
                "extras": 0,
                "total": 1
              }
            },
            {
              "batter": "NT Broom",
              "bowler": "J Clark",
              "non_striker": "JDS Neesham",
              "runs": {
                "batter": 0,
                "extras": 0,
                "total": 0
              },
              "wickets": [
                {
                  "kind": "caught",
                  "player_out": "NT Broom",
                  "fielders": [
                    {
                      "name": "SJ Croft"
                    }
                  ]
                }
              ]
            },
            {
              "batter": "JDS Neesham",
              "bowler": "J Clark",
              "non_striker": "WL Madsen",
              "runs": {
                "batter": 1,
                "extras": 0,
                "total": 1
              }
            },
            {
              "batter": "WL Madsen",
              "bowler": "J Clark",
              "non_striker": "JDS Neesham",
              "runs": {
                "batter": 6,
                "extras": 0,
                "total": 6
              }
            },
            {
              "batter": "WL Madsen",
              "bowler": "J Clark",
              "non_striker": "JDS Neesham",
              "runs": {
                "batter": 1,
                "extras": 0,
                "total": 1
              }
            }
          ]
        },
        {
          "over": 18,
          "deliveries": [
            {
              "batter": "WL Madsen",
              "bowler": "GA Edwards",
              "non_striker": "JDS Neesham",
              "runs": {
                "batter": 1,
                "extras": 0,
                "total": 1
              }
            },
            {
              "batter": "JDS Neesham",
              "bowler": "GA Edwards",
              "non_striker": "WL Madsen",
              "runs": {
                "batter": 2,
                "extras": 0,
                "total": 2
              }
            },
            {
              "batter": "JDS Neesham",
              "bowler": "GA Edwards",
              "non_striker": "WL Madsen",
              "runs": {
                "batter": 4,
                "extras": 0,
                "total": 4
              }
            },
            {
              "batter": "JDS Neesham",
              "bowler": "GA Edwards",
              "non_striker": "WL Madsen",
              "runs": {
                "batter": 4,
                "extras": 0,
                "total": 4
              }
            }
          ]
        }
      ],
      "powerplays": [
        {
          "from": 0.1,
          "to": 5.6,
          "type": "mandatory"
        }
      ],
      "target": {
        "overs": 20,
        "runs": 168
      }
    }
  ]
}