{
  "meta": {
    "data_version": "1.0.0",
    "created": "2017-05-02",
    "revision": 1
  },
  "info": {
    "balls_per_over": 6,
    "city": "Chester-le-Street",
    "dates": [
      "2016-07-15"
    ],
    "event": {
      "group": "North",
      "name": "NatWest T20 Blast"
    },
    "gender": "male",
    "match_type": "T20",
    "officials": {
      "umpires": [
        "PK Baldwin",
        "NA Mallender"
      ]
    },
    "outcome": {
      "by": {
        "wickets": 6
      },
      "winner": "Durham"
    },
    "overs": 20,
    "player_of_match": [
      "KK Jennings"
    ],
    "players": {
      "Durham": [
        "MD Stoneman",
        "P Mustard",
        "BA Stokes",
        "GJ Muchall",
        "KK Jennings",
        "MJ Richardson",
        "SG Borthwick",
        "RD Pringle",
        "MA Wood",
        "P Coughlin",
        "C Rushworth"
      ],
      "Northamptonshire": [
        "RE Levi",
        "AM Rossington",
        "JJ Cobb",
        "BM Duckett",
        "SP Crook",
        "RK Kleinveldt",
        "AG Wakely",
        "S Prasanna",
        "GG White",
        "RJ Gleeson",
        "MA Ashraf"
      ]
    },
    "registry": {
      "people": {
        "AG Wakely": "730d120f",
        "AM Rossington": "7bcde3fe",
        "BA Stokes": "e087956b",
        "BM Duckett": "5f26f677",
        "C Rushworth": "e737a5fe",
        "GG White": "0f21680d",
        "GJ Muchall": "a15347c2",
        "JJ Cobb": "58c481c6",
        "KK Jennings": "8479a24a",
        "MA Ashraf": "65d39793",
        "MA Wood": "8d92a2c3",
        "MD Stoneman": "1b77f62b",
        "MJ Richardson": "22176fe7",
        "NA Mallender": "3b5dfcd4",
        "P Coughlin": "71440756",
        "P Mustard": "1b6fef02",
        "PK Baldwin": "6bb53c12",
        "RD Pringle": "757502b5",
        "RE Levi": "18c78b11",
        "RJ Gleeson": "402f8494",
        "RK Kleinveldt": "7955eb15",
        "S Prasanna": "f78e7113",
        "SG Borthwick": "51e1ed69",
        "SP Crook": "c4450a69"
      }
    },
    "season": 2016,
    "team_type": "club",
    "teams": [
      "Durham",
      "Northamptonshire"
    ],
    "toss": {
      "decision": "field",
      "winner": "Durham"
    },
    "venue": "Riverside Ground"
  },
  "innings": [
    {
      "team": "Northamptonshire",
      "overs": [
        {
          "over": 0,
          "deliveries": [
            {
              "batter": "RE Levi",
              "bowler": "C Rushworth",
              "non_striker": "AM Rossington",
              "runs": {
                "batter": 0,
                "extras": 0,
                "total": 0
              },
              "wickets": [
                {
                  "kind": "bowled",
                  "player_out": "RE Levi"
                }
              ]
            },
            {
              "batter": "JJ Cobb",
              "bowler": "C Rushworth",
              "non_striker": "AM Rossington",
              "runs": {
                "batter": 2,
                "extras": 0,
                "total": 2
              }
            },
            {
              "batter": "JJ Cobb",
              "bowler": "C Rushworth",
              "non_striker": "AM Rossington",
              "runs": {
                "batter": 0,
                "extras": 0,
                "total": 0
              }
            },
            {
              "batter": "JJ Cobb",
              "bowler": "C Rushworth",
              "non_striker": "AM Rossington",
              "runs": {
                "batter": 0,
                "extras": 0,
                "total": 0
              }
            },
            {
              "batter": "JJ Cobb",
              "bowler": "C Rushworth",
              "non_striker": "AM Rossington",
              "runs": {
                "batter": 1,
                "extras": 0,
                "total": 1
              }
            },
            {
              "batter": "AM Rossington",
              "bowler": "C Rushworth",
              "non_striker": "JJ Cobb",
              "runs": {
                "batter": 0,
                "extras": 0,
                "total": 0
              }
            }
          ]
        },
        {
          "over": 1,
          "deliveries": [
            {
              "batter": "JJ Cobb",
              "bowler": "MA Wood",
              "non_striker": "AM Rossington",
              "runs": {
                "batter": 1,
                "extras": 0,
                "total": 1
              }
            },
            {
              "batter": "AM Rossington",
              "bowler": "MA Wood",
              "non_striker": "JJ Cobb",
              "runs": {
                "batter": 0,
                "extras": 0,
                "total": 0
              }
            },
            {
              "batter": "AM Rossington",
              "bowler": "MA Wood",
              "non_striker": "JJ Cobb",
              "runs": {
                "batter": 0,
                "extras": 0,
                "total": 0
              }
            },
            {
              "batter": "AM Rossington",
              "bowler": "MA Wood",
              "non_striker": "JJ Cobb",
              "runs": {
                "batter": 4,
                "extras": 0,
                "total": 4
              }
            },
            {
              "batter": "AM Rossington",
              "bowler": "MA Wood",
              "non_striker": "JJ Cobb",
              "runs": {
                "batter": 0,
                "extras": 0,
                "total": 0
              }
            },
            {
              "batter": "AM Rossington",
              "bowler": "MA Wood",
              "non_striker": "JJ Cobb",
              "runs": {
                "batter": 0,
                "extras": 0,
                "total": 0
              }
            }
          ]
        },
        {
          "over": 2,
          "deliveries": [
            {
              "batter": "JJ Cobb",
              "bowler": "C Rushworth",
              "non_striker": "AM Rossington",
              "runs": {
                "batter": 0,
                "extras": 0,
                "total": 0
              }
            },
            {
              "batter": "JJ Cobb",
              "bowler": "C Rushworth",
              "non_striker": "AM Rossington",
              "runs": {
                "batter": 0,
                "extras": 0,
                "total": 0
              }
            },
            {
              "batter": "JJ Cobb",
              "bowler": "C Rushworth",
              "non_striker": "AM Rossington",
              "runs": {
                "batter": 0,
                "extras": 0,
                "total": 0
              }
            },
            {
              "batter": "JJ Cobb",
              "bowler": "C Rushworth",
              "non_striker": "AM Rossington",
              "runs": {
                "batter": 2,
                "extras": 0,
                "total": 2
              }
            },
            {
              "batter": "JJ Cobb",
              "bowler": "C Rushworth",
              "non_striker": "AM Rossington",
              "runs": {
                "batter": 3,
                "extras": 0,
                "total": 3
              }
            },
            {
              "batter": "AM Rossington",
              "bowler": "C Rushworth",
              "non_striker": "JJ Cobb",
              "runs": {
                "batter": 1,
                "extras": 0,
                "total": 1
              }
            }
          ]
        },
        {
          "over": 3,
          "deliveries": [
            {
              "batter": "AM Rossington",
              "bowler": "MA Wood",
              "non_striker": "JJ Cobb",
              "runs": {
                "batter": 0,
                "extras": 0,
                "total": 0
              }
            },
            {
              "batter": "AM Rossington",
              "bowler": "MA Wood",
              "non_striker": "JJ Cobb",
              "runs": {
                "batter": 0,
                "extras": 0,
                "total": 0
              },
              "wickets": [
                {
                  "kind": "caught",
                  "player_out": "AM Rossington",
                  "fielders": [
                    {
                      "name": "P Mustard"
                    }
                  ]
                }
              ]
            },
            {
              "batter": "JJ Cobb",
              "bowler": "MA Wood",
              "non_striker": "BM Duckett",
              "runs": {
                "batter": 0,
                "extras": 0,
                "total": 0
              }
            },
            {
              "batter": "JJ Cobb",
              "bowler": "MA Wood",
              "non_striker": "BM Duckett",
              "runs": {
                "batter": 0,
                "extras": 0,
                "total": 0
              }
            },
            {
              "batter": "JJ Cobb",
              "bowler": "MA Wood",
              "non_striker": "BM Duckett",
              "runs": {
                "batter": 4,
                "extras": 0,
                "total": 4
              }
            },
            {
              "batter": "JJ Cobb",
              "bowler": "MA Wood",
              "non_striker": "BM Duckett",
              "runs": {
                "batter": 0,
                "extras": 0,
                "total": 0
              }
            }
          ]
        },
        {
          "over": 4,
          "deliveries": [
            {
              "batter": "BM Duckett",
              "bowler": "C Rushworth",
              "non_striker": "JJ Cobb",
              "runs": {
                "batter": 1,
                "extras": 0,
                "total": 1
              }
            },
            {
              "batter": "JJ Cobb",
              "bowler": "C Rushworth",
              "non_striker": "BM Duckett",
              "runs": {
                "batter": 1,
                "extras": 0,
                "total": 1
              }
            },
            {
              "batter": "BM Duckett",
              "bowler": "C Rushworth",
              "non_striker": "JJ Cobb",
              "runs": {
                "batter": 0,
                "extras": 0,
                "total": 0
              }
            },
            {
              "batter": "BM Duckett",
              "bowler": "C Rushworth",
              "non_striker": "JJ Cobb",
              "runs": {
                "batter": 0,
                "extras": 0,
                "total": 0
              }
            },
            {
              "batter": "BM Duckett",
              "bowler": "C Rushworth",
              "non_striker": "JJ Cobb",
              "runs": {
                "batter": 4,
                "extras": 0,
                "total": 4
              }
            },
            {
              "batter": "BM Duckett",
              "bowler": "C Rushworth",
              "non_striker": "JJ Cobb",
              "runs": {
                "batter": 0,
                "extras": 0,
                "total": 0
              }
            }
          ]
        },
        {
          "over": 5,
          "deliveries": [
            {
              "batter": "JJ Cobb",
              "bowler": "MA Wood",
              "non_striker": "BM Duckett",
              "runs": {
                "batter": 2,
                "extras": 0,
                "total": 2
              }
            },
            {
              "batter": "JJ Cobb",
              "bowler": "MA Wood",
              "non_striker": "BM Duckett",
              "runs": {
                "batter": 0,
                "extras": 0,
                "total": 0
              }
            },
            {
              "batter": "JJ Cobb",
              "bowler": "MA Wood",
              "non_striker": "BM Duckett",
              "runs": {
                "batter": 4,
                "extras": 0,
                "total": 4
              }
            },
            {
              "batter": "JJ Cobb",
              "bowler": "MA Wood",
              "non_striker": "BM Duckett",
              "runs": {
                "batter": 0,
                "extras": 0,
                "total": 0
              }
            },
            {
              "batter": "JJ Cobb",
              "bowler": "MA Wood",
              "non_striker": "BM Duckett",
              "runs": {
                "batter": 0,
                "extras": 0,
                "total": 0
              }
            },
            {
              "batter": "JJ Cobb",
              "bowler": "MA Wood",
              "non_striker": "BM Duckett",
              "runs": {
                "batter": 1,
                "extras": 0,
                "total": 1
              }
            }
          ]
        },
        {
          "over": 6,
          "deliveries": [
            {
              "batter": "JJ Cobb",
              "bowler": "KK Jennings",
              "non_striker": "BM Duckett",
              "runs": {
                "batter": 1,
                "extras": 0,
                "total": 1
              }
            },
            {
              "batter": "BM Duckett",
              "bowler": "KK Jennings",
              "non_striker": "JJ Cobb",
              "runs": {
                "batter": 4,
                "extras": 0,
                "total": 4
              }
            },
            {
              "batter": "BM Duckett",
              "bowler": "KK Jennings",
              "non_striker": "JJ Cobb",
              "runs": {
                "batter": 0,
                "extras": 0,
                "total": 0
              }
            },
            {
              "batter": "BM Duckett",
              "bowler": "KK Jennings",
              "non_striker": "JJ Cobb",
              "runs": {
                "batter": 1,
                "extras": 0,
                "total": 1
              }
            },
            {
              "batter": "JJ Cobb",
              "bowler": "KK Jennings",
              "non_striker": "BM Duckett",
              "runs": {
                "batter": 0,
                "extras": 0,
                "total": 0
              }
            },
            {
              "batter": "JJ Cobb",
              "bowler": "KK Jennings",
              "non_striker": "BM Duckett",
              "runs": {
                "batter": 1,
                "extras": 0,
                "total": 1
              }
            }
          ]
        },
        {
          "over": 7,
          "deliveries": [
            {
              "batter": "JJ Cobb",
              "bowler": "P Coughlin",
              "non_striker": "BM Duckett",
              "runs": {
                "batter": 1,
                "extras": 0,
                "total": 1
              }
            },
            {
              "batter": "BM Duckett",
              "bowler": "P Coughlin",
              "non_striker": "JJ Cobb",
              "runs": {
                "batter": 1,
                "extras": 0,
                "total": 1
              }
            },
            {
              "batter": "JJ Cobb",
              "bowler": "P Coughlin",
              "extras": {
                "wides": 1
              },
              "non_striker": "BM Duckett",
              "runs": {
                "batter": 0,
                "extras": 1,
                "total": 1
              }
            },
            {
              "batter": "JJ Cobb",
              "bowler": "P Coughlin",
              "non_striker": "BM Duckett",
              "runs": {
                "batter": 1,
                "extras": 0,
                "total": 1
              }
            },
            {
              "batter": "BM Duckett",
              "bowler": "P Coughlin",
              "non_striker": "JJ Cobb",
              "runs": {
                "batter": 0,
                "extras": 0,
                "total": 0
              }
            },
            {
              "batter": "BM Duckett",
              "bowler": "P Coughlin",
              "non_striker": "JJ Cobb",
              "runs": {
                "batter": 1,
                "extras": 0,
                "total": 1
              }
            },
            {
              "batter": "JJ Cobb",
              "bowler": "P Coughlin",
              "non_striker": "BM Duckett",
              "runs": {
                "batter": 0,
                "extras": 0,
                "total": 0
              }
            }
          ]
        },
        {
          "over": 8,
          "deliveries": [
            {
              "batter": "BM Duckett",
              "bowler": "SG Borthwick",
              "non_striker": "JJ Cobb",
              "runs": {
                "batter": 1,
                "extras": 0,
                "total": 1
              }
            },
            {
              "batter": "JJ Cobb",
              "bowler": "SG Borthwick",
              "non_striker": "BM Duckett",
              "runs": {
                "batter": 1,
                "extras": 0,
                "total": 1
              }
            },
            {
              "batter": "BM Duckett",
              "bowler": "SG Borthwick",
              "non_striker": "JJ Cobb",
              "runs": {
                "batter": 1,
                "extras": 0,
                "total": 1
              }
            },
            {
              "batter": "JJ Cobb",
              "bowler": "SG Borthwick",
              "non_striker": "BM Duckett",
              "runs": {
                "batter": 2,
                "extras": 0,
                "total": 2
              }
            },
            {
              "batter": "JJ Cobb",
              "bowler": "SG Borthwick",
              "non_striker": "BM Duckett",
              "runs": {
                "batter": 6,
                "extras": 0,
                "total": 6
              }
            },
            {
              "batter": "JJ Cobb",
              "bowler": "SG Borthwick",
              "non_striker": "BM Duckett",
              "runs": {
                "batter": 0,
                "extras": 0,
                "total": 0
              }
            }
          ]
        },
        {
          "over": 9,
          "deliveries": [
            {
              "batter": "BM Duckett",
              "bowler": "P Coughlin",
              "non_striker": "JJ Cobb",
              "runs": {
                "batter": 0,
                "extras": 0,
                "total": 0
              }
            },
            {
              "batter": "BM Duckett",
              "bowler": "P Coughlin",
              "non_striker": "JJ Cobb",
              "runs": {
                "batter": 1,
                "extras": 0,
                "total": 1
              }
            },
            {
              "batter": "JJ Cobb",
              "bowler": "P Coughlin",
              "non_striker": "BM Duckett",
              "runs": {
                "batter": 4,
                "extras": 0,
                "total": 4
              }
            },
            {
              "batter": "JJ Cobb",
              "bowler": "P Coughlin",
              "non_striker": "BM Duckett",
              "runs": {
                "batter": 0,
                "extras": 0,
                "total": 0
              }
            },
            {
              "batter": "JJ Cobb",
              "bowler": "P Coughlin",
              "non_striker": "BM Duckett",
              "runs": {
                "batter": 1,
                "extras": 0,
                "total": 1
              }
            },
            {
              "batter": "BM Duckett",
              "bowler": "P Coughlin",
              "non_striker": "JJ Cobb",
              "runs": {
                "batter": 1,
                "extras": 0,
                "total": 1
              }
            }
          ]
        },
        {
          "over": 10,
          "deliveries": [
            {
              "batter": "BM Duckett",
              "bowler": "SG Borthwick",
              "non_striker": "JJ Cobb",
              "runs": {
                "batter": 4,
                "extras": 0,
                "total": 4
              }
            },
            {
              "batter": "BM Duckett",
              "bowler": "SG Borthwick",
              "non_striker": "JJ Cobb",
              "runs": {
                "batter": 1,
                "extras": 0,
                "total": 1
              }
            },
            {
              "batter": "JJ Cobb",
              "bowler": "SG Borthwick",
              "non_striker": "BM Duckett",
              "runs": {
                "batter": 1,
                "extras": 0,
                "total": 1
              }
            },
            {
              "batter": "BM Duckett",
              "bowler": "SG Borthwick",
              "non_striker": "JJ Cobb",
              "runs": {
                "batter": 1,
                "extras": 0,
                "total": 1
              }
            },
            {
              "batter": "JJ Cobb",
              "bowler": "SG Borthwick",
              "non_striker": "BM Duckett",
              "runs": {
                "batter": 2,
                "extras": 0,
                "total": 2
              }
            },
            {
              "batter": "JJ Cobb",
              "bowler": "SG Borthwick",
              "non_striker": "BM Duckett",
              "runs": {
                "batter": 4,
                "extras": 0,
                "total": 4
              }
            }
          ]
        },
        {
          "over": 11,
          "deliveries": [
            {
              "batter": "BM Duckett",
              "bowler": "RD Pringle",
              "non_striker": "JJ Cobb",
              "runs": {
                "batter": 1,
                "extras": 0,
                "total": 1
              }
            },
            {
              "batter": "JJ Cobb",
              "bowler": "RD Pringle",
              "non_striker": "BM Duckett",
              "runs": {
                "batter": 1,
                "extras": 0,
                "total": 1
              }
            },
            {
              "batter": "BM Duckett",
              "bowler": "RD Pringle",
              "non_striker": "JJ Cobb",
              "runs": {
                "batter": 4,
                "extras": 0,
                "total": 4
              }
            },
            {
              "batter": "BM Duckett",
              "bowler": "RD Pringle",
              "non_striker": "JJ Cobb",
              "runs": {
                "batter": 1,
                "extras": 0,
                "total": 1
              }
            },
            {
              "batter": "JJ Cobb",
              "bowler": "RD Pringle",
              "non_striker": "BM Duckett",
              "runs": {
                "batter": 1,
                "extras": 0,
                "total": 1
              }
            },
            {
              "batter": "BM Duckett",
              "bowler": "RD Pringle",
              "non_striker": "JJ Cobb",
              "runs": {
                "batter": 1,
                "extras": 0,
                "total": 1
              }
            }
          ]
        },
        {
          "over": 12,
          "deliveries": [
            {
              "batter": "BM Duckett",
              "bowler": "KK Jennings",
              "non_striker": "JJ Cobb",
              "runs": {
                "batter": 0,
                "extras": 0,
                "total": 0
              }
            },
            {
              "batter": "BM Duckett",
              "bowler": "KK Jennings",
              "non_striker": "JJ Cobb",
              "runs": {
                "batter": 0,
                "extras": 0,
                "total": 0
              }
            },
            {
              "batter": "BM Duckett",
              "bowler": "KK Jennings",
              "non_striker": "JJ Cobb",
              "runs": {
                "batter": 1,
                "extras": 0,
                "total": 1
              }
            },
            {
              "batter": "JJ Cobb",
              "bowler": "KK Jennings",
              "non_striker": "BM Duckett",
              "runs": {
                "batter": 4,
                "extras": 0,
                "total": 4
              }
            },
            {
              "batter": "JJ Cobb",
              "bowler": "KK Jennings",
              "non_striker": "BM Duckett",
              "runs": {
                "batter": 2,
                "extras": 0,
                "total": 2
              }
            },
            {
              "batter": "JJ Cobb",
              "bowler": "KK Jennings",
              "non_striker": "BM Duckett",
              "runs": {
                "batter": 1,
                "extras": 0,
                "total": 1
              }
            }
          ]
        },
        {
          "over": 13,
          "deliveries": [
            {
              "batter": "JJ Cobb",
              "bowler": "RD Pringle",
              "non_striker": "BM Duckett",
              "runs": {
                "batter": 1,
                "extras": 0,
                "total": 1
              }
            },
            {
              "batter": "BM Duckett",
              "bowler": "RD Pringle",
              "non_striker": "JJ Cobb",
              "runs": {
                "batter": 1,
                "extras": 0,
                "total": 1
              }
            },
            {
              "batter": "JJ Cobb",
              "bowler": "RD Pringle",
              "non_striker": "BM Duckett",
              "runs": {
                "batter": 6,
                "extras": 0,
                "total": 6
              }
            },
            {
              "batter": "JJ Cobb",
              "bowler": "RD Pringle",
              "non_striker": "BM Duckett",
              "runs": {
                "batter": 0,
                "extras": 0,
                "total": 0
              }
            },
            {
              "batter": "JJ Cobb",
              "bowler": "RD Pringle",
              "non_striker": "BM Duckett",
              "runs": {
                "batter": 0,
                "extras": 0,
                "total": 0
              }
            },
            {
              "batter": "JJ Cobb",
              "bowler": "RD Pringle",
              "non_striker": "BM Duckett",
              "runs": {
                "batter": 1,
                "extras": 0,
                "total": 1
              }
            }
          ]
        },
        {
          "over": 14,
          "deliveries": [
            {
              "batter": "JJ Cobb",
              "bowler": "MA Wood",
              "non_striker": "BM Duckett",
              "runs": {
                "batter": 1,
                "extras": 0,
                "total": 1
              }
            },
            {
              "batter": "BM Duckett",
              "bowler": "MA Wood",
              "non_striker": "JJ Cobb",
              "runs": {
                "batter": 0,
                "extras": 0,
                "total": 0
              }
            },
            {
              "batter": "BM Duckett",
              "bowler": "MA Wood",
              "non_striker": "JJ Cobb",
              "runs": {
                "batter": 0,
                "extras": 0,
                "total": 0
              }
            },
            {
              "batter": "BM Duckett",
              "bowler": "MA Wood",
              "non_striker": "JJ Cobb",
              "runs": {
                "batter": 1,
                "extras": 0,
                "total": 1
              }
            },
            {
              "batter": "JJ Cobb",
              "bowler": "MA Wood",
              "extras": {
                "byes": 1
              },
              "non_striker": "BM Duckett",
              "runs": {
                "batter": 0,
                "extras": 1,
                "total": 1
              }
            },
            {
              "batter": "BM Duckett",
              "bowler": "MA Wood",
              "non_striker": "JJ Cobb",
              "runs": {
                "batter": 1,
                "extras": 0,
                "total": 1
              }
            }
          ]
        },
        {
          "over": 15,
          "deliveries": [
            {
              "batter": "BM Duckett",
              "bowler": "KK Jennings",
              "non_striker": "JJ Cobb",
              "runs": {
                "batter": 1,
                "extras": 0,
                "total": 1
              }
            },
            {
              "batter": "JJ Cobb",
              "bowler": "KK Jennings",
              "non_striker": "BM Duckett",
              "runs": {
                "batter": 4,
                "extras": 0,
                "total": 4
              }
            },
            {
              "batter": "JJ Cobb",
              "bowler": "KK Jennings",
              "non_striker": "BM Duckett",
              "runs": {
                "batter": 0,
                "extras": 0,
                "total": 0
              },
              "wickets": [
                {
                  "kind": "bowled",
                  "player_out": "JJ Cobb"
                }
              ]
            },
            {
              "batter": "SP Crook",
              "bowler": "KK Jennings",
              "extras": {
                "wides": 1
              },
              "non_striker": "BM Duckett",
              "runs": {
                "batter": 0,
                "extras": 1,
                "total": 1
              }
            },
            {
              "batter": "SP Crook",
              "bowler": "KK Jennings",
              "non_striker": "BM Duckett",
              "runs": {
                "batter": 1,
                "extras": 0,
                "total": 1
              }
            },
            {
              "batter": "BM Duckett",
              "bowler": "KK Jennings",
              "non_striker": "SP Crook",
              "runs": {
                "batter": 3,
                "extras": 0,
                "total": 3
              }
            },
            {
              "batter": "SP Crook",
              "bowler": "KK Jennings",
              "non_striker": "BM Duckett",
              "runs": {
                "batter": 0,
                "extras": 0,
                "total": 0
              },
              "wickets": [
                {
                  "kind": "stumped",
                  "player_out": "SP Crook",
                  "fielders": [
                    {
                      "name": "P Mustard"
                    }
                  ]
                }
              ]
            }
          ]
        },
        {
          "over": 16,
          "deliveries": [
            {
              "batter": "BM Duckett",
              "bowler": "P Coughlin",
              "non_striker": "RK Kleinveldt",
              "runs": {
                "batter": 0,
                "extras": 0,
                "total": 0
              }
            },
            {
              "batter": "BM Duckett",
              "bowler": "P Coughlin",
              "non_striker": "RK Kleinveldt",
              "runs": {
                "batter": 1,
                "extras": 0,
                "total": 1
              }
            },
            {
              "batter": "RK Kleinveldt",
              "bowler": "P Coughlin",
              "non_striker": "BM Duckett",
              "runs": {
                "batter": 0,
                "extras": 0,
                "total": 0
              }
            },
            {
              "batter": "RK Kleinveldt",
              "bowler": "P Coughlin",
              "non_striker": "BM Duckett",
              "runs": {
                "batter": 0,
                "extras": 0,
                "total": 0
              }
            },
            {
              "batter": "RK Kleinveldt",
              "bowler": "P Coughlin",
              "non_striker": "BM Duckett",
              "runs": {
                "batter": 4,
                "extras": 0,
                "total": 4
              }
            },
            {
              "batter": "RK Kleinveldt",
              "bowler": "P Coughlin",
              "extras": {
                "wides": 1
              },
              "non_striker": "BM Duckett",
              "runs": {
                "batter": 0,
                "extras": 1,
                "total": 1
              }
            },
            {
              "batter": "RK Kleinveldt",
              "bowler": "P Coughlin",
              "non_striker": "BM Duckett",
              "runs": {
                "batter": 1,
                "extras": 0,
                "total": 1
              }
            }
          ]
        },
        {
          "over": 17,
          "deliveries": [
            {
              "batter": "RK Kleinveldt",
              "bowler": "KK Jennings",
              "non_striker": "BM Duckett",
              "runs": {
                "batter": 0,
                "extras": 0,
                "total": 0
              }
            },
            {
              "batter": "RK Kleinveldt",
              "bowler": "KK Jennings",
              "non_striker": "BM Duckett",
              "runs": {
                "batter": 1,
                "extras": 0,
                "total": 1
              }
            },
            {
              "batter": "BM Duckett",
              "bowler": "KK Jennings",
              "non_striker": "RK Kleinveldt",
              "runs": {
                "batter": 1,
                "extras": 0,
                "total": 1
              }
            },
            {
              "batter": "RK Kleinveldt",
              "bowler": "KK Jennings",
              "non_striker": "BM Duckett",
              "runs": {
                "batter": 6,
                "extras": 0,
                "total": 6
              }
            },
            {
              "batter": "RK Kleinveldt",
              "bowler": "KK Jennings",
              "non_striker": "BM Duckett",
              "runs": {
                "batter": 1,
                "extras": 0,
                "total": 1
              }
            },
            {
              "batter": "BM Duckett",
              "bowler": "KK Jennings",
              "non_striker": "RK Kleinveldt",
              "runs": {
                "batter": 4,
                "extras": 0,
                "total": 4
              }
            }
          ]
        },
        {
          "over": 18,
          "deliveries": [
            {
              "batter": "RK Kleinveldt",
              "bowler": "C Rushworth",
              "non_striker": "BM Duckett",
              "runs": {
                "batter": 2,
                "extras": 0,
                "total": 2
              }
            },
            {
              "batter": "RK Kleinveldt",
              "bowler": "C Rushworth",
              "non_striker": "BM Duckett",
              "runs": {
                "batter": 1,
                "extras": 0,
                "total": 1
              }
            },
            {
              "batter": "BM Duckett",
              "bowler": "C Rushworth",
              "non_striker": "RK Kleinveldt",
              "runs": {
                "batter": 1,
                "extras": 0,
                "total": 1
              }
            },
            {
              "batter": "RK Kleinveldt",
              "bowler": "C Rushworth",
              "non_striker": "BM Duckett",
              "runs": {
                "batter": 0,
                "extras": 0,
                "total": 0
              }
            },
            {
              "batter": "RK Kleinveldt",
              "bowler": "C Rushworth",
              "non_striker": "BM Duckett",
              "runs": {
                "batter": 4,
                "extras": 0,
                "total": 4
              }
            },
            {
              "batter": "RK Kleinveldt",
              "bowler": "C Rushworth",
              "non_striker": "BM Duckett",
              "runs": {
                "batter": 2,
                "extras": 0,
                "total": 2
              }
            }
          ]
        },
        {
          "over": 19,
          "deliveries": [
            {
              "batter": "BM Duckett",
              "bowler": "P Coughlin",
              "non_striker": "RK Kleinveldt",
              "runs": {
                "batter": 2,
                "extras": 0,
                "total": 2
              }
            },
            {
              "batter": "BM Duckett",
              "bowler": "P Coughlin",
              "non_striker": "RK Kleinveldt",
              "runs": {
                "batter": 1,
                "extras": 0,
                "total": 1
              }
            },
            {
              "batter": "RK Kleinveldt",
              "bowler": "P Coughlin",
              "non_striker": "BM Duckett",
              "runs": {
                "batter": 1,
                "extras": 0,
                "total": 1
              }
            },
            {
              "batter": "BM Duckett",
              "bowler": "P Coughlin",
              "non_striker": "RK Kleinveldt",
              "runs": {
                "batter": 0,
                "extras": 0,
                "total": 0
              }
            },
            {
              "batter": "BM Duckett",
              "bowler": "P Coughlin",
              "non_striker": "RK Kleinveldt",
              "runs": {
                "batter": 1,
                "extras": 0,
                "total": 1
              }
            },
            {
              "batter": "RK Kleinveldt",
              "bowler": "P Coughlin",
              "non_striker": "BM Duckett",
              "runs": {
                "batter": 0,
                "extras": 0,
                "total": 0
              },
              "wickets": [
                {
                  "kind": "caught",
                  "player_out": "RK Kleinveldt",
                  "fielders": [
                    {
                      "name": "MA Wood"
                    }
                  ]
                }
              ]
            }
          ]
        }
      ],
      "powerplays": [
        {
          "from": 0.1,
          "to": 5.6,
          "type": "mandatory"
        }
      ]
    },
    {
      "team": "Durham",
      "overs": [
        {
          "over": 0,
          "deliveries": [
            {
              "batter": "MD Stoneman",
              "bowler": "MA Ashraf",
              "non_striker": "P Mustard",
              "runs": {
                "batter": 1,
                "extras": 0,
                "total": 1
              }
            },
            {
              "batter": "P Mustard",
              "bowler": "MA Ashraf",
              "non_striker": "MD Stoneman",
              "runs": {
                "batter": 0,
                "extras": 0,
                "total": 0
              }
            },
            {
              "batter": "P Mustard",
              "bowler": "MA Ashraf",
              "non_striker": "MD Stoneman",
              "runs": {
                "batter": 0,
                "extras": 0,
                "total": 0
              }
            },
            {
              "batter": "P Mustard",
              "bowler": "MA Ashraf",
              "non_striker": "MD Stoneman",
              "runs": {
                "batter": 1,
                "extras": 0,
                "total": 1
              }
            },
            {
              "batter": "MD Stoneman",
              "bowler": "MA Ashraf",
              "non_striker": "P Mustard",
              "runs": {
                "batter": 1,
                "extras": 0,
                "total": 1
              }
            },
            {
              "batter": "P Mustard",
              "bowler": "MA Ashraf",
              "non_striker": "MD Stoneman",
              "runs": {
                "batter": 0,
                "extras": 0,
                "total": 0
              }
            }
          ]
        },
        {
          "over": 1,
          "deliveries": [
            {
              "batter": "MD Stoneman",
              "bowler": "RJ Gleeson",
              "non_striker": "P Mustard",
              "runs": {
                "batter": 0,
                "extras": 0,
                "total": 0
              }
            },
            {
              "batter": "MD Stoneman",
              "bowler": "RJ Gleeson",
              "non_striker": "P Mustard",
              "runs": {
                "batter": 4,
                "extras": 0,
                "total": 4
              }
            },
            {
              "batter": "MD Stoneman",
              "bowler": "RJ Gleeson",
              "non_striker": "P Mustard",
              "runs": {
                "batter": 0,
                "extras": 0,
                "total": 0
              }
            },
            {
              "batter": "MD Stoneman",
              "bowler": "RJ Gleeson",
              "non_striker": "P Mustard",
              "runs": {
                "batter": 4,
                "extras": 0,
                "total": 4
              }
            },
            {
              "batter": "MD Stoneman",
              "bowler": "RJ Gleeson",
              "non_striker": "P Mustard",
              "runs": {
                "batter": 1,
                "extras": 0,
                "total": 1
              }
            },
            {
              "batter": "P Mustard",
              "bowler": "RJ Gleeson",
              "non_striker": "MD Stoneman",
              "runs": {
                "batter": 0,
                "extras": 0,
                "total": 0
              }
            }
          ]
        },
        {
          "over": 2,
          "deliveries": [
            {
              "batter": "MD Stoneman",
              "bowler": "MA Ashraf",
              "non_striker": "P Mustard",
              "runs": {
                "batter": 0,
                "extras": 0,
                "total": 0
              }
            },
            {
              "batter": "MD Stoneman",
              "bowler": "MA Ashraf",
              "non_striker": "P Mustard",
              "runs": {
                "batter": 4,
                "extras": 0,
                "total": 4
              }
            },
            {
              "batter": "MD Stoneman",
              "bowler": "MA Ashraf",
              "non_striker": "P Mustard",
              "runs": {
                "batter": 3,
                "extras": 0,
                "total": 3
              }
            },
            {
              "batter": "P Mustard",
              "bowler": "MA Ashraf",
              "non_striker": "MD Stoneman",
              "runs": {
                "batter": 0,
                "extras": 0,
                "total": 0
              }
            },
            {
              "batter": "P Mustard",
              "bowler": "MA Ashraf",
              "non_striker": "MD Stoneman",
              "runs": {
                "batter": 1,
                "extras": 0,
                "total": 1
              }
            },
            {
              "batter": "MD Stoneman",
              "bowler": "MA Ashraf",
              "non_striker": "P Mustard",
              "runs": {
                "batter": 2,
                "extras": 0,
                "total": 2
              }
            }
          ]
        },
        {
          "over": 3,
          "deliveries": [
            {
              "batter": "P Mustard",
              "bowler": "RK Kleinveldt",
              "non_striker": "MD Stoneman",
              "runs": {
                "batter": 0,
                "extras": 0,
                "total": 0
              }
            },
            {
              "batter": "P Mustard",
              "bowler": "RK Kleinveldt",
              "non_striker": "MD Stoneman",
              "runs": {
                "batter": 3,
                "extras": 0,
                "total": 3
              }
            },
            {
              "batter": "MD Stoneman",
              "bowler": "RK Kleinveldt",
              "non_striker": "P Mustard",
              "runs": {
                "batter": 1,
                "extras": 0,
                "total": 1
              }
            },
            {
              "batter": "P Mustard",
              "bowler": "RK Kleinveldt",
              "non_striker": "MD Stoneman",
              "runs": {
                "batter": 0,
                "extras": 0,
                "total": 0
              }
            },
            {
              "batter": "P Mustard",
              "bowler": "RK Kleinveldt",
              "non_striker": "MD Stoneman",
              "runs": {
                "batter": 0,
                "extras": 0,
                "total": 0
              }
            },
            {
              "batter": "P Mustard",
              "bowler": "RK Kleinveldt",
              "non_striker": "MD Stoneman",
              "runs": {
                "batter": 1,
                "extras": 0,
                "total": 1
              }
            }
          ]
        },
        {
          "over": 4,
          "deliveries": [
            {
              "batter": "P Mustard",
              "bowler": "RJ Gleeson",
              "non_striker": "MD Stoneman",
              "runs": {
                "batter": 0,
                "extras": 0,
                "total": 0
              }
            },
            {
              "batter": "P Mustard",
              "bowler": "RJ Gleeson",
              "non_striker": "MD Stoneman",
              "runs": {
                "batter": 0,
                "extras": 0,
                "total": 0
              }
            },
            {
              "batter": "P Mustard",
              "bowler": "RJ Gleeson",
              "non_striker": "MD Stoneman",
              "runs": {
                "batter": 2,
                "extras": 0,
                "total": 2
              }
            },
            {
              "batter": "P Mustard",
              "bowler": "RJ Gleeson",
              "non_striker": "MD Stoneman",
              "runs": {
                "batter": 4,
                "extras": 0,
                "total": 4
              }
            },
            {
              "batter": "P Mustard",
              "bowler": "RJ Gleeson",
              "non_striker": "MD Stoneman",
              "runs": {
                "batter": 0,
                "extras": 0,
                "total": 0
              }
            },
            {
              "batter": "P Mustard",
              "bowler": "RJ Gleeson",
              "non_striker": "MD Stoneman",
              "runs": {
                "batter": 1,
                "extras": 0,
                "total": 1
              }
            }
          ]
        },
        {
          "over": 5,
          "deliveries": [
            {
              "batter": "P Mustard",
              "bowler": "RK Kleinveldt",
              "non_striker": "MD Stoneman",
              "runs": {
                "batter": 0,
                "extras": 0,
                "total": 0
              }
            },
            {
              "batter": "P Mustard",
              "bowler": "RK Kleinveldt",
              "non_striker": "MD Stoneman",
              "runs": {
                "batter": 3,
                "extras": 0,
                "total": 3
              }
            },
            {
              "batter": "MD Stoneman",
              "bowler": "RK Kleinveldt",
              "non_striker": "P Mustard",
              "runs": {
                "batter": 0,
                "extras": 0,
                "total": 0
              }
            },
            {
              "batter": "MD Stoneman",
              "bowler": "RK Kleinveldt",
              "non_striker": "P Mustard",
              "runs": {
                "batter": 2,
                "extras": 0,
                "total": 2
              }
            },
            {
              "batter": "MD Stoneman",
              "bowler": "RK Kleinveldt",
              "non_striker": "P Mustard",
              "runs": {
                "batter": 2,
                "extras": 0,
                "total": 2
              }
            },
            {
              "batter": "MD Stoneman",
              "bowler": "RK Kleinveldt",
              "non_striker": "P Mustard",
              "runs": {
                "batter": 0,
                "extras": 0,
                "total": 0
              }
            }
          ]
        },
        {
          "over": 6,
          "deliveries": [
            {
              "batter": "P Mustard",
              "bowler": "JJ Cobb",
              "non_striker": "MD Stoneman",
              "runs": {
                "batter": 2,
                "extras": 0,
                "total": 2
              }
            },
            {
              "batter": "P Mustard",
              "bowler": "JJ Cobb",
              "non_striker": "MD Stoneman",
              "runs": {
                "batter": 0,
                "extras": 0,
                "total": 0
              }
            },
            {
              "batter": "P Mustard",
              "bowler": "JJ Cobb",
              "non_striker": "MD Stoneman",
              "runs": {
                "batter": 4,
                "extras": 0,
                "total": 4
              }
            },
            {
              "batter": "P Mustard",
              "bowler": "JJ Cobb",
              "non_striker": "MD Stoneman",
              "runs": {
                "batter": 1,
                "extras": 0,
                "total": 1
              }
            },
            {
              "batter": "MD Stoneman",
              "bowler": "JJ Cobb",
              "non_striker": "P Mustard",
              "runs": {
                "batter": 2,
                "extras": 0,
                "total": 2
              }
            },
            {
              "batter": "MD Stoneman",
              "bowler": "JJ Cobb",
              "non_striker": "P Mustard",
              "runs": {
                "batter": 1,
                "extras": 0,
                "total": 1
              }
            }
          ]
        },
        {
          "over": 7,
          "deliveries": [
            {
              "batter": "MD Stoneman",
              "bowler": "S Prasanna",
              "non_striker": "P Mustard",
              "runs": {
                "batter": 1,
                "extras": 0,
                "total": 1
              }
            },
            {
              "batter": "P Mustard",
              "bowler": "S Prasanna",
              "non_striker": "MD Stoneman",
              "runs": {
                "batter": 0,
                "extras": 0,
                "total": 0
              }
            },
            {
              "batter": "P Mustard",
              "bowler": "S Prasanna",
              "non_striker": "MD Stoneman",
              "runs": {
                "batter": 1,
                "extras": 0,
                "total": 1
              }
            },
            {
              "batter": "MD Stoneman",
              "bowler": "S Prasanna",
              "non_striker": "P Mustard",
              "runs": {
                "batter": 1,
                "extras": 0,
                "total": 1
              }
            },
            {
              "batter": "P Mustard",
              "bowler": "S Prasanna",
              "non_striker": "MD Stoneman",
              "runs": {
                "batter": 1,
                "extras": 0,
                "total": 1
              }
            },
            {
              "batter": "MD Stoneman",
              "bowler": "S Prasanna",
              "non_striker": "P Mustard",
              "runs": {
                "batter": 1,
                "extras": 0,
                "total": 1
              }
            }
          ]
        },
        {
          "over": 8,
          "deliveries": [
            {
              "batter": "MD Stoneman",
              "bowler": "SP Crook",
              "extras": {
                "wides": 1
              },
              "non_striker": "P Mustard",
              "runs": {
                "batter": 0,
                "extras": 1,
                "total": 1
              }
            },
            {
              "batter": "MD Stoneman",
              "bowler": "SP Crook",
              "non_striker": "P Mustard",
              "runs": {
                "batter": 1,
                "extras": 0,
                "total": 1
              }
            },
            {
              "batter": "P Mustard",
              "bowler": "SP Crook",
              "extras": {
                "legbyes": 4
              },
              "non_striker": "MD Stoneman",
              "runs": {
                "batter": 0,
                "extras": 4,
                "total": 4
              }
            },
            {
              "batter": "P Mustard",
              "bowler": "SP Crook",
              "non_striker": "MD Stoneman",
              "runs": {
                "batter": 0,
                "extras": 0,
                "total": 0
              }
            },
            {
              "batter": "P Mustard",
              "bowler": "SP Crook",
              "non_striker": "MD Stoneman",
              "runs": {
                "batter": 4,
                "extras": 0,
                "total": 4
              }
            },
            {
              "batter": "P Mustard",
              "bowler": "SP Crook",
              "non_striker": "MD Stoneman",
              "runs": {
                "batter": 6,
                "extras": 0,
                "total": 6
              }
            },
            {
              "batter": "P Mustard",
              "bowler": "SP Crook",
              "non_striker": "MD Stoneman",
              "runs": {
                "batter": 1,
                "extras": 0,
                "total": 1
              }
            }
          ]
        },
        {
          "over": 9,
          "deliveries": [
            {
              "batter": "P Mustard",
              "bowler": "S Prasanna",
              "non_striker": "MD Stoneman",
              "runs": {
                "batter": 4,
                "extras": 0,
                "total": 4
              }
            },
            {
              "batter": "P Mustard",
              "bowler": "S Prasanna",
              "non_striker": "MD Stoneman",
              "runs": {
                "batter": 0,
                "extras": 0,
                "total": 0
              },
              "wickets": [
                {
                  "kind": "caught",
                  "player_out": "P Mustard",
                  "fielders": [
                    {
                      "name": "SP Crook"
                    }
                  ]
                }
              ]
            },
            {
              "batter": "MD Stoneman",
              "bowler": "S Prasanna",
              "non_striker": "BA Stokes",
              "runs": {
                "batter": 1,
                "extras": 0,
                "total": 1
              }
            },
            {
              "batter": "BA Stokes",
              "bowler": "S Prasanna",
              "non_striker": "MD Stoneman",
              "runs": {
                "batter": 1,
                "extras": 0,
                "total": 1
              }
            },
            {
              "batter": "MD Stoneman",
              "bowler": "S Prasanna",
              "non_striker": "BA Stokes",
              "runs": {
                "batter": 1,
                "extras": 0,
                "total": 1
              }
            },
            {
              "batter": "BA Stokes",
              "bowler": "S Prasanna",
              "non_striker": "MD Stoneman",
              "runs": {
                "batter": 0,
                "extras": 0,
                "total": 0
              },
              "wickets": [
                {
                  "kind": "lbw",
                  "player_out": "BA Stokes"
                }
              ]
            }
          ]
        },
        {
          "over": 10,
          "deliveries": [
            {
              "batter": "MD Stoneman",
              "bowler": "RK Kleinveldt",
              "non_striker": "GJ Muchall",
              "runs": {
                "batter": 0,
                "extras": 0,
                "total": 0
              }
            },
            {
              "batter": "MD Stoneman",
              "bowler": "RK Kleinveldt",
              "non_striker": "GJ Muchall",
              "runs": {
                "batter": 1,
                "extras": 0,
                "total": 1
              }
            },
            {
              "batter": "GJ Muchall",
              "bowler": "RK Kleinveldt",
              "non_striker": "MD Stoneman",
              "runs": {
                "batter": 0,
                "extras": 0,
                "total": 0
              },
              "wickets": [
                {
                  "kind": "lbw",
                  "player_out": "GJ Muchall"
                }
              ]
            },
            {
              "batter": "KK Jennings",
              "bowler": "RK Kleinveldt",
              "non_striker": "MD Stoneman",
              "runs": {
                "batter": 0,
                "extras": 0,
                "total": 0
              }
            },
            {
              "batter": "KK Jennings",
              "bowler": "RK Kleinveldt",
              "non_striker": "MD Stoneman",
              "runs": {
                "batter": 0,
                "extras": 0,
                "total": 0
              }
            },
            {
              "batter": "KK Jennings",
              "bowler": "RK Kleinveldt",
              "non_striker": "MD Stoneman",
              "runs": {
                "batter": 2,
                "extras": 0,
                "total": 2
              }
            }
          ]
        },
        {
          "over": 11,
          "deliveries": [
            {
              "batter": "MD Stoneman",
              "bowler": "S Prasanna",
              "non_striker": "KK Jennings",
              "runs": {
                "batter": 1,
                "extras": 0,
                "total": 1
              }
            },
            {
              "batter": "KK Jennings",
              "bowler": "S Prasanna",
              "non_striker": "MD Stoneman",
              "runs": {
                "batter": 1,
                "extras": 0,
                "total": 1
              }
            },
            {
              "batter": "MD Stoneman",
              "bowler": "S Prasanna",
              "non_striker": "KK Jennings",
              "runs": {
                "batter": 2,
                "extras": 0,
                "total": 2
              }
            },
            {
              "batter": "MD Stoneman",
              "bowler": "S Prasanna",
              "non_striker": "KK Jennings",
              "runs": {
                "batter": 2,
                "extras": 0,
                "total": 2
              }
            },
            {
              "batter": "MD Stoneman",
              "bowler": "S Prasanna",
              "non_striker": "KK Jennings",
              "runs": {
                "batter": 0,
                "extras": 0,
                "total": 0
              },
              "wickets": [
                {
                  "kind": "lbw",
                  "player_out": "MD Stoneman"
                }
              ]
            },
            {
              "batter": "MJ Richardson",
              "bowler": "S Prasanna",
              "non_striker": "KK Jennings",
              "runs": {
                "batter": 0,
                "extras": 0,
                "total": 0
              }
            }
          ]
        },
        {
          "over": 12,
          "deliveries": [
            {
              "batter": "KK Jennings",
              "bowler": "JJ Cobb",
              "non_striker": "MJ Richardson",
              "runs": {
                "batter": 0,
                "extras": 0,
                "total": 0
              }
            },
            {
              "batter": "KK Jennings",
              "bowler": "JJ Cobb",
              "non_striker": "MJ Richardson",
              "runs": {
                "batter": 0,
                "extras": 0,
                "total": 0
              }
            },
            {
              "batter": "KK Jennings",
              "bowler": "JJ Cobb",
              "non_striker": "MJ Richardson",
              "runs": {
                "batter": 4,
                "extras": 0,
                "total": 4
              }
            },
            {
              "batter": "KK Jennings",
              "bowler": "JJ Cobb",
              "non_striker": "MJ Richardson",
              "runs": {
                "batter": 1,
                "extras": 0,
                "total": 1
              }
            },
            {
              "batter": "MJ Richardson",
              "bowler": "JJ Cobb",
              "non_striker": "KK Jennings",
              "runs": {
                "batter": 0,
                "extras": 0,
                "total": 0
              }
            },
            {
              "batter": "MJ Richardson",
              "bowler": "JJ Cobb",
              "non_striker": "KK Jennings",
              "runs": {
                "batter": 0,
                "extras": 0,
                "total": 0
              }
            }
          ]
        },
        {
          "over": 13,
          "deliveries": [
            {
              "batter": "KK Jennings",
              "bowler": "S Prasanna",
              "non_striker": "MJ Richardson",
              "runs": {
                "batter": 2,
                "extras": 0,
                "total": 2
              }
            },
            {
              "batter": "KK Jennings",
              "bowler": "S Prasanna",
              "non_striker": "MJ Richardson",
              "runs": {
                "batter": 1,
                "extras": 0,
                "total": 1
              }
            },
            {
              "batter": "MJ Richardson",
              "bowler": "S Prasanna",
              "non_striker": "KK Jennings",
              "runs": {
                "batter": 1,
                "extras": 0,
                "total": 1
              }
            },
            {
              "batter": "KK Jennings",
              "bowler": "S Prasanna",
              "non_striker": "MJ Richardson",
              "runs": {
                "batter": 0,
                "extras": 0,
                "total": 0
              }
            },
            {
              "batter": "KK Jennings",
              "bowler": "S Prasanna",
              "non_striker": "MJ Richardson",
              "runs": {
                "batter": 1,
                "extras": 0,
                "total": 1
              }
            },
            {
              "batter": "MJ Richardson",
              "bowler": "S Prasanna",
              "non_striker": "KK Jennings",
              "runs": {
                "batter": 1,
                "extras": 0,
                "total": 1
              }
            }
          ]
        },
        {
          "over": 14,
          "deliveries": [
            {
              "batter": "MJ Richardson",
              "bowler": "JJ Cobb",
              "non_striker": "KK Jennings",
              "runs": {
                "batter": 4,
                "extras": 0,
                "total": 4
              }
            },
            {
              "batter": "MJ Richardson",
              "bowler": "JJ Cobb",
              "non_striker": "KK Jennings",
              "runs": {
                "batter": 1,
                "extras": 0,
                "total": 1
              }
            },
            {
              "batter": "KK Jennings",
              "bowler": "JJ Cobb",
              "non_striker": "MJ Richardson",
              "runs": {
                "batter": 2,
                "extras": 0,
                "total": 2
              }
            },
            {
              "batter": "KK Jennings",
              "bowler": "JJ Cobb",
              "non_striker": "MJ Richardson",
              "runs": {
                "batter": 1,
                "extras": 0,
                "total": 1
              }
            },
            {
              "batter": "MJ Richardson",
              "bowler": "JJ Cobb",
              "non_striker": "KK Jennings",
              "runs": {
                "batter": 0,
                "extras": 0,
                "total": 0
              }
            },
            {
              "batter": "MJ Richardson",
              "bowler": "JJ Cobb",
              "non_striker": "KK Jennings",
              "runs": {
                "batter": 2,
                "extras": 0,
                "total": 2
              }
            }
          ]
        },
        {
          "over": 15,
          "deliveries": [
            {
              "batter": "KK Jennings",
              "bowler": "RK Kleinveldt",
              "non_striker": "MJ Richardson",
              "runs": {
                "batter": 4,
                "extras": 0,
                "total": 4
              }
            },
            {
              "batter": "KK Jennings",
              "bowler": "RK Kleinveldt",
              "non_striker": "MJ Richardson",
              "runs": {
                "batter": 1,
                "extras": 0,
                "total": 1
              }
            },
            {
              "batter": "MJ Richardson",
              "bowler": "RK Kleinveldt",
              "non_striker": "KK Jennings",
              "runs": {
                "batter": 1,
                "extras": 0,
                "total": 1
              }
            },
            {
              "batter": "KK Jennings",
              "bowler": "RK Kleinveldt",
              "extras": {
                "wides": 1
              },
              "non_striker": "MJ Richardson",
              "runs": {
                "batter": 0,
                "extras": 1,
                "total": 1
              }
            },
            {
              "batter": "KK Jennings",
              "bowler": "RK Kleinveldt",
              "non_striker": "MJ Richardson",
              "runs": {
                "batter": 6,
                "extras": 0,
                "total": 6
              }
            },
            {
              "batter": "KK Jennings",
              "bowler": "RK Kleinveldt",
              "extras": {
                "wides": 1
              },
              "non_striker": "MJ Richardson",
              "runs": {
                "batter": 0,
                "extras": 1,
                "total": 1
              }
            },
            {
              "batter": "KK Jennings",
              "bowler": "RK Kleinveldt",
              "non_striker": "MJ Richardson",
              "runs": {
                "batter": 1,
                "extras": 0,
                "total": 1
              }
            },
            {
              "batter": "MJ Richardson",
              "bowler": "RK Kleinveldt",
              "non_striker": "KK Jennings",
              "runs": {
                "batter": 0,
                "extras": 0,
                "total": 0
              }
            }
          ]
        },
        {
          "over": 16,
          "deliveries": [
            {
              "batter": "KK Jennings",
              "bowler": "RJ Gleeson",
              "non_striker": "MJ Richardson",
              "runs": {
                "batter": 1,
                "extras": 0,
                "total": 1
              }
            },
            {
              "batter": "MJ Richardson",
              "bowler": "RJ Gleeson",
              "non_striker": "KK Jennings",
              "runs": {
                "batter": 0,
                "extras": 0,
                "total": 0
              }
            },
            {
              "batter": "MJ Richardson",
              "bowler": "RJ Gleeson",
              "non_striker": "KK Jennings",
              "runs": {
                "batter": 4,
                "extras": 0,
                "total": 4
              }
            },
            {
              "batter": "MJ Richardson",
              "bowler": "RJ Gleeson",
              "non_striker": "KK Jennings",
              "runs": {
                "batter": 1,
                "extras": 0,
                "total": 1
              }
            },
            {
              "batter": "KK Jennings",
              "bowler": "RJ Gleeson",
              "non_striker": "MJ Richardson",
              "runs": {
                "batter": 0,
                "extras": 0,
                "total": 0
              }
            },
            {
              "batter": "KK Jennings",
              "bowler": "RJ Gleeson",
              "non_striker": "MJ Richardson",
              "runs": {
                "batter": 0,
                "extras": 0,
                "total": 0
              }
            }
          ]
        },
        {
          "over": 17,
          "deliveries": [
            {
              "batter": "MJ Richardson",
              "bowler": "MA Ashraf",
              "non_striker": "KK Jennings",
              "runs": {
                "batter": 0,
                "extras": 0,
                "total": 0
              }
            },
            {
              "batter": "MJ Richardson",
              "bowler": "MA Ashraf",
              "non_striker": "KK Jennings",
              "runs": {
                "batter": 0,
                "extras": 0,
                "total": 0
              }
            },
            {
              "batter": "MJ Richardson",
              "bowler": "MA Ashraf",
              "non_striker": "KK Jennings",
              "runs": {
                "batter": 1,
                "extras": 0,
                "total": 1
              }
            },
            {
              "batter": "KK Jennings",
              "bowler": "MA Ashraf",
              "non_striker": "MJ Richardson",
              "runs": {
                "batter": 4,
                "extras": 0,
                "total": 4
              }
            },
            {
              "batter": "KK Jennings",
              "bowler": "MA Ashraf",
              "non_striker": "MJ Richardson",
              "runs": {
                "batter": 3,
                "extras": 0,
                "total": 3
              }
            },
            {
              "batter": "MJ Richardson",
              "bowler": "MA Ashraf",
              "non_striker": "KK Jennings",
              "runs": {
                "batter": 1,
                "extras": 0,
                "total": 1
              }
            }
          ]
        },
        {
          "over": 18,
          "deliveries": [
            {
              "batter": "MJ Richardson",
              "bowler": "RJ Gleeson",
              "non_striker": "KK Jennings",
              "runs": {
                "batter": 4,
                "extras": 0,
                "total": 4
              }
            },
            {
              "batter": "MJ Richardson",
              "bowler": "RJ Gleeson",
              "non_striker": "KK Jennings",
              "runs": {
                "batter": 1,
                "extras": 0,
                "total": 1
              }
            },
            {
              "batter": "KK Jennings",
              "bowler": "RJ Gleeson",
              "non_striker": "MJ Richardson",
              "runs": {
                "batter": 1,
                "extras": 0,
                "total": 1
              }
            },
            {
              "batter": "MJ Richardson",
              "bowler": "RJ Gleeson",
              "extras": {
                "noballs": 2
              },
              "non_striker": "KK Jennings",
              "runs": {
                "batter": 0,
                "extras": 2,
                "total": 2
              }
            },
            {
              "batter": "MJ Richardson",
              "bowler": "RJ Gleeson",
              "extras": {
                "wides": 5
              },
              "non_striker": "KK Jennings",
              "runs": {
                "batter": 0,
                "extras": 5,
                "total": 5
              }
            }
          ]
        }
      ],
      "powerplays": [
        {
          "from": 0.1,
          "to": 5.6,
          "type": "mandatory"
        }
      ],
      "target": {
        "overs": 20,
        "runs": 150
      }
    }
  ]
}