{
  "meta": {
    "data_version": "1.0.0",
    "created": "2017-05-02",
    "revision": 1
  },
  "info": {
    "balls_per_over": 6,
    "city": "Tunbridge Wells",
    "dates": [
      "2016-07-15"
    ],
    "event": {
      "group": "South",
      "name": "NatWest T20 Blast"
    },
    "gender": "male",
    "match_type": "T20",
    "officials": {
      "umpires": [
        "DJ Millns",
        "PR Pollard"
      ]
    },
    "outcome": {
      "by": {
        "wickets": 8
      },
      "winner": "Kent"
    },
    "overs": 20,
    "player_of_match": [
      "DJ Bell-Drummond"
    ],
    "players": {
      "Kent": [
        "DJ Bell-Drummond",
        "JL Denly",
        "SA Northeast",
        "SW Billings",
        "AJ Blake",
        "DI Stevens",
        "AJ Ball",
        "JC Tredwell",
        "K Rabada",
        "ME Claydon",
        "DA Griffiths"
      ],
      "Surrey": [
        "JJ Roy",
        "AJ Finch",
        "SM Davies",
        "TK Curran",
        "DP Sibley",
        "CH Morris",
        "RJ Burns",
        "SM Curran",
        "ZS Ansari",
        "GJ Batty",
        "JW Dernbach"
      ]
    },
    "registry": {
      "people": {
        "AJ Ball": "49299473",
        "AJ Blake": "ea27a674",
        "AJ Finch": "b8d490fd",
        "CH Morris": "fb66ce1f",
        "DA Griffiths": "1f572ee8",
        "DI Stevens": "bca21d18",
        "DJ Bell-Drummond": "8f938a32",
        "DJ Millns": "46ecfe40",
        "DP Sibley": "97e434a6",
        "GJ Batty": "5ac8f17b",
        "JC Tredwell": "49b6c09f",
        "JJ Roy": "d1c36f5c",
        "JL Denly": "bdadf7da",
        "JW Dernbach": "7be8a0ed",
        "K Rabada": "e62dd25d",
        "ME Claydon": "15101f12",
        "PR Pollard": "85d884bb",
        "RJ Burns": "29e8a62e",
        "SA Northeast": "7e4c8ba3",
        "SM Curran": "e94915e6",
        "SM Davies": "8fc65c2b",
        "SW Billings": "c16d4035",
        "TK Curran": "e86754b2",
        "ZS Ansari": "7b1e20ea"
      }
    },
    "season": 2016,
    "team_type": "club",
    "teams": [
      "Kent",
      "Surrey"
    ],
    "toss": {
      "decision": "bat",
      "winner": "Surrey"
    },
    "venue": "Nevill Ground"
  },
  "innings": [
    {
      "team": "Surrey",
      "overs": [
        {
          "over": 0,
          "deliveries": [
            {
              "batter": "JJ Roy",
              "bowler": "DI Stevens",
              "non_striker": "AJ Finch",
              "runs": {
                "batter": 0,
                "extras": 0,
                "total": 0
              }
            },
            {
              "batter": "JJ Roy",
              "bowler": "DI Stevens",
              "non_striker": "AJ Finch",
              "runs": {
                "batter": 0,
                "extras": 0,
                "total": 0
              }
            },
            {
              "batter": "JJ Roy",
              "bowler": "DI Stevens",
              "non_striker": "AJ Finch",
              "runs": {
                "batter": 4,
                "extras": 0,
                "total": 4
              }
            },
            {
              "batter": "JJ Roy",
              "bowler": "DI Stevens",
              "non_striker": "AJ Finch",
              "runs": {
                "batter": 1,
                "extras": 0,
                "total": 1
              }
            },
            {
              "batter": "AJ Finch",
              "bowler": "DI Stevens",
              "non_striker": "JJ Roy",
              "runs": {
                "batter": 2,
                "extras": 0,
                "total": 2
              }
            },
            {
              "batter": "AJ Finch",
              "bowler": "DI Stevens",
              "non_striker": "JJ Roy",
              "runs": {
                "batter": 1,
                "extras": 0,
                "total": 1
              }
            }
          ]
        },
        {
          "over": 1,
          "deliveries": [
            {
              "batter": "AJ Finch",
              "bowler": "ME Claydon",
              "extras": {
                "wides": 1
              },
              "non_striker": "JJ Roy",
              "runs": {
                "batter": 0,
                "extras": 1,
                "total": 1
              }
            },
            {
              "batter": "AJ Finch",
              "bowler": "ME Claydon",
              "non_striker": "JJ Roy",
              "runs": {
                "batter": 1,
                "extras": 0,
                "total": 1
              }
            },
            {
              "batter": "JJ Roy",
              "bowler": "ME Claydon",
              "non_striker": "AJ Finch",
              "runs": {
                "batter": 0,
                "extras": 0,
                "total": 0
              }
            },
            {
              "batter": "JJ Roy",
              "bowler": "ME Claydon",
              "non_striker": "AJ Finch",
              "runs": {
                "batter": 0,
                "extras": 0,
                "total": 0
              }
            },
            {
              "batter": "JJ Roy",
              "bowler": "ME Claydon",
              "non_striker": "AJ Finch",
              "runs": {
                "batter": 0,
                "extras": 0,
                "total": 0
              }
            },
            {
              "batter": "JJ Roy",
              "bowler": "ME Claydon",
              "non_striker": "AJ Finch",
              "runs": {
                "batter": 0,
                "extras": 0,
                "total": 0
              }
            },
            {
              "batter": "JJ Roy",
              "bowler": "ME Claydon",
              "extras": {
                "legbyes": 1
              },
              "non_striker": "AJ Finch",
              "runs": {
                "batter": 0,
                "extras": 1,
                "total": 1
              }
            }
          ]
        },
        {
          "over": 2,
          "deliveries": [
            {
              "batter": "JJ Roy",
              "bowler": "K Rabada",
              "non_striker": "AJ Finch",
              "runs": {
                "batter": 6,
                "extras": 0,
                "total": 6
              }
            },
            {
              "batter": "JJ Roy",
              "bowler": "K Rabada",
              "non_striker": "AJ Finch",
              "runs": {
                "batter": 6,
                "extras": 0,
                "total": 6
              }
            },
            {
              "batter": "JJ Roy",
              "bowler": "K Rabada",
              "non_striker": "AJ Finch",
              "runs": {
                "batter": 0,
                "extras": 0,
                "total": 0
              }
            },
            {
              "batter": "JJ Roy",
              "bowler": "K Rabada",
              "extras": {
                "noballs": 2
              },
              "non_striker": "AJ Finch",
              "runs": {
                "batter": 0,
                "extras": 2,
                "total": 2
              }
            },
            {
              "batter": "JJ Roy",
              "bowler": "K Rabada",
              "non_striker": "AJ Finch",
              "runs": {
                "batter": 0,
                "extras": 0,
                "total": 0
              }
            },
            {
              "batter": "JJ Roy",
              "bowler": "K Rabada",
              "non_striker": "AJ Finch",
              "runs": {
                "batter": 6,
                "extras": 0,
                "total": 6
              }
            },
            {
              "batter": "JJ Roy",
              "bowler": "K Rabada",
              "non_striker": "AJ Finch",
              "runs": {
                "batter": 1,
                "extras": 0,
                "total": 1
              }
            }
          ]
        },
        {
          "over": 3,
          "deliveries": [
            {
              "batter": "JJ Roy",
              "bowler": "ME Claydon",
              "non_striker": "AJ Finch",
              "runs": {
                "batter": 4,
                "extras": 0,
                "total": 4
              }
            },
            {
              "batter": "JJ Roy",
              "bowler": "ME Claydon",
              "non_striker": "AJ Finch",
              "runs": {
                "batter": 4,
                "extras": 0,
                "total": 4
              }
            },
            {
              "batter": "JJ Roy",
              "bowler": "ME Claydon",
              "non_striker": "AJ Finch",
              "runs": {
                "batter": 2,
                "extras": 0,
                "total": 2
              }
            },
            {
              "batter": "JJ Roy",
              "bowler": "ME Claydon",
              "non_striker": "AJ Finch",
              "runs": {
                "batter": 0,
                "extras": 0,
                "total": 0
              }
            },
            {
              "batter": "JJ Roy",
              "bowler": "ME Claydon",
              "non_striker": "AJ Finch",
              "runs": {
                "batter": 4,
                "extras": 0,
                "total": 4
              }
            },
            {
              "batter": "JJ Roy",
              "bowler": "ME Claydon",
              "non_striker": "AJ Finch",
              "runs": {
                "batter": 1,
                "extras": 0,
                "total": 1
              }
            }
          ]
        },
        {
          "over": 4,
          "deliveries": [
            {
              "batter": "JJ Roy",
              "bowler": "K Rabada",
              "non_striker": "AJ Finch",
              "runs": {
                "batter": 0,
                "extras": 0,
                "total": 0
              }
            },
            {
              "batter": "JJ Roy",
              "bowler": "K Rabada",
              "non_striker": "AJ Finch",
              "runs": {
                "batter": 1,
                "extras": 0,
                "total": 1
              }
            },
            {
              "batter": "AJ Finch",
              "bowler": "K Rabada",
              "non_striker": "JJ Roy",
              "runs": {
                "batter": 0,
                "extras": 0,
                "total": 0
              }
            },
            {
              "batter": "AJ Finch",
              "bowler": "K Rabada",
              "non_striker": "JJ Roy",
              "runs": {
                "batter": 1,
                "extras": 0,
                "total": 1
              }
            },
            {
              "batter": "JJ Roy",
              "bowler": "K Rabada",
              "non_striker": "AJ Finch",
              "runs": {
                "batter": 1,
                "extras": 0,
                "total": 1
              }
            },
            {
              "batter": "AJ Finch",
              "bowler": "K Rabada",
              "non_striker": "JJ Roy",
              "runs": {
                "batter": 0,
                "extras": 0,
                "total": 0
              }
            }
          ]
        },
        {
          "over": 5,
          "deliveries": [
            {
              "batter": "JJ Roy",
              "bowler": "DI Stevens",
              "non_striker": "AJ Finch",
              "runs": {
                "batter": 6,
                "extras": 0,
                "total": 6
              }
            },
            {
              "batter": "JJ Roy",
              "bowler": "DI Stevens",
              "non_striker": "AJ Finch",
              "runs": {
                "batter": 1,
                "extras": 0,
                "total": 1
              }
            },
            {
              "batter": "AJ Finch",
              "bowler": "DI Stevens",
              "non_striker": "JJ Roy",
              "runs": {
                "batter": 1,
                "extras": 0,
                "total": 1
              }
            },
            {
              "batter": "JJ Roy",
              "bowler": "DI Stevens",
              "non_striker": "AJ Finch",
              "runs": {
                "batter": 4,
                "extras": 0,
                "total": 4
              }
            },
            {
              "batter": "JJ Roy",
              "bowler": "DI Stevens",
              "non_striker": "AJ Finch",
              "runs": {
                "batter": 0,
                "extras": 0,
                "total": 0
              },
              "wickets": [
                {
                  "kind": "caught",
                  "player_out": "JJ Roy",
                  "fielders": [
                    {
                      "name": "K Rabada"
                    }
                  ]
                }
              ]
            },
            {
              "batter": "SM Davies",
              "bowler": "DI Stevens",
              "non_striker": "AJ Finch",
              "runs": {
                "batter": 0,
                "extras": 0,
                "total": 0
              }
            }
          ]
        },
        {
          "over": 6,
          "deliveries": [
            {
              "batter": "AJ Finch",
              "bowler": "DA Griffiths",
              "non_striker": "SM Davies",
              "runs": {
                "batter": 1,
                "extras": 0,
                "total": 1
              }
            },
            {
              "batter": "SM Davies",
              "bowler": "DA Griffiths",
              "non_striker": "AJ Finch",
              "runs": {
                "batter": 1,
                "extras": 0,
                "total": 1
              }
            },
            {
              "batter": "AJ Finch",
              "bowler": "DA Griffiths",
              "non_striker": "SM Davies",
              "runs": {
                "batter": 0,
                "extras": 0,
                "total": 0
              },
              "wickets": [
                {
                  "kind": "caught",
                  "player_out": "AJ Finch",
                  "fielders": [
                    {
                      "name": "K Rabada"
                    }
                  ]
                }
              ]
            },
            {
              "batter": "SM Davies",
              "bowler": "DA Griffiths",
              "non_striker": "TK Curran",
              "runs": {
                "batter": 1,
                "extras": 0,
                "total": 1
              }
            },
            {
              "batter": "TK Curran",
              "bowler": "DA Griffiths",
              "non_striker": "SM Davies",
              "runs": {
                "batter": 0,
                "extras": 0,
                "total": 0
              }
            },
            {
              "batter": "TK Curran",
              "bowler": "DA Griffiths",
              "non_striker": "SM Davies",
              "runs": {
                "batter": 4,
                "extras": 0,
                "total": 4
              }
            }
          ]
        },
        {
          "over": 7,
          "deliveries": [
            {
              "batter": "SM Davies",
              "bowler": "JC Tredwell",
              "non_striker": "TK Curran",
              "runs": {
                "batter": 6,
                "extras": 0,
                "total": 6
              }
            },
            {
              "batter": "SM Davies",
              "bowler": "JC Tredwell",
              "non_striker": "TK Curran",
              "runs": {
                "batter": 1,
                "extras": 0,
                "total": 1
              }
            },
            {
              "batter": "TK Curran",
              "bowler": "JC Tredwell",
              "non_striker": "SM Davies",
              "runs": {
                "batter": 1,
                "extras": 0,
                "total": 1
              }
            },
            {
              "batter": "SM Davies",
              "bowler": "JC Tredwell",
              "non_striker": "TK Curran",
              "runs": {
                "batter": 1,
                "extras": 0,
                "total": 1
              }
            },
            {
              "batter": "TK Curran",
              "bowler": "JC Tredwell",
              "non_striker": "SM Davies",
              "runs": {
                "batter": 4,
                "extras": 0,
                "total": 4
              }
            },
            {
              "batter": "TK Curran",
              "bowler": "JC Tredwell",
              "non_striker": "SM Davies",
              "runs": {
                "batter": 2,
                "extras": 0,
                "total": 2
              }
            }
          ]
        },
        {
          "over": 8,
          "deliveries": [
            {
              "batter": "SM Davies",
              "bowler": "DA Griffiths",
              "non_striker": "TK Curran",
              "runs": {
                "batter": 4,
                "extras": 0,
                "total": 4
              }
            },
            {
              "batter": "SM Davies",
              "bowler": "DA Griffiths",
              "non_striker": "TK Curran",
              "runs": {
                "batter": 4,
                "extras": 0,
                "total": 4
              }
            },
            {
              "batter": "SM Davies",
              "bowler": "DA Griffiths",
              "non_striker": "TK Curran",
              "runs": {
                "batter": 0,
                "extras": 0,
                "total": 0
              }
            },
            {
              "batter": "SM Davies",
              "bowler": "DA Griffiths",
              "non_striker": "TK Curran",
              "runs": {
                "batter": 1,
                "extras": 0,
                "total": 1
              }
            },
            {
              "batter": "TK Curran",
              "bowler": "DA Griffiths",
              "non_striker": "SM Davies",
              "runs": {
                "batter": 1,
                "extras": 0,
                "total": 1
              }
            },
            {
              "batter": "SM Davies",
              "bowler": "DA Griffiths",
              "non_striker": "TK Curran",
              "runs": {
                "batter": 1,
                "extras": 0,
                "total": 1
              }
            }
          ]
        },
        {
          "over": 9,
          "deliveries": [
            {
              "batter": "SM Davies",
              "bowler": "JC Tredwell",
              "non_striker": "TK Curran",
              "runs": {
                "batter": 2,
                "extras": 0,
                "total": 2
              }
            },
            {
              "batter": "SM Davies",
              "bowler": "JC Tredwell",
              "extras": {
                "legbyes": 1
              },
              "non_striker": "TK Curran",
              "runs": {
                "batter": 0,
                "extras": 1,
                "total": 1
              }
            },
            {
              "batter": "TK Curran",
              "bowler": "JC Tredwell",
              "non_striker": "SM Davies",
              "runs": {
                "batter": 0,
                "extras": 0,
                "total": 0
              },
              "wickets": [
                {
                  "kind": "bowled",
                  "player_out": "TK Curran"
                }
              ]
            },
            {
              "batter": "DP Sibley",
              "bowler": "JC Tredwell",
              "non_striker": "SM Davies",
              "runs": {
                "batter": 2,
                "extras": 0,
                "total": 2
              }
            },
            {
              "batter": "DP Sibley",
              "bowler": "JC Tredwell",
              "non_striker": "SM Davies",
              "runs": {
                "batter": 2,
                "extras": 0,
                "total": 2
              }
            },
            {
              "batter": "DP Sibley",
              "bowler": "JC Tredwell",
              "non_striker": "SM Davies",
              "runs": {
                "batter": 1,
                "extras": 0,
                "total": 1
              }
            }
          ]
        },
        {
          "over": 10,
          "deliveries": [
            {
              "batter": "DP Sibley",
              "bowler": "K Rabada",
              "non_striker": "SM Davies",
              "runs": {
                "batter": 0,
                "extras": 0,
                "total": 0
              }
            },
            {
              "batter": "DP Sibley",
              "bowler": "K Rabada",
              "extras": {
                "wides": 1
              },
              "non_striker": "SM Davies",
              "runs": {
                "batter": 0,
                "extras": 1,
                "total": 1
              }
            },
            {
              "batter": "DP Sibley",
              "bowler": "K Rabada",
              "non_striker": "SM Davies",
              "runs": {
                "batter": 2,
                "extras": 0,
                "total": 2
              }
            },
            {
              "batter": "DP Sibley",
              "bowler": "K Rabada",
              "non_striker": "SM Davies",
              "runs": {
                "batter": 0,
                "extras": 0,
                "total": 0
              }
            },
            {
              "batter": "DP Sibley",
              "bowler": "K Rabada",
              "non_striker": "SM Davies",
              "runs": {
                "batter": 0,
                "extras": 0,
                "total": 0
              }
            },
            {
              "batter": "DP Sibley",
              "bowler": "K Rabada",
              "non_striker": "SM Davies",
              "runs": {
                "batter": 1,
                "extras": 0,
                "total": 1
              }
            },
            {
              "batter": "SM Davies",
              "bowler": "K Rabada",
              "non_striker": "DP Sibley",
              "runs": {
                "batter": 1,
                "extras": 0,
                "total": 1
              }
            }
          ]
        },
        {
          "over": 11,
          "deliveries": [
            {
              "batter": "SM Davies",
              "bowler": "JC Tredwell",
              "non_striker": "DP Sibley",
              "runs": {
                "batter": 0,
                "extras": 0,
                "total": 0
              },
              "wickets": [
                {
                  "kind": "bowled",
                  "player_out": "SM Davies"
                }
              ]
            },
            {
              "batter": "CH Morris",
              "bowler": "JC Tredwell",
              "non_striker": "DP Sibley",
              "runs": {
                "batter": 1,
                "extras": 0,
                "total": 1
              }
            },
            {
              "batter": "DP Sibley",
              "bowler": "JC Tredwell",
              "non_striker": "CH Morris",
              "runs": {
                "batter": 2,
                "extras": 0,
                "total": 2
              }
            },
            {
              "batter": "DP Sibley",
              "bowler": "JC Tredwell",
              "extras": {
                "legbyes": 1
              },
              "non_striker": "CH Morris",
              "runs": {
                "batter": 0,
                "extras": 1,
                "total": 1
              }
            },
            {
              "batter": "CH Morris",
              "bowler": "JC Tredwell",
              "non_striker": "DP Sibley",
              "runs": {
                "batter": 1,
                "extras": 0,
                "total": 1
              }
            },
            {
              "batter": "DP Sibley",
              "bowler": "JC Tredwell",
              "non_striker": "CH Morris",
              "runs": {
                "batter": 0,
                "extras": 0,
                "total": 0
              }
            }
          ]
        },
        {
          "over": 12,
          "deliveries": [
            {
              "batter": "CH Morris",
              "bowler": "AJ Ball",
              "non_striker": "DP Sibley",
              "runs": {
                "batter": 1,
                "extras": 0,
                "total": 1
              }
            },
            {
              "batter": "DP Sibley",
              "bowler": "AJ Ball",
              "non_striker": "CH Morris",
              "runs": {
                "batter": 1,
                "extras": 0,
                "total": 1
              }
            },
            {
              "batter": "CH Morris",
              "bowler": "AJ Ball",
              "extras": {
                "wides": 1
              },
              "non_striker": "DP Sibley",
              "runs": {
                "batter": 0,
                "extras": 1,
                "total": 1
              }
            },
            {
              "batter": "CH Morris",
              "bowler": "AJ Ball",
              "non_striker": "DP Sibley",
              "runs": {
                "batter": 0,
                "extras": 0,
                "total": 0
              }
            },
            {
              "batter": "CH Morris",
              "bowler": "AJ Ball",
              "non_striker": "DP Sibley",
              "runs": {
                "batter": 4,
                "extras": 0,
                "total": 4
              }
            },
            {
              "batter": "CH Morris",
              "bowler": "AJ Ball",
              "non_striker": "DP Sibley",
              "runs": {
                "batter": 1,
                "extras": 0,
                "total": 1
              }
            },
            {
              "batter": "DP Sibley",
              "bowler": "AJ Ball",
              "non_striker": "CH Morris",
              "runs": {
                "batter": 1,
                "extras": 0,
                "total": 1
              }
            }
          ]
        },
        {
          "over": 13,
          "deliveries": [
            {
              "batter": "DP Sibley",
              "bowler": "JC Tredwell",
              "non_striker": "CH Morris",
              "runs": {
                "batter": 2,
                "extras": 0,
                "total": 2
              }
            },
            {
              "batter": "DP Sibley",
              "bowler": "JC Tredwell",
              "non_striker": "CH Morris",
              "runs": {
                "batter": 0,
                "extras": 0,
                "total": 0
              },
              "wickets": [
                {
                  "kind": "stumped",
                  "player_out": "DP Sibley",
                  "fielders": [
                    {
                      "name": "SW Billings"
                    }
                  ]
                }
              ]
            },
            {
              "batter": "RJ Burns",
              "bowler": "JC Tredwell",
              "non_striker": "CH Morris",
              "runs": {
                "batter": 1,
                "extras": 0,
                "total": 1
              }
            },
            {
              "batter": "CH Morris",
              "bowler": "JC Tredwell",
              "non_striker": "RJ Burns",
              "runs": {
                "batter": 1,
                "extras": 0,
                "total": 1
              }
            },
            {
              "batter": "RJ Burns",
              "bowler": "JC Tredwell",
              "non_striker": "CH Morris",
              "runs": {
                "batter": 0,
                "extras": 0,
                "total": 0
              }
            },
            {
              "batter": "RJ Burns",
              "bowler": "JC Tredwell",
              "non_striker": "CH Morris",
              "runs": {
                "batter": 2,
                "extras": 0,
                "total": 2
              }
            }
          ]
        },
        {
          "over": 14,
          "deliveries": [
            {
              "batter": "CH Morris",
              "bowler": "DA Griffiths",
              "non_striker": "RJ Burns",
              "runs": {
                "batter": 1,
                "extras": 0,
                "total": 1
              }
            },
            {
              "batter": "RJ Burns",
              "bowler": "DA Griffiths",
              "non_striker": "CH Morris",
              "runs": {
                "batter": 1,
                "extras": 0,
                "total": 1
              }
            },
            {
              "batter": "CH Morris",
              "bowler": "DA Griffiths",
              "non_striker": "RJ Burns",
              "runs": {
                "batter": 1,
                "extras": 0,
                "total": 1
              }
            },
            {
              "batter": "RJ Burns",
              "bowler": "DA Griffiths",
              "non_striker": "CH Morris",
              "runs": {
                "batter": 1,
                "extras": 0,
                "total": 1
              }
            },
            {
              "batter": "CH Morris",
              "bowler": "DA Griffiths",
              "non_striker": "RJ Burns",
              "runs": {
                "batter": 1,
                "extras": 0,
                "total": 1
              }
            },
            {
              "batter": "RJ Burns",
              "bowler": "DA Griffiths",
              "non_striker": "CH Morris",
              "runs": {
                "batter": 4,
                "extras": 0,
                "total": 4
              }
            }
          ]
        },
        {
          "over": 15,
          "deliveries": [
            {
              "batter": "CH Morris",
              "bowler": "DI Stevens",
              "non_striker": "RJ Burns",
              "runs": {
                "batter": 1,
                "extras": 0,
                "total": 1
              }
            },
            {
              "batter": "RJ Burns",
              "bowler": "DI Stevens",
              "non_striker": "CH Morris",
              "runs": {
                "batter": 1,
                "extras": 0,
                "total": 1
              }
            },
            {
              "batter": "CH Morris",
              "bowler": "DI Stevens",
              "non_striker": "RJ Burns",
              "runs": {
                "batter": 6,
                "extras": 0,
                "total": 6
              }
            },
            {
              "batter": "CH Morris",
              "bowler": "DI Stevens",
              "non_striker": "RJ Burns",
              "runs": {
                "batter": 4,
                "extras": 0,
                "total": 4
              }
            },
            {
              "batter": "CH Morris",
              "bowler": "DI Stevens",
              "non_striker": "RJ Burns",
              "runs": {
                "batter": 1,
                "extras": 0,
                "total": 1
              }
            },
            {
              "batter": "RJ Burns",
              "bowler": "DI Stevens",
              "non_striker": "CH Morris",
              "runs": {
                "batter": 0,
                "extras": 0,
                "total": 0
              }
            }
          ]
        },
        {
          "over": 16,
          "deliveries": [
            {
              "batter": "CH Morris",
              "bowler": "K Rabada",
              "non_striker": "RJ Burns",
              "runs": {
                "batter": 1,
                "extras": 0,
                "total": 1
              }
            },
            {
              "batter": "RJ Burns",
              "bowler": "K Rabada",
              "non_striker": "CH Morris",
              "runs": {
                "batter": 0,
                "extras": 0,
                "total": 0
              }
            },
            {
              "batter": "RJ Burns",
              "bowler": "K Rabada",
              "non_striker": "CH Morris",
              "runs": {
                "batter": 0,
                "extras": 0,
                "total": 0
              },
              "wickets": [
                {
                  "kind": "bowled",
                  "player_out": "RJ Burns"
                }
              ]
            },
            {
              "batter": "SM Curran",
              "bowler": "K Rabada",
              "non_striker": "CH Morris",
              "runs": {
                "batter": 0,
                "extras": 0,
                "total": 0
              }
            },
            {
              "batter": "SM Curran",
              "bowler": "K Rabada",
              "non_striker": "CH Morris",
              "runs": {
                "batter": 0,
                "extras": 0,
                "total": 0
              }
            },
            {
              "batter": "SM Curran",
              "bowler": "K Rabada",
              "non_striker": "CH Morris",
              "runs": {
                "batter": 1,
                "extras": 0,
                "total": 1
              }
            }
          ]
        },
        {
          "over": 17,
          "deliveries": [
            {
              "batter": "SM Curran",
              "bowler": "ME Claydon",
              "non_striker": "CH Morris",
              "runs": {
                "batter": 0,
                "extras": 0,
                "total": 0
              }
            },
            {
              "batter": "SM Curran",
              "bowler": "ME Claydon",
              "non_striker": "CH Morris",
              "runs": {
                "batter": 1,
                "extras": 0,
                "total": 1
              },
              "wickets": [
                {
                  "kind": "run out",
                  "player_out": "CH Morris",
                  "fielders": [
                    {
                      "name": "AJ Ball"
                    }
                  ]
                }
              ]
            },
            {
              "batter": "ZS Ansari",
              "bowler": "ME Claydon",
              "non_striker": "SM Curran",
              "runs": {
                "batter": 1,
                "extras": 0,
                "total": 1
              }
            },
            {
              "batter": "SM Curran",
              "bowler": "ME Claydon",
              "non_striker": "ZS Ansari",
              "runs": {
                "batter": 4,
                "extras": 0,
                "total": 4
              }
            },
            {
              "batter": "SM Curran",
              "bowler": "ME Claydon",
              "non_striker": "ZS Ansari",
              "runs": {
                "batter": 1,
                "extras": 0,
                "total": 1
              }
            },
            {
              "batter": "ZS Ansari",
              "bowler": "ME Claydon",
              "non_striker": "SM Curran",
              "runs": {
                "batter": 2,
                "extras": 0,
                "total": 2
              }
            }
          ]
        },
        {
          "over": 18,
          "deliveries": [
            {
              "batter": "SM Curran",
              "bowler": "DA Griffiths",
              "non_striker": "ZS Ansari",
              "runs": {
                "batter": 1,
                "extras": 0,
                "total": 1
              }
            },
            {
              "batter": "ZS Ansari",
              "bowler": "DA Griffiths",
              "non_striker": "SM Curran",
              "runs": {
                "batter": 2,
                "extras": 0,
                "total": 2
              }
            },
            {
              "batter": "ZS Ansari",
              "bowler": "DA Griffiths",
              "non_striker": "SM Curran",
              "runs": {
                "batter": 1,
                "extras": 0,
                "total": 1
              }
            },
            {
              "batter": "SM Curran",
              "bowler": "DA Griffiths",
              "non_striker": "ZS Ansari",
              "runs": {
                "batter": 0,
                "extras": 0,
                "total": 0
              }
            },
            {
              "batter": "SM Curran",
              "bowler": "DA Griffiths",
              "non_striker": "ZS Ansari",
              "runs": {
                "batter": 0,
                "extras": 0,
                "total": 0
              }
            },
            {
              "batter": "SM Curran",
              "bowler": "DA Griffiths",
              "non_striker": "ZS Ansari",
              "runs": {
                "batter": 4,
                "extras": 0,
                "total": 4
              }
            }
          ]
        },
        {
          "over": 19,
          "deliveries": [
            {
              "batter": "ZS Ansari",
              "bowler": "ME Claydon",
              "non_striker": "SM Curran",
              "runs": {
                "batter": 1,
                "extras": 0,
                "total": 1
              }
            },
            {
              "batter": "SM Curran",
              "bowler": "ME Claydon",
              "non_striker": "ZS Ansari",
              "runs": {
                "batter": 6,
                "extras": 0,
                "total": 6
              }
            },
            {
              "batter": "SM Curran",
              "bowler": "ME Claydon",
              "non_striker": "ZS Ansari",
              "runs": {
                "batter": 1,
                "extras": 0,
                "total": 1
              }
            },
            {
              "batter": "ZS Ansari",
              "bowler": "ME Claydon",
              "non_striker": "SM Curran",
              "runs": {
                "batter": 1,
                "extras": 0,
                "total": 1
              }
            },
            {
              "batter": "SM Curran",
              "bowler": "ME Claydon",
              "non_striker": "ZS Ansari",
              "runs": {
                "batter": 0,
                "extras": 0,
                "total": 0
              },
              "wickets": [
                {
                  "kind": "bowled",
                  "player_out": "SM Curran"
                }
              ]
            },
            {
              "batter": "GJ Batty",
              "bowler": "ME Claydon",
              "non_striker": "ZS Ansari",
              "runs": {
                "batter": 2,
                "extras": 0,
                "total": 2
              }
            }
          ]
        }
      ],
      "powerplays": [
        {
          "from": 0.1,
          "to": 5.6,
          "type": "mandatory"
        }
      ]
    },
    {
      "team": "Kent",
      "overs": [
        {
          "over": 0,
          "deliveries": [
            {
              "batter": "DJ Bell-Drummond",
              "bowler": "SM Curran",
              "non_striker": "JL Denly",
              "runs": {
                "batter": 1,
                "extras": 0,
                "total": 1
              }
            },
            {
              "batter": "JL Denly",
              "bowler": "SM Curran",
              "non_striker": "DJ Bell-Drummond",
              "runs": {
                "batter": 0,
                "extras": 0,
                "total": 0
              },
              "wickets": [
                {
                  "kind": "bowled",
                  "player_out": "JL Denly"
                }
              ]
            },
            {
              "batter": "SA Northeast",
              "bowler": "SM Curran",
              "non_striker": "DJ Bell-Drummond",
              "runs": {
                "batter": 0,
                "extras": 0,
                "total": 0
              }
            },
            {
              "batter": "SA Northeast",
              "bowler": "SM Curran",
              "non_striker": "DJ Bell-Drummond",
              "runs": {
                "batter": 1,
                "extras": 0,
                "total": 1
              }
            },
            {
              "batter": "DJ Bell-Drummond",
              "bowler": "SM Curran",
              "non_striker": "SA Northeast",
              "runs": {
                "batter": 0,
                "extras": 0,
                "total": 0
              }
            },
            {
              "batter": "DJ Bell-Drummond",
              "bowler": "SM Curran",
              "non_striker": "SA Northeast",
              "runs": {
                "batter": 0,
                "extras": 0,
                "total": 0
              }
            }
          ]
        },
        {
          "over": 1,
          "deliveries": [
            {
              "batter": "SA Northeast",
              "bowler": "CH Morris",
              "non_striker": "DJ Bell-Drummond",
              "runs": {
                "batter": 1,
                "extras": 0,
                "total": 1
              }
            },
            {
              "batter": "DJ Bell-Drummond",
              "bowler": "CH Morris",
              "non_striker": "SA Northeast",
              "runs": {
                "batter": 1,
                "extras": 0,
                "total": 1
              }
            },
            {
              "batter": "SA Northeast",
              "bowler": "CH Morris",
              "non_striker": "DJ Bell-Drummond",
              "runs": {
                "batter": 0,
                "extras": 0,
                "total": 0
              }
            },
            {
              "batter": "SA Northeast",
              "bowler": "CH Morris",
              "non_striker": "DJ Bell-Drummond",
              "runs": {
                "batter": 0,
                "extras": 0,
                "total": 0
              }
            },
            {
              "batter": "SA Northeast",
              "bowler": "CH Morris",
              "non_striker": "DJ Bell-Drummond",
              "runs": {
                "batter": 4,
                "extras": 0,
                "total": 4
              }
            },
            {
              "batter": "SA Northeast",
              "bowler": "CH Morris",
              "non_striker": "DJ Bell-Drummond",
              "runs": {
                "batter": 1,
                "extras": 0,
                "total": 1
              }
            }
          ]
        },
        {
          "over": 2,
          "deliveries": [
            {
              "batter": "SA Northeast",
              "bowler": "SM Curran",
              "non_striker": "DJ Bell-Drummond",
              "runs": {
                "batter": 0,
                "extras": 0,
                "total": 0
              }
            },
            {
              "batter": "SA Northeast",
              "bowler": "SM Curran",
              "non_striker": "DJ Bell-Drummond",
              "runs": {
                "batter": 0,
                "extras": 0,
                "total": 0
              }
            },
            {
              "batter": "SA Northeast",
              "bowler": "SM Curran",
              "non_striker": "DJ Bell-Drummond",
              "runs": {
                "batter": 2,
                "extras": 0,
                "total": 2
              }
            },
            {
              "batter": "SA Northeast",
              "bowler": "SM Curran",
              "non_striker": "DJ Bell-Drummond",
              "runs": {
                "batter": 4,
                "extras": 0,
                "total": 4
              }
            },
            {
              "batter": "SA Northeast",
              "bowler": "SM Curran",
              "non_striker": "DJ Bell-Drummond",
              "runs": {
                "batter": 1,
                "extras": 0,
                "total": 1
              }
            },
            {
              "batter": "DJ Bell-Drummond",
              "bowler": "SM Curran",
              "extras": {
                "wides": 1
              },
              "non_striker": "SA Northeast",
              "runs": {
                "batter": 0,
                "extras": 1,
                "total": 1
              }
            },
            {
              "batter": "DJ Bell-Drummond",
              "bowler": "SM Curran",
              "non_striker": "SA Northeast",
              "runs": {
                "batter": 3,
                "extras": 0,
                "total": 3
              }
            }
          ]
        },
        {
          "over": 3,
          "deliveries": [
            {
              "batter": "DJ Bell-Drummond",
              "bowler": "CH Morris",
              "non_striker": "SA Northeast",
              "runs": {
                "batter": 4,
                "extras": 0,
                "total": 4
              }
            },
            {
              "batter": "DJ Bell-Drummond",
              "bowler": "CH Morris",
              "non_striker": "SA Northeast",
              "runs": {
                "batter": 4,
                "extras": 0,
                "total": 4
              }
            },
            {
              "batter": "DJ Bell-Drummond",
              "bowler": "CH Morris",
              "non_striker": "SA Northeast",
              "runs": {
                "batter": 0,
                "extras": 0,
                "total": 0
              }
            },
            {
              "batter": "DJ Bell-Drummond",
              "bowler": "CH Morris",
              "non_striker": "SA Northeast",
              "runs": {
                "batter": 0,
                "extras": 0,
                "total": 0
              }
            },
            {
              "batter": "DJ Bell-Drummond",
              "bowler": "CH Morris",
              "non_striker": "SA Northeast",
              "runs": {
                "batter": 0,
                "extras": 0,
                "total": 0
              }
            },
            {
              "batter": "DJ Bell-Drummond",
              "bowler": "CH Morris",
              "non_striker": "SA Northeast",
              "runs": {
                "batter": 1,
                "extras": 0,
                "total": 1
              }
            }
          ]
        },
        {
          "over": 4,
          "deliveries": [
            {
              "batter": "DJ Bell-Drummond",
              "bowler": "TK Curran",
              "non_striker": "SA Northeast",
              "runs": {
                "batter": 4,
                "extras": 0,
                "total": 4
              }
            },
            {
              "batter": "DJ Bell-Drummond",
              "bowler": "TK Curran",
              "non_striker": "SA Northeast",
              "runs": {
                "batter": 0,
                "extras": 0,
                "total": 0
              }
            },
            {
              "batter": "DJ Bell-Drummond",
              "bowler": "TK Curran",
              "non_striker": "SA Northeast",
              "runs": {
                "batter": 4,
                "extras": 0,
                "total": 4
              }
            },
            {
              "batter": "DJ Bell-Drummond",
              "bowler": "TK Curran",
              "non_striker": "SA Northeast",
              "runs": {
                "batter": 4,
                "extras": 0,
                "total": 4
              }
            },
            {
              "batter": "DJ Bell-Drummond",
              "bowler": "TK Curran",
              "non_striker": "SA Northeast",
              "runs": {
                "batter": 4,
                "extras": 0,
                "total": 4
              }
            },
            {
              "batter": "DJ Bell-Drummond",
              "bowler": "TK Curran",
              "non_striker": "SA Northeast",
              "runs": {
                "batter": 1,
                "extras": 0,
                "total": 1
              }
            }
          ]
        },
        {
          "over": 5,
          "deliveries": [
            {
              "batter": "DJ Bell-Drummond",
              "bowler": "JW Dernbach",
              "non_striker": "SA Northeast",
              "runs": {
                "batter": 0,
                "extras": 0,
                "total": 0
              }
            },
            {
              "batter": "DJ Bell-Drummond",
              "bowler": "JW Dernbach",
              "non_striker": "SA Northeast",
              "runs": {
                "batter": 2,
                "extras": 0,
                "total": 2
              }
            },
            {
              "batter": "DJ Bell-Drummond",
              "bowler": "JW Dernbach",
              "non_striker": "SA Northeast",
              "runs": {
                "batter": 6,
                "extras": 0,
                "total": 6
              }
            },
            {
              "batter": "DJ Bell-Drummond",
              "bowler": "JW Dernbach",
              "non_striker": "SA Northeast",
              "runs": {
                "batter": 1,
                "extras": 0,
                "total": 1
              }
            },
            {
              "batter": "SA Northeast",
              "bowler": "JW Dernbach",
              "non_striker": "DJ Bell-Drummond",
              "runs": {
                "batter": 1,
                "extras": 0,
                "total": 1
              }
            },
            {
              "batter": "DJ Bell-Drummond",
              "bowler": "JW Dernbach",
              "non_striker": "SA Northeast",
              "runs": {
                "batter": 1,
                "extras": 0,
                "total": 1
              }
            }
          ]
        },
        {
          "over": 6,
          "deliveries": [
            {
              "batter": "DJ Bell-Drummond",
              "bowler": "ZS Ansari",
              "non_striker": "SA Northeast",
              "runs": {
                "batter": 1,
                "extras": 0,
                "total": 1
              }
            },
            {
              "batter": "SA Northeast",
              "bowler": "ZS Ansari",
              "non_striker": "DJ Bell-Drummond",
              "runs": {
                "batter": 0,
                "extras": 0,
                "total": 0
              }
            },
            {
              "batter": "SA Northeast",
              "bowler": "ZS Ansari",
              "non_striker": "DJ Bell-Drummond",
              "runs": {
                "batter": 6,
                "extras": 0,
                "total": 6
              }
            },
            {
              "batter": "SA Northeast",
              "bowler": "ZS Ansari",
              "non_striker": "DJ Bell-Drummond",
              "runs": {
                "batter": 1,
                "extras": 0,
                "total": 1
              }
            },
            {
              "batter": "DJ Bell-Drummond",
              "bowler": "ZS Ansari",
              "non_striker": "SA Northeast",
              "runs": {
                "batter": 4,
                "extras": 0,
                "total": 4
              }
            },
            {
              "batter": "DJ Bell-Drummond",
              "bowler": "ZS Ansari",
              "non_striker": "SA Northeast",
              "runs": {
                "batter": 0,
                "extras": 0,
                "total": 0
              }
            }
          ]
        },
        {
          "over": 7,
          "deliveries": [
            {
              "batter": "SA Northeast",
              "bowler": "GJ Batty",
              "non_striker": "DJ Bell-Drummond",
              "runs": {
                "batter": 1,
                "extras": 0,
                "total": 1
              }
            },
            {
              "batter": "DJ Bell-Drummond",
              "bowler": "GJ Batty",
              "non_striker": "SA Northeast",
              "runs": {
                "batter": 1,
                "extras": 0,
                "total": 1
              }
            },
            {
              "batter": "SA Northeast",
              "bowler": "GJ Batty",
              "non_striker": "DJ Bell-Drummond",
              "runs": {
                "batter": 1,
                "extras": 0,
                "total": 1
              }
            },
            {
              "batter": "DJ Bell-Drummond",
              "bowler": "GJ Batty",
              "non_striker": "SA Northeast",
              "runs": {
                "batter": 1,
                "extras": 0,
                "total": 1
              }
            },
            {
              "batter": "SA Northeast",
              "bowler": "GJ Batty",
              "non_striker": "DJ Bell-Drummond",
              "runs": {
                "batter": 4,
                "extras": 0,
                "total": 4
              }
            },
            {
              "batter": "SA Northeast",
              "bowler": "GJ Batty",
              "non_striker": "DJ Bell-Drummond",
              "runs": {
                "batter": 1,
                "extras": 0,
                "total": 1
              }
            }
          ]
        },
        {
          "over": 8,
          "deliveries": [
            {
              "batter": "SA Northeast",
              "bowler": "JW Dernbach",
              "non_striker": "DJ Bell-Drummond",
              "runs": {
                "batter": 4,
                "extras": 0,
                "total": 4
              }
            },
            {
              "batter": "SA Northeast",
              "bowler": "JW Dernbach",
              "non_striker": "DJ Bell-Drummond",
              "runs": {
                "batter": 0,
                "extras": 0,
                "total": 0
              }
            },
            {
              "batter": "SA Northeast",
              "bowler": "JW Dernbach",
              "non_striker": "DJ Bell-Drummond",
              "runs": {
                "batter": 1,
                "extras": 0,
                "total": 1
              }
            },
            {
              "batter": "DJ Bell-Drummond",
              "bowler": "JW Dernbach",
              "non_striker": "SA Northeast",
              "runs": {
                "batter": 2,
                "extras": 0,
                "total": 2
              }
            },
            {
              "batter": "DJ Bell-Drummond",
              "bowler": "JW Dernbach",
              "non_striker": "SA Northeast",
              "runs": {
                "batter": 1,
                "extras": 0,
                "total": 1
              }
            },
            {
              "batter": "SA Northeast",
              "bowler": "JW Dernbach",
              "non_striker": "DJ Bell-Drummond",
              "runs": {
                "batter": 6,
                "extras": 0,
                "total": 6
              }
            }
          ]
        },
        {
          "over": 9,
          "deliveries": [
            {
              "batter": "DJ Bell-Drummond",
              "bowler": "GJ Batty",
              "extras": {
                "wides": 1
              },
              "non_striker": "SA Northeast",
              "runs": {
                "batter": 0,
                "extras": 1,
                "total": 1
              }
            },
            {
              "batter": "DJ Bell-Drummond",
              "bowler": "GJ Batty",
              "non_striker": "SA Northeast",
              "runs": {
                "batter": 1,
                "extras": 0,
                "total": 1
              }
            },
            {
              "batter": "SA Northeast",
              "bowler": "GJ Batty",
              "non_striker": "DJ Bell-Drummond",
              "runs": {
                "batter": 2,
                "extras": 0,
                "total": 2
              }
            },
            {
              "batter": "SA Northeast",
              "bowler": "GJ Batty",
              "non_striker": "DJ Bell-Drummond",
              "runs": {
                "batter": 1,
                "extras": 0,
                "total": 1
              }
            },
            {
              "batter": "DJ Bell-Drummond",
              "bowler": "GJ Batty",
              "non_striker": "SA Northeast",
              "runs": {
                "batter": 1,
                "extras": 0,
                "total": 1
              }
            },
            {
              "batter": "SA Northeast",
              "bowler": "GJ Batty",
              "non_striker": "DJ Bell-Drummond",
              "runs": {
                "batter": 2,
                "extras": 0,
                "total": 2
              }
            },
            {
              "batter": "SA Northeast",
              "bowler": "GJ Batty",
              "non_striker": "DJ Bell-Drummond",
              "runs": {
                "batter": 2,
                "extras": 0,
                "total": 2
              }
            }
          ]
        },
        {
          "over": 10,
          "deliveries": [
            {
              "batter": "DJ Bell-Drummond",
              "bowler": "TK Curran",
              "non_striker": "SA Northeast",
              "runs": {
                "batter": 0,
                "extras": 0,
                "total": 0
              }
            },
            {
              "batter": "DJ Bell-Drummond",
              "bowler": "TK Curran",
              "non_striker": "SA Northeast",
              "runs": {
                "batter": 4,
                "extras": 0,
                "total": 4
              }
            },
            {
              "batter": "DJ Bell-Drummond",
              "bowler": "TK Curran",
              "non_striker": "SA Northeast",
              "runs": {
                "batter": 1,
                "extras": 0,
                "total": 1
              }
            },
            {
              "batter": "SA Northeast",
              "bowler": "TK Curran",
              "non_striker": "DJ Bell-Drummond",
              "runs": {
                "batter": 1,
                "extras": 0,
                "total": 1
              }
            },
            {
              "batter": "DJ Bell-Drummond",
              "bowler": "TK Curran",
              "non_striker": "SA Northeast",
              "runs": {
                "batter": 4,
                "extras": 0,
                "total": 4
              }
            },
            {
              "batter": "DJ Bell-Drummond",
              "bowler": "TK Curran",
              "non_striker": "SA Northeast",
              "runs": {
                "batter": 4,
                "extras": 0,
                "total": 4
              }
            }
          ]
        },
        {
          "over": 11,
          "deliveries": [
            {
              "batter": "SA Northeast",
              "bowler": "ZS Ansari",
              "non_striker": "DJ Bell-Drummond",
              "runs": {
                "batter": 0,
                "extras": 0,
                "total": 0
              }
            },
            {
              "batter": "SA Northeast",
              "bowler": "ZS Ansari",
              "non_striker": "DJ Bell-Drummond",
              "runs": {
                "batter": 1,
                "extras": 0,
                "total": 1
              }
            },
            {
              "batter": "DJ Bell-Drummond",
              "bowler": "ZS Ansari",
              "non_striker": "SA Northeast",
              "runs": {
                "batter": 2,
                "extras": 0,
                "total": 2
              }
            },
            {
              "batter": "DJ Bell-Drummond",
              "bowler": "ZS Ansari",
              "non_striker": "SA Northeast",
              "runs": {
                "batter": 1,
                "extras": 0,
                "total": 1
              }
            },
            {
              "batter": "SA Northeast",
              "bowler": "ZS Ansari",
              "non_striker": "DJ Bell-Drummond",
              "runs": {
                "batter": 1,
                "extras": 0,
                "total": 1
              }
            },
            {
              "batter": "DJ Bell-Drummond",
              "bowler": "ZS Ansari",
              "non_striker": "SA Northeast",
              "runs": {
                "batter": 1,
                "extras": 0,
                "total": 1
              }
            }
          ]
        },
        {
          "over": 12,
          "deliveries": [
            {
              "batter": "DJ Bell-Drummond",
              "bowler": "CH Morris",
              "non_striker": "SA Northeast",
              "runs": {
                "batter": 1,
                "extras": 0,
                "total": 1
              }
            },
            {
              "batter": "SA Northeast",
              "bowler": "CH Morris",
              "non_striker": "DJ Bell-Drummond",
              "runs": {
                "batter": 1,
                "extras": 0,
                "total": 1
              }
            },
            {
              "batter": "DJ Bell-Drummond",
              "bowler": "CH Morris",
              "non_striker": "SA Northeast",
              "runs": {
                "batter": 4,
                "extras": 0,
                "total": 4
              }
            },
            {
              "batter": "DJ Bell-Drummond",
              "bowler": "CH Morris",
              "non_striker": "SA Northeast",
              "runs": {
                "batter": 0,
                "extras": 0,
                "total": 0
              }
            },
            {
              "batter": "DJ Bell-Drummond",
              "bowler": "CH Morris",
              "non_striker": "SA Northeast",
              "runs": {
                "batter": 4,
                "extras": 0,
                "total": 4
              }
            },
            {
              "batter": "DJ Bell-Drummond",
              "bowler": "CH Morris",
              "non_striker": "SA Northeast",
              "runs": {
                "batter": 1,
                "extras": 0,
                "total": 1
              }
            }
          ]
        },
        {
          "over": 13,
          "deliveries": [
            {
              "batter": "DJ Bell-Drummond",
              "bowler": "ZS Ansari",
              "non_striker": "SA Northeast",
              "runs": {
                "batter": 1,
                "extras": 0,
                "total": 1
              }
            },
            {
              "batter": "SA Northeast",
              "bowler": "ZS Ansari",
              "non_striker": "DJ Bell-Drummond",
              "runs": {
                "batter": 1,
                "extras": 0,
                "total": 1
              }
            },
            {
              "batter": "DJ Bell-Drummond",
              "bowler": "ZS Ansari",
              "non_striker": "SA Northeast",
              "runs": {
                "batter": 2,
                "extras": 0,
                "total": 2
              }
            },
            {
              "batter": "DJ Bell-Drummond",
              "bowler": "ZS Ansari",
              "non_striker": "SA Northeast",
              "runs": {
                "batter": 1,
                "extras": 0,
                "total": 1
              }
            },
            {
              "batter": "SA Northeast",
              "bowler": "ZS Ansari",
              "non_striker": "DJ Bell-Drummond",
              "runs": {
                "batter": 1,
                "extras": 0,
                "total": 1
              }
            },
            {
              "batter": "DJ Bell-Drummond",
              "bowler": "ZS Ansari",
              "non_striker": "SA Northeast",
              "runs": {
                "batter": 0,
                "extras": 0,
                "total": 0
              }
            }
          ]
        },
        {
          "over": 14,
          "deliveries": [
            {
              "batter": "SA Northeast",
              "bowler": "SM Curran",
              "non_striker": "DJ Bell-Drummond",
              "runs": {
                "batter": 1,
                "extras": 0,
                "total": 1
              }
            },
            {
              "batter": "DJ Bell-Drummond",
              "bowler": "SM Curran",
              "non_striker": "SA Northeast",
              "runs": {
                "batter": 1,
                "extras": 0,
                "total": 1
              }
            },
            {
              "batter": "SA Northeast",
              "bowler": "SM Curran",
              "non_striker": "DJ Bell-Drummond",
              "runs": {
                "batter": 1,
                "extras": 0,
                "total": 1
              }
            },
            {
              "batter": "DJ Bell-Drummond",
              "bowler": "SM Curran",
              "non_striker": "SA Northeast",
              "runs": {
                "batter": 2,
                "extras": 0,
                "total": 2
              }
            },
            {
              "batter": "DJ Bell-Drummond",
              "bowler": "SM Curran",
              "non_striker": "SA Northeast",
              "runs": {
                "batter": 4,
                "extras": 0,
                "total": 4
              }
            },
            {
              "batter": "DJ Bell-Drummond",
              "bowler": "SM Curran",
              "non_striker": "SA Northeast",
              "runs": {
                "batter": 1,
                "extras": 0,
                "total": 1
              }
            }
          ]
        },
        {
          "over": 15,
          "deliveries": [
            {
              "batter": "DJ Bell-Drummond",
              "bowler": "ZS Ansari",
              "non_striker": "SA Northeast",
              "runs": {
                "batter": 1,
                "extras": 0,
                "total": 1
              }
            },
            {
              "batter": "SA Northeast",
              "bowler": "ZS Ansari",
              "non_striker": "DJ Bell-Drummond",
              "runs": {
                "batter": 2,
                "extras": 0,
                "total": 2
              }
            },
            {
              "batter": "SA Northeast",
              "bowler": "ZS Ansari",
              "non_striker": "DJ Bell-Drummond",
              "runs": {
                "batter": 0,
                "extras": 0,
                "total": 0
              },
              "wickets": [
                {
                  "kind": "caught",
                  "player_out": "SA Northeast",
                  "fielders": [
                    {
                      "name": "SM Davies"
                    }
                  ]
                }
              ]
            },
            {
              "batter": "SW Billings",
              "bowler": "ZS Ansari",
              "non_striker": "DJ Bell-Drummond",
              "runs": {
                "batter": 1,
                "extras": 0,
                "total": 1
              }
            },
            {
              "batter": "DJ Bell-Drummond",
              "bowler": "ZS Ansari",
              "non_striker": "SW Billings",
              "runs": {
                "batter": 1,
                "extras": 0,
                "total": 1
              }
            },
            {
              "batter": "SW Billings",
              "bowler": "ZS Ansari",
              "non_striker": "DJ Bell-Drummond",
              "runs": {
                "batter": 0,
                "extras": 0,
                "total": 0
              }
            }
          ]
        },
        {
          "over": 16,
          "deliveries": [
            {
              "batter": "DJ Bell-Drummond",
              "bowler": "JW Dernbach",
              "non_striker": "SW Billings",
              "runs": {
                "batter": 1,
                "extras": 0,
                "total": 1
              }
            },
            {
              "batter": "SW Billings",
              "bowler": "JW Dernbach",
              "non_striker": "DJ Bell-Drummond",
              "runs": {
                "batter": 2,
                "extras": 0,
                "total": 2
              }
            },
            {
              "batter": "SW Billings",
              "bowler": "JW Dernbach",
              "non_striker": "DJ Bell-Drummond",
              "runs": {
                "batter": 1,
                "extras": 0,
                "total": 1
              }
            },
            {
              "batter": "DJ Bell-Drummond",
              "bowler": "JW Dernbach",
              "non_striker": "SW Billings",
              "runs": {
                "batter": 2,
                "extras": 0,
                "total": 2
              }
            },
            {
              "batter": "DJ Bell-Drummond",
              "bowler": "JW Dernbach",
              "non_striker": "SW Billings",
              "runs": {
                "batter": 1,
                "extras": 0,
                "total": 1
              }
            },
            {
              "batter": "SW Billings",
              "bowler": "JW Dernbach",
              "extras": {
                "legbyes": 1
              },
              "non_striker": "DJ Bell-Drummond",
              "runs": {
                "batter": 0,
                "extras": 1,
                "total": 1
              }
            }
          ]
        },
        {
          "over": 17,
          "deliveries": [
            {
              "batter": "SW Billings",
              "bowler": "GJ Batty",
              "non_striker": "DJ Bell-Drummond",
              "runs": {
                "batter": 0,
                "extras": 0,
                "total": 0
              }
            },
            {
              "batter": "SW Billings",
              "bowler": "GJ Batty",
              "non_striker": "DJ Bell-Drummond",
              "runs": {
                "batter": 1,
                "extras": 0,
                "total": 1
              }
            },
            {
              "batter": "DJ Bell-Drummond",
              "bowler": "GJ Batty",
              "non_striker": "SW Billings",
              "runs": {
                "batter": 4,
                "extras": 0,
                "total": 4
              }
            },
            {
              "batter": "DJ Bell-Drummond",
              "bowler": "GJ Batty",
              "non_striker": "SW Billings",
              "runs": {
                "batter": 1,
                "extras": 0,
                "total": 1
              }
            },
            {
              "batter": "SW Billings",
              "bowler": "GJ Batty",
              "non_striker": "DJ Bell-Drummond",
              "runs": {
                "batter": 1,
                "extras": 0,
                "total": 1
              }
            },
            {
              "batter": "DJ Bell-Drummond",
              "bowler": "GJ Batty",
              "non_striker": "SW Billings",
              "runs": {
                "batter": 1,
                "extras": 0,
                "total": 1
              }
            }
          ]
        },
        {
          "over": 18,
          "deliveries": [
            {
              "batter": "DJ Bell-Drummond",
              "bowler": "JW Dernbach",
              "non_striker": "SW Billings",
              "runs": {
                "batter": 2,
                "extras": 0,
                "total": 2
              }
            },
            {
              "batter": "DJ Bell-Drummond",
              "bowler": "JW Dernbach",
              "non_striker": "SW Billings",
              "runs": {
                "batter": 1,
                "extras": 0,
                "total": 1
              }
            },
            {
              "batter": "SW Billings",
              "bowler": "JW Dernbach",
              "non_striker": "DJ Bell-Drummond",
              "runs": {
                "batter": 0,
                "extras": 0,
                "total": 0
              }
            },
            {
              "batter": "SW Billings",
              "bowler": "JW Dernbach",
              "extras": {
                "legbyes": 1
              },
              "non_striker": "DJ Bell-Drummond",
              "runs": {
                "batter": 0,
                "extras": 1,
                "total": 1
              }
            },
            {
              "batter": "DJ Bell-Drummond",
              "bowler": "JW Dernbach",
              "non_striker": "SW Billings",
              "runs": {
                "batter": 2,
                "extras": 0,
                "total": 2
              }
            },
            {
              "batter": "DJ Bell-Drummond",
              "bowler": "JW Dernbach",
              "non_striker": "SW Billings",
              "runs": {
                "batter": 2,
                "extras": 0,
                "total": 2
              }
            }
          ]
        },
        {
          "over": 19,
          "deliveries": [
            {
              "batter": "SW Billings",
              "bowler": "TK Curran",
              "non_striker": "DJ Bell-Drummond",
              "runs": {
                "batter": 0,
                "extras": 0,
                "total": 0
              }
            },
            {
              "batter": "SW Billings",
              "bowler": "TK Curran",
              "non_striker": "DJ Bell-Drummond",
              "runs": {
                "batter": 1,
                "extras": 0,
                "total": 1
              }
            },
            {
              "batter": "DJ Bell-Drummond",
              "bowler": "TK Curran",
              "non_striker": "SW Billings",
              "runs": {
                "batter": 1,
                "extras": 0,
                "total": 1
              }
            },
            {
              "batter": "SW Billings",
              "bowler": "TK Curran",
              "non_striker": "DJ Bell-Drummond",
              "runs": {
                "batter": 1,
                "extras": 0,
                "total": 1
              }
            }
          ]
        }
      ],
      "powerplays": [
        {
          "from": 0.1,
          "to": 5.6,
          "type": "mandatory"
        }
      ],
      "target": {
        "overs": 20,
        "runs": 181
      }
    }
  ]
}