{
  "meta": {
    "data_version": "1.0.0",
    "created": "2017-05-02",
    "revision": 1
  },
  "info": {
    "balls_per_over": 6,
    "city": "Chester-le-Street",
    "dates": [
      "2016-06-30"
    ],
    "event": {
      "group": "North",
      "name": "NatWest T20 Blast"
    },
    "gender": "male",
    "match_type": "T20",
    "officials": {
      "umpires": [
        "JH Evans",
        "RJ Evans"
      ]
    },
    "outcome": {
      "result": "no result"
    },
    "overs": 20,
    "players": {
      "Durham": [
        "MD Stoneman",
        "P Mustard",
        "BA Stokes",
        "GJ Muchall",
        "RD Pringle",
        "KK Jennings",
        "MJ Richardson",
        "P Coughlin",
        "SG Borthwick",
        "U Arshad",
        "C Rushworth"
      ],
      "Worcestershire": [
        "T Kohler-Cadmore",
        "DKH Mitchell",
        "JM Clarke",
        "AN Kervezee",
        "BL D'Oliveira",
        "RA Whiteley",
        "OB Cox",
        "MJ Henry",
        "KJ Abbott",
        "JD Shantry",
        "J Leach"
      ]
    },
    "registry": {
      "people": {
        "AN Kervezee": "dc36a6a5",
        "BA Stokes": "e087956b",
        "BL D'Oliveira": "9679838c",
        "C Rushworth": "e737a5fe",
        "DKH Mitchell": "8108e2d2",
        "GJ Muchall": "a15347c2",
        "J Leach": "cd143bca",
        "JD Shantry": "70fdd428",
        "JH Evans": "f444fdac",
        "JM Clarke": "2eca67f5",
        "KJ Abbott": "a9da7784",
        "KK Jennings": "8479a24a",
        "MD Stoneman": "1b77f62b",
        "MJ Henry": "e84ac20c",
        "MJ Richardson": "22176fe7",
        "OB Cox": "324a6ee1",
        "P Coughlin": "71440756",
        "P Mustard": "1b6fef02",
        "RA Whiteley": "d346d939",
        "RD Pringle": "757502b5",
        "RJ Evans": "951127ac",
        "SG Borthwick": "51e1ed69",
        "T Kohler-Cadmore": "f836b33d",
        "U Arshad": "02b93a83"
      }
    },
    "season": 2016,
    "team_type": "club",
    "teams": [
      "Durham",
      "Worcestershire"
    ],
    "toss": {
      "decision": "field",
      "winner": "Durham"
    },
    "venue": "Riverside Ground"
  },
  "innings": [
    {
      "team": "Worcestershire",
      "overs": [
        {
          "over": 0,
          "deliveries": [
            {
              "batter": "T Kohler-Cadmore",
              "bowler": "C Rushworth",
              "non_striker": "DKH Mitchell",
              "runs": {
                "batter": 0,
                "extras": 0,
                "total": 0
              }
            },
            {
              "batter": "T Kohler-Cadmore",
              "bowler": "C Rushworth",
              "non_striker": "DKH Mitchell",
              "runs": {
                "batter": 0,
                "extras": 0,
                "total": 0
              },
              "wickets": [
                {
                  "kind": "caught",
                  "player_out": "T Kohler-Cadmore",
                  "fielders": [
                    {
                      "name": "P Mustard"
                    }
                  ]
                }
              ]
            },
            {
              "batter": "JM Clarke",
              "bowler": "C Rushworth",
              "extras": {
                "wides": 1
              },
              "non_striker": "DKH Mitchell",
              "runs": {
                "batter": 0,
                "extras": 1,
                "total": 1
              }
            },
            {
              "batter": "JM Clarke",
              "bowler": "C Rushworth",
              "non_striker": "DKH Mitchell",
              "runs": {
                "batter": 0,
                "extras": 0,
                "total": 0
              }
            },
            {
              "batter": "JM Clarke",
              "bowler": "C Rushworth",
              "non_striker": "DKH Mitchell",
              "runs": {
                "batter": 0,
                "extras": 0,
                "total": 0
              }
            },
            {
              "batter": "JM Clarke",
              "bowler": "C Rushworth",
              "non_striker": "DKH Mitchell",
              "runs": {
                "batter": 0,
                "extras": 0,
                "total": 0
              }
            },
            {
              "batter": "JM Clarke",
              "bowler": "C Rushworth",
              "non_striker": "DKH Mitchell",
              "runs": {
                "batter": 1,
                "extras": 0,
                "total": 1
              }
            }
          ]
        },
        {
          "over": 1,
          "deliveries": [
            {
              "batter": "JM Clarke",
              "bowler": "U Arshad",
              "non_striker": "DKH Mitchell",
              "runs": {
                "batter": 1,
                "extras": 0,
                "total": 1
              }
            },
            {
              "batter": "DKH Mitchell",
              "bowler": "U Arshad",
              "non_striker": "JM Clarke",
              "runs": {
                "batter": 0,
                "extras": 0,
                "total": 0
              }
            },
            {
              "batter": "DKH Mitchell",
              "bowler": "U Arshad",
              "non_striker": "JM Clarke",
              "runs": {
                "batter": 0,
                "extras": 0,
                "total": 0
              }
            },
            {
              "batter": "DKH Mitchell",
              "bowler": "U Arshad",
              "non_striker": "JM Clarke",
              "runs": {
                "batter": 1,
                "extras": 0,
                "total": 1
              }
            },
            {
              "batter": "JM Clarke",
              "bowler": "U Arshad",
              "non_striker": "DKH Mitchell",
              "runs": {
                "batter": 1,
                "extras": 0,
                "total": 1
              }
            },
            {
              "batter": "DKH Mitchell",
              "bowler": "U Arshad",
              "non_striker": "JM Clarke",
              "runs": {
                "batter": 4,
                "extras": 0,
                "total": 4
              }
            }
          ]
        },
        {
          "over": 2,
          "deliveries": [
            {
              "batter": "JM Clarke",
              "bowler": "C Rushworth",
              "non_striker": "DKH Mitchell",
              "runs": {
                "batter": 3,
                "extras": 0,
                "total": 3
              }
            },
            {
              "batter": "DKH Mitchell",
              "bowler": "C Rushworth",
              "non_striker": "JM Clarke",
              "runs": {
                "batter": 2,
                "extras": 0,
                "total": 2
              }
            },
            {
              "batter": "DKH Mitchell",
              "bowler": "C Rushworth",
              "non_striker": "JM Clarke",
              "runs": {
                "batter": 0,
                "extras": 0,
                "total": 0
              }
            },
            {
              "batter": "DKH Mitchell",
              "bowler": "C Rushworth",
              "non_striker": "JM Clarke",
              "runs": {
                "batter": 2,
                "extras": 0,
                "total": 2
              }
            },
            {
              "batter": "DKH Mitchell",
              "bowler": "C Rushworth",
              "non_striker": "JM Clarke",
              "runs": {
                "batter": 0,
                "extras": 0,
                "total": 0
              }
            },
            {
              "batter": "DKH Mitchell",
              "bowler": "C Rushworth",
              "non_striker": "JM Clarke",
              "runs": {
                "batter": 0,
                "extras": 0,
                "total": 0
              }
            }
          ]
        },
        {
          "over": 3,
          "deliveries": [
            {
              "batter": "JM Clarke",
              "bowler": "P Coughlin",
              "non_striker": "DKH Mitchell",
              "runs": {
                "batter": 0,
                "extras": 0,
                "total": 0
              }
            },
            {
              "batter": "JM Clarke",
              "bowler": "P Coughlin",
              "non_striker": "DKH Mitchell",
              "runs": {
                "batter": 4,
                "extras": 0,
                "total": 4
              }
            },
            {
              "batter": "JM Clarke",
              "bowler": "P Coughlin",
              "extras": {
                "legbyes": 1
              },
              "non_striker": "DKH Mitchell",
              "runs": {
                "batter": 0,
                "extras": 1,
                "total": 1
              }
            },
            {
              "batter": "DKH Mitchell",
              "bowler": "P Coughlin",
              "extras": {
                "wides": 1
              },
              "non_striker": "JM Clarke",
              "runs": {
                "batter": 0,
                "extras": 1,
                "total": 1
              }
            },
            {
              "batter": "DKH Mitchell",
              "bowler": "P Coughlin",
              "non_striker": "JM Clarke",
              "runs": {
                "batter": 4,
                "extras": 0,
                "total": 4
              }
            },
            {
              "batter": "DKH Mitchell",
              "bowler": "P Coughlin",
              "non_striker": "JM Clarke",
              "runs": {
                "batter": 0,
                "extras": 0,
                "total": 0
              }
            },
            {
              "batter": "DKH Mitchell",
              "bowler": "P Coughlin",
              "non_striker": "JM Clarke",
              "runs": {
                "batter": 1,
                "extras": 0,
                "total": 1
              }
            }
          ]
        },
        {
          "over": 4,
          "deliveries": [
            {
              "batter": "DKH Mitchell",
              "bowler": "C Rushworth",
              "non_striker": "JM Clarke",
              "runs": {
                "batter": 0,
                "extras": 0,
                "total": 0
              }
            },
            {
              "batter": "DKH Mitchell",
              "bowler": "C Rushworth",
              "non_striker": "JM Clarke",
              "runs": {
                "batter": 3,
                "extras": 0,
                "total": 3
              }
            },
            {
              "batter": "JM Clarke",
              "bowler": "C Rushworth",
              "non_striker": "DKH Mitchell",
              "runs": {
                "batter": 0,
                "extras": 0,
                "total": 0
              }
            },
            {
              "batter": "JM Clarke",
              "bowler": "C Rushworth",
              "non_striker": "DKH Mitchell",
              "runs": {
                "batter": 3,
                "extras": 0,
                "total": 3
              }
            },
            {
              "batter": "DKH Mitchell",
              "bowler": "C Rushworth",
              "non_striker": "JM Clarke",
              "runs": {
                "batter": 1,
                "extras": 0,
                "total": 1
              }
            },
            {
              "batter": "JM Clarke",
              "bowler": "C Rushworth",
              "non_striker": "DKH Mitchell",
              "runs": {
                "batter": 6,
                "extras": 0,
                "total": 6
              }
            }
          ]
        },
        {
          "over": 5,
          "deliveries": [
            {
              "batter": "DKH Mitchell",
              "bowler": "U Arshad",
              "non_striker": "JM Clarke",
              "runs": {
                "batter": 4,
                "extras": 0,
                "total": 4
              }
            },
            {
              "batter": "DKH Mitchell",
              "bowler": "U Arshad",
              "non_striker": "JM Clarke",
              "runs": {
                "batter": 0,
                "extras": 0,
                "total": 0
              }
            },
            {
              "batter": "DKH Mitchell",
              "bowler": "U Arshad",
              "non_striker": "JM Clarke",
              "runs": {
                "batter": 4,
                "extras": 0,
                "total": 4
              }
            },
            {
              "batter": "DKH Mitchell",
              "bowler": "U Arshad",
              "non_striker": "JM Clarke",
              "runs": {
                "batter": 2,
                "extras": 0,
                "total": 2
              }
            },
            {
              "batter": "DKH Mitchell",
              "bowler": "U Arshad",
              "non_striker": "JM Clarke",
              "runs": {
                "batter": 0,
                "extras": 0,
                "total": 0
              }
            },
            {
              "batter": "DKH Mitchell",
              "bowler": "U Arshad",
              "non_striker": "JM Clarke",
              "runs": {
                "batter": 0,
                "extras": 0,
                "total": 0
              },
              "wickets": [
                {
                  "kind": "caught",
                  "player_out": "DKH Mitchell",
                  "fielders": [
                    {
                      "name": "GJ Muchall"
                    }
                  ]
                }
              ]
            }
          ]
        },
        {
          "over": 6,
          "deliveries": [
            {
              "batter": "AN Kervezee",
              "bowler": "KK Jennings",
              "non_striker": "JM Clarke",
              "runs": {
                "batter": 1,
                "extras": 0,
                "total": 1
              }
            },
            {
              "batter": "JM Clarke",
              "bowler": "KK Jennings",
              "non_striker": "AN Kervezee",
              "runs": {
                "batter": 4,
                "extras": 0,
                "total": 4
              }
            },
            {
              "batter": "JM Clarke",
              "bowler": "KK Jennings",
              "non_striker": "AN Kervezee",
              "runs": {
                "batter": 0,
                "extras": 0,
                "total": 0
              }
            },
            {
              "batter": "JM Clarke",
              "bowler": "KK Jennings",
              "non_striker": "AN Kervezee",
              "runs": {
                "batter": 1,
                "extras": 0,
                "total": 1
              }
            },
            {
              "batter": "AN Kervezee",
              "bowler": "KK Jennings",
              "non_striker": "JM Clarke",
              "runs": {
                "batter": 1,
                "extras": 0,
                "total": 1
              }
            },
            {
              "batter": "JM Clarke",
              "bowler": "KK Jennings",
              "extras": {
                "byes": 4
              },
              "non_striker": "AN Kervezee",
              "runs": {
                "batter": 0,
                "extras": 4,
                "total": 4
              }
            }
          ]
        },
        {
          "over": 7,
          "deliveries": [
            {
              "batter": "AN Kervezee",
              "bowler": "SG Borthwick",
              "non_striker": "JM Clarke",
              "runs": {
                "batter": 1,
                "extras": 0,
                "total": 1
              }
            },
            {
              "batter": "JM Clarke",
              "bowler": "SG Borthwick",
              "extras": {
                "noballs": 2
              },
              "non_striker": "AN Kervezee",
              "runs": {
                "batter": 1,
                "extras": 2,
                "total": 3
              }
            },
            {
              "batter": "AN Kervezee",
              "bowler": "SG Borthwick",
              "non_striker": "JM Clarke",
              "runs": {
                "batter": 0,
                "extras": 0,
                "total": 0
              }
            },
            {
              "batter": "AN Kervezee",
              "bowler": "SG Borthwick",
              "non_striker": "JM Clarke",
              "runs": {
                "batter": 1,
                "extras": 0,
                "total": 1
              }
            },
            {
              "batter": "JM Clarke",
              "bowler": "SG Borthwick",
              "non_striker": "AN Kervezee",
              "runs": {
                "batter": 2,
                "extras": 0,
                "total": 2
              }
            },
            {
              "batter": "JM Clarke",
              "bowler": "SG Borthwick",
              "non_striker": "AN Kervezee",
              "runs": {
                "batter": 0,
                "extras": 0,
                "total": 0
              }
            },
            {
              "batter": "JM Clarke",
              "bowler": "SG Borthwick",
              "non_striker": "AN Kervezee",
              "runs": {
                "batter": 0,
                "extras": 0,
                "total": 0
              }
            }
          ]
        },
        {
          "over": 8,
          "deliveries": [
            {
              "batter": "AN Kervezee",
              "bowler": "KK Jennings",
              "non_striker": "JM Clarke",
              "runs": {
                "batter": 1,
                "extras": 0,
                "total": 1
              }
            },
            {
              "batter": "JM Clarke",
              "bowler": "KK Jennings",
              "extras": {
                "legbyes": 1
              },
              "non_striker": "AN Kervezee",
              "runs": {
                "batter": 0,
                "extras": 1,
                "total": 1
              }
            },
            {
              "batter": "AN Kervezee",
              "bowler": "KK Jennings",
              "non_striker": "JM Clarke",
              "runs": {
                "batter": 0,
                "extras": 0,
                "total": 0
              },
              "wickets": [
                {
                  "kind": "bowled",
                  "player_out": "AN Kervezee"
                }
              ]
            },
            {
              "batter": "BL D'Oliveira",
              "bowler": "KK Jennings",
              "non_striker": "JM Clarke",
              "runs": {
                "batter": 1,
                "extras": 0,
                "total": 1
              }
            },
            {
              "batter": "JM Clarke",
              "bowler": "KK Jennings",
              "extras": {
                "legbyes": 1
              },
              "non_striker": "BL D'Oliveira",
              "runs": {
                "batter": 0,
                "extras": 1,
                "total": 1
              }
            },
            {
              "batter": "BL D'Oliveira",
              "bowler": "KK Jennings",
              "non_striker": "JM Clarke",
              "runs": {
                "batter": 1,
                "extras": 0,
                "total": 1
              }
            }
          ]
        },
        {
          "over": 9,
          "deliveries": [
            {
              "batter": "BL D'Oliveira",
              "bowler": "SG Borthwick",
              "non_striker": "JM Clarke",
              "runs": {
                "batter": 1,
                "extras": 0,
                "total": 1
              }
            },
            {
              "batter": "JM Clarke",
              "bowler": "SG Borthwick",
              "non_striker": "BL D'Oliveira",
              "runs": {
                "batter": 2,
                "extras": 0,
                "total": 2
              }
            },
            {
              "batter": "JM Clarke",
              "bowler": "SG Borthwick",
              "non_striker": "BL D'Oliveira",
              "runs": {
                "batter": 1,
                "extras": 0,
                "total": 1
              }
            },
            {
              "batter": "BL D'Oliveira",
              "bowler": "SG Borthwick",
              "non_striker": "JM Clarke",
              "runs": {
                "batter": 1,
                "extras": 0,
                "total": 1
              }
            },
            {
              "batter": "JM Clarke",
              "bowler": "SG Borthwick",
              "non_striker": "BL D'Oliveira",
              "runs": {
                "batter": 1,
                "extras": 0,
                "total": 1
              }
            },
            {
              "batter": "BL D'Oliveira",
              "bowler": "SG Borthwick",
              "non_striker": "JM Clarke",
              "runs": {
                "batter": 2,
                "extras": 0,
                "total": 2
              }
            }
          ]
        },
        {
          "over": 10,
          "deliveries": [
            {
              "batter": "JM Clarke",
              "bowler": "KK Jennings",
              "non_striker": "BL D'Oliveira",
              "runs": {
                "batter": 1,
                "extras": 0,
                "total": 1
              }
            },
            {
              "batter": "BL D'Oliveira",
              "bowler": "KK Jennings",
              "non_striker": "JM Clarke",
              "runs": {
                "batter": 1,
                "extras": 0,
                "total": 1
              }
            },
            {
              "batter": "JM Clarke",
              "bowler": "KK Jennings",
              "non_striker": "BL D'Oliveira",
              "runs": {
                "batter": 1,
                "extras": 0,
                "total": 1
              }
            },
            {
              "batter": "BL D'Oliveira",
              "bowler": "KK Jennings",
              "non_striker": "JM Clarke",
              "runs": {
                "batter": 1,
                "extras": 0,
                "total": 1
              }
            },
            {
              "batter": "JM Clarke",
              "bowler": "KK Jennings",
              "non_striker": "BL D'Oliveira",
              "runs": {
                "batter": 1,
                "extras": 0,
                "total": 1
              }
            },
            {
              "batter": "BL D'Oliveira",
              "bowler": "KK Jennings",
              "non_striker": "JM Clarke",
              "runs": {
                "batter": 1,
                "extras": 0,
                "total": 1
              }
            }
          ]
        },
        {
          "over": 11,
          "deliveries": [
            {
              "batter": "BL D'Oliveira",
              "bowler": "RD Pringle",
              "non_striker": "JM Clarke",
              "runs": {
                "batter": 0,
                "extras": 0,
                "total": 0
              }
            },
            {
              "batter": "BL D'Oliveira",
              "bowler": "RD Pringle",
              "non_striker": "JM Clarke",
              "runs": {
                "batter": 0,
                "extras": 0,
                "total": 0
              }
            },
            {
              "batter": "BL D'Oliveira",
              "bowler": "RD Pringle",
              "non_striker": "JM Clarke",
              "runs": {
                "batter": 1,
                "extras": 0,
                "total": 1
              }
            },
            {
              "batter": "JM Clarke",
              "bowler": "RD Pringle",
              "non_striker": "BL D'Oliveira",
              "runs": {
                "batter": 2,
                "extras": 0,
                "total": 2
              }
            },
            {
              "batter": "JM Clarke",
              "bowler": "RD Pringle",
              "non_striker": "BL D'Oliveira",
              "runs": {
                "batter": 0,
                "extras": 0,
                "total": 0
              },
              "wickets": [
                {
                  "kind": "bowled",
                  "player_out": "JM Clarke"
                }
              ]
            },
            {
              "batter": "RA Whiteley",
              "bowler": "RD Pringle",
              "non_striker": "BL D'Oliveira",
              "runs": {
                "batter": 0,
                "extras": 0,
                "total": 0
              }
            }
          ]
        },
        {
          "over": 12,
          "deliveries": [
            {
              "batter": "BL D'Oliveira",
              "bowler": "KK Jennings",
              "non_striker": "RA Whiteley",
              "runs": {
                "batter": 0,
                "extras": 0,
                "total": 0
              }
            },
            {
              "batter": "BL D'Oliveira",
              "bowler": "KK Jennings",
              "non_striker": "RA Whiteley",
              "runs": {
                "batter": 0,
                "extras": 0,
                "total": 0
              }
            },
            {
              "batter": "BL D'Oliveira",
              "bowler": "KK Jennings",
              "non_striker": "RA Whiteley",
              "runs": {
                "batter": 1,
                "extras": 0,
                "total": 1
              }
            },
            {
              "batter": "RA Whiteley",
              "bowler": "KK Jennings",
              "non_striker": "BL D'Oliveira",
              "runs": {
                "batter": 0,
                "extras": 0,
                "total": 0
              }
            },
            {
              "batter": "RA Whiteley",
              "bowler": "KK Jennings",
              "non_striker": "BL D'Oliveira",
              "runs": {
                "batter": 1,
                "extras": 0,
                "total": 1
              }
            },
            {
              "batter": "BL D'Oliveira",
              "bowler": "KK Jennings",
              "non_striker": "RA Whiteley",
              "runs": {
                "batter": 0,
                "extras": 0,
                "total": 0
              },
              "wickets": [
                {
                  "kind": "caught",
                  "player_out": "BL D'Oliveira",
                  "fielders": [
                    {
                      "name": "SG Borthwick"
                    }
                  ]
                }
              ]
            }
          ]
        },
        {
          "over": 13,
          "deliveries": [
            {
              "batter": "OB Cox",
              "bowler": "RD Pringle",
              "non_striker": "RA Whiteley",
              "runs": {
                "batter": 1,
                "extras": 0,
                "total": 1
              }
            },
            {
              "batter": "RA Whiteley",
              "bowler": "RD Pringle",
              "non_striker": "OB Cox",
              "runs": {
                "batter": 0,
                "extras": 0,
                "total": 0
              }
            },
            {
              "batter": "RA Whiteley",
              "bowler": "RD Pringle",
              "non_striker": "OB Cox",
              "runs": {
                "batter": 2,
                "extras": 0,
                "total": 2
              }
            },
            {
              "batter": "RA Whiteley",
              "bowler": "RD Pringle",
              "non_striker": "OB Cox",
              "runs": {
                "batter": 0,
                "extras": 0,
                "total": 0
              }
            },
            {
              "batter": "RA Whiteley",
              "bowler": "RD Pringle",
              "non_striker": "OB Cox",
              "runs": {
                "batter": 2,
                "extras": 0,
                "total": 2
              }
            },
            {
              "batter": "RA Whiteley",
              "bowler": "RD Pringle",
              "non_striker": "OB Cox",
              "runs": {
                "batter": 6,
                "extras": 0,
                "total": 6
              }
            }
          ]
        },
        {
          "over": 14,
          "deliveries": [
            {
              "batter": "OB Cox",
              "bowler": "SG Borthwick",
              "non_striker": "RA Whiteley",
              "runs": {
                "batter": 0,
                "extras": 0,
                "total": 0
              }
            }
          ]
        }
      ],
      "powerplays": [
        {
          "from": 0.1,
          "to": 5.6,
          "type": "mandatory"
        }
      ]
    }
  ]
}