{
  "meta": {
    "data_version": "1.0.0",
    "created": "2017-05-02",
    "revision": 1
  },
  "info": {
    "balls_per_over": 6,
    "city": "Leeds",
    "dates": [
      "2016-07-01"
    ],
    "event": {
      "group": "North",
      "name": "NatWest T20 Blast"
    },
    "gender": "male",
    "match_type": "T20",
    "officials": {
      "tv_umpires": [
        "SA Garratt"
      ],
      "umpires": [
        "NGB Cook",
        "JH Evans"
      ]
    },
    "outcome": {
      "by": {
        "runs": 5
      },
      "winner": "Yorkshire"
    },
    "overs": 20,
    "player_of_match": [
      "Azeem Rafiq"
    ],
    "players": {
      "Lancashire": [
        "J Clark",
        "AN Petersen",
        "KR Brown",
        "LS Livingstone",
        "SJ Croft",
        "LA Procter",
        "AM Lilley",
        "TJ Moores",
        "SD Parry",
        "NL Buck",
        "GA Edwards"
      ],
      "Yorkshire": [
        "A Lyth",
        "AZ Lees",
        "KS Williamson",
        "JA Leaning",
        "GS Ballance",
        "TT Bresnan",
        "WMH Rhodes",
        "AJ Hodd",
        "Azeem Rafiq",
        "SA Patterson",
        "K Carver"
      ]
    },
    "registry": {
      "people": {
        "A Lyth": "70b8fd28",
        "AJ Hodd": "60938c83",
        "AM Lilley": "88a004e9",
        "AN Petersen": "e01aafc1",
        "AZ Lees": "c9c0fe50",
        "Azeem Rafiq": "5fcb6fb1",
        "GA Edwards": "45966141",
        "GS Ballance": "755a77c6",
        "J Clark": "c672e80e",
        "JA Leaning": "f2ab7a69",
        "JH Evans": "f444fdac",
        "K Carver": "d8b24492",
        "KR Brown": "818c9e0d",
        "KS Williamson": "d027ba9f",
        "LA Procter": "07c8a2f4",
        "LS Livingstone": "50c6bc2b",
        "NGB Cook": "772fe461",
        "NL Buck": "5239d782",
        "SA Garratt": "35508310",
        "SA Patterson": "b21ed464",
        "SD Parry": "fdb8ed0d",
        "SJ Croft": "ab474682",
        "TJ Moores": "85dcb721",
        "TT Bresnan": "58043739",
        "WMH Rhodes": "f54dbda7"
      }
    },
    "season": 2016,
    "team_type": "club",
    "teams": [
      "Yorkshire",
      "Lancashire"
    ],
    "toss": {
      "decision": "field",
      "winner": "Lancashire"
    },
    "venue": "Headingley"
  },
  "innings": [
    {
      "team": "Yorkshire",
      "overs": [
        {
          "over": 0,
          "deliveries": [
            {
              "batter": "A Lyth",
              "bowler": "NL Buck",
              "non_striker": "AZ Lees",
              "runs": {
                "batter": 4,
                "extras": 0,
                "total": 4
              }
            },
            {
              "batter": "A Lyth",
              "bowler": "NL Buck",
              "non_striker": "AZ Lees",
              "runs": {
                "batter": 1,
                "extras": 0,
                "total": 1
              }
            },
            {
              "batter": "AZ Lees",
              "bowler": "NL Buck",
              "non_striker": "A Lyth",
              "runs": {
                "batter": 1,
                "extras": 0,
                "total": 1
              }
            },
            {
              "batter": "A Lyth",
              "bowler": "NL Buck",
              "non_striker": "AZ Lees",
              "runs": {
                "batter": 1,
                "extras": 0,
                "total": 1
              }
            },
            {
              "batter": "AZ Lees",
              "bowler": "NL Buck",
              "non_striker": "A Lyth",
              "runs": {
                "batter": 1,
                "extras": 0,
                "total": 1
              }
            },
            {
              "batter": "A Lyth",
              "bowler": "NL Buck",
              "non_striker": "AZ Lees",
              "runs": {
                "batter": 0,
                "extras": 0,
                "total": 0
              }
            }
          ]
        },
        {
          "over": 1,
          "deliveries": [
            {
              "batter": "AZ Lees",
              "bowler": "J Clark",
              "non_striker": "A Lyth",
              "runs": {
                "batter": 2,
                "extras": 0,
                "total": 2
              }
            },
            {
              "batter": "AZ Lees",
              "bowler": "J Clark",
              "non_striker": "A Lyth",
              "runs": {
                "batter": 1,
                "extras": 0,
                "total": 1
              }
            },
            {
              "batter": "A Lyth",
              "bowler": "J Clark",
              "non_striker": "AZ Lees",
              "runs": {
                "batter": 4,
                "extras": 0,
                "total": 4
              }
            },
            {
              "batter": "A Lyth",
              "bowler": "J Clark",
              "extras": {
                "wides": 1
              },
              "non_striker": "AZ Lees",
              "runs": {
                "batter": 0,
                "extras": 1,
                "total": 1
              }
            },
            {
              "batter": "A Lyth",
              "bowler": "J Clark",
              "non_striker": "AZ Lees",
              "runs": {
                "batter": 6,
                "extras": 0,
                "total": 6
              }
            },
            {
              "batter": "A Lyth",
              "bowler": "J Clark",
              "non_striker": "AZ Lees",
              "runs": {
                "batter": 6,
                "extras": 0,
                "total": 6
              }
            },
            {
              "batter": "A Lyth",
              "bowler": "J Clark",
              "extras": {
                "wides": 1
              },
              "non_striker": "AZ Lees",
              "runs": {
                "batter": 0,
                "extras": 1,
                "total": 1
              }
            },
            {
              "batter": "A Lyth",
              "bowler": "J Clark",
              "non_striker": "AZ Lees",
              "runs": {
                "batter": 0,
                "extras": 0,
                "total": 0
              }
            }
          ]
        },
        {
          "over": 2,
          "deliveries": [
            {
              "batter": "AZ Lees",
              "bowler": "GA Edwards",
              "extras": {
                "wides": 1
              },
              "non_striker": "A Lyth",
              "runs": {
                "batter": 0,
                "extras": 1,
                "total": 1
              }
            },
            {
              "batter": "AZ Lees",
              "bowler": "GA Edwards",
              "extras": {
                "legbyes": 1
              },
              "non_striker": "A Lyth",
              "runs": {
                "batter": 0,
                "extras": 1,
                "total": 1
              }
            },
            {
              "batter": "A Lyth",
              "bowler": "GA Edwards",
              "non_striker": "AZ Lees",
              "runs": {
                "batter": 0,
                "extras": 0,
                "total": 0
              }
            },
            {
              "batter": "A Lyth",
              "bowler": "GA Edwards",
              "non_striker": "AZ Lees",
              "runs": {
                "batter": 0,
                "extras": 0,
                "total": 0
              }
            },
            {
              "batter": "A Lyth",
              "bowler": "GA Edwards",
              "non_striker": "AZ Lees",
              "runs": {
                "batter": 0,
                "extras": 0,
                "total": 0
              }
            },
            {
              "batter": "A Lyth",
              "bowler": "GA Edwards",
              "non_striker": "AZ Lees",
              "runs": {
                "batter": 1,
                "extras": 0,
                "total": 1
              }
            },
            {
              "batter": "AZ Lees",
              "bowler": "GA Edwards",
              "non_striker": "A Lyth",
              "runs": {
                "batter": 0,
                "extras": 0,
                "total": 0
              }
            }
          ]
        },
        {
          "over": 3,
          "deliveries": [
            {
              "batter": "A Lyth",
              "bowler": "NL Buck",
              "non_striker": "AZ Lees",
              "runs": {
                "batter": 0,
                "extras": 0,
                "total": 0
              }
            },
            {
              "batter": "A Lyth",
              "bowler": "NL Buck",
              "non_striker": "AZ Lees",
              "runs": {
                "batter": 0,
                "extras": 0,
                "total": 0
              },
              "wickets": [
                {
                  "kind": "caught",
                  "player_out": "A Lyth",
                  "fielders": [
                    {
                      "name": "LA Procter"
                    }
                  ]
                }
              ]
            },
            {
              "batter": "AZ Lees",
              "bowler": "NL Buck",
              "non_striker": "KS Williamson",
              "runs": {
                "batter": 0,
                "extras": 0,
                "total": 0
              }
            },
            {
              "batter": "AZ Lees",
              "bowler": "NL Buck",
              "non_striker": "KS Williamson",
              "runs": {
                "batter": 0,
                "extras": 0,
                "total": 0
              }
            },
            {
              "batter": "AZ Lees",
              "bowler": "NL Buck",
              "non_striker": "KS Williamson",
              "runs": {
                "batter": 0,
                "extras": 0,
                "total": 0
              },
              "wickets": [
                {
                  "kind": "caught",
                  "player_out": "AZ Lees",
                  "fielders": [
                    {
                      "name": "LS Livingstone"
                    }
                  ]
                }
              ]
            },
            {
              "batter": "JA Leaning",
              "bowler": "NL Buck",
              "extras": {
                "wides": 1
              },
              "non_striker": "KS Williamson",
              "runs": {
                "batter": 0,
                "extras": 1,
                "total": 1
              }
            },
            {
              "batter": "JA Leaning",
              "bowler": "NL Buck",
              "extras": {
                "wides": 1
              },
              "non_striker": "KS Williamson",
              "runs": {
                "batter": 0,
                "extras": 1,
                "total": 1
              }
            },
            {
              "batter": "JA Leaning",
              "bowler": "NL Buck",
              "non_striker": "KS Williamson",
              "runs": {
                "batter": 1,
                "extras": 0,
                "total": 1
              }
            }
          ]
        },
        {
          "over": 4,
          "deliveries": [
            {
              "batter": "JA Leaning",
              "bowler": "GA Edwards",
              "extras": {
                "wides": 1
              },
              "non_striker": "KS Williamson",
              "runs": {
                "batter": 0,
                "extras": 1,
                "total": 1
              }
            },
            {
              "batter": "JA Leaning",
              "bowler": "GA Edwards",
              "non_striker": "KS Williamson",
              "runs": {
                "batter": 2,
                "extras": 0,
                "total": 2
              }
            },
            {
              "batter": "JA Leaning",
              "bowler": "GA Edwards",
              "non_striker": "KS Williamson",
              "runs": {
                "batter": 1,
                "extras": 0,
                "total": 1
              }
            },
            {
              "batter": "KS Williamson",
              "bowler": "GA Edwards",
              "non_striker": "JA Leaning",
              "runs": {
                "batter": 0,
                "extras": 0,
                "total": 0
              }
            },
            {
              "batter": "KS Williamson",
              "bowler": "GA Edwards",
              "non_striker": "JA Leaning",
              "runs": {
                "batter": 1,
                "extras": 0,
                "total": 1
              }
            },
            {
              "batter": "JA Leaning",
              "bowler": "GA Edwards",
              "non_striker": "KS Williamson",
              "runs": {
                "batter": 0,
                "extras": 0,
                "total": 0
              }
            },
            {
              "batter": "JA Leaning",
              "bowler": "GA Edwards",
              "non_striker": "KS Williamson",
              "runs": {
                "batter": 0,
                "extras": 0,
                "total": 0
              }
            }
          ]
        },
        {
          "over": 5,
          "deliveries": [
            {
              "batter": "KS Williamson",
              "bowler": "AM Lilley",
              "non_striker": "JA Leaning",
              "runs": {
                "batter": 0,
                "extras": 0,
                "total": 0
              }
            },
            {
              "batter": "KS Williamson",
              "bowler": "AM Lilley",
              "non_striker": "JA Leaning",
              "runs": {
                "batter": 1,
                "extras": 0,
                "total": 1
              }
            },
            {
              "batter": "JA Leaning",
              "bowler": "AM Lilley",
              "non_striker": "KS Williamson",
              "runs": {
                "batter": 1,
                "extras": 0,
                "total": 1
              }
            },
            {
              "batter": "KS Williamson",
              "bowler": "AM Lilley",
              "non_striker": "JA Leaning",
              "runs": {
                "batter": 1,
                "extras": 0,
                "total": 1
              }
            },
            {
              "batter": "JA Leaning",
              "bowler": "AM Lilley",
              "non_striker": "KS Williamson",
              "runs": {
                "batter": 2,
                "extras": 0,
                "total": 2
              }
            },
            {
              "batter": "JA Leaning",
              "bowler": "AM Lilley",
              "non_striker": "KS Williamson",
              "runs": {
                "batter": 1,
                "extras": 0,
                "total": 1
              }
            }
          ]
        },
        {
          "over": 6,
          "deliveries": [
            {
              "batter": "JA Leaning",
              "bowler": "SD Parry",
              "non_striker": "KS Williamson",
              "runs": {
                "batter": 1,
                "extras": 0,
                "total": 1
              }
            },
            {
              "batter": "KS Williamson",
              "bowler": "SD Parry",
              "non_striker": "JA Leaning",
              "runs": {
                "batter": 1,
                "extras": 0,
                "total": 1
              }
            },
            {
              "batter": "JA Leaning",
              "bowler": "SD Parry",
              "non_striker": "KS Williamson",
              "runs": {
                "batter": 0,
                "extras": 0,
                "total": 0
              }
            },
            {
              "batter": "JA Leaning",
              "bowler": "SD Parry",
              "non_striker": "KS Williamson",
              "runs": {
                "batter": 1,
                "extras": 0,
                "total": 1
              }
            },
            {
              "batter": "KS Williamson",
              "bowler": "SD Parry",
              "non_striker": "JA Leaning",
              "runs": {
                "batter": 1,
                "extras": 0,
                "total": 1
              }
            },
            {
              "batter": "JA Leaning",
              "bowler": "SD Parry",
              "non_striker": "KS Williamson",
              "runs": {
                "batter": 1,
                "extras": 0,
                "total": 1
              }
            }
          ]
        },
        {
          "over": 7,
          "deliveries": [
            {
              "batter": "JA Leaning",
              "bowler": "SJ Croft",
              "non_striker": "KS Williamson",
              "runs": {
                "batter": 1,
                "extras": 0,
                "total": 1
              }
            },
            {
              "batter": "KS Williamson",
              "bowler": "SJ Croft",
              "non_striker": "JA Leaning",
              "runs": {
                "batter": 1,
                "extras": 0,
                "total": 1
              }
            },
            {
              "batter": "JA Leaning",
              "bowler": "SJ Croft",
              "non_striker": "KS Williamson",
              "runs": {
                "batter": 0,
                "extras": 0,
                "total": 0
              }
            },
            {
              "batter": "JA Leaning",
              "bowler": "SJ Croft",
              "non_striker": "KS Williamson",
              "runs": {
                "batter": 4,
                "extras": 0,
                "total": 4
              }
            },
            {
              "batter": "JA Leaning",
              "bowler": "SJ Croft",
              "non_striker": "KS Williamson",
              "runs": {
                "batter": 0,
                "extras": 0,
                "total": 0
              }
            },
            {
              "batter": "JA Leaning",
              "bowler": "SJ Croft",
              "non_striker": "KS Williamson",
              "runs": {
                "batter": 1,
                "extras": 0,
                "total": 1
              }
            }
          ]
        },
        {
          "over": 8,
          "deliveries": [
            {
              "batter": "JA Leaning",
              "bowler": "SD Parry",
              "non_striker": "KS Williamson",
              "runs": {
                "batter": 0,
                "extras": 0,
                "total": 0
              }
            },
            {
              "batter": "JA Leaning",
              "bowler": "SD Parry",
              "non_striker": "KS Williamson",
              "runs": {
                "batter": 6,
                "extras": 0,
                "total": 6
              }
            },
            {
              "batter": "JA Leaning",
              "bowler": "SD Parry",
              "non_striker": "KS Williamson",
              "runs": {
                "batter": 1,
                "extras": 0,
                "total": 1
              }
            },
            {
              "batter": "KS Williamson",
              "bowler": "SD Parry",
              "non_striker": "JA Leaning",
              "runs": {
                "batter": 1,
                "extras": 0,
                "total": 1
              }
            },
            {
              "batter": "JA Leaning",
              "bowler": "SD Parry",
              "non_striker": "KS Williamson",
              "runs": {
                "batter": 1,
                "extras": 0,
                "total": 1
              }
            },
            {
              "batter": "KS Williamson",
              "bowler": "SD Parry",
              "non_striker": "JA Leaning",
              "runs": {
                "batter": 1,
                "extras": 0,
                "total": 1
              }
            }
          ]
        },
        {
          "over": 9,
          "deliveries": [
            {
              "batter": "KS Williamson",
              "bowler": "AM Lilley",
              "non_striker": "JA Leaning",
              "runs": {
                "batter": 2,
                "extras": 0,
                "total": 2
              }
            },
            {
              "batter": "KS Williamson",
              "bowler": "AM Lilley",
              "non_striker": "JA Leaning",
              "runs": {
                "batter": 1,
                "extras": 0,
                "total": 1
              }
            },
            {
              "batter": "JA Leaning",
              "bowler": "AM Lilley",
              "non_striker": "KS Williamson",
              "runs": {
                "batter": 2,
                "extras": 0,
                "total": 2
              }
            },
            {
              "batter": "JA Leaning",
              "bowler": "AM Lilley",
              "non_striker": "KS Williamson",
              "runs": {
                "batter": 1,
                "extras": 0,
                "total": 1
              }
            },
            {
              "batter": "KS Williamson",
              "bowler": "AM Lilley",
              "non_striker": "JA Leaning",
              "runs": {
                "batter": 1,
                "extras": 0,
                "total": 1
              }
            },
            {
              "batter": "JA Leaning",
              "bowler": "AM Lilley",
              "non_striker": "KS Williamson",
              "runs": {
                "batter": 1,
                "extras": 0,
                "total": 1
              }
            }
          ]
        },
        {
          "over": 10,
          "deliveries": [
            {
              "batter": "JA Leaning",
              "bowler": "J Clark",
              "non_striker": "KS Williamson",
              "runs": {
                "batter": 0,
                "extras": 0,
                "total": 0
              },
              "wickets": [
                {
                  "kind": "bowled",
                  "player_out": "JA Leaning"
                }
              ]
            },
            {
              "batter": "GS Ballance",
              "bowler": "J Clark",
              "non_striker": "KS Williamson",
              "runs": {
                "batter": 0,
                "extras": 0,
                "total": 0
              }
            },
            {
              "batter": "GS Ballance",
              "bowler": "J Clark",
              "non_striker": "KS Williamson",
              "runs": {
                "batter": 1,
                "extras": 0,
                "total": 1
              }
            },
            {
              "batter": "KS Williamson",
              "bowler": "J Clark",
              "non_striker": "GS Ballance",
              "runs": {
                "batter": 4,
                "extras": 0,
                "total": 4
              }
            },
            {
              "batter": "KS Williamson",
              "bowler": "J Clark",
              "non_striker": "GS Ballance",
              "runs": {
                "batter": 0,
                "extras": 0,
                "total": 0
              }
            },
            {
              "batter": "KS Williamson",
              "bowler": "J Clark",
              "non_striker": "GS Ballance",
              "runs": {
                "batter": 1,
                "extras": 0,
                "total": 1
              }
            }
          ]
        },
        {
          "over": 11,
          "deliveries": [
            {
              "batter": "KS Williamson",
              "bowler": "SJ Croft",
              "non_striker": "GS Ballance",
              "runs": {
                "batter": 4,
                "extras": 0,
                "total": 4
              }
            },
            {
              "batter": "KS Williamson",
              "bowler": "SJ Croft",
              "non_striker": "GS Ballance",
              "runs": {
                "batter": 1,
                "extras": 0,
                "total": 1
              }
            },
            {
              "batter": "GS Ballance",
              "bowler": "SJ Croft",
              "non_striker": "KS Williamson",
              "runs": {
                "batter": 1,
                "extras": 0,
                "total": 1
              }
            },
            {
              "batter": "KS Williamson",
              "bowler": "SJ Croft",
              "non_striker": "GS Ballance",
              "runs": {
                "batter": 1,
                "extras": 0,
                "total": 1
              }
            },
            {
              "batter": "GS Ballance",
              "bowler": "SJ Croft",
              "non_striker": "KS Williamson",
              "runs": {
                "batter": 1,
                "extras": 0,
                "total": 1
              }
            },
            {
              "batter": "KS Williamson",
              "bowler": "SJ Croft",
              "non_striker": "GS Ballance",
              "runs": {
                "batter": 4,
                "extras": 0,
                "total": 4
              }
            }
          ]
        },
        {
          "over": 12,
          "deliveries": [
            {
              "batter": "GS Ballance",
              "bowler": "SD Parry",
              "non_striker": "KS Williamson",
              "runs": {
                "batter": 1,
                "extras": 0,
                "total": 1
              }
            },
            {
              "batter": "KS Williamson",
              "bowler": "SD Parry",
              "non_striker": "GS Ballance",
              "runs": {
                "batter": 1,
                "extras": 0,
                "total": 1
              }
            },
            {
              "batter": "GS Ballance",
              "bowler": "SD Parry",
              "non_striker": "KS Williamson",
              "runs": {
                "batter": 1,
                "extras": 0,
                "total": 1
              }
            },
            {
              "batter": "KS Williamson",
              "bowler": "SD Parry",
              "non_striker": "GS Ballance",
              "runs": {
                "batter": 0,
                "extras": 0,
                "total": 0
              },
              "wickets": [
                {
                  "kind": "bowled",
                  "player_out": "KS Williamson"
                }
              ]
            },
            {
              "batter": "TT Bresnan",
              "bowler": "SD Parry",
              "non_striker": "GS Ballance",
              "runs": {
                "batter": 2,
                "extras": 0,
                "total": 2
              }
            },
            {
              "batter": "TT Bresnan",
              "bowler": "SD Parry",
              "non_striker": "GS Ballance",
              "runs": {
                "batter": 1,
                "extras": 0,
                "total": 1
              }
            }
          ]
        },
        {
          "over": 13,
          "deliveries": [
            {
              "batter": "TT Bresnan",
              "bowler": "NL Buck",
              "non_striker": "GS Ballance",
              "runs": {
                "batter": 0,
                "extras": 0,
                "total": 0
              }
            },
            {
              "batter": "TT Bresnan",
              "bowler": "NL Buck",
              "non_striker": "GS Ballance",
              "runs": {
                "batter": 0,
                "extras": 0,
                "total": 0
              }
            },
            {
              "batter": "TT Bresnan",
              "bowler": "NL Buck",
              "non_striker": "GS Ballance",
              "runs": {
                "batter": 1,
                "extras": 0,
                "total": 1
              }
            },
            {
              "batter": "GS Ballance",
              "bowler": "NL Buck",
              "non_striker": "TT Bresnan",
              "runs": {
                "batter": 1,
                "extras": 0,
                "total": 1
              }
            },
            {
              "batter": "TT Bresnan",
              "bowler": "NL Buck",
              "non_striker": "GS Ballance",
              "runs": {
                "batter": 1,
                "extras": 0,
                "total": 1
              }
            },
            {
              "batter": "GS Ballance",
              "bowler": "NL Buck",
              "non_striker": "TT Bresnan",
              "runs": {
                "batter": 4,
                "extras": 0,
                "total": 4
              }
            }
          ]
        },
        {
          "over": 14,
          "deliveries": [
            {
              "batter": "TT Bresnan",
              "bowler": "GA Edwards",
              "non_striker": "GS Ballance",
              "runs": {
                "batter": 0,
                "extras": 0,
                "total": 0
              },
              "wickets": [
                {
                  "kind": "caught",
                  "player_out": "TT Bresnan",
                  "fielders": [
                    {
                      "name": "J Clark"
                    }
                  ]
                }
              ]
            },
            {
              "batter": "GS Ballance",
              "bowler": "GA Edwards",
              "non_striker": "WMH Rhodes",
              "runs": {
                "batter": 1,
                "extras": 0,
                "total": 1
              }
            },
            {
              "batter": "WMH Rhodes",
              "bowler": "GA Edwards",
              "non_striker": "GS Ballance",
              "runs": {
                "batter": 4,
                "extras": 0,
                "total": 4
              }
            },
            {
              "batter": "WMH Rhodes",
              "bowler": "GA Edwards",
              "non_striker": "GS Ballance",
              "runs": {
                "batter": 1,
                "extras": 0,
                "total": 1
              }
            },
            {
              "batter": "GS Ballance",
              "bowler": "GA Edwards",
              "non_striker": "WMH Rhodes",
              "runs": {
                "batter": 1,
                "extras": 0,
                "total": 1
              }
            },
            {
              "batter": "WMH Rhodes",
              "bowler": "GA Edwards",
              "non_striker": "GS Ballance",
              "runs": {
                "batter": 1,
                "extras": 0,
                "total": 1
              }
            }
          ]
        },
        {
          "over": 15,
          "deliveries": [
            {
              "batter": "WMH Rhodes",
              "bowler": "NL Buck",
              "non_striker": "GS Ballance",
              "runs": {
                "batter": 0,
                "extras": 0,
                "total": 0
              }
            },
            {
              "batter": "WMH Rhodes",
              "bowler": "NL Buck",
              "non_striker": "GS Ballance",
              "runs": {
                "batter": 1,
                "extras": 0,
                "total": 1
              }
            },
            {
              "batter": "GS Ballance",
              "bowler": "NL Buck",
              "non_striker": "WMH Rhodes",
              "runs": {
                "batter": 0,
                "extras": 0,
                "total": 0
              },
              "wickets": [
                {
                  "kind": "caught",
                  "player_out": "GS Ballance",
                  "fielders": [
                    {
                      "name": "AN Petersen"
                    }
                  ]
                }
              ]
            },
            {
              "batter": "WMH Rhodes",
              "bowler": "NL Buck",
              "non_striker": "AJ Hodd",
              "runs": {
                "batter": 1,
                "extras": 0,
                "total": 1
              }
            },
            {
              "batter": "AJ Hodd",
              "bowler": "NL Buck",
              "non_striker": "WMH Rhodes",
              "runs": {
                "batter": 1,
                "extras": 0,
                "total": 1
              }
            },
            {
              "batter": "WMH Rhodes",
              "bowler": "NL Buck",
              "non_striker": "AJ Hodd",
              "runs": {
                "batter": 4,
                "extras": 0,
                "total": 4
              }
            }
          ]
        },
        {
          "over": 16,
          "deliveries": [
            {
              "batter": "AJ Hodd",
              "bowler": "GA Edwards",
              "non_striker": "WMH Rhodes",
              "runs": {
                "batter": 1,
                "extras": 0,
                "total": 1
              }
            },
            {
              "batter": "WMH Rhodes",
              "bowler": "GA Edwards",
              "non_striker": "AJ Hodd",
              "runs": {
                "batter": 2,
                "extras": 0,
                "total": 2
              }
            },
            {
              "batter": "WMH Rhodes",
              "bowler": "GA Edwards",
              "non_striker": "AJ Hodd",
              "runs": {
                "batter": 4,
                "extras": 0,
                "total": 4
              }
            },
            {
              "batter": "WMH Rhodes",
              "bowler": "GA Edwards",
              "non_striker": "AJ Hodd",
              "runs": {
                "batter": 1,
                "extras": 0,
                "total": 1
              }
            },
            {
              "batter": "AJ Hodd",
              "bowler": "GA Edwards",
              "non_striker": "WMH Rhodes",
              "runs": {
                "batter": 0,
                "extras": 0,
                "total": 0
              },
              "wickets": [
                {
                  "kind": "caught",
                  "player_out": "AJ Hodd",
                  "fielders": [
                    {
                      "name": "J Clark"
                    }
                  ]
                }
              ]
            },
            {
              "batter": "WMH Rhodes",
              "bowler": "GA Edwards",
              "non_striker": "Azeem Rafiq",
              "runs": {
                "batter": 1,
                "extras": 0,
                "total": 1
              }
            }
          ]
        },
        {
          "over": 17,
          "deliveries": [
            {
              "batter": "WMH Rhodes",
              "bowler": "J Clark",
              "non_striker": "Azeem Rafiq",
              "runs": {
                "batter": 1,
                "extras": 0,
                "total": 1
              }
            },
            {
              "batter": "Azeem Rafiq",
              "bowler": "J Clark",
              "non_striker": "WMH Rhodes",
              "runs": {
                "batter": 1,
                "extras": 0,
                "total": 1
              }
            },
            {
              "batter": "WMH Rhodes",
              "bowler": "J Clark",
              "non_striker": "Azeem Rafiq",
              "runs": {
                "batter": 2,
                "extras": 0,
                "total": 2
              }
            },
            {
              "batter": "WMH Rhodes",
              "bowler": "J Clark",
              "non_striker": "Azeem Rafiq",
              "runs": {
                "batter": 1,
                "extras": 0,
                "total": 1
              }
            },
            {
              "batter": "Azeem Rafiq",
              "bowler": "J Clark",
              "non_striker": "WMH Rhodes",
              "runs": {
                "batter": 4,
                "extras": 0,
                "total": 4
              }
            },
            {
              "batter": "Azeem Rafiq",
              "bowler": "J Clark",
              "non_striker": "WMH Rhodes",
              "runs": {
                "batter": 1,
                "extras": 0,
                "total": 1
              }
            }
          ]
        }
      ],
      "powerplays": [
        {
          "from": 0.1,
          "to": 4.7,
          "type": "mandatory"
        }
      ]
    },
    {
      "team": "Lancashire",
      "overs": [
        {
          "over": 0,
          "deliveries": [
            {
              "batter": "J Clark",
              "bowler": "TT Bresnan",
              "non_striker": "AN Petersen",
              "runs": {
                "batter": 2,
                "extras": 0,
                "total": 2
              }
            },
            {
              "batter": "J Clark",
              "bowler": "TT Bresnan",
              "non_striker": "AN Petersen",
              "runs": {
                "batter": 1,
                "extras": 0,
                "total": 1
              }
            },
            {
              "batter": "AN Petersen",
              "bowler": "TT Bresnan",
              "non_striker": "J Clark",
              "runs": {
                "batter": 3,
                "extras": 0,
                "total": 3
              }
            },
            {
              "batter": "J Clark",
              "bowler": "TT Bresnan",
              "non_striker": "AN Petersen",
              "runs": {
                "batter": 1,
                "extras": 0,
                "total": 1
              }
            },
            {
              "batter": "AN Petersen",
              "bowler": "TT Bresnan",
              "non_striker": "J Clark",
              "runs": {
                "batter": 0,
                "extras": 0,
                "total": 0
              }
            },
            {
              "batter": "AN Petersen",
              "bowler": "TT Bresnan",
              "non_striker": "J Clark",
              "runs": {
                "batter": 0,
                "extras": 0,
                "total": 0
              }
            }
          ]
        },
        {
          "over": 1,
          "deliveries": [
            {
              "batter": "J Clark",
              "bowler": "SA Patterson",
              "non_striker": "AN Petersen",
              "runs": {
                "batter": 0,
                "extras": 0,
                "total": 0
              }
            },
            {
              "batter": "J Clark",
              "bowler": "SA Patterson",
              "non_striker": "AN Petersen",
              "runs": {
                "batter": 0,
                "extras": 0,
                "total": 0
              }
            },
            {
              "batter": "J Clark",
              "bowler": "SA Patterson",
              "non_striker": "AN Petersen",
              "runs": {
                "batter": 1,
                "extras": 0,
                "total": 1
              }
            },
            {
              "batter": "AN Petersen",
              "bowler": "SA Patterson",
              "non_striker": "J Clark",
              "runs": {
                "batter": 0,
                "extras": 0,
                "total": 0
              }
            },
            {
              "batter": "AN Petersen",
              "bowler": "SA Patterson",
              "non_striker": "J Clark",
              "runs": {
                "batter": 1,
                "extras": 0,
                "total": 1
              }
            },
            {
              "batter": "J Clark",
              "bowler": "SA Patterson",
              "non_striker": "AN Petersen",
              "runs": {
                "batter": 1,
                "extras": 0,
                "total": 1
              }
            }
          ]
        },
        {
          "over": 2,
          "deliveries": [
            {
              "batter": "J Clark",
              "bowler": "TT Bresnan",
              "non_striker": "AN Petersen",
              "runs": {
                "batter": 0,
                "extras": 0,
                "total": 0
              }
            },
            {
              "batter": "J Clark",
              "bowler": "TT Bresnan",
              "extras": {
                "legbyes": 1
              },
              "non_striker": "AN Petersen",
              "runs": {
                "batter": 0,
                "extras": 1,
                "total": 1
              }
            },
            {
              "batter": "AN Petersen",
              "bowler": "TT Bresnan",
              "non_striker": "J Clark",
              "runs": {
                "batter": 6,
                "extras": 0,
                "total": 6
              }
            },
            {
              "batter": "AN Petersen",
              "bowler": "TT Bresnan",
              "non_striker": "J Clark",
              "runs": {
                "batter": 1,
                "extras": 0,
                "total": 1
              }
            },
            {
              "batter": "J Clark",
              "bowler": "TT Bresnan",
              "non_striker": "AN Petersen",
              "runs": {
                "batter": 2,
                "extras": 0,
                "total": 2
              }
            },
            {
              "batter": "J Clark",
              "bowler": "TT Bresnan",
              "non_striker": "AN Petersen",
              "runs": {
                "batter": 0,
                "extras": 0,
                "total": 0
              }
            }
          ]
        },
        {
          "over": 3,
          "deliveries": [
            {
              "batter": "AN Petersen",
              "bowler": "SA Patterson",
              "non_striker": "J Clark",
              "runs": {
                "batter": 1,
                "extras": 0,
                "total": 1
              }
            },
            {
              "batter": "J Clark",
              "bowler": "SA Patterson",
              "non_striker": "AN Petersen",
              "runs": {
                "batter": 1,
                "extras": 0,
                "total": 1
              }
            },
            {
              "batter": "AN Petersen",
              "bowler": "SA Patterson",
              "non_striker": "J Clark",
              "runs": {
                "batter": 1,
                "extras": 0,
                "total": 1
              }
            },
            {
              "batter": "J Clark",
              "bowler": "SA Patterson",
              "non_striker": "AN Petersen",
              "runs": {
                "batter": 0,
                "extras": 0,
                "total": 0
              },
              "wickets": [
                {
                  "kind": "caught",
                  "player_out": "J Clark",
                  "fielders": [
                    {
                      "name": "A Lyth"
                    }
                  ]
                }
              ]
            },
            {
              "batter": "AN Petersen",
              "bowler": "SA Patterson",
              "non_striker": "KR Brown",
              "runs": {
                "batter": 0,
                "extras": 0,
                "total": 0
              }
            },
            {
              "batter": "AN Petersen",
              "bowler": "SA Patterson",
              "non_striker": "KR Brown",
              "runs": {
                "batter": 2,
                "extras": 0,
                "total": 2
              }
            }
          ]
        },
        {
          "over": 4,
          "deliveries": [
            {
              "batter": "KR Brown",
              "bowler": "WMH Rhodes",
              "non_striker": "AN Petersen",
              "runs": {
                "batter": 1,
                "extras": 0,
                "total": 1
              }
            },
            {
              "batter": "AN Petersen",
              "bowler": "WMH Rhodes",
              "non_striker": "KR Brown",
              "runs": {
                "batter": 0,
                "extras": 0,
                "total": 0
              },
              "wickets": [
                {
                  "kind": "caught",
                  "player_out": "AN Petersen",
                  "fielders": [
                    {
                      "name": "JA Leaning"
                    }
                  ]
                }
              ]
            },
            {
              "batter": "KR Brown",
              "bowler": "WMH Rhodes",
              "non_striker": "LS Livingstone",
              "runs": {
                "batter": 1,
                "extras": 0,
                "total": 1
              }
            },
            {
              "batter": "LS Livingstone",
              "bowler": "WMH Rhodes",
              "non_striker": "KR Brown",
              "runs": {
                "batter": 1,
                "extras": 0,
                "total": 1
              }
            },
            {
              "batter": "KR Brown",
              "bowler": "WMH Rhodes",
              "non_striker": "LS Livingstone",
              "runs": {
                "batter": 4,
                "extras": 0,
                "total": 4
              }
            },
            {
              "batter": "KR Brown",
              "bowler": "WMH Rhodes",
              "non_striker": "LS Livingstone",
              "runs": {
                "batter": 6,
                "extras": 0,
                "total": 6
              }
            }
          ]
        },
        {
          "over": 5,
          "deliveries": [
            {
              "batter": "LS Livingstone",
              "bowler": "Azeem Rafiq",
              "non_striker": "KR Brown",
              "runs": {
                "batter": 1,
                "extras": 0,
                "total": 1
              }
            },
            {
              "batter": "KR Brown",
              "bowler": "Azeem Rafiq",
              "non_striker": "LS Livingstone",
              "runs": {
                "batter": 0,
                "extras": 0,
                "total": 0
              }
            },
            {
              "batter": "KR Brown",
              "bowler": "Azeem Rafiq",
              "non_striker": "LS Livingstone",
              "runs": {
                "batter": 0,
                "extras": 0,
                "total": 0
              }
            },
            {
              "batter": "KR Brown",
              "bowler": "Azeem Rafiq",
              "non_striker": "LS Livingstone",
              "runs": {
                "batter": 2,
                "extras": 0,
                "total": 2
              }
            },
            {
              "batter": "KR Brown",
              "bowler": "Azeem Rafiq",
              "non_striker": "LS Livingstone",
              "runs": {
                "batter": 1,
                "extras": 0,
                "total": 1
              }
            },
            {
              "batter": "LS Livingstone",
              "bowler": "Azeem Rafiq",
              "non_striker": "KR Brown",
              "runs": {
                "batter": 1,
                "extras": 0,
                "total": 1
              }
            }
          ]
        },
        {
          "over": 6,
          "deliveries": [
            {
              "batter": "LS Livingstone",
              "bowler": "K Carver",
              "non_striker": "KR Brown",
              "runs": {
                "batter": 0,
                "extras": 0,
                "total": 0
              }
            },
            {
              "batter": "LS Livingstone",
              "bowler": "K Carver",
              "non_striker": "KR Brown",
              "runs": {
                "batter": 1,
                "extras": 0,
                "total": 1
              }
            },
            {
              "batter": "KR Brown",
              "bowler": "K Carver",
              "non_striker": "LS Livingstone",
              "runs": {
                "batter": 1,
                "extras": 0,
                "total": 1
              }
            },
            {
              "batter": "LS Livingstone",
              "bowler": "K Carver",
              "non_striker": "KR Brown",
              "runs": {
                "batter": 1,
                "extras": 0,
                "total": 1
              }
            },
            {
              "batter": "KR Brown",
              "bowler": "K Carver",
              "non_striker": "LS Livingstone",
              "runs": {
                "batter": 0,
                "extras": 0,
                "total": 0
              }
            },
            {
              "batter": "KR Brown",
              "bowler": "K Carver",
              "non_striker": "LS Livingstone",
              "runs": {
                "batter": 1,
                "extras": 0,
                "total": 1
              }
            }
          ]
        },
        {
          "over": 7,
          "deliveries": [
            {
              "batter": "KR Brown",
              "bowler": "Azeem Rafiq",
              "non_striker": "LS Livingstone",
              "runs": {
                "batter": 2,
                "extras": 0,
                "total": 2
              }
            },
            {
              "batter": "KR Brown",
              "bowler": "Azeem Rafiq",
              "non_striker": "LS Livingstone",
              "runs": {
                "batter": 0,
                "extras": 0,
                "total": 0
              }
            },
            {
              "batter": "KR Brown",
              "bowler": "Azeem Rafiq",
              "non_striker": "LS Livingstone",
              "runs": {
                "batter": 0,
                "extras": 0,
                "total": 0
              },
              "wickets": [
                {
                  "kind": "bowled",
                  "player_out": "KR Brown"
                }
              ]
            },
            {
              "batter": "SJ Croft",
              "bowler": "Azeem Rafiq",
              "non_striker": "LS Livingstone",
              "runs": {
                "batter": 1,
                "extras": 0,
                "total": 1
              }
            },
            {
              "batter": "LS Livingstone",
              "bowler": "Azeem Rafiq",
              "non_striker": "SJ Croft",
              "runs": {
                "batter": 1,
                "extras": 0,
                "total": 1
              }
            },
            {
              "batter": "SJ Croft",
              "bowler": "Azeem Rafiq",
              "non_striker": "LS Livingstone",
              "runs": {
                "batter": 1,
                "extras": 0,
                "total": 1
              }
            }
          ]
        },
        {
          "over": 8,
          "deliveries": [
            {
              "batter": "SJ Croft",
              "bowler": "K Carver",
              "non_striker": "LS Livingstone",
              "runs": {
                "batter": 1,
                "extras": 0,
                "total": 1
              }
            },
            {
              "batter": "LS Livingstone",
              "bowler": "K Carver",
              "non_striker": "SJ Croft",
              "runs": {
                "batter": 6,
                "extras": 0,
                "total": 6
              }
            },
            {
              "batter": "LS Livingstone",
              "bowler": "K Carver",
              "non_striker": "SJ Croft",
              "runs": {
                "batter": 1,
                "extras": 0,
                "total": 1
              }
            },
            {
              "batter": "SJ Croft",
              "bowler": "K Carver",
              "extras": {
                "wides": 1
              },
              "non_striker": "LS Livingstone",
              "runs": {
                "batter": 0,
                "extras": 1,
                "total": 1
              }
            },
            {
              "batter": "SJ Croft",
              "bowler": "K Carver",
              "non_striker": "LS Livingstone",
              "runs": {
                "batter": 0,
                "extras": 0,
                "total": 0
              }
            },
            {
              "batter": "SJ Croft",
              "bowler": "K Carver",
              "non_striker": "LS Livingstone",
              "runs": {
                "batter": 1,
                "extras": 0,
                "total": 1
              }
            },
            {
              "batter": "LS Livingstone",
              "bowler": "K Carver",
              "non_striker": "SJ Croft",
              "runs": {
                "batter": 1,
                "extras": 0,
                "total": 1
              }
            }
          ]
        },
        {
          "over": 9,
          "deliveries": [
            {
              "batter": "LS Livingstone",
              "bowler": "A Lyth",
              "non_striker": "SJ Croft",
              "runs": {
                "batter": 1,
                "extras": 0,
                "total": 1
              }
            },
            {
              "batter": "SJ Croft",
              "bowler": "A Lyth",
              "non_striker": "LS Livingstone",
              "runs": {
                "batter": 1,
                "extras": 0,
                "total": 1
              }
            },
            {
              "batter": "LS Livingstone",
              "bowler": "A Lyth",
              "non_striker": "SJ Croft",
              "runs": {
                "batter": 1,
                "extras": 0,
                "total": 1
              }
            },
            {
              "batter": "SJ Croft",
              "bowler": "A Lyth",
              "non_striker": "LS Livingstone",
              "runs": {
                "batter": 0,
                "extras": 0,
                "total": 0
              }
            },
            {
              "batter": "SJ Croft",
              "bowler": "A Lyth",
              "extras": {
                "legbyes": 1
              },
              "non_striker": "LS Livingstone",
              "runs": {
                "batter": 0,
                "extras": 1,
                "total": 1
              }
            },
            {
              "batter": "LS Livingstone",
              "bowler": "A Lyth",
              "non_striker": "SJ Croft",
              "runs": {
                "batter": 1,
                "extras": 0,
                "total": 1
              }
            }
          ]
        },
        {
          "over": 10,
          "deliveries": [
            {
              "batter": "LS Livingstone",
              "bowler": "K Carver",
              "non_striker": "SJ Croft",
              "runs": {
                "batter": 6,
                "extras": 0,
                "total": 6
              }
            },
            {
              "batter": "LS Livingstone",
              "bowler": "K Carver",
              "non_striker": "SJ Croft",
              "runs": {
                "batter": 6,
                "extras": 0,
                "total": 6
              }
            },
            {
              "batter": "LS Livingstone",
              "bowler": "K Carver",
              "non_striker": "SJ Croft",
              "runs": {
                "batter": 6,
                "extras": 0,
                "total": 6
              }
            },
            {
              "batter": "LS Livingstone",
              "bowler": "K Carver",
              "non_striker": "SJ Croft",
              "runs": {
                "batter": 1,
                "extras": 0,
                "total": 1
              }
            },
            {
              "batter": "SJ Croft",
              "bowler": "K Carver",
              "non_striker": "LS Livingstone",
              "runs": {
                "batter": 0,
                "extras": 0,
                "total": 0
              },
              "wickets": [
                {
                  "kind": "caught",
                  "player_out": "SJ Croft",
                  "fielders": [
                    {
                      "name": "JA Leaning"
                    }
                  ]
                }
              ]
            },
            {
              "batter": "LS Livingstone",
              "bowler": "K Carver",
              "non_striker": "LA Procter",
              "runs": {
                "batter": 0,
                "extras": 0,
                "total": 0
              },
              "wickets": [
                {
                  "kind": "caught",
                  "player_out": "LS Livingstone",
                  "fielders": [
                    {
                      "name": "GS Ballance"
                    }
                  ]
                }
              ]
            }
          ]
        },
        {
          "over": 11,
          "deliveries": [
            {
              "batter": "AM Lilley",
              "bowler": "Azeem Rafiq",
              "non_striker": "LA Procter",
              "runs": {
                "batter": 1,
                "extras": 0,
                "total": 1
              }
            },
            {
              "batter": "LA Procter",
              "bowler": "Azeem Rafiq",
              "non_striker": "AM Lilley",
              "runs": {
                "batter": 1,
                "extras": 0,
                "total": 1
              }
            },
            {
              "batter": "AM Lilley",
              "bowler": "Azeem Rafiq",
              "non_striker": "LA Procter",
              "runs": {
                "batter": 0,
                "extras": 0,
                "total": 0
              }
            },
            {
              "batter": "AM Lilley",
              "bowler": "Azeem Rafiq",
              "non_striker": "LA Procter",
              "runs": {
                "batter": 1,
                "extras": 0,
                "total": 1
              }
            },
            {
              "batter": "LA Procter",
              "bowler": "Azeem Rafiq",
              "non_striker": "AM Lilley",
              "runs": {
                "batter": 0,
                "extras": 0,
                "total": 0
              }
            },
            {
              "batter": "LA Procter",
              "bowler": "Azeem Rafiq",
              "extras": {
                "byes": 2
              },
              "non_striker": "AM Lilley",
              "runs": {
                "batter": 0,
                "extras": 2,
                "total": 2
              }
            }
          ]
        },
        {
          "over": 12,
          "deliveries": [
            {
              "batter": "AM Lilley",
              "bowler": "WMH Rhodes",
              "non_striker": "LA Procter",
              "runs": {
                "batter": 0,
                "extras": 0,
                "total": 0
              },
              "wickets": [
                {
                  "kind": "caught",
                  "player_out": "AM Lilley",
                  "fielders": [
                    {
                      "name": "K Carver"
                    }
                  ]
                }
              ]
            },
            {
              "batter": "LA Procter",
              "bowler": "WMH Rhodes",
              "non_striker": "TJ Moores",
              "runs": {
                "batter": 1,
                "extras": 0,
                "total": 1
              }
            },
            {
              "batter": "TJ Moores",
              "bowler": "WMH Rhodes",
              "non_striker": "LA Procter",
              "runs": {
                "batter": 1,
                "extras": 0,
                "total": 1
              }
            },
            {
              "batter": "LA Procter",
              "bowler": "WMH Rhodes",
              "non_striker": "TJ Moores",
              "runs": {
                "batter": 1,
                "extras": 0,
                "total": 1
              }
            },
            {
              "batter": "TJ Moores",
              "bowler": "WMH Rhodes",
              "non_striker": "LA Procter",
              "runs": {
                "batter": 1,
                "extras": 0,
                "total": 1
              }
            },
            {
              "batter": "LA Procter",
              "bowler": "WMH Rhodes",
              "non_striker": "TJ Moores",
              "runs": {
                "batter": 1,
                "extras": 0,
                "total": 1
              }
            }
          ]
        },
        {
          "over": 13,
          "deliveries": [
            {
              "batter": "LA Procter",
              "bowler": "Azeem Rafiq",
              "non_striker": "TJ Moores",
              "runs": {
                "batter": 4,
                "extras": 0,
                "total": 4
              }
            },
            {
              "batter": "LA Procter",
              "bowler": "Azeem Rafiq",
              "non_striker": "TJ Moores",
              "runs": {
                "batter": 0,
                "extras": 0,
                "total": 0
              }
            },
            {
              "batter": "LA Procter",
              "bowler": "Azeem Rafiq",
              "non_striker": "TJ Moores",
              "runs": {
                "batter": 1,
                "extras": 0,
                "total": 1
              }
            },
            {
              "batter": "TJ Moores",
              "bowler": "Azeem Rafiq",
              "non_striker": "LA Procter",
              "runs": {
                "batter": 0,
                "extras": 0,
                "total": 0
              }
            },
            {
              "batter": "TJ Moores",
              "bowler": "Azeem Rafiq",
              "non_striker": "LA Procter",
              "runs": {
                "batter": 1,
                "extras": 0,
                "total": 1
              }
            },
            {
              "batter": "LA Procter",
              "bowler": "Azeem Rafiq",
              "non_striker": "TJ Moores",
              "runs": {
                "batter": 1,
                "extras": 0,
                "total": 1
              }
            }
          ]
        },
        {
          "over": 14,
          "deliveries": [
            {
              "batter": "LA Procter",
              "bowler": "TT Bresnan",
              "non_striker": "TJ Moores",
              "runs": {
                "batter": 2,
                "extras": 0,
                "total": 2
              }
            },
            {
              "batter": "LA Procter",
              "bowler": "TT Bresnan",
              "extras": {
                "legbyes": 1
              },
              "non_striker": "TJ Moores",
              "runs": {
                "batter": 0,
                "extras": 1,
                "total": 1
              }
            },
            {
              "batter": "TJ Moores",
              "bowler": "TT Bresnan",
              "non_striker": "LA Procter",
              "runs": {
                "batter": 1,
                "extras": 0,
                "total": 1
              }
            },
            {
              "batter": "LA Procter",
              "bowler": "TT Bresnan",
              "non_striker": "TJ Moores",
              "runs": {
                "batter": 4,
                "extras": 0,
                "total": 4
              }
            },
            {
              "batter": "LA Procter",
              "bowler": "TT Bresnan",
              "non_striker": "TJ Moores",
              "runs": {
                "batter": 0,
                "extras": 0,
                "total": 0
              },
              "wickets": [
                {
                  "kind": "caught",
                  "player_out": "LA Procter",
                  "fielders": [
                    {
                      "name": "K Carver"
                    }
                  ]
                }
              ]
            },
            {
              "batter": "TJ Moores",
              "bowler": "TT Bresnan",
              "non_striker": "SD Parry",
              "runs": {
                "batter": 1,
                "extras": 0,
                "total": 1
              }
            }
          ]
        },
        {
          "over": 15,
          "deliveries": [
            {
              "batter": "TJ Moores",
              "bowler": "SA Patterson",
              "non_striker": "SD Parry",
              "runs": {
                "batter": 4,
                "extras": 0,
                "total": 4
              }
            },
            {
              "batter": "TJ Moores",
              "bowler": "SA Patterson",
              "non_striker": "SD Parry",
              "runs": {
                "batter": 0,
                "extras": 0,
                "total": 0
              },
              "wickets": [
                {
                  "kind": "caught",
                  "player_out": "TJ Moores",
                  "fielders": [
                    {
                      "name": "A Lyth"
                    }
                  ]
                }
              ]
            },
            {
              "batter": "SD Parry",
              "bowler": "SA Patterson",
              "non_striker": "NL Buck",
              "runs": {
                "batter": 4,
                "extras": 0,
                "total": 4
              }
            },
            {
              "batter": "SD Parry",
              "bowler": "SA Patterson",
              "non_striker": "NL Buck",
              "runs": {
                "batter": 1,
                "extras": 0,
                "total": 1
              }
            },
            {
              "batter": "NL Buck",
              "bowler": "SA Patterson",
              "non_striker": "SD Parry",
              "runs": {
                "batter": 0,
                "extras": 0,
                "total": 0
              }
            },
            {
              "batter": "NL Buck",
              "bowler": "SA Patterson",
              "non_striker": "SD Parry",
              "runs": {
                "batter": 0,
                "extras": 0,
                "total": 0
              }
            }
          ]
        },
        {
          "over": 16,
          "deliveries": [
            {
              "batter": "SD Parry",
              "bowler": "TT Bresnan",
              "extras": {
                "legbyes": 1
              },
              "non_striker": "NL Buck",
              "runs": {
                "batter": 0,
                "extras": 1,
                "total": 1
              }
            },
            {
              "batter": "NL Buck",
              "bowler": "TT Bresnan",
              "non_striker": "SD Parry",
              "runs": {
                "batter": 0,
                "extras": 0,
                "total": 0
              },
              "wickets": [
                {
                  "kind": "caught",
                  "player_out": "NL Buck",
                  "fielders": [
                    {
                      "name": "A Lyth"
                    }
                  ]
                }
              ]
            },
            {
              "batter": "SD Parry",
              "bowler": "TT Bresnan",
              "extras": {
                "byes": 1
              },
              "non_striker": "GA Edwards",
              "runs": {
                "batter": 0,
                "extras": 1,
                "total": 1
              }
            },
            {
              "batter": "GA Edwards",
              "bowler": "TT Bresnan",
              "non_striker": "SD Parry",
              "runs": {
                "batter": 1,
                "extras": 0,
                "total": 1
              }
            },
            {
              "batter": "SD Parry",
              "bowler": "TT Bresnan",
              "non_striker": "GA Edwards",
              "runs": {
                "batter": 4,
                "extras": 0,
                "total": 4
              }
            },
            {
              "batter": "SD Parry",
              "bowler": "TT Bresnan",
              "non_striker": "GA Edwards",
              "runs": {
                "batter": 1,
                "extras": 0,
                "total": 1
              }
            }
          ]
        },
        {
          "over": 17,
          "deliveries": [
            {
              "batter": "SD Parry",
              "bowler": "SA Patterson",
              "non_striker": "GA Edwards",
              "runs": {
                "batter": 1,
                "extras": 0,
                "total": 1
              }
            },
            {
              "batter": "GA Edwards",
              "bowler": "SA Patterson",
              "non_striker": "SD Parry",
              "runs": {
                "batter": 1,
                "extras": 0,
                "total": 1
              }
            },
            {
              "batter": "SD Parry",
              "bowler": "SA Patterson",
              "non_striker": "GA Edwards",
              "runs": {
                "batter": 4,
                "extras": 0,
                "total": 4
              }
            },
            {
              "batter": "SD Parry",
              "bowler": "SA Patterson",
              "non_striker": "GA Edwards",
              "runs": {
                "batter": 0,
                "extras": 0,
                "total": 0
              },
              "wickets": [
                {
                  "kind": "caught",
                  "player_out": "SD Parry",
                  "fielders": [
                    {
                      "name": "AJ Hodd"
                    }
                  ]
                }
              ]
            }
          ]
        }
      ],
      "powerplays": [
        {
          "from": 0.1,
          "to": 4.6,
          "type": "mandatory"
        }
      ],
      "target": {
        "overs": 18,
        "runs": 142
      }
    }
  ]
}