{
  "meta": {
    "data_version": "1.0.0",
    "created": "2017-05-04",
    "revision": 1
  },
  "info": {
    "balls_per_over": 6,
    "city": "Bristol",
    "dates": [
      "2016-07-29"
    ],
    "event": {
      "group": "South",
      "name": "NatWest T20 Blast"
    },
    "gender": "male",
    "match_type": "T20",
    "officials": {
      "umpires": [
        "RK Illingworth",
        "DJ Millns"
      ]
    },
    "outcome": {
      "by": {
        "wickets": 4
      },
      "winner": "Gloucestershire"
    },
    "overs": 20,
    "player_of_match": [
      "JMR Taylor"
    ],
    "players": {
      "Gloucestershire": [
        "HJH Marshall",
        "M Klinger",
        "IA Cockbain",
        "P Mustard",
        "BAC Howell",
        "JMR Taylor",
        "GL van Buuren",
        "AJ Tye",
        "TMJ Smith",
        "LC Norwell",
        "MD Taylor"
      ],
      "Middlesex": [
        "SS Eskinazi",
        "NRT Gubbins",
        "JEC Franklin",
        "GJ Bailey",
        "JA Simpson",
        "RF Higgins",
        "TS Roland-Jones",
        "OP Rayner",
        "JAR Harris",
        "NA Sowter",
        "ST Finn"
      ]
    },
    "registry": {
      "people": {
        "AJ Tye": "7c7d63a2",
        "BAC Howell": "0bec3a6c",
        "DJ Millns": "46ecfe40",
        "GJ Bailey": "5056011d",
        "GL van Buuren": "ba377b40",
        "HJH Marshall": "70542bef",
        "IA Cockbain": "542fd5a6",
        "JA Simpson": "f05fe9b1",
        "JAR Harris": "f1ba9ed7",
        "JEC Franklin": "cf73ad76",
        "JMR Taylor": "aed5be04",
        "LC Norwell": "85ebf2be",
        "M Klinger": "b970a03f",
        "MD Taylor": "01a95383",
        "NA Sowter": "ee0c05c0",
        "NRT Gubbins": "c1a89821",
        "OP Rayner": "e91de70e",
        "P Mustard": "1b6fef02",
        "RF Higgins": "ad212f96",
        "RK Illingworth": "20672246",
        "SS Eskinazi": "75cbed9b",
        "ST Finn": "ccdd8308",
        "TMJ Smith": "0a12e736",
        "TS Roland-Jones": "6c6aca89"
      }
    },
    "season": 2016,
    "team_type": "club",
    "teams": [
      "Gloucestershire",
      "Middlesex"
    ],
    "toss": {
      "decision": "bat",
      "winner": "Middlesex"
    },
    "venue": "County Ground"
  },
  "innings": [
    {
      "team": "Middlesex",
      "overs": [
        {
          "over": 0,
          "deliveries": [
            {
              "batter": "SS Eskinazi",
              "bowler": "MD Taylor",
              "non_striker": "NRT Gubbins",
              "runs": {
                "batter": 0,
                "extras": 0,
                "total": 0
              }
            },
            {
              "batter": "SS Eskinazi",
              "bowler": "MD Taylor",
              "extras": {
                "wides": 1
              },
              "non_striker": "NRT Gubbins",
              "runs": {
                "batter": 0,
                "extras": 1,
                "total": 1
              }
            },
            {
              "batter": "SS Eskinazi",
              "bowler": "MD Taylor",
              "non_striker": "NRT Gubbins",
              "runs": {
                "batter": 1,
                "extras": 0,
                "total": 1
              }
            },
            {
              "batter": "NRT Gubbins",
              "bowler": "MD Taylor",
              "non_striker": "SS Eskinazi",
              "runs": {
                "batter": 1,
                "extras": 0,
                "total": 1
              }
            },
            {
              "batter": "SS Eskinazi",
              "bowler": "MD Taylor",
              "non_striker": "NRT Gubbins",
              "runs": {
                "batter": 4,
                "extras": 0,
                "total": 4
              }
            },
            {
              "batter": "SS Eskinazi",
              "bowler": "MD Taylor",
              "extras": {
                "wides": 1
              },
              "non_striker": "NRT Gubbins",
              "runs": {
                "batter": 0,
                "extras": 1,
                "total": 1
              }
            },
            {
              "batter": "SS Eskinazi",
              "bowler": "MD Taylor",
              "non_striker": "NRT Gubbins",
              "runs": {
                "batter": 4,
                "extras": 0,
                "total": 4
              }
            },
            {
              "batter": "SS Eskinazi",
              "bowler": "MD Taylor",
              "non_striker": "NRT Gubbins",
              "runs": {
                "batter": 0,
                "extras": 0,
                "total": 0
              }
            }
          ]
        },
        {
          "over": 1,
          "deliveries": [
            {
              "batter": "NRT Gubbins",
              "bowler": "LC Norwell",
              "non_striker": "SS Eskinazi",
              "runs": {
                "batter": 0,
                "extras": 0,
                "total": 0
              }
            },
            {
              "batter": "NRT Gubbins",
              "bowler": "LC Norwell",
              "non_striker": "SS Eskinazi",
              "runs": {
                "batter": 0,
                "extras": 0,
                "total": 0
              }
            },
            {
              "batter": "NRT Gubbins",
              "bowler": "LC Norwell",
              "non_striker": "SS Eskinazi",
              "runs": {
                "batter": 6,
                "extras": 0,
                "total": 6
              }
            },
            {
              "batter": "NRT Gubbins",
              "bowler": "LC Norwell",
              "non_striker": "SS Eskinazi",
              "runs": {
                "batter": 0,
                "extras": 0,
                "total": 0
              }
            },
            {
              "batter": "NRT Gubbins",
              "bowler": "LC Norwell",
              "non_striker": "SS Eskinazi",
              "runs": {
                "batter": 1,
                "extras": 0,
                "total": 1
              }
            },
            {
              "batter": "SS Eskinazi",
              "bowler": "LC Norwell",
              "non_striker": "NRT Gubbins",
              "runs": {
                "batter": 3,
                "extras": 0,
                "total": 3
              }
            }
          ]
        },
        {
          "over": 2,
          "deliveries": [
            {
              "batter": "SS Eskinazi",
              "bowler": "GL van Buuren",
              "non_striker": "NRT Gubbins",
              "runs": {
                "batter": 1,
                "extras": 0,
                "total": 1
              }
            },
            {
              "batter": "NRT Gubbins",
              "bowler": "GL van Buuren",
              "non_striker": "SS Eskinazi",
              "runs": {
                "batter": 1,
                "extras": 0,
                "total": 1
              }
            },
            {
              "batter": "SS Eskinazi",
              "bowler": "GL van Buuren",
              "non_striker": "NRT Gubbins",
              "runs": {
                "batter": 1,
                "extras": 0,
                "total": 1
              }
            },
            {
              "batter": "NRT Gubbins",
              "bowler": "GL van Buuren",
              "non_striker": "SS Eskinazi",
              "runs": {
                "batter": 1,
                "extras": 0,
                "total": 1
              }
            },
            {
              "batter": "SS Eskinazi",
              "bowler": "GL van Buuren",
              "non_striker": "NRT Gubbins",
              "runs": {
                "batter": 1,
                "extras": 0,
                "total": 1
              }
            },
            {
              "batter": "NRT Gubbins",
              "bowler": "GL van Buuren",
              "non_striker": "SS Eskinazi",
              "runs": {
                "batter": 1,
                "extras": 0,
                "total": 1
              }
            }
          ]
        },
        {
          "over": 3,
          "deliveries": [
            {
              "batter": "NRT Gubbins",
              "bowler": "LC Norwell",
              "non_striker": "SS Eskinazi",
              "runs": {
                "batter": 6,
                "extras": 0,
                "total": 6
              }
            },
            {
              "batter": "NRT Gubbins",
              "bowler": "LC Norwell",
              "non_striker": "SS Eskinazi",
              "runs": {
                "batter": 1,
                "extras": 0,
                "total": 1
              }
            },
            {
              "batter": "SS Eskinazi",
              "bowler": "LC Norwell",
              "non_striker": "NRT Gubbins",
              "runs": {
                "batter": 4,
                "extras": 0,
                "total": 4
              }
            },
            {
              "batter": "SS Eskinazi",
              "bowler": "LC Norwell",
              "non_striker": "NRT Gubbins",
              "runs": {
                "batter": 0,
                "extras": 0,
                "total": 0
              }
            },
            {
              "batter": "SS Eskinazi",
              "bowler": "LC Norwell",
              "non_striker": "NRT Gubbins",
              "runs": {
                "batter": 1,
                "extras": 0,
                "total": 1
              }
            },
            {
              "batter": "NRT Gubbins",
              "bowler": "LC Norwell",
              "non_striker": "SS Eskinazi",
              "runs": {
                "batter": 6,
                "extras": 0,
                "total": 6
              }
            }
          ]
        },
        {
          "over": 4,
          "deliveries": [
            {
              "batter": "SS Eskinazi",
              "bowler": "GL van Buuren",
              "non_striker": "NRT Gubbins",
              "runs": {
                "batter": 0,
                "extras": 0,
                "total": 0
              }
            },
            {
              "batter": "SS Eskinazi",
              "bowler": "GL van Buuren",
              "non_striker": "NRT Gubbins",
              "runs": {
                "batter": 0,
                "extras": 0,
                "total": 0
              }
            },
            {
              "batter": "SS Eskinazi",
              "bowler": "GL van Buuren",
              "extras": {
                "legbyes": 1
              },
              "non_striker": "NRT Gubbins",
              "runs": {
                "batter": 0,
                "extras": 1,
                "total": 1
              }
            },
            {
              "batter": "NRT Gubbins",
              "bowler": "GL van Buuren",
              "non_striker": "SS Eskinazi",
              "runs": {
                "batter": 4,
                "extras": 0,
                "total": 4
              }
            },
            {
              "batter": "NRT Gubbins",
              "bowler": "GL van Buuren",
              "non_striker": "SS Eskinazi",
              "runs": {
                "batter": 1,
                "extras": 0,
                "total": 1
              }
            },
            {
              "batter": "SS Eskinazi",
              "bowler": "GL van Buuren",
              "non_striker": "NRT Gubbins",
              "runs": {
                "batter": 0,
                "extras": 0,
                "total": 0
              }
            }
          ]
        },
        {
          "over": 5,
          "deliveries": [
            {
              "batter": "NRT Gubbins",
              "bowler": "AJ Tye",
              "non_striker": "SS Eskinazi",
              "runs": {
                "batter": 0,
                "extras": 0,
                "total": 0
              },
              "wickets": [
                {
                  "kind": "caught",
                  "player_out": "NRT Gubbins",
                  "fielders": [
                    {
                      "name": "P Mustard"
                    }
                  ]
                }
              ]
            },
            {
              "batter": "SS Eskinazi",
              "bowler": "AJ Tye",
              "non_striker": "JEC Franklin",
              "runs": {
                "batter": 0,
                "extras": 0,
                "total": 0
              }
            },
            {
              "batter": "SS Eskinazi",
              "bowler": "AJ Tye",
              "non_striker": "JEC Franklin",
              "runs": {
                "batter": 1,
                "extras": 0,
                "total": 1
              }
            },
            {
              "batter": "JEC Franklin",
              "bowler": "AJ Tye",
              "non_striker": "SS Eskinazi",
              "runs": {
                "batter": 1,
                "extras": 0,
                "total": 1
              }
            },
            {
              "batter": "SS Eskinazi",
              "bowler": "AJ Tye",
              "non_striker": "JEC Franklin",
              "runs": {
                "batter": 1,
                "extras": 0,
                "total": 1
              }
            },
            {
              "batter": "JEC Franklin",
              "bowler": "AJ Tye",
              "non_striker": "SS Eskinazi",
              "runs": {
                "batter": 1,
                "extras": 0,
                "total": 1
              }
            }
          ]
        },
        {
          "over": 6,
          "deliveries": [
            {
              "batter": "JEC Franklin",
              "bowler": "TMJ Smith",
              "non_striker": "SS Eskinazi",
              "runs": {
                "batter": 1,
                "extras": 0,
                "total": 1
              }
            },
            {
              "batter": "SS Eskinazi",
              "bowler": "TMJ Smith",
              "non_striker": "JEC Franklin",
              "runs": {
                "batter": 1,
                "extras": 0,
                "total": 1
              }
            },
            {
              "batter": "JEC Franklin",
              "bowler": "TMJ Smith",
              "non_striker": "SS Eskinazi",
              "runs": {
                "batter": 1,
                "extras": 0,
                "total": 1
              }
            },
            {
              "batter": "SS Eskinazi",
              "bowler": "TMJ Smith",
              "extras": {
                "legbyes": 1
              },
              "non_striker": "JEC Franklin",
              "runs": {
                "batter": 0,
                "extras": 1,
                "total": 1
              }
            },
            {
              "batter": "JEC Franklin",
              "bowler": "TMJ Smith",
              "non_striker": "SS Eskinazi",
              "runs": {
                "batter": 0,
                "extras": 0,
                "total": 0
              }
            },
            {
              "batter": "JEC Franklin",
              "bowler": "TMJ Smith",
              "non_striker": "SS Eskinazi",
              "runs": {
                "batter": 0,
                "extras": 0,
                "total": 0
              }
            }
          ]
        },
        {
          "over": 7,
          "deliveries": [
            {
              "batter": "SS Eskinazi",
              "bowler": "BAC Howell",
              "non_striker": "JEC Franklin",
              "runs": {
                "batter": 1,
                "extras": 0,
                "total": 1
              }
            },
            {
              "batter": "JEC Franklin",
              "bowler": "BAC Howell",
              "non_striker": "SS Eskinazi",
              "runs": {
                "batter": 0,
                "extras": 0,
                "total": 0
              }
            },
            {
              "batter": "JEC Franklin",
              "bowler": "BAC Howell",
              "non_striker": "SS Eskinazi",
              "runs": {
                "batter": 1,
                "extras": 0,
                "total": 1
              }
            },
            {
              "batter": "SS Eskinazi",
              "bowler": "BAC Howell",
              "non_striker": "JEC Franklin",
              "runs": {
                "batter": 2,
                "extras": 0,
                "total": 2
              }
            },
            {
              "batter": "SS Eskinazi",
              "bowler": "BAC Howell",
              "non_striker": "JEC Franklin",
              "runs": {
                "batter": 1,
                "extras": 0,
                "total": 1
              }
            },
            {
              "batter": "JEC Franklin",
              "bowler": "BAC Howell",
              "non_striker": "SS Eskinazi",
              "runs": {
                "batter": 0,
                "extras": 0,
                "total": 0
              },
              "wickets": [
                {
                  "kind": "stumped",
                  "player_out": "JEC Franklin",
                  "fielders": [
                    {
                      "name": "P Mustard"
                    }
                  ]
                }
              ]
            }
          ]
        },
        {
          "over": 8,
          "deliveries": [
            {
              "batter": "SS Eskinazi",
              "bowler": "TMJ Smith",
              "non_striker": "GJ Bailey",
              "runs": {
                "batter": 1,
                "extras": 0,
                "total": 1
              }
            },
            {
              "batter": "GJ Bailey",
              "bowler": "TMJ Smith",
              "non_striker": "SS Eskinazi",
              "runs": {
                "batter": 0,
                "extras": 0,
                "total": 0
              }
            },
            {
              "batter": "GJ Bailey",
              "bowler": "TMJ Smith",
              "non_striker": "SS Eskinazi",
              "runs": {
                "batter": 0,
                "extras": 0,
                "total": 0
              }
            },
            {
              "batter": "GJ Bailey",
              "bowler": "TMJ Smith",
              "non_striker": "SS Eskinazi",
              "runs": {
                "batter": 1,
                "extras": 0,
                "total": 1
              }
            },
            {
              "batter": "SS Eskinazi",
              "bowler": "TMJ Smith",
              "non_striker": "GJ Bailey",
              "runs": {
                "batter": 1,
                "extras": 0,
                "total": 1
              }
            },
            {
              "batter": "GJ Bailey",
              "bowler": "TMJ Smith",
              "non_striker": "SS Eskinazi",
              "runs": {
                "batter": 0,
                "extras": 0,
                "total": 0
              }
            }
          ]
        },
        {
          "over": 9,
          "deliveries": [
            {
              "batter": "SS Eskinazi",
              "bowler": "BAC Howell",
              "non_striker": "GJ Bailey",
              "runs": {
                "batter": 0,
                "extras": 0,
                "total": 0
              },
              "wickets": [
                {
                  "kind": "caught",
                  "player_out": "SS Eskinazi",
                  "fielders": [
                    {
                      "name": "LC Norwell"
                    }
                  ]
                }
              ]
            },
            {
              "batter": "GJ Bailey",
              "bowler": "BAC Howell",
              "non_striker": "JA Simpson",
              "runs": {
                "batter": 0,
                "extras": 0,
                "total": 0
              }
            },
            {
              "batter": "GJ Bailey",
              "bowler": "BAC Howell",
              "non_striker": "JA Simpson",
              "runs": {
                "batter": 0,
                "extras": 0,
                "total": 0
              }
            },
            {
              "batter": "GJ Bailey",
              "bowler": "BAC Howell",
              "non_striker": "JA Simpson",
              "runs": {
                "batter": 0,
                "extras": 0,
                "total": 0
              },
              "wickets": [
                {
                  "kind": "lbw",
                  "player_out": "GJ Bailey"
                }
              ]
            },
            {
              "batter": "RF Higgins",
              "bowler": "BAC Howell",
              "non_striker": "JA Simpson",
              "runs": {
                "batter": 0,
                "extras": 0,
                "total": 0
              }
            },
            {
              "batter": "RF Higgins",
              "bowler": "BAC Howell",
              "non_striker": "JA Simpson",
              "runs": {
                "batter": 0,
                "extras": 0,
                "total": 0
              }
            }
          ]
        },
        {
          "over": 10,
          "deliveries": [
            {
              "batter": "JA Simpson",
              "bowler": "GL van Buuren",
              "non_striker": "RF Higgins",
              "runs": {
                "batter": 0,
                "extras": 0,
                "total": 0
              }
            },
            {
              "batter": "JA Simpson",
              "bowler": "GL van Buuren",
              "non_striker": "RF Higgins",
              "runs": {
                "batter": 0,
                "extras": 0,
                "total": 0
              }
            },
            {
              "batter": "JA Simpson",
              "bowler": "GL van Buuren",
              "non_striker": "RF Higgins",
              "runs": {
                "batter": 1,
                "extras": 0,
                "total": 1
              }
            },
            {
              "batter": "RF Higgins",
              "bowler": "GL van Buuren",
              "non_striker": "JA Simpson",
              "runs": {
                "batter": 1,
                "extras": 0,
                "total": 1
              }
            },
            {
              "batter": "JA Simpson",
              "bowler": "GL van Buuren",
              "non_striker": "RF Higgins",
              "runs": {
                "batter": 0,
                "extras": 0,
                "total": 0
              }
            },
            {
              "batter": "JA Simpson",
              "bowler": "GL van Buuren",
              "non_striker": "RF Higgins",
              "runs": {
                "batter": 1,
                "extras": 0,
                "total": 1
              }
            }
          ]
        },
        {
          "over": 11,
          "deliveries": [
            {
              "batter": "JA Simpson",
              "bowler": "BAC Howell",
              "non_striker": "RF Higgins",
              "runs": {
                "batter": 0,
                "extras": 0,
                "total": 0
              }
            },
            {
              "batter": "JA Simpson",
              "bowler": "BAC Howell",
              "non_striker": "RF Higgins",
              "runs": {
                "batter": 0,
                "extras": 0,
                "total": 0
              }
            },
            {
              "batter": "JA Simpson",
              "bowler": "BAC Howell",
              "non_striker": "RF Higgins",
              "runs": {
                "batter": 1,
                "extras": 0,
                "total": 1
              }
            },
            {
              "batter": "RF Higgins",
              "bowler": "BAC Howell",
              "non_striker": "JA Simpson",
              "runs": {
                "batter": 1,
                "extras": 0,
                "total": 1
              }
            },
            {
              "batter": "JA Simpson",
              "bowler": "BAC Howell",
              "non_striker": "RF Higgins",
              "runs": {
                "batter": 0,
                "extras": 0,
                "total": 0
              }
            },
            {
              "batter": "JA Simpson",
              "bowler": "BAC Howell",
              "non_striker": "RF Higgins",
              "runs": {
                "batter": 1,
                "extras": 0,
                "total": 1
              }
            }
          ]
        },
        {
          "over": 12,
          "deliveries": [
            {
              "batter": "JA Simpson",
              "bowler": "TMJ Smith",
              "non_striker": "RF Higgins",
              "runs": {
                "batter": 1,
                "extras": 0,
                "total": 1
              }
            },
            {
              "batter": "RF Higgins",
              "bowler": "TMJ Smith",
              "non_striker": "JA Simpson",
              "runs": {
                "batter": 1,
                "extras": 0,
                "total": 1
              }
            },
            {
              "batter": "JA Simpson",
              "bowler": "TMJ Smith",
              "non_striker": "RF Higgins",
              "runs": {
                "batter": 1,
                "extras": 0,
                "total": 1
              }
            },
            {
              "batter": "RF Higgins",
              "bowler": "TMJ Smith",
              "non_striker": "JA Simpson",
              "runs": {
                "batter": 1,
                "extras": 0,
                "total": 1
              }
            },
            {
              "batter": "JA Simpson",
              "bowler": "TMJ Smith",
              "non_striker": "RF Higgins",
              "runs": {
                "batter": 0,
                "extras": 0,
                "total": 0
              }
            },
            {
              "batter": "JA Simpson",
              "bowler": "TMJ Smith",
              "non_striker": "RF Higgins",
              "runs": {
                "batter": 4,
                "extras": 0,
                "total": 4
              }
            }
          ]
        },
        {
          "over": 13,
          "deliveries": [
            {
              "batter": "RF Higgins",
              "bowler": "AJ Tye",
              "non_striker": "JA Simpson",
              "runs": {
                "batter": 1,
                "extras": 0,
                "total": 1
              }
            },
            {
              "batter": "JA Simpson",
              "bowler": "AJ Tye",
              "non_striker": "RF Higgins",
              "runs": {
                "batter": 1,
                "extras": 0,
                "total": 1
              }
            },
            {
              "batter": "RF Higgins",
              "bowler": "AJ Tye",
              "non_striker": "JA Simpson",
              "runs": {
                "batter": 1,
                "extras": 0,
                "total": 1
              }
            },
            {
              "batter": "JA Simpson",
              "bowler": "AJ Tye",
              "extras": {
                "wides": 1
              },
              "non_striker": "RF Higgins",
              "runs": {
                "batter": 0,
                "extras": 1,
                "total": 1
              }
            },
            {
              "batter": "JA Simpson",
              "bowler": "AJ Tye",
              "non_striker": "RF Higgins",
              "runs": {
                "batter": 1,
                "extras": 0,
                "total": 1
              }
            },
            {
              "batter": "RF Higgins",
              "bowler": "AJ Tye",
              "non_striker": "JA Simpson",
              "runs": {
                "batter": 1,
                "extras": 0,
                "total": 1
              }
            },
            {
              "batter": "JA Simpson",
              "bowler": "AJ Tye",
              "non_striker": "RF Higgins",
              "runs": {
                "batter": 1,
                "extras": 0,
                "total": 1
              }
            }
          ]
        },
        {
          "over": 14,
          "deliveries": [
            {
              "batter": "JA Simpson",
              "bowler": "TMJ Smith",
              "non_striker": "RF Higgins",
              "runs": {
                "batter": 1,
                "extras": 0,
                "total": 1
              }
            },
            {
              "batter": "RF Higgins",
              "bowler": "TMJ Smith",
              "non_striker": "JA Simpson",
              "runs": {
                "batter": 1,
                "extras": 0,
                "total": 1
              }
            },
            {
              "batter": "JA Simpson",
              "bowler": "TMJ Smith",
              "non_striker": "RF Higgins",
              "runs": {
                "batter": 1,
                "extras": 0,
                "total": 1
              }
            },
            {
              "batter": "RF Higgins",
              "bowler": "TMJ Smith",
              "non_striker": "JA Simpson",
              "runs": {
                "batter": 4,
                "extras": 0,
                "total": 4
              }
            },
            {
              "batter": "RF Higgins",
              "bowler": "TMJ Smith",
              "non_striker": "JA Simpson",
              "runs": {
                "batter": 0,
                "extras": 0,
                "total": 0
              }
            },
            {
              "batter": "RF Higgins",
              "bowler": "TMJ Smith",
              "non_striker": "JA Simpson",
              "runs": {
                "batter": 1,
                "extras": 0,
                "total": 1
              }
            }
          ]
        },
        {
          "over": 15,
          "deliveries": [
            {
              "batter": "RF Higgins",
              "bowler": "BAC Howell",
              "non_striker": "JA Simpson",
              "runs": {
                "batter": 0,
                "extras": 0,
                "total": 0
              }
            },
            {
              "batter": "RF Higgins",
              "bowler": "BAC Howell",
              "non_striker": "JA Simpson",
              "runs": {
                "batter": 1,
                "extras": 0,
                "total": 1
              }
            },
            {
              "batter": "JA Simpson",
              "bowler": "BAC Howell",
              "non_striker": "RF Higgins",
              "runs": {
                "batter": 1,
                "extras": 0,
                "total": 1
              }
            },
            {
              "batter": "RF Higgins",
              "bowler": "BAC Howell",
              "non_striker": "JA Simpson",
              "runs": {
                "batter": 6,
                "extras": 0,
                "total": 6
              }
            },
            {
              "batter": "RF Higgins",
              "bowler": "BAC Howell",
              "non_striker": "JA Simpson",
              "runs": {
                "batter": 0,
                "extras": 0,
                "total": 0
              }
            },
            {
              "batter": "RF Higgins",
              "bowler": "BAC Howell",
              "non_striker": "JA Simpson",
              "runs": {
                "batter": 2,
                "extras": 0,
                "total": 2
              }
            }
          ]
        },
        {
          "over": 16,
          "deliveries": [
            {
              "batter": "JA Simpson",
              "bowler": "MD Taylor",
              "non_striker": "RF Higgins",
              "runs": {
                "batter": 1,
                "extras": 0,
                "total": 1
              }
            },
            {
              "batter": "RF Higgins",
              "bowler": "MD Taylor",
              "non_striker": "JA Simpson",
              "runs": {
                "batter": 1,
                "extras": 0,
                "total": 1
              }
            },
            {
              "batter": "JA Simpson",
              "bowler": "MD Taylor",
              "non_striker": "RF Higgins",
              "runs": {
                "batter": 1,
                "extras": 0,
                "total": 1
              }
            },
            {
              "batter": "RF Higgins",
              "bowler": "MD Taylor",
              "non_striker": "JA Simpson",
              "runs": {
                "batter": 1,
                "extras": 0,
                "total": 1
              }
            },
            {
              "batter": "JA Simpson",
              "bowler": "MD Taylor",
              "non_striker": "RF Higgins",
              "runs": {
                "batter": 1,
                "extras": 0,
                "total": 1
              }
            },
            {
              "batter": "RF Higgins",
              "bowler": "MD Taylor",
              "non_striker": "JA Simpson",
              "runs": {
                "batter": 0,
                "extras": 0,
                "total": 0
              }
            }
          ]
        },
        {
          "over": 17,
          "deliveries": [
            {
              "batter": "JA Simpson",
              "bowler": "AJ Tye",
              "non_striker": "RF Higgins",
              "runs": {
                "batter": 6,
                "extras": 0,
                "total": 6
              }
            },
            {
              "batter": "JA Simpson",
              "bowler": "AJ Tye",
              "non_striker": "RF Higgins",
              "runs": {
                "batter": 2,
                "extras": 0,
                "total": 2
              }
            },
            {
              "batter": "JA Simpson",
              "bowler": "AJ Tye",
              "non_striker": "RF Higgins",
              "runs": {
                "batter": 1,
                "extras": 0,
                "total": 1
              }
            },
            {
              "batter": "RF Higgins",
              "bowler": "AJ Tye",
              "non_striker": "JA Simpson",
              "runs": {
                "batter": 0,
                "extras": 0,
                "total": 0
              },
              "wickets": [
                {
                  "kind": "bowled",
                  "player_out": "RF Higgins"
                }
              ]
            },
            {
              "batter": "TS Roland-Jones",
              "bowler": "AJ Tye",
              "non_striker": "JA Simpson",
              "runs": {
                "batter": 2,
                "extras": 0,
                "total": 2
              }
            },
            {
              "batter": "TS Roland-Jones",
              "bowler": "AJ Tye",
              "non_striker": "JA Simpson",
              "runs": {
                "batter": 1,
                "extras": 0,
                "total": 1
              }
            }
          ]
        },
        {
          "over": 18,
          "deliveries": [
            {
              "batter": "TS Roland-Jones",
              "bowler": "MD Taylor",
              "non_striker": "JA Simpson",
              "runs": {
                "batter": 1,
                "extras": 0,
                "total": 1
              }
            },
            {
              "batter": "JA Simpson",
              "bowler": "MD Taylor",
              "extras": {
                "wides": 1
              },
              "non_striker": "TS Roland-Jones",
              "runs": {
                "batter": 0,
                "extras": 1,
                "total": 1
              }
            },
            {
              "batter": "JA Simpson",
              "bowler": "MD Taylor",
              "non_striker": "TS Roland-Jones",
              "runs": {
                "batter": 1,
                "extras": 0,
                "total": 1
              }
            },
            {
              "batter": "TS Roland-Jones",
              "bowler": "MD Taylor",
              "non_striker": "JA Simpson",
              "runs": {
                "batter": 1,
                "extras": 0,
                "total": 1
              }
            },
            {
              "batter": "JA Simpson",
              "bowler": "MD Taylor",
              "non_striker": "TS Roland-Jones",
              "runs": {
                "batter": 4,
                "extras": 0,
                "total": 4
              }
            },
            {
              "batter": "JA Simpson",
              "bowler": "MD Taylor",
              "extras": {
                "noballs": 3
              },
              "non_striker": "TS Roland-Jones",
              "runs": {
                "batter": 0,
                "extras": 3,
                "total": 3
              }
            },
            {
              "batter": "TS Roland-Jones",
              "bowler": "MD Taylor",
              "non_striker": "JA Simpson",
              "runs": {
                "batter": 0,
                "extras": 0,
                "total": 0
              }
            },
            {
              "batter": "TS Roland-Jones",
              "bowler": "MD Taylor",
              "non_striker": "JA Simpson",
              "runs": {
                "batter": 2,
                "extras": 0,
                "total": 2
              }
            }
          ]
        },
        {
          "over": 19,
          "deliveries": [
            {
              "batter": "JA Simpson",
              "bowler": "AJ Tye",
              "non_striker": "TS Roland-Jones",
              "runs": {
                "batter": 0,
                "extras": 0,
                "total": 0
              }
            },
            {
              "batter": "JA Simpson",
              "bowler": "AJ Tye",
              "non_striker": "TS Roland-Jones",
              "runs": {
                "batter": 6,
                "extras": 0,
                "total": 6
              }
            },
            {
              "batter": "JA Simpson",
              "bowler": "AJ Tye",
              "non_striker": "TS Roland-Jones",
              "runs": {
                "batter": 1,
                "extras": 0,
                "total": 1
              }
            },
            {
              "batter": "TS Roland-Jones",
              "bowler": "AJ Tye",
              "non_striker": "JA Simpson",
              "runs": {
                "batter": 4,
                "extras": 0,
                "total": 4
              }
            },
            {
              "batter": "TS Roland-Jones",
              "bowler": "AJ Tye",
              "extras": {
                "wides": 1
              },
              "non_striker": "JA Simpson",
              "runs": {
                "batter": 0,
                "extras": 1,
                "total": 1
              }
            },
            {
              "batter": "TS Roland-Jones",
              "bowler": "AJ Tye",
              "non_striker": "JA Simpson",
              "runs": {
                "batter": 6,
                "extras": 0,
                "total": 6
              }
            },
            {
              "batter": "TS Roland-Jones",
              "bowler": "AJ Tye",
              "non_striker": "JA Simpson",
              "runs": {
                "batter": 1,
                "extras": 0,
                "total": 1
              }
            }
          ]
        }
      ],
      "powerplays": [
        {
          "from": 0.1,
          "to": 5.6,
          "type": "mandatory"
        }
      ]
    },
    {
      "team": "Gloucestershire",
      "overs": [
        {
          "over": 0,
          "deliveries": [
            {
              "batter": "HJH Marshall",
              "bowler": "TS Roland-Jones",
              "extras": {
                "wides": 1
              },
              "non_striker": "M Klinger",
              "runs": {
                "batter": 0,
                "extras": 1,
                "total": 1
              }
            },
            {
              "batter": "HJH Marshall",
              "bowler": "TS Roland-Jones",
              "non_striker": "M Klinger",
              "runs": {
                "batter": 0,
                "extras": 0,
                "total": 0
              }
            },
            {
              "batter": "HJH Marshall",
              "bowler": "TS Roland-Jones",
              "extras": {
                "wides": 1
              },
              "non_striker": "M Klinger",
              "runs": {
                "batter": 0,
                "extras": 1,
                "total": 1
              }
            },
            {
              "batter": "HJH Marshall",
              "bowler": "TS Roland-Jones",
              "non_striker": "M Klinger",
              "runs": {
                "batter": 1,
                "extras": 0,
                "total": 1
              }
            },
            {
              "batter": "M Klinger",
              "bowler": "TS Roland-Jones",
              "non_striker": "HJH Marshall",
              "runs": {
                "batter": 0,
                "extras": 0,
                "total": 0
              }
            },
            {
              "batter": "M Klinger",
              "bowler": "TS Roland-Jones",
              "non_striker": "HJH Marshall",
              "runs": {
                "batter": 1,
                "extras": 0,
                "total": 1
              }
            },
            {
              "batter": "HJH Marshall",
              "bowler": "TS Roland-Jones",
              "non_striker": "M Klinger",
              "runs": {
                "batter": 4,
                "extras": 0,
                "total": 4
              }
            },
            {
              "batter": "HJH Marshall",
              "bowler": "TS Roland-Jones",
              "non_striker": "M Klinger",
              "runs": {
                "batter": 1,
                "extras": 0,
                "total": 1
              }
            }
          ]
        },
        {
          "over": 1,
          "deliveries": [
            {
              "batter": "HJH Marshall",
              "bowler": "ST Finn",
              "extras": {
                "legbyes": 4
              },
              "non_striker": "M Klinger",
              "runs": {
                "batter": 0,
                "extras": 4,
                "total": 4
              }
            },
            {
              "batter": "HJH Marshall",
              "bowler": "ST Finn",
              "non_striker": "M Klinger",
              "runs": {
                "batter": 0,
                "extras": 0,
                "total": 0
              }
            },
            {
              "batter": "HJH Marshall",
              "bowler": "ST Finn",
              "non_striker": "M Klinger",
              "runs": {
                "batter": 4,
                "extras": 0,
                "total": 4
              }
            },
            {
              "batter": "HJH Marshall",
              "bowler": "ST Finn",
              "non_striker": "M Klinger",
              "runs": {
                "batter": 0,
                "extras": 0,
                "total": 0
              }
            },
            {
              "batter": "HJH Marshall",
              "bowler": "ST Finn",
              "non_striker": "M Klinger",
              "runs": {
                "batter": 4,
                "extras": 0,
                "total": 4
              }
            },
            {
              "batter": "HJH Marshall",
              "bowler": "ST Finn",
              "extras": {
                "legbyes": 1
              },
              "non_striker": "M Klinger",
              "runs": {
                "batter": 0,
                "extras": 1,
                "total": 1
              }
            }
          ]
        },
        {
          "over": 2,
          "deliveries": [
            {
              "batter": "HJH Marshall",
              "bowler": "JAR Harris",
              "non_striker": "M Klinger",
              "runs": {
                "batter": 1,
                "extras": 0,
                "total": 1
              }
            },
            {
              "batter": "M Klinger",
              "bowler": "JAR Harris",
              "extras": {
                "wides": 1
              },
              "non_striker": "HJH Marshall",
              "runs": {
                "batter": 0,
                "extras": 1,
                "total": 1
              }
            },
            {
              "batter": "M Klinger",
              "bowler": "JAR Harris",
              "non_striker": "HJH Marshall",
              "runs": {
                "batter": 4,
                "extras": 0,
                "total": 4
              }
            },
            {
              "batter": "M Klinger",
              "bowler": "JAR Harris",
              "non_striker": "HJH Marshall",
              "runs": {
                "batter": 1,
                "extras": 0,
                "total": 1
              }
            },
            {
              "batter": "HJH Marshall",
              "bowler": "JAR Harris",
              "extras": {
                "wides": 1
              },
              "non_striker": "M Klinger",
              "runs": {
                "batter": 0,
                "extras": 1,
                "total": 1
              }
            },
            {
              "batter": "HJH Marshall",
              "bowler": "JAR Harris",
              "non_striker": "M Klinger",
              "runs": {
                "batter": 1,
                "extras": 0,
                "total": 1
              },
              "wickets": [
                {
                  "kind": "run out",
                  "player_out": "HJH Marshall",
                  "fielders": [
                    {
                      "name": "TS Roland-Jones"
                    }
                  ]
                }
              ]
            },
            {
              "batter": "IA Cockbain",
              "bowler": "JAR Harris",
              "extras": {
                "wides": 1
              },
              "non_striker": "M Klinger",
              "runs": {
                "batter": 0,
                "extras": 1,
                "total": 1
              }
            },
            {
              "batter": "IA Cockbain",
              "bowler": "JAR Harris",
              "non_striker": "M Klinger",
              "runs": {
                "batter": 4,
                "extras": 0,
                "total": 4
              }
            },
            {
              "batter": "IA Cockbain",
              "bowler": "JAR Harris",
              "non_striker": "M Klinger",
              "runs": {
                "batter": 1,
                "extras": 0,
                "total": 1
              }
            }
          ]
        },
        {
          "over": 3,
          "deliveries": [
            {
              "batter": "IA Cockbain",
              "bowler": "ST Finn",
              "non_striker": "M Klinger",
              "runs": {
                "batter": 4,
                "extras": 0,
                "total": 4
              }
            },
            {
              "batter": "IA Cockbain",
              "bowler": "ST Finn",
              "non_striker": "M Klinger",
              "runs": {
                "batter": 0,
                "extras": 0,
                "total": 0
              }
            },
            {
              "batter": "IA Cockbain",
              "bowler": "ST Finn",
              "non_striker": "M Klinger",
              "runs": {
                "batter": 0,
                "extras": 0,
                "total": 0
              }
            },
            {
              "batter": "IA Cockbain",
              "bowler": "ST Finn",
              "non_striker": "M Klinger",
              "runs": {
                "batter": 1,
                "extras": 0,
                "total": 1
              }
            },
            {
              "batter": "M Klinger",
              "bowler": "ST Finn",
              "non_striker": "IA Cockbain",
              "runs": {
                "batter": 0,
                "extras": 0,
                "total": 0
              }
            },
            {
              "batter": "M Klinger",
              "bowler": "ST Finn",
              "non_striker": "IA Cockbain",
              "runs": {
                "batter": 0,
                "extras": 0,
                "total": 0
              }
            }
          ]
        },
        {
          "over": 4,
          "deliveries": [
            {
              "batter": "IA Cockbain",
              "bowler": "TS Roland-Jones",
              "non_striker": "M Klinger",
              "runs": {
                "batter": 4,
                "extras": 0,
                "total": 4
              }
            },
            {
              "batter": "IA Cockbain",
              "bowler": "TS Roland-Jones",
              "non_striker": "M Klinger",
              "runs": {
                "batter": 0,
                "extras": 0,
                "total": 0
              }
            },
            {
              "batter": "IA Cockbain",
              "bowler": "TS Roland-Jones",
              "non_striker": "M Klinger",
              "runs": {
                "batter": 1,
                "extras": 0,
                "total": 1
              }
            },
            {
              "batter": "M Klinger",
              "bowler": "TS Roland-Jones",
              "non_striker": "IA Cockbain",
              "runs": {
                "batter": 0,
                "extras": 0,
                "total": 0
              }
            },
            {
              "batter": "M Klinger",
              "bowler": "TS Roland-Jones",
              "non_striker": "IA Cockbain",
              "runs": {
                "batter": 1,
                "extras": 0,
                "total": 1
              }
            },
            {
              "batter": "IA Cockbain",
              "bowler": "TS Roland-Jones",
              "non_striker": "M Klinger",
              "runs": {
                "batter": 0,
                "extras": 0,
                "total": 0
              }
            }
          ]
        },
        {
          "over": 5,
          "deliveries": [
            {
              "batter": "M Klinger",
              "bowler": "OP Rayner",
              "non_striker": "IA Cockbain",
              "runs": {
                "batter": 1,
                "extras": 0,
                "total": 1
              }
            },
            {
              "batter": "IA Cockbain",
              "bowler": "OP Rayner",
              "non_striker": "M Klinger",
              "runs": {
                "batter": 0,
                "extras": 0,
                "total": 0
              }
            },
            {
              "batter": "IA Cockbain",
              "bowler": "OP Rayner",
              "non_striker": "M Klinger",
              "runs": {
                "batter": 1,
                "extras": 0,
                "total": 1
              }
            },
            {
              "batter": "M Klinger",
              "bowler": "OP Rayner",
              "non_striker": "IA Cockbain",
              "runs": {
                "batter": 1,
                "extras": 0,
                "total": 1
              }
            },
            {
              "batter": "IA Cockbain",
              "bowler": "OP Rayner",
              "non_striker": "M Klinger",
              "runs": {
                "batter": 0,
                "extras": 0,
                "total": 0
              }
            },
            {
              "batter": "IA Cockbain",
              "bowler": "OP Rayner",
              "non_striker": "M Klinger",
              "runs": {
                "batter": 1,
                "extras": 0,
                "total": 1
              }
            }
          ]
        },
        {
          "over": 6,
          "deliveries": [
            {
              "batter": "IA Cockbain",
              "bowler": "JAR Harris",
              "non_striker": "M Klinger",
              "runs": {
                "batter": 1,
                "extras": 0,
                "total": 1
              }
            },
            {
              "batter": "M Klinger",
              "bowler": "JAR Harris",
              "non_striker": "IA Cockbain",
              "runs": {
                "batter": 1,
                "extras": 0,
                "total": 1
              }
            },
            {
              "batter": "IA Cockbain",
              "bowler": "JAR Harris",
              "extras": {
                "wides": 1
              },
              "non_striker": "M Klinger",
              "runs": {
                "batter": 0,
                "extras": 1,
                "total": 1
              }
            },
            {
              "batter": "IA Cockbain",
              "bowler": "JAR Harris",
              "non_striker": "M Klinger",
              "runs": {
                "batter": 2,
                "extras": 0,
                "total": 2
              }
            },
            {
              "batter": "IA Cockbain",
              "bowler": "JAR Harris",
              "non_striker": "M Klinger",
              "runs": {
                "batter": 1,
                "extras": 0,
                "total": 1
              }
            },
            {
              "batter": "M Klinger",
              "bowler": "JAR Harris",
              "non_striker": "IA Cockbain",
              "runs": {
                "batter": 2,
                "extras": 0,
                "total": 2
              }
            },
            {
              "batter": "M Klinger",
              "bowler": "JAR Harris",
              "non_striker": "IA Cockbain",
              "runs": {
                "batter": 0,
                "extras": 0,
                "total": 0
              }
            }
          ]
        },
        {
          "over": 7,
          "deliveries": [
            {
              "batter": "IA Cockbain",
              "bowler": "NA Sowter",
              "non_striker": "M Klinger",
              "runs": {
                "batter": 1,
                "extras": 0,
                "total": 1
              }
            },
            {
              "batter": "M Klinger",
              "bowler": "NA Sowter",
              "non_striker": "IA Cockbain",
              "runs": {
                "batter": 1,
                "extras": 0,
                "total": 1
              }
            },
            {
              "batter": "IA Cockbain",
              "bowler": "NA Sowter",
              "non_striker": "M Klinger",
              "runs": {
                "batter": 0,
                "extras": 0,
                "total": 0
              }
            },
            {
              "batter": "IA Cockbain",
              "bowler": "NA Sowter",
              "non_striker": "M Klinger",
              "runs": {
                "batter": 1,
                "extras": 0,
                "total": 1
              }
            },
            {
              "batter": "M Klinger",
              "bowler": "NA Sowter",
              "non_striker": "IA Cockbain",
              "runs": {
                "batter": 0,
                "extras": 0,
                "total": 0
              }
            },
            {
              "batter": "M Klinger",
              "bowler": "NA Sowter",
              "non_striker": "IA Cockbain",
              "runs": {
                "batter": 0,
                "extras": 0,
                "total": 0
              },
              "wickets": [
                {
                  "kind": "caught",
                  "player_out": "M Klinger",
                  "fielders": [
                    {
                      "name": "ST Finn"
                    }
                  ]
                }
              ]
            }
          ]
        },
        {
          "over": 8,
          "deliveries": [
            {
              "batter": "IA Cockbain",
              "bowler": "JEC Franklin",
              "non_striker": "P Mustard",
              "runs": {
                "batter": 1,
                "extras": 0,
                "total": 1
              }
            },
            {
              "batter": "P Mustard",
              "bowler": "JEC Franklin",
              "non_striker": "IA Cockbain",
              "runs": {
                "batter": 1,
                "extras": 0,
                "total": 1
              }
            },
            {
              "batter": "IA Cockbain",
              "bowler": "JEC Franklin",
              "non_striker": "P Mustard",
              "runs": {
                "batter": 1,
                "extras": 0,
                "total": 1
              }
            },
            {
              "batter": "P Mustard",
              "bowler": "JEC Franklin",
              "non_striker": "IA Cockbain",
              "runs": {
                "batter": 0,
                "extras": 0,
                "total": 0
              }
            },
            {
              "batter": "P Mustard",
              "bowler": "JEC Franklin",
              "non_striker": "IA Cockbain",
              "runs": {
                "batter": 0,
                "extras": 0,
                "total": 0
              }
            },
            {
              "batter": "P Mustard",
              "bowler": "JEC Franklin",
              "non_striker": "IA Cockbain",
              "runs": {
                "batter": 0,
                "extras": 0,
                "total": 0
              }
            }
          ]
        },
        {
          "over": 9,
          "deliveries": [
            {
              "batter": "IA Cockbain",
              "bowler": "OP Rayner",
              "non_striker": "P Mustard",
              "runs": {
                "batter": 1,
                "extras": 0,
                "total": 1
              }
            },
            {
              "batter": "P Mustard",
              "bowler": "OP Rayner",
              "non_striker": "IA Cockbain",
              "runs": {
                "batter": 1,
                "extras": 0,
                "total": 1
              }
            },
            {
              "batter": "IA Cockbain",
              "bowler": "OP Rayner",
              "non_striker": "P Mustard",
              "runs": {
                "batter": 1,
                "extras": 0,
                "total": 1
              }
            },
            {
              "batter": "P Mustard",
              "bowler": "OP Rayner",
              "non_striker": "IA Cockbain",
              "runs": {
                "batter": 0,
                "extras": 0,
                "total": 0
              }
            },
            {
              "batter": "P Mustard",
              "bowler": "OP Rayner",
              "extras": {
                "legbyes": 1
              },
              "non_striker": "IA Cockbain",
              "runs": {
                "batter": 0,
                "extras": 1,
                "total": 1
              }
            },
            {
              "batter": "IA Cockbain",
              "bowler": "OP Rayner",
              "non_striker": "P Mustard",
              "runs": {
                "batter": 4,
                "extras": 0,
                "total": 4
              }
            }
          ]
        },
        {
          "over": 10,
          "deliveries": [
            {
              "batter": "P Mustard",
              "bowler": "JEC Franklin",
              "non_striker": "IA Cockbain",
              "runs": {
                "batter": 0,
                "extras": 0,
                "total": 0
              }
            },
            {
              "batter": "P Mustard",
              "bowler": "JEC Franklin",
              "non_striker": "IA Cockbain",
              "runs": {
                "batter": 2,
                "extras": 0,
                "total": 2
              }
            },
            {
              "batter": "P Mustard",
              "bowler": "JEC Franklin",
              "extras": {
                "wides": 1
              },
              "non_striker": "IA Cockbain",
              "runs": {
                "batter": 0,
                "extras": 1,
                "total": 1
              }
            },
            {
              "batter": "P Mustard",
              "bowler": "JEC Franklin",
              "non_striker": "IA Cockbain",
              "runs": {
                "batter": 0,
                "extras": 0,
                "total": 0
              }
            },
            {
              "batter": "P Mustard",
              "bowler": "JEC Franklin",
              "non_striker": "IA Cockbain",
              "runs": {
                "batter": 1,
                "extras": 0,
                "total": 1
              }
            },
            {
              "batter": "IA Cockbain",
              "bowler": "JEC Franklin",
              "non_striker": "P Mustard",
              "runs": {
                "batter": 1,
                "extras": 0,
                "total": 1
              }
            },
            {
              "batter": "P Mustard",
              "bowler": "JEC Franklin",
              "extras": {
                "wides": 1
              },
              "non_striker": "IA Cockbain",
              "runs": {
                "batter": 0,
                "extras": 1,
                "total": 1
              }
            },
            {
              "batter": "P Mustard",
              "bowler": "JEC Franklin",
              "non_striker": "IA Cockbain",
              "runs": {
                "batter": 0,
                "extras": 0,
                "total": 0
              },
              "wickets": [
                {
                  "kind": "bowled",
                  "player_out": "P Mustard"
                }
              ]
            }
          ]
        },
        {
          "over": 11,
          "deliveries": [
            {
              "batter": "IA Cockbain",
              "bowler": "NA Sowter",
              "non_striker": "BAC Howell",
              "runs": {
                "batter": 1,
                "extras": 0,
                "total": 1
              }
            },
            {
              "batter": "BAC Howell",
              "bowler": "NA Sowter",
              "non_striker": "IA Cockbain",
              "runs": {
                "batter": 1,
                "extras": 0,
                "total": 1
              }
            },
            {
              "batter": "IA Cockbain",
              "bowler": "NA Sowter",
              "non_striker": "BAC Howell",
              "runs": {
                "batter": 0,
                "extras": 0,
                "total": 0
              }
            },
            {
              "batter": "IA Cockbain",
              "bowler": "NA Sowter",
              "non_striker": "BAC Howell",
              "runs": {
                "batter": 0,
                "extras": 0,
                "total": 0
              }
            },
            {
              "batter": "IA Cockbain",
              "bowler": "NA Sowter",
              "non_striker": "BAC Howell",
              "runs": {
                "batter": 4,
                "extras": 0,
                "total": 4
              }
            },
            {
              "batter": "IA Cockbain",
              "bowler": "NA Sowter",
              "non_striker": "BAC Howell",
              "runs": {
                "batter": 0,
                "extras": 0,
                "total": 0
              }
            }
          ]
        },
        {
          "over": 12,
          "deliveries": [
            {
              "batter": "BAC Howell",
              "bowler": "ST Finn",
              "non_striker": "IA Cockbain",
              "runs": {
                "batter": 1,
                "extras": 0,
                "total": 1
              }
            },
            {
              "batter": "IA Cockbain",
              "bowler": "ST Finn",
              "non_striker": "BAC Howell",
              "runs": {
                "batter": 1,
                "extras": 0,
                "total": 1
              }
            },
            {
              "batter": "BAC Howell",
              "bowler": "ST Finn",
              "non_striker": "IA Cockbain",
              "runs": {
                "batter": 1,
                "extras": 0,
                "total": 1
              }
            },
            {
              "batter": "IA Cockbain",
              "bowler": "ST Finn",
              "extras": {
                "wides": 1
              },
              "non_striker": "BAC Howell",
              "runs": {
                "batter": 0,
                "extras": 1,
                "total": 1
              }
            },
            {
              "batter": "IA Cockbain",
              "bowler": "ST Finn",
              "non_striker": "BAC Howell",
              "runs": {
                "batter": 1,
                "extras": 0,
                "total": 1
              }
            },
            {
              "batter": "BAC Howell",
              "bowler": "ST Finn",
              "non_striker": "IA Cockbain",
              "runs": {
                "batter": 1,
                "extras": 0,
                "total": 1
              }
            },
            {
              "batter": "IA Cockbain",
              "bowler": "ST Finn",
              "non_striker": "BAC Howell",
              "runs": {
                "batter": 0,
                "extras": 0,
                "total": 0
              }
            }
          ]
        },
        {
          "over": 13,
          "deliveries": [
            {
              "batter": "BAC Howell",
              "bowler": "NA Sowter",
              "non_striker": "IA Cockbain",
              "runs": {
                "batter": 1,
                "extras": 0,
                "total": 1
              }
            },
            {
              "batter": "IA Cockbain",
              "bowler": "NA Sowter",
              "non_striker": "BAC Howell",
              "runs": {
                "batter": 2,
                "extras": 0,
                "total": 2
              }
            },
            {
              "batter": "IA Cockbain",
              "bowler": "NA Sowter",
              "non_striker": "BAC Howell",
              "runs": {
                "batter": 1,
                "extras": 0,
                "total": 1
              }
            },
            {
              "batter": "BAC Howell",
              "bowler": "NA Sowter",
              "non_striker": "IA Cockbain",
              "runs": {
                "batter": 0,
                "extras": 0,
                "total": 0
              }
            },
            {
              "batter": "BAC Howell",
              "bowler": "NA Sowter",
              "non_striker": "IA Cockbain",
              "runs": {
                "batter": 4,
                "extras": 0,
                "total": 4
              }
            },
            {
              "batter": "BAC Howell",
              "bowler": "NA Sowter",
              "non_striker": "IA Cockbain",
              "runs": {
                "batter": 0,
                "extras": 0,
                "total": 0
              }
            }
          ]
        },
        {
          "over": 14,
          "deliveries": [
            {
              "batter": "IA Cockbain",
              "bowler": "TS Roland-Jones",
              "non_striker": "BAC Howell",
              "runs": {
                "batter": 0,
                "extras": 0,
                "total": 0
              },
              "wickets": [
                {
                  "kind": "caught",
                  "player_out": "IA Cockbain",
                  "fielders": [
                    {
                      "name": "JEC Franklin"
                    }
                  ]
                }
              ]
            },
            {
              "batter": "JMR Taylor",
              "bowler": "TS Roland-Jones",
              "non_striker": "BAC Howell",
              "runs": {
                "batter": 0,
                "extras": 0,
                "total": 0
              }
            },
            {
              "batter": "JMR Taylor",
              "bowler": "TS Roland-Jones",
              "non_striker": "BAC Howell",
              "runs": {
                "batter": 1,
                "extras": 0,
                "total": 1
              }
            },
            {
              "batter": "BAC Howell",
              "bowler": "TS Roland-Jones",
              "non_striker": "JMR Taylor",
              "runs": {
                "batter": 0,
                "extras": 0,
                "total": 0
              },
              "wickets": [
                {
                  "kind": "bowled",
                  "player_out": "BAC Howell"
                }
              ]
            },
            {
              "batter": "GL van Buuren",
              "bowler": "TS Roland-Jones",
              "non_striker": "JMR Taylor",
              "runs": {
                "batter": 1,
                "extras": 0,
                "total": 1
              }
            },
            {
              "batter": "JMR Taylor",
              "bowler": "TS Roland-Jones",
              "non_striker": "GL van Buuren",
              "runs": {
                "batter": 1,
                "extras": 0,
                "total": 1
              }
            }
          ]
        },
        {
          "over": 15,
          "deliveries": [
            {
              "batter": "JMR Taylor",
              "bowler": "OP Rayner",
              "non_striker": "GL van Buuren",
              "runs": {
                "batter": 1,
                "extras": 0,
                "total": 1
              }
            },
            {
              "batter": "GL van Buuren",
              "bowler": "OP Rayner",
              "non_striker": "JMR Taylor",
              "runs": {
                "batter": 1,
                "extras": 0,
                "total": 1
              }
            },
            {
              "batter": "JMR Taylor",
              "bowler": "OP Rayner",
              "non_striker": "GL van Buuren",
              "runs": {
                "batter": 1,
                "extras": 0,
                "total": 1
              }
            },
            {
              "batter": "GL van Buuren",
              "bowler": "OP Rayner",
              "non_striker": "JMR Taylor",
              "runs": {
                "batter": 1,
                "extras": 0,
                "total": 1
              }
            },
            {
              "batter": "JMR Taylor",
              "bowler": "OP Rayner",
              "non_striker": "GL van Buuren",
              "runs": {
                "batter": 1,
                "extras": 0,
                "total": 1
              }
            },
            {
              "batter": "GL van Buuren",
              "bowler": "OP Rayner",
              "non_striker": "JMR Taylor",
              "runs": {
                "batter": 1,
                "extras": 0,
                "total": 1
              }
            }
          ]
        },
        {
          "over": 16,
          "deliveries": [
            {
              "batter": "GL van Buuren",
              "bowler": "JAR Harris",
              "non_striker": "JMR Taylor",
              "runs": {
                "batter": 1,
                "extras": 0,
                "total": 1
              }
            },
            {
              "batter": "JMR Taylor",
              "bowler": "JAR Harris",
              "non_striker": "GL van Buuren",
              "runs": {
                "batter": 4,
                "extras": 0,
                "total": 4
              }
            },
            {
              "batter": "JMR Taylor",
              "bowler": "JAR Harris",
              "non_striker": "GL van Buuren",
              "runs": {
                "batter": 6,
                "extras": 0,
                "total": 6
              }
            },
            {
              "batter": "JMR Taylor",
              "bowler": "JAR Harris",
              "non_striker": "GL van Buuren",
              "runs": {
                "batter": 1,
                "extras": 0,
                "total": 1
              }
            },
            {
              "batter": "GL van Buuren",
              "bowler": "JAR Harris",
              "non_striker": "JMR Taylor",
              "runs": {
                "batter": 1,
                "extras": 0,
                "total": 1
              }
            },
            {
              "batter": "JMR Taylor",
              "bowler": "JAR Harris",
              "non_striker": "GL van Buuren",
              "runs": {
                "batter": 1,
                "extras": 0,
                "total": 1
              }
            }
          ]
        },
        {
          "over": 17,
          "deliveries": [
            {
              "batter": "JMR Taylor",
              "bowler": "OP Rayner",
              "non_striker": "GL van Buuren",
              "runs": {
                "batter": 1,
                "extras": 0,
                "total": 1
              }
            },
            {
              "batter": "GL van Buuren",
              "bowler": "OP Rayner",
              "non_striker": "JMR Taylor",
              "runs": {
                "batter": 6,
                "extras": 0,
                "total": 6
              }
            },
            {
              "batter": "GL van Buuren",
              "bowler": "OP Rayner",
              "non_striker": "JMR Taylor",
              "runs": {
                "batter": 0,
                "extras": 0,
                "total": 0
              },
              "wickets": [
                {
                  "kind": "caught",
                  "player_out": "GL van Buuren",
                  "fielders": [
                    {
                      "name": "NA Sowter"
                    }
                  ]
                }
              ]
            },
            {
              "batter": "JMR Taylor",
              "bowler": "OP Rayner",
              "non_striker": "AJ Tye",
              "runs": {
                "batter": 1,
                "extras": 0,
                "total": 1
              }
            },
            {
              "batter": "AJ Tye",
              "bowler": "OP Rayner",
              "non_striker": "JMR Taylor",
              "runs": {
                "batter": 1,
                "extras": 0,
                "total": 1
              }
            },
            {
              "batter": "JMR Taylor",
              "bowler": "OP Rayner",
              "non_striker": "AJ Tye",
              "runs": {
                "batter": 1,
                "extras": 0,
                "total": 1
              }
            }
          ]
        },
        {
          "over": 18,
          "deliveries": [
            {
              "batter": "JMR Taylor",
              "bowler": "TS Roland-Jones",
              "non_striker": "AJ Tye",
              "runs": {
                "batter": 0,
                "extras": 0,
                "total": 0
              }
            },
            {
              "batter": "JMR Taylor",
              "bowler": "TS Roland-Jones",
              "non_striker": "AJ Tye",
              "runs": {
                "batter": 6,
                "extras": 0,
                "total": 6
              }
            },
            {
              "batter": "JMR Taylor",
              "bowler": "TS Roland-Jones",
              "non_striker": "AJ Tye",
              "runs": {
                "batter": 6,
                "extras": 0,
                "total": 6
              }
            },
            {
              "batter": "JMR Taylor",
              "bowler": "TS Roland-Jones",
              "non_striker": "AJ Tye",
              "runs": {
                "batter": 1,
                "extras": 0,
                "total": 1
              }
            },
            {
              "batter": "AJ Tye",
              "bowler": "TS Roland-Jones",
              "extras": {
                "legbyes": 1
              },
              "non_striker": "JMR Taylor",
              "runs": {
                "batter": 0,
                "extras": 1,
                "total": 1
              }
            },
            {
              "batter": "JMR Taylor",
              "bowler": "TS Roland-Jones",
              "non_striker": "AJ Tye",
              "runs": {
                "batter": 1,
                "extras": 0,
                "total": 1
              }
            }
          ]
        },
        {
          "over": 19,
          "deliveries": [
            {
              "batter": "JMR Taylor",
              "bowler": "ST Finn",
              "extras": {
                "noballs": 2
              },
              "non_striker": "AJ Tye",
              "runs": {
                "batter": 0,
                "extras": 2,
                "total": 2
              }
            },
            {
              "batter": "JMR Taylor",
              "bowler": "ST Finn",
              "non_striker": "AJ Tye",
              "runs": {
                "batter": 0,
                "extras": 0,
                "total": 0
              }
            },
            {
              "batter": "JMR Taylor",
              "bowler": "ST Finn",
              "non_striker": "AJ Tye",
              "runs": {
                "batter": 4,
                "extras": 0,
                "total": 4
              }
            },
            {
              "batter": "JMR Taylor",
              "bowler": "ST Finn",
              "extras": {
                "noballs": 2
              },
              "non_striker": "AJ Tye",
              "runs": {
                "batter": 0,
                "extras": 2,
                "total": 2
              }
            },
            {
              "batter": "JMR Taylor",
              "bowler": "ST Finn",
              "non_striker": "AJ Tye",
              "runs": {
                "batter": 6,
                "extras": 0,
                "total": 6
              }
            }
          ]
        }
      ],
      "powerplays": [
        {
          "from": 0.1,
          "to": 5.6,
          "type": "mandatory"
        }
      ],
      "target": {
        "overs": 20,
        "runs": 157
      }
    }
  ]
}