{
  "meta": {
    "data_version": "1.0.0",
    "created": "2017-05-03",
    "revision": 1
  },
  "info": {
    "balls_per_over": 6,
    "city": "Chester-le-Street",
    "dates": [
      "2016-07-22"
    ],
    "event": {
      "group": "North",
      "name": "NatWest T20 Blast"
    },
    "gender": "male",
    "match_type": "T20",
    "officials": {
      "umpires": [
        "RJ Evans",
        "PJ Hartley"
      ]
    },
    "outcome": {
      "by": {
        "runs": 4
      },
      "winner": "Lancashire"
    },
    "overs": 20,
    "player_of_match": [
      "S Mahmood"
    ],
    "players": {
      "Durham": [
        "MD Stoneman",
        "P Mustard",
        "CS MacLeod",
        "GJ Muchall",
        "RD Pringle",
        "P Coughlin",
        "KK Jennings",
        "MJ Richardson",
        "SG Borthwick",
        "U Arshad",
        "C Rushworth"
      ],
      "Lancashire": [
        "LM Reece",
        "AN Petersen",
        "KR Brown",
        "LS Livingstone",
        "SJ Croft",
        "TJ Moores",
        "AM Lilley",
        "SD Parry",
        "S Mahmood",
        "NL Buck",
        "J Clark"
      ]
    },
    "registry": {
      "people": {
        "AM Lilley": "88a004e9",
        "AN Petersen": "e01aafc1",
        "C Rushworth": "e737a5fe",
        "CS MacLeod": "9c376401",
        "GJ Muchall": "a15347c2",
        "J Clark": "c672e80e",
        "KK Jennings": "8479a24a",
        "KR Brown": "818c9e0d",
        "LM Reece": "9789e56e",
        "LS Livingstone": "50c6bc2b",
        "MD Stoneman": "1b77f62b",
        "MJ Richardson": "22176fe7",
        "NL Buck": "5239d782",
        "P Coughlin": "71440756",
        "P Mustard": "1b6fef02",
        "PJ Hartley": "17c7ff26",
        "RD Pringle": "757502b5",
        "RJ Evans": "951127ac",
        "S Mahmood": "0f6db197",
        "SD Parry": "fdb8ed0d",
        "SG Borthwick": "51e1ed69",
        "SJ Croft": "ab474682",
        "TJ Moores": "85dcb721",
        "U Arshad": "02b93a83"
      }
    },
    "season": 2016,
    "team_type": "club",
    "teams": [
      "Durham",
      "Lancashire"
    ],
    "toss": {
      "decision": "field",
      "winner": "Durham"
    },
    "venue": "Riverside Ground"
  },
  "innings": [
    {
      "team": "Lancashire",
      "overs": [
        {
          "over": 0,
          "deliveries": [
            {
              "batter": "LM Reece",
              "bowler": "C Rushworth",
              "non_striker": "AN Petersen",
              "runs": {
                "batter": 0,
                "extras": 0,
                "total": 0
              }
            },
            {
              "batter": "LM Reece",
              "bowler": "C Rushworth",
              "non_striker": "AN Petersen",
              "runs": {
                "batter": 1,
                "extras": 0,
                "total": 1
              }
            },
            {
              "batter": "AN Petersen",
              "bowler": "C Rushworth",
              "non_striker": "LM Reece",
              "runs": {
                "batter": 0,
                "extras": 0,
                "total": 0
              }
            },
            {
              "batter": "AN Petersen",
              "bowler": "C Rushworth",
              "non_striker": "LM Reece",
              "runs": {
                "batter": 0,
                "extras": 0,
                "total": 0
              }
            },
            {
              "batter": "AN Petersen",
              "bowler": "C Rushworth",
              "extras": {
                "byes": 4
              },
              "non_striker": "LM Reece",
              "runs": {
                "batter": 0,
                "extras": 4,
                "total": 4
              }
            },
            {
              "batter": "AN Petersen",
              "bowler": "C Rushworth",
              "non_striker": "LM Reece",
              "runs": {
                "batter": 0,
                "extras": 0,
                "total": 0
              }
            }
          ]
        },
        {
          "over": 1,
          "deliveries": [
            {
              "batter": "LM Reece",
              "bowler": "U Arshad",
              "non_striker": "AN Petersen",
              "runs": {
                "batter": 0,
                "extras": 0,
                "total": 0
              }
            },
            {
              "batter": "LM Reece",
              "bowler": "U Arshad",
              "extras": {
                "legbyes": 1
              },
              "non_striker": "AN Petersen",
              "runs": {
                "batter": 0,
                "extras": 1,
                "total": 1
              }
            },
            {
              "batter": "AN Petersen",
              "bowler": "U Arshad",
              "non_striker": "LM Reece",
              "runs": {
                "batter": 1,
                "extras": 0,
                "total": 1
              }
            },
            {
              "batter": "LM Reece",
              "bowler": "U Arshad",
              "non_striker": "AN Petersen",
              "runs": {
                "batter": 4,
                "extras": 0,
                "total": 4
              }
            },
            {
              "batter": "LM Reece",
              "bowler": "U Arshad",
              "extras": {
                "legbyes": 1
              },
              "non_striker": "AN Petersen",
              "runs": {
                "batter": 0,
                "extras": 1,
                "total": 1
              }
            },
            {
              "batter": "AN Petersen",
              "bowler": "U Arshad",
              "non_striker": "LM Reece",
              "runs": {
                "batter": 1,
                "extras": 0,
                "total": 1
              }
            }
          ]
        },
        {
          "over": 2,
          "deliveries": [
            {
              "batter": "AN Petersen",
              "bowler": "C Rushworth",
              "non_striker": "LM Reece",
              "runs": {
                "batter": 0,
                "extras": 0,
                "total": 0
              }
            },
            {
              "batter": "AN Petersen",
              "bowler": "C Rushworth",
              "non_striker": "LM Reece",
              "runs": {
                "batter": 0,
                "extras": 0,
                "total": 0
              }
            },
            {
              "batter": "AN Petersen",
              "bowler": "C Rushworth",
              "non_striker": "LM Reece",
              "runs": {
                "batter": 0,
                "extras": 0,
                "total": 0
              }
            },
            {
              "batter": "AN Petersen",
              "bowler": "C Rushworth",
              "non_striker": "LM Reece",
              "runs": {
                "batter": 0,
                "extras": 0,
                "total": 0
              }
            },
            {
              "batter": "AN Petersen",
              "bowler": "C Rushworth",
              "non_striker": "LM Reece",
              "runs": {
                "batter": 0,
                "extras": 0,
                "total": 0
              }
            },
            {
              "batter": "AN Petersen",
              "bowler": "C Rushworth",
              "non_striker": "LM Reece",
              "runs": {
                "batter": 4,
                "extras": 0,
                "total": 4
              }
            }
          ]
        },
        {
          "over": 3,
          "deliveries": [
            {
              "batter": "LM Reece",
              "bowler": "P Coughlin",
              "non_striker": "AN Petersen",
              "runs": {
                "batter": 0,
                "extras": 0,
                "total": 0
              }
            },
            {
              "batter": "LM Reece",
              "bowler": "P Coughlin",
              "non_striker": "AN Petersen",
              "runs": {
                "batter": 4,
                "extras": 0,
                "total": 4
              }
            },
            {
              "batter": "LM Reece",
              "bowler": "P Coughlin",
              "non_striker": "AN Petersen",
              "runs": {
                "batter": 0,
                "extras": 0,
                "total": 0
              }
            },
            {
              "batter": "LM Reece",
              "bowler": "P Coughlin",
              "non_striker": "AN Petersen",
              "runs": {
                "batter": 0,
                "extras": 0,
                "total": 0
              }
            },
            {
              "batter": "LM Reece",
              "bowler": "P Coughlin",
              "non_striker": "AN Petersen",
              "runs": {
                "batter": 4,
                "extras": 0,
                "total": 4
              }
            },
            {
              "batter": "LM Reece",
              "bowler": "P Coughlin",
              "non_striker": "AN Petersen",
              "runs": {
                "batter": 0,
                "extras": 0,
                "total": 0
              }
            }
          ]
        },
        {
          "over": 4,
          "deliveries": [
            {
              "batter": "AN Petersen",
              "bowler": "C Rushworth",
              "non_striker": "LM Reece",
              "runs": {
                "batter": 2,
                "extras": 0,
                "total": 2
              }
            },
            {
              "batter": "AN Petersen",
              "bowler": "C Rushworth",
              "non_striker": "LM Reece",
              "runs": {
                "batter": 1,
                "extras": 0,
                "total": 1
              }
            },
            {
              "batter": "LM Reece",
              "bowler": "C Rushworth",
              "non_striker": "AN Petersen",
              "runs": {
                "batter": 1,
                "extras": 0,
                "total": 1
              }
            },
            {
              "batter": "AN Petersen",
              "bowler": "C Rushworth",
              "non_striker": "LM Reece",
              "runs": {
                "batter": 4,
                "extras": 0,
                "total": 4
              }
            },
            {
              "batter": "AN Petersen",
              "bowler": "C Rushworth",
              "non_striker": "LM Reece",
              "runs": {
                "batter": 1,
                "extras": 0,
                "total": 1
              }
            },
            {
              "batter": "LM Reece",
              "bowler": "C Rushworth",
              "non_striker": "AN Petersen",
              "runs": {
                "batter": 0,
                "extras": 0,
                "total": 0
              }
            }
          ]
        },
        {
          "over": 5,
          "deliveries": [
            {
              "batter": "AN Petersen",
              "bowler": "P Coughlin",
              "non_striker": "LM Reece",
              "runs": {
                "batter": 1,
                "extras": 0,
                "total": 1
              }
            },
            {
              "batter": "LM Reece",
              "bowler": "P Coughlin",
              "non_striker": "AN Petersen",
              "runs": {
                "batter": 0,
                "extras": 0,
                "total": 0
              }
            },
            {
              "batter": "LM Reece",
              "bowler": "P Coughlin",
              "non_striker": "AN Petersen",
              "runs": {
                "batter": 0,
                "extras": 0,
                "total": 0
              }
            },
            {
              "batter": "LM Reece",
              "bowler": "P Coughlin",
              "non_striker": "AN Petersen",
              "runs": {
                "batter": 0,
                "extras": 0,
                "total": 0
              },
              "wickets": [
                {
                  "kind": "caught",
                  "player_out": "LM Reece",
                  "fielders": [
                    {
                      "name": "P Mustard"
                    }
                  ]
                }
              ]
            },
            {
              "batter": "KR Brown",
              "bowler": "P Coughlin",
              "non_striker": "AN Petersen",
              "runs": {
                "batter": 0,
                "extras": 0,
                "total": 0
              }
            },
            {
              "batter": "KR Brown",
              "bowler": "P Coughlin",
              "non_striker": "AN Petersen",
              "runs": {
                "batter": 1,
                "extras": 0,
                "total": 1
              }
            }
          ]
        },
        {
          "over": 6,
          "deliveries": [
            {
              "batter": "KR Brown",
              "bowler": "KK Jennings",
              "non_striker": "AN Petersen",
              "runs": {
                "batter": 4,
                "extras": 0,
                "total": 4
              }
            },
            {
              "batter": "KR Brown",
              "bowler": "KK Jennings",
              "non_striker": "AN Petersen",
              "runs": {
                "batter": 1,
                "extras": 0,
                "total": 1
              }
            },
            {
              "batter": "AN Petersen",
              "bowler": "KK Jennings",
              "non_striker": "KR Brown",
              "runs": {
                "batter": 4,
                "extras": 0,
                "total": 4
              }
            },
            {
              "batter": "AN Petersen",
              "bowler": "KK Jennings",
              "non_striker": "KR Brown",
              "runs": {
                "batter": 1,
                "extras": 0,
                "total": 1
              }
            },
            {
              "batter": "KR Brown",
              "bowler": "KK Jennings",
              "non_striker": "AN Petersen",
              "runs": {
                "batter": 1,
                "extras": 0,
                "total": 1
              }
            },
            {
              "batter": "AN Petersen",
              "bowler": "KK Jennings",
              "non_striker": "KR Brown",
              "runs": {
                "batter": 0,
                "extras": 0,
                "total": 0
              }
            }
          ]
        },
        {
          "over": 7,
          "deliveries": [
            {
              "batter": "KR Brown",
              "bowler": "SG Borthwick",
              "non_striker": "AN Petersen",
              "runs": {
                "batter": 1,
                "extras": 0,
                "total": 1
              }
            },
            {
              "batter": "AN Petersen",
              "bowler": "SG Borthwick",
              "non_striker": "KR Brown",
              "runs": {
                "batter": 1,
                "extras": 0,
                "total": 1
              }
            },
            {
              "batter": "KR Brown",
              "bowler": "SG Borthwick",
              "non_striker": "AN Petersen",
              "runs": {
                "batter": 1,
                "extras": 0,
                "total": 1
              }
            },
            {
              "batter": "AN Petersen",
              "bowler": "SG Borthwick",
              "non_striker": "KR Brown",
              "runs": {
                "batter": 1,
                "extras": 0,
                "total": 1
              }
            },
            {
              "batter": "KR Brown",
              "bowler": "SG Borthwick",
              "non_striker": "AN Petersen",
              "runs": {
                "batter": 1,
                "extras": 0,
                "total": 1
              }
            },
            {
              "batter": "AN Petersen",
              "bowler": "SG Borthwick",
              "non_striker": "KR Brown",
              "runs": {
                "batter": 1,
                "extras": 0,
                "total": 1
              }
            }
          ]
        },
        {
          "over": 8,
          "deliveries": [
            {
              "batter": "AN Petersen",
              "bowler": "KK Jennings",
              "non_striker": "KR Brown",
              "runs": {
                "batter": 2,
                "extras": 0,
                "total": 2
              }
            },
            {
              "batter": "AN Petersen",
              "bowler": "KK Jennings",
              "non_striker": "KR Brown",
              "runs": {
                "batter": 1,
                "extras": 0,
                "total": 1
              }
            },
            {
              "batter": "KR Brown",
              "bowler": "KK Jennings",
              "non_striker": "AN Petersen",
              "runs": {
                "batter": 4,
                "extras": 0,
                "total": 4
              }
            },
            {
              "batter": "KR Brown",
              "bowler": "KK Jennings",
              "non_striker": "AN Petersen",
              "runs": {
                "batter": 1,
                "extras": 0,
                "total": 1
              }
            },
            {
              "batter": "AN Petersen",
              "bowler": "KK Jennings",
              "non_striker": "KR Brown",
              "runs": {
                "batter": 1,
                "extras": 0,
                "total": 1
              }
            },
            {
              "batter": "KR Brown",
              "bowler": "KK Jennings",
              "non_striker": "AN Petersen",
              "runs": {
                "batter": 2,
                "extras": 0,
                "total": 2
              }
            }
          ]
        },
        {
          "over": 9,
          "deliveries": [
            {
              "batter": "AN Petersen",
              "bowler": "SG Borthwick",
              "non_striker": "KR Brown",
              "runs": {
                "batter": 1,
                "extras": 0,
                "total": 1
              }
            },
            {
              "batter": "KR Brown",
              "bowler": "SG Borthwick",
              "non_striker": "AN Petersen",
              "runs": {
                "batter": 1,
                "extras": 0,
                "total": 1
              }
            },
            {
              "batter": "AN Petersen",
              "bowler": "SG Borthwick",
              "non_striker": "KR Brown",
              "runs": {
                "batter": 2,
                "extras": 0,
                "total": 2
              }
            },
            {
              "batter": "AN Petersen",
              "bowler": "SG Borthwick",
              "non_striker": "KR Brown",
              "runs": {
                "batter": 1,
                "extras": 0,
                "total": 1
              }
            },
            {
              "batter": "KR Brown",
              "bowler": "SG Borthwick",
              "non_striker": "AN Petersen",
              "runs": {
                "batter": 0,
                "extras": 0,
                "total": 0
              }
            },
            {
              "batter": "KR Brown",
              "bowler": "SG Borthwick",
              "non_striker": "AN Petersen",
              "runs": {
                "batter": 1,
                "extras": 0,
                "total": 1
              }
            }
          ]
        },
        {
          "over": 10,
          "deliveries": [
            {
              "batter": "KR Brown",
              "bowler": "U Arshad",
              "non_striker": "AN Petersen",
              "runs": {
                "batter": 1,
                "extras": 0,
                "total": 1
              }
            },
            {
              "batter": "AN Petersen",
              "bowler": "U Arshad",
              "non_striker": "KR Brown",
              "runs": {
                "batter": 4,
                "extras": 0,
                "total": 4
              }
            },
            {
              "batter": "AN Petersen",
              "bowler": "U Arshad",
              "non_striker": "KR Brown",
              "runs": {
                "batter": 1,
                "extras": 0,
                "total": 1
              }
            },
            {
              "batter": "KR Brown",
              "bowler": "U Arshad",
              "extras": {
                "legbyes": 1
              },
              "non_striker": "AN Petersen",
              "runs": {
                "batter": 0,
                "extras": 1,
                "total": 1
              }
            },
            {
              "batter": "AN Petersen",
              "bowler": "U Arshad",
              "extras": {
                "legbyes": 1
              },
              "non_striker": "KR Brown",
              "runs": {
                "batter": 0,
                "extras": 1,
                "total": 1
              }
            },
            {
              "batter": "KR Brown",
              "bowler": "U Arshad",
              "non_striker": "AN Petersen",
              "runs": {
                "batter": 1,
                "extras": 0,
                "total": 1
              }
            }
          ]
        },
        {
          "over": 11,
          "deliveries": [
            {
              "batter": "KR Brown",
              "bowler": "SG Borthwick",
              "non_striker": "AN Petersen",
              "runs": {
                "batter": 1,
                "extras": 0,
                "total": 1
              }
            },
            {
              "batter": "AN Petersen",
              "bowler": "SG Borthwick",
              "non_striker": "KR Brown",
              "runs": {
                "batter": 3,
                "extras": 0,
                "total": 3
              }
            },
            {
              "batter": "KR Brown",
              "bowler": "SG Borthwick",
              "non_striker": "AN Petersen",
              "runs": {
                "batter": 1,
                "extras": 0,
                "total": 1
              }
            },
            {
              "batter": "AN Petersen",
              "bowler": "SG Borthwick",
              "non_striker": "KR Brown",
              "runs": {
                "batter": 2,
                "extras": 0,
                "total": 2
              }
            },
            {
              "batter": "AN Petersen",
              "bowler": "SG Borthwick",
              "non_striker": "KR Brown",
              "runs": {
                "batter": 1,
                "extras": 0,
                "total": 1
              }
            },
            {
              "batter": "KR Brown",
              "bowler": "SG Borthwick",
              "non_striker": "AN Petersen",
              "runs": {
                "batter": 1,
                "extras": 0,
                "total": 1
              }
            }
          ]
        },
        {
          "over": 12,
          "deliveries": [
            {
              "batter": "KR Brown",
              "bowler": "U Arshad",
              "non_striker": "AN Petersen",
              "runs": {
                "batter": 4,
                "extras": 0,
                "total": 4
              }
            },
            {
              "batter": "KR Brown",
              "bowler": "U Arshad",
              "non_striker": "AN Petersen",
              "runs": {
                "batter": 4,
                "extras": 0,
                "total": 4
              }
            },
            {
              "batter": "KR Brown",
              "bowler": "U Arshad",
              "non_striker": "AN Petersen",
              "runs": {
                "batter": 4,
                "extras": 0,
                "total": 4
              }
            },
            {
              "batter": "KR Brown",
              "bowler": "U Arshad",
              "non_striker": "AN Petersen",
              "runs": {
                "batter": 3,
                "extras": 0,
                "total": 3
              }
            },
            {
              "batter": "AN Petersen",
              "bowler": "U Arshad",
              "non_striker": "KR Brown",
              "runs": {
                "batter": 0,
                "extras": 0,
                "total": 0
              },
              "wickets": [
                {
                  "kind": "caught",
                  "player_out": "AN Petersen",
                  "fielders": [
                    {
                      "name": "P Mustard"
                    }
                  ]
                }
              ]
            },
            {
              "batter": "LS Livingstone",
              "bowler": "U Arshad",
              "non_striker": "KR Brown",
              "runs": {
                "batter": 0,
                "extras": 0,
                "total": 0
              }
            }
          ]
        },
        {
          "over": 13,
          "deliveries": [
            {
              "batter": "KR Brown",
              "bowler": "SG Borthwick",
              "non_striker": "LS Livingstone",
              "runs": {
                "batter": 2,
                "extras": 0,
                "total": 2
              }
            },
            {
              "batter": "KR Brown",
              "bowler": "SG Borthwick",
              "non_striker": "LS Livingstone",
              "runs": {
                "batter": 0,
                "extras": 0,
                "total": 0
              },
              "wickets": [
                {
                  "kind": "lbw",
                  "player_out": "KR Brown"
                }
              ]
            },
            {
              "batter": "SJ Croft",
              "bowler": "SG Borthwick",
              "non_striker": "LS Livingstone",
              "runs": {
                "batter": 1,
                "extras": 0,
                "total": 1
              }
            },
            {
              "batter": "LS Livingstone",
              "bowler": "SG Borthwick",
              "non_striker": "SJ Croft",
              "runs": {
                "batter": 0,
                "extras": 0,
                "total": 0
              }
            },
            {
              "batter": "LS Livingstone",
              "bowler": "SG Borthwick",
              "non_striker": "SJ Croft",
              "runs": {
                "batter": 1,
                "extras": 0,
                "total": 1
              }
            },
            {
              "batter": "SJ Croft",
              "bowler": "SG Borthwick",
              "non_striker": "LS Livingstone",
              "runs": {
                "batter": 0,
                "extras": 0,
                "total": 0
              }
            }
          ]
        },
        {
          "over": 14,
          "deliveries": [
            {
              "batter": "LS Livingstone",
              "bowler": "KK Jennings",
              "non_striker": "SJ Croft",
              "runs": {
                "batter": 1,
                "extras": 0,
                "total": 1
              }
            },
            {
              "batter": "SJ Croft",
              "bowler": "KK Jennings",
              "non_striker": "LS Livingstone",
              "runs": {
                "batter": 1,
                "extras": 0,
                "total": 1
              }
            },
            {
              "batter": "LS Livingstone",
              "bowler": "KK Jennings",
              "non_striker": "SJ Croft",
              "runs": {
                "batter": 0,
                "extras": 0,
                "total": 0
              }
            },
            {
              "batter": "LS Livingstone",
              "bowler": "KK Jennings",
              "non_striker": "SJ Croft",
              "runs": {
                "batter": 0,
                "extras": 0,
                "total": 0
              }
            },
            {
              "batter": "LS Livingstone",
              "bowler": "KK Jennings",
              "non_striker": "SJ Croft",
              "runs": {
                "batter": 4,
                "extras": 0,
                "total": 4
              }
            },
            {
              "batter": "LS Livingstone",
              "bowler": "KK Jennings",
              "non_striker": "SJ Croft",
              "runs": {
                "batter": 3,
                "extras": 0,
                "total": 3
              }
            }
          ]
        },
        {
          "over": 15,
          "deliveries": [
            {
              "batter": "LS Livingstone",
              "bowler": "P Coughlin",
              "non_striker": "SJ Croft",
              "runs": {
                "batter": 1,
                "extras": 0,
                "total": 1
              }
            },
            {
              "batter": "SJ Croft",
              "bowler": "P Coughlin",
              "non_striker": "LS Livingstone",
              "runs": {
                "batter": 1,
                "extras": 0,
                "total": 1
              }
            },
            {
              "batter": "LS Livingstone",
              "bowler": "P Coughlin",
              "non_striker": "SJ Croft",
              "runs": {
                "batter": 1,
                "extras": 0,
                "total": 1
              }
            },
            {
              "batter": "SJ Croft",
              "bowler": "P Coughlin",
              "non_striker": "LS Livingstone",
              "runs": {
                "batter": 4,
                "extras": 0,
                "total": 4
              }
            },
            {
              "batter": "SJ Croft",
              "bowler": "P Coughlin",
              "non_striker": "LS Livingstone",
              "runs": {
                "batter": 2,
                "extras": 0,
                "total": 2
              }
            },
            {
              "batter": "SJ Croft",
              "bowler": "P Coughlin",
              "non_striker": "LS Livingstone",
              "runs": {
                "batter": 1,
                "extras": 0,
                "total": 1
              }
            }
          ]
        },
        {
          "over": 16,
          "deliveries": [
            {
              "batter": "SJ Croft",
              "bowler": "KK Jennings",
              "extras": {
                "legbyes": 1
              },
              "non_striker": "LS Livingstone",
              "runs": {
                "batter": 0,
                "extras": 1,
                "total": 1
              }
            },
            {
              "batter": "LS Livingstone",
              "bowler": "KK Jennings",
              "non_striker": "SJ Croft",
              "runs": {
                "batter": 1,
                "extras": 0,
                "total": 1
              }
            },
            {
              "batter": "SJ Croft",
              "bowler": "KK Jennings",
              "non_striker": "LS Livingstone",
              "runs": {
                "batter": 4,
                "extras": 0,
                "total": 4
              }
            },
            {
              "batter": "SJ Croft",
              "bowler": "KK Jennings",
              "non_striker": "LS Livingstone",
              "runs": {
                "batter": 0,
                "extras": 0,
                "total": 0
              }
            },
            {
              "batter": "SJ Croft",
              "bowler": "KK Jennings",
              "non_striker": "LS Livingstone",
              "runs": {
                "batter": 1,
                "extras": 0,
                "total": 1
              }
            },
            {
              "batter": "LS Livingstone",
              "bowler": "KK Jennings",
              "non_striker": "SJ Croft",
              "runs": {
                "batter": 4,
                "extras": 0,
                "total": 4
              }
            }
          ]
        },
        {
          "over": 17,
          "deliveries": [
            {
              "batter": "SJ Croft",
              "bowler": "U Arshad",
              "non_striker": "LS Livingstone",
              "runs": {
                "batter": 1,
                "extras": 0,
                "total": 1
              }
            },
            {
              "batter": "LS Livingstone",
              "bowler": "U Arshad",
              "non_striker": "SJ Croft",
              "runs": {
                "batter": 1,
                "extras": 0,
                "total": 1
              }
            },
            {
              "batter": "SJ Croft",
              "bowler": "U Arshad",
              "non_striker": "LS Livingstone",
              "runs": {
                "batter": 1,
                "extras": 0,
                "total": 1
              }
            },
            {
              "batter": "LS Livingstone",
              "bowler": "U Arshad",
              "non_striker": "SJ Croft",
              "runs": {
                "batter": 4,
                "extras": 0,
                "total": 4
              }
            },
            {
              "batter": "LS Livingstone",
              "bowler": "U Arshad",
              "non_striker": "SJ Croft",
              "runs": {
                "batter": 2,
                "extras": 0,
                "total": 2
              }
            },
            {
              "batter": "LS Livingstone",
              "bowler": "U Arshad",
              "non_striker": "SJ Croft",
              "runs": {
                "batter": 6,
                "extras": 0,
                "total": 6
              }
            }
          ]
        },
        {
          "over": 18,
          "deliveries": [
            {
              "batter": "SJ Croft",
              "bowler": "C Rushworth",
              "non_striker": "LS Livingstone",
              "runs": {
                "batter": 1,
                "extras": 0,
                "total": 1
              }
            },
            {
              "batter": "LS Livingstone",
              "bowler": "C Rushworth",
              "non_striker": "SJ Croft",
              "runs": {
                "batter": 4,
                "extras": 0,
                "total": 4
              }
            },
            {
              "batter": "LS Livingstone",
              "bowler": "C Rushworth",
              "non_striker": "SJ Croft",
              "runs": {
                "batter": 1,
                "extras": 0,
                "total": 1
              }
            },
            {
              "batter": "SJ Croft",
              "bowler": "C Rushworth",
              "non_striker": "LS Livingstone",
              "runs": {
                "batter": 4,
                "extras": 0,
                "total": 4
              }
            },
            {
              "batter": "SJ Croft",
              "bowler": "C Rushworth",
              "non_striker": "LS Livingstone",
              "runs": {
                "batter": 1,
                "extras": 0,
                "total": 1
              }
            },
            {
              "batter": "LS Livingstone",
              "bowler": "C Rushworth",
              "non_striker": "SJ Croft",
              "runs": {
                "batter": 2,
                "extras": 0,
                "total": 2
              }
            }
          ]
        },
        {
          "over": 19,
          "deliveries": [
            {
              "batter": "SJ Croft",
              "bowler": "P Coughlin",
              "non_striker": "LS Livingstone",
              "runs": {
                "batter": 1,
                "extras": 0,
                "total": 1
              }
            },
            {
              "batter": "LS Livingstone",
              "bowler": "P Coughlin",
              "non_striker": "SJ Croft",
              "runs": {
                "batter": 2,
                "extras": 0,
                "total": 2
              }
            },
            {
              "batter": "LS Livingstone",
              "bowler": "P Coughlin",
              "non_striker": "SJ Croft",
              "runs": {
                "batter": 2,
                "extras": 0,
                "total": 2
              }
            },
            {
              "batter": "LS Livingstone",
              "bowler": "P Coughlin",
              "non_striker": "SJ Croft",
              "runs": {
                "batter": 1,
                "extras": 0,
                "total": 1
              }
            },
            {
              "batter": "SJ Croft",
              "bowler": "P Coughlin",
              "extras": {
                "byes": 1
              },
              "non_striker": "LS Livingstone",
              "runs": {
                "batter": 0,
                "extras": 1,
                "total": 1
              }
            },
            {
              "batter": "LS Livingstone",
              "bowler": "P Coughlin",
              "extras": {
                "noballs": 2
              },
              "non_striker": "SJ Croft",
              "runs": {
                "batter": 0,
                "extras": 2,
                "total": 2
              }
            },
            {
              "batter": "LS Livingstone",
              "bowler": "P Coughlin",
              "non_striker": "SJ Croft",
              "runs": {
                "batter": 2,
                "extras": 0,
                "total": 2
              }
            }
          ]
        }
      ],
      "powerplays": [
        {
          "from": 0.1,
          "to": 5.6,
          "type": "mandatory"
        }
      ]
    },
    {
      "team": "Durham",
      "overs": [
        {
          "over": 0,
          "deliveries": [
            {
              "batter": "MD Stoneman",
              "bowler": "NL Buck",
              "non_striker": "P Mustard",
              "runs": {
                "batter": 1,
                "extras": 0,
                "total": 1
              }
            },
            {
              "batter": "P Mustard",
              "bowler": "NL Buck",
              "non_striker": "MD Stoneman",
              "runs": {
                "batter": 0,
                "extras": 0,
                "total": 0
              }
            },
            {
              "batter": "P Mustard",
              "bowler": "NL Buck",
              "non_striker": "MD Stoneman",
              "runs": {
                "batter": 0,
                "extras": 0,
                "total": 0
              }
            },
            {
              "batter": "P Mustard",
              "bowler": "NL Buck",
              "non_striker": "MD Stoneman",
              "runs": {
                "batter": 0,
                "extras": 0,
                "total": 0
              }
            },
            {
              "batter": "P Mustard",
              "bowler": "NL Buck",
              "non_striker": "MD Stoneman",
              "runs": {
                "batter": 0,
                "extras": 0,
                "total": 0
              }
            },
            {
              "batter": "P Mustard",
              "bowler": "NL Buck",
              "non_striker": "MD Stoneman",
              "runs": {
                "batter": 0,
                "extras": 0,
                "total": 0
              }
            }
          ]
        },
        {
          "over": 1,
          "deliveries": [
            {
              "batter": "MD Stoneman",
              "bowler": "S Mahmood",
              "non_striker": "P Mustard",
              "runs": {
                "batter": 0,
                "extras": 0,
                "total": 0
              }
            },
            {
              "batter": "MD Stoneman",
              "bowler": "S Mahmood",
              "non_striker": "P Mustard",
              "runs": {
                "batter": 4,
                "extras": 0,
                "total": 4
              }
            },
            {
              "batter": "MD Stoneman",
              "bowler": "S Mahmood",
              "non_striker": "P Mustard",
              "runs": {
                "batter": 0,
                "extras": 0,
                "total": 0
              }
            },
            {
              "batter": "MD Stoneman",
              "bowler": "S Mahmood",
              "non_striker": "P Mustard",
              "runs": {
                "batter": 1,
                "extras": 0,
                "total": 1
              }
            },
            {
              "batter": "P Mustard",
              "bowler": "S Mahmood",
              "non_striker": "MD Stoneman",
              "runs": {
                "batter": 0,
                "extras": 0,
                "total": 0
              }
            },
            {
              "batter": "P Mustard",
              "bowler": "S Mahmood",
              "non_striker": "MD Stoneman",
              "runs": {
                "batter": 1,
                "extras": 0,
                "total": 1
              }
            }
          ]
        },
        {
          "over": 2,
          "deliveries": [
            {
              "batter": "P Mustard",
              "bowler": "NL Buck",
              "non_striker": "MD Stoneman",
              "runs": {
                "batter": 1,
                "extras": 0,
                "total": 1
              }
            },
            {
              "batter": "MD Stoneman",
              "bowler": "NL Buck",
              "non_striker": "P Mustard",
              "runs": {
                "batter": 1,
                "extras": 0,
                "total": 1
              }
            },
            {
              "batter": "P Mustard",
              "bowler": "NL Buck",
              "non_striker": "MD Stoneman",
              "runs": {
                "batter": 4,
                "extras": 0,
                "total": 4
              }
            },
            {
              "batter": "P Mustard",
              "bowler": "NL Buck",
              "non_striker": "MD Stoneman",
              "runs": {
                "batter": 1,
                "extras": 0,
                "total": 1
              }
            },
            {
              "batter": "MD Stoneman",
              "bowler": "NL Buck",
              "non_striker": "P Mustard",
              "runs": {
                "batter": 0,
                "extras": 0,
                "total": 0
              }
            },
            {
              "batter": "MD Stoneman",
              "bowler": "NL Buck",
              "non_striker": "P Mustard",
              "runs": {
                "batter": 1,
                "extras": 0,
                "total": 1
              }
            }
          ]
        },
        {
          "over": 3,
          "deliveries": [
            {
              "batter": "MD Stoneman",
              "bowler": "J Clark",
              "extras": {
                "legbyes": 1
              },
              "non_striker": "P Mustard",
              "runs": {
                "batter": 0,
                "extras": 1,
                "total": 1
              }
            },
            {
              "batter": "P Mustard",
              "bowler": "J Clark",
              "non_striker": "MD Stoneman",
              "runs": {
                "batter": 1,
                "extras": 0,
                "total": 1
              }
            },
            {
              "batter": "MD Stoneman",
              "bowler": "J Clark",
              "non_striker": "P Mustard",
              "runs": {
                "batter": 1,
                "extras": 0,
                "total": 1
              }
            },
            {
              "batter": "P Mustard",
              "bowler": "J Clark",
              "non_striker": "MD Stoneman",
              "runs": {
                "batter": 0,
                "extras": 0,
                "total": 0
              },
              "wickets": [
                {
                  "kind": "caught",
                  "player_out": "P Mustard",
                  "fielders": [
                    {
                      "name": "TJ Moores"
                    }
                  ]
                }
              ]
            },
            {
              "batter": "MD Stoneman",
              "bowler": "J Clark",
              "non_striker": "CS MacLeod",
              "runs": {
                "batter": 4,
                "extras": 0,
                "total": 4
              }
            },
            {
              "batter": "MD Stoneman",
              "bowler": "J Clark",
              "non_striker": "CS MacLeod",
              "runs": {
                "batter": 0,
                "extras": 0,
                "total": 0
              }
            }
          ]
        },
        {
          "over": 4,
          "deliveries": [
            {
              "batter": "CS MacLeod",
              "bowler": "NL Buck",
              "non_striker": "MD Stoneman",
              "runs": {
                "batter": 0,
                "extras": 0,
                "total": 0
              }
            },
            {
              "batter": "CS MacLeod",
              "bowler": "NL Buck",
              "non_striker": "MD Stoneman",
              "runs": {
                "batter": 1,
                "extras": 0,
                "total": 1
              }
            },
            {
              "batter": "MD Stoneman",
              "bowler": "NL Buck",
              "non_striker": "CS MacLeod",
              "runs": {
                "batter": 1,
                "extras": 0,
                "total": 1
              }
            },
            {
              "batter": "CS MacLeod",
              "bowler": "NL Buck",
              "non_striker": "MD Stoneman",
              "runs": {
                "batter": 0,
                "extras": 0,
                "total": 0
              }
            },
            {
              "batter": "CS MacLeod",
              "bowler": "NL Buck",
              "non_striker": "MD Stoneman",
              "runs": {
                "batter": 1,
                "extras": 0,
                "total": 1
              }
            },
            {
              "batter": "MD Stoneman",
              "bowler": "NL Buck",
              "non_striker": "CS MacLeod",
              "runs": {
                "batter": 1,
                "extras": 0,
                "total": 1
              }
            }
          ]
        },
        {
          "over": 5,
          "deliveries": [
            {
              "batter": "MD Stoneman",
              "bowler": "J Clark",
              "non_striker": "CS MacLeod",
              "runs": {
                "batter": 0,
                "extras": 0,
                "total": 0
              }
            },
            {
              "batter": "MD Stoneman",
              "bowler": "J Clark",
              "non_striker": "CS MacLeod",
              "runs": {
                "batter": 6,
                "extras": 0,
                "total": 6
              }
            },
            {
              "batter": "MD Stoneman",
              "bowler": "J Clark",
              "extras": {
                "wides": 1
              },
              "non_striker": "CS MacLeod",
              "runs": {
                "batter": 0,
                "extras": 1,
                "total": 1
              }
            },
            {
              "batter": "MD Stoneman",
              "bowler": "J Clark",
              "non_striker": "CS MacLeod",
              "runs": {
                "batter": 0,
                "extras": 0,
                "total": 0
              }
            },
            {
              "batter": "MD Stoneman",
              "bowler": "J Clark",
              "non_striker": "CS MacLeod",
              "runs": {
                "batter": 6,
                "extras": 0,
                "total": 6
              }
            },
            {
              "batter": "MD Stoneman",
              "bowler": "J Clark",
              "non_striker": "CS MacLeod",
              "runs": {
                "batter": 1,
                "extras": 0,
                "total": 1
              }
            },
            {
              "batter": "CS MacLeod",
              "bowler": "J Clark",
              "non_striker": "MD Stoneman",
              "runs": {
                "batter": 1,
                "extras": 0,
                "total": 1
              }
            }
          ]
        },
        {
          "over": 6,
          "deliveries": [
            {
              "batter": "CS MacLeod",
              "bowler": "SD Parry",
              "non_striker": "MD Stoneman",
              "runs": {
                "batter": 2,
                "extras": 0,
                "total": 2
              }
            },
            {
              "batter": "CS MacLeod",
              "bowler": "SD Parry",
              "non_striker": "MD Stoneman",
              "runs": {
                "batter": 1,
                "extras": 0,
                "total": 1
              }
            },
            {
              "batter": "MD Stoneman",
              "bowler": "SD Parry",
              "non_striker": "CS MacLeod",
              "runs": {
                "batter": 1,
                "extras": 0,
                "total": 1
              }
            },
            {
              "batter": "CS MacLeod",
              "bowler": "SD Parry",
              "non_striker": "MD Stoneman",
              "runs": {
                "batter": 1,
                "extras": 0,
                "total": 1
              }
            },
            {
              "batter": "MD Stoneman",
              "bowler": "SD Parry",
              "non_striker": "CS MacLeod",
              "runs": {
                "batter": 2,
                "extras": 0,
                "total": 2
              }
            },
            {
              "batter": "MD Stoneman",
              "bowler": "SD Parry",
              "non_striker": "CS MacLeod",
              "runs": {
                "batter": 1,
                "extras": 0,
                "total": 1
              }
            }
          ]
        },
        {
          "over": 7,
          "deliveries": [
            {
              "batter": "MD Stoneman",
              "bowler": "AM Lilley",
              "non_striker": "CS MacLeod",
              "runs": {
                "batter": 1,
                "extras": 0,
                "total": 1
              }
            },
            {
              "batter": "CS MacLeod",
              "bowler": "AM Lilley",
              "non_striker": "MD Stoneman",
              "runs": {
                "batter": 1,
                "extras": 0,
                "total": 1
              }
            },
            {
              "batter": "MD Stoneman",
              "bowler": "AM Lilley",
              "non_striker": "CS MacLeod",
              "runs": {
                "batter": 0,
                "extras": 0,
                "total": 0
              }
            },
            {
              "batter": "MD Stoneman",
              "bowler": "AM Lilley",
              "non_striker": "CS MacLeod",
              "runs": {
                "batter": 1,
                "extras": 0,
                "total": 1
              }
            },
            {
              "batter": "CS MacLeod",
              "bowler": "AM Lilley",
              "non_striker": "MD Stoneman",
              "runs": {
                "batter": 4,
                "extras": 0,
                "total": 4
              }
            },
            {
              "batter": "CS MacLeod",
              "bowler": "AM Lilley",
              "non_striker": "MD Stoneman",
              "runs": {
                "batter": 2,
                "extras": 0,
                "total": 2
              }
            }
          ]
        },
        {
          "over": 8,
          "deliveries": [
            {
              "batter": "MD Stoneman",
              "bowler": "SD Parry",
              "non_striker": "CS MacLeod",
              "runs": {
                "batter": 0,
                "extras": 0,
                "total": 0
              }
            },
            {
              "batter": "MD Stoneman",
              "bowler": "SD Parry",
              "non_striker": "CS MacLeod",
              "runs": {
                "batter": 1,
                "extras": 0,
                "total": 1
              }
            },
            {
              "batter": "CS MacLeod",
              "bowler": "SD Parry",
              "non_striker": "MD Stoneman",
              "runs": {
                "batter": 1,
                "extras": 0,
                "total": 1
              }
            },
            {
              "batter": "MD Stoneman",
              "bowler": "SD Parry",
              "non_striker": "CS MacLeod",
              "runs": {
                "batter": 1,
                "extras": 0,
                "total": 1
              }
            },
            {
              "batter": "CS MacLeod",
              "bowler": "SD Parry",
              "non_striker": "MD Stoneman",
              "runs": {
                "batter": 1,
                "extras": 0,
                "total": 1
              }
            },
            {
              "batter": "MD Stoneman",
              "bowler": "SD Parry",
              "non_striker": "CS MacLeod",
              "runs": {
                "batter": 0,
                "extras": 0,
                "total": 0
              }
            }
          ]
        },
        {
          "over": 9,
          "deliveries": [
            {
              "batter": "CS MacLeod",
              "bowler": "SJ Croft",
              "non_striker": "MD Stoneman",
              "runs": {
                "batter": 1,
                "extras": 0,
                "total": 1
              }
            },
            {
              "batter": "MD Stoneman",
              "bowler": "SJ Croft",
              "non_striker": "CS MacLeod",
              "runs": {
                "batter": 0,
                "extras": 0,
                "total": 0
              },
              "wickets": [
                {
                  "kind": "bowled",
                  "player_out": "MD Stoneman"
                }
              ]
            },
            {
              "batter": "GJ Muchall",
              "bowler": "SJ Croft",
              "non_striker": "CS MacLeod",
              "runs": {
                "batter": 0,
                "extras": 0,
                "total": 0
              }
            },
            {
              "batter": "GJ Muchall",
              "bowler": "SJ Croft",
              "non_striker": "CS MacLeod",
              "runs": {
                "batter": 1,
                "extras": 0,
                "total": 1
              }
            },
            {
              "batter": "CS MacLeod",
              "bowler": "SJ Croft",
              "non_striker": "GJ Muchall",
              "runs": {
                "batter": 2,
                "extras": 0,
                "total": 2
              }
            },
            {
              "batter": "CS MacLeod",
              "bowler": "SJ Croft",
              "non_striker": "GJ Muchall",
              "runs": {
                "batter": 1,
                "extras": 0,
                "total": 1
              }
            }
          ]
        },
        {
          "over": 10,
          "deliveries": [
            {
              "batter": "CS MacLeod",
              "bowler": "SD Parry",
              "non_striker": "GJ Muchall",
              "runs": {
                "batter": 2,
                "extras": 0,
                "total": 2
              }
            },
            {
              "batter": "CS MacLeod",
              "bowler": "SD Parry",
              "non_striker": "GJ Muchall",
              "runs": {
                "batter": 4,
                "extras": 0,
                "total": 4
              }
            },
            {
              "batter": "CS MacLeod",
              "bowler": "SD Parry",
              "non_striker": "GJ Muchall",
              "runs": {
                "batter": 1,
                "extras": 0,
                "total": 1
              }
            },
            {
              "batter": "GJ Muchall",
              "bowler": "SD Parry",
              "non_striker": "CS MacLeod",
              "runs": {
                "batter": 1,
                "extras": 0,
                "total": 1
              }
            },
            {
              "batter": "CS MacLeod",
              "bowler": "SD Parry",
              "non_striker": "GJ Muchall",
              "runs": {
                "batter": 1,
                "extras": 0,
                "total": 1
              }
            },
            {
              "batter": "GJ Muchall",
              "bowler": "SD Parry",
              "non_striker": "CS MacLeod",
              "runs": {
                "batter": 0,
                "extras": 0,
                "total": 0
              }
            }
          ]
        },
        {
          "over": 11,
          "deliveries": [
            {
              "batter": "CS MacLeod",
              "bowler": "SJ Croft",
              "non_striker": "GJ Muchall",
              "runs": {
                "batter": 0,
                "extras": 0,
                "total": 0
              }
            },
            {
              "batter": "CS MacLeod",
              "bowler": "SJ Croft",
              "non_striker": "GJ Muchall",
              "runs": {
                "batter": 1,
                "extras": 0,
                "total": 1
              }
            },
            {
              "batter": "GJ Muchall",
              "bowler": "SJ Croft",
              "non_striker": "CS MacLeod",
              "runs": {
                "batter": 1,
                "extras": 0,
                "total": 1
              }
            },
            {
              "batter": "CS MacLeod",
              "bowler": "SJ Croft",
              "extras": {
                "wides": 3
              },
              "non_striker": "GJ Muchall",
              "runs": {
                "batter": 0,
                "extras": 3,
                "total": 3
              }
            },
            {
              "batter": "CS MacLeod",
              "bowler": "SJ Croft",
              "non_striker": "GJ Muchall",
              "runs": {
                "batter": 1,
                "extras": 0,
                "total": 1
              }
            },
            {
              "batter": "GJ Muchall",
              "bowler": "SJ Croft",
              "non_striker": "CS MacLeod",
              "runs": {
                "batter": 1,
                "extras": 0,
                "total": 1
              }
            },
            {
              "batter": "CS MacLeod",
              "bowler": "SJ Croft",
              "non_striker": "GJ Muchall",
              "runs": {
                "batter": 4,
                "extras": 0,
                "total": 4
              }
            }
          ]
        },
        {
          "over": 12,
          "deliveries": [
            {
              "batter": "GJ Muchall",
              "bowler": "LM Reece",
              "extras": {
                "wides": 5
              },
              "non_striker": "CS MacLeod",
              "runs": {
                "batter": 0,
                "extras": 5,
                "total": 5
              }
            },
            {
              "batter": "GJ Muchall",
              "bowler": "LM Reece",
              "non_striker": "CS MacLeod",
              "runs": {
                "batter": 1,
                "extras": 0,
                "total": 1
              }
            },
            {
              "batter": "CS MacLeod",
              "bowler": "LM Reece",
              "non_striker": "GJ Muchall",
              "runs": {
                "batter": 1,
                "extras": 0,
                "total": 1
              }
            },
            {
              "batter": "GJ Muchall",
              "bowler": "LM Reece",
              "non_striker": "CS MacLeod",
              "runs": {
                "batter": 1,
                "extras": 0,
                "total": 1
              }
            },
            {
              "batter": "CS MacLeod",
              "bowler": "LM Reece",
              "non_striker": "GJ Muchall",
              "runs": {
                "batter": 1,
                "extras": 0,
                "total": 1
              }
            },
            {
              "batter": "GJ Muchall",
              "bowler": "LM Reece",
              "non_striker": "CS MacLeod",
              "runs": {
                "batter": 1,
                "extras": 0,
                "total": 1
              }
            },
            {
              "batter": "CS MacLeod",
              "bowler": "LM Reece",
              "non_striker": "GJ Muchall",
              "runs": {
                "batter": 4,
                "extras": 0,
                "total": 4
              }
            }
          ]
        },
        {
          "over": 13,
          "deliveries": [
            {
              "batter": "GJ Muchall",
              "bowler": "SD Parry",
              "non_striker": "CS MacLeod",
              "runs": {
                "batter": 2,
                "extras": 0,
                "total": 2
              }
            },
            {
              "batter": "GJ Muchall",
              "bowler": "SD Parry",
              "non_striker": "CS MacLeod",
              "runs": {
                "batter": 2,
                "extras": 0,
                "total": 2
              }
            },
            {
              "batter": "GJ Muchall",
              "bowler": "SD Parry",
              "non_striker": "CS MacLeod",
              "runs": {
                "batter": 1,
                "extras": 0,
                "total": 1
              }
            },
            {
              "batter": "CS MacLeod",
              "bowler": "SD Parry",
              "non_striker": "GJ Muchall",
              "runs": {
                "batter": 1,
                "extras": 0,
                "total": 1
              }
            },
            {
              "batter": "GJ Muchall",
              "bowler": "SD Parry",
              "non_striker": "CS MacLeod",
              "runs": {
                "batter": 2,
                "extras": 0,
                "total": 2
              }
            },
            {
              "batter": "GJ Muchall",
              "bowler": "SD Parry",
              "non_striker": "CS MacLeod",
              "runs": {
                "batter": 1,
                "extras": 0,
                "total": 1
              }
            }
          ]
        },
        {
          "over": 14,
          "deliveries": [
            {
              "batter": "GJ Muchall",
              "bowler": "S Mahmood",
              "non_striker": "CS MacLeod",
              "runs": {
                "batter": 1,
                "extras": 0,
                "total": 1
              }
            },
            {
              "batter": "CS MacLeod",
              "bowler": "S Mahmood",
              "non_striker": "GJ Muchall",
              "runs": {
                "batter": 4,
                "extras": 0,
                "total": 4
              }
            },
            {
              "batter": "CS MacLeod",
              "bowler": "S Mahmood",
              "non_striker": "GJ Muchall",
              "runs": {
                "batter": 0,
                "extras": 0,
                "total": 0
              }
            },
            {
              "batter": "CS MacLeod",
              "bowler": "S Mahmood",
              "non_striker": "GJ Muchall",
              "runs": {
                "batter": 0,
                "extras": 0,
                "total": 0
              },
              "wickets": [
                {
                  "kind": "bowled",
                  "player_out": "CS MacLeod"
                }
              ]
            },
            {
              "batter": "RD Pringle",
              "bowler": "S Mahmood",
              "non_striker": "GJ Muchall",
              "runs": {
                "batter": 0,
                "extras": 0,
                "total": 0
              }
            },
            {
              "batter": "RD Pringle",
              "bowler": "S Mahmood",
              "non_striker": "GJ Muchall",
              "runs": {
                "batter": 0,
                "extras": 0,
                "total": 0
              },
              "wickets": [
                {
                  "kind": "bowled",
                  "player_out": "RD Pringle"
                }
              ]
            }
          ]
        },
        {
          "over": 15,
          "deliveries": [
            {
              "batter": "GJ Muchall",
              "bowler": "J Clark",
              "non_striker": "P Coughlin",
              "runs": {
                "batter": 2,
                "extras": 0,
                "total": 2
              }
            },
            {
              "batter": "GJ Muchall",
              "bowler": "J Clark",
              "non_striker": "P Coughlin",
              "runs": {
                "batter": 1,
                "extras": 0,
                "total": 1
              }
            },
            {
              "batter": "P Coughlin",
              "bowler": "J Clark",
              "non_striker": "GJ Muchall",
              "runs": {
                "batter": 1,
                "extras": 0,
                "total": 1
              }
            },
            {
              "batter": "GJ Muchall",
              "bowler": "J Clark",
              "non_striker": "P Coughlin",
              "runs": {
                "batter": 3,
                "extras": 0,
                "total": 3
              }
            },
            {
              "batter": "P Coughlin",
              "bowler": "J Clark",
              "non_striker": "GJ Muchall",
              "runs": {
                "batter": 1,
                "extras": 0,
                "total": 1
              }
            },
            {
              "batter": "GJ Muchall",
              "bowler": "J Clark",
              "extras": {
                "legbyes": 1
              },
              "non_striker": "P Coughlin",
              "runs": {
                "batter": 0,
                "extras": 1,
                "total": 1
              }
            }
          ]
        },
        {
          "over": 16,
          "deliveries": [
            {
              "batter": "GJ Muchall",
              "bowler": "S Mahmood",
              "non_striker": "P Coughlin",
              "runs": {
                "batter": 0,
                "extras": 0,
                "total": 0
              },
              "wickets": [
                {
                  "kind": "bowled",
                  "player_out": "GJ Muchall"
                }
              ]
            },
            {
              "batter": "KK Jennings",
              "bowler": "S Mahmood",
              "non_striker": "P Coughlin",
              "runs": {
                "batter": 1,
                "extras": 0,
                "total": 1
              }
            },
            {
              "batter": "P Coughlin",
              "bowler": "S Mahmood",
              "non_striker": "KK Jennings",
              "runs": {
                "batter": 1,
                "extras": 0,
                "total": 1
              }
            },
            {
              "batter": "KK Jennings",
              "bowler": "S Mahmood",
              "non_striker": "P Coughlin",
              "runs": {
                "batter": 0,
                "extras": 0,
                "total": 0
              }
            },
            {
              "batter": "KK Jennings",
              "bowler": "S Mahmood",
              "non_striker": "P Coughlin",
              "runs": {
                "batter": 0,
                "extras": 0,
                "total": 0
              }
            },
            {
              "batter": "KK Jennings",
              "bowler": "S Mahmood",
              "non_striker": "P Coughlin",
              "runs": {
                "batter": 2,
                "extras": 0,
                "total": 2
              }
            }
          ]
        },
        {
          "over": 17,
          "deliveries": [
            {
              "batter": "P Coughlin",
              "bowler": "J Clark",
              "non_striker": "KK Jennings",
              "runs": {
                "batter": 1,
                "extras": 0,
                "total": 1
              }
            },
            {
              "batter": "KK Jennings",
              "bowler": "J Clark",
              "non_striker": "P Coughlin",
              "runs": {
                "batter": 6,
                "extras": 0,
                "total": 6
              }
            },
            {
              "batter": "KK Jennings",
              "bowler": "J Clark",
              "non_striker": "P Coughlin",
              "runs": {
                "batter": 1,
                "extras": 0,
                "total": 1
              }
            },
            {
              "batter": "P Coughlin",
              "bowler": "J Clark",
              "non_striker": "KK Jennings",
              "runs": {
                "batter": 2,
                "extras": 0,
                "total": 2
              }
            },
            {
              "batter": "P Coughlin",
              "bowler": "J Clark",
              "non_striker": "KK Jennings",
              "runs": {
                "batter": 1,
                "extras": 0,
                "total": 1
              }
            },
            {
              "batter": "KK Jennings",
              "bowler": "J Clark",
              "non_striker": "P Coughlin",
              "runs": {
                "batter": 4,
                "extras": 0,
                "total": 4
              }
            }
          ]
        },
        {
          "over": 18,
          "deliveries": [
            {
              "batter": "P Coughlin",
              "bowler": "S Mahmood",
              "non_striker": "KK Jennings",
              "runs": {
                "batter": 2,
                "extras": 0,
                "total": 2
              }
            },
            {
              "batter": "P Coughlin",
              "bowler": "S Mahmood",
              "non_striker": "KK Jennings",
              "runs": {
                "batter": 4,
                "extras": 0,
                "total": 4
              }
            },
            {
              "batter": "P Coughlin",
              "bowler": "S Mahmood",
              "non_striker": "KK Jennings",
              "runs": {
                "batter": 1,
                "extras": 0,
                "total": 1
              }
            },
            {
              "batter": "KK Jennings",
              "bowler": "S Mahmood",
              "non_striker": "P Coughlin",
              "runs": {
                "batter": 1,
                "extras": 0,
                "total": 1
              }
            },
            {
              "batter": "P Coughlin",
              "bowler": "S Mahmood",
              "non_striker": "KK Jennings",
              "runs": {
                "batter": 6,
                "extras": 0,
                "total": 6
              }
            },
            {
              "batter": "P Coughlin",
              "bowler": "S Mahmood",
              "non_striker": "KK Jennings",
              "runs": {
                "batter": 2,
                "extras": 0,
                "total": 2
              }
            }
          ]
        },
        {
          "over": 19,
          "deliveries": [
            {
              "batter": "KK Jennings",
              "bowler": "NL Buck",
              "non_striker": "P Coughlin",
              "runs": {
                "batter": 2,
                "extras": 0,
                "total": 2
              }
            },
            {
              "batter": "KK Jennings",
              "bowler": "NL Buck",
              "non_striker": "P Coughlin",
              "runs": {
                "batter": 2,
                "extras": 0,
                "total": 2
              }
            },
            {
              "batter": "KK Jennings",
              "bowler": "NL Buck",
              "non_striker": "P Coughlin",
              "runs": {
                "batter": 2,
                "extras": 0,
                "total": 2
              }
            },
            {
              "batter": "KK Jennings",
              "bowler": "NL Buck",
              "non_striker": "P Coughlin",
              "runs": {
                "batter": 0,
                "extras": 0,
                "total": 0
              }
            },
            {
              "batter": "KK Jennings",
              "bowler": "NL Buck",
              "extras": {
                "noballs": 3
              },
              "non_striker": "P Coughlin",
              "runs": {
                "batter": 0,
                "extras": 3,
                "total": 3
              }
            },
            {
              "batter": "P Coughlin",
              "bowler": "NL Buck",
              "non_striker": "KK Jennings",
              "runs": {
                "batter": 2,
                "extras": 0,
                "total": 2
              }
            },
            {
              "batter": "P Coughlin",
              "bowler": "NL Buck",
              "non_striker": "KK Jennings",
              "runs": {
                "batter": 2,
                "extras": 0,
                "total": 2
              }
            }
          ]
        }
      ],
      "powerplays": [
        {
          "from": 0.1,
          "to": 5.7,
          "type": "mandatory"
        }
      ],
      "target": {
        "overs": 20,
        "runs": 177
      }
    }
  ]
}