{
  "meta": {
    "data_version": "1.0.0",
    "created": "2017-05-03",
    "revision": 1
  },
  "info": {
    "balls_per_over": 6,
    "city": "London",
    "dates": [
      "2016-07-22"
    ],
    "event": {
      "group": "South",
      "name": "NatWest T20 Blast"
    },
    "gender": "male",
    "match_type": "T20",
    "officials": {
      "umpires": [
        "DJ Millns",
        "AG Wharf"
      ]
    },
    "outcome": {
      "by": {
        "wickets": 6
      },
      "winner": "Surrey"
    },
    "overs": 20,
    "player_of_match": [
      "CH Morris"
    ],
    "players": {
      "Surrey": [
        "JJ Roy",
        "AJ Finch",
        "DP Sibley",
        "RJ Burns",
        "BT Foakes",
        "CH Morris",
        "Azhar Mahmood",
        "SM Curran",
        "TK Curran",
        "GJ Batty",
        "JW Dernbach"
      ],
      "Sussex": [
        "CD Nash",
        "LJ Wright",
        "PD Salt",
        "Craig Cachopa",
        "MW Machan",
        "CJ Jordan",
        "JC Archer",
        "HZ Finch",
        "WAT Beer",
        "DR Briggs",
        "Mustafizur Rahman"
      ]
    },
    "registry": {
      "people": {
        "AG Wharf": "2e0fcc58",
        "AJ Finch": "b8d490fd",
        "Azhar Mahmood": "9a158001",
        "BT Foakes": "fd770945",
        "CD Nash": "6f049d41",
        "CH Morris": "fb66ce1f",
        "CJ Jordan": "ffe699c0",
        "Craig Cachopa": "af294a6c",
        "DJ Millns": "46ecfe40",
        "DP Sibley": "97e434a6",
        "DR Briggs": "f3abd0c9",
        "GJ Batty": "5ac8f17b",
        "HZ Finch": "6b16f8ba",
        "JC Archer": "5574750c",
        "JJ Roy": "d1c36f5c",
        "JW Dernbach": "7be8a0ed",
        "LJ Wright": "cca50cd6",
        "MW Machan": "8c7d6cbe",
        "Mustafizur Rahman": "0a8fce53",
        "PD Salt": "3d284ca3",
        "RJ Burns": "29e8a62e",
        "SM Curran": "e94915e6",
        "TK Curran": "e86754b2",
        "WAT Beer": "98eacfe5"
      }
    },
    "season": 2016,
    "team_type": "club",
    "teams": [
      "Surrey",
      "Sussex"
    ],
    "toss": {
      "decision": "field",
      "winner": "Surrey"
    },
    "venue": "Kennington Oval"
  },
  "innings": [
    {
      "team": "Sussex",
      "overs": [
        {
          "over": 0,
          "deliveries": [
            {
              "batter": "CD Nash",
              "bowler": "JW Dernbach",
              "extras": {
                "legbyes": 1
              },
              "non_striker": "LJ Wright",
              "runs": {
                "batter": 0,
                "extras": 1,
                "total": 1
              }
            },
            {
              "batter": "LJ Wright",
              "bowler": "JW Dernbach",
              "non_striker": "CD Nash",
              "runs": {
                "batter": 0,
                "extras": 0,
                "total": 0
              }
            },
            {
              "batter": "LJ Wright",
              "bowler": "JW Dernbach",
              "non_striker": "CD Nash",
              "runs": {
                "batter": 0,
                "extras": 0,
                "total": 0
              }
            },
            {
              "batter": "LJ Wright",
              "bowler": "JW Dernbach",
              "non_striker": "CD Nash",
              "runs": {
                "batter": 0,
                "extras": 0,
                "total": 0
              }
            },
            {
              "batter": "LJ Wright",
              "bowler": "JW Dernbach",
              "non_striker": "CD Nash",
              "runs": {
                "batter": 0,
                "extras": 0,
                "total": 0
              }
            },
            {
              "batter": "LJ Wright",
              "bowler": "JW Dernbach",
              "non_striker": "CD Nash",
              "runs": {
                "batter": 0,
                "extras": 0,
                "total": 0
              }
            }
          ]
        },
        {
          "over": 1,
          "deliveries": [
            {
              "batter": "CD Nash",
              "bowler": "SM Curran",
              "non_striker": "LJ Wright",
              "runs": {
                "batter": 1,
                "extras": 0,
                "total": 1
              }
            },
            {
              "batter": "LJ Wright",
              "bowler": "SM Curran",
              "non_striker": "CD Nash",
              "runs": {
                "batter": 0,
                "extras": 0,
                "total": 0
              }
            },
            {
              "batter": "LJ Wright",
              "bowler": "SM Curran",
              "non_striker": "CD Nash",
              "runs": {
                "batter": 0,
                "extras": 0,
                "total": 0
              }
            },
            {
              "batter": "LJ Wright",
              "bowler": "SM Curran",
              "non_striker": "CD Nash",
              "runs": {
                "batter": 4,
                "extras": 0,
                "total": 4
              }
            },
            {
              "batter": "LJ Wright",
              "bowler": "SM Curran",
              "non_striker": "CD Nash",
              "runs": {
                "batter": 1,
                "extras": 0,
                "total": 1
              }
            },
            {
              "batter": "CD Nash",
              "bowler": "SM Curran",
              "non_striker": "LJ Wright",
              "runs": {
                "batter": 6,
                "extras": 0,
                "total": 6
              }
            }
          ]
        },
        {
          "over": 2,
          "deliveries": [
            {
              "batter": "LJ Wright",
              "bowler": "JW Dernbach",
              "extras": {
                "legbyes": 1
              },
              "non_striker": "CD Nash",
              "runs": {
                "batter": 0,
                "extras": 1,
                "total": 1
              }
            },
            {
              "batter": "CD Nash",
              "bowler": "JW Dernbach",
              "non_striker": "LJ Wright",
              "runs": {
                "batter": 4,
                "extras": 0,
                "total": 4
              }
            },
            {
              "batter": "CD Nash",
              "bowler": "JW Dernbach",
              "non_striker": "LJ Wright",
              "runs": {
                "batter": 0,
                "extras": 0,
                "total": 0
              }
            },
            {
              "batter": "CD Nash",
              "bowler": "JW Dernbach",
              "non_striker": "LJ Wright",
              "runs": {
                "batter": 0,
                "extras": 0,
                "total": 0
              }
            },
            {
              "batter": "CD Nash",
              "bowler": "JW Dernbach",
              "non_striker": "LJ Wright",
              "runs": {
                "batter": 4,
                "extras": 0,
                "total": 4
              }
            },
            {
              "batter": "CD Nash",
              "bowler": "JW Dernbach",
              "non_striker": "LJ Wright",
              "runs": {
                "batter": 1,
                "extras": 0,
                "total": 1
              }
            }
          ]
        },
        {
          "over": 3,
          "deliveries": [
            {
              "batter": "CD Nash",
              "bowler": "TK Curran",
              "non_striker": "LJ Wright",
              "runs": {
                "batter": 0,
                "extras": 0,
                "total": 0
              }
            },
            {
              "batter": "CD Nash",
              "bowler": "TK Curran",
              "non_striker": "LJ Wright",
              "runs": {
                "batter": 1,
                "extras": 0,
                "total": 1
              }
            },
            {
              "batter": "LJ Wright",
              "bowler": "TK Curran",
              "non_striker": "CD Nash",
              "runs": {
                "batter": 1,
                "extras": 0,
                "total": 1
              }
            },
            {
              "batter": "CD Nash",
              "bowler": "TK Curran",
              "non_striker": "LJ Wright",
              "runs": {
                "batter": 0,
                "extras": 0,
                "total": 0
              }
            },
            {
              "batter": "CD Nash",
              "bowler": "TK Curran",
              "non_striker": "LJ Wright",
              "runs": {
                "batter": 1,
                "extras": 0,
                "total": 1
              }
            },
            {
              "batter": "LJ Wright",
              "bowler": "TK Curran",
              "non_striker": "CD Nash",
              "runs": {
                "batter": 1,
                "extras": 0,
                "total": 1
              }
            }
          ]
        },
        {
          "over": 4,
          "deliveries": [
            {
              "batter": "LJ Wright",
              "bowler": "CH Morris",
              "extras": {
                "wides": 1
              },
              "non_striker": "CD Nash",
              "runs": {
                "batter": 0,
                "extras": 1,
                "total": 1
              }
            },
            {
              "batter": "LJ Wright",
              "bowler": "CH Morris",
              "extras": {
                "legbyes": 1
              },
              "non_striker": "CD Nash",
              "runs": {
                "batter": 0,
                "extras": 1,
                "total": 1
              }
            },
            {
              "batter": "CD Nash",
              "bowler": "CH Morris",
              "non_striker": "LJ Wright",
              "runs": {
                "batter": 1,
                "extras": 0,
                "total": 1
              }
            },
            {
              "batter": "LJ Wright",
              "bowler": "CH Morris",
              "non_striker": "CD Nash",
              "runs": {
                "batter": 0,
                "extras": 0,
                "total": 0
              },
              "wickets": [
                {
                  "kind": "caught",
                  "player_out": "LJ Wright",
                  "fielders": [
                    {
                      "name": "BT Foakes"
                    }
                  ]
                }
              ]
            },
            {
              "batter": "PD Salt",
              "bowler": "CH Morris",
              "non_striker": "CD Nash",
              "runs": {
                "batter": 1,
                "extras": 0,
                "total": 1
              }
            },
            {
              "batter": "CD Nash",
              "bowler": "CH Morris",
              "non_striker": "PD Salt",
              "runs": {
                "batter": 1,
                "extras": 0,
                "total": 1
              }
            },
            {
              "batter": "PD Salt",
              "bowler": "CH Morris",
              "extras": {
                "byes": 2
              },
              "non_striker": "CD Nash",
              "runs": {
                "batter": 0,
                "extras": 2,
                "total": 2
              }
            }
          ]
        },
        {
          "over": 5,
          "deliveries": [
            {
              "batter": "CD Nash",
              "bowler": "Azhar Mahmood",
              "non_striker": "PD Salt",
              "runs": {
                "batter": 0,
                "extras": 0,
                "total": 0
              }
            },
            {
              "batter": "CD Nash",
              "bowler": "Azhar Mahmood",
              "non_striker": "PD Salt",
              "runs": {
                "batter": 0,
                "extras": 0,
                "total": 0
              }
            },
            {
              "batter": "CD Nash",
              "bowler": "Azhar Mahmood",
              "non_striker": "PD Salt",
              "runs": {
                "batter": 0,
                "extras": 0,
                "total": 0
              }
            },
            {
              "batter": "CD Nash",
              "bowler": "Azhar Mahmood",
              "non_striker": "PD Salt",
              "runs": {
                "batter": 2,
                "extras": 0,
                "total": 2
              }
            },
            {
              "batter": "CD Nash",
              "bowler": "Azhar Mahmood",
              "non_striker": "PD Salt",
              "runs": {
                "batter": 1,
                "extras": 0,
                "total": 1
              }
            },
            {
              "batter": "PD Salt",
              "bowler": "Azhar Mahmood",
              "non_striker": "CD Nash",
              "runs": {
                "batter": 0,
                "extras": 0,
                "total": 0
              }
            }
          ]
        },
        {
          "over": 6,
          "deliveries": [
            {
              "batter": "CD Nash",
              "bowler": "CH Morris",
              "non_striker": "PD Salt",
              "runs": {
                "batter": 4,
                "extras": 0,
                "total": 4
              }
            },
            {
              "batter": "CD Nash",
              "bowler": "CH Morris",
              "extras": {
                "byes": 4
              },
              "non_striker": "PD Salt",
              "runs": {
                "batter": 0,
                "extras": 4,
                "total": 4
              }
            },
            {
              "batter": "CD Nash",
              "bowler": "CH Morris",
              "non_striker": "PD Salt",
              "runs": {
                "batter": 1,
                "extras": 0,
                "total": 1
              }
            },
            {
              "batter": "PD Salt",
              "bowler": "CH Morris",
              "non_striker": "CD Nash",
              "runs": {
                "batter": 0,
                "extras": 0,
                "total": 0
              }
            },
            {
              "batter": "PD Salt",
              "bowler": "CH Morris",
              "non_striker": "CD Nash",
              "runs": {
                "batter": 0,
                "extras": 0,
                "total": 0
              }
            },
            {
              "batter": "PD Salt",
              "bowler": "CH Morris",
              "non_striker": "CD Nash",
              "runs": {
                "batter": 0,
                "extras": 0,
                "total": 0
              }
            }
          ]
        },
        {
          "over": 7,
          "deliveries": [
            {
              "batter": "CD Nash",
              "bowler": "GJ Batty",
              "non_striker": "PD Salt",
              "runs": {
                "batter": 1,
                "extras": 0,
                "total": 1
              }
            },
            {
              "batter": "PD Salt",
              "bowler": "GJ Batty",
              "non_striker": "CD Nash",
              "runs": {
                "batter": 4,
                "extras": 0,
                "total": 4
              }
            },
            {
              "batter": "PD Salt",
              "bowler": "GJ Batty",
              "non_striker": "CD Nash",
              "runs": {
                "batter": 4,
                "extras": 0,
                "total": 4
              }
            },
            {
              "batter": "PD Salt",
              "bowler": "GJ Batty",
              "non_striker": "CD Nash",
              "runs": {
                "batter": 3,
                "extras": 0,
                "total": 3
              }
            },
            {
              "batter": "CD Nash",
              "bowler": "GJ Batty",
              "non_striker": "PD Salt",
              "runs": {
                "batter": 1,
                "extras": 0,
                "total": 1
              }
            },
            {
              "batter": "PD Salt",
              "bowler": "GJ Batty",
              "non_striker": "CD Nash",
              "runs": {
                "batter": 4,
                "extras": 0,
                "total": 4
              }
            }
          ]
        },
        {
          "over": 8,
          "deliveries": [
            {
              "batter": "CD Nash",
              "bowler": "Azhar Mahmood",
              "non_striker": "PD Salt",
              "runs": {
                "batter": 1,
                "extras": 0,
                "total": 1
              }
            },
            {
              "batter": "PD Salt",
              "bowler": "Azhar Mahmood",
              "non_striker": "CD Nash",
              "runs": {
                "batter": 1,
                "extras": 0,
                "total": 1
              }
            },
            {
              "batter": "CD Nash",
              "bowler": "Azhar Mahmood",
              "non_striker": "PD Salt",
              "runs": {
                "batter": 1,
                "extras": 0,
                "total": 1
              }
            },
            {
              "batter": "PD Salt",
              "bowler": "Azhar Mahmood",
              "non_striker": "CD Nash",
              "runs": {
                "batter": 1,
                "extras": 0,
                "total": 1
              }
            },
            {
              "batter": "CD Nash",
              "bowler": "Azhar Mahmood",
              "non_striker": "PD Salt",
              "runs": {
                "batter": 1,
                "extras": 0,
                "total": 1
              }
            },
            {
              "batter": "PD Salt",
              "bowler": "Azhar Mahmood",
              "non_striker": "CD Nash",
              "runs": {
                "batter": 0,
                "extras": 0,
                "total": 0
              },
              "wickets": [
                {
                  "kind": "caught",
                  "player_out": "PD Salt",
                  "fielders": [
                    {
                      "name": "DP Sibley"
                    }
                  ]
                }
              ]
            }
          ]
        },
        {
          "over": 9,
          "deliveries": [
            {
              "batter": "Craig Cachopa",
              "bowler": "TK Curran",
              "non_striker": "CD Nash",
              "runs": {
                "batter": 0,
                "extras": 0,
                "total": 0
              }
            },
            {
              "batter": "Craig Cachopa",
              "bowler": "TK Curran",
              "non_striker": "CD Nash",
              "runs": {
                "batter": 0,
                "extras": 0,
                "total": 0
              }
            },
            {
              "batter": "Craig Cachopa",
              "bowler": "TK Curran",
              "non_striker": "CD Nash",
              "runs": {
                "batter": 1,
                "extras": 0,
                "total": 1
              }
            },
            {
              "batter": "CD Nash",
              "bowler": "TK Curran",
              "non_striker": "Craig Cachopa",
              "runs": {
                "batter": 1,
                "extras": 0,
                "total": 1
              }
            },
            {
              "batter": "Craig Cachopa",
              "bowler": "TK Curran",
              "non_striker": "CD Nash",
              "runs": {
                "batter": 0,
                "extras": 0,
                "total": 0
              }
            },
            {
              "batter": "Craig Cachopa",
              "bowler": "TK Curran",
              "non_striker": "CD Nash",
              "runs": {
                "batter": 1,
                "extras": 0,
                "total": 1
              }
            }
          ]
        },
        {
          "over": 10,
          "deliveries": [
            {
              "batter": "Craig Cachopa",
              "bowler": "Azhar Mahmood",
              "non_striker": "CD Nash",
              "runs": {
                "batter": 0,
                "extras": 0,
                "total": 0
              }
            },
            {
              "batter": "Craig Cachopa",
              "bowler": "Azhar Mahmood",
              "non_striker": "CD Nash",
              "runs": {
                "batter": 1,
                "extras": 0,
                "total": 1
              }
            },
            {
              "batter": "CD Nash",
              "bowler": "Azhar Mahmood",
              "non_striker": "Craig Cachopa",
              "runs": {
                "batter": 1,
                "extras": 0,
                "total": 1
              }
            },
            {
              "batter": "Craig Cachopa",
              "bowler": "Azhar Mahmood",
              "non_striker": "CD Nash",
              "runs": {
                "batter": 0,
                "extras": 0,
                "total": 0
              }
            },
            {
              "batter": "Craig Cachopa",
              "bowler": "Azhar Mahmood",
              "non_striker": "CD Nash",
              "runs": {
                "batter": 4,
                "extras": 0,
                "total": 4
              }
            },
            {
              "batter": "Craig Cachopa",
              "bowler": "Azhar Mahmood",
              "non_striker": "CD Nash",
              "runs": {
                "batter": 1,
                "extras": 0,
                "total": 1
              }
            }
          ]
        },
        {
          "over": 11,
          "deliveries": [
            {
              "batter": "Craig Cachopa",
              "bowler": "SM Curran",
              "non_striker": "CD Nash",
              "runs": {
                "batter": 1,
                "extras": 0,
                "total": 1
              }
            },
            {
              "batter": "CD Nash",
              "bowler": "SM Curran",
              "non_striker": "Craig Cachopa",
              "runs": {
                "batter": 0,
                "extras": 0,
                "total": 0
              }
            },
            {
              "batter": "CD Nash",
              "bowler": "SM Curran",
              "non_striker": "Craig Cachopa",
              "runs": {
                "batter": 2,
                "extras": 0,
                "total": 2
              }
            },
            {
              "batter": "CD Nash",
              "bowler": "SM Curran",
              "non_striker": "Craig Cachopa",
              "runs": {
                "batter": 1,
                "extras": 0,
                "total": 1
              }
            },
            {
              "batter": "Craig Cachopa",
              "bowler": "SM Curran",
              "non_striker": "CD Nash",
              "runs": {
                "batter": 4,
                "extras": 0,
                "total": 4
              }
            },
            {
              "batter": "Craig Cachopa",
              "bowler": "SM Curran",
              "non_striker": "CD Nash",
              "runs": {
                "batter": 1,
                "extras": 0,
                "total": 1
              }
            }
          ]
        },
        {
          "over": 12,
          "deliveries": [
            {
              "batter": "Craig Cachopa",
              "bowler": "CH Morris",
              "non_striker": "CD Nash",
              "runs": {
                "batter": 1,
                "extras": 0,
                "total": 1
              }
            },
            {
              "batter": "CD Nash",
              "bowler": "CH Morris",
              "non_striker": "Craig Cachopa",
              "runs": {
                "batter": 1,
                "extras": 0,
                "total": 1
              }
            },
            {
              "batter": "Craig Cachopa",
              "bowler": "CH Morris",
              "non_striker": "CD Nash",
              "runs": {
                "batter": 0,
                "extras": 0,
                "total": 0
              }
            },
            {
              "batter": "Craig Cachopa",
              "bowler": "CH Morris",
              "non_striker": "CD Nash",
              "runs": {
                "batter": 0,
                "extras": 0,
                "total": 0
              }
            },
            {
              "batter": "Craig Cachopa",
              "bowler": "CH Morris",
              "non_striker": "CD Nash",
              "runs": {
                "batter": 1,
                "extras": 0,
                "total": 1
              }
            },
            {
              "batter": "CD Nash",
              "bowler": "CH Morris",
              "non_striker": "Craig Cachopa",
              "runs": {
                "batter": 0,
                "extras": 0,
                "total": 0
              },
              "wickets": [
                {
                  "kind": "bowled",
                  "player_out": "CD Nash"
                }
              ]
            }
          ]
        },
        {
          "over": 13,
          "deliveries": [
            {
              "batter": "Craig Cachopa",
              "bowler": "SM Curran",
              "non_striker": "MW Machan",
              "runs": {
                "batter": 4,
                "extras": 0,
                "total": 4
              }
            },
            {
              "batter": "Craig Cachopa",
              "bowler": "SM Curran",
              "non_striker": "MW Machan",
              "runs": {
                "batter": 1,
                "extras": 0,
                "total": 1
              }
            },
            {
              "batter": "MW Machan",
              "bowler": "SM Curran",
              "non_striker": "Craig Cachopa",
              "runs": {
                "batter": 1,
                "extras": 0,
                "total": 1
              }
            },
            {
              "batter": "Craig Cachopa",
              "bowler": "SM Curran",
              "non_striker": "MW Machan",
              "runs": {
                "batter": 4,
                "extras": 0,
                "total": 4
              }
            },
            {
              "batter": "Craig Cachopa",
              "bowler": "SM Curran",
              "non_striker": "MW Machan",
              "runs": {
                "batter": 0,
                "extras": 0,
                "total": 0
              }
            },
            {
              "batter": "Craig Cachopa",
              "bowler": "SM Curran",
              "non_striker": "MW Machan",
              "runs": {
                "batter": 1,
                "extras": 0,
                "total": 1
              }
            }
          ]
        },
        {
          "over": 14,
          "deliveries": [
            {
              "batter": "Craig Cachopa",
              "bowler": "CH Morris",
              "non_striker": "MW Machan",
              "runs": {
                "batter": 1,
                "extras": 0,
                "total": 1
              }
            },
            {
              "batter": "MW Machan",
              "bowler": "CH Morris",
              "non_striker": "Craig Cachopa",
              "runs": {
                "batter": 1,
                "extras": 0,
                "total": 1
              }
            },
            {
              "batter": "Craig Cachopa",
              "bowler": "CH Morris",
              "extras": {
                "wides": 1
              },
              "non_striker": "MW Machan",
              "runs": {
                "batter": 0,
                "extras": 1,
                "total": 1
              }
            },
            {
              "batter": "Craig Cachopa",
              "bowler": "CH Morris",
              "non_striker": "MW Machan",
              "runs": {
                "batter": 0,
                "extras": 0,
                "total": 0
              }
            },
            {
              "batter": "Craig Cachopa",
              "bowler": "CH Morris",
              "non_striker": "MW Machan",
              "runs": {
                "batter": 1,
                "extras": 0,
                "total": 1
              }
            },
            {
              "batter": "MW Machan",
              "bowler": "CH Morris",
              "non_striker": "Craig Cachopa",
              "runs": {
                "batter": 1,
                "extras": 0,
                "total": 1
              }
            },
            {
              "batter": "Craig Cachopa",
              "bowler": "CH Morris",
              "non_striker": "MW Machan",
              "runs": {
                "batter": 4,
                "extras": 0,
                "total": 4
              }
            }
          ]
        },
        {
          "over": 15,
          "deliveries": [
            {
              "batter": "MW Machan",
              "bowler": "Azhar Mahmood",
              "non_striker": "Craig Cachopa",
              "runs": {
                "batter": 4,
                "extras": 0,
                "total": 4
              }
            },
            {
              "batter": "MW Machan",
              "bowler": "Azhar Mahmood",
              "non_striker": "Craig Cachopa",
              "runs": {
                "batter": 1,
                "extras": 0,
                "total": 1
              }
            },
            {
              "batter": "Craig Cachopa",
              "bowler": "Azhar Mahmood",
              "non_striker": "MW Machan",
              "runs": {
                "batter": 1,
                "extras": 0,
                "total": 1
              }
            },
            {
              "batter": "MW Machan",
              "bowler": "Azhar Mahmood",
              "non_striker": "Craig Cachopa",
              "runs": {
                "batter": 2,
                "extras": 0,
                "total": 2
              }
            },
            {
              "batter": "MW Machan",
              "bowler": "Azhar Mahmood",
              "non_striker": "Craig Cachopa",
              "runs": {
                "batter": 1,
                "extras": 0,
                "total": 1
              }
            },
            {
              "batter": "Craig Cachopa",
              "bowler": "Azhar Mahmood",
              "non_striker": "MW Machan",
              "runs": {
                "batter": 4,
                "extras": 0,
                "total": 4
              }
            }
          ]
        },
        {
          "over": 16,
          "deliveries": [
            {
              "batter": "MW Machan",
              "bowler": "JW Dernbach",
              "non_striker": "Craig Cachopa",
              "runs": {
                "batter": 4,
                "extras": 0,
                "total": 4
              }
            },
            {
              "batter": "MW Machan",
              "bowler": "JW Dernbach",
              "non_striker": "Craig Cachopa",
              "runs": {
                "batter": 1,
                "extras": 0,
                "total": 1
              }
            },
            {
              "batter": "Craig Cachopa",
              "bowler": "JW Dernbach",
              "non_striker": "MW Machan",
              "runs": {
                "batter": 1,
                "extras": 0,
                "total": 1
              }
            },
            {
              "batter": "MW Machan",
              "bowler": "JW Dernbach",
              "non_striker": "Craig Cachopa",
              "runs": {
                "batter": 1,
                "extras": 0,
                "total": 1
              }
            },
            {
              "batter": "Craig Cachopa",
              "bowler": "JW Dernbach",
              "non_striker": "MW Machan",
              "runs": {
                "batter": 4,
                "extras": 0,
                "total": 4
              }
            },
            {
              "batter": "Craig Cachopa",
              "bowler": "JW Dernbach",
              "non_striker": "MW Machan",
              "runs": {
                "batter": 1,
                "extras": 0,
                "total": 1
              }
            }
          ]
        },
        {
          "over": 17,
          "deliveries": [
            {
              "batter": "Craig Cachopa",
              "bowler": "TK Curran",
              "non_striker": "MW Machan",
              "runs": {
                "batter": 1,
                "extras": 0,
                "total": 1
              }
            },
            {
              "batter": "MW Machan",
              "bowler": "TK Curran",
              "non_striker": "Craig Cachopa",
              "runs": {
                "batter": 1,
                "extras": 0,
                "total": 1
              }
            },
            {
              "batter": "Craig Cachopa",
              "bowler": "TK Curran",
              "non_striker": "MW Machan",
              "runs": {
                "batter": 1,
                "extras": 0,
                "total": 1
              }
            },
            {
              "batter": "MW Machan",
              "bowler": "TK Curran",
              "non_striker": "Craig Cachopa",
              "runs": {
                "batter": 2,
                "extras": 0,
                "total": 2
              }
            },
            {
              "batter": "MW Machan",
              "bowler": "TK Curran",
              "non_striker": "Craig Cachopa",
              "runs": {
                "batter": 0,
                "extras": 0,
                "total": 0
              }
            },
            {
              "batter": "MW Machan",
              "bowler": "TK Curran",
              "non_striker": "Craig Cachopa",
              "runs": {
                "batter": 1,
                "extras": 0,
                "total": 1
              }
            }
          ]
        },
        {
          "over": 18,
          "deliveries": [
            {
              "batter": "MW Machan",
              "bowler": "JW Dernbach",
              "non_striker": "Craig Cachopa",
              "runs": {
                "batter": 0,
                "extras": 0,
                "total": 0
              },
              "wickets": [
                {
                  "kind": "caught",
                  "player_out": "MW Machan",
                  "fielders": [
                    {
                      "name": "JJ Roy"
                    }
                  ]
                }
              ]
            },
            {
              "batter": "Craig Cachopa",
              "bowler": "JW Dernbach",
              "non_striker": "CJ Jordan",
              "runs": {
                "batter": 0,
                "extras": 0,
                "total": 0
              },
              "wickets": [
                {
                  "kind": "caught",
                  "player_out": "Craig Cachopa",
                  "fielders": [
                    {
                      "name": "RJ Burns"
                    }
                  ]
                }
              ]
            },
            {
              "batter": "CJ Jordan",
              "bowler": "JW Dernbach",
              "non_striker": "JC Archer",
              "runs": {
                "batter": 1,
                "extras": 0,
                "total": 1
              }
            },
            {
              "batter": "JC Archer",
              "bowler": "JW Dernbach",
              "non_striker": "CJ Jordan",
              "runs": {
                "batter": 1,
                "extras": 0,
                "total": 1
              }
            },
            {
              "batter": "CJ Jordan",
              "bowler": "JW Dernbach",
              "non_striker": "JC Archer",
              "runs": {
                "batter": 1,
                "extras": 0,
                "total": 1
              }
            },
            {
              "batter": "JC Archer",
              "bowler": "JW Dernbach",
              "non_striker": "CJ Jordan",
              "runs": {
                "batter": 1,
                "extras": 0,
                "total": 1
              }
            }
          ]
        },
        {
          "over": 19,
          "deliveries": [
            {
              "batter": "JC Archer",
              "bowler": "TK Curran",
              "non_striker": "CJ Jordan",
              "runs": {
                "batter": 4,
                "extras": 0,
                "total": 4
              }
            },
            {
              "batter": "JC Archer",
              "bowler": "TK Curran",
              "non_striker": "CJ Jordan",
              "runs": {
                "batter": 1,
                "extras": 0,
                "total": 1
              }
            },
            {
              "batter": "CJ Jordan",
              "bowler": "TK Curran",
              "non_striker": "JC Archer",
              "runs": {
                "batter": 0,
                "extras": 0,
                "total": 0
              },
              "wickets": [
                {
                  "kind": "caught",
                  "player_out": "CJ Jordan",
                  "fielders": [
                    {
                      "name": "SM Curran"
                    }
                  ]
                }
              ]
            },
            {
              "batter": "JC Archer",
              "bowler": "TK Curran",
              "non_striker": "HZ Finch",
              "runs": {
                "batter": 1,
                "extras": 0,
                "total": 1
              }
            },
            {
              "batter": "HZ Finch",
              "bowler": "TK Curran",
              "extras": {
                "legbyes": 1
              },
              "non_striker": "JC Archer",
              "runs": {
                "batter": 0,
                "extras": 1,
                "total": 1
              }
            },
            {
              "batter": "JC Archer",
              "bowler": "TK Curran",
              "non_striker": "HZ Finch",
              "runs": {
                "batter": 1,
                "extras": 0,
                "total": 1
              }
            }
          ]
        }
      ],
      "powerplays": [
        {
          "from": 0.1,
          "to": 5.6,
          "type": "mandatory"
        }
      ]
    },
    {
      "team": "Surrey",
      "overs": [
        {
          "over": 0,
          "deliveries": [
            {
              "batter": "JJ Roy",
              "bowler": "JC Archer",
              "non_striker": "AJ Finch",
              "runs": {
                "batter": 4,
                "extras": 0,
                "total": 4
              }
            },
            {
              "batter": "JJ Roy",
              "bowler": "JC Archer",
              "non_striker": "AJ Finch",
              "runs": {
                "batter": 4,
                "extras": 0,
                "total": 4
              }
            },
            {
              "batter": "JJ Roy",
              "bowler": "JC Archer",
              "non_striker": "AJ Finch",
              "runs": {
                "batter": 4,
                "extras": 0,
                "total": 4
              }
            },
            {
              "batter": "JJ Roy",
              "bowler": "JC Archer",
              "non_striker": "AJ Finch",
              "runs": {
                "batter": 0,
                "extras": 0,
                "total": 0
              }
            },
            {
              "batter": "JJ Roy",
              "bowler": "JC Archer",
              "non_striker": "AJ Finch",
              "runs": {
                "batter": 0,
                "extras": 0,
                "total": 0
              }
            },
            {
              "batter": "JJ Roy",
              "bowler": "JC Archer",
              "non_striker": "AJ Finch",
              "runs": {
                "batter": 0,
                "extras": 0,
                "total": 0
              }
            }
          ]
        },
        {
          "over": 1,
          "deliveries": [
            {
              "batter": "AJ Finch",
              "bowler": "CJ Jordan",
              "extras": {
                "wides": 1
              },
              "non_striker": "JJ Roy",
              "runs": {
                "batter": 0,
                "extras": 1,
                "total": 1
              }
            },
            {
              "batter": "AJ Finch",
              "bowler": "CJ Jordan",
              "non_striker": "JJ Roy",
              "runs": {
                "batter": 2,
                "extras": 0,
                "total": 2
              }
            },
            {
              "batter": "AJ Finch",
              "bowler": "CJ Jordan",
              "non_striker": "JJ Roy",
              "runs": {
                "batter": 0,
                "extras": 0,
                "total": 0
              }
            },
            {
              "batter": "AJ Finch",
              "bowler": "CJ Jordan",
              "non_striker": "JJ Roy",
              "runs": {
                "batter": 4,
                "extras": 0,
                "total": 4
              }
            },
            {
              "batter": "AJ Finch",
              "bowler": "CJ Jordan",
              "non_striker": "JJ Roy",
              "runs": {
                "batter": 0,
                "extras": 0,
                "total": 0
              }
            },
            {
              "batter": "AJ Finch",
              "bowler": "CJ Jordan",
              "non_striker": "JJ Roy",
              "runs": {
                "batter": 1,
                "extras": 0,
                "total": 1
              }
            },
            {
              "batter": "JJ Roy",
              "bowler": "CJ Jordan",
              "non_striker": "AJ Finch",
              "runs": {
                "batter": 0,
                "extras": 0,
                "total": 0
              }
            }
          ]
        },
        {
          "over": 2,
          "deliveries": [
            {
              "batter": "AJ Finch",
              "bowler": "JC Archer",
              "non_striker": "JJ Roy",
              "runs": {
                "batter": 0,
                "extras": 0,
                "total": 0
              }
            },
            {
              "batter": "AJ Finch",
              "bowler": "JC Archer",
              "non_striker": "JJ Roy",
              "runs": {
                "batter": 4,
                "extras": 0,
                "total": 4
              }
            },
            {
              "batter": "AJ Finch",
              "bowler": "JC Archer",
              "extras": {
                "noballs": 2
              },
              "non_striker": "JJ Roy",
              "runs": {
                "batter": 0,
                "extras": 2,
                "total": 2
              }
            },
            {
              "batter": "AJ Finch",
              "bowler": "JC Archer",
              "non_striker": "JJ Roy",
              "runs": {
                "batter": 2,
                "extras": 0,
                "total": 2
              }
            },
            {
              "batter": "AJ Finch",
              "bowler": "JC Archer",
              "non_striker": "JJ Roy",
              "runs": {
                "batter": 0,
                "extras": 0,
                "total": 0
              },
              "wickets": [
                {
                  "kind": "caught",
                  "player_out": "AJ Finch",
                  "fielders": [
                    {
                      "name": "WAT Beer"
                    }
                  ]
                }
              ]
            },
            {
              "batter": "JJ Roy",
              "bowler": "JC Archer",
              "non_striker": "DP Sibley",
              "runs": {
                "batter": 0,
                "extras": 0,
                "total": 0
              }
            },
            {
              "batter": "JJ Roy",
              "bowler": "JC Archer",
              "non_striker": "DP Sibley",
              "runs": {
                "batter": 1,
                "extras": 0,
                "total": 1
              }
            }
          ]
        },
        {
          "over": 3,
          "deliveries": [
            {
              "batter": "JJ Roy",
              "bowler": "Mustafizur Rahman",
              "non_striker": "DP Sibley",
              "runs": {
                "batter": 1,
                "extras": 0,
                "total": 1
              }
            },
            {
              "batter": "DP Sibley",
              "bowler": "Mustafizur Rahman",
              "non_striker": "JJ Roy",
              "runs": {
                "batter": 0,
                "extras": 0,
                "total": 0
              }
            },
            {
              "batter": "DP Sibley",
              "bowler": "Mustafizur Rahman",
              "non_striker": "JJ Roy",
              "runs": {
                "batter": 1,
                "extras": 0,
                "total": 1
              }
            },
            {
              "batter": "JJ Roy",
              "bowler": "Mustafizur Rahman",
              "non_striker": "DP Sibley",
              "runs": {
                "batter": 0,
                "extras": 0,
                "total": 0
              }
            },
            {
              "batter": "JJ Roy",
              "bowler": "Mustafizur Rahman",
              "non_striker": "DP Sibley",
              "runs": {
                "batter": 4,
                "extras": 0,
                "total": 4
              }
            },
            {
              "batter": "JJ Roy",
              "bowler": "Mustafizur Rahman",
              "non_striker": "DP Sibley",
              "runs": {
                "batter": 4,
                "extras": 0,
                "total": 4
              }
            }
          ]
        },
        {
          "over": 4,
          "deliveries": [
            {
              "batter": "DP Sibley",
              "bowler": "JC Archer",
              "extras": {
                "legbyes": 1
              },
              "non_striker": "JJ Roy",
              "runs": {
                "batter": 0,
                "extras": 1,
                "total": 1
              }
            },
            {
              "batter": "JJ Roy",
              "bowler": "JC Archer",
              "non_striker": "DP Sibley",
              "runs": {
                "batter": 6,
                "extras": 0,
                "total": 6
              }
            },
            {
              "batter": "JJ Roy",
              "bowler": "JC Archer",
              "non_striker": "DP Sibley",
              "runs": {
                "batter": 1,
                "extras": 0,
                "total": 1
              }
            },
            {
              "batter": "DP Sibley",
              "bowler": "JC Archer",
              "non_striker": "JJ Roy",
              "runs": {
                "batter": 0,
                "extras": 0,
                "total": 0
              }
            },
            {
              "batter": "DP Sibley",
              "bowler": "JC Archer",
              "non_striker": "JJ Roy",
              "runs": {
                "batter": 1,
                "extras": 0,
                "total": 1
              }
            },
            {
              "batter": "JJ Roy",
              "bowler": "JC Archer",
              "non_striker": "DP Sibley",
              "runs": {
                "batter": 4,
                "extras": 0,
                "total": 4
              }
            }
          ]
        },
        {
          "over": 5,
          "deliveries": [
            {
              "batter": "DP Sibley",
              "bowler": "DR Briggs",
              "non_striker": "JJ Roy",
              "runs": {
                "batter": 4,
                "extras": 0,
                "total": 4
              }
            },
            {
              "batter": "DP Sibley",
              "bowler": "DR Briggs",
              "non_striker": "JJ Roy",
              "runs": {
                "batter": 1,
                "extras": 0,
                "total": 1
              }
            },
            {
              "batter": "JJ Roy",
              "bowler": "DR Briggs",
              "non_striker": "DP Sibley",
              "runs": {
                "batter": 0,
                "extras": 0,
                "total": 0
              }
            },
            {
              "batter": "JJ Roy",
              "bowler": "DR Briggs",
              "non_striker": "DP Sibley",
              "runs": {
                "batter": 0,
                "extras": 0,
                "total": 0
              }
            },
            {
              "batter": "JJ Roy",
              "bowler": "DR Briggs",
              "non_striker": "DP Sibley",
              "runs": {
                "batter": 2,
                "extras": 0,
                "total": 2
              }
            },
            {
              "batter": "JJ Roy",
              "bowler": "DR Briggs",
              "non_striker": "DP Sibley",
              "runs": {
                "batter": 0,
                "extras": 0,
                "total": 0
              }
            }
          ]
        },
        {
          "over": 6,
          "deliveries": [
            {
              "batter": "DP Sibley",
              "bowler": "WAT Beer",
              "non_striker": "JJ Roy",
              "runs": {
                "batter": 1,
                "extras": 0,
                "total": 1
              }
            },
            {
              "batter": "JJ Roy",
              "bowler": "WAT Beer",
              "non_striker": "DP Sibley",
              "runs": {
                "batter": 0,
                "extras": 0,
                "total": 0
              }
            },
            {
              "batter": "JJ Roy",
              "bowler": "WAT Beer",
              "non_striker": "DP Sibley",
              "runs": {
                "batter": 1,
                "extras": 0,
                "total": 1
              }
            },
            {
              "batter": "DP Sibley",
              "bowler": "WAT Beer",
              "non_striker": "JJ Roy",
              "runs": {
                "batter": 1,
                "extras": 0,
                "total": 1
              }
            },
            {
              "batter": "JJ Roy",
              "bowler": "WAT Beer",
              "non_striker": "DP Sibley",
              "runs": {
                "batter": 0,
                "extras": 0,
                "total": 0
              }
            },
            {
              "batter": "JJ Roy",
              "bowler": "WAT Beer",
              "non_striker": "DP Sibley",
              "runs": {
                "batter": 0,
                "extras": 0,
                "total": 0
              }
            }
          ]
        },
        {
          "over": 7,
          "deliveries": [
            {
              "batter": "DP Sibley",
              "bowler": "DR Briggs",
              "non_striker": "JJ Roy",
              "runs": {
                "batter": 0,
                "extras": 0,
                "total": 0
              }
            },
            {
              "batter": "DP Sibley",
              "bowler": "DR Briggs",
              "non_striker": "JJ Roy",
              "runs": {
                "batter": 1,
                "extras": 0,
                "total": 1
              }
            },
            {
              "batter": "JJ Roy",
              "bowler": "DR Briggs",
              "non_striker": "DP Sibley",
              "runs": {
                "batter": 0,
                "extras": 0,
                "total": 0
              },
              "wickets": [
                {
                  "kind": "bowled",
                  "player_out": "JJ Roy"
                }
              ]
            },
            {
              "batter": "RJ Burns",
              "bowler": "DR Briggs",
              "non_striker": "DP Sibley",
              "runs": {
                "batter": 1,
                "extras": 0,
                "total": 1
              }
            },
            {
              "batter": "DP Sibley",
              "bowler": "DR Briggs",
              "non_striker": "RJ Burns",
              "runs": {
                "batter": 2,
                "extras": 0,
                "total": 2
              }
            },
            {
              "batter": "DP Sibley",
              "bowler": "DR Briggs",
              "non_striker": "RJ Burns",
              "runs": {
                "batter": 0,
                "extras": 0,
                "total": 0
              }
            }
          ]
        },
        {
          "over": 8,
          "deliveries": [
            {
              "batter": "RJ Burns",
              "bowler": "WAT Beer",
              "non_striker": "DP Sibley",
              "runs": {
                "batter": 2,
                "extras": 0,
                "total": 2
              }
            },
            {
              "batter": "RJ Burns",
              "bowler": "WAT Beer",
              "non_striker": "DP Sibley",
              "runs": {
                "batter": 0,
                "extras": 0,
                "total": 0
              }
            },
            {
              "batter": "RJ Burns",
              "bowler": "WAT Beer",
              "non_striker": "DP Sibley",
              "runs": {
                "batter": 1,
                "extras": 0,
                "total": 1
              }
            },
            {
              "batter": "DP Sibley",
              "bowler": "WAT Beer",
              "non_striker": "RJ Burns",
              "runs": {
                "batter": 0,
                "extras": 0,
                "total": 0
              }
            },
            {
              "batter": "DP Sibley",
              "bowler": "WAT Beer",
              "non_striker": "RJ Burns",
              "runs": {
                "batter": 6,
                "extras": 0,
                "total": 6
              }
            },
            {
              "batter": "DP Sibley",
              "bowler": "WAT Beer",
              "non_striker": "RJ Burns",
              "runs": {
                "batter": 1,
                "extras": 0,
                "total": 1
              }
            }
          ]
        },
        {
          "over": 9,
          "deliveries": [
            {
              "batter": "DP Sibley",
              "bowler": "CD Nash",
              "non_striker": "RJ Burns",
              "runs": {
                "batter": 1,
                "extras": 0,
                "total": 1
              }
            },
            {
              "batter": "RJ Burns",
              "bowler": "CD Nash",
              "non_striker": "DP Sibley",
              "runs": {
                "batter": 0,
                "extras": 0,
                "total": 0
              }
            },
            {
              "batter": "RJ Burns",
              "bowler": "CD Nash",
              "non_striker": "DP Sibley",
              "runs": {
                "batter": 4,
                "extras": 0,
                "total": 4
              }
            },
            {
              "batter": "RJ Burns",
              "bowler": "CD Nash",
              "non_striker": "DP Sibley",
              "runs": {
                "batter": 1,
                "extras": 0,
                "total": 1
              }
            },
            {
              "batter": "DP Sibley",
              "bowler": "CD Nash",
              "non_striker": "RJ Burns",
              "runs": {
                "batter": 4,
                "extras": 0,
                "total": 4
              }
            },
            {
              "batter": "DP Sibley",
              "bowler": "CD Nash",
              "non_striker": "RJ Burns",
              "runs": {
                "batter": 1,
                "extras": 0,
                "total": 1
              }
            }
          ]
        },
        {
          "over": 10,
          "deliveries": [
            {
              "batter": "DP Sibley",
              "bowler": "DR Briggs",
              "non_striker": "RJ Burns",
              "runs": {
                "batter": 2,
                "extras": 0,
                "total": 2
              }
            },
            {
              "batter": "DP Sibley",
              "bowler": "DR Briggs",
              "non_striker": "RJ Burns",
              "runs": {
                "batter": 1,
                "extras": 0,
                "total": 1
              }
            },
            {
              "batter": "RJ Burns",
              "bowler": "DR Briggs",
              "non_striker": "DP Sibley",
              "runs": {
                "batter": 1,
                "extras": 0,
                "total": 1
              }
            },
            {
              "batter": "DP Sibley",
              "bowler": "DR Briggs",
              "non_striker": "RJ Burns",
              "runs": {
                "batter": 1,
                "extras": 0,
                "total": 1
              }
            },
            {
              "batter": "RJ Burns",
              "bowler": "DR Briggs",
              "non_striker": "DP Sibley",
              "runs": {
                "batter": 1,
                "extras": 0,
                "total": 1
              }
            },
            {
              "batter": "DP Sibley",
              "bowler": "DR Briggs",
              "non_striker": "RJ Burns",
              "runs": {
                "batter": 1,
                "extras": 0,
                "total": 1
              }
            }
          ]
        },
        {
          "over": 11,
          "deliveries": [
            {
              "batter": "DP Sibley",
              "bowler": "CJ Jordan",
              "non_striker": "RJ Burns",
              "runs": {
                "batter": 4,
                "extras": 0,
                "total": 4
              }
            },
            {
              "batter": "DP Sibley",
              "bowler": "CJ Jordan",
              "non_striker": "RJ Burns",
              "runs": {
                "batter": 1,
                "extras": 0,
                "total": 1
              }
            },
            {
              "batter": "RJ Burns",
              "bowler": "CJ Jordan",
              "extras": {
                "legbyes": 4
              },
              "non_striker": "DP Sibley",
              "runs": {
                "batter": 0,
                "extras": 4,
                "total": 4
              }
            },
            {
              "batter": "RJ Burns",
              "bowler": "CJ Jordan",
              "non_striker": "DP Sibley",
              "runs": {
                "batter": 0,
                "extras": 0,
                "total": 0
              }
            },
            {
              "batter": "RJ Burns",
              "bowler": "CJ Jordan",
              "non_striker": "DP Sibley",
              "runs": {
                "batter": 2,
                "extras": 0,
                "total": 2
              }
            },
            {
              "batter": "RJ Burns",
              "bowler": "CJ Jordan",
              "non_striker": "DP Sibley",
              "runs": {
                "batter": 0,
                "extras": 0,
                "total": 0
              },
              "wickets": [
                {
                  "kind": "caught",
                  "player_out": "RJ Burns",
                  "fielders": [
                    {
                      "name": "Mustafizur Rahman"
                    }
                  ]
                }
              ]
            }
          ]
        },
        {
          "over": 12,
          "deliveries": [
            {
              "batter": "BT Foakes",
              "bowler": "Mustafizur Rahman",
              "non_striker": "DP Sibley",
              "runs": {
                "batter": 1,
                "extras": 0,
                "total": 1
              }
            },
            {
              "batter": "DP Sibley",
              "bowler": "Mustafizur Rahman",
              "non_striker": "BT Foakes",
              "runs": {
                "batter": 1,
                "extras": 0,
                "total": 1
              }
            },
            {
              "batter": "BT Foakes",
              "bowler": "Mustafizur Rahman",
              "non_striker": "DP Sibley",
              "runs": {
                "batter": 0,
                "extras": 0,
                "total": 0
              }
            },
            {
              "batter": "BT Foakes",
              "bowler": "Mustafizur Rahman",
              "non_striker": "DP Sibley",
              "runs": {
                "batter": 1,
                "extras": 0,
                "total": 1
              }
            },
            {
              "batter": "DP Sibley",
              "bowler": "Mustafizur Rahman",
              "non_striker": "BT Foakes",
              "runs": {
                "batter": 1,
                "extras": 0,
                "total": 1
              }
            },
            {
              "batter": "BT Foakes",
              "bowler": "Mustafizur Rahman",
              "extras": {
                "legbyes": 1
              },
              "non_striker": "DP Sibley",
              "runs": {
                "batter": 0,
                "extras": 1,
                "total": 1
              }
            }
          ]
        },
        {
          "over": 13,
          "deliveries": [
            {
              "batter": "BT Foakes",
              "bowler": "WAT Beer",
              "non_striker": "DP Sibley",
              "runs": {
                "batter": 1,
                "extras": 0,
                "total": 1
              }
            },
            {
              "batter": "DP Sibley",
              "bowler": "WAT Beer",
              "non_striker": "BT Foakes",
              "runs": {
                "batter": 1,
                "extras": 0,
                "total": 1
              }
            },
            {
              "batter": "BT Foakes",
              "bowler": "WAT Beer",
              "extras": {
                "legbyes": 1
              },
              "non_striker": "DP Sibley",
              "runs": {
                "batter": 0,
                "extras": 1,
                "total": 1
              }
            },
            {
              "batter": "DP Sibley",
              "bowler": "WAT Beer",
              "non_striker": "BT Foakes",
              "runs": {
                "batter": 1,
                "extras": 0,
                "total": 1
              }
            },
            {
              "batter": "BT Foakes",
              "bowler": "WAT Beer",
              "non_striker": "DP Sibley",
              "runs": {
                "batter": 1,
                "extras": 0,
                "total": 1
              }
            },
            {
              "batter": "DP Sibley",
              "bowler": "WAT Beer",
              "non_striker": "BT Foakes",
              "runs": {
                "batter": 1,
                "extras": 0,
                "total": 1
              }
            }
          ]
        },
        {
          "over": 14,
          "deliveries": [
            {
              "batter": "DP Sibley",
              "bowler": "JC Archer",
              "non_striker": "BT Foakes",
              "runs": {
                "batter": 0,
                "extras": 0,
                "total": 0
              },
              "wickets": [
                {
                  "kind": "caught",
                  "player_out": "DP Sibley",
                  "fielders": [
                    {
                      "name": "LJ Wright"
                    }
                  ]
                }
              ]
            },
            {
              "batter": "CH Morris",
              "bowler": "JC Archer",
              "non_striker": "BT Foakes",
              "runs": {
                "batter": 0,
                "extras": 0,
                "total": 0
              }
            },
            {
              "batter": "CH Morris",
              "bowler": "JC Archer",
              "non_striker": "BT Foakes",
              "runs": {
                "batter": 1,
                "extras": 0,
                "total": 1
              }
            },
            {
              "batter": "BT Foakes",
              "bowler": "JC Archer",
              "non_striker": "CH Morris",
              "runs": {
                "batter": 4,
                "extras": 0,
                "total": 4
              }
            },
            {
              "batter": "BT Foakes",
              "bowler": "JC Archer",
              "non_striker": "CH Morris",
              "runs": {
                "batter": 1,
                "extras": 0,
                "total": 1
              }
            },
            {
              "batter": "CH Morris",
              "bowler": "JC Archer",
              "non_striker": "BT Foakes",
              "runs": {
                "batter": 0,
                "extras": 0,
                "total": 0
              }
            }
          ]
        },
        {
          "over": 15,
          "deliveries": [
            {
              "batter": "BT Foakes",
              "bowler": "WAT Beer",
              "non_striker": "CH Morris",
              "runs": {
                "batter": 1,
                "extras": 0,
                "total": 1
              }
            },
            {
              "batter": "CH Morris",
              "bowler": "WAT Beer",
              "non_striker": "BT Foakes",
              "runs": {
                "batter": 4,
                "extras": 0,
                "total": 4
              }
            },
            {
              "batter": "CH Morris",
              "bowler": "WAT Beer",
              "non_striker": "BT Foakes",
              "runs": {
                "batter": 1,
                "extras": 0,
                "total": 1
              }
            },
            {
              "batter": "BT Foakes",
              "bowler": "WAT Beer",
              "non_striker": "CH Morris",
              "runs": {
                "batter": 4,
                "extras": 0,
                "total": 4
              }
            },
            {
              "batter": "BT Foakes",
              "bowler": "WAT Beer",
              "non_striker": "CH Morris",
              "runs": {
                "batter": 1,
                "extras": 0,
                "total": 1
              }
            },
            {
              "batter": "CH Morris",
              "bowler": "WAT Beer",
              "non_striker": "BT Foakes",
              "runs": {
                "batter": 1,
                "extras": 0,
                "total": 1
              }
            }
          ]
        },
        {
          "over": 16,
          "deliveries": [
            {
              "batter": "CH Morris",
              "bowler": "Mustafizur Rahman",
              "non_striker": "BT Foakes",
              "runs": {
                "batter": 0,
                "extras": 0,
                "total": 0
              }
            },
            {
              "batter": "CH Morris",
              "bowler": "Mustafizur Rahman",
              "non_striker": "BT Foakes",
              "runs": {
                "batter": 1,
                "extras": 0,
                "total": 1
              }
            },
            {
              "batter": "BT Foakes",
              "bowler": "Mustafizur Rahman",
              "non_striker": "CH Morris",
              "runs": {
                "batter": 1,
                "extras": 0,
                "total": 1
              }
            },
            {
              "batter": "CH Morris",
              "bowler": "Mustafizur Rahman",
              "non_striker": "BT Foakes",
              "runs": {
                "batter": 1,
                "extras": 0,
                "total": 1
              }
            },
            {
              "batter": "BT Foakes",
              "bowler": "Mustafizur Rahman",
              "non_striker": "CH Morris",
              "runs": {
                "batter": 2,
                "extras": 0,
                "total": 2
              }
            },
            {
              "batter": "BT Foakes",
              "bowler": "Mustafizur Rahman",
              "non_striker": "CH Morris",
              "runs": {
                "batter": 4,
                "extras": 0,
                "total": 4
              }
            }
          ]
        },
        {
          "over": 17,
          "deliveries": [
            {
              "batter": "CH Morris",
              "bowler": "CJ Jordan",
              "non_striker": "BT Foakes",
              "runs": {
                "batter": 0,
                "extras": 0,
                "total": 0
              }
            },
            {
              "batter": "CH Morris",
              "bowler": "CJ Jordan",
              "non_striker": "BT Foakes",
              "runs": {
                "batter": 0,
                "extras": 0,
                "total": 0
              }
            },
            {
              "batter": "CH Morris",
              "bowler": "CJ Jordan",
              "non_striker": "BT Foakes",
              "runs": {
                "batter": 2,
                "extras": 0,
                "total": 2
              }
            },
            {
              "batter": "CH Morris",
              "bowler": "CJ Jordan",
              "non_striker": "BT Foakes",
              "runs": {
                "batter": 0,
                "extras": 0,
                "total": 0
              }
            },
            {
              "batter": "CH Morris",
              "bowler": "CJ Jordan",
              "non_striker": "BT Foakes",
              "runs": {
                "batter": 1,
                "extras": 0,
                "total": 1
              }
            },
            {
              "batter": "BT Foakes",
              "bowler": "CJ Jordan",
              "non_striker": "CH Morris",
              "runs": {
                "batter": 0,
                "extras": 0,
                "total": 0
              }
            }
          ]
        },
        {
          "over": 18,
          "deliveries": [
            {
              "batter": "CH Morris",
              "bowler": "Mustafizur Rahman",
              "non_striker": "BT Foakes",
              "runs": {
                "batter": 2,
                "extras": 0,
                "total": 2
              }
            },
            {
              "batter": "CH Morris",
              "bowler": "Mustafizur Rahman",
              "non_striker": "BT Foakes",
              "runs": {
                "batter": 6,
                "extras": 0,
                "total": 6
              }
            }
          ]
        }
      ],
      "powerplays": [
        {
          "from": 0.1,
          "to": 5.6,
          "type": "mandatory"
        }
      ],
      "target": {
        "overs": 20,
        "runs": 154
      }
    }
  ]
}