{
  "meta": {
    "data_version": "1.0.0",
    "created": "2017-05-06",
    "revision": 3
  },
  "info": {
    "balls_per_over": 6,
    "dates": [
      "2017-02-25"
    ],
    "event": {
      "match_number": 19,
      "name": "Pakistan Super League"
    },
    "gender": "male",
    "match_type": "T20",
    "officials": {
      "match_referees": [
        "RS Mahanama"
      ],
      "reserve_umpires": [
        "Rashid Riaz"
      ],
      "tv_umpires": [
        "Aleem Dar"
      ],
      "umpires": [
        "Ahmed Shahab",
        "Ahsan Raza"
      ]
    },
    "outcome": {
      "by": {
        "wickets": 2
      },
      "winner": "Peshawar Zalmi"
    },
    "overs": 20,
    "player_of_match": [
      "Mohammad Asghar"
    ],
    "players": {
      "Peshawar Zalmi": [
        "Tamim Iqbal",
        "Kamran Akmal",
        "MN Samuels",
        "Mohammad Hafeez",
        "Shakib Al Hasan",
        "Sohaib Maqsood",
        "DJG Sammy",
        "Shahid Afridi",
        "Wahab Riaz",
        "Hasan Ali",
        "Mohammad Asghar"
      ],
      "Quetta Gladiators": [
        "Asad Shafiq",
        "Ahmed Shehzad",
        "KP Pietersen",
        "RR Rossouw",
        "Mohammad Nawaz (3)",
        "Sarfraz Ahmed",
        "Mahmudullah",
        "Hassan Khan",
        "Zulfiqar Babar",
        "Umar Gul",
        "TS Mills"
      ]
    },
    "registry": {
      "people": {
        "Ahmed Shahab": "86a1918c",
        "Ahmed Shehzad": "f8fd6e3f",
        "Ahsan Raza": "e0e5b209",
        "Aleem Dar": "f02778d1",
        "Asad Shafiq": "50250426",
        "DJG Sammy": "c03c6200",
        "Hasan Ali": "2911de16",
        "Hassan Khan": "486065b3",
        "KP Pietersen": "39f01cdb",
        "Kamran Akmal": "ff077124",
        "MN Samuels": "f846de6a",
        "Mahmudullah": "bf1d7d3e",
        "Mohammad Asghar": "574665e2",
        "Mohammad Hafeez": "9ab63e7b",
        "Mohammad Nawaz (3)": "3086f7a4",
        "RR Rossouw": "cad00a4d",
        "RS Mahanama": "57910393",
        "Rashid Riaz": "fb82725e",
        "Sarfraz Ahmed": "2254ab79",
        "Shahid Afridi": "0dc00542",
        "Shakib Al Hasan": "7dc35884",
        "Sohaib Maqsood": "b98b5e1c",
        "TS Mills": "245c97cb",
        "Tamim Iqbal": "3b041a12",
        "Umar Amin": "3029e282",
        "Umar Gul": "16dfcc19",
        "Wahab Riaz": "b3118300",
        "Zulfiqar Babar": "3a0f6df2"
      }
    },
    "season": "2016/17",
    "team_type": "club",
    "teams": [
      "Peshawar Zalmi",
      "Quetta Gladiators"
    ],
    "toss": {
      "decision": "field",
      "winner": "Peshawar Zalmi"
    },
    "venue": "Dubai International Cricket Stadium"
  },
  "innings": [
    {
      "team": "Quetta Gladiators",
      "overs": [
        {
          "over": 0,
          "deliveries": [
            {
              "batter": "Asad Shafiq",
              "bowler": "Hasan Ali",
              "non_striker": "Ahmed Shehzad",
              "runs": {
                "batter": 2,
                "extras": 0,
                "total": 2
              }
            },
            {
              "batter": "Asad Shafiq",
              "bowler": "Hasan Ali",
              "non_striker": "Ahmed Shehzad",
              "runs": {
                "batter": 0,
                "extras": 0,
                "total": 0
              }
            },
            {
              "batter": "Asad Shafiq",
              "bowler": "Hasan Ali",
              "non_striker": "Ahmed Shehzad",
              "runs": {
                "batter": 0,
                "extras": 0,
                "total": 0
              }
            },
            {
              "batter": "Asad Shafiq",
              "bowler": "Hasan Ali",
              "non_striker": "Ahmed Shehzad",
              "runs": {
                "batter": 1,
                "extras": 0,
                "total": 1
              }
            },
            {
              "batter": "Ahmed Shehzad",
              "bowler": "Hasan Ali",
              "non_striker": "Asad Shafiq",
              "runs": {
                "batter": 0,
                "extras": 0,
                "total": 0
              }
            },
            {
              "batter": "Ahmed Shehzad",
              "bowler": "Hasan Ali",
              "non_striker": "Asad Shafiq",
              "runs": {
                "batter": 0,
                "extras": 0,
                "total": 0
              }
            }
          ]
        },
        {
          "over": 1,
          "deliveries": [
            {
              "batter": "Asad Shafiq",
              "bowler": "Mohammad Asghar",
              "non_striker": "Ahmed Shehzad",
              "runs": {
                "batter": 0,
                "extras": 0,
                "total": 0
              },
              "wickets": [
                {
                  "kind": "stumped",
                  "player_out": "Asad Shafiq",
                  "fielders": [
                    {
                      "name": "Kamran Akmal"
                    }
                  ]
                }
              ]
            },
            {
              "batter": "KP Pietersen",
              "bowler": "Mohammad Asghar",
              "non_striker": "Ahmed Shehzad",
              "runs": {
                "batter": 0,
                "extras": 0,
                "total": 0
              }
            },
            {
              "batter": "KP Pietersen",
              "bowler": "Mohammad Asghar",
              "non_striker": "Ahmed Shehzad",
              "runs": {
                "batter": 1,
                "extras": 0,
                "total": 1
              }
            },
            {
              "batter": "Ahmed Shehzad",
              "bowler": "Mohammad Asghar",
              "non_striker": "KP Pietersen",
              "runs": {
                "batter": 0,
                "extras": 0,
                "total": 0
              }
            },
            {
              "batter": "Ahmed Shehzad",
              "bowler": "Mohammad Asghar",
              "non_striker": "KP Pietersen",
              "runs": {
                "batter": 0,
                "extras": 0,
                "total": 0
              },
              "wickets": [
                {
                  "kind": "caught",
                  "player_out": "Ahmed Shehzad",
                  "fielders": [
                    {
                      "name": "Sohaib Maqsood"
                    }
                  ]
                }
              ]
            },
            {
              "batter": "KP Pietersen",
              "bowler": "Mohammad Asghar",
              "non_striker": "RR Rossouw",
              "runs": {
                "batter": 1,
                "extras": 0,
                "total": 1
              }
            }
          ]
        },
        {
          "over": 2,
          "deliveries": [
            {
              "batter": "KP Pietersen",
              "bowler": "Shakib Al Hasan",
              "non_striker": "RR Rossouw",
              "runs": {
                "batter": 0,
                "extras": 0,
                "total": 0
              }
            },
            {
              "batter": "KP Pietersen",
              "bowler": "Shakib Al Hasan",
              "extras": {
                "legbyes": 1
              },
              "non_striker": "RR Rossouw",
              "runs": {
                "batter": 0,
                "extras": 1,
                "total": 1
              }
            },
            {
              "batter": "RR Rossouw",
              "bowler": "Shakib Al Hasan",
              "non_striker": "KP Pietersen",
              "runs": {
                "batter": 0,
                "extras": 0,
                "total": 0
              }
            },
            {
              "batter": "RR Rossouw",
              "bowler": "Shakib Al Hasan",
              "non_striker": "KP Pietersen",
              "runs": {
                "batter": 0,
                "extras": 0,
                "total": 0
              }
            },
            {
              "batter": "RR Rossouw",
              "bowler": "Shakib Al Hasan",
              "non_striker": "KP Pietersen",
              "runs": {
                "batter": 0,
                "extras": 0,
                "total": 0
              }
            },
            {
              "batter": "RR Rossouw",
              "bowler": "Shakib Al Hasan",
              "non_striker": "KP Pietersen",
              "runs": {
                "batter": 0,
                "extras": 0,
                "total": 0
              }
            }
          ]
        },
        {
          "over": 3,
          "deliveries": [
            {
              "batter": "KP Pietersen",
              "bowler": "Mohammad Asghar",
              "non_striker": "RR Rossouw",
              "runs": {
                "batter": 4,
                "extras": 0,
                "total": 4
              }
            },
            {
              "batter": "KP Pietersen",
              "bowler": "Mohammad Asghar",
              "non_striker": "RR Rossouw",
              "runs": {
                "batter": 2,
                "extras": 0,
                "total": 2
              }
            },
            {
              "batter": "KP Pietersen",
              "bowler": "Mohammad Asghar",
              "non_striker": "RR Rossouw",
              "runs": {
                "batter": 0,
                "extras": 0,
                "total": 0
              }
            },
            {
              "batter": "KP Pietersen",
              "bowler": "Mohammad Asghar",
              "non_striker": "RR Rossouw",
              "runs": {
                "batter": 0,
                "extras": 0,
                "total": 0
              }
            },
            {
              "batter": "KP Pietersen",
              "bowler": "Mohammad Asghar",
              "non_striker": "RR Rossouw",
              "runs": {
                "batter": 0,
                "extras": 0,
                "total": 0
              }
            },
            {
              "batter": "KP Pietersen",
              "bowler": "Mohammad Asghar",
              "non_striker": "RR Rossouw",
              "runs": {
                "batter": 3,
                "extras": 0,
                "total": 3
              }
            }
          ]
        },
        {
          "over": 4,
          "deliveries": [
            {
              "batter": "KP Pietersen",
              "bowler": "Shakib Al Hasan",
              "non_striker": "RR Rossouw",
              "runs": {
                "batter": 0,
                "extras": 0,
                "total": 0
              }
            },
            {
              "batter": "KP Pietersen",
              "bowler": "Shakib Al Hasan",
              "non_striker": "RR Rossouw",
              "runs": {
                "batter": 0,
                "extras": 0,
                "total": 0
              }
            },
            {
              "batter": "KP Pietersen",
              "bowler": "Shakib Al Hasan",
              "non_striker": "RR Rossouw",
              "runs": {
                "batter": 2,
                "extras": 0,
                "total": 2
              }
            },
            {
              "batter": "KP Pietersen",
              "bowler": "Shakib Al Hasan",
              "non_striker": "RR Rossouw",
              "runs": {
                "batter": 4,
                "extras": 0,
                "total": 4
              }
            },
            {
              "batter": "KP Pietersen",
              "bowler": "Shakib Al Hasan",
              "non_striker": "RR Rossouw",
              "runs": {
                "batter": 1,
                "extras": 0,
                "total": 1
              }
            },
            {
              "batter": "RR Rossouw",
              "bowler": "Shakib Al Hasan",
              "non_striker": "KP Pietersen",
              "runs": {
                "batter": 1,
                "extras": 0,
                "total": 1
              }
            }
          ]
        },
        {
          "over": 5,
          "deliveries": [
            {
              "batter": "RR Rossouw",
              "bowler": "Wahab Riaz",
              "extras": {
                "legbyes": 1
              },
              "non_striker": "KP Pietersen",
              "runs": {
                "batter": 0,
                "extras": 1,
                "total": 1
              }
            },
            {
              "batter": "KP Pietersen",
              "bowler": "Wahab Riaz",
              "non_striker": "RR Rossouw",
              "runs": {
                "batter": 0,
                "extras": 0,
                "total": 0
              }
            },
            {
              "batter": "KP Pietersen",
              "bowler": "Wahab Riaz",
              "non_striker": "RR Rossouw",
              "runs": {
                "batter": 0,
                "extras": 0,
                "total": 0
              }
            },
            {
              "batter": "KP Pietersen",
              "bowler": "Wahab Riaz",
              "non_striker": "RR Rossouw",
              "runs": {
                "batter": 0,
                "extras": 0,
                "total": 0
              }
            },
            {
              "batter": "KP Pietersen",
              "bowler": "Wahab Riaz",
              "non_striker": "RR Rossouw",
              "runs": {
                "batter": 2,
                "extras": 0,
                "total": 2
              }
            },
            {
              "batter": "KP Pietersen",
              "bowler": "Wahab Riaz",
              "non_striker": "RR Rossouw",
              "runs": {
                "batter": 2,
                "extras": 0,
                "total": 2
              }
            }
          ]
        },
        {
          "over": 6,
          "deliveries": [
            {
              "batter": "RR Rossouw",
              "bowler": "Hasan Ali",
              "non_striker": "KP Pietersen",
              "runs": {
                "batter": 0,
                "extras": 0,
                "total": 0
              }
            },
            {
              "batter": "RR Rossouw",
              "bowler": "Hasan Ali",
              "non_striker": "KP Pietersen",
              "runs": {
                "batter": 4,
                "extras": 0,
                "total": 4
              }
            },
            {
              "batter": "RR Rossouw",
              "bowler": "Hasan Ali",
              "non_striker": "KP Pietersen",
              "runs": {
                "batter": 4,
                "extras": 0,
                "total": 4
              }
            },
            {
              "batter": "RR Rossouw",
              "bowler": "Hasan Ali",
              "non_striker": "KP Pietersen",
              "runs": {
                "batter": 0,
                "extras": 0,
                "total": 0
              }
            },
            {
              "batter": "RR Rossouw",
              "bowler": "Hasan Ali",
              "non_striker": "KP Pietersen",
              "runs": {
                "batter": 1,
                "extras": 0,
                "total": 1
              }
            },
            {
              "batter": "KP Pietersen",
              "bowler": "Hasan Ali",
              "non_striker": "RR Rossouw",
              "runs": {
                "batter": 2,
                "extras": 0,
                "total": 2
              }
            }
          ]
        },
        {
          "over": 7,
          "deliveries": [
            {
              "batter": "RR Rossouw",
              "bowler": "Shahid Afridi",
              "non_striker": "KP Pietersen",
              "runs": {
                "batter": 0,
                "extras": 0,
                "total": 0
              }
            },
            {
              "batter": "RR Rossouw",
              "bowler": "Shahid Afridi",
              "non_striker": "KP Pietersen",
              "runs": {
                "batter": 0,
                "extras": 0,
                "total": 0
              }
            },
            {
              "batter": "RR Rossouw",
              "bowler": "Shahid Afridi",
              "non_striker": "KP Pietersen",
              "runs": {
                "batter": 0,
                "extras": 0,
                "total": 0
              }
            },
            {
              "batter": "RR Rossouw",
              "bowler": "Shahid Afridi",
              "non_striker": "KP Pietersen",
              "runs": {
                "batter": 0,
                "extras": 0,
                "total": 0
              }
            },
            {
              "batter": "RR Rossouw",
              "bowler": "Shahid Afridi",
              "non_striker": "KP Pietersen",
              "runs": {
                "batter": 0,
                "extras": 0,
                "total": 0
              }
            },
            {
              "batter": "RR Rossouw",
              "bowler": "Shahid Afridi",
              "non_striker": "KP Pietersen",
              "runs": {
                "batter": 0,
                "extras": 0,
                "total": 0
              }
            }
          ]
        },
        {
          "over": 8,
          "deliveries": [
            {
              "batter": "KP Pietersen",
              "bowler": "Shakib Al Hasan",
              "non_striker": "RR Rossouw",
              "runs": {
                "batter": 4,
                "extras": 0,
                "total": 4
              }
            },
            {
              "batter": "KP Pietersen",
              "bowler": "Shakib Al Hasan",
              "non_striker": "RR Rossouw",
              "runs": {
                "batter": 1,
                "extras": 0,
                "total": 1
              }
            },
            {
              "batter": "RR Rossouw",
              "bowler": "Shakib Al Hasan",
              "non_striker": "KP Pietersen",
              "runs": {
                "batter": 1,
                "extras": 0,
                "total": 1
              }
            },
            {
              "batter": "KP Pietersen",
              "bowler": "Shakib Al Hasan",
              "non_striker": "RR Rossouw",
              "runs": {
                "batter": 0,
                "extras": 0,
                "total": 0
              }
            },
            {
              "batter": "KP Pietersen",
              "bowler": "Shakib Al Hasan",
              "non_striker": "RR Rossouw",
              "runs": {
                "batter": 0,
                "extras": 0,
                "total": 0
              }
            },
            {
              "batter": "KP Pietersen",
              "bowler": "Shakib Al Hasan",
              "non_striker": "RR Rossouw",
              "runs": {
                "batter": 1,
                "extras": 0,
                "total": 1
              }
            }
          ]
        },
        {
          "over": 9,
          "deliveries": [
            {
              "batter": "KP Pietersen",
              "bowler": "Shahid Afridi",
              "non_striker": "RR Rossouw",
              "runs": {
                "batter": 1,
                "extras": 0,
                "total": 1
              }
            },
            {
              "batter": "RR Rossouw",
              "bowler": "Shahid Afridi",
              "non_striker": "KP Pietersen",
              "runs": {
                "batter": 6,
                "extras": 0,
                "total": 6
              }
            },
            {
              "batter": "RR Rossouw",
              "bowler": "Shahid Afridi",
              "non_striker": "KP Pietersen",
              "runs": {
                "batter": 0,
                "extras": 0,
                "total": 0
              }
            },
            {
              "batter": "RR Rossouw",
              "bowler": "Shahid Afridi",
              "non_striker": "KP Pietersen",
              "runs": {
                "batter": 1,
                "extras": 0,
                "total": 1
              }
            },
            {
              "batter": "KP Pietersen",
              "bowler": "Shahid Afridi",
              "extras": {
                "legbyes": 4
              },
              "non_striker": "RR Rossouw",
              "runs": {
                "batter": 0,
                "extras": 4,
                "total": 4
              }
            },
            {
              "batter": "KP Pietersen",
              "bowler": "Shahid Afridi",
              "non_striker": "RR Rossouw",
              "runs": {
                "batter": 0,
                "extras": 0,
                "total": 0
              }
            }
          ]
        },
        {
          "over": 10,
          "deliveries": [
            {
              "batter": "RR Rossouw",
              "bowler": "Mohammad Asghar",
              "non_striker": "KP Pietersen",
              "runs": {
                "batter": 4,
                "extras": 0,
                "total": 4
              }
            },
            {
              "batter": "RR Rossouw",
              "bowler": "Mohammad Asghar",
              "non_striker": "KP Pietersen",
              "runs": {
                "batter": 1,
                "extras": 0,
                "total": 1
              }
            },
            {
              "batter": "KP Pietersen",
              "bowler": "Mohammad Asghar",
              "extras": {
                "legbyes": 1
              },
              "non_striker": "RR Rossouw",
              "runs": {
                "batter": 0,
                "extras": 1,
                "total": 1
              }
            },
            {
              "batter": "RR Rossouw",
              "bowler": "Mohammad Asghar",
              "non_striker": "KP Pietersen",
              "runs": {
                "batter": 2,
                "extras": 0,
                "total": 2
              }
            },
            {
              "batter": "RR Rossouw",
              "bowler": "Mohammad Asghar",
              "non_striker": "KP Pietersen",
              "runs": {
                "batter": 0,
                "extras": 0,
                "total": 0
              }
            },
            {
              "batter": "RR Rossouw",
              "bowler": "Mohammad Asghar",
              "non_striker": "KP Pietersen",
              "runs": {
                "batter": 1,
                "extras": 0,
                "total": 1
              }
            }
          ]
        },
        {
          "over": 11,
          "deliveries": [
            {
              "batter": "RR Rossouw",
              "bowler": "Wahab Riaz",
              "non_striker": "KP Pietersen",
              "runs": {
                "batter": 1,
                "extras": 0,
                "total": 1
              }
            },
            {
              "batter": "KP Pietersen",
              "bowler": "Wahab Riaz",
              "non_striker": "RR Rossouw",
              "runs": {
                "batter": 0,
                "extras": 0,
                "total": 0
              }
            },
            {
              "batter": "KP Pietersen",
              "bowler": "Wahab Riaz",
              "extras": {
                "wides": 1
              },
              "non_striker": "RR Rossouw",
              "runs": {
                "batter": 0,
                "extras": 1,
                "total": 1
              }
            },
            {
              "batter": "KP Pietersen",
              "bowler": "Wahab Riaz",
              "non_striker": "RR Rossouw",
              "runs": {
                "batter": 1,
                "extras": 0,
                "total": 1
              }
            },
            {
              "batter": "RR Rossouw",
              "bowler": "Wahab Riaz",
              "non_striker": "KP Pietersen",
              "runs": {
                "batter": 1,
                "extras": 0,
                "total": 1
              }
            },
            {
              "batter": "KP Pietersen",
              "bowler": "Wahab Riaz",
              "non_striker": "RR Rossouw",
              "runs": {
                "batter": 0,
                "extras": 0,
                "total": 0
              }
            },
            {
              "batter": "KP Pietersen",
              "bowler": "Wahab Riaz",
              "non_striker": "RR Rossouw",
              "runs": {
                "batter": 1,
                "extras": 0,
                "total": 1
              }
            }
          ]
        },
        {
          "over": 12,
          "deliveries": [
            {
              "batter": "KP Pietersen",
              "bowler": "Shahid Afridi",
              "extras": {
                "legbyes": 1
              },
              "non_striker": "RR Rossouw",
              "runs": {
                "batter": 0,
                "extras": 1,
                "total": 1
              }
            },
            {
              "batter": "RR Rossouw",
              "bowler": "Shahid Afridi",
              "non_striker": "KP Pietersen",
              "runs": {
                "batter": 2,
                "extras": 0,
                "total": 2
              }
            },
            {
              "batter": "RR Rossouw",
              "bowler": "Shahid Afridi",
              "non_striker": "KP Pietersen",
              "runs": {
                "batter": 0,
                "extras": 0,
                "total": 0
              }
            },
            {
              "batter": "RR Rossouw",
              "bowler": "Shahid Afridi",
              "non_striker": "KP Pietersen",
              "runs": {
                "batter": 1,
                "extras": 0,
                "total": 1
              }
            },
            {
              "batter": "KP Pietersen",
              "bowler": "Shahid Afridi",
              "non_striker": "RR Rossouw",
              "runs": {
                "batter": 4,
                "extras": 0,
                "total": 4
              }
            },
            {
              "batter": "KP Pietersen",
              "bowler": "Shahid Afridi",
              "non_striker": "RR Rossouw",
              "runs": {
                "batter": 1,
                "extras": 0,
                "total": 1
              }
            }
          ]
        },
        {
          "over": 13,
          "deliveries": [
            {
              "batter": "KP Pietersen",
              "bowler": "Shakib Al Hasan",
              "non_striker": "RR Rossouw",
              "runs": {
                "batter": 1,
                "extras": 0,
                "total": 1
              }
            },
            {
              "batter": "RR Rossouw",
              "bowler": "Shakib Al Hasan",
              "non_striker": "KP Pietersen",
              "runs": {
                "batter": 6,
                "extras": 0,
                "total": 6
              }
            },
            {
              "batter": "RR Rossouw",
              "bowler": "Shakib Al Hasan",
              "non_striker": "KP Pietersen",
              "runs": {
                "batter": 1,
                "extras": 0,
                "total": 1
              }
            },
            {
              "batter": "KP Pietersen",
              "bowler": "Shakib Al Hasan",
              "extras": {
                "legbyes": 1
              },
              "non_striker": "RR Rossouw",
              "runs": {
                "batter": 0,
                "extras": 1,
                "total": 1
              }
            },
            {
              "batter": "RR Rossouw",
              "bowler": "Shakib Al Hasan",
              "non_striker": "KP Pietersen",
              "runs": {
                "batter": 0,
                "extras": 0,
                "total": 0
              },
              "wickets": [
                {
                  "kind": "caught",
                  "player_out": "RR Rossouw",
                  "fielders": [
                    {
                      "name": "Mohammad Asghar"
                    }
                  ]
                }
              ]
            },
            {
              "batter": "Mohammad Nawaz (3)",
              "bowler": "Shakib Al Hasan",
              "extras": {
                "wides": 1
              },
              "non_striker": "KP Pietersen",
              "runs": {
                "batter": 0,
                "extras": 1,
                "total": 1
              }
            },
            {
              "batter": "Mohammad Nawaz (3)",
              "bowler": "Shakib Al Hasan",
              "non_striker": "KP Pietersen",
              "runs": {
                "batter": 1,
                "extras": 0,
                "total": 1
              }
            }
          ]
        },
        {
          "over": 14,
          "deliveries": [
            {
              "batter": "Mohammad Nawaz (3)",
              "bowler": "Shahid Afridi",
              "non_striker": "KP Pietersen",
              "runs": {
                "batter": 1,
                "extras": 0,
                "total": 1
              }
            },
            {
              "batter": "KP Pietersen",
              "bowler": "Shahid Afridi",
              "non_striker": "Mohammad Nawaz (3)",
              "runs": {
                "batter": 1,
                "extras": 0,
                "total": 1
              }
            },
            {
              "batter": "Mohammad Nawaz (3)",
              "bowler": "Shahid Afridi",
              "non_striker": "KP Pietersen",
              "runs": {
                "batter": 2,
                "extras": 0,
                "total": 2
              }
            },
            {
              "batter": "Mohammad Nawaz (3)",
              "bowler": "Shahid Afridi",
              "non_striker": "KP Pietersen",
              "runs": {
                "batter": 1,
                "extras": 0,
                "total": 1
              }
            },
            {
              "batter": "KP Pietersen",
              "bowler": "Shahid Afridi",
              "non_striker": "Mohammad Nawaz (3)",
              "runs": {
                "batter": 1,
                "extras": 0,
                "total": 1
              }
            },
            {
              "batter": "Mohammad Nawaz (3)",
              "bowler": "Shahid Afridi",
              "non_striker": "KP Pietersen",
              "runs": {
                "batter": 0,
                "extras": 0,
                "total": 0
              }
            }
          ]
        },
        {
          "over": 15,
          "deliveries": [
            {
              "batter": "KP Pietersen",
              "bowler": "Mohammad Asghar",
              "non_striker": "Mohammad Nawaz (3)",
              "runs": {
                "batter": 0,
                "extras": 0,
                "total": 0
              },
              "wickets": [
                {
                  "kind": "caught",
                  "player_out": "KP Pietersen",
                  "fielders": [
                    {
                      "name": "Hasan Ali"
                    }
                  ]
                }
              ]
            },
            {
              "batter": "Mohammad Nawaz (3)",
              "bowler": "Mohammad Asghar",
              "non_striker": "Sarfraz Ahmed",
              "runs": {
                "batter": 2,
                "extras": 0,
                "total": 2
              }
            },
            {
              "batter": "Mohammad Nawaz (3)",
              "bowler": "Mohammad Asghar",
              "non_striker": "Sarfraz Ahmed",
              "runs": {
                "batter": 1,
                "extras": 0,
                "total": 1
              }
            },
            {
              "batter": "Sarfraz Ahmed",
              "bowler": "Mohammad Asghar",
              "non_striker": "Mohammad Nawaz (3)",
              "runs": {
                "batter": 4,
                "extras": 0,
                "total": 4
              }
            },
            {
              "batter": "Sarfraz Ahmed",
              "bowler": "Mohammad Asghar",
              "non_striker": "Mohammad Nawaz (3)",
              "runs": {
                "batter": 1,
                "extras": 0,
                "total": 1
              }
            },
            {
              "batter": "Mohammad Nawaz (3)",
              "bowler": "Mohammad Asghar",
              "non_striker": "Sarfraz Ahmed",
              "runs": {
                "batter": 6,
                "extras": 0,
                "total": 6
              }
            }
          ]
        },
        {
          "over": 16,
          "deliveries": [
            {
              "batter": "Sarfraz Ahmed",
              "bowler": "Hasan Ali",
              "non_striker": "Mohammad Nawaz (3)",
              "runs": {
                "batter": 0,
                "extras": 0,
                "total": 0
              }
            },
            {
              "batter": "Sarfraz Ahmed",
              "bowler": "Hasan Ali",
              "non_striker": "Mohammad Nawaz (3)",
              "runs": {
                "batter": 0,
                "extras": 0,
                "total": 0
              }
            },
            {
              "batter": "Sarfraz Ahmed",
              "bowler": "Hasan Ali",
              "non_striker": "Mohammad Nawaz (3)",
              "runs": {
                "batter": 1,
                "extras": 0,
                "total": 1
              }
            },
            {
              "batter": "Mohammad Nawaz (3)",
              "bowler": "Hasan Ali",
              "non_striker": "Sarfraz Ahmed",
              "runs": {
                "batter": 0,
                "extras": 0,
                "total": 0
              }
            },
            {
              "batter": "Mohammad Nawaz (3)",
              "bowler": "Hasan Ali",
              "non_striker": "Sarfraz Ahmed",
              "runs": {
                "batter": 3,
                "extras": 0,
                "total": 3
              }
            },
            {
              "batter": "Sarfraz Ahmed",
              "bowler": "Hasan Ali",
              "non_striker": "Mohammad Nawaz (3)",
              "runs": {
                "batter": 1,
                "extras": 0,
                "total": 1
              }
            }
          ]
        },
        {
          "over": 17,
          "deliveries": [
            {
              "batter": "Sarfraz Ahmed",
              "bowler": "Wahab Riaz",
              "non_striker": "Mohammad Nawaz (3)",
              "runs": {
                "batter": 1,
                "extras": 0,
                "total": 1
              },
              "wickets": [
                {
                  "kind": "run out",
                  "player_out": "Sarfraz Ahmed",
                  "fielders": [
                    {
                      "name": "Shakib Al Hasan"
                    },
                    {
                      "name": "Kamran Akmal"
                    }
                  ]
                }
              ]
            },
            {
              "batter": "Mahmudullah",
              "bowler": "Wahab Riaz",
              "non_striker": "Mohammad Nawaz (3)",
              "runs": {
                "batter": 0,
                "extras": 0,
                "total": 0
              }
            },
            {
              "batter": "Mahmudullah",
              "bowler": "Wahab Riaz",
              "non_striker": "Mohammad Nawaz (3)",
              "runs": {
                "batter": 0,
                "extras": 0,
                "total": 0
              },
              "wickets": [
                {
                  "kind": "bowled",
                  "player_out": "Mahmudullah"
                }
              ]
            },
            {
              "batter": "Hassan Khan",
              "bowler": "Wahab Riaz",
              "non_striker": "Mohammad Nawaz (3)",
              "runs": {
                "batter": 0,
                "extras": 0,
                "total": 0
              }
            },
            {
              "batter": "Hassan Khan",
              "bowler": "Wahab Riaz",
              "non_striker": "Mohammad Nawaz (3)",
              "runs": {
                "batter": 1,
                "extras": 0,
                "total": 1
              }
            },
            {
              "batter": "Mohammad Nawaz (3)",
              "bowler": "Wahab Riaz",
              "extras": {
                "wides": 1
              },
              "non_striker": "Hassan Khan",
              "runs": {
                "batter": 0,
                "extras": 1,
                "total": 1
              }
            },
            {
              "batter": "Mohammad Nawaz (3)",
              "bowler": "Wahab Riaz",
              "non_striker": "Hassan Khan",
              "runs": {
                "batter": 1,
                "extras": 0,
                "total": 1
              }
            }
          ]
        },
        {
          "over": 18,
          "deliveries": [
            {
              "batter": "Mohammad Nawaz (3)",
              "bowler": "Hasan Ali",
              "non_striker": "Hassan Khan",
              "runs": {
                "batter": 0,
                "extras": 0,
                "total": 0
              },
              "wickets": [
                {
                  "kind": "caught and bowled",
                  "player_out": "Mohammad Nawaz (3)"
                }
              ]
            },
            {
              "batter": "Hassan Khan",
              "bowler": "Hasan Ali",
              "non_striker": "Zulfiqar Babar",
              "runs": {
                "batter": 1,
                "extras": 0,
                "total": 1
              }
            },
            {
              "batter": "Zulfiqar Babar",
              "bowler": "Hasan Ali",
              "non_striker": "Hassan Khan",
              "runs": {
                "batter": 0,
                "extras": 0,
                "total": 0
              },
              "wickets": [
                {
                  "kind": "caught",
                  "player_out": "Zulfiqar Babar",
                  "fielders": [
                    {
                      "name": "Wahab Riaz"
                    }
                  ]
                }
              ]
            },
            {
              "batter": "Hassan Khan",
              "bowler": "Hasan Ali",
              "non_striker": "Umar Gul",
              "runs": {
                "batter": 1,
                "extras": 0,
                "total": 1
              }
            },
            {
              "batter": "Umar Gul",
              "bowler": "Hasan Ali",
              "non_striker": "Hassan Khan",
              "runs": {
                "batter": 1,
                "extras": 0,
                "total": 1
              }
            },
            {
              "batter": "Hassan Khan",
              "bowler": "Hasan Ali",
              "non_striker": "Umar Gul",
              "runs": {
                "batter": 0,
                "extras": 0,
                "total": 0
              }
            }
          ]
        },
        {
          "over": 19,
          "deliveries": [
            {
              "batter": "Umar Gul",
              "bowler": "Wahab Riaz",
              "non_striker": "Hassan Khan",
              "runs": {
                "batter": 1,
                "extras": 0,
                "total": 1
              }
            },
            {
              "batter": "Hassan Khan",
              "bowler": "Wahab Riaz",
              "non_striker": "Umar Gul",
              "runs": {
                "batter": 0,
                "extras": 0,
                "total": 0
              }
            },
            {
              "batter": "Hassan Khan",
              "bowler": "Wahab Riaz",
              "non_striker": "Umar Gul",
              "runs": {
                "batter": 1,
                "extras": 0,
                "total": 1
              }
            },
            {
              "batter": "Umar Gul",
              "bowler": "Wahab Riaz",
              "non_striker": "Hassan Khan",
              "runs": {
                "batter": 0,
                "extras": 0,
                "total": 0
              },
              "wickets": [
                {
                  "kind": "caught and bowled",
                  "player_out": "Umar Gul"
                }
              ]
            },
            {
              "batter": "TS Mills",
              "bowler": "Wahab Riaz",
              "non_striker": "Hassan Khan",
              "runs": {
                "batter": 1,
                "extras": 0,
                "total": 1
              }
            },
            {
              "batter": "Hassan Khan",
              "bowler": "Wahab Riaz",
              "non_striker": "TS Mills",
              "runs": {
                "batter": 1,
                "extras": 0,
                "total": 1
              },
              "wickets": [
                {
                  "kind": "run out",
                  "player_out": "Hassan Khan",
                  "fielders": [
                    {
                      "name": "Hasan Ali"
                    },
                    {
                      "name": "Kamran Akmal"
                    }
                  ]
                }
              ]
            }
          ]
        }
      ],
      "powerplays": [
        {
          "from": 0.1,
          "to": 5.6,
          "type": "mandatory"
        }
      ]
    },
    {
      "team": "Peshawar Zalmi",
      "overs": [
        {
          "over": 0,
          "deliveries": [
            {
              "batter": "Tamim Iqbal",
              "bowler": "Zulfiqar Babar",
              "extras": {
                "wides": 1
              },
              "non_striker": "Kamran Akmal",
              "runs": {
                "batter": 0,
                "extras": 1,
                "total": 1
              }
            },
            {
              "batter": "Tamim Iqbal",
              "bowler": "Zulfiqar Babar",
              "extras": {
                "wides": 3
              },
              "non_striker": "Kamran Akmal",
              "runs": {
                "batter": 0,
                "extras": 3,
                "total": 3
              }
            },
            {
              "batter": "Tamim Iqbal",
              "bowler": "Zulfiqar Babar",
              "extras": {
                "wides": 1
              },
              "non_striker": "Kamran Akmal",
              "runs": {
                "batter": 0,
                "extras": 1,
                "total": 1
              }
            },
            {
              "batter": "Tamim Iqbal",
              "bowler": "Zulfiqar Babar",
              "extras": {
                "wides": 1
              },
              "non_striker": "Kamran Akmal",
              "runs": {
                "batter": 0,
                "extras": 1,
                "total": 1
              }
            },
            {
              "batter": "Tamim Iqbal",
              "bowler": "Zulfiqar Babar",
              "non_striker": "Kamran Akmal",
              "runs": {
                "batter": 0,
                "extras": 0,
                "total": 0
              }
            },
            {
              "batter": "Tamim Iqbal",
              "bowler": "Zulfiqar Babar",
              "extras": {
                "wides": 1
              },
              "non_striker": "Kamran Akmal",
              "runs": {
                "batter": 0,
                "extras": 1,
                "total": 1
              }
            },
            {
              "batter": "Tamim Iqbal",
              "bowler": "Zulfiqar Babar",
              "non_striker": "Kamran Akmal",
              "runs": {
                "batter": 0,
                "extras": 0,
                "total": 0
              }
            },
            {
              "batter": "Tamim Iqbal",
              "bowler": "Zulfiqar Babar",
              "non_striker": "Kamran Akmal",
              "runs": {
                "batter": 0,
                "extras": 0,
                "total": 0
              }
            },
            {
              "batter": "Tamim Iqbal",
              "bowler": "Zulfiqar Babar",
              "non_striker": "Kamran Akmal",
              "runs": {
                "batter": 2,
                "extras": 0,
                "total": 2
              }
            },
            {
              "batter": "Tamim Iqbal",
              "bowler": "Zulfiqar Babar",
              "non_striker": "Kamran Akmal",
              "runs": {
                "batter": 0,
                "extras": 0,
                "total": 0
              }
            },
            {
              "batter": "Tamim Iqbal",
              "bowler": "Zulfiqar Babar",
              "non_striker": "Kamran Akmal",
              "runs": {
                "batter": 2,
                "extras": 0,
                "total": 2
              }
            }
          ]
        },
        {
          "over": 1,
          "deliveries": [
            {
              "batter": "Kamran Akmal",
              "bowler": "Hassan Khan",
              "non_striker": "Tamim Iqbal",
              "runs": {
                "batter": 0,
                "extras": 0,
                "total": 0
              }
            },
            {
              "batter": "Kamran Akmal",
              "bowler": "Hassan Khan",
              "non_striker": "Tamim Iqbal",
              "runs": {
                "batter": 2,
                "extras": 0,
                "total": 2
              }
            },
            {
              "batter": "Kamran Akmal",
              "bowler": "Hassan Khan",
              "non_striker": "Tamim Iqbal",
              "runs": {
                "batter": 0,
                "extras": 0,
                "total": 0
              }
            },
            {
              "batter": "Kamran Akmal",
              "bowler": "Hassan Khan",
              "non_striker": "Tamim Iqbal",
              "runs": {
                "batter": 0,
                "extras": 0,
                "total": 0
              }
            },
            {
              "batter": "Kamran Akmal",
              "bowler": "Hassan Khan",
              "non_striker": "Tamim Iqbal",
              "runs": {
                "batter": 0,
                "extras": 0,
                "total": 0
              }
            },
            {
              "batter": "Kamran Akmal",
              "bowler": "Hassan Khan",
              "non_striker": "Tamim Iqbal",
              "runs": {
                "batter": 1,
                "extras": 0,
                "total": 1
              }
            }
          ]
        },
        {
          "over": 2,
          "deliveries": [
            {
              "batter": "Kamran Akmal",
              "bowler": "Zulfiqar Babar",
              "non_striker": "Tamim Iqbal",
              "runs": {
                "batter": 0,
                "extras": 0,
                "total": 0
              }
            },
            {
              "batter": "Kamran Akmal",
              "bowler": "Zulfiqar Babar",
              "non_striker": "Tamim Iqbal",
              "runs": {
                "batter": 0,
                "extras": 0,
                "total": 0
              }
            },
            {
              "batter": "Kamran Akmal",
              "bowler": "Zulfiqar Babar",
              "non_striker": "Tamim Iqbal",
              "runs": {
                "batter": 0,
                "extras": 0,
                "total": 0
              }
            },
            {
              "batter": "Kamran Akmal",
              "bowler": "Zulfiqar Babar",
              "non_striker": "Tamim Iqbal",
              "runs": {
                "batter": 0,
                "extras": 0,
                "total": 0
              }
            },
            {
              "batter": "Kamran Akmal",
              "bowler": "Zulfiqar Babar",
              "non_striker": "Tamim Iqbal",
              "runs": {
                "batter": 0,
                "extras": 0,
                "total": 0
              }
            },
            {
              "batter": "Kamran Akmal",
              "bowler": "Zulfiqar Babar",
              "non_striker": "Tamim Iqbal",
              "runs": {
                "batter": 0,
                "extras": 0,
                "total": 0
              }
            }
          ]
        },
        {
          "over": 3,
          "deliveries": [
            {
              "batter": "Tamim Iqbal",
              "bowler": "Hassan Khan",
              "extras": {
                "wides": 1
              },
              "non_striker": "Kamran Akmal",
              "runs": {
                "batter": 0,
                "extras": 1,
                "total": 1
              }
            },
            {
              "batter": "Tamim Iqbal",
              "bowler": "Hassan Khan",
              "non_striker": "Kamran Akmal",
              "runs": {
                "batter": 1,
                "extras": 0,
                "total": 1
              }
            },
            {
              "batter": "Kamran Akmal",
              "bowler": "Hassan Khan",
              "non_striker": "Tamim Iqbal",
              "runs": {
                "batter": 2,
                "extras": 0,
                "total": 2
              }
            },
            {
              "batter": "Kamran Akmal",
              "bowler": "Hassan Khan",
              "non_striker": "Tamim Iqbal",
              "runs": {
                "batter": 2,
                "extras": 0,
                "total": 2
              }
            },
            {
              "batter": "Kamran Akmal",
              "bowler": "Hassan Khan",
              "non_striker": "Tamim Iqbal",
              "runs": {
                "batter": 2,
                "extras": 0,
                "total": 2
              }
            },
            {
              "batter": "Kamran Akmal",
              "bowler": "Hassan Khan",
              "non_striker": "Tamim Iqbal",
              "runs": {
                "batter": 0,
                "extras": 0,
                "total": 0
              }
            },
            {
              "batter": "Kamran Akmal",
              "bowler": "Hassan Khan",
              "non_striker": "Tamim Iqbal",
              "runs": {
                "batter": 0,
                "extras": 0,
                "total": 0
              }
            }
          ]
        },
        {
          "over": 4,
          "deliveries": [
            {
              "batter": "Tamim Iqbal",
              "bowler": "Mahmudullah",
              "non_striker": "Kamran Akmal",
              "runs": {
                "batter": 1,
                "extras": 0,
                "total": 1
              }
            },
            {
              "batter": "Kamran Akmal",
              "bowler": "Mahmudullah",
              "non_striker": "Tamim Iqbal",
              "runs": {
                "batter": 4,
                "extras": 0,
                "total": 4
              }
            },
            {
              "batter": "Kamran Akmal",
              "bowler": "Mahmudullah",
              "non_striker": "Tamim Iqbal",
              "runs": {
                "batter": 6,
                "extras": 0,
                "total": 6
              }
            },
            {
              "batter": "Kamran Akmal",
              "bowler": "Mahmudullah",
              "non_striker": "Tamim Iqbal",
              "runs": {
                "batter": 0,
                "extras": 0,
                "total": 0
              }
            },
            {
              "batter": "Kamran Akmal",
              "bowler": "Mahmudullah",
              "non_striker": "Tamim Iqbal",
              "runs": {
                "batter": 1,
                "extras": 0,
                "total": 1
              }
            },
            {
              "batter": "Tamim Iqbal",
              "bowler": "Mahmudullah",
              "non_striker": "Kamran Akmal",
              "runs": {
                "batter": 0,
                "extras": 0,
                "total": 0
              }
            }
          ]
        },
        {
          "over": 5,
          "deliveries": [
            {
              "batter": "Kamran Akmal",
              "bowler": "TS Mills",
              "non_striker": "Tamim Iqbal",
              "runs": {
                "batter": 0,
                "extras": 0,
                "total": 0
              }
            },
            {
              "batter": "Kamran Akmal",
              "bowler": "TS Mills",
              "non_striker": "Tamim Iqbal",
              "runs": {
                "batter": 1,
                "extras": 0,
                "total": 1
              }
            },
            {
              "batter": "Tamim Iqbal",
              "bowler": "TS Mills",
              "non_striker": "Kamran Akmal",
              "runs": {
                "batter": 1,
                "extras": 0,
                "total": 1
              }
            },
            {
              "batter": "Kamran Akmal",
              "bowler": "TS Mills",
              "extras": {
                "legbyes": 1
              },
              "non_striker": "Tamim Iqbal",
              "runs": {
                "batter": 0,
                "extras": 1,
                "total": 1
              }
            },
            {
              "batter": "Tamim Iqbal",
              "bowler": "TS Mills",
              "non_striker": "Kamran Akmal",
              "runs": {
                "batter": 0,
                "extras": 0,
                "total": 0
              }
            },
            {
              "batter": "Tamim Iqbal",
              "bowler": "TS Mills",
              "non_striker": "Kamran Akmal",
              "runs": {
                "batter": 0,
                "extras": 0,
                "total": 0
              }
            }
          ]
        },
        {
          "over": 6,
          "deliveries": [
            {
              "batter": "Kamran Akmal",
              "bowler": "Mahmudullah",
              "non_striker": "Tamim Iqbal",
              "runs": {
                "batter": 1,
                "extras": 0,
                "total": 1
              }
            },
            {
              "batter": "Tamim Iqbal",
              "bowler": "Mahmudullah",
              "non_striker": "Kamran Akmal",
              "runs": {
                "batter": 0,
                "extras": 0,
                "total": 0
              },
              "wickets": [
                {
                  "kind": "stumped",
                  "player_out": "Tamim Iqbal",
                  "fielders": [
                    {
                      "name": "Sarfraz Ahmed"
                    }
                  ]
                }
              ]
            },
            {
              "batter": "MN Samuels",
              "bowler": "Mahmudullah",
              "non_striker": "Kamran Akmal",
              "runs": {
                "batter": 0,
                "extras": 0,
                "total": 0
              }
            },
            {
              "batter": "MN Samuels",
              "bowler": "Mahmudullah",
              "non_striker": "Kamran Akmal",
              "runs": {
                "batter": 1,
                "extras": 0,
                "total": 1
              }
            },
            {
              "batter": "Kamran Akmal",
              "bowler": "Mahmudullah",
              "non_striker": "MN Samuels",
              "runs": {
                "batter": 1,
                "extras": 0,
                "total": 1
              }
            },
            {
              "batter": "MN Samuels",
              "bowler": "Mahmudullah",
              "non_striker": "Kamran Akmal",
              "runs": {
                "batter": 6,
                "extras": 0,
                "total": 6
              }
            }
          ]
        },
        {
          "over": 7,
          "deliveries": [
            {
              "batter": "Kamran Akmal",
              "bowler": "TS Mills",
              "extras": {
                "wides": 1
              },
              "non_striker": "MN Samuels",
              "runs": {
                "batter": 0,
                "extras": 1,
                "total": 1
              }
            },
            {
              "batter": "Kamran Akmal",
              "bowler": "TS Mills",
              "non_striker": "MN Samuels",
              "runs": {
                "batter": 0,
                "extras": 0,
                "total": 0
              }
            },
            {
              "batter": "Kamran Akmal",
              "bowler": "TS Mills",
              "non_striker": "MN Samuels",
              "runs": {
                "batter": 2,
                "extras": 0,
                "total": 2
              }
            },
            {
              "batter": "Kamran Akmal",
              "bowler": "TS Mills",
              "non_striker": "MN Samuels",
              "runs": {
                "batter": 1,
                "extras": 0,
                "total": 1
              }
            },
            {
              "batter": "MN Samuels",
              "bowler": "TS Mills",
              "non_striker": "Kamran Akmal",
              "runs": {
                "batter": 0,
                "extras": 0,
                "total": 0
              },
              "wickets": [
                {
                  "kind": "caught",
                  "player_out": "MN Samuels",
                  "fielders": [
                    {
                      "name": "Umar Amin",
                      "substitute": true
                    }
                  ]
                }
              ]
            },
            {
              "batter": "Mohammad Hafeez",
              "bowler": "TS Mills",
              "non_striker": "Kamran Akmal",
              "runs": {
                "batter": 0,
                "extras": 0,
                "total": 0
              }
            },
            {
              "batter": "Mohammad Hafeez",
              "bowler": "TS Mills",
              "extras": {
                "wides": 1
              },
              "non_striker": "Kamran Akmal",
              "runs": {
                "batter": 0,
                "extras": 1,
                "total": 1
              }
            },
            {
              "batter": "Mohammad Hafeez",
              "bowler": "TS Mills",
              "non_striker": "Kamran Akmal",
              "runs": {
                "batter": 0,
                "extras": 0,
                "total": 0
              }
            }
          ]
        },
        {
          "over": 8,
          "deliveries": [
            {
              "batter": "Kamran Akmal",
              "bowler": "Mohammad Nawaz (3)",
              "non_striker": "Mohammad Hafeez",
              "runs": {
                "batter": 0,
                "extras": 0,
                "total": 0
              },
              "wickets": [
                {
                  "kind": "lbw",
                  "player_out": "Kamran Akmal"
                }
              ]
            },
            {
              "batter": "Shakib Al Hasan",
              "bowler": "Mohammad Nawaz (3)",
              "non_striker": "Mohammad Hafeez",
              "runs": {
                "batter": 1,
                "extras": 0,
                "total": 1
              }
            },
            {
              "batter": "Mohammad Hafeez",
              "bowler": "Mohammad Nawaz (3)",
              "non_striker": "Shakib Al Hasan",
              "runs": {
                "batter": 0,
                "extras": 0,
                "total": 0
              }
            },
            {
              "batter": "Mohammad Hafeez",
              "bowler": "Mohammad Nawaz (3)",
              "non_striker": "Shakib Al Hasan",
              "runs": {
                "batter": 0,
                "extras": 0,
                "total": 0
              },
              "wickets": [
                {
                  "kind": "run out",
                  "player_out": "Shakib Al Hasan",
                  "fielders": [
                    {
                      "name": "Hassan Khan"
                    },
                    {
                      "name": "Mohammad Nawaz (3)"
                    }
                  ]
                }
              ]
            },
            {
              "batter": "Mohammad Hafeez",
              "bowler": "Mohammad Nawaz (3)",
              "non_striker": "Sohaib Maqsood",
              "runs": {
                "batter": 0,
                "extras": 0,
                "total": 0
              }
            },
            {
              "batter": "Mohammad Hafeez",
              "bowler": "Mohammad Nawaz (3)",
              "non_striker": "Sohaib Maqsood",
              "runs": {
                "batter": 0,
                "extras": 0,
                "total": 0
              }
            }
          ]
        },
        {
          "over": 9,
          "deliveries": [
            {
              "batter": "Sohaib Maqsood",
              "bowler": "Mahmudullah",
              "non_striker": "Mohammad Hafeez",
              "runs": {
                "batter": 0,
                "extras": 0,
                "total": 0
              }
            },
            {
              "batter": "Sohaib Maqsood",
              "bowler": "Mahmudullah",
              "non_striker": "Mohammad Hafeez",
              "runs": {
                "batter": 0,
                "extras": 0,
                "total": 0
              },
              "wickets": [
                {
                  "kind": "caught",
                  "player_out": "Sohaib Maqsood",
                  "fielders": [
                    {
                      "name": "Asad Shafiq"
                    }
                  ]
                }
              ]
            },
            {
              "batter": "DJG Sammy",
              "bowler": "Mahmudullah",
              "non_striker": "Mohammad Hafeez",
              "runs": {
                "batter": 0,
                "extras": 0,
                "total": 0
              },
              "wickets": [
                {
                  "kind": "caught",
                  "player_out": "DJG Sammy",
                  "fielders": [
                    {
                      "name": "Mohammad Nawaz (3)"
                    }
                  ]
                }
              ]
            },
            {
              "batter": "Shahid Afridi",
              "bowler": "Mahmudullah",
              "non_striker": "Mohammad Hafeez",
              "runs": {
                "batter": 1,
                "extras": 0,
                "total": 1
              }
            },
            {
              "batter": "Mohammad Hafeez",
              "bowler": "Mahmudullah",
              "non_striker": "Shahid Afridi",
              "runs": {
                "batter": 1,
                "extras": 0,
                "total": 1
              }
            },
            {
              "batter": "Shahid Afridi",
              "bowler": "Mahmudullah",
              "non_striker": "Mohammad Hafeez",
              "runs": {
                "batter": 0,
                "extras": 0,
                "total": 0
              }
            }
          ]
        },
        {
          "over": 10,
          "deliveries": [
            {
              "batter": "Mohammad Hafeez",
              "bowler": "Mohammad Nawaz (3)",
              "non_striker": "Shahid Afridi",
              "runs": {
                "batter": 4,
                "extras": 0,
                "total": 4
              }
            },
            {
              "batter": "Mohammad Hafeez",
              "bowler": "Mohammad Nawaz (3)",
              "non_striker": "Shahid Afridi",
              "runs": {
                "batter": 0,
                "extras": 0,
                "total": 0
              }
            },
            {
              "batter": "Mohammad Hafeez",
              "bowler": "Mohammad Nawaz (3)",
              "non_striker": "Shahid Afridi",
              "runs": {
                "batter": 0,
                "extras": 0,
                "total": 0
              }
            },
            {
              "batter": "Mohammad Hafeez",
              "bowler": "Mohammad Nawaz (3)",
              "non_striker": "Shahid Afridi",
              "runs": {
                "batter": 4,
                "extras": 0,
                "total": 4
              }
            },
            {
              "batter": "Mohammad Hafeez",
              "bowler": "Mohammad Nawaz (3)",
              "non_striker": "Shahid Afridi",
              "runs": {
                "batter": 0,
                "extras": 0,
                "total": 0
              }
            },
            {
              "batter": "Mohammad Hafeez",
              "bowler": "Mohammad Nawaz (3)",
              "non_striker": "Shahid Afridi",
              "runs": {
                "batter": 1,
                "extras": 0,
                "total": 1
              }
            }
          ]
        },
        {
          "over": 11,
          "deliveries": [
            {
              "batter": "Mohammad Hafeez",
              "bowler": "Hassan Khan",
              "non_striker": "Shahid Afridi",
              "runs": {
                "batter": 4,
                "extras": 0,
                "total": 4
              }
            },
            {
              "batter": "Mohammad Hafeez",
              "bowler": "Hassan Khan",
              "non_striker": "Shahid Afridi",
              "runs": {
                "batter": 0,
                "extras": 0,
                "total": 0
              }
            },
            {
              "batter": "Mohammad Hafeez",
              "bowler": "Hassan Khan",
              "non_striker": "Shahid Afridi",
              "runs": {
                "batter": 1,
                "extras": 0,
                "total": 1
              }
            },
            {
              "batter": "Shahid Afridi",
              "bowler": "Hassan Khan",
              "non_striker": "Mohammad Hafeez",
              "runs": {
                "batter": 2,
                "extras": 0,
                "total": 2
              }
            },
            {
              "batter": "Shahid Afridi",
              "bowler": "Hassan Khan",
              "non_striker": "Mohammad Hafeez",
              "runs": {
                "batter": 1,
                "extras": 0,
                "total": 1
              }
            },
            {
              "batter": "Mohammad Hafeez",
              "bowler": "Hassan Khan",
              "non_striker": "Shahid Afridi",
              "runs": {
                "batter": 1,
                "extras": 0,
                "total": 1
              }
            }
          ]
        },
        {
          "over": 12,
          "deliveries": [
            {
              "batter": "Mohammad Hafeez",
              "bowler": "Zulfiqar Babar",
              "non_striker": "Shahid Afridi",
              "runs": {
                "batter": 0,
                "extras": 0,
                "total": 0
              }
            },
            {
              "batter": "Mohammad Hafeez",
              "bowler": "Zulfiqar Babar",
              "non_striker": "Shahid Afridi",
              "runs": {
                "batter": 0,
                "extras": 0,
                "total": 0
              }
            },
            {
              "batter": "Mohammad Hafeez",
              "bowler": "Zulfiqar Babar",
              "non_striker": "Shahid Afridi",
              "runs": {
                "batter": 0,
                "extras": 0,
                "total": 0
              }
            },
            {
              "batter": "Mohammad Hafeez",
              "bowler": "Zulfiqar Babar",
              "non_striker": "Shahid Afridi",
              "runs": {
                "batter": 1,
                "extras": 0,
                "total": 1
              }
            },
            {
              "batter": "Shahid Afridi",
              "bowler": "Zulfiqar Babar",
              "non_striker": "Mohammad Hafeez",
              "runs": {
                "batter": 1,
                "extras": 0,
                "total": 1
              }
            },
            {
              "batter": "Mohammad Hafeez",
              "bowler": "Zulfiqar Babar",
              "non_striker": "Shahid Afridi",
              "runs": {
                "batter": 1,
                "extras": 0,
                "total": 1
              }
            }
          ]
        },
        {
          "over": 13,
          "deliveries": [
            {
              "batter": "Mohammad Hafeez",
              "bowler": "Hassan Khan",
              "non_striker": "Shahid Afridi",
              "runs": {
                "batter": 0,
                "extras": 0,
                "total": 0
              }
            },
            {
              "batter": "Mohammad Hafeez",
              "bowler": "Hassan Khan",
              "non_striker": "Shahid Afridi",
              "runs": {
                "batter": 0,
                "extras": 0,
                "total": 0
              }
            },
            {
              "batter": "Mohammad Hafeez",
              "bowler": "Hassan Khan",
              "non_striker": "Shahid Afridi",
              "runs": {
                "batter": 1,
                "extras": 0,
                "total": 1
              }
            },
            {
              "batter": "Shahid Afridi",
              "bowler": "Hassan Khan",
              "non_striker": "Mohammad Hafeez",
              "runs": {
                "batter": 0,
                "extras": 0,
                "total": 0
              }
            },
            {
              "batter": "Shahid Afridi",
              "bowler": "Hassan Khan",
              "non_striker": "Mohammad Hafeez",
              "runs": {
                "batter": 2,
                "extras": 0,
                "total": 2
              }
            },
            {
              "batter": "Shahid Afridi",
              "bowler": "Hassan Khan",
              "non_striker": "Mohammad Hafeez",
              "runs": {
                "batter": 0,
                "extras": 0,
                "total": 0
              }
            }
          ]
        },
        {
          "over": 14,
          "deliveries": [
            {
              "batter": "Mohammad Hafeez",
              "bowler": "Mohammad Nawaz (3)",
              "non_striker": "Shahid Afridi",
              "runs": {
                "batter": 1,
                "extras": 0,
                "total": 1
              }
            },
            {
              "batter": "Shahid Afridi",
              "bowler": "Mohammad Nawaz (3)",
              "non_striker": "Mohammad Hafeez",
              "runs": {
                "batter": 1,
                "extras": 0,
                "total": 1
              }
            },
            {
              "batter": "Mohammad Hafeez",
              "bowler": "Mohammad Nawaz (3)",
              "non_striker": "Shahid Afridi",
              "runs": {
                "batter": 0,
                "extras": 0,
                "total": 0
              }
            },
            {
              "batter": "Mohammad Hafeez",
              "bowler": "Mohammad Nawaz (3)",
              "non_striker": "Shahid Afridi",
              "runs": {
                "batter": 0,
                "extras": 0,
                "total": 0
              }
            },
            {
              "batter": "Mohammad Hafeez",
              "bowler": "Mohammad Nawaz (3)",
              "non_striker": "Shahid Afridi",
              "runs": {
                "batter": 1,
                "extras": 0,
                "total": 1
              }
            },
            {
              "batter": "Shahid Afridi",
              "bowler": "Mohammad Nawaz (3)",
              "non_striker": "Mohammad Hafeez",
              "runs": {
                "batter": 6,
                "extras": 0,
                "total": 6
              }
            }
          ]
        },
        {
          "over": 15,
          "deliveries": [
            {
              "batter": "Mohammad Hafeez",
              "bowler": "TS Mills",
              "non_striker": "Shahid Afridi",
              "runs": {
                "batter": 0,
                "extras": 0,
                "total": 0
              }
            },
            {
              "batter": "Mohammad Hafeez",
              "bowler": "TS Mills",
              "non_striker": "Shahid Afridi",
              "runs": {
                "batter": 1,
                "extras": 0,
                "total": 1
              }
            },
            {
              "batter": "Shahid Afridi",
              "bowler": "TS Mills",
              "non_striker": "Mohammad Hafeez",
              "runs": {
                "batter": 0,
                "extras": 0,
                "total": 0
              }
            },
            {
              "batter": "Shahid Afridi",
              "bowler": "TS Mills",
              "non_striker": "Mohammad Hafeez",
              "runs": {
                "batter": 1,
                "extras": 0,
                "total": 1
              }
            },
            {
              "batter": "Mohammad Hafeez",
              "bowler": "TS Mills",
              "non_striker": "Shahid Afridi",
              "runs": {
                "batter": 0,
                "extras": 0,
                "total": 0
              }
            },
            {
              "batter": "Mohammad Hafeez",
              "bowler": "TS Mills",
              "non_striker": "Shahid Afridi",
              "runs": {
                "batter": 0,
                "extras": 0,
                "total": 0
              },
              "wickets": [
                {
                  "kind": "caught",
                  "player_out": "Mohammad Hafeez",
                  "fielders": [
                    {
                      "name": "Sarfraz Ahmed"
                    }
                  ]
                }
              ]
            }
          ]
        },
        {
          "over": 16,
          "deliveries": [
            {
              "batter": "Shahid Afridi",
              "bowler": "Zulfiqar Babar",
              "non_striker": "Wahab Riaz",
              "runs": {
                "batter": 1,
                "extras": 0,
                "total": 1
              }
            },
            {
              "batter": "Wahab Riaz",
              "bowler": "Zulfiqar Babar",
              "non_striker": "Shahid Afridi",
              "runs": {
                "batter": 0,
                "extras": 0,
                "total": 0
              }
            },
            {
              "batter": "Wahab Riaz",
              "bowler": "Zulfiqar Babar",
              "non_striker": "Shahid Afridi",
              "runs": {
                "batter": 0,
                "extras": 0,
                "total": 0
              }
            },
            {
              "batter": "Wahab Riaz",
              "bowler": "Zulfiqar Babar",
              "non_striker": "Shahid Afridi",
              "runs": {
                "batter": 1,
                "extras": 0,
                "total": 1
              }
            },
            {
              "batter": "Shahid Afridi",
              "bowler": "Zulfiqar Babar",
              "non_striker": "Wahab Riaz",
              "runs": {
                "batter": 6,
                "extras": 0,
                "total": 6
              }
            },
            {
              "batter": "Shahid Afridi",
              "bowler": "Zulfiqar Babar",
              "non_striker": "Wahab Riaz",
              "runs": {
                "batter": 1,
                "extras": 0,
                "total": 1
              }
            }
          ]
        },
        {
          "over": 17,
          "deliveries": [
            {
              "batter": "Shahid Afridi",
              "bowler": "Mohammad Nawaz (3)",
              "non_striker": "Wahab Riaz",
              "runs": {
                "batter": 4,
                "extras": 0,
                "total": 4
              }
            },
            {
              "batter": "Shahid Afridi",
              "bowler": "Mohammad Nawaz (3)",
              "non_striker": "Wahab Riaz",
              "runs": {
                "batter": 6,
                "extras": 0,
                "total": 6
              }
            },
            {
              "batter": "Shahid Afridi",
              "bowler": "Mohammad Nawaz (3)",
              "non_striker": "Wahab Riaz",
              "runs": {
                "batter": 2,
                "extras": 0,
                "total": 2
              }
            },
            {
              "batter": "Shahid Afridi",
              "bowler": "Mohammad Nawaz (3)",
              "non_striker": "Wahab Riaz",
              "runs": {
                "batter": 1,
                "extras": 0,
                "total": 1
              }
            },
            {
              "batter": "Wahab Riaz",
              "bowler": "Mohammad Nawaz (3)",
              "non_striker": "Shahid Afridi",
              "runs": {
                "batter": 0,
                "extras": 0,
                "total": 0
              }
            },
            {
              "batter": "Wahab Riaz",
              "bowler": "Mohammad Nawaz (3)",
              "non_striker": "Shahid Afridi",
              "runs": {
                "batter": 0,
                "extras": 0,
                "total": 0
              }
            }
          ]
        },
        {
          "over": 18,
          "deliveries": [
            {
              "batter": "Shahid Afridi",
              "bowler": "TS Mills",
              "extras": {
                "wides": 1
              },
              "non_striker": "Wahab Riaz",
              "runs": {
                "batter": 0,
                "extras": 1,
                "total": 1
              }
            },
            {
              "batter": "Shahid Afridi",
              "bowler": "TS Mills",
              "non_striker": "Wahab Riaz",
              "runs": {
                "batter": 0,
                "extras": 0,
                "total": 0
              }
            },
            {
              "batter": "Shahid Afridi",
              "bowler": "TS Mills",
              "non_striker": "Wahab Riaz",
              "runs": {
                "batter": 1,
                "extras": 0,
                "total": 1
              }
            },
            {
              "batter": "Wahab Riaz",
              "bowler": "TS Mills",
              "non_striker": "Shahid Afridi",
              "runs": {
                "batter": 0,
                "extras": 0,
                "total": 0
              },
              "wickets": [
                {
                  "kind": "caught",
                  "player_out": "Wahab Riaz",
                  "fielders": [
                    {
                      "name": "Sarfraz Ahmed"
                    }
                  ]
                }
              ]
            },
            {
              "batter": "Hasan Ali",
              "bowler": "TS Mills",
              "non_striker": "Shahid Afridi",
              "runs": {
                "batter": 0,
                "extras": 0,
                "total": 0
              }
            },
            {
              "batter": "Hasan Ali",
              "bowler": "TS Mills",
              "non_striker": "Shahid Afridi",
              "runs": {
                "batter": 4,
                "extras": 0,
                "total": 4
              }
            },
            {
              "batter": "Hasan Ali",
              "bowler": "TS Mills",
              "extras": {
                "wides": 1
              },
              "non_striker": "Shahid Afridi",
              "runs": {
                "batter": 0,
                "extras": 1,
                "total": 1
              }
            },
            {
              "batter": "Hasan Ali",
              "bowler": "TS Mills",
              "non_striker": "Shahid Afridi",
              "runs": {
                "batter": 4,
                "extras": 0,
                "total": 4
              }
            }
          ]
        },
        {
          "over": 19,
          "deliveries": [
            {
              "batter": "Shahid Afridi",
              "bowler": "Mahmudullah",
              "non_striker": "Hasan Ali",
              "runs": {
                "batter": 4,
                "extras": 0,
                "total": 4
              }
            },
            {
              "batter": "Shahid Afridi",
              "bowler": "Mahmudullah",
              "non_striker": "Hasan Ali",
              "runs": {
                "batter": 4,
                "extras": 0,
                "total": 4
              }
            }
          ]
        }
      ],
      "powerplays": [
        {
          "from": 0.1,
          "to": 5.6,
          "type": "mandatory"
        }
      ],
      "target": {
        "overs": 20,
        "runs": 129
      }
    }
  ]
}