{
  "meta": {
    "data_version": "1.0.0",
    "created": "2020-03-20",
    "revision": 1
  },
  "info": {
    "balls_per_over": 6,
    "city": "Dubai",
    "dates": [
      "2019-03-01"
    ],
    "event": {
      "name": "Pakistan Super League",
      "match_number": 22
    },
    "gender": "male",
    "match_type": "T20",
    "officials": {
      "match_referees": [
        "RS Mahanama"
      ],
      "tv_umpires": [
        "Rashid Riaz"
      ],
      "umpires": [
        "RK Illingworth",
        "Ahsan Raza"
      ]
    },
    "outcome": {
      "winner": "Quetta Gladiators",
      "by": {
        "wickets": 6
      }
    },
    "overs": 20,
    "player_of_match": [
      "DJ Bravo"
    ],
    "players": {
      "Multan Sultans": [
        "Umar Siddiq",
        "JM Vince",
        "J Charles",
        "TJ Moores",
        "Shoaib Malik",
        "DT Christian",
        "Shahid Afridi",
        "Nauman Ali",
        "Mohammad Ilyas",
        "Mohammad Irfan",
        "Mohammad Abbas"
      ],
      "Quetta Gladiators": [
        "SR Watson",
        "Ahsan Ali",
        "Ahmed Shehzad",
        "RR Rossouw",
        "Umar Akmal",
        "DJ Bravo",
        "Mohammad Nawaz (3)",
        "Mohammad Hasnain",
        "Sohail Tanvir",
        "Sarfraz Ahmed",
        "Fawad Ahmed"
      ]
    },
    "registry": {
      "people": {
        "Ahmed Shehzad": "f8fd6e3f",
        "Ahsan Ali": "dc2abe5e",
        "Ahsan Raza": "e0e5b209",
        "DJ Bravo": "87e562a9",
        "DT Christian": "2a2e6343",
        "Fawad Ahmed": "22ae3041",
        "J Charles": "09a9d073",
        "JM Vince": "a15618fe",
        "Mohammad Abbas": "a089f93f",
        "Mohammad Hasnain": "8596fe80",
        "Mohammad Ilyas": "bbfa0b42",
        "Mohammad Irfan": "a8e3170f",
        "Mohammad Nawaz (3)": "3086f7a4",
        "Nauman Ali": "54c58a5e",
        "RK Illingworth": "20672246",
        "RR Rossouw": "cad00a4d",
        "RS Mahanama": "57910393",
        "Rashid Riaz": "fb82725e",
        "SR Watson": "4329fbb5",
        "Sarfraz Ahmed": "2254ab79",
        "Shahid Afridi": "0dc00542",
        "Shan Masood": "6843a783",
        "Shoaib Malik": "64c34cd0",
        "Sohail Tanvir": "64d43928",
        "TJ Moores": "85dcb721",
        "Umar Akmal": "fd2bf2a0",
        "Umar Siddiq": "8efab8ed"
      }
    },
    "season": "2018/19",
    "team_type": "club",
    "teams": [
      "Multan Sultans",
      "Quetta Gladiators"
    ],
    "toss": {
      "decision": "field",
      "winner": "Quetta Gladiators"
    },
    "venue": "Dubai International Cricket Stadium"
  },
  "innings": [
    {
      "team": "Multan Sultans",
      "overs": [
        {
          "over": 0,
          "deliveries": [
            {
              "batter": "Umar Siddiq",
              "bowler": "Sohail Tanvir",
              "non_striker": "JM Vince",
              "runs": {
                "batter": 2,
                "extras": 0,
                "total": 2
              }
            },
            {
              "batter": "Umar Siddiq",
              "bowler": "Sohail Tanvir",
              "non_striker": "JM Vince",
              "runs": {
                "batter": 0,
                "extras": 0,
                "total": 0
              }
            },
            {
              "batter": "Umar Siddiq",
              "bowler": "Sohail Tanvir",
              "non_striker": "JM Vince",
              "runs": {
                "batter": 1,
                "extras": 0,
                "total": 1
              }
            },
            {
              "batter": "JM Vince",
              "bowler": "Sohail Tanvir",
              "non_striker": "Umar Siddiq",
              "runs": {
                "batter": 4,
                "extras": 0,
                "total": 4
              }
            },
            {
              "batter": "JM Vince",
              "bowler": "Sohail Tanvir",
              "non_striker": "Umar Siddiq",
              "runs": {
                "batter": 0,
                "extras": 0,
                "total": 0
              }
            },
            {
              "batter": "JM Vince",
              "bowler": "Sohail Tanvir",
              "non_striker": "Umar Siddiq",
              "runs": {
                "batter": 1,
                "extras": 0,
                "total": 1
              }
            }
          ]
        },
        {
          "over": 1,
          "deliveries": [
            {
              "batter": "JM Vince",
              "bowler": "Mohammad Nawaz (3)",
              "non_striker": "Umar Siddiq",
              "runs": {
                "batter": 0,
                "extras": 0,
                "total": 0
              }
            },
            {
              "batter": "JM Vince",
              "bowler": "Mohammad Nawaz (3)",
              "non_striker": "Umar Siddiq",
              "runs": {
                "batter": 4,
                "extras": 0,
                "total": 4
              }
            },
            {
              "batter": "JM Vince",
              "bowler": "Mohammad Nawaz (3)",
              "non_striker": "Umar Siddiq",
              "runs": {
                "batter": 0,
                "extras": 0,
                "total": 0
              },
              "wickets": [
                {
                  "player_out": "JM Vince",
                  "kind": "bowled"
                }
              ]
            },
            {
              "batter": "J Charles",
              "bowler": "Mohammad Nawaz (3)",
              "non_striker": "Umar Siddiq",
              "runs": {
                "batter": 0,
                "extras": 0,
                "total": 0
              }
            },
            {
              "batter": "J Charles",
              "bowler": "Mohammad Nawaz (3)",
              "non_striker": "Umar Siddiq",
              "runs": {
                "batter": 0,
                "extras": 0,
                "total": 0
              }
            },
            {
              "batter": "J Charles",
              "bowler": "Mohammad Nawaz (3)",
              "non_striker": "Umar Siddiq",
              "runs": {
                "batter": 1,
                "extras": 0,
                "total": 1
              }
            }
          ]
        },
        {
          "over": 2,
          "deliveries": [
            {
              "batter": "J Charles",
              "bowler": "Mohammad Hasnain",
              "non_striker": "Umar Siddiq",
              "runs": {
                "batter": 0,
                "extras": 0,
                "total": 0
              }
            },
            {
              "batter": "J Charles",
              "bowler": "Mohammad Hasnain",
              "non_striker": "Umar Siddiq",
              "runs": {
                "batter": 0,
                "extras": 0,
                "total": 0
              }
            },
            {
              "batter": "J Charles",
              "bowler": "Mohammad Hasnain",
              "non_striker": "Umar Siddiq",
              "runs": {
                "batter": 2,
                "extras": 0,
                "total": 2
              }
            },
            {
              "batter": "J Charles",
              "bowler": "Mohammad Hasnain",
              "non_striker": "Umar Siddiq",
              "runs": {
                "batter": 0,
                "extras": 0,
                "total": 0
              }
            },
            {
              "batter": "J Charles",
              "bowler": "Mohammad Hasnain",
              "non_striker": "Umar Siddiq",
              "runs": {
                "batter": 0,
                "extras": 0,
                "total": 0
              }
            },
            {
              "batter": "J Charles",
              "bowler": "Mohammad Hasnain",
              "non_striker": "Umar Siddiq",
              "runs": {
                "batter": 1,
                "extras": 0,
                "total": 1
              }
            }
          ]
        },
        {
          "over": 3,
          "deliveries": [
            {
              "batter": "J Charles",
              "bowler": "Mohammad Nawaz (3)",
              "non_striker": "Umar Siddiq",
              "runs": {
                "batter": 0,
                "extras": 0,
                "total": 0
              }
            },
            {
              "batter": "J Charles",
              "bowler": "Mohammad Nawaz (3)",
              "non_striker": "Umar Siddiq",
              "runs": {
                "batter": 4,
                "extras": 0,
                "total": 4
              }
            },
            {
              "batter": "J Charles",
              "bowler": "Mohammad Nawaz (3)",
              "non_striker": "Umar Siddiq",
              "runs": {
                "batter": 4,
                "extras": 0,
                "total": 4
              }
            },
            {
              "batter": "J Charles",
              "bowler": "Mohammad Nawaz (3)",
              "non_striker": "Umar Siddiq",
              "runs": {
                "batter": 0,
                "extras": 0,
                "total": 0
              }
            },
            {
              "batter": "J Charles",
              "bowler": "Mohammad Nawaz (3)",
              "non_striker": "Umar Siddiq",
              "runs": {
                "batter": 0,
                "extras": 0,
                "total": 0
              }
            },
            {
              "batter": "J Charles",
              "bowler": "Mohammad Nawaz (3)",
              "non_striker": "Umar Siddiq",
              "runs": {
                "batter": 1,
                "extras": 0,
                "total": 1
              }
            }
          ]
        },
        {
          "over": 4,
          "deliveries": [
            {
              "batter": "J Charles",
              "bowler": "Sohail Tanvir",
              "non_striker": "Umar Siddiq",
              "runs": {
                "batter": 1,
                "extras": 0,
                "total": 1
              }
            },
            {
              "batter": "Umar Siddiq",
              "bowler": "Sohail Tanvir",
              "non_striker": "J Charles",
              "runs": {
                "batter": 0,
                "extras": 0,
                "total": 0
              }
            },
            {
              "batter": "Umar Siddiq",
              "bowler": "Sohail Tanvir",
              "non_striker": "J Charles",
              "runs": {
                "batter": 0,
                "extras": 0,
                "total": 0
              }
            },
            {
              "batter": "Umar Siddiq",
              "bowler": "Sohail Tanvir",
              "non_striker": "J Charles",
              "runs": {
                "batter": 0,
                "extras": 0,
                "total": 0
              }
            },
            {
              "batter": "Umar Siddiq",
              "bowler": "Sohail Tanvir",
              "extras": {
                "byes": 4
              },
              "non_striker": "J Charles",
              "runs": {
                "batter": 0,
                "extras": 4,
                "total": 4
              }
            },
            {
              "batter": "Umar Siddiq",
              "bowler": "Sohail Tanvir",
              "non_striker": "J Charles",
              "runs": {
                "batter": 0,
                "extras": 0,
                "total": 0
              }
            }
          ]
        },
        {
          "over": 5,
          "deliveries": [
            {
              "batter": "J Charles",
              "bowler": "DJ Bravo",
              "non_striker": "Umar Siddiq",
              "runs": {
                "batter": 0,
                "extras": 0,
                "total": 0
              }
            },
            {
              "batter": "J Charles",
              "bowler": "DJ Bravo",
              "extras": {
                "wides": 1
              },
              "non_striker": "Umar Siddiq",
              "runs": {
                "batter": 0,
                "extras": 1,
                "total": 1
              }
            },
            {
              "batter": "J Charles",
              "bowler": "DJ Bravo",
              "non_striker": "Umar Siddiq",
              "runs": {
                "batter": 1,
                "extras": 0,
                "total": 1
              }
            },
            {
              "batter": "Umar Siddiq",
              "bowler": "DJ Bravo",
              "non_striker": "J Charles",
              "runs": {
                "batter": 0,
                "extras": 0,
                "total": 0
              }
            },
            {
              "batter": "Umar Siddiq",
              "bowler": "DJ Bravo",
              "non_striker": "J Charles",
              "runs": {
                "batter": 1,
                "extras": 0,
                "total": 1
              }
            },
            {
              "batter": "J Charles",
              "bowler": "DJ Bravo",
              "non_striker": "Umar Siddiq",
              "runs": {
                "batter": 1,
                "extras": 0,
                "total": 1
              }
            },
            {
              "batter": "Umar Siddiq",
              "bowler": "DJ Bravo",
              "non_striker": "J Charles",
              "runs": {
                "batter": 1,
                "extras": 0,
                "total": 1
              }
            }
          ]
        },
        {
          "over": 6,
          "deliveries": [
            {
              "batter": "Umar Siddiq",
              "bowler": "Fawad Ahmed",
              "non_striker": "J Charles",
              "runs": {
                "batter": 0,
                "extras": 0,
                "total": 0
              }
            },
            {
              "batter": "Umar Siddiq",
              "bowler": "Fawad Ahmed",
              "non_striker": "J Charles",
              "runs": {
                "batter": 0,
                "extras": 0,
                "total": 0
              }
            },
            {
              "batter": "Umar Siddiq",
              "bowler": "Fawad Ahmed",
              "non_striker": "J Charles",
              "runs": {
                "batter": 0,
                "extras": 0,
                "total": 0
              }
            },
            {
              "batter": "Umar Siddiq",
              "bowler": "Fawad Ahmed",
              "non_striker": "J Charles",
              "runs": {
                "batter": 1,
                "extras": 0,
                "total": 1
              }
            },
            {
              "batter": "J Charles",
              "bowler": "Fawad Ahmed",
              "non_striker": "Umar Siddiq",
              "runs": {
                "batter": 1,
                "extras": 0,
                "total": 1
              }
            },
            {
              "batter": "Umar Siddiq",
              "bowler": "Fawad Ahmed",
              "non_striker": "J Charles",
              "runs": {
                "batter": 1,
                "extras": 0,
                "total": 1
              }
            }
          ]
        },
        {
          "over": 7,
          "deliveries": [
            {
              "batter": "Umar Siddiq",
              "bowler": "Mohammad Nawaz (3)",
              "non_striker": "J Charles",
              "runs": {
                "batter": 1,
                "extras": 0,
                "total": 1
              }
            },
            {
              "batter": "J Charles",
              "bowler": "Mohammad Nawaz (3)",
              "non_striker": "Umar Siddiq",
              "runs": {
                "batter": 1,
                "extras": 0,
                "total": 1
              }
            },
            {
              "batter": "Umar Siddiq",
              "bowler": "Mohammad Nawaz (3)",
              "non_striker": "J Charles",
              "runs": {
                "batter": 0,
                "extras": 0,
                "total": 0
              }
            },
            {
              "batter": "Umar Siddiq",
              "bowler": "Mohammad Nawaz (3)",
              "non_striker": "J Charles",
              "runs": {
                "batter": 1,
                "extras": 0,
                "total": 1
              }
            },
            {
              "batter": "J Charles",
              "bowler": "Mohammad Nawaz (3)",
              "non_striker": "Umar Siddiq",
              "runs": {
                "batter": 6,
                "extras": 0,
                "total": 6
              }
            },
            {
              "batter": "J Charles",
              "bowler": "Mohammad Nawaz (3)",
              "non_striker": "Umar Siddiq",
              "runs": {
                "batter": 1,
                "extras": 0,
                "total": 1
              }
            }
          ]
        },
        {
          "over": 8,
          "deliveries": [
            {
              "batter": "J Charles",
              "bowler": "Fawad Ahmed",
              "non_striker": "Umar Siddiq",
              "runs": {
                "batter": 4,
                "extras": 0,
                "total": 4
              }
            },
            {
              "batter": "J Charles",
              "bowler": "Fawad Ahmed",
              "non_striker": "Umar Siddiq",
              "review": {
                "by": "Multan Sultans",
                "batter": "J Charles",
                "decision": "upheld"
              },
              "runs": {
                "batter": 0,
                "extras": 0,
                "total": 0
              }
            },
            {
              "batter": "J Charles",
              "bowler": "Fawad Ahmed",
              "non_striker": "Umar Siddiq",
              "runs": {
                "batter": 3,
                "extras": 0,
                "total": 3
              }
            },
            {
              "batter": "Umar Siddiq",
              "bowler": "Fawad Ahmed",
              "non_striker": "J Charles",
              "runs": {
                "batter": 4,
                "extras": 0,
                "total": 4
              }
            },
            {
              "batter": "Umar Siddiq",
              "bowler": "Fawad Ahmed",
              "non_striker": "J Charles",
              "runs": {
                "batter": 1,
                "extras": 0,
                "total": 1
              }
            },
            {
              "batter": "J Charles",
              "bowler": "Fawad Ahmed",
              "non_striker": "Umar Siddiq",
              "runs": {
                "batter": 1,
                "extras": 0,
                "total": 1
              }
            }
          ]
        },
        {
          "over": 9,
          "deliveries": [
            {
              "batter": "J Charles",
              "bowler": "Mohammad Hasnain",
              "non_striker": "Umar Siddiq",
              "runs": {
                "batter": 0,
                "extras": 0,
                "total": 0
              }
            },
            {
              "batter": "J Charles",
              "bowler": "Mohammad Hasnain",
              "non_striker": "Umar Siddiq",
              "runs": {
                "batter": 0,
                "extras": 0,
                "total": 0
              }
            },
            {
              "batter": "J Charles",
              "bowler": "Mohammad Hasnain",
              "non_striker": "Umar Siddiq",
              "runs": {
                "batter": 1,
                "extras": 0,
                "total": 1
              }
            },
            {
              "batter": "Umar Siddiq",
              "bowler": "Mohammad Hasnain",
              "non_striker": "J Charles",
              "runs": {
                "batter": 0,
                "extras": 0,
                "total": 0
              }
            },
            {
              "batter": "Umar Siddiq",
              "bowler": "Mohammad Hasnain",
              "non_striker": "J Charles",
              "runs": {
                "batter": 0,
                "extras": 0,
                "total": 0
              },
              "wickets": [
                {
                  "player_out": "Umar Siddiq",
                  "fielders": [
                    {
                      "name": "SR Watson"
                    }
                  ],
                  "kind": "caught"
                }
              ]
            },
            {
              "batter": "TJ Moores",
              "bowler": "Mohammad Hasnain",
              "non_striker": "J Charles",
              "runs": {
                "batter": 0,
                "extras": 0,
                "total": 0
              }
            }
          ]
        },
        {
          "over": 10,
          "deliveries": [
            {
              "batter": "J Charles",
              "bowler": "Fawad Ahmed",
              "non_striker": "TJ Moores",
              "runs": {
                "batter": 1,
                "extras": 0,
                "total": 1
              }
            },
            {
              "batter": "TJ Moores",
              "bowler": "Fawad Ahmed",
              "non_striker": "J Charles",
              "runs": {
                "batter": 1,
                "extras": 0,
                "total": 1
              }
            },
            {
              "batter": "J Charles",
              "bowler": "Fawad Ahmed",
              "non_striker": "TJ Moores",
              "runs": {
                "batter": 2,
                "extras": 0,
                "total": 2
              }
            },
            {
              "batter": "J Charles",
              "bowler": "Fawad Ahmed",
              "non_striker": "TJ Moores",
              "runs": {
                "batter": 1,
                "extras": 0,
                "total": 1
              }
            },
            {
              "batter": "TJ Moores",
              "bowler": "Fawad Ahmed",
              "non_striker": "J Charles",
              "runs": {
                "batter": 0,
                "extras": 0,
                "total": 0
              }
            },
            {
              "batter": "TJ Moores",
              "bowler": "Fawad Ahmed",
              "non_striker": "J Charles",
              "runs": {
                "batter": 0,
                "extras": 0,
                "total": 0
              }
            }
          ]
        },
        {
          "over": 11,
          "deliveries": [
            {
              "batter": "J Charles",
              "bowler": "Mohammad Nawaz (3)",
              "non_striker": "TJ Moores",
              "runs": {
                "batter": 4,
                "extras": 0,
                "total": 4
              }
            },
            {
              "batter": "J Charles",
              "bowler": "Mohammad Nawaz (3)",
              "non_striker": "TJ Moores",
              "runs": {
                "batter": 4,
                "extras": 0,
                "total": 4
              }
            },
            {
              "batter": "J Charles",
              "bowler": "Mohammad Nawaz (3)",
              "non_striker": "TJ Moores",
              "runs": {
                "batter": 0,
                "extras": 0,
                "total": 0
              },
              "wickets": [
                {
                  "player_out": "J Charles",
                  "kind": "lbw"
                }
              ]
            },
            {
              "batter": "Shoaib Malik",
              "bowler": "Mohammad Nawaz (3)",
              "non_striker": "TJ Moores",
              "runs": {
                "batter": 0,
                "extras": 0,
                "total": 0
              }
            },
            {
              "batter": "Shoaib Malik",
              "bowler": "Mohammad Nawaz (3)",
              "non_striker": "TJ Moores",
              "runs": {
                "batter": 0,
                "extras": 0,
                "total": 0
              }
            },
            {
              "batter": "Shoaib Malik",
              "bowler": "Mohammad Nawaz (3)",
              "non_striker": "TJ Moores",
              "runs": {
                "batter": 0,
                "extras": 0,
                "total": 0
              }
            }
          ]
        },
        {
          "over": 12,
          "deliveries": [
            {
              "batter": "TJ Moores",
              "bowler": "Fawad Ahmed",
              "non_striker": "Shoaib Malik",
              "runs": {
                "batter": 0,
                "extras": 0,
                "total": 0
              }
            },
            {
              "batter": "TJ Moores",
              "bowler": "Fawad Ahmed",
              "non_striker": "Shoaib Malik",
              "runs": {
                "batter": 0,
                "extras": 0,
                "total": 0
              }
            },
            {
              "batter": "TJ Moores",
              "bowler": "Fawad Ahmed",
              "non_striker": "Shoaib Malik",
              "runs": {
                "batter": 3,
                "extras": 0,
                "total": 3
              }
            },
            {
              "batter": "Shoaib Malik",
              "bowler": "Fawad Ahmed",
              "non_striker": "TJ Moores",
              "runs": {
                "batter": 0,
                "extras": 0,
                "total": 0
              }
            },
            {
              "batter": "Shoaib Malik",
              "bowler": "Fawad Ahmed",
              "non_striker": "TJ Moores",
              "runs": {
                "batter": 0,
                "extras": 0,
                "total": 0
              }
            },
            {
              "batter": "Shoaib Malik",
              "bowler": "Fawad Ahmed",
              "non_striker": "TJ Moores",
              "runs": {
                "batter": 1,
                "extras": 0,
                "total": 1
              }
            }
          ]
        },
        {
          "over": 13,
          "deliveries": [
            {
              "batter": "Shoaib Malik",
              "bowler": "DJ Bravo",
              "non_striker": "TJ Moores",
              "runs": {
                "batter": 0,
                "extras": 0,
                "total": 0
              }
            },
            {
              "batter": "Shoaib Malik",
              "bowler": "DJ Bravo",
              "non_striker": "TJ Moores",
              "runs": {
                "batter": 1,
                "extras": 0,
                "total": 1
              }
            },
            {
              "batter": "TJ Moores",
              "bowler": "DJ Bravo",
              "non_striker": "Shoaib Malik",
              "runs": {
                "batter": 0,
                "extras": 0,
                "total": 0
              }
            },
            {
              "batter": "TJ Moores",
              "bowler": "DJ Bravo",
              "non_striker": "Shoaib Malik",
              "runs": {
                "batter": 0,
                "extras": 0,
                "total": 0
              }
            },
            {
              "batter": "TJ Moores",
              "bowler": "DJ Bravo",
              "non_striker": "Shoaib Malik",
              "runs": {
                "batter": 2,
                "extras": 0,
                "total": 2
              }
            },
            {
              "batter": "TJ Moores",
              "bowler": "DJ Bravo",
              "non_striker": "Shoaib Malik",
              "runs": {
                "batter": 1,
                "extras": 0,
                "total": 1
              }
            }
          ]
        },
        {
          "over": 14,
          "deliveries": [
            {
              "batter": "TJ Moores",
              "bowler": "Mohammad Hasnain",
              "non_striker": "Shoaib Malik",
              "runs": {
                "batter": 0,
                "extras": 0,
                "total": 0
              }
            },
            {
              "batter": "TJ Moores",
              "bowler": "Mohammad Hasnain",
              "non_striker": "Shoaib Malik",
              "runs": {
                "batter": 1,
                "extras": 0,
                "total": 1
              }
            },
            {
              "batter": "Shoaib Malik",
              "bowler": "Mohammad Hasnain",
              "non_striker": "TJ Moores",
              "runs": {
                "batter": 0,
                "extras": 0,
                "total": 0
              }
            },
            {
              "batter": "Shoaib Malik",
              "bowler": "Mohammad Hasnain",
              "non_striker": "TJ Moores",
              "runs": {
                "batter": 0,
                "extras": 0,
                "total": 0
              }
            },
            {
              "batter": "Shoaib Malik",
              "bowler": "Mohammad Hasnain",
              "non_striker": "TJ Moores",
              "runs": {
                "batter": 4,
                "extras": 0,
                "total": 4
              }
            },
            {
              "batter": "Shoaib Malik",
              "bowler": "Mohammad Hasnain",
              "non_striker": "TJ Moores",
              "runs": {
                "batter": 6,
                "extras": 0,
                "total": 6
              }
            }
          ]
        },
        {
          "over": 15,
          "deliveries": [
            {
              "batter": "TJ Moores",
              "bowler": "DJ Bravo",
              "non_striker": "Shoaib Malik",
              "runs": {
                "batter": 1,
                "extras": 0,
                "total": 1
              }
            },
            {
              "batter": "Shoaib Malik",
              "bowler": "DJ Bravo",
              "non_striker": "TJ Moores",
              "runs": {
                "batter": 2,
                "extras": 0,
                "total": 2
              }
            },
            {
              "batter": "Shoaib Malik",
              "bowler": "DJ Bravo",
              "non_striker": "TJ Moores",
              "runs": {
                "batter": 1,
                "extras": 0,
                "total": 1
              }
            },
            {
              "batter": "TJ Moores",
              "bowler": "DJ Bravo",
              "non_striker": "Shoaib Malik",
              "runs": {
                "batter": 0,
                "extras": 0,
                "total": 0
              },
              "wickets": [
                {
                  "player_out": "TJ Moores",
                  "kind": "bowled"
                }
              ]
            },
            {
              "batter": "DT Christian",
              "bowler": "DJ Bravo",
              "non_striker": "Shoaib Malik",
              "runs": {
                "batter": 2,
                "extras": 0,
                "total": 2
              },
              "wickets": [
                {
                  "player_out": "DT Christian",
                  "kind": "run out"
                }
              ]
            },
            {
              "batter": "Shahid Afridi",
              "bowler": "DJ Bravo",
              "non_striker": "Shoaib Malik",
              "runs": {
                "batter": 1,
                "extras": 0,
                "total": 1
              }
            }
          ]
        },
        {
          "over": 16,
          "deliveries": [
            {
              "batter": "Shahid Afridi",
              "bowler": "Mohammad Hasnain",
              "extras": {
                "wides": 1
              },
              "non_striker": "Shoaib Malik",
              "runs": {
                "batter": 0,
                "extras": 1,
                "total": 1
              }
            },
            {
              "batter": "Shahid Afridi",
              "bowler": "Mohammad Hasnain",
              "non_striker": "Shoaib Malik",
              "runs": {
                "batter": 1,
                "extras": 0,
                "total": 1
              }
            },
            {
              "batter": "Shoaib Malik",
              "bowler": "Mohammad Hasnain",
              "non_striker": "Shahid Afridi",
              "runs": {
                "batter": 0,
                "extras": 0,
                "total": 0
              }
            },
            {
              "batter": "Shoaib Malik",
              "bowler": "Mohammad Hasnain",
              "non_striker": "Shahid Afridi",
              "runs": {
                "batter": 0,
                "extras": 0,
                "total": 0
              }
            },
            {
              "batter": "Shoaib Malik",
              "bowler": "Mohammad Hasnain",
              "non_striker": "Shahid Afridi",
              "runs": {
                "batter": 2,
                "extras": 0,
                "total": 2
              }
            },
            {
              "batter": "Shoaib Malik",
              "bowler": "Mohammad Hasnain",
              "non_striker": "Shahid Afridi",
              "runs": {
                "batter": 0,
                "extras": 0,
                "total": 0
              }
            },
            {
              "batter": "Shoaib Malik",
              "bowler": "Mohammad Hasnain",
              "non_striker": "Shahid Afridi",
              "runs": {
                "batter": 1,
                "extras": 0,
                "total": 1
              }
            }
          ]
        },
        {
          "over": 17,
          "deliveries": [
            {
              "batter": "Shoaib Malik",
              "bowler": "Sohail Tanvir",
              "non_striker": "Shahid Afridi",
              "runs": {
                "batter": 0,
                "extras": 0,
                "total": 0
              }
            },
            {
              "batter": "Shoaib Malik",
              "bowler": "Sohail Tanvir",
              "non_striker": "Shahid Afridi",
              "runs": {
                "batter": 1,
                "extras": 0,
                "total": 1
              }
            },
            {
              "batter": "Shahid Afridi",
              "bowler": "Sohail Tanvir",
              "non_striker": "Shoaib Malik",
              "runs": {
                "batter": 1,
                "extras": 0,
                "total": 1
              }
            },
            {
              "batter": "Shoaib Malik",
              "bowler": "Sohail Tanvir",
              "non_striker": "Shahid Afridi",
              "runs": {
                "batter": 1,
                "extras": 0,
                "total": 1
              }
            },
            {
              "batter": "Shahid Afridi",
              "bowler": "Sohail Tanvir",
              "extras": {
                "wides": 1
              },
              "non_striker": "Shoaib Malik",
              "runs": {
                "batter": 0,
                "extras": 1,
                "total": 1
              }
            },
            {
              "batter": "Shahid Afridi",
              "bowler": "Sohail Tanvir",
              "extras": {
                "legbyes": 1
              },
              "non_striker": "Shoaib Malik",
              "review": {
                "by": "Quetta Gladiators",
                "batter": "Shahid Afridi",
                "decision": "struck down"
              },
              "runs": {
                "batter": 0,
                "extras": 1,
                "total": 1
              }
            },
            {
              "batter": "Shoaib Malik",
              "bowler": "Sohail Tanvir",
              "non_striker": "Shahid Afridi",
              "runs": {
                "batter": 1,
                "extras": 0,
                "total": 1
              }
            }
          ]
        },
        {
          "over": 18,
          "deliveries": [
            {
              "batter": "Shoaib Malik",
              "bowler": "DJ Bravo",
              "non_striker": "Shahid Afridi",
              "runs": {
                "batter": 0,
                "extras": 0,
                "total": 0
              },
              "wickets": [
                {
                  "player_out": "Shoaib Malik",
                  "fielders": [
                    {
                      "name": "Mohammad Nawaz (3)"
                    }
                  ],
                  "kind": "caught"
                }
              ]
            },
            {
              "batter": "Nauman Ali",
              "bowler": "DJ Bravo",
              "non_striker": "Shahid Afridi",
              "runs": {
                "batter": 1,
                "extras": 0,
                "total": 1
              }
            },
            {
              "batter": "Shahid Afridi",
              "bowler": "DJ Bravo",
              "non_striker": "Nauman Ali",
              "runs": {
                "batter": 1,
                "extras": 0,
                "total": 1
              }
            },
            {
              "batter": "Nauman Ali",
              "bowler": "DJ Bravo",
              "non_striker": "Shahid Afridi",
              "runs": {
                "batter": 1,
                "extras": 0,
                "total": 1
              }
            },
            {
              "batter": "Shahid Afridi",
              "bowler": "DJ Bravo",
              "non_striker": "Nauman Ali",
              "runs": {
                "batter": 0,
                "extras": 0,
                "total": 0
              },
              "wickets": [
                {
                  "player_out": "Shahid Afridi",
                  "fielders": [
                    {
                      "name": "Ahsan Ali"
                    }
                  ],
                  "kind": "caught"
                }
              ]
            },
            {
              "batter": "Nauman Ali",
              "bowler": "DJ Bravo",
              "extras": {
                "legbyes": 1
              },
              "non_striker": "Mohammad Ilyas",
              "runs": {
                "batter": 0,
                "extras": 1,
                "total": 1
              }
            }
          ]
        },
        {
          "over": 19,
          "deliveries": [
            {
              "batter": "Nauman Ali",
              "bowler": "Sohail Tanvir",
              "non_striker": "Mohammad Ilyas",
              "runs": {
                "batter": 1,
                "extras": 0,
                "total": 1
              }
            },
            {
              "batter": "Mohammad Ilyas",
              "bowler": "Sohail Tanvir",
              "extras": {
                "wides": 1
              },
              "non_striker": "Nauman Ali",
              "runs": {
                "batter": 0,
                "extras": 1,
                "total": 1
              }
            },
            {
              "batter": "Mohammad Ilyas",
              "bowler": "Sohail Tanvir",
              "non_striker": "Nauman Ali",
              "runs": {
                "batter": 2,
                "extras": 0,
                "total": 2
              }
            },
            {
              "batter": "Mohammad Ilyas",
              "bowler": "Sohail Tanvir",
              "non_striker": "Nauman Ali",
              "runs": {
                "batter": 0,
                "extras": 0,
                "total": 0
              },
              "wickets": [
                {
                  "player_out": "Mohammad Ilyas",
                  "fielders": [
                    {
                      "name": "DJ Bravo"
                    }
                  ],
                  "kind": "caught"
                }
              ]
            },
            {
              "batter": "Nauman Ali",
              "bowler": "Sohail Tanvir",
              "non_striker": "Mohammad Irfan",
              "runs": {
                "batter": 0,
                "extras": 0,
                "total": 0
              },
              "wickets": [
                {
                  "player_out": "Nauman Ali",
                  "fielders": [
                    {
                      "name": "RR Rossouw"
                    }
                  ],
                  "kind": "caught"
                }
              ]
            },
            {
              "batter": "Mohammad Abbas",
              "bowler": "Sohail Tanvir",
              "non_striker": "Mohammad Irfan",
              "runs": {
                "batter": 1,
                "extras": 0,
                "total": 1
              }
            },
            {
              "batter": "Mohammad Irfan",
              "bowler": "Sohail Tanvir",
              "non_striker": "Mohammad Abbas",
              "runs": {
                "batter": 0,
                "extras": 0,
                "total": 0
              },
              "wickets": [
                {
                  "player_out": "Mohammad Irfan",
                  "kind": "bowled"
                }
              ]
            }
          ]
        }
      ],
      "powerplays": [
        {
          "from": 0.1,
          "to": 5.7,
          "type": "mandatory"
        }
      ]
    },
    {
      "team": "Quetta Gladiators",
      "overs": [
        {
          "over": 0,
          "deliveries": [
            {
              "batter": "SR Watson",
              "bowler": "Mohammad Abbas",
              "non_striker": "Ahsan Ali",
              "runs": {
                "batter": 0,
                "extras": 0,
                "total": 0
              }
            },
            {
              "batter": "SR Watson",
              "bowler": "Mohammad Abbas",
              "non_striker": "Ahsan Ali",
              "runs": {
                "batter": 4,
                "extras": 0,
                "total": 4
              }
            },
            {
              "batter": "SR Watson",
              "bowler": "Mohammad Abbas",
              "non_striker": "Ahsan Ali",
              "runs": {
                "batter": 0,
                "extras": 0,
                "total": 0
              }
            },
            {
              "batter": "SR Watson",
              "bowler": "Mohammad Abbas",
              "non_striker": "Ahsan Ali",
              "runs": {
                "batter": 0,
                "extras": 0,
                "total": 0
              }
            },
            {
              "batter": "SR Watson",
              "bowler": "Mohammad Abbas",
              "non_striker": "Ahsan Ali",
              "runs": {
                "batter": 0,
                "extras": 0,
                "total": 0
              }
            },
            {
              "batter": "SR Watson",
              "bowler": "Mohammad Abbas",
              "non_striker": "Ahsan Ali",
              "runs": {
                "batter": 0,
                "extras": 0,
                "total": 0
              }
            }
          ]
        },
        {
          "over": 1,
          "deliveries": [
            {
              "batter": "Ahsan Ali",
              "bowler": "Mohammad Irfan",
              "non_striker": "SR Watson",
              "runs": {
                "batter": 0,
                "extras": 0,
                "total": 0
              }
            },
            {
              "batter": "Ahsan Ali",
              "bowler": "Mohammad Irfan",
              "non_striker": "SR Watson",
              "runs": {
                "batter": 4,
                "extras": 0,
                "total": 4
              }
            },
            {
              "batter": "Ahsan Ali",
              "bowler": "Mohammad Irfan",
              "non_striker": "SR Watson",
              "runs": {
                "batter": 0,
                "extras": 0,
                "total": 0
              }
            },
            {
              "batter": "Ahsan Ali",
              "bowler": "Mohammad Irfan",
              "non_striker": "SR Watson",
              "runs": {
                "batter": 1,
                "extras": 0,
                "total": 1
              }
            },
            {
              "batter": "SR Watson",
              "bowler": "Mohammad Irfan",
              "non_striker": "Ahsan Ali",
              "runs": {
                "batter": 0,
                "extras": 0,
                "total": 0
              }
            },
            {
              "batter": "SR Watson",
              "bowler": "Mohammad Irfan",
              "non_striker": "Ahsan Ali",
              "runs": {
                "batter": 1,
                "extras": 0,
                "total": 1
              }
            }
          ]
        },
        {
          "over": 2,
          "deliveries": [
            {
              "batter": "SR Watson",
              "bowler": "Nauman Ali",
              "non_striker": "Ahsan Ali",
              "runs": {
                "batter": 0,
                "extras": 0,
                "total": 0
              }
            },
            {
              "batter": "SR Watson",
              "bowler": "Nauman Ali",
              "non_striker": "Ahsan Ali",
              "runs": {
                "batter": 0,
                "extras": 0,
                "total": 0
              }
            },
            {
              "batter": "SR Watson",
              "bowler": "Nauman Ali",
              "non_striker": "Ahsan Ali",
              "runs": {
                "batter": 0,
                "extras": 0,
                "total": 0
              }
            },
            {
              "batter": "SR Watson",
              "bowler": "Nauman Ali",
              "non_striker": "Ahsan Ali",
              "runs": {
                "batter": 4,
                "extras": 0,
                "total": 4
              }
            },
            {
              "batter": "SR Watson",
              "bowler": "Nauman Ali",
              "non_striker": "Ahsan Ali",
              "runs": {
                "batter": 0,
                "extras": 0,
                "total": 0
              }
            },
            {
              "batter": "SR Watson",
              "bowler": "Nauman Ali",
              "non_striker": "Ahsan Ali",
              "runs": {
                "batter": 0,
                "extras": 0,
                "total": 0
              }
            }
          ]
        },
        {
          "over": 3,
          "deliveries": [
            {
              "batter": "Ahsan Ali",
              "bowler": "Mohammad Abbas",
              "non_striker": "SR Watson",
              "runs": {
                "batter": 4,
                "extras": 0,
                "total": 4
              }
            },
            {
              "batter": "Ahsan Ali",
              "bowler": "Mohammad Abbas",
              "non_striker": "SR Watson",
              "runs": {
                "batter": 0,
                "extras": 0,
                "total": 0
              }
            },
            {
              "batter": "Ahsan Ali",
              "bowler": "Mohammad Abbas",
              "non_striker": "SR Watson",
              "runs": {
                "batter": 0,
                "extras": 0,
                "total": 0
              }
            },
            {
              "batter": "Ahsan Ali",
              "bowler": "Mohammad Abbas",
              "non_striker": "SR Watson",
              "runs": {
                "batter": 5,
                "extras": 0,
                "total": 5
              }
            },
            {
              "batter": "SR Watson",
              "bowler": "Mohammad Abbas",
              "non_striker": "Ahsan Ali",
              "runs": {
                "batter": 4,
                "extras": 0,
                "total": 4
              }
            },
            {
              "batter": "SR Watson",
              "bowler": "Mohammad Abbas",
              "non_striker": "Ahsan Ali",
              "runs": {
                "batter": 6,
                "extras": 0,
                "total": 6
              }
            }
          ]
        },
        {
          "over": 4,
          "deliveries": [
            {
              "batter": "Ahsan Ali",
              "bowler": "Nauman Ali",
              "non_striker": "SR Watson",
              "runs": {
                "batter": 1,
                "extras": 0,
                "total": 1
              }
            },
            {
              "batter": "SR Watson",
              "bowler": "Nauman Ali",
              "non_striker": "Ahsan Ali",
              "runs": {
                "batter": 4,
                "extras": 0,
                "total": 4
              }
            },
            {
              "batter": "SR Watson",
              "bowler": "Nauman Ali",
              "non_striker": "Ahsan Ali",
              "runs": {
                "batter": 2,
                "extras": 0,
                "total": 2
              }
            },
            {
              "batter": "SR Watson",
              "bowler": "Nauman Ali",
              "non_striker": "Ahsan Ali",
              "runs": {
                "batter": 0,
                "extras": 0,
                "total": 0
              }
            },
            {
              "batter": "SR Watson",
              "bowler": "Nauman Ali",
              "non_striker": "Ahsan Ali",
              "runs": {
                "batter": 0,
                "extras": 0,
                "total": 0
              }
            },
            {
              "batter": "SR Watson",
              "bowler": "Nauman Ali",
              "non_striker": "Ahsan Ali",
              "runs": {
                "batter": 0,
                "extras": 0,
                "total": 0
              }
            }
          ]
        },
        {
          "over": 5,
          "deliveries": [
            {
              "batter": "Ahsan Ali",
              "bowler": "Shahid Afridi",
              "non_striker": "SR Watson",
              "runs": {
                "batter": 1,
                "extras": 0,
                "total": 1
              }
            },
            {
              "batter": "SR Watson",
              "bowler": "Shahid Afridi",
              "non_striker": "Ahsan Ali",
              "runs": {
                "batter": 0,
                "extras": 0,
                "total": 0
              }
            },
            {
              "batter": "SR Watson",
              "bowler": "Shahid Afridi",
              "non_striker": "Ahsan Ali",
              "runs": {
                "batter": 4,
                "extras": 0,
                "total": 4
              }
            },
            {
              "batter": "SR Watson",
              "bowler": "Shahid Afridi",
              "non_striker": "Ahsan Ali",
              "runs": {
                "batter": 4,
                "extras": 0,
                "total": 4
              }
            },
            {
              "batter": "SR Watson",
              "bowler": "Shahid Afridi",
              "non_striker": "Ahsan Ali",
              "runs": {
                "batter": 0,
                "extras": 0,
                "total": 0
              },
              "wickets": [
                {
                  "player_out": "SR Watson",
                  "kind": "bowled"
                }
              ]
            },
            {
              "batter": "Ahmed Shehzad",
              "bowler": "Shahid Afridi",
              "non_striker": "Ahsan Ali",
              "runs": {
                "batter": 1,
                "extras": 0,
                "total": 1
              }
            }
          ]
        },
        {
          "over": 6,
          "deliveries": [
            {
              "batter": "Ahmed Shehzad",
              "bowler": "Nauman Ali",
              "non_striker": "Ahsan Ali",
              "runs": {
                "batter": 0,
                "extras": 0,
                "total": 0
              }
            },
            {
              "batter": "Ahmed Shehzad",
              "bowler": "Nauman Ali",
              "non_striker": "Ahsan Ali",
              "runs": {
                "batter": 0,
                "extras": 0,
                "total": 0
              }
            },
            {
              "batter": "Ahmed Shehzad",
              "bowler": "Nauman Ali",
              "extras": {
                "noballs": 1
              },
              "non_striker": "Ahsan Ali",
              "runs": {
                "batter": 0,
                "extras": 1,
                "total": 1
              }
            },
            {
              "batter": "Ahmed Shehzad",
              "bowler": "Nauman Ali",
              "non_striker": "Ahsan Ali",
              "runs": {
                "batter": 0,
                "extras": 0,
                "total": 0
              }
            },
            {
              "batter": "Ahmed Shehzad",
              "bowler": "Nauman Ali",
              "non_striker": "Ahsan Ali",
              "runs": {
                "batter": 0,
                "extras": 0,
                "total": 0
              }
            },
            {
              "batter": "Ahmed Shehzad",
              "bowler": "Nauman Ali",
              "non_striker": "Ahsan Ali",
              "runs": {
                "batter": 1,
                "extras": 0,
                "total": 1
              }
            },
            {
              "batter": "Ahsan Ali",
              "bowler": "Nauman Ali",
              "non_striker": "Ahmed Shehzad",
              "runs": {
                "batter": 0,
                "extras": 0,
                "total": 0
              }
            }
          ]
        },
        {
          "over": 7,
          "deliveries": [
            {
              "batter": "Ahmed Shehzad",
              "bowler": "Shahid Afridi",
              "extras": {
                "legbyes": 1
              },
              "non_striker": "Ahsan Ali",
              "runs": {
                "batter": 0,
                "extras": 1,
                "total": 1
              }
            },
            {
              "batter": "Ahsan Ali",
              "bowler": "Shahid Afridi",
              "non_striker": "Ahmed Shehzad",
              "runs": {
                "batter": 1,
                "extras": 0,
                "total": 1
              }
            },
            {
              "batter": "Ahmed Shehzad",
              "bowler": "Shahid Afridi",
              "non_striker": "Ahsan Ali",
              "runs": {
                "batter": 1,
                "extras": 0,
                "total": 1
              }
            },
            {
              "batter": "Ahsan Ali",
              "bowler": "Shahid Afridi",
              "non_striker": "Ahmed Shehzad",
              "runs": {
                "batter": 0,
                "extras": 0,
                "total": 0
              }
            },
            {
              "batter": "Ahsan Ali",
              "bowler": "Shahid Afridi",
              "non_striker": "Ahmed Shehzad",
              "runs": {
                "batter": 0,
                "extras": 0,
                "total": 0
              }
            },
            {
              "batter": "Ahsan Ali",
              "bowler": "Shahid Afridi",
              "non_striker": "Ahmed Shehzad",
              "runs": {
                "batter": 0,
                "extras": 0,
                "total": 0
              },
              "wickets": [
                {
                  "player_out": "Ahsan Ali",
                  "kind": "bowled"
                }
              ]
            }
          ]
        },
        {
          "over": 8,
          "deliveries": [
            {
              "batter": "Ahmed Shehzad",
              "bowler": "Shoaib Malik",
              "non_striker": "RR Rossouw",
              "runs": {
                "batter": 1,
                "extras": 0,
                "total": 1
              }
            },
            {
              "batter": "RR Rossouw",
              "bowler": "Shoaib Malik",
              "non_striker": "Ahmed Shehzad",
              "runs": {
                "batter": 1,
                "extras": 0,
                "total": 1
              }
            },
            {
              "batter": "Ahmed Shehzad",
              "bowler": "Shoaib Malik",
              "non_striker": "RR Rossouw",
              "runs": {
                "batter": 1,
                "extras": 0,
                "total": 1
              }
            },
            {
              "batter": "RR Rossouw",
              "bowler": "Shoaib Malik",
              "non_striker": "Ahmed Shehzad",
              "runs": {
                "batter": 0,
                "extras": 0,
                "total": 0
              }
            },
            {
              "batter": "RR Rossouw",
              "bowler": "Shoaib Malik",
              "non_striker": "Ahmed Shehzad",
              "runs": {
                "batter": 2,
                "extras": 0,
                "total": 2
              }
            },
            {
              "batter": "RR Rossouw",
              "bowler": "Shoaib Malik",
              "non_striker": "Ahmed Shehzad",
              "runs": {
                "batter": 1,
                "extras": 0,
                "total": 1
              }
            }
          ]
        },
        {
          "over": 9,
          "deliveries": [
            {
              "batter": "RR Rossouw",
              "bowler": "Shahid Afridi",
              "non_striker": "Ahmed Shehzad",
              "runs": {
                "batter": 0,
                "extras": 0,
                "total": 0
              }
            },
            {
              "batter": "RR Rossouw",
              "bowler": "Shahid Afridi",
              "non_striker": "Ahmed Shehzad",
              "review": {
                "by": "Multan Sultans",
                "batter": "RR Rossouw",
                "decision": "struck down"
              },
              "runs": {
                "batter": 0,
                "extras": 0,
                "total": 0
              }
            },
            {
              "batter": "RR Rossouw",
              "bowler": "Shahid Afridi",
              "non_striker": "Ahmed Shehzad",
              "runs": {
                "batter": 1,
                "extras": 0,
                "total": 1
              }
            },
            {
              "batter": "Ahmed Shehzad",
              "bowler": "Shahid Afridi",
              "non_striker": "RR Rossouw",
              "runs": {
                "batter": 1,
                "extras": 0,
                "total": 1
              }
            },
            {
              "batter": "RR Rossouw",
              "bowler": "Shahid Afridi",
              "non_striker": "Ahmed Shehzad",
              "runs": {
                "batter": 1,
                "extras": 0,
                "total": 1
              }
            },
            {
              "batter": "Ahmed Shehzad",
              "bowler": "Shahid Afridi",
              "non_striker": "RR Rossouw",
              "runs": {
                "batter": 0,
                "extras": 0,
                "total": 0
              }
            }
          ]
        },
        {
          "over": 10,
          "deliveries": [
            {
              "batter": "RR Rossouw",
              "bowler": "Shoaib Malik",
              "non_striker": "Ahmed Shehzad",
              "runs": {
                "batter": 4,
                "extras": 0,
                "total": 4
              }
            },
            {
              "batter": "RR Rossouw",
              "bowler": "Shoaib Malik",
              "non_striker": "Ahmed Shehzad",
              "runs": {
                "batter": 1,
                "extras": 0,
                "total": 1
              }
            },
            {
              "batter": "Ahmed Shehzad",
              "bowler": "Shoaib Malik",
              "non_striker": "RR Rossouw",
              "runs": {
                "batter": 1,
                "extras": 0,
                "total": 1
              }
            },
            {
              "batter": "RR Rossouw",
              "bowler": "Shoaib Malik",
              "non_striker": "Ahmed Shehzad",
              "runs": {
                "batter": 2,
                "extras": 0,
                "total": 2
              }
            },
            {
              "batter": "RR Rossouw",
              "bowler": "Shoaib Malik",
              "non_striker": "Ahmed Shehzad",
              "runs": {
                "batter": 1,
                "extras": 0,
                "total": 1
              }
            },
            {
              "batter": "Ahmed Shehzad",
              "bowler": "Shoaib Malik",
              "non_striker": "RR Rossouw",
              "runs": {
                "batter": 1,
                "extras": 0,
                "total": 1
              }
            }
          ]
        },
        {
          "over": 11,
          "deliveries": [
            {
              "batter": "Ahmed Shehzad",
              "bowler": "Shahid Afridi",
              "non_striker": "RR Rossouw",
              "runs": {
                "batter": 0,
                "extras": 0,
                "total": 0
              }
            },
            {
              "batter": "Ahmed Shehzad",
              "bowler": "Shahid Afridi",
              "non_striker": "RR Rossouw",
              "runs": {
                "batter": 1,
                "extras": 0,
                "total": 1
              }
            },
            {
              "batter": "RR Rossouw",
              "bowler": "Shahid Afridi",
              "non_striker": "Ahmed Shehzad",
              "runs": {
                "batter": 0,
                "extras": 0,
                "total": 0
              }
            },
            {
              "batter": "RR Rossouw",
              "bowler": "Shahid Afridi",
              "extras": {
                "legbyes": 1
              },
              "non_striker": "Ahmed Shehzad",
              "runs": {
                "batter": 0,
                "extras": 1,
                "total": 1
              }
            },
            {
              "batter": "Ahmed Shehzad",
              "bowler": "Shahid Afridi",
              "non_striker": "RR Rossouw",
              "runs": {
                "batter": 1,
                "extras": 0,
                "total": 1
              }
            },
            {
              "batter": "RR Rossouw",
              "bowler": "Shahid Afridi",
              "non_striker": "Ahmed Shehzad",
              "runs": {
                "batter": 1,
                "extras": 0,
                "total": 1
              }
            }
          ]
        },
        {
          "over": 12,
          "deliveries": [
            {
              "batter": "RR Rossouw",
              "bowler": "Shoaib Malik",
              "non_striker": "Ahmed Shehzad",
              "runs": {
                "batter": 0,
                "extras": 0,
                "total": 0
              }
            },
            {
              "batter": "RR Rossouw",
              "bowler": "Shoaib Malik",
              "non_striker": "Ahmed Shehzad",
              "runs": {
                "batter": 0,
                "extras": 0,
                "total": 0
              }
            },
            {
              "batter": "RR Rossouw",
              "bowler": "Shoaib Malik",
              "non_striker": "Ahmed Shehzad",
              "runs": {
                "batter": 1,
                "extras": 0,
                "total": 1
              }
            },
            {
              "batter": "Ahmed Shehzad",
              "bowler": "Shoaib Malik",
              "non_striker": "RR Rossouw",
              "runs": {
                "batter": 1,
                "extras": 0,
                "total": 1
              }
            },
            {
              "batter": "RR Rossouw",
              "bowler": "Shoaib Malik",
              "non_striker": "Ahmed Shehzad",
              "runs": {
                "batter": 1,
                "extras": 0,
                "total": 1
              }
            },
            {
              "batter": "Ahmed Shehzad",
              "bowler": "Shoaib Malik",
              "non_striker": "RR Rossouw",
              "runs": {
                "batter": 0,
                "extras": 0,
                "total": 0
              }
            }
          ]
        },
        {
          "over": 13,
          "deliveries": [
            {
              "batter": "RR Rossouw",
              "bowler": "Nauman Ali",
              "non_striker": "Ahmed Shehzad",
              "runs": {
                "batter": 2,
                "extras": 0,
                "total": 2
              }
            },
            {
              "batter": "RR Rossouw",
              "bowler": "Nauman Ali",
              "non_striker": "Ahmed Shehzad",
              "runs": {
                "batter": 0,
                "extras": 0,
                "total": 0
              }
            },
            {
              "batter": "RR Rossouw",
              "bowler": "Nauman Ali",
              "non_striker": "Ahmed Shehzad",
              "runs": {
                "batter": 4,
                "extras": 0,
                "total": 4
              }
            },
            {
              "batter": "RR Rossouw",
              "bowler": "Nauman Ali",
              "non_striker": "Ahmed Shehzad",
              "runs": {
                "batter": 1,
                "extras": 0,
                "total": 1
              }
            },
            {
              "batter": "Ahmed Shehzad",
              "bowler": "Nauman Ali",
              "non_striker": "RR Rossouw",
              "runs": {
                "batter": 1,
                "extras": 0,
                "total": 1
              }
            },
            {
              "batter": "RR Rossouw",
              "bowler": "Nauman Ali",
              "non_striker": "Ahmed Shehzad",
              "runs": {
                "batter": 4,
                "extras": 0,
                "total": 4
              }
            }
          ]
        },
        {
          "over": 14,
          "deliveries": [
            {
              "batter": "Ahmed Shehzad",
              "bowler": "Shoaib Malik",
              "extras": {
                "wides": 1
              },
              "non_striker": "RR Rossouw",
              "runs": {
                "batter": 0,
                "extras": 1,
                "total": 1
              }
            },
            {
              "batter": "Ahmed Shehzad",
              "bowler": "Shoaib Malik",
              "non_striker": "RR Rossouw",
              "runs": {
                "batter": 1,
                "extras": 0,
                "total": 1
              }
            },
            {
              "batter": "RR Rossouw",
              "bowler": "Shoaib Malik",
              "non_striker": "Ahmed Shehzad",
              "review": {
                "by": "Quetta Gladiators",
                "batter": "RR Rossouw",
                "decision": "upheld"
              },
              "runs": {
                "batter": 0,
                "extras": 0,
                "total": 0
              }
            },
            {
              "batter": "RR Rossouw",
              "bowler": "Shoaib Malik",
              "non_striker": "Ahmed Shehzad",
              "runs": {
                "batter": 0,
                "extras": 0,
                "total": 0
              }
            },
            {
              "batter": "RR Rossouw",
              "bowler": "Shoaib Malik",
              "non_striker": "Ahmed Shehzad",
              "runs": {
                "batter": 0,
                "extras": 0,
                "total": 0
              }
            },
            {
              "batter": "RR Rossouw",
              "bowler": "Shoaib Malik",
              "non_striker": "Ahmed Shehzad",
              "runs": {
                "batter": 1,
                "extras": 0,
                "total": 1
              }
            },
            {
              "batter": "Ahmed Shehzad",
              "bowler": "Shoaib Malik",
              "non_striker": "RR Rossouw",
              "runs": {
                "batter": 0,
                "extras": 0,
                "total": 0
              }
            }
          ]
        },
        {
          "over": 15,
          "deliveries": [
            {
              "batter": "RR Rossouw",
              "bowler": "Mohammad Abbas",
              "non_striker": "Ahmed Shehzad",
              "runs": {
                "batter": 1,
                "extras": 0,
                "total": 1
              }
            },
            {
              "batter": "Ahmed Shehzad",
              "bowler": "Mohammad Abbas",
              "non_striker": "RR Rossouw",
              "runs": {
                "batter": 1,
                "extras": 0,
                "total": 1
              }
            },
            {
              "batter": "RR Rossouw",
              "bowler": "Mohammad Abbas",
              "non_striker": "Ahmed Shehzad",
              "runs": {
                "batter": 0,
                "extras": 0,
                "total": 0
              }
            },
            {
              "batter": "RR Rossouw",
              "bowler": "Mohammad Abbas",
              "non_striker": "Ahmed Shehzad",
              "runs": {
                "batter": 2,
                "extras": 0,
                "total": 2
              }
            },
            {
              "batter": "RR Rossouw",
              "bowler": "Mohammad Abbas",
              "non_striker": "Ahmed Shehzad",
              "runs": {
                "batter": 2,
                "extras": 0,
                "total": 2
              }
            },
            {
              "batter": "RR Rossouw",
              "bowler": "Mohammad Abbas",
              "non_striker": "Ahmed Shehzad",
              "runs": {
                "batter": 1,
                "extras": 0,
                "total": 1
              },
              "wickets": [
                {
                  "player_out": "RR Rossouw",
                  "kind": "run out"
                }
              ]
            }
          ]
        },
        {
          "over": 16,
          "deliveries": [
            {
              "batter": "Ahmed Shehzad",
              "bowler": "Mohammad Ilyas",
              "non_striker": "Umar Akmal",
              "runs": {
                "batter": 0,
                "extras": 0,
                "total": 0
              }
            },
            {
              "batter": "Ahmed Shehzad",
              "bowler": "Mohammad Ilyas",
              "non_striker": "Umar Akmal",
              "runs": {
                "batter": 2,
                "extras": 0,
                "total": 2
              }
            },
            {
              "batter": "Ahmed Shehzad",
              "bowler": "Mohammad Ilyas",
              "non_striker": "Umar Akmal",
              "runs": {
                "batter": 0,
                "extras": 0,
                "total": 0
              }
            },
            {
              "batter": "Ahmed Shehzad",
              "bowler": "Mohammad Ilyas",
              "non_striker": "Umar Akmal",
              "runs": {
                "batter": 1,
                "extras": 0,
                "total": 1
              }
            },
            {
              "batter": "Umar Akmal",
              "bowler": "Mohammad Ilyas",
              "non_striker": "Ahmed Shehzad",
              "runs": {
                "batter": 0,
                "extras": 0,
                "total": 0
              }
            },
            {
              "batter": "Umar Akmal",
              "bowler": "Mohammad Ilyas",
              "non_striker": "Ahmed Shehzad",
              "runs": {
                "batter": 0,
                "extras": 0,
                "total": 0
              },
              "wickets": [
                {
                  "player_out": "Umar Akmal",
                  "fielders": [
                    {
                      "name": "Shan Masood",
                      "substitute": true
                    }
                  ],
                  "kind": "caught"
                }
              ]
            }
          ]
        },
        {
          "over": 17,
          "deliveries": [
            {
              "batter": "Ahmed Shehzad",
              "bowler": "Mohammad Abbas",
              "non_striker": "DJ Bravo",
              "runs": {
                "batter": 0,
                "extras": 0,
                "total": 0
              }
            },
            {
              "batter": "Ahmed Shehzad",
              "bowler": "Mohammad Abbas",
              "non_striker": "DJ Bravo",
              "runs": {
                "batter": 1,
                "extras": 0,
                "total": 1
              }
            },
            {
              "batter": "DJ Bravo",
              "bowler": "Mohammad Abbas",
              "non_striker": "Ahmed Shehzad",
              "runs": {
                "batter": 1,
                "extras": 0,
                "total": 1
              }
            },
            {
              "batter": "Ahmed Shehzad",
              "bowler": "Mohammad Abbas",
              "non_striker": "DJ Bravo",
              "runs": {
                "batter": 1,
                "extras": 0,
                "total": 1
              }
            },
            {
              "batter": "DJ Bravo",
              "bowler": "Mohammad Abbas",
              "extras": {
                "legbyes": 1
              },
              "non_striker": "Ahmed Shehzad",
              "runs": {
                "batter": 0,
                "extras": 1,
                "total": 1
              }
            },
            {
              "batter": "Ahmed Shehzad",
              "bowler": "Mohammad Abbas",
              "non_striker": "DJ Bravo",
              "runs": {
                "batter": 0,
                "extras": 0,
                "total": 0
              }
            }
          ]
        },
        {
          "over": 18,
          "deliveries": [
            {
              "batter": "DJ Bravo",
              "bowler": "Mohammad Ilyas",
              "non_striker": "Ahmed Shehzad",
              "runs": {
                "batter": 1,
                "extras": 0,
                "total": 1
              }
            },
            {
              "batter": "Ahmed Shehzad",
              "bowler": "Mohammad Ilyas",
              "non_striker": "DJ Bravo",
              "runs": {
                "batter": 4,
                "extras": 0,
                "total": 4
              }
            },
            {
              "batter": "Ahmed Shehzad",
              "bowler": "Mohammad Ilyas",
              "non_striker": "DJ Bravo",
              "runs": {
                "batter": 1,
                "extras": 0,
                "total": 1
              }
            },
            {
              "batter": "DJ Bravo",
              "bowler": "Mohammad Ilyas",
              "non_striker": "Ahmed Shehzad",
              "runs": {
                "batter": 0,
                "extras": 0,
                "total": 0
              }
            },
            {
              "batter": "DJ Bravo",
              "bowler": "Mohammad Ilyas",
              "extras": {
                "wides": 1
              },
              "non_striker": "Ahmed Shehzad",
              "runs": {
                "batter": 0,
                "extras": 1,
                "total": 1
              }
            },
            {
              "batter": "DJ Bravo",
              "bowler": "Mohammad Ilyas",
              "extras": {
                "legbyes": 1
              },
              "non_striker": "Ahmed Shehzad",
              "runs": {
                "batter": 0,
                "extras": 1,
                "total": 1
              }
            },
            {
              "batter": "Ahmed Shehzad",
              "bowler": "Mohammad Ilyas",
              "non_striker": "DJ Bravo",
              "runs": {
                "batter": 4,
                "extras": 0,
                "total": 4
              }
            }
          ]
        }
      ],
      "powerplays": [
        {
          "from": 0.1,
          "to": 5.6,
          "type": "mandatory"
        }
      ],
      "target": {
        "overs": 20,
        "runs": 122
      }
    }
  ]
}