{
  "meta": {
    "data_version": "1.1.0",
    "created": "2023-03-11",
    "revision": 2
  },
  "info": {
    "balls_per_over": 6,
    "city": "Rawalpindi",
    "dates": [
      "2023-03-08"
    ],
    "event": {
      "name": "Pakistan Super League",
      "match_number": 25
    },
    "gender": "male",
    "match_type": "T20",
    "officials": {
      "match_referees": [
        "Ali Naqvi"
      ],
      "reserve_umpires": [
        "Nasir Hussain"
      ],
      "tv_umpires": [
        "AG Wharf"
      ],
      "umpires": [
        "Ahsan Raza",
        "MJ Saggers"
      ]
    },
    "outcome": {
      "winner": "Quetta Gladiators",
      "by": {
        "wickets": 8
      }
    },
    "overs": 20,
    "player_of_match": [
      "JJ Roy"
    ],
    "players": {
      "Peshawar Zalmi": [
        "Saim Ayub",
        "Babar Azam",
        "R Powell",
        "T Kohler-Cadmore",
        "Mohammad Haris",
        "Haseebullah Khan",
        "Aamer Jamal",
        "Wahab Riaz",
        "Azmatullah Omarzai",
        "Mujeeb Ur Rahman",
        "Arshad Iqbal"
      ],
      "Quetta Gladiators": [
        "JJ Roy",
        "MJ Guptill",
        "WCF Smeed",
        "Mohammad Hafeez",
        "Mohammad Nawaz",
        "Iftikhar Ahmed",
        "Umar Akmal",
        "D Pretorius",
        "Naseem Shah",
        "Mohammad Hasnain",
        "Aimal Khan"
      ]
    },
    "registry": {
      "people": {
        "AG Wharf": "2e0fcc58",
        "Aamer Jamal": "a8e54ef4",
        "Ahsan Raza": "e0e5b209",
        "Aimal Khan": "774e65b3",
        "Ali Naqvi": "3c89fc88",
        "Arshad Iqbal": "ed031922",
        "Azmatullah Omarzai": "8f6dd463",
        "Babar Azam": "8a75e999",
        "D Pretorius": "11614d87",
        "Haseebullah Khan": "5691931a",
        "Iftikhar Ahmed": "29e253dd",
        "JJ Roy": "d1c36f5c",
        "MJ Guptill": "2be41edb",
        "MJ Saggers": "402d5937",
        "Mohammad Hafeez": "9ab63e7b",
        "Mohammad Haris": "ff3f6fc1",
        "Mohammad Hasnain": "8596fe80",
        "Mohammad Nawaz": "3086f7a4",
        "Mujeeb Ur Rahman": "7d92277a",
        "Naseem Shah": "9c9af282",
        "Nasir Hussain": "5b2fe85b",
        "R Powell": "650d5e49",
        "Saim Ayub": "33609a8c",
        "T Kohler-Cadmore": "f836b33d",
        "Umar Akmal": "fd2bf2a0",
        "WCF Smeed": "4e18e961",
        "Wahab Riaz": "b3118300"
      }
    },
    "season": "2022/23",
    "team_type": "club",
    "teams": [
      "Peshawar Zalmi",
      "Quetta Gladiators"
    ],
    "toss": {
      "decision": "bat",
      "winner": "Peshawar Zalmi"
    },
    "venue": "Rawalpindi Cricket Stadium"
  },
  "innings": [
    {
      "team": "Peshawar Zalmi",
      "overs": [
        {
          "over": 0,
          "deliveries": [
            {
              "batter": "Saim Ayub",
              "bowler": "Naseem Shah",
              "non_striker": "Babar Azam",
              "runs": {
                "batter": 4,
                "extras": 0,
                "total": 4
              }
            },
            {
              "batter": "Saim Ayub",
              "bowler": "Naseem Shah",
              "non_striker": "Babar Azam",
              "runs": {
                "batter": 0,
                "extras": 0,
                "total": 0
              }
            },
            {
              "batter": "Saim Ayub",
              "bowler": "Naseem Shah",
              "non_striker": "Babar Azam",
              "runs": {
                "batter": 1,
                "extras": 0,
                "total": 1
              }
            },
            {
              "batter": "Babar Azam",
              "bowler": "Naseem Shah",
              "non_striker": "Saim Ayub",
              "runs": {
                "batter": 0,
                "extras": 0,
                "total": 0
              }
            },
            {
              "batter": "Babar Azam",
              "bowler": "Naseem Shah",
              "non_striker": "Saim Ayub",
              "runs": {
                "batter": 4,
                "extras": 0,
                "total": 4
              }
            },
            {
              "batter": "Babar Azam",
              "bowler": "Naseem Shah",
              "non_striker": "Saim Ayub",
              "runs": {
                "batter": 0,
                "extras": 0,
                "total": 0
              }
            }
          ]
        },
        {
          "over": 1,
          "deliveries": [
            {
              "batter": "Saim Ayub",
              "bowler": "Aimal Khan",
              "non_striker": "Babar Azam",
              "runs": {
                "batter": 0,
                "extras": 0,
                "total": 0
              }
            },
            {
              "batter": "Saim Ayub",
              "bowler": "Aimal Khan",
              "non_striker": "Babar Azam",
              "runs": {
                "batter": 1,
                "extras": 0,
                "total": 1
              }
            },
            {
              "batter": "Babar Azam",
              "bowler": "Aimal Khan",
              "non_striker": "Saim Ayub",
              "runs": {
                "batter": 4,
                "extras": 0,
                "total": 4
              }
            },
            {
              "batter": "Babar Azam",
              "bowler": "Aimal Khan",
              "non_striker": "Saim Ayub",
              "runs": {
                "batter": 0,
                "extras": 0,
                "total": 0
              }
            },
            {
              "batter": "Babar Azam",
              "bowler": "Aimal Khan",
              "non_striker": "Saim Ayub",
              "runs": {
                "batter": 4,
                "extras": 0,
                "total": 4
              }
            },
            {
              "batter": "Babar Azam",
              "bowler": "Aimal Khan",
              "non_striker": "Saim Ayub",
              "runs": {
                "batter": 4,
                "extras": 0,
                "total": 4
              }
            }
          ]
        },
        {
          "over": 2,
          "deliveries": [
            {
              "batter": "Saim Ayub",
              "bowler": "Mohammad Hasnain",
              "non_striker": "Babar Azam",
              "runs": {
                "batter": 1,
                "extras": 0,
                "total": 1
              }
            },
            {
              "batter": "Babar Azam",
              "bowler": "Mohammad Hasnain",
              "non_striker": "Saim Ayub",
              "runs": {
                "batter": 0,
                "extras": 0,
                "total": 0
              }
            },
            {
              "batter": "Babar Azam",
              "bowler": "Mohammad Hasnain",
              "non_striker": "Saim Ayub",
              "runs": {
                "batter": 1,
                "extras": 0,
                "total": 1
              }
            },
            {
              "batter": "Saim Ayub",
              "bowler": "Mohammad Hasnain",
              "non_striker": "Babar Azam",
              "runs": {
                "batter": 1,
                "extras": 0,
                "total": 1
              }
            },
            {
              "batter": "Babar Azam",
              "bowler": "Mohammad Hasnain",
              "non_striker": "Saim Ayub",
              "runs": {
                "batter": 4,
                "extras": 0,
                "total": 4
              }
            },
            {
              "batter": "Babar Azam",
              "bowler": "Mohammad Hasnain",
              "non_striker": "Saim Ayub",
              "runs": {
                "batter": 0,
                "extras": 0,
                "total": 0
              }
            }
          ]
        },
        {
          "over": 3,
          "deliveries": [
            {
              "batter": "Saim Ayub",
              "bowler": "Naseem Shah",
              "non_striker": "Babar Azam",
              "runs": {
                "batter": 2,
                "extras": 0,
                "total": 2
              }
            },
            {
              "batter": "Saim Ayub",
              "bowler": "Naseem Shah",
              "non_striker": "Babar Azam",
              "runs": {
                "batter": 1,
                "extras": 0,
                "total": 1
              }
            },
            {
              "batter": "Babar Azam",
              "bowler": "Naseem Shah",
              "non_striker": "Saim Ayub",
              "runs": {
                "batter": 0,
                "extras": 0,
                "total": 0
              }
            },
            {
              "batter": "Babar Azam",
              "bowler": "Naseem Shah",
              "non_striker": "Saim Ayub",
              "runs": {
                "batter": 0,
                "extras": 0,
                "total": 0
              }
            },
            {
              "batter": "Babar Azam",
              "bowler": "Naseem Shah",
              "non_striker": "Saim Ayub",
              "runs": {
                "batter": 2,
                "extras": 0,
                "total": 2
              }
            },
            {
              "batter": "Babar Azam",
              "bowler": "Naseem Shah",
              "non_striker": "Saim Ayub",
              "runs": {
                "batter": 4,
                "extras": 0,
                "total": 4
              }
            }
          ]
        },
        {
          "over": 4,
          "deliveries": [
            {
              "batter": "Saim Ayub",
              "bowler": "D Pretorius",
              "non_striker": "Babar Azam",
              "runs": {
                "batter": 0,
                "extras": 0,
                "total": 0
              }
            },
            {
              "batter": "Saim Ayub",
              "bowler": "D Pretorius",
              "non_striker": "Babar Azam",
              "runs": {
                "batter": 1,
                "extras": 0,
                "total": 1
              }
            },
            {
              "batter": "Babar Azam",
              "bowler": "D Pretorius",
              "non_striker": "Saim Ayub",
              "runs": {
                "batter": 1,
                "extras": 0,
                "total": 1
              }
            },
            {
              "batter": "Saim Ayub",
              "bowler": "D Pretorius",
              "non_striker": "Babar Azam",
              "runs": {
                "batter": 4,
                "extras": 0,
                "total": 4
              }
            },
            {
              "batter": "Saim Ayub",
              "bowler": "D Pretorius",
              "non_striker": "Babar Azam",
              "runs": {
                "batter": 4,
                "extras": 0,
                "total": 4
              }
            },
            {
              "batter": "Saim Ayub",
              "bowler": "D Pretorius",
              "non_striker": "Babar Azam",
              "runs": {
                "batter": 1,
                "extras": 0,
                "total": 1
              }
            }
          ]
        },
        {
          "over": 5,
          "deliveries": [
            {
              "batter": "Saim Ayub",
              "bowler": "Mohammad Hasnain",
              "non_striker": "Babar Azam",
              "runs": {
                "batter": 6,
                "extras": 0,
                "total": 6
              }
            },
            {
              "batter": "Saim Ayub",
              "bowler": "Mohammad Hasnain",
              "non_striker": "Babar Azam",
              "runs": {
                "batter": 1,
                "extras": 0,
                "total": 1
              }
            },
            {
              "batter": "Babar Azam",
              "bowler": "Mohammad Hasnain",
              "non_striker": "Saim Ayub",
              "runs": {
                "batter": 4,
                "extras": 0,
                "total": 4
              }
            },
            {
              "batter": "Babar Azam",
              "bowler": "Mohammad Hasnain",
              "non_striker": "Saim Ayub",
              "runs": {
                "batter": 4,
                "extras": 0,
                "total": 4
              }
            },
            {
              "batter": "Babar Azam",
              "bowler": "Mohammad Hasnain",
              "non_striker": "Saim Ayub",
              "runs": {
                "batter": 1,
                "extras": 0,
                "total": 1
              }
            },
            {
              "batter": "Saim Ayub",
              "bowler": "Mohammad Hasnain",
              "extras": {
                "wides": 1
              },
              "non_striker": "Babar Azam",
              "runs": {
                "batter": 0,
                "extras": 1,
                "total": 1
              }
            },
            {
              "batter": "Saim Ayub",
              "bowler": "Mohammad Hasnain",
              "non_striker": "Babar Azam",
              "runs": {
                "batter": 1,
                "extras": 0,
                "total": 1
              }
            }
          ]
        },
        {
          "over": 6,
          "deliveries": [
            {
              "batter": "Saim Ayub",
              "bowler": "Mohammad Nawaz",
              "non_striker": "Babar Azam",
              "runs": {
                "batter": 4,
                "extras": 0,
                "total": 4
              }
            },
            {
              "batter": "Saim Ayub",
              "bowler": "Mohammad Nawaz",
              "non_striker": "Babar Azam",
              "runs": {
                "batter": 1,
                "extras": 0,
                "total": 1
              }
            },
            {
              "batter": "Babar Azam",
              "bowler": "Mohammad Nawaz",
              "non_striker": "Saim Ayub",
              "runs": {
                "batter": 1,
                "extras": 0,
                "total": 1
              }
            },
            {
              "batter": "Saim Ayub",
              "bowler": "Mohammad Nawaz",
              "non_striker": "Babar Azam",
              "runs": {
                "batter": 1,
                "extras": 0,
                "total": 1
              }
            },
            {
              "batter": "Babar Azam",
              "bowler": "Mohammad Nawaz",
              "non_striker": "Saim Ayub",
              "runs": {
                "batter": 0,
                "extras": 0,
                "total": 0
              }
            },
            {
              "batter": "Babar Azam",
              "bowler": "Mohammad Nawaz",
              "extras": {
                "legbyes": 1
              },
              "non_striker": "Saim Ayub",
              "review": {
                "by": "Quetta Gladiators",
                "umpire": "Ahsan Raza",
                "batter": "Babar Azam",
                "decision": "struck down"
              },
              "runs": {
                "batter": 0,
                "extras": 1,
                "total": 1
              }
            }
          ]
        },
        {
          "over": 7,
          "deliveries": [
            {
              "batter": "Babar Azam",
              "bowler": "Mohammad Hafeez",
              "non_striker": "Saim Ayub",
              "runs": {
                "batter": 0,
                "extras": 0,
                "total": 0
              }
            },
            {
              "batter": "Babar Azam",
              "bowler": "Mohammad Hafeez",
              "non_striker": "Saim Ayub",
              "runs": {
                "batter": 1,
                "extras": 0,
                "total": 1
              }
            },
            {
              "batter": "Saim Ayub",
              "bowler": "Mohammad Hafeez",
              "non_striker": "Babar Azam",
              "runs": {
                "batter": 1,
                "extras": 0,
                "total": 1
              }
            },
            {
              "batter": "Babar Azam",
              "bowler": "Mohammad Hafeez",
              "non_striker": "Saim Ayub",
              "runs": {
                "batter": 0,
                "extras": 0,
                "total": 0
              }
            },
            {
              "batter": "Babar Azam",
              "bowler": "Mohammad Hafeez",
              "non_striker": "Saim Ayub",
              "runs": {
                "batter": 0,
                "extras": 0,
                "total": 0
              }
            },
            {
              "batter": "Babar Azam",
              "bowler": "Mohammad Hafeez",
              "non_striker": "Saim Ayub",
              "runs": {
                "batter": 1,
                "extras": 0,
                "total": 1
              }
            }
          ]
        },
        {
          "over": 8,
          "deliveries": [
            {
              "batter": "Babar Azam",
              "bowler": "Mohammad Nawaz",
              "non_striker": "Saim Ayub",
              "runs": {
                "batter": 1,
                "extras": 0,
                "total": 1
              }
            },
            {
              "batter": "Saim Ayub",
              "bowler": "Mohammad Nawaz",
              "non_striker": "Babar Azam",
              "runs": {
                "batter": 2,
                "extras": 0,
                "total": 2
              }
            },
            {
              "batter": "Saim Ayub",
              "bowler": "Mohammad Nawaz",
              "non_striker": "Babar Azam",
              "runs": {
                "batter": 6,
                "extras": 0,
                "total": 6
              }
            },
            {
              "batter": "Saim Ayub",
              "bowler": "Mohammad Nawaz",
              "non_striker": "Babar Azam",
              "runs": {
                "batter": 6,
                "extras": 0,
                "total": 6
              }
            },
            {
              "batter": "Saim Ayub",
              "bowler": "Mohammad Nawaz",
              "non_striker": "Babar Azam",
              "runs": {
                "batter": 1,
                "extras": 0,
                "total": 1
              }
            },
            {
              "batter": "Babar Azam",
              "bowler": "Mohammad Nawaz",
              "non_striker": "Saim Ayub",
              "runs": {
                "batter": 1,
                "extras": 0,
                "total": 1
              }
            }
          ]
        },
        {
          "over": 9,
          "deliveries": [
            {
              "batter": "Babar Azam",
              "bowler": "D Pretorius",
              "non_striker": "Saim Ayub",
              "runs": {
                "batter": 1,
                "extras": 0,
                "total": 1
              }
            },
            {
              "batter": "Saim Ayub",
              "bowler": "D Pretorius",
              "non_striker": "Babar Azam",
              "runs": {
                "batter": 1,
                "extras": 0,
                "total": 1
              }
            },
            {
              "batter": "Babar Azam",
              "bowler": "D Pretorius",
              "non_striker": "Saim Ayub",
              "runs": {
                "batter": 2,
                "extras": 0,
                "total": 2
              }
            },
            {
              "batter": "Babar Azam",
              "bowler": "D Pretorius",
              "non_striker": "Saim Ayub",
              "runs": {
                "batter": 6,
                "extras": 0,
                "total": 6
              }
            },
            {
              "batter": "Babar Azam",
              "bowler": "D Pretorius",
              "non_striker": "Saim Ayub",
              "runs": {
                "batter": 4,
                "extras": 0,
                "total": 4
              }
            },
            {
              "batter": "Babar Azam",
              "bowler": "D Pretorius",
              "non_striker": "Saim Ayub",
              "runs": {
                "batter": 1,
                "extras": 0,
                "total": 1
              }
            }
          ]
        },
        {
          "over": 10,
          "deliveries": [
            {
              "batter": "Babar Azam",
              "bowler": "Aimal Khan",
              "non_striker": "Saim Ayub",
              "runs": {
                "batter": 2,
                "extras": 0,
                "total": 2
              }
            },
            {
              "batter": "Babar Azam",
              "bowler": "Aimal Khan",
              "non_striker": "Saim Ayub",
              "runs": {
                "batter": 0,
                "extras": 0,
                "total": 0
              }
            },
            {
              "batter": "Babar Azam",
              "bowler": "Aimal Khan",
              "non_striker": "Saim Ayub",
              "runs": {
                "batter": 4,
                "extras": 0,
                "total": 4
              }
            },
            {
              "batter": "Babar Azam",
              "bowler": "Aimal Khan",
              "non_striker": "Saim Ayub",
              "runs": {
                "batter": 1,
                "extras": 0,
                "total": 1
              }
            },
            {
              "batter": "Saim Ayub",
              "bowler": "Aimal Khan",
              "extras": {
                "wides": 1
              },
              "non_striker": "Babar Azam",
              "runs": {
                "batter": 0,
                "extras": 1,
                "total": 1
              }
            },
            {
              "batter": "Saim Ayub",
              "bowler": "Aimal Khan",
              "non_striker": "Babar Azam",
              "runs": {
                "batter": 4,
                "extras": 0,
                "total": 4
              }
            },
            {
              "batter": "Saim Ayub",
              "bowler": "Aimal Khan",
              "non_striker": "Babar Azam",
              "runs": {
                "batter": 6,
                "extras": 0,
                "total": 6
              }
            }
          ]
        },
        {
          "over": 11,
          "deliveries": [
            {
              "batter": "Babar Azam",
              "bowler": "Mohammad Hafeez",
              "non_striker": "Saim Ayub",
              "runs": {
                "batter": 6,
                "extras": 0,
                "total": 6
              }
            },
            {
              "batter": "Babar Azam",
              "bowler": "Mohammad Hafeez",
              "non_striker": "Saim Ayub",
              "runs": {
                "batter": 1,
                "extras": 0,
                "total": 1
              }
            },
            {
              "batter": "Saim Ayub",
              "bowler": "Mohammad Hafeez",
              "non_striker": "Babar Azam",
              "runs": {
                "batter": 4,
                "extras": 0,
                "total": 4
              }
            },
            {
              "batter": "Saim Ayub",
              "bowler": "Mohammad Hafeez",
              "non_striker": "Babar Azam",
              "runs": {
                "batter": 1,
                "extras": 0,
                "total": 1
              }
            },
            {
              "batter": "Babar Azam",
              "bowler": "Mohammad Hafeez",
              "non_striker": "Saim Ayub",
              "runs": {
                "batter": 4,
                "extras": 0,
                "total": 4
              }
            },
            {
              "batter": "Babar Azam",
              "bowler": "Mohammad Hafeez",
              "non_striker": "Saim Ayub",
              "runs": {
                "batter": 1,
                "extras": 0,
                "total": 1
              }
            }
          ]
        },
        {
          "over": 12,
          "deliveries": [
            {
              "batter": "Babar Azam",
              "bowler": "Mohammad Hasnain",
              "non_striker": "Saim Ayub",
              "runs": {
                "batter": 4,
                "extras": 0,
                "total": 4
              }
            },
            {
              "batter": "Babar Azam",
              "bowler": "Mohammad Hasnain",
              "non_striker": "Saim Ayub",
              "runs": {
                "batter": 1,
                "extras": 0,
                "total": 1
              }
            },
            {
              "batter": "Saim Ayub",
              "bowler": "Mohammad Hasnain",
              "non_striker": "Babar Azam",
              "runs": {
                "batter": 6,
                "extras": 0,
                "total": 6
              }
            },
            {
              "batter": "Saim Ayub",
              "bowler": "Mohammad Hasnain",
              "non_striker": "Babar Azam",
              "runs": {
                "batter": 1,
                "extras": 0,
                "total": 1
              }
            },
            {
              "batter": "Babar Azam",
              "bowler": "Mohammad Hasnain",
              "non_striker": "Saim Ayub",
              "runs": {
                "batter": 2,
                "extras": 0,
                "total": 2
              }
            },
            {
              "batter": "Babar Azam",
              "bowler": "Mohammad Hasnain",
              "non_striker": "Saim Ayub",
              "runs": {
                "batter": 1,
                "extras": 0,
                "total": 1
              }
            }
          ]
        },
        {
          "over": 13,
          "deliveries": [
            {
              "batter": "Babar Azam",
              "bowler": "D Pretorius",
              "extras": {
                "wides": 1
              },
              "non_striker": "Saim Ayub",
              "runs": {
                "batter": 0,
                "extras": 1,
                "total": 1
              }
            },
            {
              "batter": "Babar Azam",
              "bowler": "D Pretorius",
              "non_striker": "Saim Ayub",
              "runs": {
                "batter": 1,
                "extras": 0,
                "total": 1
              }
            },
            {
              "batter": "Saim Ayub",
              "bowler": "D Pretorius",
              "non_striker": "Babar Azam",
              "runs": {
                "batter": 0,
                "extras": 0,
                "total": 0
              }
            },
            {
              "batter": "Saim Ayub",
              "bowler": "D Pretorius",
              "non_striker": "Babar Azam",
              "runs": {
                "batter": 0,
                "extras": 0,
                "total": 0
              },
              "wickets": [
                {
                  "player_out": "Saim Ayub",
                  "fielders": [
                    {
                      "name": "Mohammad Nawaz"
                    }
                  ],
                  "kind": "caught"
                }
              ]
            },
            {
              "batter": "R Powell",
              "bowler": "D Pretorius",
              "non_striker": "Babar Azam",
              "runs": {
                "batter": 1,
                "extras": 0,
                "total": 1
              }
            },
            {
              "batter": "Babar Azam",
              "bowler": "D Pretorius",
              "non_striker": "R Powell",
              "runs": {
                "batter": 0,
                "extras": 0,
                "total": 0
              }
            },
            {
              "batter": "Babar Azam",
              "bowler": "D Pretorius",
              "non_striker": "R Powell",
              "runs": {
                "batter": 2,
                "extras": 0,
                "total": 2
              }
            }
          ]
        },
        {
          "over": 14,
          "deliveries": [
            {
              "batter": "R Powell",
              "bowler": "Mohammad Nawaz",
              "non_striker": "Babar Azam",
              "runs": {
                "batter": 6,
                "extras": 0,
                "total": 6
              }
            },
            {
              "batter": "R Powell",
              "bowler": "Mohammad Nawaz",
              "non_striker": "Babar Azam",
              "runs": {
                "batter": 1,
                "extras": 0,
                "total": 1
              }
            },
            {
              "batter": "Babar Azam",
              "bowler": "Mohammad Nawaz",
              "non_striker": "R Powell",
              "runs": {
                "batter": 2,
                "extras": 0,
                "total": 2
              }
            },
            {
              "batter": "Babar Azam",
              "bowler": "Mohammad Nawaz",
              "non_striker": "R Powell",
              "runs": {
                "batter": 1,
                "extras": 0,
                "total": 1
              }
            },
            {
              "batter": "R Powell",
              "bowler": "Mohammad Nawaz",
              "non_striker": "Babar Azam",
              "runs": {
                "batter": 1,
                "extras": 0,
                "total": 1
              }
            },
            {
              "batter": "Babar Azam",
              "bowler": "Mohammad Nawaz",
              "non_striker": "R Powell",
              "runs": {
                "batter": 1,
                "extras": 0,
                "total": 1
              }
            }
          ]
        },
        {
          "over": 15,
          "deliveries": [
            {
              "batter": "Babar Azam",
              "bowler": "Naseem Shah",
              "non_striker": "R Powell",
              "runs": {
                "batter": 4,
                "extras": 0,
                "total": 4
              }
            },
            {
              "batter": "Babar Azam",
              "bowler": "Naseem Shah",
              "non_striker": "R Powell",
              "runs": {
                "batter": 1,
                "extras": 0,
                "total": 1
              }
            },
            {
              "batter": "R Powell",
              "bowler": "Naseem Shah",
              "non_striker": "Babar Azam",
              "runs": {
                "batter": 4,
                "extras": 0,
                "total": 4
              }
            },
            {
              "batter": "R Powell",
              "bowler": "Naseem Shah",
              "non_striker": "Babar Azam",
              "runs": {
                "batter": 1,
                "extras": 0,
                "total": 1
              }
            },
            {
              "batter": "Babar Azam",
              "bowler": "Naseem Shah",
              "non_striker": "R Powell",
              "runs": {
                "batter": 1,
                "extras": 0,
                "total": 1
              }
            },
            {
              "batter": "R Powell",
              "bowler": "Naseem Shah",
              "non_striker": "Babar Azam",
              "runs": {
                "batter": 0,
                "extras": 0,
                "total": 0
              }
            }
          ]
        },
        {
          "over": 16,
          "deliveries": [
            {
              "batter": "Babar Azam",
              "bowler": "D Pretorius",
              "non_striker": "R Powell",
              "runs": {
                "batter": 1,
                "extras": 0,
                "total": 1
              }
            },
            {
              "batter": "R Powell",
              "bowler": "D Pretorius",
              "non_striker": "Babar Azam",
              "runs": {
                "batter": 1,
                "extras": 0,
                "total": 1
              }
            },
            {
              "batter": "Babar Azam",
              "bowler": "D Pretorius",
              "non_striker": "R Powell",
              "runs": {
                "batter": 1,
                "extras": 0,
                "total": 1
              }
            },
            {
              "batter": "R Powell",
              "bowler": "D Pretorius",
              "extras": {
                "wides": 2
              },
              "non_striker": "Babar Azam",
              "runs": {
                "batter": 0,
                "extras": 2,
                "total": 2
              }
            },
            {
              "batter": "Babar Azam",
              "bowler": "D Pretorius",
              "non_striker": "R Powell",
              "runs": {
                "batter": 1,
                "extras": 0,
                "total": 1
              }
            },
            {
              "batter": "R Powell",
              "bowler": "D Pretorius",
              "extras": {
                "wides": 1
              },
              "non_striker": "Babar Azam",
              "runs": {
                "batter": 0,
                "extras": 1,
                "total": 1
              }
            },
            {
              "batter": "R Powell",
              "bowler": "D Pretorius",
              "non_striker": "Babar Azam",
              "runs": {
                "batter": 2,
                "extras": 0,
                "total": 2
              }
            },
            {
              "batter": "R Powell",
              "bowler": "D Pretorius",
              "non_striker": "Babar Azam",
              "runs": {
                "batter": 0,
                "extras": 0,
                "total": 0
              }
            }
          ]
        },
        {
          "over": 17,
          "deliveries": [
            {
              "batter": "Babar Azam",
              "bowler": "Naseem Shah",
              "non_striker": "R Powell",
              "runs": {
                "batter": 0,
                "extras": 0,
                "total": 0
              }
            },
            {
              "batter": "Babar Azam",
              "bowler": "Naseem Shah",
              "non_striker": "R Powell",
              "runs": {
                "batter": 4,
                "extras": 0,
                "total": 4
              }
            },
            {
              "batter": "Babar Azam",
              "bowler": "Naseem Shah",
              "non_striker": "R Powell",
              "runs": {
                "batter": 1,
                "extras": 0,
                "total": 1
              }
            },
            {
              "batter": "R Powell",
              "bowler": "Naseem Shah",
              "non_striker": "Babar Azam",
              "runs": {
                "batter": 0,
                "extras": 0,
                "total": 0
              }
            },
            {
              "batter": "R Powell",
              "bowler": "Naseem Shah",
              "non_striker": "Babar Azam",
              "runs": {
                "batter": 1,
                "extras": 0,
                "total": 1
              }
            },
            {
              "batter": "Babar Azam",
              "bowler": "Naseem Shah",
              "non_striker": "R Powell",
              "runs": {
                "batter": 4,
                "extras": 0,
                "total": 4
              }
            }
          ]
        },
        {
          "over": 18,
          "deliveries": [
            {
              "batter": "R Powell",
              "bowler": "Mohammad Hasnain",
              "non_striker": "Babar Azam",
              "runs": {
                "batter": 2,
                "extras": 0,
                "total": 2
              }
            },
            {
              "batter": "R Powell",
              "bowler": "Mohammad Hasnain",
              "non_striker": "Babar Azam",
              "runs": {
                "batter": 0,
                "extras": 0,
                "total": 0
              }
            },
            {
              "batter": "R Powell",
              "bowler": "Mohammad Hasnain",
              "extras": {
                "wides": 1
              },
              "non_striker": "Babar Azam",
              "runs": {
                "batter": 0,
                "extras": 1,
                "total": 1
              }
            },
            {
              "batter": "R Powell",
              "bowler": "Mohammad Hasnain",
              "non_striker": "Babar Azam",
              "runs": {
                "batter": 1,
                "extras": 0,
                "total": 1
              }
            },
            {
              "batter": "Babar Azam",
              "bowler": "Mohammad Hasnain",
              "non_striker": "R Powell",
              "runs": {
                "batter": 6,
                "extras": 0,
                "total": 6
              }
            },
            {
              "batter": "Babar Azam",
              "bowler": "Mohammad Hasnain",
              "non_striker": "R Powell",
              "runs": {
                "batter": 1,
                "extras": 0,
                "total": 1
              }
            },
            {
              "batter": "R Powell",
              "bowler": "Mohammad Hasnain",
              "non_striker": "Babar Azam",
              "runs": {
                "batter": 6,
                "extras": 0,
                "total": 6
              }
            }
          ]
        },
        {
          "over": 19,
          "deliveries": [
            {
              "batter": "Babar Azam",
              "bowler": "Aimal Khan",
              "non_striker": "R Powell",
              "runs": {
                "batter": 0,
                "extras": 0,
                "total": 0
              },
              "wickets": [
                {
                  "player_out": "Babar Azam",
                  "fielders": [
                    {
                      "name": "Aimal Khan"
                    }
                  ],
                  "kind": "run out"
                }
              ]
            },
            {
              "batter": "T Kohler-Cadmore",
              "bowler": "Aimal Khan",
              "non_striker": "R Powell",
              "runs": {
                "batter": 0,
                "extras": 0,
                "total": 0
              }
            },
            {
              "batter": "T Kohler-Cadmore",
              "bowler": "Aimal Khan",
              "extras": {
                "wides": 1
              },
              "non_striker": "R Powell",
              "runs": {
                "batter": 0,
                "extras": 1,
                "total": 1
              }
            },
            {
              "batter": "T Kohler-Cadmore",
              "bowler": "Aimal Khan",
              "non_striker": "R Powell",
              "runs": {
                "batter": 6,
                "extras": 0,
                "total": 6
              }
            },
            {
              "batter": "T Kohler-Cadmore",
              "bowler": "Aimal Khan",
              "non_striker": "R Powell",
              "runs": {
                "batter": 1,
                "extras": 0,
                "total": 1
              }
            },
            {
              "batter": "R Powell",
              "bowler": "Aimal Khan",
              "non_striker": "T Kohler-Cadmore",
              "runs": {
                "batter": 4,
                "extras": 0,
                "total": 4
              }
            },
            {
              "batter": "R Powell",
              "bowler": "Aimal Khan",
              "non_striker": "T Kohler-Cadmore",
              "runs": {
                "batter": 4,
                "extras": 0,
                "total": 4
              }
            }
          ]
        }
      ],
      "powerplays": [
        {
          "from": 0.1,
          "to": 5.7,
          "type": "mandatory"
        }
      ]
    },
    {
      "team": "Quetta Gladiators",
      "overs": [
        {
          "over": 0,
          "deliveries": [
            {
              "batter": "JJ Roy",
              "bowler": "Arshad Iqbal",
              "non_striker": "MJ Guptill",
              "runs": {
                "batter": 4,
                "extras": 0,
                "total": 4
              }
            },
            {
              "batter": "JJ Roy",
              "bowler": "Arshad Iqbal",
              "non_striker": "MJ Guptill",
              "runs": {
                "batter": 0,
                "extras": 0,
                "total": 0
              }
            },
            {
              "batter": "JJ Roy",
              "bowler": "Arshad Iqbal",
              "non_striker": "MJ Guptill",
              "runs": {
                "batter": 4,
                "extras": 0,
                "total": 4
              }
            },
            {
              "batter": "JJ Roy",
              "bowler": "Arshad Iqbal",
              "non_striker": "MJ Guptill",
              "runs": {
                "batter": 1,
                "extras": 0,
                "total": 1
              }
            },
            {
              "batter": "MJ Guptill",
              "bowler": "Arshad Iqbal",
              "non_striker": "JJ Roy",
              "runs": {
                "batter": 0,
                "extras": 0,
                "total": 0
              }
            },
            {
              "batter": "MJ Guptill",
              "bowler": "Arshad Iqbal",
              "non_striker": "JJ Roy",
              "runs": {
                "batter": 6,
                "extras": 0,
                "total": 6
              }
            }
          ]
        },
        {
          "over": 1,
          "deliveries": [
            {
              "batter": "JJ Roy",
              "bowler": "Mujeeb Ur Rahman",
              "non_striker": "MJ Guptill",
              "runs": {
                "batter": 4,
                "extras": 0,
                "total": 4
              }
            },
            {
              "batter": "JJ Roy",
              "bowler": "Mujeeb Ur Rahman",
              "non_striker": "MJ Guptill",
              "runs": {
                "batter": 6,
                "extras": 0,
                "total": 6
              }
            },
            {
              "batter": "JJ Roy",
              "bowler": "Mujeeb Ur Rahman",
              "non_striker": "MJ Guptill",
              "runs": {
                "batter": 1,
                "extras": 0,
                "total": 1
              }
            },
            {
              "batter": "MJ Guptill",
              "bowler": "Mujeeb Ur Rahman",
              "non_striker": "JJ Roy",
              "runs": {
                "batter": 1,
                "extras": 0,
                "total": 1
              }
            },
            {
              "batter": "JJ Roy",
              "bowler": "Mujeeb Ur Rahman",
              "non_striker": "MJ Guptill",
              "runs": {
                "batter": 0,
                "extras": 0,
                "total": 0
              }
            },
            {
              "batter": "JJ Roy",
              "bowler": "Mujeeb Ur Rahman",
              "non_striker": "MJ Guptill",
              "runs": {
                "batter": 0,
                "extras": 0,
                "total": 0
              }
            }
          ]
        },
        {
          "over": 2,
          "deliveries": [
            {
              "batter": "MJ Guptill",
              "bowler": "Wahab Riaz",
              "non_striker": "JJ Roy",
              "runs": {
                "batter": 4,
                "extras": 0,
                "total": 4
              }
            },
            {
              "batter": "MJ Guptill",
              "bowler": "Wahab Riaz",
              "non_striker": "JJ Roy",
              "runs": {
                "batter": 2,
                "extras": 0,
                "total": 2
              }
            },
            {
              "batter": "MJ Guptill",
              "bowler": "Wahab Riaz",
              "non_striker": "JJ Roy",
              "runs": {
                "batter": 4,
                "extras": 0,
                "total": 4
              }
            },
            {
              "batter": "MJ Guptill",
              "bowler": "Wahab Riaz",
              "non_striker": "JJ Roy",
              "runs": {
                "batter": 4,
                "extras": 0,
                "total": 4
              }
            },
            {
              "batter": "MJ Guptill",
              "bowler": "Wahab Riaz",
              "non_striker": "JJ Roy",
              "runs": {
                "batter": 0,
                "extras": 0,
                "total": 0
              },
              "wickets": [
                {
                  "player_out": "MJ Guptill",
                  "kind": "caught and bowled"
                }
              ]
            },
            {
              "batter": "WCF Smeed",
              "bowler": "Wahab Riaz",
              "non_striker": "JJ Roy",
              "runs": {
                "batter": 0,
                "extras": 0,
                "total": 0
              }
            }
          ]
        },
        {
          "over": 3,
          "deliveries": [
            {
              "batter": "JJ Roy",
              "bowler": "Azmatullah Omarzai",
              "non_striker": "WCF Smeed",
              "runs": {
                "batter": 0,
                "extras": 0,
                "total": 0
              }
            },
            {
              "batter": "JJ Roy",
              "bowler": "Azmatullah Omarzai",
              "non_striker": "WCF Smeed",
              "runs": {
                "batter": 4,
                "extras": 0,
                "total": 4
              }
            },
            {
              "batter": "JJ Roy",
              "bowler": "Azmatullah Omarzai",
              "extras": {
                "wides": 1
              },
              "non_striker": "WCF Smeed",
              "runs": {
                "batter": 0,
                "extras": 1,
                "total": 1
              }
            },
            {
              "batter": "JJ Roy",
              "bowler": "Azmatullah Omarzai",
              "extras": {
                "legbyes": 2
              },
              "non_striker": "WCF Smeed",
              "runs": {
                "batter": 0,
                "extras": 2,
                "total": 2
              }
            },
            {
              "batter": "JJ Roy",
              "bowler": "Azmatullah Omarzai",
              "non_striker": "WCF Smeed",
              "runs": {
                "batter": 1,
                "extras": 0,
                "total": 1
              }
            },
            {
              "batter": "WCF Smeed",
              "bowler": "Azmatullah Omarzai",
              "non_striker": "JJ Roy",
              "runs": {
                "batter": 0,
                "extras": 0,
                "total": 0
              }
            },
            {
              "batter": "WCF Smeed",
              "bowler": "Azmatullah Omarzai",
              "non_striker": "JJ Roy",
              "runs": {
                "batter": 4,
                "extras": 0,
                "total": 4
              }
            }
          ]
        },
        {
          "over": 4,
          "deliveries": [
            {
              "batter": "JJ Roy",
              "bowler": "Wahab Riaz",
              "non_striker": "WCF Smeed",
              "runs": {
                "batter": 1,
                "extras": 0,
                "total": 1
              }
            },
            {
              "batter": "WCF Smeed",
              "bowler": "Wahab Riaz",
              "non_striker": "JJ Roy",
              "runs": {
                "batter": 1,
                "extras": 0,
                "total": 1
              }
            },
            {
              "batter": "JJ Roy",
              "bowler": "Wahab Riaz",
              "non_striker": "WCF Smeed",
              "runs": {
                "batter": 4,
                "extras": 0,
                "total": 4
              }
            },
            {
              "batter": "JJ Roy",
              "bowler": "Wahab Riaz",
              "non_striker": "WCF Smeed",
              "runs": {
                "batter": 4,
                "extras": 0,
                "total": 4
              }
            },
            {
              "batter": "JJ Roy",
              "bowler": "Wahab Riaz",
              "non_striker": "WCF Smeed",
              "runs": {
                "batter": 4,
                "extras": 0,
                "total": 4
              }
            },
            {
              "batter": "JJ Roy",
              "bowler": "Wahab Riaz",
              "non_striker": "WCF Smeed",
              "runs": {
                "batter": 1,
                "extras": 0,
                "total": 1
              }
            }
          ]
        },
        {
          "over": 5,
          "deliveries": [
            {
              "batter": "JJ Roy",
              "bowler": "Arshad Iqbal",
              "non_striker": "WCF Smeed",
              "runs": {
                "batter": 4,
                "extras": 0,
                "total": 4
              }
            },
            {
              "batter": "JJ Roy",
              "bowler": "Arshad Iqbal",
              "non_striker": "WCF Smeed",
              "runs": {
                "batter": 4,
                "extras": 0,
                "total": 4
              }
            },
            {
              "batter": "JJ Roy",
              "bowler": "Arshad Iqbal",
              "non_striker": "WCF Smeed",
              "runs": {
                "batter": 2,
                "extras": 0,
                "total": 2
              }
            },
            {
              "batter": "JJ Roy",
              "bowler": "Arshad Iqbal",
              "non_striker": "WCF Smeed",
              "runs": {
                "batter": 6,
                "extras": 0,
                "total": 6
              }
            },
            {
              "batter": "JJ Roy",
              "bowler": "Arshad Iqbal",
              "non_striker": "WCF Smeed",
              "runs": {
                "batter": 4,
                "extras": 0,
                "total": 4
              }
            },
            {
              "batter": "JJ Roy",
              "bowler": "Arshad Iqbal",
              "non_striker": "WCF Smeed",
              "runs": {
                "batter": 0,
                "extras": 0,
                "total": 0
              }
            }
          ]
        },
        {
          "over": 6,
          "deliveries": [
            {
              "batter": "WCF Smeed",
              "bowler": "Mujeeb Ur Rahman",
              "non_striker": "JJ Roy",
              "runs": {
                "batter": 1,
                "extras": 0,
                "total": 1
              }
            },
            {
              "batter": "JJ Roy",
              "bowler": "Mujeeb Ur Rahman",
              "non_striker": "WCF Smeed",
              "runs": {
                "batter": 4,
                "extras": 0,
                "total": 4
              }
            },
            {
              "batter": "JJ Roy",
              "bowler": "Mujeeb Ur Rahman",
              "non_striker": "WCF Smeed",
              "runs": {
                "batter": 4,
                "extras": 0,
                "total": 4
              }
            },
            {
              "batter": "JJ Roy",
              "bowler": "Mujeeb Ur Rahman",
              "non_striker": "WCF Smeed",
              "runs": {
                "batter": 2,
                "extras": 0,
                "total": 2
              }
            },
            {
              "batter": "JJ Roy",
              "bowler": "Mujeeb Ur Rahman",
              "non_striker": "WCF Smeed",
              "runs": {
                "batter": 1,
                "extras": 0,
                "total": 1
              }
            },
            {
              "batter": "WCF Smeed",
              "bowler": "Mujeeb Ur Rahman",
              "non_striker": "JJ Roy",
              "runs": {
                "batter": 1,
                "extras": 0,
                "total": 1
              }
            }
          ]
        },
        {
          "over": 7,
          "deliveries": [
            {
              "batter": "WCF Smeed",
              "bowler": "Aamer Jamal",
              "non_striker": "JJ Roy",
              "runs": {
                "batter": 6,
                "extras": 0,
                "total": 6
              }
            },
            {
              "batter": "WCF Smeed",
              "bowler": "Aamer Jamal",
              "non_striker": "JJ Roy",
              "runs": {
                "batter": 1,
                "extras": 0,
                "total": 1
              }
            },
            {
              "batter": "JJ Roy",
              "bowler": "Aamer Jamal",
              "non_striker": "WCF Smeed",
              "runs": {
                "batter": 4,
                "extras": 0,
                "total": 4
              }
            },
            {
              "batter": "JJ Roy",
              "bowler": "Aamer Jamal",
              "extras": {
                "wides": 1
              },
              "non_striker": "WCF Smeed",
              "runs": {
                "batter": 0,
                "extras": 1,
                "total": 1
              }
            },
            {
              "batter": "JJ Roy",
              "bowler": "Aamer Jamal",
              "non_striker": "WCF Smeed",
              "runs": {
                "batter": 0,
                "extras": 0,
                "total": 0
              }
            },
            {
              "batter": "JJ Roy",
              "bowler": "Aamer Jamal",
              "non_striker": "WCF Smeed",
              "runs": {
                "batter": 4,
                "extras": 0,
                "total": 4
              }
            },
            {
              "batter": "JJ Roy",
              "bowler": "Aamer Jamal",
              "non_striker": "WCF Smeed",
              "runs": {
                "batter": 1,
                "extras": 0,
                "total": 1
              }
            }
          ]
        },
        {
          "over": 8,
          "deliveries": [
            {
              "batter": "JJ Roy",
              "bowler": "Azmatullah Omarzai",
              "non_striker": "WCF Smeed",
              "runs": {
                "batter": 1,
                "extras": 0,
                "total": 1
              }
            },
            {
              "batter": "WCF Smeed",
              "bowler": "Azmatullah Omarzai",
              "non_striker": "JJ Roy",
              "runs": {
                "batter": 1,
                "extras": 0,
                "total": 1
              }
            },
            {
              "batter": "JJ Roy",
              "bowler": "Azmatullah Omarzai",
              "non_striker": "WCF Smeed",
              "runs": {
                "batter": 2,
                "extras": 0,
                "total": 2
              }
            },
            {
              "batter": "JJ Roy",
              "bowler": "Azmatullah Omarzai",
              "non_striker": "WCF Smeed",
              "runs": {
                "batter": 4,
                "extras": 0,
                "total": 4
              }
            },
            {
              "batter": "JJ Roy",
              "bowler": "Azmatullah Omarzai",
              "non_striker": "WCF Smeed",
              "runs": {
                "batter": 1,
                "extras": 0,
                "total": 1
              }
            },
            {
              "batter": "WCF Smeed",
              "bowler": "Azmatullah Omarzai",
              "non_striker": "JJ Roy",
              "runs": {
                "batter": 1,
                "extras": 0,
                "total": 1
              }
            }
          ]
        },
        {
          "over": 9,
          "deliveries": [
            {
              "batter": "WCF Smeed",
              "bowler": "Mujeeb Ur Rahman",
              "non_striker": "JJ Roy",
              "runs": {
                "batter": 0,
                "extras": 0,
                "total": 0
              }
            },
            {
              "batter": "WCF Smeed",
              "bowler": "Mujeeb Ur Rahman",
              "non_striker": "JJ Roy",
              "runs": {
                "batter": 1,
                "extras": 0,
                "total": 1
              }
            },
            {
              "batter": "JJ Roy",
              "bowler": "Mujeeb Ur Rahman",
              "non_striker": "WCF Smeed",
              "runs": {
                "batter": 1,
                "extras": 0,
                "total": 1
              }
            },
            {
              "batter": "WCF Smeed",
              "bowler": "Mujeeb Ur Rahman",
              "non_striker": "JJ Roy",
              "runs": {
                "batter": 0,
                "extras": 0,
                "total": 0
              }
            },
            {
              "batter": "WCF Smeed",
              "bowler": "Mujeeb Ur Rahman",
              "non_striker": "JJ Roy",
              "runs": {
                "batter": 6,
                "extras": 0,
                "total": 6
              }
            },
            {
              "batter": "WCF Smeed",
              "bowler": "Mujeeb Ur Rahman",
              "non_striker": "JJ Roy",
              "runs": {
                "batter": 1,
                "extras": 0,
                "total": 1
              }
            }
          ]
        },
        {
          "over": 10,
          "deliveries": [
            {
              "batter": "WCF Smeed",
              "bowler": "Aamer Jamal",
              "non_striker": "JJ Roy",
              "runs": {
                "batter": 1,
                "extras": 0,
                "total": 1
              }
            },
            {
              "batter": "JJ Roy",
              "bowler": "Aamer Jamal",
              "non_striker": "WCF Smeed",
              "runs": {
                "batter": 0,
                "extras": 0,
                "total": 0
              }
            },
            {
              "batter": "JJ Roy",
              "bowler": "Aamer Jamal",
              "non_striker": "WCF Smeed",
              "runs": {
                "batter": 6,
                "extras": 0,
                "total": 6
              }
            },
            {
              "batter": "JJ Roy",
              "bowler": "Aamer Jamal",
              "non_striker": "WCF Smeed",
              "runs": {
                "batter": 1,
                "extras": 0,
                "total": 1
              }
            },
            {
              "batter": "WCF Smeed",
              "bowler": "Aamer Jamal",
              "extras": {
                "wides": 1
              },
              "non_striker": "JJ Roy",
              "runs": {
                "batter": 0,
                "extras": 1,
                "total": 1
              }
            },
            {
              "batter": "WCF Smeed",
              "bowler": "Aamer Jamal",
              "non_striker": "JJ Roy",
              "runs": {
                "batter": 0,
                "extras": 0,
                "total": 0
              }
            },
            {
              "batter": "WCF Smeed",
              "bowler": "Aamer Jamal",
              "non_striker": "JJ Roy",
              "runs": {
                "batter": 0,
                "extras": 0,
                "total": 0
              }
            }
          ]
        },
        {
          "over": 11,
          "deliveries": [
            {
              "batter": "JJ Roy",
              "bowler": "Mujeeb Ur Rahman",
              "extras": {
                "wides": 1
              },
              "non_striker": "WCF Smeed",
              "runs": {
                "batter": 0,
                "extras": 1,
                "total": 1
              }
            },
            {
              "batter": "JJ Roy",
              "bowler": "Mujeeb Ur Rahman",
              "non_striker": "WCF Smeed",
              "runs": {
                "batter": 1,
                "extras": 0,
                "total": 1
              }
            },
            {
              "batter": "WCF Smeed",
              "bowler": "Mujeeb Ur Rahman",
              "non_striker": "JJ Roy",
              "runs": {
                "batter": 1,
                "extras": 0,
                "total": 1
              }
            },
            {
              "batter": "JJ Roy",
              "bowler": "Mujeeb Ur Rahman",
              "non_striker": "WCF Smeed",
              "runs": {
                "batter": 1,
                "extras": 0,
                "total": 1
              }
            },
            {
              "batter": "WCF Smeed",
              "bowler": "Mujeeb Ur Rahman",
              "non_striker": "JJ Roy",
              "runs": {
                "batter": 0,
                "extras": 0,
                "total": 0
              }
            },
            {
              "batter": "WCF Smeed",
              "bowler": "Mujeeb Ur Rahman",
              "non_striker": "JJ Roy",
              "runs": {
                "batter": 0,
                "extras": 0,
                "total": 0
              }
            },
            {
              "batter": "WCF Smeed",
              "bowler": "Mujeeb Ur Rahman",
              "non_striker": "JJ Roy",
              "runs": {
                "batter": 0,
                "extras": 0,
                "total": 0
              },
              "wickets": [
                {
                  "player_out": "WCF Smeed",
                  "fielders": [
                    {
                      "name": "Mohammad Haris"
                    }
                  ],
                  "kind": "caught"
                }
              ]
            }
          ]
        },
        {
          "over": 12,
          "deliveries": [
            {
              "batter": "JJ Roy",
              "bowler": "Wahab Riaz",
              "non_striker": "Mohammad Hafeez",
              "runs": {
                "batter": 1,
                "extras": 0,
                "total": 1
              }
            },
            {
              "batter": "Mohammad Hafeez",
              "bowler": "Wahab Riaz",
              "non_striker": "JJ Roy",
              "runs": {
                "batter": 4,
                "extras": 0,
                "total": 4
              }
            },
            {
              "batter": "Mohammad Hafeez",
              "bowler": "Wahab Riaz",
              "non_striker": "JJ Roy",
              "runs": {
                "batter": 0,
                "extras": 0,
                "total": 0
              }
            },
            {
              "batter": "Mohammad Hafeez",
              "bowler": "Wahab Riaz",
              "non_striker": "JJ Roy",
              "runs": {
                "batter": 0,
                "extras": 0,
                "total": 0
              }
            },
            {
              "batter": "Mohammad Hafeez",
              "bowler": "Wahab Riaz",
              "non_striker": "JJ Roy",
              "runs": {
                "batter": 0,
                "extras": 0,
                "total": 0
              }
            },
            {
              "batter": "Mohammad Hafeez",
              "bowler": "Wahab Riaz",
              "non_striker": "JJ Roy",
              "runs": {
                "batter": 6,
                "extras": 0,
                "total": 6
              }
            }
          ]
        },
        {
          "over": 13,
          "deliveries": [
            {
              "batter": "JJ Roy",
              "bowler": "Azmatullah Omarzai",
              "non_striker": "Mohammad Hafeez",
              "runs": {
                "batter": 2,
                "extras": 0,
                "total": 2
              }
            },
            {
              "batter": "JJ Roy",
              "bowler": "Azmatullah Omarzai",
              "non_striker": "Mohammad Hafeez",
              "runs": {
                "batter": 1,
                "extras": 0,
                "total": 1
              }
            },
            {
              "batter": "Mohammad Hafeez",
              "bowler": "Azmatullah Omarzai",
              "non_striker": "JJ Roy",
              "runs": {
                "batter": 1,
                "extras": 0,
                "total": 1
              }
            },
            {
              "batter": "JJ Roy",
              "bowler": "Azmatullah Omarzai",
              "non_striker": "Mohammad Hafeez",
              "runs": {
                "batter": 1,
                "extras": 0,
                "total": 1
              }
            },
            {
              "batter": "Mohammad Hafeez",
              "bowler": "Azmatullah Omarzai",
              "non_striker": "JJ Roy",
              "runs": {
                "batter": 1,
                "extras": 0,
                "total": 1
              }
            },
            {
              "batter": "JJ Roy",
              "bowler": "Azmatullah Omarzai",
              "non_striker": "Mohammad Hafeez",
              "runs": {
                "batter": 1,
                "extras": 0,
                "total": 1
              }
            }
          ]
        },
        {
          "over": 14,
          "deliveries": [
            {
              "batter": "JJ Roy",
              "bowler": "Aamer Jamal",
              "non_striker": "Mohammad Hafeez",
              "runs": {
                "batter": 4,
                "extras": 0,
                "total": 4
              }
            },
            {
              "batter": "JJ Roy",
              "bowler": "Aamer Jamal",
              "non_striker": "Mohammad Hafeez",
              "runs": {
                "batter": 6,
                "extras": 0,
                "total": 6
              }
            },
            {
              "batter": "JJ Roy",
              "bowler": "Aamer Jamal",
              "non_striker": "Mohammad Hafeez",
              "runs": {
                "batter": 0,
                "extras": 0,
                "total": 0
              }
            },
            {
              "batter": "JJ Roy",
              "bowler": "Aamer Jamal",
              "non_striker": "Mohammad Hafeez",
              "runs": {
                "batter": 1,
                "extras": 0,
                "total": 1
              }
            },
            {
              "batter": "Mohammad Hafeez",
              "bowler": "Aamer Jamal",
              "non_striker": "JJ Roy",
              "runs": {
                "batter": 1,
                "extras": 0,
                "total": 1
              }
            },
            {
              "batter": "JJ Roy",
              "bowler": "Aamer Jamal",
              "non_striker": "Mohammad Hafeez",
              "runs": {
                "batter": 1,
                "extras": 0,
                "total": 1
              }
            }
          ]
        },
        {
          "over": 15,
          "deliveries": [
            {
              "batter": "JJ Roy",
              "bowler": "Arshad Iqbal",
              "non_striker": "Mohammad Hafeez",
              "runs": {
                "batter": 1,
                "extras": 0,
                "total": 1
              }
            },
            {
              "batter": "Mohammad Hafeez",
              "bowler": "Arshad Iqbal",
              "extras": {
                "noballs": 1
              },
              "non_striker": "JJ Roy",
              "runs": {
                "batter": 4,
                "extras": 1,
                "total": 5
              }
            },
            {
              "batter": "Mohammad Hafeez",
              "bowler": "Arshad Iqbal",
              "non_striker": "JJ Roy",
              "runs": {
                "batter": 1,
                "extras": 0,
                "total": 1
              }
            },
            {
              "batter": "JJ Roy",
              "bowler": "Arshad Iqbal",
              "non_striker": "Mohammad Hafeez",
              "runs": {
                "batter": 1,
                "extras": 0,
                "total": 1
              }
            },
            {
              "batter": "Mohammad Hafeez",
              "bowler": "Arshad Iqbal",
              "non_striker": "JJ Roy",
              "runs": {
                "batter": 4,
                "extras": 0,
                "total": 4
              }
            },
            {
              "batter": "Mohammad Hafeez",
              "bowler": "Arshad Iqbal",
              "non_striker": "JJ Roy",
              "runs": {
                "batter": 4,
                "extras": 0,
                "total": 4
              }
            },
            {
              "batter": "Mohammad Hafeez",
              "bowler": "Arshad Iqbal",
              "non_striker": "JJ Roy",
              "runs": {
                "batter": 4,
                "extras": 0,
                "total": 4
              }
            }
          ]
        },
        {
          "over": 16,
          "deliveries": [
            {
              "batter": "JJ Roy",
              "bowler": "Wahab Riaz",
              "non_striker": "Mohammad Hafeez",
              "runs": {
                "batter": 4,
                "extras": 0,
                "total": 4
              }
            },
            {
              "batter": "JJ Roy",
              "bowler": "Wahab Riaz",
              "non_striker": "Mohammad Hafeez",
              "runs": {
                "batter": 4,
                "extras": 0,
                "total": 4
              }
            },
            {
              "batter": "JJ Roy",
              "bowler": "Wahab Riaz",
              "non_striker": "Mohammad Hafeez",
              "runs": {
                "batter": 4,
                "extras": 0,
                "total": 4
              }
            },
            {
              "batter": "JJ Roy",
              "bowler": "Wahab Riaz",
              "non_striker": "Mohammad Hafeez",
              "runs": {
                "batter": 2,
                "extras": 0,
                "total": 2
              }
            },
            {
              "batter": "JJ Roy",
              "bowler": "Wahab Riaz",
              "extras": {
                "wides": 1
              },
              "non_striker": "Mohammad Hafeez",
              "runs": {
                "batter": 0,
                "extras": 1,
                "total": 1
              }
            },
            {
              "batter": "JJ Roy",
              "bowler": "Wahab Riaz",
              "non_striker": "Mohammad Hafeez",
              "runs": {
                "batter": 1,
                "extras": 0,
                "total": 1
              }
            },
            {
              "batter": "Mohammad Hafeez",
              "bowler": "Wahab Riaz",
              "non_striker": "JJ Roy",
              "runs": {
                "batter": 0,
                "extras": 0,
                "total": 0
              }
            }
          ]
        },
        {
          "over": 17,
          "deliveries": [
            {
              "batter": "JJ Roy",
              "bowler": "Aamer Jamal",
              "non_striker": "Mohammad Hafeez",
              "runs": {
                "batter": 4,
                "extras": 0,
                "total": 4
              }
            },
            {
              "batter": "JJ Roy",
              "bowler": "Aamer Jamal",
              "non_striker": "Mohammad Hafeez",
              "runs": {
                "batter": 2,
                "extras": 0,
                "total": 2
              }
            },
            {
              "batter": "JJ Roy",
              "bowler": "Aamer Jamal",
              "non_striker": "Mohammad Hafeez",
              "runs": {
                "batter": 1,
                "extras": 0,
                "total": 1
              }
            },
            {
              "batter": "Mohammad Hafeez",
              "bowler": "Aamer Jamal",
              "non_striker": "JJ Roy",
              "runs": {
                "batter": 4,
                "extras": 0,
                "total": 4
              }
            },
            {
              "batter": "Mohammad Hafeez",
              "bowler": "Aamer Jamal",
              "non_striker": "JJ Roy",
              "runs": {
                "batter": 6,
                "extras": 0,
                "total": 6
              }
            },
            {
              "batter": "Mohammad Hafeez",
              "bowler": "Aamer Jamal",
              "extras": {
                "legbyes": 1
              },
              "non_striker": "JJ Roy",
              "review": {
                "by": "Peshawar Zalmi",
                "umpire": "Ahsan Raza",
                "batter": "Mohammad Hafeez",
                "decision": "struck down"
              },
              "runs": {
                "batter": 0,
                "extras": 1,
                "total": 1
              }
            }
          ]
        },
        {
          "over": 18,
          "deliveries": [
            {
              "batter": "Mohammad Hafeez",
              "bowler": "Azmatullah Omarzai",
              "non_striker": "JJ Roy",
              "runs": {
                "batter": 1,
                "extras": 0,
                "total": 1
              }
            },
            {
              "batter": "JJ Roy",
              "bowler": "Azmatullah Omarzai",
              "extras": {
                "wides": 1
              },
              "non_striker": "Mohammad Hafeez",
              "runs": {
                "batter": 0,
                "extras": 1,
                "total": 1
              }
            },
            {
              "batter": "JJ Roy",
              "bowler": "Azmatullah Omarzai",
              "non_striker": "Mohammad Hafeez",
              "runs": {
                "batter": 6,
                "extras": 0,
                "total": 6
              }
            }
          ]
        }
      ],
      "powerplays": [
        {
          "from": 0.1,
          "to": 5.6,
          "type": "mandatory"
        }
      ],
      "target": {
        "overs": 20,
        "runs": 241
      }
    }
  ]
}