{
  "meta": {
    "data_version": "1.1.0",
    "created": "2023-02-17",
    "revision": 2
  },
  "info": {
    "balls_per_over": 6,
    "city": "Multan",
    "dates": [
      "2023-02-17"
    ],
    "event": {
      "name": "Pakistan Super League",
      "match_number": 5
    },
    "gender": "male",
    "match_type": "T20",
    "officials": {
      "match_referees": [
        "Mohammed Anees"
      ],
      "reserve_umpires": [
        "Shozab Raza"
      ],
      "tv_umpires": [
        "MJ Saggers"
      ],
      "umpires": [
        "Asif Yaqoob",
        "Faisal Afridi"
      ]
    },
    "outcome": {
      "winner": "Multan Sultans",
      "by": {
        "runs": 56
      }
    },
    "overs": 20,
    "player_of_match": [
      "RR Rossouw"
    ],
    "players": {
      "Multan Sultans": [
        "Shan Masood",
        "Mohammad Rizwan",
        "RR Rossouw",
        "DA Miller",
        "KA Pollard",
        "Khushdil Shah",
        "CR Brathwaite",
        "Usama Mir",
        "Abbas Afridi",
        "Sameen Gul",
        "Ihsanullah"
      ],
      "Peshawar Zalmi": [
        "Mohammad Haris",
        "Babar Azam",
        "Saim Ayub",
        "T Kohler-Cadmore",
        "R Powell",
        "PBB Rajapaksa",
        "JDS Neesham",
        "Wahab Riaz",
        "Khurram Shahzad",
        "Sufiyan Muqeem",
        "Salman Irshad"
      ]
    },
    "registry": {
      "people": {
        "Abbas Afridi": "2cec2a92",
        "Asif Yaqoob": "6b35790c",
        "Babar Azam": "8a75e999",
        "CR Brathwaite": "e342e5fb",
        "DA Miller": "d67d5f00",
        "Faisal Afridi": "ed0bc503",
        "Ihsanullah": "c290033d",
        "JDS Neesham": "9219eff0",
        "KA Pollard": "a757b0d8",
        "Khurram Shahzad": "1daf3f74",
        "Khushdil Shah": "fce581b5",
        "MJ Saggers": "402d5937",
        "Mohammad Haris": "ff3f6fc1",
        "Mohammad Rizwan": "2f26ac1a",
        "Mohammed Anees": "0d4da5c5",
        "PBB Rajapaksa": "6c882e9a",
        "R Powell": "650d5e49",
        "RR Rossouw": "cad00a4d",
        "Saim Ayub": "33609a8c",
        "Salman Irshad": "30afc92b",
        "Sameen Gul": "3be224b0",
        "Shan Masood": "6843a783",
        "Shozab Raza": "153c67dc",
        "Sufiyan Muqeem": "4277234d",
        "T Kohler-Cadmore": "f836b33d",
        "Usama Mir": "6dd8b88c",
        "Wahab Riaz": "b3118300"
      }
    },
    "season": "2022/23",
    "team_type": "club",
    "teams": [
      "Multan Sultans",
      "Peshawar Zalmi"
    ],
    "toss": {
      "decision": "field",
      "winner": "Peshawar Zalmi"
    },
    "venue": "Multan Cricket Stadium"
  },
  "innings": [
    {
      "team": "Multan Sultans",
      "overs": [
        {
          "over": 0,
          "deliveries": [
            {
              "batter": "Shan Masood",
              "bowler": "Wahab Riaz",
              "extras": {
                "wides": 1
              },
              "non_striker": "Mohammad Rizwan",
              "runs": {
                "batter": 0,
                "extras": 1,
                "total": 1
              }
            },
            {
              "batter": "Shan Masood",
              "bowler": "Wahab Riaz",
              "non_striker": "Mohammad Rizwan",
              "runs": {
                "batter": 1,
                "extras": 0,
                "total": 1
              }
            },
            {
              "batter": "Mohammad Rizwan",
              "bowler": "Wahab Riaz",
              "non_striker": "Shan Masood",
              "runs": {
                "batter": 0,
                "extras": 0,
                "total": 0
              }
            },
            {
              "batter": "Mohammad Rizwan",
              "bowler": "Wahab Riaz",
              "non_striker": "Shan Masood",
              "runs": {
                "batter": 0,
                "extras": 0,
                "total": 0
              }
            },
            {
              "batter": "Mohammad Rizwan",
              "bowler": "Wahab Riaz",
              "extras": {
                "legbyes": 1
              },
              "non_striker": "Shan Masood",
              "review": {
                "by": "Peshawar Zalmi",
                "umpire": "Asif Yaqoob",
                "batter": "Mohammad Rizwan",
                "decision": "struck down",
                "umpires_call": true
              },
              "runs": {
                "batter": 0,
                "extras": 1,
                "total": 1
              }
            },
            {
              "batter": "Shan Masood",
              "bowler": "Wahab Riaz",
              "non_striker": "Mohammad Rizwan",
              "runs": {
                "batter": 0,
                "extras": 0,
                "total": 0
              }
            },
            {
              "batter": "Shan Masood",
              "bowler": "Wahab Riaz",
              "non_striker": "Mohammad Rizwan",
              "runs": {
                "batter": 2,
                "extras": 0,
                "total": 2
              }
            }
          ]
        },
        {
          "over": 1,
          "deliveries": [
            {
              "batter": "Mohammad Rizwan",
              "bowler": "Khurram Shahzad",
              "non_striker": "Shan Masood",
              "runs": {
                "batter": 4,
                "extras": 0,
                "total": 4
              }
            },
            {
              "batter": "Mohammad Rizwan",
              "bowler": "Khurram Shahzad",
              "non_striker": "Shan Masood",
              "runs": {
                "batter": 2,
                "extras": 0,
                "total": 2
              }
            },
            {
              "batter": "Mohammad Rizwan",
              "bowler": "Khurram Shahzad",
              "non_striker": "Shan Masood",
              "runs": {
                "batter": 2,
                "extras": 0,
                "total": 2
              }
            },
            {
              "batter": "Mohammad Rizwan",
              "bowler": "Khurram Shahzad",
              "non_striker": "Shan Masood",
              "runs": {
                "batter": 1,
                "extras": 0,
                "total": 1
              }
            },
            {
              "batter": "Shan Masood",
              "bowler": "Khurram Shahzad",
              "non_striker": "Mohammad Rizwan",
              "runs": {
                "batter": 0,
                "extras": 0,
                "total": 0
              }
            },
            {
              "batter": "Shan Masood",
              "bowler": "Khurram Shahzad",
              "non_striker": "Mohammad Rizwan",
              "runs": {
                "batter": 1,
                "extras": 0,
                "total": 1
              }
            }
          ]
        },
        {
          "over": 2,
          "deliveries": [
            {
              "batter": "Shan Masood",
              "bowler": "JDS Neesham",
              "non_striker": "Mohammad Rizwan",
              "runs": {
                "batter": 0,
                "extras": 0,
                "total": 0
              }
            },
            {
              "batter": "Shan Masood",
              "bowler": "JDS Neesham",
              "non_striker": "Mohammad Rizwan",
              "runs": {
                "batter": 4,
                "extras": 0,
                "total": 4
              }
            },
            {
              "batter": "Shan Masood",
              "bowler": "JDS Neesham",
              "non_striker": "Mohammad Rizwan",
              "runs": {
                "batter": 0,
                "extras": 0,
                "total": 0
              }
            },
            {
              "batter": "Shan Masood",
              "bowler": "JDS Neesham",
              "non_striker": "Mohammad Rizwan",
              "runs": {
                "batter": 1,
                "extras": 0,
                "total": 1
              }
            },
            {
              "batter": "Mohammad Rizwan",
              "bowler": "JDS Neesham",
              "non_striker": "Shan Masood",
              "runs": {
                "batter": 0,
                "extras": 0,
                "total": 0
              }
            },
            {
              "batter": "Mohammad Rizwan",
              "bowler": "JDS Neesham",
              "non_striker": "Shan Masood",
              "runs": {
                "batter": 0,
                "extras": 0,
                "total": 0
              }
            }
          ]
        },
        {
          "over": 3,
          "deliveries": [
            {
              "batter": "Shan Masood",
              "bowler": "Khurram Shahzad",
              "non_striker": "Mohammad Rizwan",
              "runs": {
                "batter": 0,
                "extras": 0,
                "total": 0
              }
            },
            {
              "batter": "Shan Masood",
              "bowler": "Khurram Shahzad",
              "non_striker": "Mohammad Rizwan",
              "runs": {
                "batter": 4,
                "extras": 0,
                "total": 4
              }
            },
            {
              "batter": "Shan Masood",
              "bowler": "Khurram Shahzad",
              "non_striker": "Mohammad Rizwan",
              "runs": {
                "batter": 0,
                "extras": 0,
                "total": 0
              }
            },
            {
              "batter": "Shan Masood",
              "bowler": "Khurram Shahzad",
              "non_striker": "Mohammad Rizwan",
              "runs": {
                "batter": 0,
                "extras": 0,
                "total": 0
              }
            },
            {
              "batter": "Shan Masood",
              "bowler": "Khurram Shahzad",
              "non_striker": "Mohammad Rizwan",
              "runs": {
                "batter": 1,
                "extras": 0,
                "total": 1
              }
            },
            {
              "batter": "Mohammad Rizwan",
              "bowler": "Khurram Shahzad",
              "extras": {
                "noballs": 1
              },
              "non_striker": "Shan Masood",
              "runs": {
                "batter": 4,
                "extras": 1,
                "total": 5
              }
            },
            {
              "batter": "Mohammad Rizwan",
              "bowler": "Khurram Shahzad",
              "non_striker": "Shan Masood",
              "runs": {
                "batter": 6,
                "extras": 0,
                "total": 6
              }
            }
          ]
        },
        {
          "over": 4,
          "deliveries": [
            {
              "batter": "Shan Masood",
              "bowler": "JDS Neesham",
              "non_striker": "Mohammad Rizwan",
              "runs": {
                "batter": 1,
                "extras": 0,
                "total": 1
              }
            },
            {
              "batter": "Mohammad Rizwan",
              "bowler": "JDS Neesham",
              "non_striker": "Shan Masood",
              "runs": {
                "batter": 1,
                "extras": 0,
                "total": 1
              }
            },
            {
              "batter": "Shan Masood",
              "bowler": "JDS Neesham",
              "non_striker": "Mohammad Rizwan",
              "runs": {
                "batter": 0,
                "extras": 0,
                "total": 0
              }
            },
            {
              "batter": "Shan Masood",
              "bowler": "JDS Neesham",
              "non_striker": "Mohammad Rizwan",
              "runs": {
                "batter": 0,
                "extras": 0,
                "total": 0
              }
            },
            {
              "batter": "Shan Masood",
              "bowler": "JDS Neesham",
              "non_striker": "Mohammad Rizwan",
              "runs": {
                "batter": 0,
                "extras": 0,
                "total": 0
              }
            },
            {
              "batter": "Shan Masood",
              "bowler": "JDS Neesham",
              "non_striker": "Mohammad Rizwan",
              "runs": {
                "batter": 2,
                "extras": 0,
                "total": 2
              }
            }
          ]
        },
        {
          "over": 5,
          "deliveries": [
            {
              "batter": "Mohammad Rizwan",
              "bowler": "Wahab Riaz",
              "non_striker": "Shan Masood",
              "runs": {
                "batter": 1,
                "extras": 0,
                "total": 1
              }
            },
            {
              "batter": "Shan Masood",
              "bowler": "Wahab Riaz",
              "extras": {
                "legbyes": 1
              },
              "non_striker": "Mohammad Rizwan",
              "runs": {
                "batter": 0,
                "extras": 1,
                "total": 1
              }
            },
            {
              "batter": "Mohammad Rizwan",
              "bowler": "Wahab Riaz",
              "extras": {
                "wides": 1
              },
              "non_striker": "Shan Masood",
              "runs": {
                "batter": 0,
                "extras": 1,
                "total": 1
              }
            },
            {
              "batter": "Mohammad Rizwan",
              "bowler": "Wahab Riaz",
              "non_striker": "Shan Masood",
              "runs": {
                "batter": 0,
                "extras": 0,
                "total": 0
              }
            },
            {
              "batter": "Mohammad Rizwan",
              "bowler": "Wahab Riaz",
              "non_striker": "Shan Masood",
              "runs": {
                "batter": 4,
                "extras": 0,
                "total": 4
              }
            },
            {
              "batter": "Mohammad Rizwan",
              "bowler": "Wahab Riaz",
              "non_striker": "Shan Masood",
              "runs": {
                "batter": 1,
                "extras": 0,
                "total": 1
              }
            },
            {
              "batter": "Shan Masood",
              "bowler": "Wahab Riaz",
              "non_striker": "Mohammad Rizwan",
              "runs": {
                "batter": 2,
                "extras": 0,
                "total": 2
              }
            }
          ]
        },
        {
          "over": 6,
          "deliveries": [
            {
              "batter": "Mohammad Rizwan",
              "bowler": "Sufiyan Muqeem",
              "non_striker": "Shan Masood",
              "runs": {
                "batter": 1,
                "extras": 0,
                "total": 1
              }
            },
            {
              "batter": "Shan Masood",
              "bowler": "Sufiyan Muqeem",
              "non_striker": "Mohammad Rizwan",
              "runs": {
                "batter": 0,
                "extras": 0,
                "total": 0
              }
            },
            {
              "batter": "Shan Masood",
              "bowler": "Sufiyan Muqeem",
              "non_striker": "Mohammad Rizwan",
              "runs": {
                "batter": 0,
                "extras": 0,
                "total": 0
              }
            },
            {
              "batter": "Shan Masood",
              "bowler": "Sufiyan Muqeem",
              "non_striker": "Mohammad Rizwan",
              "runs": {
                "batter": 1,
                "extras": 0,
                "total": 1
              }
            },
            {
              "batter": "Mohammad Rizwan",
              "bowler": "Sufiyan Muqeem",
              "non_striker": "Shan Masood",
              "runs": {
                "batter": 0,
                "extras": 0,
                "total": 0
              }
            },
            {
              "batter": "Mohammad Rizwan",
              "bowler": "Sufiyan Muqeem",
              "non_striker": "Shan Masood",
              "runs": {
                "batter": 1,
                "extras": 0,
                "total": 1
              }
            }
          ]
        },
        {
          "over": 7,
          "deliveries": [
            {
              "batter": "Mohammad Rizwan",
              "bowler": "Salman Irshad",
              "non_striker": "Shan Masood",
              "runs": {
                "batter": 1,
                "extras": 0,
                "total": 1
              }
            },
            {
              "batter": "Shan Masood",
              "bowler": "Salman Irshad",
              "non_striker": "Mohammad Rizwan",
              "runs": {
                "batter": 0,
                "extras": 0,
                "total": 0
              },
              "wickets": [
                {
                  "player_out": "Shan Masood",
                  "fielders": [
                    {
                      "name": "Mohammad Haris"
                    }
                  ],
                  "kind": "caught"
                }
              ]
            },
            {
              "batter": "RR Rossouw",
              "bowler": "Salman Irshad",
              "non_striker": "Mohammad Rizwan",
              "runs": {
                "batter": 0,
                "extras": 0,
                "total": 0
              }
            },
            {
              "batter": "RR Rossouw",
              "bowler": "Salman Irshad",
              "non_striker": "Mohammad Rizwan",
              "runs": {
                "batter": 1,
                "extras": 0,
                "total": 1
              }
            },
            {
              "batter": "Mohammad Rizwan",
              "bowler": "Salman Irshad",
              "non_striker": "RR Rossouw",
              "runs": {
                "batter": 1,
                "extras": 0,
                "total": 1
              }
            },
            {
              "batter": "RR Rossouw",
              "bowler": "Salman Irshad",
              "extras": {
                "wides": 1
              },
              "non_striker": "Mohammad Rizwan",
              "runs": {
                "batter": 0,
                "extras": 1,
                "total": 1
              }
            },
            {
              "batter": "RR Rossouw",
              "bowler": "Salman Irshad",
              "non_striker": "Mohammad Rizwan",
              "runs": {
                "batter": 4,
                "extras": 0,
                "total": 4
              }
            }
          ]
        },
        {
          "over": 8,
          "deliveries": [
            {
              "batter": "Mohammad Rizwan",
              "bowler": "Sufiyan Muqeem",
              "non_striker": "RR Rossouw",
              "runs": {
                "batter": 0,
                "extras": 0,
                "total": 0
              }
            },
            {
              "batter": "Mohammad Rizwan",
              "bowler": "Sufiyan Muqeem",
              "non_striker": "RR Rossouw",
              "runs": {
                "batter": 4,
                "extras": 0,
                "total": 4
              }
            },
            {
              "batter": "Mohammad Rizwan",
              "bowler": "Sufiyan Muqeem",
              "non_striker": "RR Rossouw",
              "runs": {
                "batter": 2,
                "extras": 0,
                "total": 2
              }
            },
            {
              "batter": "Mohammad Rizwan",
              "bowler": "Sufiyan Muqeem",
              "non_striker": "RR Rossouw",
              "runs": {
                "batter": 1,
                "extras": 0,
                "total": 1
              }
            },
            {
              "batter": "RR Rossouw",
              "bowler": "Sufiyan Muqeem",
              "non_striker": "Mohammad Rizwan",
              "runs": {
                "batter": 0,
                "extras": 0,
                "total": 0
              }
            },
            {
              "batter": "RR Rossouw",
              "bowler": "Sufiyan Muqeem",
              "non_striker": "Mohammad Rizwan",
              "runs": {
                "batter": 4,
                "extras": 0,
                "total": 4
              }
            }
          ]
        },
        {
          "over": 9,
          "deliveries": [
            {
              "batter": "Mohammad Rizwan",
              "bowler": "Khurram Shahzad",
              "non_striker": "RR Rossouw",
              "runs": {
                "batter": 1,
                "extras": 0,
                "total": 1
              }
            },
            {
              "batter": "RR Rossouw",
              "bowler": "Khurram Shahzad",
              "non_striker": "Mohammad Rizwan",
              "runs": {
                "batter": 1,
                "extras": 0,
                "total": 1
              }
            },
            {
              "batter": "Mohammad Rizwan",
              "bowler": "Khurram Shahzad",
              "non_striker": "RR Rossouw",
              "runs": {
                "batter": 1,
                "extras": 0,
                "total": 1
              }
            },
            {
              "batter": "RR Rossouw",
              "bowler": "Khurram Shahzad",
              "non_striker": "Mohammad Rizwan",
              "runs": {
                "batter": 4,
                "extras": 0,
                "total": 4
              }
            },
            {
              "batter": "RR Rossouw",
              "bowler": "Khurram Shahzad",
              "non_striker": "Mohammad Rizwan",
              "runs": {
                "batter": 4,
                "extras": 0,
                "total": 4
              }
            },
            {
              "batter": "RR Rossouw",
              "bowler": "Khurram Shahzad",
              "non_striker": "Mohammad Rizwan",
              "runs": {
                "batter": 0,
                "extras": 0,
                "total": 0
              }
            }
          ]
        },
        {
          "over": 10,
          "deliveries": [
            {
              "batter": "Mohammad Rizwan",
              "bowler": "Sufiyan Muqeem",
              "non_striker": "RR Rossouw",
              "runs": {
                "batter": 0,
                "extras": 0,
                "total": 0
              }
            },
            {
              "batter": "Mohammad Rizwan",
              "bowler": "Sufiyan Muqeem",
              "non_striker": "RR Rossouw",
              "runs": {
                "batter": 2,
                "extras": 0,
                "total": 2
              }
            },
            {
              "batter": "Mohammad Rizwan",
              "bowler": "Sufiyan Muqeem",
              "non_striker": "RR Rossouw",
              "runs": {
                "batter": 4,
                "extras": 0,
                "total": 4
              }
            },
            {
              "batter": "Mohammad Rizwan",
              "bowler": "Sufiyan Muqeem",
              "non_striker": "RR Rossouw",
              "runs": {
                "batter": 4,
                "extras": 0,
                "total": 4
              }
            },
            {
              "batter": "Mohammad Rizwan",
              "bowler": "Sufiyan Muqeem",
              "non_striker": "RR Rossouw",
              "runs": {
                "batter": 0,
                "extras": 0,
                "total": 0
              }
            },
            {
              "batter": "Mohammad Rizwan",
              "bowler": "Sufiyan Muqeem",
              "non_striker": "RR Rossouw",
              "runs": {
                "batter": 1,
                "extras": 0,
                "total": 1
              }
            }
          ]
        },
        {
          "over": 11,
          "deliveries": [
            {
              "batter": "Mohammad Rizwan",
              "bowler": "Salman Irshad",
              "non_striker": "RR Rossouw",
              "runs": {
                "batter": 1,
                "extras": 0,
                "total": 1
              }
            },
            {
              "batter": "RR Rossouw",
              "bowler": "Salman Irshad",
              "non_striker": "Mohammad Rizwan",
              "runs": {
                "batter": 1,
                "extras": 0,
                "total": 1
              }
            },
            {
              "batter": "Mohammad Rizwan",
              "bowler": "Salman Irshad",
              "non_striker": "RR Rossouw",
              "runs": {
                "batter": 2,
                "extras": 0,
                "total": 2
              }
            },
            {
              "batter": "Mohammad Rizwan",
              "bowler": "Salman Irshad",
              "non_striker": "RR Rossouw",
              "runs": {
                "batter": 4,
                "extras": 0,
                "total": 4
              }
            },
            {
              "batter": "Mohammad Rizwan",
              "bowler": "Salman Irshad",
              "non_striker": "RR Rossouw",
              "runs": {
                "batter": 4,
                "extras": 0,
                "total": 4
              }
            },
            {
              "batter": "Mohammad Rizwan",
              "bowler": "Salman Irshad",
              "non_striker": "RR Rossouw",
              "runs": {
                "batter": 0,
                "extras": 0,
                "total": 0
              }
            }
          ]
        },
        {
          "over": 12,
          "deliveries": [
            {
              "batter": "RR Rossouw",
              "bowler": "JDS Neesham",
              "non_striker": "Mohammad Rizwan",
              "runs": {
                "batter": 0,
                "extras": 0,
                "total": 0
              }
            },
            {
              "batter": "RR Rossouw",
              "bowler": "JDS Neesham",
              "non_striker": "Mohammad Rizwan",
              "runs": {
                "batter": 4,
                "extras": 0,
                "total": 4
              }
            },
            {
              "batter": "RR Rossouw",
              "bowler": "JDS Neesham",
              "non_striker": "Mohammad Rizwan",
              "runs": {
                "batter": 1,
                "extras": 0,
                "total": 1
              }
            },
            {
              "batter": "Mohammad Rizwan",
              "bowler": "JDS Neesham",
              "non_striker": "RR Rossouw",
              "runs": {
                "batter": 4,
                "extras": 0,
                "total": 4
              }
            },
            {
              "batter": "Mohammad Rizwan",
              "bowler": "JDS Neesham",
              "non_striker": "RR Rossouw",
              "runs": {
                "batter": 0,
                "extras": 0,
                "total": 0
              }
            },
            {
              "batter": "Mohammad Rizwan",
              "bowler": "JDS Neesham",
              "non_striker": "RR Rossouw",
              "runs": {
                "batter": 1,
                "extras": 0,
                "total": 1
              }
            }
          ]
        },
        {
          "over": 13,
          "deliveries": [
            {
              "batter": "Mohammad Rizwan",
              "bowler": "Sufiyan Muqeem",
              "non_striker": "RR Rossouw",
              "runs": {
                "batter": 0,
                "extras": 0,
                "total": 0
              },
              "wickets": [
                {
                  "player_out": "Mohammad Rizwan",
                  "fielders": [
                    {
                      "name": "Mohammad Haris"
                    }
                  ],
                  "kind": "caught"
                }
              ]
            },
            {
              "batter": "DA Miller",
              "bowler": "Sufiyan Muqeem",
              "non_striker": "RR Rossouw",
              "runs": {
                "batter": 1,
                "extras": 0,
                "total": 1
              }
            },
            {
              "batter": "RR Rossouw",
              "bowler": "Sufiyan Muqeem",
              "non_striker": "DA Miller",
              "runs": {
                "batter": 0,
                "extras": 0,
                "total": 0
              }
            },
            {
              "batter": "RR Rossouw",
              "bowler": "Sufiyan Muqeem",
              "non_striker": "DA Miller",
              "runs": {
                "batter": 6,
                "extras": 0,
                "total": 6
              }
            },
            {
              "batter": "RR Rossouw",
              "bowler": "Sufiyan Muqeem",
              "non_striker": "DA Miller",
              "runs": {
                "batter": 0,
                "extras": 0,
                "total": 0
              }
            },
            {
              "batter": "RR Rossouw",
              "bowler": "Sufiyan Muqeem",
              "non_striker": "DA Miller",
              "runs": {
                "batter": 4,
                "extras": 0,
                "total": 4
              }
            }
          ]
        },
        {
          "over": 14,
          "deliveries": [
            {
              "batter": "DA Miller",
              "bowler": "Wahab Riaz",
              "non_striker": "RR Rossouw",
              "runs": {
                "batter": 1,
                "extras": 0,
                "total": 1
              }
            },
            {
              "batter": "RR Rossouw",
              "bowler": "Wahab Riaz",
              "non_striker": "DA Miller",
              "runs": {
                "batter": 2,
                "extras": 0,
                "total": 2
              }
            },
            {
              "batter": "RR Rossouw",
              "bowler": "Wahab Riaz",
              "non_striker": "DA Miller",
              "runs": {
                "batter": 4,
                "extras": 0,
                "total": 4
              }
            },
            {
              "batter": "RR Rossouw",
              "bowler": "Wahab Riaz",
              "extras": {
                "legbyes": 1
              },
              "non_striker": "DA Miller",
              "runs": {
                "batter": 0,
                "extras": 1,
                "total": 1
              }
            },
            {
              "batter": "DA Miller",
              "bowler": "Wahab Riaz",
              "non_striker": "RR Rossouw",
              "runs": {
                "batter": 1,
                "extras": 0,
                "total": 1
              }
            },
            {
              "batter": "RR Rossouw",
              "bowler": "Wahab Riaz",
              "non_striker": "DA Miller",
              "runs": {
                "batter": 4,
                "extras": 0,
                "total": 4
              }
            }
          ]
        },
        {
          "over": 15,
          "deliveries": [
            {
              "batter": "DA Miller",
              "bowler": "Salman Irshad",
              "extras": {
                "wides": 2
              },
              "non_striker": "RR Rossouw",
              "runs": {
                "batter": 0,
                "extras": 2,
                "total": 2
              }
            },
            {
              "batter": "RR Rossouw",
              "bowler": "Salman Irshad",
              "non_striker": "DA Miller",
              "runs": {
                "batter": 4,
                "extras": 0,
                "total": 4
              }
            },
            {
              "batter": "RR Rossouw",
              "bowler": "Salman Irshad",
              "non_striker": "DA Miller",
              "runs": {
                "batter": 4,
                "extras": 0,
                "total": 4
              }
            },
            {
              "batter": "RR Rossouw",
              "bowler": "Salman Irshad",
              "non_striker": "DA Miller",
              "runs": {
                "batter": 1,
                "extras": 0,
                "total": 1
              }
            },
            {
              "batter": "DA Miller",
              "bowler": "Salman Irshad",
              "non_striker": "RR Rossouw",
              "runs": {
                "batter": 1,
                "extras": 0,
                "total": 1
              }
            },
            {
              "batter": "RR Rossouw",
              "bowler": "Salman Irshad",
              "non_striker": "DA Miller",
              "runs": {
                "batter": 1,
                "extras": 0,
                "total": 1
              }
            },
            {
              "batter": "DA Miller",
              "bowler": "Salman Irshad",
              "non_striker": "RR Rossouw",
              "runs": {
                "batter": 1,
                "extras": 0,
                "total": 1
              }
            }
          ]
        },
        {
          "over": 16,
          "deliveries": [
            {
              "batter": "DA Miller",
              "bowler": "Khurram Shahzad",
              "non_striker": "RR Rossouw",
              "runs": {
                "batter": 1,
                "extras": 0,
                "total": 1
              }
            },
            {
              "batter": "RR Rossouw",
              "bowler": "Khurram Shahzad",
              "non_striker": "DA Miller",
              "runs": {
                "batter": 1,
                "extras": 0,
                "total": 1
              }
            },
            {
              "batter": "DA Miller",
              "bowler": "Khurram Shahzad",
              "non_striker": "RR Rossouw",
              "runs": {
                "batter": 1,
                "extras": 0,
                "total": 1
              }
            },
            {
              "batter": "RR Rossouw",
              "bowler": "Khurram Shahzad",
              "non_striker": "DA Miller",
              "runs": {
                "batter": 4,
                "extras": 0,
                "total": 4
              }
            },
            {
              "batter": "RR Rossouw",
              "bowler": "Khurram Shahzad",
              "non_striker": "DA Miller",
              "runs": {
                "batter": 4,
                "extras": 0,
                "total": 4
              }
            },
            {
              "batter": "RR Rossouw",
              "bowler": "Khurram Shahzad",
              "non_striker": "DA Miller",
              "runs": {
                "batter": 1,
                "extras": 0,
                "total": 1
              }
            }
          ]
        },
        {
          "over": 17,
          "deliveries": [
            {
              "batter": "RR Rossouw",
              "bowler": "JDS Neesham",
              "non_striker": "DA Miller",
              "runs": {
                "batter": 2,
                "extras": 0,
                "total": 2
              }
            },
            {
              "batter": "RR Rossouw",
              "bowler": "JDS Neesham",
              "non_striker": "DA Miller",
              "runs": {
                "batter": 6,
                "extras": 0,
                "total": 6
              }
            },
            {
              "batter": "RR Rossouw",
              "bowler": "JDS Neesham",
              "non_striker": "DA Miller",
              "runs": {
                "batter": 1,
                "extras": 0,
                "total": 1
              }
            },
            {
              "batter": "DA Miller",
              "bowler": "JDS Neesham",
              "non_striker": "RR Rossouw",
              "runs": {
                "batter": 4,
                "extras": 0,
                "total": 4
              }
            },
            {
              "batter": "DA Miller",
              "bowler": "JDS Neesham",
              "non_striker": "RR Rossouw",
              "runs": {
                "batter": 2,
                "extras": 0,
                "total": 2
              }
            },
            {
              "batter": "DA Miller",
              "bowler": "JDS Neesham",
              "non_striker": "RR Rossouw",
              "runs": {
                "batter": 6,
                "extras": 0,
                "total": 6
              }
            }
          ]
        },
        {
          "over": 18,
          "deliveries": [
            {
              "batter": "RR Rossouw",
              "bowler": "Salman Irshad",
              "non_striker": "DA Miller",
              "runs": {
                "batter": 1,
                "extras": 0,
                "total": 1
              }
            },
            {
              "batter": "DA Miller",
              "bowler": "Salman Irshad",
              "non_striker": "RR Rossouw",
              "runs": {
                "batter": 1,
                "extras": 0,
                "total": 1
              }
            },
            {
              "batter": "RR Rossouw",
              "bowler": "Salman Irshad",
              "non_striker": "DA Miller",
              "review": {
                "by": "Peshawar Zalmi",
                "umpire": "Asif Yaqoob",
                "batter": "RR Rossouw",
                "decision": "struck down"
              },
              "runs": {
                "batter": 0,
                "extras": 0,
                "total": 0
              }
            },
            {
              "batter": "RR Rossouw",
              "bowler": "Salman Irshad",
              "non_striker": "DA Miller",
              "runs": {
                "batter": 1,
                "extras": 0,
                "total": 1
              }
            },
            {
              "batter": "DA Miller",
              "bowler": "Salman Irshad",
              "non_striker": "RR Rossouw",
              "runs": {
                "batter": 1,
                "extras": 0,
                "total": 1
              }
            },
            {
              "batter": "RR Rossouw",
              "bowler": "Salman Irshad",
              "non_striker": "DA Miller",
              "review": {
                "by": "Multan Sultans",
                "umpire": "Asif Yaqoob",
                "batter": "RR Rossouw",
                "decision": "struck down"
              },
              "runs": {
                "batter": 0,
                "extras": 0,
                "total": 0
              },
              "wickets": [
                {
                  "player_out": "RR Rossouw",
                  "kind": "lbw"
                }
              ]
            }
          ]
        },
        {
          "over": 19,
          "deliveries": [
            {
              "batter": "DA Miller",
              "bowler": "Wahab Riaz",
              "non_striker": "KA Pollard",
              "runs": {
                "batter": 1,
                "extras": 0,
                "total": 1
              }
            },
            {
              "batter": "KA Pollard",
              "bowler": "Wahab Riaz",
              "extras": {
                "noballs": 1
              },
              "non_striker": "DA Miller",
              "runs": {
                "batter": 6,
                "extras": 1,
                "total": 7
              }
            },
            {
              "batter": "KA Pollard",
              "bowler": "Wahab Riaz",
              "non_striker": "DA Miller",
              "runs": {
                "batter": 4,
                "extras": 0,
                "total": 4
              }
            },
            {
              "batter": "KA Pollard",
              "bowler": "Wahab Riaz",
              "non_striker": "DA Miller",
              "runs": {
                "batter": 1,
                "extras": 0,
                "total": 1
              }
            },
            {
              "batter": "DA Miller",
              "bowler": "Wahab Riaz",
              "non_striker": "KA Pollard",
              "runs": {
                "batter": 1,
                "extras": 0,
                "total": 1
              }
            },
            {
              "batter": "KA Pollard",
              "bowler": "Wahab Riaz",
              "non_striker": "DA Miller",
              "runs": {
                "batter": 0,
                "extras": 0,
                "total": 0
              }
            },
            {
              "batter": "KA Pollard",
              "bowler": "Wahab Riaz",
              "extras": {
                "noballs": 1
              },
              "non_striker": "DA Miller",
              "runs": {
                "batter": 0,
                "extras": 1,
                "total": 1
              }
            },
            {
              "batter": "KA Pollard",
              "bowler": "Wahab Riaz",
              "non_striker": "DA Miller",
              "runs": {
                "batter": 4,
                "extras": 0,
                "total": 4
              }
            }
          ]
        }
      ],
      "powerplays": [
        {
          "from": 0.1,
          "to": 5.7,
          "type": "mandatory"
        }
      ]
    },
    {
      "team": "Peshawar Zalmi",
      "overs": [
        {
          "over": 0,
          "deliveries": [
            {
              "batter": "Mohammad Haris",
              "bowler": "Khushdil Shah",
              "non_striker": "Babar Azam",
              "runs": {
                "batter": 0,
                "extras": 0,
                "total": 0
              }
            },
            {
              "batter": "Mohammad Haris",
              "bowler": "Khushdil Shah",
              "non_striker": "Babar Azam",
              "runs": {
                "batter": 0,
                "extras": 0,
                "total": 0
              }
            },
            {
              "batter": "Mohammad Haris",
              "bowler": "Khushdil Shah",
              "non_striker": "Babar Azam",
              "runs": {
                "batter": 0,
                "extras": 0,
                "total": 0
              }
            },
            {
              "batter": "Mohammad Haris",
              "bowler": "Khushdil Shah",
              "non_striker": "Babar Azam",
              "runs": {
                "batter": 6,
                "extras": 0,
                "total": 6
              }
            },
            {
              "batter": "Mohammad Haris",
              "bowler": "Khushdil Shah",
              "extras": {
                "legbyes": 1
              },
              "non_striker": "Babar Azam",
              "runs": {
                "batter": 0,
                "extras": 1,
                "total": 1
              }
            },
            {
              "batter": "Babar Azam",
              "bowler": "Khushdil Shah",
              "non_striker": "Mohammad Haris",
              "runs": {
                "batter": 0,
                "extras": 0,
                "total": 0
              }
            }
          ]
        },
        {
          "over": 1,
          "deliveries": [
            {
              "batter": "Mohammad Haris",
              "bowler": "Sameen Gul",
              "non_striker": "Babar Azam",
              "runs": {
                "batter": 0,
                "extras": 0,
                "total": 0
              }
            },
            {
              "batter": "Mohammad Haris",
              "bowler": "Sameen Gul",
              "non_striker": "Babar Azam",
              "runs": {
                "batter": 6,
                "extras": 0,
                "total": 6
              }
            },
            {
              "batter": "Mohammad Haris",
              "bowler": "Sameen Gul",
              "non_striker": "Babar Azam",
              "runs": {
                "batter": 6,
                "extras": 0,
                "total": 6
              }
            },
            {
              "batter": "Mohammad Haris",
              "bowler": "Sameen Gul",
              "non_striker": "Babar Azam",
              "runs": {
                "batter": 2,
                "extras": 0,
                "total": 2
              }
            },
            {
              "batter": "Mohammad Haris",
              "bowler": "Sameen Gul",
              "non_striker": "Babar Azam",
              "runs": {
                "batter": 1,
                "extras": 0,
                "total": 1
              }
            },
            {
              "batter": "Babar Azam",
              "bowler": "Sameen Gul",
              "non_striker": "Mohammad Haris",
              "runs": {
                "batter": 0,
                "extras": 0,
                "total": 0
              }
            }
          ]
        },
        {
          "over": 2,
          "deliveries": [
            {
              "batter": "Mohammad Haris",
              "bowler": "Khushdil Shah",
              "non_striker": "Babar Azam",
              "runs": {
                "batter": 1,
                "extras": 0,
                "total": 1
              }
            },
            {
              "batter": "Babar Azam",
              "bowler": "Khushdil Shah",
              "non_striker": "Mohammad Haris",
              "runs": {
                "batter": 4,
                "extras": 0,
                "total": 4
              }
            },
            {
              "batter": "Babar Azam",
              "bowler": "Khushdil Shah",
              "non_striker": "Mohammad Haris",
              "runs": {
                "batter": 1,
                "extras": 0,
                "total": 1
              }
            },
            {
              "batter": "Mohammad Haris",
              "bowler": "Khushdil Shah",
              "non_striker": "Babar Azam",
              "runs": {
                "batter": 2,
                "extras": 0,
                "total": 2
              }
            },
            {
              "batter": "Mohammad Haris",
              "bowler": "Khushdil Shah",
              "non_striker": "Babar Azam",
              "runs": {
                "batter": 1,
                "extras": 0,
                "total": 1
              }
            },
            {
              "batter": "Babar Azam",
              "bowler": "Khushdil Shah",
              "non_striker": "Mohammad Haris",
              "runs": {
                "batter": 2,
                "extras": 0,
                "total": 2
              }
            }
          ]
        },
        {
          "over": 3,
          "deliveries": [
            {
              "batter": "Mohammad Haris",
              "bowler": "CR Brathwaite",
              "non_striker": "Babar Azam",
              "runs": {
                "batter": 0,
                "extras": 0,
                "total": 0
              }
            },
            {
              "batter": "Mohammad Haris",
              "bowler": "CR Brathwaite",
              "non_striker": "Babar Azam",
              "runs": {
                "batter": 4,
                "extras": 0,
                "total": 4
              }
            },
            {
              "batter": "Mohammad Haris",
              "bowler": "CR Brathwaite",
              "non_striker": "Babar Azam",
              "runs": {
                "batter": 1,
                "extras": 0,
                "total": 1
              }
            },
            {
              "batter": "Babar Azam",
              "bowler": "CR Brathwaite",
              "non_striker": "Mohammad Haris",
              "runs": {
                "batter": 1,
                "extras": 0,
                "total": 1
              }
            },
            {
              "batter": "Mohammad Haris",
              "bowler": "CR Brathwaite",
              "extras": {
                "legbyes": 1
              },
              "non_striker": "Babar Azam",
              "runs": {
                "batter": 0,
                "extras": 1,
                "total": 1
              }
            },
            {
              "batter": "Babar Azam",
              "bowler": "CR Brathwaite",
              "non_striker": "Mohammad Haris",
              "runs": {
                "batter": 1,
                "extras": 0,
                "total": 1
              }
            }
          ]
        },
        {
          "over": 4,
          "deliveries": [
            {
              "batter": "Babar Azam",
              "bowler": "Ihsanullah",
              "non_striker": "Mohammad Haris",
              "review": {
                "by": "Multan Sultans",
                "umpire": "Faisal Afridi",
                "batter": "Babar Azam",
                "decision": "upheld"
              },
              "runs": {
                "batter": 0,
                "extras": 0,
                "total": 0
              },
              "wickets": [
                {
                  "player_out": "Babar Azam",
                  "kind": "lbw"
                }
              ]
            },
            {
              "batter": "Saim Ayub",
              "bowler": "Ihsanullah",
              "non_striker": "Mohammad Haris",
              "runs": {
                "batter": 4,
                "extras": 0,
                "total": 4
              }
            },
            {
              "batter": "Saim Ayub",
              "bowler": "Ihsanullah",
              "non_striker": "Mohammad Haris",
              "runs": {
                "batter": 0,
                "extras": 0,
                "total": 0
              }
            },
            {
              "batter": "Saim Ayub",
              "bowler": "Ihsanullah",
              "non_striker": "Mohammad Haris",
              "runs": {
                "batter": 6,
                "extras": 0,
                "total": 6
              }
            },
            {
              "batter": "Saim Ayub",
              "bowler": "Ihsanullah",
              "non_striker": "Mohammad Haris",
              "runs": {
                "batter": 1,
                "extras": 0,
                "total": 1
              }
            },
            {
              "batter": "Mohammad Haris",
              "bowler": "Ihsanullah",
              "non_striker": "Saim Ayub",
              "runs": {
                "batter": 0,
                "extras": 0,
                "total": 0
              }
            }
          ]
        },
        {
          "over": 5,
          "deliveries": [
            {
              "batter": "Saim Ayub",
              "bowler": "CR Brathwaite",
              "non_striker": "Mohammad Haris",
              "runs": {
                "batter": 6,
                "extras": 0,
                "total": 6
              }
            },
            {
              "batter": "Saim Ayub",
              "bowler": "CR Brathwaite",
              "non_striker": "Mohammad Haris",
              "runs": {
                "batter": 0,
                "extras": 0,
                "total": 0
              }
            },
            {
              "batter": "Saim Ayub",
              "bowler": "CR Brathwaite",
              "non_striker": "Mohammad Haris",
              "runs": {
                "batter": 1,
                "extras": 0,
                "total": 1
              }
            },
            {
              "batter": "Mohammad Haris",
              "bowler": "CR Brathwaite",
              "non_striker": "Saim Ayub",
              "runs": {
                "batter": 1,
                "extras": 0,
                "total": 1
              }
            },
            {
              "batter": "Saim Ayub",
              "bowler": "CR Brathwaite",
              "non_striker": "Mohammad Haris",
              "runs": {
                "batter": 0,
                "extras": 0,
                "total": 0
              }
            },
            {
              "batter": "Saim Ayub",
              "bowler": "CR Brathwaite",
              "extras": {
                "legbyes": 1
              },
              "non_striker": "Mohammad Haris",
              "runs": {
                "batter": 0,
                "extras": 1,
                "total": 1
              }
            }
          ]
        },
        {
          "over": 6,
          "deliveries": [
            {
              "batter": "Saim Ayub",
              "bowler": "Abbas Afridi",
              "non_striker": "Mohammad Haris",
              "runs": {
                "batter": 6,
                "extras": 0,
                "total": 6
              }
            },
            {
              "batter": "Saim Ayub",
              "bowler": "Abbas Afridi",
              "non_striker": "Mohammad Haris",
              "runs": {
                "batter": 1,
                "extras": 0,
                "total": 1
              }
            },
            {
              "batter": "Mohammad Haris",
              "bowler": "Abbas Afridi",
              "non_striker": "Saim Ayub",
              "runs": {
                "batter": 1,
                "extras": 0,
                "total": 1
              }
            },
            {
              "batter": "Saim Ayub",
              "bowler": "Abbas Afridi",
              "non_striker": "Mohammad Haris",
              "runs": {
                "batter": 2,
                "extras": 0,
                "total": 2
              }
            },
            {
              "batter": "Saim Ayub",
              "bowler": "Abbas Afridi",
              "non_striker": "Mohammad Haris",
              "runs": {
                "batter": 1,
                "extras": 0,
                "total": 1
              }
            },
            {
              "batter": "Mohammad Haris",
              "bowler": "Abbas Afridi",
              "non_striker": "Saim Ayub",
              "runs": {
                "batter": 6,
                "extras": 0,
                "total": 6
              }
            }
          ]
        },
        {
          "over": 7,
          "deliveries": [
            {
              "batter": "Saim Ayub",
              "bowler": "Usama Mir",
              "non_striker": "Mohammad Haris",
              "runs": {
                "batter": 0,
                "extras": 0,
                "total": 0
              }
            },
            {
              "batter": "Saim Ayub",
              "bowler": "Usama Mir",
              "non_striker": "Mohammad Haris",
              "runs": {
                "batter": 1,
                "extras": 0,
                "total": 1
              }
            },
            {
              "batter": "Mohammad Haris",
              "bowler": "Usama Mir",
              "non_striker": "Saim Ayub",
              "runs": {
                "batter": 1,
                "extras": 0,
                "total": 1
              }
            },
            {
              "batter": "Saim Ayub",
              "bowler": "Usama Mir",
              "non_striker": "Mohammad Haris",
              "runs": {
                "batter": 0,
                "extras": 0,
                "total": 0
              }
            },
            {
              "batter": "Saim Ayub",
              "bowler": "Usama Mir",
              "non_striker": "Mohammad Haris",
              "runs": {
                "batter": 0,
                "extras": 0,
                "total": 0
              }
            },
            {
              "batter": "Saim Ayub",
              "bowler": "Usama Mir",
              "non_striker": "Mohammad Haris",
              "runs": {
                "batter": 1,
                "extras": 0,
                "total": 1
              }
            }
          ]
        },
        {
          "over": 8,
          "deliveries": [
            {
              "batter": "Saim Ayub",
              "bowler": "Ihsanullah",
              "extras": {
                "noballs": 1
              },
              "non_striker": "Mohammad Haris",
              "runs": {
                "batter": 1,
                "extras": 1,
                "total": 2
              }
            },
            {
              "batter": "Mohammad Haris",
              "bowler": "Ihsanullah",
              "non_striker": "Saim Ayub",
              "runs": {
                "batter": 1,
                "extras": 0,
                "total": 1
              }
            },
            {
              "batter": "Saim Ayub",
              "bowler": "Ihsanullah",
              "non_striker": "Mohammad Haris",
              "runs": {
                "batter": 4,
                "extras": 0,
                "total": 4
              }
            },
            {
              "batter": "Saim Ayub",
              "bowler": "Ihsanullah",
              "non_striker": "Mohammad Haris",
              "runs": {
                "batter": 0,
                "extras": 0,
                "total": 0
              },
              "wickets": [
                {
                  "player_out": "Mohammad Haris",
                  "fielders": [
                    {
                      "name": "Abbas Afridi"
                    }
                  ],
                  "kind": "run out"
                }
              ]
            },
            {
              "batter": "Saim Ayub",
              "bowler": "Ihsanullah",
              "non_striker": "T Kohler-Cadmore",
              "runs": {
                "batter": 1,
                "extras": 0,
                "total": 1
              }
            },
            {
              "batter": "T Kohler-Cadmore",
              "bowler": "Ihsanullah",
              "non_striker": "Saim Ayub",
              "runs": {
                "batter": 0,
                "extras": 0,
                "total": 0
              }
            },
            {
              "batter": "T Kohler-Cadmore",
              "bowler": "Ihsanullah",
              "non_striker": "Saim Ayub",
              "runs": {
                "batter": 0,
                "extras": 0,
                "total": 0
              }
            }
          ]
        },
        {
          "over": 9,
          "deliveries": [
            {
              "batter": "Saim Ayub",
              "bowler": "KA Pollard",
              "non_striker": "T Kohler-Cadmore",
              "runs": {
                "batter": 1,
                "extras": 0,
                "total": 1
              }
            },
            {
              "batter": "T Kohler-Cadmore",
              "bowler": "KA Pollard",
              "non_striker": "Saim Ayub",
              "runs": {
                "batter": 1,
                "extras": 0,
                "total": 1
              }
            },
            {
              "batter": "Saim Ayub",
              "bowler": "KA Pollard",
              "non_striker": "T Kohler-Cadmore",
              "runs": {
                "batter": 1,
                "extras": 0,
                "total": 1
              }
            },
            {
              "batter": "T Kohler-Cadmore",
              "bowler": "KA Pollard",
              "non_striker": "Saim Ayub",
              "runs": {
                "batter": 1,
                "extras": 0,
                "total": 1
              }
            },
            {
              "batter": "Saim Ayub",
              "bowler": "KA Pollard",
              "non_striker": "T Kohler-Cadmore",
              "runs": {
                "batter": 1,
                "extras": 0,
                "total": 1
              }
            },
            {
              "batter": "T Kohler-Cadmore",
              "bowler": "KA Pollard",
              "non_striker": "Saim Ayub",
              "runs": {
                "batter": 1,
                "extras": 0,
                "total": 1
              }
            }
          ]
        },
        {
          "over": 10,
          "deliveries": [
            {
              "batter": "T Kohler-Cadmore",
              "bowler": "Usama Mir",
              "non_striker": "Saim Ayub",
              "runs": {
                "batter": 0,
                "extras": 0,
                "total": 0
              },
              "wickets": [
                {
                  "player_out": "T Kohler-Cadmore",
                  "fielders": [
                    {
                      "name": "CR Brathwaite"
                    }
                  ],
                  "kind": "caught"
                }
              ]
            },
            {
              "batter": "R Powell",
              "bowler": "Usama Mir",
              "non_striker": "Saim Ayub",
              "runs": {
                "batter": 1,
                "extras": 0,
                "total": 1
              }
            },
            {
              "batter": "Saim Ayub",
              "bowler": "Usama Mir",
              "non_striker": "R Powell",
              "runs": {
                "batter": 1,
                "extras": 0,
                "total": 1
              }
            },
            {
              "batter": "R Powell",
              "bowler": "Usama Mir",
              "non_striker": "Saim Ayub",
              "runs": {
                "batter": 0,
                "extras": 0,
                "total": 0
              }
            },
            {
              "batter": "R Powell",
              "bowler": "Usama Mir",
              "non_striker": "Saim Ayub",
              "runs": {
                "batter": 0,
                "extras": 0,
                "total": 0
              }
            },
            {
              "batter": "R Powell",
              "bowler": "Usama Mir",
              "non_striker": "Saim Ayub",
              "runs": {
                "batter": 0,
                "extras": 0,
                "total": 0
              }
            }
          ]
        },
        {
          "over": 11,
          "deliveries": [
            {
              "batter": "Saim Ayub",
              "bowler": "Sameen Gul",
              "non_striker": "R Powell",
              "runs": {
                "batter": 0,
                "extras": 0,
                "total": 0
              }
            },
            {
              "batter": "Saim Ayub",
              "bowler": "Sameen Gul",
              "non_striker": "R Powell",
              "runs": {
                "batter": 1,
                "extras": 0,
                "total": 1
              }
            },
            {
              "batter": "R Powell",
              "bowler": "Sameen Gul",
              "non_striker": "Saim Ayub",
              "runs": {
                "batter": 2,
                "extras": 0,
                "total": 2
              }
            },
            {
              "batter": "R Powell",
              "bowler": "Sameen Gul",
              "non_striker": "Saim Ayub",
              "runs": {
                "batter": 1,
                "extras": 0,
                "total": 1
              }
            },
            {
              "batter": "Saim Ayub",
              "bowler": "Sameen Gul",
              "non_striker": "R Powell",
              "runs": {
                "batter": 1,
                "extras": 0,
                "total": 1
              }
            },
            {
              "batter": "R Powell",
              "bowler": "Sameen Gul",
              "non_striker": "Saim Ayub",
              "runs": {
                "batter": 6,
                "extras": 0,
                "total": 6
              }
            }
          ]
        },
        {
          "over": 12,
          "deliveries": [
            {
              "batter": "Saim Ayub",
              "bowler": "Usama Mir",
              "non_striker": "R Powell",
              "runs": {
                "batter": 1,
                "extras": 0,
                "total": 1
              }
            },
            {
              "batter": "R Powell",
              "bowler": "Usama Mir",
              "non_striker": "Saim Ayub",
              "runs": {
                "batter": 6,
                "extras": 0,
                "total": 6
              }
            },
            {
              "batter": "R Powell",
              "bowler": "Usama Mir",
              "non_striker": "Saim Ayub",
              "runs": {
                "batter": 1,
                "extras": 0,
                "total": 1
              }
            },
            {
              "batter": "Saim Ayub",
              "bowler": "Usama Mir",
              "non_striker": "R Powell",
              "runs": {
                "batter": 2,
                "extras": 0,
                "total": 2
              }
            },
            {
              "batter": "Saim Ayub",
              "bowler": "Usama Mir",
              "non_striker": "R Powell",
              "runs": {
                "batter": 1,
                "extras": 0,
                "total": 1
              }
            },
            {
              "batter": "R Powell",
              "bowler": "Usama Mir",
              "non_striker": "Saim Ayub",
              "runs": {
                "batter": 4,
                "extras": 0,
                "total": 4
              }
            }
          ]
        },
        {
          "over": 13,
          "deliveries": [
            {
              "batter": "Saim Ayub",
              "bowler": "Abbas Afridi",
              "non_striker": "R Powell",
              "runs": {
                "batter": 4,
                "extras": 0,
                "total": 4
              }
            },
            {
              "batter": "Saim Ayub",
              "bowler": "Abbas Afridi",
              "non_striker": "R Powell",
              "runs": {
                "batter": 1,
                "extras": 0,
                "total": 1
              }
            },
            {
              "batter": "R Powell",
              "bowler": "Abbas Afridi",
              "non_striker": "Saim Ayub",
              "runs": {
                "batter": 2,
                "extras": 0,
                "total": 2
              }
            },
            {
              "batter": "R Powell",
              "bowler": "Abbas Afridi",
              "non_striker": "Saim Ayub",
              "runs": {
                "batter": 0,
                "extras": 0,
                "total": 0
              },
              "wickets": [
                {
                  "player_out": "R Powell",
                  "fielders": [
                    {
                      "name": "DA Miller"
                    }
                  ],
                  "kind": "caught"
                }
              ]
            },
            {
              "batter": "PBB Rajapaksa",
              "bowler": "Abbas Afridi",
              "non_striker": "Saim Ayub",
              "runs": {
                "batter": 1,
                "extras": 0,
                "total": 1
              }
            },
            {
              "batter": "Saim Ayub",
              "bowler": "Abbas Afridi",
              "non_striker": "PBB Rajapaksa",
              "runs": {
                "batter": 1,
                "extras": 0,
                "total": 1
              }
            }
          ]
        },
        {
          "over": 14,
          "deliveries": [
            {
              "batter": "Saim Ayub",
              "bowler": "Usama Mir",
              "non_striker": "PBB Rajapaksa",
              "runs": {
                "batter": 1,
                "extras": 0,
                "total": 1
              }
            },
            {
              "batter": "PBB Rajapaksa",
              "bowler": "Usama Mir",
              "non_striker": "Saim Ayub",
              "runs": {
                "batter": 0,
                "extras": 0,
                "total": 0
              }
            },
            {
              "batter": "PBB Rajapaksa",
              "bowler": "Usama Mir",
              "non_striker": "Saim Ayub",
              "runs": {
                "batter": 0,
                "extras": 0,
                "total": 0
              },
              "wickets": [
                {
                  "player_out": "PBB Rajapaksa",
                  "fielders": [
                    {
                      "name": "KA Pollard"
                    }
                  ],
                  "kind": "caught"
                }
              ]
            },
            {
              "batter": "JDS Neesham",
              "bowler": "Usama Mir",
              "extras": {
                "legbyes": 1
              },
              "non_striker": "Saim Ayub",
              "runs": {
                "batter": 0,
                "extras": 1,
                "total": 1
              }
            },
            {
              "batter": "Saim Ayub",
              "bowler": "Usama Mir",
              "non_striker": "JDS Neesham",
              "runs": {
                "batter": 0,
                "extras": 0,
                "total": 0
              },
              "wickets": [
                {
                  "player_out": "Saim Ayub",
                  "kind": "bowled"
                }
              ]
            },
            {
              "batter": "Wahab Riaz",
              "bowler": "Usama Mir",
              "non_striker": "JDS Neesham",
              "runs": {
                "batter": 1,
                "extras": 0,
                "total": 1
              }
            }
          ]
        },
        {
          "over": 15,
          "deliveries": [
            {
              "batter": "Wahab Riaz",
              "bowler": "CR Brathwaite",
              "non_striker": "JDS Neesham",
              "runs": {
                "batter": 0,
                "extras": 0,
                "total": 0
              },
              "wickets": [
                {
                  "player_out": "Wahab Riaz",
                  "kind": "bowled"
                }
              ]
            },
            {
              "batter": "Khurram Shahzad",
              "bowler": "CR Brathwaite",
              "non_striker": "JDS Neesham",
              "runs": {
                "batter": 0,
                "extras": 0,
                "total": 0
              }
            },
            {
              "batter": "Khurram Shahzad",
              "bowler": "CR Brathwaite",
              "non_striker": "JDS Neesham",
              "runs": {
                "batter": 1,
                "extras": 0,
                "total": 1
              }
            },
            {
              "batter": "JDS Neesham",
              "bowler": "CR Brathwaite",
              "non_striker": "Khurram Shahzad",
              "runs": {
                "batter": 4,
                "extras": 0,
                "total": 4
              }
            },
            {
              "batter": "JDS Neesham",
              "bowler": "CR Brathwaite",
              "non_striker": "Khurram Shahzad",
              "runs": {
                "batter": 1,
                "extras": 0,
                "total": 1
              }
            },
            {
              "batter": "Khurram Shahzad",
              "bowler": "CR Brathwaite",
              "non_striker": "JDS Neesham",
              "runs": {
                "batter": 1,
                "extras": 0,
                "total": 1
              }
            }
          ]
        },
        {
          "over": 16,
          "deliveries": [
            {
              "batter": "Khurram Shahzad",
              "bowler": "Ihsanullah",
              "non_striker": "JDS Neesham",
              "runs": {
                "batter": 0,
                "extras": 0,
                "total": 0
              },
              "wickets": [
                {
                  "player_out": "Khurram Shahzad",
                  "fielders": [
                    {
                      "name": "RR Rossouw"
                    }
                  ],
                  "kind": "caught"
                }
              ]
            },
            {
              "batter": "Sufiyan Muqeem",
              "bowler": "Ihsanullah",
              "non_striker": "JDS Neesham",
              "runs": {
                "batter": 2,
                "extras": 0,
                "total": 2
              }
            },
            {
              "batter": "Sufiyan Muqeem",
              "bowler": "Ihsanullah",
              "non_striker": "JDS Neesham",
              "runs": {
                "batter": 0,
                "extras": 0,
                "total": 0
              }
            },
            {
              "batter": "Sufiyan Muqeem",
              "bowler": "Ihsanullah",
              "non_striker": "JDS Neesham",
              "runs": {
                "batter": 1,
                "extras": 0,
                "total": 1
              }
            },
            {
              "batter": "JDS Neesham",
              "bowler": "Ihsanullah",
              "non_striker": "Sufiyan Muqeem",
              "runs": {
                "batter": 0,
                "extras": 0,
                "total": 0
              }
            },
            {
              "batter": "JDS Neesham",
              "bowler": "Ihsanullah",
              "non_striker": "Sufiyan Muqeem",
              "runs": {
                "batter": 1,
                "extras": 0,
                "total": 1
              }
            }
          ]
        },
        {
          "over": 17,
          "deliveries": [
            {
              "batter": "JDS Neesham",
              "bowler": "Abbas Afridi",
              "non_striker": "Sufiyan Muqeem",
              "runs": {
                "batter": 0,
                "extras": 0,
                "total": 0
              }
            },
            {
              "batter": "JDS Neesham",
              "bowler": "Abbas Afridi",
              "extras": {
                "wides": 1
              },
              "non_striker": "Sufiyan Muqeem",
              "runs": {
                "batter": 0,
                "extras": 1,
                "total": 1
              }
            },
            {
              "batter": "JDS Neesham",
              "bowler": "Abbas Afridi",
              "non_striker": "Sufiyan Muqeem",
              "runs": {
                "batter": 0,
                "extras": 0,
                "total": 0
              }
            },
            {
              "batter": "JDS Neesham",
              "bowler": "Abbas Afridi",
              "non_striker": "Sufiyan Muqeem",
              "runs": {
                "batter": 6,
                "extras": 0,
                "total": 6
              }
            },
            {
              "batter": "JDS Neesham",
              "bowler": "Abbas Afridi",
              "non_striker": "Sufiyan Muqeem",
              "runs": {
                "batter": 0,
                "extras": 0,
                "total": 0
              },
              "wickets": [
                {
                  "player_out": "JDS Neesham",
                  "fielders": [
                    {
                      "name": "Shan Masood"
                    }
                  ],
                  "kind": "caught"
                }
              ]
            },
            {
              "batter": "Salman Irshad",
              "bowler": "Abbas Afridi",
              "non_striker": "Sufiyan Muqeem",
              "runs": {
                "batter": 0,
                "extras": 0,
                "total": 0
              }
            },
            {
              "batter": "Salman Irshad",
              "bowler": "Abbas Afridi",
              "non_striker": "Sufiyan Muqeem",
              "runs": {
                "batter": 0,
                "extras": 0,
                "total": 0
              }
            }
          ]
        },
        {
          "over": 18,
          "deliveries": [
            {
              "batter": "Sufiyan Muqeem",
              "bowler": "Ihsanullah",
              "non_striker": "Salman Irshad",
              "runs": {
                "batter": 0,
                "extras": 0,
                "total": 0
              }
            },
            {
              "batter": "Sufiyan Muqeem",
              "bowler": "Ihsanullah",
              "non_striker": "Salman Irshad",
              "runs": {
                "batter": 1,
                "extras": 0,
                "total": 1
              }
            },
            {
              "batter": "Salman Irshad",
              "bowler": "Ihsanullah",
              "non_striker": "Sufiyan Muqeem",
              "runs": {
                "batter": 0,
                "extras": 0,
                "total": 0
              }
            },
            {
              "batter": "Salman Irshad",
              "bowler": "Ihsanullah",
              "non_striker": "Sufiyan Muqeem",
              "runs": {
                "batter": 0,
                "extras": 0,
                "total": 0
              }
            },
            {
              "batter": "Salman Irshad",
              "bowler": "Ihsanullah",
              "non_striker": "Sufiyan Muqeem",
              "runs": {
                "batter": 0,
                "extras": 0,
                "total": 0
              },
              "wickets": [
                {
                  "player_out": "Salman Irshad",
                  "kind": "bowled"
                }
              ]
            }
          ]
        }
      ],
      "powerplays": [
        {
          "from": 0.1,
          "to": 5.6,
          "type": "mandatory"
        }
      ],
      "target": {
        "overs": 20,
        "runs": 211
      }
    }
  ]
}