{
  "meta": {
    "data_version": "1.1.0",
    "created": "2023-03-12",
    "revision": 2
  },
  "info": {
    "balls_per_over": 6,
    "city": "Rawalpindi",
    "dates": [
      "2023-03-12"
    ],
    "event": {
      "name": "Pakistan Super League",
      "match_number": 29
    },
    "gender": "male",
    "match_type": "T20",
    "officials": {
      "match_referees": [
        "Muhammad Javed"
      ],
      "reserve_umpires": [
        "Nasir Hussain"
      ],
      "tv_umpires": [
        "Faisal Afridi"
      ],
      "umpires": [
        "Ahsan Raza",
        "MJ Saggers"
      ]
    },
    "outcome": {
      "winner": "Peshawar Zalmi",
      "by": {
        "runs": 13
      }
    },
    "overs": 20,
    "player_of_match": [
      "Mohammad Haris"
    ],
    "players": {
      "Peshawar Zalmi": [
        "Saim Ayub",
        "Mohammad Haris",
        "PBB Rajapaksa",
        "T Kohler-Cadmore",
        "Haseebullah Khan",
        "JDS Neesham",
        "Aamer Jamal",
        "Khurram Shahzad",
        "Mujeeb Ur Rahman",
        "Sufiyan Muqeem",
        "Salman Irshad"
      ],
      "Islamabad United": [
        "Hassan Nawaz",
        "AD Hales",
        "Sohaib Maqsood",
        "C Munro",
        "Rahmanullah Gurbaz",
        "Shadab Khan",
        "Asif Ali",
        "Faheem Ashraf",
        "Hasan Ali",
        "Mohammad Wasim",
        "Fazalhaq Farooqi"
      ]
    },
    "registry": {
      "people": {
        "AD Hales": "92aeac25",
        "Aamer Jamal": "a8e54ef4",
        "Ahsan Raza": "e0e5b209",
        "Asif Ali": "0a4736eb",
        "C Munro": "af2c687b",
        "Faheem Ashraf": "bd4ea627",
        "Faisal Afridi": "ed0bc503",
        "Fazalhaq Farooqi": "e9c7f0d0",
        "Hasan Ali": "2911de16",
        "Haseebullah Khan": "5691931a",
        "Hassan Nawaz": "26a8b2fe",
        "JDS Neesham": "9219eff0",
        "Khurram Shahzad": "1daf3f74",
        "MJ Saggers": "402d5937",
        "Mohammad Haris": "ff3f6fc1",
        "Mohammad Wasim": "9e9af5f2",
        "Muhammad Javed": "bde2d0ea",
        "Mujeeb Ur Rahman": "7d92277a",
        "Nasir Hussain": "5b2fe85b",
        "PBB Rajapaksa": "6c882e9a",
        "Rahmanullah Gurbaz": "0bacade8",
        "Saim Ayub": "33609a8c",
        "Salman Irshad": "30afc92b",
        "Shadab Khan": "9de62878",
        "Sohaib Maqsood": "b98b5e1c",
        "Sufiyan Muqeem": "4277234d",
        "T Kohler-Cadmore": "f836b33d"
      }
    },
    "season": "2022/23",
    "team_type": "club",
    "teams": [
      "Peshawar Zalmi",
      "Islamabad United"
    ],
    "toss": {
      "decision": "field",
      "winner": "Islamabad United"
    },
    "venue": "Rawalpindi Cricket Stadium"
  },
  "innings": [
    {
      "team": "Peshawar Zalmi",
      "overs": [
        {
          "over": 0,
          "deliveries": [
            {
              "batter": "Saim Ayub",
              "bowler": "Fazalhaq Farooqi",
              "non_striker": "Mohammad Haris",
              "runs": {
                "batter": 0,
                "extras": 0,
                "total": 0
              }
            },
            {
              "batter": "Saim Ayub",
              "bowler": "Fazalhaq Farooqi",
              "extras": {
                "wides": 1
              },
              "non_striker": "Mohammad Haris",
              "runs": {
                "batter": 0,
                "extras": 1,
                "total": 1
              }
            },
            {
              "batter": "Saim Ayub",
              "bowler": "Fazalhaq Farooqi",
              "non_striker": "Mohammad Haris",
              "runs": {
                "batter": 0,
                "extras": 0,
                "total": 0
              }
            },
            {
              "batter": "Saim Ayub",
              "bowler": "Fazalhaq Farooqi",
              "non_striker": "Mohammad Haris",
              "runs": {
                "batter": 0,
                "extras": 0,
                "total": 0
              },
              "wickets": [
                {
                  "player_out": "Saim Ayub",
                  "kind": "bowled"
                }
              ]
            },
            {
              "batter": "PBB Rajapaksa",
              "bowler": "Fazalhaq Farooqi",
              "non_striker": "Mohammad Haris",
              "runs": {
                "batter": 1,
                "extras": 0,
                "total": 1
              }
            },
            {
              "batter": "Mohammad Haris",
              "bowler": "Fazalhaq Farooqi",
              "non_striker": "PBB Rajapaksa",
              "runs": {
                "batter": 0,
                "extras": 0,
                "total": 0
              }
            },
            {
              "batter": "Mohammad Haris",
              "bowler": "Fazalhaq Farooqi",
              "non_striker": "PBB Rajapaksa",
              "runs": {
                "batter": 0,
                "extras": 0,
                "total": 0
              }
            }
          ]
        },
        {
          "over": 1,
          "deliveries": [
            {
              "batter": "PBB Rajapaksa",
              "bowler": "Hasan Ali",
              "non_striker": "Mohammad Haris",
              "runs": {
                "batter": 2,
                "extras": 0,
                "total": 2
              }
            },
            {
              "batter": "PBB Rajapaksa",
              "bowler": "Hasan Ali",
              "non_striker": "Mohammad Haris",
              "runs": {
                "batter": 1,
                "extras": 0,
                "total": 1
              }
            },
            {
              "batter": "Mohammad Haris",
              "bowler": "Hasan Ali",
              "non_striker": "PBB Rajapaksa",
              "runs": {
                "batter": 4,
                "extras": 0,
                "total": 4
              }
            },
            {
              "batter": "Mohammad Haris",
              "bowler": "Hasan Ali",
              "non_striker": "PBB Rajapaksa",
              "runs": {
                "batter": 6,
                "extras": 0,
                "total": 6
              }
            },
            {
              "batter": "Mohammad Haris",
              "bowler": "Hasan Ali",
              "non_striker": "PBB Rajapaksa",
              "runs": {
                "batter": 1,
                "extras": 0,
                "total": 1
              }
            },
            {
              "batter": "PBB Rajapaksa",
              "bowler": "Hasan Ali",
              "non_striker": "Mohammad Haris",
              "runs": {
                "batter": 0,
                "extras": 0,
                "total": 0
              }
            }
          ]
        },
        {
          "over": 2,
          "deliveries": [
            {
              "batter": "Mohammad Haris",
              "bowler": "Fazalhaq Farooqi",
              "non_striker": "PBB Rajapaksa",
              "runs": {
                "batter": 0,
                "extras": 0,
                "total": 0
              }
            },
            {
              "batter": "Mohammad Haris",
              "bowler": "Fazalhaq Farooqi",
              "non_striker": "PBB Rajapaksa",
              "runs": {
                "batter": 0,
                "extras": 0,
                "total": 0
              }
            },
            {
              "batter": "Mohammad Haris",
              "bowler": "Fazalhaq Farooqi",
              "non_striker": "PBB Rajapaksa",
              "runs": {
                "batter": 0,
                "extras": 0,
                "total": 0
              }
            },
            {
              "batter": "Mohammad Haris",
              "bowler": "Fazalhaq Farooqi",
              "non_striker": "PBB Rajapaksa",
              "runs": {
                "batter": 6,
                "extras": 0,
                "total": 6
              }
            },
            {
              "batter": "Mohammad Haris",
              "bowler": "Fazalhaq Farooqi",
              "non_striker": "PBB Rajapaksa",
              "runs": {
                "batter": 4,
                "extras": 0,
                "total": 4
              }
            },
            {
              "batter": "Mohammad Haris",
              "bowler": "Fazalhaq Farooqi",
              "non_striker": "PBB Rajapaksa",
              "runs": {
                "batter": 4,
                "extras": 0,
                "total": 4
              }
            }
          ]
        },
        {
          "over": 3,
          "deliveries": [
            {
              "batter": "PBB Rajapaksa",
              "bowler": "Faheem Ashraf",
              "non_striker": "Mohammad Haris",
              "runs": {
                "batter": 4,
                "extras": 0,
                "total": 4
              }
            },
            {
              "batter": "PBB Rajapaksa",
              "bowler": "Faheem Ashraf",
              "non_striker": "Mohammad Haris",
              "runs": {
                "batter": 0,
                "extras": 0,
                "total": 0
              }
            },
            {
              "batter": "PBB Rajapaksa",
              "bowler": "Faheem Ashraf",
              "non_striker": "Mohammad Haris",
              "runs": {
                "batter": 1,
                "extras": 0,
                "total": 1
              }
            },
            {
              "batter": "Mohammad Haris",
              "bowler": "Faheem Ashraf",
              "non_striker": "PBB Rajapaksa",
              "runs": {
                "batter": 1,
                "extras": 0,
                "total": 1
              }
            },
            {
              "batter": "PBB Rajapaksa",
              "bowler": "Faheem Ashraf",
              "non_striker": "Mohammad Haris",
              "runs": {
                "batter": 0,
                "extras": 0,
                "total": 0
              }
            },
            {
              "batter": "PBB Rajapaksa",
              "bowler": "Faheem Ashraf",
              "extras": {
                "wides": 1
              },
              "non_striker": "Mohammad Haris",
              "runs": {
                "batter": 0,
                "extras": 1,
                "total": 1
              }
            },
            {
              "batter": "PBB Rajapaksa",
              "bowler": "Faheem Ashraf",
              "non_striker": "Mohammad Haris",
              "runs": {
                "batter": 0,
                "extras": 0,
                "total": 0
              }
            }
          ]
        },
        {
          "over": 4,
          "deliveries": [
            {
              "batter": "Mohammad Haris",
              "bowler": "Hasan Ali",
              "non_striker": "PBB Rajapaksa",
              "runs": {
                "batter": 1,
                "extras": 0,
                "total": 1
              }
            },
            {
              "batter": "PBB Rajapaksa",
              "bowler": "Hasan Ali",
              "non_striker": "Mohammad Haris",
              "runs": {
                "batter": 4,
                "extras": 0,
                "total": 4
              }
            },
            {
              "batter": "PBB Rajapaksa",
              "bowler": "Hasan Ali",
              "non_striker": "Mohammad Haris",
              "runs": {
                "batter": 1,
                "extras": 0,
                "total": 1
              }
            },
            {
              "batter": "Mohammad Haris",
              "bowler": "Hasan Ali",
              "non_striker": "PBB Rajapaksa",
              "runs": {
                "batter": 4,
                "extras": 0,
                "total": 4
              }
            },
            {
              "batter": "Mohammad Haris",
              "bowler": "Hasan Ali",
              "non_striker": "PBB Rajapaksa",
              "runs": {
                "batter": 4,
                "extras": 0,
                "total": 4
              }
            },
            {
              "batter": "Mohammad Haris",
              "bowler": "Hasan Ali",
              "non_striker": "PBB Rajapaksa",
              "runs": {
                "batter": 1,
                "extras": 0,
                "total": 1
              }
            }
          ]
        },
        {
          "over": 5,
          "deliveries": [
            {
              "batter": "Mohammad Haris",
              "bowler": "Faheem Ashraf",
              "non_striker": "PBB Rajapaksa",
              "runs": {
                "batter": 1,
                "extras": 0,
                "total": 1
              }
            },
            {
              "batter": "PBB Rajapaksa",
              "bowler": "Faheem Ashraf",
              "non_striker": "Mohammad Haris",
              "runs": {
                "batter": 4,
                "extras": 0,
                "total": 4
              }
            },
            {
              "batter": "PBB Rajapaksa",
              "bowler": "Faheem Ashraf",
              "non_striker": "Mohammad Haris",
              "runs": {
                "batter": 4,
                "extras": 0,
                "total": 4
              }
            },
            {
              "batter": "PBB Rajapaksa",
              "bowler": "Faheem Ashraf",
              "non_striker": "Mohammad Haris",
              "runs": {
                "batter": 6,
                "extras": 0,
                "total": 6
              }
            },
            {
              "batter": "PBB Rajapaksa",
              "bowler": "Faheem Ashraf",
              "non_striker": "Mohammad Haris",
              "runs": {
                "batter": 1,
                "extras": 0,
                "total": 1
              }
            },
            {
              "batter": "Mohammad Haris",
              "bowler": "Faheem Ashraf",
              "non_striker": "PBB Rajapaksa",
              "runs": {
                "batter": 1,
                "extras": 0,
                "total": 1
              }
            }
          ]
        },
        {
          "over": 6,
          "deliveries": [
            {
              "batter": "Mohammad Haris",
              "bowler": "Shadab Khan",
              "non_striker": "PBB Rajapaksa",
              "runs": {
                "batter": 1,
                "extras": 0,
                "total": 1
              }
            },
            {
              "batter": "PBB Rajapaksa",
              "bowler": "Shadab Khan",
              "non_striker": "Mohammad Haris",
              "runs": {
                "batter": 0,
                "extras": 0,
                "total": 0
              }
            },
            {
              "batter": "PBB Rajapaksa",
              "bowler": "Shadab Khan",
              "non_striker": "Mohammad Haris",
              "runs": {
                "batter": 6,
                "extras": 0,
                "total": 6
              }
            },
            {
              "batter": "PBB Rajapaksa",
              "bowler": "Shadab Khan",
              "non_striker": "Mohammad Haris",
              "runs": {
                "batter": 1,
                "extras": 0,
                "total": 1
              }
            },
            {
              "batter": "Mohammad Haris",
              "bowler": "Shadab Khan",
              "non_striker": "PBB Rajapaksa",
              "runs": {
                "batter": 0,
                "extras": 0,
                "total": 0
              }
            },
            {
              "batter": "Mohammad Haris",
              "bowler": "Shadab Khan",
              "non_striker": "PBB Rajapaksa",
              "runs": {
                "batter": 1,
                "extras": 0,
                "total": 1
              }
            }
          ]
        },
        {
          "over": 7,
          "deliveries": [
            {
              "batter": "Mohammad Haris",
              "bowler": "Mohammad Wasim",
              "non_striker": "PBB Rajapaksa",
              "runs": {
                "batter": 6,
                "extras": 0,
                "total": 6
              }
            },
            {
              "batter": "Mohammad Haris",
              "bowler": "Mohammad Wasim",
              "non_striker": "PBB Rajapaksa",
              "runs": {
                "batter": 1,
                "extras": 0,
                "total": 1
              }
            },
            {
              "batter": "PBB Rajapaksa",
              "bowler": "Mohammad Wasim",
              "non_striker": "Mohammad Haris",
              "runs": {
                "batter": 1,
                "extras": 0,
                "total": 1
              }
            },
            {
              "batter": "Mohammad Haris",
              "bowler": "Mohammad Wasim",
              "non_striker": "PBB Rajapaksa",
              "runs": {
                "batter": 1,
                "extras": 0,
                "total": 1
              }
            },
            {
              "batter": "PBB Rajapaksa",
              "bowler": "Mohammad Wasim",
              "non_striker": "Mohammad Haris",
              "runs": {
                "batter": 1,
                "extras": 0,
                "total": 1
              }
            },
            {
              "batter": "Mohammad Haris",
              "bowler": "Mohammad Wasim",
              "non_striker": "PBB Rajapaksa",
              "runs": {
                "batter": 0,
                "extras": 0,
                "total": 0
              }
            }
          ]
        },
        {
          "over": 8,
          "deliveries": [
            {
              "batter": "PBB Rajapaksa",
              "bowler": "Shadab Khan",
              "non_striker": "Mohammad Haris",
              "runs": {
                "batter": 1,
                "extras": 0,
                "total": 1
              }
            },
            {
              "batter": "Mohammad Haris",
              "bowler": "Shadab Khan",
              "non_striker": "PBB Rajapaksa",
              "runs": {
                "batter": 2,
                "extras": 0,
                "total": 2
              }
            },
            {
              "batter": "Mohammad Haris",
              "bowler": "Shadab Khan",
              "non_striker": "PBB Rajapaksa",
              "runs": {
                "batter": 6,
                "extras": 0,
                "total": 6
              }
            },
            {
              "batter": "Mohammad Haris",
              "bowler": "Shadab Khan",
              "non_striker": "PBB Rajapaksa",
              "runs": {
                "batter": 4,
                "extras": 0,
                "total": 4
              }
            },
            {
              "batter": "Mohammad Haris",
              "bowler": "Shadab Khan",
              "non_striker": "PBB Rajapaksa",
              "runs": {
                "batter": 4,
                "extras": 0,
                "total": 4
              }
            },
            {
              "batter": "Mohammad Haris",
              "bowler": "Shadab Khan",
              "non_striker": "PBB Rajapaksa",
              "runs": {
                "batter": 1,
                "extras": 0,
                "total": 1
              }
            }
          ]
        },
        {
          "over": 9,
          "deliveries": [
            {
              "batter": "Mohammad Haris",
              "bowler": "Mohammad Wasim",
              "non_striker": "PBB Rajapaksa",
              "runs": {
                "batter": 6,
                "extras": 0,
                "total": 6
              }
            },
            {
              "batter": "Mohammad Haris",
              "bowler": "Mohammad Wasim",
              "non_striker": "PBB Rajapaksa",
              "runs": {
                "batter": 1,
                "extras": 0,
                "total": 1
              }
            },
            {
              "batter": "PBB Rajapaksa",
              "bowler": "Mohammad Wasim",
              "non_striker": "Mohammad Haris",
              "runs": {
                "batter": 1,
                "extras": 0,
                "total": 1
              }
            },
            {
              "batter": "Mohammad Haris",
              "bowler": "Mohammad Wasim",
              "extras": {
                "byes": 1
              },
              "non_striker": "PBB Rajapaksa",
              "runs": {
                "batter": 0,
                "extras": 1,
                "total": 1
              }
            },
            {
              "batter": "PBB Rajapaksa",
              "bowler": "Mohammad Wasim",
              "non_striker": "Mohammad Haris",
              "runs": {
                "batter": 0,
                "extras": 0,
                "total": 0
              }
            },
            {
              "batter": "PBB Rajapaksa",
              "bowler": "Mohammad Wasim",
              "non_striker": "Mohammad Haris",
              "runs": {
                "batter": 1,
                "extras": 0,
                "total": 1
              }
            }
          ]
        },
        {
          "over": 10,
          "deliveries": [
            {
              "batter": "PBB Rajapaksa",
              "bowler": "Shadab Khan",
              "non_striker": "Mohammad Haris",
              "runs": {
                "batter": 0,
                "extras": 0,
                "total": 0
              },
              "wickets": [
                {
                  "player_out": "PBB Rajapaksa",
                  "fielders": [
                    {
                      "name": "C Munro"
                    }
                  ],
                  "kind": "caught"
                }
              ]
            },
            {
              "batter": "T Kohler-Cadmore",
              "bowler": "Shadab Khan",
              "non_striker": "Mohammad Haris",
              "runs": {
                "batter": 1,
                "extras": 0,
                "total": 1
              }
            },
            {
              "batter": "Mohammad Haris",
              "bowler": "Shadab Khan",
              "non_striker": "T Kohler-Cadmore",
              "runs": {
                "batter": 2,
                "extras": 0,
                "total": 2
              }
            },
            {
              "batter": "Mohammad Haris",
              "bowler": "Shadab Khan",
              "non_striker": "T Kohler-Cadmore",
              "runs": {
                "batter": 1,
                "extras": 0,
                "total": 1
              }
            },
            {
              "batter": "T Kohler-Cadmore",
              "bowler": "Shadab Khan",
              "non_striker": "Mohammad Haris",
              "runs": {
                "batter": 6,
                "extras": 0,
                "total": 6
              }
            },
            {
              "batter": "T Kohler-Cadmore",
              "bowler": "Shadab Khan",
              "extras": {
                "wides": 1
              },
              "non_striker": "Mohammad Haris",
              "runs": {
                "batter": 0,
                "extras": 1,
                "total": 1
              }
            },
            {
              "batter": "T Kohler-Cadmore",
              "bowler": "Shadab Khan",
              "non_striker": "Mohammad Haris",
              "runs": {
                "batter": 1,
                "extras": 0,
                "total": 1
              }
            }
          ]
        },
        {
          "over": 11,
          "deliveries": [
            {
              "batter": "T Kohler-Cadmore",
              "bowler": "Faheem Ashraf",
              "non_striker": "Mohammad Haris",
              "runs": {
                "batter": 4,
                "extras": 0,
                "total": 4
              }
            },
            {
              "batter": "T Kohler-Cadmore",
              "bowler": "Faheem Ashraf",
              "non_striker": "Mohammad Haris",
              "runs": {
                "batter": 0,
                "extras": 0,
                "total": 0
              },
              "wickets": [
                {
                  "player_out": "T Kohler-Cadmore",
                  "fielders": [
                    {
                      "name": "Sohaib Maqsood"
                    }
                  ],
                  "kind": "caught"
                }
              ]
            },
            {
              "batter": "Haseebullah Khan",
              "bowler": "Faheem Ashraf",
              "non_striker": "Mohammad Haris",
              "runs": {
                "batter": 0,
                "extras": 0,
                "total": 0
              }
            },
            {
              "batter": "Haseebullah Khan",
              "bowler": "Faheem Ashraf",
              "non_striker": "Mohammad Haris",
              "runs": {
                "batter": 1,
                "extras": 0,
                "total": 1
              }
            },
            {
              "batter": "Mohammad Haris",
              "bowler": "Faheem Ashraf",
              "non_striker": "Haseebullah Khan",
              "runs": {
                "batter": 2,
                "extras": 0,
                "total": 2
              }
            },
            {
              "batter": "Mohammad Haris",
              "bowler": "Faheem Ashraf",
              "non_striker": "Haseebullah Khan",
              "runs": {
                "batter": 1,
                "extras": 0,
                "total": 1
              }
            }
          ]
        },
        {
          "over": 12,
          "deliveries": [
            {
              "batter": "Mohammad Haris",
              "bowler": "Shadab Khan",
              "non_striker": "Haseebullah Khan",
              "runs": {
                "batter": 1,
                "extras": 0,
                "total": 1
              }
            },
            {
              "batter": "Haseebullah Khan",
              "bowler": "Shadab Khan",
              "non_striker": "Mohammad Haris",
              "runs": {
                "batter": 1,
                "extras": 0,
                "total": 1
              }
            },
            {
              "batter": "Mohammad Haris",
              "bowler": "Shadab Khan",
              "non_striker": "Haseebullah Khan",
              "runs": {
                "batter": 0,
                "extras": 0,
                "total": 0
              },
              "wickets": [
                {
                  "player_out": "Mohammad Haris",
                  "fielders": [
                    {
                      "name": "Hasan Ali"
                    }
                  ],
                  "kind": "caught"
                }
              ]
            },
            {
              "batter": "JDS Neesham",
              "bowler": "Shadab Khan",
              "non_striker": "Haseebullah Khan",
              "runs": {
                "batter": 1,
                "extras": 0,
                "total": 1
              }
            },
            {
              "batter": "Haseebullah Khan",
              "bowler": "Shadab Khan",
              "non_striker": "JDS Neesham",
              "runs": {
                "batter": 0,
                "extras": 0,
                "total": 0
              }
            },
            {
              "batter": "Haseebullah Khan",
              "bowler": "Shadab Khan",
              "non_striker": "JDS Neesham",
              "runs": {
                "batter": 0,
                "extras": 0,
                "total": 0
              }
            }
          ]
        },
        {
          "over": 13,
          "deliveries": [
            {
              "batter": "JDS Neesham",
              "bowler": "Hasan Ali",
              "non_striker": "Haseebullah Khan",
              "runs": {
                "batter": 0,
                "extras": 0,
                "total": 0
              },
              "wickets": [
                {
                  "player_out": "JDS Neesham",
                  "fielders": [
                    {
                      "name": "Fazalhaq Farooqi"
                    }
                  ],
                  "kind": "caught"
                }
              ]
            },
            {
              "batter": "Aamer Jamal",
              "bowler": "Hasan Ali",
              "non_striker": "Haseebullah Khan",
              "runs": {
                "batter": 4,
                "extras": 0,
                "total": 4
              }
            },
            {
              "batter": "Aamer Jamal",
              "bowler": "Hasan Ali",
              "non_striker": "Haseebullah Khan",
              "runs": {
                "batter": 0,
                "extras": 0,
                "total": 0
              }
            },
            {
              "batter": "Aamer Jamal",
              "bowler": "Hasan Ali",
              "non_striker": "Haseebullah Khan",
              "runs": {
                "batter": 0,
                "extras": 0,
                "total": 0
              }
            },
            {
              "batter": "Aamer Jamal",
              "bowler": "Hasan Ali",
              "extras": {
                "wides": 1
              },
              "non_striker": "Haseebullah Khan",
              "runs": {
                "batter": 0,
                "extras": 1,
                "total": 1
              }
            },
            {
              "batter": "Aamer Jamal",
              "bowler": "Hasan Ali",
              "non_striker": "Haseebullah Khan",
              "runs": {
                "batter": 0,
                "extras": 0,
                "total": 0
              }
            },
            {
              "batter": "Aamer Jamal",
              "bowler": "Hasan Ali",
              "non_striker": "Haseebullah Khan",
              "runs": {
                "batter": 1,
                "extras": 0,
                "total": 1
              }
            }
          ]
        },
        {
          "over": 14,
          "deliveries": [
            {
              "batter": "Aamer Jamal",
              "bowler": "Fazalhaq Farooqi",
              "extras": {
                "wides": 1
              },
              "non_striker": "Haseebullah Khan",
              "runs": {
                "batter": 0,
                "extras": 1,
                "total": 1
              }
            },
            {
              "batter": "Aamer Jamal",
              "bowler": "Fazalhaq Farooqi",
              "non_striker": "Haseebullah Khan",
              "runs": {
                "batter": 1,
                "extras": 0,
                "total": 1
              }
            },
            {
              "batter": "Haseebullah Khan",
              "bowler": "Fazalhaq Farooqi",
              "non_striker": "Aamer Jamal",
              "runs": {
                "batter": 1,
                "extras": 0,
                "total": 1
              }
            },
            {
              "batter": "Aamer Jamal",
              "bowler": "Fazalhaq Farooqi",
              "non_striker": "Haseebullah Khan",
              "runs": {
                "batter": 1,
                "extras": 0,
                "total": 1
              }
            },
            {
              "batter": "Haseebullah Khan",
              "bowler": "Fazalhaq Farooqi",
              "non_striker": "Aamer Jamal",
              "runs": {
                "batter": 1,
                "extras": 0,
                "total": 1
              }
            },
            {
              "batter": "Aamer Jamal",
              "bowler": "Fazalhaq Farooqi",
              "non_striker": "Haseebullah Khan",
              "runs": {
                "batter": 1,
                "extras": 0,
                "total": 1
              }
            },
            {
              "batter": "Haseebullah Khan",
              "bowler": "Fazalhaq Farooqi",
              "non_striker": "Aamer Jamal",
              "runs": {
                "batter": 1,
                "extras": 0,
                "total": 1
              }
            }
          ]
        },
        {
          "over": 15,
          "deliveries": [
            {
              "batter": "Haseebullah Khan",
              "bowler": "Mohammad Wasim",
              "non_striker": "Aamer Jamal",
              "runs": {
                "batter": 1,
                "extras": 0,
                "total": 1
              }
            },
            {
              "batter": "Aamer Jamal",
              "bowler": "Mohammad Wasim",
              "non_striker": "Haseebullah Khan",
              "runs": {
                "batter": 0,
                "extras": 0,
                "total": 0
              }
            },
            {
              "batter": "Aamer Jamal",
              "bowler": "Mohammad Wasim",
              "extras": {
                "wides": 1
              },
              "non_striker": "Haseebullah Khan",
              "runs": {
                "batter": 0,
                "extras": 1,
                "total": 1
              }
            },
            {
              "batter": "Aamer Jamal",
              "bowler": "Mohammad Wasim",
              "non_striker": "Haseebullah Khan",
              "runs": {
                "batter": 1,
                "extras": 0,
                "total": 1
              }
            },
            {
              "batter": "Haseebullah Khan",
              "bowler": "Mohammad Wasim",
              "non_striker": "Aamer Jamal",
              "runs": {
                "batter": 4,
                "extras": 0,
                "total": 4
              }
            },
            {
              "batter": "Haseebullah Khan",
              "bowler": "Mohammad Wasim",
              "non_striker": "Aamer Jamal",
              "runs": {
                "batter": 0,
                "extras": 0,
                "total": 0
              },
              "wickets": [
                {
                  "player_out": "Haseebullah Khan",
                  "kind": "bowled"
                }
              ]
            },
            {
              "batter": "Khurram Shahzad",
              "bowler": "Mohammad Wasim",
              "non_striker": "Aamer Jamal",
              "runs": {
                "batter": 0,
                "extras": 0,
                "total": 0
              }
            }
          ]
        },
        {
          "over": 16,
          "deliveries": [
            {
              "batter": "Aamer Jamal",
              "bowler": "Hasan Ali",
              "non_striker": "Khurram Shahzad",
              "runs": {
                "batter": 0,
                "extras": 0,
                "total": 0
              },
              "wickets": [
                {
                  "player_out": "Aamer Jamal",
                  "kind": "bowled"
                }
              ]
            },
            {
              "batter": "Mujeeb Ur Rahman",
              "bowler": "Hasan Ali",
              "non_striker": "Khurram Shahzad",
              "runs": {
                "batter": 2,
                "extras": 0,
                "total": 2
              }
            },
            {
              "batter": "Mujeeb Ur Rahman",
              "bowler": "Hasan Ali",
              "non_striker": "Khurram Shahzad",
              "runs": {
                "batter": 0,
                "extras": 0,
                "total": 0
              },
              "wickets": [
                {
                  "player_out": "Mujeeb Ur Rahman",
                  "fielders": [
                    {
                      "name": "Shadab Khan"
                    }
                  ],
                  "kind": "caught"
                }
              ]
            },
            {
              "batter": "Sufiyan Muqeem",
              "bowler": "Hasan Ali",
              "non_striker": "Khurram Shahzad",
              "runs": {
                "batter": 1,
                "extras": 0,
                "total": 1
              }
            },
            {
              "batter": "Khurram Shahzad",
              "bowler": "Hasan Ali",
              "non_striker": "Sufiyan Muqeem",
              "runs": {
                "batter": 0,
                "extras": 0,
                "total": 0
              }
            },
            {
              "batter": "Khurram Shahzad",
              "bowler": "Hasan Ali",
              "extras": {
                "wides": 1
              },
              "non_striker": "Sufiyan Muqeem",
              "runs": {
                "batter": 0,
                "extras": 1,
                "total": 1
              }
            },
            {
              "batter": "Khurram Shahzad",
              "bowler": "Hasan Ali",
              "non_striker": "Sufiyan Muqeem",
              "runs": {
                "batter": 0,
                "extras": 0,
                "total": 0
              }
            }
          ]
        },
        {
          "over": 17,
          "deliveries": [
            {
              "batter": "Sufiyan Muqeem",
              "bowler": "Mohammad Wasim",
              "non_striker": "Khurram Shahzad",
              "runs": {
                "batter": 1,
                "extras": 0,
                "total": 1
              }
            },
            {
              "batter": "Khurram Shahzad",
              "bowler": "Mohammad Wasim",
              "non_striker": "Sufiyan Muqeem",
              "runs": {
                "batter": 0,
                "extras": 0,
                "total": 0
              }
            },
            {
              "batter": "Khurram Shahzad",
              "bowler": "Mohammad Wasim",
              "non_striker": "Sufiyan Muqeem",
              "runs": {
                "batter": 2,
                "extras": 0,
                "total": 2
              }
            },
            {
              "batter": "Khurram Shahzad",
              "bowler": "Mohammad Wasim",
              "non_striker": "Sufiyan Muqeem",
              "runs": {
                "batter": 0,
                "extras": 0,
                "total": 0
              }
            },
            {
              "batter": "Khurram Shahzad",
              "bowler": "Mohammad Wasim",
              "non_striker": "Sufiyan Muqeem",
              "runs": {
                "batter": 1,
                "extras": 0,
                "total": 1
              }
            },
            {
              "batter": "Sufiyan Muqeem",
              "bowler": "Mohammad Wasim",
              "non_striker": "Khurram Shahzad",
              "runs": {
                "batter": 1,
                "extras": 0,
                "total": 1
              }
            }
          ]
        },
        {
          "over": 18,
          "deliveries": [
            {
              "batter": "Sufiyan Muqeem",
              "bowler": "Fazalhaq Farooqi",
              "non_striker": "Khurram Shahzad",
              "runs": {
                "batter": 1,
                "extras": 0,
                "total": 1
              }
            },
            {
              "batter": "Khurram Shahzad",
              "bowler": "Fazalhaq Farooqi",
              "non_striker": "Sufiyan Muqeem",
              "runs": {
                "batter": 1,
                "extras": 0,
                "total": 1
              }
            },
            {
              "batter": "Sufiyan Muqeem",
              "bowler": "Fazalhaq Farooqi",
              "non_striker": "Khurram Shahzad",
              "runs": {
                "batter": 0,
                "extras": 0,
                "total": 0
              }
            },
            {
              "batter": "Sufiyan Muqeem",
              "bowler": "Fazalhaq Farooqi",
              "non_striker": "Khurram Shahzad",
              "runs": {
                "batter": 1,
                "extras": 0,
                "total": 1
              }
            },
            {
              "batter": "Khurram Shahzad",
              "bowler": "Fazalhaq Farooqi",
              "non_striker": "Sufiyan Muqeem",
              "runs": {
                "batter": 0,
                "extras": 0,
                "total": 0
              }
            },
            {
              "batter": "Khurram Shahzad",
              "bowler": "Fazalhaq Farooqi",
              "non_striker": "Sufiyan Muqeem",
              "runs": {
                "batter": 1,
                "extras": 0,
                "total": 1
              }
            }
          ]
        },
        {
          "over": 19,
          "deliveries": [
            {
              "batter": "Khurram Shahzad",
              "bowler": "Faheem Ashraf",
              "non_striker": "Sufiyan Muqeem",
              "runs": {
                "batter": 1,
                "extras": 0,
                "total": 1
              }
            },
            {
              "batter": "Sufiyan Muqeem",
              "bowler": "Faheem Ashraf",
              "non_striker": "Khurram Shahzad",
              "runs": {
                "batter": 1,
                "extras": 0,
                "total": 1
              }
            },
            {
              "batter": "Khurram Shahzad",
              "bowler": "Faheem Ashraf",
              "non_striker": "Sufiyan Muqeem",
              "runs": {
                "batter": 4,
                "extras": 0,
                "total": 4
              }
            },
            {
              "batter": "Khurram Shahzad",
              "bowler": "Faheem Ashraf",
              "non_striker": "Sufiyan Muqeem",
              "runs": {
                "batter": 0,
                "extras": 0,
                "total": 0
              }
            },
            {
              "batter": "Khurram Shahzad",
              "bowler": "Faheem Ashraf",
              "non_striker": "Sufiyan Muqeem",
              "runs": {
                "batter": 0,
                "extras": 0,
                "total": 0
              }
            },
            {
              "batter": "Khurram Shahzad",
              "bowler": "Faheem Ashraf",
              "non_striker": "Sufiyan Muqeem",
              "runs": {
                "batter": 1,
                "extras": 0,
                "total": 1
              }
            }
          ]
        }
      ],
      "powerplays": [
        {
          "from": 0.1,
          "to": 5.6,
          "type": "mandatory"
        }
      ]
    },
    {
      "team": "Islamabad United",
      "overs": [
        {
          "over": 0,
          "deliveries": [
            {
              "batter": "Hassan Nawaz",
              "bowler": "Khurram Shahzad",
              "non_striker": "AD Hales",
              "runs": {
                "batter": 0,
                "extras": 0,
                "total": 0
              }
            },
            {
              "batter": "Hassan Nawaz",
              "bowler": "Khurram Shahzad",
              "non_striker": "AD Hales",
              "runs": {
                "batter": 0,
                "extras": 0,
                "total": 0
              }
            },
            {
              "batter": "Hassan Nawaz",
              "bowler": "Khurram Shahzad",
              "non_striker": "AD Hales",
              "runs": {
                "batter": 0,
                "extras": 0,
                "total": 0
              }
            },
            {
              "batter": "Hassan Nawaz",
              "bowler": "Khurram Shahzad",
              "non_striker": "AD Hales",
              "runs": {
                "batter": 0,
                "extras": 0,
                "total": 0
              }
            },
            {
              "batter": "Hassan Nawaz",
              "bowler": "Khurram Shahzad",
              "non_striker": "AD Hales",
              "runs": {
                "batter": 0,
                "extras": 0,
                "total": 0
              },
              "wickets": [
                {
                  "player_out": "Hassan Nawaz",
                  "fielders": [
                    {
                      "name": "Salman Irshad"
                    }
                  ],
                  "kind": "caught"
                }
              ]
            },
            {
              "batter": "Sohaib Maqsood",
              "bowler": "Khurram Shahzad",
              "non_striker": "AD Hales",
              "runs": {
                "batter": 6,
                "extras": 0,
                "total": 6
              }
            }
          ]
        },
        {
          "over": 1,
          "deliveries": [
            {
              "batter": "AD Hales",
              "bowler": "Mujeeb Ur Rahman",
              "non_striker": "Sohaib Maqsood",
              "runs": {
                "batter": 0,
                "extras": 0,
                "total": 0
              }
            },
            {
              "batter": "AD Hales",
              "bowler": "Mujeeb Ur Rahman",
              "non_striker": "Sohaib Maqsood",
              "runs": {
                "batter": 0,
                "extras": 0,
                "total": 0
              }
            },
            {
              "batter": "AD Hales",
              "bowler": "Mujeeb Ur Rahman",
              "non_striker": "Sohaib Maqsood",
              "runs": {
                "batter": 0,
                "extras": 0,
                "total": 0
              }
            },
            {
              "batter": "AD Hales",
              "bowler": "Mujeeb Ur Rahman",
              "non_striker": "Sohaib Maqsood",
              "runs": {
                "batter": 0,
                "extras": 0,
                "total": 0
              }
            },
            {
              "batter": "AD Hales",
              "bowler": "Mujeeb Ur Rahman",
              "non_striker": "Sohaib Maqsood",
              "runs": {
                "batter": 0,
                "extras": 0,
                "total": 0
              }
            },
            {
              "batter": "AD Hales",
              "bowler": "Mujeeb Ur Rahman",
              "non_striker": "Sohaib Maqsood",
              "runs": {
                "batter": 4,
                "extras": 0,
                "total": 4
              }
            }
          ]
        },
        {
          "over": 2,
          "deliveries": [
            {
              "batter": "Sohaib Maqsood",
              "bowler": "Salman Irshad",
              "non_striker": "AD Hales",
              "runs": {
                "batter": 1,
                "extras": 0,
                "total": 1
              }
            },
            {
              "batter": "AD Hales",
              "bowler": "Salman Irshad",
              "non_striker": "Sohaib Maqsood",
              "runs": {
                "batter": 0,
                "extras": 0,
                "total": 0
              }
            },
            {
              "batter": "AD Hales",
              "bowler": "Salman Irshad",
              "non_striker": "Sohaib Maqsood",
              "runs": {
                "batter": 1,
                "extras": 0,
                "total": 1
              }
            },
            {
              "batter": "Sohaib Maqsood",
              "bowler": "Salman Irshad",
              "non_striker": "AD Hales",
              "runs": {
                "batter": 4,
                "extras": 0,
                "total": 4
              }
            },
            {
              "batter": "Sohaib Maqsood",
              "bowler": "Salman Irshad",
              "non_striker": "AD Hales",
              "runs": {
                "batter": 4,
                "extras": 0,
                "total": 4
              }
            },
            {
              "batter": "Sohaib Maqsood",
              "bowler": "Salman Irshad",
              "non_striker": "AD Hales",
              "runs": {
                "batter": 0,
                "extras": 0,
                "total": 0
              }
            }
          ]
        },
        {
          "over": 3,
          "deliveries": [
            {
              "batter": "AD Hales",
              "bowler": "Aamer Jamal",
              "non_striker": "Sohaib Maqsood",
              "runs": {
                "batter": 0,
                "extras": 0,
                "total": 0
              }
            },
            {
              "batter": "AD Hales",
              "bowler": "Aamer Jamal",
              "non_striker": "Sohaib Maqsood",
              "runs": {
                "batter": 1,
                "extras": 0,
                "total": 1
              }
            },
            {
              "batter": "Sohaib Maqsood",
              "bowler": "Aamer Jamal",
              "non_striker": "AD Hales",
              "runs": {
                "batter": 0,
                "extras": 0,
                "total": 0
              },
              "wickets": [
                {
                  "player_out": "Sohaib Maqsood",
                  "fielders": [
                    {
                      "name": "Haseebullah Khan"
                    }
                  ],
                  "kind": "caught"
                }
              ]
            },
            {
              "batter": "C Munro",
              "bowler": "Aamer Jamal",
              "non_striker": "AD Hales",
              "runs": {
                "batter": 2,
                "extras": 0,
                "total": 2
              }
            },
            {
              "batter": "C Munro",
              "bowler": "Aamer Jamal",
              "non_striker": "AD Hales",
              "runs": {
                "batter": 0,
                "extras": 0,
                "total": 0
              }
            },
            {
              "batter": "C Munro",
              "bowler": "Aamer Jamal",
              "non_striker": "AD Hales",
              "runs": {
                "batter": 0,
                "extras": 0,
                "total": 0
              }
            }
          ]
        },
        {
          "over": 4,
          "deliveries": [
            {
              "batter": "AD Hales",
              "bowler": "Salman Irshad",
              "non_striker": "C Munro",
              "runs": {
                "batter": 4,
                "extras": 0,
                "total": 4
              }
            },
            {
              "batter": "AD Hales",
              "bowler": "Salman Irshad",
              "non_striker": "C Munro",
              "runs": {
                "batter": 0,
                "extras": 0,
                "total": 0
              }
            },
            {
              "batter": "AD Hales",
              "bowler": "Salman Irshad",
              "non_striker": "C Munro",
              "runs": {
                "batter": 4,
                "extras": 0,
                "total": 4
              }
            },
            {
              "batter": "AD Hales",
              "bowler": "Salman Irshad",
              "non_striker": "C Munro",
              "runs": {
                "batter": 0,
                "extras": 0,
                "total": 0
              }
            },
            {
              "batter": "AD Hales",
              "bowler": "Salman Irshad",
              "non_striker": "C Munro",
              "runs": {
                "batter": 1,
                "extras": 0,
                "total": 1
              }
            },
            {
              "batter": "C Munro",
              "bowler": "Salman Irshad",
              "non_striker": "AD Hales",
              "runs": {
                "batter": 0,
                "extras": 0,
                "total": 0
              }
            }
          ]
        },
        {
          "over": 5,
          "deliveries": [
            {
              "batter": "AD Hales",
              "bowler": "Aamer Jamal",
              "non_striker": "C Munro",
              "runs": {
                "batter": 0,
                "extras": 0,
                "total": 0
              },
              "wickets": [
                {
                  "player_out": "AD Hales",
                  "fielders": [
                    {
                      "name": "T Kohler-Cadmore"
                    }
                  ],
                  "kind": "caught"
                }
              ]
            },
            {
              "batter": "Rahmanullah Gurbaz",
              "bowler": "Aamer Jamal",
              "non_striker": "C Munro",
              "runs": {
                "batter": 1,
                "extras": 0,
                "total": 1
              }
            },
            {
              "batter": "C Munro",
              "bowler": "Aamer Jamal",
              "extras": {
                "legbyes": 1
              },
              "non_striker": "Rahmanullah Gurbaz",
              "runs": {
                "batter": 0,
                "extras": 1,
                "total": 1
              }
            },
            {
              "batter": "Rahmanullah Gurbaz",
              "bowler": "Aamer Jamal",
              "non_striker": "C Munro",
              "runs": {
                "batter": 1,
                "extras": 0,
                "total": 1
              }
            },
            {
              "batter": "C Munro",
              "bowler": "Aamer Jamal",
              "extras": {
                "wides": 1
              },
              "non_striker": "Rahmanullah Gurbaz",
              "runs": {
                "batter": 0,
                "extras": 1,
                "total": 1
              }
            },
            {
              "batter": "C Munro",
              "bowler": "Aamer Jamal",
              "non_striker": "Rahmanullah Gurbaz",
              "runs": {
                "batter": 4,
                "extras": 0,
                "total": 4
              }
            },
            {
              "batter": "C Munro",
              "bowler": "Aamer Jamal",
              "non_striker": "Rahmanullah Gurbaz",
              "runs": {
                "batter": 0,
                "extras": 0,
                "total": 0
              }
            }
          ]
        },
        {
          "over": 6,
          "deliveries": [
            {
              "batter": "Rahmanullah Gurbaz",
              "bowler": "Sufiyan Muqeem",
              "non_striker": "C Munro",
              "runs": {
                "batter": 0,
                "extras": 0,
                "total": 0
              }
            },
            {
              "batter": "Rahmanullah Gurbaz",
              "bowler": "Sufiyan Muqeem",
              "non_striker": "C Munro",
              "runs": {
                "batter": 1,
                "extras": 0,
                "total": 1
              }
            },
            {
              "batter": "C Munro",
              "bowler": "Sufiyan Muqeem",
              "non_striker": "Rahmanullah Gurbaz",
              "runs": {
                "batter": 4,
                "extras": 0,
                "total": 4
              }
            },
            {
              "batter": "C Munro",
              "bowler": "Sufiyan Muqeem",
              "non_striker": "Rahmanullah Gurbaz",
              "runs": {
                "batter": 1,
                "extras": 0,
                "total": 1
              }
            },
            {
              "batter": "Rahmanullah Gurbaz",
              "bowler": "Sufiyan Muqeem",
              "non_striker": "C Munro",
              "runs": {
                "batter": 4,
                "extras": 0,
                "total": 4
              }
            },
            {
              "batter": "Rahmanullah Gurbaz",
              "bowler": "Sufiyan Muqeem",
              "non_striker": "C Munro",
              "runs": {
                "batter": 2,
                "extras": 0,
                "total": 2
              }
            }
          ]
        },
        {
          "over": 7,
          "deliveries": [
            {
              "batter": "C Munro",
              "bowler": "Mujeeb Ur Rahman",
              "non_striker": "Rahmanullah Gurbaz",
              "runs": {
                "batter": 1,
                "extras": 0,
                "total": 1
              }
            },
            {
              "batter": "Rahmanullah Gurbaz",
              "bowler": "Mujeeb Ur Rahman",
              "non_striker": "C Munro",
              "runs": {
                "batter": 0,
                "extras": 0,
                "total": 0
              }
            },
            {
              "batter": "Rahmanullah Gurbaz",
              "bowler": "Mujeeb Ur Rahman",
              "non_striker": "C Munro",
              "runs": {
                "batter": 1,
                "extras": 0,
                "total": 1
              }
            },
            {
              "batter": "C Munro",
              "bowler": "Mujeeb Ur Rahman",
              "non_striker": "Rahmanullah Gurbaz",
              "runs": {
                "batter": 1,
                "extras": 0,
                "total": 1
              }
            },
            {
              "batter": "Rahmanullah Gurbaz",
              "bowler": "Mujeeb Ur Rahman",
              "non_striker": "C Munro",
              "runs": {
                "batter": 6,
                "extras": 0,
                "total": 6
              }
            },
            {
              "batter": "Rahmanullah Gurbaz",
              "bowler": "Mujeeb Ur Rahman",
              "non_striker": "C Munro",
              "runs": {
                "batter": 0,
                "extras": 0,
                "total": 0
              }
            }
          ]
        },
        {
          "over": 8,
          "deliveries": [
            {
              "batter": "C Munro",
              "bowler": "JDS Neesham",
              "non_striker": "Rahmanullah Gurbaz",
              "runs": {
                "batter": 1,
                "extras": 0,
                "total": 1
              }
            },
            {
              "batter": "Rahmanullah Gurbaz",
              "bowler": "JDS Neesham",
              "non_striker": "C Munro",
              "runs": {
                "batter": 1,
                "extras": 0,
                "total": 1
              }
            },
            {
              "batter": "C Munro",
              "bowler": "JDS Neesham",
              "non_striker": "Rahmanullah Gurbaz",
              "runs": {
                "batter": 1,
                "extras": 0,
                "total": 1
              }
            },
            {
              "batter": "Rahmanullah Gurbaz",
              "bowler": "JDS Neesham",
              "non_striker": "C Munro",
              "runs": {
                "batter": 1,
                "extras": 0,
                "total": 1
              }
            },
            {
              "batter": "C Munro",
              "bowler": "JDS Neesham",
              "non_striker": "Rahmanullah Gurbaz",
              "runs": {
                "batter": 0,
                "extras": 0,
                "total": 0
              },
              "wickets": [
                {
                  "player_out": "C Munro",
                  "fielders": [
                    {
                      "name": "Aamer Jamal"
                    }
                  ],
                  "kind": "caught"
                }
              ]
            },
            {
              "batter": "Shadab Khan",
              "bowler": "JDS Neesham",
              "non_striker": "Rahmanullah Gurbaz",
              "runs": {
                "batter": 1,
                "extras": 0,
                "total": 1
              }
            }
          ]
        },
        {
          "over": 9,
          "deliveries": [
            {
              "batter": "Shadab Khan",
              "bowler": "Sufiyan Muqeem",
              "non_striker": "Rahmanullah Gurbaz",
              "runs": {
                "batter": 0,
                "extras": 0,
                "total": 0
              }
            },
            {
              "batter": "Shadab Khan",
              "bowler": "Sufiyan Muqeem",
              "non_striker": "Rahmanullah Gurbaz",
              "runs": {
                "batter": 1,
                "extras": 0,
                "total": 1
              }
            },
            {
              "batter": "Rahmanullah Gurbaz",
              "bowler": "Sufiyan Muqeem",
              "non_striker": "Shadab Khan",
              "runs": {
                "batter": 4,
                "extras": 0,
                "total": 4
              }
            },
            {
              "batter": "Rahmanullah Gurbaz",
              "bowler": "Sufiyan Muqeem",
              "non_striker": "Shadab Khan",
              "runs": {
                "batter": 1,
                "extras": 0,
                "total": 1
              }
            },
            {
              "batter": "Shadab Khan",
              "bowler": "Sufiyan Muqeem",
              "non_striker": "Rahmanullah Gurbaz",
              "runs": {
                "batter": 0,
                "extras": 0,
                "total": 0
              }
            },
            {
              "batter": "Shadab Khan",
              "bowler": "Sufiyan Muqeem",
              "non_striker": "Rahmanullah Gurbaz",
              "runs": {
                "batter": 0,
                "extras": 0,
                "total": 0
              }
            }
          ]
        },
        {
          "over": 10,
          "deliveries": [
            {
              "batter": "Rahmanullah Gurbaz",
              "bowler": "JDS Neesham",
              "non_striker": "Shadab Khan",
              "runs": {
                "batter": 1,
                "extras": 0,
                "total": 1
              }
            },
            {
              "batter": "Shadab Khan",
              "bowler": "JDS Neesham",
              "non_striker": "Rahmanullah Gurbaz",
              "runs": {
                "batter": 4,
                "extras": 0,
                "total": 4
              }
            },
            {
              "batter": "Shadab Khan",
              "bowler": "JDS Neesham",
              "non_striker": "Rahmanullah Gurbaz",
              "runs": {
                "batter": 2,
                "extras": 0,
                "total": 2
              }
            },
            {
              "batter": "Shadab Khan",
              "bowler": "JDS Neesham",
              "non_striker": "Rahmanullah Gurbaz",
              "runs": {
                "batter": 0,
                "extras": 0,
                "total": 0
              }
            },
            {
              "batter": "Shadab Khan",
              "bowler": "JDS Neesham",
              "non_striker": "Rahmanullah Gurbaz",
              "runs": {
                "batter": 0,
                "extras": 0,
                "total": 0
              }
            },
            {
              "batter": "Shadab Khan",
              "bowler": "JDS Neesham",
              "non_striker": "Rahmanullah Gurbaz",
              "runs": {
                "batter": 6,
                "extras": 0,
                "total": 6
              }
            }
          ]
        },
        {
          "over": 11,
          "deliveries": [
            {
              "batter": "Rahmanullah Gurbaz",
              "bowler": "Mujeeb Ur Rahman",
              "non_striker": "Shadab Khan",
              "runs": {
                "batter": 1,
                "extras": 0,
                "total": 1
              }
            },
            {
              "batter": "Shadab Khan",
              "bowler": "Mujeeb Ur Rahman",
              "non_striker": "Rahmanullah Gurbaz",
              "runs": {
                "batter": 1,
                "extras": 0,
                "total": 1
              }
            },
            {
              "batter": "Rahmanullah Gurbaz",
              "bowler": "Mujeeb Ur Rahman",
              "non_striker": "Shadab Khan",
              "runs": {
                "batter": 1,
                "extras": 0,
                "total": 1
              }
            },
            {
              "batter": "Shadab Khan",
              "bowler": "Mujeeb Ur Rahman",
              "extras": {
                "wides": 1
              },
              "non_striker": "Rahmanullah Gurbaz",
              "runs": {
                "batter": 0,
                "extras": 1,
                "total": 1
              }
            },
            {
              "batter": "Shadab Khan",
              "bowler": "Mujeeb Ur Rahman",
              "non_striker": "Rahmanullah Gurbaz",
              "runs": {
                "batter": 0,
                "extras": 0,
                "total": 0
              }
            },
            {
              "batter": "Shadab Khan",
              "bowler": "Mujeeb Ur Rahman",
              "non_striker": "Rahmanullah Gurbaz",
              "runs": {
                "batter": 0,
                "extras": 0,
                "total": 0
              }
            },
            {
              "batter": "Shadab Khan",
              "bowler": "Mujeeb Ur Rahman",
              "non_striker": "Rahmanullah Gurbaz",
              "runs": {
                "batter": 0,
                "extras": 0,
                "total": 0
              }
            }
          ]
        },
        {
          "over": 12,
          "deliveries": [
            {
              "batter": "Rahmanullah Gurbaz",
              "bowler": "Sufiyan Muqeem",
              "non_striker": "Shadab Khan",
              "runs": {
                "batter": 1,
                "extras": 0,
                "total": 1
              }
            },
            {
              "batter": "Shadab Khan",
              "bowler": "Sufiyan Muqeem",
              "non_striker": "Rahmanullah Gurbaz",
              "runs": {
                "batter": 0,
                "extras": 0,
                "total": 0
              }
            },
            {
              "batter": "Shadab Khan",
              "bowler": "Sufiyan Muqeem",
              "non_striker": "Rahmanullah Gurbaz",
              "runs": {
                "batter": 6,
                "extras": 0,
                "total": 6
              }
            },
            {
              "batter": "Shadab Khan",
              "bowler": "Sufiyan Muqeem",
              "non_striker": "Rahmanullah Gurbaz",
              "runs": {
                "batter": 4,
                "extras": 0,
                "total": 4
              }
            },
            {
              "batter": "Shadab Khan",
              "bowler": "Sufiyan Muqeem",
              "non_striker": "Rahmanullah Gurbaz",
              "runs": {
                "batter": 0,
                "extras": 0,
                "total": 0
              }
            },
            {
              "batter": "Shadab Khan",
              "bowler": "Sufiyan Muqeem",
              "non_striker": "Rahmanullah Gurbaz",
              "runs": {
                "batter": 0,
                "extras": 0,
                "total": 0
              },
              "wickets": [
                {
                  "player_out": "Shadab Khan",
                  "fielders": [
                    {
                      "name": "Saim Ayub"
                    }
                  ],
                  "kind": "caught"
                }
              ]
            }
          ]
        },
        {
          "over": 13,
          "deliveries": [
            {
              "batter": "Rahmanullah Gurbaz",
              "bowler": "Mujeeb Ur Rahman",
              "non_striker": "Asif Ali",
              "runs": {
                "batter": 1,
                "extras": 0,
                "total": 1
              }
            },
            {
              "batter": "Asif Ali",
              "bowler": "Mujeeb Ur Rahman",
              "non_striker": "Rahmanullah Gurbaz",
              "runs": {
                "batter": 0,
                "extras": 0,
                "total": 0
              }
            },
            {
              "batter": "Asif Ali",
              "bowler": "Mujeeb Ur Rahman",
              "non_striker": "Rahmanullah Gurbaz",
              "runs": {
                "batter": 1,
                "extras": 0,
                "total": 1
              }
            },
            {
              "batter": "Rahmanullah Gurbaz",
              "bowler": "Mujeeb Ur Rahman",
              "non_striker": "Asif Ali",
              "runs": {
                "batter": 0,
                "extras": 0,
                "total": 0
              }
            },
            {
              "batter": "Rahmanullah Gurbaz",
              "bowler": "Mujeeb Ur Rahman",
              "non_striker": "Asif Ali",
              "runs": {
                "batter": 4,
                "extras": 0,
                "total": 4
              }
            },
            {
              "batter": "Rahmanullah Gurbaz",
              "bowler": "Mujeeb Ur Rahman",
              "non_striker": "Asif Ali",
              "runs": {
                "batter": 0,
                "extras": 0,
                "total": 0
              }
            }
          ]
        },
        {
          "over": 14,
          "deliveries": [
            {
              "batter": "Asif Ali",
              "bowler": "JDS Neesham",
              "non_striker": "Rahmanullah Gurbaz",
              "runs": {
                "batter": 2,
                "extras": 0,
                "total": 2
              }
            },
            {
              "batter": "Asif Ali",
              "bowler": "JDS Neesham",
              "non_striker": "Rahmanullah Gurbaz",
              "runs": {
                "batter": 1,
                "extras": 0,
                "total": 1
              }
            },
            {
              "batter": "Rahmanullah Gurbaz",
              "bowler": "JDS Neesham",
              "non_striker": "Asif Ali",
              "runs": {
                "batter": 1,
                "extras": 0,
                "total": 1
              }
            },
            {
              "batter": "Asif Ali",
              "bowler": "JDS Neesham",
              "non_striker": "Rahmanullah Gurbaz",
              "runs": {
                "batter": 0,
                "extras": 0,
                "total": 0
              }
            },
            {
              "batter": "Asif Ali",
              "bowler": "JDS Neesham",
              "non_striker": "Rahmanullah Gurbaz",
              "runs": {
                "batter": 1,
                "extras": 0,
                "total": 1
              }
            },
            {
              "batter": "Rahmanullah Gurbaz",
              "bowler": "JDS Neesham",
              "non_striker": "Asif Ali",
              "runs": {
                "batter": 0,
                "extras": 0,
                "total": 0
              },
              "wickets": [
                {
                  "player_out": "Rahmanullah Gurbaz",
                  "fielders": [
                    {
                      "name": "Sufiyan Muqeem"
                    }
                  ],
                  "kind": "caught"
                }
              ]
            }
          ]
        },
        {
          "over": 15,
          "deliveries": [
            {
              "batter": "Asif Ali",
              "bowler": "Sufiyan Muqeem",
              "non_striker": "Faheem Ashraf",
              "runs": {
                "batter": 0,
                "extras": 0,
                "total": 0
              },
              "wickets": [
                {
                  "player_out": "Asif Ali",
                  "fielders": [
                    {
                      "name": "PBB Rajapaksa"
                    }
                  ],
                  "kind": "caught"
                }
              ]
            },
            {
              "batter": "Hasan Ali",
              "bowler": "Sufiyan Muqeem",
              "non_striker": "Faheem Ashraf",
              "runs": {
                "batter": 0,
                "extras": 0,
                "total": 0
              }
            },
            {
              "batter": "Hasan Ali",
              "bowler": "Sufiyan Muqeem",
              "non_striker": "Faheem Ashraf",
              "runs": {
                "batter": 0,
                "extras": 0,
                "total": 0
              },
              "wickets": [
                {
                  "player_out": "Hasan Ali",
                  "fielders": [
                    {
                      "name": "Mujeeb Ur Rahman"
                    }
                  ],
                  "kind": "caught"
                }
              ]
            },
            {
              "batter": "Mohammad Wasim",
              "bowler": "Sufiyan Muqeem",
              "non_striker": "Faheem Ashraf",
              "runs": {
                "batter": 0,
                "extras": 0,
                "total": 0
              }
            },
            {
              "batter": "Mohammad Wasim",
              "bowler": "Sufiyan Muqeem",
              "non_striker": "Faheem Ashraf",
              "runs": {
                "batter": 4,
                "extras": 0,
                "total": 4
              }
            },
            {
              "batter": "Mohammad Wasim",
              "bowler": "Sufiyan Muqeem",
              "non_striker": "Faheem Ashraf",
              "runs": {
                "batter": 4,
                "extras": 0,
                "total": 4
              }
            }
          ]
        },
        {
          "over": 16,
          "deliveries": [
            {
              "batter": "Faheem Ashraf",
              "bowler": "Salman Irshad",
              "non_striker": "Mohammad Wasim",
              "runs": {
                "batter": 4,
                "extras": 0,
                "total": 4
              }
            },
            {
              "batter": "Faheem Ashraf",
              "bowler": "Salman Irshad",
              "non_striker": "Mohammad Wasim",
              "runs": {
                "batter": 1,
                "extras": 0,
                "total": 1
              }
            },
            {
              "batter": "Mohammad Wasim",
              "bowler": "Salman Irshad",
              "non_striker": "Faheem Ashraf",
              "runs": {
                "batter": 1,
                "extras": 0,
                "total": 1
              }
            },
            {
              "batter": "Faheem Ashraf",
              "bowler": "Salman Irshad",
              "non_striker": "Mohammad Wasim",
              "runs": {
                "batter": 1,
                "extras": 0,
                "total": 1
              }
            },
            {
              "batter": "Mohammad Wasim",
              "bowler": "Salman Irshad",
              "non_striker": "Faheem Ashraf",
              "runs": {
                "batter": 0,
                "extras": 0,
                "total": 0
              }
            },
            {
              "batter": "Mohammad Wasim",
              "bowler": "Salman Irshad",
              "non_striker": "Faheem Ashraf",
              "runs": {
                "batter": 0,
                "extras": 0,
                "total": 0
              }
            }
          ]
        },
        {
          "over": 17,
          "deliveries": [
            {
              "batter": "Faheem Ashraf",
              "bowler": "Aamer Jamal",
              "non_striker": "Mohammad Wasim",
              "runs": {
                "batter": 6,
                "extras": 0,
                "total": 6
              }
            },
            {
              "batter": "Faheem Ashraf",
              "bowler": "Aamer Jamal",
              "non_striker": "Mohammad Wasim",
              "runs": {
                "batter": 4,
                "extras": 0,
                "total": 4
              }
            },
            {
              "batter": "Faheem Ashraf",
              "bowler": "Aamer Jamal",
              "non_striker": "Mohammad Wasim",
              "runs": {
                "batter": 6,
                "extras": 0,
                "total": 6
              }
            },
            {
              "batter": "Faheem Ashraf",
              "bowler": "Aamer Jamal",
              "non_striker": "Mohammad Wasim",
              "runs": {
                "batter": 1,
                "extras": 0,
                "total": 1
              }
            },
            {
              "batter": "Mohammad Wasim",
              "bowler": "Aamer Jamal",
              "extras": {
                "legbyes": 1
              },
              "non_striker": "Faheem Ashraf",
              "runs": {
                "batter": 0,
                "extras": 1,
                "total": 1
              }
            },
            {
              "batter": "Faheem Ashraf",
              "bowler": "Aamer Jamal",
              "non_striker": "Mohammad Wasim",
              "runs": {
                "batter": 1,
                "extras": 0,
                "total": 1
              }
            }
          ]
        },
        {
          "over": 18,
          "deliveries": [
            {
              "batter": "Faheem Ashraf",
              "bowler": "Salman Irshad",
              "non_striker": "Mohammad Wasim",
              "runs": {
                "batter": 1,
                "extras": 0,
                "total": 1
              }
            },
            {
              "batter": "Mohammad Wasim",
              "bowler": "Salman Irshad",
              "non_striker": "Faheem Ashraf",
              "runs": {
                "batter": 4,
                "extras": 0,
                "total": 4
              }
            },
            {
              "batter": "Mohammad Wasim",
              "bowler": "Salman Irshad",
              "extras": {
                "byes": 1
              },
              "non_striker": "Faheem Ashraf",
              "runs": {
                "batter": 0,
                "extras": 1,
                "total": 1
              }
            },
            {
              "batter": "Faheem Ashraf",
              "bowler": "Salman Irshad",
              "non_striker": "Mohammad Wasim",
              "runs": {
                "batter": 6,
                "extras": 0,
                "total": 6
              }
            },
            {
              "batter": "Faheem Ashraf",
              "bowler": "Salman Irshad",
              "non_striker": "Mohammad Wasim",
              "runs": {
                "batter": 1,
                "extras": 0,
                "total": 1
              }
            },
            {
              "batter": "Mohammad Wasim",
              "bowler": "Salman Irshad",
              "extras": {
                "legbyes": 1
              },
              "non_striker": "Faheem Ashraf",
              "runs": {
                "batter": 0,
                "extras": 1,
                "total": 1
              }
            }
          ]
        },
        {
          "over": 19,
          "deliveries": [
            {
              "batter": "Mohammad Wasim",
              "bowler": "Khurram Shahzad",
              "non_striker": "Faheem Ashraf",
              "runs": {
                "batter": 1,
                "extras": 0,
                "total": 1
              }
            },
            {
              "batter": "Faheem Ashraf",
              "bowler": "Khurram Shahzad",
              "non_striker": "Mohammad Wasim",
              "runs": {
                "batter": 6,
                "extras": 0,
                "total": 6
              }
            },
            {
              "batter": "Faheem Ashraf",
              "bowler": "Khurram Shahzad",
              "non_striker": "Mohammad Wasim",
              "runs": {
                "batter": 0,
                "extras": 0,
                "total": 0
              },
              "wickets": [
                {
                  "player_out": "Faheem Ashraf",
                  "kind": "bowled"
                }
              ]
            },
            {
              "batter": "Fazalhaq Farooqi",
              "bowler": "Khurram Shahzad",
              "non_striker": "Mohammad Wasim",
              "runs": {
                "batter": 0,
                "extras": 0,
                "total": 0
              },
              "wickets": [
                {
                  "player_out": "Fazalhaq Farooqi",
                  "kind": "bowled"
                }
              ]
            }
          ]
        }
      ],
      "powerplays": [
        {
          "from": 0.1,
          "to": 5.7,
          "type": "mandatory"
        }
      ],
      "target": {
        "overs": 20,
        "runs": 180
      }
    }
  ]
}