{
  "meta": {
    "data_version": "1.1.0",
    "created": "2024-02-25",
    "revision": 1
  },
  "info": {
    "balls_per_over": 6,
    "city": "Multan",
    "dates": [
      "2024-02-25"
    ],
    "event": {
      "name": "Pakistan Super League",
      "match_number": 11
    },
    "gender": "male",
    "match_type": "T20",
    "officials": {
      "match_referees": [
        "Ali Naqvi"
      ],
      "reserve_umpires": [
        "Rashid Riaz"
      ],
      "tv_umpires": [
        "RSA Palliyaguruge"
      ],
      "umpires": [
        "CB Gaffaney",
        "Faisal Afridi"
      ]
    },
    "outcome": {
      "winner": "Multan Sultans",
      "by": {
        "runs": 13
      }
    },
    "overs": 20,
    "player_of_match": [
      "Mohammad Ali"
    ],
    "players": {
      "Multan Sultans": [
        "Mohammad Rizwan",
        "Usman Khan",
        "RR Hendricks",
        "Tayyab Tahir",
        "Iftikhar Ahmed",
        "Khushdil Shah",
        "DJ Willey",
        "Usama Mir",
        "Aftab Ibrahim",
        "Abbas Afridi",
        "Mohammad Ali"
      ],
      "Quetta Gladiators": [
        "JJ Roy",
        "Saud Shakeel",
        "Khawaja Nafay",
        "RR Rossouw",
        "Sajjad Ali",
        "SE Rutherford",
        "AJ Hosein",
        "Mohammad Wasim",
        "Mohammad Amir",
        "Abrar Ahmed",
        "Sarfraz Ahmed",
        "Usman Tariq"
      ]
    },
    "registry": {
      "people": {
        "AJ Hosein": "4d7f517e",
        "Abbas Afridi": "2cec2a92",
        "Abrar Ahmed": "abb7c76c",
        "Aftab Ibrahim": "8d42cee6",
        "Ali Naqvi": "3c89fc88",
        "CB Gaffaney": "d5ac41d8",
        "DJ Willey": "7f048519",
        "Faisal Afridi": "ed0bc503",
        "Iftikhar Ahmed": "29e253dd",
        "JJ Roy": "d1c36f5c",
        "Khawaja Nafay": "3cf54e77",
        "Khushdil Shah": "fce581b5",
        "Mohammad Ali": "a86a37ab",
        "Mohammad Amir": "e174dadd",
        "Mohammad Rizwan": "2f26ac1a",
        "Mohammad Wasim": "9e9af5f2",
        "RR Hendricks": "b8cc58c9",
        "RR Rossouw": "cad00a4d",
        "RSA Palliyaguruge": "4339c19d",
        "Rashid Riaz": "fb82725e",
        "SE Rutherford": "d014d5ac",
        "Sajjad Ali": "3050a1fe",
        "Sarfraz Ahmed": "2254ab79",
        "Saud Shakeel": "d07c1b2f",
        "Tayyab Tahir": "431f8af4",
        "Usama Mir": "6dd8b88c",
        "Usman Khan": "bafb9238",
        "Usman Tariq": "e94d1dcd"
      }
    },
    "season": "2023/24",
    "team_type": "club",
    "teams": [
      "Multan Sultans",
      "Quetta Gladiators"
    ],
    "toss": {
      "decision": "field",
      "winner": "Quetta Gladiators"
    },
    "venue": "Multan Cricket Stadium"
  },
  "innings": [
    {
      "team": "Multan Sultans",
      "overs": [
        {
          "over": 0,
          "deliveries": [
            {
              "batter": "Usman Khan",
              "bowler": "AJ Hosein",
              "non_striker": "Mohammad Rizwan",
              "runs": {
                "batter": 4,
                "extras": 0,
                "total": 4
              }
            },
            {
              "batter": "Usman Khan",
              "bowler": "AJ Hosein",
              "non_striker": "Mohammad Rizwan",
              "runs": {
                "batter": 1,
                "extras": 0,
                "total": 1
              }
            },
            {
              "batter": "Mohammad Rizwan",
              "bowler": "AJ Hosein",
              "non_striker": "Usman Khan",
              "runs": {
                "batter": 0,
                "extras": 0,
                "total": 0
              }
            },
            {
              "batter": "Mohammad Rizwan",
              "bowler": "AJ Hosein",
              "non_striker": "Usman Khan",
              "runs": {
                "batter": 1,
                "extras": 0,
                "total": 1
              }
            },
            {
              "batter": "Usman Khan",
              "bowler": "AJ Hosein",
              "non_striker": "Mohammad Rizwan",
              "runs": {
                "batter": 4,
                "extras": 0,
                "total": 4
              }
            },
            {
              "batter": "Usman Khan",
              "bowler": "AJ Hosein",
              "non_striker": "Mohammad Rizwan",
              "runs": {
                "batter": 4,
                "extras": 0,
                "total": 4
              }
            }
          ]
        },
        {
          "over": 1,
          "deliveries": [
            {
              "batter": "Mohammad Rizwan",
              "bowler": "Mohammad Amir",
              "non_striker": "Usman Khan",
              "runs": {
                "batter": 0,
                "extras": 0,
                "total": 0
              }
            },
            {
              "batter": "Mohammad Rizwan",
              "bowler": "Mohammad Amir",
              "non_striker": "Usman Khan",
              "runs": {
                "batter": 0,
                "extras": 0,
                "total": 0
              }
            },
            {
              "batter": "Mohammad Rizwan",
              "bowler": "Mohammad Amir",
              "non_striker": "Usman Khan",
              "runs": {
                "batter": 0,
                "extras": 0,
                "total": 0
              }
            },
            {
              "batter": "Mohammad Rizwan",
              "bowler": "Mohammad Amir",
              "non_striker": "Usman Khan",
              "runs": {
                "batter": 6,
                "extras": 0,
                "total": 6
              }
            },
            {
              "batter": "Mohammad Rizwan",
              "bowler": "Mohammad Amir",
              "non_striker": "Usman Khan",
              "runs": {
                "batter": 0,
                "extras": 0,
                "total": 0
              }
            },
            {
              "batter": "Mohammad Rizwan",
              "bowler": "Mohammad Amir",
              "non_striker": "Usman Khan",
              "runs": {
                "batter": 0,
                "extras": 0,
                "total": 0
              }
            }
          ]
        },
        {
          "over": 2,
          "deliveries": [
            {
              "batter": "Usman Khan",
              "bowler": "Abrar Ahmed",
              "non_striker": "Mohammad Rizwan",
              "runs": {
                "batter": 1,
                "extras": 0,
                "total": 1
              }
            },
            {
              "batter": "Mohammad Rizwan",
              "bowler": "Abrar Ahmed",
              "non_striker": "Usman Khan",
              "runs": {
                "batter": 0,
                "extras": 0,
                "total": 0
              }
            },
            {
              "batter": "Mohammad Rizwan",
              "bowler": "Abrar Ahmed",
              "non_striker": "Usman Khan",
              "runs": {
                "batter": 1,
                "extras": 0,
                "total": 1
              }
            },
            {
              "batter": "Usman Khan",
              "bowler": "Abrar Ahmed",
              "non_striker": "Mohammad Rizwan",
              "runs": {
                "batter": 0,
                "extras": 0,
                "total": 0
              }
            },
            {
              "batter": "Usman Khan",
              "bowler": "Abrar Ahmed",
              "non_striker": "Mohammad Rizwan",
              "runs": {
                "batter": 0,
                "extras": 0,
                "total": 0
              },
              "wickets": [
                {
                  "player_out": "Usman Khan",
                  "fielders": [
                    {
                      "name": "Sarfraz Ahmed"
                    }
                  ],
                  "kind": "stumped"
                }
              ]
            },
            {
              "batter": "RR Hendricks",
              "bowler": "Abrar Ahmed",
              "non_striker": "Mohammad Rizwan",
              "runs": {
                "batter": 4,
                "extras": 0,
                "total": 4
              }
            }
          ]
        },
        {
          "over": 3,
          "deliveries": [
            {
              "batter": "Mohammad Rizwan",
              "bowler": "Mohammad Amir",
              "non_striker": "RR Hendricks",
              "runs": {
                "batter": 1,
                "extras": 0,
                "total": 1
              }
            },
            {
              "batter": "RR Hendricks",
              "bowler": "Mohammad Amir",
              "non_striker": "Mohammad Rizwan",
              "runs": {
                "batter": 1,
                "extras": 0,
                "total": 1
              }
            },
            {
              "batter": "Mohammad Rizwan",
              "bowler": "Mohammad Amir",
              "non_striker": "RR Hendricks",
              "runs": {
                "batter": 0,
                "extras": 0,
                "total": 0
              }
            },
            {
              "batter": "Mohammad Rizwan",
              "bowler": "Mohammad Amir",
              "non_striker": "RR Hendricks",
              "runs": {
                "batter": 6,
                "extras": 0,
                "total": 6
              }
            },
            {
              "batter": "Mohammad Rizwan",
              "bowler": "Mohammad Amir",
              "non_striker": "RR Hendricks",
              "runs": {
                "batter": 0,
                "extras": 0,
                "total": 0
              }
            },
            {
              "batter": "Mohammad Rizwan",
              "bowler": "Mohammad Amir",
              "non_striker": "RR Hendricks",
              "runs": {
                "batter": 0,
                "extras": 0,
                "total": 0
              }
            }
          ]
        },
        {
          "over": 4,
          "deliveries": [
            {
              "batter": "RR Hendricks",
              "bowler": "AJ Hosein",
              "non_striker": "Mohammad Rizwan",
              "runs": {
                "batter": 0,
                "extras": 0,
                "total": 0
              }
            },
            {
              "batter": "RR Hendricks",
              "bowler": "AJ Hosein",
              "non_striker": "Mohammad Rizwan",
              "runs": {
                "batter": 0,
                "extras": 0,
                "total": 0
              }
            },
            {
              "batter": "RR Hendricks",
              "bowler": "AJ Hosein",
              "non_striker": "Mohammad Rizwan",
              "runs": {
                "batter": 0,
                "extras": 0,
                "total": 0
              }
            },
            {
              "batter": "RR Hendricks",
              "bowler": "AJ Hosein",
              "non_striker": "Mohammad Rizwan",
              "runs": {
                "batter": 4,
                "extras": 0,
                "total": 4
              }
            },
            {
              "batter": "RR Hendricks",
              "bowler": "AJ Hosein",
              "non_striker": "Mohammad Rizwan",
              "runs": {
                "batter": 0,
                "extras": 0,
                "total": 0
              }
            },
            {
              "batter": "RR Hendricks",
              "bowler": "AJ Hosein",
              "non_striker": "Mohammad Rizwan",
              "runs": {
                "batter": 0,
                "extras": 0,
                "total": 0
              }
            }
          ]
        },
        {
          "over": 5,
          "deliveries": [
            {
              "batter": "Mohammad Rizwan",
              "bowler": "Abrar Ahmed",
              "non_striker": "RR Hendricks",
              "runs": {
                "batter": 0,
                "extras": 0,
                "total": 0
              }
            },
            {
              "batter": "Mohammad Rizwan",
              "bowler": "Abrar Ahmed",
              "non_striker": "RR Hendricks",
              "runs": {
                "batter": 6,
                "extras": 0,
                "total": 6
              }
            },
            {
              "batter": "Mohammad Rizwan",
              "bowler": "Abrar Ahmed",
              "non_striker": "RR Hendricks",
              "runs": {
                "batter": 6,
                "extras": 0,
                "total": 6
              }
            },
            {
              "batter": "Mohammad Rizwan",
              "bowler": "Abrar Ahmed",
              "non_striker": "RR Hendricks",
              "runs": {
                "batter": 1,
                "extras": 0,
                "total": 1
              }
            },
            {
              "batter": "RR Hendricks",
              "bowler": "Abrar Ahmed",
              "non_striker": "Mohammad Rizwan",
              "runs": {
                "batter": 1,
                "extras": 0,
                "total": 1
              }
            },
            {
              "batter": "Mohammad Rizwan",
              "bowler": "Abrar Ahmed",
              "non_striker": "RR Hendricks",
              "runs": {
                "batter": 1,
                "extras": 0,
                "total": 1
              }
            }
          ]
        },
        {
          "over": 6,
          "deliveries": [
            {
              "batter": "Mohammad Rizwan",
              "bowler": "Usman Tariq",
              "non_striker": "RR Hendricks",
              "runs": {
                "batter": 1,
                "extras": 0,
                "total": 1
              }
            },
            {
              "batter": "RR Hendricks",
              "bowler": "Usman Tariq",
              "non_striker": "Mohammad Rizwan",
              "runs": {
                "batter": 0,
                "extras": 0,
                "total": 0
              }
            },
            {
              "batter": "RR Hendricks",
              "bowler": "Usman Tariq",
              "non_striker": "Mohammad Rizwan",
              "runs": {
                "batter": 0,
                "extras": 0,
                "total": 0
              }
            },
            {
              "batter": "RR Hendricks",
              "bowler": "Usman Tariq",
              "non_striker": "Mohammad Rizwan",
              "runs": {
                "batter": 0,
                "extras": 0,
                "total": 0
              }
            },
            {
              "batter": "RR Hendricks",
              "bowler": "Usman Tariq",
              "non_striker": "Mohammad Rizwan",
              "runs": {
                "batter": 1,
                "extras": 0,
                "total": 1
              }
            },
            {
              "batter": "Mohammad Rizwan",
              "bowler": "Usman Tariq",
              "non_striker": "RR Hendricks",
              "runs": {
                "batter": 0,
                "extras": 0,
                "total": 0
              }
            }
          ]
        },
        {
          "over": 7,
          "deliveries": [
            {
              "batter": "RR Hendricks",
              "bowler": "Mohammad Wasim",
              "non_striker": "Mohammad Rizwan",
              "runs": {
                "batter": 6,
                "extras": 0,
                "total": 6
              }
            },
            {
              "batter": "RR Hendricks",
              "bowler": "Mohammad Wasim",
              "non_striker": "Mohammad Rizwan",
              "runs": {
                "batter": 1,
                "extras": 0,
                "total": 1
              }
            },
            {
              "batter": "Mohammad Rizwan",
              "bowler": "Mohammad Wasim",
              "non_striker": "RR Hendricks",
              "runs": {
                "batter": 1,
                "extras": 0,
                "total": 1
              }
            },
            {
              "batter": "RR Hendricks",
              "bowler": "Mohammad Wasim",
              "non_striker": "Mohammad Rizwan",
              "runs": {
                "batter": 1,
                "extras": 0,
                "total": 1
              }
            },
            {
              "batter": "Mohammad Rizwan",
              "bowler": "Mohammad Wasim",
              "non_striker": "RR Hendricks",
              "runs": {
                "batter": 0,
                "extras": 0,
                "total": 0
              }
            },
            {
              "batter": "Mohammad Rizwan",
              "bowler": "Mohammad Wasim",
              "non_striker": "RR Hendricks",
              "runs": {
                "batter": 0,
                "extras": 0,
                "total": 0
              }
            }
          ]
        },
        {
          "over": 8,
          "deliveries": [
            {
              "batter": "RR Hendricks",
              "bowler": "Usman Tariq",
              "non_striker": "Mohammad Rizwan",
              "runs": {
                "batter": 1,
                "extras": 0,
                "total": 1
              }
            },
            {
              "batter": "Mohammad Rizwan",
              "bowler": "Usman Tariq",
              "non_striker": "RR Hendricks",
              "runs": {
                "batter": 4,
                "extras": 0,
                "total": 4
              }
            },
            {
              "batter": "Mohammad Rizwan",
              "bowler": "Usman Tariq",
              "non_striker": "RR Hendricks",
              "runs": {
                "batter": 1,
                "extras": 0,
                "total": 1
              }
            },
            {
              "batter": "RR Hendricks",
              "bowler": "Usman Tariq",
              "non_striker": "Mohammad Rizwan",
              "runs": {
                "batter": 0,
                "extras": 0,
                "total": 0
              }
            },
            {
              "batter": "RR Hendricks",
              "bowler": "Usman Tariq",
              "non_striker": "Mohammad Rizwan",
              "runs": {
                "batter": 0,
                "extras": 0,
                "total": 0
              }
            },
            {
              "batter": "RR Hendricks",
              "bowler": "Usman Tariq",
              "non_striker": "Mohammad Rizwan",
              "runs": {
                "batter": 1,
                "extras": 0,
                "total": 1
              }
            }
          ]
        },
        {
          "over": 9,
          "deliveries": [
            {
              "batter": "RR Hendricks",
              "bowler": "AJ Hosein",
              "non_striker": "Mohammad Rizwan",
              "runs": {
                "batter": 1,
                "extras": 0,
                "total": 1
              }
            },
            {
              "batter": "Mohammad Rizwan",
              "bowler": "AJ Hosein",
              "non_striker": "RR Hendricks",
              "runs": {
                "batter": 1,
                "extras": 0,
                "total": 1
              }
            },
            {
              "batter": "RR Hendricks",
              "bowler": "AJ Hosein",
              "non_striker": "Mohammad Rizwan",
              "runs": {
                "batter": 1,
                "extras": 0,
                "total": 1
              }
            },
            {
              "batter": "Mohammad Rizwan",
              "bowler": "AJ Hosein",
              "extras": {
                "wides": 1
              },
              "non_striker": "RR Hendricks",
              "runs": {
                "batter": 0,
                "extras": 1,
                "total": 1
              }
            },
            {
              "batter": "Mohammad Rizwan",
              "bowler": "AJ Hosein",
              "non_striker": "RR Hendricks",
              "review": {
                "by": "Quetta Gladiators",
                "umpire": "CB Gaffaney",
                "batter": "Mohammad Rizwan",
                "decision": "struck down",
                "type": "wicket"
              },
              "runs": {
                "batter": 0,
                "extras": 0,
                "total": 0
              }
            },
            {
              "batter": "Mohammad Rizwan",
              "bowler": "AJ Hosein",
              "non_striker": "RR Hendricks",
              "runs": {
                "batter": 0,
                "extras": 0,
                "total": 0
              }
            },
            {
              "batter": "Mohammad Rizwan",
              "bowler": "AJ Hosein",
              "non_striker": "RR Hendricks",
              "runs": {
                "batter": 1,
                "extras": 0,
                "total": 1
              }
            }
          ]
        },
        {
          "over": 10,
          "deliveries": [
            {
              "batter": "Mohammad Rizwan",
              "bowler": "Usman Tariq",
              "non_striker": "RR Hendricks",
              "runs": {
                "batter": 4,
                "extras": 0,
                "total": 4
              }
            },
            {
              "batter": "Mohammad Rizwan",
              "bowler": "Usman Tariq",
              "non_striker": "RR Hendricks",
              "runs": {
                "batter": 1,
                "extras": 0,
                "total": 1
              }
            },
            {
              "batter": "RR Hendricks",
              "bowler": "Usman Tariq",
              "non_striker": "Mohammad Rizwan",
              "runs": {
                "batter": 1,
                "extras": 0,
                "total": 1
              }
            },
            {
              "batter": "Mohammad Rizwan",
              "bowler": "Usman Tariq",
              "non_striker": "RR Hendricks",
              "runs": {
                "batter": 1,
                "extras": 0,
                "total": 1
              }
            },
            {
              "batter": "RR Hendricks",
              "bowler": "Usman Tariq",
              "non_striker": "Mohammad Rizwan",
              "runs": {
                "batter": 1,
                "extras": 0,
                "total": 1
              }
            },
            {
              "batter": "Mohammad Rizwan",
              "bowler": "Usman Tariq",
              "non_striker": "RR Hendricks",
              "runs": {
                "batter": 1,
                "extras": 0,
                "total": 1
              }
            }
          ]
        },
        {
          "over": 11,
          "deliveries": [
            {
              "batter": "Mohammad Rizwan",
              "bowler": "Abrar Ahmed",
              "non_striker": "RR Hendricks",
              "runs": {
                "batter": 1,
                "extras": 0,
                "total": 1
              }
            },
            {
              "batter": "RR Hendricks",
              "bowler": "Abrar Ahmed",
              "non_striker": "Mohammad Rizwan",
              "runs": {
                "batter": 6,
                "extras": 0,
                "total": 6
              }
            },
            {
              "batter": "RR Hendricks",
              "bowler": "Abrar Ahmed",
              "non_striker": "Mohammad Rizwan",
              "runs": {
                "batter": 1,
                "extras": 0,
                "total": 1
              }
            },
            {
              "batter": "Mohammad Rizwan",
              "bowler": "Abrar Ahmed",
              "non_striker": "RR Hendricks",
              "runs": {
                "batter": 1,
                "extras": 0,
                "total": 1
              }
            },
            {
              "batter": "RR Hendricks",
              "bowler": "Abrar Ahmed",
              "non_striker": "Mohammad Rizwan",
              "runs": {
                "batter": 0,
                "extras": 0,
                "total": 0
              }
            },
            {
              "batter": "RR Hendricks",
              "bowler": "Abrar Ahmed",
              "non_striker": "Mohammad Rizwan",
              "runs": {
                "batter": 1,
                "extras": 0,
                "total": 1
              }
            }
          ]
        },
        {
          "over": 12,
          "deliveries": [
            {
              "batter": "RR Hendricks",
              "bowler": "Mohammad Wasim",
              "non_striker": "Mohammad Rizwan",
              "runs": {
                "batter": 1,
                "extras": 0,
                "total": 1
              }
            },
            {
              "batter": "Mohammad Rizwan",
              "bowler": "Mohammad Wasim",
              "non_striker": "RR Hendricks",
              "runs": {
                "batter": 1,
                "extras": 0,
                "total": 1
              }
            },
            {
              "batter": "RR Hendricks",
              "bowler": "Mohammad Wasim",
              "non_striker": "Mohammad Rizwan",
              "runs": {
                "batter": 1,
                "extras": 0,
                "total": 1
              }
            },
            {
              "batter": "Mohammad Rizwan",
              "bowler": "Mohammad Wasim",
              "non_striker": "RR Hendricks",
              "runs": {
                "batter": 2,
                "extras": 0,
                "total": 2
              }
            },
            {
              "batter": "Mohammad Rizwan",
              "bowler": "Mohammad Wasim",
              "non_striker": "RR Hendricks",
              "runs": {
                "batter": 0,
                "extras": 0,
                "total": 0
              }
            },
            {
              "batter": "Mohammad Rizwan",
              "bowler": "Mohammad Wasim",
              "non_striker": "RR Hendricks",
              "runs": {
                "batter": 1,
                "extras": 0,
                "total": 1
              }
            }
          ]
        },
        {
          "over": 13,
          "deliveries": [
            {
              "batter": "Mohammad Rizwan",
              "bowler": "AJ Hosein",
              "non_striker": "RR Hendricks",
              "runs": {
                "batter": 0,
                "extras": 0,
                "total": 0
              },
              "wickets": [
                {
                  "player_out": "Mohammad Rizwan",
                  "fielders": [
                    {
                      "name": "Saud Shakeel"
                    }
                  ],
                  "kind": "caught"
                }
              ]
            },
            {
              "batter": "Tayyab Tahir",
              "bowler": "AJ Hosein",
              "non_striker": "RR Hendricks",
              "runs": {
                "batter": 0,
                "extras": 0,
                "total": 0
              }
            },
            {
              "batter": "Tayyab Tahir",
              "bowler": "AJ Hosein",
              "extras": {
                "wides": 1
              },
              "non_striker": "RR Hendricks",
              "runs": {
                "batter": 0,
                "extras": 1,
                "total": 1
              }
            },
            {
              "batter": "Tayyab Tahir",
              "bowler": "AJ Hosein",
              "non_striker": "RR Hendricks",
              "runs": {
                "batter": 2,
                "extras": 0,
                "total": 2
              }
            },
            {
              "batter": "Tayyab Tahir",
              "bowler": "AJ Hosein",
              "non_striker": "RR Hendricks",
              "runs": {
                "batter": 0,
                "extras": 0,
                "total": 0
              }
            },
            {
              "batter": "Tayyab Tahir",
              "bowler": "AJ Hosein",
              "non_striker": "RR Hendricks",
              "runs": {
                "batter": 0,
                "extras": 0,
                "total": 0
              }
            },
            {
              "batter": "Tayyab Tahir",
              "bowler": "AJ Hosein",
              "non_striker": "RR Hendricks",
              "runs": {
                "batter": 4,
                "extras": 0,
                "total": 4
              }
            }
          ]
        },
        {
          "over": 14,
          "deliveries": [
            {
              "batter": "RR Hendricks",
              "bowler": "Abrar Ahmed",
              "non_striker": "Tayyab Tahir",
              "runs": {
                "batter": 0,
                "extras": 0,
                "total": 0
              }
            },
            {
              "batter": "RR Hendricks",
              "bowler": "Abrar Ahmed",
              "non_striker": "Tayyab Tahir",
              "runs": {
                "batter": 0,
                "extras": 0,
                "total": 0
              }
            },
            {
              "batter": "RR Hendricks",
              "bowler": "Abrar Ahmed",
              "non_striker": "Tayyab Tahir",
              "runs": {
                "batter": 1,
                "extras": 0,
                "total": 1
              }
            },
            {
              "batter": "Tayyab Tahir",
              "bowler": "Abrar Ahmed",
              "non_striker": "RR Hendricks",
              "runs": {
                "batter": 0,
                "extras": 0,
                "total": 0
              }
            },
            {
              "batter": "Tayyab Tahir",
              "bowler": "Abrar Ahmed",
              "non_striker": "RR Hendricks",
              "runs": {
                "batter": 2,
                "extras": 0,
                "total": 2
              }
            },
            {
              "batter": "Tayyab Tahir",
              "bowler": "Abrar Ahmed",
              "non_striker": "RR Hendricks",
              "runs": {
                "batter": 1,
                "extras": 0,
                "total": 1
              }
            }
          ]
        },
        {
          "over": 15,
          "deliveries": [
            {
              "batter": "Tayyab Tahir",
              "bowler": "Mohammad Wasim",
              "extras": {
                "byes": 1
              },
              "non_striker": "RR Hendricks",
              "runs": {
                "batter": 0,
                "extras": 1,
                "total": 1
              }
            },
            {
              "batter": "RR Hendricks",
              "bowler": "Mohammad Wasim",
              "non_striker": "Tayyab Tahir",
              "runs": {
                "batter": 4,
                "extras": 0,
                "total": 4
              }
            },
            {
              "batter": "RR Hendricks",
              "bowler": "Mohammad Wasim",
              "non_striker": "Tayyab Tahir",
              "runs": {
                "batter": 4,
                "extras": 0,
                "total": 4
              }
            },
            {
              "batter": "RR Hendricks",
              "bowler": "Mohammad Wasim",
              "non_striker": "Tayyab Tahir",
              "runs": {
                "batter": 0,
                "extras": 0,
                "total": 0
              }
            },
            {
              "batter": "RR Hendricks",
              "bowler": "Mohammad Wasim",
              "non_striker": "Tayyab Tahir",
              "runs": {
                "batter": 1,
                "extras": 0,
                "total": 1
              }
            },
            {
              "batter": "Tayyab Tahir",
              "bowler": "Mohammad Wasim",
              "non_striker": "RR Hendricks",
              "runs": {
                "batter": 0,
                "extras": 0,
                "total": 0
              }
            }
          ]
        },
        {
          "over": 16,
          "deliveries": [
            {
              "batter": "RR Hendricks",
              "bowler": "Usman Tariq",
              "non_striker": "Tayyab Tahir",
              "runs": {
                "batter": 1,
                "extras": 0,
                "total": 1
              }
            },
            {
              "batter": "Tayyab Tahir",
              "bowler": "Usman Tariq",
              "non_striker": "RR Hendricks",
              "runs": {
                "batter": 1,
                "extras": 0,
                "total": 1
              }
            },
            {
              "batter": "RR Hendricks",
              "bowler": "Usman Tariq",
              "non_striker": "Tayyab Tahir",
              "runs": {
                "batter": 1,
                "extras": 0,
                "total": 1
              }
            },
            {
              "batter": "Tayyab Tahir",
              "bowler": "Usman Tariq",
              "non_striker": "RR Hendricks",
              "review": {
                "by": "Quetta Gladiators",
                "umpire": "Faisal Afridi",
                "batter": "Tayyab Tahir",
                "decision": "struck down",
                "type": "wicket"
              },
              "runs": {
                "batter": 0,
                "extras": 0,
                "total": 0
              }
            },
            {
              "batter": "Tayyab Tahir",
              "bowler": "Usman Tariq",
              "non_striker": "RR Hendricks",
              "runs": {
                "batter": 6,
                "extras": 0,
                "total": 6
              }
            },
            {
              "batter": "Tayyab Tahir",
              "bowler": "Usman Tariq",
              "non_striker": "RR Hendricks",
              "runs": {
                "batter": 0,
                "extras": 0,
                "total": 0
              }
            }
          ]
        },
        {
          "over": 17,
          "deliveries": [
            {
              "batter": "RR Hendricks",
              "bowler": "Mohammad Amir",
              "non_striker": "Tayyab Tahir",
              "runs": {
                "batter": 0,
                "extras": 0,
                "total": 0
              }
            },
            {
              "batter": "RR Hendricks",
              "bowler": "Mohammad Amir",
              "non_striker": "Tayyab Tahir",
              "runs": {
                "batter": 6,
                "extras": 0,
                "total": 6
              }
            },
            {
              "batter": "RR Hendricks",
              "bowler": "Mohammad Amir",
              "extras": {
                "wides": 1
              },
              "non_striker": "Tayyab Tahir",
              "runs": {
                "batter": 0,
                "extras": 1,
                "total": 1
              }
            },
            {
              "batter": "RR Hendricks",
              "bowler": "Mohammad Amir",
              "non_striker": "Tayyab Tahir",
              "runs": {
                "batter": 1,
                "extras": 0,
                "total": 1
              }
            },
            {
              "batter": "Tayyab Tahir",
              "bowler": "Mohammad Amir",
              "non_striker": "RR Hendricks",
              "runs": {
                "batter": 1,
                "extras": 0,
                "total": 1
              }
            },
            {
              "batter": "RR Hendricks",
              "bowler": "Mohammad Amir",
              "non_striker": "Tayyab Tahir",
              "runs": {
                "batter": 4,
                "extras": 0,
                "total": 4
              }
            },
            {
              "batter": "RR Hendricks",
              "bowler": "Mohammad Amir",
              "non_striker": "Tayyab Tahir",
              "runs": {
                "batter": 4,
                "extras": 0,
                "total": 4
              }
            }
          ]
        },
        {
          "over": 18,
          "deliveries": [
            {
              "batter": "Tayyab Tahir",
              "bowler": "Mohammad Wasim",
              "non_striker": "RR Hendricks",
              "runs": {
                "batter": 2,
                "extras": 0,
                "total": 2
              }
            },
            {
              "batter": "Tayyab Tahir",
              "bowler": "Mohammad Wasim",
              "non_striker": "RR Hendricks",
              "runs": {
                "batter": 4,
                "extras": 0,
                "total": 4
              }
            },
            {
              "batter": "Tayyab Tahir",
              "bowler": "Mohammad Wasim",
              "non_striker": "RR Hendricks",
              "runs": {
                "batter": 4,
                "extras": 0,
                "total": 4
              }
            },
            {
              "batter": "Tayyab Tahir",
              "bowler": "Mohammad Wasim",
              "non_striker": "RR Hendricks",
              "runs": {
                "batter": 2,
                "extras": 0,
                "total": 2
              }
            },
            {
              "batter": "Tayyab Tahir",
              "bowler": "Mohammad Wasim",
              "non_striker": "RR Hendricks",
              "runs": {
                "batter": 1,
                "extras": 0,
                "total": 1
              }
            },
            {
              "batter": "RR Hendricks",
              "bowler": "Mohammad Wasim",
              "non_striker": "Tayyab Tahir",
              "runs": {
                "batter": 4,
                "extras": 0,
                "total": 4
              }
            }
          ]
        },
        {
          "over": 19,
          "deliveries": [
            {
              "batter": "Tayyab Tahir",
              "bowler": "Mohammad Amir",
              "extras": {
                "wides": 1
              },
              "non_striker": "RR Hendricks",
              "runs": {
                "batter": 0,
                "extras": 1,
                "total": 1
              }
            },
            {
              "batter": "Tayyab Tahir",
              "bowler": "Mohammad Amir",
              "non_striker": "RR Hendricks",
              "runs": {
                "batter": 4,
                "extras": 0,
                "total": 4
              }
            },
            {
              "batter": "Tayyab Tahir",
              "bowler": "Mohammad Amir",
              "non_striker": "RR Hendricks",
              "runs": {
                "batter": 1,
                "extras": 0,
                "total": 1
              }
            },
            {
              "batter": "RR Hendricks",
              "bowler": "Mohammad Amir",
              "extras": {
                "wides": 1
              },
              "non_striker": "Tayyab Tahir",
              "runs": {
                "batter": 0,
                "extras": 1,
                "total": 1
              }
            },
            {
              "batter": "RR Hendricks",
              "bowler": "Mohammad Amir",
              "non_striker": "Tayyab Tahir",
              "runs": {
                "batter": 6,
                "extras": 0,
                "total": 6
              }
            },
            {
              "batter": "RR Hendricks",
              "bowler": "Mohammad Amir",
              "non_striker": "Tayyab Tahir",
              "runs": {
                "batter": 0,
                "extras": 0,
                "total": 0
              },
              "wickets": [
                {
                  "player_out": "RR Hendricks",
                  "fielders": [
                    {
                      "name": "Mohammad Wasim"
                    }
                  ],
                  "kind": "caught"
                }
              ]
            },
            {
              "batter": "Iftikhar Ahmed",
              "bowler": "Mohammad Amir",
              "non_striker": "Tayyab Tahir",
              "replacements": {
                "match": [
                  {
                    "in": "Sajjad Ali",
                    "out": "Sarfraz Ahmed",
                    "team": "Quetta Gladiators",
                    "reason": "concussion_substitute"
                  }
                ]
              },
              "runs": {
                "batter": 0,
                "extras": 0,
                "total": 0
              },
              "wickets": [
                {
                  "player_out": "Iftikhar Ahmed",
                  "fielders": [
                    {
                      "name": "Sajjad Ali",
                      "substitute": true
                    }
                  ],
                  "kind": "caught"
                }
              ]
            },
            {
              "batter": "Khushdil Shah",
              "bowler": "Mohammad Amir",
              "extras": {
                "wides": 1
              },
              "non_striker": "Tayyab Tahir",
              "runs": {
                "batter": 0,
                "extras": 1,
                "total": 1
              }
            },
            {
              "batter": "Khushdil Shah",
              "bowler": "Mohammad Amir",
              "non_striker": "Tayyab Tahir",
              "runs": {
                "batter": 1,
                "extras": 0,
                "total": 1
              }
            }
          ]
        }
      ],
      "powerplays": [
        {
          "from": 0.1,
          "to": 5.6,
          "type": "mandatory"
        }
      ]
    },
    {
      "team": "Quetta Gladiators",
      "overs": [
        {
          "over": 0,
          "deliveries": [
            {
              "batter": "JJ Roy",
              "bowler": "Mohammad Ali",
              "non_striker": "Saud Shakeel",
              "runs": {
                "batter": 0,
                "extras": 0,
                "total": 0
              }
            },
            {
              "batter": "JJ Roy",
              "bowler": "Mohammad Ali",
              "non_striker": "Saud Shakeel",
              "runs": {
                "batter": 0,
                "extras": 0,
                "total": 0
              }
            },
            {
              "batter": "JJ Roy",
              "bowler": "Mohammad Ali",
              "non_striker": "Saud Shakeel",
              "runs": {
                "batter": 0,
                "extras": 0,
                "total": 0
              }
            },
            {
              "batter": "JJ Roy",
              "bowler": "Mohammad Ali",
              "non_striker": "Saud Shakeel",
              "runs": {
                "batter": 0,
                "extras": 0,
                "total": 0
              }
            },
            {
              "batter": "JJ Roy",
              "bowler": "Mohammad Ali",
              "extras": {
                "legbyes": 1
              },
              "non_striker": "Saud Shakeel",
              "review": {
                "by": "Multan Sultans",
                "umpire": "CB Gaffaney",
                "batter": "JJ Roy",
                "decision": "struck down",
                "type": "wicket"
              },
              "runs": {
                "batter": 0,
                "extras": 1,
                "total": 1
              }
            },
            {
              "batter": "Saud Shakeel",
              "bowler": "Mohammad Ali",
              "non_striker": "JJ Roy",
              "runs": {
                "batter": 0,
                "extras": 0,
                "total": 0
              }
            }
          ]
        },
        {
          "over": 1,
          "deliveries": [
            {
              "batter": "JJ Roy",
              "bowler": "DJ Willey",
              "non_striker": "Saud Shakeel",
              "runs": {
                "batter": 0,
                "extras": 0,
                "total": 0
              }
            },
            {
              "batter": "JJ Roy",
              "bowler": "DJ Willey",
              "non_striker": "Saud Shakeel",
              "runs": {
                "batter": 0,
                "extras": 0,
                "total": 0
              }
            },
            {
              "batter": "JJ Roy",
              "bowler": "DJ Willey",
              "extras": {
                "wides": 1
              },
              "non_striker": "Saud Shakeel",
              "runs": {
                "batter": 0,
                "extras": 1,
                "total": 1
              }
            },
            {
              "batter": "JJ Roy",
              "bowler": "DJ Willey",
              "non_striker": "Saud Shakeel",
              "runs": {
                "batter": 0,
                "extras": 0,
                "total": 0
              }
            },
            {
              "batter": "JJ Roy",
              "bowler": "DJ Willey",
              "non_striker": "Saud Shakeel",
              "runs": {
                "batter": 4,
                "extras": 0,
                "total": 4
              }
            },
            {
              "batter": "JJ Roy",
              "bowler": "DJ Willey",
              "non_striker": "Saud Shakeel",
              "runs": {
                "batter": 0,
                "extras": 0,
                "total": 0
              }
            },
            {
              "batter": "JJ Roy",
              "bowler": "DJ Willey",
              "extras": {
                "wides": 1
              },
              "non_striker": "Saud Shakeel",
              "runs": {
                "batter": 0,
                "extras": 1,
                "total": 1
              }
            },
            {
              "batter": "JJ Roy",
              "bowler": "DJ Willey",
              "non_striker": "Saud Shakeel",
              "runs": {
                "batter": 1,
                "extras": 0,
                "total": 1
              }
            }
          ]
        },
        {
          "over": 2,
          "deliveries": [
            {
              "batter": "JJ Roy",
              "bowler": "Mohammad Ali",
              "non_striker": "Saud Shakeel",
              "runs": {
                "batter": 1,
                "extras": 0,
                "total": 1
              }
            },
            {
              "batter": "Saud Shakeel",
              "bowler": "Mohammad Ali",
              "non_striker": "JJ Roy",
              "runs": {
                "batter": 1,
                "extras": 0,
                "total": 1
              }
            },
            {
              "batter": "JJ Roy",
              "bowler": "Mohammad Ali",
              "non_striker": "Saud Shakeel",
              "runs": {
                "batter": 0,
                "extras": 0,
                "total": 0
              }
            },
            {
              "batter": "JJ Roy",
              "bowler": "Mohammad Ali",
              "non_striker": "Saud Shakeel",
              "runs": {
                "batter": 6,
                "extras": 0,
                "total": 6
              }
            },
            {
              "batter": "JJ Roy",
              "bowler": "Mohammad Ali",
              "non_striker": "Saud Shakeel",
              "runs": {
                "batter": 0,
                "extras": 0,
                "total": 0
              },
              "wickets": [
                {
                  "player_out": "JJ Roy",
                  "kind": "bowled"
                }
              ]
            },
            {
              "batter": "Khawaja Nafay",
              "bowler": "Mohammad Ali",
              "non_striker": "Saud Shakeel",
              "runs": {
                "batter": 1,
                "extras": 0,
                "total": 1
              }
            }
          ]
        },
        {
          "over": 3,
          "deliveries": [
            {
              "batter": "Khawaja Nafay",
              "bowler": "DJ Willey",
              "non_striker": "Saud Shakeel",
              "runs": {
                "batter": 0,
                "extras": 0,
                "total": 0
              }
            },
            {
              "batter": "Khawaja Nafay",
              "bowler": "DJ Willey",
              "non_striker": "Saud Shakeel",
              "runs": {
                "batter": 1,
                "extras": 0,
                "total": 1
              }
            },
            {
              "batter": "Saud Shakeel",
              "bowler": "DJ Willey",
              "non_striker": "Khawaja Nafay",
              "runs": {
                "batter": 4,
                "extras": 0,
                "total": 4
              }
            },
            {
              "batter": "Saud Shakeel",
              "bowler": "DJ Willey",
              "non_striker": "Khawaja Nafay",
              "runs": {
                "batter": 0,
                "extras": 0,
                "total": 0
              }
            },
            {
              "batter": "Saud Shakeel",
              "bowler": "DJ Willey",
              "non_striker": "Khawaja Nafay",
              "runs": {
                "batter": 0,
                "extras": 0,
                "total": 0
              }
            },
            {
              "batter": "Saud Shakeel",
              "bowler": "DJ Willey",
              "non_striker": "Khawaja Nafay",
              "runs": {
                "batter": 4,
                "extras": 0,
                "total": 4
              }
            }
          ]
        },
        {
          "over": 4,
          "deliveries": [
            {
              "batter": "Khawaja Nafay",
              "bowler": "Abbas Afridi",
              "extras": {
                "legbyes": 1
              },
              "non_striker": "Saud Shakeel",
              "runs": {
                "batter": 0,
                "extras": 1,
                "total": 1
              }
            },
            {
              "batter": "Saud Shakeel",
              "bowler": "Abbas Afridi",
              "non_striker": "Khawaja Nafay",
              "runs": {
                "batter": 0,
                "extras": 0,
                "total": 0
              }
            },
            {
              "batter": "Saud Shakeel",
              "bowler": "Abbas Afridi",
              "non_striker": "Khawaja Nafay",
              "runs": {
                "batter": 4,
                "extras": 0,
                "total": 4
              }
            },
            {
              "batter": "Saud Shakeel",
              "bowler": "Abbas Afridi",
              "non_striker": "Khawaja Nafay",
              "runs": {
                "batter": 1,
                "extras": 0,
                "total": 1
              }
            },
            {
              "batter": "Khawaja Nafay",
              "bowler": "Abbas Afridi",
              "non_striker": "Saud Shakeel",
              "runs": {
                "batter": 0,
                "extras": 0,
                "total": 0
              }
            },
            {
              "batter": "Khawaja Nafay",
              "bowler": "Abbas Afridi",
              "non_striker": "Saud Shakeel",
              "runs": {
                "batter": 0,
                "extras": 0,
                "total": 0
              }
            }
          ]
        },
        {
          "over": 5,
          "deliveries": [
            {
              "batter": "Saud Shakeel",
              "bowler": "DJ Willey",
              "non_striker": "Khawaja Nafay",
              "runs": {
                "batter": 0,
                "extras": 0,
                "total": 0
              }
            },
            {
              "batter": "Saud Shakeel",
              "bowler": "DJ Willey",
              "non_striker": "Khawaja Nafay",
              "runs": {
                "batter": 6,
                "extras": 0,
                "total": 6
              }
            },
            {
              "batter": "Saud Shakeel",
              "bowler": "DJ Willey",
              "non_striker": "Khawaja Nafay",
              "runs": {
                "batter": 4,
                "extras": 0,
                "total": 4
              }
            },
            {
              "batter": "Saud Shakeel",
              "bowler": "DJ Willey",
              "non_striker": "Khawaja Nafay",
              "runs": {
                "batter": 0,
                "extras": 0,
                "total": 0
              },
              "wickets": [
                {
                  "player_out": "Saud Shakeel",
                  "fielders": [
                    {
                      "name": "Usama Mir"
                    }
                  ],
                  "kind": "caught"
                }
              ]
            },
            {
              "batter": "RR Rossouw",
              "bowler": "DJ Willey",
              "non_striker": "Khawaja Nafay",
              "runs": {
                "batter": 0,
                "extras": 0,
                "total": 0
              }
            },
            {
              "batter": "RR Rossouw",
              "bowler": "DJ Willey",
              "non_striker": "Khawaja Nafay",
              "runs": {
                "batter": 6,
                "extras": 0,
                "total": 6
              }
            }
          ]
        },
        {
          "over": 6,
          "deliveries": [
            {
              "batter": "Khawaja Nafay",
              "bowler": "Usama Mir",
              "non_striker": "RR Rossouw",
              "runs": {
                "batter": 1,
                "extras": 0,
                "total": 1
              }
            },
            {
              "batter": "RR Rossouw",
              "bowler": "Usama Mir",
              "non_striker": "Khawaja Nafay",
              "runs": {
                "batter": 0,
                "extras": 0,
                "total": 0
              }
            },
            {
              "batter": "RR Rossouw",
              "bowler": "Usama Mir",
              "non_striker": "Khawaja Nafay",
              "runs": {
                "batter": 2,
                "extras": 0,
                "total": 2
              }
            },
            {
              "batter": "RR Rossouw",
              "bowler": "Usama Mir",
              "non_striker": "Khawaja Nafay",
              "runs": {
                "batter": 1,
                "extras": 0,
                "total": 1
              }
            },
            {
              "batter": "Khawaja Nafay",
              "bowler": "Usama Mir",
              "non_striker": "RR Rossouw",
              "runs": {
                "batter": 2,
                "extras": 0,
                "total": 2
              }
            },
            {
              "batter": "Khawaja Nafay",
              "bowler": "Usama Mir",
              "non_striker": "RR Rossouw",
              "runs": {
                "batter": 6,
                "extras": 0,
                "total": 6
              }
            }
          ]
        },
        {
          "over": 7,
          "deliveries": [
            {
              "batter": "RR Rossouw",
              "bowler": "Aftab Ibrahim",
              "non_striker": "Khawaja Nafay",
              "runs": {
                "batter": 1,
                "extras": 0,
                "total": 1
              }
            },
            {
              "batter": "Khawaja Nafay",
              "bowler": "Aftab Ibrahim",
              "non_striker": "RR Rossouw",
              "runs": {
                "batter": 2,
                "extras": 0,
                "total": 2
              }
            },
            {
              "batter": "Khawaja Nafay",
              "bowler": "Aftab Ibrahim",
              "non_striker": "RR Rossouw",
              "runs": {
                "batter": 4,
                "extras": 0,
                "total": 4
              }
            },
            {
              "batter": "Khawaja Nafay",
              "bowler": "Aftab Ibrahim",
              "non_striker": "RR Rossouw",
              "runs": {
                "batter": 1,
                "extras": 0,
                "total": 1
              }
            },
            {
              "batter": "RR Rossouw",
              "bowler": "Aftab Ibrahim",
              "non_striker": "Khawaja Nafay",
              "runs": {
                "batter": 1,
                "extras": 0,
                "total": 1
              }
            },
            {
              "batter": "Khawaja Nafay",
              "bowler": "Aftab Ibrahim",
              "non_striker": "RR Rossouw",
              "runs": {
                "batter": 0,
                "extras": 0,
                "total": 0
              }
            }
          ]
        },
        {
          "over": 8,
          "deliveries": [
            {
              "batter": "RR Rossouw",
              "bowler": "Usama Mir",
              "non_striker": "Khawaja Nafay",
              "runs": {
                "batter": 0,
                "extras": 0,
                "total": 0
              }
            },
            {
              "batter": "RR Rossouw",
              "bowler": "Usama Mir",
              "non_striker": "Khawaja Nafay",
              "runs": {
                "batter": 1,
                "extras": 0,
                "total": 1
              }
            },
            {
              "batter": "Khawaja Nafay",
              "bowler": "Usama Mir",
              "non_striker": "RR Rossouw",
              "runs": {
                "batter": 1,
                "extras": 0,
                "total": 1
              }
            },
            {
              "batter": "RR Rossouw",
              "bowler": "Usama Mir",
              "non_striker": "Khawaja Nafay",
              "runs": {
                "batter": 1,
                "extras": 0,
                "total": 1
              }
            },
            {
              "batter": "Khawaja Nafay",
              "bowler": "Usama Mir",
              "non_striker": "RR Rossouw",
              "runs": {
                "batter": 0,
                "extras": 0,
                "total": 0
              }
            },
            {
              "batter": "Khawaja Nafay",
              "bowler": "Usama Mir",
              "non_striker": "RR Rossouw",
              "runs": {
                "batter": 1,
                "extras": 0,
                "total": 1
              }
            }
          ]
        },
        {
          "over": 9,
          "deliveries": [
            {
              "batter": "Khawaja Nafay",
              "bowler": "Abbas Afridi",
              "non_striker": "RR Rossouw",
              "runs": {
                "batter": 0,
                "extras": 0,
                "total": 0
              }
            },
            {
              "batter": "Khawaja Nafay",
              "bowler": "Abbas Afridi",
              "non_striker": "RR Rossouw",
              "runs": {
                "batter": 0,
                "extras": 0,
                "total": 0
              }
            },
            {
              "batter": "Khawaja Nafay",
              "bowler": "Abbas Afridi",
              "non_striker": "RR Rossouw",
              "runs": {
                "batter": 6,
                "extras": 0,
                "total": 6
              }
            },
            {
              "batter": "Khawaja Nafay",
              "bowler": "Abbas Afridi",
              "non_striker": "RR Rossouw",
              "runs": {
                "batter": 0,
                "extras": 0,
                "total": 0
              }
            },
            {
              "batter": "Khawaja Nafay",
              "bowler": "Abbas Afridi",
              "non_striker": "RR Rossouw",
              "runs": {
                "batter": 1,
                "extras": 0,
                "total": 1
              }
            },
            {
              "batter": "RR Rossouw",
              "bowler": "Abbas Afridi",
              "non_striker": "Khawaja Nafay",
              "runs": {
                "batter": 2,
                "extras": 0,
                "total": 2
              }
            }
          ]
        },
        {
          "over": 10,
          "deliveries": [
            {
              "batter": "Khawaja Nafay",
              "bowler": "Usama Mir",
              "non_striker": "RR Rossouw",
              "runs": {
                "batter": 1,
                "extras": 0,
                "total": 1
              }
            },
            {
              "batter": "RR Rossouw",
              "bowler": "Usama Mir",
              "non_striker": "Khawaja Nafay",
              "runs": {
                "batter": 4,
                "extras": 0,
                "total": 4
              }
            },
            {
              "batter": "RR Rossouw",
              "bowler": "Usama Mir",
              "non_striker": "Khawaja Nafay",
              "runs": {
                "batter": 6,
                "extras": 0,
                "total": 6
              }
            },
            {
              "batter": "RR Rossouw",
              "bowler": "Usama Mir",
              "non_striker": "Khawaja Nafay",
              "runs": {
                "batter": 1,
                "extras": 0,
                "total": 1
              }
            },
            {
              "batter": "Khawaja Nafay",
              "bowler": "Usama Mir",
              "non_striker": "RR Rossouw",
              "runs": {
                "batter": 1,
                "extras": 0,
                "total": 1
              }
            },
            {
              "batter": "RR Rossouw",
              "bowler": "Usama Mir",
              "non_striker": "Khawaja Nafay",
              "runs": {
                "batter": 1,
                "extras": 0,
                "total": 1
              }
            }
          ]
        },
        {
          "over": 11,
          "deliveries": [
            {
              "batter": "RR Rossouw",
              "bowler": "Aftab Ibrahim",
              "non_striker": "Khawaja Nafay",
              "runs": {
                "batter": 2,
                "extras": 0,
                "total": 2
              }
            },
            {
              "batter": "RR Rossouw",
              "bowler": "Aftab Ibrahim",
              "non_striker": "Khawaja Nafay",
              "runs": {
                "batter": 1,
                "extras": 0,
                "total": 1
              }
            },
            {
              "batter": "Khawaja Nafay",
              "bowler": "Aftab Ibrahim",
              "non_striker": "RR Rossouw",
              "runs": {
                "batter": 0,
                "extras": 0,
                "total": 0
              }
            },
            {
              "batter": "Khawaja Nafay",
              "bowler": "Aftab Ibrahim",
              "non_striker": "RR Rossouw",
              "runs": {
                "batter": 4,
                "extras": 0,
                "total": 4
              }
            },
            {
              "batter": "Khawaja Nafay",
              "bowler": "Aftab Ibrahim",
              "non_striker": "RR Rossouw",
              "runs": {
                "batter": 1,
                "extras": 0,
                "total": 1
              }
            },
            {
              "batter": "RR Rossouw",
              "bowler": "Aftab Ibrahim",
              "non_striker": "Khawaja Nafay",
              "runs": {
                "batter": 0,
                "extras": 0,
                "total": 0
              },
              "wickets": [
                {
                  "player_out": "RR Rossouw",
                  "fielders": [
                    {
                      "name": "Khushdil Shah"
                    }
                  ],
                  "kind": "caught"
                }
              ]
            }
          ]
        },
        {
          "over": 12,
          "deliveries": [
            {
              "batter": "Khawaja Nafay",
              "bowler": "Usama Mir",
              "non_striker": "Sajjad Ali",
              "runs": {
                "batter": 0,
                "extras": 0,
                "total": 0
              }
            },
            {
              "batter": "Khawaja Nafay",
              "bowler": "Usama Mir",
              "non_striker": "Sajjad Ali",
              "runs": {
                "batter": 1,
                "extras": 0,
                "total": 1
              }
            },
            {
              "batter": "Sajjad Ali",
              "bowler": "Usama Mir",
              "non_striker": "Khawaja Nafay",
              "runs": {
                "batter": 2,
                "extras": 0,
                "total": 2
              }
            },
            {
              "batter": "Sajjad Ali",
              "bowler": "Usama Mir",
              "non_striker": "Khawaja Nafay",
              "runs": {
                "batter": 0,
                "extras": 0,
                "total": 0
              },
              "wickets": [
                {
                  "player_out": "Sajjad Ali",
                  "fielders": [
                    {
                      "name": "Mohammad Rizwan"
                    }
                  ],
                  "kind": "caught"
                }
              ]
            },
            {
              "batter": "SE Rutherford",
              "bowler": "Usama Mir",
              "non_striker": "Khawaja Nafay",
              "runs": {
                "batter": 0,
                "extras": 0,
                "total": 0
              }
            },
            {
              "batter": "SE Rutherford",
              "bowler": "Usama Mir",
              "non_striker": "Khawaja Nafay",
              "runs": {
                "batter": 1,
                "extras": 0,
                "total": 1
              }
            }
          ]
        },
        {
          "over": 13,
          "deliveries": [
            {
              "batter": "SE Rutherford",
              "bowler": "Iftikhar Ahmed",
              "non_striker": "Khawaja Nafay",
              "runs": {
                "batter": 0,
                "extras": 0,
                "total": 0
              }
            },
            {
              "batter": "SE Rutherford",
              "bowler": "Iftikhar Ahmed",
              "non_striker": "Khawaja Nafay",
              "runs": {
                "batter": 6,
                "extras": 0,
                "total": 6
              }
            },
            {
              "batter": "SE Rutherford",
              "bowler": "Iftikhar Ahmed",
              "non_striker": "Khawaja Nafay",
              "runs": {
                "batter": 6,
                "extras": 0,
                "total": 6
              }
            },
            {
              "batter": "SE Rutherford",
              "bowler": "Iftikhar Ahmed",
              "non_striker": "Khawaja Nafay",
              "runs": {
                "batter": 1,
                "extras": 0,
                "total": 1
              }
            },
            {
              "batter": "Khawaja Nafay",
              "bowler": "Iftikhar Ahmed",
              "non_striker": "SE Rutherford",
              "runs": {
                "batter": 1,
                "extras": 0,
                "total": 1
              }
            },
            {
              "batter": "SE Rutherford",
              "bowler": "Iftikhar Ahmed",
              "non_striker": "Khawaja Nafay",
              "runs": {
                "batter": 1,
                "extras": 0,
                "total": 1
              }
            }
          ]
        },
        {
          "over": 14,
          "deliveries": [
            {
              "batter": "SE Rutherford",
              "bowler": "Mohammad Ali",
              "non_striker": "Khawaja Nafay",
              "runs": {
                "batter": 1,
                "extras": 0,
                "total": 1
              }
            },
            {
              "batter": "Khawaja Nafay",
              "bowler": "Mohammad Ali",
              "non_striker": "SE Rutherford",
              "runs": {
                "batter": 0,
                "extras": 0,
                "total": 0
              }
            },
            {
              "batter": "Khawaja Nafay",
              "bowler": "Mohammad Ali",
              "non_striker": "SE Rutherford",
              "runs": {
                "batter": 0,
                "extras": 0,
                "total": 0
              },
              "wickets": [
                {
                  "player_out": "Khawaja Nafay",
                  "fielders": [
                    {
                      "name": "Usman Khan"
                    }
                  ],
                  "kind": "caught"
                }
              ]
            },
            {
              "batter": "AJ Hosein",
              "bowler": "Mohammad Ali",
              "extras": {
                "legbyes": 1
              },
              "non_striker": "SE Rutherford",
              "runs": {
                "batter": 0,
                "extras": 1,
                "total": 1
              }
            },
            {
              "batter": "SE Rutherford",
              "bowler": "Mohammad Ali",
              "non_striker": "AJ Hosein",
              "runs": {
                "batter": 1,
                "extras": 0,
                "total": 1
              }
            },
            {
              "batter": "AJ Hosein",
              "bowler": "Mohammad Ali",
              "non_striker": "SE Rutherford",
              "runs": {
                "batter": 0,
                "extras": 0,
                "total": 0
              }
            }
          ]
        },
        {
          "over": 15,
          "deliveries": [
            {
              "batter": "SE Rutherford",
              "bowler": "Abbas Afridi",
              "non_striker": "AJ Hosein",
              "runs": {
                "batter": 1,
                "extras": 0,
                "total": 1
              }
            },
            {
              "batter": "AJ Hosein",
              "bowler": "Abbas Afridi",
              "non_striker": "SE Rutherford",
              "runs": {
                "batter": 0,
                "extras": 0,
                "total": 0
              }
            },
            {
              "batter": "AJ Hosein",
              "bowler": "Abbas Afridi",
              "non_striker": "SE Rutherford",
              "runs": {
                "batter": 1,
                "extras": 0,
                "total": 1
              }
            },
            {
              "batter": "SE Rutherford",
              "bowler": "Abbas Afridi",
              "non_striker": "AJ Hosein",
              "runs": {
                "batter": 0,
                "extras": 0,
                "total": 0
              }
            },
            {
              "batter": "SE Rutherford",
              "bowler": "Abbas Afridi",
              "non_striker": "AJ Hosein",
              "runs": {
                "batter": 1,
                "extras": 0,
                "total": 1
              }
            },
            {
              "batter": "AJ Hosein",
              "bowler": "Abbas Afridi",
              "extras": {
                "noballs": 1
              },
              "non_striker": "SE Rutherford",
              "runs": {
                "batter": 0,
                "extras": 1,
                "total": 1
              }
            },
            {
              "batter": "AJ Hosein",
              "bowler": "Abbas Afridi",
              "non_striker": "SE Rutherford",
              "runs": {
                "batter": 1,
                "extras": 0,
                "total": 1
              }
            }
          ]
        },
        {
          "over": 16,
          "deliveries": [
            {
              "batter": "AJ Hosein",
              "bowler": "DJ Willey",
              "non_striker": "SE Rutherford",
              "runs": {
                "batter": 1,
                "extras": 0,
                "total": 1
              }
            },
            {
              "batter": "SE Rutherford",
              "bowler": "DJ Willey",
              "non_striker": "AJ Hosein",
              "runs": {
                "batter": 2,
                "extras": 0,
                "total": 2
              }
            },
            {
              "batter": "SE Rutherford",
              "bowler": "DJ Willey",
              "non_striker": "AJ Hosein",
              "runs": {
                "batter": 0,
                "extras": 0,
                "total": 0
              },
              "wickets": [
                {
                  "player_out": "SE Rutherford",
                  "kind": "caught and bowled"
                }
              ]
            },
            {
              "batter": "Mohammad Wasim",
              "bowler": "DJ Willey",
              "non_striker": "AJ Hosein",
              "runs": {
                "batter": 1,
                "extras": 0,
                "total": 1
              }
            },
            {
              "batter": "AJ Hosein",
              "bowler": "DJ Willey",
              "non_striker": "Mohammad Wasim",
              "runs": {
                "batter": 1,
                "extras": 0,
                "total": 1
              }
            },
            {
              "batter": "Mohammad Wasim",
              "bowler": "DJ Willey",
              "non_striker": "AJ Hosein",
              "runs": {
                "batter": 0,
                "extras": 0,
                "total": 0
              },
              "wickets": [
                {
                  "player_out": "Mohammad Wasim",
                  "fielders": [
                    {
                      "name": "Aftab Ibrahim"
                    }
                  ],
                  "kind": "caught"
                }
              ]
            }
          ]
        },
        {
          "over": 17,
          "deliveries": [
            {
              "batter": "AJ Hosein",
              "bowler": "Abbas Afridi",
              "non_striker": "Mohammad Amir",
              "runs": {
                "batter": 1,
                "extras": 0,
                "total": 1
              }
            },
            {
              "batter": "Mohammad Amir",
              "bowler": "Abbas Afridi",
              "non_striker": "AJ Hosein",
              "runs": {
                "batter": 4,
                "extras": 0,
                "total": 4
              }
            },
            {
              "batter": "Mohammad Amir",
              "bowler": "Abbas Afridi",
              "extras": {
                "wides": 1
              },
              "non_striker": "AJ Hosein",
              "runs": {
                "batter": 0,
                "extras": 1,
                "total": 1
              }
            },
            {
              "batter": "Mohammad Amir",
              "bowler": "Abbas Afridi",
              "non_striker": "AJ Hosein",
              "runs": {
                "batter": 4,
                "extras": 0,
                "total": 4
              }
            },
            {
              "batter": "Mohammad Amir",
              "bowler": "Abbas Afridi",
              "non_striker": "AJ Hosein",
              "runs": {
                "batter": 2,
                "extras": 0,
                "total": 2
              }
            },
            {
              "batter": "Mohammad Amir",
              "bowler": "Abbas Afridi",
              "extras": {
                "noballs": 1
              },
              "non_striker": "AJ Hosein",
              "runs": {
                "batter": 0,
                "extras": 1,
                "total": 1
              }
            },
            {
              "batter": "Mohammad Amir",
              "bowler": "Abbas Afridi",
              "non_striker": "AJ Hosein",
              "runs": {
                "batter": 0,
                "extras": 0,
                "total": 0
              }
            },
            {
              "batter": "Mohammad Amir",
              "bowler": "Abbas Afridi",
              "non_striker": "AJ Hosein",
              "runs": {
                "batter": 1,
                "extras": 0,
                "total": 1
              }
            }
          ]
        },
        {
          "over": 18,
          "deliveries": [
            {
              "batter": "Mohammad Amir",
              "bowler": "Mohammad Ali",
              "non_striker": "AJ Hosein",
              "runs": {
                "batter": 1,
                "extras": 0,
                "total": 1
              }
            },
            {
              "batter": "AJ Hosein",
              "bowler": "Mohammad Ali",
              "non_striker": "Mohammad Amir",
              "runs": {
                "batter": 1,
                "extras": 0,
                "total": 1
              }
            },
            {
              "batter": "Mohammad Amir",
              "bowler": "Mohammad Ali",
              "non_striker": "AJ Hosein",
              "runs": {
                "batter": 0,
                "extras": 0,
                "total": 0
              },
              "wickets": [
                {
                  "player_out": "Mohammad Amir",
                  "kind": "bowled"
                }
              ]
            },
            {
              "batter": "Abrar Ahmed",
              "bowler": "Mohammad Ali",
              "non_striker": "AJ Hosein",
              "runs": {
                "batter": 1,
                "extras": 0,
                "total": 1
              }
            },
            {
              "batter": "AJ Hosein",
              "bowler": "Mohammad Ali",
              "non_striker": "Abrar Ahmed",
              "runs": {
                "batter": 1,
                "extras": 0,
                "total": 1
              }
            },
            {
              "batter": "Abrar Ahmed",
              "bowler": "Mohammad Ali",
              "non_striker": "AJ Hosein",
              "runs": {
                "batter": 4,
                "extras": 0,
                "total": 4
              }
            }
          ]
        },
        {
          "over": 19,
          "deliveries": [
            {
              "batter": "AJ Hosein",
              "bowler": "Aftab Ibrahim",
              "non_striker": "Abrar Ahmed",
              "runs": {
                "batter": 1,
                "extras": 0,
                "total": 1
              }
            },
            {
              "batter": "Abrar Ahmed",
              "bowler": "Aftab Ibrahim",
              "non_striker": "AJ Hosein",
              "runs": {
                "batter": 1,
                "extras": 0,
                "total": 1
              }
            },
            {
              "batter": "AJ Hosein",
              "bowler": "Aftab Ibrahim",
              "non_striker": "Abrar Ahmed",
              "runs": {
                "batter": 1,
                "extras": 0,
                "total": 1
              }
            },
            {
              "batter": "Abrar Ahmed",
              "bowler": "Aftab Ibrahim",
              "non_striker": "AJ Hosein",
              "runs": {
                "batter": 6,
                "extras": 0,
                "total": 6
              }
            },
            {
              "batter": "Abrar Ahmed",
              "bowler": "Aftab Ibrahim",
              "non_striker": "AJ Hosein",
              "runs": {
                "batter": 0,
                "extras": 0,
                "total": 0
              }
            },
            {
              "batter": "Abrar Ahmed",
              "bowler": "Aftab Ibrahim",
              "non_striker": "AJ Hosein",
              "runs": {
                "batter": 0,
                "extras": 0,
                "total": 0
              },
              "wickets": [
                {
                  "player_out": "Abrar Ahmed",
                  "kind": "bowled"
                }
              ]
            }
          ]
        }
      ],
      "powerplays": [
        {
          "from": 0.1,
          "to": 5.6,
          "type": "mandatory"
        }
      ],
      "target": {
        "overs": 20,
        "runs": 181
      }
    }
  ]
}