{
  "meta": {
    "data_version": "1.1.0",
    "created": "2025-05-04",
    "revision": 1
  },
  "info": {
    "balls_per_over": 6,
    "city": "Lahore",
    "dates": [
      "2025-05-02"
    ],
    "event": {
      "name": "Pakistan Super League",
      "match_number": 22
    },
    "gender": "male",
    "match_type": "T20",
    "officials": {
      "match_referees": [
        "RS Mahanama"
      ],
      "reserve_umpires": [
        "Nasir Hussain"
      ],
      "tv_umpires": [
        "Asif Yaqoob"
      ],
      "umpires": [
        "AG Wharf",
        "Faisal Afridi"
      ]
    },
    "outcome": {
      "winner": "Peshawar Zalmi",
      "by": {
        "wickets": 6
      }
    },
    "overs": 20,
    "player_of_match": [
      "Maaz Sadaqat"
    ],
    "players": {
      "Islamabad United": [
        "Sahibzada Farhan",
        "KR Mayers",
        "C Munro",
        "Agha Salman",
        "Shadab Khan",
        "Azam Khan",
        "Saad Masood",
        "Imad Wasim",
        "BJ Dwarshuis",
        "Naseem Shah",
        "RP Meredith"
      ],
      "Peshawar Zalmi": [
        "MJ Owen",
        "Saim Ayub",
        "Babar Azam",
        "Mohammad Haris",
        "Maaz Sadaqat",
        "M Bryant",
        "L Wood",
        "AS Joseph",
        "Mohammad Ali",
        "Ahmed Daniyal",
        "Hussain Talat"
      ]
    },
    "registry": {
      "people": {
        "AG Wharf": "2e0fcc58",
        "AS Joseph": "b0946605",
        "Agha Salman": "89c16049",
        "Ahmed Daniyal": "9656afbf",
        "Asif Yaqoob": "6b35790c",
        "Azam Khan": "ee8f1a6d",
        "BJ Dwarshuis": "e1b9f3a9",
        "Babar Azam": "8a75e999",
        "C Munro": "af2c687b",
        "Faisal Afridi": "ed0bc503",
        "Hussain Talat": "bb4b445b",
        "Imad Wasim": "9cb8d7a6",
        "KR Mayers": "73c18486",
        "L Wood": "65b6943c",
        "M Bryant": "f32012f4",
        "MJ Owen": "f2c936d7",
        "Maaz Sadaqat": "6d9560f3",
        "Mohammad Ali": "a86a37ab",
        "Mohammad Haris": "ff3f6fc1",
        "Naseem Shah": "9c9af282",
        "Nasir Hussain": "5b2fe85b",
        "RP Meredith": "64775749",
        "RS Mahanama": "57910393",
        "Saad Masood": "b2498b5d",
        "Sahibzada Farhan": "1aba45cd",
        "Saim Ayub": "33609a8c",
        "Shadab Khan": "9de62878"
      }
    },
    "season": "2025",
    "team_type": "club",
    "teams": [
      "Islamabad United",
      "Peshawar Zalmi"
    ],
    "toss": {
      "decision": "bat",
      "winner": "Islamabad United"
    },
    "venue": "Gaddafi Stadium, Lahore"
  },
  "innings": [
    {
      "team": "Islamabad United",
      "overs": [
        {
          "over": 0,
          "deliveries": [
            {
              "batter": "Sahibzada Farhan",
              "bowler": "L Wood",
              "non_striker": "KR Mayers",
              "review": {
                "by": "Peshawar Zalmi",
                "batter": "Sahibzada Farhan",
                "decision": "struck down"
              },
              "runs": {
                "batter": 0,
                "extras": 0,
                "total": 0
              }
            },
            {
              "batter": "Sahibzada Farhan",
              "bowler": "L Wood",
              "non_striker": "KR Mayers",
              "runs": {
                "batter": 0,
                "extras": 0,
                "total": 0
              }
            },
            {
              "batter": "Sahibzada Farhan",
              "bowler": "L Wood",
              "non_striker": "KR Mayers",
              "runs": {
                "batter": 0,
                "extras": 0,
                "total": 0
              }
            },
            {
              "batter": "Sahibzada Farhan",
              "bowler": "L Wood",
              "extras": {
                "wides": 1
              },
              "non_striker": "KR Mayers",
              "runs": {
                "batter": 0,
                "extras": 1,
                "total": 1
              }
            },
            {
              "batter": "Sahibzada Farhan",
              "bowler": "L Wood",
              "non_striker": "KR Mayers",
              "runs": {
                "batter": 0,
                "extras": 0,
                "total": 0
              }
            },
            {
              "batter": "Sahibzada Farhan",
              "bowler": "L Wood",
              "non_striker": "KR Mayers",
              "runs": {
                "batter": 2,
                "extras": 0,
                "total": 2
              }
            },
            {
              "batter": "Sahibzada Farhan",
              "bowler": "L Wood",
              "non_striker": "KR Mayers",
              "runs": {
                "batter": 0,
                "extras": 0,
                "total": 0
              }
            }
          ]
        },
        {
          "over": 1,
          "deliveries": [
            {
              "batter": "KR Mayers",
              "bowler": "AS Joseph",
              "non_striker": "Sahibzada Farhan",
              "runs": {
                "batter": 0,
                "extras": 0,
                "total": 0
              }
            },
            {
              "batter": "KR Mayers",
              "bowler": "AS Joseph",
              "extras": {
                "legbyes": 1
              },
              "non_striker": "Sahibzada Farhan",
              "runs": {
                "batter": 0,
                "extras": 1,
                "total": 1
              }
            },
            {
              "batter": "Sahibzada Farhan",
              "bowler": "AS Joseph",
              "non_striker": "KR Mayers",
              "runs": {
                "batter": 0,
                "extras": 0,
                "total": 0
              }
            },
            {
              "batter": "Sahibzada Farhan",
              "bowler": "AS Joseph",
              "non_striker": "KR Mayers",
              "runs": {
                "batter": 0,
                "extras": 0,
                "total": 0
              }
            },
            {
              "batter": "Sahibzada Farhan",
              "bowler": "AS Joseph",
              "non_striker": "KR Mayers",
              "runs": {
                "batter": 0,
                "extras": 0,
                "total": 0
              }
            },
            {
              "batter": "Sahibzada Farhan",
              "bowler": "AS Joseph",
              "non_striker": "KR Mayers",
              "runs": {
                "batter": 2,
                "extras": 0,
                "total": 2
              }
            }
          ]
        },
        {
          "over": 2,
          "deliveries": [
            {
              "batter": "KR Mayers",
              "bowler": "L Wood",
              "non_striker": "Sahibzada Farhan",
              "runs": {
                "batter": 0,
                "extras": 0,
                "total": 0
              }
            },
            {
              "batter": "KR Mayers",
              "bowler": "L Wood",
              "non_striker": "Sahibzada Farhan",
              "runs": {
                "batter": 4,
                "extras": 0,
                "total": 4
              }
            },
            {
              "batter": "KR Mayers",
              "bowler": "L Wood",
              "non_striker": "Sahibzada Farhan",
              "runs": {
                "batter": 6,
                "extras": 0,
                "total": 6
              }
            },
            {
              "batter": "KR Mayers",
              "bowler": "L Wood",
              "non_striker": "Sahibzada Farhan",
              "runs": {
                "batter": 0,
                "extras": 0,
                "total": 0
              }
            },
            {
              "batter": "KR Mayers",
              "bowler": "L Wood",
              "non_striker": "Sahibzada Farhan",
              "runs": {
                "batter": 0,
                "extras": 0,
                "total": 0
              }
            },
            {
              "batter": "KR Mayers",
              "bowler": "L Wood",
              "non_striker": "Sahibzada Farhan",
              "runs": {
                "batter": 4,
                "extras": 0,
                "total": 4
              }
            }
          ]
        },
        {
          "over": 3,
          "deliveries": [
            {
              "batter": "Sahibzada Farhan",
              "bowler": "AS Joseph",
              "non_striker": "KR Mayers",
              "runs": {
                "batter": 2,
                "extras": 0,
                "total": 2
              }
            },
            {
              "batter": "Sahibzada Farhan",
              "bowler": "AS Joseph",
              "non_striker": "KR Mayers",
              "runs": {
                "batter": 2,
                "extras": 0,
                "total": 2
              }
            },
            {
              "batter": "Sahibzada Farhan",
              "bowler": "AS Joseph",
              "non_striker": "KR Mayers",
              "runs": {
                "batter": 0,
                "extras": 0,
                "total": 0
              }
            },
            {
              "batter": "Sahibzada Farhan",
              "bowler": "AS Joseph",
              "non_striker": "KR Mayers",
              "runs": {
                "batter": 2,
                "extras": 0,
                "total": 2
              }
            },
            {
              "batter": "Sahibzada Farhan",
              "bowler": "AS Joseph",
              "non_striker": "KR Mayers",
              "runs": {
                "batter": 0,
                "extras": 0,
                "total": 0
              }
            },
            {
              "batter": "Sahibzada Farhan",
              "bowler": "AS Joseph",
              "non_striker": "KR Mayers",
              "runs": {
                "batter": 4,
                "extras": 0,
                "total": 4
              }
            }
          ]
        },
        {
          "over": 4,
          "deliveries": [
            {
              "batter": "KR Mayers",
              "bowler": "Mohammad Ali",
              "non_striker": "Sahibzada Farhan",
              "runs": {
                "batter": 1,
                "extras": 0,
                "total": 1
              }
            },
            {
              "batter": "Sahibzada Farhan",
              "bowler": "Mohammad Ali",
              "non_striker": "KR Mayers",
              "runs": {
                "batter": 0,
                "extras": 0,
                "total": 0
              }
            },
            {
              "batter": "Sahibzada Farhan",
              "bowler": "Mohammad Ali",
              "non_striker": "KR Mayers",
              "runs": {
                "batter": 4,
                "extras": 0,
                "total": 4
              }
            },
            {
              "batter": "Sahibzada Farhan",
              "bowler": "Mohammad Ali",
              "non_striker": "KR Mayers",
              "runs": {
                "batter": 6,
                "extras": 0,
                "total": 6
              }
            },
            {
              "batter": "Sahibzada Farhan",
              "bowler": "Mohammad Ali",
              "non_striker": "KR Mayers",
              "runs": {
                "batter": 4,
                "extras": 0,
                "total": 4
              }
            },
            {
              "batter": "Sahibzada Farhan",
              "bowler": "Mohammad Ali",
              "non_striker": "KR Mayers",
              "runs": {
                "batter": 0,
                "extras": 0,
                "total": 0
              }
            }
          ]
        },
        {
          "over": 5,
          "deliveries": [
            {
              "batter": "KR Mayers",
              "bowler": "L Wood",
              "non_striker": "Sahibzada Farhan",
              "runs": {
                "batter": 0,
                "extras": 0,
                "total": 0
              }
            },
            {
              "batter": "KR Mayers",
              "bowler": "L Wood",
              "non_striker": "Sahibzada Farhan",
              "runs": {
                "batter": 1,
                "extras": 0,
                "total": 1
              }
            },
            {
              "batter": "Sahibzada Farhan",
              "bowler": "L Wood",
              "non_striker": "KR Mayers",
              "runs": {
                "batter": 1,
                "extras": 0,
                "total": 1
              }
            },
            {
              "batter": "KR Mayers",
              "bowler": "L Wood",
              "non_striker": "Sahibzada Farhan",
              "runs": {
                "batter": 1,
                "extras": 0,
                "total": 1
              }
            },
            {
              "batter": "Sahibzada Farhan",
              "bowler": "L Wood",
              "non_striker": "KR Mayers",
              "runs": {
                "batter": 0,
                "extras": 0,
                "total": 0
              }
            },
            {
              "batter": "Sahibzada Farhan",
              "bowler": "L Wood",
              "non_striker": "KR Mayers",
              "runs": {
                "batter": 1,
                "extras": 0,
                "total": 1
              }
            }
          ]
        },
        {
          "over": 6,
          "deliveries": [
            {
              "batter": "Sahibzada Farhan",
              "bowler": "Ahmed Daniyal",
              "non_striker": "KR Mayers",
              "runs": {
                "batter": 1,
                "extras": 0,
                "total": 1
              }
            },
            {
              "batter": "KR Mayers",
              "bowler": "Ahmed Daniyal",
              "non_striker": "Sahibzada Farhan",
              "runs": {
                "batter": 0,
                "extras": 0,
                "total": 0
              }
            },
            {
              "batter": "KR Mayers",
              "bowler": "Ahmed Daniyal",
              "extras": {
                "wides": 1
              },
              "non_striker": "Sahibzada Farhan",
              "runs": {
                "batter": 0,
                "extras": 1,
                "total": 1
              }
            },
            {
              "batter": "KR Mayers",
              "bowler": "Ahmed Daniyal",
              "non_striker": "Sahibzada Farhan",
              "runs": {
                "batter": 1,
                "extras": 0,
                "total": 1
              }
            },
            {
              "batter": "Sahibzada Farhan",
              "bowler": "Ahmed Daniyal",
              "non_striker": "KR Mayers",
              "runs": {
                "batter": 1,
                "extras": 0,
                "total": 1
              }
            },
            {
              "batter": "KR Mayers",
              "bowler": "Ahmed Daniyal",
              "non_striker": "Sahibzada Farhan",
              "runs": {
                "batter": 0,
                "extras": 0,
                "total": 0
              }
            },
            {
              "batter": "KR Mayers",
              "bowler": "Ahmed Daniyal",
              "non_striker": "Sahibzada Farhan",
              "runs": {
                "batter": 0,
                "extras": 0,
                "total": 0
              }
            }
          ]
        },
        {
          "over": 7,
          "deliveries": [
            {
              "batter": "Sahibzada Farhan",
              "bowler": "Saim Ayub",
              "non_striker": "KR Mayers",
              "runs": {
                "batter": 0,
                "extras": 0,
                "total": 0
              }
            },
            {
              "batter": "Sahibzada Farhan",
              "bowler": "Saim Ayub",
              "non_striker": "KR Mayers",
              "runs": {
                "batter": 0,
                "extras": 0,
                "total": 0
              }
            },
            {
              "batter": "Sahibzada Farhan",
              "bowler": "Saim Ayub",
              "non_striker": "KR Mayers",
              "runs": {
                "batter": 4,
                "extras": 0,
                "total": 4
              }
            },
            {
              "batter": "Sahibzada Farhan",
              "bowler": "Saim Ayub",
              "non_striker": "KR Mayers",
              "runs": {
                "batter": 0,
                "extras": 0,
                "total": 0
              }
            },
            {
              "batter": "Sahibzada Farhan",
              "bowler": "Saim Ayub",
              "non_striker": "KR Mayers",
              "runs": {
                "batter": 0,
                "extras": 0,
                "total": 0
              }
            },
            {
              "batter": "Sahibzada Farhan",
              "bowler": "Saim Ayub",
              "non_striker": "KR Mayers",
              "runs": {
                "batter": 0,
                "extras": 0,
                "total": 0
              }
            }
          ]
        },
        {
          "over": 8,
          "deliveries": [
            {
              "batter": "KR Mayers",
              "bowler": "Ahmed Daniyal",
              "extras": {
                "legbyes": 1
              },
              "non_striker": "Sahibzada Farhan",
              "runs": {
                "batter": 0,
                "extras": 1,
                "total": 1
              }
            },
            {
              "batter": "Sahibzada Farhan",
              "bowler": "Ahmed Daniyal",
              "non_striker": "KR Mayers",
              "runs": {
                "batter": 0,
                "extras": 0,
                "total": 0
              }
            },
            {
              "batter": "Sahibzada Farhan",
              "bowler": "Ahmed Daniyal",
              "non_striker": "KR Mayers",
              "runs": {
                "batter": 0,
                "extras": 0,
                "total": 0
              }
            },
            {
              "batter": "Sahibzada Farhan",
              "bowler": "Ahmed Daniyal",
              "non_striker": "KR Mayers",
              "runs": {
                "batter": 0,
                "extras": 0,
                "total": 0
              },
              "wickets": [
                {
                  "player_out": "Sahibzada Farhan",
                  "fielders": [
                    {
                      "name": "Babar Azam"
                    }
                  ],
                  "kind": "caught"
                }
              ]
            },
            {
              "batter": "C Munro",
              "bowler": "Ahmed Daniyal",
              "non_striker": "KR Mayers",
              "runs": {
                "batter": 4,
                "extras": 0,
                "total": 4
              }
            },
            {
              "batter": "C Munro",
              "bowler": "Ahmed Daniyal",
              "non_striker": "KR Mayers",
              "runs": {
                "batter": 0,
                "extras": 0,
                "total": 0
              }
            }
          ]
        },
        {
          "over": 9,
          "deliveries": [
            {
              "batter": "KR Mayers",
              "bowler": "Mohammad Ali",
              "non_striker": "C Munro",
              "runs": {
                "batter": 0,
                "extras": 0,
                "total": 0
              },
              "wickets": [
                {
                  "player_out": "KR Mayers",
                  "fielders": [
                    {
                      "name": "AS Joseph"
                    }
                  ],
                  "kind": "caught"
                }
              ]
            },
            {
              "batter": "Agha Salman",
              "bowler": "Mohammad Ali",
              "non_striker": "C Munro",
              "runs": {
                "batter": 0,
                "extras": 0,
                "total": 0
              }
            },
            {
              "batter": "Agha Salman",
              "bowler": "Mohammad Ali",
              "non_striker": "C Munro",
              "runs": {
                "batter": 0,
                "extras": 0,
                "total": 0
              }
            },
            {
              "batter": "Agha Salman",
              "bowler": "Mohammad Ali",
              "non_striker": "C Munro",
              "runs": {
                "batter": 0,
                "extras": 0,
                "total": 0
              }
            },
            {
              "batter": "Agha Salman",
              "bowler": "Mohammad Ali",
              "non_striker": "C Munro",
              "runs": {
                "batter": 1,
                "extras": 0,
                "total": 1
              }
            },
            {
              "batter": "C Munro",
              "bowler": "Mohammad Ali",
              "non_striker": "Agha Salman",
              "runs": {
                "batter": 0,
                "extras": 0,
                "total": 0
              }
            }
          ]
        },
        {
          "over": 10,
          "deliveries": [
            {
              "batter": "Agha Salman",
              "bowler": "Saim Ayub",
              "non_striker": "C Munro",
              "runs": {
                "batter": 2,
                "extras": 0,
                "total": 2
              }
            },
            {
              "batter": "Agha Salman",
              "bowler": "Saim Ayub",
              "non_striker": "C Munro",
              "runs": {
                "batter": 1,
                "extras": 0,
                "total": 1
              }
            },
            {
              "batter": "C Munro",
              "bowler": "Saim Ayub",
              "non_striker": "Agha Salman",
              "runs": {
                "batter": 1,
                "extras": 0,
                "total": 1
              }
            },
            {
              "batter": "Agha Salman",
              "bowler": "Saim Ayub",
              "non_striker": "C Munro",
              "runs": {
                "batter": 0,
                "extras": 0,
                "total": 0
              },
              "wickets": [
                {
                  "player_out": "Agha Salman",
                  "fielders": [
                    {
                      "name": "Mohammad Haris"
                    }
                  ],
                  "kind": "caught"
                }
              ]
            },
            {
              "batter": "Shadab Khan",
              "bowler": "Saim Ayub",
              "non_striker": "C Munro",
              "runs": {
                "batter": 4,
                "extras": 0,
                "total": 4
              }
            },
            {
              "batter": "Shadab Khan",
              "bowler": "Saim Ayub",
              "non_striker": "C Munro",
              "runs": {
                "batter": 4,
                "extras": 0,
                "total": 4
              }
            }
          ]
        },
        {
          "over": 11,
          "deliveries": [
            {
              "batter": "C Munro",
              "bowler": "Mohammad Ali",
              "non_striker": "Shadab Khan",
              "runs": {
                "batter": 1,
                "extras": 0,
                "total": 1
              }
            },
            {
              "batter": "Shadab Khan",
              "bowler": "Mohammad Ali",
              "non_striker": "C Munro",
              "runs": {
                "batter": 2,
                "extras": 0,
                "total": 2
              }
            },
            {
              "batter": "Shadab Khan",
              "bowler": "Mohammad Ali",
              "non_striker": "C Munro",
              "runs": {
                "batter": 1,
                "extras": 0,
                "total": 1
              }
            },
            {
              "batter": "C Munro",
              "bowler": "Mohammad Ali",
              "non_striker": "Shadab Khan",
              "runs": {
                "batter": 4,
                "extras": 0,
                "total": 4
              }
            },
            {
              "batter": "C Munro",
              "bowler": "Mohammad Ali",
              "non_striker": "Shadab Khan",
              "runs": {
                "batter": 0,
                "extras": 0,
                "total": 0
              }
            },
            {
              "batter": "C Munro",
              "bowler": "Mohammad Ali",
              "non_striker": "Shadab Khan",
              "runs": {
                "batter": 0,
                "extras": 0,
                "total": 0
              }
            }
          ]
        },
        {
          "over": 12,
          "deliveries": [
            {
              "batter": "Shadab Khan",
              "bowler": "AS Joseph",
              "non_striker": "C Munro",
              "runs": {
                "batter": 0,
                "extras": 0,
                "total": 0
              }
            },
            {
              "batter": "Shadab Khan",
              "bowler": "AS Joseph",
              "non_striker": "C Munro",
              "runs": {
                "batter": 4,
                "extras": 0,
                "total": 4
              }
            },
            {
              "batter": "Shadab Khan",
              "bowler": "AS Joseph",
              "extras": {
                "legbyes": 1
              },
              "non_striker": "C Munro",
              "runs": {
                "batter": 0,
                "extras": 1,
                "total": 1
              }
            },
            {
              "batter": "C Munro",
              "bowler": "AS Joseph",
              "non_striker": "Shadab Khan",
              "runs": {
                "batter": 1,
                "extras": 0,
                "total": 1
              }
            },
            {
              "batter": "Shadab Khan",
              "bowler": "AS Joseph",
              "non_striker": "C Munro",
              "runs": {
                "batter": 0,
                "extras": 0,
                "total": 0
              },
              "wickets": [
                {
                  "player_out": "Shadab Khan",
                  "fielders": [
                    {
                      "name": "Maaz Sadaqat"
                    }
                  ],
                  "kind": "caught"
                }
              ]
            },
            {
              "batter": "Azam Khan",
              "bowler": "AS Joseph",
              "non_striker": "C Munro",
              "runs": {
                "batter": 0,
                "extras": 0,
                "total": 0
              }
            }
          ]
        },
        {
          "over": 13,
          "deliveries": [
            {
              "batter": "C Munro",
              "bowler": "Mohammad Ali",
              "non_striker": "Azam Khan",
              "review": {
                "by": "Islamabad United",
                "batter": "C Munro",
                "decision": "struck down"
              },
              "runs": {
                "batter": 0,
                "extras": 0,
                "total": 0
              },
              "wickets": [
                {
                  "player_out": "C Munro",
                  "fielders": [
                    {
                      "name": "Mohammad Haris"
                    }
                  ],
                  "kind": "caught"
                }
              ]
            },
            {
              "batter": "Saad Masood",
              "bowler": "Mohammad Ali",
              "non_striker": "Azam Khan",
              "runs": {
                "batter": 0,
                "extras": 0,
                "total": 0
              }
            },
            {
              "batter": "Saad Masood",
              "bowler": "Mohammad Ali",
              "non_striker": "Azam Khan",
              "runs": {
                "batter": 0,
                "extras": 0,
                "total": 0
              }
            },
            {
              "batter": "Saad Masood",
              "bowler": "Mohammad Ali",
              "non_striker": "Azam Khan",
              "runs": {
                "batter": 1,
                "extras": 0,
                "total": 1
              }
            },
            {
              "batter": "Azam Khan",
              "bowler": "Mohammad Ali",
              "non_striker": "Saad Masood",
              "runs": {
                "batter": 1,
                "extras": 0,
                "total": 1
              }
            },
            {
              "batter": "Saad Masood",
              "bowler": "Mohammad Ali",
              "non_striker": "Azam Khan",
              "runs": {
                "batter": 0,
                "extras": 0,
                "total": 0
              },
              "wickets": [
                {
                  "player_out": "Saad Masood",
                  "fielders": [
                    {
                      "name": "Mohammad Haris"
                    }
                  ],
                  "kind": "caught"
                }
              ]
            }
          ]
        },
        {
          "over": 14,
          "deliveries": [
            {
              "batter": "Azam Khan",
              "bowler": "Hussain Talat",
              "non_striker": "Imad Wasim",
              "runs": {
                "batter": 4,
                "extras": 0,
                "total": 4
              }
            },
            {
              "batter": "Azam Khan",
              "bowler": "Hussain Talat",
              "non_striker": "Imad Wasim",
              "runs": {
                "batter": 1,
                "extras": 0,
                "total": 1
              }
            },
            {
              "batter": "Imad Wasim",
              "bowler": "Hussain Talat",
              "non_striker": "Azam Khan",
              "runs": {
                "batter": 0,
                "extras": 0,
                "total": 0
              }
            },
            {
              "batter": "Imad Wasim",
              "bowler": "Hussain Talat",
              "non_striker": "Azam Khan",
              "runs": {
                "batter": 1,
                "extras": 0,
                "total": 1
              }
            },
            {
              "batter": "Azam Khan",
              "bowler": "Hussain Talat",
              "non_striker": "Imad Wasim",
              "runs": {
                "batter": 1,
                "extras": 0,
                "total": 1
              }
            },
            {
              "batter": "Imad Wasim",
              "bowler": "Hussain Talat",
              "non_striker": "Azam Khan",
              "runs": {
                "batter": 1,
                "extras": 0,
                "total": 1
              }
            }
          ]
        },
        {
          "over": 15,
          "deliveries": [
            {
              "batter": "Imad Wasim",
              "bowler": "Ahmed Daniyal",
              "non_striker": "Azam Khan",
              "runs": {
                "batter": 1,
                "extras": 0,
                "total": 1
              }
            },
            {
              "batter": "Azam Khan",
              "bowler": "Ahmed Daniyal",
              "non_striker": "Imad Wasim",
              "runs": {
                "batter": 1,
                "extras": 0,
                "total": 1
              }
            },
            {
              "batter": "Imad Wasim",
              "bowler": "Ahmed Daniyal",
              "non_striker": "Azam Khan",
              "runs": {
                "batter": 2,
                "extras": 0,
                "total": 2
              }
            },
            {
              "batter": "Imad Wasim",
              "bowler": "Ahmed Daniyal",
              "non_striker": "Azam Khan",
              "runs": {
                "batter": 4,
                "extras": 0,
                "total": 4
              }
            },
            {
              "batter": "Imad Wasim",
              "bowler": "Ahmed Daniyal",
              "non_striker": "Azam Khan",
              "runs": {
                "batter": 0,
                "extras": 0,
                "total": 0
              }
            },
            {
              "batter": "Imad Wasim",
              "bowler": "Ahmed Daniyal",
              "non_striker": "Azam Khan",
              "runs": {
                "batter": 0,
                "extras": 0,
                "total": 0
              }
            }
          ]
        },
        {
          "over": 16,
          "deliveries": [
            {
              "batter": "Azam Khan",
              "bowler": "L Wood",
              "non_striker": "Imad Wasim",
              "runs": {
                "batter": 0,
                "extras": 0,
                "total": 0
              },
              "wickets": [
                {
                  "player_out": "Azam Khan",
                  "fielders": [
                    {
                      "name": "Mohammad Haris"
                    }
                  ],
                  "kind": "caught"
                }
              ]
            },
            {
              "batter": "BJ Dwarshuis",
              "bowler": "L Wood",
              "non_striker": "Imad Wasim",
              "runs": {
                "batter": 1,
                "extras": 0,
                "total": 1
              }
            },
            {
              "batter": "Imad Wasim",
              "bowler": "L Wood",
              "non_striker": "BJ Dwarshuis",
              "runs": {
                "batter": 1,
                "extras": 0,
                "total": 1
              }
            },
            {
              "batter": "BJ Dwarshuis",
              "bowler": "L Wood",
              "non_striker": "Imad Wasim",
              "runs": {
                "batter": 2,
                "extras": 0,
                "total": 2
              }
            },
            {
              "batter": "BJ Dwarshuis",
              "bowler": "L Wood",
              "non_striker": "Imad Wasim",
              "runs": {
                "batter": 1,
                "extras": 0,
                "total": 1
              }
            },
            {
              "batter": "Imad Wasim",
              "bowler": "L Wood",
              "non_striker": "BJ Dwarshuis",
              "runs": {
                "batter": 0,
                "extras": 0,
                "total": 0
              }
            }
          ]
        },
        {
          "over": 17,
          "deliveries": [
            {
              "batter": "BJ Dwarshuis",
              "bowler": "Ahmed Daniyal",
              "non_striker": "Imad Wasim",
              "runs": {
                "batter": 4,
                "extras": 0,
                "total": 4
              }
            },
            {
              "batter": "BJ Dwarshuis",
              "bowler": "Ahmed Daniyal",
              "non_striker": "Imad Wasim",
              "runs": {
                "batter": 0,
                "extras": 0,
                "total": 0
              }
            },
            {
              "batter": "BJ Dwarshuis",
              "bowler": "Ahmed Daniyal",
              "non_striker": "Imad Wasim",
              "runs": {
                "batter": 6,
                "extras": 0,
                "total": 6
              }
            },
            {
              "batter": "BJ Dwarshuis",
              "bowler": "Ahmed Daniyal",
              "non_striker": "Imad Wasim",
              "runs": {
                "batter": 1,
                "extras": 0,
                "total": 1
              }
            },
            {
              "batter": "Imad Wasim",
              "bowler": "Ahmed Daniyal",
              "extras": {
                "wides": 1
              },
              "non_striker": "BJ Dwarshuis",
              "runs": {
                "batter": 0,
                "extras": 1,
                "total": 1
              }
            },
            {
              "batter": "Imad Wasim",
              "bowler": "Ahmed Daniyal",
              "non_striker": "BJ Dwarshuis",
              "runs": {
                "batter": 0,
                "extras": 0,
                "total": 0
              },
              "wickets": [
                {
                  "player_out": "Imad Wasim",
                  "fielders": [
                    {
                      "name": "Babar Azam"
                    }
                  ],
                  "kind": "run out"
                }
              ]
            },
            {
              "batter": "BJ Dwarshuis",
              "bowler": "Ahmed Daniyal",
              "non_striker": "Naseem Shah",
              "runs": {
                "batter": 1,
                "extras": 0,
                "total": 1
              }
            }
          ]
        },
        {
          "over": 18,
          "deliveries": [
            {
              "batter": "BJ Dwarshuis",
              "bowler": "AS Joseph",
              "non_striker": "Naseem Shah",
              "runs": {
                "batter": 2,
                "extras": 0,
                "total": 2
              }
            },
            {
              "batter": "BJ Dwarshuis",
              "bowler": "AS Joseph",
              "non_striker": "Naseem Shah",
              "runs": {
                "batter": 6,
                "extras": 0,
                "total": 6
              }
            },
            {
              "batter": "BJ Dwarshuis",
              "bowler": "AS Joseph",
              "non_striker": "Naseem Shah",
              "runs": {
                "batter": 0,
                "extras": 0,
                "total": 0
              }
            },
            {
              "batter": "BJ Dwarshuis",
              "bowler": "AS Joseph",
              "non_striker": "Naseem Shah",
              "runs": {
                "batter": 0,
                "extras": 0,
                "total": 0
              }
            },
            {
              "batter": "BJ Dwarshuis",
              "bowler": "AS Joseph",
              "non_striker": "Naseem Shah",
              "runs": {
                "batter": 4,
                "extras": 0,
                "total": 4
              }
            },
            {
              "batter": "BJ Dwarshuis",
              "bowler": "AS Joseph",
              "non_striker": "Naseem Shah",
              "runs": {
                "batter": 0,
                "extras": 0,
                "total": 0
              }
            }
          ]
        },
        {
          "over": 19,
          "deliveries": [
            {
              "batter": "Naseem Shah",
              "bowler": "Hussain Talat",
              "non_striker": "BJ Dwarshuis",
              "runs": {
                "batter": 0,
                "extras": 0,
                "total": 0
              }
            },
            {
              "batter": "Naseem Shah",
              "bowler": "Hussain Talat",
              "non_striker": "BJ Dwarshuis",
              "runs": {
                "batter": 1,
                "extras": 0,
                "total": 1
              }
            },
            {
              "batter": "BJ Dwarshuis",
              "bowler": "Hussain Talat",
              "non_striker": "Naseem Shah",
              "runs": {
                "batter": 4,
                "extras": 0,
                "total": 4
              }
            },
            {
              "batter": "BJ Dwarshuis",
              "bowler": "Hussain Talat",
              "non_striker": "Naseem Shah",
              "runs": {
                "batter": 0,
                "extras": 0,
                "total": 0
              }
            },
            {
              "batter": "BJ Dwarshuis",
              "bowler": "Hussain Talat",
              "non_striker": "Naseem Shah",
              "runs": {
                "batter": 1,
                "extras": 0,
                "total": 1
              }
            },
            {
              "batter": "Naseem Shah",
              "bowler": "Hussain Talat",
              "non_striker": "BJ Dwarshuis",
              "runs": {
                "batter": 0,
                "extras": 0,
                "total": 0
              },
              "wickets": [
                {
                  "player_out": "Naseem Shah",
                  "fielders": [
                    {
                      "name": "Babar Azam"
                    }
                  ],
                  "kind": "caught"
                }
              ]
            }
          ]
        }
      ],
      "powerplays": [
        {
          "from": 0.1,
          "to": 5.6,
          "type": "mandatory"
        }
      ]
    },
    {
      "team": "Peshawar Zalmi",
      "overs": [
        {
          "over": 0,
          "deliveries": [
            {
              "batter": "MJ Owen",
              "bowler": "KR Mayers",
              "non_striker": "Saim Ayub",
              "runs": {
                "batter": 6,
                "extras": 0,
                "total": 6
              }
            },
            {
              "batter": "MJ Owen",
              "bowler": "KR Mayers",
              "non_striker": "Saim Ayub",
              "runs": {
                "batter": 0,
                "extras": 0,
                "total": 0
              },
              "wickets": [
                {
                  "player_out": "MJ Owen",
                  "fielders": [
                    {
                      "name": "BJ Dwarshuis"
                    }
                  ],
                  "kind": "caught"
                }
              ]
            },
            {
              "batter": "Babar Azam",
              "bowler": "KR Mayers",
              "non_striker": "Saim Ayub",
              "runs": {
                "batter": 4,
                "extras": 0,
                "total": 4
              }
            },
            {
              "batter": "Babar Azam",
              "bowler": "KR Mayers",
              "non_striker": "Saim Ayub",
              "runs": {
                "batter": 0,
                "extras": 0,
                "total": 0
              }
            },
            {
              "batter": "Babar Azam",
              "bowler": "KR Mayers",
              "non_striker": "Saim Ayub",
              "runs": {
                "batter": 1,
                "extras": 0,
                "total": 1
              }
            },
            {
              "batter": "Saim Ayub",
              "bowler": "KR Mayers",
              "non_striker": "Babar Azam",
              "runs": {
                "batter": 1,
                "extras": 0,
                "total": 1
              }
            }
          ]
        },
        {
          "over": 1,
          "deliveries": [
            {
              "batter": "Saim Ayub",
              "bowler": "BJ Dwarshuis",
              "non_striker": "Babar Azam",
              "runs": {
                "batter": 0,
                "extras": 0,
                "total": 0
              }
            },
            {
              "batter": "Saim Ayub",
              "bowler": "BJ Dwarshuis",
              "non_striker": "Babar Azam",
              "runs": {
                "batter": 0,
                "extras": 0,
                "total": 0
              },
              "wickets": [
                {
                  "player_out": "Saim Ayub",
                  "kind": "bowled"
                }
              ]
            },
            {
              "batter": "Mohammad Haris",
              "bowler": "BJ Dwarshuis",
              "non_striker": "Babar Azam",
              "runs": {
                "batter": 0,
                "extras": 0,
                "total": 0
              }
            },
            {
              "batter": "Mohammad Haris",
              "bowler": "BJ Dwarshuis",
              "non_striker": "Babar Azam",
              "runs": {
                "batter": 0,
                "extras": 0,
                "total": 0
              }
            },
            {
              "batter": "Mohammad Haris",
              "bowler": "BJ Dwarshuis",
              "extras": {
                "wides": 1
              },
              "non_striker": "Babar Azam",
              "runs": {
                "batter": 0,
                "extras": 1,
                "total": 1
              }
            },
            {
              "batter": "Mohammad Haris",
              "bowler": "BJ Dwarshuis",
              "non_striker": "Babar Azam",
              "runs": {
                "batter": 0,
                "extras": 0,
                "total": 0
              }
            },
            {
              "batter": "Mohammad Haris",
              "bowler": "BJ Dwarshuis",
              "extras": {
                "wides": 1
              },
              "non_striker": "Babar Azam",
              "runs": {
                "batter": 0,
                "extras": 1,
                "total": 1
              }
            },
            {
              "batter": "Mohammad Haris",
              "bowler": "BJ Dwarshuis",
              "non_striker": "Babar Azam",
              "runs": {
                "batter": 4,
                "extras": 0,
                "total": 4
              }
            }
          ]
        },
        {
          "over": 2,
          "deliveries": [
            {
              "batter": "Babar Azam",
              "bowler": "Naseem Shah",
              "non_striker": "Mohammad Haris",
              "runs": {
                "batter": 0,
                "extras": 0,
                "total": 0
              }
            },
            {
              "batter": "Babar Azam",
              "bowler": "Naseem Shah",
              "non_striker": "Mohammad Haris",
              "runs": {
                "batter": 1,
                "extras": 0,
                "total": 1
              }
            },
            {
              "batter": "Mohammad Haris",
              "bowler": "Naseem Shah",
              "non_striker": "Babar Azam",
              "runs": {
                "batter": 0,
                "extras": 0,
                "total": 0
              }
            },
            {
              "batter": "Mohammad Haris",
              "bowler": "Naseem Shah",
              "non_striker": "Babar Azam",
              "runs": {
                "batter": 1,
                "extras": 0,
                "total": 1
              }
            },
            {
              "batter": "Babar Azam",
              "bowler": "Naseem Shah",
              "non_striker": "Mohammad Haris",
              "runs": {
                "batter": 0,
                "extras": 0,
                "total": 0
              }
            },
            {
              "batter": "Babar Azam",
              "bowler": "Naseem Shah",
              "non_striker": "Mohammad Haris",
              "runs": {
                "batter": 0,
                "extras": 0,
                "total": 0
              }
            }
          ]
        },
        {
          "over": 3,
          "deliveries": [
            {
              "batter": "Mohammad Haris",
              "bowler": "BJ Dwarshuis",
              "non_striker": "Babar Azam",
              "runs": {
                "batter": 1,
                "extras": 0,
                "total": 1
              }
            },
            {
              "batter": "Babar Azam",
              "bowler": "BJ Dwarshuis",
              "non_striker": "Mohammad Haris",
              "runs": {
                "batter": 0,
                "extras": 0,
                "total": 0
              }
            },
            {
              "batter": "Babar Azam",
              "bowler": "BJ Dwarshuis",
              "non_striker": "Mohammad Haris",
              "runs": {
                "batter": 0,
                "extras": 0,
                "total": 0
              }
            },
            {
              "batter": "Babar Azam",
              "bowler": "BJ Dwarshuis",
              "non_striker": "Mohammad Haris",
              "runs": {
                "batter": 0,
                "extras": 0,
                "total": 0
              }
            },
            {
              "batter": "Babar Azam",
              "bowler": "BJ Dwarshuis",
              "extras": {
                "legbyes": 1
              },
              "non_striker": "Mohammad Haris",
              "runs": {
                "batter": 0,
                "extras": 1,
                "total": 1
              }
            },
            {
              "batter": "Mohammad Haris",
              "bowler": "BJ Dwarshuis",
              "non_striker": "Babar Azam",
              "runs": {
                "batter": 0,
                "extras": 0,
                "total": 0
              }
            }
          ]
        },
        {
          "over": 4,
          "deliveries": [
            {
              "batter": "Babar Azam",
              "bowler": "Naseem Shah",
              "extras": {
                "wides": 1
              },
              "non_striker": "Mohammad Haris",
              "runs": {
                "batter": 0,
                "extras": 1,
                "total": 1
              }
            },
            {
              "batter": "Babar Azam",
              "bowler": "Naseem Shah",
              "non_striker": "Mohammad Haris",
              "runs": {
                "batter": 2,
                "extras": 0,
                "total": 2
              }
            },
            {
              "batter": "Babar Azam",
              "bowler": "Naseem Shah",
              "non_striker": "Mohammad Haris",
              "runs": {
                "batter": 0,
                "extras": 0,
                "total": 0
              }
            },
            {
              "batter": "Babar Azam",
              "bowler": "Naseem Shah",
              "non_striker": "Mohammad Haris",
              "runs": {
                "batter": 0,
                "extras": 0,
                "total": 0
              }
            },
            {
              "batter": "Babar Azam",
              "bowler": "Naseem Shah",
              "non_striker": "Mohammad Haris",
              "runs": {
                "batter": 0,
                "extras": 0,
                "total": 0
              }
            },
            {
              "batter": "Babar Azam",
              "bowler": "Naseem Shah",
              "non_striker": "Mohammad Haris",
              "runs": {
                "batter": 4,
                "extras": 0,
                "total": 4
              }
            },
            {
              "batter": "Babar Azam",
              "bowler": "Naseem Shah",
              "extras": {
                "wides": 1
              },
              "non_striker": "Mohammad Haris",
              "runs": {
                "batter": 0,
                "extras": 1,
                "total": 1
              }
            },
            {
              "batter": "Babar Azam",
              "bowler": "Naseem Shah",
              "non_striker": "Mohammad Haris",
              "runs": {
                "batter": 0,
                "extras": 0,
                "total": 0
              }
            }
          ]
        },
        {
          "over": 5,
          "deliveries": [
            {
              "batter": "Mohammad Haris",
              "bowler": "RP Meredith",
              "non_striker": "Babar Azam",
              "runs": {
                "batter": 6,
                "extras": 0,
                "total": 6
              }
            },
            {
              "batter": "Mohammad Haris",
              "bowler": "RP Meredith",
              "non_striker": "Babar Azam",
              "runs": {
                "batter": 1,
                "extras": 0,
                "total": 1
              }
            },
            {
              "batter": "Babar Azam",
              "bowler": "RP Meredith",
              "non_striker": "Mohammad Haris",
              "runs": {
                "batter": 1,
                "extras": 0,
                "total": 1
              }
            },
            {
              "batter": "Mohammad Haris",
              "bowler": "RP Meredith",
              "non_striker": "Babar Azam",
              "runs": {
                "batter": 0,
                "extras": 0,
                "total": 0
              }
            },
            {
              "batter": "Mohammad Haris",
              "bowler": "RP Meredith",
              "non_striker": "Babar Azam",
              "runs": {
                "batter": 0,
                "extras": 0,
                "total": 0
              },
              "wickets": [
                {
                  "player_out": "Mohammad Haris",
                  "fielders": [
                    {
                      "name": "Naseem Shah"
                    }
                  ],
                  "kind": "caught"
                }
              ]
            },
            {
              "batter": "Maaz Sadaqat",
              "bowler": "RP Meredith",
              "non_striker": "Babar Azam",
              "runs": {
                "batter": 2,
                "extras": 0,
                "total": 2
              }
            }
          ]
        },
        {
          "over": 6,
          "deliveries": [
            {
              "batter": "Babar Azam",
              "bowler": "Agha Salman",
              "non_striker": "Maaz Sadaqat",
              "runs": {
                "batter": 2,
                "extras": 0,
                "total": 2
              }
            },
            {
              "batter": "Babar Azam",
              "bowler": "Agha Salman",
              "non_striker": "Maaz Sadaqat",
              "runs": {
                "batter": 1,
                "extras": 0,
                "total": 1
              }
            },
            {
              "batter": "Maaz Sadaqat",
              "bowler": "Agha Salman",
              "non_striker": "Babar Azam",
              "runs": {
                "batter": 1,
                "extras": 0,
                "total": 1
              }
            },
            {
              "batter": "Babar Azam",
              "bowler": "Agha Salman",
              "non_striker": "Maaz Sadaqat",
              "runs": {
                "batter": 1,
                "extras": 0,
                "total": 1
              }
            },
            {
              "batter": "Maaz Sadaqat",
              "bowler": "Agha Salman",
              "non_striker": "Babar Azam",
              "runs": {
                "batter": 1,
                "extras": 0,
                "total": 1
              }
            },
            {
              "batter": "Babar Azam",
              "bowler": "Agha Salman",
              "non_striker": "Maaz Sadaqat",
              "runs": {
                "batter": 1,
                "extras": 0,
                "total": 1
              }
            }
          ]
        },
        {
          "over": 7,
          "deliveries": [
            {
              "batter": "Babar Azam",
              "bowler": "RP Meredith",
              "non_striker": "Maaz Sadaqat",
              "runs": {
                "batter": 4,
                "extras": 0,
                "total": 4
              }
            },
            {
              "batter": "Babar Azam",
              "bowler": "RP Meredith",
              "non_striker": "Maaz Sadaqat",
              "runs": {
                "batter": 1,
                "extras": 0,
                "total": 1
              }
            },
            {
              "batter": "Maaz Sadaqat",
              "bowler": "RP Meredith",
              "non_striker": "Babar Azam",
              "runs": {
                "batter": 1,
                "extras": 0,
                "total": 1
              }
            },
            {
              "batter": "Babar Azam",
              "bowler": "RP Meredith",
              "non_striker": "Maaz Sadaqat",
              "runs": {
                "batter": 1,
                "extras": 0,
                "total": 1
              }
            },
            {
              "batter": "Maaz Sadaqat",
              "bowler": "RP Meredith",
              "non_striker": "Babar Azam",
              "runs": {
                "batter": 0,
                "extras": 0,
                "total": 0
              }
            },
            {
              "batter": "Maaz Sadaqat",
              "bowler": "RP Meredith",
              "non_striker": "Babar Azam",
              "runs": {
                "batter": 0,
                "extras": 0,
                "total": 0
              }
            }
          ]
        },
        {
          "over": 8,
          "deliveries": [
            {
              "batter": "Babar Azam",
              "bowler": "Imad Wasim",
              "extras": {
                "wides": 1
              },
              "non_striker": "Maaz Sadaqat",
              "runs": {
                "batter": 0,
                "extras": 1,
                "total": 1
              }
            },
            {
              "batter": "Babar Azam",
              "bowler": "Imad Wasim",
              "non_striker": "Maaz Sadaqat",
              "runs": {
                "batter": 1,
                "extras": 0,
                "total": 1
              }
            },
            {
              "batter": "Maaz Sadaqat",
              "bowler": "Imad Wasim",
              "non_striker": "Babar Azam",
              "runs": {
                "batter": 1,
                "extras": 0,
                "total": 1
              }
            },
            {
              "batter": "Babar Azam",
              "bowler": "Imad Wasim",
              "non_striker": "Maaz Sadaqat",
              "runs": {
                "batter": 1,
                "extras": 0,
                "total": 1
              }
            },
            {
              "batter": "Maaz Sadaqat",
              "bowler": "Imad Wasim",
              "non_striker": "Babar Azam",
              "runs": {
                "batter": 1,
                "extras": 0,
                "total": 1
              }
            },
            {
              "batter": "Babar Azam",
              "bowler": "Imad Wasim",
              "non_striker": "Maaz Sadaqat",
              "runs": {
                "batter": 1,
                "extras": 0,
                "total": 1
              }
            },
            {
              "batter": "Maaz Sadaqat",
              "bowler": "Imad Wasim",
              "non_striker": "Babar Azam",
              "runs": {
                "batter": 0,
                "extras": 0,
                "total": 0
              }
            }
          ]
        },
        {
          "over": 9,
          "deliveries": [
            {
              "batter": "Babar Azam",
              "bowler": "KR Mayers",
              "non_striker": "Maaz Sadaqat",
              "runs": {
                "batter": 1,
                "extras": 0,
                "total": 1
              }
            },
            {
              "batter": "Maaz Sadaqat",
              "bowler": "KR Mayers",
              "non_striker": "Babar Azam",
              "runs": {
                "batter": 0,
                "extras": 0,
                "total": 0
              }
            },
            {
              "batter": "Maaz Sadaqat",
              "bowler": "KR Mayers",
              "extras": {
                "wides": 1
              },
              "non_striker": "Babar Azam",
              "runs": {
                "batter": 0,
                "extras": 1,
                "total": 1
              }
            },
            {
              "batter": "Maaz Sadaqat",
              "bowler": "KR Mayers",
              "non_striker": "Babar Azam",
              "runs": {
                "batter": 6,
                "extras": 0,
                "total": 6
              }
            },
            {
              "batter": "Maaz Sadaqat",
              "bowler": "KR Mayers",
              "non_striker": "Babar Azam",
              "runs": {
                "batter": 1,
                "extras": 0,
                "total": 1
              }
            },
            {
              "batter": "Babar Azam",
              "bowler": "KR Mayers",
              "non_striker": "Maaz Sadaqat",
              "runs": {
                "batter": 1,
                "extras": 0,
                "total": 1
              }
            },
            {
              "batter": "Maaz Sadaqat",
              "bowler": "KR Mayers",
              "non_striker": "Babar Azam",
              "runs": {
                "batter": 6,
                "extras": 0,
                "total": 6
              }
            }
          ]
        },
        {
          "over": 10,
          "deliveries": [
            {
              "batter": "Babar Azam",
              "bowler": "Imad Wasim",
              "non_striker": "Maaz Sadaqat",
              "runs": {
                "batter": 1,
                "extras": 0,
                "total": 1
              }
            },
            {
              "batter": "Maaz Sadaqat",
              "bowler": "Imad Wasim",
              "non_striker": "Babar Azam",
              "runs": {
                "batter": 1,
                "extras": 0,
                "total": 1
              }
            },
            {
              "batter": "Babar Azam",
              "bowler": "Imad Wasim",
              "non_striker": "Maaz Sadaqat",
              "runs": {
                "batter": 2,
                "extras": 0,
                "total": 2
              }
            },
            {
              "batter": "Babar Azam",
              "bowler": "Imad Wasim",
              "non_striker": "Maaz Sadaqat",
              "runs": {
                "batter": 2,
                "extras": 0,
                "total": 2
              }
            },
            {
              "batter": "Babar Azam",
              "bowler": "Imad Wasim",
              "non_striker": "Maaz Sadaqat",
              "runs": {
                "batter": 1,
                "extras": 0,
                "total": 1
              }
            },
            {
              "batter": "Maaz Sadaqat",
              "bowler": "Imad Wasim",
              "non_striker": "Babar Azam",
              "runs": {
                "batter": 1,
                "extras": 0,
                "total": 1
              }
            }
          ]
        },
        {
          "over": 11,
          "deliveries": [
            {
              "batter": "Maaz Sadaqat",
              "bowler": "Naseem Shah",
              "non_striker": "Babar Azam",
              "runs": {
                "batter": 0,
                "extras": 0,
                "total": 0
              }
            },
            {
              "batter": "Maaz Sadaqat",
              "bowler": "Naseem Shah",
              "non_striker": "Babar Azam",
              "runs": {
                "batter": 4,
                "extras": 0,
                "total": 4
              }
            },
            {
              "batter": "Maaz Sadaqat",
              "bowler": "Naseem Shah",
              "non_striker": "Babar Azam",
              "runs": {
                "batter": 1,
                "extras": 0,
                "total": 1
              }
            },
            {
              "batter": "Babar Azam",
              "bowler": "Naseem Shah",
              "non_striker": "Maaz Sadaqat",
              "runs": {
                "batter": 1,
                "extras": 0,
                "total": 1
              }
            },
            {
              "batter": "Maaz Sadaqat",
              "bowler": "Naseem Shah",
              "non_striker": "Babar Azam",
              "runs": {
                "batter": 2,
                "extras": 0,
                "total": 2
              }
            },
            {
              "batter": "Maaz Sadaqat",
              "bowler": "Naseem Shah",
              "non_striker": "Babar Azam",
              "runs": {
                "batter": 1,
                "extras": 0,
                "total": 1
              }
            }
          ]
        },
        {
          "over": 12,
          "deliveries": [
            {
              "batter": "Maaz Sadaqat",
              "bowler": "BJ Dwarshuis",
              "non_striker": "Babar Azam",
              "runs": {
                "batter": 1,
                "extras": 0,
                "total": 1
              }
            },
            {
              "batter": "Babar Azam",
              "bowler": "BJ Dwarshuis",
              "non_striker": "Maaz Sadaqat",
              "runs": {
                "batter": 1,
                "extras": 0,
                "total": 1
              }
            },
            {
              "batter": "Maaz Sadaqat",
              "bowler": "BJ Dwarshuis",
              "non_striker": "Babar Azam",
              "runs": {
                "batter": 6,
                "extras": 0,
                "total": 6
              }
            },
            {
              "batter": "Maaz Sadaqat",
              "bowler": "BJ Dwarshuis",
              "non_striker": "Babar Azam",
              "runs": {
                "batter": 0,
                "extras": 0,
                "total": 0
              }
            },
            {
              "batter": "Maaz Sadaqat",
              "bowler": "BJ Dwarshuis",
              "non_striker": "Babar Azam",
              "runs": {
                "batter": 1,
                "extras": 0,
                "total": 1
              }
            },
            {
              "batter": "Babar Azam",
              "bowler": "BJ Dwarshuis",
              "non_striker": "Maaz Sadaqat",
              "runs": {
                "batter": 0,
                "extras": 0,
                "total": 0
              }
            }
          ]
        },
        {
          "over": 13,
          "deliveries": [
            {
              "batter": "Maaz Sadaqat",
              "bowler": "Saad Masood",
              "non_striker": "Babar Azam",
              "runs": {
                "batter": 4,
                "extras": 0,
                "total": 4
              }
            },
            {
              "batter": "Maaz Sadaqat",
              "bowler": "Saad Masood",
              "non_striker": "Babar Azam",
              "runs": {
                "batter": 0,
                "extras": 0,
                "total": 0
              }
            },
            {
              "batter": "Maaz Sadaqat",
              "bowler": "Saad Masood",
              "extras": {
                "wides": 5
              },
              "non_striker": "Babar Azam",
              "runs": {
                "batter": 0,
                "extras": 5,
                "total": 5
              }
            },
            {
              "batter": "Maaz Sadaqat",
              "bowler": "Saad Masood",
              "non_striker": "Babar Azam",
              "runs": {
                "batter": 4,
                "extras": 0,
                "total": 4
              }
            },
            {
              "batter": "Maaz Sadaqat",
              "bowler": "Saad Masood",
              "non_striker": "Babar Azam",
              "runs": {
                "batter": 2,
                "extras": 0,
                "total": 2
              }
            },
            {
              "batter": "Maaz Sadaqat",
              "bowler": "Saad Masood",
              "non_striker": "Babar Azam",
              "runs": {
                "batter": 1,
                "extras": 0,
                "total": 1
              }
            },
            {
              "batter": "Babar Azam",
              "bowler": "Saad Masood",
              "extras": {
                "noballs": 1
              },
              "non_striker": "Maaz Sadaqat",
              "runs": {
                "batter": 1,
                "extras": 1,
                "total": 2
              }
            },
            {
              "batter": "Maaz Sadaqat",
              "bowler": "Saad Masood",
              "extras": {
                "noballs": 1
              },
              "non_striker": "Babar Azam",
              "runs": {
                "batter": 1,
                "extras": 1,
                "total": 2
              }
            },
            {
              "batter": "Babar Azam",
              "bowler": "Saad Masood",
              "non_striker": "Maaz Sadaqat",
              "runs": {
                "batter": 0,
                "extras": 0,
                "total": 0
              }
            }
          ]
        },
        {
          "over": 14,
          "deliveries": [
            {
              "batter": "Maaz Sadaqat",
              "bowler": "RP Meredith",
              "non_striker": "Babar Azam",
              "runs": {
                "batter": 4,
                "extras": 0,
                "total": 4
              }
            },
            {
              "batter": "Maaz Sadaqat",
              "bowler": "RP Meredith",
              "non_striker": "Babar Azam",
              "runs": {
                "batter": 1,
                "extras": 0,
                "total": 1
              }
            },
            {
              "batter": "Babar Azam",
              "bowler": "RP Meredith",
              "non_striker": "Maaz Sadaqat",
              "runs": {
                "batter": 0,
                "extras": 0,
                "total": 0
              }
            },
            {
              "batter": "Babar Azam",
              "bowler": "RP Meredith",
              "non_striker": "Maaz Sadaqat",
              "runs": {
                "batter": 6,
                "extras": 0,
                "total": 6
              }
            },
            {
              "batter": "Babar Azam",
              "bowler": "RP Meredith",
              "extras": {
                "wides": 1
              },
              "non_striker": "Maaz Sadaqat",
              "runs": {
                "batter": 0,
                "extras": 1,
                "total": 1
              }
            },
            {
              "batter": "Babar Azam",
              "bowler": "RP Meredith",
              "non_striker": "Maaz Sadaqat",
              "runs": {
                "batter": 0,
                "extras": 0,
                "total": 0
              }
            },
            {
              "batter": "Babar Azam",
              "bowler": "RP Meredith",
              "non_striker": "Maaz Sadaqat",
              "runs": {
                "batter": 1,
                "extras": 0,
                "total": 1
              }
            }
          ]
        },
        {
          "over": 15,
          "deliveries": [
            {
              "batter": "Babar Azam",
              "bowler": "Naseem Shah",
              "non_striker": "Maaz Sadaqat",
              "runs": {
                "batter": 0,
                "extras": 0,
                "total": 0
              }
            },
            {
              "batter": "Babar Azam",
              "bowler": "Naseem Shah",
              "non_striker": "Maaz Sadaqat",
              "runs": {
                "batter": 4,
                "extras": 0,
                "total": 4
              }
            },
            {
              "batter": "Babar Azam",
              "bowler": "Naseem Shah",
              "non_striker": "Maaz Sadaqat",
              "runs": {
                "batter": 0,
                "extras": 0,
                "total": 0
              }
            },
            {
              "batter": "Babar Azam",
              "bowler": "Naseem Shah",
              "non_striker": "Maaz Sadaqat",
              "runs": {
                "batter": 1,
                "extras": 0,
                "total": 1
              }
            },
            {
              "batter": "Maaz Sadaqat",
              "bowler": "Naseem Shah",
              "non_striker": "Babar Azam",
              "runs": {
                "batter": 0,
                "extras": 0,
                "total": 0
              },
              "wickets": [
                {
                  "player_out": "Maaz Sadaqat",
                  "fielders": [
                    {
                      "name": "Azam Khan"
                    }
                  ],
                  "kind": "caught"
                }
              ]
            },
            {
              "batter": "M Bryant",
              "bowler": "Naseem Shah",
              "non_striker": "Babar Azam",
              "runs": {
                "batter": 0,
                "extras": 0,
                "total": 0
              }
            }
          ]
        },
        {
          "over": 16,
          "deliveries": [
            {
              "batter": "Babar Azam",
              "bowler": "BJ Dwarshuis",
              "non_striker": "M Bryant",
              "runs": {
                "batter": 2,
                "extras": 0,
                "total": 2
              }
            },
            {
              "batter": "Babar Azam",
              "bowler": "BJ Dwarshuis",
              "non_striker": "M Bryant",
              "runs": {
                "batter": 1,
                "extras": 0,
                "total": 1
              }
            },
            {
              "batter": "M Bryant",
              "bowler": "BJ Dwarshuis",
              "non_striker": "Babar Azam",
              "runs": {
                "batter": 0,
                "extras": 0,
                "total": 0
              }
            },
            {
              "batter": "M Bryant",
              "bowler": "BJ Dwarshuis",
              "non_striker": "Babar Azam",
              "runs": {
                "batter": 4,
                "extras": 0,
                "total": 4
              }
            }
          ]
        }
      ],
      "powerplays": [
        {
          "from": 0.1,
          "to": 5.6,
          "type": "mandatory"
        }
      ],
      "target": {
        "overs": 20,
        "runs": 144
      }
    }
  ]
}