{
  "meta": {
    "data_version": "1.1.0",
    "created": "2025-05-23",
    "revision": 1
  },
  "info": {
    "balls_per_over": 6,
    "city": "Lahore",
    "dates": [
      "2025-05-23"
    ],
    "event": {
      "name": "Pakistan Super League",
      "stage": "Qualifier 2"
    },
    "gender": "male",
    "match_type": "T20",
    "officials": {
      "match_referees": [
        "RS Mahanama"
      ],
      "reserve_umpires": [
        "Nasir Hussain"
      ],
      "tv_umpires": [
        "Rashid Riaz"
      ],
      "umpires": [
        "Asif Yaqoob",
        "Faisal Afridi"
      ]
    },
    "outcome": {
      "winner": "Lahore Qalandars",
      "by": {
        "runs": 95
      }
    },
    "overs": 20,
    "player_of_match": [
      "Salman Mirza"
    ],
    "players": {
      "Lahore Qalandars": [
        "Fakhar Zaman",
        "Muhammad Naeem",
        "Abdullah Shafique",
        "MDKJ Perera",
        "PBB Rajapaksa",
        "Asif Ali",
        "Shaheen Shah Afridi",
        "Shakib Al Hasan",
        "Rishad Hossain",
        "Haris Rauf",
        "Salman Mirza"
      ],
      "Islamabad United": [
        "Sahibzada Farhan",
        "Muhammad Shahzad",
        "HE van der Dussen",
        "Agha Salman",
        "Imad Wasim",
        "Shadab Khan",
        "JDS Neesham",
        "Haider Ali",
        "Naseem Shah",
        "TS Mills",
        "Salman Irshad"
      ]
    },
    "registry": {
      "people": {
        "Abdullah Shafique": "fc2fffb5",
        "Agha Salman": "89c16049",
        "Asif Ali": "0a4736eb",
        "Asif Yaqoob": "6b35790c",
        "Faisal Afridi": "ed0bc503",
        "Fakhar Zaman": "1777c020",
        "HE van der Dussen": "9948e262",
        "Haider Ali": "c13e34f4",
        "Haris Rauf": "24bb1c2f",
        "Imad Wasim": "9cb8d7a6",
        "JDS Neesham": "9219eff0",
        "MDKJ Perera": "f21043a5",
        "Mohammad Nawaz": "3086f7a4",
        "Muhammad Naeem": "e35b7b91",
        "Muhammad Shahzad": "f59b2121",
        "Naseem Shah": "9c9af282",
        "Nasir Hussain": "5b2fe85b",
        "PBB Rajapaksa": "6c882e9a",
        "RS Mahanama": "57910393",
        "Rashid Riaz": "fb82725e",
        "Rishad Hossain": "5935d694",
        "Sahibzada Farhan": "1aba45cd",
        "Salman Irshad": "30afc92b",
        "Salman Mirza": "7ab1eab7",
        "Shadab Khan": "9de62878",
        "Shaheen Shah Afridi": "45a7e761",
        "Shakib Al Hasan": "7dc35884",
        "TS Mills": "245c97cb"
      }
    },
    "season": "2025",
    "team_type": "club",
    "teams": [
      "Lahore Qalandars",
      "Islamabad United"
    ],
    "toss": {
      "decision": "bat",
      "winner": "Lahore Qalandars"
    },
    "venue": "Gaddafi Stadium, Lahore"
  },
  "innings": [
    {
      "team": "Lahore Qalandars",
      "overs": [
        {
          "over": 0,
          "deliveries": [
            {
              "batter": "Fakhar Zaman",
              "bowler": "Naseem Shah",
              "non_striker": "Muhammad Naeem",
              "runs": {
                "batter": 0,
                "extras": 0,
                "total": 0
              }
            },
            {
              "batter": "Fakhar Zaman",
              "bowler": "Naseem Shah",
              "non_striker": "Muhammad Naeem",
              "runs": {
                "batter": 4,
                "extras": 0,
                "total": 4
              }
            },
            {
              "batter": "Fakhar Zaman",
              "bowler": "Naseem Shah",
              "non_striker": "Muhammad Naeem",
              "runs": {
                "batter": 0,
                "extras": 0,
                "total": 0
              }
            },
            {
              "batter": "Fakhar Zaman",
              "bowler": "Naseem Shah",
              "non_striker": "Muhammad Naeem",
              "runs": {
                "batter": 4,
                "extras": 0,
                "total": 4
              }
            },
            {
              "batter": "Fakhar Zaman",
              "bowler": "Naseem Shah",
              "non_striker": "Muhammad Naeem",
              "runs": {
                "batter": 0,
                "extras": 0,
                "total": 0
              }
            },
            {
              "batter": "Fakhar Zaman",
              "bowler": "Naseem Shah",
              "non_striker": "Muhammad Naeem",
              "runs": {
                "batter": 0,
                "extras": 0,
                "total": 0
              }
            }
          ]
        },
        {
          "over": 1,
          "deliveries": [
            {
              "batter": "Muhammad Naeem",
              "bowler": "TS Mills",
              "non_striker": "Fakhar Zaman",
              "runs": {
                "batter": 1,
                "extras": 0,
                "total": 1
              }
            },
            {
              "batter": "Fakhar Zaman",
              "bowler": "TS Mills",
              "non_striker": "Muhammad Naeem",
              "runs": {
                "batter": 0,
                "extras": 0,
                "total": 0
              }
            },
            {
              "batter": "Fakhar Zaman",
              "bowler": "TS Mills",
              "non_striker": "Muhammad Naeem",
              "runs": {
                "batter": 4,
                "extras": 0,
                "total": 4
              }
            },
            {
              "batter": "Fakhar Zaman",
              "bowler": "TS Mills",
              "non_striker": "Muhammad Naeem",
              "runs": {
                "batter": 0,
                "extras": 0,
                "total": 0
              }
            },
            {
              "batter": "Fakhar Zaman",
              "bowler": "TS Mills",
              "non_striker": "Muhammad Naeem",
              "runs": {
                "batter": 0,
                "extras": 0,
                "total": 0
              }
            },
            {
              "batter": "Fakhar Zaman",
              "bowler": "TS Mills",
              "non_striker": "Muhammad Naeem",
              "runs": {
                "batter": 0,
                "extras": 0,
                "total": 0
              },
              "wickets": [
                {
                  "player_out": "Fakhar Zaman",
                  "fielders": [
                    {
                      "name": "Sahibzada Farhan"
                    }
                  ],
                  "kind": "caught"
                }
              ]
            }
          ]
        },
        {
          "over": 2,
          "deliveries": [
            {
              "batter": "Muhammad Naeem",
              "bowler": "Naseem Shah",
              "non_striker": "Abdullah Shafique",
              "runs": {
                "batter": 4,
                "extras": 0,
                "total": 4
              }
            },
            {
              "batter": "Muhammad Naeem",
              "bowler": "Naseem Shah",
              "non_striker": "Abdullah Shafique",
              "runs": {
                "batter": 1,
                "extras": 0,
                "total": 1
              }
            },
            {
              "batter": "Abdullah Shafique",
              "bowler": "Naseem Shah",
              "non_striker": "Muhammad Naeem",
              "runs": {
                "batter": 0,
                "extras": 0,
                "total": 0
              }
            },
            {
              "batter": "Abdullah Shafique",
              "bowler": "Naseem Shah",
              "non_striker": "Muhammad Naeem",
              "runs": {
                "batter": 0,
                "extras": 0,
                "total": 0
              }
            },
            {
              "batter": "Abdullah Shafique",
              "bowler": "Naseem Shah",
              "non_striker": "Muhammad Naeem",
              "runs": {
                "batter": 0,
                "extras": 0,
                "total": 0
              }
            },
            {
              "batter": "Abdullah Shafique",
              "bowler": "Naseem Shah",
              "non_striker": "Muhammad Naeem",
              "runs": {
                "batter": 0,
                "extras": 0,
                "total": 0
              }
            }
          ]
        },
        {
          "over": 3,
          "deliveries": [
            {
              "batter": "Muhammad Naeem",
              "bowler": "TS Mills",
              "non_striker": "Abdullah Shafique",
              "runs": {
                "batter": 4,
                "extras": 0,
                "total": 4
              }
            },
            {
              "batter": "Muhammad Naeem",
              "bowler": "TS Mills",
              "non_striker": "Abdullah Shafique",
              "runs": {
                "batter": 1,
                "extras": 0,
                "total": 1
              }
            },
            {
              "batter": "Abdullah Shafique",
              "bowler": "TS Mills",
              "non_striker": "Muhammad Naeem",
              "runs": {
                "batter": 4,
                "extras": 0,
                "total": 4
              }
            },
            {
              "batter": "Abdullah Shafique",
              "bowler": "TS Mills",
              "non_striker": "Muhammad Naeem",
              "runs": {
                "batter": 2,
                "extras": 0,
                "total": 2
              }
            },
            {
              "batter": "Abdullah Shafique",
              "bowler": "TS Mills",
              "non_striker": "Muhammad Naeem",
              "runs": {
                "batter": 0,
                "extras": 0,
                "total": 0
              }
            },
            {
              "batter": "Abdullah Shafique",
              "bowler": "TS Mills",
              "non_striker": "Muhammad Naeem",
              "runs": {
                "batter": 0,
                "extras": 0,
                "total": 0
              }
            }
          ]
        },
        {
          "over": 4,
          "deliveries": [
            {
              "batter": "Muhammad Naeem",
              "bowler": "Naseem Shah",
              "non_striker": "Abdullah Shafique",
              "runs": {
                "batter": 0,
                "extras": 0,
                "total": 0
              }
            },
            {
              "batter": "Muhammad Naeem",
              "bowler": "Naseem Shah",
              "non_striker": "Abdullah Shafique",
              "runs": {
                "batter": 4,
                "extras": 0,
                "total": 4
              }
            },
            {
              "batter": "Muhammad Naeem",
              "bowler": "Naseem Shah",
              "non_striker": "Abdullah Shafique",
              "runs": {
                "batter": 0,
                "extras": 0,
                "total": 0
              }
            },
            {
              "batter": "Muhammad Naeem",
              "bowler": "Naseem Shah",
              "non_striker": "Abdullah Shafique",
              "runs": {
                "batter": 4,
                "extras": 0,
                "total": 4
              }
            },
            {
              "batter": "Muhammad Naeem",
              "bowler": "Naseem Shah",
              "non_striker": "Abdullah Shafique",
              "runs": {
                "batter": 6,
                "extras": 0,
                "total": 6
              }
            },
            {
              "batter": "Muhammad Naeem",
              "bowler": "Naseem Shah",
              "non_striker": "Abdullah Shafique",
              "runs": {
                "batter": 4,
                "extras": 0,
                "total": 4
              }
            }
          ]
        },
        {
          "over": 5,
          "deliveries": [
            {
              "batter": "Abdullah Shafique",
              "bowler": "Salman Irshad",
              "non_striker": "Muhammad Naeem",
              "runs": {
                "batter": 4,
                "extras": 0,
                "total": 4
              }
            },
            {
              "batter": "Abdullah Shafique",
              "bowler": "Salman Irshad",
              "non_striker": "Muhammad Naeem",
              "runs": {
                "batter": 1,
                "extras": 0,
                "total": 1
              }
            },
            {
              "batter": "Muhammad Naeem",
              "bowler": "Salman Irshad",
              "non_striker": "Abdullah Shafique",
              "runs": {
                "batter": 1,
                "extras": 0,
                "total": 1
              }
            },
            {
              "batter": "Abdullah Shafique",
              "bowler": "Salman Irshad",
              "non_striker": "Muhammad Naeem",
              "runs": {
                "batter": 1,
                "extras": 0,
                "total": 1
              }
            },
            {
              "batter": "Muhammad Naeem",
              "bowler": "Salman Irshad",
              "non_striker": "Abdullah Shafique",
              "runs": {
                "batter": 4,
                "extras": 0,
                "total": 4
              }
            },
            {
              "batter": "Muhammad Naeem",
              "bowler": "Salman Irshad",
              "non_striker": "Abdullah Shafique",
              "runs": {
                "batter": 0,
                "extras": 0,
                "total": 0
              }
            }
          ]
        },
        {
          "over": 6,
          "deliveries": [
            {
              "batter": "Abdullah Shafique",
              "bowler": "Imad Wasim",
              "non_striker": "Muhammad Naeem",
              "runs": {
                "batter": 1,
                "extras": 0,
                "total": 1
              }
            },
            {
              "batter": "Muhammad Naeem",
              "bowler": "Imad Wasim",
              "non_striker": "Abdullah Shafique",
              "runs": {
                "batter": 1,
                "extras": 0,
                "total": 1
              }
            },
            {
              "batter": "Abdullah Shafique",
              "bowler": "Imad Wasim",
              "non_striker": "Muhammad Naeem",
              "runs": {
                "batter": 1,
                "extras": 0,
                "total": 1
              }
            },
            {
              "batter": "Muhammad Naeem",
              "bowler": "Imad Wasim",
              "extras": {
                "legbyes": 1
              },
              "non_striker": "Abdullah Shafique",
              "runs": {
                "batter": 0,
                "extras": 1,
                "total": 1
              }
            },
            {
              "batter": "Abdullah Shafique",
              "bowler": "Imad Wasim",
              "non_striker": "Muhammad Naeem",
              "runs": {
                "batter": 1,
                "extras": 0,
                "total": 1
              }
            },
            {
              "batter": "Muhammad Naeem",
              "bowler": "Imad Wasim",
              "non_striker": "Abdullah Shafique",
              "runs": {
                "batter": 1,
                "extras": 0,
                "total": 1
              }
            }
          ]
        },
        {
          "over": 7,
          "deliveries": [
            {
              "batter": "Muhammad Naeem",
              "bowler": "Shadab Khan",
              "extras": {
                "wides": 1
              },
              "non_striker": "Abdullah Shafique",
              "runs": {
                "batter": 0,
                "extras": 1,
                "total": 1
              }
            },
            {
              "batter": "Muhammad Naeem",
              "bowler": "Shadab Khan",
              "non_striker": "Abdullah Shafique",
              "runs": {
                "batter": 0,
                "extras": 0,
                "total": 0
              }
            },
            {
              "batter": "Muhammad Naeem",
              "bowler": "Shadab Khan",
              "non_striker": "Abdullah Shafique",
              "runs": {
                "batter": 4,
                "extras": 0,
                "total": 4
              }
            },
            {
              "batter": "Muhammad Naeem",
              "bowler": "Shadab Khan",
              "extras": {
                "wides": 1
              },
              "non_striker": "Abdullah Shafique",
              "runs": {
                "batter": 0,
                "extras": 1,
                "total": 1
              }
            },
            {
              "batter": "Muhammad Naeem",
              "bowler": "Shadab Khan",
              "non_striker": "Abdullah Shafique",
              "runs": {
                "batter": 6,
                "extras": 0,
                "total": 6
              }
            },
            {
              "batter": "Muhammad Naeem",
              "bowler": "Shadab Khan",
              "non_striker": "Abdullah Shafique",
              "runs": {
                "batter": 1,
                "extras": 0,
                "total": 1
              }
            },
            {
              "batter": "Abdullah Shafique",
              "bowler": "Shadab Khan",
              "non_striker": "Muhammad Naeem",
              "runs": {
                "batter": 1,
                "extras": 0,
                "total": 1
              }
            },
            {
              "batter": "Muhammad Naeem",
              "bowler": "Shadab Khan",
              "non_striker": "Abdullah Shafique",
              "runs": {
                "batter": 1,
                "extras": 0,
                "total": 1
              }
            }
          ]
        },
        {
          "over": 8,
          "deliveries": [
            {
              "batter": "Muhammad Naeem",
              "bowler": "Imad Wasim",
              "non_striker": "Abdullah Shafique",
              "runs": {
                "batter": 1,
                "extras": 0,
                "total": 1
              }
            },
            {
              "batter": "Abdullah Shafique",
              "bowler": "Imad Wasim",
              "non_striker": "Muhammad Naeem",
              "runs": {
                "batter": 1,
                "extras": 0,
                "total": 1
              }
            },
            {
              "batter": "Muhammad Naeem",
              "bowler": "Imad Wasim",
              "non_striker": "Abdullah Shafique",
              "runs": {
                "batter": 1,
                "extras": 0,
                "total": 1
              }
            },
            {
              "batter": "Abdullah Shafique",
              "bowler": "Imad Wasim",
              "non_striker": "Muhammad Naeem",
              "runs": {
                "batter": 0,
                "extras": 0,
                "total": 0
              }
            },
            {
              "batter": "Abdullah Shafique",
              "bowler": "Imad Wasim",
              "non_striker": "Muhammad Naeem",
              "runs": {
                "batter": 1,
                "extras": 0,
                "total": 1
              }
            },
            {
              "batter": "Muhammad Naeem",
              "bowler": "Imad Wasim",
              "non_striker": "Abdullah Shafique",
              "runs": {
                "batter": 0,
                "extras": 0,
                "total": 0
              },
              "wickets": [
                {
                  "player_out": "Muhammad Naeem",
                  "fielders": [
                    {
                      "name": "Sahibzada Farhan"
                    }
                  ],
                  "kind": "stumped"
                }
              ]
            }
          ]
        },
        {
          "over": 9,
          "deliveries": [
            {
              "batter": "Abdullah Shafique",
              "bowler": "Shadab Khan",
              "non_striker": "MDKJ Perera",
              "runs": {
                "batter": 0,
                "extras": 0,
                "total": 0
              }
            },
            {
              "batter": "Abdullah Shafique",
              "bowler": "Shadab Khan",
              "non_striker": "MDKJ Perera",
              "runs": {
                "batter": 1,
                "extras": 0,
                "total": 1
              }
            },
            {
              "batter": "MDKJ Perera",
              "bowler": "Shadab Khan",
              "non_striker": "Abdullah Shafique",
              "runs": {
                "batter": 0,
                "extras": 0,
                "total": 0
              }
            },
            {
              "batter": "MDKJ Perera",
              "bowler": "Shadab Khan",
              "non_striker": "Abdullah Shafique",
              "runs": {
                "batter": 4,
                "extras": 0,
                "total": 4
              }
            },
            {
              "batter": "MDKJ Perera",
              "bowler": "Shadab Khan",
              "non_striker": "Abdullah Shafique",
              "runs": {
                "batter": 1,
                "extras": 0,
                "total": 1
              }
            },
            {
              "batter": "Abdullah Shafique",
              "bowler": "Shadab Khan",
              "non_striker": "MDKJ Perera",
              "runs": {
                "batter": 4,
                "extras": 0,
                "total": 4
              }
            }
          ]
        },
        {
          "over": 10,
          "deliveries": [
            {
              "batter": "MDKJ Perera",
              "bowler": "Imad Wasim",
              "non_striker": "Abdullah Shafique",
              "runs": {
                "batter": 0,
                "extras": 0,
                "total": 0
              }
            },
            {
              "batter": "MDKJ Perera",
              "bowler": "Imad Wasim",
              "non_striker": "Abdullah Shafique",
              "runs": {
                "batter": 0,
                "extras": 0,
                "total": 0
              }
            },
            {
              "batter": "MDKJ Perera",
              "bowler": "Imad Wasim",
              "non_striker": "Abdullah Shafique",
              "runs": {
                "batter": 1,
                "extras": 0,
                "total": 1
              }
            },
            {
              "batter": "Abdullah Shafique",
              "bowler": "Imad Wasim",
              "non_striker": "MDKJ Perera",
              "runs": {
                "batter": 1,
                "extras": 0,
                "total": 1
              }
            },
            {
              "batter": "MDKJ Perera",
              "bowler": "Imad Wasim",
              "non_striker": "Abdullah Shafique",
              "runs": {
                "batter": 4,
                "extras": 0,
                "total": 4
              }
            },
            {
              "batter": "MDKJ Perera",
              "bowler": "Imad Wasim",
              "non_striker": "Abdullah Shafique",
              "runs": {
                "batter": 1,
                "extras": 0,
                "total": 1
              }
            }
          ]
        },
        {
          "over": 11,
          "deliveries": [
            {
              "batter": "MDKJ Perera",
              "bowler": "JDS Neesham",
              "non_striker": "Abdullah Shafique",
              "runs": {
                "batter": 1,
                "extras": 0,
                "total": 1
              }
            },
            {
              "batter": "Abdullah Shafique",
              "bowler": "JDS Neesham",
              "non_striker": "MDKJ Perera",
              "runs": {
                "batter": 1,
                "extras": 0,
                "total": 1
              }
            },
            {
              "batter": "MDKJ Perera",
              "bowler": "JDS Neesham",
              "non_striker": "Abdullah Shafique",
              "runs": {
                "batter": 1,
                "extras": 0,
                "total": 1
              }
            },
            {
              "batter": "Abdullah Shafique",
              "bowler": "JDS Neesham",
              "non_striker": "MDKJ Perera",
              "runs": {
                "batter": 0,
                "extras": 0,
                "total": 0
              },
              "wickets": [
                {
                  "player_out": "Abdullah Shafique",
                  "fielders": [
                    {
                      "name": "Shadab Khan"
                    }
                  ],
                  "kind": "caught"
                }
              ]
            },
            {
              "batter": "PBB Rajapaksa",
              "bowler": "JDS Neesham",
              "extras": {
                "legbyes": 1
              },
              "non_striker": "MDKJ Perera",
              "runs": {
                "batter": 0,
                "extras": 1,
                "total": 1
              }
            },
            {
              "batter": "MDKJ Perera",
              "bowler": "JDS Neesham",
              "non_striker": "PBB Rajapaksa",
              "runs": {
                "batter": 4,
                "extras": 0,
                "total": 4
              }
            }
          ]
        },
        {
          "over": 12,
          "deliveries": [
            {
              "batter": "PBB Rajapaksa",
              "bowler": "Agha Salman",
              "non_striker": "MDKJ Perera",
              "runs": {
                "batter": 1,
                "extras": 0,
                "total": 1
              }
            },
            {
              "batter": "MDKJ Perera",
              "bowler": "Agha Salman",
              "non_striker": "PBB Rajapaksa",
              "runs": {
                "batter": 1,
                "extras": 0,
                "total": 1
              }
            },
            {
              "batter": "PBB Rajapaksa",
              "bowler": "Agha Salman",
              "non_striker": "MDKJ Perera",
              "runs": {
                "batter": 1,
                "extras": 0,
                "total": 1
              }
            },
            {
              "batter": "MDKJ Perera",
              "bowler": "Agha Salman",
              "non_striker": "PBB Rajapaksa",
              "runs": {
                "batter": 0,
                "extras": 0,
                "total": 0
              }
            },
            {
              "batter": "MDKJ Perera",
              "bowler": "Agha Salman",
              "non_striker": "PBB Rajapaksa",
              "runs": {
                "batter": 4,
                "extras": 0,
                "total": 4
              }
            },
            {
              "batter": "MDKJ Perera",
              "bowler": "Agha Salman",
              "non_striker": "PBB Rajapaksa",
              "runs": {
                "batter": 1,
                "extras": 0,
                "total": 1
              }
            }
          ]
        },
        {
          "over": 13,
          "deliveries": [
            {
              "batter": "MDKJ Perera",
              "bowler": "Salman Irshad",
              "non_striker": "PBB Rajapaksa",
              "runs": {
                "batter": 4,
                "extras": 0,
                "total": 4
              }
            },
            {
              "batter": "MDKJ Perera",
              "bowler": "Salman Irshad",
              "non_striker": "PBB Rajapaksa",
              "runs": {
                "batter": 1,
                "extras": 0,
                "total": 1
              }
            },
            {
              "batter": "PBB Rajapaksa",
              "bowler": "Salman Irshad",
              "non_striker": "MDKJ Perera",
              "runs": {
                "batter": 0,
                "extras": 0,
                "total": 0
              }
            },
            {
              "batter": "PBB Rajapaksa",
              "bowler": "Salman Irshad",
              "non_striker": "MDKJ Perera",
              "runs": {
                "batter": 1,
                "extras": 0,
                "total": 1
              }
            },
            {
              "batter": "MDKJ Perera",
              "bowler": "Salman Irshad",
              "non_striker": "PBB Rajapaksa",
              "runs": {
                "batter": 1,
                "extras": 0,
                "total": 1
              }
            },
            {
              "batter": "PBB Rajapaksa",
              "bowler": "Salman Irshad",
              "non_striker": "MDKJ Perera",
              "runs": {
                "batter": 4,
                "extras": 0,
                "total": 4
              }
            }
          ]
        },
        {
          "over": 14,
          "deliveries": [
            {
              "batter": "MDKJ Perera",
              "bowler": "Agha Salman",
              "non_striker": "PBB Rajapaksa",
              "runs": {
                "batter": 2,
                "extras": 0,
                "total": 2
              }
            },
            {
              "batter": "MDKJ Perera",
              "bowler": "Agha Salman",
              "non_striker": "PBB Rajapaksa",
              "runs": {
                "batter": 1,
                "extras": 0,
                "total": 1
              }
            },
            {
              "batter": "PBB Rajapaksa",
              "bowler": "Agha Salman",
              "non_striker": "MDKJ Perera",
              "runs": {
                "batter": 1,
                "extras": 0,
                "total": 1
              }
            },
            {
              "batter": "MDKJ Perera",
              "bowler": "Agha Salman",
              "non_striker": "PBB Rajapaksa",
              "runs": {
                "batter": 1,
                "extras": 0,
                "total": 1
              }
            },
            {
              "batter": "PBB Rajapaksa",
              "bowler": "Agha Salman",
              "non_striker": "MDKJ Perera",
              "runs": {
                "batter": 1,
                "extras": 0,
                "total": 1
              }
            },
            {
              "batter": "MDKJ Perera",
              "bowler": "Agha Salman",
              "non_striker": "PBB Rajapaksa",
              "runs": {
                "batter": 0,
                "extras": 0,
                "total": 0
              }
            }
          ]
        },
        {
          "over": 15,
          "deliveries": [
            {
              "batter": "PBB Rajapaksa",
              "bowler": "TS Mills",
              "non_striker": "MDKJ Perera",
              "runs": {
                "batter": 6,
                "extras": 0,
                "total": 6
              }
            },
            {
              "batter": "PBB Rajapaksa",
              "bowler": "TS Mills",
              "non_striker": "MDKJ Perera",
              "runs": {
                "batter": 4,
                "extras": 0,
                "total": 4
              }
            },
            {
              "batter": "PBB Rajapaksa",
              "bowler": "TS Mills",
              "extras": {
                "wides": 1
              },
              "non_striker": "MDKJ Perera",
              "runs": {
                "batter": 0,
                "extras": 1,
                "total": 1
              }
            },
            {
              "batter": "PBB Rajapaksa",
              "bowler": "TS Mills",
              "non_striker": "MDKJ Perera",
              "runs": {
                "batter": 2,
                "extras": 0,
                "total": 2
              }
            },
            {
              "batter": "PBB Rajapaksa",
              "bowler": "TS Mills",
              "non_striker": "MDKJ Perera",
              "runs": {
                "batter": 1,
                "extras": 0,
                "total": 1
              }
            },
            {
              "batter": "MDKJ Perera",
              "bowler": "TS Mills",
              "non_striker": "PBB Rajapaksa",
              "runs": {
                "batter": 2,
                "extras": 0,
                "total": 2
              }
            },
            {
              "batter": "MDKJ Perera",
              "bowler": "TS Mills",
              "non_striker": "PBB Rajapaksa",
              "runs": {
                "batter": 1,
                "extras": 0,
                "total": 1
              }
            }
          ]
        },
        {
          "over": 16,
          "deliveries": [
            {
              "batter": "MDKJ Perera",
              "bowler": "Salman Irshad",
              "non_striker": "PBB Rajapaksa",
              "runs": {
                "batter": 1,
                "extras": 0,
                "total": 1
              }
            },
            {
              "batter": "PBB Rajapaksa",
              "bowler": "Salman Irshad",
              "non_striker": "MDKJ Perera",
              "runs": {
                "batter": 0,
                "extras": 0,
                "total": 0
              },
              "wickets": [
                {
                  "player_out": "PBB Rajapaksa",
                  "kind": "bowled"
                }
              ]
            },
            {
              "batter": "Asif Ali",
              "bowler": "Salman Irshad",
              "non_striker": "MDKJ Perera",
              "runs": {
                "batter": 1,
                "extras": 0,
                "total": 1
              }
            },
            {
              "batter": "MDKJ Perera",
              "bowler": "Salman Irshad",
              "non_striker": "Asif Ali",
              "runs": {
                "batter": 1,
                "extras": 0,
                "total": 1
              }
            },
            {
              "batter": "Asif Ali",
              "bowler": "Salman Irshad",
              "non_striker": "MDKJ Perera",
              "runs": {
                "batter": 1,
                "extras": 0,
                "total": 1
              }
            },
            {
              "batter": "MDKJ Perera",
              "bowler": "Salman Irshad",
              "non_striker": "Asif Ali",
              "runs": {
                "batter": 1,
                "extras": 0,
                "total": 1
              }
            }
          ]
        },
        {
          "over": 17,
          "deliveries": [
            {
              "batter": "MDKJ Perera",
              "bowler": "Naseem Shah",
              "non_striker": "Asif Ali",
              "runs": {
                "batter": 4,
                "extras": 0,
                "total": 4
              }
            },
            {
              "batter": "MDKJ Perera",
              "bowler": "Naseem Shah",
              "non_striker": "Asif Ali",
              "runs": {
                "batter": 0,
                "extras": 0,
                "total": 0
              }
            },
            {
              "batter": "MDKJ Perera",
              "bowler": "Naseem Shah",
              "non_striker": "Asif Ali",
              "runs": {
                "batter": 6,
                "extras": 0,
                "total": 6
              }
            },
            {
              "batter": "MDKJ Perera",
              "bowler": "Naseem Shah",
              "extras": {
                "noballs": 1
              },
              "non_striker": "Asif Ali",
              "runs": {
                "batter": 6,
                "extras": 1,
                "total": 7
              }
            },
            {
              "batter": "MDKJ Perera",
              "bowler": "Naseem Shah",
              "extras": {
                "wides": 2
              },
              "non_striker": "Asif Ali",
              "runs": {
                "batter": 0,
                "extras": 2,
                "total": 2
              }
            },
            {
              "batter": "Asif Ali",
              "bowler": "Naseem Shah",
              "non_striker": "MDKJ Perera",
              "runs": {
                "batter": 1,
                "extras": 0,
                "total": 1
              }
            },
            {
              "batter": "MDKJ Perera",
              "bowler": "Naseem Shah",
              "non_striker": "Asif Ali",
              "runs": {
                "batter": 1,
                "extras": 0,
                "total": 1
              }
            },
            {
              "batter": "Asif Ali",
              "bowler": "Naseem Shah",
              "non_striker": "MDKJ Perera",
              "runs": {
                "batter": 0,
                "extras": 0,
                "total": 0
              }
            }
          ]
        },
        {
          "over": 18,
          "deliveries": [
            {
              "batter": "MDKJ Perera",
              "bowler": "Salman Irshad",
              "non_striker": "Asif Ali",
              "runs": {
                "batter": 1,
                "extras": 0,
                "total": 1
              }
            },
            {
              "batter": "Asif Ali",
              "bowler": "Salman Irshad",
              "non_striker": "MDKJ Perera",
              "runs": {
                "batter": 6,
                "extras": 0,
                "total": 6
              }
            },
            {
              "batter": "Asif Ali",
              "bowler": "Salman Irshad",
              "non_striker": "MDKJ Perera",
              "runs": {
                "batter": 6,
                "extras": 0,
                "total": 6
              }
            },
            {
              "batter": "Asif Ali",
              "bowler": "Salman Irshad",
              "non_striker": "MDKJ Perera",
              "runs": {
                "batter": 0,
                "extras": 0,
                "total": 0
              },
              "wickets": [
                {
                  "player_out": "Asif Ali",
                  "fielders": [
                    {
                      "name": "Agha Salman"
                    }
                  ],
                  "kind": "caught"
                }
              ]
            },
            {
              "batter": "Shaheen Shah Afridi",
              "bowler": "Salman Irshad",
              "non_striker": "MDKJ Perera",
              "runs": {
                "batter": 0,
                "extras": 0,
                "total": 0
              }
            },
            {
              "batter": "Shaheen Shah Afridi",
              "bowler": "Salman Irshad",
              "extras": {
                "legbyes": 4
              },
              "non_striker": "MDKJ Perera",
              "runs": {
                "batter": 0,
                "extras": 4,
                "total": 4
              }
            }
          ]
        },
        {
          "over": 19,
          "deliveries": [
            {
              "batter": "MDKJ Perera",
              "bowler": "TS Mills",
              "non_striker": "Shaheen Shah Afridi",
              "runs": {
                "batter": 4,
                "extras": 0,
                "total": 4
              }
            },
            {
              "batter": "MDKJ Perera",
              "bowler": "TS Mills",
              "non_striker": "Shaheen Shah Afridi",
              "runs": {
                "batter": 0,
                "extras": 0,
                "total": 0
              },
              "wickets": [
                {
                  "player_out": "MDKJ Perera",
                  "kind": "bowled"
                }
              ]
            },
            {
              "batter": "Shakib Al Hasan",
              "bowler": "TS Mills",
              "non_striker": "Shaheen Shah Afridi",
              "runs": {
                "batter": 0,
                "extras": 0,
                "total": 0
              }
            },
            {
              "batter": "Shakib Al Hasan",
              "bowler": "TS Mills",
              "non_striker": "Shaheen Shah Afridi",
              "runs": {
                "batter": 0,
                "extras": 0,
                "total": 0
              },
              "wickets": [
                {
                  "player_out": "Shakib Al Hasan",
                  "fielders": [
                    {
                      "name": "Mohammad Nawaz",
                      "substitute": true
                    }
                  ],
                  "kind": "caught"
                }
              ]
            },
            {
              "batter": "Rishad Hossain",
              "bowler": "TS Mills",
              "non_striker": "Shaheen Shah Afridi",
              "runs": {
                "batter": 4,
                "extras": 0,
                "total": 4
              }
            },
            {
              "batter": "Rishad Hossain",
              "bowler": "TS Mills",
              "non_striker": "Shaheen Shah Afridi",
              "runs": {
                "batter": 1,
                "extras": 0,
                "total": 1
              },
              "wickets": [
                {
                  "player_out": "Rishad Hossain",
                  "fielders": [
                    {
                      "name": "Sahibzada Farhan"
                    },
                    {
                      "name": "JDS Neesham"
                    }
                  ],
                  "kind": "run out"
                }
              ]
            }
          ]
        }
      ],
      "powerplays": [
        {
          "from": 0.1,
          "to": 5.6,
          "type": "mandatory"
        }
      ]
    },
    {
      "team": "Islamabad United",
      "overs": [
        {
          "over": 0,
          "deliveries": [
            {
              "batter": "Sahibzada Farhan",
              "bowler": "Shaheen Shah Afridi",
              "non_striker": "Muhammad Shahzad",
              "runs": {
                "batter": 0,
                "extras": 0,
                "total": 0
              }
            },
            {
              "batter": "Sahibzada Farhan",
              "bowler": "Shaheen Shah Afridi",
              "non_striker": "Muhammad Shahzad",
              "runs": {
                "batter": 0,
                "extras": 0,
                "total": 0
              }
            },
            {
              "batter": "Sahibzada Farhan",
              "bowler": "Shaheen Shah Afridi",
              "non_striker": "Muhammad Shahzad",
              "runs": {
                "batter": 1,
                "extras": 0,
                "total": 1
              }
            },
            {
              "batter": "Muhammad Shahzad",
              "bowler": "Shaheen Shah Afridi",
              "non_striker": "Sahibzada Farhan",
              "runs": {
                "batter": 0,
                "extras": 0,
                "total": 0
              }
            },
            {
              "batter": "Muhammad Shahzad",
              "bowler": "Shaheen Shah Afridi",
              "non_striker": "Sahibzada Farhan",
              "runs": {
                "batter": 0,
                "extras": 0,
                "total": 0
              }
            },
            {
              "batter": "Muhammad Shahzad",
              "bowler": "Shaheen Shah Afridi",
              "non_striker": "Sahibzada Farhan",
              "runs": {
                "batter": 0,
                "extras": 0,
                "total": 0
              },
              "wickets": [
                {
                  "player_out": "Muhammad Shahzad",
                  "kind": "bowled"
                }
              ]
            }
          ]
        },
        {
          "over": 1,
          "deliveries": [
            {
              "batter": "Sahibzada Farhan",
              "bowler": "Salman Mirza",
              "non_striker": "HE van der Dussen",
              "runs": {
                "batter": 2,
                "extras": 0,
                "total": 2
              }
            },
            {
              "batter": "Sahibzada Farhan",
              "bowler": "Salman Mirza",
              "non_striker": "HE van der Dussen",
              "runs": {
                "batter": 0,
                "extras": 0,
                "total": 0
              },
              "wickets": [
                {
                  "player_out": "Sahibzada Farhan",
                  "kind": "bowled"
                }
              ]
            },
            {
              "batter": "Agha Salman",
              "bowler": "Salman Mirza",
              "non_striker": "HE van der Dussen",
              "runs": {
                "batter": 1,
                "extras": 0,
                "total": 1
              }
            },
            {
              "batter": "HE van der Dussen",
              "bowler": "Salman Mirza",
              "non_striker": "Agha Salman",
              "runs": {
                "batter": 0,
                "extras": 0,
                "total": 0
              }
            },
            {
              "batter": "HE van der Dussen",
              "bowler": "Salman Mirza",
              "non_striker": "Agha Salman",
              "runs": {
                "batter": 2,
                "extras": 0,
                "total": 2
              }
            },
            {
              "batter": "HE van der Dussen",
              "bowler": "Salman Mirza",
              "non_striker": "Agha Salman",
              "runs": {
                "batter": 4,
                "extras": 0,
                "total": 4
              }
            }
          ]
        },
        {
          "over": 2,
          "deliveries": [
            {
              "batter": "Agha Salman",
              "bowler": "Shaheen Shah Afridi",
              "non_striker": "HE van der Dussen",
              "runs": {
                "batter": 0,
                "extras": 0,
                "total": 0
              }
            },
            {
              "batter": "Agha Salman",
              "bowler": "Shaheen Shah Afridi",
              "non_striker": "HE van der Dussen",
              "runs": {
                "batter": 1,
                "extras": 0,
                "total": 1
              }
            },
            {
              "batter": "HE van der Dussen",
              "bowler": "Shaheen Shah Afridi",
              "non_striker": "Agha Salman",
              "runs": {
                "batter": 0,
                "extras": 0,
                "total": 0
              }
            },
            {
              "batter": "HE van der Dussen",
              "bowler": "Shaheen Shah Afridi",
              "non_striker": "Agha Salman",
              "runs": {
                "batter": 1,
                "extras": 0,
                "total": 1
              }
            },
            {
              "batter": "Agha Salman",
              "bowler": "Shaheen Shah Afridi",
              "non_striker": "HE van der Dussen",
              "runs": {
                "batter": 0,
                "extras": 0,
                "total": 0
              }
            },
            {
              "batter": "Agha Salman",
              "bowler": "Shaheen Shah Afridi",
              "non_striker": "HE van der Dussen",
              "runs": {
                "batter": 0,
                "extras": 0,
                "total": 0
              }
            }
          ]
        },
        {
          "over": 3,
          "deliveries": [
            {
              "batter": "HE van der Dussen",
              "bowler": "Salman Mirza",
              "non_striker": "Agha Salman",
              "runs": {
                "batter": 0,
                "extras": 0,
                "total": 0
              }
            },
            {
              "batter": "HE van der Dussen",
              "bowler": "Salman Mirza",
              "non_striker": "Agha Salman",
              "runs": {
                "batter": 0,
                "extras": 0,
                "total": 0
              },
              "wickets": [
                {
                  "player_out": "HE van der Dussen",
                  "fielders": [
                    {
                      "name": "MDKJ Perera"
                    }
                  ],
                  "kind": "caught"
                }
              ]
            },
            {
              "batter": "Imad Wasim",
              "bowler": "Salman Mirza",
              "extras": {
                "wides": 1
              },
              "non_striker": "Agha Salman",
              "runs": {
                "batter": 0,
                "extras": 1,
                "total": 1
              }
            },
            {
              "batter": "Imad Wasim",
              "bowler": "Salman Mirza",
              "non_striker": "Agha Salman",
              "runs": {
                "batter": 0,
                "extras": 0,
                "total": 0
              }
            },
            {
              "batter": "Imad Wasim",
              "bowler": "Salman Mirza",
              "extras": {
                "wides": 1
              },
              "non_striker": "Agha Salman",
              "runs": {
                "batter": 0,
                "extras": 1,
                "total": 1
              }
            },
            {
              "batter": "Imad Wasim",
              "bowler": "Salman Mirza",
              "non_striker": "Agha Salman",
              "runs": {
                "batter": 0,
                "extras": 0,
                "total": 0
              }
            },
            {
              "batter": "Imad Wasim",
              "bowler": "Salman Mirza",
              "non_striker": "Agha Salman",
              "runs": {
                "batter": 0,
                "extras": 0,
                "total": 0
              }
            },
            {
              "batter": "Imad Wasim",
              "bowler": "Salman Mirza",
              "non_striker": "Agha Salman",
              "runs": {
                "batter": 0,
                "extras": 0,
                "total": 0
              }
            }
          ]
        },
        {
          "over": 4,
          "deliveries": [
            {
              "batter": "Agha Salman",
              "bowler": "Haris Rauf",
              "extras": {
                "wides": 1
              },
              "non_striker": "Imad Wasim",
              "runs": {
                "batter": 0,
                "extras": 1,
                "total": 1
              }
            },
            {
              "batter": "Agha Salman",
              "bowler": "Haris Rauf",
              "non_striker": "Imad Wasim",
              "runs": {
                "batter": 4,
                "extras": 0,
                "total": 4
              }
            },
            {
              "batter": "Agha Salman",
              "bowler": "Haris Rauf",
              "non_striker": "Imad Wasim",
              "runs": {
                "batter": 0,
                "extras": 0,
                "total": 0
              }
            },
            {
              "batter": "Agha Salman",
              "bowler": "Haris Rauf",
              "non_striker": "Imad Wasim",
              "runs": {
                "batter": 4,
                "extras": 0,
                "total": 4
              }
            },
            {
              "batter": "Agha Salman",
              "bowler": "Haris Rauf",
              "extras": {
                "legbyes": 1
              },
              "non_striker": "Imad Wasim",
              "runs": {
                "batter": 0,
                "extras": 1,
                "total": 1
              }
            },
            {
              "batter": "Imad Wasim",
              "bowler": "Haris Rauf",
              "non_striker": "Agha Salman",
              "runs": {
                "batter": 0,
                "extras": 0,
                "total": 0
              }
            },
            {
              "batter": "Imad Wasim",
              "bowler": "Haris Rauf",
              "non_striker": "Agha Salman",
              "runs": {
                "batter": 4,
                "extras": 0,
                "total": 4
              }
            }
          ]
        },
        {
          "over": 5,
          "deliveries": [
            {
              "batter": "Agha Salman",
              "bowler": "Salman Mirza",
              "non_striker": "Imad Wasim",
              "runs": {
                "batter": 1,
                "extras": 0,
                "total": 1
              }
            },
            {
              "batter": "Imad Wasim",
              "bowler": "Salman Mirza",
              "non_striker": "Agha Salman",
              "runs": {
                "batter": 0,
                "extras": 0,
                "total": 0
              }
            },
            {
              "batter": "Imad Wasim",
              "bowler": "Salman Mirza",
              "non_striker": "Agha Salman",
              "runs": {
                "batter": 4,
                "extras": 0,
                "total": 4
              }
            },
            {
              "batter": "Imad Wasim",
              "bowler": "Salman Mirza",
              "non_striker": "Agha Salman",
              "runs": {
                "batter": 0,
                "extras": 0,
                "total": 0
              }
            },
            {
              "batter": "Imad Wasim",
              "bowler": "Salman Mirza",
              "non_striker": "Agha Salman",
              "runs": {
                "batter": 0,
                "extras": 0,
                "total": 0
              },
              "wickets": [
                {
                  "player_out": "Imad Wasim",
                  "fielders": [
                    {
                      "name": "Fakhar Zaman"
                    }
                  ],
                  "kind": "caught"
                }
              ]
            },
            {
              "batter": "Shadab Khan",
              "bowler": "Salman Mirza",
              "non_striker": "Agha Salman",
              "runs": {
                "batter": 0,
                "extras": 0,
                "total": 0
              }
            }
          ]
        },
        {
          "over": 6,
          "deliveries": [
            {
              "batter": "Agha Salman",
              "bowler": "Shakib Al Hasan",
              "non_striker": "Shadab Khan",
              "runs": {
                "batter": 2,
                "extras": 0,
                "total": 2
              }
            },
            {
              "batter": "Agha Salman",
              "bowler": "Shakib Al Hasan",
              "non_striker": "Shadab Khan",
              "runs": {
                "batter": 1,
                "extras": 0,
                "total": 1
              }
            },
            {
              "batter": "Shadab Khan",
              "bowler": "Shakib Al Hasan",
              "non_striker": "Agha Salman",
              "runs": {
                "batter": 1,
                "extras": 0,
                "total": 1
              }
            },
            {
              "batter": "Agha Salman",
              "bowler": "Shakib Al Hasan",
              "non_striker": "Shadab Khan",
              "runs": {
                "batter": 0,
                "extras": 0,
                "total": 0
              }
            },
            {
              "batter": "Agha Salman",
              "bowler": "Shakib Al Hasan",
              "non_striker": "Shadab Khan",
              "runs": {
                "batter": 4,
                "extras": 0,
                "total": 4
              }
            },
            {
              "batter": "Agha Salman",
              "bowler": "Shakib Al Hasan",
              "non_striker": "Shadab Khan",
              "runs": {
                "batter": 1,
                "extras": 0,
                "total": 1
              }
            }
          ]
        },
        {
          "over": 7,
          "deliveries": [
            {
              "batter": "Agha Salman",
              "bowler": "Rishad Hossain",
              "non_striker": "Shadab Khan",
              "runs": {
                "batter": 4,
                "extras": 0,
                "total": 4
              }
            },
            {
              "batter": "Agha Salman",
              "bowler": "Rishad Hossain",
              "non_striker": "Shadab Khan",
              "runs": {
                "batter": 0,
                "extras": 0,
                "total": 0
              }
            },
            {
              "batter": "Agha Salman",
              "bowler": "Rishad Hossain",
              "non_striker": "Shadab Khan",
              "runs": {
                "batter": 2,
                "extras": 0,
                "total": 2
              }
            },
            {
              "batter": "Agha Salman",
              "bowler": "Rishad Hossain",
              "non_striker": "Shadab Khan",
              "runs": {
                "batter": 6,
                "extras": 0,
                "total": 6
              }
            },
            {
              "batter": "Agha Salman",
              "bowler": "Rishad Hossain",
              "non_striker": "Shadab Khan",
              "runs": {
                "batter": 1,
                "extras": 0,
                "total": 1
              }
            },
            {
              "batter": "Shadab Khan",
              "bowler": "Rishad Hossain",
              "non_striker": "Agha Salman",
              "runs": {
                "batter": 1,
                "extras": 0,
                "total": 1
              }
            }
          ]
        },
        {
          "over": 8,
          "deliveries": [
            {
              "batter": "Shadab Khan",
              "bowler": "Shakib Al Hasan",
              "non_striker": "Agha Salman",
              "runs": {
                "batter": 1,
                "extras": 0,
                "total": 1
              }
            },
            {
              "batter": "Agha Salman",
              "bowler": "Shakib Al Hasan",
              "non_striker": "Shadab Khan",
              "runs": {
                "batter": 0,
                "extras": 0,
                "total": 0
              }
            },
            {
              "batter": "Agha Salman",
              "bowler": "Shakib Al Hasan",
              "non_striker": "Shadab Khan",
              "runs": {
                "batter": 1,
                "extras": 0,
                "total": 1
              }
            },
            {
              "batter": "Shadab Khan",
              "bowler": "Shakib Al Hasan",
              "non_striker": "Agha Salman",
              "runs": {
                "batter": 6,
                "extras": 0,
                "total": 6
              }
            },
            {
              "batter": "Shadab Khan",
              "bowler": "Shakib Al Hasan",
              "non_striker": "Agha Salman",
              "runs": {
                "batter": 1,
                "extras": 0,
                "total": 1
              }
            },
            {
              "batter": "Agha Salman",
              "bowler": "Shakib Al Hasan",
              "non_striker": "Shadab Khan",
              "runs": {
                "batter": 0,
                "extras": 0,
                "total": 0
              }
            }
          ]
        },
        {
          "over": 9,
          "deliveries": [
            {
              "batter": "Shadab Khan",
              "bowler": "Rishad Hossain",
              "non_striker": "Agha Salman",
              "runs": {
                "batter": 6,
                "extras": 0,
                "total": 6
              }
            },
            {
              "batter": "Shadab Khan",
              "bowler": "Rishad Hossain",
              "non_striker": "Agha Salman",
              "runs": {
                "batter": 1,
                "extras": 0,
                "total": 1
              }
            },
            {
              "batter": "Agha Salman",
              "bowler": "Rishad Hossain",
              "non_striker": "Shadab Khan",
              "runs": {
                "batter": 0,
                "extras": 0,
                "total": 0
              }
            },
            {
              "batter": "Agha Salman",
              "bowler": "Rishad Hossain",
              "non_striker": "Shadab Khan",
              "runs": {
                "batter": 0,
                "extras": 0,
                "total": 0
              }
            },
            {
              "batter": "Agha Salman",
              "bowler": "Rishad Hossain",
              "non_striker": "Shadab Khan",
              "runs": {
                "batter": 0,
                "extras": 0,
                "total": 0
              },
              "wickets": [
                {
                  "player_out": "Agha Salman",
                  "fielders": [
                    {
                      "name": "Muhammad Naeem"
                    }
                  ],
                  "kind": "caught"
                }
              ]
            },
            {
              "batter": "JDS Neesham",
              "bowler": "Rishad Hossain",
              "non_striker": "Shadab Khan",
              "runs": {
                "batter": 0,
                "extras": 0,
                "total": 0
              }
            }
          ]
        },
        {
          "over": 10,
          "deliveries": [
            {
              "batter": "Shadab Khan",
              "bowler": "Haris Rauf",
              "non_striker": "JDS Neesham",
              "runs": {
                "batter": 0,
                "extras": 0,
                "total": 0
              }
            },
            {
              "batter": "Shadab Khan",
              "bowler": "Haris Rauf",
              "non_striker": "JDS Neesham",
              "runs": {
                "batter": 1,
                "extras": 0,
                "total": 1
              }
            },
            {
              "batter": "JDS Neesham",
              "bowler": "Haris Rauf",
              "non_striker": "Shadab Khan",
              "runs": {
                "batter": 1,
                "extras": 0,
                "total": 1
              }
            },
            {
              "batter": "Shadab Khan",
              "bowler": "Haris Rauf",
              "non_striker": "JDS Neesham",
              "runs": {
                "batter": 1,
                "extras": 0,
                "total": 1
              }
            },
            {
              "batter": "JDS Neesham",
              "bowler": "Haris Rauf",
              "extras": {
                "wides": 5
              },
              "non_striker": "Shadab Khan",
              "runs": {
                "batter": 0,
                "extras": 5,
                "total": 5
              }
            },
            {
              "batter": "JDS Neesham",
              "bowler": "Haris Rauf",
              "non_striker": "Shadab Khan",
              "runs": {
                "batter": 1,
                "extras": 0,
                "total": 1
              }
            },
            {
              "batter": "Shadab Khan",
              "bowler": "Haris Rauf",
              "non_striker": "JDS Neesham",
              "runs": {
                "batter": 1,
                "extras": 0,
                "total": 1
              }
            }
          ]
        },
        {
          "over": 11,
          "deliveries": [
            {
              "batter": "Shadab Khan",
              "bowler": "Rishad Hossain",
              "non_striker": "JDS Neesham",
              "runs": {
                "batter": 6,
                "extras": 0,
                "total": 6
              }
            },
            {
              "batter": "Shadab Khan",
              "bowler": "Rishad Hossain",
              "non_striker": "JDS Neesham",
              "runs": {
                "batter": 0,
                "extras": 0,
                "total": 0
              },
              "wickets": [
                {
                  "player_out": "Shadab Khan",
                  "fielders": [
                    {
                      "name": "Asif Ali"
                    }
                  ],
                  "kind": "caught"
                }
              ]
            },
            {
              "batter": "Haider Ali",
              "bowler": "Rishad Hossain",
              "non_striker": "JDS Neesham",
              "runs": {
                "batter": 1,
                "extras": 0,
                "total": 1
              }
            },
            {
              "batter": "JDS Neesham",
              "bowler": "Rishad Hossain",
              "non_striker": "Haider Ali",
              "runs": {
                "batter": 6,
                "extras": 0,
                "total": 6
              }
            },
            {
              "batter": "JDS Neesham",
              "bowler": "Rishad Hossain",
              "non_striker": "Haider Ali",
              "runs": {
                "batter": 0,
                "extras": 0,
                "total": 0
              },
              "wickets": [
                {
                  "player_out": "JDS Neesham",
                  "kind": "caught and bowled"
                }
              ]
            },
            {
              "batter": "Naseem Shah",
              "bowler": "Rishad Hossain",
              "non_striker": "Haider Ali",
              "runs": {
                "batter": 0,
                "extras": 0,
                "total": 0
              }
            }
          ]
        },
        {
          "over": 12,
          "deliveries": [
            {
              "batter": "Haider Ali",
              "bowler": "Shakib Al Hasan",
              "non_striker": "Naseem Shah",
              "runs": {
                "batter": 1,
                "extras": 0,
                "total": 1
              },
              "wickets": [
                {
                  "player_out": "Naseem Shah",
                  "fielders": [
                    {
                      "name": "Abdullah Shafique"
                    },
                    {
                      "name": "MDKJ Perera"
                    }
                  ],
                  "kind": "run out"
                }
              ]
            },
            {
              "batter": "TS Mills",
              "bowler": "Shakib Al Hasan",
              "non_striker": "Haider Ali",
              "runs": {
                "batter": 0,
                "extras": 0,
                "total": 0
              }
            },
            {
              "batter": "TS Mills",
              "bowler": "Shakib Al Hasan",
              "non_striker": "Haider Ali",
              "runs": {
                "batter": 6,
                "extras": 0,
                "total": 6
              }
            },
            {
              "batter": "TS Mills",
              "bowler": "Shakib Al Hasan",
              "non_striker": "Haider Ali",
              "runs": {
                "batter": 1,
                "extras": 0,
                "total": 1
              }
            },
            {
              "batter": "Haider Ali",
              "bowler": "Shakib Al Hasan",
              "non_striker": "TS Mills",
              "runs": {
                "batter": 1,
                "extras": 0,
                "total": 1
              }
            },
            {
              "batter": "TS Mills",
              "bowler": "Shakib Al Hasan",
              "non_striker": "Haider Ali",
              "runs": {
                "batter": 0,
                "extras": 0,
                "total": 0
              }
            }
          ]
        },
        {
          "over": 13,
          "deliveries": [
            {
              "batter": "Haider Ali",
              "bowler": "Shaheen Shah Afridi",
              "extras": {
                "legbyes": 1
              },
              "non_striker": "TS Mills",
              "runs": {
                "batter": 0,
                "extras": 1,
                "total": 1
              }
            },
            {
              "batter": "TS Mills",
              "bowler": "Shaheen Shah Afridi",
              "non_striker": "Haider Ali",
              "runs": {
                "batter": 0,
                "extras": 0,
                "total": 0
              }
            },
            {
              "batter": "TS Mills",
              "bowler": "Shaheen Shah Afridi",
              "non_striker": "Haider Ali",
              "runs": {
                "batter": 0,
                "extras": 0,
                "total": 0
              }
            },
            {
              "batter": "TS Mills",
              "bowler": "Shaheen Shah Afridi",
              "non_striker": "Haider Ali",
              "runs": {
                "batter": 0,
                "extras": 0,
                "total": 0
              }
            },
            {
              "batter": "TS Mills",
              "bowler": "Shaheen Shah Afridi",
              "non_striker": "Haider Ali",
              "runs": {
                "batter": 0,
                "extras": 0,
                "total": 0
              }
            },
            {
              "batter": "TS Mills",
              "bowler": "Shaheen Shah Afridi",
              "non_striker": "Haider Ali",
              "runs": {
                "batter": 0,
                "extras": 0,
                "total": 0
              },
              "wickets": [
                {
                  "player_out": "TS Mills",
                  "kind": "bowled"
                }
              ]
            }
          ]
        },
        {
          "over": 14,
          "deliveries": [
            {
              "batter": "Haider Ali",
              "bowler": "Haris Rauf",
              "extras": {
                "wides": 1
              },
              "non_striker": "Salman Irshad",
              "runs": {
                "batter": 0,
                "extras": 1,
                "total": 1
              }
            },
            {
              "batter": "Haider Ali",
              "bowler": "Haris Rauf",
              "non_striker": "Salman Irshad",
              "runs": {
                "batter": 0,
                "extras": 0,
                "total": 0
              }
            },
            {
              "batter": "Haider Ali",
              "bowler": "Haris Rauf",
              "non_striker": "Salman Irshad",
              "runs": {
                "batter": 0,
                "extras": 0,
                "total": 0
              }
            },
            {
              "batter": "Haider Ali",
              "bowler": "Haris Rauf",
              "non_striker": "Salman Irshad",
              "runs": {
                "batter": 0,
                "extras": 0,
                "total": 0
              }
            },
            {
              "batter": "Haider Ali",
              "bowler": "Haris Rauf",
              "non_striker": "Salman Irshad",
              "runs": {
                "batter": 0,
                "extras": 0,
                "total": 0
              }
            },
            {
              "batter": "Haider Ali",
              "bowler": "Haris Rauf",
              "non_striker": "Salman Irshad",
              "runs": {
                "batter": 0,
                "extras": 0,
                "total": 0
              }
            },
            {
              "batter": "Haider Ali",
              "bowler": "Haris Rauf",
              "non_striker": "Salman Irshad",
              "runs": {
                "batter": 1,
                "extras": 0,
                "total": 1
              }
            }
          ]
        },
        {
          "over": 15,
          "deliveries": [
            {
              "batter": "Haider Ali",
              "bowler": "Shaheen Shah Afridi",
              "non_striker": "Salman Irshad",
              "runs": {
                "batter": 0,
                "extras": 0,
                "total": 0
              },
              "wickets": [
                {
                  "player_out": "Haider Ali",
                  "fielders": [
                    {
                      "name": "Salman Mirza"
                    }
                  ],
                  "kind": "caught"
                }
              ]
            }
          ]
        }
      ],
      "powerplays": [
        {
          "from": 0.1,
          "to": 5.6,
          "type": "mandatory"
        }
      ],
      "target": {
        "overs": 20,
        "runs": 203
      }
    }
  ]
}