{
  "meta": {
    "data_version": "1.1.0",
    "created": "2025-05-20",
    "revision": 1
  },
  "info": {
    "balls_per_over": 6,
    "city": "Rawalpindi",
    "dates": [
      "2025-05-18"
    ],
    "event": {
      "name": "Pakistan Super League",
      "match_number": 28
    },
    "gender": "male",
    "match_type": "T20",
    "officials": {
      "match_referees": [
        "Muhammad Javed"
      ],
      "reserve_umpires": [
        "Rashid Riaz"
      ],
      "tv_umpires": [
        "Ahsan Raza"
      ],
      "umpires": [
        "Asif Yaqoob",
        "Faisal Afridi"
      ]
    },
    "outcome": {
      "winner": "Quetta Gladiators",
      "by": {
        "wickets": 2
      }
    },
    "overs": 20,
    "player_of_match": [
      "Hassan Nawaz"
    ],
    "players": {
      "Multan Sultans": [
        "Yasir Khan",
        "Mohammad Rizwan",
        "Jahanzaib Sultan",
        "Tayyab Tahir",
        "Hamayun Altaf",
        "Aamer Azmat",
        "P Hatzoglou",
        "Shahid Aziz",
        "Mohammad Hasnain",
        "Ubaid Shah",
        "D Madushanka"
      ],
      "Quetta Gladiators": [
        "Saud Shakeel",
        "Khawaja Nafay",
        "WIA Fernando",
        "Hassan Nawaz",
        "LD Chandimal",
        "Danish Aziz",
        "Faheem Ashraf",
        "Mohammad Wasim",
        "Abrar Ahmed",
        "Khurram Shahzad",
        "Usman Tariq"
      ]
    },
    "registry": {
      "people": {
        "Aamer Azmat": "935678ee",
        "Abrar Ahmed": "abb7c76c",
        "Ahsan Raza": "e0e5b209",
        "Asif Yaqoob": "6b35790c",
        "D Madushanka": "de7d833e",
        "Danish Aziz": "a4799701",
        "Faheem Ashraf": "bd4ea627",
        "Faisal Afridi": "ed0bc503",
        "Hamayun Altaf": "bc3e60ae",
        "Hassan Nawaz": "26a8b2fe",
        "Jahanzaib Sultan": "f4426e58",
        "Khawaja Nafay": "3cf54e77",
        "Khurram Shahzad": "27c5715d",
        "LD Chandimal": "8dd02a98",
        "Mohammad Hasnain": "8596fe80",
        "Mohammad Rizwan": "2f26ac1a",
        "Mohammad Wasim": "9e9af5f2",
        "Muhammad Javed": "bde2d0ea",
        "P Hatzoglou": "6f95e5fa",
        "Rashid Riaz": "fb82725e",
        "Saud Shakeel": "d07c1b2f",
        "Shahid Aziz": "8d964ae6",
        "Tayyab Tahir": "431f8af4",
        "Ubaid Shah": "cc535250",
        "Usman Tariq": "e94d1dcd",
        "WIA Fernando": "9550470d",
        "Yasir Khan": "4f1bb625"
      }
    },
    "season": "2025",
    "team_type": "club",
    "teams": [
      "Multan Sultans",
      "Quetta Gladiators"
    ],
    "toss": {
      "decision": "bat",
      "winner": "Multan Sultans"
    },
    "venue": "Rawalpindi Cricket Stadium"
  },
  "innings": [
    {
      "team": "Multan Sultans",
      "overs": [
        {
          "over": 0,
          "deliveries": [
            {
              "batter": "Yasir Khan",
              "bowler": "Khurram Shahzad",
              "non_striker": "Mohammad Rizwan",
              "runs": {
                "batter": 0,
                "extras": 0,
                "total": 0
              }
            },
            {
              "batter": "Yasir Khan",
              "bowler": "Khurram Shahzad",
              "non_striker": "Mohammad Rizwan",
              "runs": {
                "batter": 0,
                "extras": 0,
                "total": 0
              }
            },
            {
              "batter": "Yasir Khan",
              "bowler": "Khurram Shahzad",
              "non_striker": "Mohammad Rizwan",
              "runs": {
                "batter": 0,
                "extras": 0,
                "total": 0
              }
            },
            {
              "batter": "Yasir Khan",
              "bowler": "Khurram Shahzad",
              "non_striker": "Mohammad Rizwan",
              "runs": {
                "batter": 0,
                "extras": 0,
                "total": 0
              }
            },
            {
              "batter": "Yasir Khan",
              "bowler": "Khurram Shahzad",
              "non_striker": "Mohammad Rizwan",
              "runs": {
                "batter": 4,
                "extras": 0,
                "total": 4
              }
            },
            {
              "batter": "Yasir Khan",
              "bowler": "Khurram Shahzad",
              "non_striker": "Mohammad Rizwan",
              "runs": {
                "batter": 4,
                "extras": 0,
                "total": 4
              }
            }
          ]
        },
        {
          "over": 1,
          "deliveries": [
            {
              "batter": "Mohammad Rizwan",
              "bowler": "Faheem Ashraf",
              "non_striker": "Yasir Khan",
              "runs": {
                "batter": 4,
                "extras": 0,
                "total": 4
              }
            },
            {
              "batter": "Mohammad Rizwan",
              "bowler": "Faheem Ashraf",
              "non_striker": "Yasir Khan",
              "runs": {
                "batter": 0,
                "extras": 0,
                "total": 0
              },
              "wickets": [
                {
                  "player_out": "Mohammad Rizwan",
                  "kind": "bowled"
                }
              ]
            },
            {
              "batter": "Jahanzaib Sultan",
              "bowler": "Faheem Ashraf",
              "non_striker": "Yasir Khan",
              "runs": {
                "batter": 0,
                "extras": 0,
                "total": 0
              }
            },
            {
              "batter": "Jahanzaib Sultan",
              "bowler": "Faheem Ashraf",
              "non_striker": "Yasir Khan",
              "runs": {
                "batter": 0,
                "extras": 0,
                "total": 0
              }
            },
            {
              "batter": "Jahanzaib Sultan",
              "bowler": "Faheem Ashraf",
              "non_striker": "Yasir Khan",
              "runs": {
                "batter": 0,
                "extras": 0,
                "total": 0
              }
            },
            {
              "batter": "Jahanzaib Sultan",
              "bowler": "Faheem Ashraf",
              "non_striker": "Yasir Khan",
              "runs": {
                "batter": 3,
                "extras": 0,
                "total": 3
              }
            }
          ]
        },
        {
          "over": 2,
          "deliveries": [
            {
              "batter": "Jahanzaib Sultan",
              "bowler": "Khurram Shahzad",
              "non_striker": "Yasir Khan",
              "runs": {
                "batter": 0,
                "extras": 0,
                "total": 0
              }
            },
            {
              "batter": "Jahanzaib Sultan",
              "bowler": "Khurram Shahzad",
              "non_striker": "Yasir Khan",
              "runs": {
                "batter": 4,
                "extras": 0,
                "total": 4
              }
            },
            {
              "batter": "Jahanzaib Sultan",
              "bowler": "Khurram Shahzad",
              "non_striker": "Yasir Khan",
              "runs": {
                "batter": 4,
                "extras": 0,
                "total": 4
              }
            },
            {
              "batter": "Jahanzaib Sultan",
              "bowler": "Khurram Shahzad",
              "non_striker": "Yasir Khan",
              "runs": {
                "batter": 0,
                "extras": 0,
                "total": 0
              }
            },
            {
              "batter": "Jahanzaib Sultan",
              "bowler": "Khurram Shahzad",
              "non_striker": "Yasir Khan",
              "runs": {
                "batter": 1,
                "extras": 0,
                "total": 1
              }
            },
            {
              "batter": "Yasir Khan",
              "bowler": "Khurram Shahzad",
              "non_striker": "Jahanzaib Sultan",
              "runs": {
                "batter": 4,
                "extras": 0,
                "total": 4
              }
            }
          ]
        },
        {
          "over": 3,
          "deliveries": [
            {
              "batter": "Jahanzaib Sultan",
              "bowler": "Abrar Ahmed",
              "non_striker": "Yasir Khan",
              "runs": {
                "batter": 1,
                "extras": 0,
                "total": 1
              }
            },
            {
              "batter": "Yasir Khan",
              "bowler": "Abrar Ahmed",
              "non_striker": "Jahanzaib Sultan",
              "runs": {
                "batter": 2,
                "extras": 0,
                "total": 2
              }
            },
            {
              "batter": "Yasir Khan",
              "bowler": "Abrar Ahmed",
              "non_striker": "Jahanzaib Sultan",
              "runs": {
                "batter": 1,
                "extras": 0,
                "total": 1
              }
            },
            {
              "batter": "Jahanzaib Sultan",
              "bowler": "Abrar Ahmed",
              "non_striker": "Yasir Khan",
              "runs": {
                "batter": 0,
                "extras": 0,
                "total": 0
              }
            },
            {
              "batter": "Jahanzaib Sultan",
              "bowler": "Abrar Ahmed",
              "non_striker": "Yasir Khan",
              "runs": {
                "batter": 1,
                "extras": 0,
                "total": 1
              }
            },
            {
              "batter": "Yasir Khan",
              "bowler": "Abrar Ahmed",
              "non_striker": "Jahanzaib Sultan",
              "runs": {
                "batter": 0,
                "extras": 0,
                "total": 0
              }
            }
          ]
        },
        {
          "over": 4,
          "deliveries": [
            {
              "batter": "Jahanzaib Sultan",
              "bowler": "Mohammad Wasim",
              "non_striker": "Yasir Khan",
              "runs": {
                "batter": 2,
                "extras": 0,
                "total": 2
              }
            },
            {
              "batter": "Jahanzaib Sultan",
              "bowler": "Mohammad Wasim",
              "non_striker": "Yasir Khan",
              "runs": {
                "batter": 0,
                "extras": 0,
                "total": 0
              }
            },
            {
              "batter": "Jahanzaib Sultan",
              "bowler": "Mohammad Wasim",
              "non_striker": "Yasir Khan",
              "runs": {
                "batter": 0,
                "extras": 0,
                "total": 0
              }
            },
            {
              "batter": "Jahanzaib Sultan",
              "bowler": "Mohammad Wasim",
              "non_striker": "Yasir Khan",
              "runs": {
                "batter": 0,
                "extras": 0,
                "total": 0
              }
            },
            {
              "batter": "Jahanzaib Sultan",
              "bowler": "Mohammad Wasim",
              "extras": {
                "wides": 1
              },
              "non_striker": "Yasir Khan",
              "runs": {
                "batter": 0,
                "extras": 1,
                "total": 1
              }
            },
            {
              "batter": "Jahanzaib Sultan",
              "bowler": "Mohammad Wasim",
              "non_striker": "Yasir Khan",
              "runs": {
                "batter": 1,
                "extras": 0,
                "total": 1
              }
            },
            {
              "batter": "Yasir Khan",
              "bowler": "Mohammad Wasim",
              "non_striker": "Jahanzaib Sultan",
              "runs": {
                "batter": 1,
                "extras": 0,
                "total": 1
              }
            }
          ]
        },
        {
          "over": 5,
          "deliveries": [
            {
              "batter": "Yasir Khan",
              "bowler": "Abrar Ahmed",
              "non_striker": "Jahanzaib Sultan",
              "runs": {
                "batter": 4,
                "extras": 0,
                "total": 4
              }
            },
            {
              "batter": "Yasir Khan",
              "bowler": "Abrar Ahmed",
              "non_striker": "Jahanzaib Sultan",
              "runs": {
                "batter": 0,
                "extras": 0,
                "total": 0
              }
            },
            {
              "batter": "Yasir Khan",
              "bowler": "Abrar Ahmed",
              "non_striker": "Jahanzaib Sultan",
              "runs": {
                "batter": 6,
                "extras": 0,
                "total": 6
              }
            },
            {
              "batter": "Yasir Khan",
              "bowler": "Abrar Ahmed",
              "non_striker": "Jahanzaib Sultan",
              "runs": {
                "batter": 6,
                "extras": 0,
                "total": 6
              }
            },
            {
              "batter": "Yasir Khan",
              "bowler": "Abrar Ahmed",
              "non_striker": "Jahanzaib Sultan",
              "runs": {
                "batter": 1,
                "extras": 0,
                "total": 1
              }
            },
            {
              "batter": "Jahanzaib Sultan",
              "bowler": "Abrar Ahmed",
              "non_striker": "Yasir Khan",
              "runs": {
                "batter": 1,
                "extras": 0,
                "total": 1
              }
            }
          ]
        },
        {
          "over": 6,
          "deliveries": [
            {
              "batter": "Jahanzaib Sultan",
              "bowler": "Usman Tariq",
              "non_striker": "Yasir Khan",
              "runs": {
                "batter": 1,
                "extras": 0,
                "total": 1
              }
            },
            {
              "batter": "Yasir Khan",
              "bowler": "Usman Tariq",
              "non_striker": "Jahanzaib Sultan",
              "runs": {
                "batter": 0,
                "extras": 0,
                "total": 0
              }
            },
            {
              "batter": "Yasir Khan",
              "bowler": "Usman Tariq",
              "non_striker": "Jahanzaib Sultan",
              "runs": {
                "batter": 1,
                "extras": 0,
                "total": 1
              }
            },
            {
              "batter": "Jahanzaib Sultan",
              "bowler": "Usman Tariq",
              "non_striker": "Yasir Khan",
              "runs": {
                "batter": 6,
                "extras": 0,
                "total": 6
              }
            },
            {
              "batter": "Jahanzaib Sultan",
              "bowler": "Usman Tariq",
              "non_striker": "Yasir Khan",
              "runs": {
                "batter": 0,
                "extras": 0,
                "total": 0
              },
              "wickets": [
                {
                  "player_out": "Jahanzaib Sultan",
                  "fielders": [
                    {
                      "name": "Faheem Ashraf"
                    }
                  ],
                  "kind": "caught"
                }
              ]
            },
            {
              "batter": "Tayyab Tahir",
              "bowler": "Usman Tariq",
              "non_striker": "Yasir Khan",
              "runs": {
                "batter": 1,
                "extras": 0,
                "total": 1
              }
            }
          ]
        },
        {
          "over": 7,
          "deliveries": [
            {
              "batter": "Tayyab Tahir",
              "bowler": "Danish Aziz",
              "non_striker": "Yasir Khan",
              "runs": {
                "batter": 0,
                "extras": 0,
                "total": 0
              }
            },
            {
              "batter": "Tayyab Tahir",
              "bowler": "Danish Aziz",
              "non_striker": "Yasir Khan",
              "runs": {
                "batter": 1,
                "extras": 0,
                "total": 1
              }
            },
            {
              "batter": "Yasir Khan",
              "bowler": "Danish Aziz",
              "non_striker": "Tayyab Tahir",
              "runs": {
                "batter": 4,
                "extras": 0,
                "total": 4
              }
            },
            {
              "batter": "Yasir Khan",
              "bowler": "Danish Aziz",
              "non_striker": "Tayyab Tahir",
              "runs": {
                "batter": 4,
                "extras": 0,
                "total": 4
              }
            },
            {
              "batter": "Yasir Khan",
              "bowler": "Danish Aziz",
              "non_striker": "Tayyab Tahir",
              "runs": {
                "batter": 1,
                "extras": 0,
                "total": 1
              }
            },
            {
              "batter": "Tayyab Tahir",
              "bowler": "Danish Aziz",
              "non_striker": "Yasir Khan",
              "runs": {
                "batter": 0,
                "extras": 0,
                "total": 0
              }
            }
          ]
        },
        {
          "over": 8,
          "deliveries": [
            {
              "batter": "Yasir Khan",
              "bowler": "Usman Tariq",
              "non_striker": "Tayyab Tahir",
              "runs": {
                "batter": 0,
                "extras": 0,
                "total": 0
              }
            },
            {
              "batter": "Yasir Khan",
              "bowler": "Usman Tariq",
              "non_striker": "Tayyab Tahir",
              "runs": {
                "batter": 1,
                "extras": 0,
                "total": 1
              }
            },
            {
              "batter": "Tayyab Tahir",
              "bowler": "Usman Tariq",
              "non_striker": "Yasir Khan",
              "runs": {
                "batter": 1,
                "extras": 0,
                "total": 1
              }
            },
            {
              "batter": "Yasir Khan",
              "bowler": "Usman Tariq",
              "non_striker": "Tayyab Tahir",
              "runs": {
                "batter": 1,
                "extras": 0,
                "total": 1
              }
            },
            {
              "batter": "Tayyab Tahir",
              "bowler": "Usman Tariq",
              "non_striker": "Yasir Khan",
              "runs": {
                "batter": 1,
                "extras": 0,
                "total": 1
              }
            },
            {
              "batter": "Yasir Khan",
              "bowler": "Usman Tariq",
              "non_striker": "Tayyab Tahir",
              "runs": {
                "batter": 0,
                "extras": 0,
                "total": 0
              },
              "wickets": [
                {
                  "player_out": "Yasir Khan",
                  "kind": "lbw"
                }
              ]
            }
          ]
        },
        {
          "over": 9,
          "deliveries": [
            {
              "batter": "Tayyab Tahir",
              "bowler": "Mohammad Wasim",
              "non_striker": "Hamayun Altaf",
              "runs": {
                "batter": 0,
                "extras": 0,
                "total": 0
              }
            },
            {
              "batter": "Tayyab Tahir",
              "bowler": "Mohammad Wasim",
              "non_striker": "Hamayun Altaf",
              "runs": {
                "batter": 1,
                "extras": 0,
                "total": 1
              }
            },
            {
              "batter": "Hamayun Altaf",
              "bowler": "Mohammad Wasim",
              "non_striker": "Tayyab Tahir",
              "runs": {
                "batter": 0,
                "extras": 0,
                "total": 0
              }
            },
            {
              "batter": "Hamayun Altaf",
              "bowler": "Mohammad Wasim",
              "non_striker": "Tayyab Tahir",
              "runs": {
                "batter": 0,
                "extras": 0,
                "total": 0
              }
            },
            {
              "batter": "Hamayun Altaf",
              "bowler": "Mohammad Wasim",
              "non_striker": "Tayyab Tahir",
              "runs": {
                "batter": 1,
                "extras": 0,
                "total": 1
              }
            },
            {
              "batter": "Tayyab Tahir",
              "bowler": "Mohammad Wasim",
              "extras": {
                "legbyes": 1
              },
              "non_striker": "Hamayun Altaf",
              "runs": {
                "batter": 0,
                "extras": 1,
                "total": 1
              }
            }
          ]
        },
        {
          "over": 10,
          "deliveries": [
            {
              "batter": "Tayyab Tahir",
              "bowler": "Usman Tariq",
              "non_striker": "Hamayun Altaf",
              "runs": {
                "batter": 0,
                "extras": 0,
                "total": 0
              }
            },
            {
              "batter": "Tayyab Tahir",
              "bowler": "Usman Tariq",
              "non_striker": "Hamayun Altaf",
              "runs": {
                "batter": 6,
                "extras": 0,
                "total": 6
              }
            },
            {
              "batter": "Tayyab Tahir",
              "bowler": "Usman Tariq",
              "non_striker": "Hamayun Altaf",
              "runs": {
                "batter": 1,
                "extras": 0,
                "total": 1
              }
            },
            {
              "batter": "Hamayun Altaf",
              "bowler": "Usman Tariq",
              "non_striker": "Tayyab Tahir",
              "runs": {
                "batter": 0,
                "extras": 0,
                "total": 0
              }
            },
            {
              "batter": "Hamayun Altaf",
              "bowler": "Usman Tariq",
              "non_striker": "Tayyab Tahir",
              "runs": {
                "batter": 0,
                "extras": 0,
                "total": 0
              }
            },
            {
              "batter": "Hamayun Altaf",
              "bowler": "Usman Tariq",
              "non_striker": "Tayyab Tahir",
              "runs": {
                "batter": 2,
                "extras": 0,
                "total": 2
              }
            }
          ]
        },
        {
          "over": 11,
          "deliveries": [
            {
              "batter": "Tayyab Tahir",
              "bowler": "Faheem Ashraf",
              "non_striker": "Hamayun Altaf",
              "runs": {
                "batter": 4,
                "extras": 0,
                "total": 4
              }
            },
            {
              "batter": "Tayyab Tahir",
              "bowler": "Faheem Ashraf",
              "non_striker": "Hamayun Altaf",
              "runs": {
                "batter": 0,
                "extras": 0,
                "total": 0
              }
            },
            {
              "batter": "Tayyab Tahir",
              "bowler": "Faheem Ashraf",
              "non_striker": "Hamayun Altaf",
              "runs": {
                "batter": 4,
                "extras": 0,
                "total": 4
              }
            },
            {
              "batter": "Tayyab Tahir",
              "bowler": "Faheem Ashraf",
              "non_striker": "Hamayun Altaf",
              "runs": {
                "batter": 1,
                "extras": 0,
                "total": 1
              }
            },
            {
              "batter": "Hamayun Altaf",
              "bowler": "Faheem Ashraf",
              "non_striker": "Tayyab Tahir",
              "runs": {
                "batter": 4,
                "extras": 0,
                "total": 4
              }
            },
            {
              "batter": "Hamayun Altaf",
              "bowler": "Faheem Ashraf",
              "non_striker": "Tayyab Tahir",
              "runs": {
                "batter": 1,
                "extras": 0,
                "total": 1
              }
            }
          ]
        },
        {
          "over": 12,
          "deliveries": [
            {
              "batter": "Hamayun Altaf",
              "bowler": "Abrar Ahmed",
              "non_striker": "Tayyab Tahir",
              "runs": {
                "batter": 2,
                "extras": 0,
                "total": 2
              }
            },
            {
              "batter": "Hamayun Altaf",
              "bowler": "Abrar Ahmed",
              "non_striker": "Tayyab Tahir",
              "runs": {
                "batter": 1,
                "extras": 0,
                "total": 1
              }
            },
            {
              "batter": "Tayyab Tahir",
              "bowler": "Abrar Ahmed",
              "non_striker": "Hamayun Altaf",
              "runs": {
                "batter": 0,
                "extras": 0,
                "total": 0
              }
            },
            {
              "batter": "Tayyab Tahir",
              "bowler": "Abrar Ahmed",
              "non_striker": "Hamayun Altaf",
              "runs": {
                "batter": 1,
                "extras": 0,
                "total": 1
              }
            },
            {
              "batter": "Hamayun Altaf",
              "bowler": "Abrar Ahmed",
              "non_striker": "Tayyab Tahir",
              "runs": {
                "batter": 1,
                "extras": 0,
                "total": 1
              }
            },
            {
              "batter": "Tayyab Tahir",
              "bowler": "Abrar Ahmed",
              "non_striker": "Hamayun Altaf",
              "runs": {
                "batter": 6,
                "extras": 0,
                "total": 6
              }
            }
          ]
        },
        {
          "over": 13,
          "deliveries": [
            {
              "batter": "Hamayun Altaf",
              "bowler": "Khurram Shahzad",
              "non_striker": "Tayyab Tahir",
              "runs": {
                "batter": 4,
                "extras": 0,
                "total": 4
              }
            },
            {
              "batter": "Hamayun Altaf",
              "bowler": "Khurram Shahzad",
              "non_striker": "Tayyab Tahir",
              "runs": {
                "batter": 0,
                "extras": 0,
                "total": 0
              },
              "wickets": [
                {
                  "player_out": "Hamayun Altaf",
                  "fielders": [
                    {
                      "name": "Hassan Nawaz"
                    }
                  ],
                  "kind": "caught"
                }
              ]
            },
            {
              "batter": "Aamer Azmat",
              "bowler": "Khurram Shahzad",
              "non_striker": "Tayyab Tahir",
              "runs": {
                "batter": 1,
                "extras": 0,
                "total": 1
              }
            },
            {
              "batter": "Tayyab Tahir",
              "bowler": "Khurram Shahzad",
              "non_striker": "Aamer Azmat",
              "runs": {
                "batter": 1,
                "extras": 0,
                "total": 1
              }
            },
            {
              "batter": "Aamer Azmat",
              "bowler": "Khurram Shahzad",
              "non_striker": "Tayyab Tahir",
              "runs": {
                "batter": 4,
                "extras": 0,
                "total": 4
              }
            },
            {
              "batter": "Aamer Azmat",
              "bowler": "Khurram Shahzad",
              "non_striker": "Tayyab Tahir",
              "runs": {
                "batter": 0,
                "extras": 0,
                "total": 0
              }
            }
          ]
        },
        {
          "over": 14,
          "deliveries": [
            {
              "batter": "Tayyab Tahir",
              "bowler": "Usman Tariq",
              "non_striker": "Aamer Azmat",
              "runs": {
                "batter": 6,
                "extras": 0,
                "total": 6
              }
            },
            {
              "batter": "Tayyab Tahir",
              "bowler": "Usman Tariq",
              "extras": {
                "wides": 1
              },
              "non_striker": "Aamer Azmat",
              "runs": {
                "batter": 0,
                "extras": 1,
                "total": 1
              }
            },
            {
              "batter": "Tayyab Tahir",
              "bowler": "Usman Tariq",
              "non_striker": "Aamer Azmat",
              "runs": {
                "batter": 1,
                "extras": 0,
                "total": 1
              }
            },
            {
              "batter": "Aamer Azmat",
              "bowler": "Usman Tariq",
              "non_striker": "Tayyab Tahir",
              "runs": {
                "batter": 0,
                "extras": 0,
                "total": 0
              }
            },
            {
              "batter": "Aamer Azmat",
              "bowler": "Usman Tariq",
              "non_striker": "Tayyab Tahir",
              "runs": {
                "batter": 1,
                "extras": 0,
                "total": 1
              }
            },
            {
              "batter": "Tayyab Tahir",
              "bowler": "Usman Tariq",
              "non_striker": "Aamer Azmat",
              "runs": {
                "batter": 0,
                "extras": 0,
                "total": 0
              }
            },
            {
              "batter": "Tayyab Tahir",
              "bowler": "Usman Tariq",
              "extras": {
                "wides": 1
              },
              "non_striker": "Aamer Azmat",
              "runs": {
                "batter": 0,
                "extras": 1,
                "total": 1
              }
            },
            {
              "batter": "Tayyab Tahir",
              "bowler": "Usman Tariq",
              "non_striker": "Aamer Azmat",
              "runs": {
                "batter": 0,
                "extras": 0,
                "total": 0
              },
              "wickets": [
                {
                  "player_out": "Tayyab Tahir",
                  "fielders": [
                    {
                      "name": "Danish Aziz"
                    }
                  ],
                  "kind": "caught"
                }
              ]
            }
          ]
        },
        {
          "over": 15,
          "deliveries": [
            {
              "batter": "Aamer Azmat",
              "bowler": "Mohammad Wasim",
              "non_striker": "P Hatzoglou",
              "runs": {
                "batter": 1,
                "extras": 0,
                "total": 1
              }
            },
            {
              "batter": "P Hatzoglou",
              "bowler": "Mohammad Wasim",
              "non_striker": "Aamer Azmat",
              "runs": {
                "batter": 0,
                "extras": 0,
                "total": 0
              }
            },
            {
              "batter": "P Hatzoglou",
              "bowler": "Mohammad Wasim",
              "non_striker": "Aamer Azmat",
              "runs": {
                "batter": 0,
                "extras": 0,
                "total": 0
              }
            },
            {
              "batter": "P Hatzoglou",
              "bowler": "Mohammad Wasim",
              "non_striker": "Aamer Azmat",
              "runs": {
                "batter": 1,
                "extras": 0,
                "total": 1
              }
            },
            {
              "batter": "Aamer Azmat",
              "bowler": "Mohammad Wasim",
              "non_striker": "P Hatzoglou",
              "runs": {
                "batter": 6,
                "extras": 0,
                "total": 6
              }
            },
            {
              "batter": "Aamer Azmat",
              "bowler": "Mohammad Wasim",
              "non_striker": "P Hatzoglou",
              "runs": {
                "batter": 1,
                "extras": 0,
                "total": 1
              }
            }
          ]
        },
        {
          "over": 16,
          "deliveries": [
            {
              "batter": "Aamer Azmat",
              "bowler": "Abrar Ahmed",
              "non_striker": "P Hatzoglou",
              "runs": {
                "batter": 1,
                "extras": 0,
                "total": 1
              }
            },
            {
              "batter": "P Hatzoglou",
              "bowler": "Abrar Ahmed",
              "non_striker": "Aamer Azmat",
              "runs": {
                "batter": 0,
                "extras": 0,
                "total": 0
              },
              "wickets": [
                {
                  "player_out": "P Hatzoglou",
                  "fielders": [
                    {
                      "name": "Khawaja Nafay"
                    }
                  ],
                  "kind": "caught"
                }
              ]
            },
            {
              "batter": "Shahid Aziz",
              "bowler": "Abrar Ahmed",
              "non_striker": "Aamer Azmat",
              "runs": {
                "batter": 1,
                "extras": 0,
                "total": 1
              }
            },
            {
              "batter": "Aamer Azmat",
              "bowler": "Abrar Ahmed",
              "non_striker": "Shahid Aziz",
              "runs": {
                "batter": 1,
                "extras": 0,
                "total": 1
              }
            },
            {
              "batter": "Shahid Aziz",
              "bowler": "Abrar Ahmed",
              "non_striker": "Aamer Azmat",
              "runs": {
                "batter": 1,
                "extras": 0,
                "total": 1
              }
            },
            {
              "batter": "Aamer Azmat",
              "bowler": "Abrar Ahmed",
              "non_striker": "Shahid Aziz",
              "runs": {
                "batter": 0,
                "extras": 0,
                "total": 0
              }
            }
          ]
        },
        {
          "over": 17,
          "deliveries": [
            {
              "batter": "Shahid Aziz",
              "bowler": "Khurram Shahzad",
              "non_striker": "Aamer Azmat",
              "runs": {
                "batter": 6,
                "extras": 0,
                "total": 6
              }
            },
            {
              "batter": "Shahid Aziz",
              "bowler": "Khurram Shahzad",
              "non_striker": "Aamer Azmat",
              "runs": {
                "batter": 1,
                "extras": 0,
                "total": 1
              }
            },
            {
              "batter": "Aamer Azmat",
              "bowler": "Khurram Shahzad",
              "non_striker": "Shahid Aziz",
              "runs": {
                "batter": 1,
                "extras": 0,
                "total": 1
              }
            },
            {
              "batter": "Shahid Aziz",
              "bowler": "Khurram Shahzad",
              "non_striker": "Aamer Azmat",
              "runs": {
                "batter": 2,
                "extras": 0,
                "total": 2
              }
            },
            {
              "batter": "Shahid Aziz",
              "bowler": "Khurram Shahzad",
              "non_striker": "Aamer Azmat",
              "runs": {
                "batter": 1,
                "extras": 0,
                "total": 1
              }
            },
            {
              "batter": "Aamer Azmat",
              "bowler": "Khurram Shahzad",
              "non_striker": "Shahid Aziz",
              "runs": {
                "batter": 1,
                "extras": 0,
                "total": 1
              }
            }
          ]
        },
        {
          "over": 18,
          "deliveries": [
            {
              "batter": "Aamer Azmat",
              "bowler": "Faheem Ashraf",
              "non_striker": "Shahid Aziz",
              "runs": {
                "batter": 1,
                "extras": 0,
                "total": 1
              }
            },
            {
              "batter": "Shahid Aziz",
              "bowler": "Faheem Ashraf",
              "non_striker": "Aamer Azmat",
              "runs": {
                "batter": 1,
                "extras": 0,
                "total": 1
              }
            },
            {
              "batter": "Aamer Azmat",
              "bowler": "Faheem Ashraf",
              "non_striker": "Shahid Aziz",
              "runs": {
                "batter": 1,
                "extras": 0,
                "total": 1
              }
            },
            {
              "batter": "Shahid Aziz",
              "bowler": "Faheem Ashraf",
              "non_striker": "Aamer Azmat",
              "runs": {
                "batter": 6,
                "extras": 0,
                "total": 6
              }
            },
            {
              "batter": "Shahid Aziz",
              "bowler": "Faheem Ashraf",
              "non_striker": "Aamer Azmat",
              "runs": {
                "batter": 4,
                "extras": 0,
                "total": 4
              }
            },
            {
              "batter": "Shahid Aziz",
              "bowler": "Faheem Ashraf",
              "non_striker": "Aamer Azmat",
              "runs": {
                "batter": 1,
                "extras": 0,
                "total": 1
              }
            }
          ]
        },
        {
          "over": 19,
          "deliveries": [
            {
              "batter": "Shahid Aziz",
              "bowler": "Mohammad Wasim",
              "non_striker": "Aamer Azmat",
              "runs": {
                "batter": 1,
                "extras": 0,
                "total": 1
              }
            },
            {
              "batter": "Aamer Azmat",
              "bowler": "Mohammad Wasim",
              "non_striker": "Shahid Aziz",
              "runs": {
                "batter": 1,
                "extras": 0,
                "total": 1
              }
            },
            {
              "batter": "Shahid Aziz",
              "bowler": "Mohammad Wasim",
              "non_striker": "Aamer Azmat",
              "runs": {
                "batter": 0,
                "extras": 0,
                "total": 0
              }
            },
            {
              "batter": "Shahid Aziz",
              "bowler": "Mohammad Wasim",
              "non_striker": "Aamer Azmat",
              "runs": {
                "batter": 4,
                "extras": 0,
                "total": 4
              }
            },
            {
              "batter": "Shahid Aziz",
              "bowler": "Mohammad Wasim",
              "non_striker": "Aamer Azmat",
              "runs": {
                "batter": 0,
                "extras": 0,
                "total": 0
              },
              "wickets": [
                {
                  "player_out": "Shahid Aziz",
                  "fielders": [
                    {
                      "name": "Hassan Nawaz"
                    }
                  ],
                  "kind": "caught"
                }
              ]
            },
            {
              "batter": "Mohammad Hasnain",
              "bowler": "Mohammad Wasim",
              "non_striker": "Aamer Azmat",
              "runs": {
                "batter": 4,
                "extras": 0,
                "total": 4
              }
            }
          ]
        }
      ],
      "powerplays": [
        {
          "from": 0.1,
          "to": 5.6,
          "type": "mandatory"
        }
      ]
    },
    {
      "team": "Quetta Gladiators",
      "overs": [
        {
          "over": 0,
          "deliveries": [
            {
              "batter": "Saud Shakeel",
              "bowler": "D Madushanka",
              "non_striker": "Khawaja Nafay",
              "runs": {
                "batter": 0,
                "extras": 0,
                "total": 0
              }
            },
            {
              "batter": "Saud Shakeel",
              "bowler": "D Madushanka",
              "extras": {
                "legbyes": 1
              },
              "non_striker": "Khawaja Nafay",
              "runs": {
                "batter": 0,
                "extras": 1,
                "total": 1
              }
            },
            {
              "batter": "Khawaja Nafay",
              "bowler": "D Madushanka",
              "non_striker": "Saud Shakeel",
              "runs": {
                "batter": 0,
                "extras": 0,
                "total": 0
              }
            },
            {
              "batter": "Khawaja Nafay",
              "bowler": "D Madushanka",
              "non_striker": "Saud Shakeel",
              "runs": {
                "batter": 0,
                "extras": 0,
                "total": 0
              }
            },
            {
              "batter": "Khawaja Nafay",
              "bowler": "D Madushanka",
              "non_striker": "Saud Shakeel",
              "runs": {
                "batter": 2,
                "extras": 0,
                "total": 2
              }
            },
            {
              "batter": "Khawaja Nafay",
              "bowler": "D Madushanka",
              "non_striker": "Saud Shakeel",
              "runs": {
                "batter": 6,
                "extras": 0,
                "total": 6
              }
            }
          ]
        },
        {
          "over": 1,
          "deliveries": [
            {
              "batter": "Saud Shakeel",
              "bowler": "Mohammad Hasnain",
              "extras": {
                "legbyes": 1
              },
              "non_striker": "Khawaja Nafay",
              "runs": {
                "batter": 0,
                "extras": 1,
                "total": 1
              }
            },
            {
              "batter": "Khawaja Nafay",
              "bowler": "Mohammad Hasnain",
              "non_striker": "Saud Shakeel",
              "runs": {
                "batter": 4,
                "extras": 0,
                "total": 4
              }
            },
            {
              "batter": "Khawaja Nafay",
              "bowler": "Mohammad Hasnain",
              "non_striker": "Saud Shakeel",
              "runs": {
                "batter": 1,
                "extras": 0,
                "total": 1
              }
            },
            {
              "batter": "Saud Shakeel",
              "bowler": "Mohammad Hasnain",
              "non_striker": "Khawaja Nafay",
              "runs": {
                "batter": 0,
                "extras": 0,
                "total": 0
              }
            },
            {
              "batter": "Saud Shakeel",
              "bowler": "Mohammad Hasnain",
              "non_striker": "Khawaja Nafay",
              "runs": {
                "batter": 0,
                "extras": 0,
                "total": 0
              }
            },
            {
              "batter": "Saud Shakeel",
              "bowler": "Mohammad Hasnain",
              "non_striker": "Khawaja Nafay",
              "runs": {
                "batter": 4,
                "extras": 0,
                "total": 4
              }
            }
          ]
        },
        {
          "over": 2,
          "deliveries": [
            {
              "batter": "Khawaja Nafay",
              "bowler": "D Madushanka",
              "non_striker": "Saud Shakeel",
              "runs": {
                "batter": 4,
                "extras": 0,
                "total": 4
              }
            },
            {
              "batter": "Khawaja Nafay",
              "bowler": "D Madushanka",
              "extras": {
                "legbyes": 1
              },
              "non_striker": "Saud Shakeel",
              "runs": {
                "batter": 0,
                "extras": 1,
                "total": 1
              }
            },
            {
              "batter": "Saud Shakeel",
              "bowler": "D Madushanka",
              "non_striker": "Khawaja Nafay",
              "runs": {
                "batter": 0,
                "extras": 0,
                "total": 0
              }
            },
            {
              "batter": "Saud Shakeel",
              "bowler": "D Madushanka",
              "non_striker": "Khawaja Nafay",
              "runs": {
                "batter": 1,
                "extras": 0,
                "total": 1
              }
            },
            {
              "batter": "Khawaja Nafay",
              "bowler": "D Madushanka",
              "non_striker": "Saud Shakeel",
              "runs": {
                "batter": 0,
                "extras": 0,
                "total": 0
              }
            },
            {
              "batter": "Khawaja Nafay",
              "bowler": "D Madushanka",
              "non_striker": "Saud Shakeel",
              "runs": {
                "batter": 6,
                "extras": 0,
                "total": 6
              }
            }
          ]
        },
        {
          "over": 3,
          "deliveries": [
            {
              "batter": "Saud Shakeel",
              "bowler": "Ubaid Shah",
              "non_striker": "Khawaja Nafay",
              "runs": {
                "batter": 0,
                "extras": 0,
                "total": 0
              }
            },
            {
              "batter": "Saud Shakeel",
              "bowler": "Ubaid Shah",
              "extras": {
                "byes": 1
              },
              "non_striker": "Khawaja Nafay",
              "runs": {
                "batter": 0,
                "extras": 1,
                "total": 1
              }
            },
            {
              "batter": "Khawaja Nafay",
              "bowler": "Ubaid Shah",
              "non_striker": "Saud Shakeel",
              "runs": {
                "batter": 0,
                "extras": 0,
                "total": 0
              }
            },
            {
              "batter": "Khawaja Nafay",
              "bowler": "Ubaid Shah",
              "non_striker": "Saud Shakeel",
              "runs": {
                "batter": 1,
                "extras": 0,
                "total": 1
              }
            },
            {
              "batter": "Saud Shakeel",
              "bowler": "Ubaid Shah",
              "non_striker": "Khawaja Nafay",
              "runs": {
                "batter": 1,
                "extras": 0,
                "total": 1
              }
            },
            {
              "batter": "Khawaja Nafay",
              "bowler": "Ubaid Shah",
              "non_striker": "Saud Shakeel",
              "runs": {
                "batter": 4,
                "extras": 0,
                "total": 4
              }
            }
          ]
        },
        {
          "over": 4,
          "deliveries": [
            {
              "batter": "Saud Shakeel",
              "bowler": "P Hatzoglou",
              "non_striker": "Khawaja Nafay",
              "runs": {
                "batter": 2,
                "extras": 0,
                "total": 2
              }
            },
            {
              "batter": "Saud Shakeel",
              "bowler": "P Hatzoglou",
              "non_striker": "Khawaja Nafay",
              "runs": {
                "batter": 0,
                "extras": 0,
                "total": 0
              }
            },
            {
              "batter": "Saud Shakeel",
              "bowler": "P Hatzoglou",
              "extras": {
                "byes": 2
              },
              "non_striker": "Khawaja Nafay",
              "runs": {
                "batter": 0,
                "extras": 2,
                "total": 2
              }
            },
            {
              "batter": "Saud Shakeel",
              "bowler": "P Hatzoglou",
              "non_striker": "Khawaja Nafay",
              "runs": {
                "batter": 4,
                "extras": 0,
                "total": 4
              }
            },
            {
              "batter": "Saud Shakeel",
              "bowler": "P Hatzoglou",
              "non_striker": "Khawaja Nafay",
              "runs": {
                "batter": 1,
                "extras": 0,
                "total": 1
              }
            },
            {
              "batter": "Khawaja Nafay",
              "bowler": "P Hatzoglou",
              "non_striker": "Saud Shakeel",
              "runs": {
                "batter": 1,
                "extras": 0,
                "total": 1
              }
            }
          ]
        },
        {
          "over": 5,
          "deliveries": [
            {
              "batter": "Khawaja Nafay",
              "bowler": "Ubaid Shah",
              "non_striker": "Saud Shakeel",
              "runs": {
                "batter": 4,
                "extras": 0,
                "total": 4
              }
            },
            {
              "batter": "Khawaja Nafay",
              "bowler": "Ubaid Shah",
              "non_striker": "Saud Shakeel",
              "runs": {
                "batter": 1,
                "extras": 0,
                "total": 1
              }
            },
            {
              "batter": "Saud Shakeel",
              "bowler": "Ubaid Shah",
              "non_striker": "Khawaja Nafay",
              "runs": {
                "batter": 1,
                "extras": 0,
                "total": 1
              }
            },
            {
              "batter": "Khawaja Nafay",
              "bowler": "Ubaid Shah",
              "non_striker": "Saud Shakeel",
              "runs": {
                "batter": 0,
                "extras": 0,
                "total": 0
              }
            },
            {
              "batter": "Khawaja Nafay",
              "bowler": "Ubaid Shah",
              "non_striker": "Saud Shakeel",
              "runs": {
                "batter": 0,
                "extras": 0,
                "total": 0
              }
            },
            {
              "batter": "Khawaja Nafay",
              "bowler": "Ubaid Shah",
              "non_striker": "Saud Shakeel",
              "runs": {
                "batter": 6,
                "extras": 0,
                "total": 6
              }
            }
          ]
        },
        {
          "over": 6,
          "deliveries": [
            {
              "batter": "Saud Shakeel",
              "bowler": "P Hatzoglou",
              "extras": {
                "wides": 1
              },
              "non_striker": "Khawaja Nafay",
              "runs": {
                "batter": 0,
                "extras": 1,
                "total": 1
              }
            },
            {
              "batter": "Saud Shakeel",
              "bowler": "P Hatzoglou",
              "non_striker": "Khawaja Nafay",
              "runs": {
                "batter": 1,
                "extras": 0,
                "total": 1
              }
            },
            {
              "batter": "Khawaja Nafay",
              "bowler": "P Hatzoglou",
              "non_striker": "Saud Shakeel",
              "runs": {
                "batter": 1,
                "extras": 0,
                "total": 1
              }
            },
            {
              "batter": "Saud Shakeel",
              "bowler": "P Hatzoglou",
              "non_striker": "Khawaja Nafay",
              "runs": {
                "batter": 1,
                "extras": 0,
                "total": 1
              }
            },
            {
              "batter": "Khawaja Nafay",
              "bowler": "P Hatzoglou",
              "non_striker": "Saud Shakeel",
              "runs": {
                "batter": 6,
                "extras": 0,
                "total": 6
              }
            },
            {
              "batter": "Khawaja Nafay",
              "bowler": "P Hatzoglou",
              "non_striker": "Saud Shakeel",
              "runs": {
                "batter": 0,
                "extras": 0,
                "total": 0
              }
            },
            {
              "batter": "Khawaja Nafay",
              "bowler": "P Hatzoglou",
              "non_striker": "Saud Shakeel",
              "runs": {
                "batter": 0,
                "extras": 0,
                "total": 0
              }
            }
          ]
        },
        {
          "over": 7,
          "deliveries": [
            {
              "batter": "Saud Shakeel",
              "bowler": "Shahid Aziz",
              "extras": {
                "legbyes": 2
              },
              "non_striker": "Khawaja Nafay",
              "runs": {
                "batter": 0,
                "extras": 2,
                "total": 2
              }
            },
            {
              "batter": "Saud Shakeel",
              "bowler": "Shahid Aziz",
              "non_striker": "Khawaja Nafay",
              "runs": {
                "batter": 1,
                "extras": 0,
                "total": 1
              }
            },
            {
              "batter": "Khawaja Nafay",
              "bowler": "Shahid Aziz",
              "non_striker": "Saud Shakeel",
              "runs": {
                "batter": 0,
                "extras": 0,
                "total": 0
              }
            },
            {
              "batter": "Khawaja Nafay",
              "bowler": "Shahid Aziz",
              "non_striker": "Saud Shakeel",
              "runs": {
                "batter": 4,
                "extras": 0,
                "total": 4
              }
            },
            {
              "batter": "Khawaja Nafay",
              "bowler": "Shahid Aziz",
              "non_striker": "Saud Shakeel",
              "runs": {
                "batter": 0,
                "extras": 0,
                "total": 0
              },
              "wickets": [
                {
                  "player_out": "Khawaja Nafay",
                  "kind": "bowled"
                }
              ]
            },
            {
              "batter": "WIA Fernando",
              "bowler": "Shahid Aziz",
              "non_striker": "Saud Shakeel",
              "runs": {
                "batter": 1,
                "extras": 0,
                "total": 1
              }
            }
          ]
        },
        {
          "over": 8,
          "deliveries": [
            {
              "batter": "WIA Fernando",
              "bowler": "Mohammad Hasnain",
              "non_striker": "Saud Shakeel",
              "runs": {
                "batter": 1,
                "extras": 0,
                "total": 1
              }
            },
            {
              "batter": "Saud Shakeel",
              "bowler": "Mohammad Hasnain",
              "non_striker": "WIA Fernando",
              "runs": {
                "batter": 0,
                "extras": 0,
                "total": 0
              }
            },
            {
              "batter": "Saud Shakeel",
              "bowler": "Mohammad Hasnain",
              "non_striker": "WIA Fernando",
              "runs": {
                "batter": 1,
                "extras": 0,
                "total": 1
              }
            },
            {
              "batter": "WIA Fernando",
              "bowler": "Mohammad Hasnain",
              "non_striker": "Saud Shakeel",
              "runs": {
                "batter": 1,
                "extras": 0,
                "total": 1
              }
            },
            {
              "batter": "Saud Shakeel",
              "bowler": "Mohammad Hasnain",
              "non_striker": "WIA Fernando",
              "runs": {
                "batter": 0,
                "extras": 0,
                "total": 0
              },
              "wickets": [
                {
                  "player_out": "Saud Shakeel",
                  "kind": "bowled"
                }
              ]
            },
            {
              "batter": "Hassan Nawaz",
              "bowler": "Mohammad Hasnain",
              "non_striker": "WIA Fernando",
              "runs": {
                "batter": 1,
                "extras": 0,
                "total": 1
              }
            }
          ]
        },
        {
          "over": 9,
          "deliveries": [
            {
              "batter": "Hassan Nawaz",
              "bowler": "Shahid Aziz",
              "non_striker": "WIA Fernando",
              "runs": {
                "batter": 1,
                "extras": 0,
                "total": 1
              }
            },
            {
              "batter": "WIA Fernando",
              "bowler": "Shahid Aziz",
              "non_striker": "Hassan Nawaz",
              "runs": {
                "batter": 4,
                "extras": 0,
                "total": 4
              }
            },
            {
              "batter": "WIA Fernando",
              "bowler": "Shahid Aziz",
              "non_striker": "Hassan Nawaz",
              "runs": {
                "batter": 0,
                "extras": 0,
                "total": 0
              },
              "wickets": [
                {
                  "player_out": "WIA Fernando",
                  "fielders": [
                    {
                      "name": "Aamer Azmat"
                    }
                  ],
                  "kind": "caught"
                }
              ]
            },
            {
              "batter": "LD Chandimal",
              "bowler": "Shahid Aziz",
              "non_striker": "Hassan Nawaz",
              "runs": {
                "batter": 1,
                "extras": 0,
                "total": 1
              }
            },
            {
              "batter": "Hassan Nawaz",
              "bowler": "Shahid Aziz",
              "non_striker": "LD Chandimal",
              "runs": {
                "batter": 1,
                "extras": 0,
                "total": 1
              }
            },
            {
              "batter": "LD Chandimal",
              "bowler": "Shahid Aziz",
              "non_striker": "Hassan Nawaz",
              "runs": {
                "batter": 1,
                "extras": 0,
                "total": 1
              }
            }
          ]
        },
        {
          "over": 10,
          "deliveries": [
            {
              "batter": "LD Chandimal",
              "bowler": "Mohammad Hasnain",
              "non_striker": "Hassan Nawaz",
              "runs": {
                "batter": 6,
                "extras": 0,
                "total": 6
              }
            },
            {
              "batter": "LD Chandimal",
              "bowler": "Mohammad Hasnain",
              "non_striker": "Hassan Nawaz",
              "runs": {
                "batter": 4,
                "extras": 0,
                "total": 4
              }
            },
            {
              "batter": "LD Chandimal",
              "bowler": "Mohammad Hasnain",
              "non_striker": "Hassan Nawaz",
              "runs": {
                "batter": 4,
                "extras": 0,
                "total": 4
              }
            },
            {
              "batter": "LD Chandimal",
              "bowler": "Mohammad Hasnain",
              "non_striker": "Hassan Nawaz",
              "runs": {
                "batter": 0,
                "extras": 0,
                "total": 0
              }
            },
            {
              "batter": "LD Chandimal",
              "bowler": "Mohammad Hasnain",
              "non_striker": "Hassan Nawaz",
              "runs": {
                "batter": 1,
                "extras": 0,
                "total": 1
              }
            },
            {
              "batter": "Hassan Nawaz",
              "bowler": "Mohammad Hasnain",
              "extras": {
                "wides": 1
              },
              "non_striker": "LD Chandimal",
              "runs": {
                "batter": 0,
                "extras": 1,
                "total": 1
              }
            },
            {
              "batter": "Hassan Nawaz",
              "bowler": "Mohammad Hasnain",
              "non_striker": "LD Chandimal",
              "runs": {
                "batter": 1,
                "extras": 0,
                "total": 1
              }
            }
          ]
        },
        {
          "over": 11,
          "deliveries": [
            {
              "batter": "Hassan Nawaz",
              "bowler": "P Hatzoglou",
              "extras": {
                "wides": 1
              },
              "non_striker": "LD Chandimal",
              "runs": {
                "batter": 0,
                "extras": 1,
                "total": 1
              }
            },
            {
              "batter": "Hassan Nawaz",
              "bowler": "P Hatzoglou",
              "non_striker": "LD Chandimal",
              "runs": {
                "batter": 0,
                "extras": 0,
                "total": 0
              }
            },
            {
              "batter": "Hassan Nawaz",
              "bowler": "P Hatzoglou",
              "non_striker": "LD Chandimal",
              "runs": {
                "batter": 6,
                "extras": 0,
                "total": 6
              }
            },
            {
              "batter": "Hassan Nawaz",
              "bowler": "P Hatzoglou",
              "non_striker": "LD Chandimal",
              "runs": {
                "batter": 0,
                "extras": 0,
                "total": 0
              }
            },
            {
              "batter": "Hassan Nawaz",
              "bowler": "P Hatzoglou",
              "non_striker": "LD Chandimal",
              "runs": {
                "batter": 1,
                "extras": 0,
                "total": 1
              }
            },
            {
              "batter": "LD Chandimal",
              "bowler": "P Hatzoglou",
              "non_striker": "Hassan Nawaz",
              "runs": {
                "batter": 0,
                "extras": 0,
                "total": 0
              }
            },
            {
              "batter": "LD Chandimal",
              "bowler": "P Hatzoglou",
              "non_striker": "Hassan Nawaz",
              "runs": {
                "batter": 0,
                "extras": 0,
                "total": 0
              }
            }
          ]
        },
        {
          "over": 12,
          "deliveries": [
            {
              "batter": "Hassan Nawaz",
              "bowler": "Ubaid Shah",
              "non_striker": "LD Chandimal",
              "runs": {
                "batter": 1,
                "extras": 0,
                "total": 1
              }
            },
            {
              "batter": "LD Chandimal",
              "bowler": "Ubaid Shah",
              "non_striker": "Hassan Nawaz",
              "runs": {
                "batter": 0,
                "extras": 0,
                "total": 0
              },
              "wickets": [
                {
                  "player_out": "LD Chandimal",
                  "fielders": [
                    {
                      "name": "Tayyab Tahir"
                    }
                  ],
                  "kind": "caught"
                }
              ]
            },
            {
              "batter": "Danish Aziz",
              "bowler": "Ubaid Shah",
              "non_striker": "Hassan Nawaz",
              "runs": {
                "batter": 0,
                "extras": 0,
                "total": 0
              }
            },
            {
              "batter": "Danish Aziz",
              "bowler": "Ubaid Shah",
              "non_striker": "Hassan Nawaz",
              "runs": {
                "batter": 0,
                "extras": 0,
                "total": 0
              }
            },
            {
              "batter": "Danish Aziz",
              "bowler": "Ubaid Shah",
              "non_striker": "Hassan Nawaz",
              "runs": {
                "batter": 0,
                "extras": 0,
                "total": 0
              }
            },
            {
              "batter": "Danish Aziz",
              "bowler": "Ubaid Shah",
              "non_striker": "Hassan Nawaz",
              "runs": {
                "batter": 0,
                "extras": 0,
                "total": 0
              }
            }
          ]
        },
        {
          "over": 13,
          "deliveries": [
            {
              "batter": "Hassan Nawaz",
              "bowler": "P Hatzoglou",
              "non_striker": "Danish Aziz",
              "runs": {
                "batter": 6,
                "extras": 0,
                "total": 6
              }
            },
            {
              "batter": "Hassan Nawaz",
              "bowler": "P Hatzoglou",
              "non_striker": "Danish Aziz",
              "runs": {
                "batter": 0,
                "extras": 0,
                "total": 0
              }
            },
            {
              "batter": "Hassan Nawaz",
              "bowler": "P Hatzoglou",
              "non_striker": "Danish Aziz",
              "runs": {
                "batter": 0,
                "extras": 0,
                "total": 0
              }
            },
            {
              "batter": "Hassan Nawaz",
              "bowler": "P Hatzoglou",
              "non_striker": "Danish Aziz",
              "runs": {
                "batter": 1,
                "extras": 0,
                "total": 1
              }
            },
            {
              "batter": "Danish Aziz",
              "bowler": "P Hatzoglou",
              "non_striker": "Hassan Nawaz",
              "runs": {
                "batter": 0,
                "extras": 0,
                "total": 0
              },
              "wickets": [
                {
                  "player_out": "Danish Aziz",
                  "kind": "bowled"
                }
              ]
            },
            {
              "batter": "Faheem Ashraf",
              "bowler": "P Hatzoglou",
              "non_striker": "Hassan Nawaz",
              "runs": {
                "batter": 1,
                "extras": 0,
                "total": 1
              }
            }
          ]
        },
        {
          "over": 14,
          "deliveries": [
            {
              "batter": "Faheem Ashraf",
              "bowler": "D Madushanka",
              "non_striker": "Hassan Nawaz",
              "runs": {
                "batter": 1,
                "extras": 0,
                "total": 1
              }
            },
            {
              "batter": "Hassan Nawaz",
              "bowler": "D Madushanka",
              "non_striker": "Faheem Ashraf",
              "runs": {
                "batter": 1,
                "extras": 0,
                "total": 1
              }
            },
            {
              "batter": "Faheem Ashraf",
              "bowler": "D Madushanka",
              "non_striker": "Hassan Nawaz",
              "runs": {
                "batter": 1,
                "extras": 0,
                "total": 1
              }
            },
            {
              "batter": "Hassan Nawaz",
              "bowler": "D Madushanka",
              "non_striker": "Faheem Ashraf",
              "runs": {
                "batter": 6,
                "extras": 0,
                "total": 6
              }
            },
            {
              "batter": "Hassan Nawaz",
              "bowler": "D Madushanka",
              "non_striker": "Faheem Ashraf",
              "runs": {
                "batter": 1,
                "extras": 0,
                "total": 1
              }
            },
            {
              "batter": "Faheem Ashraf",
              "bowler": "D Madushanka",
              "non_striker": "Hassan Nawaz",
              "runs": {
                "batter": 6,
                "extras": 0,
                "total": 6
              }
            }
          ]
        },
        {
          "over": 15,
          "deliveries": [
            {
              "batter": "Hassan Nawaz",
              "bowler": "Shahid Aziz",
              "non_striker": "Faheem Ashraf",
              "runs": {
                "batter": 0,
                "extras": 0,
                "total": 0
              }
            },
            {
              "batter": "Hassan Nawaz",
              "bowler": "Shahid Aziz",
              "non_striker": "Faheem Ashraf",
              "runs": {
                "batter": 1,
                "extras": 0,
                "total": 1
              }
            },
            {
              "batter": "Faheem Ashraf",
              "bowler": "Shahid Aziz",
              "non_striker": "Hassan Nawaz",
              "runs": {
                "batter": 1,
                "extras": 0,
                "total": 1
              }
            },
            {
              "batter": "Hassan Nawaz",
              "bowler": "Shahid Aziz",
              "non_striker": "Faheem Ashraf",
              "runs": {
                "batter": 1,
                "extras": 0,
                "total": 1
              }
            },
            {
              "batter": "Faheem Ashraf",
              "bowler": "Shahid Aziz",
              "non_striker": "Hassan Nawaz",
              "runs": {
                "batter": 1,
                "extras": 0,
                "total": 1
              }
            },
            {
              "batter": "Hassan Nawaz",
              "bowler": "Shahid Aziz",
              "non_striker": "Faheem Ashraf",
              "runs": {
                "batter": 1,
                "extras": 0,
                "total": 1
              }
            }
          ]
        },
        {
          "over": 16,
          "deliveries": [
            {
              "batter": "Hassan Nawaz",
              "bowler": "Ubaid Shah",
              "non_striker": "Faheem Ashraf",
              "runs": {
                "batter": 2,
                "extras": 0,
                "total": 2
              }
            },
            {
              "batter": "Hassan Nawaz",
              "bowler": "Ubaid Shah",
              "non_striker": "Faheem Ashraf",
              "runs": {
                "batter": 0,
                "extras": 0,
                "total": 0
              }
            },
            {
              "batter": "Hassan Nawaz",
              "bowler": "Ubaid Shah",
              "non_striker": "Faheem Ashraf",
              "runs": {
                "batter": 1,
                "extras": 0,
                "total": 1
              }
            },
            {
              "batter": "Faheem Ashraf",
              "bowler": "Ubaid Shah",
              "non_striker": "Hassan Nawaz",
              "runs": {
                "batter": 4,
                "extras": 0,
                "total": 4
              }
            },
            {
              "batter": "Faheem Ashraf",
              "bowler": "Ubaid Shah",
              "non_striker": "Hassan Nawaz",
              "runs": {
                "batter": 1,
                "extras": 0,
                "total": 1
              }
            },
            {
              "batter": "Hassan Nawaz",
              "bowler": "Ubaid Shah",
              "non_striker": "Faheem Ashraf",
              "runs": {
                "batter": 6,
                "extras": 0,
                "total": 6
              }
            }
          ]
        },
        {
          "over": 17,
          "deliveries": [
            {
              "batter": "Faheem Ashraf",
              "bowler": "Shahid Aziz",
              "non_striker": "Hassan Nawaz",
              "runs": {
                "batter": 0,
                "extras": 0,
                "total": 0
              },
              "wickets": [
                {
                  "player_out": "Faheem Ashraf",
                  "fielders": [
                    {
                      "name": "Jahanzaib Sultan"
                    }
                  ],
                  "kind": "caught"
                }
              ]
            },
            {
              "batter": "Mohammad Wasim",
              "bowler": "Shahid Aziz",
              "non_striker": "Hassan Nawaz",
              "runs": {
                "batter": 1,
                "extras": 0,
                "total": 1
              }
            },
            {
              "batter": "Hassan Nawaz",
              "bowler": "Shahid Aziz",
              "non_striker": "Mohammad Wasim",
              "runs": {
                "batter": 1,
                "extras": 0,
                "total": 1
              },
              "wickets": [
                {
                  "player_out": "Mohammad Wasim",
                  "fielders": [
                    {
                      "name": "Tayyab Tahir"
                    },
                    {
                      "name": "Shahid Aziz"
                    }
                  ],
                  "kind": "run out"
                }
              ]
            },
            {
              "batter": "Hassan Nawaz",
              "bowler": "Shahid Aziz",
              "non_striker": "Abrar Ahmed",
              "runs": {
                "batter": 0,
                "extras": 0,
                "total": 0
              }
            },
            {
              "batter": "Hassan Nawaz",
              "bowler": "Shahid Aziz",
              "non_striker": "Abrar Ahmed",
              "runs": {
                "batter": 4,
                "extras": 0,
                "total": 4
              }
            },
            {
              "batter": "Hassan Nawaz",
              "bowler": "Shahid Aziz",
              "non_striker": "Abrar Ahmed",
              "runs": {
                "batter": 4,
                "extras": 0,
                "total": 4
              }
            }
          ]
        },
        {
          "over": 18,
          "deliveries": [
            {
              "batter": "Abrar Ahmed",
              "bowler": "D Madushanka",
              "non_striker": "Hassan Nawaz",
              "runs": {
                "batter": 1,
                "extras": 0,
                "total": 1
              }
            },
            {
              "batter": "Hassan Nawaz",
              "bowler": "D Madushanka",
              "non_striker": "Abrar Ahmed",
              "runs": {
                "batter": 2,
                "extras": 0,
                "total": 2
              }
            },
            {
              "batter": "Hassan Nawaz",
              "bowler": "D Madushanka",
              "non_striker": "Abrar Ahmed",
              "runs": {
                "batter": 1,
                "extras": 0,
                "total": 1
              }
            },
            {
              "batter": "Abrar Ahmed",
              "bowler": "D Madushanka",
              "non_striker": "Hassan Nawaz",
              "runs": {
                "batter": 1,
                "extras": 0,
                "total": 1
              }
            },
            {
              "batter": "Hassan Nawaz",
              "bowler": "D Madushanka",
              "non_striker": "Abrar Ahmed",
              "runs": {
                "batter": 0,
                "extras": 0,
                "total": 0
              }
            },
            {
              "batter": "Hassan Nawaz",
              "bowler": "D Madushanka",
              "non_striker": "Abrar Ahmed",
              "runs": {
                "batter": 1,
                "extras": 0,
                "total": 1
              }
            }
          ]
        },
        {
          "over": 19,
          "deliveries": [
            {
              "batter": "Hassan Nawaz",
              "bowler": "Mohammad Hasnain",
              "non_striker": "Abrar Ahmed",
              "runs": {
                "batter": 0,
                "extras": 0,
                "total": 0
              }
            },
            {
              "batter": "Hassan Nawaz",
              "bowler": "Mohammad Hasnain",
              "non_striker": "Abrar Ahmed",
              "runs": {
                "batter": 2,
                "extras": 0,
                "total": 2
              }
            },
            {
              "batter": "Hassan Nawaz",
              "bowler": "Mohammad Hasnain",
              "non_striker": "Abrar Ahmed",
              "runs": {
                "batter": 0,
                "extras": 0,
                "total": 0
              }
            },
            {
              "batter": "Hassan Nawaz",
              "bowler": "Mohammad Hasnain",
              "non_striker": "Abrar Ahmed",
              "runs": {
                "batter": 6,
                "extras": 0,
                "total": 6
              }
            },
            {
              "batter": "Hassan Nawaz",
              "bowler": "Mohammad Hasnain",
              "non_striker": "Abrar Ahmed",
              "runs": {
                "batter": 1,
                "extras": 0,
                "total": 1
              },
              "wickets": [
                {
                  "player_out": "Abrar Ahmed",
                  "fielders": [
                    {
                      "name": "Aamer Azmat"
                    }
                  ],
                  "kind": "run out"
                }
              ]
            },
            {
              "batter": "Hassan Nawaz",
              "bowler": "Mohammad Hasnain",
              "non_striker": "Khurram Shahzad",
              "runs": {
                "batter": 6,
                "extras": 0,
                "total": 6
              }
            }
          ]
        }
      ],
      "powerplays": [
        {
          "from": 0.1,
          "to": 5.6,
          "type": "mandatory"
        }
      ],
      "target": {
        "overs": 20,
        "runs": 186
      }
    }
  ]
}