{
  "meta": {
    "data_version": "1.1.0",
    "created": "2025-04-30",
    "revision": 1
  },
  "info": {
    "balls_per_over": 6,
    "city": "Lahore",
    "dates": [
      "2025-04-27"
    ],
    "event": {
      "name": "Pakistan Super League",
      "match_number": 17
    },
    "gender": "male",
    "match_type": "T20",
    "officials": {
      "match_referees": [
        "Iqbal Sheikh"
      ],
      "reserve_umpires": [
        "Tariq Rasheed"
      ],
      "tv_umpires": [
        "Faisal Afridi"
      ],
      "umpires": [
        "AG Wharf",
        "Rashid Riaz"
      ]
    },
    "outcome": {
      "winner": "Quetta Gladiators",
      "by": {
        "runs": 64
      }
    },
    "overs": 20,
    "player_of_match": [
      "Faheem Ashraf"
    ],
    "players": {
      "Quetta Gladiators": [
        "Saud Shakeel",
        "FH Allen",
        "RR Rossouw",
        "BKG Mendis",
        "MS Chapman",
        "Faheem Ashraf",
        "Hassan Nawaz",
        "Mohammad Wasim",
        "Mohammad Amir",
        "Khurram Shahzad",
        "Abrar Ahmed"
      ],
      "Peshawar Zalmi": [
        "Saim Ayub",
        "Babar Azam",
        "T Kohler-Cadmore",
        "Mohammad Haris",
        "Hussain Talat",
        "Abdul Samad",
        "MJ Owen",
        "AS Joseph",
        "L Wood",
        "Sufiyan Muqeem",
        "Ali Raza"
      ]
    },
    "registry": {
      "people": {
        "AG Wharf": "2e0fcc58",
        "AS Joseph": "b0946605",
        "Abdul Samad": "8e554b6b",
        "Abrar Ahmed": "abb7c76c",
        "Ali Raza": "53834b36",
        "BKG Mendis": "5d1e7582",
        "Babar Azam": "8a75e999",
        "FH Allen": "bf74b130",
        "Faheem Ashraf": "bd4ea627",
        "Faisal Afridi": "ed0bc503",
        "Hassan Nawaz": "26a8b2fe",
        "Hussain Talat": "bb4b445b",
        "Iqbal Sheikh": "f5bfbdef",
        "Khurram Shahzad": "27c5715d",
        "L Wood": "65b6943c",
        "MJ Owen": "f2c936d7",
        "MS Chapman": "7fa12533",
        "Mohammad Amir": "e174dadd",
        "Mohammad Haris": "ff3f6fc1",
        "Mohammad Wasim": "9e9af5f2",
        "RR Rossouw": "cad00a4d",
        "Rashid Riaz": "fb82725e",
        "Saim Ayub": "33609a8c",
        "Saud Shakeel": "d07c1b2f",
        "Sufiyan Muqeem": "4277234d",
        "T Kohler-Cadmore": "f836b33d",
        "Tariq Rasheed": "1008518c"
      }
    },
    "season": "2025",
    "team_type": "club",
    "teams": [
      "Quetta Gladiators",
      "Peshawar Zalmi"
    ],
    "toss": {
      "decision": "field",
      "winner": "Peshawar Zalmi"
    },
    "venue": "Gaddafi Stadium, Lahore"
  },
  "innings": [
    {
      "team": "Quetta Gladiators",
      "overs": [
        {
          "over": 0,
          "deliveries": [
            {
              "batter": "Saud Shakeel",
              "bowler": "L Wood",
              "non_striker": "FH Allen",
              "runs": {
                "batter": 0,
                "extras": 0,
                "total": 0
              }
            },
            {
              "batter": "Saud Shakeel",
              "bowler": "L Wood",
              "non_striker": "FH Allen",
              "runs": {
                "batter": 1,
                "extras": 0,
                "total": 1
              }
            },
            {
              "batter": "FH Allen",
              "bowler": "L Wood",
              "non_striker": "Saud Shakeel",
              "runs": {
                "batter": 0,
                "extras": 0,
                "total": 0
              }
            },
            {
              "batter": "FH Allen",
              "bowler": "L Wood",
              "non_striker": "Saud Shakeel",
              "runs": {
                "batter": 1,
                "extras": 0,
                "total": 1
              }
            },
            {
              "batter": "Saud Shakeel",
              "bowler": "L Wood",
              "non_striker": "FH Allen",
              "runs": {
                "batter": 0,
                "extras": 0,
                "total": 0
              }
            },
            {
              "batter": "Saud Shakeel",
              "bowler": "L Wood",
              "non_striker": "FH Allen",
              "runs": {
                "batter": 0,
                "extras": 0,
                "total": 0
              }
            }
          ]
        },
        {
          "over": 1,
          "deliveries": [
            {
              "batter": "FH Allen",
              "bowler": "AS Joseph",
              "non_striker": "Saud Shakeel",
              "runs": {
                "batter": 0,
                "extras": 0,
                "total": 0
              }
            },
            {
              "batter": "FH Allen",
              "bowler": "AS Joseph",
              "non_striker": "Saud Shakeel",
              "runs": {
                "batter": 0,
                "extras": 0,
                "total": 0
              }
            },
            {
              "batter": "FH Allen",
              "bowler": "AS Joseph",
              "non_striker": "Saud Shakeel",
              "runs": {
                "batter": 6,
                "extras": 0,
                "total": 6
              }
            },
            {
              "batter": "FH Allen",
              "bowler": "AS Joseph",
              "non_striker": "Saud Shakeel",
              "runs": {
                "batter": 4,
                "extras": 0,
                "total": 4
              }
            },
            {
              "batter": "FH Allen",
              "bowler": "AS Joseph",
              "non_striker": "Saud Shakeel",
              "runs": {
                "batter": 1,
                "extras": 0,
                "total": 1
              }
            },
            {
              "batter": "Saud Shakeel",
              "bowler": "AS Joseph",
              "non_striker": "FH Allen",
              "runs": {
                "batter": 1,
                "extras": 0,
                "total": 1
              }
            }
          ]
        },
        {
          "over": 2,
          "deliveries": [
            {
              "batter": "Saud Shakeel",
              "bowler": "L Wood",
              "non_striker": "FH Allen",
              "runs": {
                "batter": 0,
                "extras": 0,
                "total": 0
              }
            },
            {
              "batter": "Saud Shakeel",
              "bowler": "L Wood",
              "non_striker": "FH Allen",
              "runs": {
                "batter": 1,
                "extras": 0,
                "total": 1
              }
            },
            {
              "batter": "FH Allen",
              "bowler": "L Wood",
              "non_striker": "Saud Shakeel",
              "runs": {
                "batter": 6,
                "extras": 0,
                "total": 6
              }
            },
            {
              "batter": "FH Allen",
              "bowler": "L Wood",
              "non_striker": "Saud Shakeel",
              "runs": {
                "batter": 4,
                "extras": 0,
                "total": 4
              }
            },
            {
              "batter": "FH Allen",
              "bowler": "L Wood",
              "non_striker": "Saud Shakeel",
              "runs": {
                "batter": 4,
                "extras": 0,
                "total": 4
              }
            },
            {
              "batter": "FH Allen",
              "bowler": "L Wood",
              "extras": {
                "wides": 1
              },
              "non_striker": "Saud Shakeel",
              "runs": {
                "batter": 0,
                "extras": 1,
                "total": 1
              }
            },
            {
              "batter": "FH Allen",
              "bowler": "L Wood",
              "non_striker": "Saud Shakeel",
              "runs": {
                "batter": 1,
                "extras": 0,
                "total": 1
              }
            }
          ]
        },
        {
          "over": 3,
          "deliveries": [
            {
              "batter": "FH Allen",
              "bowler": "Ali Raza",
              "extras": {
                "legbyes": 1
              },
              "non_striker": "Saud Shakeel",
              "runs": {
                "batter": 0,
                "extras": 1,
                "total": 1
              }
            },
            {
              "batter": "Saud Shakeel",
              "bowler": "Ali Raza",
              "non_striker": "FH Allen",
              "runs": {
                "batter": 0,
                "extras": 0,
                "total": 0
              }
            },
            {
              "batter": "Saud Shakeel",
              "bowler": "Ali Raza",
              "non_striker": "FH Allen",
              "runs": {
                "batter": 4,
                "extras": 0,
                "total": 4
              }
            },
            {
              "batter": "Saud Shakeel",
              "bowler": "Ali Raza",
              "non_striker": "FH Allen",
              "runs": {
                "batter": 1,
                "extras": 0,
                "total": 1
              }
            },
            {
              "batter": "FH Allen",
              "bowler": "Ali Raza",
              "extras": {
                "legbyes": 1
              },
              "non_striker": "Saud Shakeel",
              "runs": {
                "batter": 0,
                "extras": 1,
                "total": 1
              }
            },
            {
              "batter": "Saud Shakeel",
              "bowler": "Ali Raza",
              "non_striker": "FH Allen",
              "runs": {
                "batter": 4,
                "extras": 0,
                "total": 4
              }
            }
          ]
        },
        {
          "over": 4,
          "deliveries": [
            {
              "batter": "FH Allen",
              "bowler": "AS Joseph",
              "non_striker": "Saud Shakeel",
              "runs": {
                "batter": 4,
                "extras": 0,
                "total": 4
              }
            },
            {
              "batter": "FH Allen",
              "bowler": "AS Joseph",
              "non_striker": "Saud Shakeel",
              "runs": {
                "batter": 0,
                "extras": 0,
                "total": 0
              }
            },
            {
              "batter": "FH Allen",
              "bowler": "AS Joseph",
              "non_striker": "Saud Shakeel",
              "runs": {
                "batter": 0,
                "extras": 0,
                "total": 0
              },
              "wickets": [
                {
                  "player_out": "FH Allen",
                  "fielders": [
                    {
                      "name": "Saim Ayub"
                    }
                  ],
                  "kind": "caught"
                }
              ]
            },
            {
              "batter": "RR Rossouw",
              "bowler": "AS Joseph",
              "non_striker": "Saud Shakeel",
              "runs": {
                "batter": 0,
                "extras": 0,
                "total": 0
              }
            },
            {
              "batter": "RR Rossouw",
              "bowler": "AS Joseph",
              "non_striker": "Saud Shakeel",
              "runs": {
                "batter": 4,
                "extras": 0,
                "total": 4
              }
            },
            {
              "batter": "RR Rossouw",
              "bowler": "AS Joseph",
              "non_striker": "Saud Shakeel",
              "runs": {
                "batter": 1,
                "extras": 0,
                "total": 1
              }
            }
          ]
        },
        {
          "over": 5,
          "deliveries": [
            {
              "batter": "RR Rossouw",
              "bowler": "Ali Raza",
              "non_striker": "Saud Shakeel",
              "runs": {
                "batter": 0,
                "extras": 0,
                "total": 0
              }
            },
            {
              "batter": "RR Rossouw",
              "bowler": "Ali Raza",
              "non_striker": "Saud Shakeel",
              "runs": {
                "batter": 4,
                "extras": 0,
                "total": 4
              }
            },
            {
              "batter": "RR Rossouw",
              "bowler": "Ali Raza",
              "non_striker": "Saud Shakeel",
              "runs": {
                "batter": 4,
                "extras": 0,
                "total": 4
              }
            },
            {
              "batter": "RR Rossouw",
              "bowler": "Ali Raza",
              "non_striker": "Saud Shakeel",
              "runs": {
                "batter": 0,
                "extras": 0,
                "total": 0
              }
            },
            {
              "batter": "RR Rossouw",
              "bowler": "Ali Raza",
              "non_striker": "Saud Shakeel",
              "runs": {
                "batter": 4,
                "extras": 0,
                "total": 4
              }
            },
            {
              "batter": "RR Rossouw",
              "bowler": "Ali Raza",
              "non_striker": "Saud Shakeel",
              "runs": {
                "batter": 4,
                "extras": 0,
                "total": 4
              }
            }
          ]
        },
        {
          "over": 6,
          "deliveries": [
            {
              "batter": "Saud Shakeel",
              "bowler": "Sufiyan Muqeem",
              "non_striker": "RR Rossouw",
              "runs": {
                "batter": 0,
                "extras": 0,
                "total": 0
              }
            },
            {
              "batter": "Saud Shakeel",
              "bowler": "Sufiyan Muqeem",
              "non_striker": "RR Rossouw",
              "runs": {
                "batter": 1,
                "extras": 0,
                "total": 1
              }
            },
            {
              "batter": "RR Rossouw",
              "bowler": "Sufiyan Muqeem",
              "non_striker": "Saud Shakeel",
              "runs": {
                "batter": 1,
                "extras": 0,
                "total": 1
              }
            },
            {
              "batter": "Saud Shakeel",
              "bowler": "Sufiyan Muqeem",
              "non_striker": "RR Rossouw",
              "runs": {
                "batter": 0,
                "extras": 0,
                "total": 0
              }
            },
            {
              "batter": "Saud Shakeel",
              "bowler": "Sufiyan Muqeem",
              "non_striker": "RR Rossouw",
              "runs": {
                "batter": 0,
                "extras": 0,
                "total": 0
              }
            },
            {
              "batter": "Saud Shakeel",
              "bowler": "Sufiyan Muqeem",
              "non_striker": "RR Rossouw",
              "runs": {
                "batter": 4,
                "extras": 0,
                "total": 4
              }
            }
          ]
        },
        {
          "over": 7,
          "deliveries": [
            {
              "batter": "RR Rossouw",
              "bowler": "Saim Ayub",
              "non_striker": "Saud Shakeel",
              "runs": {
                "batter": 1,
                "extras": 0,
                "total": 1
              }
            },
            {
              "batter": "Saud Shakeel",
              "bowler": "Saim Ayub",
              "non_striker": "RR Rossouw",
              "runs": {
                "batter": 1,
                "extras": 0,
                "total": 1
              }
            },
            {
              "batter": "RR Rossouw",
              "bowler": "Saim Ayub",
              "non_striker": "Saud Shakeel",
              "runs": {
                "batter": 0,
                "extras": 0,
                "total": 0
              }
            },
            {
              "batter": "RR Rossouw",
              "bowler": "Saim Ayub",
              "non_striker": "Saud Shakeel",
              "runs": {
                "batter": 1,
                "extras": 0,
                "total": 1
              }
            },
            {
              "batter": "Saud Shakeel",
              "bowler": "Saim Ayub",
              "non_striker": "RR Rossouw",
              "runs": {
                "batter": 1,
                "extras": 0,
                "total": 1
              }
            },
            {
              "batter": "RR Rossouw",
              "bowler": "Saim Ayub",
              "non_striker": "Saud Shakeel",
              "runs": {
                "batter": 1,
                "extras": 0,
                "total": 1
              }
            }
          ]
        },
        {
          "over": 8,
          "deliveries": [
            {
              "batter": "RR Rossouw",
              "bowler": "Sufiyan Muqeem",
              "non_striker": "Saud Shakeel",
              "runs": {
                "batter": 0,
                "extras": 0,
                "total": 0
              }
            },
            {
              "batter": "RR Rossouw",
              "bowler": "Sufiyan Muqeem",
              "non_striker": "Saud Shakeel",
              "runs": {
                "batter": 1,
                "extras": 0,
                "total": 1
              }
            },
            {
              "batter": "Saud Shakeel",
              "bowler": "Sufiyan Muqeem",
              "non_striker": "RR Rossouw",
              "runs": {
                "batter": 4,
                "extras": 0,
                "total": 4
              }
            },
            {
              "batter": "Saud Shakeel",
              "bowler": "Sufiyan Muqeem",
              "non_striker": "RR Rossouw",
              "runs": {
                "batter": 4,
                "extras": 0,
                "total": 4
              }
            },
            {
              "batter": "Saud Shakeel",
              "bowler": "Sufiyan Muqeem",
              "non_striker": "RR Rossouw",
              "runs": {
                "batter": 2,
                "extras": 0,
                "total": 2
              }
            },
            {
              "batter": "Saud Shakeel",
              "bowler": "Sufiyan Muqeem",
              "non_striker": "RR Rossouw",
              "runs": {
                "batter": 0,
                "extras": 0,
                "total": 0
              }
            }
          ]
        },
        {
          "over": 9,
          "deliveries": [
            {
              "batter": "RR Rossouw",
              "bowler": "Saim Ayub",
              "non_striker": "Saud Shakeel",
              "runs": {
                "batter": 1,
                "extras": 0,
                "total": 1
              }
            },
            {
              "batter": "Saud Shakeel",
              "bowler": "Saim Ayub",
              "non_striker": "RR Rossouw",
              "runs": {
                "batter": 1,
                "extras": 0,
                "total": 1
              }
            },
            {
              "batter": "RR Rossouw",
              "bowler": "Saim Ayub",
              "non_striker": "Saud Shakeel",
              "runs": {
                "batter": 0,
                "extras": 0,
                "total": 0
              },
              "wickets": [
                {
                  "player_out": "RR Rossouw",
                  "kind": "bowled"
                }
              ]
            },
            {
              "batter": "BKG Mendis",
              "bowler": "Saim Ayub",
              "non_striker": "Saud Shakeel",
              "runs": {
                "batter": 0,
                "extras": 0,
                "total": 0
              }
            },
            {
              "batter": "BKG Mendis",
              "bowler": "Saim Ayub",
              "non_striker": "Saud Shakeel",
              "runs": {
                "batter": 4,
                "extras": 0,
                "total": 4
              }
            },
            {
              "batter": "BKG Mendis",
              "bowler": "Saim Ayub",
              "non_striker": "Saud Shakeel",
              "runs": {
                "batter": 0,
                "extras": 0,
                "total": 0
              }
            }
          ]
        },
        {
          "over": 10,
          "deliveries": [
            {
              "batter": "Saud Shakeel",
              "bowler": "Sufiyan Muqeem",
              "non_striker": "BKG Mendis",
              "runs": {
                "batter": 1,
                "extras": 0,
                "total": 1
              }
            },
            {
              "batter": "BKG Mendis",
              "bowler": "Sufiyan Muqeem",
              "extras": {
                "wides": 1
              },
              "non_striker": "Saud Shakeel",
              "runs": {
                "batter": 0,
                "extras": 1,
                "total": 1
              }
            },
            {
              "batter": "BKG Mendis",
              "bowler": "Sufiyan Muqeem",
              "non_striker": "Saud Shakeel",
              "runs": {
                "batter": 4,
                "extras": 0,
                "total": 4
              }
            },
            {
              "batter": "BKG Mendis",
              "bowler": "Sufiyan Muqeem",
              "non_striker": "Saud Shakeel",
              "runs": {
                "batter": 1,
                "extras": 0,
                "total": 1
              }
            },
            {
              "batter": "Saud Shakeel",
              "bowler": "Sufiyan Muqeem",
              "non_striker": "BKG Mendis",
              "runs": {
                "batter": 1,
                "extras": 0,
                "total": 1
              }
            },
            {
              "batter": "BKG Mendis",
              "bowler": "Sufiyan Muqeem",
              "non_striker": "Saud Shakeel",
              "runs": {
                "batter": 0,
                "extras": 0,
                "total": 0
              }
            },
            {
              "batter": "BKG Mendis",
              "bowler": "Sufiyan Muqeem",
              "non_striker": "Saud Shakeel",
              "runs": {
                "batter": 1,
                "extras": 0,
                "total": 1
              }
            }
          ]
        },
        {
          "over": 11,
          "deliveries": [
            {
              "batter": "BKG Mendis",
              "bowler": "Saim Ayub",
              "non_striker": "Saud Shakeel",
              "runs": {
                "batter": 1,
                "extras": 0,
                "total": 1
              }
            },
            {
              "batter": "Saud Shakeel",
              "bowler": "Saim Ayub",
              "non_striker": "BKG Mendis",
              "runs": {
                "batter": 0,
                "extras": 0,
                "total": 0
              },
              "wickets": [
                {
                  "player_out": "Saud Shakeel",
                  "fielders": [
                    {
                      "name": "Abdul Samad"
                    }
                  ],
                  "kind": "caught"
                }
              ]
            },
            {
              "batter": "MS Chapman",
              "bowler": "Saim Ayub",
              "non_striker": "BKG Mendis",
              "runs": {
                "batter": 1,
                "extras": 0,
                "total": 1
              }
            },
            {
              "batter": "BKG Mendis",
              "bowler": "Saim Ayub",
              "non_striker": "MS Chapman",
              "runs": {
                "batter": 4,
                "extras": 0,
                "total": 4
              }
            },
            {
              "batter": "BKG Mendis",
              "bowler": "Saim Ayub",
              "non_striker": "MS Chapman",
              "runs": {
                "batter": 0,
                "extras": 0,
                "total": 0
              }
            },
            {
              "batter": "BKG Mendis",
              "bowler": "Saim Ayub",
              "non_striker": "MS Chapman",
              "runs": {
                "batter": 2,
                "extras": 0,
                "total": 2
              }
            }
          ]
        },
        {
          "over": 12,
          "deliveries": [
            {
              "batter": "MS Chapman",
              "bowler": "Sufiyan Muqeem",
              "non_striker": "BKG Mendis",
              "runs": {
                "batter": 1,
                "extras": 0,
                "total": 1
              }
            },
            {
              "batter": "BKG Mendis",
              "bowler": "Sufiyan Muqeem",
              "non_striker": "MS Chapman",
              "runs": {
                "batter": 1,
                "extras": 0,
                "total": 1
              }
            },
            {
              "batter": "MS Chapman",
              "bowler": "Sufiyan Muqeem",
              "non_striker": "BKG Mendis",
              "runs": {
                "batter": 1,
                "extras": 0,
                "total": 1
              }
            },
            {
              "batter": "BKG Mendis",
              "bowler": "Sufiyan Muqeem",
              "non_striker": "MS Chapman",
              "runs": {
                "batter": 4,
                "extras": 0,
                "total": 4
              }
            },
            {
              "batter": "BKG Mendis",
              "bowler": "Sufiyan Muqeem",
              "non_striker": "MS Chapman",
              "runs": {
                "batter": 0,
                "extras": 0,
                "total": 0
              }
            },
            {
              "batter": "BKG Mendis",
              "bowler": "Sufiyan Muqeem",
              "non_striker": "MS Chapman",
              "runs": {
                "batter": 0,
                "extras": 0,
                "total": 0
              }
            }
          ]
        },
        {
          "over": 13,
          "deliveries": [
            {
              "batter": "MS Chapman",
              "bowler": "Saim Ayub",
              "non_striker": "BKG Mendis",
              "runs": {
                "batter": 0,
                "extras": 0,
                "total": 0
              }
            },
            {
              "batter": "MS Chapman",
              "bowler": "Saim Ayub",
              "non_striker": "BKG Mendis",
              "runs": {
                "batter": 1,
                "extras": 0,
                "total": 1
              }
            },
            {
              "batter": "BKG Mendis",
              "bowler": "Saim Ayub",
              "extras": {
                "legbyes": 1
              },
              "non_striker": "MS Chapman",
              "runs": {
                "batter": 0,
                "extras": 1,
                "total": 1
              }
            },
            {
              "batter": "MS Chapman",
              "bowler": "Saim Ayub",
              "non_striker": "BKG Mendis",
              "runs": {
                "batter": 1,
                "extras": 0,
                "total": 1
              }
            },
            {
              "batter": "BKG Mendis",
              "bowler": "Saim Ayub",
              "non_striker": "MS Chapman",
              "runs": {
                "batter": 1,
                "extras": 0,
                "total": 1
              }
            },
            {
              "batter": "MS Chapman",
              "bowler": "Saim Ayub",
              "non_striker": "BKG Mendis",
              "runs": {
                "batter": 2,
                "extras": 0,
                "total": 2
              }
            }
          ]
        },
        {
          "over": 14,
          "deliveries": [
            {
              "batter": "BKG Mendis",
              "bowler": "L Wood",
              "non_striker": "MS Chapman",
              "runs": {
                "batter": 4,
                "extras": 0,
                "total": 4
              }
            },
            {
              "batter": "BKG Mendis",
              "bowler": "L Wood",
              "non_striker": "MS Chapman",
              "runs": {
                "batter": 1,
                "extras": 0,
                "total": 1
              }
            },
            {
              "batter": "MS Chapman",
              "bowler": "L Wood",
              "non_striker": "BKG Mendis",
              "runs": {
                "batter": 0,
                "extras": 0,
                "total": 0
              }
            },
            {
              "batter": "MS Chapman",
              "bowler": "L Wood",
              "non_striker": "BKG Mendis",
              "runs": {
                "batter": 2,
                "extras": 0,
                "total": 2
              }
            },
            {
              "batter": "MS Chapman",
              "bowler": "L Wood",
              "non_striker": "BKG Mendis",
              "runs": {
                "batter": 1,
                "extras": 0,
                "total": 1
              }
            },
            {
              "batter": "BKG Mendis",
              "bowler": "L Wood",
              "non_striker": "MS Chapman",
              "runs": {
                "batter": 1,
                "extras": 0,
                "total": 1
              }
            }
          ]
        },
        {
          "over": 15,
          "deliveries": [
            {
              "batter": "BKG Mendis",
              "bowler": "Ali Raza",
              "non_striker": "MS Chapman",
              "runs": {
                "batter": 0,
                "extras": 0,
                "total": 0
              }
            },
            {
              "batter": "BKG Mendis",
              "bowler": "Ali Raza",
              "non_striker": "MS Chapman",
              "runs": {
                "batter": 1,
                "extras": 0,
                "total": 1
              }
            },
            {
              "batter": "MS Chapman",
              "bowler": "Ali Raza",
              "non_striker": "BKG Mendis",
              "runs": {
                "batter": 1,
                "extras": 0,
                "total": 1
              }
            },
            {
              "batter": "BKG Mendis",
              "bowler": "Ali Raza",
              "non_striker": "MS Chapman",
              "runs": {
                "batter": 1,
                "extras": 0,
                "total": 1
              }
            },
            {
              "batter": "MS Chapman",
              "bowler": "Ali Raza",
              "non_striker": "BKG Mendis",
              "runs": {
                "batter": 2,
                "extras": 0,
                "total": 2
              }
            },
            {
              "batter": "MS Chapman",
              "bowler": "Ali Raza",
              "non_striker": "BKG Mendis",
              "runs": {
                "batter": 1,
                "extras": 0,
                "total": 1
              }
            }
          ]
        },
        {
          "over": 16,
          "deliveries": [
            {
              "batter": "MS Chapman",
              "bowler": "AS Joseph",
              "non_striker": "BKG Mendis",
              "runs": {
                "batter": 1,
                "extras": 0,
                "total": 1
              }
            },
            {
              "batter": "BKG Mendis",
              "bowler": "AS Joseph",
              "non_striker": "MS Chapman",
              "runs": {
                "batter": 0,
                "extras": 0,
                "total": 0
              }
            },
            {
              "batter": "BKG Mendis",
              "bowler": "AS Joseph",
              "non_striker": "MS Chapman",
              "runs": {
                "batter": 1,
                "extras": 0,
                "total": 1
              }
            },
            {
              "batter": "MS Chapman",
              "bowler": "AS Joseph",
              "non_striker": "BKG Mendis",
              "runs": {
                "batter": 1,
                "extras": 0,
                "total": 1
              }
            },
            {
              "batter": "BKG Mendis",
              "bowler": "AS Joseph",
              "extras": {
                "wides": 1
              },
              "non_striker": "MS Chapman",
              "runs": {
                "batter": 0,
                "extras": 1,
                "total": 1
              }
            },
            {
              "batter": "BKG Mendis",
              "bowler": "AS Joseph",
              "non_striker": "MS Chapman",
              "runs": {
                "batter": 0,
                "extras": 0,
                "total": 0
              }
            },
            {
              "batter": "BKG Mendis",
              "bowler": "AS Joseph",
              "non_striker": "MS Chapman",
              "runs": {
                "batter": 0,
                "extras": 0,
                "total": 0
              },
              "wickets": [
                {
                  "player_out": "BKG Mendis",
                  "fielders": [
                    {
                      "name": "Mohammad Haris"
                    }
                  ],
                  "kind": "caught"
                }
              ]
            }
          ]
        },
        {
          "over": 17,
          "deliveries": [
            {
              "batter": "MS Chapman",
              "bowler": "Ali Raza",
              "non_striker": "Faheem Ashraf",
              "runs": {
                "batter": 4,
                "extras": 0,
                "total": 4
              }
            },
            {
              "batter": "MS Chapman",
              "bowler": "Ali Raza",
              "non_striker": "Faheem Ashraf",
              "runs": {
                "batter": 0,
                "extras": 0,
                "total": 0
              }
            },
            {
              "batter": "MS Chapman",
              "bowler": "Ali Raza",
              "non_striker": "Faheem Ashraf",
              "runs": {
                "batter": 2,
                "extras": 0,
                "total": 2
              }
            },
            {
              "batter": "MS Chapman",
              "bowler": "Ali Raza",
              "non_striker": "Faheem Ashraf",
              "runs": {
                "batter": 4,
                "extras": 0,
                "total": 4
              }
            },
            {
              "batter": "MS Chapman",
              "bowler": "Ali Raza",
              "non_striker": "Faheem Ashraf",
              "runs": {
                "batter": 4,
                "extras": 0,
                "total": 4
              }
            },
            {
              "batter": "MS Chapman",
              "bowler": "Ali Raza",
              "extras": {
                "noballs": 1
              },
              "non_striker": "Faheem Ashraf",
              "runs": {
                "batter": 0,
                "extras": 1,
                "total": 1
              }
            },
            {
              "batter": "MS Chapman",
              "bowler": "Ali Raza",
              "extras": {
                "wides": 1
              },
              "non_striker": "Faheem Ashraf",
              "runs": {
                "batter": 0,
                "extras": 1,
                "total": 1
              }
            },
            {
              "batter": "MS Chapman",
              "bowler": "Ali Raza",
              "non_striker": "Faheem Ashraf",
              "runs": {
                "batter": 1,
                "extras": 0,
                "total": 1
              }
            }
          ]
        },
        {
          "over": 18,
          "deliveries": [
            {
              "batter": "MS Chapman",
              "bowler": "AS Joseph",
              "extras": {
                "legbyes": 1
              },
              "non_striker": "Faheem Ashraf",
              "review": {
                "by": "Peshawar Zalmi",
                "umpire": "Rashid Riaz",
                "batter": "MS Chapman",
                "decision": "struck down",
                "type": "wicket"
              },
              "runs": {
                "batter": 0,
                "extras": 1,
                "total": 1
              }
            },
            {
              "batter": "Faheem Ashraf",
              "bowler": "AS Joseph",
              "non_striker": "MS Chapman",
              "runs": {
                "batter": 1,
                "extras": 0,
                "total": 1
              }
            },
            {
              "batter": "MS Chapman",
              "bowler": "AS Joseph",
              "non_striker": "Faheem Ashraf",
              "runs": {
                "batter": 1,
                "extras": 0,
                "total": 1
              }
            },
            {
              "batter": "Faheem Ashraf",
              "bowler": "AS Joseph",
              "non_striker": "MS Chapman",
              "runs": {
                "batter": 0,
                "extras": 0,
                "total": 0
              },
              "wickets": [
                {
                  "player_out": "Faheem Ashraf",
                  "kind": "caught and bowled"
                }
              ]
            },
            {
              "batter": "Hassan Nawaz",
              "bowler": "AS Joseph",
              "non_striker": "MS Chapman",
              "runs": {
                "batter": 0,
                "extras": 0,
                "total": 0
              }
            },
            {
              "batter": "Hassan Nawaz",
              "bowler": "AS Joseph",
              "non_striker": "MS Chapman",
              "runs": {
                "batter": 6,
                "extras": 0,
                "total": 6
              }
            }
          ]
        },
        {
          "over": 19,
          "deliveries": [
            {
              "batter": "MS Chapman",
              "bowler": "L Wood",
              "non_striker": "Hassan Nawaz",
              "runs": {
                "batter": 1,
                "extras": 0,
                "total": 1
              }
            },
            {
              "batter": "Hassan Nawaz",
              "bowler": "L Wood",
              "non_striker": "MS Chapman",
              "runs": {
                "batter": 2,
                "extras": 0,
                "total": 2
              }
            },
            {
              "batter": "Hassan Nawaz",
              "bowler": "L Wood",
              "non_striker": "MS Chapman",
              "runs": {
                "batter": 0,
                "extras": 0,
                "total": 0
              },
              "wickets": [
                {
                  "player_out": "Hassan Nawaz",
                  "fielders": [
                    {
                      "name": "Mohammad Haris"
                    },
                    {
                      "name": "L Wood"
                    }
                  ],
                  "kind": "run out"
                }
              ]
            },
            {
              "batter": "MS Chapman",
              "bowler": "L Wood",
              "non_striker": "Mohammad Wasim",
              "runs": {
                "batter": 0,
                "extras": 0,
                "total": 0
              },
              "wickets": [
                {
                  "player_out": "MS Chapman",
                  "fielders": [
                    {
                      "name": "MJ Owen"
                    }
                  ],
                  "kind": "caught"
                }
              ]
            },
            {
              "batter": "Mohammad Amir",
              "bowler": "L Wood",
              "non_striker": "Mohammad Wasim",
              "runs": {
                "batter": 4,
                "extras": 0,
                "total": 4
              }
            },
            {
              "batter": "Mohammad Amir",
              "bowler": "L Wood",
              "extras": {
                "byes": 1
              },
              "non_striker": "Mohammad Wasim",
              "runs": {
                "batter": 0,
                "extras": 1,
                "total": 1
              }
            }
          ]
        }
      ],
      "powerplays": [
        {
          "from": 0.1,
          "to": 5.6,
          "type": "mandatory"
        }
      ]
    },
    {
      "team": "Peshawar Zalmi",
      "overs": [
        {
          "over": 0,
          "deliveries": [
            {
              "batter": "Saim Ayub",
              "bowler": "Mohammad Amir",
              "non_striker": "Babar Azam",
              "runs": {
                "batter": 4,
                "extras": 0,
                "total": 4
              }
            },
            {
              "batter": "Saim Ayub",
              "bowler": "Mohammad Amir",
              "non_striker": "Babar Azam",
              "runs": {
                "batter": 1,
                "extras": 0,
                "total": 1
              }
            },
            {
              "batter": "Babar Azam",
              "bowler": "Mohammad Amir",
              "non_striker": "Saim Ayub",
              "runs": {
                "batter": 0,
                "extras": 0,
                "total": 0
              }
            },
            {
              "batter": "Babar Azam",
              "bowler": "Mohammad Amir",
              "non_striker": "Saim Ayub",
              "runs": {
                "batter": 0,
                "extras": 0,
                "total": 0
              }
            },
            {
              "batter": "Babar Azam",
              "bowler": "Mohammad Amir",
              "non_striker": "Saim Ayub",
              "runs": {
                "batter": 1,
                "extras": 0,
                "total": 1
              }
            },
            {
              "batter": "Saim Ayub",
              "bowler": "Mohammad Amir",
              "non_striker": "Babar Azam",
              "runs": {
                "batter": 0,
                "extras": 0,
                "total": 0
              }
            }
          ]
        },
        {
          "over": 1,
          "deliveries": [
            {
              "batter": "Babar Azam",
              "bowler": "Faheem Ashraf",
              "non_striker": "Saim Ayub",
              "runs": {
                "batter": 6,
                "extras": 0,
                "total": 6
              }
            },
            {
              "batter": "Babar Azam",
              "bowler": "Faheem Ashraf",
              "non_striker": "Saim Ayub",
              "runs": {
                "batter": 4,
                "extras": 0,
                "total": 4
              }
            },
            {
              "batter": "Babar Azam",
              "bowler": "Faheem Ashraf",
              "non_striker": "Saim Ayub",
              "runs": {
                "batter": 1,
                "extras": 0,
                "total": 1
              }
            },
            {
              "batter": "Saim Ayub",
              "bowler": "Faheem Ashraf",
              "non_striker": "Babar Azam",
              "runs": {
                "batter": 0,
                "extras": 0,
                "total": 0
              },
              "wickets": [
                {
                  "player_out": "Saim Ayub",
                  "fielders": [
                    {
                      "name": "BKG Mendis"
                    }
                  ],
                  "kind": "caught"
                }
              ]
            },
            {
              "batter": "T Kohler-Cadmore",
              "bowler": "Faheem Ashraf",
              "non_striker": "Babar Azam",
              "runs": {
                "batter": 4,
                "extras": 0,
                "total": 4
              }
            },
            {
              "batter": "T Kohler-Cadmore",
              "bowler": "Faheem Ashraf",
              "non_striker": "Babar Azam",
              "runs": {
                "batter": 0,
                "extras": 0,
                "total": 0
              }
            }
          ]
        },
        {
          "over": 2,
          "deliveries": [
            {
              "batter": "Babar Azam",
              "bowler": "Mohammad Amir",
              "non_striker": "T Kohler-Cadmore",
              "review": {
                "by": "Peshawar Zalmi",
                "umpire": "AG Wharf",
                "batter": "Babar Azam",
                "decision": "struck down",
                "type": "wicket"
              },
              "runs": {
                "batter": 0,
                "extras": 0,
                "total": 0
              },
              "wickets": [
                {
                  "player_out": "Babar Azam",
                  "kind": "lbw"
                }
              ]
            },
            {
              "batter": "Mohammad Haris",
              "bowler": "Mohammad Amir",
              "non_striker": "T Kohler-Cadmore",
              "runs": {
                "batter": 6,
                "extras": 0,
                "total": 6
              }
            },
            {
              "batter": "Mohammad Haris",
              "bowler": "Mohammad Amir",
              "non_striker": "T Kohler-Cadmore",
              "runs": {
                "batter": 0,
                "extras": 0,
                "total": 0
              }
            },
            {
              "batter": "Mohammad Haris",
              "bowler": "Mohammad Amir",
              "non_striker": "T Kohler-Cadmore",
              "runs": {
                "batter": 1,
                "extras": 0,
                "total": 1
              }
            },
            {
              "batter": "T Kohler-Cadmore",
              "bowler": "Mohammad Amir",
              "non_striker": "Mohammad Haris",
              "runs": {
                "batter": 0,
                "extras": 0,
                "total": 0
              }
            },
            {
              "batter": "T Kohler-Cadmore",
              "bowler": "Mohammad Amir",
              "non_striker": "Mohammad Haris",
              "runs": {
                "batter": 0,
                "extras": 0,
                "total": 0
              }
            }
          ]
        },
        {
          "over": 3,
          "deliveries": [
            {
              "batter": "Mohammad Haris",
              "bowler": "Khurram Shahzad",
              "non_striker": "T Kohler-Cadmore",
              "runs": {
                "batter": 0,
                "extras": 0,
                "total": 0
              }
            },
            {
              "batter": "Mohammad Haris",
              "bowler": "Khurram Shahzad",
              "non_striker": "T Kohler-Cadmore",
              "runs": {
                "batter": 0,
                "extras": 0,
                "total": 0
              }
            },
            {
              "batter": "Mohammad Haris",
              "bowler": "Khurram Shahzad",
              "extras": {
                "wides": 1
              },
              "non_striker": "T Kohler-Cadmore",
              "runs": {
                "batter": 0,
                "extras": 1,
                "total": 1
              }
            },
            {
              "batter": "Mohammad Haris",
              "bowler": "Khurram Shahzad",
              "non_striker": "T Kohler-Cadmore",
              "runs": {
                "batter": 1,
                "extras": 0,
                "total": 1
              }
            },
            {
              "batter": "T Kohler-Cadmore",
              "bowler": "Khurram Shahzad",
              "non_striker": "Mohammad Haris",
              "runs": {
                "batter": 0,
                "extras": 0,
                "total": 0
              }
            },
            {
              "batter": "T Kohler-Cadmore",
              "bowler": "Khurram Shahzad",
              "non_striker": "Mohammad Haris",
              "runs": {
                "batter": 1,
                "extras": 0,
                "total": 1
              }
            },
            {
              "batter": "Mohammad Haris",
              "bowler": "Khurram Shahzad",
              "non_striker": "T Kohler-Cadmore",
              "runs": {
                "batter": 0,
                "extras": 0,
                "total": 0
              }
            }
          ]
        },
        {
          "over": 4,
          "deliveries": [
            {
              "batter": "T Kohler-Cadmore",
              "bowler": "Mohammad Wasim",
              "extras": {
                "legbyes": 1
              },
              "non_striker": "Mohammad Haris",
              "runs": {
                "batter": 0,
                "extras": 1,
                "total": 1
              }
            },
            {
              "batter": "Mohammad Haris",
              "bowler": "Mohammad Wasim",
              "non_striker": "T Kohler-Cadmore",
              "runs": {
                "batter": 1,
                "extras": 0,
                "total": 1
              }
            },
            {
              "batter": "T Kohler-Cadmore",
              "bowler": "Mohammad Wasim",
              "non_striker": "Mohammad Haris",
              "runs": {
                "batter": 0,
                "extras": 0,
                "total": 0
              },
              "wickets": [
                {
                  "player_out": "T Kohler-Cadmore",
                  "kind": "bowled"
                }
              ]
            },
            {
              "batter": "Hussain Talat",
              "bowler": "Mohammad Wasim",
              "non_striker": "Mohammad Haris",
              "runs": {
                "batter": 1,
                "extras": 0,
                "total": 1
              }
            },
            {
              "batter": "Mohammad Haris",
              "bowler": "Mohammad Wasim",
              "non_striker": "Hussain Talat",
              "runs": {
                "batter": 4,
                "extras": 0,
                "total": 4
              }
            },
            {
              "batter": "Mohammad Haris",
              "bowler": "Mohammad Wasim",
              "extras": {
                "wides": 1
              },
              "non_striker": "Hussain Talat",
              "runs": {
                "batter": 0,
                "extras": 1,
                "total": 1
              }
            },
            {
              "batter": "Mohammad Haris",
              "bowler": "Mohammad Wasim",
              "non_striker": "Hussain Talat",
              "runs": {
                "batter": 1,
                "extras": 0,
                "total": 1
              }
            }
          ]
        },
        {
          "over": 5,
          "deliveries": [
            {
              "batter": "Mohammad Haris",
              "bowler": "Khurram Shahzad",
              "extras": {
                "legbyes": 1
              },
              "non_striker": "Hussain Talat",
              "runs": {
                "batter": 0,
                "extras": 1,
                "total": 1
              }
            },
            {
              "batter": "Hussain Talat",
              "bowler": "Khurram Shahzad",
              "non_striker": "Mohammad Haris",
              "runs": {
                "batter": 0,
                "extras": 0,
                "total": 0
              }
            },
            {
              "batter": "Hussain Talat",
              "bowler": "Khurram Shahzad",
              "non_striker": "Mohammad Haris",
              "runs": {
                "batter": 0,
                "extras": 0,
                "total": 0
              }
            },
            {
              "batter": "Hussain Talat",
              "bowler": "Khurram Shahzad",
              "non_striker": "Mohammad Haris",
              "runs": {
                "batter": 0,
                "extras": 0,
                "total": 0
              }
            },
            {
              "batter": "Hussain Talat",
              "bowler": "Khurram Shahzad",
              "non_striker": "Mohammad Haris",
              "runs": {
                "batter": 0,
                "extras": 0,
                "total": 0
              }
            },
            {
              "batter": "Hussain Talat",
              "bowler": "Khurram Shahzad",
              "non_striker": "Mohammad Haris",
              "runs": {
                "batter": 0,
                "extras": 0,
                "total": 0
              }
            }
          ]
        },
        {
          "over": 6,
          "deliveries": [
            {
              "batter": "Mohammad Haris",
              "bowler": "Abrar Ahmed",
              "non_striker": "Hussain Talat",
              "runs": {
                "batter": 1,
                "extras": 0,
                "total": 1
              }
            },
            {
              "batter": "Hussain Talat",
              "bowler": "Abrar Ahmed",
              "non_striker": "Mohammad Haris",
              "runs": {
                "batter": 1,
                "extras": 0,
                "total": 1
              }
            },
            {
              "batter": "Mohammad Haris",
              "bowler": "Abrar Ahmed",
              "non_striker": "Hussain Talat",
              "runs": {
                "batter": 1,
                "extras": 0,
                "total": 1
              }
            },
            {
              "batter": "Hussain Talat",
              "bowler": "Abrar Ahmed",
              "non_striker": "Mohammad Haris",
              "runs": {
                "batter": 1,
                "extras": 0,
                "total": 1
              }
            },
            {
              "batter": "Mohammad Haris",
              "bowler": "Abrar Ahmed",
              "non_striker": "Hussain Talat",
              "runs": {
                "batter": 0,
                "extras": 0,
                "total": 0
              }
            },
            {
              "batter": "Mohammad Haris",
              "bowler": "Abrar Ahmed",
              "non_striker": "Hussain Talat",
              "runs": {
                "batter": 1,
                "extras": 0,
                "total": 1
              }
            }
          ]
        },
        {
          "over": 7,
          "deliveries": [
            {
              "batter": "Mohammad Haris",
              "bowler": "Faheem Ashraf",
              "non_striker": "Hussain Talat",
              "runs": {
                "batter": 0,
                "extras": 0,
                "total": 0
              },
              "wickets": [
                {
                  "player_out": "Mohammad Haris",
                  "fielders": [
                    {
                      "name": "RR Rossouw"
                    }
                  ],
                  "kind": "caught"
                }
              ]
            },
            {
              "batter": "Abdul Samad",
              "bowler": "Faheem Ashraf",
              "extras": {
                "wides": 1
              },
              "non_striker": "Hussain Talat",
              "runs": {
                "batter": 0,
                "extras": 1,
                "total": 1
              }
            },
            {
              "batter": "Abdul Samad",
              "bowler": "Faheem Ashraf",
              "non_striker": "Hussain Talat",
              "runs": {
                "batter": 2,
                "extras": 0,
                "total": 2
              }
            },
            {
              "batter": "Abdul Samad",
              "bowler": "Faheem Ashraf",
              "extras": {
                "wides": 1
              },
              "non_striker": "Hussain Talat",
              "runs": {
                "batter": 0,
                "extras": 1,
                "total": 1
              }
            },
            {
              "batter": "Abdul Samad",
              "bowler": "Faheem Ashraf",
              "non_striker": "Hussain Talat",
              "runs": {
                "batter": 0,
                "extras": 0,
                "total": 0
              },
              "wickets": [
                {
                  "player_out": "Abdul Samad",
                  "fielders": [
                    {
                      "name": "BKG Mendis"
                    }
                  ],
                  "kind": "caught"
                }
              ]
            },
            {
              "batter": "MJ Owen",
              "bowler": "Faheem Ashraf",
              "non_striker": "Hussain Talat",
              "runs": {
                "batter": 1,
                "extras": 0,
                "total": 1
              }
            },
            {
              "batter": "Hussain Talat",
              "bowler": "Faheem Ashraf",
              "non_striker": "MJ Owen",
              "runs": {
                "batter": 1,
                "extras": 0,
                "total": 1
              }
            },
            {
              "batter": "MJ Owen",
              "bowler": "Faheem Ashraf",
              "non_striker": "Hussain Talat",
              "runs": {
                "batter": 0,
                "extras": 0,
                "total": 0
              }
            }
          ]
        },
        {
          "over": 8,
          "deliveries": [
            {
              "batter": "Hussain Talat",
              "bowler": "Abrar Ahmed",
              "non_striker": "MJ Owen",
              "runs": {
                "batter": 6,
                "extras": 0,
                "total": 6
              }
            },
            {
              "batter": "Hussain Talat",
              "bowler": "Abrar Ahmed",
              "non_striker": "MJ Owen",
              "runs": {
                "batter": 1,
                "extras": 0,
                "total": 1
              }
            },
            {
              "batter": "MJ Owen",
              "bowler": "Abrar Ahmed",
              "non_striker": "Hussain Talat",
              "runs": {
                "batter": 4,
                "extras": 0,
                "total": 4
              }
            },
            {
              "batter": "MJ Owen",
              "bowler": "Abrar Ahmed",
              "non_striker": "Hussain Talat",
              "runs": {
                "batter": 2,
                "extras": 0,
                "total": 2
              }
            },
            {
              "batter": "MJ Owen",
              "bowler": "Abrar Ahmed",
              "non_striker": "Hussain Talat",
              "runs": {
                "batter": 1,
                "extras": 0,
                "total": 1
              }
            },
            {
              "batter": "Hussain Talat",
              "bowler": "Abrar Ahmed",
              "non_striker": "MJ Owen",
              "runs": {
                "batter": 1,
                "extras": 0,
                "total": 1
              }
            }
          ]
        },
        {
          "over": 9,
          "deliveries": [
            {
              "batter": "Hussain Talat",
              "bowler": "Mohammad Wasim",
              "non_striker": "MJ Owen",
              "runs": {
                "batter": 0,
                "extras": 0,
                "total": 0
              }
            },
            {
              "batter": "Hussain Talat",
              "bowler": "Mohammad Wasim",
              "non_striker": "MJ Owen",
              "runs": {
                "batter": 1,
                "extras": 0,
                "total": 1
              }
            },
            {
              "batter": "MJ Owen",
              "bowler": "Mohammad Wasim",
              "non_striker": "Hussain Talat",
              "runs": {
                "batter": 1,
                "extras": 0,
                "total": 1
              }
            },
            {
              "batter": "Hussain Talat",
              "bowler": "Mohammad Wasim",
              "non_striker": "MJ Owen",
              "runs": {
                "batter": 0,
                "extras": 0,
                "total": 0
              }
            },
            {
              "batter": "Hussain Talat",
              "bowler": "Mohammad Wasim",
              "extras": {
                "legbyes": 1
              },
              "non_striker": "MJ Owen",
              "runs": {
                "batter": 0,
                "extras": 1,
                "total": 1
              }
            },
            {
              "batter": "MJ Owen",
              "bowler": "Mohammad Wasim",
              "non_striker": "Hussain Talat",
              "runs": {
                "batter": 6,
                "extras": 0,
                "total": 6
              }
            }
          ]
        },
        {
          "over": 10,
          "deliveries": [
            {
              "batter": "Hussain Talat",
              "bowler": "Khurram Shahzad",
              "non_striker": "MJ Owen",
              "runs": {
                "batter": 4,
                "extras": 0,
                "total": 4
              }
            },
            {
              "batter": "Hussain Talat",
              "bowler": "Khurram Shahzad",
              "non_striker": "MJ Owen",
              "runs": {
                "batter": 1,
                "extras": 0,
                "total": 1
              }
            },
            {
              "batter": "MJ Owen",
              "bowler": "Khurram Shahzad",
              "non_striker": "Hussain Talat",
              "runs": {
                "batter": 0,
                "extras": 0,
                "total": 0
              },
              "wickets": [
                {
                  "player_out": "MJ Owen",
                  "fielders": [
                    {
                      "name": "Mohammad Wasim"
                    }
                  ],
                  "kind": "caught"
                }
              ]
            },
            {
              "batter": "AS Joseph",
              "bowler": "Khurram Shahzad",
              "non_striker": "Hussain Talat",
              "review": {
                "by": "Quetta Gladiators",
                "umpire": "AG Wharf",
                "batter": "AS Joseph",
                "decision": "upheld",
                "type": "wicket"
              },
              "runs": {
                "batter": 0,
                "extras": 0,
                "total": 0
              },
              "wickets": [
                {
                  "player_out": "AS Joseph",
                  "fielders": [
                    {
                      "name": "BKG Mendis"
                    }
                  ],
                  "kind": "caught"
                }
              ]
            },
            {
              "batter": "L Wood",
              "bowler": "Khurram Shahzad",
              "non_striker": "Hussain Talat",
              "runs": {
                "batter": 0,
                "extras": 0,
                "total": 0
              }
            },
            {
              "batter": "L Wood",
              "bowler": "Khurram Shahzad",
              "non_striker": "Hussain Talat",
              "runs": {
                "batter": 1,
                "extras": 0,
                "total": 1
              }
            }
          ]
        },
        {
          "over": 11,
          "deliveries": [
            {
              "batter": "L Wood",
              "bowler": "Faheem Ashraf",
              "non_striker": "Hussain Talat",
              "runs": {
                "batter": 1,
                "extras": 0,
                "total": 1
              }
            },
            {
              "batter": "Hussain Talat",
              "bowler": "Faheem Ashraf",
              "non_striker": "L Wood",
              "runs": {
                "batter": 4,
                "extras": 0,
                "total": 4
              }
            },
            {
              "batter": "Hussain Talat",
              "bowler": "Faheem Ashraf",
              "non_striker": "L Wood",
              "runs": {
                "batter": 0,
                "extras": 0,
                "total": 0
              }
            },
            {
              "batter": "Hussain Talat",
              "bowler": "Faheem Ashraf",
              "non_striker": "L Wood",
              "runs": {
                "batter": 1,
                "extras": 0,
                "total": 1
              }
            },
            {
              "batter": "L Wood",
              "bowler": "Faheem Ashraf",
              "non_striker": "Hussain Talat",
              "runs": {
                "batter": 6,
                "extras": 0,
                "total": 6
              }
            },
            {
              "batter": "L Wood",
              "bowler": "Faheem Ashraf",
              "non_striker": "Hussain Talat",
              "runs": {
                "batter": 0,
                "extras": 0,
                "total": 0
              },
              "wickets": [
                {
                  "player_out": "L Wood",
                  "fielders": [
                    {
                      "name": "RR Rossouw"
                    }
                  ],
                  "kind": "caught"
                }
              ]
            }
          ]
        },
        {
          "over": 12,
          "deliveries": [
            {
              "batter": "Hussain Talat",
              "bowler": "Mohammad Amir",
              "non_striker": "Sufiyan Muqeem",
              "runs": {
                "batter": 0,
                "extras": 0,
                "total": 0
              }
            },
            {
              "batter": "Hussain Talat",
              "bowler": "Mohammad Amir",
              "non_striker": "Sufiyan Muqeem",
              "runs": {
                "batter": 1,
                "extras": 0,
                "total": 1
              }
            },
            {
              "batter": "Sufiyan Muqeem",
              "bowler": "Mohammad Amir",
              "non_striker": "Hussain Talat",
              "runs": {
                "batter": 0,
                "extras": 0,
                "total": 0
              }
            },
            {
              "batter": "Sufiyan Muqeem",
              "bowler": "Mohammad Amir",
              "non_striker": "Hussain Talat",
              "runs": {
                "batter": 0,
                "extras": 0,
                "total": 0
              }
            },
            {
              "batter": "Sufiyan Muqeem",
              "bowler": "Mohammad Amir",
              "non_striker": "Hussain Talat",
              "runs": {
                "batter": 4,
                "extras": 0,
                "total": 4
              }
            },
            {
              "batter": "Sufiyan Muqeem",
              "bowler": "Mohammad Amir",
              "non_striker": "Hussain Talat",
              "runs": {
                "batter": 0,
                "extras": 0,
                "total": 0
              }
            }
          ]
        },
        {
          "over": 13,
          "deliveries": [
            {
              "batter": "Hussain Talat",
              "bowler": "Mohammad Wasim",
              "non_striker": "Sufiyan Muqeem",
              "runs": {
                "batter": 0,
                "extras": 0,
                "total": 0
              }
            },
            {
              "batter": "Hussain Talat",
              "bowler": "Mohammad Wasim",
              "non_striker": "Sufiyan Muqeem",
              "runs": {
                "batter": 0,
                "extras": 0,
                "total": 0
              }
            },
            {
              "batter": "Hussain Talat",
              "bowler": "Mohammad Wasim",
              "non_striker": "Sufiyan Muqeem",
              "runs": {
                "batter": 4,
                "extras": 0,
                "total": 4
              }
            },
            {
              "batter": "Hussain Talat",
              "bowler": "Mohammad Wasim",
              "non_striker": "Sufiyan Muqeem",
              "runs": {
                "batter": 0,
                "extras": 0,
                "total": 0
              }
            },
            {
              "batter": "Hussain Talat",
              "bowler": "Mohammad Wasim",
              "non_striker": "Sufiyan Muqeem",
              "runs": {
                "batter": 0,
                "extras": 0,
                "total": 0
              }
            },
            {
              "batter": "Hussain Talat",
              "bowler": "Mohammad Wasim",
              "non_striker": "Sufiyan Muqeem",
              "runs": {
                "batter": 1,
                "extras": 0,
                "total": 1
              }
            }
          ]
        },
        {
          "over": 14,
          "deliveries": [
            {
              "batter": "Hussain Talat",
              "bowler": "Abrar Ahmed",
              "non_striker": "Sufiyan Muqeem",
              "runs": {
                "batter": 0,
                "extras": 0,
                "total": 0
              }
            },
            {
              "batter": "Hussain Talat",
              "bowler": "Abrar Ahmed",
              "non_striker": "Sufiyan Muqeem",
              "runs": {
                "batter": 6,
                "extras": 0,
                "total": 6
              }
            },
            {
              "batter": "Hussain Talat",
              "bowler": "Abrar Ahmed",
              "non_striker": "Sufiyan Muqeem",
              "runs": {
                "batter": 4,
                "extras": 0,
                "total": 4
              }
            },
            {
              "batter": "Hussain Talat",
              "bowler": "Abrar Ahmed",
              "non_striker": "Sufiyan Muqeem",
              "runs": {
                "batter": 0,
                "extras": 0,
                "total": 0
              }
            },
            {
              "batter": "Hussain Talat",
              "bowler": "Abrar Ahmed",
              "non_striker": "Sufiyan Muqeem",
              "runs": {
                "batter": 0,
                "extras": 0,
                "total": 0
              },
              "wickets": [
                {
                  "player_out": "Hussain Talat",
                  "fielders": [
                    {
                      "name": "RR Rossouw"
                    }
                  ],
                  "kind": "caught"
                }
              ]
            },
            {
              "batter": "Ali Raza",
              "bowler": "Abrar Ahmed",
              "non_striker": "Sufiyan Muqeem",
              "runs": {
                "batter": 0,
                "extras": 0,
                "total": 0
              }
            }
          ]
        },
        {
          "over": 15,
          "deliveries": [
            {
              "batter": "Sufiyan Muqeem",
              "bowler": "Faheem Ashraf",
              "non_striker": "Ali Raza",
              "runs": {
                "batter": 0,
                "extras": 0,
                "total": 0
              }
            },
            {
              "batter": "Sufiyan Muqeem",
              "bowler": "Faheem Ashraf",
              "non_striker": "Ali Raza",
              "runs": {
                "batter": 0,
                "extras": 0,
                "total": 0
              },
              "wickets": [
                {
                  "player_out": "Sufiyan Muqeem",
                  "fielders": [
                    {
                      "name": "RR Rossouw"
                    }
                  ],
                  "kind": "caught"
                }
              ]
            }
          ]
        }
      ],
      "powerplays": [
        {
          "from": 0.1,
          "to": 5.6,
          "type": "mandatory"
        }
      ],
      "target": {
        "overs": 20,
        "runs": 179
      }
    }
  ]
}