{
  "meta": {
    "data_version": "1.1.0",
    "created": "2022-04-01",
    "revision": 1
  },
  "info": {
    "balls_per_over": 6,
    "city": "Potchefstroom",
    "dates": [
      "2016-11-20"
    ],
    "event": {
      "name": "CSA T20 Challenge"
    },
    "gender": "male",
    "match_type": "T20",
    "officials": {
      "match_referees": [
        "SB Lambson"
      ],
      "reserve_umpires": [
        "GH Pienaar"
      ],
      "umpires": [
        "AT Holdstock",
        "S George"
      ]
    },
    "outcome": {
      "winner": "Lions",
      "by": {
        "runs": 3
      },
      "method": "D/L"
    },
    "overs": 20,
    "player_of_match": [
      "AM Phangiso",
      "M Mosehle"
    ],
    "players": {
      "Lions": [
        "DA Hendricks",
        "HE van der Dussen",
        "OA Ramela",
        "M Mosehle",
        "DP Conway",
        "NJ van den Bergh",
        "PWA Mulder",
        "GC Viljoen",
        "AM Phangiso",
        "Z Pongolo",
        "E Leie"
      ],
      "Cape Cobras": [
        "RE Levi",
        "WD Parnell",
        "KA Pollard",
        "GF Linde",
        "KD Petersen",
        "A Mgijima",
        "JF Smith",
        "D Paterson",
        "RK Kleinveldt",
        "NM Serame",
        "C Tshiki"
      ]
    },
    "registry": {
      "people": {
        "A Mgijima": "955e8e86",
        "AM Phangiso": "7f8ecc51",
        "AT Holdstock": "6fa3258c",
        "C Tshiki": "9ab2cc9b",
        "D Paterson": "462d7c62",
        "DA Hendricks": "f66f5343",
        "DP Conway": "df5a6881",
        "E Leie": "a7bc76a0",
        "GC Viljoen": "a316d663",
        "GF Linde": "e5437608",
        "GH Pienaar": "3516e46b",
        "HE van der Dussen": "9948e262",
        "JF Smith": "91cd48e0",
        "KA Pollard": "a757b0d8",
        "KD Petersen": "bf64dc29",
        "M Mosehle": "8836fcac",
        "NJ van den Bergh": "055e8d7b",
        "NM Serame": "abd541e6",
        "OA Ramela": "04a5b56e",
        "PWA Mulder": "c96f6ac5",
        "RE Levi": "18c78b11",
        "RK Kleinveldt": "7955eb15",
        "S George": "6d9e5a54",
        "SB Lambson": "4146063f",
        "WD Parnell": "3a60e0b5",
        "Z Pongolo": "01698fee"
      }
    },
    "season": "2016/17",
    "team_type": "club",
    "teams": [
      "Lions",
      "Cape Cobras"
    ],
    "toss": {
      "decision": "bat",
      "winner": "Lions"
    },
    "venue": "Senwes Park, Potchefstroom"
  },
  "innings": [
    {
      "team": "Lions",
      "overs": [
        {
          "over": 0,
          "deliveries": [
            {
              "batter": "DA Hendricks",
              "bowler": "D Paterson",
              "non_striker": "HE van der Dussen",
              "runs": {
                "batter": 0,
                "extras": 0,
                "total": 0
              },
              "wickets": [
                {
                  "player_out": "DA Hendricks",
                  "kind": "lbw"
                }
              ]
            },
            {
              "batter": "OA Ramela",
              "bowler": "D Paterson",
              "non_striker": "HE van der Dussen",
              "runs": {
                "batter": 0,
                "extras": 0,
                "total": 0
              }
            },
            {
              "batter": "OA Ramela",
              "bowler": "D Paterson",
              "non_striker": "HE van der Dussen",
              "runs": {
                "batter": 0,
                "extras": 0,
                "total": 0
              }
            },
            {
              "batter": "OA Ramela",
              "bowler": "D Paterson",
              "extras": {
                "wides": 5
              },
              "non_striker": "HE van der Dussen",
              "runs": {
                "batter": 0,
                "extras": 5,
                "total": 5
              }
            },
            {
              "batter": "OA Ramela",
              "bowler": "D Paterson",
              "non_striker": "HE van der Dussen",
              "runs": {
                "batter": 0,
                "extras": 0,
                "total": 0
              }
            },
            {
              "batter": "OA Ramela",
              "bowler": "D Paterson",
              "non_striker": "HE van der Dussen",
              "runs": {
                "batter": 0,
                "extras": 0,
                "total": 0
              }
            },
            {
              "batter": "OA Ramela",
              "bowler": "D Paterson",
              "non_striker": "HE van der Dussen",
              "runs": {
                "batter": 0,
                "extras": 0,
                "total": 0
              }
            }
          ]
        },
        {
          "over": 1,
          "deliveries": [
            {
              "batter": "HE van der Dussen",
              "bowler": "RK Kleinveldt",
              "non_striker": "OA Ramela",
              "runs": {
                "batter": 0,
                "extras": 0,
                "total": 0
              }
            },
            {
              "batter": "HE van der Dussen",
              "bowler": "RK Kleinveldt",
              "non_striker": "OA Ramela",
              "runs": {
                "batter": 4,
                "extras": 0,
                "total": 4
              }
            },
            {
              "batter": "HE van der Dussen",
              "bowler": "RK Kleinveldt",
              "non_striker": "OA Ramela",
              "runs": {
                "batter": 0,
                "extras": 0,
                "total": 0
              }
            },
            {
              "batter": "HE van der Dussen",
              "bowler": "RK Kleinveldt",
              "non_striker": "OA Ramela",
              "runs": {
                "batter": 1,
                "extras": 0,
                "total": 1
              }
            },
            {
              "batter": "OA Ramela",
              "bowler": "RK Kleinveldt",
              "non_striker": "HE van der Dussen",
              "runs": {
                "batter": 0,
                "extras": 0,
                "total": 0
              }
            },
            {
              "batter": "OA Ramela",
              "bowler": "RK Kleinveldt",
              "non_striker": "HE van der Dussen",
              "runs": {
                "batter": 1,
                "extras": 0,
                "total": 1
              }
            }
          ]
        },
        {
          "over": 2,
          "deliveries": [
            {
              "batter": "OA Ramela",
              "bowler": "D Paterson",
              "non_striker": "HE van der Dussen",
              "runs": {
                "batter": 0,
                "extras": 0,
                "total": 0
              }
            },
            {
              "batter": "OA Ramela",
              "bowler": "D Paterson",
              "non_striker": "HE van der Dussen",
              "runs": {
                "batter": 4,
                "extras": 0,
                "total": 4
              }
            },
            {
              "batter": "OA Ramela",
              "bowler": "D Paterson",
              "non_striker": "HE van der Dussen",
              "runs": {
                "batter": 4,
                "extras": 0,
                "total": 4
              }
            },
            {
              "batter": "OA Ramela",
              "bowler": "D Paterson",
              "extras": {
                "legbyes": 1
              },
              "non_striker": "HE van der Dussen",
              "runs": {
                "batter": 0,
                "extras": 1,
                "total": 1
              }
            },
            {
              "batter": "HE van der Dussen",
              "bowler": "D Paterson",
              "non_striker": "OA Ramela",
              "runs": {
                "batter": 0,
                "extras": 0,
                "total": 0
              }
            },
            {
              "batter": "HE van der Dussen",
              "bowler": "D Paterson",
              "non_striker": "OA Ramela",
              "runs": {
                "batter": 0,
                "extras": 0,
                "total": 0
              }
            }
          ]
        },
        {
          "over": 3,
          "deliveries": [
            {
              "batter": "OA Ramela",
              "bowler": "RK Kleinveldt",
              "non_striker": "HE van der Dussen",
              "runs": {
                "batter": 0,
                "extras": 0,
                "total": 0
              }
            },
            {
              "batter": "OA Ramela",
              "bowler": "RK Kleinveldt",
              "non_striker": "HE van der Dussen",
              "runs": {
                "batter": 0,
                "extras": 0,
                "total": 0
              }
            },
            {
              "batter": "OA Ramela",
              "bowler": "RK Kleinveldt",
              "non_striker": "HE van der Dussen",
              "runs": {
                "batter": 0,
                "extras": 0,
                "total": 0
              }
            },
            {
              "batter": "OA Ramela",
              "bowler": "RK Kleinveldt",
              "non_striker": "HE van der Dussen",
              "runs": {
                "batter": 0,
                "extras": 0,
                "total": 0
              }
            },
            {
              "batter": "OA Ramela",
              "bowler": "RK Kleinveldt",
              "non_striker": "HE van der Dussen",
              "runs": {
                "batter": 4,
                "extras": 0,
                "total": 4
              }
            },
            {
              "batter": "OA Ramela",
              "bowler": "RK Kleinveldt",
              "non_striker": "HE van der Dussen",
              "runs": {
                "batter": 0,
                "extras": 0,
                "total": 0
              },
              "wickets": [
                {
                  "player_out": "OA Ramela",
                  "kind": "bowled"
                }
              ]
            }
          ]
        },
        {
          "over": 4,
          "deliveries": [
            {
              "batter": "HE van der Dussen",
              "bowler": "GF Linde",
              "non_striker": "M Mosehle",
              "runs": {
                "batter": 0,
                "extras": 0,
                "total": 0
              }
            },
            {
              "batter": "HE van der Dussen",
              "bowler": "GF Linde",
              "extras": {
                "byes": 4
              },
              "non_striker": "M Mosehle",
              "runs": {
                "batter": 0,
                "extras": 4,
                "total": 4
              }
            },
            {
              "batter": "HE van der Dussen",
              "bowler": "GF Linde",
              "non_striker": "M Mosehle",
              "runs": {
                "batter": 4,
                "extras": 0,
                "total": 4
              }
            },
            {
              "batter": "HE van der Dussen",
              "bowler": "GF Linde",
              "non_striker": "M Mosehle",
              "runs": {
                "batter": 1,
                "extras": 0,
                "total": 1
              }
            },
            {
              "batter": "M Mosehle",
              "bowler": "GF Linde",
              "non_striker": "HE van der Dussen",
              "runs": {
                "batter": 0,
                "extras": 0,
                "total": 0
              }
            },
            {
              "batter": "M Mosehle",
              "bowler": "GF Linde",
              "non_striker": "HE van der Dussen",
              "runs": {
                "batter": 0,
                "extras": 0,
                "total": 0
              }
            }
          ]
        },
        {
          "over": 5,
          "deliveries": [
            {
              "batter": "HE van der Dussen",
              "bowler": "RK Kleinveldt",
              "non_striker": "M Mosehle",
              "runs": {
                "batter": 1,
                "extras": 0,
                "total": 1
              }
            },
            {
              "batter": "M Mosehle",
              "bowler": "RK Kleinveldt",
              "non_striker": "HE van der Dussen",
              "runs": {
                "batter": 0,
                "extras": 0,
                "total": 0
              }
            },
            {
              "batter": "M Mosehle",
              "bowler": "RK Kleinveldt",
              "non_striker": "HE van der Dussen",
              "runs": {
                "batter": 1,
                "extras": 0,
                "total": 1
              }
            },
            {
              "batter": "HE van der Dussen",
              "bowler": "RK Kleinveldt",
              "non_striker": "M Mosehle",
              "runs": {
                "batter": 0,
                "extras": 0,
                "total": 0
              }
            },
            {
              "batter": "HE van der Dussen",
              "bowler": "RK Kleinveldt",
              "non_striker": "M Mosehle",
              "runs": {
                "batter": 1,
                "extras": 0,
                "total": 1
              }
            },
            {
              "batter": "M Mosehle",
              "bowler": "RK Kleinveldt",
              "non_striker": "HE van der Dussen",
              "runs": {
                "batter": 0,
                "extras": 0,
                "total": 0
              }
            }
          ]
        },
        {
          "over": 6,
          "deliveries": [
            {
              "batter": "HE van der Dussen",
              "bowler": "NM Serame",
              "non_striker": "M Mosehle",
              "runs": {
                "batter": 1,
                "extras": 0,
                "total": 1
              }
            },
            {
              "batter": "M Mosehle",
              "bowler": "NM Serame",
              "non_striker": "HE van der Dussen",
              "runs": {
                "batter": 1,
                "extras": 0,
                "total": 1
              }
            },
            {
              "batter": "HE van der Dussen",
              "bowler": "NM Serame",
              "non_striker": "M Mosehle",
              "runs": {
                "batter": 1,
                "extras": 0,
                "total": 1
              }
            },
            {
              "batter": "M Mosehle",
              "bowler": "NM Serame",
              "non_striker": "HE van der Dussen",
              "runs": {
                "batter": 0,
                "extras": 0,
                "total": 0
              }
            },
            {
              "batter": "M Mosehle",
              "bowler": "NM Serame",
              "non_striker": "HE van der Dussen",
              "runs": {
                "batter": 0,
                "extras": 0,
                "total": 0
              }
            },
            {
              "batter": "M Mosehle",
              "bowler": "NM Serame",
              "non_striker": "HE van der Dussen",
              "runs": {
                "batter": 0,
                "extras": 0,
                "total": 0
              }
            }
          ]
        },
        {
          "over": 7,
          "deliveries": [
            {
              "batter": "HE van der Dussen",
              "bowler": "RK Kleinveldt",
              "extras": {
                "wides": 1
              },
              "non_striker": "M Mosehle",
              "runs": {
                "batter": 0,
                "extras": 1,
                "total": 1
              }
            },
            {
              "batter": "HE van der Dussen",
              "bowler": "RK Kleinveldt",
              "non_striker": "M Mosehle",
              "runs": {
                "batter": 1,
                "extras": 0,
                "total": 1
              }
            },
            {
              "batter": "M Mosehle",
              "bowler": "RK Kleinveldt",
              "non_striker": "HE van der Dussen",
              "runs": {
                "batter": 6,
                "extras": 0,
                "total": 6
              }
            },
            {
              "batter": "M Mosehle",
              "bowler": "RK Kleinveldt",
              "non_striker": "HE van der Dussen",
              "runs": {
                "batter": 1,
                "extras": 0,
                "total": 1
              }
            },
            {
              "batter": "HE van der Dussen",
              "bowler": "RK Kleinveldt",
              "non_striker": "M Mosehle",
              "runs": {
                "batter": 1,
                "extras": 0,
                "total": 1
              }
            },
            {
              "batter": "M Mosehle",
              "bowler": "RK Kleinveldt",
              "non_striker": "HE van der Dussen",
              "runs": {
                "batter": 1,
                "extras": 0,
                "total": 1
              }
            },
            {
              "batter": "HE van der Dussen",
              "bowler": "RK Kleinveldt",
              "non_striker": "M Mosehle",
              "runs": {
                "batter": 0,
                "extras": 0,
                "total": 0
              },
              "wickets": [
                {
                  "player_out": "HE van der Dussen",
                  "kind": "lbw"
                }
              ]
            }
          ]
        },
        {
          "over": 8,
          "deliveries": [
            {
              "batter": "M Mosehle",
              "bowler": "NM Serame",
              "non_striker": "DP Conway",
              "runs": {
                "batter": 0,
                "extras": 0,
                "total": 0
              }
            },
            {
              "batter": "M Mosehle",
              "bowler": "NM Serame",
              "non_striker": "DP Conway",
              "runs": {
                "batter": 4,
                "extras": 0,
                "total": 4
              }
            },
            {
              "batter": "M Mosehle",
              "bowler": "NM Serame",
              "non_striker": "DP Conway",
              "runs": {
                "batter": 6,
                "extras": 0,
                "total": 6
              }
            },
            {
              "batter": "M Mosehle",
              "bowler": "NM Serame",
              "non_striker": "DP Conway",
              "runs": {
                "batter": 1,
                "extras": 0,
                "total": 1
              }
            },
            {
              "batter": "DP Conway",
              "bowler": "NM Serame",
              "non_striker": "M Mosehle",
              "runs": {
                "batter": 0,
                "extras": 0,
                "total": 0
              }
            },
            {
              "batter": "DP Conway",
              "bowler": "NM Serame",
              "non_striker": "M Mosehle",
              "runs": {
                "batter": 0,
                "extras": 0,
                "total": 0
              }
            }
          ]
        },
        {
          "over": 9,
          "deliveries": [
            {
              "batter": "M Mosehle",
              "bowler": "GF Linde",
              "non_striker": "DP Conway",
              "runs": {
                "batter": 0,
                "extras": 0,
                "total": 0
              }
            },
            {
              "batter": "M Mosehle",
              "bowler": "GF Linde",
              "non_striker": "DP Conway",
              "runs": {
                "batter": 2,
                "extras": 0,
                "total": 2
              }
            },
            {
              "batter": "M Mosehle",
              "bowler": "GF Linde",
              "non_striker": "DP Conway",
              "runs": {
                "batter": 1,
                "extras": 0,
                "total": 1
              }
            },
            {
              "batter": "DP Conway",
              "bowler": "GF Linde",
              "non_striker": "M Mosehle",
              "runs": {
                "batter": 1,
                "extras": 0,
                "total": 1
              }
            },
            {
              "batter": "M Mosehle",
              "bowler": "GF Linde",
              "non_striker": "DP Conway",
              "runs": {
                "batter": 1,
                "extras": 0,
                "total": 1
              }
            },
            {
              "batter": "DP Conway",
              "bowler": "GF Linde",
              "non_striker": "M Mosehle",
              "runs": {
                "batter": 0,
                "extras": 0,
                "total": 0
              }
            }
          ]
        },
        {
          "over": 10,
          "deliveries": [
            {
              "batter": "M Mosehle",
              "bowler": "WD Parnell",
              "non_striker": "DP Conway",
              "runs": {
                "batter": 2,
                "extras": 0,
                "total": 2
              }
            },
            {
              "batter": "M Mosehle",
              "bowler": "WD Parnell",
              "non_striker": "DP Conway",
              "runs": {
                "batter": 2,
                "extras": 0,
                "total": 2
              }
            },
            {
              "batter": "M Mosehle",
              "bowler": "WD Parnell",
              "non_striker": "DP Conway",
              "runs": {
                "batter": 2,
                "extras": 0,
                "total": 2
              }
            },
            {
              "batter": "M Mosehle",
              "bowler": "WD Parnell",
              "non_striker": "DP Conway",
              "runs": {
                "batter": 2,
                "extras": 0,
                "total": 2
              }
            },
            {
              "batter": "M Mosehle",
              "bowler": "WD Parnell",
              "non_striker": "DP Conway",
              "runs": {
                "batter": 1,
                "extras": 0,
                "total": 1
              }
            },
            {
              "batter": "DP Conway",
              "bowler": "WD Parnell",
              "non_striker": "M Mosehle",
              "runs": {
                "batter": 1,
                "extras": 0,
                "total": 1
              }
            }
          ]
        },
        {
          "over": 11,
          "deliveries": [
            {
              "batter": "DP Conway",
              "bowler": "GF Linde",
              "non_striker": "M Mosehle",
              "runs": {
                "batter": 2,
                "extras": 0,
                "total": 2
              }
            },
            {
              "batter": "DP Conway",
              "bowler": "GF Linde",
              "non_striker": "M Mosehle",
              "runs": {
                "batter": 0,
                "extras": 0,
                "total": 0
              }
            },
            {
              "batter": "DP Conway",
              "bowler": "GF Linde",
              "extras": {
                "wides": 1
              },
              "non_striker": "M Mosehle",
              "runs": {
                "batter": 0,
                "extras": 1,
                "total": 1
              }
            },
            {
              "batter": "DP Conway",
              "bowler": "GF Linde",
              "non_striker": "M Mosehle",
              "runs": {
                "batter": 6,
                "extras": 0,
                "total": 6
              }
            },
            {
              "batter": "DP Conway",
              "bowler": "GF Linde",
              "non_striker": "M Mosehle",
              "runs": {
                "batter": 1,
                "extras": 0,
                "total": 1
              }
            },
            {
              "batter": "M Mosehle",
              "bowler": "GF Linde",
              "non_striker": "DP Conway",
              "runs": {
                "batter": 2,
                "extras": 0,
                "total": 2
              }
            },
            {
              "batter": "M Mosehle",
              "bowler": "GF Linde",
              "non_striker": "DP Conway",
              "runs": {
                "batter": 2,
                "extras": 0,
                "total": 2
              }
            }
          ]
        },
        {
          "over": 12,
          "deliveries": [
            {
              "batter": "DP Conway",
              "bowler": "KA Pollard",
              "non_striker": "M Mosehle",
              "runs": {
                "batter": 0,
                "extras": 0,
                "total": 0
              },
              "wickets": [
                {
                  "player_out": "DP Conway",
                  "kind": "bowled"
                }
              ]
            },
            {
              "batter": "NJ van den Bergh",
              "bowler": "KA Pollard",
              "extras": {
                "wides": 1
              },
              "non_striker": "M Mosehle",
              "runs": {
                "batter": 0,
                "extras": 1,
                "total": 1
              }
            },
            {
              "batter": "NJ van den Bergh",
              "bowler": "KA Pollard",
              "non_striker": "M Mosehle",
              "runs": {
                "batter": 1,
                "extras": 0,
                "total": 1
              }
            },
            {
              "batter": "M Mosehle",
              "bowler": "KA Pollard",
              "non_striker": "NJ van den Bergh",
              "runs": {
                "batter": 1,
                "extras": 0,
                "total": 1
              }
            },
            {
              "batter": "NJ van den Bergh",
              "bowler": "KA Pollard",
              "non_striker": "M Mosehle",
              "runs": {
                "batter": 1,
                "extras": 0,
                "total": 1
              }
            },
            {
              "batter": "M Mosehle",
              "bowler": "KA Pollard",
              "non_striker": "NJ van den Bergh",
              "runs": {
                "batter": 1,
                "extras": 0,
                "total": 1
              }
            },
            {
              "batter": "NJ van den Bergh",
              "bowler": "KA Pollard",
              "non_striker": "M Mosehle",
              "runs": {
                "batter": 2,
                "extras": 0,
                "total": 2
              }
            }
          ]
        },
        {
          "over": 13,
          "deliveries": [
            {
              "batter": "M Mosehle",
              "bowler": "WD Parnell",
              "non_striker": "NJ van den Bergh",
              "runs": {
                "batter": 6,
                "extras": 0,
                "total": 6
              }
            },
            {
              "batter": "M Mosehle",
              "bowler": "WD Parnell",
              "non_striker": "NJ van den Bergh",
              "runs": {
                "batter": 0,
                "extras": 0,
                "total": 0
              }
            },
            {
              "batter": "M Mosehle",
              "bowler": "WD Parnell",
              "non_striker": "NJ van den Bergh",
              "runs": {
                "batter": 2,
                "extras": 0,
                "total": 2
              }
            },
            {
              "batter": "M Mosehle",
              "bowler": "WD Parnell",
              "non_striker": "NJ van den Bergh",
              "runs": {
                "batter": 1,
                "extras": 0,
                "total": 1
              }
            },
            {
              "batter": "NJ van den Bergh",
              "bowler": "WD Parnell",
              "non_striker": "M Mosehle",
              "runs": {
                "batter": 0,
                "extras": 0,
                "total": 0
              }
            },
            {
              "batter": "NJ van den Bergh",
              "bowler": "WD Parnell",
              "non_striker": "M Mosehle",
              "runs": {
                "batter": 1,
                "extras": 0,
                "total": 1
              }
            }
          ]
        },
        {
          "over": 14,
          "deliveries": [
            {
              "batter": "NJ van den Bergh",
              "bowler": "KA Pollard",
              "non_striker": "M Mosehle",
              "runs": {
                "batter": 2,
                "extras": 0,
                "total": 2
              }
            },
            {
              "batter": "NJ van den Bergh",
              "bowler": "KA Pollard",
              "non_striker": "M Mosehle",
              "runs": {
                "batter": 1,
                "extras": 0,
                "total": 1
              }
            },
            {
              "batter": "M Mosehle",
              "bowler": "KA Pollard",
              "extras": {
                "wides": 1
              },
              "non_striker": "NJ van den Bergh",
              "runs": {
                "batter": 0,
                "extras": 1,
                "total": 1
              }
            },
            {
              "batter": "M Mosehle",
              "bowler": "KA Pollard",
              "non_striker": "NJ van den Bergh",
              "runs": {
                "batter": 4,
                "extras": 0,
                "total": 4
              }
            },
            {
              "batter": "M Mosehle",
              "bowler": "KA Pollard",
              "non_striker": "NJ van den Bergh",
              "runs": {
                "batter": 1,
                "extras": 0,
                "total": 1
              }
            },
            {
              "batter": "NJ van den Bergh",
              "bowler": "KA Pollard",
              "non_striker": "M Mosehle",
              "runs": {
                "batter": 1,
                "extras": 0,
                "total": 1
              }
            },
            {
              "batter": "M Mosehle",
              "bowler": "KA Pollard",
              "non_striker": "NJ van den Bergh",
              "runs": {
                "batter": 1,
                "extras": 0,
                "total": 1
              }
            }
          ]
        },
        {
          "over": 15,
          "deliveries": [
            {
              "batter": "M Mosehle",
              "bowler": "D Paterson",
              "non_striker": "NJ van den Bergh",
              "runs": {
                "batter": 1,
                "extras": 0,
                "total": 1
              }
            },
            {
              "batter": "NJ van den Bergh",
              "bowler": "D Paterson",
              "non_striker": "M Mosehle",
              "runs": {
                "batter": 2,
                "extras": 0,
                "total": 2
              }
            },
            {
              "batter": "NJ van den Bergh",
              "bowler": "D Paterson",
              "non_striker": "M Mosehle",
              "runs": {
                "batter": 1,
                "extras": 0,
                "total": 1
              }
            },
            {
              "batter": "M Mosehle",
              "bowler": "D Paterson",
              "non_striker": "NJ van den Bergh",
              "runs": {
                "batter": 1,
                "extras": 0,
                "total": 1
              }
            },
            {
              "batter": "NJ van den Bergh",
              "bowler": "D Paterson",
              "non_striker": "M Mosehle",
              "runs": {
                "batter": 1,
                "extras": 0,
                "total": 1
              }
            },
            {
              "batter": "M Mosehle",
              "bowler": "D Paterson",
              "non_striker": "NJ van den Bergh",
              "runs": {
                "batter": 1,
                "extras": 0,
                "total": 1
              }
            }
          ]
        },
        {
          "over": 16,
          "deliveries": [
            {
              "batter": "M Mosehle",
              "bowler": "KA Pollard",
              "non_striker": "NJ van den Bergh",
              "runs": {
                "batter": 0,
                "extras": 0,
                "total": 0
              },
              "wickets": [
                {
                  "player_out": "M Mosehle",
                  "kind": "bowled"
                }
              ]
            },
            {
              "batter": "PWA Mulder",
              "bowler": "KA Pollard",
              "non_striker": "NJ van den Bergh",
              "runs": {
                "batter": 1,
                "extras": 0,
                "total": 1
              }
            },
            {
              "batter": "NJ van den Bergh",
              "bowler": "KA Pollard",
              "non_striker": "PWA Mulder",
              "runs": {
                "batter": 1,
                "extras": 0,
                "total": 1
              }
            },
            {
              "batter": "PWA Mulder",
              "bowler": "KA Pollard",
              "non_striker": "NJ van den Bergh",
              "runs": {
                "batter": 1,
                "extras": 0,
                "total": 1
              }
            },
            {
              "batter": "NJ van den Bergh",
              "bowler": "KA Pollard",
              "non_striker": "PWA Mulder",
              "runs": {
                "batter": 1,
                "extras": 0,
                "total": 1
              }
            },
            {
              "batter": "PWA Mulder",
              "bowler": "KA Pollard",
              "non_striker": "NJ van den Bergh",
              "runs": {
                "batter": 1,
                "extras": 0,
                "total": 1
              }
            }
          ]
        },
        {
          "over": 17,
          "deliveries": [
            {
              "batter": "PWA Mulder",
              "bowler": "D Paterson",
              "non_striker": "NJ van den Bergh",
              "runs": {
                "batter": 1,
                "extras": 0,
                "total": 1
              }
            },
            {
              "batter": "NJ van den Bergh",
              "bowler": "D Paterson",
              "non_striker": "PWA Mulder",
              "runs": {
                "batter": 2,
                "extras": 0,
                "total": 2
              }
            },
            {
              "batter": "NJ van den Bergh",
              "bowler": "D Paterson",
              "non_striker": "PWA Mulder",
              "runs": {
                "batter": 1,
                "extras": 0,
                "total": 1
              }
            },
            {
              "batter": "PWA Mulder",
              "bowler": "D Paterson",
              "non_striker": "NJ van den Bergh",
              "runs": {
                "batter": 1,
                "extras": 0,
                "total": 1
              }
            },
            {
              "batter": "NJ van den Bergh",
              "bowler": "D Paterson",
              "non_striker": "PWA Mulder",
              "runs": {
                "batter": 1,
                "extras": 0,
                "total": 1
              }
            },
            {
              "batter": "PWA Mulder",
              "bowler": "D Paterson",
              "non_striker": "NJ van den Bergh",
              "runs": {
                "batter": 1,
                "extras": 0,
                "total": 1
              }
            }
          ]
        },
        {
          "over": 18,
          "deliveries": [
            {
              "batter": "PWA Mulder",
              "bowler": "KA Pollard",
              "non_striker": "NJ van den Bergh",
              "runs": {
                "batter": 1,
                "extras": 0,
                "total": 1
              }
            },
            {
              "batter": "NJ van den Bergh",
              "bowler": "KA Pollard",
              "non_striker": "PWA Mulder",
              "runs": {
                "batter": 6,
                "extras": 0,
                "total": 6
              }
            },
            {
              "batter": "NJ van den Bergh",
              "bowler": "KA Pollard",
              "extras": {
                "legbyes": 4
              },
              "non_striker": "PWA Mulder",
              "runs": {
                "batter": 0,
                "extras": 4,
                "total": 4
              }
            },
            {
              "batter": "NJ van den Bergh",
              "bowler": "KA Pollard",
              "non_striker": "PWA Mulder",
              "runs": {
                "batter": 4,
                "extras": 0,
                "total": 4
              }
            },
            {
              "batter": "NJ van den Bergh",
              "bowler": "KA Pollard",
              "non_striker": "PWA Mulder",
              "runs": {
                "batter": 6,
                "extras": 0,
                "total": 6
              }
            },
            {
              "batter": "NJ van den Bergh",
              "bowler": "KA Pollard",
              "extras": {
                "wides": 2
              },
              "non_striker": "PWA Mulder",
              "runs": {
                "batter": 0,
                "extras": 2,
                "total": 2
              }
            },
            {
              "batter": "PWA Mulder",
              "bowler": "KA Pollard",
              "non_striker": "NJ van den Bergh",
              "runs": {
                "batter": 1,
                "extras": 0,
                "total": 1
              }
            }
          ]
        },
        {
          "over": 19,
          "deliveries": [
            {
              "batter": "PWA Mulder",
              "bowler": "WD Parnell",
              "non_striker": "NJ van den Bergh",
              "runs": {
                "batter": 4,
                "extras": 0,
                "total": 4
              }
            }
          ]
        }
      ],
      "powerplays": [
        {
          "from": 0.1,
          "to": 5.6,
          "type": "mandatory"
        }
      ]
    },
    {
      "team": "Cape Cobras",
      "overs": [
        {
          "over": 0,
          "deliveries": [
            {
              "batter": "RE Levi",
              "bowler": "GC Viljoen",
              "non_striker": "WD Parnell",
              "runs": {
                "batter": 4,
                "extras": 0,
                "total": 4
              }
            },
            {
              "batter": "RE Levi",
              "bowler": "GC Viljoen",
              "non_striker": "WD Parnell",
              "runs": {
                "batter": 6,
                "extras": 0,
                "total": 6
              }
            },
            {
              "batter": "RE Levi",
              "bowler": "GC Viljoen",
              "non_striker": "WD Parnell",
              "runs": {
                "batter": 0,
                "extras": 0,
                "total": 0
              }
            },
            {
              "batter": "RE Levi",
              "bowler": "GC Viljoen",
              "non_striker": "WD Parnell",
              "runs": {
                "batter": 0,
                "extras": 0,
                "total": 0
              },
              "wickets": [
                {
                  "player_out": "RE Levi",
                  "kind": "bowled"
                }
              ]
            },
            {
              "batter": "KA Pollard",
              "bowler": "GC Viljoen",
              "extras": {
                "byes": 2
              },
              "non_striker": "WD Parnell",
              "runs": {
                "batter": 0,
                "extras": 2,
                "total": 2
              }
            },
            {
              "batter": "KA Pollard",
              "bowler": "GC Viljoen",
              "non_striker": "WD Parnell",
              "runs": {
                "batter": 4,
                "extras": 0,
                "total": 4
              }
            }
          ]
        },
        {
          "over": 1,
          "deliveries": [
            {
              "batter": "WD Parnell",
              "bowler": "Z Pongolo",
              "non_striker": "KA Pollard",
              "runs": {
                "batter": 1,
                "extras": 0,
                "total": 1
              }
            },
            {
              "batter": "KA Pollard",
              "bowler": "Z Pongolo",
              "non_striker": "WD Parnell",
              "runs": {
                "batter": 0,
                "extras": 0,
                "total": 0
              }
            },
            {
              "batter": "KA Pollard",
              "bowler": "Z Pongolo",
              "non_striker": "WD Parnell",
              "runs": {
                "batter": 4,
                "extras": 0,
                "total": 4
              }
            },
            {
              "batter": "KA Pollard",
              "bowler": "Z Pongolo",
              "non_striker": "WD Parnell",
              "runs": {
                "batter": 4,
                "extras": 0,
                "total": 4
              }
            },
            {
              "batter": "KA Pollard",
              "bowler": "Z Pongolo",
              "non_striker": "WD Parnell",
              "runs": {
                "batter": 4,
                "extras": 0,
                "total": 4
              }
            },
            {
              "batter": "KA Pollard",
              "bowler": "Z Pongolo",
              "non_striker": "WD Parnell",
              "runs": {
                "batter": 1,
                "extras": 0,
                "total": 1
              }
            }
          ]
        },
        {
          "over": 2,
          "deliveries": [
            {
              "batter": "KA Pollard",
              "bowler": "GC Viljoen",
              "non_striker": "WD Parnell",
              "runs": {
                "batter": 1,
                "extras": 0,
                "total": 1
              }
            },
            {
              "batter": "WD Parnell",
              "bowler": "GC Viljoen",
              "non_striker": "KA Pollard",
              "runs": {
                "batter": 0,
                "extras": 0,
                "total": 0
              }
            },
            {
              "batter": "WD Parnell",
              "bowler": "GC Viljoen",
              "non_striker": "KA Pollard",
              "runs": {
                "batter": 1,
                "extras": 0,
                "total": 1
              }
            },
            {
              "batter": "KA Pollard",
              "bowler": "GC Viljoen",
              "non_striker": "WD Parnell",
              "runs": {
                "batter": 3,
                "extras": 0,
                "total": 3
              }
            },
            {
              "batter": "WD Parnell",
              "bowler": "GC Viljoen",
              "non_striker": "KA Pollard",
              "runs": {
                "batter": 1,
                "extras": 0,
                "total": 1
              }
            },
            {
              "batter": "KA Pollard",
              "bowler": "GC Viljoen",
              "non_striker": "WD Parnell",
              "runs": {
                "batter": 1,
                "extras": 0,
                "total": 1
              }
            }
          ]
        },
        {
          "over": 3,
          "deliveries": [
            {
              "batter": "KA Pollard",
              "bowler": "E Leie",
              "non_striker": "WD Parnell",
              "runs": {
                "batter": 4,
                "extras": 0,
                "total": 4
              }
            },
            {
              "batter": "KA Pollard",
              "bowler": "E Leie",
              "non_striker": "WD Parnell",
              "runs": {
                "batter": 0,
                "extras": 0,
                "total": 0
              },
              "wickets": [
                {
                  "player_out": "KA Pollard",
                  "fielders": [
                    {
                      "name": "NJ van den Bergh"
                    }
                  ],
                  "kind": "caught"
                }
              ]
            },
            {
              "batter": "WD Parnell",
              "bowler": "E Leie",
              "non_striker": "GF Linde",
              "runs": {
                "batter": 1,
                "extras": 0,
                "total": 1
              }
            },
            {
              "batter": "GF Linde",
              "bowler": "E Leie",
              "non_striker": "WD Parnell",
              "runs": {
                "batter": 1,
                "extras": 0,
                "total": 1
              }
            },
            {
              "batter": "WD Parnell",
              "bowler": "E Leie",
              "non_striker": "GF Linde",
              "runs": {
                "batter": 6,
                "extras": 0,
                "total": 6
              }
            },
            {
              "batter": "WD Parnell",
              "bowler": "E Leie",
              "non_striker": "GF Linde",
              "runs": {
                "batter": 0,
                "extras": 0,
                "total": 0
              }
            }
          ]
        },
        {
          "over": 4,
          "deliveries": [
            {
              "batter": "GF Linde",
              "bowler": "AM Phangiso",
              "non_striker": "WD Parnell",
              "runs": {
                "batter": 1,
                "extras": 0,
                "total": 1
              }
            },
            {
              "batter": "WD Parnell",
              "bowler": "AM Phangiso",
              "non_striker": "GF Linde",
              "runs": {
                "batter": 1,
                "extras": 0,
                "total": 1
              }
            },
            {
              "batter": "GF Linde",
              "bowler": "AM Phangiso",
              "non_striker": "WD Parnell",
              "runs": {
                "batter": 1,
                "extras": 0,
                "total": 1
              }
            },
            {
              "batter": "WD Parnell",
              "bowler": "AM Phangiso",
              "extras": {
                "legbyes": 1
              },
              "non_striker": "GF Linde",
              "runs": {
                "batter": 0,
                "extras": 1,
                "total": 1
              }
            },
            {
              "batter": "GF Linde",
              "bowler": "AM Phangiso",
              "non_striker": "WD Parnell",
              "runs": {
                "batter": 1,
                "extras": 0,
                "total": 1
              }
            },
            {
              "batter": "WD Parnell",
              "bowler": "AM Phangiso",
              "non_striker": "GF Linde",
              "runs": {
                "batter": 1,
                "extras": 0,
                "total": 1
              }
            }
          ]
        },
        {
          "over": 5,
          "deliveries": [
            {
              "batter": "WD Parnell",
              "bowler": "PWA Mulder",
              "non_striker": "GF Linde",
              "runs": {
                "batter": 2,
                "extras": 0,
                "total": 2
              }
            },
            {
              "batter": "WD Parnell",
              "bowler": "PWA Mulder",
              "non_striker": "GF Linde",
              "runs": {
                "batter": 6,
                "extras": 0,
                "total": 6
              }
            },
            {
              "batter": "WD Parnell",
              "bowler": "PWA Mulder",
              "non_striker": "GF Linde",
              "runs": {
                "batter": 1,
                "extras": 0,
                "total": 1
              }
            },
            {
              "batter": "GF Linde",
              "bowler": "PWA Mulder",
              "non_striker": "WD Parnell",
              "runs": {
                "batter": 1,
                "extras": 0,
                "total": 1
              }
            },
            {
              "batter": "WD Parnell",
              "bowler": "PWA Mulder",
              "non_striker": "GF Linde",
              "runs": {
                "batter": 1,
                "extras": 0,
                "total": 1
              }
            },
            {
              "batter": "GF Linde",
              "bowler": "PWA Mulder",
              "non_striker": "WD Parnell",
              "runs": {
                "batter": 0,
                "extras": 0,
                "total": 0
              },
              "wickets": [
                {
                  "player_out": "GF Linde",
                  "kind": "bowled"
                }
              ]
            }
          ]
        }
      ],
      "powerplays": [
        {
          "from": 0.1,
          "to": 1.6,
          "type": "mandatory"
        }
      ],
      "target": {
        "overs": 6,
        "runs": 70
      }
    }
  ]
}