{
  "meta": {
    "data_version": "1.1.0",
    "created": "2022-03-31",
    "revision": 1
  },
  "info": {
    "balls_per_over": 6,
    "city": "Centurion",
    "dates": [
      "2017-11-19"
    ],
    "event": {
      "name": "Ram Slam T20 Challenge",
      "match_number": 9
    },
    "gender": "male",
    "match_type": "T20",
    "officials": {
      "match_referees": [
        "GH Pienaar"
      ],
      "reserve_umpires": [
        "PJ Vosloo"
      ],
      "tv_umpires": [
        "BM White"
      ],
      "umpires": [
        "A Jacobs",
        "S George"
      ]
    },
    "outcome": {
      "winner": "Titans",
      "by": {
        "wickets": 7
      }
    },
    "overs": 20,
    "player_of_match": [
      "DW Steyn",
      "AK Markram"
    ],
    "players": {
      "Cape Cobras": [
        "HM Amla",
        "WD Parnell",
        "T Bavuma",
        "JP Duminy",
        "JF Smith",
        "A Mgijima",
        "MQ Adams",
        "VD Philander",
        "GF Linde",
        "D Paterson",
        "M Nabe"
      ],
      "Titans": [
        "Q de Kock",
        "H Davids",
        "AK Markram",
        "AB de Villiers",
        "F Behardien",
        "JA Morkel",
        "DW Steyn",
        "MP Siboto",
        "CJ Dala",
        "T Shamsi",
        "L Ngidi"
      ]
    },
    "registry": {
      "people": {
        "A Jacobs": "70d117de",
        "A Mgijima": "955e8e86",
        "AB de Villiers": "c4487b84",
        "AK Markram": "6a26221c",
        "BM White": "66c21d35",
        "CJ Dala": "1cb14aa4",
        "D Paterson": "462d7c62",
        "DW Steyn": "8fd1a8f5",
        "F Behardien": "dce2019b",
        "GF Linde": "e5437608",
        "GH Pienaar": "3516e46b",
        "H Davids": "9c9f8dbc",
        "HM Amla": "e798611a",
        "JA Morkel": "c3d35165",
        "JF Smith": "91cd48e0",
        "JP Duminy": "2e8994e7",
        "L Ngidi": "f834dcfc",
        "M Nabe": "6ed11905",
        "MP Siboto": "9d50c7e1",
        "MQ Adams": "59a7fc89",
        "PJ Vosloo": "93a6d2d0",
        "Q de Kock": "372455c4",
        "S George": "6d9e5a54",
        "T Bavuma": "9ffd1ac1",
        "T Shamsi": "a03bba42",
        "VD Philander": "cfe70281",
        "WD Parnell": "3a60e0b5"
      }
    },
    "season": "2017/18",
    "team_type": "club",
    "teams": [
      "Cape Cobras",
      "Titans"
    ],
    "toss": {
      "decision": "field",
      "winner": "Titans"
    },
    "venue": "SuperSport Park, Centurion"
  },
  "innings": [
    {
      "team": "Cape Cobras",
      "overs": [
        {
          "over": 0,
          "deliveries": [
            {
              "batter": "HM Amla",
              "bowler": "JA Morkel",
              "non_striker": "WD Parnell",
              "runs": {
                "batter": 0,
                "extras": 0,
                "total": 0
              }
            },
            {
              "batter": "HM Amla",
              "bowler": "JA Morkel",
              "extras": {
                "wides": 1
              },
              "non_striker": "WD Parnell",
              "runs": {
                "batter": 0,
                "extras": 1,
                "total": 1
              }
            },
            {
              "batter": "HM Amla",
              "bowler": "JA Morkel",
              "non_striker": "WD Parnell",
              "runs": {
                "batter": 1,
                "extras": 0,
                "total": 1
              }
            },
            {
              "batter": "WD Parnell",
              "bowler": "JA Morkel",
              "non_striker": "HM Amla",
              "runs": {
                "batter": 1,
                "extras": 0,
                "total": 1
              }
            },
            {
              "batter": "HM Amla",
              "bowler": "JA Morkel",
              "non_striker": "WD Parnell",
              "runs": {
                "batter": 2,
                "extras": 0,
                "total": 2
              }
            },
            {
              "batter": "HM Amla",
              "bowler": "JA Morkel",
              "non_striker": "WD Parnell",
              "runs": {
                "batter": 0,
                "extras": 0,
                "total": 0
              }
            },
            {
              "batter": "HM Amla",
              "bowler": "JA Morkel",
              "non_striker": "WD Parnell",
              "runs": {
                "batter": 1,
                "extras": 0,
                "total": 1
              }
            }
          ]
        },
        {
          "over": 1,
          "deliveries": [
            {
              "batter": "HM Amla",
              "bowler": "DW Steyn",
              "non_striker": "WD Parnell",
              "runs": {
                "batter": 1,
                "extras": 0,
                "total": 1
              }
            },
            {
              "batter": "WD Parnell",
              "bowler": "DW Steyn",
              "non_striker": "HM Amla",
              "runs": {
                "batter": 0,
                "extras": 0,
                "total": 0
              }
            },
            {
              "batter": "WD Parnell",
              "bowler": "DW Steyn",
              "non_striker": "HM Amla",
              "runs": {
                "batter": 0,
                "extras": 0,
                "total": 0
              }
            },
            {
              "batter": "WD Parnell",
              "bowler": "DW Steyn",
              "non_striker": "HM Amla",
              "runs": {
                "batter": 1,
                "extras": 0,
                "total": 1
              }
            },
            {
              "batter": "HM Amla",
              "bowler": "DW Steyn",
              "extras": {
                "legbyes": 1
              },
              "non_striker": "WD Parnell",
              "runs": {
                "batter": 0,
                "extras": 1,
                "total": 1
              }
            },
            {
              "batter": "WD Parnell",
              "bowler": "DW Steyn",
              "non_striker": "HM Amla",
              "runs": {
                "batter": 0,
                "extras": 0,
                "total": 0
              },
              "wickets": [
                {
                  "player_out": "WD Parnell",
                  "fielders": [
                    {
                      "name": "JA Morkel"
                    }
                  ],
                  "kind": "caught"
                }
              ]
            }
          ]
        },
        {
          "over": 2,
          "deliveries": [
            {
              "batter": "T Bavuma",
              "bowler": "L Ngidi",
              "non_striker": "HM Amla",
              "runs": {
                "batter": 1,
                "extras": 0,
                "total": 1
              }
            },
            {
              "batter": "HM Amla",
              "bowler": "L Ngidi",
              "non_striker": "T Bavuma",
              "runs": {
                "batter": 6,
                "extras": 0,
                "total": 6
              }
            },
            {
              "batter": "HM Amla",
              "bowler": "L Ngidi",
              "non_striker": "T Bavuma",
              "runs": {
                "batter": 1,
                "extras": 0,
                "total": 1
              }
            },
            {
              "batter": "T Bavuma",
              "bowler": "L Ngidi",
              "non_striker": "HM Amla",
              "runs": {
                "batter": 4,
                "extras": 0,
                "total": 4
              }
            },
            {
              "batter": "T Bavuma",
              "bowler": "L Ngidi",
              "non_striker": "HM Amla",
              "runs": {
                "batter": 1,
                "extras": 0,
                "total": 1
              }
            },
            {
              "batter": "HM Amla",
              "bowler": "L Ngidi",
              "non_striker": "T Bavuma",
              "runs": {
                "batter": 0,
                "extras": 0,
                "total": 0
              },
              "wickets": [
                {
                  "player_out": "HM Amla",
                  "fielders": [
                    {
                      "name": "MP Siboto"
                    }
                  ],
                  "kind": "caught"
                }
              ]
            }
          ]
        },
        {
          "over": 3,
          "deliveries": [
            {
              "batter": "JP Duminy",
              "bowler": "DW Steyn",
              "non_striker": "T Bavuma",
              "runs": {
                "batter": 1,
                "extras": 0,
                "total": 1
              }
            },
            {
              "batter": "T Bavuma",
              "bowler": "DW Steyn",
              "non_striker": "JP Duminy",
              "runs": {
                "batter": 0,
                "extras": 0,
                "total": 0
              }
            },
            {
              "batter": "T Bavuma",
              "bowler": "DW Steyn",
              "non_striker": "JP Duminy",
              "runs": {
                "batter": 4,
                "extras": 0,
                "total": 4
              }
            },
            {
              "batter": "T Bavuma",
              "bowler": "DW Steyn",
              "non_striker": "JP Duminy",
              "runs": {
                "batter": 1,
                "extras": 0,
                "total": 1
              }
            },
            {
              "batter": "JP Duminy",
              "bowler": "DW Steyn",
              "non_striker": "T Bavuma",
              "runs": {
                "batter": 1,
                "extras": 0,
                "total": 1
              }
            },
            {
              "batter": "T Bavuma",
              "bowler": "DW Steyn",
              "non_striker": "JP Duminy",
              "runs": {
                "batter": 1,
                "extras": 0,
                "total": 1
              }
            }
          ]
        },
        {
          "over": 4,
          "deliveries": [
            {
              "batter": "T Bavuma",
              "bowler": "L Ngidi",
              "non_striker": "JP Duminy",
              "runs": {
                "batter": 0,
                "extras": 0,
                "total": 0
              }
            },
            {
              "batter": "T Bavuma",
              "bowler": "L Ngidi",
              "non_striker": "JP Duminy",
              "runs": {
                "batter": 0,
                "extras": 0,
                "total": 0
              }
            },
            {
              "batter": "T Bavuma",
              "bowler": "L Ngidi",
              "non_striker": "JP Duminy",
              "runs": {
                "batter": 0,
                "extras": 0,
                "total": 0
              }
            },
            {
              "batter": "T Bavuma",
              "bowler": "L Ngidi",
              "non_striker": "JP Duminy",
              "runs": {
                "batter": 4,
                "extras": 0,
                "total": 4
              }
            },
            {
              "batter": "T Bavuma",
              "bowler": "L Ngidi",
              "non_striker": "JP Duminy",
              "runs": {
                "batter": 2,
                "extras": 0,
                "total": 2
              }
            },
            {
              "batter": "T Bavuma",
              "bowler": "L Ngidi",
              "non_striker": "JP Duminy",
              "runs": {
                "batter": 0,
                "extras": 0,
                "total": 0
              }
            }
          ]
        },
        {
          "over": 5,
          "deliveries": [
            {
              "batter": "JP Duminy",
              "bowler": "CJ Dala",
              "non_striker": "T Bavuma",
              "runs": {
                "batter": 0,
                "extras": 0,
                "total": 0
              }
            },
            {
              "batter": "JP Duminy",
              "bowler": "CJ Dala",
              "non_striker": "T Bavuma",
              "runs": {
                "batter": 0,
                "extras": 0,
                "total": 0
              }
            },
            {
              "batter": "JP Duminy",
              "bowler": "CJ Dala",
              "non_striker": "T Bavuma",
              "runs": {
                "batter": 1,
                "extras": 0,
                "total": 1
              }
            },
            {
              "batter": "T Bavuma",
              "bowler": "CJ Dala",
              "non_striker": "JP Duminy",
              "runs": {
                "batter": 4,
                "extras": 0,
                "total": 4
              }
            },
            {
              "batter": "T Bavuma",
              "bowler": "CJ Dala",
              "non_striker": "JP Duminy",
              "runs": {
                "batter": 1,
                "extras": 0,
                "total": 1
              }
            },
            {
              "batter": "JP Duminy",
              "bowler": "CJ Dala",
              "non_striker": "T Bavuma",
              "runs": {
                "batter": 4,
                "extras": 0,
                "total": 4
              }
            }
          ]
        },
        {
          "over": 6,
          "deliveries": [
            {
              "batter": "T Bavuma",
              "bowler": "T Shamsi",
              "non_striker": "JP Duminy",
              "runs": {
                "batter": 0,
                "extras": 0,
                "total": 0
              }
            },
            {
              "batter": "T Bavuma",
              "bowler": "T Shamsi",
              "non_striker": "JP Duminy",
              "runs": {
                "batter": 1,
                "extras": 0,
                "total": 1
              }
            },
            {
              "batter": "JP Duminy",
              "bowler": "T Shamsi",
              "non_striker": "T Bavuma",
              "runs": {
                "batter": 1,
                "extras": 0,
                "total": 1
              }
            },
            {
              "batter": "T Bavuma",
              "bowler": "T Shamsi",
              "non_striker": "JP Duminy",
              "runs": {
                "batter": 1,
                "extras": 0,
                "total": 1
              }
            },
            {
              "batter": "JP Duminy",
              "bowler": "T Shamsi",
              "non_striker": "T Bavuma",
              "runs": {
                "batter": 1,
                "extras": 0,
                "total": 1
              }
            },
            {
              "batter": "T Bavuma",
              "bowler": "T Shamsi",
              "non_striker": "JP Duminy",
              "runs": {
                "batter": 1,
                "extras": 0,
                "total": 1
              }
            }
          ]
        },
        {
          "over": 7,
          "deliveries": [
            {
              "batter": "T Bavuma",
              "bowler": "AK Markram",
              "non_striker": "JP Duminy",
              "runs": {
                "batter": 1,
                "extras": 0,
                "total": 1
              }
            },
            {
              "batter": "JP Duminy",
              "bowler": "AK Markram",
              "non_striker": "T Bavuma",
              "runs": {
                "batter": 0,
                "extras": 0,
                "total": 0
              }
            },
            {
              "batter": "JP Duminy",
              "bowler": "AK Markram",
              "non_striker": "T Bavuma",
              "runs": {
                "batter": 0,
                "extras": 0,
                "total": 0
              }
            },
            {
              "batter": "JP Duminy",
              "bowler": "AK Markram",
              "non_striker": "T Bavuma",
              "runs": {
                "batter": 1,
                "extras": 0,
                "total": 1
              }
            },
            {
              "batter": "T Bavuma",
              "bowler": "AK Markram",
              "non_striker": "JP Duminy",
              "runs": {
                "batter": 0,
                "extras": 0,
                "total": 0
              },
              "wickets": [
                {
                  "player_out": "T Bavuma",
                  "fielders": [
                    {
                      "name": "AB de Villiers"
                    }
                  ],
                  "kind": "caught"
                }
              ]
            },
            {
              "batter": "JP Duminy",
              "bowler": "AK Markram",
              "non_striker": "JF Smith",
              "runs": {
                "batter": 1,
                "extras": 0,
                "total": 1
              }
            }
          ]
        },
        {
          "over": 8,
          "deliveries": [
            {
              "batter": "JP Duminy",
              "bowler": "T Shamsi",
              "non_striker": "JF Smith",
              "runs": {
                "batter": 1,
                "extras": 0,
                "total": 1
              }
            },
            {
              "batter": "JF Smith",
              "bowler": "T Shamsi",
              "non_striker": "JP Duminy",
              "runs": {
                "batter": 0,
                "extras": 0,
                "total": 0
              }
            },
            {
              "batter": "JF Smith",
              "bowler": "T Shamsi",
              "non_striker": "JP Duminy",
              "runs": {
                "batter": 0,
                "extras": 0,
                "total": 0
              }
            },
            {
              "batter": "JF Smith",
              "bowler": "T Shamsi",
              "non_striker": "JP Duminy",
              "runs": {
                "batter": 1,
                "extras": 0,
                "total": 1
              }
            },
            {
              "batter": "JP Duminy",
              "bowler": "T Shamsi",
              "non_striker": "JF Smith",
              "runs": {
                "batter": 1,
                "extras": 0,
                "total": 1
              }
            },
            {
              "batter": "JF Smith",
              "bowler": "T Shamsi",
              "non_striker": "JP Duminy",
              "runs": {
                "batter": 0,
                "extras": 0,
                "total": 0
              }
            }
          ]
        },
        {
          "over": 9,
          "deliveries": [
            {
              "batter": "JP Duminy",
              "bowler": "AK Markram",
              "non_striker": "JF Smith",
              "runs": {
                "batter": 1,
                "extras": 0,
                "total": 1
              }
            },
            {
              "batter": "JF Smith",
              "bowler": "AK Markram",
              "non_striker": "JP Duminy",
              "runs": {
                "batter": 1,
                "extras": 0,
                "total": 1
              }
            },
            {
              "batter": "JP Duminy",
              "bowler": "AK Markram",
              "non_striker": "JF Smith",
              "runs": {
                "batter": 1,
                "extras": 0,
                "total": 1
              }
            },
            {
              "batter": "JF Smith",
              "bowler": "AK Markram",
              "non_striker": "JP Duminy",
              "runs": {
                "batter": 1,
                "extras": 0,
                "total": 1
              }
            },
            {
              "batter": "JP Duminy",
              "bowler": "AK Markram",
              "non_striker": "JF Smith",
              "runs": {
                "batter": 1,
                "extras": 0,
                "total": 1
              }
            },
            {
              "batter": "JF Smith",
              "bowler": "AK Markram",
              "non_striker": "JP Duminy",
              "runs": {
                "batter": 1,
                "extras": 0,
                "total": 1
              }
            }
          ]
        },
        {
          "over": 10,
          "deliveries": [
            {
              "batter": "JF Smith",
              "bowler": "T Shamsi",
              "non_striker": "JP Duminy",
              "runs": {
                "batter": 2,
                "extras": 0,
                "total": 2
              }
            },
            {
              "batter": "JF Smith",
              "bowler": "T Shamsi",
              "non_striker": "JP Duminy",
              "runs": {
                "batter": 1,
                "extras": 0,
                "total": 1
              }
            },
            {
              "batter": "JP Duminy",
              "bowler": "T Shamsi",
              "non_striker": "JF Smith",
              "runs": {
                "batter": 1,
                "extras": 0,
                "total": 1
              }
            },
            {
              "batter": "JF Smith",
              "bowler": "T Shamsi",
              "non_striker": "JP Duminy",
              "runs": {
                "batter": 0,
                "extras": 0,
                "total": 0
              }
            },
            {
              "batter": "JF Smith",
              "bowler": "T Shamsi",
              "non_striker": "JP Duminy",
              "runs": {
                "batter": 0,
                "extras": 0,
                "total": 0
              },
              "wickets": [
                {
                  "player_out": "JF Smith",
                  "kind": "bowled"
                }
              ]
            },
            {
              "batter": "A Mgijima",
              "bowler": "T Shamsi",
              "non_striker": "JP Duminy",
              "runs": {
                "batter": 0,
                "extras": 0,
                "total": 0
              }
            }
          ]
        },
        {
          "over": 11,
          "deliveries": [
            {
              "batter": "JP Duminy",
              "bowler": "AK Markram",
              "non_striker": "A Mgijima",
              "runs": {
                "batter": 0,
                "extras": 0,
                "total": 0
              },
              "wickets": [
                {
                  "player_out": "A Mgijima",
                  "fielders": [
                    {
                      "name": "AK Markram"
                    },
                    {
                      "name": "L Ngidi"
                    }
                  ],
                  "kind": "run out"
                }
              ]
            },
            {
              "batter": "JP Duminy",
              "bowler": "AK Markram",
              "non_striker": "MQ Adams",
              "runs": {
                "batter": 1,
                "extras": 0,
                "total": 1
              }
            },
            {
              "batter": "MQ Adams",
              "bowler": "AK Markram",
              "non_striker": "JP Duminy",
              "runs": {
                "batter": 0,
                "extras": 0,
                "total": 0
              }
            },
            {
              "batter": "MQ Adams",
              "bowler": "AK Markram",
              "non_striker": "JP Duminy",
              "runs": {
                "batter": 1,
                "extras": 0,
                "total": 1
              }
            },
            {
              "batter": "JP Duminy",
              "bowler": "AK Markram",
              "non_striker": "MQ Adams",
              "runs": {
                "batter": 1,
                "extras": 0,
                "total": 1
              }
            },
            {
              "batter": "MQ Adams",
              "bowler": "AK Markram",
              "non_striker": "JP Duminy",
              "runs": {
                "batter": 0,
                "extras": 0,
                "total": 0
              }
            }
          ]
        },
        {
          "over": 12,
          "deliveries": [
            {
              "batter": "JP Duminy",
              "bowler": "T Shamsi",
              "non_striker": "MQ Adams",
              "runs": {
                "batter": 0,
                "extras": 0,
                "total": 0
              }
            },
            {
              "batter": "JP Duminy",
              "bowler": "T Shamsi",
              "non_striker": "MQ Adams",
              "runs": {
                "batter": 1,
                "extras": 0,
                "total": 1
              }
            },
            {
              "batter": "MQ Adams",
              "bowler": "T Shamsi",
              "non_striker": "JP Duminy",
              "runs": {
                "batter": 1,
                "extras": 0,
                "total": 1
              }
            },
            {
              "batter": "JP Duminy",
              "bowler": "T Shamsi",
              "non_striker": "MQ Adams",
              "runs": {
                "batter": 1,
                "extras": 0,
                "total": 1
              }
            },
            {
              "batter": "MQ Adams",
              "bowler": "T Shamsi",
              "non_striker": "JP Duminy",
              "runs": {
                "batter": 1,
                "extras": 0,
                "total": 1
              }
            },
            {
              "batter": "JP Duminy",
              "bowler": "T Shamsi",
              "non_striker": "MQ Adams",
              "runs": {
                "batter": 0,
                "extras": 0,
                "total": 0
              }
            }
          ]
        },
        {
          "over": 13,
          "deliveries": [
            {
              "batter": "MQ Adams",
              "bowler": "DW Steyn",
              "non_striker": "JP Duminy",
              "runs": {
                "batter": 1,
                "extras": 0,
                "total": 1
              }
            },
            {
              "batter": "JP Duminy",
              "bowler": "DW Steyn",
              "non_striker": "MQ Adams",
              "runs": {
                "batter": 1,
                "extras": 0,
                "total": 1
              }
            },
            {
              "batter": "MQ Adams",
              "bowler": "DW Steyn",
              "non_striker": "JP Duminy",
              "runs": {
                "batter": 0,
                "extras": 0,
                "total": 0
              }
            },
            {
              "batter": "MQ Adams",
              "bowler": "DW Steyn",
              "non_striker": "JP Duminy",
              "runs": {
                "batter": 1,
                "extras": 0,
                "total": 1
              }
            },
            {
              "batter": "JP Duminy",
              "bowler": "DW Steyn",
              "non_striker": "MQ Adams",
              "runs": {
                "batter": 1,
                "extras": 0,
                "total": 1
              }
            },
            {
              "batter": "MQ Adams",
              "bowler": "DW Steyn",
              "non_striker": "JP Duminy",
              "runs": {
                "batter": 1,
                "extras": 0,
                "total": 1
              }
            }
          ]
        },
        {
          "over": 14,
          "deliveries": [
            {
              "batter": "MQ Adams",
              "bowler": "AK Markram",
              "non_striker": "JP Duminy",
              "runs": {
                "batter": 1,
                "extras": 0,
                "total": 1
              }
            },
            {
              "batter": "JP Duminy",
              "bowler": "AK Markram",
              "non_striker": "MQ Adams",
              "runs": {
                "batter": 6,
                "extras": 0,
                "total": 6
              }
            },
            {
              "batter": "JP Duminy",
              "bowler": "AK Markram",
              "non_striker": "MQ Adams",
              "runs": {
                "batter": 0,
                "extras": 0,
                "total": 0
              }
            },
            {
              "batter": "JP Duminy",
              "bowler": "AK Markram",
              "non_striker": "MQ Adams",
              "runs": {
                "batter": 0,
                "extras": 0,
                "total": 0
              }
            },
            {
              "batter": "JP Duminy",
              "bowler": "AK Markram",
              "extras": {
                "legbyes": 1
              },
              "non_striker": "MQ Adams",
              "runs": {
                "batter": 0,
                "extras": 1,
                "total": 1
              }
            },
            {
              "batter": "MQ Adams",
              "bowler": "AK Markram",
              "non_striker": "JP Duminy",
              "runs": {
                "batter": 1,
                "extras": 0,
                "total": 1
              }
            }
          ]
        },
        {
          "over": 15,
          "deliveries": [
            {
              "batter": "MQ Adams",
              "bowler": "DW Steyn",
              "non_striker": "JP Duminy",
              "runs": {
                "batter": 0,
                "extras": 0,
                "total": 0
              },
              "wickets": [
                {
                  "player_out": "MQ Adams",
                  "fielders": [
                    {
                      "name": "T Shamsi"
                    }
                  ],
                  "kind": "caught"
                }
              ]
            },
            {
              "batter": "JP Duminy",
              "bowler": "DW Steyn",
              "non_striker": "VD Philander",
              "runs": {
                "batter": 0,
                "extras": 0,
                "total": 0
              }
            },
            {
              "batter": "JP Duminy",
              "bowler": "DW Steyn",
              "non_striker": "VD Philander",
              "runs": {
                "batter": 0,
                "extras": 0,
                "total": 0
              }
            },
            {
              "batter": "JP Duminy",
              "bowler": "DW Steyn",
              "non_striker": "VD Philander",
              "runs": {
                "batter": 0,
                "extras": 0,
                "total": 0
              }
            },
            {
              "batter": "JP Duminy",
              "bowler": "DW Steyn",
              "non_striker": "VD Philander",
              "runs": {
                "batter": 0,
                "extras": 0,
                "total": 0
              }
            },
            {
              "batter": "JP Duminy",
              "bowler": "DW Steyn",
              "non_striker": "VD Philander",
              "runs": {
                "batter": 1,
                "extras": 0,
                "total": 1
              }
            }
          ]
        },
        {
          "over": 16,
          "deliveries": [
            {
              "batter": "JP Duminy",
              "bowler": "MP Siboto",
              "non_striker": "VD Philander",
              "runs": {
                "batter": 4,
                "extras": 0,
                "total": 4
              }
            },
            {
              "batter": "JP Duminy",
              "bowler": "MP Siboto",
              "non_striker": "VD Philander",
              "runs": {
                "batter": 1,
                "extras": 0,
                "total": 1
              }
            },
            {
              "batter": "VD Philander",
              "bowler": "MP Siboto",
              "non_striker": "JP Duminy",
              "runs": {
                "batter": 1,
                "extras": 0,
                "total": 1
              }
            },
            {
              "batter": "JP Duminy",
              "bowler": "MP Siboto",
              "extras": {
                "wides": 1
              },
              "non_striker": "VD Philander",
              "runs": {
                "batter": 0,
                "extras": 1,
                "total": 1
              }
            },
            {
              "batter": "JP Duminy",
              "bowler": "MP Siboto",
              "non_striker": "VD Philander",
              "runs": {
                "batter": 0,
                "extras": 0,
                "total": 0
              }
            },
            {
              "batter": "JP Duminy",
              "bowler": "MP Siboto",
              "non_striker": "VD Philander",
              "runs": {
                "batter": 1,
                "extras": 0,
                "total": 1
              }
            },
            {
              "batter": "VD Philander",
              "bowler": "MP Siboto",
              "non_striker": "JP Duminy",
              "runs": {
                "batter": 0,
                "extras": 0,
                "total": 0
              },
              "wickets": [
                {
                  "player_out": "VD Philander",
                  "kind": "bowled"
                }
              ]
            }
          ]
        },
        {
          "over": 17,
          "deliveries": [
            {
              "batter": "JP Duminy",
              "bowler": "L Ngidi",
              "non_striker": "GF Linde",
              "runs": {
                "batter": 4,
                "extras": 0,
                "total": 4
              }
            },
            {
              "batter": "JP Duminy",
              "bowler": "L Ngidi",
              "extras": {
                "legbyes": 1
              },
              "non_striker": "GF Linde",
              "runs": {
                "batter": 0,
                "extras": 1,
                "total": 1
              }
            },
            {
              "batter": "GF Linde",
              "bowler": "L Ngidi",
              "non_striker": "JP Duminy",
              "runs": {
                "batter": 0,
                "extras": 0,
                "total": 0
              }
            },
            {
              "batter": "GF Linde",
              "bowler": "L Ngidi",
              "extras": {
                "wides": 1
              },
              "non_striker": "JP Duminy",
              "runs": {
                "batter": 0,
                "extras": 1,
                "total": 1
              }
            },
            {
              "batter": "GF Linde",
              "bowler": "L Ngidi",
              "non_striker": "JP Duminy",
              "runs": {
                "batter": 4,
                "extras": 0,
                "total": 4
              }
            },
            {
              "batter": "GF Linde",
              "bowler": "L Ngidi",
              "non_striker": "JP Duminy",
              "runs": {
                "batter": 0,
                "extras": 0,
                "total": 0
              }
            },
            {
              "batter": "GF Linde",
              "bowler": "L Ngidi",
              "non_striker": "JP Duminy",
              "runs": {
                "batter": 1,
                "extras": 0,
                "total": 1
              }
            }
          ]
        },
        {
          "over": 18,
          "deliveries": [
            {
              "batter": "GF Linde",
              "bowler": "MP Siboto",
              "non_striker": "JP Duminy",
              "runs": {
                "batter": 0,
                "extras": 0,
                "total": 0
              }
            },
            {
              "batter": "GF Linde",
              "bowler": "MP Siboto",
              "non_striker": "JP Duminy",
              "runs": {
                "batter": 4,
                "extras": 0,
                "total": 4
              }
            },
            {
              "batter": "GF Linde",
              "bowler": "MP Siboto",
              "non_striker": "JP Duminy",
              "runs": {
                "batter": 2,
                "extras": 0,
                "total": 2
              }
            },
            {
              "batter": "GF Linde",
              "bowler": "MP Siboto",
              "non_striker": "JP Duminy",
              "runs": {
                "batter": 1,
                "extras": 0,
                "total": 1
              }
            },
            {
              "batter": "JP Duminy",
              "bowler": "MP Siboto",
              "non_striker": "GF Linde",
              "runs": {
                "batter": 0,
                "extras": 0,
                "total": 0
              },
              "wickets": [
                {
                  "player_out": "JP Duminy",
                  "fielders": [
                    {
                      "name": "JA Morkel"
                    }
                  ],
                  "kind": "caught"
                }
              ]
            },
            {
              "batter": "GF Linde",
              "bowler": "MP Siboto",
              "non_striker": "D Paterson",
              "runs": {
                "batter": 1,
                "extras": 0,
                "total": 1
              }
            }
          ]
        },
        {
          "over": 19,
          "deliveries": [
            {
              "batter": "GF Linde",
              "bowler": "L Ngidi",
              "extras": {
                "wides": 1
              },
              "non_striker": "D Paterson",
              "runs": {
                "batter": 0,
                "extras": 1,
                "total": 1
              }
            },
            {
              "batter": "GF Linde",
              "bowler": "L Ngidi",
              "non_striker": "D Paterson",
              "runs": {
                "batter": 1,
                "extras": 0,
                "total": 1
              }
            },
            {
              "batter": "D Paterson",
              "bowler": "L Ngidi",
              "non_striker": "GF Linde",
              "runs": {
                "batter": 0,
                "extras": 0,
                "total": 0
              },
              "wickets": [
                {
                  "player_out": "D Paterson",
                  "kind": "caught and bowled"
                }
              ]
            },
            {
              "batter": "GF Linde",
              "bowler": "L Ngidi",
              "non_striker": "M Nabe",
              "runs": {
                "batter": 0,
                "extras": 0,
                "total": 0
              }
            },
            {
              "batter": "GF Linde",
              "bowler": "L Ngidi",
              "non_striker": "M Nabe",
              "runs": {
                "batter": 0,
                "extras": 0,
                "total": 0
              }
            },
            {
              "batter": "GF Linde",
              "bowler": "L Ngidi",
              "non_striker": "M Nabe",
              "runs": {
                "batter": 1,
                "extras": 0,
                "total": 1
              }
            },
            {
              "batter": "M Nabe",
              "bowler": "L Ngidi",
              "non_striker": "GF Linde",
              "runs": {
                "batter": 0,
                "extras": 0,
                "total": 0
              }
            }
          ]
        }
      ],
      "powerplays": [
        {
          "from": 0.1,
          "to": 5.6,
          "type": "mandatory"
        }
      ]
    },
    {
      "team": "Titans",
      "overs": [
        {
          "over": 0,
          "deliveries": [
            {
              "batter": "Q de Kock",
              "bowler": "VD Philander",
              "non_striker": "H Davids",
              "runs": {
                "batter": 0,
                "extras": 0,
                "total": 0
              }
            },
            {
              "batter": "Q de Kock",
              "bowler": "VD Philander",
              "non_striker": "H Davids",
              "runs": {
                "batter": 0,
                "extras": 0,
                "total": 0
              }
            },
            {
              "batter": "Q de Kock",
              "bowler": "VD Philander",
              "extras": {
                "wides": 1
              },
              "non_striker": "H Davids",
              "runs": {
                "batter": 0,
                "extras": 1,
                "total": 1
              }
            },
            {
              "batter": "Q de Kock",
              "bowler": "VD Philander",
              "extras": {
                "wides": 1
              },
              "non_striker": "H Davids",
              "runs": {
                "batter": 0,
                "extras": 1,
                "total": 1
              }
            },
            {
              "batter": "Q de Kock",
              "bowler": "VD Philander",
              "non_striker": "H Davids",
              "runs": {
                "batter": 0,
                "extras": 0,
                "total": 0
              }
            },
            {
              "batter": "Q de Kock",
              "bowler": "VD Philander",
              "extras": {
                "wides": 1
              },
              "non_striker": "H Davids",
              "runs": {
                "batter": 0,
                "extras": 1,
                "total": 1
              }
            },
            {
              "batter": "Q de Kock",
              "bowler": "VD Philander",
              "non_striker": "H Davids",
              "runs": {
                "batter": 0,
                "extras": 0,
                "total": 0
              },
              "wickets": [
                {
                  "player_out": "Q de Kock",
                  "fielders": [
                    {
                      "name": "GF Linde"
                    }
                  ],
                  "kind": "caught"
                }
              ]
            },
            {
              "batter": "AK Markram",
              "bowler": "VD Philander",
              "non_striker": "H Davids",
              "runs": {
                "batter": 0,
                "extras": 0,
                "total": 0
              }
            },
            {
              "batter": "AK Markram",
              "bowler": "VD Philander",
              "non_striker": "H Davids",
              "runs": {
                "batter": 1,
                "extras": 0,
                "total": 1
              }
            }
          ]
        },
        {
          "over": 1,
          "deliveries": [
            {
              "batter": "AK Markram",
              "bowler": "D Paterson",
              "non_striker": "H Davids",
              "runs": {
                "batter": 0,
                "extras": 0,
                "total": 0
              }
            },
            {
              "batter": "AK Markram",
              "bowler": "D Paterson",
              "non_striker": "H Davids",
              "runs": {
                "batter": 0,
                "extras": 0,
                "total": 0
              }
            },
            {
              "batter": "AK Markram",
              "bowler": "D Paterson",
              "non_striker": "H Davids",
              "runs": {
                "batter": 0,
                "extras": 0,
                "total": 0
              }
            },
            {
              "batter": "AK Markram",
              "bowler": "D Paterson",
              "extras": {
                "wides": 5
              },
              "non_striker": "H Davids",
              "runs": {
                "batter": 0,
                "extras": 5,
                "total": 5
              }
            },
            {
              "batter": "AK Markram",
              "bowler": "D Paterson",
              "non_striker": "H Davids",
              "runs": {
                "batter": 0,
                "extras": 0,
                "total": 0
              }
            },
            {
              "batter": "AK Markram",
              "bowler": "D Paterson",
              "non_striker": "H Davids",
              "runs": {
                "batter": 4,
                "extras": 0,
                "total": 4
              }
            },
            {
              "batter": "AK Markram",
              "bowler": "D Paterson",
              "non_striker": "H Davids",
              "runs": {
                "batter": 0,
                "extras": 0,
                "total": 0
              }
            }
          ]
        },
        {
          "over": 2,
          "deliveries": [
            {
              "batter": "H Davids",
              "bowler": "VD Philander",
              "non_striker": "AK Markram",
              "runs": {
                "batter": 0,
                "extras": 0,
                "total": 0
              }
            },
            {
              "batter": "H Davids",
              "bowler": "VD Philander",
              "non_striker": "AK Markram",
              "runs": {
                "batter": 0,
                "extras": 0,
                "total": 0
              }
            },
            {
              "batter": "H Davids",
              "bowler": "VD Philander",
              "non_striker": "AK Markram",
              "runs": {
                "batter": 0,
                "extras": 0,
                "total": 0
              },
              "wickets": [
                {
                  "player_out": "H Davids",
                  "fielders": [
                    {
                      "name": "JP Duminy"
                    }
                  ],
                  "kind": "caught"
                }
              ]
            },
            {
              "batter": "AB de Villiers",
              "bowler": "VD Philander",
              "non_striker": "AK Markram",
              "runs": {
                "batter": 1,
                "extras": 0,
                "total": 1
              }
            },
            {
              "batter": "AK Markram",
              "bowler": "VD Philander",
              "non_striker": "AB de Villiers",
              "runs": {
                "batter": 1,
                "extras": 0,
                "total": 1
              }
            },
            {
              "batter": "AB de Villiers",
              "bowler": "VD Philander",
              "non_striker": "AK Markram",
              "runs": {
                "batter": 1,
                "extras": 0,
                "total": 1
              }
            }
          ]
        },
        {
          "over": 3,
          "deliveries": [
            {
              "batter": "AB de Villiers",
              "bowler": "D Paterson",
              "non_striker": "AK Markram",
              "runs": {
                "batter": 1,
                "extras": 0,
                "total": 1
              }
            },
            {
              "batter": "AK Markram",
              "bowler": "D Paterson",
              "non_striker": "AB de Villiers",
              "runs": {
                "batter": 0,
                "extras": 0,
                "total": 0
              }
            },
            {
              "batter": "AK Markram",
              "bowler": "D Paterson",
              "non_striker": "AB de Villiers",
              "runs": {
                "batter": 0,
                "extras": 0,
                "total": 0
              }
            },
            {
              "batter": "AK Markram",
              "bowler": "D Paterson",
              "non_striker": "AB de Villiers",
              "runs": {
                "batter": 2,
                "extras": 0,
                "total": 2
              }
            },
            {
              "batter": "AK Markram",
              "bowler": "D Paterson",
              "non_striker": "AB de Villiers",
              "runs": {
                "batter": 0,
                "extras": 0,
                "total": 0
              }
            },
            {
              "batter": "AK Markram",
              "bowler": "D Paterson",
              "non_striker": "AB de Villiers",
              "runs": {
                "batter": 0,
                "extras": 0,
                "total": 0
              }
            }
          ]
        },
        {
          "over": 4,
          "deliveries": [
            {
              "batter": "AB de Villiers",
              "bowler": "VD Philander",
              "non_striker": "AK Markram",
              "runs": {
                "batter": 4,
                "extras": 0,
                "total": 4
              }
            },
            {
              "batter": "AB de Villiers",
              "bowler": "VD Philander",
              "non_striker": "AK Markram",
              "runs": {
                "batter": 4,
                "extras": 0,
                "total": 4
              }
            },
            {
              "batter": "AB de Villiers",
              "bowler": "VD Philander",
              "non_striker": "AK Markram",
              "runs": {
                "batter": 0,
                "extras": 0,
                "total": 0
              }
            },
            {
              "batter": "AB de Villiers",
              "bowler": "VD Philander",
              "non_striker": "AK Markram",
              "runs": {
                "batter": 0,
                "extras": 0,
                "total": 0
              }
            },
            {
              "batter": "AB de Villiers",
              "bowler": "VD Philander",
              "non_striker": "AK Markram",
              "runs": {
                "batter": 0,
                "extras": 0,
                "total": 0
              }
            },
            {
              "batter": "AB de Villiers",
              "bowler": "VD Philander",
              "non_striker": "AK Markram",
              "runs": {
                "batter": 1,
                "extras": 0,
                "total": 1
              }
            }
          ]
        },
        {
          "over": 5,
          "deliveries": [
            {
              "batter": "AB de Villiers",
              "bowler": "WD Parnell",
              "non_striker": "AK Markram",
              "runs": {
                "batter": 4,
                "extras": 0,
                "total": 4
              }
            },
            {
              "batter": "AB de Villiers",
              "bowler": "WD Parnell",
              "non_striker": "AK Markram",
              "runs": {
                "batter": 4,
                "extras": 0,
                "total": 4
              }
            },
            {
              "batter": "AB de Villiers",
              "bowler": "WD Parnell",
              "extras": {
                "wides": 1
              },
              "non_striker": "AK Markram",
              "runs": {
                "batter": 0,
                "extras": 1,
                "total": 1
              }
            },
            {
              "batter": "AB de Villiers",
              "bowler": "WD Parnell",
              "non_striker": "AK Markram",
              "runs": {
                "batter": 4,
                "extras": 0,
                "total": 4
              }
            },
            {
              "batter": "AB de Villiers",
              "bowler": "WD Parnell",
              "non_striker": "AK Markram",
              "runs": {
                "batter": 1,
                "extras": 0,
                "total": 1
              }
            },
            {
              "batter": "AK Markram",
              "bowler": "WD Parnell",
              "non_striker": "AB de Villiers",
              "runs": {
                "batter": 1,
                "extras": 0,
                "total": 1
              }
            },
            {
              "batter": "AB de Villiers",
              "bowler": "WD Parnell",
              "non_striker": "AK Markram",
              "runs": {
                "batter": 4,
                "extras": 0,
                "total": 4
              }
            }
          ]
        },
        {
          "over": 6,
          "deliveries": [
            {
              "batter": "AK Markram",
              "bowler": "M Nabe",
              "extras": {
                "wides": 1
              },
              "non_striker": "AB de Villiers",
              "runs": {
                "batter": 0,
                "extras": 1,
                "total": 1
              }
            },
            {
              "batter": "AK Markram",
              "bowler": "M Nabe",
              "non_striker": "AB de Villiers",
              "runs": {
                "batter": 2,
                "extras": 0,
                "total": 2
              }
            },
            {
              "batter": "AK Markram",
              "bowler": "M Nabe",
              "non_striker": "AB de Villiers",
              "runs": {
                "batter": 6,
                "extras": 0,
                "total": 6
              }
            },
            {
              "batter": "AK Markram",
              "bowler": "M Nabe",
              "non_striker": "AB de Villiers",
              "runs": {
                "batter": 4,
                "extras": 0,
                "total": 4
              }
            },
            {
              "batter": "AK Markram",
              "bowler": "M Nabe",
              "extras": {
                "legbyes": 4
              },
              "non_striker": "AB de Villiers",
              "runs": {
                "batter": 0,
                "extras": 4,
                "total": 4
              }
            },
            {
              "batter": "AK Markram",
              "bowler": "M Nabe",
              "non_striker": "AB de Villiers",
              "runs": {
                "batter": 1,
                "extras": 0,
                "total": 1
              }
            },
            {
              "batter": "AB de Villiers",
              "bowler": "M Nabe",
              "non_striker": "AK Markram",
              "runs": {
                "batter": 1,
                "extras": 0,
                "total": 1
              }
            }
          ]
        },
        {
          "over": 7,
          "deliveries": [
            {
              "batter": "AB de Villiers",
              "bowler": "GF Linde",
              "non_striker": "AK Markram",
              "runs": {
                "batter": 1,
                "extras": 0,
                "total": 1
              }
            },
            {
              "batter": "AK Markram",
              "bowler": "GF Linde",
              "non_striker": "AB de Villiers",
              "runs": {
                "batter": 4,
                "extras": 0,
                "total": 4
              }
            },
            {
              "batter": "AK Markram",
              "bowler": "GF Linde",
              "non_striker": "AB de Villiers",
              "runs": {
                "batter": 1,
                "extras": 0,
                "total": 1
              }
            },
            {
              "batter": "AB de Villiers",
              "bowler": "GF Linde",
              "non_striker": "AK Markram",
              "runs": {
                "batter": 0,
                "extras": 0,
                "total": 0
              }
            },
            {
              "batter": "AB de Villiers",
              "bowler": "GF Linde",
              "non_striker": "AK Markram",
              "runs": {
                "batter": 0,
                "extras": 0,
                "total": 0
              }
            },
            {
              "batter": "AB de Villiers",
              "bowler": "GF Linde",
              "extras": {
                "wides": 2
              },
              "non_striker": "AK Markram",
              "runs": {
                "batter": 0,
                "extras": 2,
                "total": 2
              }
            },
            {
              "batter": "AK Markram",
              "bowler": "GF Linde",
              "non_striker": "AB de Villiers",
              "runs": {
                "batter": 1,
                "extras": 0,
                "total": 1
              }
            }
          ]
        },
        {
          "over": 8,
          "deliveries": [
            {
              "batter": "AK Markram",
              "bowler": "M Nabe",
              "non_striker": "AB de Villiers",
              "runs": {
                "batter": 1,
                "extras": 0,
                "total": 1
              }
            },
            {
              "batter": "AB de Villiers",
              "bowler": "M Nabe",
              "extras": {
                "wides": 1
              },
              "non_striker": "AK Markram",
              "runs": {
                "batter": 0,
                "extras": 1,
                "total": 1
              }
            },
            {
              "batter": "AB de Villiers",
              "bowler": "M Nabe",
              "non_striker": "AK Markram",
              "runs": {
                "batter": 2,
                "extras": 0,
                "total": 2
              }
            },
            {
              "batter": "AB de Villiers",
              "bowler": "M Nabe",
              "non_striker": "AK Markram",
              "runs": {
                "batter": 4,
                "extras": 0,
                "total": 4
              }
            },
            {
              "batter": "AB de Villiers",
              "bowler": "M Nabe",
              "non_striker": "AK Markram",
              "runs": {
                "batter": 0,
                "extras": 0,
                "total": 0
              }
            },
            {
              "batter": "AB de Villiers",
              "bowler": "M Nabe",
              "non_striker": "AK Markram",
              "runs": {
                "batter": 0,
                "extras": 0,
                "total": 0
              },
              "wickets": [
                {
                  "player_out": "AB de Villiers",
                  "fielders": [
                    {
                      "name": "JP Duminy"
                    }
                  ],
                  "kind": "caught"
                }
              ]
            },
            {
              "batter": "F Behardien",
              "bowler": "M Nabe",
              "non_striker": "AK Markram",
              "runs": {
                "batter": 0,
                "extras": 0,
                "total": 0
              }
            }
          ]
        },
        {
          "over": 9,
          "deliveries": [
            {
              "batter": "AK Markram",
              "bowler": "GF Linde",
              "non_striker": "F Behardien",
              "runs": {
                "batter": 1,
                "extras": 0,
                "total": 1
              }
            },
            {
              "batter": "F Behardien",
              "bowler": "GF Linde",
              "non_striker": "AK Markram",
              "runs": {
                "batter": 3,
                "extras": 0,
                "total": 3
              }
            },
            {
              "batter": "AK Markram",
              "bowler": "GF Linde",
              "non_striker": "F Behardien",
              "runs": {
                "batter": 1,
                "extras": 0,
                "total": 1
              }
            },
            {
              "batter": "F Behardien",
              "bowler": "GF Linde",
              "non_striker": "AK Markram",
              "runs": {
                "batter": 1,
                "extras": 0,
                "total": 1
              }
            },
            {
              "batter": "AK Markram",
              "bowler": "GF Linde",
              "non_striker": "F Behardien",
              "runs": {
                "batter": 0,
                "extras": 0,
                "total": 0
              }
            },
            {
              "batter": "AK Markram",
              "bowler": "GF Linde",
              "non_striker": "F Behardien",
              "runs": {
                "batter": 1,
                "extras": 0,
                "total": 1
              }
            }
          ]
        },
        {
          "over": 10,
          "deliveries": [
            {
              "batter": "AK Markram",
              "bowler": "D Paterson",
              "non_striker": "F Behardien",
              "runs": {
                "batter": 1,
                "extras": 0,
                "total": 1
              }
            },
            {
              "batter": "F Behardien",
              "bowler": "D Paterson",
              "non_striker": "AK Markram",
              "runs": {
                "batter": 1,
                "extras": 0,
                "total": 1
              }
            },
            {
              "batter": "AK Markram",
              "bowler": "D Paterson",
              "non_striker": "F Behardien",
              "runs": {
                "batter": 1,
                "extras": 0,
                "total": 1
              }
            },
            {
              "batter": "F Behardien",
              "bowler": "D Paterson",
              "non_striker": "AK Markram",
              "runs": {
                "batter": 0,
                "extras": 0,
                "total": 0
              }
            },
            {
              "batter": "F Behardien",
              "bowler": "D Paterson",
              "non_striker": "AK Markram",
              "runs": {
                "batter": 0,
                "extras": 0,
                "total": 0
              }
            },
            {
              "batter": "F Behardien",
              "bowler": "D Paterson",
              "non_striker": "AK Markram",
              "runs": {
                "batter": 1,
                "extras": 0,
                "total": 1
              }
            }
          ]
        },
        {
          "over": 11,
          "deliveries": [
            {
              "batter": "F Behardien",
              "bowler": "GF Linde",
              "non_striker": "AK Markram",
              "runs": {
                "batter": 0,
                "extras": 0,
                "total": 0
              }
            },
            {
              "batter": "F Behardien",
              "bowler": "GF Linde",
              "non_striker": "AK Markram",
              "runs": {
                "batter": 0,
                "extras": 0,
                "total": 0
              }
            },
            {
              "batter": "F Behardien",
              "bowler": "GF Linde",
              "non_striker": "AK Markram",
              "runs": {
                "batter": 1,
                "extras": 0,
                "total": 1
              }
            },
            {
              "batter": "AK Markram",
              "bowler": "GF Linde",
              "non_striker": "F Behardien",
              "runs": {
                "batter": 1,
                "extras": 0,
                "total": 1
              }
            },
            {
              "batter": "F Behardien",
              "bowler": "GF Linde",
              "non_striker": "AK Markram",
              "runs": {
                "batter": 0,
                "extras": 0,
                "total": 0
              }
            },
            {
              "batter": "F Behardien",
              "bowler": "GF Linde",
              "non_striker": "AK Markram",
              "runs": {
                "batter": 1,
                "extras": 0,
                "total": 1
              }
            }
          ]
        },
        {
          "over": 12,
          "deliveries": [
            {
              "batter": "F Behardien",
              "bowler": "VD Philander",
              "non_striker": "AK Markram",
              "runs": {
                "batter": 4,
                "extras": 0,
                "total": 4
              }
            },
            {
              "batter": "F Behardien",
              "bowler": "VD Philander",
              "non_striker": "AK Markram",
              "runs": {
                "batter": 1,
                "extras": 0,
                "total": 1
              }
            },
            {
              "batter": "AK Markram",
              "bowler": "VD Philander",
              "non_striker": "F Behardien",
              "runs": {
                "batter": 1,
                "extras": 0,
                "total": 1
              }
            },
            {
              "batter": "F Behardien",
              "bowler": "VD Philander",
              "non_striker": "AK Markram",
              "runs": {
                "batter": 1,
                "extras": 0,
                "total": 1
              }
            },
            {
              "batter": "AK Markram",
              "bowler": "VD Philander",
              "non_striker": "F Behardien",
              "runs": {
                "batter": 4,
                "extras": 0,
                "total": 4
              }
            },
            {
              "batter": "AK Markram",
              "bowler": "VD Philander",
              "non_striker": "F Behardien",
              "runs": {
                "batter": 4,
                "extras": 0,
                "total": 4
              }
            }
          ]
        },
        {
          "over": 13,
          "deliveries": [
            {
              "batter": "F Behardien",
              "bowler": "GF Linde",
              "non_striker": "AK Markram",
              "runs": {
                "batter": 1,
                "extras": 0,
                "total": 1
              }
            },
            {
              "batter": "AK Markram",
              "bowler": "GF Linde",
              "non_striker": "F Behardien",
              "runs": {
                "batter": 6,
                "extras": 0,
                "total": 6
              }
            },
            {
              "batter": "AK Markram",
              "bowler": "GF Linde",
              "non_striker": "F Behardien",
              "runs": {
                "batter": 1,
                "extras": 0,
                "total": 1
              }
            }
          ]
        }
      ],
      "powerplays": [
        {
          "from": 0.1,
          "to": 5.7,
          "type": "mandatory"
        }
      ],
      "target": {
        "overs": 20,
        "runs": 120
      }
    }
  ]
}