{
  "meta": {
    "data_version": "1.1.0",
    "created": "2022-03-31",
    "revision": 1
  },
  "info": {
    "balls_per_over": 6,
    "city": "Durban",
    "dates": [
      "2017-12-10"
    ],
    "event": {
      "name": "Ram Slam T20 Challenge",
      "match_number": 29
    },
    "gender": "male",
    "match_type": "T20",
    "officials": {
      "match_referees": [
        "SB Lambson"
      ],
      "reserve_umpires": [
        "LB Gcuma"
      ],
      "umpires": [
        "A Paleker",
        "S George"
      ]
    },
    "outcome": {
      "winner": "Dolphins",
      "by": {
        "runs": 89
      }
    },
    "overs": 20,
    "player_of_match": [
      "MN van Wyk",
      "P Subrayen"
    ],
    "players": {
      "Dolphins": [
        "VB van Jaarsveld",
        "MN van Wyk",
        "DJ Vilas",
        "K Zondo",
        "BS Makhanya",
        "R Frylinck",
        "KA Maharaj",
        "AL Phehlukwayo",
        "P Subrayen",
        "Imran Tahir",
        "M Shezi"
      ],
      "Titans": [
        "JD Vandiar",
        "T de Zorzi",
        "D Elgar",
        "H Klaasen",
        "R Moonsamy",
        "D Wiese",
        "S von Berg",
        "M Morkel",
        "CJ Dala",
        "T Shamsi",
        "SA Mothoa"
      ]
    },
    "registry": {
      "people": {
        "A Paleker": "634b11ac",
        "AL Phehlukwayo": "ab6b1c45",
        "BS Makhanya": "1b42a100",
        "CJ Dala": "1cb14aa4",
        "D Elgar": "33085ffb",
        "D Wiese": "aa8d28ae",
        "DJ Vilas": "087210b1",
        "H Klaasen": "235c2bb6",
        "Imran Tahir": "acee4cc4",
        "JD Vandiar": "a833f99c",
        "K Zondo": "4aad78d3",
        "KA Maharaj": "0b60eb09",
        "LB Gcuma": "02ba88e3",
        "M Morkel": "5bb5a915",
        "M Shezi": "016e5101",
        "MN van Wyk": "710dd98c",
        "P Subrayen": "7ec9711d",
        "R Frylinck": "8b248d88",
        "R Moonsamy": "29e676b0",
        "S George": "6d9e5a54",
        "S von Berg": "ffd3fc37",
        "SA Mothoa": "ea1eba98",
        "SB Lambson": "4146063f",
        "T Shamsi": "a03bba42",
        "T de Zorzi": "d3a1c63d",
        "VB van Jaarsveld": "890b877d"
      }
    },
    "season": "2017/18",
    "team_type": "club",
    "teams": [
      "Dolphins",
      "Titans"
    ],
    "toss": {
      "decision": "bat",
      "winner": "Dolphins"
    },
    "venue": "Kingsmead, Durban"
  },
  "innings": [
    {
      "team": "Dolphins",
      "overs": [
        {
          "over": 0,
          "deliveries": [
            {
              "batter": "VB van Jaarsveld",
              "bowler": "D Elgar",
              "non_striker": "MN van Wyk",
              "runs": {
                "batter": 1,
                "extras": 0,
                "total": 1
              }
            },
            {
              "batter": "MN van Wyk",
              "bowler": "D Elgar",
              "non_striker": "VB van Jaarsveld",
              "runs": {
                "batter": 1,
                "extras": 0,
                "total": 1
              }
            },
            {
              "batter": "VB van Jaarsveld",
              "bowler": "D Elgar",
              "non_striker": "MN van Wyk",
              "runs": {
                "batter": 4,
                "extras": 0,
                "total": 4
              }
            },
            {
              "batter": "VB van Jaarsveld",
              "bowler": "D Elgar",
              "non_striker": "MN van Wyk",
              "runs": {
                "batter": 1,
                "extras": 0,
                "total": 1
              }
            },
            {
              "batter": "MN van Wyk",
              "bowler": "D Elgar",
              "non_striker": "VB van Jaarsveld",
              "runs": {
                "batter": 4,
                "extras": 0,
                "total": 4
              }
            },
            {
              "batter": "MN van Wyk",
              "bowler": "D Elgar",
              "non_striker": "VB van Jaarsveld",
              "runs": {
                "batter": 0,
                "extras": 0,
                "total": 0
              }
            }
          ]
        },
        {
          "over": 1,
          "deliveries": [
            {
              "batter": "VB van Jaarsveld",
              "bowler": "M Morkel",
              "non_striker": "MN van Wyk",
              "runs": {
                "batter": 0,
                "extras": 0,
                "total": 0
              }
            },
            {
              "batter": "VB van Jaarsveld",
              "bowler": "M Morkel",
              "non_striker": "MN van Wyk",
              "runs": {
                "batter": 0,
                "extras": 0,
                "total": 0
              }
            },
            {
              "batter": "VB van Jaarsveld",
              "bowler": "M Morkel",
              "non_striker": "MN van Wyk",
              "runs": {
                "batter": 0,
                "extras": 0,
                "total": 0
              }
            },
            {
              "batter": "VB van Jaarsveld",
              "bowler": "M Morkel",
              "non_striker": "MN van Wyk",
              "runs": {
                "batter": 0,
                "extras": 0,
                "total": 0
              }
            },
            {
              "batter": "VB van Jaarsveld",
              "bowler": "M Morkel",
              "non_striker": "MN van Wyk",
              "runs": {
                "batter": 0,
                "extras": 0,
                "total": 0
              }
            },
            {
              "batter": "VB van Jaarsveld",
              "bowler": "M Morkel",
              "non_striker": "MN van Wyk",
              "runs": {
                "batter": 2,
                "extras": 0,
                "total": 2
              }
            }
          ]
        },
        {
          "over": 2,
          "deliveries": [
            {
              "batter": "MN van Wyk",
              "bowler": "D Wiese",
              "non_striker": "VB van Jaarsveld",
              "runs": {
                "batter": 4,
                "extras": 0,
                "total": 4
              }
            },
            {
              "batter": "MN van Wyk",
              "bowler": "D Wiese",
              "non_striker": "VB van Jaarsveld",
              "runs": {
                "batter": 0,
                "extras": 0,
                "total": 0
              }
            },
            {
              "batter": "MN van Wyk",
              "bowler": "D Wiese",
              "non_striker": "VB van Jaarsveld",
              "runs": {
                "batter": 0,
                "extras": 0,
                "total": 0
              }
            },
            {
              "batter": "MN van Wyk",
              "bowler": "D Wiese",
              "non_striker": "VB van Jaarsveld",
              "runs": {
                "batter": 1,
                "extras": 0,
                "total": 1
              }
            },
            {
              "batter": "VB van Jaarsveld",
              "bowler": "D Wiese",
              "non_striker": "MN van Wyk",
              "runs": {
                "batter": 0,
                "extras": 0,
                "total": 0
              }
            },
            {
              "batter": "VB van Jaarsveld",
              "bowler": "D Wiese",
              "non_striker": "MN van Wyk",
              "runs": {
                "batter": 0,
                "extras": 0,
                "total": 0
              }
            }
          ]
        },
        {
          "over": 3,
          "deliveries": [
            {
              "batter": "MN van Wyk",
              "bowler": "CJ Dala",
              "non_striker": "VB van Jaarsveld",
              "runs": {
                "batter": 4,
                "extras": 0,
                "total": 4
              }
            },
            {
              "batter": "MN van Wyk",
              "bowler": "CJ Dala",
              "non_striker": "VB van Jaarsveld",
              "runs": {
                "batter": 1,
                "extras": 0,
                "total": 1
              }
            },
            {
              "batter": "VB van Jaarsveld",
              "bowler": "CJ Dala",
              "non_striker": "MN van Wyk",
              "runs": {
                "batter": 0,
                "extras": 0,
                "total": 0
              }
            },
            {
              "batter": "VB van Jaarsveld",
              "bowler": "CJ Dala",
              "non_striker": "MN van Wyk",
              "runs": {
                "batter": 4,
                "extras": 0,
                "total": 4
              }
            },
            {
              "batter": "VB van Jaarsveld",
              "bowler": "CJ Dala",
              "non_striker": "MN van Wyk",
              "runs": {
                "batter": 0,
                "extras": 0,
                "total": 0
              }
            },
            {
              "batter": "VB van Jaarsveld",
              "bowler": "CJ Dala",
              "non_striker": "MN van Wyk",
              "runs": {
                "batter": 4,
                "extras": 0,
                "total": 4
              }
            }
          ]
        },
        {
          "over": 4,
          "deliveries": [
            {
              "batter": "MN van Wyk",
              "bowler": "M Morkel",
              "extras": {
                "noballs": 1
              },
              "non_striker": "VB van Jaarsveld",
              "runs": {
                "batter": 4,
                "extras": 1,
                "total": 5
              }
            },
            {
              "batter": "MN van Wyk",
              "bowler": "M Morkel",
              "non_striker": "VB van Jaarsveld",
              "runs": {
                "batter": 4,
                "extras": 0,
                "total": 4
              }
            },
            {
              "batter": "MN van Wyk",
              "bowler": "M Morkel",
              "non_striker": "VB van Jaarsveld",
              "runs": {
                "batter": 4,
                "extras": 0,
                "total": 4
              }
            },
            {
              "batter": "MN van Wyk",
              "bowler": "M Morkel",
              "non_striker": "VB van Jaarsveld",
              "runs": {
                "batter": 0,
                "extras": 0,
                "total": 0
              }
            },
            {
              "batter": "MN van Wyk",
              "bowler": "M Morkel",
              "non_striker": "VB van Jaarsveld",
              "runs": {
                "batter": 1,
                "extras": 0,
                "total": 1
              }
            },
            {
              "batter": "VB van Jaarsveld",
              "bowler": "M Morkel",
              "non_striker": "MN van Wyk",
              "runs": {
                "batter": 0,
                "extras": 0,
                "total": 0
              }
            },
            {
              "batter": "VB van Jaarsveld",
              "bowler": "M Morkel",
              "non_striker": "MN van Wyk",
              "runs": {
                "batter": 1,
                "extras": 0,
                "total": 1
              }
            }
          ]
        },
        {
          "over": 5,
          "deliveries": [
            {
              "batter": "VB van Jaarsveld",
              "bowler": "D Wiese",
              "non_striker": "MN van Wyk",
              "runs": {
                "batter": 0,
                "extras": 0,
                "total": 0
              }
            },
            {
              "batter": "VB van Jaarsveld",
              "bowler": "D Wiese",
              "non_striker": "MN van Wyk",
              "runs": {
                "batter": 0,
                "extras": 0,
                "total": 0
              }
            },
            {
              "batter": "VB van Jaarsveld",
              "bowler": "D Wiese",
              "non_striker": "MN van Wyk",
              "runs": {
                "batter": 1,
                "extras": 0,
                "total": 1
              }
            },
            {
              "batter": "MN van Wyk",
              "bowler": "D Wiese",
              "non_striker": "VB van Jaarsveld",
              "runs": {
                "batter": 1,
                "extras": 0,
                "total": 1
              }
            },
            {
              "batter": "VB van Jaarsveld",
              "bowler": "D Wiese",
              "non_striker": "MN van Wyk",
              "runs": {
                "batter": 0,
                "extras": 0,
                "total": 0
              }
            },
            {
              "batter": "VB van Jaarsveld",
              "bowler": "D Wiese",
              "non_striker": "MN van Wyk",
              "runs": {
                "batter": 2,
                "extras": 0,
                "total": 2
              }
            }
          ]
        },
        {
          "over": 6,
          "deliveries": [
            {
              "batter": "MN van Wyk",
              "bowler": "T Shamsi",
              "non_striker": "VB van Jaarsveld",
              "runs": {
                "batter": 1,
                "extras": 0,
                "total": 1
              }
            },
            {
              "batter": "VB van Jaarsveld",
              "bowler": "T Shamsi",
              "non_striker": "MN van Wyk",
              "runs": {
                "batter": 0,
                "extras": 0,
                "total": 0
              }
            },
            {
              "batter": "VB van Jaarsveld",
              "bowler": "T Shamsi",
              "non_striker": "MN van Wyk",
              "runs": {
                "batter": 6,
                "extras": 0,
                "total": 6
              }
            },
            {
              "batter": "VB van Jaarsveld",
              "bowler": "T Shamsi",
              "non_striker": "MN van Wyk",
              "runs": {
                "batter": 1,
                "extras": 0,
                "total": 1
              }
            },
            {
              "batter": "MN van Wyk",
              "bowler": "T Shamsi",
              "non_striker": "VB van Jaarsveld",
              "runs": {
                "batter": 4,
                "extras": 0,
                "total": 4
              }
            },
            {
              "batter": "MN van Wyk",
              "bowler": "T Shamsi",
              "non_striker": "VB van Jaarsveld",
              "runs": {
                "batter": 2,
                "extras": 0,
                "total": 2
              }
            }
          ]
        },
        {
          "over": 7,
          "deliveries": [
            {
              "batter": "VB van Jaarsveld",
              "bowler": "S von Berg",
              "non_striker": "MN van Wyk",
              "runs": {
                "batter": 0,
                "extras": 0,
                "total": 0
              }
            },
            {
              "batter": "VB van Jaarsveld",
              "bowler": "S von Berg",
              "non_striker": "MN van Wyk",
              "runs": {
                "batter": 1,
                "extras": 0,
                "total": 1
              }
            },
            {
              "batter": "MN van Wyk",
              "bowler": "S von Berg",
              "non_striker": "VB van Jaarsveld",
              "runs": {
                "batter": 1,
                "extras": 0,
                "total": 1
              }
            },
            {
              "batter": "VB van Jaarsveld",
              "bowler": "S von Berg",
              "non_striker": "MN van Wyk",
              "runs": {
                "batter": 0,
                "extras": 0,
                "total": 0
              },
              "wickets": [
                {
                  "player_out": "VB van Jaarsveld",
                  "fielders": [
                    {
                      "name": "H Klaasen"
                    }
                  ],
                  "kind": "stumped"
                }
              ]
            },
            {
              "batter": "DJ Vilas",
              "bowler": "S von Berg",
              "non_striker": "MN van Wyk",
              "runs": {
                "batter": 1,
                "extras": 0,
                "total": 1
              }
            },
            {
              "batter": "MN van Wyk",
              "bowler": "S von Berg",
              "non_striker": "DJ Vilas",
              "runs": {
                "batter": 1,
                "extras": 0,
                "total": 1
              }
            }
          ]
        },
        {
          "over": 8,
          "deliveries": [
            {
              "batter": "MN van Wyk",
              "bowler": "SA Mothoa",
              "non_striker": "DJ Vilas",
              "runs": {
                "batter": 4,
                "extras": 0,
                "total": 4
              }
            },
            {
              "batter": "MN van Wyk",
              "bowler": "SA Mothoa",
              "non_striker": "DJ Vilas",
              "runs": {
                "batter": 4,
                "extras": 0,
                "total": 4
              }
            },
            {
              "batter": "MN van Wyk",
              "bowler": "SA Mothoa",
              "non_striker": "DJ Vilas",
              "runs": {
                "batter": 1,
                "extras": 0,
                "total": 1
              }
            },
            {
              "batter": "DJ Vilas",
              "bowler": "SA Mothoa",
              "non_striker": "MN van Wyk",
              "runs": {
                "batter": 1,
                "extras": 0,
                "total": 1
              }
            },
            {
              "batter": "MN van Wyk",
              "bowler": "SA Mothoa",
              "non_striker": "DJ Vilas",
              "runs": {
                "batter": 1,
                "extras": 0,
                "total": 1
              }
            },
            {
              "batter": "DJ Vilas",
              "bowler": "SA Mothoa",
              "non_striker": "MN van Wyk",
              "runs": {
                "batter": 0,
                "extras": 0,
                "total": 0
              }
            }
          ]
        },
        {
          "over": 9,
          "deliveries": [
            {
              "batter": "MN van Wyk",
              "bowler": "S von Berg",
              "non_striker": "DJ Vilas",
              "runs": {
                "batter": 1,
                "extras": 0,
                "total": 1
              }
            },
            {
              "batter": "DJ Vilas",
              "bowler": "S von Berg",
              "non_striker": "MN van Wyk",
              "runs": {
                "batter": 0,
                "extras": 0,
                "total": 0
              }
            },
            {
              "batter": "DJ Vilas",
              "bowler": "S von Berg",
              "non_striker": "MN van Wyk",
              "runs": {
                "batter": 1,
                "extras": 0,
                "total": 1
              }
            },
            {
              "batter": "MN van Wyk",
              "bowler": "S von Berg",
              "non_striker": "DJ Vilas",
              "runs": {
                "batter": 0,
                "extras": 0,
                "total": 0
              }
            },
            {
              "batter": "MN van Wyk",
              "bowler": "S von Berg",
              "non_striker": "DJ Vilas",
              "runs": {
                "batter": 1,
                "extras": 0,
                "total": 1
              }
            },
            {
              "batter": "DJ Vilas",
              "bowler": "S von Berg",
              "non_striker": "MN van Wyk",
              "runs": {
                "batter": 6,
                "extras": 0,
                "total": 6
              }
            }
          ]
        },
        {
          "over": 10,
          "deliveries": [
            {
              "batter": "MN van Wyk",
              "bowler": "D Elgar",
              "non_striker": "DJ Vilas",
              "runs": {
                "batter": 3,
                "extras": 0,
                "total": 3
              }
            },
            {
              "batter": "DJ Vilas",
              "bowler": "D Elgar",
              "non_striker": "MN van Wyk",
              "runs": {
                "batter": 0,
                "extras": 0,
                "total": 0
              }
            },
            {
              "batter": "DJ Vilas",
              "bowler": "D Elgar",
              "non_striker": "MN van Wyk",
              "runs": {
                "batter": 1,
                "extras": 0,
                "total": 1
              }
            },
            {
              "batter": "MN van Wyk",
              "bowler": "D Elgar",
              "non_striker": "DJ Vilas",
              "runs": {
                "batter": 1,
                "extras": 0,
                "total": 1
              }
            },
            {
              "batter": "DJ Vilas",
              "bowler": "D Elgar",
              "non_striker": "MN van Wyk",
              "runs": {
                "batter": 1,
                "extras": 0,
                "total": 1
              }
            },
            {
              "batter": "MN van Wyk",
              "bowler": "D Elgar",
              "non_striker": "DJ Vilas",
              "runs": {
                "batter": 1,
                "extras": 0,
                "total": 1
              }
            }
          ]
        },
        {
          "over": 11,
          "deliveries": [
            {
              "batter": "MN van Wyk",
              "bowler": "T Shamsi",
              "non_striker": "DJ Vilas",
              "runs": {
                "batter": 1,
                "extras": 0,
                "total": 1
              }
            },
            {
              "batter": "DJ Vilas",
              "bowler": "T Shamsi",
              "non_striker": "MN van Wyk",
              "runs": {
                "batter": 1,
                "extras": 0,
                "total": 1
              }
            },
            {
              "batter": "MN van Wyk",
              "bowler": "T Shamsi",
              "non_striker": "DJ Vilas",
              "runs": {
                "batter": 1,
                "extras": 0,
                "total": 1
              }
            },
            {
              "batter": "DJ Vilas",
              "bowler": "T Shamsi",
              "non_striker": "MN van Wyk",
              "runs": {
                "batter": 1,
                "extras": 0,
                "total": 1
              }
            },
            {
              "batter": "MN van Wyk",
              "bowler": "T Shamsi",
              "non_striker": "DJ Vilas",
              "runs": {
                "batter": 1,
                "extras": 0,
                "total": 1
              }
            },
            {
              "batter": "DJ Vilas",
              "bowler": "T Shamsi",
              "non_striker": "MN van Wyk",
              "runs": {
                "batter": 6,
                "extras": 0,
                "total": 6
              }
            }
          ]
        },
        {
          "over": 12,
          "deliveries": [
            {
              "batter": "MN van Wyk",
              "bowler": "S von Berg",
              "non_striker": "DJ Vilas",
              "runs": {
                "batter": 1,
                "extras": 0,
                "total": 1
              }
            },
            {
              "batter": "DJ Vilas",
              "bowler": "S von Berg",
              "non_striker": "MN van Wyk",
              "runs": {
                "batter": 6,
                "extras": 0,
                "total": 6
              }
            },
            {
              "batter": "DJ Vilas",
              "bowler": "S von Berg",
              "non_striker": "MN van Wyk",
              "runs": {
                "batter": 4,
                "extras": 0,
                "total": 4
              }
            },
            {
              "batter": "DJ Vilas",
              "bowler": "S von Berg",
              "non_striker": "MN van Wyk",
              "runs": {
                "batter": 0,
                "extras": 0,
                "total": 0
              },
              "wickets": [
                {
                  "player_out": "DJ Vilas",
                  "fielders": [
                    {
                      "name": "T de Zorzi"
                    }
                  ],
                  "kind": "caught"
                }
              ]
            },
            {
              "batter": "K Zondo",
              "bowler": "S von Berg",
              "non_striker": "MN van Wyk",
              "runs": {
                "batter": 4,
                "extras": 0,
                "total": 4
              }
            },
            {
              "batter": "K Zondo",
              "bowler": "S von Berg",
              "non_striker": "MN van Wyk",
              "runs": {
                "batter": 1,
                "extras": 0,
                "total": 1
              }
            }
          ]
        },
        {
          "over": 13,
          "deliveries": [
            {
              "batter": "K Zondo",
              "bowler": "M Morkel",
              "non_striker": "MN van Wyk",
              "runs": {
                "batter": 1,
                "extras": 0,
                "total": 1
              }
            },
            {
              "batter": "MN van Wyk",
              "bowler": "M Morkel",
              "extras": {
                "legbyes": 1
              },
              "non_striker": "K Zondo",
              "runs": {
                "batter": 0,
                "extras": 1,
                "total": 1
              }
            },
            {
              "batter": "K Zondo",
              "bowler": "M Morkel",
              "non_striker": "MN van Wyk",
              "runs": {
                "batter": 0,
                "extras": 0,
                "total": 0
              }
            },
            {
              "batter": "K Zondo",
              "bowler": "M Morkel",
              "non_striker": "MN van Wyk",
              "runs": {
                "batter": 0,
                "extras": 0,
                "total": 0
              }
            },
            {
              "batter": "K Zondo",
              "bowler": "M Morkel",
              "non_striker": "MN van Wyk",
              "runs": {
                "batter": 1,
                "extras": 0,
                "total": 1
              }
            },
            {
              "batter": "MN van Wyk",
              "bowler": "M Morkel",
              "non_striker": "K Zondo",
              "runs": {
                "batter": 1,
                "extras": 0,
                "total": 1
              }
            }
          ]
        },
        {
          "over": 14,
          "deliveries": [
            {
              "batter": "MN van Wyk",
              "bowler": "S von Berg",
              "non_striker": "K Zondo",
              "runs": {
                "batter": 1,
                "extras": 0,
                "total": 1
              }
            },
            {
              "batter": "K Zondo",
              "bowler": "S von Berg",
              "non_striker": "MN van Wyk",
              "runs": {
                "batter": 2,
                "extras": 0,
                "total": 2
              }
            },
            {
              "batter": "K Zondo",
              "bowler": "S von Berg",
              "extras": {
                "wides": 1
              },
              "non_striker": "MN van Wyk",
              "runs": {
                "batter": 0,
                "extras": 1,
                "total": 1
              }
            },
            {
              "batter": "K Zondo",
              "bowler": "S von Berg",
              "extras": {
                "wides": 1
              },
              "non_striker": "MN van Wyk",
              "runs": {
                "batter": 0,
                "extras": 1,
                "total": 1
              }
            },
            {
              "batter": "K Zondo",
              "bowler": "S von Berg",
              "non_striker": "MN van Wyk",
              "runs": {
                "batter": 1,
                "extras": 0,
                "total": 1
              }
            },
            {
              "batter": "MN van Wyk",
              "bowler": "S von Berg",
              "non_striker": "K Zondo",
              "runs": {
                "batter": 4,
                "extras": 0,
                "total": 4
              }
            },
            {
              "batter": "MN van Wyk",
              "bowler": "S von Berg",
              "non_striker": "K Zondo",
              "runs": {
                "batter": 1,
                "extras": 0,
                "total": 1
              }
            },
            {
              "batter": "K Zondo",
              "bowler": "S von Berg",
              "non_striker": "MN van Wyk",
              "runs": {
                "batter": 0,
                "extras": 0,
                "total": 0
              }
            }
          ]
        },
        {
          "over": 15,
          "deliveries": [
            {
              "batter": "MN van Wyk",
              "bowler": "CJ Dala",
              "non_striker": "K Zondo",
              "runs": {
                "batter": 1,
                "extras": 0,
                "total": 1
              }
            },
            {
              "batter": "K Zondo",
              "bowler": "CJ Dala",
              "extras": {
                "wides": 1
              },
              "non_striker": "MN van Wyk",
              "runs": {
                "batter": 0,
                "extras": 1,
                "total": 1
              }
            },
            {
              "batter": "K Zondo",
              "bowler": "CJ Dala",
              "non_striker": "MN van Wyk",
              "runs": {
                "batter": 1,
                "extras": 0,
                "total": 1
              }
            },
            {
              "batter": "MN van Wyk",
              "bowler": "CJ Dala",
              "non_striker": "K Zondo",
              "runs": {
                "batter": 0,
                "extras": 0,
                "total": 0
              },
              "wickets": [
                {
                  "player_out": "MN van Wyk",
                  "kind": "bowled"
                }
              ]
            },
            {
              "batter": "BS Makhanya",
              "bowler": "CJ Dala",
              "non_striker": "K Zondo",
              "runs": {
                "batter": 1,
                "extras": 0,
                "total": 1
              }
            },
            {
              "batter": "K Zondo",
              "bowler": "CJ Dala",
              "non_striker": "BS Makhanya",
              "runs": {
                "batter": 1,
                "extras": 0,
                "total": 1
              }
            },
            {
              "batter": "BS Makhanya",
              "bowler": "CJ Dala",
              "extras": {
                "wides": 1
              },
              "non_striker": "K Zondo",
              "runs": {
                "batter": 0,
                "extras": 1,
                "total": 1
              }
            },
            {
              "batter": "BS Makhanya",
              "bowler": "CJ Dala",
              "non_striker": "K Zondo",
              "runs": {
                "batter": 1,
                "extras": 0,
                "total": 1
              }
            }
          ]
        },
        {
          "over": 16,
          "deliveries": [
            {
              "batter": "BS Makhanya",
              "bowler": "D Wiese",
              "extras": {
                "legbyes": 1
              },
              "non_striker": "K Zondo",
              "runs": {
                "batter": 0,
                "extras": 1,
                "total": 1
              }
            },
            {
              "batter": "K Zondo",
              "bowler": "D Wiese",
              "non_striker": "BS Makhanya",
              "runs": {
                "batter": 1,
                "extras": 0,
                "total": 1
              }
            },
            {
              "batter": "BS Makhanya",
              "bowler": "D Wiese",
              "non_striker": "K Zondo",
              "runs": {
                "batter": 1,
                "extras": 0,
                "total": 1
              }
            },
            {
              "batter": "K Zondo",
              "bowler": "D Wiese",
              "non_striker": "BS Makhanya",
              "runs": {
                "batter": 1,
                "extras": 0,
                "total": 1
              }
            },
            {
              "batter": "BS Makhanya",
              "bowler": "D Wiese",
              "non_striker": "K Zondo",
              "runs": {
                "batter": 2,
                "extras": 0,
                "total": 2
              }
            },
            {
              "batter": "BS Makhanya",
              "bowler": "D Wiese",
              "non_striker": "K Zondo",
              "runs": {
                "batter": 0,
                "extras": 0,
                "total": 0
              }
            }
          ]
        },
        {
          "over": 17,
          "deliveries": [
            {
              "batter": "K Zondo",
              "bowler": "CJ Dala",
              "non_striker": "BS Makhanya",
              "runs": {
                "batter": 1,
                "extras": 0,
                "total": 1
              }
            },
            {
              "batter": "BS Makhanya",
              "bowler": "CJ Dala",
              "non_striker": "K Zondo",
              "runs": {
                "batter": 0,
                "extras": 0,
                "total": 0
              }
            },
            {
              "batter": "BS Makhanya",
              "bowler": "CJ Dala",
              "non_striker": "K Zondo",
              "runs": {
                "batter": 1,
                "extras": 0,
                "total": 1
              }
            },
            {
              "batter": "K Zondo",
              "bowler": "CJ Dala",
              "non_striker": "BS Makhanya",
              "runs": {
                "batter": 1,
                "extras": 0,
                "total": 1
              }
            },
            {
              "batter": "BS Makhanya",
              "bowler": "CJ Dala",
              "non_striker": "K Zondo",
              "runs": {
                "batter": 0,
                "extras": 0,
                "total": 0
              }
            },
            {
              "batter": "BS Makhanya",
              "bowler": "CJ Dala",
              "non_striker": "K Zondo",
              "runs": {
                "batter": 0,
                "extras": 0,
                "total": 0
              },
              "wickets": [
                {
                  "player_out": "BS Makhanya",
                  "fielders": [
                    {
                      "name": "H Klaasen"
                    }
                  ],
                  "kind": "caught"
                }
              ]
            }
          ]
        },
        {
          "over": 18,
          "deliveries": [
            {
              "batter": "R Frylinck",
              "bowler": "D Wiese",
              "non_striker": "K Zondo",
              "runs": {
                "batter": 1,
                "extras": 0,
                "total": 1
              }
            },
            {
              "batter": "K Zondo",
              "bowler": "D Wiese",
              "non_striker": "R Frylinck",
              "runs": {
                "batter": 4,
                "extras": 0,
                "total": 4
              }
            },
            {
              "batter": "K Zondo",
              "bowler": "D Wiese",
              "non_striker": "R Frylinck",
              "runs": {
                "batter": 2,
                "extras": 0,
                "total": 2
              }
            },
            {
              "batter": "K Zondo",
              "bowler": "D Wiese",
              "non_striker": "R Frylinck",
              "runs": {
                "batter": 1,
                "extras": 0,
                "total": 1
              }
            },
            {
              "batter": "R Frylinck",
              "bowler": "D Wiese",
              "non_striker": "K Zondo",
              "runs": {
                "batter": 1,
                "extras": 0,
                "total": 1
              }
            },
            {
              "batter": "K Zondo",
              "bowler": "D Wiese",
              "non_striker": "R Frylinck",
              "runs": {
                "batter": 0,
                "extras": 0,
                "total": 0
              },
              "wickets": [
                {
                  "player_out": "K Zondo",
                  "kind": "bowled"
                }
              ]
            }
          ]
        },
        {
          "over": 19,
          "deliveries": [
            {
              "batter": "R Frylinck",
              "bowler": "M Morkel",
              "non_striker": "KA Maharaj",
              "runs": {
                "batter": 0,
                "extras": 0,
                "total": 0
              },
              "wickets": [
                {
                  "player_out": "R Frylinck",
                  "fielders": [
                    {
                      "name": "H Klaasen"
                    }
                  ],
                  "kind": "caught"
                }
              ]
            },
            {
              "batter": "KA Maharaj",
              "bowler": "M Morkel",
              "non_striker": "AL Phehlukwayo",
              "runs": {
                "batter": 0,
                "extras": 0,
                "total": 0
              }
            },
            {
              "batter": "KA Maharaj",
              "bowler": "M Morkel",
              "non_striker": "AL Phehlukwayo",
              "runs": {
                "batter": 0,
                "extras": 0,
                "total": 0
              },
              "wickets": [
                {
                  "player_out": "KA Maharaj",
                  "fielders": [
                    {
                      "name": "D Wiese"
                    }
                  ],
                  "kind": "caught"
                }
              ]
            },
            {
              "batter": "AL Phehlukwayo",
              "bowler": "M Morkel",
              "non_striker": "P Subrayen",
              "runs": {
                "batter": 4,
                "extras": 0,
                "total": 4
              }
            },
            {
              "batter": "AL Phehlukwayo",
              "bowler": "M Morkel",
              "non_striker": "P Subrayen",
              "runs": {
                "batter": 1,
                "extras": 0,
                "total": 1
              }
            },
            {
              "batter": "P Subrayen",
              "bowler": "M Morkel",
              "extras": {
                "byes": 1
              },
              "non_striker": "AL Phehlukwayo",
              "runs": {
                "batter": 0,
                "extras": 1,
                "total": 1
              }
            }
          ]
        }
      ],
      "powerplays": [
        {
          "from": 0.1,
          "to": 5.6,
          "type": "mandatory"
        }
      ]
    },
    {
      "team": "Titans",
      "overs": [
        {
          "over": 0,
          "deliveries": [
            {
              "batter": "JD Vandiar",
              "bowler": "P Subrayen",
              "non_striker": "T de Zorzi",
              "runs": {
                "batter": 0,
                "extras": 0,
                "total": 0
              }
            },
            {
              "batter": "JD Vandiar",
              "bowler": "P Subrayen",
              "non_striker": "T de Zorzi",
              "runs": {
                "batter": 0,
                "extras": 0,
                "total": 0
              }
            },
            {
              "batter": "JD Vandiar",
              "bowler": "P Subrayen",
              "non_striker": "T de Zorzi",
              "runs": {
                "batter": 0,
                "extras": 0,
                "total": 0
              }
            },
            {
              "batter": "JD Vandiar",
              "bowler": "P Subrayen",
              "non_striker": "T de Zorzi",
              "runs": {
                "batter": 1,
                "extras": 0,
                "total": 1
              }
            },
            {
              "batter": "T de Zorzi",
              "bowler": "P Subrayen",
              "non_striker": "JD Vandiar",
              "runs": {
                "batter": 1,
                "extras": 0,
                "total": 1
              }
            },
            {
              "batter": "JD Vandiar",
              "bowler": "P Subrayen",
              "non_striker": "T de Zorzi",
              "runs": {
                "batter": 1,
                "extras": 0,
                "total": 1
              }
            }
          ]
        },
        {
          "over": 1,
          "deliveries": [
            {
              "batter": "JD Vandiar",
              "bowler": "M Shezi",
              "non_striker": "T de Zorzi",
              "runs": {
                "batter": 1,
                "extras": 0,
                "total": 1
              }
            },
            {
              "batter": "T de Zorzi",
              "bowler": "M Shezi",
              "non_striker": "JD Vandiar",
              "runs": {
                "batter": 0,
                "extras": 0,
                "total": 0
              }
            },
            {
              "batter": "T de Zorzi",
              "bowler": "M Shezi",
              "non_striker": "JD Vandiar",
              "runs": {
                "batter": 0,
                "extras": 0,
                "total": 0
              },
              "wickets": [
                {
                  "player_out": "T de Zorzi",
                  "fielders": [
                    {
                      "name": "DJ Vilas"
                    }
                  ],
                  "kind": "caught"
                }
              ]
            },
            {
              "batter": "D Elgar",
              "bowler": "M Shezi",
              "non_striker": "JD Vandiar",
              "runs": {
                "batter": 0,
                "extras": 0,
                "total": 0
              }
            },
            {
              "batter": "D Elgar",
              "bowler": "M Shezi",
              "non_striker": "JD Vandiar",
              "runs": {
                "batter": 0,
                "extras": 0,
                "total": 0
              }
            },
            {
              "batter": "D Elgar",
              "bowler": "M Shezi",
              "non_striker": "JD Vandiar",
              "runs": {
                "batter": 1,
                "extras": 0,
                "total": 1
              }
            }
          ]
        },
        {
          "over": 2,
          "deliveries": [
            {
              "batter": "D Elgar",
              "bowler": "P Subrayen",
              "non_striker": "JD Vandiar",
              "runs": {
                "batter": 1,
                "extras": 0,
                "total": 1
              }
            },
            {
              "batter": "JD Vandiar",
              "bowler": "P Subrayen",
              "non_striker": "D Elgar",
              "runs": {
                "batter": 0,
                "extras": 0,
                "total": 0
              }
            },
            {
              "batter": "JD Vandiar",
              "bowler": "P Subrayen",
              "non_striker": "D Elgar",
              "runs": {
                "batter": 1,
                "extras": 0,
                "total": 1
              }
            },
            {
              "batter": "D Elgar",
              "bowler": "P Subrayen",
              "non_striker": "JD Vandiar",
              "runs": {
                "batter": 0,
                "extras": 0,
                "total": 0
              },
              "wickets": [
                {
                  "player_out": "D Elgar",
                  "fielders": [
                    {
                      "name": "BS Makhanya"
                    }
                  ],
                  "kind": "caught"
                }
              ]
            },
            {
              "batter": "JD Vandiar",
              "bowler": "P Subrayen",
              "non_striker": "H Klaasen",
              "runs": {
                "batter": 0,
                "extras": 0,
                "total": 0
              }
            },
            {
              "batter": "JD Vandiar",
              "bowler": "P Subrayen",
              "non_striker": "H Klaasen",
              "runs": {
                "batter": 1,
                "extras": 0,
                "total": 1
              }
            }
          ]
        },
        {
          "over": 3,
          "deliveries": [
            {
              "batter": "JD Vandiar",
              "bowler": "M Shezi",
              "non_striker": "H Klaasen",
              "runs": {
                "batter": 0,
                "extras": 0,
                "total": 0
              }
            },
            {
              "batter": "JD Vandiar",
              "bowler": "M Shezi",
              "non_striker": "H Klaasen",
              "runs": {
                "batter": 1,
                "extras": 0,
                "total": 1
              }
            },
            {
              "batter": "H Klaasen",
              "bowler": "M Shezi",
              "non_striker": "JD Vandiar",
              "runs": {
                "batter": 0,
                "extras": 0,
                "total": 0
              }
            },
            {
              "batter": "H Klaasen",
              "bowler": "M Shezi",
              "non_striker": "JD Vandiar",
              "runs": {
                "batter": 0,
                "extras": 0,
                "total": 0
              }
            },
            {
              "batter": "H Klaasen",
              "bowler": "M Shezi",
              "non_striker": "JD Vandiar",
              "runs": {
                "batter": 1,
                "extras": 0,
                "total": 1
              }
            },
            {
              "batter": "JD Vandiar",
              "bowler": "M Shezi",
              "non_striker": "H Klaasen",
              "runs": {
                "batter": 0,
                "extras": 0,
                "total": 0
              }
            }
          ]
        },
        {
          "over": 4,
          "deliveries": [
            {
              "batter": "H Klaasen",
              "bowler": "R Frylinck",
              "non_striker": "JD Vandiar",
              "runs": {
                "batter": 1,
                "extras": 0,
                "total": 1
              }
            },
            {
              "batter": "JD Vandiar",
              "bowler": "R Frylinck",
              "non_striker": "H Klaasen",
              "runs": {
                "batter": 0,
                "extras": 0,
                "total": 0
              }
            },
            {
              "batter": "JD Vandiar",
              "bowler": "R Frylinck",
              "non_striker": "H Klaasen",
              "runs": {
                "batter": 0,
                "extras": 0,
                "total": 0
              },
              "wickets": [
                {
                  "player_out": "JD Vandiar",
                  "fielders": [
                    {
                      "name": "VB van Jaarsveld"
                    }
                  ],
                  "kind": "caught"
                }
              ]
            },
            {
              "batter": "R Moonsamy",
              "bowler": "R Frylinck",
              "non_striker": "H Klaasen",
              "runs": {
                "batter": 0,
                "extras": 0,
                "total": 0
              }
            },
            {
              "batter": "R Moonsamy",
              "bowler": "R Frylinck",
              "non_striker": "H Klaasen",
              "runs": {
                "batter": 0,
                "extras": 0,
                "total": 0
              }
            },
            {
              "batter": "R Moonsamy",
              "bowler": "R Frylinck",
              "non_striker": "H Klaasen",
              "runs": {
                "batter": 0,
                "extras": 0,
                "total": 0
              }
            }
          ]
        },
        {
          "over": 5,
          "deliveries": [
            {
              "batter": "H Klaasen",
              "bowler": "Imran Tahir",
              "non_striker": "R Moonsamy",
              "runs": {
                "batter": 2,
                "extras": 0,
                "total": 2
              }
            },
            {
              "batter": "H Klaasen",
              "bowler": "Imran Tahir",
              "non_striker": "R Moonsamy",
              "runs": {
                "batter": 1,
                "extras": 0,
                "total": 1
              }
            },
            {
              "batter": "R Moonsamy",
              "bowler": "Imran Tahir",
              "non_striker": "H Klaasen",
              "runs": {
                "batter": 1,
                "extras": 0,
                "total": 1
              }
            },
            {
              "batter": "H Klaasen",
              "bowler": "Imran Tahir",
              "non_striker": "R Moonsamy",
              "runs": {
                "batter": 2,
                "extras": 0,
                "total": 2
              }
            },
            {
              "batter": "H Klaasen",
              "bowler": "Imran Tahir",
              "non_striker": "R Moonsamy",
              "runs": {
                "batter": 0,
                "extras": 0,
                "total": 0
              }
            },
            {
              "batter": "H Klaasen",
              "bowler": "Imran Tahir",
              "non_striker": "R Moonsamy",
              "runs": {
                "batter": 1,
                "extras": 0,
                "total": 1
              }
            }
          ]
        },
        {
          "over": 6,
          "deliveries": [
            {
              "batter": "H Klaasen",
              "bowler": "KA Maharaj",
              "non_striker": "R Moonsamy",
              "runs": {
                "batter": 1,
                "extras": 0,
                "total": 1
              }
            },
            {
              "batter": "R Moonsamy",
              "bowler": "KA Maharaj",
              "non_striker": "H Klaasen",
              "runs": {
                "batter": 0,
                "extras": 0,
                "total": 0
              }
            },
            {
              "batter": "R Moonsamy",
              "bowler": "KA Maharaj",
              "non_striker": "H Klaasen",
              "runs": {
                "batter": 0,
                "extras": 0,
                "total": 0
              }
            },
            {
              "batter": "R Moonsamy",
              "bowler": "KA Maharaj",
              "non_striker": "H Klaasen",
              "runs": {
                "batter": 0,
                "extras": 0,
                "total": 0
              }
            },
            {
              "batter": "R Moonsamy",
              "bowler": "KA Maharaj",
              "non_striker": "H Klaasen",
              "runs": {
                "batter": 1,
                "extras": 0,
                "total": 1
              }
            },
            {
              "batter": "H Klaasen",
              "bowler": "KA Maharaj",
              "non_striker": "R Moonsamy",
              "runs": {
                "batter": 0,
                "extras": 0,
                "total": 0
              }
            }
          ]
        },
        {
          "over": 7,
          "deliveries": [
            {
              "batter": "R Moonsamy",
              "bowler": "Imran Tahir",
              "non_striker": "H Klaasen",
              "runs": {
                "batter": 0,
                "extras": 0,
                "total": 0
              }
            },
            {
              "batter": "R Moonsamy",
              "bowler": "Imran Tahir",
              "non_striker": "H Klaasen",
              "runs": {
                "batter": 2,
                "extras": 0,
                "total": 2
              }
            },
            {
              "batter": "R Moonsamy",
              "bowler": "Imran Tahir",
              "non_striker": "H Klaasen",
              "runs": {
                "batter": 0,
                "extras": 0,
                "total": 0
              }
            },
            {
              "batter": "R Moonsamy",
              "bowler": "Imran Tahir",
              "non_striker": "H Klaasen",
              "runs": {
                "batter": 1,
                "extras": 0,
                "total": 1
              }
            },
            {
              "batter": "H Klaasen",
              "bowler": "Imran Tahir",
              "non_striker": "R Moonsamy",
              "runs": {
                "batter": 1,
                "extras": 0,
                "total": 1
              }
            },
            {
              "batter": "R Moonsamy",
              "bowler": "Imran Tahir",
              "non_striker": "H Klaasen",
              "runs": {
                "batter": 1,
                "extras": 0,
                "total": 1
              }
            }
          ]
        },
        {
          "over": 8,
          "deliveries": [
            {
              "batter": "R Moonsamy",
              "bowler": "KA Maharaj",
              "non_striker": "H Klaasen",
              "runs": {
                "batter": 1,
                "extras": 0,
                "total": 1
              }
            },
            {
              "batter": "H Klaasen",
              "bowler": "KA Maharaj",
              "extras": {
                "wides": 1
              },
              "non_striker": "R Moonsamy",
              "runs": {
                "batter": 0,
                "extras": 1,
                "total": 1
              }
            },
            {
              "batter": "H Klaasen",
              "bowler": "KA Maharaj",
              "non_striker": "R Moonsamy",
              "runs": {
                "batter": 0,
                "extras": 0,
                "total": 0
              },
              "wickets": [
                {
                  "player_out": "H Klaasen",
                  "fielders": [
                    {
                      "name": "DJ Vilas"
                    }
                  ],
                  "kind": "stumped"
                }
              ]
            },
            {
              "batter": "D Wiese",
              "bowler": "KA Maharaj",
              "non_striker": "R Moonsamy",
              "runs": {
                "batter": 1,
                "extras": 0,
                "total": 1
              }
            },
            {
              "batter": "R Moonsamy",
              "bowler": "KA Maharaj",
              "non_striker": "D Wiese",
              "runs": {
                "batter": 0,
                "extras": 0,
                "total": 0
              }
            },
            {
              "batter": "R Moonsamy",
              "bowler": "KA Maharaj",
              "non_striker": "D Wiese",
              "runs": {
                "batter": 1,
                "extras": 0,
                "total": 1
              }
            },
            {
              "batter": "D Wiese",
              "bowler": "KA Maharaj",
              "non_striker": "R Moonsamy",
              "runs": {
                "batter": 0,
                "extras": 0,
                "total": 0
              }
            }
          ]
        },
        {
          "over": 9,
          "deliveries": [
            {
              "batter": "R Moonsamy",
              "bowler": "Imran Tahir",
              "non_striker": "D Wiese",
              "runs": {
                "batter": 4,
                "extras": 0,
                "total": 4
              }
            },
            {
              "batter": "R Moonsamy",
              "bowler": "Imran Tahir",
              "non_striker": "D Wiese",
              "runs": {
                "batter": 0,
                "extras": 0,
                "total": 0
              }
            },
            {
              "batter": "R Moonsamy",
              "bowler": "Imran Tahir",
              "non_striker": "D Wiese",
              "runs": {
                "batter": 0,
                "extras": 0,
                "total": 0
              }
            },
            {
              "batter": "R Moonsamy",
              "bowler": "Imran Tahir",
              "non_striker": "D Wiese",
              "runs": {
                "batter": 0,
                "extras": 0,
                "total": 0
              }
            },
            {
              "batter": "R Moonsamy",
              "bowler": "Imran Tahir",
              "non_striker": "D Wiese",
              "runs": {
                "batter": 1,
                "extras": 0,
                "total": 1
              }
            },
            {
              "batter": "D Wiese",
              "bowler": "Imran Tahir",
              "non_striker": "R Moonsamy",
              "runs": {
                "batter": 0,
                "extras": 0,
                "total": 0
              }
            }
          ]
        },
        {
          "over": 10,
          "deliveries": [
            {
              "batter": "R Moonsamy",
              "bowler": "KA Maharaj",
              "non_striker": "D Wiese",
              "runs": {
                "batter": 0,
                "extras": 0,
                "total": 0
              }
            },
            {
              "batter": "R Moonsamy",
              "bowler": "KA Maharaj",
              "non_striker": "D Wiese",
              "runs": {
                "batter": 1,
                "extras": 0,
                "total": 1
              }
            },
            {
              "batter": "D Wiese",
              "bowler": "KA Maharaj",
              "non_striker": "R Moonsamy",
              "runs": {
                "batter": 0,
                "extras": 0,
                "total": 0
              }
            },
            {
              "batter": "D Wiese",
              "bowler": "KA Maharaj",
              "non_striker": "R Moonsamy",
              "runs": {
                "batter": 1,
                "extras": 0,
                "total": 1
              }
            },
            {
              "batter": "R Moonsamy",
              "bowler": "KA Maharaj",
              "non_striker": "D Wiese",
              "runs": {
                "batter": 1,
                "extras": 0,
                "total": 1
              }
            },
            {
              "batter": "D Wiese",
              "bowler": "KA Maharaj",
              "non_striker": "R Moonsamy",
              "runs": {
                "batter": 1,
                "extras": 0,
                "total": 1
              }
            }
          ]
        },
        {
          "over": 11,
          "deliveries": [
            {
              "batter": "D Wiese",
              "bowler": "Imran Tahir",
              "non_striker": "R Moonsamy",
              "runs": {
                "batter": 0,
                "extras": 0,
                "total": 0
              }
            },
            {
              "batter": "D Wiese",
              "bowler": "Imran Tahir",
              "non_striker": "R Moonsamy",
              "runs": {
                "batter": 0,
                "extras": 0,
                "total": 0
              },
              "wickets": [
                {
                  "player_out": "D Wiese",
                  "kind": "caught and bowled"
                }
              ]
            },
            {
              "batter": "S von Berg",
              "bowler": "Imran Tahir",
              "non_striker": "R Moonsamy",
              "runs": {
                "batter": 1,
                "extras": 0,
                "total": 1
              }
            },
            {
              "batter": "R Moonsamy",
              "bowler": "Imran Tahir",
              "non_striker": "S von Berg",
              "runs": {
                "batter": 0,
                "extras": 0,
                "total": 0
              },
              "wickets": [
                {
                  "player_out": "R Moonsamy",
                  "fielders": [
                    {
                      "name": "DJ Vilas"
                    }
                  ],
                  "kind": "stumped"
                }
              ]
            },
            {
              "batter": "M Morkel",
              "bowler": "Imran Tahir",
              "non_striker": "S von Berg",
              "runs": {
                "batter": 1,
                "extras": 0,
                "total": 1
              }
            },
            {
              "batter": "S von Berg",
              "bowler": "Imran Tahir",
              "non_striker": "M Morkel",
              "runs": {
                "batter": 1,
                "extras": 0,
                "total": 1
              }
            }
          ]
        },
        {
          "over": 12,
          "deliveries": [
            {
              "batter": "S von Berg",
              "bowler": "KA Maharaj",
              "non_striker": "M Morkel",
              "runs": {
                "batter": 0,
                "extras": 0,
                "total": 0
              },
              "wickets": [
                {
                  "player_out": "S von Berg",
                  "kind": "lbw"
                }
              ]
            },
            {
              "batter": "CJ Dala",
              "bowler": "KA Maharaj",
              "non_striker": "M Morkel",
              "runs": {
                "batter": 0,
                "extras": 0,
                "total": 0
              }
            },
            {
              "batter": "CJ Dala",
              "bowler": "KA Maharaj",
              "non_striker": "M Morkel",
              "runs": {
                "batter": 1,
                "extras": 0,
                "total": 1
              }
            },
            {
              "batter": "M Morkel",
              "bowler": "KA Maharaj",
              "non_striker": "CJ Dala",
              "runs": {
                "batter": 0,
                "extras": 0,
                "total": 0
              }
            },
            {
              "batter": "M Morkel",
              "bowler": "KA Maharaj",
              "non_striker": "CJ Dala",
              "runs": {
                "batter": 6,
                "extras": 0,
                "total": 6
              }
            },
            {
              "batter": "M Morkel",
              "bowler": "KA Maharaj",
              "non_striker": "CJ Dala",
              "runs": {
                "batter": 1,
                "extras": 0,
                "total": 1
              }
            }
          ]
        },
        {
          "over": 13,
          "deliveries": [
            {
              "batter": "M Morkel",
              "bowler": "P Subrayen",
              "non_striker": "CJ Dala",
              "runs": {
                "batter": 1,
                "extras": 0,
                "total": 1
              }
            },
            {
              "batter": "CJ Dala",
              "bowler": "P Subrayen",
              "non_striker": "M Morkel",
              "runs": {
                "batter": 1,
                "extras": 0,
                "total": 1
              }
            },
            {
              "batter": "M Morkel",
              "bowler": "P Subrayen",
              "non_striker": "CJ Dala",
              "runs": {
                "batter": 0,
                "extras": 0,
                "total": 0
              },
              "wickets": [
                {
                  "player_out": "M Morkel",
                  "kind": "bowled"
                }
              ]
            },
            {
              "batter": "T Shamsi",
              "bowler": "P Subrayen",
              "non_striker": "CJ Dala",
              "runs": {
                "batter": 1,
                "extras": 0,
                "total": 1
              }
            },
            {
              "batter": "CJ Dala",
              "bowler": "P Subrayen",
              "non_striker": "T Shamsi",
              "runs": {
                "batter": 1,
                "extras": 0,
                "total": 1
              }
            },
            {
              "batter": "T Shamsi",
              "bowler": "P Subrayen",
              "non_striker": "CJ Dala",
              "runs": {
                "batter": 0,
                "extras": 0,
                "total": 0
              }
            }
          ]
        },
        {
          "over": 14,
          "deliveries": [
            {
              "batter": "CJ Dala",
              "bowler": "AL Phehlukwayo",
              "non_striker": "T Shamsi",
              "runs": {
                "batter": 1,
                "extras": 0,
                "total": 1
              }
            },
            {
              "batter": "T Shamsi",
              "bowler": "AL Phehlukwayo",
              "non_striker": "CJ Dala",
              "runs": {
                "batter": 0,
                "extras": 0,
                "total": 0
              }
            },
            {
              "batter": "T Shamsi",
              "bowler": "AL Phehlukwayo",
              "extras": {
                "legbyes": 1
              },
              "non_striker": "CJ Dala",
              "runs": {
                "batter": 0,
                "extras": 1,
                "total": 1
              }
            },
            {
              "batter": "CJ Dala",
              "bowler": "AL Phehlukwayo",
              "non_striker": "T Shamsi",
              "runs": {
                "batter": 0,
                "extras": 0,
                "total": 0
              },
              "wickets": [
                {
                  "player_out": "CJ Dala",
                  "fielders": [
                    {
                      "name": "Imran Tahir"
                    }
                  ],
                  "kind": "caught"
                }
              ]
            },
            {
              "batter": "SA Mothoa",
              "bowler": "AL Phehlukwayo",
              "non_striker": "T Shamsi",
              "runs": {
                "batter": 1,
                "extras": 0,
                "total": 1
              }
            },
            {
              "batter": "T Shamsi",
              "bowler": "AL Phehlukwayo",
              "non_striker": "SA Mothoa",
              "runs": {
                "batter": 1,
                "extras": 0,
                "total": 1
              }
            }
          ]
        },
        {
          "over": 15,
          "deliveries": [
            {
              "batter": "T Shamsi",
              "bowler": "P Subrayen",
              "non_striker": "SA Mothoa",
              "runs": {
                "batter": 6,
                "extras": 0,
                "total": 6
              }
            },
            {
              "batter": "T Shamsi",
              "bowler": "P Subrayen",
              "non_striker": "SA Mothoa",
              "runs": {
                "batter": 0,
                "extras": 0,
                "total": 0
              }
            },
            {
              "batter": "T Shamsi",
              "bowler": "P Subrayen",
              "non_striker": "SA Mothoa",
              "runs": {
                "batter": 0,
                "extras": 0,
                "total": 0
              }
            },
            {
              "batter": "T Shamsi",
              "bowler": "P Subrayen",
              "non_striker": "SA Mothoa",
              "runs": {
                "batter": 1,
                "extras": 0,
                "total": 1
              }
            },
            {
              "batter": "SA Mothoa",
              "bowler": "P Subrayen",
              "non_striker": "T Shamsi",
              "runs": {
                "batter": 0,
                "extras": 0,
                "total": 0
              }
            },
            {
              "batter": "SA Mothoa",
              "bowler": "P Subrayen",
              "non_striker": "T Shamsi",
              "runs": {
                "batter": 0,
                "extras": 0,
                "total": 0
              }
            }
          ]
        },
        {
          "over": 16,
          "deliveries": [
            {
              "batter": "T Shamsi",
              "bowler": "AL Phehlukwayo",
              "non_striker": "SA Mothoa",
              "runs": {
                "batter": 0,
                "extras": 0,
                "total": 0
              }
            },
            {
              "batter": "T Shamsi",
              "bowler": "AL Phehlukwayo",
              "non_striker": "SA Mothoa",
              "runs": {
                "batter": 0,
                "extras": 0,
                "total": 0
              }
            },
            {
              "batter": "T Shamsi",
              "bowler": "AL Phehlukwayo",
              "non_striker": "SA Mothoa",
              "runs": {
                "batter": 0,
                "extras": 0,
                "total": 0
              }
            },
            {
              "batter": "T Shamsi",
              "bowler": "AL Phehlukwayo",
              "non_striker": "SA Mothoa",
              "runs": {
                "batter": 0,
                "extras": 0,
                "total": 0
              }
            },
            {
              "batter": "T Shamsi",
              "bowler": "AL Phehlukwayo",
              "non_striker": "SA Mothoa",
              "runs": {
                "batter": 1,
                "extras": 0,
                "total": 1
              }
            },
            {
              "batter": "SA Mothoa",
              "bowler": "AL Phehlukwayo",
              "non_striker": "T Shamsi",
              "runs": {
                "batter": 4,
                "extras": 0,
                "total": 4
              }
            }
          ]
        },
        {
          "over": 17,
          "deliveries": [
            {
              "batter": "T Shamsi",
              "bowler": "K Zondo",
              "non_striker": "SA Mothoa",
              "runs": {
                "batter": 0,
                "extras": 0,
                "total": 0
              }
            },
            {
              "batter": "T Shamsi",
              "bowler": "K Zondo",
              "non_striker": "SA Mothoa",
              "runs": {
                "batter": 1,
                "extras": 0,
                "total": 1
              }
            },
            {
              "batter": "SA Mothoa",
              "bowler": "K Zondo",
              "non_striker": "T Shamsi",
              "runs": {
                "batter": 1,
                "extras": 0,
                "total": 1
              }
            },
            {
              "batter": "T Shamsi",
              "bowler": "K Zondo",
              "non_striker": "SA Mothoa",
              "runs": {
                "batter": 1,
                "extras": 0,
                "total": 1
              }
            },
            {
              "batter": "SA Mothoa",
              "bowler": "K Zondo",
              "non_striker": "T Shamsi",
              "runs": {
                "batter": 1,
                "extras": 0,
                "total": 1
              }
            },
            {
              "batter": "T Shamsi",
              "bowler": "K Zondo",
              "non_striker": "SA Mothoa",
              "runs": {
                "batter": 1,
                "extras": 0,
                "total": 1
              }
            }
          ]
        },
        {
          "over": 18,
          "deliveries": [
            {
              "batter": "T Shamsi",
              "bowler": "AL Phehlukwayo",
              "non_striker": "SA Mothoa",
              "runs": {
                "batter": 1,
                "extras": 0,
                "total": 1
              }
            },
            {
              "batter": "SA Mothoa",
              "bowler": "AL Phehlukwayo",
              "non_striker": "T Shamsi",
              "runs": {
                "batter": 0,
                "extras": 0,
                "total": 0
              }
            },
            {
              "batter": "SA Mothoa",
              "bowler": "AL Phehlukwayo",
              "non_striker": "T Shamsi",
              "runs": {
                "batter": 0,
                "extras": 0,
                "total": 0
              }
            },
            {
              "batter": "SA Mothoa",
              "bowler": "AL Phehlukwayo",
              "extras": {
                "wides": 1
              },
              "non_striker": "T Shamsi",
              "runs": {
                "batter": 0,
                "extras": 1,
                "total": 1
              }
            },
            {
              "batter": "SA Mothoa",
              "bowler": "AL Phehlukwayo",
              "extras": {
                "legbyes": 1
              },
              "non_striker": "T Shamsi",
              "runs": {
                "batter": 0,
                "extras": 1,
                "total": 1
              }
            },
            {
              "batter": "T Shamsi",
              "bowler": "AL Phehlukwayo",
              "non_striker": "SA Mothoa",
              "runs": {
                "batter": 1,
                "extras": 0,
                "total": 1
              }
            },
            {
              "batter": "SA Mothoa",
              "bowler": "AL Phehlukwayo",
              "non_striker": "T Shamsi",
              "runs": {
                "batter": 1,
                "extras": 0,
                "total": 1
              }
            }
          ]
        },
        {
          "over": 19,
          "deliveries": [
            {
              "batter": "SA Mothoa",
              "bowler": "K Zondo",
              "non_striker": "T Shamsi",
              "runs": {
                "batter": 0,
                "extras": 0,
                "total": 0
              }
            },
            {
              "batter": "SA Mothoa",
              "bowler": "K Zondo",
              "non_striker": "T Shamsi",
              "runs": {
                "batter": 0,
                "extras": 0,
                "total": 0
              }
            },
            {
              "batter": "SA Mothoa",
              "bowler": "K Zondo",
              "non_striker": "T Shamsi",
              "runs": {
                "batter": 0,
                "extras": 0,
                "total": 0
              }
            },
            {
              "batter": "SA Mothoa",
              "bowler": "K Zondo",
              "non_striker": "T Shamsi",
              "runs": {
                "batter": 0,
                "extras": 0,
                "total": 0
              },
              "wickets": [
                {
                  "player_out": "SA Mothoa",
                  "kind": "lbw"
                }
              ]
            }
          ]
        }
      ],
      "powerplays": [
        {
          "from": 0.1,
          "to": 5.6,
          "type": "mandatory"
        }
      ],
      "target": {
        "overs": 20,
        "runs": 169
      }
    }
  ]
}