{
  "meta": {
    "data_version": "1.1.0",
    "created": "2022-03-31",
    "revision": 1
  },
  "info": {
    "balls_per_over": 6,
    "city": "East London",
    "dates": [
      "2017-11-17"
    ],
    "event": {
      "name": "Ram Slam T20 Challenge",
      "match_number": 5
    },
    "gender": "male",
    "match_type": "T20",
    "officials": {
      "match_referees": [
        "GH Pienaar"
      ],
      "reserve_umpires": [
        "CD Isaacs"
      ],
      "umpires": [
        "DJ Smith",
        "MW Brown"
      ]
    },
    "outcome": {
      "winner": "Titans",
      "by": {
        "runs": 61
      }
    },
    "overs": 20,
    "player_of_match": [
      "F Behardien",
      "L Ngidi"
    ],
    "players": {
      "Titans": [
        "Q de Kock",
        "H Davids",
        "AK Markram",
        "D Elgar",
        "F Behardien",
        "JA Morkel",
        "CJ Dala",
        "L Ngidi",
        "T Shamsi",
        "MP Siboto",
        "DW Steyn"
      ],
      "Warriors": [
        "JT Smuts",
        "GL Cloete",
        "CN Ackermann",
        "KR Smuts",
        "C Jonker",
        "MJ Nqolo",
        "SSN Nqweni",
        "ACR Birch",
        "SSB Magala",
        "A Gqamane",
        "BD Walters"
      ]
    },
    "registry": {
      "people": {
        "A Gqamane": "a83c44b8",
        "ACR Birch": "9df3a2f4",
        "AK Markram": "6a26221c",
        "BD Walters": "1e182ae2",
        "C Jonker": "a81d6706",
        "CD Isaacs": "c0215bbd",
        "CJ Dala": "1cb14aa4",
        "CN Ackermann": "e734d090",
        "D Elgar": "33085ffb",
        "DJ Smith": "d17bec15",
        "DW Steyn": "8fd1a8f5",
        "F Behardien": "dce2019b",
        "GH Pienaar": "3516e46b",
        "GL Cloete": "3bf40832",
        "H Davids": "9c9f8dbc",
        "JA Morkel": "c3d35165",
        "JT Smuts": "42172c3c",
        "KR Smuts": "ab446fe9",
        "L Ngidi": "f834dcfc",
        "MJ Nqolo": "af917dde",
        "MP Siboto": "9d50c7e1",
        "MW Brown": "d83d7796",
        "Q de Kock": "372455c4",
        "SSB Magala": "8361e524",
        "SSN Nqweni": "179bea21",
        "T Shamsi": "a03bba42"
      }
    },
    "season": "2017/18",
    "team_type": "club",
    "teams": [
      "Titans",
      "Warriors"
    ],
    "toss": {
      "decision": "field",
      "winner": "Warriors"
    },
    "venue": "Buffalo Park, East London"
  },
  "innings": [
    {
      "team": "Titans",
      "overs": [
        {
          "over": 0,
          "deliveries": [
            {
              "batter": "Q de Kock",
              "bowler": "ACR Birch",
              "non_striker": "H Davids",
              "runs": {
                "batter": 0,
                "extras": 0,
                "total": 0
              }
            },
            {
              "batter": "Q de Kock",
              "bowler": "ACR Birch",
              "non_striker": "H Davids",
              "runs": {
                "batter": 1,
                "extras": 0,
                "total": 1
              }
            },
            {
              "batter": "H Davids",
              "bowler": "ACR Birch",
              "non_striker": "Q de Kock",
              "runs": {
                "batter": 1,
                "extras": 0,
                "total": 1
              }
            },
            {
              "batter": "Q de Kock",
              "bowler": "ACR Birch",
              "non_striker": "H Davids",
              "runs": {
                "batter": 0,
                "extras": 0,
                "total": 0
              }
            },
            {
              "batter": "Q de Kock",
              "bowler": "ACR Birch",
              "non_striker": "H Davids",
              "runs": {
                "batter": 0,
                "extras": 0,
                "total": 0
              }
            },
            {
              "batter": "Q de Kock",
              "bowler": "ACR Birch",
              "non_striker": "H Davids",
              "runs": {
                "batter": 0,
                "extras": 0,
                "total": 0
              }
            }
          ]
        },
        {
          "over": 1,
          "deliveries": [
            {
              "batter": "H Davids",
              "bowler": "BD Walters",
              "non_striker": "Q de Kock",
              "runs": {
                "batter": 0,
                "extras": 0,
                "total": 0
              }
            },
            {
              "batter": "H Davids",
              "bowler": "BD Walters",
              "non_striker": "Q de Kock",
              "runs": {
                "batter": 0,
                "extras": 0,
                "total": 0
              },
              "wickets": [
                {
                  "player_out": "H Davids",
                  "fielders": [
                    {
                      "name": "JT Smuts"
                    }
                  ],
                  "kind": "caught"
                }
              ]
            },
            {
              "batter": "AK Markram",
              "bowler": "BD Walters",
              "non_striker": "Q de Kock",
              "runs": {
                "batter": 0,
                "extras": 0,
                "total": 0
              }
            },
            {
              "batter": "AK Markram",
              "bowler": "BD Walters",
              "non_striker": "Q de Kock",
              "runs": {
                "batter": 0,
                "extras": 0,
                "total": 0
              }
            },
            {
              "batter": "AK Markram",
              "bowler": "BD Walters",
              "non_striker": "Q de Kock",
              "runs": {
                "batter": 0,
                "extras": 0,
                "total": 0
              }
            },
            {
              "batter": "AK Markram",
              "bowler": "BD Walters",
              "non_striker": "Q de Kock",
              "runs": {
                "batter": 0,
                "extras": 0,
                "total": 0
              }
            }
          ]
        },
        {
          "over": 2,
          "deliveries": [
            {
              "batter": "Q de Kock",
              "bowler": "ACR Birch",
              "non_striker": "AK Markram",
              "runs": {
                "batter": 0,
                "extras": 0,
                "total": 0
              }
            },
            {
              "batter": "Q de Kock",
              "bowler": "ACR Birch",
              "non_striker": "AK Markram",
              "runs": {
                "batter": 0,
                "extras": 0,
                "total": 0
              }
            },
            {
              "batter": "Q de Kock",
              "bowler": "ACR Birch",
              "non_striker": "AK Markram",
              "runs": {
                "batter": 1,
                "extras": 0,
                "total": 1
              }
            },
            {
              "batter": "AK Markram",
              "bowler": "ACR Birch",
              "non_striker": "Q de Kock",
              "runs": {
                "batter": 0,
                "extras": 0,
                "total": 0
              }
            },
            {
              "batter": "AK Markram",
              "bowler": "ACR Birch",
              "non_striker": "Q de Kock",
              "runs": {
                "batter": 1,
                "extras": 0,
                "total": 1
              }
            },
            {
              "batter": "Q de Kock",
              "bowler": "ACR Birch",
              "non_striker": "AK Markram",
              "runs": {
                "batter": 1,
                "extras": 0,
                "total": 1
              }
            }
          ]
        },
        {
          "over": 3,
          "deliveries": [
            {
              "batter": "Q de Kock",
              "bowler": "SSB Magala",
              "non_striker": "AK Markram",
              "runs": {
                "batter": 0,
                "extras": 0,
                "total": 0
              }
            },
            {
              "batter": "Q de Kock",
              "bowler": "SSB Magala",
              "non_striker": "AK Markram",
              "runs": {
                "batter": 4,
                "extras": 0,
                "total": 4
              }
            },
            {
              "batter": "Q de Kock",
              "bowler": "SSB Magala",
              "non_striker": "AK Markram",
              "runs": {
                "batter": 0,
                "extras": 0,
                "total": 0
              },
              "wickets": [
                {
                  "player_out": "Q de Kock",
                  "fielders": [
                    {
                      "name": "BD Walters"
                    }
                  ],
                  "kind": "caught"
                }
              ]
            },
            {
              "batter": "AK Markram",
              "bowler": "SSB Magala",
              "non_striker": "D Elgar",
              "runs": {
                "batter": 1,
                "extras": 0,
                "total": 1
              }
            },
            {
              "batter": "D Elgar",
              "bowler": "SSB Magala",
              "non_striker": "AK Markram",
              "runs": {
                "batter": 1,
                "extras": 0,
                "total": 1
              }
            },
            {
              "batter": "AK Markram",
              "bowler": "SSB Magala",
              "non_striker": "D Elgar",
              "runs": {
                "batter": 0,
                "extras": 0,
                "total": 0
              }
            }
          ]
        },
        {
          "over": 4,
          "deliveries": [
            {
              "batter": "D Elgar",
              "bowler": "BD Walters",
              "non_striker": "AK Markram",
              "runs": {
                "batter": 0,
                "extras": 0,
                "total": 0
              }
            },
            {
              "batter": "D Elgar",
              "bowler": "BD Walters",
              "non_striker": "AK Markram",
              "runs": {
                "batter": 0,
                "extras": 0,
                "total": 0
              }
            },
            {
              "batter": "D Elgar",
              "bowler": "BD Walters",
              "non_striker": "AK Markram",
              "runs": {
                "batter": 2,
                "extras": 0,
                "total": 2
              }
            },
            {
              "batter": "D Elgar",
              "bowler": "BD Walters",
              "non_striker": "AK Markram",
              "runs": {
                "batter": 0,
                "extras": 0,
                "total": 0
              }
            },
            {
              "batter": "D Elgar",
              "bowler": "BD Walters",
              "non_striker": "AK Markram",
              "runs": {
                "batter": 0,
                "extras": 0,
                "total": 0
              }
            },
            {
              "batter": "D Elgar",
              "bowler": "BD Walters",
              "non_striker": "AK Markram",
              "runs": {
                "batter": 0,
                "extras": 0,
                "total": 0
              }
            }
          ]
        },
        {
          "over": 5,
          "deliveries": [
            {
              "batter": "AK Markram",
              "bowler": "SSB Magala",
              "non_striker": "D Elgar",
              "runs": {
                "batter": 4,
                "extras": 0,
                "total": 4
              }
            },
            {
              "batter": "AK Markram",
              "bowler": "SSB Magala",
              "non_striker": "D Elgar",
              "runs": {
                "batter": 1,
                "extras": 0,
                "total": 1
              }
            },
            {
              "batter": "D Elgar",
              "bowler": "SSB Magala",
              "non_striker": "AK Markram",
              "runs": {
                "batter": 0,
                "extras": 0,
                "total": 0
              }
            },
            {
              "batter": "D Elgar",
              "bowler": "SSB Magala",
              "non_striker": "AK Markram",
              "runs": {
                "batter": 6,
                "extras": 0,
                "total": 6
              }
            },
            {
              "batter": "D Elgar",
              "bowler": "SSB Magala",
              "non_striker": "AK Markram",
              "runs": {
                "batter": 1,
                "extras": 0,
                "total": 1
              }
            },
            {
              "batter": "AK Markram",
              "bowler": "SSB Magala",
              "non_striker": "D Elgar",
              "runs": {
                "batter": 1,
                "extras": 0,
                "total": 1
              }
            }
          ]
        },
        {
          "over": 6,
          "deliveries": [
            {
              "batter": "AK Markram",
              "bowler": "CN Ackermann",
              "non_striker": "D Elgar",
              "runs": {
                "batter": 1,
                "extras": 0,
                "total": 1
              }
            },
            {
              "batter": "D Elgar",
              "bowler": "CN Ackermann",
              "non_striker": "AK Markram",
              "runs": {
                "batter": 1,
                "extras": 0,
                "total": 1
              }
            },
            {
              "batter": "AK Markram",
              "bowler": "CN Ackermann",
              "non_striker": "D Elgar",
              "runs": {
                "batter": 2,
                "extras": 0,
                "total": 2
              }
            },
            {
              "batter": "AK Markram",
              "bowler": "CN Ackermann",
              "non_striker": "D Elgar",
              "runs": {
                "batter": 1,
                "extras": 0,
                "total": 1
              }
            },
            {
              "batter": "D Elgar",
              "bowler": "CN Ackermann",
              "non_striker": "AK Markram",
              "runs": {
                "batter": 2,
                "extras": 0,
                "total": 2
              }
            },
            {
              "batter": "D Elgar",
              "bowler": "CN Ackermann",
              "non_striker": "AK Markram",
              "runs": {
                "batter": 1,
                "extras": 0,
                "total": 1
              }
            }
          ]
        },
        {
          "over": 7,
          "deliveries": [
            {
              "batter": "D Elgar",
              "bowler": "JT Smuts",
              "non_striker": "AK Markram",
              "runs": {
                "batter": 0,
                "extras": 0,
                "total": 0
              }
            },
            {
              "batter": "D Elgar",
              "bowler": "JT Smuts",
              "non_striker": "AK Markram",
              "runs": {
                "batter": 1,
                "extras": 0,
                "total": 1
              }
            },
            {
              "batter": "AK Markram",
              "bowler": "JT Smuts",
              "non_striker": "D Elgar",
              "runs": {
                "batter": 1,
                "extras": 0,
                "total": 1
              }
            },
            {
              "batter": "D Elgar",
              "bowler": "JT Smuts",
              "non_striker": "AK Markram",
              "runs": {
                "batter": 1,
                "extras": 0,
                "total": 1
              }
            },
            {
              "batter": "AK Markram",
              "bowler": "JT Smuts",
              "non_striker": "D Elgar",
              "runs": {
                "batter": 2,
                "extras": 0,
                "total": 2
              }
            },
            {
              "batter": "AK Markram",
              "bowler": "JT Smuts",
              "non_striker": "D Elgar",
              "runs": {
                "batter": 1,
                "extras": 0,
                "total": 1
              }
            }
          ]
        },
        {
          "over": 8,
          "deliveries": [
            {
              "batter": "AK Markram",
              "bowler": "CN Ackermann",
              "non_striker": "D Elgar",
              "runs": {
                "batter": 6,
                "extras": 0,
                "total": 6
              }
            },
            {
              "batter": "AK Markram",
              "bowler": "CN Ackermann",
              "non_striker": "D Elgar",
              "runs": {
                "batter": 1,
                "extras": 0,
                "total": 1
              }
            },
            {
              "batter": "D Elgar",
              "bowler": "CN Ackermann",
              "non_striker": "AK Markram",
              "runs": {
                "batter": 1,
                "extras": 0,
                "total": 1
              }
            },
            {
              "batter": "AK Markram",
              "bowler": "CN Ackermann",
              "non_striker": "D Elgar",
              "runs": {
                "batter": 1,
                "extras": 0,
                "total": 1
              }
            },
            {
              "batter": "D Elgar",
              "bowler": "CN Ackermann",
              "non_striker": "AK Markram",
              "runs": {
                "batter": 1,
                "extras": 0,
                "total": 1
              }
            },
            {
              "batter": "AK Markram",
              "bowler": "CN Ackermann",
              "non_striker": "D Elgar",
              "runs": {
                "batter": 0,
                "extras": 0,
                "total": 0
              }
            }
          ]
        },
        {
          "over": 9,
          "deliveries": [
            {
              "batter": "D Elgar",
              "bowler": "JT Smuts",
              "non_striker": "AK Markram",
              "runs": {
                "batter": 6,
                "extras": 0,
                "total": 6
              }
            },
            {
              "batter": "D Elgar",
              "bowler": "JT Smuts",
              "non_striker": "AK Markram",
              "runs": {
                "batter": 2,
                "extras": 0,
                "total": 2
              }
            },
            {
              "batter": "D Elgar",
              "bowler": "JT Smuts",
              "non_striker": "AK Markram",
              "runs": {
                "batter": 0,
                "extras": 0,
                "total": 0
              }
            },
            {
              "batter": "D Elgar",
              "bowler": "JT Smuts",
              "non_striker": "AK Markram",
              "runs": {
                "batter": 6,
                "extras": 0,
                "total": 6
              }
            },
            {
              "batter": "D Elgar",
              "bowler": "JT Smuts",
              "non_striker": "AK Markram",
              "runs": {
                "batter": 1,
                "extras": 0,
                "total": 1
              }
            },
            {
              "batter": "AK Markram",
              "bowler": "JT Smuts",
              "non_striker": "D Elgar",
              "runs": {
                "batter": 1,
                "extras": 0,
                "total": 1
              }
            }
          ]
        },
        {
          "over": 10,
          "deliveries": [
            {
              "batter": "AK Markram",
              "bowler": "SSN Nqweni",
              "non_striker": "D Elgar",
              "runs": {
                "batter": 1,
                "extras": 0,
                "total": 1
              }
            },
            {
              "batter": "D Elgar",
              "bowler": "SSN Nqweni",
              "non_striker": "AK Markram",
              "runs": {
                "batter": 1,
                "extras": 0,
                "total": 1
              }
            },
            {
              "batter": "AK Markram",
              "bowler": "SSN Nqweni",
              "non_striker": "D Elgar",
              "runs": {
                "batter": 2,
                "extras": 0,
                "total": 2
              }
            },
            {
              "batter": "AK Markram",
              "bowler": "SSN Nqweni",
              "non_striker": "D Elgar",
              "runs": {
                "batter": 1,
                "extras": 0,
                "total": 1
              }
            },
            {
              "batter": "D Elgar",
              "bowler": "SSN Nqweni",
              "non_striker": "AK Markram",
              "runs": {
                "batter": 0,
                "extras": 0,
                "total": 0
              },
              "wickets": [
                {
                  "player_out": "D Elgar",
                  "fielders": [
                    {
                      "name": "SSB Magala"
                    }
                  ],
                  "kind": "caught"
                }
              ]
            },
            {
              "batter": "AK Markram",
              "bowler": "SSN Nqweni",
              "non_striker": "F Behardien",
              "runs": {
                "batter": 2,
                "extras": 0,
                "total": 2
              }
            }
          ]
        },
        {
          "over": 11,
          "deliveries": [
            {
              "batter": "F Behardien",
              "bowler": "A Gqamane",
              "non_striker": "AK Markram",
              "runs": {
                "batter": 1,
                "extras": 0,
                "total": 1
              }
            },
            {
              "batter": "AK Markram",
              "bowler": "A Gqamane",
              "non_striker": "F Behardien",
              "runs": {
                "batter": 6,
                "extras": 0,
                "total": 6
              }
            },
            {
              "batter": "AK Markram",
              "bowler": "A Gqamane",
              "non_striker": "F Behardien",
              "runs": {
                "batter": 4,
                "extras": 0,
                "total": 4
              }
            },
            {
              "batter": "AK Markram",
              "bowler": "A Gqamane",
              "non_striker": "F Behardien",
              "runs": {
                "batter": 1,
                "extras": 0,
                "total": 1
              }
            },
            {
              "batter": "F Behardien",
              "bowler": "A Gqamane",
              "non_striker": "AK Markram",
              "runs": {
                "batter": 1,
                "extras": 0,
                "total": 1
              }
            },
            {
              "batter": "AK Markram",
              "bowler": "A Gqamane",
              "non_striker": "F Behardien",
              "runs": {
                "batter": 1,
                "extras": 0,
                "total": 1
              }
            }
          ]
        },
        {
          "over": 12,
          "deliveries": [
            {
              "batter": "AK Markram",
              "bowler": "KR Smuts",
              "non_striker": "F Behardien",
              "runs": {
                "batter": 2,
                "extras": 0,
                "total": 2
              }
            },
            {
              "batter": "AK Markram",
              "bowler": "KR Smuts",
              "non_striker": "F Behardien",
              "runs": {
                "batter": 0,
                "extras": 0,
                "total": 0
              },
              "wickets": [
                {
                  "player_out": "AK Markram",
                  "kind": "caught and bowled"
                }
              ]
            },
            {
              "batter": "JA Morkel",
              "bowler": "KR Smuts",
              "non_striker": "F Behardien",
              "runs": {
                "batter": 1,
                "extras": 0,
                "total": 1
              }
            },
            {
              "batter": "F Behardien",
              "bowler": "KR Smuts",
              "non_striker": "JA Morkel",
              "runs": {
                "batter": 1,
                "extras": 0,
                "total": 1
              }
            },
            {
              "batter": "JA Morkel",
              "bowler": "KR Smuts",
              "non_striker": "F Behardien",
              "runs": {
                "batter": 1,
                "extras": 0,
                "total": 1
              }
            },
            {
              "batter": "F Behardien",
              "bowler": "KR Smuts",
              "non_striker": "JA Morkel",
              "runs": {
                "batter": 1,
                "extras": 0,
                "total": 1
              }
            }
          ]
        },
        {
          "over": 13,
          "deliveries": [
            {
              "batter": "F Behardien",
              "bowler": "ACR Birch",
              "non_striker": "JA Morkel",
              "runs": {
                "batter": 1,
                "extras": 0,
                "total": 1
              }
            },
            {
              "batter": "JA Morkel",
              "bowler": "ACR Birch",
              "non_striker": "F Behardien",
              "runs": {
                "batter": 1,
                "extras": 0,
                "total": 1
              }
            },
            {
              "batter": "F Behardien",
              "bowler": "ACR Birch",
              "non_striker": "JA Morkel",
              "runs": {
                "batter": 1,
                "extras": 0,
                "total": 1
              }
            },
            {
              "batter": "JA Morkel",
              "bowler": "ACR Birch",
              "non_striker": "F Behardien",
              "runs": {
                "batter": 2,
                "extras": 0,
                "total": 2
              }
            },
            {
              "batter": "JA Morkel",
              "bowler": "ACR Birch",
              "non_striker": "F Behardien",
              "runs": {
                "batter": 1,
                "extras": 0,
                "total": 1
              }
            },
            {
              "batter": "F Behardien",
              "bowler": "ACR Birch",
              "non_striker": "JA Morkel",
              "runs": {
                "batter": 1,
                "extras": 0,
                "total": 1
              }
            }
          ]
        },
        {
          "over": 14,
          "deliveries": [
            {
              "batter": "F Behardien",
              "bowler": "SSN Nqweni",
              "non_striker": "JA Morkel",
              "runs": {
                "batter": 1,
                "extras": 0,
                "total": 1
              }
            },
            {
              "batter": "JA Morkel",
              "bowler": "SSN Nqweni",
              "non_striker": "F Behardien",
              "runs": {
                "batter": 1,
                "extras": 0,
                "total": 1
              }
            },
            {
              "batter": "F Behardien",
              "bowler": "SSN Nqweni",
              "non_striker": "JA Morkel",
              "runs": {
                "batter": 1,
                "extras": 0,
                "total": 1
              }
            },
            {
              "batter": "JA Morkel",
              "bowler": "SSN Nqweni",
              "non_striker": "F Behardien",
              "runs": {
                "batter": 1,
                "extras": 0,
                "total": 1
              }
            },
            {
              "batter": "F Behardien",
              "bowler": "SSN Nqweni",
              "non_striker": "JA Morkel",
              "runs": {
                "batter": 1,
                "extras": 0,
                "total": 1
              }
            },
            {
              "batter": "JA Morkel",
              "bowler": "SSN Nqweni",
              "non_striker": "F Behardien",
              "runs": {
                "batter": 6,
                "extras": 0,
                "total": 6
              }
            }
          ]
        },
        {
          "over": 15,
          "deliveries": [
            {
              "batter": "F Behardien",
              "bowler": "BD Walters",
              "non_striker": "JA Morkel",
              "runs": {
                "batter": 1,
                "extras": 0,
                "total": 1
              }
            },
            {
              "batter": "JA Morkel",
              "bowler": "BD Walters",
              "non_striker": "F Behardien",
              "runs": {
                "batter": 0,
                "extras": 0,
                "total": 0
              }
            },
            {
              "batter": "JA Morkel",
              "bowler": "BD Walters",
              "non_striker": "F Behardien",
              "runs": {
                "batter": 0,
                "extras": 0,
                "total": 0
              }
            },
            {
              "batter": "JA Morkel",
              "bowler": "BD Walters",
              "non_striker": "F Behardien",
              "runs": {
                "batter": 1,
                "extras": 0,
                "total": 1
              }
            },
            {
              "batter": "F Behardien",
              "bowler": "BD Walters",
              "non_striker": "JA Morkel",
              "runs": {
                "batter": 1,
                "extras": 0,
                "total": 1
              }
            },
            {
              "batter": "JA Morkel",
              "bowler": "BD Walters",
              "non_striker": "F Behardien",
              "runs": {
                "batter": 0,
                "extras": 0,
                "total": 0
              }
            }
          ]
        },
        {
          "over": 16,
          "deliveries": [
            {
              "batter": "F Behardien",
              "bowler": "ACR Birch",
              "non_striker": "JA Morkel",
              "runs": {
                "batter": 1,
                "extras": 0,
                "total": 1
              }
            },
            {
              "batter": "JA Morkel",
              "bowler": "ACR Birch",
              "non_striker": "F Behardien",
              "runs": {
                "batter": 4,
                "extras": 0,
                "total": 4
              }
            },
            {
              "batter": "JA Morkel",
              "bowler": "ACR Birch",
              "extras": {
                "wides": 1
              },
              "non_striker": "F Behardien",
              "runs": {
                "batter": 0,
                "extras": 1,
                "total": 1
              }
            },
            {
              "batter": "JA Morkel",
              "bowler": "ACR Birch",
              "non_striker": "F Behardien",
              "runs": {
                "batter": 2,
                "extras": 0,
                "total": 2
              }
            },
            {
              "batter": "JA Morkel",
              "bowler": "ACR Birch",
              "non_striker": "F Behardien",
              "runs": {
                "batter": 1,
                "extras": 0,
                "total": 1
              }
            },
            {
              "batter": "F Behardien",
              "bowler": "ACR Birch",
              "non_striker": "JA Morkel",
              "runs": {
                "batter": 1,
                "extras": 0,
                "total": 1
              }
            },
            {
              "batter": "JA Morkel",
              "bowler": "ACR Birch",
              "extras": {
                "legbyes": 1
              },
              "non_striker": "F Behardien",
              "runs": {
                "batter": 0,
                "extras": 1,
                "total": 1
              }
            }
          ]
        },
        {
          "over": 17,
          "deliveries": [
            {
              "batter": "JA Morkel",
              "bowler": "SSB Magala",
              "non_striker": "F Behardien",
              "runs": {
                "batter": 6,
                "extras": 0,
                "total": 6
              }
            },
            {
              "batter": "JA Morkel",
              "bowler": "SSB Magala",
              "extras": {
                "wides": 1
              },
              "non_striker": "F Behardien",
              "runs": {
                "batter": 0,
                "extras": 1,
                "total": 1
              }
            },
            {
              "batter": "JA Morkel",
              "bowler": "SSB Magala",
              "extras": {
                "wides": 2
              },
              "non_striker": "F Behardien",
              "runs": {
                "batter": 0,
                "extras": 2,
                "total": 2
              }
            },
            {
              "batter": "F Behardien",
              "bowler": "SSB Magala",
              "non_striker": "JA Morkel",
              "runs": {
                "batter": 1,
                "extras": 0,
                "total": 1
              }
            },
            {
              "batter": "JA Morkel",
              "bowler": "SSB Magala",
              "non_striker": "F Behardien",
              "runs": {
                "batter": 1,
                "extras": 0,
                "total": 1
              }
            },
            {
              "batter": "F Behardien",
              "bowler": "SSB Magala",
              "non_striker": "JA Morkel",
              "runs": {
                "batter": 4,
                "extras": 0,
                "total": 4
              }
            },
            {
              "batter": "F Behardien",
              "bowler": "SSB Magala",
              "non_striker": "JA Morkel",
              "runs": {
                "batter": 1,
                "extras": 0,
                "total": 1
              }
            },
            {
              "batter": "JA Morkel",
              "bowler": "SSB Magala",
              "extras": {
                "legbyes": 1
              },
              "non_striker": "F Behardien",
              "runs": {
                "batter": 0,
                "extras": 1,
                "total": 1
              }
            }
          ]
        },
        {
          "over": 18,
          "deliveries": [
            {
              "batter": "JA Morkel",
              "bowler": "BD Walters",
              "extras": {
                "byes": 1
              },
              "non_striker": "F Behardien",
              "runs": {
                "batter": 0,
                "extras": 1,
                "total": 1
              }
            },
            {
              "batter": "F Behardien",
              "bowler": "BD Walters",
              "non_striker": "JA Morkel",
              "runs": {
                "batter": 4,
                "extras": 0,
                "total": 4
              }
            },
            {
              "batter": "F Behardien",
              "bowler": "BD Walters",
              "non_striker": "JA Morkel",
              "runs": {
                "batter": 1,
                "extras": 0,
                "total": 1
              }
            },
            {
              "batter": "JA Morkel",
              "bowler": "BD Walters",
              "non_striker": "F Behardien",
              "runs": {
                "batter": 0,
                "extras": 0,
                "total": 0
              }
            },
            {
              "batter": "JA Morkel",
              "bowler": "BD Walters",
              "non_striker": "F Behardien",
              "runs": {
                "batter": 1,
                "extras": 0,
                "total": 1
              }
            },
            {
              "batter": "F Behardien",
              "bowler": "BD Walters",
              "non_striker": "JA Morkel",
              "runs": {
                "batter": 4,
                "extras": 0,
                "total": 4
              }
            }
          ]
        },
        {
          "over": 19,
          "deliveries": [
            {
              "batter": "JA Morkel",
              "bowler": "SSB Magala",
              "non_striker": "F Behardien",
              "runs": {
                "batter": 2,
                "extras": 0,
                "total": 2
              }
            },
            {
              "batter": "JA Morkel",
              "bowler": "SSB Magala",
              "non_striker": "F Behardien",
              "runs": {
                "batter": 1,
                "extras": 0,
                "total": 1
              }
            },
            {
              "batter": "F Behardien",
              "bowler": "SSB Magala",
              "extras": {
                "legbyes": 2
              },
              "non_striker": "JA Morkel",
              "runs": {
                "batter": 0,
                "extras": 2,
                "total": 2
              }
            },
            {
              "batter": "F Behardien",
              "bowler": "SSB Magala",
              "non_striker": "JA Morkel",
              "runs": {
                "batter": 2,
                "extras": 0,
                "total": 2
              }
            },
            {
              "batter": "F Behardien",
              "bowler": "SSB Magala",
              "non_striker": "JA Morkel",
              "runs": {
                "batter": 6,
                "extras": 0,
                "total": 6
              }
            },
            {
              "batter": "F Behardien",
              "bowler": "SSB Magala",
              "non_striker": "JA Morkel",
              "runs": {
                "batter": 6,
                "extras": 0,
                "total": 6
              }
            }
          ]
        }
      ],
      "powerplays": [
        {
          "from": 0.1,
          "to": 5.6,
          "type": "mandatory"
        }
      ]
    },
    {
      "team": "Warriors",
      "overs": [
        {
          "over": 0,
          "deliveries": [
            {
              "batter": "JT Smuts",
              "bowler": "AK Markram",
              "non_striker": "GL Cloete",
              "runs": {
                "batter": 0,
                "extras": 0,
                "total": 0
              }
            },
            {
              "batter": "JT Smuts",
              "bowler": "AK Markram",
              "non_striker": "GL Cloete",
              "runs": {
                "batter": 0,
                "extras": 0,
                "total": 0
              }
            },
            {
              "batter": "JT Smuts",
              "bowler": "AK Markram",
              "non_striker": "GL Cloete",
              "runs": {
                "batter": 1,
                "extras": 0,
                "total": 1
              }
            },
            {
              "batter": "GL Cloete",
              "bowler": "AK Markram",
              "non_striker": "JT Smuts",
              "runs": {
                "batter": 1,
                "extras": 0,
                "total": 1
              }
            },
            {
              "batter": "JT Smuts",
              "bowler": "AK Markram",
              "non_striker": "GL Cloete",
              "runs": {
                "batter": 1,
                "extras": 0,
                "total": 1
              }
            },
            {
              "batter": "GL Cloete",
              "bowler": "AK Markram",
              "non_striker": "JT Smuts",
              "runs": {
                "batter": 2,
                "extras": 0,
                "total": 2
              }
            }
          ]
        },
        {
          "over": 1,
          "deliveries": [
            {
              "batter": "JT Smuts",
              "bowler": "DW Steyn",
              "non_striker": "GL Cloete",
              "runs": {
                "batter": 1,
                "extras": 0,
                "total": 1
              }
            },
            {
              "batter": "GL Cloete",
              "bowler": "DW Steyn",
              "non_striker": "JT Smuts",
              "runs": {
                "batter": 0,
                "extras": 0,
                "total": 0
              }
            },
            {
              "batter": "GL Cloete",
              "bowler": "DW Steyn",
              "non_striker": "JT Smuts",
              "runs": {
                "batter": 4,
                "extras": 0,
                "total": 4
              }
            },
            {
              "batter": "GL Cloete",
              "bowler": "DW Steyn",
              "non_striker": "JT Smuts",
              "runs": {
                "batter": 0,
                "extras": 0,
                "total": 0
              }
            },
            {
              "batter": "GL Cloete",
              "bowler": "DW Steyn",
              "non_striker": "JT Smuts",
              "runs": {
                "batter": 0,
                "extras": 0,
                "total": 0
              }
            },
            {
              "batter": "GL Cloete",
              "bowler": "DW Steyn",
              "non_striker": "JT Smuts",
              "runs": {
                "batter": 0,
                "extras": 0,
                "total": 0
              }
            }
          ]
        },
        {
          "over": 2,
          "deliveries": [
            {
              "batter": "JT Smuts",
              "bowler": "L Ngidi",
              "non_striker": "GL Cloete",
              "runs": {
                "batter": 4,
                "extras": 0,
                "total": 4
              }
            },
            {
              "batter": "JT Smuts",
              "bowler": "L Ngidi",
              "non_striker": "GL Cloete",
              "runs": {
                "batter": 4,
                "extras": 0,
                "total": 4
              }
            },
            {
              "batter": "JT Smuts",
              "bowler": "L Ngidi",
              "non_striker": "GL Cloete",
              "runs": {
                "batter": 1,
                "extras": 0,
                "total": 1
              }
            },
            {
              "batter": "GL Cloete",
              "bowler": "L Ngidi",
              "non_striker": "JT Smuts",
              "runs": {
                "batter": 4,
                "extras": 0,
                "total": 4
              }
            },
            {
              "batter": "GL Cloete",
              "bowler": "L Ngidi",
              "non_striker": "JT Smuts",
              "runs": {
                "batter": 0,
                "extras": 0,
                "total": 0
              }
            },
            {
              "batter": "GL Cloete",
              "bowler": "L Ngidi",
              "non_striker": "JT Smuts",
              "runs": {
                "batter": 1,
                "extras": 0,
                "total": 1
              }
            }
          ]
        },
        {
          "over": 3,
          "deliveries": [
            {
              "batter": "GL Cloete",
              "bowler": "DW Steyn",
              "non_striker": "JT Smuts",
              "runs": {
                "batter": 1,
                "extras": 0,
                "total": 1
              }
            },
            {
              "batter": "JT Smuts",
              "bowler": "DW Steyn",
              "non_striker": "GL Cloete",
              "runs": {
                "batter": 0,
                "extras": 0,
                "total": 0
              }
            },
            {
              "batter": "JT Smuts",
              "bowler": "DW Steyn",
              "non_striker": "GL Cloete",
              "runs": {
                "batter": 4,
                "extras": 0,
                "total": 4
              }
            },
            {
              "batter": "JT Smuts",
              "bowler": "DW Steyn",
              "non_striker": "GL Cloete",
              "runs": {
                "batter": 2,
                "extras": 0,
                "total": 2
              }
            },
            {
              "batter": "JT Smuts",
              "bowler": "DW Steyn",
              "non_striker": "GL Cloete",
              "runs": {
                "batter": 1,
                "extras": 0,
                "total": 1
              }
            },
            {
              "batter": "GL Cloete",
              "bowler": "DW Steyn",
              "non_striker": "JT Smuts",
              "runs": {
                "batter": 1,
                "extras": 0,
                "total": 1
              }
            }
          ]
        },
        {
          "over": 4,
          "deliveries": [
            {
              "batter": "GL Cloete",
              "bowler": "CJ Dala",
              "non_striker": "JT Smuts",
              "runs": {
                "batter": 6,
                "extras": 0,
                "total": 6
              }
            },
            {
              "batter": "GL Cloete",
              "bowler": "CJ Dala",
              "non_striker": "JT Smuts",
              "runs": {
                "batter": 1,
                "extras": 0,
                "total": 1
              }
            },
            {
              "batter": "JT Smuts",
              "bowler": "CJ Dala",
              "non_striker": "GL Cloete",
              "runs": {
                "batter": 1,
                "extras": 0,
                "total": 1
              }
            },
            {
              "batter": "GL Cloete",
              "bowler": "CJ Dala",
              "extras": {
                "wides": 1
              },
              "non_striker": "JT Smuts",
              "runs": {
                "batter": 0,
                "extras": 1,
                "total": 1
              }
            },
            {
              "batter": "GL Cloete",
              "bowler": "CJ Dala",
              "non_striker": "JT Smuts",
              "runs": {
                "batter": 4,
                "extras": 0,
                "total": 4
              }
            },
            {
              "batter": "GL Cloete",
              "bowler": "CJ Dala",
              "non_striker": "JT Smuts",
              "runs": {
                "batter": 0,
                "extras": 0,
                "total": 0
              }
            },
            {
              "batter": "GL Cloete",
              "bowler": "CJ Dala",
              "non_striker": "JT Smuts",
              "runs": {
                "batter": 4,
                "extras": 0,
                "total": 4
              }
            }
          ]
        },
        {
          "over": 5,
          "deliveries": [
            {
              "batter": "JT Smuts",
              "bowler": "L Ngidi",
              "non_striker": "GL Cloete",
              "runs": {
                "batter": 0,
                "extras": 0,
                "total": 0
              },
              "wickets": [
                {
                  "player_out": "JT Smuts",
                  "kind": "bowled"
                }
              ]
            },
            {
              "batter": "CN Ackermann",
              "bowler": "L Ngidi",
              "non_striker": "GL Cloete",
              "runs": {
                "batter": 0,
                "extras": 0,
                "total": 0
              }
            },
            {
              "batter": "CN Ackermann",
              "bowler": "L Ngidi",
              "non_striker": "GL Cloete",
              "runs": {
                "batter": 0,
                "extras": 0,
                "total": 0
              },
              "wickets": [
                {
                  "player_out": "CN Ackermann",
                  "fielders": [
                    {
                      "name": "D Elgar"
                    }
                  ],
                  "kind": "caught"
                }
              ]
            },
            {
              "batter": "KR Smuts",
              "bowler": "L Ngidi",
              "non_striker": "GL Cloete",
              "runs": {
                "batter": 0,
                "extras": 0,
                "total": 0
              }
            },
            {
              "batter": "KR Smuts",
              "bowler": "L Ngidi",
              "non_striker": "GL Cloete",
              "runs": {
                "batter": 0,
                "extras": 0,
                "total": 0
              }
            },
            {
              "batter": "KR Smuts",
              "bowler": "L Ngidi",
              "non_striker": "GL Cloete",
              "runs": {
                "batter": 0,
                "extras": 0,
                "total": 0
              }
            }
          ]
        },
        {
          "over": 6,
          "deliveries": [
            {
              "batter": "GL Cloete",
              "bowler": "AK Markram",
              "non_striker": "KR Smuts",
              "runs": {
                "batter": 1,
                "extras": 0,
                "total": 1
              }
            },
            {
              "batter": "KR Smuts",
              "bowler": "AK Markram",
              "non_striker": "GL Cloete",
              "runs": {
                "batter": 1,
                "extras": 0,
                "total": 1
              }
            },
            {
              "batter": "GL Cloete",
              "bowler": "AK Markram",
              "non_striker": "KR Smuts",
              "runs": {
                "batter": 1,
                "extras": 0,
                "total": 1
              }
            },
            {
              "batter": "KR Smuts",
              "bowler": "AK Markram",
              "non_striker": "GL Cloete",
              "runs": {
                "batter": 0,
                "extras": 0,
                "total": 0
              }
            },
            {
              "batter": "KR Smuts",
              "bowler": "AK Markram",
              "non_striker": "GL Cloete",
              "runs": {
                "batter": 1,
                "extras": 0,
                "total": 1
              }
            },
            {
              "batter": "GL Cloete",
              "bowler": "AK Markram",
              "non_striker": "KR Smuts",
              "runs": {
                "batter": 1,
                "extras": 0,
                "total": 1
              }
            }
          ]
        },
        {
          "over": 7,
          "deliveries": [
            {
              "batter": "GL Cloete",
              "bowler": "T Shamsi",
              "non_striker": "KR Smuts",
              "runs": {
                "batter": 0,
                "extras": 0,
                "total": 0
              },
              "wickets": [
                {
                  "player_out": "GL Cloete",
                  "kind": "lbw"
                }
              ]
            },
            {
              "batter": "C Jonker",
              "bowler": "T Shamsi",
              "non_striker": "KR Smuts",
              "runs": {
                "batter": 0,
                "extras": 0,
                "total": 0
              }
            },
            {
              "batter": "C Jonker",
              "bowler": "T Shamsi",
              "non_striker": "KR Smuts",
              "runs": {
                "batter": 0,
                "extras": 0,
                "total": 0
              }
            },
            {
              "batter": "C Jonker",
              "bowler": "T Shamsi",
              "non_striker": "KR Smuts",
              "runs": {
                "batter": 1,
                "extras": 0,
                "total": 1
              }
            },
            {
              "batter": "KR Smuts",
              "bowler": "T Shamsi",
              "non_striker": "C Jonker",
              "runs": {
                "batter": 0,
                "extras": 0,
                "total": 0
              },
              "wickets": [
                {
                  "player_out": "KR Smuts",
                  "kind": "bowled"
                }
              ]
            },
            {
              "batter": "MJ Nqolo",
              "bowler": "T Shamsi",
              "non_striker": "C Jonker",
              "runs": {
                "batter": 0,
                "extras": 0,
                "total": 0
              }
            }
          ]
        },
        {
          "over": 8,
          "deliveries": [
            {
              "batter": "C Jonker",
              "bowler": "AK Markram",
              "non_striker": "MJ Nqolo",
              "runs": {
                "batter": 1,
                "extras": 0,
                "total": 1
              }
            },
            {
              "batter": "MJ Nqolo",
              "bowler": "AK Markram",
              "non_striker": "C Jonker",
              "runs": {
                "batter": 0,
                "extras": 0,
                "total": 0
              }
            },
            {
              "batter": "MJ Nqolo",
              "bowler": "AK Markram",
              "non_striker": "C Jonker",
              "runs": {
                "batter": 0,
                "extras": 0,
                "total": 0
              },
              "wickets": [
                {
                  "player_out": "MJ Nqolo",
                  "kind": "bowled"
                }
              ]
            },
            {
              "batter": "SSN Nqweni",
              "bowler": "AK Markram",
              "non_striker": "C Jonker",
              "runs": {
                "batter": 0,
                "extras": 0,
                "total": 0
              }
            },
            {
              "batter": "SSN Nqweni",
              "bowler": "AK Markram",
              "non_striker": "C Jonker",
              "runs": {
                "batter": 0,
                "extras": 0,
                "total": 0
              }
            },
            {
              "batter": "SSN Nqweni",
              "bowler": "AK Markram",
              "non_striker": "C Jonker",
              "runs": {
                "batter": 0,
                "extras": 0,
                "total": 0
              },
              "wickets": [
                {
                  "player_out": "SSN Nqweni",
                  "kind": "lbw"
                }
              ]
            }
          ]
        },
        {
          "over": 9,
          "deliveries": [
            {
              "batter": "C Jonker",
              "bowler": "T Shamsi",
              "non_striker": "ACR Birch",
              "runs": {
                "batter": 2,
                "extras": 0,
                "total": 2
              }
            },
            {
              "batter": "C Jonker",
              "bowler": "T Shamsi",
              "non_striker": "ACR Birch",
              "runs": {
                "batter": 1,
                "extras": 0,
                "total": 1
              }
            },
            {
              "batter": "ACR Birch",
              "bowler": "T Shamsi",
              "non_striker": "C Jonker",
              "runs": {
                "batter": 2,
                "extras": 0,
                "total": 2
              }
            },
            {
              "batter": "ACR Birch",
              "bowler": "T Shamsi",
              "non_striker": "C Jonker",
              "runs": {
                "batter": 2,
                "extras": 0,
                "total": 2
              }
            },
            {
              "batter": "ACR Birch",
              "bowler": "T Shamsi",
              "non_striker": "C Jonker",
              "runs": {
                "batter": 6,
                "extras": 0,
                "total": 6
              }
            },
            {
              "batter": "ACR Birch",
              "bowler": "T Shamsi",
              "non_striker": "C Jonker",
              "runs": {
                "batter": 1,
                "extras": 0,
                "total": 1
              }
            }
          ]
        },
        {
          "over": 10,
          "deliveries": [
            {
              "batter": "ACR Birch",
              "bowler": "AK Markram",
              "non_striker": "C Jonker",
              "runs": {
                "batter": 1,
                "extras": 0,
                "total": 1
              }
            },
            {
              "batter": "C Jonker",
              "bowler": "AK Markram",
              "non_striker": "ACR Birch",
              "runs": {
                "batter": 6,
                "extras": 0,
                "total": 6
              }
            },
            {
              "batter": "C Jonker",
              "bowler": "AK Markram",
              "non_striker": "ACR Birch",
              "runs": {
                "batter": 1,
                "extras": 0,
                "total": 1
              }
            },
            {
              "batter": "ACR Birch",
              "bowler": "AK Markram",
              "non_striker": "C Jonker",
              "runs": {
                "batter": 1,
                "extras": 0,
                "total": 1
              }
            },
            {
              "batter": "C Jonker",
              "bowler": "AK Markram",
              "non_striker": "ACR Birch",
              "runs": {
                "batter": 0,
                "extras": 0,
                "total": 0
              },
              "wickets": [
                {
                  "player_out": "C Jonker",
                  "fielders": [
                    {
                      "name": "D Elgar"
                    }
                  ],
                  "kind": "caught"
                }
              ]
            },
            {
              "batter": "ACR Birch",
              "bowler": "AK Markram",
              "non_striker": "SSB Magala",
              "runs": {
                "batter": 1,
                "extras": 0,
                "total": 1
              }
            }
          ]
        },
        {
          "over": 11,
          "deliveries": [
            {
              "batter": "ACR Birch",
              "bowler": "T Shamsi",
              "non_striker": "SSB Magala",
              "runs": {
                "batter": 2,
                "extras": 0,
                "total": 2
              }
            },
            {
              "batter": "ACR Birch",
              "bowler": "T Shamsi",
              "non_striker": "SSB Magala",
              "runs": {
                "batter": 6,
                "extras": 0,
                "total": 6
              }
            },
            {
              "batter": "ACR Birch",
              "bowler": "T Shamsi",
              "non_striker": "SSB Magala",
              "runs": {
                "batter": 1,
                "extras": 0,
                "total": 1
              }
            },
            {
              "batter": "SSB Magala",
              "bowler": "T Shamsi",
              "non_striker": "ACR Birch",
              "runs": {
                "batter": 0,
                "extras": 0,
                "total": 0
              }
            },
            {
              "batter": "SSB Magala",
              "bowler": "T Shamsi",
              "non_striker": "ACR Birch",
              "runs": {
                "batter": 1,
                "extras": 0,
                "total": 1
              }
            },
            {
              "batter": "ACR Birch",
              "bowler": "T Shamsi",
              "non_striker": "SSB Magala",
              "runs": {
                "batter": 0,
                "extras": 0,
                "total": 0
              }
            }
          ]
        },
        {
          "over": 12,
          "deliveries": [
            {
              "batter": "SSB Magala",
              "bowler": "MP Siboto",
              "non_striker": "ACR Birch",
              "runs": {
                "batter": 1,
                "extras": 0,
                "total": 1
              }
            },
            {
              "batter": "ACR Birch",
              "bowler": "MP Siboto",
              "non_striker": "SSB Magala",
              "runs": {
                "batter": 1,
                "extras": 0,
                "total": 1
              }
            },
            {
              "batter": "SSB Magala",
              "bowler": "MP Siboto",
              "non_striker": "ACR Birch",
              "runs": {
                "batter": 4,
                "extras": 0,
                "total": 4
              }
            },
            {
              "batter": "SSB Magala",
              "bowler": "MP Siboto",
              "non_striker": "ACR Birch",
              "runs": {
                "batter": 2,
                "extras": 0,
                "total": 2
              }
            },
            {
              "batter": "SSB Magala",
              "bowler": "MP Siboto",
              "non_striker": "ACR Birch",
              "runs": {
                "batter": 0,
                "extras": 0,
                "total": 0
              }
            },
            {
              "batter": "SSB Magala",
              "bowler": "MP Siboto",
              "non_striker": "ACR Birch",
              "runs": {
                "batter": 6,
                "extras": 0,
                "total": 6
              }
            }
          ]
        },
        {
          "over": 13,
          "deliveries": [
            {
              "batter": "ACR Birch",
              "bowler": "DW Steyn",
              "non_striker": "SSB Magala",
              "runs": {
                "batter": 0,
                "extras": 0,
                "total": 0
              },
              "wickets": [
                {
                  "player_out": "ACR Birch",
                  "kind": "bowled"
                }
              ]
            },
            {
              "batter": "A Gqamane",
              "bowler": "DW Steyn",
              "non_striker": "SSB Magala",
              "runs": {
                "batter": 0,
                "extras": 0,
                "total": 0
              }
            },
            {
              "batter": "A Gqamane",
              "bowler": "DW Steyn",
              "non_striker": "SSB Magala",
              "runs": {
                "batter": 1,
                "extras": 0,
                "total": 1
              }
            },
            {
              "batter": "SSB Magala",
              "bowler": "DW Steyn",
              "non_striker": "A Gqamane",
              "runs": {
                "batter": 4,
                "extras": 0,
                "total": 4
              }
            },
            {
              "batter": "SSB Magala",
              "bowler": "DW Steyn",
              "non_striker": "A Gqamane",
              "runs": {
                "batter": 1,
                "extras": 0,
                "total": 1
              }
            },
            {
              "batter": "A Gqamane",
              "bowler": "DW Steyn",
              "non_striker": "SSB Magala",
              "runs": {
                "batter": 0,
                "extras": 0,
                "total": 0
              }
            }
          ]
        },
        {
          "over": 14,
          "deliveries": [
            {
              "batter": "SSB Magala",
              "bowler": "L Ngidi",
              "non_striker": "A Gqamane",
              "runs": {
                "batter": 0,
                "extras": 0,
                "total": 0
              },
              "wickets": [
                {
                  "player_out": "SSB Magala",
                  "fielders": [
                    {
                      "name": "F Behardien"
                    }
                  ],
                  "kind": "caught"
                }
              ]
            },
            {
              "batter": "A Gqamane",
              "bowler": "L Ngidi",
              "non_striker": "BD Walters",
              "runs": {
                "batter": 0,
                "extras": 0,
                "total": 0
              },
              "wickets": [
                {
                  "player_out": "A Gqamane",
                  "fielders": [
                    {
                      "name": "D Elgar"
                    }
                  ],
                  "kind": "caught"
                }
              ]
            }
          ]
        }
      ],
      "powerplays": [
        {
          "from": 0.1,
          "to": 5.6,
          "type": "mandatory"
        }
      ],
      "target": {
        "overs": 20,
        "runs": 173
      }
    }
  ]
}