{
  "meta": {
    "data_version": "1.1.0",
    "created": "2022-03-30",
    "revision": 1
  },
  "info": {
    "balls_per_over": 6,
    "city": "Potchefstroom",
    "dates": [
      "2019-04-12"
    ],
    "event": {
      "name": "CSA T20 Challenge",
      "match_number": 8
    },
    "gender": "male",
    "match_type": "T20",
    "officials": {
      "match_referees": [
        "GH Pienaar"
      ],
      "reserve_umpires": [
        "JD Cloete"
      ],
      "umpires": [
        "BP Jele",
        "DJ Smith"
      ]
    },
    "outcome": {
      "winner": "Lions",
      "by": {
        "runs": 40
      }
    },
    "overs": 20,
    "player_of_match": [
      "BC Fortuin",
      "RD Rickelton"
    ],
    "players": {
      "Lions": [
        "RD Rickelton",
        "RR Hendricks",
        "HE van der Dussen",
        "T Bavuma",
        "PWA Mulder",
        "WJ Lubbe",
        "D Pretorius",
        "BC Fortuin",
        "AM Phangiso",
        "MP Siboto",
        "BE Hendricks"
      ],
      "Knights": [
        "PE Kruger",
        "AGS Gous",
        "R van Tonder",
        "PJ van Biljon",
        "TG Mokoena",
        "R McLaren",
        "G Coetzee",
        "SC van Schalkwyk",
        "E Leie",
        "T Ntuli",
        "OEG Baartman"
      ]
    },
    "registry": {
      "people": {
        "AGS Gous": "d1305df0",
        "AM Phangiso": "7f8ecc51",
        "BC Fortuin": "9a2fc964",
        "BE Hendricks": "b56dc5f7",
        "BP Jele": "7bb1331e",
        "D Pretorius": "11614d87",
        "DJ Smith": "d17bec15",
        "E Leie": "a7bc76a0",
        "G Coetzee": "3204c99f",
        "GH Pienaar": "3516e46b",
        "HE van der Dussen": "9948e262",
        "JD Cloete": "b0419f8c",
        "MP Siboto": "9d50c7e1",
        "OEG Baartman": "6b9eb501",
        "PE Kruger": "39181592",
        "PJ van Biljon": "4025c262",
        "PWA Mulder": "c96f6ac5",
        "R McLaren": "c654af19",
        "R van Tonder": "0ba03cec",
        "RD Rickelton": "e66732f8",
        "RR Hendricks": "b8cc58c9",
        "SC van Schalkwyk": "97b0e4ff",
        "T Bavuma": "9ffd1ac1",
        "T Ntuli": "8e6827f7",
        "TG Mokoena": "0827b38d",
        "WJ Lubbe": "10f42013"
      }
    },
    "season": "2018/19",
    "team_type": "club",
    "teams": [
      "Lions",
      "Knights"
    ],
    "toss": {
      "decision": "field",
      "winner": "Knights"
    },
    "venue": "Senwes Park, Potchefstroom"
  },
  "innings": [
    {
      "team": "Lions",
      "overs": [
        {
          "over": 0,
          "deliveries": [
            {
              "batter": "RD Rickelton",
              "bowler": "OEG Baartman",
              "non_striker": "RR Hendricks",
              "runs": {
                "batter": 0,
                "extras": 0,
                "total": 0
              }
            },
            {
              "batter": "RD Rickelton",
              "bowler": "OEG Baartman",
              "non_striker": "RR Hendricks",
              "runs": {
                "batter": 0,
                "extras": 0,
                "total": 0
              }
            },
            {
              "batter": "RD Rickelton",
              "bowler": "OEG Baartman",
              "non_striker": "RR Hendricks",
              "runs": {
                "batter": 0,
                "extras": 0,
                "total": 0
              }
            },
            {
              "batter": "RD Rickelton",
              "bowler": "OEG Baartman",
              "non_striker": "RR Hendricks",
              "runs": {
                "batter": 1,
                "extras": 0,
                "total": 1
              }
            },
            {
              "batter": "RR Hendricks",
              "bowler": "OEG Baartman",
              "non_striker": "RD Rickelton",
              "runs": {
                "batter": 0,
                "extras": 0,
                "total": 0
              },
              "wickets": [
                {
                  "player_out": "RR Hendricks",
                  "fielders": [
                    {
                      "name": "G Coetzee"
                    }
                  ],
                  "kind": "caught"
                }
              ]
            },
            {
              "batter": "RD Rickelton",
              "bowler": "OEG Baartman",
              "non_striker": "HE van der Dussen",
              "runs": {
                "batter": 0,
                "extras": 0,
                "total": 0
              }
            }
          ]
        },
        {
          "over": 1,
          "deliveries": [
            {
              "batter": "HE van der Dussen",
              "bowler": "G Coetzee",
              "non_striker": "RD Rickelton",
              "runs": {
                "batter": 0,
                "extras": 0,
                "total": 0
              }
            },
            {
              "batter": "HE van der Dussen",
              "bowler": "G Coetzee",
              "non_striker": "RD Rickelton",
              "runs": {
                "batter": 0,
                "extras": 0,
                "total": 0
              }
            },
            {
              "batter": "HE van der Dussen",
              "bowler": "G Coetzee",
              "non_striker": "RD Rickelton",
              "runs": {
                "batter": 0,
                "extras": 0,
                "total": 0
              }
            },
            {
              "batter": "HE van der Dussen",
              "bowler": "G Coetzee",
              "non_striker": "RD Rickelton",
              "runs": {
                "batter": 2,
                "extras": 0,
                "total": 2
              }
            },
            {
              "batter": "HE van der Dussen",
              "bowler": "G Coetzee",
              "non_striker": "RD Rickelton",
              "runs": {
                "batter": 0,
                "extras": 0,
                "total": 0
              }
            },
            {
              "batter": "HE van der Dussen",
              "bowler": "G Coetzee",
              "non_striker": "RD Rickelton",
              "runs": {
                "batter": 2,
                "extras": 0,
                "total": 2
              }
            }
          ]
        },
        {
          "over": 2,
          "deliveries": [
            {
              "batter": "RD Rickelton",
              "bowler": "OEG Baartman",
              "non_striker": "HE van der Dussen",
              "runs": {
                "batter": 0,
                "extras": 0,
                "total": 0
              }
            },
            {
              "batter": "RD Rickelton",
              "bowler": "OEG Baartman",
              "non_striker": "HE van der Dussen",
              "runs": {
                "batter": 0,
                "extras": 0,
                "total": 0
              }
            },
            {
              "batter": "RD Rickelton",
              "bowler": "OEG Baartman",
              "non_striker": "HE van der Dussen",
              "runs": {
                "batter": 1,
                "extras": 0,
                "total": 1
              }
            },
            {
              "batter": "HE van der Dussen",
              "bowler": "OEG Baartman",
              "non_striker": "RD Rickelton",
              "runs": {
                "batter": 1,
                "extras": 0,
                "total": 1
              }
            },
            {
              "batter": "RD Rickelton",
              "bowler": "OEG Baartman",
              "extras": {
                "noballs": 1
              },
              "non_striker": "HE van der Dussen",
              "runs": {
                "batter": 4,
                "extras": 1,
                "total": 5
              }
            },
            {
              "batter": "RD Rickelton",
              "bowler": "OEG Baartman",
              "extras": {
                "wides": 1
              },
              "non_striker": "HE van der Dussen",
              "runs": {
                "batter": 0,
                "extras": 1,
                "total": 1
              }
            },
            {
              "batter": "RD Rickelton",
              "bowler": "OEG Baartman",
              "non_striker": "HE van der Dussen",
              "runs": {
                "batter": 1,
                "extras": 0,
                "total": 1
              }
            },
            {
              "batter": "HE van der Dussen",
              "bowler": "OEG Baartman",
              "non_striker": "RD Rickelton",
              "runs": {
                "batter": 1,
                "extras": 0,
                "total": 1
              }
            }
          ]
        },
        {
          "over": 3,
          "deliveries": [
            {
              "batter": "HE van der Dussen",
              "bowler": "R McLaren",
              "non_striker": "RD Rickelton",
              "runs": {
                "batter": 0,
                "extras": 0,
                "total": 0
              }
            },
            {
              "batter": "HE van der Dussen",
              "bowler": "R McLaren",
              "non_striker": "RD Rickelton",
              "runs": {
                "batter": 1,
                "extras": 0,
                "total": 1
              }
            },
            {
              "batter": "RD Rickelton",
              "bowler": "R McLaren",
              "non_striker": "HE van der Dussen",
              "runs": {
                "batter": 1,
                "extras": 0,
                "total": 1
              }
            },
            {
              "batter": "HE van der Dussen",
              "bowler": "R McLaren",
              "non_striker": "RD Rickelton",
              "runs": {
                "batter": 0,
                "extras": 0,
                "total": 0
              }
            },
            {
              "batter": "HE van der Dussen",
              "bowler": "R McLaren",
              "non_striker": "RD Rickelton",
              "runs": {
                "batter": 0,
                "extras": 0,
                "total": 0
              },
              "wickets": [
                {
                  "player_out": "HE van der Dussen",
                  "kind": "bowled"
                }
              ]
            },
            {
              "batter": "T Bavuma",
              "bowler": "R McLaren",
              "non_striker": "RD Rickelton",
              "runs": {
                "batter": 1,
                "extras": 0,
                "total": 1
              }
            }
          ]
        },
        {
          "over": 4,
          "deliveries": [
            {
              "batter": "T Bavuma",
              "bowler": "G Coetzee",
              "non_striker": "RD Rickelton",
              "runs": {
                "batter": 0,
                "extras": 0,
                "total": 0
              }
            },
            {
              "batter": "T Bavuma",
              "bowler": "G Coetzee",
              "non_striker": "RD Rickelton",
              "runs": {
                "batter": 4,
                "extras": 0,
                "total": 4
              }
            },
            {
              "batter": "T Bavuma",
              "bowler": "G Coetzee",
              "non_striker": "RD Rickelton",
              "runs": {
                "batter": 1,
                "extras": 0,
                "total": 1
              }
            },
            {
              "batter": "RD Rickelton",
              "bowler": "G Coetzee",
              "non_striker": "T Bavuma",
              "runs": {
                "batter": 0,
                "extras": 0,
                "total": 0
              }
            },
            {
              "batter": "RD Rickelton",
              "bowler": "G Coetzee",
              "non_striker": "T Bavuma",
              "runs": {
                "batter": 4,
                "extras": 0,
                "total": 4
              }
            },
            {
              "batter": "RD Rickelton",
              "bowler": "G Coetzee",
              "non_striker": "T Bavuma",
              "runs": {
                "batter": 4,
                "extras": 0,
                "total": 4
              }
            }
          ]
        },
        {
          "over": 5,
          "deliveries": [
            {
              "batter": "T Bavuma",
              "bowler": "R McLaren",
              "non_striker": "RD Rickelton",
              "runs": {
                "batter": 2,
                "extras": 0,
                "total": 2
              }
            },
            {
              "batter": "T Bavuma",
              "bowler": "R McLaren",
              "non_striker": "RD Rickelton",
              "runs": {
                "batter": 1,
                "extras": 0,
                "total": 1
              }
            },
            {
              "batter": "RD Rickelton",
              "bowler": "R McLaren",
              "non_striker": "T Bavuma",
              "runs": {
                "batter": 0,
                "extras": 0,
                "total": 0
              }
            },
            {
              "batter": "RD Rickelton",
              "bowler": "R McLaren",
              "non_striker": "T Bavuma",
              "runs": {
                "batter": 1,
                "extras": 0,
                "total": 1
              }
            },
            {
              "batter": "T Bavuma",
              "bowler": "R McLaren",
              "non_striker": "RD Rickelton",
              "runs": {
                "batter": 4,
                "extras": 0,
                "total": 4
              }
            },
            {
              "batter": "T Bavuma",
              "bowler": "R McLaren",
              "non_striker": "RD Rickelton",
              "runs": {
                "batter": 0,
                "extras": 0,
                "total": 0
              }
            }
          ]
        },
        {
          "over": 6,
          "deliveries": [
            {
              "batter": "RD Rickelton",
              "bowler": "E Leie",
              "non_striker": "T Bavuma",
              "runs": {
                "batter": 2,
                "extras": 0,
                "total": 2
              }
            },
            {
              "batter": "RD Rickelton",
              "bowler": "E Leie",
              "non_striker": "T Bavuma",
              "runs": {
                "batter": 4,
                "extras": 0,
                "total": 4
              }
            },
            {
              "batter": "RD Rickelton",
              "bowler": "E Leie",
              "non_striker": "T Bavuma",
              "runs": {
                "batter": 2,
                "extras": 0,
                "total": 2
              }
            },
            {
              "batter": "RD Rickelton",
              "bowler": "E Leie",
              "non_striker": "T Bavuma",
              "runs": {
                "batter": 1,
                "extras": 0,
                "total": 1
              }
            },
            {
              "batter": "T Bavuma",
              "bowler": "E Leie",
              "non_striker": "RD Rickelton",
              "runs": {
                "batter": 0,
                "extras": 0,
                "total": 0
              }
            },
            {
              "batter": "T Bavuma",
              "bowler": "E Leie",
              "non_striker": "RD Rickelton",
              "runs": {
                "batter": 1,
                "extras": 0,
                "total": 1
              }
            }
          ]
        },
        {
          "over": 7,
          "deliveries": [
            {
              "batter": "T Bavuma",
              "bowler": "R McLaren",
              "non_striker": "RD Rickelton",
              "runs": {
                "batter": 0,
                "extras": 0,
                "total": 0
              }
            },
            {
              "batter": "T Bavuma",
              "bowler": "R McLaren",
              "non_striker": "RD Rickelton",
              "runs": {
                "batter": 4,
                "extras": 0,
                "total": 4
              }
            },
            {
              "batter": "T Bavuma",
              "bowler": "R McLaren",
              "non_striker": "RD Rickelton",
              "runs": {
                "batter": 1,
                "extras": 0,
                "total": 1
              }
            },
            {
              "batter": "RD Rickelton",
              "bowler": "R McLaren",
              "non_striker": "T Bavuma",
              "runs": {
                "batter": 0,
                "extras": 0,
                "total": 0
              }
            },
            {
              "batter": "RD Rickelton",
              "bowler": "R McLaren",
              "non_striker": "T Bavuma",
              "runs": {
                "batter": 1,
                "extras": 0,
                "total": 1
              }
            },
            {
              "batter": "T Bavuma",
              "bowler": "R McLaren",
              "non_striker": "RD Rickelton",
              "runs": {
                "batter": 1,
                "extras": 0,
                "total": 1
              }
            }
          ]
        },
        {
          "over": 8,
          "deliveries": [
            {
              "batter": "T Bavuma",
              "bowler": "T Ntuli",
              "non_striker": "RD Rickelton",
              "runs": {
                "batter": 0,
                "extras": 0,
                "total": 0
              }
            },
            {
              "batter": "T Bavuma",
              "bowler": "T Ntuli",
              "non_striker": "RD Rickelton",
              "runs": {
                "batter": 1,
                "extras": 0,
                "total": 1
              }
            },
            {
              "batter": "RD Rickelton",
              "bowler": "T Ntuli",
              "non_striker": "T Bavuma",
              "runs": {
                "batter": 1,
                "extras": 0,
                "total": 1
              }
            },
            {
              "batter": "T Bavuma",
              "bowler": "T Ntuli",
              "non_striker": "RD Rickelton",
              "runs": {
                "batter": 1,
                "extras": 0,
                "total": 1
              }
            },
            {
              "batter": "RD Rickelton",
              "bowler": "T Ntuli",
              "non_striker": "T Bavuma",
              "runs": {
                "batter": 1,
                "extras": 0,
                "total": 1
              }
            },
            {
              "batter": "T Bavuma",
              "bowler": "T Ntuli",
              "non_striker": "RD Rickelton",
              "runs": {
                "batter": 1,
                "extras": 0,
                "total": 1
              }
            }
          ]
        },
        {
          "over": 9,
          "deliveries": [
            {
              "batter": "T Bavuma",
              "bowler": "SC van Schalkwyk",
              "non_striker": "RD Rickelton",
              "runs": {
                "batter": 1,
                "extras": 0,
                "total": 1
              }
            },
            {
              "batter": "RD Rickelton",
              "bowler": "SC van Schalkwyk",
              "non_striker": "T Bavuma",
              "runs": {
                "batter": 2,
                "extras": 0,
                "total": 2
              }
            },
            {
              "batter": "RD Rickelton",
              "bowler": "SC van Schalkwyk",
              "non_striker": "T Bavuma",
              "runs": {
                "batter": 4,
                "extras": 0,
                "total": 4
              }
            },
            {
              "batter": "RD Rickelton",
              "bowler": "SC van Schalkwyk",
              "non_striker": "T Bavuma",
              "runs": {
                "batter": 0,
                "extras": 0,
                "total": 0
              }
            },
            {
              "batter": "RD Rickelton",
              "bowler": "SC van Schalkwyk",
              "non_striker": "T Bavuma",
              "runs": {
                "batter": 1,
                "extras": 0,
                "total": 1
              }
            },
            {
              "batter": "T Bavuma",
              "bowler": "SC van Schalkwyk",
              "non_striker": "RD Rickelton",
              "runs": {
                "batter": 1,
                "extras": 0,
                "total": 1
              }
            }
          ]
        },
        {
          "over": 10,
          "deliveries": [
            {
              "batter": "T Bavuma",
              "bowler": "T Ntuli",
              "non_striker": "RD Rickelton",
              "runs": {
                "batter": 1,
                "extras": 0,
                "total": 1
              }
            },
            {
              "batter": "RD Rickelton",
              "bowler": "T Ntuli",
              "non_striker": "T Bavuma",
              "runs": {
                "batter": 2,
                "extras": 0,
                "total": 2
              }
            },
            {
              "batter": "RD Rickelton",
              "bowler": "T Ntuli",
              "non_striker": "T Bavuma",
              "runs": {
                "batter": 1,
                "extras": 0,
                "total": 1
              }
            },
            {
              "batter": "T Bavuma",
              "bowler": "T Ntuli",
              "non_striker": "RD Rickelton",
              "runs": {
                "batter": 0,
                "extras": 0,
                "total": 0
              },
              "wickets": [
                {
                  "player_out": "T Bavuma",
                  "fielders": [
                    {
                      "name": "G Coetzee"
                    }
                  ],
                  "kind": "caught"
                }
              ]
            },
            {
              "batter": "RD Rickelton",
              "bowler": "T Ntuli",
              "non_striker": "PWA Mulder",
              "runs": {
                "batter": 0,
                "extras": 0,
                "total": 0
              }
            },
            {
              "batter": "RD Rickelton",
              "bowler": "T Ntuli",
              "non_striker": "PWA Mulder",
              "runs": {
                "batter": 1,
                "extras": 0,
                "total": 1
              }
            }
          ]
        },
        {
          "over": 11,
          "deliveries": [
            {
              "batter": "RD Rickelton",
              "bowler": "SC van Schalkwyk",
              "non_striker": "PWA Mulder",
              "runs": {
                "batter": 4,
                "extras": 0,
                "total": 4
              }
            },
            {
              "batter": "RD Rickelton",
              "bowler": "SC van Schalkwyk",
              "non_striker": "PWA Mulder",
              "runs": {
                "batter": 0,
                "extras": 0,
                "total": 0
              }
            },
            {
              "batter": "RD Rickelton",
              "bowler": "SC van Schalkwyk",
              "non_striker": "PWA Mulder",
              "runs": {
                "batter": 0,
                "extras": 0,
                "total": 0
              }
            },
            {
              "batter": "RD Rickelton",
              "bowler": "SC van Schalkwyk",
              "non_striker": "PWA Mulder",
              "runs": {
                "batter": 4,
                "extras": 0,
                "total": 4
              }
            },
            {
              "batter": "RD Rickelton",
              "bowler": "SC van Schalkwyk",
              "non_striker": "PWA Mulder",
              "runs": {
                "batter": 1,
                "extras": 0,
                "total": 1
              }
            },
            {
              "batter": "PWA Mulder",
              "bowler": "SC van Schalkwyk",
              "non_striker": "RD Rickelton",
              "runs": {
                "batter": 2,
                "extras": 0,
                "total": 2
              }
            }
          ]
        },
        {
          "over": 12,
          "deliveries": [
            {
              "batter": "RD Rickelton",
              "bowler": "T Ntuli",
              "non_striker": "PWA Mulder",
              "runs": {
                "batter": 1,
                "extras": 0,
                "total": 1
              }
            },
            {
              "batter": "PWA Mulder",
              "bowler": "T Ntuli",
              "non_striker": "RD Rickelton",
              "runs": {
                "batter": 0,
                "extras": 0,
                "total": 0
              }
            },
            {
              "batter": "PWA Mulder",
              "bowler": "T Ntuli",
              "non_striker": "RD Rickelton",
              "runs": {
                "batter": 2,
                "extras": 0,
                "total": 2
              }
            },
            {
              "batter": "PWA Mulder",
              "bowler": "T Ntuli",
              "extras": {
                "wides": 1
              },
              "non_striker": "RD Rickelton",
              "runs": {
                "batter": 0,
                "extras": 1,
                "total": 1
              }
            },
            {
              "batter": "PWA Mulder",
              "bowler": "T Ntuli",
              "non_striker": "RD Rickelton",
              "runs": {
                "batter": 1,
                "extras": 0,
                "total": 1
              }
            },
            {
              "batter": "RD Rickelton",
              "bowler": "T Ntuli",
              "non_striker": "PWA Mulder",
              "runs": {
                "batter": 0,
                "extras": 0,
                "total": 0
              }
            },
            {
              "batter": "RD Rickelton",
              "bowler": "T Ntuli",
              "non_striker": "PWA Mulder",
              "runs": {
                "batter": 1,
                "extras": 0,
                "total": 1
              }
            }
          ]
        },
        {
          "over": 13,
          "deliveries": [
            {
              "batter": "RD Rickelton",
              "bowler": "G Coetzee",
              "non_striker": "PWA Mulder",
              "runs": {
                "batter": 0,
                "extras": 0,
                "total": 0
              },
              "wickets": [
                {
                  "player_out": "RD Rickelton",
                  "fielders": [
                    {
                      "name": "R McLaren"
                    }
                  ],
                  "kind": "caught"
                }
              ]
            },
            {
              "batter": "PWA Mulder",
              "bowler": "G Coetzee",
              "non_striker": "WJ Lubbe",
              "runs": {
                "batter": 0,
                "extras": 0,
                "total": 0
              },
              "wickets": [
                {
                  "player_out": "PWA Mulder",
                  "fielders": [
                    {
                      "name": "AGS Gous"
                    }
                  ],
                  "kind": "caught"
                }
              ]
            },
            {
              "batter": "D Pretorius",
              "bowler": "G Coetzee",
              "non_striker": "WJ Lubbe",
              "runs": {
                "batter": 0,
                "extras": 0,
                "total": 0
              }
            },
            {
              "batter": "D Pretorius",
              "bowler": "G Coetzee",
              "extras": {
                "wides": 1
              },
              "non_striker": "WJ Lubbe",
              "runs": {
                "batter": 0,
                "extras": 1,
                "total": 1
              }
            },
            {
              "batter": "D Pretorius",
              "bowler": "G Coetzee",
              "non_striker": "WJ Lubbe",
              "runs": {
                "batter": 1,
                "extras": 0,
                "total": 1
              }
            },
            {
              "batter": "WJ Lubbe",
              "bowler": "G Coetzee",
              "non_striker": "D Pretorius",
              "runs": {
                "batter": 0,
                "extras": 0,
                "total": 0
              }
            },
            {
              "batter": "WJ Lubbe",
              "bowler": "G Coetzee",
              "non_striker": "D Pretorius",
              "runs": {
                "batter": 2,
                "extras": 0,
                "total": 2
              }
            }
          ]
        },
        {
          "over": 14,
          "deliveries": [
            {
              "batter": "D Pretorius",
              "bowler": "E Leie",
              "non_striker": "WJ Lubbe",
              "runs": {
                "batter": 0,
                "extras": 0,
                "total": 0
              }
            },
            {
              "batter": "D Pretorius",
              "bowler": "E Leie",
              "non_striker": "WJ Lubbe",
              "runs": {
                "batter": 0,
                "extras": 0,
                "total": 0
              }
            },
            {
              "batter": "D Pretorius",
              "bowler": "E Leie",
              "non_striker": "WJ Lubbe",
              "runs": {
                "batter": 0,
                "extras": 0,
                "total": 0
              }
            },
            {
              "batter": "D Pretorius",
              "bowler": "E Leie",
              "non_striker": "WJ Lubbe",
              "runs": {
                "batter": 1,
                "extras": 0,
                "total": 1
              }
            },
            {
              "batter": "WJ Lubbe",
              "bowler": "E Leie",
              "non_striker": "D Pretorius",
              "runs": {
                "batter": 1,
                "extras": 0,
                "total": 1
              }
            },
            {
              "batter": "D Pretorius",
              "bowler": "E Leie",
              "non_striker": "WJ Lubbe",
              "runs": {
                "batter": 6,
                "extras": 0,
                "total": 6
              }
            }
          ]
        },
        {
          "over": 15,
          "deliveries": [
            {
              "batter": "WJ Lubbe",
              "bowler": "G Coetzee",
              "non_striker": "D Pretorius",
              "runs": {
                "batter": 0,
                "extras": 0,
                "total": 0
              }
            },
            {
              "batter": "WJ Lubbe",
              "bowler": "G Coetzee",
              "non_striker": "D Pretorius",
              "runs": {
                "batter": 1,
                "extras": 0,
                "total": 1
              }
            },
            {
              "batter": "D Pretorius",
              "bowler": "G Coetzee",
              "non_striker": "WJ Lubbe",
              "runs": {
                "batter": 0,
                "extras": 0,
                "total": 0
              }
            },
            {
              "batter": "D Pretorius",
              "bowler": "G Coetzee",
              "extras": {
                "wides": 1
              },
              "non_striker": "WJ Lubbe",
              "runs": {
                "batter": 0,
                "extras": 1,
                "total": 1
              }
            },
            {
              "batter": "D Pretorius",
              "bowler": "G Coetzee",
              "non_striker": "WJ Lubbe",
              "runs": {
                "batter": 4,
                "extras": 0,
                "total": 4
              }
            },
            {
              "batter": "D Pretorius",
              "bowler": "G Coetzee",
              "non_striker": "WJ Lubbe",
              "runs": {
                "batter": 1,
                "extras": 0,
                "total": 1
              }
            },
            {
              "batter": "WJ Lubbe",
              "bowler": "G Coetzee",
              "extras": {
                "wides": 1
              },
              "non_striker": "D Pretorius",
              "runs": {
                "batter": 0,
                "extras": 1,
                "total": 1
              }
            },
            {
              "batter": "WJ Lubbe",
              "bowler": "G Coetzee",
              "non_striker": "D Pretorius",
              "runs": {
                "batter": 1,
                "extras": 0,
                "total": 1
              }
            }
          ]
        },
        {
          "over": 16,
          "deliveries": [
            {
              "batter": "WJ Lubbe",
              "bowler": "OEG Baartman",
              "non_striker": "D Pretorius",
              "runs": {
                "batter": 1,
                "extras": 0,
                "total": 1
              }
            },
            {
              "batter": "D Pretorius",
              "bowler": "OEG Baartman",
              "non_striker": "WJ Lubbe",
              "runs": {
                "batter": 0,
                "extras": 0,
                "total": 0
              }
            },
            {
              "batter": "D Pretorius",
              "bowler": "OEG Baartman",
              "non_striker": "WJ Lubbe",
              "runs": {
                "batter": 1,
                "extras": 0,
                "total": 1
              }
            },
            {
              "batter": "WJ Lubbe",
              "bowler": "OEG Baartman",
              "non_striker": "D Pretorius",
              "runs": {
                "batter": 1,
                "extras": 0,
                "total": 1
              }
            },
            {
              "batter": "D Pretorius",
              "bowler": "OEG Baartman",
              "non_striker": "WJ Lubbe",
              "runs": {
                "batter": 4,
                "extras": 0,
                "total": 4
              }
            },
            {
              "batter": "D Pretorius",
              "bowler": "OEG Baartman",
              "non_striker": "WJ Lubbe",
              "runs": {
                "batter": 0,
                "extras": 0,
                "total": 0
              }
            }
          ]
        },
        {
          "over": 17,
          "deliveries": [
            {
              "batter": "WJ Lubbe",
              "bowler": "SC van Schalkwyk",
              "non_striker": "D Pretorius",
              "runs": {
                "batter": 1,
                "extras": 0,
                "total": 1
              }
            },
            {
              "batter": "D Pretorius",
              "bowler": "SC van Schalkwyk",
              "non_striker": "WJ Lubbe",
              "runs": {
                "batter": 1,
                "extras": 0,
                "total": 1
              }
            },
            {
              "batter": "WJ Lubbe",
              "bowler": "SC van Schalkwyk",
              "non_striker": "D Pretorius",
              "runs": {
                "batter": 0,
                "extras": 0,
                "total": 0
              },
              "wickets": [
                {
                  "player_out": "WJ Lubbe",
                  "fielders": [
                    {
                      "name": "PJ van Biljon"
                    }
                  ],
                  "kind": "caught"
                }
              ]
            },
            {
              "batter": "D Pretorius",
              "bowler": "SC van Schalkwyk",
              "non_striker": "BC Fortuin",
              "runs": {
                "batter": 1,
                "extras": 0,
                "total": 1
              }
            },
            {
              "batter": "BC Fortuin",
              "bowler": "SC van Schalkwyk",
              "non_striker": "D Pretorius",
              "runs": {
                "batter": 2,
                "extras": 0,
                "total": 2
              }
            },
            {
              "batter": "BC Fortuin",
              "bowler": "SC van Schalkwyk",
              "non_striker": "D Pretorius",
              "runs": {
                "batter": 1,
                "extras": 0,
                "total": 1
              }
            }
          ]
        },
        {
          "over": 18,
          "deliveries": [
            {
              "batter": "BC Fortuin",
              "bowler": "OEG Baartman",
              "non_striker": "D Pretorius",
              "runs": {
                "batter": 1,
                "extras": 0,
                "total": 1
              }
            },
            {
              "batter": "D Pretorius",
              "bowler": "OEG Baartman",
              "non_striker": "BC Fortuin",
              "runs": {
                "batter": 4,
                "extras": 0,
                "total": 4
              }
            },
            {
              "batter": "D Pretorius",
              "bowler": "OEG Baartman",
              "non_striker": "BC Fortuin",
              "runs": {
                "batter": 1,
                "extras": 0,
                "total": 1
              }
            },
            {
              "batter": "BC Fortuin",
              "bowler": "OEG Baartman",
              "non_striker": "D Pretorius",
              "runs": {
                "batter": 2,
                "extras": 0,
                "total": 2
              }
            },
            {
              "batter": "BC Fortuin",
              "bowler": "OEG Baartman",
              "non_striker": "D Pretorius",
              "runs": {
                "batter": 1,
                "extras": 0,
                "total": 1
              }
            },
            {
              "batter": "D Pretorius",
              "bowler": "OEG Baartman",
              "non_striker": "BC Fortuin",
              "runs": {
                "batter": 4,
                "extras": 0,
                "total": 4
              }
            }
          ]
        },
        {
          "over": 19,
          "deliveries": [
            {
              "batter": "BC Fortuin",
              "bowler": "SC van Schalkwyk",
              "non_striker": "D Pretorius",
              "runs": {
                "batter": 1,
                "extras": 0,
                "total": 1
              }
            },
            {
              "batter": "D Pretorius",
              "bowler": "SC van Schalkwyk",
              "non_striker": "BC Fortuin",
              "runs": {
                "batter": 2,
                "extras": 0,
                "total": 2
              }
            },
            {
              "batter": "D Pretorius",
              "bowler": "SC van Schalkwyk",
              "extras": {
                "wides": 1
              },
              "non_striker": "BC Fortuin",
              "runs": {
                "batter": 0,
                "extras": 1,
                "total": 1
              }
            },
            {
              "batter": "D Pretorius",
              "bowler": "SC van Schalkwyk",
              "non_striker": "BC Fortuin",
              "runs": {
                "batter": 4,
                "extras": 0,
                "total": 4
              }
            },
            {
              "batter": "D Pretorius",
              "bowler": "SC van Schalkwyk",
              "non_striker": "BC Fortuin",
              "runs": {
                "batter": 1,
                "extras": 0,
                "total": 1
              }
            },
            {
              "batter": "BC Fortuin",
              "bowler": "SC van Schalkwyk",
              "non_striker": "D Pretorius",
              "runs": {
                "batter": 2,
                "extras": 0,
                "total": 2
              }
            },
            {
              "batter": "BC Fortuin",
              "bowler": "SC van Schalkwyk",
              "non_striker": "D Pretorius",
              "runs": {
                "batter": 0,
                "extras": 0,
                "total": 0
              },
              "wickets": [
                {
                  "player_out": "BC Fortuin",
                  "fielders": [
                    {
                      "name": "SC van Schalkwyk"
                    }
                  ],
                  "kind": "run out"
                }
              ]
            }
          ]
        }
      ],
      "powerplays": [
        {
          "from": 0.1,
          "to": 5.6,
          "type": "mandatory"
        }
      ]
    },
    {
      "team": "Knights",
      "overs": [
        {
          "over": 0,
          "deliveries": [
            {
              "batter": "PE Kruger",
              "bowler": "BC Fortuin",
              "non_striker": "AGS Gous",
              "runs": {
                "batter": 1,
                "extras": 0,
                "total": 1
              }
            },
            {
              "batter": "AGS Gous",
              "bowler": "BC Fortuin",
              "non_striker": "PE Kruger",
              "runs": {
                "batter": 0,
                "extras": 0,
                "total": 0
              }
            },
            {
              "batter": "AGS Gous",
              "bowler": "BC Fortuin",
              "non_striker": "PE Kruger",
              "runs": {
                "batter": 0,
                "extras": 0,
                "total": 0
              }
            },
            {
              "batter": "AGS Gous",
              "bowler": "BC Fortuin",
              "non_striker": "PE Kruger",
              "runs": {
                "batter": 1,
                "extras": 0,
                "total": 1
              }
            },
            {
              "batter": "PE Kruger",
              "bowler": "BC Fortuin",
              "non_striker": "AGS Gous",
              "runs": {
                "batter": 1,
                "extras": 0,
                "total": 1
              }
            },
            {
              "batter": "AGS Gous",
              "bowler": "BC Fortuin",
              "non_striker": "PE Kruger",
              "runs": {
                "batter": 2,
                "extras": 0,
                "total": 2
              }
            }
          ]
        },
        {
          "over": 1,
          "deliveries": [
            {
              "batter": "PE Kruger",
              "bowler": "BE Hendricks",
              "non_striker": "AGS Gous",
              "runs": {
                "batter": 0,
                "extras": 0,
                "total": 0
              }
            },
            {
              "batter": "PE Kruger",
              "bowler": "BE Hendricks",
              "non_striker": "AGS Gous",
              "runs": {
                "batter": 0,
                "extras": 0,
                "total": 0
              }
            },
            {
              "batter": "PE Kruger",
              "bowler": "BE Hendricks",
              "non_striker": "AGS Gous",
              "runs": {
                "batter": 1,
                "extras": 0,
                "total": 1
              }
            },
            {
              "batter": "AGS Gous",
              "bowler": "BE Hendricks",
              "non_striker": "PE Kruger",
              "runs": {
                "batter": 4,
                "extras": 0,
                "total": 4
              }
            },
            {
              "batter": "AGS Gous",
              "bowler": "BE Hendricks",
              "non_striker": "PE Kruger",
              "runs": {
                "batter": 4,
                "extras": 0,
                "total": 4
              }
            },
            {
              "batter": "AGS Gous",
              "bowler": "BE Hendricks",
              "non_striker": "PE Kruger",
              "runs": {
                "batter": 0,
                "extras": 0,
                "total": 0
              }
            }
          ]
        },
        {
          "over": 2,
          "deliveries": [
            {
              "batter": "PE Kruger",
              "bowler": "BC Fortuin",
              "non_striker": "AGS Gous",
              "runs": {
                "batter": 0,
                "extras": 0,
                "total": 0
              },
              "wickets": [
                {
                  "player_out": "PE Kruger",
                  "kind": "lbw"
                }
              ]
            },
            {
              "batter": "R van Tonder",
              "bowler": "BC Fortuin",
              "non_striker": "AGS Gous",
              "runs": {
                "batter": 0,
                "extras": 0,
                "total": 0
              }
            },
            {
              "batter": "R van Tonder",
              "bowler": "BC Fortuin",
              "non_striker": "AGS Gous",
              "runs": {
                "batter": 0,
                "extras": 0,
                "total": 0
              }
            },
            {
              "batter": "R van Tonder",
              "bowler": "BC Fortuin",
              "non_striker": "AGS Gous",
              "runs": {
                "batter": 0,
                "extras": 0,
                "total": 0
              }
            },
            {
              "batter": "R van Tonder",
              "bowler": "BC Fortuin",
              "non_striker": "AGS Gous",
              "runs": {
                "batter": 0,
                "extras": 0,
                "total": 0
              }
            },
            {
              "batter": "R van Tonder",
              "bowler": "BC Fortuin",
              "non_striker": "AGS Gous",
              "runs": {
                "batter": 3,
                "extras": 0,
                "total": 3
              }
            }
          ]
        },
        {
          "over": 3,
          "deliveries": [
            {
              "batter": "R van Tonder",
              "bowler": "BE Hendricks",
              "non_striker": "AGS Gous",
              "runs": {
                "batter": 1,
                "extras": 0,
                "total": 1
              }
            },
            {
              "batter": "AGS Gous",
              "bowler": "BE Hendricks",
              "non_striker": "R van Tonder",
              "runs": {
                "batter": 1,
                "extras": 0,
                "total": 1
              }
            },
            {
              "batter": "R van Tonder",
              "bowler": "BE Hendricks",
              "non_striker": "AGS Gous",
              "runs": {
                "batter": 0,
                "extras": 0,
                "total": 0
              }
            },
            {
              "batter": "R van Tonder",
              "bowler": "BE Hendricks",
              "non_striker": "AGS Gous",
              "runs": {
                "batter": 4,
                "extras": 0,
                "total": 4
              }
            },
            {
              "batter": "R van Tonder",
              "bowler": "BE Hendricks",
              "non_striker": "AGS Gous",
              "runs": {
                "batter": 4,
                "extras": 0,
                "total": 4
              }
            },
            {
              "batter": "R van Tonder",
              "bowler": "BE Hendricks",
              "non_striker": "AGS Gous",
              "runs": {
                "batter": 0,
                "extras": 0,
                "total": 0
              }
            }
          ]
        },
        {
          "over": 4,
          "deliveries": [
            {
              "batter": "AGS Gous",
              "bowler": "D Pretorius",
              "non_striker": "R van Tonder",
              "runs": {
                "batter": 1,
                "extras": 0,
                "total": 1
              }
            },
            {
              "batter": "R van Tonder",
              "bowler": "D Pretorius",
              "non_striker": "AGS Gous",
              "runs": {
                "batter": 0,
                "extras": 0,
                "total": 0
              }
            },
            {
              "batter": "R van Tonder",
              "bowler": "D Pretorius",
              "non_striker": "AGS Gous",
              "runs": {
                "batter": 0,
                "extras": 0,
                "total": 0
              }
            },
            {
              "batter": "R van Tonder",
              "bowler": "D Pretorius",
              "non_striker": "AGS Gous",
              "runs": {
                "batter": 2,
                "extras": 0,
                "total": 2
              }
            },
            {
              "batter": "R van Tonder",
              "bowler": "D Pretorius",
              "non_striker": "AGS Gous",
              "runs": {
                "batter": 0,
                "extras": 0,
                "total": 0
              }
            },
            {
              "batter": "R van Tonder",
              "bowler": "D Pretorius",
              "non_striker": "AGS Gous",
              "runs": {
                "batter": 1,
                "extras": 0,
                "total": 1
              }
            }
          ]
        },
        {
          "over": 5,
          "deliveries": [
            {
              "batter": "R van Tonder",
              "bowler": "PWA Mulder",
              "non_striker": "AGS Gous",
              "runs": {
                "batter": 0,
                "extras": 0,
                "total": 0
              }
            },
            {
              "batter": "R van Tonder",
              "bowler": "PWA Mulder",
              "non_striker": "AGS Gous",
              "runs": {
                "batter": 1,
                "extras": 0,
                "total": 1
              }
            },
            {
              "batter": "AGS Gous",
              "bowler": "PWA Mulder",
              "non_striker": "R van Tonder",
              "runs": {
                "batter": 4,
                "extras": 0,
                "total": 4
              }
            },
            {
              "batter": "AGS Gous",
              "bowler": "PWA Mulder",
              "non_striker": "R van Tonder",
              "runs": {
                "batter": 0,
                "extras": 0,
                "total": 0
              }
            },
            {
              "batter": "AGS Gous",
              "bowler": "PWA Mulder",
              "non_striker": "R van Tonder",
              "runs": {
                "batter": 6,
                "extras": 0,
                "total": 6
              }
            },
            {
              "batter": "AGS Gous",
              "bowler": "PWA Mulder",
              "extras": {
                "wides": 1
              },
              "non_striker": "R van Tonder",
              "runs": {
                "batter": 0,
                "extras": 1,
                "total": 1
              }
            },
            {
              "batter": "AGS Gous",
              "bowler": "PWA Mulder",
              "non_striker": "R van Tonder",
              "runs": {
                "batter": 0,
                "extras": 0,
                "total": 0
              }
            }
          ]
        },
        {
          "over": 6,
          "deliveries": [
            {
              "batter": "R van Tonder",
              "bowler": "D Pretorius",
              "non_striker": "AGS Gous",
              "runs": {
                "batter": 0,
                "extras": 0,
                "total": 0
              }
            },
            {
              "batter": "R van Tonder",
              "bowler": "D Pretorius",
              "non_striker": "AGS Gous",
              "runs": {
                "batter": 4,
                "extras": 0,
                "total": 4
              }
            },
            {
              "batter": "R van Tonder",
              "bowler": "D Pretorius",
              "non_striker": "AGS Gous",
              "runs": {
                "batter": 1,
                "extras": 0,
                "total": 1
              }
            },
            {
              "batter": "AGS Gous",
              "bowler": "D Pretorius",
              "non_striker": "R van Tonder",
              "runs": {
                "batter": 1,
                "extras": 0,
                "total": 1
              }
            },
            {
              "batter": "R van Tonder",
              "bowler": "D Pretorius",
              "non_striker": "AGS Gous",
              "runs": {
                "batter": 0,
                "extras": 0,
                "total": 0
              }
            },
            {
              "batter": "R van Tonder",
              "bowler": "D Pretorius",
              "non_striker": "AGS Gous",
              "runs": {
                "batter": 1,
                "extras": 0,
                "total": 1
              }
            }
          ]
        },
        {
          "over": 7,
          "deliveries": [
            {
              "batter": "R van Tonder",
              "bowler": "AM Phangiso",
              "non_striker": "AGS Gous",
              "runs": {
                "batter": 0,
                "extras": 0,
                "total": 0
              }
            },
            {
              "batter": "R van Tonder",
              "bowler": "AM Phangiso",
              "non_striker": "AGS Gous",
              "runs": {
                "batter": 6,
                "extras": 0,
                "total": 6
              }
            },
            {
              "batter": "R van Tonder",
              "bowler": "AM Phangiso",
              "non_striker": "AGS Gous",
              "runs": {
                "batter": 4,
                "extras": 0,
                "total": 4
              }
            },
            {
              "batter": "R van Tonder",
              "bowler": "AM Phangiso",
              "non_striker": "AGS Gous",
              "runs": {
                "batter": 0,
                "extras": 0,
                "total": 0
              },
              "wickets": [
                {
                  "player_out": "R van Tonder",
                  "kind": "bowled"
                }
              ]
            },
            {
              "batter": "PJ van Biljon",
              "bowler": "AM Phangiso",
              "non_striker": "AGS Gous",
              "runs": {
                "batter": 0,
                "extras": 0,
                "total": 0
              }
            },
            {
              "batter": "PJ van Biljon",
              "bowler": "AM Phangiso",
              "non_striker": "AGS Gous",
              "runs": {
                "batter": 0,
                "extras": 0,
                "total": 0
              }
            }
          ]
        },
        {
          "over": 8,
          "deliveries": [
            {
              "batter": "AGS Gous",
              "bowler": "MP Siboto",
              "non_striker": "PJ van Biljon",
              "runs": {
                "batter": 0,
                "extras": 0,
                "total": 0
              },
              "wickets": [
                {
                  "player_out": "AGS Gous",
                  "fielders": [
                    {
                      "name": "PWA Mulder"
                    }
                  ],
                  "kind": "caught"
                }
              ]
            },
            {
              "batter": "TG Mokoena",
              "bowler": "MP Siboto",
              "non_striker": "PJ van Biljon",
              "runs": {
                "batter": 1,
                "extras": 0,
                "total": 1
              }
            },
            {
              "batter": "PJ van Biljon",
              "bowler": "MP Siboto",
              "non_striker": "TG Mokoena",
              "runs": {
                "batter": 0,
                "extras": 0,
                "total": 0
              }
            },
            {
              "batter": "PJ van Biljon",
              "bowler": "MP Siboto",
              "non_striker": "TG Mokoena",
              "runs": {
                "batter": 0,
                "extras": 0,
                "total": 0
              }
            },
            {
              "batter": "PJ van Biljon",
              "bowler": "MP Siboto",
              "non_striker": "TG Mokoena",
              "runs": {
                "batter": 1,
                "extras": 0,
                "total": 1
              }
            },
            {
              "batter": "TG Mokoena",
              "bowler": "MP Siboto",
              "non_striker": "PJ van Biljon",
              "runs": {
                "batter": 1,
                "extras": 0,
                "total": 1
              }
            }
          ]
        },
        {
          "over": 9,
          "deliveries": [
            {
              "batter": "TG Mokoena",
              "bowler": "AM Phangiso",
              "non_striker": "PJ van Biljon",
              "runs": {
                "batter": 1,
                "extras": 0,
                "total": 1
              }
            },
            {
              "batter": "PJ van Biljon",
              "bowler": "AM Phangiso",
              "non_striker": "TG Mokoena",
              "runs": {
                "batter": 0,
                "extras": 0,
                "total": 0
              }
            },
            {
              "batter": "PJ van Biljon",
              "bowler": "AM Phangiso",
              "non_striker": "TG Mokoena",
              "runs": {
                "batter": 0,
                "extras": 0,
                "total": 0
              }
            },
            {
              "batter": "PJ van Biljon",
              "bowler": "AM Phangiso",
              "non_striker": "TG Mokoena",
              "runs": {
                "batter": 1,
                "extras": 0,
                "total": 1
              }
            },
            {
              "batter": "TG Mokoena",
              "bowler": "AM Phangiso",
              "non_striker": "PJ van Biljon",
              "runs": {
                "batter": 1,
                "extras": 0,
                "total": 1
              }
            },
            {
              "batter": "PJ van Biljon",
              "bowler": "AM Phangiso",
              "non_striker": "TG Mokoena",
              "runs": {
                "batter": 0,
                "extras": 0,
                "total": 0
              }
            }
          ]
        },
        {
          "over": 10,
          "deliveries": [
            {
              "batter": "TG Mokoena",
              "bowler": "MP Siboto",
              "non_striker": "PJ van Biljon",
              "runs": {
                "batter": 0,
                "extras": 0,
                "total": 0
              }
            },
            {
              "batter": "TG Mokoena",
              "bowler": "MP Siboto",
              "non_striker": "PJ van Biljon",
              "runs": {
                "batter": 0,
                "extras": 0,
                "total": 0
              }
            },
            {
              "batter": "TG Mokoena",
              "bowler": "MP Siboto",
              "non_striker": "PJ van Biljon",
              "runs": {
                "batter": 0,
                "extras": 0,
                "total": 0
              }
            },
            {
              "batter": "TG Mokoena",
              "bowler": "MP Siboto",
              "non_striker": "PJ van Biljon",
              "runs": {
                "batter": 0,
                "extras": 0,
                "total": 0
              }
            },
            {
              "batter": "TG Mokoena",
              "bowler": "MP Siboto",
              "non_striker": "PJ van Biljon",
              "runs": {
                "batter": 2,
                "extras": 0,
                "total": 2
              }
            },
            {
              "batter": "TG Mokoena",
              "bowler": "MP Siboto",
              "non_striker": "PJ van Biljon",
              "runs": {
                "batter": 1,
                "extras": 0,
                "total": 1
              }
            }
          ]
        },
        {
          "over": 11,
          "deliveries": [
            {
              "batter": "TG Mokoena",
              "bowler": "AM Phangiso",
              "non_striker": "PJ van Biljon",
              "runs": {
                "batter": 2,
                "extras": 0,
                "total": 2
              }
            },
            {
              "batter": "TG Mokoena",
              "bowler": "AM Phangiso",
              "non_striker": "PJ van Biljon",
              "runs": {
                "batter": 0,
                "extras": 0,
                "total": 0
              }
            },
            {
              "batter": "TG Mokoena",
              "bowler": "AM Phangiso",
              "non_striker": "PJ van Biljon",
              "runs": {
                "batter": 1,
                "extras": 0,
                "total": 1
              }
            },
            {
              "batter": "PJ van Biljon",
              "bowler": "AM Phangiso",
              "non_striker": "TG Mokoena",
              "runs": {
                "batter": 0,
                "extras": 0,
                "total": 0
              }
            },
            {
              "batter": "PJ van Biljon",
              "bowler": "AM Phangiso",
              "non_striker": "TG Mokoena",
              "runs": {
                "batter": 0,
                "extras": 0,
                "total": 0
              }
            },
            {
              "batter": "PJ van Biljon",
              "bowler": "AM Phangiso",
              "non_striker": "TG Mokoena",
              "runs": {
                "batter": 1,
                "extras": 0,
                "total": 1
              }
            }
          ]
        },
        {
          "over": 12,
          "deliveries": [
            {
              "batter": "PJ van Biljon",
              "bowler": "PWA Mulder",
              "extras": {
                "wides": 1
              },
              "non_striker": "TG Mokoena",
              "runs": {
                "batter": 0,
                "extras": 1,
                "total": 1
              }
            },
            {
              "batter": "PJ van Biljon",
              "bowler": "PWA Mulder",
              "non_striker": "TG Mokoena",
              "runs": {
                "batter": 1,
                "extras": 0,
                "total": 1
              }
            },
            {
              "batter": "TG Mokoena",
              "bowler": "PWA Mulder",
              "non_striker": "PJ van Biljon",
              "runs": {
                "batter": 0,
                "extras": 0,
                "total": 0
              }
            },
            {
              "batter": "TG Mokoena",
              "bowler": "PWA Mulder",
              "non_striker": "PJ van Biljon",
              "runs": {
                "batter": 1,
                "extras": 0,
                "total": 1
              }
            },
            {
              "batter": "PJ van Biljon",
              "bowler": "PWA Mulder",
              "non_striker": "TG Mokoena",
              "runs": {
                "batter": 0,
                "extras": 0,
                "total": 0
              }
            },
            {
              "batter": "PJ van Biljon",
              "bowler": "PWA Mulder",
              "non_striker": "TG Mokoena",
              "runs": {
                "batter": 1,
                "extras": 0,
                "total": 1
              }
            },
            {
              "batter": "TG Mokoena",
              "bowler": "PWA Mulder",
              "non_striker": "PJ van Biljon",
              "runs": {
                "batter": 1,
                "extras": 0,
                "total": 1
              }
            }
          ]
        },
        {
          "over": 13,
          "deliveries": [
            {
              "batter": "TG Mokoena",
              "bowler": "AM Phangiso",
              "non_striker": "PJ van Biljon",
              "runs": {
                "batter": 1,
                "extras": 0,
                "total": 1
              }
            },
            {
              "batter": "PJ van Biljon",
              "bowler": "AM Phangiso",
              "non_striker": "TG Mokoena",
              "runs": {
                "batter": 2,
                "extras": 0,
                "total": 2
              }
            },
            {
              "batter": "PJ van Biljon",
              "bowler": "AM Phangiso",
              "non_striker": "TG Mokoena",
              "runs": {
                "batter": 2,
                "extras": 0,
                "total": 2
              }
            },
            {
              "batter": "PJ van Biljon",
              "bowler": "AM Phangiso",
              "non_striker": "TG Mokoena",
              "runs": {
                "batter": 1,
                "extras": 0,
                "total": 1
              }
            },
            {
              "batter": "TG Mokoena",
              "bowler": "AM Phangiso",
              "non_striker": "PJ van Biljon",
              "runs": {
                "batter": 0,
                "extras": 0,
                "total": 0
              }
            },
            {
              "batter": "TG Mokoena",
              "bowler": "AM Phangiso",
              "non_striker": "PJ van Biljon",
              "runs": {
                "batter": 1,
                "extras": 0,
                "total": 1
              }
            }
          ]
        },
        {
          "over": 14,
          "deliveries": [
            {
              "batter": "TG Mokoena",
              "bowler": "D Pretorius",
              "non_striker": "PJ van Biljon",
              "runs": {
                "batter": 2,
                "extras": 0,
                "total": 2
              }
            },
            {
              "batter": "TG Mokoena",
              "bowler": "D Pretorius",
              "non_striker": "PJ van Biljon",
              "runs": {
                "batter": 0,
                "extras": 0,
                "total": 0
              }
            },
            {
              "batter": "TG Mokoena",
              "bowler": "D Pretorius",
              "non_striker": "PJ van Biljon",
              "runs": {
                "batter": 6,
                "extras": 0,
                "total": 6
              }
            },
            {
              "batter": "TG Mokoena",
              "bowler": "D Pretorius",
              "non_striker": "PJ van Biljon",
              "runs": {
                "batter": 0,
                "extras": 0,
                "total": 0
              },
              "wickets": [
                {
                  "player_out": "TG Mokoena",
                  "fielders": [
                    {
                      "name": "RD Rickelton"
                    }
                  ],
                  "kind": "caught"
                }
              ]
            },
            {
              "batter": "PJ van Biljon",
              "bowler": "D Pretorius",
              "non_striker": "R McLaren",
              "runs": {
                "batter": 1,
                "extras": 0,
                "total": 1
              }
            },
            {
              "batter": "R McLaren",
              "bowler": "D Pretorius",
              "non_striker": "PJ van Biljon",
              "runs": {
                "batter": 0,
                "extras": 0,
                "total": 0
              }
            }
          ]
        },
        {
          "over": 15,
          "deliveries": [
            {
              "batter": "PJ van Biljon",
              "bowler": "BC Fortuin",
              "non_striker": "R McLaren",
              "runs": {
                "batter": 0,
                "extras": 0,
                "total": 0
              },
              "wickets": [
                {
                  "player_out": "PJ van Biljon",
                  "kind": "bowled"
                }
              ]
            },
            {
              "batter": "G Coetzee",
              "bowler": "BC Fortuin",
              "non_striker": "R McLaren",
              "runs": {
                "batter": 0,
                "extras": 0,
                "total": 0
              },
              "wickets": [
                {
                  "player_out": "G Coetzee",
                  "kind": "bowled"
                }
              ]
            },
            {
              "batter": "SC van Schalkwyk",
              "bowler": "BC Fortuin",
              "non_striker": "R McLaren",
              "runs": {
                "batter": 0,
                "extras": 0,
                "total": 0
              }
            },
            {
              "batter": "SC van Schalkwyk",
              "bowler": "BC Fortuin",
              "non_striker": "R McLaren",
              "runs": {
                "batter": 0,
                "extras": 0,
                "total": 0
              }
            },
            {
              "batter": "SC van Schalkwyk",
              "bowler": "BC Fortuin",
              "non_striker": "R McLaren",
              "runs": {
                "batter": 0,
                "extras": 0,
                "total": 0
              }
            },
            {
              "batter": "SC van Schalkwyk",
              "bowler": "BC Fortuin",
              "non_striker": "R McLaren",
              "runs": {
                "batter": 1,
                "extras": 0,
                "total": 1
              }
            }
          ]
        },
        {
          "over": 16,
          "deliveries": [
            {
              "batter": "SC van Schalkwyk",
              "bowler": "BE Hendricks",
              "non_striker": "R McLaren",
              "runs": {
                "batter": 0,
                "extras": 0,
                "total": 0
              },
              "wickets": [
                {
                  "player_out": "SC van Schalkwyk",
                  "fielders": [
                    {
                      "name": "AM Phangiso"
                    }
                  ],
                  "kind": "caught"
                }
              ]
            },
            {
              "batter": "R McLaren",
              "bowler": "BE Hendricks",
              "non_striker": "E Leie",
              "runs": {
                "batter": 2,
                "extras": 0,
                "total": 2
              }
            },
            {
              "batter": "R McLaren",
              "bowler": "BE Hendricks",
              "non_striker": "E Leie",
              "runs": {
                "batter": 0,
                "extras": 0,
                "total": 0
              }
            },
            {
              "batter": "R McLaren",
              "bowler": "BE Hendricks",
              "non_striker": "E Leie",
              "runs": {
                "batter": 0,
                "extras": 0,
                "total": 0
              }
            },
            {
              "batter": "R McLaren",
              "bowler": "BE Hendricks",
              "non_striker": "E Leie",
              "runs": {
                "batter": 1,
                "extras": 0,
                "total": 1
              }
            },
            {
              "batter": "E Leie",
              "bowler": "BE Hendricks",
              "non_striker": "R McLaren",
              "runs": {
                "batter": 0,
                "extras": 0,
                "total": 0
              }
            }
          ]
        },
        {
          "over": 17,
          "deliveries": [
            {
              "batter": "R McLaren",
              "bowler": "BC Fortuin",
              "non_striker": "E Leie",
              "runs": {
                "batter": 0,
                "extras": 0,
                "total": 0
              }
            },
            {
              "batter": "R McLaren",
              "bowler": "BC Fortuin",
              "non_striker": "E Leie",
              "runs": {
                "batter": 0,
                "extras": 0,
                "total": 0
              }
            },
            {
              "batter": "R McLaren",
              "bowler": "BC Fortuin",
              "non_striker": "E Leie",
              "runs": {
                "batter": 1,
                "extras": 0,
                "total": 1
              }
            },
            {
              "batter": "E Leie",
              "bowler": "BC Fortuin",
              "non_striker": "R McLaren",
              "runs": {
                "batter": 0,
                "extras": 0,
                "total": 0
              }
            },
            {
              "batter": "E Leie",
              "bowler": "BC Fortuin",
              "non_striker": "R McLaren",
              "runs": {
                "batter": 0,
                "extras": 0,
                "total": 0
              }
            },
            {
              "batter": "E Leie",
              "bowler": "BC Fortuin",
              "non_striker": "R McLaren",
              "runs": {
                "batter": 0,
                "extras": 0,
                "total": 0
              }
            }
          ]
        },
        {
          "over": 18,
          "deliveries": [
            {
              "batter": "R McLaren",
              "bowler": "BE Hendricks",
              "non_striker": "E Leie",
              "runs": {
                "batter": 0,
                "extras": 0,
                "total": 0
              }
            },
            {
              "batter": "R McLaren",
              "bowler": "BE Hendricks",
              "non_striker": "E Leie",
              "runs": {
                "batter": 0,
                "extras": 0,
                "total": 0
              }
            },
            {
              "batter": "R McLaren",
              "bowler": "BE Hendricks",
              "non_striker": "E Leie",
              "runs": {
                "batter": 0,
                "extras": 0,
                "total": 0
              }
            },
            {
              "batter": "R McLaren",
              "bowler": "BE Hendricks",
              "non_striker": "E Leie",
              "runs": {
                "batter": 1,
                "extras": 0,
                "total": 1
              }
            },
            {
              "batter": "E Leie",
              "bowler": "BE Hendricks",
              "non_striker": "R McLaren",
              "runs": {
                "batter": 1,
                "extras": 0,
                "total": 1
              }
            },
            {
              "batter": "R McLaren",
              "bowler": "BE Hendricks",
              "non_striker": "E Leie",
              "runs": {
                "batter": 4,
                "extras": 0,
                "total": 4
              }
            }
          ]
        },
        {
          "over": 19,
          "deliveries": [
            {
              "batter": "E Leie",
              "bowler": "MP Siboto",
              "non_striker": "R McLaren",
              "runs": {
                "batter": 0,
                "extras": 0,
                "total": 0
              }
            },
            {
              "batter": "E Leie",
              "bowler": "MP Siboto",
              "non_striker": "R McLaren",
              "runs": {
                "batter": 0,
                "extras": 0,
                "total": 0
              },
              "wickets": [
                {
                  "player_out": "E Leie",
                  "kind": "bowled"
                }
              ]
            },
            {
              "batter": "T Ntuli",
              "bowler": "MP Siboto",
              "non_striker": "R McLaren",
              "runs": {
                "batter": 0,
                "extras": 0,
                "total": 0
              }
            },
            {
              "batter": "T Ntuli",
              "bowler": "MP Siboto",
              "non_striker": "R McLaren",
              "runs": {
                "batter": 1,
                "extras": 0,
                "total": 1
              }
            },
            {
              "batter": "R McLaren",
              "bowler": "MP Siboto",
              "non_striker": "T Ntuli",
              "runs": {
                "batter": 4,
                "extras": 0,
                "total": 4
              }
            },
            {
              "batter": "R McLaren",
              "bowler": "MP Siboto",
              "non_striker": "T Ntuli",
              "runs": {
                "batter": 0,
                "extras": 0,
                "total": 0
              },
              "wickets": [
                {
                  "player_out": "R McLaren",
                  "kind": "bowled"
                }
              ]
            }
          ]
        }
      ],
      "powerplays": [
        {
          "from": 0.1,
          "to": 5.7,
          "type": "mandatory"
        }
      ],
      "target": {
        "overs": 20,
        "runs": 151
      }
    }
  ]
}