{
  "meta": {
    "data_version": "1.1.0",
    "created": "2022-03-30",
    "revision": 1
  },
  "info": {
    "balls_per_over": 6,
    "city": "Johannesburg",
    "dates": [
      "2019-05-01"
    ],
    "event": {
      "name": "CSA T20 Challenge",
      "stage": "Semi Final"
    },
    "gender": "male",
    "match_type": "T20",
    "officials": {
      "match_referees": [
        "S Wadvalla"
      ],
      "reserve_umpires": [
        "Siphelele Gasa"
      ],
      "tv_umpires": [
        "JD Cloete"
      ],
      "umpires": [
        "A Paleker",
        "Stephen Harris"
      ]
    },
    "outcome": {
      "winner": "Lions",
      "by": {
        "wickets": 8
      }
    },
    "overs": 20,
    "player_of_match": [
      "AM Phangiso",
      "HE van der Dussen"
    ],
    "players": {
      "Dolphins": [
        "VB van Jaarsveld",
        "MN van Wyk",
        "C Chetty",
        "K Zondo",
        "S Muthusamy",
        "BS Makhanya",
        "AL Phehlukwayo",
        "R Frylinck",
        "KA Maharaj",
        "P Subrayen",
        "DM Dupavillon"
      ],
      "Lions": [
        "RD Rickelton",
        "RR Hendricks",
        "T Bavuma",
        "HE van der Dussen",
        "PWA Mulder",
        "D Pretorius",
        "Z Pongolo",
        "M Pretorius",
        "BC Fortuin",
        "AM Phangiso",
        "LB Williams"
      ]
    },
    "registry": {
      "people": {
        "A Paleker": "634b11ac",
        "AL Phehlukwayo": "ab6b1c45",
        "AM Phangiso": "7f8ecc51",
        "BC Fortuin": "9a2fc964",
        "BS Makhanya": "1b42a100",
        "C Chetty": "27ca3a11",
        "D Pretorius": "11614d87",
        "DM Dupavillon": "7cb2d9d2",
        "HE van der Dussen": "9948e262",
        "JD Cloete": "b0419f8c",
        "K Zondo": "4aad78d3",
        "KA Maharaj": "0b60eb09",
        "LB Williams": "a1d95bd8",
        "M Pretorius": "54c2b697",
        "MN van Wyk": "710dd98c",
        "P Subrayen": "7ec9711d",
        "PWA Mulder": "c96f6ac5",
        "R Frylinck": "8b248d88",
        "RD Rickelton": "e66732f8",
        "RR Hendricks": "b8cc58c9",
        "S Muthusamy": "7dfb8890",
        "S Wadvalla": "c1a1acf3",
        "Siphelele Gasa": "e50baa87",
        "Stephen Harris": "fdcfd4aa",
        "T Bavuma": "9ffd1ac1",
        "VB van Jaarsveld": "890b877d",
        "Z Pongolo": "01698fee"
      }
    },
    "season": "2018/19",
    "team_type": "club",
    "teams": [
      "Dolphins",
      "Lions"
    ],
    "toss": {
      "decision": "field",
      "winner": "Lions"
    },
    "venue": "New Wanderers Stadium, Johannesburg"
  },
  "innings": [
    {
      "team": "Dolphins",
      "overs": [
        {
          "over": 0,
          "deliveries": [
            {
              "batter": "VB van Jaarsveld",
              "bowler": "BC Fortuin",
              "non_striker": "MN van Wyk",
              "runs": {
                "batter": 0,
                "extras": 0,
                "total": 0
              }
            },
            {
              "batter": "VB van Jaarsveld",
              "bowler": "BC Fortuin",
              "non_striker": "MN van Wyk",
              "runs": {
                "batter": 0,
                "extras": 0,
                "total": 0
              }
            },
            {
              "batter": "VB van Jaarsveld",
              "bowler": "BC Fortuin",
              "non_striker": "MN van Wyk",
              "runs": {
                "batter": 0,
                "extras": 0,
                "total": 0
              }
            },
            {
              "batter": "VB van Jaarsveld",
              "bowler": "BC Fortuin",
              "non_striker": "MN van Wyk",
              "runs": {
                "batter": 1,
                "extras": 0,
                "total": 1
              }
            },
            {
              "batter": "MN van Wyk",
              "bowler": "BC Fortuin",
              "non_striker": "VB van Jaarsveld",
              "runs": {
                "batter": 0,
                "extras": 0,
                "total": 0
              }
            },
            {
              "batter": "MN van Wyk",
              "bowler": "BC Fortuin",
              "non_striker": "VB van Jaarsveld",
              "runs": {
                "batter": 0,
                "extras": 0,
                "total": 0
              }
            }
          ]
        },
        {
          "over": 1,
          "deliveries": [
            {
              "batter": "VB van Jaarsveld",
              "bowler": "LB Williams",
              "non_striker": "MN van Wyk",
              "runs": {
                "batter": 0,
                "extras": 0,
                "total": 0
              }
            },
            {
              "batter": "VB van Jaarsveld",
              "bowler": "LB Williams",
              "non_striker": "MN van Wyk",
              "runs": {
                "batter": 0,
                "extras": 0,
                "total": 0
              }
            },
            {
              "batter": "VB van Jaarsveld",
              "bowler": "LB Williams",
              "non_striker": "MN van Wyk",
              "runs": {
                "batter": 0,
                "extras": 0,
                "total": 0
              }
            },
            {
              "batter": "VB van Jaarsveld",
              "bowler": "LB Williams",
              "non_striker": "MN van Wyk",
              "runs": {
                "batter": 1,
                "extras": 0,
                "total": 1
              }
            },
            {
              "batter": "MN van Wyk",
              "bowler": "LB Williams",
              "non_striker": "VB van Jaarsveld",
              "runs": {
                "batter": 0,
                "extras": 0,
                "total": 0
              }
            },
            {
              "batter": "MN van Wyk",
              "bowler": "LB Williams",
              "non_striker": "VB van Jaarsveld",
              "runs": {
                "batter": 4,
                "extras": 0,
                "total": 4
              }
            }
          ]
        },
        {
          "over": 2,
          "deliveries": [
            {
              "batter": "VB van Jaarsveld",
              "bowler": "BC Fortuin",
              "non_striker": "MN van Wyk",
              "runs": {
                "batter": 1,
                "extras": 0,
                "total": 1
              }
            },
            {
              "batter": "MN van Wyk",
              "bowler": "BC Fortuin",
              "non_striker": "VB van Jaarsveld",
              "runs": {
                "batter": 6,
                "extras": 0,
                "total": 6
              }
            },
            {
              "batter": "MN van Wyk",
              "bowler": "BC Fortuin",
              "non_striker": "VB van Jaarsveld",
              "runs": {
                "batter": 2,
                "extras": 0,
                "total": 2
              }
            },
            {
              "batter": "MN van Wyk",
              "bowler": "BC Fortuin",
              "non_striker": "VB van Jaarsveld",
              "runs": {
                "batter": 2,
                "extras": 0,
                "total": 2
              }
            },
            {
              "batter": "MN van Wyk",
              "bowler": "BC Fortuin",
              "non_striker": "VB van Jaarsveld",
              "runs": {
                "batter": 4,
                "extras": 0,
                "total": 4
              }
            },
            {
              "batter": "MN van Wyk",
              "bowler": "BC Fortuin",
              "non_striker": "VB van Jaarsveld",
              "runs": {
                "batter": 0,
                "extras": 0,
                "total": 0
              }
            }
          ]
        },
        {
          "over": 3,
          "deliveries": [
            {
              "batter": "VB van Jaarsveld",
              "bowler": "LB Williams",
              "non_striker": "MN van Wyk",
              "runs": {
                "batter": 4,
                "extras": 0,
                "total": 4
              }
            },
            {
              "batter": "VB van Jaarsveld",
              "bowler": "LB Williams",
              "non_striker": "MN van Wyk",
              "runs": {
                "batter": 4,
                "extras": 0,
                "total": 4
              }
            },
            {
              "batter": "VB van Jaarsveld",
              "bowler": "LB Williams",
              "non_striker": "MN van Wyk",
              "runs": {
                "batter": 1,
                "extras": 0,
                "total": 1
              }
            },
            {
              "batter": "MN van Wyk",
              "bowler": "LB Williams",
              "non_striker": "VB van Jaarsveld",
              "runs": {
                "batter": 0,
                "extras": 0,
                "total": 0
              }
            },
            {
              "batter": "MN van Wyk",
              "bowler": "LB Williams",
              "non_striker": "VB van Jaarsveld",
              "runs": {
                "batter": 0,
                "extras": 0,
                "total": 0
              }
            },
            {
              "batter": "MN van Wyk",
              "bowler": "LB Williams",
              "non_striker": "VB van Jaarsveld",
              "runs": {
                "batter": 0,
                "extras": 0,
                "total": 0
              }
            }
          ]
        },
        {
          "over": 4,
          "deliveries": [
            {
              "batter": "VB van Jaarsveld",
              "bowler": "M Pretorius",
              "non_striker": "MN van Wyk",
              "runs": {
                "batter": 0,
                "extras": 0,
                "total": 0
              }
            },
            {
              "batter": "VB van Jaarsveld",
              "bowler": "M Pretorius",
              "non_striker": "MN van Wyk",
              "runs": {
                "batter": 4,
                "extras": 0,
                "total": 4
              }
            },
            {
              "batter": "VB van Jaarsveld",
              "bowler": "M Pretorius",
              "non_striker": "MN van Wyk",
              "runs": {
                "batter": 1,
                "extras": 0,
                "total": 1
              }
            },
            {
              "batter": "MN van Wyk",
              "bowler": "M Pretorius",
              "non_striker": "VB van Jaarsveld",
              "runs": {
                "batter": 4,
                "extras": 0,
                "total": 4
              }
            },
            {
              "batter": "MN van Wyk",
              "bowler": "M Pretorius",
              "non_striker": "VB van Jaarsveld",
              "runs": {
                "batter": 6,
                "extras": 0,
                "total": 6
              }
            },
            {
              "batter": "MN van Wyk",
              "bowler": "M Pretorius",
              "non_striker": "VB van Jaarsveld",
              "runs": {
                "batter": 0,
                "extras": 0,
                "total": 0
              }
            }
          ]
        },
        {
          "over": 5,
          "deliveries": [
            {
              "batter": "VB van Jaarsveld",
              "bowler": "PWA Mulder",
              "non_striker": "MN van Wyk",
              "runs": {
                "batter": 1,
                "extras": 0,
                "total": 1
              }
            },
            {
              "batter": "MN van Wyk",
              "bowler": "PWA Mulder",
              "non_striker": "VB van Jaarsveld",
              "runs": {
                "batter": 1,
                "extras": 0,
                "total": 1
              }
            },
            {
              "batter": "VB van Jaarsveld",
              "bowler": "PWA Mulder",
              "non_striker": "MN van Wyk",
              "runs": {
                "batter": 1,
                "extras": 0,
                "total": 1
              }
            },
            {
              "batter": "MN van Wyk",
              "bowler": "PWA Mulder",
              "non_striker": "VB van Jaarsveld",
              "runs": {
                "batter": 0,
                "extras": 0,
                "total": 0
              }
            },
            {
              "batter": "MN van Wyk",
              "bowler": "PWA Mulder",
              "non_striker": "VB van Jaarsveld",
              "runs": {
                "batter": 1,
                "extras": 0,
                "total": 1
              }
            },
            {
              "batter": "VB van Jaarsveld",
              "bowler": "PWA Mulder",
              "non_striker": "MN van Wyk",
              "runs": {
                "batter": 1,
                "extras": 0,
                "total": 1
              }
            }
          ]
        },
        {
          "over": 6,
          "deliveries": [
            {
              "batter": "VB van Jaarsveld",
              "bowler": "AM Phangiso",
              "non_striker": "MN van Wyk",
              "runs": {
                "batter": 1,
                "extras": 0,
                "total": 1
              }
            },
            {
              "batter": "MN van Wyk",
              "bowler": "AM Phangiso",
              "non_striker": "VB van Jaarsveld",
              "runs": {
                "batter": 0,
                "extras": 0,
                "total": 0
              }
            },
            {
              "batter": "MN van Wyk",
              "bowler": "AM Phangiso",
              "non_striker": "VB van Jaarsveld",
              "runs": {
                "batter": 0,
                "extras": 0,
                "total": 0
              }
            },
            {
              "batter": "MN van Wyk",
              "bowler": "AM Phangiso",
              "non_striker": "VB van Jaarsveld",
              "runs": {
                "batter": 1,
                "extras": 0,
                "total": 1
              }
            },
            {
              "batter": "VB van Jaarsveld",
              "bowler": "AM Phangiso",
              "extras": {
                "legbyes": 1
              },
              "non_striker": "MN van Wyk",
              "runs": {
                "batter": 0,
                "extras": 1,
                "total": 1
              }
            },
            {
              "batter": "MN van Wyk",
              "bowler": "AM Phangiso",
              "non_striker": "VB van Jaarsveld",
              "runs": {
                "batter": 1,
                "extras": 0,
                "total": 1
              }
            }
          ]
        },
        {
          "over": 7,
          "deliveries": [
            {
              "batter": "MN van Wyk",
              "bowler": "PWA Mulder",
              "non_striker": "VB van Jaarsveld",
              "runs": {
                "batter": 0,
                "extras": 0,
                "total": 0
              },
              "wickets": [
                {
                  "player_out": "MN van Wyk",
                  "fielders": [
                    {
                      "name": "RD Rickelton"
                    },
                    {
                      "name": "T Bavuma"
                    }
                  ],
                  "kind": "run out"
                }
              ]
            },
            {
              "batter": "VB van Jaarsveld",
              "bowler": "PWA Mulder",
              "non_striker": "C Chetty",
              "runs": {
                "batter": 1,
                "extras": 0,
                "total": 1
              }
            },
            {
              "batter": "C Chetty",
              "bowler": "PWA Mulder",
              "non_striker": "VB van Jaarsveld",
              "runs": {
                "batter": 0,
                "extras": 0,
                "total": 0
              }
            },
            {
              "batter": "C Chetty",
              "bowler": "PWA Mulder",
              "non_striker": "VB van Jaarsveld",
              "runs": {
                "batter": 0,
                "extras": 0,
                "total": 0
              }
            },
            {
              "batter": "C Chetty",
              "bowler": "PWA Mulder",
              "non_striker": "VB van Jaarsveld",
              "runs": {
                "batter": 6,
                "extras": 0,
                "total": 6
              }
            },
            {
              "batter": "C Chetty",
              "bowler": "PWA Mulder",
              "non_striker": "VB van Jaarsveld",
              "runs": {
                "batter": 0,
                "extras": 0,
                "total": 0
              },
              "wickets": [
                {
                  "player_out": "C Chetty",
                  "fielders": [
                    {
                      "name": "HE van der Dussen"
                    }
                  ],
                  "kind": "caught"
                }
              ]
            }
          ]
        },
        {
          "over": 8,
          "deliveries": [
            {
              "batter": "VB van Jaarsveld",
              "bowler": "AM Phangiso",
              "non_striker": "K Zondo",
              "runs": {
                "batter": 1,
                "extras": 0,
                "total": 1
              }
            },
            {
              "batter": "K Zondo",
              "bowler": "AM Phangiso",
              "non_striker": "VB van Jaarsveld",
              "runs": {
                "batter": 1,
                "extras": 0,
                "total": 1
              }
            },
            {
              "batter": "VB van Jaarsveld",
              "bowler": "AM Phangiso",
              "non_striker": "K Zondo",
              "runs": {
                "batter": 1,
                "extras": 0,
                "total": 1
              }
            },
            {
              "batter": "K Zondo",
              "bowler": "AM Phangiso",
              "non_striker": "VB van Jaarsveld",
              "runs": {
                "batter": 0,
                "extras": 0,
                "total": 0
              }
            },
            {
              "batter": "K Zondo",
              "bowler": "AM Phangiso",
              "non_striker": "VB van Jaarsveld",
              "runs": {
                "batter": 0,
                "extras": 0,
                "total": 0
              }
            },
            {
              "batter": "K Zondo",
              "bowler": "AM Phangiso",
              "non_striker": "VB van Jaarsveld",
              "runs": {
                "batter": 0,
                "extras": 0,
                "total": 0
              }
            }
          ]
        },
        {
          "over": 9,
          "deliveries": [
            {
              "batter": "VB van Jaarsveld",
              "bowler": "PWA Mulder",
              "non_striker": "K Zondo",
              "runs": {
                "batter": 6,
                "extras": 0,
                "total": 6
              }
            },
            {
              "batter": "VB van Jaarsveld",
              "bowler": "PWA Mulder",
              "non_striker": "K Zondo",
              "runs": {
                "batter": 1,
                "extras": 0,
                "total": 1
              }
            },
            {
              "batter": "K Zondo",
              "bowler": "PWA Mulder",
              "non_striker": "VB van Jaarsveld",
              "runs": {
                "batter": 1,
                "extras": 0,
                "total": 1
              }
            },
            {
              "batter": "VB van Jaarsveld",
              "bowler": "PWA Mulder",
              "non_striker": "K Zondo",
              "runs": {
                "batter": 1,
                "extras": 0,
                "total": 1
              }
            },
            {
              "batter": "K Zondo",
              "bowler": "PWA Mulder",
              "non_striker": "VB van Jaarsveld",
              "runs": {
                "batter": 2,
                "extras": 0,
                "total": 2
              }
            },
            {
              "batter": "K Zondo",
              "bowler": "PWA Mulder",
              "non_striker": "VB van Jaarsveld",
              "runs": {
                "batter": 0,
                "extras": 0,
                "total": 0
              },
              "wickets": [
                {
                  "player_out": "K Zondo",
                  "kind": "caught and bowled"
                }
              ]
            }
          ]
        },
        {
          "over": 10,
          "deliveries": [
            {
              "batter": "VB van Jaarsveld",
              "bowler": "AM Phangiso",
              "non_striker": "S Muthusamy",
              "runs": {
                "batter": 2,
                "extras": 0,
                "total": 2
              }
            },
            {
              "batter": "VB van Jaarsveld",
              "bowler": "AM Phangiso",
              "non_striker": "S Muthusamy",
              "runs": {
                "batter": 1,
                "extras": 0,
                "total": 1
              }
            },
            {
              "batter": "S Muthusamy",
              "bowler": "AM Phangiso",
              "non_striker": "VB van Jaarsveld",
              "runs": {
                "batter": 0,
                "extras": 0,
                "total": 0
              }
            },
            {
              "batter": "S Muthusamy",
              "bowler": "AM Phangiso",
              "non_striker": "VB van Jaarsveld",
              "runs": {
                "batter": 0,
                "extras": 0,
                "total": 0
              }
            },
            {
              "batter": "S Muthusamy",
              "bowler": "AM Phangiso",
              "non_striker": "VB van Jaarsveld",
              "runs": {
                "batter": 2,
                "extras": 0,
                "total": 2
              }
            },
            {
              "batter": "S Muthusamy",
              "bowler": "AM Phangiso",
              "non_striker": "VB van Jaarsveld",
              "runs": {
                "batter": 1,
                "extras": 0,
                "total": 1
              }
            }
          ]
        },
        {
          "over": 11,
          "deliveries": [
            {
              "batter": "S Muthusamy",
              "bowler": "D Pretorius",
              "non_striker": "VB van Jaarsveld",
              "runs": {
                "batter": 6,
                "extras": 0,
                "total": 6
              }
            },
            {
              "batter": "S Muthusamy",
              "bowler": "D Pretorius",
              "non_striker": "VB van Jaarsveld",
              "runs": {
                "batter": 1,
                "extras": 0,
                "total": 1
              }
            },
            {
              "batter": "VB van Jaarsveld",
              "bowler": "D Pretorius",
              "non_striker": "S Muthusamy",
              "runs": {
                "batter": 6,
                "extras": 0,
                "total": 6
              }
            },
            {
              "batter": "VB van Jaarsveld",
              "bowler": "D Pretorius",
              "non_striker": "S Muthusamy",
              "runs": {
                "batter": 1,
                "extras": 0,
                "total": 1
              }
            },
            {
              "batter": "S Muthusamy",
              "bowler": "D Pretorius",
              "non_striker": "VB van Jaarsveld",
              "runs": {
                "batter": 0,
                "extras": 0,
                "total": 0
              }
            },
            {
              "batter": "S Muthusamy",
              "bowler": "D Pretorius",
              "non_striker": "VB van Jaarsveld",
              "runs": {
                "batter": 0,
                "extras": 0,
                "total": 0
              },
              "wickets": [
                {
                  "player_out": "S Muthusamy",
                  "fielders": [
                    {
                      "name": "AM Phangiso"
                    }
                  ],
                  "kind": "caught"
                }
              ]
            }
          ]
        },
        {
          "over": 12,
          "deliveries": [
            {
              "batter": "VB van Jaarsveld",
              "bowler": "AM Phangiso",
              "non_striker": "BS Makhanya",
              "runs": {
                "batter": 0,
                "extras": 0,
                "total": 0
              }
            },
            {
              "batter": "VB van Jaarsveld",
              "bowler": "AM Phangiso",
              "non_striker": "BS Makhanya",
              "runs": {
                "batter": 4,
                "extras": 0,
                "total": 4
              }
            },
            {
              "batter": "VB van Jaarsveld",
              "bowler": "AM Phangiso",
              "non_striker": "BS Makhanya",
              "runs": {
                "batter": 1,
                "extras": 0,
                "total": 1
              }
            },
            {
              "batter": "BS Makhanya",
              "bowler": "AM Phangiso",
              "non_striker": "VB van Jaarsveld",
              "runs": {
                "batter": 1,
                "extras": 0,
                "total": 1
              }
            },
            {
              "batter": "VB van Jaarsveld",
              "bowler": "AM Phangiso",
              "non_striker": "BS Makhanya",
              "runs": {
                "batter": 0,
                "extras": 0,
                "total": 0
              },
              "wickets": [
                {
                  "player_out": "VB van Jaarsveld",
                  "fielders": [
                    {
                      "name": "Z Pongolo"
                    }
                  ],
                  "kind": "caught"
                }
              ]
            },
            {
              "batter": "BS Makhanya",
              "bowler": "AM Phangiso",
              "non_striker": "AL Phehlukwayo",
              "runs": {
                "batter": 1,
                "extras": 0,
                "total": 1
              }
            }
          ]
        },
        {
          "over": 13,
          "deliveries": [
            {
              "batter": "BS Makhanya",
              "bowler": "M Pretorius",
              "non_striker": "AL Phehlukwayo",
              "runs": {
                "batter": 1,
                "extras": 0,
                "total": 1
              }
            },
            {
              "batter": "AL Phehlukwayo",
              "bowler": "M Pretorius",
              "non_striker": "BS Makhanya",
              "runs": {
                "batter": 0,
                "extras": 0,
                "total": 0
              }
            },
            {
              "batter": "AL Phehlukwayo",
              "bowler": "M Pretorius",
              "non_striker": "BS Makhanya",
              "runs": {
                "batter": 1,
                "extras": 0,
                "total": 1
              }
            },
            {
              "batter": "BS Makhanya",
              "bowler": "M Pretorius",
              "extras": {
                "wides": 1
              },
              "non_striker": "AL Phehlukwayo",
              "runs": {
                "batter": 0,
                "extras": 1,
                "total": 1
              }
            },
            {
              "batter": "BS Makhanya",
              "bowler": "M Pretorius",
              "non_striker": "AL Phehlukwayo",
              "runs": {
                "batter": 0,
                "extras": 0,
                "total": 0
              },
              "wickets": [
                {
                  "player_out": "BS Makhanya",
                  "fielders": [
                    {
                      "name": "LB Williams"
                    }
                  ],
                  "kind": "caught"
                }
              ]
            },
            {
              "batter": "AL Phehlukwayo",
              "bowler": "M Pretorius",
              "non_striker": "R Frylinck",
              "runs": {
                "batter": 0,
                "extras": 0,
                "total": 0
              }
            },
            {
              "batter": "AL Phehlukwayo",
              "bowler": "M Pretorius",
              "non_striker": "R Frylinck",
              "runs": {
                "batter": 0,
                "extras": 0,
                "total": 0
              }
            }
          ]
        },
        {
          "over": 14,
          "deliveries": [
            {
              "batter": "R Frylinck",
              "bowler": "BC Fortuin",
              "non_striker": "AL Phehlukwayo",
              "runs": {
                "batter": 1,
                "extras": 0,
                "total": 1
              }
            },
            {
              "batter": "AL Phehlukwayo",
              "bowler": "BC Fortuin",
              "non_striker": "R Frylinck",
              "runs": {
                "batter": 1,
                "extras": 0,
                "total": 1
              }
            },
            {
              "batter": "R Frylinck",
              "bowler": "BC Fortuin",
              "non_striker": "AL Phehlukwayo",
              "runs": {
                "batter": 0,
                "extras": 0,
                "total": 0
              }
            },
            {
              "batter": "R Frylinck",
              "bowler": "BC Fortuin",
              "non_striker": "AL Phehlukwayo",
              "runs": {
                "batter": 1,
                "extras": 0,
                "total": 1
              }
            },
            {
              "batter": "AL Phehlukwayo",
              "bowler": "BC Fortuin",
              "non_striker": "R Frylinck",
              "runs": {
                "batter": 4,
                "extras": 0,
                "total": 4
              }
            },
            {
              "batter": "AL Phehlukwayo",
              "bowler": "BC Fortuin",
              "non_striker": "R Frylinck",
              "runs": {
                "batter": 1,
                "extras": 0,
                "total": 1
              }
            }
          ]
        },
        {
          "over": 15,
          "deliveries": [
            {
              "batter": "AL Phehlukwayo",
              "bowler": "M Pretorius",
              "non_striker": "R Frylinck",
              "runs": {
                "batter": 0,
                "extras": 0,
                "total": 0
              }
            },
            {
              "batter": "AL Phehlukwayo",
              "bowler": "M Pretorius",
              "non_striker": "R Frylinck",
              "runs": {
                "batter": 1,
                "extras": 0,
                "total": 1
              }
            },
            {
              "batter": "R Frylinck",
              "bowler": "M Pretorius",
              "non_striker": "AL Phehlukwayo",
              "runs": {
                "batter": 1,
                "extras": 0,
                "total": 1
              }
            },
            {
              "batter": "AL Phehlukwayo",
              "bowler": "M Pretorius",
              "non_striker": "R Frylinck",
              "runs": {
                "batter": 1,
                "extras": 0,
                "total": 1
              }
            },
            {
              "batter": "R Frylinck",
              "bowler": "M Pretorius",
              "non_striker": "AL Phehlukwayo",
              "runs": {
                "batter": 1,
                "extras": 0,
                "total": 1
              }
            },
            {
              "batter": "AL Phehlukwayo",
              "bowler": "M Pretorius",
              "non_striker": "R Frylinck",
              "runs": {
                "batter": 1,
                "extras": 0,
                "total": 1
              }
            }
          ]
        },
        {
          "over": 16,
          "deliveries": [
            {
              "batter": "AL Phehlukwayo",
              "bowler": "Z Pongolo",
              "non_striker": "R Frylinck",
              "runs": {
                "batter": 6,
                "extras": 0,
                "total": 6
              }
            },
            {
              "batter": "AL Phehlukwayo",
              "bowler": "Z Pongolo",
              "non_striker": "R Frylinck",
              "runs": {
                "batter": 4,
                "extras": 0,
                "total": 4
              }
            },
            {
              "batter": "AL Phehlukwayo",
              "bowler": "Z Pongolo",
              "non_striker": "R Frylinck",
              "runs": {
                "batter": 2,
                "extras": 0,
                "total": 2
              }
            },
            {
              "batter": "AL Phehlukwayo",
              "bowler": "Z Pongolo",
              "non_striker": "R Frylinck",
              "runs": {
                "batter": 1,
                "extras": 0,
                "total": 1
              }
            },
            {
              "batter": "R Frylinck",
              "bowler": "Z Pongolo",
              "non_striker": "AL Phehlukwayo",
              "runs": {
                "batter": 1,
                "extras": 0,
                "total": 1
              }
            },
            {
              "batter": "AL Phehlukwayo",
              "bowler": "Z Pongolo",
              "non_striker": "R Frylinck",
              "runs": {
                "batter": 1,
                "extras": 0,
                "total": 1
              }
            }
          ]
        },
        {
          "over": 17,
          "deliveries": [
            {
              "batter": "AL Phehlukwayo",
              "bowler": "LB Williams",
              "non_striker": "R Frylinck",
              "runs": {
                "batter": 1,
                "extras": 0,
                "total": 1
              }
            },
            {
              "batter": "R Frylinck",
              "bowler": "LB Williams",
              "non_striker": "AL Phehlukwayo",
              "runs": {
                "batter": 1,
                "extras": 0,
                "total": 1
              }
            },
            {
              "batter": "AL Phehlukwayo",
              "bowler": "LB Williams",
              "non_striker": "R Frylinck",
              "runs": {
                "batter": 0,
                "extras": 0,
                "total": 0
              },
              "wickets": [
                {
                  "player_out": "AL Phehlukwayo",
                  "fielders": [
                    {
                      "name": "Z Pongolo"
                    }
                  ],
                  "kind": "caught"
                }
              ]
            },
            {
              "batter": "R Frylinck",
              "bowler": "LB Williams",
              "non_striker": "KA Maharaj",
              "runs": {
                "batter": 0,
                "extras": 0,
                "total": 0
              }
            },
            {
              "batter": "R Frylinck",
              "bowler": "LB Williams",
              "non_striker": "KA Maharaj",
              "runs": {
                "batter": 4,
                "extras": 0,
                "total": 4
              }
            },
            {
              "batter": "R Frylinck",
              "bowler": "LB Williams",
              "non_striker": "KA Maharaj",
              "runs": {
                "batter": 1,
                "extras": 0,
                "total": 1
              }
            }
          ]
        },
        {
          "over": 18,
          "deliveries": [
            {
              "batter": "R Frylinck",
              "bowler": "M Pretorius",
              "non_striker": "KA Maharaj",
              "runs": {
                "batter": 1,
                "extras": 0,
                "total": 1
              }
            },
            {
              "batter": "KA Maharaj",
              "bowler": "M Pretorius",
              "non_striker": "R Frylinck",
              "runs": {
                "batter": 0,
                "extras": 0,
                "total": 0
              }
            },
            {
              "batter": "KA Maharaj",
              "bowler": "M Pretorius",
              "non_striker": "R Frylinck",
              "runs": {
                "batter": 1,
                "extras": 0,
                "total": 1
              }
            },
            {
              "batter": "R Frylinck",
              "bowler": "M Pretorius",
              "non_striker": "KA Maharaj",
              "runs": {
                "batter": 1,
                "extras": 0,
                "total": 1
              }
            },
            {
              "batter": "KA Maharaj",
              "bowler": "M Pretorius",
              "non_striker": "R Frylinck",
              "runs": {
                "batter": 4,
                "extras": 0,
                "total": 4
              }
            },
            {
              "batter": "KA Maharaj",
              "bowler": "M Pretorius",
              "non_striker": "R Frylinck",
              "runs": {
                "batter": 4,
                "extras": 0,
                "total": 4
              }
            }
          ]
        },
        {
          "over": 19,
          "deliveries": [
            {
              "batter": "R Frylinck",
              "bowler": "LB Williams",
              "non_striker": "KA Maharaj",
              "runs": {
                "batter": 0,
                "extras": 0,
                "total": 0
              },
              "wickets": [
                {
                  "player_out": "R Frylinck",
                  "fielders": [
                    {
                      "name": "RR Hendricks"
                    }
                  ],
                  "kind": "caught"
                }
              ]
            },
            {
              "batter": "KA Maharaj",
              "bowler": "LB Williams",
              "non_striker": "P Subrayen",
              "runs": {
                "batter": 4,
                "extras": 0,
                "total": 4
              }
            },
            {
              "batter": "KA Maharaj",
              "bowler": "LB Williams",
              "non_striker": "P Subrayen",
              "runs": {
                "batter": 2,
                "extras": 0,
                "total": 2
              }
            },
            {
              "batter": "KA Maharaj",
              "bowler": "LB Williams",
              "non_striker": "P Subrayen",
              "runs": {
                "batter": 4,
                "extras": 0,
                "total": 4
              }
            },
            {
              "batter": "KA Maharaj",
              "bowler": "LB Williams",
              "non_striker": "P Subrayen",
              "runs": {
                "batter": 0,
                "extras": 0,
                "total": 0
              }
            },
            {
              "batter": "KA Maharaj",
              "bowler": "LB Williams",
              "non_striker": "P Subrayen",
              "runs": {
                "batter": 2,
                "extras": 0,
                "total": 2
              }
            }
          ]
        }
      ],
      "powerplays": [
        {
          "from": 0.1,
          "to": 5.6,
          "type": "mandatory"
        }
      ]
    },
    {
      "team": "Lions",
      "overs": [
        {
          "over": 0,
          "deliveries": [
            {
              "batter": "RD Rickelton",
              "bowler": "R Frylinck",
              "extras": {
                "wides": 1
              },
              "non_striker": "RR Hendricks",
              "runs": {
                "batter": 0,
                "extras": 1,
                "total": 1
              }
            },
            {
              "batter": "RD Rickelton",
              "bowler": "R Frylinck",
              "non_striker": "RR Hendricks",
              "runs": {
                "batter": 4,
                "extras": 0,
                "total": 4
              }
            },
            {
              "batter": "RD Rickelton",
              "bowler": "R Frylinck",
              "non_striker": "RR Hendricks",
              "runs": {
                "batter": 0,
                "extras": 0,
                "total": 0
              }
            },
            {
              "batter": "RD Rickelton",
              "bowler": "R Frylinck",
              "non_striker": "RR Hendricks",
              "runs": {
                "batter": 4,
                "extras": 0,
                "total": 4
              }
            },
            {
              "batter": "RD Rickelton",
              "bowler": "R Frylinck",
              "non_striker": "RR Hendricks",
              "runs": {
                "batter": 4,
                "extras": 0,
                "total": 4
              }
            },
            {
              "batter": "RD Rickelton",
              "bowler": "R Frylinck",
              "non_striker": "RR Hendricks",
              "runs": {
                "batter": 1,
                "extras": 0,
                "total": 1
              }
            },
            {
              "batter": "RR Hendricks",
              "bowler": "R Frylinck",
              "non_striker": "RD Rickelton",
              "runs": {
                "batter": 1,
                "extras": 0,
                "total": 1
              }
            }
          ]
        },
        {
          "over": 1,
          "deliveries": [
            {
              "batter": "RR Hendricks",
              "bowler": "P Subrayen",
              "non_striker": "RD Rickelton",
              "runs": {
                "batter": 4,
                "extras": 0,
                "total": 4
              }
            },
            {
              "batter": "RR Hendricks",
              "bowler": "P Subrayen",
              "non_striker": "RD Rickelton",
              "runs": {
                "batter": 0,
                "extras": 0,
                "total": 0
              }
            },
            {
              "batter": "RR Hendricks",
              "bowler": "P Subrayen",
              "non_striker": "RD Rickelton",
              "runs": {
                "batter": 1,
                "extras": 0,
                "total": 1
              }
            },
            {
              "batter": "RD Rickelton",
              "bowler": "P Subrayen",
              "non_striker": "RR Hendricks",
              "runs": {
                "batter": 0,
                "extras": 0,
                "total": 0
              }
            },
            {
              "batter": "RD Rickelton",
              "bowler": "P Subrayen",
              "non_striker": "RR Hendricks",
              "runs": {
                "batter": 4,
                "extras": 0,
                "total": 4
              }
            },
            {
              "batter": "RD Rickelton",
              "bowler": "P Subrayen",
              "non_striker": "RR Hendricks",
              "runs": {
                "batter": 1,
                "extras": 0,
                "total": 1
              }
            }
          ]
        },
        {
          "over": 2,
          "deliveries": [
            {
              "batter": "RD Rickelton",
              "bowler": "DM Dupavillon",
              "non_striker": "RR Hendricks",
              "runs": {
                "batter": 0,
                "extras": 0,
                "total": 0
              }
            },
            {
              "batter": "RD Rickelton",
              "bowler": "DM Dupavillon",
              "non_striker": "RR Hendricks",
              "runs": {
                "batter": 1,
                "extras": 0,
                "total": 1
              }
            },
            {
              "batter": "RR Hendricks",
              "bowler": "DM Dupavillon",
              "non_striker": "RD Rickelton",
              "runs": {
                "batter": 0,
                "extras": 0,
                "total": 0
              }
            },
            {
              "batter": "RR Hendricks",
              "bowler": "DM Dupavillon",
              "non_striker": "RD Rickelton",
              "runs": {
                "batter": 0,
                "extras": 0,
                "total": 0
              }
            },
            {
              "batter": "RR Hendricks",
              "bowler": "DM Dupavillon",
              "non_striker": "RD Rickelton",
              "runs": {
                "batter": 0,
                "extras": 0,
                "total": 0
              },
              "wickets": [
                {
                  "player_out": "RR Hendricks",
                  "fielders": [
                    {
                      "name": "S Muthusamy"
                    }
                  ],
                  "kind": "caught"
                }
              ]
            },
            {
              "batter": "RD Rickelton",
              "bowler": "DM Dupavillon",
              "non_striker": "T Bavuma",
              "runs": {
                "batter": 4,
                "extras": 0,
                "total": 4
              }
            }
          ]
        },
        {
          "over": 3,
          "deliveries": [
            {
              "batter": "T Bavuma",
              "bowler": "AL Phehlukwayo",
              "non_striker": "RD Rickelton",
              "runs": {
                "batter": 3,
                "extras": 0,
                "total": 3
              }
            },
            {
              "batter": "RD Rickelton",
              "bowler": "AL Phehlukwayo",
              "non_striker": "T Bavuma",
              "runs": {
                "batter": 4,
                "extras": 0,
                "total": 4
              }
            },
            {
              "batter": "RD Rickelton",
              "bowler": "AL Phehlukwayo",
              "non_striker": "T Bavuma",
              "runs": {
                "batter": 1,
                "extras": 0,
                "total": 1
              }
            },
            {
              "batter": "T Bavuma",
              "bowler": "AL Phehlukwayo",
              "non_striker": "RD Rickelton",
              "runs": {
                "batter": 6,
                "extras": 0,
                "total": 6
              }
            },
            {
              "batter": "T Bavuma",
              "bowler": "AL Phehlukwayo",
              "non_striker": "RD Rickelton",
              "runs": {
                "batter": 1,
                "extras": 0,
                "total": 1
              }
            },
            {
              "batter": "RD Rickelton",
              "bowler": "AL Phehlukwayo",
              "non_striker": "T Bavuma",
              "runs": {
                "batter": 1,
                "extras": 0,
                "total": 1
              }
            }
          ]
        },
        {
          "over": 4,
          "deliveries": [
            {
              "batter": "RD Rickelton",
              "bowler": "DM Dupavillon",
              "non_striker": "T Bavuma",
              "runs": {
                "batter": 0,
                "extras": 0,
                "total": 0
              }
            },
            {
              "batter": "RD Rickelton",
              "bowler": "DM Dupavillon",
              "non_striker": "T Bavuma",
              "runs": {
                "batter": 0,
                "extras": 0,
                "total": 0
              }
            },
            {
              "batter": "RD Rickelton",
              "bowler": "DM Dupavillon",
              "non_striker": "T Bavuma",
              "runs": {
                "batter": 4,
                "extras": 0,
                "total": 4
              }
            },
            {
              "batter": "RD Rickelton",
              "bowler": "DM Dupavillon",
              "non_striker": "T Bavuma",
              "runs": {
                "batter": 2,
                "extras": 0,
                "total": 2
              }
            },
            {
              "batter": "RD Rickelton",
              "bowler": "DM Dupavillon",
              "non_striker": "T Bavuma",
              "runs": {
                "batter": 0,
                "extras": 0,
                "total": 0
              },
              "wickets": [
                {
                  "player_out": "RD Rickelton",
                  "kind": "caught and bowled"
                }
              ]
            },
            {
              "batter": "HE van der Dussen",
              "bowler": "DM Dupavillon",
              "non_striker": "T Bavuma",
              "runs": {
                "batter": 1,
                "extras": 0,
                "total": 1
              }
            }
          ]
        },
        {
          "over": 5,
          "deliveries": [
            {
              "batter": "HE van der Dussen",
              "bowler": "KA Maharaj",
              "non_striker": "T Bavuma",
              "runs": {
                "batter": 1,
                "extras": 0,
                "total": 1
              }
            },
            {
              "batter": "T Bavuma",
              "bowler": "KA Maharaj",
              "non_striker": "HE van der Dussen",
              "runs": {
                "batter": 0,
                "extras": 0,
                "total": 0
              }
            },
            {
              "batter": "T Bavuma",
              "bowler": "KA Maharaj",
              "non_striker": "HE van der Dussen",
              "runs": {
                "batter": 1,
                "extras": 0,
                "total": 1
              }
            },
            {
              "batter": "HE van der Dussen",
              "bowler": "KA Maharaj",
              "non_striker": "T Bavuma",
              "runs": {
                "batter": 4,
                "extras": 0,
                "total": 4
              }
            },
            {
              "batter": "HE van der Dussen",
              "bowler": "KA Maharaj",
              "non_striker": "T Bavuma",
              "runs": {
                "batter": 1,
                "extras": 0,
                "total": 1
              }
            },
            {
              "batter": "T Bavuma",
              "bowler": "KA Maharaj",
              "non_striker": "HE van der Dussen",
              "runs": {
                "batter": 0,
                "extras": 0,
                "total": 0
              }
            }
          ]
        },
        {
          "over": 6,
          "deliveries": [
            {
              "batter": "HE van der Dussen",
              "bowler": "DM Dupavillon",
              "non_striker": "T Bavuma",
              "runs": {
                "batter": 1,
                "extras": 0,
                "total": 1
              }
            },
            {
              "batter": "T Bavuma",
              "bowler": "DM Dupavillon",
              "non_striker": "HE van der Dussen",
              "runs": {
                "batter": 0,
                "extras": 0,
                "total": 0
              }
            },
            {
              "batter": "T Bavuma",
              "bowler": "DM Dupavillon",
              "non_striker": "HE van der Dussen",
              "runs": {
                "batter": 1,
                "extras": 0,
                "total": 1
              }
            },
            {
              "batter": "HE van der Dussen",
              "bowler": "DM Dupavillon",
              "non_striker": "T Bavuma",
              "runs": {
                "batter": 0,
                "extras": 0,
                "total": 0
              }
            },
            {
              "batter": "HE van der Dussen",
              "bowler": "DM Dupavillon",
              "non_striker": "T Bavuma",
              "runs": {
                "batter": 1,
                "extras": 0,
                "total": 1
              }
            },
            {
              "batter": "T Bavuma",
              "bowler": "DM Dupavillon",
              "non_striker": "HE van der Dussen",
              "runs": {
                "batter": 0,
                "extras": 0,
                "total": 0
              }
            }
          ]
        },
        {
          "over": 7,
          "deliveries": [
            {
              "batter": "HE van der Dussen",
              "bowler": "KA Maharaj",
              "non_striker": "T Bavuma",
              "runs": {
                "batter": 4,
                "extras": 0,
                "total": 4
              }
            },
            {
              "batter": "HE van der Dussen",
              "bowler": "KA Maharaj",
              "non_striker": "T Bavuma",
              "runs": {
                "batter": 0,
                "extras": 0,
                "total": 0
              }
            },
            {
              "batter": "HE van der Dussen",
              "bowler": "KA Maharaj",
              "extras": {
                "wides": 1
              },
              "non_striker": "T Bavuma",
              "runs": {
                "batter": 0,
                "extras": 1,
                "total": 1
              }
            },
            {
              "batter": "HE van der Dussen",
              "bowler": "KA Maharaj",
              "non_striker": "T Bavuma",
              "runs": {
                "batter": 4,
                "extras": 0,
                "total": 4
              }
            },
            {
              "batter": "HE van der Dussen",
              "bowler": "KA Maharaj",
              "non_striker": "T Bavuma",
              "runs": {
                "batter": 0,
                "extras": 0,
                "total": 0
              }
            },
            {
              "batter": "HE van der Dussen",
              "bowler": "KA Maharaj",
              "non_striker": "T Bavuma",
              "runs": {
                "batter": 0,
                "extras": 0,
                "total": 0
              }
            },
            {
              "batter": "HE van der Dussen",
              "bowler": "KA Maharaj",
              "non_striker": "T Bavuma",
              "runs": {
                "batter": 1,
                "extras": 0,
                "total": 1
              }
            }
          ]
        },
        {
          "over": 8,
          "deliveries": [
            {
              "batter": "HE van der Dussen",
              "bowler": "S Muthusamy",
              "non_striker": "T Bavuma",
              "runs": {
                "batter": 0,
                "extras": 0,
                "total": 0
              }
            },
            {
              "batter": "HE van der Dussen",
              "bowler": "S Muthusamy",
              "non_striker": "T Bavuma",
              "runs": {
                "batter": 6,
                "extras": 0,
                "total": 6
              }
            },
            {
              "batter": "HE van der Dussen",
              "bowler": "S Muthusamy",
              "non_striker": "T Bavuma",
              "runs": {
                "batter": 1,
                "extras": 0,
                "total": 1
              }
            },
            {
              "batter": "T Bavuma",
              "bowler": "S Muthusamy",
              "non_striker": "HE van der Dussen",
              "runs": {
                "batter": 1,
                "extras": 0,
                "total": 1
              }
            },
            {
              "batter": "HE van der Dussen",
              "bowler": "S Muthusamy",
              "non_striker": "T Bavuma",
              "runs": {
                "batter": 1,
                "extras": 0,
                "total": 1
              }
            },
            {
              "batter": "T Bavuma",
              "bowler": "S Muthusamy",
              "non_striker": "HE van der Dussen",
              "runs": {
                "batter": 2,
                "extras": 0,
                "total": 2
              }
            }
          ]
        },
        {
          "over": 9,
          "deliveries": [
            {
              "batter": "HE van der Dussen",
              "bowler": "KA Maharaj",
              "non_striker": "T Bavuma",
              "runs": {
                "batter": 2,
                "extras": 0,
                "total": 2
              }
            },
            {
              "batter": "HE van der Dussen",
              "bowler": "KA Maharaj",
              "non_striker": "T Bavuma",
              "runs": {
                "batter": 0,
                "extras": 0,
                "total": 0
              }
            },
            {
              "batter": "HE van der Dussen",
              "bowler": "KA Maharaj",
              "non_striker": "T Bavuma",
              "runs": {
                "batter": 0,
                "extras": 0,
                "total": 0
              }
            },
            {
              "batter": "HE van der Dussen",
              "bowler": "KA Maharaj",
              "non_striker": "T Bavuma",
              "runs": {
                "batter": 0,
                "extras": 0,
                "total": 0
              }
            },
            {
              "batter": "HE van der Dussen",
              "bowler": "KA Maharaj",
              "non_striker": "T Bavuma",
              "runs": {
                "batter": 1,
                "extras": 0,
                "total": 1
              }
            },
            {
              "batter": "T Bavuma",
              "bowler": "KA Maharaj",
              "non_striker": "HE van der Dussen",
              "runs": {
                "batter": 2,
                "extras": 0,
                "total": 2
              }
            }
          ]
        },
        {
          "over": 10,
          "deliveries": [
            {
              "batter": "HE van der Dussen",
              "bowler": "AL Phehlukwayo",
              "non_striker": "T Bavuma",
              "runs": {
                "batter": 0,
                "extras": 0,
                "total": 0
              }
            },
            {
              "batter": "HE van der Dussen",
              "bowler": "AL Phehlukwayo",
              "non_striker": "T Bavuma",
              "runs": {
                "batter": 1,
                "extras": 0,
                "total": 1
              }
            },
            {
              "batter": "T Bavuma",
              "bowler": "AL Phehlukwayo",
              "non_striker": "HE van der Dussen",
              "runs": {
                "batter": 1,
                "extras": 0,
                "total": 1
              }
            },
            {
              "batter": "HE van der Dussen",
              "bowler": "AL Phehlukwayo",
              "non_striker": "T Bavuma",
              "runs": {
                "batter": 0,
                "extras": 0,
                "total": 0
              }
            },
            {
              "batter": "HE van der Dussen",
              "bowler": "AL Phehlukwayo",
              "non_striker": "T Bavuma",
              "runs": {
                "batter": 1,
                "extras": 0,
                "total": 1
              }
            },
            {
              "batter": "T Bavuma",
              "bowler": "AL Phehlukwayo",
              "non_striker": "HE van der Dussen",
              "runs": {
                "batter": 0,
                "extras": 0,
                "total": 0
              }
            }
          ]
        },
        {
          "over": 11,
          "deliveries": [
            {
              "batter": "HE van der Dussen",
              "bowler": "P Subrayen",
              "non_striker": "T Bavuma",
              "runs": {
                "batter": 1,
                "extras": 0,
                "total": 1
              }
            },
            {
              "batter": "T Bavuma",
              "bowler": "P Subrayen",
              "non_striker": "HE van der Dussen",
              "runs": {
                "batter": 1,
                "extras": 0,
                "total": 1
              }
            },
            {
              "batter": "HE van der Dussen",
              "bowler": "P Subrayen",
              "non_striker": "T Bavuma",
              "runs": {
                "batter": 1,
                "extras": 0,
                "total": 1
              }
            },
            {
              "batter": "T Bavuma",
              "bowler": "P Subrayen",
              "non_striker": "HE van der Dussen",
              "runs": {
                "batter": 1,
                "extras": 0,
                "total": 1
              }
            },
            {
              "batter": "HE van der Dussen",
              "bowler": "P Subrayen",
              "non_striker": "T Bavuma",
              "runs": {
                "batter": 1,
                "extras": 0,
                "total": 1
              }
            },
            {
              "batter": "T Bavuma",
              "bowler": "P Subrayen",
              "non_striker": "HE van der Dussen",
              "runs": {
                "batter": 6,
                "extras": 0,
                "total": 6
              }
            }
          ]
        },
        {
          "over": 12,
          "deliveries": [
            {
              "batter": "HE van der Dussen",
              "bowler": "R Frylinck",
              "non_striker": "T Bavuma",
              "runs": {
                "batter": 1,
                "extras": 0,
                "total": 1
              }
            },
            {
              "batter": "T Bavuma",
              "bowler": "R Frylinck",
              "non_striker": "HE van der Dussen",
              "runs": {
                "batter": 1,
                "extras": 0,
                "total": 1
              }
            },
            {
              "batter": "HE van der Dussen",
              "bowler": "R Frylinck",
              "non_striker": "T Bavuma",
              "runs": {
                "batter": 0,
                "extras": 0,
                "total": 0
              }
            },
            {
              "batter": "HE van der Dussen",
              "bowler": "R Frylinck",
              "non_striker": "T Bavuma",
              "runs": {
                "batter": 6,
                "extras": 0,
                "total": 6
              }
            },
            {
              "batter": "HE van der Dussen",
              "bowler": "R Frylinck",
              "non_striker": "T Bavuma",
              "runs": {
                "batter": 1,
                "extras": 0,
                "total": 1
              }
            },
            {
              "batter": "T Bavuma",
              "bowler": "R Frylinck",
              "non_striker": "HE van der Dussen",
              "runs": {
                "batter": 1,
                "extras": 0,
                "total": 1
              }
            }
          ]
        },
        {
          "over": 13,
          "deliveries": [
            {
              "batter": "T Bavuma",
              "bowler": "KA Maharaj",
              "non_striker": "HE van der Dussen",
              "runs": {
                "batter": 1,
                "extras": 0,
                "total": 1
              }
            },
            {
              "batter": "HE van der Dussen",
              "bowler": "KA Maharaj",
              "non_striker": "T Bavuma",
              "runs": {
                "batter": 1,
                "extras": 0,
                "total": 1
              }
            },
            {
              "batter": "T Bavuma",
              "bowler": "KA Maharaj",
              "non_striker": "HE van der Dussen",
              "runs": {
                "batter": 2,
                "extras": 0,
                "total": 2
              }
            },
            {
              "batter": "T Bavuma",
              "bowler": "KA Maharaj",
              "non_striker": "HE van der Dussen",
              "runs": {
                "batter": 1,
                "extras": 0,
                "total": 1
              }
            },
            {
              "batter": "HE van der Dussen",
              "bowler": "KA Maharaj",
              "non_striker": "T Bavuma",
              "runs": {
                "batter": 1,
                "extras": 0,
                "total": 1
              }
            },
            {
              "batter": "T Bavuma",
              "bowler": "KA Maharaj",
              "non_striker": "HE van der Dussen",
              "runs": {
                "batter": 1,
                "extras": 0,
                "total": 1
              }
            }
          ]
        },
        {
          "over": 14,
          "deliveries": [
            {
              "batter": "T Bavuma",
              "bowler": "DM Dupavillon",
              "non_striker": "HE van der Dussen",
              "runs": {
                "batter": 2,
                "extras": 0,
                "total": 2
              }
            },
            {
              "batter": "T Bavuma",
              "bowler": "DM Dupavillon",
              "non_striker": "HE van der Dussen",
              "runs": {
                "batter": 0,
                "extras": 0,
                "total": 0
              }
            },
            {
              "batter": "T Bavuma",
              "bowler": "DM Dupavillon",
              "non_striker": "HE van der Dussen",
              "runs": {
                "batter": 1,
                "extras": 0,
                "total": 1
              }
            },
            {
              "batter": "HE van der Dussen",
              "bowler": "DM Dupavillon",
              "non_striker": "T Bavuma",
              "runs": {
                "batter": 1,
                "extras": 0,
                "total": 1
              }
            },
            {
              "batter": "T Bavuma",
              "bowler": "DM Dupavillon",
              "non_striker": "HE van der Dussen",
              "runs": {
                "batter": 1,
                "extras": 0,
                "total": 1
              }
            },
            {
              "batter": "HE van der Dussen",
              "bowler": "DM Dupavillon",
              "non_striker": "T Bavuma",
              "runs": {
                "batter": 2,
                "extras": 0,
                "total": 2
              }
            }
          ]
        },
        {
          "over": 15,
          "deliveries": [
            {
              "batter": "T Bavuma",
              "bowler": "S Muthusamy",
              "non_striker": "HE van der Dussen",
              "runs": {
                "batter": 1,
                "extras": 0,
                "total": 1
              }
            },
            {
              "batter": "HE van der Dussen",
              "bowler": "S Muthusamy",
              "non_striker": "T Bavuma",
              "runs": {
                "batter": 0,
                "extras": 0,
                "total": 0
              }
            },
            {
              "batter": "HE van der Dussen",
              "bowler": "S Muthusamy",
              "non_striker": "T Bavuma",
              "runs": {
                "batter": 1,
                "extras": 0,
                "total": 1
              }
            },
            {
              "batter": "T Bavuma",
              "bowler": "S Muthusamy",
              "non_striker": "HE van der Dussen",
              "runs": {
                "batter": 1,
                "extras": 0,
                "total": 1
              }
            },
            {
              "batter": "HE van der Dussen",
              "bowler": "S Muthusamy",
              "non_striker": "T Bavuma",
              "runs": {
                "batter": 4,
                "extras": 0,
                "total": 4
              }
            },
            {
              "batter": "HE van der Dussen",
              "bowler": "S Muthusamy",
              "non_striker": "T Bavuma",
              "runs": {
                "batter": 1,
                "extras": 0,
                "total": 1
              }
            }
          ]
        },
        {
          "over": 16,
          "deliveries": [
            {
              "batter": "HE van der Dussen",
              "bowler": "AL Phehlukwayo",
              "non_striker": "T Bavuma",
              "runs": {
                "batter": 1,
                "extras": 0,
                "total": 1
              }
            },
            {
              "batter": "T Bavuma",
              "bowler": "AL Phehlukwayo",
              "non_striker": "HE van der Dussen",
              "runs": {
                "batter": 1,
                "extras": 0,
                "total": 1
              }
            },
            {
              "batter": "HE van der Dussen",
              "bowler": "AL Phehlukwayo",
              "non_striker": "T Bavuma",
              "runs": {
                "batter": 1,
                "extras": 0,
                "total": 1
              }
            },
            {
              "batter": "T Bavuma",
              "bowler": "AL Phehlukwayo",
              "non_striker": "HE van der Dussen",
              "runs": {
                "batter": 1,
                "extras": 0,
                "total": 1
              }
            },
            {
              "batter": "HE van der Dussen",
              "bowler": "AL Phehlukwayo",
              "non_striker": "T Bavuma",
              "runs": {
                "batter": 6,
                "extras": 0,
                "total": 6
              }
            },
            {
              "batter": "HE van der Dussen",
              "bowler": "AL Phehlukwayo",
              "non_striker": "T Bavuma",
              "runs": {
                "batter": 4,
                "extras": 0,
                "total": 4
              }
            }
          ]
        },
        {
          "over": 17,
          "deliveries": [
            {
              "batter": "T Bavuma",
              "bowler": "R Frylinck",
              "non_striker": "HE van der Dussen",
              "runs": {
                "batter": 4,
                "extras": 0,
                "total": 4
              }
            },
            {
              "batter": "T Bavuma",
              "bowler": "R Frylinck",
              "non_striker": "HE van der Dussen",
              "runs": {
                "batter": 1,
                "extras": 0,
                "total": 1
              }
            },
            {
              "batter": "HE van der Dussen",
              "bowler": "R Frylinck",
              "non_striker": "T Bavuma",
              "runs": {
                "batter": 1,
                "extras": 0,
                "total": 1
              }
            },
            {
              "batter": "T Bavuma",
              "bowler": "R Frylinck",
              "non_striker": "HE van der Dussen",
              "runs": {
                "batter": 1,
                "extras": 0,
                "total": 1
              }
            },
            {
              "batter": "HE van der Dussen",
              "bowler": "R Frylinck",
              "non_striker": "T Bavuma",
              "runs": {
                "batter": 1,
                "extras": 0,
                "total": 1
              }
            },
            {
              "batter": "T Bavuma",
              "bowler": "R Frylinck",
              "non_striker": "HE van der Dussen",
              "runs": {
                "batter": 0,
                "extras": 0,
                "total": 0
              }
            }
          ]
        },
        {
          "over": 18,
          "deliveries": [
            {
              "batter": "HE van der Dussen",
              "bowler": "S Muthusamy",
              "non_striker": "T Bavuma",
              "runs": {
                "batter": 1,
                "extras": 0,
                "total": 1
              }
            },
            {
              "batter": "T Bavuma",
              "bowler": "S Muthusamy",
              "non_striker": "HE van der Dussen",
              "runs": {
                "batter": 4,
                "extras": 0,
                "total": 4
              }
            },
            {
              "batter": "T Bavuma",
              "bowler": "S Muthusamy",
              "non_striker": "HE van der Dussen",
              "runs": {
                "batter": 1,
                "extras": 0,
                "total": 1
              }
            },
            {
              "batter": "HE van der Dussen",
              "bowler": "S Muthusamy",
              "non_striker": "T Bavuma",
              "runs": {
                "batter": 1,
                "extras": 0,
                "total": 1
              }
            }
          ]
        }
      ],
      "powerplays": [
        {
          "from": 0.1,
          "to": 5.6,
          "type": "mandatory"
        }
      ],
      "target": {
        "overs": 20,
        "runs": 164
      }
    }
  ]
}