{
  "meta": {
    "data_version": "1.1.0",
    "created": "2022-03-30",
    "revision": 1
  },
  "info": {
    "balls_per_over": 6,
    "city": "Durban",
    "dates": [
      "2019-04-28"
    ],
    "event": {
      "name": "CSA T20 Challenge",
      "match_number": 29
    },
    "gender": "male",
    "match_type": "T20",
    "officials": {
      "match_referees": [
        "SB Lambson"
      ],
      "reserve_umpires": [
        "PJ Vosloo"
      ],
      "umpires": [
        "BM White",
        "DJ Smith"
      ]
    },
    "outcome": {
      "winner": "Dolphins",
      "by": {
        "wickets": 5
      }
    },
    "overs": 20,
    "player_of_match": [
      "VB van Jaarsveld",
      "KA Maharaj"
    ],
    "players": {
      "Cape Cobras": [
        "JN Malan",
        "K Verreynne",
        "DG Bedingham",
        "JP Duminy",
        "JF Smith",
        "A Mgijima",
        "GF Linde",
        "VD Philander",
        "RK Kleinveldt",
        "NM Serame",
        "T Bokako"
      ],
      "Dolphins": [
        "VB van Jaarsveld",
        "MN van Wyk",
        "C Chetty",
        "K Zondo",
        "S Muthusamy",
        "AL Phehlukwayo",
        "R Frylinck",
        "BS Makhanya",
        "KA Maharaj",
        "P Subrayen",
        "DM Dupavillon"
      ]
    },
    "registry": {
      "people": {
        "A Mgijima": "955e8e86",
        "AL Phehlukwayo": "ab6b1c45",
        "BM White": "66c21d35",
        "BS Makhanya": "1b42a100",
        "C Chetty": "27ca3a11",
        "DG Bedingham": "a1b69936",
        "DJ Smith": "d17bec15",
        "DM Dupavillon": "7cb2d9d2",
        "GF Linde": "e5437608",
        "JF Smith": "91cd48e0",
        "JN Malan": "f76d7466",
        "JP Duminy": "2e8994e7",
        "K Verreynne": "bf814547",
        "K Zondo": "4aad78d3",
        "KA Maharaj": "0b60eb09",
        "MN van Wyk": "710dd98c",
        "NM Serame": "abd541e6",
        "P Subrayen": "7ec9711d",
        "PJ Vosloo": "93a6d2d0",
        "R Frylinck": "8b248d88",
        "RK Kleinveldt": "7955eb15",
        "S Muthusamy": "7dfb8890",
        "SB Lambson": "4146063f",
        "T Bokako": "032e4384",
        "VB van Jaarsveld": "890b877d",
        "VD Philander": "cfe70281"
      }
    },
    "season": "2018/19",
    "team_type": "club",
    "teams": [
      "Cape Cobras",
      "Dolphins"
    ],
    "toss": {
      "decision": "bat",
      "winner": "Cape Cobras"
    },
    "venue": "Kingsmead, Durban"
  },
  "innings": [
    {
      "team": "Cape Cobras",
      "overs": [
        {
          "over": 0,
          "deliveries": [
            {
              "batter": "JN Malan",
              "bowler": "KA Maharaj",
              "non_striker": "K Verreynne",
              "runs": {
                "batter": 0,
                "extras": 0,
                "total": 0
              }
            },
            {
              "batter": "JN Malan",
              "bowler": "KA Maharaj",
              "non_striker": "K Verreynne",
              "runs": {
                "batter": 0,
                "extras": 0,
                "total": 0
              }
            },
            {
              "batter": "JN Malan",
              "bowler": "KA Maharaj",
              "non_striker": "K Verreynne",
              "runs": {
                "batter": 1,
                "extras": 0,
                "total": 1
              }
            },
            {
              "batter": "K Verreynne",
              "bowler": "KA Maharaj",
              "non_striker": "JN Malan",
              "runs": {
                "batter": 1,
                "extras": 0,
                "total": 1
              }
            },
            {
              "batter": "JN Malan",
              "bowler": "KA Maharaj",
              "non_striker": "K Verreynne",
              "runs": {
                "batter": 6,
                "extras": 0,
                "total": 6
              }
            },
            {
              "batter": "JN Malan",
              "bowler": "KA Maharaj",
              "non_striker": "K Verreynne",
              "runs": {
                "batter": 0,
                "extras": 0,
                "total": 0
              }
            }
          ]
        },
        {
          "over": 1,
          "deliveries": [
            {
              "batter": "K Verreynne",
              "bowler": "R Frylinck",
              "non_striker": "JN Malan",
              "runs": {
                "batter": 0,
                "extras": 0,
                "total": 0
              }
            },
            {
              "batter": "K Verreynne",
              "bowler": "R Frylinck",
              "non_striker": "JN Malan",
              "runs": {
                "batter": 4,
                "extras": 0,
                "total": 4
              }
            },
            {
              "batter": "K Verreynne",
              "bowler": "R Frylinck",
              "non_striker": "JN Malan",
              "runs": {
                "batter": 0,
                "extras": 0,
                "total": 0
              }
            },
            {
              "batter": "K Verreynne",
              "bowler": "R Frylinck",
              "non_striker": "JN Malan",
              "runs": {
                "batter": 0,
                "extras": 0,
                "total": 0
              }
            },
            {
              "batter": "K Verreynne",
              "bowler": "R Frylinck",
              "non_striker": "JN Malan",
              "runs": {
                "batter": 1,
                "extras": 0,
                "total": 1
              }
            },
            {
              "batter": "JN Malan",
              "bowler": "R Frylinck",
              "non_striker": "K Verreynne",
              "runs": {
                "batter": 0,
                "extras": 0,
                "total": 0
              }
            }
          ]
        },
        {
          "over": 2,
          "deliveries": [
            {
              "batter": "K Verreynne",
              "bowler": "DM Dupavillon",
              "non_striker": "JN Malan",
              "runs": {
                "batter": 0,
                "extras": 0,
                "total": 0
              }
            },
            {
              "batter": "K Verreynne",
              "bowler": "DM Dupavillon",
              "non_striker": "JN Malan",
              "runs": {
                "batter": 0,
                "extras": 0,
                "total": 0
              }
            },
            {
              "batter": "K Verreynne",
              "bowler": "DM Dupavillon",
              "non_striker": "JN Malan",
              "runs": {
                "batter": 0,
                "extras": 0,
                "total": 0
              }
            },
            {
              "batter": "K Verreynne",
              "bowler": "DM Dupavillon",
              "non_striker": "JN Malan",
              "runs": {
                "batter": 2,
                "extras": 0,
                "total": 2
              }
            },
            {
              "batter": "K Verreynne",
              "bowler": "DM Dupavillon",
              "non_striker": "JN Malan",
              "runs": {
                "batter": 1,
                "extras": 0,
                "total": 1
              }
            },
            {
              "batter": "JN Malan",
              "bowler": "DM Dupavillon",
              "non_striker": "K Verreynne",
              "runs": {
                "batter": 1,
                "extras": 0,
                "total": 1
              }
            }
          ]
        },
        {
          "over": 3,
          "deliveries": [
            {
              "batter": "JN Malan",
              "bowler": "R Frylinck",
              "non_striker": "K Verreynne",
              "runs": {
                "batter": 4,
                "extras": 0,
                "total": 4
              }
            },
            {
              "batter": "JN Malan",
              "bowler": "R Frylinck",
              "non_striker": "K Verreynne",
              "runs": {
                "batter": 0,
                "extras": 0,
                "total": 0
              },
              "wickets": [
                {
                  "player_out": "JN Malan",
                  "kind": "bowled"
                }
              ]
            },
            {
              "batter": "DG Bedingham",
              "bowler": "R Frylinck",
              "non_striker": "K Verreynne",
              "runs": {
                "batter": 0,
                "extras": 0,
                "total": 0
              }
            },
            {
              "batter": "DG Bedingham",
              "bowler": "R Frylinck",
              "non_striker": "K Verreynne",
              "runs": {
                "batter": 2,
                "extras": 0,
                "total": 2
              }
            },
            {
              "batter": "DG Bedingham",
              "bowler": "R Frylinck",
              "non_striker": "K Verreynne",
              "runs": {
                "batter": 4,
                "extras": 0,
                "total": 4
              }
            },
            {
              "batter": "DG Bedingham",
              "bowler": "R Frylinck",
              "non_striker": "K Verreynne",
              "runs": {
                "batter": 0,
                "extras": 0,
                "total": 0
              },
              "wickets": [
                {
                  "player_out": "DG Bedingham",
                  "kind": "lbw"
                }
              ]
            }
          ]
        },
        {
          "over": 4,
          "deliveries": [
            {
              "batter": "K Verreynne",
              "bowler": "AL Phehlukwayo",
              "non_striker": "JP Duminy",
              "runs": {
                "batter": 0,
                "extras": 0,
                "total": 0
              }
            },
            {
              "batter": "K Verreynne",
              "bowler": "AL Phehlukwayo",
              "non_striker": "JP Duminy",
              "runs": {
                "batter": 2,
                "extras": 0,
                "total": 2
              }
            },
            {
              "batter": "K Verreynne",
              "bowler": "AL Phehlukwayo",
              "non_striker": "JP Duminy",
              "runs": {
                "batter": 0,
                "extras": 0,
                "total": 0
              }
            },
            {
              "batter": "K Verreynne",
              "bowler": "AL Phehlukwayo",
              "non_striker": "JP Duminy",
              "runs": {
                "batter": 0,
                "extras": 0,
                "total": 0
              }
            },
            {
              "batter": "K Verreynne",
              "bowler": "AL Phehlukwayo",
              "non_striker": "JP Duminy",
              "runs": {
                "batter": 4,
                "extras": 0,
                "total": 4
              }
            },
            {
              "batter": "K Verreynne",
              "bowler": "AL Phehlukwayo",
              "non_striker": "JP Duminy",
              "runs": {
                "batter": 1,
                "extras": 0,
                "total": 1
              }
            }
          ]
        },
        {
          "over": 5,
          "deliveries": [
            {
              "batter": "K Verreynne",
              "bowler": "DM Dupavillon",
              "non_striker": "JP Duminy",
              "runs": {
                "batter": 1,
                "extras": 0,
                "total": 1
              }
            },
            {
              "batter": "JP Duminy",
              "bowler": "DM Dupavillon",
              "non_striker": "K Verreynne",
              "runs": {
                "batter": 0,
                "extras": 0,
                "total": 0
              }
            },
            {
              "batter": "JP Duminy",
              "bowler": "DM Dupavillon",
              "non_striker": "K Verreynne",
              "runs": {
                "batter": 0,
                "extras": 0,
                "total": 0
              }
            },
            {
              "batter": "JP Duminy",
              "bowler": "DM Dupavillon",
              "non_striker": "K Verreynne",
              "runs": {
                "batter": 1,
                "extras": 0,
                "total": 1
              }
            },
            {
              "batter": "K Verreynne",
              "bowler": "DM Dupavillon",
              "non_striker": "JP Duminy",
              "runs": {
                "batter": 1,
                "extras": 0,
                "total": 1
              }
            },
            {
              "batter": "JP Duminy",
              "bowler": "DM Dupavillon",
              "non_striker": "K Verreynne",
              "runs": {
                "batter": 0,
                "extras": 0,
                "total": 0
              },
              "wickets": [
                {
                  "player_out": "JP Duminy",
                  "kind": "bowled"
                }
              ]
            }
          ]
        },
        {
          "over": 6,
          "deliveries": [
            {
              "batter": "K Verreynne",
              "bowler": "KA Maharaj",
              "non_striker": "JF Smith",
              "runs": {
                "batter": 1,
                "extras": 0,
                "total": 1
              }
            },
            {
              "batter": "JF Smith",
              "bowler": "KA Maharaj",
              "non_striker": "K Verreynne",
              "runs": {
                "batter": 0,
                "extras": 0,
                "total": 0
              }
            },
            {
              "batter": "JF Smith",
              "bowler": "KA Maharaj",
              "non_striker": "K Verreynne",
              "runs": {
                "batter": 0,
                "extras": 0,
                "total": 0
              }
            },
            {
              "batter": "JF Smith",
              "bowler": "KA Maharaj",
              "non_striker": "K Verreynne",
              "runs": {
                "batter": 1,
                "extras": 0,
                "total": 1
              }
            },
            {
              "batter": "K Verreynne",
              "bowler": "KA Maharaj",
              "non_striker": "JF Smith",
              "runs": {
                "batter": 1,
                "extras": 0,
                "total": 1
              }
            },
            {
              "batter": "JF Smith",
              "bowler": "KA Maharaj",
              "non_striker": "K Verreynne",
              "runs": {
                "batter": 1,
                "extras": 0,
                "total": 1
              }
            }
          ]
        },
        {
          "over": 7,
          "deliveries": [
            {
              "batter": "JF Smith",
              "bowler": "P Subrayen",
              "non_striker": "K Verreynne",
              "runs": {
                "batter": 0,
                "extras": 0,
                "total": 0
              }
            },
            {
              "batter": "JF Smith",
              "bowler": "P Subrayen",
              "non_striker": "K Verreynne",
              "runs": {
                "batter": 1,
                "extras": 0,
                "total": 1
              }
            },
            {
              "batter": "K Verreynne",
              "bowler": "P Subrayen",
              "non_striker": "JF Smith",
              "runs": {
                "batter": 1,
                "extras": 0,
                "total": 1
              }
            },
            {
              "batter": "JF Smith",
              "bowler": "P Subrayen",
              "non_striker": "K Verreynne",
              "runs": {
                "batter": 1,
                "extras": 0,
                "total": 1
              }
            },
            {
              "batter": "K Verreynne",
              "bowler": "P Subrayen",
              "non_striker": "JF Smith",
              "runs": {
                "batter": 1,
                "extras": 0,
                "total": 1
              }
            },
            {
              "batter": "JF Smith",
              "bowler": "P Subrayen",
              "non_striker": "K Verreynne",
              "runs": {
                "batter": 0,
                "extras": 0,
                "total": 0
              }
            }
          ]
        },
        {
          "over": 8,
          "deliveries": [
            {
              "batter": "K Verreynne",
              "bowler": "KA Maharaj",
              "non_striker": "JF Smith",
              "runs": {
                "batter": 1,
                "extras": 0,
                "total": 1
              }
            },
            {
              "batter": "JF Smith",
              "bowler": "KA Maharaj",
              "non_striker": "K Verreynne",
              "runs": {
                "batter": 1,
                "extras": 0,
                "total": 1
              }
            },
            {
              "batter": "K Verreynne",
              "bowler": "KA Maharaj",
              "non_striker": "JF Smith",
              "runs": {
                "batter": 0,
                "extras": 0,
                "total": 0
              }
            },
            {
              "batter": "K Verreynne",
              "bowler": "KA Maharaj",
              "non_striker": "JF Smith",
              "runs": {
                "batter": 1,
                "extras": 0,
                "total": 1
              }
            },
            {
              "batter": "JF Smith",
              "bowler": "KA Maharaj",
              "non_striker": "K Verreynne",
              "runs": {
                "batter": 0,
                "extras": 0,
                "total": 0
              }
            },
            {
              "batter": "JF Smith",
              "bowler": "KA Maharaj",
              "non_striker": "K Verreynne",
              "runs": {
                "batter": 0,
                "extras": 0,
                "total": 0
              }
            }
          ]
        },
        {
          "over": 9,
          "deliveries": [
            {
              "batter": "K Verreynne",
              "bowler": "P Subrayen",
              "non_striker": "JF Smith",
              "runs": {
                "batter": 0,
                "extras": 0,
                "total": 0
              }
            },
            {
              "batter": "K Verreynne",
              "bowler": "P Subrayen",
              "non_striker": "JF Smith",
              "runs": {
                "batter": 1,
                "extras": 0,
                "total": 1
              }
            },
            {
              "batter": "JF Smith",
              "bowler": "P Subrayen",
              "non_striker": "K Verreynne",
              "runs": {
                "batter": 2,
                "extras": 0,
                "total": 2
              }
            },
            {
              "batter": "JF Smith",
              "bowler": "P Subrayen",
              "non_striker": "K Verreynne",
              "runs": {
                "batter": 0,
                "extras": 0,
                "total": 0
              }
            },
            {
              "batter": "JF Smith",
              "bowler": "P Subrayen",
              "non_striker": "K Verreynne",
              "runs": {
                "batter": 1,
                "extras": 0,
                "total": 1
              }
            },
            {
              "batter": "K Verreynne",
              "bowler": "P Subrayen",
              "non_striker": "JF Smith",
              "runs": {
                "batter": 1,
                "extras": 0,
                "total": 1
              },
              "wickets": [
                {
                  "player_out": "K Verreynne",
                  "fielders": [
                    {
                      "name": "MN van Wyk"
                    },
                    {
                      "name": "AL Phehlukwayo"
                    }
                  ],
                  "kind": "run out"
                }
              ]
            }
          ]
        },
        {
          "over": 10,
          "deliveries": [
            {
              "batter": "JF Smith",
              "bowler": "S Muthusamy",
              "non_striker": "A Mgijima",
              "runs": {
                "batter": 0,
                "extras": 0,
                "total": 0
              }
            },
            {
              "batter": "JF Smith",
              "bowler": "S Muthusamy",
              "non_striker": "A Mgijima",
              "runs": {
                "batter": 1,
                "extras": 0,
                "total": 1
              }
            },
            {
              "batter": "A Mgijima",
              "bowler": "S Muthusamy",
              "non_striker": "JF Smith",
              "runs": {
                "batter": 0,
                "extras": 0,
                "total": 0
              }
            },
            {
              "batter": "A Mgijima",
              "bowler": "S Muthusamy",
              "non_striker": "JF Smith",
              "runs": {
                "batter": 1,
                "extras": 0,
                "total": 1
              }
            },
            {
              "batter": "JF Smith",
              "bowler": "S Muthusamy",
              "non_striker": "A Mgijima",
              "runs": {
                "batter": 0,
                "extras": 0,
                "total": 0
              }
            },
            {
              "batter": "JF Smith",
              "bowler": "S Muthusamy",
              "non_striker": "A Mgijima",
              "runs": {
                "batter": 1,
                "extras": 0,
                "total": 1
              }
            }
          ]
        },
        {
          "over": 11,
          "deliveries": [
            {
              "batter": "JF Smith",
              "bowler": "KA Maharaj",
              "non_striker": "A Mgijima",
              "runs": {
                "batter": 1,
                "extras": 0,
                "total": 1
              }
            },
            {
              "batter": "A Mgijima",
              "bowler": "KA Maharaj",
              "non_striker": "JF Smith",
              "runs": {
                "batter": 0,
                "extras": 0,
                "total": 0
              },
              "wickets": [
                {
                  "player_out": "A Mgijima",
                  "kind": "caught and bowled"
                }
              ]
            },
            {
              "batter": "GF Linde",
              "bowler": "KA Maharaj",
              "non_striker": "JF Smith",
              "runs": {
                "batter": 0,
                "extras": 0,
                "total": 0
              },
              "wickets": [
                {
                  "player_out": "GF Linde",
                  "fielders": [
                    {
                      "name": "MN van Wyk"
                    }
                  ],
                  "kind": "stumped"
                }
              ]
            },
            {
              "batter": "VD Philander",
              "bowler": "KA Maharaj",
              "non_striker": "JF Smith",
              "runs": {
                "batter": 0,
                "extras": 0,
                "total": 0
              }
            },
            {
              "batter": "VD Philander",
              "bowler": "KA Maharaj",
              "non_striker": "JF Smith",
              "runs": {
                "batter": 0,
                "extras": 0,
                "total": 0
              }
            },
            {
              "batter": "VD Philander",
              "bowler": "KA Maharaj",
              "non_striker": "JF Smith",
              "runs": {
                "batter": 0,
                "extras": 0,
                "total": 0
              }
            }
          ]
        },
        {
          "over": 12,
          "deliveries": [
            {
              "batter": "JF Smith",
              "bowler": "S Muthusamy",
              "non_striker": "VD Philander",
              "runs": {
                "batter": 0,
                "extras": 0,
                "total": 0
              }
            },
            {
              "batter": "JF Smith",
              "bowler": "S Muthusamy",
              "non_striker": "VD Philander",
              "runs": {
                "batter": 1,
                "extras": 0,
                "total": 1
              }
            },
            {
              "batter": "VD Philander",
              "bowler": "S Muthusamy",
              "non_striker": "JF Smith",
              "runs": {
                "batter": 1,
                "extras": 0,
                "total": 1
              }
            },
            {
              "batter": "JF Smith",
              "bowler": "S Muthusamy",
              "non_striker": "VD Philander",
              "runs": {
                "batter": 1,
                "extras": 0,
                "total": 1
              }
            },
            {
              "batter": "VD Philander",
              "bowler": "S Muthusamy",
              "non_striker": "JF Smith",
              "runs": {
                "batter": 1,
                "extras": 0,
                "total": 1
              }
            },
            {
              "batter": "JF Smith",
              "bowler": "S Muthusamy",
              "non_striker": "VD Philander",
              "runs": {
                "batter": 1,
                "extras": 0,
                "total": 1
              }
            }
          ]
        },
        {
          "over": 13,
          "deliveries": [
            {
              "batter": "JF Smith",
              "bowler": "P Subrayen",
              "non_striker": "VD Philander",
              "runs": {
                "batter": 0,
                "extras": 0,
                "total": 0
              }
            },
            {
              "batter": "JF Smith",
              "bowler": "P Subrayen",
              "non_striker": "VD Philander",
              "runs": {
                "batter": 0,
                "extras": 0,
                "total": 0
              }
            },
            {
              "batter": "JF Smith",
              "bowler": "P Subrayen",
              "non_striker": "VD Philander",
              "runs": {
                "batter": 1,
                "extras": 0,
                "total": 1
              }
            },
            {
              "batter": "VD Philander",
              "bowler": "P Subrayen",
              "non_striker": "JF Smith",
              "runs": {
                "batter": 1,
                "extras": 0,
                "total": 1
              }
            },
            {
              "batter": "JF Smith",
              "bowler": "P Subrayen",
              "non_striker": "VD Philander",
              "runs": {
                "batter": 0,
                "extras": 0,
                "total": 0
              }
            },
            {
              "batter": "JF Smith",
              "bowler": "P Subrayen",
              "non_striker": "VD Philander",
              "runs": {
                "batter": 1,
                "extras": 0,
                "total": 1
              }
            }
          ]
        },
        {
          "over": 14,
          "deliveries": [
            {
              "batter": "JF Smith",
              "bowler": "S Muthusamy",
              "non_striker": "VD Philander",
              "runs": {
                "batter": 1,
                "extras": 0,
                "total": 1
              }
            },
            {
              "batter": "VD Philander",
              "bowler": "S Muthusamy",
              "non_striker": "JF Smith",
              "runs": {
                "batter": 1,
                "extras": 0,
                "total": 1
              }
            },
            {
              "batter": "JF Smith",
              "bowler": "S Muthusamy",
              "non_striker": "VD Philander",
              "runs": {
                "batter": 1,
                "extras": 0,
                "total": 1
              }
            },
            {
              "batter": "VD Philander",
              "bowler": "S Muthusamy",
              "non_striker": "JF Smith",
              "runs": {
                "batter": 1,
                "extras": 0,
                "total": 1
              }
            },
            {
              "batter": "JF Smith",
              "bowler": "S Muthusamy",
              "non_striker": "VD Philander",
              "runs": {
                "batter": 1,
                "extras": 0,
                "total": 1
              }
            },
            {
              "batter": "VD Philander",
              "bowler": "S Muthusamy",
              "non_striker": "JF Smith",
              "runs": {
                "batter": 1,
                "extras": 0,
                "total": 1
              }
            }
          ]
        },
        {
          "over": 15,
          "deliveries": [
            {
              "batter": "VD Philander",
              "bowler": "P Subrayen",
              "non_striker": "JF Smith",
              "runs": {
                "batter": 0,
                "extras": 0,
                "total": 0
              }
            },
            {
              "batter": "VD Philander",
              "bowler": "P Subrayen",
              "non_striker": "JF Smith",
              "runs": {
                "batter": 1,
                "extras": 0,
                "total": 1
              }
            },
            {
              "batter": "JF Smith",
              "bowler": "P Subrayen",
              "non_striker": "VD Philander",
              "runs": {
                "batter": 0,
                "extras": 0,
                "total": 0
              }
            },
            {
              "batter": "JF Smith",
              "bowler": "P Subrayen",
              "non_striker": "VD Philander",
              "runs": {
                "batter": 1,
                "extras": 0,
                "total": 1
              }
            },
            {
              "batter": "VD Philander",
              "bowler": "P Subrayen",
              "non_striker": "JF Smith",
              "runs": {
                "batter": 1,
                "extras": 0,
                "total": 1
              }
            },
            {
              "batter": "JF Smith",
              "bowler": "P Subrayen",
              "non_striker": "VD Philander",
              "runs": {
                "batter": 2,
                "extras": 0,
                "total": 2
              }
            }
          ]
        },
        {
          "over": 16,
          "deliveries": [
            {
              "batter": "VD Philander",
              "bowler": "S Muthusamy",
              "non_striker": "JF Smith",
              "runs": {
                "batter": 1,
                "extras": 0,
                "total": 1
              }
            },
            {
              "batter": "JF Smith",
              "bowler": "S Muthusamy",
              "non_striker": "VD Philander",
              "runs": {
                "batter": 1,
                "extras": 0,
                "total": 1
              }
            },
            {
              "batter": "VD Philander",
              "bowler": "S Muthusamy",
              "non_striker": "JF Smith",
              "runs": {
                "batter": 2,
                "extras": 0,
                "total": 2
              }
            },
            {
              "batter": "VD Philander",
              "bowler": "S Muthusamy",
              "non_striker": "JF Smith",
              "runs": {
                "batter": 2,
                "extras": 0,
                "total": 2
              }
            },
            {
              "batter": "VD Philander",
              "bowler": "S Muthusamy",
              "non_striker": "JF Smith",
              "runs": {
                "batter": 1,
                "extras": 0,
                "total": 1
              }
            },
            {
              "batter": "JF Smith",
              "bowler": "S Muthusamy",
              "non_striker": "VD Philander",
              "runs": {
                "batter": 1,
                "extras": 0,
                "total": 1
              }
            }
          ]
        },
        {
          "over": 17,
          "deliveries": [
            {
              "batter": "JF Smith",
              "bowler": "R Frylinck",
              "non_striker": "VD Philander",
              "runs": {
                "batter": 1,
                "extras": 0,
                "total": 1
              }
            },
            {
              "batter": "VD Philander",
              "bowler": "R Frylinck",
              "non_striker": "JF Smith",
              "runs": {
                "batter": 6,
                "extras": 0,
                "total": 6
              }
            },
            {
              "batter": "VD Philander",
              "bowler": "R Frylinck",
              "non_striker": "JF Smith",
              "runs": {
                "batter": 1,
                "extras": 0,
                "total": 1
              }
            },
            {
              "batter": "JF Smith",
              "bowler": "R Frylinck",
              "non_striker": "VD Philander",
              "runs": {
                "batter": 0,
                "extras": 0,
                "total": 0
              },
              "wickets": [
                {
                  "player_out": "JF Smith",
                  "kind": "bowled"
                }
              ]
            },
            {
              "batter": "RK Kleinveldt",
              "bowler": "R Frylinck",
              "non_striker": "VD Philander",
              "runs": {
                "batter": 0,
                "extras": 0,
                "total": 0
              }
            },
            {
              "batter": "RK Kleinveldt",
              "bowler": "R Frylinck",
              "non_striker": "VD Philander",
              "runs": {
                "batter": 1,
                "extras": 0,
                "total": 1
              }
            }
          ]
        },
        {
          "over": 18,
          "deliveries": [
            {
              "batter": "RK Kleinveldt",
              "bowler": "AL Phehlukwayo",
              "non_striker": "VD Philander",
              "runs": {
                "batter": 1,
                "extras": 0,
                "total": 1
              }
            },
            {
              "batter": "VD Philander",
              "bowler": "AL Phehlukwayo",
              "non_striker": "RK Kleinveldt",
              "runs": {
                "batter": 2,
                "extras": 0,
                "total": 2
              }
            },
            {
              "batter": "VD Philander",
              "bowler": "AL Phehlukwayo",
              "non_striker": "RK Kleinveldt",
              "runs": {
                "batter": 1,
                "extras": 0,
                "total": 1
              }
            },
            {
              "batter": "RK Kleinveldt",
              "bowler": "AL Phehlukwayo",
              "non_striker": "VD Philander",
              "runs": {
                "batter": 6,
                "extras": 0,
                "total": 6
              }
            },
            {
              "batter": "RK Kleinveldt",
              "bowler": "AL Phehlukwayo",
              "non_striker": "VD Philander",
              "runs": {
                "batter": 1,
                "extras": 0,
                "total": 1
              }
            },
            {
              "batter": "VD Philander",
              "bowler": "AL Phehlukwayo",
              "non_striker": "RK Kleinveldt",
              "runs": {
                "batter": 1,
                "extras": 0,
                "total": 1
              }
            }
          ]
        },
        {
          "over": 19,
          "deliveries": [
            {
              "batter": "VD Philander",
              "bowler": "R Frylinck",
              "non_striker": "RK Kleinveldt",
              "runs": {
                "batter": 1,
                "extras": 0,
                "total": 1
              }
            },
            {
              "batter": "RK Kleinveldt",
              "bowler": "R Frylinck",
              "non_striker": "VD Philander",
              "runs": {
                "batter": 4,
                "extras": 0,
                "total": 4
              }
            },
            {
              "batter": "RK Kleinveldt",
              "bowler": "R Frylinck",
              "non_striker": "VD Philander",
              "runs": {
                "batter": 0,
                "extras": 0,
                "total": 0
              }
            },
            {
              "batter": "RK Kleinveldt",
              "bowler": "R Frylinck",
              "non_striker": "VD Philander",
              "runs": {
                "batter": 4,
                "extras": 0,
                "total": 4
              }
            },
            {
              "batter": "RK Kleinveldt",
              "bowler": "R Frylinck",
              "extras": {
                "legbyes": 1
              },
              "non_striker": "VD Philander",
              "runs": {
                "batter": 0,
                "extras": 1,
                "total": 1
              }
            },
            {
              "batter": "VD Philander",
              "bowler": "R Frylinck",
              "non_striker": "RK Kleinveldt",
              "runs": {
                "batter": 6,
                "extras": 0,
                "total": 6
              }
            }
          ]
        }
      ],
      "powerplays": [
        {
          "from": 0.1,
          "to": 5.6,
          "type": "mandatory"
        }
      ]
    },
    {
      "team": "Dolphins",
      "overs": [
        {
          "over": 0,
          "deliveries": [
            {
              "batter": "VB van Jaarsveld",
              "bowler": "RK Kleinveldt",
              "non_striker": "MN van Wyk",
              "runs": {
                "batter": 0,
                "extras": 0,
                "total": 0
              }
            },
            {
              "batter": "VB van Jaarsveld",
              "bowler": "RK Kleinveldt",
              "non_striker": "MN van Wyk",
              "runs": {
                "batter": 0,
                "extras": 0,
                "total": 0
              }
            },
            {
              "batter": "VB van Jaarsveld",
              "bowler": "RK Kleinveldt",
              "non_striker": "MN van Wyk",
              "runs": {
                "batter": 4,
                "extras": 0,
                "total": 4
              }
            },
            {
              "batter": "VB van Jaarsveld",
              "bowler": "RK Kleinveldt",
              "non_striker": "MN van Wyk",
              "runs": {
                "batter": 4,
                "extras": 0,
                "total": 4
              }
            },
            {
              "batter": "VB van Jaarsveld",
              "bowler": "RK Kleinveldt",
              "non_striker": "MN van Wyk",
              "runs": {
                "batter": 0,
                "extras": 0,
                "total": 0
              }
            },
            {
              "batter": "VB van Jaarsveld",
              "bowler": "RK Kleinveldt",
              "non_striker": "MN van Wyk",
              "runs": {
                "batter": 1,
                "extras": 0,
                "total": 1
              }
            }
          ]
        },
        {
          "over": 1,
          "deliveries": [
            {
              "batter": "VB van Jaarsveld",
              "bowler": "VD Philander",
              "non_striker": "MN van Wyk",
              "runs": {
                "batter": 0,
                "extras": 0,
                "total": 0
              }
            },
            {
              "batter": "VB van Jaarsveld",
              "bowler": "VD Philander",
              "non_striker": "MN van Wyk",
              "runs": {
                "batter": 0,
                "extras": 0,
                "total": 0
              }
            },
            {
              "batter": "VB van Jaarsveld",
              "bowler": "VD Philander",
              "non_striker": "MN van Wyk",
              "runs": {
                "batter": 6,
                "extras": 0,
                "total": 6
              }
            },
            {
              "batter": "VB van Jaarsveld",
              "bowler": "VD Philander",
              "non_striker": "MN van Wyk",
              "runs": {
                "batter": 0,
                "extras": 0,
                "total": 0
              }
            },
            {
              "batter": "VB van Jaarsveld",
              "bowler": "VD Philander",
              "non_striker": "MN van Wyk",
              "runs": {
                "batter": 4,
                "extras": 0,
                "total": 4
              }
            },
            {
              "batter": "VB van Jaarsveld",
              "bowler": "VD Philander",
              "non_striker": "MN van Wyk",
              "runs": {
                "batter": 0,
                "extras": 0,
                "total": 0
              }
            }
          ]
        },
        {
          "over": 2,
          "deliveries": [
            {
              "batter": "MN van Wyk",
              "bowler": "GF Linde",
              "non_striker": "VB van Jaarsveld",
              "runs": {
                "batter": 0,
                "extras": 0,
                "total": 0
              }
            },
            {
              "batter": "MN van Wyk",
              "bowler": "GF Linde",
              "non_striker": "VB van Jaarsveld",
              "runs": {
                "batter": 0,
                "extras": 0,
                "total": 0
              }
            },
            {
              "batter": "MN van Wyk",
              "bowler": "GF Linde",
              "non_striker": "VB van Jaarsveld",
              "runs": {
                "batter": 0,
                "extras": 0,
                "total": 0
              }
            },
            {
              "batter": "MN van Wyk",
              "bowler": "GF Linde",
              "non_striker": "VB van Jaarsveld",
              "runs": {
                "batter": 6,
                "extras": 0,
                "total": 6
              }
            },
            {
              "batter": "MN van Wyk",
              "bowler": "GF Linde",
              "non_striker": "VB van Jaarsveld",
              "runs": {
                "batter": 4,
                "extras": 0,
                "total": 4
              }
            },
            {
              "batter": "MN van Wyk",
              "bowler": "GF Linde",
              "non_striker": "VB van Jaarsveld",
              "runs": {
                "batter": 0,
                "extras": 0,
                "total": 0
              }
            }
          ]
        },
        {
          "over": 3,
          "deliveries": [
            {
              "batter": "VB van Jaarsveld",
              "bowler": "JP Duminy",
              "non_striker": "MN van Wyk",
              "runs": {
                "batter": 2,
                "extras": 0,
                "total": 2
              }
            },
            {
              "batter": "VB van Jaarsveld",
              "bowler": "JP Duminy",
              "non_striker": "MN van Wyk",
              "runs": {
                "batter": 1,
                "extras": 0,
                "total": 1
              }
            },
            {
              "batter": "MN van Wyk",
              "bowler": "JP Duminy",
              "non_striker": "VB van Jaarsveld",
              "runs": {
                "batter": 4,
                "extras": 0,
                "total": 4
              }
            },
            {
              "batter": "MN van Wyk",
              "bowler": "JP Duminy",
              "non_striker": "VB van Jaarsveld",
              "runs": {
                "batter": 0,
                "extras": 0,
                "total": 0
              }
            },
            {
              "batter": "MN van Wyk",
              "bowler": "JP Duminy",
              "non_striker": "VB van Jaarsveld",
              "runs": {
                "batter": 1,
                "extras": 0,
                "total": 1
              }
            },
            {
              "batter": "VB van Jaarsveld",
              "bowler": "JP Duminy",
              "non_striker": "MN van Wyk",
              "runs": {
                "batter": 1,
                "extras": 0,
                "total": 1
              }
            }
          ]
        },
        {
          "over": 4,
          "deliveries": [
            {
              "batter": "VB van Jaarsveld",
              "bowler": "NM Serame",
              "non_striker": "MN van Wyk",
              "runs": {
                "batter": 0,
                "extras": 0,
                "total": 0
              }
            },
            {
              "batter": "VB van Jaarsveld",
              "bowler": "NM Serame",
              "non_striker": "MN van Wyk",
              "runs": {
                "batter": 0,
                "extras": 0,
                "total": 0
              }
            },
            {
              "batter": "VB van Jaarsveld",
              "bowler": "NM Serame",
              "non_striker": "MN van Wyk",
              "runs": {
                "batter": 4,
                "extras": 0,
                "total": 4
              }
            },
            {
              "batter": "VB van Jaarsveld",
              "bowler": "NM Serame",
              "non_striker": "MN van Wyk",
              "runs": {
                "batter": 1,
                "extras": 0,
                "total": 1
              }
            },
            {
              "batter": "MN van Wyk",
              "bowler": "NM Serame",
              "non_striker": "VB van Jaarsveld",
              "runs": {
                "batter": 0,
                "extras": 0,
                "total": 0
              }
            }
          ]
        },
        {
          "over": 5,
          "deliveries": [
            {
              "batter": "VB van Jaarsveld",
              "bowler": "JP Duminy",
              "non_striker": "MN van Wyk",
              "runs": {
                "batter": 1,
                "extras": 0,
                "total": 1
              }
            },
            {
              "batter": "MN van Wyk",
              "bowler": "JP Duminy",
              "non_striker": "VB van Jaarsveld",
              "runs": {
                "batter": 6,
                "extras": 0,
                "total": 6
              }
            },
            {
              "batter": "MN van Wyk",
              "bowler": "JP Duminy",
              "non_striker": "VB van Jaarsveld",
              "runs": {
                "batter": 2,
                "extras": 0,
                "total": 2
              }
            },
            {
              "batter": "MN van Wyk",
              "bowler": "JP Duminy",
              "non_striker": "VB van Jaarsveld",
              "runs": {
                "batter": 0,
                "extras": 0,
                "total": 0
              }
            },
            {
              "batter": "MN van Wyk",
              "bowler": "JP Duminy",
              "non_striker": "VB van Jaarsveld",
              "runs": {
                "batter": 1,
                "extras": 0,
                "total": 1
              }
            },
            {
              "batter": "VB van Jaarsveld",
              "bowler": "JP Duminy",
              "non_striker": "MN van Wyk",
              "runs": {
                "batter": 1,
                "extras": 0,
                "total": 1
              }
            }
          ]
        },
        {
          "over": 6,
          "deliveries": [
            {
              "batter": "VB van Jaarsveld",
              "bowler": "GF Linde",
              "non_striker": "MN van Wyk",
              "runs": {
                "batter": 1,
                "extras": 0,
                "total": 1
              }
            },
            {
              "batter": "MN van Wyk",
              "bowler": "GF Linde",
              "non_striker": "VB van Jaarsveld",
              "runs": {
                "batter": 0,
                "extras": 0,
                "total": 0
              },
              "wickets": [
                {
                  "player_out": "MN van Wyk",
                  "kind": "bowled"
                }
              ]
            },
            {
              "batter": "C Chetty",
              "bowler": "GF Linde",
              "non_striker": "VB van Jaarsveld",
              "runs": {
                "batter": 1,
                "extras": 0,
                "total": 1
              }
            },
            {
              "batter": "VB van Jaarsveld",
              "bowler": "GF Linde",
              "non_striker": "C Chetty",
              "runs": {
                "batter": 6,
                "extras": 0,
                "total": 6
              }
            },
            {
              "batter": "VB van Jaarsveld",
              "bowler": "GF Linde",
              "non_striker": "C Chetty",
              "runs": {
                "batter": 1,
                "extras": 0,
                "total": 1
              }
            },
            {
              "batter": "C Chetty",
              "bowler": "GF Linde",
              "non_striker": "VB van Jaarsveld",
              "runs": {
                "batter": 1,
                "extras": 0,
                "total": 1
              }
            }
          ]
        },
        {
          "over": 7,
          "deliveries": [
            {
              "batter": "C Chetty",
              "bowler": "NM Serame",
              "non_striker": "VB van Jaarsveld",
              "runs": {
                "batter": 1,
                "extras": 0,
                "total": 1
              }
            },
            {
              "batter": "VB van Jaarsveld",
              "bowler": "NM Serame",
              "non_striker": "C Chetty",
              "runs": {
                "batter": 0,
                "extras": 0,
                "total": 0
              }
            },
            {
              "batter": "VB van Jaarsveld",
              "bowler": "NM Serame",
              "non_striker": "C Chetty",
              "runs": {
                "batter": 6,
                "extras": 0,
                "total": 6
              }
            },
            {
              "batter": "VB van Jaarsveld",
              "bowler": "NM Serame",
              "non_striker": "C Chetty",
              "runs": {
                "batter": 1,
                "extras": 0,
                "total": 1
              }
            },
            {
              "batter": "C Chetty",
              "bowler": "NM Serame",
              "non_striker": "VB van Jaarsveld",
              "runs": {
                "batter": 1,
                "extras": 0,
                "total": 1
              }
            },
            {
              "batter": "VB van Jaarsveld",
              "bowler": "NM Serame",
              "non_striker": "C Chetty",
              "runs": {
                "batter": 1,
                "extras": 0,
                "total": 1
              }
            }
          ]
        },
        {
          "over": 8,
          "deliveries": [
            {
              "batter": "VB van Jaarsveld",
              "bowler": "GF Linde",
              "non_striker": "C Chetty",
              "runs": {
                "batter": 1,
                "extras": 0,
                "total": 1
              }
            },
            {
              "batter": "C Chetty",
              "bowler": "GF Linde",
              "non_striker": "VB van Jaarsveld",
              "runs": {
                "batter": 0,
                "extras": 0,
                "total": 0
              }
            },
            {
              "batter": "C Chetty",
              "bowler": "GF Linde",
              "non_striker": "VB van Jaarsveld",
              "runs": {
                "batter": 6,
                "extras": 0,
                "total": 6
              }
            },
            {
              "batter": "C Chetty",
              "bowler": "GF Linde",
              "extras": {
                "byes": 1
              },
              "non_striker": "VB van Jaarsveld",
              "runs": {
                "batter": 0,
                "extras": 1,
                "total": 1
              }
            },
            {
              "batter": "VB van Jaarsveld",
              "bowler": "GF Linde",
              "non_striker": "C Chetty",
              "runs": {
                "batter": 1,
                "extras": 0,
                "total": 1
              }
            },
            {
              "batter": "C Chetty",
              "bowler": "GF Linde",
              "non_striker": "VB van Jaarsveld",
              "runs": {
                "batter": 1,
                "extras": 0,
                "total": 1
              }
            }
          ]
        },
        {
          "over": 9,
          "deliveries": [
            {
              "batter": "C Chetty",
              "bowler": "RK Kleinveldt",
              "non_striker": "VB van Jaarsveld",
              "runs": {
                "batter": 2,
                "extras": 0,
                "total": 2
              }
            },
            {
              "batter": "C Chetty",
              "bowler": "RK Kleinveldt",
              "non_striker": "VB van Jaarsveld",
              "runs": {
                "batter": 1,
                "extras": 0,
                "total": 1
              }
            },
            {
              "batter": "VB van Jaarsveld",
              "bowler": "RK Kleinveldt",
              "non_striker": "C Chetty",
              "runs": {
                "batter": 0,
                "extras": 0,
                "total": 0
              },
              "wickets": [
                {
                  "player_out": "VB van Jaarsveld",
                  "kind": "caught and bowled"
                }
              ]
            },
            {
              "batter": "K Zondo",
              "bowler": "RK Kleinveldt",
              "non_striker": "C Chetty",
              "runs": {
                "batter": 1,
                "extras": 0,
                "total": 1
              }
            },
            {
              "batter": "C Chetty",
              "bowler": "RK Kleinveldt",
              "non_striker": "K Zondo",
              "runs": {
                "batter": 1,
                "extras": 0,
                "total": 1
              }
            },
            {
              "batter": "K Zondo",
              "bowler": "RK Kleinveldt",
              "non_striker": "C Chetty",
              "runs": {
                "batter": 1,
                "extras": 0,
                "total": 1
              }
            }
          ]
        },
        {
          "over": 10,
          "deliveries": [
            {
              "batter": "K Zondo",
              "bowler": "T Bokako",
              "non_striker": "C Chetty",
              "runs": {
                "batter": 2,
                "extras": 0,
                "total": 2
              }
            },
            {
              "batter": "K Zondo",
              "bowler": "T Bokako",
              "non_striker": "C Chetty",
              "runs": {
                "batter": 0,
                "extras": 0,
                "total": 0
              },
              "wickets": [
                {
                  "player_out": "K Zondo",
                  "fielders": [
                    {
                      "name": "JP Duminy"
                    }
                  ],
                  "kind": "caught"
                }
              ]
            },
            {
              "batter": "S Muthusamy",
              "bowler": "T Bokako",
              "non_striker": "C Chetty",
              "runs": {
                "batter": 1,
                "extras": 0,
                "total": 1
              }
            },
            {
              "batter": "C Chetty",
              "bowler": "T Bokako",
              "non_striker": "S Muthusamy",
              "runs": {
                "batter": 0,
                "extras": 0,
                "total": 0
              }
            },
            {
              "batter": "C Chetty",
              "bowler": "T Bokako",
              "non_striker": "S Muthusamy",
              "runs": {
                "batter": 1,
                "extras": 0,
                "total": 1
              }
            },
            {
              "batter": "S Muthusamy",
              "bowler": "T Bokako",
              "extras": {
                "wides": 1
              },
              "non_striker": "C Chetty",
              "runs": {
                "batter": 0,
                "extras": 1,
                "total": 1
              }
            },
            {
              "batter": "S Muthusamy",
              "bowler": "T Bokako",
              "non_striker": "C Chetty",
              "runs": {
                "batter": 0,
                "extras": 0,
                "total": 0
              }
            }
          ]
        },
        {
          "over": 11,
          "deliveries": [
            {
              "batter": "C Chetty",
              "bowler": "RK Kleinveldt",
              "non_striker": "S Muthusamy",
              "runs": {
                "batter": 0,
                "extras": 0,
                "total": 0
              }
            },
            {
              "batter": "C Chetty",
              "bowler": "RK Kleinveldt",
              "non_striker": "S Muthusamy",
              "runs": {
                "batter": 0,
                "extras": 0,
                "total": 0
              },
              "wickets": [
                {
                  "player_out": "C Chetty",
                  "fielders": [
                    {
                      "name": "JP Duminy"
                    }
                  ],
                  "kind": "caught"
                }
              ]
            },
            {
              "batter": "AL Phehlukwayo",
              "bowler": "RK Kleinveldt",
              "non_striker": "S Muthusamy",
              "runs": {
                "batter": 2,
                "extras": 0,
                "total": 2
              }
            },
            {
              "batter": "AL Phehlukwayo",
              "bowler": "RK Kleinveldt",
              "non_striker": "S Muthusamy",
              "runs": {
                "batter": 0,
                "extras": 0,
                "total": 0
              }
            },
            {
              "batter": "AL Phehlukwayo",
              "bowler": "RK Kleinveldt",
              "non_striker": "S Muthusamy",
              "runs": {
                "batter": 0,
                "extras": 0,
                "total": 0
              }
            },
            {
              "batter": "AL Phehlukwayo",
              "bowler": "RK Kleinveldt",
              "non_striker": "S Muthusamy",
              "runs": {
                "batter": 0,
                "extras": 0,
                "total": 0
              }
            }
          ]
        },
        {
          "over": 12,
          "deliveries": [
            {
              "batter": "S Muthusamy",
              "bowler": "T Bokako",
              "non_striker": "AL Phehlukwayo",
              "runs": {
                "batter": 4,
                "extras": 0,
                "total": 4
              }
            },
            {
              "batter": "S Muthusamy",
              "bowler": "T Bokako",
              "non_striker": "AL Phehlukwayo",
              "runs": {
                "batter": 0,
                "extras": 0,
                "total": 0
              }
            },
            {
              "batter": "S Muthusamy",
              "bowler": "T Bokako",
              "non_striker": "AL Phehlukwayo",
              "runs": {
                "batter": 0,
                "extras": 0,
                "total": 0
              }
            },
            {
              "batter": "S Muthusamy",
              "bowler": "T Bokako",
              "non_striker": "AL Phehlukwayo",
              "runs": {
                "batter": 4,
                "extras": 0,
                "total": 4
              }
            },
            {
              "batter": "S Muthusamy",
              "bowler": "T Bokako",
              "non_striker": "AL Phehlukwayo",
              "runs": {
                "batter": 1,
                "extras": 0,
                "total": 1
              }
            },
            {
              "batter": "AL Phehlukwayo",
              "bowler": "T Bokako",
              "non_striker": "S Muthusamy",
              "runs": {
                "batter": 0,
                "extras": 0,
                "total": 0
              }
            }
          ]
        },
        {
          "over": 13,
          "deliveries": [
            {
              "batter": "S Muthusamy",
              "bowler": "RK Kleinveldt",
              "non_striker": "AL Phehlukwayo",
              "runs": {
                "batter": 2,
                "extras": 0,
                "total": 2
              }
            },
            {
              "batter": "S Muthusamy",
              "bowler": "RK Kleinveldt",
              "non_striker": "AL Phehlukwayo",
              "runs": {
                "batter": 1,
                "extras": 0,
                "total": 1
              }
            },
            {
              "batter": "AL Phehlukwayo",
              "bowler": "RK Kleinveldt",
              "non_striker": "S Muthusamy",
              "runs": {
                "batter": 1,
                "extras": 0,
                "total": 1
              }
            },
            {
              "batter": "S Muthusamy",
              "bowler": "RK Kleinveldt",
              "non_striker": "AL Phehlukwayo",
              "runs": {
                "batter": 0,
                "extras": 0,
                "total": 0
              }
            },
            {
              "batter": "S Muthusamy",
              "bowler": "RK Kleinveldt",
              "non_striker": "AL Phehlukwayo",
              "runs": {
                "batter": 0,
                "extras": 0,
                "total": 0
              }
            },
            {
              "batter": "S Muthusamy",
              "bowler": "RK Kleinveldt",
              "non_striker": "AL Phehlukwayo",
              "runs": {
                "batter": 1,
                "extras": 0,
                "total": 1
              }
            }
          ]
        },
        {
          "over": 14,
          "deliveries": [
            {
              "batter": "S Muthusamy",
              "bowler": "NM Serame",
              "non_striker": "AL Phehlukwayo",
              "runs": {
                "batter": 0,
                "extras": 0,
                "total": 0
              }
            },
            {
              "batter": "S Muthusamy",
              "bowler": "NM Serame",
              "non_striker": "AL Phehlukwayo",
              "runs": {
                "batter": 0,
                "extras": 0,
                "total": 0
              }
            },
            {
              "batter": "S Muthusamy",
              "bowler": "NM Serame",
              "non_striker": "AL Phehlukwayo",
              "runs": {
                "batter": 1,
                "extras": 0,
                "total": 1
              }
            },
            {
              "batter": "AL Phehlukwayo",
              "bowler": "NM Serame",
              "non_striker": "S Muthusamy",
              "runs": {
                "batter": 0,
                "extras": 0,
                "total": 0
              },
              "wickets": [
                {
                  "player_out": "AL Phehlukwayo",
                  "kind": "lbw"
                }
              ]
            },
            {
              "batter": "R Frylinck",
              "bowler": "NM Serame",
              "non_striker": "S Muthusamy",
              "runs": {
                "batter": 6,
                "extras": 0,
                "total": 6
              }
            },
            {
              "batter": "R Frylinck",
              "bowler": "NM Serame",
              "non_striker": "S Muthusamy",
              "runs": {
                "batter": 2,
                "extras": 0,
                "total": 2
              }
            }
          ]
        },
        {
          "over": 15,
          "deliveries": [
            {
              "batter": "S Muthusamy",
              "bowler": "JP Duminy",
              "non_striker": "R Frylinck",
              "runs": {
                "batter": 4,
                "extras": 0,
                "total": 4
              }
            }
          ]
        }
      ],
      "powerplays": [
        {
          "from": 0.1,
          "to": 5.6,
          "type": "mandatory"
        }
      ],
      "target": {
        "overs": 20,
        "runs": 122
      },
      "miscounted_overs": {
        "4": {
          "balls": "5"
        }
      }
    }
  ]
}