{
  "meta": {
    "data_version": "1.1.0",
    "created": "2022-03-28",
    "revision": 2
  },
  "info": {
    "balls_per_over": 6,
    "city": "Port Elizabeth",
    "dates": [
      "2022-02-15"
    ],
    "event": {
      "name": "CSA T20 Challenge",
      "match_number": 16
    },
    "gender": "male",
    "match_type": "T20",
    "officials": {
      "match_referees": [
        "GH Pienaar"
      ],
      "reserve_umpires": [
        "BM White"
      ],
      "tv_umpires": [
        "AM Sodumo"
      ],
      "umpires": [
        "DJ Smith",
        "MN Gampu"
      ]
    },
    "outcome": {
      "winner": "Western Province",
      "by": {
        "runs": 84
      }
    },
    "overs": 20,
    "player_of_match": [
      "WD Parnell",
      "BE Hendricks"
    ],
    "players": {
      "Western Province": [
        "JA Bird",
        "G Kaplan",
        "T de Zorzi",
        "DJ Vilas",
        "WD Parnell",
        "A Mgijima",
        "MY Vallie",
        "M Mpongwana",
        "BE Hendricks",
        "BD Walters",
        "J Dawood"
      ],
      "North West": [
        "WB Marshall",
        "S Muthusamy",
        "NJ van den Bergh",
        "T Isaacs",
        "D Pretorius",
        "D Potgieter",
        "L Senokwane",
        "Z Pongolo",
        "D Jansen",
        "C Seleka",
        "JN Diseko"
      ]
    },
    "registry": {
      "people": {
        "A Mgijima": "955e8e86",
        "AM Sodumo": "cc6850ec",
        "BD Walters": "1e182ae2",
        "BE Hendricks": "b56dc5f7",
        "BM White": "66c21d35",
        "C Seleka": "be8b147b",
        "D Jansen": "8dc152d1",
        "D Potgieter": "60fbf53a",
        "D Pretorius": "11614d87",
        "DJ Smith": "d17bec15",
        "DJ Vilas": "087210b1",
        "G Kaplan": "a5c3d564",
        "GH Pienaar": "3516e46b",
        "J Dawood": "a2316f90",
        "JA Bird": "572f55fb",
        "JN Diseko": "bc31511b",
        "L Senokwane": "7d9b4224",
        "M Mpongwana": "547c5509",
        "MN Gampu": "41597619",
        "MY Vallie": "9fa54c94",
        "NJ van den Bergh": "055e8d7b",
        "S Muthusamy": "7dfb8890",
        "T Isaacs": "249a17c8",
        "T de Zorzi": "d3a1c63d",
        "WB Marshall": "2d7f2ba0",
        "WD Parnell": "3a60e0b5",
        "Z Pongolo": "01698fee"
      }
    },
    "season": "2021/22",
    "team_type": "club",
    "teams": [
      "Western Province",
      "North West"
    ],
    "toss": {
      "decision": "bat",
      "winner": "Western Province"
    },
    "venue": "St George's Park, Port Elizabeth"
  },
  "innings": [
    {
      "team": "Western Province",
      "overs": [
        {
          "over": 0,
          "deliveries": [
            {
              "batter": "JA Bird",
              "bowler": "D Jansen",
              "extras": {
                "wides": 1
              },
              "non_striker": "G Kaplan",
              "runs": {
                "batter": 0,
                "extras": 1,
                "total": 1
              }
            },
            {
              "batter": "JA Bird",
              "bowler": "D Jansen",
              "non_striker": "G Kaplan",
              "runs": {
                "batter": 0,
                "extras": 0,
                "total": 0
              }
            },
            {
              "batter": "JA Bird",
              "bowler": "D Jansen",
              "non_striker": "G Kaplan",
              "runs": {
                "batter": 4,
                "extras": 0,
                "total": 4
              }
            },
            {
              "batter": "JA Bird",
              "bowler": "D Jansen",
              "non_striker": "G Kaplan",
              "runs": {
                "batter": 4,
                "extras": 0,
                "total": 4
              }
            },
            {
              "batter": "JA Bird",
              "bowler": "D Jansen",
              "non_striker": "G Kaplan",
              "runs": {
                "batter": 4,
                "extras": 0,
                "total": 4
              }
            },
            {
              "batter": "JA Bird",
              "bowler": "D Jansen",
              "non_striker": "G Kaplan",
              "runs": {
                "batter": 0,
                "extras": 0,
                "total": 0
              }
            },
            {
              "batter": "JA Bird",
              "bowler": "D Jansen",
              "non_striker": "G Kaplan",
              "runs": {
                "batter": 0,
                "extras": 0,
                "total": 0
              }
            }
          ]
        },
        {
          "over": 1,
          "deliveries": [
            {
              "batter": "G Kaplan",
              "bowler": "JN Diseko",
              "non_striker": "JA Bird",
              "runs": {
                "batter": 1,
                "extras": 0,
                "total": 1
              }
            },
            {
              "batter": "JA Bird",
              "bowler": "JN Diseko",
              "non_striker": "G Kaplan",
              "runs": {
                "batter": 0,
                "extras": 0,
                "total": 0
              }
            },
            {
              "batter": "JA Bird",
              "bowler": "JN Diseko",
              "non_striker": "G Kaplan",
              "runs": {
                "batter": 0,
                "extras": 0,
                "total": 0
              }
            },
            {
              "batter": "JA Bird",
              "bowler": "JN Diseko",
              "non_striker": "G Kaplan",
              "runs": {
                "batter": 1,
                "extras": 0,
                "total": 1
              }
            },
            {
              "batter": "G Kaplan",
              "bowler": "JN Diseko",
              "non_striker": "JA Bird",
              "runs": {
                "batter": 3,
                "extras": 0,
                "total": 3
              }
            },
            {
              "batter": "JA Bird",
              "bowler": "JN Diseko",
              "non_striker": "G Kaplan",
              "runs": {
                "batter": 0,
                "extras": 0,
                "total": 0
              }
            }
          ]
        },
        {
          "over": 2,
          "deliveries": [
            {
              "batter": "G Kaplan",
              "bowler": "D Pretorius",
              "non_striker": "JA Bird",
              "runs": {
                "batter": 1,
                "extras": 0,
                "total": 1
              }
            },
            {
              "batter": "JA Bird",
              "bowler": "D Pretorius",
              "non_striker": "G Kaplan",
              "runs": {
                "batter": 1,
                "extras": 0,
                "total": 1
              }
            },
            {
              "batter": "G Kaplan",
              "bowler": "D Pretorius",
              "non_striker": "JA Bird",
              "runs": {
                "batter": 0,
                "extras": 0,
                "total": 0
              }
            },
            {
              "batter": "G Kaplan",
              "bowler": "D Pretorius",
              "non_striker": "JA Bird",
              "runs": {
                "batter": 2,
                "extras": 0,
                "total": 2
              }
            },
            {
              "batter": "G Kaplan",
              "bowler": "D Pretorius",
              "non_striker": "JA Bird",
              "runs": {
                "batter": 1,
                "extras": 0,
                "total": 1
              }
            },
            {
              "batter": "JA Bird",
              "bowler": "D Pretorius",
              "non_striker": "G Kaplan",
              "runs": {
                "batter": 0,
                "extras": 0,
                "total": 0
              }
            }
          ]
        },
        {
          "over": 3,
          "deliveries": [
            {
              "batter": "G Kaplan",
              "bowler": "JN Diseko",
              "non_striker": "JA Bird",
              "runs": {
                "batter": 1,
                "extras": 0,
                "total": 1
              }
            },
            {
              "batter": "JA Bird",
              "bowler": "JN Diseko",
              "non_striker": "G Kaplan",
              "runs": {
                "batter": 0,
                "extras": 0,
                "total": 0
              }
            },
            {
              "batter": "JA Bird",
              "bowler": "JN Diseko",
              "non_striker": "G Kaplan",
              "runs": {
                "batter": 1,
                "extras": 0,
                "total": 1
              }
            },
            {
              "batter": "G Kaplan",
              "bowler": "JN Diseko",
              "non_striker": "JA Bird",
              "runs": {
                "batter": 0,
                "extras": 0,
                "total": 0
              }
            },
            {
              "batter": "G Kaplan",
              "bowler": "JN Diseko",
              "non_striker": "JA Bird",
              "runs": {
                "batter": 4,
                "extras": 0,
                "total": 4
              }
            },
            {
              "batter": "G Kaplan",
              "bowler": "JN Diseko",
              "non_striker": "JA Bird",
              "runs": {
                "batter": 1,
                "extras": 0,
                "total": 1
              }
            }
          ]
        },
        {
          "over": 4,
          "deliveries": [
            {
              "batter": "G Kaplan",
              "bowler": "D Potgieter",
              "non_striker": "JA Bird",
              "runs": {
                "batter": 0,
                "extras": 0,
                "total": 0
              }
            },
            {
              "batter": "G Kaplan",
              "bowler": "D Potgieter",
              "non_striker": "JA Bird",
              "runs": {
                "batter": 0,
                "extras": 0,
                "total": 0
              },
              "wickets": [
                {
                  "player_out": "G Kaplan",
                  "fielders": [
                    {
                      "name": "D Jansen"
                    }
                  ],
                  "kind": "caught"
                }
              ]
            },
            {
              "batter": "T de Zorzi",
              "bowler": "D Potgieter",
              "non_striker": "JA Bird",
              "runs": {
                "batter": 0,
                "extras": 0,
                "total": 0
              }
            },
            {
              "batter": "T de Zorzi",
              "bowler": "D Potgieter",
              "non_striker": "JA Bird",
              "runs": {
                "batter": 1,
                "extras": 0,
                "total": 1
              }
            },
            {
              "batter": "JA Bird",
              "bowler": "D Potgieter",
              "non_striker": "T de Zorzi",
              "runs": {
                "batter": 4,
                "extras": 0,
                "total": 4
              }
            },
            {
              "batter": "JA Bird",
              "bowler": "D Potgieter",
              "non_striker": "T de Zorzi",
              "runs": {
                "batter": 1,
                "extras": 0,
                "total": 1
              }
            }
          ]
        },
        {
          "over": 5,
          "deliveries": [
            {
              "batter": "JA Bird",
              "bowler": "D Pretorius",
              "non_striker": "T de Zorzi",
              "runs": {
                "batter": 1,
                "extras": 0,
                "total": 1
              }
            },
            {
              "batter": "T de Zorzi",
              "bowler": "D Pretorius",
              "non_striker": "JA Bird",
              "runs": {
                "batter": 1,
                "extras": 0,
                "total": 1
              }
            },
            {
              "batter": "JA Bird",
              "bowler": "D Pretorius",
              "non_striker": "T de Zorzi",
              "runs": {
                "batter": 1,
                "extras": 0,
                "total": 1
              }
            },
            {
              "batter": "T de Zorzi",
              "bowler": "D Pretorius",
              "non_striker": "JA Bird",
              "runs": {
                "batter": 1,
                "extras": 0,
                "total": 1
              }
            },
            {
              "batter": "JA Bird",
              "bowler": "D Pretorius",
              "non_striker": "T de Zorzi",
              "runs": {
                "batter": 1,
                "extras": 0,
                "total": 1
              }
            },
            {
              "batter": "T de Zorzi",
              "bowler": "D Pretorius",
              "non_striker": "JA Bird",
              "runs": {
                "batter": 1,
                "extras": 0,
                "total": 1
              }
            }
          ]
        },
        {
          "over": 6,
          "deliveries": [
            {
              "batter": "T de Zorzi",
              "bowler": "D Potgieter",
              "non_striker": "JA Bird",
              "runs": {
                "batter": 3,
                "extras": 0,
                "total": 3
              }
            },
            {
              "batter": "JA Bird",
              "bowler": "D Potgieter",
              "non_striker": "T de Zorzi",
              "runs": {
                "batter": 4,
                "extras": 0,
                "total": 4
              }
            },
            {
              "batter": "JA Bird",
              "bowler": "D Potgieter",
              "non_striker": "T de Zorzi",
              "runs": {
                "batter": 0,
                "extras": 0,
                "total": 0
              }
            },
            {
              "batter": "JA Bird",
              "bowler": "D Potgieter",
              "extras": {
                "wides": 1
              },
              "non_striker": "T de Zorzi",
              "runs": {
                "batter": 0,
                "extras": 1,
                "total": 1
              }
            },
            {
              "batter": "JA Bird",
              "bowler": "D Potgieter",
              "non_striker": "T de Zorzi",
              "runs": {
                "batter": 6,
                "extras": 0,
                "total": 6
              }
            },
            {
              "batter": "JA Bird",
              "bowler": "D Potgieter",
              "non_striker": "T de Zorzi",
              "runs": {
                "batter": 1,
                "extras": 0,
                "total": 1
              }
            },
            {
              "batter": "T de Zorzi",
              "bowler": "D Potgieter",
              "non_striker": "JA Bird",
              "runs": {
                "batter": 1,
                "extras": 0,
                "total": 1
              }
            }
          ]
        },
        {
          "over": 7,
          "deliveries": [
            {
              "batter": "T de Zorzi",
              "bowler": "Z Pongolo",
              "non_striker": "JA Bird",
              "runs": {
                "batter": 6,
                "extras": 0,
                "total": 6
              }
            },
            {
              "batter": "T de Zorzi",
              "bowler": "Z Pongolo",
              "non_striker": "JA Bird",
              "runs": {
                "batter": 1,
                "extras": 0,
                "total": 1
              }
            },
            {
              "batter": "JA Bird",
              "bowler": "Z Pongolo",
              "non_striker": "T de Zorzi",
              "runs": {
                "batter": 1,
                "extras": 0,
                "total": 1
              },
              "wickets": [
                {
                  "player_out": "T de Zorzi",
                  "fielders": [
                    {
                      "name": "L Senokwane"
                    },
                    {
                      "name": "Z Pongolo"
                    }
                  ],
                  "kind": "run out"
                }
              ]
            },
            {
              "batter": "JA Bird",
              "bowler": "Z Pongolo",
              "non_striker": "DJ Vilas",
              "runs": {
                "batter": 1,
                "extras": 0,
                "total": 1
              }
            },
            {
              "batter": "DJ Vilas",
              "bowler": "Z Pongolo",
              "non_striker": "JA Bird",
              "runs": {
                "batter": 0,
                "extras": 0,
                "total": 0
              }
            },
            {
              "batter": "DJ Vilas",
              "bowler": "Z Pongolo",
              "non_striker": "JA Bird",
              "runs": {
                "batter": 1,
                "extras": 0,
                "total": 1
              }
            }
          ]
        },
        {
          "over": 8,
          "deliveries": [
            {
              "batter": "DJ Vilas",
              "bowler": "C Seleka",
              "non_striker": "JA Bird",
              "runs": {
                "batter": 0,
                "extras": 0,
                "total": 0
              }
            },
            {
              "batter": "DJ Vilas",
              "bowler": "C Seleka",
              "non_striker": "JA Bird",
              "runs": {
                "batter": 1,
                "extras": 0,
                "total": 1
              }
            },
            {
              "batter": "JA Bird",
              "bowler": "C Seleka",
              "non_striker": "DJ Vilas",
              "runs": {
                "batter": 0,
                "extras": 0,
                "total": 0
              }
            },
            {
              "batter": "JA Bird",
              "bowler": "C Seleka",
              "non_striker": "DJ Vilas",
              "runs": {
                "batter": 0,
                "extras": 0,
                "total": 0
              }
            },
            {
              "batter": "JA Bird",
              "bowler": "C Seleka",
              "non_striker": "DJ Vilas",
              "runs": {
                "batter": 0,
                "extras": 0,
                "total": 0
              }
            },
            {
              "batter": "JA Bird",
              "bowler": "C Seleka",
              "non_striker": "DJ Vilas",
              "runs": {
                "batter": 0,
                "extras": 0,
                "total": 0
              }
            }
          ]
        },
        {
          "over": 9,
          "deliveries": [
            {
              "batter": "DJ Vilas",
              "bowler": "S Muthusamy",
              "non_striker": "JA Bird",
              "runs": {
                "batter": 0,
                "extras": 0,
                "total": 0
              }
            },
            {
              "batter": "DJ Vilas",
              "bowler": "S Muthusamy",
              "non_striker": "JA Bird",
              "runs": {
                "batter": 1,
                "extras": 0,
                "total": 1
              }
            },
            {
              "batter": "JA Bird",
              "bowler": "S Muthusamy",
              "non_striker": "DJ Vilas",
              "runs": {
                "batter": 0,
                "extras": 0,
                "total": 0
              }
            },
            {
              "batter": "JA Bird",
              "bowler": "S Muthusamy",
              "non_striker": "DJ Vilas",
              "runs": {
                "batter": 0,
                "extras": 0,
                "total": 0
              }
            },
            {
              "batter": "JA Bird",
              "bowler": "S Muthusamy",
              "non_striker": "DJ Vilas",
              "runs": {
                "batter": 1,
                "extras": 0,
                "total": 1
              }
            },
            {
              "batter": "DJ Vilas",
              "bowler": "S Muthusamy",
              "non_striker": "JA Bird",
              "runs": {
                "batter": 4,
                "extras": 0,
                "total": 4
              }
            }
          ]
        },
        {
          "over": 10,
          "deliveries": [
            {
              "batter": "JA Bird",
              "bowler": "C Seleka",
              "non_striker": "DJ Vilas",
              "runs": {
                "batter": 1,
                "extras": 0,
                "total": 1
              }
            },
            {
              "batter": "DJ Vilas",
              "bowler": "C Seleka",
              "non_striker": "JA Bird",
              "runs": {
                "batter": 1,
                "extras": 0,
                "total": 1
              }
            },
            {
              "batter": "JA Bird",
              "bowler": "C Seleka",
              "non_striker": "DJ Vilas",
              "runs": {
                "batter": 1,
                "extras": 0,
                "total": 1
              }
            },
            {
              "batter": "DJ Vilas",
              "bowler": "C Seleka",
              "non_striker": "JA Bird",
              "runs": {
                "batter": 1,
                "extras": 0,
                "total": 1
              }
            },
            {
              "batter": "JA Bird",
              "bowler": "C Seleka",
              "non_striker": "DJ Vilas",
              "runs": {
                "batter": 6,
                "extras": 0,
                "total": 6
              }
            },
            {
              "batter": "JA Bird",
              "bowler": "C Seleka",
              "non_striker": "DJ Vilas",
              "runs": {
                "batter": 1,
                "extras": 0,
                "total": 1
              }
            }
          ]
        },
        {
          "over": 11,
          "deliveries": [
            {
              "batter": "JA Bird",
              "bowler": "S Muthusamy",
              "extras": {
                "wides": 2
              },
              "non_striker": "DJ Vilas",
              "runs": {
                "batter": 0,
                "extras": 2,
                "total": 2
              }
            },
            {
              "batter": "DJ Vilas",
              "bowler": "S Muthusamy",
              "non_striker": "JA Bird",
              "runs": {
                "batter": 1,
                "extras": 0,
                "total": 1
              }
            },
            {
              "batter": "JA Bird",
              "bowler": "S Muthusamy",
              "non_striker": "DJ Vilas",
              "runs": {
                "batter": 2,
                "extras": 0,
                "total": 2
              }
            },
            {
              "batter": "JA Bird",
              "bowler": "S Muthusamy",
              "non_striker": "DJ Vilas",
              "runs": {
                "batter": 0,
                "extras": 0,
                "total": 0
              }
            },
            {
              "batter": "JA Bird",
              "bowler": "S Muthusamy",
              "non_striker": "DJ Vilas",
              "runs": {
                "batter": 1,
                "extras": 0,
                "total": 1
              }
            },
            {
              "batter": "DJ Vilas",
              "bowler": "S Muthusamy",
              "non_striker": "JA Bird",
              "runs": {
                "batter": 1,
                "extras": 0,
                "total": 1
              }
            },
            {
              "batter": "JA Bird",
              "bowler": "S Muthusamy",
              "non_striker": "DJ Vilas",
              "runs": {
                "batter": 2,
                "extras": 0,
                "total": 2
              }
            }
          ]
        },
        {
          "over": 12,
          "deliveries": [
            {
              "batter": "DJ Vilas",
              "bowler": "D Jansen",
              "non_striker": "JA Bird",
              "runs": {
                "batter": 1,
                "extras": 0,
                "total": 1
              }
            },
            {
              "batter": "JA Bird",
              "bowler": "D Jansen",
              "non_striker": "DJ Vilas",
              "runs": {
                "batter": 1,
                "extras": 0,
                "total": 1
              }
            },
            {
              "batter": "DJ Vilas",
              "bowler": "D Jansen",
              "non_striker": "JA Bird",
              "runs": {
                "batter": 4,
                "extras": 0,
                "total": 4
              }
            },
            {
              "batter": "DJ Vilas",
              "bowler": "D Jansen",
              "non_striker": "JA Bird",
              "runs": {
                "batter": 6,
                "extras": 0,
                "total": 6
              }
            },
            {
              "batter": "DJ Vilas",
              "bowler": "D Jansen",
              "non_striker": "JA Bird",
              "runs": {
                "batter": 1,
                "extras": 0,
                "total": 1
              }
            },
            {
              "batter": "JA Bird",
              "bowler": "D Jansen",
              "non_striker": "DJ Vilas",
              "runs": {
                "batter": 1,
                "extras": 0,
                "total": 1
              }
            }
          ]
        },
        {
          "over": 13,
          "deliveries": [
            {
              "batter": "JA Bird",
              "bowler": "JN Diseko",
              "non_striker": "DJ Vilas",
              "runs": {
                "batter": 0,
                "extras": 0,
                "total": 0
              }
            },
            {
              "batter": "JA Bird",
              "bowler": "JN Diseko",
              "non_striker": "DJ Vilas",
              "runs": {
                "batter": 0,
                "extras": 0,
                "total": 0
              },
              "wickets": [
                {
                  "player_out": "JA Bird",
                  "fielders": [
                    {
                      "name": "WB Marshall"
                    }
                  ],
                  "kind": "caught"
                }
              ]
            },
            {
              "batter": "DJ Vilas",
              "bowler": "JN Diseko",
              "non_striker": "WD Parnell",
              "runs": {
                "batter": 4,
                "extras": 0,
                "total": 4
              }
            },
            {
              "batter": "DJ Vilas",
              "bowler": "JN Diseko",
              "non_striker": "WD Parnell",
              "runs": {
                "batter": 1,
                "extras": 0,
                "total": 1
              }
            },
            {
              "batter": "WD Parnell",
              "bowler": "JN Diseko",
              "non_striker": "DJ Vilas",
              "runs": {
                "batter": 0,
                "extras": 0,
                "total": 0
              }
            },
            {
              "batter": "WD Parnell",
              "bowler": "JN Diseko",
              "non_striker": "DJ Vilas",
              "runs": {
                "batter": 2,
                "extras": 0,
                "total": 2
              }
            }
          ]
        },
        {
          "over": 14,
          "deliveries": [
            {
              "batter": "DJ Vilas",
              "bowler": "D Potgieter",
              "non_striker": "WD Parnell",
              "runs": {
                "batter": 2,
                "extras": 0,
                "total": 2
              }
            },
            {
              "batter": "DJ Vilas",
              "bowler": "D Potgieter",
              "non_striker": "WD Parnell",
              "runs": {
                "batter": 1,
                "extras": 0,
                "total": 1
              }
            },
            {
              "batter": "WD Parnell",
              "bowler": "D Potgieter",
              "non_striker": "DJ Vilas",
              "runs": {
                "batter": 1,
                "extras": 0,
                "total": 1
              }
            },
            {
              "batter": "DJ Vilas",
              "bowler": "D Potgieter",
              "non_striker": "WD Parnell",
              "runs": {
                "batter": 0,
                "extras": 0,
                "total": 0
              },
              "wickets": [
                {
                  "player_out": "DJ Vilas",
                  "kind": "bowled"
                }
              ]
            },
            {
              "batter": "A Mgijima",
              "bowler": "D Potgieter",
              "non_striker": "WD Parnell",
              "runs": {
                "batter": 0,
                "extras": 0,
                "total": 0
              }
            },
            {
              "batter": "A Mgijima",
              "bowler": "D Potgieter",
              "non_striker": "WD Parnell",
              "runs": {
                "batter": 1,
                "extras": 0,
                "total": 1
              }
            }
          ]
        },
        {
          "over": 15,
          "deliveries": [
            {
              "batter": "A Mgijima",
              "bowler": "S Muthusamy",
              "non_striker": "WD Parnell",
              "runs": {
                "batter": 0,
                "extras": 0,
                "total": 0
              }
            },
            {
              "batter": "A Mgijima",
              "bowler": "S Muthusamy",
              "non_striker": "WD Parnell",
              "runs": {
                "batter": 0,
                "extras": 0,
                "total": 0
              },
              "wickets": [
                {
                  "player_out": "A Mgijima",
                  "kind": "bowled"
                }
              ]
            },
            {
              "batter": "MY Vallie",
              "bowler": "S Muthusamy",
              "non_striker": "WD Parnell",
              "runs": {
                "batter": 1,
                "extras": 0,
                "total": 1
              }
            },
            {
              "batter": "WD Parnell",
              "bowler": "S Muthusamy",
              "non_striker": "MY Vallie",
              "runs": {
                "batter": 1,
                "extras": 0,
                "total": 1
              }
            },
            {
              "batter": "MY Vallie",
              "bowler": "S Muthusamy",
              "non_striker": "WD Parnell",
              "runs": {
                "batter": 0,
                "extras": 0,
                "total": 0
              }
            },
            {
              "batter": "MY Vallie",
              "bowler": "S Muthusamy",
              "non_striker": "WD Parnell",
              "runs": {
                "batter": 1,
                "extras": 0,
                "total": 1
              }
            }
          ]
        },
        {
          "over": 16,
          "deliveries": [
            {
              "batter": "MY Vallie",
              "bowler": "Z Pongolo",
              "extras": {
                "noballs": 1
              },
              "non_striker": "WD Parnell",
              "runs": {
                "batter": 1,
                "extras": 1,
                "total": 2
              }
            },
            {
              "batter": "WD Parnell",
              "bowler": "Z Pongolo",
              "non_striker": "MY Vallie",
              "runs": {
                "batter": 1,
                "extras": 0,
                "total": 1
              }
            },
            {
              "batter": "MY Vallie",
              "bowler": "Z Pongolo",
              "non_striker": "WD Parnell",
              "runs": {
                "batter": 1,
                "extras": 0,
                "total": 1
              }
            },
            {
              "batter": "WD Parnell",
              "bowler": "Z Pongolo",
              "non_striker": "MY Vallie",
              "runs": {
                "batter": 0,
                "extras": 0,
                "total": 0
              }
            },
            {
              "batter": "WD Parnell",
              "bowler": "Z Pongolo",
              "non_striker": "MY Vallie",
              "runs": {
                "batter": 2,
                "extras": 0,
                "total": 2
              }
            },
            {
              "batter": "WD Parnell",
              "bowler": "Z Pongolo",
              "non_striker": "MY Vallie",
              "runs": {
                "batter": 1,
                "extras": 0,
                "total": 1
              }
            },
            {
              "batter": "MY Vallie",
              "bowler": "Z Pongolo",
              "non_striker": "WD Parnell",
              "runs": {
                "batter": 1,
                "extras": 0,
                "total": 1
              }
            }
          ]
        },
        {
          "over": 17,
          "deliveries": [
            {
              "batter": "MY Vallie",
              "bowler": "S Muthusamy",
              "non_striker": "WD Parnell",
              "runs": {
                "batter": 2,
                "extras": 0,
                "total": 2
              }
            },
            {
              "batter": "MY Vallie",
              "bowler": "S Muthusamy",
              "non_striker": "WD Parnell",
              "runs": {
                "batter": 0,
                "extras": 0,
                "total": 0
              },
              "wickets": [
                {
                  "player_out": "MY Vallie",
                  "kind": "caught and bowled"
                }
              ]
            },
            {
              "batter": "M Mpongwana",
              "bowler": "S Muthusamy",
              "non_striker": "WD Parnell",
              "runs": {
                "batter": 0,
                "extras": 0,
                "total": 0
              },
              "wickets": [
                {
                  "player_out": "M Mpongwana",
                  "kind": "lbw"
                }
              ]
            },
            {
              "batter": "BE Hendricks",
              "bowler": "S Muthusamy",
              "non_striker": "WD Parnell",
              "runs": {
                "batter": 0,
                "extras": 0,
                "total": 0
              }
            },
            {
              "batter": "BE Hendricks",
              "bowler": "S Muthusamy",
              "non_striker": "WD Parnell",
              "runs": {
                "batter": 0,
                "extras": 0,
                "total": 0
              },
              "wickets": [
                {
                  "player_out": "BE Hendricks",
                  "kind": "bowled"
                }
              ]
            },
            {
              "batter": "BD Walters",
              "bowler": "S Muthusamy",
              "non_striker": "WD Parnell",
              "runs": {
                "batter": 0,
                "extras": 0,
                "total": 0
              }
            }
          ]
        },
        {
          "over": 18,
          "deliveries": [
            {
              "batter": "WD Parnell",
              "bowler": "Z Pongolo",
              "non_striker": "BD Walters",
              "runs": {
                "batter": 6,
                "extras": 0,
                "total": 6
              }
            },
            {
              "batter": "WD Parnell",
              "bowler": "Z Pongolo",
              "non_striker": "BD Walters",
              "runs": {
                "batter": 6,
                "extras": 0,
                "total": 6
              }
            },
            {
              "batter": "WD Parnell",
              "bowler": "Z Pongolo",
              "non_striker": "BD Walters",
              "runs": {
                "batter": 1,
                "extras": 0,
                "total": 1
              }
            },
            {
              "batter": "BD Walters",
              "bowler": "Z Pongolo",
              "non_striker": "WD Parnell",
              "runs": {
                "batter": 1,
                "extras": 0,
                "total": 1
              }
            },
            {
              "batter": "WD Parnell",
              "bowler": "Z Pongolo",
              "extras": {
                "wides": 1
              },
              "non_striker": "BD Walters",
              "runs": {
                "batter": 0,
                "extras": 1,
                "total": 1
              }
            },
            {
              "batter": "WD Parnell",
              "bowler": "Z Pongolo",
              "non_striker": "BD Walters",
              "runs": {
                "batter": 4,
                "extras": 0,
                "total": 4
              }
            },
            {
              "batter": "WD Parnell",
              "bowler": "Z Pongolo",
              "non_striker": "BD Walters",
              "runs": {
                "batter": 1,
                "extras": 0,
                "total": 1
              }
            }
          ]
        },
        {
          "over": 19,
          "deliveries": [
            {
              "batter": "WD Parnell",
              "bowler": "D Pretorius",
              "non_striker": "BD Walters",
              "runs": {
                "batter": 4,
                "extras": 0,
                "total": 4
              }
            },
            {
              "batter": "WD Parnell",
              "bowler": "D Pretorius",
              "non_striker": "BD Walters",
              "runs": {
                "batter": 1,
                "extras": 0,
                "total": 1
              }
            },
            {
              "batter": "BD Walters",
              "bowler": "D Pretorius",
              "non_striker": "WD Parnell",
              "runs": {
                "batter": 1,
                "extras": 0,
                "total": 1
              }
            },
            {
              "batter": "WD Parnell",
              "bowler": "D Pretorius",
              "extras": {
                "legbyes": 1
              },
              "non_striker": "BD Walters",
              "runs": {
                "batter": 0,
                "extras": 1,
                "total": 1
              }
            },
            {
              "batter": "BD Walters",
              "bowler": "D Pretorius",
              "non_striker": "WD Parnell",
              "runs": {
                "batter": 1,
                "extras": 0,
                "total": 1
              }
            },
            {
              "batter": "WD Parnell",
              "bowler": "D Pretorius",
              "non_striker": "BD Walters",
              "runs": {
                "batter": 2,
                "extras": 0,
                "total": 2
              }
            }
          ]
        }
      ],
      "powerplays": [
        {
          "from": 0.1,
          "to": 5.6,
          "type": "mandatory"
        }
      ]
    },
    {
      "team": "North West",
      "overs": [
        {
          "over": 0,
          "deliveries": [
            {
              "batter": "WB Marshall",
              "bowler": "BE Hendricks",
              "non_striker": "S Muthusamy",
              "runs": {
                "batter": 4,
                "extras": 0,
                "total": 4
              }
            },
            {
              "batter": "WB Marshall",
              "bowler": "BE Hendricks",
              "non_striker": "S Muthusamy",
              "runs": {
                "batter": 4,
                "extras": 0,
                "total": 4
              }
            },
            {
              "batter": "WB Marshall",
              "bowler": "BE Hendricks",
              "non_striker": "S Muthusamy",
              "runs": {
                "batter": 1,
                "extras": 0,
                "total": 1
              }
            },
            {
              "batter": "S Muthusamy",
              "bowler": "BE Hendricks",
              "non_striker": "WB Marshall",
              "runs": {
                "batter": 0,
                "extras": 0,
                "total": 0
              }
            },
            {
              "batter": "S Muthusamy",
              "bowler": "BE Hendricks",
              "non_striker": "WB Marshall",
              "runs": {
                "batter": 0,
                "extras": 0,
                "total": 0
              }
            },
            {
              "batter": "S Muthusamy",
              "bowler": "BE Hendricks",
              "non_striker": "WB Marshall",
              "runs": {
                "batter": 0,
                "extras": 0,
                "total": 0
              },
              "wickets": [
                {
                  "player_out": "S Muthusamy",
                  "fielders": [
                    {
                      "name": "T de Zorzi"
                    }
                  ],
                  "kind": "caught"
                }
              ]
            }
          ]
        },
        {
          "over": 1,
          "deliveries": [
            {
              "batter": "WB Marshall",
              "bowler": "WD Parnell",
              "non_striker": "NJ van den Bergh",
              "runs": {
                "batter": 0,
                "extras": 0,
                "total": 0
              }
            },
            {
              "batter": "WB Marshall",
              "bowler": "WD Parnell",
              "non_striker": "NJ van den Bergh",
              "runs": {
                "batter": 0,
                "extras": 0,
                "total": 0
              }
            },
            {
              "batter": "WB Marshall",
              "bowler": "WD Parnell",
              "non_striker": "NJ van den Bergh",
              "runs": {
                "batter": 0,
                "extras": 0,
                "total": 0
              }
            },
            {
              "batter": "WB Marshall",
              "bowler": "WD Parnell",
              "non_striker": "NJ van den Bergh",
              "runs": {
                "batter": 4,
                "extras": 0,
                "total": 4
              }
            },
            {
              "batter": "WB Marshall",
              "bowler": "WD Parnell",
              "non_striker": "NJ van den Bergh",
              "runs": {
                "batter": 0,
                "extras": 0,
                "total": 0
              }
            },
            {
              "batter": "WB Marshall",
              "bowler": "WD Parnell",
              "non_striker": "NJ van den Bergh",
              "runs": {
                "batter": 1,
                "extras": 0,
                "total": 1
              }
            }
          ]
        },
        {
          "over": 2,
          "deliveries": [
            {
              "batter": "WB Marshall",
              "bowler": "BE Hendricks",
              "non_striker": "NJ van den Bergh",
              "runs": {
                "batter": 1,
                "extras": 0,
                "total": 1
              }
            },
            {
              "batter": "NJ van den Bergh",
              "bowler": "BE Hendricks",
              "non_striker": "WB Marshall",
              "runs": {
                "batter": 1,
                "extras": 0,
                "total": 1
              }
            },
            {
              "batter": "WB Marshall",
              "bowler": "BE Hendricks",
              "non_striker": "NJ van den Bergh",
              "runs": {
                "batter": 0,
                "extras": 0,
                "total": 0
              },
              "wickets": [
                {
                  "player_out": "WB Marshall",
                  "fielders": [
                    {
                      "name": "A Mgijima"
                    }
                  ],
                  "kind": "caught"
                }
              ]
            },
            {
              "batter": "NJ van den Bergh",
              "bowler": "BE Hendricks",
              "non_striker": "T Isaacs",
              "runs": {
                "batter": 1,
                "extras": 0,
                "total": 1
              }
            },
            {
              "batter": "T Isaacs",
              "bowler": "BE Hendricks",
              "non_striker": "NJ van den Bergh",
              "runs": {
                "batter": 0,
                "extras": 0,
                "total": 0
              },
              "wickets": [
                {
                  "player_out": "T Isaacs",
                  "kind": "bowled"
                }
              ]
            },
            {
              "batter": "D Pretorius",
              "bowler": "BE Hendricks",
              "non_striker": "NJ van den Bergh",
              "runs": {
                "batter": 0,
                "extras": 0,
                "total": 0
              }
            }
          ]
        },
        {
          "over": 3,
          "deliveries": [
            {
              "batter": "NJ van den Bergh",
              "bowler": "WD Parnell",
              "non_striker": "D Pretorius",
              "runs": {
                "batter": 0,
                "extras": 0,
                "total": 0
              },
              "wickets": [
                {
                  "player_out": "NJ van den Bergh",
                  "fielders": [
                    {
                      "name": "DJ Vilas"
                    }
                  ],
                  "kind": "caught"
                }
              ]
            },
            {
              "batter": "D Potgieter",
              "bowler": "WD Parnell",
              "extras": {
                "legbyes": 1
              },
              "non_striker": "D Pretorius",
              "runs": {
                "batter": 0,
                "extras": 1,
                "total": 1
              }
            },
            {
              "batter": "D Pretorius",
              "bowler": "WD Parnell",
              "non_striker": "D Potgieter",
              "runs": {
                "batter": 0,
                "extras": 0,
                "total": 0
              }
            },
            {
              "batter": "D Pretorius",
              "bowler": "WD Parnell",
              "non_striker": "D Potgieter",
              "runs": {
                "batter": 0,
                "extras": 0,
                "total": 0
              }
            },
            {
              "batter": "D Pretorius",
              "bowler": "WD Parnell",
              "non_striker": "D Potgieter",
              "runs": {
                "batter": 1,
                "extras": 0,
                "total": 1
              }
            },
            {
              "batter": "D Potgieter",
              "bowler": "WD Parnell",
              "non_striker": "D Pretorius",
              "runs": {
                "batter": 1,
                "extras": 0,
                "total": 1
              }
            }
          ]
        },
        {
          "over": 4,
          "deliveries": [
            {
              "batter": "D Potgieter",
              "bowler": "BE Hendricks",
              "non_striker": "D Pretorius",
              "runs": {
                "batter": 0,
                "extras": 0,
                "total": 0
              }
            },
            {
              "batter": "D Potgieter",
              "bowler": "BE Hendricks",
              "non_striker": "D Pretorius",
              "runs": {
                "batter": 0,
                "extras": 0,
                "total": 0
              }
            },
            {
              "batter": "D Potgieter",
              "bowler": "BE Hendricks",
              "non_striker": "D Pretorius",
              "runs": {
                "batter": 0,
                "extras": 0,
                "total": 0
              }
            },
            {
              "batter": "D Potgieter",
              "bowler": "BE Hendricks",
              "non_striker": "D Pretorius",
              "runs": {
                "batter": 0,
                "extras": 0,
                "total": 0
              },
              "wickets": [
                {
                  "player_out": "D Potgieter",
                  "fielders": [
                    {
                      "name": "WD Parnell"
                    }
                  ],
                  "kind": "caught"
                }
              ]
            },
            {
              "batter": "L Senokwane",
              "bowler": "BE Hendricks",
              "non_striker": "D Pretorius",
              "runs": {
                "batter": 0,
                "extras": 0,
                "total": 0
              }
            },
            {
              "batter": "L Senokwane",
              "bowler": "BE Hendricks",
              "extras": {
                "wides": 1
              },
              "non_striker": "D Pretorius",
              "runs": {
                "batter": 0,
                "extras": 1,
                "total": 1
              }
            },
            {
              "batter": "L Senokwane",
              "bowler": "BE Hendricks",
              "non_striker": "D Pretorius",
              "runs": {
                "batter": 0,
                "extras": 0,
                "total": 0
              }
            }
          ]
        },
        {
          "over": 5,
          "deliveries": [
            {
              "batter": "D Pretorius",
              "bowler": "BD Walters",
              "non_striker": "L Senokwane",
              "runs": {
                "batter": 0,
                "extras": 0,
                "total": 0
              }
            },
            {
              "batter": "D Pretorius",
              "bowler": "BD Walters",
              "non_striker": "L Senokwane",
              "runs": {
                "batter": 0,
                "extras": 0,
                "total": 0
              }
            },
            {
              "batter": "D Pretorius",
              "bowler": "BD Walters",
              "non_striker": "L Senokwane",
              "runs": {
                "batter": 0,
                "extras": 0,
                "total": 0
              }
            },
            {
              "batter": "D Pretorius",
              "bowler": "BD Walters",
              "non_striker": "L Senokwane",
              "runs": {
                "batter": 1,
                "extras": 0,
                "total": 1
              }
            },
            {
              "batter": "L Senokwane",
              "bowler": "BD Walters",
              "non_striker": "D Pretorius",
              "runs": {
                "batter": 0,
                "extras": 0,
                "total": 0
              }
            },
            {
              "batter": "L Senokwane",
              "bowler": "BD Walters",
              "non_striker": "D Pretorius",
              "runs": {
                "batter": 4,
                "extras": 0,
                "total": 4
              }
            }
          ]
        },
        {
          "over": 6,
          "deliveries": [
            {
              "batter": "D Pretorius",
              "bowler": "J Dawood",
              "non_striker": "L Senokwane",
              "runs": {
                "batter": 1,
                "extras": 0,
                "total": 1
              }
            },
            {
              "batter": "L Senokwane",
              "bowler": "J Dawood",
              "non_striker": "D Pretorius",
              "runs": {
                "batter": 0,
                "extras": 0,
                "total": 0
              }
            },
            {
              "batter": "L Senokwane",
              "bowler": "J Dawood",
              "non_striker": "D Pretorius",
              "runs": {
                "batter": 0,
                "extras": 0,
                "total": 0
              }
            },
            {
              "batter": "L Senokwane",
              "bowler": "J Dawood",
              "non_striker": "D Pretorius",
              "runs": {
                "batter": 0,
                "extras": 0,
                "total": 0
              }
            },
            {
              "batter": "L Senokwane",
              "bowler": "J Dawood",
              "non_striker": "D Pretorius",
              "runs": {
                "batter": 1,
                "extras": 0,
                "total": 1
              }
            },
            {
              "batter": "D Pretorius",
              "bowler": "J Dawood",
              "non_striker": "L Senokwane",
              "runs": {
                "batter": 1,
                "extras": 0,
                "total": 1
              }
            }
          ]
        },
        {
          "over": 7,
          "deliveries": [
            {
              "batter": "D Pretorius",
              "bowler": "BD Walters",
              "non_striker": "L Senokwane",
              "runs": {
                "batter": 0,
                "extras": 0,
                "total": 0
              }
            },
            {
              "batter": "D Pretorius",
              "bowler": "BD Walters",
              "non_striker": "L Senokwane",
              "runs": {
                "batter": 0,
                "extras": 0,
                "total": 0
              }
            },
            {
              "batter": "D Pretorius",
              "bowler": "BD Walters",
              "non_striker": "L Senokwane",
              "runs": {
                "batter": 1,
                "extras": 0,
                "total": 1
              }
            },
            {
              "batter": "L Senokwane",
              "bowler": "BD Walters",
              "non_striker": "D Pretorius",
              "runs": {
                "batter": 1,
                "extras": 0,
                "total": 1
              }
            },
            {
              "batter": "D Pretorius",
              "bowler": "BD Walters",
              "non_striker": "L Senokwane",
              "runs": {
                "batter": 0,
                "extras": 0,
                "total": 0
              }
            },
            {
              "batter": "D Pretorius",
              "bowler": "BD Walters",
              "non_striker": "L Senokwane",
              "runs": {
                "batter": 1,
                "extras": 0,
                "total": 1
              }
            }
          ]
        },
        {
          "over": 8,
          "deliveries": [
            {
              "batter": "D Pretorius",
              "bowler": "J Dawood",
              "non_striker": "L Senokwane",
              "runs": {
                "batter": 6,
                "extras": 0,
                "total": 6
              }
            },
            {
              "batter": "D Pretorius",
              "bowler": "J Dawood",
              "non_striker": "L Senokwane",
              "runs": {
                "batter": 2,
                "extras": 0,
                "total": 2
              }
            },
            {
              "batter": "D Pretorius",
              "bowler": "J Dawood",
              "non_striker": "L Senokwane",
              "runs": {
                "batter": 0,
                "extras": 0,
                "total": 0
              }
            },
            {
              "batter": "D Pretorius",
              "bowler": "J Dawood",
              "non_striker": "L Senokwane",
              "runs": {
                "batter": 0,
                "extras": 0,
                "total": 0
              }
            },
            {
              "batter": "D Pretorius",
              "bowler": "J Dawood",
              "non_striker": "L Senokwane",
              "runs": {
                "batter": 0,
                "extras": 0,
                "total": 0
              },
              "wickets": [
                {
                  "player_out": "D Pretorius",
                  "kind": "lbw"
                }
              ]
            },
            {
              "batter": "Z Pongolo",
              "bowler": "J Dawood",
              "non_striker": "L Senokwane",
              "runs": {
                "batter": 0,
                "extras": 0,
                "total": 0
              },
              "wickets": [
                {
                  "player_out": "Z Pongolo",
                  "fielders": [
                    {
                      "name": "WD Parnell"
                    }
                  ],
                  "kind": "caught"
                }
              ]
            }
          ]
        },
        {
          "over": 9,
          "deliveries": [
            {
              "batter": "L Senokwane",
              "bowler": "BD Walters",
              "non_striker": "D Jansen",
              "runs": {
                "batter": 0,
                "extras": 0,
                "total": 0
              }
            },
            {
              "batter": "L Senokwane",
              "bowler": "BD Walters",
              "non_striker": "D Jansen",
              "runs": {
                "batter": 0,
                "extras": 0,
                "total": 0
              }
            },
            {
              "batter": "L Senokwane",
              "bowler": "BD Walters",
              "non_striker": "D Jansen",
              "runs": {
                "batter": 0,
                "extras": 0,
                "total": 0
              }
            },
            {
              "batter": "L Senokwane",
              "bowler": "BD Walters",
              "non_striker": "D Jansen",
              "runs": {
                "batter": 0,
                "extras": 0,
                "total": 0
              }
            },
            {
              "batter": "L Senokwane",
              "bowler": "BD Walters",
              "non_striker": "D Jansen",
              "runs": {
                "batter": 0,
                "extras": 0,
                "total": 0
              }
            },
            {
              "batter": "L Senokwane",
              "bowler": "BD Walters",
              "non_striker": "D Jansen",
              "runs": {
                "batter": 0,
                "extras": 0,
                "total": 0
              }
            }
          ]
        },
        {
          "over": 10,
          "deliveries": [
            {
              "batter": "D Jansen",
              "bowler": "J Dawood",
              "non_striker": "L Senokwane",
              "runs": {
                "batter": 1,
                "extras": 0,
                "total": 1
              }
            },
            {
              "batter": "L Senokwane",
              "bowler": "J Dawood",
              "non_striker": "D Jansen",
              "runs": {
                "batter": 0,
                "extras": 0,
                "total": 0
              },
              "wickets": [
                {
                  "player_out": "L Senokwane",
                  "kind": "lbw"
                }
              ]
            },
            {
              "batter": "C Seleka",
              "bowler": "J Dawood",
              "non_striker": "D Jansen",
              "runs": {
                "batter": 0,
                "extras": 0,
                "total": 0
              }
            },
            {
              "batter": "C Seleka",
              "bowler": "J Dawood",
              "extras": {
                "wides": 1
              },
              "non_striker": "D Jansen",
              "runs": {
                "batter": 0,
                "extras": 1,
                "total": 1
              }
            },
            {
              "batter": "C Seleka",
              "bowler": "J Dawood",
              "non_striker": "D Jansen",
              "runs": {
                "batter": 0,
                "extras": 0,
                "total": 0
              }
            },
            {
              "batter": "C Seleka",
              "bowler": "J Dawood",
              "non_striker": "D Jansen",
              "runs": {
                "batter": 0,
                "extras": 0,
                "total": 0
              }
            },
            {
              "batter": "C Seleka",
              "bowler": "J Dawood",
              "non_striker": "D Jansen",
              "runs": {
                "batter": 1,
                "extras": 0,
                "total": 1
              }
            }
          ]
        },
        {
          "over": 11,
          "deliveries": [
            {
              "batter": "C Seleka",
              "bowler": "BD Walters",
              "non_striker": "D Jansen",
              "runs": {
                "batter": 1,
                "extras": 0,
                "total": 1
              }
            },
            {
              "batter": "D Jansen",
              "bowler": "BD Walters",
              "non_striker": "C Seleka",
              "runs": {
                "batter": 1,
                "extras": 0,
                "total": 1
              }
            },
            {
              "batter": "C Seleka",
              "bowler": "BD Walters",
              "non_striker": "D Jansen",
              "runs": {
                "batter": 1,
                "extras": 0,
                "total": 1
              }
            },
            {
              "batter": "D Jansen",
              "bowler": "BD Walters",
              "extras": {
                "legbyes": 1
              },
              "non_striker": "C Seleka",
              "runs": {
                "batter": 0,
                "extras": 1,
                "total": 1
              }
            },
            {
              "batter": "C Seleka",
              "bowler": "BD Walters",
              "non_striker": "D Jansen",
              "runs": {
                "batter": 0,
                "extras": 0,
                "total": 0
              }
            },
            {
              "batter": "C Seleka",
              "bowler": "BD Walters",
              "non_striker": "D Jansen",
              "runs": {
                "batter": 0,
                "extras": 0,
                "total": 0
              }
            }
          ]
        },
        {
          "over": 12,
          "deliveries": [
            {
              "batter": "D Jansen",
              "bowler": "J Dawood",
              "non_striker": "C Seleka",
              "runs": {
                "batter": 1,
                "extras": 0,
                "total": 1
              }
            },
            {
              "batter": "C Seleka",
              "bowler": "J Dawood",
              "non_striker": "D Jansen",
              "runs": {
                "batter": 1,
                "extras": 0,
                "total": 1
              }
            },
            {
              "batter": "D Jansen",
              "bowler": "J Dawood",
              "non_striker": "C Seleka",
              "runs": {
                "batter": 4,
                "extras": 0,
                "total": 4
              }
            },
            {
              "batter": "D Jansen",
              "bowler": "J Dawood",
              "non_striker": "C Seleka",
              "runs": {
                "batter": 0,
                "extras": 0,
                "total": 0
              }
            },
            {
              "batter": "D Jansen",
              "bowler": "J Dawood",
              "non_striker": "C Seleka",
              "runs": {
                "batter": 2,
                "extras": 0,
                "total": 2
              }
            },
            {
              "batter": "D Jansen",
              "bowler": "J Dawood",
              "non_striker": "C Seleka",
              "runs": {
                "batter": 0,
                "extras": 0,
                "total": 0
              }
            }
          ]
        },
        {
          "over": 13,
          "deliveries": [
            {
              "batter": "C Seleka",
              "bowler": "M Mpongwana",
              "non_striker": "D Jansen",
              "runs": {
                "batter": 1,
                "extras": 0,
                "total": 1
              }
            },
            {
              "batter": "D Jansen",
              "bowler": "M Mpongwana",
              "non_striker": "C Seleka",
              "runs": {
                "batter": 0,
                "extras": 0,
                "total": 0
              },
              "wickets": [
                {
                  "player_out": "D Jansen",
                  "fielders": [
                    {
                      "name": "A Mgijima"
                    }
                  ],
                  "kind": "caught"
                }
              ]
            },
            {
              "batter": "C Seleka",
              "bowler": "M Mpongwana",
              "non_striker": "JN Diseko",
              "runs": {
                "batter": 0,
                "extras": 0,
                "total": 0
              }
            },
            {
              "batter": "C Seleka",
              "bowler": "M Mpongwana",
              "non_striker": "JN Diseko",
              "runs": {
                "batter": 0,
                "extras": 0,
                "total": 0
              }
            },
            {
              "batter": "C Seleka",
              "bowler": "M Mpongwana",
              "non_striker": "JN Diseko",
              "runs": {
                "batter": 1,
                "extras": 0,
                "total": 1
              }
            },
            {
              "batter": "JN Diseko",
              "bowler": "M Mpongwana",
              "non_striker": "C Seleka",
              "runs": {
                "batter": 0,
                "extras": 0,
                "total": 0
              }
            }
          ]
        },
        {
          "over": 14,
          "deliveries": [
            {
              "batter": "C Seleka",
              "bowler": "BE Hendricks",
              "non_striker": "JN Diseko",
              "runs": {
                "batter": 0,
                "extras": 0,
                "total": 0
              }
            },
            {
              "batter": "C Seleka",
              "bowler": "BE Hendricks",
              "non_striker": "JN Diseko",
              "runs": {
                "batter": 1,
                "extras": 0,
                "total": 1
              }
            },
            {
              "batter": "JN Diseko",
              "bowler": "BE Hendricks",
              "non_striker": "C Seleka",
              "runs": {
                "batter": 0,
                "extras": 0,
                "total": 0
              }
            },
            {
              "batter": "JN Diseko",
              "bowler": "BE Hendricks",
              "non_striker": "C Seleka",
              "runs": {
                "batter": 0,
                "extras": 0,
                "total": 0
              }
            },
            {
              "batter": "JN Diseko",
              "bowler": "BE Hendricks",
              "non_striker": "C Seleka",
              "runs": {
                "batter": 4,
                "extras": 0,
                "total": 4
              }
            },
            {
              "batter": "JN Diseko",
              "bowler": "BE Hendricks",
              "non_striker": "C Seleka",
              "runs": {
                "batter": 2,
                "extras": 0,
                "total": 2
              }
            }
          ]
        },
        {
          "over": 15,
          "deliveries": [
            {
              "batter": "C Seleka",
              "bowler": "M Mpongwana",
              "non_striker": "JN Diseko",
              "runs": {
                "batter": 0,
                "extras": 0,
                "total": 0
              }
            },
            {
              "batter": "C Seleka",
              "bowler": "M Mpongwana",
              "non_striker": "JN Diseko",
              "runs": {
                "batter": 0,
                "extras": 0,
                "total": 0
              }
            },
            {
              "batter": "C Seleka",
              "bowler": "M Mpongwana",
              "non_striker": "JN Diseko",
              "runs": {
                "batter": 1,
                "extras": 0,
                "total": 1
              }
            },
            {
              "batter": "JN Diseko",
              "bowler": "M Mpongwana",
              "non_striker": "C Seleka",
              "runs": {
                "batter": 2,
                "extras": 0,
                "total": 2
              }
            },
            {
              "batter": "JN Diseko",
              "bowler": "M Mpongwana",
              "non_striker": "C Seleka",
              "runs": {
                "batter": 0,
                "extras": 0,
                "total": 0
              }
            },
            {
              "batter": "JN Diseko",
              "bowler": "M Mpongwana",
              "non_striker": "C Seleka",
              "runs": {
                "batter": 1,
                "extras": 0,
                "total": 1
              }
            }
          ]
        },
        {
          "over": 16,
          "deliveries": [
            {
              "batter": "JN Diseko",
              "bowler": "WD Parnell",
              "non_striker": "C Seleka",
              "runs": {
                "batter": 0,
                "extras": 0,
                "total": 0
              }
            },
            {
              "batter": "JN Diseko",
              "bowler": "WD Parnell",
              "non_striker": "C Seleka",
              "runs": {
                "batter": 1,
                "extras": 0,
                "total": 1
              }
            },
            {
              "batter": "C Seleka",
              "bowler": "WD Parnell",
              "non_striker": "JN Diseko",
              "runs": {
                "batter": 0,
                "extras": 0,
                "total": 0
              }
            },
            {
              "batter": "C Seleka",
              "bowler": "WD Parnell",
              "extras": {
                "legbyes": 1
              },
              "non_striker": "JN Diseko",
              "runs": {
                "batter": 0,
                "extras": 1,
                "total": 1
              }
            },
            {
              "batter": "JN Diseko",
              "bowler": "WD Parnell",
              "non_striker": "C Seleka",
              "runs": {
                "batter": 1,
                "extras": 0,
                "total": 1
              }
            },
            {
              "batter": "C Seleka",
              "bowler": "WD Parnell",
              "non_striker": "JN Diseko",
              "runs": {
                "batter": 4,
                "extras": 0,
                "total": 4
              }
            }
          ]
        },
        {
          "over": 17,
          "deliveries": [
            {
              "batter": "JN Diseko",
              "bowler": "M Mpongwana",
              "non_striker": "C Seleka",
              "runs": {
                "batter": 0,
                "extras": 0,
                "total": 0
              }
            },
            {
              "batter": "JN Diseko",
              "bowler": "M Mpongwana",
              "non_striker": "C Seleka",
              "runs": {
                "batter": 1,
                "extras": 0,
                "total": 1
              }
            },
            {
              "batter": "C Seleka",
              "bowler": "M Mpongwana",
              "non_striker": "JN Diseko",
              "runs": {
                "batter": 4,
                "extras": 0,
                "total": 4
              }
            },
            {
              "batter": "C Seleka",
              "bowler": "M Mpongwana",
              "non_striker": "JN Diseko",
              "runs": {
                "batter": 0,
                "extras": 0,
                "total": 0
              },
              "wickets": [
                {
                  "player_out": "C Seleka",
                  "fielders": [
                    {
                      "name": "G Kaplan"
                    }
                  ],
                  "kind": "caught"
                }
              ]
            }
          ]
        }
      ],
      "powerplays": [
        {
          "from": 0.1,
          "to": 5.6,
          "type": "mandatory"
        }
      ],
      "target": {
        "overs": 20,
        "runs": 165
      }
    }
  ]
}