{
  "meta": {
    "data_version": "1.1.0",
    "created": "2022-03-28",
    "revision": 1
  },
  "info": {
    "balls_per_over": 6,
    "city": "Port Elizabeth",
    "dates": [
      "2022-02-07"
    ],
    "event": {
      "name": "CSA T20 Challenge",
      "match_number": 1
    },
    "gender": "male",
    "match_type": "T20",
    "officials": {
      "match_referees": [
        "GH Pienaar"
      ],
      "reserve_umpires": [
        "MN Gampu"
      ],
      "tv_umpires": [
        "PJ Vosloo"
      ],
      "umpires": [
        "BM White",
        "S George"
      ]
    },
    "outcome": {
      "winner": "Western Province",
      "by": {
        "wickets": 6
      }
    },
    "overs": 20,
    "player_of_match": [
      "RE Levi",
      "GF Linde"
    ],
    "players": {
      "Boland": [
        "JN Malan",
        "PJ Malan",
        "C Tshiki",
        "C Fortuin",
        "C Jonker",
        "FD Adams",
        "GC Viljoen",
        "I Manack",
        "Siyabonga Mahima",
        "H Hanabe",
        "Z Abrahams"
      ],
      "Western Province": [
        "RE Levi",
        "JA Bird",
        "G Kaplan",
        "DJ Vilas",
        "GF Linde",
        "A Mgijima",
        "WD Parnell",
        "M Mpongwana",
        "BE Hendricks",
        "TL Moreki",
        "J Dawood"
      ]
    },
    "registry": {
      "people": {
        "A Mgijima": "955e8e86",
        "BE Hendricks": "b56dc5f7",
        "BM White": "66c21d35",
        "C Fortuin": "f25cebec",
        "C Jonker": "a81d6706",
        "C Tshiki": "9ab2cc9b",
        "DJ Vilas": "087210b1",
        "FD Adams": "f277f531",
        "G Kaplan": "a5c3d564",
        "GC Viljoen": "a316d663",
        "GF Linde": "e5437608",
        "GH Pienaar": "3516e46b",
        "H Hanabe": "28d46c78",
        "I Manack": "5ec126fa",
        "J Dawood": "a2316f90",
        "JA Bird": "572f55fb",
        "JN Malan": "f76d7466",
        "M Mpongwana": "547c5509",
        "MN Gampu": "41597619",
        "PJ Malan": "f32d890a",
        "PJ Vosloo": "93a6d2d0",
        "RE Levi": "18c78b11",
        "S George": "6d9e5a54",
        "Siyabonga Mahima": "1062bebb",
        "TL Moreki": "36ea17c1",
        "WD Parnell": "3a60e0b5",
        "Z Abrahams": "7eb7d5d4"
      }
    },
    "season": "2021/22",
    "team_type": "club",
    "teams": [
      "Boland",
      "Western Province"
    ],
    "toss": {
      "decision": "bat",
      "winner": "Boland"
    },
    "venue": "St George's Park, Port Elizabeth"
  },
  "innings": [
    {
      "team": "Boland",
      "overs": [
        {
          "over": 0,
          "deliveries": [
            {
              "batter": "JN Malan",
              "bowler": "BE Hendricks",
              "non_striker": "PJ Malan",
              "runs": {
                "batter": 0,
                "extras": 0,
                "total": 0
              }
            },
            {
              "batter": "JN Malan",
              "bowler": "BE Hendricks",
              "non_striker": "PJ Malan",
              "runs": {
                "batter": 4,
                "extras": 0,
                "total": 4
              }
            },
            {
              "batter": "JN Malan",
              "bowler": "BE Hendricks",
              "non_striker": "PJ Malan",
              "runs": {
                "batter": 0,
                "extras": 0,
                "total": 0
              }
            },
            {
              "batter": "JN Malan",
              "bowler": "BE Hendricks",
              "non_striker": "PJ Malan",
              "runs": {
                "batter": 0,
                "extras": 0,
                "total": 0
              }
            },
            {
              "batter": "JN Malan",
              "bowler": "BE Hendricks",
              "non_striker": "PJ Malan",
              "runs": {
                "batter": 1,
                "extras": 0,
                "total": 1
              }
            },
            {
              "batter": "PJ Malan",
              "bowler": "BE Hendricks",
              "non_striker": "JN Malan",
              "runs": {
                "batter": 0,
                "extras": 0,
                "total": 0
              },
              "wickets": [
                {
                  "player_out": "PJ Malan",
                  "kind": "bowled"
                }
              ]
            }
          ]
        },
        {
          "over": 1,
          "deliveries": [
            {
              "batter": "JN Malan",
              "bowler": "GF Linde",
              "non_striker": "C Tshiki",
              "runs": {
                "batter": 0,
                "extras": 0,
                "total": 0
              }
            },
            {
              "batter": "JN Malan",
              "bowler": "GF Linde",
              "non_striker": "C Tshiki",
              "runs": {
                "batter": 1,
                "extras": 0,
                "total": 1
              }
            },
            {
              "batter": "C Tshiki",
              "bowler": "GF Linde",
              "non_striker": "JN Malan",
              "runs": {
                "batter": 0,
                "extras": 0,
                "total": 0
              }
            },
            {
              "batter": "C Tshiki",
              "bowler": "GF Linde",
              "non_striker": "JN Malan",
              "runs": {
                "batter": 0,
                "extras": 0,
                "total": 0
              }
            },
            {
              "batter": "C Tshiki",
              "bowler": "GF Linde",
              "non_striker": "JN Malan",
              "runs": {
                "batter": 0,
                "extras": 0,
                "total": 0
              }
            },
            {
              "batter": "C Tshiki",
              "bowler": "GF Linde",
              "non_striker": "JN Malan",
              "runs": {
                "batter": 1,
                "extras": 0,
                "total": 1
              }
            }
          ]
        },
        {
          "over": 2,
          "deliveries": [
            {
              "batter": "C Tshiki",
              "bowler": "BE Hendricks",
              "non_striker": "JN Malan",
              "runs": {
                "batter": 1,
                "extras": 0,
                "total": 1
              }
            },
            {
              "batter": "JN Malan",
              "bowler": "BE Hendricks",
              "non_striker": "C Tshiki",
              "runs": {
                "batter": 4,
                "extras": 0,
                "total": 4
              }
            },
            {
              "batter": "JN Malan",
              "bowler": "BE Hendricks",
              "non_striker": "C Tshiki",
              "runs": {
                "batter": 0,
                "extras": 0,
                "total": 0
              }
            },
            {
              "batter": "JN Malan",
              "bowler": "BE Hendricks",
              "non_striker": "C Tshiki",
              "runs": {
                "batter": 1,
                "extras": 0,
                "total": 1
              }
            },
            {
              "batter": "C Tshiki",
              "bowler": "BE Hendricks",
              "non_striker": "JN Malan",
              "runs": {
                "batter": 0,
                "extras": 0,
                "total": 0
              },
              "wickets": [
                {
                  "player_out": "C Tshiki",
                  "fielders": [
                    {
                      "name": "WD Parnell"
                    }
                  ],
                  "kind": "caught"
                }
              ]
            },
            {
              "batter": "JN Malan",
              "bowler": "BE Hendricks",
              "non_striker": "C Fortuin",
              "runs": {
                "batter": 4,
                "extras": 0,
                "total": 4
              }
            }
          ]
        },
        {
          "over": 3,
          "deliveries": [
            {
              "batter": "C Fortuin",
              "bowler": "GF Linde",
              "non_striker": "JN Malan",
              "runs": {
                "batter": 2,
                "extras": 0,
                "total": 2
              }
            },
            {
              "batter": "C Fortuin",
              "bowler": "GF Linde",
              "non_striker": "JN Malan",
              "runs": {
                "batter": 0,
                "extras": 0,
                "total": 0
              }
            },
            {
              "batter": "C Fortuin",
              "bowler": "GF Linde",
              "non_striker": "JN Malan",
              "runs": {
                "batter": 1,
                "extras": 0,
                "total": 1
              }
            },
            {
              "batter": "JN Malan",
              "bowler": "GF Linde",
              "non_striker": "C Fortuin",
              "runs": {
                "batter": 0,
                "extras": 0,
                "total": 0
              }
            },
            {
              "batter": "JN Malan",
              "bowler": "GF Linde",
              "non_striker": "C Fortuin",
              "runs": {
                "batter": 0,
                "extras": 0,
                "total": 0
              }
            },
            {
              "batter": "JN Malan",
              "bowler": "GF Linde",
              "non_striker": "C Fortuin",
              "runs": {
                "batter": 2,
                "extras": 0,
                "total": 2
              }
            }
          ]
        },
        {
          "over": 4,
          "deliveries": [
            {
              "batter": "C Fortuin",
              "bowler": "TL Moreki",
              "extras": {
                "wides": 1
              },
              "non_striker": "JN Malan",
              "runs": {
                "batter": 0,
                "extras": 1,
                "total": 1
              }
            },
            {
              "batter": "C Fortuin",
              "bowler": "TL Moreki",
              "non_striker": "JN Malan",
              "runs": {
                "batter": 1,
                "extras": 0,
                "total": 1
              }
            },
            {
              "batter": "JN Malan",
              "bowler": "TL Moreki",
              "non_striker": "C Fortuin",
              "runs": {
                "batter": 1,
                "extras": 0,
                "total": 1
              }
            },
            {
              "batter": "C Fortuin",
              "bowler": "TL Moreki",
              "extras": {
                "noballs": 1
              },
              "non_striker": "JN Malan",
              "runs": {
                "batter": 1,
                "extras": 1,
                "total": 2
              }
            },
            {
              "batter": "JN Malan",
              "bowler": "TL Moreki",
              "non_striker": "C Fortuin",
              "runs": {
                "batter": 6,
                "extras": 0,
                "total": 6
              }
            },
            {
              "batter": "JN Malan",
              "bowler": "TL Moreki",
              "non_striker": "C Fortuin",
              "runs": {
                "batter": 4,
                "extras": 0,
                "total": 4
              }
            },
            {
              "batter": "JN Malan",
              "bowler": "TL Moreki",
              "non_striker": "C Fortuin",
              "runs": {
                "batter": 1,
                "extras": 0,
                "total": 1
              }
            },
            {
              "batter": "C Fortuin",
              "bowler": "TL Moreki",
              "non_striker": "JN Malan",
              "runs": {
                "batter": 0,
                "extras": 0,
                "total": 0
              }
            }
          ]
        },
        {
          "over": 5,
          "deliveries": [
            {
              "batter": "JN Malan",
              "bowler": "WD Parnell",
              "non_striker": "C Fortuin",
              "runs": {
                "batter": 0,
                "extras": 0,
                "total": 0
              },
              "wickets": [
                {
                  "player_out": "JN Malan",
                  "fielders": [
                    {
                      "name": "G Kaplan"
                    }
                  ],
                  "kind": "caught"
                }
              ]
            },
            {
              "batter": "C Jonker",
              "bowler": "WD Parnell",
              "non_striker": "C Fortuin",
              "runs": {
                "batter": 0,
                "extras": 0,
                "total": 0
              }
            },
            {
              "batter": "C Jonker",
              "bowler": "WD Parnell",
              "non_striker": "C Fortuin",
              "runs": {
                "batter": 0,
                "extras": 0,
                "total": 0
              }
            },
            {
              "batter": "C Jonker",
              "bowler": "WD Parnell",
              "non_striker": "C Fortuin",
              "runs": {
                "batter": 1,
                "extras": 0,
                "total": 1
              }
            },
            {
              "batter": "C Fortuin",
              "bowler": "WD Parnell",
              "non_striker": "C Jonker",
              "runs": {
                "batter": 1,
                "extras": 0,
                "total": 1
              }
            },
            {
              "batter": "C Jonker",
              "bowler": "WD Parnell",
              "non_striker": "C Fortuin",
              "runs": {
                "batter": 4,
                "extras": 0,
                "total": 4
              }
            }
          ]
        },
        {
          "over": 6,
          "deliveries": [
            {
              "batter": "C Fortuin",
              "bowler": "GF Linde",
              "non_striker": "C Jonker",
              "runs": {
                "batter": 1,
                "extras": 0,
                "total": 1
              }
            },
            {
              "batter": "C Jonker",
              "bowler": "GF Linde",
              "non_striker": "C Fortuin",
              "runs": {
                "batter": 0,
                "extras": 0,
                "total": 0
              }
            },
            {
              "batter": "C Jonker",
              "bowler": "GF Linde",
              "non_striker": "C Fortuin",
              "runs": {
                "batter": 1,
                "extras": 0,
                "total": 1
              }
            },
            {
              "batter": "C Fortuin",
              "bowler": "GF Linde",
              "non_striker": "C Jonker",
              "runs": {
                "batter": 0,
                "extras": 0,
                "total": 0
              }
            },
            {
              "batter": "C Fortuin",
              "bowler": "GF Linde",
              "non_striker": "C Jonker",
              "runs": {
                "batter": 1,
                "extras": 0,
                "total": 1
              }
            },
            {
              "batter": "C Jonker",
              "bowler": "GF Linde",
              "non_striker": "C Fortuin",
              "runs": {
                "batter": 0,
                "extras": 0,
                "total": 0
              }
            }
          ]
        },
        {
          "over": 7,
          "deliveries": [
            {
              "batter": "C Fortuin",
              "bowler": "J Dawood",
              "non_striker": "C Jonker",
              "runs": {
                "batter": 0,
                "extras": 0,
                "total": 0
              },
              "wickets": [
                {
                  "player_out": "C Fortuin",
                  "fielders": [
                    {
                      "name": "A Mgijima"
                    }
                  ],
                  "kind": "caught"
                }
              ]
            },
            {
              "batter": "FD Adams",
              "bowler": "J Dawood",
              "non_striker": "C Jonker",
              "runs": {
                "batter": 0,
                "extras": 0,
                "total": 0
              }
            },
            {
              "batter": "FD Adams",
              "bowler": "J Dawood",
              "non_striker": "C Jonker",
              "runs": {
                "batter": 4,
                "extras": 0,
                "total": 4
              }
            },
            {
              "batter": "FD Adams",
              "bowler": "J Dawood",
              "non_striker": "C Jonker",
              "runs": {
                "batter": 1,
                "extras": 0,
                "total": 1
              }
            },
            {
              "batter": "C Jonker",
              "bowler": "J Dawood",
              "non_striker": "FD Adams",
              "runs": {
                "batter": 0,
                "extras": 0,
                "total": 0
              }
            },
            {
              "batter": "C Jonker",
              "bowler": "J Dawood",
              "non_striker": "FD Adams",
              "runs": {
                "batter": 2,
                "extras": 0,
                "total": 2
              }
            }
          ]
        },
        {
          "over": 8,
          "deliveries": [
            {
              "batter": "FD Adams",
              "bowler": "WD Parnell",
              "non_striker": "C Jonker",
              "runs": {
                "batter": 0,
                "extras": 0,
                "total": 0
              }
            },
            {
              "batter": "FD Adams",
              "bowler": "WD Parnell",
              "non_striker": "C Jonker",
              "runs": {
                "batter": 1,
                "extras": 0,
                "total": 1
              }
            },
            {
              "batter": "C Jonker",
              "bowler": "WD Parnell",
              "non_striker": "FD Adams",
              "runs": {
                "batter": 0,
                "extras": 0,
                "total": 0
              }
            },
            {
              "batter": "C Jonker",
              "bowler": "WD Parnell",
              "non_striker": "FD Adams",
              "runs": {
                "batter": 0,
                "extras": 0,
                "total": 0
              }
            },
            {
              "batter": "C Jonker",
              "bowler": "WD Parnell",
              "non_striker": "FD Adams",
              "runs": {
                "batter": 0,
                "extras": 0,
                "total": 0
              }
            },
            {
              "batter": "C Jonker",
              "bowler": "WD Parnell",
              "non_striker": "FD Adams",
              "runs": {
                "batter": 0,
                "extras": 0,
                "total": 0
              }
            }
          ]
        },
        {
          "over": 9,
          "deliveries": [
            {
              "batter": "FD Adams",
              "bowler": "J Dawood",
              "non_striker": "C Jonker",
              "runs": {
                "batter": 0,
                "extras": 0,
                "total": 0
              }
            },
            {
              "batter": "FD Adams",
              "bowler": "J Dawood",
              "non_striker": "C Jonker",
              "runs": {
                "batter": 1,
                "extras": 0,
                "total": 1
              }
            },
            {
              "batter": "C Jonker",
              "bowler": "J Dawood",
              "non_striker": "FD Adams",
              "runs": {
                "batter": 1,
                "extras": 0,
                "total": 1
              }
            },
            {
              "batter": "FD Adams",
              "bowler": "J Dawood",
              "non_striker": "C Jonker",
              "runs": {
                "batter": 1,
                "extras": 0,
                "total": 1
              }
            },
            {
              "batter": "C Jonker",
              "bowler": "J Dawood",
              "non_striker": "FD Adams",
              "runs": {
                "batter": 1,
                "extras": 0,
                "total": 1
              }
            },
            {
              "batter": "FD Adams",
              "bowler": "J Dawood",
              "non_striker": "C Jonker",
              "runs": {
                "batter": 1,
                "extras": 0,
                "total": 1
              }
            }
          ]
        },
        {
          "over": 10,
          "deliveries": [
            {
              "batter": "FD Adams",
              "bowler": "TL Moreki",
              "non_striker": "C Jonker",
              "runs": {
                "batter": 4,
                "extras": 0,
                "total": 4
              }
            },
            {
              "batter": "FD Adams",
              "bowler": "TL Moreki",
              "extras": {
                "wides": 1
              },
              "non_striker": "C Jonker",
              "runs": {
                "batter": 0,
                "extras": 1,
                "total": 1
              }
            },
            {
              "batter": "FD Adams",
              "bowler": "TL Moreki",
              "non_striker": "C Jonker",
              "runs": {
                "batter": 1,
                "extras": 0,
                "total": 1
              }
            },
            {
              "batter": "C Jonker",
              "bowler": "TL Moreki",
              "non_striker": "FD Adams",
              "runs": {
                "batter": 0,
                "extras": 0,
                "total": 0
              }
            },
            {
              "batter": "C Jonker",
              "bowler": "TL Moreki",
              "extras": {
                "legbyes": 1
              },
              "non_striker": "FD Adams",
              "runs": {
                "batter": 0,
                "extras": 1,
                "total": 1
              }
            },
            {
              "batter": "FD Adams",
              "bowler": "TL Moreki",
              "non_striker": "C Jonker",
              "runs": {
                "batter": 1,
                "extras": 0,
                "total": 1
              }
            },
            {
              "batter": "C Jonker",
              "bowler": "TL Moreki",
              "extras": {
                "wides": 1
              },
              "non_striker": "FD Adams",
              "runs": {
                "batter": 0,
                "extras": 1,
                "total": 1
              }
            },
            {
              "batter": "C Jonker",
              "bowler": "TL Moreki",
              "non_striker": "FD Adams",
              "runs": {
                "batter": 6,
                "extras": 0,
                "total": 6
              }
            }
          ]
        },
        {
          "over": 11,
          "deliveries": [
            {
              "batter": "FD Adams",
              "bowler": "J Dawood",
              "extras": {
                "wides": 1
              },
              "non_striker": "C Jonker",
              "runs": {
                "batter": 0,
                "extras": 1,
                "total": 1
              }
            },
            {
              "batter": "FD Adams",
              "bowler": "J Dawood",
              "non_striker": "C Jonker",
              "runs": {
                "batter": 1,
                "extras": 0,
                "total": 1
              }
            },
            {
              "batter": "C Jonker",
              "bowler": "J Dawood",
              "non_striker": "FD Adams",
              "runs": {
                "batter": 1,
                "extras": 0,
                "total": 1
              }
            },
            {
              "batter": "FD Adams",
              "bowler": "J Dawood",
              "non_striker": "C Jonker",
              "runs": {
                "batter": 0,
                "extras": 0,
                "total": 0
              }
            },
            {
              "batter": "FD Adams",
              "bowler": "J Dawood",
              "non_striker": "C Jonker",
              "runs": {
                "batter": 1,
                "extras": 0,
                "total": 1
              }
            },
            {
              "batter": "C Jonker",
              "bowler": "J Dawood",
              "non_striker": "FD Adams",
              "runs": {
                "batter": 1,
                "extras": 0,
                "total": 1
              }
            },
            {
              "batter": "FD Adams",
              "bowler": "J Dawood",
              "non_striker": "C Jonker",
              "runs": {
                "batter": 0,
                "extras": 0,
                "total": 0
              }
            }
          ]
        },
        {
          "over": 12,
          "deliveries": [
            {
              "batter": "C Jonker",
              "bowler": "M Mpongwana",
              "non_striker": "FD Adams",
              "runs": {
                "batter": 1,
                "extras": 0,
                "total": 1
              }
            },
            {
              "batter": "FD Adams",
              "bowler": "M Mpongwana",
              "extras": {
                "wides": 1
              },
              "non_striker": "C Jonker",
              "runs": {
                "batter": 0,
                "extras": 1,
                "total": 1
              }
            },
            {
              "batter": "FD Adams",
              "bowler": "M Mpongwana",
              "non_striker": "C Jonker",
              "runs": {
                "batter": 2,
                "extras": 0,
                "total": 2
              }
            },
            {
              "batter": "FD Adams",
              "bowler": "M Mpongwana",
              "non_striker": "C Jonker",
              "runs": {
                "batter": 1,
                "extras": 0,
                "total": 1
              }
            },
            {
              "batter": "C Jonker",
              "bowler": "M Mpongwana",
              "non_striker": "FD Adams",
              "runs": {
                "batter": 1,
                "extras": 0,
                "total": 1
              }
            },
            {
              "batter": "FD Adams",
              "bowler": "M Mpongwana",
              "non_striker": "C Jonker",
              "runs": {
                "batter": 1,
                "extras": 0,
                "total": 1
              }
            },
            {
              "batter": "C Jonker",
              "bowler": "M Mpongwana",
              "non_striker": "FD Adams",
              "runs": {
                "batter": 1,
                "extras": 0,
                "total": 1
              }
            }
          ]
        },
        {
          "over": 13,
          "deliveries": [
            {
              "batter": "C Jonker",
              "bowler": "J Dawood",
              "non_striker": "FD Adams",
              "runs": {
                "batter": 1,
                "extras": 0,
                "total": 1
              }
            },
            {
              "batter": "FD Adams",
              "bowler": "J Dawood",
              "non_striker": "C Jonker",
              "runs": {
                "batter": 0,
                "extras": 0,
                "total": 0
              }
            },
            {
              "batter": "FD Adams",
              "bowler": "J Dawood",
              "non_striker": "C Jonker",
              "runs": {
                "batter": 1,
                "extras": 0,
                "total": 1
              }
            },
            {
              "batter": "C Jonker",
              "bowler": "J Dawood",
              "non_striker": "FD Adams",
              "runs": {
                "batter": 0,
                "extras": 0,
                "total": 0
              }
            },
            {
              "batter": "C Jonker",
              "bowler": "J Dawood",
              "non_striker": "FD Adams",
              "runs": {
                "batter": 0,
                "extras": 0,
                "total": 0
              }
            },
            {
              "batter": "C Jonker",
              "bowler": "J Dawood",
              "non_striker": "FD Adams",
              "runs": {
                "batter": 1,
                "extras": 0,
                "total": 1
              }
            }
          ]
        },
        {
          "over": 14,
          "deliveries": [
            {
              "batter": "C Jonker",
              "bowler": "M Mpongwana",
              "non_striker": "FD Adams",
              "runs": {
                "batter": 2,
                "extras": 0,
                "total": 2
              }
            },
            {
              "batter": "C Jonker",
              "bowler": "M Mpongwana",
              "non_striker": "FD Adams",
              "runs": {
                "batter": 0,
                "extras": 0,
                "total": 0
              }
            },
            {
              "batter": "C Jonker",
              "bowler": "M Mpongwana",
              "non_striker": "FD Adams",
              "runs": {
                "batter": 4,
                "extras": 0,
                "total": 4
              }
            },
            {
              "batter": "C Jonker",
              "bowler": "M Mpongwana",
              "non_striker": "FD Adams",
              "runs": {
                "batter": 1,
                "extras": 0,
                "total": 1
              }
            },
            {
              "batter": "FD Adams",
              "bowler": "M Mpongwana",
              "non_striker": "C Jonker",
              "runs": {
                "batter": 1,
                "extras": 0,
                "total": 1
              }
            },
            {
              "batter": "C Jonker",
              "bowler": "M Mpongwana",
              "non_striker": "FD Adams",
              "runs": {
                "batter": 1,
                "extras": 0,
                "total": 1
              }
            }
          ]
        },
        {
          "over": 15,
          "deliveries": [
            {
              "batter": "C Jonker",
              "bowler": "WD Parnell",
              "non_striker": "FD Adams",
              "runs": {
                "batter": 4,
                "extras": 0,
                "total": 4
              }
            },
            {
              "batter": "C Jonker",
              "bowler": "WD Parnell",
              "non_striker": "FD Adams",
              "runs": {
                "batter": 1,
                "extras": 0,
                "total": 1
              }
            },
            {
              "batter": "FD Adams",
              "bowler": "WD Parnell",
              "non_striker": "C Jonker",
              "runs": {
                "batter": 4,
                "extras": 0,
                "total": 4
              }
            },
            {
              "batter": "FD Adams",
              "bowler": "WD Parnell",
              "non_striker": "C Jonker",
              "runs": {
                "batter": 4,
                "extras": 0,
                "total": 4
              }
            },
            {
              "batter": "FD Adams",
              "bowler": "WD Parnell",
              "non_striker": "C Jonker",
              "runs": {
                "batter": 1,
                "extras": 0,
                "total": 1
              }
            },
            {
              "batter": "C Jonker",
              "bowler": "WD Parnell",
              "non_striker": "FD Adams",
              "runs": {
                "batter": 1,
                "extras": 0,
                "total": 1
              }
            }
          ]
        },
        {
          "over": 16,
          "deliveries": [
            {
              "batter": "C Jonker",
              "bowler": "BE Hendricks",
              "non_striker": "FD Adams",
              "runs": {
                "batter": 4,
                "extras": 0,
                "total": 4
              }
            },
            {
              "batter": "C Jonker",
              "bowler": "BE Hendricks",
              "non_striker": "FD Adams",
              "runs": {
                "batter": 2,
                "extras": 0,
                "total": 2
              }
            },
            {
              "batter": "C Jonker",
              "bowler": "BE Hendricks",
              "non_striker": "FD Adams",
              "runs": {
                "batter": 1,
                "extras": 0,
                "total": 1
              }
            },
            {
              "batter": "FD Adams",
              "bowler": "BE Hendricks",
              "non_striker": "C Jonker",
              "runs": {
                "batter": 1,
                "extras": 0,
                "total": 1
              }
            },
            {
              "batter": "C Jonker",
              "bowler": "BE Hendricks",
              "non_striker": "FD Adams",
              "runs": {
                "batter": 0,
                "extras": 0,
                "total": 0
              }
            },
            {
              "batter": "C Jonker",
              "bowler": "BE Hendricks",
              "non_striker": "FD Adams",
              "runs": {
                "batter": 1,
                "extras": 0,
                "total": 1
              }
            }
          ]
        },
        {
          "over": 17,
          "deliveries": [
            {
              "batter": "C Jonker",
              "bowler": "GF Linde",
              "non_striker": "FD Adams",
              "runs": {
                "batter": 1,
                "extras": 0,
                "total": 1
              }
            },
            {
              "batter": "FD Adams",
              "bowler": "GF Linde",
              "non_striker": "C Jonker",
              "runs": {
                "batter": 1,
                "extras": 0,
                "total": 1
              }
            },
            {
              "batter": "C Jonker",
              "bowler": "GF Linde",
              "non_striker": "FD Adams",
              "runs": {
                "batter": 0,
                "extras": 0,
                "total": 0
              }
            },
            {
              "batter": "C Jonker",
              "bowler": "GF Linde",
              "non_striker": "FD Adams",
              "runs": {
                "batter": 0,
                "extras": 0,
                "total": 0
              },
              "wickets": [
                {
                  "player_out": "C Jonker",
                  "fielders": [
                    {
                      "name": "DJ Vilas"
                    }
                  ],
                  "kind": "stumped"
                }
              ]
            },
            {
              "batter": "GC Viljoen",
              "bowler": "GF Linde",
              "non_striker": "FD Adams",
              "runs": {
                "batter": 1,
                "extras": 0,
                "total": 1
              }
            },
            {
              "batter": "FD Adams",
              "bowler": "GF Linde",
              "non_striker": "GC Viljoen",
              "runs": {
                "batter": 0,
                "extras": 0,
                "total": 0
              },
              "wickets": [
                {
                  "player_out": "FD Adams",
                  "kind": "lbw"
                }
              ]
            }
          ]
        },
        {
          "over": 18,
          "deliveries": [
            {
              "batter": "GC Viljoen",
              "bowler": "BE Hendricks",
              "non_striker": "I Manack",
              "runs": {
                "batter": 1,
                "extras": 0,
                "total": 1
              }
            },
            {
              "batter": "I Manack",
              "bowler": "BE Hendricks",
              "non_striker": "GC Viljoen",
              "runs": {
                "batter": 1,
                "extras": 0,
                "total": 1
              }
            },
            {
              "batter": "GC Viljoen",
              "bowler": "BE Hendricks",
              "non_striker": "I Manack",
              "runs": {
                "batter": 1,
                "extras": 0,
                "total": 1
              }
            },
            {
              "batter": "I Manack",
              "bowler": "BE Hendricks",
              "non_striker": "GC Viljoen",
              "runs": {
                "batter": 0,
                "extras": 0,
                "total": 0
              }
            },
            {
              "batter": "I Manack",
              "bowler": "BE Hendricks",
              "non_striker": "GC Viljoen",
              "runs": {
                "batter": 0,
                "extras": 0,
                "total": 0
              }
            },
            {
              "batter": "I Manack",
              "bowler": "BE Hendricks",
              "non_striker": "GC Viljoen",
              "runs": {
                "batter": 1,
                "extras": 0,
                "total": 1
              }
            }
          ]
        },
        {
          "over": 19,
          "deliveries": [
            {
              "batter": "I Manack",
              "bowler": "WD Parnell",
              "non_striker": "GC Viljoen",
              "runs": {
                "batter": 1,
                "extras": 0,
                "total": 1
              }
            },
            {
              "batter": "GC Viljoen",
              "bowler": "WD Parnell",
              "non_striker": "I Manack",
              "runs": {
                "batter": 2,
                "extras": 0,
                "total": 2
              }
            },
            {
              "batter": "GC Viljoen",
              "bowler": "WD Parnell",
              "non_striker": "I Manack",
              "runs": {
                "batter": 2,
                "extras": 0,
                "total": 2
              }
            },
            {
              "batter": "GC Viljoen",
              "bowler": "WD Parnell",
              "non_striker": "I Manack",
              "runs": {
                "batter": 1,
                "extras": 0,
                "total": 1
              }
            },
            {
              "batter": "I Manack",
              "bowler": "WD Parnell",
              "non_striker": "GC Viljoen",
              "runs": {
                "batter": 1,
                "extras": 0,
                "total": 1
              }
            },
            {
              "batter": "GC Viljoen",
              "bowler": "WD Parnell",
              "non_striker": "I Manack",
              "runs": {
                "batter": 4,
                "extras": 0,
                "total": 4
              }
            }
          ]
        }
      ],
      "powerplays": [
        {
          "from": 0.1,
          "to": 5.6,
          "type": "mandatory"
        }
      ]
    },
    {
      "team": "Western Province",
      "overs": [
        {
          "over": 0,
          "deliveries": [
            {
              "batter": "RE Levi",
              "bowler": "Siyabonga Mahima",
              "non_striker": "JA Bird",
              "runs": {
                "batter": 0,
                "extras": 0,
                "total": 0
              }
            },
            {
              "batter": "RE Levi",
              "bowler": "Siyabonga Mahima",
              "non_striker": "JA Bird",
              "runs": {
                "batter": 0,
                "extras": 0,
                "total": 0
              }
            },
            {
              "batter": "RE Levi",
              "bowler": "Siyabonga Mahima",
              "non_striker": "JA Bird",
              "runs": {
                "batter": 4,
                "extras": 0,
                "total": 4
              }
            },
            {
              "batter": "RE Levi",
              "bowler": "Siyabonga Mahima",
              "non_striker": "JA Bird",
              "runs": {
                "batter": 0,
                "extras": 0,
                "total": 0
              }
            },
            {
              "batter": "RE Levi",
              "bowler": "Siyabonga Mahima",
              "non_striker": "JA Bird",
              "runs": {
                "batter": 1,
                "extras": 0,
                "total": 1
              }
            },
            {
              "batter": "JA Bird",
              "bowler": "Siyabonga Mahima",
              "non_striker": "RE Levi",
              "runs": {
                "batter": 0,
                "extras": 0,
                "total": 0
              }
            }
          ]
        },
        {
          "over": 1,
          "deliveries": [
            {
              "batter": "RE Levi",
              "bowler": "GC Viljoen",
              "non_striker": "JA Bird",
              "runs": {
                "batter": 4,
                "extras": 0,
                "total": 4
              }
            },
            {
              "batter": "RE Levi",
              "bowler": "GC Viljoen",
              "non_striker": "JA Bird",
              "runs": {
                "batter": 1,
                "extras": 0,
                "total": 1
              }
            },
            {
              "batter": "JA Bird",
              "bowler": "GC Viljoen",
              "non_striker": "RE Levi",
              "runs": {
                "batter": 0,
                "extras": 0,
                "total": 0
              },
              "wickets": [
                {
                  "player_out": "JA Bird",
                  "kind": "bowled"
                }
              ]
            },
            {
              "batter": "G Kaplan",
              "bowler": "GC Viljoen",
              "non_striker": "RE Levi",
              "runs": {
                "batter": 1,
                "extras": 0,
                "total": 1
              }
            },
            {
              "batter": "RE Levi",
              "bowler": "GC Viljoen",
              "non_striker": "G Kaplan",
              "runs": {
                "batter": 0,
                "extras": 0,
                "total": 0
              }
            },
            {
              "batter": "RE Levi",
              "bowler": "GC Viljoen",
              "non_striker": "G Kaplan",
              "runs": {
                "batter": 0,
                "extras": 0,
                "total": 0
              }
            }
          ]
        },
        {
          "over": 2,
          "deliveries": [
            {
              "batter": "G Kaplan",
              "bowler": "Siyabonga Mahima",
              "non_striker": "RE Levi",
              "runs": {
                "batter": 0,
                "extras": 0,
                "total": 0
              }
            },
            {
              "batter": "G Kaplan",
              "bowler": "Siyabonga Mahima",
              "non_striker": "RE Levi",
              "runs": {
                "batter": 1,
                "extras": 0,
                "total": 1
              }
            },
            {
              "batter": "RE Levi",
              "bowler": "Siyabonga Mahima",
              "non_striker": "G Kaplan",
              "runs": {
                "batter": 4,
                "extras": 0,
                "total": 4
              }
            },
            {
              "batter": "RE Levi",
              "bowler": "Siyabonga Mahima",
              "non_striker": "G Kaplan",
              "runs": {
                "batter": 4,
                "extras": 0,
                "total": 4
              }
            },
            {
              "batter": "RE Levi",
              "bowler": "Siyabonga Mahima",
              "non_striker": "G Kaplan",
              "runs": {
                "batter": 0,
                "extras": 0,
                "total": 0
              }
            },
            {
              "batter": "RE Levi",
              "bowler": "Siyabonga Mahima",
              "non_striker": "G Kaplan",
              "runs": {
                "batter": 4,
                "extras": 0,
                "total": 4
              }
            }
          ]
        },
        {
          "over": 3,
          "deliveries": [
            {
              "batter": "G Kaplan",
              "bowler": "GC Viljoen",
              "non_striker": "RE Levi",
              "runs": {
                "batter": 0,
                "extras": 0,
                "total": 0
              }
            },
            {
              "batter": "G Kaplan",
              "bowler": "GC Viljoen",
              "non_striker": "RE Levi",
              "runs": {
                "batter": 0,
                "extras": 0,
                "total": 0
              }
            },
            {
              "batter": "G Kaplan",
              "bowler": "GC Viljoen",
              "non_striker": "RE Levi",
              "runs": {
                "batter": 0,
                "extras": 0,
                "total": 0
              }
            },
            {
              "batter": "G Kaplan",
              "bowler": "GC Viljoen",
              "extras": {
                "wides": 1
              },
              "non_striker": "RE Levi",
              "runs": {
                "batter": 0,
                "extras": 1,
                "total": 1
              }
            },
            {
              "batter": "G Kaplan",
              "bowler": "GC Viljoen",
              "non_striker": "RE Levi",
              "runs": {
                "batter": 4,
                "extras": 0,
                "total": 4
              }
            },
            {
              "batter": "G Kaplan",
              "bowler": "GC Viljoen",
              "non_striker": "RE Levi",
              "runs": {
                "batter": 0,
                "extras": 0,
                "total": 0
              },
              "wickets": [
                {
                  "player_out": "G Kaplan",
                  "fielders": [
                    {
                      "name": "JN Malan"
                    }
                  ],
                  "kind": "caught"
                }
              ]
            },
            {
              "batter": "DJ Vilas",
              "bowler": "GC Viljoen",
              "non_striker": "RE Levi",
              "runs": {
                "batter": 4,
                "extras": 0,
                "total": 4
              }
            }
          ]
        },
        {
          "over": 4,
          "deliveries": [
            {
              "batter": "RE Levi",
              "bowler": "Z Abrahams",
              "non_striker": "DJ Vilas",
              "runs": {
                "batter": 1,
                "extras": 0,
                "total": 1
              }
            },
            {
              "batter": "DJ Vilas",
              "bowler": "Z Abrahams",
              "non_striker": "RE Levi",
              "runs": {
                "batter": 0,
                "extras": 0,
                "total": 0
              }
            },
            {
              "batter": "DJ Vilas",
              "bowler": "Z Abrahams",
              "non_striker": "RE Levi",
              "runs": {
                "batter": 4,
                "extras": 0,
                "total": 4
              }
            },
            {
              "batter": "DJ Vilas",
              "bowler": "Z Abrahams",
              "non_striker": "RE Levi",
              "runs": {
                "batter": 1,
                "extras": 0,
                "total": 1
              }
            },
            {
              "batter": "RE Levi",
              "bowler": "Z Abrahams",
              "non_striker": "DJ Vilas",
              "runs": {
                "batter": 1,
                "extras": 0,
                "total": 1
              }
            },
            {
              "batter": "DJ Vilas",
              "bowler": "Z Abrahams",
              "non_striker": "RE Levi",
              "runs": {
                "batter": 1,
                "extras": 0,
                "total": 1
              }
            }
          ]
        },
        {
          "over": 5,
          "deliveries": [
            {
              "batter": "DJ Vilas",
              "bowler": "I Manack",
              "non_striker": "RE Levi",
              "runs": {
                "batter": 1,
                "extras": 0,
                "total": 1
              }
            },
            {
              "batter": "RE Levi",
              "bowler": "I Manack",
              "non_striker": "DJ Vilas",
              "runs": {
                "batter": 4,
                "extras": 0,
                "total": 4
              }
            },
            {
              "batter": "RE Levi",
              "bowler": "I Manack",
              "non_striker": "DJ Vilas",
              "runs": {
                "batter": 4,
                "extras": 0,
                "total": 4
              }
            },
            {
              "batter": "RE Levi",
              "bowler": "I Manack",
              "non_striker": "DJ Vilas",
              "runs": {
                "batter": 0,
                "extras": 0,
                "total": 0
              }
            },
            {
              "batter": "RE Levi",
              "bowler": "I Manack",
              "non_striker": "DJ Vilas",
              "runs": {
                "batter": 0,
                "extras": 0,
                "total": 0
              }
            },
            {
              "batter": "RE Levi",
              "bowler": "I Manack",
              "non_striker": "DJ Vilas",
              "runs": {
                "batter": 1,
                "extras": 0,
                "total": 1
              }
            }
          ]
        },
        {
          "over": 6,
          "deliveries": [
            {
              "batter": "RE Levi",
              "bowler": "FD Adams",
              "non_striker": "DJ Vilas",
              "runs": {
                "batter": 1,
                "extras": 0,
                "total": 1
              }
            },
            {
              "batter": "DJ Vilas",
              "bowler": "FD Adams",
              "non_striker": "RE Levi",
              "runs": {
                "batter": 1,
                "extras": 0,
                "total": 1
              }
            },
            {
              "batter": "RE Levi",
              "bowler": "FD Adams",
              "non_striker": "DJ Vilas",
              "runs": {
                "batter": 0,
                "extras": 0,
                "total": 0
              }
            },
            {
              "batter": "RE Levi",
              "bowler": "FD Adams",
              "non_striker": "DJ Vilas",
              "runs": {
                "batter": 0,
                "extras": 0,
                "total": 0
              }
            },
            {
              "batter": "RE Levi",
              "bowler": "FD Adams",
              "non_striker": "DJ Vilas",
              "runs": {
                "batter": 1,
                "extras": 0,
                "total": 1
              }
            },
            {
              "batter": "DJ Vilas",
              "bowler": "FD Adams",
              "non_striker": "RE Levi",
              "runs": {
                "batter": 1,
                "extras": 0,
                "total": 1
              }
            }
          ]
        },
        {
          "over": 7,
          "deliveries": [
            {
              "batter": "DJ Vilas",
              "bowler": "Siyabonga Mahima",
              "non_striker": "RE Levi",
              "runs": {
                "batter": 1,
                "extras": 0,
                "total": 1
              }
            },
            {
              "batter": "RE Levi",
              "bowler": "Siyabonga Mahima",
              "non_striker": "DJ Vilas",
              "runs": {
                "batter": 6,
                "extras": 0,
                "total": 6
              }
            },
            {
              "batter": "RE Levi",
              "bowler": "Siyabonga Mahima",
              "non_striker": "DJ Vilas",
              "runs": {
                "batter": 0,
                "extras": 0,
                "total": 0
              }
            },
            {
              "batter": "RE Levi",
              "bowler": "Siyabonga Mahima",
              "non_striker": "DJ Vilas",
              "runs": {
                "batter": 6,
                "extras": 0,
                "total": 6
              }
            },
            {
              "batter": "RE Levi",
              "bowler": "Siyabonga Mahima",
              "non_striker": "DJ Vilas",
              "runs": {
                "batter": 1,
                "extras": 0,
                "total": 1
              }
            },
            {
              "batter": "DJ Vilas",
              "bowler": "Siyabonga Mahima",
              "non_striker": "RE Levi",
              "runs": {
                "batter": 4,
                "extras": 0,
                "total": 4
              }
            }
          ]
        },
        {
          "over": 8,
          "deliveries": [
            {
              "batter": "RE Levi",
              "bowler": "FD Adams",
              "non_striker": "DJ Vilas",
              "runs": {
                "batter": 6,
                "extras": 0,
                "total": 6
              }
            },
            {
              "batter": "RE Levi",
              "bowler": "FD Adams",
              "non_striker": "DJ Vilas",
              "runs": {
                "batter": 1,
                "extras": 0,
                "total": 1
              }
            },
            {
              "batter": "DJ Vilas",
              "bowler": "FD Adams",
              "non_striker": "RE Levi",
              "runs": {
                "batter": 0,
                "extras": 0,
                "total": 0
              }
            },
            {
              "batter": "DJ Vilas",
              "bowler": "FD Adams",
              "non_striker": "RE Levi",
              "runs": {
                "batter": 0,
                "extras": 0,
                "total": 0
              }
            },
            {
              "batter": "DJ Vilas",
              "bowler": "FD Adams",
              "non_striker": "RE Levi",
              "runs": {
                "batter": 2,
                "extras": 0,
                "total": 2
              }
            },
            {
              "batter": "DJ Vilas",
              "bowler": "FD Adams",
              "non_striker": "RE Levi",
              "runs": {
                "batter": 1,
                "extras": 0,
                "total": 1
              }
            }
          ]
        },
        {
          "over": 9,
          "deliveries": [
            {
              "batter": "DJ Vilas",
              "bowler": "GC Viljoen",
              "non_striker": "RE Levi",
              "runs": {
                "batter": 0,
                "extras": 0,
                "total": 0
              },
              "wickets": [
                {
                  "player_out": "DJ Vilas",
                  "fielders": [
                    {
                      "name": "I Manack"
                    }
                  ],
                  "kind": "caught"
                }
              ]
            },
            {
              "batter": "GF Linde",
              "bowler": "GC Viljoen",
              "extras": {
                "wides": 1
              },
              "non_striker": "RE Levi",
              "runs": {
                "batter": 0,
                "extras": 1,
                "total": 1
              }
            },
            {
              "batter": "GF Linde",
              "bowler": "GC Viljoen",
              "non_striker": "RE Levi",
              "runs": {
                "batter": 0,
                "extras": 0,
                "total": 0
              }
            },
            {
              "batter": "GF Linde",
              "bowler": "GC Viljoen",
              "non_striker": "RE Levi",
              "runs": {
                "batter": 0,
                "extras": 0,
                "total": 0
              }
            },
            {
              "batter": "GF Linde",
              "bowler": "GC Viljoen",
              "non_striker": "RE Levi",
              "runs": {
                "batter": 0,
                "extras": 0,
                "total": 0
              }
            },
            {
              "batter": "GF Linde",
              "bowler": "GC Viljoen",
              "non_striker": "RE Levi",
              "runs": {
                "batter": 0,
                "extras": 0,
                "total": 0
              }
            },
            {
              "batter": "GF Linde",
              "bowler": "GC Viljoen",
              "non_striker": "RE Levi",
              "runs": {
                "batter": 0,
                "extras": 0,
                "total": 0
              }
            }
          ]
        },
        {
          "over": 10,
          "deliveries": [
            {
              "batter": "RE Levi",
              "bowler": "Z Abrahams",
              "non_striker": "GF Linde",
              "runs": {
                "batter": 4,
                "extras": 0,
                "total": 4
              }
            },
            {
              "batter": "RE Levi",
              "bowler": "Z Abrahams",
              "non_striker": "GF Linde",
              "runs": {
                "batter": 1,
                "extras": 0,
                "total": 1
              }
            },
            {
              "batter": "GF Linde",
              "bowler": "Z Abrahams",
              "non_striker": "RE Levi",
              "runs": {
                "batter": 1,
                "extras": 0,
                "total": 1
              }
            },
            {
              "batter": "RE Levi",
              "bowler": "Z Abrahams",
              "non_striker": "GF Linde",
              "runs": {
                "batter": 1,
                "extras": 0,
                "total": 1
              }
            },
            {
              "batter": "GF Linde",
              "bowler": "Z Abrahams",
              "non_striker": "RE Levi",
              "runs": {
                "batter": 1,
                "extras": 0,
                "total": 1
              }
            },
            {
              "batter": "RE Levi",
              "bowler": "Z Abrahams",
              "non_striker": "GF Linde",
              "runs": {
                "batter": 1,
                "extras": 0,
                "total": 1
              }
            }
          ]
        },
        {
          "over": 11,
          "deliveries": [
            {
              "batter": "RE Levi",
              "bowler": "I Manack",
              "non_striker": "GF Linde",
              "runs": {
                "batter": 0,
                "extras": 0,
                "total": 0
              }
            },
            {
              "batter": "RE Levi",
              "bowler": "I Manack",
              "non_striker": "GF Linde",
              "runs": {
                "batter": 4,
                "extras": 0,
                "total": 4
              }
            },
            {
              "batter": "RE Levi",
              "bowler": "I Manack",
              "non_striker": "GF Linde",
              "runs": {
                "batter": 1,
                "extras": 0,
                "total": 1
              }
            },
            {
              "batter": "GF Linde",
              "bowler": "I Manack",
              "non_striker": "RE Levi",
              "runs": {
                "batter": 0,
                "extras": 0,
                "total": 0
              }
            },
            {
              "batter": "GF Linde",
              "bowler": "I Manack",
              "non_striker": "RE Levi",
              "runs": {
                "batter": 0,
                "extras": 0,
                "total": 0
              }
            },
            {
              "batter": "GF Linde",
              "bowler": "I Manack",
              "non_striker": "RE Levi",
              "runs": {
                "batter": 1,
                "extras": 0,
                "total": 1
              }
            }
          ]
        },
        {
          "over": 12,
          "deliveries": [
            {
              "batter": "GF Linde",
              "bowler": "FD Adams",
              "non_striker": "RE Levi",
              "runs": {
                "batter": 1,
                "extras": 0,
                "total": 1
              }
            },
            {
              "batter": "RE Levi",
              "bowler": "FD Adams",
              "non_striker": "GF Linde",
              "runs": {
                "batter": 0,
                "extras": 0,
                "total": 0
              }
            },
            {
              "batter": "RE Levi",
              "bowler": "FD Adams",
              "extras": {
                "wides": 1
              },
              "non_striker": "GF Linde",
              "runs": {
                "batter": 0,
                "extras": 1,
                "total": 1
              }
            },
            {
              "batter": "RE Levi",
              "bowler": "FD Adams",
              "non_striker": "GF Linde",
              "runs": {
                "batter": 0,
                "extras": 0,
                "total": 0
              },
              "wickets": [
                {
                  "player_out": "RE Levi",
                  "fielders": [
                    {
                      "name": "JN Malan"
                    }
                  ],
                  "kind": "caught"
                }
              ]
            },
            {
              "batter": "GF Linde",
              "bowler": "FD Adams",
              "non_striker": "A Mgijima",
              "runs": {
                "batter": 1,
                "extras": 0,
                "total": 1
              }
            },
            {
              "batter": "A Mgijima",
              "bowler": "FD Adams",
              "non_striker": "GF Linde",
              "runs": {
                "batter": 0,
                "extras": 0,
                "total": 0
              }
            },
            {
              "batter": "A Mgijima",
              "bowler": "FD Adams",
              "non_striker": "GF Linde",
              "runs": {
                "batter": 1,
                "extras": 0,
                "total": 1
              }
            }
          ]
        },
        {
          "over": 13,
          "deliveries": [
            {
              "batter": "A Mgijima",
              "bowler": "I Manack",
              "non_striker": "GF Linde",
              "runs": {
                "batter": 1,
                "extras": 0,
                "total": 1
              }
            },
            {
              "batter": "GF Linde",
              "bowler": "I Manack",
              "non_striker": "A Mgijima",
              "runs": {
                "batter": 0,
                "extras": 0,
                "total": 0
              }
            },
            {
              "batter": "GF Linde",
              "bowler": "I Manack",
              "non_striker": "A Mgijima",
              "runs": {
                "batter": 1,
                "extras": 0,
                "total": 1
              }
            },
            {
              "batter": "A Mgijima",
              "bowler": "I Manack",
              "non_striker": "GF Linde",
              "runs": {
                "batter": 1,
                "extras": 0,
                "total": 1
              }
            },
            {
              "batter": "GF Linde",
              "bowler": "I Manack",
              "non_striker": "A Mgijima",
              "runs": {
                "batter": 1,
                "extras": 0,
                "total": 1
              }
            },
            {
              "batter": "A Mgijima",
              "bowler": "I Manack",
              "non_striker": "GF Linde",
              "runs": {
                "batter": 1,
                "extras": 0,
                "total": 1
              }
            }
          ]
        },
        {
          "over": 14,
          "deliveries": [
            {
              "batter": "A Mgijima",
              "bowler": "Z Abrahams",
              "non_striker": "GF Linde",
              "runs": {
                "batter": 6,
                "extras": 0,
                "total": 6
              }
            },
            {
              "batter": "A Mgijima",
              "bowler": "Z Abrahams",
              "non_striker": "GF Linde",
              "runs": {
                "batter": 4,
                "extras": 0,
                "total": 4
              }
            },
            {
              "batter": "A Mgijima",
              "bowler": "Z Abrahams",
              "non_striker": "GF Linde",
              "runs": {
                "batter": 1,
                "extras": 0,
                "total": 1
              }
            },
            {
              "batter": "GF Linde",
              "bowler": "Z Abrahams",
              "non_striker": "A Mgijima",
              "runs": {
                "batter": 1,
                "extras": 0,
                "total": 1
              }
            },
            {
              "batter": "A Mgijima",
              "bowler": "Z Abrahams",
              "non_striker": "GF Linde",
              "runs": {
                "batter": 1,
                "extras": 0,
                "total": 1
              }
            },
            {
              "batter": "GF Linde",
              "bowler": "Z Abrahams",
              "non_striker": "A Mgijima",
              "runs": {
                "batter": 0,
                "extras": 0,
                "total": 0
              }
            }
          ]
        },
        {
          "over": 15,
          "deliveries": [
            {
              "batter": "A Mgijima",
              "bowler": "I Manack",
              "non_striker": "GF Linde",
              "runs": {
                "batter": 0,
                "extras": 0,
                "total": 0
              }
            },
            {
              "batter": "A Mgijima",
              "bowler": "I Manack",
              "non_striker": "GF Linde",
              "runs": {
                "batter": 1,
                "extras": 0,
                "total": 1
              }
            },
            {
              "batter": "GF Linde",
              "bowler": "I Manack",
              "non_striker": "A Mgijima",
              "runs": {
                "batter": 1,
                "extras": 0,
                "total": 1
              }
            },
            {
              "batter": "A Mgijima",
              "bowler": "I Manack",
              "non_striker": "GF Linde",
              "runs": {
                "batter": 0,
                "extras": 0,
                "total": 0
              }
            },
            {
              "batter": "A Mgijima",
              "bowler": "I Manack",
              "non_striker": "GF Linde",
              "runs": {
                "batter": 1,
                "extras": 0,
                "total": 1
              }
            },
            {
              "batter": "GF Linde",
              "bowler": "I Manack",
              "non_striker": "A Mgijima",
              "runs": {
                "batter": 6,
                "extras": 0,
                "total": 6
              }
            }
          ]
        },
        {
          "over": 16,
          "deliveries": [
            {
              "batter": "A Mgijima",
              "bowler": "FD Adams",
              "non_striker": "GF Linde",
              "runs": {
                "batter": 6,
                "extras": 0,
                "total": 6
              }
            },
            {
              "batter": "A Mgijima",
              "bowler": "FD Adams",
              "non_striker": "GF Linde",
              "runs": {
                "batter": 1,
                "extras": 0,
                "total": 1
              }
            },
            {
              "batter": "GF Linde",
              "bowler": "FD Adams",
              "non_striker": "A Mgijima",
              "runs": {
                "batter": 1,
                "extras": 0,
                "total": 1
              }
            },
            {
              "batter": "A Mgijima",
              "bowler": "FD Adams",
              "non_striker": "GF Linde",
              "runs": {
                "batter": 0,
                "extras": 0,
                "total": 0
              }
            },
            {
              "batter": "A Mgijima",
              "bowler": "FD Adams",
              "non_striker": "GF Linde",
              "runs": {
                "batter": 1,
                "extras": 0,
                "total": 1
              }
            },
            {
              "batter": "GF Linde",
              "bowler": "FD Adams",
              "non_striker": "A Mgijima",
              "runs": {
                "batter": 4,
                "extras": 0,
                "total": 4
              }
            }
          ]
        }
      ],
      "powerplays": [
        {
          "from": 0.1,
          "to": 5.6,
          "type": "mandatory"
        }
      ],
      "target": {
        "overs": 20,
        "runs": 143
      }
    }
  ]
}