{
  "meta": {
    "data_version": "1.1.0",
    "created": "2022-04-04",
    "revision": 2
  },
  "info": {
    "balls_per_over": 6,
    "city": "Port Elizabeth",
    "dates": [
      "2022-02-23"
    ],
    "event": {
      "name": "CSA T20 Challenge",
      "match_number": 28
    },
    "gender": "male",
    "match_type": "T20",
    "officials": {
      "match_referees": [
        "GH Pienaar"
      ],
      "reserve_umpires": [
        "S George"
      ],
      "tv_umpires": [
        "DJ Smith"
      ],
      "umpires": [
        "A Paleker",
        "BM White"
      ]
    },
    "outcome": {
      "winner": "North West",
      "by": {
        "runs": 10
      }
    },
    "overs": 20,
    "player_of_match": [
      "HG Kuhn",
      "LM Zuma"
    ],
    "players": {
      "North West": [
        "HG Kuhn",
        "WB Marshall",
        "L Senokwane",
        "D Potgieter",
        "D Pretorius",
        "S Muthusamy",
        "D Jansen",
        "T Isaacs",
        "Z Pongolo",
        "C Seleka",
        "LM Zuma"
      ],
      "Warriors": [
        "WJ Lubbe",
        "MP Breetzke",
        "JT Smuts",
        "LC Ngoepe",
        "T Stubbs",
        "DS Rosier",
        "S Qeshile",
        "RS Second",
        "K Jacobs",
        "Tsepo Ndwandwa",
        "A Mnyaka"
      ]
    },
    "registry": {
      "people": {
        "A Mnyaka": "bd36db2c",
        "A Paleker": "634b11ac",
        "BM White": "66c21d35",
        "C Seleka": "be8b147b",
        "D Jansen": "8dc152d1",
        "D Potgieter": "60fbf53a",
        "D Pretorius": "11614d87",
        "DJ Smith": "d17bec15",
        "DS Rosier": "f8e6dbdd",
        "GH Pienaar": "3516e46b",
        "HG Kuhn": "ede05b97",
        "JT Smuts": "42172c3c",
        "K Jacobs": "f3288c80",
        "L Senokwane": "7d9b4224",
        "LC Ngoepe": "51355a30",
        "LM Zuma": "58f01d47",
        "MP Breetzke": "35f173a0",
        "RS Second": "13d0b3d6",
        "S George": "6d9e5a54",
        "S Muthusamy": "7dfb8890",
        "S Qeshile": "94268960",
        "T Isaacs": "249a17c8",
        "T Stubbs": "85b3fab2",
        "Tsepo Ndwandwa": "be3ffb65",
        "WB Marshall": "2d7f2ba0",
        "WJ Lubbe": "10f42013",
        "Z Pongolo": "01698fee"
      }
    },
    "season": "2021/22",
    "team_type": "club",
    "teams": [
      "North West",
      "Warriors"
    ],
    "toss": {
      "decision": "bat",
      "winner": "North West"
    },
    "venue": "St George's Park, Port Elizabeth"
  },
  "innings": [
    {
      "team": "North West",
      "overs": [
        {
          "over": 0,
          "deliveries": [
            {
              "batter": "HG Kuhn",
              "bowler": "JT Smuts",
              "non_striker": "WB Marshall",
              "runs": {
                "batter": 0,
                "extras": 0,
                "total": 0
              }
            },
            {
              "batter": "HG Kuhn",
              "bowler": "JT Smuts",
              "non_striker": "WB Marshall",
              "runs": {
                "batter": 1,
                "extras": 0,
                "total": 1
              }
            },
            {
              "batter": "WB Marshall",
              "bowler": "JT Smuts",
              "non_striker": "HG Kuhn",
              "runs": {
                "batter": 0,
                "extras": 0,
                "total": 0
              }
            },
            {
              "batter": "WB Marshall",
              "bowler": "JT Smuts",
              "non_striker": "HG Kuhn",
              "runs": {
                "batter": 0,
                "extras": 0,
                "total": 0
              }
            },
            {
              "batter": "WB Marshall",
              "bowler": "JT Smuts",
              "non_striker": "HG Kuhn",
              "runs": {
                "batter": 0,
                "extras": 0,
                "total": 0
              }
            },
            {
              "batter": "WB Marshall",
              "bowler": "JT Smuts",
              "non_striker": "HG Kuhn",
              "runs": {
                "batter": 0,
                "extras": 0,
                "total": 0
              }
            }
          ]
        },
        {
          "over": 1,
          "deliveries": [
            {
              "batter": "HG Kuhn",
              "bowler": "WJ Lubbe",
              "non_striker": "WB Marshall",
              "runs": {
                "batter": 0,
                "extras": 0,
                "total": 0
              }
            },
            {
              "batter": "HG Kuhn",
              "bowler": "WJ Lubbe",
              "extras": {
                "legbyes": 1
              },
              "non_striker": "WB Marshall",
              "runs": {
                "batter": 0,
                "extras": 1,
                "total": 1
              }
            },
            {
              "batter": "WB Marshall",
              "bowler": "WJ Lubbe",
              "non_striker": "HG Kuhn",
              "runs": {
                "batter": 4,
                "extras": 0,
                "total": 4
              }
            },
            {
              "batter": "WB Marshall",
              "bowler": "WJ Lubbe",
              "non_striker": "HG Kuhn",
              "runs": {
                "batter": 2,
                "extras": 0,
                "total": 2
              }
            },
            {
              "batter": "WB Marshall",
              "bowler": "WJ Lubbe",
              "non_striker": "HG Kuhn",
              "runs": {
                "batter": 1,
                "extras": 0,
                "total": 1
              }
            },
            {
              "batter": "HG Kuhn",
              "bowler": "WJ Lubbe",
              "non_striker": "WB Marshall",
              "runs": {
                "batter": 4,
                "extras": 0,
                "total": 4
              }
            }
          ]
        },
        {
          "over": 2,
          "deliveries": [
            {
              "batter": "WB Marshall",
              "bowler": "JT Smuts",
              "non_striker": "HG Kuhn",
              "runs": {
                "batter": 0,
                "extras": 0,
                "total": 0
              }
            },
            {
              "batter": "WB Marshall",
              "bowler": "JT Smuts",
              "non_striker": "HG Kuhn",
              "runs": {
                "batter": 1,
                "extras": 0,
                "total": 1
              }
            },
            {
              "batter": "HG Kuhn",
              "bowler": "JT Smuts",
              "non_striker": "WB Marshall",
              "runs": {
                "batter": 0,
                "extras": 0,
                "total": 0
              }
            },
            {
              "batter": "HG Kuhn",
              "bowler": "JT Smuts",
              "non_striker": "WB Marshall",
              "runs": {
                "batter": 1,
                "extras": 0,
                "total": 1
              }
            },
            {
              "batter": "WB Marshall",
              "bowler": "JT Smuts",
              "non_striker": "HG Kuhn",
              "runs": {
                "batter": 0,
                "extras": 0,
                "total": 0
              }
            },
            {
              "batter": "WB Marshall",
              "bowler": "JT Smuts",
              "non_striker": "HG Kuhn",
              "runs": {
                "batter": 0,
                "extras": 0,
                "total": 0
              }
            }
          ]
        },
        {
          "over": 3,
          "deliveries": [
            {
              "batter": "HG Kuhn",
              "bowler": "Tsepo Ndwandwa",
              "non_striker": "WB Marshall",
              "runs": {
                "batter": 0,
                "extras": 0,
                "total": 0
              }
            },
            {
              "batter": "HG Kuhn",
              "bowler": "Tsepo Ndwandwa",
              "non_striker": "WB Marshall",
              "runs": {
                "batter": 0,
                "extras": 0,
                "total": 0
              }
            },
            {
              "batter": "HG Kuhn",
              "bowler": "Tsepo Ndwandwa",
              "non_striker": "WB Marshall",
              "runs": {
                "batter": 1,
                "extras": 0,
                "total": 1
              }
            },
            {
              "batter": "WB Marshall",
              "bowler": "Tsepo Ndwandwa",
              "non_striker": "HG Kuhn",
              "runs": {
                "batter": 1,
                "extras": 0,
                "total": 1
              }
            },
            {
              "batter": "HG Kuhn",
              "bowler": "Tsepo Ndwandwa",
              "non_striker": "WB Marshall",
              "runs": {
                "batter": 1,
                "extras": 0,
                "total": 1
              }
            },
            {
              "batter": "WB Marshall",
              "bowler": "Tsepo Ndwandwa",
              "non_striker": "HG Kuhn",
              "runs": {
                "batter": 1,
                "extras": 0,
                "total": 1
              }
            }
          ]
        },
        {
          "over": 4,
          "deliveries": [
            {
              "batter": "WB Marshall",
              "bowler": "T Stubbs",
              "non_striker": "HG Kuhn",
              "runs": {
                "batter": 4,
                "extras": 0,
                "total": 4
              }
            },
            {
              "batter": "WB Marshall",
              "bowler": "T Stubbs",
              "non_striker": "HG Kuhn",
              "runs": {
                "batter": 0,
                "extras": 0,
                "total": 0
              }
            },
            {
              "batter": "WB Marshall",
              "bowler": "T Stubbs",
              "non_striker": "HG Kuhn",
              "runs": {
                "batter": 6,
                "extras": 0,
                "total": 6
              }
            },
            {
              "batter": "WB Marshall",
              "bowler": "T Stubbs",
              "non_striker": "HG Kuhn",
              "runs": {
                "batter": 1,
                "extras": 0,
                "total": 1
              }
            },
            {
              "batter": "HG Kuhn",
              "bowler": "T Stubbs",
              "non_striker": "WB Marshall",
              "runs": {
                "batter": 0,
                "extras": 0,
                "total": 0
              }
            },
            {
              "batter": "HG Kuhn",
              "bowler": "T Stubbs",
              "non_striker": "WB Marshall",
              "runs": {
                "batter": 1,
                "extras": 0,
                "total": 1
              }
            }
          ]
        },
        {
          "over": 5,
          "deliveries": [
            {
              "batter": "HG Kuhn",
              "bowler": "Tsepo Ndwandwa",
              "non_striker": "WB Marshall",
              "runs": {
                "batter": 0,
                "extras": 0,
                "total": 0
              }
            },
            {
              "batter": "HG Kuhn",
              "bowler": "Tsepo Ndwandwa",
              "non_striker": "WB Marshall",
              "runs": {
                "batter": 1,
                "extras": 0,
                "total": 1
              }
            },
            {
              "batter": "WB Marshall",
              "bowler": "Tsepo Ndwandwa",
              "non_striker": "HG Kuhn",
              "runs": {
                "batter": 1,
                "extras": 0,
                "total": 1
              }
            },
            {
              "batter": "HG Kuhn",
              "bowler": "Tsepo Ndwandwa",
              "non_striker": "WB Marshall",
              "runs": {
                "batter": 0,
                "extras": 0,
                "total": 0
              }
            },
            {
              "batter": "HG Kuhn",
              "bowler": "Tsepo Ndwandwa",
              "non_striker": "WB Marshall",
              "runs": {
                "batter": 4,
                "extras": 0,
                "total": 4
              }
            },
            {
              "batter": "HG Kuhn",
              "bowler": "Tsepo Ndwandwa",
              "non_striker": "WB Marshall",
              "runs": {
                "batter": 3,
                "extras": 0,
                "total": 3
              }
            }
          ]
        },
        {
          "over": 6,
          "deliveries": [
            {
              "batter": "HG Kuhn",
              "bowler": "K Jacobs",
              "non_striker": "WB Marshall",
              "runs": {
                "batter": 1,
                "extras": 0,
                "total": 1
              }
            },
            {
              "batter": "WB Marshall",
              "bowler": "K Jacobs",
              "non_striker": "HG Kuhn",
              "runs": {
                "batter": 0,
                "extras": 0,
                "total": 0
              },
              "wickets": [
                {
                  "player_out": "WB Marshall",
                  "fielders": [
                    {
                      "name": "DS Rosier"
                    }
                  ],
                  "kind": "caught"
                }
              ]
            },
            {
              "batter": "L Senokwane",
              "bowler": "K Jacobs",
              "non_striker": "HG Kuhn",
              "runs": {
                "batter": 0,
                "extras": 0,
                "total": 0
              }
            },
            {
              "batter": "L Senokwane",
              "bowler": "K Jacobs",
              "non_striker": "HG Kuhn",
              "runs": {
                "batter": 1,
                "extras": 0,
                "total": 1
              }
            },
            {
              "batter": "HG Kuhn",
              "bowler": "K Jacobs",
              "non_striker": "L Senokwane",
              "runs": {
                "batter": 4,
                "extras": 0,
                "total": 4
              }
            },
            {
              "batter": "HG Kuhn",
              "bowler": "K Jacobs",
              "non_striker": "L Senokwane",
              "runs": {
                "batter": 1,
                "extras": 0,
                "total": 1
              }
            }
          ]
        },
        {
          "over": 7,
          "deliveries": [
            {
              "batter": "HG Kuhn",
              "bowler": "Tsepo Ndwandwa",
              "non_striker": "L Senokwane",
              "runs": {
                "batter": 1,
                "extras": 0,
                "total": 1
              }
            },
            {
              "batter": "L Senokwane",
              "bowler": "Tsepo Ndwandwa",
              "non_striker": "HG Kuhn",
              "runs": {
                "batter": 0,
                "extras": 0,
                "total": 0
              }
            },
            {
              "batter": "L Senokwane",
              "bowler": "Tsepo Ndwandwa",
              "non_striker": "HG Kuhn",
              "runs": {
                "batter": 1,
                "extras": 0,
                "total": 1
              }
            },
            {
              "batter": "HG Kuhn",
              "bowler": "Tsepo Ndwandwa",
              "non_striker": "L Senokwane",
              "runs": {
                "batter": 2,
                "extras": 0,
                "total": 2
              }
            },
            {
              "batter": "HG Kuhn",
              "bowler": "Tsepo Ndwandwa",
              "non_striker": "L Senokwane",
              "runs": {
                "batter": 0,
                "extras": 0,
                "total": 0
              }
            },
            {
              "batter": "HG Kuhn",
              "bowler": "Tsepo Ndwandwa",
              "non_striker": "L Senokwane",
              "runs": {
                "batter": 1,
                "extras": 0,
                "total": 1
              }
            }
          ]
        },
        {
          "over": 8,
          "deliveries": [
            {
              "batter": "HG Kuhn",
              "bowler": "K Jacobs",
              "non_striker": "L Senokwane",
              "runs": {
                "batter": 1,
                "extras": 0,
                "total": 1
              }
            },
            {
              "batter": "L Senokwane",
              "bowler": "K Jacobs",
              "non_striker": "HG Kuhn",
              "runs": {
                "batter": 1,
                "extras": 0,
                "total": 1
              }
            },
            {
              "batter": "HG Kuhn",
              "bowler": "K Jacobs",
              "non_striker": "L Senokwane",
              "runs": {
                "batter": 2,
                "extras": 0,
                "total": 2
              }
            },
            {
              "batter": "HG Kuhn",
              "bowler": "K Jacobs",
              "non_striker": "L Senokwane",
              "runs": {
                "batter": 2,
                "extras": 0,
                "total": 2
              }
            },
            {
              "batter": "HG Kuhn",
              "bowler": "K Jacobs",
              "non_striker": "L Senokwane",
              "runs": {
                "batter": 0,
                "extras": 0,
                "total": 0
              }
            },
            {
              "batter": "HG Kuhn",
              "bowler": "K Jacobs",
              "non_striker": "L Senokwane",
              "runs": {
                "batter": 1,
                "extras": 0,
                "total": 1
              }
            }
          ]
        },
        {
          "over": 9,
          "deliveries": [
            {
              "batter": "HG Kuhn",
              "bowler": "WJ Lubbe",
              "non_striker": "L Senokwane",
              "runs": {
                "batter": 1,
                "extras": 0,
                "total": 1
              }
            },
            {
              "batter": "L Senokwane",
              "bowler": "WJ Lubbe",
              "non_striker": "HG Kuhn",
              "runs": {
                "batter": 1,
                "extras": 0,
                "total": 1
              }
            },
            {
              "batter": "HG Kuhn",
              "bowler": "WJ Lubbe",
              "non_striker": "L Senokwane",
              "runs": {
                "batter": 4,
                "extras": 0,
                "total": 4
              }
            },
            {
              "batter": "HG Kuhn",
              "bowler": "WJ Lubbe",
              "non_striker": "L Senokwane",
              "runs": {
                "batter": 1,
                "extras": 0,
                "total": 1
              }
            },
            {
              "batter": "L Senokwane",
              "bowler": "WJ Lubbe",
              "non_striker": "HG Kuhn",
              "runs": {
                "batter": 0,
                "extras": 0,
                "total": 0
              },
              "wickets": [
                {
                  "player_out": "L Senokwane",
                  "kind": "hit wicket"
                }
              ]
            },
            {
              "batter": "D Potgieter",
              "bowler": "WJ Lubbe",
              "non_striker": "HG Kuhn",
              "runs": {
                "batter": 0,
                "extras": 0,
                "total": 0
              }
            }
          ]
        },
        {
          "over": 10,
          "deliveries": [
            {
              "batter": "HG Kuhn",
              "bowler": "K Jacobs",
              "non_striker": "D Potgieter",
              "runs": {
                "batter": 4,
                "extras": 0,
                "total": 4
              }
            },
            {
              "batter": "HG Kuhn",
              "bowler": "K Jacobs",
              "non_striker": "D Potgieter",
              "runs": {
                "batter": 1,
                "extras": 0,
                "total": 1
              }
            },
            {
              "batter": "D Potgieter",
              "bowler": "K Jacobs",
              "non_striker": "HG Kuhn",
              "runs": {
                "batter": 0,
                "extras": 0,
                "total": 0
              }
            },
            {
              "batter": "D Potgieter",
              "bowler": "K Jacobs",
              "non_striker": "HG Kuhn",
              "runs": {
                "batter": 1,
                "extras": 0,
                "total": 1
              }
            },
            {
              "batter": "HG Kuhn",
              "bowler": "K Jacobs",
              "non_striker": "D Potgieter",
              "runs": {
                "batter": 1,
                "extras": 0,
                "total": 1
              }
            },
            {
              "batter": "D Potgieter",
              "bowler": "K Jacobs",
              "extras": {
                "noballs": 1
              },
              "non_striker": "HG Kuhn",
              "runs": {
                "batter": 2,
                "extras": 1,
                "total": 3
              }
            },
            {
              "batter": "D Potgieter",
              "bowler": "K Jacobs",
              "non_striker": "HG Kuhn",
              "runs": {
                "batter": 6,
                "extras": 0,
                "total": 6
              }
            }
          ]
        },
        {
          "over": 11,
          "deliveries": [
            {
              "batter": "HG Kuhn",
              "bowler": "WJ Lubbe",
              "extras": {
                "wides": 1
              },
              "non_striker": "D Potgieter",
              "runs": {
                "batter": 0,
                "extras": 1,
                "total": 1
              }
            },
            {
              "batter": "HG Kuhn",
              "bowler": "WJ Lubbe",
              "non_striker": "D Potgieter",
              "runs": {
                "batter": 0,
                "extras": 0,
                "total": 0
              }
            },
            {
              "batter": "HG Kuhn",
              "bowler": "WJ Lubbe",
              "non_striker": "D Potgieter",
              "runs": {
                "batter": 1,
                "extras": 0,
                "total": 1
              }
            },
            {
              "batter": "D Potgieter",
              "bowler": "WJ Lubbe",
              "non_striker": "HG Kuhn",
              "runs": {
                "batter": 0,
                "extras": 0,
                "total": 0
              }
            },
            {
              "batter": "D Potgieter",
              "bowler": "WJ Lubbe",
              "non_striker": "HG Kuhn",
              "runs": {
                "batter": 0,
                "extras": 0,
                "total": 0
              }
            },
            {
              "batter": "D Potgieter",
              "bowler": "WJ Lubbe",
              "non_striker": "HG Kuhn",
              "runs": {
                "batter": 0,
                "extras": 0,
                "total": 0
              }
            },
            {
              "batter": "D Potgieter",
              "bowler": "WJ Lubbe",
              "non_striker": "HG Kuhn",
              "runs": {
                "batter": 0,
                "extras": 0,
                "total": 0
              }
            }
          ]
        },
        {
          "over": 12,
          "deliveries": [
            {
              "batter": "HG Kuhn",
              "bowler": "LC Ngoepe",
              "non_striker": "D Potgieter",
              "runs": {
                "batter": 1,
                "extras": 0,
                "total": 1
              }
            },
            {
              "batter": "D Potgieter",
              "bowler": "LC Ngoepe",
              "non_striker": "HG Kuhn",
              "runs": {
                "batter": 0,
                "extras": 0,
                "total": 0
              }
            },
            {
              "batter": "D Potgieter",
              "bowler": "LC Ngoepe",
              "non_striker": "HG Kuhn",
              "runs": {
                "batter": 6,
                "extras": 0,
                "total": 6
              }
            },
            {
              "batter": "D Potgieter",
              "bowler": "LC Ngoepe",
              "non_striker": "HG Kuhn",
              "runs": {
                "batter": 0,
                "extras": 0,
                "total": 0
              }
            },
            {
              "batter": "D Potgieter",
              "bowler": "LC Ngoepe",
              "non_striker": "HG Kuhn",
              "runs": {
                "batter": 6,
                "extras": 0,
                "total": 6
              }
            },
            {
              "batter": "D Potgieter",
              "bowler": "LC Ngoepe",
              "non_striker": "HG Kuhn",
              "runs": {
                "batter": 2,
                "extras": 0,
                "total": 2
              }
            }
          ]
        },
        {
          "over": 13,
          "deliveries": [
            {
              "batter": "HG Kuhn",
              "bowler": "WJ Lubbe",
              "non_striker": "D Potgieter",
              "runs": {
                "batter": 1,
                "extras": 0,
                "total": 1
              }
            },
            {
              "batter": "D Potgieter",
              "bowler": "WJ Lubbe",
              "non_striker": "HG Kuhn",
              "runs": {
                "batter": 1,
                "extras": 0,
                "total": 1
              }
            },
            {
              "batter": "HG Kuhn",
              "bowler": "WJ Lubbe",
              "extras": {
                "legbyes": 1
              },
              "non_striker": "D Potgieter",
              "runs": {
                "batter": 0,
                "extras": 1,
                "total": 1
              }
            },
            {
              "batter": "D Potgieter",
              "bowler": "WJ Lubbe",
              "non_striker": "HG Kuhn",
              "runs": {
                "batter": 0,
                "extras": 0,
                "total": 0
              }
            },
            {
              "batter": "D Potgieter",
              "bowler": "WJ Lubbe",
              "non_striker": "HG Kuhn",
              "runs": {
                "batter": 1,
                "extras": 0,
                "total": 1
              }
            },
            {
              "batter": "HG Kuhn",
              "bowler": "WJ Lubbe",
              "non_striker": "D Potgieter",
              "runs": {
                "batter": 1,
                "extras": 0,
                "total": 1
              }
            }
          ]
        },
        {
          "over": 14,
          "deliveries": [
            {
              "batter": "HG Kuhn",
              "bowler": "T Stubbs",
              "non_striker": "D Potgieter",
              "runs": {
                "batter": 1,
                "extras": 0,
                "total": 1
              }
            },
            {
              "batter": "D Potgieter",
              "bowler": "T Stubbs",
              "non_striker": "HG Kuhn",
              "runs": {
                "batter": 2,
                "extras": 0,
                "total": 2
              }
            },
            {
              "batter": "D Potgieter",
              "bowler": "T Stubbs",
              "extras": {
                "legbyes": 4
              },
              "non_striker": "HG Kuhn",
              "runs": {
                "batter": 0,
                "extras": 4,
                "total": 4
              }
            },
            {
              "batter": "D Potgieter",
              "bowler": "T Stubbs",
              "non_striker": "HG Kuhn",
              "runs": {
                "batter": 1,
                "extras": 0,
                "total": 1
              }
            },
            {
              "batter": "HG Kuhn",
              "bowler": "T Stubbs",
              "non_striker": "D Potgieter",
              "runs": {
                "batter": 2,
                "extras": 0,
                "total": 2
              }
            },
            {
              "batter": "HG Kuhn",
              "bowler": "T Stubbs",
              "non_striker": "D Potgieter",
              "runs": {
                "batter": 2,
                "extras": 0,
                "total": 2
              }
            }
          ]
        },
        {
          "over": 15,
          "deliveries": [
            {
              "batter": "D Potgieter",
              "bowler": "A Mnyaka",
              "non_striker": "HG Kuhn",
              "runs": {
                "batter": 1,
                "extras": 0,
                "total": 1
              }
            },
            {
              "batter": "HG Kuhn",
              "bowler": "A Mnyaka",
              "non_striker": "D Potgieter",
              "runs": {
                "batter": 4,
                "extras": 0,
                "total": 4
              }
            },
            {
              "batter": "HG Kuhn",
              "bowler": "A Mnyaka",
              "non_striker": "D Potgieter",
              "runs": {
                "batter": 0,
                "extras": 0,
                "total": 0
              }
            },
            {
              "batter": "HG Kuhn",
              "bowler": "A Mnyaka",
              "non_striker": "D Potgieter",
              "runs": {
                "batter": 1,
                "extras": 0,
                "total": 1
              }
            },
            {
              "batter": "D Potgieter",
              "bowler": "A Mnyaka",
              "non_striker": "HG Kuhn",
              "runs": {
                "batter": 0,
                "extras": 0,
                "total": 0
              },
              "wickets": [
                {
                  "player_out": "D Potgieter",
                  "fielders": [
                    {
                      "name": "RS Second"
                    }
                  ],
                  "kind": "caught"
                }
              ]
            },
            {
              "batter": "HG Kuhn",
              "bowler": "A Mnyaka",
              "non_striker": "D Pretorius",
              "runs": {
                "batter": 1,
                "extras": 0,
                "total": 1
              }
            }
          ]
        },
        {
          "over": 16,
          "deliveries": [
            {
              "batter": "HG Kuhn",
              "bowler": "JT Smuts",
              "non_striker": "D Pretorius",
              "runs": {
                "batter": 1,
                "extras": 0,
                "total": 1
              }
            },
            {
              "batter": "D Pretorius",
              "bowler": "JT Smuts",
              "non_striker": "HG Kuhn",
              "runs": {
                "batter": 1,
                "extras": 0,
                "total": 1
              }
            },
            {
              "batter": "HG Kuhn",
              "bowler": "JT Smuts",
              "non_striker": "D Pretorius",
              "runs": {
                "batter": 6,
                "extras": 0,
                "total": 6
              }
            },
            {
              "batter": "HG Kuhn",
              "bowler": "JT Smuts",
              "non_striker": "D Pretorius",
              "runs": {
                "batter": 1,
                "extras": 0,
                "total": 1
              }
            },
            {
              "batter": "D Pretorius",
              "bowler": "JT Smuts",
              "non_striker": "HG Kuhn",
              "runs": {
                "batter": 0,
                "extras": 0,
                "total": 0
              }
            },
            {
              "batter": "D Pretorius",
              "bowler": "JT Smuts",
              "non_striker": "HG Kuhn",
              "runs": {
                "batter": 1,
                "extras": 0,
                "total": 1
              }
            }
          ]
        },
        {
          "over": 17,
          "deliveries": [
            {
              "batter": "D Pretorius",
              "bowler": "Tsepo Ndwandwa",
              "non_striker": "HG Kuhn",
              "runs": {
                "batter": 0,
                "extras": 0,
                "total": 0
              },
              "wickets": [
                {
                  "player_out": "D Pretorius",
                  "kind": "bowled"
                }
              ]
            },
            {
              "batter": "S Muthusamy",
              "bowler": "Tsepo Ndwandwa",
              "non_striker": "HG Kuhn",
              "runs": {
                "batter": 0,
                "extras": 0,
                "total": 0
              }
            },
            {
              "batter": "S Muthusamy",
              "bowler": "Tsepo Ndwandwa",
              "non_striker": "HG Kuhn",
              "runs": {
                "batter": 6,
                "extras": 0,
                "total": 6
              }
            },
            {
              "batter": "S Muthusamy",
              "bowler": "Tsepo Ndwandwa",
              "non_striker": "HG Kuhn",
              "runs": {
                "batter": 1,
                "extras": 0,
                "total": 1
              }
            },
            {
              "batter": "HG Kuhn",
              "bowler": "Tsepo Ndwandwa",
              "non_striker": "S Muthusamy",
              "runs": {
                "batter": 1,
                "extras": 0,
                "total": 1
              }
            },
            {
              "batter": "S Muthusamy",
              "bowler": "Tsepo Ndwandwa",
              "non_striker": "HG Kuhn",
              "runs": {
                "batter": 2,
                "extras": 0,
                "total": 2
              }
            }
          ]
        },
        {
          "over": 18,
          "deliveries": [
            {
              "batter": "HG Kuhn",
              "bowler": "JT Smuts",
              "extras": {
                "wides": 1
              },
              "non_striker": "S Muthusamy",
              "runs": {
                "batter": 0,
                "extras": 1,
                "total": 1
              }
            },
            {
              "batter": "HG Kuhn",
              "bowler": "JT Smuts",
              "non_striker": "S Muthusamy",
              "runs": {
                "batter": 3,
                "extras": 0,
                "total": 3
              }
            },
            {
              "batter": "S Muthusamy",
              "bowler": "JT Smuts",
              "non_striker": "HG Kuhn",
              "runs": {
                "batter": 1,
                "extras": 0,
                "total": 1
              }
            },
            {
              "batter": "HG Kuhn",
              "bowler": "JT Smuts",
              "non_striker": "S Muthusamy",
              "runs": {
                "batter": 6,
                "extras": 0,
                "total": 6
              }
            },
            {
              "batter": "HG Kuhn",
              "bowler": "JT Smuts",
              "non_striker": "S Muthusamy",
              "runs": {
                "batter": 0,
                "extras": 0,
                "total": 0
              }
            },
            {
              "batter": "HG Kuhn",
              "bowler": "JT Smuts",
              "non_striker": "S Muthusamy",
              "runs": {
                "batter": 0,
                "extras": 0,
                "total": 0
              },
              "wickets": [
                {
                  "player_out": "HG Kuhn",
                  "fielders": [
                    {
                      "name": "DS Rosier"
                    }
                  ],
                  "kind": "caught"
                }
              ]
            },
            {
              "batter": "S Muthusamy",
              "bowler": "JT Smuts",
              "non_striker": "D Jansen",
              "runs": {
                "batter": 1,
                "extras": 0,
                "total": 1
              }
            }
          ]
        },
        {
          "over": 19,
          "deliveries": [
            {
              "batter": "S Muthusamy",
              "bowler": "A Mnyaka",
              "non_striker": "D Jansen",
              "runs": {
                "batter": 0,
                "extras": 0,
                "total": 0
              }
            },
            {
              "batter": "S Muthusamy",
              "bowler": "A Mnyaka",
              "non_striker": "D Jansen",
              "runs": {
                "batter": 0,
                "extras": 0,
                "total": 0
              }
            },
            {
              "batter": "S Muthusamy",
              "bowler": "A Mnyaka",
              "non_striker": "D Jansen",
              "runs": {
                "batter": 6,
                "extras": 0,
                "total": 6
              }
            },
            {
              "batter": "S Muthusamy",
              "bowler": "A Mnyaka",
              "non_striker": "D Jansen",
              "runs": {
                "batter": 6,
                "extras": 0,
                "total": 6
              }
            },
            {
              "batter": "S Muthusamy",
              "bowler": "A Mnyaka",
              "non_striker": "D Jansen",
              "runs": {
                "batter": 1,
                "extras": 0,
                "total": 1
              }
            },
            {
              "batter": "D Jansen",
              "bowler": "A Mnyaka",
              "non_striker": "S Muthusamy",
              "runs": {
                "batter": 1,
                "extras": 0,
                "total": 1
              }
            }
          ]
        }
      ],
      "powerplays": [
        {
          "from": 0.1,
          "to": 5.6,
          "type": "mandatory"
        }
      ]
    },
    {
      "team": "Warriors",
      "overs": [
        {
          "over": 0,
          "deliveries": [
            {
              "batter": "WJ Lubbe",
              "bowler": "D Pretorius",
              "non_striker": "MP Breetzke",
              "runs": {
                "batter": 0,
                "extras": 0,
                "total": 0
              }
            },
            {
              "batter": "WJ Lubbe",
              "bowler": "D Pretorius",
              "non_striker": "MP Breetzke",
              "runs": {
                "batter": 0,
                "extras": 0,
                "total": 0
              }
            },
            {
              "batter": "WJ Lubbe",
              "bowler": "D Pretorius",
              "non_striker": "MP Breetzke",
              "runs": {
                "batter": 0,
                "extras": 0,
                "total": 0
              }
            },
            {
              "batter": "WJ Lubbe",
              "bowler": "D Pretorius",
              "non_striker": "MP Breetzke",
              "runs": {
                "batter": 0,
                "extras": 0,
                "total": 0
              },
              "wickets": [
                {
                  "player_out": "WJ Lubbe",
                  "fielders": [
                    {
                      "name": "WB Marshall"
                    }
                  ],
                  "kind": "caught"
                }
              ]
            },
            {
              "batter": "JT Smuts",
              "bowler": "D Pretorius",
              "non_striker": "MP Breetzke",
              "runs": {
                "batter": 0,
                "extras": 0,
                "total": 0
              }
            },
            {
              "batter": "JT Smuts",
              "bowler": "D Pretorius",
              "non_striker": "MP Breetzke",
              "runs": {
                "batter": 1,
                "extras": 0,
                "total": 1
              }
            }
          ]
        },
        {
          "over": 1,
          "deliveries": [
            {
              "batter": "JT Smuts",
              "bowler": "D Jansen",
              "non_striker": "MP Breetzke",
              "runs": {
                "batter": 4,
                "extras": 0,
                "total": 4
              }
            },
            {
              "batter": "JT Smuts",
              "bowler": "D Jansen",
              "non_striker": "MP Breetzke",
              "runs": {
                "batter": 1,
                "extras": 0,
                "total": 1
              }
            },
            {
              "batter": "MP Breetzke",
              "bowler": "D Jansen",
              "non_striker": "JT Smuts",
              "runs": {
                "batter": 0,
                "extras": 0,
                "total": 0
              }
            },
            {
              "batter": "MP Breetzke",
              "bowler": "D Jansen",
              "non_striker": "JT Smuts",
              "runs": {
                "batter": 1,
                "extras": 0,
                "total": 1
              }
            },
            {
              "batter": "JT Smuts",
              "bowler": "D Jansen",
              "non_striker": "MP Breetzke",
              "runs": {
                "batter": 0,
                "extras": 0,
                "total": 0
              }
            },
            {
              "batter": "JT Smuts",
              "bowler": "D Jansen",
              "non_striker": "MP Breetzke",
              "runs": {
                "batter": 1,
                "extras": 0,
                "total": 1
              }
            }
          ]
        },
        {
          "over": 2,
          "deliveries": [
            {
              "batter": "JT Smuts",
              "bowler": "S Muthusamy",
              "non_striker": "MP Breetzke",
              "runs": {
                "batter": 0,
                "extras": 0,
                "total": 0
              }
            },
            {
              "batter": "JT Smuts",
              "bowler": "S Muthusamy",
              "non_striker": "MP Breetzke",
              "runs": {
                "batter": 0,
                "extras": 0,
                "total": 0
              }
            },
            {
              "batter": "JT Smuts",
              "bowler": "S Muthusamy",
              "non_striker": "MP Breetzke",
              "runs": {
                "batter": 1,
                "extras": 0,
                "total": 1
              }
            },
            {
              "batter": "MP Breetzke",
              "bowler": "S Muthusamy",
              "non_striker": "JT Smuts",
              "runs": {
                "batter": 1,
                "extras": 0,
                "total": 1
              }
            },
            {
              "batter": "JT Smuts",
              "bowler": "S Muthusamy",
              "non_striker": "MP Breetzke",
              "runs": {
                "batter": 0,
                "extras": 0,
                "total": 0
              }
            },
            {
              "batter": "JT Smuts",
              "bowler": "S Muthusamy",
              "non_striker": "MP Breetzke",
              "runs": {
                "batter": 1,
                "extras": 0,
                "total": 1
              }
            }
          ]
        },
        {
          "over": 3,
          "deliveries": [
            {
              "batter": "JT Smuts",
              "bowler": "D Jansen",
              "non_striker": "MP Breetzke",
              "runs": {
                "batter": 0,
                "extras": 0,
                "total": 0
              }
            },
            {
              "batter": "JT Smuts",
              "bowler": "D Jansen",
              "non_striker": "MP Breetzke",
              "runs": {
                "batter": 4,
                "extras": 0,
                "total": 4
              }
            },
            {
              "batter": "JT Smuts",
              "bowler": "D Jansen",
              "non_striker": "MP Breetzke",
              "runs": {
                "batter": 1,
                "extras": 0,
                "total": 1
              }
            },
            {
              "batter": "MP Breetzke",
              "bowler": "D Jansen",
              "non_striker": "JT Smuts",
              "runs": {
                "batter": 2,
                "extras": 0,
                "total": 2
              }
            },
            {
              "batter": "MP Breetzke",
              "bowler": "D Jansen",
              "extras": {
                "legbyes": 1
              },
              "non_striker": "JT Smuts",
              "runs": {
                "batter": 0,
                "extras": 1,
                "total": 1
              }
            },
            {
              "batter": "JT Smuts",
              "bowler": "D Jansen",
              "non_striker": "MP Breetzke",
              "runs": {
                "batter": 1,
                "extras": 0,
                "total": 1
              }
            }
          ]
        },
        {
          "over": 4,
          "deliveries": [
            {
              "batter": "JT Smuts",
              "bowler": "D Pretorius",
              "non_striker": "MP Breetzke",
              "runs": {
                "batter": 0,
                "extras": 0,
                "total": 0
              }
            },
            {
              "batter": "JT Smuts",
              "bowler": "D Pretorius",
              "non_striker": "MP Breetzke",
              "runs": {
                "batter": 6,
                "extras": 0,
                "total": 6
              }
            },
            {
              "batter": "JT Smuts",
              "bowler": "D Pretorius",
              "non_striker": "MP Breetzke",
              "runs": {
                "batter": 0,
                "extras": 0,
                "total": 0
              },
              "wickets": [
                {
                  "player_out": "JT Smuts",
                  "fielders": [
                    {
                      "name": "D Pretorius"
                    }
                  ],
                  "kind": "run out"
                }
              ]
            },
            {
              "batter": "MP Breetzke",
              "bowler": "D Pretorius",
              "non_striker": "LC Ngoepe",
              "runs": {
                "batter": 1,
                "extras": 0,
                "total": 1
              }
            },
            {
              "batter": "LC Ngoepe",
              "bowler": "D Pretorius",
              "non_striker": "MP Breetzke",
              "runs": {
                "batter": 0,
                "extras": 0,
                "total": 0
              }
            },
            {
              "batter": "LC Ngoepe",
              "bowler": "D Pretorius",
              "non_striker": "MP Breetzke",
              "runs": {
                "batter": 1,
                "extras": 0,
                "total": 1
              }
            }
          ]
        },
        {
          "over": 5,
          "deliveries": [
            {
              "batter": "LC Ngoepe",
              "bowler": "D Potgieter",
              "non_striker": "MP Breetzke",
              "runs": {
                "batter": 2,
                "extras": 0,
                "total": 2
              }
            },
            {
              "batter": "LC Ngoepe",
              "bowler": "D Potgieter",
              "non_striker": "MP Breetzke",
              "runs": {
                "batter": 4,
                "extras": 0,
                "total": 4
              }
            },
            {
              "batter": "LC Ngoepe",
              "bowler": "D Potgieter",
              "non_striker": "MP Breetzke",
              "runs": {
                "batter": 1,
                "extras": 0,
                "total": 1
              }
            },
            {
              "batter": "MP Breetzke",
              "bowler": "D Potgieter",
              "non_striker": "LC Ngoepe",
              "runs": {
                "batter": 4,
                "extras": 0,
                "total": 4
              }
            },
            {
              "batter": "MP Breetzke",
              "bowler": "D Potgieter",
              "non_striker": "LC Ngoepe",
              "runs": {
                "batter": 4,
                "extras": 0,
                "total": 4
              }
            },
            {
              "batter": "MP Breetzke",
              "bowler": "D Potgieter",
              "non_striker": "LC Ngoepe",
              "runs": {
                "batter": 0,
                "extras": 0,
                "total": 0
              }
            }
          ]
        },
        {
          "over": 6,
          "deliveries": [
            {
              "batter": "LC Ngoepe",
              "bowler": "S Muthusamy",
              "non_striker": "MP Breetzke",
              "runs": {
                "batter": 1,
                "extras": 0,
                "total": 1
              }
            },
            {
              "batter": "MP Breetzke",
              "bowler": "S Muthusamy",
              "non_striker": "LC Ngoepe",
              "runs": {
                "batter": 0,
                "extras": 0,
                "total": 0
              }
            },
            {
              "batter": "MP Breetzke",
              "bowler": "S Muthusamy",
              "non_striker": "LC Ngoepe",
              "runs": {
                "batter": 0,
                "extras": 0,
                "total": 0
              },
              "wickets": [
                {
                  "player_out": "MP Breetzke",
                  "fielders": [
                    {
                      "name": "T Isaacs"
                    }
                  ],
                  "kind": "stumped"
                }
              ]
            },
            {
              "batter": "T Stubbs",
              "bowler": "S Muthusamy",
              "non_striker": "LC Ngoepe",
              "runs": {
                "batter": 1,
                "extras": 0,
                "total": 1
              }
            },
            {
              "batter": "LC Ngoepe",
              "bowler": "S Muthusamy",
              "non_striker": "T Stubbs",
              "runs": {
                "batter": 1,
                "extras": 0,
                "total": 1
              }
            },
            {
              "batter": "T Stubbs",
              "bowler": "S Muthusamy",
              "non_striker": "LC Ngoepe",
              "runs": {
                "batter": 1,
                "extras": 0,
                "total": 1
              }
            }
          ]
        },
        {
          "over": 7,
          "deliveries": [
            {
              "batter": "T Stubbs",
              "bowler": "LM Zuma",
              "non_striker": "LC Ngoepe",
              "runs": {
                "batter": 0,
                "extras": 0,
                "total": 0
              }
            },
            {
              "batter": "T Stubbs",
              "bowler": "LM Zuma",
              "non_striker": "LC Ngoepe",
              "runs": {
                "batter": 1,
                "extras": 0,
                "total": 1
              }
            },
            {
              "batter": "LC Ngoepe",
              "bowler": "LM Zuma",
              "non_striker": "T Stubbs",
              "runs": {
                "batter": 6,
                "extras": 0,
                "total": 6
              }
            },
            {
              "batter": "LC Ngoepe",
              "bowler": "LM Zuma",
              "non_striker": "T Stubbs",
              "runs": {
                "batter": 2,
                "extras": 0,
                "total": 2
              }
            },
            {
              "batter": "LC Ngoepe",
              "bowler": "LM Zuma",
              "non_striker": "T Stubbs",
              "runs": {
                "batter": 4,
                "extras": 0,
                "total": 4
              }
            },
            {
              "batter": "LC Ngoepe",
              "bowler": "LM Zuma",
              "non_striker": "T Stubbs",
              "runs": {
                "batter": 1,
                "extras": 0,
                "total": 1
              }
            }
          ]
        },
        {
          "over": 8,
          "deliveries": [
            {
              "batter": "LC Ngoepe",
              "bowler": "S Muthusamy",
              "non_striker": "T Stubbs",
              "runs": {
                "batter": 0,
                "extras": 0,
                "total": 0
              }
            },
            {
              "batter": "LC Ngoepe",
              "bowler": "S Muthusamy",
              "non_striker": "T Stubbs",
              "runs": {
                "batter": 2,
                "extras": 0,
                "total": 2
              }
            },
            {
              "batter": "LC Ngoepe",
              "bowler": "S Muthusamy",
              "non_striker": "T Stubbs",
              "runs": {
                "batter": 1,
                "extras": 0,
                "total": 1
              }
            },
            {
              "batter": "T Stubbs",
              "bowler": "S Muthusamy",
              "non_striker": "LC Ngoepe",
              "runs": {
                "batter": 0,
                "extras": 0,
                "total": 0
              }
            },
            {
              "batter": "T Stubbs",
              "bowler": "S Muthusamy",
              "non_striker": "LC Ngoepe",
              "runs": {
                "batter": 0,
                "extras": 0,
                "total": 0
              }
            },
            {
              "batter": "T Stubbs",
              "bowler": "S Muthusamy",
              "non_striker": "LC Ngoepe",
              "runs": {
                "batter": 0,
                "extras": 0,
                "total": 0
              }
            }
          ]
        },
        {
          "over": 9,
          "deliveries": [
            {
              "batter": "LC Ngoepe",
              "bowler": "Z Pongolo",
              "non_striker": "T Stubbs",
              "runs": {
                "batter": 0,
                "extras": 0,
                "total": 0
              }
            },
            {
              "batter": "LC Ngoepe",
              "bowler": "Z Pongolo",
              "non_striker": "T Stubbs",
              "runs": {
                "batter": 1,
                "extras": 0,
                "total": 1
              }
            },
            {
              "batter": "T Stubbs",
              "bowler": "Z Pongolo",
              "non_striker": "LC Ngoepe",
              "runs": {
                "batter": 1,
                "extras": 0,
                "total": 1
              }
            },
            {
              "batter": "LC Ngoepe",
              "bowler": "Z Pongolo",
              "non_striker": "T Stubbs",
              "runs": {
                "batter": 4,
                "extras": 0,
                "total": 4
              }
            },
            {
              "batter": "LC Ngoepe",
              "bowler": "Z Pongolo",
              "non_striker": "T Stubbs",
              "runs": {
                "batter": 0,
                "extras": 0,
                "total": 0
              }
            },
            {
              "batter": "LC Ngoepe",
              "bowler": "Z Pongolo",
              "non_striker": "T Stubbs",
              "runs": {
                "batter": 1,
                "extras": 0,
                "total": 1
              }
            }
          ]
        },
        {
          "over": 10,
          "deliveries": [
            {
              "batter": "LC Ngoepe",
              "bowler": "D Potgieter",
              "non_striker": "T Stubbs",
              "runs": {
                "batter": 0,
                "extras": 0,
                "total": 0
              }
            },
            {
              "batter": "LC Ngoepe",
              "bowler": "D Potgieter",
              "non_striker": "T Stubbs",
              "runs": {
                "batter": 6,
                "extras": 0,
                "total": 6
              }
            },
            {
              "batter": "LC Ngoepe",
              "bowler": "D Potgieter",
              "non_striker": "T Stubbs",
              "runs": {
                "batter": 0,
                "extras": 0,
                "total": 0
              }
            },
            {
              "batter": "LC Ngoepe",
              "bowler": "D Potgieter",
              "non_striker": "T Stubbs",
              "runs": {
                "batter": 1,
                "extras": 0,
                "total": 1
              }
            },
            {
              "batter": "T Stubbs",
              "bowler": "D Potgieter",
              "non_striker": "LC Ngoepe",
              "runs": {
                "batter": 1,
                "extras": 0,
                "total": 1
              }
            },
            {
              "batter": "LC Ngoepe",
              "bowler": "D Potgieter",
              "non_striker": "T Stubbs",
              "runs": {
                "batter": 1,
                "extras": 0,
                "total": 1
              }
            }
          ]
        },
        {
          "over": 11,
          "deliveries": [
            {
              "batter": "LC Ngoepe",
              "bowler": "C Seleka",
              "non_striker": "T Stubbs",
              "runs": {
                "batter": 1,
                "extras": 0,
                "total": 1
              }
            },
            {
              "batter": "T Stubbs",
              "bowler": "C Seleka",
              "non_striker": "LC Ngoepe",
              "runs": {
                "batter": 1,
                "extras": 0,
                "total": 1
              }
            },
            {
              "batter": "LC Ngoepe",
              "bowler": "C Seleka",
              "non_striker": "T Stubbs",
              "runs": {
                "batter": 1,
                "extras": 0,
                "total": 1
              }
            },
            {
              "batter": "T Stubbs",
              "bowler": "C Seleka",
              "non_striker": "LC Ngoepe",
              "runs": {
                "batter": 4,
                "extras": 0,
                "total": 4
              }
            },
            {
              "batter": "T Stubbs",
              "bowler": "C Seleka",
              "non_striker": "LC Ngoepe",
              "runs": {
                "batter": 1,
                "extras": 0,
                "total": 1
              }
            },
            {
              "batter": "LC Ngoepe",
              "bowler": "C Seleka",
              "non_striker": "T Stubbs",
              "runs": {
                "batter": 1,
                "extras": 0,
                "total": 1
              }
            }
          ]
        },
        {
          "over": 12,
          "deliveries": [
            {
              "batter": "LC Ngoepe",
              "bowler": "LM Zuma",
              "non_striker": "T Stubbs",
              "runs": {
                "batter": 0,
                "extras": 0,
                "total": 0
              },
              "wickets": [
                {
                  "player_out": "LC Ngoepe",
                  "fielders": [
                    {
                      "name": "T Isaacs"
                    }
                  ],
                  "kind": "caught"
                }
              ]
            },
            {
              "batter": "T Stubbs",
              "bowler": "LM Zuma",
              "non_striker": "DS Rosier",
              "runs": {
                "batter": 1,
                "extras": 0,
                "total": 1
              }
            },
            {
              "batter": "DS Rosier",
              "bowler": "LM Zuma",
              "non_striker": "T Stubbs",
              "runs": {
                "batter": 0,
                "extras": 0,
                "total": 0
              }
            },
            {
              "batter": "DS Rosier",
              "bowler": "LM Zuma",
              "non_striker": "T Stubbs",
              "runs": {
                "batter": 0,
                "extras": 0,
                "total": 0
              }
            },
            {
              "batter": "DS Rosier",
              "bowler": "LM Zuma",
              "non_striker": "T Stubbs",
              "runs": {
                "batter": 1,
                "extras": 0,
                "total": 1
              }
            },
            {
              "batter": "T Stubbs",
              "bowler": "LM Zuma",
              "non_striker": "DS Rosier",
              "runs": {
                "batter": 1,
                "extras": 0,
                "total": 1
              }
            }
          ]
        },
        {
          "over": 13,
          "deliveries": [
            {
              "batter": "T Stubbs",
              "bowler": "C Seleka",
              "non_striker": "DS Rosier",
              "runs": {
                "batter": 1,
                "extras": 0,
                "total": 1
              }
            },
            {
              "batter": "DS Rosier",
              "bowler": "C Seleka",
              "non_striker": "T Stubbs",
              "runs": {
                "batter": 1,
                "extras": 0,
                "total": 1
              }
            },
            {
              "batter": "T Stubbs",
              "bowler": "C Seleka",
              "non_striker": "DS Rosier",
              "runs": {
                "batter": 2,
                "extras": 0,
                "total": 2
              }
            },
            {
              "batter": "T Stubbs",
              "bowler": "C Seleka",
              "non_striker": "DS Rosier",
              "runs": {
                "batter": 1,
                "extras": 0,
                "total": 1
              }
            },
            {
              "batter": "DS Rosier",
              "bowler": "C Seleka",
              "non_striker": "T Stubbs",
              "runs": {
                "batter": 0,
                "extras": 0,
                "total": 0
              }
            },
            {
              "batter": "DS Rosier",
              "bowler": "C Seleka",
              "non_striker": "T Stubbs",
              "runs": {
                "batter": 1,
                "extras": 0,
                "total": 1
              }
            }
          ]
        },
        {
          "over": 14,
          "deliveries": [
            {
              "batter": "DS Rosier",
              "bowler": "LM Zuma",
              "non_striker": "T Stubbs",
              "runs": {
                "batter": 0,
                "extras": 0,
                "total": 0
              },
              "wickets": [
                {
                  "player_out": "DS Rosier",
                  "fielders": [
                    {
                      "name": "D Potgieter"
                    }
                  ],
                  "kind": "caught"
                }
              ]
            },
            {
              "batter": "T Stubbs",
              "bowler": "LM Zuma",
              "non_striker": "S Qeshile",
              "runs": {
                "batter": 1,
                "extras": 0,
                "total": 1
              }
            },
            {
              "batter": "S Qeshile",
              "bowler": "LM Zuma",
              "non_striker": "T Stubbs",
              "runs": {
                "batter": 0,
                "extras": 0,
                "total": 0
              }
            },
            {
              "batter": "S Qeshile",
              "bowler": "LM Zuma",
              "non_striker": "T Stubbs",
              "runs": {
                "batter": 1,
                "extras": 0,
                "total": 1
              }
            },
            {
              "batter": "T Stubbs",
              "bowler": "LM Zuma",
              "non_striker": "S Qeshile",
              "runs": {
                "batter": 0,
                "extras": 0,
                "total": 0
              },
              "wickets": [
                {
                  "player_out": "T Stubbs",
                  "fielders": [
                    {
                      "name": "Z Pongolo"
                    }
                  ],
                  "kind": "caught"
                }
              ]
            },
            {
              "batter": "S Qeshile",
              "bowler": "LM Zuma",
              "non_striker": "RS Second",
              "runs": {
                "batter": 6,
                "extras": 0,
                "total": 6
              }
            }
          ]
        },
        {
          "over": 15,
          "deliveries": [
            {
              "batter": "RS Second",
              "bowler": "S Muthusamy",
              "non_striker": "S Qeshile",
              "runs": {
                "batter": 2,
                "extras": 0,
                "total": 2
              }
            },
            {
              "batter": "RS Second",
              "bowler": "S Muthusamy",
              "non_striker": "S Qeshile",
              "runs": {
                "batter": 0,
                "extras": 0,
                "total": 0
              }
            },
            {
              "batter": "RS Second",
              "bowler": "S Muthusamy",
              "non_striker": "S Qeshile",
              "runs": {
                "batter": 1,
                "extras": 0,
                "total": 1
              }
            },
            {
              "batter": "S Qeshile",
              "bowler": "S Muthusamy",
              "non_striker": "RS Second",
              "runs": {
                "batter": 0,
                "extras": 0,
                "total": 0
              }
            },
            {
              "batter": "S Qeshile",
              "bowler": "S Muthusamy",
              "non_striker": "RS Second",
              "runs": {
                "batter": 1,
                "extras": 0,
                "total": 1
              }
            },
            {
              "batter": "RS Second",
              "bowler": "S Muthusamy",
              "non_striker": "S Qeshile",
              "runs": {
                "batter": 1,
                "extras": 0,
                "total": 1
              }
            }
          ]
        },
        {
          "over": 16,
          "deliveries": [
            {
              "batter": "RS Second",
              "bowler": "D Jansen",
              "non_striker": "S Qeshile",
              "runs": {
                "batter": 2,
                "extras": 0,
                "total": 2
              }
            },
            {
              "batter": "RS Second",
              "bowler": "D Jansen",
              "non_striker": "S Qeshile",
              "runs": {
                "batter": 4,
                "extras": 0,
                "total": 4
              }
            },
            {
              "batter": "RS Second",
              "bowler": "D Jansen",
              "non_striker": "S Qeshile",
              "runs": {
                "batter": 2,
                "extras": 0,
                "total": 2
              }
            },
            {
              "batter": "RS Second",
              "bowler": "D Jansen",
              "non_striker": "S Qeshile",
              "runs": {
                "batter": 1,
                "extras": 0,
                "total": 1
              }
            },
            {
              "batter": "S Qeshile",
              "bowler": "D Jansen",
              "non_striker": "RS Second",
              "runs": {
                "batter": 4,
                "extras": 0,
                "total": 4
              }
            },
            {
              "batter": "S Qeshile",
              "bowler": "D Jansen",
              "extras": {
                "wides": 1
              },
              "non_striker": "RS Second",
              "runs": {
                "batter": 0,
                "extras": 1,
                "total": 1
              }
            },
            {
              "batter": "S Qeshile",
              "bowler": "D Jansen",
              "non_striker": "RS Second",
              "runs": {
                "batter": 2,
                "extras": 0,
                "total": 2
              }
            }
          ]
        },
        {
          "over": 17,
          "deliveries": [
            {
              "batter": "RS Second",
              "bowler": "C Seleka",
              "non_striker": "S Qeshile",
              "runs": {
                "batter": 3,
                "extras": 0,
                "total": 3
              }
            },
            {
              "batter": "S Qeshile",
              "bowler": "C Seleka",
              "non_striker": "RS Second",
              "runs": {
                "batter": 1,
                "extras": 0,
                "total": 1
              }
            },
            {
              "batter": "RS Second",
              "bowler": "C Seleka",
              "non_striker": "S Qeshile",
              "runs": {
                "batter": 1,
                "extras": 0,
                "total": 1
              }
            },
            {
              "batter": "S Qeshile",
              "bowler": "C Seleka",
              "non_striker": "RS Second",
              "runs": {
                "batter": 1,
                "extras": 0,
                "total": 1
              }
            },
            {
              "batter": "RS Second",
              "bowler": "C Seleka",
              "non_striker": "S Qeshile",
              "runs": {
                "batter": 2,
                "extras": 0,
                "total": 2
              }
            },
            {
              "batter": "RS Second",
              "bowler": "C Seleka",
              "non_striker": "S Qeshile",
              "runs": {
                "batter": 6,
                "extras": 0,
                "total": 6
              }
            }
          ]
        },
        {
          "over": 18,
          "deliveries": [
            {
              "batter": "S Qeshile",
              "bowler": "D Jansen",
              "non_striker": "RS Second",
              "runs": {
                "batter": 0,
                "extras": 0,
                "total": 0
              }
            },
            {
              "batter": "S Qeshile",
              "bowler": "D Jansen",
              "non_striker": "RS Second",
              "runs": {
                "batter": 4,
                "extras": 0,
                "total": 4
              }
            },
            {
              "batter": "S Qeshile",
              "bowler": "D Jansen",
              "non_striker": "RS Second",
              "runs": {
                "batter": 4,
                "extras": 0,
                "total": 4
              }
            },
            {
              "batter": "S Qeshile",
              "bowler": "D Jansen",
              "non_striker": "RS Second",
              "runs": {
                "batter": 0,
                "extras": 0,
                "total": 0
              },
              "wickets": [
                {
                  "player_out": "S Qeshile",
                  "fielders": [
                    {
                      "name": "WB Marshall"
                    }
                  ],
                  "kind": "caught"
                }
              ]
            },
            {
              "batter": "RS Second",
              "bowler": "D Jansen",
              "non_striker": "K Jacobs",
              "runs": {
                "batter": 4,
                "extras": 0,
                "total": 4
              }
            },
            {
              "batter": "RS Second",
              "bowler": "D Jansen",
              "non_striker": "K Jacobs",
              "runs": {
                "batter": 0,
                "extras": 0,
                "total": 0
              },
              "wickets": [
                {
                  "player_out": "RS Second",
                  "fielders": [
                    {
                      "name": "WB Marshall"
                    }
                  ],
                  "kind": "caught"
                }
              ]
            }
          ]
        },
        {
          "over": 19,
          "deliveries": [
            {
              "batter": "Tsepo Ndwandwa",
              "bowler": "D Pretorius",
              "non_striker": "K Jacobs",
              "runs": {
                "batter": 1,
                "extras": 0,
                "total": 1
              }
            },
            {
              "batter": "K Jacobs",
              "bowler": "D Pretorius",
              "non_striker": "Tsepo Ndwandwa",
              "runs": {
                "batter": 0,
                "extras": 0,
                "total": 0
              },
              "wickets": [
                {
                  "player_out": "K Jacobs",
                  "kind": "bowled"
                }
              ]
            },
            {
              "batter": "A Mnyaka",
              "bowler": "D Pretorius",
              "non_striker": "Tsepo Ndwandwa",
              "runs": {
                "batter": 1,
                "extras": 0,
                "total": 1
              }
            },
            {
              "batter": "Tsepo Ndwandwa",
              "bowler": "D Pretorius",
              "non_striker": "A Mnyaka",
              "runs": {
                "batter": 1,
                "extras": 0,
                "total": 1
              }
            },
            {
              "batter": "A Mnyaka",
              "bowler": "D Pretorius",
              "non_striker": "Tsepo Ndwandwa",
              "runs": {
                "batter": 2,
                "extras": 0,
                "total": 2
              }
            },
            {
              "batter": "A Mnyaka",
              "bowler": "D Pretorius",
              "non_striker": "Tsepo Ndwandwa",
              "runs": {
                "batter": 1,
                "extras": 0,
                "total": 1
              }
            }
          ]
        }
      ],
      "powerplays": [
        {
          "from": 0.1,
          "to": 5.6,
          "type": "mandatory"
        }
      ],
      "target": {
        "overs": 20,
        "runs": 170
      }
    }
  ]
}