{
  "meta": {
    "data_version": "1.1.0",
    "created": "2022-03-28",
    "revision": 1
  },
  "info": {
    "balls_per_over": 6,
    "city": "Port Elizabeth",
    "dates": [
      "2022-02-07"
    ],
    "event": {
      "name": "CSA T20 Challenge",
      "match_number": 2
    },
    "gender": "male",
    "match_type": "T20",
    "officials": {
      "match_referees": [
        "LH Matroos"
      ],
      "reserve_umpires": [
        "AM Sodumo"
      ],
      "tv_umpires": [
        "RN Hendricks"
      ],
      "umpires": [
        "A Steenkamp",
        "DJ Smith"
      ]
    },
    "outcome": {
      "winner": "Warriors",
      "by": {
        "runs": 8
      }
    },
    "overs": 20,
    "player_of_match": [
      "JT Smuts",
      "T Stubbs"
    ],
    "players": {
      "Warriors": [
        "MP Breetzke",
        "WJ Lubbe",
        "JT Smuts",
        "DS Rosier",
        "T Stubbs",
        "LC Ngoepe",
        "S Qeshile",
        "T van Vuuren",
        "D Paterson",
        "M Nabe",
        "Tsepo Ndwandwa"
      ],
      "Titans": [
        "Q de Kock",
        "GL Cloete",
        "TB de Bruyn",
        "H Klaasen",
        "BS Makhanya",
        "D Ferreira",
        "A Gqamane",
        "C Bosch",
        "AM Phangiso",
        "LB Williams",
        "T Shamsi"
      ]
    },
    "registry": {
      "people": {
        "A Gqamane": "a83c44b8",
        "A Steenkamp": "89c62cf5",
        "AM Phangiso": "7f8ecc51",
        "AM Sodumo": "cc6850ec",
        "BS Makhanya": "1b42a100",
        "C Bosch": "172dff15",
        "D Ferreira": "f0af99a7",
        "D Paterson": "462d7c62",
        "DJ Smith": "d17bec15",
        "DS Rosier": "f8e6dbdd",
        "GL Cloete": "3bf40832",
        "H Klaasen": "235c2bb6",
        "JT Smuts": "42172c3c",
        "LB Williams": "a1d95bd8",
        "LC Ngoepe": "51355a30",
        "LH Matroos": "6fa18157",
        "M Nabe": "6ed11905",
        "MP Breetzke": "35f173a0",
        "Q de Kock": "372455c4",
        "RN Hendricks": "92edb363",
        "S Qeshile": "94268960",
        "T Shamsi": "a03bba42",
        "T Stubbs": "85b3fab2",
        "T van Vuuren": "20afc7e7",
        "TB de Bruyn": "90d6cdea",
        "Tsepo Ndwandwa": "be3ffb65",
        "WJ Lubbe": "10f42013"
      }
    },
    "season": "2021/22",
    "team_type": "club",
    "teams": [
      "Warriors",
      "Titans"
    ],
    "toss": {
      "decision": "field",
      "winner": "Titans"
    },
    "venue": "St George's Park, Port Elizabeth"
  },
  "innings": [
    {
      "team": "Warriors",
      "overs": [
        {
          "over": 0,
          "deliveries": [
            {
              "batter": "MP Breetzke",
              "bowler": "D Ferreira",
              "non_striker": "WJ Lubbe",
              "runs": {
                "batter": 1,
                "extras": 0,
                "total": 1
              }
            },
            {
              "batter": "WJ Lubbe",
              "bowler": "D Ferreira",
              "non_striker": "MP Breetzke",
              "runs": {
                "batter": 0,
                "extras": 0,
                "total": 0
              }
            },
            {
              "batter": "WJ Lubbe",
              "bowler": "D Ferreira",
              "non_striker": "MP Breetzke",
              "runs": {
                "batter": 1,
                "extras": 0,
                "total": 1
              }
            },
            {
              "batter": "MP Breetzke",
              "bowler": "D Ferreira",
              "non_striker": "WJ Lubbe",
              "runs": {
                "batter": 1,
                "extras": 0,
                "total": 1
              }
            },
            {
              "batter": "WJ Lubbe",
              "bowler": "D Ferreira",
              "non_striker": "MP Breetzke",
              "runs": {
                "batter": 1,
                "extras": 0,
                "total": 1
              }
            },
            {
              "batter": "MP Breetzke",
              "bowler": "D Ferreira",
              "non_striker": "WJ Lubbe",
              "runs": {
                "batter": 4,
                "extras": 0,
                "total": 4
              }
            }
          ]
        },
        {
          "over": 1,
          "deliveries": [
            {
              "batter": "WJ Lubbe",
              "bowler": "C Bosch",
              "non_striker": "MP Breetzke",
              "runs": {
                "batter": 4,
                "extras": 0,
                "total": 4
              }
            },
            {
              "batter": "WJ Lubbe",
              "bowler": "C Bosch",
              "non_striker": "MP Breetzke",
              "runs": {
                "batter": 1,
                "extras": 0,
                "total": 1
              }
            },
            {
              "batter": "MP Breetzke",
              "bowler": "C Bosch",
              "non_striker": "WJ Lubbe",
              "runs": {
                "batter": 1,
                "extras": 0,
                "total": 1
              }
            },
            {
              "batter": "WJ Lubbe",
              "bowler": "C Bosch",
              "non_striker": "MP Breetzke",
              "runs": {
                "batter": 0,
                "extras": 0,
                "total": 0
              }
            },
            {
              "batter": "WJ Lubbe",
              "bowler": "C Bosch",
              "non_striker": "MP Breetzke",
              "runs": {
                "batter": 1,
                "extras": 0,
                "total": 1
              }
            },
            {
              "batter": "MP Breetzke",
              "bowler": "C Bosch",
              "non_striker": "WJ Lubbe",
              "runs": {
                "batter": 1,
                "extras": 0,
                "total": 1
              }
            }
          ]
        },
        {
          "over": 2,
          "deliveries": [
            {
              "batter": "MP Breetzke",
              "bowler": "LB Williams",
              "non_striker": "WJ Lubbe",
              "runs": {
                "batter": 0,
                "extras": 0,
                "total": 0
              }
            },
            {
              "batter": "MP Breetzke",
              "bowler": "LB Williams",
              "non_striker": "WJ Lubbe",
              "runs": {
                "batter": 1,
                "extras": 0,
                "total": 1
              }
            },
            {
              "batter": "WJ Lubbe",
              "bowler": "LB Williams",
              "non_striker": "MP Breetzke",
              "runs": {
                "batter": 2,
                "extras": 0,
                "total": 2
              }
            },
            {
              "batter": "WJ Lubbe",
              "bowler": "LB Williams",
              "non_striker": "MP Breetzke",
              "runs": {
                "batter": 0,
                "extras": 0,
                "total": 0
              }
            },
            {
              "batter": "WJ Lubbe",
              "bowler": "LB Williams",
              "non_striker": "MP Breetzke",
              "runs": {
                "batter": 1,
                "extras": 0,
                "total": 1
              }
            },
            {
              "batter": "MP Breetzke",
              "bowler": "LB Williams",
              "non_striker": "WJ Lubbe",
              "runs": {
                "batter": 0,
                "extras": 0,
                "total": 0
              }
            }
          ]
        },
        {
          "over": 3,
          "deliveries": [
            {
              "batter": "WJ Lubbe",
              "bowler": "C Bosch",
              "extras": {
                "wides": 1
              },
              "non_striker": "MP Breetzke",
              "runs": {
                "batter": 0,
                "extras": 1,
                "total": 1
              }
            },
            {
              "batter": "WJ Lubbe",
              "bowler": "C Bosch",
              "non_striker": "MP Breetzke",
              "runs": {
                "batter": 4,
                "extras": 0,
                "total": 4
              }
            },
            {
              "batter": "WJ Lubbe",
              "bowler": "C Bosch",
              "non_striker": "MP Breetzke",
              "runs": {
                "batter": 1,
                "extras": 0,
                "total": 1
              }
            },
            {
              "batter": "MP Breetzke",
              "bowler": "C Bosch",
              "non_striker": "WJ Lubbe",
              "runs": {
                "batter": 2,
                "extras": 0,
                "total": 2
              }
            },
            {
              "batter": "MP Breetzke",
              "bowler": "C Bosch",
              "non_striker": "WJ Lubbe",
              "runs": {
                "batter": 0,
                "extras": 0,
                "total": 0
              }
            },
            {
              "batter": "MP Breetzke",
              "bowler": "C Bosch",
              "non_striker": "WJ Lubbe",
              "runs": {
                "batter": 4,
                "extras": 0,
                "total": 4
              }
            },
            {
              "batter": "MP Breetzke",
              "bowler": "C Bosch",
              "non_striker": "WJ Lubbe",
              "runs": {
                "batter": 1,
                "extras": 0,
                "total": 1
              }
            }
          ]
        },
        {
          "over": 4,
          "deliveries": [
            {
              "batter": "MP Breetzke",
              "bowler": "AM Phangiso",
              "non_striker": "WJ Lubbe",
              "runs": {
                "batter": 4,
                "extras": 0,
                "total": 4
              }
            },
            {
              "batter": "MP Breetzke",
              "bowler": "AM Phangiso",
              "non_striker": "WJ Lubbe",
              "runs": {
                "batter": 1,
                "extras": 0,
                "total": 1
              }
            },
            {
              "batter": "WJ Lubbe",
              "bowler": "AM Phangiso",
              "non_striker": "MP Breetzke",
              "runs": {
                "batter": 0,
                "extras": 0,
                "total": 0
              }
            },
            {
              "batter": "WJ Lubbe",
              "bowler": "AM Phangiso",
              "non_striker": "MP Breetzke",
              "runs": {
                "batter": 6,
                "extras": 0,
                "total": 6
              }
            },
            {
              "batter": "WJ Lubbe",
              "bowler": "AM Phangiso",
              "non_striker": "MP Breetzke",
              "runs": {
                "batter": 0,
                "extras": 0,
                "total": 0
              }
            },
            {
              "batter": "WJ Lubbe",
              "bowler": "AM Phangiso",
              "non_striker": "MP Breetzke",
              "runs": {
                "batter": 4,
                "extras": 0,
                "total": 4
              }
            }
          ]
        },
        {
          "over": 5,
          "deliveries": [
            {
              "batter": "MP Breetzke",
              "bowler": "LB Williams",
              "non_striker": "WJ Lubbe",
              "runs": {
                "batter": 1,
                "extras": 0,
                "total": 1
              }
            },
            {
              "batter": "WJ Lubbe",
              "bowler": "LB Williams",
              "non_striker": "MP Breetzke",
              "runs": {
                "batter": 0,
                "extras": 0,
                "total": 0
              }
            },
            {
              "batter": "WJ Lubbe",
              "bowler": "LB Williams",
              "non_striker": "MP Breetzke",
              "runs": {
                "batter": 1,
                "extras": 0,
                "total": 1
              }
            },
            {
              "batter": "MP Breetzke",
              "bowler": "LB Williams",
              "non_striker": "WJ Lubbe",
              "runs": {
                "batter": 6,
                "extras": 0,
                "total": 6
              }
            },
            {
              "batter": "MP Breetzke",
              "bowler": "LB Williams",
              "non_striker": "WJ Lubbe",
              "runs": {
                "batter": 4,
                "extras": 0,
                "total": 4
              }
            },
            {
              "batter": "MP Breetzke",
              "bowler": "LB Williams",
              "non_striker": "WJ Lubbe",
              "runs": {
                "batter": 4,
                "extras": 0,
                "total": 4
              }
            }
          ]
        },
        {
          "over": 6,
          "deliveries": [
            {
              "batter": "WJ Lubbe",
              "bowler": "AM Phangiso",
              "non_striker": "MP Breetzke",
              "runs": {
                "batter": 1,
                "extras": 0,
                "total": 1
              }
            },
            {
              "batter": "MP Breetzke",
              "bowler": "AM Phangiso",
              "non_striker": "WJ Lubbe",
              "runs": {
                "batter": 0,
                "extras": 0,
                "total": 0
              }
            },
            {
              "batter": "MP Breetzke",
              "bowler": "AM Phangiso",
              "non_striker": "WJ Lubbe",
              "runs": {
                "batter": 0,
                "extras": 0,
                "total": 0
              }
            },
            {
              "batter": "MP Breetzke",
              "bowler": "AM Phangiso",
              "non_striker": "WJ Lubbe",
              "runs": {
                "batter": 0,
                "extras": 0,
                "total": 0
              },
              "wickets": [
                {
                  "player_out": "MP Breetzke",
                  "kind": "bowled"
                }
              ]
            },
            {
              "batter": "JT Smuts",
              "bowler": "AM Phangiso",
              "non_striker": "WJ Lubbe",
              "runs": {
                "batter": 0,
                "extras": 0,
                "total": 0
              }
            },
            {
              "batter": "JT Smuts",
              "bowler": "AM Phangiso",
              "non_striker": "WJ Lubbe",
              "runs": {
                "batter": 1,
                "extras": 0,
                "total": 1
              }
            }
          ]
        },
        {
          "over": 7,
          "deliveries": [
            {
              "batter": "JT Smuts",
              "bowler": "T Shamsi",
              "non_striker": "WJ Lubbe",
              "runs": {
                "batter": 1,
                "extras": 0,
                "total": 1
              }
            },
            {
              "batter": "WJ Lubbe",
              "bowler": "T Shamsi",
              "non_striker": "JT Smuts",
              "runs": {
                "batter": 0,
                "extras": 0,
                "total": 0
              }
            },
            {
              "batter": "WJ Lubbe",
              "bowler": "T Shamsi",
              "non_striker": "JT Smuts",
              "runs": {
                "batter": 1,
                "extras": 0,
                "total": 1
              }
            },
            {
              "batter": "JT Smuts",
              "bowler": "T Shamsi",
              "non_striker": "WJ Lubbe",
              "runs": {
                "batter": 0,
                "extras": 0,
                "total": 0
              },
              "wickets": [
                {
                  "player_out": "JT Smuts",
                  "fielders": [
                    {
                      "name": "Q de Kock"
                    }
                  ],
                  "kind": "caught"
                }
              ]
            },
            {
              "batter": "DS Rosier",
              "bowler": "T Shamsi",
              "non_striker": "WJ Lubbe",
              "runs": {
                "batter": 1,
                "extras": 0,
                "total": 1
              }
            },
            {
              "batter": "WJ Lubbe",
              "bowler": "T Shamsi",
              "non_striker": "DS Rosier",
              "runs": {
                "batter": 1,
                "extras": 0,
                "total": 1
              }
            }
          ]
        },
        {
          "over": 8,
          "deliveries": [
            {
              "batter": "WJ Lubbe",
              "bowler": "AM Phangiso",
              "non_striker": "DS Rosier",
              "runs": {
                "batter": 1,
                "extras": 0,
                "total": 1
              }
            },
            {
              "batter": "DS Rosier",
              "bowler": "AM Phangiso",
              "non_striker": "WJ Lubbe",
              "runs": {
                "batter": 1,
                "extras": 0,
                "total": 1
              }
            },
            {
              "batter": "WJ Lubbe",
              "bowler": "AM Phangiso",
              "non_striker": "DS Rosier",
              "runs": {
                "batter": 1,
                "extras": 0,
                "total": 1
              }
            },
            {
              "batter": "DS Rosier",
              "bowler": "AM Phangiso",
              "non_striker": "WJ Lubbe",
              "runs": {
                "batter": 0,
                "extras": 0,
                "total": 0
              }
            },
            {
              "batter": "DS Rosier",
              "bowler": "AM Phangiso",
              "non_striker": "WJ Lubbe",
              "runs": {
                "batter": 0,
                "extras": 0,
                "total": 0
              }
            },
            {
              "batter": "DS Rosier",
              "bowler": "AM Phangiso",
              "non_striker": "WJ Lubbe",
              "runs": {
                "batter": 0,
                "extras": 0,
                "total": 0
              }
            }
          ]
        },
        {
          "over": 9,
          "deliveries": [
            {
              "batter": "WJ Lubbe",
              "bowler": "T Shamsi",
              "non_striker": "DS Rosier",
              "runs": {
                "batter": 0,
                "extras": 0,
                "total": 0
              }
            },
            {
              "batter": "WJ Lubbe",
              "bowler": "T Shamsi",
              "non_striker": "DS Rosier",
              "runs": {
                "batter": 1,
                "extras": 0,
                "total": 1
              }
            },
            {
              "batter": "DS Rosier",
              "bowler": "T Shamsi",
              "non_striker": "WJ Lubbe",
              "runs": {
                "batter": 0,
                "extras": 0,
                "total": 0
              }
            },
            {
              "batter": "DS Rosier",
              "bowler": "T Shamsi",
              "non_striker": "WJ Lubbe",
              "runs": {
                "batter": 1,
                "extras": 0,
                "total": 1
              }
            },
            {
              "batter": "WJ Lubbe",
              "bowler": "T Shamsi",
              "non_striker": "DS Rosier",
              "runs": {
                "batter": 1,
                "extras": 0,
                "total": 1
              }
            },
            {
              "batter": "DS Rosier",
              "bowler": "T Shamsi",
              "non_striker": "WJ Lubbe",
              "runs": {
                "batter": 0,
                "extras": 0,
                "total": 0
              }
            }
          ]
        },
        {
          "over": 10,
          "deliveries": [
            {
              "batter": "WJ Lubbe",
              "bowler": "D Ferreira",
              "non_striker": "DS Rosier",
              "runs": {
                "batter": 1,
                "extras": 0,
                "total": 1
              }
            },
            {
              "batter": "DS Rosier",
              "bowler": "D Ferreira",
              "non_striker": "WJ Lubbe",
              "runs": {
                "batter": 0,
                "extras": 0,
                "total": 0
              }
            },
            {
              "batter": "DS Rosier",
              "bowler": "D Ferreira",
              "non_striker": "WJ Lubbe",
              "runs": {
                "batter": 0,
                "extras": 0,
                "total": 0
              },
              "wickets": [
                {
                  "player_out": "DS Rosier",
                  "fielders": [
                    {
                      "name": "BS Makhanya"
                    }
                  ],
                  "kind": "caught"
                }
              ]
            },
            {
              "batter": "T Stubbs",
              "bowler": "D Ferreira",
              "non_striker": "WJ Lubbe",
              "runs": {
                "batter": 1,
                "extras": 0,
                "total": 1
              }
            },
            {
              "batter": "WJ Lubbe",
              "bowler": "D Ferreira",
              "non_striker": "T Stubbs",
              "runs": {
                "batter": 1,
                "extras": 0,
                "total": 1
              }
            },
            {
              "batter": "T Stubbs",
              "bowler": "D Ferreira",
              "non_striker": "WJ Lubbe",
              "runs": {
                "batter": 0,
                "extras": 0,
                "total": 0
              }
            }
          ]
        },
        {
          "over": 11,
          "deliveries": [
            {
              "batter": "WJ Lubbe",
              "bowler": "T Shamsi",
              "non_striker": "T Stubbs",
              "runs": {
                "batter": 2,
                "extras": 0,
                "total": 2
              }
            },
            {
              "batter": "WJ Lubbe",
              "bowler": "T Shamsi",
              "non_striker": "T Stubbs",
              "runs": {
                "batter": 1,
                "extras": 0,
                "total": 1
              }
            },
            {
              "batter": "T Stubbs",
              "bowler": "T Shamsi",
              "non_striker": "WJ Lubbe",
              "runs": {
                "batter": 2,
                "extras": 0,
                "total": 2
              }
            },
            {
              "batter": "T Stubbs",
              "bowler": "T Shamsi",
              "non_striker": "WJ Lubbe",
              "runs": {
                "batter": 1,
                "extras": 0,
                "total": 1
              }
            },
            {
              "batter": "WJ Lubbe",
              "bowler": "T Shamsi",
              "non_striker": "T Stubbs",
              "runs": {
                "batter": 1,
                "extras": 0,
                "total": 1
              }
            },
            {
              "batter": "T Stubbs",
              "bowler": "T Shamsi",
              "non_striker": "WJ Lubbe",
              "runs": {
                "batter": 2,
                "extras": 0,
                "total": 2
              }
            }
          ]
        },
        {
          "over": 12,
          "deliveries": [
            {
              "batter": "WJ Lubbe",
              "bowler": "AM Phangiso",
              "non_striker": "T Stubbs",
              "runs": {
                "batter": 0,
                "extras": 0,
                "total": 0
              }
            },
            {
              "batter": "WJ Lubbe",
              "bowler": "AM Phangiso",
              "non_striker": "T Stubbs",
              "runs": {
                "batter": 0,
                "extras": 0,
                "total": 0
              }
            },
            {
              "batter": "WJ Lubbe",
              "bowler": "AM Phangiso",
              "non_striker": "T Stubbs",
              "runs": {
                "batter": 1,
                "extras": 0,
                "total": 1
              }
            },
            {
              "batter": "T Stubbs",
              "bowler": "AM Phangiso",
              "non_striker": "WJ Lubbe",
              "runs": {
                "batter": 1,
                "extras": 0,
                "total": 1
              }
            },
            {
              "batter": "WJ Lubbe",
              "bowler": "AM Phangiso",
              "non_striker": "T Stubbs",
              "runs": {
                "batter": 1,
                "extras": 0,
                "total": 1
              }
            },
            {
              "batter": "T Stubbs",
              "bowler": "AM Phangiso",
              "non_striker": "WJ Lubbe",
              "runs": {
                "batter": 1,
                "extras": 0,
                "total": 1
              }
            }
          ]
        },
        {
          "over": 13,
          "deliveries": [
            {
              "batter": "T Stubbs",
              "bowler": "C Bosch",
              "non_striker": "WJ Lubbe",
              "runs": {
                "batter": 0,
                "extras": 0,
                "total": 0
              }
            },
            {
              "batter": "T Stubbs",
              "bowler": "C Bosch",
              "non_striker": "WJ Lubbe",
              "runs": {
                "batter": 1,
                "extras": 0,
                "total": 1
              }
            },
            {
              "batter": "WJ Lubbe",
              "bowler": "C Bosch",
              "non_striker": "T Stubbs",
              "runs": {
                "batter": 6,
                "extras": 0,
                "total": 6
              }
            },
            {
              "batter": "WJ Lubbe",
              "bowler": "C Bosch",
              "non_striker": "T Stubbs",
              "runs": {
                "batter": 1,
                "extras": 0,
                "total": 1
              }
            },
            {
              "batter": "T Stubbs",
              "bowler": "C Bosch",
              "non_striker": "WJ Lubbe",
              "runs": {
                "batter": 1,
                "extras": 0,
                "total": 1
              }
            },
            {
              "batter": "WJ Lubbe",
              "bowler": "C Bosch",
              "non_striker": "T Stubbs",
              "runs": {
                "batter": 1,
                "extras": 0,
                "total": 1
              }
            }
          ]
        },
        {
          "over": 14,
          "deliveries": [
            {
              "batter": "WJ Lubbe",
              "bowler": "A Gqamane",
              "non_striker": "T Stubbs",
              "runs": {
                "batter": 1,
                "extras": 0,
                "total": 1
              }
            },
            {
              "batter": "T Stubbs",
              "bowler": "A Gqamane",
              "non_striker": "WJ Lubbe",
              "runs": {
                "batter": 2,
                "extras": 0,
                "total": 2
              }
            },
            {
              "batter": "T Stubbs",
              "bowler": "A Gqamane",
              "extras": {
                "wides": 1
              },
              "non_striker": "WJ Lubbe",
              "runs": {
                "batter": 0,
                "extras": 1,
                "total": 1
              }
            },
            {
              "batter": "T Stubbs",
              "bowler": "A Gqamane",
              "non_striker": "WJ Lubbe",
              "runs": {
                "batter": 1,
                "extras": 0,
                "total": 1
              }
            },
            {
              "batter": "WJ Lubbe",
              "bowler": "A Gqamane",
              "extras": {
                "wides": 1
              },
              "non_striker": "T Stubbs",
              "runs": {
                "batter": 0,
                "extras": 1,
                "total": 1
              }
            },
            {
              "batter": "WJ Lubbe",
              "bowler": "A Gqamane",
              "non_striker": "T Stubbs",
              "runs": {
                "batter": 1,
                "extras": 0,
                "total": 1
              }
            },
            {
              "batter": "T Stubbs",
              "bowler": "A Gqamane",
              "non_striker": "WJ Lubbe",
              "runs": {
                "batter": 2,
                "extras": 0,
                "total": 2
              }
            },
            {
              "batter": "T Stubbs",
              "bowler": "A Gqamane",
              "non_striker": "WJ Lubbe",
              "runs": {
                "batter": 1,
                "extras": 0,
                "total": 1
              }
            }
          ]
        },
        {
          "over": 15,
          "deliveries": [
            {
              "batter": "T Stubbs",
              "bowler": "T Shamsi",
              "non_striker": "WJ Lubbe",
              "runs": {
                "batter": 6,
                "extras": 0,
                "total": 6
              }
            },
            {
              "batter": "T Stubbs",
              "bowler": "T Shamsi",
              "non_striker": "WJ Lubbe",
              "runs": {
                "batter": 4,
                "extras": 0,
                "total": 4
              }
            },
            {
              "batter": "T Stubbs",
              "bowler": "T Shamsi",
              "non_striker": "WJ Lubbe",
              "runs": {
                "batter": 1,
                "extras": 0,
                "total": 1
              }
            },
            {
              "batter": "WJ Lubbe",
              "bowler": "T Shamsi",
              "non_striker": "T Stubbs",
              "runs": {
                "batter": 1,
                "extras": 0,
                "total": 1
              }
            },
            {
              "batter": "T Stubbs",
              "bowler": "T Shamsi",
              "non_striker": "WJ Lubbe",
              "runs": {
                "batter": 1,
                "extras": 0,
                "total": 1
              }
            },
            {
              "batter": "WJ Lubbe",
              "bowler": "T Shamsi",
              "non_striker": "T Stubbs",
              "runs": {
                "batter": 2,
                "extras": 0,
                "total": 2
              }
            }
          ]
        },
        {
          "over": 16,
          "deliveries": [
            {
              "batter": "T Stubbs",
              "bowler": "LB Williams",
              "extras": {
                "wides": 1
              },
              "non_striker": "WJ Lubbe",
              "runs": {
                "batter": 0,
                "extras": 1,
                "total": 1
              }
            },
            {
              "batter": "T Stubbs",
              "bowler": "LB Williams",
              "non_striker": "WJ Lubbe",
              "runs": {
                "batter": 1,
                "extras": 0,
                "total": 1
              }
            },
            {
              "batter": "WJ Lubbe",
              "bowler": "LB Williams",
              "non_striker": "T Stubbs",
              "runs": {
                "batter": 1,
                "extras": 0,
                "total": 1
              }
            },
            {
              "batter": "T Stubbs",
              "bowler": "LB Williams",
              "non_striker": "WJ Lubbe",
              "runs": {
                "batter": 1,
                "extras": 0,
                "total": 1
              }
            },
            {
              "batter": "WJ Lubbe",
              "bowler": "LB Williams",
              "non_striker": "T Stubbs",
              "runs": {
                "batter": 0,
                "extras": 0,
                "total": 0
              }
            },
            {
              "batter": "WJ Lubbe",
              "bowler": "LB Williams",
              "non_striker": "T Stubbs",
              "runs": {
                "batter": 0,
                "extras": 0,
                "total": 0
              },
              "wickets": [
                {
                  "player_out": "WJ Lubbe",
                  "fielders": [
                    {
                      "name": "AM Phangiso"
                    }
                  ],
                  "kind": "caught"
                }
              ]
            },
            {
              "batter": "T Stubbs",
              "bowler": "LB Williams",
              "non_striker": "LC Ngoepe",
              "runs": {
                "batter": 1,
                "extras": 0,
                "total": 1
              }
            }
          ]
        },
        {
          "over": 17,
          "deliveries": [
            {
              "batter": "T Stubbs",
              "bowler": "A Gqamane",
              "non_striker": "LC Ngoepe",
              "runs": {
                "batter": 6,
                "extras": 0,
                "total": 6
              }
            },
            {
              "batter": "T Stubbs",
              "bowler": "A Gqamane",
              "non_striker": "LC Ngoepe",
              "runs": {
                "batter": 6,
                "extras": 0,
                "total": 6
              }
            },
            {
              "batter": "T Stubbs",
              "bowler": "A Gqamane",
              "non_striker": "LC Ngoepe",
              "runs": {
                "batter": 1,
                "extras": 0,
                "total": 1
              }
            },
            {
              "batter": "LC Ngoepe",
              "bowler": "A Gqamane",
              "extras": {
                "wides": 1
              },
              "non_striker": "T Stubbs",
              "runs": {
                "batter": 0,
                "extras": 1,
                "total": 1
              }
            },
            {
              "batter": "LC Ngoepe",
              "bowler": "A Gqamane",
              "non_striker": "T Stubbs",
              "runs": {
                "batter": 1,
                "extras": 0,
                "total": 1
              }
            },
            {
              "batter": "T Stubbs",
              "bowler": "A Gqamane",
              "non_striker": "LC Ngoepe",
              "runs": {
                "batter": 6,
                "extras": 0,
                "total": 6
              }
            },
            {
              "batter": "T Stubbs",
              "bowler": "A Gqamane",
              "non_striker": "LC Ngoepe",
              "runs": {
                "batter": 1,
                "extras": 0,
                "total": 1
              }
            }
          ]
        },
        {
          "over": 18,
          "deliveries": [
            {
              "batter": "T Stubbs",
              "bowler": "LB Williams",
              "non_striker": "LC Ngoepe",
              "runs": {
                "batter": 0,
                "extras": 0,
                "total": 0
              },
              "wickets": [
                {
                  "player_out": "T Stubbs",
                  "fielders": [
                    {
                      "name": "H Klaasen"
                    }
                  ],
                  "kind": "caught"
                }
              ]
            },
            {
              "batter": "LC Ngoepe",
              "bowler": "LB Williams",
              "non_striker": "S Qeshile",
              "runs": {
                "batter": 0,
                "extras": 0,
                "total": 0
              }
            },
            {
              "batter": "LC Ngoepe",
              "bowler": "LB Williams",
              "non_striker": "S Qeshile",
              "runs": {
                "batter": 1,
                "extras": 0,
                "total": 1
              }
            },
            {
              "batter": "S Qeshile",
              "bowler": "LB Williams",
              "non_striker": "LC Ngoepe",
              "runs": {
                "batter": 1,
                "extras": 0,
                "total": 1
              }
            },
            {
              "batter": "LC Ngoepe",
              "bowler": "LB Williams",
              "non_striker": "S Qeshile",
              "runs": {
                "batter": 1,
                "extras": 0,
                "total": 1
              }
            },
            {
              "batter": "S Qeshile",
              "bowler": "LB Williams",
              "non_striker": "LC Ngoepe",
              "runs": {
                "batter": 1,
                "extras": 0,
                "total": 1
              },
              "wickets": [
                {
                  "player_out": "LC Ngoepe",
                  "fielders": [
                    {
                      "name": "Q de Kock"
                    },
                    {
                      "name": "A Gqamane"
                    }
                  ],
                  "kind": "run out"
                }
              ]
            }
          ]
        },
        {
          "over": 19,
          "deliveries": [
            {
              "batter": "S Qeshile",
              "bowler": "C Bosch",
              "non_striker": "T van Vuuren",
              "runs": {
                "batter": 0,
                "extras": 0,
                "total": 0
              }
            },
            {
              "batter": "S Qeshile",
              "bowler": "C Bosch",
              "non_striker": "T van Vuuren",
              "runs": {
                "batter": 1,
                "extras": 0,
                "total": 1
              }
            },
            {
              "batter": "T van Vuuren",
              "bowler": "C Bosch",
              "non_striker": "S Qeshile",
              "runs": {
                "batter": 0,
                "extras": 0,
                "total": 0
              },
              "wickets": [
                {
                  "player_out": "T van Vuuren",
                  "kind": "lbw"
                }
              ]
            },
            {
              "batter": "D Paterson",
              "bowler": "C Bosch",
              "extras": {
                "wides": 1
              },
              "non_striker": "S Qeshile",
              "runs": {
                "batter": 0,
                "extras": 1,
                "total": 1
              }
            },
            {
              "batter": "D Paterson",
              "bowler": "C Bosch",
              "non_striker": "S Qeshile",
              "runs": {
                "batter": 1,
                "extras": 0,
                "total": 1
              }
            },
            {
              "batter": "S Qeshile",
              "bowler": "C Bosch",
              "non_striker": "D Paterson",
              "runs": {
                "batter": 2,
                "extras": 0,
                "total": 2
              }
            },
            {
              "batter": "S Qeshile",
              "bowler": "C Bosch",
              "non_striker": "D Paterson",
              "runs": {
                "batter": 0,
                "extras": 0,
                "total": 0
              },
              "wickets": [
                {
                  "player_out": "S Qeshile",
                  "fielders": [
                    {
                      "name": "Q de Kock"
                    }
                  ],
                  "kind": "caught"
                }
              ]
            }
          ]
        }
      ],
      "powerplays": [
        {
          "from": 0.1,
          "to": 5.6,
          "type": "mandatory"
        }
      ]
    },
    {
      "team": "Titans",
      "overs": [
        {
          "over": 0,
          "deliveries": [
            {
              "batter": "Q de Kock",
              "bowler": "WJ Lubbe",
              "non_striker": "GL Cloete",
              "runs": {
                "batter": 0,
                "extras": 0,
                "total": 0
              }
            },
            {
              "batter": "Q de Kock",
              "bowler": "WJ Lubbe",
              "non_striker": "GL Cloete",
              "runs": {
                "batter": 0,
                "extras": 0,
                "total": 0
              },
              "wickets": [
                {
                  "player_out": "Q de Kock",
                  "fielders": [
                    {
                      "name": "D Paterson"
                    }
                  ],
                  "kind": "caught"
                }
              ]
            },
            {
              "batter": "TB de Bruyn",
              "bowler": "WJ Lubbe",
              "non_striker": "GL Cloete",
              "runs": {
                "batter": 1,
                "extras": 0,
                "total": 1
              }
            },
            {
              "batter": "GL Cloete",
              "bowler": "WJ Lubbe",
              "non_striker": "TB de Bruyn",
              "runs": {
                "batter": 1,
                "extras": 0,
                "total": 1
              }
            },
            {
              "batter": "TB de Bruyn",
              "bowler": "WJ Lubbe",
              "non_striker": "GL Cloete",
              "runs": {
                "batter": 0,
                "extras": 0,
                "total": 0
              }
            },
            {
              "batter": "TB de Bruyn",
              "bowler": "WJ Lubbe",
              "non_striker": "GL Cloete",
              "runs": {
                "batter": 4,
                "extras": 0,
                "total": 4
              }
            }
          ]
        },
        {
          "over": 1,
          "deliveries": [
            {
              "batter": "GL Cloete",
              "bowler": "D Paterson",
              "non_striker": "TB de Bruyn",
              "runs": {
                "batter": 1,
                "extras": 0,
                "total": 1
              }
            },
            {
              "batter": "TB de Bruyn",
              "bowler": "D Paterson",
              "non_striker": "GL Cloete",
              "runs": {
                "batter": 1,
                "extras": 0,
                "total": 1
              }
            },
            {
              "batter": "GL Cloete",
              "bowler": "D Paterson",
              "non_striker": "TB de Bruyn",
              "runs": {
                "batter": 4,
                "extras": 0,
                "total": 4
              }
            },
            {
              "batter": "GL Cloete",
              "bowler": "D Paterson",
              "extras": {
                "wides": 1
              },
              "non_striker": "TB de Bruyn",
              "runs": {
                "batter": 0,
                "extras": 1,
                "total": 1
              }
            },
            {
              "batter": "GL Cloete",
              "bowler": "D Paterson",
              "non_striker": "TB de Bruyn",
              "runs": {
                "batter": 1,
                "extras": 0,
                "total": 1
              }
            },
            {
              "batter": "TB de Bruyn",
              "bowler": "D Paterson",
              "non_striker": "GL Cloete",
              "runs": {
                "batter": 1,
                "extras": 0,
                "total": 1
              }
            },
            {
              "batter": "GL Cloete",
              "bowler": "D Paterson",
              "non_striker": "TB de Bruyn",
              "runs": {
                "batter": 4,
                "extras": 0,
                "total": 4
              }
            }
          ]
        },
        {
          "over": 2,
          "deliveries": [
            {
              "batter": "TB de Bruyn",
              "bowler": "M Nabe",
              "extras": {
                "wides": 5
              },
              "non_striker": "GL Cloete",
              "runs": {
                "batter": 0,
                "extras": 5,
                "total": 5
              }
            },
            {
              "batter": "TB de Bruyn",
              "bowler": "M Nabe",
              "non_striker": "GL Cloete",
              "runs": {
                "batter": 2,
                "extras": 0,
                "total": 2
              }
            },
            {
              "batter": "TB de Bruyn",
              "bowler": "M Nabe",
              "non_striker": "GL Cloete",
              "runs": {
                "batter": 4,
                "extras": 0,
                "total": 4
              }
            },
            {
              "batter": "TB de Bruyn",
              "bowler": "M Nabe",
              "non_striker": "GL Cloete",
              "runs": {
                "batter": 4,
                "extras": 0,
                "total": 4
              }
            },
            {
              "batter": "TB de Bruyn",
              "bowler": "M Nabe",
              "non_striker": "GL Cloete",
              "runs": {
                "batter": 0,
                "extras": 0,
                "total": 0
              },
              "wickets": [
                {
                  "player_out": "TB de Bruyn",
                  "fielders": [
                    {
                      "name": "S Qeshile"
                    }
                  ],
                  "kind": "caught"
                }
              ]
            },
            {
              "batter": "H Klaasen",
              "bowler": "M Nabe",
              "non_striker": "GL Cloete",
              "runs": {
                "batter": 1,
                "extras": 0,
                "total": 1
              }
            },
            {
              "batter": "GL Cloete",
              "bowler": "M Nabe",
              "non_striker": "H Klaasen",
              "runs": {
                "batter": 4,
                "extras": 0,
                "total": 4
              }
            }
          ]
        },
        {
          "over": 3,
          "deliveries": [
            {
              "batter": "H Klaasen",
              "bowler": "D Paterson",
              "non_striker": "GL Cloete",
              "runs": {
                "batter": 1,
                "extras": 0,
                "total": 1
              }
            },
            {
              "batter": "GL Cloete",
              "bowler": "D Paterson",
              "non_striker": "H Klaasen",
              "runs": {
                "batter": 0,
                "extras": 0,
                "total": 0
              }
            },
            {
              "batter": "GL Cloete",
              "bowler": "D Paterson",
              "extras": {
                "legbyes": 1
              },
              "non_striker": "H Klaasen",
              "runs": {
                "batter": 0,
                "extras": 1,
                "total": 1
              }
            },
            {
              "batter": "H Klaasen",
              "bowler": "D Paterson",
              "non_striker": "GL Cloete",
              "runs": {
                "batter": 4,
                "extras": 0,
                "total": 4
              }
            },
            {
              "batter": "H Klaasen",
              "bowler": "D Paterson",
              "non_striker": "GL Cloete",
              "runs": {
                "batter": 4,
                "extras": 0,
                "total": 4
              }
            },
            {
              "batter": "H Klaasen",
              "bowler": "D Paterson",
              "non_striker": "GL Cloete",
              "runs": {
                "batter": 2,
                "extras": 0,
                "total": 2
              }
            }
          ]
        },
        {
          "over": 4,
          "deliveries": [
            {
              "batter": "GL Cloete",
              "bowler": "Tsepo Ndwandwa",
              "non_striker": "H Klaasen",
              "runs": {
                "batter": 1,
                "extras": 0,
                "total": 1
              }
            },
            {
              "batter": "H Klaasen",
              "bowler": "Tsepo Ndwandwa",
              "non_striker": "GL Cloete",
              "runs": {
                "batter": 1,
                "extras": 0,
                "total": 1
              }
            },
            {
              "batter": "GL Cloete",
              "bowler": "Tsepo Ndwandwa",
              "non_striker": "H Klaasen",
              "runs": {
                "batter": 0,
                "extras": 0,
                "total": 0
              }
            },
            {
              "batter": "GL Cloete",
              "bowler": "Tsepo Ndwandwa",
              "non_striker": "H Klaasen",
              "runs": {
                "batter": 1,
                "extras": 0,
                "total": 1
              }
            },
            {
              "batter": "H Klaasen",
              "bowler": "Tsepo Ndwandwa",
              "non_striker": "GL Cloete",
              "runs": {
                "batter": 0,
                "extras": 0,
                "total": 0
              }
            },
            {
              "batter": "H Klaasen",
              "bowler": "Tsepo Ndwandwa",
              "non_striker": "GL Cloete",
              "runs": {
                "batter": 1,
                "extras": 0,
                "total": 1
              }
            }
          ]
        },
        {
          "over": 5,
          "deliveries": [
            {
              "batter": "H Klaasen",
              "bowler": "T van Vuuren",
              "non_striker": "GL Cloete",
              "runs": {
                "batter": 1,
                "extras": 0,
                "total": 1
              }
            },
            {
              "batter": "GL Cloete",
              "bowler": "T van Vuuren",
              "non_striker": "H Klaasen",
              "runs": {
                "batter": 1,
                "extras": 0,
                "total": 1
              }
            },
            {
              "batter": "H Klaasen",
              "bowler": "T van Vuuren",
              "non_striker": "GL Cloete",
              "runs": {
                "batter": 0,
                "extras": 0,
                "total": 0
              }
            },
            {
              "batter": "H Klaasen",
              "bowler": "T van Vuuren",
              "non_striker": "GL Cloete",
              "runs": {
                "batter": 0,
                "extras": 0,
                "total": 0
              }
            },
            {
              "batter": "H Klaasen",
              "bowler": "T van Vuuren",
              "non_striker": "GL Cloete",
              "runs": {
                "batter": 1,
                "extras": 0,
                "total": 1
              }
            },
            {
              "batter": "GL Cloete",
              "bowler": "T van Vuuren",
              "non_striker": "H Klaasen",
              "runs": {
                "batter": 0,
                "extras": 0,
                "total": 0
              }
            }
          ]
        },
        {
          "over": 6,
          "deliveries": [
            {
              "batter": "H Klaasen",
              "bowler": "Tsepo Ndwandwa",
              "non_striker": "GL Cloete",
              "runs": {
                "batter": 0,
                "extras": 0,
                "total": 0
              }
            },
            {
              "batter": "H Klaasen",
              "bowler": "Tsepo Ndwandwa",
              "non_striker": "GL Cloete",
              "runs": {
                "batter": 0,
                "extras": 0,
                "total": 0
              }
            },
            {
              "batter": "H Klaasen",
              "bowler": "Tsepo Ndwandwa",
              "non_striker": "GL Cloete",
              "runs": {
                "batter": 1,
                "extras": 0,
                "total": 1
              }
            },
            {
              "batter": "GL Cloete",
              "bowler": "Tsepo Ndwandwa",
              "non_striker": "H Klaasen",
              "runs": {
                "batter": 1,
                "extras": 0,
                "total": 1
              }
            },
            {
              "batter": "H Klaasen",
              "bowler": "Tsepo Ndwandwa",
              "non_striker": "GL Cloete",
              "runs": {
                "batter": 1,
                "extras": 0,
                "total": 1
              }
            },
            {
              "batter": "GL Cloete",
              "bowler": "Tsepo Ndwandwa",
              "non_striker": "H Klaasen",
              "runs": {
                "batter": 1,
                "extras": 0,
                "total": 1
              }
            }
          ]
        },
        {
          "over": 7,
          "deliveries": [
            {
              "batter": "GL Cloete",
              "bowler": "WJ Lubbe",
              "non_striker": "H Klaasen",
              "runs": {
                "batter": 1,
                "extras": 0,
                "total": 1
              }
            },
            {
              "batter": "H Klaasen",
              "bowler": "WJ Lubbe",
              "non_striker": "GL Cloete",
              "runs": {
                "batter": 1,
                "extras": 0,
                "total": 1
              }
            },
            {
              "batter": "GL Cloete",
              "bowler": "WJ Lubbe",
              "extras": {
                "wides": 5
              },
              "non_striker": "H Klaasen",
              "runs": {
                "batter": 0,
                "extras": 5,
                "total": 5
              }
            },
            {
              "batter": "GL Cloete",
              "bowler": "WJ Lubbe",
              "non_striker": "H Klaasen",
              "runs": {
                "batter": 0,
                "extras": 0,
                "total": 0
              }
            },
            {
              "batter": "GL Cloete",
              "bowler": "WJ Lubbe",
              "non_striker": "H Klaasen",
              "runs": {
                "batter": 0,
                "extras": 0,
                "total": 0
              }
            },
            {
              "batter": "GL Cloete",
              "bowler": "WJ Lubbe",
              "non_striker": "H Klaasen",
              "runs": {
                "batter": 2,
                "extras": 0,
                "total": 2
              }
            },
            {
              "batter": "GL Cloete",
              "bowler": "WJ Lubbe",
              "non_striker": "H Klaasen",
              "runs": {
                "batter": 0,
                "extras": 0,
                "total": 0
              },
              "wickets": [
                {
                  "player_out": "GL Cloete",
                  "kind": "caught and bowled"
                }
              ]
            }
          ]
        },
        {
          "over": 8,
          "deliveries": [
            {
              "batter": "H Klaasen",
              "bowler": "JT Smuts",
              "non_striker": "BS Makhanya",
              "runs": {
                "batter": 1,
                "extras": 0,
                "total": 1
              }
            },
            {
              "batter": "BS Makhanya",
              "bowler": "JT Smuts",
              "non_striker": "H Klaasen",
              "runs": {
                "batter": 1,
                "extras": 0,
                "total": 1
              }
            },
            {
              "batter": "H Klaasen",
              "bowler": "JT Smuts",
              "non_striker": "BS Makhanya",
              "runs": {
                "batter": 0,
                "extras": 0,
                "total": 0
              }
            },
            {
              "batter": "H Klaasen",
              "bowler": "JT Smuts",
              "non_striker": "BS Makhanya",
              "runs": {
                "batter": 0,
                "extras": 0,
                "total": 0
              },
              "wickets": [
                {
                  "player_out": "H Klaasen",
                  "kind": "lbw"
                }
              ]
            },
            {
              "batter": "D Ferreira",
              "bowler": "JT Smuts",
              "non_striker": "BS Makhanya",
              "runs": {
                "batter": 0,
                "extras": 0,
                "total": 0
              }
            },
            {
              "batter": "D Ferreira",
              "bowler": "JT Smuts",
              "non_striker": "BS Makhanya",
              "runs": {
                "batter": 0,
                "extras": 0,
                "total": 0
              }
            }
          ]
        },
        {
          "over": 9,
          "deliveries": [
            {
              "batter": "BS Makhanya",
              "bowler": "Tsepo Ndwandwa",
              "non_striker": "D Ferreira",
              "runs": {
                "batter": 1,
                "extras": 0,
                "total": 1
              }
            },
            {
              "batter": "D Ferreira",
              "bowler": "Tsepo Ndwandwa",
              "non_striker": "BS Makhanya",
              "runs": {
                "batter": 1,
                "extras": 0,
                "total": 1
              }
            },
            {
              "batter": "BS Makhanya",
              "bowler": "Tsepo Ndwandwa",
              "non_striker": "D Ferreira",
              "runs": {
                "batter": 1,
                "extras": 0,
                "total": 1
              }
            },
            {
              "batter": "D Ferreira",
              "bowler": "Tsepo Ndwandwa",
              "non_striker": "BS Makhanya",
              "runs": {
                "batter": 0,
                "extras": 0,
                "total": 0
              }
            },
            {
              "batter": "D Ferreira",
              "bowler": "Tsepo Ndwandwa",
              "non_striker": "BS Makhanya",
              "runs": {
                "batter": 0,
                "extras": 0,
                "total": 0
              }
            },
            {
              "batter": "D Ferreira",
              "bowler": "Tsepo Ndwandwa",
              "non_striker": "BS Makhanya",
              "runs": {
                "batter": 4,
                "extras": 0,
                "total": 4
              }
            }
          ]
        },
        {
          "over": 10,
          "deliveries": [
            {
              "batter": "BS Makhanya",
              "bowler": "JT Smuts",
              "non_striker": "D Ferreira",
              "runs": {
                "batter": 1,
                "extras": 0,
                "total": 1
              }
            },
            {
              "batter": "D Ferreira",
              "bowler": "JT Smuts",
              "non_striker": "BS Makhanya",
              "runs": {
                "batter": 0,
                "extras": 0,
                "total": 0
              }
            },
            {
              "batter": "D Ferreira",
              "bowler": "JT Smuts",
              "non_striker": "BS Makhanya",
              "runs": {
                "batter": 2,
                "extras": 0,
                "total": 2
              }
            },
            {
              "batter": "D Ferreira",
              "bowler": "JT Smuts",
              "non_striker": "BS Makhanya",
              "runs": {
                "batter": 1,
                "extras": 0,
                "total": 1
              }
            },
            {
              "batter": "BS Makhanya",
              "bowler": "JT Smuts",
              "non_striker": "D Ferreira",
              "runs": {
                "batter": 0,
                "extras": 0,
                "total": 0
              }
            },
            {
              "batter": "BS Makhanya",
              "bowler": "JT Smuts",
              "non_striker": "D Ferreira",
              "runs": {
                "batter": 0,
                "extras": 0,
                "total": 0
              }
            }
          ]
        },
        {
          "over": 11,
          "deliveries": [
            {
              "batter": "D Ferreira",
              "bowler": "T van Vuuren",
              "non_striker": "BS Makhanya",
              "runs": {
                "batter": 1,
                "extras": 0,
                "total": 1
              }
            },
            {
              "batter": "BS Makhanya",
              "bowler": "T van Vuuren",
              "non_striker": "D Ferreira",
              "runs": {
                "batter": 2,
                "extras": 0,
                "total": 2
              }
            },
            {
              "batter": "BS Makhanya",
              "bowler": "T van Vuuren",
              "non_striker": "D Ferreira",
              "runs": {
                "batter": 1,
                "extras": 0,
                "total": 1
              }
            },
            {
              "batter": "D Ferreira",
              "bowler": "T van Vuuren",
              "non_striker": "BS Makhanya",
              "runs": {
                "batter": 1,
                "extras": 0,
                "total": 1
              }
            },
            {
              "batter": "BS Makhanya",
              "bowler": "T van Vuuren",
              "non_striker": "D Ferreira",
              "runs": {
                "batter": 2,
                "extras": 0,
                "total": 2
              }
            },
            {
              "batter": "BS Makhanya",
              "bowler": "T van Vuuren",
              "non_striker": "D Ferreira",
              "runs": {
                "batter": 0,
                "extras": 0,
                "total": 0
              }
            }
          ]
        },
        {
          "over": 12,
          "deliveries": [
            {
              "batter": "D Ferreira",
              "bowler": "D Paterson",
              "non_striker": "BS Makhanya",
              "runs": {
                "batter": 4,
                "extras": 0,
                "total": 4
              }
            },
            {
              "batter": "D Ferreira",
              "bowler": "D Paterson",
              "non_striker": "BS Makhanya",
              "runs": {
                "batter": 1,
                "extras": 0,
                "total": 1
              }
            },
            {
              "batter": "BS Makhanya",
              "bowler": "D Paterson",
              "non_striker": "D Ferreira",
              "runs": {
                "batter": 1,
                "extras": 0,
                "total": 1
              }
            },
            {
              "batter": "D Ferreira",
              "bowler": "D Paterson",
              "non_striker": "BS Makhanya",
              "runs": {
                "batter": 1,
                "extras": 0,
                "total": 1
              }
            },
            {
              "batter": "BS Makhanya",
              "bowler": "D Paterson",
              "non_striker": "D Ferreira",
              "runs": {
                "batter": 4,
                "extras": 0,
                "total": 4
              }
            },
            {
              "batter": "BS Makhanya",
              "bowler": "D Paterson",
              "non_striker": "D Ferreira",
              "runs": {
                "batter": 2,
                "extras": 0,
                "total": 2
              }
            }
          ]
        },
        {
          "over": 13,
          "deliveries": [
            {
              "batter": "D Ferreira",
              "bowler": "Tsepo Ndwandwa",
              "non_striker": "BS Makhanya",
              "runs": {
                "batter": 1,
                "extras": 0,
                "total": 1
              }
            },
            {
              "batter": "BS Makhanya",
              "bowler": "Tsepo Ndwandwa",
              "non_striker": "D Ferreira",
              "runs": {
                "batter": 1,
                "extras": 0,
                "total": 1
              }
            },
            {
              "batter": "D Ferreira",
              "bowler": "Tsepo Ndwandwa",
              "non_striker": "BS Makhanya",
              "runs": {
                "batter": 4,
                "extras": 0,
                "total": 4
              }
            },
            {
              "batter": "D Ferreira",
              "bowler": "Tsepo Ndwandwa",
              "non_striker": "BS Makhanya",
              "runs": {
                "batter": 1,
                "extras": 0,
                "total": 1
              }
            },
            {
              "batter": "BS Makhanya",
              "bowler": "Tsepo Ndwandwa",
              "non_striker": "D Ferreira",
              "runs": {
                "batter": 1,
                "extras": 0,
                "total": 1
              }
            },
            {
              "batter": "D Ferreira",
              "bowler": "Tsepo Ndwandwa",
              "non_striker": "BS Makhanya",
              "runs": {
                "batter": 1,
                "extras": 0,
                "total": 1
              },
              "wickets": [
                {
                  "player_out": "BS Makhanya",
                  "fielders": [
                    {
                      "name": "DS Rosier"
                    }
                  ],
                  "kind": "run out"
                }
              ]
            }
          ]
        },
        {
          "over": 14,
          "deliveries": [
            {
              "batter": "A Gqamane",
              "bowler": "JT Smuts",
              "non_striker": "D Ferreira",
              "runs": {
                "batter": 0,
                "extras": 0,
                "total": 0
              }
            },
            {
              "batter": "A Gqamane",
              "bowler": "JT Smuts",
              "non_striker": "D Ferreira",
              "runs": {
                "batter": 0,
                "extras": 0,
                "total": 0
              }
            },
            {
              "batter": "A Gqamane",
              "bowler": "JT Smuts",
              "non_striker": "D Ferreira",
              "runs": {
                "batter": 0,
                "extras": 0,
                "total": 0
              }
            },
            {
              "batter": "A Gqamane",
              "bowler": "JT Smuts",
              "non_striker": "D Ferreira",
              "runs": {
                "batter": 1,
                "extras": 0,
                "total": 1
              }
            },
            {
              "batter": "D Ferreira",
              "bowler": "JT Smuts",
              "non_striker": "A Gqamane",
              "runs": {
                "batter": 0,
                "extras": 0,
                "total": 0
              }
            },
            {
              "batter": "D Ferreira",
              "bowler": "JT Smuts",
              "non_striker": "A Gqamane",
              "runs": {
                "batter": 1,
                "extras": 0,
                "total": 1
              }
            }
          ]
        },
        {
          "over": 15,
          "deliveries": [
            {
              "batter": "D Ferreira",
              "bowler": "M Nabe",
              "non_striker": "A Gqamane",
              "runs": {
                "batter": 4,
                "extras": 0,
                "total": 4
              }
            },
            {
              "batter": "D Ferreira",
              "bowler": "M Nabe",
              "non_striker": "A Gqamane",
              "runs": {
                "batter": 1,
                "extras": 0,
                "total": 1
              }
            },
            {
              "batter": "A Gqamane",
              "bowler": "M Nabe",
              "non_striker": "D Ferreira",
              "runs": {
                "batter": 1,
                "extras": 0,
                "total": 1
              }
            },
            {
              "batter": "D Ferreira",
              "bowler": "M Nabe",
              "non_striker": "A Gqamane",
              "runs": {
                "batter": 2,
                "extras": 0,
                "total": 2
              }
            },
            {
              "batter": "D Ferreira",
              "bowler": "M Nabe",
              "non_striker": "A Gqamane",
              "runs": {
                "batter": 1,
                "extras": 0,
                "total": 1
              }
            },
            {
              "batter": "A Gqamane",
              "bowler": "M Nabe",
              "non_striker": "D Ferreira",
              "runs": {
                "batter": 0,
                "extras": 0,
                "total": 0
              },
              "wickets": [
                {
                  "player_out": "A Gqamane",
                  "fielders": [
                    {
                      "name": "DS Rosier"
                    }
                  ],
                  "kind": "caught"
                }
              ]
            }
          ]
        },
        {
          "over": 16,
          "deliveries": [
            {
              "batter": "C Bosch",
              "bowler": "JT Smuts",
              "non_striker": "D Ferreira",
              "runs": {
                "batter": 1,
                "extras": 0,
                "total": 1
              }
            },
            {
              "batter": "D Ferreira",
              "bowler": "JT Smuts",
              "non_striker": "C Bosch",
              "runs": {
                "batter": 1,
                "extras": 0,
                "total": 1
              }
            },
            {
              "batter": "C Bosch",
              "bowler": "JT Smuts",
              "non_striker": "D Ferreira",
              "runs": {
                "batter": 0,
                "extras": 0,
                "total": 0
              }
            },
            {
              "batter": "C Bosch",
              "bowler": "JT Smuts",
              "non_striker": "D Ferreira",
              "runs": {
                "batter": 1,
                "extras": 0,
                "total": 1
              }
            },
            {
              "batter": "D Ferreira",
              "bowler": "JT Smuts",
              "non_striker": "C Bosch",
              "runs": {
                "batter": 1,
                "extras": 0,
                "total": 1
              }
            },
            {
              "batter": "C Bosch",
              "bowler": "JT Smuts",
              "non_striker": "D Ferreira",
              "runs": {
                "batter": 0,
                "extras": 0,
                "total": 0
              }
            }
          ]
        },
        {
          "over": 17,
          "deliveries": [
            {
              "batter": "D Ferreira",
              "bowler": "T van Vuuren",
              "non_striker": "C Bosch",
              "runs": {
                "batter": 0,
                "extras": 0,
                "total": 0
              }
            },
            {
              "batter": "D Ferreira",
              "bowler": "T van Vuuren",
              "non_striker": "C Bosch",
              "runs": {
                "batter": 2,
                "extras": 0,
                "total": 2
              }
            },
            {
              "batter": "D Ferreira",
              "bowler": "T van Vuuren",
              "non_striker": "C Bosch",
              "runs": {
                "batter": 2,
                "extras": 0,
                "total": 2
              }
            },
            {
              "batter": "D Ferreira",
              "bowler": "T van Vuuren",
              "non_striker": "C Bosch",
              "runs": {
                "batter": 4,
                "extras": 0,
                "total": 4
              }
            },
            {
              "batter": "D Ferreira",
              "bowler": "T van Vuuren",
              "non_striker": "C Bosch",
              "runs": {
                "batter": 4,
                "extras": 0,
                "total": 4
              }
            },
            {
              "batter": "D Ferreira",
              "bowler": "T van Vuuren",
              "non_striker": "C Bosch",
              "runs": {
                "batter": 1,
                "extras": 0,
                "total": 1
              }
            }
          ]
        },
        {
          "over": 18,
          "deliveries": [
            {
              "batter": "D Ferreira",
              "bowler": "D Paterson",
              "non_striker": "C Bosch",
              "runs": {
                "batter": 0,
                "extras": 0,
                "total": 0
              }
            },
            {
              "batter": "D Ferreira",
              "bowler": "D Paterson",
              "non_striker": "C Bosch",
              "runs": {
                "batter": 4,
                "extras": 0,
                "total": 4
              }
            },
            {
              "batter": "D Ferreira",
              "bowler": "D Paterson",
              "non_striker": "C Bosch",
              "runs": {
                "batter": 1,
                "extras": 0,
                "total": 1
              }
            },
            {
              "batter": "C Bosch",
              "bowler": "D Paterson",
              "non_striker": "D Ferreira",
              "runs": {
                "batter": 0,
                "extras": 0,
                "total": 0
              },
              "wickets": [
                {
                  "player_out": "C Bosch",
                  "kind": "bowled"
                }
              ]
            },
            {
              "batter": "AM Phangiso",
              "bowler": "D Paterson",
              "non_striker": "D Ferreira",
              "runs": {
                "batter": 0,
                "extras": 0,
                "total": 0
              }
            },
            {
              "batter": "AM Phangiso",
              "bowler": "D Paterson",
              "non_striker": "D Ferreira",
              "runs": {
                "batter": 0,
                "extras": 0,
                "total": 0
              },
              "wickets": [
                {
                  "player_out": "AM Phangiso",
                  "fielders": [
                    {
                      "name": "S Qeshile"
                    }
                  ],
                  "kind": "caught"
                }
              ]
            }
          ]
        },
        {
          "over": 19,
          "deliveries": [
            {
              "batter": "D Ferreira",
              "bowler": "T van Vuuren",
              "non_striker": "LB Williams",
              "runs": {
                "batter": 4,
                "extras": 0,
                "total": 4
              }
            },
            {
              "batter": "D Ferreira",
              "bowler": "T van Vuuren",
              "non_striker": "LB Williams",
              "runs": {
                "batter": 2,
                "extras": 0,
                "total": 2
              }
            },
            {
              "batter": "D Ferreira",
              "bowler": "T van Vuuren",
              "non_striker": "LB Williams",
              "runs": {
                "batter": 1,
                "extras": 0,
                "total": 1
              }
            },
            {
              "batter": "LB Williams",
              "bowler": "T van Vuuren",
              "extras": {
                "legbyes": 1
              },
              "non_striker": "D Ferreira",
              "runs": {
                "batter": 0,
                "extras": 1,
                "total": 1
              }
            },
            {
              "batter": "D Ferreira",
              "bowler": "T van Vuuren",
              "non_striker": "LB Williams",
              "runs": {
                "batter": 0,
                "extras": 0,
                "total": 0
              }
            },
            {
              "batter": "D Ferreira",
              "bowler": "T van Vuuren",
              "non_striker": "LB Williams",
              "runs": {
                "batter": 1,
                "extras": 0,
                "total": 1
              }
            }
          ]
        }
      ],
      "powerplays": [
        {
          "from": 0.1,
          "to": 5.6,
          "type": "mandatory"
        }
      ],
      "target": {
        "overs": 20,
        "runs": 164
      }
    }
  ]
}