{
  "meta": {
    "data_version": "1.1.0",
    "created": "2022-11-02",
    "revision": 1
  },
  "info": {
    "balls_per_over": 6,
    "city": "Potchefstroom",
    "dates": [
      "2022-11-02"
    ],
    "event": {
      "name": "CSA T20 Challenge",
      "stage": "Semi Final"
    },
    "gender": "male",
    "match_type": "T20",
    "missing": [
      "player_of_match"
    ],
    "officials": {
      "match_referees": [
        "S Wadvalla"
      ],
      "reserve_umpires": [
        "DJ Smith"
      ],
      "tv_umpires": [
        "BP Jele"
      ],
      "umpires": [
        "Siphelele Gasa",
        "Stephen Harris"
      ]
    },
    "outcome": {
      "winner": "Titans",
      "by": {
        "runs": 38
      }
    },
    "overs": 20,
    "players": {
      "Titans": [
        "D Brevis",
        "J Pillay",
        "TB de Bruyn",
        "BS Makhanya",
        "D Ferreira",
        "N Brand",
        "Dayyaan Galiem",
        "A Gqamane",
        "SR Harmer",
        "CJ Dala",
        "AM Phangiso"
      ],
      "Knights": [
        "GL Cloete",
        "GJ Snyman",
        "AR Swanepoel",
        "R van Tonder",
        "PE Kruger",
        "PJ van Biljon",
        "G Coetzee",
        "M Pretorius",
        "I Dikgale",
        "SA Mothoa",
        "M Budaza"
      ]
    },
    "registry": {
      "people": {
        "A Gqamane": "a83c44b8",
        "AM Phangiso": "7f8ecc51",
        "AR Swanepoel": "cba5185d",
        "BP Jele": "7bb1331e",
        "BS Makhanya": "1b42a100",
        "C Bosch": "172dff15",
        "CJ Dala": "1cb14aa4",
        "D Brevis": "844e79d1",
        "D Ferreira": "f0af99a7",
        "DJ Smith": "d17bec15",
        "Dayyaan Galiem": "47c449c5",
        "G Coetzee": "3204c99f",
        "GJ Snyman": "a3ae63f4",
        "GL Cloete": "3bf40832",
        "I Dikgale": "f3fe6653",
        "J Pillay": "230f5cea",
        "M Boast": "2f838fa4",
        "M Budaza": "1d105638",
        "M Pretorius": "54c2b697",
        "N Brand": "68790da2",
        "PE Kruger": "39181592",
        "PJ van Biljon": "4025c262",
        "R van Tonder": "0ba03cec",
        "S Wadvalla": "c1a1acf3",
        "SA Mothoa": "ea1eba98",
        "SR Harmer": "23638956",
        "Siphelele Gasa": "e50baa87",
        "Stephen Harris": "fdcfd4aa",
        "TB de Bruyn": "90d6cdea"
      }
    },
    "season": "2022/23",
    "team_type": "club",
    "teams": [
      "Titans",
      "Knights"
    ],
    "toss": {
      "decision": "bat",
      "winner": "Titans"
    },
    "venue": "Senwes Park, Potchefstroom"
  },
  "innings": [
    {
      "team": "Titans",
      "overs": [
        {
          "over": 0,
          "deliveries": [
            {
              "batter": "D Brevis",
              "bowler": "G Coetzee",
              "extras": {
                "wides": 1
              },
              "non_striker": "J Pillay",
              "runs": {
                "batter": 0,
                "extras": 1,
                "total": 1
              }
            },
            {
              "batter": "D Brevis",
              "bowler": "G Coetzee",
              "non_striker": "J Pillay",
              "runs": {
                "batter": 2,
                "extras": 0,
                "total": 2
              }
            },
            {
              "batter": "D Brevis",
              "bowler": "G Coetzee",
              "non_striker": "J Pillay",
              "runs": {
                "batter": 0,
                "extras": 0,
                "total": 0
              }
            },
            {
              "batter": "D Brevis",
              "bowler": "G Coetzee",
              "non_striker": "J Pillay",
              "runs": {
                "batter": 0,
                "extras": 0,
                "total": 0
              }
            },
            {
              "batter": "D Brevis",
              "bowler": "G Coetzee",
              "non_striker": "J Pillay",
              "runs": {
                "batter": 2,
                "extras": 0,
                "total": 2
              }
            },
            {
              "batter": "D Brevis",
              "bowler": "G Coetzee",
              "extras": {
                "wides": 1
              },
              "non_striker": "J Pillay",
              "runs": {
                "batter": 0,
                "extras": 1,
                "total": 1
              }
            },
            {
              "batter": "D Brevis",
              "bowler": "G Coetzee",
              "extras": {
                "wides": 1
              },
              "non_striker": "J Pillay",
              "runs": {
                "batter": 0,
                "extras": 1,
                "total": 1
              }
            },
            {
              "batter": "D Brevis",
              "bowler": "G Coetzee",
              "non_striker": "J Pillay",
              "runs": {
                "batter": 0,
                "extras": 0,
                "total": 0
              }
            },
            {
              "batter": "D Brevis",
              "bowler": "G Coetzee",
              "non_striker": "J Pillay",
              "runs": {
                "batter": 0,
                "extras": 0,
                "total": 0
              }
            }
          ]
        },
        {
          "over": 1,
          "deliveries": [
            {
              "batter": "J Pillay",
              "bowler": "M Budaza",
              "extras": {
                "wides": 1
              },
              "non_striker": "D Brevis",
              "runs": {
                "batter": 0,
                "extras": 1,
                "total": 1
              }
            },
            {
              "batter": "J Pillay",
              "bowler": "M Budaza",
              "non_striker": "D Brevis",
              "runs": {
                "batter": 0,
                "extras": 0,
                "total": 0
              }
            },
            {
              "batter": "J Pillay",
              "bowler": "M Budaza",
              "non_striker": "D Brevis",
              "runs": {
                "batter": 0,
                "extras": 0,
                "total": 0
              }
            },
            {
              "batter": "J Pillay",
              "bowler": "M Budaza",
              "non_striker": "D Brevis",
              "runs": {
                "batter": 4,
                "extras": 0,
                "total": 4
              }
            },
            {
              "batter": "J Pillay",
              "bowler": "M Budaza",
              "non_striker": "D Brevis",
              "runs": {
                "batter": 1,
                "extras": 0,
                "total": 1
              }
            },
            {
              "batter": "D Brevis",
              "bowler": "M Budaza",
              "non_striker": "J Pillay",
              "runs": {
                "batter": 4,
                "extras": 0,
                "total": 4
              }
            },
            {
              "batter": "D Brevis",
              "bowler": "M Budaza",
              "non_striker": "J Pillay",
              "runs": {
                "batter": 0,
                "extras": 0,
                "total": 0
              }
            }
          ]
        },
        {
          "over": 2,
          "deliveries": [
            {
              "batter": "J Pillay",
              "bowler": "G Coetzee",
              "non_striker": "D Brevis",
              "runs": {
                "batter": 0,
                "extras": 0,
                "total": 0
              }
            },
            {
              "batter": "J Pillay",
              "bowler": "G Coetzee",
              "non_striker": "D Brevis",
              "runs": {
                "batter": 1,
                "extras": 0,
                "total": 1
              }
            },
            {
              "batter": "D Brevis",
              "bowler": "G Coetzee",
              "non_striker": "J Pillay",
              "runs": {
                "batter": 1,
                "extras": 0,
                "total": 1
              }
            },
            {
              "batter": "J Pillay",
              "bowler": "G Coetzee",
              "non_striker": "D Brevis",
              "runs": {
                "batter": 6,
                "extras": 0,
                "total": 6
              }
            },
            {
              "batter": "J Pillay",
              "bowler": "G Coetzee",
              "non_striker": "D Brevis",
              "runs": {
                "batter": 0,
                "extras": 0,
                "total": 0
              }
            },
            {
              "batter": "J Pillay",
              "bowler": "G Coetzee",
              "non_striker": "D Brevis",
              "runs": {
                "batter": 1,
                "extras": 0,
                "total": 1
              }
            }
          ]
        },
        {
          "over": 3,
          "deliveries": [
            {
              "batter": "J Pillay",
              "bowler": "M Pretorius",
              "non_striker": "D Brevis",
              "runs": {
                "batter": 0,
                "extras": 0,
                "total": 0
              }
            },
            {
              "batter": "J Pillay",
              "bowler": "M Pretorius",
              "non_striker": "D Brevis",
              "runs": {
                "batter": 4,
                "extras": 0,
                "total": 4
              }
            },
            {
              "batter": "J Pillay",
              "bowler": "M Pretorius",
              "non_striker": "D Brevis",
              "runs": {
                "batter": 4,
                "extras": 0,
                "total": 4
              }
            },
            {
              "batter": "J Pillay",
              "bowler": "M Pretorius",
              "non_striker": "D Brevis",
              "runs": {
                "batter": 1,
                "extras": 0,
                "total": 1
              }
            },
            {
              "batter": "D Brevis",
              "bowler": "M Pretorius",
              "non_striker": "J Pillay",
              "runs": {
                "batter": 0,
                "extras": 0,
                "total": 0
              },
              "wickets": [
                {
                  "player_out": "D Brevis",
                  "fielders": [
                    {
                      "name": "PE Kruger"
                    }
                  ],
                  "kind": "caught"
                }
              ]
            },
            {
              "batter": "TB de Bruyn",
              "bowler": "M Pretorius",
              "non_striker": "J Pillay",
              "runs": {
                "batter": 2,
                "extras": 0,
                "total": 2
              }
            }
          ]
        },
        {
          "over": 4,
          "deliveries": [
            {
              "batter": "J Pillay",
              "bowler": "SA Mothoa",
              "non_striker": "TB de Bruyn",
              "runs": {
                "batter": 1,
                "extras": 0,
                "total": 1
              }
            },
            {
              "batter": "TB de Bruyn",
              "bowler": "SA Mothoa",
              "non_striker": "J Pillay",
              "runs": {
                "batter": 1,
                "extras": 0,
                "total": 1
              }
            },
            {
              "batter": "J Pillay",
              "bowler": "SA Mothoa",
              "non_striker": "TB de Bruyn",
              "runs": {
                "batter": 2,
                "extras": 0,
                "total": 2
              }
            },
            {
              "batter": "J Pillay",
              "bowler": "SA Mothoa",
              "non_striker": "TB de Bruyn",
              "runs": {
                "batter": 0,
                "extras": 0,
                "total": 0
              }
            },
            {
              "batter": "J Pillay",
              "bowler": "SA Mothoa",
              "non_striker": "TB de Bruyn",
              "runs": {
                "batter": 4,
                "extras": 0,
                "total": 4
              }
            },
            {
              "batter": "J Pillay",
              "bowler": "SA Mothoa",
              "non_striker": "TB de Bruyn",
              "runs": {
                "batter": 0,
                "extras": 0,
                "total": 0
              }
            }
          ]
        },
        {
          "over": 5,
          "deliveries": [
            {
              "batter": "TB de Bruyn",
              "bowler": "M Pretorius",
              "non_striker": "J Pillay",
              "runs": {
                "batter": 4,
                "extras": 0,
                "total": 4
              }
            },
            {
              "batter": "TB de Bruyn",
              "bowler": "M Pretorius",
              "non_striker": "J Pillay",
              "runs": {
                "batter": 0,
                "extras": 0,
                "total": 0
              }
            },
            {
              "batter": "TB de Bruyn",
              "bowler": "M Pretorius",
              "non_striker": "J Pillay",
              "runs": {
                "batter": 1,
                "extras": 0,
                "total": 1
              }
            },
            {
              "batter": "J Pillay",
              "bowler": "M Pretorius",
              "non_striker": "TB de Bruyn",
              "runs": {
                "batter": 0,
                "extras": 0,
                "total": 0
              }
            },
            {
              "batter": "J Pillay",
              "bowler": "M Pretorius",
              "non_striker": "TB de Bruyn",
              "runs": {
                "batter": 1,
                "extras": 0,
                "total": 1
              }
            },
            {
              "batter": "TB de Bruyn",
              "bowler": "M Pretorius",
              "non_striker": "J Pillay",
              "runs": {
                "batter": 0,
                "extras": 0,
                "total": 0
              }
            }
          ]
        },
        {
          "over": 6,
          "deliveries": [
            {
              "batter": "J Pillay",
              "bowler": "GJ Snyman",
              "non_striker": "TB de Bruyn",
              "runs": {
                "batter": 1,
                "extras": 0,
                "total": 1
              }
            },
            {
              "batter": "TB de Bruyn",
              "bowler": "GJ Snyman",
              "non_striker": "J Pillay",
              "runs": {
                "batter": 1,
                "extras": 0,
                "total": 1
              }
            },
            {
              "batter": "J Pillay",
              "bowler": "GJ Snyman",
              "non_striker": "TB de Bruyn",
              "runs": {
                "batter": 0,
                "extras": 0,
                "total": 0
              }
            },
            {
              "batter": "J Pillay",
              "bowler": "GJ Snyman",
              "non_striker": "TB de Bruyn",
              "runs": {
                "batter": 2,
                "extras": 0,
                "total": 2
              }
            },
            {
              "batter": "J Pillay",
              "bowler": "GJ Snyman",
              "non_striker": "TB de Bruyn",
              "runs": {
                "batter": 0,
                "extras": 0,
                "total": 0
              },
              "wickets": [
                {
                  "player_out": "J Pillay",
                  "fielders": [
                    {
                      "name": "G Coetzee"
                    }
                  ],
                  "kind": "caught"
                }
              ]
            },
            {
              "batter": "BS Makhanya",
              "bowler": "GJ Snyman",
              "non_striker": "TB de Bruyn",
              "runs": {
                "batter": 0,
                "extras": 0,
                "total": 0
              }
            }
          ]
        },
        {
          "over": 7,
          "deliveries": [
            {
              "batter": "TB de Bruyn",
              "bowler": "AR Swanepoel",
              "non_striker": "BS Makhanya",
              "runs": {
                "batter": 0,
                "extras": 0,
                "total": 0
              }
            },
            {
              "batter": "TB de Bruyn",
              "bowler": "AR Swanepoel",
              "non_striker": "BS Makhanya",
              "runs": {
                "batter": 0,
                "extras": 0,
                "total": 0
              }
            },
            {
              "batter": "TB de Bruyn",
              "bowler": "AR Swanepoel",
              "non_striker": "BS Makhanya",
              "runs": {
                "batter": 4,
                "extras": 0,
                "total": 4
              }
            },
            {
              "batter": "TB de Bruyn",
              "bowler": "AR Swanepoel",
              "non_striker": "BS Makhanya",
              "runs": {
                "batter": 6,
                "extras": 0,
                "total": 6
              }
            },
            {
              "batter": "TB de Bruyn",
              "bowler": "AR Swanepoel",
              "non_striker": "BS Makhanya",
              "runs": {
                "batter": 4,
                "extras": 0,
                "total": 4
              }
            },
            {
              "batter": "TB de Bruyn",
              "bowler": "AR Swanepoel",
              "non_striker": "BS Makhanya",
              "runs": {
                "batter": 1,
                "extras": 0,
                "total": 1
              }
            }
          ]
        },
        {
          "over": 8,
          "deliveries": [
            {
              "batter": "TB de Bruyn",
              "bowler": "GJ Snyman",
              "non_striker": "BS Makhanya",
              "runs": {
                "batter": 1,
                "extras": 0,
                "total": 1
              }
            },
            {
              "batter": "BS Makhanya",
              "bowler": "GJ Snyman",
              "non_striker": "TB de Bruyn",
              "runs": {
                "batter": 0,
                "extras": 0,
                "total": 0
              }
            },
            {
              "batter": "BS Makhanya",
              "bowler": "GJ Snyman",
              "non_striker": "TB de Bruyn",
              "runs": {
                "batter": 0,
                "extras": 0,
                "total": 0
              }
            },
            {
              "batter": "BS Makhanya",
              "bowler": "GJ Snyman",
              "non_striker": "TB de Bruyn",
              "runs": {
                "batter": 0,
                "extras": 0,
                "total": 0
              }
            },
            {
              "batter": "BS Makhanya",
              "bowler": "GJ Snyman",
              "non_striker": "TB de Bruyn",
              "runs": {
                "batter": 0,
                "extras": 0,
                "total": 0
              }
            },
            {
              "batter": "BS Makhanya",
              "bowler": "GJ Snyman",
              "non_striker": "TB de Bruyn",
              "runs": {
                "batter": 1,
                "extras": 0,
                "total": 1
              }
            }
          ]
        },
        {
          "over": 9,
          "deliveries": [
            {
              "batter": "BS Makhanya",
              "bowler": "M Budaza",
              "non_striker": "TB de Bruyn",
              "runs": {
                "batter": 0,
                "extras": 0,
                "total": 0
              }
            },
            {
              "batter": "BS Makhanya",
              "bowler": "M Budaza",
              "non_striker": "TB de Bruyn",
              "runs": {
                "batter": 1,
                "extras": 0,
                "total": 1
              }
            },
            {
              "batter": "TB de Bruyn",
              "bowler": "M Budaza",
              "non_striker": "BS Makhanya",
              "runs": {
                "batter": 0,
                "extras": 0,
                "total": 0
              }
            },
            {
              "batter": "TB de Bruyn",
              "bowler": "M Budaza",
              "non_striker": "BS Makhanya",
              "runs": {
                "batter": 0,
                "extras": 0,
                "total": 0
              }
            },
            {
              "batter": "TB de Bruyn",
              "bowler": "M Budaza",
              "non_striker": "BS Makhanya",
              "runs": {
                "batter": 0,
                "extras": 0,
                "total": 0
              }
            },
            {
              "batter": "TB de Bruyn",
              "bowler": "M Budaza",
              "non_striker": "BS Makhanya",
              "runs": {
                "batter": 1,
                "extras": 0,
                "total": 1
              }
            }
          ]
        },
        {
          "over": 10,
          "deliveries": [
            {
              "batter": "TB de Bruyn",
              "bowler": "SA Mothoa",
              "non_striker": "BS Makhanya",
              "runs": {
                "batter": 0,
                "extras": 0,
                "total": 0
              }
            },
            {
              "batter": "TB de Bruyn",
              "bowler": "SA Mothoa",
              "non_striker": "BS Makhanya",
              "runs": {
                "batter": 4,
                "extras": 0,
                "total": 4
              }
            },
            {
              "batter": "TB de Bruyn",
              "bowler": "SA Mothoa",
              "non_striker": "BS Makhanya",
              "runs": {
                "batter": 2,
                "extras": 0,
                "total": 2
              }
            },
            {
              "batter": "TB de Bruyn",
              "bowler": "SA Mothoa",
              "non_striker": "BS Makhanya",
              "runs": {
                "batter": 2,
                "extras": 0,
                "total": 2
              }
            },
            {
              "batter": "TB de Bruyn",
              "bowler": "SA Mothoa",
              "non_striker": "BS Makhanya",
              "runs": {
                "batter": 1,
                "extras": 0,
                "total": 1
              }
            },
            {
              "batter": "BS Makhanya",
              "bowler": "SA Mothoa",
              "non_striker": "TB de Bruyn",
              "runs": {
                "batter": 0,
                "extras": 0,
                "total": 0
              }
            }
          ]
        },
        {
          "over": 11,
          "deliveries": [
            {
              "batter": "TB de Bruyn",
              "bowler": "M Budaza",
              "non_striker": "BS Makhanya",
              "runs": {
                "batter": 0,
                "extras": 0,
                "total": 0
              }
            },
            {
              "batter": "TB de Bruyn",
              "bowler": "M Budaza",
              "extras": {
                "legbyes": 1
              },
              "non_striker": "BS Makhanya",
              "runs": {
                "batter": 0,
                "extras": 1,
                "total": 1
              }
            },
            {
              "batter": "BS Makhanya",
              "bowler": "M Budaza",
              "non_striker": "TB de Bruyn",
              "runs": {
                "batter": 1,
                "extras": 0,
                "total": 1
              }
            },
            {
              "batter": "TB de Bruyn",
              "bowler": "M Budaza",
              "non_striker": "BS Makhanya",
              "runs": {
                "batter": 0,
                "extras": 0,
                "total": 0
              }
            },
            {
              "batter": "TB de Bruyn",
              "bowler": "M Budaza",
              "non_striker": "BS Makhanya",
              "runs": {
                "batter": 1,
                "extras": 0,
                "total": 1
              }
            },
            {
              "batter": "BS Makhanya",
              "bowler": "M Budaza",
              "non_striker": "TB de Bruyn",
              "runs": {
                "batter": 1,
                "extras": 0,
                "total": 1
              }
            }
          ]
        },
        {
          "over": 12,
          "deliveries": [
            {
              "batter": "BS Makhanya",
              "bowler": "M Pretorius",
              "non_striker": "TB de Bruyn",
              "runs": {
                "batter": 4,
                "extras": 0,
                "total": 4
              }
            },
            {
              "batter": "BS Makhanya",
              "bowler": "M Pretorius",
              "non_striker": "TB de Bruyn",
              "runs": {
                "batter": 0,
                "extras": 0,
                "total": 0
              }
            },
            {
              "batter": "BS Makhanya",
              "bowler": "M Pretorius",
              "non_striker": "TB de Bruyn",
              "runs": {
                "batter": 4,
                "extras": 0,
                "total": 4
              }
            },
            {
              "batter": "BS Makhanya",
              "bowler": "M Pretorius",
              "non_striker": "TB de Bruyn",
              "runs": {
                "batter": 2,
                "extras": 0,
                "total": 2
              }
            },
            {
              "batter": "BS Makhanya",
              "bowler": "M Pretorius",
              "non_striker": "TB de Bruyn",
              "runs": {
                "batter": 0,
                "extras": 0,
                "total": 0
              }
            },
            {
              "batter": "BS Makhanya",
              "bowler": "M Pretorius",
              "non_striker": "TB de Bruyn",
              "runs": {
                "batter": 6,
                "extras": 0,
                "total": 6
              }
            }
          ]
        },
        {
          "over": 13,
          "deliveries": [
            {
              "batter": "TB de Bruyn",
              "bowler": "M Budaza",
              "non_striker": "BS Makhanya",
              "runs": {
                "batter": 0,
                "extras": 0,
                "total": 0
              },
              "wickets": [
                {
                  "player_out": "TB de Bruyn",
                  "fielders": [
                    {
                      "name": "I Dikgale"
                    }
                  ],
                  "kind": "caught"
                }
              ]
            },
            {
              "batter": "D Ferreira",
              "bowler": "M Budaza",
              "non_striker": "BS Makhanya",
              "runs": {
                "batter": 0,
                "extras": 0,
                "total": 0
              }
            },
            {
              "batter": "D Ferreira",
              "bowler": "M Budaza",
              "non_striker": "BS Makhanya",
              "runs": {
                "batter": 1,
                "extras": 0,
                "total": 1
              }
            },
            {
              "batter": "BS Makhanya",
              "bowler": "M Budaza",
              "non_striker": "D Ferreira",
              "runs": {
                "batter": 4,
                "extras": 0,
                "total": 4
              }
            },
            {
              "batter": "BS Makhanya",
              "bowler": "M Budaza",
              "non_striker": "D Ferreira",
              "runs": {
                "batter": 1,
                "extras": 0,
                "total": 1
              }
            },
            {
              "batter": "D Ferreira",
              "bowler": "M Budaza",
              "non_striker": "BS Makhanya",
              "runs": {
                "batter": 1,
                "extras": 0,
                "total": 1
              }
            }
          ]
        },
        {
          "over": 14,
          "deliveries": [
            {
              "batter": "D Ferreira",
              "bowler": "G Coetzee",
              "non_striker": "BS Makhanya",
              "runs": {
                "batter": 2,
                "extras": 0,
                "total": 2
              }
            },
            {
              "batter": "D Ferreira",
              "bowler": "G Coetzee",
              "non_striker": "BS Makhanya",
              "runs": {
                "batter": 0,
                "extras": 0,
                "total": 0
              }
            },
            {
              "batter": "D Ferreira",
              "bowler": "G Coetzee",
              "non_striker": "BS Makhanya",
              "runs": {
                "batter": 0,
                "extras": 0,
                "total": 0
              }
            },
            {
              "batter": "D Ferreira",
              "bowler": "G Coetzee",
              "extras": {
                "wides": 1
              },
              "non_striker": "BS Makhanya",
              "runs": {
                "batter": 0,
                "extras": 1,
                "total": 1
              }
            },
            {
              "batter": "D Ferreira",
              "bowler": "G Coetzee",
              "non_striker": "BS Makhanya",
              "runs": {
                "batter": 4,
                "extras": 0,
                "total": 4
              }
            },
            {
              "batter": "D Ferreira",
              "bowler": "G Coetzee",
              "non_striker": "BS Makhanya",
              "runs": {
                "batter": 0,
                "extras": 0,
                "total": 0
              },
              "wickets": [
                {
                  "player_out": "D Ferreira",
                  "fielders": [
                    {
                      "name": "PE Kruger"
                    }
                  ],
                  "kind": "caught"
                }
              ]
            },
            {
              "batter": "N Brand",
              "bowler": "G Coetzee",
              "non_striker": "BS Makhanya",
              "runs": {
                "batter": 0,
                "extras": 0,
                "total": 0
              }
            }
          ]
        },
        {
          "over": 15,
          "deliveries": [
            {
              "batter": "BS Makhanya",
              "bowler": "SA Mothoa",
              "extras": {
                "wides": 1
              },
              "non_striker": "N Brand",
              "runs": {
                "batter": 0,
                "extras": 1,
                "total": 1
              }
            },
            {
              "batter": "BS Makhanya",
              "bowler": "SA Mothoa",
              "non_striker": "N Brand",
              "runs": {
                "batter": 1,
                "extras": 0,
                "total": 1
              }
            },
            {
              "batter": "N Brand",
              "bowler": "SA Mothoa",
              "non_striker": "BS Makhanya",
              "runs": {
                "batter": 4,
                "extras": 0,
                "total": 4
              }
            },
            {
              "batter": "N Brand",
              "bowler": "SA Mothoa",
              "non_striker": "BS Makhanya",
              "runs": {
                "batter": 1,
                "extras": 0,
                "total": 1
              }
            },
            {
              "batter": "BS Makhanya",
              "bowler": "SA Mothoa",
              "non_striker": "N Brand",
              "runs": {
                "batter": 0,
                "extras": 0,
                "total": 0
              }
            },
            {
              "batter": "BS Makhanya",
              "bowler": "SA Mothoa",
              "non_striker": "N Brand",
              "runs": {
                "batter": 2,
                "extras": 0,
                "total": 2
              }
            },
            {
              "batter": "BS Makhanya",
              "bowler": "SA Mothoa",
              "non_striker": "N Brand",
              "runs": {
                "batter": 1,
                "extras": 0,
                "total": 1
              }
            }
          ]
        },
        {
          "over": 16,
          "deliveries": [
            {
              "batter": "BS Makhanya",
              "bowler": "GJ Snyman",
              "non_striker": "N Brand",
              "runs": {
                "batter": 4,
                "extras": 0,
                "total": 4
              }
            },
            {
              "batter": "BS Makhanya",
              "bowler": "GJ Snyman",
              "non_striker": "N Brand",
              "runs": {
                "batter": 1,
                "extras": 0,
                "total": 1
              }
            },
            {
              "batter": "N Brand",
              "bowler": "GJ Snyman",
              "non_striker": "BS Makhanya",
              "runs": {
                "batter": 0,
                "extras": 0,
                "total": 0
              }
            },
            {
              "batter": "N Brand",
              "bowler": "GJ Snyman",
              "non_striker": "BS Makhanya",
              "runs": {
                "batter": 0,
                "extras": 0,
                "total": 0
              }
            },
            {
              "batter": "N Brand",
              "bowler": "GJ Snyman",
              "non_striker": "BS Makhanya",
              "runs": {
                "batter": 2,
                "extras": 0,
                "total": 2
              }
            },
            {
              "batter": "N Brand",
              "bowler": "GJ Snyman",
              "non_striker": "BS Makhanya",
              "runs": {
                "batter": 4,
                "extras": 0,
                "total": 4
              }
            }
          ]
        },
        {
          "over": 17,
          "deliveries": [
            {
              "batter": "BS Makhanya",
              "bowler": "SA Mothoa",
              "non_striker": "N Brand",
              "runs": {
                "batter": 0,
                "extras": 0,
                "total": 0
              }
            },
            {
              "batter": "BS Makhanya",
              "bowler": "SA Mothoa",
              "non_striker": "N Brand",
              "runs": {
                "batter": 0,
                "extras": 0,
                "total": 0
              }
            },
            {
              "batter": "BS Makhanya",
              "bowler": "SA Mothoa",
              "non_striker": "N Brand",
              "runs": {
                "batter": 2,
                "extras": 0,
                "total": 2
              }
            },
            {
              "batter": "BS Makhanya",
              "bowler": "SA Mothoa",
              "non_striker": "N Brand",
              "runs": {
                "batter": 1,
                "extras": 0,
                "total": 1
              }
            },
            {
              "batter": "N Brand",
              "bowler": "SA Mothoa",
              "non_striker": "BS Makhanya",
              "runs": {
                "batter": 0,
                "extras": 0,
                "total": 0
              }
            },
            {
              "batter": "N Brand",
              "bowler": "SA Mothoa",
              "non_striker": "BS Makhanya",
              "runs": {
                "batter": 1,
                "extras": 0,
                "total": 1
              }
            }
          ]
        },
        {
          "over": 18,
          "deliveries": [
            {
              "batter": "N Brand",
              "bowler": "M Pretorius",
              "non_striker": "BS Makhanya",
              "runs": {
                "batter": 1,
                "extras": 0,
                "total": 1
              }
            },
            {
              "batter": "BS Makhanya",
              "bowler": "M Pretorius",
              "non_striker": "N Brand",
              "runs": {
                "batter": 2,
                "extras": 0,
                "total": 2
              }
            },
            {
              "batter": "BS Makhanya",
              "bowler": "M Pretorius",
              "non_striker": "N Brand",
              "runs": {
                "batter": 2,
                "extras": 0,
                "total": 2
              }
            },
            {
              "batter": "BS Makhanya",
              "bowler": "M Pretorius",
              "extras": {
                "wides": 1
              },
              "non_striker": "N Brand",
              "runs": {
                "batter": 0,
                "extras": 1,
                "total": 1
              }
            },
            {
              "batter": "BS Makhanya",
              "bowler": "M Pretorius",
              "non_striker": "N Brand",
              "runs": {
                "batter": 2,
                "extras": 0,
                "total": 2
              }
            },
            {
              "batter": "BS Makhanya",
              "bowler": "M Pretorius",
              "non_striker": "N Brand",
              "runs": {
                "batter": 1,
                "extras": 0,
                "total": 1
              }
            },
            {
              "batter": "N Brand",
              "bowler": "M Pretorius",
              "non_striker": "BS Makhanya",
              "runs": {
                "batter": 0,
                "extras": 0,
                "total": 0
              }
            }
          ]
        },
        {
          "over": 19,
          "deliveries": [
            {
              "batter": "BS Makhanya",
              "bowler": "G Coetzee",
              "non_striker": "N Brand",
              "runs": {
                "batter": 1,
                "extras": 0,
                "total": 1
              }
            },
            {
              "batter": "N Brand",
              "bowler": "G Coetzee",
              "extras": {
                "legbyes": 2
              },
              "non_striker": "BS Makhanya",
              "runs": {
                "batter": 0,
                "extras": 2,
                "total": 2
              }
            },
            {
              "batter": "N Brand",
              "bowler": "G Coetzee",
              "extras": {
                "wides": 1
              },
              "non_striker": "BS Makhanya",
              "runs": {
                "batter": 0,
                "extras": 1,
                "total": 1
              }
            },
            {
              "batter": "N Brand",
              "bowler": "G Coetzee",
              "non_striker": "BS Makhanya",
              "runs": {
                "batter": 2,
                "extras": 0,
                "total": 2
              },
              "wickets": [
                {
                  "player_out": "BS Makhanya",
                  "fielders": [
                    {
                      "name": "M Pretorius"
                    }
                  ],
                  "kind": "run out"
                }
              ]
            },
            {
              "batter": "Dayyaan Galiem",
              "bowler": "G Coetzee",
              "non_striker": "N Brand",
              "runs": {
                "batter": 0,
                "extras": 0,
                "total": 0
              }
            },
            {
              "batter": "Dayyaan Galiem",
              "bowler": "G Coetzee",
              "non_striker": "N Brand",
              "runs": {
                "batter": 1,
                "extras": 0,
                "total": 1
              }
            },
            {
              "batter": "N Brand",
              "bowler": "G Coetzee",
              "non_striker": "Dayyaan Galiem",
              "runs": {
                "batter": 0,
                "extras": 0,
                "total": 0
              },
              "wickets": [
                {
                  "player_out": "N Brand",
                  "fielders": [
                    {
                      "name": "GJ Snyman"
                    }
                  ],
                  "kind": "caught"
                }
              ]
            }
          ]
        }
      ],
      "powerplays": [
        {
          "from": 0.1,
          "to": 5.6,
          "type": "mandatory"
        }
      ]
    },
    {
      "team": "Knights",
      "overs": [
        {
          "over": 0,
          "deliveries": [
            {
              "batter": "GL Cloete",
              "bowler": "A Gqamane",
              "non_striker": "GJ Snyman",
              "runs": {
                "batter": 0,
                "extras": 0,
                "total": 0
              }
            },
            {
              "batter": "GL Cloete",
              "bowler": "A Gqamane",
              "non_striker": "GJ Snyman",
              "runs": {
                "batter": 0,
                "extras": 0,
                "total": 0
              }
            },
            {
              "batter": "GL Cloete",
              "bowler": "A Gqamane",
              "non_striker": "GJ Snyman",
              "runs": {
                "batter": 0,
                "extras": 0,
                "total": 0
              }
            },
            {
              "batter": "GL Cloete",
              "bowler": "A Gqamane",
              "non_striker": "GJ Snyman",
              "runs": {
                "batter": 0,
                "extras": 0,
                "total": 0
              }
            },
            {
              "batter": "GL Cloete",
              "bowler": "A Gqamane",
              "non_striker": "GJ Snyman",
              "runs": {
                "batter": 0,
                "extras": 0,
                "total": 0
              }
            },
            {
              "batter": "GL Cloete",
              "bowler": "A Gqamane",
              "non_striker": "GJ Snyman",
              "runs": {
                "batter": 0,
                "extras": 0,
                "total": 0
              }
            }
          ]
        },
        {
          "over": 1,
          "deliveries": [
            {
              "batter": "GJ Snyman",
              "bowler": "Dayyaan Galiem",
              "non_striker": "GL Cloete",
              "runs": {
                "batter": 0,
                "extras": 0,
                "total": 0
              }
            },
            {
              "batter": "GJ Snyman",
              "bowler": "Dayyaan Galiem",
              "non_striker": "GL Cloete",
              "runs": {
                "batter": 6,
                "extras": 0,
                "total": 6
              }
            },
            {
              "batter": "GJ Snyman",
              "bowler": "Dayyaan Galiem",
              "non_striker": "GL Cloete",
              "runs": {
                "batter": 4,
                "extras": 0,
                "total": 4
              }
            },
            {
              "batter": "GJ Snyman",
              "bowler": "Dayyaan Galiem",
              "extras": {
                "wides": 1
              },
              "non_striker": "GL Cloete",
              "runs": {
                "batter": 0,
                "extras": 1,
                "total": 1
              }
            },
            {
              "batter": "GJ Snyman",
              "bowler": "Dayyaan Galiem",
              "extras": {
                "legbyes": 1
              },
              "non_striker": "GL Cloete",
              "runs": {
                "batter": 0,
                "extras": 1,
                "total": 1
              }
            },
            {
              "batter": "GL Cloete",
              "bowler": "Dayyaan Galiem",
              "non_striker": "GJ Snyman",
              "runs": {
                "batter": 1,
                "extras": 0,
                "total": 1
              }
            },
            {
              "batter": "GJ Snyman",
              "bowler": "Dayyaan Galiem",
              "non_striker": "GL Cloete",
              "runs": {
                "batter": 2,
                "extras": 0,
                "total": 2
              }
            }
          ]
        },
        {
          "over": 2,
          "deliveries": [
            {
              "batter": "GL Cloete",
              "bowler": "A Gqamane",
              "non_striker": "GJ Snyman",
              "runs": {
                "batter": 0,
                "extras": 0,
                "total": 0
              }
            },
            {
              "batter": "GL Cloete",
              "bowler": "A Gqamane",
              "non_striker": "GJ Snyman",
              "runs": {
                "batter": 1,
                "extras": 0,
                "total": 1
              }
            },
            {
              "batter": "GJ Snyman",
              "bowler": "A Gqamane",
              "non_striker": "GL Cloete",
              "runs": {
                "batter": 1,
                "extras": 0,
                "total": 1
              }
            },
            {
              "batter": "GL Cloete",
              "bowler": "A Gqamane",
              "non_striker": "GJ Snyman",
              "runs": {
                "batter": 0,
                "extras": 0,
                "total": 0
              }
            },
            {
              "batter": "GL Cloete",
              "bowler": "A Gqamane",
              "non_striker": "GJ Snyman",
              "runs": {
                "batter": 1,
                "extras": 0,
                "total": 1
              }
            },
            {
              "batter": "GJ Snyman",
              "bowler": "A Gqamane",
              "non_striker": "GL Cloete",
              "runs": {
                "batter": 0,
                "extras": 0,
                "total": 0
              }
            }
          ]
        },
        {
          "over": 3,
          "deliveries": [
            {
              "batter": "GL Cloete",
              "bowler": "CJ Dala",
              "non_striker": "GJ Snyman",
              "runs": {
                "batter": 0,
                "extras": 0,
                "total": 0
              }
            },
            {
              "batter": "GL Cloete",
              "bowler": "CJ Dala",
              "non_striker": "GJ Snyman",
              "runs": {
                "batter": 0,
                "extras": 0,
                "total": 0
              }
            },
            {
              "batter": "GL Cloete",
              "bowler": "CJ Dala",
              "non_striker": "GJ Snyman",
              "runs": {
                "batter": 0,
                "extras": 0,
                "total": 0
              }
            },
            {
              "batter": "GL Cloete",
              "bowler": "CJ Dala",
              "non_striker": "GJ Snyman",
              "runs": {
                "batter": 6,
                "extras": 0,
                "total": 6
              }
            },
            {
              "batter": "GL Cloete",
              "bowler": "CJ Dala",
              "non_striker": "GJ Snyman",
              "runs": {
                "batter": 4,
                "extras": 0,
                "total": 4
              }
            },
            {
              "batter": "GL Cloete",
              "bowler": "CJ Dala",
              "non_striker": "GJ Snyman",
              "runs": {
                "batter": 0,
                "extras": 0,
                "total": 0
              }
            }
          ]
        },
        {
          "over": 4,
          "deliveries": [
            {
              "batter": "GJ Snyman",
              "bowler": "AM Phangiso",
              "non_striker": "GL Cloete",
              "runs": {
                "batter": 1,
                "extras": 0,
                "total": 1
              }
            },
            {
              "batter": "GL Cloete",
              "bowler": "AM Phangiso",
              "non_striker": "GJ Snyman",
              "runs": {
                "batter": 1,
                "extras": 0,
                "total": 1
              }
            },
            {
              "batter": "GJ Snyman",
              "bowler": "AM Phangiso",
              "non_striker": "GL Cloete",
              "runs": {
                "batter": 0,
                "extras": 0,
                "total": 0
              }
            },
            {
              "batter": "GJ Snyman",
              "bowler": "AM Phangiso",
              "non_striker": "GL Cloete",
              "runs": {
                "batter": 0,
                "extras": 0,
                "total": 0
              }
            },
            {
              "batter": "GJ Snyman",
              "bowler": "AM Phangiso",
              "non_striker": "GL Cloete",
              "runs": {
                "batter": 2,
                "extras": 0,
                "total": 2
              }
            },
            {
              "batter": "GJ Snyman",
              "bowler": "AM Phangiso",
              "non_striker": "GL Cloete",
              "runs": {
                "batter": 4,
                "extras": 0,
                "total": 4
              }
            }
          ]
        },
        {
          "over": 5,
          "deliveries": [
            {
              "batter": "GL Cloete",
              "bowler": "SR Harmer",
              "extras": {
                "wides": 5
              },
              "non_striker": "GJ Snyman",
              "runs": {
                "batter": 0,
                "extras": 5,
                "total": 5
              }
            },
            {
              "batter": "GL Cloete",
              "bowler": "SR Harmer",
              "non_striker": "GJ Snyman",
              "runs": {
                "batter": 4,
                "extras": 0,
                "total": 4
              }
            },
            {
              "batter": "GL Cloete",
              "bowler": "SR Harmer",
              "non_striker": "GJ Snyman",
              "runs": {
                "batter": 1,
                "extras": 0,
                "total": 1
              }
            },
            {
              "batter": "GJ Snyman",
              "bowler": "SR Harmer",
              "non_striker": "GL Cloete",
              "runs": {
                "batter": 1,
                "extras": 0,
                "total": 1
              }
            },
            {
              "batter": "GL Cloete",
              "bowler": "SR Harmer",
              "non_striker": "GJ Snyman",
              "runs": {
                "batter": 0,
                "extras": 0,
                "total": 0
              }
            },
            {
              "batter": "GL Cloete",
              "bowler": "SR Harmer",
              "non_striker": "GJ Snyman",
              "runs": {
                "batter": 1,
                "extras": 0,
                "total": 1
              }
            },
            {
              "batter": "GJ Snyman",
              "bowler": "SR Harmer",
              "non_striker": "GL Cloete",
              "runs": {
                "batter": 0,
                "extras": 0,
                "total": 0
              }
            }
          ]
        },
        {
          "over": 6,
          "deliveries": [
            {
              "batter": "GL Cloete",
              "bowler": "AM Phangiso",
              "non_striker": "GJ Snyman",
              "runs": {
                "batter": 1,
                "extras": 0,
                "total": 1
              }
            },
            {
              "batter": "GJ Snyman",
              "bowler": "AM Phangiso",
              "non_striker": "GL Cloete",
              "runs": {
                "batter": 1,
                "extras": 0,
                "total": 1
              }
            },
            {
              "batter": "GL Cloete",
              "bowler": "AM Phangiso",
              "non_striker": "GJ Snyman",
              "runs": {
                "batter": 0,
                "extras": 0,
                "total": 0
              },
              "wickets": [
                {
                  "player_out": "GL Cloete",
                  "fielders": [
                    {
                      "name": "C Bosch",
                      "substitute": true
                    }
                  ],
                  "kind": "caught"
                }
              ]
            },
            {
              "batter": "AR Swanepoel",
              "bowler": "AM Phangiso",
              "non_striker": "GJ Snyman",
              "runs": {
                "batter": 1,
                "extras": 0,
                "total": 1
              }
            },
            {
              "batter": "GJ Snyman",
              "bowler": "AM Phangiso",
              "non_striker": "AR Swanepoel",
              "runs": {
                "batter": 1,
                "extras": 0,
                "total": 1
              }
            },
            {
              "batter": "AR Swanepoel",
              "bowler": "AM Phangiso",
              "non_striker": "GJ Snyman",
              "runs": {
                "batter": 1,
                "extras": 0,
                "total": 1
              }
            }
          ]
        },
        {
          "over": 7,
          "deliveries": [
            {
              "batter": "AR Swanepoel",
              "bowler": "D Brevis",
              "non_striker": "GJ Snyman",
              "runs": {
                "batter": 1,
                "extras": 0,
                "total": 1
              }
            },
            {
              "batter": "GJ Snyman",
              "bowler": "D Brevis",
              "non_striker": "AR Swanepoel",
              "runs": {
                "batter": 0,
                "extras": 0,
                "total": 0
              }
            },
            {
              "batter": "GJ Snyman",
              "bowler": "D Brevis",
              "non_striker": "AR Swanepoel",
              "runs": {
                "batter": 0,
                "extras": 0,
                "total": 0
              }
            },
            {
              "batter": "GJ Snyman",
              "bowler": "D Brevis",
              "non_striker": "AR Swanepoel",
              "runs": {
                "batter": 2,
                "extras": 0,
                "total": 2
              }
            },
            {
              "batter": "GJ Snyman",
              "bowler": "D Brevis",
              "non_striker": "AR Swanepoel",
              "runs": {
                "batter": 1,
                "extras": 0,
                "total": 1
              }
            },
            {
              "batter": "AR Swanepoel",
              "bowler": "D Brevis",
              "non_striker": "GJ Snyman",
              "runs": {
                "batter": 0,
                "extras": 0,
                "total": 0
              }
            }
          ]
        },
        {
          "over": 8,
          "deliveries": [
            {
              "batter": "GJ Snyman",
              "bowler": "N Brand",
              "non_striker": "AR Swanepoel",
              "runs": {
                "batter": 1,
                "extras": 0,
                "total": 1
              }
            },
            {
              "batter": "AR Swanepoel",
              "bowler": "N Brand",
              "non_striker": "GJ Snyman",
              "runs": {
                "batter": 1,
                "extras": 0,
                "total": 1
              }
            },
            {
              "batter": "GJ Snyman",
              "bowler": "N Brand",
              "non_striker": "AR Swanepoel",
              "runs": {
                "batter": 0,
                "extras": 0,
                "total": 0
              }
            },
            {
              "batter": "GJ Snyman",
              "bowler": "N Brand",
              "non_striker": "AR Swanepoel",
              "runs": {
                "batter": 0,
                "extras": 0,
                "total": 0
              }
            },
            {
              "batter": "GJ Snyman",
              "bowler": "N Brand",
              "non_striker": "AR Swanepoel",
              "runs": {
                "batter": 4,
                "extras": 0,
                "total": 4
              }
            },
            {
              "batter": "GJ Snyman",
              "bowler": "N Brand",
              "non_striker": "AR Swanepoel",
              "runs": {
                "batter": 1,
                "extras": 0,
                "total": 1
              }
            }
          ]
        },
        {
          "over": 9,
          "deliveries": [
            {
              "batter": "GJ Snyman",
              "bowler": "D Brevis",
              "non_striker": "AR Swanepoel",
              "runs": {
                "batter": 1,
                "extras": 0,
                "total": 1
              }
            },
            {
              "batter": "AR Swanepoel",
              "bowler": "D Brevis",
              "non_striker": "GJ Snyman",
              "runs": {
                "batter": 0,
                "extras": 0,
                "total": 0
              }
            },
            {
              "batter": "AR Swanepoel",
              "bowler": "D Brevis",
              "extras": {
                "noballs": 1
              },
              "non_striker": "GJ Snyman",
              "runs": {
                "batter": 0,
                "extras": 1,
                "total": 1
              }
            },
            {
              "batter": "AR Swanepoel",
              "bowler": "D Brevis",
              "non_striker": "GJ Snyman",
              "runs": {
                "batter": 0,
                "extras": 0,
                "total": 0
              }
            },
            {
              "batter": "AR Swanepoel",
              "bowler": "D Brevis",
              "extras": {
                "wides": 1
              },
              "non_striker": "GJ Snyman",
              "runs": {
                "batter": 0,
                "extras": 1,
                "total": 1
              }
            },
            {
              "batter": "AR Swanepoel",
              "bowler": "D Brevis",
              "non_striker": "GJ Snyman",
              "runs": {
                "batter": 1,
                "extras": 0,
                "total": 1
              }
            },
            {
              "batter": "GJ Snyman",
              "bowler": "D Brevis",
              "non_striker": "AR Swanepoel",
              "runs": {
                "batter": 0,
                "extras": 0,
                "total": 0
              }
            },
            {
              "batter": "GJ Snyman",
              "bowler": "D Brevis",
              "non_striker": "AR Swanepoel",
              "runs": {
                "batter": 0,
                "extras": 0,
                "total": 0
              },
              "wickets": [
                {
                  "player_out": "GJ Snyman",
                  "fielders": [
                    {
                      "name": "J Pillay"
                    }
                  ],
                  "kind": "caught"
                }
              ]
            }
          ]
        },
        {
          "over": 10,
          "deliveries": [
            {
              "batter": "AR Swanepoel",
              "bowler": "N Brand",
              "non_striker": "R van Tonder",
              "runs": {
                "batter": 1,
                "extras": 0,
                "total": 1
              }
            },
            {
              "batter": "R van Tonder",
              "bowler": "N Brand",
              "non_striker": "AR Swanepoel",
              "runs": {
                "batter": 0,
                "extras": 0,
                "total": 0
              }
            },
            {
              "batter": "R van Tonder",
              "bowler": "N Brand",
              "non_striker": "AR Swanepoel",
              "runs": {
                "batter": 1,
                "extras": 0,
                "total": 1
              }
            },
            {
              "batter": "AR Swanepoel",
              "bowler": "N Brand",
              "non_striker": "R van Tonder",
              "runs": {
                "batter": 0,
                "extras": 0,
                "total": 0
              },
              "wickets": [
                {
                  "player_out": "AR Swanepoel",
                  "fielders": [
                    {
                      "name": "A Gqamane"
                    }
                  ],
                  "kind": "caught"
                }
              ]
            },
            {
              "batter": "PE Kruger",
              "bowler": "N Brand",
              "non_striker": "R van Tonder",
              "runs": {
                "batter": 0,
                "extras": 0,
                "total": 0
              }
            },
            {
              "batter": "PE Kruger",
              "bowler": "N Brand",
              "non_striker": "R van Tonder",
              "runs": {
                "batter": 6,
                "extras": 0,
                "total": 6
              }
            }
          ]
        },
        {
          "over": 11,
          "deliveries": [
            {
              "batter": "R van Tonder",
              "bowler": "SR Harmer",
              "non_striker": "PE Kruger",
              "runs": {
                "batter": 0,
                "extras": 0,
                "total": 0
              }
            },
            {
              "batter": "R van Tonder",
              "bowler": "SR Harmer",
              "non_striker": "PE Kruger",
              "runs": {
                "batter": 0,
                "extras": 0,
                "total": 0
              }
            },
            {
              "batter": "R van Tonder",
              "bowler": "SR Harmer",
              "non_striker": "PE Kruger",
              "runs": {
                "batter": 1,
                "extras": 0,
                "total": 1
              }
            },
            {
              "batter": "PE Kruger",
              "bowler": "SR Harmer",
              "non_striker": "R van Tonder",
              "runs": {
                "batter": 0,
                "extras": 0,
                "total": 0
              }
            },
            {
              "batter": "PE Kruger",
              "bowler": "SR Harmer",
              "non_striker": "R van Tonder",
              "runs": {
                "batter": 1,
                "extras": 0,
                "total": 1
              }
            },
            {
              "batter": "R van Tonder",
              "bowler": "SR Harmer",
              "non_striker": "PE Kruger",
              "runs": {
                "batter": 1,
                "extras": 0,
                "total": 1
              }
            }
          ]
        },
        {
          "over": 12,
          "deliveries": [
            {
              "batter": "R van Tonder",
              "bowler": "AM Phangiso",
              "non_striker": "PE Kruger",
              "runs": {
                "batter": 1,
                "extras": 0,
                "total": 1
              }
            },
            {
              "batter": "PE Kruger",
              "bowler": "AM Phangiso",
              "non_striker": "R van Tonder",
              "runs": {
                "batter": 0,
                "extras": 0,
                "total": 0
              }
            },
            {
              "batter": "PE Kruger",
              "bowler": "AM Phangiso",
              "non_striker": "R van Tonder",
              "runs": {
                "batter": 1,
                "extras": 0,
                "total": 1
              }
            },
            {
              "batter": "R van Tonder",
              "bowler": "AM Phangiso",
              "non_striker": "PE Kruger",
              "runs": {
                "batter": 1,
                "extras": 0,
                "total": 1
              }
            },
            {
              "batter": "PE Kruger",
              "bowler": "AM Phangiso",
              "non_striker": "R van Tonder",
              "runs": {
                "batter": 0,
                "extras": 0,
                "total": 0
              }
            },
            {
              "batter": "PE Kruger",
              "bowler": "AM Phangiso",
              "non_striker": "R van Tonder",
              "runs": {
                "batter": 0,
                "extras": 0,
                "total": 0
              }
            }
          ]
        },
        {
          "over": 13,
          "deliveries": [
            {
              "batter": "R van Tonder",
              "bowler": "D Brevis",
              "non_striker": "PE Kruger",
              "runs": {
                "batter": 1,
                "extras": 0,
                "total": 1
              }
            },
            {
              "batter": "PE Kruger",
              "bowler": "D Brevis",
              "extras": {
                "legbyes": 2
              },
              "non_striker": "R van Tonder",
              "runs": {
                "batter": 0,
                "extras": 2,
                "total": 2
              }
            },
            {
              "batter": "PE Kruger",
              "bowler": "D Brevis",
              "non_striker": "R van Tonder",
              "runs": {
                "batter": 0,
                "extras": 0,
                "total": 0
              }
            },
            {
              "batter": "PE Kruger",
              "bowler": "D Brevis",
              "non_striker": "R van Tonder",
              "runs": {
                "batter": 4,
                "extras": 0,
                "total": 4
              }
            },
            {
              "batter": "PE Kruger",
              "bowler": "D Brevis",
              "non_striker": "R van Tonder",
              "runs": {
                "batter": 1,
                "extras": 0,
                "total": 1
              }
            },
            {
              "batter": "R van Tonder",
              "bowler": "D Brevis",
              "non_striker": "PE Kruger",
              "runs": {
                "batter": 1,
                "extras": 0,
                "total": 1
              }
            }
          ]
        },
        {
          "over": 14,
          "deliveries": [
            {
              "batter": "R van Tonder",
              "bowler": "N Brand",
              "non_striker": "PE Kruger",
              "runs": {
                "batter": 0,
                "extras": 0,
                "total": 0
              }
            },
            {
              "batter": "R van Tonder",
              "bowler": "N Brand",
              "non_striker": "PE Kruger",
              "runs": {
                "batter": 0,
                "extras": 0,
                "total": 0
              }
            },
            {
              "batter": "R van Tonder",
              "bowler": "N Brand",
              "non_striker": "PE Kruger",
              "runs": {
                "batter": 1,
                "extras": 0,
                "total": 1
              }
            },
            {
              "batter": "PE Kruger",
              "bowler": "N Brand",
              "non_striker": "R van Tonder",
              "runs": {
                "batter": 0,
                "extras": 0,
                "total": 0
              }
            },
            {
              "batter": "PE Kruger",
              "bowler": "N Brand",
              "non_striker": "R van Tonder",
              "runs": {
                "batter": 0,
                "extras": 0,
                "total": 0
              },
              "wickets": [
                {
                  "player_out": "PE Kruger",
                  "fielders": [
                    {
                      "name": "C Bosch",
                      "substitute": true
                    }
                  ],
                  "kind": "caught"
                }
              ]
            },
            {
              "batter": "PJ van Biljon",
              "bowler": "N Brand",
              "non_striker": "R van Tonder",
              "runs": {
                "batter": 0,
                "extras": 0,
                "total": 0
              },
              "wickets": [
                {
                  "player_out": "PJ van Biljon",
                  "fielders": [
                    {
                      "name": "M Boast",
                      "substitute": true
                    }
                  ],
                  "kind": "caught"
                }
              ]
            }
          ]
        },
        {
          "over": 15,
          "deliveries": [
            {
              "batter": "R van Tonder",
              "bowler": "SR Harmer",
              "non_striker": "G Coetzee",
              "runs": {
                "batter": 1,
                "extras": 0,
                "total": 1
              }
            },
            {
              "batter": "G Coetzee",
              "bowler": "SR Harmer",
              "non_striker": "R van Tonder",
              "runs": {
                "batter": 0,
                "extras": 0,
                "total": 0
              }
            },
            {
              "batter": "G Coetzee",
              "bowler": "SR Harmer",
              "non_striker": "R van Tonder",
              "runs": {
                "batter": 0,
                "extras": 0,
                "total": 0
              },
              "wickets": [
                {
                  "player_out": "G Coetzee",
                  "kind": "caught and bowled"
                }
              ]
            },
            {
              "batter": "M Pretorius",
              "bowler": "SR Harmer",
              "non_striker": "R van Tonder",
              "runs": {
                "batter": 0,
                "extras": 0,
                "total": 0
              }
            },
            {
              "batter": "M Pretorius",
              "bowler": "SR Harmer",
              "non_striker": "R van Tonder",
              "runs": {
                "batter": 0,
                "extras": 0,
                "total": 0
              }
            },
            {
              "batter": "M Pretorius",
              "bowler": "SR Harmer",
              "non_striker": "R van Tonder",
              "runs": {
                "batter": 0,
                "extras": 0,
                "total": 0
              }
            }
          ]
        },
        {
          "over": 16,
          "deliveries": [
            {
              "batter": "R van Tonder",
              "bowler": "N Brand",
              "non_striker": "M Pretorius",
              "runs": {
                "batter": 1,
                "extras": 0,
                "total": 1
              }
            },
            {
              "batter": "M Pretorius",
              "bowler": "N Brand",
              "non_striker": "R van Tonder",
              "runs": {
                "batter": 0,
                "extras": 0,
                "total": 0
              }
            },
            {
              "batter": "M Pretorius",
              "bowler": "N Brand",
              "non_striker": "R van Tonder",
              "runs": {
                "batter": 0,
                "extras": 0,
                "total": 0
              }
            },
            {
              "batter": "M Pretorius",
              "bowler": "N Brand",
              "non_striker": "R van Tonder",
              "runs": {
                "batter": 6,
                "extras": 0,
                "total": 6
              }
            },
            {
              "batter": "M Pretorius",
              "bowler": "N Brand",
              "non_striker": "R van Tonder",
              "runs": {
                "batter": 0,
                "extras": 0,
                "total": 0
              }
            },
            {
              "batter": "M Pretorius",
              "bowler": "N Brand",
              "non_striker": "R van Tonder",
              "runs": {
                "batter": 1,
                "extras": 0,
                "total": 1
              }
            }
          ]
        },
        {
          "over": 17,
          "deliveries": [
            {
              "batter": "M Pretorius",
              "bowler": "SR Harmer",
              "non_striker": "R van Tonder",
              "runs": {
                "batter": 4,
                "extras": 0,
                "total": 4
              }
            },
            {
              "batter": "M Pretorius",
              "bowler": "SR Harmer",
              "non_striker": "R van Tonder",
              "runs": {
                "batter": 1,
                "extras": 0,
                "total": 1
              }
            },
            {
              "batter": "R van Tonder",
              "bowler": "SR Harmer",
              "extras": {
                "byes": 4
              },
              "non_striker": "M Pretorius",
              "runs": {
                "batter": 0,
                "extras": 4,
                "total": 4
              }
            },
            {
              "batter": "R van Tonder",
              "bowler": "SR Harmer",
              "non_striker": "M Pretorius",
              "runs": {
                "batter": 0,
                "extras": 0,
                "total": 0
              },
              "wickets": [
                {
                  "player_out": "R van Tonder",
                  "fielders": [
                    {
                      "name": "D Ferreira"
                    }
                  ],
                  "kind": "caught"
                }
              ]
            },
            {
              "batter": "I Dikgale",
              "bowler": "SR Harmer",
              "non_striker": "M Pretorius",
              "runs": {
                "batter": 0,
                "extras": 0,
                "total": 0
              }
            },
            {
              "batter": "I Dikgale",
              "bowler": "SR Harmer",
              "non_striker": "M Pretorius",
              "runs": {
                "batter": 1,
                "extras": 0,
                "total": 1
              }
            }
          ]
        },
        {
          "over": 18,
          "deliveries": [
            {
              "batter": "I Dikgale",
              "bowler": "Dayyaan Galiem",
              "non_striker": "M Pretorius",
              "runs": {
                "batter": 0,
                "extras": 0,
                "total": 0
              }
            },
            {
              "batter": "I Dikgale",
              "bowler": "Dayyaan Galiem",
              "non_striker": "M Pretorius",
              "runs": {
                "batter": 0,
                "extras": 0,
                "total": 0
              },
              "wickets": [
                {
                  "player_out": "I Dikgale",
                  "fielders": [
                    {
                      "name": "D Ferreira"
                    }
                  ],
                  "kind": "run out"
                }
              ]
            },
            {
              "batter": "SA Mothoa",
              "bowler": "Dayyaan Galiem",
              "non_striker": "M Pretorius",
              "runs": {
                "batter": 1,
                "extras": 0,
                "total": 1
              }
            },
            {
              "batter": "M Pretorius",
              "bowler": "Dayyaan Galiem",
              "non_striker": "SA Mothoa",
              "runs": {
                "batter": 0,
                "extras": 0,
                "total": 0
              }
            },
            {
              "batter": "M Pretorius",
              "bowler": "Dayyaan Galiem",
              "non_striker": "SA Mothoa",
              "runs": {
                "batter": 1,
                "extras": 0,
                "total": 1
              }
            },
            {
              "batter": "SA Mothoa",
              "bowler": "Dayyaan Galiem",
              "non_striker": "M Pretorius",
              "runs": {
                "batter": 0,
                "extras": 0,
                "total": 0
              }
            }
          ]
        },
        {
          "over": 19,
          "deliveries": [
            {
              "batter": "M Pretorius",
              "bowler": "CJ Dala",
              "non_striker": "SA Mothoa",
              "runs": {
                "batter": 4,
                "extras": 0,
                "total": 4
              }
            },
            {
              "batter": "M Pretorius",
              "bowler": "CJ Dala",
              "non_striker": "SA Mothoa",
              "runs": {
                "batter": 0,
                "extras": 0,
                "total": 0
              }
            },
            {
              "batter": "M Pretorius",
              "bowler": "CJ Dala",
              "non_striker": "SA Mothoa",
              "runs": {
                "batter": 1,
                "extras": 0,
                "total": 1
              }
            },
            {
              "batter": "SA Mothoa",
              "bowler": "CJ Dala",
              "non_striker": "M Pretorius",
              "runs": {
                "batter": 0,
                "extras": 0,
                "total": 0
              }
            },
            {
              "batter": "SA Mothoa",
              "bowler": "CJ Dala",
              "non_striker": "M Pretorius",
              "runs": {
                "batter": 1,
                "extras": 0,
                "total": 1
              }
            },
            {
              "batter": "M Pretorius",
              "bowler": "CJ Dala",
              "non_striker": "SA Mothoa",
              "runs": {
                "batter": 1,
                "extras": 0,
                "total": 1
              }
            }
          ]
        }
      ],
      "powerplays": [
        {
          "from": 0.1,
          "to": 5.7,
          "type": "mandatory"
        }
      ],
      "target": {
        "overs": 20,
        "runs": 159
      }
    }
  ]
}