{
  "meta": {
    "data_version": "1.1.0",
    "created": "2022-10-17",
    "revision": 2
  },
  "info": {
    "balls_per_over": 6,
    "city": "Potchefstroom",
    "dates": [
      "2022-10-17"
    ],
    "event": {
      "name": "CSA T20 Challenge",
      "match_number": 2
    },
    "gender": "male",
    "match_type": "T20",
    "officials": {
      "match_referees": [
        "LH Matroos"
      ],
      "reserve_umpires": [
        "A Steenkamp"
      ],
      "tv_umpires": [
        "PJ Vosloo"
      ],
      "umpires": [
        "AM Sodumo",
        "A Jacobs"
      ]
    },
    "outcome": {
      "winner": "North West",
      "by": {
        "wickets": 4
      }
    },
    "overs": 20,
    "player_of_match": [
      "S Muthusamy"
    ],
    "players": {
      "Lions": [
        "RD Rickelton",
        "CS Delport",
        "DA Hendricks",
        "M Van Buuren",
        "PWA Mulder",
        "E Jones",
        "MP Siboto",
        "Codi Yusuf",
        "L Sipamla",
        "T Bokako",
        "TM Maphaka"
      ],
      "North West": [
        "WB Marshall",
        "HG Kuhn",
        "L Senokwane",
        "TG Mokoena",
        "D Potgieter",
        "S Muthusamy",
        "K Cotani",
        "D Jansen",
        "C Seleka",
        "EL Hawken",
        "K Mungroo"
      ]
    },
    "registry": {
      "people": {
        "A Jacobs": "70d117de",
        "A Steenkamp": "89c62cf5",
        "AM Sodumo": "cc6850ec",
        "C Seleka": "be8b147b",
        "CS Delport": "afa78c3a",
        "Codi Yusuf": "f2397e48",
        "D Jansen": "8dc152d1",
        "D Potgieter": "60fbf53a",
        "DA Hendricks": "f66f5343",
        "E Jones": "fbfea9c2",
        "EL Hawken": "a0936692",
        "HG Kuhn": "ede05b97",
        "K Cotani": "0867d81f",
        "K Mungroo": "56feceb0",
        "L Senokwane": "7d9b4224",
        "L Sipamla": "f892fcf9",
        "LH Matroos": "6fa18157",
        "M Van Buuren": "46e4a4e0",
        "MP Siboto": "9d50c7e1",
        "PJ Vosloo": "93a6d2d0",
        "PWA Mulder": "c96f6ac5",
        "RD Rickelton": "e66732f8",
        "S Muthusamy": "7dfb8890",
        "T Bokako": "032e4384",
        "TG Mokoena": "0827b38d",
        "TM Maphaka": "595f565e",
        "WB Marshall": "2d7f2ba0"
      }
    },
    "season": "2022/23",
    "team_type": "club",
    "teams": [
      "Lions",
      "North West"
    ],
    "toss": {
      "decision": "field",
      "winner": "North West"
    },
    "venue": "Senwes Park, Potchefstroom"
  },
  "innings": [
    {
      "team": "Lions",
      "overs": [
        {
          "over": 0,
          "deliveries": [
            {
              "batter": "RD Rickelton",
              "bowler": "D Jansen",
              "non_striker": "CS Delport",
              "runs": {
                "batter": 0,
                "extras": 0,
                "total": 0
              }
            },
            {
              "batter": "RD Rickelton",
              "bowler": "D Jansen",
              "non_striker": "CS Delport",
              "runs": {
                "batter": 2,
                "extras": 0,
                "total": 2
              }
            },
            {
              "batter": "RD Rickelton",
              "bowler": "D Jansen",
              "non_striker": "CS Delport",
              "runs": {
                "batter": 1,
                "extras": 0,
                "total": 1
              }
            },
            {
              "batter": "CS Delport",
              "bowler": "D Jansen",
              "non_striker": "RD Rickelton",
              "runs": {
                "batter": 0,
                "extras": 0,
                "total": 0
              }
            },
            {
              "batter": "CS Delport",
              "bowler": "D Jansen",
              "extras": {
                "wides": 3
              },
              "non_striker": "RD Rickelton",
              "runs": {
                "batter": 0,
                "extras": 3,
                "total": 3
              }
            },
            {
              "batter": "CS Delport",
              "bowler": "D Jansen",
              "non_striker": "RD Rickelton",
              "runs": {
                "batter": 2,
                "extras": 0,
                "total": 2
              }
            },
            {
              "batter": "CS Delport",
              "bowler": "D Jansen",
              "non_striker": "RD Rickelton",
              "runs": {
                "batter": 0,
                "extras": 0,
                "total": 0
              },
              "wickets": [
                {
                  "player_out": "CS Delport",
                  "fielders": [
                    {
                      "name": "K Cotani"
                    }
                  ],
                  "kind": "caught"
                }
              ]
            }
          ]
        },
        {
          "over": 1,
          "deliveries": [
            {
              "batter": "RD Rickelton",
              "bowler": "K Mungroo",
              "non_striker": "DA Hendricks",
              "runs": {
                "batter": 0,
                "extras": 0,
                "total": 0
              }
            },
            {
              "batter": "RD Rickelton",
              "bowler": "K Mungroo",
              "non_striker": "DA Hendricks",
              "runs": {
                "batter": 1,
                "extras": 0,
                "total": 1
              }
            },
            {
              "batter": "DA Hendricks",
              "bowler": "K Mungroo",
              "non_striker": "RD Rickelton",
              "runs": {
                "batter": 0,
                "extras": 0,
                "total": 0
              }
            },
            {
              "batter": "DA Hendricks",
              "bowler": "K Mungroo",
              "non_striker": "RD Rickelton",
              "runs": {
                "batter": 0,
                "extras": 0,
                "total": 0
              }
            },
            {
              "batter": "DA Hendricks",
              "bowler": "K Mungroo",
              "non_striker": "RD Rickelton",
              "runs": {
                "batter": 2,
                "extras": 0,
                "total": 2
              }
            },
            {
              "batter": "DA Hendricks",
              "bowler": "K Mungroo",
              "non_striker": "RD Rickelton",
              "runs": {
                "batter": 2,
                "extras": 0,
                "total": 2
              }
            }
          ]
        },
        {
          "over": 2,
          "deliveries": [
            {
              "batter": "RD Rickelton",
              "bowler": "D Jansen",
              "non_striker": "DA Hendricks",
              "runs": {
                "batter": 1,
                "extras": 0,
                "total": 1
              }
            },
            {
              "batter": "DA Hendricks",
              "bowler": "D Jansen",
              "non_striker": "RD Rickelton",
              "runs": {
                "batter": 1,
                "extras": 0,
                "total": 1
              }
            },
            {
              "batter": "RD Rickelton",
              "bowler": "D Jansen",
              "non_striker": "DA Hendricks",
              "runs": {
                "batter": 0,
                "extras": 0,
                "total": 0
              }
            },
            {
              "batter": "RD Rickelton",
              "bowler": "D Jansen",
              "non_striker": "DA Hendricks",
              "runs": {
                "batter": 6,
                "extras": 0,
                "total": 6
              }
            },
            {
              "batter": "RD Rickelton",
              "bowler": "D Jansen",
              "non_striker": "DA Hendricks",
              "runs": {
                "batter": 6,
                "extras": 0,
                "total": 6
              }
            },
            {
              "batter": "RD Rickelton",
              "bowler": "D Jansen",
              "non_striker": "DA Hendricks",
              "runs": {
                "batter": 1,
                "extras": 0,
                "total": 1
              }
            }
          ]
        },
        {
          "over": 3,
          "deliveries": [
            {
              "batter": "RD Rickelton",
              "bowler": "EL Hawken",
              "non_striker": "DA Hendricks",
              "runs": {
                "batter": 0,
                "extras": 0,
                "total": 0
              }
            },
            {
              "batter": "RD Rickelton",
              "bowler": "EL Hawken",
              "non_striker": "DA Hendricks",
              "runs": {
                "batter": 4,
                "extras": 0,
                "total": 4
              }
            },
            {
              "batter": "RD Rickelton",
              "bowler": "EL Hawken",
              "non_striker": "DA Hendricks",
              "runs": {
                "batter": 0,
                "extras": 0,
                "total": 0
              },
              "wickets": [
                {
                  "player_out": "RD Rickelton",
                  "fielders": [
                    {
                      "name": "D Jansen"
                    }
                  ],
                  "kind": "caught"
                }
              ]
            },
            {
              "batter": "M Van Buuren",
              "bowler": "EL Hawken",
              "non_striker": "DA Hendricks",
              "runs": {
                "batter": 0,
                "extras": 0,
                "total": 0
              }
            },
            {
              "batter": "M Van Buuren",
              "bowler": "EL Hawken",
              "non_striker": "DA Hendricks",
              "runs": {
                "batter": 0,
                "extras": 0,
                "total": 0
              }
            },
            {
              "batter": "M Van Buuren",
              "bowler": "EL Hawken",
              "non_striker": "DA Hendricks",
              "runs": {
                "batter": 4,
                "extras": 0,
                "total": 4
              }
            }
          ]
        },
        {
          "over": 4,
          "deliveries": [
            {
              "batter": "DA Hendricks",
              "bowler": "K Mungroo",
              "non_striker": "M Van Buuren",
              "runs": {
                "batter": 0,
                "extras": 0,
                "total": 0
              }
            },
            {
              "batter": "DA Hendricks",
              "bowler": "K Mungroo",
              "non_striker": "M Van Buuren",
              "runs": {
                "batter": 0,
                "extras": 0,
                "total": 0
              }
            },
            {
              "batter": "DA Hendricks",
              "bowler": "K Mungroo",
              "non_striker": "M Van Buuren",
              "runs": {
                "batter": 0,
                "extras": 0,
                "total": 0
              }
            },
            {
              "batter": "DA Hendricks",
              "bowler": "K Mungroo",
              "non_striker": "M Van Buuren",
              "runs": {
                "batter": 1,
                "extras": 0,
                "total": 1
              }
            },
            {
              "batter": "M Van Buuren",
              "bowler": "K Mungroo",
              "non_striker": "DA Hendricks",
              "runs": {
                "batter": 0,
                "extras": 0,
                "total": 0
              }
            },
            {
              "batter": "M Van Buuren",
              "bowler": "K Mungroo",
              "non_striker": "DA Hendricks",
              "runs": {
                "batter": 4,
                "extras": 0,
                "total": 4
              }
            }
          ]
        },
        {
          "over": 5,
          "deliveries": [
            {
              "batter": "DA Hendricks",
              "bowler": "EL Hawken",
              "non_striker": "M Van Buuren",
              "runs": {
                "batter": 1,
                "extras": 0,
                "total": 1
              }
            },
            {
              "batter": "M Van Buuren",
              "bowler": "EL Hawken",
              "non_striker": "DA Hendricks",
              "runs": {
                "batter": 1,
                "extras": 0,
                "total": 1
              }
            },
            {
              "batter": "DA Hendricks",
              "bowler": "EL Hawken",
              "non_striker": "M Van Buuren",
              "runs": {
                "batter": 1,
                "extras": 0,
                "total": 1
              }
            },
            {
              "batter": "M Van Buuren",
              "bowler": "EL Hawken",
              "non_striker": "DA Hendricks",
              "runs": {
                "batter": 0,
                "extras": 0,
                "total": 0
              }
            },
            {
              "batter": "M Van Buuren",
              "bowler": "EL Hawken",
              "non_striker": "DA Hendricks",
              "runs": {
                "batter": 6,
                "extras": 0,
                "total": 6
              }
            },
            {
              "batter": "M Van Buuren",
              "bowler": "EL Hawken",
              "non_striker": "DA Hendricks",
              "runs": {
                "batter": 0,
                "extras": 0,
                "total": 0
              }
            }
          ]
        },
        {
          "over": 6,
          "deliveries": [
            {
              "batter": "DA Hendricks",
              "bowler": "C Seleka",
              "non_striker": "M Van Buuren",
              "runs": {
                "batter": 4,
                "extras": 0,
                "total": 4
              }
            },
            {
              "batter": "DA Hendricks",
              "bowler": "C Seleka",
              "non_striker": "M Van Buuren",
              "runs": {
                "batter": 3,
                "extras": 0,
                "total": 3
              }
            },
            {
              "batter": "M Van Buuren",
              "bowler": "C Seleka",
              "non_striker": "DA Hendricks",
              "runs": {
                "batter": 6,
                "extras": 0,
                "total": 6
              }
            },
            {
              "batter": "M Van Buuren",
              "bowler": "C Seleka",
              "non_striker": "DA Hendricks",
              "runs": {
                "batter": 1,
                "extras": 0,
                "total": 1
              }
            },
            {
              "batter": "DA Hendricks",
              "bowler": "C Seleka",
              "non_striker": "M Van Buuren",
              "runs": {
                "batter": 1,
                "extras": 0,
                "total": 1
              }
            },
            {
              "batter": "M Van Buuren",
              "bowler": "C Seleka",
              "non_striker": "DA Hendricks",
              "runs": {
                "batter": 1,
                "extras": 0,
                "total": 1
              }
            }
          ]
        },
        {
          "over": 7,
          "deliveries": [
            {
              "batter": "M Van Buuren",
              "bowler": "D Potgieter",
              "non_striker": "DA Hendricks",
              "runs": {
                "batter": 0,
                "extras": 0,
                "total": 0
              },
              "wickets": [
                {
                  "player_out": "M Van Buuren",
                  "fielders": [
                    {
                      "name": "K Cotani"
                    }
                  ],
                  "kind": "caught"
                }
              ]
            },
            {
              "batter": "PWA Mulder",
              "bowler": "D Potgieter",
              "non_striker": "DA Hendricks",
              "runs": {
                "batter": 0,
                "extras": 0,
                "total": 0
              }
            },
            {
              "batter": "PWA Mulder",
              "bowler": "D Potgieter",
              "non_striker": "DA Hendricks",
              "runs": {
                "batter": 1,
                "extras": 0,
                "total": 1
              }
            },
            {
              "batter": "DA Hendricks",
              "bowler": "D Potgieter",
              "non_striker": "PWA Mulder",
              "runs": {
                "batter": 1,
                "extras": 0,
                "total": 1
              }
            },
            {
              "batter": "PWA Mulder",
              "bowler": "D Potgieter",
              "non_striker": "DA Hendricks",
              "runs": {
                "batter": 0,
                "extras": 0,
                "total": 0
              }
            },
            {
              "batter": "PWA Mulder",
              "bowler": "D Potgieter",
              "non_striker": "DA Hendricks",
              "runs": {
                "batter": 1,
                "extras": 0,
                "total": 1
              }
            }
          ]
        },
        {
          "over": 8,
          "deliveries": [
            {
              "batter": "PWA Mulder",
              "bowler": "C Seleka",
              "non_striker": "DA Hendricks",
              "runs": {
                "batter": 1,
                "extras": 0,
                "total": 1
              }
            },
            {
              "batter": "DA Hendricks",
              "bowler": "C Seleka",
              "non_striker": "PWA Mulder",
              "runs": {
                "batter": 1,
                "extras": 0,
                "total": 1
              }
            },
            {
              "batter": "PWA Mulder",
              "bowler": "C Seleka",
              "non_striker": "DA Hendricks",
              "runs": {
                "batter": 0,
                "extras": 0,
                "total": 0
              }
            },
            {
              "batter": "PWA Mulder",
              "bowler": "C Seleka",
              "non_striker": "DA Hendricks",
              "runs": {
                "batter": 1,
                "extras": 0,
                "total": 1
              }
            },
            {
              "batter": "DA Hendricks",
              "bowler": "C Seleka",
              "non_striker": "PWA Mulder",
              "runs": {
                "batter": 1,
                "extras": 0,
                "total": 1
              }
            },
            {
              "batter": "PWA Mulder",
              "bowler": "C Seleka",
              "non_striker": "DA Hendricks",
              "runs": {
                "batter": 0,
                "extras": 0,
                "total": 0
              }
            }
          ]
        },
        {
          "over": 9,
          "deliveries": [
            {
              "batter": "DA Hendricks",
              "bowler": "D Potgieter",
              "non_striker": "PWA Mulder",
              "runs": {
                "batter": 0,
                "extras": 0,
                "total": 0
              }
            },
            {
              "batter": "DA Hendricks",
              "bowler": "D Potgieter",
              "non_striker": "PWA Mulder",
              "runs": {
                "batter": 0,
                "extras": 0,
                "total": 0
              },
              "wickets": [
                {
                  "player_out": "DA Hendricks",
                  "kind": "caught and bowled"
                }
              ]
            },
            {
              "batter": "E Jones",
              "bowler": "D Potgieter",
              "non_striker": "PWA Mulder",
              "runs": {
                "batter": 1,
                "extras": 0,
                "total": 1
              }
            },
            {
              "batter": "PWA Mulder",
              "bowler": "D Potgieter",
              "non_striker": "E Jones",
              "runs": {
                "batter": 1,
                "extras": 0,
                "total": 1
              }
            },
            {
              "batter": "E Jones",
              "bowler": "D Potgieter",
              "non_striker": "PWA Mulder",
              "runs": {
                "batter": 1,
                "extras": 0,
                "total": 1
              }
            },
            {
              "batter": "PWA Mulder",
              "bowler": "D Potgieter",
              "non_striker": "E Jones",
              "runs": {
                "batter": 0,
                "extras": 0,
                "total": 0
              }
            }
          ]
        },
        {
          "over": 10,
          "deliveries": [
            {
              "batter": "E Jones",
              "bowler": "C Seleka",
              "non_striker": "PWA Mulder",
              "runs": {
                "batter": 0,
                "extras": 0,
                "total": 0
              }
            },
            {
              "batter": "E Jones",
              "bowler": "C Seleka",
              "non_striker": "PWA Mulder",
              "runs": {
                "batter": 1,
                "extras": 0,
                "total": 1
              }
            },
            {
              "batter": "PWA Mulder",
              "bowler": "C Seleka",
              "non_striker": "E Jones",
              "runs": {
                "batter": 1,
                "extras": 0,
                "total": 1
              }
            },
            {
              "batter": "E Jones",
              "bowler": "C Seleka",
              "non_striker": "PWA Mulder",
              "runs": {
                "batter": 0,
                "extras": 0,
                "total": 0
              }
            },
            {
              "batter": "E Jones",
              "bowler": "C Seleka",
              "non_striker": "PWA Mulder",
              "runs": {
                "batter": 1,
                "extras": 0,
                "total": 1
              }
            },
            {
              "batter": "PWA Mulder",
              "bowler": "C Seleka",
              "non_striker": "E Jones",
              "runs": {
                "batter": 1,
                "extras": 0,
                "total": 1
              }
            }
          ]
        },
        {
          "over": 11,
          "deliveries": [
            {
              "batter": "PWA Mulder",
              "bowler": "D Potgieter",
              "non_striker": "E Jones",
              "runs": {
                "batter": 0,
                "extras": 0,
                "total": 0
              }
            },
            {
              "batter": "PWA Mulder",
              "bowler": "D Potgieter",
              "non_striker": "E Jones",
              "runs": {
                "batter": 1,
                "extras": 0,
                "total": 1
              }
            },
            {
              "batter": "E Jones",
              "bowler": "D Potgieter",
              "non_striker": "PWA Mulder",
              "runs": {
                "batter": 4,
                "extras": 0,
                "total": 4
              }
            },
            {
              "batter": "E Jones",
              "bowler": "D Potgieter",
              "non_striker": "PWA Mulder",
              "runs": {
                "batter": 2,
                "extras": 0,
                "total": 2
              }
            },
            {
              "batter": "E Jones",
              "bowler": "D Potgieter",
              "non_striker": "PWA Mulder",
              "runs": {
                "batter": 1,
                "extras": 0,
                "total": 1
              }
            },
            {
              "batter": "PWA Mulder",
              "bowler": "D Potgieter",
              "non_striker": "E Jones",
              "runs": {
                "batter": 0,
                "extras": 0,
                "total": 0
              }
            }
          ]
        },
        {
          "over": 12,
          "deliveries": [
            {
              "batter": "E Jones",
              "bowler": "S Muthusamy",
              "non_striker": "PWA Mulder",
              "runs": {
                "batter": 1,
                "extras": 0,
                "total": 1
              }
            },
            {
              "batter": "PWA Mulder",
              "bowler": "S Muthusamy",
              "non_striker": "E Jones",
              "runs": {
                "batter": 0,
                "extras": 0,
                "total": 0
              }
            },
            {
              "batter": "PWA Mulder",
              "bowler": "S Muthusamy",
              "non_striker": "E Jones",
              "runs": {
                "batter": 1,
                "extras": 0,
                "total": 1
              }
            },
            {
              "batter": "E Jones",
              "bowler": "S Muthusamy",
              "non_striker": "PWA Mulder",
              "runs": {
                "batter": 1,
                "extras": 0,
                "total": 1
              }
            },
            {
              "batter": "PWA Mulder",
              "bowler": "S Muthusamy",
              "non_striker": "E Jones",
              "runs": {
                "batter": 2,
                "extras": 0,
                "total": 2
              }
            },
            {
              "batter": "PWA Mulder",
              "bowler": "S Muthusamy",
              "non_striker": "E Jones",
              "runs": {
                "batter": 4,
                "extras": 0,
                "total": 4
              }
            }
          ]
        },
        {
          "over": 13,
          "deliveries": [
            {
              "batter": "E Jones",
              "bowler": "D Jansen",
              "non_striker": "PWA Mulder",
              "runs": {
                "batter": 1,
                "extras": 0,
                "total": 1
              }
            },
            {
              "batter": "PWA Mulder",
              "bowler": "D Jansen",
              "non_striker": "E Jones",
              "runs": {
                "batter": 1,
                "extras": 0,
                "total": 1
              }
            },
            {
              "batter": "E Jones",
              "bowler": "D Jansen",
              "non_striker": "PWA Mulder",
              "runs": {
                "batter": 4,
                "extras": 0,
                "total": 4
              }
            },
            {
              "batter": "E Jones",
              "bowler": "D Jansen",
              "non_striker": "PWA Mulder",
              "runs": {
                "batter": 1,
                "extras": 0,
                "total": 1
              }
            },
            {
              "batter": "PWA Mulder",
              "bowler": "D Jansen",
              "non_striker": "E Jones",
              "runs": {
                "batter": 1,
                "extras": 0,
                "total": 1
              }
            },
            {
              "batter": "E Jones",
              "bowler": "D Jansen",
              "non_striker": "PWA Mulder",
              "runs": {
                "batter": 1,
                "extras": 0,
                "total": 1
              }
            }
          ]
        },
        {
          "over": 14,
          "deliveries": [
            {
              "batter": "E Jones",
              "bowler": "S Muthusamy",
              "non_striker": "PWA Mulder",
              "runs": {
                "batter": 1,
                "extras": 0,
                "total": 1
              }
            },
            {
              "batter": "PWA Mulder",
              "bowler": "S Muthusamy",
              "non_striker": "E Jones",
              "runs": {
                "batter": 1,
                "extras": 0,
                "total": 1
              }
            },
            {
              "batter": "E Jones",
              "bowler": "S Muthusamy",
              "non_striker": "PWA Mulder",
              "runs": {
                "batter": 1,
                "extras": 0,
                "total": 1
              }
            },
            {
              "batter": "PWA Mulder",
              "bowler": "S Muthusamy",
              "non_striker": "E Jones",
              "runs": {
                "batter": 6,
                "extras": 0,
                "total": 6
              }
            },
            {
              "batter": "PWA Mulder",
              "bowler": "S Muthusamy",
              "non_striker": "E Jones",
              "runs": {
                "batter": 1,
                "extras": 0,
                "total": 1
              }
            },
            {
              "batter": "E Jones",
              "bowler": "S Muthusamy",
              "non_striker": "PWA Mulder",
              "runs": {
                "batter": 1,
                "extras": 0,
                "total": 1
              }
            }
          ]
        },
        {
          "over": 15,
          "deliveries": [
            {
              "batter": "E Jones",
              "bowler": "D Potgieter",
              "extras": {
                "byes": 1
              },
              "non_striker": "PWA Mulder",
              "runs": {
                "batter": 0,
                "extras": 1,
                "total": 1
              }
            },
            {
              "batter": "PWA Mulder",
              "bowler": "D Potgieter",
              "non_striker": "E Jones",
              "runs": {
                "batter": 1,
                "extras": 0,
                "total": 1
              }
            },
            {
              "batter": "E Jones",
              "bowler": "D Potgieter",
              "non_striker": "PWA Mulder",
              "runs": {
                "batter": 6,
                "extras": 0,
                "total": 6
              }
            },
            {
              "batter": "E Jones",
              "bowler": "D Potgieter",
              "non_striker": "PWA Mulder",
              "runs": {
                "batter": 1,
                "extras": 0,
                "total": 1
              }
            },
            {
              "batter": "PWA Mulder",
              "bowler": "D Potgieter",
              "non_striker": "E Jones",
              "runs": {
                "batter": 1,
                "extras": 0,
                "total": 1
              }
            },
            {
              "batter": "E Jones",
              "bowler": "D Potgieter",
              "non_striker": "PWA Mulder",
              "runs": {
                "batter": 6,
                "extras": 0,
                "total": 6
              }
            }
          ]
        },
        {
          "over": 16,
          "deliveries": [
            {
              "batter": "PWA Mulder",
              "bowler": "EL Hawken",
              "extras": {
                "wides": 1
              },
              "non_striker": "E Jones",
              "runs": {
                "batter": 0,
                "extras": 1,
                "total": 1
              }
            },
            {
              "batter": "PWA Mulder",
              "bowler": "EL Hawken",
              "non_striker": "E Jones",
              "runs": {
                "batter": 1,
                "extras": 0,
                "total": 1
              }
            },
            {
              "batter": "E Jones",
              "bowler": "EL Hawken",
              "non_striker": "PWA Mulder",
              "runs": {
                "batter": 1,
                "extras": 0,
                "total": 1
              }
            },
            {
              "batter": "PWA Mulder",
              "bowler": "EL Hawken",
              "extras": {
                "byes": 1
              },
              "non_striker": "E Jones",
              "runs": {
                "batter": 0,
                "extras": 1,
                "total": 1
              }
            },
            {
              "batter": "E Jones",
              "bowler": "EL Hawken",
              "non_striker": "PWA Mulder",
              "runs": {
                "batter": 0,
                "extras": 0,
                "total": 0
              },
              "wickets": [
                {
                  "player_out": "E Jones",
                  "fielders": [
                    {
                      "name": "L Senokwane"
                    }
                  ],
                  "kind": "caught"
                }
              ]
            },
            {
              "batter": "MP Siboto",
              "bowler": "EL Hawken",
              "non_striker": "PWA Mulder",
              "runs": {
                "batter": 0,
                "extras": 0,
                "total": 0
              }
            },
            {
              "batter": "MP Siboto",
              "bowler": "EL Hawken",
              "non_striker": "PWA Mulder",
              "runs": {
                "batter": 1,
                "extras": 0,
                "total": 1
              }
            }
          ]
        },
        {
          "over": 17,
          "deliveries": [
            {
              "batter": "MP Siboto",
              "bowler": "K Mungroo",
              "non_striker": "PWA Mulder",
              "runs": {
                "batter": 1,
                "extras": 0,
                "total": 1
              }
            },
            {
              "batter": "PWA Mulder",
              "bowler": "K Mungroo",
              "non_striker": "MP Siboto",
              "runs": {
                "batter": 1,
                "extras": 0,
                "total": 1
              }
            },
            {
              "batter": "MP Siboto",
              "bowler": "K Mungroo",
              "non_striker": "PWA Mulder",
              "runs": {
                "batter": 2,
                "extras": 0,
                "total": 2
              }
            },
            {
              "batter": "MP Siboto",
              "bowler": "K Mungroo",
              "extras": {
                "legbyes": 1
              },
              "non_striker": "PWA Mulder",
              "runs": {
                "batter": 0,
                "extras": 1,
                "total": 1
              }
            },
            {
              "batter": "PWA Mulder",
              "bowler": "K Mungroo",
              "extras": {
                "wides": 1
              },
              "non_striker": "MP Siboto",
              "runs": {
                "batter": 0,
                "extras": 1,
                "total": 1
              }
            },
            {
              "batter": "PWA Mulder",
              "bowler": "K Mungroo",
              "non_striker": "MP Siboto",
              "runs": {
                "batter": 2,
                "extras": 0,
                "total": 2
              }
            },
            {
              "batter": "PWA Mulder",
              "bowler": "K Mungroo",
              "non_striker": "MP Siboto",
              "runs": {
                "batter": 1,
                "extras": 0,
                "total": 1
              }
            }
          ]
        },
        {
          "over": 18,
          "deliveries": [
            {
              "batter": "PWA Mulder",
              "bowler": "EL Hawken",
              "non_striker": "MP Siboto",
              "runs": {
                "batter": 2,
                "extras": 0,
                "total": 2
              }
            },
            {
              "batter": "PWA Mulder",
              "bowler": "EL Hawken",
              "non_striker": "MP Siboto",
              "runs": {
                "batter": 4,
                "extras": 0,
                "total": 4
              }
            },
            {
              "batter": "PWA Mulder",
              "bowler": "EL Hawken",
              "non_striker": "MP Siboto",
              "runs": {
                "batter": 0,
                "extras": 0,
                "total": 0
              }
            },
            {
              "batter": "PWA Mulder",
              "bowler": "EL Hawken",
              "non_striker": "MP Siboto",
              "runs": {
                "batter": 0,
                "extras": 0,
                "total": 0
              }
            },
            {
              "batter": "PWA Mulder",
              "bowler": "EL Hawken",
              "non_striker": "MP Siboto",
              "runs": {
                "batter": 1,
                "extras": 0,
                "total": 1
              }
            },
            {
              "batter": "MP Siboto",
              "bowler": "EL Hawken",
              "non_striker": "PWA Mulder",
              "runs": {
                "batter": 2,
                "extras": 0,
                "total": 2
              }
            }
          ]
        },
        {
          "over": 19,
          "deliveries": [
            {
              "batter": "PWA Mulder",
              "bowler": "K Mungroo",
              "non_striker": "MP Siboto",
              "runs": {
                "batter": 2,
                "extras": 0,
                "total": 2
              }
            },
            {
              "batter": "PWA Mulder",
              "bowler": "K Mungroo",
              "non_striker": "MP Siboto",
              "runs": {
                "batter": 6,
                "extras": 0,
                "total": 6
              }
            },
            {
              "batter": "PWA Mulder",
              "bowler": "K Mungroo",
              "non_striker": "MP Siboto",
              "runs": {
                "batter": 6,
                "extras": 0,
                "total": 6
              }
            },
            {
              "batter": "PWA Mulder",
              "bowler": "K Mungroo",
              "extras": {
                "wides": 1
              },
              "non_striker": "MP Siboto",
              "runs": {
                "batter": 0,
                "extras": 1,
                "total": 1
              }
            },
            {
              "batter": "PWA Mulder",
              "bowler": "K Mungroo",
              "non_striker": "MP Siboto",
              "runs": {
                "batter": 2,
                "extras": 0,
                "total": 2
              }
            },
            {
              "batter": "PWA Mulder",
              "bowler": "K Mungroo",
              "non_striker": "MP Siboto",
              "runs": {
                "batter": 0,
                "extras": 0,
                "total": 0
              },
              "wickets": [
                {
                  "player_out": "PWA Mulder",
                  "fielders": [
                    {
                      "name": "HG Kuhn"
                    }
                  ],
                  "kind": "caught"
                }
              ]
            },
            {
              "batter": "Codi Yusuf",
              "bowler": "K Mungroo",
              "extras": {
                "byes": 1
              },
              "non_striker": "MP Siboto",
              "runs": {
                "batter": 0,
                "extras": 1,
                "total": 1
              }
            }
          ]
        }
      ],
      "powerplays": [
        {
          "from": 0.1,
          "to": 5.6,
          "type": "mandatory"
        }
      ]
    },
    {
      "team": "North West",
      "overs": [
        {
          "over": 0,
          "deliveries": [
            {
              "batter": "WB Marshall",
              "bowler": "L Sipamla",
              "non_striker": "HG Kuhn",
              "runs": {
                "batter": 2,
                "extras": 0,
                "total": 2
              }
            },
            {
              "batter": "WB Marshall",
              "bowler": "L Sipamla",
              "non_striker": "HG Kuhn",
              "runs": {
                "batter": 4,
                "extras": 0,
                "total": 4
              }
            },
            {
              "batter": "WB Marshall",
              "bowler": "L Sipamla",
              "non_striker": "HG Kuhn",
              "runs": {
                "batter": 1,
                "extras": 0,
                "total": 1
              }
            },
            {
              "batter": "HG Kuhn",
              "bowler": "L Sipamla",
              "non_striker": "WB Marshall",
              "runs": {
                "batter": 4,
                "extras": 0,
                "total": 4
              }
            },
            {
              "batter": "HG Kuhn",
              "bowler": "L Sipamla",
              "non_striker": "WB Marshall",
              "runs": {
                "batter": 0,
                "extras": 0,
                "total": 0
              },
              "wickets": [
                {
                  "player_out": "HG Kuhn",
                  "kind": "bowled"
                }
              ]
            },
            {
              "batter": "L Senokwane",
              "bowler": "L Sipamla",
              "non_striker": "WB Marshall",
              "runs": {
                "batter": 1,
                "extras": 0,
                "total": 1
              }
            }
          ]
        },
        {
          "over": 1,
          "deliveries": [
            {
              "batter": "L Senokwane",
              "bowler": "T Bokako",
              "non_striker": "WB Marshall",
              "runs": {
                "batter": 1,
                "extras": 0,
                "total": 1
              }
            },
            {
              "batter": "WB Marshall",
              "bowler": "T Bokako",
              "non_striker": "L Senokwane",
              "runs": {
                "batter": 4,
                "extras": 0,
                "total": 4
              }
            },
            {
              "batter": "WB Marshall",
              "bowler": "T Bokako",
              "non_striker": "L Senokwane",
              "runs": {
                "batter": 0,
                "extras": 0,
                "total": 0
              }
            },
            {
              "batter": "WB Marshall",
              "bowler": "T Bokako",
              "non_striker": "L Senokwane",
              "runs": {
                "batter": 0,
                "extras": 0,
                "total": 0
              },
              "wickets": [
                {
                  "player_out": "WB Marshall",
                  "fielders": [
                    {
                      "name": "E Jones"
                    }
                  ],
                  "kind": "caught"
                }
              ]
            },
            {
              "batter": "TG Mokoena",
              "bowler": "T Bokako",
              "non_striker": "L Senokwane",
              "runs": {
                "batter": 0,
                "extras": 0,
                "total": 0
              }
            },
            {
              "batter": "TG Mokoena",
              "bowler": "T Bokako",
              "non_striker": "L Senokwane",
              "runs": {
                "batter": 0,
                "extras": 0,
                "total": 0
              }
            }
          ]
        },
        {
          "over": 2,
          "deliveries": [
            {
              "batter": "L Senokwane",
              "bowler": "Codi Yusuf",
              "non_striker": "TG Mokoena",
              "runs": {
                "batter": 0,
                "extras": 0,
                "total": 0
              }
            },
            {
              "batter": "L Senokwane",
              "bowler": "Codi Yusuf",
              "non_striker": "TG Mokoena",
              "runs": {
                "batter": 1,
                "extras": 0,
                "total": 1
              }
            },
            {
              "batter": "TG Mokoena",
              "bowler": "Codi Yusuf",
              "non_striker": "L Senokwane",
              "runs": {
                "batter": 0,
                "extras": 0,
                "total": 0
              }
            },
            {
              "batter": "TG Mokoena",
              "bowler": "Codi Yusuf",
              "non_striker": "L Senokwane",
              "runs": {
                "batter": 1,
                "extras": 0,
                "total": 1
              }
            },
            {
              "batter": "L Senokwane",
              "bowler": "Codi Yusuf",
              "non_striker": "TG Mokoena",
              "runs": {
                "batter": 1,
                "extras": 0,
                "total": 1
              }
            },
            {
              "batter": "TG Mokoena",
              "bowler": "Codi Yusuf",
              "non_striker": "L Senokwane",
              "runs": {
                "batter": 0,
                "extras": 0,
                "total": 0
              }
            }
          ]
        },
        {
          "over": 3,
          "deliveries": [
            {
              "batter": "L Senokwane",
              "bowler": "T Bokako",
              "non_striker": "TG Mokoena",
              "runs": {
                "batter": 0,
                "extras": 0,
                "total": 0
              }
            },
            {
              "batter": "L Senokwane",
              "bowler": "T Bokako",
              "non_striker": "TG Mokoena",
              "runs": {
                "batter": 0,
                "extras": 0,
                "total": 0
              }
            },
            {
              "batter": "L Senokwane",
              "bowler": "T Bokako",
              "extras": {
                "legbyes": 1
              },
              "non_striker": "TG Mokoena",
              "runs": {
                "batter": 0,
                "extras": 1,
                "total": 1
              }
            },
            {
              "batter": "TG Mokoena",
              "bowler": "T Bokako",
              "non_striker": "L Senokwane",
              "runs": {
                "batter": 0,
                "extras": 0,
                "total": 0
              }
            },
            {
              "batter": "TG Mokoena",
              "bowler": "T Bokako",
              "non_striker": "L Senokwane",
              "runs": {
                "batter": 4,
                "extras": 0,
                "total": 4
              }
            },
            {
              "batter": "TG Mokoena",
              "bowler": "T Bokako",
              "non_striker": "L Senokwane",
              "runs": {
                "batter": 2,
                "extras": 0,
                "total": 2
              }
            }
          ]
        },
        {
          "over": 4,
          "deliveries": [
            {
              "batter": "L Senokwane",
              "bowler": "PWA Mulder",
              "non_striker": "TG Mokoena",
              "runs": {
                "batter": 1,
                "extras": 0,
                "total": 1
              }
            },
            {
              "batter": "TG Mokoena",
              "bowler": "PWA Mulder",
              "non_striker": "L Senokwane",
              "runs": {
                "batter": 3,
                "extras": 0,
                "total": 3
              }
            },
            {
              "batter": "L Senokwane",
              "bowler": "PWA Mulder",
              "non_striker": "TG Mokoena",
              "runs": {
                "batter": 1,
                "extras": 0,
                "total": 1
              }
            },
            {
              "batter": "TG Mokoena",
              "bowler": "PWA Mulder",
              "non_striker": "L Senokwane",
              "runs": {
                "batter": 2,
                "extras": 0,
                "total": 2
              }
            },
            {
              "batter": "TG Mokoena",
              "bowler": "PWA Mulder",
              "non_striker": "L Senokwane",
              "runs": {
                "batter": 0,
                "extras": 0,
                "total": 0
              }
            },
            {
              "batter": "TG Mokoena",
              "bowler": "PWA Mulder",
              "non_striker": "L Senokwane",
              "runs": {
                "batter": 0,
                "extras": 0,
                "total": 0
              }
            }
          ]
        },
        {
          "over": 5,
          "deliveries": [
            {
              "batter": "L Senokwane",
              "bowler": "MP Siboto",
              "non_striker": "TG Mokoena",
              "runs": {
                "batter": 2,
                "extras": 0,
                "total": 2
              }
            },
            {
              "batter": "L Senokwane",
              "bowler": "MP Siboto",
              "non_striker": "TG Mokoena",
              "runs": {
                "batter": 0,
                "extras": 0,
                "total": 0
              }
            },
            {
              "batter": "L Senokwane",
              "bowler": "MP Siboto",
              "non_striker": "TG Mokoena",
              "runs": {
                "batter": 0,
                "extras": 0,
                "total": 0
              }
            },
            {
              "batter": "L Senokwane",
              "bowler": "MP Siboto",
              "non_striker": "TG Mokoena",
              "runs": {
                "batter": 1,
                "extras": 0,
                "total": 1
              }
            },
            {
              "batter": "TG Mokoena",
              "bowler": "MP Siboto",
              "non_striker": "L Senokwane",
              "runs": {
                "batter": 1,
                "extras": 0,
                "total": 1
              }
            },
            {
              "batter": "L Senokwane",
              "bowler": "MP Siboto",
              "non_striker": "TG Mokoena",
              "runs": {
                "batter": 0,
                "extras": 0,
                "total": 0
              }
            }
          ]
        },
        {
          "over": 6,
          "deliveries": [
            {
              "batter": "TG Mokoena",
              "bowler": "TM Maphaka",
              "non_striker": "L Senokwane",
              "runs": {
                "batter": 2,
                "extras": 0,
                "total": 2
              }
            },
            {
              "batter": "TG Mokoena",
              "bowler": "TM Maphaka",
              "non_striker": "L Senokwane",
              "runs": {
                "batter": 1,
                "extras": 0,
                "total": 1
              }
            },
            {
              "batter": "L Senokwane",
              "bowler": "TM Maphaka",
              "non_striker": "TG Mokoena",
              "runs": {
                "batter": 1,
                "extras": 0,
                "total": 1
              }
            },
            {
              "batter": "TG Mokoena",
              "bowler": "TM Maphaka",
              "non_striker": "L Senokwane",
              "runs": {
                "batter": 4,
                "extras": 0,
                "total": 4
              }
            },
            {
              "batter": "TG Mokoena",
              "bowler": "TM Maphaka",
              "non_striker": "L Senokwane",
              "runs": {
                "batter": 0,
                "extras": 0,
                "total": 0
              }
            },
            {
              "batter": "TG Mokoena",
              "bowler": "TM Maphaka",
              "non_striker": "L Senokwane",
              "runs": {
                "batter": 0,
                "extras": 0,
                "total": 0
              }
            }
          ]
        },
        {
          "over": 7,
          "deliveries": [
            {
              "batter": "L Senokwane",
              "bowler": "L Sipamla",
              "non_striker": "TG Mokoena",
              "runs": {
                "batter": 2,
                "extras": 0,
                "total": 2
              }
            },
            {
              "batter": "L Senokwane",
              "bowler": "L Sipamla",
              "non_striker": "TG Mokoena",
              "runs": {
                "batter": 0,
                "extras": 0,
                "total": 0
              }
            },
            {
              "batter": "L Senokwane",
              "bowler": "L Sipamla",
              "non_striker": "TG Mokoena",
              "runs": {
                "batter": 4,
                "extras": 0,
                "total": 4
              }
            },
            {
              "batter": "L Senokwane",
              "bowler": "L Sipamla",
              "non_striker": "TG Mokoena",
              "runs": {
                "batter": 1,
                "extras": 0,
                "total": 1
              }
            },
            {
              "batter": "TG Mokoena",
              "bowler": "L Sipamla",
              "non_striker": "L Senokwane",
              "runs": {
                "batter": 0,
                "extras": 0,
                "total": 0
              },
              "wickets": [
                {
                  "player_out": "TG Mokoena",
                  "fielders": [
                    {
                      "name": "DA Hendricks"
                    }
                  ],
                  "kind": "caught"
                }
              ]
            },
            {
              "batter": "D Potgieter",
              "bowler": "L Sipamla",
              "non_striker": "L Senokwane",
              "runs": {
                "batter": 4,
                "extras": 0,
                "total": 4
              }
            }
          ]
        },
        {
          "over": 8,
          "deliveries": [
            {
              "batter": "L Senokwane",
              "bowler": "MP Siboto",
              "non_striker": "D Potgieter",
              "runs": {
                "batter": 1,
                "extras": 0,
                "total": 1
              }
            },
            {
              "batter": "D Potgieter",
              "bowler": "MP Siboto",
              "non_striker": "L Senokwane",
              "runs": {
                "batter": 0,
                "extras": 0,
                "total": 0
              }
            },
            {
              "batter": "D Potgieter",
              "bowler": "MP Siboto",
              "non_striker": "L Senokwane",
              "runs": {
                "batter": 1,
                "extras": 0,
                "total": 1
              }
            },
            {
              "batter": "L Senokwane",
              "bowler": "MP Siboto",
              "non_striker": "D Potgieter",
              "runs": {
                "batter": 6,
                "extras": 0,
                "total": 6
              }
            },
            {
              "batter": "L Senokwane",
              "bowler": "MP Siboto",
              "non_striker": "D Potgieter",
              "runs": {
                "batter": 1,
                "extras": 0,
                "total": 1
              }
            },
            {
              "batter": "D Potgieter",
              "bowler": "MP Siboto",
              "non_striker": "L Senokwane",
              "runs": {
                "batter": 0,
                "extras": 0,
                "total": 0
              }
            }
          ]
        },
        {
          "over": 9,
          "deliveries": [
            {
              "batter": "L Senokwane",
              "bowler": "PWA Mulder",
              "non_striker": "D Potgieter",
              "runs": {
                "batter": 1,
                "extras": 0,
                "total": 1
              }
            },
            {
              "batter": "D Potgieter",
              "bowler": "PWA Mulder",
              "non_striker": "L Senokwane",
              "runs": {
                "batter": 1,
                "extras": 0,
                "total": 1
              }
            },
            {
              "batter": "L Senokwane",
              "bowler": "PWA Mulder",
              "non_striker": "D Potgieter",
              "runs": {
                "batter": 0,
                "extras": 0,
                "total": 0
              }
            },
            {
              "batter": "L Senokwane",
              "bowler": "PWA Mulder",
              "non_striker": "D Potgieter",
              "runs": {
                "batter": 0,
                "extras": 0,
                "total": 0
              }
            },
            {
              "batter": "L Senokwane",
              "bowler": "PWA Mulder",
              "non_striker": "D Potgieter",
              "runs": {
                "batter": 0,
                "extras": 0,
                "total": 0
              }
            },
            {
              "batter": "L Senokwane",
              "bowler": "PWA Mulder",
              "non_striker": "D Potgieter",
              "runs": {
                "batter": 1,
                "extras": 0,
                "total": 1
              }
            }
          ]
        },
        {
          "over": 10,
          "deliveries": [
            {
              "batter": "L Senokwane",
              "bowler": "Codi Yusuf",
              "non_striker": "D Potgieter",
              "runs": {
                "batter": 0,
                "extras": 0,
                "total": 0
              },
              "wickets": [
                {
                  "player_out": "L Senokwane",
                  "kind": "bowled"
                }
              ]
            },
            {
              "batter": "S Muthusamy",
              "bowler": "Codi Yusuf",
              "non_striker": "D Potgieter",
              "runs": {
                "batter": 0,
                "extras": 0,
                "total": 0
              }
            },
            {
              "batter": "S Muthusamy",
              "bowler": "Codi Yusuf",
              "non_striker": "D Potgieter",
              "runs": {
                "batter": 1,
                "extras": 0,
                "total": 1
              }
            },
            {
              "batter": "D Potgieter",
              "bowler": "Codi Yusuf",
              "extras": {
                "wides": 1
              },
              "non_striker": "S Muthusamy",
              "runs": {
                "batter": 0,
                "extras": 1,
                "total": 1
              }
            },
            {
              "batter": "D Potgieter",
              "bowler": "Codi Yusuf",
              "non_striker": "S Muthusamy",
              "runs": {
                "batter": 1,
                "extras": 0,
                "total": 1
              }
            },
            {
              "batter": "S Muthusamy",
              "bowler": "Codi Yusuf",
              "non_striker": "D Potgieter",
              "runs": {
                "batter": 1,
                "extras": 0,
                "total": 1
              }
            },
            {
              "batter": "D Potgieter",
              "bowler": "Codi Yusuf",
              "non_striker": "S Muthusamy",
              "runs": {
                "batter": 1,
                "extras": 0,
                "total": 1
              }
            }
          ]
        },
        {
          "over": 11,
          "deliveries": [
            {
              "batter": "D Potgieter",
              "bowler": "T Bokako",
              "non_striker": "S Muthusamy",
              "runs": {
                "batter": 1,
                "extras": 0,
                "total": 1
              }
            },
            {
              "batter": "S Muthusamy",
              "bowler": "T Bokako",
              "non_striker": "D Potgieter",
              "runs": {
                "batter": 1,
                "extras": 0,
                "total": 1
              }
            },
            {
              "batter": "D Potgieter",
              "bowler": "T Bokako",
              "non_striker": "S Muthusamy",
              "runs": {
                "batter": 4,
                "extras": 0,
                "total": 4
              }
            },
            {
              "batter": "D Potgieter",
              "bowler": "T Bokako",
              "non_striker": "S Muthusamy",
              "runs": {
                "batter": 1,
                "extras": 0,
                "total": 1
              }
            },
            {
              "batter": "S Muthusamy",
              "bowler": "T Bokako",
              "extras": {
                "wides": 1
              },
              "non_striker": "D Potgieter",
              "runs": {
                "batter": 0,
                "extras": 1,
                "total": 1
              }
            },
            {
              "batter": "S Muthusamy",
              "bowler": "T Bokako",
              "non_striker": "D Potgieter",
              "runs": {
                "batter": 2,
                "extras": 0,
                "total": 2
              }
            },
            {
              "batter": "S Muthusamy",
              "bowler": "T Bokako",
              "non_striker": "D Potgieter",
              "runs": {
                "batter": 1,
                "extras": 0,
                "total": 1
              }
            }
          ]
        },
        {
          "over": 12,
          "deliveries": [
            {
              "batter": "S Muthusamy",
              "bowler": "E Jones",
              "non_striker": "D Potgieter",
              "runs": {
                "batter": 0,
                "extras": 0,
                "total": 0
              }
            },
            {
              "batter": "S Muthusamy",
              "bowler": "E Jones",
              "non_striker": "D Potgieter",
              "runs": {
                "batter": 0,
                "extras": 0,
                "total": 0
              }
            },
            {
              "batter": "S Muthusamy",
              "bowler": "E Jones",
              "non_striker": "D Potgieter",
              "runs": {
                "batter": 6,
                "extras": 0,
                "total": 6
              }
            },
            {
              "batter": "S Muthusamy",
              "bowler": "E Jones",
              "non_striker": "D Potgieter",
              "runs": {
                "batter": 0,
                "extras": 0,
                "total": 0
              }
            },
            {
              "batter": "S Muthusamy",
              "bowler": "E Jones",
              "non_striker": "D Potgieter",
              "runs": {
                "batter": 1,
                "extras": 0,
                "total": 1
              }
            },
            {
              "batter": "D Potgieter",
              "bowler": "E Jones",
              "non_striker": "S Muthusamy",
              "runs": {
                "batter": 1,
                "extras": 0,
                "total": 1
              }
            }
          ]
        },
        {
          "over": 13,
          "deliveries": [
            {
              "batter": "D Potgieter",
              "bowler": "Codi Yusuf",
              "non_striker": "S Muthusamy",
              "runs": {
                "batter": 4,
                "extras": 0,
                "total": 4
              }
            },
            {
              "batter": "D Potgieter",
              "bowler": "Codi Yusuf",
              "non_striker": "S Muthusamy",
              "runs": {
                "batter": 6,
                "extras": 0,
                "total": 6
              }
            },
            {
              "batter": "D Potgieter",
              "bowler": "Codi Yusuf",
              "non_striker": "S Muthusamy",
              "runs": {
                "batter": 1,
                "extras": 0,
                "total": 1
              }
            },
            {
              "batter": "S Muthusamy",
              "bowler": "Codi Yusuf",
              "non_striker": "D Potgieter",
              "runs": {
                "batter": 1,
                "extras": 0,
                "total": 1
              }
            },
            {
              "batter": "D Potgieter",
              "bowler": "Codi Yusuf",
              "non_striker": "S Muthusamy",
              "runs": {
                "batter": 4,
                "extras": 0,
                "total": 4
              }
            },
            {
              "batter": "D Potgieter",
              "bowler": "Codi Yusuf",
              "non_striker": "S Muthusamy",
              "runs": {
                "batter": 4,
                "extras": 0,
                "total": 4
              }
            }
          ]
        },
        {
          "over": 14,
          "deliveries": [
            {
              "batter": "S Muthusamy",
              "bowler": "CS Delport",
              "extras": {
                "legbyes": 1
              },
              "non_striker": "D Potgieter",
              "runs": {
                "batter": 0,
                "extras": 1,
                "total": 1
              }
            },
            {
              "batter": "D Potgieter",
              "bowler": "CS Delport",
              "non_striker": "S Muthusamy",
              "runs": {
                "batter": 0,
                "extras": 0,
                "total": 0
              },
              "wickets": [
                {
                  "player_out": "D Potgieter",
                  "kind": "caught and bowled"
                }
              ]
            },
            {
              "batter": "K Cotani",
              "bowler": "CS Delport",
              "non_striker": "S Muthusamy",
              "runs": {
                "batter": 0,
                "extras": 0,
                "total": 0
              }
            },
            {
              "batter": "K Cotani",
              "bowler": "CS Delport",
              "non_striker": "S Muthusamy",
              "runs": {
                "batter": 1,
                "extras": 0,
                "total": 1
              }
            },
            {
              "batter": "S Muthusamy",
              "bowler": "CS Delport",
              "non_striker": "K Cotani",
              "runs": {
                "batter": 1,
                "extras": 0,
                "total": 1
              }
            },
            {
              "batter": "K Cotani",
              "bowler": "CS Delport",
              "non_striker": "S Muthusamy",
              "runs": {
                "batter": 1,
                "extras": 0,
                "total": 1
              }
            }
          ]
        },
        {
          "over": 15,
          "deliveries": [
            {
              "batter": "K Cotani",
              "bowler": "TM Maphaka",
              "non_striker": "S Muthusamy",
              "runs": {
                "batter": 1,
                "extras": 0,
                "total": 1
              }
            },
            {
              "batter": "S Muthusamy",
              "bowler": "TM Maphaka",
              "non_striker": "K Cotani",
              "runs": {
                "batter": 6,
                "extras": 0,
                "total": 6
              }
            },
            {
              "batter": "S Muthusamy",
              "bowler": "TM Maphaka",
              "non_striker": "K Cotani",
              "runs": {
                "batter": 6,
                "extras": 0,
                "total": 6
              }
            },
            {
              "batter": "S Muthusamy",
              "bowler": "TM Maphaka",
              "non_striker": "K Cotani",
              "runs": {
                "batter": 1,
                "extras": 0,
                "total": 1
              }
            },
            {
              "batter": "K Cotani",
              "bowler": "TM Maphaka",
              "extras": {
                "wides": 1
              },
              "non_striker": "S Muthusamy",
              "runs": {
                "batter": 0,
                "extras": 1,
                "total": 1
              }
            },
            {
              "batter": "K Cotani",
              "bowler": "TM Maphaka",
              "non_striker": "S Muthusamy",
              "runs": {
                "batter": 1,
                "extras": 0,
                "total": 1
              }
            },
            {
              "batter": "S Muthusamy",
              "bowler": "TM Maphaka",
              "extras": {
                "legbyes": 1
              },
              "non_striker": "K Cotani",
              "runs": {
                "batter": 0,
                "extras": 1,
                "total": 1
              }
            }
          ]
        },
        {
          "over": 16,
          "deliveries": [
            {
              "batter": "S Muthusamy",
              "bowler": "CS Delport",
              "non_striker": "K Cotani",
              "runs": {
                "batter": 4,
                "extras": 0,
                "total": 4
              }
            },
            {
              "batter": "S Muthusamy",
              "bowler": "CS Delport",
              "non_striker": "K Cotani",
              "runs": {
                "batter": 1,
                "extras": 0,
                "total": 1
              }
            },
            {
              "batter": "K Cotani",
              "bowler": "CS Delport",
              "non_striker": "S Muthusamy",
              "runs": {
                "batter": 1,
                "extras": 0,
                "total": 1
              }
            },
            {
              "batter": "S Muthusamy",
              "bowler": "CS Delport",
              "non_striker": "K Cotani",
              "runs": {
                "batter": 4,
                "extras": 0,
                "total": 4
              }
            },
            {
              "batter": "S Muthusamy",
              "bowler": "CS Delport",
              "non_striker": "K Cotani",
              "runs": {
                "batter": 1,
                "extras": 0,
                "total": 1
              }
            },
            {
              "batter": "K Cotani",
              "bowler": "CS Delport",
              "non_striker": "S Muthusamy",
              "runs": {
                "batter": 1,
                "extras": 0,
                "total": 1
              }
            }
          ]
        },
        {
          "over": 17,
          "deliveries": [
            {
              "batter": "K Cotani",
              "bowler": "L Sipamla",
              "non_striker": "S Muthusamy",
              "runs": {
                "batter": 1,
                "extras": 0,
                "total": 1
              }
            },
            {
              "batter": "S Muthusamy",
              "bowler": "L Sipamla",
              "non_striker": "K Cotani",
              "runs": {
                "batter": 6,
                "extras": 0,
                "total": 6
              }
            },
            {
              "batter": "S Muthusamy",
              "bowler": "L Sipamla",
              "non_striker": "K Cotani",
              "runs": {
                "batter": 1,
                "extras": 0,
                "total": 1
              }
            },
            {
              "batter": "K Cotani",
              "bowler": "L Sipamla",
              "non_striker": "S Muthusamy",
              "runs": {
                "batter": 1,
                "extras": 0,
                "total": 1
              }
            },
            {
              "batter": "S Muthusamy",
              "bowler": "L Sipamla",
              "non_striker": "K Cotani",
              "runs": {
                "batter": 0,
                "extras": 0,
                "total": 0
              }
            },
            {
              "batter": "S Muthusamy",
              "bowler": "L Sipamla",
              "non_striker": "K Cotani",
              "runs": {
                "batter": 6,
                "extras": 0,
                "total": 6
              }
            }
          ]
        },
        {
          "over": 18,
          "deliveries": [
            {
              "batter": "K Cotani",
              "bowler": "PWA Mulder",
              "non_striker": "S Muthusamy",
              "runs": {
                "batter": 0,
                "extras": 0,
                "total": 0
              },
              "wickets": [
                {
                  "player_out": "K Cotani",
                  "fielders": [
                    {
                      "name": "RD Rickelton"
                    }
                  ],
                  "kind": "caught"
                }
              ]
            },
            {
              "batter": "D Jansen",
              "bowler": "PWA Mulder",
              "non_striker": "S Muthusamy",
              "runs": {
                "batter": 0,
                "extras": 0,
                "total": 0
              }
            },
            {
              "batter": "D Jansen",
              "bowler": "PWA Mulder",
              "non_striker": "S Muthusamy",
              "runs": {
                "batter": 1,
                "extras": 0,
                "total": 1
              }
            },
            {
              "batter": "S Muthusamy",
              "bowler": "PWA Mulder",
              "non_striker": "D Jansen",
              "runs": {
                "batter": 4,
                "extras": 0,
                "total": 4
              }
            },
            {
              "batter": "S Muthusamy",
              "bowler": "PWA Mulder",
              "non_striker": "D Jansen",
              "runs": {
                "batter": 1,
                "extras": 0,
                "total": 1
              }
            },
            {
              "batter": "D Jansen",
              "bowler": "PWA Mulder",
              "non_striker": "S Muthusamy",
              "runs": {
                "batter": 4,
                "extras": 0,
                "total": 4
              }
            }
          ]
        },
        {
          "over": 19,
          "deliveries": [
            {
              "batter": "S Muthusamy",
              "bowler": "MP Siboto",
              "non_striker": "D Jansen",
              "runs": {
                "batter": 4,
                "extras": 0,
                "total": 4
              }
            }
          ]
        }
      ],
      "powerplays": [
        {
          "from": 0.1,
          "to": 5.6,
          "type": "mandatory"
        }
      ],
      "target": {
        "overs": 20,
        "runs": 175
      }
    }
  ]
}