{
  "meta": {
    "data_version": "1.1.0",
    "created": "2022-10-27",
    "revision": 2
  },
  "info": {
    "balls_per_over": 6,
    "city": "Potchefstroom",
    "dates": [
      "2022-10-21"
    ],
    "event": {
      "name": "CSA T20 Challenge",
      "match_number": 10
    },
    "gender": "male",
    "match_type": "T20",
    "missing": [
      "player_of_match"
    ],
    "officials": {
      "match_referees": [
        "LH Matroos"
      ],
      "reserve_umpires": [
        "A Jacobs"
      ],
      "tv_umpires": [
        "PJ Vosloo"
      ],
      "umpires": [
        "A Steenkamp",
        "A Paleker"
      ]
    },
    "outcome": {
      "winner": "Lions",
      "by": {
        "wickets": 7
      },
      "method": "D/L"
    },
    "overs": 20,
    "players": {
      "Warriors": [
        "LC Ngoepe",
        "WJ Lubbe",
        "MP Breetzke",
        "RS Second",
        "J Hermann",
        "S Qeshile",
        "B Swanepoel",
        "GA Stuurman",
        "K Molefe",
        "Z Abrahams",
        "Tsepo Ndwandwa"
      ],
      "Lions": [
        "RD Rickelton",
        "CS Delport",
        "M Van Buuren",
        "DA Hendricks",
        "PWA Mulder",
        "E Jones",
        "MP Siboto",
        "T Bokako",
        "L Sipamla",
        "TM Maphaka",
        "M Manack"
      ]
    },
    "registry": {
      "people": {
        "A Jacobs": "70d117de",
        "A Paleker": "634b11ac",
        "A Steenkamp": "89c62cf5",
        "B Swanepoel": "6e0a2209",
        "CS Delport": "afa78c3a",
        "DA Hendricks": "f66f5343",
        "E Jones": "fbfea9c2",
        "GA Stuurman": "d4d37c31",
        "J Hermann": "e87aeca2",
        "K Molefe": "f51c1a3b",
        "L Sipamla": "f892fcf9",
        "LC Ngoepe": "51355a30",
        "LH Matroos": "6fa18157",
        "M Manack": "2cd3b457",
        "M Van Buuren": "46e4a4e0",
        "MP Breetzke": "35f173a0",
        "MP Siboto": "9d50c7e1",
        "PJ Vosloo": "93a6d2d0",
        "PWA Mulder": "c96f6ac5",
        "RD Rickelton": "e66732f8",
        "RS Second": "13d0b3d6",
        "S Qeshile": "94268960",
        "T Bokako": "032e4384",
        "TM Maphaka": "595f565e",
        "Tsepo Ndwandwa": "be3ffb65",
        "WJ Lubbe": "10f42013",
        "Z Abrahams": "7eb7d5d4"
      }
    },
    "season": "2022/23",
    "team_type": "club",
    "teams": [
      "Warriors",
      "Lions"
    ],
    "toss": {
      "decision": "field",
      "winner": "Lions"
    },
    "venue": "Senwes Park, Potchefstroom"
  },
  "innings": [
    {
      "team": "Warriors",
      "overs": [
        {
          "over": 0,
          "deliveries": [
            {
              "batter": "LC Ngoepe",
              "bowler": "M Manack",
              "non_striker": "WJ Lubbe",
              "runs": {
                "batter": 0,
                "extras": 0,
                "total": 0
              }
            },
            {
              "batter": "LC Ngoepe",
              "bowler": "M Manack",
              "non_striker": "WJ Lubbe",
              "runs": {
                "batter": 1,
                "extras": 0,
                "total": 1
              }
            },
            {
              "batter": "WJ Lubbe",
              "bowler": "M Manack",
              "non_striker": "LC Ngoepe",
              "runs": {
                "batter": 0,
                "extras": 0,
                "total": 0
              }
            },
            {
              "batter": "WJ Lubbe",
              "bowler": "M Manack",
              "non_striker": "LC Ngoepe",
              "runs": {
                "batter": 0,
                "extras": 0,
                "total": 0
              }
            },
            {
              "batter": "WJ Lubbe",
              "bowler": "M Manack",
              "non_striker": "LC Ngoepe",
              "runs": {
                "batter": 0,
                "extras": 0,
                "total": 0
              }
            },
            {
              "batter": "WJ Lubbe",
              "bowler": "M Manack",
              "non_striker": "LC Ngoepe",
              "runs": {
                "batter": 0,
                "extras": 0,
                "total": 0
              }
            }
          ]
        },
        {
          "over": 1,
          "deliveries": [
            {
              "batter": "LC Ngoepe",
              "bowler": "T Bokako",
              "non_striker": "WJ Lubbe",
              "runs": {
                "batter": 2,
                "extras": 0,
                "total": 2
              }
            },
            {
              "batter": "LC Ngoepe",
              "bowler": "T Bokako",
              "non_striker": "WJ Lubbe",
              "runs": {
                "batter": 1,
                "extras": 0,
                "total": 1
              }
            },
            {
              "batter": "WJ Lubbe",
              "bowler": "T Bokako",
              "extras": {
                "wides": 1
              },
              "non_striker": "LC Ngoepe",
              "runs": {
                "batter": 0,
                "extras": 1,
                "total": 1
              }
            },
            {
              "batter": "WJ Lubbe",
              "bowler": "T Bokako",
              "non_striker": "LC Ngoepe",
              "runs": {
                "batter": 1,
                "extras": 0,
                "total": 1
              }
            },
            {
              "batter": "LC Ngoepe",
              "bowler": "T Bokako",
              "non_striker": "WJ Lubbe",
              "runs": {
                "batter": 0,
                "extras": 0,
                "total": 0
              }
            },
            {
              "batter": "LC Ngoepe",
              "bowler": "T Bokako",
              "non_striker": "WJ Lubbe",
              "runs": {
                "batter": 1,
                "extras": 0,
                "total": 1
              }
            },
            {
              "batter": "WJ Lubbe",
              "bowler": "T Bokako",
              "extras": {
                "legbyes": 1
              },
              "non_striker": "LC Ngoepe",
              "runs": {
                "batter": 0,
                "extras": 1,
                "total": 1
              }
            }
          ]
        },
        {
          "over": 2,
          "deliveries": [
            {
              "batter": "WJ Lubbe",
              "bowler": "M Manack",
              "non_striker": "LC Ngoepe",
              "runs": {
                "batter": 1,
                "extras": 0,
                "total": 1
              }
            },
            {
              "batter": "LC Ngoepe",
              "bowler": "M Manack",
              "non_striker": "WJ Lubbe",
              "runs": {
                "batter": 1,
                "extras": 0,
                "total": 1
              }
            },
            {
              "batter": "WJ Lubbe",
              "bowler": "M Manack",
              "non_striker": "LC Ngoepe",
              "runs": {
                "batter": 4,
                "extras": 0,
                "total": 4
              }
            },
            {
              "batter": "WJ Lubbe",
              "bowler": "M Manack",
              "non_striker": "LC Ngoepe",
              "runs": {
                "batter": 1,
                "extras": 0,
                "total": 1
              }
            },
            {
              "batter": "LC Ngoepe",
              "bowler": "M Manack",
              "non_striker": "WJ Lubbe",
              "runs": {
                "batter": 2,
                "extras": 0,
                "total": 2
              }
            },
            {
              "batter": "LC Ngoepe",
              "bowler": "M Manack",
              "non_striker": "WJ Lubbe",
              "runs": {
                "batter": 3,
                "extras": 0,
                "total": 3
              }
            }
          ]
        },
        {
          "over": 3,
          "deliveries": [
            {
              "batter": "LC Ngoepe",
              "bowler": "PWA Mulder",
              "non_striker": "WJ Lubbe",
              "runs": {
                "batter": 1,
                "extras": 0,
                "total": 1
              }
            },
            {
              "batter": "WJ Lubbe",
              "bowler": "PWA Mulder",
              "non_striker": "LC Ngoepe",
              "runs": {
                "batter": 0,
                "extras": 0,
                "total": 0
              }
            },
            {
              "batter": "WJ Lubbe",
              "bowler": "PWA Mulder",
              "extras": {
                "wides": 1
              },
              "non_striker": "LC Ngoepe",
              "runs": {
                "batter": 0,
                "extras": 1,
                "total": 1
              }
            },
            {
              "batter": "WJ Lubbe",
              "bowler": "PWA Mulder",
              "non_striker": "LC Ngoepe",
              "runs": {
                "batter": 1,
                "extras": 0,
                "total": 1
              }
            },
            {
              "batter": "LC Ngoepe",
              "bowler": "PWA Mulder",
              "non_striker": "WJ Lubbe",
              "runs": {
                "batter": 0,
                "extras": 0,
                "total": 0
              }
            },
            {
              "batter": "LC Ngoepe",
              "bowler": "PWA Mulder",
              "non_striker": "WJ Lubbe",
              "runs": {
                "batter": 1,
                "extras": 0,
                "total": 1
              }
            },
            {
              "batter": "WJ Lubbe",
              "bowler": "PWA Mulder",
              "non_striker": "LC Ngoepe",
              "runs": {
                "batter": 0,
                "extras": 0,
                "total": 0
              }
            }
          ]
        },
        {
          "over": 4,
          "deliveries": [
            {
              "batter": "LC Ngoepe",
              "bowler": "MP Siboto",
              "non_striker": "WJ Lubbe",
              "runs": {
                "batter": 3,
                "extras": 0,
                "total": 3
              }
            },
            {
              "batter": "WJ Lubbe",
              "bowler": "MP Siboto",
              "non_striker": "LC Ngoepe",
              "runs": {
                "batter": 4,
                "extras": 0,
                "total": 4
              }
            },
            {
              "batter": "WJ Lubbe",
              "bowler": "MP Siboto",
              "non_striker": "LC Ngoepe",
              "runs": {
                "batter": 1,
                "extras": 0,
                "total": 1
              }
            },
            {
              "batter": "LC Ngoepe",
              "bowler": "MP Siboto",
              "non_striker": "WJ Lubbe",
              "runs": {
                "batter": 0,
                "extras": 0,
                "total": 0
              }
            },
            {
              "batter": "LC Ngoepe",
              "bowler": "MP Siboto",
              "non_striker": "WJ Lubbe",
              "runs": {
                "batter": 0,
                "extras": 0,
                "total": 0
              }
            },
            {
              "batter": "LC Ngoepe",
              "bowler": "MP Siboto",
              "non_striker": "WJ Lubbe",
              "runs": {
                "batter": 1,
                "extras": 0,
                "total": 1
              }
            }
          ]
        },
        {
          "over": 5,
          "deliveries": [
            {
              "batter": "LC Ngoepe",
              "bowler": "PWA Mulder",
              "non_striker": "WJ Lubbe",
              "runs": {
                "batter": 6,
                "extras": 0,
                "total": 6
              }
            },
            {
              "batter": "LC Ngoepe",
              "bowler": "PWA Mulder",
              "non_striker": "WJ Lubbe",
              "runs": {
                "batter": 0,
                "extras": 0,
                "total": 0
              }
            },
            {
              "batter": "LC Ngoepe",
              "bowler": "PWA Mulder",
              "non_striker": "WJ Lubbe",
              "runs": {
                "batter": 0,
                "extras": 0,
                "total": 0
              }
            },
            {
              "batter": "LC Ngoepe",
              "bowler": "PWA Mulder",
              "non_striker": "WJ Lubbe",
              "runs": {
                "batter": 0,
                "extras": 0,
                "total": 0
              }
            },
            {
              "batter": "LC Ngoepe",
              "bowler": "PWA Mulder",
              "non_striker": "WJ Lubbe",
              "runs": {
                "batter": 1,
                "extras": 0,
                "total": 1
              }
            },
            {
              "batter": "WJ Lubbe",
              "bowler": "PWA Mulder",
              "non_striker": "LC Ngoepe",
              "runs": {
                "batter": 0,
                "extras": 0,
                "total": 0
              }
            }
          ]
        },
        {
          "over": 6,
          "deliveries": [
            {
              "batter": "LC Ngoepe",
              "bowler": "L Sipamla",
              "non_striker": "WJ Lubbe",
              "runs": {
                "batter": 2,
                "extras": 0,
                "total": 2
              }
            },
            {
              "batter": "LC Ngoepe",
              "bowler": "L Sipamla",
              "non_striker": "WJ Lubbe",
              "runs": {
                "batter": 6,
                "extras": 0,
                "total": 6
              }
            },
            {
              "batter": "LC Ngoepe",
              "bowler": "L Sipamla",
              "non_striker": "WJ Lubbe",
              "runs": {
                "batter": 0,
                "extras": 0,
                "total": 0
              },
              "wickets": [
                {
                  "player_out": "LC Ngoepe",
                  "fielders": [
                    {
                      "name": "RD Rickelton"
                    }
                  ],
                  "kind": "caught"
                }
              ]
            },
            {
              "batter": "MP Breetzke",
              "bowler": "L Sipamla",
              "non_striker": "WJ Lubbe",
              "runs": {
                "batter": 4,
                "extras": 0,
                "total": 4
              }
            },
            {
              "batter": "MP Breetzke",
              "bowler": "L Sipamla",
              "non_striker": "WJ Lubbe",
              "runs": {
                "batter": 1,
                "extras": 0,
                "total": 1
              }
            },
            {
              "batter": "WJ Lubbe",
              "bowler": "L Sipamla",
              "non_striker": "MP Breetzke",
              "runs": {
                "batter": 2,
                "extras": 0,
                "total": 2
              }
            }
          ]
        },
        {
          "over": 7,
          "deliveries": [
            {
              "batter": "MP Breetzke",
              "bowler": "T Bokako",
              "non_striker": "WJ Lubbe",
              "runs": {
                "batter": 1,
                "extras": 0,
                "total": 1
              }
            },
            {
              "batter": "WJ Lubbe",
              "bowler": "T Bokako",
              "non_striker": "MP Breetzke",
              "runs": {
                "batter": 0,
                "extras": 0,
                "total": 0
              }
            },
            {
              "batter": "WJ Lubbe",
              "bowler": "T Bokako",
              "extras": {
                "legbyes": 1
              },
              "non_striker": "MP Breetzke",
              "runs": {
                "batter": 0,
                "extras": 1,
                "total": 1
              }
            },
            {
              "batter": "MP Breetzke",
              "bowler": "T Bokako",
              "non_striker": "WJ Lubbe",
              "runs": {
                "batter": 0,
                "extras": 0,
                "total": 0
              }
            },
            {
              "batter": "MP Breetzke",
              "bowler": "T Bokako",
              "non_striker": "WJ Lubbe",
              "runs": {
                "batter": 0,
                "extras": 0,
                "total": 0
              }
            },
            {
              "batter": "MP Breetzke",
              "bowler": "T Bokako",
              "non_striker": "WJ Lubbe",
              "runs": {
                "batter": 0,
                "extras": 0,
                "total": 0
              }
            }
          ]
        },
        {
          "over": 8,
          "deliveries": [
            {
              "batter": "WJ Lubbe",
              "bowler": "TM Maphaka",
              "non_striker": "MP Breetzke",
              "runs": {
                "batter": 0,
                "extras": 0,
                "total": 0
              }
            },
            {
              "batter": "WJ Lubbe",
              "bowler": "TM Maphaka",
              "non_striker": "MP Breetzke",
              "runs": {
                "batter": 0,
                "extras": 0,
                "total": 0
              }
            },
            {
              "batter": "WJ Lubbe",
              "bowler": "TM Maphaka",
              "non_striker": "MP Breetzke",
              "runs": {
                "batter": 1,
                "extras": 0,
                "total": 1
              }
            },
            {
              "batter": "MP Breetzke",
              "bowler": "TM Maphaka",
              "non_striker": "WJ Lubbe",
              "runs": {
                "batter": 1,
                "extras": 0,
                "total": 1
              }
            },
            {
              "batter": "WJ Lubbe",
              "bowler": "TM Maphaka",
              "non_striker": "MP Breetzke",
              "runs": {
                "batter": 1,
                "extras": 0,
                "total": 1
              }
            },
            {
              "batter": "MP Breetzke",
              "bowler": "TM Maphaka",
              "non_striker": "WJ Lubbe",
              "runs": {
                "batter": 1,
                "extras": 0,
                "total": 1
              }
            }
          ]
        },
        {
          "over": 9,
          "deliveries": [
            {
              "batter": "MP Breetzke",
              "bowler": "E Jones",
              "non_striker": "WJ Lubbe",
              "runs": {
                "batter": 0,
                "extras": 0,
                "total": 0
              },
              "wickets": [
                {
                  "player_out": "MP Breetzke",
                  "fielders": [
                    {
                      "name": "DA Hendricks"
                    }
                  ],
                  "kind": "caught"
                }
              ]
            },
            {
              "batter": "RS Second",
              "bowler": "E Jones",
              "non_striker": "WJ Lubbe",
              "runs": {
                "batter": 0,
                "extras": 0,
                "total": 0
              }
            },
            {
              "batter": "RS Second",
              "bowler": "E Jones",
              "non_striker": "WJ Lubbe",
              "runs": {
                "batter": 0,
                "extras": 0,
                "total": 0
              }
            },
            {
              "batter": "RS Second",
              "bowler": "E Jones",
              "non_striker": "WJ Lubbe",
              "runs": {
                "batter": 4,
                "extras": 0,
                "total": 4
              }
            },
            {
              "batter": "RS Second",
              "bowler": "E Jones",
              "non_striker": "WJ Lubbe",
              "runs": {
                "batter": 0,
                "extras": 0,
                "total": 0
              }
            },
            {
              "batter": "RS Second",
              "bowler": "E Jones",
              "non_striker": "WJ Lubbe",
              "runs": {
                "batter": 0,
                "extras": 0,
                "total": 0
              }
            }
          ]
        },
        {
          "over": 10,
          "deliveries": [
            {
              "batter": "WJ Lubbe",
              "bowler": "TM Maphaka",
              "non_striker": "RS Second",
              "runs": {
                "batter": 1,
                "extras": 0,
                "total": 1
              }
            },
            {
              "batter": "RS Second",
              "bowler": "TM Maphaka",
              "non_striker": "WJ Lubbe",
              "runs": {
                "batter": 0,
                "extras": 0,
                "total": 0
              }
            },
            {
              "batter": "RS Second",
              "bowler": "TM Maphaka",
              "non_striker": "WJ Lubbe",
              "runs": {
                "batter": 0,
                "extras": 0,
                "total": 0
              }
            },
            {
              "batter": "RS Second",
              "bowler": "TM Maphaka",
              "non_striker": "WJ Lubbe",
              "runs": {
                "batter": 1,
                "extras": 0,
                "total": 1
              }
            },
            {
              "batter": "WJ Lubbe",
              "bowler": "TM Maphaka",
              "extras": {
                "byes": 1
              },
              "non_striker": "RS Second",
              "runs": {
                "batter": 0,
                "extras": 1,
                "total": 1
              }
            },
            {
              "batter": "RS Second",
              "bowler": "TM Maphaka",
              "non_striker": "WJ Lubbe",
              "runs": {
                "batter": 2,
                "extras": 0,
                "total": 2
              }
            }
          ]
        },
        {
          "over": 11,
          "deliveries": [
            {
              "batter": "WJ Lubbe",
              "bowler": "E Jones",
              "non_striker": "RS Second",
              "runs": {
                "batter": 2,
                "extras": 0,
                "total": 2
              }
            },
            {
              "batter": "WJ Lubbe",
              "bowler": "E Jones",
              "extras": {
                "wides": 1
              },
              "non_striker": "RS Second",
              "runs": {
                "batter": 0,
                "extras": 1,
                "total": 1
              }
            },
            {
              "batter": "WJ Lubbe",
              "bowler": "E Jones",
              "non_striker": "RS Second",
              "runs": {
                "batter": 1,
                "extras": 0,
                "total": 1
              }
            },
            {
              "batter": "RS Second",
              "bowler": "E Jones",
              "non_striker": "WJ Lubbe",
              "runs": {
                "batter": 0,
                "extras": 0,
                "total": 0
              }
            },
            {
              "batter": "RS Second",
              "bowler": "E Jones",
              "extras": {
                "wides": 1
              },
              "non_striker": "WJ Lubbe",
              "runs": {
                "batter": 0,
                "extras": 1,
                "total": 1
              }
            },
            {
              "batter": "RS Second",
              "bowler": "E Jones",
              "non_striker": "WJ Lubbe",
              "runs": {
                "batter": 1,
                "extras": 0,
                "total": 1
              }
            },
            {
              "batter": "WJ Lubbe",
              "bowler": "E Jones",
              "non_striker": "RS Second",
              "runs": {
                "batter": 0,
                "extras": 0,
                "total": 0
              }
            },
            {
              "batter": "WJ Lubbe",
              "bowler": "E Jones",
              "non_striker": "RS Second",
              "runs": {
                "batter": 0,
                "extras": 0,
                "total": 0
              }
            }
          ]
        },
        {
          "over": 12,
          "deliveries": [
            {
              "batter": "RS Second",
              "bowler": "TM Maphaka",
              "non_striker": "WJ Lubbe",
              "runs": {
                "batter": 4,
                "extras": 0,
                "total": 4
              }
            },
            {
              "batter": "RS Second",
              "bowler": "TM Maphaka",
              "non_striker": "WJ Lubbe",
              "runs": {
                "batter": 0,
                "extras": 0,
                "total": 0
              },
              "wickets": [
                {
                  "player_out": "RS Second",
                  "kind": "bowled"
                }
              ]
            },
            {
              "batter": "J Hermann",
              "bowler": "TM Maphaka",
              "non_striker": "WJ Lubbe",
              "runs": {
                "batter": 1,
                "extras": 0,
                "total": 1
              }
            },
            {
              "batter": "WJ Lubbe",
              "bowler": "TM Maphaka",
              "non_striker": "J Hermann",
              "runs": {
                "batter": 1,
                "extras": 0,
                "total": 1
              }
            },
            {
              "batter": "J Hermann",
              "bowler": "TM Maphaka",
              "non_striker": "WJ Lubbe",
              "runs": {
                "batter": 2,
                "extras": 0,
                "total": 2
              }
            },
            {
              "batter": "J Hermann",
              "bowler": "TM Maphaka",
              "non_striker": "WJ Lubbe",
              "runs": {
                "batter": 1,
                "extras": 0,
                "total": 1
              }
            }
          ]
        },
        {
          "over": 13,
          "deliveries": [
            {
              "batter": "J Hermann",
              "bowler": "E Jones",
              "extras": {
                "wides": 1
              },
              "non_striker": "WJ Lubbe",
              "runs": {
                "batter": 0,
                "extras": 1,
                "total": 1
              }
            },
            {
              "batter": "J Hermann",
              "bowler": "E Jones",
              "non_striker": "WJ Lubbe",
              "runs": {
                "batter": 0,
                "extras": 0,
                "total": 0
              }
            },
            {
              "batter": "J Hermann",
              "bowler": "E Jones",
              "non_striker": "WJ Lubbe",
              "runs": {
                "batter": 0,
                "extras": 0,
                "total": 0
              }
            },
            {
              "batter": "J Hermann",
              "bowler": "E Jones",
              "non_striker": "WJ Lubbe",
              "runs": {
                "batter": 0,
                "extras": 0,
                "total": 0
              }
            },
            {
              "batter": "J Hermann",
              "bowler": "E Jones",
              "non_striker": "WJ Lubbe",
              "runs": {
                "batter": 1,
                "extras": 0,
                "total": 1
              }
            },
            {
              "batter": "WJ Lubbe",
              "bowler": "E Jones",
              "non_striker": "J Hermann",
              "runs": {
                "batter": 0,
                "extras": 0,
                "total": 0
              }
            },
            {
              "batter": "WJ Lubbe",
              "bowler": "E Jones",
              "non_striker": "J Hermann",
              "runs": {
                "batter": 1,
                "extras": 0,
                "total": 1
              }
            }
          ]
        },
        {
          "over": 14,
          "deliveries": [
            {
              "batter": "WJ Lubbe",
              "bowler": "M Manack",
              "non_striker": "J Hermann",
              "runs": {
                "batter": 1,
                "extras": 0,
                "total": 1
              }
            },
            {
              "batter": "J Hermann",
              "bowler": "M Manack",
              "non_striker": "WJ Lubbe",
              "runs": {
                "batter": 0,
                "extras": 0,
                "total": 0
              }
            },
            {
              "batter": "J Hermann",
              "bowler": "M Manack",
              "non_striker": "WJ Lubbe",
              "runs": {
                "batter": 6,
                "extras": 0,
                "total": 6
              }
            },
            {
              "batter": "J Hermann",
              "bowler": "M Manack",
              "non_striker": "WJ Lubbe",
              "runs": {
                "batter": 1,
                "extras": 0,
                "total": 1
              }
            },
            {
              "batter": "WJ Lubbe",
              "bowler": "M Manack",
              "non_striker": "J Hermann",
              "runs": {
                "batter": 0,
                "extras": 0,
                "total": 0
              }
            },
            {
              "batter": "WJ Lubbe",
              "bowler": "M Manack",
              "non_striker": "J Hermann",
              "runs": {
                "batter": 1,
                "extras": 0,
                "total": 1
              }
            }
          ]
        },
        {
          "over": 15,
          "deliveries": [
            {
              "batter": "WJ Lubbe",
              "bowler": "E Jones",
              "non_striker": "J Hermann",
              "runs": {
                "batter": 2,
                "extras": 0,
                "total": 2
              }
            },
            {
              "batter": "WJ Lubbe",
              "bowler": "E Jones",
              "non_striker": "J Hermann",
              "runs": {
                "batter": 0,
                "extras": 0,
                "total": 0
              },
              "wickets": [
                {
                  "player_out": "WJ Lubbe",
                  "fielders": [
                    {
                      "name": "L Sipamla"
                    }
                  ],
                  "kind": "caught"
                }
              ]
            },
            {
              "batter": "S Qeshile",
              "bowler": "E Jones",
              "non_striker": "J Hermann",
              "runs": {
                "batter": 1,
                "extras": 0,
                "total": 1
              }
            },
            {
              "batter": "J Hermann",
              "bowler": "E Jones",
              "non_striker": "S Qeshile",
              "runs": {
                "batter": 2,
                "extras": 0,
                "total": 2
              }
            },
            {
              "batter": "J Hermann",
              "bowler": "E Jones",
              "non_striker": "S Qeshile",
              "runs": {
                "batter": 1,
                "extras": 0,
                "total": 1
              }
            },
            {
              "batter": "S Qeshile",
              "bowler": "E Jones",
              "non_striker": "J Hermann",
              "runs": {
                "batter": 1,
                "extras": 0,
                "total": 1
              }
            }
          ]
        },
        {
          "over": 16,
          "deliveries": [
            {
              "batter": "S Qeshile",
              "bowler": "MP Siboto",
              "non_striker": "J Hermann",
              "runs": {
                "batter": 0,
                "extras": 0,
                "total": 0
              }
            },
            {
              "batter": "S Qeshile",
              "bowler": "MP Siboto",
              "non_striker": "J Hermann",
              "runs": {
                "batter": 0,
                "extras": 0,
                "total": 0
              }
            },
            {
              "batter": "S Qeshile",
              "bowler": "MP Siboto",
              "non_striker": "J Hermann",
              "runs": {
                "batter": 0,
                "extras": 0,
                "total": 0
              }
            },
            {
              "batter": "S Qeshile",
              "bowler": "MP Siboto",
              "non_striker": "J Hermann",
              "runs": {
                "batter": 1,
                "extras": 0,
                "total": 1
              }
            },
            {
              "batter": "J Hermann",
              "bowler": "MP Siboto",
              "non_striker": "S Qeshile",
              "runs": {
                "batter": 0,
                "extras": 0,
                "total": 0
              }
            },
            {
              "batter": "J Hermann",
              "bowler": "MP Siboto",
              "non_striker": "S Qeshile",
              "runs": {
                "batter": 1,
                "extras": 0,
                "total": 1
              }
            }
          ]
        }
      ],
      "powerplays": [
        {
          "from": 0.1,
          "to": 5.6,
          "type": "mandatory"
        }
      ]
    },
    {
      "team": "Lions",
      "overs": [
        {
          "over": 0,
          "deliveries": [
            {
              "batter": "RD Rickelton",
              "bowler": "GA Stuurman",
              "non_striker": "CS Delport",
              "runs": {
                "batter": 0,
                "extras": 0,
                "total": 0
              }
            },
            {
              "batter": "RD Rickelton",
              "bowler": "GA Stuurman",
              "non_striker": "CS Delport",
              "runs": {
                "batter": 1,
                "extras": 0,
                "total": 1
              }
            },
            {
              "batter": "CS Delport",
              "bowler": "GA Stuurman",
              "non_striker": "RD Rickelton",
              "runs": {
                "batter": 4,
                "extras": 0,
                "total": 4
              }
            },
            {
              "batter": "CS Delport",
              "bowler": "GA Stuurman",
              "extras": {
                "noballs": 1
              },
              "non_striker": "RD Rickelton",
              "runs": {
                "batter": 0,
                "extras": 1,
                "total": 1
              }
            },
            {
              "batter": "CS Delport",
              "bowler": "GA Stuurman",
              "non_striker": "RD Rickelton",
              "runs": {
                "batter": 0,
                "extras": 0,
                "total": 0
              }
            },
            {
              "batter": "CS Delport",
              "bowler": "GA Stuurman",
              "non_striker": "RD Rickelton",
              "runs": {
                "batter": 0,
                "extras": 0,
                "total": 0
              }
            },
            {
              "batter": "CS Delport",
              "bowler": "GA Stuurman",
              "extras": {
                "wides": 1
              },
              "non_striker": "RD Rickelton",
              "runs": {
                "batter": 0,
                "extras": 1,
                "total": 1
              }
            },
            {
              "batter": "CS Delport",
              "bowler": "GA Stuurman",
              "non_striker": "RD Rickelton",
              "runs": {
                "batter": 0,
                "extras": 0,
                "total": 0
              }
            }
          ]
        },
        {
          "over": 1,
          "deliveries": [
            {
              "batter": "RD Rickelton",
              "bowler": "Z Abrahams",
              "non_striker": "CS Delport",
              "runs": {
                "batter": 4,
                "extras": 0,
                "total": 4
              }
            },
            {
              "batter": "RD Rickelton",
              "bowler": "Z Abrahams",
              "non_striker": "CS Delport",
              "runs": {
                "batter": 1,
                "extras": 0,
                "total": 1
              }
            },
            {
              "batter": "CS Delport",
              "bowler": "Z Abrahams",
              "non_striker": "RD Rickelton",
              "runs": {
                "batter": 4,
                "extras": 0,
                "total": 4
              }
            },
            {
              "batter": "CS Delport",
              "bowler": "Z Abrahams",
              "non_striker": "RD Rickelton",
              "runs": {
                "batter": 6,
                "extras": 0,
                "total": 6
              }
            },
            {
              "batter": "CS Delport",
              "bowler": "Z Abrahams",
              "non_striker": "RD Rickelton",
              "runs": {
                "batter": 4,
                "extras": 0,
                "total": 4
              }
            },
            {
              "batter": "CS Delport",
              "bowler": "Z Abrahams",
              "non_striker": "RD Rickelton",
              "runs": {
                "batter": 6,
                "extras": 0,
                "total": 6
              }
            }
          ]
        },
        {
          "over": 2,
          "deliveries": [
            {
              "batter": "RD Rickelton",
              "bowler": "WJ Lubbe",
              "non_striker": "CS Delport",
              "runs": {
                "batter": 0,
                "extras": 0,
                "total": 0
              }
            },
            {
              "batter": "RD Rickelton",
              "bowler": "WJ Lubbe",
              "non_striker": "CS Delport",
              "runs": {
                "batter": 1,
                "extras": 0,
                "total": 1
              }
            },
            {
              "batter": "CS Delport",
              "bowler": "WJ Lubbe",
              "non_striker": "RD Rickelton",
              "runs": {
                "batter": 6,
                "extras": 0,
                "total": 6
              }
            },
            {
              "batter": "CS Delport",
              "bowler": "WJ Lubbe",
              "non_striker": "RD Rickelton",
              "runs": {
                "batter": 0,
                "extras": 0,
                "total": 0
              },
              "wickets": [
                {
                  "player_out": "CS Delport",
                  "fielders": [
                    {
                      "name": "Tsepo Ndwandwa"
                    }
                  ],
                  "kind": "caught"
                }
              ]
            },
            {
              "batter": "M Van Buuren",
              "bowler": "WJ Lubbe",
              "non_striker": "RD Rickelton",
              "runs": {
                "batter": 0,
                "extras": 0,
                "total": 0
              }
            },
            {
              "batter": "M Van Buuren",
              "bowler": "WJ Lubbe",
              "extras": {
                "legbyes": 1
              },
              "non_striker": "RD Rickelton",
              "runs": {
                "batter": 0,
                "extras": 1,
                "total": 1
              }
            }
          ]
        },
        {
          "over": 3,
          "deliveries": [
            {
              "batter": "M Van Buuren",
              "bowler": "GA Stuurman",
              "non_striker": "RD Rickelton",
              "runs": {
                "batter": 4,
                "extras": 0,
                "total": 4
              }
            },
            {
              "batter": "M Van Buuren",
              "bowler": "GA Stuurman",
              "non_striker": "RD Rickelton",
              "runs": {
                "batter": 1,
                "extras": 0,
                "total": 1
              }
            },
            {
              "batter": "RD Rickelton",
              "bowler": "GA Stuurman",
              "non_striker": "M Van Buuren",
              "runs": {
                "batter": 2,
                "extras": 0,
                "total": 2
              }
            },
            {
              "batter": "RD Rickelton",
              "bowler": "GA Stuurman",
              "non_striker": "M Van Buuren",
              "runs": {
                "batter": 4,
                "extras": 0,
                "total": 4
              }
            },
            {
              "batter": "RD Rickelton",
              "bowler": "GA Stuurman",
              "non_striker": "M Van Buuren",
              "runs": {
                "batter": 6,
                "extras": 0,
                "total": 6
              }
            },
            {
              "batter": "RD Rickelton",
              "bowler": "GA Stuurman",
              "non_striker": "M Van Buuren",
              "runs": {
                "batter": 0,
                "extras": 0,
                "total": 0
              }
            }
          ]
        },
        {
          "over": 4,
          "deliveries": [
            {
              "batter": "M Van Buuren",
              "bowler": "B Swanepoel",
              "non_striker": "RD Rickelton",
              "runs": {
                "batter": 0,
                "extras": 0,
                "total": 0
              }
            },
            {
              "batter": "M Van Buuren",
              "bowler": "B Swanepoel",
              "non_striker": "RD Rickelton",
              "runs": {
                "batter": 1,
                "extras": 0,
                "total": 1
              }
            },
            {
              "batter": "RD Rickelton",
              "bowler": "B Swanepoel",
              "non_striker": "M Van Buuren",
              "runs": {
                "batter": 0,
                "extras": 0,
                "total": 0
              },
              "wickets": [
                {
                  "player_out": "RD Rickelton",
                  "kind": "lbw"
                }
              ]
            },
            {
              "batter": "DA Hendricks",
              "bowler": "B Swanepoel",
              "non_striker": "M Van Buuren",
              "runs": {
                "batter": 0,
                "extras": 0,
                "total": 0
              }
            },
            {
              "batter": "DA Hendricks",
              "bowler": "B Swanepoel",
              "non_striker": "M Van Buuren",
              "runs": {
                "batter": 0,
                "extras": 0,
                "total": 0
              },
              "wickets": [
                {
                  "player_out": "DA Hendricks",
                  "fielders": [
                    {
                      "name": "K Molefe"
                    }
                  ],
                  "kind": "run out"
                }
              ]
            },
            {
              "batter": "PWA Mulder",
              "bowler": "B Swanepoel",
              "non_striker": "M Van Buuren",
              "runs": {
                "batter": 1,
                "extras": 0,
                "total": 1
              }
            }
          ]
        },
        {
          "over": 5,
          "deliveries": [
            {
              "batter": "PWA Mulder",
              "bowler": "K Molefe",
              "non_striker": "M Van Buuren",
              "runs": {
                "batter": 1,
                "extras": 0,
                "total": 1
              }
            },
            {
              "batter": "M Van Buuren",
              "bowler": "K Molefe",
              "non_striker": "PWA Mulder",
              "runs": {
                "batter": 1,
                "extras": 0,
                "total": 1
              }
            },
            {
              "batter": "PWA Mulder",
              "bowler": "K Molefe",
              "non_striker": "M Van Buuren",
              "runs": {
                "batter": 1,
                "extras": 0,
                "total": 1
              }
            },
            {
              "batter": "M Van Buuren",
              "bowler": "K Molefe",
              "non_striker": "PWA Mulder",
              "runs": {
                "batter": 1,
                "extras": 0,
                "total": 1
              }
            },
            {
              "batter": "PWA Mulder",
              "bowler": "K Molefe",
              "non_striker": "M Van Buuren",
              "runs": {
                "batter": 4,
                "extras": 0,
                "total": 4
              }
            },
            {
              "batter": "PWA Mulder",
              "bowler": "K Molefe",
              "non_striker": "M Van Buuren",
              "runs": {
                "batter": 0,
                "extras": 0,
                "total": 0
              }
            }
          ]
        },
        {
          "over": 6,
          "deliveries": [
            {
              "batter": "M Van Buuren",
              "bowler": "B Swanepoel",
              "non_striker": "PWA Mulder",
              "runs": {
                "batter": 2,
                "extras": 0,
                "total": 2
              }
            },
            {
              "batter": "M Van Buuren",
              "bowler": "B Swanepoel",
              "non_striker": "PWA Mulder",
              "runs": {
                "batter": 0,
                "extras": 0,
                "total": 0
              }
            },
            {
              "batter": "M Van Buuren",
              "bowler": "B Swanepoel",
              "non_striker": "PWA Mulder",
              "runs": {
                "batter": 2,
                "extras": 0,
                "total": 2
              }
            },
            {
              "batter": "M Van Buuren",
              "bowler": "B Swanepoel",
              "non_striker": "PWA Mulder",
              "runs": {
                "batter": 0,
                "extras": 0,
                "total": 0
              }
            },
            {
              "batter": "M Van Buuren",
              "bowler": "B Swanepoel",
              "non_striker": "PWA Mulder",
              "runs": {
                "batter": 0,
                "extras": 0,
                "total": 0
              }
            },
            {
              "batter": "M Van Buuren",
              "bowler": "B Swanepoel",
              "non_striker": "PWA Mulder",
              "runs": {
                "batter": 0,
                "extras": 0,
                "total": 0
              }
            }
          ]
        },
        {
          "over": 7,
          "deliveries": [
            {
              "batter": "PWA Mulder",
              "bowler": "Tsepo Ndwandwa",
              "non_striker": "M Van Buuren",
              "runs": {
                "batter": 0,
                "extras": 0,
                "total": 0
              }
            },
            {
              "batter": "PWA Mulder",
              "bowler": "Tsepo Ndwandwa",
              "non_striker": "M Van Buuren",
              "runs": {
                "batter": 0,
                "extras": 0,
                "total": 0
              }
            },
            {
              "batter": "PWA Mulder",
              "bowler": "Tsepo Ndwandwa",
              "non_striker": "M Van Buuren",
              "runs": {
                "batter": 1,
                "extras": 0,
                "total": 1
              }
            },
            {
              "batter": "M Van Buuren",
              "bowler": "Tsepo Ndwandwa",
              "extras": {
                "legbyes": 1
              },
              "non_striker": "PWA Mulder",
              "runs": {
                "batter": 0,
                "extras": 1,
                "total": 1
              }
            },
            {
              "batter": "PWA Mulder",
              "bowler": "Tsepo Ndwandwa",
              "non_striker": "M Van Buuren",
              "runs": {
                "batter": 1,
                "extras": 0,
                "total": 1
              }
            },
            {
              "batter": "M Van Buuren",
              "bowler": "Tsepo Ndwandwa",
              "non_striker": "PWA Mulder",
              "runs": {
                "batter": 1,
                "extras": 0,
                "total": 1
              }
            }
          ]
        },
        {
          "over": 8,
          "deliveries": [
            {
              "batter": "M Van Buuren",
              "bowler": "B Swanepoel",
              "non_striker": "PWA Mulder",
              "runs": {
                "batter": 1,
                "extras": 0,
                "total": 1
              }
            },
            {
              "batter": "PWA Mulder",
              "bowler": "B Swanepoel",
              "non_striker": "M Van Buuren",
              "runs": {
                "batter": 2,
                "extras": 0,
                "total": 2
              }
            },
            {
              "batter": "PWA Mulder",
              "bowler": "B Swanepoel",
              "non_striker": "M Van Buuren",
              "runs": {
                "batter": 0,
                "extras": 0,
                "total": 0
              }
            },
            {
              "batter": "PWA Mulder",
              "bowler": "B Swanepoel",
              "non_striker": "M Van Buuren",
              "runs": {
                "batter": 0,
                "extras": 0,
                "total": 0
              }
            },
            {
              "batter": "PWA Mulder",
              "bowler": "B Swanepoel",
              "non_striker": "M Van Buuren",
              "runs": {
                "batter": 6,
                "extras": 0,
                "total": 6
              }
            },
            {
              "batter": "PWA Mulder",
              "bowler": "B Swanepoel",
              "non_striker": "M Van Buuren",
              "runs": {
                "batter": 1,
                "extras": 0,
                "total": 1
              }
            }
          ]
        },
        {
          "over": 9,
          "deliveries": [
            {
              "batter": "PWA Mulder",
              "bowler": "Tsepo Ndwandwa",
              "non_striker": "M Van Buuren",
              "runs": {
                "batter": 4,
                "extras": 0,
                "total": 4
              }
            },
            {
              "batter": "PWA Mulder",
              "bowler": "Tsepo Ndwandwa",
              "non_striker": "M Van Buuren",
              "runs": {
                "batter": 1,
                "extras": 0,
                "total": 1
              }
            },
            {
              "batter": "M Van Buuren",
              "bowler": "Tsepo Ndwandwa",
              "non_striker": "PWA Mulder",
              "runs": {
                "batter": 1,
                "extras": 0,
                "total": 1
              }
            },
            {
              "batter": "PWA Mulder",
              "bowler": "Tsepo Ndwandwa",
              "non_striker": "M Van Buuren",
              "runs": {
                "batter": 0,
                "extras": 0,
                "total": 0
              }
            },
            {
              "batter": "PWA Mulder",
              "bowler": "Tsepo Ndwandwa",
              "non_striker": "M Van Buuren",
              "runs": {
                "batter": 0,
                "extras": 0,
                "total": 0
              }
            },
            {
              "batter": "PWA Mulder",
              "bowler": "Tsepo Ndwandwa",
              "non_striker": "M Van Buuren",
              "runs": {
                "batter": 1,
                "extras": 0,
                "total": 1
              }
            }
          ]
        },
        {
          "over": 10,
          "deliveries": [
            {
              "batter": "PWA Mulder",
              "bowler": "Z Abrahams",
              "non_striker": "M Van Buuren",
              "runs": {
                "batter": 6,
                "extras": 0,
                "total": 6
              }
            },
            {
              "batter": "PWA Mulder",
              "bowler": "Z Abrahams",
              "non_striker": "M Van Buuren",
              "runs": {
                "batter": 1,
                "extras": 0,
                "total": 1
              }
            },
            {
              "batter": "M Van Buuren",
              "bowler": "Z Abrahams",
              "non_striker": "PWA Mulder",
              "runs": {
                "batter": 1,
                "extras": 0,
                "total": 1
              }
            }
          ]
        }
      ],
      "powerplays": [
        {
          "from": 0.1,
          "to": 3.6,
          "type": "mandatory"
        }
      ],
      "target": {
        "overs": 14,
        "runs": 100
      }
    }
  ]
}