{
  "meta": {
    "data_version": "1.1.0",
    "created": "2022-10-29",
    "revision": 1
  },
  "info": {
    "balls_per_over": 6,
    "city": "Potchefstroom",
    "dates": [
      "2022-10-28"
    ],
    "event": {
      "name": "CSA T20 Challenge",
      "match_number": 21
    },
    "gender": "male",
    "match_type": "T20",
    "missing": [
      "player_of_match"
    ],
    "officials": {
      "match_referees": [
        "GH Pienaar"
      ],
      "reserve_umpires": [
        "DJ Smith"
      ],
      "tv_umpires": [
        "RN Hendricks"
      ],
      "umpires": [
        "BM White",
        "Siphelele Gasa"
      ]
    },
    "outcome": {
      "result": "no result"
    },
    "overs": 20,
    "players": {
      "Knights": [
        "GL Cloete",
        "GJ Snyman",
        "R van Tonder",
        "AR Swanepoel",
        "PE Kruger",
        "PJ van Biljon",
        "O Motlhoaring",
        "M Pretorius",
        "G Coetzee",
        "M Mhlanga",
        "M Budaza"
      ],
      "Dolphins": [
        "G Roelofsen",
        "KD Petersen",
        "JT Smuts",
        "TA Dithole",
        "K Zondo",
        "JF Smith",
        "E Bosch",
        "P Subrayen",
        "OEG Baartman",
        "DM Dupavillon",
        "T Ntini"
      ]
    },
    "registry": {
      "people": {
        "AR Swanepoel": "cba5185d",
        "BM White": "66c21d35",
        "DJ Smith": "d17bec15",
        "DM Dupavillon": "7cb2d9d2",
        "E Bosch": "28d6c44d",
        "G Coetzee": "3204c99f",
        "G Roelofsen": "ac688e55",
        "GH Pienaar": "3516e46b",
        "GJ Snyman": "a3ae63f4",
        "GL Cloete": "3bf40832",
        "JF Smith": "91cd48e0",
        "JT Smuts": "42172c3c",
        "K Zondo": "4aad78d3",
        "KD Petersen": "bf64dc29",
        "M Budaza": "1d105638",
        "M Mhlanga": "9ea3dd1a",
        "M Pretorius": "54c2b697",
        "O Motlhoaring": "1713d202",
        "OEG Baartman": "6b9eb501",
        "P Subrayen": "7ec9711d",
        "PE Kruger": "39181592",
        "PJ van Biljon": "4025c262",
        "R van Tonder": "0ba03cec",
        "RN Hendricks": "92edb363",
        "Siphelele Gasa": "e50baa87",
        "T Ntini": "d44569de",
        "TA Dithole": "876bec53"
      }
    },
    "season": "2022/23",
    "team_type": "club",
    "teams": [
      "Knights",
      "Dolphins"
    ],
    "toss": {
      "decision": "field",
      "winner": "Dolphins"
    },
    "venue": "Senwes Park, Potchefstroom"
  },
  "innings": [
    {
      "team": "Knights",
      "overs": [
        {
          "over": 0,
          "deliveries": [
            {
              "batter": "GL Cloete",
              "bowler": "E Bosch",
              "non_striker": "GJ Snyman",
              "runs": {
                "batter": 0,
                "extras": 0,
                "total": 0
              }
            },
            {
              "batter": "GL Cloete",
              "bowler": "E Bosch",
              "non_striker": "GJ Snyman",
              "runs": {
                "batter": 2,
                "extras": 0,
                "total": 2
              }
            },
            {
              "batter": "GL Cloete",
              "bowler": "E Bosch",
              "non_striker": "GJ Snyman",
              "runs": {
                "batter": 0,
                "extras": 0,
                "total": 0
              }
            },
            {
              "batter": "GL Cloete",
              "bowler": "E Bosch",
              "non_striker": "GJ Snyman",
              "runs": {
                "batter": 0,
                "extras": 0,
                "total": 0
              }
            },
            {
              "batter": "GL Cloete",
              "bowler": "E Bosch",
              "non_striker": "GJ Snyman",
              "runs": {
                "batter": 0,
                "extras": 0,
                "total": 0
              }
            },
            {
              "batter": "GL Cloete",
              "bowler": "E Bosch",
              "non_striker": "GJ Snyman",
              "runs": {
                "batter": 1,
                "extras": 0,
                "total": 1
              }
            }
          ]
        },
        {
          "over": 1,
          "deliveries": [
            {
              "batter": "GL Cloete",
              "bowler": "DM Dupavillon",
              "non_striker": "GJ Snyman",
              "runs": {
                "batter": 0,
                "extras": 0,
                "total": 0
              }
            },
            {
              "batter": "GL Cloete",
              "bowler": "DM Dupavillon",
              "non_striker": "GJ Snyman",
              "runs": {
                "batter": 0,
                "extras": 0,
                "total": 0
              }
            },
            {
              "batter": "GL Cloete",
              "bowler": "DM Dupavillon",
              "non_striker": "GJ Snyman",
              "runs": {
                "batter": 0,
                "extras": 0,
                "total": 0
              }
            },
            {
              "batter": "GL Cloete",
              "bowler": "DM Dupavillon",
              "non_striker": "GJ Snyman",
              "runs": {
                "batter": 1,
                "extras": 0,
                "total": 1
              }
            },
            {
              "batter": "GJ Snyman",
              "bowler": "DM Dupavillon",
              "non_striker": "GL Cloete",
              "runs": {
                "batter": 1,
                "extras": 0,
                "total": 1
              }
            },
            {
              "batter": "GL Cloete",
              "bowler": "DM Dupavillon",
              "non_striker": "GJ Snyman",
              "runs": {
                "batter": 4,
                "extras": 0,
                "total": 4
              }
            }
          ]
        },
        {
          "over": 2,
          "deliveries": [
            {
              "batter": "GJ Snyman",
              "bowler": "E Bosch",
              "non_striker": "GL Cloete",
              "runs": {
                "batter": 2,
                "extras": 0,
                "total": 2
              }
            },
            {
              "batter": "GJ Snyman",
              "bowler": "E Bosch",
              "non_striker": "GL Cloete",
              "runs": {
                "batter": 1,
                "extras": 0,
                "total": 1
              }
            },
            {
              "batter": "GL Cloete",
              "bowler": "E Bosch",
              "non_striker": "GJ Snyman",
              "runs": {
                "batter": 4,
                "extras": 0,
                "total": 4
              }
            },
            {
              "batter": "GL Cloete",
              "bowler": "E Bosch",
              "extras": {
                "legbyes": 1
              },
              "non_striker": "GJ Snyman",
              "runs": {
                "batter": 0,
                "extras": 1,
                "total": 1
              }
            },
            {
              "batter": "GJ Snyman",
              "bowler": "E Bosch",
              "non_striker": "GL Cloete",
              "runs": {
                "batter": 1,
                "extras": 0,
                "total": 1
              }
            },
            {
              "batter": "GL Cloete",
              "bowler": "E Bosch",
              "non_striker": "GJ Snyman",
              "runs": {
                "batter": 0,
                "extras": 0,
                "total": 0
              }
            }
          ]
        },
        {
          "over": 3,
          "deliveries": [
            {
              "batter": "GJ Snyman",
              "bowler": "DM Dupavillon",
              "non_striker": "GL Cloete",
              "runs": {
                "batter": 4,
                "extras": 0,
                "total": 4
              }
            },
            {
              "batter": "GJ Snyman",
              "bowler": "DM Dupavillon",
              "non_striker": "GL Cloete",
              "runs": {
                "batter": 5,
                "extras": 0,
                "total": 5
              }
            },
            {
              "batter": "GL Cloete",
              "bowler": "DM Dupavillon",
              "non_striker": "GJ Snyman",
              "runs": {
                "batter": 0,
                "extras": 0,
                "total": 0
              }
            },
            {
              "batter": "GL Cloete",
              "bowler": "DM Dupavillon",
              "non_striker": "GJ Snyman",
              "runs": {
                "batter": 0,
                "extras": 0,
                "total": 0
              }
            },
            {
              "batter": "GL Cloete",
              "bowler": "DM Dupavillon",
              "non_striker": "GJ Snyman",
              "runs": {
                "batter": 0,
                "extras": 0,
                "total": 0
              }
            },
            {
              "batter": "GL Cloete",
              "bowler": "DM Dupavillon",
              "non_striker": "GJ Snyman",
              "runs": {
                "batter": 2,
                "extras": 0,
                "total": 2
              }
            }
          ]
        },
        {
          "over": 4,
          "deliveries": [
            {
              "batter": "GJ Snyman",
              "bowler": "E Bosch",
              "non_striker": "GL Cloete",
              "runs": {
                "batter": 4,
                "extras": 0,
                "total": 4
              }
            },
            {
              "batter": "GJ Snyman",
              "bowler": "E Bosch",
              "non_striker": "GL Cloete",
              "runs": {
                "batter": 1,
                "extras": 0,
                "total": 1
              }
            },
            {
              "batter": "GL Cloete",
              "bowler": "E Bosch",
              "non_striker": "GJ Snyman",
              "runs": {
                "batter": 0,
                "extras": 0,
                "total": 0
              }
            },
            {
              "batter": "GL Cloete",
              "bowler": "E Bosch",
              "non_striker": "GJ Snyman",
              "runs": {
                "batter": 0,
                "extras": 0,
                "total": 0
              }
            },
            {
              "batter": "GL Cloete",
              "bowler": "E Bosch",
              "non_striker": "GJ Snyman",
              "runs": {
                "batter": 2,
                "extras": 0,
                "total": 2
              }
            },
            {
              "batter": "GL Cloete",
              "bowler": "E Bosch",
              "non_striker": "GJ Snyman",
              "runs": {
                "batter": 0,
                "extras": 0,
                "total": 0
              }
            }
          ]
        },
        {
          "over": 5,
          "deliveries": [
            {
              "batter": "GJ Snyman",
              "bowler": "OEG Baartman",
              "non_striker": "GL Cloete",
              "runs": {
                "batter": 0,
                "extras": 0,
                "total": 0
              }
            },
            {
              "batter": "GJ Snyman",
              "bowler": "OEG Baartman",
              "non_striker": "GL Cloete",
              "runs": {
                "batter": 6,
                "extras": 0,
                "total": 6
              }
            },
            {
              "batter": "GJ Snyman",
              "bowler": "OEG Baartman",
              "non_striker": "GL Cloete",
              "runs": {
                "batter": 1,
                "extras": 0,
                "total": 1
              }
            },
            {
              "batter": "GL Cloete",
              "bowler": "OEG Baartman",
              "non_striker": "GJ Snyman",
              "runs": {
                "batter": 0,
                "extras": 0,
                "total": 0
              },
              "wickets": [
                {
                  "player_out": "GL Cloete",
                  "fielders": [
                    {
                      "name": "OEG Baartman"
                    }
                  ],
                  "kind": "run out"
                }
              ]
            },
            {
              "batter": "GJ Snyman",
              "bowler": "OEG Baartman",
              "non_striker": "R van Tonder",
              "runs": {
                "batter": 0,
                "extras": 0,
                "total": 0
              }
            },
            {
              "batter": "GJ Snyman",
              "bowler": "OEG Baartman",
              "non_striker": "R van Tonder",
              "runs": {
                "batter": 4,
                "extras": 0,
                "total": 4
              }
            }
          ]
        },
        {
          "over": 6,
          "deliveries": [
            {
              "batter": "R van Tonder",
              "bowler": "JT Smuts",
              "non_striker": "GJ Snyman",
              "runs": {
                "batter": 1,
                "extras": 0,
                "total": 1
              }
            },
            {
              "batter": "GJ Snyman",
              "bowler": "JT Smuts",
              "non_striker": "R van Tonder",
              "runs": {
                "batter": 1,
                "extras": 0,
                "total": 1
              }
            },
            {
              "batter": "R van Tonder",
              "bowler": "JT Smuts",
              "non_striker": "GJ Snyman",
              "runs": {
                "batter": 1,
                "extras": 0,
                "total": 1
              }
            },
            {
              "batter": "GJ Snyman",
              "bowler": "JT Smuts",
              "non_striker": "R van Tonder",
              "runs": {
                "batter": 1,
                "extras": 0,
                "total": 1
              }
            },
            {
              "batter": "R van Tonder",
              "bowler": "JT Smuts",
              "non_striker": "GJ Snyman",
              "runs": {
                "batter": 1,
                "extras": 0,
                "total": 1
              }
            },
            {
              "batter": "GJ Snyman",
              "bowler": "JT Smuts",
              "non_striker": "R van Tonder",
              "runs": {
                "batter": 0,
                "extras": 0,
                "total": 0
              }
            }
          ]
        },
        {
          "over": 7,
          "deliveries": [
            {
              "batter": "R van Tonder",
              "bowler": "OEG Baartman",
              "non_striker": "GJ Snyman",
              "runs": {
                "batter": 0,
                "extras": 0,
                "total": 0
              }
            },
            {
              "batter": "R van Tonder",
              "bowler": "OEG Baartman",
              "non_striker": "GJ Snyman",
              "runs": {
                "batter": 0,
                "extras": 0,
                "total": 0
              }
            },
            {
              "batter": "R van Tonder",
              "bowler": "OEG Baartman",
              "non_striker": "GJ Snyman",
              "runs": {
                "batter": 1,
                "extras": 0,
                "total": 1
              }
            },
            {
              "batter": "GJ Snyman",
              "bowler": "OEG Baartman",
              "non_striker": "R van Tonder",
              "runs": {
                "batter": 0,
                "extras": 0,
                "total": 0
              },
              "wickets": [
                {
                  "player_out": "GJ Snyman",
                  "fielders": [
                    {
                      "name": "G Roelofsen"
                    }
                  ],
                  "kind": "caught"
                }
              ]
            },
            {
              "batter": "AR Swanepoel",
              "bowler": "OEG Baartman",
              "non_striker": "R van Tonder",
              "runs": {
                "batter": 0,
                "extras": 0,
                "total": 0
              }
            },
            {
              "batter": "AR Swanepoel",
              "bowler": "OEG Baartman",
              "non_striker": "R van Tonder",
              "runs": {
                "batter": 1,
                "extras": 0,
                "total": 1
              }
            }
          ]
        },
        {
          "over": 8,
          "deliveries": [
            {
              "batter": "AR Swanepoel",
              "bowler": "P Subrayen",
              "non_striker": "R van Tonder",
              "runs": {
                "batter": 0,
                "extras": 0,
                "total": 0
              }
            },
            {
              "batter": "AR Swanepoel",
              "bowler": "P Subrayen",
              "non_striker": "R van Tonder",
              "runs": {
                "batter": 0,
                "extras": 0,
                "total": 0
              }
            },
            {
              "batter": "AR Swanepoel",
              "bowler": "P Subrayen",
              "non_striker": "R van Tonder",
              "runs": {
                "batter": 2,
                "extras": 0,
                "total": 2
              }
            },
            {
              "batter": "AR Swanepoel",
              "bowler": "P Subrayen",
              "non_striker": "R van Tonder",
              "runs": {
                "batter": 0,
                "extras": 0,
                "total": 0
              }
            },
            {
              "batter": "AR Swanepoel",
              "bowler": "P Subrayen",
              "non_striker": "R van Tonder",
              "runs": {
                "batter": 3,
                "extras": 0,
                "total": 3
              }
            },
            {
              "batter": "R van Tonder",
              "bowler": "P Subrayen",
              "non_striker": "AR Swanepoel",
              "runs": {
                "batter": 0,
                "extras": 0,
                "total": 0
              }
            }
          ]
        },
        {
          "over": 9,
          "deliveries": [
            {
              "batter": "AR Swanepoel",
              "bowler": "JT Smuts",
              "non_striker": "R van Tonder",
              "runs": {
                "batter": 0,
                "extras": 0,
                "total": 0
              },
              "wickets": [
                {
                  "player_out": "AR Swanepoel",
                  "kind": "bowled"
                }
              ]
            },
            {
              "batter": "PE Kruger",
              "bowler": "JT Smuts",
              "non_striker": "R van Tonder",
              "runs": {
                "batter": 0,
                "extras": 0,
                "total": 0
              }
            },
            {
              "batter": "PE Kruger",
              "bowler": "JT Smuts",
              "non_striker": "R van Tonder",
              "runs": {
                "batter": 0,
                "extras": 0,
                "total": 0
              }
            },
            {
              "batter": "PE Kruger",
              "bowler": "JT Smuts",
              "non_striker": "R van Tonder",
              "runs": {
                "batter": 0,
                "extras": 0,
                "total": 0
              }
            },
            {
              "batter": "PE Kruger",
              "bowler": "JT Smuts",
              "non_striker": "R van Tonder",
              "runs": {
                "batter": 0,
                "extras": 0,
                "total": 0
              }
            },
            {
              "batter": "PE Kruger",
              "bowler": "JT Smuts",
              "non_striker": "R van Tonder",
              "runs": {
                "batter": 0,
                "extras": 0,
                "total": 0
              }
            }
          ]
        },
        {
          "over": 10,
          "deliveries": [
            {
              "batter": "R van Tonder",
              "bowler": "P Subrayen",
              "non_striker": "PE Kruger",
              "runs": {
                "batter": 1,
                "extras": 0,
                "total": 1
              }
            },
            {
              "batter": "PE Kruger",
              "bowler": "P Subrayen",
              "non_striker": "R van Tonder",
              "runs": {
                "batter": 0,
                "extras": 0,
                "total": 0
              }
            },
            {
              "batter": "PE Kruger",
              "bowler": "P Subrayen",
              "non_striker": "R van Tonder",
              "runs": {
                "batter": 6,
                "extras": 0,
                "total": 6
              }
            },
            {
              "batter": "PE Kruger",
              "bowler": "P Subrayen",
              "non_striker": "R van Tonder",
              "runs": {
                "batter": 0,
                "extras": 0,
                "total": 0
              },
              "wickets": [
                {
                  "player_out": "PE Kruger",
                  "kind": "bowled"
                }
              ]
            },
            {
              "batter": "PJ van Biljon",
              "bowler": "P Subrayen",
              "non_striker": "R van Tonder",
              "runs": {
                "batter": 1,
                "extras": 0,
                "total": 1
              }
            },
            {
              "batter": "R van Tonder",
              "bowler": "P Subrayen",
              "non_striker": "PJ van Biljon",
              "runs": {
                "batter": 0,
                "extras": 0,
                "total": 0
              }
            }
          ]
        },
        {
          "over": 11,
          "deliveries": [
            {
              "batter": "PJ van Biljon",
              "bowler": "JT Smuts",
              "non_striker": "R van Tonder",
              "runs": {
                "batter": 1,
                "extras": 0,
                "total": 1
              }
            },
            {
              "batter": "R van Tonder",
              "bowler": "JT Smuts",
              "non_striker": "PJ van Biljon",
              "runs": {
                "batter": 0,
                "extras": 0,
                "total": 0
              }
            },
            {
              "batter": "R van Tonder",
              "bowler": "JT Smuts",
              "non_striker": "PJ van Biljon",
              "runs": {
                "batter": 0,
                "extras": 0,
                "total": 0
              }
            },
            {
              "batter": "R van Tonder",
              "bowler": "JT Smuts",
              "non_striker": "PJ van Biljon",
              "runs": {
                "batter": 0,
                "extras": 0,
                "total": 0
              }
            },
            {
              "batter": "R van Tonder",
              "bowler": "JT Smuts",
              "non_striker": "PJ van Biljon",
              "runs": {
                "batter": 4,
                "extras": 0,
                "total": 4
              }
            },
            {
              "batter": "R van Tonder",
              "bowler": "JT Smuts",
              "non_striker": "PJ van Biljon",
              "runs": {
                "batter": 0,
                "extras": 0,
                "total": 0
              },
              "wickets": [
                {
                  "player_out": "R van Tonder",
                  "fielders": [
                    {
                      "name": "KD Petersen"
                    }
                  ],
                  "kind": "caught"
                }
              ]
            }
          ]
        },
        {
          "over": 12,
          "deliveries": [
            {
              "batter": "PJ van Biljon",
              "bowler": "P Subrayen",
              "non_striker": "O Motlhoaring",
              "runs": {
                "batter": 1,
                "extras": 0,
                "total": 1
              }
            },
            {
              "batter": "O Motlhoaring",
              "bowler": "P Subrayen",
              "non_striker": "PJ van Biljon",
              "runs": {
                "batter": 4,
                "extras": 0,
                "total": 4
              }
            },
            {
              "batter": "O Motlhoaring",
              "bowler": "P Subrayen",
              "non_striker": "PJ van Biljon",
              "runs": {
                "batter": 4,
                "extras": 0,
                "total": 4
              }
            },
            {
              "batter": "O Motlhoaring",
              "bowler": "P Subrayen",
              "extras": {
                "wides": 1
              },
              "non_striker": "PJ van Biljon",
              "runs": {
                "batter": 0,
                "extras": 1,
                "total": 1
              }
            },
            {
              "batter": "O Motlhoaring",
              "bowler": "P Subrayen",
              "non_striker": "PJ van Biljon",
              "runs": {
                "batter": 0,
                "extras": 0,
                "total": 0
              }
            },
            {
              "batter": "O Motlhoaring",
              "bowler": "P Subrayen",
              "non_striker": "PJ van Biljon",
              "runs": {
                "batter": 1,
                "extras": 0,
                "total": 1
              }
            },
            {
              "batter": "PJ van Biljon",
              "bowler": "P Subrayen",
              "non_striker": "O Motlhoaring",
              "runs": {
                "batter": 0,
                "extras": 0,
                "total": 0
              }
            }
          ]
        },
        {
          "over": 13,
          "deliveries": [
            {
              "batter": "O Motlhoaring",
              "bowler": "JT Smuts",
              "non_striker": "PJ van Biljon",
              "runs": {
                "batter": 0,
                "extras": 0,
                "total": 0
              }
            },
            {
              "batter": "O Motlhoaring",
              "bowler": "JT Smuts",
              "non_striker": "PJ van Biljon",
              "runs": {
                "batter": 1,
                "extras": 0,
                "total": 1
              }
            },
            {
              "batter": "PJ van Biljon",
              "bowler": "JT Smuts",
              "non_striker": "O Motlhoaring",
              "runs": {
                "batter": 1,
                "extras": 0,
                "total": 1
              }
            },
            {
              "batter": "O Motlhoaring",
              "bowler": "JT Smuts",
              "non_striker": "PJ van Biljon",
              "runs": {
                "batter": 1,
                "extras": 0,
                "total": 1
              }
            },
            {
              "batter": "PJ van Biljon",
              "bowler": "JT Smuts",
              "non_striker": "O Motlhoaring",
              "runs": {
                "batter": 1,
                "extras": 0,
                "total": 1
              }
            },
            {
              "batter": "O Motlhoaring",
              "bowler": "JT Smuts",
              "non_striker": "PJ van Biljon",
              "runs": {
                "batter": 1,
                "extras": 0,
                "total": 1
              }
            }
          ]
        },
        {
          "over": 14,
          "deliveries": [
            {
              "batter": "O Motlhoaring",
              "bowler": "P Subrayen",
              "non_striker": "PJ van Biljon",
              "runs": {
                "batter": 0,
                "extras": 0,
                "total": 0
              }
            },
            {
              "batter": "O Motlhoaring",
              "bowler": "P Subrayen",
              "non_striker": "PJ van Biljon",
              "runs": {
                "batter": 1,
                "extras": 0,
                "total": 1
              }
            },
            {
              "batter": "PJ van Biljon",
              "bowler": "P Subrayen",
              "non_striker": "O Motlhoaring",
              "runs": {
                "batter": 2,
                "extras": 0,
                "total": 2
              }
            },
            {
              "batter": "PJ van Biljon",
              "bowler": "P Subrayen",
              "non_striker": "O Motlhoaring",
              "runs": {
                "batter": 0,
                "extras": 0,
                "total": 0
              },
              "wickets": [
                {
                  "player_out": "PJ van Biljon",
                  "fielders": [
                    {
                      "name": "G Roelofsen"
                    }
                  ],
                  "kind": "caught"
                }
              ]
            },
            {
              "batter": "M Pretorius",
              "bowler": "P Subrayen",
              "non_striker": "O Motlhoaring",
              "runs": {
                "batter": 0,
                "extras": 0,
                "total": 0
              }
            },
            {
              "batter": "M Pretorius",
              "bowler": "P Subrayen",
              "non_striker": "O Motlhoaring",
              "runs": {
                "batter": 1,
                "extras": 0,
                "total": 1
              },
              "wickets": [
                {
                  "player_out": "M Pretorius",
                  "fielders": [
                    {
                      "name": "KD Petersen"
                    }
                  ],
                  "kind": "run out"
                }
              ]
            }
          ]
        },
        {
          "over": 15,
          "deliveries": [
            {
              "batter": "O Motlhoaring",
              "bowler": "E Bosch",
              "non_striker": "G Coetzee",
              "runs": {
                "batter": 0,
                "extras": 0,
                "total": 0
              }
            },
            {
              "batter": "O Motlhoaring",
              "bowler": "E Bosch",
              "non_striker": "G Coetzee",
              "runs": {
                "batter": 0,
                "extras": 0,
                "total": 0
              }
            },
            {
              "batter": "O Motlhoaring",
              "bowler": "E Bosch",
              "non_striker": "G Coetzee",
              "runs": {
                "batter": 0,
                "extras": 0,
                "total": 0
              },
              "wickets": [
                {
                  "player_out": "O Motlhoaring",
                  "kind": "bowled"
                }
              ]
            },
            {
              "batter": "M Mhlanga",
              "bowler": "E Bosch",
              "non_striker": "G Coetzee",
              "runs": {
                "batter": 0,
                "extras": 0,
                "total": 0
              }
            },
            {
              "batter": "M Mhlanga",
              "bowler": "E Bosch",
              "non_striker": "G Coetzee",
              "runs": {
                "batter": 0,
                "extras": 0,
                "total": 0
              }
            },
            {
              "batter": "M Mhlanga",
              "bowler": "E Bosch",
              "non_striker": "G Coetzee",
              "runs": {
                "batter": 1,
                "extras": 0,
                "total": 1
              }
            }
          ]
        },
        {
          "over": 16,
          "deliveries": [
            {
              "batter": "M Mhlanga",
              "bowler": "DM Dupavillon",
              "non_striker": "G Coetzee",
              "runs": {
                "batter": 0,
                "extras": 0,
                "total": 0
              }
            },
            {
              "batter": "M Mhlanga",
              "bowler": "DM Dupavillon",
              "non_striker": "G Coetzee",
              "runs": {
                "batter": 0,
                "extras": 0,
                "total": 0
              },
              "wickets": [
                {
                  "player_out": "M Mhlanga",
                  "kind": "bowled"
                }
              ]
            },
            {
              "batter": "M Budaza",
              "bowler": "DM Dupavillon",
              "extras": {
                "wides": 1
              },
              "non_striker": "G Coetzee",
              "runs": {
                "batter": 0,
                "extras": 1,
                "total": 1
              }
            },
            {
              "batter": "M Budaza",
              "bowler": "DM Dupavillon",
              "extras": {
                "legbyes": 1
              },
              "non_striker": "G Coetzee",
              "runs": {
                "batter": 0,
                "extras": 1,
                "total": 1
              }
            },
            {
              "batter": "G Coetzee",
              "bowler": "DM Dupavillon",
              "non_striker": "M Budaza",
              "runs": {
                "batter": 0,
                "extras": 0,
                "total": 0
              }
            },
            {
              "batter": "G Coetzee",
              "bowler": "DM Dupavillon",
              "non_striker": "M Budaza",
              "runs": {
                "batter": 4,
                "extras": 0,
                "total": 4
              }
            },
            {
              "batter": "G Coetzee",
              "bowler": "DM Dupavillon",
              "non_striker": "M Budaza",
              "runs": {
                "batter": 1,
                "extras": 0,
                "total": 1
              }
            }
          ]
        },
        {
          "over": 17,
          "deliveries": [
            {
              "batter": "G Coetzee",
              "bowler": "OEG Baartman",
              "non_striker": "M Budaza",
              "runs": {
                "batter": 0,
                "extras": 0,
                "total": 0
              }
            }
          ]
        }
      ],
      "powerplays": [
        {
          "from": 0.1,
          "to": 5.6,
          "type": "mandatory"
        }
      ]
    }
  ]
}