{
  "meta": {
    "data_version": "1.1.0",
    "created": "2022-10-27",
    "revision": 2
  },
  "info": {
    "balls_per_over": 6,
    "city": "Potchefstroom",
    "dates": [
      "2022-10-23"
    ],
    "event": {
      "name": "CSA T20 Challenge",
      "match_number": 13
    },
    "gender": "male",
    "match_type": "T20",
    "missing": [
      "player_of_match"
    ],
    "officials": {
      "match_referees": [
        "ZTA Ndamane"
      ],
      "reserve_umpires": [
        "MN Gampu"
      ],
      "tv_umpires": [
        "A Steenkamp"
      ],
      "umpires": [
        "AM Sodumo",
        "A Paleker"
      ]
    },
    "outcome": {
      "result": "no result"
    },
    "overs": 20,
    "players": {
      "Knights": [
        "GL Cloete",
        "N Roux",
        "R van Tonder",
        "AR Swanepoel",
        "PE Kruger",
        "PJ van Biljon",
        "M Pretorius",
        "G Coetzee",
        "SA Mothoa",
        "M Budaza",
        "M Mhlanga"
      ],
      "Lions": [
        "CS Delport",
        "RD Rickelton",
        "DA Hendricks",
        "M Van Buuren",
        "PWA Mulder",
        "M Manack",
        "E Jones",
        "MP Siboto",
        "T Bokako",
        "L Sipamla",
        "TM Maphaka"
      ]
    },
    "registry": {
      "people": {
        "A Paleker": "634b11ac",
        "A Steenkamp": "89c62cf5",
        "AM Sodumo": "cc6850ec",
        "AR Swanepoel": "cba5185d",
        "CS Delport": "afa78c3a",
        "DA Hendricks": "f66f5343",
        "E Jones": "fbfea9c2",
        "G Coetzee": "3204c99f",
        "GL Cloete": "3bf40832",
        "L Sipamla": "f892fcf9",
        "M Budaza": "1d105638",
        "M Manack": "2cd3b457",
        "M Mhlanga": "9ea3dd1a",
        "M Pretorius": "54c2b697",
        "M Van Buuren": "46e4a4e0",
        "MN Gampu": "41597619",
        "MP Siboto": "9d50c7e1",
        "N Roux": "6744364f",
        "PE Kruger": "39181592",
        "PJ van Biljon": "4025c262",
        "PWA Mulder": "c96f6ac5",
        "R van Tonder": "0ba03cec",
        "RD Rickelton": "e66732f8",
        "SA Mothoa": "ea1eba98",
        "T Bokako": "032e4384",
        "TM Maphaka": "595f565e",
        "ZTA Ndamane": "545cc6db"
      }
    },
    "season": "2022/23",
    "team_type": "club",
    "teams": [
      "Knights",
      "Lions"
    ],
    "toss": {
      "decision": "field",
      "winner": "Lions"
    },
    "venue": "Senwes Park, Potchefstroom"
  },
  "innings": [
    {
      "team": "Knights",
      "overs": [
        {
          "over": 0,
          "deliveries": [
            {
              "batter": "GL Cloete",
              "bowler": "T Bokako",
              "non_striker": "N Roux",
              "runs": {
                "batter": 0,
                "extras": 0,
                "total": 0
              }
            },
            {
              "batter": "GL Cloete",
              "bowler": "T Bokako",
              "non_striker": "N Roux",
              "runs": {
                "batter": 0,
                "extras": 0,
                "total": 0
              }
            },
            {
              "batter": "GL Cloete",
              "bowler": "T Bokako",
              "non_striker": "N Roux",
              "runs": {
                "batter": 1,
                "extras": 0,
                "total": 1
              }
            },
            {
              "batter": "N Roux",
              "bowler": "T Bokako",
              "extras": {
                "wides": 1
              },
              "non_striker": "GL Cloete",
              "runs": {
                "batter": 0,
                "extras": 1,
                "total": 1
              }
            },
            {
              "batter": "N Roux",
              "bowler": "T Bokako",
              "non_striker": "GL Cloete",
              "runs": {
                "batter": 0,
                "extras": 0,
                "total": 0
              }
            },
            {
              "batter": "N Roux",
              "bowler": "T Bokako",
              "non_striker": "GL Cloete",
              "runs": {
                "batter": 0,
                "extras": 0,
                "total": 0
              }
            },
            {
              "batter": "N Roux",
              "bowler": "T Bokako",
              "non_striker": "GL Cloete",
              "runs": {
                "batter": 4,
                "extras": 0,
                "total": 4
              }
            }
          ]
        },
        {
          "over": 1,
          "deliveries": [
            {
              "batter": "GL Cloete",
              "bowler": "PWA Mulder",
              "non_striker": "N Roux",
              "runs": {
                "batter": 0,
                "extras": 0,
                "total": 0
              }
            },
            {
              "batter": "GL Cloete",
              "bowler": "PWA Mulder",
              "extras": {
                "wides": 1
              },
              "non_striker": "N Roux",
              "runs": {
                "batter": 0,
                "extras": 1,
                "total": 1
              }
            },
            {
              "batter": "GL Cloete",
              "bowler": "PWA Mulder",
              "extras": {
                "wides": 1
              },
              "non_striker": "N Roux",
              "runs": {
                "batter": 0,
                "extras": 1,
                "total": 1
              }
            },
            {
              "batter": "GL Cloete",
              "bowler": "PWA Mulder",
              "extras": {
                "wides": 1
              },
              "non_striker": "N Roux",
              "runs": {
                "batter": 0,
                "extras": 1,
                "total": 1
              }
            },
            {
              "batter": "GL Cloete",
              "bowler": "PWA Mulder",
              "non_striker": "N Roux",
              "runs": {
                "batter": 0,
                "extras": 0,
                "total": 0
              }
            },
            {
              "batter": "GL Cloete",
              "bowler": "PWA Mulder",
              "extras": {
                "wides": 1
              },
              "non_striker": "N Roux",
              "runs": {
                "batter": 0,
                "extras": 1,
                "total": 1
              }
            },
            {
              "batter": "GL Cloete",
              "bowler": "PWA Mulder",
              "non_striker": "N Roux",
              "runs": {
                "batter": 1,
                "extras": 0,
                "total": 1
              }
            },
            {
              "batter": "N Roux",
              "bowler": "PWA Mulder",
              "non_striker": "GL Cloete",
              "runs": {
                "batter": 0,
                "extras": 0,
                "total": 0
              }
            },
            {
              "batter": "N Roux",
              "bowler": "PWA Mulder",
              "non_striker": "GL Cloete",
              "runs": {
                "batter": 0,
                "extras": 0,
                "total": 0
              }
            },
            {
              "batter": "N Roux",
              "bowler": "PWA Mulder",
              "non_striker": "GL Cloete",
              "runs": {
                "batter": 0,
                "extras": 0,
                "total": 0
              }
            }
          ]
        },
        {
          "over": 2,
          "deliveries": [
            {
              "batter": "GL Cloete",
              "bowler": "T Bokako",
              "non_striker": "N Roux",
              "runs": {
                "batter": 4,
                "extras": 0,
                "total": 4
              }
            },
            {
              "batter": "GL Cloete",
              "bowler": "T Bokako",
              "extras": {
                "noballs": 1
              },
              "non_striker": "N Roux",
              "runs": {
                "batter": 2,
                "extras": 1,
                "total": 3
              }
            },
            {
              "batter": "GL Cloete",
              "bowler": "T Bokako",
              "non_striker": "N Roux",
              "runs": {
                "batter": 1,
                "extras": 0,
                "total": 1
              }
            },
            {
              "batter": "N Roux",
              "bowler": "T Bokako",
              "non_striker": "GL Cloete",
              "runs": {
                "batter": 0,
                "extras": 0,
                "total": 0
              }
            },
            {
              "batter": "N Roux",
              "bowler": "T Bokako",
              "non_striker": "GL Cloete",
              "runs": {
                "batter": 1,
                "extras": 0,
                "total": 1
              }
            },
            {
              "batter": "GL Cloete",
              "bowler": "T Bokako",
              "non_striker": "N Roux",
              "runs": {
                "batter": 0,
                "extras": 0,
                "total": 0
              }
            },
            {
              "batter": "GL Cloete",
              "bowler": "T Bokako",
              "non_striker": "N Roux",
              "runs": {
                "batter": 1,
                "extras": 0,
                "total": 1
              }
            }
          ]
        },
        {
          "over": 3,
          "deliveries": [
            {
              "batter": "GL Cloete",
              "bowler": "PWA Mulder",
              "non_striker": "N Roux",
              "runs": {
                "batter": 0,
                "extras": 0,
                "total": 0
              },
              "wickets": [
                {
                  "player_out": "GL Cloete",
                  "fielders": [
                    {
                      "name": "RD Rickelton"
                    }
                  ],
                  "kind": "caught"
                }
              ]
            },
            {
              "batter": "R van Tonder",
              "bowler": "PWA Mulder",
              "non_striker": "N Roux",
              "runs": {
                "batter": 0,
                "extras": 0,
                "total": 0
              }
            },
            {
              "batter": "R van Tonder",
              "bowler": "PWA Mulder",
              "non_striker": "N Roux",
              "runs": {
                "batter": 0,
                "extras": 0,
                "total": 0
              }
            },
            {
              "batter": "R van Tonder",
              "bowler": "PWA Mulder",
              "non_striker": "N Roux",
              "runs": {
                "batter": 1,
                "extras": 0,
                "total": 1
              }
            },
            {
              "batter": "N Roux",
              "bowler": "PWA Mulder",
              "non_striker": "R van Tonder",
              "runs": {
                "batter": 2,
                "extras": 0,
                "total": 2
              }
            },
            {
              "batter": "N Roux",
              "bowler": "PWA Mulder",
              "non_striker": "R van Tonder",
              "runs": {
                "batter": 0,
                "extras": 0,
                "total": 0
              },
              "wickets": [
                {
                  "player_out": "N Roux",
                  "fielders": [
                    {
                      "name": "RD Rickelton"
                    }
                  ],
                  "kind": "caught"
                }
              ]
            }
          ]
        },
        {
          "over": 4,
          "deliveries": [
            {
              "batter": "R van Tonder",
              "bowler": "T Bokako",
              "non_striker": "AR Swanepoel",
              "runs": {
                "batter": 0,
                "extras": 0,
                "total": 0
              }
            },
            {
              "batter": "R van Tonder",
              "bowler": "T Bokako",
              "non_striker": "AR Swanepoel",
              "runs": {
                "batter": 4,
                "extras": 0,
                "total": 4
              }
            },
            {
              "batter": "R van Tonder",
              "bowler": "T Bokako",
              "extras": {
                "wides": 1
              },
              "non_striker": "AR Swanepoel",
              "runs": {
                "batter": 0,
                "extras": 1,
                "total": 1
              }
            },
            {
              "batter": "R van Tonder",
              "bowler": "T Bokako",
              "non_striker": "AR Swanepoel",
              "runs": {
                "batter": 0,
                "extras": 0,
                "total": 0
              }
            },
            {
              "batter": "R van Tonder",
              "bowler": "T Bokako",
              "non_striker": "AR Swanepoel",
              "runs": {
                "batter": 0,
                "extras": 0,
                "total": 0
              }
            },
            {
              "batter": "R van Tonder",
              "bowler": "T Bokako",
              "non_striker": "AR Swanepoel",
              "runs": {
                "batter": 1,
                "extras": 0,
                "total": 1
              }
            },
            {
              "batter": "AR Swanepoel",
              "bowler": "T Bokako",
              "non_striker": "R van Tonder",
              "runs": {
                "batter": 0,
                "extras": 0,
                "total": 0
              }
            }
          ]
        },
        {
          "over": 5,
          "deliveries": [
            {
              "batter": "R van Tonder",
              "bowler": "PWA Mulder",
              "non_striker": "AR Swanepoel",
              "runs": {
                "batter": 1,
                "extras": 0,
                "total": 1
              }
            },
            {
              "batter": "AR Swanepoel",
              "bowler": "PWA Mulder",
              "non_striker": "R van Tonder",
              "runs": {
                "batter": 0,
                "extras": 0,
                "total": 0
              }
            },
            {
              "batter": "AR Swanepoel",
              "bowler": "PWA Mulder",
              "non_striker": "R van Tonder",
              "runs": {
                "batter": 1,
                "extras": 0,
                "total": 1
              }
            },
            {
              "batter": "R van Tonder",
              "bowler": "PWA Mulder",
              "non_striker": "AR Swanepoel",
              "runs": {
                "batter": 0,
                "extras": 0,
                "total": 0
              }
            },
            {
              "batter": "R van Tonder",
              "bowler": "PWA Mulder",
              "non_striker": "AR Swanepoel",
              "runs": {
                "batter": 0,
                "extras": 0,
                "total": 0
              }
            },
            {
              "batter": "R van Tonder",
              "bowler": "PWA Mulder",
              "non_striker": "AR Swanepoel",
              "runs": {
                "batter": 4,
                "extras": 0,
                "total": 4
              }
            }
          ]
        },
        {
          "over": 6,
          "deliveries": [
            {
              "batter": "AR Swanepoel",
              "bowler": "E Jones",
              "non_striker": "R van Tonder",
              "runs": {
                "batter": 1,
                "extras": 0,
                "total": 1
              }
            },
            {
              "batter": "R van Tonder",
              "bowler": "E Jones",
              "non_striker": "AR Swanepoel",
              "runs": {
                "batter": 2,
                "extras": 0,
                "total": 2
              }
            },
            {
              "batter": "R van Tonder",
              "bowler": "E Jones",
              "non_striker": "AR Swanepoel",
              "runs": {
                "batter": 1,
                "extras": 0,
                "total": 1
              }
            },
            {
              "batter": "AR Swanepoel",
              "bowler": "E Jones",
              "non_striker": "R van Tonder",
              "runs": {
                "batter": 1,
                "extras": 0,
                "total": 1
              }
            },
            {
              "batter": "R van Tonder",
              "bowler": "E Jones",
              "non_striker": "AR Swanepoel",
              "runs": {
                "batter": 0,
                "extras": 0,
                "total": 0
              }
            },
            {
              "batter": "R van Tonder",
              "bowler": "E Jones",
              "extras": {
                "wides": 1
              },
              "non_striker": "AR Swanepoel",
              "runs": {
                "batter": 0,
                "extras": 1,
                "total": 1
              }
            },
            {
              "batter": "R van Tonder",
              "bowler": "E Jones",
              "non_striker": "AR Swanepoel",
              "runs": {
                "batter": 1,
                "extras": 0,
                "total": 1
              }
            }
          ]
        },
        {
          "over": 7,
          "deliveries": [
            {
              "batter": "R van Tonder",
              "bowler": "TM Maphaka",
              "non_striker": "AR Swanepoel",
              "runs": {
                "batter": 0,
                "extras": 0,
                "total": 0
              }
            },
            {
              "batter": "R van Tonder",
              "bowler": "TM Maphaka",
              "non_striker": "AR Swanepoel",
              "runs": {
                "batter": 6,
                "extras": 0,
                "total": 6
              }
            },
            {
              "batter": "R van Tonder",
              "bowler": "TM Maphaka",
              "non_striker": "AR Swanepoel",
              "runs": {
                "batter": 0,
                "extras": 0,
                "total": 0
              }
            },
            {
              "batter": "R van Tonder",
              "bowler": "TM Maphaka",
              "non_striker": "AR Swanepoel",
              "runs": {
                "batter": 1,
                "extras": 0,
                "total": 1
              }
            },
            {
              "batter": "AR Swanepoel",
              "bowler": "TM Maphaka",
              "non_striker": "R van Tonder",
              "runs": {
                "batter": 0,
                "extras": 0,
                "total": 0
              },
              "wickets": [
                {
                  "player_out": "AR Swanepoel",
                  "fielders": [
                    {
                      "name": "L Sipamla"
                    }
                  ],
                  "kind": "caught"
                }
              ]
            },
            {
              "batter": "PE Kruger",
              "bowler": "TM Maphaka",
              "non_striker": "R van Tonder",
              "runs": {
                "batter": 0,
                "extras": 0,
                "total": 0
              }
            }
          ]
        },
        {
          "over": 8,
          "deliveries": [
            {
              "batter": "R van Tonder",
              "bowler": "E Jones",
              "non_striker": "PE Kruger",
              "runs": {
                "batter": 1,
                "extras": 0,
                "total": 1
              }
            },
            {
              "batter": "PE Kruger",
              "bowler": "E Jones",
              "non_striker": "R van Tonder",
              "runs": {
                "batter": 1,
                "extras": 0,
                "total": 1
              }
            },
            {
              "batter": "R van Tonder",
              "bowler": "E Jones",
              "non_striker": "PE Kruger",
              "runs": {
                "batter": 0,
                "extras": 0,
                "total": 0
              }
            },
            {
              "batter": "R van Tonder",
              "bowler": "E Jones",
              "non_striker": "PE Kruger",
              "runs": {
                "batter": 1,
                "extras": 0,
                "total": 1
              }
            },
            {
              "batter": "PE Kruger",
              "bowler": "E Jones",
              "non_striker": "R van Tonder",
              "runs": {
                "batter": 2,
                "extras": 0,
                "total": 2
              }
            },
            {
              "batter": "PE Kruger",
              "bowler": "E Jones",
              "non_striker": "R van Tonder",
              "runs": {
                "batter": 4,
                "extras": 0,
                "total": 4
              }
            }
          ]
        },
        {
          "over": 9,
          "deliveries": [
            {
              "batter": "R van Tonder",
              "bowler": "TM Maphaka",
              "non_striker": "PE Kruger",
              "runs": {
                "batter": 1,
                "extras": 0,
                "total": 1
              }
            },
            {
              "batter": "PE Kruger",
              "bowler": "TM Maphaka",
              "non_striker": "R van Tonder",
              "runs": {
                "batter": 1,
                "extras": 0,
                "total": 1
              }
            },
            {
              "batter": "R van Tonder",
              "bowler": "TM Maphaka",
              "non_striker": "PE Kruger",
              "runs": {
                "batter": 1,
                "extras": 0,
                "total": 1
              }
            },
            {
              "batter": "PE Kruger",
              "bowler": "TM Maphaka",
              "non_striker": "R van Tonder",
              "runs": {
                "batter": 0,
                "extras": 0,
                "total": 0
              }
            },
            {
              "batter": "PE Kruger",
              "bowler": "TM Maphaka",
              "non_striker": "R van Tonder",
              "runs": {
                "batter": 0,
                "extras": 0,
                "total": 0
              }
            },
            {
              "batter": "PE Kruger",
              "bowler": "TM Maphaka",
              "non_striker": "R van Tonder",
              "runs": {
                "batter": 6,
                "extras": 0,
                "total": 6
              }
            }
          ]
        },
        {
          "over": 10,
          "deliveries": [
            {
              "batter": "R van Tonder",
              "bowler": "E Jones",
              "extras": {
                "wides": 1
              },
              "non_striker": "PE Kruger",
              "runs": {
                "batter": 0,
                "extras": 1,
                "total": 1
              }
            },
            {
              "batter": "R van Tonder",
              "bowler": "E Jones",
              "non_striker": "PE Kruger",
              "runs": {
                "batter": 1,
                "extras": 0,
                "total": 1
              }
            },
            {
              "batter": "PE Kruger",
              "bowler": "E Jones",
              "non_striker": "R van Tonder",
              "runs": {
                "batter": 1,
                "extras": 0,
                "total": 1
              }
            },
            {
              "batter": "R van Tonder",
              "bowler": "E Jones",
              "non_striker": "PE Kruger",
              "runs": {
                "batter": 0,
                "extras": 0,
                "total": 0
              },
              "wickets": [
                {
                  "player_out": "R van Tonder",
                  "fielders": [
                    {
                      "name": "RD Rickelton"
                    }
                  ],
                  "kind": "caught"
                }
              ]
            },
            {
              "batter": "PJ van Biljon",
              "bowler": "E Jones",
              "non_striker": "PE Kruger",
              "runs": {
                "batter": 0,
                "extras": 0,
                "total": 0
              }
            },
            {
              "batter": "PJ van Biljon",
              "bowler": "E Jones",
              "extras": {
                "legbyes": 1
              },
              "non_striker": "PE Kruger",
              "runs": {
                "batter": 0,
                "extras": 1,
                "total": 1
              }
            },
            {
              "batter": "PE Kruger",
              "bowler": "E Jones",
              "extras": {
                "wides": 1
              },
              "non_striker": "PJ van Biljon",
              "runs": {
                "batter": 0,
                "extras": 1,
                "total": 1
              }
            },
            {
              "batter": "PE Kruger",
              "bowler": "E Jones",
              "non_striker": "PJ van Biljon",
              "runs": {
                "batter": 0,
                "extras": 0,
                "total": 0
              }
            }
          ]
        },
        {
          "over": 11,
          "deliveries": [
            {
              "batter": "PJ van Biljon",
              "bowler": "MP Siboto",
              "non_striker": "PE Kruger",
              "runs": {
                "batter": 1,
                "extras": 0,
                "total": 1
              }
            },
            {
              "batter": "PE Kruger",
              "bowler": "MP Siboto",
              "non_striker": "PJ van Biljon",
              "runs": {
                "batter": 1,
                "extras": 0,
                "total": 1
              }
            },
            {
              "batter": "PJ van Biljon",
              "bowler": "MP Siboto",
              "non_striker": "PE Kruger",
              "runs": {
                "batter": 2,
                "extras": 0,
                "total": 2
              }
            },
            {
              "batter": "PJ van Biljon",
              "bowler": "MP Siboto",
              "non_striker": "PE Kruger",
              "runs": {
                "batter": 1,
                "extras": 0,
                "total": 1
              }
            },
            {
              "batter": "PE Kruger",
              "bowler": "MP Siboto",
              "non_striker": "PJ van Biljon",
              "runs": {
                "batter": 1,
                "extras": 0,
                "total": 1
              }
            },
            {
              "batter": "PJ van Biljon",
              "bowler": "MP Siboto",
              "non_striker": "PE Kruger",
              "runs": {
                "batter": 1,
                "extras": 0,
                "total": 1
              }
            }
          ]
        },
        {
          "over": 12,
          "deliveries": [
            {
              "batter": "PJ van Biljon",
              "bowler": "E Jones",
              "non_striker": "PE Kruger",
              "runs": {
                "batter": 0,
                "extras": 0,
                "total": 0
              },
              "wickets": [
                {
                  "player_out": "PJ van Biljon",
                  "fielders": [
                    {
                      "name": "DA Hendricks"
                    }
                  ],
                  "kind": "caught"
                }
              ]
            },
            {
              "batter": "M Pretorius",
              "bowler": "E Jones",
              "non_striker": "PE Kruger",
              "runs": {
                "batter": 0,
                "extras": 0,
                "total": 0
              }
            },
            {
              "batter": "M Pretorius",
              "bowler": "E Jones",
              "non_striker": "PE Kruger",
              "runs": {
                "batter": 0,
                "extras": 0,
                "total": 0
              }
            },
            {
              "batter": "M Pretorius",
              "bowler": "E Jones",
              "non_striker": "PE Kruger",
              "runs": {
                "batter": 2,
                "extras": 0,
                "total": 2
              }
            },
            {
              "batter": "M Pretorius",
              "bowler": "E Jones",
              "non_striker": "PE Kruger",
              "runs": {
                "batter": 0,
                "extras": 0,
                "total": 0
              }
            },
            {
              "batter": "M Pretorius",
              "bowler": "E Jones",
              "extras": {
                "legbyes": 1
              },
              "non_striker": "PE Kruger",
              "runs": {
                "batter": 0,
                "extras": 1,
                "total": 1
              }
            }
          ]
        },
        {
          "over": 13,
          "deliveries": [
            {
              "batter": "M Pretorius",
              "bowler": "MP Siboto",
              "non_striker": "PE Kruger",
              "runs": {
                "batter": 1,
                "extras": 0,
                "total": 1
              }
            },
            {
              "batter": "PE Kruger",
              "bowler": "MP Siboto",
              "non_striker": "M Pretorius",
              "runs": {
                "batter": 6,
                "extras": 0,
                "total": 6
              }
            },
            {
              "batter": "PE Kruger",
              "bowler": "MP Siboto",
              "non_striker": "M Pretorius",
              "runs": {
                "batter": 1,
                "extras": 0,
                "total": 1
              }
            },
            {
              "batter": "M Pretorius",
              "bowler": "MP Siboto",
              "non_striker": "PE Kruger",
              "runs": {
                "batter": 1,
                "extras": 0,
                "total": 1
              }
            },
            {
              "batter": "PE Kruger",
              "bowler": "MP Siboto",
              "non_striker": "M Pretorius",
              "runs": {
                "batter": 2,
                "extras": 0,
                "total": 2
              }
            },
            {
              "batter": "PE Kruger",
              "bowler": "MP Siboto",
              "non_striker": "M Pretorius",
              "runs": {
                "batter": 0,
                "extras": 0,
                "total": 0
              }
            }
          ]
        },
        {
          "over": 14,
          "deliveries": [
            {
              "batter": "M Pretorius",
              "bowler": "PWA Mulder",
              "non_striker": "PE Kruger",
              "runs": {
                "batter": 1,
                "extras": 0,
                "total": 1
              }
            },
            {
              "batter": "PE Kruger",
              "bowler": "PWA Mulder",
              "non_striker": "M Pretorius",
              "runs": {
                "batter": 0,
                "extras": 0,
                "total": 0
              }
            },
            {
              "batter": "PE Kruger",
              "bowler": "PWA Mulder",
              "non_striker": "M Pretorius",
              "runs": {
                "batter": 0,
                "extras": 0,
                "total": 0
              }
            },
            {
              "batter": "PE Kruger",
              "bowler": "PWA Mulder",
              "non_striker": "M Pretorius",
              "runs": {
                "batter": 4,
                "extras": 0,
                "total": 4
              }
            },
            {
              "batter": "PE Kruger",
              "bowler": "PWA Mulder",
              "non_striker": "M Pretorius",
              "runs": {
                "batter": 4,
                "extras": 0,
                "total": 4
              }
            },
            {
              "batter": "PE Kruger",
              "bowler": "PWA Mulder",
              "non_striker": "M Pretorius",
              "runs": {
                "batter": 1,
                "extras": 0,
                "total": 1
              }
            }
          ]
        },
        {
          "over": 15,
          "deliveries": [
            {
              "batter": "PE Kruger",
              "bowler": "L Sipamla",
              "non_striker": "M Pretorius",
              "runs": {
                "batter": 4,
                "extras": 0,
                "total": 4
              }
            },
            {
              "batter": "PE Kruger",
              "bowler": "L Sipamla",
              "non_striker": "M Pretorius",
              "runs": {
                "batter": 1,
                "extras": 0,
                "total": 1
              }
            },
            {
              "batter": "M Pretorius",
              "bowler": "L Sipamla",
              "non_striker": "PE Kruger",
              "runs": {
                "batter": 1,
                "extras": 0,
                "total": 1
              }
            },
            {
              "batter": "PE Kruger",
              "bowler": "L Sipamla",
              "non_striker": "M Pretorius",
              "runs": {
                "batter": 1,
                "extras": 0,
                "total": 1
              }
            },
            {
              "batter": "M Pretorius",
              "bowler": "L Sipamla",
              "non_striker": "PE Kruger",
              "runs": {
                "batter": 0,
                "extras": 0,
                "total": 0
              },
              "wickets": [
                {
                  "player_out": "M Pretorius",
                  "kind": "bowled"
                }
              ]
            },
            {
              "batter": "G Coetzee",
              "bowler": "L Sipamla",
              "non_striker": "PE Kruger",
              "runs": {
                "batter": 0,
                "extras": 0,
                "total": 0
              }
            }
          ]
        },
        {
          "over": 16,
          "deliveries": [
            {
              "batter": "PE Kruger",
              "bowler": "MP Siboto",
              "non_striker": "G Coetzee",
              "runs": {
                "batter": 0,
                "extras": 0,
                "total": 0
              }
            },
            {
              "batter": "PE Kruger",
              "bowler": "MP Siboto",
              "non_striker": "G Coetzee",
              "runs": {
                "batter": 1,
                "extras": 0,
                "total": 1
              }
            },
            {
              "batter": "G Coetzee",
              "bowler": "MP Siboto",
              "non_striker": "PE Kruger",
              "runs": {
                "batter": 3,
                "extras": 0,
                "total": 3
              }
            },
            {
              "batter": "PE Kruger",
              "bowler": "MP Siboto",
              "non_striker": "G Coetzee",
              "runs": {
                "batter": 4,
                "extras": 0,
                "total": 4
              }
            },
            {
              "batter": "PE Kruger",
              "bowler": "MP Siboto",
              "non_striker": "G Coetzee",
              "runs": {
                "batter": 1,
                "extras": 0,
                "total": 1
              }
            },
            {
              "batter": "G Coetzee",
              "bowler": "MP Siboto",
              "non_striker": "PE Kruger",
              "runs": {
                "batter": 1,
                "extras": 0,
                "total": 1
              }
            }
          ]
        },
        {
          "over": 17,
          "deliveries": [
            {
              "batter": "G Coetzee",
              "bowler": "L Sipamla",
              "non_striker": "PE Kruger",
              "runs": {
                "batter": 2,
                "extras": 0,
                "total": 2
              }
            },
            {
              "batter": "G Coetzee",
              "bowler": "L Sipamla",
              "non_striker": "PE Kruger",
              "runs": {
                "batter": 4,
                "extras": 0,
                "total": 4
              }
            },
            {
              "batter": "G Coetzee",
              "bowler": "L Sipamla",
              "non_striker": "PE Kruger",
              "runs": {
                "batter": 4,
                "extras": 0,
                "total": 4
              }
            },
            {
              "batter": "G Coetzee",
              "bowler": "L Sipamla",
              "non_striker": "PE Kruger",
              "runs": {
                "batter": 4,
                "extras": 0,
                "total": 4
              }
            },
            {
              "batter": "G Coetzee",
              "bowler": "L Sipamla",
              "non_striker": "PE Kruger",
              "runs": {
                "batter": 1,
                "extras": 0,
                "total": 1
              }
            },
            {
              "batter": "PE Kruger",
              "bowler": "L Sipamla",
              "non_striker": "G Coetzee",
              "runs": {
                "batter": 1,
                "extras": 0,
                "total": 1
              }
            }
          ]
        },
        {
          "over": 18,
          "deliveries": [
            {
              "batter": "PE Kruger",
              "bowler": "T Bokako",
              "non_striker": "G Coetzee",
              "runs": {
                "batter": 1,
                "extras": 0,
                "total": 1
              }
            },
            {
              "batter": "G Coetzee",
              "bowler": "T Bokako",
              "non_striker": "PE Kruger",
              "runs": {
                "batter": 6,
                "extras": 0,
                "total": 6
              }
            },
            {
              "batter": "G Coetzee",
              "bowler": "T Bokako",
              "non_striker": "PE Kruger",
              "runs": {
                "batter": 1,
                "extras": 0,
                "total": 1
              }
            },
            {
              "batter": "PE Kruger",
              "bowler": "T Bokako",
              "non_striker": "G Coetzee",
              "runs": {
                "batter": 2,
                "extras": 0,
                "total": 2
              }
            },
            {
              "batter": "PE Kruger",
              "bowler": "T Bokako",
              "non_striker": "G Coetzee",
              "runs": {
                "batter": 1,
                "extras": 0,
                "total": 1
              }
            },
            {
              "batter": "G Coetzee",
              "bowler": "T Bokako",
              "non_striker": "PE Kruger",
              "runs": {
                "batter": 0,
                "extras": 0,
                "total": 0
              },
              "wickets": [
                {
                  "player_out": "G Coetzee",
                  "kind": "bowled"
                }
              ]
            }
          ]
        },
        {
          "over": 19,
          "deliveries": [
            {
              "batter": "PE Kruger",
              "bowler": "MP Siboto",
              "non_striker": "SA Mothoa",
              "runs": {
                "batter": 4,
                "extras": 0,
                "total": 4
              }
            },
            {
              "batter": "PE Kruger",
              "bowler": "MP Siboto",
              "non_striker": "SA Mothoa",
              "runs": {
                "batter": 4,
                "extras": 0,
                "total": 4
              }
            },
            {
              "batter": "PE Kruger",
              "bowler": "MP Siboto",
              "non_striker": "SA Mothoa",
              "runs": {
                "batter": 0,
                "extras": 0,
                "total": 0
              }
            },
            {
              "batter": "PE Kruger",
              "bowler": "MP Siboto",
              "non_striker": "SA Mothoa",
              "runs": {
                "batter": 0,
                "extras": 0,
                "total": 0
              },
              "wickets": [
                {
                  "player_out": "PE Kruger",
                  "fielders": [
                    {
                      "name": "T Bokako"
                    }
                  ],
                  "kind": "caught"
                }
              ]
            },
            {
              "batter": "M Budaza",
              "bowler": "MP Siboto",
              "non_striker": "SA Mothoa",
              "runs": {
                "batter": 0,
                "extras": 0,
                "total": 0
              },
              "wickets": [
                {
                  "player_out": "M Budaza",
                  "kind": "bowled"
                }
              ]
            },
            {
              "batter": "M Mhlanga",
              "bowler": "MP Siboto",
              "non_striker": "SA Mothoa",
              "runs": {
                "batter": 2,
                "extras": 0,
                "total": 2
              }
            }
          ]
        }
      ],
      "powerplays": [
        {
          "from": 0.1,
          "to": 5.6,
          "type": "mandatory"
        }
      ]
    }
  ]
}