{
  "meta": {
    "data_version": "1.1.0",
    "created": "2022-10-20",
    "revision": 2
  },
  "info": {
    "balls_per_over": 6,
    "city": "Potchefstroom",
    "dates": [
      "2022-10-20"
    ],
    "event": {
      "name": "CSA T20 Challenge",
      "match_number": 7
    },
    "gender": "male",
    "match_type": "T20",
    "missing": [
      "player_of_match"
    ],
    "officials": {
      "match_referees": [
        "LH Matroos"
      ],
      "reserve_umpires": [
        "A Paleker"
      ],
      "tv_umpires": [
        "A Jacobs"
      ],
      "umpires": [
        "AM Sodumo",
        "MN Gampu"
      ]
    },
    "outcome": {
      "winner": "Knights",
      "by": {
        "wickets": 9
      }
    },
    "overs": 20,
    "players": {
      "Western Province": [
        "K Verreynne",
        "EJ Cunningham",
        "T de Zorzi",
        "D Smith",
        "M Mpongwana",
        "GF Linde",
        "Abdullah Bayoumy",
        "KI Simmonds",
        "D Paterson",
        "TL Moreki",
        "J Dawood"
      ],
      "Knights": [
        "GL Cloete",
        "GJ Snyman",
        "R van Tonder",
        "AR Swanepoel",
        "PE Kruger",
        "PJ van Biljon",
        "O Motlhoaring",
        "G Coetzee",
        "M Pretorius",
        "SA Mothoa",
        "M Budaza"
      ]
    },
    "registry": {
      "people": {
        "A Jacobs": "70d117de",
        "A Paleker": "634b11ac",
        "AM Sodumo": "cc6850ec",
        "AR Swanepoel": "cba5185d",
        "Abdullah Bayoumy": "8ab49ad2",
        "D Paterson": "462d7c62",
        "D Smith": "5d69930d",
        "EJ Cunningham": "20fe6965",
        "G Coetzee": "3204c99f",
        "GF Linde": "e5437608",
        "GJ Snyman": "a3ae63f4",
        "GL Cloete": "3bf40832",
        "J Dawood": "a2316f90",
        "K Verreynne": "bf814547",
        "KI Simmonds": "3122c016",
        "LH Matroos": "6fa18157",
        "M Budaza": "1d105638",
        "M Mpongwana": "547c5509",
        "M Pretorius": "54c2b697",
        "MN Gampu": "41597619",
        "O Motlhoaring": "1713d202",
        "PE Kruger": "39181592",
        "PJ van Biljon": "4025c262",
        "R van Tonder": "0ba03cec",
        "SA Mothoa": "ea1eba98",
        "T de Zorzi": "d3a1c63d",
        "TL Moreki": "36ea17c1"
      }
    },
    "season": "2022/23",
    "team_type": "club",
    "teams": [
      "Western Province",
      "Knights"
    ],
    "toss": {
      "decision": "bat",
      "winner": "Western Province"
    },
    "venue": "Senwes Park, Potchefstroom"
  },
  "innings": [
    {
      "team": "Western Province",
      "overs": [
        {
          "over": 0,
          "deliveries": [
            {
              "batter": "K Verreynne",
              "bowler": "M Budaza",
              "non_striker": "EJ Cunningham",
              "runs": {
                "batter": 0,
                "extras": 0,
                "total": 0
              }
            },
            {
              "batter": "K Verreynne",
              "bowler": "M Budaza",
              "non_striker": "EJ Cunningham",
              "runs": {
                "batter": 1,
                "extras": 0,
                "total": 1
              }
            },
            {
              "batter": "EJ Cunningham",
              "bowler": "M Budaza",
              "non_striker": "K Verreynne",
              "runs": {
                "batter": 0,
                "extras": 0,
                "total": 0
              },
              "wickets": [
                {
                  "player_out": "EJ Cunningham",
                  "fielders": [
                    {
                      "name": "GL Cloete"
                    }
                  ],
                  "kind": "caught"
                }
              ]
            },
            {
              "batter": "T de Zorzi",
              "bowler": "M Budaza",
              "non_striker": "K Verreynne",
              "runs": {
                "batter": 4,
                "extras": 0,
                "total": 4
              }
            },
            {
              "batter": "T de Zorzi",
              "bowler": "M Budaza",
              "non_striker": "K Verreynne",
              "runs": {
                "batter": 4,
                "extras": 0,
                "total": 4
              }
            },
            {
              "batter": "T de Zorzi",
              "bowler": "M Budaza",
              "non_striker": "K Verreynne",
              "runs": {
                "batter": 0,
                "extras": 0,
                "total": 0
              }
            }
          ]
        },
        {
          "over": 1,
          "deliveries": [
            {
              "batter": "K Verreynne",
              "bowler": "M Pretorius",
              "non_striker": "T de Zorzi",
              "runs": {
                "batter": 3,
                "extras": 0,
                "total": 3
              }
            },
            {
              "batter": "T de Zorzi",
              "bowler": "M Pretorius",
              "non_striker": "K Verreynne",
              "runs": {
                "batter": 0,
                "extras": 0,
                "total": 0
              }
            },
            {
              "batter": "T de Zorzi",
              "bowler": "M Pretorius",
              "non_striker": "K Verreynne",
              "runs": {
                "batter": 0,
                "extras": 0,
                "total": 0
              }
            },
            {
              "batter": "T de Zorzi",
              "bowler": "M Pretorius",
              "non_striker": "K Verreynne",
              "runs": {
                "batter": 2,
                "extras": 0,
                "total": 2
              }
            },
            {
              "batter": "T de Zorzi",
              "bowler": "M Pretorius",
              "non_striker": "K Verreynne",
              "runs": {
                "batter": 0,
                "extras": 0,
                "total": 0
              }
            },
            {
              "batter": "T de Zorzi",
              "bowler": "M Pretorius",
              "non_striker": "K Verreynne",
              "runs": {
                "batter": 0,
                "extras": 0,
                "total": 0
              }
            }
          ]
        },
        {
          "over": 2,
          "deliveries": [
            {
              "batter": "K Verreynne",
              "bowler": "M Budaza",
              "non_striker": "T de Zorzi",
              "runs": {
                "batter": 2,
                "extras": 0,
                "total": 2
              }
            },
            {
              "batter": "K Verreynne",
              "bowler": "M Budaza",
              "non_striker": "T de Zorzi",
              "runs": {
                "batter": 0,
                "extras": 0,
                "total": 0
              }
            },
            {
              "batter": "K Verreynne",
              "bowler": "M Budaza",
              "non_striker": "T de Zorzi",
              "runs": {
                "batter": 4,
                "extras": 0,
                "total": 4
              }
            },
            {
              "batter": "K Verreynne",
              "bowler": "M Budaza",
              "non_striker": "T de Zorzi",
              "runs": {
                "batter": 0,
                "extras": 0,
                "total": 0
              }
            },
            {
              "batter": "K Verreynne",
              "bowler": "M Budaza",
              "non_striker": "T de Zorzi",
              "runs": {
                "batter": 4,
                "extras": 0,
                "total": 4
              }
            },
            {
              "batter": "K Verreynne",
              "bowler": "M Budaza",
              "non_striker": "T de Zorzi",
              "runs": {
                "batter": 6,
                "extras": 0,
                "total": 6
              }
            }
          ]
        },
        {
          "over": 3,
          "deliveries": [
            {
              "batter": "T de Zorzi",
              "bowler": "M Pretorius",
              "non_striker": "K Verreynne",
              "runs": {
                "batter": 1,
                "extras": 0,
                "total": 1
              }
            },
            {
              "batter": "K Verreynne",
              "bowler": "M Pretorius",
              "non_striker": "T de Zorzi",
              "runs": {
                "batter": 1,
                "extras": 0,
                "total": 1
              }
            },
            {
              "batter": "T de Zorzi",
              "bowler": "M Pretorius",
              "non_striker": "K Verreynne",
              "runs": {
                "batter": 1,
                "extras": 0,
                "total": 1
              }
            },
            {
              "batter": "K Verreynne",
              "bowler": "M Pretorius",
              "non_striker": "T de Zorzi",
              "runs": {
                "batter": 0,
                "extras": 0,
                "total": 0
              }
            },
            {
              "batter": "K Verreynne",
              "bowler": "M Pretorius",
              "extras": {
                "legbyes": 1
              },
              "non_striker": "T de Zorzi",
              "runs": {
                "batter": 0,
                "extras": 1,
                "total": 1
              }
            },
            {
              "batter": "T de Zorzi",
              "bowler": "M Pretorius",
              "non_striker": "K Verreynne",
              "runs": {
                "batter": 1,
                "extras": 0,
                "total": 1
              }
            }
          ]
        },
        {
          "over": 4,
          "deliveries": [
            {
              "batter": "T de Zorzi",
              "bowler": "G Coetzee",
              "non_striker": "K Verreynne",
              "runs": {
                "batter": 2,
                "extras": 0,
                "total": 2
              }
            },
            {
              "batter": "T de Zorzi",
              "bowler": "G Coetzee",
              "non_striker": "K Verreynne",
              "runs": {
                "batter": 0,
                "extras": 0,
                "total": 0
              },
              "wickets": [
                {
                  "player_out": "T de Zorzi",
                  "kind": "bowled"
                }
              ]
            },
            {
              "batter": "D Smith",
              "bowler": "G Coetzee",
              "non_striker": "K Verreynne",
              "runs": {
                "batter": 0,
                "extras": 0,
                "total": 0
              }
            },
            {
              "batter": "D Smith",
              "bowler": "G Coetzee",
              "non_striker": "K Verreynne",
              "runs": {
                "batter": 0,
                "extras": 0,
                "total": 0
              }
            },
            {
              "batter": "D Smith",
              "bowler": "G Coetzee",
              "non_striker": "K Verreynne",
              "runs": {
                "batter": 0,
                "extras": 0,
                "total": 0
              }
            },
            {
              "batter": "D Smith",
              "bowler": "G Coetzee",
              "non_striker": "K Verreynne",
              "runs": {
                "batter": 0,
                "extras": 0,
                "total": 0
              }
            }
          ]
        },
        {
          "over": 5,
          "deliveries": [
            {
              "batter": "K Verreynne",
              "bowler": "M Pretorius",
              "non_striker": "D Smith",
              "runs": {
                "batter": 1,
                "extras": 0,
                "total": 1
              }
            },
            {
              "batter": "D Smith",
              "bowler": "M Pretorius",
              "non_striker": "K Verreynne",
              "runs": {
                "batter": 0,
                "extras": 0,
                "total": 0
              }
            },
            {
              "batter": "D Smith",
              "bowler": "M Pretorius",
              "non_striker": "K Verreynne",
              "runs": {
                "batter": 4,
                "extras": 0,
                "total": 4
              }
            },
            {
              "batter": "D Smith",
              "bowler": "M Pretorius",
              "non_striker": "K Verreynne",
              "runs": {
                "batter": 0,
                "extras": 0,
                "total": 0
              }
            },
            {
              "batter": "D Smith",
              "bowler": "M Pretorius",
              "non_striker": "K Verreynne",
              "runs": {
                "batter": 1,
                "extras": 0,
                "total": 1
              }
            },
            {
              "batter": "K Verreynne",
              "bowler": "M Pretorius",
              "non_striker": "D Smith",
              "runs": {
                "batter": 1,
                "extras": 0,
                "total": 1
              }
            }
          ]
        },
        {
          "over": 6,
          "deliveries": [
            {
              "batter": "K Verreynne",
              "bowler": "G Coetzee",
              "non_striker": "D Smith",
              "runs": {
                "batter": 2,
                "extras": 0,
                "total": 2
              }
            },
            {
              "batter": "K Verreynne",
              "bowler": "G Coetzee",
              "non_striker": "D Smith",
              "runs": {
                "batter": 4,
                "extras": 0,
                "total": 4
              }
            },
            {
              "batter": "K Verreynne",
              "bowler": "G Coetzee",
              "non_striker": "D Smith",
              "runs": {
                "batter": 0,
                "extras": 0,
                "total": 0
              }
            },
            {
              "batter": "K Verreynne",
              "bowler": "G Coetzee",
              "non_striker": "D Smith",
              "runs": {
                "batter": 0,
                "extras": 0,
                "total": 0
              }
            },
            {
              "batter": "K Verreynne",
              "bowler": "G Coetzee",
              "extras": {
                "noballs": 1
              },
              "non_striker": "D Smith",
              "runs": {
                "batter": 4,
                "extras": 1,
                "total": 5
              }
            },
            {
              "batter": "K Verreynne",
              "bowler": "G Coetzee",
              "non_striker": "D Smith",
              "runs": {
                "batter": 2,
                "extras": 0,
                "total": 2
              }
            },
            {
              "batter": "K Verreynne",
              "bowler": "G Coetzee",
              "non_striker": "D Smith",
              "runs": {
                "batter": 0,
                "extras": 0,
                "total": 0
              },
              "wickets": [
                {
                  "player_out": "K Verreynne",
                  "fielders": [
                    {
                      "name": "GL Cloete"
                    }
                  ],
                  "kind": "caught"
                }
              ]
            }
          ]
        },
        {
          "over": 7,
          "deliveries": [
            {
              "batter": "D Smith",
              "bowler": "GJ Snyman",
              "non_striker": "M Mpongwana",
              "runs": {
                "batter": 1,
                "extras": 0,
                "total": 1
              }
            },
            {
              "batter": "M Mpongwana",
              "bowler": "GJ Snyman",
              "non_striker": "D Smith",
              "runs": {
                "batter": 0,
                "extras": 0,
                "total": 0
              }
            },
            {
              "batter": "M Mpongwana",
              "bowler": "GJ Snyman",
              "non_striker": "D Smith",
              "runs": {
                "batter": 2,
                "extras": 0,
                "total": 2
              }
            },
            {
              "batter": "M Mpongwana",
              "bowler": "GJ Snyman",
              "non_striker": "D Smith",
              "runs": {
                "batter": 0,
                "extras": 0,
                "total": 0
              }
            },
            {
              "batter": "M Mpongwana",
              "bowler": "GJ Snyman",
              "non_striker": "D Smith",
              "runs": {
                "batter": 1,
                "extras": 0,
                "total": 1
              }
            },
            {
              "batter": "D Smith",
              "bowler": "GJ Snyman",
              "non_striker": "M Mpongwana",
              "runs": {
                "batter": 1,
                "extras": 0,
                "total": 1
              }
            }
          ]
        },
        {
          "over": 8,
          "deliveries": [
            {
              "batter": "D Smith",
              "bowler": "SA Mothoa",
              "non_striker": "M Mpongwana",
              "runs": {
                "batter": 0,
                "extras": 0,
                "total": 0
              }
            },
            {
              "batter": "D Smith",
              "bowler": "SA Mothoa",
              "non_striker": "M Mpongwana",
              "runs": {
                "batter": 0,
                "extras": 0,
                "total": 0
              }
            },
            {
              "batter": "D Smith",
              "bowler": "SA Mothoa",
              "non_striker": "M Mpongwana",
              "runs": {
                "batter": 1,
                "extras": 0,
                "total": 1
              }
            },
            {
              "batter": "M Mpongwana",
              "bowler": "SA Mothoa",
              "non_striker": "D Smith",
              "runs": {
                "batter": 1,
                "extras": 0,
                "total": 1
              }
            },
            {
              "batter": "D Smith",
              "bowler": "SA Mothoa",
              "non_striker": "M Mpongwana",
              "runs": {
                "batter": 1,
                "extras": 0,
                "total": 1
              }
            },
            {
              "batter": "M Mpongwana",
              "bowler": "SA Mothoa",
              "non_striker": "D Smith",
              "runs": {
                "batter": 1,
                "extras": 0,
                "total": 1
              }
            }
          ]
        },
        {
          "over": 9,
          "deliveries": [
            {
              "batter": "M Mpongwana",
              "bowler": "GJ Snyman",
              "non_striker": "D Smith",
              "runs": {
                "batter": 0,
                "extras": 0,
                "total": 0
              }
            },
            {
              "batter": "M Mpongwana",
              "bowler": "GJ Snyman",
              "non_striker": "D Smith",
              "runs": {
                "batter": 1,
                "extras": 0,
                "total": 1
              }
            },
            {
              "batter": "D Smith",
              "bowler": "GJ Snyman",
              "non_striker": "M Mpongwana",
              "runs": {
                "batter": 0,
                "extras": 0,
                "total": 0
              }
            },
            {
              "batter": "D Smith",
              "bowler": "GJ Snyman",
              "non_striker": "M Mpongwana",
              "runs": {
                "batter": 1,
                "extras": 0,
                "total": 1
              }
            },
            {
              "batter": "M Mpongwana",
              "bowler": "GJ Snyman",
              "non_striker": "D Smith",
              "runs": {
                "batter": 0,
                "extras": 0,
                "total": 0
              }
            },
            {
              "batter": "M Mpongwana",
              "bowler": "GJ Snyman",
              "non_striker": "D Smith",
              "runs": {
                "batter": 0,
                "extras": 0,
                "total": 0
              }
            }
          ]
        },
        {
          "over": 10,
          "deliveries": [
            {
              "batter": "D Smith",
              "bowler": "AR Swanepoel",
              "non_striker": "M Mpongwana",
              "runs": {
                "batter": 0,
                "extras": 0,
                "total": 0
              }
            },
            {
              "batter": "D Smith",
              "bowler": "AR Swanepoel",
              "non_striker": "M Mpongwana",
              "runs": {
                "batter": 2,
                "extras": 0,
                "total": 2
              }
            },
            {
              "batter": "D Smith",
              "bowler": "AR Swanepoel",
              "non_striker": "M Mpongwana",
              "runs": {
                "batter": 4,
                "extras": 0,
                "total": 4
              }
            },
            {
              "batter": "D Smith",
              "bowler": "AR Swanepoel",
              "non_striker": "M Mpongwana",
              "runs": {
                "batter": 1,
                "extras": 0,
                "total": 1
              }
            },
            {
              "batter": "M Mpongwana",
              "bowler": "AR Swanepoel",
              "non_striker": "D Smith",
              "runs": {
                "batter": 1,
                "extras": 0,
                "total": 1
              }
            },
            {
              "batter": "D Smith",
              "bowler": "AR Swanepoel",
              "non_striker": "M Mpongwana",
              "runs": {
                "batter": 0,
                "extras": 0,
                "total": 0
              }
            }
          ]
        },
        {
          "over": 11,
          "deliveries": [
            {
              "batter": "M Mpongwana",
              "bowler": "GJ Snyman",
              "non_striker": "D Smith",
              "runs": {
                "batter": 0,
                "extras": 0,
                "total": 0
              },
              "wickets": [
                {
                  "player_out": "M Mpongwana",
                  "kind": "bowled"
                }
              ]
            },
            {
              "batter": "GF Linde",
              "bowler": "GJ Snyman",
              "non_striker": "D Smith",
              "runs": {
                "batter": 0,
                "extras": 0,
                "total": 0
              }
            },
            {
              "batter": "GF Linde",
              "bowler": "GJ Snyman",
              "non_striker": "D Smith",
              "runs": {
                "batter": 1,
                "extras": 0,
                "total": 1
              }
            },
            {
              "batter": "D Smith",
              "bowler": "GJ Snyman",
              "extras": {
                "legbyes": 1
              },
              "non_striker": "GF Linde",
              "runs": {
                "batter": 0,
                "extras": 1,
                "total": 1
              }
            },
            {
              "batter": "GF Linde",
              "bowler": "GJ Snyman",
              "non_striker": "D Smith",
              "runs": {
                "batter": 0,
                "extras": 0,
                "total": 0
              }
            },
            {
              "batter": "GF Linde",
              "bowler": "GJ Snyman",
              "non_striker": "D Smith",
              "runs": {
                "batter": 1,
                "extras": 0,
                "total": 1
              }
            }
          ]
        },
        {
          "over": 12,
          "deliveries": [
            {
              "batter": "GF Linde",
              "bowler": "AR Swanepoel",
              "non_striker": "D Smith",
              "runs": {
                "batter": 1,
                "extras": 0,
                "total": 1
              }
            },
            {
              "batter": "D Smith",
              "bowler": "AR Swanepoel",
              "non_striker": "GF Linde",
              "runs": {
                "batter": 4,
                "extras": 0,
                "total": 4
              }
            },
            {
              "batter": "D Smith",
              "bowler": "AR Swanepoel",
              "non_striker": "GF Linde",
              "runs": {
                "batter": 1,
                "extras": 0,
                "total": 1
              }
            },
            {
              "batter": "GF Linde",
              "bowler": "AR Swanepoel",
              "non_striker": "D Smith",
              "runs": {
                "batter": 0,
                "extras": 0,
                "total": 0
              }
            },
            {
              "batter": "GF Linde",
              "bowler": "AR Swanepoel",
              "non_striker": "D Smith",
              "runs": {
                "batter": 0,
                "extras": 0,
                "total": 0
              }
            },
            {
              "batter": "GF Linde",
              "bowler": "AR Swanepoel",
              "non_striker": "D Smith",
              "runs": {
                "batter": 1,
                "extras": 0,
                "total": 1
              }
            }
          ]
        },
        {
          "over": 13,
          "deliveries": [
            {
              "batter": "GF Linde",
              "bowler": "GJ Snyman",
              "non_striker": "D Smith",
              "runs": {
                "batter": 1,
                "extras": 0,
                "total": 1
              }
            },
            {
              "batter": "D Smith",
              "bowler": "GJ Snyman",
              "non_striker": "GF Linde",
              "runs": {
                "batter": 1,
                "extras": 0,
                "total": 1
              }
            },
            {
              "batter": "GF Linde",
              "bowler": "GJ Snyman",
              "non_striker": "D Smith",
              "runs": {
                "batter": 0,
                "extras": 0,
                "total": 0
              },
              "wickets": [
                {
                  "player_out": "GF Linde",
                  "fielders": [
                    {
                      "name": "GL Cloete"
                    }
                  ],
                  "kind": "stumped"
                }
              ]
            },
            {
              "batter": "Abdullah Bayoumy",
              "bowler": "GJ Snyman",
              "non_striker": "D Smith",
              "runs": {
                "batter": 1,
                "extras": 0,
                "total": 1
              }
            },
            {
              "batter": "D Smith",
              "bowler": "GJ Snyman",
              "non_striker": "Abdullah Bayoumy",
              "runs": {
                "batter": 1,
                "extras": 0,
                "total": 1
              }
            },
            {
              "batter": "Abdullah Bayoumy",
              "bowler": "GJ Snyman",
              "non_striker": "D Smith",
              "runs": {
                "batter": 0,
                "extras": 0,
                "total": 0
              }
            }
          ]
        },
        {
          "over": 14,
          "deliveries": [
            {
              "batter": "D Smith",
              "bowler": "AR Swanepoel",
              "non_striker": "Abdullah Bayoumy",
              "runs": {
                "batter": 4,
                "extras": 0,
                "total": 4
              }
            },
            {
              "batter": "D Smith",
              "bowler": "AR Swanepoel",
              "non_striker": "Abdullah Bayoumy",
              "runs": {
                "batter": 1,
                "extras": 0,
                "total": 1
              }
            },
            {
              "batter": "Abdullah Bayoumy",
              "bowler": "AR Swanepoel",
              "non_striker": "D Smith",
              "runs": {
                "batter": 1,
                "extras": 0,
                "total": 1
              }
            },
            {
              "batter": "D Smith",
              "bowler": "AR Swanepoel",
              "non_striker": "Abdullah Bayoumy",
              "runs": {
                "batter": 1,
                "extras": 0,
                "total": 1
              }
            },
            {
              "batter": "Abdullah Bayoumy",
              "bowler": "AR Swanepoel",
              "non_striker": "D Smith",
              "runs": {
                "batter": 0,
                "extras": 0,
                "total": 0
              }
            },
            {
              "batter": "Abdullah Bayoumy",
              "bowler": "AR Swanepoel",
              "non_striker": "D Smith",
              "runs": {
                "batter": 0,
                "extras": 0,
                "total": 0
              },
              "wickets": [
                {
                  "player_out": "Abdullah Bayoumy",
                  "fielders": [
                    {
                      "name": "GJ Snyman"
                    }
                  ],
                  "kind": "caught"
                }
              ]
            }
          ]
        },
        {
          "over": 15,
          "deliveries": [
            {
              "batter": "D Smith",
              "bowler": "G Coetzee",
              "non_striker": "KI Simmonds",
              "runs": {
                "batter": 1,
                "extras": 0,
                "total": 1
              }
            },
            {
              "batter": "KI Simmonds",
              "bowler": "G Coetzee",
              "non_striker": "D Smith",
              "runs": {
                "batter": 0,
                "extras": 0,
                "total": 0
              }
            },
            {
              "batter": "KI Simmonds",
              "bowler": "G Coetzee",
              "non_striker": "D Smith",
              "runs": {
                "batter": 1,
                "extras": 0,
                "total": 1
              }
            },
            {
              "batter": "D Smith",
              "bowler": "G Coetzee",
              "extras": {
                "wides": 1
              },
              "non_striker": "KI Simmonds",
              "runs": {
                "batter": 0,
                "extras": 1,
                "total": 1
              }
            },
            {
              "batter": "D Smith",
              "bowler": "G Coetzee",
              "non_striker": "KI Simmonds",
              "runs": {
                "batter": 0,
                "extras": 0,
                "total": 0
              },
              "wickets": [
                {
                  "player_out": "D Smith",
                  "fielders": [
                    {
                      "name": "GL Cloete"
                    }
                  ],
                  "kind": "caught"
                }
              ]
            },
            {
              "batter": "D Paterson",
              "bowler": "G Coetzee",
              "non_striker": "KI Simmonds",
              "runs": {
                "batter": 0,
                "extras": 0,
                "total": 0
              }
            },
            {
              "batter": "D Paterson",
              "bowler": "G Coetzee",
              "non_striker": "KI Simmonds",
              "runs": {
                "batter": 2,
                "extras": 0,
                "total": 2
              }
            }
          ]
        },
        {
          "over": 16,
          "deliveries": [
            {
              "batter": "KI Simmonds",
              "bowler": "AR Swanepoel",
              "non_striker": "D Paterson",
              "runs": {
                "batter": 2,
                "extras": 0,
                "total": 2
              }
            },
            {
              "batter": "KI Simmonds",
              "bowler": "AR Swanepoel",
              "non_striker": "D Paterson",
              "runs": {
                "batter": 0,
                "extras": 0,
                "total": 0
              }
            },
            {
              "batter": "KI Simmonds",
              "bowler": "AR Swanepoel",
              "non_striker": "D Paterson",
              "runs": {
                "batter": 0,
                "extras": 0,
                "total": 0
              }
            },
            {
              "batter": "KI Simmonds",
              "bowler": "AR Swanepoel",
              "non_striker": "D Paterson",
              "runs": {
                "batter": 0,
                "extras": 0,
                "total": 0
              },
              "wickets": [
                {
                  "player_out": "KI Simmonds",
                  "fielders": [
                    {
                      "name": "O Motlhoaring"
                    }
                  ],
                  "kind": "caught"
                }
              ]
            },
            {
              "batter": "TL Moreki",
              "bowler": "AR Swanepoel",
              "non_striker": "D Paterson",
              "runs": {
                "batter": 0,
                "extras": 0,
                "total": 0
              }
            },
            {
              "batter": "TL Moreki",
              "bowler": "AR Swanepoel",
              "non_striker": "D Paterson",
              "runs": {
                "batter": 0,
                "extras": 0,
                "total": 0
              },
              "wickets": [
                {
                  "player_out": "TL Moreki",
                  "kind": "bowled"
                }
              ]
            }
          ]
        },
        {
          "over": 17,
          "deliveries": [
            {
              "batter": "D Paterson",
              "bowler": "SA Mothoa",
              "non_striker": "J Dawood",
              "runs": {
                "batter": 2,
                "extras": 0,
                "total": 2
              }
            },
            {
              "batter": "D Paterson",
              "bowler": "SA Mothoa",
              "extras": {
                "byes": 4
              },
              "non_striker": "J Dawood",
              "runs": {
                "batter": 0,
                "extras": 4,
                "total": 4
              }
            },
            {
              "batter": "D Paterson",
              "bowler": "SA Mothoa",
              "non_striker": "J Dawood",
              "runs": {
                "batter": 2,
                "extras": 0,
                "total": 2
              }
            },
            {
              "batter": "D Paterson",
              "bowler": "SA Mothoa",
              "non_striker": "J Dawood",
              "runs": {
                "batter": 1,
                "extras": 0,
                "total": 1
              }
            },
            {
              "batter": "J Dawood",
              "bowler": "SA Mothoa",
              "non_striker": "D Paterson",
              "runs": {
                "batter": 1,
                "extras": 0,
                "total": 1
              }
            },
            {
              "batter": "D Paterson",
              "bowler": "SA Mothoa",
              "non_striker": "J Dawood",
              "runs": {
                "batter": 0,
                "extras": 0,
                "total": 0
              }
            }
          ]
        },
        {
          "over": 18,
          "deliveries": [
            {
              "batter": "J Dawood",
              "bowler": "G Coetzee",
              "non_striker": "D Paterson",
              "runs": {
                "batter": 0,
                "extras": 0,
                "total": 0
              }
            },
            {
              "batter": "J Dawood",
              "bowler": "G Coetzee",
              "non_striker": "D Paterson",
              "runs": {
                "batter": 0,
                "extras": 0,
                "total": 0
              }
            },
            {
              "batter": "J Dawood",
              "bowler": "G Coetzee",
              "non_striker": "D Paterson",
              "runs": {
                "batter": 0,
                "extras": 0,
                "total": 0
              }
            },
            {
              "batter": "J Dawood",
              "bowler": "G Coetzee",
              "non_striker": "D Paterson",
              "runs": {
                "batter": 2,
                "extras": 0,
                "total": 2
              }
            },
            {
              "batter": "J Dawood",
              "bowler": "G Coetzee",
              "non_striker": "D Paterson",
              "runs": {
                "batter": 0,
                "extras": 0,
                "total": 0
              },
              "wickets": [
                {
                  "player_out": "J Dawood",
                  "kind": "bowled"
                }
              ]
            }
          ]
        }
      ],
      "powerplays": [
        {
          "from": 0.1,
          "to": 5.6,
          "type": "mandatory"
        }
      ]
    },
    {
      "team": "Knights",
      "overs": [
        {
          "over": 0,
          "deliveries": [
            {
              "batter": "GL Cloete",
              "bowler": "GF Linde",
              "non_striker": "GJ Snyman",
              "runs": {
                "batter": 4,
                "extras": 0,
                "total": 4
              }
            },
            {
              "batter": "GL Cloete",
              "bowler": "GF Linde",
              "non_striker": "GJ Snyman",
              "runs": {
                "batter": 0,
                "extras": 0,
                "total": 0
              }
            },
            {
              "batter": "GL Cloete",
              "bowler": "GF Linde",
              "non_striker": "GJ Snyman",
              "runs": {
                "batter": 0,
                "extras": 0,
                "total": 0
              }
            },
            {
              "batter": "GL Cloete",
              "bowler": "GF Linde",
              "non_striker": "GJ Snyman",
              "runs": {
                "batter": 2,
                "extras": 0,
                "total": 2
              }
            },
            {
              "batter": "GL Cloete",
              "bowler": "GF Linde",
              "non_striker": "GJ Snyman",
              "runs": {
                "batter": 0,
                "extras": 0,
                "total": 0
              }
            },
            {
              "batter": "GL Cloete",
              "bowler": "GF Linde",
              "non_striker": "GJ Snyman",
              "runs": {
                "batter": 0,
                "extras": 0,
                "total": 0
              }
            }
          ]
        },
        {
          "over": 1,
          "deliveries": [
            {
              "batter": "GJ Snyman",
              "bowler": "TL Moreki",
              "non_striker": "GL Cloete",
              "runs": {
                "batter": 0,
                "extras": 0,
                "total": 0
              }
            },
            {
              "batter": "GJ Snyman",
              "bowler": "TL Moreki",
              "non_striker": "GL Cloete",
              "runs": {
                "batter": 2,
                "extras": 0,
                "total": 2
              }
            },
            {
              "batter": "GJ Snyman",
              "bowler": "TL Moreki",
              "non_striker": "GL Cloete",
              "runs": {
                "batter": 0,
                "extras": 0,
                "total": 0
              }
            },
            {
              "batter": "GJ Snyman",
              "bowler": "TL Moreki",
              "non_striker": "GL Cloete",
              "runs": {
                "batter": 0,
                "extras": 0,
                "total": 0
              }
            },
            {
              "batter": "GJ Snyman",
              "bowler": "TL Moreki",
              "non_striker": "GL Cloete",
              "runs": {
                "batter": 4,
                "extras": 0,
                "total": 4
              }
            },
            {
              "batter": "GJ Snyman",
              "bowler": "TL Moreki",
              "non_striker": "GL Cloete",
              "runs": {
                "batter": 4,
                "extras": 0,
                "total": 4
              }
            }
          ]
        },
        {
          "over": 2,
          "deliveries": [
            {
              "batter": "GL Cloete",
              "bowler": "GF Linde",
              "non_striker": "GJ Snyman",
              "runs": {
                "batter": 4,
                "extras": 0,
                "total": 4
              }
            },
            {
              "batter": "GL Cloete",
              "bowler": "GF Linde",
              "non_striker": "GJ Snyman",
              "runs": {
                "batter": 0,
                "extras": 0,
                "total": 0
              }
            },
            {
              "batter": "GL Cloete",
              "bowler": "GF Linde",
              "non_striker": "GJ Snyman",
              "runs": {
                "batter": 4,
                "extras": 0,
                "total": 4
              }
            },
            {
              "batter": "GL Cloete",
              "bowler": "GF Linde",
              "non_striker": "GJ Snyman",
              "runs": {
                "batter": 1,
                "extras": 0,
                "total": 1
              }
            },
            {
              "batter": "GJ Snyman",
              "bowler": "GF Linde",
              "non_striker": "GL Cloete",
              "runs": {
                "batter": 0,
                "extras": 0,
                "total": 0
              }
            },
            {
              "batter": "GJ Snyman",
              "bowler": "GF Linde",
              "non_striker": "GL Cloete",
              "runs": {
                "batter": 2,
                "extras": 0,
                "total": 2
              }
            }
          ]
        },
        {
          "over": 3,
          "deliveries": [
            {
              "batter": "GL Cloete",
              "bowler": "D Paterson",
              "non_striker": "GJ Snyman",
              "runs": {
                "batter": 0,
                "extras": 0,
                "total": 0
              }
            },
            {
              "batter": "GL Cloete",
              "bowler": "D Paterson",
              "non_striker": "GJ Snyman",
              "runs": {
                "batter": 2,
                "extras": 0,
                "total": 2
              }
            },
            {
              "batter": "GL Cloete",
              "bowler": "D Paterson",
              "non_striker": "GJ Snyman",
              "runs": {
                "batter": 0,
                "extras": 0,
                "total": 0
              }
            },
            {
              "batter": "GL Cloete",
              "bowler": "D Paterson",
              "non_striker": "GJ Snyman",
              "runs": {
                "batter": 1,
                "extras": 0,
                "total": 1
              }
            },
            {
              "batter": "GJ Snyman",
              "bowler": "D Paterson",
              "non_striker": "GL Cloete",
              "runs": {
                "batter": 0,
                "extras": 0,
                "total": 0
              }
            },
            {
              "batter": "GJ Snyman",
              "bowler": "D Paterson",
              "non_striker": "GL Cloete",
              "runs": {
                "batter": 0,
                "extras": 0,
                "total": 0
              }
            }
          ]
        },
        {
          "over": 4,
          "deliveries": [
            {
              "batter": "GL Cloete",
              "bowler": "TL Moreki",
              "non_striker": "GJ Snyman",
              "runs": {
                "batter": 0,
                "extras": 0,
                "total": 0
              }
            },
            {
              "batter": "GL Cloete",
              "bowler": "TL Moreki",
              "non_striker": "GJ Snyman",
              "runs": {
                "batter": 1,
                "extras": 0,
                "total": 1
              }
            },
            {
              "batter": "GJ Snyman",
              "bowler": "TL Moreki",
              "non_striker": "GL Cloete",
              "runs": {
                "batter": 0,
                "extras": 0,
                "total": 0
              }
            },
            {
              "batter": "GJ Snyman",
              "bowler": "TL Moreki",
              "non_striker": "GL Cloete",
              "runs": {
                "batter": 4,
                "extras": 0,
                "total": 4
              }
            },
            {
              "batter": "GJ Snyman",
              "bowler": "TL Moreki",
              "non_striker": "GL Cloete",
              "runs": {
                "batter": 0,
                "extras": 0,
                "total": 0
              },
              "wickets": [
                {
                  "player_out": "GJ Snyman",
                  "fielders": [
                    {
                      "name": "D Smith"
                    }
                  ],
                  "kind": "caught"
                }
              ]
            },
            {
              "batter": "R van Tonder",
              "bowler": "TL Moreki",
              "non_striker": "GL Cloete",
              "runs": {
                "batter": 1,
                "extras": 0,
                "total": 1
              }
            }
          ]
        },
        {
          "over": 5,
          "deliveries": [
            {
              "batter": "R van Tonder",
              "bowler": "D Paterson",
              "non_striker": "GL Cloete",
              "runs": {
                "batter": 0,
                "extras": 0,
                "total": 0
              }
            },
            {
              "batter": "R van Tonder",
              "bowler": "D Paterson",
              "extras": {
                "legbyes": 1
              },
              "non_striker": "GL Cloete",
              "runs": {
                "batter": 0,
                "extras": 1,
                "total": 1
              }
            },
            {
              "batter": "GL Cloete",
              "bowler": "D Paterson",
              "non_striker": "R van Tonder",
              "runs": {
                "batter": 2,
                "extras": 0,
                "total": 2
              }
            },
            {
              "batter": "GL Cloete",
              "bowler": "D Paterson",
              "non_striker": "R van Tonder",
              "runs": {
                "batter": 1,
                "extras": 0,
                "total": 1
              }
            },
            {
              "batter": "R van Tonder",
              "bowler": "D Paterson",
              "non_striker": "GL Cloete",
              "runs": {
                "batter": 0,
                "extras": 0,
                "total": 0
              }
            },
            {
              "batter": "R van Tonder",
              "bowler": "D Paterson",
              "non_striker": "GL Cloete",
              "runs": {
                "batter": 1,
                "extras": 0,
                "total": 1
              }
            }
          ]
        },
        {
          "over": 6,
          "deliveries": [
            {
              "batter": "R van Tonder",
              "bowler": "J Dawood",
              "non_striker": "GL Cloete",
              "runs": {
                "batter": 1,
                "extras": 0,
                "total": 1
              }
            },
            {
              "batter": "GL Cloete",
              "bowler": "J Dawood",
              "non_striker": "R van Tonder",
              "runs": {
                "batter": 1,
                "extras": 0,
                "total": 1
              }
            },
            {
              "batter": "R van Tonder",
              "bowler": "J Dawood",
              "non_striker": "GL Cloete",
              "runs": {
                "batter": 1,
                "extras": 0,
                "total": 1
              }
            },
            {
              "batter": "GL Cloete",
              "bowler": "J Dawood",
              "non_striker": "R van Tonder",
              "runs": {
                "batter": 1,
                "extras": 0,
                "total": 1
              }
            },
            {
              "batter": "R van Tonder",
              "bowler": "J Dawood",
              "non_striker": "GL Cloete",
              "runs": {
                "batter": 1,
                "extras": 0,
                "total": 1
              }
            },
            {
              "batter": "GL Cloete",
              "bowler": "J Dawood",
              "non_striker": "R van Tonder",
              "runs": {
                "batter": 2,
                "extras": 0,
                "total": 2
              }
            }
          ]
        },
        {
          "over": 7,
          "deliveries": [
            {
              "batter": "R van Tonder",
              "bowler": "KI Simmonds",
              "non_striker": "GL Cloete",
              "runs": {
                "batter": 0,
                "extras": 0,
                "total": 0
              }
            },
            {
              "batter": "R van Tonder",
              "bowler": "KI Simmonds",
              "non_striker": "GL Cloete",
              "runs": {
                "batter": 1,
                "extras": 0,
                "total": 1
              }
            },
            {
              "batter": "GL Cloete",
              "bowler": "KI Simmonds",
              "non_striker": "R van Tonder",
              "runs": {
                "batter": 4,
                "extras": 0,
                "total": 4
              }
            },
            {
              "batter": "GL Cloete",
              "bowler": "KI Simmonds",
              "non_striker": "R van Tonder",
              "runs": {
                "batter": 1,
                "extras": 0,
                "total": 1
              }
            },
            {
              "batter": "R van Tonder",
              "bowler": "KI Simmonds",
              "non_striker": "GL Cloete",
              "runs": {
                "batter": 1,
                "extras": 0,
                "total": 1
              }
            },
            {
              "batter": "GL Cloete",
              "bowler": "KI Simmonds",
              "non_striker": "R van Tonder",
              "runs": {
                "batter": 0,
                "extras": 0,
                "total": 0
              }
            }
          ]
        },
        {
          "over": 8,
          "deliveries": [
            {
              "batter": "R van Tonder",
              "bowler": "J Dawood",
              "non_striker": "GL Cloete",
              "runs": {
                "batter": 1,
                "extras": 0,
                "total": 1
              }
            },
            {
              "batter": "GL Cloete",
              "bowler": "J Dawood",
              "non_striker": "R van Tonder",
              "runs": {
                "batter": 0,
                "extras": 0,
                "total": 0
              }
            },
            {
              "batter": "GL Cloete",
              "bowler": "J Dawood",
              "non_striker": "R van Tonder",
              "runs": {
                "batter": 1,
                "extras": 0,
                "total": 1
              }
            },
            {
              "batter": "R van Tonder",
              "bowler": "J Dawood",
              "non_striker": "GL Cloete",
              "runs": {
                "batter": 2,
                "extras": 0,
                "total": 2
              }
            },
            {
              "batter": "R van Tonder",
              "bowler": "J Dawood",
              "non_striker": "GL Cloete",
              "runs": {
                "batter": 4,
                "extras": 0,
                "total": 4
              }
            },
            {
              "batter": "R van Tonder",
              "bowler": "J Dawood",
              "non_striker": "GL Cloete",
              "runs": {
                "batter": 0,
                "extras": 0,
                "total": 0
              }
            }
          ]
        },
        {
          "over": 9,
          "deliveries": [
            {
              "batter": "GL Cloete",
              "bowler": "KI Simmonds",
              "non_striker": "R van Tonder",
              "runs": {
                "batter": 0,
                "extras": 0,
                "total": 0
              }
            },
            {
              "batter": "GL Cloete",
              "bowler": "KI Simmonds",
              "non_striker": "R van Tonder",
              "runs": {
                "batter": 0,
                "extras": 0,
                "total": 0
              }
            },
            {
              "batter": "GL Cloete",
              "bowler": "KI Simmonds",
              "non_striker": "R van Tonder",
              "runs": {
                "batter": 4,
                "extras": 0,
                "total": 4
              }
            },
            {
              "batter": "GL Cloete",
              "bowler": "KI Simmonds",
              "extras": {
                "legbyes": 1
              },
              "non_striker": "R van Tonder",
              "runs": {
                "batter": 0,
                "extras": 1,
                "total": 1
              }
            },
            {
              "batter": "R van Tonder",
              "bowler": "KI Simmonds",
              "non_striker": "GL Cloete",
              "runs": {
                "batter": 0,
                "extras": 0,
                "total": 0
              }
            },
            {
              "batter": "R van Tonder",
              "bowler": "KI Simmonds",
              "non_striker": "GL Cloete",
              "runs": {
                "batter": 1,
                "extras": 0,
                "total": 1
              }
            }
          ]
        },
        {
          "over": 10,
          "deliveries": [
            {
              "batter": "R van Tonder",
              "bowler": "J Dawood",
              "non_striker": "GL Cloete",
              "runs": {
                "batter": 4,
                "extras": 0,
                "total": 4
              }
            },
            {
              "batter": "R van Tonder",
              "bowler": "J Dawood",
              "non_striker": "GL Cloete",
              "runs": {
                "batter": 1,
                "extras": 0,
                "total": 1
              }
            },
            {
              "batter": "GL Cloete",
              "bowler": "J Dawood",
              "non_striker": "R van Tonder",
              "runs": {
                "batter": 2,
                "extras": 0,
                "total": 2
              }
            },
            {
              "batter": "GL Cloete",
              "bowler": "J Dawood",
              "non_striker": "R van Tonder",
              "runs": {
                "batter": 0,
                "extras": 0,
                "total": 0
              }
            },
            {
              "batter": "GL Cloete",
              "bowler": "J Dawood",
              "non_striker": "R van Tonder",
              "runs": {
                "batter": 4,
                "extras": 0,
                "total": 4
              }
            },
            {
              "batter": "GL Cloete",
              "bowler": "J Dawood",
              "non_striker": "R van Tonder",
              "runs": {
                "batter": 4,
                "extras": 0,
                "total": 4
              }
            }
          ]
        },
        {
          "over": 11,
          "deliveries": [
            {
              "batter": "R van Tonder",
              "bowler": "D Paterson",
              "non_striker": "GL Cloete",
              "runs": {
                "batter": 4,
                "extras": 0,
                "total": 4
              }
            },
            {
              "batter": "R van Tonder",
              "bowler": "D Paterson",
              "non_striker": "GL Cloete",
              "runs": {
                "batter": 0,
                "extras": 0,
                "total": 0
              }
            },
            {
              "batter": "R van Tonder",
              "bowler": "D Paterson",
              "non_striker": "GL Cloete",
              "runs": {
                "batter": 1,
                "extras": 0,
                "total": 1
              }
            },
            {
              "batter": "GL Cloete",
              "bowler": "D Paterson",
              "non_striker": "R van Tonder",
              "runs": {
                "batter": 0,
                "extras": 0,
                "total": 0
              }
            },
            {
              "batter": "GL Cloete",
              "bowler": "D Paterson",
              "non_striker": "R van Tonder",
              "runs": {
                "batter": 4,
                "extras": 0,
                "total": 4
              }
            },
            {
              "batter": "GL Cloete",
              "bowler": "D Paterson",
              "non_striker": "R van Tonder",
              "runs": {
                "batter": 0,
                "extras": 0,
                "total": 0
              }
            }
          ]
        },
        {
          "over": 12,
          "deliveries": [
            {
              "batter": "R van Tonder",
              "bowler": "GF Linde",
              "non_striker": "GL Cloete",
              "runs": {
                "batter": 0,
                "extras": 0,
                "total": 0
              }
            },
            {
              "batter": "R van Tonder",
              "bowler": "GF Linde",
              "non_striker": "GL Cloete",
              "runs": {
                "batter": 0,
                "extras": 0,
                "total": 0
              }
            },
            {
              "batter": "R van Tonder",
              "bowler": "GF Linde",
              "non_striker": "GL Cloete",
              "runs": {
                "batter": 6,
                "extras": 0,
                "total": 6
              }
            },
            {
              "batter": "R van Tonder",
              "bowler": "GF Linde",
              "non_striker": "GL Cloete",
              "runs": {
                "batter": 2,
                "extras": 0,
                "total": 2
              }
            },
            {
              "batter": "R van Tonder",
              "bowler": "GF Linde",
              "non_striker": "GL Cloete",
              "runs": {
                "batter": 0,
                "extras": 0,
                "total": 0
              }
            },
            {
              "batter": "R van Tonder",
              "bowler": "GF Linde",
              "non_striker": "GL Cloete",
              "runs": {
                "batter": 0,
                "extras": 0,
                "total": 0
              }
            }
          ]
        },
        {
          "over": 13,
          "deliveries": [
            {
              "batter": "GL Cloete",
              "bowler": "D Paterson",
              "non_striker": "R van Tonder",
              "runs": {
                "batter": 4,
                "extras": 0,
                "total": 4
              }
            },
            {
              "batter": "GL Cloete",
              "bowler": "D Paterson",
              "non_striker": "R van Tonder",
              "runs": {
                "batter": 0,
                "extras": 0,
                "total": 0
              }
            },
            {
              "batter": "GL Cloete",
              "bowler": "D Paterson",
              "non_striker": "R van Tonder",
              "runs": {
                "batter": 4,
                "extras": 0,
                "total": 4
              }
            },
            {
              "batter": "GL Cloete",
              "bowler": "D Paterson",
              "non_striker": "R van Tonder",
              "runs": {
                "batter": 6,
                "extras": 0,
                "total": 6
              }
            },
            {
              "batter": "GL Cloete",
              "bowler": "D Paterson",
              "non_striker": "R van Tonder",
              "runs": {
                "batter": 4,
                "extras": 0,
                "total": 4
              }
            }
          ]
        }
      ],
      "powerplays": [
        {
          "from": 0.1,
          "to": 5.6,
          "type": "mandatory"
        }
      ],
      "target": {
        "overs": 20,
        "runs": 117
      }
    }
  ]
}