{
  "meta": {
    "data_version": "1.1.0",
    "created": "2024-03-12",
    "revision": 1
  },
  "info": {
    "balls_per_over": 6,
    "city": "Gqeberha",
    "dates": [
      "2024-03-08"
    ],
    "event": {
      "name": "CSA T20 Challenge",
      "match_number": 1
    },
    "gender": "male",
    "match_type": "T20",
    "officials": {
      "match_referees": [
        "CD Isaacs"
      ],
      "reserve_umpires": [
        "AM Sodumo"
      ],
      "umpires": [
        "A Paleker",
        "A Jacobs"
      ]
    },
    "outcome": {
      "winner": "Warriors",
      "by": {
        "runs": 37
      }
    },
    "overs": 20,
    "player_of_match": [
      "M Jansen"
    ],
    "players": {
      "Warriors": [
        "MP Breetzke",
        "J Pillay",
        "J Hermann",
        "T Stubbs",
        "PE Kruger",
        "M Jansen",
        "S Qeshile",
        "A Mokgakane",
        "A Nortje",
        "N van Heerden",
        "S Simetu"
      ],
      "KwaZulu-Natal Inland": [
        "MN Erlank",
        "CS Delport",
        "T Kumalo",
        "MJ Nofal",
        "CD Shekleton",
        "KJ Dudgeon",
        "D Ridgaard",
        "A Mhletywa",
        "S Nhlebela",
        "M Khumalo",
        "M Budaza"
      ]
    },
    "registry": {
      "people": {
        "A Jacobs": "70d117de",
        "A Mhletywa": "a7c6ee8a",
        "A Mokgakane": "3b9f3af4",
        "A Nortje": "acdc62f5",
        "A Paleker": "634b11ac",
        "AM Sodumo": "cc6850ec",
        "CD Isaacs": "c0215bbd",
        "CD Shekleton": "efdee934",
        "CS Delport": "afa78c3a",
        "D Ridgaard": "9639f323",
        "J Hermann": "e87aeca2",
        "J Pillay": "230f5cea",
        "KJ Dudgeon": "b8828a1b",
        "M Budaza": "1d105638",
        "M Jansen": "81c36ee9",
        "M Khumalo": "9e17928e",
        "MJ Nofal": "ac762575",
        "MN Erlank": "704af8eb",
        "MP Breetzke": "35f173a0",
        "N van Heerden": "ad19dda3",
        "PE Kruger": "39181592",
        "S Nhlebela": "0fd147f7",
        "S Qeshile": "94268960",
        "S Simetu": "d3cc2954",
        "T Kumalo": "1484cad1",
        "T Stubbs": "85b3fab2"
      }
    },
    "season": "2023/24",
    "team_type": "club",
    "teams": [
      "Warriors",
      "KwaZulu-Natal Inland"
    ],
    "toss": {
      "decision": "field",
      "winner": "KwaZulu-Natal Inland"
    },
    "venue": "St George's Park, Gqeberha"
  },
  "innings": [
    {
      "team": "Warriors",
      "overs": [
        {
          "over": 0,
          "deliveries": [
            {
              "batter": "MP Breetzke",
              "bowler": "M Budaza",
              "extras": {
                "wides": 1
              },
              "non_striker": "J Pillay",
              "runs": {
                "batter": 0,
                "extras": 1,
                "total": 1
              }
            },
            {
              "batter": "MP Breetzke",
              "bowler": "M Budaza",
              "non_striker": "J Pillay",
              "runs": {
                "batter": 0,
                "extras": 0,
                "total": 0
              }
            },
            {
              "batter": "MP Breetzke",
              "bowler": "M Budaza",
              "non_striker": "J Pillay",
              "runs": {
                "batter": 4,
                "extras": 0,
                "total": 4
              }
            },
            {
              "batter": "MP Breetzke",
              "bowler": "M Budaza",
              "non_striker": "J Pillay",
              "runs": {
                "batter": 0,
                "extras": 0,
                "total": 0
              }
            },
            {
              "batter": "MP Breetzke",
              "bowler": "M Budaza",
              "non_striker": "J Pillay",
              "runs": {
                "batter": 0,
                "extras": 0,
                "total": 0
              }
            },
            {
              "batter": "MP Breetzke",
              "bowler": "M Budaza",
              "non_striker": "J Pillay",
              "runs": {
                "batter": 0,
                "extras": 0,
                "total": 0
              }
            },
            {
              "batter": "MP Breetzke",
              "bowler": "M Budaza",
              "non_striker": "J Pillay",
              "runs": {
                "batter": 0,
                "extras": 0,
                "total": 0
              }
            }
          ]
        },
        {
          "over": 1,
          "deliveries": [
            {
              "batter": "J Pillay",
              "bowler": "S Nhlebela",
              "non_striker": "MP Breetzke",
              "runs": {
                "batter": 0,
                "extras": 0,
                "total": 0
              }
            },
            {
              "batter": "J Pillay",
              "bowler": "S Nhlebela",
              "non_striker": "MP Breetzke",
              "runs": {
                "batter": 4,
                "extras": 0,
                "total": 4
              }
            },
            {
              "batter": "J Pillay",
              "bowler": "S Nhlebela",
              "non_striker": "MP Breetzke",
              "runs": {
                "batter": 0,
                "extras": 0,
                "total": 0
              }
            },
            {
              "batter": "J Pillay",
              "bowler": "S Nhlebela",
              "non_striker": "MP Breetzke",
              "runs": {
                "batter": 1,
                "extras": 0,
                "total": 1
              }
            },
            {
              "batter": "MP Breetzke",
              "bowler": "S Nhlebela",
              "non_striker": "J Pillay",
              "runs": {
                "batter": 0,
                "extras": 0,
                "total": 0
              }
            },
            {
              "batter": "MP Breetzke",
              "bowler": "S Nhlebela",
              "non_striker": "J Pillay",
              "runs": {
                "batter": 0,
                "extras": 0,
                "total": 0
              }
            }
          ]
        },
        {
          "over": 2,
          "deliveries": [
            {
              "batter": "J Pillay",
              "bowler": "M Budaza",
              "non_striker": "MP Breetzke",
              "runs": {
                "batter": 2,
                "extras": 0,
                "total": 2
              }
            },
            {
              "batter": "J Pillay",
              "bowler": "M Budaza",
              "non_striker": "MP Breetzke",
              "runs": {
                "batter": 2,
                "extras": 0,
                "total": 2
              }
            },
            {
              "batter": "J Pillay",
              "bowler": "M Budaza",
              "non_striker": "MP Breetzke",
              "runs": {
                "batter": 1,
                "extras": 0,
                "total": 1
              }
            },
            {
              "batter": "MP Breetzke",
              "bowler": "M Budaza",
              "non_striker": "J Pillay",
              "runs": {
                "batter": 4,
                "extras": 0,
                "total": 4
              }
            },
            {
              "batter": "MP Breetzke",
              "bowler": "M Budaza",
              "non_striker": "J Pillay",
              "runs": {
                "batter": 1,
                "extras": 0,
                "total": 1
              }
            },
            {
              "batter": "J Pillay",
              "bowler": "M Budaza",
              "non_striker": "MP Breetzke",
              "runs": {
                "batter": 6,
                "extras": 0,
                "total": 6
              }
            }
          ]
        },
        {
          "over": 3,
          "deliveries": [
            {
              "batter": "MP Breetzke",
              "bowler": "KJ Dudgeon",
              "non_striker": "J Pillay",
              "runs": {
                "batter": 4,
                "extras": 0,
                "total": 4
              }
            },
            {
              "batter": "MP Breetzke",
              "bowler": "KJ Dudgeon",
              "non_striker": "J Pillay",
              "runs": {
                "batter": 4,
                "extras": 0,
                "total": 4
              }
            },
            {
              "batter": "MP Breetzke",
              "bowler": "KJ Dudgeon",
              "non_striker": "J Pillay",
              "runs": {
                "batter": 1,
                "extras": 0,
                "total": 1
              }
            },
            {
              "batter": "J Pillay",
              "bowler": "KJ Dudgeon",
              "non_striker": "MP Breetzke",
              "runs": {
                "batter": 0,
                "extras": 0,
                "total": 0
              }
            },
            {
              "batter": "J Pillay",
              "bowler": "KJ Dudgeon",
              "non_striker": "MP Breetzke",
              "runs": {
                "batter": 0,
                "extras": 0,
                "total": 0
              }
            },
            {
              "batter": "J Pillay",
              "bowler": "KJ Dudgeon",
              "non_striker": "MP Breetzke",
              "runs": {
                "batter": 0,
                "extras": 0,
                "total": 0
              }
            }
          ]
        },
        {
          "over": 4,
          "deliveries": [
            {
              "batter": "MP Breetzke",
              "bowler": "MN Erlank",
              "non_striker": "J Pillay",
              "runs": {
                "batter": 1,
                "extras": 0,
                "total": 1
              }
            },
            {
              "batter": "J Pillay",
              "bowler": "MN Erlank",
              "non_striker": "MP Breetzke",
              "runs": {
                "batter": 1,
                "extras": 0,
                "total": 1
              }
            },
            {
              "batter": "MP Breetzke",
              "bowler": "MN Erlank",
              "non_striker": "J Pillay",
              "runs": {
                "batter": 6,
                "extras": 0,
                "total": 6
              }
            },
            {
              "batter": "MP Breetzke",
              "bowler": "MN Erlank",
              "non_striker": "J Pillay",
              "runs": {
                "batter": 0,
                "extras": 0,
                "total": 0
              },
              "wickets": [
                {
                  "player_out": "MP Breetzke",
                  "fielders": [
                    {
                      "name": "S Nhlebela"
                    }
                  ],
                  "kind": "caught"
                }
              ]
            },
            {
              "batter": "J Hermann",
              "bowler": "MN Erlank",
              "non_striker": "J Pillay",
              "runs": {
                "batter": 2,
                "extras": 0,
                "total": 2
              }
            },
            {
              "batter": "J Hermann",
              "bowler": "MN Erlank",
              "non_striker": "J Pillay",
              "runs": {
                "batter": 0,
                "extras": 0,
                "total": 0
              }
            }
          ]
        },
        {
          "over": 5,
          "deliveries": [
            {
              "batter": "J Pillay",
              "bowler": "KJ Dudgeon",
              "non_striker": "J Hermann",
              "runs": {
                "batter": 0,
                "extras": 0,
                "total": 0
              }
            },
            {
              "batter": "J Pillay",
              "bowler": "KJ Dudgeon",
              "non_striker": "J Hermann",
              "runs": {
                "batter": 0,
                "extras": 0,
                "total": 0
              }
            },
            {
              "batter": "J Pillay",
              "bowler": "KJ Dudgeon",
              "non_striker": "J Hermann",
              "runs": {
                "batter": 3,
                "extras": 0,
                "total": 3
              }
            },
            {
              "batter": "J Hermann",
              "bowler": "KJ Dudgeon",
              "non_striker": "J Pillay",
              "runs": {
                "batter": 0,
                "extras": 0,
                "total": 0
              }
            },
            {
              "batter": "J Hermann",
              "bowler": "KJ Dudgeon",
              "non_striker": "J Pillay",
              "runs": {
                "batter": 0,
                "extras": 0,
                "total": 0
              }
            },
            {
              "batter": "J Hermann",
              "bowler": "KJ Dudgeon",
              "non_striker": "J Pillay",
              "runs": {
                "batter": 1,
                "extras": 0,
                "total": 1
              }
            }
          ]
        },
        {
          "over": 6,
          "deliveries": [
            {
              "batter": "J Hermann",
              "bowler": "MN Erlank",
              "non_striker": "J Pillay",
              "runs": {
                "batter": 0,
                "extras": 0,
                "total": 0
              }
            },
            {
              "batter": "J Hermann",
              "bowler": "MN Erlank",
              "non_striker": "J Pillay",
              "runs": {
                "batter": 4,
                "extras": 0,
                "total": 4
              }
            },
            {
              "batter": "J Hermann",
              "bowler": "MN Erlank",
              "non_striker": "J Pillay",
              "runs": {
                "batter": 0,
                "extras": 0,
                "total": 0
              }
            },
            {
              "batter": "J Hermann",
              "bowler": "MN Erlank",
              "non_striker": "J Pillay",
              "runs": {
                "batter": 1,
                "extras": 0,
                "total": 1
              }
            },
            {
              "batter": "J Pillay",
              "bowler": "MN Erlank",
              "non_striker": "J Hermann",
              "runs": {
                "batter": 0,
                "extras": 0,
                "total": 0
              }
            },
            {
              "batter": "J Pillay",
              "bowler": "MN Erlank",
              "non_striker": "J Hermann",
              "runs": {
                "batter": 0,
                "extras": 0,
                "total": 0
              }
            }
          ]
        },
        {
          "over": 7,
          "deliveries": [
            {
              "batter": "J Hermann",
              "bowler": "M Khumalo",
              "non_striker": "J Pillay",
              "runs": {
                "batter": 1,
                "extras": 0,
                "total": 1
              }
            },
            {
              "batter": "J Pillay",
              "bowler": "M Khumalo",
              "non_striker": "J Hermann",
              "runs": {
                "batter": 1,
                "extras": 0,
                "total": 1
              }
            },
            {
              "batter": "J Hermann",
              "bowler": "M Khumalo",
              "non_striker": "J Pillay",
              "runs": {
                "batter": 1,
                "extras": 0,
                "total": 1
              }
            },
            {
              "batter": "J Pillay",
              "bowler": "M Khumalo",
              "non_striker": "J Hermann",
              "runs": {
                "batter": 6,
                "extras": 0,
                "total": 6
              }
            },
            {
              "batter": "J Pillay",
              "bowler": "M Khumalo",
              "non_striker": "J Hermann",
              "runs": {
                "batter": 1,
                "extras": 0,
                "total": 1
              }
            },
            {
              "batter": "J Hermann",
              "bowler": "M Khumalo",
              "non_striker": "J Pillay",
              "runs": {
                "batter": 1,
                "extras": 0,
                "total": 1
              }
            }
          ]
        },
        {
          "over": 8,
          "deliveries": [
            {
              "batter": "J Hermann",
              "bowler": "MN Erlank",
              "non_striker": "J Pillay",
              "runs": {
                "batter": 0,
                "extras": 0,
                "total": 0
              }
            },
            {
              "batter": "J Hermann",
              "bowler": "MN Erlank",
              "non_striker": "J Pillay",
              "runs": {
                "batter": 1,
                "extras": 0,
                "total": 1
              }
            },
            {
              "batter": "J Pillay",
              "bowler": "MN Erlank",
              "non_striker": "J Hermann",
              "runs": {
                "batter": 1,
                "extras": 0,
                "total": 1
              }
            },
            {
              "batter": "J Hermann",
              "bowler": "MN Erlank",
              "non_striker": "J Pillay",
              "runs": {
                "batter": 0,
                "extras": 0,
                "total": 0
              }
            },
            {
              "batter": "J Hermann",
              "bowler": "MN Erlank",
              "non_striker": "J Pillay",
              "runs": {
                "batter": 1,
                "extras": 0,
                "total": 1
              }
            },
            {
              "batter": "J Pillay",
              "bowler": "MN Erlank",
              "non_striker": "J Hermann",
              "runs": {
                "batter": 0,
                "extras": 0,
                "total": 0
              }
            }
          ]
        },
        {
          "over": 9,
          "deliveries": [
            {
              "batter": "J Hermann",
              "bowler": "M Khumalo",
              "non_striker": "J Pillay",
              "runs": {
                "batter": 0,
                "extras": 0,
                "total": 0
              }
            },
            {
              "batter": "J Hermann",
              "bowler": "M Khumalo",
              "non_striker": "J Pillay",
              "runs": {
                "batter": 0,
                "extras": 0,
                "total": 0
              }
            },
            {
              "batter": "J Hermann",
              "bowler": "M Khumalo",
              "non_striker": "J Pillay",
              "runs": {
                "batter": 1,
                "extras": 0,
                "total": 1
              }
            },
            {
              "batter": "J Pillay",
              "bowler": "M Khumalo",
              "non_striker": "J Hermann",
              "runs": {
                "batter": 0,
                "extras": 0,
                "total": 0
              },
              "wickets": [
                {
                  "player_out": "J Pillay",
                  "fielders": [
                    {
                      "name": "KJ Dudgeon"
                    }
                  ],
                  "kind": "caught"
                }
              ]
            },
            {
              "batter": "T Stubbs",
              "bowler": "M Khumalo",
              "non_striker": "J Hermann",
              "runs": {
                "batter": 1,
                "extras": 0,
                "total": 1
              }
            },
            {
              "batter": "J Hermann",
              "bowler": "M Khumalo",
              "non_striker": "T Stubbs",
              "runs": {
                "batter": 0,
                "extras": 0,
                "total": 0
              }
            }
          ]
        },
        {
          "over": 10,
          "deliveries": [
            {
              "batter": "T Stubbs",
              "bowler": "A Mhletywa",
              "non_striker": "J Hermann",
              "runs": {
                "batter": 0,
                "extras": 0,
                "total": 0
              }
            },
            {
              "batter": "T Stubbs",
              "bowler": "A Mhletywa",
              "non_striker": "J Hermann",
              "runs": {
                "batter": 2,
                "extras": 0,
                "total": 2
              }
            },
            {
              "batter": "T Stubbs",
              "bowler": "A Mhletywa",
              "non_striker": "J Hermann",
              "runs": {
                "batter": 0,
                "extras": 0,
                "total": 0
              }
            },
            {
              "batter": "T Stubbs",
              "bowler": "A Mhletywa",
              "non_striker": "J Hermann",
              "runs": {
                "batter": 2,
                "extras": 0,
                "total": 2
              }
            },
            {
              "batter": "T Stubbs",
              "bowler": "A Mhletywa",
              "non_striker": "J Hermann",
              "runs": {
                "batter": 0,
                "extras": 0,
                "total": 0
              }
            },
            {
              "batter": "T Stubbs",
              "bowler": "A Mhletywa",
              "non_striker": "J Hermann",
              "runs": {
                "batter": 1,
                "extras": 0,
                "total": 1
              }
            }
          ]
        },
        {
          "over": 11,
          "deliveries": [
            {
              "batter": "T Stubbs",
              "bowler": "MJ Nofal",
              "non_striker": "J Hermann",
              "runs": {
                "batter": 1,
                "extras": 0,
                "total": 1
              }
            },
            {
              "batter": "J Hermann",
              "bowler": "MJ Nofal",
              "non_striker": "T Stubbs",
              "runs": {
                "batter": 0,
                "extras": 0,
                "total": 0
              }
            },
            {
              "batter": "J Hermann",
              "bowler": "MJ Nofal",
              "non_striker": "T Stubbs",
              "runs": {
                "batter": 1,
                "extras": 0,
                "total": 1
              }
            },
            {
              "batter": "T Stubbs",
              "bowler": "MJ Nofal",
              "non_striker": "J Hermann",
              "runs": {
                "batter": 4,
                "extras": 0,
                "total": 4
              }
            },
            {
              "batter": "T Stubbs",
              "bowler": "MJ Nofal",
              "non_striker": "J Hermann",
              "runs": {
                "batter": 0,
                "extras": 0,
                "total": 0
              }
            },
            {
              "batter": "T Stubbs",
              "bowler": "MJ Nofal",
              "non_striker": "J Hermann",
              "runs": {
                "batter": 1,
                "extras": 0,
                "total": 1
              }
            }
          ]
        },
        {
          "over": 12,
          "deliveries": [
            {
              "batter": "T Stubbs",
              "bowler": "A Mhletywa",
              "non_striker": "J Hermann",
              "runs": {
                "batter": 4,
                "extras": 0,
                "total": 4
              }
            },
            {
              "batter": "T Stubbs",
              "bowler": "A Mhletywa",
              "non_striker": "J Hermann",
              "runs": {
                "batter": 0,
                "extras": 0,
                "total": 0
              },
              "wickets": [
                {
                  "player_out": "T Stubbs",
                  "fielders": [
                    {
                      "name": "KJ Dudgeon"
                    }
                  ],
                  "kind": "caught"
                }
              ]
            },
            {
              "batter": "PE Kruger",
              "bowler": "A Mhletywa",
              "non_striker": "J Hermann",
              "runs": {
                "batter": 0,
                "extras": 0,
                "total": 0
              }
            },
            {
              "batter": "PE Kruger",
              "bowler": "A Mhletywa",
              "non_striker": "J Hermann",
              "runs": {
                "batter": 0,
                "extras": 0,
                "total": 0
              }
            },
            {
              "batter": "PE Kruger",
              "bowler": "A Mhletywa",
              "non_striker": "J Hermann",
              "runs": {
                "batter": 0,
                "extras": 0,
                "total": 0
              }
            },
            {
              "batter": "PE Kruger",
              "bowler": "A Mhletywa",
              "non_striker": "J Hermann",
              "runs": {
                "batter": 1,
                "extras": 0,
                "total": 1
              }
            }
          ]
        },
        {
          "over": 13,
          "deliveries": [
            {
              "batter": "PE Kruger",
              "bowler": "MJ Nofal",
              "non_striker": "J Hermann",
              "runs": {
                "batter": 2,
                "extras": 0,
                "total": 2
              }
            },
            {
              "batter": "PE Kruger",
              "bowler": "MJ Nofal",
              "non_striker": "J Hermann",
              "runs": {
                "batter": 0,
                "extras": 0,
                "total": 0
              }
            },
            {
              "batter": "PE Kruger",
              "bowler": "MJ Nofal",
              "non_striker": "J Hermann",
              "runs": {
                "batter": 4,
                "extras": 0,
                "total": 4
              }
            },
            {
              "batter": "PE Kruger",
              "bowler": "MJ Nofal",
              "non_striker": "J Hermann",
              "runs": {
                "batter": 1,
                "extras": 0,
                "total": 1
              }
            },
            {
              "batter": "J Hermann",
              "bowler": "MJ Nofal",
              "non_striker": "PE Kruger",
              "runs": {
                "batter": 4,
                "extras": 0,
                "total": 4
              }
            },
            {
              "batter": "J Hermann",
              "bowler": "MJ Nofal",
              "non_striker": "PE Kruger",
              "runs": {
                "batter": 2,
                "extras": 0,
                "total": 2
              }
            }
          ]
        },
        {
          "over": 14,
          "deliveries": [
            {
              "batter": "PE Kruger",
              "bowler": "A Mhletywa",
              "non_striker": "J Hermann",
              "runs": {
                "batter": 2,
                "extras": 0,
                "total": 2
              }
            },
            {
              "batter": "PE Kruger",
              "bowler": "A Mhletywa",
              "non_striker": "J Hermann",
              "runs": {
                "batter": 0,
                "extras": 0,
                "total": 0
              }
            },
            {
              "batter": "PE Kruger",
              "bowler": "A Mhletywa",
              "non_striker": "J Hermann",
              "runs": {
                "batter": 0,
                "extras": 0,
                "total": 0
              },
              "wickets": [
                {
                  "player_out": "PE Kruger",
                  "fielders": [
                    {
                      "name": "CD Shekleton"
                    }
                  ],
                  "kind": "caught"
                }
              ]
            },
            {
              "batter": "M Jansen",
              "bowler": "A Mhletywa",
              "non_striker": "J Hermann",
              "runs": {
                "batter": 0,
                "extras": 0,
                "total": 0
              }
            },
            {
              "batter": "M Jansen",
              "bowler": "A Mhletywa",
              "non_striker": "J Hermann",
              "runs": {
                "batter": 1,
                "extras": 0,
                "total": 1
              }
            },
            {
              "batter": "J Hermann",
              "bowler": "A Mhletywa",
              "non_striker": "M Jansen",
              "runs": {
                "batter": 0,
                "extras": 0,
                "total": 0
              }
            }
          ]
        },
        {
          "over": 15,
          "deliveries": [
            {
              "batter": "M Jansen",
              "bowler": "S Nhlebela",
              "non_striker": "J Hermann",
              "runs": {
                "batter": 0,
                "extras": 0,
                "total": 0
              }
            },
            {
              "batter": "M Jansen",
              "bowler": "S Nhlebela",
              "non_striker": "J Hermann",
              "runs": {
                "batter": 1,
                "extras": 0,
                "total": 1
              }
            },
            {
              "batter": "J Hermann",
              "bowler": "S Nhlebela",
              "non_striker": "M Jansen",
              "runs": {
                "batter": 0,
                "extras": 0,
                "total": 0
              },
              "wickets": [
                {
                  "player_out": "J Hermann",
                  "fielders": [
                    {
                      "name": "MJ Nofal"
                    }
                  ],
                  "kind": "caught"
                }
              ]
            },
            {
              "batter": "S Qeshile",
              "bowler": "S Nhlebela",
              "non_striker": "M Jansen",
              "runs": {
                "batter": 1,
                "extras": 0,
                "total": 1
              }
            },
            {
              "batter": "M Jansen",
              "bowler": "S Nhlebela",
              "non_striker": "S Qeshile",
              "runs": {
                "batter": 1,
                "extras": 0,
                "total": 1
              }
            },
            {
              "batter": "S Qeshile",
              "bowler": "S Nhlebela",
              "non_striker": "M Jansen",
              "runs": {
                "batter": 1,
                "extras": 0,
                "total": 1
              }
            }
          ]
        },
        {
          "over": 16,
          "deliveries": [
            {
              "batter": "S Qeshile",
              "bowler": "A Mhletywa",
              "non_striker": "M Jansen",
              "runs": {
                "batter": 0,
                "extras": 0,
                "total": 0
              },
              "wickets": [
                {
                  "player_out": "S Qeshile",
                  "fielders": [
                    {
                      "name": "MJ Nofal"
                    }
                  ],
                  "kind": "caught"
                }
              ]
            },
            {
              "batter": "A Mokgakane",
              "bowler": "A Mhletywa",
              "non_striker": "M Jansen",
              "runs": {
                "batter": 0,
                "extras": 0,
                "total": 0
              }
            },
            {
              "batter": "A Mokgakane",
              "bowler": "A Mhletywa",
              "non_striker": "M Jansen",
              "runs": {
                "batter": 4,
                "extras": 0,
                "total": 4
              }
            },
            {
              "batter": "A Mokgakane",
              "bowler": "A Mhletywa",
              "non_striker": "M Jansen",
              "runs": {
                "batter": 0,
                "extras": 0,
                "total": 0
              }
            },
            {
              "batter": "A Mokgakane",
              "bowler": "A Mhletywa",
              "non_striker": "M Jansen",
              "runs": {
                "batter": 2,
                "extras": 0,
                "total": 2
              }
            },
            {
              "batter": "A Mokgakane",
              "bowler": "A Mhletywa",
              "non_striker": "M Jansen",
              "runs": {
                "batter": 0,
                "extras": 0,
                "total": 0
              }
            }
          ]
        },
        {
          "over": 17,
          "deliveries": [
            {
              "batter": "M Jansen",
              "bowler": "S Nhlebela",
              "non_striker": "A Mokgakane",
              "runs": {
                "batter": 1,
                "extras": 0,
                "total": 1
              }
            },
            {
              "batter": "A Mokgakane",
              "bowler": "S Nhlebela",
              "non_striker": "M Jansen",
              "runs": {
                "batter": 1,
                "extras": 0,
                "total": 1
              }
            },
            {
              "batter": "M Jansen",
              "bowler": "S Nhlebela",
              "non_striker": "A Mokgakane",
              "runs": {
                "batter": 0,
                "extras": 0,
                "total": 0
              },
              "wickets": [
                {
                  "player_out": "M Jansen",
                  "fielders": [
                    {
                      "name": "CD Shekleton"
                    }
                  ],
                  "kind": "caught"
                }
              ]
            },
            {
              "batter": "A Nortje",
              "bowler": "S Nhlebela",
              "non_striker": "A Mokgakane",
              "runs": {
                "batter": 1,
                "extras": 0,
                "total": 1
              }
            },
            {
              "batter": "A Mokgakane",
              "bowler": "S Nhlebela",
              "non_striker": "A Nortje",
              "runs": {
                "batter": 1,
                "extras": 0,
                "total": 1
              }
            },
            {
              "batter": "A Nortje",
              "bowler": "S Nhlebela",
              "non_striker": "A Mokgakane",
              "runs": {
                "batter": 0,
                "extras": 0,
                "total": 0
              }
            }
          ]
        },
        {
          "over": 18,
          "deliveries": [
            {
              "batter": "A Mokgakane",
              "bowler": "M Budaza",
              "non_striker": "A Nortje",
              "runs": {
                "batter": 0,
                "extras": 0,
                "total": 0
              }
            },
            {
              "batter": "A Mokgakane",
              "bowler": "M Budaza",
              "non_striker": "A Nortje",
              "runs": {
                "batter": 0,
                "extras": 0,
                "total": 0
              }
            },
            {
              "batter": "A Mokgakane",
              "bowler": "M Budaza",
              "non_striker": "A Nortje",
              "runs": {
                "batter": 1,
                "extras": 0,
                "total": 1
              }
            },
            {
              "batter": "A Nortje",
              "bowler": "M Budaza",
              "non_striker": "A Mokgakane",
              "runs": {
                "batter": 1,
                "extras": 0,
                "total": 1
              }
            },
            {
              "batter": "A Mokgakane",
              "bowler": "M Budaza",
              "non_striker": "A Nortje",
              "runs": {
                "batter": 2,
                "extras": 0,
                "total": 2
              }
            },
            {
              "batter": "A Mokgakane",
              "bowler": "M Budaza",
              "non_striker": "A Nortje",
              "runs": {
                "batter": 0,
                "extras": 0,
                "total": 0
              },
              "wickets": [
                {
                  "player_out": "A Mokgakane",
                  "fielders": [
                    {
                      "name": "S Nhlebela"
                    }
                  ],
                  "kind": "caught"
                }
              ]
            }
          ]
        },
        {
          "over": 19,
          "deliveries": [
            {
              "batter": "A Nortje",
              "bowler": "S Nhlebela",
              "non_striker": "N van Heerden",
              "runs": {
                "batter": 1,
                "extras": 0,
                "total": 1
              }
            },
            {
              "batter": "N van Heerden",
              "bowler": "S Nhlebela",
              "non_striker": "A Nortje",
              "runs": {
                "batter": 0,
                "extras": 0,
                "total": 0
              },
              "wickets": [
                {
                  "player_out": "N van Heerden",
                  "fielders": [
                    {
                      "name": "D Ridgaard"
                    },
                    {
                      "name": "S Nhlebela"
                    }
                  ],
                  "kind": "run out"
                }
              ]
            },
            {
              "batter": "S Simetu",
              "bowler": "S Nhlebela",
              "non_striker": "A Nortje",
              "runs": {
                "batter": 1,
                "extras": 0,
                "total": 1
              }
            },
            {
              "batter": "A Nortje",
              "bowler": "S Nhlebela",
              "non_striker": "S Simetu",
              "runs": {
                "batter": 1,
                "extras": 0,
                "total": 1
              }
            },
            {
              "batter": "S Simetu",
              "bowler": "S Nhlebela",
              "non_striker": "A Nortje",
              "runs": {
                "batter": 1,
                "extras": 0,
                "total": 1
              }
            },
            {
              "batter": "A Nortje",
              "bowler": "S Nhlebela",
              "non_striker": "S Simetu",
              "runs": {
                "batter": 0,
                "extras": 0,
                "total": 0
              },
              "wickets": [
                {
                  "player_out": "A Nortje",
                  "fielders": [
                    {
                      "name": "KJ Dudgeon"
                    }
                  ],
                  "kind": "caught"
                }
              ]
            }
          ]
        }
      ],
      "powerplays": [
        {
          "from": 0.1,
          "to": 5.6,
          "type": "mandatory"
        }
      ]
    },
    {
      "team": "KwaZulu-Natal Inland",
      "overs": [
        {
          "over": 0,
          "deliveries": [
            {
              "batter": "MN Erlank",
              "bowler": "M Jansen",
              "non_striker": "CS Delport",
              "runs": {
                "batter": 0,
                "extras": 0,
                "total": 0
              },
              "wickets": [
                {
                  "player_out": "MN Erlank",
                  "kind": "lbw"
                }
              ]
            },
            {
              "batter": "T Kumalo",
              "bowler": "M Jansen",
              "non_striker": "CS Delport",
              "runs": {
                "batter": 1,
                "extras": 0,
                "total": 1
              }
            },
            {
              "batter": "CS Delport",
              "bowler": "M Jansen",
              "non_striker": "T Kumalo",
              "runs": {
                "batter": 0,
                "extras": 0,
                "total": 0
              }
            },
            {
              "batter": "CS Delport",
              "bowler": "M Jansen",
              "non_striker": "T Kumalo",
              "runs": {
                "batter": 1,
                "extras": 0,
                "total": 1
              }
            },
            {
              "batter": "T Kumalo",
              "bowler": "M Jansen",
              "non_striker": "CS Delport",
              "runs": {
                "batter": 0,
                "extras": 0,
                "total": 0
              }
            },
            {
              "batter": "T Kumalo",
              "bowler": "M Jansen",
              "non_striker": "CS Delport",
              "runs": {
                "batter": 4,
                "extras": 0,
                "total": 4
              }
            }
          ]
        },
        {
          "over": 1,
          "deliveries": [
            {
              "batter": "CS Delport",
              "bowler": "A Nortje",
              "non_striker": "T Kumalo",
              "runs": {
                "batter": 0,
                "extras": 0,
                "total": 0
              }
            },
            {
              "batter": "CS Delport",
              "bowler": "A Nortje",
              "extras": {
                "legbyes": 1
              },
              "non_striker": "T Kumalo",
              "runs": {
                "batter": 0,
                "extras": 1,
                "total": 1
              }
            },
            {
              "batter": "T Kumalo",
              "bowler": "A Nortje",
              "non_striker": "CS Delport",
              "runs": {
                "batter": 1,
                "extras": 0,
                "total": 1
              }
            },
            {
              "batter": "CS Delport",
              "bowler": "A Nortje",
              "non_striker": "T Kumalo",
              "runs": {
                "batter": 1,
                "extras": 0,
                "total": 1
              }
            },
            {
              "batter": "T Kumalo",
              "bowler": "A Nortje",
              "non_striker": "CS Delport",
              "runs": {
                "batter": 0,
                "extras": 0,
                "total": 0
              }
            },
            {
              "batter": "T Kumalo",
              "bowler": "A Nortje",
              "extras": {
                "legbyes": 2
              },
              "non_striker": "CS Delport",
              "runs": {
                "batter": 0,
                "extras": 2,
                "total": 2
              }
            }
          ]
        },
        {
          "over": 2,
          "deliveries": [
            {
              "batter": "CS Delport",
              "bowler": "M Jansen",
              "non_striker": "T Kumalo",
              "runs": {
                "batter": 4,
                "extras": 0,
                "total": 4
              }
            },
            {
              "batter": "CS Delport",
              "bowler": "M Jansen",
              "non_striker": "T Kumalo",
              "runs": {
                "batter": 0,
                "extras": 0,
                "total": 0
              },
              "wickets": [
                {
                  "player_out": "CS Delport",
                  "fielders": [
                    {
                      "name": "PE Kruger"
                    }
                  ],
                  "kind": "caught"
                }
              ]
            },
            {
              "batter": "MJ Nofal",
              "bowler": "M Jansen",
              "extras": {
                "wides": 1
              },
              "non_striker": "T Kumalo",
              "runs": {
                "batter": 0,
                "extras": 1,
                "total": 1
              }
            },
            {
              "batter": "MJ Nofal",
              "bowler": "M Jansen",
              "non_striker": "T Kumalo",
              "runs": {
                "batter": 0,
                "extras": 0,
                "total": 0
              }
            },
            {
              "batter": "MJ Nofal",
              "bowler": "M Jansen",
              "non_striker": "T Kumalo",
              "runs": {
                "batter": 1,
                "extras": 0,
                "total": 1
              }
            },
            {
              "batter": "T Kumalo",
              "bowler": "M Jansen",
              "non_striker": "MJ Nofal",
              "runs": {
                "batter": 0,
                "extras": 0,
                "total": 0
              }
            },
            {
              "batter": "T Kumalo",
              "bowler": "M Jansen",
              "non_striker": "MJ Nofal",
              "runs": {
                "batter": 0,
                "extras": 0,
                "total": 0
              },
              "wickets": [
                {
                  "player_out": "T Kumalo",
                  "fielders": [
                    {
                      "name": "PE Kruger"
                    }
                  ],
                  "kind": "caught"
                }
              ]
            }
          ]
        },
        {
          "over": 3,
          "deliveries": [
            {
              "batter": "MJ Nofal",
              "bowler": "N van Heerden",
              "non_striker": "CD Shekleton",
              "runs": {
                "batter": 0,
                "extras": 0,
                "total": 0
              }
            },
            {
              "batter": "MJ Nofal",
              "bowler": "N van Heerden",
              "non_striker": "CD Shekleton",
              "runs": {
                "batter": 0,
                "extras": 0,
                "total": 0
              }
            },
            {
              "batter": "MJ Nofal",
              "bowler": "N van Heerden",
              "non_striker": "CD Shekleton",
              "runs": {
                "batter": 4,
                "extras": 0,
                "total": 4
              }
            },
            {
              "batter": "MJ Nofal",
              "bowler": "N van Heerden",
              "non_striker": "CD Shekleton",
              "runs": {
                "batter": 4,
                "extras": 0,
                "total": 4
              }
            },
            {
              "batter": "MJ Nofal",
              "bowler": "N van Heerden",
              "non_striker": "CD Shekleton",
              "runs": {
                "batter": 0,
                "extras": 0,
                "total": 0
              }
            },
            {
              "batter": "MJ Nofal",
              "bowler": "N van Heerden",
              "extras": {
                "wides": 1
              },
              "non_striker": "CD Shekleton",
              "runs": {
                "batter": 0,
                "extras": 1,
                "total": 1
              }
            },
            {
              "batter": "MJ Nofal",
              "bowler": "N van Heerden",
              "non_striker": "CD Shekleton",
              "runs": {
                "batter": 0,
                "extras": 0,
                "total": 0
              }
            }
          ]
        },
        {
          "over": 4,
          "deliveries": [
            {
              "batter": "CD Shekleton",
              "bowler": "M Jansen",
              "non_striker": "MJ Nofal",
              "runs": {
                "batter": 0,
                "extras": 0,
                "total": 0
              }
            },
            {
              "batter": "CD Shekleton",
              "bowler": "M Jansen",
              "non_striker": "MJ Nofal",
              "runs": {
                "batter": 0,
                "extras": 0,
                "total": 0
              }
            },
            {
              "batter": "CD Shekleton",
              "bowler": "M Jansen",
              "non_striker": "MJ Nofal",
              "runs": {
                "batter": 0,
                "extras": 0,
                "total": 0
              }
            },
            {
              "batter": "CD Shekleton",
              "bowler": "M Jansen",
              "non_striker": "MJ Nofal",
              "runs": {
                "batter": 1,
                "extras": 0,
                "total": 1
              }
            },
            {
              "batter": "MJ Nofal",
              "bowler": "M Jansen",
              "non_striker": "CD Shekleton",
              "runs": {
                "batter": 2,
                "extras": 0,
                "total": 2
              }
            },
            {
              "batter": "MJ Nofal",
              "bowler": "M Jansen",
              "non_striker": "CD Shekleton",
              "runs": {
                "batter": 0,
                "extras": 0,
                "total": 0
              }
            }
          ]
        },
        {
          "over": 5,
          "deliveries": [
            {
              "batter": "CD Shekleton",
              "bowler": "A Nortje",
              "non_striker": "MJ Nofal",
              "runs": {
                "batter": 1,
                "extras": 0,
                "total": 1
              }
            },
            {
              "batter": "MJ Nofal",
              "bowler": "A Nortje",
              "non_striker": "CD Shekleton",
              "runs": {
                "batter": 0,
                "extras": 0,
                "total": 0
              }
            },
            {
              "batter": "MJ Nofal",
              "bowler": "A Nortje",
              "non_striker": "CD Shekleton",
              "runs": {
                "batter": 0,
                "extras": 0,
                "total": 0
              }
            },
            {
              "batter": "MJ Nofal",
              "bowler": "A Nortje",
              "non_striker": "CD Shekleton",
              "runs": {
                "batter": 4,
                "extras": 0,
                "total": 4
              }
            },
            {
              "batter": "MJ Nofal",
              "bowler": "A Nortje",
              "non_striker": "CD Shekleton",
              "runs": {
                "batter": 0,
                "extras": 0,
                "total": 0
              }
            },
            {
              "batter": "MJ Nofal",
              "bowler": "A Nortje",
              "non_striker": "CD Shekleton",
              "runs": {
                "batter": 1,
                "extras": 0,
                "total": 1
              }
            }
          ]
        },
        {
          "over": 6,
          "deliveries": [
            {
              "batter": "MJ Nofal",
              "bowler": "T Stubbs",
              "non_striker": "CD Shekleton",
              "runs": {
                "batter": 0,
                "extras": 0,
                "total": 0
              },
              "wickets": [
                {
                  "player_out": "MJ Nofal",
                  "kind": "bowled"
                }
              ]
            },
            {
              "batter": "KJ Dudgeon",
              "bowler": "T Stubbs",
              "non_striker": "CD Shekleton",
              "runs": {
                "batter": 0,
                "extras": 0,
                "total": 0
              }
            },
            {
              "batter": "KJ Dudgeon",
              "bowler": "T Stubbs",
              "non_striker": "CD Shekleton",
              "runs": {
                "batter": 0,
                "extras": 0,
                "total": 0
              }
            },
            {
              "batter": "KJ Dudgeon",
              "bowler": "T Stubbs",
              "non_striker": "CD Shekleton",
              "runs": {
                "batter": 1,
                "extras": 0,
                "total": 1
              }
            },
            {
              "batter": "CD Shekleton",
              "bowler": "T Stubbs",
              "non_striker": "KJ Dudgeon",
              "runs": {
                "batter": 0,
                "extras": 0,
                "total": 0
              }
            },
            {
              "batter": "CD Shekleton",
              "bowler": "T Stubbs",
              "non_striker": "KJ Dudgeon",
              "runs": {
                "batter": 1,
                "extras": 0,
                "total": 1
              }
            }
          ]
        },
        {
          "over": 7,
          "deliveries": [
            {
              "batter": "CD Shekleton",
              "bowler": "S Simetu",
              "non_striker": "KJ Dudgeon",
              "runs": {
                "batter": 4,
                "extras": 0,
                "total": 4
              }
            },
            {
              "batter": "CD Shekleton",
              "bowler": "S Simetu",
              "non_striker": "KJ Dudgeon",
              "runs": {
                "batter": 1,
                "extras": 0,
                "total": 1
              }
            },
            {
              "batter": "KJ Dudgeon",
              "bowler": "S Simetu",
              "non_striker": "CD Shekleton",
              "runs": {
                "batter": 0,
                "extras": 0,
                "total": 0
              },
              "wickets": [
                {
                  "player_out": "KJ Dudgeon",
                  "kind": "bowled"
                }
              ]
            },
            {
              "batter": "D Ridgaard",
              "bowler": "S Simetu",
              "non_striker": "CD Shekleton",
              "runs": {
                "batter": 0,
                "extras": 0,
                "total": 0
              }
            },
            {
              "batter": "D Ridgaard",
              "bowler": "S Simetu",
              "non_striker": "CD Shekleton",
              "runs": {
                "batter": 1,
                "extras": 0,
                "total": 1
              }
            },
            {
              "batter": "CD Shekleton",
              "bowler": "S Simetu",
              "non_striker": "D Ridgaard",
              "runs": {
                "batter": 1,
                "extras": 0,
                "total": 1
              }
            }
          ]
        },
        {
          "over": 8,
          "deliveries": [
            {
              "batter": "CD Shekleton",
              "bowler": "A Nortje",
              "non_striker": "D Ridgaard",
              "runs": {
                "batter": 2,
                "extras": 0,
                "total": 2
              }
            },
            {
              "batter": "CD Shekleton",
              "bowler": "A Nortje",
              "non_striker": "D Ridgaard",
              "runs": {
                "batter": 0,
                "extras": 0,
                "total": 0
              }
            },
            {
              "batter": "CD Shekleton",
              "bowler": "A Nortje",
              "non_striker": "D Ridgaard",
              "runs": {
                "batter": 0,
                "extras": 0,
                "total": 0
              }
            },
            {
              "batter": "CD Shekleton",
              "bowler": "A Nortje",
              "non_striker": "D Ridgaard",
              "runs": {
                "batter": 0,
                "extras": 0,
                "total": 0
              }
            },
            {
              "batter": "CD Shekleton",
              "bowler": "A Nortje",
              "non_striker": "D Ridgaard",
              "runs": {
                "batter": 0,
                "extras": 0,
                "total": 0
              }
            },
            {
              "batter": "CD Shekleton",
              "bowler": "A Nortje",
              "non_striker": "D Ridgaard",
              "runs": {
                "batter": 0,
                "extras": 0,
                "total": 0
              }
            }
          ]
        },
        {
          "over": 9,
          "deliveries": [
            {
              "batter": "D Ridgaard",
              "bowler": "S Simetu",
              "non_striker": "CD Shekleton",
              "runs": {
                "batter": 0,
                "extras": 0,
                "total": 0
              },
              "wickets": [
                {
                  "player_out": "D Ridgaard",
                  "kind": "lbw"
                }
              ]
            },
            {
              "batter": "A Mhletywa",
              "bowler": "S Simetu",
              "non_striker": "CD Shekleton",
              "runs": {
                "batter": 0,
                "extras": 0,
                "total": 0
              }
            },
            {
              "batter": "A Mhletywa",
              "bowler": "S Simetu",
              "non_striker": "CD Shekleton",
              "runs": {
                "batter": 1,
                "extras": 0,
                "total": 1
              }
            },
            {
              "batter": "CD Shekleton",
              "bowler": "S Simetu",
              "non_striker": "A Mhletywa",
              "runs": {
                "batter": 1,
                "extras": 0,
                "total": 1
              }
            },
            {
              "batter": "A Mhletywa",
              "bowler": "S Simetu",
              "non_striker": "CD Shekleton",
              "runs": {
                "batter": 1,
                "extras": 0,
                "total": 1
              }
            },
            {
              "batter": "CD Shekleton",
              "bowler": "S Simetu",
              "non_striker": "A Mhletywa",
              "runs": {
                "batter": 0,
                "extras": 0,
                "total": 0
              }
            }
          ]
        },
        {
          "over": 10,
          "deliveries": [
            {
              "batter": "A Mhletywa",
              "bowler": "PE Kruger",
              "non_striker": "CD Shekleton",
              "runs": {
                "batter": 0,
                "extras": 0,
                "total": 0
              },
              "wickets": [
                {
                  "player_out": "A Mhletywa",
                  "kind": "lbw"
                }
              ]
            },
            {
              "batter": "S Nhlebela",
              "bowler": "PE Kruger",
              "non_striker": "CD Shekleton",
              "runs": {
                "batter": 1,
                "extras": 0,
                "total": 1
              }
            },
            {
              "batter": "CD Shekleton",
              "bowler": "PE Kruger",
              "extras": {
                "wides": 1
              },
              "non_striker": "S Nhlebela",
              "runs": {
                "batter": 0,
                "extras": 1,
                "total": 1
              }
            },
            {
              "batter": "CD Shekleton",
              "bowler": "PE Kruger",
              "non_striker": "S Nhlebela",
              "runs": {
                "batter": 1,
                "extras": 0,
                "total": 1
              }
            },
            {
              "batter": "S Nhlebela",
              "bowler": "PE Kruger",
              "non_striker": "CD Shekleton",
              "runs": {
                "batter": 1,
                "extras": 0,
                "total": 1
              }
            },
            {
              "batter": "CD Shekleton",
              "bowler": "PE Kruger",
              "non_striker": "S Nhlebela",
              "runs": {
                "batter": 2,
                "extras": 0,
                "total": 2
              }
            },
            {
              "batter": "CD Shekleton",
              "bowler": "PE Kruger",
              "non_striker": "S Nhlebela",
              "runs": {
                "batter": 0,
                "extras": 0,
                "total": 0
              }
            }
          ]
        },
        {
          "over": 11,
          "deliveries": [
            {
              "batter": "S Nhlebela",
              "bowler": "S Simetu",
              "non_striker": "CD Shekleton",
              "runs": {
                "batter": 0,
                "extras": 0,
                "total": 0
              }
            },
            {
              "batter": "S Nhlebela",
              "bowler": "S Simetu",
              "non_striker": "CD Shekleton",
              "runs": {
                "batter": 1,
                "extras": 0,
                "total": 1
              }
            },
            {
              "batter": "CD Shekleton",
              "bowler": "S Simetu",
              "non_striker": "S Nhlebela",
              "runs": {
                "batter": 1,
                "extras": 0,
                "total": 1
              }
            },
            {
              "batter": "S Nhlebela",
              "bowler": "S Simetu",
              "non_striker": "CD Shekleton",
              "runs": {
                "batter": 4,
                "extras": 0,
                "total": 4
              }
            },
            {
              "batter": "S Nhlebela",
              "bowler": "S Simetu",
              "non_striker": "CD Shekleton",
              "runs": {
                "batter": 0,
                "extras": 0,
                "total": 0
              }
            },
            {
              "batter": "S Nhlebela",
              "bowler": "S Simetu",
              "non_striker": "CD Shekleton",
              "runs": {
                "batter": 0,
                "extras": 0,
                "total": 0
              }
            }
          ]
        },
        {
          "over": 12,
          "deliveries": [
            {
              "batter": "CD Shekleton",
              "bowler": "N van Heerden",
              "non_striker": "S Nhlebela",
              "runs": {
                "batter": 6,
                "extras": 0,
                "total": 6
              }
            },
            {
              "batter": "CD Shekleton",
              "bowler": "N van Heerden",
              "non_striker": "S Nhlebela",
              "runs": {
                "batter": 1,
                "extras": 0,
                "total": 1
              }
            },
            {
              "batter": "S Nhlebela",
              "bowler": "N van Heerden",
              "non_striker": "CD Shekleton",
              "runs": {
                "batter": 0,
                "extras": 0,
                "total": 0
              }
            },
            {
              "batter": "S Nhlebela",
              "bowler": "N van Heerden",
              "non_striker": "CD Shekleton",
              "runs": {
                "batter": 0,
                "extras": 0,
                "total": 0
              }
            },
            {
              "batter": "S Nhlebela",
              "bowler": "N van Heerden",
              "non_striker": "CD Shekleton",
              "runs": {
                "batter": 1,
                "extras": 0,
                "total": 1
              }
            },
            {
              "batter": "CD Shekleton",
              "bowler": "N van Heerden",
              "non_striker": "S Nhlebela",
              "runs": {
                "batter": 0,
                "extras": 0,
                "total": 0
              },
              "wickets": [
                {
                  "player_out": "CD Shekleton",
                  "fielders": [
                    {
                      "name": "M Jansen"
                    }
                  ],
                  "kind": "caught"
                }
              ]
            }
          ]
        },
        {
          "over": 13,
          "deliveries": [
            {
              "batter": "S Nhlebela",
              "bowler": "S Simetu",
              "non_striker": "M Khumalo",
              "runs": {
                "batter": 2,
                "extras": 0,
                "total": 2
              }
            },
            {
              "batter": "S Nhlebela",
              "bowler": "S Simetu",
              "non_striker": "M Khumalo",
              "runs": {
                "batter": 4,
                "extras": 0,
                "total": 4
              }
            },
            {
              "batter": "S Nhlebela",
              "bowler": "S Simetu",
              "non_striker": "M Khumalo",
              "runs": {
                "batter": 2,
                "extras": 0,
                "total": 2
              }
            },
            {
              "batter": "S Nhlebela",
              "bowler": "S Simetu",
              "non_striker": "M Khumalo",
              "runs": {
                "batter": 0,
                "extras": 0,
                "total": 0
              },
              "wickets": [
                {
                  "player_out": "S Nhlebela",
                  "fielders": [
                    {
                      "name": "PE Kruger"
                    }
                  ],
                  "kind": "caught"
                }
              ]
            },
            {
              "batter": "M Budaza",
              "bowler": "S Simetu",
              "non_striker": "M Khumalo",
              "runs": {
                "batter": 0,
                "extras": 0,
                "total": 0
              }
            },
            {
              "batter": "M Budaza",
              "bowler": "S Simetu",
              "non_striker": "M Khumalo",
              "runs": {
                "batter": 1,
                "extras": 0,
                "total": 1
              }
            }
          ]
        },
        {
          "over": 14,
          "deliveries": [
            {
              "batter": "M Budaza",
              "bowler": "A Nortje",
              "non_striker": "M Khumalo",
              "runs": {
                "batter": 1,
                "extras": 0,
                "total": 1
              }
            },
            {
              "batter": "M Khumalo",
              "bowler": "A Nortje",
              "non_striker": "M Budaza",
              "runs": {
                "batter": 1,
                "extras": 0,
                "total": 1
              }
            },
            {
              "batter": "M Budaza",
              "bowler": "A Nortje",
              "non_striker": "M Khumalo",
              "runs": {
                "batter": 0,
                "extras": 0,
                "total": 0
              }
            },
            {
              "batter": "M Budaza",
              "bowler": "A Nortje",
              "non_striker": "M Khumalo",
              "runs": {
                "batter": 0,
                "extras": 0,
                "total": 0
              }
            },
            {
              "batter": "M Budaza",
              "bowler": "A Nortje",
              "non_striker": "M Khumalo",
              "runs": {
                "batter": 0,
                "extras": 0,
                "total": 0
              }
            },
            {
              "batter": "M Budaza",
              "bowler": "A Nortje",
              "non_striker": "M Khumalo",
              "runs": {
                "batter": 0,
                "extras": 0,
                "total": 0
              }
            }
          ]
        },
        {
          "over": 15,
          "deliveries": [
            {
              "batter": "M Khumalo",
              "bowler": "PE Kruger",
              "non_striker": "M Budaza",
              "runs": {
                "batter": 0,
                "extras": 0,
                "total": 0
              }
            },
            {
              "batter": "M Khumalo",
              "bowler": "PE Kruger",
              "non_striker": "M Budaza",
              "runs": {
                "batter": 0,
                "extras": 0,
                "total": 0
              }
            },
            {
              "batter": "M Khumalo",
              "bowler": "PE Kruger",
              "non_striker": "M Budaza",
              "runs": {
                "batter": 0,
                "extras": 0,
                "total": 0
              }
            },
            {
              "batter": "M Khumalo",
              "bowler": "PE Kruger",
              "non_striker": "M Budaza",
              "runs": {
                "batter": 0,
                "extras": 0,
                "total": 0
              }
            },
            {
              "batter": "M Khumalo",
              "bowler": "PE Kruger",
              "non_striker": "M Budaza",
              "runs": {
                "batter": 4,
                "extras": 0,
                "total": 4
              }
            },
            {
              "batter": "M Khumalo",
              "bowler": "PE Kruger",
              "non_striker": "M Budaza",
              "runs": {
                "batter": 0,
                "extras": 0,
                "total": 0
              }
            }
          ]
        },
        {
          "over": 16,
          "deliveries": [
            {
              "batter": "M Budaza",
              "bowler": "M Jansen",
              "non_striker": "M Khumalo",
              "runs": {
                "batter": 4,
                "extras": 0,
                "total": 4
              }
            },
            {
              "batter": "M Budaza",
              "bowler": "M Jansen",
              "non_striker": "M Khumalo",
              "runs": {
                "batter": 0,
                "extras": 0,
                "total": 0
              }
            },
            {
              "batter": "M Budaza",
              "bowler": "M Jansen",
              "non_striker": "M Khumalo",
              "runs": {
                "batter": 0,
                "extras": 0,
                "total": 0
              }
            },
            {
              "batter": "M Budaza",
              "bowler": "M Jansen",
              "non_striker": "M Khumalo",
              "runs": {
                "batter": 0,
                "extras": 0,
                "total": 0
              },
              "wickets": [
                {
                  "player_out": "M Budaza",
                  "kind": "bowled"
                }
              ]
            }
          ]
        }
      ],
      "powerplays": [
        {
          "from": 0.1,
          "to": 5.6,
          "type": "mandatory"
        }
      ],
      "target": {
        "overs": 20,
        "runs": 126
      }
    }
  ]
}