{
  "meta": {
    "data_version": "1.1.0",
    "created": "2024-03-12",
    "revision": 1
  },
  "info": {
    "balls_per_over": 6,
    "city": "Durban",
    "dates": [
      "2024-03-08"
    ],
    "event": {
      "name": "CSA T20 Challenge",
      "match_number": 2
    },
    "gender": "male",
    "match_type": "T20",
    "officials": {
      "match_referees": [
        "SA Fritz"
      ],
      "reserve_umpires": [
        "DJ Smith"
      ],
      "umpires": [
        "A Steenkamp",
        "BP Jele"
      ]
    },
    "outcome": {
      "winner": "Western Province",
      "by": {
        "runs": 2
      }
    },
    "overs": 20,
    "player_of_match": [
      "JA Bird"
    ],
    "players": {
      "Western Province": [
        "DG Bedingham",
        "T de Zorzi",
        "K Verreynne",
        "JA Bird",
        "M Mpongwana",
        "KI Simmonds",
        "Abdullah Bayoumy",
        "O Nyaku",
        "BE Hendricks",
        "M Nabe",
        "N Burger"
      ],
      "Dolphins": [
        "B Parsons",
        "G Roelofsen",
        "JT Smuts",
        "BG Porteous",
        "K Zondo",
        "JF Smith",
        "AL Phehlukwayo",
        "KA Maharaj",
        "P Subrayen",
        "O Cele",
        "OEG Baartman"
      ]
    },
    "registry": {
      "people": {
        "A Steenkamp": "89c62cf5",
        "AL Phehlukwayo": "ab6b1c45",
        "Abdullah Bayoumy": "8ab49ad2",
        "B Parsons": "fc60e81a",
        "BE Hendricks": "b56dc5f7",
        "BG Porteous": "3a661be2",
        "BP Jele": "7bb1331e",
        "DG Bedingham": "a1b69936",
        "DJ Smith": "d17bec15",
        "G Roelofsen": "ac688e55",
        "JA Bird": "572f55fb",
        "JF Smith": "91cd48e0",
        "JT Smuts": "42172c3c",
        "K Verreynne": "bf814547",
        "K Zondo": "4aad78d3",
        "KA Maharaj": "0b60eb09",
        "KI Simmonds": "3122c016",
        "M Mpongwana": "547c5509",
        "M Nabe": "6ed11905",
        "N Burger": "465aa633",
        "O Cele": "6e5840e3",
        "O Nyaku": "9b442f95",
        "OEG Baartman": "6b9eb501",
        "P Subrayen": "7ec9711d",
        "SA Fritz": "d15e60c8",
        "T de Zorzi": "d3a1c63d"
      }
    },
    "season": "2023/24",
    "team_type": "club",
    "teams": [
      "Western Province",
      "Dolphins"
    ],
    "toss": {
      "decision": "bat",
      "winner": "Western Province"
    },
    "venue": "Kingsmead, Durban"
  },
  "innings": [
    {
      "team": "Western Province",
      "overs": [
        {
          "over": 0,
          "deliveries": [
            {
              "batter": "DG Bedingham",
              "bowler": "P Subrayen",
              "non_striker": "T de Zorzi",
              "runs": {
                "batter": 1,
                "extras": 0,
                "total": 1
              }
            },
            {
              "batter": "T de Zorzi",
              "bowler": "P Subrayen",
              "extras": {
                "wides": 5
              },
              "non_striker": "DG Bedingham",
              "runs": {
                "batter": 0,
                "extras": 5,
                "total": 5
              }
            },
            {
              "batter": "T de Zorzi",
              "bowler": "P Subrayen",
              "non_striker": "DG Bedingham",
              "runs": {
                "batter": 0,
                "extras": 0,
                "total": 0
              }
            },
            {
              "batter": "T de Zorzi",
              "bowler": "P Subrayen",
              "non_striker": "DG Bedingham",
              "runs": {
                "batter": 0,
                "extras": 0,
                "total": 0
              }
            },
            {
              "batter": "T de Zorzi",
              "bowler": "P Subrayen",
              "non_striker": "DG Bedingham",
              "runs": {
                "batter": 0,
                "extras": 0,
                "total": 0
              }
            },
            {
              "batter": "T de Zorzi",
              "bowler": "P Subrayen",
              "extras": {
                "legbyes": 1
              },
              "non_striker": "DG Bedingham",
              "runs": {
                "batter": 0,
                "extras": 1,
                "total": 1
              }
            },
            {
              "batter": "DG Bedingham",
              "bowler": "P Subrayen",
              "non_striker": "T de Zorzi",
              "runs": {
                "batter": 1,
                "extras": 0,
                "total": 1
              }
            }
          ]
        },
        {
          "over": 1,
          "deliveries": [
            {
              "batter": "DG Bedingham",
              "bowler": "O Cele",
              "non_striker": "T de Zorzi",
              "runs": {
                "batter": 0,
                "extras": 0,
                "total": 0
              }
            },
            {
              "batter": "DG Bedingham",
              "bowler": "O Cele",
              "non_striker": "T de Zorzi",
              "runs": {
                "batter": 6,
                "extras": 0,
                "total": 6
              }
            },
            {
              "batter": "DG Bedingham",
              "bowler": "O Cele",
              "non_striker": "T de Zorzi",
              "runs": {
                "batter": 0,
                "extras": 0,
                "total": 0
              },
              "wickets": [
                {
                  "player_out": "DG Bedingham",
                  "kind": "lbw"
                }
              ]
            },
            {
              "batter": "K Verreynne",
              "bowler": "O Cele",
              "non_striker": "T de Zorzi",
              "runs": {
                "batter": 1,
                "extras": 0,
                "total": 1
              }
            },
            {
              "batter": "T de Zorzi",
              "bowler": "O Cele",
              "extras": {
                "legbyes": 1
              },
              "non_striker": "K Verreynne",
              "runs": {
                "batter": 0,
                "extras": 1,
                "total": 1
              }
            },
            {
              "batter": "K Verreynne",
              "bowler": "O Cele",
              "non_striker": "T de Zorzi",
              "runs": {
                "batter": 1,
                "extras": 0,
                "total": 1
              }
            }
          ]
        },
        {
          "over": 2,
          "deliveries": [
            {
              "batter": "K Verreynne",
              "bowler": "P Subrayen",
              "non_striker": "T de Zorzi",
              "runs": {
                "batter": 1,
                "extras": 0,
                "total": 1
              }
            },
            {
              "batter": "T de Zorzi",
              "bowler": "P Subrayen",
              "non_striker": "K Verreynne",
              "runs": {
                "batter": 1,
                "extras": 0,
                "total": 1
              }
            },
            {
              "batter": "K Verreynne",
              "bowler": "P Subrayen",
              "non_striker": "T de Zorzi",
              "runs": {
                "batter": 1,
                "extras": 0,
                "total": 1
              }
            },
            {
              "batter": "T de Zorzi",
              "bowler": "P Subrayen",
              "non_striker": "K Verreynne",
              "runs": {
                "batter": 6,
                "extras": 0,
                "total": 6
              }
            },
            {
              "batter": "T de Zorzi",
              "bowler": "P Subrayen",
              "non_striker": "K Verreynne",
              "runs": {
                "batter": 0,
                "extras": 0,
                "total": 0
              }
            },
            {
              "batter": "T de Zorzi",
              "bowler": "P Subrayen",
              "non_striker": "K Verreynne",
              "runs": {
                "batter": 1,
                "extras": 0,
                "total": 1
              }
            }
          ]
        },
        {
          "over": 3,
          "deliveries": [
            {
              "batter": "T de Zorzi",
              "bowler": "O Cele",
              "non_striker": "K Verreynne",
              "runs": {
                "batter": 4,
                "extras": 0,
                "total": 4
              }
            },
            {
              "batter": "T de Zorzi",
              "bowler": "O Cele",
              "non_striker": "K Verreynne",
              "runs": {
                "batter": 4,
                "extras": 0,
                "total": 4
              }
            },
            {
              "batter": "T de Zorzi",
              "bowler": "O Cele",
              "non_striker": "K Verreynne",
              "runs": {
                "batter": 0,
                "extras": 0,
                "total": 0
              }
            },
            {
              "batter": "T de Zorzi",
              "bowler": "O Cele",
              "non_striker": "K Verreynne",
              "runs": {
                "batter": 0,
                "extras": 0,
                "total": 0
              }
            },
            {
              "batter": "T de Zorzi",
              "bowler": "O Cele",
              "non_striker": "K Verreynne",
              "runs": {
                "batter": 0,
                "extras": 0,
                "total": 0
              },
              "wickets": [
                {
                  "player_out": "T de Zorzi",
                  "fielders": [
                    {
                      "name": "K Zondo"
                    }
                  ],
                  "kind": "caught"
                }
              ]
            },
            {
              "batter": "JA Bird",
              "bowler": "O Cele",
              "non_striker": "K Verreynne",
              "runs": {
                "batter": 0,
                "extras": 0,
                "total": 0
              }
            }
          ]
        },
        {
          "over": 4,
          "deliveries": [
            {
              "batter": "K Verreynne",
              "bowler": "P Subrayen",
              "non_striker": "JA Bird",
              "runs": {
                "batter": 1,
                "extras": 0,
                "total": 1
              }
            },
            {
              "batter": "JA Bird",
              "bowler": "P Subrayen",
              "non_striker": "K Verreynne",
              "runs": {
                "batter": 0,
                "extras": 0,
                "total": 0
              }
            },
            {
              "batter": "JA Bird",
              "bowler": "P Subrayen",
              "non_striker": "K Verreynne",
              "runs": {
                "batter": 0,
                "extras": 0,
                "total": 0
              }
            },
            {
              "batter": "JA Bird",
              "bowler": "P Subrayen",
              "non_striker": "K Verreynne",
              "runs": {
                "batter": 2,
                "extras": 0,
                "total": 2
              }
            },
            {
              "batter": "JA Bird",
              "bowler": "P Subrayen",
              "non_striker": "K Verreynne",
              "runs": {
                "batter": 0,
                "extras": 0,
                "total": 0
              }
            },
            {
              "batter": "JA Bird",
              "bowler": "P Subrayen",
              "non_striker": "K Verreynne",
              "runs": {
                "batter": 1,
                "extras": 0,
                "total": 1
              }
            }
          ]
        },
        {
          "over": 5,
          "deliveries": [
            {
              "batter": "JA Bird",
              "bowler": "OEG Baartman",
              "non_striker": "K Verreynne",
              "runs": {
                "batter": 0,
                "extras": 0,
                "total": 0
              }
            },
            {
              "batter": "JA Bird",
              "bowler": "OEG Baartman",
              "non_striker": "K Verreynne",
              "runs": {
                "batter": 1,
                "extras": 0,
                "total": 1
              }
            },
            {
              "batter": "K Verreynne",
              "bowler": "OEG Baartman",
              "non_striker": "JA Bird",
              "runs": {
                "batter": 4,
                "extras": 0,
                "total": 4
              }
            },
            {
              "batter": "K Verreynne",
              "bowler": "OEG Baartman",
              "non_striker": "JA Bird",
              "runs": {
                "batter": 0,
                "extras": 0,
                "total": 0
              }
            },
            {
              "batter": "K Verreynne",
              "bowler": "OEG Baartman",
              "non_striker": "JA Bird",
              "runs": {
                "batter": 1,
                "extras": 0,
                "total": 1
              }
            },
            {
              "batter": "JA Bird",
              "bowler": "OEG Baartman",
              "non_striker": "K Verreynne",
              "runs": {
                "batter": 2,
                "extras": 0,
                "total": 2
              }
            }
          ]
        },
        {
          "over": 6,
          "deliveries": [
            {
              "batter": "K Verreynne",
              "bowler": "AL Phehlukwayo",
              "non_striker": "JA Bird",
              "runs": {
                "batter": 0,
                "extras": 0,
                "total": 0
              }
            },
            {
              "batter": "K Verreynne",
              "bowler": "AL Phehlukwayo",
              "non_striker": "JA Bird",
              "runs": {
                "batter": 6,
                "extras": 0,
                "total": 6
              }
            },
            {
              "batter": "K Verreynne",
              "bowler": "AL Phehlukwayo",
              "non_striker": "JA Bird",
              "runs": {
                "batter": 1,
                "extras": 0,
                "total": 1
              }
            },
            {
              "batter": "JA Bird",
              "bowler": "AL Phehlukwayo",
              "non_striker": "K Verreynne",
              "runs": {
                "batter": 1,
                "extras": 0,
                "total": 1
              }
            },
            {
              "batter": "K Verreynne",
              "bowler": "AL Phehlukwayo",
              "non_striker": "JA Bird",
              "runs": {
                "batter": 1,
                "extras": 0,
                "total": 1
              }
            },
            {
              "batter": "JA Bird",
              "bowler": "AL Phehlukwayo",
              "non_striker": "K Verreynne",
              "runs": {
                "batter": 1,
                "extras": 0,
                "total": 1
              }
            }
          ]
        },
        {
          "over": 7,
          "deliveries": [
            {
              "batter": "JA Bird",
              "bowler": "KA Maharaj",
              "non_striker": "K Verreynne",
              "runs": {
                "batter": 2,
                "extras": 0,
                "total": 2
              }
            },
            {
              "batter": "JA Bird",
              "bowler": "KA Maharaj",
              "non_striker": "K Verreynne",
              "runs": {
                "batter": 1,
                "extras": 0,
                "total": 1
              }
            },
            {
              "batter": "K Verreynne",
              "bowler": "KA Maharaj",
              "non_striker": "JA Bird",
              "runs": {
                "batter": 0,
                "extras": 0,
                "total": 0
              }
            },
            {
              "batter": "K Verreynne",
              "bowler": "KA Maharaj",
              "non_striker": "JA Bird",
              "runs": {
                "batter": 0,
                "extras": 0,
                "total": 0
              },
              "wickets": [
                {
                  "player_out": "K Verreynne",
                  "fielders": [
                    {
                      "name": "JT Smuts"
                    }
                  ],
                  "kind": "caught"
                }
              ]
            },
            {
              "batter": "M Mpongwana",
              "bowler": "KA Maharaj",
              "non_striker": "JA Bird",
              "runs": {
                "batter": 0,
                "extras": 0,
                "total": 0
              }
            },
            {
              "batter": "M Mpongwana",
              "bowler": "KA Maharaj",
              "non_striker": "JA Bird",
              "runs": {
                "batter": 0,
                "extras": 0,
                "total": 0
              }
            }
          ]
        },
        {
          "over": 8,
          "deliveries": [
            {
              "batter": "JA Bird",
              "bowler": "AL Phehlukwayo",
              "non_striker": "M Mpongwana",
              "runs": {
                "batter": 1,
                "extras": 0,
                "total": 1
              }
            },
            {
              "batter": "M Mpongwana",
              "bowler": "AL Phehlukwayo",
              "non_striker": "JA Bird",
              "runs": {
                "batter": 1,
                "extras": 0,
                "total": 1
              }
            },
            {
              "batter": "JA Bird",
              "bowler": "AL Phehlukwayo",
              "non_striker": "M Mpongwana",
              "runs": {
                "batter": 1,
                "extras": 0,
                "total": 1
              }
            },
            {
              "batter": "M Mpongwana",
              "bowler": "AL Phehlukwayo",
              "non_striker": "JA Bird",
              "runs": {
                "batter": 0,
                "extras": 0,
                "total": 0
              }
            },
            {
              "batter": "M Mpongwana",
              "bowler": "AL Phehlukwayo",
              "non_striker": "JA Bird",
              "runs": {
                "batter": 4,
                "extras": 0,
                "total": 4
              }
            },
            {
              "batter": "M Mpongwana",
              "bowler": "AL Phehlukwayo",
              "non_striker": "JA Bird",
              "runs": {
                "batter": 0,
                "extras": 0,
                "total": 0
              }
            }
          ]
        },
        {
          "over": 9,
          "deliveries": [
            {
              "batter": "JA Bird",
              "bowler": "KA Maharaj",
              "non_striker": "M Mpongwana",
              "runs": {
                "batter": 6,
                "extras": 0,
                "total": 6
              }
            },
            {
              "batter": "JA Bird",
              "bowler": "KA Maharaj",
              "non_striker": "M Mpongwana",
              "runs": {
                "batter": 1,
                "extras": 0,
                "total": 1
              }
            },
            {
              "batter": "M Mpongwana",
              "bowler": "KA Maharaj",
              "non_striker": "JA Bird",
              "runs": {
                "batter": 1,
                "extras": 0,
                "total": 1
              }
            },
            {
              "batter": "JA Bird",
              "bowler": "KA Maharaj",
              "non_striker": "M Mpongwana",
              "runs": {
                "batter": 1,
                "extras": 0,
                "total": 1
              }
            },
            {
              "batter": "M Mpongwana",
              "bowler": "KA Maharaj",
              "non_striker": "JA Bird",
              "runs": {
                "batter": 1,
                "extras": 0,
                "total": 1
              }
            },
            {
              "batter": "JA Bird",
              "bowler": "KA Maharaj",
              "non_striker": "M Mpongwana",
              "runs": {
                "batter": 1,
                "extras": 0,
                "total": 1
              }
            }
          ]
        },
        {
          "over": 10,
          "deliveries": [
            {
              "batter": "JA Bird",
              "bowler": "P Subrayen",
              "non_striker": "M Mpongwana",
              "runs": {
                "batter": 2,
                "extras": 0,
                "total": 2
              }
            },
            {
              "batter": "JA Bird",
              "bowler": "P Subrayen",
              "non_striker": "M Mpongwana",
              "runs": {
                "batter": 1,
                "extras": 0,
                "total": 1
              }
            },
            {
              "batter": "M Mpongwana",
              "bowler": "P Subrayen",
              "non_striker": "JA Bird",
              "runs": {
                "batter": 1,
                "extras": 0,
                "total": 1
              }
            },
            {
              "batter": "JA Bird",
              "bowler": "P Subrayen",
              "non_striker": "M Mpongwana",
              "runs": {
                "batter": 1,
                "extras": 0,
                "total": 1
              }
            },
            {
              "batter": "M Mpongwana",
              "bowler": "P Subrayen",
              "non_striker": "JA Bird",
              "runs": {
                "batter": 1,
                "extras": 0,
                "total": 1
              }
            },
            {
              "batter": "JA Bird",
              "bowler": "P Subrayen",
              "non_striker": "M Mpongwana",
              "runs": {
                "batter": 1,
                "extras": 0,
                "total": 1
              }
            }
          ]
        },
        {
          "over": 11,
          "deliveries": [
            {
              "batter": "JA Bird",
              "bowler": "KA Maharaj",
              "non_striker": "M Mpongwana",
              "runs": {
                "batter": 6,
                "extras": 0,
                "total": 6
              }
            },
            {
              "batter": "JA Bird",
              "bowler": "KA Maharaj",
              "extras": {
                "wides": 1
              },
              "non_striker": "M Mpongwana",
              "runs": {
                "batter": 0,
                "extras": 1,
                "total": 1
              }
            },
            {
              "batter": "JA Bird",
              "bowler": "KA Maharaj",
              "non_striker": "M Mpongwana",
              "runs": {
                "batter": 2,
                "extras": 0,
                "total": 2
              }
            },
            {
              "batter": "JA Bird",
              "bowler": "KA Maharaj",
              "non_striker": "M Mpongwana",
              "runs": {
                "batter": 1,
                "extras": 0,
                "total": 1
              }
            },
            {
              "batter": "M Mpongwana",
              "bowler": "KA Maharaj",
              "non_striker": "JA Bird",
              "runs": {
                "batter": 0,
                "extras": 0,
                "total": 0
              }
            },
            {
              "batter": "M Mpongwana",
              "bowler": "KA Maharaj",
              "non_striker": "JA Bird",
              "runs": {
                "batter": 4,
                "extras": 0,
                "total": 4
              }
            },
            {
              "batter": "M Mpongwana",
              "bowler": "KA Maharaj",
              "non_striker": "JA Bird",
              "runs": {
                "batter": 0,
                "extras": 0,
                "total": 0
              }
            }
          ]
        },
        {
          "over": 12,
          "deliveries": [
            {
              "batter": "JA Bird",
              "bowler": "OEG Baartman",
              "non_striker": "M Mpongwana",
              "runs": {
                "batter": 0,
                "extras": 0,
                "total": 0
              }
            },
            {
              "batter": "JA Bird",
              "bowler": "OEG Baartman",
              "non_striker": "M Mpongwana",
              "runs": {
                "batter": 3,
                "extras": 0,
                "total": 3
              }
            },
            {
              "batter": "M Mpongwana",
              "bowler": "OEG Baartman",
              "non_striker": "JA Bird",
              "runs": {
                "batter": 0,
                "extras": 0,
                "total": 0
              }
            },
            {
              "batter": "M Mpongwana",
              "bowler": "OEG Baartman",
              "non_striker": "JA Bird",
              "runs": {
                "batter": 1,
                "extras": 0,
                "total": 1
              }
            },
            {
              "batter": "JA Bird",
              "bowler": "OEG Baartman",
              "non_striker": "M Mpongwana",
              "runs": {
                "batter": 1,
                "extras": 0,
                "total": 1
              }
            },
            {
              "batter": "M Mpongwana",
              "bowler": "OEG Baartman",
              "non_striker": "JA Bird",
              "runs": {
                "batter": 0,
                "extras": 0,
                "total": 0
              }
            }
          ]
        },
        {
          "over": 13,
          "deliveries": [
            {
              "batter": "JA Bird",
              "bowler": "BG Porteous",
              "non_striker": "M Mpongwana",
              "runs": {
                "batter": 0,
                "extras": 0,
                "total": 0
              },
              "wickets": [
                {
                  "player_out": "JA Bird",
                  "fielders": [
                    {
                      "name": "G Roelofsen"
                    }
                  ],
                  "kind": "caught"
                }
              ]
            },
            {
              "batter": "KI Simmonds",
              "bowler": "BG Porteous",
              "non_striker": "M Mpongwana",
              "runs": {
                "batter": 1,
                "extras": 0,
                "total": 1
              }
            },
            {
              "batter": "M Mpongwana",
              "bowler": "BG Porteous",
              "non_striker": "KI Simmonds",
              "runs": {
                "batter": 1,
                "extras": 0,
                "total": 1
              }
            },
            {
              "batter": "KI Simmonds",
              "bowler": "BG Porteous",
              "non_striker": "M Mpongwana",
              "runs": {
                "batter": 1,
                "extras": 0,
                "total": 1
              }
            },
            {
              "batter": "M Mpongwana",
              "bowler": "BG Porteous",
              "non_striker": "KI Simmonds",
              "runs": {
                "batter": 1,
                "extras": 0,
                "total": 1
              }
            },
            {
              "batter": "KI Simmonds",
              "bowler": "BG Porteous",
              "non_striker": "M Mpongwana",
              "runs": {
                "batter": 1,
                "extras": 0,
                "total": 1
              }
            }
          ]
        },
        {
          "over": 14,
          "deliveries": [
            {
              "batter": "KI Simmonds",
              "bowler": "O Cele",
              "non_striker": "M Mpongwana",
              "runs": {
                "batter": 0,
                "extras": 0,
                "total": 0
              }
            },
            {
              "batter": "KI Simmonds",
              "bowler": "O Cele",
              "non_striker": "M Mpongwana",
              "runs": {
                "batter": 1,
                "extras": 0,
                "total": 1
              }
            },
            {
              "batter": "M Mpongwana",
              "bowler": "O Cele",
              "non_striker": "KI Simmonds",
              "runs": {
                "batter": 2,
                "extras": 0,
                "total": 2
              }
            },
            {
              "batter": "M Mpongwana",
              "bowler": "O Cele",
              "non_striker": "KI Simmonds",
              "runs": {
                "batter": 1,
                "extras": 0,
                "total": 1
              }
            },
            {
              "batter": "KI Simmonds",
              "bowler": "O Cele",
              "non_striker": "M Mpongwana",
              "runs": {
                "batter": 1,
                "extras": 0,
                "total": 1
              }
            },
            {
              "batter": "M Mpongwana",
              "bowler": "O Cele",
              "non_striker": "KI Simmonds",
              "runs": {
                "batter": 0,
                "extras": 0,
                "total": 0
              }
            }
          ]
        },
        {
          "over": 15,
          "deliveries": [
            {
              "batter": "KI Simmonds",
              "bowler": "OEG Baartman",
              "non_striker": "M Mpongwana",
              "runs": {
                "batter": 1,
                "extras": 0,
                "total": 1
              }
            },
            {
              "batter": "M Mpongwana",
              "bowler": "OEG Baartman",
              "non_striker": "KI Simmonds",
              "runs": {
                "batter": 1,
                "extras": 0,
                "total": 1
              }
            },
            {
              "batter": "KI Simmonds",
              "bowler": "OEG Baartman",
              "non_striker": "M Mpongwana",
              "runs": {
                "batter": 4,
                "extras": 0,
                "total": 4
              }
            },
            {
              "batter": "KI Simmonds",
              "bowler": "OEG Baartman",
              "non_striker": "M Mpongwana",
              "runs": {
                "batter": 1,
                "extras": 0,
                "total": 1
              }
            },
            {
              "batter": "M Mpongwana",
              "bowler": "OEG Baartman",
              "non_striker": "KI Simmonds",
              "runs": {
                "batter": 2,
                "extras": 0,
                "total": 2
              }
            },
            {
              "batter": "M Mpongwana",
              "bowler": "OEG Baartman",
              "non_striker": "KI Simmonds",
              "runs": {
                "batter": 0,
                "extras": 0,
                "total": 0
              },
              "wickets": [
                {
                  "player_out": "M Mpongwana",
                  "fielders": [
                    {
                      "name": "JT Smuts"
                    }
                  ],
                  "kind": "caught"
                }
              ]
            }
          ]
        },
        {
          "over": 16,
          "deliveries": [
            {
              "batter": "KI Simmonds",
              "bowler": "O Cele",
              "non_striker": "Abdullah Bayoumy",
              "runs": {
                "batter": 2,
                "extras": 0,
                "total": 2
              }
            },
            {
              "batter": "KI Simmonds",
              "bowler": "O Cele",
              "non_striker": "Abdullah Bayoumy",
              "runs": {
                "batter": 1,
                "extras": 0,
                "total": 1
              }
            },
            {
              "batter": "Abdullah Bayoumy",
              "bowler": "O Cele",
              "non_striker": "KI Simmonds",
              "runs": {
                "batter": 0,
                "extras": 0,
                "total": 0
              }
            },
            {
              "batter": "Abdullah Bayoumy",
              "bowler": "O Cele",
              "non_striker": "KI Simmonds",
              "runs": {
                "batter": 1,
                "extras": 0,
                "total": 1
              }
            },
            {
              "batter": "KI Simmonds",
              "bowler": "O Cele",
              "non_striker": "Abdullah Bayoumy",
              "runs": {
                "batter": 1,
                "extras": 0,
                "total": 1
              }
            },
            {
              "batter": "Abdullah Bayoumy",
              "bowler": "O Cele",
              "non_striker": "KI Simmonds",
              "runs": {
                "batter": 1,
                "extras": 0,
                "total": 1
              }
            }
          ]
        },
        {
          "over": 17,
          "deliveries": [
            {
              "batter": "Abdullah Bayoumy",
              "bowler": "AL Phehlukwayo",
              "non_striker": "KI Simmonds",
              "runs": {
                "batter": 0,
                "extras": 0,
                "total": 0
              },
              "wickets": [
                {
                  "player_out": "Abdullah Bayoumy",
                  "fielders": [
                    {
                      "name": "G Roelofsen"
                    }
                  ],
                  "kind": "caught"
                }
              ]
            },
            {
              "batter": "O Nyaku",
              "bowler": "AL Phehlukwayo",
              "non_striker": "KI Simmonds",
              "runs": {
                "batter": 1,
                "extras": 0,
                "total": 1
              }
            },
            {
              "batter": "KI Simmonds",
              "bowler": "AL Phehlukwayo",
              "non_striker": "O Nyaku",
              "runs": {
                "batter": 0,
                "extras": 0,
                "total": 0
              }
            },
            {
              "batter": "KI Simmonds",
              "bowler": "AL Phehlukwayo",
              "non_striker": "O Nyaku",
              "runs": {
                "batter": 1,
                "extras": 0,
                "total": 1
              }
            },
            {
              "batter": "O Nyaku",
              "bowler": "AL Phehlukwayo",
              "non_striker": "KI Simmonds",
              "runs": {
                "batter": 1,
                "extras": 0,
                "total": 1
              }
            },
            {
              "batter": "KI Simmonds",
              "bowler": "AL Phehlukwayo",
              "non_striker": "O Nyaku",
              "runs": {
                "batter": 1,
                "extras": 0,
                "total": 1
              }
            }
          ]
        },
        {
          "over": 18,
          "deliveries": [
            {
              "batter": "KI Simmonds",
              "bowler": "OEG Baartman",
              "non_striker": "O Nyaku",
              "runs": {
                "batter": 2,
                "extras": 0,
                "total": 2
              }
            },
            {
              "batter": "KI Simmonds",
              "bowler": "OEG Baartman",
              "non_striker": "O Nyaku",
              "runs": {
                "batter": 1,
                "extras": 0,
                "total": 1
              }
            },
            {
              "batter": "O Nyaku",
              "bowler": "OEG Baartman",
              "non_striker": "KI Simmonds",
              "runs": {
                "batter": 1,
                "extras": 0,
                "total": 1
              }
            },
            {
              "batter": "KI Simmonds",
              "bowler": "OEG Baartman",
              "non_striker": "O Nyaku",
              "runs": {
                "batter": 0,
                "extras": 0,
                "total": 0
              }
            },
            {
              "batter": "KI Simmonds",
              "bowler": "OEG Baartman",
              "non_striker": "O Nyaku",
              "runs": {
                "batter": 2,
                "extras": 0,
                "total": 2
              }
            },
            {
              "batter": "KI Simmonds",
              "bowler": "OEG Baartman",
              "non_striker": "O Nyaku",
              "runs": {
                "batter": 1,
                "extras": 0,
                "total": 1
              }
            }
          ]
        },
        {
          "over": 19,
          "deliveries": [
            {
              "batter": "KI Simmonds",
              "bowler": "AL Phehlukwayo",
              "non_striker": "O Nyaku",
              "runs": {
                "batter": 2,
                "extras": 0,
                "total": 2
              }
            },
            {
              "batter": "KI Simmonds",
              "bowler": "AL Phehlukwayo",
              "non_striker": "O Nyaku",
              "runs": {
                "batter": 0,
                "extras": 0,
                "total": 0
              },
              "wickets": [
                {
                  "player_out": "KI Simmonds",
                  "fielders": [
                    {
                      "name": "K Zondo"
                    }
                  ],
                  "kind": "caught"
                }
              ]
            },
            {
              "batter": "BE Hendricks",
              "bowler": "AL Phehlukwayo",
              "extras": {
                "wides": 1
              },
              "non_striker": "O Nyaku",
              "runs": {
                "batter": 0,
                "extras": 1,
                "total": 1
              }
            },
            {
              "batter": "BE Hendricks",
              "bowler": "AL Phehlukwayo",
              "non_striker": "O Nyaku",
              "runs": {
                "batter": 0,
                "extras": 0,
                "total": 0
              }
            },
            {
              "batter": "BE Hendricks",
              "bowler": "AL Phehlukwayo",
              "non_striker": "O Nyaku",
              "runs": {
                "batter": 1,
                "extras": 0,
                "total": 1
              }
            },
            {
              "batter": "O Nyaku",
              "bowler": "AL Phehlukwayo",
              "extras": {
                "wides": 1
              },
              "non_striker": "BE Hendricks",
              "runs": {
                "batter": 0,
                "extras": 1,
                "total": 1
              }
            },
            {
              "batter": "O Nyaku",
              "bowler": "AL Phehlukwayo",
              "non_striker": "BE Hendricks",
              "runs": {
                "batter": 2,
                "extras": 0,
                "total": 2
              }
            },
            {
              "batter": "O Nyaku",
              "bowler": "AL Phehlukwayo",
              "non_striker": "BE Hendricks",
              "runs": {
                "batter": 1,
                "extras": 0,
                "total": 1
              },
              "wickets": [
                {
                  "player_out": "BE Hendricks",
                  "fielders": [
                    {
                      "name": "AL Phehlukwayo"
                    },
                    {
                      "name": "KA Maharaj"
                    }
                  ],
                  "kind": "run out"
                }
              ]
            }
          ]
        }
      ],
      "powerplays": [
        {
          "from": 0.1,
          "to": 5.6,
          "type": "mandatory"
        }
      ]
    },
    {
      "team": "Dolphins",
      "overs": [
        {
          "over": 0,
          "deliveries": [
            {
              "batter": "B Parsons",
              "bowler": "N Burger",
              "non_striker": "G Roelofsen",
              "runs": {
                "batter": 0,
                "extras": 0,
                "total": 0
              }
            },
            {
              "batter": "B Parsons",
              "bowler": "N Burger",
              "non_striker": "G Roelofsen",
              "runs": {
                "batter": 0,
                "extras": 0,
                "total": 0
              }
            },
            {
              "batter": "B Parsons",
              "bowler": "N Burger",
              "non_striker": "G Roelofsen",
              "runs": {
                "batter": 0,
                "extras": 0,
                "total": 0
              },
              "wickets": [
                {
                  "player_out": "B Parsons",
                  "fielders": [
                    {
                      "name": "K Verreynne"
                    }
                  ],
                  "kind": "caught"
                }
              ]
            },
            {
              "batter": "JT Smuts",
              "bowler": "N Burger",
              "non_striker": "G Roelofsen",
              "runs": {
                "batter": 0,
                "extras": 0,
                "total": 0
              }
            },
            {
              "batter": "JT Smuts",
              "bowler": "N Burger",
              "non_striker": "G Roelofsen",
              "runs": {
                "batter": 0,
                "extras": 0,
                "total": 0
              }
            },
            {
              "batter": "JT Smuts",
              "bowler": "N Burger",
              "non_striker": "G Roelofsen",
              "runs": {
                "batter": 0,
                "extras": 0,
                "total": 0
              }
            }
          ]
        },
        {
          "over": 1,
          "deliveries": [
            {
              "batter": "G Roelofsen",
              "bowler": "BE Hendricks",
              "non_striker": "JT Smuts",
              "runs": {
                "batter": 4,
                "extras": 0,
                "total": 4
              }
            },
            {
              "batter": "G Roelofsen",
              "bowler": "BE Hendricks",
              "non_striker": "JT Smuts",
              "runs": {
                "batter": 4,
                "extras": 0,
                "total": 4
              }
            },
            {
              "batter": "G Roelofsen",
              "bowler": "BE Hendricks",
              "non_striker": "JT Smuts",
              "runs": {
                "batter": 0,
                "extras": 0,
                "total": 0
              }
            },
            {
              "batter": "G Roelofsen",
              "bowler": "BE Hendricks",
              "non_striker": "JT Smuts",
              "runs": {
                "batter": 1,
                "extras": 0,
                "total": 1
              }
            },
            {
              "batter": "JT Smuts",
              "bowler": "BE Hendricks",
              "non_striker": "G Roelofsen",
              "runs": {
                "batter": 1,
                "extras": 0,
                "total": 1
              }
            },
            {
              "batter": "G Roelofsen",
              "bowler": "BE Hendricks",
              "non_striker": "JT Smuts",
              "runs": {
                "batter": 0,
                "extras": 0,
                "total": 0
              }
            }
          ]
        },
        {
          "over": 2,
          "deliveries": [
            {
              "batter": "JT Smuts",
              "bowler": "N Burger",
              "non_striker": "G Roelofsen",
              "runs": {
                "batter": 1,
                "extras": 0,
                "total": 1
              }
            },
            {
              "batter": "G Roelofsen",
              "bowler": "N Burger",
              "non_striker": "JT Smuts",
              "runs": {
                "batter": 0,
                "extras": 0,
                "total": 0
              }
            },
            {
              "batter": "G Roelofsen",
              "bowler": "N Burger",
              "non_striker": "JT Smuts",
              "runs": {
                "batter": 3,
                "extras": 0,
                "total": 3
              }
            },
            {
              "batter": "JT Smuts",
              "bowler": "N Burger",
              "non_striker": "G Roelofsen",
              "runs": {
                "batter": 0,
                "extras": 0,
                "total": 0
              }
            },
            {
              "batter": "JT Smuts",
              "bowler": "N Burger",
              "extras": {
                "wides": 1
              },
              "non_striker": "G Roelofsen",
              "runs": {
                "batter": 0,
                "extras": 1,
                "total": 1
              }
            },
            {
              "batter": "JT Smuts",
              "bowler": "N Burger",
              "non_striker": "G Roelofsen",
              "runs": {
                "batter": 0,
                "extras": 0,
                "total": 0
              }
            },
            {
              "batter": "JT Smuts",
              "bowler": "N Burger",
              "non_striker": "G Roelofsen",
              "runs": {
                "batter": 0,
                "extras": 0,
                "total": 0
              }
            }
          ]
        },
        {
          "over": 3,
          "deliveries": [
            {
              "batter": "G Roelofsen",
              "bowler": "M Nabe",
              "non_striker": "JT Smuts",
              "runs": {
                "batter": 4,
                "extras": 0,
                "total": 4
              }
            },
            {
              "batter": "G Roelofsen",
              "bowler": "M Nabe",
              "non_striker": "JT Smuts",
              "runs": {
                "batter": 0,
                "extras": 0,
                "total": 0
              }
            },
            {
              "batter": "G Roelofsen",
              "bowler": "M Nabe",
              "non_striker": "JT Smuts",
              "runs": {
                "batter": 1,
                "extras": 0,
                "total": 1
              }
            },
            {
              "batter": "JT Smuts",
              "bowler": "M Nabe",
              "non_striker": "G Roelofsen",
              "runs": {
                "batter": 4,
                "extras": 0,
                "total": 4
              }
            },
            {
              "batter": "JT Smuts",
              "bowler": "M Nabe",
              "non_striker": "G Roelofsen",
              "runs": {
                "batter": 1,
                "extras": 0,
                "total": 1
              }
            },
            {
              "batter": "G Roelofsen",
              "bowler": "M Nabe",
              "non_striker": "JT Smuts",
              "runs": {
                "batter": 0,
                "extras": 0,
                "total": 0
              },
              "wickets": [
                {
                  "player_out": "G Roelofsen",
                  "fielders": [
                    {
                      "name": "T de Zorzi"
                    }
                  ],
                  "kind": "caught"
                }
              ]
            }
          ]
        },
        {
          "over": 4,
          "deliveries": [
            {
              "batter": "JT Smuts",
              "bowler": "KI Simmonds",
              "non_striker": "BG Porteous",
              "runs": {
                "batter": 0,
                "extras": 0,
                "total": 0
              },
              "wickets": [
                {
                  "player_out": "JT Smuts",
                  "kind": "bowled"
                }
              ]
            },
            {
              "batter": "K Zondo",
              "bowler": "KI Simmonds",
              "extras": {
                "byes": 2
              },
              "non_striker": "BG Porteous",
              "runs": {
                "batter": 0,
                "extras": 2,
                "total": 2
              }
            },
            {
              "batter": "K Zondo",
              "bowler": "KI Simmonds",
              "non_striker": "BG Porteous",
              "runs": {
                "batter": 0,
                "extras": 0,
                "total": 0
              }
            },
            {
              "batter": "K Zondo",
              "bowler": "KI Simmonds",
              "non_striker": "BG Porteous",
              "runs": {
                "batter": 0,
                "extras": 0,
                "total": 0
              }
            },
            {
              "batter": "K Zondo",
              "bowler": "KI Simmonds",
              "non_striker": "BG Porteous",
              "runs": {
                "batter": 2,
                "extras": 0,
                "total": 2
              }
            },
            {
              "batter": "K Zondo",
              "bowler": "KI Simmonds",
              "non_striker": "BG Porteous",
              "runs": {
                "batter": 1,
                "extras": 0,
                "total": 1
              }
            }
          ]
        },
        {
          "over": 5,
          "deliveries": [
            {
              "batter": "K Zondo",
              "bowler": "M Nabe",
              "extras": {
                "legbyes": 1
              },
              "non_striker": "BG Porteous",
              "runs": {
                "batter": 0,
                "extras": 1,
                "total": 1
              }
            },
            {
              "batter": "BG Porteous",
              "bowler": "M Nabe",
              "extras": {
                "wides": 1
              },
              "non_striker": "K Zondo",
              "runs": {
                "batter": 0,
                "extras": 1,
                "total": 1
              }
            },
            {
              "batter": "BG Porteous",
              "bowler": "M Nabe",
              "non_striker": "K Zondo",
              "runs": {
                "batter": 0,
                "extras": 0,
                "total": 0
              }
            },
            {
              "batter": "BG Porteous",
              "bowler": "M Nabe",
              "non_striker": "K Zondo",
              "runs": {
                "batter": 4,
                "extras": 0,
                "total": 4
              }
            },
            {
              "batter": "BG Porteous",
              "bowler": "M Nabe",
              "non_striker": "K Zondo",
              "runs": {
                "batter": 0,
                "extras": 0,
                "total": 0
              }
            },
            {
              "batter": "BG Porteous",
              "bowler": "M Nabe",
              "non_striker": "K Zondo",
              "runs": {
                "batter": 0,
                "extras": 0,
                "total": 0
              }
            },
            {
              "batter": "BG Porteous",
              "bowler": "M Nabe",
              "non_striker": "K Zondo",
              "runs": {
                "batter": 1,
                "extras": 0,
                "total": 1
              }
            }
          ]
        },
        {
          "over": 6,
          "deliveries": [
            {
              "batter": "BG Porteous",
              "bowler": "KI Simmonds",
              "non_striker": "K Zondo",
              "runs": {
                "batter": 0,
                "extras": 0,
                "total": 0
              }
            },
            {
              "batter": "BG Porteous",
              "bowler": "KI Simmonds",
              "non_striker": "K Zondo",
              "runs": {
                "batter": 0,
                "extras": 0,
                "total": 0
              }
            },
            {
              "batter": "BG Porteous",
              "bowler": "KI Simmonds",
              "non_striker": "K Zondo",
              "runs": {
                "batter": 0,
                "extras": 0,
                "total": 0
              }
            },
            {
              "batter": "BG Porteous",
              "bowler": "KI Simmonds",
              "non_striker": "K Zondo",
              "runs": {
                "batter": 1,
                "extras": 0,
                "total": 1
              }
            },
            {
              "batter": "K Zondo",
              "bowler": "KI Simmonds",
              "non_striker": "BG Porteous",
              "runs": {
                "batter": 1,
                "extras": 0,
                "total": 1
              }
            },
            {
              "batter": "BG Porteous",
              "bowler": "KI Simmonds",
              "non_striker": "K Zondo",
              "runs": {
                "batter": 1,
                "extras": 0,
                "total": 1
              }
            }
          ]
        },
        {
          "over": 7,
          "deliveries": [
            {
              "batter": "BG Porteous",
              "bowler": "BE Hendricks",
              "non_striker": "K Zondo",
              "runs": {
                "batter": 0,
                "extras": 0,
                "total": 0
              }
            },
            {
              "batter": "BG Porteous",
              "bowler": "BE Hendricks",
              "non_striker": "K Zondo",
              "runs": {
                "batter": 4,
                "extras": 0,
                "total": 4
              }
            },
            {
              "batter": "BG Porteous",
              "bowler": "BE Hendricks",
              "non_striker": "K Zondo",
              "runs": {
                "batter": 1,
                "extras": 0,
                "total": 1
              }
            },
            {
              "batter": "K Zondo",
              "bowler": "BE Hendricks",
              "non_striker": "BG Porteous",
              "runs": {
                "batter": 1,
                "extras": 0,
                "total": 1
              }
            },
            {
              "batter": "BG Porteous",
              "bowler": "BE Hendricks",
              "non_striker": "K Zondo",
              "runs": {
                "batter": 6,
                "extras": 0,
                "total": 6
              }
            },
            {
              "batter": "BG Porteous",
              "bowler": "BE Hendricks",
              "non_striker": "K Zondo",
              "runs": {
                "batter": 0,
                "extras": 0,
                "total": 0
              }
            }
          ]
        },
        {
          "over": 8,
          "deliveries": [
            {
              "batter": "K Zondo",
              "bowler": "M Mpongwana",
              "non_striker": "BG Porteous",
              "runs": {
                "batter": 1,
                "extras": 0,
                "total": 1
              }
            },
            {
              "batter": "BG Porteous",
              "bowler": "M Mpongwana",
              "non_striker": "K Zondo",
              "runs": {
                "batter": 0,
                "extras": 0,
                "total": 0
              }
            },
            {
              "batter": "BG Porteous",
              "bowler": "M Mpongwana",
              "non_striker": "K Zondo",
              "runs": {
                "batter": 1,
                "extras": 0,
                "total": 1
              }
            },
            {
              "batter": "K Zondo",
              "bowler": "M Mpongwana",
              "non_striker": "BG Porteous",
              "runs": {
                "batter": 0,
                "extras": 0,
                "total": 0
              }
            },
            {
              "batter": "K Zondo",
              "bowler": "M Mpongwana",
              "non_striker": "BG Porteous",
              "runs": {
                "batter": 1,
                "extras": 0,
                "total": 1
              }
            },
            {
              "batter": "BG Porteous",
              "bowler": "M Mpongwana",
              "non_striker": "K Zondo",
              "runs": {
                "batter": 1,
                "extras": 0,
                "total": 1
              }
            }
          ]
        },
        {
          "over": 9,
          "deliveries": [
            {
              "batter": "BG Porteous",
              "bowler": "KI Simmonds",
              "non_striker": "K Zondo",
              "runs": {
                "batter": 0,
                "extras": 0,
                "total": 0
              },
              "wickets": [
                {
                  "player_out": "BG Porteous",
                  "kind": "bowled"
                }
              ]
            },
            {
              "batter": "JF Smith",
              "bowler": "KI Simmonds",
              "non_striker": "K Zondo",
              "runs": {
                "batter": 2,
                "extras": 0,
                "total": 2
              }
            },
            {
              "batter": "JF Smith",
              "bowler": "KI Simmonds",
              "non_striker": "K Zondo",
              "runs": {
                "batter": 0,
                "extras": 0,
                "total": 0
              }
            },
            {
              "batter": "JF Smith",
              "bowler": "KI Simmonds",
              "non_striker": "K Zondo",
              "runs": {
                "batter": 1,
                "extras": 0,
                "total": 1
              }
            },
            {
              "batter": "K Zondo",
              "bowler": "KI Simmonds",
              "non_striker": "JF Smith",
              "runs": {
                "batter": 1,
                "extras": 0,
                "total": 1
              }
            },
            {
              "batter": "JF Smith",
              "bowler": "KI Simmonds",
              "non_striker": "K Zondo",
              "runs": {
                "batter": 1,
                "extras": 0,
                "total": 1
              }
            }
          ]
        },
        {
          "over": 10,
          "deliveries": [
            {
              "batter": "JF Smith",
              "bowler": "O Nyaku",
              "non_striker": "K Zondo",
              "runs": {
                "batter": 0,
                "extras": 0,
                "total": 0
              }
            },
            {
              "batter": "JF Smith",
              "bowler": "O Nyaku",
              "non_striker": "K Zondo",
              "runs": {
                "batter": 6,
                "extras": 0,
                "total": 6
              }
            },
            {
              "batter": "JF Smith",
              "bowler": "O Nyaku",
              "non_striker": "K Zondo",
              "runs": {
                "batter": 1,
                "extras": 0,
                "total": 1
              }
            },
            {
              "batter": "K Zondo",
              "bowler": "O Nyaku",
              "non_striker": "JF Smith",
              "runs": {
                "batter": 0,
                "extras": 0,
                "total": 0
              }
            },
            {
              "batter": "K Zondo",
              "bowler": "O Nyaku",
              "non_striker": "JF Smith",
              "runs": {
                "batter": 1,
                "extras": 0,
                "total": 1
              }
            },
            {
              "batter": "JF Smith",
              "bowler": "O Nyaku",
              "non_striker": "K Zondo",
              "runs": {
                "batter": 2,
                "extras": 0,
                "total": 2
              }
            }
          ]
        },
        {
          "over": 11,
          "deliveries": [
            {
              "batter": "K Zondo",
              "bowler": "M Mpongwana",
              "non_striker": "JF Smith",
              "runs": {
                "batter": 1,
                "extras": 0,
                "total": 1
              }
            },
            {
              "batter": "JF Smith",
              "bowler": "M Mpongwana",
              "non_striker": "K Zondo",
              "runs": {
                "batter": 0,
                "extras": 0,
                "total": 0
              }
            },
            {
              "batter": "JF Smith",
              "bowler": "M Mpongwana",
              "non_striker": "K Zondo",
              "runs": {
                "batter": 0,
                "extras": 0,
                "total": 0
              }
            },
            {
              "batter": "JF Smith",
              "bowler": "M Mpongwana",
              "non_striker": "K Zondo",
              "runs": {
                "batter": 1,
                "extras": 0,
                "total": 1
              }
            },
            {
              "batter": "K Zondo",
              "bowler": "M Mpongwana",
              "non_striker": "JF Smith",
              "runs": {
                "batter": 4,
                "extras": 0,
                "total": 4
              }
            },
            {
              "batter": "K Zondo",
              "bowler": "M Mpongwana",
              "non_striker": "JF Smith",
              "runs": {
                "batter": 1,
                "extras": 0,
                "total": 1
              }
            }
          ]
        },
        {
          "over": 12,
          "deliveries": [
            {
              "batter": "K Zondo",
              "bowler": "KI Simmonds",
              "non_striker": "JF Smith",
              "runs": {
                "batter": 1,
                "extras": 0,
                "total": 1
              }
            },
            {
              "batter": "JF Smith",
              "bowler": "KI Simmonds",
              "non_striker": "K Zondo",
              "runs": {
                "batter": 1,
                "extras": 0,
                "total": 1
              }
            },
            {
              "batter": "K Zondo",
              "bowler": "KI Simmonds",
              "non_striker": "JF Smith",
              "runs": {
                "batter": 1,
                "extras": 0,
                "total": 1
              }
            },
            {
              "batter": "JF Smith",
              "bowler": "KI Simmonds",
              "non_striker": "K Zondo",
              "runs": {
                "batter": 1,
                "extras": 0,
                "total": 1
              }
            },
            {
              "batter": "K Zondo",
              "bowler": "KI Simmonds",
              "non_striker": "JF Smith",
              "runs": {
                "batter": 1,
                "extras": 0,
                "total": 1
              }
            },
            {
              "batter": "JF Smith",
              "bowler": "KI Simmonds",
              "non_striker": "K Zondo",
              "runs": {
                "batter": 2,
                "extras": 0,
                "total": 2
              }
            }
          ]
        },
        {
          "over": 13,
          "deliveries": [
            {
              "batter": "K Zondo",
              "bowler": "N Burger",
              "non_striker": "JF Smith",
              "runs": {
                "batter": 1,
                "extras": 0,
                "total": 1
              }
            },
            {
              "batter": "JF Smith",
              "bowler": "N Burger",
              "extras": {
                "legbyes": 1
              },
              "non_striker": "K Zondo",
              "runs": {
                "batter": 0,
                "extras": 1,
                "total": 1
              }
            },
            {
              "batter": "K Zondo",
              "bowler": "N Burger",
              "non_striker": "JF Smith",
              "runs": {
                "batter": 0,
                "extras": 0,
                "total": 0
              }
            },
            {
              "batter": "K Zondo",
              "bowler": "N Burger",
              "non_striker": "JF Smith",
              "runs": {
                "batter": 1,
                "extras": 0,
                "total": 1
              }
            },
            {
              "batter": "JF Smith",
              "bowler": "N Burger",
              "non_striker": "K Zondo",
              "runs": {
                "batter": 1,
                "extras": 0,
                "total": 1
              }
            },
            {
              "batter": "K Zondo",
              "bowler": "N Burger",
              "non_striker": "JF Smith",
              "runs": {
                "batter": 0,
                "extras": 0,
                "total": 0
              }
            }
          ]
        },
        {
          "over": 14,
          "deliveries": [
            {
              "batter": "JF Smith",
              "bowler": "M Nabe",
              "non_striker": "K Zondo",
              "runs": {
                "batter": 6,
                "extras": 0,
                "total": 6
              }
            },
            {
              "batter": "JF Smith",
              "bowler": "M Nabe",
              "non_striker": "K Zondo",
              "runs": {
                "batter": 2,
                "extras": 0,
                "total": 2
              }
            },
            {
              "batter": "JF Smith",
              "bowler": "M Nabe",
              "non_striker": "K Zondo",
              "runs": {
                "batter": 0,
                "extras": 0,
                "total": 0
              },
              "wickets": [
                {
                  "player_out": "JF Smith",
                  "fielders": [
                    {
                      "name": "Abdullah Bayoumy"
                    }
                  ],
                  "kind": "caught"
                }
              ]
            },
            {
              "batter": "AL Phehlukwayo",
              "bowler": "M Nabe",
              "non_striker": "K Zondo",
              "runs": {
                "batter": 6,
                "extras": 0,
                "total": 6
              }
            },
            {
              "batter": "AL Phehlukwayo",
              "bowler": "M Nabe",
              "extras": {
                "wides": 1
              },
              "non_striker": "K Zondo",
              "runs": {
                "batter": 0,
                "extras": 1,
                "total": 1
              }
            },
            {
              "batter": "AL Phehlukwayo",
              "bowler": "M Nabe",
              "non_striker": "K Zondo",
              "runs": {
                "batter": 0,
                "extras": 0,
                "total": 0
              }
            },
            {
              "batter": "AL Phehlukwayo",
              "bowler": "M Nabe",
              "non_striker": "K Zondo",
              "runs": {
                "batter": 1,
                "extras": 0,
                "total": 1
              }
            }
          ]
        },
        {
          "over": 15,
          "deliveries": [
            {
              "batter": "AL Phehlukwayo",
              "bowler": "M Mpongwana",
              "non_striker": "K Zondo",
              "runs": {
                "batter": 0,
                "extras": 0,
                "total": 0
              }
            },
            {
              "batter": "AL Phehlukwayo",
              "bowler": "M Mpongwana",
              "extras": {
                "wides": 1
              },
              "non_striker": "K Zondo",
              "runs": {
                "batter": 0,
                "extras": 1,
                "total": 1
              }
            },
            {
              "batter": "AL Phehlukwayo",
              "bowler": "M Mpongwana",
              "extras": {
                "noballs": 1
              },
              "non_striker": "K Zondo",
              "runs": {
                "batter": 0,
                "extras": 1,
                "total": 1
              }
            },
            {
              "batter": "AL Phehlukwayo",
              "bowler": "M Mpongwana",
              "non_striker": "K Zondo",
              "runs": {
                "batter": 4,
                "extras": 0,
                "total": 4
              }
            },
            {
              "batter": "AL Phehlukwayo",
              "bowler": "M Mpongwana",
              "non_striker": "K Zondo",
              "runs": {
                "batter": 0,
                "extras": 0,
                "total": 0
              },
              "wickets": [
                {
                  "player_out": "AL Phehlukwayo",
                  "kind": "bowled"
                }
              ]
            },
            {
              "batter": "KA Maharaj",
              "bowler": "M Mpongwana",
              "non_striker": "K Zondo",
              "runs": {
                "batter": 1,
                "extras": 0,
                "total": 1
              }
            },
            {
              "batter": "K Zondo",
              "bowler": "M Mpongwana",
              "non_striker": "KA Maharaj",
              "runs": {
                "batter": 0,
                "extras": 0,
                "total": 0
              },
              "wickets": [
                {
                  "player_out": "K Zondo",
                  "kind": "caught and bowled"
                }
              ]
            },
            {
              "batter": "P Subrayen",
              "bowler": "M Mpongwana",
              "non_striker": "KA Maharaj",
              "runs": {
                "batter": 4,
                "extras": 0,
                "total": 4
              }
            }
          ]
        },
        {
          "over": 16,
          "deliveries": [
            {
              "batter": "KA Maharaj",
              "bowler": "M Nabe",
              "non_striker": "P Subrayen",
              "runs": {
                "batter": 1,
                "extras": 0,
                "total": 1
              }
            },
            {
              "batter": "P Subrayen",
              "bowler": "M Nabe",
              "non_striker": "KA Maharaj",
              "runs": {
                "batter": 1,
                "extras": 0,
                "total": 1
              }
            },
            {
              "batter": "KA Maharaj",
              "bowler": "M Nabe",
              "non_striker": "P Subrayen",
              "runs": {
                "batter": 1,
                "extras": 0,
                "total": 1
              }
            },
            {
              "batter": "P Subrayen",
              "bowler": "M Nabe",
              "non_striker": "KA Maharaj",
              "runs": {
                "batter": 1,
                "extras": 0,
                "total": 1
              }
            },
            {
              "batter": "KA Maharaj",
              "bowler": "M Nabe",
              "non_striker": "P Subrayen",
              "runs": {
                "batter": 1,
                "extras": 0,
                "total": 1
              }
            },
            {
              "batter": "P Subrayen",
              "bowler": "M Nabe",
              "non_striker": "KA Maharaj",
              "runs": {
                "batter": 0,
                "extras": 0,
                "total": 0
              }
            }
          ]
        },
        {
          "over": 17,
          "deliveries": [
            {
              "batter": "KA Maharaj",
              "bowler": "BE Hendricks",
              "extras": {
                "wides": 1
              },
              "non_striker": "P Subrayen",
              "runs": {
                "batter": 0,
                "extras": 1,
                "total": 1
              }
            },
            {
              "batter": "KA Maharaj",
              "bowler": "BE Hendricks",
              "non_striker": "P Subrayen",
              "runs": {
                "batter": 0,
                "extras": 0,
                "total": 0
              }
            },
            {
              "batter": "KA Maharaj",
              "bowler": "BE Hendricks",
              "non_striker": "P Subrayen",
              "runs": {
                "batter": 1,
                "extras": 0,
                "total": 1
              }
            },
            {
              "batter": "P Subrayen",
              "bowler": "BE Hendricks",
              "non_striker": "KA Maharaj",
              "runs": {
                "batter": 0,
                "extras": 0,
                "total": 0
              }
            },
            {
              "batter": "P Subrayen",
              "bowler": "BE Hendricks",
              "non_striker": "KA Maharaj",
              "runs": {
                "batter": 1,
                "extras": 0,
                "total": 1
              }
            },
            {
              "batter": "KA Maharaj",
              "bowler": "BE Hendricks",
              "non_striker": "P Subrayen",
              "runs": {
                "batter": 1,
                "extras": 0,
                "total": 1
              }
            },
            {
              "batter": "P Subrayen",
              "bowler": "BE Hendricks",
              "non_striker": "KA Maharaj",
              "runs": {
                "batter": 1,
                "extras": 0,
                "total": 1
              }
            }
          ]
        },
        {
          "over": 18,
          "deliveries": [
            {
              "batter": "P Subrayen",
              "bowler": "N Burger",
              "non_striker": "KA Maharaj",
              "runs": {
                "batter": 1,
                "extras": 0,
                "total": 1
              }
            },
            {
              "batter": "KA Maharaj",
              "bowler": "N Burger",
              "non_striker": "P Subrayen",
              "runs": {
                "batter": 1,
                "extras": 0,
                "total": 1
              }
            },
            {
              "batter": "P Subrayen",
              "bowler": "N Burger",
              "non_striker": "KA Maharaj",
              "runs": {
                "batter": 1,
                "extras": 0,
                "total": 1
              }
            },
            {
              "batter": "KA Maharaj",
              "bowler": "N Burger",
              "non_striker": "P Subrayen",
              "runs": {
                "batter": 1,
                "extras": 0,
                "total": 1
              }
            },
            {
              "batter": "P Subrayen",
              "bowler": "N Burger",
              "non_striker": "KA Maharaj",
              "runs": {
                "batter": 0,
                "extras": 0,
                "total": 0
              }
            },
            {
              "batter": "P Subrayen",
              "bowler": "N Burger",
              "non_striker": "KA Maharaj",
              "runs": {
                "batter": 1,
                "extras": 0,
                "total": 1
              }
            }
          ]
        },
        {
          "over": 19,
          "deliveries": [
            {
              "batter": "P Subrayen",
              "bowler": "BE Hendricks",
              "non_striker": "KA Maharaj",
              "runs": {
                "batter": 2,
                "extras": 0,
                "total": 2
              }
            },
            {
              "batter": "P Subrayen",
              "bowler": "BE Hendricks",
              "non_striker": "KA Maharaj",
              "runs": {
                "batter": 6,
                "extras": 0,
                "total": 6
              }
            },
            {
              "batter": "P Subrayen",
              "bowler": "BE Hendricks",
              "extras": {
                "byes": 1
              },
              "non_striker": "KA Maharaj",
              "runs": {
                "batter": 0,
                "extras": 1,
                "total": 1
              }
            },
            {
              "batter": "KA Maharaj",
              "bowler": "BE Hendricks",
              "extras": {
                "wides": 1
              },
              "non_striker": "P Subrayen",
              "runs": {
                "batter": 0,
                "extras": 1,
                "total": 1
              }
            },
            {
              "batter": "KA Maharaj",
              "bowler": "BE Hendricks",
              "non_striker": "P Subrayen",
              "runs": {
                "batter": 0,
                "extras": 0,
                "total": 0
              }
            },
            {
              "batter": "KA Maharaj",
              "bowler": "BE Hendricks",
              "non_striker": "P Subrayen",
              "runs": {
                "batter": 4,
                "extras": 0,
                "total": 4
              }
            },
            {
              "batter": "KA Maharaj",
              "bowler": "BE Hendricks",
              "non_striker": "P Subrayen",
              "runs": {
                "batter": 1,
                "extras": 0,
                "total": 1
              }
            }
          ]
        }
      ],
      "powerplays": [
        {
          "from": 0.1,
          "to": 5.7,
          "type": "mandatory"
        }
      ],
      "target": {
        "overs": 20,
        "runs": 149
      }
    }
  ]
}