{
  "meta": {
    "data_version": "1.1.0",
    "created": "2024-10-02",
    "revision": 1
  },
  "info": {
    "balls_per_over": 6,
    "city": "Johannesburg",
    "dates": [
      "2024-09-27"
    ],
    "event": {
      "name": "CSA T20 Challenge",
      "match_number": 1
    },
    "gender": "male",
    "match_type": "T20",
    "officials": {
      "match_referees": [
        "SB Lambson"
      ],
      "reserve_umpires": [
        "PJ Vosloo"
      ],
      "tv_umpires": [
        "BM White"
      ],
      "umpires": [
        "BP Jele",
        "Siphelele Gasa"
      ]
    },
    "outcome": {
      "winner": "Titans",
      "by": {
        "runs": 117
      }
    },
    "overs": 20,
    "players": {
      "Titans": [
        "LG Pretorius",
        "R Moonsamy",
        "KD Petersen",
        "D Brevis",
        "D Ferreira",
        "BS Makhanya",
        "Dayyaan Galiem",
        "C Bosch",
        "RE van der Merwe",
        "CJ Dala",
        "Tsepo Ndwandwa"
      ],
      "Lions": [
        "Zubayr Hamza",
        "W Makwetu",
        "M Manack",
        "M Van Buuren",
        "C Esterhuizen",
        "D Potgieter",
        "E Jones",
        "Codi Yusuf",
        "L Sipamla",
        "KT Maphaka",
        "J Dawood"
      ]
    },
    "registry": {
      "people": {
        "BM White": "66c21d35",
        "BP Jele": "7bb1331e",
        "BS Makhanya": "1b42a100",
        "C Bosch": "172dff15",
        "C Esterhuizen": "ef9acbcc",
        "CJ Dala": "1cb14aa4",
        "Codi Yusuf": "f2397e48",
        "D Brevis": "844e79d1",
        "D Ferreira": "f0af99a7",
        "D Potgieter": "60fbf53a",
        "Dayyaan Galiem": "47c449c5",
        "E Jones": "fbfea9c2",
        "J Dawood": "a2316f90",
        "KD Petersen": "bf64dc29",
        "KT Maphaka": "107c26fb",
        "L Sipamla": "f892fcf9",
        "LG Pretorius": "60aa2db3",
        "M Manack": "2cd3b457",
        "M Van Buuren": "46e4a4e0",
        "PJ Vosloo": "93a6d2d0",
        "R Moonsamy": "29e676b0",
        "RE van der Merwe": "05c2ca46",
        "SB Lambson": "4146063f",
        "Siphelele Gasa": "e50baa87",
        "Tsepo Ndwandwa": "be3ffb65",
        "W Makwetu": "ae53180e",
        "Zubayr Hamza": "22feee04"
      }
    },
    "season": "2024/25",
    "team_type": "club",
    "teams": [
      "Titans",
      "Lions"
    ],
    "toss": {
      "decision": "field",
      "winner": "Lions"
    },
    "venue": "The Wanderers Stadium, Johannesburg"
  },
  "innings": [
    {
      "team": "Titans",
      "overs": [
        {
          "over": 0,
          "deliveries": [
            {
              "batter": "LG Pretorius",
              "bowler": "Codi Yusuf",
              "non_striker": "R Moonsamy",
              "runs": {
                "batter": 0,
                "extras": 0,
                "total": 0
              }
            },
            {
              "batter": "LG Pretorius",
              "bowler": "Codi Yusuf",
              "non_striker": "R Moonsamy",
              "runs": {
                "batter": 0,
                "extras": 0,
                "total": 0
              }
            },
            {
              "batter": "LG Pretorius",
              "bowler": "Codi Yusuf",
              "non_striker": "R Moonsamy",
              "runs": {
                "batter": 0,
                "extras": 0,
                "total": 0
              }
            },
            {
              "batter": "LG Pretorius",
              "bowler": "Codi Yusuf",
              "non_striker": "R Moonsamy",
              "runs": {
                "batter": 0,
                "extras": 0,
                "total": 0
              }
            },
            {
              "batter": "LG Pretorius",
              "bowler": "Codi Yusuf",
              "extras": {
                "noballs": 1
              },
              "non_striker": "R Moonsamy",
              "runs": {
                "batter": 4,
                "extras": 1,
                "total": 5
              }
            },
            {
              "batter": "LG Pretorius",
              "bowler": "Codi Yusuf",
              "non_striker": "R Moonsamy",
              "runs": {
                "batter": 4,
                "extras": 0,
                "total": 4
              }
            },
            {
              "batter": "LG Pretorius",
              "bowler": "Codi Yusuf",
              "non_striker": "R Moonsamy",
              "runs": {
                "batter": 6,
                "extras": 0,
                "total": 6
              }
            }
          ]
        },
        {
          "over": 1,
          "deliveries": [
            {
              "batter": "R Moonsamy",
              "bowler": "KT Maphaka",
              "non_striker": "LG Pretorius",
              "runs": {
                "batter": 4,
                "extras": 0,
                "total": 4
              }
            },
            {
              "batter": "R Moonsamy",
              "bowler": "KT Maphaka",
              "non_striker": "LG Pretorius",
              "runs": {
                "batter": 0,
                "extras": 0,
                "total": 0
              },
              "wickets": [
                {
                  "player_out": "R Moonsamy",
                  "kind": "bowled"
                }
              ]
            },
            {
              "batter": "KD Petersen",
              "bowler": "KT Maphaka",
              "non_striker": "LG Pretorius",
              "runs": {
                "batter": 0,
                "extras": 0,
                "total": 0
              }
            },
            {
              "batter": "KD Petersen",
              "bowler": "KT Maphaka",
              "non_striker": "LG Pretorius",
              "runs": {
                "batter": 4,
                "extras": 0,
                "total": 4
              }
            },
            {
              "batter": "KD Petersen",
              "bowler": "KT Maphaka",
              "non_striker": "LG Pretorius",
              "runs": {
                "batter": 0,
                "extras": 0,
                "total": 0
              }
            },
            {
              "batter": "KD Petersen",
              "bowler": "KT Maphaka",
              "non_striker": "LG Pretorius",
              "runs": {
                "batter": 4,
                "extras": 0,
                "total": 4
              }
            }
          ]
        },
        {
          "over": 2,
          "deliveries": [
            {
              "batter": "LG Pretorius",
              "bowler": "E Jones",
              "non_striker": "KD Petersen",
              "runs": {
                "batter": 0,
                "extras": 0,
                "total": 0
              }
            },
            {
              "batter": "LG Pretorius",
              "bowler": "E Jones",
              "non_striker": "KD Petersen",
              "runs": {
                "batter": 6,
                "extras": 0,
                "total": 6
              }
            },
            {
              "batter": "LG Pretorius",
              "bowler": "E Jones",
              "non_striker": "KD Petersen",
              "runs": {
                "batter": 1,
                "extras": 0,
                "total": 1
              }
            },
            {
              "batter": "KD Petersen",
              "bowler": "E Jones",
              "non_striker": "LG Pretorius",
              "runs": {
                "batter": 4,
                "extras": 0,
                "total": 4
              }
            },
            {
              "batter": "KD Petersen",
              "bowler": "E Jones",
              "non_striker": "LG Pretorius",
              "runs": {
                "batter": 1,
                "extras": 0,
                "total": 1
              }
            },
            {
              "batter": "LG Pretorius",
              "bowler": "E Jones",
              "non_striker": "KD Petersen",
              "runs": {
                "batter": 0,
                "extras": 0,
                "total": 0
              }
            }
          ]
        },
        {
          "over": 3,
          "deliveries": [
            {
              "batter": "KD Petersen",
              "bowler": "KT Maphaka",
              "non_striker": "LG Pretorius",
              "runs": {
                "batter": 0,
                "extras": 0,
                "total": 0
              }
            },
            {
              "batter": "KD Petersen",
              "bowler": "KT Maphaka",
              "non_striker": "LG Pretorius",
              "runs": {
                "batter": 0,
                "extras": 0,
                "total": 0
              }
            },
            {
              "batter": "KD Petersen",
              "bowler": "KT Maphaka",
              "non_striker": "LG Pretorius",
              "runs": {
                "batter": 4,
                "extras": 0,
                "total": 4
              }
            },
            {
              "batter": "KD Petersen",
              "bowler": "KT Maphaka",
              "non_striker": "LG Pretorius",
              "runs": {
                "batter": 1,
                "extras": 0,
                "total": 1
              }
            },
            {
              "batter": "LG Pretorius",
              "bowler": "KT Maphaka",
              "non_striker": "KD Petersen",
              "runs": {
                "batter": 0,
                "extras": 0,
                "total": 0
              }
            },
            {
              "batter": "LG Pretorius",
              "bowler": "KT Maphaka",
              "non_striker": "KD Petersen",
              "runs": {
                "batter": 4,
                "extras": 0,
                "total": 4
              }
            }
          ]
        },
        {
          "over": 4,
          "deliveries": [
            {
              "batter": "KD Petersen",
              "bowler": "L Sipamla",
              "non_striker": "LG Pretorius",
              "runs": {
                "batter": 0,
                "extras": 0,
                "total": 0
              }
            },
            {
              "batter": "KD Petersen",
              "bowler": "L Sipamla",
              "non_striker": "LG Pretorius",
              "runs": {
                "batter": 1,
                "extras": 0,
                "total": 1
              }
            },
            {
              "batter": "LG Pretorius",
              "bowler": "L Sipamla",
              "non_striker": "KD Petersen",
              "runs": {
                "batter": 4,
                "extras": 0,
                "total": 4
              }
            },
            {
              "batter": "LG Pretorius",
              "bowler": "L Sipamla",
              "extras": {
                "wides": 1
              },
              "non_striker": "KD Petersen",
              "runs": {
                "batter": 0,
                "extras": 1,
                "total": 1
              }
            },
            {
              "batter": "LG Pretorius",
              "bowler": "L Sipamla",
              "non_striker": "KD Petersen",
              "runs": {
                "batter": 4,
                "extras": 0,
                "total": 4
              }
            },
            {
              "batter": "LG Pretorius",
              "bowler": "L Sipamla",
              "non_striker": "KD Petersen",
              "runs": {
                "batter": 4,
                "extras": 0,
                "total": 4
              }
            },
            {
              "batter": "LG Pretorius",
              "bowler": "L Sipamla",
              "non_striker": "KD Petersen",
              "runs": {
                "batter": 0,
                "extras": 0,
                "total": 0
              }
            }
          ]
        },
        {
          "over": 5,
          "deliveries": [
            {
              "batter": "KD Petersen",
              "bowler": "Codi Yusuf",
              "extras": {
                "noballs": 1
              },
              "non_striker": "LG Pretorius",
              "runs": {
                "batter": 0,
                "extras": 1,
                "total": 1
              }
            },
            {
              "batter": "KD Petersen",
              "bowler": "Codi Yusuf",
              "extras": {
                "byes": 4
              },
              "non_striker": "LG Pretorius",
              "runs": {
                "batter": 0,
                "extras": 4,
                "total": 4
              }
            },
            {
              "batter": "KD Petersen",
              "bowler": "Codi Yusuf",
              "extras": {
                "wides": 1
              },
              "non_striker": "LG Pretorius",
              "runs": {
                "batter": 0,
                "extras": 1,
                "total": 1
              }
            },
            {
              "batter": "KD Petersen",
              "bowler": "Codi Yusuf",
              "non_striker": "LG Pretorius",
              "runs": {
                "batter": 1,
                "extras": 0,
                "total": 1
              }
            },
            {
              "batter": "LG Pretorius",
              "bowler": "Codi Yusuf",
              "non_striker": "KD Petersen",
              "runs": {
                "batter": 1,
                "extras": 0,
                "total": 1
              }
            },
            {
              "batter": "KD Petersen",
              "bowler": "Codi Yusuf",
              "non_striker": "LG Pretorius",
              "runs": {
                "batter": 1,
                "extras": 0,
                "total": 1
              }
            },
            {
              "batter": "LG Pretorius",
              "bowler": "Codi Yusuf",
              "non_striker": "KD Petersen",
              "runs": {
                "batter": 0,
                "extras": 0,
                "total": 0
              }
            },
            {
              "batter": "LG Pretorius",
              "bowler": "Codi Yusuf",
              "extras": {
                "noballs": 1
              },
              "non_striker": "KD Petersen",
              "runs": {
                "batter": 1,
                "extras": 1,
                "total": 2
              }
            },
            {
              "batter": "KD Petersen",
              "bowler": "Codi Yusuf",
              "non_striker": "LG Pretorius",
              "runs": {
                "batter": 4,
                "extras": 0,
                "total": 4
              }
            }
          ]
        },
        {
          "over": 6,
          "deliveries": [
            {
              "batter": "LG Pretorius",
              "bowler": "J Dawood",
              "non_striker": "KD Petersen",
              "runs": {
                "batter": 6,
                "extras": 0,
                "total": 6
              }
            },
            {
              "batter": "LG Pretorius",
              "bowler": "J Dawood",
              "extras": {
                "legbyes": 1
              },
              "non_striker": "KD Petersen",
              "runs": {
                "batter": 0,
                "extras": 1,
                "total": 1
              }
            },
            {
              "batter": "KD Petersen",
              "bowler": "J Dawood",
              "non_striker": "LG Pretorius",
              "runs": {
                "batter": 0,
                "extras": 0,
                "total": 0
              }
            },
            {
              "batter": "KD Petersen",
              "bowler": "J Dawood",
              "non_striker": "LG Pretorius",
              "runs": {
                "batter": 6,
                "extras": 0,
                "total": 6
              }
            },
            {
              "batter": "KD Petersen",
              "bowler": "J Dawood",
              "non_striker": "LG Pretorius",
              "runs": {
                "batter": 1,
                "extras": 0,
                "total": 1
              }
            },
            {
              "batter": "LG Pretorius",
              "bowler": "J Dawood",
              "non_striker": "KD Petersen",
              "runs": {
                "batter": 4,
                "extras": 0,
                "total": 4
              }
            }
          ]
        },
        {
          "over": 7,
          "deliveries": [
            {
              "batter": "KD Petersen",
              "bowler": "D Potgieter",
              "non_striker": "LG Pretorius",
              "runs": {
                "batter": 2,
                "extras": 0,
                "total": 2
              }
            },
            {
              "batter": "KD Petersen",
              "bowler": "D Potgieter",
              "non_striker": "LG Pretorius",
              "runs": {
                "batter": 1,
                "extras": 0,
                "total": 1
              }
            },
            {
              "batter": "LG Pretorius",
              "bowler": "D Potgieter",
              "non_striker": "KD Petersen",
              "runs": {
                "batter": 4,
                "extras": 0,
                "total": 4
              }
            },
            {
              "batter": "LG Pretorius",
              "bowler": "D Potgieter",
              "non_striker": "KD Petersen",
              "runs": {
                "batter": 1,
                "extras": 0,
                "total": 1
              }
            },
            {
              "batter": "KD Petersen",
              "bowler": "D Potgieter",
              "non_striker": "LG Pretorius",
              "runs": {
                "batter": 1,
                "extras": 0,
                "total": 1
              }
            },
            {
              "batter": "LG Pretorius",
              "bowler": "D Potgieter",
              "non_striker": "KD Petersen",
              "runs": {
                "batter": 1,
                "extras": 0,
                "total": 1
              }
            }
          ]
        },
        {
          "over": 8,
          "deliveries": [
            {
              "batter": "LG Pretorius",
              "bowler": "E Jones",
              "non_striker": "KD Petersen",
              "runs": {
                "batter": 1,
                "extras": 0,
                "total": 1
              }
            },
            {
              "batter": "KD Petersen",
              "bowler": "E Jones",
              "extras": {
                "wides": 1
              },
              "non_striker": "LG Pretorius",
              "runs": {
                "batter": 0,
                "extras": 1,
                "total": 1
              }
            },
            {
              "batter": "KD Petersen",
              "bowler": "E Jones",
              "non_striker": "LG Pretorius",
              "runs": {
                "batter": 6,
                "extras": 0,
                "total": 6
              }
            },
            {
              "batter": "KD Petersen",
              "bowler": "E Jones",
              "extras": {
                "wides": 1
              },
              "non_striker": "LG Pretorius",
              "runs": {
                "batter": 0,
                "extras": 1,
                "total": 1
              }
            },
            {
              "batter": "KD Petersen",
              "bowler": "E Jones",
              "non_striker": "LG Pretorius",
              "runs": {
                "batter": 1,
                "extras": 0,
                "total": 1
              }
            },
            {
              "batter": "LG Pretorius",
              "bowler": "E Jones",
              "non_striker": "KD Petersen",
              "runs": {
                "batter": 0,
                "extras": 0,
                "total": 0
              }
            },
            {
              "batter": "LG Pretorius",
              "bowler": "E Jones",
              "extras": {
                "wides": 1
              },
              "non_striker": "KD Petersen",
              "runs": {
                "batter": 0,
                "extras": 1,
                "total": 1
              }
            },
            {
              "batter": "LG Pretorius",
              "bowler": "E Jones",
              "non_striker": "KD Petersen",
              "runs": {
                "batter": 4,
                "extras": 0,
                "total": 4
              }
            },
            {
              "batter": "LG Pretorius",
              "bowler": "E Jones",
              "extras": {
                "wides": 1
              },
              "non_striker": "KD Petersen",
              "runs": {
                "batter": 0,
                "extras": 1,
                "total": 1
              }
            },
            {
              "batter": "LG Pretorius",
              "bowler": "E Jones",
              "non_striker": "KD Petersen",
              "runs": {
                "batter": 0,
                "extras": 0,
                "total": 0
              }
            }
          ]
        },
        {
          "over": 9,
          "deliveries": [
            {
              "batter": "KD Petersen",
              "bowler": "D Potgieter",
              "non_striker": "LG Pretorius",
              "runs": {
                "batter": 1,
                "extras": 0,
                "total": 1
              }
            },
            {
              "batter": "LG Pretorius",
              "bowler": "D Potgieter",
              "non_striker": "KD Petersen",
              "runs": {
                "batter": 1,
                "extras": 0,
                "total": 1
              }
            },
            {
              "batter": "KD Petersen",
              "bowler": "D Potgieter",
              "extras": {
                "wides": 1
              },
              "non_striker": "LG Pretorius",
              "runs": {
                "batter": 0,
                "extras": 1,
                "total": 1
              }
            },
            {
              "batter": "KD Petersen",
              "bowler": "D Potgieter",
              "non_striker": "LG Pretorius",
              "runs": {
                "batter": 1,
                "extras": 0,
                "total": 1
              }
            },
            {
              "batter": "LG Pretorius",
              "bowler": "D Potgieter",
              "extras": {
                "wides": 1
              },
              "non_striker": "KD Petersen",
              "runs": {
                "batter": 0,
                "extras": 1,
                "total": 1
              }
            },
            {
              "batter": "LG Pretorius",
              "bowler": "D Potgieter",
              "non_striker": "KD Petersen",
              "runs": {
                "batter": 6,
                "extras": 0,
                "total": 6
              }
            },
            {
              "batter": "LG Pretorius",
              "bowler": "D Potgieter",
              "non_striker": "KD Petersen",
              "runs": {
                "batter": 6,
                "extras": 0,
                "total": 6
              }
            },
            {
              "batter": "LG Pretorius",
              "bowler": "D Potgieter",
              "non_striker": "KD Petersen",
              "runs": {
                "batter": 4,
                "extras": 0,
                "total": 4
              }
            }
          ]
        },
        {
          "over": 10,
          "deliveries": [
            {
              "batter": "KD Petersen",
              "bowler": "J Dawood",
              "non_striker": "LG Pretorius",
              "runs": {
                "batter": 6,
                "extras": 0,
                "total": 6
              }
            },
            {
              "batter": "KD Petersen",
              "bowler": "J Dawood",
              "non_striker": "LG Pretorius",
              "runs": {
                "batter": 1,
                "extras": 0,
                "total": 1
              }
            },
            {
              "batter": "LG Pretorius",
              "bowler": "J Dawood",
              "non_striker": "KD Petersen",
              "runs": {
                "batter": 1,
                "extras": 0,
                "total": 1
              }
            },
            {
              "batter": "KD Petersen",
              "bowler": "J Dawood",
              "non_striker": "LG Pretorius",
              "runs": {
                "batter": 4,
                "extras": 0,
                "total": 4
              }
            },
            {
              "batter": "KD Petersen",
              "bowler": "J Dawood",
              "non_striker": "LG Pretorius",
              "runs": {
                "batter": 2,
                "extras": 0,
                "total": 2
              }
            },
            {
              "batter": "KD Petersen",
              "bowler": "J Dawood",
              "non_striker": "LG Pretorius",
              "runs": {
                "batter": 4,
                "extras": 0,
                "total": 4
              }
            }
          ]
        },
        {
          "over": 11,
          "deliveries": [
            {
              "batter": "LG Pretorius",
              "bowler": "L Sipamla",
              "non_striker": "KD Petersen",
              "runs": {
                "batter": 0,
                "extras": 0,
                "total": 0
              }
            },
            {
              "batter": "LG Pretorius",
              "bowler": "L Sipamla",
              "non_striker": "KD Petersen",
              "runs": {
                "batter": 0,
                "extras": 0,
                "total": 0
              }
            },
            {
              "batter": "LG Pretorius",
              "bowler": "L Sipamla",
              "non_striker": "KD Petersen",
              "runs": {
                "batter": 1,
                "extras": 0,
                "total": 1
              }
            },
            {
              "batter": "KD Petersen",
              "bowler": "L Sipamla",
              "extras": {
                "wides": 1
              },
              "non_striker": "LG Pretorius",
              "runs": {
                "batter": 0,
                "extras": 1,
                "total": 1
              }
            },
            {
              "batter": "KD Petersen",
              "bowler": "L Sipamla",
              "non_striker": "LG Pretorius",
              "runs": {
                "batter": 1,
                "extras": 0,
                "total": 1
              }
            },
            {
              "batter": "LG Pretorius",
              "bowler": "L Sipamla",
              "non_striker": "KD Petersen",
              "runs": {
                "batter": 1,
                "extras": 0,
                "total": 1
              }
            },
            {
              "batter": "KD Petersen",
              "bowler": "L Sipamla",
              "non_striker": "LG Pretorius",
              "runs": {
                "batter": 1,
                "extras": 0,
                "total": 1
              }
            }
          ]
        },
        {
          "over": 12,
          "deliveries": [
            {
              "batter": "KD Petersen",
              "bowler": "KT Maphaka",
              "non_striker": "LG Pretorius",
              "runs": {
                "batter": 1,
                "extras": 0,
                "total": 1
              }
            },
            {
              "batter": "LG Pretorius",
              "bowler": "KT Maphaka",
              "non_striker": "KD Petersen",
              "runs": {
                "batter": 2,
                "extras": 0,
                "total": 2
              }
            },
            {
              "batter": "LG Pretorius",
              "bowler": "KT Maphaka",
              "extras": {
                "legbyes": 1
              },
              "non_striker": "KD Petersen",
              "runs": {
                "batter": 0,
                "extras": 1,
                "total": 1
              }
            },
            {
              "batter": "KD Petersen",
              "bowler": "KT Maphaka",
              "non_striker": "LG Pretorius",
              "runs": {
                "batter": 1,
                "extras": 0,
                "total": 1
              }
            },
            {
              "batter": "LG Pretorius",
              "bowler": "KT Maphaka",
              "non_striker": "KD Petersen",
              "runs": {
                "batter": 0,
                "extras": 0,
                "total": 0
              }
            },
            {
              "batter": "LG Pretorius",
              "bowler": "KT Maphaka",
              "extras": {
                "wides": 1
              },
              "non_striker": "KD Petersen",
              "runs": {
                "batter": 0,
                "extras": 1,
                "total": 1
              }
            },
            {
              "batter": "LG Pretorius",
              "bowler": "KT Maphaka",
              "non_striker": "KD Petersen",
              "runs": {
                "batter": 0,
                "extras": 0,
                "total": 0
              },
              "wickets": [
                {
                  "player_out": "LG Pretorius",
                  "fielders": [
                    {
                      "name": "E Jones"
                    }
                  ],
                  "kind": "caught"
                }
              ]
            }
          ]
        },
        {
          "over": 13,
          "deliveries": [
            {
              "batter": "KD Petersen",
              "bowler": "J Dawood",
              "non_striker": "D Brevis",
              "runs": {
                "batter": 1,
                "extras": 0,
                "total": 1
              }
            },
            {
              "batter": "D Brevis",
              "bowler": "J Dawood",
              "non_striker": "KD Petersen",
              "runs": {
                "batter": 4,
                "extras": 0,
                "total": 4
              }
            },
            {
              "batter": "D Brevis",
              "bowler": "J Dawood",
              "non_striker": "KD Petersen",
              "runs": {
                "batter": 0,
                "extras": 0,
                "total": 0
              }
            },
            {
              "batter": "D Brevis",
              "bowler": "J Dawood",
              "non_striker": "KD Petersen",
              "runs": {
                "batter": 6,
                "extras": 0,
                "total": 6
              }
            },
            {
              "batter": "D Brevis",
              "bowler": "J Dawood",
              "non_striker": "KD Petersen",
              "runs": {
                "batter": 1,
                "extras": 0,
                "total": 1
              }
            },
            {
              "batter": "KD Petersen",
              "bowler": "J Dawood",
              "non_striker": "D Brevis",
              "runs": {
                "batter": 1,
                "extras": 0,
                "total": 1
              }
            }
          ]
        },
        {
          "over": 14,
          "deliveries": [
            {
              "batter": "KD Petersen",
              "bowler": "Codi Yusuf",
              "non_striker": "D Brevis",
              "runs": {
                "batter": 0,
                "extras": 0,
                "total": 0
              },
              "wickets": [
                {
                  "player_out": "D Brevis",
                  "fielders": [
                    {
                      "name": "W Makwetu"
                    }
                  ],
                  "kind": "run out"
                }
              ]
            },
            {
              "batter": "D Ferreira",
              "bowler": "Codi Yusuf",
              "extras": {
                "wides": 1
              },
              "non_striker": "KD Petersen",
              "runs": {
                "batter": 0,
                "extras": 1,
                "total": 1
              }
            },
            {
              "batter": "D Ferreira",
              "bowler": "Codi Yusuf",
              "extras": {
                "noballs": 1
              },
              "non_striker": "KD Petersen",
              "runs": {
                "batter": 2,
                "extras": 1,
                "total": 3
              }
            },
            {
              "batter": "D Ferreira",
              "bowler": "Codi Yusuf",
              "non_striker": "KD Petersen",
              "runs": {
                "batter": 6,
                "extras": 0,
                "total": 6
              }
            },
            {
              "batter": "D Ferreira",
              "bowler": "Codi Yusuf",
              "non_striker": "KD Petersen",
              "runs": {
                "batter": 4,
                "extras": 0,
                "total": 4
              }
            },
            {
              "batter": "D Ferreira",
              "bowler": "Codi Yusuf",
              "non_striker": "KD Petersen",
              "runs": {
                "batter": 4,
                "extras": 0,
                "total": 4
              }
            },
            {
              "batter": "D Ferreira",
              "bowler": "Codi Yusuf",
              "non_striker": "KD Petersen",
              "runs": {
                "batter": 2,
                "extras": 0,
                "total": 2
              }
            },
            {
              "batter": "D Ferreira",
              "bowler": "Codi Yusuf",
              "non_striker": "KD Petersen",
              "runs": {
                "batter": 0,
                "extras": 0,
                "total": 0
              }
            }
          ]
        },
        {
          "over": 15,
          "deliveries": [
            {
              "batter": "KD Petersen",
              "bowler": "D Potgieter",
              "non_striker": "D Ferreira",
              "runs": {
                "batter": 0,
                "extras": 0,
                "total": 0
              },
              "wickets": [
                {
                  "player_out": "KD Petersen",
                  "fielders": [
                    {
                      "name": "E Jones"
                    }
                  ],
                  "kind": "caught"
                }
              ]
            },
            {
              "batter": "BS Makhanya",
              "bowler": "D Potgieter",
              "non_striker": "D Ferreira",
              "runs": {
                "batter": 1,
                "extras": 0,
                "total": 1
              }
            },
            {
              "batter": "D Ferreira",
              "bowler": "D Potgieter",
              "extras": {
                "wides": 1
              },
              "non_striker": "BS Makhanya",
              "runs": {
                "batter": 0,
                "extras": 1,
                "total": 1
              }
            },
            {
              "batter": "D Ferreira",
              "bowler": "D Potgieter",
              "non_striker": "BS Makhanya",
              "runs": {
                "batter": 2,
                "extras": 0,
                "total": 2
              }
            },
            {
              "batter": "D Ferreira",
              "bowler": "D Potgieter",
              "non_striker": "BS Makhanya",
              "runs": {
                "batter": 2,
                "extras": 0,
                "total": 2
              }
            },
            {
              "batter": "D Ferreira",
              "bowler": "D Potgieter",
              "non_striker": "BS Makhanya",
              "runs": {
                "batter": 0,
                "extras": 0,
                "total": 0
              }
            },
            {
              "batter": "D Ferreira",
              "bowler": "D Potgieter",
              "non_striker": "BS Makhanya",
              "runs": {
                "batter": 4,
                "extras": 0,
                "total": 4
              }
            }
          ]
        },
        {
          "over": 16,
          "deliveries": [
            {
              "batter": "BS Makhanya",
              "bowler": "L Sipamla",
              "non_striker": "D Ferreira",
              "runs": {
                "batter": 1,
                "extras": 0,
                "total": 1
              }
            },
            {
              "batter": "D Ferreira",
              "bowler": "L Sipamla",
              "non_striker": "BS Makhanya",
              "runs": {
                "batter": 2,
                "extras": 0,
                "total": 2
              }
            },
            {
              "batter": "D Ferreira",
              "bowler": "L Sipamla",
              "non_striker": "BS Makhanya",
              "runs": {
                "batter": 4,
                "extras": 0,
                "total": 4
              }
            },
            {
              "batter": "D Ferreira",
              "bowler": "L Sipamla",
              "non_striker": "BS Makhanya",
              "runs": {
                "batter": 6,
                "extras": 0,
                "total": 6
              }
            },
            {
              "batter": "D Ferreira",
              "bowler": "L Sipamla",
              "non_striker": "BS Makhanya",
              "runs": {
                "batter": 2,
                "extras": 0,
                "total": 2
              }
            },
            {
              "batter": "D Ferreira",
              "bowler": "L Sipamla",
              "non_striker": "BS Makhanya",
              "runs": {
                "batter": 1,
                "extras": 0,
                "total": 1
              }
            }
          ]
        },
        {
          "over": 17,
          "deliveries": [
            {
              "batter": "D Ferreira",
              "bowler": "E Jones",
              "non_striker": "BS Makhanya",
              "runs": {
                "batter": 4,
                "extras": 0,
                "total": 4
              }
            },
            {
              "batter": "D Ferreira",
              "bowler": "E Jones",
              "non_striker": "BS Makhanya",
              "runs": {
                "batter": 2,
                "extras": 0,
                "total": 2
              }
            },
            {
              "batter": "D Ferreira",
              "bowler": "E Jones",
              "non_striker": "BS Makhanya",
              "runs": {
                "batter": 6,
                "extras": 0,
                "total": 6
              }
            },
            {
              "batter": "D Ferreira",
              "bowler": "E Jones",
              "non_striker": "BS Makhanya",
              "runs": {
                "batter": 0,
                "extras": 0,
                "total": 0
              },
              "wickets": [
                {
                  "player_out": "D Ferreira",
                  "fielders": [
                    {
                      "name": "W Makwetu"
                    }
                  ],
                  "kind": "caught"
                }
              ]
            },
            {
              "batter": "Dayyaan Galiem",
              "bowler": "E Jones",
              "non_striker": "BS Makhanya",
              "runs": {
                "batter": 0,
                "extras": 0,
                "total": 0
              }
            },
            {
              "batter": "Dayyaan Galiem",
              "bowler": "E Jones",
              "non_striker": "BS Makhanya",
              "runs": {
                "batter": 1,
                "extras": 0,
                "total": 1
              }
            }
          ]
        },
        {
          "over": 18,
          "deliveries": [
            {
              "batter": "Dayyaan Galiem",
              "bowler": "KT Maphaka",
              "non_striker": "BS Makhanya",
              "runs": {
                "batter": 0,
                "extras": 0,
                "total": 0
              }
            },
            {
              "batter": "Dayyaan Galiem",
              "bowler": "KT Maphaka",
              "extras": {
                "wides": 1
              },
              "non_striker": "BS Makhanya",
              "runs": {
                "batter": 0,
                "extras": 1,
                "total": 1
              }
            },
            {
              "batter": "Dayyaan Galiem",
              "bowler": "KT Maphaka",
              "non_striker": "BS Makhanya",
              "runs": {
                "batter": 1,
                "extras": 0,
                "total": 1
              }
            },
            {
              "batter": "BS Makhanya",
              "bowler": "KT Maphaka",
              "non_striker": "Dayyaan Galiem",
              "runs": {
                "batter": 1,
                "extras": 0,
                "total": 1
              }
            },
            {
              "batter": "Dayyaan Galiem",
              "bowler": "KT Maphaka",
              "non_striker": "BS Makhanya",
              "runs": {
                "batter": 1,
                "extras": 0,
                "total": 1
              }
            },
            {
              "batter": "BS Makhanya",
              "bowler": "KT Maphaka",
              "non_striker": "Dayyaan Galiem",
              "runs": {
                "batter": 0,
                "extras": 0,
                "total": 0
              }
            },
            {
              "batter": "BS Makhanya",
              "bowler": "KT Maphaka",
              "extras": {
                "wides": 1
              },
              "non_striker": "Dayyaan Galiem",
              "runs": {
                "batter": 0,
                "extras": 1,
                "total": 1
              }
            },
            {
              "batter": "BS Makhanya",
              "bowler": "KT Maphaka",
              "non_striker": "Dayyaan Galiem",
              "runs": {
                "batter": 0,
                "extras": 0,
                "total": 0
              }
            }
          ]
        },
        {
          "over": 19,
          "deliveries": [
            {
              "batter": "Dayyaan Galiem",
              "bowler": "L Sipamla",
              "extras": {
                "legbyes": 1
              },
              "non_striker": "BS Makhanya",
              "runs": {
                "batter": 0,
                "extras": 1,
                "total": 1
              }
            },
            {
              "batter": "BS Makhanya",
              "bowler": "L Sipamla",
              "non_striker": "Dayyaan Galiem",
              "runs": {
                "batter": 6,
                "extras": 0,
                "total": 6
              }
            },
            {
              "batter": "BS Makhanya",
              "bowler": "L Sipamla",
              "non_striker": "Dayyaan Galiem",
              "runs": {
                "batter": 1,
                "extras": 0,
                "total": 1
              }
            },
            {
              "batter": "Dayyaan Galiem",
              "bowler": "L Sipamla",
              "non_striker": "BS Makhanya",
              "runs": {
                "batter": 1,
                "extras": 0,
                "total": 1
              }
            },
            {
              "batter": "BS Makhanya",
              "bowler": "L Sipamla",
              "non_striker": "Dayyaan Galiem",
              "runs": {
                "batter": 1,
                "extras": 0,
                "total": 1
              }
            },
            {
              "batter": "Dayyaan Galiem",
              "bowler": "L Sipamla",
              "non_striker": "BS Makhanya",
              "runs": {
                "batter": 0,
                "extras": 0,
                "total": 0
              },
              "wickets": [
                {
                  "player_out": "Dayyaan Galiem",
                  "fielders": [
                    {
                      "name": "C Esterhuizen"
                    }
                  ],
                  "kind": "caught"
                }
              ]
            }
          ]
        }
      ],
      "powerplays": [
        {
          "from": 0.1,
          "to": 5.9,
          "type": "mandatory"
        }
      ]
    },
    {
      "team": "Lions",
      "overs": [
        {
          "over": 0,
          "deliveries": [
            {
              "batter": "Zubayr Hamza",
              "bowler": "RE van der Merwe",
              "non_striker": "W Makwetu",
              "runs": {
                "batter": 0,
                "extras": 0,
                "total": 0
              }
            },
            {
              "batter": "Zubayr Hamza",
              "bowler": "RE van der Merwe",
              "non_striker": "W Makwetu",
              "runs": {
                "batter": 0,
                "extras": 0,
                "total": 0
              }
            },
            {
              "batter": "Zubayr Hamza",
              "bowler": "RE van der Merwe",
              "non_striker": "W Makwetu",
              "runs": {
                "batter": 2,
                "extras": 0,
                "total": 2
              }
            },
            {
              "batter": "Zubayr Hamza",
              "bowler": "RE van der Merwe",
              "non_striker": "W Makwetu",
              "runs": {
                "batter": 0,
                "extras": 0,
                "total": 0
              },
              "wickets": [
                {
                  "player_out": "Zubayr Hamza",
                  "fielders": [
                    {
                      "name": "D Brevis"
                    }
                  ],
                  "kind": "caught"
                }
              ]
            },
            {
              "batter": "M Manack",
              "bowler": "RE van der Merwe",
              "non_striker": "W Makwetu",
              "runs": {
                "batter": 0,
                "extras": 0,
                "total": 0
              }
            },
            {
              "batter": "M Manack",
              "bowler": "RE van der Merwe",
              "non_striker": "W Makwetu",
              "runs": {
                "batter": 0,
                "extras": 0,
                "total": 0
              }
            }
          ]
        },
        {
          "over": 1,
          "deliveries": [
            {
              "batter": "W Makwetu",
              "bowler": "Dayyaan Galiem",
              "non_striker": "M Manack",
              "runs": {
                "batter": 1,
                "extras": 0,
                "total": 1
              }
            },
            {
              "batter": "M Manack",
              "bowler": "Dayyaan Galiem",
              "non_striker": "W Makwetu",
              "runs": {
                "batter": 0,
                "extras": 0,
                "total": 0
              },
              "wickets": [
                {
                  "player_out": "M Manack",
                  "fielders": [
                    {
                      "name": "KD Petersen"
                    }
                  ],
                  "kind": "caught"
                }
              ]
            },
            {
              "batter": "M Van Buuren",
              "bowler": "Dayyaan Galiem",
              "non_striker": "W Makwetu",
              "runs": {
                "batter": 0,
                "extras": 0,
                "total": 0
              }
            },
            {
              "batter": "M Van Buuren",
              "bowler": "Dayyaan Galiem",
              "non_striker": "W Makwetu",
              "runs": {
                "batter": 0,
                "extras": 0,
                "total": 0
              }
            },
            {
              "batter": "M Van Buuren",
              "bowler": "Dayyaan Galiem",
              "non_striker": "W Makwetu",
              "runs": {
                "batter": 0,
                "extras": 0,
                "total": 0
              },
              "wickets": [
                {
                  "player_out": "M Van Buuren",
                  "kind": "bowled"
                }
              ]
            },
            {
              "batter": "C Esterhuizen",
              "bowler": "Dayyaan Galiem",
              "non_striker": "W Makwetu",
              "runs": {
                "batter": 0,
                "extras": 0,
                "total": 0
              }
            }
          ]
        },
        {
          "over": 2,
          "deliveries": [
            {
              "batter": "W Makwetu",
              "bowler": "RE van der Merwe",
              "non_striker": "C Esterhuizen",
              "runs": {
                "batter": 4,
                "extras": 0,
                "total": 4
              }
            },
            {
              "batter": "W Makwetu",
              "bowler": "RE van der Merwe",
              "non_striker": "C Esterhuizen",
              "runs": {
                "batter": 0,
                "extras": 0,
                "total": 0
              },
              "wickets": [
                {
                  "player_out": "W Makwetu",
                  "kind": "caught and bowled"
                }
              ]
            },
            {
              "batter": "D Potgieter",
              "bowler": "RE van der Merwe",
              "non_striker": "C Esterhuizen",
              "runs": {
                "batter": 1,
                "extras": 0,
                "total": 1
              }
            },
            {
              "batter": "C Esterhuizen",
              "bowler": "RE van der Merwe",
              "non_striker": "D Potgieter",
              "runs": {
                "batter": 0,
                "extras": 0,
                "total": 0
              }
            },
            {
              "batter": "C Esterhuizen",
              "bowler": "RE van der Merwe",
              "non_striker": "D Potgieter",
              "runs": {
                "batter": 0,
                "extras": 0,
                "total": 0
              },
              "wickets": [
                {
                  "player_out": "C Esterhuizen",
                  "kind": "lbw"
                }
              ]
            },
            {
              "batter": "E Jones",
              "bowler": "RE van der Merwe",
              "non_striker": "D Potgieter",
              "runs": {
                "batter": 0,
                "extras": 0,
                "total": 0
              }
            }
          ]
        },
        {
          "over": 3,
          "deliveries": [
            {
              "batter": "D Potgieter",
              "bowler": "Dayyaan Galiem",
              "non_striker": "E Jones",
              "runs": {
                "batter": 0,
                "extras": 0,
                "total": 0
              }
            },
            {
              "batter": "D Potgieter",
              "bowler": "Dayyaan Galiem",
              "non_striker": "E Jones",
              "runs": {
                "batter": 0,
                "extras": 0,
                "total": 0
              }
            },
            {
              "batter": "D Potgieter",
              "bowler": "Dayyaan Galiem",
              "non_striker": "E Jones",
              "runs": {
                "batter": 0,
                "extras": 0,
                "total": 0
              }
            },
            {
              "batter": "D Potgieter",
              "bowler": "Dayyaan Galiem",
              "non_striker": "E Jones",
              "runs": {
                "batter": 0,
                "extras": 0,
                "total": 0
              }
            },
            {
              "batter": "D Potgieter",
              "bowler": "Dayyaan Galiem",
              "non_striker": "E Jones",
              "runs": {
                "batter": 0,
                "extras": 0,
                "total": 0
              }
            },
            {
              "batter": "D Potgieter",
              "bowler": "Dayyaan Galiem",
              "non_striker": "E Jones",
              "runs": {
                "batter": 1,
                "extras": 0,
                "total": 1
              }
            }
          ]
        },
        {
          "over": 4,
          "deliveries": [
            {
              "batter": "D Potgieter",
              "bowler": "RE van der Merwe",
              "non_striker": "E Jones",
              "runs": {
                "batter": 0,
                "extras": 0,
                "total": 0
              }
            },
            {
              "batter": "D Potgieter",
              "bowler": "RE van der Merwe",
              "non_striker": "E Jones",
              "runs": {
                "batter": 0,
                "extras": 0,
                "total": 0
              }
            },
            {
              "batter": "D Potgieter",
              "bowler": "RE van der Merwe",
              "non_striker": "E Jones",
              "runs": {
                "batter": 0,
                "extras": 0,
                "total": 0
              }
            },
            {
              "batter": "D Potgieter",
              "bowler": "RE van der Merwe",
              "non_striker": "E Jones",
              "runs": {
                "batter": 1,
                "extras": 0,
                "total": 1
              }
            },
            {
              "batter": "E Jones",
              "bowler": "RE van der Merwe",
              "non_striker": "D Potgieter",
              "runs": {
                "batter": 1,
                "extras": 0,
                "total": 1
              }
            },
            {
              "batter": "D Potgieter",
              "bowler": "RE van der Merwe",
              "non_striker": "E Jones",
              "runs": {
                "batter": 4,
                "extras": 0,
                "total": 4
              }
            }
          ]
        },
        {
          "over": 5,
          "deliveries": [
            {
              "batter": "E Jones",
              "bowler": "CJ Dala",
              "extras": {
                "wides": 1
              },
              "non_striker": "D Potgieter",
              "runs": {
                "batter": 0,
                "extras": 1,
                "total": 1
              }
            },
            {
              "batter": "E Jones",
              "bowler": "CJ Dala",
              "non_striker": "D Potgieter",
              "runs": {
                "batter": 1,
                "extras": 0,
                "total": 1
              }
            },
            {
              "batter": "D Potgieter",
              "bowler": "CJ Dala",
              "non_striker": "E Jones",
              "runs": {
                "batter": 0,
                "extras": 0,
                "total": 0
              }
            },
            {
              "batter": "D Potgieter",
              "bowler": "CJ Dala",
              "non_striker": "E Jones",
              "runs": {
                "batter": 0,
                "extras": 0,
                "total": 0
              }
            },
            {
              "batter": "D Potgieter",
              "bowler": "CJ Dala",
              "non_striker": "E Jones",
              "runs": {
                "batter": 4,
                "extras": 0,
                "total": 4
              }
            },
            {
              "batter": "D Potgieter",
              "bowler": "CJ Dala",
              "non_striker": "E Jones",
              "runs": {
                "batter": 1,
                "extras": 0,
                "total": 1
              }
            },
            {
              "batter": "E Jones",
              "bowler": "CJ Dala",
              "non_striker": "D Potgieter",
              "runs": {
                "batter": 0,
                "extras": 0,
                "total": 0
              }
            }
          ]
        },
        {
          "over": 6,
          "deliveries": [
            {
              "batter": "D Potgieter",
              "bowler": "C Bosch",
              "non_striker": "E Jones",
              "runs": {
                "batter": 0,
                "extras": 0,
                "total": 0
              }
            },
            {
              "batter": "D Potgieter",
              "bowler": "C Bosch",
              "non_striker": "E Jones",
              "runs": {
                "batter": 0,
                "extras": 0,
                "total": 0
              }
            },
            {
              "batter": "D Potgieter",
              "bowler": "C Bosch",
              "extras": {
                "legbyes": 1
              },
              "non_striker": "E Jones",
              "runs": {
                "batter": 0,
                "extras": 1,
                "total": 1
              }
            },
            {
              "batter": "E Jones",
              "bowler": "C Bosch",
              "non_striker": "D Potgieter",
              "runs": {
                "batter": 2,
                "extras": 0,
                "total": 2
              }
            },
            {
              "batter": "E Jones",
              "bowler": "C Bosch",
              "non_striker": "D Potgieter",
              "runs": {
                "batter": 0,
                "extras": 0,
                "total": 0
              }
            },
            {
              "batter": "E Jones",
              "bowler": "C Bosch",
              "non_striker": "D Potgieter",
              "runs": {
                "batter": 0,
                "extras": 0,
                "total": 0
              }
            }
          ]
        },
        {
          "over": 7,
          "deliveries": [
            {
              "batter": "D Potgieter",
              "bowler": "CJ Dala",
              "non_striker": "E Jones",
              "runs": {
                "batter": 1,
                "extras": 0,
                "total": 1
              }
            },
            {
              "batter": "E Jones",
              "bowler": "CJ Dala",
              "non_striker": "D Potgieter",
              "runs": {
                "batter": 4,
                "extras": 0,
                "total": 4
              }
            },
            {
              "batter": "E Jones",
              "bowler": "CJ Dala",
              "non_striker": "D Potgieter",
              "runs": {
                "batter": 0,
                "extras": 0,
                "total": 0
              }
            },
            {
              "batter": "E Jones",
              "bowler": "CJ Dala",
              "non_striker": "D Potgieter",
              "runs": {
                "batter": 0,
                "extras": 0,
                "total": 0
              }
            },
            {
              "batter": "E Jones",
              "bowler": "CJ Dala",
              "non_striker": "D Potgieter",
              "runs": {
                "batter": 0,
                "extras": 0,
                "total": 0
              }
            },
            {
              "batter": "E Jones",
              "bowler": "CJ Dala",
              "non_striker": "D Potgieter",
              "runs": {
                "batter": 0,
                "extras": 0,
                "total": 0
              }
            }
          ]
        },
        {
          "over": 8,
          "deliveries": [
            {
              "batter": "D Potgieter",
              "bowler": "C Bosch",
              "non_striker": "E Jones",
              "runs": {
                "batter": 1,
                "extras": 0,
                "total": 1
              }
            },
            {
              "batter": "E Jones",
              "bowler": "C Bosch",
              "non_striker": "D Potgieter",
              "runs": {
                "batter": 6,
                "extras": 0,
                "total": 6
              }
            },
            {
              "batter": "E Jones",
              "bowler": "C Bosch",
              "non_striker": "D Potgieter",
              "runs": {
                "batter": 0,
                "extras": 0,
                "total": 0
              }
            },
            {
              "batter": "E Jones",
              "bowler": "C Bosch",
              "non_striker": "D Potgieter",
              "runs": {
                "batter": 2,
                "extras": 0,
                "total": 2
              }
            },
            {
              "batter": "E Jones",
              "bowler": "C Bosch",
              "non_striker": "D Potgieter",
              "runs": {
                "batter": 1,
                "extras": 0,
                "total": 1
              }
            },
            {
              "batter": "D Potgieter",
              "bowler": "C Bosch",
              "non_striker": "E Jones",
              "runs": {
                "batter": 0,
                "extras": 0,
                "total": 0
              }
            }
          ]
        },
        {
          "over": 9,
          "deliveries": [
            {
              "batter": "E Jones",
              "bowler": "D Ferreira",
              "non_striker": "D Potgieter",
              "runs": {
                "batter": 1,
                "extras": 0,
                "total": 1
              }
            },
            {
              "batter": "D Potgieter",
              "bowler": "D Ferreira",
              "non_striker": "E Jones",
              "runs": {
                "batter": 6,
                "extras": 0,
                "total": 6
              }
            },
            {
              "batter": "D Potgieter",
              "bowler": "D Ferreira",
              "non_striker": "E Jones",
              "runs": {
                "batter": 1,
                "extras": 0,
                "total": 1
              }
            },
            {
              "batter": "E Jones",
              "bowler": "D Ferreira",
              "non_striker": "D Potgieter",
              "runs": {
                "batter": 1,
                "extras": 0,
                "total": 1
              }
            },
            {
              "batter": "D Potgieter",
              "bowler": "D Ferreira",
              "non_striker": "E Jones",
              "runs": {
                "batter": 1,
                "extras": 0,
                "total": 1
              }
            },
            {
              "batter": "E Jones",
              "bowler": "D Ferreira",
              "non_striker": "D Potgieter",
              "runs": {
                "batter": 0,
                "extras": 0,
                "total": 0
              }
            }
          ]
        },
        {
          "over": 10,
          "deliveries": [
            {
              "batter": "D Potgieter",
              "bowler": "Tsepo Ndwandwa",
              "non_striker": "E Jones",
              "runs": {
                "batter": 2,
                "extras": 0,
                "total": 2
              }
            },
            {
              "batter": "D Potgieter",
              "bowler": "Tsepo Ndwandwa",
              "extras": {
                "legbyes": 1
              },
              "non_striker": "E Jones",
              "runs": {
                "batter": 0,
                "extras": 1,
                "total": 1
              }
            },
            {
              "batter": "E Jones",
              "bowler": "Tsepo Ndwandwa",
              "non_striker": "D Potgieter",
              "runs": {
                "batter": 0,
                "extras": 0,
                "total": 0
              }
            },
            {
              "batter": "E Jones",
              "bowler": "Tsepo Ndwandwa",
              "non_striker": "D Potgieter",
              "runs": {
                "batter": 1,
                "extras": 0,
                "total": 1
              }
            },
            {
              "batter": "D Potgieter",
              "bowler": "Tsepo Ndwandwa",
              "non_striker": "E Jones",
              "runs": {
                "batter": 0,
                "extras": 0,
                "total": 0
              }
            },
            {
              "batter": "D Potgieter",
              "bowler": "Tsepo Ndwandwa",
              "non_striker": "E Jones",
              "runs": {
                "batter": 1,
                "extras": 0,
                "total": 1
              }
            }
          ]
        },
        {
          "over": 11,
          "deliveries": [
            {
              "batter": "D Potgieter",
              "bowler": "D Ferreira",
              "extras": {
                "legbyes": 1
              },
              "non_striker": "E Jones",
              "runs": {
                "batter": 0,
                "extras": 1,
                "total": 1
              }
            },
            {
              "batter": "E Jones",
              "bowler": "D Ferreira",
              "non_striker": "D Potgieter",
              "runs": {
                "batter": 1,
                "extras": 0,
                "total": 1
              }
            },
            {
              "batter": "D Potgieter",
              "bowler": "D Ferreira",
              "non_striker": "E Jones",
              "runs": {
                "batter": 1,
                "extras": 0,
                "total": 1
              }
            },
            {
              "batter": "E Jones",
              "bowler": "D Ferreira",
              "non_striker": "D Potgieter",
              "runs": {
                "batter": 1,
                "extras": 0,
                "total": 1
              }
            },
            {
              "batter": "D Potgieter",
              "bowler": "D Ferreira",
              "extras": {
                "legbyes": 1
              },
              "non_striker": "E Jones",
              "runs": {
                "batter": 0,
                "extras": 1,
                "total": 1
              }
            },
            {
              "batter": "E Jones",
              "bowler": "D Ferreira",
              "non_striker": "D Potgieter",
              "runs": {
                "batter": 4,
                "extras": 0,
                "total": 4
              }
            }
          ]
        },
        {
          "over": 12,
          "deliveries": [
            {
              "batter": "D Potgieter",
              "bowler": "Tsepo Ndwandwa",
              "non_striker": "E Jones",
              "runs": {
                "batter": 1,
                "extras": 0,
                "total": 1
              }
            },
            {
              "batter": "E Jones",
              "bowler": "Tsepo Ndwandwa",
              "non_striker": "D Potgieter",
              "runs": {
                "batter": 6,
                "extras": 0,
                "total": 6
              }
            },
            {
              "batter": "E Jones",
              "bowler": "Tsepo Ndwandwa",
              "non_striker": "D Potgieter",
              "runs": {
                "batter": 1,
                "extras": 0,
                "total": 1
              }
            },
            {
              "batter": "D Potgieter",
              "bowler": "Tsepo Ndwandwa",
              "non_striker": "E Jones",
              "runs": {
                "batter": 1,
                "extras": 0,
                "total": 1
              }
            },
            {
              "batter": "E Jones",
              "bowler": "Tsepo Ndwandwa",
              "non_striker": "D Potgieter",
              "runs": {
                "batter": 6,
                "extras": 0,
                "total": 6
              }
            },
            {
              "batter": "E Jones",
              "bowler": "Tsepo Ndwandwa",
              "non_striker": "D Potgieter",
              "runs": {
                "batter": 4,
                "extras": 0,
                "total": 4
              }
            }
          ]
        },
        {
          "over": 13,
          "deliveries": [
            {
              "batter": "D Potgieter",
              "bowler": "Dayyaan Galiem",
              "non_striker": "E Jones",
              "runs": {
                "batter": 0,
                "extras": 0,
                "total": 0
              },
              "wickets": [
                {
                  "player_out": "D Potgieter",
                  "kind": "caught and bowled"
                }
              ]
            },
            {
              "batter": "Codi Yusuf",
              "bowler": "Dayyaan Galiem",
              "non_striker": "E Jones",
              "runs": {
                "batter": 1,
                "extras": 0,
                "total": 1
              }
            },
            {
              "batter": "E Jones",
              "bowler": "Dayyaan Galiem",
              "non_striker": "Codi Yusuf",
              "runs": {
                "batter": 0,
                "extras": 0,
                "total": 0
              }
            },
            {
              "batter": "E Jones",
              "bowler": "Dayyaan Galiem",
              "non_striker": "Codi Yusuf",
              "runs": {
                "batter": 4,
                "extras": 0,
                "total": 4
              }
            },
            {
              "batter": "E Jones",
              "bowler": "Dayyaan Galiem",
              "non_striker": "Codi Yusuf",
              "runs": {
                "batter": 4,
                "extras": 0,
                "total": 4
              }
            },
            {
              "batter": "E Jones",
              "bowler": "Dayyaan Galiem",
              "non_striker": "Codi Yusuf",
              "runs": {
                "batter": 1,
                "extras": 0,
                "total": 1
              },
              "wickets": [
                {
                  "player_out": "Codi Yusuf",
                  "fielders": [
                    {
                      "name": "KD Petersen"
                    }
                  ],
                  "kind": "run out"
                }
              ]
            }
          ]
        },
        {
          "over": 14,
          "deliveries": [
            {
              "batter": "E Jones",
              "bowler": "C Bosch",
              "non_striker": "L Sipamla",
              "runs": {
                "batter": 1,
                "extras": 0,
                "total": 1
              }
            },
            {
              "batter": "L Sipamla",
              "bowler": "C Bosch",
              "non_striker": "E Jones",
              "runs": {
                "batter": 0,
                "extras": 0,
                "total": 0
              }
            },
            {
              "batter": "L Sipamla",
              "bowler": "C Bosch",
              "non_striker": "E Jones",
              "runs": {
                "batter": 0,
                "extras": 0,
                "total": 0
              }
            },
            {
              "batter": "L Sipamla",
              "bowler": "C Bosch",
              "non_striker": "E Jones",
              "runs": {
                "batter": 1,
                "extras": 0,
                "total": 1
              }
            },
            {
              "batter": "E Jones",
              "bowler": "C Bosch",
              "non_striker": "L Sipamla",
              "runs": {
                "batter": 1,
                "extras": 0,
                "total": 1
              }
            },
            {
              "batter": "L Sipamla",
              "bowler": "C Bosch",
              "non_striker": "E Jones",
              "runs": {
                "batter": 0,
                "extras": 0,
                "total": 0
              }
            }
          ]
        },
        {
          "over": 15,
          "deliveries": [
            {
              "batter": "E Jones",
              "bowler": "RE van der Merwe",
              "non_striker": "L Sipamla",
              "runs": {
                "batter": 1,
                "extras": 0,
                "total": 1
              }
            },
            {
              "batter": "L Sipamla",
              "bowler": "RE van der Merwe",
              "non_striker": "E Jones",
              "runs": {
                "batter": 1,
                "extras": 0,
                "total": 1
              }
            },
            {
              "batter": "E Jones",
              "bowler": "RE van der Merwe",
              "non_striker": "L Sipamla",
              "runs": {
                "batter": 6,
                "extras": 0,
                "total": 6
              }
            },
            {
              "batter": "E Jones",
              "bowler": "RE van der Merwe",
              "non_striker": "L Sipamla",
              "runs": {
                "batter": 6,
                "extras": 0,
                "total": 6
              }
            },
            {
              "batter": "E Jones",
              "bowler": "RE van der Merwe",
              "non_striker": "L Sipamla",
              "runs": {
                "batter": 0,
                "extras": 0,
                "total": 0
              }
            },
            {
              "batter": "E Jones",
              "bowler": "RE van der Merwe",
              "non_striker": "L Sipamla",
              "runs": {
                "batter": 1,
                "extras": 0,
                "total": 1
              }
            }
          ]
        },
        {
          "over": 16,
          "deliveries": [
            {
              "batter": "E Jones",
              "bowler": "C Bosch",
              "non_striker": "L Sipamla",
              "runs": {
                "batter": 1,
                "extras": 0,
                "total": 1
              }
            },
            {
              "batter": "L Sipamla",
              "bowler": "C Bosch",
              "non_striker": "E Jones",
              "runs": {
                "batter": 0,
                "extras": 0,
                "total": 0
              }
            },
            {
              "batter": "L Sipamla",
              "bowler": "C Bosch",
              "non_striker": "E Jones",
              "runs": {
                "batter": 1,
                "extras": 0,
                "total": 1
              }
            },
            {
              "batter": "E Jones",
              "bowler": "C Bosch",
              "non_striker": "L Sipamla",
              "runs": {
                "batter": 6,
                "extras": 0,
                "total": 6
              }
            },
            {
              "batter": "E Jones",
              "bowler": "C Bosch",
              "non_striker": "L Sipamla",
              "runs": {
                "batter": 2,
                "extras": 0,
                "total": 2
              }
            },
            {
              "batter": "E Jones",
              "bowler": "C Bosch",
              "non_striker": "L Sipamla",
              "runs": {
                "batter": 1,
                "extras": 0,
                "total": 1
              }
            }
          ]
        },
        {
          "over": 17,
          "deliveries": [
            {
              "batter": "E Jones",
              "bowler": "CJ Dala",
              "extras": {
                "wides": 1
              },
              "non_striker": "L Sipamla",
              "runs": {
                "batter": 0,
                "extras": 1,
                "total": 1
              }
            },
            {
              "batter": "E Jones",
              "bowler": "CJ Dala",
              "non_striker": "L Sipamla",
              "runs": {
                "batter": 1,
                "extras": 0,
                "total": 1
              }
            },
            {
              "batter": "L Sipamla",
              "bowler": "CJ Dala",
              "non_striker": "E Jones",
              "runs": {
                "batter": 0,
                "extras": 0,
                "total": 0
              }
            },
            {
              "batter": "L Sipamla",
              "bowler": "CJ Dala",
              "non_striker": "E Jones",
              "runs": {
                "batter": 0,
                "extras": 0,
                "total": 0
              }
            },
            {
              "batter": "L Sipamla",
              "bowler": "CJ Dala",
              "extras": {
                "legbyes": 1
              },
              "non_striker": "E Jones",
              "runs": {
                "batter": 0,
                "extras": 1,
                "total": 1
              }
            },
            {
              "batter": "E Jones",
              "bowler": "CJ Dala",
              "non_striker": "L Sipamla",
              "runs": {
                "batter": 1,
                "extras": 0,
                "total": 1
              }
            },
            {
              "batter": "L Sipamla",
              "bowler": "CJ Dala",
              "non_striker": "E Jones",
              "runs": {
                "batter": 1,
                "extras": 0,
                "total": 1
              }
            }
          ]
        },
        {
          "over": 18,
          "deliveries": [
            {
              "batter": "L Sipamla",
              "bowler": "Dayyaan Galiem",
              "non_striker": "E Jones",
              "runs": {
                "batter": 6,
                "extras": 0,
                "total": 6
              }
            },
            {
              "batter": "L Sipamla",
              "bowler": "Dayyaan Galiem",
              "non_striker": "E Jones",
              "runs": {
                "batter": 1,
                "extras": 0,
                "total": 1
              }
            },
            {
              "batter": "E Jones",
              "bowler": "Dayyaan Galiem",
              "non_striker": "L Sipamla",
              "runs": {
                "batter": 1,
                "extras": 0,
                "total": 1
              }
            },
            {
              "batter": "L Sipamla",
              "bowler": "Dayyaan Galiem",
              "non_striker": "E Jones",
              "runs": {
                "batter": 0,
                "extras": 0,
                "total": 0
              }
            },
            {
              "batter": "L Sipamla",
              "bowler": "Dayyaan Galiem",
              "non_striker": "E Jones",
              "runs": {
                "batter": 1,
                "extras": 0,
                "total": 1
              }
            },
            {
              "batter": "E Jones",
              "bowler": "Dayyaan Galiem",
              "non_striker": "L Sipamla",
              "runs": {
                "batter": 1,
                "extras": 0,
                "total": 1
              }
            }
          ]
        },
        {
          "over": 19,
          "deliveries": [
            {
              "batter": "E Jones",
              "bowler": "CJ Dala",
              "non_striker": "L Sipamla",
              "runs": {
                "batter": 1,
                "extras": 0,
                "total": 1
              },
              "wickets": [
                {
                  "player_out": "E Jones",
                  "fielders": [
                    {
                      "name": "Dayyaan Galiem"
                    }
                  ],
                  "kind": "run out"
                }
              ]
            },
            {
              "batter": "KT Maphaka",
              "bowler": "CJ Dala",
              "extras": {
                "legbyes": 1
              },
              "non_striker": "L Sipamla",
              "runs": {
                "batter": 0,
                "extras": 1,
                "total": 1
              }
            },
            {
              "batter": "L Sipamla",
              "bowler": "CJ Dala",
              "non_striker": "KT Maphaka",
              "runs": {
                "batter": 0,
                "extras": 0,
                "total": 0
              }
            },
            {
              "batter": "L Sipamla",
              "bowler": "CJ Dala",
              "non_striker": "KT Maphaka",
              "runs": {
                "batter": 1,
                "extras": 0,
                "total": 1
              }
            },
            {
              "batter": "KT Maphaka",
              "bowler": "CJ Dala",
              "non_striker": "L Sipamla",
              "runs": {
                "batter": 0,
                "extras": 0,
                "total": 0
              }
            },
            {
              "batter": "KT Maphaka",
              "bowler": "CJ Dala",
              "non_striker": "L Sipamla",
              "runs": {
                "batter": 1,
                "extras": 0,
                "total": 1
              }
            }
          ]
        }
      ],
      "powerplays": [
        {
          "from": 0.1,
          "to": 5.7,
          "type": "mandatory"
        }
      ]
    }
  ]
}