{
  "meta": {
    "data_version": "1.1.0",
    "created": "2024-11-02",
    "revision": 1
  },
  "info": {
    "balls_per_over": 6,
    "city": "Potchefstroom",
    "dates": [
      "2024-10-04"
    ],
    "event": {
      "name": "CSA T20 Challenge",
      "match_number": 8
    },
    "gender": "male",
    "match_type": "T20",
    "officials": {
      "match_referees": [
        "SB Lambson"
      ],
      "reserve_umpires": [
        "MN Gampu"
      ],
      "umpires": [
        "A Paleker",
        "W Wyngaard"
      ]
    },
    "outcome": {
      "winner": "North West",
      "by": {
        "wickets": 3
      }
    },
    "overs": 20,
    "player_of_match": [
      "WJ Lubbe",
      "M Jansen"
    ],
    "players": {
      "Western Province": [
        "EM Moore",
        "DG Bedingham",
        "SV Kitime",
        "D Smith",
        "GF Linde",
        "M Mpongwana",
        "Abdullah Bayoumy",
        "KI Simmonds",
        "BE Hendricks",
        "W Bedja",
        "M Nabe"
      ],
      "North West": [
        "T Kumalo",
        "M Prince",
        "WJ Lubbe",
        "JN Malan",
        "LC Ngoepe",
        "D Jansen",
        "M Jansen",
        "C Seleka",
        "K Mungroo",
        "A Cloete",
        "RA Herman"
      ]
    },
    "registry": {
      "people": {
        "A Cloete": "45a6cf8a",
        "A Paleker": "634b11ac",
        "Abdullah Bayoumy": "8ab49ad2",
        "BE Hendricks": "b56dc5f7",
        "C Seleka": "be8b147b",
        "D Jansen": "8dc152d1",
        "D Smith": "5d69930d",
        "DG Bedingham": "a1b69936",
        "EM Moore": "6ca6d885",
        "GF Linde": "e5437608",
        "JN Malan": "f76d7466",
        "K Mungroo": "56feceb0",
        "KI Simmonds": "3122c016",
        "LC Ngoepe": "51355a30",
        "M Jansen": "81c36ee9",
        "M Mpongwana": "547c5509",
        "M Nabe": "6ed11905",
        "M Prince": "aa80a6c3",
        "MN Gampu": "41597619",
        "RA Herman": "9c821d2e",
        "SB Lambson": "4146063f",
        "SV Kitime": "9ca20359",
        "T Kumalo": "1484cad1",
        "W Bedja": "f29dfbc0",
        "W Wyngaard": "5cafa9ed",
        "WJ Lubbe": "10f42013"
      }
    },
    "season": "2024/25",
    "team_type": "club",
    "teams": [
      "Western Province",
      "North West"
    ],
    "toss": {
      "decision": "field",
      "winner": "North West"
    },
    "venue": "Senwes Park, Potchefstroom"
  },
  "innings": [
    {
      "team": "Western Province",
      "overs": [
        {
          "over": 0,
          "deliveries": [
            {
              "batter": "EM Moore",
              "bowler": "M Jansen",
              "non_striker": "DG Bedingham",
              "over": 0,
              "runs": {
                "batter": 1,
                "extras": 0,
                "total": 1
              }
            },
            {
              "batter": "DG Bedingham",
              "bowler": "M Jansen",
              "non_striker": "EM Moore",
              "over": 0,
              "runs": {
                "batter": 0,
                "extras": 0,
                "total": 0
              }
            },
            {
              "batter": "DG Bedingham",
              "bowler": "M Jansen",
              "non_striker": "EM Moore",
              "over": 0,
              "runs": {
                "batter": 0,
                "extras": 0,
                "total": 0
              }
            },
            {
              "batter": "DG Bedingham",
              "bowler": "M Jansen",
              "non_striker": "EM Moore",
              "over": 0,
              "runs": {
                "batter": 4,
                "extras": 0,
                "total": 4
              }
            },
            {
              "batter": "DG Bedingham",
              "bowler": "M Jansen",
              "non_striker": "EM Moore",
              "over": 0,
              "runs": {
                "batter": 0,
                "extras": 0,
                "total": 0
              },
              "wickets": [
                {
                  "player_out": "DG Bedingham",
                  "fielders": [
                    {
                      "name": "D Jansen"
                    }
                  ],
                  "kind": "caught"
                }
              ]
            },
            {
              "batter": "SV Kitime",
              "bowler": "M Jansen",
              "non_striker": "EM Moore",
              "over": 0,
              "runs": {
                "batter": 4,
                "extras": 0,
                "total": 4
              }
            }
          ]
        },
        {
          "over": 1,
          "deliveries": [
            {
              "batter": "EM Moore",
              "bowler": "K Mungroo",
              "non_striker": "SV Kitime",
              "over": 1,
              "runs": {
                "batter": 1,
                "extras": 0,
                "total": 1
              }
            },
            {
              "batter": "SV Kitime",
              "bowler": "K Mungroo",
              "non_striker": "EM Moore",
              "over": 1,
              "runs": {
                "batter": 1,
                "extras": 0,
                "total": 1
              }
            },
            {
              "batter": "EM Moore",
              "bowler": "K Mungroo",
              "non_striker": "SV Kitime",
              "over": 1,
              "runs": {
                "batter": 2,
                "extras": 0,
                "total": 2
              }
            },
            {
              "batter": "EM Moore",
              "bowler": "K Mungroo",
              "non_striker": "SV Kitime",
              "over": 1,
              "runs": {
                "batter": 1,
                "extras": 0,
                "total": 1
              }
            },
            {
              "batter": "SV Kitime",
              "bowler": "K Mungroo",
              "non_striker": "EM Moore",
              "over": 1,
              "runs": {
                "batter": 0,
                "extras": 0,
                "total": 0
              }
            },
            {
              "batter": "SV Kitime",
              "bowler": "K Mungroo",
              "non_striker": "EM Moore",
              "over": 1,
              "runs": {
                "batter": 0,
                "extras": 0,
                "total": 0
              }
            }
          ]
        },
        {
          "over": 2,
          "deliveries": [
            {
              "batter": "EM Moore",
              "bowler": "M Jansen",
              "non_striker": "SV Kitime",
              "over": 2,
              "runs": {
                "batter": 1,
                "extras": 0,
                "total": 1
              }
            },
            {
              "batter": "SV Kitime",
              "bowler": "M Jansen",
              "non_striker": "EM Moore",
              "over": 2,
              "runs": {
                "batter": 0,
                "extras": 0,
                "total": 0
              }
            },
            {
              "batter": "SV Kitime",
              "bowler": "M Jansen",
              "non_striker": "EM Moore",
              "over": 2,
              "runs": {
                "batter": 0,
                "extras": 0,
                "total": 0
              }
            },
            {
              "batter": "SV Kitime",
              "bowler": "M Jansen",
              "non_striker": "EM Moore",
              "over": 2,
              "runs": {
                "batter": 3,
                "extras": 0,
                "total": 3
              }
            },
            {
              "batter": "EM Moore",
              "bowler": "M Jansen",
              "non_striker": "SV Kitime",
              "over": 2,
              "runs": {
                "batter": 0,
                "extras": 0,
                "total": 0
              }
            },
            {
              "batter": "EM Moore",
              "bowler": "M Jansen",
              "non_striker": "SV Kitime",
              "over": 2,
              "runs": {
                "batter": 4,
                "extras": 0,
                "total": 4
              }
            }
          ]
        },
        {
          "over": 3,
          "deliveries": [
            {
              "batter": "SV Kitime",
              "bowler": "K Mungroo",
              "non_striker": "EM Moore",
              "over": 3,
              "runs": {
                "batter": 0,
                "extras": 0,
                "total": 0
              }
            },
            {
              "batter": "SV Kitime",
              "bowler": "K Mungroo",
              "non_striker": "EM Moore",
              "over": 3,
              "runs": {
                "batter": 0,
                "extras": 0,
                "total": 0
              }
            },
            {
              "batter": "SV Kitime",
              "bowler": "K Mungroo",
              "non_striker": "EM Moore",
              "over": 3,
              "runs": {
                "batter": 1,
                "extras": 0,
                "total": 1
              }
            },
            {
              "batter": "EM Moore",
              "bowler": "K Mungroo",
              "non_striker": "SV Kitime",
              "over": 3,
              "runs": {
                "batter": 1,
                "extras": 0,
                "total": 1
              }
            },
            {
              "batter": "SV Kitime",
              "bowler": "K Mungroo",
              "extras": {
                "wides": 1
              },
              "non_striker": "EM Moore",
              "over": 3,
              "runs": {
                "batter": 0,
                "extras": 1,
                "total": 1
              }
            },
            {
              "batter": "SV Kitime",
              "bowler": "K Mungroo",
              "non_striker": "EM Moore",
              "over": 3,
              "runs": {
                "batter": 1,
                "extras": 0,
                "total": 1
              }
            },
            {
              "batter": "EM Moore",
              "bowler": "K Mungroo",
              "non_striker": "SV Kitime",
              "over": 3,
              "runs": {
                "batter": 0,
                "extras": 0,
                "total": 0
              }
            }
          ]
        },
        {
          "over": 4,
          "deliveries": [
            {
              "batter": "SV Kitime",
              "bowler": "D Jansen",
              "non_striker": "EM Moore",
              "over": 4,
              "runs": {
                "batter": 4,
                "extras": 0,
                "total": 4
              }
            },
            {
              "batter": "SV Kitime",
              "bowler": "D Jansen",
              "non_striker": "EM Moore",
              "over": 4,
              "runs": {
                "batter": 0,
                "extras": 0,
                "total": 0
              }
            },
            {
              "batter": "SV Kitime",
              "bowler": "D Jansen",
              "extras": {
                "wides": 1
              },
              "non_striker": "EM Moore",
              "over": 4,
              "runs": {
                "batter": 0,
                "extras": 1,
                "total": 1
              }
            },
            {
              "batter": "SV Kitime",
              "bowler": "D Jansen",
              "non_striker": "EM Moore",
              "over": 4,
              "runs": {
                "batter": 0,
                "extras": 0,
                "total": 0
              }
            },
            {
              "batter": "SV Kitime",
              "bowler": "D Jansen",
              "non_striker": "EM Moore",
              "over": 4,
              "runs": {
                "batter": 0,
                "extras": 0,
                "total": 0
              }
            },
            {
              "batter": "SV Kitime",
              "bowler": "D Jansen",
              "non_striker": "EM Moore",
              "over": 4,
              "runs": {
                "batter": 2,
                "extras": 0,
                "total": 2
              }
            },
            {
              "batter": "SV Kitime",
              "bowler": "D Jansen",
              "non_striker": "EM Moore",
              "over": 4,
              "runs": {
                "batter": 0,
                "extras": 0,
                "total": 0
              },
              "wickets": [
                {
                  "player_out": "SV Kitime",
                  "fielders": [
                    {
                      "name": "M Prince"
                    }
                  ],
                  "kind": "caught"
                }
              ]
            }
          ]
        },
        {
          "over": 5,
          "deliveries": [
            {
              "batter": "EM Moore",
              "bowler": "K Mungroo",
              "non_striker": "D Smith",
              "over": 5,
              "runs": {
                "batter": 1,
                "extras": 0,
                "total": 1
              }
            },
            {
              "batter": "D Smith",
              "bowler": "K Mungroo",
              "non_striker": "EM Moore",
              "over": 5,
              "runs": {
                "batter": 1,
                "extras": 0,
                "total": 1
              }
            },
            {
              "batter": "EM Moore",
              "bowler": "K Mungroo",
              "non_striker": "D Smith",
              "over": 5,
              "runs": {
                "batter": 0,
                "extras": 0,
                "total": 0
              }
            },
            {
              "batter": "EM Moore",
              "bowler": "K Mungroo",
              "non_striker": "D Smith",
              "over": 5,
              "runs": {
                "batter": 0,
                "extras": 0,
                "total": 0
              }
            },
            {
              "batter": "EM Moore",
              "bowler": "K Mungroo",
              "non_striker": "D Smith",
              "over": 5,
              "runs": {
                "batter": 4,
                "extras": 0,
                "total": 4
              }
            },
            {
              "batter": "EM Moore",
              "bowler": "K Mungroo",
              "non_striker": "D Smith",
              "over": 5,
              "runs": {
                "batter": 1,
                "extras": 0,
                "total": 1
              }
            }
          ]
        },
        {
          "over": 6,
          "deliveries": [
            {
              "batter": "EM Moore",
              "bowler": "D Jansen",
              "non_striker": "D Smith",
              "over": 6,
              "runs": {
                "batter": 0,
                "extras": 0,
                "total": 0
              }
            },
            {
              "batter": "EM Moore",
              "bowler": "D Jansen",
              "non_striker": "D Smith",
              "over": 6,
              "runs": {
                "batter": 1,
                "extras": 0,
                "total": 1
              }
            },
            {
              "batter": "D Smith",
              "bowler": "D Jansen",
              "non_striker": "EM Moore",
              "over": 6,
              "runs": {
                "batter": 1,
                "extras": 0,
                "total": 1
              }
            },
            {
              "batter": "EM Moore",
              "bowler": "D Jansen",
              "non_striker": "D Smith",
              "over": 6,
              "runs": {
                "batter": 0,
                "extras": 0,
                "total": 0
              }
            },
            {
              "batter": "EM Moore",
              "bowler": "D Jansen",
              "non_striker": "D Smith",
              "over": 6,
              "runs": {
                "batter": 1,
                "extras": 0,
                "total": 1
              }
            },
            {
              "batter": "D Smith",
              "bowler": "D Jansen",
              "non_striker": "EM Moore",
              "over": 6,
              "runs": {
                "batter": 1,
                "extras": 0,
                "total": 1
              }
            }
          ]
        },
        {
          "over": 7,
          "deliveries": [
            {
              "batter": "D Smith",
              "bowler": "A Cloete",
              "non_striker": "EM Moore",
              "over": 7,
              "runs": {
                "batter": 0,
                "extras": 0,
                "total": 0
              }
            },
            {
              "batter": "D Smith",
              "bowler": "A Cloete",
              "non_striker": "EM Moore",
              "over": 7,
              "runs": {
                "batter": 1,
                "extras": 0,
                "total": 1
              }
            },
            {
              "batter": "EM Moore",
              "bowler": "A Cloete",
              "non_striker": "D Smith",
              "over": 7,
              "runs": {
                "batter": 4,
                "extras": 0,
                "total": 4
              }
            },
            {
              "batter": "EM Moore",
              "bowler": "A Cloete",
              "non_striker": "D Smith",
              "over": 7,
              "runs": {
                "batter": 4,
                "extras": 0,
                "total": 4
              }
            },
            {
              "batter": "EM Moore",
              "bowler": "A Cloete",
              "non_striker": "D Smith",
              "over": 7,
              "runs": {
                "batter": 4,
                "extras": 0,
                "total": 4
              }
            },
            {
              "batter": "EM Moore",
              "bowler": "A Cloete",
              "non_striker": "D Smith",
              "over": 7,
              "runs": {
                "batter": 1,
                "extras": 0,
                "total": 1
              }
            }
          ]
        },
        {
          "over": 8,
          "deliveries": [
            {
              "batter": "EM Moore",
              "bowler": "WJ Lubbe",
              "non_striker": "D Smith",
              "over": 8,
              "runs": {
                "batter": 1,
                "extras": 0,
                "total": 1
              }
            },
            {
              "batter": "D Smith",
              "bowler": "WJ Lubbe",
              "non_striker": "EM Moore",
              "over": 8,
              "runs": {
                "batter": 2,
                "extras": 0,
                "total": 2
              }
            },
            {
              "batter": "D Smith",
              "bowler": "WJ Lubbe",
              "non_striker": "EM Moore",
              "over": 8,
              "runs": {
                "batter": 0,
                "extras": 0,
                "total": 0
              }
            },
            {
              "batter": "D Smith",
              "bowler": "WJ Lubbe",
              "non_striker": "EM Moore",
              "over": 8,
              "runs": {
                "batter": 2,
                "extras": 0,
                "total": 2
              }
            },
            {
              "batter": "D Smith",
              "bowler": "WJ Lubbe",
              "non_striker": "EM Moore",
              "over": 8,
              "runs": {
                "batter": 1,
                "extras": 0,
                "total": 1
              }
            },
            {
              "batter": "EM Moore",
              "bowler": "WJ Lubbe",
              "non_striker": "D Smith",
              "over": 8,
              "runs": {
                "batter": 1,
                "extras": 0,
                "total": 1
              }
            }
          ]
        },
        {
          "over": 9,
          "deliveries": [
            {
              "batter": "EM Moore",
              "bowler": "D Jansen",
              "non_striker": "D Smith",
              "over": 9,
              "runs": {
                "batter": 0,
                "extras": 0,
                "total": 0
              }
            },
            {
              "batter": "EM Moore",
              "bowler": "D Jansen",
              "non_striker": "D Smith",
              "over": 9,
              "runs": {
                "batter": 2,
                "extras": 0,
                "total": 2
              }
            },
            {
              "batter": "EM Moore",
              "bowler": "D Jansen",
              "non_striker": "D Smith",
              "over": 9,
              "runs": {
                "batter": 1,
                "extras": 0,
                "total": 1
              }
            },
            {
              "batter": "D Smith",
              "bowler": "D Jansen",
              "extras": {
                "legbyes": 1
              },
              "non_striker": "EM Moore",
              "over": 9,
              "runs": {
                "batter": 0,
                "extras": 1,
                "total": 1
              }
            },
            {
              "batter": "EM Moore",
              "bowler": "D Jansen",
              "non_striker": "D Smith",
              "over": 9,
              "runs": {
                "batter": 0,
                "extras": 0,
                "total": 0
              }
            },
            {
              "batter": "EM Moore",
              "bowler": "D Jansen",
              "extras": {
                "wides": 1
              },
              "non_striker": "D Smith",
              "over": 9,
              "runs": {
                "batter": 0,
                "extras": 1,
                "total": 1
              }
            },
            {
              "batter": "EM Moore",
              "bowler": "D Jansen",
              "extras": {
                "wides": 1
              },
              "non_striker": "D Smith",
              "over": 9,
              "runs": {
                "batter": 0,
                "extras": 1,
                "total": 1
              }
            },
            {
              "batter": "EM Moore",
              "bowler": "D Jansen",
              "non_striker": "D Smith",
              "over": 9,
              "runs": {
                "batter": 1,
                "extras": 0,
                "total": 1
              }
            }
          ]
        },
        {
          "over": 10,
          "deliveries": [
            {
              "batter": "EM Moore",
              "bowler": "WJ Lubbe",
              "non_striker": "D Smith",
              "over": 10,
              "runs": {
                "batter": 0,
                "extras": 0,
                "total": 0
              }
            },
            {
              "batter": "EM Moore",
              "bowler": "WJ Lubbe",
              "non_striker": "D Smith",
              "over": 10,
              "runs": {
                "batter": 0,
                "extras": 0,
                "total": 0
              },
              "wickets": [
                {
                  "player_out": "EM Moore",
                  "kind": "bowled"
                }
              ]
            },
            {
              "batter": "GF Linde",
              "bowler": "WJ Lubbe",
              "non_striker": "D Smith",
              "over": 10,
              "runs": {
                "batter": 1,
                "extras": 0,
                "total": 1
              }
            },
            {
              "batter": "D Smith",
              "bowler": "WJ Lubbe",
              "non_striker": "GF Linde",
              "over": 10,
              "runs": {
                "batter": 1,
                "extras": 0,
                "total": 1
              }
            },
            {
              "batter": "GF Linde",
              "bowler": "WJ Lubbe",
              "extras": {
                "wides": 3
              },
              "non_striker": "D Smith",
              "over": 10,
              "runs": {
                "batter": 0,
                "extras": 3,
                "total": 3
              }
            },
            {
              "batter": "GF Linde",
              "bowler": "WJ Lubbe",
              "non_striker": "D Smith",
              "over": 10,
              "runs": {
                "batter": 0,
                "extras": 0,
                "total": 0
              }
            },
            {
              "batter": "GF Linde",
              "bowler": "WJ Lubbe",
              "non_striker": "D Smith",
              "over": 10,
              "runs": {
                "batter": 0,
                "extras": 0,
                "total": 0
              }
            }
          ]
        },
        {
          "over": 11,
          "deliveries": [
            {
              "batter": "D Smith",
              "bowler": "D Jansen",
              "non_striker": "GF Linde",
              "over": 11,
              "runs": {
                "batter": 4,
                "extras": 0,
                "total": 4
              }
            },
            {
              "batter": "D Smith",
              "bowler": "D Jansen",
              "non_striker": "GF Linde",
              "over": 11,
              "runs": {
                "batter": 1,
                "extras": 0,
                "total": 1
              }
            },
            {
              "batter": "GF Linde",
              "bowler": "D Jansen",
              "extras": {
                "wides": 1
              },
              "non_striker": "D Smith",
              "over": 11,
              "runs": {
                "batter": 0,
                "extras": 1,
                "total": 1
              }
            },
            {
              "batter": "GF Linde",
              "bowler": "D Jansen",
              "non_striker": "D Smith",
              "over": 11,
              "runs": {
                "batter": 0,
                "extras": 0,
                "total": 0
              }
            },
            {
              "batter": "GF Linde",
              "bowler": "D Jansen",
              "extras": {
                "byes": 1
              },
              "non_striker": "D Smith",
              "over": 11,
              "runs": {
                "batter": 0,
                "extras": 1,
                "total": 1
              }
            },
            {
              "batter": "D Smith",
              "bowler": "D Jansen",
              "non_striker": "GF Linde",
              "over": 11,
              "runs": {
                "batter": 1,
                "extras": 0,
                "total": 1
              }
            },
            {
              "batter": "GF Linde",
              "bowler": "D Jansen",
              "non_striker": "D Smith",
              "over": 11,
              "runs": {
                "batter": 0,
                "extras": 0,
                "total": 0
              }
            }
          ]
        },
        {
          "over": 12,
          "deliveries": [
            {
              "batter": "D Smith",
              "bowler": "WJ Lubbe",
              "non_striker": "GF Linde",
              "over": 12,
              "runs": {
                "batter": 0,
                "extras": 0,
                "total": 0
              }
            },
            {
              "batter": "D Smith",
              "bowler": "WJ Lubbe",
              "non_striker": "GF Linde",
              "over": 12,
              "runs": {
                "batter": 1,
                "extras": 0,
                "total": 1
              }
            },
            {
              "batter": "GF Linde",
              "bowler": "WJ Lubbe",
              "non_striker": "D Smith",
              "over": 12,
              "runs": {
                "batter": 6,
                "extras": 0,
                "total": 6
              }
            },
            {
              "batter": "GF Linde",
              "bowler": "WJ Lubbe",
              "non_striker": "D Smith",
              "over": 12,
              "runs": {
                "batter": 4,
                "extras": 0,
                "total": 4
              }
            },
            {
              "batter": "GF Linde",
              "bowler": "WJ Lubbe",
              "non_striker": "D Smith",
              "over": 12,
              "runs": {
                "batter": 0,
                "extras": 0,
                "total": 0
              }
            },
            {
              "batter": "GF Linde",
              "bowler": "WJ Lubbe",
              "non_striker": "D Smith",
              "over": 12,
              "runs": {
                "batter": 1,
                "extras": 0,
                "total": 1
              }
            }
          ]
        },
        {
          "over": 13,
          "deliveries": [
            {
              "batter": "GF Linde",
              "bowler": "C Seleka",
              "non_striker": "D Smith",
              "over": 13,
              "runs": {
                "batter": 2,
                "extras": 0,
                "total": 2
              }
            },
            {
              "batter": "GF Linde",
              "bowler": "C Seleka",
              "non_striker": "D Smith",
              "over": 13,
              "runs": {
                "batter": 0,
                "extras": 0,
                "total": 0
              },
              "wickets": [
                {
                  "player_out": "GF Linde",
                  "fielders": [
                    {
                      "name": "D Jansen"
                    }
                  ],
                  "kind": "caught"
                }
              ]
            },
            {
              "batter": "M Mpongwana",
              "bowler": "C Seleka",
              "non_striker": "D Smith",
              "over": 13,
              "runs": {
                "batter": 0,
                "extras": 0,
                "total": 0
              }
            },
            {
              "batter": "M Mpongwana",
              "bowler": "C Seleka",
              "non_striker": "D Smith",
              "over": 13,
              "runs": {
                "batter": 2,
                "extras": 0,
                "total": 2
              }
            },
            {
              "batter": "M Mpongwana",
              "bowler": "C Seleka",
              "non_striker": "D Smith",
              "over": 13,
              "runs": {
                "batter": 0,
                "extras": 0,
                "total": 0
              }
            },
            {
              "batter": "M Mpongwana",
              "bowler": "C Seleka",
              "non_striker": "D Smith",
              "over": 13,
              "runs": {
                "batter": 2,
                "extras": 0,
                "total": 2
              }
            }
          ]
        },
        {
          "over": 14,
          "deliveries": [
            {
              "batter": "D Smith",
              "bowler": "WJ Lubbe",
              "non_striker": "M Mpongwana",
              "over": 14,
              "runs": {
                "batter": 2,
                "extras": 0,
                "total": 2
              }
            },
            {
              "batter": "D Smith",
              "bowler": "WJ Lubbe",
              "non_striker": "M Mpongwana",
              "over": 14,
              "runs": {
                "batter": 0,
                "extras": 0,
                "total": 0
              },
              "wickets": [
                {
                  "player_out": "D Smith",
                  "kind": "bowled"
                }
              ]
            },
            {
              "batter": "Abdullah Bayoumy",
              "bowler": "WJ Lubbe",
              "non_striker": "M Mpongwana",
              "over": 14,
              "runs": {
                "batter": 0,
                "extras": 0,
                "total": 0
              }
            },
            {
              "batter": "Abdullah Bayoumy",
              "bowler": "WJ Lubbe",
              "non_striker": "M Mpongwana",
              "over": 14,
              "runs": {
                "batter": 1,
                "extras": 0,
                "total": 1
              }
            },
            {
              "batter": "M Mpongwana",
              "bowler": "WJ Lubbe",
              "non_striker": "Abdullah Bayoumy",
              "over": 14,
              "runs": {
                "batter": 0,
                "extras": 0,
                "total": 0
              }
            },
            {
              "batter": "M Mpongwana",
              "bowler": "WJ Lubbe",
              "non_striker": "Abdullah Bayoumy",
              "over": 14,
              "runs": {
                "batter": 1,
                "extras": 0,
                "total": 1
              }
            }
          ]
        },
        {
          "over": 15,
          "deliveries": [
            {
              "batter": "M Mpongwana",
              "bowler": "C Seleka",
              "non_striker": "Abdullah Bayoumy",
              "over": 15,
              "runs": {
                "batter": 1,
                "extras": 0,
                "total": 1
              }
            },
            {
              "batter": "Abdullah Bayoumy",
              "bowler": "C Seleka",
              "non_striker": "M Mpongwana",
              "over": 15,
              "runs": {
                "batter": 1,
                "extras": 0,
                "total": 1
              }
            },
            {
              "batter": "M Mpongwana",
              "bowler": "C Seleka",
              "non_striker": "Abdullah Bayoumy",
              "over": 15,
              "runs": {
                "batter": 0,
                "extras": 0,
                "total": 0
              }
            },
            {
              "batter": "M Mpongwana",
              "bowler": "C Seleka",
              "non_striker": "Abdullah Bayoumy",
              "over": 15,
              "runs": {
                "batter": 0,
                "extras": 0,
                "total": 0
              }
            },
            {
              "batter": "M Mpongwana",
              "bowler": "C Seleka",
              "non_striker": "Abdullah Bayoumy",
              "over": 15,
              "runs": {
                "batter": 6,
                "extras": 0,
                "total": 6
              }
            },
            {
              "batter": "M Mpongwana",
              "bowler": "C Seleka",
              "non_striker": "Abdullah Bayoumy",
              "over": 15,
              "runs": {
                "batter": 0,
                "extras": 0,
                "total": 0
              }
            }
          ]
        },
        {
          "over": 16,
          "deliveries": [
            {
              "batter": "Abdullah Bayoumy",
              "bowler": "M Jansen",
              "non_striker": "M Mpongwana",
              "over": 16,
              "runs": {
                "batter": 0,
                "extras": 0,
                "total": 0
              }
            },
            {
              "batter": "Abdullah Bayoumy",
              "bowler": "M Jansen",
              "non_striker": "M Mpongwana",
              "over": 16,
              "runs": {
                "batter": 0,
                "extras": 0,
                "total": 0
              }
            },
            {
              "batter": "Abdullah Bayoumy",
              "bowler": "M Jansen",
              "extras": {
                "wides": 1
              },
              "non_striker": "M Mpongwana",
              "over": 16,
              "runs": {
                "batter": 0,
                "extras": 1,
                "total": 1
              }
            },
            {
              "batter": "Abdullah Bayoumy",
              "bowler": "M Jansen",
              "non_striker": "M Mpongwana",
              "over": 16,
              "runs": {
                "batter": 1,
                "extras": 0,
                "total": 1
              }
            },
            {
              "batter": "M Mpongwana",
              "bowler": "M Jansen",
              "non_striker": "Abdullah Bayoumy",
              "over": 16,
              "runs": {
                "batter": 1,
                "extras": 0,
                "total": 1
              }
            },
            {
              "batter": "Abdullah Bayoumy",
              "bowler": "M Jansen",
              "non_striker": "M Mpongwana",
              "over": 16,
              "runs": {
                "batter": 6,
                "extras": 0,
                "total": 6
              }
            },
            {
              "batter": "Abdullah Bayoumy",
              "bowler": "M Jansen",
              "non_striker": "M Mpongwana",
              "over": 16,
              "runs": {
                "batter": 1,
                "extras": 0,
                "total": 1
              }
            }
          ]
        },
        {
          "over": 17,
          "deliveries": [
            {
              "batter": "Abdullah Bayoumy",
              "bowler": "K Mungroo",
              "non_striker": "M Mpongwana",
              "over": 17,
              "runs": {
                "batter": 2,
                "extras": 0,
                "total": 2
              }
            },
            {
              "batter": "Abdullah Bayoumy",
              "bowler": "K Mungroo",
              "non_striker": "M Mpongwana",
              "over": 17,
              "runs": {
                "batter": 0,
                "extras": 0,
                "total": 0
              }
            },
            {
              "batter": "Abdullah Bayoumy",
              "bowler": "K Mungroo",
              "non_striker": "M Mpongwana",
              "over": 17,
              "runs": {
                "batter": 0,
                "extras": 0,
                "total": 0
              },
              "wickets": [
                {
                  "player_out": "Abdullah Bayoumy",
                  "fielders": [
                    {
                      "name": "RA Herman"
                    }
                  ],
                  "kind": "caught"
                }
              ]
            },
            {
              "batter": "KI Simmonds",
              "bowler": "K Mungroo",
              "non_striker": "M Mpongwana",
              "over": 17,
              "runs": {
                "batter": 0,
                "extras": 0,
                "total": 0
              }
            },
            {
              "batter": "KI Simmonds",
              "bowler": "K Mungroo",
              "non_striker": "M Mpongwana",
              "over": 17,
              "runs": {
                "batter": 4,
                "extras": 0,
                "total": 4
              }
            },
            {
              "batter": "KI Simmonds",
              "bowler": "K Mungroo",
              "non_striker": "M Mpongwana",
              "over": 17,
              "runs": {
                "batter": 0,
                "extras": 0,
                "total": 0
              },
              "wickets": [
                {
                  "player_out": "KI Simmonds",
                  "fielders": [
                    {
                      "name": "A Cloete"
                    }
                  ],
                  "kind": "caught"
                }
              ]
            }
          ]
        },
        {
          "over": 18,
          "deliveries": [
            {
              "batter": "M Mpongwana",
              "bowler": "M Jansen",
              "non_striker": "BE Hendricks",
              "over": 18,
              "runs": {
                "batter": 0,
                "extras": 0,
                "total": 0
              },
              "wickets": [
                {
                  "player_out": "M Mpongwana",
                  "fielders": [
                    {
                      "name": "D Jansen"
                    }
                  ],
                  "kind": "caught"
                }
              ]
            },
            {
              "batter": "W Bedja",
              "bowler": "M Jansen",
              "extras": {
                "wides": 1
              },
              "non_striker": "BE Hendricks",
              "over": 18,
              "runs": {
                "batter": 0,
                "extras": 1,
                "total": 1
              }
            },
            {
              "batter": "W Bedja",
              "bowler": "M Jansen",
              "non_striker": "BE Hendricks",
              "over": 18,
              "runs": {
                "batter": 0,
                "extras": 0,
                "total": 0
              }
            },
            {
              "batter": "W Bedja",
              "bowler": "M Jansen",
              "non_striker": "BE Hendricks",
              "over": 18,
              "runs": {
                "batter": 4,
                "extras": 0,
                "total": 4
              }
            },
            {
              "batter": "W Bedja",
              "bowler": "M Jansen",
              "non_striker": "BE Hendricks",
              "over": 18,
              "runs": {
                "batter": 0,
                "extras": 0,
                "total": 0
              },
              "wickets": [
                {
                  "player_out": "W Bedja",
                  "kind": "bowled"
                }
              ]
            },
            {
              "batter": "M Nabe",
              "bowler": "M Jansen",
              "non_striker": "BE Hendricks",
              "over": 18,
              "runs": {
                "batter": 1,
                "extras": 0,
                "total": 1
              }
            },
            {
              "batter": "BE Hendricks",
              "bowler": "M Jansen",
              "non_striker": "M Nabe",
              "over": 18,
              "runs": {
                "batter": 1,
                "extras": 0,
                "total": 1
              }
            }
          ]
        },
        {
          "over": 19,
          "deliveries": [
            {
              "batter": "BE Hendricks",
              "bowler": "A Cloete",
              "non_striker": "M Nabe",
              "over": 19,
              "runs": {
                "batter": 2,
                "extras": 0,
                "total": 2
              }
            },
            {
              "batter": "BE Hendricks",
              "bowler": "A Cloete",
              "non_striker": "M Nabe",
              "over": 19,
              "runs": {
                "batter": 0,
                "extras": 0,
                "total": 0
              }
            },
            {
              "batter": "BE Hendricks",
              "bowler": "A Cloete",
              "non_striker": "M Nabe",
              "over": 19,
              "runs": {
                "batter": 1,
                "extras": 0,
                "total": 1
              }
            },
            {
              "batter": "M Nabe",
              "bowler": "A Cloete",
              "non_striker": "BE Hendricks",
              "over": 19,
              "runs": {
                "batter": 1,
                "extras": 0,
                "total": 1
              }
            },
            {
              "batter": "BE Hendricks",
              "bowler": "A Cloete",
              "non_striker": "M Nabe",
              "over": 19,
              "runs": {
                "batter": 0,
                "extras": 0,
                "total": 0
              }
            },
            {
              "batter": "BE Hendricks",
              "bowler": "A Cloete",
              "non_striker": "M Nabe",
              "over": 19,
              "runs": {
                "batter": 0,
                "extras": 0,
                "total": 0
              }
            }
          ]
        }
      ],
      "powerplays": [
        {
          "from": 0.1,
          "to": 5.6,
          "type": "mandatory"
        }
      ]
    },
    {
      "team": "North West",
      "overs": [
        {
          "over": 0,
          "deliveries": [
            {
              "batter": "T Kumalo",
              "bowler": "KI Simmonds",
              "non_striker": "M Prince",
              "over": 0,
              "runs": {
                "batter": 0,
                "extras": 0,
                "total": 0
              }
            },
            {
              "batter": "T Kumalo",
              "bowler": "KI Simmonds",
              "non_striker": "M Prince",
              "over": 0,
              "runs": {
                "batter": 0,
                "extras": 0,
                "total": 0
              },
              "wickets": [
                {
                  "player_out": "T Kumalo",
                  "fielders": [
                    {
                      "name": "DG Bedingham"
                    }
                  ],
                  "kind": "caught"
                }
              ]
            },
            {
              "batter": "WJ Lubbe",
              "bowler": "KI Simmonds",
              "non_striker": "M Prince",
              "over": 0,
              "runs": {
                "batter": 2,
                "extras": 0,
                "total": 2
              }
            },
            {
              "batter": "WJ Lubbe",
              "bowler": "KI Simmonds",
              "non_striker": "M Prince",
              "over": 0,
              "runs": {
                "batter": 1,
                "extras": 0,
                "total": 1
              }
            },
            {
              "batter": "M Prince",
              "bowler": "KI Simmonds",
              "non_striker": "WJ Lubbe",
              "over": 0,
              "runs": {
                "batter": 0,
                "extras": 0,
                "total": 0
              }
            },
            {
              "batter": "M Prince",
              "bowler": "KI Simmonds",
              "non_striker": "WJ Lubbe",
              "over": 0,
              "runs": {
                "batter": 2,
                "extras": 0,
                "total": 2
              }
            }
          ]
        },
        {
          "over": 1,
          "deliveries": [
            {
              "batter": "WJ Lubbe",
              "bowler": "BE Hendricks",
              "non_striker": "M Prince",
              "over": 1,
              "runs": {
                "batter": 0,
                "extras": 0,
                "total": 0
              }
            },
            {
              "batter": "WJ Lubbe",
              "bowler": "BE Hendricks",
              "non_striker": "M Prince",
              "over": 1,
              "runs": {
                "batter": 1,
                "extras": 0,
                "total": 1
              }
            },
            {
              "batter": "M Prince",
              "bowler": "BE Hendricks",
              "non_striker": "WJ Lubbe",
              "over": 1,
              "runs": {
                "batter": 1,
                "extras": 0,
                "total": 1
              }
            },
            {
              "batter": "WJ Lubbe",
              "bowler": "BE Hendricks",
              "non_striker": "M Prince",
              "over": 1,
              "runs": {
                "batter": 0,
                "extras": 0,
                "total": 0
              }
            },
            {
              "batter": "WJ Lubbe",
              "bowler": "BE Hendricks",
              "non_striker": "M Prince",
              "over": 1,
              "runs": {
                "batter": 1,
                "extras": 0,
                "total": 1
              }
            },
            {
              "batter": "M Prince",
              "bowler": "BE Hendricks",
              "non_striker": "WJ Lubbe",
              "over": 1,
              "runs": {
                "batter": 0,
                "extras": 0,
                "total": 0
              }
            }
          ]
        },
        {
          "over": 2,
          "deliveries": [
            {
              "batter": "WJ Lubbe",
              "bowler": "M Mpongwana",
              "non_striker": "M Prince",
              "over": 2,
              "runs": {
                "batter": 4,
                "extras": 0,
                "total": 4
              }
            },
            {
              "batter": "WJ Lubbe",
              "bowler": "M Mpongwana",
              "non_striker": "M Prince",
              "over": 2,
              "runs": {
                "batter": 0,
                "extras": 0,
                "total": 0
              }
            },
            {
              "batter": "WJ Lubbe",
              "bowler": "M Mpongwana",
              "non_striker": "M Prince",
              "over": 2,
              "runs": {
                "batter": 0,
                "extras": 0,
                "total": 0
              }
            },
            {
              "batter": "WJ Lubbe",
              "bowler": "M Mpongwana",
              "non_striker": "M Prince",
              "over": 2,
              "runs": {
                "batter": 0,
                "extras": 0,
                "total": 0
              }
            },
            {
              "batter": "WJ Lubbe",
              "bowler": "M Mpongwana",
              "non_striker": "M Prince",
              "over": 2,
              "runs": {
                "batter": 4,
                "extras": 0,
                "total": 4
              }
            },
            {
              "batter": "WJ Lubbe",
              "bowler": "M Mpongwana",
              "non_striker": "M Prince",
              "over": 2,
              "runs": {
                "batter": 4,
                "extras": 0,
                "total": 4
              }
            }
          ]
        },
        {
          "over": 3,
          "deliveries": [
            {
              "batter": "M Prince",
              "bowler": "W Bedja",
              "non_striker": "WJ Lubbe",
              "over": 3,
              "runs": {
                "batter": 0,
                "extras": 0,
                "total": 0
              }
            },
            {
              "batter": "M Prince",
              "bowler": "W Bedja",
              "non_striker": "WJ Lubbe",
              "over": 3,
              "runs": {
                "batter": 2,
                "extras": 0,
                "total": 2
              }
            },
            {
              "batter": "M Prince",
              "bowler": "W Bedja",
              "non_striker": "WJ Lubbe",
              "over": 3,
              "runs": {
                "batter": 0,
                "extras": 0,
                "total": 0
              }
            },
            {
              "batter": "M Prince",
              "bowler": "W Bedja",
              "non_striker": "WJ Lubbe",
              "over": 3,
              "runs": {
                "batter": 4,
                "extras": 0,
                "total": 4
              }
            },
            {
              "batter": "M Prince",
              "bowler": "W Bedja",
              "non_striker": "WJ Lubbe",
              "over": 3,
              "runs": {
                "batter": 0,
                "extras": 0,
                "total": 0
              }
            },
            {
              "batter": "M Prince",
              "bowler": "W Bedja",
              "non_striker": "WJ Lubbe",
              "over": 3,
              "runs": {
                "batter": 4,
                "extras": 0,
                "total": 4
              }
            }
          ]
        },
        {
          "over": 4,
          "deliveries": [
            {
              "batter": "WJ Lubbe",
              "bowler": "M Nabe",
              "non_striker": "M Prince",
              "over": 4,
              "runs": {
                "batter": 4,
                "extras": 0,
                "total": 4
              }
            },
            {
              "batter": "WJ Lubbe",
              "bowler": "M Nabe",
              "non_striker": "M Prince",
              "over": 4,
              "runs": {
                "batter": 0,
                "extras": 0,
                "total": 0
              }
            },
            {
              "batter": "WJ Lubbe",
              "bowler": "M Nabe",
              "non_striker": "M Prince",
              "over": 4,
              "runs": {
                "batter": 6,
                "extras": 0,
                "total": 6
              }
            },
            {
              "batter": "WJ Lubbe",
              "bowler": "M Nabe",
              "extras": {
                "wides": 1
              },
              "non_striker": "M Prince",
              "over": 4,
              "runs": {
                "batter": 0,
                "extras": 1,
                "total": 1
              }
            },
            {
              "batter": "WJ Lubbe",
              "bowler": "M Nabe",
              "extras": {
                "wides": 1
              },
              "non_striker": "M Prince",
              "over": 4,
              "runs": {
                "batter": 0,
                "extras": 1,
                "total": 1
              }
            },
            {
              "batter": "WJ Lubbe",
              "bowler": "M Nabe",
              "non_striker": "M Prince",
              "over": 4,
              "runs": {
                "batter": 0,
                "extras": 0,
                "total": 0
              }
            },
            {
              "batter": "WJ Lubbe",
              "bowler": "M Nabe",
              "extras": {
                "wides": 1
              },
              "non_striker": "M Prince",
              "over": 4,
              "runs": {
                "batter": 0,
                "extras": 1,
                "total": 1
              }
            },
            {
              "batter": "WJ Lubbe",
              "bowler": "M Nabe",
              "non_striker": "M Prince",
              "over": 4,
              "runs": {
                "batter": 1,
                "extras": 0,
                "total": 1
              }
            },
            {
              "batter": "M Prince",
              "bowler": "M Nabe",
              "extras": {
                "legbyes": 1
              },
              "non_striker": "WJ Lubbe",
              "over": 4,
              "runs": {
                "batter": 0,
                "extras": 1,
                "total": 1
              }
            }
          ]
        },
        {
          "over": 5,
          "deliveries": [
            {
              "batter": "M Prince",
              "bowler": "BE Hendricks",
              "non_striker": "WJ Lubbe",
              "over": 5,
              "runs": {
                "batter": 0,
                "extras": 0,
                "total": 0
              }
            },
            {
              "batter": "M Prince",
              "bowler": "BE Hendricks",
              "extras": {
                "legbyes": 1
              },
              "non_striker": "WJ Lubbe",
              "over": 5,
              "runs": {
                "batter": 0,
                "extras": 1,
                "total": 1
              }
            },
            {
              "batter": "WJ Lubbe",
              "bowler": "BE Hendricks",
              "non_striker": "M Prince",
              "over": 5,
              "runs": {
                "batter": 4,
                "extras": 0,
                "total": 4
              }
            },
            {
              "batter": "WJ Lubbe",
              "bowler": "BE Hendricks",
              "non_striker": "M Prince",
              "over": 5,
              "runs": {
                "batter": 0,
                "extras": 0,
                "total": 0
              }
            },
            {
              "batter": "WJ Lubbe",
              "bowler": "BE Hendricks",
              "extras": {
                "wides": 1
              },
              "non_striker": "M Prince",
              "over": 5,
              "runs": {
                "batter": 0,
                "extras": 1,
                "total": 1
              }
            },
            {
              "batter": "WJ Lubbe",
              "bowler": "BE Hendricks",
              "non_striker": "M Prince",
              "over": 5,
              "runs": {
                "batter": 1,
                "extras": 0,
                "total": 1
              }
            },
            {
              "batter": "M Prince",
              "bowler": "BE Hendricks",
              "non_striker": "WJ Lubbe",
              "over": 5,
              "runs": {
                "batter": 1,
                "extras": 0,
                "total": 1
              }
            }
          ]
        },
        {
          "over": 6,
          "deliveries": [
            {
              "batter": "M Prince",
              "bowler": "KI Simmonds",
              "non_striker": "WJ Lubbe",
              "over": 6,
              "runs": {
                "batter": 0,
                "extras": 0,
                "total": 0
              }
            },
            {
              "batter": "M Prince",
              "bowler": "KI Simmonds",
              "non_striker": "WJ Lubbe",
              "over": 6,
              "runs": {
                "batter": 0,
                "extras": 0,
                "total": 0
              }
            },
            {
              "batter": "M Prince",
              "bowler": "KI Simmonds",
              "non_striker": "WJ Lubbe",
              "over": 6,
              "runs": {
                "batter": 0,
                "extras": 0,
                "total": 0
              }
            },
            {
              "batter": "M Prince",
              "bowler": "KI Simmonds",
              "non_striker": "WJ Lubbe",
              "over": 6,
              "runs": {
                "batter": 0,
                "extras": 0,
                "total": 0
              }
            },
            {
              "batter": "M Prince",
              "bowler": "KI Simmonds",
              "non_striker": "WJ Lubbe",
              "over": 6,
              "runs": {
                "batter": 2,
                "extras": 0,
                "total": 2
              }
            },
            {
              "batter": "M Prince",
              "bowler": "KI Simmonds",
              "non_striker": "WJ Lubbe",
              "over": 6,
              "runs": {
                "batter": 0,
                "extras": 0,
                "total": 0
              }
            }
          ]
        },
        {
          "over": 7,
          "deliveries": [
            {
              "batter": "WJ Lubbe",
              "bowler": "GF Linde",
              "non_striker": "M Prince",
              "over": 7,
              "runs": {
                "batter": 2,
                "extras": 0,
                "total": 2
              }
            },
            {
              "batter": "WJ Lubbe",
              "bowler": "GF Linde",
              "non_striker": "M Prince",
              "over": 7,
              "runs": {
                "batter": 1,
                "extras": 0,
                "total": 1
              }
            },
            {
              "batter": "M Prince",
              "bowler": "GF Linde",
              "non_striker": "WJ Lubbe",
              "over": 7,
              "runs": {
                "batter": 1,
                "extras": 0,
                "total": 1
              }
            },
            {
              "batter": "WJ Lubbe",
              "bowler": "GF Linde",
              "non_striker": "M Prince",
              "over": 7,
              "runs": {
                "batter": 0,
                "extras": 0,
                "total": 0
              }
            },
            {
              "batter": "WJ Lubbe",
              "bowler": "GF Linde",
              "non_striker": "M Prince",
              "over": 7,
              "runs": {
                "batter": 1,
                "extras": 0,
                "total": 1
              }
            },
            {
              "batter": "M Prince",
              "bowler": "GF Linde",
              "non_striker": "WJ Lubbe",
              "over": 7,
              "runs": {
                "batter": 0,
                "extras": 0,
                "total": 0
              }
            }
          ]
        },
        {
          "over": 8,
          "deliveries": [
            {
              "batter": "WJ Lubbe",
              "bowler": "KI Simmonds",
              "non_striker": "M Prince",
              "over": 8,
              "runs": {
                "batter": 2,
                "extras": 0,
                "total": 2
              }
            },
            {
              "batter": "WJ Lubbe",
              "bowler": "KI Simmonds",
              "non_striker": "M Prince",
              "over": 8,
              "runs": {
                "batter": 2,
                "extras": 0,
                "total": 2
              }
            },
            {
              "batter": "WJ Lubbe",
              "bowler": "KI Simmonds",
              "non_striker": "M Prince",
              "over": 8,
              "runs": {
                "batter": 0,
                "extras": 0,
                "total": 0
              }
            },
            {
              "batter": "WJ Lubbe",
              "bowler": "KI Simmonds",
              "extras": {
                "wides": 1
              },
              "non_striker": "M Prince",
              "over": 8,
              "runs": {
                "batter": 0,
                "extras": 1,
                "total": 1
              }
            },
            {
              "batter": "WJ Lubbe",
              "bowler": "KI Simmonds",
              "non_striker": "M Prince",
              "over": 8,
              "runs": {
                "batter": 2,
                "extras": 0,
                "total": 2
              }
            },
            {
              "batter": "WJ Lubbe",
              "bowler": "KI Simmonds",
              "non_striker": "M Prince",
              "over": 8,
              "runs": {
                "batter": 4,
                "extras": 0,
                "total": 4
              }
            },
            {
              "batter": "WJ Lubbe",
              "bowler": "KI Simmonds",
              "non_striker": "M Prince",
              "over": 8,
              "runs": {
                "batter": 2,
                "extras": 0,
                "total": 2
              }
            }
          ]
        },
        {
          "over": 9,
          "deliveries": [
            {
              "batter": "M Prince",
              "bowler": "GF Linde",
              "non_striker": "WJ Lubbe",
              "over": 9,
              "runs": {
                "batter": 0,
                "extras": 0,
                "total": 0
              },
              "wickets": [
                {
                  "player_out": "M Prince",
                  "kind": "lbw"
                }
              ]
            },
            {
              "batter": "JN Malan",
              "bowler": "GF Linde",
              "non_striker": "WJ Lubbe",
              "over": 9,
              "runs": {
                "batter": 1,
                "extras": 0,
                "total": 1
              }
            },
            {
              "batter": "WJ Lubbe",
              "bowler": "GF Linde",
              "non_striker": "JN Malan",
              "over": 9,
              "runs": {
                "batter": 1,
                "extras": 0,
                "total": 1
              }
            },
            {
              "batter": "JN Malan",
              "bowler": "GF Linde",
              "non_striker": "WJ Lubbe",
              "over": 9,
              "runs": {
                "batter": 1,
                "extras": 0,
                "total": 1
              }
            },
            {
              "batter": "WJ Lubbe",
              "bowler": "GF Linde",
              "extras": {
                "wides": 1
              },
              "non_striker": "JN Malan",
              "over": 9,
              "runs": {
                "batter": 0,
                "extras": 1,
                "total": 1
              }
            },
            {
              "batter": "WJ Lubbe",
              "bowler": "GF Linde",
              "non_striker": "JN Malan",
              "over": 9,
              "runs": {
                "batter": 1,
                "extras": 0,
                "total": 1
              }
            },
            {
              "batter": "JN Malan",
              "bowler": "GF Linde",
              "non_striker": "WJ Lubbe",
              "over": 9,
              "runs": {
                "batter": 0,
                "extras": 0,
                "total": 0
              }
            }
          ]
        },
        {
          "over": 10,
          "deliveries": [
            {
              "batter": "WJ Lubbe",
              "bowler": "KI Simmonds",
              "non_striker": "JN Malan",
              "over": 10,
              "runs": {
                "batter": 2,
                "extras": 0,
                "total": 2
              }
            },
            {
              "batter": "WJ Lubbe",
              "bowler": "KI Simmonds",
              "non_striker": "JN Malan",
              "over": 10,
              "runs": {
                "batter": 0,
                "extras": 0,
                "total": 0
              }
            },
            {
              "batter": "WJ Lubbe",
              "bowler": "KI Simmonds",
              "non_striker": "JN Malan",
              "over": 10,
              "runs": {
                "batter": 1,
                "extras": 0,
                "total": 1
              }
            },
            {
              "batter": "JN Malan",
              "bowler": "KI Simmonds",
              "non_striker": "WJ Lubbe",
              "over": 10,
              "runs": {
                "batter": 0,
                "extras": 0,
                "total": 0
              }
            },
            {
              "batter": "JN Malan",
              "bowler": "KI Simmonds",
              "non_striker": "WJ Lubbe",
              "over": 10,
              "runs": {
                "batter": 2,
                "extras": 0,
                "total": 2
              }
            },
            {
              "batter": "JN Malan",
              "bowler": "KI Simmonds",
              "non_striker": "WJ Lubbe",
              "over": 10,
              "runs": {
                "batter": 2,
                "extras": 0,
                "total": 2
              }
            }
          ]
        },
        {
          "over": 11,
          "deliveries": [
            {
              "batter": "WJ Lubbe",
              "bowler": "GF Linde",
              "non_striker": "JN Malan",
              "over": 11,
              "runs": {
                "batter": 1,
                "extras": 0,
                "total": 1
              }
            },
            {
              "batter": "JN Malan",
              "bowler": "GF Linde",
              "non_striker": "WJ Lubbe",
              "over": 11,
              "runs": {
                "batter": 1,
                "extras": 0,
                "total": 1
              }
            },
            {
              "batter": "WJ Lubbe",
              "bowler": "GF Linde",
              "non_striker": "JN Malan",
              "over": 11,
              "runs": {
                "batter": 0,
                "extras": 0,
                "total": 0
              },
              "wickets": [
                {
                  "player_out": "WJ Lubbe",
                  "fielders": [
                    {
                      "name": "W Bedja"
                    }
                  ],
                  "kind": "caught"
                }
              ]
            },
            {
              "batter": "LC Ngoepe",
              "bowler": "GF Linde",
              "non_striker": "JN Malan",
              "over": 11,
              "runs": {
                "batter": 1,
                "extras": 0,
                "total": 1
              }
            },
            {
              "batter": "JN Malan",
              "bowler": "GF Linde",
              "non_striker": "LC Ngoepe",
              "over": 11,
              "runs": {
                "batter": 0,
                "extras": 0,
                "total": 0
              }
            },
            {
              "batter": "JN Malan",
              "bowler": "GF Linde",
              "non_striker": "LC Ngoepe",
              "over": 11,
              "runs": {
                "batter": 0,
                "extras": 0,
                "total": 0
              }
            }
          ]
        },
        {
          "over": 12,
          "deliveries": [
            {
              "batter": "LC Ngoepe",
              "bowler": "W Bedja",
              "non_striker": "JN Malan",
              "over": 12,
              "runs": {
                "batter": 0,
                "extras": 0,
                "total": 0
              }
            },
            {
              "batter": "LC Ngoepe",
              "bowler": "W Bedja",
              "non_striker": "JN Malan",
              "over": 12,
              "runs": {
                "batter": 0,
                "extras": 0,
                "total": 0
              }
            },
            {
              "batter": "LC Ngoepe",
              "bowler": "W Bedja",
              "non_striker": "JN Malan",
              "over": 12,
              "runs": {
                "batter": 0,
                "extras": 0,
                "total": 0
              }
            },
            {
              "batter": "LC Ngoepe",
              "bowler": "W Bedja",
              "non_striker": "JN Malan",
              "over": 12,
              "runs": {
                "batter": 1,
                "extras": 0,
                "total": 1
              }
            },
            {
              "batter": "JN Malan",
              "bowler": "W Bedja",
              "non_striker": "LC Ngoepe",
              "over": 12,
              "runs": {
                "batter": 0,
                "extras": 0,
                "total": 0
              }
            },
            {
              "batter": "JN Malan",
              "bowler": "W Bedja",
              "non_striker": "LC Ngoepe",
              "over": 12,
              "runs": {
                "batter": 1,
                "extras": 0,
                "total": 1
              }
            }
          ]
        },
        {
          "over": 13,
          "deliveries": [
            {
              "batter": "JN Malan",
              "bowler": "GF Linde",
              "non_striker": "LC Ngoepe",
              "over": 13,
              "runs": {
                "batter": 1,
                "extras": 0,
                "total": 1
              }
            },
            {
              "batter": "LC Ngoepe",
              "bowler": "GF Linde",
              "non_striker": "JN Malan",
              "over": 13,
              "runs": {
                "batter": 1,
                "extras": 0,
                "total": 1
              }
            },
            {
              "batter": "JN Malan",
              "bowler": "GF Linde",
              "non_striker": "LC Ngoepe",
              "over": 13,
              "runs": {
                "batter": 1,
                "extras": 0,
                "total": 1
              }
            },
            {
              "batter": "LC Ngoepe",
              "bowler": "GF Linde",
              "non_striker": "JN Malan",
              "over": 13,
              "runs": {
                "batter": 1,
                "extras": 0,
                "total": 1
              }
            },
            {
              "batter": "JN Malan",
              "bowler": "GF Linde",
              "non_striker": "LC Ngoepe",
              "over": 13,
              "runs": {
                "batter": 1,
                "extras": 0,
                "total": 1
              }
            },
            {
              "batter": "LC Ngoepe",
              "bowler": "GF Linde",
              "non_striker": "JN Malan",
              "over": 13,
              "runs": {
                "batter": 6,
                "extras": 0,
                "total": 6
              }
            }
          ]
        },
        {
          "over": 14,
          "deliveries": [
            {
              "batter": "JN Malan",
              "bowler": "W Bedja",
              "non_striker": "LC Ngoepe",
              "over": 14,
              "runs": {
                "batter": 1,
                "extras": 0,
                "total": 1
              }
            },
            {
              "batter": "LC Ngoepe",
              "bowler": "W Bedja",
              "non_striker": "JN Malan",
              "over": 14,
              "runs": {
                "batter": 4,
                "extras": 0,
                "total": 4
              }
            },
            {
              "batter": "LC Ngoepe",
              "bowler": "W Bedja",
              "non_striker": "JN Malan",
              "over": 14,
              "runs": {
                "batter": 0,
                "extras": 0,
                "total": 0
              },
              "wickets": [
                {
                  "player_out": "LC Ngoepe",
                  "fielders": [
                    {
                      "name": "GF Linde"
                    }
                  ],
                  "kind": "caught"
                }
              ]
            },
            {
              "batter": "D Jansen",
              "bowler": "W Bedja",
              "non_striker": "JN Malan",
              "over": 14,
              "runs": {
                "batter": 2,
                "extras": 0,
                "total": 2
              }
            },
            {
              "batter": "D Jansen",
              "bowler": "W Bedja",
              "non_striker": "JN Malan",
              "over": 14,
              "runs": {
                "batter": 1,
                "extras": 0,
                "total": 1
              }
            },
            {
              "batter": "JN Malan",
              "bowler": "W Bedja",
              "non_striker": "D Jansen",
              "over": 14,
              "runs": {
                "batter": 0,
                "extras": 0,
                "total": 0
              }
            }
          ]
        },
        {
          "over": 15,
          "deliveries": [
            {
              "batter": "D Jansen",
              "bowler": "BE Hendricks",
              "non_striker": "JN Malan",
              "over": 15,
              "runs": {
                "batter": 1,
                "extras": 0,
                "total": 1
              }
            },
            {
              "batter": "JN Malan",
              "bowler": "BE Hendricks",
              "non_striker": "D Jansen",
              "over": 15,
              "runs": {
                "batter": 0,
                "extras": 0,
                "total": 0
              }
            },
            {
              "batter": "JN Malan",
              "bowler": "BE Hendricks",
              "non_striker": "D Jansen",
              "over": 15,
              "runs": {
                "batter": 2,
                "extras": 0,
                "total": 2
              }
            },
            {
              "batter": "JN Malan",
              "bowler": "BE Hendricks",
              "non_striker": "D Jansen",
              "over": 15,
              "runs": {
                "batter": 4,
                "extras": 0,
                "total": 4
              }
            },
            {
              "batter": "JN Malan",
              "bowler": "BE Hendricks",
              "non_striker": "D Jansen",
              "over": 15,
              "runs": {
                "batter": 0,
                "extras": 0,
                "total": 0
              }
            },
            {
              "batter": "JN Malan",
              "bowler": "BE Hendricks",
              "non_striker": "D Jansen",
              "over": 15,
              "runs": {
                "batter": 1,
                "extras": 0,
                "total": 1
              }
            }
          ]
        },
        {
          "over": 16,
          "deliveries": [
            {
              "batter": "JN Malan",
              "bowler": "W Bedja",
              "non_striker": "D Jansen",
              "over": 16,
              "runs": {
                "batter": 0,
                "extras": 0,
                "total": 0
              }
            },
            {
              "batter": "JN Malan",
              "bowler": "W Bedja",
              "non_striker": "D Jansen",
              "over": 16,
              "runs": {
                "batter": 0,
                "extras": 0,
                "total": 0
              }
            },
            {
              "batter": "JN Malan",
              "bowler": "W Bedja",
              "non_striker": "D Jansen",
              "over": 16,
              "runs": {
                "batter": 6,
                "extras": 0,
                "total": 6
              }
            },
            {
              "batter": "JN Malan",
              "bowler": "W Bedja",
              "non_striker": "D Jansen",
              "over": 16,
              "runs": {
                "batter": 1,
                "extras": 0,
                "total": 1
              }
            },
            {
              "batter": "D Jansen",
              "bowler": "W Bedja",
              "non_striker": "JN Malan",
              "over": 16,
              "runs": {
                "batter": 1,
                "extras": 0,
                "total": 1
              }
            },
            {
              "batter": "JN Malan",
              "bowler": "W Bedja",
              "non_striker": "D Jansen",
              "over": 16,
              "runs": {
                "batter": 0,
                "extras": 0,
                "total": 0
              },
              "wickets": [
                {
                  "player_out": "JN Malan",
                  "kind": "bowled"
                }
              ]
            }
          ]
        },
        {
          "over": 17,
          "deliveries": [
            {
              "batter": "D Jansen",
              "bowler": "M Mpongwana",
              "non_striker": "M Jansen",
              "over": 17,
              "runs": {
                "batter": 0,
                "extras": 0,
                "total": 0
              },
              "wickets": [
                {
                  "player_out": "D Jansen",
                  "kind": "bowled"
                }
              ]
            },
            {
              "batter": "C Seleka",
              "bowler": "M Mpongwana",
              "non_striker": "M Jansen",
              "over": 17,
              "runs": {
                "batter": 0,
                "extras": 0,
                "total": 0
              },
              "wickets": [
                {
                  "player_out": "C Seleka",
                  "kind": "bowled"
                }
              ]
            },
            {
              "batter": "K Mungroo",
              "bowler": "M Mpongwana",
              "non_striker": "M Jansen",
              "over": 17,
              "runs": {
                "batter": 0,
                "extras": 0,
                "total": 0
              }
            },
            {
              "batter": "K Mungroo",
              "bowler": "M Mpongwana",
              "non_striker": "M Jansen",
              "over": 17,
              "runs": {
                "batter": 0,
                "extras": 0,
                "total": 0
              }
            },
            {
              "batter": "K Mungroo",
              "bowler": "M Mpongwana",
              "non_striker": "M Jansen",
              "over": 17,
              "runs": {
                "batter": 1,
                "extras": 0,
                "total": 1
              }
            },
            {
              "batter": "M Jansen",
              "bowler": "M Mpongwana",
              "non_striker": "K Mungroo",
              "over": 17,
              "runs": {
                "batter": 0,
                "extras": 0,
                "total": 0
              }
            }
          ]
        },
        {
          "over": 18,
          "deliveries": [
            {
              "batter": "K Mungroo",
              "bowler": "BE Hendricks",
              "non_striker": "M Jansen",
              "over": 18,
              "runs": {
                "batter": 0,
                "extras": 0,
                "total": 0
              }
            },
            {
              "batter": "K Mungroo",
              "bowler": "BE Hendricks",
              "non_striker": "M Jansen",
              "over": 18,
              "runs": {
                "batter": 1,
                "extras": 0,
                "total": 1
              }
            },
            {
              "batter": "M Jansen",
              "bowler": "BE Hendricks",
              "non_striker": "K Mungroo",
              "over": 18,
              "runs": {
                "batter": 0,
                "extras": 0,
                "total": 0
              }
            },
            {
              "batter": "M Jansen",
              "bowler": "BE Hendricks",
              "non_striker": "K Mungroo",
              "over": 18,
              "runs": {
                "batter": 4,
                "extras": 0,
                "total": 4
              }
            },
            {
              "batter": "M Jansen",
              "bowler": "BE Hendricks",
              "non_striker": "K Mungroo",
              "over": 18,
              "runs": {
                "batter": 6,
                "extras": 0,
                "total": 6
              }
            },
            {
              "batter": "M Jansen",
              "bowler": "BE Hendricks",
              "non_striker": "K Mungroo",
              "over": 18,
              "runs": {
                "batter": 4,
                "extras": 0,
                "total": 4
              }
            }
          ]
        },
        {
          "over": 19,
          "deliveries": [
            {
              "batter": "K Mungroo",
              "bowler": "M Mpongwana",
              "non_striker": "M Jansen",
              "over": 19,
              "runs": {
                "batter": 1,
                "extras": 0,
                "total": 1
              }
            },
            {
              "batter": "M Jansen",
              "bowler": "M Mpongwana",
              "non_striker": "K Mungroo",
              "over": 19,
              "runs": {
                "batter": 0,
                "extras": 0,
                "total": 0
              }
            },
            {
              "batter": "M Jansen",
              "bowler": "M Mpongwana",
              "non_striker": "K Mungroo",
              "over": 19,
              "runs": {
                "batter": 0,
                "extras": 0,
                "total": 0
              }
            },
            {
              "batter": "M Jansen",
              "bowler": "M Mpongwana",
              "non_striker": "K Mungroo",
              "over": 19,
              "runs": {
                "batter": 4,
                "extras": 0,
                "total": 4
              }
            }
          ]
        }
      ],
      "powerplays": [
        {
          "from": 0.1,
          "to": 5.7,
          "type": "mandatory"
        }
      ]
    }
  ]
}