{
  "meta": {
    "data_version": "1.1.0",
    "created": "2022-04-04",
    "revision": 1
  },
  "info": {
    "balls_per_over": 6,
    "city": "Centurion",
    "dates": [
      "2012-03-18"
    ],
    "event": {
      "name": "MiWAY T20 Challenge",
      "match_number": 39
    },
    "gender": "male",
    "match_type": "T20",
    "officials": {
      "match_referees": [
        "SB Lambson"
      ],
      "reserve_umpires": [
        "BP Jele"
      ],
      "tv_umpires": [
        "MW Brown"
      ],
      "umpires": [
        "AT Holdstock",
        "DJ Smith"
      ]
    },
    "outcome": {
      "winner": "Titans",
      "by": {
        "wickets": 6
      }
    },
    "overs": 20,
    "player_of_match": [
      "AC Thomas",
      "F du Plessis"
    ],
    "players": {
      "Cape Cobras": [
        "RE Levi",
        "S van Zyl",
        "MY Vallie",
        "OA Shah",
        "DJ Vilas",
        "JL Ontong",
        "JM Kemp",
        "AJA Gray",
        "DL Piedt",
        "BE Hendricks",
        "GB Hogg"
      ],
      "Titans": [
        "H Davids",
        "HG Kuhn",
        "RE van der Merwe",
        "F du Plessis",
        "M van Jaarsveld",
        "F Behardien",
        "JA Morkel",
        "D Wiese",
        "AC Thomas",
        "ER Links",
        "NE Mbhalati"
      ]
    },
    "registry": {
      "people": {
        "AC Thomas": "b552a935",
        "AJA Gray": "88867cac",
        "AT Holdstock": "6fa3258c",
        "BE Hendricks": "b56dc5f7",
        "BP Jele": "7bb1331e",
        "D Wiese": "aa8d28ae",
        "DJ Smith": "d17bec15",
        "DJ Vilas": "087210b1",
        "DL Piedt": "537f5ab2",
        "ER Links": "994d9d36",
        "F Behardien": "dce2019b",
        "F du Plessis": "3355b542",
        "GB Hogg": "f708a0bc",
        "H Davids": "9c9f8dbc",
        "HG Kuhn": "ede05b97",
        "JA Morkel": "c3d35165",
        "JL Ontong": "55f33b32",
        "JM Kemp": "6581d753",
        "M van Jaarsveld": "f407e354",
        "MW Brown": "d83d7796",
        "MY Vallie": "9fa54c94",
        "NE Mbhalati": "800b52dc",
        "OA Shah": "7bf96684",
        "RE Levi": "18c78b11",
        "RE van der Merwe": "05c2ca46",
        "S van Zyl": "f4dfcbb4",
        "SB Lambson": "4146063f"
      }
    },
    "season": "2011/12",
    "team_type": "club",
    "teams": [
      "Cape Cobras",
      "Titans"
    ],
    "toss": {
      "decision": "bat",
      "winner": "Cape Cobras"
    },
    "venue": "SuperSport Park, Centurion"
  },
  "innings": [
    {
      "team": "Cape Cobras",
      "overs": [
        {
          "over": 0,
          "deliveries": [
            {
              "batter": "RE Levi",
              "bowler": "NE Mbhalati",
              "extras": {
                "wides": 1
              },
              "non_striker": "S van Zyl",
              "runs": {
                "batter": 0,
                "extras": 1,
                "total": 1
              }
            },
            {
              "batter": "RE Levi",
              "bowler": "NE Mbhalati",
              "non_striker": "S van Zyl",
              "runs": {
                "batter": 0,
                "extras": 0,
                "total": 0
              }
            },
            {
              "batter": "RE Levi",
              "bowler": "NE Mbhalati",
              "non_striker": "S van Zyl",
              "runs": {
                "batter": 0,
                "extras": 0,
                "total": 0
              }
            },
            {
              "batter": "RE Levi",
              "bowler": "NE Mbhalati",
              "non_striker": "S van Zyl",
              "runs": {
                "batter": 0,
                "extras": 0,
                "total": 0
              }
            },
            {
              "batter": "RE Levi",
              "bowler": "NE Mbhalati",
              "non_striker": "S van Zyl",
              "runs": {
                "batter": 4,
                "extras": 0,
                "total": 4
              }
            },
            {
              "batter": "RE Levi",
              "bowler": "NE Mbhalati",
              "non_striker": "S van Zyl",
              "runs": {
                "batter": 0,
                "extras": 0,
                "total": 0
              }
            },
            {
              "batter": "RE Levi",
              "bowler": "NE Mbhalati",
              "non_striker": "S van Zyl",
              "runs": {
                "batter": 4,
                "extras": 0,
                "total": 4
              }
            }
          ]
        },
        {
          "over": 1,
          "deliveries": [
            {
              "batter": "S van Zyl",
              "bowler": "AC Thomas",
              "non_striker": "RE Levi",
              "runs": {
                "batter": 0,
                "extras": 0,
                "total": 0
              }
            },
            {
              "batter": "S van Zyl",
              "bowler": "AC Thomas",
              "non_striker": "RE Levi",
              "runs": {
                "batter": 1,
                "extras": 0,
                "total": 1
              }
            },
            {
              "batter": "RE Levi",
              "bowler": "AC Thomas",
              "non_striker": "S van Zyl",
              "runs": {
                "batter": 1,
                "extras": 0,
                "total": 1
              }
            },
            {
              "batter": "S van Zyl",
              "bowler": "AC Thomas",
              "non_striker": "RE Levi",
              "runs": {
                "batter": 1,
                "extras": 0,
                "total": 1
              }
            },
            {
              "batter": "RE Levi",
              "bowler": "AC Thomas",
              "non_striker": "S van Zyl",
              "runs": {
                "batter": 1,
                "extras": 0,
                "total": 1
              }
            },
            {
              "batter": "S van Zyl",
              "bowler": "AC Thomas",
              "non_striker": "RE Levi",
              "runs": {
                "batter": 1,
                "extras": 0,
                "total": 1
              }
            }
          ]
        },
        {
          "over": 2,
          "deliveries": [
            {
              "batter": "S van Zyl",
              "bowler": "NE Mbhalati",
              "non_striker": "RE Levi",
              "runs": {
                "batter": 0,
                "extras": 0,
                "total": 0
              }
            },
            {
              "batter": "S van Zyl",
              "bowler": "NE Mbhalati",
              "non_striker": "RE Levi",
              "runs": {
                "batter": 1,
                "extras": 0,
                "total": 1
              }
            },
            {
              "batter": "RE Levi",
              "bowler": "NE Mbhalati",
              "non_striker": "S van Zyl",
              "runs": {
                "batter": 6,
                "extras": 0,
                "total": 6
              }
            },
            {
              "batter": "RE Levi",
              "bowler": "NE Mbhalati",
              "non_striker": "S van Zyl",
              "runs": {
                "batter": 6,
                "extras": 0,
                "total": 6
              }
            },
            {
              "batter": "RE Levi",
              "bowler": "NE Mbhalati",
              "non_striker": "S van Zyl",
              "runs": {
                "batter": 2,
                "extras": 0,
                "total": 2
              }
            },
            {
              "batter": "RE Levi",
              "bowler": "NE Mbhalati",
              "non_striker": "S van Zyl",
              "runs": {
                "batter": 1,
                "extras": 0,
                "total": 1
              }
            }
          ]
        },
        {
          "over": 3,
          "deliveries": [
            {
              "batter": "RE Levi",
              "bowler": "JA Morkel",
              "non_striker": "S van Zyl",
              "runs": {
                "batter": 0,
                "extras": 0,
                "total": 0
              },
              "wickets": [
                {
                  "player_out": "RE Levi",
                  "fielders": [
                    {
                      "name": "F Behardien"
                    }
                  ],
                  "kind": "caught"
                }
              ]
            },
            {
              "batter": "MY Vallie",
              "bowler": "JA Morkel",
              "non_striker": "S van Zyl",
              "runs": {
                "batter": 1,
                "extras": 0,
                "total": 1
              }
            },
            {
              "batter": "S van Zyl",
              "bowler": "JA Morkel",
              "non_striker": "MY Vallie",
              "runs": {
                "batter": 0,
                "extras": 0,
                "total": 0
              }
            },
            {
              "batter": "S van Zyl",
              "bowler": "JA Morkel",
              "non_striker": "MY Vallie",
              "runs": {
                "batter": 0,
                "extras": 0,
                "total": 0
              }
            },
            {
              "batter": "S van Zyl",
              "bowler": "JA Morkel",
              "non_striker": "MY Vallie",
              "runs": {
                "batter": 1,
                "extras": 0,
                "total": 1
              }
            },
            {
              "batter": "MY Vallie",
              "bowler": "JA Morkel",
              "non_striker": "S van Zyl",
              "runs": {
                "batter": 0,
                "extras": 0,
                "total": 0
              }
            }
          ]
        },
        {
          "over": 4,
          "deliveries": [
            {
              "batter": "S van Zyl",
              "bowler": "ER Links",
              "non_striker": "MY Vallie",
              "runs": {
                "batter": 1,
                "extras": 0,
                "total": 1
              }
            },
            {
              "batter": "MY Vallie",
              "bowler": "ER Links",
              "non_striker": "S van Zyl",
              "runs": {
                "batter": 0,
                "extras": 0,
                "total": 0
              }
            },
            {
              "batter": "MY Vallie",
              "bowler": "ER Links",
              "extras": {
                "wides": 1
              },
              "non_striker": "S van Zyl",
              "runs": {
                "batter": 0,
                "extras": 1,
                "total": 1
              }
            },
            {
              "batter": "MY Vallie",
              "bowler": "ER Links",
              "non_striker": "S van Zyl",
              "runs": {
                "batter": 1,
                "extras": 0,
                "total": 1
              }
            },
            {
              "batter": "S van Zyl",
              "bowler": "ER Links",
              "non_striker": "MY Vallie",
              "runs": {
                "batter": 4,
                "extras": 0,
                "total": 4
              }
            },
            {
              "batter": "S van Zyl",
              "bowler": "ER Links",
              "non_striker": "MY Vallie",
              "runs": {
                "batter": 0,
                "extras": 0,
                "total": 0
              }
            },
            {
              "batter": "S van Zyl",
              "bowler": "ER Links",
              "non_striker": "MY Vallie",
              "runs": {
                "batter": 0,
                "extras": 0,
                "total": 0
              }
            }
          ]
        },
        {
          "over": 5,
          "deliveries": [
            {
              "batter": "MY Vallie",
              "bowler": "AC Thomas",
              "non_striker": "S van Zyl",
              "runs": {
                "batter": 0,
                "extras": 0,
                "total": 0
              }
            },
            {
              "batter": "MY Vallie",
              "bowler": "AC Thomas",
              "non_striker": "S van Zyl",
              "runs": {
                "batter": 0,
                "extras": 0,
                "total": 0
              }
            },
            {
              "batter": "MY Vallie",
              "bowler": "AC Thomas",
              "non_striker": "S van Zyl",
              "runs": {
                "batter": 4,
                "extras": 0,
                "total": 4
              }
            },
            {
              "batter": "MY Vallie",
              "bowler": "AC Thomas",
              "non_striker": "S van Zyl",
              "runs": {
                "batter": 0,
                "extras": 0,
                "total": 0
              },
              "wickets": [
                {
                  "player_out": "MY Vallie",
                  "kind": "bowled"
                }
              ]
            },
            {
              "batter": "OA Shah",
              "bowler": "AC Thomas",
              "non_striker": "S van Zyl",
              "runs": {
                "batter": 0,
                "extras": 0,
                "total": 0
              }
            },
            {
              "batter": "OA Shah",
              "bowler": "AC Thomas",
              "non_striker": "S van Zyl",
              "runs": {
                "batter": 0,
                "extras": 0,
                "total": 0
              }
            }
          ]
        },
        {
          "over": 6,
          "deliveries": [
            {
              "batter": "S van Zyl",
              "bowler": "ER Links",
              "non_striker": "OA Shah",
              "runs": {
                "batter": 2,
                "extras": 0,
                "total": 2
              }
            },
            {
              "batter": "S van Zyl",
              "bowler": "ER Links",
              "non_striker": "OA Shah",
              "runs": {
                "batter": 0,
                "extras": 0,
                "total": 0
              }
            },
            {
              "batter": "S van Zyl",
              "bowler": "ER Links",
              "non_striker": "OA Shah",
              "runs": {
                "batter": 0,
                "extras": 0,
                "total": 0
              }
            },
            {
              "batter": "S van Zyl",
              "bowler": "ER Links",
              "non_striker": "OA Shah",
              "runs": {
                "batter": 1,
                "extras": 0,
                "total": 1
              }
            },
            {
              "batter": "OA Shah",
              "bowler": "ER Links",
              "non_striker": "S van Zyl",
              "runs": {
                "batter": 1,
                "extras": 0,
                "total": 1
              }
            },
            {
              "batter": "S van Zyl",
              "bowler": "ER Links",
              "non_striker": "OA Shah",
              "runs": {
                "batter": 1,
                "extras": 0,
                "total": 1
              }
            }
          ]
        },
        {
          "over": 7,
          "deliveries": [
            {
              "batter": "S van Zyl",
              "bowler": "JA Morkel",
              "non_striker": "OA Shah",
              "runs": {
                "batter": 1,
                "extras": 0,
                "total": 1
              }
            },
            {
              "batter": "OA Shah",
              "bowler": "JA Morkel",
              "non_striker": "S van Zyl",
              "runs": {
                "batter": 0,
                "extras": 0,
                "total": 0
              }
            },
            {
              "batter": "OA Shah",
              "bowler": "JA Morkel",
              "non_striker": "S van Zyl",
              "runs": {
                "batter": 2,
                "extras": 0,
                "total": 2
              }
            },
            {
              "batter": "OA Shah",
              "bowler": "JA Morkel",
              "non_striker": "S van Zyl",
              "runs": {
                "batter": 0,
                "extras": 0,
                "total": 0
              }
            },
            {
              "batter": "OA Shah",
              "bowler": "JA Morkel",
              "non_striker": "S van Zyl",
              "runs": {
                "batter": 0,
                "extras": 0,
                "total": 0
              }
            },
            {
              "batter": "OA Shah",
              "bowler": "JA Morkel",
              "non_striker": "S van Zyl",
              "runs": {
                "batter": 1,
                "extras": 0,
                "total": 1
              }
            }
          ]
        },
        {
          "over": 8,
          "deliveries": [
            {
              "batter": "OA Shah",
              "bowler": "ER Links",
              "non_striker": "S van Zyl",
              "runs": {
                "batter": 6,
                "extras": 0,
                "total": 6
              }
            },
            {
              "batter": "OA Shah",
              "bowler": "ER Links",
              "non_striker": "S van Zyl",
              "runs": {
                "batter": 1,
                "extras": 0,
                "total": 1
              }
            },
            {
              "batter": "S van Zyl",
              "bowler": "ER Links",
              "non_striker": "OA Shah",
              "runs": {
                "batter": 0,
                "extras": 0,
                "total": 0
              }
            },
            {
              "batter": "S van Zyl",
              "bowler": "ER Links",
              "non_striker": "OA Shah",
              "runs": {
                "batter": 1,
                "extras": 0,
                "total": 1
              }
            },
            {
              "batter": "OA Shah",
              "bowler": "ER Links",
              "non_striker": "S van Zyl",
              "runs": {
                "batter": 1,
                "extras": 0,
                "total": 1
              }
            },
            {
              "batter": "S van Zyl",
              "bowler": "ER Links",
              "non_striker": "OA Shah",
              "runs": {
                "batter": 2,
                "extras": 0,
                "total": 2
              }
            }
          ]
        },
        {
          "over": 9,
          "deliveries": [
            {
              "batter": "OA Shah",
              "bowler": "JA Morkel",
              "non_striker": "S van Zyl",
              "runs": {
                "batter": 0,
                "extras": 0,
                "total": 0
              },
              "wickets": [
                {
                  "player_out": "OA Shah",
                  "fielders": [
                    {
                      "name": "HG Kuhn"
                    }
                  ],
                  "kind": "caught"
                }
              ]
            },
            {
              "batter": "DJ Vilas",
              "bowler": "JA Morkel",
              "non_striker": "S van Zyl",
              "runs": {
                "batter": 1,
                "extras": 0,
                "total": 1
              }
            },
            {
              "batter": "S van Zyl",
              "bowler": "JA Morkel",
              "non_striker": "DJ Vilas",
              "runs": {
                "batter": 0,
                "extras": 0,
                "total": 0
              }
            },
            {
              "batter": "S van Zyl",
              "bowler": "JA Morkel",
              "non_striker": "DJ Vilas",
              "runs": {
                "batter": 1,
                "extras": 0,
                "total": 1
              }
            },
            {
              "batter": "DJ Vilas",
              "bowler": "JA Morkel",
              "non_striker": "S van Zyl",
              "runs": {
                "batter": 1,
                "extras": 0,
                "total": 1
              }
            },
            {
              "batter": "S van Zyl",
              "bowler": "JA Morkel",
              "extras": {
                "wides": 1
              },
              "non_striker": "DJ Vilas",
              "runs": {
                "batter": 0,
                "extras": 1,
                "total": 1
              }
            },
            {
              "batter": "S van Zyl",
              "bowler": "JA Morkel",
              "non_striker": "DJ Vilas",
              "runs": {
                "batter": 0,
                "extras": 0,
                "total": 0
              }
            }
          ]
        },
        {
          "over": 10,
          "deliveries": [
            {
              "batter": "DJ Vilas",
              "bowler": "ER Links",
              "non_striker": "S van Zyl",
              "runs": {
                "batter": 1,
                "extras": 0,
                "total": 1
              }
            },
            {
              "batter": "S van Zyl",
              "bowler": "ER Links",
              "non_striker": "DJ Vilas",
              "runs": {
                "batter": 1,
                "extras": 0,
                "total": 1
              }
            },
            {
              "batter": "DJ Vilas",
              "bowler": "ER Links",
              "non_striker": "S van Zyl",
              "runs": {
                "batter": 0,
                "extras": 0,
                "total": 0
              }
            },
            {
              "batter": "DJ Vilas",
              "bowler": "ER Links",
              "non_striker": "S van Zyl",
              "runs": {
                "batter": 1,
                "extras": 0,
                "total": 1
              }
            },
            {
              "batter": "S van Zyl",
              "bowler": "ER Links",
              "non_striker": "DJ Vilas",
              "runs": {
                "batter": 0,
                "extras": 0,
                "total": 0
              }
            },
            {
              "batter": "S van Zyl",
              "bowler": "ER Links",
              "non_striker": "DJ Vilas",
              "runs": {
                "batter": 1,
                "extras": 0,
                "total": 1
              }
            }
          ]
        },
        {
          "over": 11,
          "deliveries": [
            {
              "batter": "S van Zyl",
              "bowler": "RE van der Merwe",
              "non_striker": "DJ Vilas",
              "runs": {
                "batter": 0,
                "extras": 0,
                "total": 0
              }
            },
            {
              "batter": "S van Zyl",
              "bowler": "RE van der Merwe",
              "non_striker": "DJ Vilas",
              "runs": {
                "batter": 0,
                "extras": 0,
                "total": 0
              }
            },
            {
              "batter": "S van Zyl",
              "bowler": "RE van der Merwe",
              "non_striker": "DJ Vilas",
              "runs": {
                "batter": 2,
                "extras": 0,
                "total": 2
              }
            },
            {
              "batter": "S van Zyl",
              "bowler": "RE van der Merwe",
              "non_striker": "DJ Vilas",
              "runs": {
                "batter": 1,
                "extras": 0,
                "total": 1
              }
            },
            {
              "batter": "DJ Vilas",
              "bowler": "RE van der Merwe",
              "non_striker": "S van Zyl",
              "runs": {
                "batter": 2,
                "extras": 0,
                "total": 2
              }
            },
            {
              "batter": "DJ Vilas",
              "bowler": "RE van der Merwe",
              "non_striker": "S van Zyl",
              "runs": {
                "batter": 0,
                "extras": 0,
                "total": 0
              }
            }
          ]
        },
        {
          "over": 12,
          "deliveries": [
            {
              "batter": "S van Zyl",
              "bowler": "D Wiese",
              "non_striker": "DJ Vilas",
              "runs": {
                "batter": 0,
                "extras": 0,
                "total": 0
              }
            },
            {
              "batter": "S van Zyl",
              "bowler": "D Wiese",
              "non_striker": "DJ Vilas",
              "runs": {
                "batter": 2,
                "extras": 0,
                "total": 2
              }
            },
            {
              "batter": "S van Zyl",
              "bowler": "D Wiese",
              "non_striker": "DJ Vilas",
              "runs": {
                "batter": 0,
                "extras": 0,
                "total": 0
              }
            },
            {
              "batter": "S van Zyl",
              "bowler": "D Wiese",
              "non_striker": "DJ Vilas",
              "runs": {
                "batter": 1,
                "extras": 0,
                "total": 1
              }
            },
            {
              "batter": "DJ Vilas",
              "bowler": "D Wiese",
              "non_striker": "S van Zyl",
              "runs": {
                "batter": 1,
                "extras": 0,
                "total": 1
              }
            },
            {
              "batter": "S van Zyl",
              "bowler": "D Wiese",
              "non_striker": "DJ Vilas",
              "runs": {
                "batter": 2,
                "extras": 0,
                "total": 2
              }
            }
          ]
        },
        {
          "over": 13,
          "deliveries": [
            {
              "batter": "DJ Vilas",
              "bowler": "RE van der Merwe",
              "non_striker": "S van Zyl",
              "runs": {
                "batter": 3,
                "extras": 0,
                "total": 3
              }
            },
            {
              "batter": "S van Zyl",
              "bowler": "RE van der Merwe",
              "non_striker": "DJ Vilas",
              "runs": {
                "batter": 4,
                "extras": 0,
                "total": 4
              }
            },
            {
              "batter": "S van Zyl",
              "bowler": "RE van der Merwe",
              "non_striker": "DJ Vilas",
              "runs": {
                "batter": 0,
                "extras": 0,
                "total": 0
              },
              "wickets": [
                {
                  "player_out": "S van Zyl",
                  "kind": "bowled"
                }
              ]
            },
            {
              "batter": "JL Ontong",
              "bowler": "RE van der Merwe",
              "non_striker": "DJ Vilas",
              "runs": {
                "batter": 0,
                "extras": 0,
                "total": 0
              }
            },
            {
              "batter": "JL Ontong",
              "bowler": "RE van der Merwe",
              "non_striker": "DJ Vilas",
              "runs": {
                "batter": 0,
                "extras": 0,
                "total": 0
              },
              "wickets": [
                {
                  "player_out": "JL Ontong",
                  "fielders": [
                    {
                      "name": "HG Kuhn"
                    }
                  ],
                  "kind": "caught"
                }
              ]
            },
            {
              "batter": "JM Kemp",
              "bowler": "RE van der Merwe",
              "non_striker": "DJ Vilas",
              "runs": {
                "batter": 0,
                "extras": 0,
                "total": 0
              }
            }
          ]
        },
        {
          "over": 14,
          "deliveries": [
            {
              "batter": "DJ Vilas",
              "bowler": "F du Plessis",
              "non_striker": "JM Kemp",
              "runs": {
                "batter": 0,
                "extras": 0,
                "total": 0
              }
            },
            {
              "batter": "DJ Vilas",
              "bowler": "F du Plessis",
              "non_striker": "JM Kemp",
              "runs": {
                "batter": 1,
                "extras": 0,
                "total": 1
              }
            },
            {
              "batter": "JM Kemp",
              "bowler": "F du Plessis",
              "non_striker": "DJ Vilas",
              "runs": {
                "batter": 0,
                "extras": 0,
                "total": 0
              }
            },
            {
              "batter": "JM Kemp",
              "bowler": "F du Plessis",
              "non_striker": "DJ Vilas",
              "runs": {
                "batter": 1,
                "extras": 0,
                "total": 1
              }
            },
            {
              "batter": "DJ Vilas",
              "bowler": "F du Plessis",
              "non_striker": "JM Kemp",
              "runs": {
                "batter": 0,
                "extras": 0,
                "total": 0
              }
            },
            {
              "batter": "DJ Vilas",
              "bowler": "F du Plessis",
              "non_striker": "JM Kemp",
              "runs": {
                "batter": 1,
                "extras": 0,
                "total": 1
              }
            }
          ]
        },
        {
          "over": 15,
          "deliveries": [
            {
              "batter": "DJ Vilas",
              "bowler": "RE van der Merwe",
              "non_striker": "JM Kemp",
              "runs": {
                "batter": 1,
                "extras": 0,
                "total": 1
              }
            },
            {
              "batter": "JM Kemp",
              "bowler": "RE van der Merwe",
              "non_striker": "DJ Vilas",
              "runs": {
                "batter": 1,
                "extras": 0,
                "total": 1
              }
            },
            {
              "batter": "DJ Vilas",
              "bowler": "RE van der Merwe",
              "non_striker": "JM Kemp",
              "runs": {
                "batter": 4,
                "extras": 0,
                "total": 4
              }
            },
            {
              "batter": "DJ Vilas",
              "bowler": "RE van der Merwe",
              "non_striker": "JM Kemp",
              "runs": {
                "batter": 6,
                "extras": 0,
                "total": 6
              }
            },
            {
              "batter": "DJ Vilas",
              "bowler": "RE van der Merwe",
              "non_striker": "JM Kemp",
              "runs": {
                "batter": 1,
                "extras": 0,
                "total": 1
              }
            },
            {
              "batter": "JM Kemp",
              "bowler": "RE van der Merwe",
              "non_striker": "DJ Vilas",
              "runs": {
                "batter": 1,
                "extras": 0,
                "total": 1
              }
            }
          ]
        },
        {
          "over": 16,
          "deliveries": [
            {
              "batter": "JM Kemp",
              "bowler": "F du Plessis",
              "non_striker": "DJ Vilas",
              "runs": {
                "batter": 2,
                "extras": 0,
                "total": 2
              }
            },
            {
              "batter": "JM Kemp",
              "bowler": "F du Plessis",
              "non_striker": "DJ Vilas",
              "runs": {
                "batter": 1,
                "extras": 0,
                "total": 1
              }
            },
            {
              "batter": "DJ Vilas",
              "bowler": "F du Plessis",
              "non_striker": "JM Kemp",
              "runs": {
                "batter": 1,
                "extras": 0,
                "total": 1
              }
            },
            {
              "batter": "JM Kemp",
              "bowler": "F du Plessis",
              "non_striker": "DJ Vilas",
              "runs": {
                "batter": 0,
                "extras": 0,
                "total": 0
              }
            },
            {
              "batter": "JM Kemp",
              "bowler": "F du Plessis",
              "extras": {
                "wides": 1
              },
              "non_striker": "DJ Vilas",
              "runs": {
                "batter": 0,
                "extras": 1,
                "total": 1
              }
            },
            {
              "batter": "JM Kemp",
              "bowler": "F du Plessis",
              "non_striker": "DJ Vilas",
              "runs": {
                "batter": 1,
                "extras": 0,
                "total": 1
              }
            },
            {
              "batter": "DJ Vilas",
              "bowler": "F du Plessis",
              "non_striker": "JM Kemp",
              "runs": {
                "batter": 4,
                "extras": 0,
                "total": 4
              }
            }
          ]
        },
        {
          "over": 17,
          "deliveries": [
            {
              "batter": "JM Kemp",
              "bowler": "AC Thomas",
              "non_striker": "DJ Vilas",
              "runs": {
                "batter": 1,
                "extras": 0,
                "total": 1
              }
            },
            {
              "batter": "DJ Vilas",
              "bowler": "AC Thomas",
              "non_striker": "JM Kemp",
              "runs": {
                "batter": 0,
                "extras": 0,
                "total": 0
              }
            },
            {
              "batter": "DJ Vilas",
              "bowler": "AC Thomas",
              "non_striker": "JM Kemp",
              "runs": {
                "batter": 1,
                "extras": 0,
                "total": 1
              }
            },
            {
              "batter": "JM Kemp",
              "bowler": "AC Thomas",
              "non_striker": "DJ Vilas",
              "runs": {
                "batter": 1,
                "extras": 0,
                "total": 1
              }
            },
            {
              "batter": "DJ Vilas",
              "bowler": "AC Thomas",
              "non_striker": "JM Kemp",
              "runs": {
                "batter": 1,
                "extras": 0,
                "total": 1
              }
            },
            {
              "batter": "JM Kemp",
              "bowler": "AC Thomas",
              "non_striker": "DJ Vilas",
              "runs": {
                "batter": 0,
                "extras": 0,
                "total": 0
              }
            }
          ]
        },
        {
          "over": 18,
          "deliveries": [
            {
              "batter": "DJ Vilas",
              "bowler": "JA Morkel",
              "non_striker": "JM Kemp",
              "runs": {
                "batter": 6,
                "extras": 0,
                "total": 6
              }
            },
            {
              "batter": "DJ Vilas",
              "bowler": "JA Morkel",
              "non_striker": "JM Kemp",
              "runs": {
                "batter": 1,
                "extras": 0,
                "total": 1
              }
            },
            {
              "batter": "JM Kemp",
              "bowler": "JA Morkel",
              "non_striker": "DJ Vilas",
              "runs": {
                "batter": 1,
                "extras": 0,
                "total": 1
              }
            },
            {
              "batter": "DJ Vilas",
              "bowler": "JA Morkel",
              "extras": {
                "wides": 1
              },
              "non_striker": "JM Kemp",
              "runs": {
                "batter": 0,
                "extras": 1,
                "total": 1
              }
            },
            {
              "batter": "DJ Vilas",
              "bowler": "JA Morkel",
              "extras": {
                "noballs": 1
              },
              "non_striker": "JM Kemp",
              "runs": {
                "batter": 4,
                "extras": 1,
                "total": 5
              }
            },
            {
              "batter": "DJ Vilas",
              "bowler": "JA Morkel",
              "non_striker": "JM Kemp",
              "runs": {
                "batter": 1,
                "extras": 0,
                "total": 1
              }
            },
            {
              "batter": "JM Kemp",
              "bowler": "JA Morkel",
              "non_striker": "DJ Vilas",
              "runs": {
                "batter": 6,
                "extras": 0,
                "total": 6
              }
            },
            {
              "batter": "JM Kemp",
              "bowler": "JA Morkel",
              "non_striker": "DJ Vilas",
              "runs": {
                "batter": 6,
                "extras": 0,
                "total": 6
              }
            }
          ]
        },
        {
          "over": 19,
          "deliveries": [
            {
              "batter": "DJ Vilas",
              "bowler": "AC Thomas",
              "non_striker": "JM Kemp",
              "runs": {
                "batter": 4,
                "extras": 0,
                "total": 4
              }
            },
            {
              "batter": "DJ Vilas",
              "bowler": "AC Thomas",
              "non_striker": "JM Kemp",
              "runs": {
                "batter": 1,
                "extras": 0,
                "total": 1
              }
            },
            {
              "batter": "JM Kemp",
              "bowler": "AC Thomas",
              "non_striker": "DJ Vilas",
              "runs": {
                "batter": 0,
                "extras": 0,
                "total": 0
              }
            },
            {
              "batter": "JM Kemp",
              "bowler": "AC Thomas",
              "non_striker": "DJ Vilas",
              "runs": {
                "batter": 2,
                "extras": 0,
                "total": 2
              }
            },
            {
              "batter": "JM Kemp",
              "bowler": "AC Thomas",
              "non_striker": "DJ Vilas",
              "runs": {
                "batter": 0,
                "extras": 0,
                "total": 0
              },
              "wickets": [
                {
                  "player_out": "JM Kemp",
                  "kind": "caught and bowled"
                }
              ]
            },
            {
              "batter": "AJA Gray",
              "bowler": "AC Thomas",
              "non_striker": "DJ Vilas",
              "runs": {
                "batter": 2,
                "extras": 0,
                "total": 2
              }
            }
          ]
        }
      ],
      "powerplays": [
        {
          "from": 0.1,
          "to": 5.6,
          "type": "mandatory"
        }
      ]
    },
    {
      "team": "Titans",
      "overs": [
        {
          "over": 0,
          "deliveries": [
            {
              "batter": "H Davids",
              "bowler": "BE Hendricks",
              "non_striker": "HG Kuhn",
              "runs": {
                "batter": 0,
                "extras": 0,
                "total": 0
              }
            },
            {
              "batter": "H Davids",
              "bowler": "BE Hendricks",
              "non_striker": "HG Kuhn",
              "runs": {
                "batter": 0,
                "extras": 0,
                "total": 0
              }
            },
            {
              "batter": "H Davids",
              "bowler": "BE Hendricks",
              "non_striker": "HG Kuhn",
              "runs": {
                "batter": 0,
                "extras": 0,
                "total": 0
              }
            },
            {
              "batter": "H Davids",
              "bowler": "BE Hendricks",
              "non_striker": "HG Kuhn",
              "runs": {
                "batter": 1,
                "extras": 0,
                "total": 1
              }
            },
            {
              "batter": "HG Kuhn",
              "bowler": "BE Hendricks",
              "non_striker": "H Davids",
              "runs": {
                "batter": 4,
                "extras": 0,
                "total": 4
              }
            },
            {
              "batter": "HG Kuhn",
              "bowler": "BE Hendricks",
              "non_striker": "H Davids",
              "runs": {
                "batter": 1,
                "extras": 0,
                "total": 1
              }
            }
          ]
        },
        {
          "over": 1,
          "deliveries": [
            {
              "batter": "HG Kuhn",
              "bowler": "DL Piedt",
              "non_striker": "H Davids",
              "runs": {
                "batter": 1,
                "extras": 0,
                "total": 1
              }
            },
            {
              "batter": "H Davids",
              "bowler": "DL Piedt",
              "extras": {
                "wides": 1
              },
              "non_striker": "HG Kuhn",
              "runs": {
                "batter": 0,
                "extras": 1,
                "total": 1
              }
            },
            {
              "batter": "H Davids",
              "bowler": "DL Piedt",
              "non_striker": "HG Kuhn",
              "runs": {
                "batter": 6,
                "extras": 0,
                "total": 6
              }
            },
            {
              "batter": "H Davids",
              "bowler": "DL Piedt",
              "non_striker": "HG Kuhn",
              "runs": {
                "batter": 1,
                "extras": 0,
                "total": 1
              }
            },
            {
              "batter": "HG Kuhn",
              "bowler": "DL Piedt",
              "extras": {
                "wides": 1
              },
              "non_striker": "H Davids",
              "runs": {
                "batter": 0,
                "extras": 1,
                "total": 1
              }
            },
            {
              "batter": "HG Kuhn",
              "bowler": "DL Piedt",
              "non_striker": "H Davids",
              "runs": {
                "batter": 0,
                "extras": 0,
                "total": 0
              }
            },
            {
              "batter": "HG Kuhn",
              "bowler": "DL Piedt",
              "non_striker": "H Davids",
              "runs": {
                "batter": 0,
                "extras": 0,
                "total": 0
              }
            },
            {
              "batter": "HG Kuhn",
              "bowler": "DL Piedt",
              "non_striker": "H Davids",
              "runs": {
                "batter": 0,
                "extras": 0,
                "total": 0
              }
            }
          ]
        },
        {
          "over": 2,
          "deliveries": [
            {
              "batter": "H Davids",
              "bowler": "BE Hendricks",
              "non_striker": "HG Kuhn",
              "runs": {
                "batter": 0,
                "extras": 0,
                "total": 0
              }
            },
            {
              "batter": "H Davids",
              "bowler": "BE Hendricks",
              "extras": {
                "byes": 1
              },
              "non_striker": "HG Kuhn",
              "runs": {
                "batter": 0,
                "extras": 1,
                "total": 1
              }
            },
            {
              "batter": "HG Kuhn",
              "bowler": "BE Hendricks",
              "non_striker": "H Davids",
              "runs": {
                "batter": 0,
                "extras": 0,
                "total": 0
              }
            },
            {
              "batter": "HG Kuhn",
              "bowler": "BE Hendricks",
              "non_striker": "H Davids",
              "runs": {
                "batter": 4,
                "extras": 0,
                "total": 4
              }
            },
            {
              "batter": "HG Kuhn",
              "bowler": "BE Hendricks",
              "extras": {
                "byes": 1
              },
              "non_striker": "H Davids",
              "runs": {
                "batter": 0,
                "extras": 1,
                "total": 1
              }
            },
            {
              "batter": "H Davids",
              "bowler": "BE Hendricks",
              "non_striker": "HG Kuhn",
              "runs": {
                "batter": 1,
                "extras": 0,
                "total": 1
              }
            }
          ]
        },
        {
          "over": 3,
          "deliveries": [
            {
              "batter": "H Davids",
              "bowler": "AJA Gray",
              "non_striker": "HG Kuhn",
              "runs": {
                "batter": 0,
                "extras": 0,
                "total": 0
              }
            },
            {
              "batter": "H Davids",
              "bowler": "AJA Gray",
              "non_striker": "HG Kuhn",
              "runs": {
                "batter": 1,
                "extras": 0,
                "total": 1
              }
            },
            {
              "batter": "HG Kuhn",
              "bowler": "AJA Gray",
              "non_striker": "H Davids",
              "runs": {
                "batter": 0,
                "extras": 0,
                "total": 0
              }
            },
            {
              "batter": "HG Kuhn",
              "bowler": "AJA Gray",
              "non_striker": "H Davids",
              "runs": {
                "batter": 0,
                "extras": 0,
                "total": 0
              }
            },
            {
              "batter": "HG Kuhn",
              "bowler": "AJA Gray",
              "non_striker": "H Davids",
              "runs": {
                "batter": 0,
                "extras": 0,
                "total": 0
              }
            },
            {
              "batter": "HG Kuhn",
              "bowler": "AJA Gray",
              "non_striker": "H Davids",
              "runs": {
                "batter": 4,
                "extras": 0,
                "total": 4
              }
            }
          ]
        },
        {
          "over": 4,
          "deliveries": [
            {
              "batter": "H Davids",
              "bowler": "DL Piedt",
              "non_striker": "HG Kuhn",
              "runs": {
                "batter": 4,
                "extras": 0,
                "total": 4
              }
            },
            {
              "batter": "H Davids",
              "bowler": "DL Piedt",
              "non_striker": "HG Kuhn",
              "runs": {
                "batter": 6,
                "extras": 0,
                "total": 6
              }
            },
            {
              "batter": "H Davids",
              "bowler": "DL Piedt",
              "non_striker": "HG Kuhn",
              "runs": {
                "batter": 1,
                "extras": 0,
                "total": 1
              }
            },
            {
              "batter": "HG Kuhn",
              "bowler": "DL Piedt",
              "non_striker": "H Davids",
              "runs": {
                "batter": 4,
                "extras": 0,
                "total": 4
              }
            },
            {
              "batter": "HG Kuhn",
              "bowler": "DL Piedt",
              "non_striker": "H Davids",
              "runs": {
                "batter": 0,
                "extras": 0,
                "total": 0
              }
            },
            {
              "batter": "HG Kuhn",
              "bowler": "DL Piedt",
              "non_striker": "H Davids",
              "runs": {
                "batter": 0,
                "extras": 0,
                "total": 0
              }
            }
          ]
        },
        {
          "over": 5,
          "deliveries": [
            {
              "batter": "H Davids",
              "bowler": "GB Hogg",
              "non_striker": "HG Kuhn",
              "runs": {
                "batter": 0,
                "extras": 0,
                "total": 0
              }
            },
            {
              "batter": "H Davids",
              "bowler": "GB Hogg",
              "non_striker": "HG Kuhn",
              "runs": {
                "batter": 0,
                "extras": 0,
                "total": 0
              }
            },
            {
              "batter": "H Davids",
              "bowler": "GB Hogg",
              "non_striker": "HG Kuhn",
              "runs": {
                "batter": 3,
                "extras": 0,
                "total": 3
              }
            },
            {
              "batter": "HG Kuhn",
              "bowler": "GB Hogg",
              "non_striker": "H Davids",
              "runs": {
                "batter": 0,
                "extras": 0,
                "total": 0
              }
            },
            {
              "batter": "HG Kuhn",
              "bowler": "GB Hogg",
              "non_striker": "H Davids",
              "runs": {
                "batter": 2,
                "extras": 0,
                "total": 2
              }
            },
            {
              "batter": "HG Kuhn",
              "bowler": "GB Hogg",
              "non_striker": "H Davids",
              "runs": {
                "batter": 0,
                "extras": 0,
                "total": 0
              }
            }
          ]
        },
        {
          "over": 6,
          "deliveries": [
            {
              "batter": "H Davids",
              "bowler": "AJA Gray",
              "non_striker": "HG Kuhn",
              "runs": {
                "batter": 0,
                "extras": 0,
                "total": 0
              },
              "wickets": [
                {
                  "player_out": "H Davids",
                  "kind": "bowled"
                }
              ]
            },
            {
              "batter": "RE van der Merwe",
              "bowler": "AJA Gray",
              "non_striker": "HG Kuhn",
              "runs": {
                "batter": 1,
                "extras": 0,
                "total": 1
              }
            },
            {
              "batter": "HG Kuhn",
              "bowler": "AJA Gray",
              "non_striker": "RE van der Merwe",
              "runs": {
                "batter": 2,
                "extras": 0,
                "total": 2
              }
            },
            {
              "batter": "HG Kuhn",
              "bowler": "AJA Gray",
              "non_striker": "RE van der Merwe",
              "runs": {
                "batter": 1,
                "extras": 0,
                "total": 1
              }
            },
            {
              "batter": "RE van der Merwe",
              "bowler": "AJA Gray",
              "non_striker": "HG Kuhn",
              "runs": {
                "batter": 0,
                "extras": 0,
                "total": 0
              }
            },
            {
              "batter": "RE van der Merwe",
              "bowler": "AJA Gray",
              "non_striker": "HG Kuhn",
              "runs": {
                "batter": 1,
                "extras": 0,
                "total": 1
              }
            }
          ]
        },
        {
          "over": 7,
          "deliveries": [
            {
              "batter": "RE van der Merwe",
              "bowler": "JM Kemp",
              "non_striker": "HG Kuhn",
              "runs": {
                "batter": 4,
                "extras": 0,
                "total": 4
              }
            },
            {
              "batter": "RE van der Merwe",
              "bowler": "JM Kemp",
              "non_striker": "HG Kuhn",
              "runs": {
                "batter": 1,
                "extras": 0,
                "total": 1
              }
            },
            {
              "batter": "HG Kuhn",
              "bowler": "JM Kemp",
              "non_striker": "RE van der Merwe",
              "runs": {
                "batter": 0,
                "extras": 0,
                "total": 0
              }
            },
            {
              "batter": "HG Kuhn",
              "bowler": "JM Kemp",
              "non_striker": "RE van der Merwe",
              "runs": {
                "batter": 0,
                "extras": 0,
                "total": 0
              }
            },
            {
              "batter": "HG Kuhn",
              "bowler": "JM Kemp",
              "non_striker": "RE van der Merwe",
              "runs": {
                "batter": 1,
                "extras": 0,
                "total": 1
              }
            },
            {
              "batter": "RE van der Merwe",
              "bowler": "JM Kemp",
              "non_striker": "HG Kuhn",
              "runs": {
                "batter": 1,
                "extras": 0,
                "total": 1
              }
            }
          ]
        },
        {
          "over": 8,
          "deliveries": [
            {
              "batter": "RE van der Merwe",
              "bowler": "DL Piedt",
              "non_striker": "HG Kuhn",
              "runs": {
                "batter": 1,
                "extras": 0,
                "total": 1
              }
            },
            {
              "batter": "HG Kuhn",
              "bowler": "DL Piedt",
              "non_striker": "RE van der Merwe",
              "runs": {
                "batter": 1,
                "extras": 0,
                "total": 1
              }
            },
            {
              "batter": "RE van der Merwe",
              "bowler": "DL Piedt",
              "non_striker": "HG Kuhn",
              "runs": {
                "batter": 1,
                "extras": 0,
                "total": 1
              }
            },
            {
              "batter": "HG Kuhn",
              "bowler": "DL Piedt",
              "non_striker": "RE van der Merwe",
              "runs": {
                "batter": 0,
                "extras": 0,
                "total": 0
              },
              "wickets": [
                {
                  "player_out": "HG Kuhn",
                  "fielders": [
                    {
                      "name": "AJA Gray"
                    }
                  ],
                  "kind": "caught"
                }
              ]
            },
            {
              "batter": "RE van der Merwe",
              "bowler": "DL Piedt",
              "non_striker": "F du Plessis",
              "runs": {
                "batter": 0,
                "extras": 0,
                "total": 0
              }
            },
            {
              "batter": "RE van der Merwe",
              "bowler": "DL Piedt",
              "non_striker": "F du Plessis",
              "runs": {
                "batter": 0,
                "extras": 0,
                "total": 0
              }
            }
          ]
        },
        {
          "over": 9,
          "deliveries": [
            {
              "batter": "F du Plessis",
              "bowler": "JM Kemp",
              "non_striker": "RE van der Merwe",
              "runs": {
                "batter": 0,
                "extras": 0,
                "total": 0
              }
            },
            {
              "batter": "F du Plessis",
              "bowler": "JM Kemp",
              "non_striker": "RE van der Merwe",
              "runs": {
                "batter": 1,
                "extras": 0,
                "total": 1
              }
            },
            {
              "batter": "RE van der Merwe",
              "bowler": "JM Kemp",
              "non_striker": "F du Plessis",
              "runs": {
                "batter": 4,
                "extras": 0,
                "total": 4
              }
            },
            {
              "batter": "RE van der Merwe",
              "bowler": "JM Kemp",
              "extras": {
                "wides": 1
              },
              "non_striker": "F du Plessis",
              "runs": {
                "batter": 0,
                "extras": 1,
                "total": 1
              }
            },
            {
              "batter": "RE van der Merwe",
              "bowler": "JM Kemp",
              "non_striker": "F du Plessis",
              "runs": {
                "batter": 4,
                "extras": 0,
                "total": 4
              }
            },
            {
              "batter": "RE van der Merwe",
              "bowler": "JM Kemp",
              "non_striker": "F du Plessis",
              "runs": {
                "batter": 0,
                "extras": 0,
                "total": 0
              },
              "wickets": [
                {
                  "player_out": "RE van der Merwe",
                  "fielders": [
                    {
                      "name": "DJ Vilas"
                    }
                  ],
                  "kind": "caught"
                }
              ]
            },
            {
              "batter": "M van Jaarsveld",
              "bowler": "JM Kemp",
              "extras": {
                "wides": 1
              },
              "non_striker": "F du Plessis",
              "runs": {
                "batter": 0,
                "extras": 1,
                "total": 1
              }
            },
            {
              "batter": "M van Jaarsveld",
              "bowler": "JM Kemp",
              "non_striker": "F du Plessis",
              "runs": {
                "batter": 0,
                "extras": 0,
                "total": 0
              }
            }
          ]
        },
        {
          "over": 10,
          "deliveries": [
            {
              "batter": "F du Plessis",
              "bowler": "MY Vallie",
              "non_striker": "M van Jaarsveld",
              "runs": {
                "batter": 1,
                "extras": 0,
                "total": 1
              }
            },
            {
              "batter": "M van Jaarsveld",
              "bowler": "MY Vallie",
              "non_striker": "F du Plessis",
              "runs": {
                "batter": 1,
                "extras": 0,
                "total": 1
              }
            },
            {
              "batter": "F du Plessis",
              "bowler": "MY Vallie",
              "non_striker": "M van Jaarsveld",
              "runs": {
                "batter": 1,
                "extras": 0,
                "total": 1
              }
            },
            {
              "batter": "M van Jaarsveld",
              "bowler": "MY Vallie",
              "non_striker": "F du Plessis",
              "runs": {
                "batter": 1,
                "extras": 0,
                "total": 1
              }
            },
            {
              "batter": "F du Plessis",
              "bowler": "MY Vallie",
              "non_striker": "M van Jaarsveld",
              "runs": {
                "batter": 1,
                "extras": 0,
                "total": 1
              }
            },
            {
              "batter": "M van Jaarsveld",
              "bowler": "MY Vallie",
              "non_striker": "F du Plessis",
              "runs": {
                "batter": 1,
                "extras": 0,
                "total": 1
              }
            }
          ]
        },
        {
          "over": 11,
          "deliveries": [
            {
              "batter": "M van Jaarsveld",
              "bowler": "GB Hogg",
              "non_striker": "F du Plessis",
              "runs": {
                "batter": 1,
                "extras": 0,
                "total": 1
              }
            },
            {
              "batter": "F du Plessis",
              "bowler": "GB Hogg",
              "non_striker": "M van Jaarsveld",
              "runs": {
                "batter": 0,
                "extras": 0,
                "total": 0
              }
            },
            {
              "batter": "F du Plessis",
              "bowler": "GB Hogg",
              "non_striker": "M van Jaarsveld",
              "runs": {
                "batter": 1,
                "extras": 0,
                "total": 1
              }
            },
            {
              "batter": "M van Jaarsveld",
              "bowler": "GB Hogg",
              "non_striker": "F du Plessis",
              "runs": {
                "batter": 0,
                "extras": 0,
                "total": 0
              }
            },
            {
              "batter": "M van Jaarsveld",
              "bowler": "GB Hogg",
              "non_striker": "F du Plessis",
              "runs": {
                "batter": 0,
                "extras": 0,
                "total": 0
              }
            },
            {
              "batter": "M van Jaarsveld",
              "bowler": "GB Hogg",
              "non_striker": "F du Plessis",
              "runs": {
                "batter": 1,
                "extras": 0,
                "total": 1
              }
            }
          ]
        },
        {
          "over": 12,
          "deliveries": [
            {
              "batter": "M van Jaarsveld",
              "bowler": "AJA Gray",
              "non_striker": "F du Plessis",
              "runs": {
                "batter": 4,
                "extras": 0,
                "total": 4
              }
            },
            {
              "batter": "M van Jaarsveld",
              "bowler": "AJA Gray",
              "non_striker": "F du Plessis",
              "runs": {
                "batter": 1,
                "extras": 0,
                "total": 1
              }
            },
            {
              "batter": "F du Plessis",
              "bowler": "AJA Gray",
              "non_striker": "M van Jaarsveld",
              "runs": {
                "batter": 1,
                "extras": 0,
                "total": 1
              }
            },
            {
              "batter": "M van Jaarsveld",
              "bowler": "AJA Gray",
              "non_striker": "F du Plessis",
              "runs": {
                "batter": 4,
                "extras": 0,
                "total": 4
              }
            },
            {
              "batter": "M van Jaarsveld",
              "bowler": "AJA Gray",
              "non_striker": "F du Plessis",
              "runs": {
                "batter": 0,
                "extras": 0,
                "total": 0
              }
            },
            {
              "batter": "M van Jaarsveld",
              "bowler": "AJA Gray",
              "non_striker": "F du Plessis",
              "runs": {
                "batter": 1,
                "extras": 0,
                "total": 1
              }
            }
          ]
        },
        {
          "over": 13,
          "deliveries": [
            {
              "batter": "M van Jaarsveld",
              "bowler": "JM Kemp",
              "extras": {
                "legbyes": 4
              },
              "non_striker": "F du Plessis",
              "runs": {
                "batter": 0,
                "extras": 4,
                "total": 4
              }
            },
            {
              "batter": "M van Jaarsveld",
              "bowler": "JM Kemp",
              "non_striker": "F du Plessis",
              "runs": {
                "batter": 1,
                "extras": 0,
                "total": 1
              }
            },
            {
              "batter": "F du Plessis",
              "bowler": "JM Kemp",
              "non_striker": "M van Jaarsveld",
              "runs": {
                "batter": 6,
                "extras": 0,
                "total": 6
              }
            },
            {
              "batter": "F du Plessis",
              "bowler": "JM Kemp",
              "non_striker": "M van Jaarsveld",
              "runs": {
                "batter": 1,
                "extras": 0,
                "total": 1
              }
            },
            {
              "batter": "M van Jaarsveld",
              "bowler": "JM Kemp",
              "non_striker": "F du Plessis",
              "runs": {
                "batter": 4,
                "extras": 0,
                "total": 4
              }
            },
            {
              "batter": "M van Jaarsveld",
              "bowler": "JM Kemp",
              "non_striker": "F du Plessis",
              "runs": {
                "batter": 4,
                "extras": 0,
                "total": 4
              }
            }
          ]
        },
        {
          "over": 14,
          "deliveries": [
            {
              "batter": "F du Plessis",
              "bowler": "AJA Gray",
              "non_striker": "M van Jaarsveld",
              "runs": {
                "batter": 6,
                "extras": 0,
                "total": 6
              }
            },
            {
              "batter": "F du Plessis",
              "bowler": "AJA Gray",
              "non_striker": "M van Jaarsveld",
              "runs": {
                "batter": 1,
                "extras": 0,
                "total": 1
              }
            },
            {
              "batter": "M van Jaarsveld",
              "bowler": "AJA Gray",
              "non_striker": "F du Plessis",
              "runs": {
                "batter": 0,
                "extras": 0,
                "total": 0
              },
              "wickets": [
                {
                  "player_out": "M van Jaarsveld",
                  "fielders": [
                    {
                      "name": "DJ Vilas"
                    }
                  ],
                  "kind": "stumped"
                }
              ]
            },
            {
              "batter": "F Behardien",
              "bowler": "AJA Gray",
              "non_striker": "F du Plessis",
              "runs": {
                "batter": 0,
                "extras": 0,
                "total": 0
              }
            },
            {
              "batter": "F Behardien",
              "bowler": "AJA Gray",
              "non_striker": "F du Plessis",
              "runs": {
                "batter": 1,
                "extras": 0,
                "total": 1
              }
            },
            {
              "batter": "F du Plessis",
              "bowler": "AJA Gray",
              "extras": {
                "wides": 3
              },
              "non_striker": "F Behardien",
              "runs": {
                "batter": 0,
                "extras": 3,
                "total": 3
              }
            },
            {
              "batter": "F du Plessis",
              "bowler": "AJA Gray",
              "non_striker": "F Behardien",
              "runs": {
                "batter": 1,
                "extras": 0,
                "total": 1
              }
            }
          ]
        },
        {
          "over": 15,
          "deliveries": [
            {
              "batter": "F du Plessis",
              "bowler": "GB Hogg",
              "non_striker": "F Behardien",
              "runs": {
                "batter": 1,
                "extras": 0,
                "total": 1
              }
            },
            {
              "batter": "F Behardien",
              "bowler": "GB Hogg",
              "non_striker": "F du Plessis",
              "runs": {
                "batter": 1,
                "extras": 0,
                "total": 1
              }
            },
            {
              "batter": "F du Plessis",
              "bowler": "GB Hogg",
              "extras": {
                "wides": 1
              },
              "non_striker": "F Behardien",
              "runs": {
                "batter": 0,
                "extras": 1,
                "total": 1
              }
            },
            {
              "batter": "F du Plessis",
              "bowler": "GB Hogg",
              "non_striker": "F Behardien",
              "runs": {
                "batter": 0,
                "extras": 0,
                "total": 0
              }
            },
            {
              "batter": "F du Plessis",
              "bowler": "GB Hogg",
              "non_striker": "F Behardien",
              "runs": {
                "batter": 1,
                "extras": 0,
                "total": 1
              }
            },
            {
              "batter": "F Behardien",
              "bowler": "GB Hogg",
              "non_striker": "F du Plessis",
              "runs": {
                "batter": 1,
                "extras": 0,
                "total": 1
              }
            },
            {
              "batter": "F du Plessis",
              "bowler": "GB Hogg",
              "non_striker": "F Behardien",
              "runs": {
                "batter": 1,
                "extras": 0,
                "total": 1
              }
            }
          ]
        },
        {
          "over": 16,
          "deliveries": [
            {
              "batter": "F du Plessis",
              "bowler": "BE Hendricks",
              "non_striker": "F Behardien",
              "runs": {
                "batter": 0,
                "extras": 0,
                "total": 0
              }
            },
            {
              "batter": "F du Plessis",
              "bowler": "BE Hendricks",
              "non_striker": "F Behardien",
              "runs": {
                "batter": 1,
                "extras": 0,
                "total": 1
              }
            },
            {
              "batter": "F Behardien",
              "bowler": "BE Hendricks",
              "non_striker": "F du Plessis",
              "runs": {
                "batter": 1,
                "extras": 0,
                "total": 1
              }
            },
            {
              "batter": "F du Plessis",
              "bowler": "BE Hendricks",
              "non_striker": "F Behardien",
              "runs": {
                "batter": 6,
                "extras": 0,
                "total": 6
              }
            },
            {
              "batter": "F du Plessis",
              "bowler": "BE Hendricks",
              "non_striker": "F Behardien",
              "runs": {
                "batter": 0,
                "extras": 0,
                "total": 0
              }
            },
            {
              "batter": "F du Plessis",
              "bowler": "BE Hendricks",
              "extras": {
                "noballs": 1
              },
              "non_striker": "F Behardien",
              "runs": {
                "batter": 1,
                "extras": 1,
                "total": 2
              }
            },
            {
              "batter": "F Behardien",
              "bowler": "BE Hendricks",
              "extras": {
                "wides": 1
              },
              "non_striker": "F du Plessis",
              "runs": {
                "batter": 0,
                "extras": 1,
                "total": 1
              }
            },
            {
              "batter": "F Behardien",
              "bowler": "BE Hendricks",
              "non_striker": "F du Plessis",
              "runs": {
                "batter": 1,
                "extras": 0,
                "total": 1
              }
            }
          ]
        },
        {
          "over": 17,
          "deliveries": [
            {
              "batter": "F Behardien",
              "bowler": "GB Hogg",
              "non_striker": "F du Plessis",
              "runs": {
                "batter": 1,
                "extras": 0,
                "total": 1
              }
            },
            {
              "batter": "F du Plessis",
              "bowler": "GB Hogg",
              "non_striker": "F Behardien",
              "runs": {
                "batter": 0,
                "extras": 0,
                "total": 0
              }
            },
            {
              "batter": "F du Plessis",
              "bowler": "GB Hogg",
              "non_striker": "F Behardien",
              "runs": {
                "batter": 0,
                "extras": 0,
                "total": 0
              }
            },
            {
              "batter": "F du Plessis",
              "bowler": "GB Hogg",
              "non_striker": "F Behardien",
              "runs": {
                "batter": 1,
                "extras": 0,
                "total": 1
              }
            },
            {
              "batter": "F Behardien",
              "bowler": "GB Hogg",
              "non_striker": "F du Plessis",
              "runs": {
                "batter": 0,
                "extras": 0,
                "total": 0
              }
            },
            {
              "batter": "F Behardien",
              "bowler": "GB Hogg",
              "non_striker": "F du Plessis",
              "runs": {
                "batter": 0,
                "extras": 0,
                "total": 0
              }
            }
          ]
        },
        {
          "over": 18,
          "deliveries": [
            {
              "batter": "F du Plessis",
              "bowler": "BE Hendricks",
              "non_striker": "F Behardien",
              "runs": {
                "batter": 4,
                "extras": 0,
                "total": 4
              }
            },
            {
              "batter": "F du Plessis",
              "bowler": "BE Hendricks",
              "non_striker": "F Behardien",
              "runs": {
                "batter": 1,
                "extras": 0,
                "total": 1
              }
            },
            {
              "batter": "F Behardien",
              "bowler": "BE Hendricks",
              "non_striker": "F du Plessis",
              "runs": {
                "batter": 6,
                "extras": 0,
                "total": 6
              }
            }
          ]
        }
      ],
      "powerplays": [
        {
          "from": 0.1,
          "to": 5.6,
          "type": "mandatory"
        }
      ],
      "target": {
        "overs": 20,
        "runs": 157
      }
    }
  ]
}