{
  "meta": {
    "data_version": "1.1.0",
    "created": "2022-04-04",
    "revision": 1
  },
  "info": {
    "balls_per_over": 6,
    "city": "Durban",
    "dates": [
      "2012-03-14"
    ],
    "event": {
      "name": "MiWAY T20 Challenge",
      "match_number": 32
    },
    "gender": "male",
    "match_type": "T20",
    "officials": {
      "match_referees": [
        "A Barnes"
      ],
      "reserve_umpires": [
        "LB Gcuma"
      ],
      "tv_umpires": [
        "IL Howell"
      ],
      "umpires": [
        "EC Hendrikse",
        "S George"
      ]
    },
    "outcome": {
      "winner": "Knights",
      "by": {
        "runs": 8
      },
      "method": "D/L"
    },
    "overs": 20,
    "player_of_match": [
      "MN van Wyk",
      "P Subrayen"
    ],
    "players": {
      "Knights": [
        "MN van Wyk",
        "RR Rossouw",
        "RR Hendricks",
        "RT Bailey",
        "AJ Pienaar",
        "WL Coetsee",
        "R McLaren",
        "JJ van der Wath",
        "AR Swanepoel",
        "J Coetzee",
        "MP Siboto"
      ],
      "Dolphins": [
        "I Khan",
        "LE Bosman",
        "CS Delport",
        "C Chetty",
        "D Smit",
        "VB van Jaarsveld",
        "DA Miller",
        "R Frylinck",
        "KJ Abbott",
        "FH Edwards",
        "P Subrayen"
      ]
    },
    "registry": {
      "people": {
        "A Barnes": "f9607922",
        "AJ Pienaar": "647a48da",
        "AR Swanepoel": "cba5185d",
        "C Chetty": "27ca3a11",
        "CS Delport": "afa78c3a",
        "D Smit": "4bb02ef1",
        "DA Miller": "d67d5f00",
        "EC Hendrikse": "3f2996c9",
        "FH Edwards": "a7c226e1",
        "I Khan": "719c5146",
        "IL Howell": "c1cd91c3",
        "J Coetzee": "3ad06915",
        "JJ van der Wath": "6821ac10",
        "KJ Abbott": "a9da7784",
        "LB Gcuma": "02ba88e3",
        "LE Bosman": "73e749e1",
        "MN van Wyk": "710dd98c",
        "MP Siboto": "9d50c7e1",
        "P Subrayen": "7ec9711d",
        "R Frylinck": "8b248d88",
        "R McLaren": "c654af19",
        "RR Hendricks": "b8cc58c9",
        "RR Rossouw": "cad00a4d",
        "RT Bailey": "93a751e8",
        "S George": "6d9e5a54",
        "VB van Jaarsveld": "890b877d",
        "WL Coetsee": "5f419ace"
      }
    },
    "season": "2011/12",
    "team_type": "club",
    "teams": [
      "Knights",
      "Dolphins"
    ],
    "toss": {
      "decision": "bat",
      "winner": "Knights"
    },
    "venue": "Kingsmead, Durban"
  },
  "innings": [
    {
      "team": "Knights",
      "overs": [
        {
          "over": 0,
          "deliveries": [
            {
              "batter": "MN van Wyk",
              "bowler": "KJ Abbott",
              "non_striker": "RR Rossouw",
              "runs": {
                "batter": 0,
                "extras": 0,
                "total": 0
              }
            },
            {
              "batter": "MN van Wyk",
              "bowler": "KJ Abbott",
              "non_striker": "RR Rossouw",
              "runs": {
                "batter": 2,
                "extras": 0,
                "total": 2
              }
            },
            {
              "batter": "MN van Wyk",
              "bowler": "KJ Abbott",
              "non_striker": "RR Rossouw",
              "runs": {
                "batter": 1,
                "extras": 0,
                "total": 1
              }
            },
            {
              "batter": "RR Rossouw",
              "bowler": "KJ Abbott",
              "non_striker": "MN van Wyk",
              "runs": {
                "batter": 0,
                "extras": 0,
                "total": 0
              }
            },
            {
              "batter": "RR Rossouw",
              "bowler": "KJ Abbott",
              "non_striker": "MN van Wyk",
              "runs": {
                "batter": 0,
                "extras": 0,
                "total": 0
              }
            },
            {
              "batter": "RR Rossouw",
              "bowler": "KJ Abbott",
              "non_striker": "MN van Wyk",
              "runs": {
                "batter": 4,
                "extras": 0,
                "total": 4
              }
            }
          ]
        },
        {
          "over": 1,
          "deliveries": [
            {
              "batter": "MN van Wyk",
              "bowler": "FH Edwards",
              "non_striker": "RR Rossouw",
              "runs": {
                "batter": 2,
                "extras": 0,
                "total": 2
              }
            },
            {
              "batter": "MN van Wyk",
              "bowler": "FH Edwards",
              "non_striker": "RR Rossouw",
              "runs": {
                "batter": 4,
                "extras": 0,
                "total": 4
              }
            },
            {
              "batter": "MN van Wyk",
              "bowler": "FH Edwards",
              "non_striker": "RR Rossouw",
              "runs": {
                "batter": 4,
                "extras": 0,
                "total": 4
              }
            },
            {
              "batter": "MN van Wyk",
              "bowler": "FH Edwards",
              "non_striker": "RR Rossouw",
              "runs": {
                "batter": 4,
                "extras": 0,
                "total": 4
              }
            },
            {
              "batter": "MN van Wyk",
              "bowler": "FH Edwards",
              "non_striker": "RR Rossouw",
              "runs": {
                "batter": 0,
                "extras": 0,
                "total": 0
              }
            },
            {
              "batter": "MN van Wyk",
              "bowler": "FH Edwards",
              "non_striker": "RR Rossouw",
              "runs": {
                "batter": 1,
                "extras": 0,
                "total": 1
              }
            }
          ]
        },
        {
          "over": 2,
          "deliveries": [
            {
              "batter": "MN van Wyk",
              "bowler": "R Frylinck",
              "non_striker": "RR Rossouw",
              "runs": {
                "batter": 0,
                "extras": 0,
                "total": 0
              }
            },
            {
              "batter": "MN van Wyk",
              "bowler": "R Frylinck",
              "non_striker": "RR Rossouw",
              "runs": {
                "batter": 1,
                "extras": 0,
                "total": 1
              }
            },
            {
              "batter": "RR Rossouw",
              "bowler": "R Frylinck",
              "non_striker": "MN van Wyk",
              "runs": {
                "batter": 4,
                "extras": 0,
                "total": 4
              }
            },
            {
              "batter": "RR Rossouw",
              "bowler": "R Frylinck",
              "non_striker": "MN van Wyk",
              "runs": {
                "batter": 0,
                "extras": 0,
                "total": 0
              }
            },
            {
              "batter": "RR Rossouw",
              "bowler": "R Frylinck",
              "non_striker": "MN van Wyk",
              "runs": {
                "batter": 1,
                "extras": 0,
                "total": 1
              }
            },
            {
              "batter": "MN van Wyk",
              "bowler": "R Frylinck",
              "non_striker": "RR Rossouw",
              "runs": {
                "batter": 6,
                "extras": 0,
                "total": 6
              }
            }
          ]
        },
        {
          "over": 3,
          "deliveries": [
            {
              "batter": "RR Rossouw",
              "bowler": "FH Edwards",
              "non_striker": "MN van Wyk",
              "runs": {
                "batter": 0,
                "extras": 0,
                "total": 0
              }
            },
            {
              "batter": "RR Rossouw",
              "bowler": "FH Edwards",
              "non_striker": "MN van Wyk",
              "runs": {
                "batter": 4,
                "extras": 0,
                "total": 4
              }
            },
            {
              "batter": "RR Rossouw",
              "bowler": "FH Edwards",
              "non_striker": "MN van Wyk",
              "runs": {
                "batter": 4,
                "extras": 0,
                "total": 4
              }
            },
            {
              "batter": "RR Rossouw",
              "bowler": "FH Edwards",
              "non_striker": "MN van Wyk",
              "runs": {
                "batter": 0,
                "extras": 0,
                "total": 0
              }
            },
            {
              "batter": "RR Rossouw",
              "bowler": "FH Edwards",
              "non_striker": "MN van Wyk",
              "runs": {
                "batter": 0,
                "extras": 0,
                "total": 0
              }
            },
            {
              "batter": "RR Rossouw",
              "bowler": "FH Edwards",
              "non_striker": "MN van Wyk",
              "runs": {
                "batter": 0,
                "extras": 0,
                "total": 0
              }
            }
          ]
        },
        {
          "over": 4,
          "deliveries": [
            {
              "batter": "MN van Wyk",
              "bowler": "KJ Abbott",
              "non_striker": "RR Rossouw",
              "runs": {
                "batter": 1,
                "extras": 0,
                "total": 1
              }
            },
            {
              "batter": "RR Rossouw",
              "bowler": "KJ Abbott",
              "non_striker": "MN van Wyk",
              "runs": {
                "batter": 0,
                "extras": 0,
                "total": 0
              },
              "wickets": [
                {
                  "player_out": "RR Rossouw",
                  "fielders": [
                    {
                      "name": "CS Delport"
                    }
                  ],
                  "kind": "caught"
                }
              ]
            },
            {
              "batter": "RR Hendricks",
              "bowler": "KJ Abbott",
              "non_striker": "MN van Wyk",
              "runs": {
                "batter": 0,
                "extras": 0,
                "total": 0
              }
            },
            {
              "batter": "RR Hendricks",
              "bowler": "KJ Abbott",
              "non_striker": "MN van Wyk",
              "runs": {
                "batter": 1,
                "extras": 0,
                "total": 1
              }
            },
            {
              "batter": "MN van Wyk",
              "bowler": "KJ Abbott",
              "non_striker": "RR Hendricks",
              "runs": {
                "batter": 0,
                "extras": 0,
                "total": 0
              }
            },
            {
              "batter": "MN van Wyk",
              "bowler": "KJ Abbott",
              "non_striker": "RR Hendricks",
              "runs": {
                "batter": 0,
                "extras": 0,
                "total": 0
              }
            }
          ]
        },
        {
          "over": 5,
          "deliveries": [
            {
              "batter": "RR Hendricks",
              "bowler": "R Frylinck",
              "extras": {
                "wides": 1
              },
              "non_striker": "MN van Wyk",
              "runs": {
                "batter": 0,
                "extras": 1,
                "total": 1
              }
            },
            {
              "batter": "RR Hendricks",
              "bowler": "R Frylinck",
              "non_striker": "MN van Wyk",
              "runs": {
                "batter": 6,
                "extras": 0,
                "total": 6
              }
            },
            {
              "batter": "RR Hendricks",
              "bowler": "R Frylinck",
              "extras": {
                "wides": 1
              },
              "non_striker": "MN van Wyk",
              "runs": {
                "batter": 0,
                "extras": 1,
                "total": 1
              }
            },
            {
              "batter": "RR Hendricks",
              "bowler": "R Frylinck",
              "non_striker": "MN van Wyk",
              "runs": {
                "batter": 0,
                "extras": 0,
                "total": 0
              }
            },
            {
              "batter": "RR Hendricks",
              "bowler": "R Frylinck",
              "extras": {
                "legbyes": 1
              },
              "non_striker": "MN van Wyk",
              "runs": {
                "batter": 0,
                "extras": 1,
                "total": 1
              }
            },
            {
              "batter": "MN van Wyk",
              "bowler": "R Frylinck",
              "non_striker": "RR Hendricks",
              "runs": {
                "batter": 3,
                "extras": 0,
                "total": 3
              }
            },
            {
              "batter": "RR Hendricks",
              "bowler": "R Frylinck",
              "extras": {
                "wides": 1
              },
              "non_striker": "MN van Wyk",
              "runs": {
                "batter": 0,
                "extras": 1,
                "total": 1
              }
            },
            {
              "batter": "RR Hendricks",
              "bowler": "R Frylinck",
              "non_striker": "MN van Wyk",
              "runs": {
                "batter": 0,
                "extras": 0,
                "total": 0
              }
            },
            {
              "batter": "RR Hendricks",
              "bowler": "R Frylinck",
              "non_striker": "MN van Wyk",
              "runs": {
                "batter": 1,
                "extras": 0,
                "total": 1
              }
            }
          ]
        },
        {
          "over": 6,
          "deliveries": [
            {
              "batter": "RR Hendricks",
              "bowler": "CS Delport",
              "non_striker": "MN van Wyk",
              "runs": {
                "batter": 1,
                "extras": 0,
                "total": 1
              }
            },
            {
              "batter": "MN van Wyk",
              "bowler": "CS Delport",
              "non_striker": "RR Hendricks",
              "runs": {
                "batter": 1,
                "extras": 0,
                "total": 1
              }
            },
            {
              "batter": "RR Hendricks",
              "bowler": "CS Delport",
              "non_striker": "MN van Wyk",
              "runs": {
                "batter": 1,
                "extras": 0,
                "total": 1
              }
            },
            {
              "batter": "MN van Wyk",
              "bowler": "CS Delport",
              "non_striker": "RR Hendricks",
              "runs": {
                "batter": 1,
                "extras": 0,
                "total": 1
              }
            },
            {
              "batter": "RR Hendricks",
              "bowler": "CS Delport",
              "non_striker": "MN van Wyk",
              "runs": {
                "batter": 1,
                "extras": 0,
                "total": 1
              }
            },
            {
              "batter": "MN van Wyk",
              "bowler": "CS Delport",
              "non_striker": "RR Hendricks",
              "runs": {
                "batter": 0,
                "extras": 0,
                "total": 0
              }
            }
          ]
        },
        {
          "over": 7,
          "deliveries": [
            {
              "batter": "RR Hendricks",
              "bowler": "I Khan",
              "non_striker": "MN van Wyk",
              "runs": {
                "batter": 0,
                "extras": 0,
                "total": 0
              },
              "wickets": [
                {
                  "player_out": "RR Hendricks",
                  "fielders": [
                    {
                      "name": "R Frylinck"
                    }
                  ],
                  "kind": "caught"
                }
              ]
            },
            {
              "batter": "RT Bailey",
              "bowler": "I Khan",
              "non_striker": "MN van Wyk",
              "runs": {
                "batter": 0,
                "extras": 0,
                "total": 0
              }
            },
            {
              "batter": "RT Bailey",
              "bowler": "I Khan",
              "non_striker": "MN van Wyk",
              "runs": {
                "batter": 1,
                "extras": 0,
                "total": 1
              }
            },
            {
              "batter": "MN van Wyk",
              "bowler": "I Khan",
              "non_striker": "RT Bailey",
              "runs": {
                "batter": 0,
                "extras": 0,
                "total": 0
              }
            },
            {
              "batter": "MN van Wyk",
              "bowler": "I Khan",
              "non_striker": "RT Bailey",
              "runs": {
                "batter": 6,
                "extras": 0,
                "total": 6
              }
            },
            {
              "batter": "MN van Wyk",
              "bowler": "I Khan",
              "non_striker": "RT Bailey",
              "runs": {
                "batter": 0,
                "extras": 0,
                "total": 0
              }
            }
          ]
        },
        {
          "over": 8,
          "deliveries": [
            {
              "batter": "RT Bailey",
              "bowler": "CS Delport",
              "non_striker": "MN van Wyk",
              "runs": {
                "batter": 1,
                "extras": 0,
                "total": 1
              }
            },
            {
              "batter": "MN van Wyk",
              "bowler": "CS Delport",
              "non_striker": "RT Bailey",
              "runs": {
                "batter": 1,
                "extras": 0,
                "total": 1
              }
            },
            {
              "batter": "RT Bailey",
              "bowler": "CS Delport",
              "non_striker": "MN van Wyk",
              "runs": {
                "batter": 0,
                "extras": 0,
                "total": 0
              },
              "wickets": [
                {
                  "player_out": "RT Bailey",
                  "fielders": [
                    {
                      "name": "R Frylinck"
                    }
                  ],
                  "kind": "caught"
                }
              ]
            },
            {
              "batter": "MN van Wyk",
              "bowler": "CS Delport",
              "extras": {
                "wides": 1
              },
              "non_striker": "AJ Pienaar",
              "runs": {
                "batter": 0,
                "extras": 1,
                "total": 1
              }
            },
            {
              "batter": "MN van Wyk",
              "bowler": "CS Delport",
              "non_striker": "AJ Pienaar",
              "runs": {
                "batter": 1,
                "extras": 0,
                "total": 1
              }
            },
            {
              "batter": "AJ Pienaar",
              "bowler": "CS Delport",
              "non_striker": "MN van Wyk",
              "runs": {
                "batter": 0,
                "extras": 0,
                "total": 0
              }
            },
            {
              "batter": "AJ Pienaar",
              "bowler": "CS Delport",
              "non_striker": "MN van Wyk",
              "runs": {
                "batter": 1,
                "extras": 0,
                "total": 1
              }
            }
          ]
        },
        {
          "over": 9,
          "deliveries": [
            {
              "batter": "AJ Pienaar",
              "bowler": "P Subrayen",
              "extras": {
                "wides": 1
              },
              "non_striker": "MN van Wyk",
              "runs": {
                "batter": 0,
                "extras": 1,
                "total": 1
              }
            },
            {
              "batter": "AJ Pienaar",
              "bowler": "P Subrayen",
              "non_striker": "MN van Wyk",
              "runs": {
                "batter": 1,
                "extras": 0,
                "total": 1
              }
            },
            {
              "batter": "MN van Wyk",
              "bowler": "P Subrayen",
              "non_striker": "AJ Pienaar",
              "runs": {
                "batter": 0,
                "extras": 0,
                "total": 0
              }
            },
            {
              "batter": "MN van Wyk",
              "bowler": "P Subrayen",
              "non_striker": "AJ Pienaar",
              "runs": {
                "batter": 0,
                "extras": 0,
                "total": 0
              }
            },
            {
              "batter": "MN van Wyk",
              "bowler": "P Subrayen",
              "non_striker": "AJ Pienaar",
              "runs": {
                "batter": 0,
                "extras": 0,
                "total": 0
              }
            },
            {
              "batter": "MN van Wyk",
              "bowler": "P Subrayen",
              "non_striker": "AJ Pienaar",
              "runs": {
                "batter": 1,
                "extras": 0,
                "total": 1
              }
            },
            {
              "batter": "AJ Pienaar",
              "bowler": "P Subrayen",
              "non_striker": "MN van Wyk",
              "runs": {
                "batter": 1,
                "extras": 0,
                "total": 1
              }
            }
          ]
        },
        {
          "over": 10,
          "deliveries": [
            {
              "batter": "AJ Pienaar",
              "bowler": "CS Delport",
              "non_striker": "MN van Wyk",
              "runs": {
                "batter": 1,
                "extras": 0,
                "total": 1
              }
            },
            {
              "batter": "MN van Wyk",
              "bowler": "CS Delport",
              "non_striker": "AJ Pienaar",
              "runs": {
                "batter": 1,
                "extras": 0,
                "total": 1
              }
            },
            {
              "batter": "AJ Pienaar",
              "bowler": "CS Delport",
              "non_striker": "MN van Wyk",
              "runs": {
                "batter": 0,
                "extras": 0,
                "total": 0
              }
            },
            {
              "batter": "AJ Pienaar",
              "bowler": "CS Delport",
              "non_striker": "MN van Wyk",
              "runs": {
                "batter": 0,
                "extras": 0,
                "total": 0
              }
            },
            {
              "batter": "AJ Pienaar",
              "bowler": "CS Delport",
              "non_striker": "MN van Wyk",
              "runs": {
                "batter": 1,
                "extras": 0,
                "total": 1
              }
            },
            {
              "batter": "MN van Wyk",
              "bowler": "CS Delport",
              "non_striker": "AJ Pienaar",
              "runs": {
                "batter": 1,
                "extras": 0,
                "total": 1
              }
            }
          ]
        },
        {
          "over": 11,
          "deliveries": [
            {
              "batter": "MN van Wyk",
              "bowler": "P Subrayen",
              "non_striker": "AJ Pienaar",
              "runs": {
                "batter": 3,
                "extras": 0,
                "total": 3
              }
            },
            {
              "batter": "AJ Pienaar",
              "bowler": "P Subrayen",
              "non_striker": "MN van Wyk",
              "runs": {
                "batter": 0,
                "extras": 0,
                "total": 0
              },
              "wickets": [
                {
                  "player_out": "AJ Pienaar",
                  "fielders": [
                    {
                      "name": "VB van Jaarsveld"
                    }
                  ],
                  "kind": "caught"
                }
              ]
            },
            {
              "batter": "MN van Wyk",
              "bowler": "P Subrayen",
              "non_striker": "WL Coetsee",
              "runs": {
                "batter": 0,
                "extras": 0,
                "total": 0
              }
            },
            {
              "batter": "MN van Wyk",
              "bowler": "P Subrayen",
              "non_striker": "WL Coetsee",
              "runs": {
                "batter": 1,
                "extras": 0,
                "total": 1
              }
            },
            {
              "batter": "WL Coetsee",
              "bowler": "P Subrayen",
              "non_striker": "MN van Wyk",
              "runs": {
                "batter": 0,
                "extras": 0,
                "total": 0
              }
            },
            {
              "batter": "WL Coetsee",
              "bowler": "P Subrayen",
              "non_striker": "MN van Wyk",
              "runs": {
                "batter": 0,
                "extras": 0,
                "total": 0
              }
            }
          ]
        },
        {
          "over": 12,
          "deliveries": [
            {
              "batter": "MN van Wyk",
              "bowler": "CS Delport",
              "non_striker": "WL Coetsee",
              "runs": {
                "batter": 0,
                "extras": 0,
                "total": 0
              }
            },
            {
              "batter": "MN van Wyk",
              "bowler": "CS Delport",
              "non_striker": "WL Coetsee",
              "runs": {
                "batter": 1,
                "extras": 0,
                "total": 1
              }
            },
            {
              "batter": "WL Coetsee",
              "bowler": "CS Delport",
              "non_striker": "MN van Wyk",
              "runs": {
                "batter": 0,
                "extras": 0,
                "total": 0
              }
            },
            {
              "batter": "WL Coetsee",
              "bowler": "CS Delport",
              "non_striker": "MN van Wyk",
              "runs": {
                "batter": 1,
                "extras": 0,
                "total": 1
              }
            },
            {
              "batter": "MN van Wyk",
              "bowler": "CS Delport",
              "non_striker": "WL Coetsee",
              "runs": {
                "batter": 1,
                "extras": 0,
                "total": 1
              }
            },
            {
              "batter": "WL Coetsee",
              "bowler": "CS Delport",
              "non_striker": "MN van Wyk",
              "runs": {
                "batter": 2,
                "extras": 0,
                "total": 2
              }
            }
          ]
        },
        {
          "over": 13,
          "deliveries": [
            {
              "batter": "MN van Wyk",
              "bowler": "P Subrayen",
              "non_striker": "WL Coetsee",
              "runs": {
                "batter": 0,
                "extras": 0,
                "total": 0
              }
            },
            {
              "batter": "MN van Wyk",
              "bowler": "P Subrayen",
              "non_striker": "WL Coetsee",
              "runs": {
                "batter": 0,
                "extras": 0,
                "total": 0
              }
            },
            {
              "batter": "MN van Wyk",
              "bowler": "P Subrayen",
              "non_striker": "WL Coetsee",
              "runs": {
                "batter": 1,
                "extras": 0,
                "total": 1
              }
            },
            {
              "batter": "WL Coetsee",
              "bowler": "P Subrayen",
              "non_striker": "MN van Wyk",
              "runs": {
                "batter": 0,
                "extras": 0,
                "total": 0
              }
            },
            {
              "batter": "WL Coetsee",
              "bowler": "P Subrayen",
              "non_striker": "MN van Wyk",
              "runs": {
                "batter": 1,
                "extras": 0,
                "total": 1
              }
            },
            {
              "batter": "MN van Wyk",
              "bowler": "P Subrayen",
              "non_striker": "WL Coetsee",
              "runs": {
                "batter": 1,
                "extras": 0,
                "total": 1
              }
            }
          ]
        },
        {
          "over": 14,
          "deliveries": [
            {
              "batter": "MN van Wyk",
              "bowler": "R Frylinck",
              "non_striker": "WL Coetsee",
              "runs": {
                "batter": 1,
                "extras": 0,
                "total": 1
              }
            },
            {
              "batter": "WL Coetsee",
              "bowler": "R Frylinck",
              "non_striker": "MN van Wyk",
              "runs": {
                "batter": 1,
                "extras": 0,
                "total": 1
              }
            },
            {
              "batter": "MN van Wyk",
              "bowler": "R Frylinck",
              "non_striker": "WL Coetsee",
              "runs": {
                "batter": 0,
                "extras": 0,
                "total": 0
              }
            },
            {
              "batter": "MN van Wyk",
              "bowler": "R Frylinck",
              "non_striker": "WL Coetsee",
              "runs": {
                "batter": 1,
                "extras": 0,
                "total": 1
              }
            },
            {
              "batter": "WL Coetsee",
              "bowler": "R Frylinck",
              "non_striker": "MN van Wyk",
              "runs": {
                "batter": 1,
                "extras": 0,
                "total": 1
              }
            },
            {
              "batter": "MN van Wyk",
              "bowler": "R Frylinck",
              "non_striker": "WL Coetsee",
              "runs": {
                "batter": 1,
                "extras": 0,
                "total": 1
              }
            }
          ]
        },
        {
          "over": 15,
          "deliveries": [
            {
              "batter": "MN van Wyk",
              "bowler": "P Subrayen",
              "non_striker": "WL Coetsee",
              "runs": {
                "batter": 1,
                "extras": 0,
                "total": 1
              }
            },
            {
              "batter": "WL Coetsee",
              "bowler": "P Subrayen",
              "non_striker": "MN van Wyk",
              "runs": {
                "batter": 0,
                "extras": 0,
                "total": 0
              },
              "wickets": [
                {
                  "player_out": "WL Coetsee",
                  "fielders": [
                    {
                      "name": "VB van Jaarsveld"
                    }
                  ],
                  "kind": "caught"
                }
              ]
            },
            {
              "batter": "MN van Wyk",
              "bowler": "P Subrayen",
              "non_striker": "R McLaren",
              "runs": {
                "batter": 0,
                "extras": 0,
                "total": 0
              }
            },
            {
              "batter": "MN van Wyk",
              "bowler": "P Subrayen",
              "non_striker": "R McLaren",
              "runs": {
                "batter": 0,
                "extras": 0,
                "total": 0
              }
            },
            {
              "batter": "MN van Wyk",
              "bowler": "P Subrayen",
              "non_striker": "R McLaren",
              "runs": {
                "batter": 0,
                "extras": 0,
                "total": 0
              }
            },
            {
              "batter": "MN van Wyk",
              "bowler": "P Subrayen",
              "non_striker": "R McLaren",
              "runs": {
                "batter": 1,
                "extras": 0,
                "total": 1
              }
            }
          ]
        },
        {
          "over": 16,
          "deliveries": [
            {
              "batter": "MN van Wyk",
              "bowler": "KJ Abbott",
              "non_striker": "R McLaren",
              "runs": {
                "batter": 1,
                "extras": 0,
                "total": 1
              }
            },
            {
              "batter": "R McLaren",
              "bowler": "KJ Abbott",
              "non_striker": "MN van Wyk",
              "runs": {
                "batter": 1,
                "extras": 0,
                "total": 1
              }
            },
            {
              "batter": "MN van Wyk",
              "bowler": "KJ Abbott",
              "non_striker": "R McLaren",
              "runs": {
                "batter": 1,
                "extras": 0,
                "total": 1
              }
            },
            {
              "batter": "R McLaren",
              "bowler": "KJ Abbott",
              "non_striker": "MN van Wyk",
              "runs": {
                "batter": 1,
                "extras": 0,
                "total": 1
              }
            },
            {
              "batter": "MN van Wyk",
              "bowler": "KJ Abbott",
              "non_striker": "R McLaren",
              "runs": {
                "batter": 1,
                "extras": 0,
                "total": 1
              }
            },
            {
              "batter": "R McLaren",
              "bowler": "KJ Abbott",
              "non_striker": "MN van Wyk",
              "runs": {
                "batter": 0,
                "extras": 0,
                "total": 0
              }
            }
          ]
        },
        {
          "over": 17,
          "deliveries": [
            {
              "batter": "MN van Wyk",
              "bowler": "I Khan",
              "non_striker": "R McLaren",
              "runs": {
                "batter": 0,
                "extras": 0,
                "total": 0
              },
              "wickets": [
                {
                  "player_out": "MN van Wyk",
                  "fielders": [
                    {
                      "name": "VB van Jaarsveld"
                    }
                  ],
                  "kind": "caught"
                }
              ]
            },
            {
              "batter": "R McLaren",
              "bowler": "I Khan",
              "extras": {
                "wides": 1
              },
              "non_striker": "JJ van der Wath",
              "runs": {
                "batter": 0,
                "extras": 1,
                "total": 1
              }
            },
            {
              "batter": "R McLaren",
              "bowler": "I Khan",
              "non_striker": "JJ van der Wath",
              "runs": {
                "batter": 1,
                "extras": 0,
                "total": 1
              }
            },
            {
              "batter": "JJ van der Wath",
              "bowler": "I Khan",
              "extras": {
                "wides": 1
              },
              "non_striker": "R McLaren",
              "runs": {
                "batter": 0,
                "extras": 1,
                "total": 1
              }
            },
            {
              "batter": "JJ van der Wath",
              "bowler": "I Khan",
              "non_striker": "R McLaren",
              "runs": {
                "batter": 1,
                "extras": 0,
                "total": 1
              }
            },
            {
              "batter": "R McLaren",
              "bowler": "I Khan",
              "non_striker": "JJ van der Wath",
              "runs": {
                "batter": 0,
                "extras": 0,
                "total": 0
              }
            },
            {
              "batter": "R McLaren",
              "bowler": "I Khan",
              "non_striker": "JJ van der Wath",
              "runs": {
                "batter": 1,
                "extras": 0,
                "total": 1
              }
            },
            {
              "batter": "JJ van der Wath",
              "bowler": "I Khan",
              "non_striker": "R McLaren",
              "runs": {
                "batter": 1,
                "extras": 0,
                "total": 1
              }
            }
          ]
        },
        {
          "over": 18,
          "deliveries": [
            {
              "batter": "JJ van der Wath",
              "bowler": "KJ Abbott",
              "non_striker": "R McLaren",
              "runs": {
                "batter": 0,
                "extras": 0,
                "total": 0
              }
            },
            {
              "batter": "JJ van der Wath",
              "bowler": "KJ Abbott",
              "non_striker": "R McLaren",
              "runs": {
                "batter": 4,
                "extras": 0,
                "total": 4
              }
            },
            {
              "batter": "JJ van der Wath",
              "bowler": "KJ Abbott",
              "extras": {
                "legbyes": 1
              },
              "non_striker": "R McLaren",
              "runs": {
                "batter": 0,
                "extras": 1,
                "total": 1
              }
            },
            {
              "batter": "R McLaren",
              "bowler": "KJ Abbott",
              "non_striker": "JJ van der Wath",
              "runs": {
                "batter": 0,
                "extras": 0,
                "total": 0
              },
              "wickets": [
                {
                  "player_out": "JJ van der Wath",
                  "fielders": [
                    {
                      "name": "CS Delport"
                    },
                    {
                      "name": "KJ Abbott"
                    }
                  ],
                  "kind": "run out"
                }
              ]
            },
            {
              "batter": "R McLaren",
              "bowler": "KJ Abbott",
              "non_striker": "AR Swanepoel",
              "runs": {
                "batter": 2,
                "extras": 0,
                "total": 2
              }
            },
            {
              "batter": "R McLaren",
              "bowler": "KJ Abbott",
              "non_striker": "AR Swanepoel",
              "runs": {
                "batter": 2,
                "extras": 0,
                "total": 2
              }
            }
          ]
        },
        {
          "over": 19,
          "deliveries": [
            {
              "batter": "AR Swanepoel",
              "bowler": "I Khan",
              "non_striker": "R McLaren",
              "runs": {
                "batter": 4,
                "extras": 0,
                "total": 4
              }
            },
            {
              "batter": "AR Swanepoel",
              "bowler": "I Khan",
              "non_striker": "R McLaren",
              "runs": {
                "batter": 0,
                "extras": 0,
                "total": 0
              },
              "wickets": [
                {
                  "player_out": "AR Swanepoel",
                  "fielders": [
                    {
                      "name": "KJ Abbott"
                    }
                  ],
                  "kind": "caught"
                }
              ]
            },
            {
              "batter": "J Coetzee",
              "bowler": "I Khan",
              "non_striker": "R McLaren",
              "runs": {
                "batter": 1,
                "extras": 0,
                "total": 1
              }
            },
            {
              "batter": "R McLaren",
              "bowler": "I Khan",
              "non_striker": "J Coetzee",
              "runs": {
                "batter": 0,
                "extras": 0,
                "total": 0
              },
              "wickets": [
                {
                  "player_out": "R McLaren",
                  "kind": "bowled"
                }
              ]
            },
            {
              "batter": "MP Siboto",
              "bowler": "I Khan",
              "non_striker": "J Coetzee",
              "runs": {
                "batter": 2,
                "extras": 0,
                "total": 2
              }
            },
            {
              "batter": "MP Siboto",
              "bowler": "I Khan",
              "non_striker": "J Coetzee",
              "runs": {
                "batter": 1,
                "extras": 0,
                "total": 1
              }
            }
          ]
        }
      ],
      "powerplays": [
        {
          "from": 0.1,
          "to": 5.9,
          "type": "mandatory"
        }
      ]
    },
    {
      "team": "Dolphins",
      "overs": [
        {
          "over": 0,
          "deliveries": [
            {
              "batter": "I Khan",
              "bowler": "MP Siboto",
              "non_striker": "LE Bosman",
              "runs": {
                "batter": 0,
                "extras": 0,
                "total": 0
              }
            },
            {
              "batter": "I Khan",
              "bowler": "MP Siboto",
              "non_striker": "LE Bosman",
              "runs": {
                "batter": 1,
                "extras": 0,
                "total": 1
              }
            },
            {
              "batter": "LE Bosman",
              "bowler": "MP Siboto",
              "non_striker": "I Khan",
              "runs": {
                "batter": 1,
                "extras": 0,
                "total": 1
              }
            },
            {
              "batter": "I Khan",
              "bowler": "MP Siboto",
              "non_striker": "LE Bosman",
              "runs": {
                "batter": 0,
                "extras": 0,
                "total": 0
              }
            },
            {
              "batter": "I Khan",
              "bowler": "MP Siboto",
              "non_striker": "LE Bosman",
              "runs": {
                "batter": 1,
                "extras": 0,
                "total": 1
              }
            },
            {
              "batter": "LE Bosman",
              "bowler": "MP Siboto",
              "non_striker": "I Khan",
              "runs": {
                "batter": 1,
                "extras": 0,
                "total": 1
              }
            }
          ]
        },
        {
          "over": 1,
          "deliveries": [
            {
              "batter": "LE Bosman",
              "bowler": "JJ van der Wath",
              "non_striker": "I Khan",
              "runs": {
                "batter": 0,
                "extras": 0,
                "total": 0
              }
            },
            {
              "batter": "LE Bosman",
              "bowler": "JJ van der Wath",
              "non_striker": "I Khan",
              "runs": {
                "batter": 1,
                "extras": 0,
                "total": 1
              }
            },
            {
              "batter": "I Khan",
              "bowler": "JJ van der Wath",
              "non_striker": "LE Bosman",
              "runs": {
                "batter": 0,
                "extras": 0,
                "total": 0
              }
            },
            {
              "batter": "I Khan",
              "bowler": "JJ van der Wath",
              "non_striker": "LE Bosman",
              "runs": {
                "batter": 0,
                "extras": 0,
                "total": 0
              }
            },
            {
              "batter": "I Khan",
              "bowler": "JJ van der Wath",
              "non_striker": "LE Bosman",
              "runs": {
                "batter": 0,
                "extras": 0,
                "total": 0
              }
            },
            {
              "batter": "I Khan",
              "bowler": "JJ van der Wath",
              "non_striker": "LE Bosman",
              "runs": {
                "batter": 0,
                "extras": 0,
                "total": 0
              }
            }
          ]
        },
        {
          "over": 2,
          "deliveries": [
            {
              "batter": "LE Bosman",
              "bowler": "R McLaren",
              "non_striker": "I Khan",
              "runs": {
                "batter": 0,
                "extras": 0,
                "total": 0
              }
            },
            {
              "batter": "LE Bosman",
              "bowler": "R McLaren",
              "non_striker": "I Khan",
              "runs": {
                "batter": 0,
                "extras": 0,
                "total": 0
              }
            },
            {
              "batter": "LE Bosman",
              "bowler": "R McLaren",
              "non_striker": "I Khan",
              "runs": {
                "batter": 0,
                "extras": 0,
                "total": 0
              }
            },
            {
              "batter": "LE Bosman",
              "bowler": "R McLaren",
              "non_striker": "I Khan",
              "runs": {
                "batter": 1,
                "extras": 0,
                "total": 1
              }
            },
            {
              "batter": "I Khan",
              "bowler": "R McLaren",
              "non_striker": "LE Bosman",
              "runs": {
                "batter": 4,
                "extras": 0,
                "total": 4
              }
            },
            {
              "batter": "I Khan",
              "bowler": "R McLaren",
              "non_striker": "LE Bosman",
              "runs": {
                "batter": 1,
                "extras": 0,
                "total": 1
              }
            }
          ]
        },
        {
          "over": 3,
          "deliveries": [
            {
              "batter": "I Khan",
              "bowler": "JJ van der Wath",
              "non_striker": "LE Bosman",
              "runs": {
                "batter": 1,
                "extras": 0,
                "total": 1
              }
            },
            {
              "batter": "LE Bosman",
              "bowler": "JJ van der Wath",
              "non_striker": "I Khan",
              "runs": {
                "batter": 0,
                "extras": 0,
                "total": 0
              }
            },
            {
              "batter": "LE Bosman",
              "bowler": "JJ van der Wath",
              "non_striker": "I Khan",
              "runs": {
                "batter": 1,
                "extras": 0,
                "total": 1
              }
            },
            {
              "batter": "I Khan",
              "bowler": "JJ van der Wath",
              "non_striker": "LE Bosman",
              "runs": {
                "batter": 0,
                "extras": 0,
                "total": 0
              }
            },
            {
              "batter": "I Khan",
              "bowler": "JJ van der Wath",
              "extras": {
                "byes": 2
              },
              "non_striker": "LE Bosman",
              "runs": {
                "batter": 0,
                "extras": 2,
                "total": 2
              }
            },
            {
              "batter": "I Khan",
              "bowler": "JJ van der Wath",
              "non_striker": "LE Bosman",
              "runs": {
                "batter": 2,
                "extras": 0,
                "total": 2
              }
            }
          ]
        },
        {
          "over": 4,
          "deliveries": [
            {
              "batter": "LE Bosman",
              "bowler": "R McLaren",
              "non_striker": "I Khan",
              "runs": {
                "batter": 0,
                "extras": 0,
                "total": 0
              },
              "wickets": [
                {
                  "player_out": "LE Bosman",
                  "fielders": [
                    {
                      "name": "RR Rossouw"
                    }
                  ],
                  "kind": "caught"
                }
              ]
            },
            {
              "batter": "CS Delport",
              "bowler": "R McLaren",
              "non_striker": "I Khan",
              "runs": {
                "batter": 0,
                "extras": 0,
                "total": 0
              }
            },
            {
              "batter": "CS Delport",
              "bowler": "R McLaren",
              "non_striker": "I Khan",
              "runs": {
                "batter": 0,
                "extras": 0,
                "total": 0
              }
            },
            {
              "batter": "CS Delport",
              "bowler": "R McLaren",
              "non_striker": "I Khan",
              "runs": {
                "batter": 0,
                "extras": 0,
                "total": 0
              }
            },
            {
              "batter": "CS Delport",
              "bowler": "R McLaren",
              "non_striker": "I Khan",
              "runs": {
                "batter": 4,
                "extras": 0,
                "total": 4
              }
            },
            {
              "batter": "CS Delport",
              "bowler": "R McLaren",
              "non_striker": "I Khan",
              "runs": {
                "batter": 0,
                "extras": 0,
                "total": 0
              }
            }
          ]
        },
        {
          "over": 5,
          "deliveries": [
            {
              "batter": "I Khan",
              "bowler": "JJ van der Wath",
              "non_striker": "CS Delport",
              "runs": {
                "batter": 1,
                "extras": 0,
                "total": 1
              }
            },
            {
              "batter": "CS Delport",
              "bowler": "JJ van der Wath",
              "non_striker": "I Khan",
              "runs": {
                "batter": 2,
                "extras": 0,
                "total": 2
              }
            },
            {
              "batter": "CS Delport",
              "bowler": "JJ van der Wath",
              "non_striker": "I Khan",
              "runs": {
                "batter": 0,
                "extras": 0,
                "total": 0
              }
            },
            {
              "batter": "CS Delport",
              "bowler": "JJ van der Wath",
              "non_striker": "I Khan",
              "runs": {
                "batter": 1,
                "extras": 0,
                "total": 1
              }
            },
            {
              "batter": "I Khan",
              "bowler": "JJ van der Wath",
              "non_striker": "CS Delport",
              "runs": {
                "batter": 2,
                "extras": 0,
                "total": 2
              }
            },
            {
              "batter": "I Khan",
              "bowler": "JJ van der Wath",
              "non_striker": "CS Delport",
              "runs": {
                "batter": 0,
                "extras": 0,
                "total": 0
              }
            }
          ]
        },
        {
          "over": 6,
          "deliveries": [
            {
              "batter": "CS Delport",
              "bowler": "MP Siboto",
              "non_striker": "I Khan",
              "runs": {
                "batter": 0,
                "extras": 0,
                "total": 0
              }
            },
            {
              "batter": "CS Delport",
              "bowler": "MP Siboto",
              "non_striker": "I Khan",
              "runs": {
                "batter": 0,
                "extras": 0,
                "total": 0
              }
            },
            {
              "batter": "CS Delport",
              "bowler": "MP Siboto",
              "non_striker": "I Khan",
              "runs": {
                "batter": 0,
                "extras": 0,
                "total": 0
              }
            },
            {
              "batter": "CS Delport",
              "bowler": "MP Siboto",
              "non_striker": "I Khan",
              "runs": {
                "batter": 1,
                "extras": 0,
                "total": 1
              }
            },
            {
              "batter": "I Khan",
              "bowler": "MP Siboto",
              "non_striker": "CS Delport",
              "runs": {
                "batter": 1,
                "extras": 0,
                "total": 1
              }
            },
            {
              "batter": "CS Delport",
              "bowler": "MP Siboto",
              "extras": {
                "wides": 1
              },
              "non_striker": "I Khan",
              "runs": {
                "batter": 0,
                "extras": 1,
                "total": 1
              }
            },
            {
              "batter": "CS Delport",
              "bowler": "MP Siboto",
              "non_striker": "I Khan",
              "runs": {
                "batter": 0,
                "extras": 0,
                "total": 0
              }
            }
          ]
        },
        {
          "over": 7,
          "deliveries": [
            {
              "batter": "I Khan",
              "bowler": "WL Coetsee",
              "extras": {
                "byes": 1
              },
              "non_striker": "CS Delport",
              "runs": {
                "batter": 0,
                "extras": 1,
                "total": 1
              }
            },
            {
              "batter": "CS Delport",
              "bowler": "WL Coetsee",
              "non_striker": "I Khan",
              "runs": {
                "batter": 1,
                "extras": 0,
                "total": 1
              }
            },
            {
              "batter": "I Khan",
              "bowler": "WL Coetsee",
              "non_striker": "CS Delport",
              "runs": {
                "batter": 0,
                "extras": 0,
                "total": 0
              },
              "wickets": [
                {
                  "player_out": "I Khan",
                  "fielders": [
                    {
                      "name": "MN van Wyk"
                    }
                  ],
                  "kind": "stumped"
                }
              ]
            },
            {
              "batter": "C Chetty",
              "bowler": "WL Coetsee",
              "non_striker": "CS Delport",
              "runs": {
                "batter": 1,
                "extras": 0,
                "total": 1
              }
            },
            {
              "batter": "CS Delport",
              "bowler": "WL Coetsee",
              "non_striker": "C Chetty",
              "runs": {
                "batter": 1,
                "extras": 0,
                "total": 1
              }
            },
            {
              "batter": "C Chetty",
              "bowler": "WL Coetsee",
              "non_striker": "CS Delport",
              "runs": {
                "batter": 0,
                "extras": 0,
                "total": 0
              }
            }
          ]
        },
        {
          "over": 8,
          "deliveries": [
            {
              "batter": "CS Delport",
              "bowler": "AR Swanepoel",
              "non_striker": "C Chetty",
              "runs": {
                "batter": 1,
                "extras": 0,
                "total": 1
              }
            },
            {
              "batter": "C Chetty",
              "bowler": "AR Swanepoel",
              "non_striker": "CS Delport",
              "runs": {
                "batter": 1,
                "extras": 0,
                "total": 1
              }
            },
            {
              "batter": "CS Delport",
              "bowler": "AR Swanepoel",
              "non_striker": "C Chetty",
              "runs": {
                "batter": 1,
                "extras": 0,
                "total": 1
              }
            },
            {
              "batter": "C Chetty",
              "bowler": "AR Swanepoel",
              "extras": {
                "wides": 1
              },
              "non_striker": "CS Delport",
              "runs": {
                "batter": 0,
                "extras": 1,
                "total": 1
              }
            },
            {
              "batter": "C Chetty",
              "bowler": "AR Swanepoel",
              "non_striker": "CS Delport",
              "runs": {
                "batter": 1,
                "extras": 0,
                "total": 1
              }
            },
            {
              "batter": "CS Delport",
              "bowler": "AR Swanepoel",
              "non_striker": "C Chetty",
              "runs": {
                "batter": 1,
                "extras": 0,
                "total": 1
              }
            },
            {
              "batter": "C Chetty",
              "bowler": "AR Swanepoel",
              "extras": {
                "byes": 1
              },
              "non_striker": "CS Delport",
              "runs": {
                "batter": 0,
                "extras": 1,
                "total": 1
              }
            }
          ]
        },
        {
          "over": 9,
          "deliveries": [
            {
              "batter": "C Chetty",
              "bowler": "WL Coetsee",
              "non_striker": "CS Delport",
              "runs": {
                "batter": 0,
                "extras": 0,
                "total": 0
              }
            },
            {
              "batter": "C Chetty",
              "bowler": "WL Coetsee",
              "non_striker": "CS Delport",
              "runs": {
                "batter": 0,
                "extras": 0,
                "total": 0
              }
            },
            {
              "batter": "C Chetty",
              "bowler": "WL Coetsee",
              "non_striker": "CS Delport",
              "runs": {
                "batter": 0,
                "extras": 0,
                "total": 0
              }
            },
            {
              "batter": "C Chetty",
              "bowler": "WL Coetsee",
              "non_striker": "CS Delport",
              "runs": {
                "batter": 1,
                "extras": 0,
                "total": 1
              }
            },
            {
              "batter": "CS Delport",
              "bowler": "WL Coetsee",
              "non_striker": "C Chetty",
              "runs": {
                "batter": 6,
                "extras": 0,
                "total": 6
              }
            },
            {
              "batter": "CS Delport",
              "bowler": "WL Coetsee",
              "non_striker": "C Chetty",
              "runs": {
                "batter": 0,
                "extras": 0,
                "total": 0
              }
            }
          ]
        },
        {
          "over": 10,
          "deliveries": [
            {
              "batter": "C Chetty",
              "bowler": "J Coetzee",
              "non_striker": "CS Delport",
              "runs": {
                "batter": 1,
                "extras": 0,
                "total": 1
              }
            },
            {
              "batter": "CS Delport",
              "bowler": "J Coetzee",
              "non_striker": "C Chetty",
              "runs": {
                "batter": 4,
                "extras": 0,
                "total": 4
              }
            },
            {
              "batter": "CS Delport",
              "bowler": "J Coetzee",
              "non_striker": "C Chetty",
              "runs": {
                "batter": 0,
                "extras": 0,
                "total": 0
              }
            },
            {
              "batter": "CS Delport",
              "bowler": "J Coetzee",
              "non_striker": "C Chetty",
              "runs": {
                "batter": 0,
                "extras": 0,
                "total": 0
              }
            },
            {
              "batter": "CS Delport",
              "bowler": "J Coetzee",
              "non_striker": "C Chetty",
              "runs": {
                "batter": 1,
                "extras": 0,
                "total": 1
              }
            },
            {
              "batter": "C Chetty",
              "bowler": "J Coetzee",
              "non_striker": "CS Delport",
              "runs": {
                "batter": 0,
                "extras": 0,
                "total": 0
              },
              "wickets": [
                {
                  "player_out": "C Chetty",
                  "kind": "bowled"
                }
              ]
            }
          ]
        },
        {
          "over": 11,
          "deliveries": [
            {
              "batter": "CS Delport",
              "bowler": "MP Siboto",
              "non_striker": "D Smit",
              "runs": {
                "batter": 1,
                "extras": 0,
                "total": 1
              }
            },
            {
              "batter": "D Smit",
              "bowler": "MP Siboto",
              "non_striker": "CS Delport",
              "runs": {
                "batter": 1,
                "extras": 0,
                "total": 1
              }
            },
            {
              "batter": "CS Delport",
              "bowler": "MP Siboto",
              "non_striker": "D Smit",
              "runs": {
                "batter": 0,
                "extras": 0,
                "total": 0
              }
            },
            {
              "batter": "CS Delport",
              "bowler": "MP Siboto",
              "non_striker": "D Smit",
              "runs": {
                "batter": 1,
                "extras": 0,
                "total": 1
              }
            },
            {
              "batter": "D Smit",
              "bowler": "MP Siboto",
              "non_striker": "CS Delport",
              "runs": {
                "batter": 0,
                "extras": 0,
                "total": 0
              }
            },
            {
              "batter": "D Smit",
              "bowler": "MP Siboto",
              "non_striker": "CS Delport",
              "runs": {
                "batter": 1,
                "extras": 0,
                "total": 1
              }
            }
          ]
        },
        {
          "over": 12,
          "deliveries": [
            {
              "batter": "D Smit",
              "bowler": "R McLaren",
              "non_striker": "CS Delport",
              "runs": {
                "batter": 0,
                "extras": 0,
                "total": 0
              }
            },
            {
              "batter": "D Smit",
              "bowler": "R McLaren",
              "non_striker": "CS Delport",
              "runs": {
                "batter": 1,
                "extras": 0,
                "total": 1
              }
            },
            {
              "batter": "CS Delport",
              "bowler": "R McLaren",
              "non_striker": "D Smit",
              "runs": {
                "batter": 6,
                "extras": 0,
                "total": 6
              }
            },
            {
              "batter": "CS Delport",
              "bowler": "R McLaren",
              "non_striker": "D Smit",
              "runs": {
                "batter": 4,
                "extras": 0,
                "total": 4
              }
            },
            {
              "batter": "CS Delport",
              "bowler": "R McLaren",
              "non_striker": "D Smit",
              "runs": {
                "batter": 0,
                "extras": 0,
                "total": 0
              }
            },
            {
              "batter": "CS Delport",
              "bowler": "R McLaren",
              "extras": {
                "wides": 1
              },
              "non_striker": "D Smit",
              "runs": {
                "batter": 0,
                "extras": 1,
                "total": 1
              }
            },
            {
              "batter": "CS Delport",
              "bowler": "R McLaren",
              "non_striker": "D Smit",
              "runs": {
                "batter": 0,
                "extras": 0,
                "total": 0
              }
            }
          ]
        },
        {
          "over": 13,
          "deliveries": [
            {
              "batter": "D Smit",
              "bowler": "J Coetzee",
              "non_striker": "CS Delport",
              "runs": {
                "batter": 4,
                "extras": 0,
                "total": 4
              }
            },
            {
              "batter": "D Smit",
              "bowler": "J Coetzee",
              "non_striker": "CS Delport",
              "runs": {
                "batter": 1,
                "extras": 0,
                "total": 1
              }
            },
            {
              "batter": "CS Delport",
              "bowler": "J Coetzee",
              "non_striker": "D Smit",
              "runs": {
                "batter": 0,
                "extras": 0,
                "total": 0
              },
              "wickets": [
                {
                  "player_out": "CS Delport",
                  "kind": "bowled"
                }
              ]
            },
            {
              "batter": "VB van Jaarsveld",
              "bowler": "J Coetzee",
              "non_striker": "D Smit",
              "runs": {
                "batter": 1,
                "extras": 0,
                "total": 1
              }
            },
            {
              "batter": "D Smit",
              "bowler": "J Coetzee",
              "non_striker": "VB van Jaarsveld",
              "runs": {
                "batter": 1,
                "extras": 0,
                "total": 1
              }
            }
          ]
        }
      ],
      "powerplays": [
        {
          "from": 0.1,
          "to": 5.6,
          "type": "mandatory"
        }
      ],
      "target": {
        "overs": 13.5,
        "runs": 86
      }
    }
  ]
}