{
  "meta": {
    "data_version": "1.1.0",
    "created": "2022-04-03",
    "revision": 1
  },
  "info": {
    "balls_per_over": 6,
    "city": "Kimberley",
    "dates": [
      "2013-02-17"
    ],
    "event": {
      "name": "Ram Slam T20 Challenge"
    },
    "gender": "male",
    "match_type": "T20",
    "officials": {
      "match_referees": [
        "CJ Mitchley"
      ],
      "reserve_umpires": [
        "BDA Westraadt"
      ],
      "umpires": [
        "EC Hendrikse",
        "GH Pienaar"
      ]
    },
    "outcome": {
      "winner": "Warriors",
      "by": {
        "wickets": 8
      },
      "method": "D/L"
    },
    "overs": 20,
    "player_of_match": [
      "C Jonker",
      "J Theron"
    ],
    "players": {
      "Knights": [
        "LE Bosman",
        "RR Rossouw",
        "GL Cloete",
        "RT Bailey",
        "AJ Pienaar",
        "R McLaren",
        "WL Coetsee",
        "JJ van der Wath",
        "D du Preez",
        "J Coetzee",
        "MP Siboto"
      ],
      "Warriors": [
        "C Jonker",
        "AG Prince",
        "CA Ingram",
        "DJ Jacobs",
        "AP McLaren",
        "WD Parnell",
        "CA Thyssen",
        "SR Harmer",
        "J Theron",
        "ACR Birch",
        "A Gqamane"
      ]
    },
    "registry": {
      "people": {
        "A Gqamane": "a83c44b8",
        "ACR Birch": "9df3a2f4",
        "AG Prince": "035cb925",
        "AJ Pienaar": "647a48da",
        "AP McLaren": "4ad7fc1b",
        "BDA Westraadt": "d7327068",
        "C Jonker": "a81d6706",
        "CA Ingram": "c995d726",
        "CA Thyssen": "789fd884",
        "CJ Mitchley": "7f4f18e3",
        "D du Preez": "d7a57f75",
        "DJ Jacobs": "a84468fe",
        "EC Hendrikse": "3f2996c9",
        "GH Pienaar": "3516e46b",
        "GL Cloete": "3bf40832",
        "J Coetzee": "3ad06915",
        "J Theron": "dec8e038",
        "JJ van der Wath": "6821ac10",
        "LE Bosman": "73e749e1",
        "MP Siboto": "9d50c7e1",
        "R McLaren": "c654af19",
        "RR Rossouw": "cad00a4d",
        "RT Bailey": "93a751e8",
        "SR Harmer": "23638956",
        "WD Parnell": "3a60e0b5",
        "WL Coetsee": "5f419ace"
      }
    },
    "season": "2012/13",
    "team_type": "club",
    "teams": [
      "Knights",
      "Warriors"
    ],
    "toss": {
      "decision": "field",
      "winner": "Warriors"
    },
    "venue": "De Beers Diamond Oval, Kimberley"
  },
  "innings": [
    {
      "team": "Knights",
      "overs": [
        {
          "over": 0,
          "deliveries": [
            {
              "batter": "LE Bosman",
              "bowler": "WD Parnell",
              "extras": {
                "wides": 1
              },
              "non_striker": "RR Rossouw",
              "runs": {
                "batter": 0,
                "extras": 1,
                "total": 1
              }
            },
            {
              "batter": "LE Bosman",
              "bowler": "WD Parnell",
              "extras": {
                "wides": 1
              },
              "non_striker": "RR Rossouw",
              "runs": {
                "batter": 0,
                "extras": 1,
                "total": 1
              }
            },
            {
              "batter": "LE Bosman",
              "bowler": "WD Parnell",
              "non_striker": "RR Rossouw",
              "runs": {
                "batter": 0,
                "extras": 0,
                "total": 0
              }
            },
            {
              "batter": "LE Bosman",
              "bowler": "WD Parnell",
              "non_striker": "RR Rossouw",
              "runs": {
                "batter": 0,
                "extras": 0,
                "total": 0
              }
            },
            {
              "batter": "LE Bosman",
              "bowler": "WD Parnell",
              "non_striker": "RR Rossouw",
              "runs": {
                "batter": 2,
                "extras": 0,
                "total": 2
              }
            },
            {
              "batter": "LE Bosman",
              "bowler": "WD Parnell",
              "extras": {
                "legbyes": 1
              },
              "non_striker": "RR Rossouw",
              "runs": {
                "batter": 0,
                "extras": 1,
                "total": 1
              }
            },
            {
              "batter": "RR Rossouw",
              "bowler": "WD Parnell",
              "non_striker": "LE Bosman",
              "runs": {
                "batter": 0,
                "extras": 0,
                "total": 0
              }
            },
            {
              "batter": "RR Rossouw",
              "bowler": "WD Parnell",
              "non_striker": "LE Bosman",
              "runs": {
                "batter": 4,
                "extras": 0,
                "total": 4
              }
            }
          ]
        },
        {
          "over": 1,
          "deliveries": [
            {
              "batter": "LE Bosman",
              "bowler": "ACR Birch",
              "non_striker": "RR Rossouw",
              "runs": {
                "batter": 0,
                "extras": 0,
                "total": 0
              }
            },
            {
              "batter": "LE Bosman",
              "bowler": "ACR Birch",
              "non_striker": "RR Rossouw",
              "runs": {
                "batter": 1,
                "extras": 0,
                "total": 1
              }
            },
            {
              "batter": "RR Rossouw",
              "bowler": "ACR Birch",
              "non_striker": "LE Bosman",
              "runs": {
                "batter": 0,
                "extras": 0,
                "total": 0
              }
            },
            {
              "batter": "RR Rossouw",
              "bowler": "ACR Birch",
              "non_striker": "LE Bosman",
              "runs": {
                "batter": 1,
                "extras": 0,
                "total": 1
              }
            },
            {
              "batter": "LE Bosman",
              "bowler": "ACR Birch",
              "non_striker": "RR Rossouw",
              "runs": {
                "batter": 0,
                "extras": 0,
                "total": 0
              }
            },
            {
              "batter": "LE Bosman",
              "bowler": "ACR Birch",
              "non_striker": "RR Rossouw",
              "runs": {
                "batter": 1,
                "extras": 0,
                "total": 1
              }
            }
          ]
        },
        {
          "over": 2,
          "deliveries": [
            {
              "batter": "LE Bosman",
              "bowler": "WD Parnell",
              "non_striker": "RR Rossouw",
              "runs": {
                "batter": 0,
                "extras": 0,
                "total": 0
              },
              "wickets": [
                {
                  "player_out": "LE Bosman",
                  "fielders": [
                    {
                      "name": "AG Prince"
                    }
                  ],
                  "kind": "caught"
                }
              ]
            },
            {
              "batter": "GL Cloete",
              "bowler": "WD Parnell",
              "non_striker": "RR Rossouw",
              "runs": {
                "batter": 0,
                "extras": 0,
                "total": 0
              }
            },
            {
              "batter": "GL Cloete",
              "bowler": "WD Parnell",
              "non_striker": "RR Rossouw",
              "runs": {
                "batter": 4,
                "extras": 0,
                "total": 4
              }
            },
            {
              "batter": "GL Cloete",
              "bowler": "WD Parnell",
              "non_striker": "RR Rossouw",
              "runs": {
                "batter": 0,
                "extras": 0,
                "total": 0
              }
            },
            {
              "batter": "GL Cloete",
              "bowler": "WD Parnell",
              "non_striker": "RR Rossouw",
              "runs": {
                "batter": 1,
                "extras": 0,
                "total": 1
              }
            },
            {
              "batter": "RR Rossouw",
              "bowler": "WD Parnell",
              "non_striker": "GL Cloete",
              "runs": {
                "batter": 2,
                "extras": 0,
                "total": 2
              }
            }
          ]
        },
        {
          "over": 3,
          "deliveries": [
            {
              "batter": "GL Cloete",
              "bowler": "ACR Birch",
              "non_striker": "RR Rossouw",
              "runs": {
                "batter": 2,
                "extras": 0,
                "total": 2
              }
            },
            {
              "batter": "GL Cloete",
              "bowler": "ACR Birch",
              "non_striker": "RR Rossouw",
              "runs": {
                "batter": 0,
                "extras": 0,
                "total": 0
              }
            },
            {
              "batter": "GL Cloete",
              "bowler": "ACR Birch",
              "non_striker": "RR Rossouw",
              "runs": {
                "batter": 0,
                "extras": 0,
                "total": 0
              }
            },
            {
              "batter": "GL Cloete",
              "bowler": "ACR Birch",
              "non_striker": "RR Rossouw",
              "runs": {
                "batter": 1,
                "extras": 0,
                "total": 1
              }
            },
            {
              "batter": "RR Rossouw",
              "bowler": "ACR Birch",
              "non_striker": "GL Cloete",
              "runs": {
                "batter": 1,
                "extras": 0,
                "total": 1
              }
            },
            {
              "batter": "GL Cloete",
              "bowler": "ACR Birch",
              "non_striker": "RR Rossouw",
              "runs": {
                "batter": 1,
                "extras": 0,
                "total": 1
              }
            }
          ]
        },
        {
          "over": 4,
          "deliveries": [
            {
              "batter": "GL Cloete",
              "bowler": "J Theron",
              "non_striker": "RR Rossouw",
              "runs": {
                "batter": 4,
                "extras": 0,
                "total": 4
              }
            },
            {
              "batter": "GL Cloete",
              "bowler": "J Theron",
              "non_striker": "RR Rossouw",
              "runs": {
                "batter": 0,
                "extras": 0,
                "total": 0
              }
            },
            {
              "batter": "GL Cloete",
              "bowler": "J Theron",
              "non_striker": "RR Rossouw",
              "runs": {
                "batter": 1,
                "extras": 0,
                "total": 1
              }
            },
            {
              "batter": "RR Rossouw",
              "bowler": "J Theron",
              "non_striker": "GL Cloete",
              "runs": {
                "batter": 1,
                "extras": 0,
                "total": 1
              }
            },
            {
              "batter": "GL Cloete",
              "bowler": "J Theron",
              "non_striker": "RR Rossouw",
              "runs": {
                "batter": 1,
                "extras": 0,
                "total": 1
              }
            },
            {
              "batter": "RR Rossouw",
              "bowler": "J Theron",
              "non_striker": "GL Cloete",
              "runs": {
                "batter": 1,
                "extras": 0,
                "total": 1
              }
            }
          ]
        },
        {
          "over": 5,
          "deliveries": [
            {
              "batter": "RR Rossouw",
              "bowler": "ACR Birch",
              "non_striker": "GL Cloete",
              "runs": {
                "batter": 0,
                "extras": 0,
                "total": 0
              }
            },
            {
              "batter": "RR Rossouw",
              "bowler": "ACR Birch",
              "non_striker": "GL Cloete",
              "runs": {
                "batter": 6,
                "extras": 0,
                "total": 6
              }
            },
            {
              "batter": "RR Rossouw",
              "bowler": "ACR Birch",
              "non_striker": "GL Cloete",
              "runs": {
                "batter": 1,
                "extras": 0,
                "total": 1
              }
            },
            {
              "batter": "GL Cloete",
              "bowler": "ACR Birch",
              "non_striker": "RR Rossouw",
              "runs": {
                "batter": 4,
                "extras": 0,
                "total": 4
              }
            },
            {
              "batter": "GL Cloete",
              "bowler": "ACR Birch",
              "non_striker": "RR Rossouw",
              "runs": {
                "batter": 4,
                "extras": 0,
                "total": 4
              }
            },
            {
              "batter": "GL Cloete",
              "bowler": "ACR Birch",
              "non_striker": "RR Rossouw",
              "runs": {
                "batter": 0,
                "extras": 0,
                "total": 0
              }
            }
          ]
        },
        {
          "over": 6,
          "deliveries": [
            {
              "batter": "RR Rossouw",
              "bowler": "A Gqamane",
              "non_striker": "GL Cloete",
              "runs": {
                "batter": 0,
                "extras": 0,
                "total": 0
              }
            },
            {
              "batter": "RR Rossouw",
              "bowler": "A Gqamane",
              "non_striker": "GL Cloete",
              "runs": {
                "batter": 1,
                "extras": 0,
                "total": 1
              }
            },
            {
              "batter": "GL Cloete",
              "bowler": "A Gqamane",
              "non_striker": "RR Rossouw",
              "runs": {
                "batter": 0,
                "extras": 0,
                "total": 0
              }
            },
            {
              "batter": "GL Cloete",
              "bowler": "A Gqamane",
              "non_striker": "RR Rossouw",
              "runs": {
                "batter": 1,
                "extras": 0,
                "total": 1
              }
            },
            {
              "batter": "RR Rossouw",
              "bowler": "A Gqamane",
              "non_striker": "GL Cloete",
              "runs": {
                "batter": 0,
                "extras": 0,
                "total": 0
              }
            },
            {
              "batter": "RR Rossouw",
              "bowler": "A Gqamane",
              "non_striker": "GL Cloete",
              "runs": {
                "batter": 0,
                "extras": 0,
                "total": 0
              }
            }
          ]
        },
        {
          "over": 7,
          "deliveries": [
            {
              "batter": "GL Cloete",
              "bowler": "SR Harmer",
              "non_striker": "RR Rossouw",
              "runs": {
                "batter": 0,
                "extras": 0,
                "total": 0
              }
            },
            {
              "batter": "GL Cloete",
              "bowler": "SR Harmer",
              "non_striker": "RR Rossouw",
              "runs": {
                "batter": 0,
                "extras": 0,
                "total": 0
              }
            },
            {
              "batter": "GL Cloete",
              "bowler": "SR Harmer",
              "non_striker": "RR Rossouw",
              "runs": {
                "batter": 1,
                "extras": 0,
                "total": 1
              }
            },
            {
              "batter": "RR Rossouw",
              "bowler": "SR Harmer",
              "non_striker": "GL Cloete",
              "runs": {
                "batter": 4,
                "extras": 0,
                "total": 4
              }
            },
            {
              "batter": "RR Rossouw",
              "bowler": "SR Harmer",
              "non_striker": "GL Cloete",
              "runs": {
                "batter": 2,
                "extras": 0,
                "total": 2
              }
            },
            {
              "batter": "RR Rossouw",
              "bowler": "SR Harmer",
              "non_striker": "GL Cloete",
              "runs": {
                "batter": 4,
                "extras": 0,
                "total": 4
              }
            }
          ]
        },
        {
          "over": 8,
          "deliveries": [
            {
              "batter": "GL Cloete",
              "bowler": "A Gqamane",
              "non_striker": "RR Rossouw",
              "runs": {
                "batter": 0,
                "extras": 0,
                "total": 0
              }
            },
            {
              "batter": "GL Cloete",
              "bowler": "A Gqamane",
              "non_striker": "RR Rossouw",
              "runs": {
                "batter": 0,
                "extras": 0,
                "total": 0
              }
            },
            {
              "batter": "GL Cloete",
              "bowler": "A Gqamane",
              "non_striker": "RR Rossouw",
              "runs": {
                "batter": 0,
                "extras": 0,
                "total": 0
              }
            },
            {
              "batter": "GL Cloete",
              "bowler": "A Gqamane",
              "non_striker": "RR Rossouw",
              "runs": {
                "batter": 1,
                "extras": 0,
                "total": 1
              }
            },
            {
              "batter": "RR Rossouw",
              "bowler": "A Gqamane",
              "non_striker": "GL Cloete",
              "runs": {
                "batter": 1,
                "extras": 0,
                "total": 1
              }
            },
            {
              "batter": "GL Cloete",
              "bowler": "A Gqamane",
              "non_striker": "RR Rossouw",
              "runs": {
                "batter": 6,
                "extras": 0,
                "total": 6
              }
            }
          ]
        },
        {
          "over": 9,
          "deliveries": [
            {
              "batter": "RR Rossouw",
              "bowler": "SR Harmer",
              "non_striker": "GL Cloete",
              "runs": {
                "batter": 1,
                "extras": 0,
                "total": 1
              }
            },
            {
              "batter": "GL Cloete",
              "bowler": "SR Harmer",
              "non_striker": "RR Rossouw",
              "runs": {
                "batter": 1,
                "extras": 0,
                "total": 1
              }
            },
            {
              "batter": "RR Rossouw",
              "bowler": "SR Harmer",
              "non_striker": "GL Cloete",
              "runs": {
                "batter": 2,
                "extras": 0,
                "total": 2
              }
            },
            {
              "batter": "RR Rossouw",
              "bowler": "SR Harmer",
              "non_striker": "GL Cloete",
              "runs": {
                "batter": 1,
                "extras": 0,
                "total": 1
              }
            },
            {
              "batter": "GL Cloete",
              "bowler": "SR Harmer",
              "non_striker": "RR Rossouw",
              "runs": {
                "batter": 1,
                "extras": 0,
                "total": 1
              }
            },
            {
              "batter": "RR Rossouw",
              "bowler": "SR Harmer",
              "non_striker": "GL Cloete",
              "runs": {
                "batter": 1,
                "extras": 0,
                "total": 1
              }
            }
          ]
        },
        {
          "over": 10,
          "deliveries": [
            {
              "batter": "RR Rossouw",
              "bowler": "A Gqamane",
              "non_striker": "GL Cloete",
              "runs": {
                "batter": 0,
                "extras": 0,
                "total": 0
              }
            },
            {
              "batter": "RR Rossouw",
              "bowler": "A Gqamane",
              "non_striker": "GL Cloete",
              "runs": {
                "batter": 1,
                "extras": 0,
                "total": 1
              }
            },
            {
              "batter": "GL Cloete",
              "bowler": "A Gqamane",
              "non_striker": "RR Rossouw",
              "runs": {
                "batter": 1,
                "extras": 0,
                "total": 1
              }
            },
            {
              "batter": "RR Rossouw",
              "bowler": "A Gqamane",
              "non_striker": "GL Cloete",
              "runs": {
                "batter": 0,
                "extras": 0,
                "total": 0
              },
              "wickets": [
                {
                  "player_out": "RR Rossouw",
                  "fielders": [
                    {
                      "name": "AG Prince"
                    }
                  ],
                  "kind": "caught"
                }
              ]
            },
            {
              "batter": "GL Cloete",
              "bowler": "A Gqamane",
              "non_striker": "RT Bailey",
              "runs": {
                "batter": 0,
                "extras": 0,
                "total": 0
              }
            },
            {
              "batter": "GL Cloete",
              "bowler": "A Gqamane",
              "non_striker": "RT Bailey",
              "runs": {
                "batter": 1,
                "extras": 0,
                "total": 1
              }
            }
          ]
        },
        {
          "over": 11,
          "deliveries": [
            {
              "batter": "GL Cloete",
              "bowler": "SR Harmer",
              "non_striker": "RT Bailey",
              "runs": {
                "batter": 0,
                "extras": 0,
                "total": 0
              }
            },
            {
              "batter": "GL Cloete",
              "bowler": "SR Harmer",
              "non_striker": "RT Bailey",
              "runs": {
                "batter": 1,
                "extras": 0,
                "total": 1
              }
            },
            {
              "batter": "RT Bailey",
              "bowler": "SR Harmer",
              "non_striker": "GL Cloete",
              "runs": {
                "batter": 1,
                "extras": 0,
                "total": 1
              },
              "wickets": [
                {
                  "player_out": "GL Cloete",
                  "fielders": [
                    {
                      "name": "SR Harmer"
                    },
                    {
                      "name": "A Gqamane"
                    }
                  ],
                  "kind": "run out"
                }
              ]
            },
            {
              "batter": "RT Bailey",
              "bowler": "SR Harmer",
              "non_striker": "AJ Pienaar",
              "runs": {
                "batter": 0,
                "extras": 0,
                "total": 0
              }
            },
            {
              "batter": "RT Bailey",
              "bowler": "SR Harmer",
              "non_striker": "AJ Pienaar",
              "runs": {
                "batter": 0,
                "extras": 0,
                "total": 0
              }
            },
            {
              "batter": "RT Bailey",
              "bowler": "SR Harmer",
              "non_striker": "AJ Pienaar",
              "runs": {
                "batter": 1,
                "extras": 0,
                "total": 1
              }
            }
          ]
        },
        {
          "over": 12,
          "deliveries": [
            {
              "batter": "RT Bailey",
              "bowler": "A Gqamane",
              "non_striker": "AJ Pienaar",
              "runs": {
                "batter": 1,
                "extras": 0,
                "total": 1
              }
            },
            {
              "batter": "AJ Pienaar",
              "bowler": "A Gqamane",
              "extras": {
                "wides": 1
              },
              "non_striker": "RT Bailey",
              "runs": {
                "batter": 0,
                "extras": 1,
                "total": 1
              }
            },
            {
              "batter": "AJ Pienaar",
              "bowler": "A Gqamane",
              "non_striker": "RT Bailey",
              "runs": {
                "batter": 2,
                "extras": 0,
                "total": 2
              }
            },
            {
              "batter": "AJ Pienaar",
              "bowler": "A Gqamane",
              "non_striker": "RT Bailey",
              "runs": {
                "batter": 4,
                "extras": 0,
                "total": 4
              }
            },
            {
              "batter": "AJ Pienaar",
              "bowler": "A Gqamane",
              "non_striker": "RT Bailey",
              "runs": {
                "batter": 1,
                "extras": 0,
                "total": 1
              }
            },
            {
              "batter": "RT Bailey",
              "bowler": "A Gqamane",
              "non_striker": "AJ Pienaar",
              "runs": {
                "batter": 0,
                "extras": 0,
                "total": 0
              }
            },
            {
              "batter": "RT Bailey",
              "bowler": "A Gqamane",
              "extras": {
                "wides": 1
              },
              "non_striker": "AJ Pienaar",
              "runs": {
                "batter": 0,
                "extras": 1,
                "total": 1
              }
            },
            {
              "batter": "RT Bailey",
              "bowler": "A Gqamane",
              "non_striker": "AJ Pienaar",
              "runs": {
                "batter": 0,
                "extras": 0,
                "total": 0
              },
              "wickets": [
                {
                  "player_out": "RT Bailey",
                  "fielders": [
                    {
                      "name": "AP McLaren"
                    }
                  ],
                  "kind": "run out"
                }
              ]
            }
          ]
        },
        {
          "over": 13,
          "deliveries": [
            {
              "batter": "AJ Pienaar",
              "bowler": "SR Harmer",
              "non_striker": "R McLaren",
              "runs": {
                "batter": 0,
                "extras": 0,
                "total": 0
              }
            },
            {
              "batter": "AJ Pienaar",
              "bowler": "SR Harmer",
              "non_striker": "R McLaren",
              "runs": {
                "batter": 1,
                "extras": 0,
                "total": 1
              }
            },
            {
              "batter": "R McLaren",
              "bowler": "SR Harmer",
              "non_striker": "AJ Pienaar",
              "runs": {
                "batter": 1,
                "extras": 0,
                "total": 1
              }
            },
            {
              "batter": "AJ Pienaar",
              "bowler": "SR Harmer",
              "non_striker": "R McLaren",
              "runs": {
                "batter": 1,
                "extras": 0,
                "total": 1
              }
            },
            {
              "batter": "R McLaren",
              "bowler": "SR Harmer",
              "non_striker": "AJ Pienaar",
              "runs": {
                "batter": 0,
                "extras": 0,
                "total": 0
              }
            },
            {
              "batter": "R McLaren",
              "bowler": "SR Harmer",
              "non_striker": "AJ Pienaar",
              "runs": {
                "batter": 4,
                "extras": 0,
                "total": 4
              }
            }
          ]
        },
        {
          "over": 14,
          "deliveries": [
            {
              "batter": "AJ Pienaar",
              "bowler": "J Theron",
              "non_striker": "R McLaren",
              "runs": {
                "batter": 0,
                "extras": 0,
                "total": 0
              }
            },
            {
              "batter": "AJ Pienaar",
              "bowler": "J Theron",
              "non_striker": "R McLaren",
              "runs": {
                "batter": 0,
                "extras": 0,
                "total": 0
              }
            },
            {
              "batter": "AJ Pienaar",
              "bowler": "J Theron",
              "non_striker": "R McLaren",
              "runs": {
                "batter": 1,
                "extras": 0,
                "total": 1
              }
            },
            {
              "batter": "R McLaren",
              "bowler": "J Theron",
              "non_striker": "AJ Pienaar",
              "runs": {
                "batter": 4,
                "extras": 0,
                "total": 4
              }
            },
            {
              "batter": "R McLaren",
              "bowler": "J Theron",
              "non_striker": "AJ Pienaar",
              "runs": {
                "batter": 1,
                "extras": 0,
                "total": 1
              }
            },
            {
              "batter": "AJ Pienaar",
              "bowler": "J Theron",
              "extras": {
                "legbyes": 1
              },
              "non_striker": "R McLaren",
              "runs": {
                "batter": 0,
                "extras": 1,
                "total": 1
              }
            }
          ]
        },
        {
          "over": 15,
          "deliveries": [
            {
              "batter": "AJ Pienaar",
              "bowler": "ACR Birch",
              "non_striker": "R McLaren",
              "runs": {
                "batter": 0,
                "extras": 0,
                "total": 0
              }
            },
            {
              "batter": "AJ Pienaar",
              "bowler": "ACR Birch",
              "non_striker": "R McLaren",
              "runs": {
                "batter": 0,
                "extras": 0,
                "total": 0
              }
            },
            {
              "batter": "AJ Pienaar",
              "bowler": "ACR Birch",
              "non_striker": "R McLaren",
              "runs": {
                "batter": 4,
                "extras": 0,
                "total": 4
              }
            },
            {
              "batter": "AJ Pienaar",
              "bowler": "ACR Birch",
              "non_striker": "R McLaren",
              "runs": {
                "batter": 1,
                "extras": 0,
                "total": 1
              }
            },
            {
              "batter": "R McLaren",
              "bowler": "ACR Birch",
              "non_striker": "AJ Pienaar",
              "runs": {
                "batter": 0,
                "extras": 0,
                "total": 0
              },
              "wickets": [
                {
                  "player_out": "R McLaren",
                  "kind": "bowled"
                }
              ]
            },
            {
              "batter": "WL Coetsee",
              "bowler": "ACR Birch",
              "non_striker": "AJ Pienaar",
              "runs": {
                "batter": 0,
                "extras": 0,
                "total": 0
              }
            }
          ]
        },
        {
          "over": 16,
          "deliveries": [
            {
              "batter": "AJ Pienaar",
              "bowler": "WD Parnell",
              "non_striker": "WL Coetsee",
              "runs": {
                "batter": 4,
                "extras": 0,
                "total": 4
              }
            },
            {
              "batter": "AJ Pienaar",
              "bowler": "WD Parnell",
              "non_striker": "WL Coetsee",
              "runs": {
                "batter": 1,
                "extras": 0,
                "total": 1
              }
            },
            {
              "batter": "WL Coetsee",
              "bowler": "WD Parnell",
              "non_striker": "AJ Pienaar",
              "runs": {
                "batter": 0,
                "extras": 0,
                "total": 0
              }
            },
            {
              "batter": "WL Coetsee",
              "bowler": "WD Parnell",
              "non_striker": "AJ Pienaar",
              "runs": {
                "batter": 1,
                "extras": 0,
                "total": 1
              }
            },
            {
              "batter": "AJ Pienaar",
              "bowler": "WD Parnell",
              "non_striker": "WL Coetsee",
              "runs": {
                "batter": 0,
                "extras": 0,
                "total": 0
              }
            },
            {
              "batter": "AJ Pienaar",
              "bowler": "WD Parnell",
              "non_striker": "WL Coetsee",
              "runs": {
                "batter": 4,
                "extras": 0,
                "total": 4
              }
            }
          ]
        },
        {
          "over": 17,
          "deliveries": [
            {
              "batter": "WL Coetsee",
              "bowler": "J Theron",
              "non_striker": "AJ Pienaar",
              "runs": {
                "batter": 1,
                "extras": 0,
                "total": 1
              }
            },
            {
              "batter": "AJ Pienaar",
              "bowler": "J Theron",
              "non_striker": "WL Coetsee",
              "runs": {
                "batter": 0,
                "extras": 0,
                "total": 0
              },
              "wickets": [
                {
                  "player_out": "AJ Pienaar",
                  "fielders": [
                    {
                      "name": "AG Prince"
                    }
                  ],
                  "kind": "caught"
                }
              ]
            },
            {
              "batter": "WL Coetsee",
              "bowler": "J Theron",
              "non_striker": "JJ van der Wath",
              "runs": {
                "batter": 0,
                "extras": 0,
                "total": 0
              },
              "wickets": [
                {
                  "player_out": "WL Coetsee",
                  "fielders": [
                    {
                      "name": "AG Prince"
                    }
                  ],
                  "kind": "caught"
                }
              ]
            },
            {
              "batter": "JJ van der Wath",
              "bowler": "J Theron",
              "non_striker": "D du Preez",
              "runs": {
                "batter": 1,
                "extras": 0,
                "total": 1
              }
            },
            {
              "batter": "D du Preez",
              "bowler": "J Theron",
              "non_striker": "JJ van der Wath",
              "runs": {
                "batter": 0,
                "extras": 0,
                "total": 0
              }
            },
            {
              "batter": "D du Preez",
              "bowler": "J Theron",
              "non_striker": "JJ van der Wath",
              "runs": {
                "batter": 1,
                "extras": 0,
                "total": 1
              }
            }
          ]
        },
        {
          "over": 18,
          "deliveries": [
            {
              "batter": "D du Preez",
              "bowler": "WD Parnell",
              "non_striker": "JJ van der Wath",
              "runs": {
                "batter": 2,
                "extras": 0,
                "total": 2
              }
            },
            {
              "batter": "D du Preez",
              "bowler": "WD Parnell",
              "non_striker": "JJ van der Wath",
              "runs": {
                "batter": 1,
                "extras": 0,
                "total": 1
              }
            },
            {
              "batter": "JJ van der Wath",
              "bowler": "WD Parnell",
              "non_striker": "D du Preez",
              "runs": {
                "batter": 1,
                "extras": 0,
                "total": 1
              }
            },
            {
              "batter": "D du Preez",
              "bowler": "WD Parnell",
              "non_striker": "JJ van der Wath",
              "runs": {
                "batter": 1,
                "extras": 0,
                "total": 1
              }
            },
            {
              "batter": "JJ van der Wath",
              "bowler": "WD Parnell",
              "non_striker": "D du Preez",
              "runs": {
                "batter": 0,
                "extras": 0,
                "total": 0
              }
            },
            {
              "batter": "JJ van der Wath",
              "bowler": "WD Parnell",
              "non_striker": "D du Preez",
              "runs": {
                "batter": 1,
                "extras": 0,
                "total": 1
              }
            }
          ]
        },
        {
          "over": 19,
          "deliveries": [
            {
              "batter": "JJ van der Wath",
              "bowler": "J Theron",
              "non_striker": "D du Preez",
              "runs": {
                "batter": 4,
                "extras": 0,
                "total": 4
              }
            },
            {
              "batter": "JJ van der Wath",
              "bowler": "J Theron",
              "non_striker": "D du Preez",
              "runs": {
                "batter": 0,
                "extras": 0,
                "total": 0
              }
            },
            {
              "batter": "JJ van der Wath",
              "bowler": "J Theron",
              "non_striker": "D du Preez",
              "runs": {
                "batter": 1,
                "extras": 0,
                "total": 1
              }
            },
            {
              "batter": "D du Preez",
              "bowler": "J Theron",
              "extras": {
                "legbyes": 1
              },
              "non_striker": "JJ van der Wath",
              "runs": {
                "batter": 0,
                "extras": 1,
                "total": 1
              }
            },
            {
              "batter": "JJ van der Wath",
              "bowler": "J Theron",
              "non_striker": "D du Preez",
              "runs": {
                "batter": 0,
                "extras": 0,
                "total": 0
              }
            },
            {
              "batter": "JJ van der Wath",
              "bowler": "J Theron",
              "non_striker": "D du Preez",
              "runs": {
                "batter": 1,
                "extras": 0,
                "total": 1
              }
            }
          ]
        }
      ],
      "powerplays": [
        {
          "from": 0.1,
          "to": 5.6,
          "type": "mandatory"
        }
      ]
    },
    {
      "team": "Warriors",
      "overs": [
        {
          "over": 0,
          "deliveries": [
            {
              "batter": "C Jonker",
              "bowler": "JJ van der Wath",
              "extras": {
                "legbyes": 1
              },
              "non_striker": "AG Prince",
              "runs": {
                "batter": 0,
                "extras": 1,
                "total": 1
              }
            },
            {
              "batter": "AG Prince",
              "bowler": "JJ van der Wath",
              "non_striker": "C Jonker",
              "runs": {
                "batter": 0,
                "extras": 0,
                "total": 0
              },
              "wickets": [
                {
                  "player_out": "AG Prince",
                  "kind": "lbw"
                }
              ]
            },
            {
              "batter": "CA Ingram",
              "bowler": "JJ van der Wath",
              "non_striker": "C Jonker",
              "runs": {
                "batter": 0,
                "extras": 0,
                "total": 0
              }
            },
            {
              "batter": "CA Ingram",
              "bowler": "JJ van der Wath",
              "non_striker": "C Jonker",
              "runs": {
                "batter": 0,
                "extras": 0,
                "total": 0
              }
            },
            {
              "batter": "CA Ingram",
              "bowler": "JJ van der Wath",
              "non_striker": "C Jonker",
              "runs": {
                "batter": 0,
                "extras": 0,
                "total": 0
              }
            },
            {
              "batter": "CA Ingram",
              "bowler": "JJ van der Wath",
              "non_striker": "C Jonker",
              "runs": {
                "batter": 1,
                "extras": 0,
                "total": 1
              }
            }
          ]
        },
        {
          "over": 1,
          "deliveries": [
            {
              "batter": "CA Ingram",
              "bowler": "R McLaren",
              "non_striker": "C Jonker",
              "runs": {
                "batter": 4,
                "extras": 0,
                "total": 4
              }
            },
            {
              "batter": "CA Ingram",
              "bowler": "R McLaren",
              "non_striker": "C Jonker",
              "runs": {
                "batter": 0,
                "extras": 0,
                "total": 0
              }
            },
            {
              "batter": "CA Ingram",
              "bowler": "R McLaren",
              "non_striker": "C Jonker",
              "runs": {
                "batter": 4,
                "extras": 0,
                "total": 4
              }
            },
            {
              "batter": "CA Ingram",
              "bowler": "R McLaren",
              "non_striker": "C Jonker",
              "runs": {
                "batter": 0,
                "extras": 0,
                "total": 0
              }
            },
            {
              "batter": "CA Ingram",
              "bowler": "R McLaren",
              "non_striker": "C Jonker",
              "runs": {
                "batter": 2,
                "extras": 0,
                "total": 2
              }
            },
            {
              "batter": "CA Ingram",
              "bowler": "R McLaren",
              "non_striker": "C Jonker",
              "runs": {
                "batter": 0,
                "extras": 0,
                "total": 0
              }
            }
          ]
        },
        {
          "over": 2,
          "deliveries": [
            {
              "batter": "C Jonker",
              "bowler": "JJ van der Wath",
              "non_striker": "CA Ingram",
              "runs": {
                "batter": 0,
                "extras": 0,
                "total": 0
              }
            },
            {
              "batter": "C Jonker",
              "bowler": "JJ van der Wath",
              "non_striker": "CA Ingram",
              "runs": {
                "batter": 4,
                "extras": 0,
                "total": 4
              }
            },
            {
              "batter": "C Jonker",
              "bowler": "JJ van der Wath",
              "non_striker": "CA Ingram",
              "runs": {
                "batter": 0,
                "extras": 0,
                "total": 0
              }
            },
            {
              "batter": "C Jonker",
              "bowler": "JJ van der Wath",
              "extras": {
                "legbyes": 1
              },
              "non_striker": "CA Ingram",
              "runs": {
                "batter": 0,
                "extras": 1,
                "total": 1
              }
            },
            {
              "batter": "CA Ingram",
              "bowler": "JJ van der Wath",
              "non_striker": "C Jonker",
              "runs": {
                "batter": 0,
                "extras": 0,
                "total": 0
              }
            },
            {
              "batter": "CA Ingram",
              "bowler": "JJ van der Wath",
              "non_striker": "C Jonker",
              "runs": {
                "batter": 0,
                "extras": 0,
                "total": 0
              }
            }
          ]
        },
        {
          "over": 3,
          "deliveries": [
            {
              "batter": "C Jonker",
              "bowler": "R McLaren",
              "non_striker": "CA Ingram",
              "runs": {
                "batter": 1,
                "extras": 0,
                "total": 1
              }
            },
            {
              "batter": "CA Ingram",
              "bowler": "R McLaren",
              "non_striker": "C Jonker",
              "runs": {
                "batter": 4,
                "extras": 0,
                "total": 4
              }
            },
            {
              "batter": "CA Ingram",
              "bowler": "R McLaren",
              "non_striker": "C Jonker",
              "runs": {
                "batter": 4,
                "extras": 0,
                "total": 4
              }
            },
            {
              "batter": "CA Ingram",
              "bowler": "R McLaren",
              "non_striker": "C Jonker",
              "runs": {
                "batter": 0,
                "extras": 0,
                "total": 0
              }
            },
            {
              "batter": "CA Ingram",
              "bowler": "R McLaren",
              "non_striker": "C Jonker",
              "runs": {
                "batter": 0,
                "extras": 0,
                "total": 0
              }
            },
            {
              "batter": "CA Ingram",
              "bowler": "R McLaren",
              "non_striker": "C Jonker",
              "runs": {
                "batter": 1,
                "extras": 0,
                "total": 1
              }
            }
          ]
        },
        {
          "over": 4,
          "deliveries": [
            {
              "batter": "CA Ingram",
              "bowler": "JJ van der Wath",
              "extras": {
                "legbyes": 1
              },
              "non_striker": "C Jonker",
              "runs": {
                "batter": 0,
                "extras": 1,
                "total": 1
              }
            },
            {
              "batter": "C Jonker",
              "bowler": "JJ van der Wath",
              "non_striker": "CA Ingram",
              "runs": {
                "batter": 0,
                "extras": 0,
                "total": 0
              }
            },
            {
              "batter": "C Jonker",
              "bowler": "JJ van der Wath",
              "non_striker": "CA Ingram",
              "runs": {
                "batter": 4,
                "extras": 0,
                "total": 4
              }
            },
            {
              "batter": "C Jonker",
              "bowler": "JJ van der Wath",
              "non_striker": "CA Ingram",
              "runs": {
                "batter": 0,
                "extras": 0,
                "total": 0
              }
            },
            {
              "batter": "C Jonker",
              "bowler": "JJ van der Wath",
              "non_striker": "CA Ingram",
              "runs": {
                "batter": 0,
                "extras": 0,
                "total": 0
              }
            },
            {
              "batter": "C Jonker",
              "bowler": "JJ van der Wath",
              "non_striker": "CA Ingram",
              "runs": {
                "batter": 4,
                "extras": 0,
                "total": 4
              }
            }
          ]
        },
        {
          "over": 5,
          "deliveries": [
            {
              "batter": "CA Ingram",
              "bowler": "MP Siboto",
              "non_striker": "C Jonker",
              "runs": {
                "batter": 0,
                "extras": 0,
                "total": 0
              }
            },
            {
              "batter": "CA Ingram",
              "bowler": "MP Siboto",
              "non_striker": "C Jonker",
              "runs": {
                "batter": 1,
                "extras": 0,
                "total": 1
              }
            },
            {
              "batter": "C Jonker",
              "bowler": "MP Siboto",
              "non_striker": "CA Ingram",
              "runs": {
                "batter": 1,
                "extras": 0,
                "total": 1
              }
            },
            {
              "batter": "CA Ingram",
              "bowler": "MP Siboto",
              "non_striker": "C Jonker",
              "runs": {
                "batter": 1,
                "extras": 0,
                "total": 1
              }
            },
            {
              "batter": "C Jonker",
              "bowler": "MP Siboto",
              "non_striker": "CA Ingram",
              "runs": {
                "batter": 0,
                "extras": 0,
                "total": 0
              }
            },
            {
              "batter": "C Jonker",
              "bowler": "MP Siboto",
              "non_striker": "CA Ingram",
              "runs": {
                "batter": 2,
                "extras": 0,
                "total": 2
              }
            }
          ]
        },
        {
          "over": 6,
          "deliveries": [
            {
              "batter": "CA Ingram",
              "bowler": "WL Coetsee",
              "non_striker": "C Jonker",
              "runs": {
                "batter": 0,
                "extras": 0,
                "total": 0
              }
            },
            {
              "batter": "CA Ingram",
              "bowler": "WL Coetsee",
              "extras": {
                "wides": 1
              },
              "non_striker": "C Jonker",
              "runs": {
                "batter": 0,
                "extras": 1,
                "total": 1
              }
            },
            {
              "batter": "CA Ingram",
              "bowler": "WL Coetsee",
              "non_striker": "C Jonker",
              "runs": {
                "batter": 1,
                "extras": 0,
                "total": 1
              }
            },
            {
              "batter": "C Jonker",
              "bowler": "WL Coetsee",
              "non_striker": "CA Ingram",
              "runs": {
                "batter": 6,
                "extras": 0,
                "total": 6
              }
            },
            {
              "batter": "C Jonker",
              "bowler": "WL Coetsee",
              "non_striker": "CA Ingram",
              "runs": {
                "batter": 1,
                "extras": 0,
                "total": 1
              }
            },
            {
              "batter": "CA Ingram",
              "bowler": "WL Coetsee",
              "non_striker": "C Jonker",
              "runs": {
                "batter": 1,
                "extras": 0,
                "total": 1
              }
            },
            {
              "batter": "C Jonker",
              "bowler": "WL Coetsee",
              "non_striker": "CA Ingram",
              "runs": {
                "batter": 1,
                "extras": 0,
                "total": 1
              }
            }
          ]
        },
        {
          "over": 7,
          "deliveries": [
            {
              "batter": "C Jonker",
              "bowler": "MP Siboto",
              "non_striker": "CA Ingram",
              "runs": {
                "batter": 4,
                "extras": 0,
                "total": 4
              }
            },
            {
              "batter": "C Jonker",
              "bowler": "MP Siboto",
              "non_striker": "CA Ingram",
              "runs": {
                "batter": 1,
                "extras": 0,
                "total": 1
              }
            },
            {
              "batter": "CA Ingram",
              "bowler": "MP Siboto",
              "non_striker": "C Jonker",
              "runs": {
                "batter": 0,
                "extras": 0,
                "total": 0
              }
            },
            {
              "batter": "CA Ingram",
              "bowler": "MP Siboto",
              "non_striker": "C Jonker",
              "runs": {
                "batter": 0,
                "extras": 0,
                "total": 0
              }
            },
            {
              "batter": "CA Ingram",
              "bowler": "MP Siboto",
              "extras": {
                "legbyes": 1
              },
              "non_striker": "C Jonker",
              "runs": {
                "batter": 0,
                "extras": 1,
                "total": 1
              }
            },
            {
              "batter": "C Jonker",
              "bowler": "MP Siboto",
              "non_striker": "CA Ingram",
              "runs": {
                "batter": 0,
                "extras": 0,
                "total": 0
              }
            }
          ]
        },
        {
          "over": 8,
          "deliveries": [
            {
              "batter": "CA Ingram",
              "bowler": "WL Coetsee",
              "non_striker": "C Jonker",
              "runs": {
                "batter": 1,
                "extras": 0,
                "total": 1
              }
            },
            {
              "batter": "C Jonker",
              "bowler": "WL Coetsee",
              "non_striker": "CA Ingram",
              "runs": {
                "batter": 6,
                "extras": 0,
                "total": 6
              }
            },
            {
              "batter": "C Jonker",
              "bowler": "WL Coetsee",
              "non_striker": "CA Ingram",
              "runs": {
                "batter": 4,
                "extras": 0,
                "total": 4
              }
            },
            {
              "batter": "C Jonker",
              "bowler": "WL Coetsee",
              "non_striker": "CA Ingram",
              "runs": {
                "batter": 1,
                "extras": 0,
                "total": 1
              }
            },
            {
              "batter": "CA Ingram",
              "bowler": "WL Coetsee",
              "non_striker": "C Jonker",
              "runs": {
                "batter": 4,
                "extras": 0,
                "total": 4
              }
            },
            {
              "batter": "CA Ingram",
              "bowler": "WL Coetsee",
              "non_striker": "C Jonker",
              "runs": {
                "batter": 1,
                "extras": 0,
                "total": 1
              }
            }
          ]
        },
        {
          "over": 9,
          "deliveries": [
            {
              "batter": "CA Ingram",
              "bowler": "D du Preez",
              "non_striker": "C Jonker",
              "runs": {
                "batter": 0,
                "extras": 0,
                "total": 0
              }
            },
            {
              "batter": "CA Ingram",
              "bowler": "D du Preez",
              "non_striker": "C Jonker",
              "runs": {
                "batter": 2,
                "extras": 0,
                "total": 2
              }
            },
            {
              "batter": "CA Ingram",
              "bowler": "D du Preez",
              "non_striker": "C Jonker",
              "runs": {
                "batter": 1,
                "extras": 0,
                "total": 1
              }
            },
            {
              "batter": "C Jonker",
              "bowler": "D du Preez",
              "non_striker": "CA Ingram",
              "runs": {
                "batter": 0,
                "extras": 0,
                "total": 0
              }
            },
            {
              "batter": "C Jonker",
              "bowler": "D du Preez",
              "non_striker": "CA Ingram",
              "runs": {
                "batter": 1,
                "extras": 0,
                "total": 1
              }
            },
            {
              "batter": "CA Ingram",
              "bowler": "D du Preez",
              "non_striker": "C Jonker",
              "runs": {
                "batter": 0,
                "extras": 0,
                "total": 0
              }
            }
          ]
        },
        {
          "over": 10,
          "deliveries": [
            {
              "batter": "C Jonker",
              "bowler": "J Coetzee",
              "non_striker": "CA Ingram",
              "runs": {
                "batter": 3,
                "extras": 0,
                "total": 3
              }
            },
            {
              "batter": "CA Ingram",
              "bowler": "J Coetzee",
              "non_striker": "C Jonker",
              "runs": {
                "batter": 1,
                "extras": 0,
                "total": 1
              }
            },
            {
              "batter": "C Jonker",
              "bowler": "J Coetzee",
              "extras": {
                "wides": 1
              },
              "non_striker": "CA Ingram",
              "runs": {
                "batter": 0,
                "extras": 1,
                "total": 1
              }
            },
            {
              "batter": "C Jonker",
              "bowler": "J Coetzee",
              "non_striker": "CA Ingram",
              "runs": {
                "batter": 0,
                "extras": 0,
                "total": 0
              }
            },
            {
              "batter": "C Jonker",
              "bowler": "J Coetzee",
              "non_striker": "CA Ingram",
              "runs": {
                "batter": 1,
                "extras": 0,
                "total": 1
              }
            },
            {
              "batter": "CA Ingram",
              "bowler": "J Coetzee",
              "non_striker": "C Jonker",
              "runs": {
                "batter": 4,
                "extras": 0,
                "total": 4
              }
            },
            {
              "batter": "CA Ingram",
              "bowler": "J Coetzee",
              "non_striker": "C Jonker",
              "runs": {
                "batter": 1,
                "extras": 0,
                "total": 1
              }
            }
          ]
        },
        {
          "over": 11,
          "deliveries": [
            {
              "batter": "CA Ingram",
              "bowler": "D du Preez",
              "non_striker": "C Jonker",
              "runs": {
                "batter": 1,
                "extras": 0,
                "total": 1
              }
            },
            {
              "batter": "C Jonker",
              "bowler": "D du Preez",
              "non_striker": "CA Ingram",
              "runs": {
                "batter": 0,
                "extras": 0,
                "total": 0
              }
            },
            {
              "batter": "C Jonker",
              "bowler": "D du Preez",
              "non_striker": "CA Ingram",
              "runs": {
                "batter": 1,
                "extras": 0,
                "total": 1
              }
            },
            {
              "batter": "CA Ingram",
              "bowler": "D du Preez",
              "non_striker": "C Jonker",
              "runs": {
                "batter": 1,
                "extras": 0,
                "total": 1
              }
            },
            {
              "batter": "C Jonker",
              "bowler": "D du Preez",
              "extras": {
                "legbyes": 1
              },
              "non_striker": "CA Ingram",
              "runs": {
                "batter": 0,
                "extras": 1,
                "total": 1
              }
            },
            {
              "batter": "CA Ingram",
              "bowler": "D du Preez",
              "non_striker": "C Jonker",
              "runs": {
                "batter": 0,
                "extras": 0,
                "total": 0
              }
            }
          ]
        },
        {
          "over": 12,
          "deliveries": [
            {
              "batter": "C Jonker",
              "bowler": "J Coetzee",
              "non_striker": "CA Ingram",
              "runs": {
                "batter": 4,
                "extras": 0,
                "total": 4
              }
            },
            {
              "batter": "C Jonker",
              "bowler": "J Coetzee",
              "non_striker": "CA Ingram",
              "runs": {
                "batter": 1,
                "extras": 0,
                "total": 1
              }
            },
            {
              "batter": "CA Ingram",
              "bowler": "J Coetzee",
              "non_striker": "C Jonker",
              "runs": {
                "batter": 1,
                "extras": 0,
                "total": 1
              }
            },
            {
              "batter": "C Jonker",
              "bowler": "J Coetzee",
              "non_striker": "CA Ingram",
              "runs": {
                "batter": 0,
                "extras": 0,
                "total": 0
              }
            },
            {
              "batter": "C Jonker",
              "bowler": "J Coetzee",
              "non_striker": "CA Ingram",
              "runs": {
                "batter": 0,
                "extras": 0,
                "total": 0
              }
            },
            {
              "batter": "C Jonker",
              "bowler": "J Coetzee",
              "non_striker": "CA Ingram",
              "runs": {
                "batter": 6,
                "extras": 0,
                "total": 6
              }
            }
          ]
        },
        {
          "over": 13,
          "deliveries": [
            {
              "batter": "CA Ingram",
              "bowler": "D du Preez",
              "non_striker": "C Jonker",
              "runs": {
                "batter": 4,
                "extras": 0,
                "total": 4
              }
            },
            {
              "batter": "CA Ingram",
              "bowler": "D du Preez",
              "non_striker": "C Jonker",
              "runs": {
                "batter": 0,
                "extras": 0,
                "total": 0
              },
              "wickets": [
                {
                  "player_out": "CA Ingram",
                  "fielders": [
                    {
                      "name": "WL Coetsee"
                    }
                  ],
                  "kind": "caught"
                }
              ]
            },
            {
              "batter": "DJ Jacobs",
              "bowler": "D du Preez",
              "non_striker": "C Jonker",
              "runs": {
                "batter": 0,
                "extras": 0,
                "total": 0
              }
            },
            {
              "batter": "DJ Jacobs",
              "bowler": "D du Preez",
              "non_striker": "C Jonker",
              "runs": {
                "batter": 0,
                "extras": 0,
                "total": 0
              }
            },
            {
              "batter": "DJ Jacobs",
              "bowler": "D du Preez",
              "non_striker": "C Jonker",
              "runs": {
                "batter": 0,
                "extras": 0,
                "total": 0
              }
            },
            {
              "batter": "DJ Jacobs",
              "bowler": "D du Preez",
              "non_striker": "C Jonker",
              "runs": {
                "batter": 1,
                "extras": 0,
                "total": 1
              }
            }
          ]
        },
        {
          "over": 14,
          "deliveries": [
            {
              "batter": "DJ Jacobs",
              "bowler": "R McLaren",
              "non_striker": "C Jonker",
              "runs": {
                "batter": 1,
                "extras": 0,
                "total": 1
              }
            },
            {
              "batter": "C Jonker",
              "bowler": "R McLaren",
              "non_striker": "DJ Jacobs",
              "runs": {
                "batter": 0,
                "extras": 0,
                "total": 0
              }
            },
            {
              "batter": "C Jonker",
              "bowler": "R McLaren",
              "non_striker": "DJ Jacobs",
              "runs": {
                "batter": 0,
                "extras": 0,
                "total": 0
              }
            },
            {
              "batter": "C Jonker",
              "bowler": "R McLaren",
              "non_striker": "DJ Jacobs",
              "runs": {
                "batter": 0,
                "extras": 0,
                "total": 0
              }
            },
            {
              "batter": "C Jonker",
              "bowler": "R McLaren",
              "non_striker": "DJ Jacobs",
              "runs": {
                "batter": 0,
                "extras": 0,
                "total": 0
              }
            },
            {
              "batter": "C Jonker",
              "bowler": "R McLaren",
              "non_striker": "DJ Jacobs",
              "runs": {
                "batter": 0,
                "extras": 0,
                "total": 0
              }
            }
          ]
        },
        {
          "over": 15,
          "deliveries": [
            {
              "batter": "DJ Jacobs",
              "bowler": "D du Preez",
              "non_striker": "C Jonker",
              "runs": {
                "batter": 0,
                "extras": 0,
                "total": 0
              }
            },
            {
              "batter": "DJ Jacobs",
              "bowler": "D du Preez",
              "non_striker": "C Jonker",
              "runs": {
                "batter": 1,
                "extras": 0,
                "total": 1
              }
            },
            {
              "batter": "C Jonker",
              "bowler": "D du Preez",
              "non_striker": "DJ Jacobs",
              "runs": {
                "batter": 2,
                "extras": 0,
                "total": 2
              }
            },
            {
              "batter": "C Jonker",
              "bowler": "D du Preez",
              "non_striker": "DJ Jacobs",
              "runs": {
                "batter": 1,
                "extras": 0,
                "total": 1
              }
            },
            {
              "batter": "DJ Jacobs",
              "bowler": "D du Preez",
              "non_striker": "C Jonker",
              "runs": {
                "batter": 6,
                "extras": 0,
                "total": 6
              }
            },
            {
              "batter": "DJ Jacobs",
              "bowler": "D du Preez",
              "non_striker": "C Jonker",
              "runs": {
                "batter": 0,
                "extras": 0,
                "total": 0
              }
            }
          ]
        },
        {
          "over": 16,
          "deliveries": [
            {
              "batter": "C Jonker",
              "bowler": "R McLaren",
              "non_striker": "DJ Jacobs",
              "runs": {
                "batter": 6,
                "extras": 0,
                "total": 6
              }
            }
          ]
        }
      ],
      "powerplays": [
        {
          "from": 0.1,
          "to": 4.6,
          "type": "mandatory"
        }
      ],
      "target": {
        "overs": 18,
        "runs": 127
      }
    }
  ]
}