{
  "meta": {
    "data_version": "1.1.0",
    "created": "2022-04-03",
    "revision": 1
  },
  "info": {
    "balls_per_over": 6,
    "city": "Potchefstroom",
    "dates": [
      "2013-02-24"
    ],
    "event": {
      "name": "Ram Slam T20 Challenge"
    },
    "gender": "male",
    "match_type": "T20",
    "officials": {
      "match_referees": [
        "S Wadvalla"
      ],
      "reserve_umpires": [
        "GH Pienaar"
      ],
      "umpires": [
        "DJ Smith",
        "IL Howell"
      ]
    },
    "outcome": {
      "winner": "Lions",
      "by": {
        "runs": 47
      }
    },
    "overs": 20,
    "player_of_match": [
      "D Pretorius",
      "GC Viljoen"
    ],
    "players": {
      "Lions": [
        "Q de Kock",
        "GH Bodi",
        "ND McKenzie",
        "T Bavuma",
        "Sohail Tanvir",
        "J Symes",
        "D Pretorius",
        "CH Morris",
        "AM Phangiso",
        "Imran Tahir",
        "GC Viljoen"
      ],
      "Warriors": [
        "C Jonker",
        "JT Smuts",
        "CA Ingram",
        "AG Prince",
        "WD Parnell",
        "AP McLaren",
        "CA Thyssen",
        "SR Harmer",
        "ACR Birch",
        "A Gqamane",
        "J Theron"
      ]
    },
    "registry": {
      "people": {
        "A Gqamane": "a83c44b8",
        "ACR Birch": "9df3a2f4",
        "AG Prince": "035cb925",
        "AM Phangiso": "7f8ecc51",
        "AP McLaren": "4ad7fc1b",
        "C Jonker": "a81d6706",
        "CA Ingram": "c995d726",
        "CA Thyssen": "789fd884",
        "CH Morris": "fb66ce1f",
        "D Pretorius": "11614d87",
        "DJ Smith": "d17bec15",
        "GC Viljoen": "a316d663",
        "GH Bodi": "f390904d",
        "GH Pienaar": "3516e46b",
        "IL Howell": "c1cd91c3",
        "Imran Tahir": "acee4cc4",
        "J Symes": "77841dcc",
        "J Theron": "dec8e038",
        "JT Smuts": "42172c3c",
        "ND McKenzie": "a830c083",
        "Q de Kock": "372455c4",
        "S Wadvalla": "c1a1acf3",
        "SR Harmer": "23638956",
        "Sohail Tanvir": "64d43928",
        "T Bavuma": "9ffd1ac1",
        "WD Parnell": "3a60e0b5"
      }
    },
    "season": "2012/13",
    "team_type": "club",
    "teams": [
      "Lions",
      "Warriors"
    ],
    "toss": {
      "decision": "field",
      "winner": "Warriors"
    },
    "venue": "Senwes Park, Potchefstroom"
  },
  "innings": [
    {
      "team": "Lions",
      "overs": [
        {
          "over": 0,
          "deliveries": [
            {
              "batter": "Q de Kock",
              "bowler": "SR Harmer",
              "non_striker": "GH Bodi",
              "runs": {
                "batter": 1,
                "extras": 0,
                "total": 1
              }
            },
            {
              "batter": "GH Bodi",
              "bowler": "SR Harmer",
              "non_striker": "Q de Kock",
              "runs": {
                "batter": 0,
                "extras": 0,
                "total": 0
              }
            },
            {
              "batter": "GH Bodi",
              "bowler": "SR Harmer",
              "non_striker": "Q de Kock",
              "runs": {
                "batter": 4,
                "extras": 0,
                "total": 4
              }
            },
            {
              "batter": "GH Bodi",
              "bowler": "SR Harmer",
              "non_striker": "Q de Kock",
              "runs": {
                "batter": 0,
                "extras": 0,
                "total": 0
              }
            },
            {
              "batter": "GH Bodi",
              "bowler": "SR Harmer",
              "non_striker": "Q de Kock",
              "runs": {
                "batter": 0,
                "extras": 0,
                "total": 0
              }
            },
            {
              "batter": "GH Bodi",
              "bowler": "SR Harmer",
              "non_striker": "Q de Kock",
              "runs": {
                "batter": 0,
                "extras": 0,
                "total": 0
              }
            }
          ]
        },
        {
          "over": 1,
          "deliveries": [
            {
              "batter": "Q de Kock",
              "bowler": "ACR Birch",
              "non_striker": "GH Bodi",
              "runs": {
                "batter": 0,
                "extras": 0,
                "total": 0
              }
            },
            {
              "batter": "Q de Kock",
              "bowler": "ACR Birch",
              "non_striker": "GH Bodi",
              "runs": {
                "batter": 1,
                "extras": 0,
                "total": 1
              }
            },
            {
              "batter": "GH Bodi",
              "bowler": "ACR Birch",
              "non_striker": "Q de Kock",
              "runs": {
                "batter": 0,
                "extras": 0,
                "total": 0
              }
            },
            {
              "batter": "GH Bodi",
              "bowler": "ACR Birch",
              "non_striker": "Q de Kock",
              "runs": {
                "batter": 2,
                "extras": 0,
                "total": 2
              }
            },
            {
              "batter": "GH Bodi",
              "bowler": "ACR Birch",
              "non_striker": "Q de Kock",
              "runs": {
                "batter": 0,
                "extras": 0,
                "total": 0
              }
            },
            {
              "batter": "GH Bodi",
              "bowler": "ACR Birch",
              "non_striker": "Q de Kock",
              "runs": {
                "batter": 0,
                "extras": 0,
                "total": 0
              }
            }
          ]
        },
        {
          "over": 2,
          "deliveries": [
            {
              "batter": "Q de Kock",
              "bowler": "WD Parnell",
              "non_striker": "GH Bodi",
              "runs": {
                "batter": 1,
                "extras": 0,
                "total": 1
              }
            },
            {
              "batter": "GH Bodi",
              "bowler": "WD Parnell",
              "non_striker": "Q de Kock",
              "runs": {
                "batter": 0,
                "extras": 0,
                "total": 0
              }
            },
            {
              "batter": "GH Bodi",
              "bowler": "WD Parnell",
              "non_striker": "Q de Kock",
              "runs": {
                "batter": 0,
                "extras": 0,
                "total": 0
              }
            },
            {
              "batter": "GH Bodi",
              "bowler": "WD Parnell",
              "non_striker": "Q de Kock",
              "runs": {
                "batter": 1,
                "extras": 0,
                "total": 1
              }
            },
            {
              "batter": "Q de Kock",
              "bowler": "WD Parnell",
              "non_striker": "GH Bodi",
              "runs": {
                "batter": 2,
                "extras": 0,
                "total": 2
              }
            },
            {
              "batter": "Q de Kock",
              "bowler": "WD Parnell",
              "non_striker": "GH Bodi",
              "runs": {
                "batter": 0,
                "extras": 0,
                "total": 0
              }
            }
          ]
        },
        {
          "over": 3,
          "deliveries": [
            {
              "batter": "GH Bodi",
              "bowler": "ACR Birch",
              "non_striker": "Q de Kock",
              "runs": {
                "batter": 1,
                "extras": 0,
                "total": 1
              }
            },
            {
              "batter": "Q de Kock",
              "bowler": "ACR Birch",
              "non_striker": "GH Bodi",
              "runs": {
                "batter": 0,
                "extras": 0,
                "total": 0
              }
            },
            {
              "batter": "Q de Kock",
              "bowler": "ACR Birch",
              "non_striker": "GH Bodi",
              "runs": {
                "batter": 1,
                "extras": 0,
                "total": 1
              }
            },
            {
              "batter": "GH Bodi",
              "bowler": "ACR Birch",
              "non_striker": "Q de Kock",
              "runs": {
                "batter": 1,
                "extras": 0,
                "total": 1
              }
            },
            {
              "batter": "Q de Kock",
              "bowler": "ACR Birch",
              "non_striker": "GH Bodi",
              "runs": {
                "batter": 4,
                "extras": 0,
                "total": 4
              }
            },
            {
              "batter": "Q de Kock",
              "bowler": "ACR Birch",
              "non_striker": "GH Bodi",
              "runs": {
                "batter": 1,
                "extras": 0,
                "total": 1
              }
            }
          ]
        },
        {
          "over": 4,
          "deliveries": [
            {
              "batter": "Q de Kock",
              "bowler": "J Theron",
              "non_striker": "GH Bodi",
              "runs": {
                "batter": 1,
                "extras": 0,
                "total": 1
              }
            },
            {
              "batter": "GH Bodi",
              "bowler": "J Theron",
              "non_striker": "Q de Kock",
              "runs": {
                "batter": 1,
                "extras": 0,
                "total": 1
              }
            },
            {
              "batter": "Q de Kock",
              "bowler": "J Theron",
              "non_striker": "GH Bodi",
              "runs": {
                "batter": 1,
                "extras": 0,
                "total": 1
              }
            },
            {
              "batter": "GH Bodi",
              "bowler": "J Theron",
              "non_striker": "Q de Kock",
              "runs": {
                "batter": 4,
                "extras": 0,
                "total": 4
              }
            },
            {
              "batter": "GH Bodi",
              "bowler": "J Theron",
              "non_striker": "Q de Kock",
              "runs": {
                "batter": 0,
                "extras": 0,
                "total": 0
              }
            },
            {
              "batter": "GH Bodi",
              "bowler": "J Theron",
              "non_striker": "Q de Kock",
              "runs": {
                "batter": 0,
                "extras": 0,
                "total": 0
              }
            }
          ]
        },
        {
          "over": 5,
          "deliveries": [
            {
              "batter": "Q de Kock",
              "bowler": "ACR Birch",
              "non_striker": "GH Bodi",
              "runs": {
                "batter": 4,
                "extras": 0,
                "total": 4
              }
            },
            {
              "batter": "Q de Kock",
              "bowler": "ACR Birch",
              "non_striker": "GH Bodi",
              "runs": {
                "batter": 6,
                "extras": 0,
                "total": 6
              }
            },
            {
              "batter": "Q de Kock",
              "bowler": "ACR Birch",
              "non_striker": "GH Bodi",
              "runs": {
                "batter": 1,
                "extras": 0,
                "total": 1
              }
            },
            {
              "batter": "GH Bodi",
              "bowler": "ACR Birch",
              "non_striker": "Q de Kock",
              "runs": {
                "batter": 4,
                "extras": 0,
                "total": 4
              }
            },
            {
              "batter": "GH Bodi",
              "bowler": "ACR Birch",
              "non_striker": "Q de Kock",
              "runs": {
                "batter": 4,
                "extras": 0,
                "total": 4
              }
            },
            {
              "batter": "GH Bodi",
              "bowler": "ACR Birch",
              "non_striker": "Q de Kock",
              "runs": {
                "batter": 4,
                "extras": 0,
                "total": 4
              }
            }
          ]
        },
        {
          "over": 6,
          "deliveries": [
            {
              "batter": "Q de Kock",
              "bowler": "WD Parnell",
              "non_striker": "GH Bodi",
              "runs": {
                "batter": 0,
                "extras": 0,
                "total": 0
              }
            },
            {
              "batter": "Q de Kock",
              "bowler": "WD Parnell",
              "non_striker": "GH Bodi",
              "runs": {
                "batter": 1,
                "extras": 0,
                "total": 1
              }
            },
            {
              "batter": "GH Bodi",
              "bowler": "WD Parnell",
              "non_striker": "Q de Kock",
              "runs": {
                "batter": 0,
                "extras": 0,
                "total": 0
              }
            },
            {
              "batter": "GH Bodi",
              "bowler": "WD Parnell",
              "non_striker": "Q de Kock",
              "runs": {
                "batter": 1,
                "extras": 0,
                "total": 1
              }
            },
            {
              "batter": "Q de Kock",
              "bowler": "WD Parnell",
              "non_striker": "GH Bodi",
              "runs": {
                "batter": 1,
                "extras": 0,
                "total": 1
              }
            },
            {
              "batter": "GH Bodi",
              "bowler": "WD Parnell",
              "non_striker": "Q de Kock",
              "runs": {
                "batter": 0,
                "extras": 0,
                "total": 0
              },
              "wickets": [
                {
                  "player_out": "GH Bodi",
                  "fielders": [
                    {
                      "name": "JT Smuts"
                    }
                  ],
                  "kind": "caught"
                }
              ]
            }
          ]
        },
        {
          "over": 7,
          "deliveries": [
            {
              "batter": "Q de Kock",
              "bowler": "A Gqamane",
              "non_striker": "ND McKenzie",
              "runs": {
                "batter": 4,
                "extras": 0,
                "total": 4
              }
            },
            {
              "batter": "Q de Kock",
              "bowler": "A Gqamane",
              "non_striker": "ND McKenzie",
              "runs": {
                "batter": 4,
                "extras": 0,
                "total": 4
              }
            },
            {
              "batter": "Q de Kock",
              "bowler": "A Gqamane",
              "non_striker": "ND McKenzie",
              "runs": {
                "batter": 1,
                "extras": 0,
                "total": 1
              }
            },
            {
              "batter": "ND McKenzie",
              "bowler": "A Gqamane",
              "non_striker": "Q de Kock",
              "runs": {
                "batter": 4,
                "extras": 0,
                "total": 4
              }
            },
            {
              "batter": "ND McKenzie",
              "bowler": "A Gqamane",
              "non_striker": "Q de Kock",
              "runs": {
                "batter": 1,
                "extras": 0,
                "total": 1
              }
            },
            {
              "batter": "Q de Kock",
              "bowler": "A Gqamane",
              "non_striker": "ND McKenzie",
              "runs": {
                "batter": 1,
                "extras": 0,
                "total": 1
              }
            }
          ]
        },
        {
          "over": 8,
          "deliveries": [
            {
              "batter": "Q de Kock",
              "bowler": "WD Parnell",
              "non_striker": "ND McKenzie",
              "runs": {
                "batter": 1,
                "extras": 0,
                "total": 1
              }
            },
            {
              "batter": "ND McKenzie",
              "bowler": "WD Parnell",
              "non_striker": "Q de Kock",
              "runs": {
                "batter": 1,
                "extras": 0,
                "total": 1
              }
            },
            {
              "batter": "Q de Kock",
              "bowler": "WD Parnell",
              "non_striker": "ND McKenzie",
              "runs": {
                "batter": 1,
                "extras": 0,
                "total": 1
              }
            },
            {
              "batter": "ND McKenzie",
              "bowler": "WD Parnell",
              "non_striker": "Q de Kock",
              "runs": {
                "batter": 0,
                "extras": 0,
                "total": 0
              }
            },
            {
              "batter": "ND McKenzie",
              "bowler": "WD Parnell",
              "non_striker": "Q de Kock",
              "runs": {
                "batter": 0,
                "extras": 0,
                "total": 0
              },
              "wickets": [
                {
                  "player_out": "ND McKenzie",
                  "fielders": [
                    {
                      "name": "AG Prince"
                    }
                  ],
                  "kind": "caught"
                }
              ]
            },
            {
              "batter": "T Bavuma",
              "bowler": "WD Parnell",
              "non_striker": "Q de Kock",
              "runs": {
                "batter": 1,
                "extras": 0,
                "total": 1
              }
            }
          ]
        },
        {
          "over": 9,
          "deliveries": [
            {
              "batter": "T Bavuma",
              "bowler": "SR Harmer",
              "non_striker": "Q de Kock",
              "runs": {
                "batter": 1,
                "extras": 0,
                "total": 1
              }
            },
            {
              "batter": "Q de Kock",
              "bowler": "SR Harmer",
              "non_striker": "T Bavuma",
              "runs": {
                "batter": 0,
                "extras": 0,
                "total": 0
              }
            },
            {
              "batter": "Q de Kock",
              "bowler": "SR Harmer",
              "non_striker": "T Bavuma",
              "runs": {
                "batter": 1,
                "extras": 0,
                "total": 1
              }
            },
            {
              "batter": "T Bavuma",
              "bowler": "SR Harmer",
              "non_striker": "Q de Kock",
              "runs": {
                "batter": 0,
                "extras": 0,
                "total": 0
              }
            },
            {
              "batter": "T Bavuma",
              "bowler": "SR Harmer",
              "non_striker": "Q de Kock",
              "runs": {
                "batter": 1,
                "extras": 0,
                "total": 1
              }
            },
            {
              "batter": "Q de Kock",
              "bowler": "SR Harmer",
              "non_striker": "T Bavuma",
              "runs": {
                "batter": 1,
                "extras": 0,
                "total": 1
              }
            }
          ]
        },
        {
          "over": 10,
          "deliveries": [
            {
              "batter": "Q de Kock",
              "bowler": "JT Smuts",
              "non_striker": "T Bavuma",
              "runs": {
                "batter": 4,
                "extras": 0,
                "total": 4
              }
            },
            {
              "batter": "Q de Kock",
              "bowler": "JT Smuts",
              "non_striker": "T Bavuma",
              "runs": {
                "batter": 1,
                "extras": 0,
                "total": 1
              }
            },
            {
              "batter": "T Bavuma",
              "bowler": "JT Smuts",
              "non_striker": "Q de Kock",
              "runs": {
                "batter": 1,
                "extras": 0,
                "total": 1
              }
            },
            {
              "batter": "Q de Kock",
              "bowler": "JT Smuts",
              "non_striker": "T Bavuma",
              "runs": {
                "batter": 0,
                "extras": 0,
                "total": 0
              }
            },
            {
              "batter": "Q de Kock",
              "bowler": "JT Smuts",
              "non_striker": "T Bavuma",
              "runs": {
                "batter": 1,
                "extras": 0,
                "total": 1
              }
            },
            {
              "batter": "T Bavuma",
              "bowler": "JT Smuts",
              "non_striker": "Q de Kock",
              "runs": {
                "batter": 1,
                "extras": 0,
                "total": 1
              }
            }
          ]
        },
        {
          "over": 11,
          "deliveries": [
            {
              "batter": "T Bavuma",
              "bowler": "SR Harmer",
              "non_striker": "Q de Kock",
              "runs": {
                "batter": 4,
                "extras": 0,
                "total": 4
              }
            },
            {
              "batter": "T Bavuma",
              "bowler": "SR Harmer",
              "non_striker": "Q de Kock",
              "runs": {
                "batter": 1,
                "extras": 0,
                "total": 1
              }
            },
            {
              "batter": "Q de Kock",
              "bowler": "SR Harmer",
              "non_striker": "T Bavuma",
              "runs": {
                "batter": 1,
                "extras": 0,
                "total": 1
              },
              "wickets": [
                {
                  "player_out": "Q de Kock",
                  "fielders": [
                    {
                      "name": "AP McLaren"
                    },
                    {
                      "name": "ACR Birch"
                    }
                  ],
                  "kind": "run out"
                }
              ]
            },
            {
              "batter": "Sohail Tanvir",
              "bowler": "SR Harmer",
              "non_striker": "T Bavuma",
              "runs": {
                "batter": 0,
                "extras": 0,
                "total": 0
              },
              "wickets": [
                {
                  "player_out": "Sohail Tanvir",
                  "fielders": [
                    {
                      "name": "AG Prince"
                    },
                    {
                      "name": "AP McLaren"
                    }
                  ],
                  "kind": "run out"
                }
              ]
            },
            {
              "batter": "J Symes",
              "bowler": "SR Harmer",
              "non_striker": "T Bavuma",
              "runs": {
                "batter": 0,
                "extras": 0,
                "total": 0
              }
            },
            {
              "batter": "J Symes",
              "bowler": "SR Harmer",
              "non_striker": "T Bavuma",
              "runs": {
                "batter": 1,
                "extras": 0,
                "total": 1
              }
            }
          ]
        },
        {
          "over": 12,
          "deliveries": [
            {
              "batter": "J Symes",
              "bowler": "J Theron",
              "non_striker": "T Bavuma",
              "runs": {
                "batter": 0,
                "extras": 0,
                "total": 0
              }
            },
            {
              "batter": "J Symes",
              "bowler": "J Theron",
              "non_striker": "T Bavuma",
              "runs": {
                "batter": 2,
                "extras": 0,
                "total": 2
              }
            },
            {
              "batter": "J Symes",
              "bowler": "J Theron",
              "non_striker": "T Bavuma",
              "runs": {
                "batter": 0,
                "extras": 0,
                "total": 0
              }
            },
            {
              "batter": "J Symes",
              "bowler": "J Theron",
              "non_striker": "T Bavuma",
              "runs": {
                "batter": 0,
                "extras": 0,
                "total": 0
              }
            },
            {
              "batter": "J Symes",
              "bowler": "J Theron",
              "non_striker": "T Bavuma",
              "runs": {
                "batter": 1,
                "extras": 0,
                "total": 1
              }
            },
            {
              "batter": "T Bavuma",
              "bowler": "J Theron",
              "non_striker": "J Symes",
              "runs": {
                "batter": 2,
                "extras": 0,
                "total": 2
              }
            }
          ]
        },
        {
          "over": 13,
          "deliveries": [
            {
              "batter": "J Symes",
              "bowler": "SR Harmer",
              "non_striker": "T Bavuma",
              "runs": {
                "batter": 1,
                "extras": 0,
                "total": 1
              }
            },
            {
              "batter": "T Bavuma",
              "bowler": "SR Harmer",
              "non_striker": "J Symes",
              "runs": {
                "batter": 0,
                "extras": 0,
                "total": 0
              }
            },
            {
              "batter": "T Bavuma",
              "bowler": "SR Harmer",
              "non_striker": "J Symes",
              "runs": {
                "batter": 1,
                "extras": 0,
                "total": 1
              }
            },
            {
              "batter": "J Symes",
              "bowler": "SR Harmer",
              "non_striker": "T Bavuma",
              "runs": {
                "batter": 1,
                "extras": 0,
                "total": 1
              }
            },
            {
              "batter": "T Bavuma",
              "bowler": "SR Harmer",
              "non_striker": "J Symes",
              "runs": {
                "batter": 1,
                "extras": 0,
                "total": 1
              }
            },
            {
              "batter": "J Symes",
              "bowler": "SR Harmer",
              "non_striker": "T Bavuma",
              "runs": {
                "batter": 1,
                "extras": 0,
                "total": 1
              }
            }
          ]
        },
        {
          "over": 14,
          "deliveries": [
            {
              "batter": "J Symes",
              "bowler": "A Gqamane",
              "non_striker": "T Bavuma",
              "runs": {
                "batter": 0,
                "extras": 0,
                "total": 0
              },
              "wickets": [
                {
                  "player_out": "J Symes",
                  "kind": "bowled"
                }
              ]
            },
            {
              "batter": "D Pretorius",
              "bowler": "A Gqamane",
              "non_striker": "T Bavuma",
              "runs": {
                "batter": 0,
                "extras": 0,
                "total": 0
              }
            },
            {
              "batter": "D Pretorius",
              "bowler": "A Gqamane",
              "non_striker": "T Bavuma",
              "runs": {
                "batter": 0,
                "extras": 0,
                "total": 0
              }
            },
            {
              "batter": "D Pretorius",
              "bowler": "A Gqamane",
              "non_striker": "T Bavuma",
              "runs": {
                "batter": 0,
                "extras": 0,
                "total": 0
              }
            },
            {
              "batter": "D Pretorius",
              "bowler": "A Gqamane",
              "non_striker": "T Bavuma",
              "runs": {
                "batter": 0,
                "extras": 0,
                "total": 0
              }
            },
            {
              "batter": "D Pretorius",
              "bowler": "A Gqamane",
              "non_striker": "T Bavuma",
              "runs": {
                "batter": 0,
                "extras": 0,
                "total": 0
              }
            }
          ]
        },
        {
          "over": 15,
          "deliveries": [
            {
              "batter": "T Bavuma",
              "bowler": "ACR Birch",
              "non_striker": "D Pretorius",
              "runs": {
                "batter": 0,
                "extras": 0,
                "total": 0
              }
            },
            {
              "batter": "T Bavuma",
              "bowler": "ACR Birch",
              "extras": {
                "legbyes": 1
              },
              "non_striker": "D Pretorius",
              "runs": {
                "batter": 0,
                "extras": 1,
                "total": 1
              }
            },
            {
              "batter": "D Pretorius",
              "bowler": "ACR Birch",
              "extras": {
                "noballs": 1
              },
              "non_striker": "T Bavuma",
              "runs": {
                "batter": 4,
                "extras": 1,
                "total": 5
              }
            },
            {
              "batter": "D Pretorius",
              "bowler": "ACR Birch",
              "non_striker": "T Bavuma",
              "runs": {
                "batter": 2,
                "extras": 0,
                "total": 2
              }
            },
            {
              "batter": "D Pretorius",
              "bowler": "ACR Birch",
              "non_striker": "T Bavuma",
              "runs": {
                "batter": 0,
                "extras": 0,
                "total": 0
              }
            },
            {
              "batter": "D Pretorius",
              "bowler": "ACR Birch",
              "extras": {
                "wides": 1
              },
              "non_striker": "T Bavuma",
              "runs": {
                "batter": 0,
                "extras": 1,
                "total": 1
              }
            },
            {
              "batter": "D Pretorius",
              "bowler": "ACR Birch",
              "non_striker": "T Bavuma",
              "runs": {
                "batter": 1,
                "extras": 0,
                "total": 1
              }
            },
            {
              "batter": "T Bavuma",
              "bowler": "ACR Birch",
              "non_striker": "D Pretorius",
              "runs": {
                "batter": 2,
                "extras": 0,
                "total": 2
              }
            }
          ]
        },
        {
          "over": 16,
          "deliveries": [
            {
              "batter": "D Pretorius",
              "bowler": "A Gqamane",
              "non_striker": "T Bavuma",
              "runs": {
                "batter": 6,
                "extras": 0,
                "total": 6
              }
            },
            {
              "batter": "D Pretorius",
              "bowler": "A Gqamane",
              "non_striker": "T Bavuma",
              "runs": {
                "batter": 6,
                "extras": 0,
                "total": 6
              }
            },
            {
              "batter": "D Pretorius",
              "bowler": "A Gqamane",
              "non_striker": "T Bavuma",
              "runs": {
                "batter": 4,
                "extras": 0,
                "total": 4
              }
            },
            {
              "batter": "D Pretorius",
              "bowler": "A Gqamane",
              "non_striker": "T Bavuma",
              "runs": {
                "batter": 2,
                "extras": 0,
                "total": 2
              }
            },
            {
              "batter": "D Pretorius",
              "bowler": "A Gqamane",
              "non_striker": "T Bavuma",
              "runs": {
                "batter": 1,
                "extras": 0,
                "total": 1
              }
            },
            {
              "batter": "T Bavuma",
              "bowler": "A Gqamane",
              "non_striker": "D Pretorius",
              "runs": {
                "batter": 0,
                "extras": 0,
                "total": 0
              }
            }
          ]
        },
        {
          "over": 17,
          "deliveries": [
            {
              "batter": "D Pretorius",
              "bowler": "J Theron",
              "non_striker": "T Bavuma",
              "runs": {
                "batter": 0,
                "extras": 0,
                "total": 0
              }
            },
            {
              "batter": "D Pretorius",
              "bowler": "J Theron",
              "non_striker": "T Bavuma",
              "runs": {
                "batter": 1,
                "extras": 0,
                "total": 1
              }
            },
            {
              "batter": "T Bavuma",
              "bowler": "J Theron",
              "non_striker": "D Pretorius",
              "runs": {
                "batter": 4,
                "extras": 0,
                "total": 4
              }
            },
            {
              "batter": "T Bavuma",
              "bowler": "J Theron",
              "non_striker": "D Pretorius",
              "runs": {
                "batter": 2,
                "extras": 0,
                "total": 2
              }
            },
            {
              "batter": "T Bavuma",
              "bowler": "J Theron",
              "non_striker": "D Pretorius",
              "runs": {
                "batter": 1,
                "extras": 0,
                "total": 1
              }
            },
            {
              "batter": "D Pretorius",
              "bowler": "J Theron",
              "non_striker": "T Bavuma",
              "runs": {
                "batter": 0,
                "extras": 0,
                "total": 0
              }
            }
          ]
        },
        {
          "over": 18,
          "deliveries": [
            {
              "batter": "T Bavuma",
              "bowler": "WD Parnell",
              "non_striker": "D Pretorius",
              "runs": {
                "batter": 1,
                "extras": 0,
                "total": 1
              }
            },
            {
              "batter": "D Pretorius",
              "bowler": "WD Parnell",
              "non_striker": "T Bavuma",
              "runs": {
                "batter": 1,
                "extras": 0,
                "total": 1
              }
            },
            {
              "batter": "T Bavuma",
              "bowler": "WD Parnell",
              "non_striker": "D Pretorius",
              "runs": {
                "batter": 4,
                "extras": 0,
                "total": 4
              }
            },
            {
              "batter": "T Bavuma",
              "bowler": "WD Parnell",
              "non_striker": "D Pretorius",
              "runs": {
                "batter": 4,
                "extras": 0,
                "total": 4
              }
            },
            {
              "batter": "T Bavuma",
              "bowler": "WD Parnell",
              "non_striker": "D Pretorius",
              "runs": {
                "batter": 1,
                "extras": 0,
                "total": 1
              }
            },
            {
              "batter": "D Pretorius",
              "bowler": "WD Parnell",
              "non_striker": "T Bavuma",
              "runs": {
                "batter": 1,
                "extras": 0,
                "total": 1
              }
            }
          ]
        },
        {
          "over": 19,
          "deliveries": [
            {
              "batter": "D Pretorius",
              "bowler": "J Theron",
              "non_striker": "T Bavuma",
              "runs": {
                "batter": 1,
                "extras": 0,
                "total": 1
              }
            },
            {
              "batter": "T Bavuma",
              "bowler": "J Theron",
              "non_striker": "D Pretorius",
              "runs": {
                "batter": 1,
                "extras": 0,
                "total": 1
              }
            },
            {
              "batter": "D Pretorius",
              "bowler": "J Theron",
              "non_striker": "T Bavuma",
              "runs": {
                "batter": 2,
                "extras": 0,
                "total": 2
              }
            },
            {
              "batter": "D Pretorius",
              "bowler": "J Theron",
              "non_striker": "T Bavuma",
              "runs": {
                "batter": 6,
                "extras": 0,
                "total": 6
              }
            },
            {
              "batter": "D Pretorius",
              "bowler": "J Theron",
              "non_striker": "T Bavuma",
              "runs": {
                "batter": 0,
                "extras": 0,
                "total": 0
              },
              "wickets": [
                {
                  "player_out": "D Pretorius",
                  "kind": "bowled"
                }
              ]
            },
            {
              "batter": "CH Morris",
              "bowler": "J Theron",
              "non_striker": "T Bavuma",
              "runs": {
                "batter": 0,
                "extras": 0,
                "total": 0
              },
              "wickets": [
                {
                  "player_out": "CH Morris",
                  "fielders": [
                    {
                      "name": "J Theron"
                    }
                  ],
                  "kind": "run out"
                }
              ]
            }
          ]
        }
      ],
      "powerplays": [
        {
          "from": 0.1,
          "to": 5.6,
          "type": "mandatory"
        }
      ]
    },
    {
      "team": "Warriors",
      "overs": [
        {
          "over": 0,
          "deliveries": [
            {
              "batter": "C Jonker",
              "bowler": "Sohail Tanvir",
              "non_striker": "JT Smuts",
              "runs": {
                "batter": 0,
                "extras": 0,
                "total": 0
              }
            },
            {
              "batter": "C Jonker",
              "bowler": "Sohail Tanvir",
              "non_striker": "JT Smuts",
              "runs": {
                "batter": 0,
                "extras": 0,
                "total": 0
              }
            },
            {
              "batter": "C Jonker",
              "bowler": "Sohail Tanvir",
              "non_striker": "JT Smuts",
              "runs": {
                "batter": 4,
                "extras": 0,
                "total": 4
              }
            },
            {
              "batter": "C Jonker",
              "bowler": "Sohail Tanvir",
              "non_striker": "JT Smuts",
              "runs": {
                "batter": 0,
                "extras": 0,
                "total": 0
              }
            },
            {
              "batter": "C Jonker",
              "bowler": "Sohail Tanvir",
              "non_striker": "JT Smuts",
              "runs": {
                "batter": 1,
                "extras": 0,
                "total": 1
              }
            },
            {
              "batter": "JT Smuts",
              "bowler": "Sohail Tanvir",
              "non_striker": "C Jonker",
              "runs": {
                "batter": 0,
                "extras": 0,
                "total": 0
              },
              "wickets": [
                {
                  "player_out": "JT Smuts",
                  "fielders": [
                    {
                      "name": "J Symes"
                    }
                  ],
                  "kind": "caught"
                }
              ]
            }
          ]
        },
        {
          "over": 1,
          "deliveries": [
            {
              "batter": "C Jonker",
              "bowler": "GC Viljoen",
              "non_striker": "CA Ingram",
              "runs": {
                "batter": 0,
                "extras": 0,
                "total": 0
              }
            },
            {
              "batter": "C Jonker",
              "bowler": "GC Viljoen",
              "non_striker": "CA Ingram",
              "runs": {
                "batter": 0,
                "extras": 0,
                "total": 0
              }
            },
            {
              "batter": "C Jonker",
              "bowler": "GC Viljoen",
              "non_striker": "CA Ingram",
              "runs": {
                "batter": 0,
                "extras": 0,
                "total": 0
              }
            },
            {
              "batter": "C Jonker",
              "bowler": "GC Viljoen",
              "non_striker": "CA Ingram",
              "runs": {
                "batter": 0,
                "extras": 0,
                "total": 0
              }
            },
            {
              "batter": "C Jonker",
              "bowler": "GC Viljoen",
              "non_striker": "CA Ingram",
              "runs": {
                "batter": 4,
                "extras": 0,
                "total": 4
              }
            },
            {
              "batter": "C Jonker",
              "bowler": "GC Viljoen",
              "non_striker": "CA Ingram",
              "runs": {
                "batter": 0,
                "extras": 0,
                "total": 0
              }
            }
          ]
        },
        {
          "over": 2,
          "deliveries": [
            {
              "batter": "CA Ingram",
              "bowler": "Sohail Tanvir",
              "extras": {
                "wides": 1
              },
              "non_striker": "C Jonker",
              "runs": {
                "batter": 0,
                "extras": 1,
                "total": 1
              }
            },
            {
              "batter": "CA Ingram",
              "bowler": "Sohail Tanvir",
              "non_striker": "C Jonker",
              "runs": {
                "batter": 4,
                "extras": 0,
                "total": 4
              }
            },
            {
              "batter": "CA Ingram",
              "bowler": "Sohail Tanvir",
              "non_striker": "C Jonker",
              "runs": {
                "batter": 0,
                "extras": 0,
                "total": 0
              }
            },
            {
              "batter": "CA Ingram",
              "bowler": "Sohail Tanvir",
              "non_striker": "C Jonker",
              "runs": {
                "batter": 0,
                "extras": 0,
                "total": 0
              }
            },
            {
              "batter": "CA Ingram",
              "bowler": "Sohail Tanvir",
              "non_striker": "C Jonker",
              "runs": {
                "batter": 0,
                "extras": 0,
                "total": 0
              }
            },
            {
              "batter": "CA Ingram",
              "bowler": "Sohail Tanvir",
              "non_striker": "C Jonker",
              "runs": {
                "batter": 2,
                "extras": 0,
                "total": 2
              }
            },
            {
              "batter": "CA Ingram",
              "bowler": "Sohail Tanvir",
              "non_striker": "C Jonker",
              "runs": {
                "batter": 1,
                "extras": 0,
                "total": 1
              }
            }
          ]
        },
        {
          "over": 3,
          "deliveries": [
            {
              "batter": "CA Ingram",
              "bowler": "GC Viljoen",
              "extras": {
                "legbyes": 1
              },
              "non_striker": "C Jonker",
              "runs": {
                "batter": 0,
                "extras": 1,
                "total": 1
              }
            },
            {
              "batter": "C Jonker",
              "bowler": "GC Viljoen",
              "non_striker": "CA Ingram",
              "runs": {
                "batter": 1,
                "extras": 0,
                "total": 1
              }
            },
            {
              "batter": "CA Ingram",
              "bowler": "GC Viljoen",
              "non_striker": "C Jonker",
              "runs": {
                "batter": 4,
                "extras": 0,
                "total": 4
              }
            },
            {
              "batter": "CA Ingram",
              "bowler": "GC Viljoen",
              "non_striker": "C Jonker",
              "runs": {
                "batter": 1,
                "extras": 0,
                "total": 1
              }
            },
            {
              "batter": "C Jonker",
              "bowler": "GC Viljoen",
              "non_striker": "CA Ingram",
              "runs": {
                "batter": 0,
                "extras": 0,
                "total": 0
              }
            },
            {
              "batter": "C Jonker",
              "bowler": "GC Viljoen",
              "non_striker": "CA Ingram",
              "runs": {
                "batter": 0,
                "extras": 0,
                "total": 0
              }
            }
          ]
        },
        {
          "over": 4,
          "deliveries": [
            {
              "batter": "CA Ingram",
              "bowler": "CH Morris",
              "non_striker": "C Jonker",
              "runs": {
                "batter": 4,
                "extras": 0,
                "total": 4
              }
            },
            {
              "batter": "CA Ingram",
              "bowler": "CH Morris",
              "non_striker": "C Jonker",
              "runs": {
                "batter": 4,
                "extras": 0,
                "total": 4
              }
            },
            {
              "batter": "CA Ingram",
              "bowler": "CH Morris",
              "non_striker": "C Jonker",
              "runs": {
                "batter": 1,
                "extras": 0,
                "total": 1
              }
            },
            {
              "batter": "C Jonker",
              "bowler": "CH Morris",
              "non_striker": "CA Ingram",
              "runs": {
                "batter": 0,
                "extras": 0,
                "total": 0
              }
            },
            {
              "batter": "C Jonker",
              "bowler": "CH Morris",
              "non_striker": "CA Ingram",
              "runs": {
                "batter": 1,
                "extras": 0,
                "total": 1
              }
            },
            {
              "batter": "CA Ingram",
              "bowler": "CH Morris",
              "non_striker": "C Jonker",
              "runs": {
                "batter": 0,
                "extras": 0,
                "total": 0
              },
              "wickets": [
                {
                  "player_out": "CA Ingram",
                  "fielders": [
                    {
                      "name": "J Symes"
                    }
                  ],
                  "kind": "caught"
                }
              ]
            }
          ]
        },
        {
          "over": 5,
          "deliveries": [
            {
              "batter": "C Jonker",
              "bowler": "GC Viljoen",
              "non_striker": "AG Prince",
              "runs": {
                "batter": 0,
                "extras": 0,
                "total": 0
              }
            },
            {
              "batter": "C Jonker",
              "bowler": "GC Viljoen",
              "non_striker": "AG Prince",
              "runs": {
                "batter": 0,
                "extras": 0,
                "total": 0
              }
            },
            {
              "batter": "C Jonker",
              "bowler": "GC Viljoen",
              "non_striker": "AG Prince",
              "runs": {
                "batter": 0,
                "extras": 0,
                "total": 0
              }
            },
            {
              "batter": "C Jonker",
              "bowler": "GC Viljoen",
              "non_striker": "AG Prince",
              "runs": {
                "batter": 0,
                "extras": 0,
                "total": 0
              }
            },
            {
              "batter": "C Jonker",
              "bowler": "GC Viljoen",
              "non_striker": "AG Prince",
              "runs": {
                "batter": 0,
                "extras": 0,
                "total": 0
              },
              "wickets": [
                {
                  "player_out": "C Jonker",
                  "fielders": [
                    {
                      "name": "ND McKenzie"
                    }
                  ],
                  "kind": "caught"
                }
              ]
            },
            {
              "batter": "WD Parnell",
              "bowler": "GC Viljoen",
              "non_striker": "AG Prince",
              "runs": {
                "batter": 0,
                "extras": 0,
                "total": 0
              },
              "wickets": [
                {
                  "player_out": "WD Parnell",
                  "kind": "bowled"
                }
              ]
            }
          ]
        },
        {
          "over": 6,
          "deliveries": [
            {
              "batter": "AG Prince",
              "bowler": "AM Phangiso",
              "non_striker": "AP McLaren",
              "runs": {
                "batter": 0,
                "extras": 0,
                "total": 0
              }
            },
            {
              "batter": "AG Prince",
              "bowler": "AM Phangiso",
              "non_striker": "AP McLaren",
              "runs": {
                "batter": 1,
                "extras": 0,
                "total": 1
              }
            },
            {
              "batter": "AP McLaren",
              "bowler": "AM Phangiso",
              "non_striker": "AG Prince",
              "runs": {
                "batter": 1,
                "extras": 0,
                "total": 1
              }
            },
            {
              "batter": "AG Prince",
              "bowler": "AM Phangiso",
              "non_striker": "AP McLaren",
              "runs": {
                "batter": 0,
                "extras": 0,
                "total": 0
              }
            },
            {
              "batter": "AG Prince",
              "bowler": "AM Phangiso",
              "non_striker": "AP McLaren",
              "runs": {
                "batter": 1,
                "extras": 0,
                "total": 1
              }
            },
            {
              "batter": "AP McLaren",
              "bowler": "AM Phangiso",
              "non_striker": "AG Prince",
              "runs": {
                "batter": 0,
                "extras": 0,
                "total": 0
              }
            }
          ]
        },
        {
          "over": 7,
          "deliveries": [
            {
              "batter": "AG Prince",
              "bowler": "GC Viljoen",
              "non_striker": "AP McLaren",
              "runs": {
                "batter": 1,
                "extras": 0,
                "total": 1
              }
            },
            {
              "batter": "AP McLaren",
              "bowler": "GC Viljoen",
              "non_striker": "AG Prince",
              "runs": {
                "batter": 0,
                "extras": 0,
                "total": 0
              },
              "wickets": [
                {
                  "player_out": "AP McLaren",
                  "kind": "lbw"
                }
              ]
            },
            {
              "batter": "CA Thyssen",
              "bowler": "GC Viljoen",
              "non_striker": "AG Prince",
              "runs": {
                "batter": 0,
                "extras": 0,
                "total": 0
              }
            },
            {
              "batter": "CA Thyssen",
              "bowler": "GC Viljoen",
              "non_striker": "AG Prince",
              "runs": {
                "batter": 0,
                "extras": 0,
                "total": 0
              }
            },
            {
              "batter": "CA Thyssen",
              "bowler": "GC Viljoen",
              "non_striker": "AG Prince",
              "runs": {
                "batter": 0,
                "extras": 0,
                "total": 0
              }
            },
            {
              "batter": "CA Thyssen",
              "bowler": "GC Viljoen",
              "non_striker": "AG Prince",
              "runs": {
                "batter": 1,
                "extras": 0,
                "total": 1
              }
            }
          ]
        },
        {
          "over": 8,
          "deliveries": [
            {
              "batter": "CA Thyssen",
              "bowler": "AM Phangiso",
              "non_striker": "AG Prince",
              "runs": {
                "batter": 1,
                "extras": 0,
                "total": 1
              }
            },
            {
              "batter": "AG Prince",
              "bowler": "AM Phangiso",
              "non_striker": "CA Thyssen",
              "runs": {
                "batter": 1,
                "extras": 0,
                "total": 1
              }
            },
            {
              "batter": "CA Thyssen",
              "bowler": "AM Phangiso",
              "non_striker": "AG Prince",
              "runs": {
                "batter": 0,
                "extras": 0,
                "total": 0
              }
            },
            {
              "batter": "CA Thyssen",
              "bowler": "AM Phangiso",
              "non_striker": "AG Prince",
              "runs": {
                "batter": 1,
                "extras": 0,
                "total": 1
              }
            },
            {
              "batter": "AG Prince",
              "bowler": "AM Phangiso",
              "non_striker": "CA Thyssen",
              "runs": {
                "batter": 1,
                "extras": 0,
                "total": 1
              }
            },
            {
              "batter": "CA Thyssen",
              "bowler": "AM Phangiso",
              "non_striker": "AG Prince",
              "runs": {
                "batter": 0,
                "extras": 0,
                "total": 0
              }
            }
          ]
        },
        {
          "over": 9,
          "deliveries": [
            {
              "batter": "AG Prince",
              "bowler": "CH Morris",
              "non_striker": "CA Thyssen",
              "runs": {
                "batter": 4,
                "extras": 0,
                "total": 4
              }
            },
            {
              "batter": "AG Prince",
              "bowler": "CH Morris",
              "non_striker": "CA Thyssen",
              "runs": {
                "batter": 1,
                "extras": 0,
                "total": 1
              }
            },
            {
              "batter": "CA Thyssen",
              "bowler": "CH Morris",
              "non_striker": "AG Prince",
              "runs": {
                "batter": 0,
                "extras": 0,
                "total": 0
              },
              "wickets": [
                {
                  "player_out": "CA Thyssen",
                  "fielders": [
                    {
                      "name": "J Symes"
                    }
                  ],
                  "kind": "caught"
                }
              ]
            },
            {
              "batter": "AG Prince",
              "bowler": "CH Morris",
              "non_striker": "SR Harmer",
              "runs": {
                "batter": 1,
                "extras": 0,
                "total": 1
              }
            },
            {
              "batter": "SR Harmer",
              "bowler": "CH Morris",
              "non_striker": "AG Prince",
              "runs": {
                "batter": 1,
                "extras": 0,
                "total": 1
              }
            },
            {
              "batter": "AG Prince",
              "bowler": "CH Morris",
              "non_striker": "SR Harmer",
              "runs": {
                "batter": 1,
                "extras": 0,
                "total": 1
              }
            }
          ]
        },
        {
          "over": 10,
          "deliveries": [
            {
              "batter": "AG Prince",
              "bowler": "Imran Tahir",
              "non_striker": "SR Harmer",
              "runs": {
                "batter": 1,
                "extras": 0,
                "total": 1
              }
            },
            {
              "batter": "SR Harmer",
              "bowler": "Imran Tahir",
              "non_striker": "AG Prince",
              "runs": {
                "batter": 1,
                "extras": 0,
                "total": 1
              }
            },
            {
              "batter": "AG Prince",
              "bowler": "Imran Tahir",
              "non_striker": "SR Harmer",
              "runs": {
                "batter": 1,
                "extras": 0,
                "total": 1
              }
            },
            {
              "batter": "SR Harmer",
              "bowler": "Imran Tahir",
              "non_striker": "AG Prince",
              "runs": {
                "batter": 1,
                "extras": 0,
                "total": 1
              }
            },
            {
              "batter": "AG Prince",
              "bowler": "Imran Tahir",
              "non_striker": "SR Harmer",
              "runs": {
                "batter": 1,
                "extras": 0,
                "total": 1
              }
            },
            {
              "batter": "SR Harmer",
              "bowler": "Imran Tahir",
              "non_striker": "AG Prince",
              "runs": {
                "batter": 0,
                "extras": 0,
                "total": 0
              }
            }
          ]
        },
        {
          "over": 11,
          "deliveries": [
            {
              "batter": "AG Prince",
              "bowler": "AM Phangiso",
              "non_striker": "SR Harmer",
              "runs": {
                "batter": 6,
                "extras": 0,
                "total": 6
              }
            },
            {
              "batter": "AG Prince",
              "bowler": "AM Phangiso",
              "non_striker": "SR Harmer",
              "runs": {
                "batter": 4,
                "extras": 0,
                "total": 4
              }
            },
            {
              "batter": "AG Prince",
              "bowler": "AM Phangiso",
              "non_striker": "SR Harmer",
              "runs": {
                "batter": 0,
                "extras": 0,
                "total": 0
              },
              "wickets": [
                {
                  "player_out": "AG Prince",
                  "kind": "bowled"
                }
              ]
            },
            {
              "batter": "ACR Birch",
              "bowler": "AM Phangiso",
              "extras": {
                "wides": 5
              },
              "non_striker": "SR Harmer",
              "runs": {
                "batter": 0,
                "extras": 5,
                "total": 5
              }
            },
            {
              "batter": "ACR Birch",
              "bowler": "AM Phangiso",
              "non_striker": "SR Harmer",
              "runs": {
                "batter": 0,
                "extras": 0,
                "total": 0
              }
            },
            {
              "batter": "ACR Birch",
              "bowler": "AM Phangiso",
              "non_striker": "SR Harmer",
              "runs": {
                "batter": 0,
                "extras": 0,
                "total": 0
              }
            },
            {
              "batter": "ACR Birch",
              "bowler": "AM Phangiso",
              "non_striker": "SR Harmer",
              "runs": {
                "batter": 0,
                "extras": 0,
                "total": 0
              }
            }
          ]
        },
        {
          "over": 12,
          "deliveries": [
            {
              "batter": "SR Harmer",
              "bowler": "Imran Tahir",
              "non_striker": "ACR Birch",
              "runs": {
                "batter": 1,
                "extras": 0,
                "total": 1
              }
            },
            {
              "batter": "ACR Birch",
              "bowler": "Imran Tahir",
              "non_striker": "SR Harmer",
              "runs": {
                "batter": 1,
                "extras": 0,
                "total": 1
              }
            },
            {
              "batter": "SR Harmer",
              "bowler": "Imran Tahir",
              "non_striker": "ACR Birch",
              "runs": {
                "batter": 0,
                "extras": 0,
                "total": 0
              }
            },
            {
              "batter": "SR Harmer",
              "bowler": "Imran Tahir",
              "non_striker": "ACR Birch",
              "runs": {
                "batter": 6,
                "extras": 0,
                "total": 6
              }
            },
            {
              "batter": "SR Harmer",
              "bowler": "Imran Tahir",
              "non_striker": "ACR Birch",
              "runs": {
                "batter": 0,
                "extras": 0,
                "total": 0
              }
            },
            {
              "batter": "SR Harmer",
              "bowler": "Imran Tahir",
              "non_striker": "ACR Birch",
              "runs": {
                "batter": 2,
                "extras": 0,
                "total": 2
              }
            }
          ]
        },
        {
          "over": 13,
          "deliveries": [
            {
              "batter": "ACR Birch",
              "bowler": "AM Phangiso",
              "non_striker": "SR Harmer",
              "runs": {
                "batter": 0,
                "extras": 0,
                "total": 0
              }
            },
            {
              "batter": "ACR Birch",
              "bowler": "AM Phangiso",
              "non_striker": "SR Harmer",
              "runs": {
                "batter": 0,
                "extras": 0,
                "total": 0
              }
            },
            {
              "batter": "ACR Birch",
              "bowler": "AM Phangiso",
              "non_striker": "SR Harmer",
              "runs": {
                "batter": 0,
                "extras": 0,
                "total": 0
              }
            },
            {
              "batter": "ACR Birch",
              "bowler": "AM Phangiso",
              "non_striker": "SR Harmer",
              "runs": {
                "batter": 0,
                "extras": 0,
                "total": 0
              }
            },
            {
              "batter": "ACR Birch",
              "bowler": "AM Phangiso",
              "non_striker": "SR Harmer",
              "runs": {
                "batter": 2,
                "extras": 0,
                "total": 2
              }
            },
            {
              "batter": "ACR Birch",
              "bowler": "AM Phangiso",
              "non_striker": "SR Harmer",
              "runs": {
                "batter": 4,
                "extras": 0,
                "total": 4
              }
            }
          ]
        },
        {
          "over": 14,
          "deliveries": [
            {
              "batter": "SR Harmer",
              "bowler": "CH Morris",
              "non_striker": "ACR Birch",
              "runs": {
                "batter": 2,
                "extras": 0,
                "total": 2
              }
            },
            {
              "batter": "SR Harmer",
              "bowler": "CH Morris",
              "non_striker": "ACR Birch",
              "runs": {
                "batter": 1,
                "extras": 0,
                "total": 1
              }
            },
            {
              "batter": "ACR Birch",
              "bowler": "CH Morris",
              "non_striker": "SR Harmer",
              "runs": {
                "batter": 0,
                "extras": 0,
                "total": 0
              }
            },
            {
              "batter": "ACR Birch",
              "bowler": "CH Morris",
              "non_striker": "SR Harmer",
              "runs": {
                "batter": 1,
                "extras": 0,
                "total": 1
              }
            },
            {
              "batter": "SR Harmer",
              "bowler": "CH Morris",
              "non_striker": "ACR Birch",
              "runs": {
                "batter": 1,
                "extras": 0,
                "total": 1
              }
            },
            {
              "batter": "ACR Birch",
              "bowler": "CH Morris",
              "non_striker": "SR Harmer",
              "runs": {
                "batter": 0,
                "extras": 0,
                "total": 0
              }
            }
          ]
        },
        {
          "over": 15,
          "deliveries": [
            {
              "batter": "SR Harmer",
              "bowler": "Imran Tahir",
              "non_striker": "ACR Birch",
              "runs": {
                "batter": 6,
                "extras": 0,
                "total": 6
              }
            },
            {
              "batter": "SR Harmer",
              "bowler": "Imran Tahir",
              "non_striker": "ACR Birch",
              "runs": {
                "batter": 1,
                "extras": 0,
                "total": 1
              }
            },
            {
              "batter": "ACR Birch",
              "bowler": "Imran Tahir",
              "non_striker": "SR Harmer",
              "runs": {
                "batter": 0,
                "extras": 0,
                "total": 0
              },
              "wickets": [
                {
                  "player_out": "ACR Birch",
                  "fielders": [
                    {
                      "name": "Sohail Tanvir"
                    }
                  ],
                  "kind": "caught"
                }
              ]
            },
            {
              "batter": "SR Harmer",
              "bowler": "Imran Tahir",
              "non_striker": "A Gqamane",
              "runs": {
                "batter": 0,
                "extras": 0,
                "total": 0
              }
            },
            {
              "batter": "SR Harmer",
              "bowler": "Imran Tahir",
              "non_striker": "A Gqamane",
              "runs": {
                "batter": 4,
                "extras": 0,
                "total": 4
              }
            },
            {
              "batter": "SR Harmer",
              "bowler": "Imran Tahir",
              "non_striker": "A Gqamane",
              "runs": {
                "batter": 1,
                "extras": 0,
                "total": 1
              }
            }
          ]
        },
        {
          "over": 16,
          "deliveries": [
            {
              "batter": "SR Harmer",
              "bowler": "CH Morris",
              "non_striker": "A Gqamane",
              "runs": {
                "batter": 1,
                "extras": 0,
                "total": 1
              }
            },
            {
              "batter": "A Gqamane",
              "bowler": "CH Morris",
              "non_striker": "SR Harmer",
              "runs": {
                "batter": 0,
                "extras": 0,
                "total": 0
              }
            },
            {
              "batter": "A Gqamane",
              "bowler": "CH Morris",
              "non_striker": "SR Harmer",
              "runs": {
                "batter": 2,
                "extras": 0,
                "total": 2
              }
            },
            {
              "batter": "A Gqamane",
              "bowler": "CH Morris",
              "extras": {
                "wides": 1
              },
              "non_striker": "SR Harmer",
              "runs": {
                "batter": 0,
                "extras": 1,
                "total": 1
              }
            },
            {
              "batter": "A Gqamane",
              "bowler": "CH Morris",
              "non_striker": "SR Harmer",
              "runs": {
                "batter": 1,
                "extras": 0,
                "total": 1
              }
            },
            {
              "batter": "SR Harmer",
              "bowler": "CH Morris",
              "non_striker": "A Gqamane",
              "runs": {
                "batter": 0,
                "extras": 0,
                "total": 0
              }
            },
            {
              "batter": "SR Harmer",
              "bowler": "CH Morris",
              "non_striker": "A Gqamane",
              "runs": {
                "batter": 2,
                "extras": 0,
                "total": 2
              }
            }
          ]
        },
        {
          "over": 17,
          "deliveries": [
            {
              "batter": "A Gqamane",
              "bowler": "Sohail Tanvir",
              "extras": {
                "legbyes": 1
              },
              "non_striker": "SR Harmer",
              "runs": {
                "batter": 0,
                "extras": 1,
                "total": 1
              }
            },
            {
              "batter": "SR Harmer",
              "bowler": "Sohail Tanvir",
              "non_striker": "A Gqamane",
              "runs": {
                "batter": 1,
                "extras": 0,
                "total": 1
              }
            },
            {
              "batter": "A Gqamane",
              "bowler": "Sohail Tanvir",
              "non_striker": "SR Harmer",
              "runs": {
                "batter": 0,
                "extras": 0,
                "total": 0
              },
              "wickets": [
                {
                  "player_out": "A Gqamane",
                  "fielders": [
                    {
                      "name": "T Bavuma"
                    }
                  ],
                  "kind": "caught"
                }
              ]
            },
            {
              "batter": "SR Harmer",
              "bowler": "Sohail Tanvir",
              "non_striker": "J Theron",
              "runs": {
                "batter": 1,
                "extras": 0,
                "total": 1
              }
            },
            {
              "batter": "J Theron",
              "bowler": "Sohail Tanvir",
              "extras": {
                "legbyes": 1
              },
              "non_striker": "SR Harmer",
              "runs": {
                "batter": 0,
                "extras": 1,
                "total": 1
              }
            },
            {
              "batter": "SR Harmer",
              "bowler": "Sohail Tanvir",
              "non_striker": "J Theron",
              "runs": {
                "batter": 0,
                "extras": 0,
                "total": 0
              },
              "wickets": [
                {
                  "player_out": "SR Harmer",
                  "fielders": [
                    {
                      "name": "GH Bodi"
                    }
                  ],
                  "kind": "run out"
                }
              ]
            }
          ]
        }
      ],
      "powerplays": [
        {
          "from": 0.1,
          "to": 5.6,
          "type": "mandatory"
        }
      ],
      "target": {
        "overs": 20,
        "runs": 163
      }
    }
  ]
}