{
  "meta": {
    "data_version": "1.1.0",
    "created": "2022-04-03",
    "revision": 1
  },
  "info": {
    "balls_per_over": 6,
    "city": "Bloemfontein",
    "dates": [
      "2013-03-26"
    ],
    "event": {
      "name": "Ram Slam T20 Challenge"
    },
    "gender": "male",
    "match_type": "T20",
    "officials": {
      "match_referees": [
        "CJ Mitchley"
      ],
      "reserve_umpires": [
        "BDA Westraadt"
      ],
      "tv_umpires": [
        "DJ Smith"
      ],
      "umpires": [
        "AT Holdstock",
        "JD Cloete"
      ]
    },
    "outcome": {
      "winner": "Titans",
      "by": {
        "wickets": 8
      }
    },
    "overs": 20,
    "player_of_match": [
      "SB Styris",
      "M Morkel"
    ],
    "players": {
      "Knights": [
        "MN Erlank",
        "RR Rossouw",
        "D Elgar",
        "PJ van Biljon",
        "AJ Pienaar",
        "R McLaren",
        "JJ van der Wath",
        "GL Cloete",
        "N Boje",
        "SC van Schalkwyk",
        "MP Siboto"
      ],
      "Titans": [
        "H Davids",
        "HG Kuhn",
        "RE van der Merwe",
        "SB Styris",
        "D Wiese",
        "ER Links",
        "M Mosehle",
        "F Behardien",
        "AC Thomas",
        "M Morkel",
        "JA Morkel"
      ]
    },
    "registry": {
      "people": {
        "AC Thomas": "b552a935",
        "AJ Pienaar": "647a48da",
        "AT Holdstock": "6fa3258c",
        "BDA Westraadt": "d7327068",
        "CJ Mitchley": "7f4f18e3",
        "D Elgar": "33085ffb",
        "D Wiese": "aa8d28ae",
        "DJ Smith": "d17bec15",
        "ER Links": "994d9d36",
        "F Behardien": "dce2019b",
        "GL Cloete": "3bf40832",
        "H Davids": "9c9f8dbc",
        "HG Kuhn": "ede05b97",
        "JA Morkel": "c3d35165",
        "JD Cloete": "b0419f8c",
        "JJ van der Wath": "6821ac10",
        "M Morkel": "5bb5a915",
        "M Mosehle": "8836fcac",
        "MN Erlank": "704af8eb",
        "MP Siboto": "9d50c7e1",
        "N Boje": "6a0537aa",
        "PJ van Biljon": "4025c262",
        "R McLaren": "c654af19",
        "RE van der Merwe": "05c2ca46",
        "RR Rossouw": "cad00a4d",
        "SB Styris": "57efa3be",
        "SC van Schalkwyk": "97b0e4ff"
      }
    },
    "season": "2012/13",
    "team_type": "club",
    "teams": [
      "Knights",
      "Titans"
    ],
    "toss": {
      "decision": "field",
      "winner": "Titans"
    },
    "venue": "Chevrolet Park, Bloemfontein"
  },
  "innings": [
    {
      "team": "Knights",
      "overs": [
        {
          "over": 0,
          "deliveries": [
            {
              "batter": "MN Erlank",
              "bowler": "ER Links",
              "non_striker": "RR Rossouw",
              "runs": {
                "batter": 1,
                "extras": 0,
                "total": 1
              }
            },
            {
              "batter": "RR Rossouw",
              "bowler": "ER Links",
              "non_striker": "MN Erlank",
              "runs": {
                "batter": 4,
                "extras": 0,
                "total": 4
              }
            },
            {
              "batter": "RR Rossouw",
              "bowler": "ER Links",
              "non_striker": "MN Erlank",
              "runs": {
                "batter": 0,
                "extras": 0,
                "total": 0
              }
            },
            {
              "batter": "RR Rossouw",
              "bowler": "ER Links",
              "non_striker": "MN Erlank",
              "runs": {
                "batter": 1,
                "extras": 0,
                "total": 1
              }
            },
            {
              "batter": "MN Erlank",
              "bowler": "ER Links",
              "non_striker": "RR Rossouw",
              "runs": {
                "batter": 0,
                "extras": 0,
                "total": 0
              }
            },
            {
              "batter": "MN Erlank",
              "bowler": "ER Links",
              "non_striker": "RR Rossouw",
              "runs": {
                "batter": 0,
                "extras": 0,
                "total": 0
              }
            }
          ]
        },
        {
          "over": 1,
          "deliveries": [
            {
              "batter": "RR Rossouw",
              "bowler": "M Morkel",
              "non_striker": "MN Erlank",
              "runs": {
                "batter": 0,
                "extras": 0,
                "total": 0
              }
            },
            {
              "batter": "RR Rossouw",
              "bowler": "M Morkel",
              "non_striker": "MN Erlank",
              "runs": {
                "batter": 0,
                "extras": 0,
                "total": 0
              }
            },
            {
              "batter": "RR Rossouw",
              "bowler": "M Morkel",
              "non_striker": "MN Erlank",
              "runs": {
                "batter": 1,
                "extras": 0,
                "total": 1
              }
            },
            {
              "batter": "MN Erlank",
              "bowler": "M Morkel",
              "non_striker": "RR Rossouw",
              "runs": {
                "batter": 0,
                "extras": 0,
                "total": 0
              }
            },
            {
              "batter": "MN Erlank",
              "bowler": "M Morkel",
              "non_striker": "RR Rossouw",
              "runs": {
                "batter": 0,
                "extras": 0,
                "total": 0
              }
            },
            {
              "batter": "MN Erlank",
              "bowler": "M Morkel",
              "non_striker": "RR Rossouw",
              "runs": {
                "batter": 0,
                "extras": 0,
                "total": 0
              },
              "wickets": [
                {
                  "player_out": "MN Erlank",
                  "fielders": [
                    {
                      "name": "H Davids"
                    }
                  ],
                  "kind": "caught"
                }
              ]
            }
          ]
        },
        {
          "over": 2,
          "deliveries": [
            {
              "batter": "D Elgar",
              "bowler": "ER Links",
              "non_striker": "RR Rossouw",
              "runs": {
                "batter": 0,
                "extras": 0,
                "total": 0
              }
            },
            {
              "batter": "D Elgar",
              "bowler": "ER Links",
              "non_striker": "RR Rossouw",
              "runs": {
                "batter": 0,
                "extras": 0,
                "total": 0
              }
            },
            {
              "batter": "D Elgar",
              "bowler": "ER Links",
              "non_striker": "RR Rossouw",
              "runs": {
                "batter": 0,
                "extras": 0,
                "total": 0
              }
            },
            {
              "batter": "D Elgar",
              "bowler": "ER Links",
              "non_striker": "RR Rossouw",
              "runs": {
                "batter": 0,
                "extras": 0,
                "total": 0
              }
            },
            {
              "batter": "D Elgar",
              "bowler": "ER Links",
              "non_striker": "RR Rossouw",
              "runs": {
                "batter": 0,
                "extras": 0,
                "total": 0
              }
            },
            {
              "batter": "D Elgar",
              "bowler": "ER Links",
              "non_striker": "RR Rossouw",
              "runs": {
                "batter": 0,
                "extras": 0,
                "total": 0
              }
            }
          ]
        },
        {
          "over": 3,
          "deliveries": [
            {
              "batter": "RR Rossouw",
              "bowler": "M Morkel",
              "non_striker": "D Elgar",
              "runs": {
                "batter": 0,
                "extras": 0,
                "total": 0
              },
              "wickets": [
                {
                  "player_out": "RR Rossouw",
                  "fielders": [
                    {
                      "name": "HG Kuhn"
                    }
                  ],
                  "kind": "caught"
                }
              ]
            },
            {
              "batter": "PJ van Biljon",
              "bowler": "M Morkel",
              "non_striker": "D Elgar",
              "runs": {
                "batter": 0,
                "extras": 0,
                "total": 0
              }
            },
            {
              "batter": "PJ van Biljon",
              "bowler": "M Morkel",
              "non_striker": "D Elgar",
              "runs": {
                "batter": 1,
                "extras": 0,
                "total": 1
              }
            },
            {
              "batter": "D Elgar",
              "bowler": "M Morkel",
              "non_striker": "PJ van Biljon",
              "runs": {
                "batter": 0,
                "extras": 0,
                "total": 0
              }
            },
            {
              "batter": "D Elgar",
              "bowler": "M Morkel",
              "non_striker": "PJ van Biljon",
              "runs": {
                "batter": 0,
                "extras": 0,
                "total": 0
              }
            },
            {
              "batter": "D Elgar",
              "bowler": "M Morkel",
              "extras": {
                "wides": 1
              },
              "non_striker": "PJ van Biljon",
              "runs": {
                "batter": 0,
                "extras": 1,
                "total": 1
              }
            },
            {
              "batter": "D Elgar",
              "bowler": "M Morkel",
              "non_striker": "PJ van Biljon",
              "runs": {
                "batter": 4,
                "extras": 0,
                "total": 4
              }
            }
          ]
        },
        {
          "over": 4,
          "deliveries": [
            {
              "batter": "PJ van Biljon",
              "bowler": "AC Thomas",
              "non_striker": "D Elgar",
              "runs": {
                "batter": 0,
                "extras": 0,
                "total": 0
              }
            },
            {
              "batter": "PJ van Biljon",
              "bowler": "AC Thomas",
              "non_striker": "D Elgar",
              "runs": {
                "batter": 0,
                "extras": 0,
                "total": 0
              }
            },
            {
              "batter": "PJ van Biljon",
              "bowler": "AC Thomas",
              "non_striker": "D Elgar",
              "runs": {
                "batter": 0,
                "extras": 0,
                "total": 0
              }
            },
            {
              "batter": "PJ van Biljon",
              "bowler": "AC Thomas",
              "non_striker": "D Elgar",
              "runs": {
                "batter": 0,
                "extras": 0,
                "total": 0
              }
            },
            {
              "batter": "PJ van Biljon",
              "bowler": "AC Thomas",
              "non_striker": "D Elgar",
              "runs": {
                "batter": 1,
                "extras": 0,
                "total": 1
              }
            },
            {
              "batter": "D Elgar",
              "bowler": "AC Thomas",
              "non_striker": "PJ van Biljon",
              "runs": {
                "batter": 0,
                "extras": 0,
                "total": 0
              }
            }
          ]
        },
        {
          "over": 5,
          "deliveries": [
            {
              "batter": "PJ van Biljon",
              "bowler": "JA Morkel",
              "non_striker": "D Elgar",
              "runs": {
                "batter": 0,
                "extras": 0,
                "total": 0
              }
            },
            {
              "batter": "PJ van Biljon",
              "bowler": "JA Morkel",
              "non_striker": "D Elgar",
              "runs": {
                "batter": 2,
                "extras": 0,
                "total": 2
              }
            },
            {
              "batter": "PJ van Biljon",
              "bowler": "JA Morkel",
              "non_striker": "D Elgar",
              "runs": {
                "batter": 1,
                "extras": 0,
                "total": 1
              }
            },
            {
              "batter": "D Elgar",
              "bowler": "JA Morkel",
              "non_striker": "PJ van Biljon",
              "runs": {
                "batter": 1,
                "extras": 0,
                "total": 1
              }
            },
            {
              "batter": "PJ van Biljon",
              "bowler": "JA Morkel",
              "non_striker": "D Elgar",
              "runs": {
                "batter": 0,
                "extras": 0,
                "total": 0
              }
            },
            {
              "batter": "PJ van Biljon",
              "bowler": "JA Morkel",
              "non_striker": "D Elgar",
              "runs": {
                "batter": 0,
                "extras": 0,
                "total": 0
              }
            }
          ]
        },
        {
          "over": 6,
          "deliveries": [
            {
              "batter": "D Elgar",
              "bowler": "AC Thomas",
              "non_striker": "PJ van Biljon",
              "runs": {
                "batter": 0,
                "extras": 0,
                "total": 0
              }
            },
            {
              "batter": "D Elgar",
              "bowler": "AC Thomas",
              "non_striker": "PJ van Biljon",
              "runs": {
                "batter": 0,
                "extras": 0,
                "total": 0
              }
            },
            {
              "batter": "D Elgar",
              "bowler": "AC Thomas",
              "extras": {
                "legbyes": 4
              },
              "non_striker": "PJ van Biljon",
              "runs": {
                "batter": 0,
                "extras": 4,
                "total": 4
              }
            },
            {
              "batter": "D Elgar",
              "bowler": "AC Thomas",
              "non_striker": "PJ van Biljon",
              "runs": {
                "batter": 0,
                "extras": 0,
                "total": 0
              }
            },
            {
              "batter": "D Elgar",
              "bowler": "AC Thomas",
              "non_striker": "PJ van Biljon",
              "runs": {
                "batter": 0,
                "extras": 0,
                "total": 0
              }
            },
            {
              "batter": "D Elgar",
              "bowler": "AC Thomas",
              "non_striker": "PJ van Biljon",
              "runs": {
                "batter": 0,
                "extras": 0,
                "total": 0
              }
            }
          ]
        },
        {
          "over": 7,
          "deliveries": [
            {
              "batter": "PJ van Biljon",
              "bowler": "JA Morkel",
              "non_striker": "D Elgar",
              "runs": {
                "batter": 1,
                "extras": 0,
                "total": 1
              }
            },
            {
              "batter": "D Elgar",
              "bowler": "JA Morkel",
              "non_striker": "PJ van Biljon",
              "runs": {
                "batter": 0,
                "extras": 0,
                "total": 0
              }
            },
            {
              "batter": "D Elgar",
              "bowler": "JA Morkel",
              "non_striker": "PJ van Biljon",
              "runs": {
                "batter": 1,
                "extras": 0,
                "total": 1
              }
            },
            {
              "batter": "PJ van Biljon",
              "bowler": "JA Morkel",
              "non_striker": "D Elgar",
              "runs": {
                "batter": 4,
                "extras": 0,
                "total": 4
              }
            },
            {
              "batter": "PJ van Biljon",
              "bowler": "JA Morkel",
              "non_striker": "D Elgar",
              "runs": {
                "batter": 0,
                "extras": 0,
                "total": 0
              }
            },
            {
              "batter": "PJ van Biljon",
              "bowler": "JA Morkel",
              "non_striker": "D Elgar",
              "runs": {
                "batter": 1,
                "extras": 0,
                "total": 1
              }
            }
          ]
        },
        {
          "over": 8,
          "deliveries": [
            {
              "batter": "PJ van Biljon",
              "bowler": "SB Styris",
              "non_striker": "D Elgar",
              "runs": {
                "batter": 1,
                "extras": 0,
                "total": 1
              }
            },
            {
              "batter": "D Elgar",
              "bowler": "SB Styris",
              "non_striker": "PJ van Biljon",
              "runs": {
                "batter": 1,
                "extras": 0,
                "total": 1
              }
            },
            {
              "batter": "PJ van Biljon",
              "bowler": "SB Styris",
              "non_striker": "D Elgar",
              "runs": {
                "batter": 1,
                "extras": 0,
                "total": 1
              }
            },
            {
              "batter": "D Elgar",
              "bowler": "SB Styris",
              "non_striker": "PJ van Biljon",
              "runs": {
                "batter": 2,
                "extras": 0,
                "total": 2
              }
            },
            {
              "batter": "D Elgar",
              "bowler": "SB Styris",
              "non_striker": "PJ van Biljon",
              "runs": {
                "batter": 1,
                "extras": 0,
                "total": 1
              }
            },
            {
              "batter": "PJ van Biljon",
              "bowler": "SB Styris",
              "extras": {
                "legbyes": 1
              },
              "non_striker": "D Elgar",
              "runs": {
                "batter": 0,
                "extras": 1,
                "total": 1
              }
            }
          ]
        },
        {
          "over": 9,
          "deliveries": [
            {
              "batter": "PJ van Biljon",
              "bowler": "ER Links",
              "non_striker": "D Elgar",
              "runs": {
                "batter": 0,
                "extras": 0,
                "total": 0
              }
            },
            {
              "batter": "PJ van Biljon",
              "bowler": "ER Links",
              "non_striker": "D Elgar",
              "runs": {
                "batter": 2,
                "extras": 0,
                "total": 2
              }
            },
            {
              "batter": "PJ van Biljon",
              "bowler": "ER Links",
              "non_striker": "D Elgar",
              "runs": {
                "batter": 4,
                "extras": 0,
                "total": 4
              }
            },
            {
              "batter": "PJ van Biljon",
              "bowler": "ER Links",
              "non_striker": "D Elgar",
              "runs": {
                "batter": 0,
                "extras": 0,
                "total": 0
              }
            },
            {
              "batter": "PJ van Biljon",
              "bowler": "ER Links",
              "non_striker": "D Elgar",
              "runs": {
                "batter": 2,
                "extras": 0,
                "total": 2
              }
            },
            {
              "batter": "PJ van Biljon",
              "bowler": "ER Links",
              "non_striker": "D Elgar",
              "runs": {
                "batter": 2,
                "extras": 0,
                "total": 2
              }
            }
          ]
        },
        {
          "over": 10,
          "deliveries": [
            {
              "batter": "D Elgar",
              "bowler": "RE van der Merwe",
              "non_striker": "PJ van Biljon",
              "runs": {
                "batter": 1,
                "extras": 0,
                "total": 1
              }
            },
            {
              "batter": "PJ van Biljon",
              "bowler": "RE van der Merwe",
              "non_striker": "D Elgar",
              "runs": {
                "batter": 1,
                "extras": 0,
                "total": 1
              }
            },
            {
              "batter": "D Elgar",
              "bowler": "RE van der Merwe",
              "non_striker": "PJ van Biljon",
              "runs": {
                "batter": 1,
                "extras": 0,
                "total": 1
              }
            },
            {
              "batter": "PJ van Biljon",
              "bowler": "RE van der Merwe",
              "non_striker": "D Elgar",
              "runs": {
                "batter": 1,
                "extras": 0,
                "total": 1
              }
            },
            {
              "batter": "D Elgar",
              "bowler": "RE van der Merwe",
              "non_striker": "PJ van Biljon",
              "runs": {
                "batter": 1,
                "extras": 0,
                "total": 1
              }
            },
            {
              "batter": "PJ van Biljon",
              "bowler": "RE van der Merwe",
              "non_striker": "D Elgar",
              "runs": {
                "batter": 1,
                "extras": 0,
                "total": 1
              }
            }
          ]
        },
        {
          "over": 11,
          "deliveries": [
            {
              "batter": "PJ van Biljon",
              "bowler": "H Davids",
              "non_striker": "D Elgar",
              "runs": {
                "batter": 0,
                "extras": 0,
                "total": 0
              },
              "wickets": [
                {
                  "player_out": "PJ van Biljon",
                  "fielders": [
                    {
                      "name": "RE van der Merwe"
                    }
                  ],
                  "kind": "caught"
                }
              ]
            },
            {
              "batter": "AJ Pienaar",
              "bowler": "H Davids",
              "non_striker": "D Elgar",
              "runs": {
                "batter": 1,
                "extras": 0,
                "total": 1
              }
            },
            {
              "batter": "D Elgar",
              "bowler": "H Davids",
              "non_striker": "AJ Pienaar",
              "runs": {
                "batter": 2,
                "extras": 0,
                "total": 2
              }
            },
            {
              "batter": "D Elgar",
              "bowler": "H Davids",
              "non_striker": "AJ Pienaar",
              "runs": {
                "batter": 2,
                "extras": 0,
                "total": 2
              }
            },
            {
              "batter": "D Elgar",
              "bowler": "H Davids",
              "non_striker": "AJ Pienaar",
              "runs": {
                "batter": 2,
                "extras": 0,
                "total": 2
              }
            },
            {
              "batter": "D Elgar",
              "bowler": "H Davids",
              "non_striker": "AJ Pienaar",
              "runs": {
                "batter": 0,
                "extras": 0,
                "total": 0
              }
            }
          ]
        },
        {
          "over": 12,
          "deliveries": [
            {
              "batter": "AJ Pienaar",
              "bowler": "RE van der Merwe",
              "non_striker": "D Elgar",
              "runs": {
                "batter": 2,
                "extras": 0,
                "total": 2
              }
            },
            {
              "batter": "AJ Pienaar",
              "bowler": "RE van der Merwe",
              "non_striker": "D Elgar",
              "runs": {
                "batter": 1,
                "extras": 0,
                "total": 1
              }
            },
            {
              "batter": "D Elgar",
              "bowler": "RE van der Merwe",
              "non_striker": "AJ Pienaar",
              "runs": {
                "batter": 2,
                "extras": 0,
                "total": 2
              }
            },
            {
              "batter": "D Elgar",
              "bowler": "RE van der Merwe",
              "non_striker": "AJ Pienaar",
              "runs": {
                "batter": 2,
                "extras": 0,
                "total": 2
              }
            },
            {
              "batter": "D Elgar",
              "bowler": "RE van der Merwe",
              "non_striker": "AJ Pienaar",
              "runs": {
                "batter": 0,
                "extras": 0,
                "total": 0
              }
            },
            {
              "batter": "D Elgar",
              "bowler": "RE van der Merwe",
              "non_striker": "AJ Pienaar",
              "runs": {
                "batter": 0,
                "extras": 0,
                "total": 0
              },
              "wickets": [
                {
                  "player_out": "D Elgar",
                  "kind": "caught and bowled"
                }
              ]
            }
          ]
        },
        {
          "over": 13,
          "deliveries": [
            {
              "batter": "R McLaren",
              "bowler": "SB Styris",
              "non_striker": "AJ Pienaar",
              "runs": {
                "batter": 1,
                "extras": 0,
                "total": 1
              }
            },
            {
              "batter": "AJ Pienaar",
              "bowler": "SB Styris",
              "non_striker": "R McLaren",
              "runs": {
                "batter": 2,
                "extras": 0,
                "total": 2
              }
            },
            {
              "batter": "AJ Pienaar",
              "bowler": "SB Styris",
              "non_striker": "R McLaren",
              "runs": {
                "batter": 1,
                "extras": 0,
                "total": 1
              }
            },
            {
              "batter": "R McLaren",
              "bowler": "SB Styris",
              "non_striker": "AJ Pienaar",
              "runs": {
                "batter": 0,
                "extras": 0,
                "total": 0
              }
            },
            {
              "batter": "R McLaren",
              "bowler": "SB Styris",
              "non_striker": "AJ Pienaar",
              "runs": {
                "batter": 1,
                "extras": 0,
                "total": 1
              }
            },
            {
              "batter": "AJ Pienaar",
              "bowler": "SB Styris",
              "non_striker": "R McLaren",
              "runs": {
                "batter": 1,
                "extras": 0,
                "total": 1
              }
            }
          ]
        },
        {
          "over": 14,
          "deliveries": [
            {
              "batter": "AJ Pienaar",
              "bowler": "RE van der Merwe",
              "non_striker": "R McLaren",
              "runs": {
                "batter": 1,
                "extras": 0,
                "total": 1
              }
            },
            {
              "batter": "R McLaren",
              "bowler": "RE van der Merwe",
              "extras": {
                "wides": 1
              },
              "non_striker": "AJ Pienaar",
              "runs": {
                "batter": 0,
                "extras": 1,
                "total": 1
              }
            },
            {
              "batter": "R McLaren",
              "bowler": "RE van der Merwe",
              "non_striker": "AJ Pienaar",
              "runs": {
                "batter": 1,
                "extras": 0,
                "total": 1
              }
            },
            {
              "batter": "AJ Pienaar",
              "bowler": "RE van der Merwe",
              "non_striker": "R McLaren",
              "runs": {
                "batter": 4,
                "extras": 0,
                "total": 4
              }
            },
            {
              "batter": "AJ Pienaar",
              "bowler": "RE van der Merwe",
              "extras": {
                "wides": 1
              },
              "non_striker": "R McLaren",
              "runs": {
                "batter": 0,
                "extras": 1,
                "total": 1
              }
            },
            {
              "batter": "AJ Pienaar",
              "bowler": "RE van der Merwe",
              "non_striker": "R McLaren",
              "runs": {
                "batter": 0,
                "extras": 0,
                "total": 0
              }
            },
            {
              "batter": "AJ Pienaar",
              "bowler": "RE van der Merwe",
              "non_striker": "R McLaren",
              "runs": {
                "batter": 1,
                "extras": 0,
                "total": 1
              }
            },
            {
              "batter": "R McLaren",
              "bowler": "RE van der Merwe",
              "non_striker": "AJ Pienaar",
              "runs": {
                "batter": 1,
                "extras": 0,
                "total": 1
              }
            }
          ]
        },
        {
          "over": 15,
          "deliveries": [
            {
              "batter": "R McLaren",
              "bowler": "JA Morkel",
              "non_striker": "AJ Pienaar",
              "runs": {
                "batter": 1,
                "extras": 0,
                "total": 1
              }
            },
            {
              "batter": "AJ Pienaar",
              "bowler": "JA Morkel",
              "non_striker": "R McLaren",
              "runs": {
                "batter": 1,
                "extras": 0,
                "total": 1
              }
            },
            {
              "batter": "R McLaren",
              "bowler": "JA Morkel",
              "non_striker": "AJ Pienaar",
              "runs": {
                "batter": 1,
                "extras": 0,
                "total": 1
              }
            },
            {
              "batter": "AJ Pienaar",
              "bowler": "JA Morkel",
              "non_striker": "R McLaren",
              "runs": {
                "batter": 6,
                "extras": 0,
                "non_boundary": true,
                "total": 6
              }
            },
            {
              "batter": "AJ Pienaar",
              "bowler": "JA Morkel",
              "non_striker": "R McLaren",
              "runs": {
                "batter": 4,
                "extras": 0,
                "total": 4
              }
            },
            {
              "batter": "AJ Pienaar",
              "bowler": "JA Morkel",
              "non_striker": "R McLaren",
              "runs": {
                "batter": 1,
                "extras": 0,
                "total": 1
              }
            }
          ]
        },
        {
          "over": 16,
          "deliveries": [
            {
              "batter": "AJ Pienaar",
              "bowler": "M Morkel",
              "non_striker": "R McLaren",
              "runs": {
                "batter": 3,
                "extras": 0,
                "total": 3
              }
            },
            {
              "batter": "R McLaren",
              "bowler": "M Morkel",
              "non_striker": "AJ Pienaar",
              "runs": {
                "batter": 2,
                "extras": 0,
                "total": 2
              }
            },
            {
              "batter": "R McLaren",
              "bowler": "M Morkel",
              "non_striker": "AJ Pienaar",
              "runs": {
                "batter": 0,
                "extras": 0,
                "total": 0
              }
            },
            {
              "batter": "R McLaren",
              "bowler": "M Morkel",
              "non_striker": "AJ Pienaar",
              "runs": {
                "batter": 0,
                "extras": 0,
                "total": 0
              }
            },
            {
              "batter": "R McLaren",
              "bowler": "M Morkel",
              "non_striker": "AJ Pienaar",
              "runs": {
                "batter": 0,
                "extras": 0,
                "total": 0
              },
              "wickets": [
                {
                  "player_out": "R McLaren",
                  "fielders": [
                    {
                      "name": "M Mosehle"
                    }
                  ],
                  "kind": "caught"
                }
              ]
            },
            {
              "batter": "AJ Pienaar",
              "bowler": "M Morkel",
              "non_striker": "JJ van der Wath",
              "runs": {
                "batter": 2,
                "extras": 0,
                "total": 2
              }
            }
          ]
        },
        {
          "over": 17,
          "deliveries": [
            {
              "batter": "JJ van der Wath",
              "bowler": "AC Thomas",
              "non_striker": "AJ Pienaar",
              "runs": {
                "batter": 1,
                "extras": 0,
                "total": 1
              },
              "wickets": [
                {
                  "player_out": "AJ Pienaar",
                  "fielders": [
                    {
                      "name": "D Wiese"
                    }
                  ],
                  "kind": "run out"
                }
              ]
            },
            {
              "batter": "JJ van der Wath",
              "bowler": "AC Thomas",
              "extras": {
                "wides": 1
              },
              "non_striker": "GL Cloete",
              "runs": {
                "batter": 0,
                "extras": 1,
                "total": 1
              }
            },
            {
              "batter": "JJ van der Wath",
              "bowler": "AC Thomas",
              "non_striker": "GL Cloete",
              "runs": {
                "batter": 1,
                "extras": 0,
                "total": 1
              }
            },
            {
              "batter": "GL Cloete",
              "bowler": "AC Thomas",
              "non_striker": "JJ van der Wath",
              "runs": {
                "batter": 2,
                "extras": 0,
                "total": 2
              }
            },
            {
              "batter": "GL Cloete",
              "bowler": "AC Thomas",
              "non_striker": "JJ van der Wath",
              "runs": {
                "batter": 1,
                "extras": 0,
                "total": 1
              }
            },
            {
              "batter": "JJ van der Wath",
              "bowler": "AC Thomas",
              "non_striker": "GL Cloete",
              "runs": {
                "batter": 1,
                "extras": 0,
                "total": 1
              }
            },
            {
              "batter": "GL Cloete",
              "bowler": "AC Thomas",
              "non_striker": "JJ van der Wath",
              "runs": {
                "batter": 2,
                "extras": 0,
                "total": 2
              }
            }
          ]
        },
        {
          "over": 18,
          "deliveries": [
            {
              "batter": "JJ van der Wath",
              "bowler": "M Morkel",
              "non_striker": "GL Cloete",
              "runs": {
                "batter": 2,
                "extras": 0,
                "total": 2
              }
            },
            {
              "batter": "JJ van der Wath",
              "bowler": "M Morkel",
              "non_striker": "GL Cloete",
              "runs": {
                "batter": 1,
                "extras": 0,
                "total": 1
              }
            },
            {
              "batter": "GL Cloete",
              "bowler": "M Morkel",
              "non_striker": "JJ van der Wath",
              "runs": {
                "batter": 0,
                "extras": 0,
                "total": 0
              },
              "wickets": [
                {
                  "player_out": "GL Cloete",
                  "fielders": [
                    {
                      "name": "JA Morkel"
                    }
                  ],
                  "kind": "caught"
                }
              ]
            },
            {
              "batter": "JJ van der Wath",
              "bowler": "M Morkel",
              "non_striker": "N Boje",
              "runs": {
                "batter": 1,
                "extras": 0,
                "total": 1
              }
            },
            {
              "batter": "N Boje",
              "bowler": "M Morkel",
              "non_striker": "JJ van der Wath",
              "runs": {
                "batter": 1,
                "extras": 0,
                "total": 1
              }
            },
            {
              "batter": "JJ van der Wath",
              "bowler": "M Morkel",
              "extras": {
                "legbyes": 1
              },
              "non_striker": "N Boje",
              "runs": {
                "batter": 0,
                "extras": 1,
                "total": 1
              }
            }
          ]
        },
        {
          "over": 19,
          "deliveries": [
            {
              "batter": "JJ van der Wath",
              "bowler": "AC Thomas",
              "non_striker": "N Boje",
              "runs": {
                "batter": 2,
                "extras": 0,
                "total": 2
              }
            },
            {
              "batter": "JJ van der Wath",
              "bowler": "AC Thomas",
              "non_striker": "N Boje",
              "runs": {
                "batter": 2,
                "extras": 0,
                "total": 2
              }
            },
            {
              "batter": "JJ van der Wath",
              "bowler": "AC Thomas",
              "non_striker": "N Boje",
              "runs": {
                "batter": 4,
                "extras": 0,
                "total": 4
              }
            },
            {
              "batter": "JJ van der Wath",
              "bowler": "AC Thomas",
              "non_striker": "N Boje",
              "runs": {
                "batter": 4,
                "extras": 0,
                "total": 4
              }
            },
            {
              "batter": "JJ van der Wath",
              "bowler": "AC Thomas",
              "extras": {
                "legbyes": 1
              },
              "non_striker": "N Boje",
              "runs": {
                "batter": 0,
                "extras": 1,
                "total": 1
              }
            },
            {
              "batter": "N Boje",
              "bowler": "AC Thomas",
              "non_striker": "JJ van der Wath",
              "runs": {
                "batter": 1,
                "extras": 0,
                "total": 1
              }
            }
          ]
        }
      ],
      "powerplays": [
        {
          "from": 0.1,
          "to": 5.6,
          "type": "mandatory"
        }
      ]
    },
    {
      "team": "Titans",
      "overs": [
        {
          "over": 0,
          "deliveries": [
            {
              "batter": "H Davids",
              "bowler": "JJ van der Wath",
              "non_striker": "HG Kuhn",
              "runs": {
                "batter": 1,
                "extras": 0,
                "total": 1
              }
            },
            {
              "batter": "HG Kuhn",
              "bowler": "JJ van der Wath",
              "non_striker": "H Davids",
              "runs": {
                "batter": 0,
                "extras": 0,
                "total": 0
              }
            },
            {
              "batter": "HG Kuhn",
              "bowler": "JJ van der Wath",
              "non_striker": "H Davids",
              "runs": {
                "batter": 1,
                "extras": 0,
                "total": 1
              }
            },
            {
              "batter": "H Davids",
              "bowler": "JJ van der Wath",
              "non_striker": "HG Kuhn",
              "runs": {
                "batter": 1,
                "extras": 0,
                "total": 1
              }
            },
            {
              "batter": "HG Kuhn",
              "bowler": "JJ van der Wath",
              "non_striker": "H Davids",
              "runs": {
                "batter": 4,
                "extras": 0,
                "total": 4
              }
            },
            {
              "batter": "HG Kuhn",
              "bowler": "JJ van der Wath",
              "non_striker": "H Davids",
              "runs": {
                "batter": 0,
                "extras": 0,
                "total": 0
              }
            }
          ]
        },
        {
          "over": 1,
          "deliveries": [
            {
              "batter": "H Davids",
              "bowler": "R McLaren",
              "non_striker": "HG Kuhn",
              "runs": {
                "batter": 2,
                "extras": 0,
                "total": 2
              }
            },
            {
              "batter": "H Davids",
              "bowler": "R McLaren",
              "non_striker": "HG Kuhn",
              "runs": {
                "batter": 0,
                "extras": 0,
                "total": 0
              },
              "wickets": [
                {
                  "player_out": "H Davids",
                  "fielders": [
                    {
                      "name": "SC van Schalkwyk"
                    }
                  ],
                  "kind": "caught"
                }
              ]
            },
            {
              "batter": "HG Kuhn",
              "bowler": "R McLaren",
              "non_striker": "RE van der Merwe",
              "runs": {
                "batter": 0,
                "extras": 0,
                "total": 0
              }
            },
            {
              "batter": "HG Kuhn",
              "bowler": "R McLaren",
              "non_striker": "RE van der Merwe",
              "runs": {
                "batter": 4,
                "extras": 0,
                "total": 4
              }
            },
            {
              "batter": "HG Kuhn",
              "bowler": "R McLaren",
              "non_striker": "RE van der Merwe",
              "runs": {
                "batter": 1,
                "extras": 0,
                "total": 1
              }
            },
            {
              "batter": "RE van der Merwe",
              "bowler": "R McLaren",
              "non_striker": "HG Kuhn",
              "runs": {
                "batter": 1,
                "extras": 0,
                "total": 1
              }
            }
          ]
        },
        {
          "over": 2,
          "deliveries": [
            {
              "batter": "RE van der Merwe",
              "bowler": "JJ van der Wath",
              "non_striker": "HG Kuhn",
              "runs": {
                "batter": 0,
                "extras": 0,
                "total": 0
              }
            },
            {
              "batter": "RE van der Merwe",
              "bowler": "JJ van der Wath",
              "non_striker": "HG Kuhn",
              "runs": {
                "batter": 1,
                "extras": 0,
                "total": 1
              }
            },
            {
              "batter": "HG Kuhn",
              "bowler": "JJ van der Wath",
              "non_striker": "RE van der Merwe",
              "runs": {
                "batter": 4,
                "extras": 0,
                "total": 4
              }
            },
            {
              "batter": "HG Kuhn",
              "bowler": "JJ van der Wath",
              "non_striker": "RE van der Merwe",
              "runs": {
                "batter": 0,
                "extras": 0,
                "total": 0
              }
            },
            {
              "batter": "HG Kuhn",
              "bowler": "JJ van der Wath",
              "non_striker": "RE van der Merwe",
              "runs": {
                "batter": 2,
                "extras": 0,
                "total": 2
              }
            },
            {
              "batter": "HG Kuhn",
              "bowler": "JJ van der Wath",
              "non_striker": "RE van der Merwe",
              "runs": {
                "batter": 2,
                "extras": 0,
                "total": 2
              }
            }
          ]
        },
        {
          "over": 3,
          "deliveries": [
            {
              "batter": "RE van der Merwe",
              "bowler": "R McLaren",
              "non_striker": "HG Kuhn",
              "runs": {
                "batter": 0,
                "extras": 0,
                "total": 0
              }
            },
            {
              "batter": "RE van der Merwe",
              "bowler": "R McLaren",
              "non_striker": "HG Kuhn",
              "runs": {
                "batter": 2,
                "extras": 0,
                "total": 2
              }
            },
            {
              "batter": "RE van der Merwe",
              "bowler": "R McLaren",
              "non_striker": "HG Kuhn",
              "runs": {
                "batter": 0,
                "extras": 0,
                "total": 0
              }
            },
            {
              "batter": "RE van der Merwe",
              "bowler": "R McLaren",
              "non_striker": "HG Kuhn",
              "runs": {
                "batter": 0,
                "extras": 0,
                "total": 0
              }
            },
            {
              "batter": "RE van der Merwe",
              "bowler": "R McLaren",
              "non_striker": "HG Kuhn",
              "runs": {
                "batter": 0,
                "extras": 0,
                "total": 0
              }
            },
            {
              "batter": "RE van der Merwe",
              "bowler": "R McLaren",
              "non_striker": "HG Kuhn",
              "runs": {
                "batter": 3,
                "extras": 0,
                "total": 3
              }
            }
          ]
        },
        {
          "over": 4,
          "deliveries": [
            {
              "batter": "RE van der Merwe",
              "bowler": "MP Siboto",
              "non_striker": "HG Kuhn",
              "runs": {
                "batter": 0,
                "extras": 0,
                "total": 0
              }
            },
            {
              "batter": "RE van der Merwe",
              "bowler": "MP Siboto",
              "non_striker": "HG Kuhn",
              "runs": {
                "batter": 2,
                "extras": 0,
                "total": 2
              }
            },
            {
              "batter": "RE van der Merwe",
              "bowler": "MP Siboto",
              "non_striker": "HG Kuhn",
              "runs": {
                "batter": 4,
                "extras": 0,
                "total": 4
              }
            },
            {
              "batter": "RE van der Merwe",
              "bowler": "MP Siboto",
              "non_striker": "HG Kuhn",
              "runs": {
                "batter": 1,
                "extras": 0,
                "total": 1
              }
            },
            {
              "batter": "HG Kuhn",
              "bowler": "MP Siboto",
              "non_striker": "RE van der Merwe",
              "runs": {
                "batter": 1,
                "extras": 0,
                "total": 1
              }
            },
            {
              "batter": "RE van der Merwe",
              "bowler": "MP Siboto",
              "non_striker": "HG Kuhn",
              "runs": {
                "batter": 0,
                "extras": 0,
                "total": 0
              }
            }
          ]
        },
        {
          "over": 5,
          "deliveries": [
            {
              "batter": "HG Kuhn",
              "bowler": "R McLaren",
              "non_striker": "RE van der Merwe",
              "runs": {
                "batter": 4,
                "extras": 0,
                "total": 4
              }
            },
            {
              "batter": "HG Kuhn",
              "bowler": "R McLaren",
              "non_striker": "RE van der Merwe",
              "runs": {
                "batter": 0,
                "extras": 0,
                "total": 0
              }
            },
            {
              "batter": "HG Kuhn",
              "bowler": "R McLaren",
              "non_striker": "RE van der Merwe",
              "runs": {
                "batter": 4,
                "extras": 0,
                "total": 4
              }
            },
            {
              "batter": "HG Kuhn",
              "bowler": "R McLaren",
              "non_striker": "RE van der Merwe",
              "runs": {
                "batter": 0,
                "extras": 0,
                "total": 0
              }
            },
            {
              "batter": "HG Kuhn",
              "bowler": "R McLaren",
              "non_striker": "RE van der Merwe",
              "runs": {
                "batter": 0,
                "extras": 0,
                "total": 0
              }
            },
            {
              "batter": "HG Kuhn",
              "bowler": "R McLaren",
              "non_striker": "RE van der Merwe",
              "runs": {
                "batter": 0,
                "extras": 0,
                "total": 0
              }
            }
          ]
        },
        {
          "over": 6,
          "deliveries": [
            {
              "batter": "RE van der Merwe",
              "bowler": "N Boje",
              "non_striker": "HG Kuhn",
              "runs": {
                "batter": 1,
                "extras": 0,
                "total": 1
              }
            },
            {
              "batter": "HG Kuhn",
              "bowler": "N Boje",
              "non_striker": "RE van der Merwe",
              "runs": {
                "batter": 0,
                "extras": 0,
                "total": 0
              }
            },
            {
              "batter": "HG Kuhn",
              "bowler": "N Boje",
              "non_striker": "RE van der Merwe",
              "runs": {
                "batter": 0,
                "extras": 0,
                "total": 0
              },
              "wickets": [
                {
                  "player_out": "HG Kuhn",
                  "fielders": [
                    {
                      "name": "GL Cloete"
                    }
                  ],
                  "kind": "caught"
                }
              ]
            },
            {
              "batter": "SB Styris",
              "bowler": "N Boje",
              "non_striker": "RE van der Merwe",
              "runs": {
                "batter": 1,
                "extras": 0,
                "total": 1
              }
            },
            {
              "batter": "RE van der Merwe",
              "bowler": "N Boje",
              "non_striker": "SB Styris",
              "runs": {
                "batter": 0,
                "extras": 0,
                "total": 0
              }
            },
            {
              "batter": "RE van der Merwe",
              "bowler": "N Boje",
              "non_striker": "SB Styris",
              "runs": {
                "batter": 1,
                "extras": 0,
                "total": 1
              }
            }
          ]
        },
        {
          "over": 7,
          "deliveries": [
            {
              "batter": "RE van der Merwe",
              "bowler": "MP Siboto",
              "non_striker": "SB Styris",
              "runs": {
                "batter": 1,
                "extras": 0,
                "total": 1
              }
            },
            {
              "batter": "SB Styris",
              "bowler": "MP Siboto",
              "non_striker": "RE van der Merwe",
              "runs": {
                "batter": 0,
                "extras": 0,
                "total": 0
              }
            },
            {
              "batter": "SB Styris",
              "bowler": "MP Siboto",
              "non_striker": "RE van der Merwe",
              "runs": {
                "batter": 0,
                "extras": 0,
                "total": 0
              }
            },
            {
              "batter": "SB Styris",
              "bowler": "MP Siboto",
              "non_striker": "RE van der Merwe",
              "runs": {
                "batter": 0,
                "extras": 0,
                "total": 0
              }
            },
            {
              "batter": "SB Styris",
              "bowler": "MP Siboto",
              "non_striker": "RE van der Merwe",
              "runs": {
                "batter": 4,
                "extras": 0,
                "total": 4
              }
            },
            {
              "batter": "SB Styris",
              "bowler": "MP Siboto",
              "non_striker": "RE van der Merwe",
              "runs": {
                "batter": 1,
                "extras": 0,
                "total": 1
              }
            }
          ]
        },
        {
          "over": 8,
          "deliveries": [
            {
              "batter": "SB Styris",
              "bowler": "N Boje",
              "non_striker": "RE van der Merwe",
              "runs": {
                "batter": 0,
                "extras": 0,
                "total": 0
              }
            },
            {
              "batter": "SB Styris",
              "bowler": "N Boje",
              "non_striker": "RE van der Merwe",
              "runs": {
                "batter": 0,
                "extras": 0,
                "total": 0
              }
            },
            {
              "batter": "SB Styris",
              "bowler": "N Boje",
              "non_striker": "RE van der Merwe",
              "runs": {
                "batter": 2,
                "extras": 0,
                "total": 2
              }
            },
            {
              "batter": "SB Styris",
              "bowler": "N Boje",
              "non_striker": "RE van der Merwe",
              "runs": {
                "batter": 1,
                "extras": 0,
                "total": 1
              }
            },
            {
              "batter": "RE van der Merwe",
              "bowler": "N Boje",
              "non_striker": "SB Styris",
              "runs": {
                "batter": 1,
                "extras": 0,
                "total": 1
              }
            },
            {
              "batter": "SB Styris",
              "bowler": "N Boje",
              "non_striker": "RE van der Merwe",
              "runs": {
                "batter": 1,
                "extras": 0,
                "total": 1
              }
            }
          ]
        },
        {
          "over": 9,
          "deliveries": [
            {
              "batter": "SB Styris",
              "bowler": "SC van Schalkwyk",
              "non_striker": "RE van der Merwe",
              "runs": {
                "batter": 1,
                "extras": 0,
                "total": 1
              }
            },
            {
              "batter": "RE van der Merwe",
              "bowler": "SC van Schalkwyk",
              "non_striker": "SB Styris",
              "runs": {
                "batter": 0,
                "extras": 0,
                "total": 0
              }
            },
            {
              "batter": "RE van der Merwe",
              "bowler": "SC van Schalkwyk",
              "non_striker": "SB Styris",
              "runs": {
                "batter": 4,
                "extras": 0,
                "total": 4
              }
            },
            {
              "batter": "RE van der Merwe",
              "bowler": "SC van Schalkwyk",
              "non_striker": "SB Styris",
              "runs": {
                "batter": 0,
                "extras": 0,
                "total": 0
              }
            },
            {
              "batter": "RE van der Merwe",
              "bowler": "SC van Schalkwyk",
              "non_striker": "SB Styris",
              "runs": {
                "batter": 0,
                "extras": 0,
                "total": 0
              }
            },
            {
              "batter": "RE van der Merwe",
              "bowler": "SC van Schalkwyk",
              "non_striker": "SB Styris",
              "runs": {
                "batter": 1,
                "extras": 0,
                "total": 1
              }
            }
          ]
        },
        {
          "over": 10,
          "deliveries": [
            {
              "batter": "RE van der Merwe",
              "bowler": "N Boje",
              "non_striker": "SB Styris",
              "runs": {
                "batter": 0,
                "extras": 0,
                "total": 0
              }
            },
            {
              "batter": "RE van der Merwe",
              "bowler": "N Boje",
              "non_striker": "SB Styris",
              "runs": {
                "batter": 0,
                "extras": 0,
                "total": 0
              }
            },
            {
              "batter": "RE van der Merwe",
              "bowler": "N Boje",
              "non_striker": "SB Styris",
              "runs": {
                "batter": 1,
                "extras": 0,
                "total": 1
              }
            },
            {
              "batter": "SB Styris",
              "bowler": "N Boje",
              "non_striker": "RE van der Merwe",
              "runs": {
                "batter": 0,
                "extras": 0,
                "total": 0
              }
            },
            {
              "batter": "SB Styris",
              "bowler": "N Boje",
              "non_striker": "RE van der Merwe",
              "runs": {
                "batter": 2,
                "extras": 0,
                "total": 2
              }
            },
            {
              "batter": "SB Styris",
              "bowler": "N Boje",
              "non_striker": "RE van der Merwe",
              "runs": {
                "batter": 0,
                "extras": 0,
                "total": 0
              }
            }
          ]
        },
        {
          "over": 11,
          "deliveries": [
            {
              "batter": "RE van der Merwe",
              "bowler": "SC van Schalkwyk",
              "non_striker": "SB Styris",
              "runs": {
                "batter": 1,
                "extras": 0,
                "total": 1
              }
            },
            {
              "batter": "SB Styris",
              "bowler": "SC van Schalkwyk",
              "non_striker": "RE van der Merwe",
              "runs": {
                "batter": 2,
                "extras": 0,
                "total": 2
              }
            },
            {
              "batter": "SB Styris",
              "bowler": "SC van Schalkwyk",
              "non_striker": "RE van der Merwe",
              "runs": {
                "batter": 6,
                "extras": 0,
                "total": 6
              }
            },
            {
              "batter": "SB Styris",
              "bowler": "SC van Schalkwyk",
              "non_striker": "RE van der Merwe",
              "runs": {
                "batter": 2,
                "extras": 0,
                "total": 2
              }
            },
            {
              "batter": "SB Styris",
              "bowler": "SC van Schalkwyk",
              "non_striker": "RE van der Merwe",
              "runs": {
                "batter": 1,
                "extras": 0,
                "total": 1
              }
            },
            {
              "batter": "RE van der Merwe",
              "bowler": "SC van Schalkwyk",
              "non_striker": "SB Styris",
              "runs": {
                "batter": 1,
                "extras": 0,
                "total": 1
              }
            }
          ]
        },
        {
          "over": 12,
          "deliveries": [
            {
              "batter": "RE van der Merwe",
              "bowler": "N Boje",
              "non_striker": "SB Styris",
              "runs": {
                "batter": 0,
                "extras": 0,
                "total": 0
              }
            },
            {
              "batter": "RE van der Merwe",
              "bowler": "N Boje",
              "non_striker": "SB Styris",
              "runs": {
                "batter": 1,
                "extras": 0,
                "total": 1
              }
            },
            {
              "batter": "SB Styris",
              "bowler": "N Boje",
              "non_striker": "RE van der Merwe",
              "runs": {
                "batter": 1,
                "extras": 0,
                "total": 1
              }
            },
            {
              "batter": "RE van der Merwe",
              "bowler": "N Boje",
              "non_striker": "SB Styris",
              "runs": {
                "batter": 1,
                "extras": 0,
                "total": 1
              }
            },
            {
              "batter": "SB Styris",
              "bowler": "N Boje",
              "non_striker": "RE van der Merwe",
              "runs": {
                "batter": 1,
                "extras": 0,
                "total": 1
              }
            },
            {
              "batter": "RE van der Merwe",
              "bowler": "N Boje",
              "non_striker": "SB Styris",
              "runs": {
                "batter": 0,
                "extras": 0,
                "total": 0
              }
            }
          ]
        },
        {
          "over": 13,
          "deliveries": [
            {
              "batter": "SB Styris",
              "bowler": "D Elgar",
              "non_striker": "RE van der Merwe",
              "runs": {
                "batter": 0,
                "extras": 0,
                "total": 0
              }
            },
            {
              "batter": "SB Styris",
              "bowler": "D Elgar",
              "non_striker": "RE van der Merwe",
              "runs": {
                "batter": 1,
                "extras": 0,
                "total": 1
              }
            },
            {
              "batter": "RE van der Merwe",
              "bowler": "D Elgar",
              "non_striker": "SB Styris",
              "runs": {
                "batter": 1,
                "extras": 0,
                "total": 1
              }
            },
            {
              "batter": "SB Styris",
              "bowler": "D Elgar",
              "non_striker": "RE van der Merwe",
              "runs": {
                "batter": 4,
                "extras": 0,
                "total": 4
              }
            },
            {
              "batter": "SB Styris",
              "bowler": "D Elgar",
              "non_striker": "RE van der Merwe",
              "runs": {
                "batter": 0,
                "extras": 0,
                "total": 0
              }
            },
            {
              "batter": "SB Styris",
              "bowler": "D Elgar",
              "non_striker": "RE van der Merwe",
              "runs": {
                "batter": 1,
                "extras": 0,
                "total": 1
              }
            }
          ]
        },
        {
          "over": 14,
          "deliveries": [
            {
              "batter": "SB Styris",
              "bowler": "JJ van der Wath",
              "non_striker": "RE van der Merwe",
              "runs": {
                "batter": 0,
                "extras": 0,
                "total": 0
              }
            },
            {
              "batter": "SB Styris",
              "bowler": "JJ van der Wath",
              "non_striker": "RE van der Merwe",
              "runs": {
                "batter": 4,
                "extras": 0,
                "total": 4
              }
            },
            {
              "batter": "SB Styris",
              "bowler": "JJ van der Wath",
              "non_striker": "RE van der Merwe",
              "runs": {
                "batter": 1,
                "extras": 0,
                "total": 1
              }
            },
            {
              "batter": "RE van der Merwe",
              "bowler": "JJ van der Wath",
              "non_striker": "SB Styris",
              "runs": {
                "batter": 1,
                "extras": 0,
                "total": 1
              }
            },
            {
              "batter": "SB Styris",
              "bowler": "JJ van der Wath",
              "non_striker": "RE van der Merwe",
              "runs": {
                "batter": 1,
                "extras": 0,
                "total": 1
              }
            },
            {
              "batter": "RE van der Merwe",
              "bowler": "JJ van der Wath",
              "non_striker": "SB Styris",
              "runs": {
                "batter": 1,
                "extras": 0,
                "total": 1
              }
            }
          ]
        },
        {
          "over": 15,
          "deliveries": [
            {
              "batter": "RE van der Merwe",
              "bowler": "D Elgar",
              "non_striker": "SB Styris",
              "runs": {
                "batter": 1,
                "extras": 0,
                "total": 1
              }
            },
            {
              "batter": "SB Styris",
              "bowler": "D Elgar",
              "non_striker": "RE van der Merwe",
              "runs": {
                "batter": 2,
                "extras": 0,
                "total": 2
              }
            },
            {
              "batter": "SB Styris",
              "bowler": "D Elgar",
              "non_striker": "RE van der Merwe",
              "runs": {
                "batter": 4,
                "extras": 0,
                "total": 4
              }
            },
            {
              "batter": "SB Styris",
              "bowler": "D Elgar",
              "non_striker": "RE van der Merwe",
              "runs": {
                "batter": 2,
                "extras": 0,
                "total": 2
              }
            },
            {
              "batter": "SB Styris",
              "bowler": "D Elgar",
              "non_striker": "RE van der Merwe",
              "runs": {
                "batter": 1,
                "extras": 0,
                "total": 1
              }
            },
            {
              "batter": "RE van der Merwe",
              "bowler": "D Elgar",
              "non_striker": "SB Styris",
              "runs": {
                "batter": 0,
                "extras": 0,
                "total": 0
              }
            }
          ]
        },
        {
          "over": 16,
          "deliveries": [
            {
              "batter": "SB Styris",
              "bowler": "MP Siboto",
              "non_striker": "RE van der Merwe",
              "runs": {
                "batter": 1,
                "extras": 0,
                "total": 1
              }
            },
            {
              "batter": "RE van der Merwe",
              "bowler": "MP Siboto",
              "non_striker": "SB Styris",
              "runs": {
                "batter": 2,
                "extras": 0,
                "total": 2
              }
            },
            {
              "batter": "RE van der Merwe",
              "bowler": "MP Siboto",
              "non_striker": "SB Styris",
              "runs": {
                "batter": 1,
                "extras": 0,
                "total": 1
              }
            },
            {
              "batter": "SB Styris",
              "bowler": "MP Siboto",
              "non_striker": "RE van der Merwe",
              "runs": {
                "batter": 2,
                "extras": 0,
                "total": 2
              }
            },
            {
              "batter": "SB Styris",
              "bowler": "MP Siboto",
              "non_striker": "RE van der Merwe",
              "runs": {
                "batter": 1,
                "extras": 0,
                "total": 1
              }
            },
            {
              "batter": "RE van der Merwe",
              "bowler": "MP Siboto",
              "non_striker": "SB Styris",
              "runs": {
                "batter": 1,
                "extras": 0,
                "total": 1
              }
            }
          ]
        },
        {
          "over": 17,
          "deliveries": [
            {
              "batter": "RE van der Merwe",
              "bowler": "R McLaren",
              "non_striker": "SB Styris",
              "runs": {
                "batter": 2,
                "extras": 0,
                "total": 2
              }
            },
            {
              "batter": "RE van der Merwe",
              "bowler": "R McLaren",
              "non_striker": "SB Styris",
              "runs": {
                "batter": 1,
                "extras": 0,
                "total": 1
              }
            },
            {
              "batter": "SB Styris",
              "bowler": "R McLaren",
              "non_striker": "RE van der Merwe",
              "runs": {
                "batter": 2,
                "extras": 0,
                "total": 2
              }
            },
            {
              "batter": "SB Styris",
              "bowler": "R McLaren",
              "non_striker": "RE van der Merwe",
              "runs": {
                "batter": 2,
                "extras": 0,
                "total": 2
              }
            },
            {
              "batter": "SB Styris",
              "bowler": "R McLaren",
              "non_striker": "RE van der Merwe",
              "runs": {
                "batter": 0,
                "extras": 0,
                "total": 0
              }
            },
            {
              "batter": "SB Styris",
              "bowler": "R McLaren",
              "non_striker": "RE van der Merwe",
              "runs": {
                "batter": 0,
                "extras": 0,
                "total": 0
              }
            }
          ]
        },
        {
          "over": 18,
          "deliveries": [
            {
              "batter": "RE van der Merwe",
              "bowler": "JJ van der Wath",
              "non_striker": "SB Styris",
              "runs": {
                "batter": 1,
                "extras": 0,
                "total": 1
              }
            },
            {
              "batter": "SB Styris",
              "bowler": "JJ van der Wath",
              "non_striker": "RE van der Merwe",
              "runs": {
                "batter": 1,
                "extras": 0,
                "total": 1
              }
            },
            {
              "batter": "RE van der Merwe",
              "bowler": "JJ van der Wath",
              "non_striker": "SB Styris",
              "runs": {
                "batter": 1,
                "extras": 0,
                "total": 1
              }
            },
            {
              "batter": "SB Styris",
              "bowler": "JJ van der Wath",
              "non_striker": "RE van der Merwe",
              "runs": {
                "batter": 1,
                "extras": 0,
                "total": 1
              }
            },
            {
              "batter": "RE van der Merwe",
              "bowler": "JJ van der Wath",
              "non_striker": "SB Styris",
              "runs": {
                "batter": 0,
                "extras": 0,
                "total": 0
              }
            },
            {
              "batter": "RE van der Merwe",
              "bowler": "JJ van der Wath",
              "non_striker": "SB Styris",
              "runs": {
                "batter": 1,
                "extras": 0,
                "total": 1
              }
            }
          ]
        },
        {
          "over": 19,
          "deliveries": [
            {
              "batter": "RE van der Merwe",
              "bowler": "SC van Schalkwyk",
              "non_striker": "SB Styris",
              "runs": {
                "batter": 2,
                "extras": 0,
                "total": 2
              }
            },
            {
              "batter": "RE van der Merwe",
              "bowler": "SC van Schalkwyk",
              "non_striker": "SB Styris",
              "runs": {
                "batter": 1,
                "extras": 0,
                "total": 1
              }
            }
          ]
        }
      ],
      "powerplays": [
        {
          "from": 0.1,
          "to": 5.6,
          "type": "mandatory"
        }
      ],
      "target": {
        "overs": 20,
        "runs": 133
      }
    }
  ]
}