{
  "meta": {
    "data_version": "1.1.0",
    "created": "2022-04-03",
    "revision": 1
  },
  "info": {
    "balls_per_over": 6,
    "city": "Cape Town",
    "dates": [
      "2013-03-28"
    ],
    "event": {
      "name": "Ram Slam T20 Challenge"
    },
    "gender": "male",
    "match_type": "T20",
    "officials": {
      "match_referees": [
        "A Barnes"
      ],
      "reserve_umpires": [
        "MW Brown"
      ],
      "umpires": [
        "AT Holdstock",
        "EC Hendrikse"
      ]
    },
    "outcome": {
      "winner": "Warriors",
      "by": {
        "wickets": 8
      }
    },
    "overs": 20,
    "player_of_match": [
      "C Jonker",
      "WD Parnell"
    ],
    "players": {
      "Cape Cobras": [
        "RE Levi",
        "AG Puttick",
        "DJ Vilas",
        "OA Shah",
        "JL Ontong",
        "JM Kemp",
        "MY Vallie",
        "J Louw",
        "DL Piedt",
        "FC Plaatjies",
        "BE Hendricks"
      ],
      "Warriors": [
        "C Jonker",
        "AG Prince",
        "CA Ingram",
        "DJ Jacobs",
        "SR Patel",
        "AP McLaren",
        "WD Parnell",
        "SR Harmer",
        "L Mbane",
        "CA Thyssen",
        "J Theron"
      ]
    },
    "registry": {
      "people": {
        "A Barnes": "f9607922",
        "AG Prince": "035cb925",
        "AG Puttick": "637b6fbd",
        "AP McLaren": "4ad7fc1b",
        "AT Holdstock": "6fa3258c",
        "BE Hendricks": "b56dc5f7",
        "C Jonker": "a81d6706",
        "CA Ingram": "c995d726",
        "CA Thyssen": "789fd884",
        "DJ Jacobs": "a84468fe",
        "DJ Vilas": "087210b1",
        "DL Piedt": "537f5ab2",
        "EC Hendrikse": "3f2996c9",
        "FC Plaatjies": "625e4e56",
        "J Louw": "9c1ccdea",
        "J Theron": "dec8e038",
        "JL Ontong": "55f33b32",
        "JM Kemp": "6581d753",
        "L Mbane": "ca322fd6",
        "MW Brown": "d83d7796",
        "MY Vallie": "9fa54c94",
        "OA Shah": "7bf96684",
        "RE Levi": "18c78b11",
        "SR Harmer": "23638956",
        "SR Patel": "18fac429",
        "WD Parnell": "3a60e0b5"
      }
    },
    "season": "2012/13",
    "team_type": "club",
    "teams": [
      "Cape Cobras",
      "Warriors"
    ],
    "toss": {
      "decision": "field",
      "winner": "Warriors"
    },
    "venue": "Newlands, Cape Town"
  },
  "innings": [
    {
      "team": "Cape Cobras",
      "overs": [
        {
          "over": 0,
          "deliveries": [
            {
              "batter": "RE Levi",
              "bowler": "SR Harmer",
              "non_striker": "AG Puttick",
              "runs": {
                "batter": 0,
                "extras": 0,
                "total": 0
              }
            },
            {
              "batter": "RE Levi",
              "bowler": "SR Harmer",
              "non_striker": "AG Puttick",
              "runs": {
                "batter": 0,
                "extras": 0,
                "total": 0
              }
            },
            {
              "batter": "RE Levi",
              "bowler": "SR Harmer",
              "non_striker": "AG Puttick",
              "runs": {
                "batter": 4,
                "extras": 0,
                "total": 4
              }
            },
            {
              "batter": "RE Levi",
              "bowler": "SR Harmer",
              "non_striker": "AG Puttick",
              "runs": {
                "batter": 1,
                "extras": 0,
                "total": 1
              }
            },
            {
              "batter": "AG Puttick",
              "bowler": "SR Harmer",
              "non_striker": "RE Levi",
              "runs": {
                "batter": 1,
                "extras": 0,
                "total": 1
              }
            },
            {
              "batter": "RE Levi",
              "bowler": "SR Harmer",
              "non_striker": "AG Puttick",
              "runs": {
                "batter": 0,
                "extras": 0,
                "total": 0
              }
            }
          ]
        },
        {
          "over": 1,
          "deliveries": [
            {
              "batter": "AG Puttick",
              "bowler": "WD Parnell",
              "non_striker": "RE Levi",
              "runs": {
                "batter": 0,
                "extras": 0,
                "total": 0
              }
            },
            {
              "batter": "AG Puttick",
              "bowler": "WD Parnell",
              "non_striker": "RE Levi",
              "runs": {
                "batter": 1,
                "extras": 0,
                "total": 1
              }
            },
            {
              "batter": "RE Levi",
              "bowler": "WD Parnell",
              "non_striker": "AG Puttick",
              "runs": {
                "batter": 0,
                "extras": 0,
                "total": 0
              }
            },
            {
              "batter": "RE Levi",
              "bowler": "WD Parnell",
              "non_striker": "AG Puttick",
              "runs": {
                "batter": 4,
                "extras": 0,
                "total": 4
              }
            },
            {
              "batter": "RE Levi",
              "bowler": "WD Parnell",
              "non_striker": "AG Puttick",
              "runs": {
                "batter": 0,
                "extras": 0,
                "total": 0
              },
              "wickets": [
                {
                  "player_out": "RE Levi",
                  "kind": "bowled"
                }
              ]
            },
            {
              "batter": "DJ Vilas",
              "bowler": "WD Parnell",
              "non_striker": "AG Puttick",
              "runs": {
                "batter": 2,
                "extras": 0,
                "total": 2
              }
            }
          ]
        },
        {
          "over": 2,
          "deliveries": [
            {
              "batter": "AG Puttick",
              "bowler": "J Theron",
              "non_striker": "DJ Vilas",
              "runs": {
                "batter": 1,
                "extras": 0,
                "total": 1
              }
            },
            {
              "batter": "DJ Vilas",
              "bowler": "J Theron",
              "extras": {
                "legbyes": 1
              },
              "non_striker": "AG Puttick",
              "runs": {
                "batter": 0,
                "extras": 1,
                "total": 1
              }
            },
            {
              "batter": "AG Puttick",
              "bowler": "J Theron",
              "non_striker": "DJ Vilas",
              "runs": {
                "batter": 0,
                "extras": 0,
                "total": 0
              }
            },
            {
              "batter": "AG Puttick",
              "bowler": "J Theron",
              "extras": {
                "wides": 1
              },
              "non_striker": "DJ Vilas",
              "runs": {
                "batter": 0,
                "extras": 1,
                "total": 1
              }
            },
            {
              "batter": "AG Puttick",
              "bowler": "J Theron",
              "non_striker": "DJ Vilas",
              "runs": {
                "batter": 0,
                "extras": 0,
                "total": 0
              }
            },
            {
              "batter": "AG Puttick",
              "bowler": "J Theron",
              "non_striker": "DJ Vilas",
              "runs": {
                "batter": 4,
                "extras": 0,
                "total": 4
              }
            },
            {
              "batter": "AG Puttick",
              "bowler": "J Theron",
              "non_striker": "DJ Vilas",
              "runs": {
                "batter": 0,
                "extras": 0,
                "total": 0
              }
            }
          ]
        },
        {
          "over": 3,
          "deliveries": [
            {
              "batter": "DJ Vilas",
              "bowler": "WD Parnell",
              "non_striker": "AG Puttick",
              "runs": {
                "batter": 0,
                "extras": 0,
                "total": 0
              }
            },
            {
              "batter": "DJ Vilas",
              "bowler": "WD Parnell",
              "non_striker": "AG Puttick",
              "runs": {
                "batter": 0,
                "extras": 0,
                "total": 0
              }
            },
            {
              "batter": "DJ Vilas",
              "bowler": "WD Parnell",
              "extras": {
                "legbyes": 1
              },
              "non_striker": "AG Puttick",
              "runs": {
                "batter": 0,
                "extras": 1,
                "total": 1
              }
            },
            {
              "batter": "AG Puttick",
              "bowler": "WD Parnell",
              "non_striker": "DJ Vilas",
              "runs": {
                "batter": 0,
                "extras": 0,
                "total": 0
              }
            },
            {
              "batter": "AG Puttick",
              "bowler": "WD Parnell",
              "non_striker": "DJ Vilas",
              "runs": {
                "batter": 0,
                "extras": 0,
                "total": 0
              }
            },
            {
              "batter": "AG Puttick",
              "bowler": "WD Parnell",
              "non_striker": "DJ Vilas",
              "runs": {
                "batter": 0,
                "extras": 0,
                "total": 0
              }
            }
          ]
        },
        {
          "over": 4,
          "deliveries": [
            {
              "batter": "DJ Vilas",
              "bowler": "J Theron",
              "non_striker": "AG Puttick",
              "runs": {
                "batter": 1,
                "extras": 0,
                "total": 1
              }
            },
            {
              "batter": "AG Puttick",
              "bowler": "J Theron",
              "non_striker": "DJ Vilas",
              "runs": {
                "batter": 0,
                "extras": 0,
                "total": 0
              }
            },
            {
              "batter": "AG Puttick",
              "bowler": "J Theron",
              "non_striker": "DJ Vilas",
              "runs": {
                "batter": 4,
                "extras": 0,
                "total": 4
              }
            },
            {
              "batter": "AG Puttick",
              "bowler": "J Theron",
              "non_striker": "DJ Vilas",
              "runs": {
                "batter": 1,
                "extras": 0,
                "total": 1
              }
            },
            {
              "batter": "DJ Vilas",
              "bowler": "J Theron",
              "non_striker": "AG Puttick",
              "runs": {
                "batter": 0,
                "extras": 0,
                "total": 0
              }
            },
            {
              "batter": "DJ Vilas",
              "bowler": "J Theron",
              "non_striker": "AG Puttick",
              "runs": {
                "batter": 1,
                "extras": 0,
                "total": 1
              }
            }
          ]
        },
        {
          "over": 5,
          "deliveries": [
            {
              "batter": "DJ Vilas",
              "bowler": "L Mbane",
              "non_striker": "AG Puttick",
              "runs": {
                "batter": 2,
                "extras": 0,
                "total": 2
              }
            },
            {
              "batter": "DJ Vilas",
              "bowler": "L Mbane",
              "non_striker": "AG Puttick",
              "runs": {
                "batter": 0,
                "extras": 0,
                "total": 0
              }
            },
            {
              "batter": "DJ Vilas",
              "bowler": "L Mbane",
              "non_striker": "AG Puttick",
              "runs": {
                "batter": 2,
                "extras": 0,
                "total": 2
              }
            },
            {
              "batter": "DJ Vilas",
              "bowler": "L Mbane",
              "non_striker": "AG Puttick",
              "runs": {
                "batter": 0,
                "extras": 0,
                "total": 0
              }
            },
            {
              "batter": "DJ Vilas",
              "bowler": "L Mbane",
              "non_striker": "AG Puttick",
              "runs": {
                "batter": 0,
                "extras": 0,
                "total": 0
              }
            },
            {
              "batter": "DJ Vilas",
              "bowler": "L Mbane",
              "non_striker": "AG Puttick",
              "runs": {
                "batter": 1,
                "extras": 0,
                "total": 1
              }
            }
          ]
        },
        {
          "over": 6,
          "deliveries": [
            {
              "batter": "DJ Vilas",
              "bowler": "SR Harmer",
              "non_striker": "AG Puttick",
              "runs": {
                "batter": 1,
                "extras": 0,
                "total": 1
              }
            },
            {
              "batter": "AG Puttick",
              "bowler": "SR Harmer",
              "non_striker": "DJ Vilas",
              "runs": {
                "batter": 1,
                "extras": 0,
                "total": 1
              }
            },
            {
              "batter": "DJ Vilas",
              "bowler": "SR Harmer",
              "non_striker": "AG Puttick",
              "runs": {
                "batter": 0,
                "extras": 0,
                "total": 0
              }
            },
            {
              "batter": "DJ Vilas",
              "bowler": "SR Harmer",
              "non_striker": "AG Puttick",
              "runs": {
                "batter": 2,
                "extras": 0,
                "total": 2
              }
            },
            {
              "batter": "DJ Vilas",
              "bowler": "SR Harmer",
              "non_striker": "AG Puttick",
              "runs": {
                "batter": 1,
                "extras": 0,
                "total": 1
              }
            },
            {
              "batter": "AG Puttick",
              "bowler": "SR Harmer",
              "non_striker": "DJ Vilas",
              "runs": {
                "batter": 1,
                "extras": 0,
                "total": 1
              }
            }
          ]
        },
        {
          "over": 7,
          "deliveries": [
            {
              "batter": "AG Puttick",
              "bowler": "L Mbane",
              "non_striker": "DJ Vilas",
              "runs": {
                "batter": 1,
                "extras": 0,
                "total": 1
              }
            },
            {
              "batter": "DJ Vilas",
              "bowler": "L Mbane",
              "non_striker": "AG Puttick",
              "runs": {
                "batter": 0,
                "extras": 0,
                "total": 0
              }
            },
            {
              "batter": "DJ Vilas",
              "bowler": "L Mbane",
              "non_striker": "AG Puttick",
              "runs": {
                "batter": 1,
                "extras": 0,
                "total": 1
              }
            },
            {
              "batter": "AG Puttick",
              "bowler": "L Mbane",
              "non_striker": "DJ Vilas",
              "runs": {
                "batter": 1,
                "extras": 0,
                "total": 1
              }
            },
            {
              "batter": "DJ Vilas",
              "bowler": "L Mbane",
              "non_striker": "AG Puttick",
              "runs": {
                "batter": 1,
                "extras": 0,
                "total": 1
              }
            },
            {
              "batter": "AG Puttick",
              "bowler": "L Mbane",
              "non_striker": "DJ Vilas",
              "runs": {
                "batter": 1,
                "extras": 0,
                "total": 1
              }
            }
          ]
        },
        {
          "over": 8,
          "deliveries": [
            {
              "batter": "AG Puttick",
              "bowler": "SR Harmer",
              "non_striker": "DJ Vilas",
              "runs": {
                "batter": 1,
                "extras": 0,
                "total": 1
              }
            },
            {
              "batter": "DJ Vilas",
              "bowler": "SR Harmer",
              "non_striker": "AG Puttick",
              "runs": {
                "batter": 0,
                "extras": 0,
                "total": 0
              },
              "wickets": [
                {
                  "player_out": "DJ Vilas",
                  "fielders": [
                    {
                      "name": "CA Ingram"
                    }
                  ],
                  "kind": "caught"
                }
              ]
            },
            {
              "batter": "AG Puttick",
              "bowler": "SR Harmer",
              "non_striker": "OA Shah",
              "runs": {
                "batter": 1,
                "extras": 0,
                "total": 1
              }
            },
            {
              "batter": "OA Shah",
              "bowler": "SR Harmer",
              "non_striker": "AG Puttick",
              "runs": {
                "batter": 2,
                "extras": 0,
                "total": 2
              }
            },
            {
              "batter": "OA Shah",
              "bowler": "SR Harmer",
              "non_striker": "AG Puttick",
              "runs": {
                "batter": 0,
                "extras": 0,
                "total": 0
              }
            },
            {
              "batter": "OA Shah",
              "bowler": "SR Harmer",
              "non_striker": "AG Puttick",
              "runs": {
                "batter": 0,
                "extras": 0,
                "total": 0
              }
            }
          ]
        },
        {
          "over": 9,
          "deliveries": [
            {
              "batter": "AG Puttick",
              "bowler": "SR Patel",
              "non_striker": "OA Shah",
              "runs": {
                "batter": 0,
                "extras": 0,
                "total": 0
              }
            },
            {
              "batter": "AG Puttick",
              "bowler": "SR Patel",
              "non_striker": "OA Shah",
              "runs": {
                "batter": 0,
                "extras": 0,
                "total": 0
              }
            },
            {
              "batter": "AG Puttick",
              "bowler": "SR Patel",
              "non_striker": "OA Shah",
              "runs": {
                "batter": 1,
                "extras": 0,
                "total": 1
              }
            },
            {
              "batter": "OA Shah",
              "bowler": "SR Patel",
              "non_striker": "AG Puttick",
              "runs": {
                "batter": 1,
                "extras": 0,
                "total": 1
              }
            },
            {
              "batter": "AG Puttick",
              "bowler": "SR Patel",
              "extras": {
                "legbyes": 1
              },
              "non_striker": "OA Shah",
              "runs": {
                "batter": 0,
                "extras": 1,
                "total": 1
              }
            },
            {
              "batter": "OA Shah",
              "bowler": "SR Patel",
              "non_striker": "AG Puttick",
              "runs": {
                "batter": 0,
                "extras": 0,
                "total": 0
              }
            }
          ]
        },
        {
          "over": 10,
          "deliveries": [
            {
              "batter": "AG Puttick",
              "bowler": "SR Harmer",
              "non_striker": "OA Shah",
              "runs": {
                "batter": 1,
                "extras": 0,
                "total": 1
              }
            },
            {
              "batter": "OA Shah",
              "bowler": "SR Harmer",
              "non_striker": "AG Puttick",
              "runs": {
                "batter": 1,
                "extras": 0,
                "total": 1
              }
            },
            {
              "batter": "AG Puttick",
              "bowler": "SR Harmer",
              "non_striker": "OA Shah",
              "runs": {
                "batter": 4,
                "extras": 0,
                "total": 4
              }
            },
            {
              "batter": "AG Puttick",
              "bowler": "SR Harmer",
              "non_striker": "OA Shah",
              "runs": {
                "batter": 3,
                "extras": 0,
                "total": 3
              }
            },
            {
              "batter": "OA Shah",
              "bowler": "SR Harmer",
              "non_striker": "AG Puttick",
              "runs": {
                "batter": 0,
                "extras": 0,
                "total": 0
              }
            },
            {
              "batter": "OA Shah",
              "bowler": "SR Harmer",
              "non_striker": "AG Puttick",
              "runs": {
                "batter": 1,
                "extras": 0,
                "total": 1
              }
            }
          ]
        },
        {
          "over": 11,
          "deliveries": [
            {
              "batter": "OA Shah",
              "bowler": "SR Patel",
              "non_striker": "AG Puttick",
              "runs": {
                "batter": 0,
                "extras": 0,
                "total": 0
              }
            },
            {
              "batter": "OA Shah",
              "bowler": "SR Patel",
              "non_striker": "AG Puttick",
              "runs": {
                "batter": 1,
                "extras": 0,
                "total": 1
              }
            },
            {
              "batter": "AG Puttick",
              "bowler": "SR Patel",
              "non_striker": "OA Shah",
              "runs": {
                "batter": 0,
                "extras": 0,
                "total": 0
              },
              "wickets": [
                {
                  "player_out": "AG Puttick",
                  "fielders": [
                    {
                      "name": "SR Harmer"
                    }
                  ],
                  "kind": "caught"
                }
              ]
            },
            {
              "batter": "OA Shah",
              "bowler": "SR Patel",
              "non_striker": "JL Ontong",
              "runs": {
                "batter": 1,
                "extras": 0,
                "total": 1
              }
            },
            {
              "batter": "JL Ontong",
              "bowler": "SR Patel",
              "non_striker": "OA Shah",
              "runs": {
                "batter": 1,
                "extras": 0,
                "total": 1
              }
            },
            {
              "batter": "OA Shah",
              "bowler": "SR Patel",
              "non_striker": "JL Ontong",
              "runs": {
                "batter": 0,
                "extras": 0,
                "total": 0
              }
            }
          ]
        },
        {
          "over": 12,
          "deliveries": [
            {
              "batter": "JL Ontong",
              "bowler": "L Mbane",
              "non_striker": "OA Shah",
              "runs": {
                "batter": 0,
                "extras": 0,
                "total": 0
              }
            },
            {
              "batter": "JL Ontong",
              "bowler": "L Mbane",
              "non_striker": "OA Shah",
              "runs": {
                "batter": 1,
                "extras": 0,
                "total": 1
              }
            },
            {
              "batter": "OA Shah",
              "bowler": "L Mbane",
              "non_striker": "JL Ontong",
              "runs": {
                "batter": 0,
                "extras": 0,
                "total": 0
              }
            },
            {
              "batter": "OA Shah",
              "bowler": "L Mbane",
              "non_striker": "JL Ontong",
              "runs": {
                "batter": 1,
                "extras": 0,
                "total": 1
              }
            },
            {
              "batter": "JL Ontong",
              "bowler": "L Mbane",
              "non_striker": "OA Shah",
              "runs": {
                "batter": 0,
                "extras": 0,
                "total": 0
              }
            },
            {
              "batter": "JL Ontong",
              "bowler": "L Mbane",
              "non_striker": "OA Shah",
              "runs": {
                "batter": 1,
                "extras": 0,
                "total": 1
              }
            }
          ]
        },
        {
          "over": 13,
          "deliveries": [
            {
              "batter": "JL Ontong",
              "bowler": "SR Patel",
              "non_striker": "OA Shah",
              "runs": {
                "batter": 1,
                "extras": 0,
                "total": 1
              }
            },
            {
              "batter": "OA Shah",
              "bowler": "SR Patel",
              "non_striker": "JL Ontong",
              "runs": {
                "batter": 1,
                "extras": 0,
                "total": 1
              }
            },
            {
              "batter": "JL Ontong",
              "bowler": "SR Patel",
              "non_striker": "OA Shah",
              "runs": {
                "batter": 2,
                "extras": 0,
                "total": 2
              }
            },
            {
              "batter": "JL Ontong",
              "bowler": "SR Patel",
              "non_striker": "OA Shah",
              "runs": {
                "batter": 1,
                "extras": 0,
                "total": 1
              }
            },
            {
              "batter": "OA Shah",
              "bowler": "SR Patel",
              "extras": {
                "wides": 1
              },
              "non_striker": "JL Ontong",
              "runs": {
                "batter": 0,
                "extras": 1,
                "total": 1
              }
            },
            {
              "batter": "OA Shah",
              "bowler": "SR Patel",
              "non_striker": "JL Ontong",
              "runs": {
                "batter": 0,
                "extras": 0,
                "total": 0
              }
            },
            {
              "batter": "OA Shah",
              "bowler": "SR Patel",
              "non_striker": "JL Ontong",
              "runs": {
                "batter": 0,
                "extras": 0,
                "total": 0
              }
            }
          ]
        },
        {
          "over": 14,
          "deliveries": [
            {
              "batter": "JL Ontong",
              "bowler": "L Mbane",
              "non_striker": "OA Shah",
              "runs": {
                "batter": 0,
                "extras": 0,
                "total": 0
              }
            },
            {
              "batter": "JL Ontong",
              "bowler": "L Mbane",
              "non_striker": "OA Shah",
              "runs": {
                "batter": 0,
                "extras": 0,
                "total": 0
              }
            },
            {
              "batter": "JL Ontong",
              "bowler": "L Mbane",
              "non_striker": "OA Shah",
              "runs": {
                "batter": 2,
                "extras": 0,
                "total": 2
              }
            },
            {
              "batter": "JL Ontong",
              "bowler": "L Mbane",
              "non_striker": "OA Shah",
              "runs": {
                "batter": 1,
                "extras": 0,
                "total": 1
              }
            },
            {
              "batter": "OA Shah",
              "bowler": "L Mbane",
              "non_striker": "JL Ontong",
              "runs": {
                "batter": 2,
                "extras": 0,
                "total": 2
              }
            },
            {
              "batter": "OA Shah",
              "bowler": "L Mbane",
              "non_striker": "JL Ontong",
              "runs": {
                "batter": 1,
                "extras": 0,
                "total": 1
              }
            }
          ]
        },
        {
          "over": 15,
          "deliveries": [
            {
              "batter": "OA Shah",
              "bowler": "SR Patel",
              "non_striker": "JL Ontong",
              "runs": {
                "batter": 4,
                "extras": 0,
                "total": 4
              }
            },
            {
              "batter": "OA Shah",
              "bowler": "SR Patel",
              "non_striker": "JL Ontong",
              "runs": {
                "batter": 1,
                "extras": 0,
                "total": 1
              }
            },
            {
              "batter": "JL Ontong",
              "bowler": "SR Patel",
              "non_striker": "OA Shah",
              "runs": {
                "batter": 1,
                "extras": 0,
                "total": 1
              }
            },
            {
              "batter": "OA Shah",
              "bowler": "SR Patel",
              "non_striker": "JL Ontong",
              "runs": {
                "batter": 1,
                "extras": 0,
                "total": 1
              }
            },
            {
              "batter": "JL Ontong",
              "bowler": "SR Patel",
              "non_striker": "OA Shah",
              "runs": {
                "batter": 6,
                "extras": 0,
                "total": 6
              }
            },
            {
              "batter": "JL Ontong",
              "bowler": "SR Patel",
              "non_striker": "OA Shah",
              "runs": {
                "batter": 1,
                "extras": 0,
                "total": 1
              }
            }
          ]
        },
        {
          "over": 16,
          "deliveries": [
            {
              "batter": "JL Ontong",
              "bowler": "J Theron",
              "non_striker": "OA Shah",
              "runs": {
                "batter": 4,
                "extras": 0,
                "total": 4
              }
            },
            {
              "batter": "JL Ontong",
              "bowler": "J Theron",
              "non_striker": "OA Shah",
              "runs": {
                "batter": 1,
                "extras": 0,
                "total": 1
              }
            },
            {
              "batter": "OA Shah",
              "bowler": "J Theron",
              "non_striker": "JL Ontong",
              "runs": {
                "batter": 2,
                "extras": 0,
                "total": 2
              }
            },
            {
              "batter": "OA Shah",
              "bowler": "J Theron",
              "non_striker": "JL Ontong",
              "runs": {
                "batter": 4,
                "extras": 0,
                "total": 4
              }
            },
            {
              "batter": "OA Shah",
              "bowler": "J Theron",
              "non_striker": "JL Ontong",
              "runs": {
                "batter": 1,
                "extras": 0,
                "total": 1
              }
            },
            {
              "batter": "JL Ontong",
              "bowler": "J Theron",
              "non_striker": "OA Shah",
              "runs": {
                "batter": 0,
                "extras": 0,
                "total": 0
              },
              "wickets": [
                {
                  "player_out": "JL Ontong",
                  "fielders": [
                    {
                      "name": "SR Harmer"
                    }
                  ],
                  "kind": "caught"
                }
              ]
            }
          ]
        },
        {
          "over": 17,
          "deliveries": [
            {
              "batter": "JM Kemp",
              "bowler": "WD Parnell",
              "extras": {
                "legbyes": 1
              },
              "non_striker": "OA Shah",
              "runs": {
                "batter": 0,
                "extras": 1,
                "total": 1
              }
            },
            {
              "batter": "OA Shah",
              "bowler": "WD Parnell",
              "non_striker": "JM Kemp",
              "runs": {
                "batter": 1,
                "extras": 0,
                "total": 1
              }
            },
            {
              "batter": "JM Kemp",
              "bowler": "WD Parnell",
              "non_striker": "OA Shah",
              "runs": {
                "batter": 4,
                "extras": 0,
                "total": 4
              }
            },
            {
              "batter": "JM Kemp",
              "bowler": "WD Parnell",
              "non_striker": "OA Shah",
              "runs": {
                "batter": 1,
                "extras": 0,
                "total": 1
              }
            },
            {
              "batter": "OA Shah",
              "bowler": "WD Parnell",
              "non_striker": "JM Kemp",
              "runs": {
                "batter": 2,
                "extras": 0,
                "total": 2
              }
            },
            {
              "batter": "OA Shah",
              "bowler": "WD Parnell",
              "non_striker": "JM Kemp",
              "runs": {
                "batter": 4,
                "extras": 0,
                "total": 4
              }
            }
          ]
        },
        {
          "over": 18,
          "deliveries": [
            {
              "batter": "JM Kemp",
              "bowler": "J Theron",
              "non_striker": "OA Shah",
              "runs": {
                "batter": 1,
                "extras": 0,
                "total": 1
              }
            },
            {
              "batter": "OA Shah",
              "bowler": "J Theron",
              "non_striker": "JM Kemp",
              "runs": {
                "batter": 1,
                "extras": 0,
                "total": 1
              }
            },
            {
              "batter": "JM Kemp",
              "bowler": "J Theron",
              "non_striker": "OA Shah",
              "runs": {
                "batter": 6,
                "extras": 0,
                "total": 6
              }
            },
            {
              "batter": "JM Kemp",
              "bowler": "J Theron",
              "non_striker": "OA Shah",
              "runs": {
                "batter": 0,
                "extras": 0,
                "total": 0
              }
            },
            {
              "batter": "JM Kemp",
              "bowler": "J Theron",
              "non_striker": "OA Shah",
              "runs": {
                "batter": 2,
                "extras": 0,
                "total": 2
              }
            },
            {
              "batter": "JM Kemp",
              "bowler": "J Theron",
              "non_striker": "OA Shah",
              "runs": {
                "batter": 0,
                "extras": 0,
                "total": 0
              },
              "wickets": [
                {
                  "player_out": "JM Kemp",
                  "fielders": [
                    {
                      "name": "SR Harmer"
                    }
                  ],
                  "kind": "caught"
                }
              ]
            }
          ]
        }
      ],
      "powerplays": [
        {
          "from": 0.1,
          "to": 5.6,
          "type": "mandatory"
        }
      ]
    },
    {
      "team": "Warriors",
      "overs": [
        {
          "over": 0,
          "deliveries": [
            {
              "batter": "C Jonker",
              "bowler": "BE Hendricks",
              "non_striker": "AG Prince",
              "runs": {
                "batter": 1,
                "extras": 0,
                "total": 1
              }
            },
            {
              "batter": "AG Prince",
              "bowler": "BE Hendricks",
              "non_striker": "C Jonker",
              "runs": {
                "batter": 0,
                "extras": 0,
                "total": 0
              }
            },
            {
              "batter": "AG Prince",
              "bowler": "BE Hendricks",
              "non_striker": "C Jonker",
              "runs": {
                "batter": 0,
                "extras": 0,
                "total": 0
              }
            },
            {
              "batter": "AG Prince",
              "bowler": "BE Hendricks",
              "non_striker": "C Jonker",
              "runs": {
                "batter": 4,
                "extras": 0,
                "total": 4
              }
            },
            {
              "batter": "AG Prince",
              "bowler": "BE Hendricks",
              "non_striker": "C Jonker",
              "runs": {
                "batter": 0,
                "extras": 0,
                "total": 0
              }
            },
            {
              "batter": "AG Prince",
              "bowler": "BE Hendricks",
              "non_striker": "C Jonker",
              "runs": {
                "batter": 2,
                "extras": 0,
                "total": 2
              }
            }
          ]
        },
        {
          "over": 1,
          "deliveries": [
            {
              "batter": "C Jonker",
              "bowler": "J Louw",
              "non_striker": "AG Prince",
              "runs": {
                "batter": 0,
                "extras": 0,
                "total": 0
              }
            },
            {
              "batter": "C Jonker",
              "bowler": "J Louw",
              "non_striker": "AG Prince",
              "runs": {
                "batter": 1,
                "extras": 0,
                "total": 1
              }
            },
            {
              "batter": "AG Prince",
              "bowler": "J Louw",
              "non_striker": "C Jonker",
              "runs": {
                "batter": 1,
                "extras": 0,
                "total": 1
              }
            },
            {
              "batter": "C Jonker",
              "bowler": "J Louw",
              "non_striker": "AG Prince",
              "runs": {
                "batter": 0,
                "extras": 0,
                "total": 0
              }
            },
            {
              "batter": "C Jonker",
              "bowler": "J Louw",
              "extras": {
                "legbyes": 1
              },
              "non_striker": "AG Prince",
              "runs": {
                "batter": 0,
                "extras": 1,
                "total": 1
              }
            },
            {
              "batter": "AG Prince",
              "bowler": "J Louw",
              "non_striker": "C Jonker",
              "runs": {
                "batter": 0,
                "extras": 0,
                "total": 0
              },
              "wickets": [
                {
                  "player_out": "AG Prince",
                  "fielders": [
                    {
                      "name": "FC Plaatjies"
                    }
                  ],
                  "kind": "caught"
                }
              ]
            }
          ]
        },
        {
          "over": 2,
          "deliveries": [
            {
              "batter": "C Jonker",
              "bowler": "BE Hendricks",
              "non_striker": "CA Ingram",
              "runs": {
                "batter": 0,
                "extras": 0,
                "total": 0
              }
            },
            {
              "batter": "C Jonker",
              "bowler": "BE Hendricks",
              "non_striker": "CA Ingram",
              "runs": {
                "batter": 4,
                "extras": 0,
                "total": 4
              }
            },
            {
              "batter": "C Jonker",
              "bowler": "BE Hendricks",
              "non_striker": "CA Ingram",
              "runs": {
                "batter": 0,
                "extras": 0,
                "total": 0
              }
            },
            {
              "batter": "C Jonker",
              "bowler": "BE Hendricks",
              "extras": {
                "noballs": 1
              },
              "non_striker": "CA Ingram",
              "runs": {
                "batter": 0,
                "extras": 1,
                "total": 1
              }
            },
            {
              "batter": "C Jonker",
              "bowler": "BE Hendricks",
              "non_striker": "CA Ingram",
              "runs": {
                "batter": 6,
                "extras": 0,
                "total": 6
              }
            },
            {
              "batter": "C Jonker",
              "bowler": "BE Hendricks",
              "non_striker": "CA Ingram",
              "runs": {
                "batter": 2,
                "extras": 0,
                "total": 2
              }
            },
            {
              "batter": "C Jonker",
              "bowler": "BE Hendricks",
              "extras": {
                "noballs": 1
              },
              "non_striker": "CA Ingram",
              "runs": {
                "batter": 0,
                "extras": 1,
                "total": 1
              }
            },
            {
              "batter": "C Jonker",
              "bowler": "BE Hendricks",
              "non_striker": "CA Ingram",
              "runs": {
                "batter": 6,
                "extras": 0,
                "total": 6
              }
            }
          ]
        },
        {
          "over": 3,
          "deliveries": [
            {
              "batter": "CA Ingram",
              "bowler": "J Louw",
              "non_striker": "C Jonker",
              "runs": {
                "batter": 0,
                "extras": 0,
                "total": 0
              }
            },
            {
              "batter": "CA Ingram",
              "bowler": "J Louw",
              "non_striker": "C Jonker",
              "runs": {
                "batter": 1,
                "extras": 0,
                "total": 1
              }
            },
            {
              "batter": "C Jonker",
              "bowler": "J Louw",
              "non_striker": "CA Ingram",
              "runs": {
                "batter": 1,
                "extras": 0,
                "total": 1
              }
            },
            {
              "batter": "CA Ingram",
              "bowler": "J Louw",
              "non_striker": "C Jonker",
              "runs": {
                "batter": 0,
                "extras": 0,
                "total": 0
              }
            },
            {
              "batter": "CA Ingram",
              "bowler": "J Louw",
              "non_striker": "C Jonker",
              "runs": {
                "batter": 0,
                "extras": 0,
                "total": 0
              }
            },
            {
              "batter": "CA Ingram",
              "bowler": "J Louw",
              "non_striker": "C Jonker",
              "runs": {
                "batter": 4,
                "extras": 0,
                "total": 4
              }
            }
          ]
        },
        {
          "over": 4,
          "deliveries": [
            {
              "batter": "C Jonker",
              "bowler": "FC Plaatjies",
              "extras": {
                "wides": 1
              },
              "non_striker": "CA Ingram",
              "runs": {
                "batter": 0,
                "extras": 1,
                "total": 1
              }
            },
            {
              "batter": "C Jonker",
              "bowler": "FC Plaatjies",
              "non_striker": "CA Ingram",
              "runs": {
                "batter": 1,
                "extras": 0,
                "total": 1
              }
            },
            {
              "batter": "CA Ingram",
              "bowler": "FC Plaatjies",
              "non_striker": "C Jonker",
              "runs": {
                "batter": 4,
                "extras": 0,
                "total": 4
              }
            },
            {
              "batter": "CA Ingram",
              "bowler": "FC Plaatjies",
              "non_striker": "C Jonker",
              "runs": {
                "batter": 0,
                "extras": 0,
                "total": 0
              }
            },
            {
              "batter": "CA Ingram",
              "bowler": "FC Plaatjies",
              "non_striker": "C Jonker",
              "runs": {
                "batter": 4,
                "extras": 0,
                "total": 4
              }
            },
            {
              "batter": "CA Ingram",
              "bowler": "FC Plaatjies",
              "non_striker": "C Jonker",
              "runs": {
                "batter": 2,
                "extras": 0,
                "total": 2
              }
            },
            {
              "batter": "CA Ingram",
              "bowler": "FC Plaatjies",
              "non_striker": "C Jonker",
              "runs": {
                "batter": 4,
                "extras": 0,
                "total": 4
              }
            }
          ]
        },
        {
          "over": 5,
          "deliveries": [
            {
              "batter": "C Jonker",
              "bowler": "JM Kemp",
              "non_striker": "CA Ingram",
              "runs": {
                "batter": 0,
                "extras": 0,
                "total": 0
              }
            },
            {
              "batter": "C Jonker",
              "bowler": "JM Kemp",
              "non_striker": "CA Ingram",
              "runs": {
                "batter": 4,
                "extras": 0,
                "total": 4
              }
            },
            {
              "batter": "C Jonker",
              "bowler": "JM Kemp",
              "non_striker": "CA Ingram",
              "runs": {
                "batter": 1,
                "extras": 0,
                "total": 1
              }
            },
            {
              "batter": "CA Ingram",
              "bowler": "JM Kemp",
              "non_striker": "C Jonker",
              "runs": {
                "batter": 4,
                "extras": 0,
                "total": 4
              }
            },
            {
              "batter": "CA Ingram",
              "bowler": "JM Kemp",
              "non_striker": "C Jonker",
              "runs": {
                "batter": 2,
                "extras": 0,
                "total": 2
              }
            },
            {
              "batter": "CA Ingram",
              "bowler": "JM Kemp",
              "non_striker": "C Jonker",
              "runs": {
                "batter": 6,
                "extras": 0,
                "total": 6
              }
            }
          ]
        },
        {
          "over": 6,
          "deliveries": [
            {
              "batter": "C Jonker",
              "bowler": "DL Piedt",
              "non_striker": "CA Ingram",
              "runs": {
                "batter": 1,
                "extras": 0,
                "total": 1
              }
            },
            {
              "batter": "CA Ingram",
              "bowler": "DL Piedt",
              "non_striker": "C Jonker",
              "runs": {
                "batter": 1,
                "extras": 0,
                "total": 1
              }
            },
            {
              "batter": "C Jonker",
              "bowler": "DL Piedt",
              "non_striker": "CA Ingram",
              "runs": {
                "batter": 2,
                "extras": 0,
                "total": 2
              }
            },
            {
              "batter": "C Jonker",
              "bowler": "DL Piedt",
              "non_striker": "CA Ingram",
              "runs": {
                "batter": 0,
                "extras": 0,
                "total": 0
              }
            },
            {
              "batter": "C Jonker",
              "bowler": "DL Piedt",
              "non_striker": "CA Ingram",
              "runs": {
                "batter": 0,
                "extras": 0,
                "total": 0
              }
            },
            {
              "batter": "C Jonker",
              "bowler": "DL Piedt",
              "non_striker": "CA Ingram",
              "runs": {
                "batter": 4,
                "extras": 0,
                "total": 4
              }
            }
          ]
        },
        {
          "over": 7,
          "deliveries": [
            {
              "batter": "CA Ingram",
              "bowler": "JL Ontong",
              "non_striker": "C Jonker",
              "runs": {
                "batter": 1,
                "extras": 0,
                "total": 1
              }
            },
            {
              "batter": "C Jonker",
              "bowler": "JL Ontong",
              "non_striker": "CA Ingram",
              "runs": {
                "batter": 1,
                "extras": 0,
                "total": 1
              }
            },
            {
              "batter": "CA Ingram",
              "bowler": "JL Ontong",
              "non_striker": "C Jonker",
              "runs": {
                "batter": 2,
                "extras": 0,
                "total": 2
              }
            },
            {
              "batter": "CA Ingram",
              "bowler": "JL Ontong",
              "non_striker": "C Jonker",
              "runs": {
                "batter": 0,
                "extras": 0,
                "total": 0
              }
            },
            {
              "batter": "CA Ingram",
              "bowler": "JL Ontong",
              "non_striker": "C Jonker",
              "runs": {
                "batter": 6,
                "extras": 0,
                "total": 6
              }
            },
            {
              "batter": "CA Ingram",
              "bowler": "JL Ontong",
              "non_striker": "C Jonker",
              "runs": {
                "batter": 1,
                "extras": 0,
                "total": 1
              }
            }
          ]
        },
        {
          "over": 8,
          "deliveries": [
            {
              "batter": "CA Ingram",
              "bowler": "DL Piedt",
              "non_striker": "C Jonker",
              "runs": {
                "batter": 2,
                "extras": 0,
                "total": 2
              }
            },
            {
              "batter": "CA Ingram",
              "bowler": "DL Piedt",
              "non_striker": "C Jonker",
              "runs": {
                "batter": 1,
                "extras": 0,
                "total": 1
              }
            },
            {
              "batter": "C Jonker",
              "bowler": "DL Piedt",
              "non_striker": "CA Ingram",
              "runs": {
                "batter": 1,
                "extras": 0,
                "total": 1
              }
            },
            {
              "batter": "CA Ingram",
              "bowler": "DL Piedt",
              "non_striker": "C Jonker",
              "runs": {
                "batter": 0,
                "extras": 0,
                "total": 0
              },
              "wickets": [
                {
                  "player_out": "CA Ingram",
                  "kind": "bowled"
                }
              ]
            },
            {
              "batter": "DJ Jacobs",
              "bowler": "DL Piedt",
              "non_striker": "C Jonker",
              "runs": {
                "batter": 1,
                "extras": 0,
                "total": 1
              }
            },
            {
              "batter": "C Jonker",
              "bowler": "DL Piedt",
              "non_striker": "DJ Jacobs",
              "runs": {
                "batter": 1,
                "extras": 0,
                "total": 1
              }
            }
          ]
        },
        {
          "over": 9,
          "deliveries": [
            {
              "batter": "C Jonker",
              "bowler": "JL Ontong",
              "non_striker": "DJ Jacobs",
              "runs": {
                "batter": 0,
                "extras": 0,
                "total": 0
              }
            },
            {
              "batter": "C Jonker",
              "bowler": "JL Ontong",
              "non_striker": "DJ Jacobs",
              "runs": {
                "batter": 1,
                "extras": 0,
                "total": 1
              }
            },
            {
              "batter": "DJ Jacobs",
              "bowler": "JL Ontong",
              "non_striker": "C Jonker",
              "runs": {
                "batter": 0,
                "extras": 0,
                "total": 0
              }
            },
            {
              "batter": "DJ Jacobs",
              "bowler": "JL Ontong",
              "non_striker": "C Jonker",
              "runs": {
                "batter": 0,
                "extras": 0,
                "total": 0
              }
            },
            {
              "batter": "DJ Jacobs",
              "bowler": "JL Ontong",
              "non_striker": "C Jonker",
              "runs": {
                "batter": 1,
                "extras": 0,
                "total": 1
              }
            },
            {
              "batter": "C Jonker",
              "bowler": "JL Ontong",
              "non_striker": "DJ Jacobs",
              "runs": {
                "batter": 1,
                "extras": 0,
                "total": 1
              }
            }
          ]
        },
        {
          "over": 10,
          "deliveries": [
            {
              "batter": "C Jonker",
              "bowler": "DL Piedt",
              "non_striker": "DJ Jacobs",
              "runs": {
                "batter": 0,
                "extras": 0,
                "total": 0
              }
            },
            {
              "batter": "C Jonker",
              "bowler": "DL Piedt",
              "non_striker": "DJ Jacobs",
              "runs": {
                "batter": 1,
                "extras": 0,
                "total": 1
              }
            },
            {
              "batter": "DJ Jacobs",
              "bowler": "DL Piedt",
              "non_striker": "C Jonker",
              "runs": {
                "batter": 1,
                "extras": 0,
                "total": 1
              }
            },
            {
              "batter": "C Jonker",
              "bowler": "DL Piedt",
              "non_striker": "DJ Jacobs",
              "runs": {
                "batter": 1,
                "extras": 0,
                "total": 1
              }
            },
            {
              "batter": "DJ Jacobs",
              "bowler": "DL Piedt",
              "non_striker": "C Jonker",
              "runs": {
                "batter": 1,
                "extras": 0,
                "total": 1
              }
            },
            {
              "batter": "C Jonker",
              "bowler": "DL Piedt",
              "non_striker": "DJ Jacobs",
              "runs": {
                "batter": 4,
                "extras": 0,
                "total": 4
              }
            }
          ]
        },
        {
          "over": 11,
          "deliveries": [
            {
              "batter": "DJ Jacobs",
              "bowler": "JL Ontong",
              "non_striker": "C Jonker",
              "runs": {
                "batter": 1,
                "extras": 0,
                "total": 1
              }
            },
            {
              "batter": "C Jonker",
              "bowler": "JL Ontong",
              "non_striker": "DJ Jacobs",
              "runs": {
                "batter": 0,
                "extras": 0,
                "total": 0
              }
            },
            {
              "batter": "C Jonker",
              "bowler": "JL Ontong",
              "non_striker": "DJ Jacobs",
              "runs": {
                "batter": 6,
                "extras": 0,
                "total": 6
              }
            },
            {
              "batter": "C Jonker",
              "bowler": "JL Ontong",
              "non_striker": "DJ Jacobs",
              "runs": {
                "batter": 1,
                "extras": 0,
                "total": 1
              }
            },
            {
              "batter": "DJ Jacobs",
              "bowler": "JL Ontong",
              "non_striker": "C Jonker",
              "runs": {
                "batter": 1,
                "extras": 0,
                "total": 1
              }
            },
            {
              "batter": "C Jonker",
              "bowler": "JL Ontong",
              "non_striker": "DJ Jacobs",
              "runs": {
                "batter": 6,
                "extras": 0,
                "total": 6
              }
            }
          ]
        },
        {
          "over": 12,
          "deliveries": [
            {
              "batter": "DJ Jacobs",
              "bowler": "DL Piedt",
              "extras": {
                "byes": 1
              },
              "non_striker": "C Jonker",
              "runs": {
                "batter": 0,
                "extras": 1,
                "total": 1
              }
            },
            {
              "batter": "C Jonker",
              "bowler": "DL Piedt",
              "extras": {
                "wides": 3
              },
              "non_striker": "DJ Jacobs",
              "runs": {
                "batter": 0,
                "extras": 3,
                "total": 3
              }
            },
            {
              "batter": "C Jonker",
              "bowler": "DL Piedt",
              "non_striker": "DJ Jacobs",
              "runs": {
                "batter": 0,
                "extras": 0,
                "total": 0
              }
            },
            {
              "batter": "C Jonker",
              "bowler": "DL Piedt",
              "non_striker": "DJ Jacobs",
              "runs": {
                "batter": 6,
                "extras": 0,
                "total": 6
              }
            }
          ]
        }
      ],
      "powerplays": [
        {
          "from": 0.1,
          "to": 5.6,
          "type": "mandatory"
        }
      ],
      "target": {
        "overs": 19,
        "runs": 129
      }
    }
  ]
}