{
  "meta": {
    "data_version": "1.1.0",
    "created": "2022-04-03",
    "revision": 1
  },
  "info": {
    "balls_per_over": 6,
    "city": "Bloemfontein",
    "dates": [
      "2014-01-12"
    ],
    "event": {
      "name": "Ram Slam T20 Challenge"
    },
    "gender": "male",
    "match_type": "T20",
    "officials": {
      "match_referees": [
        "S Wadvalla"
      ],
      "reserve_umpires": [
        "BDA Westraadt"
      ],
      "tv_umpires": [
        "BM White"
      ],
      "umpires": [
        "KH Hurter",
        "MW Brown"
      ]
    },
    "outcome": {
      "winner": "Knights",
      "by": {
        "wickets": 9
      }
    },
    "overs": 20,
    "player_of_match": [
      "D Elgar",
      "RR Rossouw"
    ],
    "players": {
      "Lions": [
        "Q de Kock",
        "AN Petersen",
        "GH Bodi",
        "ND McKenzie",
        "Azhar Mahmood",
        "D Pretorius",
        "CH Morris",
        "TL Tsolekile",
        "Sohail Tanvir",
        "Imran Tahir",
        "AM Phangiso"
      ],
      "Knights": [
        "RR Hendricks",
        "RR Rossouw",
        "D Elgar",
        "PJ van Biljon",
        "R McLaren",
        "LN Mosena",
        "RK Terblanche",
        "JJ van der Wath",
        "D du Preez",
        "N Boje",
        "MP Siboto"
      ]
    },
    "registry": {
      "people": {
        "AM Phangiso": "7f8ecc51",
        "AN Petersen": "e01aafc1",
        "Azhar Mahmood": "9a158001",
        "BDA Westraadt": "d7327068",
        "BM White": "66c21d35",
        "CH Morris": "fb66ce1f",
        "D Elgar": "33085ffb",
        "D Pretorius": "11614d87",
        "D du Preez": "d7a57f75",
        "GH Bodi": "f390904d",
        "Imran Tahir": "acee4cc4",
        "JJ van der Wath": "6821ac10",
        "KH Hurter": "bda8cca8",
        "LN Mosena": "4c9c19e3",
        "MP Siboto": "9d50c7e1",
        "MW Brown": "d83d7796",
        "N Boje": "6a0537aa",
        "ND McKenzie": "a830c083",
        "PJ van Biljon": "4025c262",
        "Q de Kock": "372455c4",
        "R McLaren": "c654af19",
        "RK Terblanche": "807b63ae",
        "RR Hendricks": "b8cc58c9",
        "RR Rossouw": "cad00a4d",
        "S Wadvalla": "c1a1acf3",
        "Sohail Tanvir": "64d43928",
        "TL Tsolekile": "3b94297b"
      }
    },
    "season": "2013/14",
    "team_type": "club",
    "teams": [
      "Lions",
      "Knights"
    ],
    "toss": {
      "decision": "field",
      "winner": "Knights"
    },
    "venue": "Chevrolet Park, Bloemfontein"
  },
  "innings": [
    {
      "team": "Lions",
      "overs": [
        {
          "over": 0,
          "deliveries": [
            {
              "batter": "Q de Kock",
              "bowler": "JJ van der Wath",
              "non_striker": "AN Petersen",
              "runs": {
                "batter": 0,
                "extras": 0,
                "total": 0
              }
            },
            {
              "batter": "Q de Kock",
              "bowler": "JJ van der Wath",
              "non_striker": "AN Petersen",
              "runs": {
                "batter": 0,
                "extras": 0,
                "total": 0
              }
            },
            {
              "batter": "Q de Kock",
              "bowler": "JJ van der Wath",
              "non_striker": "AN Petersen",
              "runs": {
                "batter": 3,
                "extras": 0,
                "total": 3
              }
            },
            {
              "batter": "AN Petersen",
              "bowler": "JJ van der Wath",
              "non_striker": "Q de Kock",
              "runs": {
                "batter": 0,
                "extras": 0,
                "total": 0
              },
              "wickets": [
                {
                  "player_out": "AN Petersen",
                  "kind": "lbw"
                }
              ]
            },
            {
              "batter": "GH Bodi",
              "bowler": "JJ van der Wath",
              "non_striker": "Q de Kock",
              "runs": {
                "batter": 1,
                "extras": 0,
                "total": 1
              }
            },
            {
              "batter": "Q de Kock",
              "bowler": "JJ van der Wath",
              "non_striker": "GH Bodi",
              "runs": {
                "batter": 0,
                "extras": 0,
                "total": 0
              }
            }
          ]
        },
        {
          "over": 1,
          "deliveries": [
            {
              "batter": "GH Bodi",
              "bowler": "R McLaren",
              "non_striker": "Q de Kock",
              "runs": {
                "batter": 0,
                "extras": 0,
                "total": 0
              }
            },
            {
              "batter": "GH Bodi",
              "bowler": "R McLaren",
              "non_striker": "Q de Kock",
              "runs": {
                "batter": 1,
                "extras": 0,
                "total": 1
              }
            },
            {
              "batter": "Q de Kock",
              "bowler": "R McLaren",
              "non_striker": "GH Bodi",
              "runs": {
                "batter": 0,
                "extras": 0,
                "total": 0
              }
            },
            {
              "batter": "Q de Kock",
              "bowler": "R McLaren",
              "extras": {
                "legbyes": 1
              },
              "non_striker": "GH Bodi",
              "runs": {
                "batter": 0,
                "extras": 1,
                "total": 1
              }
            },
            {
              "batter": "GH Bodi",
              "bowler": "R McLaren",
              "non_striker": "Q de Kock",
              "runs": {
                "batter": 0,
                "extras": 0,
                "total": 0
              }
            },
            {
              "batter": "GH Bodi",
              "bowler": "R McLaren",
              "non_striker": "Q de Kock",
              "runs": {
                "batter": 0,
                "extras": 0,
                "total": 0
              }
            }
          ]
        },
        {
          "over": 2,
          "deliveries": [
            {
              "batter": "Q de Kock",
              "bowler": "JJ van der Wath",
              "non_striker": "GH Bodi",
              "runs": {
                "batter": 1,
                "extras": 0,
                "total": 1
              }
            },
            {
              "batter": "GH Bodi",
              "bowler": "JJ van der Wath",
              "extras": {
                "wides": 1
              },
              "non_striker": "Q de Kock",
              "runs": {
                "batter": 0,
                "extras": 1,
                "total": 1
              }
            },
            {
              "batter": "GH Bodi",
              "bowler": "JJ van der Wath",
              "non_striker": "Q de Kock",
              "runs": {
                "batter": 1,
                "extras": 0,
                "total": 1
              }
            },
            {
              "batter": "Q de Kock",
              "bowler": "JJ van der Wath",
              "non_striker": "GH Bodi",
              "runs": {
                "batter": 6,
                "extras": 0,
                "total": 6
              }
            },
            {
              "batter": "Q de Kock",
              "bowler": "JJ van der Wath",
              "non_striker": "GH Bodi",
              "runs": {
                "batter": 2,
                "extras": 0,
                "total": 2
              }
            },
            {
              "batter": "Q de Kock",
              "bowler": "JJ van der Wath",
              "non_striker": "GH Bodi",
              "runs": {
                "batter": 0,
                "extras": 0,
                "total": 0
              }
            },
            {
              "batter": "Q de Kock",
              "bowler": "JJ van der Wath",
              "non_striker": "GH Bodi",
              "runs": {
                "batter": 1,
                "extras": 0,
                "total": 1
              }
            }
          ]
        },
        {
          "over": 3,
          "deliveries": [
            {
              "batter": "Q de Kock",
              "bowler": "D du Preez",
              "non_striker": "GH Bodi",
              "runs": {
                "batter": 0,
                "extras": 0,
                "total": 0
              }
            },
            {
              "batter": "Q de Kock",
              "bowler": "D du Preez",
              "non_striker": "GH Bodi",
              "runs": {
                "batter": 4,
                "extras": 0,
                "total": 4
              }
            },
            {
              "batter": "Q de Kock",
              "bowler": "D du Preez",
              "non_striker": "GH Bodi",
              "runs": {
                "batter": 4,
                "extras": 0,
                "total": 4
              }
            },
            {
              "batter": "Q de Kock",
              "bowler": "D du Preez",
              "non_striker": "GH Bodi",
              "runs": {
                "batter": 0,
                "extras": 0,
                "total": 0
              }
            },
            {
              "batter": "Q de Kock",
              "bowler": "D du Preez",
              "non_striker": "GH Bodi",
              "runs": {
                "batter": 0,
                "extras": 0,
                "total": 0
              }
            },
            {
              "batter": "Q de Kock",
              "bowler": "D du Preez",
              "non_striker": "GH Bodi",
              "runs": {
                "batter": 2,
                "extras": 0,
                "total": 2
              }
            }
          ]
        },
        {
          "over": 4,
          "deliveries": [
            {
              "batter": "GH Bodi",
              "bowler": "R McLaren",
              "non_striker": "Q de Kock",
              "runs": {
                "batter": 1,
                "extras": 0,
                "total": 1
              }
            },
            {
              "batter": "Q de Kock",
              "bowler": "R McLaren",
              "non_striker": "GH Bodi",
              "runs": {
                "batter": 0,
                "extras": 0,
                "total": 0
              }
            },
            {
              "batter": "Q de Kock",
              "bowler": "R McLaren",
              "non_striker": "GH Bodi",
              "runs": {
                "batter": 1,
                "extras": 0,
                "total": 1
              }
            },
            {
              "batter": "GH Bodi",
              "bowler": "R McLaren",
              "non_striker": "Q de Kock",
              "runs": {
                "batter": 0,
                "extras": 0,
                "total": 0
              }
            },
            {
              "batter": "GH Bodi",
              "bowler": "R McLaren",
              "extras": {
                "wides": 1
              },
              "non_striker": "Q de Kock",
              "runs": {
                "batter": 0,
                "extras": 1,
                "total": 1
              }
            },
            {
              "batter": "GH Bodi",
              "bowler": "R McLaren",
              "non_striker": "Q de Kock",
              "runs": {
                "batter": 0,
                "extras": 0,
                "total": 0
              }
            },
            {
              "batter": "GH Bodi",
              "bowler": "R McLaren",
              "extras": {
                "wides": 1
              },
              "non_striker": "Q de Kock",
              "runs": {
                "batter": 0,
                "extras": 1,
                "total": 1
              }
            },
            {
              "batter": "GH Bodi",
              "bowler": "R McLaren",
              "non_striker": "Q de Kock",
              "runs": {
                "batter": 6,
                "extras": 0,
                "total": 6
              }
            }
          ]
        },
        {
          "over": 5,
          "deliveries": [
            {
              "batter": "Q de Kock",
              "bowler": "MP Siboto",
              "non_striker": "GH Bodi",
              "runs": {
                "batter": 0,
                "extras": 0,
                "total": 0
              }
            },
            {
              "batter": "Q de Kock",
              "bowler": "MP Siboto",
              "non_striker": "GH Bodi",
              "runs": {
                "batter": 0,
                "extras": 0,
                "total": 0
              }
            },
            {
              "batter": "Q de Kock",
              "bowler": "MP Siboto",
              "non_striker": "GH Bodi",
              "runs": {
                "batter": 4,
                "extras": 0,
                "total": 4
              }
            },
            {
              "batter": "Q de Kock",
              "bowler": "MP Siboto",
              "non_striker": "GH Bodi",
              "runs": {
                "batter": 1,
                "extras": 0,
                "total": 1
              }
            },
            {
              "batter": "GH Bodi",
              "bowler": "MP Siboto",
              "non_striker": "Q de Kock",
              "runs": {
                "batter": 1,
                "extras": 0,
                "total": 1
              }
            },
            {
              "batter": "Q de Kock",
              "bowler": "MP Siboto",
              "non_striker": "GH Bodi",
              "runs": {
                "batter": 1,
                "extras": 0,
                "total": 1
              }
            }
          ]
        },
        {
          "over": 6,
          "deliveries": [
            {
              "batter": "Q de Kock",
              "bowler": "D du Preez",
              "non_striker": "GH Bodi",
              "runs": {
                "batter": 2,
                "extras": 0,
                "total": 2
              }
            },
            {
              "batter": "Q de Kock",
              "bowler": "D du Preez",
              "non_striker": "GH Bodi",
              "runs": {
                "batter": 0,
                "extras": 0,
                "total": 0
              }
            },
            {
              "batter": "Q de Kock",
              "bowler": "D du Preez",
              "non_striker": "GH Bodi",
              "runs": {
                "batter": 1,
                "extras": 0,
                "total": 1
              }
            },
            {
              "batter": "GH Bodi",
              "bowler": "D du Preez",
              "non_striker": "Q de Kock",
              "runs": {
                "batter": 1,
                "extras": 0,
                "total": 1
              }
            },
            {
              "batter": "Q de Kock",
              "bowler": "D du Preez",
              "non_striker": "GH Bodi",
              "runs": {
                "batter": 0,
                "extras": 0,
                "total": 0
              }
            },
            {
              "batter": "Q de Kock",
              "bowler": "D du Preez",
              "non_striker": "GH Bodi",
              "runs": {
                "batter": 1,
                "extras": 0,
                "total": 1
              }
            }
          ]
        },
        {
          "over": 7,
          "deliveries": [
            {
              "batter": "Q de Kock",
              "bowler": "N Boje",
              "non_striker": "GH Bodi",
              "runs": {
                "batter": 0,
                "extras": 0,
                "total": 0
              }
            },
            {
              "batter": "Q de Kock",
              "bowler": "N Boje",
              "non_striker": "GH Bodi",
              "runs": {
                "batter": 4,
                "extras": 0,
                "total": 4
              }
            },
            {
              "batter": "Q de Kock",
              "bowler": "N Boje",
              "non_striker": "GH Bodi",
              "runs": {
                "batter": 1,
                "extras": 0,
                "total": 1
              }
            },
            {
              "batter": "GH Bodi",
              "bowler": "N Boje",
              "non_striker": "Q de Kock",
              "runs": {
                "batter": 1,
                "extras": 0,
                "total": 1
              }
            },
            {
              "batter": "Q de Kock",
              "bowler": "N Boje",
              "non_striker": "GH Bodi",
              "runs": {
                "batter": 0,
                "extras": 0,
                "total": 0
              }
            },
            {
              "batter": "Q de Kock",
              "bowler": "N Boje",
              "non_striker": "GH Bodi",
              "runs": {
                "batter": 1,
                "extras": 0,
                "total": 1
              }
            }
          ]
        },
        {
          "over": 8,
          "deliveries": [
            {
              "batter": "Q de Kock",
              "bowler": "MP Siboto",
              "non_striker": "GH Bodi",
              "runs": {
                "batter": 0,
                "extras": 0,
                "total": 0
              }
            },
            {
              "batter": "Q de Kock",
              "bowler": "MP Siboto",
              "non_striker": "GH Bodi",
              "runs": {
                "batter": 1,
                "extras": 0,
                "total": 1
              }
            },
            {
              "batter": "GH Bodi",
              "bowler": "MP Siboto",
              "non_striker": "Q de Kock",
              "runs": {
                "batter": 1,
                "extras": 0,
                "total": 1
              }
            },
            {
              "batter": "Q de Kock",
              "bowler": "MP Siboto",
              "non_striker": "GH Bodi",
              "runs": {
                "batter": 6,
                "extras": 0,
                "total": 6
              }
            },
            {
              "batter": "Q de Kock",
              "bowler": "MP Siboto",
              "non_striker": "GH Bodi",
              "runs": {
                "batter": 0,
                "extras": 0,
                "total": 0
              }
            },
            {
              "batter": "Q de Kock",
              "bowler": "MP Siboto",
              "non_striker": "GH Bodi",
              "runs": {
                "batter": 3,
                "extras": 0,
                "total": 3
              }
            }
          ]
        },
        {
          "over": 9,
          "deliveries": [
            {
              "batter": "Q de Kock",
              "bowler": "N Boje",
              "non_striker": "GH Bodi",
              "runs": {
                "batter": 1,
                "extras": 0,
                "total": 1
              }
            },
            {
              "batter": "GH Bodi",
              "bowler": "N Boje",
              "non_striker": "Q de Kock",
              "runs": {
                "batter": 0,
                "extras": 0,
                "total": 0
              }
            },
            {
              "batter": "GH Bodi",
              "bowler": "N Boje",
              "non_striker": "Q de Kock",
              "runs": {
                "batter": 6,
                "extras": 0,
                "total": 6
              }
            },
            {
              "batter": "GH Bodi",
              "bowler": "N Boje",
              "non_striker": "Q de Kock",
              "runs": {
                "batter": 1,
                "extras": 0,
                "total": 1
              }
            },
            {
              "batter": "Q de Kock",
              "bowler": "N Boje",
              "non_striker": "GH Bodi",
              "runs": {
                "batter": 1,
                "extras": 0,
                "total": 1
              }
            },
            {
              "batter": "GH Bodi",
              "bowler": "N Boje",
              "non_striker": "Q de Kock",
              "runs": {
                "batter": 0,
                "extras": 0,
                "total": 0
              }
            }
          ]
        },
        {
          "over": 10,
          "deliveries": [
            {
              "batter": "Q de Kock",
              "bowler": "D Elgar",
              "non_striker": "GH Bodi",
              "runs": {
                "batter": 1,
                "extras": 0,
                "total": 1
              }
            },
            {
              "batter": "GH Bodi",
              "bowler": "D Elgar",
              "non_striker": "Q de Kock",
              "runs": {
                "batter": 0,
                "extras": 0,
                "total": 0
              },
              "wickets": [
                {
                  "player_out": "GH Bodi",
                  "kind": "caught and bowled"
                }
              ]
            },
            {
              "batter": "Q de Kock",
              "bowler": "D Elgar",
              "non_striker": "ND McKenzie",
              "runs": {
                "batter": 1,
                "extras": 0,
                "total": 1
              }
            },
            {
              "batter": "ND McKenzie",
              "bowler": "D Elgar",
              "non_striker": "Q de Kock",
              "runs": {
                "batter": 1,
                "extras": 0,
                "total": 1
              }
            },
            {
              "batter": "Q de Kock",
              "bowler": "D Elgar",
              "non_striker": "ND McKenzie",
              "runs": {
                "batter": 1,
                "extras": 0,
                "total": 1
              }
            },
            {
              "batter": "ND McKenzie",
              "bowler": "D Elgar",
              "non_striker": "Q de Kock",
              "runs": {
                "batter": 1,
                "extras": 0,
                "total": 1
              }
            }
          ]
        },
        {
          "over": 11,
          "deliveries": [
            {
              "batter": "ND McKenzie",
              "bowler": "N Boje",
              "non_striker": "Q de Kock",
              "runs": {
                "batter": 1,
                "extras": 0,
                "total": 1
              }
            },
            {
              "batter": "Q de Kock",
              "bowler": "N Boje",
              "non_striker": "ND McKenzie",
              "runs": {
                "batter": 2,
                "extras": 0,
                "total": 2
              }
            },
            {
              "batter": "Q de Kock",
              "bowler": "N Boje",
              "non_striker": "ND McKenzie",
              "runs": {
                "batter": 1,
                "extras": 0,
                "total": 1
              }
            },
            {
              "batter": "ND McKenzie",
              "bowler": "N Boje",
              "non_striker": "Q de Kock",
              "runs": {
                "batter": 0,
                "extras": 0,
                "total": 0
              }
            },
            {
              "batter": "ND McKenzie",
              "bowler": "N Boje",
              "non_striker": "Q de Kock",
              "runs": {
                "batter": 4,
                "extras": 0,
                "total": 4
              }
            },
            {
              "batter": "ND McKenzie",
              "bowler": "N Boje",
              "non_striker": "Q de Kock",
              "runs": {
                "batter": 0,
                "extras": 0,
                "total": 0
              }
            }
          ]
        },
        {
          "over": 12,
          "deliveries": [
            {
              "batter": "Q de Kock",
              "bowler": "D Elgar",
              "non_striker": "ND McKenzie",
              "runs": {
                "batter": 1,
                "extras": 0,
                "total": 1
              }
            },
            {
              "batter": "ND McKenzie",
              "bowler": "D Elgar",
              "non_striker": "Q de Kock",
              "runs": {
                "batter": 0,
                "extras": 0,
                "total": 0
              }
            },
            {
              "batter": "ND McKenzie",
              "bowler": "D Elgar",
              "non_striker": "Q de Kock",
              "runs": {
                "batter": 1,
                "extras": 0,
                "total": 1
              }
            },
            {
              "batter": "Q de Kock",
              "bowler": "D Elgar",
              "non_striker": "ND McKenzie",
              "runs": {
                "batter": 1,
                "extras": 0,
                "total": 1
              }
            },
            {
              "batter": "ND McKenzie",
              "bowler": "D Elgar",
              "non_striker": "Q de Kock",
              "runs": {
                "batter": 0,
                "extras": 0,
                "total": 0
              }
            },
            {
              "batter": "ND McKenzie",
              "bowler": "D Elgar",
              "non_striker": "Q de Kock",
              "runs": {
                "batter": 1,
                "extras": 0,
                "total": 1
              }
            }
          ]
        },
        {
          "over": 13,
          "deliveries": [
            {
              "batter": "ND McKenzie",
              "bowler": "JJ van der Wath",
              "non_striker": "Q de Kock",
              "runs": {
                "batter": 1,
                "extras": 0,
                "total": 1
              }
            },
            {
              "batter": "Q de Kock",
              "bowler": "JJ van der Wath",
              "non_striker": "ND McKenzie",
              "runs": {
                "batter": 1,
                "extras": 0,
                "total": 1
              }
            },
            {
              "batter": "ND McKenzie",
              "bowler": "JJ van der Wath",
              "non_striker": "Q de Kock",
              "runs": {
                "batter": 0,
                "extras": 0,
                "total": 0
              }
            },
            {
              "batter": "ND McKenzie",
              "bowler": "JJ van der Wath",
              "non_striker": "Q de Kock",
              "runs": {
                "batter": 0,
                "extras": 0,
                "total": 0
              }
            },
            {
              "batter": "ND McKenzie",
              "bowler": "JJ van der Wath",
              "non_striker": "Q de Kock",
              "runs": {
                "batter": 1,
                "extras": 0,
                "total": 1
              }
            },
            {
              "batter": "Q de Kock",
              "bowler": "JJ van der Wath",
              "non_striker": "ND McKenzie",
              "runs": {
                "batter": 4,
                "extras": 0,
                "total": 4
              }
            }
          ]
        },
        {
          "over": 14,
          "deliveries": [
            {
              "batter": "ND McKenzie",
              "bowler": "D Elgar",
              "non_striker": "Q de Kock",
              "runs": {
                "batter": 1,
                "extras": 0,
                "total": 1
              }
            },
            {
              "batter": "Q de Kock",
              "bowler": "D Elgar",
              "non_striker": "ND McKenzie",
              "runs": {
                "batter": 1,
                "extras": 0,
                "total": 1
              }
            },
            {
              "batter": "ND McKenzie",
              "bowler": "D Elgar",
              "non_striker": "Q de Kock",
              "runs": {
                "batter": 1,
                "extras": 0,
                "total": 1
              }
            },
            {
              "batter": "Q de Kock",
              "bowler": "D Elgar",
              "non_striker": "ND McKenzie",
              "runs": {
                "batter": 4,
                "extras": 0,
                "total": 4
              }
            },
            {
              "batter": "Q de Kock",
              "bowler": "D Elgar",
              "non_striker": "ND McKenzie",
              "runs": {
                "batter": 1,
                "extras": 0,
                "total": 1
              }
            },
            {
              "batter": "ND McKenzie",
              "bowler": "D Elgar",
              "non_striker": "Q de Kock",
              "runs": {
                "batter": 0,
                "extras": 0,
                "total": 0
              }
            }
          ]
        },
        {
          "over": 15,
          "deliveries": [
            {
              "batter": "Q de Kock",
              "bowler": "D du Preez",
              "non_striker": "ND McKenzie",
              "runs": {
                "batter": 0,
                "extras": 0,
                "total": 0
              },
              "wickets": [
                {
                  "player_out": "Q de Kock",
                  "kind": "bowled"
                }
              ]
            },
            {
              "batter": "Azhar Mahmood",
              "bowler": "D du Preez",
              "non_striker": "ND McKenzie",
              "runs": {
                "batter": 0,
                "extras": 0,
                "total": 0
              }
            },
            {
              "batter": "Azhar Mahmood",
              "bowler": "D du Preez",
              "non_striker": "ND McKenzie",
              "runs": {
                "batter": 0,
                "extras": 0,
                "total": 0
              }
            },
            {
              "batter": "Azhar Mahmood",
              "bowler": "D du Preez",
              "non_striker": "ND McKenzie",
              "runs": {
                "batter": 2,
                "extras": 0,
                "total": 2
              }
            },
            {
              "batter": "Azhar Mahmood",
              "bowler": "D du Preez",
              "non_striker": "ND McKenzie",
              "runs": {
                "batter": 4,
                "extras": 0,
                "total": 4
              }
            },
            {
              "batter": "Azhar Mahmood",
              "bowler": "D du Preez",
              "non_striker": "ND McKenzie",
              "runs": {
                "batter": 1,
                "extras": 0,
                "total": 1
              }
            }
          ]
        },
        {
          "over": 16,
          "deliveries": [
            {
              "batter": "Azhar Mahmood",
              "bowler": "D Elgar",
              "non_striker": "ND McKenzie",
              "runs": {
                "batter": 1,
                "extras": 0,
                "total": 1
              }
            },
            {
              "batter": "ND McKenzie",
              "bowler": "D Elgar",
              "non_striker": "Azhar Mahmood",
              "runs": {
                "batter": 1,
                "extras": 0,
                "total": 1
              }
            },
            {
              "batter": "Azhar Mahmood",
              "bowler": "D Elgar",
              "non_striker": "ND McKenzie",
              "runs": {
                "batter": 1,
                "extras": 0,
                "total": 1
              }
            },
            {
              "batter": "ND McKenzie",
              "bowler": "D Elgar",
              "non_striker": "Azhar Mahmood",
              "runs": {
                "batter": 1,
                "extras": 0,
                "total": 1
              }
            },
            {
              "batter": "Azhar Mahmood",
              "bowler": "D Elgar",
              "non_striker": "ND McKenzie",
              "runs": {
                "batter": 0,
                "extras": 0,
                "total": 0
              }
            },
            {
              "batter": "Azhar Mahmood",
              "bowler": "D Elgar",
              "non_striker": "ND McKenzie",
              "runs": {
                "batter": 1,
                "extras": 0,
                "total": 1
              }
            }
          ]
        },
        {
          "over": 17,
          "deliveries": [
            {
              "batter": "Azhar Mahmood",
              "bowler": "R McLaren",
              "non_striker": "ND McKenzie",
              "runs": {
                "batter": 4,
                "extras": 0,
                "total": 4
              }
            },
            {
              "batter": "Azhar Mahmood",
              "bowler": "R McLaren",
              "non_striker": "ND McKenzie",
              "runs": {
                "batter": 1,
                "extras": 0,
                "total": 1
              }
            },
            {
              "batter": "ND McKenzie",
              "bowler": "R McLaren",
              "non_striker": "Azhar Mahmood",
              "runs": {
                "batter": 1,
                "extras": 0,
                "total": 1
              }
            },
            {
              "batter": "Azhar Mahmood",
              "bowler": "R McLaren",
              "non_striker": "ND McKenzie",
              "runs": {
                "batter": 4,
                "extras": 0,
                "total": 4
              }
            },
            {
              "batter": "Azhar Mahmood",
              "bowler": "R McLaren",
              "non_striker": "ND McKenzie",
              "runs": {
                "batter": 0,
                "extras": 0,
                "total": 0
              }
            },
            {
              "batter": "Azhar Mahmood",
              "bowler": "R McLaren",
              "non_striker": "ND McKenzie",
              "runs": {
                "batter": 1,
                "extras": 0,
                "total": 1
              }
            }
          ]
        },
        {
          "over": 18,
          "deliveries": [
            {
              "batter": "Azhar Mahmood",
              "bowler": "JJ van der Wath",
              "non_striker": "ND McKenzie",
              "runs": {
                "batter": 0,
                "extras": 0,
                "total": 0
              }
            },
            {
              "batter": "Azhar Mahmood",
              "bowler": "JJ van der Wath",
              "extras": {
                "wides": 1
              },
              "non_striker": "ND McKenzie",
              "runs": {
                "batter": 0,
                "extras": 1,
                "total": 1
              }
            },
            {
              "batter": "Azhar Mahmood",
              "bowler": "JJ van der Wath",
              "non_striker": "ND McKenzie",
              "runs": {
                "batter": 1,
                "extras": 0,
                "total": 1
              }
            },
            {
              "batter": "ND McKenzie",
              "bowler": "JJ van der Wath",
              "extras": {
                "legbyes": 1
              },
              "non_striker": "Azhar Mahmood",
              "runs": {
                "batter": 0,
                "extras": 1,
                "total": 1
              }
            },
            {
              "batter": "Azhar Mahmood",
              "bowler": "JJ van der Wath",
              "non_striker": "ND McKenzie",
              "runs": {
                "batter": 2,
                "extras": 0,
                "total": 2
              }
            },
            {
              "batter": "Azhar Mahmood",
              "bowler": "JJ van der Wath",
              "non_striker": "ND McKenzie",
              "runs": {
                "batter": 1,
                "extras": 0,
                "total": 1
              }
            },
            {
              "batter": "ND McKenzie",
              "bowler": "JJ van der Wath",
              "non_striker": "Azhar Mahmood",
              "runs": {
                "batter": 2,
                "extras": 0,
                "total": 2
              }
            }
          ]
        },
        {
          "over": 19,
          "deliveries": [
            {
              "batter": "Azhar Mahmood",
              "bowler": "R McLaren",
              "non_striker": "ND McKenzie",
              "runs": {
                "batter": 2,
                "extras": 0,
                "total": 2
              }
            },
            {
              "batter": "Azhar Mahmood",
              "bowler": "R McLaren",
              "extras": {
                "byes": 1
              },
              "non_striker": "ND McKenzie",
              "runs": {
                "batter": 0,
                "extras": 1,
                "total": 1
              }
            },
            {
              "batter": "ND McKenzie",
              "bowler": "R McLaren",
              "extras": {
                "wides": 1
              },
              "non_striker": "Azhar Mahmood",
              "runs": {
                "batter": 0,
                "extras": 1,
                "total": 1
              }
            },
            {
              "batter": "ND McKenzie",
              "bowler": "R McLaren",
              "non_striker": "Azhar Mahmood",
              "runs": {
                "batter": 1,
                "extras": 0,
                "total": 1
              }
            },
            {
              "batter": "Azhar Mahmood",
              "bowler": "R McLaren",
              "non_striker": "ND McKenzie",
              "runs": {
                "batter": 1,
                "extras": 0,
                "total": 1
              }
            },
            {
              "batter": "ND McKenzie",
              "bowler": "R McLaren",
              "non_striker": "Azhar Mahmood",
              "runs": {
                "batter": 4,
                "extras": 0,
                "total": 4
              }
            },
            {
              "batter": "ND McKenzie",
              "bowler": "R McLaren",
              "non_striker": "Azhar Mahmood",
              "runs": {
                "batter": 1,
                "extras": 0,
                "total": 1
              },
              "wickets": [
                {
                  "player_out": "ND McKenzie",
                  "fielders": [
                    {
                      "name": "RK Terblanche"
                    }
                  ],
                  "kind": "run out"
                }
              ]
            }
          ]
        }
      ],
      "powerplays": [
        {
          "from": 0.1,
          "to": 5.6,
          "type": "mandatory"
        }
      ]
    },
    {
      "team": "Knights",
      "overs": [
        {
          "over": 0,
          "deliveries": [
            {
              "batter": "RR Hendricks",
              "bowler": "Sohail Tanvir",
              "non_striker": "RR Rossouw",
              "runs": {
                "batter": 0,
                "extras": 0,
                "total": 0
              }
            },
            {
              "batter": "RR Hendricks",
              "bowler": "Sohail Tanvir",
              "non_striker": "RR Rossouw",
              "runs": {
                "batter": 1,
                "extras": 0,
                "total": 1
              }
            },
            {
              "batter": "RR Rossouw",
              "bowler": "Sohail Tanvir",
              "non_striker": "RR Hendricks",
              "runs": {
                "batter": 0,
                "extras": 0,
                "total": 0
              }
            },
            {
              "batter": "RR Rossouw",
              "bowler": "Sohail Tanvir",
              "non_striker": "RR Hendricks",
              "runs": {
                "batter": 0,
                "extras": 0,
                "total": 0
              }
            },
            {
              "batter": "RR Rossouw",
              "bowler": "Sohail Tanvir",
              "non_striker": "RR Hendricks",
              "runs": {
                "batter": 4,
                "extras": 0,
                "total": 4
              }
            },
            {
              "batter": "RR Rossouw",
              "bowler": "Sohail Tanvir",
              "non_striker": "RR Hendricks",
              "runs": {
                "batter": 0,
                "extras": 0,
                "total": 0
              }
            }
          ]
        },
        {
          "over": 1,
          "deliveries": [
            {
              "batter": "RR Hendricks",
              "bowler": "CH Morris",
              "extras": {
                "wides": 1
              },
              "non_striker": "RR Rossouw",
              "runs": {
                "batter": 0,
                "extras": 1,
                "total": 1
              }
            },
            {
              "batter": "RR Hendricks",
              "bowler": "CH Morris",
              "non_striker": "RR Rossouw",
              "runs": {
                "batter": 0,
                "extras": 0,
                "total": 0
              }
            },
            {
              "batter": "RR Hendricks",
              "bowler": "CH Morris",
              "non_striker": "RR Rossouw",
              "runs": {
                "batter": 2,
                "extras": 0,
                "total": 2
              }
            },
            {
              "batter": "RR Hendricks",
              "bowler": "CH Morris",
              "non_striker": "RR Rossouw",
              "runs": {
                "batter": 2,
                "extras": 0,
                "total": 2
              }
            },
            {
              "batter": "RR Hendricks",
              "bowler": "CH Morris",
              "non_striker": "RR Rossouw",
              "runs": {
                "batter": 0,
                "extras": 0,
                "total": 0
              }
            },
            {
              "batter": "RR Hendricks",
              "bowler": "CH Morris",
              "non_striker": "RR Rossouw",
              "runs": {
                "batter": 2,
                "extras": 0,
                "total": 2
              }
            },
            {
              "batter": "RR Hendricks",
              "bowler": "CH Morris",
              "non_striker": "RR Rossouw",
              "runs": {
                "batter": 4,
                "extras": 0,
                "total": 4
              }
            }
          ]
        },
        {
          "over": 2,
          "deliveries": [
            {
              "batter": "RR Rossouw",
              "bowler": "Sohail Tanvir",
              "non_striker": "RR Hendricks",
              "runs": {
                "batter": 0,
                "extras": 0,
                "total": 0
              }
            },
            {
              "batter": "RR Rossouw",
              "bowler": "Sohail Tanvir",
              "non_striker": "RR Hendricks",
              "runs": {
                "batter": 4,
                "extras": 0,
                "total": 4
              }
            },
            {
              "batter": "RR Rossouw",
              "bowler": "Sohail Tanvir",
              "non_striker": "RR Hendricks",
              "runs": {
                "batter": 0,
                "extras": 0,
                "total": 0
              }
            },
            {
              "batter": "RR Rossouw",
              "bowler": "Sohail Tanvir",
              "non_striker": "RR Hendricks",
              "runs": {
                "batter": 0,
                "extras": 0,
                "total": 0
              }
            },
            {
              "batter": "RR Rossouw",
              "bowler": "Sohail Tanvir",
              "extras": {
                "wides": 1
              },
              "non_striker": "RR Hendricks",
              "runs": {
                "batter": 0,
                "extras": 1,
                "total": 1
              }
            },
            {
              "batter": "RR Rossouw",
              "bowler": "Sohail Tanvir",
              "non_striker": "RR Hendricks",
              "runs": {
                "batter": 4,
                "extras": 0,
                "total": 4
              }
            },
            {
              "batter": "RR Rossouw",
              "bowler": "Sohail Tanvir",
              "non_striker": "RR Hendricks",
              "runs": {
                "batter": 1,
                "extras": 0,
                "total": 1
              }
            }
          ]
        },
        {
          "over": 3,
          "deliveries": [
            {
              "batter": "RR Rossouw",
              "bowler": "CH Morris",
              "non_striker": "RR Hendricks",
              "runs": {
                "batter": 4,
                "extras": 0,
                "total": 4
              }
            },
            {
              "batter": "RR Rossouw",
              "bowler": "CH Morris",
              "non_striker": "RR Hendricks",
              "runs": {
                "batter": 1,
                "extras": 0,
                "total": 1
              }
            },
            {
              "batter": "RR Hendricks",
              "bowler": "CH Morris",
              "non_striker": "RR Rossouw",
              "runs": {
                "batter": 4,
                "extras": 0,
                "total": 4
              }
            },
            {
              "batter": "RR Hendricks",
              "bowler": "CH Morris",
              "non_striker": "RR Rossouw",
              "runs": {
                "batter": 1,
                "extras": 0,
                "total": 1
              }
            },
            {
              "batter": "RR Rossouw",
              "bowler": "CH Morris",
              "non_striker": "RR Hendricks",
              "runs": {
                "batter": 0,
                "extras": 0,
                "total": 0
              }
            },
            {
              "batter": "RR Rossouw",
              "bowler": "CH Morris",
              "non_striker": "RR Hendricks",
              "runs": {
                "batter": 6,
                "extras": 0,
                "total": 6
              }
            }
          ]
        },
        {
          "over": 4,
          "deliveries": [
            {
              "batter": "RR Hendricks",
              "bowler": "Azhar Mahmood",
              "non_striker": "RR Rossouw",
              "runs": {
                "batter": 1,
                "extras": 0,
                "total": 1
              }
            },
            {
              "batter": "RR Rossouw",
              "bowler": "Azhar Mahmood",
              "non_striker": "RR Hendricks",
              "runs": {
                "batter": 0,
                "extras": 0,
                "total": 0
              }
            },
            {
              "batter": "RR Rossouw",
              "bowler": "Azhar Mahmood",
              "non_striker": "RR Hendricks",
              "runs": {
                "batter": 0,
                "extras": 0,
                "total": 0
              }
            },
            {
              "batter": "RR Rossouw",
              "bowler": "Azhar Mahmood",
              "non_striker": "RR Hendricks",
              "runs": {
                "batter": 6,
                "extras": 0,
                "total": 6
              }
            },
            {
              "batter": "RR Rossouw",
              "bowler": "Azhar Mahmood",
              "non_striker": "RR Hendricks",
              "runs": {
                "batter": 0,
                "extras": 0,
                "total": 0
              }
            },
            {
              "batter": "RR Rossouw",
              "bowler": "Azhar Mahmood",
              "non_striker": "RR Hendricks",
              "runs": {
                "batter": 0,
                "extras": 0,
                "total": 0
              }
            }
          ]
        },
        {
          "over": 5,
          "deliveries": [
            {
              "batter": "RR Hendricks",
              "bowler": "Imran Tahir",
              "non_striker": "RR Rossouw",
              "runs": {
                "batter": 4,
                "extras": 0,
                "total": 4
              }
            },
            {
              "batter": "RR Hendricks",
              "bowler": "Imran Tahir",
              "non_striker": "RR Rossouw",
              "runs": {
                "batter": 0,
                "extras": 0,
                "total": 0
              }
            },
            {
              "batter": "RR Hendricks",
              "bowler": "Imran Tahir",
              "non_striker": "RR Rossouw",
              "runs": {
                "batter": 2,
                "extras": 0,
                "total": 2
              }
            },
            {
              "batter": "RR Hendricks",
              "bowler": "Imran Tahir",
              "non_striker": "RR Rossouw",
              "runs": {
                "batter": 4,
                "extras": 0,
                "total": 4
              }
            },
            {
              "batter": "RR Hendricks",
              "bowler": "Imran Tahir",
              "non_striker": "RR Rossouw",
              "runs": {
                "batter": 1,
                "extras": 0,
                "total": 1
              }
            },
            {
              "batter": "RR Rossouw",
              "bowler": "Imran Tahir",
              "non_striker": "RR Hendricks",
              "runs": {
                "batter": 1,
                "extras": 0,
                "total": 1
              }
            }
          ]
        },
        {
          "over": 6,
          "deliveries": [
            {
              "batter": "RR Rossouw",
              "bowler": "Azhar Mahmood",
              "non_striker": "RR Hendricks",
              "runs": {
                "batter": 0,
                "extras": 0,
                "total": 0
              }
            },
            {
              "batter": "RR Rossouw",
              "bowler": "Azhar Mahmood",
              "non_striker": "RR Hendricks",
              "runs": {
                "batter": 1,
                "extras": 0,
                "total": 1
              }
            },
            {
              "batter": "RR Hendricks",
              "bowler": "Azhar Mahmood",
              "non_striker": "RR Rossouw",
              "runs": {
                "batter": 1,
                "extras": 0,
                "total": 1
              }
            },
            {
              "batter": "RR Rossouw",
              "bowler": "Azhar Mahmood",
              "non_striker": "RR Hendricks",
              "runs": {
                "batter": 1,
                "extras": 0,
                "total": 1
              }
            },
            {
              "batter": "RR Hendricks",
              "bowler": "Azhar Mahmood",
              "non_striker": "RR Rossouw",
              "runs": {
                "batter": 0,
                "extras": 0,
                "total": 0
              }
            },
            {
              "batter": "RR Hendricks",
              "bowler": "Azhar Mahmood",
              "non_striker": "RR Rossouw",
              "runs": {
                "batter": 1,
                "extras": 0,
                "total": 1
              }
            }
          ]
        },
        {
          "over": 7,
          "deliveries": [
            {
              "batter": "RR Hendricks",
              "bowler": "Imran Tahir",
              "non_striker": "RR Rossouw",
              "runs": {
                "batter": 2,
                "extras": 0,
                "total": 2
              }
            },
            {
              "batter": "RR Hendricks",
              "bowler": "Imran Tahir",
              "non_striker": "RR Rossouw",
              "runs": {
                "batter": 0,
                "extras": 0,
                "total": 0
              }
            },
            {
              "batter": "RR Hendricks",
              "bowler": "Imran Tahir",
              "non_striker": "RR Rossouw",
              "runs": {
                "batter": 1,
                "extras": 0,
                "total": 1
              }
            },
            {
              "batter": "RR Rossouw",
              "bowler": "Imran Tahir",
              "non_striker": "RR Hendricks",
              "runs": {
                "batter": 1,
                "extras": 0,
                "total": 1
              }
            },
            {
              "batter": "RR Hendricks",
              "bowler": "Imran Tahir",
              "non_striker": "RR Rossouw",
              "runs": {
                "batter": 0,
                "extras": 0,
                "total": 0
              }
            },
            {
              "batter": "RR Hendricks",
              "bowler": "Imran Tahir",
              "non_striker": "RR Rossouw",
              "runs": {
                "batter": 1,
                "extras": 0,
                "total": 1
              }
            }
          ]
        },
        {
          "over": 8,
          "deliveries": [
            {
              "batter": "RR Hendricks",
              "bowler": "AM Phangiso",
              "non_striker": "RR Rossouw",
              "runs": {
                "batter": 1,
                "extras": 0,
                "total": 1
              }
            },
            {
              "batter": "RR Rossouw",
              "bowler": "AM Phangiso",
              "non_striker": "RR Hendricks",
              "runs": {
                "batter": 1,
                "extras": 0,
                "total": 1
              }
            },
            {
              "batter": "RR Hendricks",
              "bowler": "AM Phangiso",
              "non_striker": "RR Rossouw",
              "runs": {
                "batter": 2,
                "extras": 0,
                "total": 2
              }
            },
            {
              "batter": "RR Hendricks",
              "bowler": "AM Phangiso",
              "non_striker": "RR Rossouw",
              "runs": {
                "batter": 4,
                "extras": 0,
                "total": 4
              }
            },
            {
              "batter": "RR Hendricks",
              "bowler": "AM Phangiso",
              "non_striker": "RR Rossouw",
              "runs": {
                "batter": 1,
                "extras": 0,
                "total": 1
              }
            },
            {
              "batter": "RR Rossouw",
              "bowler": "AM Phangiso",
              "non_striker": "RR Hendricks",
              "runs": {
                "batter": 1,
                "extras": 0,
                "total": 1
              }
            }
          ]
        },
        {
          "over": 9,
          "deliveries": [
            {
              "batter": "RR Rossouw",
              "bowler": "Imran Tahir",
              "non_striker": "RR Hendricks",
              "runs": {
                "batter": 4,
                "extras": 0,
                "total": 4
              }
            },
            {
              "batter": "RR Rossouw",
              "bowler": "Imran Tahir",
              "non_striker": "RR Hendricks",
              "runs": {
                "batter": 1,
                "extras": 0,
                "total": 1
              }
            },
            {
              "batter": "RR Hendricks",
              "bowler": "Imran Tahir",
              "non_striker": "RR Rossouw",
              "runs": {
                "batter": 0,
                "extras": 0,
                "total": 0
              }
            },
            {
              "batter": "RR Hendricks",
              "bowler": "Imran Tahir",
              "non_striker": "RR Rossouw",
              "runs": {
                "batter": 1,
                "extras": 0,
                "total": 1
              }
            },
            {
              "batter": "RR Rossouw",
              "bowler": "Imran Tahir",
              "non_striker": "RR Hendricks",
              "runs": {
                "batter": 1,
                "extras": 0,
                "total": 1
              }
            },
            {
              "batter": "RR Hendricks",
              "bowler": "Imran Tahir",
              "non_striker": "RR Rossouw",
              "runs": {
                "batter": 2,
                "extras": 0,
                "total": 2
              }
            }
          ]
        },
        {
          "over": 10,
          "deliveries": [
            {
              "batter": "RR Rossouw",
              "bowler": "AM Phangiso",
              "non_striker": "RR Hendricks",
              "runs": {
                "batter": 0,
                "extras": 0,
                "total": 0
              }
            },
            {
              "batter": "RR Rossouw",
              "bowler": "AM Phangiso",
              "non_striker": "RR Hendricks",
              "runs": {
                "batter": 4,
                "extras": 0,
                "total": 4
              }
            },
            {
              "batter": "RR Rossouw",
              "bowler": "AM Phangiso",
              "non_striker": "RR Hendricks",
              "runs": {
                "batter": 1,
                "extras": 0,
                "total": 1
              }
            },
            {
              "batter": "RR Hendricks",
              "bowler": "AM Phangiso",
              "non_striker": "RR Rossouw",
              "runs": {
                "batter": 1,
                "extras": 0,
                "total": 1
              }
            },
            {
              "batter": "RR Rossouw",
              "bowler": "AM Phangiso",
              "extras": {
                "wides": 1
              },
              "non_striker": "RR Hendricks",
              "runs": {
                "batter": 0,
                "extras": 1,
                "total": 1
              }
            },
            {
              "batter": "RR Rossouw",
              "bowler": "AM Phangiso",
              "non_striker": "RR Hendricks",
              "runs": {
                "batter": 0,
                "extras": 0,
                "total": 0
              }
            },
            {
              "batter": "RR Rossouw",
              "bowler": "AM Phangiso",
              "non_striker": "RR Hendricks",
              "runs": {
                "batter": 1,
                "extras": 0,
                "total": 1
              }
            }
          ]
        },
        {
          "over": 11,
          "deliveries": [
            {
              "batter": "RR Rossouw",
              "bowler": "D Pretorius",
              "non_striker": "RR Hendricks",
              "runs": {
                "batter": 0,
                "extras": 0,
                "total": 0
              }
            },
            {
              "batter": "RR Rossouw",
              "bowler": "D Pretorius",
              "non_striker": "RR Hendricks",
              "runs": {
                "batter": 2,
                "extras": 0,
                "total": 2
              }
            },
            {
              "batter": "RR Rossouw",
              "bowler": "D Pretorius",
              "non_striker": "RR Hendricks",
              "runs": {
                "batter": 1,
                "extras": 0,
                "total": 1
              }
            },
            {
              "batter": "RR Hendricks",
              "bowler": "D Pretorius",
              "non_striker": "RR Rossouw",
              "runs": {
                "batter": 0,
                "extras": 0,
                "total": 0
              }
            },
            {
              "batter": "RR Hendricks",
              "bowler": "D Pretorius",
              "non_striker": "RR Rossouw",
              "runs": {
                "batter": 1,
                "extras": 0,
                "total": 1
              }
            },
            {
              "batter": "RR Rossouw",
              "bowler": "D Pretorius",
              "non_striker": "RR Hendricks",
              "runs": {
                "batter": 4,
                "extras": 0,
                "total": 4
              }
            }
          ]
        },
        {
          "over": 12,
          "deliveries": [
            {
              "batter": "RR Hendricks",
              "bowler": "AM Phangiso",
              "non_striker": "RR Rossouw",
              "runs": {
                "batter": 1,
                "extras": 0,
                "total": 1
              }
            },
            {
              "batter": "RR Rossouw",
              "bowler": "AM Phangiso",
              "non_striker": "RR Hendricks",
              "runs": {
                "batter": 4,
                "extras": 0,
                "total": 4
              }
            },
            {
              "batter": "RR Rossouw",
              "bowler": "AM Phangiso",
              "extras": {
                "wides": 1
              },
              "non_striker": "RR Hendricks",
              "runs": {
                "batter": 0,
                "extras": 1,
                "total": 1
              }
            },
            {
              "batter": "RR Rossouw",
              "bowler": "AM Phangiso",
              "non_striker": "RR Hendricks",
              "runs": {
                "batter": 2,
                "extras": 0,
                "total": 2
              }
            },
            {
              "batter": "RR Rossouw",
              "bowler": "AM Phangiso",
              "non_striker": "RR Hendricks",
              "runs": {
                "batter": 1,
                "extras": 0,
                "total": 1
              }
            },
            {
              "batter": "RR Hendricks",
              "bowler": "AM Phangiso",
              "non_striker": "RR Rossouw",
              "runs": {
                "batter": 1,
                "extras": 0,
                "total": 1
              }
            },
            {
              "batter": "RR Rossouw",
              "bowler": "AM Phangiso",
              "non_striker": "RR Hendricks",
              "runs": {
                "batter": 1,
                "extras": 0,
                "total": 1
              }
            }
          ]
        },
        {
          "over": 13,
          "deliveries": [
            {
              "batter": "RR Rossouw",
              "bowler": "Azhar Mahmood",
              "non_striker": "RR Hendricks",
              "runs": {
                "batter": 1,
                "extras": 0,
                "total": 1
              }
            },
            {
              "batter": "RR Hendricks",
              "bowler": "Azhar Mahmood",
              "non_striker": "RR Rossouw",
              "runs": {
                "batter": 0,
                "extras": 0,
                "total": 0
              }
            },
            {
              "batter": "RR Hendricks",
              "bowler": "Azhar Mahmood",
              "non_striker": "RR Rossouw",
              "runs": {
                "batter": 2,
                "extras": 0,
                "total": 2
              }
            },
            {
              "batter": "RR Hendricks",
              "bowler": "Azhar Mahmood",
              "non_striker": "RR Rossouw",
              "runs": {
                "batter": 0,
                "extras": 0,
                "total": 0
              }
            },
            {
              "batter": "RR Hendricks",
              "bowler": "Azhar Mahmood",
              "non_striker": "RR Rossouw",
              "runs": {
                "batter": 1,
                "extras": 0,
                "total": 1
              }
            },
            {
              "batter": "RR Rossouw",
              "bowler": "Azhar Mahmood",
              "non_striker": "RR Hendricks",
              "runs": {
                "batter": 1,
                "extras": 0,
                "total": 1
              }
            }
          ]
        },
        {
          "over": 14,
          "deliveries": [
            {
              "batter": "RR Rossouw",
              "bowler": "CH Morris",
              "non_striker": "RR Hendricks",
              "runs": {
                "batter": 1,
                "extras": 0,
                "total": 1
              }
            },
            {
              "batter": "RR Hendricks",
              "bowler": "CH Morris",
              "non_striker": "RR Rossouw",
              "runs": {
                "batter": 0,
                "extras": 0,
                "total": 0
              }
            },
            {
              "batter": "RR Hendricks",
              "bowler": "CH Morris",
              "non_striker": "RR Rossouw",
              "runs": {
                "batter": 2,
                "extras": 0,
                "total": 2
              }
            },
            {
              "batter": "RR Hendricks",
              "bowler": "CH Morris",
              "non_striker": "RR Rossouw",
              "runs": {
                "batter": 0,
                "extras": 0,
                "total": 0
              }
            },
            {
              "batter": "RR Hendricks",
              "bowler": "CH Morris",
              "non_striker": "RR Rossouw",
              "runs": {
                "batter": 1,
                "extras": 0,
                "total": 1
              }
            },
            {
              "batter": "RR Rossouw",
              "bowler": "CH Morris",
              "non_striker": "RR Hendricks",
              "runs": {
                "batter": 1,
                "extras": 0,
                "total": 1
              }
            }
          ]
        },
        {
          "over": 15,
          "deliveries": [
            {
              "batter": "RR Rossouw",
              "bowler": "Sohail Tanvir",
              "non_striker": "RR Hendricks",
              "runs": {
                "batter": 0,
                "extras": 0,
                "total": 0
              }
            },
            {
              "batter": "RR Rossouw",
              "bowler": "Sohail Tanvir",
              "non_striker": "RR Hendricks",
              "runs": {
                "batter": 0,
                "extras": 0,
                "total": 0
              }
            },
            {
              "batter": "RR Rossouw",
              "bowler": "Sohail Tanvir",
              "non_striker": "RR Hendricks",
              "runs": {
                "batter": 0,
                "extras": 0,
                "total": 0
              }
            },
            {
              "batter": "RR Rossouw",
              "bowler": "Sohail Tanvir",
              "extras": {
                "noballs": 1
              },
              "non_striker": "RR Hendricks",
              "runs": {
                "batter": 4,
                "extras": 1,
                "total": 5
              }
            },
            {
              "batter": "RR Rossouw",
              "bowler": "Sohail Tanvir",
              "non_striker": "RR Hendricks",
              "runs": {
                "batter": 0,
                "extras": 0,
                "total": 0
              }
            },
            {
              "batter": "RR Rossouw",
              "bowler": "Sohail Tanvir",
              "non_striker": "RR Hendricks",
              "runs": {
                "batter": 1,
                "extras": 0,
                "total": 1
              }
            },
            {
              "batter": "RR Hendricks",
              "bowler": "Sohail Tanvir",
              "non_striker": "RR Rossouw",
              "runs": {
                "batter": 1,
                "extras": 0,
                "total": 1
              }
            }
          ]
        },
        {
          "over": 16,
          "deliveries": [
            {
              "batter": "RR Hendricks",
              "bowler": "CH Morris",
              "non_striker": "RR Rossouw",
              "runs": {
                "batter": 1,
                "extras": 0,
                "total": 1
              }
            },
            {
              "batter": "RR Rossouw",
              "bowler": "CH Morris",
              "non_striker": "RR Hendricks",
              "runs": {
                "batter": 0,
                "extras": 0,
                "total": 0
              },
              "wickets": [
                {
                  "player_out": "RR Rossouw",
                  "fielders": [
                    {
                      "name": "D Pretorius"
                    }
                  ],
                  "kind": "caught"
                }
              ]
            },
            {
              "batter": "RR Hendricks",
              "bowler": "CH Morris",
              "non_striker": "D Elgar",
              "runs": {
                "batter": 1,
                "extras": 0,
                "total": 1
              }
            },
            {
              "batter": "D Elgar",
              "bowler": "CH Morris",
              "non_striker": "RR Hendricks",
              "runs": {
                "batter": 1,
                "extras": 0,
                "total": 1
              }
            },
            {
              "batter": "RR Hendricks",
              "bowler": "CH Morris",
              "non_striker": "D Elgar",
              "runs": {
                "batter": 0,
                "extras": 0,
                "total": 0
              }
            },
            {
              "batter": "RR Hendricks",
              "bowler": "CH Morris",
              "non_striker": "D Elgar",
              "runs": {
                "batter": 1,
                "extras": 0,
                "total": 1
              }
            }
          ]
        },
        {
          "over": 17,
          "deliveries": [
            {
              "batter": "RR Hendricks",
              "bowler": "Sohail Tanvir",
              "non_striker": "D Elgar",
              "runs": {
                "batter": 1,
                "extras": 0,
                "total": 1
              }
            },
            {
              "batter": "D Elgar",
              "bowler": "Sohail Tanvir",
              "non_striker": "RR Hendricks",
              "runs": {
                "batter": 1,
                "extras": 0,
                "total": 1
              }
            },
            {
              "batter": "RR Hendricks",
              "bowler": "Sohail Tanvir",
              "non_striker": "D Elgar",
              "runs": {
                "batter": 4,
                "extras": 0,
                "total": 4
              }
            },
            {
              "batter": "RR Hendricks",
              "bowler": "Sohail Tanvir",
              "non_striker": "D Elgar",
              "runs": {
                "batter": 4,
                "extras": 0,
                "total": 4
              }
            },
            {
              "batter": "RR Hendricks",
              "bowler": "Sohail Tanvir",
              "non_striker": "D Elgar",
              "runs": {
                "batter": 1,
                "extras": 0,
                "total": 1
              }
            },
            {
              "batter": "D Elgar",
              "bowler": "Sohail Tanvir",
              "non_striker": "RR Hendricks",
              "runs": {
                "batter": 1,
                "extras": 0,
                "total": 1
              }
            }
          ]
        },
        {
          "over": 18,
          "deliveries": [
            {
              "batter": "D Elgar",
              "bowler": "Imran Tahir",
              "non_striker": "RR Hendricks",
              "runs": {
                "batter": 0,
                "extras": 0,
                "total": 0
              }
            },
            {
              "batter": "D Elgar",
              "bowler": "Imran Tahir",
              "non_striker": "RR Hendricks",
              "runs": {
                "batter": 0,
                "extras": 0,
                "total": 0
              }
            },
            {
              "batter": "D Elgar",
              "bowler": "Imran Tahir",
              "non_striker": "RR Hendricks",
              "runs": {
                "batter": 0,
                "extras": 0,
                "total": 0
              }
            },
            {
              "batter": "D Elgar",
              "bowler": "Imran Tahir",
              "non_striker": "RR Hendricks",
              "runs": {
                "batter": 4,
                "extras": 0,
                "total": 4
              }
            }
          ]
        }
      ],
      "powerplays": [
        {
          "from": 0.1,
          "to": 5.6,
          "type": "mandatory"
        }
      ],
      "target": {
        "overs": 20,
        "runs": 152
      }
    }
  ]
}