{
  "meta": {
    "data_version": "1.1.0",
    "created": "2022-04-03",
    "revision": 1
  },
  "info": {
    "balls_per_over": 6,
    "city": "Durban",
    "dates": [
      "2014-01-19"
    ],
    "event": {
      "name": "Ram Slam T20 Challenge"
    },
    "gender": "male",
    "match_type": "T20",
    "officials": {
      "match_referees": [
        "S Wadvalla"
      ],
      "reserve_umpires": [
        "LB Gcuma"
      ],
      "tv_umpires": [
        "GH Pienaar"
      ],
      "umpires": [
        "AT Holdstock",
        "BM White"
      ]
    },
    "outcome": {
      "winner": "Cape Cobras",
      "by": {
        "runs": 25
      }
    },
    "overs": 20,
    "player_of_match": [
      "JP Duminy",
      "BE Hendricks"
    ],
    "players": {
      "Cape Cobras": [
        "RE Levi",
        "HM Amla",
        "S van Zyl",
        "JP Duminy",
        "JL Ontong",
        "DJ Vilas",
        "VD Philander",
        "RJ Peterson",
        "SP Narine",
        "A Mgijima",
        "BE Hendricks"
      ],
      "Dolphins": [
        "MN van Wyk",
        "CS Delport",
        "C Chetty",
        "VB van Jaarsveld",
        "DA Miller",
        "D Smit",
        "K Zondo",
        "R Frylinck",
        "KJ Abbott",
        "KA Maharaj",
        "CJ Alexander"
      ]
    },
    "registry": {
      "people": {
        "A Mgijima": "955e8e86",
        "AT Holdstock": "6fa3258c",
        "BE Hendricks": "b56dc5f7",
        "BM White": "66c21d35",
        "C Chetty": "27ca3a11",
        "CJ Alexander": "26d9937d",
        "CS Delport": "afa78c3a",
        "D Smit": "4bb02ef1",
        "DA Miller": "d67d5f00",
        "DJ Vilas": "087210b1",
        "GH Pienaar": "3516e46b",
        "HM Amla": "e798611a",
        "JL Ontong": "55f33b32",
        "JP Duminy": "2e8994e7",
        "K Zondo": "4aad78d3",
        "KA Maharaj": "0b60eb09",
        "KJ Abbott": "a9da7784",
        "LB Gcuma": "02ba88e3",
        "MN van Wyk": "710dd98c",
        "R Frylinck": "8b248d88",
        "RE Levi": "18c78b11",
        "RJ Peterson": "26ff4c29",
        "S Wadvalla": "c1a1acf3",
        "S van Zyl": "f4dfcbb4",
        "SP Narine": "9d430b40",
        "VB van Jaarsveld": "890b877d",
        "VD Philander": "cfe70281"
      }
    },
    "season": "2013/14",
    "team_type": "club",
    "teams": [
      "Cape Cobras",
      "Dolphins"
    ],
    "toss": {
      "decision": "bat",
      "winner": "Cape Cobras"
    },
    "venue": "Kingsmead, Durban"
  },
  "innings": [
    {
      "team": "Cape Cobras",
      "overs": [
        {
          "over": 0,
          "deliveries": [
            {
              "batter": "RE Levi",
              "bowler": "KJ Abbott",
              "non_striker": "HM Amla",
              "runs": {
                "batter": 0,
                "extras": 0,
                "total": 0
              }
            },
            {
              "batter": "RE Levi",
              "bowler": "KJ Abbott",
              "non_striker": "HM Amla",
              "runs": {
                "batter": 0,
                "extras": 0,
                "total": 0
              }
            },
            {
              "batter": "RE Levi",
              "bowler": "KJ Abbott",
              "non_striker": "HM Amla",
              "runs": {
                "batter": 0,
                "extras": 0,
                "total": 0
              }
            },
            {
              "batter": "RE Levi",
              "bowler": "KJ Abbott",
              "non_striker": "HM Amla",
              "runs": {
                "batter": 0,
                "extras": 0,
                "total": 0
              }
            },
            {
              "batter": "RE Levi",
              "bowler": "KJ Abbott",
              "non_striker": "HM Amla",
              "runs": {
                "batter": 0,
                "extras": 0,
                "total": 0
              }
            },
            {
              "batter": "RE Levi",
              "bowler": "KJ Abbott",
              "non_striker": "HM Amla",
              "runs": {
                "batter": 0,
                "extras": 0,
                "total": 0
              }
            }
          ]
        },
        {
          "over": 1,
          "deliveries": [
            {
              "batter": "HM Amla",
              "bowler": "CJ Alexander",
              "non_striker": "RE Levi",
              "runs": {
                "batter": 1,
                "extras": 0,
                "total": 1
              }
            },
            {
              "batter": "RE Levi",
              "bowler": "CJ Alexander",
              "non_striker": "HM Amla",
              "runs": {
                "batter": 0,
                "extras": 0,
                "total": 0
              }
            },
            {
              "batter": "RE Levi",
              "bowler": "CJ Alexander",
              "non_striker": "HM Amla",
              "runs": {
                "batter": 0,
                "extras": 0,
                "total": 0
              }
            },
            {
              "batter": "RE Levi",
              "bowler": "CJ Alexander",
              "non_striker": "HM Amla",
              "runs": {
                "batter": 0,
                "extras": 0,
                "total": 0
              }
            },
            {
              "batter": "RE Levi",
              "bowler": "CJ Alexander",
              "non_striker": "HM Amla",
              "runs": {
                "batter": 4,
                "extras": 0,
                "total": 4
              }
            },
            {
              "batter": "RE Levi",
              "bowler": "CJ Alexander",
              "non_striker": "HM Amla",
              "runs": {
                "batter": 0,
                "extras": 0,
                "total": 0
              }
            }
          ]
        },
        {
          "over": 2,
          "deliveries": [
            {
              "batter": "HM Amla",
              "bowler": "R Frylinck",
              "non_striker": "RE Levi",
              "runs": {
                "batter": 0,
                "extras": 0,
                "total": 0
              },
              "wickets": [
                {
                  "player_out": "HM Amla",
                  "kind": "bowled"
                }
              ]
            },
            {
              "batter": "S van Zyl",
              "bowler": "R Frylinck",
              "non_striker": "RE Levi",
              "runs": {
                "batter": 0,
                "extras": 0,
                "total": 0
              }
            },
            {
              "batter": "S van Zyl",
              "bowler": "R Frylinck",
              "non_striker": "RE Levi",
              "runs": {
                "batter": 0,
                "extras": 0,
                "total": 0
              }
            },
            {
              "batter": "S van Zyl",
              "bowler": "R Frylinck",
              "non_striker": "RE Levi",
              "runs": {
                "batter": 0,
                "extras": 0,
                "total": 0
              }
            },
            {
              "batter": "S van Zyl",
              "bowler": "R Frylinck",
              "non_striker": "RE Levi",
              "runs": {
                "batter": 1,
                "extras": 0,
                "total": 1
              }
            },
            {
              "batter": "RE Levi",
              "bowler": "R Frylinck",
              "non_striker": "S van Zyl",
              "runs": {
                "batter": 4,
                "extras": 0,
                "total": 4
              }
            }
          ]
        },
        {
          "over": 3,
          "deliveries": [
            {
              "batter": "S van Zyl",
              "bowler": "CJ Alexander",
              "non_striker": "RE Levi",
              "runs": {
                "batter": 1,
                "extras": 0,
                "total": 1
              }
            },
            {
              "batter": "RE Levi",
              "bowler": "CJ Alexander",
              "non_striker": "S van Zyl",
              "runs": {
                "batter": 6,
                "extras": 0,
                "total": 6
              }
            },
            {
              "batter": "RE Levi",
              "bowler": "CJ Alexander",
              "non_striker": "S van Zyl",
              "runs": {
                "batter": 6,
                "extras": 0,
                "total": 6
              }
            },
            {
              "batter": "RE Levi",
              "bowler": "CJ Alexander",
              "non_striker": "S van Zyl",
              "runs": {
                "batter": 0,
                "extras": 0,
                "total": 0
              }
            },
            {
              "batter": "RE Levi",
              "bowler": "CJ Alexander",
              "non_striker": "S van Zyl",
              "runs": {
                "batter": 0,
                "extras": 0,
                "total": 0
              }
            },
            {
              "batter": "RE Levi",
              "bowler": "CJ Alexander",
              "non_striker": "S van Zyl",
              "runs": {
                "batter": 2,
                "extras": 0,
                "total": 2
              }
            }
          ]
        },
        {
          "over": 4,
          "deliveries": [
            {
              "batter": "S van Zyl",
              "bowler": "KJ Abbott",
              "non_striker": "RE Levi",
              "runs": {
                "batter": 0,
                "extras": 0,
                "total": 0
              }
            },
            {
              "batter": "S van Zyl",
              "bowler": "KJ Abbott",
              "non_striker": "RE Levi",
              "runs": {
                "batter": 0,
                "extras": 0,
                "total": 0
              }
            },
            {
              "batter": "S van Zyl",
              "bowler": "KJ Abbott",
              "non_striker": "RE Levi",
              "runs": {
                "batter": 0,
                "extras": 0,
                "total": 0
              }
            },
            {
              "batter": "S van Zyl",
              "bowler": "KJ Abbott",
              "non_striker": "RE Levi",
              "runs": {
                "batter": 4,
                "extras": 0,
                "total": 4
              }
            },
            {
              "batter": "S van Zyl",
              "bowler": "KJ Abbott",
              "non_striker": "RE Levi",
              "runs": {
                "batter": 0,
                "extras": 0,
                "total": 0
              }
            },
            {
              "batter": "S van Zyl",
              "bowler": "KJ Abbott",
              "non_striker": "RE Levi",
              "runs": {
                "batter": 1,
                "extras": 0,
                "total": 1
              }
            }
          ]
        },
        {
          "over": 5,
          "deliveries": [
            {
              "batter": "S van Zyl",
              "bowler": "R Frylinck",
              "non_striker": "RE Levi",
              "runs": {
                "batter": 0,
                "extras": 0,
                "total": 0
              }
            },
            {
              "batter": "S van Zyl",
              "bowler": "R Frylinck",
              "non_striker": "RE Levi",
              "runs": {
                "batter": 0,
                "extras": 0,
                "total": 0
              }
            },
            {
              "batter": "S van Zyl",
              "bowler": "R Frylinck",
              "non_striker": "RE Levi",
              "runs": {
                "batter": 1,
                "extras": 0,
                "total": 1
              }
            },
            {
              "batter": "RE Levi",
              "bowler": "R Frylinck",
              "non_striker": "S van Zyl",
              "runs": {
                "batter": 0,
                "extras": 0,
                "total": 0
              },
              "wickets": [
                {
                  "player_out": "RE Levi",
                  "fielders": [
                    {
                      "name": "D Smit"
                    }
                  ],
                  "kind": "caught"
                }
              ]
            },
            {
              "batter": "S van Zyl",
              "bowler": "R Frylinck",
              "non_striker": "JP Duminy",
              "runs": {
                "batter": 0,
                "extras": 0,
                "total": 0
              }
            },
            {
              "batter": "S van Zyl",
              "bowler": "R Frylinck",
              "non_striker": "JP Duminy",
              "runs": {
                "batter": 1,
                "extras": 0,
                "total": 1
              }
            }
          ]
        },
        {
          "over": 6,
          "deliveries": [
            {
              "batter": "S van Zyl",
              "bowler": "K Zondo",
              "non_striker": "JP Duminy",
              "runs": {
                "batter": 1,
                "extras": 0,
                "total": 1
              }
            },
            {
              "batter": "JP Duminy",
              "bowler": "K Zondo",
              "non_striker": "S van Zyl",
              "runs": {
                "batter": 0,
                "extras": 0,
                "total": 0
              }
            },
            {
              "batter": "JP Duminy",
              "bowler": "K Zondo",
              "non_striker": "S van Zyl",
              "runs": {
                "batter": 1,
                "extras": 0,
                "total": 1
              }
            },
            {
              "batter": "S van Zyl",
              "bowler": "K Zondo",
              "non_striker": "JP Duminy",
              "runs": {
                "batter": 1,
                "extras": 0,
                "total": 1
              }
            },
            {
              "batter": "JP Duminy",
              "bowler": "K Zondo",
              "non_striker": "S van Zyl",
              "runs": {
                "batter": 1,
                "extras": 0,
                "total": 1
              }
            },
            {
              "batter": "S van Zyl",
              "bowler": "K Zondo",
              "non_striker": "JP Duminy",
              "runs": {
                "batter": 1,
                "extras": 0,
                "total": 1
              }
            }
          ]
        },
        {
          "over": 7,
          "deliveries": [
            {
              "batter": "S van Zyl",
              "bowler": "KA Maharaj",
              "non_striker": "JP Duminy",
              "runs": {
                "batter": 0,
                "extras": 0,
                "total": 0
              }
            },
            {
              "batter": "S van Zyl",
              "bowler": "KA Maharaj",
              "non_striker": "JP Duminy",
              "runs": {
                "batter": 1,
                "extras": 0,
                "total": 1
              }
            },
            {
              "batter": "JP Duminy",
              "bowler": "KA Maharaj",
              "non_striker": "S van Zyl",
              "runs": {
                "batter": 1,
                "extras": 0,
                "total": 1
              }
            },
            {
              "batter": "S van Zyl",
              "bowler": "KA Maharaj",
              "non_striker": "JP Duminy",
              "runs": {
                "batter": 1,
                "extras": 0,
                "total": 1
              }
            },
            {
              "batter": "JP Duminy",
              "bowler": "KA Maharaj",
              "non_striker": "S van Zyl",
              "runs": {
                "batter": 1,
                "extras": 0,
                "total": 1
              }
            },
            {
              "batter": "S van Zyl",
              "bowler": "KA Maharaj",
              "non_striker": "JP Duminy",
              "runs": {
                "batter": 0,
                "extras": 0,
                "total": 0
              },
              "wickets": [
                {
                  "player_out": "S van Zyl",
                  "kind": "bowled"
                }
              ]
            }
          ]
        },
        {
          "over": 8,
          "deliveries": [
            {
              "batter": "JP Duminy",
              "bowler": "K Zondo",
              "non_striker": "JL Ontong",
              "runs": {
                "batter": 1,
                "extras": 0,
                "total": 1
              }
            },
            {
              "batter": "JL Ontong",
              "bowler": "K Zondo",
              "non_striker": "JP Duminy",
              "runs": {
                "batter": 1,
                "extras": 0,
                "total": 1
              }
            },
            {
              "batter": "JP Duminy",
              "bowler": "K Zondo",
              "non_striker": "JL Ontong",
              "runs": {
                "batter": 1,
                "extras": 0,
                "total": 1
              }
            },
            {
              "batter": "JL Ontong",
              "bowler": "K Zondo",
              "non_striker": "JP Duminy",
              "runs": {
                "batter": 0,
                "extras": 0,
                "total": 0
              }
            },
            {
              "batter": "JL Ontong",
              "bowler": "K Zondo",
              "non_striker": "JP Duminy",
              "runs": {
                "batter": 1,
                "extras": 0,
                "total": 1
              }
            },
            {
              "batter": "JP Duminy",
              "bowler": "K Zondo",
              "non_striker": "JL Ontong",
              "runs": {
                "batter": 1,
                "extras": 0,
                "total": 1
              }
            }
          ]
        },
        {
          "over": 9,
          "deliveries": [
            {
              "batter": "JP Duminy",
              "bowler": "D Smit",
              "non_striker": "JL Ontong",
              "runs": {
                "batter": 1,
                "extras": 0,
                "total": 1
              }
            },
            {
              "batter": "JL Ontong",
              "bowler": "D Smit",
              "non_striker": "JP Duminy",
              "runs": {
                "batter": 0,
                "extras": 0,
                "total": 0
              }
            },
            {
              "batter": "JL Ontong",
              "bowler": "D Smit",
              "non_striker": "JP Duminy",
              "runs": {
                "batter": 2,
                "extras": 0,
                "total": 2
              }
            },
            {
              "batter": "JL Ontong",
              "bowler": "D Smit",
              "non_striker": "JP Duminy",
              "runs": {
                "batter": 1,
                "extras": 0,
                "total": 1
              }
            },
            {
              "batter": "JP Duminy",
              "bowler": "D Smit",
              "non_striker": "JL Ontong",
              "runs": {
                "batter": 1,
                "extras": 0,
                "total": 1
              }
            },
            {
              "batter": "JL Ontong",
              "bowler": "D Smit",
              "non_striker": "JP Duminy",
              "runs": {
                "batter": 1,
                "extras": 0,
                "total": 1
              }
            }
          ]
        },
        {
          "over": 10,
          "deliveries": [
            {
              "batter": "JL Ontong",
              "bowler": "K Zondo",
              "non_striker": "JP Duminy",
              "runs": {
                "batter": 6,
                "extras": 0,
                "total": 6
              }
            },
            {
              "batter": "JL Ontong",
              "bowler": "K Zondo",
              "non_striker": "JP Duminy",
              "runs": {
                "batter": 1,
                "extras": 0,
                "total": 1
              }
            },
            {
              "batter": "JP Duminy",
              "bowler": "K Zondo",
              "non_striker": "JL Ontong",
              "runs": {
                "batter": 4,
                "extras": 0,
                "total": 4
              }
            },
            {
              "batter": "JP Duminy",
              "bowler": "K Zondo",
              "non_striker": "JL Ontong",
              "runs": {
                "batter": 1,
                "extras": 0,
                "total": 1
              }
            },
            {
              "batter": "JL Ontong",
              "bowler": "K Zondo",
              "non_striker": "JP Duminy",
              "runs": {
                "batter": 6,
                "extras": 0,
                "total": 6
              }
            },
            {
              "batter": "JL Ontong",
              "bowler": "K Zondo",
              "non_striker": "JP Duminy",
              "runs": {
                "batter": 4,
                "extras": 0,
                "total": 4
              }
            }
          ]
        },
        {
          "over": 11,
          "deliveries": [
            {
              "batter": "JP Duminy",
              "bowler": "KA Maharaj",
              "non_striker": "JL Ontong",
              "runs": {
                "batter": 1,
                "extras": 0,
                "total": 1
              }
            },
            {
              "batter": "JL Ontong",
              "bowler": "KA Maharaj",
              "non_striker": "JP Duminy",
              "runs": {
                "batter": 1,
                "extras": 0,
                "total": 1
              }
            },
            {
              "batter": "JP Duminy",
              "bowler": "KA Maharaj",
              "non_striker": "JL Ontong",
              "runs": {
                "batter": 1,
                "extras": 0,
                "total": 1
              }
            },
            {
              "batter": "JL Ontong",
              "bowler": "KA Maharaj",
              "non_striker": "JP Duminy",
              "runs": {
                "batter": 1,
                "extras": 0,
                "total": 1
              }
            },
            {
              "batter": "JP Duminy",
              "bowler": "KA Maharaj",
              "non_striker": "JL Ontong",
              "runs": {
                "batter": 1,
                "extras": 0,
                "total": 1
              }
            },
            {
              "batter": "JL Ontong",
              "bowler": "KA Maharaj",
              "non_striker": "JP Duminy",
              "runs": {
                "batter": 1,
                "extras": 0,
                "total": 1
              }
            }
          ]
        },
        {
          "over": 12,
          "deliveries": [
            {
              "batter": "JL Ontong",
              "bowler": "D Smit",
              "non_striker": "JP Duminy",
              "runs": {
                "batter": 1,
                "extras": 0,
                "total": 1
              }
            },
            {
              "batter": "JP Duminy",
              "bowler": "D Smit",
              "non_striker": "JL Ontong",
              "runs": {
                "batter": 1,
                "extras": 0,
                "total": 1
              }
            },
            {
              "batter": "JL Ontong",
              "bowler": "D Smit",
              "non_striker": "JP Duminy",
              "runs": {
                "batter": 1,
                "extras": 0,
                "total": 1
              }
            },
            {
              "batter": "JP Duminy",
              "bowler": "D Smit",
              "non_striker": "JL Ontong",
              "runs": {
                "batter": 1,
                "extras": 0,
                "total": 1
              }
            },
            {
              "batter": "JL Ontong",
              "bowler": "D Smit",
              "non_striker": "JP Duminy",
              "runs": {
                "batter": 1,
                "extras": 0,
                "total": 1
              }
            },
            {
              "batter": "JP Duminy",
              "bowler": "D Smit",
              "non_striker": "JL Ontong",
              "runs": {
                "batter": 1,
                "extras": 0,
                "total": 1
              }
            }
          ]
        },
        {
          "over": 13,
          "deliveries": [
            {
              "batter": "JP Duminy",
              "bowler": "KA Maharaj",
              "non_striker": "JL Ontong",
              "runs": {
                "batter": 6,
                "extras": 0,
                "total": 6
              }
            },
            {
              "batter": "JP Duminy",
              "bowler": "KA Maharaj",
              "non_striker": "JL Ontong",
              "runs": {
                "batter": 1,
                "extras": 0,
                "total": 1
              }
            },
            {
              "batter": "JL Ontong",
              "bowler": "KA Maharaj",
              "non_striker": "JP Duminy",
              "runs": {
                "batter": 1,
                "extras": 0,
                "total": 1
              }
            },
            {
              "batter": "JP Duminy",
              "bowler": "KA Maharaj",
              "non_striker": "JL Ontong",
              "runs": {
                "batter": 1,
                "extras": 0,
                "total": 1
              }
            },
            {
              "batter": "JL Ontong",
              "bowler": "KA Maharaj",
              "non_striker": "JP Duminy",
              "runs": {
                "batter": 1,
                "extras": 0,
                "total": 1
              }
            },
            {
              "batter": "JP Duminy",
              "bowler": "KA Maharaj",
              "non_striker": "JL Ontong",
              "runs": {
                "batter": 1,
                "extras": 0,
                "total": 1
              }
            }
          ]
        },
        {
          "over": 14,
          "deliveries": [
            {
              "batter": "JP Duminy",
              "bowler": "R Frylinck",
              "non_striker": "JL Ontong",
              "runs": {
                "batter": 1,
                "extras": 0,
                "total": 1
              }
            },
            {
              "batter": "JL Ontong",
              "bowler": "R Frylinck",
              "non_striker": "JP Duminy",
              "runs": {
                "batter": 1,
                "extras": 0,
                "total": 1
              }
            },
            {
              "batter": "JP Duminy",
              "bowler": "R Frylinck",
              "non_striker": "JL Ontong",
              "runs": {
                "batter": 0,
                "extras": 0,
                "total": 0
              }
            },
            {
              "batter": "JP Duminy",
              "bowler": "R Frylinck",
              "non_striker": "JL Ontong",
              "runs": {
                "batter": 1,
                "extras": 0,
                "total": 1
              }
            },
            {
              "batter": "JL Ontong",
              "bowler": "R Frylinck",
              "extras": {
                "wides": 1
              },
              "non_striker": "JP Duminy",
              "runs": {
                "batter": 0,
                "extras": 1,
                "total": 1
              }
            },
            {
              "batter": "JL Ontong",
              "bowler": "R Frylinck",
              "non_striker": "JP Duminy",
              "runs": {
                "batter": 1,
                "extras": 0,
                "total": 1
              }
            },
            {
              "batter": "JP Duminy",
              "bowler": "R Frylinck",
              "non_striker": "JL Ontong",
              "runs": {
                "batter": 1,
                "extras": 0,
                "total": 1
              }
            }
          ]
        },
        {
          "over": 15,
          "deliveries": [
            {
              "batter": "JP Duminy",
              "bowler": "CJ Alexander",
              "non_striker": "JL Ontong",
              "runs": {
                "batter": 2,
                "extras": 0,
                "total": 2
              }
            },
            {
              "batter": "JP Duminy",
              "bowler": "CJ Alexander",
              "non_striker": "JL Ontong",
              "runs": {
                "batter": 0,
                "extras": 0,
                "total": 0
              }
            },
            {
              "batter": "JP Duminy",
              "bowler": "CJ Alexander",
              "non_striker": "JL Ontong",
              "runs": {
                "batter": 2,
                "extras": 0,
                "total": 2
              }
            },
            {
              "batter": "JP Duminy",
              "bowler": "CJ Alexander",
              "extras": {
                "noballs": 1
              },
              "non_striker": "JL Ontong",
              "runs": {
                "batter": 1,
                "extras": 1,
                "total": 2
              }
            },
            {
              "batter": "JL Ontong",
              "bowler": "CJ Alexander",
              "non_striker": "JP Duminy",
              "runs": {
                "batter": 1,
                "extras": 0,
                "total": 1
              }
            },
            {
              "batter": "JP Duminy",
              "bowler": "CJ Alexander",
              "non_striker": "JL Ontong",
              "runs": {
                "batter": 0,
                "extras": 0,
                "total": 0
              }
            },
            {
              "batter": "JP Duminy",
              "bowler": "CJ Alexander",
              "non_striker": "JL Ontong",
              "runs": {
                "batter": 1,
                "extras": 0,
                "total": 1
              }
            }
          ]
        },
        {
          "over": 16,
          "deliveries": [
            {
              "batter": "JP Duminy",
              "bowler": "KJ Abbott",
              "non_striker": "JL Ontong",
              "runs": {
                "batter": 1,
                "extras": 0,
                "total": 1
              }
            },
            {
              "batter": "JL Ontong",
              "bowler": "KJ Abbott",
              "non_striker": "JP Duminy",
              "runs": {
                "batter": 1,
                "extras": 0,
                "total": 1
              }
            },
            {
              "batter": "JP Duminy",
              "bowler": "KJ Abbott",
              "non_striker": "JL Ontong",
              "runs": {
                "batter": 6,
                "extras": 0,
                "total": 6
              }
            },
            {
              "batter": "JP Duminy",
              "bowler": "KJ Abbott",
              "non_striker": "JL Ontong",
              "runs": {
                "batter": 2,
                "extras": 0,
                "total": 2
              }
            },
            {
              "batter": "JP Duminy",
              "bowler": "KJ Abbott",
              "non_striker": "JL Ontong",
              "runs": {
                "batter": 1,
                "extras": 0,
                "total": 1
              }
            },
            {
              "batter": "JL Ontong",
              "bowler": "KJ Abbott",
              "non_striker": "JP Duminy",
              "runs": {
                "batter": 2,
                "extras": 0,
                "total": 2
              }
            }
          ]
        },
        {
          "over": 17,
          "deliveries": [
            {
              "batter": "JP Duminy",
              "bowler": "R Frylinck",
              "non_striker": "JL Ontong",
              "runs": {
                "batter": 4,
                "extras": 0,
                "total": 4
              }
            },
            {
              "batter": "JP Duminy",
              "bowler": "R Frylinck",
              "non_striker": "JL Ontong",
              "runs": {
                "batter": 1,
                "extras": 0,
                "total": 1
              }
            },
            {
              "batter": "JL Ontong",
              "bowler": "R Frylinck",
              "non_striker": "JP Duminy",
              "runs": {
                "batter": 0,
                "extras": 0,
                "total": 0
              },
              "wickets": [
                {
                  "player_out": "JL Ontong",
                  "fielders": [
                    {
                      "name": "DA Miller"
                    }
                  ],
                  "kind": "caught"
                }
              ]
            },
            {
              "batter": "JP Duminy",
              "bowler": "R Frylinck",
              "non_striker": "DJ Vilas",
              "runs": {
                "batter": 1,
                "extras": 0,
                "total": 1
              }
            },
            {
              "batter": "DJ Vilas",
              "bowler": "R Frylinck",
              "non_striker": "JP Duminy",
              "runs": {
                "batter": 1,
                "extras": 0,
                "total": 1
              }
            },
            {
              "batter": "JP Duminy",
              "bowler": "R Frylinck",
              "non_striker": "DJ Vilas",
              "runs": {
                "batter": 1,
                "extras": 0,
                "total": 1
              }
            }
          ]
        },
        {
          "over": 18,
          "deliveries": [
            {
              "batter": "JP Duminy",
              "bowler": "CJ Alexander",
              "non_striker": "DJ Vilas",
              "runs": {
                "batter": 1,
                "extras": 0,
                "total": 1
              }
            },
            {
              "batter": "DJ Vilas",
              "bowler": "CJ Alexander",
              "non_striker": "JP Duminy",
              "runs": {
                "batter": 0,
                "extras": 0,
                "total": 0
              },
              "wickets": [
                {
                  "player_out": "JP Duminy",
                  "fielders": [
                    {
                      "name": "CJ Alexander"
                    }
                  ],
                  "kind": "run out"
                }
              ]
            },
            {
              "batter": "VD Philander",
              "bowler": "CJ Alexander",
              "non_striker": "DJ Vilas",
              "runs": {
                "batter": 6,
                "extras": 0,
                "total": 6
              }
            },
            {
              "batter": "VD Philander",
              "bowler": "CJ Alexander",
              "non_striker": "DJ Vilas",
              "runs": {
                "batter": 1,
                "extras": 0,
                "total": 1
              }
            },
            {
              "batter": "DJ Vilas",
              "bowler": "CJ Alexander",
              "non_striker": "VD Philander",
              "runs": {
                "batter": 0,
                "extras": 0,
                "total": 0
              },
              "wickets": [
                {
                  "player_out": "DJ Vilas",
                  "fielders": [
                    {
                      "name": "DA Miller"
                    }
                  ],
                  "kind": "caught"
                }
              ]
            },
            {
              "batter": "VD Philander",
              "bowler": "CJ Alexander",
              "extras": {
                "noballs": 1
              },
              "non_striker": "RJ Peterson",
              "runs": {
                "batter": 4,
                "extras": 1,
                "total": 5
              }
            },
            {
              "batter": "VD Philander",
              "bowler": "CJ Alexander",
              "non_striker": "RJ Peterson",
              "runs": {
                "batter": 0,
                "extras": 0,
                "total": 0
              }
            }
          ]
        },
        {
          "over": 19,
          "deliveries": [
            {
              "batter": "RJ Peterson",
              "bowler": "KJ Abbott",
              "non_striker": "VD Philander",
              "runs": {
                "batter": 1,
                "extras": 0,
                "total": 1
              }
            },
            {
              "batter": "VD Philander",
              "bowler": "KJ Abbott",
              "non_striker": "RJ Peterson",
              "runs": {
                "batter": 4,
                "extras": 0,
                "total": 4
              }
            },
            {
              "batter": "VD Philander",
              "bowler": "KJ Abbott",
              "non_striker": "RJ Peterson",
              "runs": {
                "batter": 1,
                "extras": 0,
                "total": 1
              }
            },
            {
              "batter": "RJ Peterson",
              "bowler": "KJ Abbott",
              "non_striker": "VD Philander",
              "runs": {
                "batter": 4,
                "extras": 0,
                "total": 4
              }
            },
            {
              "batter": "RJ Peterson",
              "bowler": "KJ Abbott",
              "non_striker": "VD Philander",
              "runs": {
                "batter": 0,
                "extras": 0,
                "total": 0
              },
              "wickets": [
                {
                  "player_out": "RJ Peterson",
                  "fielders": [
                    {
                      "name": "CJ Alexander"
                    }
                  ],
                  "kind": "caught"
                }
              ]
            },
            {
              "batter": "SP Narine",
              "bowler": "KJ Abbott",
              "non_striker": "VD Philander",
              "runs": {
                "batter": 2,
                "extras": 0,
                "total": 2
              }
            }
          ]
        }
      ],
      "powerplays": [
        {
          "from": 0.1,
          "to": 5.6,
          "type": "mandatory"
        }
      ]
    },
    {
      "team": "Dolphins",
      "overs": [
        {
          "over": 0,
          "deliveries": [
            {
              "batter": "MN van Wyk",
              "bowler": "BE Hendricks",
              "extras": {
                "wides": 1
              },
              "non_striker": "CS Delport",
              "runs": {
                "batter": 0,
                "extras": 1,
                "total": 1
              }
            },
            {
              "batter": "MN van Wyk",
              "bowler": "BE Hendricks",
              "non_striker": "CS Delport",
              "runs": {
                "batter": 0,
                "extras": 0,
                "total": 0
              },
              "wickets": [
                {
                  "player_out": "MN van Wyk",
                  "fielders": [
                    {
                      "name": "A Mgijima"
                    }
                  ],
                  "kind": "caught"
                }
              ]
            },
            {
              "batter": "CS Delport",
              "bowler": "BE Hendricks",
              "non_striker": "C Chetty",
              "runs": {
                "batter": 0,
                "extras": 0,
                "total": 0
              },
              "wickets": [
                {
                  "player_out": "CS Delport",
                  "fielders": [
                    {
                      "name": "SP Narine"
                    }
                  ],
                  "kind": "caught"
                }
              ]
            },
            {
              "batter": "VB van Jaarsveld",
              "bowler": "BE Hendricks",
              "non_striker": "C Chetty",
              "runs": {
                "batter": 4,
                "extras": 0,
                "total": 4
              }
            },
            {
              "batter": "VB van Jaarsveld",
              "bowler": "BE Hendricks",
              "non_striker": "C Chetty",
              "runs": {
                "batter": 1,
                "extras": 0,
                "total": 1
              }
            },
            {
              "batter": "C Chetty",
              "bowler": "BE Hendricks",
              "non_striker": "VB van Jaarsveld",
              "runs": {
                "batter": 0,
                "extras": 0,
                "total": 0
              }
            },
            {
              "batter": "C Chetty",
              "bowler": "BE Hendricks",
              "extras": {
                "wides": 1
              },
              "non_striker": "VB van Jaarsveld",
              "runs": {
                "batter": 0,
                "extras": 1,
                "total": 1
              }
            },
            {
              "batter": "C Chetty",
              "bowler": "BE Hendricks",
              "non_striker": "VB van Jaarsveld",
              "runs": {
                "batter": 0,
                "extras": 0,
                "total": 0
              }
            }
          ]
        },
        {
          "over": 1,
          "deliveries": [
            {
              "batter": "VB van Jaarsveld",
              "bowler": "VD Philander",
              "non_striker": "C Chetty",
              "runs": {
                "batter": 0,
                "extras": 0,
                "total": 0
              }
            },
            {
              "batter": "VB van Jaarsveld",
              "bowler": "VD Philander",
              "non_striker": "C Chetty",
              "runs": {
                "batter": 1,
                "extras": 0,
                "total": 1
              }
            },
            {
              "batter": "C Chetty",
              "bowler": "VD Philander",
              "non_striker": "VB van Jaarsveld",
              "runs": {
                "batter": 2,
                "extras": 0,
                "total": 2
              }
            },
            {
              "batter": "C Chetty",
              "bowler": "VD Philander",
              "non_striker": "VB van Jaarsveld",
              "runs": {
                "batter": 0,
                "extras": 0,
                "total": 0
              }
            },
            {
              "batter": "C Chetty",
              "bowler": "VD Philander",
              "non_striker": "VB van Jaarsveld",
              "runs": {
                "batter": 0,
                "extras": 0,
                "total": 0
              }
            },
            {
              "batter": "C Chetty",
              "bowler": "VD Philander",
              "non_striker": "VB van Jaarsveld",
              "runs": {
                "batter": 0,
                "extras": 0,
                "total": 0
              }
            }
          ]
        },
        {
          "over": 2,
          "deliveries": [
            {
              "batter": "VB van Jaarsveld",
              "bowler": "BE Hendricks",
              "non_striker": "C Chetty",
              "runs": {
                "batter": 0,
                "extras": 0,
                "total": 0
              }
            },
            {
              "batter": "VB van Jaarsveld",
              "bowler": "BE Hendricks",
              "non_striker": "C Chetty",
              "runs": {
                "batter": 1,
                "extras": 0,
                "total": 1
              }
            },
            {
              "batter": "C Chetty",
              "bowler": "BE Hendricks",
              "non_striker": "VB van Jaarsveld",
              "runs": {
                "batter": 0,
                "extras": 0,
                "total": 0
              },
              "wickets": [
                {
                  "player_out": "C Chetty",
                  "fielders": [
                    {
                      "name": "VD Philander"
                    }
                  ],
                  "kind": "caught"
                }
              ]
            },
            {
              "batter": "VB van Jaarsveld",
              "bowler": "BE Hendricks",
              "non_striker": "DA Miller",
              "runs": {
                "batter": 0,
                "extras": 0,
                "total": 0
              }
            },
            {
              "batter": "VB van Jaarsveld",
              "bowler": "BE Hendricks",
              "non_striker": "DA Miller",
              "runs": {
                "batter": 2,
                "extras": 0,
                "total": 2
              }
            },
            {
              "batter": "VB van Jaarsveld",
              "bowler": "BE Hendricks",
              "non_striker": "DA Miller",
              "runs": {
                "batter": 0,
                "extras": 0,
                "total": 0
              }
            }
          ]
        },
        {
          "over": 3,
          "deliveries": [
            {
              "batter": "DA Miller",
              "bowler": "VD Philander",
              "non_striker": "VB van Jaarsveld",
              "runs": {
                "batter": 1,
                "extras": 0,
                "total": 1
              }
            },
            {
              "batter": "VB van Jaarsveld",
              "bowler": "VD Philander",
              "non_striker": "DA Miller",
              "runs": {
                "batter": 0,
                "extras": 0,
                "total": 0
              }
            },
            {
              "batter": "VB van Jaarsveld",
              "bowler": "VD Philander",
              "non_striker": "DA Miller",
              "runs": {
                "batter": 0,
                "extras": 0,
                "total": 0
              }
            },
            {
              "batter": "VB van Jaarsveld",
              "bowler": "VD Philander",
              "non_striker": "DA Miller",
              "runs": {
                "batter": 1,
                "extras": 0,
                "total": 1
              }
            },
            {
              "batter": "DA Miller",
              "bowler": "VD Philander",
              "non_striker": "VB van Jaarsveld",
              "runs": {
                "batter": 0,
                "extras": 0,
                "total": 0
              }
            },
            {
              "batter": "DA Miller",
              "bowler": "VD Philander",
              "non_striker": "VB van Jaarsveld",
              "runs": {
                "batter": 0,
                "extras": 0,
                "total": 0
              }
            }
          ]
        },
        {
          "over": 4,
          "deliveries": [
            {
              "batter": "VB van Jaarsveld",
              "bowler": "SP Narine",
              "non_striker": "DA Miller",
              "runs": {
                "batter": 0,
                "extras": 0,
                "total": 0
              }
            },
            {
              "batter": "VB van Jaarsveld",
              "bowler": "SP Narine",
              "non_striker": "DA Miller",
              "runs": {
                "batter": 4,
                "extras": 0,
                "total": 4
              }
            },
            {
              "batter": "VB van Jaarsveld",
              "bowler": "SP Narine",
              "non_striker": "DA Miller",
              "runs": {
                "batter": 0,
                "extras": 0,
                "total": 0
              }
            },
            {
              "batter": "VB van Jaarsveld",
              "bowler": "SP Narine",
              "non_striker": "DA Miller",
              "runs": {
                "batter": 0,
                "extras": 0,
                "total": 0
              }
            },
            {
              "batter": "VB van Jaarsveld",
              "bowler": "SP Narine",
              "non_striker": "DA Miller",
              "runs": {
                "batter": 1,
                "extras": 0,
                "total": 1
              }
            },
            {
              "batter": "DA Miller",
              "bowler": "SP Narine",
              "non_striker": "VB van Jaarsveld",
              "runs": {
                "batter": 0,
                "extras": 0,
                "total": 0
              }
            }
          ]
        },
        {
          "over": 5,
          "deliveries": [
            {
              "batter": "VB van Jaarsveld",
              "bowler": "JP Duminy",
              "non_striker": "DA Miller",
              "runs": {
                "batter": 1,
                "extras": 0,
                "total": 1
              }
            },
            {
              "batter": "DA Miller",
              "bowler": "JP Duminy",
              "non_striker": "VB van Jaarsveld",
              "runs": {
                "batter": 1,
                "extras": 0,
                "total": 1
              }
            },
            {
              "batter": "VB van Jaarsveld",
              "bowler": "JP Duminy",
              "non_striker": "DA Miller",
              "runs": {
                "batter": 1,
                "extras": 0,
                "total": 1
              }
            },
            {
              "batter": "DA Miller",
              "bowler": "JP Duminy",
              "non_striker": "VB van Jaarsveld",
              "runs": {
                "batter": 0,
                "extras": 0,
                "total": 0
              }
            },
            {
              "batter": "DA Miller",
              "bowler": "JP Duminy",
              "non_striker": "VB van Jaarsveld",
              "runs": {
                "batter": 1,
                "extras": 0,
                "total": 1
              }
            },
            {
              "batter": "VB van Jaarsveld",
              "bowler": "JP Duminy",
              "non_striker": "DA Miller",
              "runs": {
                "batter": 0,
                "extras": 0,
                "total": 0
              },
              "wickets": [
                {
                  "player_out": "VB van Jaarsveld",
                  "fielders": [
                    {
                      "name": "HM Amla"
                    }
                  ],
                  "kind": "caught"
                }
              ]
            }
          ]
        },
        {
          "over": 6,
          "deliveries": [
            {
              "batter": "DA Miller",
              "bowler": "SP Narine",
              "non_striker": "D Smit",
              "runs": {
                "batter": 1,
                "extras": 0,
                "total": 1
              }
            },
            {
              "batter": "D Smit",
              "bowler": "SP Narine",
              "non_striker": "DA Miller",
              "runs": {
                "batter": 1,
                "extras": 0,
                "total": 1
              }
            },
            {
              "batter": "DA Miller",
              "bowler": "SP Narine",
              "non_striker": "D Smit",
              "runs": {
                "batter": 1,
                "extras": 0,
                "total": 1
              }
            },
            {
              "batter": "D Smit",
              "bowler": "SP Narine",
              "non_striker": "DA Miller",
              "runs": {
                "batter": 0,
                "extras": 0,
                "total": 0
              }
            },
            {
              "batter": "D Smit",
              "bowler": "SP Narine",
              "non_striker": "DA Miller",
              "runs": {
                "batter": 6,
                "extras": 0,
                "total": 6
              }
            },
            {
              "batter": "D Smit",
              "bowler": "SP Narine",
              "non_striker": "DA Miller",
              "runs": {
                "batter": 0,
                "extras": 0,
                "total": 0
              }
            }
          ]
        },
        {
          "over": 7,
          "deliveries": [
            {
              "batter": "DA Miller",
              "bowler": "JP Duminy",
              "non_striker": "D Smit",
              "runs": {
                "batter": 1,
                "extras": 0,
                "total": 1
              }
            },
            {
              "batter": "D Smit",
              "bowler": "JP Duminy",
              "non_striker": "DA Miller",
              "runs": {
                "batter": 1,
                "extras": 0,
                "total": 1
              }
            },
            {
              "batter": "DA Miller",
              "bowler": "JP Duminy",
              "extras": {
                "wides": 1
              },
              "non_striker": "D Smit",
              "runs": {
                "batter": 0,
                "extras": 1,
                "total": 1
              }
            },
            {
              "batter": "DA Miller",
              "bowler": "JP Duminy",
              "non_striker": "D Smit",
              "runs": {
                "batter": 1,
                "extras": 0,
                "total": 1
              }
            },
            {
              "batter": "D Smit",
              "bowler": "JP Duminy",
              "non_striker": "DA Miller",
              "runs": {
                "batter": 1,
                "extras": 0,
                "total": 1
              }
            },
            {
              "batter": "DA Miller",
              "bowler": "JP Duminy",
              "non_striker": "D Smit",
              "runs": {
                "batter": 0,
                "extras": 0,
                "total": 0
              }
            },
            {
              "batter": "DA Miller",
              "bowler": "JP Duminy",
              "non_striker": "D Smit",
              "runs": {
                "batter": 0,
                "extras": 0,
                "total": 0
              }
            }
          ]
        },
        {
          "over": 8,
          "deliveries": [
            {
              "batter": "D Smit",
              "bowler": "RJ Peterson",
              "non_striker": "DA Miller",
              "runs": {
                "batter": 1,
                "extras": 0,
                "total": 1
              }
            },
            {
              "batter": "DA Miller",
              "bowler": "RJ Peterson",
              "non_striker": "D Smit",
              "runs": {
                "batter": 1,
                "extras": 0,
                "total": 1
              }
            },
            {
              "batter": "D Smit",
              "bowler": "RJ Peterson",
              "non_striker": "DA Miller",
              "runs": {
                "batter": 1,
                "extras": 0,
                "total": 1
              }
            },
            {
              "batter": "DA Miller",
              "bowler": "RJ Peterson",
              "non_striker": "D Smit",
              "runs": {
                "batter": 0,
                "extras": 0,
                "total": 0
              }
            },
            {
              "batter": "DA Miller",
              "bowler": "RJ Peterson",
              "non_striker": "D Smit",
              "runs": {
                "batter": 4,
                "extras": 0,
                "total": 4
              }
            },
            {
              "batter": "DA Miller",
              "bowler": "RJ Peterson",
              "non_striker": "D Smit",
              "runs": {
                "batter": 1,
                "extras": 0,
                "total": 1
              }
            }
          ]
        },
        {
          "over": 9,
          "deliveries": [
            {
              "batter": "DA Miller",
              "bowler": "A Mgijima",
              "non_striker": "D Smit",
              "runs": {
                "batter": 0,
                "extras": 0,
                "total": 0
              },
              "wickets": [
                {
                  "player_out": "DA Miller",
                  "fielders": [
                    {
                      "name": "DJ Vilas"
                    }
                  ],
                  "kind": "caught"
                }
              ]
            },
            {
              "batter": "K Zondo",
              "bowler": "A Mgijima",
              "non_striker": "D Smit",
              "runs": {
                "batter": 0,
                "extras": 0,
                "total": 0
              }
            },
            {
              "batter": "K Zondo",
              "bowler": "A Mgijima",
              "non_striker": "D Smit",
              "runs": {
                "batter": 1,
                "extras": 0,
                "total": 1
              }
            },
            {
              "batter": "D Smit",
              "bowler": "A Mgijima",
              "non_striker": "K Zondo",
              "runs": {
                "batter": 1,
                "extras": 0,
                "total": 1
              }
            },
            {
              "batter": "K Zondo",
              "bowler": "A Mgijima",
              "non_striker": "D Smit",
              "runs": {
                "batter": 0,
                "extras": 0,
                "total": 0
              }
            },
            {
              "batter": "K Zondo",
              "bowler": "A Mgijima",
              "non_striker": "D Smit",
              "runs": {
                "batter": 2,
                "extras": 0,
                "total": 2
              }
            }
          ]
        },
        {
          "over": 10,
          "deliveries": [
            {
              "batter": "D Smit",
              "bowler": "RJ Peterson",
              "non_striker": "K Zondo",
              "runs": {
                "batter": 1,
                "extras": 0,
                "total": 1
              }
            },
            {
              "batter": "K Zondo",
              "bowler": "RJ Peterson",
              "non_striker": "D Smit",
              "runs": {
                "batter": 1,
                "extras": 0,
                "total": 1
              }
            },
            {
              "batter": "D Smit",
              "bowler": "RJ Peterson",
              "non_striker": "K Zondo",
              "runs": {
                "batter": 1,
                "extras": 0,
                "total": 1
              }
            },
            {
              "batter": "K Zondo",
              "bowler": "RJ Peterson",
              "non_striker": "D Smit",
              "runs": {
                "batter": 1,
                "extras": 0,
                "total": 1
              }
            },
            {
              "batter": "D Smit",
              "bowler": "RJ Peterson",
              "non_striker": "K Zondo",
              "runs": {
                "batter": 1,
                "extras": 0,
                "total": 1
              }
            },
            {
              "batter": "K Zondo",
              "bowler": "RJ Peterson",
              "non_striker": "D Smit",
              "runs": {
                "batter": 0,
                "extras": 0,
                "total": 0
              }
            }
          ]
        },
        {
          "over": 11,
          "deliveries": [
            {
              "batter": "D Smit",
              "bowler": "JP Duminy",
              "non_striker": "K Zondo",
              "runs": {
                "batter": 4,
                "extras": 0,
                "total": 4
              }
            },
            {
              "batter": "D Smit",
              "bowler": "JP Duminy",
              "non_striker": "K Zondo",
              "runs": {
                "batter": 1,
                "extras": 0,
                "total": 1
              }
            },
            {
              "batter": "K Zondo",
              "bowler": "JP Duminy",
              "non_striker": "D Smit",
              "runs": {
                "batter": 1,
                "extras": 0,
                "total": 1
              }
            },
            {
              "batter": "D Smit",
              "bowler": "JP Duminy",
              "non_striker": "K Zondo",
              "runs": {
                "batter": 1,
                "extras": 0,
                "total": 1
              }
            },
            {
              "batter": "K Zondo",
              "bowler": "JP Duminy",
              "non_striker": "D Smit",
              "runs": {
                "batter": 1,
                "extras": 0,
                "total": 1
              }
            },
            {
              "batter": "D Smit",
              "bowler": "JP Duminy",
              "non_striker": "K Zondo",
              "runs": {
                "batter": 2,
                "extras": 0,
                "total": 2
              }
            }
          ]
        },
        {
          "over": 12,
          "deliveries": [
            {
              "batter": "K Zondo",
              "bowler": "A Mgijima",
              "non_striker": "D Smit",
              "runs": {
                "batter": 0,
                "extras": 0,
                "total": 0
              }
            },
            {
              "batter": "K Zondo",
              "bowler": "A Mgijima",
              "non_striker": "D Smit",
              "runs": {
                "batter": 1,
                "extras": 0,
                "total": 1
              }
            },
            {
              "batter": "D Smit",
              "bowler": "A Mgijima",
              "non_striker": "K Zondo",
              "runs": {
                "batter": 6,
                "extras": 0,
                "total": 6
              }
            },
            {
              "batter": "D Smit",
              "bowler": "A Mgijima",
              "non_striker": "K Zondo",
              "runs": {
                "batter": 0,
                "extras": 0,
                "total": 0
              }
            },
            {
              "batter": "D Smit",
              "bowler": "A Mgijima",
              "non_striker": "K Zondo",
              "runs": {
                "batter": 0,
                "extras": 0,
                "total": 0
              }
            },
            {
              "batter": "D Smit",
              "bowler": "A Mgijima",
              "non_striker": "K Zondo",
              "runs": {
                "batter": 1,
                "extras": 0,
                "total": 1
              }
            }
          ]
        },
        {
          "over": 13,
          "deliveries": [
            {
              "batter": "D Smit",
              "bowler": "RJ Peterson",
              "non_striker": "K Zondo",
              "runs": {
                "batter": 4,
                "extras": 0,
                "total": 4
              }
            },
            {
              "batter": "D Smit",
              "bowler": "RJ Peterson",
              "non_striker": "K Zondo",
              "runs": {
                "batter": 0,
                "extras": 0,
                "total": 0
              }
            },
            {
              "batter": "D Smit",
              "bowler": "RJ Peterson",
              "non_striker": "K Zondo",
              "runs": {
                "batter": 1,
                "extras": 0,
                "total": 1
              }
            },
            {
              "batter": "K Zondo",
              "bowler": "RJ Peterson",
              "non_striker": "D Smit",
              "runs": {
                "batter": 1,
                "extras": 0,
                "total": 1
              }
            },
            {
              "batter": "D Smit",
              "bowler": "RJ Peterson",
              "non_striker": "K Zondo",
              "runs": {
                "batter": 2,
                "extras": 0,
                "total": 2
              }
            },
            {
              "batter": "D Smit",
              "bowler": "RJ Peterson",
              "non_striker": "K Zondo",
              "runs": {
                "batter": 0,
                "extras": 0,
                "total": 0
              }
            }
          ]
        },
        {
          "over": 14,
          "deliveries": [
            {
              "batter": "K Zondo",
              "bowler": "VD Philander",
              "non_striker": "D Smit",
              "runs": {
                "batter": 4,
                "extras": 0,
                "total": 4
              }
            },
            {
              "batter": "K Zondo",
              "bowler": "VD Philander",
              "non_striker": "D Smit",
              "runs": {
                "batter": 1,
                "extras": 0,
                "total": 1
              }
            },
            {
              "batter": "D Smit",
              "bowler": "VD Philander",
              "non_striker": "K Zondo",
              "runs": {
                "batter": 0,
                "extras": 0,
                "total": 0
              }
            },
            {
              "batter": "D Smit",
              "bowler": "VD Philander",
              "extras": {
                "wides": 1
              },
              "non_striker": "K Zondo",
              "runs": {
                "batter": 0,
                "extras": 1,
                "total": 1
              }
            },
            {
              "batter": "D Smit",
              "bowler": "VD Philander",
              "non_striker": "K Zondo",
              "runs": {
                "batter": 0,
                "extras": 0,
                "total": 0
              }
            },
            {
              "batter": "D Smit",
              "bowler": "VD Philander",
              "extras": {
                "wides": 1
              },
              "non_striker": "K Zondo",
              "runs": {
                "batter": 0,
                "extras": 1,
                "total": 1
              }
            },
            {
              "batter": "D Smit",
              "bowler": "VD Philander",
              "non_striker": "K Zondo",
              "runs": {
                "batter": 1,
                "extras": 0,
                "total": 1
              }
            },
            {
              "batter": "K Zondo",
              "bowler": "VD Philander",
              "non_striker": "D Smit",
              "runs": {
                "batter": 2,
                "extras": 0,
                "total": 2
              }
            }
          ]
        },
        {
          "over": 15,
          "deliveries": [
            {
              "batter": "D Smit",
              "bowler": "SP Narine",
              "non_striker": "K Zondo",
              "runs": {
                "batter": 0,
                "extras": 0,
                "total": 0
              }
            },
            {
              "batter": "D Smit",
              "bowler": "SP Narine",
              "non_striker": "K Zondo",
              "runs": {
                "batter": 4,
                "extras": 0,
                "total": 4
              }
            },
            {
              "batter": "D Smit",
              "bowler": "SP Narine",
              "non_striker": "K Zondo",
              "runs": {
                "batter": 4,
                "extras": 0,
                "total": 4
              }
            },
            {
              "batter": "D Smit",
              "bowler": "SP Narine",
              "extras": {
                "legbyes": 1
              },
              "non_striker": "K Zondo",
              "runs": {
                "batter": 0,
                "extras": 1,
                "total": 1
              }
            },
            {
              "batter": "K Zondo",
              "bowler": "SP Narine",
              "non_striker": "D Smit",
              "runs": {
                "batter": 1,
                "extras": 0,
                "total": 1
              }
            },
            {
              "batter": "D Smit",
              "bowler": "SP Narine",
              "non_striker": "K Zondo",
              "runs": {
                "batter": 1,
                "extras": 0,
                "total": 1
              }
            }
          ]
        },
        {
          "over": 16,
          "deliveries": [
            {
              "batter": "D Smit",
              "bowler": "BE Hendricks",
              "non_striker": "K Zondo",
              "runs": {
                "batter": 1,
                "extras": 0,
                "total": 1
              }
            },
            {
              "batter": "K Zondo",
              "bowler": "BE Hendricks",
              "extras": {
                "wides": 1
              },
              "non_striker": "D Smit",
              "runs": {
                "batter": 0,
                "extras": 1,
                "total": 1
              }
            },
            {
              "batter": "K Zondo",
              "bowler": "BE Hendricks",
              "non_striker": "D Smit",
              "runs": {
                "batter": 0,
                "extras": 0,
                "total": 0
              }
            },
            {
              "batter": "K Zondo",
              "bowler": "BE Hendricks",
              "non_striker": "D Smit",
              "runs": {
                "batter": 6,
                "extras": 0,
                "total": 6
              }
            },
            {
              "batter": "K Zondo",
              "bowler": "BE Hendricks",
              "non_striker": "D Smit",
              "runs": {
                "batter": 6,
                "extras": 0,
                "total": 6
              }
            },
            {
              "batter": "K Zondo",
              "bowler": "BE Hendricks",
              "non_striker": "D Smit",
              "runs": {
                "batter": 4,
                "extras": 0,
                "total": 4
              }
            },
            {
              "batter": "K Zondo",
              "bowler": "BE Hendricks",
              "non_striker": "D Smit",
              "runs": {
                "batter": 1,
                "extras": 0,
                "total": 1
              }
            }
          ]
        },
        {
          "over": 17,
          "deliveries": [
            {
              "batter": "K Zondo",
              "bowler": "SP Narine",
              "non_striker": "D Smit",
              "runs": {
                "batter": 0,
                "extras": 0,
                "total": 0
              }
            },
            {
              "batter": "K Zondo",
              "bowler": "SP Narine",
              "non_striker": "D Smit",
              "runs": {
                "batter": 0,
                "extras": 0,
                "total": 0
              }
            },
            {
              "batter": "K Zondo",
              "bowler": "SP Narine",
              "non_striker": "D Smit",
              "runs": {
                "batter": 0,
                "extras": 0,
                "total": 0
              }
            },
            {
              "batter": "K Zondo",
              "bowler": "SP Narine",
              "non_striker": "D Smit",
              "runs": {
                "batter": 0,
                "extras": 0,
                "total": 0
              },
              "wickets": [
                {
                  "player_out": "K Zondo",
                  "fielders": [
                    {
                      "name": "DJ Vilas"
                    }
                  ],
                  "kind": "caught"
                }
              ]
            },
            {
              "batter": "R Frylinck",
              "bowler": "SP Narine",
              "non_striker": "D Smit",
              "runs": {
                "batter": 0,
                "extras": 0,
                "total": 0
              },
              "wickets": [
                {
                  "player_out": "R Frylinck",
                  "kind": "bowled"
                }
              ]
            },
            {
              "batter": "KJ Abbott",
              "bowler": "SP Narine",
              "non_striker": "D Smit",
              "runs": {
                "batter": 0,
                "extras": 0,
                "total": 0
              }
            }
          ]
        },
        {
          "over": 18,
          "deliveries": [
            {
              "batter": "D Smit",
              "bowler": "BE Hendricks",
              "non_striker": "KJ Abbott",
              "runs": {
                "batter": 0,
                "extras": 0,
                "total": 0
              }
            },
            {
              "batter": "D Smit",
              "bowler": "BE Hendricks",
              "non_striker": "KJ Abbott",
              "runs": {
                "batter": 0,
                "extras": 0,
                "total": 0
              },
              "wickets": [
                {
                  "player_out": "D Smit",
                  "fielders": [
                    {
                      "name": "HM Amla"
                    }
                  ],
                  "kind": "caught"
                }
              ]
            },
            {
              "batter": "KA Maharaj",
              "bowler": "BE Hendricks",
              "non_striker": "KJ Abbott",
              "runs": {
                "batter": 1,
                "extras": 0,
                "total": 1
              }
            },
            {
              "batter": "KJ Abbott",
              "bowler": "BE Hendricks",
              "non_striker": "KA Maharaj",
              "runs": {
                "batter": 0,
                "extras": 0,
                "total": 0
              }
            },
            {
              "batter": "KJ Abbott",
              "bowler": "BE Hendricks",
              "non_striker": "KA Maharaj",
              "runs": {
                "batter": 2,
                "extras": 0,
                "total": 2
              }
            },
            {
              "batter": "KJ Abbott",
              "bowler": "BE Hendricks",
              "non_striker": "KA Maharaj",
              "runs": {
                "batter": 0,
                "extras": 0,
                "total": 0
              }
            }
          ]
        },
        {
          "over": 19,
          "deliveries": [
            {
              "batter": "KA Maharaj",
              "bowler": "VD Philander",
              "non_striker": "KJ Abbott",
              "runs": {
                "batter": 1,
                "extras": 0,
                "total": 1
              }
            },
            {
              "batter": "KJ Abbott",
              "bowler": "VD Philander",
              "non_striker": "KA Maharaj",
              "runs": {
                "batter": 1,
                "extras": 0,
                "total": 1
              }
            },
            {
              "batter": "KA Maharaj",
              "bowler": "VD Philander",
              "non_striker": "KJ Abbott",
              "runs": {
                "batter": 2,
                "extras": 0,
                "total": 2
              }
            },
            {
              "batter": "KA Maharaj",
              "bowler": "VD Philander",
              "non_striker": "KJ Abbott",
              "runs": {
                "batter": 0,
                "extras": 0,
                "total": 0
              }
            },
            {
              "batter": "KA Maharaj",
              "bowler": "VD Philander",
              "non_striker": "KJ Abbott",
              "runs": {
                "batter": 4,
                "extras": 0,
                "total": 4
              }
            },
            {
              "batter": "KA Maharaj",
              "bowler": "VD Philander",
              "non_striker": "KJ Abbott",
              "runs": {
                "batter": 0,
                "extras": 0,
                "total": 0
              }
            }
          ]
        }
      ],
      "powerplays": [
        {
          "from": 0.1,
          "to": 5.6,
          "type": "mandatory"
        }
      ],
      "target": {
        "overs": 20,
        "runs": 158
      }
    }
  ]
}