{
  "meta": {
    "data_version": "1.1.0",
    "created": "2022-04-03",
    "revision": 1
  },
  "info": {
    "balls_per_over": 6,
    "city": "East London",
    "dates": [
      "2014-01-08"
    ],
    "event": {
      "name": "Ram Slam T20 Challenge"
    },
    "gender": "male",
    "match_type": "T20",
    "officials": {
      "match_referees": [
        "A Barnes"
      ],
      "reserve_umpires": [
        "LJ Willemse"
      ],
      "tv_umpires": [
        "IL Howell"
      ],
      "umpires": [
        "A Paleker",
        "KH Hurter"
      ]
    },
    "outcome": {
      "winner": "Warriors",
      "by": {
        "wickets": 5
      }
    },
    "overs": 20,
    "player_of_match": [
      "L Mbane",
      "JT Smuts"
    ],
    "players": {
      "Knights": [
        "RR Hendricks",
        "RR Rossouw",
        "PJ van Biljon",
        "D Elgar",
        "AJ Pienaar",
        "DS Rosier",
        "R McLaren",
        "JJ van der Wath",
        "LN Mosena",
        "N Boje",
        "MP Siboto"
      ],
      "Warriors": [
        "C Jonker",
        "EM Moore",
        "AG Prince",
        "JT Smuts",
        "RT Bailey",
        "DJ Jacobs",
        "WD Parnell",
        "SR Harmer",
        "ACR Birch",
        "J Theron",
        "L Mbane"
      ]
    },
    "registry": {
      "people": {
        "A Barnes": "f9607922",
        "A Paleker": "634b11ac",
        "ACR Birch": "9df3a2f4",
        "AG Prince": "035cb925",
        "AJ Pienaar": "647a48da",
        "C Jonker": "a81d6706",
        "D Elgar": "33085ffb",
        "DJ Jacobs": "a84468fe",
        "DS Rosier": "f8e6dbdd",
        "EM Moore": "6ca6d885",
        "IL Howell": "c1cd91c3",
        "J Theron": "dec8e038",
        "JJ van der Wath": "6821ac10",
        "JT Smuts": "42172c3c",
        "KH Hurter": "bda8cca8",
        "L Mbane": "ca322fd6",
        "LJ Willemse": "bec17912",
        "LN Mosena": "4c9c19e3",
        "MP Siboto": "9d50c7e1",
        "N Boje": "6a0537aa",
        "PJ van Biljon": "4025c262",
        "R McLaren": "c654af19",
        "RR Hendricks": "b8cc58c9",
        "RR Rossouw": "cad00a4d",
        "RT Bailey": "93a751e8",
        "SR Harmer": "23638956",
        "WD Parnell": "3a60e0b5"
      }
    },
    "season": "2013/14",
    "team_type": "club",
    "teams": [
      "Knights",
      "Warriors"
    ],
    "toss": {
      "decision": "bat",
      "winner": "Knights"
    },
    "venue": "Buffalo Park, East London"
  },
  "innings": [
    {
      "team": "Knights",
      "overs": [
        {
          "over": 0,
          "deliveries": [
            {
              "batter": "RR Hendricks",
              "bowler": "ACR Birch",
              "non_striker": "RR Rossouw",
              "runs": {
                "batter": 4,
                "extras": 0,
                "total": 4
              }
            },
            {
              "batter": "RR Hendricks",
              "bowler": "ACR Birch",
              "non_striker": "RR Rossouw",
              "runs": {
                "batter": 1,
                "extras": 0,
                "total": 1
              }
            },
            {
              "batter": "RR Rossouw",
              "bowler": "ACR Birch",
              "non_striker": "RR Hendricks",
              "runs": {
                "batter": 0,
                "extras": 0,
                "total": 0
              },
              "wickets": [
                {
                  "player_out": "RR Rossouw",
                  "fielders": [
                    {
                      "name": "SR Harmer"
                    }
                  ],
                  "kind": "caught"
                }
              ]
            },
            {
              "batter": "PJ van Biljon",
              "bowler": "ACR Birch",
              "non_striker": "RR Hendricks",
              "runs": {
                "batter": 0,
                "extras": 0,
                "total": 0
              }
            },
            {
              "batter": "PJ van Biljon",
              "bowler": "ACR Birch",
              "non_striker": "RR Hendricks",
              "runs": {
                "batter": 1,
                "extras": 0,
                "total": 1
              }
            },
            {
              "batter": "RR Hendricks",
              "bowler": "ACR Birch",
              "non_striker": "PJ van Biljon",
              "runs": {
                "batter": 0,
                "extras": 0,
                "total": 0
              }
            }
          ]
        },
        {
          "over": 1,
          "deliveries": [
            {
              "batter": "PJ van Biljon",
              "bowler": "WD Parnell",
              "extras": {
                "legbyes": 4
              },
              "non_striker": "RR Hendricks",
              "runs": {
                "batter": 0,
                "extras": 4,
                "total": 4
              }
            },
            {
              "batter": "PJ van Biljon",
              "bowler": "WD Parnell",
              "non_striker": "RR Hendricks",
              "runs": {
                "batter": 4,
                "extras": 0,
                "total": 4
              }
            },
            {
              "batter": "PJ van Biljon",
              "bowler": "WD Parnell",
              "non_striker": "RR Hendricks",
              "runs": {
                "batter": 4,
                "extras": 0,
                "total": 4
              }
            },
            {
              "batter": "PJ van Biljon",
              "bowler": "WD Parnell",
              "non_striker": "RR Hendricks",
              "runs": {
                "batter": 1,
                "extras": 0,
                "total": 1
              }
            },
            {
              "batter": "RR Hendricks",
              "bowler": "WD Parnell",
              "non_striker": "PJ van Biljon",
              "runs": {
                "batter": 0,
                "extras": 0,
                "total": 0
              }
            },
            {
              "batter": "RR Hendricks",
              "bowler": "WD Parnell",
              "extras": {
                "wides": 1
              },
              "non_striker": "PJ van Biljon",
              "runs": {
                "batter": 0,
                "extras": 1,
                "total": 1
              }
            },
            {
              "batter": "RR Hendricks",
              "bowler": "WD Parnell",
              "non_striker": "PJ van Biljon",
              "runs": {
                "batter": 1,
                "extras": 0,
                "total": 1
              }
            }
          ]
        },
        {
          "over": 2,
          "deliveries": [
            {
              "batter": "RR Hendricks",
              "bowler": "ACR Birch",
              "non_striker": "PJ van Biljon",
              "runs": {
                "batter": 4,
                "extras": 0,
                "total": 4
              }
            },
            {
              "batter": "RR Hendricks",
              "bowler": "ACR Birch",
              "non_striker": "PJ van Biljon",
              "runs": {
                "batter": 1,
                "extras": 0,
                "total": 1
              }
            },
            {
              "batter": "PJ van Biljon",
              "bowler": "ACR Birch",
              "non_striker": "RR Hendricks",
              "runs": {
                "batter": 4,
                "extras": 0,
                "total": 4
              }
            },
            {
              "batter": "PJ van Biljon",
              "bowler": "ACR Birch",
              "extras": {
                "noballs": 1
              },
              "non_striker": "RR Hendricks",
              "runs": {
                "batter": 0,
                "extras": 1,
                "total": 1
              }
            },
            {
              "batter": "PJ van Biljon",
              "bowler": "ACR Birch",
              "non_striker": "RR Hendricks",
              "runs": {
                "batter": 0,
                "extras": 0,
                "total": 0
              }
            },
            {
              "batter": "PJ van Biljon",
              "bowler": "ACR Birch",
              "non_striker": "RR Hendricks",
              "runs": {
                "batter": 1,
                "extras": 0,
                "total": 1
              }
            },
            {
              "batter": "RR Hendricks",
              "bowler": "ACR Birch",
              "non_striker": "PJ van Biljon",
              "runs": {
                "batter": 2,
                "extras": 0,
                "total": 2
              }
            }
          ]
        },
        {
          "over": 3,
          "deliveries": [
            {
              "batter": "PJ van Biljon",
              "bowler": "WD Parnell",
              "non_striker": "RR Hendricks",
              "runs": {
                "batter": 2,
                "extras": 0,
                "total": 2
              }
            },
            {
              "batter": "PJ van Biljon",
              "bowler": "WD Parnell",
              "non_striker": "RR Hendricks",
              "runs": {
                "batter": 1,
                "extras": 0,
                "total": 1
              }
            },
            {
              "batter": "RR Hendricks",
              "bowler": "WD Parnell",
              "non_striker": "PJ van Biljon",
              "runs": {
                "batter": 1,
                "extras": 0,
                "total": 1
              }
            },
            {
              "batter": "PJ van Biljon",
              "bowler": "WD Parnell",
              "non_striker": "RR Hendricks",
              "runs": {
                "batter": 0,
                "extras": 0,
                "total": 0
              }
            },
            {
              "batter": "PJ van Biljon",
              "bowler": "WD Parnell",
              "non_striker": "RR Hendricks",
              "runs": {
                "batter": 0,
                "extras": 0,
                "total": 0
              },
              "wickets": [
                {
                  "player_out": "PJ van Biljon",
                  "fielders": [
                    {
                      "name": "ACR Birch"
                    }
                  ],
                  "kind": "caught"
                }
              ]
            },
            {
              "batter": "RR Hendricks",
              "bowler": "WD Parnell",
              "non_striker": "D Elgar",
              "runs": {
                "batter": 0,
                "extras": 0,
                "total": 0
              }
            }
          ]
        },
        {
          "over": 4,
          "deliveries": [
            {
              "batter": "D Elgar",
              "bowler": "ACR Birch",
              "non_striker": "RR Hendricks",
              "runs": {
                "batter": 2,
                "extras": 0,
                "total": 2
              }
            },
            {
              "batter": "D Elgar",
              "bowler": "ACR Birch",
              "non_striker": "RR Hendricks",
              "runs": {
                "batter": 1,
                "extras": 0,
                "total": 1
              }
            },
            {
              "batter": "RR Hendricks",
              "bowler": "ACR Birch",
              "non_striker": "D Elgar",
              "runs": {
                "batter": 0,
                "extras": 0,
                "total": 0
              }
            },
            {
              "batter": "RR Hendricks",
              "bowler": "ACR Birch",
              "non_striker": "D Elgar",
              "runs": {
                "batter": 1,
                "extras": 0,
                "total": 1
              }
            },
            {
              "batter": "D Elgar",
              "bowler": "ACR Birch",
              "non_striker": "RR Hendricks",
              "runs": {
                "batter": 0,
                "extras": 0,
                "total": 0
              }
            },
            {
              "batter": "D Elgar",
              "bowler": "ACR Birch",
              "non_striker": "RR Hendricks",
              "runs": {
                "batter": 0,
                "extras": 0,
                "total": 0
              }
            }
          ]
        },
        {
          "over": 5,
          "deliveries": [
            {
              "batter": "RR Hendricks",
              "bowler": "J Theron",
              "non_striker": "D Elgar",
              "runs": {
                "batter": 2,
                "extras": 0,
                "total": 2
              }
            },
            {
              "batter": "RR Hendricks",
              "bowler": "J Theron",
              "non_striker": "D Elgar",
              "runs": {
                "batter": 0,
                "extras": 0,
                "total": 0
              },
              "wickets": [
                {
                  "player_out": "RR Hendricks",
                  "kind": "bowled"
                }
              ]
            },
            {
              "batter": "AJ Pienaar",
              "bowler": "J Theron",
              "non_striker": "D Elgar",
              "runs": {
                "batter": 1,
                "extras": 0,
                "total": 1
              }
            },
            {
              "batter": "D Elgar",
              "bowler": "J Theron",
              "non_striker": "AJ Pienaar",
              "runs": {
                "batter": 1,
                "extras": 0,
                "total": 1
              }
            },
            {
              "batter": "AJ Pienaar",
              "bowler": "J Theron",
              "non_striker": "D Elgar",
              "runs": {
                "batter": 0,
                "extras": 0,
                "total": 0
              }
            },
            {
              "batter": "AJ Pienaar",
              "bowler": "J Theron",
              "non_striker": "D Elgar",
              "runs": {
                "batter": 0,
                "extras": 0,
                "total": 0
              }
            }
          ]
        },
        {
          "over": 6,
          "deliveries": [
            {
              "batter": "D Elgar",
              "bowler": "SR Harmer",
              "non_striker": "AJ Pienaar",
              "runs": {
                "batter": 1,
                "extras": 0,
                "total": 1
              }
            },
            {
              "batter": "AJ Pienaar",
              "bowler": "SR Harmer",
              "non_striker": "D Elgar",
              "runs": {
                "batter": 0,
                "extras": 0,
                "total": 0
              }
            },
            {
              "batter": "AJ Pienaar",
              "bowler": "SR Harmer",
              "non_striker": "D Elgar",
              "runs": {
                "batter": 1,
                "extras": 0,
                "total": 1
              }
            },
            {
              "batter": "D Elgar",
              "bowler": "SR Harmer",
              "non_striker": "AJ Pienaar",
              "runs": {
                "batter": 1,
                "extras": 0,
                "total": 1
              }
            },
            {
              "batter": "AJ Pienaar",
              "bowler": "SR Harmer",
              "non_striker": "D Elgar",
              "runs": {
                "batter": 1,
                "extras": 0,
                "total": 1
              }
            },
            {
              "batter": "D Elgar",
              "bowler": "SR Harmer",
              "non_striker": "AJ Pienaar",
              "runs": {
                "batter": 1,
                "extras": 0,
                "total": 1
              }
            }
          ]
        },
        {
          "over": 7,
          "deliveries": [
            {
              "batter": "D Elgar",
              "bowler": "J Theron",
              "non_striker": "AJ Pienaar",
              "runs": {
                "batter": 0,
                "extras": 0,
                "total": 0
              }
            },
            {
              "batter": "D Elgar",
              "bowler": "J Theron",
              "non_striker": "AJ Pienaar",
              "runs": {
                "batter": 0,
                "extras": 0,
                "total": 0
              }
            },
            {
              "batter": "D Elgar",
              "bowler": "J Theron",
              "non_striker": "AJ Pienaar",
              "runs": {
                "batter": 0,
                "extras": 0,
                "total": 0
              }
            },
            {
              "batter": "D Elgar",
              "bowler": "J Theron",
              "non_striker": "AJ Pienaar",
              "runs": {
                "batter": 0,
                "extras": 0,
                "total": 0
              }
            },
            {
              "batter": "D Elgar",
              "bowler": "J Theron",
              "non_striker": "AJ Pienaar",
              "runs": {
                "batter": 0,
                "extras": 0,
                "total": 0
              }
            },
            {
              "batter": "D Elgar",
              "bowler": "J Theron",
              "non_striker": "AJ Pienaar",
              "runs": {
                "batter": 0,
                "extras": 0,
                "total": 0
              }
            }
          ]
        },
        {
          "over": 8,
          "deliveries": [
            {
              "batter": "AJ Pienaar",
              "bowler": "SR Harmer",
              "non_striker": "D Elgar",
              "runs": {
                "batter": 0,
                "extras": 0,
                "total": 0
              }
            },
            {
              "batter": "AJ Pienaar",
              "bowler": "SR Harmer",
              "non_striker": "D Elgar",
              "runs": {
                "batter": 0,
                "extras": 0,
                "total": 0
              }
            },
            {
              "batter": "AJ Pienaar",
              "bowler": "SR Harmer",
              "non_striker": "D Elgar",
              "runs": {
                "batter": 0,
                "extras": 0,
                "total": 0
              }
            },
            {
              "batter": "AJ Pienaar",
              "bowler": "SR Harmer",
              "non_striker": "D Elgar",
              "runs": {
                "batter": 2,
                "extras": 0,
                "total": 2
              }
            },
            {
              "batter": "AJ Pienaar",
              "bowler": "SR Harmer",
              "non_striker": "D Elgar",
              "runs": {
                "batter": 1,
                "extras": 0,
                "total": 1
              }
            },
            {
              "batter": "D Elgar",
              "bowler": "SR Harmer",
              "non_striker": "AJ Pienaar",
              "runs": {
                "batter": 1,
                "extras": 0,
                "total": 1
              }
            }
          ]
        },
        {
          "over": 9,
          "deliveries": [
            {
              "batter": "D Elgar",
              "bowler": "JT Smuts",
              "non_striker": "AJ Pienaar",
              "runs": {
                "batter": 6,
                "extras": 0,
                "total": 6
              }
            },
            {
              "batter": "D Elgar",
              "bowler": "JT Smuts",
              "non_striker": "AJ Pienaar",
              "runs": {
                "batter": 1,
                "extras": 0,
                "total": 1
              }
            },
            {
              "batter": "AJ Pienaar",
              "bowler": "JT Smuts",
              "non_striker": "D Elgar",
              "runs": {
                "batter": 1,
                "extras": 0,
                "total": 1
              }
            },
            {
              "batter": "D Elgar",
              "bowler": "JT Smuts",
              "non_striker": "AJ Pienaar",
              "runs": {
                "batter": 0,
                "extras": 0,
                "total": 0
              }
            },
            {
              "batter": "D Elgar",
              "bowler": "JT Smuts",
              "non_striker": "AJ Pienaar",
              "runs": {
                "batter": 1,
                "extras": 0,
                "total": 1
              }
            },
            {
              "batter": "AJ Pienaar",
              "bowler": "JT Smuts",
              "non_striker": "D Elgar",
              "runs": {
                "batter": 0,
                "extras": 0,
                "total": 0
              },
              "wickets": [
                {
                  "player_out": "AJ Pienaar",
                  "kind": "caught and bowled"
                }
              ]
            }
          ]
        },
        {
          "over": 10,
          "deliveries": [
            {
              "batter": "D Elgar",
              "bowler": "SR Harmer",
              "non_striker": "DS Rosier",
              "runs": {
                "batter": 0,
                "extras": 0,
                "total": 0
              }
            },
            {
              "batter": "D Elgar",
              "bowler": "SR Harmer",
              "non_striker": "DS Rosier",
              "runs": {
                "batter": 2,
                "extras": 0,
                "total": 2
              }
            },
            {
              "batter": "D Elgar",
              "bowler": "SR Harmer",
              "non_striker": "DS Rosier",
              "runs": {
                "batter": 1,
                "extras": 0,
                "total": 1
              }
            },
            {
              "batter": "DS Rosier",
              "bowler": "SR Harmer",
              "non_striker": "D Elgar",
              "runs": {
                "batter": 0,
                "extras": 0,
                "total": 0
              }
            },
            {
              "batter": "DS Rosier",
              "bowler": "SR Harmer",
              "non_striker": "D Elgar",
              "runs": {
                "batter": 0,
                "extras": 0,
                "total": 0
              }
            },
            {
              "batter": "DS Rosier",
              "bowler": "SR Harmer",
              "non_striker": "D Elgar",
              "runs": {
                "batter": 1,
                "extras": 0,
                "total": 1
              }
            }
          ]
        },
        {
          "over": 11,
          "deliveries": [
            {
              "batter": "DS Rosier",
              "bowler": "JT Smuts",
              "non_striker": "D Elgar",
              "runs": {
                "batter": 1,
                "extras": 0,
                "total": 1
              }
            },
            {
              "batter": "D Elgar",
              "bowler": "JT Smuts",
              "non_striker": "DS Rosier",
              "runs": {
                "batter": 1,
                "extras": 0,
                "total": 1
              }
            },
            {
              "batter": "DS Rosier",
              "bowler": "JT Smuts",
              "non_striker": "D Elgar",
              "runs": {
                "batter": 0,
                "extras": 0,
                "total": 0
              }
            },
            {
              "batter": "DS Rosier",
              "bowler": "JT Smuts",
              "non_striker": "D Elgar",
              "runs": {
                "batter": 1,
                "extras": 0,
                "total": 1
              }
            },
            {
              "batter": "D Elgar",
              "bowler": "JT Smuts",
              "non_striker": "DS Rosier",
              "runs": {
                "batter": 1,
                "extras": 0,
                "total": 1
              }
            },
            {
              "batter": "DS Rosier",
              "bowler": "JT Smuts",
              "non_striker": "D Elgar",
              "runs": {
                "batter": 0,
                "extras": 0,
                "total": 0
              }
            }
          ]
        },
        {
          "over": 12,
          "deliveries": [
            {
              "batter": "D Elgar",
              "bowler": "SR Harmer",
              "non_striker": "DS Rosier",
              "runs": {
                "batter": 1,
                "extras": 0,
                "total": 1
              }
            },
            {
              "batter": "DS Rosier",
              "bowler": "SR Harmer",
              "non_striker": "D Elgar",
              "runs": {
                "batter": 4,
                "extras": 0,
                "total": 4
              }
            },
            {
              "batter": "DS Rosier",
              "bowler": "SR Harmer",
              "non_striker": "D Elgar",
              "runs": {
                "batter": 1,
                "extras": 0,
                "total": 1
              }
            },
            {
              "batter": "D Elgar",
              "bowler": "SR Harmer",
              "non_striker": "DS Rosier",
              "runs": {
                "batter": 1,
                "extras": 0,
                "total": 1
              }
            },
            {
              "batter": "DS Rosier",
              "bowler": "SR Harmer",
              "non_striker": "D Elgar",
              "runs": {
                "batter": 1,
                "extras": 0,
                "total": 1
              }
            },
            {
              "batter": "D Elgar",
              "bowler": "SR Harmer",
              "non_striker": "DS Rosier",
              "runs": {
                "batter": 1,
                "extras": 0,
                "total": 1
              }
            }
          ]
        },
        {
          "over": 13,
          "deliveries": [
            {
              "batter": "D Elgar",
              "bowler": "JT Smuts",
              "non_striker": "DS Rosier",
              "runs": {
                "batter": 1,
                "extras": 0,
                "total": 1
              }
            },
            {
              "batter": "DS Rosier",
              "bowler": "JT Smuts",
              "non_striker": "D Elgar",
              "runs": {
                "batter": 1,
                "extras": 0,
                "total": 1
              }
            },
            {
              "batter": "D Elgar",
              "bowler": "JT Smuts",
              "non_striker": "DS Rosier",
              "runs": {
                "batter": 1,
                "extras": 0,
                "total": 1
              }
            },
            {
              "batter": "DS Rosier",
              "bowler": "JT Smuts",
              "non_striker": "D Elgar",
              "runs": {
                "batter": 1,
                "extras": 0,
                "total": 1
              }
            },
            {
              "batter": "D Elgar",
              "bowler": "JT Smuts",
              "non_striker": "DS Rosier",
              "runs": {
                "batter": 1,
                "extras": 0,
                "total": 1
              }
            },
            {
              "batter": "DS Rosier",
              "bowler": "JT Smuts",
              "non_striker": "D Elgar",
              "runs": {
                "batter": 0,
                "extras": 0,
                "total": 0
              },
              "wickets": [
                {
                  "player_out": "DS Rosier",
                  "kind": "caught and bowled"
                }
              ]
            }
          ]
        },
        {
          "over": 14,
          "deliveries": [
            {
              "batter": "D Elgar",
              "bowler": "ACR Birch",
              "non_striker": "R McLaren",
              "runs": {
                "batter": 4,
                "extras": 0,
                "total": 4
              }
            },
            {
              "batter": "D Elgar",
              "bowler": "ACR Birch",
              "non_striker": "R McLaren",
              "runs": {
                "batter": 2,
                "extras": 0,
                "total": 2
              }
            },
            {
              "batter": "D Elgar",
              "bowler": "ACR Birch",
              "non_striker": "R McLaren",
              "runs": {
                "batter": 0,
                "extras": 0,
                "total": 0
              }
            },
            {
              "batter": "D Elgar",
              "bowler": "ACR Birch",
              "non_striker": "R McLaren",
              "runs": {
                "batter": 1,
                "extras": 0,
                "total": 1
              }
            },
            {
              "batter": "R McLaren",
              "bowler": "ACR Birch",
              "non_striker": "D Elgar",
              "runs": {
                "batter": 0,
                "extras": 0,
                "total": 0
              }
            },
            {
              "batter": "R McLaren",
              "bowler": "ACR Birch",
              "non_striker": "D Elgar",
              "runs": {
                "batter": 0,
                "extras": 0,
                "total": 0
              }
            }
          ]
        },
        {
          "over": 15,
          "deliveries": [
            {
              "batter": "D Elgar",
              "bowler": "L Mbane",
              "non_striker": "R McLaren",
              "runs": {
                "batter": 1,
                "extras": 0,
                "total": 1
              }
            },
            {
              "batter": "R McLaren",
              "bowler": "L Mbane",
              "non_striker": "D Elgar",
              "runs": {
                "batter": 2,
                "extras": 0,
                "total": 2
              }
            },
            {
              "batter": "R McLaren",
              "bowler": "L Mbane",
              "non_striker": "D Elgar",
              "runs": {
                "batter": 0,
                "extras": 0,
                "total": 0
              }
            },
            {
              "batter": "R McLaren",
              "bowler": "L Mbane",
              "non_striker": "D Elgar",
              "runs": {
                "batter": 1,
                "extras": 0,
                "total": 1
              }
            },
            {
              "batter": "D Elgar",
              "bowler": "L Mbane",
              "non_striker": "R McLaren",
              "runs": {
                "batter": 1,
                "extras": 0,
                "total": 1
              }
            },
            {
              "batter": "R McLaren",
              "bowler": "L Mbane",
              "non_striker": "D Elgar",
              "runs": {
                "batter": 0,
                "extras": 0,
                "total": 0
              }
            }
          ]
        },
        {
          "over": 16,
          "deliveries": [
            {
              "batter": "D Elgar",
              "bowler": "J Theron",
              "extras": {
                "wides": 1
              },
              "non_striker": "R McLaren",
              "runs": {
                "batter": 0,
                "extras": 1,
                "total": 1
              }
            },
            {
              "batter": "D Elgar",
              "bowler": "J Theron",
              "non_striker": "R McLaren",
              "runs": {
                "batter": 1,
                "extras": 0,
                "total": 1
              }
            },
            {
              "batter": "R McLaren",
              "bowler": "J Theron",
              "non_striker": "D Elgar",
              "runs": {
                "batter": 0,
                "extras": 0,
                "total": 0
              }
            },
            {
              "batter": "R McLaren",
              "bowler": "J Theron",
              "non_striker": "D Elgar",
              "runs": {
                "batter": 1,
                "extras": 0,
                "total": 1
              }
            },
            {
              "batter": "D Elgar",
              "bowler": "J Theron",
              "non_striker": "R McLaren",
              "runs": {
                "batter": 0,
                "extras": 0,
                "total": 0
              }
            },
            {
              "batter": "D Elgar",
              "bowler": "J Theron",
              "non_striker": "R McLaren",
              "runs": {
                "batter": 1,
                "extras": 0,
                "total": 1
              }
            },
            {
              "batter": "R McLaren",
              "bowler": "J Theron",
              "non_striker": "D Elgar",
              "runs": {
                "batter": 1,
                "extras": 0,
                "total": 1
              }
            }
          ]
        },
        {
          "over": 17,
          "deliveries": [
            {
              "batter": "R McLaren",
              "bowler": "L Mbane",
              "non_striker": "D Elgar",
              "runs": {
                "batter": 1,
                "extras": 0,
                "total": 1
              }
            },
            {
              "batter": "D Elgar",
              "bowler": "L Mbane",
              "non_striker": "R McLaren",
              "runs": {
                "batter": 0,
                "extras": 0,
                "total": 0
              }
            },
            {
              "batter": "D Elgar",
              "bowler": "L Mbane",
              "non_striker": "R McLaren",
              "runs": {
                "batter": 0,
                "extras": 0,
                "total": 0
              }
            },
            {
              "batter": "D Elgar",
              "bowler": "L Mbane",
              "non_striker": "R McLaren",
              "runs": {
                "batter": 0,
                "extras": 0,
                "total": 0
              },
              "wickets": [
                {
                  "player_out": "D Elgar",
                  "kind": "bowled"
                }
              ]
            },
            {
              "batter": "JJ van der Wath",
              "bowler": "L Mbane",
              "non_striker": "R McLaren",
              "runs": {
                "batter": 0,
                "extras": 0,
                "total": 0
              }
            },
            {
              "batter": "JJ van der Wath",
              "bowler": "L Mbane",
              "non_striker": "R McLaren",
              "runs": {
                "batter": 1,
                "extras": 0,
                "total": 1
              }
            }
          ]
        },
        {
          "over": 18,
          "deliveries": [
            {
              "batter": "JJ van der Wath",
              "bowler": "J Theron",
              "non_striker": "R McLaren",
              "runs": {
                "batter": 1,
                "extras": 0,
                "total": 1
              }
            },
            {
              "batter": "R McLaren",
              "bowler": "J Theron",
              "non_striker": "JJ van der Wath",
              "runs": {
                "batter": 0,
                "extras": 0,
                "total": 0
              }
            },
            {
              "batter": "R McLaren",
              "bowler": "J Theron",
              "non_striker": "JJ van der Wath",
              "runs": {
                "batter": 0,
                "extras": 0,
                "total": 0
              }
            },
            {
              "batter": "R McLaren",
              "bowler": "J Theron",
              "non_striker": "JJ van der Wath",
              "runs": {
                "batter": 1,
                "extras": 0,
                "total": 1
              }
            },
            {
              "batter": "JJ van der Wath",
              "bowler": "J Theron",
              "non_striker": "R McLaren",
              "runs": {
                "batter": 1,
                "extras": 0,
                "total": 1
              }
            },
            {
              "batter": "R McLaren",
              "bowler": "J Theron",
              "non_striker": "JJ van der Wath",
              "runs": {
                "batter": 4,
                "extras": 0,
                "total": 4
              }
            }
          ]
        },
        {
          "over": 19,
          "deliveries": [
            {
              "batter": "JJ van der Wath",
              "bowler": "L Mbane",
              "non_striker": "R McLaren",
              "runs": {
                "batter": 0,
                "extras": 0,
                "total": 0
              }
            },
            {
              "batter": "JJ van der Wath",
              "bowler": "L Mbane",
              "non_striker": "R McLaren",
              "runs": {
                "batter": 1,
                "extras": 0,
                "total": 1
              }
            },
            {
              "batter": "R McLaren",
              "bowler": "L Mbane",
              "non_striker": "JJ van der Wath",
              "runs": {
                "batter": 1,
                "extras": 0,
                "total": 1
              }
            },
            {
              "batter": "JJ van der Wath",
              "bowler": "L Mbane",
              "non_striker": "R McLaren",
              "runs": {
                "batter": 1,
                "extras": 0,
                "total": 1
              }
            },
            {
              "batter": "R McLaren",
              "bowler": "L Mbane",
              "non_striker": "JJ van der Wath",
              "runs": {
                "batter": 1,
                "extras": 0,
                "total": 1
              }
            },
            {
              "batter": "JJ van der Wath",
              "bowler": "L Mbane",
              "non_striker": "R McLaren",
              "runs": {
                "batter": 0,
                "extras": 0,
                "total": 0
              }
            }
          ]
        }
      ],
      "powerplays": [
        {
          "from": 0.1,
          "to": 5.6,
          "type": "mandatory"
        }
      ]
    },
    {
      "team": "Warriors",
      "overs": [
        {
          "over": 0,
          "deliveries": [
            {
              "batter": "C Jonker",
              "bowler": "JJ van der Wath",
              "non_striker": "EM Moore",
              "runs": {
                "batter": 0,
                "extras": 0,
                "total": 0
              }
            },
            {
              "batter": "C Jonker",
              "bowler": "JJ van der Wath",
              "non_striker": "EM Moore",
              "runs": {
                "batter": 0,
                "extras": 0,
                "total": 0
              }
            },
            {
              "batter": "C Jonker",
              "bowler": "JJ van der Wath",
              "non_striker": "EM Moore",
              "runs": {
                "batter": 0,
                "extras": 0,
                "total": 0
              }
            },
            {
              "batter": "C Jonker",
              "bowler": "JJ van der Wath",
              "non_striker": "EM Moore",
              "runs": {
                "batter": 0,
                "extras": 0,
                "total": 0
              }
            },
            {
              "batter": "C Jonker",
              "bowler": "JJ van der Wath",
              "non_striker": "EM Moore",
              "runs": {
                "batter": 0,
                "extras": 0,
                "total": 0
              }
            },
            {
              "batter": "C Jonker",
              "bowler": "JJ van der Wath",
              "non_striker": "EM Moore",
              "runs": {
                "batter": 4,
                "extras": 0,
                "total": 4
              }
            }
          ]
        },
        {
          "over": 1,
          "deliveries": [
            {
              "batter": "EM Moore",
              "bowler": "R McLaren",
              "non_striker": "C Jonker",
              "runs": {
                "batter": 0,
                "extras": 0,
                "total": 0
              }
            },
            {
              "batter": "EM Moore",
              "bowler": "R McLaren",
              "non_striker": "C Jonker",
              "runs": {
                "batter": 0,
                "extras": 0,
                "total": 0
              }
            },
            {
              "batter": "EM Moore",
              "bowler": "R McLaren",
              "non_striker": "C Jonker",
              "runs": {
                "batter": 1,
                "extras": 0,
                "total": 1
              }
            },
            {
              "batter": "C Jonker",
              "bowler": "R McLaren",
              "non_striker": "EM Moore",
              "runs": {
                "batter": 0,
                "extras": 0,
                "total": 0
              }
            },
            {
              "batter": "C Jonker",
              "bowler": "R McLaren",
              "non_striker": "EM Moore",
              "runs": {
                "batter": 4,
                "extras": 0,
                "total": 4
              }
            },
            {
              "batter": "C Jonker",
              "bowler": "R McLaren",
              "non_striker": "EM Moore",
              "runs": {
                "batter": 0,
                "extras": 0,
                "total": 0
              }
            }
          ]
        },
        {
          "over": 2,
          "deliveries": [
            {
              "batter": "EM Moore",
              "bowler": "JJ van der Wath",
              "non_striker": "C Jonker",
              "runs": {
                "batter": 0,
                "extras": 0,
                "total": 0
              }
            },
            {
              "batter": "EM Moore",
              "bowler": "JJ van der Wath",
              "non_striker": "C Jonker",
              "runs": {
                "batter": 2,
                "extras": 0,
                "total": 2
              }
            },
            {
              "batter": "EM Moore",
              "bowler": "JJ van der Wath",
              "non_striker": "C Jonker",
              "runs": {
                "batter": 1,
                "extras": 0,
                "total": 1
              }
            },
            {
              "batter": "C Jonker",
              "bowler": "JJ van der Wath",
              "extras": {
                "legbyes": 1
              },
              "non_striker": "EM Moore",
              "runs": {
                "batter": 0,
                "extras": 1,
                "total": 1
              }
            },
            {
              "batter": "EM Moore",
              "bowler": "JJ van der Wath",
              "non_striker": "C Jonker",
              "runs": {
                "batter": 0,
                "extras": 0,
                "total": 0
              }
            },
            {
              "batter": "EM Moore",
              "bowler": "JJ van der Wath",
              "non_striker": "C Jonker",
              "runs": {
                "batter": 4,
                "extras": 0,
                "total": 4
              }
            }
          ]
        },
        {
          "over": 3,
          "deliveries": [
            {
              "batter": "C Jonker",
              "bowler": "MP Siboto",
              "non_striker": "EM Moore",
              "runs": {
                "batter": 1,
                "extras": 0,
                "total": 1
              }
            },
            {
              "batter": "EM Moore",
              "bowler": "MP Siboto",
              "non_striker": "C Jonker",
              "runs": {
                "batter": 4,
                "extras": 0,
                "total": 4
              }
            },
            {
              "batter": "EM Moore",
              "bowler": "MP Siboto",
              "non_striker": "C Jonker",
              "runs": {
                "batter": 0,
                "extras": 0,
                "total": 0
              }
            },
            {
              "batter": "EM Moore",
              "bowler": "MP Siboto",
              "non_striker": "C Jonker",
              "runs": {
                "batter": 0,
                "extras": 0,
                "total": 0
              }
            },
            {
              "batter": "EM Moore",
              "bowler": "MP Siboto",
              "non_striker": "C Jonker",
              "runs": {
                "batter": 0,
                "extras": 0,
                "total": 0
              }
            },
            {
              "batter": "EM Moore",
              "bowler": "MP Siboto",
              "non_striker": "C Jonker",
              "runs": {
                "batter": 1,
                "extras": 0,
                "total": 1
              }
            }
          ]
        },
        {
          "over": 4,
          "deliveries": [
            {
              "batter": "EM Moore",
              "bowler": "R McLaren",
              "non_striker": "C Jonker",
              "runs": {
                "batter": 0,
                "extras": 0,
                "total": 0
              }
            },
            {
              "batter": "EM Moore",
              "bowler": "R McLaren",
              "non_striker": "C Jonker",
              "runs": {
                "batter": 0,
                "extras": 0,
                "total": 0
              }
            },
            {
              "batter": "EM Moore",
              "bowler": "R McLaren",
              "non_striker": "C Jonker",
              "runs": {
                "batter": 0,
                "extras": 0,
                "total": 0
              }
            },
            {
              "batter": "EM Moore",
              "bowler": "R McLaren",
              "non_striker": "C Jonker",
              "runs": {
                "batter": 1,
                "extras": 0,
                "total": 1
              }
            },
            {
              "batter": "C Jonker",
              "bowler": "R McLaren",
              "non_striker": "EM Moore",
              "runs": {
                "batter": 0,
                "extras": 0,
                "total": 0
              }
            },
            {
              "batter": "C Jonker",
              "bowler": "R McLaren",
              "non_striker": "EM Moore",
              "runs": {
                "batter": 0,
                "extras": 0,
                "total": 0
              }
            }
          ]
        },
        {
          "over": 5,
          "deliveries": [
            {
              "batter": "EM Moore",
              "bowler": "MP Siboto",
              "non_striker": "C Jonker",
              "runs": {
                "batter": 0,
                "extras": 0,
                "total": 0
              },
              "wickets": [
                {
                  "player_out": "EM Moore",
                  "fielders": [
                    {
                      "name": "RR Rossouw"
                    }
                  ],
                  "kind": "caught"
                }
              ]
            },
            {
              "batter": "AG Prince",
              "bowler": "MP Siboto",
              "non_striker": "C Jonker",
              "runs": {
                "batter": 0,
                "extras": 0,
                "total": 0
              }
            },
            {
              "batter": "AG Prince",
              "bowler": "MP Siboto",
              "non_striker": "C Jonker",
              "runs": {
                "batter": 3,
                "extras": 0,
                "total": 3
              }
            },
            {
              "batter": "C Jonker",
              "bowler": "MP Siboto",
              "non_striker": "AG Prince",
              "runs": {
                "batter": 1,
                "extras": 0,
                "total": 1
              }
            },
            {
              "batter": "AG Prince",
              "bowler": "MP Siboto",
              "non_striker": "C Jonker",
              "runs": {
                "batter": 4,
                "extras": 0,
                "total": 4
              }
            },
            {
              "batter": "AG Prince",
              "bowler": "MP Siboto",
              "non_striker": "C Jonker",
              "runs": {
                "batter": 1,
                "extras": 0,
                "total": 1
              }
            }
          ]
        },
        {
          "over": 6,
          "deliveries": [
            {
              "batter": "AG Prince",
              "bowler": "N Boje",
              "non_striker": "C Jonker",
              "runs": {
                "batter": 0,
                "extras": 0,
                "total": 0
              }
            },
            {
              "batter": "AG Prince",
              "bowler": "N Boje",
              "non_striker": "C Jonker",
              "runs": {
                "batter": 0,
                "extras": 0,
                "total": 0
              }
            },
            {
              "batter": "AG Prince",
              "bowler": "N Boje",
              "non_striker": "C Jonker",
              "runs": {
                "batter": 1,
                "extras": 0,
                "total": 1
              }
            },
            {
              "batter": "C Jonker",
              "bowler": "N Boje",
              "non_striker": "AG Prince",
              "runs": {
                "batter": 1,
                "extras": 0,
                "total": 1
              }
            },
            {
              "batter": "AG Prince",
              "bowler": "N Boje",
              "non_striker": "C Jonker",
              "runs": {
                "batter": 0,
                "extras": 0,
                "total": 0
              }
            },
            {
              "batter": "AG Prince",
              "bowler": "N Boje",
              "non_striker": "C Jonker",
              "runs": {
                "batter": 3,
                "extras": 0,
                "total": 3
              }
            }
          ]
        },
        {
          "over": 7,
          "deliveries": [
            {
              "batter": "AG Prince",
              "bowler": "AJ Pienaar",
              "non_striker": "C Jonker",
              "runs": {
                "batter": 2,
                "extras": 0,
                "total": 2
              }
            },
            {
              "batter": "AG Prince",
              "bowler": "AJ Pienaar",
              "non_striker": "C Jonker",
              "runs": {
                "batter": 0,
                "extras": 0,
                "total": 0
              }
            },
            {
              "batter": "AG Prince",
              "bowler": "AJ Pienaar",
              "non_striker": "C Jonker",
              "runs": {
                "batter": 1,
                "extras": 0,
                "total": 1
              }
            },
            {
              "batter": "C Jonker",
              "bowler": "AJ Pienaar",
              "non_striker": "AG Prince",
              "runs": {
                "batter": 6,
                "extras": 0,
                "total": 6
              }
            },
            {
              "batter": "C Jonker",
              "bowler": "AJ Pienaar",
              "non_striker": "AG Prince",
              "runs": {
                "batter": 4,
                "extras": 0,
                "total": 4
              }
            },
            {
              "batter": "C Jonker",
              "bowler": "AJ Pienaar",
              "non_striker": "AG Prince",
              "runs": {
                "batter": 0,
                "extras": 0,
                "total": 0
              }
            }
          ]
        },
        {
          "over": 8,
          "deliveries": [
            {
              "batter": "AG Prince",
              "bowler": "N Boje",
              "non_striker": "C Jonker",
              "runs": {
                "batter": 0,
                "extras": 0,
                "total": 0
              }
            },
            {
              "batter": "AG Prince",
              "bowler": "N Boje",
              "non_striker": "C Jonker",
              "runs": {
                "batter": 1,
                "extras": 0,
                "total": 1
              }
            },
            {
              "batter": "C Jonker",
              "bowler": "N Boje",
              "extras": {
                "wides": 1
              },
              "non_striker": "AG Prince",
              "runs": {
                "batter": 0,
                "extras": 1,
                "total": 1
              }
            },
            {
              "batter": "C Jonker",
              "bowler": "N Boje",
              "non_striker": "AG Prince",
              "runs": {
                "batter": 0,
                "extras": 0,
                "total": 0
              },
              "wickets": [
                {
                  "player_out": "C Jonker",
                  "fielders": [
                    {
                      "name": "D Elgar"
                    }
                  ],
                  "kind": "caught"
                }
              ]
            },
            {
              "batter": "AG Prince",
              "bowler": "N Boje",
              "non_striker": "JT Smuts",
              "runs": {
                "batter": 1,
                "extras": 0,
                "total": 1
              }
            },
            {
              "batter": "JT Smuts",
              "bowler": "N Boje",
              "non_striker": "AG Prince",
              "runs": {
                "batter": 0,
                "extras": 0,
                "total": 0
              }
            },
            {
              "batter": "JT Smuts",
              "bowler": "N Boje",
              "non_striker": "AG Prince",
              "runs": {
                "batter": 1,
                "extras": 0,
                "total": 1
              }
            }
          ]
        },
        {
          "over": 9,
          "deliveries": [
            {
              "batter": "JT Smuts",
              "bowler": "D Elgar",
              "non_striker": "AG Prince",
              "runs": {
                "batter": 1,
                "extras": 0,
                "total": 1
              }
            },
            {
              "batter": "AG Prince",
              "bowler": "D Elgar",
              "non_striker": "JT Smuts",
              "runs": {
                "batter": 1,
                "extras": 0,
                "total": 1
              }
            },
            {
              "batter": "JT Smuts",
              "bowler": "D Elgar",
              "non_striker": "AG Prince",
              "runs": {
                "batter": 1,
                "extras": 0,
                "total": 1
              }
            },
            {
              "batter": "AG Prince",
              "bowler": "D Elgar",
              "non_striker": "JT Smuts",
              "runs": {
                "batter": 0,
                "extras": 0,
                "total": 0
              }
            },
            {
              "batter": "AG Prince",
              "bowler": "D Elgar",
              "non_striker": "JT Smuts",
              "runs": {
                "batter": 1,
                "extras": 0,
                "total": 1
              }
            },
            {
              "batter": "JT Smuts",
              "bowler": "D Elgar",
              "non_striker": "AG Prince",
              "runs": {
                "batter": 0,
                "extras": 0,
                "total": 0
              }
            }
          ]
        },
        {
          "over": 10,
          "deliveries": [
            {
              "batter": "AG Prince",
              "bowler": "N Boje",
              "non_striker": "JT Smuts",
              "runs": {
                "batter": 0,
                "extras": 0,
                "total": 0
              }
            },
            {
              "batter": "AG Prince",
              "bowler": "N Boje",
              "non_striker": "JT Smuts",
              "runs": {
                "batter": 1,
                "extras": 0,
                "total": 1
              }
            },
            {
              "batter": "JT Smuts",
              "bowler": "N Boje",
              "non_striker": "AG Prince",
              "runs": {
                "batter": 1,
                "extras": 0,
                "total": 1
              }
            },
            {
              "batter": "AG Prince",
              "bowler": "N Boje",
              "non_striker": "JT Smuts",
              "runs": {
                "batter": 0,
                "extras": 0,
                "total": 0
              },
              "wickets": [
                {
                  "player_out": "AG Prince",
                  "kind": "bowled"
                }
              ]
            },
            {
              "batter": "RT Bailey",
              "bowler": "N Boje",
              "non_striker": "JT Smuts",
              "runs": {
                "batter": 0,
                "extras": 0,
                "total": 0
              }
            },
            {
              "batter": "RT Bailey",
              "bowler": "N Boje",
              "non_striker": "JT Smuts",
              "runs": {
                "batter": 1,
                "extras": 0,
                "total": 1
              }
            }
          ]
        },
        {
          "over": 11,
          "deliveries": [
            {
              "batter": "RT Bailey",
              "bowler": "D Elgar",
              "non_striker": "JT Smuts",
              "runs": {
                "batter": 1,
                "extras": 0,
                "total": 1
              }
            },
            {
              "batter": "JT Smuts",
              "bowler": "D Elgar",
              "non_striker": "RT Bailey",
              "runs": {
                "batter": 1,
                "extras": 0,
                "total": 1
              }
            },
            {
              "batter": "RT Bailey",
              "bowler": "D Elgar",
              "non_striker": "JT Smuts",
              "runs": {
                "batter": 0,
                "extras": 0,
                "total": 0
              }
            },
            {
              "batter": "RT Bailey",
              "bowler": "D Elgar",
              "non_striker": "JT Smuts",
              "runs": {
                "batter": 1,
                "extras": 0,
                "total": 1
              }
            },
            {
              "batter": "JT Smuts",
              "bowler": "D Elgar",
              "non_striker": "RT Bailey",
              "runs": {
                "batter": 1,
                "extras": 0,
                "total": 1
              }
            },
            {
              "batter": "RT Bailey",
              "bowler": "D Elgar",
              "non_striker": "JT Smuts",
              "runs": {
                "batter": 1,
                "extras": 0,
                "total": 1
              }
            }
          ]
        },
        {
          "over": 12,
          "deliveries": [
            {
              "batter": "RT Bailey",
              "bowler": "N Boje",
              "non_striker": "JT Smuts",
              "runs": {
                "batter": 0,
                "extras": 0,
                "total": 0
              }
            },
            {
              "batter": "RT Bailey",
              "bowler": "N Boje",
              "non_striker": "JT Smuts",
              "runs": {
                "batter": 1,
                "extras": 0,
                "total": 1
              }
            },
            {
              "batter": "JT Smuts",
              "bowler": "N Boje",
              "non_striker": "RT Bailey",
              "runs": {
                "batter": 1,
                "extras": 0,
                "total": 1
              }
            },
            {
              "batter": "RT Bailey",
              "bowler": "N Boje",
              "non_striker": "JT Smuts",
              "runs": {
                "batter": 1,
                "extras": 0,
                "total": 1
              }
            },
            {
              "batter": "JT Smuts",
              "bowler": "N Boje",
              "non_striker": "RT Bailey",
              "runs": {
                "batter": 1,
                "extras": 0,
                "total": 1
              }
            },
            {
              "batter": "RT Bailey",
              "bowler": "N Boje",
              "non_striker": "JT Smuts",
              "runs": {
                "batter": 0,
                "extras": 0,
                "total": 0
              }
            }
          ]
        },
        {
          "over": 13,
          "deliveries": [
            {
              "batter": "JT Smuts",
              "bowler": "JJ van der Wath",
              "non_striker": "RT Bailey",
              "runs": {
                "batter": 1,
                "extras": 0,
                "total": 1
              }
            },
            {
              "batter": "RT Bailey",
              "bowler": "JJ van der Wath",
              "non_striker": "JT Smuts",
              "runs": {
                "batter": 0,
                "extras": 0,
                "total": 0
              }
            },
            {
              "batter": "RT Bailey",
              "bowler": "JJ van der Wath",
              "non_striker": "JT Smuts",
              "runs": {
                "batter": 1,
                "extras": 0,
                "total": 1
              }
            },
            {
              "batter": "JT Smuts",
              "bowler": "JJ van der Wath",
              "non_striker": "RT Bailey",
              "runs": {
                "batter": 0,
                "extras": 0,
                "total": 0
              }
            },
            {
              "batter": "JT Smuts",
              "bowler": "JJ van der Wath",
              "non_striker": "RT Bailey",
              "runs": {
                "batter": 2,
                "extras": 0,
                "total": 2
              }
            },
            {
              "batter": "JT Smuts",
              "bowler": "JJ van der Wath",
              "non_striker": "RT Bailey",
              "runs": {
                "batter": 0,
                "extras": 0,
                "total": 0
              }
            }
          ]
        },
        {
          "over": 14,
          "deliveries": [
            {
              "batter": "RT Bailey",
              "bowler": "D Elgar",
              "non_striker": "JT Smuts",
              "runs": {
                "batter": 1,
                "extras": 0,
                "total": 1
              }
            },
            {
              "batter": "JT Smuts",
              "bowler": "D Elgar",
              "non_striker": "RT Bailey",
              "runs": {
                "batter": 1,
                "extras": 0,
                "total": 1
              }
            },
            {
              "batter": "RT Bailey",
              "bowler": "D Elgar",
              "non_striker": "JT Smuts",
              "runs": {
                "batter": 1,
                "extras": 0,
                "total": 1
              }
            },
            {
              "batter": "JT Smuts",
              "bowler": "D Elgar",
              "non_striker": "RT Bailey",
              "runs": {
                "batter": 1,
                "extras": 0,
                "total": 1
              }
            },
            {
              "batter": "RT Bailey",
              "bowler": "D Elgar",
              "non_striker": "JT Smuts",
              "runs": {
                "batter": 0,
                "extras": 0,
                "total": 0
              }
            },
            {
              "batter": "RT Bailey",
              "bowler": "D Elgar",
              "non_striker": "JT Smuts",
              "runs": {
                "batter": 1,
                "extras": 0,
                "total": 1
              }
            }
          ]
        },
        {
          "over": 15,
          "deliveries": [
            {
              "batter": "RT Bailey",
              "bowler": "MP Siboto",
              "non_striker": "JT Smuts",
              "runs": {
                "batter": 1,
                "extras": 0,
                "total": 1
              }
            },
            {
              "batter": "JT Smuts",
              "bowler": "MP Siboto",
              "non_striker": "RT Bailey",
              "runs": {
                "batter": 1,
                "extras": 0,
                "total": 1
              }
            },
            {
              "batter": "RT Bailey",
              "bowler": "MP Siboto",
              "non_striker": "JT Smuts",
              "runs": {
                "batter": 0,
                "extras": 0,
                "total": 0
              }
            },
            {
              "batter": "RT Bailey",
              "bowler": "MP Siboto",
              "non_striker": "JT Smuts",
              "runs": {
                "batter": 1,
                "extras": 0,
                "total": 1
              }
            },
            {
              "batter": "JT Smuts",
              "bowler": "MP Siboto",
              "non_striker": "RT Bailey",
              "runs": {
                "batter": 4,
                "extras": 0,
                "total": 4
              }
            },
            {
              "batter": "JT Smuts",
              "bowler": "MP Siboto",
              "non_striker": "RT Bailey",
              "runs": {
                "batter": 1,
                "extras": 0,
                "total": 1
              }
            }
          ]
        },
        {
          "over": 16,
          "deliveries": [
            {
              "batter": "JT Smuts",
              "bowler": "R McLaren",
              "extras": {
                "byes": 1
              },
              "non_striker": "RT Bailey",
              "runs": {
                "batter": 0,
                "extras": 1,
                "total": 1
              }
            },
            {
              "batter": "RT Bailey",
              "bowler": "R McLaren",
              "non_striker": "JT Smuts",
              "runs": {
                "batter": 4,
                "extras": 0,
                "total": 4
              }
            },
            {
              "batter": "RT Bailey",
              "bowler": "R McLaren",
              "non_striker": "JT Smuts",
              "runs": {
                "batter": 0,
                "extras": 0,
                "total": 0
              }
            },
            {
              "batter": "RT Bailey",
              "bowler": "R McLaren",
              "extras": {
                "wides": 1
              },
              "non_striker": "JT Smuts",
              "runs": {
                "batter": 0,
                "extras": 1,
                "total": 1
              }
            },
            {
              "batter": "RT Bailey",
              "bowler": "R McLaren",
              "non_striker": "JT Smuts",
              "runs": {
                "batter": 1,
                "extras": 0,
                "total": 1
              }
            },
            {
              "batter": "JT Smuts",
              "bowler": "R McLaren",
              "non_striker": "RT Bailey",
              "runs": {
                "batter": 1,
                "extras": 0,
                "total": 1
              }
            },
            {
              "batter": "RT Bailey",
              "bowler": "R McLaren",
              "non_striker": "JT Smuts",
              "runs": {
                "batter": 1,
                "extras": 0,
                "total": 1
              }
            }
          ]
        },
        {
          "over": 17,
          "deliveries": [
            {
              "batter": "RT Bailey",
              "bowler": "JJ van der Wath",
              "non_striker": "JT Smuts",
              "runs": {
                "batter": 4,
                "extras": 0,
                "total": 4
              }
            },
            {
              "batter": "RT Bailey",
              "bowler": "JJ van der Wath",
              "non_striker": "JT Smuts",
              "runs": {
                "batter": 0,
                "extras": 0,
                "total": 0
              },
              "wickets": [
                {
                  "player_out": "RT Bailey",
                  "kind": "lbw"
                }
              ]
            },
            {
              "batter": "DJ Jacobs",
              "bowler": "JJ van der Wath",
              "non_striker": "JT Smuts",
              "runs": {
                "batter": 1,
                "extras": 0,
                "total": 1
              }
            },
            {
              "batter": "JT Smuts",
              "bowler": "JJ van der Wath",
              "non_striker": "DJ Jacobs",
              "runs": {
                "batter": 1,
                "extras": 0,
                "total": 1
              }
            },
            {
              "batter": "DJ Jacobs",
              "bowler": "JJ van der Wath",
              "non_striker": "JT Smuts",
              "runs": {
                "batter": 1,
                "extras": 0,
                "total": 1
              }
            },
            {
              "batter": "JT Smuts",
              "bowler": "JJ van der Wath",
              "non_striker": "DJ Jacobs",
              "runs": {
                "batter": 1,
                "extras": 0,
                "total": 1
              }
            }
          ]
        },
        {
          "over": 18,
          "deliveries": [
            {
              "batter": "JT Smuts",
              "bowler": "R McLaren",
              "non_striker": "DJ Jacobs",
              "runs": {
                "batter": 1,
                "extras": 0,
                "total": 1
              }
            },
            {
              "batter": "DJ Jacobs",
              "bowler": "R McLaren",
              "non_striker": "JT Smuts",
              "runs": {
                "batter": 1,
                "extras": 0,
                "total": 1
              }
            },
            {
              "batter": "JT Smuts",
              "bowler": "R McLaren",
              "non_striker": "DJ Jacobs",
              "runs": {
                "batter": 2,
                "extras": 0,
                "total": 2
              }
            },
            {
              "batter": "JT Smuts",
              "bowler": "R McLaren",
              "non_striker": "DJ Jacobs",
              "runs": {
                "batter": 4,
                "extras": 0,
                "total": 4
              }
            },
            {
              "batter": "JT Smuts",
              "bowler": "R McLaren",
              "non_striker": "DJ Jacobs",
              "runs": {
                "batter": 0,
                "extras": 0,
                "total": 0
              }
            },
            {
              "batter": "JT Smuts",
              "bowler": "R McLaren",
              "extras": {
                "byes": 1
              },
              "non_striker": "DJ Jacobs",
              "runs": {
                "batter": 0,
                "extras": 1,
                "total": 1
              }
            }
          ]
        },
        {
          "over": 19,
          "deliveries": [
            {
              "batter": "JT Smuts",
              "bowler": "MP Siboto",
              "non_striker": "DJ Jacobs",
              "runs": {
                "batter": 0,
                "extras": 0,
                "total": 0
              },
              "wickets": [
                {
                  "player_out": "JT Smuts",
                  "fielders": [
                    {
                      "name": "LN Mosena"
                    }
                  ],
                  "kind": "caught"
                }
              ]
            },
            {
              "batter": "WD Parnell",
              "bowler": "MP Siboto",
              "non_striker": "DJ Jacobs",
              "runs": {
                "batter": 1,
                "extras": 0,
                "total": 1
              }
            },
            {
              "batter": "DJ Jacobs",
              "bowler": "MP Siboto",
              "non_striker": "WD Parnell",
              "runs": {
                "batter": 4,
                "extras": 0,
                "total": 4
              }
            }
          ]
        }
      ],
      "powerplays": [
        {
          "from": 0.1,
          "to": 5.6,
          "type": "mandatory"
        }
      ],
      "target": {
        "overs": 20,
        "runs": 117
      }
    }
  ]
}