{
  "meta": {
    "data_version": "1.1.0",
    "created": "2022-04-03",
    "revision": 1
  },
  "info": {
    "balls_per_over": 6,
    "city": "Paarl",
    "dates": [
      "2014-01-15"
    ],
    "event": {
      "name": "Ram Slam T20 Challenge"
    },
    "gender": "male",
    "match_type": "T20",
    "officials": {
      "match_referees": [
        "A Barnes"
      ],
      "reserve_umpires": [
        "EC Hendrikse"
      ],
      "umpires": [
        "BG Jerling",
        "IL Howell"
      ]
    },
    "outcome": {
      "winner": "Cape Cobras",
      "by": {
        "runs": 15
      }
    },
    "overs": 20,
    "player_of_match": [
      "RJ Peterson",
      "S van Zyl"
    ],
    "players": {
      "Cape Cobras": [
        "GC Smith",
        "HM Amla",
        "S van Zyl",
        "JP Duminy",
        "JL Ontong",
        "DJ Vilas",
        "VD Philander",
        "RJ Peterson",
        "RK Kleinveldt",
        "A Mgijima",
        "BE Hendricks"
      ],
      "Lions": [
        "Q de Kock",
        "GH Bodi",
        "AN Petersen",
        "ND McKenzie",
        "Azhar Mahmood",
        "Sohail Tanvir",
        "TL Tsolekile",
        "CH Morris",
        "GC Viljoen",
        "AM Phangiso",
        "Imran Tahir"
      ]
    },
    "registry": {
      "people": {
        "A Barnes": "f9607922",
        "A Mgijima": "955e8e86",
        "AM Phangiso": "7f8ecc51",
        "AN Petersen": "e01aafc1",
        "Azhar Mahmood": "9a158001",
        "BE Hendricks": "b56dc5f7",
        "BG Jerling": "26457e41",
        "CH Morris": "fb66ce1f",
        "DJ Vilas": "087210b1",
        "EC Hendrikse": "3f2996c9",
        "GC Smith": "72861603",
        "GC Viljoen": "a316d663",
        "GH Bodi": "f390904d",
        "HM Amla": "e798611a",
        "IL Howell": "c1cd91c3",
        "Imran Tahir": "acee4cc4",
        "JL Ontong": "55f33b32",
        "JP Duminy": "2e8994e7",
        "ND McKenzie": "a830c083",
        "Q de Kock": "372455c4",
        "RJ Peterson": "26ff4c29",
        "RK Kleinveldt": "7955eb15",
        "S van Zyl": "f4dfcbb4",
        "Sohail Tanvir": "64d43928",
        "TL Tsolekile": "3b94297b",
        "VD Philander": "cfe70281"
      }
    },
    "season": "2013/14",
    "team_type": "club",
    "teams": [
      "Cape Cobras",
      "Lions"
    ],
    "toss": {
      "decision": "field",
      "winner": "Lions"
    },
    "venue": "Boland Park, Paarl"
  },
  "innings": [
    {
      "team": "Cape Cobras",
      "overs": [
        {
          "over": 0,
          "deliveries": [
            {
              "batter": "GC Smith",
              "bowler": "Sohail Tanvir",
              "non_striker": "HM Amla",
              "runs": {
                "batter": 1,
                "extras": 0,
                "total": 1
              }
            },
            {
              "batter": "HM Amla",
              "bowler": "Sohail Tanvir",
              "non_striker": "GC Smith",
              "runs": {
                "batter": 0,
                "extras": 0,
                "total": 0
              }
            },
            {
              "batter": "HM Amla",
              "bowler": "Sohail Tanvir",
              "non_striker": "GC Smith",
              "runs": {
                "batter": 3,
                "extras": 0,
                "total": 3
              }
            },
            {
              "batter": "GC Smith",
              "bowler": "Sohail Tanvir",
              "non_striker": "HM Amla",
              "runs": {
                "batter": 3,
                "extras": 0,
                "total": 3
              }
            },
            {
              "batter": "HM Amla",
              "bowler": "Sohail Tanvir",
              "non_striker": "GC Smith",
              "runs": {
                "batter": 0,
                "extras": 0,
                "total": 0
              }
            },
            {
              "batter": "HM Amla",
              "bowler": "Sohail Tanvir",
              "non_striker": "GC Smith",
              "runs": {
                "batter": 4,
                "extras": 0,
                "total": 4
              }
            }
          ]
        },
        {
          "over": 1,
          "deliveries": [
            {
              "batter": "GC Smith",
              "bowler": "CH Morris",
              "extras": {
                "wides": 1
              },
              "non_striker": "HM Amla",
              "runs": {
                "batter": 0,
                "extras": 1,
                "total": 1
              }
            },
            {
              "batter": "GC Smith",
              "bowler": "CH Morris",
              "non_striker": "HM Amla",
              "runs": {
                "batter": 2,
                "extras": 0,
                "total": 2
              }
            },
            {
              "batter": "GC Smith",
              "bowler": "CH Morris",
              "non_striker": "HM Amla",
              "runs": {
                "batter": 4,
                "extras": 0,
                "total": 4
              }
            },
            {
              "batter": "GC Smith",
              "bowler": "CH Morris",
              "non_striker": "HM Amla",
              "runs": {
                "batter": 0,
                "extras": 0,
                "total": 0
              }
            },
            {
              "batter": "GC Smith",
              "bowler": "CH Morris",
              "non_striker": "HM Amla",
              "runs": {
                "batter": 0,
                "extras": 0,
                "total": 0
              }
            },
            {
              "batter": "GC Smith",
              "bowler": "CH Morris",
              "extras": {
                "wides": 1
              },
              "non_striker": "HM Amla",
              "runs": {
                "batter": 0,
                "extras": 1,
                "total": 1
              }
            },
            {
              "batter": "GC Smith",
              "bowler": "CH Morris",
              "non_striker": "HM Amla",
              "runs": {
                "batter": 0,
                "extras": 0,
                "total": 0
              },
              "wickets": [
                {
                  "player_out": "GC Smith",
                  "fielders": [
                    {
                      "name": "AN Petersen"
                    }
                  ],
                  "kind": "caught"
                }
              ]
            },
            {
              "batter": "S van Zyl",
              "bowler": "CH Morris",
              "non_striker": "HM Amla",
              "runs": {
                "batter": 0,
                "extras": 0,
                "total": 0
              }
            }
          ]
        },
        {
          "over": 2,
          "deliveries": [
            {
              "batter": "HM Amla",
              "bowler": "GC Viljoen",
              "non_striker": "S van Zyl",
              "runs": {
                "batter": 0,
                "extras": 0,
                "total": 0
              }
            },
            {
              "batter": "HM Amla",
              "bowler": "GC Viljoen",
              "non_striker": "S van Zyl",
              "runs": {
                "batter": 0,
                "extras": 0,
                "total": 0
              }
            },
            {
              "batter": "HM Amla",
              "bowler": "GC Viljoen",
              "non_striker": "S van Zyl",
              "runs": {
                "batter": 1,
                "extras": 0,
                "total": 1
              }
            },
            {
              "batter": "S van Zyl",
              "bowler": "GC Viljoen",
              "non_striker": "HM Amla",
              "runs": {
                "batter": 2,
                "extras": 0,
                "total": 2
              }
            },
            {
              "batter": "S van Zyl",
              "bowler": "GC Viljoen",
              "extras": {
                "legbyes": 1
              },
              "non_striker": "HM Amla",
              "runs": {
                "batter": 0,
                "extras": 1,
                "total": 1
              }
            },
            {
              "batter": "HM Amla",
              "bowler": "GC Viljoen",
              "non_striker": "S van Zyl",
              "runs": {
                "batter": 0,
                "extras": 0,
                "total": 0
              }
            }
          ]
        },
        {
          "over": 3,
          "deliveries": [
            {
              "batter": "S van Zyl",
              "bowler": "CH Morris",
              "non_striker": "HM Amla",
              "runs": {
                "batter": 0,
                "extras": 0,
                "total": 0
              }
            },
            {
              "batter": "S van Zyl",
              "bowler": "CH Morris",
              "non_striker": "HM Amla",
              "runs": {
                "batter": 0,
                "extras": 0,
                "total": 0
              }
            },
            {
              "batter": "S van Zyl",
              "bowler": "CH Morris",
              "non_striker": "HM Amla",
              "runs": {
                "batter": 0,
                "extras": 0,
                "total": 0
              }
            },
            {
              "batter": "S van Zyl",
              "bowler": "CH Morris",
              "non_striker": "HM Amla",
              "runs": {
                "batter": 4,
                "extras": 0,
                "total": 4
              }
            },
            {
              "batter": "S van Zyl",
              "bowler": "CH Morris",
              "non_striker": "HM Amla",
              "runs": {
                "batter": 1,
                "extras": 0,
                "total": 1
              }
            },
            {
              "batter": "HM Amla",
              "bowler": "CH Morris",
              "non_striker": "S van Zyl",
              "runs": {
                "batter": 0,
                "extras": 0,
                "total": 0
              }
            }
          ]
        },
        {
          "over": 4,
          "deliveries": [
            {
              "batter": "S van Zyl",
              "bowler": "GC Viljoen",
              "extras": {
                "wides": 1
              },
              "non_striker": "HM Amla",
              "runs": {
                "batter": 0,
                "extras": 1,
                "total": 1
              }
            },
            {
              "batter": "S van Zyl",
              "bowler": "GC Viljoen",
              "non_striker": "HM Amla",
              "runs": {
                "batter": 0,
                "extras": 0,
                "total": 0
              }
            },
            {
              "batter": "S van Zyl",
              "bowler": "GC Viljoen",
              "non_striker": "HM Amla",
              "runs": {
                "batter": 1,
                "extras": 0,
                "total": 1
              }
            },
            {
              "batter": "HM Amla",
              "bowler": "GC Viljoen",
              "non_striker": "S van Zyl",
              "runs": {
                "batter": 0,
                "extras": 0,
                "total": 0
              }
            },
            {
              "batter": "HM Amla",
              "bowler": "GC Viljoen",
              "non_striker": "S van Zyl",
              "runs": {
                "batter": 0,
                "extras": 0,
                "total": 0
              }
            },
            {
              "batter": "HM Amla",
              "bowler": "GC Viljoen",
              "non_striker": "S van Zyl",
              "runs": {
                "batter": 0,
                "extras": 0,
                "total": 0
              }
            },
            {
              "batter": "HM Amla",
              "bowler": "GC Viljoen",
              "non_striker": "S van Zyl",
              "runs": {
                "batter": 2,
                "extras": 0,
                "total": 2
              }
            }
          ]
        },
        {
          "over": 5,
          "deliveries": [
            {
              "batter": "S van Zyl",
              "bowler": "Azhar Mahmood",
              "non_striker": "HM Amla",
              "runs": {
                "batter": 0,
                "extras": 0,
                "total": 0
              }
            },
            {
              "batter": "S van Zyl",
              "bowler": "Azhar Mahmood",
              "non_striker": "HM Amla",
              "runs": {
                "batter": 1,
                "extras": 0,
                "total": 1
              }
            },
            {
              "batter": "HM Amla",
              "bowler": "Azhar Mahmood",
              "non_striker": "S van Zyl",
              "runs": {
                "batter": 2,
                "extras": 0,
                "total": 2
              }
            },
            {
              "batter": "HM Amla",
              "bowler": "Azhar Mahmood",
              "non_striker": "S van Zyl",
              "runs": {
                "batter": 0,
                "extras": 0,
                "total": 0
              }
            },
            {
              "batter": "HM Amla",
              "bowler": "Azhar Mahmood",
              "non_striker": "S van Zyl",
              "runs": {
                "batter": 4,
                "extras": 0,
                "total": 4
              }
            },
            {
              "batter": "HM Amla",
              "bowler": "Azhar Mahmood",
              "non_striker": "S van Zyl",
              "runs": {
                "batter": 4,
                "extras": 0,
                "total": 4
              }
            }
          ]
        },
        {
          "over": 6,
          "deliveries": [
            {
              "batter": "S van Zyl",
              "bowler": "GC Viljoen",
              "non_striker": "HM Amla",
              "runs": {
                "batter": 4,
                "extras": 0,
                "total": 4
              }
            },
            {
              "batter": "S van Zyl",
              "bowler": "GC Viljoen",
              "non_striker": "HM Amla",
              "runs": {
                "batter": 1,
                "extras": 0,
                "total": 1
              }
            },
            {
              "batter": "HM Amla",
              "bowler": "GC Viljoen",
              "non_striker": "S van Zyl",
              "runs": {
                "batter": 0,
                "extras": 0,
                "total": 0
              }
            },
            {
              "batter": "HM Amla",
              "bowler": "GC Viljoen",
              "non_striker": "S van Zyl",
              "runs": {
                "batter": 4,
                "extras": 0,
                "total": 4
              }
            },
            {
              "batter": "HM Amla",
              "bowler": "GC Viljoen",
              "non_striker": "S van Zyl",
              "runs": {
                "batter": 1,
                "extras": 0,
                "total": 1
              }
            },
            {
              "batter": "S van Zyl",
              "bowler": "GC Viljoen",
              "non_striker": "HM Amla",
              "runs": {
                "batter": 0,
                "extras": 0,
                "total": 0
              }
            }
          ]
        },
        {
          "over": 7,
          "deliveries": [
            {
              "batter": "HM Amla",
              "bowler": "Imran Tahir",
              "non_striker": "S van Zyl",
              "runs": {
                "batter": 0,
                "extras": 0,
                "total": 0
              }
            },
            {
              "batter": "HM Amla",
              "bowler": "Imran Tahir",
              "non_striker": "S van Zyl",
              "runs": {
                "batter": 1,
                "extras": 0,
                "total": 1
              }
            },
            {
              "batter": "S van Zyl",
              "bowler": "Imran Tahir",
              "non_striker": "HM Amla",
              "runs": {
                "batter": 0,
                "extras": 0,
                "total": 0
              }
            },
            {
              "batter": "S van Zyl",
              "bowler": "Imran Tahir",
              "non_striker": "HM Amla",
              "runs": {
                "batter": 2,
                "extras": 0,
                "total": 2
              }
            },
            {
              "batter": "S van Zyl",
              "bowler": "Imran Tahir",
              "non_striker": "HM Amla",
              "runs": {
                "batter": 0,
                "extras": 0,
                "total": 0
              }
            },
            {
              "batter": "S van Zyl",
              "bowler": "Imran Tahir",
              "non_striker": "HM Amla",
              "runs": {
                "batter": 1,
                "extras": 0,
                "total": 1
              }
            }
          ]
        },
        {
          "over": 8,
          "deliveries": [
            {
              "batter": "S van Zyl",
              "bowler": "AM Phangiso",
              "non_striker": "HM Amla",
              "runs": {
                "batter": 2,
                "extras": 0,
                "total": 2
              }
            },
            {
              "batter": "S van Zyl",
              "bowler": "AM Phangiso",
              "non_striker": "HM Amla",
              "runs": {
                "batter": 1,
                "extras": 0,
                "total": 1
              }
            },
            {
              "batter": "HM Amla",
              "bowler": "AM Phangiso",
              "non_striker": "S van Zyl",
              "runs": {
                "batter": 0,
                "extras": 0,
                "total": 0
              }
            },
            {
              "batter": "HM Amla",
              "bowler": "AM Phangiso",
              "extras": {
                "legbyes": 1
              },
              "non_striker": "S van Zyl",
              "runs": {
                "batter": 0,
                "extras": 1,
                "total": 1
              }
            },
            {
              "batter": "S van Zyl",
              "bowler": "AM Phangiso",
              "non_striker": "HM Amla",
              "runs": {
                "batter": 0,
                "extras": 0,
                "total": 0
              }
            },
            {
              "batter": "S van Zyl",
              "bowler": "AM Phangiso",
              "non_striker": "HM Amla",
              "runs": {
                "batter": 0,
                "extras": 0,
                "total": 0
              }
            }
          ]
        },
        {
          "over": 9,
          "deliveries": [
            {
              "batter": "HM Amla",
              "bowler": "Imran Tahir",
              "non_striker": "S van Zyl",
              "runs": {
                "batter": 1,
                "extras": 0,
                "total": 1
              }
            },
            {
              "batter": "S van Zyl",
              "bowler": "Imran Tahir",
              "non_striker": "HM Amla",
              "runs": {
                "batter": 6,
                "extras": 0,
                "total": 6
              }
            },
            {
              "batter": "S van Zyl",
              "bowler": "Imran Tahir",
              "non_striker": "HM Amla",
              "runs": {
                "batter": 4,
                "extras": 0,
                "total": 4
              }
            },
            {
              "batter": "S van Zyl",
              "bowler": "Imran Tahir",
              "non_striker": "HM Amla",
              "runs": {
                "batter": 1,
                "extras": 0,
                "total": 1
              }
            },
            {
              "batter": "HM Amla",
              "bowler": "Imran Tahir",
              "non_striker": "S van Zyl",
              "runs": {
                "batter": 1,
                "extras": 0,
                "total": 1
              }
            },
            {
              "batter": "S van Zyl",
              "bowler": "Imran Tahir",
              "non_striker": "HM Amla",
              "runs": {
                "batter": 1,
                "extras": 0,
                "total": 1
              }
            }
          ]
        },
        {
          "over": 10,
          "deliveries": [
            {
              "batter": "S van Zyl",
              "bowler": "AM Phangiso",
              "non_striker": "HM Amla",
              "runs": {
                "batter": 1,
                "extras": 0,
                "total": 1
              }
            },
            {
              "batter": "HM Amla",
              "bowler": "AM Phangiso",
              "non_striker": "S van Zyl",
              "runs": {
                "batter": 1,
                "extras": 0,
                "total": 1
              }
            },
            {
              "batter": "S van Zyl",
              "bowler": "AM Phangiso",
              "non_striker": "HM Amla",
              "runs": {
                "batter": 1,
                "extras": 0,
                "total": 1
              }
            },
            {
              "batter": "HM Amla",
              "bowler": "AM Phangiso",
              "non_striker": "S van Zyl",
              "runs": {
                "batter": 4,
                "extras": 0,
                "total": 4
              }
            },
            {
              "batter": "HM Amla",
              "bowler": "AM Phangiso",
              "non_striker": "S van Zyl",
              "runs": {
                "batter": 1,
                "extras": 0,
                "total": 1
              }
            },
            {
              "batter": "S van Zyl",
              "bowler": "AM Phangiso",
              "extras": {
                "wides": 2
              },
              "non_striker": "HM Amla",
              "runs": {
                "batter": 0,
                "extras": 2,
                "total": 2
              }
            },
            {
              "batter": "HM Amla",
              "bowler": "AM Phangiso",
              "non_striker": "S van Zyl",
              "runs": {
                "batter": 1,
                "extras": 0,
                "total": 1
              }
            }
          ]
        },
        {
          "over": 11,
          "deliveries": [
            {
              "batter": "HM Amla",
              "bowler": "Imran Tahir",
              "non_striker": "S van Zyl",
              "runs": {
                "batter": 1,
                "extras": 0,
                "total": 1
              }
            },
            {
              "batter": "S van Zyl",
              "bowler": "Imran Tahir",
              "non_striker": "HM Amla",
              "runs": {
                "batter": 1,
                "extras": 0,
                "total": 1
              }
            },
            {
              "batter": "HM Amla",
              "bowler": "Imran Tahir",
              "non_striker": "S van Zyl",
              "runs": {
                "batter": 2,
                "extras": 0,
                "total": 2
              }
            },
            {
              "batter": "HM Amla",
              "bowler": "Imran Tahir",
              "non_striker": "S van Zyl",
              "runs": {
                "batter": 1,
                "extras": 0,
                "total": 1
              }
            },
            {
              "batter": "S van Zyl",
              "bowler": "Imran Tahir",
              "non_striker": "HM Amla",
              "runs": {
                "batter": 1,
                "extras": 0,
                "total": 1
              }
            },
            {
              "batter": "HM Amla",
              "bowler": "Imran Tahir",
              "non_striker": "S van Zyl",
              "runs": {
                "batter": 1,
                "extras": 0,
                "total": 1
              }
            }
          ]
        },
        {
          "over": 12,
          "deliveries": [
            {
              "batter": "HM Amla",
              "bowler": "AM Phangiso",
              "non_striker": "S van Zyl",
              "runs": {
                "batter": 1,
                "extras": 0,
                "total": 1
              }
            },
            {
              "batter": "S van Zyl",
              "bowler": "AM Phangiso",
              "non_striker": "HM Amla",
              "runs": {
                "batter": 0,
                "extras": 0,
                "total": 0
              }
            },
            {
              "batter": "S van Zyl",
              "bowler": "AM Phangiso",
              "non_striker": "HM Amla",
              "runs": {
                "batter": 4,
                "extras": 0,
                "total": 4
              }
            },
            {
              "batter": "S van Zyl",
              "bowler": "AM Phangiso",
              "non_striker": "HM Amla",
              "runs": {
                "batter": 1,
                "extras": 0,
                "total": 1
              }
            },
            {
              "batter": "HM Amla",
              "bowler": "AM Phangiso",
              "non_striker": "S van Zyl",
              "runs": {
                "batter": 4,
                "extras": 0,
                "total": 4
              }
            },
            {
              "batter": "HM Amla",
              "bowler": "AM Phangiso",
              "non_striker": "S van Zyl",
              "runs": {
                "batter": 0,
                "extras": 0,
                "total": 0
              }
            }
          ]
        },
        {
          "over": 13,
          "deliveries": [
            {
              "batter": "S van Zyl",
              "bowler": "Azhar Mahmood",
              "non_striker": "HM Amla",
              "runs": {
                "batter": 1,
                "extras": 0,
                "total": 1
              }
            },
            {
              "batter": "HM Amla",
              "bowler": "Azhar Mahmood",
              "non_striker": "S van Zyl",
              "runs": {
                "batter": 2,
                "extras": 0,
                "total": 2
              }
            },
            {
              "batter": "HM Amla",
              "bowler": "Azhar Mahmood",
              "non_striker": "S van Zyl",
              "runs": {
                "batter": 1,
                "extras": 0,
                "total": 1
              }
            },
            {
              "batter": "S van Zyl",
              "bowler": "Azhar Mahmood",
              "non_striker": "HM Amla",
              "runs": {
                "batter": 2,
                "extras": 0,
                "total": 2
              }
            },
            {
              "batter": "S van Zyl",
              "bowler": "Azhar Mahmood",
              "non_striker": "HM Amla",
              "runs": {
                "batter": 4,
                "extras": 0,
                "total": 4
              }
            },
            {
              "batter": "S van Zyl",
              "bowler": "Azhar Mahmood",
              "non_striker": "HM Amla",
              "runs": {
                "batter": 2,
                "extras": 0,
                "total": 2
              }
            }
          ]
        },
        {
          "over": 14,
          "deliveries": [
            {
              "batter": "HM Amla",
              "bowler": "Sohail Tanvir",
              "non_striker": "S van Zyl",
              "runs": {
                "batter": 1,
                "extras": 0,
                "total": 1
              }
            },
            {
              "batter": "S van Zyl",
              "bowler": "Sohail Tanvir",
              "non_striker": "HM Amla",
              "runs": {
                "batter": 1,
                "extras": 0,
                "total": 1
              }
            },
            {
              "batter": "HM Amla",
              "bowler": "Sohail Tanvir",
              "non_striker": "S van Zyl",
              "runs": {
                "batter": 1,
                "extras": 0,
                "total": 1
              }
            },
            {
              "batter": "S van Zyl",
              "bowler": "Sohail Tanvir",
              "non_striker": "HM Amla",
              "runs": {
                "batter": 1,
                "extras": 0,
                "total": 1
              }
            },
            {
              "batter": "HM Amla",
              "bowler": "Sohail Tanvir",
              "non_striker": "S van Zyl",
              "runs": {
                "batter": 2,
                "extras": 0,
                "total": 2
              }
            },
            {
              "batter": "HM Amla",
              "bowler": "Sohail Tanvir",
              "non_striker": "S van Zyl",
              "runs": {
                "batter": 4,
                "extras": 0,
                "total": 4
              }
            }
          ]
        },
        {
          "over": 15,
          "deliveries": [
            {
              "batter": "S van Zyl",
              "bowler": "CH Morris",
              "non_striker": "HM Amla",
              "runs": {
                "batter": 1,
                "extras": 0,
                "total": 1
              }
            },
            {
              "batter": "HM Amla",
              "bowler": "CH Morris",
              "non_striker": "S van Zyl",
              "runs": {
                "batter": 6,
                "extras": 0,
                "total": 6
              }
            },
            {
              "batter": "HM Amla",
              "bowler": "CH Morris",
              "non_striker": "S van Zyl",
              "runs": {
                "batter": 1,
                "extras": 0,
                "total": 1
              }
            },
            {
              "batter": "S van Zyl",
              "bowler": "CH Morris",
              "non_striker": "HM Amla",
              "runs": {
                "batter": 1,
                "extras": 0,
                "total": 1
              }
            },
            {
              "batter": "HM Amla",
              "bowler": "CH Morris",
              "non_striker": "S van Zyl",
              "runs": {
                "batter": 6,
                "extras": 0,
                "total": 6
              }
            },
            {
              "batter": "HM Amla",
              "bowler": "CH Morris",
              "non_striker": "S van Zyl",
              "runs": {
                "batter": 6,
                "extras": 0,
                "total": 6
              }
            }
          ]
        },
        {
          "over": 16,
          "deliveries": [
            {
              "batter": "S van Zyl",
              "bowler": "Sohail Tanvir",
              "non_striker": "HM Amla",
              "runs": {
                "batter": 2,
                "extras": 0,
                "total": 2
              }
            },
            {
              "batter": "S van Zyl",
              "bowler": "Sohail Tanvir",
              "non_striker": "HM Amla",
              "runs": {
                "batter": 4,
                "extras": 0,
                "total": 4
              }
            },
            {
              "batter": "S van Zyl",
              "bowler": "Sohail Tanvir",
              "non_striker": "HM Amla",
              "runs": {
                "batter": 1,
                "extras": 0,
                "total": 1
              }
            },
            {
              "batter": "HM Amla",
              "bowler": "Sohail Tanvir",
              "non_striker": "S van Zyl",
              "runs": {
                "batter": 4,
                "extras": 0,
                "total": 4
              }
            },
            {
              "batter": "HM Amla",
              "bowler": "Sohail Tanvir",
              "non_striker": "S van Zyl",
              "runs": {
                "batter": 1,
                "extras": 0,
                "total": 1
              }
            },
            {
              "batter": "S van Zyl",
              "bowler": "Sohail Tanvir",
              "non_striker": "HM Amla",
              "runs": {
                "batter": 1,
                "extras": 0,
                "total": 1
              }
            }
          ]
        },
        {
          "over": 17,
          "deliveries": [
            {
              "batter": "S van Zyl",
              "bowler": "GC Viljoen",
              "non_striker": "HM Amla",
              "runs": {
                "batter": 0,
                "extras": 0,
                "total": 0
              }
            },
            {
              "batter": "S van Zyl",
              "bowler": "GC Viljoen",
              "non_striker": "HM Amla",
              "runs": {
                "batter": 1,
                "extras": 0,
                "total": 1
              }
            },
            {
              "batter": "HM Amla",
              "bowler": "GC Viljoen",
              "non_striker": "S van Zyl",
              "runs": {
                "batter": 4,
                "extras": 0,
                "total": 4
              }
            },
            {
              "batter": "HM Amla",
              "bowler": "GC Viljoen",
              "non_striker": "S van Zyl",
              "runs": {
                "batter": 0,
                "extras": 0,
                "total": 0
              },
              "wickets": [
                {
                  "player_out": "HM Amla",
                  "kind": "caught and bowled"
                }
              ]
            },
            {
              "batter": "JP Duminy",
              "bowler": "GC Viljoen",
              "non_striker": "S van Zyl",
              "runs": {
                "batter": 1,
                "extras": 0,
                "total": 1
              }
            },
            {
              "batter": "S van Zyl",
              "bowler": "GC Viljoen",
              "non_striker": "JP Duminy",
              "runs": {
                "batter": 1,
                "extras": 0,
                "total": 1
              }
            }
          ]
        },
        {
          "over": 18,
          "deliveries": [
            {
              "batter": "S van Zyl",
              "bowler": "Azhar Mahmood",
              "non_striker": "JP Duminy",
              "runs": {
                "batter": 1,
                "extras": 0,
                "total": 1
              }
            },
            {
              "batter": "JP Duminy",
              "bowler": "Azhar Mahmood",
              "non_striker": "S van Zyl",
              "runs": {
                "batter": 1,
                "extras": 0,
                "total": 1
              }
            },
            {
              "batter": "S van Zyl",
              "bowler": "Azhar Mahmood",
              "non_striker": "JP Duminy",
              "runs": {
                "batter": 1,
                "extras": 0,
                "total": 1
              }
            },
            {
              "batter": "JP Duminy",
              "bowler": "Azhar Mahmood",
              "non_striker": "S van Zyl",
              "runs": {
                "batter": 1,
                "extras": 0,
                "total": 1
              }
            },
            {
              "batter": "S van Zyl",
              "bowler": "Azhar Mahmood",
              "non_striker": "JP Duminy",
              "runs": {
                "batter": 1,
                "extras": 0,
                "total": 1
              }
            },
            {
              "batter": "JP Duminy",
              "bowler": "Azhar Mahmood",
              "non_striker": "S van Zyl",
              "runs": {
                "batter": 4,
                "extras": 0,
                "total": 4
              }
            }
          ]
        },
        {
          "over": 19,
          "deliveries": [
            {
              "batter": "S van Zyl",
              "bowler": "Sohail Tanvir",
              "non_striker": "JP Duminy",
              "runs": {
                "batter": 1,
                "extras": 0,
                "total": 1
              }
            },
            {
              "batter": "JP Duminy",
              "bowler": "Sohail Tanvir",
              "non_striker": "S van Zyl",
              "runs": {
                "batter": 1,
                "extras": 0,
                "total": 1
              }
            },
            {
              "batter": "S van Zyl",
              "bowler": "Sohail Tanvir",
              "non_striker": "JP Duminy",
              "runs": {
                "batter": 2,
                "extras": 0,
                "total": 2
              }
            },
            {
              "batter": "S van Zyl",
              "bowler": "Sohail Tanvir",
              "non_striker": "JP Duminy",
              "runs": {
                "batter": 6,
                "extras": 0,
                "total": 6
              }
            },
            {
              "batter": "S van Zyl",
              "bowler": "Sohail Tanvir",
              "non_striker": "JP Duminy",
              "runs": {
                "batter": 1,
                "extras": 0,
                "total": 1
              }
            },
            {
              "batter": "JP Duminy",
              "bowler": "Sohail Tanvir",
              "non_striker": "S van Zyl",
              "runs": {
                "batter": 1,
                "extras": 0,
                "total": 1
              }
            }
          ]
        }
      ],
      "powerplays": [
        {
          "from": 0.1,
          "to": 5.6,
          "type": "mandatory"
        }
      ]
    },
    {
      "team": "Lions",
      "overs": [
        {
          "over": 0,
          "deliveries": [
            {
              "batter": "Q de Kock",
              "bowler": "BE Hendricks",
              "extras": {
                "wides": 1
              },
              "non_striker": "GH Bodi",
              "runs": {
                "batter": 0,
                "extras": 1,
                "total": 1
              }
            },
            {
              "batter": "Q de Kock",
              "bowler": "BE Hendricks",
              "non_striker": "GH Bodi",
              "runs": {
                "batter": 1,
                "extras": 0,
                "total": 1
              }
            },
            {
              "batter": "GH Bodi",
              "bowler": "BE Hendricks",
              "non_striker": "Q de Kock",
              "runs": {
                "batter": 0,
                "extras": 0,
                "total": 0
              }
            },
            {
              "batter": "GH Bodi",
              "bowler": "BE Hendricks",
              "non_striker": "Q de Kock",
              "runs": {
                "batter": 0,
                "extras": 0,
                "total": 0
              }
            },
            {
              "batter": "GH Bodi",
              "bowler": "BE Hendricks",
              "non_striker": "Q de Kock",
              "runs": {
                "batter": 0,
                "extras": 0,
                "total": 0
              }
            },
            {
              "batter": "GH Bodi",
              "bowler": "BE Hendricks",
              "extras": {
                "wides": 1
              },
              "non_striker": "Q de Kock",
              "runs": {
                "batter": 0,
                "extras": 1,
                "total": 1
              }
            },
            {
              "batter": "GH Bodi",
              "bowler": "BE Hendricks",
              "non_striker": "Q de Kock",
              "runs": {
                "batter": 1,
                "extras": 0,
                "total": 1
              }
            },
            {
              "batter": "Q de Kock",
              "bowler": "BE Hendricks",
              "non_striker": "GH Bodi",
              "runs": {
                "batter": 1,
                "extras": 0,
                "total": 1
              }
            }
          ]
        },
        {
          "over": 1,
          "deliveries": [
            {
              "batter": "Q de Kock",
              "bowler": "VD Philander",
              "non_striker": "GH Bodi",
              "runs": {
                "batter": 0,
                "extras": 0,
                "total": 0
              }
            },
            {
              "batter": "Q de Kock",
              "bowler": "VD Philander",
              "non_striker": "GH Bodi",
              "runs": {
                "batter": 0,
                "extras": 0,
                "total": 0
              }
            },
            {
              "batter": "Q de Kock",
              "bowler": "VD Philander",
              "non_striker": "GH Bodi",
              "runs": {
                "batter": 4,
                "extras": 0,
                "total": 4
              }
            },
            {
              "batter": "Q de Kock",
              "bowler": "VD Philander",
              "non_striker": "GH Bodi",
              "runs": {
                "batter": 0,
                "extras": 0,
                "total": 0
              }
            },
            {
              "batter": "Q de Kock",
              "bowler": "VD Philander",
              "non_striker": "GH Bodi",
              "runs": {
                "batter": 0,
                "extras": 0,
                "total": 0
              }
            },
            {
              "batter": "Q de Kock",
              "bowler": "VD Philander",
              "non_striker": "GH Bodi",
              "runs": {
                "batter": 0,
                "extras": 0,
                "total": 0
              }
            }
          ]
        },
        {
          "over": 2,
          "deliveries": [
            {
              "batter": "GH Bodi",
              "bowler": "BE Hendricks",
              "non_striker": "Q de Kock",
              "runs": {
                "batter": 0,
                "extras": 0,
                "total": 0
              }
            },
            {
              "batter": "GH Bodi",
              "bowler": "BE Hendricks",
              "extras": {
                "legbyes": 1
              },
              "non_striker": "Q de Kock",
              "runs": {
                "batter": 0,
                "extras": 1,
                "total": 1
              }
            },
            {
              "batter": "Q de Kock",
              "bowler": "BE Hendricks",
              "non_striker": "GH Bodi",
              "runs": {
                "batter": 0,
                "extras": 0,
                "total": 0
              }
            },
            {
              "batter": "Q de Kock",
              "bowler": "BE Hendricks",
              "extras": {
                "wides": 5
              },
              "non_striker": "GH Bodi",
              "runs": {
                "batter": 0,
                "extras": 5,
                "total": 5
              }
            },
            {
              "batter": "Q de Kock",
              "bowler": "BE Hendricks",
              "non_striker": "GH Bodi",
              "runs": {
                "batter": 4,
                "extras": 0,
                "total": 4
              }
            },
            {
              "batter": "Q de Kock",
              "bowler": "BE Hendricks",
              "non_striker": "GH Bodi",
              "runs": {
                "batter": 4,
                "extras": 0,
                "total": 4
              }
            },
            {
              "batter": "Q de Kock",
              "bowler": "BE Hendricks",
              "non_striker": "GH Bodi",
              "runs": {
                "batter": 0,
                "extras": 0,
                "total": 0
              }
            }
          ]
        },
        {
          "over": 3,
          "deliveries": [
            {
              "batter": "GH Bodi",
              "bowler": "VD Philander",
              "non_striker": "Q de Kock",
              "runs": {
                "batter": 0,
                "extras": 0,
                "total": 0
              }
            },
            {
              "batter": "GH Bodi",
              "bowler": "VD Philander",
              "non_striker": "Q de Kock",
              "runs": {
                "batter": 1,
                "extras": 0,
                "total": 1
              }
            },
            {
              "batter": "Q de Kock",
              "bowler": "VD Philander",
              "non_striker": "GH Bodi",
              "runs": {
                "batter": 6,
                "extras": 0,
                "total": 6
              }
            },
            {
              "batter": "Q de Kock",
              "bowler": "VD Philander",
              "non_striker": "GH Bodi",
              "runs": {
                "batter": 0,
                "extras": 0,
                "total": 0
              }
            },
            {
              "batter": "Q de Kock",
              "bowler": "VD Philander",
              "non_striker": "GH Bodi",
              "runs": {
                "batter": 4,
                "extras": 0,
                "total": 4
              }
            },
            {
              "batter": "Q de Kock",
              "bowler": "VD Philander",
              "non_striker": "GH Bodi",
              "runs": {
                "batter": 0,
                "extras": 0,
                "total": 0
              },
              "wickets": [
                {
                  "player_out": "Q de Kock",
                  "fielders": [
                    {
                      "name": "JP Duminy"
                    }
                  ],
                  "kind": "caught"
                }
              ]
            }
          ]
        },
        {
          "over": 4,
          "deliveries": [
            {
              "batter": "GH Bodi",
              "bowler": "RK Kleinveldt",
              "non_striker": "AN Petersen",
              "runs": {
                "batter": 0,
                "extras": 0,
                "total": 0
              }
            },
            {
              "batter": "GH Bodi",
              "bowler": "RK Kleinveldt",
              "non_striker": "AN Petersen",
              "runs": {
                "batter": 0,
                "extras": 0,
                "total": 0
              }
            },
            {
              "batter": "GH Bodi",
              "bowler": "RK Kleinveldt",
              "non_striker": "AN Petersen",
              "runs": {
                "batter": 1,
                "extras": 0,
                "total": 1
              }
            },
            {
              "batter": "AN Petersen",
              "bowler": "RK Kleinveldt",
              "non_striker": "GH Bodi",
              "runs": {
                "batter": 1,
                "extras": 0,
                "total": 1
              }
            },
            {
              "batter": "GH Bodi",
              "bowler": "RK Kleinveldt",
              "non_striker": "AN Petersen",
              "runs": {
                "batter": 0,
                "extras": 0,
                "total": 0
              }
            },
            {
              "batter": "GH Bodi",
              "bowler": "RK Kleinveldt",
              "non_striker": "AN Petersen",
              "runs": {
                "batter": 0,
                "extras": 0,
                "total": 0
              }
            }
          ]
        },
        {
          "over": 5,
          "deliveries": [
            {
              "batter": "AN Petersen",
              "bowler": "JP Duminy",
              "non_striker": "GH Bodi",
              "runs": {
                "batter": 1,
                "extras": 0,
                "total": 1
              }
            },
            {
              "batter": "GH Bodi",
              "bowler": "JP Duminy",
              "non_striker": "AN Petersen",
              "runs": {
                "batter": 1,
                "extras": 0,
                "total": 1
              }
            },
            {
              "batter": "AN Petersen",
              "bowler": "JP Duminy",
              "non_striker": "GH Bodi",
              "runs": {
                "batter": 4,
                "extras": 0,
                "total": 4
              }
            },
            {
              "batter": "AN Petersen",
              "bowler": "JP Duminy",
              "non_striker": "GH Bodi",
              "runs": {
                "batter": 4,
                "extras": 0,
                "total": 4
              }
            },
            {
              "batter": "AN Petersen",
              "bowler": "JP Duminy",
              "non_striker": "GH Bodi",
              "runs": {
                "batter": 1,
                "extras": 0,
                "total": 1
              }
            },
            {
              "batter": "GH Bodi",
              "bowler": "JP Duminy",
              "non_striker": "AN Petersen",
              "runs": {
                "batter": 2,
                "extras": 0,
                "total": 2
              }
            }
          ]
        },
        {
          "over": 6,
          "deliveries": [
            {
              "batter": "AN Petersen",
              "bowler": "RK Kleinveldt",
              "non_striker": "GH Bodi",
              "runs": {
                "batter": 0,
                "extras": 0,
                "total": 0
              }
            },
            {
              "batter": "AN Petersen",
              "bowler": "RK Kleinveldt",
              "non_striker": "GH Bodi",
              "runs": {
                "batter": 1,
                "extras": 0,
                "total": 1
              }
            },
            {
              "batter": "GH Bodi",
              "bowler": "RK Kleinveldt",
              "non_striker": "AN Petersen",
              "runs": {
                "batter": 1,
                "extras": 0,
                "total": 1
              }
            },
            {
              "batter": "AN Petersen",
              "bowler": "RK Kleinveldt",
              "non_striker": "GH Bodi",
              "runs": {
                "batter": 1,
                "extras": 0,
                "total": 1
              }
            },
            {
              "batter": "GH Bodi",
              "bowler": "RK Kleinveldt",
              "non_striker": "AN Petersen",
              "runs": {
                "batter": 0,
                "extras": 0,
                "total": 0
              }
            },
            {
              "batter": "GH Bodi",
              "bowler": "RK Kleinveldt",
              "non_striker": "AN Petersen",
              "runs": {
                "batter": 2,
                "extras": 0,
                "total": 2
              }
            }
          ]
        },
        {
          "over": 7,
          "deliveries": [
            {
              "batter": "AN Petersen",
              "bowler": "A Mgijima",
              "non_striker": "GH Bodi",
              "runs": {
                "batter": 0,
                "extras": 0,
                "total": 0
              },
              "wickets": [
                {
                  "player_out": "GH Bodi",
                  "fielders": [
                    {
                      "name": "JP Duminy"
                    }
                  ],
                  "kind": "run out"
                }
              ]
            },
            {
              "batter": "AN Petersen",
              "bowler": "A Mgijima",
              "non_striker": "ND McKenzie",
              "runs": {
                "batter": 1,
                "extras": 0,
                "total": 1
              }
            },
            {
              "batter": "ND McKenzie",
              "bowler": "A Mgijima",
              "non_striker": "AN Petersen",
              "runs": {
                "batter": 1,
                "extras": 0,
                "total": 1
              }
            },
            {
              "batter": "AN Petersen",
              "bowler": "A Mgijima",
              "non_striker": "ND McKenzie",
              "runs": {
                "batter": 0,
                "extras": 0,
                "total": 0
              }
            },
            {
              "batter": "AN Petersen",
              "bowler": "A Mgijima",
              "non_striker": "ND McKenzie",
              "runs": {
                "batter": 1,
                "extras": 0,
                "total": 1
              }
            },
            {
              "batter": "ND McKenzie",
              "bowler": "A Mgijima",
              "non_striker": "AN Petersen",
              "runs": {
                "batter": 1,
                "extras": 0,
                "total": 1
              }
            }
          ]
        },
        {
          "over": 8,
          "deliveries": [
            {
              "batter": "ND McKenzie",
              "bowler": "RJ Peterson",
              "non_striker": "AN Petersen",
              "runs": {
                "batter": 0,
                "extras": 0,
                "total": 0
              }
            },
            {
              "batter": "ND McKenzie",
              "bowler": "RJ Peterson",
              "non_striker": "AN Petersen",
              "runs": {
                "batter": 0,
                "extras": 0,
                "total": 0
              }
            },
            {
              "batter": "ND McKenzie",
              "bowler": "RJ Peterson",
              "non_striker": "AN Petersen",
              "runs": {
                "batter": 0,
                "extras": 0,
                "total": 0
              }
            },
            {
              "batter": "ND McKenzie",
              "bowler": "RJ Peterson",
              "non_striker": "AN Petersen",
              "runs": {
                "batter": 1,
                "extras": 0,
                "total": 1
              }
            },
            {
              "batter": "AN Petersen",
              "bowler": "RJ Peterson",
              "non_striker": "ND McKenzie",
              "runs": {
                "batter": 1,
                "extras": 0,
                "total": 1
              }
            },
            {
              "batter": "ND McKenzie",
              "bowler": "RJ Peterson",
              "extras": {
                "wides": 1
              },
              "non_striker": "AN Petersen",
              "runs": {
                "batter": 0,
                "extras": 1,
                "total": 1
              }
            },
            {
              "batter": "ND McKenzie",
              "bowler": "RJ Peterson",
              "non_striker": "AN Petersen",
              "runs": {
                "batter": 0,
                "extras": 0,
                "total": 0
              }
            }
          ]
        },
        {
          "over": 9,
          "deliveries": [
            {
              "batter": "AN Petersen",
              "bowler": "A Mgijima",
              "non_striker": "ND McKenzie",
              "runs": {
                "batter": 4,
                "extras": 0,
                "total": 4
              }
            },
            {
              "batter": "AN Petersen",
              "bowler": "A Mgijima",
              "non_striker": "ND McKenzie",
              "runs": {
                "batter": 6,
                "extras": 0,
                "total": 6
              }
            },
            {
              "batter": "AN Petersen",
              "bowler": "A Mgijima",
              "non_striker": "ND McKenzie",
              "runs": {
                "batter": 1,
                "extras": 0,
                "total": 1
              }
            },
            {
              "batter": "ND McKenzie",
              "bowler": "A Mgijima",
              "non_striker": "AN Petersen",
              "runs": {
                "batter": 6,
                "extras": 0,
                "total": 6
              }
            },
            {
              "batter": "ND McKenzie",
              "bowler": "A Mgijima",
              "extras": {
                "byes": 1
              },
              "non_striker": "AN Petersen",
              "runs": {
                "batter": 0,
                "extras": 1,
                "total": 1
              }
            },
            {
              "batter": "AN Petersen",
              "bowler": "A Mgijima",
              "non_striker": "ND McKenzie",
              "runs": {
                "batter": 1,
                "extras": 0,
                "total": 1
              }
            }
          ]
        },
        {
          "over": 10,
          "deliveries": [
            {
              "batter": "AN Petersen",
              "bowler": "RJ Peterson",
              "non_striker": "ND McKenzie",
              "runs": {
                "batter": 1,
                "extras": 0,
                "total": 1
              }
            },
            {
              "batter": "ND McKenzie",
              "bowler": "RJ Peterson",
              "non_striker": "AN Petersen",
              "runs": {
                "batter": 0,
                "extras": 0,
                "total": 0
              }
            },
            {
              "batter": "ND McKenzie",
              "bowler": "RJ Peterson",
              "non_striker": "AN Petersen",
              "runs": {
                "batter": 1,
                "extras": 0,
                "total": 1
              }
            },
            {
              "batter": "AN Petersen",
              "bowler": "RJ Peterson",
              "non_striker": "ND McKenzie",
              "runs": {
                "batter": 2,
                "extras": 0,
                "total": 2
              }
            },
            {
              "batter": "AN Petersen",
              "bowler": "RJ Peterson",
              "non_striker": "ND McKenzie",
              "runs": {
                "batter": 1,
                "extras": 0,
                "total": 1
              }
            },
            {
              "batter": "ND McKenzie",
              "bowler": "RJ Peterson",
              "non_striker": "AN Petersen",
              "runs": {
                "batter": 0,
                "extras": 0,
                "total": 0
              }
            }
          ]
        },
        {
          "over": 11,
          "deliveries": [
            {
              "batter": "AN Petersen",
              "bowler": "JP Duminy",
              "non_striker": "ND McKenzie",
              "runs": {
                "batter": 1,
                "extras": 0,
                "total": 1
              }
            },
            {
              "batter": "ND McKenzie",
              "bowler": "JP Duminy",
              "non_striker": "AN Petersen",
              "runs": {
                "batter": 2,
                "extras": 0,
                "total": 2
              }
            },
            {
              "batter": "ND McKenzie",
              "bowler": "JP Duminy",
              "extras": {
                "legbyes": 3
              },
              "non_striker": "AN Petersen",
              "runs": {
                "batter": 0,
                "extras": 3,
                "total": 3
              }
            },
            {
              "batter": "AN Petersen",
              "bowler": "JP Duminy",
              "non_striker": "ND McKenzie",
              "runs": {
                "batter": 1,
                "extras": 0,
                "total": 1
              }
            },
            {
              "batter": "ND McKenzie",
              "bowler": "JP Duminy",
              "non_striker": "AN Petersen",
              "runs": {
                "batter": 4,
                "extras": 0,
                "total": 4
              }
            },
            {
              "batter": "ND McKenzie",
              "bowler": "JP Duminy",
              "non_striker": "AN Petersen",
              "runs": {
                "batter": 2,
                "extras": 0,
                "total": 2
              }
            }
          ]
        },
        {
          "over": 12,
          "deliveries": [
            {
              "batter": "AN Petersen",
              "bowler": "RJ Peterson",
              "non_striker": "ND McKenzie",
              "runs": {
                "batter": 1,
                "extras": 0,
                "total": 1
              }
            },
            {
              "batter": "ND McKenzie",
              "bowler": "RJ Peterson",
              "non_striker": "AN Petersen",
              "runs": {
                "batter": 1,
                "extras": 0,
                "total": 1
              }
            },
            {
              "batter": "AN Petersen",
              "bowler": "RJ Peterson",
              "non_striker": "ND McKenzie",
              "runs": {
                "batter": 0,
                "extras": 0,
                "total": 0
              },
              "wickets": [
                {
                  "player_out": "AN Petersen",
                  "kind": "bowled"
                }
              ]
            },
            {
              "batter": "Azhar Mahmood",
              "bowler": "RJ Peterson",
              "non_striker": "ND McKenzie",
              "runs": {
                "batter": 0,
                "extras": 0,
                "total": 0
              }
            },
            {
              "batter": "Azhar Mahmood",
              "bowler": "RJ Peterson",
              "extras": {
                "wides": 1
              },
              "non_striker": "ND McKenzie",
              "runs": {
                "batter": 0,
                "extras": 1,
                "total": 1
              }
            },
            {
              "batter": "Azhar Mahmood",
              "bowler": "RJ Peterson",
              "non_striker": "ND McKenzie",
              "runs": {
                "batter": 1,
                "extras": 0,
                "total": 1
              }
            },
            {
              "batter": "ND McKenzie",
              "bowler": "RJ Peterson",
              "non_striker": "Azhar Mahmood",
              "runs": {
                "batter": 1,
                "extras": 0,
                "total": 1
              }
            }
          ]
        },
        {
          "over": 13,
          "deliveries": [
            {
              "batter": "ND McKenzie",
              "bowler": "RK Kleinveldt",
              "non_striker": "Azhar Mahmood",
              "runs": {
                "batter": 0,
                "extras": 0,
                "total": 0
              }
            },
            {
              "batter": "ND McKenzie",
              "bowler": "RK Kleinveldt",
              "non_striker": "Azhar Mahmood",
              "runs": {
                "batter": 1,
                "extras": 0,
                "total": 1
              }
            },
            {
              "batter": "Azhar Mahmood",
              "bowler": "RK Kleinveldt",
              "non_striker": "ND McKenzie",
              "runs": {
                "batter": 1,
                "extras": 0,
                "total": 1
              }
            },
            {
              "batter": "ND McKenzie",
              "bowler": "RK Kleinveldt",
              "non_striker": "Azhar Mahmood",
              "runs": {
                "batter": 1,
                "extras": 0,
                "total": 1
              }
            },
            {
              "batter": "Azhar Mahmood",
              "bowler": "RK Kleinveldt",
              "non_striker": "ND McKenzie",
              "runs": {
                "batter": 1,
                "extras": 0,
                "total": 1
              }
            },
            {
              "batter": "ND McKenzie",
              "bowler": "RK Kleinveldt",
              "non_striker": "Azhar Mahmood",
              "runs": {
                "batter": 4,
                "extras": 0,
                "total": 4
              }
            }
          ]
        },
        {
          "over": 14,
          "deliveries": [
            {
              "batter": "Azhar Mahmood",
              "bowler": "RJ Peterson",
              "non_striker": "ND McKenzie",
              "runs": {
                "batter": 4,
                "extras": 0,
                "total": 4
              }
            },
            {
              "batter": "Azhar Mahmood",
              "bowler": "RJ Peterson",
              "non_striker": "ND McKenzie",
              "runs": {
                "batter": 0,
                "extras": 0,
                "total": 0
              },
              "wickets": [
                {
                  "player_out": "Azhar Mahmood",
                  "fielders": [
                    {
                      "name": "JP Duminy"
                    }
                  ],
                  "kind": "caught"
                }
              ]
            },
            {
              "batter": "ND McKenzie",
              "bowler": "RJ Peterson",
              "non_striker": "Sohail Tanvir",
              "runs": {
                "batter": 1,
                "extras": 0,
                "total": 1
              }
            },
            {
              "batter": "Sohail Tanvir",
              "bowler": "RJ Peterson",
              "non_striker": "ND McKenzie",
              "runs": {
                "batter": 0,
                "extras": 0,
                "total": 0
              },
              "wickets": [
                {
                  "player_out": "Sohail Tanvir",
                  "fielders": [
                    {
                      "name": "S van Zyl"
                    }
                  ],
                  "kind": "caught"
                }
              ]
            },
            {
              "batter": "ND McKenzie",
              "bowler": "RJ Peterson",
              "non_striker": "TL Tsolekile",
              "runs": {
                "batter": 1,
                "extras": 0,
                "total": 1
              }
            },
            {
              "batter": "TL Tsolekile",
              "bowler": "RJ Peterson",
              "non_striker": "ND McKenzie",
              "runs": {
                "batter": 0,
                "extras": 0,
                "total": 0
              }
            }
          ]
        },
        {
          "over": 15,
          "deliveries": [
            {
              "batter": "ND McKenzie",
              "bowler": "VD Philander",
              "non_striker": "TL Tsolekile",
              "runs": {
                "batter": 4,
                "extras": 0,
                "total": 4
              }
            },
            {
              "batter": "ND McKenzie",
              "bowler": "VD Philander",
              "non_striker": "TL Tsolekile",
              "runs": {
                "batter": 2,
                "extras": 0,
                "total": 2
              }
            },
            {
              "batter": "ND McKenzie",
              "bowler": "VD Philander",
              "non_striker": "TL Tsolekile",
              "runs": {
                "batter": 1,
                "extras": 0,
                "total": 1
              }
            },
            {
              "batter": "TL Tsolekile",
              "bowler": "VD Philander",
              "non_striker": "ND McKenzie",
              "runs": {
                "batter": 4,
                "extras": 0,
                "total": 4
              }
            },
            {
              "batter": "TL Tsolekile",
              "bowler": "VD Philander",
              "non_striker": "ND McKenzie",
              "runs": {
                "batter": 4,
                "extras": 0,
                "total": 4
              }
            },
            {
              "batter": "TL Tsolekile",
              "bowler": "VD Philander",
              "non_striker": "ND McKenzie",
              "runs": {
                "batter": 1,
                "extras": 0,
                "total": 1
              }
            }
          ]
        },
        {
          "over": 16,
          "deliveries": [
            {
              "batter": "TL Tsolekile",
              "bowler": "BE Hendricks",
              "non_striker": "ND McKenzie",
              "runs": {
                "batter": 0,
                "extras": 0,
                "total": 0
              }
            },
            {
              "batter": "TL Tsolekile",
              "bowler": "BE Hendricks",
              "non_striker": "ND McKenzie",
              "runs": {
                "batter": 1,
                "extras": 0,
                "total": 1
              }
            },
            {
              "batter": "ND McKenzie",
              "bowler": "BE Hendricks",
              "non_striker": "TL Tsolekile",
              "runs": {
                "batter": 0,
                "extras": 0,
                "total": 0
              },
              "wickets": [
                {
                  "player_out": "ND McKenzie",
                  "fielders": [
                    {
                      "name": "DJ Vilas"
                    }
                  ],
                  "kind": "caught"
                }
              ]
            },
            {
              "batter": "CH Morris",
              "bowler": "BE Hendricks",
              "non_striker": "TL Tsolekile",
              "runs": {
                "batter": 0,
                "extras": 0,
                "total": 0
              }
            },
            {
              "batter": "CH Morris",
              "bowler": "BE Hendricks",
              "non_striker": "TL Tsolekile",
              "runs": {
                "batter": 2,
                "extras": 0,
                "total": 2
              }
            },
            {
              "batter": "CH Morris",
              "bowler": "BE Hendricks",
              "non_striker": "TL Tsolekile",
              "runs": {
                "batter": 6,
                "extras": 0,
                "total": 6
              }
            }
          ]
        },
        {
          "over": 17,
          "deliveries": [
            {
              "batter": "TL Tsolekile",
              "bowler": "RK Kleinveldt",
              "non_striker": "CH Morris",
              "runs": {
                "batter": 4,
                "extras": 0,
                "total": 4
              }
            },
            {
              "batter": "TL Tsolekile",
              "bowler": "RK Kleinveldt",
              "non_striker": "CH Morris",
              "runs": {
                "batter": 4,
                "extras": 0,
                "total": 4
              }
            },
            {
              "batter": "TL Tsolekile",
              "bowler": "RK Kleinveldt",
              "non_striker": "CH Morris",
              "runs": {
                "batter": 1,
                "extras": 0,
                "total": 1
              }
            },
            {
              "batter": "CH Morris",
              "bowler": "RK Kleinveldt",
              "non_striker": "TL Tsolekile",
              "runs": {
                "batter": 0,
                "extras": 0,
                "total": 0
              }
            },
            {
              "batter": "CH Morris",
              "bowler": "RK Kleinveldt",
              "extras": {
                "wides": 1
              },
              "non_striker": "TL Tsolekile",
              "runs": {
                "batter": 0,
                "extras": 1,
                "total": 1
              }
            },
            {
              "batter": "CH Morris",
              "bowler": "RK Kleinveldt",
              "non_striker": "TL Tsolekile",
              "runs": {
                "batter": 6,
                "extras": 0,
                "total": 6
              }
            },
            {
              "batter": "CH Morris",
              "bowler": "RK Kleinveldt",
              "non_striker": "TL Tsolekile",
              "runs": {
                "batter": 1,
                "extras": 0,
                "total": 1
              }
            }
          ]
        },
        {
          "over": 18,
          "deliveries": [
            {
              "batter": "CH Morris",
              "bowler": "BE Hendricks",
              "non_striker": "TL Tsolekile",
              "runs": {
                "batter": 0,
                "extras": 0,
                "total": 0
              }
            },
            {
              "batter": "CH Morris",
              "bowler": "BE Hendricks",
              "non_striker": "TL Tsolekile",
              "runs": {
                "batter": 1,
                "extras": 0,
                "total": 1
              }
            },
            {
              "batter": "TL Tsolekile",
              "bowler": "BE Hendricks",
              "non_striker": "CH Morris",
              "runs": {
                "batter": 0,
                "extras": 0,
                "total": 0
              },
              "wickets": [
                {
                  "player_out": "TL Tsolekile",
                  "fielders": [
                    {
                      "name": "JP Duminy"
                    }
                  ],
                  "kind": "caught"
                }
              ]
            },
            {
              "batter": "GC Viljoen",
              "bowler": "BE Hendricks",
              "non_striker": "CH Morris",
              "runs": {
                "batter": 1,
                "extras": 0,
                "total": 1
              }
            },
            {
              "batter": "CH Morris",
              "bowler": "BE Hendricks",
              "non_striker": "GC Viljoen",
              "runs": {
                "batter": 4,
                "extras": 0,
                "total": 4
              }
            },
            {
              "batter": "CH Morris",
              "bowler": "BE Hendricks",
              "non_striker": "GC Viljoen",
              "runs": {
                "batter": 2,
                "extras": 0,
                "total": 2
              }
            }
          ]
        },
        {
          "over": 19,
          "deliveries": [
            {
              "batter": "GC Viljoen",
              "bowler": "VD Philander",
              "non_striker": "CH Morris",
              "runs": {
                "batter": 1,
                "extras": 0,
                "total": 1
              }
            },
            {
              "batter": "CH Morris",
              "bowler": "VD Philander",
              "non_striker": "GC Viljoen",
              "runs": {
                "batter": 2,
                "extras": 0,
                "total": 2
              }
            },
            {
              "batter": "CH Morris",
              "bowler": "VD Philander",
              "non_striker": "GC Viljoen",
              "runs": {
                "batter": 1,
                "extras": 0,
                "total": 1
              }
            },
            {
              "batter": "GC Viljoen",
              "bowler": "VD Philander",
              "non_striker": "CH Morris",
              "runs": {
                "batter": 0,
                "extras": 0,
                "total": 0
              }
            },
            {
              "batter": "GC Viljoen",
              "bowler": "VD Philander",
              "non_striker": "CH Morris",
              "runs": {
                "batter": 0,
                "extras": 0,
                "total": 0
              },
              "wickets": [
                {
                  "player_out": "GC Viljoen",
                  "fielders": [
                    {
                      "name": "RJ Peterson"
                    }
                  ],
                  "kind": "caught"
                }
              ]
            },
            {
              "batter": "CH Morris",
              "bowler": "VD Philander",
              "non_striker": "AM Phangiso",
              "runs": {
                "batter": 1,
                "extras": 0,
                "total": 1
              }
            }
          ]
        }
      ],
      "powerplays": [
        {
          "from": 0.1,
          "to": 5.6,
          "type": "mandatory"
        }
      ],
      "target": {
        "overs": 20,
        "runs": 188
      }
    }
  ]
}