{
  "meta": {
    "data_version": "1.1.0",
    "created": "2022-04-03",
    "revision": 1
  },
  "info": {
    "balls_per_over": 6,
    "city": "Johannesburg",
    "dates": [
      "2014-01-31"
    ],
    "event": {
      "name": "Ram Slam T20 Challenge"
    },
    "gender": "male",
    "match_type": "T20",
    "officials": {
      "match_referees": [
        "SB Lambson"
      ],
      "reserve_umpires": [
        "GH Pienaar"
      ],
      "umpires": [
        "EC Hendrikse",
        "MW Brown"
      ]
    },
    "outcome": {
      "winner": "Cape Cobras",
      "by": {
        "wickets": 7
      }
    },
    "overs": 20,
    "player_of_match": [
      "Q de Kock",
      "BE Hendricks"
    ],
    "players": {
      "Lions": [
        "SC Cook",
        "Q de Kock",
        "HE van der Dussen",
        "ND McKenzie",
        "T Bavuma",
        "D Pretorius",
        "CH Morris",
        "AM Phangiso",
        "GC Viljoen",
        "P Matshikwe",
        "E Leie"
      ],
      "Cape Cobras": [
        "RE Levi",
        "DJ Vilas",
        "S van Zyl",
        "JL Ontong",
        "JP Duminy",
        "RJ Peterson",
        "VD Philander",
        "RK Kleinveldt",
        "SP Narine",
        "A Mgijima",
        "BE Hendricks"
      ]
    },
    "registry": {
      "people": {
        "A Mgijima": "955e8e86",
        "AM Phangiso": "7f8ecc51",
        "BE Hendricks": "b56dc5f7",
        "CH Morris": "fb66ce1f",
        "D Pretorius": "11614d87",
        "DJ Vilas": "087210b1",
        "E Leie": "a7bc76a0",
        "EC Hendrikse": "3f2996c9",
        "GC Viljoen": "a316d663",
        "GH Pienaar": "3516e46b",
        "HE van der Dussen": "9948e262",
        "JL Ontong": "55f33b32",
        "JP Duminy": "2e8994e7",
        "MW Brown": "d83d7796",
        "ND McKenzie": "a830c083",
        "P Matshikwe": "1b05424f",
        "Q de Kock": "372455c4",
        "RE Levi": "18c78b11",
        "RJ Peterson": "26ff4c29",
        "RK Kleinveldt": "7955eb15",
        "S van Zyl": "f4dfcbb4",
        "SB Lambson": "4146063f",
        "SC Cook": "13bee186",
        "SP Narine": "9d430b40",
        "T Bavuma": "9ffd1ac1",
        "VD Philander": "cfe70281"
      }
    },
    "season": "2013/14",
    "team_type": "club",
    "teams": [
      "Lions",
      "Cape Cobras"
    ],
    "toss": {
      "decision": "field",
      "winner": "Cape Cobras"
    },
    "venue": "New Wanderers Stadium, Johannesburg"
  },
  "innings": [
    {
      "team": "Lions",
      "overs": [
        {
          "over": 0,
          "deliveries": [
            {
              "batter": "SC Cook",
              "bowler": "VD Philander",
              "non_striker": "Q de Kock",
              "runs": {
                "batter": 2,
                "extras": 0,
                "total": 2
              }
            },
            {
              "batter": "SC Cook",
              "bowler": "VD Philander",
              "non_striker": "Q de Kock",
              "runs": {
                "batter": 0,
                "extras": 0,
                "total": 0
              }
            },
            {
              "batter": "SC Cook",
              "bowler": "VD Philander",
              "non_striker": "Q de Kock",
              "runs": {
                "batter": 4,
                "extras": 0,
                "total": 4
              }
            },
            {
              "batter": "SC Cook",
              "bowler": "VD Philander",
              "non_striker": "Q de Kock",
              "runs": {
                "batter": 0,
                "extras": 0,
                "total": 0
              }
            },
            {
              "batter": "SC Cook",
              "bowler": "VD Philander",
              "non_striker": "Q de Kock",
              "runs": {
                "batter": 0,
                "extras": 0,
                "total": 0
              }
            },
            {
              "batter": "SC Cook",
              "bowler": "VD Philander",
              "extras": {
                "wides": 1
              },
              "non_striker": "Q de Kock",
              "runs": {
                "batter": 0,
                "extras": 1,
                "total": 1
              }
            },
            {
              "batter": "SC Cook",
              "bowler": "VD Philander",
              "non_striker": "Q de Kock",
              "runs": {
                "batter": 0,
                "extras": 0,
                "total": 0
              }
            }
          ]
        },
        {
          "over": 1,
          "deliveries": [
            {
              "batter": "Q de Kock",
              "bowler": "BE Hendricks",
              "non_striker": "SC Cook",
              "runs": {
                "batter": 0,
                "extras": 0,
                "total": 0
              }
            },
            {
              "batter": "Q de Kock",
              "bowler": "BE Hendricks",
              "non_striker": "SC Cook",
              "runs": {
                "batter": 0,
                "extras": 0,
                "total": 0
              }
            },
            {
              "batter": "Q de Kock",
              "bowler": "BE Hendricks",
              "non_striker": "SC Cook",
              "runs": {
                "batter": 0,
                "extras": 0,
                "total": 0
              }
            },
            {
              "batter": "Q de Kock",
              "bowler": "BE Hendricks",
              "non_striker": "SC Cook",
              "runs": {
                "batter": 0,
                "extras": 0,
                "total": 0
              }
            },
            {
              "batter": "Q de Kock",
              "bowler": "BE Hendricks",
              "non_striker": "SC Cook",
              "runs": {
                "batter": 1,
                "extras": 0,
                "total": 1
              }
            },
            {
              "batter": "SC Cook",
              "bowler": "BE Hendricks",
              "non_striker": "Q de Kock",
              "runs": {
                "batter": 0,
                "extras": 0,
                "total": 0
              }
            }
          ]
        },
        {
          "over": 2,
          "deliveries": [
            {
              "batter": "Q de Kock",
              "bowler": "VD Philander",
              "extras": {
                "wides": 1
              },
              "non_striker": "SC Cook",
              "runs": {
                "batter": 0,
                "extras": 1,
                "total": 1
              }
            },
            {
              "batter": "Q de Kock",
              "bowler": "VD Philander",
              "non_striker": "SC Cook",
              "runs": {
                "batter": 4,
                "extras": 0,
                "total": 4
              }
            },
            {
              "batter": "Q de Kock",
              "bowler": "VD Philander",
              "non_striker": "SC Cook",
              "runs": {
                "batter": 0,
                "extras": 0,
                "total": 0
              }
            },
            {
              "batter": "Q de Kock",
              "bowler": "VD Philander",
              "non_striker": "SC Cook",
              "runs": {
                "batter": 1,
                "extras": 0,
                "total": 1
              }
            },
            {
              "batter": "SC Cook",
              "bowler": "VD Philander",
              "non_striker": "Q de Kock",
              "runs": {
                "batter": 0,
                "extras": 0,
                "total": 0
              }
            },
            {
              "batter": "SC Cook",
              "bowler": "VD Philander",
              "non_striker": "Q de Kock",
              "runs": {
                "batter": 0,
                "extras": 0,
                "total": 0
              },
              "wickets": [
                {
                  "player_out": "SC Cook",
                  "fielders": [
                    {
                      "name": "A Mgijima"
                    }
                  ],
                  "kind": "caught"
                }
              ]
            },
            {
              "batter": "HE van der Dussen",
              "bowler": "VD Philander",
              "non_striker": "Q de Kock",
              "runs": {
                "batter": 0,
                "extras": 0,
                "total": 0
              },
              "wickets": [
                {
                  "player_out": "HE van der Dussen",
                  "fielders": [
                    {
                      "name": "RE Levi"
                    }
                  ],
                  "kind": "caught"
                }
              ]
            }
          ]
        },
        {
          "over": 3,
          "deliveries": [
            {
              "batter": "Q de Kock",
              "bowler": "BE Hendricks",
              "extras": {
                "legbyes": 1
              },
              "non_striker": "ND McKenzie",
              "runs": {
                "batter": 0,
                "extras": 1,
                "total": 1
              }
            },
            {
              "batter": "ND McKenzie",
              "bowler": "BE Hendricks",
              "non_striker": "Q de Kock",
              "runs": {
                "batter": 0,
                "extras": 0,
                "total": 0
              },
              "wickets": [
                {
                  "player_out": "ND McKenzie",
                  "kind": "lbw"
                }
              ]
            },
            {
              "batter": "T Bavuma",
              "bowler": "BE Hendricks",
              "non_striker": "Q de Kock",
              "runs": {
                "batter": 0,
                "extras": 0,
                "total": 0
              }
            },
            {
              "batter": "T Bavuma",
              "bowler": "BE Hendricks",
              "non_striker": "Q de Kock",
              "runs": {
                "batter": 0,
                "extras": 0,
                "total": 0
              },
              "wickets": [
                {
                  "player_out": "T Bavuma",
                  "kind": "lbw"
                }
              ]
            },
            {
              "batter": "D Pretorius",
              "bowler": "BE Hendricks",
              "non_striker": "Q de Kock",
              "runs": {
                "batter": 1,
                "extras": 0,
                "total": 1
              }
            },
            {
              "batter": "Q de Kock",
              "bowler": "BE Hendricks",
              "non_striker": "D Pretorius",
              "runs": {
                "batter": 0,
                "extras": 0,
                "total": 0
              }
            }
          ]
        },
        {
          "over": 4,
          "deliveries": [
            {
              "batter": "D Pretorius",
              "bowler": "VD Philander",
              "non_striker": "Q de Kock",
              "runs": {
                "batter": 1,
                "extras": 0,
                "total": 1
              }
            },
            {
              "batter": "Q de Kock",
              "bowler": "VD Philander",
              "non_striker": "D Pretorius",
              "runs": {
                "batter": 0,
                "extras": 0,
                "total": 0
              }
            },
            {
              "batter": "Q de Kock",
              "bowler": "VD Philander",
              "non_striker": "D Pretorius",
              "runs": {
                "batter": 0,
                "extras": 0,
                "total": 0
              }
            },
            {
              "batter": "Q de Kock",
              "bowler": "VD Philander",
              "non_striker": "D Pretorius",
              "runs": {
                "batter": 1,
                "extras": 0,
                "total": 1
              }
            },
            {
              "batter": "D Pretorius",
              "bowler": "VD Philander",
              "non_striker": "Q de Kock",
              "runs": {
                "batter": 0,
                "extras": 0,
                "total": 0
              },
              "wickets": [
                {
                  "player_out": "D Pretorius",
                  "kind": "lbw"
                }
              ]
            },
            {
              "batter": "CH Morris",
              "bowler": "VD Philander",
              "non_striker": "Q de Kock",
              "runs": {
                "batter": 0,
                "extras": 0,
                "total": 0
              }
            }
          ]
        },
        {
          "over": 5,
          "deliveries": [
            {
              "batter": "Q de Kock",
              "bowler": "BE Hendricks",
              "non_striker": "CH Morris",
              "runs": {
                "batter": 4,
                "extras": 0,
                "total": 4
              }
            },
            {
              "batter": "Q de Kock",
              "bowler": "BE Hendricks",
              "non_striker": "CH Morris",
              "runs": {
                "batter": 4,
                "extras": 0,
                "total": 4
              }
            },
            {
              "batter": "Q de Kock",
              "bowler": "BE Hendricks",
              "non_striker": "CH Morris",
              "runs": {
                "batter": 1,
                "extras": 0,
                "total": 1
              }
            },
            {
              "batter": "CH Morris",
              "bowler": "BE Hendricks",
              "non_striker": "Q de Kock",
              "runs": {
                "batter": 0,
                "extras": 0,
                "total": 0
              }
            },
            {
              "batter": "CH Morris",
              "bowler": "BE Hendricks",
              "non_striker": "Q de Kock",
              "runs": {
                "batter": 2,
                "extras": 0,
                "total": 2
              }
            },
            {
              "batter": "CH Morris",
              "bowler": "BE Hendricks",
              "non_striker": "Q de Kock",
              "runs": {
                "batter": 0,
                "extras": 0,
                "total": 0
              }
            }
          ]
        },
        {
          "over": 6,
          "deliveries": [
            {
              "batter": "Q de Kock",
              "bowler": "RK Kleinveldt",
              "non_striker": "CH Morris",
              "runs": {
                "batter": 6,
                "extras": 0,
                "total": 6
              }
            },
            {
              "batter": "Q de Kock",
              "bowler": "RK Kleinveldt",
              "non_striker": "CH Morris",
              "runs": {
                "batter": 1,
                "extras": 0,
                "total": 1
              }
            },
            {
              "batter": "CH Morris",
              "bowler": "RK Kleinveldt",
              "non_striker": "Q de Kock",
              "runs": {
                "batter": 0,
                "extras": 0,
                "total": 0
              }
            },
            {
              "batter": "CH Morris",
              "bowler": "RK Kleinveldt",
              "non_striker": "Q de Kock",
              "runs": {
                "batter": 1,
                "extras": 0,
                "total": 1
              }
            },
            {
              "batter": "Q de Kock",
              "bowler": "RK Kleinveldt",
              "non_striker": "CH Morris",
              "runs": {
                "batter": 1,
                "extras": 0,
                "total": 1
              }
            },
            {
              "batter": "CH Morris",
              "bowler": "RK Kleinveldt",
              "non_striker": "Q de Kock",
              "runs": {
                "batter": 0,
                "extras": 0,
                "total": 0
              }
            }
          ]
        },
        {
          "over": 7,
          "deliveries": [
            {
              "batter": "Q de Kock",
              "bowler": "SP Narine",
              "non_striker": "CH Morris",
              "runs": {
                "batter": 0,
                "extras": 0,
                "total": 0
              }
            },
            {
              "batter": "Q de Kock",
              "bowler": "SP Narine",
              "non_striker": "CH Morris",
              "runs": {
                "batter": 0,
                "extras": 0,
                "total": 0
              }
            },
            {
              "batter": "Q de Kock",
              "bowler": "SP Narine",
              "non_striker": "CH Morris",
              "runs": {
                "batter": 4,
                "extras": 0,
                "total": 4
              }
            },
            {
              "batter": "Q de Kock",
              "bowler": "SP Narine",
              "non_striker": "CH Morris",
              "runs": {
                "batter": 0,
                "extras": 0,
                "total": 0
              }
            },
            {
              "batter": "Q de Kock",
              "bowler": "SP Narine",
              "non_striker": "CH Morris",
              "runs": {
                "batter": 0,
                "extras": 0,
                "total": 0
              }
            },
            {
              "batter": "Q de Kock",
              "bowler": "SP Narine",
              "non_striker": "CH Morris",
              "runs": {
                "batter": 1,
                "extras": 0,
                "total": 1
              }
            }
          ]
        },
        {
          "over": 8,
          "deliveries": [
            {
              "batter": "Q de Kock",
              "bowler": "RK Kleinveldt",
              "non_striker": "CH Morris",
              "runs": {
                "batter": 0,
                "extras": 0,
                "total": 0
              }
            },
            {
              "batter": "Q de Kock",
              "bowler": "RK Kleinveldt",
              "non_striker": "CH Morris",
              "runs": {
                "batter": 2,
                "extras": 0,
                "total": 2
              }
            },
            {
              "batter": "Q de Kock",
              "bowler": "RK Kleinveldt",
              "non_striker": "CH Morris",
              "runs": {
                "batter": 2,
                "extras": 0,
                "total": 2
              }
            },
            {
              "batter": "Q de Kock",
              "bowler": "RK Kleinveldt",
              "non_striker": "CH Morris",
              "runs": {
                "batter": 4,
                "extras": 0,
                "total": 4
              }
            },
            {
              "batter": "Q de Kock",
              "bowler": "RK Kleinveldt",
              "non_striker": "CH Morris",
              "runs": {
                "batter": 1,
                "extras": 0,
                "total": 1
              }
            },
            {
              "batter": "CH Morris",
              "bowler": "RK Kleinveldt",
              "non_striker": "Q de Kock",
              "runs": {
                "batter": 0,
                "extras": 0,
                "total": 0
              }
            }
          ]
        },
        {
          "over": 9,
          "deliveries": [
            {
              "batter": "Q de Kock",
              "bowler": "JP Duminy",
              "non_striker": "CH Morris",
              "runs": {
                "batter": 1,
                "extras": 0,
                "total": 1
              }
            },
            {
              "batter": "CH Morris",
              "bowler": "JP Duminy",
              "non_striker": "Q de Kock",
              "runs": {
                "batter": 4,
                "extras": 0,
                "total": 4
              }
            },
            {
              "batter": "CH Morris",
              "bowler": "JP Duminy",
              "non_striker": "Q de Kock",
              "runs": {
                "batter": 1,
                "extras": 0,
                "total": 1
              }
            },
            {
              "batter": "Q de Kock",
              "bowler": "JP Duminy",
              "non_striker": "CH Morris",
              "runs": {
                "batter": 1,
                "extras": 0,
                "total": 1
              }
            },
            {
              "batter": "CH Morris",
              "bowler": "JP Duminy",
              "non_striker": "Q de Kock",
              "runs": {
                "batter": 0,
                "extras": 0,
                "total": 0
              }
            },
            {
              "batter": "CH Morris",
              "bowler": "JP Duminy",
              "non_striker": "Q de Kock",
              "runs": {
                "batter": 0,
                "extras": 0,
                "total": 0
              }
            }
          ]
        },
        {
          "over": 10,
          "deliveries": [
            {
              "batter": "Q de Kock",
              "bowler": "RJ Peterson",
              "non_striker": "CH Morris",
              "runs": {
                "batter": 2,
                "extras": 0,
                "total": 2
              }
            },
            {
              "batter": "Q de Kock",
              "bowler": "RJ Peterson",
              "non_striker": "CH Morris",
              "runs": {
                "batter": 0,
                "extras": 0,
                "total": 0
              }
            },
            {
              "batter": "Q de Kock",
              "bowler": "RJ Peterson",
              "non_striker": "CH Morris",
              "runs": {
                "batter": 1,
                "extras": 0,
                "total": 1
              }
            },
            {
              "batter": "CH Morris",
              "bowler": "RJ Peterson",
              "non_striker": "Q de Kock",
              "runs": {
                "batter": 2,
                "extras": 0,
                "total": 2
              }
            },
            {
              "batter": "CH Morris",
              "bowler": "RJ Peterson",
              "non_striker": "Q de Kock",
              "runs": {
                "batter": 1,
                "extras": 0,
                "total": 1
              }
            },
            {
              "batter": "Q de Kock",
              "bowler": "RJ Peterson",
              "non_striker": "CH Morris",
              "runs": {
                "batter": 0,
                "extras": 0,
                "total": 0
              }
            }
          ]
        },
        {
          "over": 11,
          "deliveries": [
            {
              "batter": "CH Morris",
              "bowler": "A Mgijima",
              "non_striker": "Q de Kock",
              "runs": {
                "batter": 1,
                "extras": 0,
                "total": 1
              }
            },
            {
              "batter": "Q de Kock",
              "bowler": "A Mgijima",
              "non_striker": "CH Morris",
              "runs": {
                "batter": 0,
                "extras": 0,
                "total": 0
              }
            },
            {
              "batter": "Q de Kock",
              "bowler": "A Mgijima",
              "non_striker": "CH Morris",
              "runs": {
                "batter": 1,
                "extras": 0,
                "total": 1
              }
            },
            {
              "batter": "CH Morris",
              "bowler": "A Mgijima",
              "non_striker": "Q de Kock",
              "runs": {
                "batter": 1,
                "extras": 0,
                "total": 1
              }
            },
            {
              "batter": "Q de Kock",
              "bowler": "A Mgijima",
              "non_striker": "CH Morris",
              "runs": {
                "batter": 0,
                "extras": 0,
                "total": 0
              }
            },
            {
              "batter": "Q de Kock",
              "bowler": "A Mgijima",
              "non_striker": "CH Morris",
              "runs": {
                "batter": 1,
                "extras": 0,
                "total": 1
              }
            }
          ]
        },
        {
          "over": 12,
          "deliveries": [
            {
              "batter": "Q de Kock",
              "bowler": "RJ Peterson",
              "non_striker": "CH Morris",
              "runs": {
                "batter": 1,
                "extras": 0,
                "total": 1
              }
            },
            {
              "batter": "CH Morris",
              "bowler": "RJ Peterson",
              "non_striker": "Q de Kock",
              "runs": {
                "batter": 1,
                "extras": 0,
                "total": 1
              }
            },
            {
              "batter": "Q de Kock",
              "bowler": "RJ Peterson",
              "non_striker": "CH Morris",
              "runs": {
                "batter": 0,
                "extras": 0,
                "total": 0
              },
              "wickets": [
                {
                  "player_out": "Q de Kock",
                  "fielders": [
                    {
                      "name": "DJ Vilas"
                    }
                  ],
                  "kind": "stumped"
                }
              ]
            },
            {
              "batter": "AM Phangiso",
              "bowler": "RJ Peterson",
              "non_striker": "CH Morris",
              "runs": {
                "batter": 0,
                "extras": 0,
                "total": 0
              }
            },
            {
              "batter": "AM Phangiso",
              "bowler": "RJ Peterson",
              "non_striker": "CH Morris",
              "runs": {
                "batter": 0,
                "extras": 0,
                "total": 0
              }
            },
            {
              "batter": "AM Phangiso",
              "bowler": "RJ Peterson",
              "non_striker": "CH Morris",
              "runs": {
                "batter": 0,
                "extras": 0,
                "total": 0
              }
            }
          ]
        },
        {
          "over": 13,
          "deliveries": [
            {
              "batter": "CH Morris",
              "bowler": "SP Narine",
              "non_striker": "AM Phangiso",
              "runs": {
                "batter": 2,
                "extras": 0,
                "total": 2
              }
            },
            {
              "batter": "CH Morris",
              "bowler": "SP Narine",
              "non_striker": "AM Phangiso",
              "runs": {
                "batter": 0,
                "extras": 0,
                "total": 0
              }
            },
            {
              "batter": "CH Morris",
              "bowler": "SP Narine",
              "non_striker": "AM Phangiso",
              "runs": {
                "batter": 4,
                "extras": 0,
                "total": 4
              }
            },
            {
              "batter": "CH Morris",
              "bowler": "SP Narine",
              "non_striker": "AM Phangiso",
              "runs": {
                "batter": 1,
                "extras": 0,
                "total": 1
              }
            },
            {
              "batter": "AM Phangiso",
              "bowler": "SP Narine",
              "non_striker": "CH Morris",
              "runs": {
                "batter": 0,
                "extras": 0,
                "total": 0
              }
            },
            {
              "batter": "AM Phangiso",
              "bowler": "SP Narine",
              "non_striker": "CH Morris",
              "runs": {
                "batter": 0,
                "extras": 0,
                "total": 0
              }
            }
          ]
        },
        {
          "over": 14,
          "deliveries": [
            {
              "batter": "CH Morris",
              "bowler": "RJ Peterson",
              "non_striker": "AM Phangiso",
              "runs": {
                "batter": 1,
                "extras": 0,
                "total": 1
              }
            },
            {
              "batter": "AM Phangiso",
              "bowler": "RJ Peterson",
              "non_striker": "CH Morris",
              "runs": {
                "batter": 0,
                "extras": 0,
                "total": 0
              }
            },
            {
              "batter": "AM Phangiso",
              "bowler": "RJ Peterson",
              "non_striker": "CH Morris",
              "runs": {
                "batter": 0,
                "extras": 0,
                "total": 0
              },
              "wickets": [
                {
                  "player_out": "AM Phangiso",
                  "kind": "lbw"
                }
              ]
            },
            {
              "batter": "GC Viljoen",
              "bowler": "RJ Peterson",
              "non_striker": "CH Morris",
              "runs": {
                "batter": 0,
                "extras": 0,
                "total": 0
              }
            },
            {
              "batter": "GC Viljoen",
              "bowler": "RJ Peterson",
              "non_striker": "CH Morris",
              "runs": {
                "batter": 0,
                "extras": 0,
                "total": 0
              }
            },
            {
              "batter": "GC Viljoen",
              "bowler": "RJ Peterson",
              "non_striker": "CH Morris",
              "runs": {
                "batter": 0,
                "extras": 0,
                "total": 0
              },
              "wickets": [
                {
                  "player_out": "GC Viljoen",
                  "kind": "lbw"
                }
              ]
            }
          ]
        },
        {
          "over": 15,
          "deliveries": [
            {
              "batter": "CH Morris",
              "bowler": "SP Narine",
              "non_striker": "P Matshikwe",
              "runs": {
                "batter": 0,
                "extras": 0,
                "total": 0
              }
            },
            {
              "batter": "CH Morris",
              "bowler": "SP Narine",
              "non_striker": "P Matshikwe",
              "runs": {
                "batter": 0,
                "extras": 0,
                "total": 0
              },
              "wickets": [
                {
                  "player_out": "P Matshikwe",
                  "fielders": [
                    {
                      "name": "SP Narine"
                    }
                  ],
                  "kind": "run out"
                }
              ]
            },
            {
              "batter": "CH Morris",
              "bowler": "SP Narine",
              "non_striker": "E Leie",
              "runs": {
                "batter": 0,
                "extras": 0,
                "total": 0
              }
            },
            {
              "batter": "CH Morris",
              "bowler": "SP Narine",
              "non_striker": "E Leie",
              "runs": {
                "batter": 6,
                "extras": 0,
                "total": 6
              }
            },
            {
              "batter": "CH Morris",
              "bowler": "SP Narine",
              "non_striker": "E Leie",
              "runs": {
                "batter": 6,
                "extras": 0,
                "total": 6
              }
            },
            {
              "batter": "CH Morris",
              "bowler": "SP Narine",
              "non_striker": "E Leie",
              "runs": {
                "batter": 0,
                "extras": 0,
                "total": 0
              }
            }
          ]
        },
        {
          "over": 16,
          "deliveries": [
            {
              "batter": "E Leie",
              "bowler": "RJ Peterson",
              "non_striker": "CH Morris",
              "runs": {
                "batter": 0,
                "extras": 0,
                "total": 0
              }
            },
            {
              "batter": "E Leie",
              "bowler": "RJ Peterson",
              "non_striker": "CH Morris",
              "runs": {
                "batter": 0,
                "extras": 0,
                "total": 0
              }
            },
            {
              "batter": "E Leie",
              "bowler": "RJ Peterson",
              "non_striker": "CH Morris",
              "runs": {
                "batter": 0,
                "extras": 0,
                "total": 0
              }
            },
            {
              "batter": "E Leie",
              "bowler": "RJ Peterson",
              "non_striker": "CH Morris",
              "runs": {
                "batter": 1,
                "extras": 0,
                "total": 1
              }
            },
            {
              "batter": "CH Morris",
              "bowler": "RJ Peterson",
              "extras": {
                "wides": 3
              },
              "non_striker": "E Leie",
              "runs": {
                "batter": 0,
                "extras": 3,
                "total": 3
              }
            },
            {
              "batter": "CH Morris",
              "bowler": "RJ Peterson",
              "non_striker": "E Leie",
              "runs": {
                "batter": 6,
                "extras": 0,
                "total": 6
              }
            },
            {
              "batter": "CH Morris",
              "bowler": "RJ Peterson",
              "non_striker": "E Leie",
              "runs": {
                "batter": 1,
                "extras": 0,
                "total": 1
              }
            }
          ]
        },
        {
          "over": 17,
          "deliveries": [
            {
              "batter": "CH Morris",
              "bowler": "BE Hendricks",
              "non_striker": "E Leie",
              "runs": {
                "batter": 0,
                "extras": 0,
                "total": 0
              },
              "wickets": [
                {
                  "player_out": "CH Morris",
                  "kind": "bowled"
                }
              ]
            }
          ]
        }
      ],
      "powerplays": [
        {
          "from": 0.1,
          "to": 5.6,
          "type": "mandatory"
        }
      ]
    },
    {
      "team": "Cape Cobras",
      "overs": [
        {
          "over": 0,
          "deliveries": [
            {
              "batter": "RE Levi",
              "bowler": "P Matshikwe",
              "non_striker": "DJ Vilas",
              "runs": {
                "batter": 0,
                "extras": 0,
                "total": 0
              }
            },
            {
              "batter": "RE Levi",
              "bowler": "P Matshikwe",
              "non_striker": "DJ Vilas",
              "runs": {
                "batter": 0,
                "extras": 0,
                "total": 0
              }
            },
            {
              "batter": "RE Levi",
              "bowler": "P Matshikwe",
              "non_striker": "DJ Vilas",
              "runs": {
                "batter": 0,
                "extras": 0,
                "total": 0
              }
            },
            {
              "batter": "RE Levi",
              "bowler": "P Matshikwe",
              "non_striker": "DJ Vilas",
              "runs": {
                "batter": 4,
                "extras": 0,
                "total": 4
              }
            },
            {
              "batter": "RE Levi",
              "bowler": "P Matshikwe",
              "non_striker": "DJ Vilas",
              "runs": {
                "batter": 2,
                "extras": 0,
                "total": 2
              }
            },
            {
              "batter": "RE Levi",
              "bowler": "P Matshikwe",
              "non_striker": "DJ Vilas",
              "runs": {
                "batter": 0,
                "extras": 0,
                "total": 0
              }
            }
          ]
        },
        {
          "over": 1,
          "deliveries": [
            {
              "batter": "DJ Vilas",
              "bowler": "CH Morris",
              "non_striker": "RE Levi",
              "runs": {
                "batter": 0,
                "extras": 0,
                "total": 0
              }
            },
            {
              "batter": "DJ Vilas",
              "bowler": "CH Morris",
              "non_striker": "RE Levi",
              "runs": {
                "batter": 1,
                "extras": 0,
                "total": 1
              }
            },
            {
              "batter": "RE Levi",
              "bowler": "CH Morris",
              "non_striker": "DJ Vilas",
              "runs": {
                "batter": 0,
                "extras": 0,
                "total": 0
              }
            },
            {
              "batter": "RE Levi",
              "bowler": "CH Morris",
              "non_striker": "DJ Vilas",
              "runs": {
                "batter": 0,
                "extras": 0,
                "total": 0
              }
            },
            {
              "batter": "RE Levi",
              "bowler": "CH Morris",
              "non_striker": "DJ Vilas",
              "runs": {
                "batter": 0,
                "extras": 0,
                "total": 0
              }
            },
            {
              "batter": "RE Levi",
              "bowler": "CH Morris",
              "non_striker": "DJ Vilas",
              "runs": {
                "batter": 6,
                "extras": 0,
                "total": 6
              }
            }
          ]
        },
        {
          "over": 2,
          "deliveries": [
            {
              "batter": "DJ Vilas",
              "bowler": "P Matshikwe",
              "non_striker": "RE Levi",
              "runs": {
                "batter": 0,
                "extras": 0,
                "total": 0
              }
            },
            {
              "batter": "DJ Vilas",
              "bowler": "P Matshikwe",
              "non_striker": "RE Levi",
              "runs": {
                "batter": 0,
                "extras": 0,
                "total": 0
              }
            },
            {
              "batter": "DJ Vilas",
              "bowler": "P Matshikwe",
              "non_striker": "RE Levi",
              "runs": {
                "batter": 0,
                "extras": 0,
                "total": 0
              }
            },
            {
              "batter": "DJ Vilas",
              "bowler": "P Matshikwe",
              "non_striker": "RE Levi",
              "runs": {
                "batter": 1,
                "extras": 0,
                "total": 1
              }
            },
            {
              "batter": "RE Levi",
              "bowler": "P Matshikwe",
              "non_striker": "DJ Vilas",
              "runs": {
                "batter": 6,
                "extras": 0,
                "total": 6
              }
            },
            {
              "batter": "RE Levi",
              "bowler": "P Matshikwe",
              "non_striker": "DJ Vilas",
              "runs": {
                "batter": 0,
                "extras": 0,
                "total": 0
              }
            }
          ]
        },
        {
          "over": 3,
          "deliveries": [
            {
              "batter": "DJ Vilas",
              "bowler": "CH Morris",
              "extras": {
                "legbyes": 1
              },
              "non_striker": "RE Levi",
              "runs": {
                "batter": 0,
                "extras": 1,
                "total": 1
              }
            },
            {
              "batter": "RE Levi",
              "bowler": "CH Morris",
              "non_striker": "DJ Vilas",
              "runs": {
                "batter": 0,
                "extras": 0,
                "total": 0
              }
            },
            {
              "batter": "RE Levi",
              "bowler": "CH Morris",
              "non_striker": "DJ Vilas",
              "runs": {
                "batter": 0,
                "extras": 0,
                "total": 0
              }
            },
            {
              "batter": "RE Levi",
              "bowler": "CH Morris",
              "non_striker": "DJ Vilas",
              "runs": {
                "batter": 0,
                "extras": 0,
                "total": 0
              }
            },
            {
              "batter": "RE Levi",
              "bowler": "CH Morris",
              "non_striker": "DJ Vilas",
              "runs": {
                "batter": 1,
                "extras": 0,
                "total": 1
              }
            },
            {
              "batter": "DJ Vilas",
              "bowler": "CH Morris",
              "non_striker": "RE Levi",
              "runs": {
                "batter": 0,
                "extras": 0,
                "total": 0
              }
            }
          ]
        },
        {
          "over": 4,
          "deliveries": [
            {
              "batter": "RE Levi",
              "bowler": "GC Viljoen",
              "non_striker": "DJ Vilas",
              "runs": {
                "batter": 1,
                "extras": 0,
                "total": 1
              }
            },
            {
              "batter": "DJ Vilas",
              "bowler": "GC Viljoen",
              "non_striker": "RE Levi",
              "runs": {
                "batter": 0,
                "extras": 0,
                "total": 0
              }
            },
            {
              "batter": "DJ Vilas",
              "bowler": "GC Viljoen",
              "non_striker": "RE Levi",
              "runs": {
                "batter": 1,
                "extras": 0,
                "total": 1
              }
            },
            {
              "batter": "RE Levi",
              "bowler": "GC Viljoen",
              "non_striker": "DJ Vilas",
              "runs": {
                "batter": 4,
                "extras": 0,
                "total": 4
              }
            },
            {
              "batter": "RE Levi",
              "bowler": "GC Viljoen",
              "non_striker": "DJ Vilas",
              "runs": {
                "batter": 0,
                "extras": 0,
                "total": 0
              },
              "wickets": [
                {
                  "player_out": "RE Levi",
                  "kind": "bowled"
                }
              ]
            },
            {
              "batter": "S van Zyl",
              "bowler": "GC Viljoen",
              "non_striker": "DJ Vilas",
              "runs": {
                "batter": 0,
                "extras": 0,
                "total": 0
              }
            }
          ]
        },
        {
          "over": 5,
          "deliveries": [
            {
              "batter": "DJ Vilas",
              "bowler": "P Matshikwe",
              "non_striker": "S van Zyl",
              "runs": {
                "batter": 0,
                "extras": 0,
                "total": 0
              }
            },
            {
              "batter": "DJ Vilas",
              "bowler": "P Matshikwe",
              "non_striker": "S van Zyl",
              "runs": {
                "batter": 1,
                "extras": 0,
                "total": 1
              }
            },
            {
              "batter": "S van Zyl",
              "bowler": "P Matshikwe",
              "non_striker": "DJ Vilas",
              "runs": {
                "batter": 1,
                "extras": 0,
                "total": 1
              }
            },
            {
              "batter": "DJ Vilas",
              "bowler": "P Matshikwe",
              "non_striker": "S van Zyl",
              "runs": {
                "batter": 0,
                "extras": 0,
                "total": 0
              }
            },
            {
              "batter": "DJ Vilas",
              "bowler": "P Matshikwe",
              "non_striker": "S van Zyl",
              "runs": {
                "batter": 0,
                "extras": 0,
                "total": 0
              }
            },
            {
              "batter": "DJ Vilas",
              "bowler": "P Matshikwe",
              "non_striker": "S van Zyl",
              "runs": {
                "batter": 0,
                "extras": 0,
                "total": 0
              }
            }
          ]
        },
        {
          "over": 6,
          "deliveries": [
            {
              "batter": "S van Zyl",
              "bowler": "GC Viljoen",
              "non_striker": "DJ Vilas",
              "runs": {
                "batter": 0,
                "extras": 0,
                "total": 0
              }
            },
            {
              "batter": "S van Zyl",
              "bowler": "GC Viljoen",
              "non_striker": "DJ Vilas",
              "runs": {
                "batter": 1,
                "extras": 0,
                "total": 1
              }
            },
            {
              "batter": "DJ Vilas",
              "bowler": "GC Viljoen",
              "non_striker": "S van Zyl",
              "runs": {
                "batter": 0,
                "extras": 0,
                "total": 0
              }
            },
            {
              "batter": "DJ Vilas",
              "bowler": "GC Viljoen",
              "non_striker": "S van Zyl",
              "runs": {
                "batter": 0,
                "extras": 0,
                "total": 0
              }
            },
            {
              "batter": "DJ Vilas",
              "bowler": "GC Viljoen",
              "non_striker": "S van Zyl",
              "runs": {
                "batter": 2,
                "extras": 0,
                "total": 2
              }
            },
            {
              "batter": "DJ Vilas",
              "bowler": "GC Viljoen",
              "extras": {
                "legbyes": 1
              },
              "non_striker": "S van Zyl",
              "runs": {
                "batter": 0,
                "extras": 1,
                "total": 1
              }
            }
          ]
        },
        {
          "over": 7,
          "deliveries": [
            {
              "batter": "DJ Vilas",
              "bowler": "CH Morris",
              "non_striker": "S van Zyl",
              "runs": {
                "batter": 0,
                "extras": 0,
                "total": 0
              }
            },
            {
              "batter": "DJ Vilas",
              "bowler": "CH Morris",
              "non_striker": "S van Zyl",
              "runs": {
                "batter": 6,
                "extras": 0,
                "total": 6
              }
            },
            {
              "batter": "DJ Vilas",
              "bowler": "CH Morris",
              "non_striker": "S van Zyl",
              "runs": {
                "batter": 0,
                "extras": 0,
                "total": 0
              }
            },
            {
              "batter": "DJ Vilas",
              "bowler": "CH Morris",
              "non_striker": "S van Zyl",
              "runs": {
                "batter": 2,
                "extras": 0,
                "total": 2
              }
            },
            {
              "batter": "DJ Vilas",
              "bowler": "CH Morris",
              "non_striker": "S van Zyl",
              "runs": {
                "batter": 1,
                "extras": 0,
                "total": 1
              }
            },
            {
              "batter": "S van Zyl",
              "bowler": "CH Morris",
              "non_striker": "DJ Vilas",
              "runs": {
                "batter": 0,
                "extras": 0,
                "total": 0
              }
            }
          ]
        },
        {
          "over": 8,
          "deliveries": [
            {
              "batter": "DJ Vilas",
              "bowler": "GC Viljoen",
              "non_striker": "S van Zyl",
              "runs": {
                "batter": 1,
                "extras": 0,
                "total": 1
              }
            },
            {
              "batter": "S van Zyl",
              "bowler": "GC Viljoen",
              "non_striker": "DJ Vilas",
              "runs": {
                "batter": 1,
                "extras": 0,
                "total": 1
              }
            },
            {
              "batter": "DJ Vilas",
              "bowler": "GC Viljoen",
              "non_striker": "S van Zyl",
              "runs": {
                "batter": 4,
                "extras": 0,
                "total": 4
              }
            },
            {
              "batter": "DJ Vilas",
              "bowler": "GC Viljoen",
              "non_striker": "S van Zyl",
              "runs": {
                "batter": 0,
                "extras": 0,
                "total": 0
              }
            },
            {
              "batter": "DJ Vilas",
              "bowler": "GC Viljoen",
              "non_striker": "S van Zyl",
              "runs": {
                "batter": 1,
                "extras": 0,
                "total": 1
              }
            },
            {
              "batter": "S van Zyl",
              "bowler": "GC Viljoen",
              "extras": {
                "wides": 1
              },
              "non_striker": "DJ Vilas",
              "runs": {
                "batter": 0,
                "extras": 1,
                "total": 1
              }
            },
            {
              "batter": "S van Zyl",
              "bowler": "GC Viljoen",
              "non_striker": "DJ Vilas",
              "runs": {
                "batter": 0,
                "extras": 0,
                "total": 0
              }
            }
          ]
        },
        {
          "over": 9,
          "deliveries": [
            {
              "batter": "DJ Vilas",
              "bowler": "AM Phangiso",
              "non_striker": "S van Zyl",
              "runs": {
                "batter": 3,
                "extras": 0,
                "total": 3
              }
            },
            {
              "batter": "S van Zyl",
              "bowler": "AM Phangiso",
              "non_striker": "DJ Vilas",
              "runs": {
                "batter": 0,
                "extras": 0,
                "total": 0
              }
            },
            {
              "batter": "S van Zyl",
              "bowler": "AM Phangiso",
              "non_striker": "DJ Vilas",
              "runs": {
                "batter": 0,
                "extras": 0,
                "total": 0
              }
            },
            {
              "batter": "S van Zyl",
              "bowler": "AM Phangiso",
              "non_striker": "DJ Vilas",
              "runs": {
                "batter": 0,
                "extras": 0,
                "total": 0
              }
            },
            {
              "batter": "S van Zyl",
              "bowler": "AM Phangiso",
              "non_striker": "DJ Vilas",
              "runs": {
                "batter": 0,
                "extras": 0,
                "total": 0
              }
            },
            {
              "batter": "S van Zyl",
              "bowler": "AM Phangiso",
              "non_striker": "DJ Vilas",
              "runs": {
                "batter": 1,
                "extras": 0,
                "total": 1
              }
            }
          ]
        },
        {
          "over": 10,
          "deliveries": [
            {
              "batter": "S van Zyl",
              "bowler": "D Pretorius",
              "non_striker": "DJ Vilas",
              "runs": {
                "batter": 4,
                "extras": 0,
                "total": 4
              }
            },
            {
              "batter": "S van Zyl",
              "bowler": "D Pretorius",
              "non_striker": "DJ Vilas",
              "runs": {
                "batter": 2,
                "extras": 0,
                "total": 2
              }
            },
            {
              "batter": "S van Zyl",
              "bowler": "D Pretorius",
              "non_striker": "DJ Vilas",
              "runs": {
                "batter": 4,
                "extras": 0,
                "total": 4
              }
            },
            {
              "batter": "S van Zyl",
              "bowler": "D Pretorius",
              "non_striker": "DJ Vilas",
              "runs": {
                "batter": 4,
                "extras": 0,
                "total": 4
              }
            },
            {
              "batter": "S van Zyl",
              "bowler": "D Pretorius",
              "non_striker": "DJ Vilas",
              "runs": {
                "batter": 2,
                "extras": 0,
                "total": 2
              }
            },
            {
              "batter": "S van Zyl",
              "bowler": "D Pretorius",
              "non_striker": "DJ Vilas",
              "runs": {
                "batter": 0,
                "extras": 0,
                "total": 0
              }
            }
          ]
        },
        {
          "over": 11,
          "deliveries": [
            {
              "batter": "DJ Vilas",
              "bowler": "AM Phangiso",
              "non_striker": "S van Zyl",
              "runs": {
                "batter": 0,
                "extras": 0,
                "total": 0
              }
            },
            {
              "batter": "DJ Vilas",
              "bowler": "AM Phangiso",
              "non_striker": "S van Zyl",
              "runs": {
                "batter": 2,
                "extras": 0,
                "total": 2
              }
            },
            {
              "batter": "DJ Vilas",
              "bowler": "AM Phangiso",
              "non_striker": "S van Zyl",
              "runs": {
                "batter": 0,
                "extras": 0,
                "total": 0
              },
              "wickets": [
                {
                  "player_out": "DJ Vilas",
                  "fielders": [
                    {
                      "name": "Q de Kock"
                    }
                  ],
                  "kind": "stumped"
                }
              ]
            },
            {
              "batter": "JL Ontong",
              "bowler": "AM Phangiso",
              "non_striker": "S van Zyl",
              "runs": {
                "batter": 3,
                "extras": 0,
                "total": 3
              }
            },
            {
              "batter": "S van Zyl",
              "bowler": "AM Phangiso",
              "extras": {
                "legbyes": 1
              },
              "non_striker": "JL Ontong",
              "runs": {
                "batter": 0,
                "extras": 1,
                "total": 1
              }
            },
            {
              "batter": "JL Ontong",
              "bowler": "AM Phangiso",
              "non_striker": "S van Zyl",
              "runs": {
                "batter": 1,
                "extras": 0,
                "total": 1
              }
            }
          ]
        },
        {
          "over": 12,
          "deliveries": [
            {
              "batter": "JL Ontong",
              "bowler": "CH Morris",
              "non_striker": "S van Zyl",
              "runs": {
                "batter": 0,
                "extras": 0,
                "total": 0
              }
            },
            {
              "batter": "JL Ontong",
              "bowler": "CH Morris",
              "non_striker": "S van Zyl",
              "runs": {
                "batter": 0,
                "extras": 0,
                "total": 0
              }
            },
            {
              "batter": "JL Ontong",
              "bowler": "CH Morris",
              "extras": {
                "legbyes": 1
              },
              "non_striker": "S van Zyl",
              "runs": {
                "batter": 0,
                "extras": 1,
                "total": 1
              }
            },
            {
              "batter": "S van Zyl",
              "bowler": "CH Morris",
              "non_striker": "JL Ontong",
              "runs": {
                "batter": 0,
                "extras": 0,
                "total": 0
              }
            },
            {
              "batter": "S van Zyl",
              "bowler": "CH Morris",
              "non_striker": "JL Ontong",
              "runs": {
                "batter": 0,
                "extras": 0,
                "total": 0
              }
            },
            {
              "batter": "S van Zyl",
              "bowler": "CH Morris",
              "extras": {
                "legbyes": 1
              },
              "non_striker": "JL Ontong",
              "runs": {
                "batter": 0,
                "extras": 1,
                "total": 1
              }
            }
          ]
        },
        {
          "over": 13,
          "deliveries": [
            {
              "batter": "S van Zyl",
              "bowler": "AM Phangiso",
              "non_striker": "JL Ontong",
              "runs": {
                "batter": 2,
                "extras": 0,
                "total": 2
              }
            },
            {
              "batter": "S van Zyl",
              "bowler": "AM Phangiso",
              "non_striker": "JL Ontong",
              "runs": {
                "batter": 2,
                "extras": 0,
                "total": 2
              }
            },
            {
              "batter": "S van Zyl",
              "bowler": "AM Phangiso",
              "non_striker": "JL Ontong",
              "runs": {
                "batter": 0,
                "extras": 0,
                "total": 0
              }
            },
            {
              "batter": "S van Zyl",
              "bowler": "AM Phangiso",
              "non_striker": "JL Ontong",
              "runs": {
                "batter": 0,
                "extras": 0,
                "total": 0
              },
              "wickets": [
                {
                  "player_out": "S van Zyl",
                  "fielders": [
                    {
                      "name": "ND McKenzie"
                    }
                  ],
                  "kind": "caught"
                }
              ]
            },
            {
              "batter": "JP Duminy",
              "bowler": "AM Phangiso",
              "non_striker": "JL Ontong",
              "runs": {
                "batter": 2,
                "extras": 0,
                "total": 2
              }
            },
            {
              "batter": "JP Duminy",
              "bowler": "AM Phangiso",
              "non_striker": "JL Ontong",
              "runs": {
                "batter": 1,
                "extras": 0,
                "total": 1
              }
            }
          ]
        },
        {
          "over": 14,
          "deliveries": [
            {
              "batter": "JP Duminy",
              "bowler": "E Leie",
              "non_striker": "JL Ontong",
              "runs": {
                "batter": 0,
                "extras": 0,
                "total": 0
              }
            },
            {
              "batter": "JP Duminy",
              "bowler": "E Leie",
              "non_striker": "JL Ontong",
              "runs": {
                "batter": 0,
                "extras": 0,
                "total": 0
              }
            },
            {
              "batter": "JP Duminy",
              "bowler": "E Leie",
              "non_striker": "JL Ontong",
              "runs": {
                "batter": 6,
                "extras": 0,
                "total": 6
              }
            },
            {
              "batter": "JP Duminy",
              "bowler": "E Leie",
              "non_striker": "JL Ontong",
              "runs": {
                "batter": 1,
                "extras": 0,
                "total": 1
              }
            },
            {
              "batter": "JL Ontong",
              "bowler": "E Leie",
              "non_striker": "JP Duminy",
              "runs": {
                "batter": 1,
                "extras": 0,
                "total": 1
              }
            },
            {
              "batter": "JP Duminy",
              "bowler": "E Leie",
              "non_striker": "JL Ontong",
              "runs": {
                "batter": 0,
                "extras": 0,
                "total": 0
              }
            }
          ]
        },
        {
          "over": 15,
          "deliveries": [
            {
              "batter": "JL Ontong",
              "bowler": "AM Phangiso",
              "non_striker": "JP Duminy",
              "runs": {
                "batter": 2,
                "extras": 0,
                "total": 2
              }
            },
            {
              "batter": "JL Ontong",
              "bowler": "AM Phangiso",
              "non_striker": "JP Duminy",
              "runs": {
                "batter": 4,
                "extras": 0,
                "total": 4
              }
            },
            {
              "batter": "JL Ontong",
              "bowler": "AM Phangiso",
              "non_striker": "JP Duminy",
              "runs": {
                "batter": 2,
                "extras": 0,
                "total": 2
              }
            }
          ]
        }
      ],
      "powerplays": [
        {
          "from": 0.1,
          "to": 5.6,
          "type": "mandatory"
        }
      ],
      "target": {
        "overs": 20,
        "runs": 103
      }
    }
  ]
}