{
  "meta": {
    "data_version": "1.1.0",
    "created": "2022-04-03",
    "revision": 1
  },
  "info": {
    "balls_per_over": 6,
    "city": "Cape Town",
    "dates": [
      "2014-02-02"
    ],
    "event": {
      "name": "Ram Slam T20 Challenge"
    },
    "gender": "male",
    "match_type": "T20",
    "officials": {
      "match_referees": [
        "A Barnes"
      ],
      "reserve_umpires": [
        "MW Brown"
      ],
      "tv_umpires": [
        "EC Hendrikse"
      ],
      "umpires": [
        "BP Jele",
        "IL Howell"
      ]
    },
    "outcome": {
      "winner": "Cape Cobras",
      "by": {
        "wickets": 6
      }
    },
    "overs": 20,
    "player_of_match": [
      "JM Kemp",
      "JP Duminy"
    ],
    "players": {
      "Warriors": [
        "JT Smuts",
        "DJ Jacobs",
        "AG Prince",
        "CA Ingram",
        "C Jonker",
        "RT Bailey",
        "WD Parnell",
        "SR Harmer",
        "ACR Birch",
        "J Theron",
        "L Mbane"
      ],
      "Cape Cobras": [
        "RE Levi",
        "DJ Vilas",
        "S van Zyl",
        "JP Duminy",
        "JL Ontong",
        "JM Kemp",
        "RJ Peterson",
        "VD Philander",
        "SP Narine",
        "A Mgijima",
        "BE Hendricks"
      ]
    },
    "registry": {
      "people": {
        "A Barnes": "f9607922",
        "A Mgijima": "955e8e86",
        "ACR Birch": "9df3a2f4",
        "AG Prince": "035cb925",
        "BE Hendricks": "b56dc5f7",
        "BP Jele": "7bb1331e",
        "C Jonker": "a81d6706",
        "CA Ingram": "c995d726",
        "DJ Jacobs": "a84468fe",
        "DJ Vilas": "087210b1",
        "EC Hendrikse": "3f2996c9",
        "IL Howell": "c1cd91c3",
        "J Theron": "dec8e038",
        "JL Ontong": "55f33b32",
        "JM Kemp": "6581d753",
        "JP Duminy": "2e8994e7",
        "JT Smuts": "42172c3c",
        "L Mbane": "ca322fd6",
        "MW Brown": "d83d7796",
        "RE Levi": "18c78b11",
        "RJ Peterson": "26ff4c29",
        "RT Bailey": "93a751e8",
        "S van Zyl": "f4dfcbb4",
        "SP Narine": "9d430b40",
        "SR Harmer": "23638956",
        "VD Philander": "cfe70281",
        "WD Parnell": "3a60e0b5"
      }
    },
    "season": "2013/14",
    "team_type": "club",
    "teams": [
      "Warriors",
      "Cape Cobras"
    ],
    "toss": {
      "decision": "bat",
      "winner": "Warriors"
    },
    "venue": "Newlands, Cape Town"
  },
  "innings": [
    {
      "team": "Warriors",
      "overs": [
        {
          "over": 0,
          "deliveries": [
            {
              "batter": "JT Smuts",
              "bowler": "BE Hendricks",
              "non_striker": "DJ Jacobs",
              "runs": {
                "batter": 0,
                "extras": 0,
                "total": 0
              }
            },
            {
              "batter": "JT Smuts",
              "bowler": "BE Hendricks",
              "non_striker": "DJ Jacobs",
              "runs": {
                "batter": 0,
                "extras": 0,
                "total": 0
              }
            },
            {
              "batter": "JT Smuts",
              "bowler": "BE Hendricks",
              "non_striker": "DJ Jacobs",
              "runs": {
                "batter": 0,
                "extras": 0,
                "total": 0
              }
            },
            {
              "batter": "JT Smuts",
              "bowler": "BE Hendricks",
              "non_striker": "DJ Jacobs",
              "runs": {
                "batter": 0,
                "extras": 0,
                "total": 0
              }
            },
            {
              "batter": "JT Smuts",
              "bowler": "BE Hendricks",
              "non_striker": "DJ Jacobs",
              "runs": {
                "batter": 0,
                "extras": 0,
                "total": 0
              },
              "wickets": [
                {
                  "player_out": "JT Smuts",
                  "kind": "lbw"
                }
              ]
            },
            {
              "batter": "AG Prince",
              "bowler": "BE Hendricks",
              "non_striker": "DJ Jacobs",
              "runs": {
                "batter": 0,
                "extras": 0,
                "total": 0
              }
            }
          ]
        },
        {
          "over": 1,
          "deliveries": [
            {
              "batter": "DJ Jacobs",
              "bowler": "VD Philander",
              "non_striker": "AG Prince",
              "runs": {
                "batter": 1,
                "extras": 0,
                "total": 1
              }
            },
            {
              "batter": "AG Prince",
              "bowler": "VD Philander",
              "non_striker": "DJ Jacobs",
              "runs": {
                "batter": 1,
                "extras": 0,
                "total": 1
              }
            },
            {
              "batter": "DJ Jacobs",
              "bowler": "VD Philander",
              "non_striker": "AG Prince",
              "runs": {
                "batter": 4,
                "extras": 0,
                "total": 4
              }
            },
            {
              "batter": "DJ Jacobs",
              "bowler": "VD Philander",
              "non_striker": "AG Prince",
              "runs": {
                "batter": 4,
                "extras": 0,
                "total": 4
              }
            },
            {
              "batter": "DJ Jacobs",
              "bowler": "VD Philander",
              "non_striker": "AG Prince",
              "runs": {
                "batter": 1,
                "extras": 0,
                "total": 1
              }
            },
            {
              "batter": "AG Prince",
              "bowler": "VD Philander",
              "non_striker": "DJ Jacobs",
              "runs": {
                "batter": 0,
                "extras": 0,
                "total": 0
              }
            }
          ]
        },
        {
          "over": 2,
          "deliveries": [
            {
              "batter": "DJ Jacobs",
              "bowler": "BE Hendricks",
              "non_striker": "AG Prince",
              "runs": {
                "batter": 0,
                "extras": 0,
                "total": 0
              }
            },
            {
              "batter": "DJ Jacobs",
              "bowler": "BE Hendricks",
              "non_striker": "AG Prince",
              "runs": {
                "batter": 4,
                "extras": 0,
                "total": 4
              }
            },
            {
              "batter": "DJ Jacobs",
              "bowler": "BE Hendricks",
              "non_striker": "AG Prince",
              "runs": {
                "batter": 4,
                "extras": 0,
                "total": 4
              }
            },
            {
              "batter": "DJ Jacobs",
              "bowler": "BE Hendricks",
              "non_striker": "AG Prince",
              "runs": {
                "batter": 4,
                "extras": 0,
                "total": 4
              }
            },
            {
              "batter": "DJ Jacobs",
              "bowler": "BE Hendricks",
              "non_striker": "AG Prince",
              "runs": {
                "batter": 6,
                "extras": 0,
                "total": 6
              }
            },
            {
              "batter": "DJ Jacobs",
              "bowler": "BE Hendricks",
              "non_striker": "AG Prince",
              "runs": {
                "batter": 1,
                "extras": 0,
                "total": 1
              }
            }
          ]
        },
        {
          "over": 3,
          "deliveries": [
            {
              "batter": "DJ Jacobs",
              "bowler": "VD Philander",
              "non_striker": "AG Prince",
              "runs": {
                "batter": 0,
                "extras": 0,
                "total": 0
              }
            },
            {
              "batter": "DJ Jacobs",
              "bowler": "VD Philander",
              "non_striker": "AG Prince",
              "runs": {
                "batter": 1,
                "extras": 0,
                "total": 1
              }
            },
            {
              "batter": "AG Prince",
              "bowler": "VD Philander",
              "non_striker": "DJ Jacobs",
              "runs": {
                "batter": 1,
                "extras": 0,
                "total": 1
              }
            },
            {
              "batter": "DJ Jacobs",
              "bowler": "VD Philander",
              "non_striker": "AG Prince",
              "runs": {
                "batter": 1,
                "extras": 0,
                "total": 1
              }
            },
            {
              "batter": "AG Prince",
              "bowler": "VD Philander",
              "non_striker": "DJ Jacobs",
              "runs": {
                "batter": 0,
                "extras": 0,
                "total": 0
              }
            },
            {
              "batter": "AG Prince",
              "bowler": "VD Philander",
              "non_striker": "DJ Jacobs",
              "runs": {
                "batter": 4,
                "extras": 0,
                "total": 4
              }
            }
          ]
        },
        {
          "over": 4,
          "deliveries": [
            {
              "batter": "DJ Jacobs",
              "bowler": "SP Narine",
              "non_striker": "AG Prince",
              "runs": {
                "batter": 2,
                "extras": 0,
                "total": 2
              }
            },
            {
              "batter": "DJ Jacobs",
              "bowler": "SP Narine",
              "non_striker": "AG Prince",
              "runs": {
                "batter": 0,
                "extras": 0,
                "total": 0
              },
              "wickets": [
                {
                  "player_out": "DJ Jacobs",
                  "kind": "lbw"
                }
              ]
            },
            {
              "batter": "CA Ingram",
              "bowler": "SP Narine",
              "non_striker": "AG Prince",
              "runs": {
                "batter": 0,
                "extras": 0,
                "total": 0
              }
            },
            {
              "batter": "CA Ingram",
              "bowler": "SP Narine",
              "non_striker": "AG Prince",
              "runs": {
                "batter": 0,
                "extras": 0,
                "total": 0
              }
            },
            {
              "batter": "CA Ingram",
              "bowler": "SP Narine",
              "non_striker": "AG Prince",
              "runs": {
                "batter": 0,
                "extras": 0,
                "total": 0
              }
            },
            {
              "batter": "CA Ingram",
              "bowler": "SP Narine",
              "non_striker": "AG Prince",
              "runs": {
                "batter": 1,
                "extras": 0,
                "total": 1
              }
            }
          ]
        },
        {
          "over": 5,
          "deliveries": [
            {
              "batter": "CA Ingram",
              "bowler": "JM Kemp",
              "non_striker": "AG Prince",
              "runs": {
                "batter": 0,
                "extras": 0,
                "total": 0
              }
            },
            {
              "batter": "CA Ingram",
              "bowler": "JM Kemp",
              "non_striker": "AG Prince",
              "runs": {
                "batter": 0,
                "extras": 0,
                "total": 0
              }
            },
            {
              "batter": "CA Ingram",
              "bowler": "JM Kemp",
              "non_striker": "AG Prince",
              "runs": {
                "batter": 1,
                "extras": 0,
                "total": 1
              }
            },
            {
              "batter": "AG Prince",
              "bowler": "JM Kemp",
              "non_striker": "CA Ingram",
              "runs": {
                "batter": 0,
                "extras": 0,
                "total": 0
              }
            },
            {
              "batter": "AG Prince",
              "bowler": "JM Kemp",
              "non_striker": "CA Ingram",
              "runs": {
                "batter": 0,
                "extras": 0,
                "total": 0
              }
            },
            {
              "batter": "AG Prince",
              "bowler": "JM Kemp",
              "non_striker": "CA Ingram",
              "runs": {
                "batter": 1,
                "extras": 0,
                "total": 1
              }
            }
          ]
        },
        {
          "over": 6,
          "deliveries": [
            {
              "batter": "AG Prince",
              "bowler": "JP Duminy",
              "non_striker": "CA Ingram",
              "runs": {
                "batter": 0,
                "extras": 0,
                "total": 0
              }
            },
            {
              "batter": "AG Prince",
              "bowler": "JP Duminy",
              "non_striker": "CA Ingram",
              "runs": {
                "batter": 1,
                "extras": 0,
                "total": 1
              }
            },
            {
              "batter": "CA Ingram",
              "bowler": "JP Duminy",
              "non_striker": "AG Prince",
              "runs": {
                "batter": 1,
                "extras": 0,
                "total": 1
              }
            },
            {
              "batter": "AG Prince",
              "bowler": "JP Duminy",
              "non_striker": "CA Ingram",
              "runs": {
                "batter": 1,
                "extras": 0,
                "total": 1
              }
            },
            {
              "batter": "CA Ingram",
              "bowler": "JP Duminy",
              "non_striker": "AG Prince",
              "runs": {
                "batter": 4,
                "extras": 0,
                "total": 4
              }
            },
            {
              "batter": "CA Ingram",
              "bowler": "JP Duminy",
              "non_striker": "AG Prince",
              "runs": {
                "batter": 1,
                "extras": 0,
                "total": 1
              }
            }
          ]
        },
        {
          "over": 7,
          "deliveries": [
            {
              "batter": "CA Ingram",
              "bowler": "JM Kemp",
              "non_striker": "AG Prince",
              "runs": {
                "batter": 1,
                "extras": 0,
                "total": 1
              }
            },
            {
              "batter": "AG Prince",
              "bowler": "JM Kemp",
              "non_striker": "CA Ingram",
              "runs": {
                "batter": 0,
                "extras": 0,
                "total": 0
              }
            },
            {
              "batter": "AG Prince",
              "bowler": "JM Kemp",
              "non_striker": "CA Ingram",
              "runs": {
                "batter": 1,
                "extras": 0,
                "total": 1
              }
            },
            {
              "batter": "CA Ingram",
              "bowler": "JM Kemp",
              "non_striker": "AG Prince",
              "runs": {
                "batter": 0,
                "extras": 0,
                "total": 0
              }
            },
            {
              "batter": "CA Ingram",
              "bowler": "JM Kemp",
              "non_striker": "AG Prince",
              "runs": {
                "batter": 2,
                "extras": 0,
                "total": 2
              }
            },
            {
              "batter": "CA Ingram",
              "bowler": "JM Kemp",
              "non_striker": "AG Prince",
              "runs": {
                "batter": 0,
                "extras": 0,
                "total": 0
              },
              "wickets": [
                {
                  "player_out": "CA Ingram",
                  "kind": "caught and bowled"
                }
              ]
            }
          ]
        },
        {
          "over": 8,
          "deliveries": [
            {
              "batter": "AG Prince",
              "bowler": "RJ Peterson",
              "non_striker": "C Jonker",
              "runs": {
                "batter": 2,
                "extras": 0,
                "total": 2
              }
            },
            {
              "batter": "AG Prince",
              "bowler": "RJ Peterson",
              "non_striker": "C Jonker",
              "runs": {
                "batter": 1,
                "extras": 0,
                "total": 1
              }
            },
            {
              "batter": "C Jonker",
              "bowler": "RJ Peterson",
              "non_striker": "AG Prince",
              "runs": {
                "batter": 0,
                "extras": 0,
                "total": 0
              }
            },
            {
              "batter": "C Jonker",
              "bowler": "RJ Peterson",
              "non_striker": "AG Prince",
              "runs": {
                "batter": 0,
                "extras": 0,
                "total": 0
              }
            },
            {
              "batter": "C Jonker",
              "bowler": "RJ Peterson",
              "extras": {
                "wides": 1
              },
              "non_striker": "AG Prince",
              "runs": {
                "batter": 0,
                "extras": 1,
                "total": 1
              }
            },
            {
              "batter": "C Jonker",
              "bowler": "RJ Peterson",
              "non_striker": "AG Prince",
              "runs": {
                "batter": 1,
                "extras": 0,
                "total": 1
              }
            },
            {
              "batter": "AG Prince",
              "bowler": "RJ Peterson",
              "non_striker": "C Jonker",
              "runs": {
                "batter": 2,
                "extras": 0,
                "total": 2
              }
            }
          ]
        },
        {
          "over": 9,
          "deliveries": [
            {
              "batter": "C Jonker",
              "bowler": "JM Kemp",
              "non_striker": "AG Prince",
              "runs": {
                "batter": 0,
                "extras": 0,
                "total": 0
              }
            },
            {
              "batter": "C Jonker",
              "bowler": "JM Kemp",
              "non_striker": "AG Prince",
              "runs": {
                "batter": 0,
                "extras": 0,
                "total": 0
              }
            },
            {
              "batter": "C Jonker",
              "bowler": "JM Kemp",
              "non_striker": "AG Prince",
              "runs": {
                "batter": 1,
                "extras": 0,
                "total": 1
              }
            },
            {
              "batter": "AG Prince",
              "bowler": "JM Kemp",
              "non_striker": "C Jonker",
              "runs": {
                "batter": 1,
                "extras": 0,
                "total": 1
              }
            },
            {
              "batter": "C Jonker",
              "bowler": "JM Kemp",
              "extras": {
                "legbyes": 2
              },
              "non_striker": "AG Prince",
              "runs": {
                "batter": 0,
                "extras": 2,
                "total": 2
              }
            },
            {
              "batter": "C Jonker",
              "bowler": "JM Kemp",
              "non_striker": "AG Prince",
              "runs": {
                "batter": 1,
                "extras": 0,
                "total": 1
              }
            }
          ]
        },
        {
          "over": 10,
          "deliveries": [
            {
              "batter": "C Jonker",
              "bowler": "JP Duminy",
              "non_striker": "AG Prince",
              "runs": {
                "batter": 1,
                "extras": 0,
                "total": 1
              }
            },
            {
              "batter": "AG Prince",
              "bowler": "JP Duminy",
              "non_striker": "C Jonker",
              "runs": {
                "batter": 1,
                "extras": 0,
                "total": 1
              }
            },
            {
              "batter": "C Jonker",
              "bowler": "JP Duminy",
              "non_striker": "AG Prince",
              "runs": {
                "batter": 6,
                "extras": 0,
                "total": 6
              }
            },
            {
              "batter": "C Jonker",
              "bowler": "JP Duminy",
              "non_striker": "AG Prince",
              "runs": {
                "batter": 6,
                "extras": 0,
                "total": 6
              }
            },
            {
              "batter": "C Jonker",
              "bowler": "JP Duminy",
              "non_striker": "AG Prince",
              "runs": {
                "batter": 1,
                "extras": 0,
                "total": 1
              }
            },
            {
              "batter": "AG Prince",
              "bowler": "JP Duminy",
              "non_striker": "C Jonker",
              "runs": {
                "batter": 0,
                "extras": 0,
                "total": 0
              },
              "wickets": [
                {
                  "player_out": "AG Prince",
                  "kind": "bowled"
                }
              ]
            }
          ]
        },
        {
          "over": 11,
          "deliveries": [
            {
              "batter": "C Jonker",
              "bowler": "JM Kemp",
              "non_striker": "RT Bailey",
              "runs": {
                "batter": 0,
                "extras": 0,
                "total": 0
              },
              "wickets": [
                {
                  "player_out": "RT Bailey",
                  "fielders": [
                    {
                      "name": "JP Duminy"
                    },
                    {
                      "name": "JM Kemp"
                    }
                  ],
                  "kind": "run out"
                }
              ]
            },
            {
              "batter": "C Jonker",
              "bowler": "JM Kemp",
              "non_striker": "WD Parnell",
              "runs": {
                "batter": 0,
                "extras": 0,
                "total": 0
              }
            },
            {
              "batter": "C Jonker",
              "bowler": "JM Kemp",
              "non_striker": "WD Parnell",
              "runs": {
                "batter": 0,
                "extras": 0,
                "total": 0
              }
            },
            {
              "batter": "C Jonker",
              "bowler": "JM Kemp",
              "non_striker": "WD Parnell",
              "runs": {
                "batter": 1,
                "extras": 0,
                "total": 1
              }
            },
            {
              "batter": "WD Parnell",
              "bowler": "JM Kemp",
              "non_striker": "C Jonker",
              "runs": {
                "batter": 1,
                "extras": 0,
                "total": 1
              }
            },
            {
              "batter": "C Jonker",
              "bowler": "JM Kemp",
              "non_striker": "WD Parnell",
              "runs": {
                "batter": 0,
                "extras": 0,
                "total": 0
              }
            }
          ]
        },
        {
          "over": 12,
          "deliveries": [
            {
              "batter": "WD Parnell",
              "bowler": "SP Narine",
              "non_striker": "C Jonker",
              "runs": {
                "batter": 1,
                "extras": 0,
                "total": 1
              }
            },
            {
              "batter": "C Jonker",
              "bowler": "SP Narine",
              "non_striker": "WD Parnell",
              "runs": {
                "batter": 1,
                "extras": 0,
                "total": 1
              }
            },
            {
              "batter": "WD Parnell",
              "bowler": "SP Narine",
              "non_striker": "C Jonker",
              "runs": {
                "batter": 1,
                "extras": 0,
                "total": 1
              }
            },
            {
              "batter": "C Jonker",
              "bowler": "SP Narine",
              "non_striker": "WD Parnell",
              "runs": {
                "batter": 0,
                "extras": 0,
                "total": 0
              }
            },
            {
              "batter": "C Jonker",
              "bowler": "SP Narine",
              "extras": {
                "legbyes": 1
              },
              "non_striker": "WD Parnell",
              "runs": {
                "batter": 0,
                "extras": 1,
                "total": 1
              }
            },
            {
              "batter": "WD Parnell",
              "bowler": "SP Narine",
              "non_striker": "C Jonker",
              "runs": {
                "batter": 1,
                "extras": 0,
                "total": 1
              }
            }
          ]
        },
        {
          "over": 13,
          "deliveries": [
            {
              "batter": "WD Parnell",
              "bowler": "VD Philander",
              "non_striker": "C Jonker",
              "runs": {
                "batter": 1,
                "extras": 0,
                "total": 1
              }
            },
            {
              "batter": "C Jonker",
              "bowler": "VD Philander",
              "non_striker": "WD Parnell",
              "runs": {
                "batter": 1,
                "extras": 0,
                "total": 1
              }
            },
            {
              "batter": "WD Parnell",
              "bowler": "VD Philander",
              "non_striker": "C Jonker",
              "runs": {
                "batter": 0,
                "extras": 0,
                "total": 0
              }
            },
            {
              "batter": "WD Parnell",
              "bowler": "VD Philander",
              "non_striker": "C Jonker",
              "runs": {
                "batter": 0,
                "extras": 0,
                "total": 0
              }
            },
            {
              "batter": "WD Parnell",
              "bowler": "VD Philander",
              "non_striker": "C Jonker",
              "runs": {
                "batter": 4,
                "extras": 0,
                "total": 4
              }
            },
            {
              "batter": "WD Parnell",
              "bowler": "VD Philander",
              "non_striker": "C Jonker",
              "runs": {
                "batter": 0,
                "extras": 0,
                "total": 0
              }
            }
          ]
        },
        {
          "over": 14,
          "deliveries": [
            {
              "batter": "C Jonker",
              "bowler": "RJ Peterson",
              "non_striker": "WD Parnell",
              "runs": {
                "batter": 1,
                "extras": 0,
                "total": 1
              }
            },
            {
              "batter": "WD Parnell",
              "bowler": "RJ Peterson",
              "non_striker": "C Jonker",
              "runs": {
                "batter": 1,
                "extras": 0,
                "total": 1
              }
            },
            {
              "batter": "C Jonker",
              "bowler": "RJ Peterson",
              "non_striker": "WD Parnell",
              "runs": {
                "batter": 1,
                "extras": 0,
                "total": 1
              }
            },
            {
              "batter": "WD Parnell",
              "bowler": "RJ Peterson",
              "non_striker": "C Jonker",
              "runs": {
                "batter": 6,
                "extras": 0,
                "total": 6
              }
            },
            {
              "batter": "WD Parnell",
              "bowler": "RJ Peterson",
              "non_striker": "C Jonker",
              "runs": {
                "batter": 0,
                "extras": 0,
                "total": 0
              }
            },
            {
              "batter": "WD Parnell",
              "bowler": "RJ Peterson",
              "non_striker": "C Jonker",
              "runs": {
                "batter": 1,
                "extras": 0,
                "total": 1
              }
            }
          ]
        },
        {
          "over": 15,
          "deliveries": [
            {
              "batter": "WD Parnell",
              "bowler": "BE Hendricks",
              "non_striker": "C Jonker",
              "runs": {
                "batter": 1,
                "extras": 0,
                "total": 1
              }
            },
            {
              "batter": "C Jonker",
              "bowler": "BE Hendricks",
              "non_striker": "WD Parnell",
              "runs": {
                "batter": 0,
                "extras": 0,
                "total": 0
              },
              "wickets": [
                {
                  "player_out": "C Jonker",
                  "fielders": [
                    {
                      "name": "RJ Peterson"
                    }
                  ],
                  "kind": "caught"
                }
              ]
            },
            {
              "batter": "WD Parnell",
              "bowler": "BE Hendricks",
              "non_striker": "SR Harmer",
              "runs": {
                "batter": 4,
                "extras": 0,
                "total": 4
              }
            },
            {
              "batter": "WD Parnell",
              "bowler": "BE Hendricks",
              "non_striker": "SR Harmer",
              "runs": {
                "batter": 0,
                "extras": 0,
                "total": 0
              }
            },
            {
              "batter": "WD Parnell",
              "bowler": "BE Hendricks",
              "non_striker": "SR Harmer",
              "runs": {
                "batter": 4,
                "extras": 0,
                "total": 4
              }
            },
            {
              "batter": "WD Parnell",
              "bowler": "BE Hendricks",
              "extras": {
                "wides": 1
              },
              "non_striker": "SR Harmer",
              "runs": {
                "batter": 0,
                "extras": 1,
                "total": 1
              }
            },
            {
              "batter": "WD Parnell",
              "bowler": "BE Hendricks",
              "non_striker": "SR Harmer",
              "runs": {
                "batter": 1,
                "extras": 0,
                "total": 1
              }
            }
          ]
        },
        {
          "over": 16,
          "deliveries": [
            {
              "batter": "WD Parnell",
              "bowler": "SP Narine",
              "non_striker": "SR Harmer",
              "runs": {
                "batter": 0,
                "extras": 0,
                "total": 0
              }
            },
            {
              "batter": "WD Parnell",
              "bowler": "SP Narine",
              "non_striker": "SR Harmer",
              "runs": {
                "batter": 0,
                "extras": 0,
                "total": 0
              },
              "wickets": [
                {
                  "player_out": "WD Parnell",
                  "kind": "bowled"
                }
              ]
            },
            {
              "batter": "ACR Birch",
              "bowler": "SP Narine",
              "non_striker": "SR Harmer",
              "runs": {
                "batter": 4,
                "extras": 0,
                "total": 4
              }
            },
            {
              "batter": "ACR Birch",
              "bowler": "SP Narine",
              "non_striker": "SR Harmer",
              "runs": {
                "batter": 1,
                "extras": 0,
                "total": 1
              }
            },
            {
              "batter": "SR Harmer",
              "bowler": "SP Narine",
              "non_striker": "ACR Birch",
              "runs": {
                "batter": 0,
                "extras": 0,
                "total": 0
              }
            },
            {
              "batter": "SR Harmer",
              "bowler": "SP Narine",
              "non_striker": "ACR Birch",
              "runs": {
                "batter": 0,
                "extras": 0,
                "total": 0
              }
            }
          ]
        },
        {
          "over": 17,
          "deliveries": [
            {
              "batter": "ACR Birch",
              "bowler": "VD Philander",
              "non_striker": "SR Harmer",
              "runs": {
                "batter": 1,
                "extras": 0,
                "total": 1
              }
            },
            {
              "batter": "SR Harmer",
              "bowler": "VD Philander",
              "non_striker": "ACR Birch",
              "runs": {
                "batter": 1,
                "extras": 0,
                "total": 1
              }
            },
            {
              "batter": "ACR Birch",
              "bowler": "VD Philander",
              "non_striker": "SR Harmer",
              "runs": {
                "batter": 4,
                "extras": 0,
                "total": 4
              }
            },
            {
              "batter": "ACR Birch",
              "bowler": "VD Philander",
              "non_striker": "SR Harmer",
              "runs": {
                "batter": 0,
                "extras": 0,
                "total": 0
              }
            },
            {
              "batter": "ACR Birch",
              "bowler": "VD Philander",
              "non_striker": "SR Harmer",
              "runs": {
                "batter": 0,
                "extras": 0,
                "total": 0
              }
            },
            {
              "batter": "ACR Birch",
              "bowler": "VD Philander",
              "non_striker": "SR Harmer",
              "runs": {
                "batter": 1,
                "extras": 0,
                "total": 1
              }
            }
          ]
        },
        {
          "over": 18,
          "deliveries": [
            {
              "batter": "ACR Birch",
              "bowler": "SP Narine",
              "non_striker": "SR Harmer",
              "runs": {
                "batter": 0,
                "extras": 0,
                "total": 0
              }
            },
            {
              "batter": "ACR Birch",
              "bowler": "SP Narine",
              "non_striker": "SR Harmer",
              "runs": {
                "batter": 6,
                "extras": 0,
                "total": 6
              }
            },
            {
              "batter": "ACR Birch",
              "bowler": "SP Narine",
              "non_striker": "SR Harmer",
              "runs": {
                "batter": 0,
                "extras": 0,
                "total": 0
              }
            },
            {
              "batter": "ACR Birch",
              "bowler": "SP Narine",
              "non_striker": "SR Harmer",
              "runs": {
                "batter": 1,
                "extras": 0,
                "total": 1
              }
            },
            {
              "batter": "SR Harmer",
              "bowler": "SP Narine",
              "non_striker": "ACR Birch",
              "runs": {
                "batter": 1,
                "extras": 0,
                "total": 1
              }
            },
            {
              "batter": "ACR Birch",
              "bowler": "SP Narine",
              "extras": {
                "byes": 1
              },
              "non_striker": "SR Harmer",
              "runs": {
                "batter": 0,
                "extras": 1,
                "total": 1
              }
            }
          ]
        },
        {
          "over": 19,
          "deliveries": [
            {
              "batter": "ACR Birch",
              "bowler": "BE Hendricks",
              "non_striker": "SR Harmer",
              "runs": {
                "batter": 1,
                "extras": 0,
                "total": 1
              }
            },
            {
              "batter": "SR Harmer",
              "bowler": "BE Hendricks",
              "non_striker": "ACR Birch",
              "runs": {
                "batter": 1,
                "extras": 0,
                "total": 1
              }
            },
            {
              "batter": "ACR Birch",
              "bowler": "BE Hendricks",
              "non_striker": "SR Harmer",
              "runs": {
                "batter": 3,
                "extras": 0,
                "total": 3
              }
            },
            {
              "batter": "SR Harmer",
              "bowler": "BE Hendricks",
              "non_striker": "ACR Birch",
              "runs": {
                "batter": 1,
                "extras": 0,
                "total": 1
              }
            },
            {
              "batter": "ACR Birch",
              "bowler": "BE Hendricks",
              "non_striker": "SR Harmer",
              "runs": {
                "batter": 0,
                "extras": 0,
                "total": 0
              },
              "wickets": [
                {
                  "player_out": "ACR Birch",
                  "fielders": [
                    {
                      "name": "VD Philander"
                    }
                  ],
                  "kind": "caught"
                }
              ]
            },
            {
              "batter": "SR Harmer",
              "bowler": "BE Hendricks",
              "non_striker": "J Theron",
              "runs": {
                "batter": 4,
                "extras": 0,
                "total": 4
              }
            }
          ]
        }
      ],
      "powerplays": [
        {
          "from": 0.1,
          "to": 5.6,
          "type": "mandatory"
        }
      ]
    },
    {
      "team": "Cape Cobras",
      "overs": [
        {
          "over": 0,
          "deliveries": [
            {
              "batter": "RE Levi",
              "bowler": "JT Smuts",
              "non_striker": "DJ Vilas",
              "runs": {
                "batter": 1,
                "extras": 0,
                "total": 1
              }
            },
            {
              "batter": "DJ Vilas",
              "bowler": "JT Smuts",
              "non_striker": "RE Levi",
              "runs": {
                "batter": 0,
                "extras": 0,
                "total": 0
              },
              "wickets": [
                {
                  "player_out": "DJ Vilas",
                  "kind": "lbw"
                }
              ]
            },
            {
              "batter": "S van Zyl",
              "bowler": "JT Smuts",
              "non_striker": "RE Levi",
              "runs": {
                "batter": 1,
                "extras": 0,
                "total": 1
              }
            },
            {
              "batter": "RE Levi",
              "bowler": "JT Smuts",
              "non_striker": "S van Zyl",
              "runs": {
                "batter": 0,
                "extras": 0,
                "total": 0
              }
            },
            {
              "batter": "RE Levi",
              "bowler": "JT Smuts",
              "extras": {
                "wides": 1
              },
              "non_striker": "S van Zyl",
              "runs": {
                "batter": 0,
                "extras": 1,
                "total": 1
              }
            },
            {
              "batter": "RE Levi",
              "bowler": "JT Smuts",
              "non_striker": "S van Zyl",
              "runs": {
                "batter": 0,
                "extras": 0,
                "total": 0
              }
            },
            {
              "batter": "RE Levi",
              "bowler": "JT Smuts",
              "non_striker": "S van Zyl",
              "runs": {
                "batter": 1,
                "extras": 0,
                "total": 1
              }
            }
          ]
        },
        {
          "over": 1,
          "deliveries": [
            {
              "batter": "RE Levi",
              "bowler": "ACR Birch",
              "non_striker": "S van Zyl",
              "runs": {
                "batter": 1,
                "extras": 0,
                "total": 1
              }
            },
            {
              "batter": "S van Zyl",
              "bowler": "ACR Birch",
              "non_striker": "RE Levi",
              "runs": {
                "batter": 0,
                "extras": 0,
                "total": 0
              }
            },
            {
              "batter": "S van Zyl",
              "bowler": "ACR Birch",
              "non_striker": "RE Levi",
              "runs": {
                "batter": 0,
                "extras": 0,
                "total": 0
              }
            },
            {
              "batter": "S van Zyl",
              "bowler": "ACR Birch",
              "non_striker": "RE Levi",
              "runs": {
                "batter": 0,
                "extras": 0,
                "total": 0
              }
            },
            {
              "batter": "S van Zyl",
              "bowler": "ACR Birch",
              "extras": {
                "legbyes": 1
              },
              "non_striker": "RE Levi",
              "runs": {
                "batter": 0,
                "extras": 1,
                "total": 1
              }
            },
            {
              "batter": "RE Levi",
              "bowler": "ACR Birch",
              "non_striker": "S van Zyl",
              "runs": {
                "batter": 4,
                "extras": 0,
                "total": 4
              }
            }
          ]
        },
        {
          "over": 2,
          "deliveries": [
            {
              "batter": "S van Zyl",
              "bowler": "WD Parnell",
              "non_striker": "RE Levi",
              "runs": {
                "batter": 0,
                "extras": 0,
                "total": 0
              }
            },
            {
              "batter": "S van Zyl",
              "bowler": "WD Parnell",
              "non_striker": "RE Levi",
              "runs": {
                "batter": 4,
                "extras": 0,
                "total": 4
              }
            },
            {
              "batter": "S van Zyl",
              "bowler": "WD Parnell",
              "non_striker": "RE Levi",
              "runs": {
                "batter": 0,
                "extras": 0,
                "total": 0
              }
            },
            {
              "batter": "S van Zyl",
              "bowler": "WD Parnell",
              "non_striker": "RE Levi",
              "runs": {
                "batter": 1,
                "extras": 0,
                "total": 1
              }
            },
            {
              "batter": "RE Levi",
              "bowler": "WD Parnell",
              "non_striker": "S van Zyl",
              "runs": {
                "batter": 0,
                "extras": 0,
                "total": 0
              }
            },
            {
              "batter": "RE Levi",
              "bowler": "WD Parnell",
              "non_striker": "S van Zyl",
              "runs": {
                "batter": 0,
                "extras": 0,
                "total": 0
              }
            }
          ]
        },
        {
          "over": 3,
          "deliveries": [
            {
              "batter": "S van Zyl",
              "bowler": "ACR Birch",
              "non_striker": "RE Levi",
              "runs": {
                "batter": 0,
                "extras": 0,
                "total": 0
              }
            },
            {
              "batter": "S van Zyl",
              "bowler": "ACR Birch",
              "extras": {
                "legbyes": 1
              },
              "non_striker": "RE Levi",
              "runs": {
                "batter": 0,
                "extras": 1,
                "total": 1
              }
            },
            {
              "batter": "RE Levi",
              "bowler": "ACR Birch",
              "non_striker": "S van Zyl",
              "runs": {
                "batter": 4,
                "extras": 0,
                "total": 4
              }
            },
            {
              "batter": "RE Levi",
              "bowler": "ACR Birch",
              "non_striker": "S van Zyl",
              "runs": {
                "batter": 4,
                "extras": 0,
                "total": 4
              }
            },
            {
              "batter": "RE Levi",
              "bowler": "ACR Birch",
              "non_striker": "S van Zyl",
              "runs": {
                "batter": 0,
                "extras": 0,
                "total": 0
              },
              "wickets": [
                {
                  "player_out": "RE Levi",
                  "fielders": [
                    {
                      "name": "SR Harmer"
                    }
                  ],
                  "kind": "caught"
                }
              ]
            },
            {
              "batter": "S van Zyl",
              "bowler": "ACR Birch",
              "non_striker": "JP Duminy",
              "runs": {
                "batter": 4,
                "extras": 0,
                "total": 4
              }
            }
          ]
        },
        {
          "over": 4,
          "deliveries": [
            {
              "batter": "JP Duminy",
              "bowler": "WD Parnell",
              "non_striker": "S van Zyl",
              "runs": {
                "batter": 1,
                "extras": 0,
                "total": 1
              }
            },
            {
              "batter": "S van Zyl",
              "bowler": "WD Parnell",
              "non_striker": "JP Duminy",
              "runs": {
                "batter": 0,
                "extras": 0,
                "total": 0
              }
            },
            {
              "batter": "S van Zyl",
              "bowler": "WD Parnell",
              "non_striker": "JP Duminy",
              "runs": {
                "batter": 1,
                "extras": 0,
                "total": 1
              }
            },
            {
              "batter": "JP Duminy",
              "bowler": "WD Parnell",
              "non_striker": "S van Zyl",
              "runs": {
                "batter": 6,
                "extras": 0,
                "total": 6
              }
            },
            {
              "batter": "JP Duminy",
              "bowler": "WD Parnell",
              "non_striker": "S van Zyl",
              "runs": {
                "batter": 1,
                "extras": 0,
                "total": 1
              }
            },
            {
              "batter": "S van Zyl",
              "bowler": "WD Parnell",
              "non_striker": "JP Duminy",
              "runs": {
                "batter": 1,
                "extras": 0,
                "total": 1
              }
            }
          ]
        },
        {
          "over": 5,
          "deliveries": [
            {
              "batter": "S van Zyl",
              "bowler": "J Theron",
              "non_striker": "JP Duminy",
              "runs": {
                "batter": 1,
                "extras": 0,
                "total": 1
              }
            },
            {
              "batter": "JP Duminy",
              "bowler": "J Theron",
              "non_striker": "S van Zyl",
              "runs": {
                "batter": 0,
                "extras": 0,
                "total": 0
              }
            },
            {
              "batter": "JP Duminy",
              "bowler": "J Theron",
              "non_striker": "S van Zyl",
              "runs": {
                "batter": 0,
                "extras": 0,
                "total": 0
              }
            },
            {
              "batter": "JP Duminy",
              "bowler": "J Theron",
              "non_striker": "S van Zyl",
              "runs": {
                "batter": 4,
                "extras": 0,
                "total": 4
              }
            },
            {
              "batter": "JP Duminy",
              "bowler": "J Theron",
              "non_striker": "S van Zyl",
              "runs": {
                "batter": 4,
                "extras": 0,
                "total": 4
              }
            },
            {
              "batter": "JP Duminy",
              "bowler": "J Theron",
              "non_striker": "S van Zyl",
              "runs": {
                "batter": 2,
                "extras": 0,
                "total": 2
              }
            }
          ]
        },
        {
          "over": 6,
          "deliveries": [
            {
              "batter": "S van Zyl",
              "bowler": "L Mbane",
              "non_striker": "JP Duminy",
              "runs": {
                "batter": 1,
                "extras": 0,
                "total": 1
              }
            },
            {
              "batter": "JP Duminy",
              "bowler": "L Mbane",
              "non_striker": "S van Zyl",
              "runs": {
                "batter": 0,
                "extras": 0,
                "total": 0
              }
            },
            {
              "batter": "JP Duminy",
              "bowler": "L Mbane",
              "non_striker": "S van Zyl",
              "runs": {
                "batter": 2,
                "extras": 0,
                "total": 2
              }
            },
            {
              "batter": "JP Duminy",
              "bowler": "L Mbane",
              "non_striker": "S van Zyl",
              "runs": {
                "batter": 1,
                "extras": 0,
                "total": 1
              }
            },
            {
              "batter": "S van Zyl",
              "bowler": "L Mbane",
              "extras": {
                "legbyes": 1
              },
              "non_striker": "JP Duminy",
              "runs": {
                "batter": 0,
                "extras": 1,
                "total": 1
              }
            },
            {
              "batter": "JP Duminy",
              "bowler": "L Mbane",
              "non_striker": "S van Zyl",
              "runs": {
                "batter": 1,
                "extras": 0,
                "total": 1
              }
            }
          ]
        },
        {
          "over": 7,
          "deliveries": [
            {
              "batter": "JP Duminy",
              "bowler": "SR Harmer",
              "non_striker": "S van Zyl",
              "runs": {
                "batter": 1,
                "extras": 0,
                "total": 1
              }
            },
            {
              "batter": "S van Zyl",
              "bowler": "SR Harmer",
              "non_striker": "JP Duminy",
              "runs": {
                "batter": 0,
                "extras": 0,
                "total": 0
              }
            },
            {
              "batter": "S van Zyl",
              "bowler": "SR Harmer",
              "non_striker": "JP Duminy",
              "runs": {
                "batter": 1,
                "extras": 0,
                "total": 1
              }
            },
            {
              "batter": "JP Duminy",
              "bowler": "SR Harmer",
              "extras": {
                "legbyes": 1
              },
              "non_striker": "S van Zyl",
              "runs": {
                "batter": 0,
                "extras": 1,
                "total": 1
              }
            },
            {
              "batter": "S van Zyl",
              "bowler": "SR Harmer",
              "non_striker": "JP Duminy",
              "runs": {
                "batter": 0,
                "extras": 0,
                "total": 0
              }
            },
            {
              "batter": "S van Zyl",
              "bowler": "SR Harmer",
              "non_striker": "JP Duminy",
              "runs": {
                "batter": 1,
                "extras": 0,
                "total": 1
              }
            }
          ]
        },
        {
          "over": 8,
          "deliveries": [
            {
              "batter": "S van Zyl",
              "bowler": "L Mbane",
              "non_striker": "JP Duminy",
              "runs": {
                "batter": 1,
                "extras": 0,
                "total": 1
              }
            },
            {
              "batter": "JP Duminy",
              "bowler": "L Mbane",
              "non_striker": "S van Zyl",
              "runs": {
                "batter": 1,
                "extras": 0,
                "total": 1
              }
            },
            {
              "batter": "S van Zyl",
              "bowler": "L Mbane",
              "non_striker": "JP Duminy",
              "runs": {
                "batter": 2,
                "extras": 0,
                "total": 2
              }
            },
            {
              "batter": "S van Zyl",
              "bowler": "L Mbane",
              "non_striker": "JP Duminy",
              "runs": {
                "batter": 1,
                "extras": 0,
                "total": 1
              }
            },
            {
              "batter": "JP Duminy",
              "bowler": "L Mbane",
              "non_striker": "S van Zyl",
              "runs": {
                "batter": 1,
                "extras": 0,
                "total": 1
              }
            },
            {
              "batter": "S van Zyl",
              "bowler": "L Mbane",
              "non_striker": "JP Duminy",
              "runs": {
                "batter": 1,
                "extras": 0,
                "total": 1
              }
            }
          ]
        },
        {
          "over": 9,
          "deliveries": [
            {
              "batter": "S van Zyl",
              "bowler": "SR Harmer",
              "non_striker": "JP Duminy",
              "runs": {
                "batter": 1,
                "extras": 0,
                "total": 1
              }
            },
            {
              "batter": "JP Duminy",
              "bowler": "SR Harmer",
              "non_striker": "S van Zyl",
              "runs": {
                "batter": 1,
                "extras": 0,
                "total": 1
              }
            },
            {
              "batter": "S van Zyl",
              "bowler": "SR Harmer",
              "non_striker": "JP Duminy",
              "runs": {
                "batter": 1,
                "extras": 0,
                "total": 1
              }
            },
            {
              "batter": "JP Duminy",
              "bowler": "SR Harmer",
              "non_striker": "S van Zyl",
              "runs": {
                "batter": 1,
                "extras": 0,
                "total": 1
              }
            },
            {
              "batter": "S van Zyl",
              "bowler": "SR Harmer",
              "non_striker": "JP Duminy",
              "runs": {
                "batter": 0,
                "extras": 0,
                "total": 0
              },
              "wickets": [
                {
                  "player_out": "S van Zyl",
                  "fielders": [
                    {
                      "name": "DJ Jacobs"
                    }
                  ],
                  "kind": "run out"
                }
              ]
            },
            {
              "batter": "JP Duminy",
              "bowler": "SR Harmer",
              "non_striker": "JL Ontong",
              "runs": {
                "batter": 1,
                "extras": 0,
                "total": 1
              }
            }
          ]
        },
        {
          "over": 10,
          "deliveries": [
            {
              "batter": "JP Duminy",
              "bowler": "JT Smuts",
              "non_striker": "JL Ontong",
              "runs": {
                "batter": 1,
                "extras": 0,
                "total": 1
              }
            },
            {
              "batter": "JL Ontong",
              "bowler": "JT Smuts",
              "non_striker": "JP Duminy",
              "runs": {
                "batter": 1,
                "extras": 0,
                "total": 1
              }
            },
            {
              "batter": "JP Duminy",
              "bowler": "JT Smuts",
              "non_striker": "JL Ontong",
              "runs": {
                "batter": 1,
                "extras": 0,
                "total": 1
              }
            },
            {
              "batter": "JL Ontong",
              "bowler": "JT Smuts",
              "non_striker": "JP Duminy",
              "runs": {
                "batter": 0,
                "extras": 0,
                "total": 0
              }
            },
            {
              "batter": "JL Ontong",
              "bowler": "JT Smuts",
              "non_striker": "JP Duminy",
              "runs": {
                "batter": 1,
                "extras": 0,
                "total": 1
              }
            },
            {
              "batter": "JP Duminy",
              "bowler": "JT Smuts",
              "non_striker": "JL Ontong",
              "runs": {
                "batter": 4,
                "extras": 0,
                "total": 4
              }
            }
          ]
        },
        {
          "over": 11,
          "deliveries": [
            {
              "batter": "JL Ontong",
              "bowler": "J Theron",
              "non_striker": "JP Duminy",
              "runs": {
                "batter": 1,
                "extras": 0,
                "total": 1
              }
            },
            {
              "batter": "JP Duminy",
              "bowler": "J Theron",
              "non_striker": "JL Ontong",
              "runs": {
                "batter": 1,
                "extras": 0,
                "total": 1
              }
            },
            {
              "batter": "JL Ontong",
              "bowler": "J Theron",
              "extras": {
                "wides": 1
              },
              "non_striker": "JP Duminy",
              "runs": {
                "batter": 0,
                "extras": 1,
                "total": 1
              }
            },
            {
              "batter": "JL Ontong",
              "bowler": "J Theron",
              "non_striker": "JP Duminy",
              "runs": {
                "batter": 0,
                "extras": 0,
                "total": 0
              }
            },
            {
              "batter": "JL Ontong",
              "bowler": "J Theron",
              "non_striker": "JP Duminy",
              "runs": {
                "batter": 0,
                "extras": 0,
                "total": 0
              }
            },
            {
              "batter": "JL Ontong",
              "bowler": "J Theron",
              "non_striker": "JP Duminy",
              "runs": {
                "batter": 1,
                "extras": 0,
                "total": 1
              }
            },
            {
              "batter": "JP Duminy",
              "bowler": "J Theron",
              "non_striker": "JL Ontong",
              "runs": {
                "batter": 1,
                "extras": 0,
                "total": 1
              }
            }
          ]
        },
        {
          "over": 12,
          "deliveries": [
            {
              "batter": "JP Duminy",
              "bowler": "WD Parnell",
              "non_striker": "JL Ontong",
              "runs": {
                "batter": 1,
                "extras": 0,
                "total": 1
              }
            },
            {
              "batter": "JL Ontong",
              "bowler": "WD Parnell",
              "non_striker": "JP Duminy",
              "runs": {
                "batter": 1,
                "extras": 0,
                "total": 1
              }
            },
            {
              "batter": "JP Duminy",
              "bowler": "WD Parnell",
              "non_striker": "JL Ontong",
              "runs": {
                "batter": 4,
                "extras": 0,
                "total": 4
              }
            },
            {
              "batter": "JP Duminy",
              "bowler": "WD Parnell",
              "non_striker": "JL Ontong",
              "runs": {
                "batter": 0,
                "extras": 0,
                "total": 0
              }
            },
            {
              "batter": "JP Duminy",
              "bowler": "WD Parnell",
              "non_striker": "JL Ontong",
              "runs": {
                "batter": 1,
                "extras": 0,
                "total": 1
              }
            },
            {
              "batter": "JL Ontong",
              "bowler": "WD Parnell",
              "non_striker": "JP Duminy",
              "runs": {
                "batter": 0,
                "extras": 0,
                "total": 0
              }
            }
          ]
        },
        {
          "over": 13,
          "deliveries": [
            {
              "batter": "JP Duminy",
              "bowler": "ACR Birch",
              "non_striker": "JL Ontong",
              "runs": {
                "batter": 1,
                "extras": 0,
                "total": 1
              }
            },
            {
              "batter": "JL Ontong",
              "bowler": "ACR Birch",
              "non_striker": "JP Duminy",
              "runs": {
                "batter": 1,
                "extras": 0,
                "total": 1
              }
            },
            {
              "batter": "JP Duminy",
              "bowler": "ACR Birch",
              "non_striker": "JL Ontong",
              "runs": {
                "batter": 2,
                "extras": 0,
                "total": 2
              }
            },
            {
              "batter": "JP Duminy",
              "bowler": "ACR Birch",
              "non_striker": "JL Ontong",
              "runs": {
                "batter": 1,
                "extras": 0,
                "total": 1
              }
            },
            {
              "batter": "JL Ontong",
              "bowler": "ACR Birch",
              "non_striker": "JP Duminy",
              "runs": {
                "batter": 1,
                "extras": 0,
                "total": 1
              }
            },
            {
              "batter": "JP Duminy",
              "bowler": "ACR Birch",
              "non_striker": "JL Ontong",
              "runs": {
                "batter": 4,
                "extras": 0,
                "total": 4
              }
            }
          ]
        },
        {
          "over": 14,
          "deliveries": [
            {
              "batter": "JL Ontong",
              "bowler": "L Mbane",
              "non_striker": "JP Duminy",
              "runs": {
                "batter": 2,
                "extras": 0,
                "total": 2
              }
            },
            {
              "batter": "JL Ontong",
              "bowler": "L Mbane",
              "non_striker": "JP Duminy",
              "runs": {
                "batter": 0,
                "extras": 0,
                "total": 0
              }
            },
            {
              "batter": "JL Ontong",
              "bowler": "L Mbane",
              "non_striker": "JP Duminy",
              "runs": {
                "batter": 4,
                "extras": 0,
                "total": 4
              }
            },
            {
              "batter": "JL Ontong",
              "bowler": "L Mbane",
              "non_striker": "JP Duminy",
              "runs": {
                "batter": 0,
                "extras": 0,
                "total": 0
              },
              "wickets": [
                {
                  "player_out": "JL Ontong",
                  "fielders": [
                    {
                      "name": "SR Harmer"
                    }
                  ],
                  "kind": "caught"
                }
              ]
            },
            {
              "batter": "JP Duminy",
              "bowler": "L Mbane",
              "non_striker": "JM Kemp",
              "runs": {
                "batter": 1,
                "extras": 0,
                "total": 1
              }
            },
            {
              "batter": "JM Kemp",
              "bowler": "L Mbane",
              "non_striker": "JP Duminy",
              "runs": {
                "batter": 1,
                "extras": 0,
                "total": 1
              }
            }
          ]
        },
        {
          "over": 15,
          "deliveries": [
            {
              "batter": "JM Kemp",
              "bowler": "SR Harmer",
              "non_striker": "JP Duminy",
              "runs": {
                "batter": 0,
                "extras": 0,
                "total": 0
              }
            },
            {
              "batter": "JM Kemp",
              "bowler": "SR Harmer",
              "non_striker": "JP Duminy",
              "runs": {
                "batter": 0,
                "extras": 0,
                "total": 0
              }
            },
            {
              "batter": "JM Kemp",
              "bowler": "SR Harmer",
              "non_striker": "JP Duminy",
              "runs": {
                "batter": 1,
                "extras": 0,
                "total": 1
              }
            },
            {
              "batter": "JP Duminy",
              "bowler": "SR Harmer",
              "non_striker": "JM Kemp",
              "runs": {
                "batter": 4,
                "extras": 0,
                "total": 4
              }
            },
            {
              "batter": "JP Duminy",
              "bowler": "SR Harmer",
              "non_striker": "JM Kemp",
              "runs": {
                "batter": 1,
                "extras": 0,
                "total": 1
              }
            },
            {
              "batter": "JM Kemp",
              "bowler": "SR Harmer",
              "non_striker": "JP Duminy",
              "runs": {
                "batter": 1,
                "extras": 0,
                "total": 1
              }
            }
          ]
        },
        {
          "over": 16,
          "deliveries": [
            {
              "batter": "JM Kemp",
              "bowler": "WD Parnell",
              "non_striker": "JP Duminy",
              "runs": {
                "batter": 0,
                "extras": 0,
                "total": 0
              }
            },
            {
              "batter": "JM Kemp",
              "bowler": "WD Parnell",
              "non_striker": "JP Duminy",
              "runs": {
                "batter": 0,
                "extras": 0,
                "total": 0
              }
            },
            {
              "batter": "JM Kemp",
              "bowler": "WD Parnell",
              "non_striker": "JP Duminy",
              "runs": {
                "batter": 2,
                "extras": 0,
                "total": 2
              }
            },
            {
              "batter": "JM Kemp",
              "bowler": "WD Parnell",
              "non_striker": "JP Duminy",
              "runs": {
                "batter": 0,
                "extras": 0,
                "total": 0
              }
            },
            {
              "batter": "JM Kemp",
              "bowler": "WD Parnell",
              "non_striker": "JP Duminy",
              "runs": {
                "batter": 1,
                "extras": 0,
                "total": 1
              }
            },
            {
              "batter": "JP Duminy",
              "bowler": "WD Parnell",
              "non_striker": "JM Kemp",
              "runs": {
                "batter": 2,
                "extras": 0,
                "total": 2
              }
            }
          ]
        },
        {
          "over": 17,
          "deliveries": [
            {
              "batter": "JM Kemp",
              "bowler": "J Theron",
              "non_striker": "JP Duminy",
              "runs": {
                "batter": 2,
                "extras": 0,
                "total": 2
              }
            },
            {
              "batter": "JM Kemp",
              "bowler": "J Theron",
              "non_striker": "JP Duminy",
              "runs": {
                "batter": 1,
                "extras": 0,
                "total": 1
              }
            },
            {
              "batter": "JP Duminy",
              "bowler": "J Theron",
              "non_striker": "JM Kemp",
              "runs": {
                "batter": 1,
                "extras": 0,
                "total": 1
              }
            },
            {
              "batter": "JM Kemp",
              "bowler": "J Theron",
              "non_striker": "JP Duminy",
              "runs": {
                "batter": 1,
                "extras": 0,
                "total": 1
              }
            },
            {
              "batter": "JP Duminy",
              "bowler": "J Theron",
              "extras": {
                "noballs": 1
              },
              "non_striker": "JM Kemp",
              "runs": {
                "batter": 1,
                "extras": 1,
                "total": 2
              }
            },
            {
              "batter": "JM Kemp",
              "bowler": "J Theron",
              "non_striker": "JP Duminy",
              "runs": {
                "batter": 2,
                "extras": 0,
                "total": 2
              }
            },
            {
              "batter": "JM Kemp",
              "bowler": "J Theron",
              "non_striker": "JP Duminy",
              "runs": {
                "batter": 1,
                "extras": 0,
                "total": 1
              }
            }
          ]
        },
        {
          "over": 18,
          "deliveries": [
            {
              "batter": "JM Kemp",
              "bowler": "L Mbane",
              "non_striker": "JP Duminy",
              "runs": {
                "batter": 4,
                "extras": 0,
                "total": 4
              }
            },
            {
              "batter": "JM Kemp",
              "bowler": "L Mbane",
              "non_striker": "JP Duminy",
              "runs": {
                "batter": 6,
                "extras": 0,
                "total": 6
              }
            },
            {
              "batter": "JM Kemp",
              "bowler": "L Mbane",
              "non_striker": "JP Duminy",
              "runs": {
                "batter": 2,
                "extras": 0,
                "total": 2
              }
            },
            {
              "batter": "JM Kemp",
              "bowler": "L Mbane",
              "non_striker": "JP Duminy",
              "runs": {
                "batter": 1,
                "extras": 0,
                "total": 1
              }
            },
            {
              "batter": "JP Duminy",
              "bowler": "L Mbane",
              "extras": {
                "noballs": 1
              },
              "non_striker": "JM Kemp",
              "runs": {
                "batter": 4,
                "extras": 1,
                "total": 5
              }
            }
          ]
        }
      ],
      "powerplays": [
        {
          "from": 0.1,
          "to": 5.6,
          "type": "mandatory"
        }
      ],
      "target": {
        "overs": 20,
        "runs": 147
      }
    }
  ]
}