{
  "meta": {
    "data_version": "1.1.0",
    "created": "2022-04-03",
    "revision": 1
  },
  "info": {
    "balls_per_over": 6,
    "city": "Cape Town",
    "dates": [
      "2014-01-05"
    ],
    "event": {
      "name": "Ram Slam T20 Challenge"
    },
    "gender": "male",
    "match_type": "T20",
    "officials": {
      "match_referees": [
        "SB Lambson"
      ],
      "reserve_umpires": [
        "CD Isaacs"
      ],
      "tv_umpires": [
        "AT Holdstock"
      ],
      "umpires": [
        "BP Jele",
        "EC Hendrikse"
      ]
    },
    "outcome": {
      "winner": "Warriors",
      "by": {
        "runs": 26
      }
    },
    "overs": 20,
    "player_of_match": [
      "RT Bailey",
      "JT Smuts"
    ],
    "players": {
      "Warriors": [
        "C Jonker",
        "EM Moore",
        "AG Prince",
        "DJ Jacobs",
        "RT Bailey",
        "JT Smuts",
        "WD Parnell",
        "SR Harmer",
        "J Theron",
        "L Mbane",
        "ACR Birch"
      ],
      "Lions": [
        "Q de Kock",
        "HE van der Dussen",
        "Azhar Mahmood",
        "ND McKenzie",
        "AN Petersen",
        "GH Bodi",
        "D Pretorius",
        "CH Morris",
        "GC Viljoen",
        "AM Phangiso",
        "Imran Tahir"
      ]
    },
    "registry": {
      "people": {
        "ACR Birch": "9df3a2f4",
        "AG Prince": "035cb925",
        "AM Phangiso": "7f8ecc51",
        "AN Petersen": "e01aafc1",
        "AT Holdstock": "6fa3258c",
        "Azhar Mahmood": "9a158001",
        "BP Jele": "7bb1331e",
        "C Jonker": "a81d6706",
        "CD Isaacs": "c0215bbd",
        "CH Morris": "fb66ce1f",
        "D Pretorius": "11614d87",
        "DJ Jacobs": "a84468fe",
        "EC Hendrikse": "3f2996c9",
        "EM Moore": "6ca6d885",
        "GC Viljoen": "a316d663",
        "GH Bodi": "f390904d",
        "HE van der Dussen": "9948e262",
        "Imran Tahir": "acee4cc4",
        "J Theron": "dec8e038",
        "JT Smuts": "42172c3c",
        "L Mbane": "ca322fd6",
        "ND McKenzie": "a830c083",
        "Q de Kock": "372455c4",
        "RT Bailey": "93a751e8",
        "SB Lambson": "4146063f",
        "SR Harmer": "23638956",
        "WD Parnell": "3a60e0b5"
      }
    },
    "season": "2013/14",
    "team_type": "club",
    "teams": [
      "Warriors",
      "Lions"
    ],
    "toss": {
      "decision": "bat",
      "winner": "Warriors"
    },
    "venue": "Newlands, Cape Town"
  },
  "innings": [
    {
      "team": "Warriors",
      "overs": [
        {
          "over": 0,
          "deliveries": [
            {
              "batter": "C Jonker",
              "bowler": "CH Morris",
              "non_striker": "EM Moore",
              "runs": {
                "batter": 0,
                "extras": 0,
                "total": 0
              }
            },
            {
              "batter": "C Jonker",
              "bowler": "CH Morris",
              "extras": {
                "wides": 1
              },
              "non_striker": "EM Moore",
              "runs": {
                "batter": 0,
                "extras": 1,
                "total": 1
              }
            },
            {
              "batter": "C Jonker",
              "bowler": "CH Morris",
              "non_striker": "EM Moore",
              "runs": {
                "batter": 0,
                "extras": 0,
                "total": 0
              }
            },
            {
              "batter": "C Jonker",
              "bowler": "CH Morris",
              "non_striker": "EM Moore",
              "runs": {
                "batter": 0,
                "extras": 0,
                "total": 0
              }
            },
            {
              "batter": "C Jonker",
              "bowler": "CH Morris",
              "extras": {
                "legbyes": 1
              },
              "non_striker": "EM Moore",
              "runs": {
                "batter": 0,
                "extras": 1,
                "total": 1
              }
            },
            {
              "batter": "EM Moore",
              "bowler": "CH Morris",
              "non_striker": "C Jonker",
              "runs": {
                "batter": 4,
                "extras": 0,
                "total": 4
              }
            },
            {
              "batter": "EM Moore",
              "bowler": "CH Morris",
              "non_striker": "C Jonker",
              "runs": {
                "batter": 0,
                "extras": 0,
                "total": 0
              }
            }
          ]
        },
        {
          "over": 1,
          "deliveries": [
            {
              "batter": "C Jonker",
              "bowler": "GC Viljoen",
              "non_striker": "EM Moore",
              "runs": {
                "batter": 0,
                "extras": 0,
                "total": 0
              }
            },
            {
              "batter": "C Jonker",
              "bowler": "GC Viljoen",
              "extras": {
                "wides": 1
              },
              "non_striker": "EM Moore",
              "runs": {
                "batter": 0,
                "extras": 1,
                "total": 1
              }
            },
            {
              "batter": "C Jonker",
              "bowler": "GC Viljoen",
              "extras": {
                "legbyes": 1
              },
              "non_striker": "EM Moore",
              "runs": {
                "batter": 0,
                "extras": 1,
                "total": 1
              }
            },
            {
              "batter": "EM Moore",
              "bowler": "GC Viljoen",
              "non_striker": "C Jonker",
              "runs": {
                "batter": 0,
                "extras": 0,
                "total": 0
              }
            },
            {
              "batter": "EM Moore",
              "bowler": "GC Viljoen",
              "non_striker": "C Jonker",
              "runs": {
                "batter": 0,
                "extras": 0,
                "total": 0
              }
            },
            {
              "batter": "EM Moore",
              "bowler": "GC Viljoen",
              "non_striker": "C Jonker",
              "runs": {
                "batter": 2,
                "extras": 0,
                "total": 2
              }
            },
            {
              "batter": "EM Moore",
              "bowler": "GC Viljoen",
              "non_striker": "C Jonker",
              "runs": {
                "batter": 0,
                "extras": 0,
                "total": 0
              }
            }
          ]
        },
        {
          "over": 2,
          "deliveries": [
            {
              "batter": "C Jonker",
              "bowler": "CH Morris",
              "non_striker": "EM Moore",
              "runs": {
                "batter": 0,
                "extras": 0,
                "total": 0
              }
            },
            {
              "batter": "C Jonker",
              "bowler": "CH Morris",
              "non_striker": "EM Moore",
              "runs": {
                "batter": 0,
                "extras": 0,
                "total": 0
              },
              "wickets": [
                {
                  "player_out": "C Jonker",
                  "kind": "bowled"
                }
              ]
            },
            {
              "batter": "AG Prince",
              "bowler": "CH Morris",
              "non_striker": "EM Moore",
              "runs": {
                "batter": 0,
                "extras": 0,
                "total": 0
              }
            },
            {
              "batter": "AG Prince",
              "bowler": "CH Morris",
              "non_striker": "EM Moore",
              "runs": {
                "batter": 0,
                "extras": 0,
                "total": 0
              },
              "wickets": [
                {
                  "player_out": "AG Prince",
                  "kind": "bowled"
                }
              ]
            },
            {
              "batter": "DJ Jacobs",
              "bowler": "CH Morris",
              "non_striker": "EM Moore",
              "runs": {
                "batter": 0,
                "extras": 0,
                "total": 0
              }
            },
            {
              "batter": "DJ Jacobs",
              "bowler": "CH Morris",
              "non_striker": "EM Moore",
              "runs": {
                "batter": 0,
                "extras": 0,
                "total": 0
              }
            }
          ]
        },
        {
          "over": 3,
          "deliveries": [
            {
              "batter": "EM Moore",
              "bowler": "Azhar Mahmood",
              "extras": {
                "wides": 1
              },
              "non_striker": "DJ Jacobs",
              "runs": {
                "batter": 0,
                "extras": 1,
                "total": 1
              }
            },
            {
              "batter": "EM Moore",
              "bowler": "Azhar Mahmood",
              "non_striker": "DJ Jacobs",
              "runs": {
                "batter": 1,
                "extras": 0,
                "total": 1
              }
            },
            {
              "batter": "DJ Jacobs",
              "bowler": "Azhar Mahmood",
              "non_striker": "EM Moore",
              "runs": {
                "batter": 4,
                "extras": 0,
                "total": 4
              }
            },
            {
              "batter": "DJ Jacobs",
              "bowler": "Azhar Mahmood",
              "non_striker": "EM Moore",
              "runs": {
                "batter": 0,
                "extras": 0,
                "total": 0
              }
            },
            {
              "batter": "DJ Jacobs",
              "bowler": "Azhar Mahmood",
              "non_striker": "EM Moore",
              "runs": {
                "batter": 0,
                "extras": 0,
                "total": 0
              },
              "wickets": [
                {
                  "player_out": "DJ Jacobs",
                  "fielders": [
                    {
                      "name": "HE van der Dussen"
                    }
                  ],
                  "kind": "caught"
                }
              ]
            },
            {
              "batter": "RT Bailey",
              "bowler": "Azhar Mahmood",
              "non_striker": "EM Moore",
              "runs": {
                "batter": 0,
                "extras": 0,
                "total": 0
              }
            },
            {
              "batter": "RT Bailey",
              "bowler": "Azhar Mahmood",
              "non_striker": "EM Moore",
              "runs": {
                "batter": 0,
                "extras": 0,
                "total": 0
              }
            }
          ]
        },
        {
          "over": 4,
          "deliveries": [
            {
              "batter": "EM Moore",
              "bowler": "CH Morris",
              "non_striker": "RT Bailey",
              "runs": {
                "batter": 4,
                "extras": 0,
                "total": 4
              }
            },
            {
              "batter": "EM Moore",
              "bowler": "CH Morris",
              "non_striker": "RT Bailey",
              "runs": {
                "batter": 0,
                "extras": 0,
                "total": 0
              }
            },
            {
              "batter": "EM Moore",
              "bowler": "CH Morris",
              "non_striker": "RT Bailey",
              "runs": {
                "batter": 4,
                "extras": 0,
                "total": 4
              }
            },
            {
              "batter": "EM Moore",
              "bowler": "CH Morris",
              "non_striker": "RT Bailey",
              "runs": {
                "batter": 0,
                "extras": 0,
                "total": 0
              }
            },
            {
              "batter": "EM Moore",
              "bowler": "CH Morris",
              "non_striker": "RT Bailey",
              "runs": {
                "batter": 4,
                "extras": 0,
                "total": 4
              }
            },
            {
              "batter": "EM Moore",
              "bowler": "CH Morris",
              "non_striker": "RT Bailey",
              "runs": {
                "batter": 1,
                "extras": 0,
                "total": 1
              }
            }
          ]
        },
        {
          "over": 5,
          "deliveries": [
            {
              "batter": "EM Moore",
              "bowler": "Azhar Mahmood",
              "non_striker": "RT Bailey",
              "runs": {
                "batter": 0,
                "extras": 0,
                "total": 0
              }
            },
            {
              "batter": "EM Moore",
              "bowler": "Azhar Mahmood",
              "non_striker": "RT Bailey",
              "runs": {
                "batter": 0,
                "extras": 0,
                "total": 0
              }
            },
            {
              "batter": "EM Moore",
              "bowler": "Azhar Mahmood",
              "non_striker": "RT Bailey",
              "runs": {
                "batter": 3,
                "extras": 0,
                "total": 3
              }
            },
            {
              "batter": "RT Bailey",
              "bowler": "Azhar Mahmood",
              "non_striker": "EM Moore",
              "runs": {
                "batter": 1,
                "extras": 0,
                "total": 1
              }
            },
            {
              "batter": "EM Moore",
              "bowler": "Azhar Mahmood",
              "non_striker": "RT Bailey",
              "runs": {
                "batter": 1,
                "extras": 0,
                "total": 1
              }
            },
            {
              "batter": "RT Bailey",
              "bowler": "Azhar Mahmood",
              "non_striker": "EM Moore",
              "runs": {
                "batter": 0,
                "extras": 0,
                "total": 0
              }
            }
          ]
        },
        {
          "over": 6,
          "deliveries": [
            {
              "batter": "EM Moore",
              "bowler": "AM Phangiso",
              "non_striker": "RT Bailey",
              "runs": {
                "batter": 1,
                "extras": 0,
                "total": 1
              }
            },
            {
              "batter": "RT Bailey",
              "bowler": "AM Phangiso",
              "non_striker": "EM Moore",
              "runs": {
                "batter": 1,
                "extras": 0,
                "total": 1
              }
            },
            {
              "batter": "EM Moore",
              "bowler": "AM Phangiso",
              "non_striker": "RT Bailey",
              "runs": {
                "batter": 1,
                "extras": 0,
                "total": 1
              }
            },
            {
              "batter": "RT Bailey",
              "bowler": "AM Phangiso",
              "non_striker": "EM Moore",
              "runs": {
                "batter": 2,
                "extras": 0,
                "total": 2
              }
            },
            {
              "batter": "RT Bailey",
              "bowler": "AM Phangiso",
              "non_striker": "EM Moore",
              "runs": {
                "batter": 1,
                "extras": 0,
                "total": 1
              }
            },
            {
              "batter": "EM Moore",
              "bowler": "AM Phangiso",
              "non_striker": "RT Bailey",
              "runs": {
                "batter": 0,
                "extras": 0,
                "total": 0
              }
            }
          ]
        },
        {
          "over": 7,
          "deliveries": [
            {
              "batter": "RT Bailey",
              "bowler": "Imran Tahir",
              "non_striker": "EM Moore",
              "runs": {
                "batter": 1,
                "extras": 0,
                "total": 1
              }
            },
            {
              "batter": "EM Moore",
              "bowler": "Imran Tahir",
              "non_striker": "RT Bailey",
              "runs": {
                "batter": 1,
                "extras": 0,
                "total": 1
              }
            },
            {
              "batter": "RT Bailey",
              "bowler": "Imran Tahir",
              "non_striker": "EM Moore",
              "runs": {
                "batter": 2,
                "extras": 0,
                "total": 2
              }
            },
            {
              "batter": "RT Bailey",
              "bowler": "Imran Tahir",
              "non_striker": "EM Moore",
              "runs": {
                "batter": 0,
                "extras": 0,
                "total": 0
              }
            },
            {
              "batter": "RT Bailey",
              "bowler": "Imran Tahir",
              "non_striker": "EM Moore",
              "runs": {
                "batter": 0,
                "extras": 0,
                "total": 0
              }
            },
            {
              "batter": "RT Bailey",
              "bowler": "Imran Tahir",
              "non_striker": "EM Moore",
              "runs": {
                "batter": 1,
                "extras": 0,
                "total": 1
              }
            }
          ]
        },
        {
          "over": 8,
          "deliveries": [
            {
              "batter": "RT Bailey",
              "bowler": "AM Phangiso",
              "non_striker": "EM Moore",
              "runs": {
                "batter": 0,
                "extras": 0,
                "total": 0
              }
            },
            {
              "batter": "RT Bailey",
              "bowler": "AM Phangiso",
              "non_striker": "EM Moore",
              "runs": {
                "batter": 6,
                "extras": 0,
                "total": 6
              }
            },
            {
              "batter": "RT Bailey",
              "bowler": "AM Phangiso",
              "non_striker": "EM Moore",
              "runs": {
                "batter": 1,
                "extras": 0,
                "total": 1
              }
            },
            {
              "batter": "EM Moore",
              "bowler": "AM Phangiso",
              "non_striker": "RT Bailey",
              "runs": {
                "batter": 0,
                "extras": 0,
                "total": 0
              }
            },
            {
              "batter": "EM Moore",
              "bowler": "AM Phangiso",
              "non_striker": "RT Bailey",
              "runs": {
                "batter": 0,
                "extras": 0,
                "total": 0
              },
              "wickets": [
                {
                  "player_out": "EM Moore",
                  "kind": "lbw"
                }
              ]
            },
            {
              "batter": "JT Smuts",
              "bowler": "AM Phangiso",
              "non_striker": "RT Bailey",
              "runs": {
                "batter": 0,
                "extras": 0,
                "total": 0
              },
              "wickets": [
                {
                  "player_out": "JT Smuts",
                  "kind": "bowled"
                }
              ]
            }
          ]
        },
        {
          "over": 9,
          "deliveries": [
            {
              "batter": "RT Bailey",
              "bowler": "Imran Tahir",
              "non_striker": "WD Parnell",
              "runs": {
                "batter": 0,
                "extras": 0,
                "total": 0
              }
            },
            {
              "batter": "RT Bailey",
              "bowler": "Imran Tahir",
              "non_striker": "WD Parnell",
              "runs": {
                "batter": 1,
                "extras": 0,
                "total": 1
              }
            },
            {
              "batter": "WD Parnell",
              "bowler": "Imran Tahir",
              "non_striker": "RT Bailey",
              "runs": {
                "batter": 0,
                "extras": 0,
                "total": 0
              }
            },
            {
              "batter": "WD Parnell",
              "bowler": "Imran Tahir",
              "non_striker": "RT Bailey",
              "runs": {
                "batter": 0,
                "extras": 0,
                "total": 0
              },
              "wickets": [
                {
                  "player_out": "WD Parnell",
                  "fielders": [
                    {
                      "name": "GC Viljoen"
                    }
                  ],
                  "kind": "caught"
                }
              ]
            },
            {
              "batter": "SR Harmer",
              "bowler": "Imran Tahir",
              "non_striker": "RT Bailey",
              "runs": {
                "batter": 1,
                "extras": 0,
                "total": 1
              }
            },
            {
              "batter": "RT Bailey",
              "bowler": "Imran Tahir",
              "non_striker": "SR Harmer",
              "runs": {
                "batter": 0,
                "extras": 0,
                "total": 0
              }
            }
          ]
        },
        {
          "over": 10,
          "deliveries": [
            {
              "batter": "SR Harmer",
              "bowler": "AM Phangiso",
              "extras": {
                "wides": 1
              },
              "non_striker": "RT Bailey",
              "runs": {
                "batter": 0,
                "extras": 1,
                "total": 1
              }
            },
            {
              "batter": "SR Harmer",
              "bowler": "AM Phangiso",
              "non_striker": "RT Bailey",
              "runs": {
                "batter": 0,
                "extras": 0,
                "total": 0
              }
            },
            {
              "batter": "SR Harmer",
              "bowler": "AM Phangiso",
              "non_striker": "RT Bailey",
              "runs": {
                "batter": 1,
                "extras": 0,
                "total": 1
              }
            },
            {
              "batter": "RT Bailey",
              "bowler": "AM Phangiso",
              "non_striker": "SR Harmer",
              "runs": {
                "batter": 0,
                "extras": 0,
                "total": 0
              }
            },
            {
              "batter": "RT Bailey",
              "bowler": "AM Phangiso",
              "non_striker": "SR Harmer",
              "runs": {
                "batter": 0,
                "extras": 0,
                "total": 0
              }
            },
            {
              "batter": "RT Bailey",
              "bowler": "AM Phangiso",
              "non_striker": "SR Harmer",
              "runs": {
                "batter": 0,
                "extras": 0,
                "total": 0
              }
            },
            {
              "batter": "RT Bailey",
              "bowler": "AM Phangiso",
              "non_striker": "SR Harmer",
              "runs": {
                "batter": 0,
                "extras": 0,
                "total": 0
              }
            }
          ]
        },
        {
          "over": 11,
          "deliveries": [
            {
              "batter": "SR Harmer",
              "bowler": "Imran Tahir",
              "non_striker": "RT Bailey",
              "runs": {
                "batter": 1,
                "extras": 0,
                "total": 1
              }
            },
            {
              "batter": "RT Bailey",
              "bowler": "Imran Tahir",
              "extras": {
                "wides": 1
              },
              "non_striker": "SR Harmer",
              "runs": {
                "batter": 0,
                "extras": 1,
                "total": 1
              }
            },
            {
              "batter": "RT Bailey",
              "bowler": "Imran Tahir",
              "non_striker": "SR Harmer",
              "runs": {
                "batter": 0,
                "extras": 0,
                "total": 0
              }
            },
            {
              "batter": "RT Bailey",
              "bowler": "Imran Tahir",
              "non_striker": "SR Harmer",
              "runs": {
                "batter": 0,
                "extras": 0,
                "total": 0
              }
            },
            {
              "batter": "RT Bailey",
              "bowler": "Imran Tahir",
              "non_striker": "SR Harmer",
              "runs": {
                "batter": 0,
                "extras": 0,
                "total": 0
              }
            },
            {
              "batter": "RT Bailey",
              "bowler": "Imran Tahir",
              "extras": {
                "wides": 1
              },
              "non_striker": "SR Harmer",
              "runs": {
                "batter": 0,
                "extras": 1,
                "total": 1
              }
            },
            {
              "batter": "RT Bailey",
              "bowler": "Imran Tahir",
              "non_striker": "SR Harmer",
              "runs": {
                "batter": 0,
                "extras": 0,
                "total": 0
              }
            },
            {
              "batter": "RT Bailey",
              "bowler": "Imran Tahir",
              "non_striker": "SR Harmer",
              "runs": {
                "batter": 1,
                "extras": 0,
                "total": 1
              }
            }
          ]
        },
        {
          "over": 12,
          "deliveries": [
            {
              "batter": "RT Bailey",
              "bowler": "GC Viljoen",
              "non_striker": "SR Harmer",
              "runs": {
                "batter": 0,
                "extras": 0,
                "total": 0
              }
            },
            {
              "batter": "RT Bailey",
              "bowler": "GC Viljoen",
              "non_striker": "SR Harmer",
              "runs": {
                "batter": 1,
                "extras": 0,
                "total": 1
              }
            },
            {
              "batter": "SR Harmer",
              "bowler": "GC Viljoen",
              "non_striker": "RT Bailey",
              "runs": {
                "batter": 1,
                "extras": 0,
                "total": 1
              }
            },
            {
              "batter": "RT Bailey",
              "bowler": "GC Viljoen",
              "non_striker": "SR Harmer",
              "runs": {
                "batter": 4,
                "extras": 0,
                "total": 4
              }
            },
            {
              "batter": "RT Bailey",
              "bowler": "GC Viljoen",
              "non_striker": "SR Harmer",
              "runs": {
                "batter": 1,
                "extras": 0,
                "total": 1
              }
            },
            {
              "batter": "SR Harmer",
              "bowler": "GC Viljoen",
              "non_striker": "RT Bailey",
              "runs": {
                "batter": 0,
                "extras": 0,
                "total": 0
              }
            }
          ]
        },
        {
          "over": 13,
          "deliveries": [
            {
              "batter": "RT Bailey",
              "bowler": "AM Phangiso",
              "non_striker": "SR Harmer",
              "runs": {
                "batter": 1,
                "extras": 0,
                "total": 1
              }
            },
            {
              "batter": "SR Harmer",
              "bowler": "AM Phangiso",
              "non_striker": "RT Bailey",
              "runs": {
                "batter": 0,
                "extras": 0,
                "total": 0
              }
            },
            {
              "batter": "SR Harmer",
              "bowler": "AM Phangiso",
              "non_striker": "RT Bailey",
              "runs": {
                "batter": 1,
                "extras": 0,
                "total": 1
              }
            },
            {
              "batter": "RT Bailey",
              "bowler": "AM Phangiso",
              "non_striker": "SR Harmer",
              "runs": {
                "batter": 1,
                "extras": 0,
                "total": 1
              }
            },
            {
              "batter": "SR Harmer",
              "bowler": "AM Phangiso",
              "non_striker": "RT Bailey",
              "runs": {
                "batter": 1,
                "extras": 0,
                "total": 1
              }
            },
            {
              "batter": "RT Bailey",
              "bowler": "AM Phangiso",
              "non_striker": "SR Harmer",
              "runs": {
                "batter": 0,
                "extras": 0,
                "total": 0
              }
            }
          ]
        },
        {
          "over": 14,
          "deliveries": [
            {
              "batter": "SR Harmer",
              "bowler": "GC Viljoen",
              "non_striker": "RT Bailey",
              "runs": {
                "batter": 2,
                "extras": 0,
                "total": 2
              }
            },
            {
              "batter": "SR Harmer",
              "bowler": "GC Viljoen",
              "non_striker": "RT Bailey",
              "runs": {
                "batter": 1,
                "extras": 0,
                "total": 1
              }
            },
            {
              "batter": "RT Bailey",
              "bowler": "GC Viljoen",
              "non_striker": "SR Harmer",
              "runs": {
                "batter": 1,
                "extras": 0,
                "total": 1
              }
            },
            {
              "batter": "SR Harmer",
              "bowler": "GC Viljoen",
              "non_striker": "RT Bailey",
              "runs": {
                "batter": 2,
                "extras": 0,
                "total": 2
              }
            },
            {
              "batter": "SR Harmer",
              "bowler": "GC Viljoen",
              "non_striker": "RT Bailey",
              "runs": {
                "batter": 1,
                "extras": 0,
                "total": 1
              }
            },
            {
              "batter": "RT Bailey",
              "bowler": "GC Viljoen",
              "non_striker": "SR Harmer",
              "runs": {
                "batter": 1,
                "extras": 0,
                "total": 1
              }
            }
          ]
        },
        {
          "over": 15,
          "deliveries": [
            {
              "batter": "RT Bailey",
              "bowler": "Azhar Mahmood",
              "non_striker": "SR Harmer",
              "runs": {
                "batter": 0,
                "extras": 0,
                "total": 0
              }
            },
            {
              "batter": "RT Bailey",
              "bowler": "Azhar Mahmood",
              "non_striker": "SR Harmer",
              "runs": {
                "batter": 4,
                "extras": 0,
                "total": 4
              }
            },
            {
              "batter": "RT Bailey",
              "bowler": "Azhar Mahmood",
              "non_striker": "SR Harmer",
              "runs": {
                "batter": 1,
                "extras": 0,
                "total": 1
              }
            },
            {
              "batter": "SR Harmer",
              "bowler": "Azhar Mahmood",
              "non_striker": "RT Bailey",
              "runs": {
                "batter": 1,
                "extras": 0,
                "total": 1
              }
            },
            {
              "batter": "RT Bailey",
              "bowler": "Azhar Mahmood",
              "non_striker": "SR Harmer",
              "runs": {
                "batter": 1,
                "extras": 0,
                "total": 1
              }
            },
            {
              "batter": "SR Harmer",
              "bowler": "Azhar Mahmood",
              "non_striker": "RT Bailey",
              "runs": {
                "batter": 1,
                "extras": 0,
                "total": 1
              }
            }
          ]
        },
        {
          "over": 16,
          "deliveries": [
            {
              "batter": "SR Harmer",
              "bowler": "GC Viljoen",
              "non_striker": "RT Bailey",
              "runs": {
                "batter": 1,
                "extras": 0,
                "total": 1
              }
            },
            {
              "batter": "RT Bailey",
              "bowler": "GC Viljoen",
              "non_striker": "SR Harmer",
              "runs": {
                "batter": 1,
                "extras": 0,
                "total": 1
              }
            },
            {
              "batter": "SR Harmer",
              "bowler": "GC Viljoen",
              "non_striker": "RT Bailey",
              "runs": {
                "batter": 3,
                "extras": 0,
                "total": 3
              }
            },
            {
              "batter": "RT Bailey",
              "bowler": "GC Viljoen",
              "non_striker": "SR Harmer",
              "runs": {
                "batter": 6,
                "extras": 0,
                "total": 6
              }
            },
            {
              "batter": "RT Bailey",
              "bowler": "GC Viljoen",
              "non_striker": "SR Harmer",
              "runs": {
                "batter": 1,
                "extras": 0,
                "total": 1
              }
            },
            {
              "batter": "SR Harmer",
              "bowler": "GC Viljoen",
              "non_striker": "RT Bailey",
              "runs": {
                "batter": 2,
                "extras": 0,
                "total": 2
              }
            }
          ]
        },
        {
          "over": 17,
          "deliveries": [
            {
              "batter": "RT Bailey",
              "bowler": "Imran Tahir",
              "non_striker": "SR Harmer",
              "runs": {
                "batter": 1,
                "extras": 0,
                "total": 1
              }
            },
            {
              "batter": "SR Harmer",
              "bowler": "Imran Tahir",
              "non_striker": "RT Bailey",
              "runs": {
                "batter": 2,
                "extras": 0,
                "total": 2
              }
            },
            {
              "batter": "SR Harmer",
              "bowler": "Imran Tahir",
              "non_striker": "RT Bailey",
              "runs": {
                "batter": 6,
                "extras": 0,
                "total": 6
              }
            },
            {
              "batter": "SR Harmer",
              "bowler": "Imran Tahir",
              "non_striker": "RT Bailey",
              "runs": {
                "batter": 0,
                "extras": 0,
                "total": 0
              }
            },
            {
              "batter": "SR Harmer",
              "bowler": "Imran Tahir",
              "non_striker": "RT Bailey",
              "runs": {
                "batter": 2,
                "extras": 0,
                "total": 2
              }
            },
            {
              "batter": "SR Harmer",
              "bowler": "Imran Tahir",
              "non_striker": "RT Bailey",
              "runs": {
                "batter": 0,
                "extras": 0,
                "total": 0
              }
            }
          ]
        },
        {
          "over": 18,
          "deliveries": [
            {
              "batter": "RT Bailey",
              "bowler": "CH Morris",
              "extras": {
                "legbyes": 1
              },
              "non_striker": "SR Harmer",
              "runs": {
                "batter": 0,
                "extras": 1,
                "total": 1
              }
            },
            {
              "batter": "SR Harmer",
              "bowler": "CH Morris",
              "non_striker": "RT Bailey",
              "runs": {
                "batter": 6,
                "extras": 0,
                "total": 6
              }
            },
            {
              "batter": "SR Harmer",
              "bowler": "CH Morris",
              "non_striker": "RT Bailey",
              "runs": {
                "batter": 1,
                "extras": 0,
                "total": 1
              }
            },
            {
              "batter": "RT Bailey",
              "bowler": "CH Morris",
              "extras": {
                "noballs": 1
              },
              "non_striker": "SR Harmer",
              "runs": {
                "batter": 0,
                "extras": 1,
                "total": 1
              }
            },
            {
              "batter": "RT Bailey",
              "bowler": "CH Morris",
              "non_striker": "SR Harmer",
              "runs": {
                "batter": 4,
                "extras": 0,
                "total": 4
              }
            },
            {
              "batter": "RT Bailey",
              "bowler": "CH Morris",
              "non_striker": "SR Harmer",
              "runs": {
                "batter": 2,
                "extras": 0,
                "total": 2
              }
            },
            {
              "batter": "RT Bailey",
              "bowler": "CH Morris",
              "non_striker": "SR Harmer",
              "runs": {
                "batter": 1,
                "extras": 0,
                "total": 1
              }
            }
          ]
        },
        {
          "over": 19,
          "deliveries": [
            {
              "batter": "RT Bailey",
              "bowler": "Azhar Mahmood",
              "non_striker": "SR Harmer",
              "runs": {
                "batter": 2,
                "extras": 0,
                "total": 2
              }
            },
            {
              "batter": "RT Bailey",
              "bowler": "Azhar Mahmood",
              "non_striker": "SR Harmer",
              "runs": {
                "batter": 4,
                "extras": 0,
                "total": 4
              }
            },
            {
              "batter": "RT Bailey",
              "bowler": "Azhar Mahmood",
              "non_striker": "SR Harmer",
              "runs": {
                "batter": 4,
                "extras": 0,
                "total": 4
              }
            },
            {
              "batter": "RT Bailey",
              "bowler": "Azhar Mahmood",
              "non_striker": "SR Harmer",
              "runs": {
                "batter": 1,
                "extras": 0,
                "total": 1
              }
            },
            {
              "batter": "SR Harmer",
              "bowler": "Azhar Mahmood",
              "non_striker": "RT Bailey",
              "runs": {
                "batter": 1,
                "extras": 0,
                "total": 1
              }
            },
            {
              "batter": "RT Bailey",
              "bowler": "Azhar Mahmood",
              "non_striker": "SR Harmer",
              "runs": {
                "batter": 0,
                "extras": 0,
                "total": 0
              },
              "wickets": [
                {
                  "player_out": "RT Bailey",
                  "kind": "bowled"
                }
              ]
            }
          ]
        }
      ],
      "powerplays": [
        {
          "from": 0.1,
          "to": 5.6,
          "type": "mandatory"
        }
      ]
    },
    {
      "team": "Lions",
      "overs": [
        {
          "over": 0,
          "deliveries": [
            {
              "batter": "Q de Kock",
              "bowler": "ACR Birch",
              "non_striker": "HE van der Dussen",
              "runs": {
                "batter": 0,
                "extras": 0,
                "total": 0
              }
            },
            {
              "batter": "Q de Kock",
              "bowler": "ACR Birch",
              "non_striker": "HE van der Dussen",
              "runs": {
                "batter": 0,
                "extras": 0,
                "total": 0
              }
            },
            {
              "batter": "Q de Kock",
              "bowler": "ACR Birch",
              "non_striker": "HE van der Dussen",
              "runs": {
                "batter": 2,
                "extras": 0,
                "total": 2
              }
            },
            {
              "batter": "Q de Kock",
              "bowler": "ACR Birch",
              "non_striker": "HE van der Dussen",
              "runs": {
                "batter": 0,
                "extras": 0,
                "total": 0
              }
            },
            {
              "batter": "Q de Kock",
              "bowler": "ACR Birch",
              "non_striker": "HE van der Dussen",
              "runs": {
                "batter": 0,
                "extras": 0,
                "total": 0
              }
            },
            {
              "batter": "Q de Kock",
              "bowler": "ACR Birch",
              "non_striker": "HE van der Dussen",
              "runs": {
                "batter": 0,
                "extras": 0,
                "total": 0
              }
            }
          ]
        },
        {
          "over": 1,
          "deliveries": [
            {
              "batter": "HE van der Dussen",
              "bowler": "WD Parnell",
              "extras": {
                "wides": 1
              },
              "non_striker": "Q de Kock",
              "runs": {
                "batter": 0,
                "extras": 1,
                "total": 1
              }
            },
            {
              "batter": "HE van der Dussen",
              "bowler": "WD Parnell",
              "non_striker": "Q de Kock",
              "runs": {
                "batter": 0,
                "extras": 0,
                "total": 0
              }
            },
            {
              "batter": "HE van der Dussen",
              "bowler": "WD Parnell",
              "non_striker": "Q de Kock",
              "runs": {
                "batter": 1,
                "extras": 0,
                "total": 1
              }
            },
            {
              "batter": "Q de Kock",
              "bowler": "WD Parnell",
              "non_striker": "HE van der Dussen",
              "runs": {
                "batter": 4,
                "extras": 0,
                "total": 4
              }
            },
            {
              "batter": "Q de Kock",
              "bowler": "WD Parnell",
              "non_striker": "HE van der Dussen",
              "runs": {
                "batter": 1,
                "extras": 0,
                "total": 1
              }
            },
            {
              "batter": "HE van der Dussen",
              "bowler": "WD Parnell",
              "non_striker": "Q de Kock",
              "runs": {
                "batter": 1,
                "extras": 0,
                "total": 1
              }
            },
            {
              "batter": "Q de Kock",
              "bowler": "WD Parnell",
              "non_striker": "HE van der Dussen",
              "runs": {
                "batter": 0,
                "extras": 0,
                "total": 0
              }
            }
          ]
        },
        {
          "over": 2,
          "deliveries": [
            {
              "batter": "HE van der Dussen",
              "bowler": "ACR Birch",
              "non_striker": "Q de Kock",
              "runs": {
                "batter": 0,
                "extras": 0,
                "total": 0
              }
            },
            {
              "batter": "HE van der Dussen",
              "bowler": "ACR Birch",
              "non_striker": "Q de Kock",
              "runs": {
                "batter": 1,
                "extras": 0,
                "total": 1
              }
            },
            {
              "batter": "Q de Kock",
              "bowler": "ACR Birch",
              "non_striker": "HE van der Dussen",
              "runs": {
                "batter": 1,
                "extras": 0,
                "total": 1
              }
            },
            {
              "batter": "HE van der Dussen",
              "bowler": "ACR Birch",
              "non_striker": "Q de Kock",
              "runs": {
                "batter": 0,
                "extras": 0,
                "total": 0
              }
            },
            {
              "batter": "HE van der Dussen",
              "bowler": "ACR Birch",
              "non_striker": "Q de Kock",
              "runs": {
                "batter": 0,
                "extras": 0,
                "total": 0
              }
            },
            {
              "batter": "HE van der Dussen",
              "bowler": "ACR Birch",
              "non_striker": "Q de Kock",
              "runs": {
                "batter": 1,
                "extras": 0,
                "total": 1
              }
            }
          ]
        },
        {
          "over": 3,
          "deliveries": [
            {
              "batter": "HE van der Dussen",
              "bowler": "WD Parnell",
              "non_striker": "Q de Kock",
              "runs": {
                "batter": 3,
                "extras": 0,
                "total": 3
              }
            },
            {
              "batter": "Q de Kock",
              "bowler": "WD Parnell",
              "non_striker": "HE van der Dussen",
              "runs": {
                "batter": 0,
                "extras": 0,
                "total": 0
              }
            },
            {
              "batter": "Q de Kock",
              "bowler": "WD Parnell",
              "non_striker": "HE van der Dussen",
              "runs": {
                "batter": 1,
                "extras": 0,
                "total": 1
              }
            },
            {
              "batter": "HE van der Dussen",
              "bowler": "WD Parnell",
              "non_striker": "Q de Kock",
              "runs": {
                "batter": 4,
                "extras": 0,
                "total": 4
              }
            },
            {
              "batter": "HE van der Dussen",
              "bowler": "WD Parnell",
              "non_striker": "Q de Kock",
              "runs": {
                "batter": 1,
                "extras": 0,
                "total": 1
              }
            },
            {
              "batter": "Q de Kock",
              "bowler": "WD Parnell",
              "non_striker": "HE van der Dussen",
              "runs": {
                "batter": 1,
                "extras": 0,
                "total": 1
              }
            }
          ]
        },
        {
          "over": 4,
          "deliveries": [
            {
              "batter": "Q de Kock",
              "bowler": "ACR Birch",
              "non_striker": "HE van der Dussen",
              "runs": {
                "batter": 2,
                "extras": 0,
                "total": 2
              }
            },
            {
              "batter": "Q de Kock",
              "bowler": "ACR Birch",
              "non_striker": "HE van der Dussen",
              "runs": {
                "batter": 4,
                "extras": 0,
                "total": 4
              }
            },
            {
              "batter": "Q de Kock",
              "bowler": "ACR Birch",
              "non_striker": "HE van der Dussen",
              "runs": {
                "batter": 2,
                "extras": 0,
                "total": 2
              }
            },
            {
              "batter": "Q de Kock",
              "bowler": "ACR Birch",
              "non_striker": "HE van der Dussen",
              "runs": {
                "batter": 1,
                "extras": 0,
                "total": 1
              }
            },
            {
              "batter": "HE van der Dussen",
              "bowler": "ACR Birch",
              "non_striker": "Q de Kock",
              "runs": {
                "batter": 0,
                "extras": 0,
                "total": 0
              }
            },
            {
              "batter": "HE van der Dussen",
              "bowler": "ACR Birch",
              "non_striker": "Q de Kock",
              "runs": {
                "batter": 1,
                "extras": 0,
                "total": 1
              }
            }
          ]
        },
        {
          "over": 5,
          "deliveries": [
            {
              "batter": "HE van der Dussen",
              "bowler": "J Theron",
              "non_striker": "Q de Kock",
              "runs": {
                "batter": 0,
                "extras": 0,
                "total": 0
              }
            },
            {
              "batter": "HE van der Dussen",
              "bowler": "J Theron",
              "non_striker": "Q de Kock",
              "runs": {
                "batter": 0,
                "extras": 0,
                "total": 0
              }
            },
            {
              "batter": "HE van der Dussen",
              "bowler": "J Theron",
              "non_striker": "Q de Kock",
              "runs": {
                "batter": 0,
                "extras": 0,
                "total": 0
              }
            },
            {
              "batter": "HE van der Dussen",
              "bowler": "J Theron",
              "non_striker": "Q de Kock",
              "runs": {
                "batter": 0,
                "extras": 0,
                "total": 0
              }
            },
            {
              "batter": "HE van der Dussen",
              "bowler": "J Theron",
              "non_striker": "Q de Kock",
              "runs": {
                "batter": 0,
                "extras": 0,
                "total": 0
              }
            },
            {
              "batter": "HE van der Dussen",
              "bowler": "J Theron",
              "non_striker": "Q de Kock",
              "runs": {
                "batter": 0,
                "extras": 0,
                "total": 0
              }
            }
          ]
        },
        {
          "over": 6,
          "deliveries": [
            {
              "batter": "Q de Kock",
              "bowler": "JT Smuts",
              "non_striker": "HE van der Dussen",
              "runs": {
                "batter": 4,
                "extras": 0,
                "total": 4
              }
            },
            {
              "batter": "Q de Kock",
              "bowler": "JT Smuts",
              "non_striker": "HE van der Dussen",
              "runs": {
                "batter": 1,
                "extras": 0,
                "total": 1
              }
            },
            {
              "batter": "HE van der Dussen",
              "bowler": "JT Smuts",
              "non_striker": "Q de Kock",
              "runs": {
                "batter": 0,
                "extras": 0,
                "total": 0
              }
            },
            {
              "batter": "HE van der Dussen",
              "bowler": "JT Smuts",
              "non_striker": "Q de Kock",
              "runs": {
                "batter": 1,
                "extras": 0,
                "total": 1
              }
            },
            {
              "batter": "Q de Kock",
              "bowler": "JT Smuts",
              "non_striker": "HE van der Dussen",
              "runs": {
                "batter": 1,
                "extras": 0,
                "total": 1
              }
            },
            {
              "batter": "HE van der Dussen",
              "bowler": "JT Smuts",
              "non_striker": "Q de Kock",
              "runs": {
                "batter": 0,
                "extras": 0,
                "total": 0
              }
            }
          ]
        },
        {
          "over": 7,
          "deliveries": [
            {
              "batter": "Q de Kock",
              "bowler": "J Theron",
              "non_striker": "HE van der Dussen",
              "runs": {
                "batter": 1,
                "extras": 0,
                "total": 1
              }
            },
            {
              "batter": "HE van der Dussen",
              "bowler": "J Theron",
              "extras": {
                "legbyes": 1
              },
              "non_striker": "Q de Kock",
              "runs": {
                "batter": 0,
                "extras": 1,
                "total": 1
              }
            },
            {
              "batter": "Q de Kock",
              "bowler": "J Theron",
              "non_striker": "HE van der Dussen",
              "runs": {
                "batter": 0,
                "extras": 0,
                "total": 0
              },
              "wickets": [
                {
                  "player_out": "Q de Kock",
                  "fielders": [
                    {
                      "name": "DJ Jacobs"
                    }
                  ],
                  "kind": "caught"
                }
              ]
            },
            {
              "batter": "Azhar Mahmood",
              "bowler": "J Theron",
              "non_striker": "HE van der Dussen",
              "runs": {
                "batter": 0,
                "extras": 0,
                "total": 0
              }
            },
            {
              "batter": "Azhar Mahmood",
              "bowler": "J Theron",
              "non_striker": "HE van der Dussen",
              "runs": {
                "batter": 0,
                "extras": 0,
                "total": 0
              }
            },
            {
              "batter": "Azhar Mahmood",
              "bowler": "J Theron",
              "non_striker": "HE van der Dussen",
              "runs": {
                "batter": 1,
                "extras": 0,
                "total": 1
              }
            }
          ]
        },
        {
          "over": 8,
          "deliveries": [
            {
              "batter": "Azhar Mahmood",
              "bowler": "JT Smuts",
              "non_striker": "HE van der Dussen",
              "runs": {
                "batter": 4,
                "extras": 0,
                "total": 4
              }
            },
            {
              "batter": "Azhar Mahmood",
              "bowler": "JT Smuts",
              "non_striker": "HE van der Dussen",
              "runs": {
                "batter": 2,
                "extras": 0,
                "total": 2
              }
            },
            {
              "batter": "Azhar Mahmood",
              "bowler": "JT Smuts",
              "non_striker": "HE van der Dussen",
              "runs": {
                "batter": 0,
                "extras": 0,
                "total": 0
              }
            },
            {
              "batter": "Azhar Mahmood",
              "bowler": "JT Smuts",
              "non_striker": "HE van der Dussen",
              "runs": {
                "batter": 1,
                "extras": 0,
                "total": 1
              }
            },
            {
              "batter": "HE van der Dussen",
              "bowler": "JT Smuts",
              "non_striker": "Azhar Mahmood",
              "runs": {
                "batter": 0,
                "extras": 0,
                "total": 0
              },
              "wickets": [
                {
                  "player_out": "HE van der Dussen",
                  "fielders": [
                    {
                      "name": "DJ Jacobs"
                    }
                  ],
                  "kind": "stumped"
                }
              ]
            },
            {
              "batter": "ND McKenzie",
              "bowler": "JT Smuts",
              "non_striker": "Azhar Mahmood",
              "runs": {
                "batter": 1,
                "extras": 0,
                "total": 1
              }
            }
          ]
        },
        {
          "over": 9,
          "deliveries": [
            {
              "batter": "ND McKenzie",
              "bowler": "SR Harmer",
              "non_striker": "Azhar Mahmood",
              "runs": {
                "batter": 1,
                "extras": 0,
                "total": 1
              }
            },
            {
              "batter": "Azhar Mahmood",
              "bowler": "SR Harmer",
              "non_striker": "ND McKenzie",
              "runs": {
                "batter": 0,
                "extras": 0,
                "total": 0
              }
            },
            {
              "batter": "Azhar Mahmood",
              "bowler": "SR Harmer",
              "non_striker": "ND McKenzie",
              "runs": {
                "batter": 1,
                "extras": 0,
                "total": 1
              }
            },
            {
              "batter": "ND McKenzie",
              "bowler": "SR Harmer",
              "non_striker": "Azhar Mahmood",
              "runs": {
                "batter": 1,
                "extras": 0,
                "total": 1
              }
            },
            {
              "batter": "Azhar Mahmood",
              "bowler": "SR Harmer",
              "non_striker": "ND McKenzie",
              "runs": {
                "batter": 1,
                "extras": 0,
                "total": 1
              }
            },
            {
              "batter": "ND McKenzie",
              "bowler": "SR Harmer",
              "non_striker": "Azhar Mahmood",
              "runs": {
                "batter": 1,
                "extras": 0,
                "total": 1
              }
            }
          ]
        },
        {
          "over": 10,
          "deliveries": [
            {
              "batter": "ND McKenzie",
              "bowler": "JT Smuts",
              "non_striker": "Azhar Mahmood",
              "runs": {
                "batter": 0,
                "extras": 0,
                "total": 0
              }
            },
            {
              "batter": "ND McKenzie",
              "bowler": "JT Smuts",
              "non_striker": "Azhar Mahmood",
              "runs": {
                "batter": 1,
                "extras": 0,
                "total": 1
              }
            },
            {
              "batter": "Azhar Mahmood",
              "bowler": "JT Smuts",
              "non_striker": "ND McKenzie",
              "runs": {
                "batter": 1,
                "extras": 0,
                "total": 1
              }
            },
            {
              "batter": "ND McKenzie",
              "bowler": "JT Smuts",
              "non_striker": "Azhar Mahmood",
              "runs": {
                "batter": 2,
                "extras": 0,
                "total": 2
              }
            },
            {
              "batter": "ND McKenzie",
              "bowler": "JT Smuts",
              "non_striker": "Azhar Mahmood",
              "runs": {
                "batter": 0,
                "extras": 0,
                "total": 0
              },
              "wickets": [
                {
                  "player_out": "ND McKenzie",
                  "fielders": [
                    {
                      "name": "WD Parnell"
                    }
                  ],
                  "kind": "caught"
                }
              ]
            },
            {
              "batter": "AN Petersen",
              "bowler": "JT Smuts",
              "non_striker": "Azhar Mahmood",
              "runs": {
                "batter": 1,
                "extras": 0,
                "total": 1
              }
            }
          ]
        },
        {
          "over": 11,
          "deliveries": [
            {
              "batter": "AN Petersen",
              "bowler": "SR Harmer",
              "non_striker": "Azhar Mahmood",
              "runs": {
                "batter": 1,
                "extras": 0,
                "total": 1
              }
            },
            {
              "batter": "Azhar Mahmood",
              "bowler": "SR Harmer",
              "non_striker": "AN Petersen",
              "runs": {
                "batter": 0,
                "extras": 0,
                "total": 0
              }
            },
            {
              "batter": "Azhar Mahmood",
              "bowler": "SR Harmer",
              "non_striker": "AN Petersen",
              "runs": {
                "batter": 1,
                "extras": 0,
                "total": 1
              }
            },
            {
              "batter": "AN Petersen",
              "bowler": "SR Harmer",
              "non_striker": "Azhar Mahmood",
              "runs": {
                "batter": 1,
                "extras": 0,
                "total": 1
              }
            },
            {
              "batter": "Azhar Mahmood",
              "bowler": "SR Harmer",
              "non_striker": "AN Petersen",
              "runs": {
                "batter": 0,
                "extras": 0,
                "total": 0
              }
            },
            {
              "batter": "Azhar Mahmood",
              "bowler": "SR Harmer",
              "non_striker": "AN Petersen",
              "runs": {
                "batter": 1,
                "extras": 0,
                "total": 1
              }
            }
          ]
        },
        {
          "over": 12,
          "deliveries": [
            {
              "batter": "Azhar Mahmood",
              "bowler": "JT Smuts",
              "non_striker": "AN Petersen",
              "runs": {
                "batter": 0,
                "extras": 0,
                "total": 0
              },
              "wickets": [
                {
                  "player_out": "Azhar Mahmood",
                  "fielders": [
                    {
                      "name": "AG Prince"
                    }
                  ],
                  "kind": "caught"
                }
              ]
            },
            {
              "batter": "AN Petersen",
              "bowler": "JT Smuts",
              "non_striker": "GH Bodi",
              "runs": {
                "batter": 1,
                "extras": 0,
                "total": 1
              }
            },
            {
              "batter": "GH Bodi",
              "bowler": "JT Smuts",
              "non_striker": "AN Petersen",
              "runs": {
                "batter": 1,
                "extras": 0,
                "total": 1
              }
            },
            {
              "batter": "AN Petersen",
              "bowler": "JT Smuts",
              "non_striker": "GH Bodi",
              "runs": {
                "batter": 4,
                "extras": 0,
                "total": 4
              }
            },
            {
              "batter": "AN Petersen",
              "bowler": "JT Smuts",
              "non_striker": "GH Bodi",
              "runs": {
                "batter": 1,
                "extras": 0,
                "total": 1
              }
            },
            {
              "batter": "GH Bodi",
              "bowler": "JT Smuts",
              "non_striker": "AN Petersen",
              "runs": {
                "batter": 1,
                "extras": 0,
                "total": 1
              }
            }
          ]
        },
        {
          "over": 13,
          "deliveries": [
            {
              "batter": "GH Bodi",
              "bowler": "SR Harmer",
              "non_striker": "AN Petersen",
              "runs": {
                "batter": 0,
                "extras": 0,
                "total": 0
              }
            },
            {
              "batter": "GH Bodi",
              "bowler": "SR Harmer",
              "non_striker": "AN Petersen",
              "runs": {
                "batter": 0,
                "extras": 0,
                "total": 0
              },
              "wickets": [
                {
                  "player_out": "AN Petersen",
                  "fielders": [
                    {
                      "name": "DJ Jacobs"
                    }
                  ],
                  "kind": "run out"
                }
              ]
            },
            {
              "batter": "GH Bodi",
              "bowler": "SR Harmer",
              "non_striker": "D Pretorius",
              "runs": {
                "batter": 1,
                "extras": 0,
                "total": 1
              }
            },
            {
              "batter": "D Pretorius",
              "bowler": "SR Harmer",
              "non_striker": "GH Bodi",
              "runs": {
                "batter": 0,
                "extras": 0,
                "total": 0
              },
              "wickets": [
                {
                  "player_out": "D Pretorius",
                  "kind": "lbw"
                }
              ]
            },
            {
              "batter": "CH Morris",
              "bowler": "SR Harmer",
              "non_striker": "GH Bodi",
              "runs": {
                "batter": 1,
                "extras": 0,
                "total": 1
              }
            },
            {
              "batter": "GH Bodi",
              "bowler": "SR Harmer",
              "non_striker": "CH Morris",
              "runs": {
                "batter": 0,
                "extras": 0,
                "total": 0
              }
            }
          ]
        },
        {
          "over": 14,
          "deliveries": [
            {
              "batter": "CH Morris",
              "bowler": "L Mbane",
              "non_striker": "GH Bodi",
              "runs": {
                "batter": 0,
                "extras": 0,
                "total": 0
              }
            },
            {
              "batter": "CH Morris",
              "bowler": "L Mbane",
              "non_striker": "GH Bodi",
              "runs": {
                "batter": 0,
                "extras": 0,
                "total": 0
              }
            },
            {
              "batter": "CH Morris",
              "bowler": "L Mbane",
              "non_striker": "GH Bodi",
              "runs": {
                "batter": 0,
                "extras": 0,
                "total": 0
              }
            },
            {
              "batter": "CH Morris",
              "bowler": "L Mbane",
              "non_striker": "GH Bodi",
              "runs": {
                "batter": 0,
                "extras": 0,
                "total": 0
              }
            },
            {
              "batter": "CH Morris",
              "bowler": "L Mbane",
              "non_striker": "GH Bodi",
              "runs": {
                "batter": 4,
                "extras": 0,
                "total": 4
              }
            },
            {
              "batter": "CH Morris",
              "bowler": "L Mbane",
              "non_striker": "GH Bodi",
              "runs": {
                "batter": 1,
                "extras": 0,
                "total": 1
              }
            }
          ]
        },
        {
          "over": 15,
          "deliveries": [
            {
              "batter": "CH Morris",
              "bowler": "SR Harmer",
              "non_striker": "GH Bodi",
              "runs": {
                "batter": 0,
                "extras": 0,
                "total": 0
              }
            },
            {
              "batter": "CH Morris",
              "bowler": "SR Harmer",
              "non_striker": "GH Bodi",
              "runs": {
                "batter": 6,
                "extras": 0,
                "total": 6
              }
            },
            {
              "batter": "CH Morris",
              "bowler": "SR Harmer",
              "non_striker": "GH Bodi",
              "runs": {
                "batter": 4,
                "extras": 0,
                "total": 4
              }
            },
            {
              "batter": "CH Morris",
              "bowler": "SR Harmer",
              "non_striker": "GH Bodi",
              "runs": {
                "batter": 0,
                "extras": 0,
                "total": 0
              },
              "wickets": [
                {
                  "player_out": "CH Morris",
                  "fielders": [
                    {
                      "name": "RT Bailey"
                    }
                  ],
                  "kind": "caught"
                }
              ]
            },
            {
              "batter": "GH Bodi",
              "bowler": "SR Harmer",
              "non_striker": "GC Viljoen",
              "runs": {
                "batter": 0,
                "extras": 0,
                "total": 0
              }
            },
            {
              "batter": "GH Bodi",
              "bowler": "SR Harmer",
              "non_striker": "GC Viljoen",
              "runs": {
                "batter": 1,
                "extras": 0,
                "total": 1
              }
            }
          ]
        },
        {
          "over": 16,
          "deliveries": [
            {
              "batter": "GH Bodi",
              "bowler": "WD Parnell",
              "non_striker": "GC Viljoen",
              "runs": {
                "batter": 1,
                "extras": 0,
                "total": 1
              }
            },
            {
              "batter": "GC Viljoen",
              "bowler": "WD Parnell",
              "non_striker": "GH Bodi",
              "runs": {
                "batter": 0,
                "extras": 0,
                "total": 0
              }
            },
            {
              "batter": "GC Viljoen",
              "bowler": "WD Parnell",
              "non_striker": "GH Bodi",
              "runs": {
                "batter": 4,
                "extras": 0,
                "total": 4
              }
            },
            {
              "batter": "GC Viljoen",
              "bowler": "WD Parnell",
              "non_striker": "GH Bodi",
              "runs": {
                "batter": 0,
                "extras": 0,
                "total": 0
              }
            },
            {
              "batter": "GC Viljoen",
              "bowler": "WD Parnell",
              "non_striker": "GH Bodi",
              "runs": {
                "batter": 1,
                "extras": 0,
                "total": 1
              }
            },
            {
              "batter": "GH Bodi",
              "bowler": "WD Parnell",
              "non_striker": "GC Viljoen",
              "runs": {
                "batter": 0,
                "extras": 0,
                "total": 0
              },
              "wickets": [
                {
                  "player_out": "GH Bodi",
                  "fielders": [
                    {
                      "name": "DJ Jacobs"
                    }
                  ],
                  "kind": "caught"
                }
              ]
            }
          ]
        },
        {
          "over": 17,
          "deliveries": [
            {
              "batter": "GC Viljoen",
              "bowler": "J Theron",
              "non_striker": "AM Phangiso",
              "runs": {
                "batter": 0,
                "extras": 0,
                "total": 0
              }
            },
            {
              "batter": "GC Viljoen",
              "bowler": "J Theron",
              "non_striker": "AM Phangiso",
              "runs": {
                "batter": 0,
                "extras": 0,
                "total": 0
              }
            },
            {
              "batter": "GC Viljoen",
              "bowler": "J Theron",
              "extras": {
                "legbyes": 1
              },
              "non_striker": "AM Phangiso",
              "runs": {
                "batter": 0,
                "extras": 1,
                "total": 1
              }
            },
            {
              "batter": "AM Phangiso",
              "bowler": "J Theron",
              "non_striker": "GC Viljoen",
              "runs": {
                "batter": 4,
                "extras": 0,
                "total": 4
              }
            },
            {
              "batter": "AM Phangiso",
              "bowler": "J Theron",
              "non_striker": "GC Viljoen",
              "runs": {
                "batter": 0,
                "extras": 0,
                "total": 0
              }
            },
            {
              "batter": "AM Phangiso",
              "bowler": "J Theron",
              "extras": {
                "wides": 1
              },
              "non_striker": "GC Viljoen",
              "runs": {
                "batter": 0,
                "extras": 1,
                "total": 1
              }
            },
            {
              "batter": "AM Phangiso",
              "bowler": "J Theron",
              "non_striker": "GC Viljoen",
              "runs": {
                "batter": 1,
                "extras": 0,
                "total": 1
              }
            }
          ]
        },
        {
          "over": 18,
          "deliveries": [
            {
              "batter": "AM Phangiso",
              "bowler": "WD Parnell",
              "non_striker": "GC Viljoen",
              "runs": {
                "batter": 1,
                "extras": 0,
                "total": 1
              }
            },
            {
              "batter": "GC Viljoen",
              "bowler": "WD Parnell",
              "non_striker": "AM Phangiso",
              "runs": {
                "batter": 6,
                "extras": 0,
                "total": 6
              }
            },
            {
              "batter": "GC Viljoen",
              "bowler": "WD Parnell",
              "non_striker": "AM Phangiso",
              "runs": {
                "batter": 0,
                "extras": 0,
                "total": 0
              },
              "wickets": [
                {
                  "player_out": "GC Viljoen",
                  "fielders": [
                    {
                      "name": "DJ Jacobs"
                    }
                  ],
                  "kind": "caught"
                }
              ]
            },
            {
              "batter": "AM Phangiso",
              "bowler": "WD Parnell",
              "non_striker": "Imran Tahir",
              "runs": {
                "batter": 0,
                "extras": 0,
                "total": 0
              }
            },
            {
              "batter": "AM Phangiso",
              "bowler": "WD Parnell",
              "non_striker": "Imran Tahir",
              "runs": {
                "batter": 0,
                "extras": 0,
                "total": 0
              }
            },
            {
              "batter": "AM Phangiso",
              "bowler": "WD Parnell",
              "non_striker": "Imran Tahir",
              "runs": {
                "batter": 0,
                "extras": 0,
                "total": 0
              }
            }
          ]
        },
        {
          "over": 19,
          "deliveries": [
            {
              "batter": "Imran Tahir",
              "bowler": "J Theron",
              "non_striker": "AM Phangiso",
              "runs": {
                "batter": 2,
                "extras": 0,
                "total": 2
              }
            },
            {
              "batter": "Imran Tahir",
              "bowler": "J Theron",
              "non_striker": "AM Phangiso",
              "runs": {
                "batter": 0,
                "extras": 0,
                "total": 0
              }
            },
            {
              "batter": "Imran Tahir",
              "bowler": "J Theron",
              "non_striker": "AM Phangiso",
              "runs": {
                "batter": 0,
                "extras": 0,
                "total": 0
              }
            },
            {
              "batter": "Imran Tahir",
              "bowler": "J Theron",
              "non_striker": "AM Phangiso",
              "runs": {
                "batter": 1,
                "extras": 0,
                "total": 1
              }
            },
            {
              "batter": "AM Phangiso",
              "bowler": "J Theron",
              "non_striker": "Imran Tahir",
              "runs": {
                "batter": 0,
                "extras": 0,
                "total": 0
              },
              "wickets": [
                {
                  "player_out": "AM Phangiso",
                  "kind": "lbw"
                }
              ]
            }
          ]
        }
      ],
      "powerplays": [
        {
          "from": 0.1,
          "to": 5.6,
          "type": "mandatory"
        }
      ],
      "target": {
        "overs": 20,
        "runs": 141
      }
    }
  ]
}