{
  "meta": {
    "data_version": "1.1.0",
    "created": "2022-04-03",
    "revision": 1
  },
  "info": {
    "balls_per_over": 6,
    "city": "Johannesburg",
    "dates": [
      "2014-11-02"
    ],
    "event": {
      "name": "Ram Slam T20 Challenge"
    },
    "gender": "male",
    "match_type": "T20",
    "officials": {
      "match_referees": [
        "D Govindjee"
      ],
      "reserve_umpires": [
        "GH Pienaar"
      ],
      "tv_umpires": [
        "S George"
      ],
      "umpires": [
        "BP Jele",
        "DJ Smith"
      ]
    },
    "outcome": {
      "winner": "Knights",
      "by": {
        "runs": 74
      }
    },
    "overs": 20,
    "player_of_match": [
      "D du Preez",
      "DS Rosier"
    ],
    "players": {
      "Knights": [
        "RS Second",
        "GJ Abrahams",
        "TM Bodibe",
        "PJ van Biljon",
        "DS Rosier",
        "AD Russell",
        "AJ Pienaar",
        "WL Coetsee",
        "D du Preez",
        "SC van Schalkwyk",
        "MP Siboto"
      ],
      "Warriors": [
        "JT Smuts",
        "C Kieswetter",
        "CA Ingram",
        "RT Bailey",
        "CN Ackermann",
        "SR Harmer",
        "S Seyibokwe",
        "ACR Birch",
        "SSB Magala",
        "A Gqamane",
        "L Mbane"
      ]
    },
    "registry": {
      "people": {
        "A Gqamane": "a83c44b8",
        "ACR Birch": "9df3a2f4",
        "AD Russell": "bbd41817",
        "AJ Pienaar": "647a48da",
        "BP Jele": "7bb1331e",
        "C Kieswetter": "1e960f2a",
        "CA Ingram": "c995d726",
        "CN Ackermann": "e734d090",
        "D Govindjee": "8b4c4069",
        "D du Preez": "d7a57f75",
        "DJ Smith": "d17bec15",
        "DS Rosier": "f8e6dbdd",
        "GH Pienaar": "3516e46b",
        "GJ Abrahams": "231a7404",
        "JT Smuts": "42172c3c",
        "L Mbane": "ca322fd6",
        "MP Siboto": "9d50c7e1",
        "PJ van Biljon": "4025c262",
        "RS Second": "13d0b3d6",
        "RT Bailey": "93a751e8",
        "S George": "6d9e5a54",
        "S Seyibokwe": "2f873ad6",
        "SC van Schalkwyk": "97b0e4ff",
        "SR Harmer": "23638956",
        "SSB Magala": "8361e524",
        "TM Bodibe": "ed982dfa",
        "WL Coetsee": "5f419ace"
      }
    },
    "season": "2014/15",
    "team_type": "club",
    "teams": [
      "Knights",
      "Warriors"
    ],
    "toss": {
      "decision": "field",
      "winner": "Warriors"
    },
    "venue": "New Wanderers Stadium, Johannesburg"
  },
  "innings": [
    {
      "team": "Knights",
      "overs": [
        {
          "over": 0,
          "deliveries": [
            {
              "batter": "RS Second",
              "bowler": "ACR Birch",
              "non_striker": "GJ Abrahams",
              "runs": {
                "batter": 0,
                "extras": 0,
                "total": 0
              }
            },
            {
              "batter": "RS Second",
              "bowler": "ACR Birch",
              "non_striker": "GJ Abrahams",
              "runs": {
                "batter": 0,
                "extras": 0,
                "total": 0
              }
            },
            {
              "batter": "RS Second",
              "bowler": "ACR Birch",
              "non_striker": "GJ Abrahams",
              "runs": {
                "batter": 0,
                "extras": 0,
                "total": 0
              }
            },
            {
              "batter": "RS Second",
              "bowler": "ACR Birch",
              "non_striker": "GJ Abrahams",
              "runs": {
                "batter": 1,
                "extras": 0,
                "total": 1
              }
            },
            {
              "batter": "GJ Abrahams",
              "bowler": "ACR Birch",
              "non_striker": "RS Second",
              "runs": {
                "batter": 0,
                "extras": 0,
                "total": 0
              }
            },
            {
              "batter": "GJ Abrahams",
              "bowler": "ACR Birch",
              "non_striker": "RS Second",
              "runs": {
                "batter": 0,
                "extras": 0,
                "total": 0
              }
            }
          ]
        },
        {
          "over": 1,
          "deliveries": [
            {
              "batter": "RS Second",
              "bowler": "A Gqamane",
              "non_striker": "GJ Abrahams",
              "runs": {
                "batter": 4,
                "extras": 0,
                "total": 4
              }
            },
            {
              "batter": "RS Second",
              "bowler": "A Gqamane",
              "non_striker": "GJ Abrahams",
              "runs": {
                "batter": 0,
                "extras": 0,
                "total": 0
              }
            },
            {
              "batter": "RS Second",
              "bowler": "A Gqamane",
              "non_striker": "GJ Abrahams",
              "runs": {
                "batter": 1,
                "extras": 0,
                "total": 1
              }
            },
            {
              "batter": "GJ Abrahams",
              "bowler": "A Gqamane",
              "non_striker": "RS Second",
              "runs": {
                "batter": 1,
                "extras": 0,
                "total": 1
              }
            },
            {
              "batter": "RS Second",
              "bowler": "A Gqamane",
              "non_striker": "GJ Abrahams",
              "runs": {
                "batter": 0,
                "extras": 0,
                "total": 0
              }
            },
            {
              "batter": "RS Second",
              "bowler": "A Gqamane",
              "non_striker": "GJ Abrahams",
              "runs": {
                "batter": 6,
                "extras": 0,
                "total": 6
              }
            }
          ]
        },
        {
          "over": 2,
          "deliveries": [
            {
              "batter": "GJ Abrahams",
              "bowler": "ACR Birch",
              "non_striker": "RS Second",
              "runs": {
                "batter": 2,
                "extras": 0,
                "total": 2
              }
            },
            {
              "batter": "GJ Abrahams",
              "bowler": "ACR Birch",
              "non_striker": "RS Second",
              "runs": {
                "batter": 4,
                "extras": 0,
                "total": 4
              }
            },
            {
              "batter": "GJ Abrahams",
              "bowler": "ACR Birch",
              "non_striker": "RS Second",
              "runs": {
                "batter": 1,
                "extras": 0,
                "total": 1
              }
            },
            {
              "batter": "RS Second",
              "bowler": "ACR Birch",
              "non_striker": "GJ Abrahams",
              "runs": {
                "batter": 0,
                "extras": 0,
                "total": 0
              }
            },
            {
              "batter": "RS Second",
              "bowler": "ACR Birch",
              "non_striker": "GJ Abrahams",
              "runs": {
                "batter": 6,
                "extras": 0,
                "total": 6
              }
            },
            {
              "batter": "RS Second",
              "bowler": "ACR Birch",
              "non_striker": "GJ Abrahams",
              "runs": {
                "batter": 0,
                "extras": 0,
                "total": 0
              }
            }
          ]
        },
        {
          "over": 3,
          "deliveries": [
            {
              "batter": "GJ Abrahams",
              "bowler": "SR Harmer",
              "non_striker": "RS Second",
              "runs": {
                "batter": 2,
                "extras": 0,
                "total": 2
              }
            },
            {
              "batter": "GJ Abrahams",
              "bowler": "SR Harmer",
              "non_striker": "RS Second",
              "runs": {
                "batter": 1,
                "extras": 0,
                "total": 1
              }
            },
            {
              "batter": "RS Second",
              "bowler": "SR Harmer",
              "non_striker": "GJ Abrahams",
              "runs": {
                "batter": 1,
                "extras": 0,
                "total": 1
              }
            },
            {
              "batter": "GJ Abrahams",
              "bowler": "SR Harmer",
              "non_striker": "RS Second",
              "runs": {
                "batter": 1,
                "extras": 0,
                "total": 1
              }
            },
            {
              "batter": "RS Second",
              "bowler": "SR Harmer",
              "non_striker": "GJ Abrahams",
              "runs": {
                "batter": 4,
                "extras": 0,
                "total": 4
              }
            },
            {
              "batter": "RS Second",
              "bowler": "SR Harmer",
              "non_striker": "GJ Abrahams",
              "runs": {
                "batter": 1,
                "extras": 0,
                "total": 1
              }
            }
          ]
        },
        {
          "over": 4,
          "deliveries": [
            {
              "batter": "RS Second",
              "bowler": "SSB Magala",
              "non_striker": "GJ Abrahams",
              "runs": {
                "batter": 1,
                "extras": 0,
                "total": 1
              }
            },
            {
              "batter": "GJ Abrahams",
              "bowler": "SSB Magala",
              "non_striker": "RS Second",
              "runs": {
                "batter": 0,
                "extras": 0,
                "total": 0
              }
            },
            {
              "batter": "GJ Abrahams",
              "bowler": "SSB Magala",
              "non_striker": "RS Second",
              "runs": {
                "batter": 4,
                "extras": 0,
                "total": 4
              }
            },
            {
              "batter": "GJ Abrahams",
              "bowler": "SSB Magala",
              "non_striker": "RS Second",
              "runs": {
                "batter": 4,
                "extras": 0,
                "total": 4
              }
            },
            {
              "batter": "GJ Abrahams",
              "bowler": "SSB Magala",
              "non_striker": "RS Second",
              "runs": {
                "batter": 0,
                "extras": 0,
                "total": 0
              }
            },
            {
              "batter": "GJ Abrahams",
              "bowler": "SSB Magala",
              "non_striker": "RS Second",
              "runs": {
                "batter": 1,
                "extras": 0,
                "total": 1
              }
            }
          ]
        },
        {
          "over": 5,
          "deliveries": [
            {
              "batter": "GJ Abrahams",
              "bowler": "L Mbane",
              "non_striker": "RS Second",
              "runs": {
                "batter": 6,
                "extras": 0,
                "total": 6
              }
            },
            {
              "batter": "GJ Abrahams",
              "bowler": "L Mbane",
              "extras": {
                "wides": 1
              },
              "non_striker": "RS Second",
              "runs": {
                "batter": 0,
                "extras": 1,
                "total": 1
              }
            },
            {
              "batter": "GJ Abrahams",
              "bowler": "L Mbane",
              "non_striker": "RS Second",
              "runs": {
                "batter": 4,
                "extras": 0,
                "total": 4
              }
            },
            {
              "batter": "GJ Abrahams",
              "bowler": "L Mbane",
              "non_striker": "RS Second",
              "runs": {
                "batter": 0,
                "extras": 0,
                "total": 0
              }
            },
            {
              "batter": "GJ Abrahams",
              "bowler": "L Mbane",
              "non_striker": "RS Second",
              "runs": {
                "batter": 2,
                "extras": 0,
                "total": 2
              }
            },
            {
              "batter": "GJ Abrahams",
              "bowler": "L Mbane",
              "non_striker": "RS Second",
              "runs": {
                "batter": 1,
                "extras": 0,
                "total": 1
              }
            },
            {
              "batter": "RS Second",
              "bowler": "L Mbane",
              "non_striker": "GJ Abrahams",
              "runs": {
                "batter": 0,
                "extras": 0,
                "total": 0
              }
            }
          ]
        },
        {
          "over": 6,
          "deliveries": [
            {
              "batter": "GJ Abrahams",
              "bowler": "SSB Magala",
              "non_striker": "RS Second",
              "runs": {
                "batter": 0,
                "extras": 0,
                "total": 0
              }
            },
            {
              "batter": "GJ Abrahams",
              "bowler": "SSB Magala",
              "non_striker": "RS Second",
              "runs": {
                "batter": 2,
                "extras": 0,
                "total": 2
              }
            },
            {
              "batter": "GJ Abrahams",
              "bowler": "SSB Magala",
              "non_striker": "RS Second",
              "runs": {
                "batter": 2,
                "extras": 0,
                "total": 2
              }
            },
            {
              "batter": "GJ Abrahams",
              "bowler": "SSB Magala",
              "extras": {
                "wides": 1
              },
              "non_striker": "RS Second",
              "runs": {
                "batter": 0,
                "extras": 1,
                "total": 1
              }
            },
            {
              "batter": "GJ Abrahams",
              "bowler": "SSB Magala",
              "non_striker": "RS Second",
              "runs": {
                "batter": 1,
                "extras": 0,
                "total": 1
              }
            },
            {
              "batter": "RS Second",
              "bowler": "SSB Magala",
              "non_striker": "GJ Abrahams",
              "runs": {
                "batter": 2,
                "extras": 0,
                "total": 2
              }
            },
            {
              "batter": "RS Second",
              "bowler": "SSB Magala",
              "non_striker": "GJ Abrahams",
              "runs": {
                "batter": 1,
                "extras": 0,
                "total": 1
              }
            }
          ]
        },
        {
          "over": 7,
          "deliveries": [
            {
              "batter": "RS Second",
              "bowler": "SR Harmer",
              "non_striker": "GJ Abrahams",
              "runs": {
                "batter": 0,
                "extras": 0,
                "total": 0
              }
            },
            {
              "batter": "RS Second",
              "bowler": "SR Harmer",
              "non_striker": "GJ Abrahams",
              "runs": {
                "batter": 0,
                "extras": 0,
                "total": 0
              }
            },
            {
              "batter": "RS Second",
              "bowler": "SR Harmer",
              "non_striker": "GJ Abrahams",
              "runs": {
                "batter": 1,
                "extras": 0,
                "total": 1
              }
            },
            {
              "batter": "GJ Abrahams",
              "bowler": "SR Harmer",
              "non_striker": "RS Second",
              "runs": {
                "batter": 1,
                "extras": 0,
                "total": 1
              }
            },
            {
              "batter": "RS Second",
              "bowler": "SR Harmer",
              "non_striker": "GJ Abrahams",
              "runs": {
                "batter": 2,
                "extras": 0,
                "total": 2
              }
            },
            {
              "batter": "RS Second",
              "bowler": "SR Harmer",
              "non_striker": "GJ Abrahams",
              "runs": {
                "batter": 0,
                "extras": 0,
                "total": 0
              }
            }
          ]
        },
        {
          "over": 8,
          "deliveries": [
            {
              "batter": "GJ Abrahams",
              "bowler": "JT Smuts",
              "non_striker": "RS Second",
              "runs": {
                "batter": 1,
                "extras": 0,
                "total": 1
              }
            },
            {
              "batter": "RS Second",
              "bowler": "JT Smuts",
              "non_striker": "GJ Abrahams",
              "runs": {
                "batter": 0,
                "extras": 0,
                "total": 0
              }
            },
            {
              "batter": "RS Second",
              "bowler": "JT Smuts",
              "non_striker": "GJ Abrahams",
              "runs": {
                "batter": 1,
                "extras": 0,
                "total": 1
              }
            },
            {
              "batter": "GJ Abrahams",
              "bowler": "JT Smuts",
              "non_striker": "RS Second",
              "runs": {
                "batter": 2,
                "extras": 0,
                "total": 2
              }
            },
            {
              "batter": "GJ Abrahams",
              "bowler": "JT Smuts",
              "non_striker": "RS Second",
              "runs": {
                "batter": 1,
                "extras": 0,
                "total": 1
              }
            },
            {
              "batter": "RS Second",
              "bowler": "JT Smuts",
              "non_striker": "GJ Abrahams",
              "runs": {
                "batter": 0,
                "extras": 0,
                "total": 0
              },
              "wickets": [
                {
                  "player_out": "RS Second",
                  "fielders": [
                    {
                      "name": "S Seyibokwe"
                    }
                  ],
                  "kind": "caught"
                }
              ]
            }
          ]
        },
        {
          "over": 9,
          "deliveries": [
            {
              "batter": "TM Bodibe",
              "bowler": "SR Harmer",
              "non_striker": "GJ Abrahams",
              "runs": {
                "batter": 0,
                "extras": 0,
                "total": 0
              },
              "wickets": [
                {
                  "player_out": "TM Bodibe",
                  "kind": "bowled"
                }
              ]
            },
            {
              "batter": "PJ van Biljon",
              "bowler": "SR Harmer",
              "non_striker": "GJ Abrahams",
              "runs": {
                "batter": 4,
                "extras": 0,
                "total": 4
              }
            },
            {
              "batter": "PJ van Biljon",
              "bowler": "SR Harmer",
              "non_striker": "GJ Abrahams",
              "runs": {
                "batter": 0,
                "extras": 0,
                "total": 0
              }
            },
            {
              "batter": "PJ van Biljon",
              "bowler": "SR Harmer",
              "non_striker": "GJ Abrahams",
              "runs": {
                "batter": 1,
                "extras": 0,
                "total": 1
              }
            },
            {
              "batter": "GJ Abrahams",
              "bowler": "SR Harmer",
              "non_striker": "PJ van Biljon",
              "runs": {
                "batter": 1,
                "extras": 0,
                "total": 1
              }
            },
            {
              "batter": "PJ van Biljon",
              "bowler": "SR Harmer",
              "non_striker": "GJ Abrahams",
              "runs": {
                "batter": 2,
                "extras": 0,
                "total": 2
              }
            }
          ]
        },
        {
          "over": 10,
          "deliveries": [
            {
              "batter": "GJ Abrahams",
              "bowler": "JT Smuts",
              "non_striker": "PJ van Biljon",
              "runs": {
                "batter": 0,
                "extras": 0,
                "total": 0
              }
            },
            {
              "batter": "GJ Abrahams",
              "bowler": "JT Smuts",
              "non_striker": "PJ van Biljon",
              "runs": {
                "batter": 2,
                "extras": 0,
                "total": 2
              }
            },
            {
              "batter": "GJ Abrahams",
              "bowler": "JT Smuts",
              "non_striker": "PJ van Biljon",
              "runs": {
                "batter": 1,
                "extras": 0,
                "total": 1
              }
            },
            {
              "batter": "PJ van Biljon",
              "bowler": "JT Smuts",
              "non_striker": "GJ Abrahams",
              "runs": {
                "batter": 0,
                "extras": 0,
                "total": 0
              },
              "wickets": [
                {
                  "player_out": "GJ Abrahams",
                  "fielders": [
                    {
                      "name": "C Kieswetter"
                    },
                    {
                      "name": "CA Ingram"
                    }
                  ],
                  "kind": "run out"
                }
              ]
            },
            {
              "batter": "DS Rosier",
              "bowler": "JT Smuts",
              "non_striker": "PJ van Biljon",
              "runs": {
                "batter": 2,
                "extras": 0,
                "total": 2
              }
            },
            {
              "batter": "DS Rosier",
              "bowler": "JT Smuts",
              "non_striker": "PJ van Biljon",
              "runs": {
                "batter": 0,
                "extras": 0,
                "total": 0
              }
            }
          ]
        },
        {
          "over": 11,
          "deliveries": [
            {
              "batter": "PJ van Biljon",
              "bowler": "SR Harmer",
              "non_striker": "DS Rosier",
              "runs": {
                "batter": 4,
                "extras": 0,
                "total": 4
              }
            },
            {
              "batter": "PJ van Biljon",
              "bowler": "SR Harmer",
              "non_striker": "DS Rosier",
              "runs": {
                "batter": 1,
                "extras": 0,
                "total": 1
              }
            },
            {
              "batter": "DS Rosier",
              "bowler": "SR Harmer",
              "non_striker": "PJ van Biljon",
              "runs": {
                "batter": 4,
                "extras": 0,
                "total": 4
              }
            },
            {
              "batter": "DS Rosier",
              "bowler": "SR Harmer",
              "non_striker": "PJ van Biljon",
              "runs": {
                "batter": 1,
                "extras": 0,
                "total": 1
              }
            },
            {
              "batter": "PJ van Biljon",
              "bowler": "SR Harmer",
              "non_striker": "DS Rosier",
              "runs": {
                "batter": 0,
                "extras": 0,
                "total": 0
              }
            },
            {
              "batter": "PJ van Biljon",
              "bowler": "SR Harmer",
              "non_striker": "DS Rosier",
              "runs": {
                "batter": 0,
                "extras": 0,
                "total": 0
              }
            }
          ]
        },
        {
          "over": 12,
          "deliveries": [
            {
              "batter": "DS Rosier",
              "bowler": "JT Smuts",
              "non_striker": "PJ van Biljon",
              "runs": {
                "batter": 1,
                "extras": 0,
                "total": 1
              }
            },
            {
              "batter": "PJ van Biljon",
              "bowler": "JT Smuts",
              "non_striker": "DS Rosier",
              "runs": {
                "batter": 1,
                "extras": 0,
                "total": 1
              }
            },
            {
              "batter": "DS Rosier",
              "bowler": "JT Smuts",
              "non_striker": "PJ van Biljon",
              "runs": {
                "batter": 2,
                "extras": 0,
                "total": 2
              }
            },
            {
              "batter": "DS Rosier",
              "bowler": "JT Smuts",
              "non_striker": "PJ van Biljon",
              "runs": {
                "batter": 4,
                "extras": 0,
                "total": 4
              }
            },
            {
              "batter": "DS Rosier",
              "bowler": "JT Smuts",
              "non_striker": "PJ van Biljon",
              "runs": {
                "batter": 0,
                "extras": 0,
                "total": 0
              }
            },
            {
              "batter": "DS Rosier",
              "bowler": "JT Smuts",
              "non_striker": "PJ van Biljon",
              "runs": {
                "batter": 1,
                "extras": 0,
                "total": 1
              }
            }
          ]
        },
        {
          "over": 13,
          "deliveries": [
            {
              "batter": "DS Rosier",
              "bowler": "CN Ackermann",
              "non_striker": "PJ van Biljon",
              "runs": {
                "batter": 0,
                "extras": 0,
                "total": 0
              }
            },
            {
              "batter": "DS Rosier",
              "bowler": "CN Ackermann",
              "non_striker": "PJ van Biljon",
              "runs": {
                "batter": 0,
                "extras": 0,
                "total": 0
              }
            },
            {
              "batter": "DS Rosier",
              "bowler": "CN Ackermann",
              "non_striker": "PJ van Biljon",
              "runs": {
                "batter": 1,
                "extras": 0,
                "total": 1
              }
            },
            {
              "batter": "PJ van Biljon",
              "bowler": "CN Ackermann",
              "non_striker": "DS Rosier",
              "runs": {
                "batter": 0,
                "extras": 0,
                "total": 0
              }
            },
            {
              "batter": "PJ van Biljon",
              "bowler": "CN Ackermann",
              "non_striker": "DS Rosier",
              "runs": {
                "batter": 0,
                "extras": 0,
                "total": 0
              }
            },
            {
              "batter": "PJ van Biljon",
              "bowler": "CN Ackermann",
              "non_striker": "DS Rosier",
              "runs": {
                "batter": 1,
                "extras": 0,
                "total": 1
              }
            }
          ]
        },
        {
          "over": 14,
          "deliveries": [
            {
              "batter": "PJ van Biljon",
              "bowler": "JT Smuts",
              "non_striker": "DS Rosier",
              "runs": {
                "batter": 2,
                "extras": 0,
                "total": 2
              }
            },
            {
              "batter": "PJ van Biljon",
              "bowler": "JT Smuts",
              "non_striker": "DS Rosier",
              "runs": {
                "batter": 0,
                "extras": 0,
                "total": 0
              }
            },
            {
              "batter": "PJ van Biljon",
              "bowler": "JT Smuts",
              "non_striker": "DS Rosier",
              "runs": {
                "batter": 2,
                "extras": 0,
                "total": 2
              }
            },
            {
              "batter": "PJ van Biljon",
              "bowler": "JT Smuts",
              "non_striker": "DS Rosier",
              "runs": {
                "batter": 4,
                "extras": 0,
                "total": 4
              }
            },
            {
              "batter": "PJ van Biljon",
              "bowler": "JT Smuts",
              "non_striker": "DS Rosier",
              "runs": {
                "batter": 0,
                "extras": 0,
                "total": 0
              },
              "wickets": [
                {
                  "player_out": "PJ van Biljon",
                  "fielders": [
                    {
                      "name": "CA Ingram"
                    }
                  ],
                  "kind": "caught"
                }
              ]
            },
            {
              "batter": "AD Russell",
              "bowler": "JT Smuts",
              "non_striker": "DS Rosier",
              "runs": {
                "batter": 1,
                "extras": 0,
                "total": 1
              }
            }
          ]
        },
        {
          "over": 15,
          "deliveries": [
            {
              "batter": "AD Russell",
              "bowler": "CN Ackermann",
              "non_striker": "DS Rosier",
              "runs": {
                "batter": 1,
                "extras": 0,
                "total": 1
              }
            },
            {
              "batter": "DS Rosier",
              "bowler": "CN Ackermann",
              "non_striker": "AD Russell",
              "runs": {
                "batter": 2,
                "extras": 0,
                "total": 2
              }
            },
            {
              "batter": "DS Rosier",
              "bowler": "CN Ackermann",
              "non_striker": "AD Russell",
              "runs": {
                "batter": 1,
                "extras": 0,
                "total": 1
              }
            },
            {
              "batter": "AD Russell",
              "bowler": "CN Ackermann",
              "non_striker": "DS Rosier",
              "runs": {
                "batter": 1,
                "extras": 0,
                "total": 1
              }
            },
            {
              "batter": "DS Rosier",
              "bowler": "CN Ackermann",
              "non_striker": "AD Russell",
              "runs": {
                "batter": 1,
                "extras": 0,
                "total": 1
              }
            },
            {
              "batter": "AD Russell",
              "bowler": "CN Ackermann",
              "non_striker": "DS Rosier",
              "runs": {
                "batter": 6,
                "extras": 0,
                "total": 6
              }
            }
          ]
        },
        {
          "over": 16,
          "deliveries": [
            {
              "batter": "DS Rosier",
              "bowler": "L Mbane",
              "non_striker": "AD Russell",
              "runs": {
                "batter": 3,
                "extras": 0,
                "total": 3
              }
            },
            {
              "batter": "AD Russell",
              "bowler": "L Mbane",
              "non_striker": "DS Rosier",
              "runs": {
                "batter": 1,
                "extras": 0,
                "total": 1
              }
            },
            {
              "batter": "DS Rosier",
              "bowler": "L Mbane",
              "non_striker": "AD Russell",
              "runs": {
                "batter": 1,
                "extras": 0,
                "total": 1
              }
            },
            {
              "batter": "AD Russell",
              "bowler": "L Mbane",
              "non_striker": "DS Rosier",
              "runs": {
                "batter": 0,
                "extras": 0,
                "total": 0
              },
              "wickets": [
                {
                  "player_out": "AD Russell",
                  "fielders": [
                    {
                      "name": "CN Ackermann"
                    }
                  ],
                  "kind": "caught"
                }
              ]
            },
            {
              "batter": "DS Rosier",
              "bowler": "L Mbane",
              "non_striker": "AJ Pienaar",
              "runs": {
                "batter": 1,
                "extras": 0,
                "total": 1
              }
            },
            {
              "batter": "AJ Pienaar",
              "bowler": "L Mbane",
              "non_striker": "DS Rosier",
              "runs": {
                "batter": 4,
                "extras": 0,
                "total": 4
              }
            }
          ]
        },
        {
          "over": 17,
          "deliveries": [
            {
              "batter": "DS Rosier",
              "bowler": "ACR Birch",
              "non_striker": "AJ Pienaar",
              "runs": {
                "batter": 4,
                "extras": 0,
                "total": 4
              }
            },
            {
              "batter": "DS Rosier",
              "bowler": "ACR Birch",
              "non_striker": "AJ Pienaar",
              "runs": {
                "batter": 0,
                "extras": 0,
                "total": 0
              }
            },
            {
              "batter": "DS Rosier",
              "bowler": "ACR Birch",
              "extras": {
                "wides": 1
              },
              "non_striker": "AJ Pienaar",
              "runs": {
                "batter": 0,
                "extras": 1,
                "total": 1
              }
            },
            {
              "batter": "DS Rosier",
              "bowler": "ACR Birch",
              "non_striker": "AJ Pienaar",
              "runs": {
                "batter": 4,
                "extras": 0,
                "total": 4
              }
            },
            {
              "batter": "DS Rosier",
              "bowler": "ACR Birch",
              "non_striker": "AJ Pienaar",
              "runs": {
                "batter": 1,
                "extras": 0,
                "total": 1
              }
            },
            {
              "batter": "AJ Pienaar",
              "bowler": "ACR Birch",
              "non_striker": "DS Rosier",
              "runs": {
                "batter": 6,
                "extras": 0,
                "total": 6
              }
            },
            {
              "batter": "AJ Pienaar",
              "bowler": "ACR Birch",
              "non_striker": "DS Rosier",
              "runs": {
                "batter": 0,
                "extras": 0,
                "total": 0
              }
            }
          ]
        },
        {
          "over": 18,
          "deliveries": [
            {
              "batter": "DS Rosier",
              "bowler": "L Mbane",
              "non_striker": "AJ Pienaar",
              "runs": {
                "batter": 6,
                "extras": 0,
                "total": 6
              }
            },
            {
              "batter": "DS Rosier",
              "bowler": "L Mbane",
              "non_striker": "AJ Pienaar",
              "runs": {
                "batter": 6,
                "extras": 0,
                "total": 6
              }
            },
            {
              "batter": "DS Rosier",
              "bowler": "L Mbane",
              "non_striker": "AJ Pienaar",
              "runs": {
                "batter": 4,
                "extras": 0,
                "total": 4
              }
            },
            {
              "batter": "DS Rosier",
              "bowler": "L Mbane",
              "non_striker": "AJ Pienaar",
              "runs": {
                "batter": 4,
                "extras": 0,
                "total": 4
              }
            },
            {
              "batter": "DS Rosier",
              "bowler": "L Mbane",
              "non_striker": "AJ Pienaar",
              "runs": {
                "batter": 1,
                "extras": 0,
                "total": 1
              }
            },
            {
              "batter": "AJ Pienaar",
              "bowler": "L Mbane",
              "non_striker": "DS Rosier",
              "runs": {
                "batter": 1,
                "extras": 0,
                "total": 1
              }
            }
          ]
        },
        {
          "over": 19,
          "deliveries": [
            {
              "batter": "AJ Pienaar",
              "bowler": "SSB Magala",
              "non_striker": "DS Rosier",
              "runs": {
                "batter": 4,
                "extras": 0,
                "total": 4
              }
            },
            {
              "batter": "AJ Pienaar",
              "bowler": "SSB Magala",
              "non_striker": "DS Rosier",
              "runs": {
                "batter": 2,
                "extras": 0,
                "total": 2
              }
            },
            {
              "batter": "AJ Pienaar",
              "bowler": "SSB Magala",
              "non_striker": "DS Rosier",
              "runs": {
                "batter": 2,
                "extras": 0,
                "total": 2
              }
            },
            {
              "batter": "AJ Pienaar",
              "bowler": "SSB Magala",
              "non_striker": "DS Rosier",
              "runs": {
                "batter": 6,
                "extras": 0,
                "total": 6
              }
            },
            {
              "batter": "AJ Pienaar",
              "bowler": "SSB Magala",
              "non_striker": "DS Rosier",
              "runs": {
                "batter": 6,
                "extras": 0,
                "total": 6
              }
            },
            {
              "batter": "AJ Pienaar",
              "bowler": "SSB Magala",
              "non_striker": "DS Rosier",
              "runs": {
                "batter": 4,
                "extras": 0,
                "total": 4
              }
            }
          ]
        }
      ],
      "powerplays": [
        {
          "from": 0.1,
          "to": 5.7,
          "type": "mandatory"
        }
      ]
    },
    {
      "team": "Warriors",
      "overs": [
        {
          "over": 0,
          "deliveries": [
            {
              "batter": "JT Smuts",
              "bowler": "D du Preez",
              "non_striker": "C Kieswetter",
              "runs": {
                "batter": 4,
                "extras": 0,
                "total": 4
              }
            },
            {
              "batter": "JT Smuts",
              "bowler": "D du Preez",
              "non_striker": "C Kieswetter",
              "runs": {
                "batter": 0,
                "extras": 0,
                "total": 0
              },
              "wickets": [
                {
                  "player_out": "JT Smuts",
                  "kind": "bowled"
                }
              ]
            },
            {
              "batter": "CA Ingram",
              "bowler": "D du Preez",
              "non_striker": "C Kieswetter",
              "runs": {
                "batter": 0,
                "extras": 0,
                "total": 0
              }
            },
            {
              "batter": "CA Ingram",
              "bowler": "D du Preez",
              "non_striker": "C Kieswetter",
              "runs": {
                "batter": 0,
                "extras": 0,
                "total": 0
              }
            },
            {
              "batter": "CA Ingram",
              "bowler": "D du Preez",
              "non_striker": "C Kieswetter",
              "runs": {
                "batter": 3,
                "extras": 0,
                "total": 3
              }
            },
            {
              "batter": "C Kieswetter",
              "bowler": "D du Preez",
              "extras": {
                "legbyes": 1
              },
              "non_striker": "CA Ingram",
              "runs": {
                "batter": 0,
                "extras": 1,
                "total": 1
              }
            }
          ]
        },
        {
          "over": 1,
          "deliveries": [
            {
              "batter": "C Kieswetter",
              "bowler": "AD Russell",
              "non_striker": "CA Ingram",
              "runs": {
                "batter": 0,
                "extras": 0,
                "total": 0
              }
            },
            {
              "batter": "C Kieswetter",
              "bowler": "AD Russell",
              "non_striker": "CA Ingram",
              "runs": {
                "batter": 0,
                "extras": 0,
                "total": 0
              }
            },
            {
              "batter": "C Kieswetter",
              "bowler": "AD Russell",
              "non_striker": "CA Ingram",
              "runs": {
                "batter": 1,
                "extras": 0,
                "total": 1
              }
            },
            {
              "batter": "CA Ingram",
              "bowler": "AD Russell",
              "non_striker": "C Kieswetter",
              "runs": {
                "batter": 0,
                "extras": 0,
                "total": 0
              },
              "wickets": [
                {
                  "player_out": "CA Ingram",
                  "fielders": [
                    {
                      "name": "AJ Pienaar"
                    }
                  ],
                  "kind": "caught"
                }
              ]
            },
            {
              "batter": "RT Bailey",
              "bowler": "AD Russell",
              "non_striker": "C Kieswetter",
              "runs": {
                "batter": 0,
                "extras": 0,
                "total": 0
              }
            },
            {
              "batter": "RT Bailey",
              "bowler": "AD Russell",
              "non_striker": "C Kieswetter",
              "runs": {
                "batter": 0,
                "extras": 0,
                "total": 0
              }
            }
          ]
        },
        {
          "over": 2,
          "deliveries": [
            {
              "batter": "C Kieswetter",
              "bowler": "D du Preez",
              "non_striker": "RT Bailey",
              "runs": {
                "batter": 0,
                "extras": 0,
                "total": 0
              }
            },
            {
              "batter": "C Kieswetter",
              "bowler": "D du Preez",
              "non_striker": "RT Bailey",
              "runs": {
                "batter": 2,
                "extras": 0,
                "total": 2
              }
            },
            {
              "batter": "C Kieswetter",
              "bowler": "D du Preez",
              "non_striker": "RT Bailey",
              "runs": {
                "batter": 1,
                "extras": 0,
                "total": 1
              }
            },
            {
              "batter": "RT Bailey",
              "bowler": "D du Preez",
              "non_striker": "C Kieswetter",
              "runs": {
                "batter": 0,
                "extras": 0,
                "total": 0
              }
            },
            {
              "batter": "RT Bailey",
              "bowler": "D du Preez",
              "non_striker": "C Kieswetter",
              "runs": {
                "batter": 0,
                "extras": 0,
                "total": 0
              }
            },
            {
              "batter": "RT Bailey",
              "bowler": "D du Preez",
              "non_striker": "C Kieswetter",
              "runs": {
                "batter": 4,
                "extras": 0,
                "total": 4
              }
            }
          ]
        },
        {
          "over": 3,
          "deliveries": [
            {
              "batter": "C Kieswetter",
              "bowler": "SC van Schalkwyk",
              "non_striker": "RT Bailey",
              "runs": {
                "batter": 4,
                "extras": 0,
                "total": 4
              }
            },
            {
              "batter": "C Kieswetter",
              "bowler": "SC van Schalkwyk",
              "non_striker": "RT Bailey",
              "runs": {
                "batter": 0,
                "extras": 0,
                "total": 0
              }
            },
            {
              "batter": "C Kieswetter",
              "bowler": "SC van Schalkwyk",
              "non_striker": "RT Bailey",
              "runs": {
                "batter": 4,
                "extras": 0,
                "total": 4
              }
            },
            {
              "batter": "C Kieswetter",
              "bowler": "SC van Schalkwyk",
              "non_striker": "RT Bailey",
              "runs": {
                "batter": 0,
                "extras": 0,
                "total": 0
              }
            },
            {
              "batter": "C Kieswetter",
              "bowler": "SC van Schalkwyk",
              "non_striker": "RT Bailey",
              "runs": {
                "batter": 1,
                "extras": 0,
                "total": 1
              }
            },
            {
              "batter": "RT Bailey",
              "bowler": "SC van Schalkwyk",
              "extras": {
                "legbyes": 1
              },
              "non_striker": "C Kieswetter",
              "runs": {
                "batter": 0,
                "extras": 1,
                "total": 1
              }
            }
          ]
        },
        {
          "over": 4,
          "deliveries": [
            {
              "batter": "RT Bailey",
              "bowler": "MP Siboto",
              "non_striker": "C Kieswetter",
              "runs": {
                "batter": 0,
                "extras": 0,
                "total": 0
              }
            },
            {
              "batter": "RT Bailey",
              "bowler": "MP Siboto",
              "non_striker": "C Kieswetter",
              "runs": {
                "batter": 1,
                "extras": 0,
                "total": 1
              }
            },
            {
              "batter": "C Kieswetter",
              "bowler": "MP Siboto",
              "non_striker": "RT Bailey",
              "runs": {
                "batter": 0,
                "extras": 0,
                "total": 0
              }
            },
            {
              "batter": "C Kieswetter",
              "bowler": "MP Siboto",
              "non_striker": "RT Bailey",
              "runs": {
                "batter": 4,
                "extras": 0,
                "total": 4
              }
            },
            {
              "batter": "C Kieswetter",
              "bowler": "MP Siboto",
              "non_striker": "RT Bailey",
              "runs": {
                "batter": 1,
                "extras": 0,
                "total": 1
              }
            },
            {
              "batter": "RT Bailey",
              "bowler": "MP Siboto",
              "non_striker": "C Kieswetter",
              "runs": {
                "batter": 1,
                "extras": 0,
                "total": 1
              }
            }
          ]
        },
        {
          "over": 5,
          "deliveries": [
            {
              "batter": "RT Bailey",
              "bowler": "AD Russell",
              "non_striker": "C Kieswetter",
              "runs": {
                "batter": 0,
                "extras": 0,
                "total": 0
              }
            },
            {
              "batter": "RT Bailey",
              "bowler": "AD Russell",
              "non_striker": "C Kieswetter",
              "runs": {
                "batter": 1,
                "extras": 0,
                "total": 1
              }
            },
            {
              "batter": "C Kieswetter",
              "bowler": "AD Russell",
              "non_striker": "RT Bailey",
              "runs": {
                "batter": 0,
                "extras": 0,
                "total": 0
              }
            },
            {
              "batter": "C Kieswetter",
              "bowler": "AD Russell",
              "non_striker": "RT Bailey",
              "runs": {
                "batter": 0,
                "extras": 0,
                "total": 0
              }
            },
            {
              "batter": "C Kieswetter",
              "bowler": "AD Russell",
              "non_striker": "RT Bailey",
              "runs": {
                "batter": 0,
                "extras": 0,
                "total": 0
              }
            },
            {
              "batter": "C Kieswetter",
              "bowler": "AD Russell",
              "non_striker": "RT Bailey",
              "runs": {
                "batter": 6,
                "extras": 0,
                "total": 6
              }
            }
          ]
        },
        {
          "over": 6,
          "deliveries": [
            {
              "batter": "RT Bailey",
              "bowler": "MP Siboto",
              "non_striker": "C Kieswetter",
              "runs": {
                "batter": 1,
                "extras": 0,
                "total": 1
              }
            },
            {
              "batter": "C Kieswetter",
              "bowler": "MP Siboto",
              "non_striker": "RT Bailey",
              "runs": {
                "batter": 0,
                "extras": 0,
                "total": 0
              }
            },
            {
              "batter": "C Kieswetter",
              "bowler": "MP Siboto",
              "non_striker": "RT Bailey",
              "runs": {
                "batter": 0,
                "extras": 0,
                "total": 0
              }
            },
            {
              "batter": "C Kieswetter",
              "bowler": "MP Siboto",
              "non_striker": "RT Bailey",
              "runs": {
                "batter": 4,
                "extras": 0,
                "total": 4
              }
            },
            {
              "batter": "C Kieswetter",
              "bowler": "MP Siboto",
              "non_striker": "RT Bailey",
              "runs": {
                "batter": 6,
                "extras": 0,
                "total": 6
              }
            },
            {
              "batter": "C Kieswetter",
              "bowler": "MP Siboto",
              "non_striker": "RT Bailey",
              "runs": {
                "batter": 0,
                "extras": 0,
                "total": 0
              }
            }
          ]
        },
        {
          "over": 7,
          "deliveries": [
            {
              "batter": "RT Bailey",
              "bowler": "WL Coetsee",
              "non_striker": "C Kieswetter",
              "runs": {
                "batter": 0,
                "extras": 0,
                "total": 0
              },
              "wickets": [
                {
                  "player_out": "RT Bailey",
                  "fielders": [
                    {
                      "name": "AD Russell"
                    }
                  ],
                  "kind": "caught"
                }
              ]
            },
            {
              "batter": "C Kieswetter",
              "bowler": "WL Coetsee",
              "non_striker": "CN Ackermann",
              "runs": {
                "batter": 0,
                "extras": 0,
                "total": 0
              }
            },
            {
              "batter": "C Kieswetter",
              "bowler": "WL Coetsee",
              "non_striker": "CN Ackermann",
              "runs": {
                "batter": 1,
                "extras": 0,
                "total": 1
              }
            },
            {
              "batter": "CN Ackermann",
              "bowler": "WL Coetsee",
              "non_striker": "C Kieswetter",
              "runs": {
                "batter": 0,
                "extras": 0,
                "total": 0
              }
            },
            {
              "batter": "CN Ackermann",
              "bowler": "WL Coetsee",
              "non_striker": "C Kieswetter",
              "runs": {
                "batter": 0,
                "extras": 0,
                "total": 0
              }
            },
            {
              "batter": "CN Ackermann",
              "bowler": "WL Coetsee",
              "non_striker": "C Kieswetter",
              "runs": {
                "batter": 0,
                "extras": 0,
                "total": 0
              }
            }
          ]
        },
        {
          "over": 8,
          "deliveries": [
            {
              "batter": "C Kieswetter",
              "bowler": "SC van Schalkwyk",
              "non_striker": "CN Ackermann",
              "runs": {
                "batter": 0,
                "extras": 0,
                "total": 0
              }
            },
            {
              "batter": "C Kieswetter",
              "bowler": "SC van Schalkwyk",
              "non_striker": "CN Ackermann",
              "runs": {
                "batter": 1,
                "extras": 0,
                "total": 1
              }
            },
            {
              "batter": "CN Ackermann",
              "bowler": "SC van Schalkwyk",
              "non_striker": "C Kieswetter",
              "runs": {
                "batter": 1,
                "extras": 0,
                "total": 1
              }
            },
            {
              "batter": "C Kieswetter",
              "bowler": "SC van Schalkwyk",
              "non_striker": "CN Ackermann",
              "runs": {
                "batter": 1,
                "extras": 0,
                "total": 1
              }
            },
            {
              "batter": "CN Ackermann",
              "bowler": "SC van Schalkwyk",
              "non_striker": "C Kieswetter",
              "runs": {
                "batter": 0,
                "extras": 0,
                "total": 0
              }
            },
            {
              "batter": "CN Ackermann",
              "bowler": "SC van Schalkwyk",
              "non_striker": "C Kieswetter",
              "runs": {
                "batter": 0,
                "extras": 0,
                "total": 0
              }
            }
          ]
        },
        {
          "over": 9,
          "deliveries": [
            {
              "batter": "C Kieswetter",
              "bowler": "WL Coetsee",
              "non_striker": "CN Ackermann",
              "runs": {
                "batter": 1,
                "extras": 0,
                "total": 1
              }
            },
            {
              "batter": "CN Ackermann",
              "bowler": "WL Coetsee",
              "non_striker": "C Kieswetter",
              "runs": {
                "batter": 4,
                "extras": 0,
                "total": 4
              }
            },
            {
              "batter": "CN Ackermann",
              "bowler": "WL Coetsee",
              "non_striker": "C Kieswetter",
              "runs": {
                "batter": 0,
                "extras": 0,
                "total": 0
              }
            },
            {
              "batter": "CN Ackermann",
              "bowler": "WL Coetsee",
              "non_striker": "C Kieswetter",
              "runs": {
                "batter": 4,
                "extras": 0,
                "total": 4
              }
            },
            {
              "batter": "CN Ackermann",
              "bowler": "WL Coetsee",
              "non_striker": "C Kieswetter",
              "runs": {
                "batter": 1,
                "extras": 0,
                "total": 1
              }
            },
            {
              "batter": "C Kieswetter",
              "bowler": "WL Coetsee",
              "non_striker": "CN Ackermann",
              "runs": {
                "batter": 6,
                "extras": 0,
                "total": 6
              }
            }
          ]
        },
        {
          "over": 10,
          "deliveries": [
            {
              "batter": "CN Ackermann",
              "bowler": "SC van Schalkwyk",
              "non_striker": "C Kieswetter",
              "runs": {
                "batter": 1,
                "extras": 0,
                "total": 1
              }
            },
            {
              "batter": "C Kieswetter",
              "bowler": "SC van Schalkwyk",
              "non_striker": "CN Ackermann",
              "runs": {
                "batter": 0,
                "extras": 0,
                "total": 0
              }
            },
            {
              "batter": "C Kieswetter",
              "bowler": "SC van Schalkwyk",
              "non_striker": "CN Ackermann",
              "runs": {
                "batter": 4,
                "extras": 0,
                "total": 4
              }
            },
            {
              "batter": "C Kieswetter",
              "bowler": "SC van Schalkwyk",
              "non_striker": "CN Ackermann",
              "runs": {
                "batter": 1,
                "extras": 0,
                "total": 1
              }
            },
            {
              "batter": "CN Ackermann",
              "bowler": "SC van Schalkwyk",
              "non_striker": "C Kieswetter",
              "runs": {
                "batter": 1,
                "extras": 0,
                "total": 1
              }
            },
            {
              "batter": "C Kieswetter",
              "bowler": "SC van Schalkwyk",
              "non_striker": "CN Ackermann",
              "runs": {
                "batter": 0,
                "extras": 0,
                "total": 0
              }
            }
          ]
        },
        {
          "over": 11,
          "deliveries": [
            {
              "batter": "CN Ackermann",
              "bowler": "AJ Pienaar",
              "non_striker": "C Kieswetter",
              "runs": {
                "batter": 0,
                "extras": 0,
                "total": 0
              }
            },
            {
              "batter": "CN Ackermann",
              "bowler": "AJ Pienaar",
              "non_striker": "C Kieswetter",
              "runs": {
                "batter": 0,
                "extras": 0,
                "total": 0
              }
            },
            {
              "batter": "CN Ackermann",
              "bowler": "AJ Pienaar",
              "non_striker": "C Kieswetter",
              "runs": {
                "batter": 0,
                "extras": 0,
                "total": 0
              },
              "wickets": [
                {
                  "player_out": "CN Ackermann",
                  "kind": "bowled"
                }
              ]
            },
            {
              "batter": "SR Harmer",
              "bowler": "AJ Pienaar",
              "non_striker": "C Kieswetter",
              "runs": {
                "batter": 1,
                "extras": 0,
                "total": 1
              }
            },
            {
              "batter": "C Kieswetter",
              "bowler": "AJ Pienaar",
              "non_striker": "SR Harmer",
              "runs": {
                "batter": 2,
                "extras": 0,
                "total": 2
              }
            },
            {
              "batter": "C Kieswetter",
              "bowler": "AJ Pienaar",
              "non_striker": "SR Harmer",
              "runs": {
                "batter": 0,
                "extras": 0,
                "total": 0
              }
            }
          ]
        },
        {
          "over": 12,
          "deliveries": [
            {
              "batter": "SR Harmer",
              "bowler": "D du Preez",
              "non_striker": "C Kieswetter",
              "runs": {
                "batter": 4,
                "extras": 0,
                "total": 4
              }
            },
            {
              "batter": "SR Harmer",
              "bowler": "D du Preez",
              "non_striker": "C Kieswetter",
              "runs": {
                "batter": 0,
                "extras": 0,
                "total": 0
              }
            },
            {
              "batter": "SR Harmer",
              "bowler": "D du Preez",
              "non_striker": "C Kieswetter",
              "runs": {
                "batter": 1,
                "extras": 0,
                "total": 1
              }
            },
            {
              "batter": "C Kieswetter",
              "bowler": "D du Preez",
              "non_striker": "SR Harmer",
              "runs": {
                "batter": 0,
                "extras": 0,
                "total": 0
              },
              "wickets": [
                {
                  "player_out": "C Kieswetter",
                  "fielders": [
                    {
                      "name": "SC van Schalkwyk"
                    }
                  ],
                  "kind": "caught"
                }
              ]
            },
            {
              "batter": "SR Harmer",
              "bowler": "D du Preez",
              "non_striker": "S Seyibokwe",
              "runs": {
                "batter": 1,
                "extras": 0,
                "total": 1
              }
            },
            {
              "batter": "S Seyibokwe",
              "bowler": "D du Preez",
              "non_striker": "SR Harmer",
              "runs": {
                "batter": 0,
                "extras": 0,
                "total": 0
              }
            }
          ]
        },
        {
          "over": 13,
          "deliveries": [
            {
              "batter": "SR Harmer",
              "bowler": "AJ Pienaar",
              "non_striker": "S Seyibokwe",
              "runs": {
                "batter": 1,
                "extras": 0,
                "total": 1
              }
            },
            {
              "batter": "S Seyibokwe",
              "bowler": "AJ Pienaar",
              "non_striker": "SR Harmer",
              "runs": {
                "batter": 0,
                "extras": 0,
                "total": 0
              }
            },
            {
              "batter": "S Seyibokwe",
              "bowler": "AJ Pienaar",
              "non_striker": "SR Harmer",
              "runs": {
                "batter": 4,
                "extras": 0,
                "total": 4
              }
            },
            {
              "batter": "S Seyibokwe",
              "bowler": "AJ Pienaar",
              "extras": {
                "legbyes": 1
              },
              "non_striker": "SR Harmer",
              "runs": {
                "batter": 0,
                "extras": 1,
                "total": 1
              }
            },
            {
              "batter": "SR Harmer",
              "bowler": "AJ Pienaar",
              "non_striker": "S Seyibokwe",
              "runs": {
                "batter": 2,
                "extras": 0,
                "total": 2
              }
            },
            {
              "batter": "SR Harmer",
              "bowler": "AJ Pienaar",
              "non_striker": "S Seyibokwe",
              "runs": {
                "batter": 4,
                "extras": 0,
                "total": 4
              }
            }
          ]
        },
        {
          "over": 14,
          "deliveries": [
            {
              "batter": "S Seyibokwe",
              "bowler": "MP Siboto",
              "non_striker": "SR Harmer",
              "runs": {
                "batter": 0,
                "extras": 0,
                "total": 0
              }
            },
            {
              "batter": "S Seyibokwe",
              "bowler": "MP Siboto",
              "non_striker": "SR Harmer",
              "runs": {
                "batter": 0,
                "extras": 0,
                "total": 0
              }
            },
            {
              "batter": "S Seyibokwe",
              "bowler": "MP Siboto",
              "non_striker": "SR Harmer",
              "runs": {
                "batter": 4,
                "extras": 0,
                "total": 4
              }
            },
            {
              "batter": "S Seyibokwe",
              "bowler": "MP Siboto",
              "non_striker": "SR Harmer",
              "runs": {
                "batter": 4,
                "extras": 0,
                "total": 4
              }
            },
            {
              "batter": "S Seyibokwe",
              "bowler": "MP Siboto",
              "non_striker": "SR Harmer",
              "runs": {
                "batter": 0,
                "extras": 0,
                "total": 0
              },
              "wickets": [
                {
                  "player_out": "S Seyibokwe",
                  "kind": "bowled"
                }
              ]
            },
            {
              "batter": "ACR Birch",
              "bowler": "MP Siboto",
              "non_striker": "SR Harmer",
              "runs": {
                "batter": 1,
                "extras": 0,
                "total": 1
              }
            }
          ]
        },
        {
          "over": 15,
          "deliveries": [
            {
              "batter": "ACR Birch",
              "bowler": "D du Preez",
              "non_striker": "SR Harmer",
              "runs": {
                "batter": 0,
                "extras": 0,
                "total": 0
              }
            },
            {
              "batter": "ACR Birch",
              "bowler": "D du Preez",
              "non_striker": "SR Harmer",
              "runs": {
                "batter": 0,
                "extras": 0,
                "total": 0
              },
              "wickets": [
                {
                  "player_out": "ACR Birch",
                  "fielders": [
                    {
                      "name": "RS Second"
                    }
                  ],
                  "kind": "caught"
                }
              ]
            },
            {
              "batter": "SR Harmer",
              "bowler": "D du Preez",
              "non_striker": "SSB Magala",
              "runs": {
                "batter": 1,
                "extras": 0,
                "total": 1
              }
            },
            {
              "batter": "SSB Magala",
              "bowler": "D du Preez",
              "extras": {
                "legbyes": 1
              },
              "non_striker": "SR Harmer",
              "runs": {
                "batter": 0,
                "extras": 1,
                "total": 1
              }
            },
            {
              "batter": "SR Harmer",
              "bowler": "D du Preez",
              "non_striker": "SSB Magala",
              "runs": {
                "batter": 4,
                "extras": 0,
                "total": 4
              }
            },
            {
              "batter": "SR Harmer",
              "bowler": "D du Preez",
              "non_striker": "SSB Magala",
              "runs": {
                "batter": 0,
                "extras": 0,
                "total": 0
              },
              "wickets": [
                {
                  "player_out": "SR Harmer",
                  "fielders": [
                    {
                      "name": "DS Rosier"
                    }
                  ],
                  "kind": "caught"
                }
              ]
            }
          ]
        },
        {
          "over": 16,
          "deliveries": [
            {
              "batter": "A Gqamane",
              "bowler": "AD Russell",
              "non_striker": "SSB Magala",
              "runs": {
                "batter": 1,
                "extras": 0,
                "total": 1
              }
            },
            {
              "batter": "SSB Magala",
              "bowler": "AD Russell",
              "non_striker": "A Gqamane",
              "runs": {
                "batter": 4,
                "extras": 0,
                "total": 4
              }
            },
            {
              "batter": "SSB Magala",
              "bowler": "AD Russell",
              "non_striker": "A Gqamane",
              "runs": {
                "batter": 0,
                "extras": 0,
                "total": 0
              }
            },
            {
              "batter": "SSB Magala",
              "bowler": "AD Russell",
              "non_striker": "A Gqamane",
              "runs": {
                "batter": 1,
                "extras": 0,
                "total": 1
              }
            },
            {
              "batter": "A Gqamane",
              "bowler": "AD Russell",
              "non_striker": "SSB Magala",
              "runs": {
                "batter": 1,
                "extras": 0,
                "total": 1
              }
            },
            {
              "batter": "SSB Magala",
              "bowler": "AD Russell",
              "non_striker": "A Gqamane",
              "runs": {
                "batter": 1,
                "extras": 0,
                "total": 1
              }
            }
          ]
        },
        {
          "over": 17,
          "deliveries": [
            {
              "batter": "SSB Magala",
              "bowler": "SC van Schalkwyk",
              "non_striker": "A Gqamane",
              "runs": {
                "batter": 0,
                "extras": 0,
                "total": 0
              }
            },
            {
              "batter": "SSB Magala",
              "bowler": "SC van Schalkwyk",
              "non_striker": "A Gqamane",
              "runs": {
                "batter": 0,
                "extras": 0,
                "total": 0
              }
            },
            {
              "batter": "SSB Magala",
              "bowler": "SC van Schalkwyk",
              "non_striker": "A Gqamane",
              "runs": {
                "batter": 0,
                "extras": 0,
                "total": 0
              },
              "wickets": [
                {
                  "player_out": "SSB Magala",
                  "fielders": [
                    {
                      "name": "PJ van Biljon"
                    }
                  ],
                  "kind": "caught"
                }
              ]
            },
            {
              "batter": "A Gqamane",
              "bowler": "SC van Schalkwyk",
              "non_striker": "L Mbane",
              "runs": {
                "batter": 2,
                "extras": 0,
                "total": 2
              }
            },
            {
              "batter": "A Gqamane",
              "bowler": "SC van Schalkwyk",
              "non_striker": "L Mbane",
              "runs": {
                "batter": 1,
                "extras": 0,
                "total": 1
              }
            },
            {
              "batter": "L Mbane",
              "bowler": "SC van Schalkwyk",
              "non_striker": "A Gqamane",
              "runs": {
                "batter": 1,
                "extras": 0,
                "total": 1
              }
            }
          ]
        },
        {
          "over": 18,
          "deliveries": [
            {
              "batter": "L Mbane",
              "bowler": "AD Russell",
              "non_striker": "A Gqamane",
              "runs": {
                "batter": 1,
                "extras": 0,
                "total": 1
              }
            },
            {
              "batter": "A Gqamane",
              "bowler": "AD Russell",
              "non_striker": "L Mbane",
              "runs": {
                "batter": 2,
                "extras": 0,
                "total": 2
              }
            },
            {
              "batter": "A Gqamane",
              "bowler": "AD Russell",
              "non_striker": "L Mbane",
              "runs": {
                "batter": 1,
                "extras": 0,
                "total": 1
              }
            },
            {
              "batter": "L Mbane",
              "bowler": "AD Russell",
              "non_striker": "A Gqamane",
              "runs": {
                "batter": 0,
                "extras": 0,
                "total": 0
              }
            },
            {
              "batter": "L Mbane",
              "bowler": "AD Russell",
              "non_striker": "A Gqamane",
              "runs": {
                "batter": 1,
                "extras": 0,
                "total": 1
              },
              "wickets": [
                {
                  "player_out": "A Gqamane",
                  "fielders": [
                    {
                      "name": "MP Siboto"
                    }
                  ],
                  "kind": "run out"
                }
              ]
            }
          ]
        }
      ],
      "powerplays": [
        {
          "from": 0.1,
          "to": 5.6,
          "type": "mandatory"
        }
      ],
      "target": {
        "overs": 20,
        "runs": 206
      }
    }
  ]
}