{
  "meta": {
    "data_version": "1.1.0",
    "created": "2022-04-02",
    "revision": 1
  },
  "info": {
    "balls_per_over": 6,
    "city": "Paarl",
    "dates": [
      "2015-11-22"
    ],
    "event": {
      "name": "Ram Slam T20 Challenge"
    },
    "gender": "male",
    "match_type": "T20",
    "officials": {
      "match_referees": [
        "S Wadvalla"
      ],
      "reserve_umpires": [
        "MW Brown"
      ],
      "umpires": [
        "AT Holdstock",
        "S George"
      ]
    },
    "outcome": {
      "winner": "Cape Cobras",
      "by": {
        "wickets": 4
      }
    },
    "overs": 20,
    "player_of_match": [
      "RE Levi",
      "D Paterson"
    ],
    "players": {
      "Knights": [
        "RR Hendricks",
        "RR Rossouw",
        "TB de Bruyn",
        "AR Swanepoel",
        "AD Russell",
        "D du Preez",
        "TM Bodibe",
        "WL Coetsee",
        "SC van Schalkwyk",
        "MP Siboto",
        "T Ntuli"
      ],
      "Cape Cobras": [
        "RE Levi",
        "AG Puttick",
        "JL Ontong",
        "SA Engelbrecht",
        "LC Ngoepe",
        "RK Kleinveldt",
        "KA Pollard",
        "WD Parnell",
        "D Paterson",
        "M Shezi",
        "S Simetu"
      ]
    },
    "registry": {
      "people": {
        "AD Russell": "bbd41817",
        "AG Puttick": "637b6fbd",
        "AR Swanepoel": "cba5185d",
        "AT Holdstock": "6fa3258c",
        "D Paterson": "462d7c62",
        "D du Preez": "d7a57f75",
        "JL Ontong": "55f33b32",
        "KA Pollard": "a757b0d8",
        "LC Ngoepe": "51355a30",
        "M Shezi": "016e5101",
        "MP Siboto": "9d50c7e1",
        "MW Brown": "d83d7796",
        "RE Levi": "18c78b11",
        "RK Kleinveldt": "7955eb15",
        "RR Hendricks": "b8cc58c9",
        "RR Rossouw": "cad00a4d",
        "S George": "6d9e5a54",
        "S Simetu": "d3cc2954",
        "S Wadvalla": "c1a1acf3",
        "SA Engelbrecht": "81a0e294",
        "SC van Schalkwyk": "97b0e4ff",
        "T Ntuli": "8e6827f7",
        "TB de Bruyn": "90d6cdea",
        "TM Bodibe": "ed982dfa",
        "WD Parnell": "3a60e0b5",
        "WL Coetsee": "5f419ace"
      }
    },
    "season": "2015/16",
    "team_type": "club",
    "teams": [
      "Knights",
      "Cape Cobras"
    ],
    "toss": {
      "decision": "field",
      "winner": "Cape Cobras"
    },
    "venue": "Boland Park, Paarl"
  },
  "innings": [
    {
      "team": "Knights",
      "overs": [
        {
          "over": 0,
          "deliveries": [
            {
              "batter": "RR Hendricks",
              "bowler": "D Paterson",
              "extras": {
                "wides": 1
              },
              "non_striker": "RR Rossouw",
              "runs": {
                "batter": 0,
                "extras": 1,
                "total": 1
              }
            },
            {
              "batter": "RR Hendricks",
              "bowler": "D Paterson",
              "non_striker": "RR Rossouw",
              "runs": {
                "batter": 1,
                "extras": 0,
                "total": 1
              }
            },
            {
              "batter": "RR Rossouw",
              "bowler": "D Paterson",
              "non_striker": "RR Hendricks",
              "runs": {
                "batter": 0,
                "extras": 0,
                "total": 0
              }
            },
            {
              "batter": "RR Rossouw",
              "bowler": "D Paterson",
              "non_striker": "RR Hendricks",
              "runs": {
                "batter": 4,
                "extras": 0,
                "total": 4
              }
            },
            {
              "batter": "RR Rossouw",
              "bowler": "D Paterson",
              "non_striker": "RR Hendricks",
              "runs": {
                "batter": 0,
                "extras": 0,
                "total": 0
              }
            },
            {
              "batter": "RR Rossouw",
              "bowler": "D Paterson",
              "non_striker": "RR Hendricks",
              "runs": {
                "batter": 0,
                "extras": 0,
                "total": 0
              }
            },
            {
              "batter": "RR Rossouw",
              "bowler": "D Paterson",
              "non_striker": "RR Hendricks",
              "runs": {
                "batter": 0,
                "extras": 0,
                "total": 0
              }
            }
          ]
        },
        {
          "over": 1,
          "deliveries": [
            {
              "batter": "RR Hendricks",
              "bowler": "WD Parnell",
              "non_striker": "RR Rossouw",
              "runs": {
                "batter": 0,
                "extras": 0,
                "total": 0
              }
            },
            {
              "batter": "RR Hendricks",
              "bowler": "WD Parnell",
              "non_striker": "RR Rossouw",
              "runs": {
                "batter": 0,
                "extras": 0,
                "total": 0
              }
            },
            {
              "batter": "RR Hendricks",
              "bowler": "WD Parnell",
              "non_striker": "RR Rossouw",
              "runs": {
                "batter": 0,
                "extras": 0,
                "total": 0
              },
              "wickets": [
                {
                  "player_out": "RR Hendricks",
                  "fielders": [
                    {
                      "name": "KA Pollard"
                    }
                  ],
                  "kind": "run out"
                }
              ]
            },
            {
              "batter": "RR Rossouw",
              "bowler": "WD Parnell",
              "non_striker": "TB de Bruyn",
              "runs": {
                "batter": 0,
                "extras": 0,
                "total": 0
              }
            },
            {
              "batter": "RR Rossouw",
              "bowler": "WD Parnell",
              "non_striker": "TB de Bruyn",
              "runs": {
                "batter": 0,
                "extras": 0,
                "total": 0
              }
            },
            {
              "batter": "RR Rossouw",
              "bowler": "WD Parnell",
              "non_striker": "TB de Bruyn",
              "runs": {
                "batter": 1,
                "extras": 0,
                "total": 1
              }
            }
          ]
        },
        {
          "over": 2,
          "deliveries": [
            {
              "batter": "RR Rossouw",
              "bowler": "RK Kleinveldt",
              "non_striker": "TB de Bruyn",
              "runs": {
                "batter": 1,
                "extras": 0,
                "total": 1
              }
            },
            {
              "batter": "TB de Bruyn",
              "bowler": "RK Kleinveldt",
              "non_striker": "RR Rossouw",
              "runs": {
                "batter": 0,
                "extras": 0,
                "total": 0
              }
            },
            {
              "batter": "TB de Bruyn",
              "bowler": "RK Kleinveldt",
              "non_striker": "RR Rossouw",
              "runs": {
                "batter": 0,
                "extras": 0,
                "total": 0
              }
            },
            {
              "batter": "TB de Bruyn",
              "bowler": "RK Kleinveldt",
              "non_striker": "RR Rossouw",
              "runs": {
                "batter": 0,
                "extras": 0,
                "total": 0
              }
            },
            {
              "batter": "TB de Bruyn",
              "bowler": "RK Kleinveldt",
              "non_striker": "RR Rossouw",
              "runs": {
                "batter": 1,
                "extras": 0,
                "total": 1
              }
            },
            {
              "batter": "RR Rossouw",
              "bowler": "RK Kleinveldt",
              "non_striker": "TB de Bruyn",
              "runs": {
                "batter": 0,
                "extras": 0,
                "total": 0
              }
            }
          ]
        },
        {
          "over": 3,
          "deliveries": [
            {
              "batter": "TB de Bruyn",
              "bowler": "WD Parnell",
              "non_striker": "RR Rossouw",
              "runs": {
                "batter": 0,
                "extras": 0,
                "total": 0
              }
            },
            {
              "batter": "TB de Bruyn",
              "bowler": "WD Parnell",
              "non_striker": "RR Rossouw",
              "runs": {
                "batter": 0,
                "extras": 0,
                "total": 0
              }
            },
            {
              "batter": "TB de Bruyn",
              "bowler": "WD Parnell",
              "non_striker": "RR Rossouw",
              "runs": {
                "batter": 4,
                "extras": 0,
                "total": 4
              }
            },
            {
              "batter": "TB de Bruyn",
              "bowler": "WD Parnell",
              "non_striker": "RR Rossouw",
              "runs": {
                "batter": 0,
                "extras": 0,
                "total": 0
              }
            },
            {
              "batter": "TB de Bruyn",
              "bowler": "WD Parnell",
              "non_striker": "RR Rossouw",
              "runs": {
                "batter": 0,
                "extras": 0,
                "total": 0
              }
            },
            {
              "batter": "TB de Bruyn",
              "bowler": "WD Parnell",
              "non_striker": "RR Rossouw",
              "runs": {
                "batter": 0,
                "extras": 0,
                "total": 0
              }
            }
          ]
        },
        {
          "over": 4,
          "deliveries": [
            {
              "batter": "RR Rossouw",
              "bowler": "RK Kleinveldt",
              "non_striker": "TB de Bruyn",
              "runs": {
                "batter": 4,
                "extras": 0,
                "total": 4
              }
            },
            {
              "batter": "RR Rossouw",
              "bowler": "RK Kleinveldt",
              "non_striker": "TB de Bruyn",
              "runs": {
                "batter": 0,
                "extras": 0,
                "total": 0
              },
              "wickets": [
                {
                  "player_out": "RR Rossouw",
                  "fielders": [
                    {
                      "name": "KA Pollard"
                    }
                  ],
                  "kind": "caught"
                }
              ]
            },
            {
              "batter": "TB de Bruyn",
              "bowler": "RK Kleinveldt",
              "non_striker": "AR Swanepoel",
              "runs": {
                "batter": 4,
                "extras": 0,
                "total": 4
              }
            },
            {
              "batter": "TB de Bruyn",
              "bowler": "RK Kleinveldt",
              "non_striker": "AR Swanepoel",
              "runs": {
                "batter": 0,
                "extras": 0,
                "total": 0
              }
            },
            {
              "batter": "TB de Bruyn",
              "bowler": "RK Kleinveldt",
              "non_striker": "AR Swanepoel",
              "runs": {
                "batter": 0,
                "extras": 0,
                "total": 0
              }
            },
            {
              "batter": "TB de Bruyn",
              "bowler": "RK Kleinveldt",
              "non_striker": "AR Swanepoel",
              "runs": {
                "batter": 1,
                "extras": 0,
                "total": 1
              }
            }
          ]
        },
        {
          "over": 5,
          "deliveries": [
            {
              "batter": "TB de Bruyn",
              "bowler": "M Shezi",
              "non_striker": "AR Swanepoel",
              "runs": {
                "batter": 1,
                "extras": 0,
                "total": 1
              }
            },
            {
              "batter": "AR Swanepoel",
              "bowler": "M Shezi",
              "non_striker": "TB de Bruyn",
              "runs": {
                "batter": 0,
                "extras": 0,
                "total": 0
              }
            },
            {
              "batter": "AR Swanepoel",
              "bowler": "M Shezi",
              "extras": {
                "legbyes": 1
              },
              "non_striker": "TB de Bruyn",
              "runs": {
                "batter": 0,
                "extras": 1,
                "total": 1
              }
            },
            {
              "batter": "TB de Bruyn",
              "bowler": "M Shezi",
              "non_striker": "AR Swanepoel",
              "runs": {
                "batter": 0,
                "extras": 0,
                "total": 0
              }
            },
            {
              "batter": "TB de Bruyn",
              "bowler": "M Shezi",
              "non_striker": "AR Swanepoel",
              "runs": {
                "batter": 1,
                "extras": 0,
                "total": 1
              }
            },
            {
              "batter": "AR Swanepoel",
              "bowler": "M Shezi",
              "non_striker": "TB de Bruyn",
              "runs": {
                "batter": 4,
                "extras": 0,
                "total": 4
              }
            }
          ]
        },
        {
          "over": 6,
          "deliveries": [
            {
              "batter": "TB de Bruyn",
              "bowler": "KA Pollard",
              "non_striker": "AR Swanepoel",
              "runs": {
                "batter": 1,
                "extras": 0,
                "total": 1
              }
            },
            {
              "batter": "AR Swanepoel",
              "bowler": "KA Pollard",
              "non_striker": "TB de Bruyn",
              "runs": {
                "batter": 1,
                "extras": 0,
                "total": 1
              }
            },
            {
              "batter": "TB de Bruyn",
              "bowler": "KA Pollard",
              "non_striker": "AR Swanepoel",
              "runs": {
                "batter": 1,
                "extras": 0,
                "total": 1
              }
            },
            {
              "batter": "AR Swanepoel",
              "bowler": "KA Pollard",
              "non_striker": "TB de Bruyn",
              "runs": {
                "batter": 0,
                "extras": 0,
                "total": 0
              }
            },
            {
              "batter": "AR Swanepoel",
              "bowler": "KA Pollard",
              "non_striker": "TB de Bruyn",
              "runs": {
                "batter": 0,
                "extras": 0,
                "total": 0
              }
            },
            {
              "batter": "AR Swanepoel",
              "bowler": "KA Pollard",
              "non_striker": "TB de Bruyn",
              "runs": {
                "batter": 0,
                "extras": 0,
                "total": 0
              }
            }
          ]
        },
        {
          "over": 7,
          "deliveries": [
            {
              "batter": "TB de Bruyn",
              "bowler": "M Shezi",
              "non_striker": "AR Swanepoel",
              "runs": {
                "batter": 1,
                "extras": 0,
                "total": 1
              }
            },
            {
              "batter": "AR Swanepoel",
              "bowler": "M Shezi",
              "non_striker": "TB de Bruyn",
              "runs": {
                "batter": 1,
                "extras": 0,
                "total": 1
              }
            },
            {
              "batter": "TB de Bruyn",
              "bowler": "M Shezi",
              "non_striker": "AR Swanepoel",
              "runs": {
                "batter": 1,
                "extras": 0,
                "total": 1
              }
            },
            {
              "batter": "AR Swanepoel",
              "bowler": "M Shezi",
              "non_striker": "TB de Bruyn",
              "runs": {
                "batter": 1,
                "extras": 0,
                "total": 1
              }
            },
            {
              "batter": "TB de Bruyn",
              "bowler": "M Shezi",
              "non_striker": "AR Swanepoel",
              "runs": {
                "batter": 1,
                "extras": 0,
                "total": 1
              }
            },
            {
              "batter": "AR Swanepoel",
              "bowler": "M Shezi",
              "non_striker": "TB de Bruyn",
              "runs": {
                "batter": 1,
                "extras": 0,
                "total": 1
              }
            }
          ]
        },
        {
          "over": 8,
          "deliveries": [
            {
              "batter": "AR Swanepoel",
              "bowler": "KA Pollard",
              "extras": {
                "byes": 1
              },
              "non_striker": "TB de Bruyn",
              "runs": {
                "batter": 0,
                "extras": 1,
                "total": 1
              }
            },
            {
              "batter": "TB de Bruyn",
              "bowler": "KA Pollard",
              "non_striker": "AR Swanepoel",
              "runs": {
                "batter": 2,
                "extras": 0,
                "total": 2
              }
            },
            {
              "batter": "TB de Bruyn",
              "bowler": "KA Pollard",
              "non_striker": "AR Swanepoel",
              "runs": {
                "batter": 1,
                "extras": 0,
                "total": 1
              }
            },
            {
              "batter": "AR Swanepoel",
              "bowler": "KA Pollard",
              "non_striker": "TB de Bruyn",
              "runs": {
                "batter": 0,
                "extras": 0,
                "total": 0
              }
            },
            {
              "batter": "AR Swanepoel",
              "bowler": "KA Pollard",
              "non_striker": "TB de Bruyn",
              "runs": {
                "batter": 1,
                "extras": 0,
                "total": 1
              }
            },
            {
              "batter": "TB de Bruyn",
              "bowler": "KA Pollard",
              "non_striker": "AR Swanepoel",
              "runs": {
                "batter": 1,
                "extras": 0,
                "total": 1
              }
            }
          ]
        },
        {
          "over": 9,
          "deliveries": [
            {
              "batter": "TB de Bruyn",
              "bowler": "S Simetu",
              "non_striker": "AR Swanepoel",
              "runs": {
                "batter": 2,
                "extras": 0,
                "total": 2
              }
            },
            {
              "batter": "TB de Bruyn",
              "bowler": "S Simetu",
              "non_striker": "AR Swanepoel",
              "runs": {
                "batter": 1,
                "extras": 0,
                "total": 1
              }
            },
            {
              "batter": "AR Swanepoel",
              "bowler": "S Simetu",
              "non_striker": "TB de Bruyn",
              "runs": {
                "batter": 1,
                "extras": 0,
                "total": 1
              }
            },
            {
              "batter": "TB de Bruyn",
              "bowler": "S Simetu",
              "non_striker": "AR Swanepoel",
              "runs": {
                "batter": 1,
                "extras": 0,
                "total": 1
              }
            },
            {
              "batter": "AR Swanepoel",
              "bowler": "S Simetu",
              "non_striker": "TB de Bruyn",
              "runs": {
                "batter": 0,
                "extras": 0,
                "total": 0
              },
              "wickets": [
                {
                  "player_out": "AR Swanepoel",
                  "kind": "bowled"
                }
              ]
            },
            {
              "batter": "AD Russell",
              "bowler": "S Simetu",
              "non_striker": "TB de Bruyn",
              "runs": {
                "batter": 0,
                "extras": 0,
                "total": 0
              }
            }
          ]
        },
        {
          "over": 10,
          "deliveries": [
            {
              "batter": "TB de Bruyn",
              "bowler": "KA Pollard",
              "non_striker": "AD Russell",
              "runs": {
                "batter": 1,
                "extras": 0,
                "total": 1
              }
            },
            {
              "batter": "AD Russell",
              "bowler": "KA Pollard",
              "non_striker": "TB de Bruyn",
              "runs": {
                "batter": 1,
                "extras": 0,
                "total": 1
              }
            },
            {
              "batter": "TB de Bruyn",
              "bowler": "KA Pollard",
              "non_striker": "AD Russell",
              "runs": {
                "batter": 1,
                "extras": 0,
                "total": 1
              }
            },
            {
              "batter": "AD Russell",
              "bowler": "KA Pollard",
              "non_striker": "TB de Bruyn",
              "runs": {
                "batter": 0,
                "extras": 0,
                "total": 0
              }
            },
            {
              "batter": "AD Russell",
              "bowler": "KA Pollard",
              "non_striker": "TB de Bruyn",
              "runs": {
                "batter": 4,
                "extras": 0,
                "total": 4
              }
            },
            {
              "batter": "AD Russell",
              "bowler": "KA Pollard",
              "non_striker": "TB de Bruyn",
              "runs": {
                "batter": 1,
                "extras": 0,
                "total": 1
              }
            }
          ]
        },
        {
          "over": 11,
          "deliveries": [
            {
              "batter": "AD Russell",
              "bowler": "S Simetu",
              "non_striker": "TB de Bruyn",
              "runs": {
                "batter": 1,
                "extras": 0,
                "total": 1
              }
            },
            {
              "batter": "TB de Bruyn",
              "bowler": "S Simetu",
              "non_striker": "AD Russell",
              "runs": {
                "batter": 1,
                "extras": 0,
                "total": 1
              }
            },
            {
              "batter": "AD Russell",
              "bowler": "S Simetu",
              "non_striker": "TB de Bruyn",
              "runs": {
                "batter": 0,
                "extras": 0,
                "total": 0
              }
            },
            {
              "batter": "AD Russell",
              "bowler": "S Simetu",
              "non_striker": "TB de Bruyn",
              "runs": {
                "batter": 6,
                "extras": 0,
                "total": 6
              }
            },
            {
              "batter": "AD Russell",
              "bowler": "S Simetu",
              "non_striker": "TB de Bruyn",
              "runs": {
                "batter": 2,
                "extras": 0,
                "total": 2
              }
            },
            {
              "batter": "AD Russell",
              "bowler": "S Simetu",
              "non_striker": "TB de Bruyn",
              "runs": {
                "batter": 1,
                "extras": 0,
                "total": 1
              }
            }
          ]
        },
        {
          "over": 12,
          "deliveries": [
            {
              "batter": "AD Russell",
              "bowler": "KA Pollard",
              "non_striker": "TB de Bruyn",
              "runs": {
                "batter": 1,
                "extras": 0,
                "total": 1
              }
            },
            {
              "batter": "TB de Bruyn",
              "bowler": "KA Pollard",
              "non_striker": "AD Russell",
              "runs": {
                "batter": 2,
                "extras": 0,
                "total": 2
              }
            },
            {
              "batter": "TB de Bruyn",
              "bowler": "KA Pollard",
              "non_striker": "AD Russell",
              "runs": {
                "batter": 1,
                "extras": 0,
                "total": 1
              }
            },
            {
              "batter": "AD Russell",
              "bowler": "KA Pollard",
              "non_striker": "TB de Bruyn",
              "runs": {
                "batter": 6,
                "extras": 0,
                "total": 6
              }
            },
            {
              "batter": "AD Russell",
              "bowler": "KA Pollard",
              "non_striker": "TB de Bruyn",
              "runs": {
                "batter": 0,
                "extras": 0,
                "total": 0
              }
            },
            {
              "batter": "AD Russell",
              "bowler": "KA Pollard",
              "non_striker": "TB de Bruyn",
              "runs": {
                "batter": 0,
                "extras": 0,
                "total": 0
              }
            }
          ]
        },
        {
          "over": 13,
          "deliveries": [
            {
              "batter": "TB de Bruyn",
              "bowler": "D Paterson",
              "non_striker": "AD Russell",
              "runs": {
                "batter": 2,
                "extras": 0,
                "total": 2
              }
            },
            {
              "batter": "TB de Bruyn",
              "bowler": "D Paterson",
              "non_striker": "AD Russell",
              "runs": {
                "batter": 0,
                "extras": 0,
                "total": 0
              }
            },
            {
              "batter": "TB de Bruyn",
              "bowler": "D Paterson",
              "non_striker": "AD Russell",
              "runs": {
                "batter": 2,
                "extras": 0,
                "total": 2
              }
            },
            {
              "batter": "TB de Bruyn",
              "bowler": "D Paterson",
              "extras": {
                "legbyes": 2
              },
              "non_striker": "AD Russell",
              "runs": {
                "batter": 0,
                "extras": 2,
                "total": 2
              }
            },
            {
              "batter": "TB de Bruyn",
              "bowler": "D Paterson",
              "non_striker": "AD Russell",
              "runs": {
                "batter": 1,
                "extras": 0,
                "total": 1
              }
            },
            {
              "batter": "AD Russell",
              "bowler": "D Paterson",
              "extras": {
                "legbyes": 1
              },
              "non_striker": "TB de Bruyn",
              "runs": {
                "batter": 0,
                "extras": 1,
                "total": 1
              }
            }
          ]
        },
        {
          "over": 14,
          "deliveries": [
            {
              "batter": "AD Russell",
              "bowler": "RK Kleinveldt",
              "non_striker": "TB de Bruyn",
              "runs": {
                "batter": 1,
                "extras": 0,
                "total": 1
              }
            },
            {
              "batter": "TB de Bruyn",
              "bowler": "RK Kleinveldt",
              "extras": {
                "noballs": 1
              },
              "non_striker": "AD Russell",
              "runs": {
                "batter": 1,
                "extras": 1,
                "total": 2
              }
            },
            {
              "batter": "AD Russell",
              "bowler": "RK Kleinveldt",
              "non_striker": "TB de Bruyn",
              "runs": {
                "batter": 1,
                "extras": 0,
                "total": 1
              }
            },
            {
              "batter": "TB de Bruyn",
              "bowler": "RK Kleinveldt",
              "non_striker": "AD Russell",
              "runs": {
                "batter": 4,
                "extras": 0,
                "total": 4
              }
            },
            {
              "batter": "TB de Bruyn",
              "bowler": "RK Kleinveldt",
              "non_striker": "AD Russell",
              "runs": {
                "batter": 2,
                "extras": 0,
                "total": 2
              }
            },
            {
              "batter": "TB de Bruyn",
              "bowler": "RK Kleinveldt",
              "non_striker": "AD Russell",
              "runs": {
                "batter": 1,
                "extras": 0,
                "total": 1
              }
            },
            {
              "batter": "AD Russell",
              "bowler": "RK Kleinveldt",
              "non_striker": "TB de Bruyn",
              "runs": {
                "batter": 1,
                "extras": 0,
                "total": 1
              }
            }
          ]
        },
        {
          "over": 15,
          "deliveries": [
            {
              "batter": "AD Russell",
              "bowler": "D Paterson",
              "non_striker": "TB de Bruyn",
              "runs": {
                "batter": 1,
                "extras": 0,
                "total": 1
              }
            },
            {
              "batter": "TB de Bruyn",
              "bowler": "D Paterson",
              "non_striker": "AD Russell",
              "runs": {
                "batter": 1,
                "extras": 0,
                "total": 1
              }
            },
            {
              "batter": "AD Russell",
              "bowler": "D Paterson",
              "non_striker": "TB de Bruyn",
              "runs": {
                "batter": 0,
                "extras": 0,
                "total": 0
              },
              "wickets": [
                {
                  "player_out": "AD Russell",
                  "kind": "bowled"
                }
              ]
            },
            {
              "batter": "D du Preez",
              "bowler": "D Paterson",
              "non_striker": "TB de Bruyn",
              "runs": {
                "batter": 4,
                "extras": 0,
                "total": 4
              }
            },
            {
              "batter": "D du Preez",
              "bowler": "D Paterson",
              "non_striker": "TB de Bruyn",
              "runs": {
                "batter": 1,
                "extras": 0,
                "total": 1
              }
            },
            {
              "batter": "TB de Bruyn",
              "bowler": "D Paterson",
              "non_striker": "D du Preez",
              "runs": {
                "batter": 0,
                "extras": 0,
                "total": 0
              },
              "wickets": [
                {
                  "player_out": "TB de Bruyn",
                  "fielders": [
                    {
                      "name": "RK Kleinveldt"
                    },
                    {
                      "name": "D Paterson"
                    }
                  ],
                  "kind": "run out"
                }
              ]
            }
          ]
        },
        {
          "over": 16,
          "deliveries": [
            {
              "batter": "TM Bodibe",
              "bowler": "M Shezi",
              "non_striker": "D du Preez",
              "runs": {
                "batter": 1,
                "extras": 0,
                "total": 1
              }
            },
            {
              "batter": "D du Preez",
              "bowler": "M Shezi",
              "non_striker": "TM Bodibe",
              "runs": {
                "batter": 4,
                "extras": 0,
                "total": 4
              }
            },
            {
              "batter": "D du Preez",
              "bowler": "M Shezi",
              "non_striker": "TM Bodibe",
              "runs": {
                "batter": 1,
                "extras": 0,
                "total": 1
              }
            },
            {
              "batter": "TM Bodibe",
              "bowler": "M Shezi",
              "non_striker": "D du Preez",
              "runs": {
                "batter": 1,
                "extras": 0,
                "total": 1
              }
            },
            {
              "batter": "D du Preez",
              "bowler": "M Shezi",
              "non_striker": "TM Bodibe",
              "runs": {
                "batter": 1,
                "extras": 0,
                "total": 1
              }
            },
            {
              "batter": "TM Bodibe",
              "bowler": "M Shezi",
              "non_striker": "D du Preez",
              "runs": {
                "batter": 1,
                "extras": 0,
                "total": 1
              }
            }
          ]
        },
        {
          "over": 17,
          "deliveries": [
            {
              "batter": "TM Bodibe",
              "bowler": "RK Kleinveldt",
              "non_striker": "D du Preez",
              "runs": {
                "batter": 2,
                "extras": 0,
                "total": 2
              }
            },
            {
              "batter": "TM Bodibe",
              "bowler": "RK Kleinveldt",
              "non_striker": "D du Preez",
              "runs": {
                "batter": 4,
                "extras": 0,
                "total": 4
              }
            },
            {
              "batter": "TM Bodibe",
              "bowler": "RK Kleinveldt",
              "non_striker": "D du Preez",
              "runs": {
                "batter": 1,
                "extras": 0,
                "total": 1
              }
            },
            {
              "batter": "D du Preez",
              "bowler": "RK Kleinveldt",
              "non_striker": "TM Bodibe",
              "runs": {
                "batter": 0,
                "extras": 0,
                "total": 0
              },
              "wickets": [
                {
                  "player_out": "D du Preez",
                  "fielders": [
                    {
                      "name": "JL Ontong"
                    }
                  ],
                  "kind": "caught"
                }
              ]
            },
            {
              "batter": "TM Bodibe",
              "bowler": "RK Kleinveldt",
              "non_striker": "WL Coetsee",
              "runs": {
                "batter": 1,
                "extras": 0,
                "total": 1
              }
            },
            {
              "batter": "WL Coetsee",
              "bowler": "RK Kleinveldt",
              "non_striker": "TM Bodibe",
              "runs": {
                "batter": 2,
                "extras": 0,
                "total": 2
              }
            }
          ]
        },
        {
          "over": 18,
          "deliveries": [
            {
              "batter": "TM Bodibe",
              "bowler": "M Shezi",
              "extras": {
                "legbyes": 1
              },
              "non_striker": "WL Coetsee",
              "runs": {
                "batter": 0,
                "extras": 1,
                "total": 1
              }
            },
            {
              "batter": "WL Coetsee",
              "bowler": "M Shezi",
              "non_striker": "TM Bodibe",
              "runs": {
                "batter": 2,
                "extras": 0,
                "total": 2
              }
            },
            {
              "batter": "WL Coetsee",
              "bowler": "M Shezi",
              "non_striker": "TM Bodibe",
              "runs": {
                "batter": 1,
                "extras": 0,
                "total": 1
              }
            },
            {
              "batter": "TM Bodibe",
              "bowler": "M Shezi",
              "non_striker": "WL Coetsee",
              "runs": {
                "batter": 1,
                "extras": 0,
                "total": 1
              }
            },
            {
              "batter": "WL Coetsee",
              "bowler": "M Shezi",
              "non_striker": "TM Bodibe",
              "runs": {
                "batter": 4,
                "extras": 0,
                "total": 4
              }
            },
            {
              "batter": "WL Coetsee",
              "bowler": "M Shezi",
              "non_striker": "TM Bodibe",
              "runs": {
                "batter": 1,
                "extras": 0,
                "total": 1
              }
            }
          ]
        },
        {
          "over": 19,
          "deliveries": [
            {
              "batter": "WL Coetsee",
              "bowler": "D Paterson",
              "non_striker": "TM Bodibe",
              "runs": {
                "batter": 1,
                "extras": 0,
                "total": 1
              }
            },
            {
              "batter": "TM Bodibe",
              "bowler": "D Paterson",
              "non_striker": "WL Coetsee",
              "runs": {
                "batter": 1,
                "extras": 0,
                "total": 1
              }
            },
            {
              "batter": "WL Coetsee",
              "bowler": "D Paterson",
              "non_striker": "TM Bodibe",
              "runs": {
                "batter": 0,
                "extras": 0,
                "total": 0
              },
              "wickets": [
                {
                  "player_out": "WL Coetsee",
                  "kind": "bowled"
                }
              ]
            },
            {
              "batter": "SC van Schalkwyk",
              "bowler": "D Paterson",
              "non_striker": "TM Bodibe",
              "runs": {
                "batter": 1,
                "extras": 0,
                "total": 1
              }
            },
            {
              "batter": "TM Bodibe",
              "bowler": "D Paterson",
              "non_striker": "SC van Schalkwyk",
              "runs": {
                "batter": 1,
                "extras": 0,
                "total": 1
              }
            },
            {
              "batter": "SC van Schalkwyk",
              "bowler": "D Paterson",
              "non_striker": "TM Bodibe",
              "runs": {
                "batter": 2,
                "extras": 0,
                "total": 2
              }
            }
          ]
        }
      ],
      "powerplays": [
        {
          "from": 0.1,
          "to": 5.6,
          "type": "mandatory"
        }
      ]
    },
    {
      "team": "Cape Cobras",
      "overs": [
        {
          "over": 0,
          "deliveries": [
            {
              "batter": "RE Levi",
              "bowler": "D du Preez",
              "non_striker": "AG Puttick",
              "runs": {
                "batter": 4,
                "extras": 0,
                "total": 4
              }
            },
            {
              "batter": "RE Levi",
              "bowler": "D du Preez",
              "non_striker": "AG Puttick",
              "runs": {
                "batter": 1,
                "extras": 0,
                "total": 1
              }
            },
            {
              "batter": "AG Puttick",
              "bowler": "D du Preez",
              "non_striker": "RE Levi",
              "runs": {
                "batter": 4,
                "extras": 0,
                "total": 4
              }
            },
            {
              "batter": "AG Puttick",
              "bowler": "D du Preez",
              "non_striker": "RE Levi",
              "runs": {
                "batter": 0,
                "extras": 0,
                "total": 0
              }
            },
            {
              "batter": "AG Puttick",
              "bowler": "D du Preez",
              "non_striker": "RE Levi",
              "runs": {
                "batter": 2,
                "extras": 0,
                "total": 2
              }
            },
            {
              "batter": "AG Puttick",
              "bowler": "D du Preez",
              "non_striker": "RE Levi",
              "runs": {
                "batter": 1,
                "extras": 0,
                "total": 1
              }
            }
          ]
        },
        {
          "over": 1,
          "deliveries": [
            {
              "batter": "AG Puttick",
              "bowler": "AD Russell",
              "non_striker": "RE Levi",
              "runs": {
                "batter": 2,
                "extras": 0,
                "total": 2
              }
            },
            {
              "batter": "AG Puttick",
              "bowler": "AD Russell",
              "non_striker": "RE Levi",
              "runs": {
                "batter": 0,
                "extras": 0,
                "total": 0
              }
            },
            {
              "batter": "AG Puttick",
              "bowler": "AD Russell",
              "non_striker": "RE Levi",
              "runs": {
                "batter": 0,
                "extras": 0,
                "total": 0
              },
              "wickets": [
                {
                  "player_out": "AG Puttick",
                  "fielders": [
                    {
                      "name": "TM Bodibe"
                    }
                  ],
                  "kind": "caught"
                }
              ]
            },
            {
              "batter": "JL Ontong",
              "bowler": "AD Russell",
              "non_striker": "RE Levi",
              "runs": {
                "batter": 1,
                "extras": 0,
                "total": 1
              }
            },
            {
              "batter": "RE Levi",
              "bowler": "AD Russell",
              "extras": {
                "wides": 1
              },
              "non_striker": "JL Ontong",
              "runs": {
                "batter": 0,
                "extras": 1,
                "total": 1
              }
            },
            {
              "batter": "RE Levi",
              "bowler": "AD Russell",
              "non_striker": "JL Ontong",
              "runs": {
                "batter": 4,
                "extras": 0,
                "total": 4
              }
            },
            {
              "batter": "RE Levi",
              "bowler": "AD Russell",
              "non_striker": "JL Ontong",
              "runs": {
                "batter": 4,
                "extras": 0,
                "total": 4
              }
            }
          ]
        },
        {
          "over": 2,
          "deliveries": [
            {
              "batter": "JL Ontong",
              "bowler": "MP Siboto",
              "non_striker": "RE Levi",
              "runs": {
                "batter": 0,
                "extras": 0,
                "total": 0
              }
            },
            {
              "batter": "JL Ontong",
              "bowler": "MP Siboto",
              "non_striker": "RE Levi",
              "runs": {
                "batter": 0,
                "extras": 0,
                "total": 0
              }
            },
            {
              "batter": "JL Ontong",
              "bowler": "MP Siboto",
              "non_striker": "RE Levi",
              "runs": {
                "batter": 1,
                "extras": 0,
                "total": 1
              }
            },
            {
              "batter": "RE Levi",
              "bowler": "MP Siboto",
              "non_striker": "JL Ontong",
              "runs": {
                "batter": 0,
                "extras": 0,
                "total": 0
              }
            },
            {
              "batter": "RE Levi",
              "bowler": "MP Siboto",
              "non_striker": "JL Ontong",
              "runs": {
                "batter": 4,
                "extras": 0,
                "total": 4
              }
            },
            {
              "batter": "RE Levi",
              "bowler": "MP Siboto",
              "non_striker": "JL Ontong",
              "runs": {
                "batter": 1,
                "extras": 0,
                "total": 1
              }
            }
          ]
        },
        {
          "over": 3,
          "deliveries": [
            {
              "batter": "RE Levi",
              "bowler": "SC van Schalkwyk",
              "non_striker": "JL Ontong",
              "runs": {
                "batter": 6,
                "extras": 0,
                "total": 6
              }
            },
            {
              "batter": "RE Levi",
              "bowler": "SC van Schalkwyk",
              "extras": {
                "legbyes": 1
              },
              "non_striker": "JL Ontong",
              "runs": {
                "batter": 0,
                "extras": 1,
                "total": 1
              }
            },
            {
              "batter": "JL Ontong",
              "bowler": "SC van Schalkwyk",
              "non_striker": "RE Levi",
              "runs": {
                "batter": 0,
                "extras": 0,
                "total": 0
              }
            },
            {
              "batter": "JL Ontong",
              "bowler": "SC van Schalkwyk",
              "non_striker": "RE Levi",
              "runs": {
                "batter": 1,
                "extras": 0,
                "total": 1
              }
            },
            {
              "batter": "RE Levi",
              "bowler": "SC van Schalkwyk",
              "non_striker": "JL Ontong",
              "runs": {
                "batter": 1,
                "extras": 0,
                "total": 1
              }
            },
            {
              "batter": "JL Ontong",
              "bowler": "SC van Schalkwyk",
              "extras": {
                "legbyes": 1
              },
              "non_striker": "RE Levi",
              "runs": {
                "batter": 0,
                "extras": 1,
                "total": 1
              }
            }
          ]
        },
        {
          "over": 4,
          "deliveries": [
            {
              "batter": "JL Ontong",
              "bowler": "MP Siboto",
              "non_striker": "RE Levi",
              "runs": {
                "batter": 0,
                "extras": 0,
                "total": 0
              }
            },
            {
              "batter": "JL Ontong",
              "bowler": "MP Siboto",
              "non_striker": "RE Levi",
              "runs": {
                "batter": 0,
                "extras": 0,
                "total": 0
              }
            },
            {
              "batter": "JL Ontong",
              "bowler": "MP Siboto",
              "non_striker": "RE Levi",
              "runs": {
                "batter": 0,
                "extras": 0,
                "total": 0
              }
            },
            {
              "batter": "JL Ontong",
              "bowler": "MP Siboto",
              "non_striker": "RE Levi",
              "runs": {
                "batter": 1,
                "extras": 0,
                "total": 1
              }
            },
            {
              "batter": "RE Levi",
              "bowler": "MP Siboto",
              "non_striker": "JL Ontong",
              "runs": {
                "batter": 1,
                "extras": 0,
                "total": 1
              }
            },
            {
              "batter": "JL Ontong",
              "bowler": "MP Siboto",
              "non_striker": "RE Levi",
              "runs": {
                "batter": 0,
                "extras": 0,
                "total": 0
              }
            }
          ]
        },
        {
          "over": 5,
          "deliveries": [
            {
              "batter": "RE Levi",
              "bowler": "AD Russell",
              "non_striker": "JL Ontong",
              "runs": {
                "batter": 0,
                "extras": 0,
                "total": 0
              }
            },
            {
              "batter": "RE Levi",
              "bowler": "AD Russell",
              "non_striker": "JL Ontong",
              "runs": {
                "batter": 1,
                "extras": 0,
                "total": 1
              }
            },
            {
              "batter": "JL Ontong",
              "bowler": "AD Russell",
              "non_striker": "RE Levi",
              "runs": {
                "batter": 3,
                "extras": 0,
                "total": 3
              }
            },
            {
              "batter": "RE Levi",
              "bowler": "AD Russell",
              "non_striker": "JL Ontong",
              "runs": {
                "batter": 0,
                "extras": 0,
                "total": 0
              }
            },
            {
              "batter": "RE Levi",
              "bowler": "AD Russell",
              "non_striker": "JL Ontong",
              "runs": {
                "batter": 0,
                "extras": 0,
                "total": 0
              }
            },
            {
              "batter": "RE Levi",
              "bowler": "AD Russell",
              "non_striker": "JL Ontong",
              "runs": {
                "batter": 2,
                "extras": 0,
                "total": 2
              }
            }
          ]
        },
        {
          "over": 6,
          "deliveries": [
            {
              "batter": "JL Ontong",
              "bowler": "SC van Schalkwyk",
              "non_striker": "RE Levi",
              "runs": {
                "batter": 0,
                "extras": 0,
                "total": 0
              }
            },
            {
              "batter": "JL Ontong",
              "bowler": "SC van Schalkwyk",
              "non_striker": "RE Levi",
              "runs": {
                "batter": 0,
                "extras": 0,
                "total": 0
              }
            },
            {
              "batter": "JL Ontong",
              "bowler": "SC van Schalkwyk",
              "non_striker": "RE Levi",
              "runs": {
                "batter": 1,
                "extras": 0,
                "total": 1
              }
            },
            {
              "batter": "RE Levi",
              "bowler": "SC van Schalkwyk",
              "non_striker": "JL Ontong",
              "runs": {
                "batter": 0,
                "extras": 0,
                "total": 0
              }
            },
            {
              "batter": "RE Levi",
              "bowler": "SC van Schalkwyk",
              "non_striker": "JL Ontong",
              "runs": {
                "batter": 0,
                "extras": 0,
                "total": 0
              }
            },
            {
              "batter": "RE Levi",
              "bowler": "SC van Schalkwyk",
              "non_striker": "JL Ontong",
              "runs": {
                "batter": 2,
                "extras": 0,
                "total": 2
              }
            }
          ]
        },
        {
          "over": 7,
          "deliveries": [
            {
              "batter": "JL Ontong",
              "bowler": "WL Coetsee",
              "non_striker": "RE Levi",
              "runs": {
                "batter": 1,
                "extras": 0,
                "total": 1
              }
            },
            {
              "batter": "RE Levi",
              "bowler": "WL Coetsee",
              "non_striker": "JL Ontong",
              "runs": {
                "batter": 4,
                "extras": 0,
                "total": 4
              }
            },
            {
              "batter": "RE Levi",
              "bowler": "WL Coetsee",
              "non_striker": "JL Ontong",
              "runs": {
                "batter": 1,
                "extras": 0,
                "total": 1
              }
            },
            {
              "batter": "JL Ontong",
              "bowler": "WL Coetsee",
              "non_striker": "RE Levi",
              "runs": {
                "batter": 0,
                "extras": 0,
                "total": 0
              }
            },
            {
              "batter": "JL Ontong",
              "bowler": "WL Coetsee",
              "non_striker": "RE Levi",
              "runs": {
                "batter": 0,
                "extras": 0,
                "total": 0
              }
            },
            {
              "batter": "JL Ontong",
              "bowler": "WL Coetsee",
              "non_striker": "RE Levi",
              "runs": {
                "batter": 1,
                "extras": 0,
                "total": 1
              }
            }
          ]
        },
        {
          "over": 8,
          "deliveries": [
            {
              "batter": "JL Ontong",
              "bowler": "D du Preez",
              "non_striker": "RE Levi",
              "runs": {
                "batter": 1,
                "extras": 0,
                "total": 1
              }
            },
            {
              "batter": "RE Levi",
              "bowler": "D du Preez",
              "non_striker": "JL Ontong",
              "runs": {
                "batter": 0,
                "extras": 0,
                "total": 0
              }
            },
            {
              "batter": "RE Levi",
              "bowler": "D du Preez",
              "non_striker": "JL Ontong",
              "runs": {
                "batter": 0,
                "extras": 0,
                "total": 0
              },
              "wickets": [
                {
                  "player_out": "RE Levi",
                  "fielders": [
                    {
                      "name": "MP Siboto"
                    }
                  ],
                  "kind": "caught"
                }
              ]
            },
            {
              "batter": "SA Engelbrecht",
              "bowler": "D du Preez",
              "non_striker": "JL Ontong",
              "runs": {
                "batter": 1,
                "extras": 0,
                "total": 1
              }
            },
            {
              "batter": "JL Ontong",
              "bowler": "D du Preez",
              "non_striker": "SA Engelbrecht",
              "runs": {
                "batter": 1,
                "extras": 0,
                "total": 1
              }
            },
            {
              "batter": "SA Engelbrecht",
              "bowler": "D du Preez",
              "non_striker": "JL Ontong",
              "runs": {
                "batter": 0,
                "extras": 0,
                "total": 0
              },
              "wickets": [
                {
                  "player_out": "SA Engelbrecht",
                  "kind": "lbw"
                }
              ]
            }
          ]
        },
        {
          "over": 9,
          "deliveries": [
            {
              "batter": "JL Ontong",
              "bowler": "T Ntuli",
              "non_striker": "LC Ngoepe",
              "runs": {
                "batter": 2,
                "extras": 0,
                "total": 2
              }
            },
            {
              "batter": "JL Ontong",
              "bowler": "T Ntuli",
              "non_striker": "LC Ngoepe",
              "runs": {
                "batter": 2,
                "extras": 0,
                "total": 2
              }
            },
            {
              "batter": "JL Ontong",
              "bowler": "T Ntuli",
              "non_striker": "LC Ngoepe",
              "runs": {
                "batter": 1,
                "extras": 0,
                "total": 1
              }
            },
            {
              "batter": "LC Ngoepe",
              "bowler": "T Ntuli",
              "non_striker": "JL Ontong",
              "runs": {
                "batter": 1,
                "extras": 0,
                "total": 1
              }
            },
            {
              "batter": "JL Ontong",
              "bowler": "T Ntuli",
              "non_striker": "LC Ngoepe",
              "runs": {
                "batter": 1,
                "extras": 0,
                "total": 1
              }
            },
            {
              "batter": "LC Ngoepe",
              "bowler": "T Ntuli",
              "non_striker": "JL Ontong",
              "runs": {
                "batter": 0,
                "extras": 0,
                "total": 0
              }
            }
          ]
        },
        {
          "over": 10,
          "deliveries": [
            {
              "batter": "JL Ontong",
              "bowler": "D du Preez",
              "non_striker": "LC Ngoepe",
              "runs": {
                "batter": 2,
                "extras": 0,
                "total": 2
              }
            },
            {
              "batter": "JL Ontong",
              "bowler": "D du Preez",
              "non_striker": "LC Ngoepe",
              "runs": {
                "batter": 1,
                "extras": 0,
                "total": 1
              }
            },
            {
              "batter": "LC Ngoepe",
              "bowler": "D du Preez",
              "non_striker": "JL Ontong",
              "runs": {
                "batter": 0,
                "extras": 0,
                "total": 0
              }
            },
            {
              "batter": "LC Ngoepe",
              "bowler": "D du Preez",
              "non_striker": "JL Ontong",
              "runs": {
                "batter": 4,
                "extras": 0,
                "total": 4
              }
            },
            {
              "batter": "LC Ngoepe",
              "bowler": "D du Preez",
              "non_striker": "JL Ontong",
              "runs": {
                "batter": 0,
                "extras": 0,
                "total": 0
              }
            },
            {
              "batter": "LC Ngoepe",
              "bowler": "D du Preez",
              "extras": {
                "legbyes": 1
              },
              "non_striker": "JL Ontong",
              "runs": {
                "batter": 0,
                "extras": 1,
                "total": 1
              }
            }
          ]
        },
        {
          "over": 11,
          "deliveries": [
            {
              "batter": "LC Ngoepe",
              "bowler": "WL Coetsee",
              "non_striker": "JL Ontong",
              "runs": {
                "batter": 2,
                "extras": 0,
                "total": 2
              }
            },
            {
              "batter": "LC Ngoepe",
              "bowler": "WL Coetsee",
              "non_striker": "JL Ontong",
              "runs": {
                "batter": 1,
                "extras": 0,
                "total": 1
              }
            },
            {
              "batter": "JL Ontong",
              "bowler": "WL Coetsee",
              "non_striker": "LC Ngoepe",
              "runs": {
                "batter": 1,
                "extras": 0,
                "total": 1
              }
            },
            {
              "batter": "LC Ngoepe",
              "bowler": "WL Coetsee",
              "non_striker": "JL Ontong",
              "runs": {
                "batter": 1,
                "extras": 0,
                "total": 1
              }
            },
            {
              "batter": "JL Ontong",
              "bowler": "WL Coetsee",
              "non_striker": "LC Ngoepe",
              "runs": {
                "batter": 1,
                "extras": 0,
                "total": 1
              }
            },
            {
              "batter": "LC Ngoepe",
              "bowler": "WL Coetsee",
              "non_striker": "JL Ontong",
              "runs": {
                "batter": 1,
                "extras": 0,
                "total": 1
              }
            }
          ]
        },
        {
          "over": 12,
          "deliveries": [
            {
              "batter": "LC Ngoepe",
              "bowler": "D du Preez",
              "non_striker": "JL Ontong",
              "runs": {
                "batter": 1,
                "extras": 0,
                "total": 1
              }
            },
            {
              "batter": "JL Ontong",
              "bowler": "D du Preez",
              "non_striker": "LC Ngoepe",
              "runs": {
                "batter": 1,
                "extras": 0,
                "total": 1
              }
            },
            {
              "batter": "LC Ngoepe",
              "bowler": "D du Preez",
              "non_striker": "JL Ontong",
              "runs": {
                "batter": 1,
                "extras": 0,
                "total": 1
              }
            },
            {
              "batter": "JL Ontong",
              "bowler": "D du Preez",
              "non_striker": "LC Ngoepe",
              "runs": {
                "batter": 2,
                "extras": 0,
                "total": 2
              }
            },
            {
              "batter": "JL Ontong",
              "bowler": "D du Preez",
              "non_striker": "LC Ngoepe",
              "runs": {
                "batter": 0,
                "extras": 0,
                "total": 0
              }
            },
            {
              "batter": "JL Ontong",
              "bowler": "D du Preez",
              "non_striker": "LC Ngoepe",
              "runs": {
                "batter": 1,
                "extras": 0,
                "total": 1
              }
            }
          ]
        },
        {
          "over": 13,
          "deliveries": [
            {
              "batter": "JL Ontong",
              "bowler": "WL Coetsee",
              "non_striker": "LC Ngoepe",
              "runs": {
                "batter": 4,
                "extras": 0,
                "total": 4
              }
            },
            {
              "batter": "JL Ontong",
              "bowler": "WL Coetsee",
              "non_striker": "LC Ngoepe",
              "runs": {
                "batter": 2,
                "extras": 0,
                "total": 2
              }
            },
            {
              "batter": "JL Ontong",
              "bowler": "WL Coetsee",
              "non_striker": "LC Ngoepe",
              "runs": {
                "batter": 0,
                "extras": 0,
                "total": 0
              }
            },
            {
              "batter": "JL Ontong",
              "bowler": "WL Coetsee",
              "non_striker": "LC Ngoepe",
              "runs": {
                "batter": 0,
                "extras": 0,
                "total": 0
              }
            },
            {
              "batter": "JL Ontong",
              "bowler": "WL Coetsee",
              "non_striker": "LC Ngoepe",
              "runs": {
                "batter": 1,
                "extras": 0,
                "total": 1
              }
            },
            {
              "batter": "LC Ngoepe",
              "bowler": "WL Coetsee",
              "non_striker": "JL Ontong",
              "runs": {
                "batter": 1,
                "extras": 0,
                "total": 1
              }
            }
          ]
        },
        {
          "over": 14,
          "deliveries": [
            {
              "batter": "LC Ngoepe",
              "bowler": "SC van Schalkwyk",
              "extras": {
                "wides": 1
              },
              "non_striker": "JL Ontong",
              "runs": {
                "batter": 0,
                "extras": 1,
                "total": 1
              }
            },
            {
              "batter": "LC Ngoepe",
              "bowler": "SC van Schalkwyk",
              "non_striker": "JL Ontong",
              "runs": {
                "batter": 1,
                "extras": 0,
                "total": 1
              }
            },
            {
              "batter": "JL Ontong",
              "bowler": "SC van Schalkwyk",
              "non_striker": "LC Ngoepe",
              "runs": {
                "batter": 2,
                "extras": 0,
                "total": 2
              }
            },
            {
              "batter": "JL Ontong",
              "bowler": "SC van Schalkwyk",
              "non_striker": "LC Ngoepe",
              "runs": {
                "batter": 4,
                "extras": 0,
                "total": 4
              }
            },
            {
              "batter": "JL Ontong",
              "bowler": "SC van Schalkwyk",
              "non_striker": "LC Ngoepe",
              "runs": {
                "batter": 0,
                "extras": 0,
                "total": 0
              },
              "wickets": [
                {
                  "player_out": "JL Ontong",
                  "fielders": [
                    {
                      "name": "TM Bodibe"
                    }
                  ],
                  "kind": "caught"
                }
              ]
            },
            {
              "batter": "RK Kleinveldt",
              "bowler": "SC van Schalkwyk",
              "non_striker": "LC Ngoepe",
              "runs": {
                "batter": 1,
                "extras": 0,
                "total": 1
              }
            },
            {
              "batter": "LC Ngoepe",
              "bowler": "SC van Schalkwyk",
              "non_striker": "RK Kleinveldt",
              "runs": {
                "batter": 1,
                "extras": 0,
                "total": 1
              }
            }
          ]
        },
        {
          "over": 15,
          "deliveries": [
            {
              "batter": "LC Ngoepe",
              "bowler": "MP Siboto",
              "non_striker": "RK Kleinveldt",
              "runs": {
                "batter": 1,
                "extras": 0,
                "total": 1
              }
            },
            {
              "batter": "RK Kleinveldt",
              "bowler": "MP Siboto",
              "non_striker": "LC Ngoepe",
              "runs": {
                "batter": 0,
                "extras": 0,
                "total": 0
              }
            },
            {
              "batter": "RK Kleinveldt",
              "bowler": "MP Siboto",
              "non_striker": "LC Ngoepe",
              "runs": {
                "batter": 1,
                "extras": 0,
                "total": 1
              }
            },
            {
              "batter": "LC Ngoepe",
              "bowler": "MP Siboto",
              "non_striker": "RK Kleinveldt",
              "runs": {
                "batter": 2,
                "extras": 0,
                "total": 2
              }
            },
            {
              "batter": "LC Ngoepe",
              "bowler": "MP Siboto",
              "non_striker": "RK Kleinveldt",
              "runs": {
                "batter": 1,
                "extras": 0,
                "total": 1
              }
            },
            {
              "batter": "RK Kleinveldt",
              "bowler": "MP Siboto",
              "non_striker": "LC Ngoepe",
              "runs": {
                "batter": 0,
                "extras": 0,
                "total": 0
              }
            }
          ]
        },
        {
          "over": 16,
          "deliveries": [
            {
              "batter": "LC Ngoepe",
              "bowler": "AD Russell",
              "non_striker": "RK Kleinveldt",
              "runs": {
                "batter": 0,
                "extras": 0,
                "total": 0
              },
              "wickets": [
                {
                  "player_out": "LC Ngoepe",
                  "fielders": [
                    {
                      "name": "TM Bodibe"
                    }
                  ],
                  "kind": "caught"
                }
              ]
            },
            {
              "batter": "KA Pollard",
              "bowler": "AD Russell",
              "non_striker": "RK Kleinveldt",
              "runs": {
                "batter": 4,
                "extras": 0,
                "total": 4
              }
            },
            {
              "batter": "KA Pollard",
              "bowler": "AD Russell",
              "non_striker": "RK Kleinveldt",
              "runs": {
                "batter": 0,
                "extras": 0,
                "total": 0
              }
            },
            {
              "batter": "KA Pollard",
              "bowler": "AD Russell",
              "non_striker": "RK Kleinveldt",
              "runs": {
                "batter": 1,
                "extras": 0,
                "total": 1
              }
            },
            {
              "batter": "RK Kleinveldt",
              "bowler": "AD Russell",
              "non_striker": "KA Pollard",
              "runs": {
                "batter": 0,
                "extras": 0,
                "total": 0
              }
            },
            {
              "batter": "RK Kleinveldt",
              "bowler": "AD Russell",
              "non_striker": "KA Pollard",
              "runs": {
                "batter": 6,
                "extras": 0,
                "total": 6
              }
            }
          ]
        },
        {
          "over": 17,
          "deliveries": [
            {
              "batter": "KA Pollard",
              "bowler": "MP Siboto",
              "non_striker": "RK Kleinveldt",
              "runs": {
                "batter": 0,
                "extras": 0,
                "total": 0
              }
            },
            {
              "batter": "KA Pollard",
              "bowler": "MP Siboto",
              "non_striker": "RK Kleinveldt",
              "runs": {
                "batter": 1,
                "extras": 0,
                "total": 1
              }
            },
            {
              "batter": "RK Kleinveldt",
              "bowler": "MP Siboto",
              "non_striker": "KA Pollard",
              "runs": {
                "batter": 0,
                "extras": 0,
                "total": 0
              }
            },
            {
              "batter": "RK Kleinveldt",
              "bowler": "MP Siboto",
              "non_striker": "KA Pollard",
              "runs": {
                "batter": 0,
                "extras": 0,
                "total": 0
              },
              "wickets": [
                {
                  "player_out": "RK Kleinveldt",
                  "fielders": [
                    {
                      "name": "AR Swanepoel"
                    }
                  ],
                  "kind": "caught"
                }
              ]
            },
            {
              "batter": "KA Pollard",
              "bowler": "MP Siboto",
              "non_striker": "WD Parnell",
              "runs": {
                "batter": 1,
                "extras": 0,
                "total": 1
              }
            },
            {
              "batter": "WD Parnell",
              "bowler": "MP Siboto",
              "non_striker": "KA Pollard",
              "runs": {
                "batter": 0,
                "extras": 0,
                "total": 0
              }
            }
          ]
        },
        {
          "over": 18,
          "deliveries": [
            {
              "batter": "KA Pollard",
              "bowler": "AD Russell",
              "non_striker": "WD Parnell",
              "runs": {
                "batter": 6,
                "extras": 0,
                "total": 6
              }
            },
            {
              "batter": "KA Pollard",
              "bowler": "AD Russell",
              "non_striker": "WD Parnell",
              "runs": {
                "batter": 1,
                "extras": 0,
                "total": 1
              }
            },
            {
              "batter": "WD Parnell",
              "bowler": "AD Russell",
              "non_striker": "KA Pollard",
              "runs": {
                "batter": 1,
                "extras": 0,
                "total": 1
              }
            },
            {
              "batter": "KA Pollard",
              "bowler": "AD Russell",
              "non_striker": "WD Parnell",
              "runs": {
                "batter": 1,
                "extras": 0,
                "total": 1
              }
            },
            {
              "batter": "WD Parnell",
              "bowler": "AD Russell",
              "non_striker": "KA Pollard",
              "runs": {
                "batter": 1,
                "extras": 0,
                "total": 1
              }
            },
            {
              "batter": "KA Pollard",
              "bowler": "AD Russell",
              "non_striker": "WD Parnell",
              "runs": {
                "batter": 4,
                "extras": 0,
                "total": 4
              }
            }
          ]
        },
        {
          "over": 19,
          "deliveries": [
            {
              "batter": "WD Parnell",
              "bowler": "SC van Schalkwyk",
              "extras": {
                "byes": 1
              },
              "non_striker": "KA Pollard",
              "runs": {
                "batter": 0,
                "extras": 1,
                "total": 1
              }
            },
            {
              "batter": "KA Pollard",
              "bowler": "SC van Schalkwyk",
              "non_striker": "WD Parnell",
              "runs": {
                "batter": 0,
                "extras": 0,
                "total": 0
              }
            },
            {
              "batter": "KA Pollard",
              "bowler": "SC van Schalkwyk",
              "non_striker": "WD Parnell",
              "runs": {
                "batter": 4,
                "extras": 0,
                "total": 4
              }
            }
          ]
        }
      ],
      "powerplays": [
        {
          "from": 0.1,
          "to": 5.6,
          "type": "mandatory"
        }
      ],
      "target": {
        "overs": 20,
        "runs": 141
      }
    }
  ]
}