{
  "meta": {
    "data_version": "1.1.0",
    "created": "2022-04-02",
    "revision": 1
  },
  "info": {
    "balls_per_over": 6,
    "city": "Durban",
    "dates": [
      "2015-11-08"
    ],
    "event": {
      "name": "Ram Slam T20 Challenge"
    },
    "gender": "male",
    "match_type": "T20",
    "officials": {
      "match_referees": [
        "A Barnes"
      ],
      "reserve_umpires": [
        "BA Mantle"
      ],
      "tv_umpires": [
        "DJ Smith"
      ],
      "umpires": [
        "LB Gcuma",
        "S George"
      ]
    },
    "outcome": {
      "winner": "Dolphins",
      "by": {
        "runs": 34
      }
    },
    "overs": 20,
    "player_of_match": [
      "KP Pietersen",
      "P Subrayen"
    ],
    "players": {
      "Dolphins": [
        "MN van Wyk",
        "CS Delport",
        "KP Pietersen",
        "DA Miller",
        "K Zondo",
        "C Chetty",
        "AL Phehlukwayo",
        "KA Maharaj",
        "KJ Abbott",
        "P Subrayen",
        "A Myoli"
      ],
      "Warriors": [
        "JT Smuts",
        "CN Ackermann",
        "CA Ingram",
        "MY Vallie",
        "C Jonker",
        "C Fortuin",
        "MJ Nqolo",
        "ACR Birch",
        "A Gqamane",
        "SSB Magala",
        "BD Walters"
      ]
    },
    "registry": {
      "people": {
        "A Barnes": "f9607922",
        "A Gqamane": "a83c44b8",
        "A Myoli": "c50bfbc2",
        "ACR Birch": "9df3a2f4",
        "AL Phehlukwayo": "ab6b1c45",
        "BA Mantle": "313314bc",
        "BD Walters": "1e182ae2",
        "C Chetty": "27ca3a11",
        "C Fortuin": "f25cebec",
        "C Jonker": "a81d6706",
        "CA Ingram": "c995d726",
        "CJ Alexander": "26d9937d",
        "CN Ackermann": "e734d090",
        "CS Delport": "afa78c3a",
        "DA Miller": "d67d5f00",
        "DJ Smith": "d17bec15",
        "JT Smuts": "42172c3c",
        "K Zondo": "4aad78d3",
        "KA Maharaj": "0b60eb09",
        "KJ Abbott": "a9da7784",
        "KP Pietersen": "39f01cdb",
        "LB Gcuma": "02ba88e3",
        "MJ Nqolo": "af917dde",
        "MN van Wyk": "710dd98c",
        "MY Vallie": "9fa54c94",
        "P Subrayen": "7ec9711d",
        "S George": "6d9e5a54",
        "SSB Magala": "8361e524"
      }
    },
    "season": "2015/16",
    "team_type": "club",
    "teams": [
      "Dolphins",
      "Warriors"
    ],
    "toss": {
      "decision": "field",
      "winner": "Warriors"
    },
    "venue": "Kingsmead, Durban"
  },
  "innings": [
    {
      "team": "Dolphins",
      "overs": [
        {
          "over": 0,
          "deliveries": [
            {
              "batter": "MN van Wyk",
              "bowler": "ACR Birch",
              "non_striker": "CS Delport",
              "runs": {
                "batter": 0,
                "extras": 0,
                "total": 0
              }
            },
            {
              "batter": "MN van Wyk",
              "bowler": "ACR Birch",
              "non_striker": "CS Delport",
              "runs": {
                "batter": 2,
                "extras": 0,
                "total": 2
              }
            },
            {
              "batter": "MN van Wyk",
              "bowler": "ACR Birch",
              "non_striker": "CS Delport",
              "runs": {
                "batter": 4,
                "extras": 0,
                "total": 4
              }
            },
            {
              "batter": "MN van Wyk",
              "bowler": "ACR Birch",
              "non_striker": "CS Delport",
              "runs": {
                "batter": 0,
                "extras": 0,
                "total": 0
              }
            },
            {
              "batter": "MN van Wyk",
              "bowler": "ACR Birch",
              "non_striker": "CS Delport",
              "runs": {
                "batter": 2,
                "extras": 0,
                "total": 2
              }
            },
            {
              "batter": "MN van Wyk",
              "bowler": "ACR Birch",
              "non_striker": "CS Delport",
              "runs": {
                "batter": 4,
                "extras": 0,
                "total": 4
              }
            }
          ]
        },
        {
          "over": 1,
          "deliveries": [
            {
              "batter": "CS Delport",
              "bowler": "BD Walters",
              "non_striker": "MN van Wyk",
              "runs": {
                "batter": 0,
                "extras": 0,
                "total": 0
              }
            },
            {
              "batter": "CS Delport",
              "bowler": "BD Walters",
              "non_striker": "MN van Wyk",
              "runs": {
                "batter": 1,
                "extras": 0,
                "total": 1
              }
            },
            {
              "batter": "MN van Wyk",
              "bowler": "BD Walters",
              "non_striker": "CS Delport",
              "runs": {
                "batter": 0,
                "extras": 0,
                "total": 0
              }
            },
            {
              "batter": "MN van Wyk",
              "bowler": "BD Walters",
              "non_striker": "CS Delport",
              "runs": {
                "batter": 0,
                "extras": 0,
                "total": 0
              }
            },
            {
              "batter": "MN van Wyk",
              "bowler": "BD Walters",
              "non_striker": "CS Delport",
              "runs": {
                "batter": 0,
                "extras": 0,
                "total": 0
              }
            },
            {
              "batter": "MN van Wyk",
              "bowler": "BD Walters",
              "non_striker": "CS Delport",
              "runs": {
                "batter": 2,
                "extras": 0,
                "total": 2
              }
            }
          ]
        },
        {
          "over": 2,
          "deliveries": [
            {
              "batter": "CS Delport",
              "bowler": "ACR Birch",
              "non_striker": "MN van Wyk",
              "runs": {
                "batter": 0,
                "extras": 0,
                "total": 0
              },
              "wickets": [
                {
                  "player_out": "CS Delport",
                  "fielders": [
                    {
                      "name": "C Fortuin"
                    }
                  ],
                  "kind": "caught"
                }
              ]
            },
            {
              "batter": "KP Pietersen",
              "bowler": "ACR Birch",
              "non_striker": "MN van Wyk",
              "runs": {
                "batter": 0,
                "extras": 0,
                "total": 0
              }
            },
            {
              "batter": "KP Pietersen",
              "bowler": "ACR Birch",
              "non_striker": "MN van Wyk",
              "runs": {
                "batter": 0,
                "extras": 0,
                "total": 0
              }
            },
            {
              "batter": "KP Pietersen",
              "bowler": "ACR Birch",
              "non_striker": "MN van Wyk",
              "runs": {
                "batter": 0,
                "extras": 0,
                "total": 0
              }
            },
            {
              "batter": "KP Pietersen",
              "bowler": "ACR Birch",
              "extras": {
                "legbyes": 1
              },
              "non_striker": "MN van Wyk",
              "runs": {
                "batter": 0,
                "extras": 1,
                "total": 1
              }
            },
            {
              "batter": "MN van Wyk",
              "bowler": "ACR Birch",
              "non_striker": "KP Pietersen",
              "runs": {
                "batter": 4,
                "extras": 0,
                "total": 4
              }
            }
          ]
        },
        {
          "over": 3,
          "deliveries": [
            {
              "batter": "KP Pietersen",
              "bowler": "JT Smuts",
              "non_striker": "MN van Wyk",
              "runs": {
                "batter": 0,
                "extras": 0,
                "total": 0
              }
            },
            {
              "batter": "KP Pietersen",
              "bowler": "JT Smuts",
              "non_striker": "MN van Wyk",
              "runs": {
                "batter": 1,
                "extras": 0,
                "total": 1
              }
            },
            {
              "batter": "MN van Wyk",
              "bowler": "JT Smuts",
              "non_striker": "KP Pietersen",
              "runs": {
                "batter": 0,
                "extras": 0,
                "total": 0
              }
            },
            {
              "batter": "MN van Wyk",
              "bowler": "JT Smuts",
              "non_striker": "KP Pietersen",
              "runs": {
                "batter": 1,
                "extras": 0,
                "total": 1
              }
            },
            {
              "batter": "KP Pietersen",
              "bowler": "JT Smuts",
              "non_striker": "MN van Wyk",
              "runs": {
                "batter": 0,
                "extras": 0,
                "total": 0
              }
            },
            {
              "batter": "KP Pietersen",
              "bowler": "JT Smuts",
              "non_striker": "MN van Wyk",
              "runs": {
                "batter": 1,
                "extras": 0,
                "total": 1
              }
            }
          ]
        },
        {
          "over": 4,
          "deliveries": [
            {
              "batter": "KP Pietersen",
              "bowler": "BD Walters",
              "non_striker": "MN van Wyk",
              "runs": {
                "batter": 4,
                "extras": 0,
                "total": 4
              }
            },
            {
              "batter": "KP Pietersen",
              "bowler": "BD Walters",
              "extras": {
                "wides": 1
              },
              "non_striker": "MN van Wyk",
              "runs": {
                "batter": 0,
                "extras": 1,
                "total": 1
              }
            },
            {
              "batter": "KP Pietersen",
              "bowler": "BD Walters",
              "non_striker": "MN van Wyk",
              "runs": {
                "batter": 0,
                "extras": 0,
                "total": 0
              }
            },
            {
              "batter": "KP Pietersen",
              "bowler": "BD Walters",
              "non_striker": "MN van Wyk",
              "runs": {
                "batter": 4,
                "extras": 0,
                "total": 4
              }
            },
            {
              "batter": "KP Pietersen",
              "bowler": "BD Walters",
              "non_striker": "MN van Wyk",
              "runs": {
                "batter": 0,
                "extras": 0,
                "total": 0
              }
            },
            {
              "batter": "KP Pietersen",
              "bowler": "BD Walters",
              "non_striker": "MN van Wyk",
              "runs": {
                "batter": 3,
                "extras": 0,
                "total": 3
              }
            },
            {
              "batter": "MN van Wyk",
              "bowler": "BD Walters",
              "non_striker": "KP Pietersen",
              "runs": {
                "batter": 1,
                "extras": 0,
                "total": 1
              }
            }
          ]
        },
        {
          "over": 5,
          "deliveries": [
            {
              "batter": "MN van Wyk",
              "bowler": "JT Smuts",
              "non_striker": "KP Pietersen",
              "runs": {
                "batter": 1,
                "extras": 0,
                "total": 1
              }
            },
            {
              "batter": "KP Pietersen",
              "bowler": "JT Smuts",
              "non_striker": "MN van Wyk",
              "runs": {
                "batter": 0,
                "extras": 0,
                "total": 0
              }
            },
            {
              "batter": "KP Pietersen",
              "bowler": "JT Smuts",
              "non_striker": "MN van Wyk",
              "runs": {
                "batter": 0,
                "extras": 0,
                "total": 0
              }
            },
            {
              "batter": "KP Pietersen",
              "bowler": "JT Smuts",
              "non_striker": "MN van Wyk",
              "runs": {
                "batter": 4,
                "extras": 0,
                "total": 4
              }
            },
            {
              "batter": "KP Pietersen",
              "bowler": "JT Smuts",
              "non_striker": "MN van Wyk",
              "runs": {
                "batter": 6,
                "extras": 0,
                "total": 6
              }
            },
            {
              "batter": "KP Pietersen",
              "bowler": "JT Smuts",
              "non_striker": "MN van Wyk",
              "runs": {
                "batter": 1,
                "extras": 0,
                "total": 1
              }
            }
          ]
        },
        {
          "over": 6,
          "deliveries": [
            {
              "batter": "KP Pietersen",
              "bowler": "A Gqamane",
              "non_striker": "MN van Wyk",
              "runs": {
                "batter": 1,
                "extras": 0,
                "total": 1
              }
            },
            {
              "batter": "MN van Wyk",
              "bowler": "A Gqamane",
              "non_striker": "KP Pietersen",
              "runs": {
                "batter": 0,
                "extras": 0,
                "total": 0
              }
            },
            {
              "batter": "MN van Wyk",
              "bowler": "A Gqamane",
              "non_striker": "KP Pietersen",
              "runs": {
                "batter": 1,
                "extras": 0,
                "total": 1
              }
            },
            {
              "batter": "KP Pietersen",
              "bowler": "A Gqamane",
              "non_striker": "MN van Wyk",
              "runs": {
                "batter": 6,
                "extras": 0,
                "total": 6
              }
            },
            {
              "batter": "KP Pietersen",
              "bowler": "A Gqamane",
              "non_striker": "MN van Wyk",
              "runs": {
                "batter": 4,
                "extras": 0,
                "total": 4
              }
            },
            {
              "batter": "KP Pietersen",
              "bowler": "A Gqamane",
              "non_striker": "MN van Wyk",
              "runs": {
                "batter": 0,
                "extras": 0,
                "total": 0
              }
            }
          ]
        },
        {
          "over": 7,
          "deliveries": [
            {
              "batter": "MN van Wyk",
              "bowler": "CA Ingram",
              "non_striker": "KP Pietersen",
              "runs": {
                "batter": 1,
                "extras": 0,
                "total": 1
              }
            },
            {
              "batter": "KP Pietersen",
              "bowler": "CA Ingram",
              "non_striker": "MN van Wyk",
              "runs": {
                "batter": 6,
                "extras": 0,
                "total": 6
              }
            },
            {
              "batter": "KP Pietersen",
              "bowler": "CA Ingram",
              "non_striker": "MN van Wyk",
              "runs": {
                "batter": 6,
                "extras": 0,
                "total": 6
              }
            },
            {
              "batter": "KP Pietersen",
              "bowler": "CA Ingram",
              "non_striker": "MN van Wyk",
              "runs": {
                "batter": 0,
                "extras": 0,
                "total": 0
              }
            },
            {
              "batter": "KP Pietersen",
              "bowler": "CA Ingram",
              "non_striker": "MN van Wyk",
              "runs": {
                "batter": 1,
                "extras": 0,
                "total": 1
              }
            },
            {
              "batter": "MN van Wyk",
              "bowler": "CA Ingram",
              "non_striker": "KP Pietersen",
              "runs": {
                "batter": 1,
                "extras": 0,
                "total": 1
              }
            }
          ]
        },
        {
          "over": 8,
          "deliveries": [
            {
              "batter": "MN van Wyk",
              "bowler": "JT Smuts",
              "non_striker": "KP Pietersen",
              "runs": {
                "batter": 1,
                "extras": 0,
                "total": 1
              }
            },
            {
              "batter": "KP Pietersen",
              "bowler": "JT Smuts",
              "non_striker": "MN van Wyk",
              "runs": {
                "batter": 1,
                "extras": 0,
                "total": 1
              }
            },
            {
              "batter": "MN van Wyk",
              "bowler": "JT Smuts",
              "non_striker": "KP Pietersen",
              "runs": {
                "batter": 1,
                "extras": 0,
                "total": 1
              }
            },
            {
              "batter": "KP Pietersen",
              "bowler": "JT Smuts",
              "non_striker": "MN van Wyk",
              "runs": {
                "batter": 1,
                "extras": 0,
                "total": 1
              }
            },
            {
              "batter": "MN van Wyk",
              "bowler": "JT Smuts",
              "non_striker": "KP Pietersen",
              "runs": {
                "batter": 1,
                "extras": 0,
                "total": 1
              }
            },
            {
              "batter": "KP Pietersen",
              "bowler": "JT Smuts",
              "non_striker": "MN van Wyk",
              "runs": {
                "batter": 1,
                "extras": 0,
                "total": 1
              }
            }
          ]
        },
        {
          "over": 9,
          "deliveries": [
            {
              "batter": "KP Pietersen",
              "bowler": "SSB Magala",
              "extras": {
                "noballs": 1
              },
              "non_striker": "MN van Wyk",
              "runs": {
                "batter": 1,
                "extras": 1,
                "total": 2
              }
            },
            {
              "batter": "MN van Wyk",
              "bowler": "SSB Magala",
              "non_striker": "KP Pietersen",
              "runs": {
                "batter": 0,
                "extras": 0,
                "total": 0
              }
            },
            {
              "batter": "MN van Wyk",
              "bowler": "SSB Magala",
              "non_striker": "KP Pietersen",
              "runs": {
                "batter": 0,
                "extras": 0,
                "total": 0
              }
            },
            {
              "batter": "MN van Wyk",
              "bowler": "SSB Magala",
              "non_striker": "KP Pietersen",
              "runs": {
                "batter": 1,
                "extras": 0,
                "total": 1
              }
            },
            {
              "batter": "KP Pietersen",
              "bowler": "SSB Magala",
              "non_striker": "MN van Wyk",
              "runs": {
                "batter": 1,
                "extras": 0,
                "total": 1
              }
            },
            {
              "batter": "MN van Wyk",
              "bowler": "SSB Magala",
              "non_striker": "KP Pietersen",
              "runs": {
                "batter": 1,
                "extras": 0,
                "total": 1
              }
            },
            {
              "batter": "KP Pietersen",
              "bowler": "SSB Magala",
              "non_striker": "MN van Wyk",
              "runs": {
                "batter": 0,
                "extras": 0,
                "total": 0
              }
            }
          ]
        },
        {
          "over": 10,
          "deliveries": [
            {
              "batter": "MN van Wyk",
              "bowler": "JT Smuts",
              "non_striker": "KP Pietersen",
              "runs": {
                "batter": 1,
                "extras": 0,
                "total": 1
              }
            },
            {
              "batter": "KP Pietersen",
              "bowler": "JT Smuts",
              "non_striker": "MN van Wyk",
              "runs": {
                "batter": 2,
                "extras": 0,
                "total": 2
              }
            },
            {
              "batter": "KP Pietersen",
              "bowler": "JT Smuts",
              "non_striker": "MN van Wyk",
              "runs": {
                "batter": 2,
                "extras": 0,
                "total": 2
              }
            },
            {
              "batter": "KP Pietersen",
              "bowler": "JT Smuts",
              "non_striker": "MN van Wyk",
              "runs": {
                "batter": 0,
                "extras": 0,
                "total": 0
              }
            },
            {
              "batter": "KP Pietersen",
              "bowler": "JT Smuts",
              "non_striker": "MN van Wyk",
              "runs": {
                "batter": 1,
                "extras": 0,
                "total": 1
              }
            },
            {
              "batter": "MN van Wyk",
              "bowler": "JT Smuts",
              "non_striker": "KP Pietersen",
              "runs": {
                "batter": 4,
                "extras": 0,
                "total": 4
              }
            }
          ]
        },
        {
          "over": 11,
          "deliveries": [
            {
              "batter": "KP Pietersen",
              "bowler": "SSB Magala",
              "non_striker": "MN van Wyk",
              "runs": {
                "batter": 0,
                "extras": 0,
                "total": 0
              }
            },
            {
              "batter": "KP Pietersen",
              "bowler": "SSB Magala",
              "non_striker": "MN van Wyk",
              "runs": {
                "batter": 1,
                "extras": 0,
                "total": 1
              }
            },
            {
              "batter": "MN van Wyk",
              "bowler": "SSB Magala",
              "extras": {
                "legbyes": 1
              },
              "non_striker": "KP Pietersen",
              "runs": {
                "batter": 0,
                "extras": 1,
                "total": 1
              }
            },
            {
              "batter": "KP Pietersen",
              "bowler": "SSB Magala",
              "non_striker": "MN van Wyk",
              "runs": {
                "batter": 0,
                "extras": 0,
                "total": 0
              }
            },
            {
              "batter": "KP Pietersen",
              "bowler": "SSB Magala",
              "non_striker": "MN van Wyk",
              "runs": {
                "batter": 4,
                "extras": 0,
                "total": 4
              }
            },
            {
              "batter": "KP Pietersen",
              "bowler": "SSB Magala",
              "non_striker": "MN van Wyk",
              "runs": {
                "batter": 1,
                "extras": 0,
                "total": 1
              }
            }
          ]
        },
        {
          "over": 12,
          "deliveries": [
            {
              "batter": "KP Pietersen",
              "bowler": "CN Ackermann",
              "non_striker": "MN van Wyk",
              "runs": {
                "batter": 4,
                "extras": 0,
                "total": 4
              }
            },
            {
              "batter": "KP Pietersen",
              "bowler": "CN Ackermann",
              "non_striker": "MN van Wyk",
              "runs": {
                "batter": 0,
                "extras": 0,
                "total": 0
              }
            },
            {
              "batter": "KP Pietersen",
              "bowler": "CN Ackermann",
              "non_striker": "MN van Wyk",
              "runs": {
                "batter": 0,
                "extras": 0,
                "total": 0
              },
              "wickets": [
                {
                  "player_out": "KP Pietersen",
                  "fielders": [
                    {
                      "name": "BD Walters"
                    }
                  ],
                  "kind": "caught"
                }
              ]
            },
            {
              "batter": "MN van Wyk",
              "bowler": "CN Ackermann",
              "non_striker": "DA Miller",
              "runs": {
                "batter": 1,
                "extras": 0,
                "total": 1
              }
            },
            {
              "batter": "DA Miller",
              "bowler": "CN Ackermann",
              "non_striker": "MN van Wyk",
              "runs": {
                "batter": 1,
                "extras": 0,
                "total": 1
              }
            },
            {
              "batter": "MN van Wyk",
              "bowler": "CN Ackermann",
              "non_striker": "DA Miller",
              "runs": {
                "batter": 0,
                "extras": 0,
                "total": 0
              }
            }
          ]
        },
        {
          "over": 13,
          "deliveries": [
            {
              "batter": "DA Miller",
              "bowler": "MY Vallie",
              "non_striker": "MN van Wyk",
              "runs": {
                "batter": 0,
                "extras": 0,
                "total": 0
              }
            },
            {
              "batter": "DA Miller",
              "bowler": "MY Vallie",
              "non_striker": "MN van Wyk",
              "runs": {
                "batter": 0,
                "extras": 0,
                "total": 0
              }
            },
            {
              "batter": "DA Miller",
              "bowler": "MY Vallie",
              "non_striker": "MN van Wyk",
              "runs": {
                "batter": 2,
                "extras": 0,
                "total": 2
              }
            },
            {
              "batter": "DA Miller",
              "bowler": "MY Vallie",
              "non_striker": "MN van Wyk",
              "runs": {
                "batter": 4,
                "extras": 0,
                "total": 4
              }
            },
            {
              "batter": "DA Miller",
              "bowler": "MY Vallie",
              "non_striker": "MN van Wyk",
              "runs": {
                "batter": 1,
                "extras": 0,
                "total": 1
              }
            },
            {
              "batter": "MN van Wyk",
              "bowler": "MY Vallie",
              "non_striker": "DA Miller",
              "runs": {
                "batter": 6,
                "extras": 0,
                "total": 6
              }
            }
          ]
        },
        {
          "over": 14,
          "deliveries": [
            {
              "batter": "DA Miller",
              "bowler": "CN Ackermann",
              "non_striker": "MN van Wyk",
              "runs": {
                "batter": 0,
                "extras": 0,
                "total": 0
              }
            },
            {
              "batter": "DA Miller",
              "bowler": "CN Ackermann",
              "non_striker": "MN van Wyk",
              "runs": {
                "batter": 1,
                "extras": 0,
                "total": 1
              }
            },
            {
              "batter": "MN van Wyk",
              "bowler": "CN Ackermann",
              "non_striker": "DA Miller",
              "runs": {
                "batter": 0,
                "extras": 0,
                "total": 0
              }
            },
            {
              "batter": "MN van Wyk",
              "bowler": "CN Ackermann",
              "non_striker": "DA Miller",
              "runs": {
                "batter": 2,
                "extras": 0,
                "total": 2
              }
            },
            {
              "batter": "MN van Wyk",
              "bowler": "CN Ackermann",
              "non_striker": "DA Miller",
              "runs": {
                "batter": 1,
                "extras": 0,
                "total": 1
              }
            },
            {
              "batter": "DA Miller",
              "bowler": "CN Ackermann",
              "non_striker": "MN van Wyk",
              "runs": {
                "batter": 1,
                "extras": 0,
                "total": 1
              }
            }
          ]
        },
        {
          "over": 15,
          "deliveries": [
            {
              "batter": "DA Miller",
              "bowler": "A Gqamane",
              "non_striker": "MN van Wyk",
              "runs": {
                "batter": 1,
                "extras": 0,
                "total": 1
              }
            },
            {
              "batter": "MN van Wyk",
              "bowler": "A Gqamane",
              "non_striker": "DA Miller",
              "runs": {
                "batter": 1,
                "extras": 0,
                "total": 1
              }
            },
            {
              "batter": "DA Miller",
              "bowler": "A Gqamane",
              "non_striker": "MN van Wyk",
              "runs": {
                "batter": 4,
                "extras": 0,
                "total": 4
              }
            },
            {
              "batter": "DA Miller",
              "bowler": "A Gqamane",
              "non_striker": "MN van Wyk",
              "runs": {
                "batter": 1,
                "extras": 0,
                "total": 1
              }
            },
            {
              "batter": "MN van Wyk",
              "bowler": "A Gqamane",
              "non_striker": "DA Miller",
              "runs": {
                "batter": 4,
                "extras": 0,
                "total": 4
              }
            },
            {
              "batter": "MN van Wyk",
              "bowler": "A Gqamane",
              "extras": {
                "wides": 1
              },
              "non_striker": "DA Miller",
              "runs": {
                "batter": 0,
                "extras": 1,
                "total": 1
              }
            },
            {
              "batter": "MN van Wyk",
              "bowler": "A Gqamane",
              "non_striker": "DA Miller",
              "runs": {
                "batter": 1,
                "extras": 0,
                "total": 1
              }
            }
          ]
        },
        {
          "over": 16,
          "deliveries": [
            {
              "batter": "MN van Wyk",
              "bowler": "ACR Birch",
              "non_striker": "DA Miller",
              "runs": {
                "batter": 0,
                "extras": 0,
                "total": 0
              }
            },
            {
              "batter": "MN van Wyk",
              "bowler": "ACR Birch",
              "extras": {
                "wides": 1
              },
              "non_striker": "DA Miller",
              "runs": {
                "batter": 0,
                "extras": 1,
                "total": 1
              }
            },
            {
              "batter": "MN van Wyk",
              "bowler": "ACR Birch",
              "non_striker": "DA Miller",
              "runs": {
                "batter": 1,
                "extras": 0,
                "total": 1
              }
            },
            {
              "batter": "DA Miller",
              "bowler": "ACR Birch",
              "non_striker": "MN van Wyk",
              "runs": {
                "batter": 2,
                "extras": 0,
                "total": 2
              }
            },
            {
              "batter": "DA Miller",
              "bowler": "ACR Birch",
              "non_striker": "MN van Wyk",
              "runs": {
                "batter": 2,
                "extras": 0,
                "total": 2
              }
            },
            {
              "batter": "DA Miller",
              "bowler": "ACR Birch",
              "non_striker": "MN van Wyk",
              "runs": {
                "batter": 1,
                "extras": 0,
                "total": 1
              }
            },
            {
              "batter": "MN van Wyk",
              "bowler": "ACR Birch",
              "non_striker": "DA Miller",
              "runs": {
                "batter": 1,
                "extras": 0,
                "total": 1
              }
            }
          ]
        },
        {
          "over": 17,
          "deliveries": [
            {
              "batter": "MN van Wyk",
              "bowler": "SSB Magala",
              "non_striker": "DA Miller",
              "runs": {
                "batter": 1,
                "extras": 0,
                "total": 1
              }
            },
            {
              "batter": "DA Miller",
              "bowler": "SSB Magala",
              "non_striker": "MN van Wyk",
              "runs": {
                "batter": 6,
                "extras": 0,
                "total": 6
              }
            },
            {
              "batter": "DA Miller",
              "bowler": "SSB Magala",
              "non_striker": "MN van Wyk",
              "runs": {
                "batter": 1,
                "extras": 0,
                "total": 1
              }
            },
            {
              "batter": "MN van Wyk",
              "bowler": "SSB Magala",
              "non_striker": "DA Miller",
              "runs": {
                "batter": 0,
                "extras": 0,
                "total": 0
              },
              "wickets": [
                {
                  "player_out": "MN van Wyk",
                  "fielders": [
                    {
                      "name": "CN Ackermann"
                    }
                  ],
                  "kind": "caught"
                }
              ]
            },
            {
              "batter": "DA Miller",
              "bowler": "SSB Magala",
              "non_striker": "K Zondo",
              "runs": {
                "batter": 0,
                "extras": 0,
                "total": 0
              }
            },
            {
              "batter": "DA Miller",
              "bowler": "SSB Magala",
              "non_striker": "K Zondo",
              "runs": {
                "batter": 1,
                "extras": 0,
                "total": 1
              }
            }
          ]
        },
        {
          "over": 18,
          "deliveries": [
            {
              "batter": "DA Miller",
              "bowler": "ACR Birch",
              "non_striker": "K Zondo",
              "runs": {
                "batter": 2,
                "extras": 0,
                "total": 2
              }
            },
            {
              "batter": "DA Miller",
              "bowler": "ACR Birch",
              "non_striker": "K Zondo",
              "runs": {
                "batter": 1,
                "extras": 0,
                "total": 1
              }
            },
            {
              "batter": "K Zondo",
              "bowler": "ACR Birch",
              "non_striker": "DA Miller",
              "runs": {
                "batter": 0,
                "extras": 0,
                "total": 0
              }
            },
            {
              "batter": "K Zondo",
              "bowler": "ACR Birch",
              "extras": {
                "wides": 2
              },
              "non_striker": "DA Miller",
              "runs": {
                "batter": 0,
                "extras": 2,
                "total": 2
              }
            },
            {
              "batter": "DA Miller",
              "bowler": "ACR Birch",
              "non_striker": "K Zondo",
              "runs": {
                "batter": 6,
                "extras": 0,
                "total": 6
              }
            },
            {
              "batter": "DA Miller",
              "bowler": "ACR Birch",
              "non_striker": "K Zondo",
              "runs": {
                "batter": 1,
                "extras": 0,
                "total": 1
              }
            },
            {
              "batter": "K Zondo",
              "bowler": "ACR Birch",
              "non_striker": "DA Miller",
              "runs": {
                "batter": 1,
                "extras": 0,
                "total": 1
              }
            }
          ]
        },
        {
          "over": 19,
          "deliveries": [
            {
              "batter": "K Zondo",
              "bowler": "SSB Magala",
              "non_striker": "DA Miller",
              "runs": {
                "batter": 1,
                "extras": 0,
                "total": 1
              }
            },
            {
              "batter": "DA Miller",
              "bowler": "SSB Magala",
              "non_striker": "K Zondo",
              "runs": {
                "batter": 1,
                "extras": 0,
                "total": 1
              }
            },
            {
              "batter": "K Zondo",
              "bowler": "SSB Magala",
              "non_striker": "DA Miller",
              "runs": {
                "batter": 0,
                "extras": 0,
                "total": 0
              },
              "wickets": [
                {
                  "player_out": "K Zondo",
                  "fielders": [
                    {
                      "name": "BD Walters"
                    }
                  ],
                  "kind": "caught"
                }
              ]
            },
            {
              "batter": "C Chetty",
              "bowler": "SSB Magala",
              "non_striker": "DA Miller",
              "runs": {
                "batter": 0,
                "extras": 0,
                "total": 0
              }
            },
            {
              "batter": "C Chetty",
              "bowler": "SSB Magala",
              "non_striker": "DA Miller",
              "runs": {
                "batter": 1,
                "extras": 0,
                "total": 1
              }
            },
            {
              "batter": "DA Miller",
              "bowler": "SSB Magala",
              "non_striker": "C Chetty",
              "runs": {
                "batter": 6,
                "extras": 0,
                "total": 6
              }
            }
          ]
        }
      ],
      "powerplays": [
        {
          "from": 0.1,
          "to": 5.6,
          "type": "mandatory"
        }
      ]
    },
    {
      "team": "Warriors",
      "overs": [
        {
          "over": 0,
          "deliveries": [
            {
              "batter": "JT Smuts",
              "bowler": "KJ Abbott",
              "non_striker": "CN Ackermann",
              "runs": {
                "batter": 0,
                "extras": 0,
                "total": 0
              }
            },
            {
              "batter": "JT Smuts",
              "bowler": "KJ Abbott",
              "non_striker": "CN Ackermann",
              "runs": {
                "batter": 4,
                "extras": 0,
                "total": 4
              }
            },
            {
              "batter": "JT Smuts",
              "bowler": "KJ Abbott",
              "non_striker": "CN Ackermann",
              "runs": {
                "batter": 0,
                "extras": 0,
                "total": 0
              }
            },
            {
              "batter": "JT Smuts",
              "bowler": "KJ Abbott",
              "non_striker": "CN Ackermann",
              "runs": {
                "batter": 0,
                "extras": 0,
                "total": 0
              }
            },
            {
              "batter": "JT Smuts",
              "bowler": "KJ Abbott",
              "non_striker": "CN Ackermann",
              "runs": {
                "batter": 0,
                "extras": 0,
                "total": 0
              }
            },
            {
              "batter": "JT Smuts",
              "bowler": "KJ Abbott",
              "non_striker": "CN Ackermann",
              "runs": {
                "batter": 0,
                "extras": 0,
                "total": 0
              }
            }
          ]
        },
        {
          "over": 1,
          "deliveries": [
            {
              "batter": "CN Ackermann",
              "bowler": "KA Maharaj",
              "non_striker": "JT Smuts",
              "runs": {
                "batter": 4,
                "extras": 0,
                "total": 4
              }
            },
            {
              "batter": "CN Ackermann",
              "bowler": "KA Maharaj",
              "non_striker": "JT Smuts",
              "runs": {
                "batter": 0,
                "extras": 0,
                "total": 0
              }
            },
            {
              "batter": "CN Ackermann",
              "bowler": "KA Maharaj",
              "non_striker": "JT Smuts",
              "runs": {
                "batter": 0,
                "extras": 0,
                "total": 0
              }
            },
            {
              "batter": "CN Ackermann",
              "bowler": "KA Maharaj",
              "non_striker": "JT Smuts",
              "runs": {
                "batter": 1,
                "extras": 0,
                "total": 1
              }
            },
            {
              "batter": "JT Smuts",
              "bowler": "KA Maharaj",
              "non_striker": "CN Ackermann",
              "runs": {
                "batter": 0,
                "extras": 0,
                "total": 0
              }
            },
            {
              "batter": "JT Smuts",
              "bowler": "KA Maharaj",
              "non_striker": "CN Ackermann",
              "runs": {
                "batter": 0,
                "extras": 0,
                "total": 0
              }
            }
          ]
        },
        {
          "over": 2,
          "deliveries": [
            {
              "batter": "CN Ackermann",
              "bowler": "A Myoli",
              "extras": {
                "wides": 1
              },
              "non_striker": "JT Smuts",
              "runs": {
                "batter": 0,
                "extras": 1,
                "total": 1
              }
            },
            {
              "batter": "CN Ackermann",
              "bowler": "A Myoli",
              "non_striker": "JT Smuts",
              "runs": {
                "batter": 0,
                "extras": 0,
                "total": 0
              }
            },
            {
              "batter": "CN Ackermann",
              "bowler": "A Myoli",
              "non_striker": "JT Smuts",
              "runs": {
                "batter": 0,
                "extras": 0,
                "total": 0
              }
            },
            {
              "batter": "CN Ackermann",
              "bowler": "A Myoli",
              "non_striker": "JT Smuts",
              "runs": {
                "batter": 1,
                "extras": 0,
                "total": 1
              }
            },
            {
              "batter": "JT Smuts",
              "bowler": "A Myoli",
              "non_striker": "CN Ackermann",
              "runs": {
                "batter": 0,
                "extras": 0,
                "total": 0
              }
            },
            {
              "batter": "JT Smuts",
              "bowler": "A Myoli",
              "non_striker": "CN Ackermann",
              "runs": {
                "batter": 6,
                "extras": 0,
                "total": 6
              }
            },
            {
              "batter": "JT Smuts",
              "bowler": "A Myoli",
              "non_striker": "CN Ackermann",
              "runs": {
                "batter": 4,
                "extras": 0,
                "total": 4
              }
            }
          ]
        },
        {
          "over": 3,
          "deliveries": [
            {
              "batter": "CN Ackermann",
              "bowler": "AL Phehlukwayo",
              "non_striker": "JT Smuts",
              "runs": {
                "batter": 0,
                "extras": 0,
                "total": 0
              }
            },
            {
              "batter": "CN Ackermann",
              "bowler": "AL Phehlukwayo",
              "non_striker": "JT Smuts",
              "runs": {
                "batter": 0,
                "extras": 0,
                "total": 0
              }
            },
            {
              "batter": "CN Ackermann",
              "bowler": "AL Phehlukwayo",
              "non_striker": "JT Smuts",
              "runs": {
                "batter": 1,
                "extras": 0,
                "total": 1
              }
            },
            {
              "batter": "JT Smuts",
              "bowler": "AL Phehlukwayo",
              "non_striker": "CN Ackermann",
              "runs": {
                "batter": 4,
                "extras": 0,
                "total": 4
              }
            },
            {
              "batter": "JT Smuts",
              "bowler": "AL Phehlukwayo",
              "non_striker": "CN Ackermann",
              "runs": {
                "batter": 0,
                "extras": 0,
                "total": 0
              }
            },
            {
              "batter": "JT Smuts",
              "bowler": "AL Phehlukwayo",
              "non_striker": "CN Ackermann",
              "runs": {
                "batter": 4,
                "extras": 0,
                "total": 4
              }
            }
          ]
        },
        {
          "over": 4,
          "deliveries": [
            {
              "batter": "CN Ackermann",
              "bowler": "KJ Abbott",
              "non_striker": "JT Smuts",
              "runs": {
                "batter": 1,
                "extras": 0,
                "total": 1
              }
            },
            {
              "batter": "JT Smuts",
              "bowler": "KJ Abbott",
              "non_striker": "CN Ackermann",
              "runs": {
                "batter": 2,
                "extras": 0,
                "total": 2
              }
            },
            {
              "batter": "JT Smuts",
              "bowler": "KJ Abbott",
              "non_striker": "CN Ackermann",
              "runs": {
                "batter": 1,
                "extras": 0,
                "total": 1
              }
            },
            {
              "batter": "CN Ackermann",
              "bowler": "KJ Abbott",
              "non_striker": "JT Smuts",
              "runs": {
                "batter": 0,
                "extras": 0,
                "total": 0
              }
            },
            {
              "batter": "CN Ackermann",
              "bowler": "KJ Abbott",
              "non_striker": "JT Smuts",
              "runs": {
                "batter": 4,
                "extras": 0,
                "total": 4
              }
            },
            {
              "batter": "CN Ackermann",
              "bowler": "KJ Abbott",
              "non_striker": "JT Smuts",
              "runs": {
                "batter": 0,
                "extras": 0,
                "total": 0
              }
            }
          ]
        },
        {
          "over": 5,
          "deliveries": [
            {
              "batter": "JT Smuts",
              "bowler": "AL Phehlukwayo",
              "non_striker": "CN Ackermann",
              "runs": {
                "batter": 4,
                "extras": 0,
                "total": 4
              }
            },
            {
              "batter": "JT Smuts",
              "bowler": "AL Phehlukwayo",
              "non_striker": "CN Ackermann",
              "runs": {
                "batter": 1,
                "extras": 0,
                "total": 1
              }
            },
            {
              "batter": "CN Ackermann",
              "bowler": "AL Phehlukwayo",
              "non_striker": "JT Smuts",
              "runs": {
                "batter": 1,
                "extras": 0,
                "total": 1
              }
            },
            {
              "batter": "JT Smuts",
              "bowler": "AL Phehlukwayo",
              "non_striker": "CN Ackermann",
              "runs": {
                "batter": 0,
                "extras": 0,
                "total": 0
              },
              "wickets": [
                {
                  "player_out": "JT Smuts",
                  "kind": "bowled"
                }
              ]
            },
            {
              "batter": "CA Ingram",
              "bowler": "AL Phehlukwayo",
              "non_striker": "CN Ackermann",
              "runs": {
                "batter": 0,
                "extras": 0,
                "total": 0
              }
            },
            {
              "batter": "CA Ingram",
              "bowler": "AL Phehlukwayo",
              "non_striker": "CN Ackermann",
              "runs": {
                "batter": 4,
                "extras": 0,
                "total": 4
              }
            }
          ]
        },
        {
          "over": 6,
          "deliveries": [
            {
              "batter": "CN Ackermann",
              "bowler": "CS Delport",
              "non_striker": "CA Ingram",
              "runs": {
                "batter": 1,
                "extras": 0,
                "total": 1
              }
            },
            {
              "batter": "CA Ingram",
              "bowler": "CS Delport",
              "non_striker": "CN Ackermann",
              "runs": {
                "batter": 0,
                "extras": 0,
                "total": 0
              }
            },
            {
              "batter": "CA Ingram",
              "bowler": "CS Delport",
              "extras": {
                "byes": 4
              },
              "non_striker": "CN Ackermann",
              "runs": {
                "batter": 0,
                "extras": 4,
                "total": 4
              }
            },
            {
              "batter": "CA Ingram",
              "bowler": "CS Delport",
              "non_striker": "CN Ackermann",
              "runs": {
                "batter": 0,
                "extras": 0,
                "total": 0
              }
            },
            {
              "batter": "CA Ingram",
              "bowler": "CS Delport",
              "non_striker": "CN Ackermann",
              "runs": {
                "batter": 1,
                "extras": 0,
                "total": 1
              }
            },
            {
              "batter": "CN Ackermann",
              "bowler": "CS Delport",
              "non_striker": "CA Ingram",
              "runs": {
                "batter": 4,
                "extras": 0,
                "total": 4
              }
            }
          ]
        },
        {
          "over": 7,
          "deliveries": [
            {
              "batter": "CA Ingram",
              "bowler": "P Subrayen",
              "non_striker": "CN Ackermann",
              "runs": {
                "batter": 0,
                "extras": 0,
                "total": 0
              },
              "wickets": [
                {
                  "player_out": "CA Ingram",
                  "kind": "lbw"
                }
              ]
            },
            {
              "batter": "MY Vallie",
              "bowler": "P Subrayen",
              "non_striker": "CN Ackermann",
              "runs": {
                "batter": 1,
                "extras": 0,
                "total": 1
              }
            },
            {
              "batter": "CN Ackermann",
              "bowler": "P Subrayen",
              "non_striker": "MY Vallie",
              "runs": {
                "batter": 6,
                "extras": 0,
                "total": 6
              }
            },
            {
              "batter": "CN Ackermann",
              "bowler": "P Subrayen",
              "non_striker": "MY Vallie",
              "runs": {
                "batter": 1,
                "extras": 0,
                "total": 1
              }
            },
            {
              "batter": "MY Vallie",
              "bowler": "P Subrayen",
              "non_striker": "CN Ackermann",
              "runs": {
                "batter": 1,
                "extras": 0,
                "total": 1
              }
            },
            {
              "batter": "CN Ackermann",
              "bowler": "P Subrayen",
              "non_striker": "MY Vallie",
              "runs": {
                "batter": 1,
                "extras": 0,
                "total": 1
              }
            }
          ]
        },
        {
          "over": 8,
          "deliveries": [
            {
              "batter": "CN Ackermann",
              "bowler": "CS Delport",
              "non_striker": "MY Vallie",
              "runs": {
                "batter": 0,
                "extras": 0,
                "total": 0
              }
            },
            {
              "batter": "CN Ackermann",
              "bowler": "CS Delport",
              "non_striker": "MY Vallie",
              "runs": {
                "batter": 0,
                "extras": 0,
                "total": 0
              },
              "wickets": [
                {
                  "player_out": "CN Ackermann",
                  "fielders": [
                    {
                      "name": "MN van Wyk"
                    }
                  ],
                  "kind": "stumped"
                }
              ]
            },
            {
              "batter": "C Jonker",
              "bowler": "CS Delport",
              "non_striker": "MY Vallie",
              "runs": {
                "batter": 2,
                "extras": 0,
                "total": 2
              }
            },
            {
              "batter": "C Jonker",
              "bowler": "CS Delport",
              "non_striker": "MY Vallie",
              "runs": {
                "batter": 0,
                "extras": 0,
                "total": 0
              }
            },
            {
              "batter": "C Jonker",
              "bowler": "CS Delport",
              "non_striker": "MY Vallie",
              "runs": {
                "batter": 1,
                "extras": 0,
                "total": 1
              }
            },
            {
              "batter": "MY Vallie",
              "bowler": "CS Delport",
              "non_striker": "C Jonker",
              "runs": {
                "batter": 2,
                "extras": 0,
                "total": 2
              }
            }
          ]
        },
        {
          "over": 9,
          "deliveries": [
            {
              "batter": "C Jonker",
              "bowler": "P Subrayen",
              "non_striker": "MY Vallie",
              "runs": {
                "batter": 1,
                "extras": 0,
                "total": 1
              }
            },
            {
              "batter": "MY Vallie",
              "bowler": "P Subrayen",
              "non_striker": "C Jonker",
              "runs": {
                "batter": 1,
                "extras": 0,
                "total": 1
              }
            },
            {
              "batter": "C Jonker",
              "bowler": "P Subrayen",
              "non_striker": "MY Vallie",
              "runs": {
                "batter": 2,
                "extras": 0,
                "total": 2
              }
            },
            {
              "batter": "C Jonker",
              "bowler": "P Subrayen",
              "non_striker": "MY Vallie",
              "runs": {
                "batter": 4,
                "extras": 0,
                "total": 4
              }
            },
            {
              "batter": "C Jonker",
              "bowler": "P Subrayen",
              "non_striker": "MY Vallie",
              "runs": {
                "batter": 0,
                "extras": 0,
                "total": 0
              }
            },
            {
              "batter": "C Jonker",
              "bowler": "P Subrayen",
              "non_striker": "MY Vallie",
              "runs": {
                "batter": 0,
                "extras": 0,
                "total": 0
              },
              "wickets": [
                {
                  "player_out": "C Jonker",
                  "kind": "lbw"
                }
              ]
            }
          ]
        },
        {
          "over": 10,
          "deliveries": [
            {
              "batter": "MY Vallie",
              "bowler": "KA Maharaj",
              "non_striker": "C Fortuin",
              "runs": {
                "batter": 1,
                "extras": 0,
                "total": 1
              }
            },
            {
              "batter": "C Fortuin",
              "bowler": "KA Maharaj",
              "non_striker": "MY Vallie",
              "runs": {
                "batter": 0,
                "extras": 0,
                "total": 0
              }
            },
            {
              "batter": "C Fortuin",
              "bowler": "KA Maharaj",
              "non_striker": "MY Vallie",
              "runs": {
                "batter": 0,
                "extras": 0,
                "total": 0
              }
            },
            {
              "batter": "C Fortuin",
              "bowler": "KA Maharaj",
              "non_striker": "MY Vallie",
              "runs": {
                "batter": 1,
                "extras": 0,
                "total": 1
              }
            },
            {
              "batter": "MY Vallie",
              "bowler": "KA Maharaj",
              "non_striker": "C Fortuin",
              "runs": {
                "batter": 1,
                "extras": 0,
                "total": 1
              }
            },
            {
              "batter": "C Fortuin",
              "bowler": "KA Maharaj",
              "non_striker": "MY Vallie",
              "runs": {
                "batter": 0,
                "extras": 0,
                "total": 0
              },
              "wickets": [
                {
                  "player_out": "C Fortuin",
                  "fielders": [
                    {
                      "name": "DA Miller"
                    }
                  ],
                  "kind": "caught"
                }
              ]
            }
          ]
        },
        {
          "over": 11,
          "deliveries": [
            {
              "batter": "MJ Nqolo",
              "bowler": "P Subrayen",
              "non_striker": "MY Vallie",
              "runs": {
                "batter": 1,
                "extras": 0,
                "total": 1
              }
            },
            {
              "batter": "MJ Nqolo",
              "bowler": "P Subrayen",
              "non_striker": "MY Vallie",
              "runs": {
                "batter": 0,
                "extras": 0,
                "total": 0
              },
              "wickets": [
                {
                  "player_out": "MJ Nqolo",
                  "kind": "lbw"
                }
              ]
            },
            {
              "batter": "ACR Birch",
              "bowler": "P Subrayen",
              "non_striker": "MY Vallie",
              "runs": {
                "batter": 0,
                "extras": 0,
                "total": 0
              }
            },
            {
              "batter": "ACR Birch",
              "bowler": "P Subrayen",
              "non_striker": "MY Vallie",
              "runs": {
                "batter": 0,
                "extras": 0,
                "total": 0
              }
            },
            {
              "batter": "ACR Birch",
              "bowler": "P Subrayen",
              "non_striker": "MY Vallie",
              "runs": {
                "batter": 1,
                "extras": 0,
                "total": 1
              }
            },
            {
              "batter": "MY Vallie",
              "bowler": "P Subrayen",
              "non_striker": "ACR Birch",
              "runs": {
                "batter": 2,
                "extras": 0,
                "total": 2
              }
            }
          ]
        },
        {
          "over": 12,
          "deliveries": [
            {
              "batter": "ACR Birch",
              "bowler": "KA Maharaj",
              "non_striker": "MY Vallie",
              "runs": {
                "batter": 1,
                "extras": 0,
                "total": 1
              }
            },
            {
              "batter": "MY Vallie",
              "bowler": "KA Maharaj",
              "non_striker": "ACR Birch",
              "runs": {
                "batter": 1,
                "extras": 0,
                "total": 1
              }
            },
            {
              "batter": "ACR Birch",
              "bowler": "KA Maharaj",
              "non_striker": "MY Vallie",
              "runs": {
                "batter": 0,
                "extras": 0,
                "total": 0
              }
            },
            {
              "batter": "ACR Birch",
              "bowler": "KA Maharaj",
              "non_striker": "MY Vallie",
              "runs": {
                "batter": 1,
                "extras": 0,
                "total": 1
              }
            },
            {
              "batter": "MY Vallie",
              "bowler": "KA Maharaj",
              "non_striker": "ACR Birch",
              "runs": {
                "batter": 1,
                "extras": 0,
                "total": 1
              }
            },
            {
              "batter": "ACR Birch",
              "bowler": "KA Maharaj",
              "non_striker": "MY Vallie",
              "runs": {
                "batter": 1,
                "extras": 0,
                "total": 1
              }
            }
          ]
        },
        {
          "over": 13,
          "deliveries": [
            {
              "batter": "ACR Birch",
              "bowler": "CS Delport",
              "non_striker": "MY Vallie",
              "runs": {
                "batter": 0,
                "extras": 0,
                "total": 0
              }
            },
            {
              "batter": "ACR Birch",
              "bowler": "CS Delport",
              "non_striker": "MY Vallie",
              "runs": {
                "batter": 0,
                "extras": 0,
                "total": 0
              },
              "wickets": [
                {
                  "player_out": "ACR Birch",
                  "fielders": [
                    {
                      "name": "CJ Alexander",
                      "substitute": true
                    }
                  ],
                  "kind": "caught"
                }
              ]
            },
            {
              "batter": "MY Vallie",
              "bowler": "CS Delport",
              "non_striker": "A Gqamane",
              "runs": {
                "batter": 1,
                "extras": 0,
                "total": 1
              }
            },
            {
              "batter": "A Gqamane",
              "bowler": "CS Delport",
              "non_striker": "MY Vallie",
              "runs": {
                "batter": 0,
                "extras": 0,
                "total": 0
              }
            },
            {
              "batter": "A Gqamane",
              "bowler": "CS Delport",
              "non_striker": "MY Vallie",
              "runs": {
                "batter": 4,
                "extras": 0,
                "total": 4
              }
            },
            {
              "batter": "A Gqamane",
              "bowler": "CS Delport",
              "non_striker": "MY Vallie",
              "runs": {
                "batter": 0,
                "extras": 0,
                "total": 0
              },
              "wickets": [
                {
                  "player_out": "A Gqamane",
                  "fielders": [
                    {
                      "name": "C Chetty"
                    }
                  ],
                  "kind": "caught"
                }
              ]
            }
          ]
        },
        {
          "over": 14,
          "deliveries": [
            {
              "batter": "SSB Magala",
              "bowler": "KA Maharaj",
              "non_striker": "MY Vallie",
              "runs": {
                "batter": 0,
                "extras": 0,
                "total": 0
              }
            },
            {
              "batter": "SSB Magala",
              "bowler": "KA Maharaj",
              "non_striker": "MY Vallie",
              "runs": {
                "batter": 1,
                "extras": 0,
                "total": 1
              }
            },
            {
              "batter": "MY Vallie",
              "bowler": "KA Maharaj",
              "non_striker": "SSB Magala",
              "runs": {
                "batter": 1,
                "extras": 0,
                "total": 1
              }
            },
            {
              "batter": "SSB Magala",
              "bowler": "KA Maharaj",
              "non_striker": "MY Vallie",
              "runs": {
                "batter": 0,
                "extras": 0,
                "total": 0
              }
            },
            {
              "batter": "SSB Magala",
              "bowler": "KA Maharaj",
              "non_striker": "MY Vallie",
              "runs": {
                "batter": 0,
                "extras": 0,
                "total": 0
              }
            },
            {
              "batter": "SSB Magala",
              "bowler": "KA Maharaj",
              "non_striker": "MY Vallie",
              "runs": {
                "batter": 0,
                "extras": 0,
                "total": 0
              }
            }
          ]
        },
        {
          "over": 15,
          "deliveries": [
            {
              "batter": "MY Vallie",
              "bowler": "CS Delport",
              "non_striker": "SSB Magala",
              "runs": {
                "batter": 1,
                "extras": 0,
                "total": 1
              }
            },
            {
              "batter": "SSB Magala",
              "bowler": "CS Delport",
              "non_striker": "MY Vallie",
              "runs": {
                "batter": 0,
                "extras": 0,
                "total": 0
              }
            },
            {
              "batter": "SSB Magala",
              "bowler": "CS Delport",
              "non_striker": "MY Vallie",
              "runs": {
                "batter": 0,
                "extras": 0,
                "total": 0
              }
            },
            {
              "batter": "SSB Magala",
              "bowler": "CS Delport",
              "non_striker": "MY Vallie",
              "runs": {
                "batter": 6,
                "extras": 0,
                "total": 6
              }
            },
            {
              "batter": "SSB Magala",
              "bowler": "CS Delport",
              "non_striker": "MY Vallie",
              "runs": {
                "batter": 1,
                "extras": 0,
                "total": 1
              }
            },
            {
              "batter": "MY Vallie",
              "bowler": "CS Delport",
              "non_striker": "SSB Magala",
              "runs": {
                "batter": 2,
                "extras": 0,
                "total": 2
              }
            }
          ]
        },
        {
          "over": 16,
          "deliveries": [
            {
              "batter": "SSB Magala",
              "bowler": "KJ Abbott",
              "non_striker": "MY Vallie",
              "runs": {
                "batter": 0,
                "extras": 0,
                "total": 0
              }
            },
            {
              "batter": "SSB Magala",
              "bowler": "KJ Abbott",
              "non_striker": "MY Vallie",
              "runs": {
                "batter": 0,
                "extras": 0,
                "total": 0
              }
            },
            {
              "batter": "SSB Magala",
              "bowler": "KJ Abbott",
              "non_striker": "MY Vallie",
              "runs": {
                "batter": 1,
                "extras": 0,
                "total": 1
              }
            },
            {
              "batter": "MY Vallie",
              "bowler": "KJ Abbott",
              "non_striker": "SSB Magala",
              "runs": {
                "batter": 1,
                "extras": 0,
                "total": 1
              }
            },
            {
              "batter": "SSB Magala",
              "bowler": "KJ Abbott",
              "non_striker": "MY Vallie",
              "runs": {
                "batter": 1,
                "extras": 0,
                "total": 1
              }
            },
            {
              "batter": "MY Vallie",
              "bowler": "KJ Abbott",
              "non_striker": "SSB Magala",
              "runs": {
                "batter": 6,
                "extras": 0,
                "total": 6
              }
            }
          ]
        },
        {
          "over": 17,
          "deliveries": [
            {
              "batter": "SSB Magala",
              "bowler": "P Subrayen",
              "extras": {
                "byes": 4
              },
              "non_striker": "MY Vallie",
              "runs": {
                "batter": 0,
                "extras": 4,
                "total": 4
              }
            },
            {
              "batter": "SSB Magala",
              "bowler": "P Subrayen",
              "non_striker": "MY Vallie",
              "runs": {
                "batter": 4,
                "extras": 0,
                "total": 4
              }
            },
            {
              "batter": "SSB Magala",
              "bowler": "P Subrayen",
              "non_striker": "MY Vallie",
              "runs": {
                "batter": 1,
                "extras": 0,
                "total": 1
              }
            },
            {
              "batter": "MY Vallie",
              "bowler": "P Subrayen",
              "non_striker": "SSB Magala",
              "runs": {
                "batter": 0,
                "extras": 0,
                "total": 0
              },
              "wickets": [
                {
                  "player_out": "MY Vallie",
                  "fielders": [
                    {
                      "name": "DA Miller"
                    }
                  ],
                  "kind": "caught"
                }
              ]
            },
            {
              "batter": "SSB Magala",
              "bowler": "P Subrayen",
              "non_striker": "BD Walters",
              "runs": {
                "batter": 1,
                "extras": 0,
                "total": 1
              }
            },
            {
              "batter": "BD Walters",
              "bowler": "P Subrayen",
              "non_striker": "SSB Magala",
              "runs": {
                "batter": 1,
                "extras": 0,
                "total": 1
              }
            }
          ]
        },
        {
          "over": 18,
          "deliveries": [
            {
              "batter": "BD Walters",
              "bowler": "KJ Abbott",
              "non_striker": "SSB Magala",
              "runs": {
                "batter": 0,
                "extras": 0,
                "total": 0
              }
            },
            {
              "batter": "BD Walters",
              "bowler": "KJ Abbott",
              "non_striker": "SSB Magala",
              "runs": {
                "batter": 4,
                "extras": 0,
                "total": 4
              }
            },
            {
              "batter": "BD Walters",
              "bowler": "KJ Abbott",
              "non_striker": "SSB Magala",
              "runs": {
                "batter": 1,
                "extras": 0,
                "total": 1
              }
            },
            {
              "batter": "SSB Magala",
              "bowler": "KJ Abbott",
              "non_striker": "BD Walters",
              "runs": {
                "batter": 4,
                "extras": 0,
                "total": 4
              }
            },
            {
              "batter": "SSB Magala",
              "bowler": "KJ Abbott",
              "non_striker": "BD Walters",
              "runs": {
                "batter": 1,
                "extras": 0,
                "total": 1
              }
            },
            {
              "batter": "BD Walters",
              "bowler": "KJ Abbott",
              "non_striker": "SSB Magala",
              "runs": {
                "batter": 1,
                "extras": 0,
                "total": 1
              }
            }
          ]
        },
        {
          "over": 19,
          "deliveries": [
            {
              "batter": "BD Walters",
              "bowler": "AL Phehlukwayo",
              "non_striker": "SSB Magala",
              "runs": {
                "batter": 1,
                "extras": 0,
                "total": 1
              }
            },
            {
              "batter": "SSB Magala",
              "bowler": "AL Phehlukwayo",
              "non_striker": "BD Walters",
              "runs": {
                "batter": 2,
                "extras": 0,
                "total": 2
              }
            },
            {
              "batter": "SSB Magala",
              "bowler": "AL Phehlukwayo",
              "non_striker": "BD Walters",
              "runs": {
                "batter": 1,
                "extras": 0,
                "total": 1
              }
            },
            {
              "batter": "BD Walters",
              "bowler": "AL Phehlukwayo",
              "non_striker": "SSB Magala",
              "runs": {
                "batter": 0,
                "extras": 0,
                "total": 0
              },
              "wickets": [
                {
                  "player_out": "BD Walters",
                  "fielders": [
                    {
                      "name": "DA Miller"
                    }
                  ],
                  "kind": "caught"
                }
              ]
            }
          ]
        }
      ],
      "powerplays": [
        {
          "from": 0.1,
          "to": 5.6,
          "type": "mandatory"
        }
      ],
      "target": {
        "overs": 20,
        "runs": 180
      }
    }
  ]
}