{
  "meta": {
    "data_version": "1.1.0",
    "created": "2022-04-02",
    "revision": 1
  },
  "info": {
    "balls_per_over": 6,
    "city": "Centurion",
    "dates": [
      "2015-11-08"
    ],
    "event": {
      "name": "Ram Slam T20 Challenge"
    },
    "gender": "male",
    "match_type": "T20",
    "officials": {
      "match_referees": [
        "SB Lambson"
      ],
      "reserve_umpires": [
        "A Paleker"
      ],
      "umpires": [
        "CD Isaacs",
        "GH Pienaar"
      ]
    },
    "outcome": {
      "winner": "Titans",
      "by": {
        "runs": 26
      }
    },
    "overs": 20,
    "player_of_match": [
      "F Behardien",
      "D Paterson"
    ],
    "players": {
      "Titans": [
        "H Davids",
        "Q de Kock",
        "TG Mokoena",
        "GL van Buuren",
        "F Behardien",
        "MQ Adams",
        "JA Morkel",
        "CH Morris",
        "R Claassen",
        "L Ngidi",
        "CJ Dala"
      ],
      "Cape Cobras": [
        "RE Levi",
        "AG Puttick",
        "KD Petersen",
        "JL Ontong",
        "OA Ramela",
        "SA Engelbrecht",
        "RK Kleinveldt",
        "LC Ngoepe",
        "GF Linde",
        "D Paterson",
        "M Shezi"
      ]
    },
    "registry": {
      "people": {
        "A Paleker": "634b11ac",
        "AG Puttick": "637b6fbd",
        "CD Isaacs": "c0215bbd",
        "CH Morris": "fb66ce1f",
        "CJ Dala": "1cb14aa4",
        "D Paterson": "462d7c62",
        "F Behardien": "dce2019b",
        "GF Linde": "e5437608",
        "GH Pienaar": "3516e46b",
        "GL van Buuren": "ba377b40",
        "H Davids": "9c9f8dbc",
        "JA Morkel": "c3d35165",
        "JL Ontong": "55f33b32",
        "KD Petersen": "bf64dc29",
        "L Ngidi": "f834dcfc",
        "LC Ngoepe": "51355a30",
        "M Shezi": "016e5101",
        "MQ Adams": "59a7fc89",
        "OA Ramela": "04a5b56e",
        "Q de Kock": "372455c4",
        "R Claassen": "3da575b7",
        "RE Levi": "18c78b11",
        "RK Kleinveldt": "7955eb15",
        "SA Engelbrecht": "81a0e294",
        "SB Lambson": "4146063f",
        "TG Mokoena": "0827b38d"
      }
    },
    "season": "2015/16",
    "team_type": "club",
    "teams": [
      "Titans",
      "Cape Cobras"
    ],
    "toss": {
      "decision": "field",
      "winner": "Cape Cobras"
    },
    "venue": "SuperSport Park, Centurion"
  },
  "innings": [
    {
      "team": "Titans",
      "overs": [
        {
          "over": 0,
          "deliveries": [
            {
              "batter": "H Davids",
              "bowler": "D Paterson",
              "non_striker": "Q de Kock",
              "runs": {
                "batter": 0,
                "extras": 0,
                "total": 0
              }
            },
            {
              "batter": "H Davids",
              "bowler": "D Paterson",
              "non_striker": "Q de Kock",
              "runs": {
                "batter": 4,
                "extras": 0,
                "total": 4
              }
            },
            {
              "batter": "H Davids",
              "bowler": "D Paterson",
              "non_striker": "Q de Kock",
              "runs": {
                "batter": 0,
                "extras": 0,
                "total": 0
              },
              "wickets": [
                {
                  "player_out": "H Davids",
                  "kind": "lbw"
                }
              ]
            },
            {
              "batter": "TG Mokoena",
              "bowler": "D Paterson",
              "non_striker": "Q de Kock",
              "runs": {
                "batter": 0,
                "extras": 0,
                "total": 0
              }
            },
            {
              "batter": "TG Mokoena",
              "bowler": "D Paterson",
              "non_striker": "Q de Kock",
              "runs": {
                "batter": 1,
                "extras": 0,
                "total": 1
              }
            },
            {
              "batter": "Q de Kock",
              "bowler": "D Paterson",
              "non_striker": "TG Mokoena",
              "runs": {
                "batter": 1,
                "extras": 0,
                "total": 1
              }
            }
          ]
        },
        {
          "over": 1,
          "deliveries": [
            {
              "batter": "Q de Kock",
              "bowler": "RK Kleinveldt",
              "non_striker": "TG Mokoena",
              "runs": {
                "batter": 4,
                "extras": 0,
                "total": 4
              }
            },
            {
              "batter": "Q de Kock",
              "bowler": "RK Kleinveldt",
              "non_striker": "TG Mokoena",
              "runs": {
                "batter": 0,
                "extras": 0,
                "total": 0
              }
            },
            {
              "batter": "Q de Kock",
              "bowler": "RK Kleinveldt",
              "non_striker": "TG Mokoena",
              "runs": {
                "batter": 0,
                "extras": 0,
                "total": 0
              }
            },
            {
              "batter": "Q de Kock",
              "bowler": "RK Kleinveldt",
              "non_striker": "TG Mokoena",
              "runs": {
                "batter": 0,
                "extras": 0,
                "total": 0
              }
            },
            {
              "batter": "Q de Kock",
              "bowler": "RK Kleinveldt",
              "non_striker": "TG Mokoena",
              "runs": {
                "batter": 4,
                "extras": 0,
                "total": 4
              }
            },
            {
              "batter": "Q de Kock",
              "bowler": "RK Kleinveldt",
              "non_striker": "TG Mokoena",
              "runs": {
                "batter": 4,
                "extras": 0,
                "total": 4
              }
            }
          ]
        },
        {
          "over": 2,
          "deliveries": [
            {
              "batter": "TG Mokoena",
              "bowler": "D Paterson",
              "non_striker": "Q de Kock",
              "runs": {
                "batter": 0,
                "extras": 0,
                "total": 0
              }
            },
            {
              "batter": "TG Mokoena",
              "bowler": "D Paterson",
              "non_striker": "Q de Kock",
              "runs": {
                "batter": 0,
                "extras": 0,
                "total": 0
              }
            },
            {
              "batter": "TG Mokoena",
              "bowler": "D Paterson",
              "non_striker": "Q de Kock",
              "runs": {
                "batter": 0,
                "extras": 0,
                "total": 0
              }
            },
            {
              "batter": "TG Mokoena",
              "bowler": "D Paterson",
              "non_striker": "Q de Kock",
              "runs": {
                "batter": 4,
                "extras": 0,
                "total": 4
              }
            },
            {
              "batter": "TG Mokoena",
              "bowler": "D Paterson",
              "non_striker": "Q de Kock",
              "runs": {
                "batter": 0,
                "extras": 0,
                "total": 0
              },
              "wickets": [
                {
                  "player_out": "TG Mokoena",
                  "kind": "lbw"
                }
              ]
            },
            {
              "batter": "GL van Buuren",
              "bowler": "D Paterson",
              "non_striker": "Q de Kock",
              "runs": {
                "batter": 0,
                "extras": 0,
                "total": 0
              }
            }
          ]
        },
        {
          "over": 3,
          "deliveries": [
            {
              "batter": "Q de Kock",
              "bowler": "RK Kleinveldt",
              "non_striker": "GL van Buuren",
              "runs": {
                "batter": 0,
                "extras": 0,
                "total": 0
              }
            },
            {
              "batter": "Q de Kock",
              "bowler": "RK Kleinveldt",
              "non_striker": "GL van Buuren",
              "runs": {
                "batter": 3,
                "extras": 0,
                "total": 3
              }
            },
            {
              "batter": "GL van Buuren",
              "bowler": "RK Kleinveldt",
              "non_striker": "Q de Kock",
              "runs": {
                "batter": 1,
                "extras": 0,
                "total": 1
              }
            },
            {
              "batter": "Q de Kock",
              "bowler": "RK Kleinveldt",
              "non_striker": "GL van Buuren",
              "runs": {
                "batter": 0,
                "extras": 0,
                "total": 0
              }
            },
            {
              "batter": "Q de Kock",
              "bowler": "RK Kleinveldt",
              "non_striker": "GL van Buuren",
              "runs": {
                "batter": 0,
                "extras": 0,
                "total": 0
              }
            },
            {
              "batter": "Q de Kock",
              "bowler": "RK Kleinveldt",
              "non_striker": "GL van Buuren",
              "runs": {
                "batter": 0,
                "extras": 0,
                "total": 0
              }
            }
          ]
        },
        {
          "over": 4,
          "deliveries": [
            {
              "batter": "GL van Buuren",
              "bowler": "M Shezi",
              "non_striker": "Q de Kock",
              "runs": {
                "batter": 2,
                "extras": 0,
                "total": 2
              }
            },
            {
              "batter": "GL van Buuren",
              "bowler": "M Shezi",
              "non_striker": "Q de Kock",
              "runs": {
                "batter": 1,
                "extras": 0,
                "total": 1
              }
            },
            {
              "batter": "Q de Kock",
              "bowler": "M Shezi",
              "non_striker": "GL van Buuren",
              "runs": {
                "batter": 0,
                "extras": 0,
                "total": 0
              }
            },
            {
              "batter": "Q de Kock",
              "bowler": "M Shezi",
              "non_striker": "GL van Buuren",
              "runs": {
                "batter": 4,
                "extras": 0,
                "total": 4
              }
            },
            {
              "batter": "Q de Kock",
              "bowler": "M Shezi",
              "non_striker": "GL van Buuren",
              "runs": {
                "batter": 0,
                "extras": 0,
                "total": 0
              }
            },
            {
              "batter": "Q de Kock",
              "bowler": "M Shezi",
              "non_striker": "GL van Buuren",
              "runs": {
                "batter": 0,
                "extras": 0,
                "total": 0
              }
            }
          ]
        },
        {
          "over": 5,
          "deliveries": [
            {
              "batter": "GL van Buuren",
              "bowler": "SA Engelbrecht",
              "non_striker": "Q de Kock",
              "runs": {
                "batter": 2,
                "extras": 0,
                "total": 2
              }
            },
            {
              "batter": "GL van Buuren",
              "bowler": "SA Engelbrecht",
              "non_striker": "Q de Kock",
              "runs": {
                "batter": 0,
                "extras": 0,
                "total": 0
              }
            },
            {
              "batter": "GL van Buuren",
              "bowler": "SA Engelbrecht",
              "non_striker": "Q de Kock",
              "runs": {
                "batter": 0,
                "extras": 0,
                "total": 0
              }
            },
            {
              "batter": "GL van Buuren",
              "bowler": "SA Engelbrecht",
              "non_striker": "Q de Kock",
              "runs": {
                "batter": 0,
                "extras": 0,
                "total": 0
              }
            },
            {
              "batter": "GL van Buuren",
              "bowler": "SA Engelbrecht",
              "non_striker": "Q de Kock",
              "runs": {
                "batter": 4,
                "extras": 0,
                "total": 4
              }
            },
            {
              "batter": "GL van Buuren",
              "bowler": "SA Engelbrecht",
              "non_striker": "Q de Kock",
              "runs": {
                "batter": 1,
                "extras": 0,
                "total": 1
              }
            }
          ]
        },
        {
          "over": 6,
          "deliveries": [
            {
              "batter": "GL van Buuren",
              "bowler": "M Shezi",
              "non_striker": "Q de Kock",
              "runs": {
                "batter": 1,
                "extras": 0,
                "total": 1
              }
            },
            {
              "batter": "Q de Kock",
              "bowler": "M Shezi",
              "extras": {
                "byes": 1
              },
              "non_striker": "GL van Buuren",
              "runs": {
                "batter": 0,
                "extras": 1,
                "total": 1
              }
            },
            {
              "batter": "GL van Buuren",
              "bowler": "M Shezi",
              "non_striker": "Q de Kock",
              "runs": {
                "batter": 1,
                "extras": 0,
                "total": 1
              }
            },
            {
              "batter": "Q de Kock",
              "bowler": "M Shezi",
              "non_striker": "GL van Buuren",
              "runs": {
                "batter": 6,
                "extras": 0,
                "total": 6
              }
            },
            {
              "batter": "Q de Kock",
              "bowler": "M Shezi",
              "non_striker": "GL van Buuren",
              "runs": {
                "batter": 4,
                "extras": 0,
                "total": 4
              }
            },
            {
              "batter": "Q de Kock",
              "bowler": "M Shezi",
              "non_striker": "GL van Buuren",
              "runs": {
                "batter": 0,
                "extras": 0,
                "total": 0
              }
            }
          ]
        },
        {
          "over": 7,
          "deliveries": [
            {
              "batter": "GL van Buuren",
              "bowler": "GF Linde",
              "non_striker": "Q de Kock",
              "runs": {
                "batter": 0,
                "extras": 0,
                "total": 0
              }
            },
            {
              "batter": "GL van Buuren",
              "bowler": "GF Linde",
              "non_striker": "Q de Kock",
              "runs": {
                "batter": 0,
                "extras": 0,
                "total": 0
              }
            },
            {
              "batter": "GL van Buuren",
              "bowler": "GF Linde",
              "non_striker": "Q de Kock",
              "runs": {
                "batter": 0,
                "extras": 0,
                "total": 0
              }
            },
            {
              "batter": "GL van Buuren",
              "bowler": "GF Linde",
              "non_striker": "Q de Kock",
              "runs": {
                "batter": 4,
                "extras": 0,
                "total": 4
              }
            },
            {
              "batter": "GL van Buuren",
              "bowler": "GF Linde",
              "non_striker": "Q de Kock",
              "runs": {
                "batter": 0,
                "extras": 0,
                "total": 0
              }
            },
            {
              "batter": "GL van Buuren",
              "bowler": "GF Linde",
              "non_striker": "Q de Kock",
              "runs": {
                "batter": 2,
                "extras": 0,
                "total": 2
              }
            }
          ]
        },
        {
          "over": 8,
          "deliveries": [
            {
              "batter": "Q de Kock",
              "bowler": "JL Ontong",
              "extras": {
                "noballs": 1
              },
              "non_striker": "GL van Buuren",
              "runs": {
                "batter": 0,
                "extras": 1,
                "total": 1
              }
            },
            {
              "batter": "Q de Kock",
              "bowler": "JL Ontong",
              "non_striker": "GL van Buuren",
              "runs": {
                "batter": 0,
                "extras": 0,
                "total": 0
              }
            },
            {
              "batter": "Q de Kock",
              "bowler": "JL Ontong",
              "non_striker": "GL van Buuren",
              "runs": {
                "batter": 0,
                "extras": 0,
                "total": 0
              }
            },
            {
              "batter": "Q de Kock",
              "bowler": "JL Ontong",
              "non_striker": "GL van Buuren",
              "runs": {
                "batter": 1,
                "extras": 0,
                "total": 1
              }
            },
            {
              "batter": "GL van Buuren",
              "bowler": "JL Ontong",
              "non_striker": "Q de Kock",
              "runs": {
                "batter": 1,
                "extras": 0,
                "total": 1
              }
            },
            {
              "batter": "Q de Kock",
              "bowler": "JL Ontong",
              "non_striker": "GL van Buuren",
              "runs": {
                "batter": 0,
                "extras": 0,
                "total": 0
              }
            },
            {
              "batter": "Q de Kock",
              "bowler": "JL Ontong",
              "non_striker": "GL van Buuren",
              "runs": {
                "batter": 1,
                "extras": 0,
                "total": 1
              }
            }
          ]
        },
        {
          "over": 9,
          "deliveries": [
            {
              "batter": "Q de Kock",
              "bowler": "GF Linde",
              "extras": {
                "legbyes": 1
              },
              "non_striker": "GL van Buuren",
              "runs": {
                "batter": 0,
                "extras": 1,
                "total": 1
              }
            },
            {
              "batter": "GL van Buuren",
              "bowler": "GF Linde",
              "non_striker": "Q de Kock",
              "runs": {
                "batter": 1,
                "extras": 0,
                "total": 1
              }
            },
            {
              "batter": "Q de Kock",
              "bowler": "GF Linde",
              "non_striker": "GL van Buuren",
              "runs": {
                "batter": 1,
                "extras": 0,
                "total": 1
              }
            },
            {
              "batter": "GL van Buuren",
              "bowler": "GF Linde",
              "non_striker": "Q de Kock",
              "runs": {
                "batter": 2,
                "extras": 0,
                "total": 2
              }
            },
            {
              "batter": "GL van Buuren",
              "bowler": "GF Linde",
              "non_striker": "Q de Kock",
              "runs": {
                "batter": 4,
                "extras": 0,
                "total": 4
              }
            },
            {
              "batter": "GL van Buuren",
              "bowler": "GF Linde",
              "non_striker": "Q de Kock",
              "runs": {
                "batter": 0,
                "extras": 0,
                "total": 0
              }
            }
          ]
        },
        {
          "over": 10,
          "deliveries": [
            {
              "batter": "Q de Kock",
              "bowler": "JL Ontong",
              "non_striker": "GL van Buuren",
              "runs": {
                "batter": 1,
                "extras": 0,
                "total": 1
              }
            },
            {
              "batter": "GL van Buuren",
              "bowler": "JL Ontong",
              "non_striker": "Q de Kock",
              "runs": {
                "batter": 0,
                "extras": 0,
                "total": 0
              },
              "wickets": [
                {
                  "player_out": "GL van Buuren",
                  "kind": "bowled"
                }
              ]
            },
            {
              "batter": "F Behardien",
              "bowler": "JL Ontong",
              "non_striker": "Q de Kock",
              "runs": {
                "batter": 1,
                "extras": 0,
                "total": 1
              }
            },
            {
              "batter": "Q de Kock",
              "bowler": "JL Ontong",
              "non_striker": "F Behardien",
              "runs": {
                "batter": 0,
                "extras": 0,
                "total": 0
              }
            },
            {
              "batter": "Q de Kock",
              "bowler": "JL Ontong",
              "non_striker": "F Behardien",
              "runs": {
                "batter": 0,
                "extras": 0,
                "total": 0
              },
              "wickets": [
                {
                  "player_out": "Q de Kock",
                  "fielders": [
                    {
                      "name": "AG Puttick"
                    }
                  ],
                  "kind": "stumped"
                }
              ]
            },
            {
              "batter": "MQ Adams",
              "bowler": "JL Ontong",
              "non_striker": "F Behardien",
              "runs": {
                "batter": 1,
                "extras": 0,
                "total": 1
              }
            }
          ]
        },
        {
          "over": 11,
          "deliveries": [
            {
              "batter": "MQ Adams",
              "bowler": "SA Engelbrecht",
              "non_striker": "F Behardien",
              "runs": {
                "batter": 0,
                "extras": 0,
                "total": 0
              }
            },
            {
              "batter": "MQ Adams",
              "bowler": "SA Engelbrecht",
              "non_striker": "F Behardien",
              "runs": {
                "batter": 1,
                "extras": 0,
                "total": 1
              }
            },
            {
              "batter": "F Behardien",
              "bowler": "SA Engelbrecht",
              "non_striker": "MQ Adams",
              "runs": {
                "batter": 2,
                "extras": 0,
                "total": 2
              }
            },
            {
              "batter": "F Behardien",
              "bowler": "SA Engelbrecht",
              "non_striker": "MQ Adams",
              "runs": {
                "batter": 0,
                "extras": 0,
                "total": 0
              }
            },
            {
              "batter": "F Behardien",
              "bowler": "SA Engelbrecht",
              "non_striker": "MQ Adams",
              "runs": {
                "batter": 1,
                "extras": 0,
                "total": 1
              }
            },
            {
              "batter": "MQ Adams",
              "bowler": "SA Engelbrecht",
              "non_striker": "F Behardien",
              "runs": {
                "batter": 1,
                "extras": 0,
                "total": 1
              }
            }
          ]
        },
        {
          "over": 12,
          "deliveries": [
            {
              "batter": "MQ Adams",
              "bowler": "JL Ontong",
              "non_striker": "F Behardien",
              "runs": {
                "batter": 1,
                "extras": 0,
                "total": 1
              }
            },
            {
              "batter": "F Behardien",
              "bowler": "JL Ontong",
              "non_striker": "MQ Adams",
              "runs": {
                "batter": 1,
                "extras": 0,
                "total": 1
              }
            },
            {
              "batter": "MQ Adams",
              "bowler": "JL Ontong",
              "non_striker": "F Behardien",
              "runs": {
                "batter": 0,
                "extras": 0,
                "total": 0
              }
            },
            {
              "batter": "MQ Adams",
              "bowler": "JL Ontong",
              "non_striker": "F Behardien",
              "runs": {
                "batter": 2,
                "extras": 0,
                "total": 2
              }
            },
            {
              "batter": "MQ Adams",
              "bowler": "JL Ontong",
              "non_striker": "F Behardien",
              "runs": {
                "batter": 2,
                "extras": 0,
                "total": 2
              }
            },
            {
              "batter": "MQ Adams",
              "bowler": "JL Ontong",
              "non_striker": "F Behardien",
              "runs": {
                "batter": 0,
                "extras": 0,
                "total": 0
              }
            }
          ]
        },
        {
          "over": 13,
          "deliveries": [
            {
              "batter": "F Behardien",
              "bowler": "SA Engelbrecht",
              "non_striker": "MQ Adams",
              "runs": {
                "batter": 4,
                "extras": 0,
                "total": 4
              }
            },
            {
              "batter": "F Behardien",
              "bowler": "SA Engelbrecht",
              "non_striker": "MQ Adams",
              "runs": {
                "batter": 0,
                "extras": 0,
                "total": 0
              }
            },
            {
              "batter": "F Behardien",
              "bowler": "SA Engelbrecht",
              "non_striker": "MQ Adams",
              "runs": {
                "batter": 0,
                "extras": 0,
                "total": 0
              }
            },
            {
              "batter": "F Behardien",
              "bowler": "SA Engelbrecht",
              "non_striker": "MQ Adams",
              "runs": {
                "batter": 1,
                "extras": 0,
                "total": 1
              }
            },
            {
              "batter": "MQ Adams",
              "bowler": "SA Engelbrecht",
              "non_striker": "F Behardien",
              "runs": {
                "batter": 1,
                "extras": 0,
                "total": 1
              }
            },
            {
              "batter": "F Behardien",
              "bowler": "SA Engelbrecht",
              "non_striker": "MQ Adams",
              "runs": {
                "batter": 1,
                "extras": 0,
                "total": 1
              }
            }
          ]
        },
        {
          "over": 14,
          "deliveries": [
            {
              "batter": "F Behardien",
              "bowler": "JL Ontong",
              "non_striker": "MQ Adams",
              "runs": {
                "batter": 6,
                "extras": 0,
                "total": 6
              }
            },
            {
              "batter": "F Behardien",
              "bowler": "JL Ontong",
              "non_striker": "MQ Adams",
              "runs": {
                "batter": 1,
                "extras": 0,
                "total": 1
              }
            },
            {
              "batter": "MQ Adams",
              "bowler": "JL Ontong",
              "non_striker": "F Behardien",
              "runs": {
                "batter": 2,
                "extras": 0,
                "total": 2
              }
            },
            {
              "batter": "MQ Adams",
              "bowler": "JL Ontong",
              "non_striker": "F Behardien",
              "runs": {
                "batter": 6,
                "extras": 0,
                "total": 6
              }
            },
            {
              "batter": "MQ Adams",
              "bowler": "JL Ontong",
              "non_striker": "F Behardien",
              "runs": {
                "batter": 1,
                "extras": 0,
                "total": 1
              }
            },
            {
              "batter": "F Behardien",
              "bowler": "JL Ontong",
              "non_striker": "MQ Adams",
              "runs": {
                "batter": 4,
                "extras": 0,
                "total": 4
              }
            }
          ]
        },
        {
          "over": 15,
          "deliveries": [
            {
              "batter": "MQ Adams",
              "bowler": "GF Linde",
              "non_striker": "F Behardien",
              "runs": {
                "batter": 0,
                "extras": 0,
                "total": 0
              }
            },
            {
              "batter": "MQ Adams",
              "bowler": "GF Linde",
              "non_striker": "F Behardien",
              "runs": {
                "batter": 1,
                "extras": 0,
                "total": 1
              }
            },
            {
              "batter": "F Behardien",
              "bowler": "GF Linde",
              "non_striker": "MQ Adams",
              "runs": {
                "batter": 1,
                "extras": 0,
                "total": 1
              }
            },
            {
              "batter": "MQ Adams",
              "bowler": "GF Linde",
              "non_striker": "F Behardien",
              "runs": {
                "batter": 6,
                "extras": 0,
                "total": 6
              }
            },
            {
              "batter": "MQ Adams",
              "bowler": "GF Linde",
              "non_striker": "F Behardien",
              "runs": {
                "batter": 1,
                "extras": 0,
                "total": 1
              }
            },
            {
              "batter": "F Behardien",
              "bowler": "GF Linde",
              "non_striker": "MQ Adams",
              "runs": {
                "batter": 1,
                "extras": 0,
                "total": 1
              }
            }
          ]
        },
        {
          "over": 16,
          "deliveries": [
            {
              "batter": "F Behardien",
              "bowler": "D Paterson",
              "non_striker": "MQ Adams",
              "runs": {
                "batter": 1,
                "extras": 0,
                "total": 1
              }
            },
            {
              "batter": "MQ Adams",
              "bowler": "D Paterson",
              "non_striker": "F Behardien",
              "runs": {
                "batter": 1,
                "extras": 0,
                "total": 1
              }
            },
            {
              "batter": "F Behardien",
              "bowler": "D Paterson",
              "non_striker": "MQ Adams",
              "runs": {
                "batter": 1,
                "extras": 0,
                "total": 1
              }
            },
            {
              "batter": "MQ Adams",
              "bowler": "D Paterson",
              "non_striker": "F Behardien",
              "runs": {
                "batter": 0,
                "extras": 0,
                "total": 0
              },
              "wickets": [
                {
                  "player_out": "MQ Adams",
                  "fielders": [
                    {
                      "name": "RK Kleinveldt"
                    }
                  ],
                  "kind": "caught"
                }
              ]
            },
            {
              "batter": "F Behardien",
              "bowler": "D Paterson",
              "non_striker": "JA Morkel",
              "runs": {
                "batter": 1,
                "extras": 0,
                "total": 1
              }
            },
            {
              "batter": "JA Morkel",
              "bowler": "D Paterson",
              "non_striker": "F Behardien",
              "runs": {
                "batter": 0,
                "extras": 0,
                "total": 0
              }
            }
          ]
        },
        {
          "over": 17,
          "deliveries": [
            {
              "batter": "F Behardien",
              "bowler": "RK Kleinveldt",
              "extras": {
                "noballs": 1
              },
              "non_striker": "JA Morkel",
              "runs": {
                "batter": 4,
                "extras": 1,
                "total": 5
              }
            },
            {
              "batter": "F Behardien",
              "bowler": "RK Kleinveldt",
              "non_striker": "JA Morkel",
              "runs": {
                "batter": 6,
                "extras": 0,
                "total": 6
              }
            },
            {
              "batter": "F Behardien",
              "bowler": "RK Kleinveldt",
              "non_striker": "JA Morkel",
              "runs": {
                "batter": 2,
                "extras": 0,
                "total": 2
              }
            },
            {
              "batter": "F Behardien",
              "bowler": "RK Kleinveldt",
              "non_striker": "JA Morkel",
              "runs": {
                "batter": 1,
                "extras": 0,
                "total": 1
              }
            },
            {
              "batter": "JA Morkel",
              "bowler": "RK Kleinveldt",
              "non_striker": "F Behardien",
              "runs": {
                "batter": 1,
                "extras": 0,
                "total": 1
              }
            },
            {
              "batter": "F Behardien",
              "bowler": "RK Kleinveldt",
              "non_striker": "JA Morkel",
              "runs": {
                "batter": 4,
                "extras": 0,
                "total": 4
              }
            },
            {
              "batter": "F Behardien",
              "bowler": "RK Kleinveldt",
              "non_striker": "JA Morkel",
              "runs": {
                "batter": 1,
                "extras": 0,
                "total": 1
              }
            }
          ]
        },
        {
          "over": 18,
          "deliveries": [
            {
              "batter": "F Behardien",
              "bowler": "D Paterson",
              "non_striker": "JA Morkel",
              "runs": {
                "batter": 6,
                "extras": 0,
                "total": 6
              }
            },
            {
              "batter": "F Behardien",
              "bowler": "D Paterson",
              "non_striker": "JA Morkel",
              "runs": {
                "batter": 1,
                "extras": 0,
                "total": 1
              }
            },
            {
              "batter": "JA Morkel",
              "bowler": "D Paterson",
              "non_striker": "F Behardien",
              "runs": {
                "batter": 1,
                "extras": 0,
                "total": 1
              }
            },
            {
              "batter": "F Behardien",
              "bowler": "D Paterson",
              "non_striker": "JA Morkel",
              "runs": {
                "batter": 1,
                "extras": 0,
                "total": 1
              }
            },
            {
              "batter": "JA Morkel",
              "bowler": "D Paterson",
              "non_striker": "F Behardien",
              "runs": {
                "batter": 4,
                "extras": 0,
                "total": 4
              }
            },
            {
              "batter": "JA Morkel",
              "bowler": "D Paterson",
              "non_striker": "F Behardien",
              "runs": {
                "batter": 4,
                "extras": 0,
                "total": 4
              }
            }
          ]
        },
        {
          "over": 19,
          "deliveries": [
            {
              "batter": "F Behardien",
              "bowler": "M Shezi",
              "non_striker": "JA Morkel",
              "runs": {
                "batter": 1,
                "extras": 0,
                "total": 1
              }
            },
            {
              "batter": "JA Morkel",
              "bowler": "M Shezi",
              "non_striker": "F Behardien",
              "runs": {
                "batter": 0,
                "extras": 0,
                "total": 0
              }
            },
            {
              "batter": "JA Morkel",
              "bowler": "M Shezi",
              "non_striker": "F Behardien",
              "runs": {
                "batter": 1,
                "extras": 0,
                "total": 1
              }
            },
            {
              "batter": "F Behardien",
              "bowler": "M Shezi",
              "non_striker": "JA Morkel",
              "runs": {
                "batter": 4,
                "extras": 0,
                "total": 4
              }
            },
            {
              "batter": "F Behardien",
              "bowler": "M Shezi",
              "non_striker": "JA Morkel",
              "runs": {
                "batter": 2,
                "extras": 0,
                "total": 2
              }
            },
            {
              "batter": "F Behardien",
              "bowler": "M Shezi",
              "non_striker": "JA Morkel",
              "runs": {
                "batter": 1,
                "extras": 0,
                "total": 1
              }
            }
          ]
        }
      ],
      "powerplays": [
        {
          "from": 0.1,
          "to": 5.6,
          "type": "mandatory"
        }
      ]
    },
    {
      "team": "Cape Cobras",
      "overs": [
        {
          "over": 0,
          "deliveries": [
            {
              "batter": "RE Levi",
              "bowler": "GL van Buuren",
              "non_striker": "AG Puttick",
              "runs": {
                "batter": 0,
                "extras": 0,
                "total": 0
              }
            },
            {
              "batter": "RE Levi",
              "bowler": "GL van Buuren",
              "non_striker": "AG Puttick",
              "runs": {
                "batter": 1,
                "extras": 0,
                "total": 1
              }
            },
            {
              "batter": "AG Puttick",
              "bowler": "GL van Buuren",
              "non_striker": "RE Levi",
              "runs": {
                "batter": 1,
                "extras": 0,
                "total": 1
              }
            },
            {
              "batter": "RE Levi",
              "bowler": "GL van Buuren",
              "non_striker": "AG Puttick",
              "runs": {
                "batter": 0,
                "extras": 0,
                "total": 0
              }
            },
            {
              "batter": "RE Levi",
              "bowler": "GL van Buuren",
              "non_striker": "AG Puttick",
              "runs": {
                "batter": 0,
                "extras": 0,
                "total": 0
              }
            },
            {
              "batter": "RE Levi",
              "bowler": "GL van Buuren",
              "non_striker": "AG Puttick",
              "runs": {
                "batter": 0,
                "extras": 0,
                "total": 0
              }
            }
          ]
        },
        {
          "over": 1,
          "deliveries": [
            {
              "batter": "AG Puttick",
              "bowler": "CH Morris",
              "non_striker": "RE Levi",
              "runs": {
                "batter": 0,
                "extras": 0,
                "total": 0
              }
            },
            {
              "batter": "AG Puttick",
              "bowler": "CH Morris",
              "non_striker": "RE Levi",
              "runs": {
                "batter": 0,
                "extras": 0,
                "total": 0
              }
            },
            {
              "batter": "AG Puttick",
              "bowler": "CH Morris",
              "non_striker": "RE Levi",
              "runs": {
                "batter": 1,
                "extras": 0,
                "total": 1
              }
            },
            {
              "batter": "RE Levi",
              "bowler": "CH Morris",
              "non_striker": "AG Puttick",
              "runs": {
                "batter": 4,
                "extras": 0,
                "total": 4
              }
            },
            {
              "batter": "RE Levi",
              "bowler": "CH Morris",
              "non_striker": "AG Puttick",
              "runs": {
                "batter": 6,
                "extras": 0,
                "total": 6
              }
            },
            {
              "batter": "RE Levi",
              "bowler": "CH Morris",
              "non_striker": "AG Puttick",
              "runs": {
                "batter": 0,
                "extras": 0,
                "total": 0
              },
              "wickets": [
                {
                  "player_out": "RE Levi",
                  "fielders": [
                    {
                      "name": "R Claassen"
                    }
                  ],
                  "kind": "caught"
                }
              ]
            }
          ]
        },
        {
          "over": 2,
          "deliveries": [
            {
              "batter": "AG Puttick",
              "bowler": "L Ngidi",
              "non_striker": "KD Petersen",
              "runs": {
                "batter": 0,
                "extras": 0,
                "total": 0
              }
            },
            {
              "batter": "AG Puttick",
              "bowler": "L Ngidi",
              "non_striker": "KD Petersen",
              "runs": {
                "batter": 0,
                "extras": 0,
                "total": 0
              }
            },
            {
              "batter": "AG Puttick",
              "bowler": "L Ngidi",
              "non_striker": "KD Petersen",
              "runs": {
                "batter": 0,
                "extras": 0,
                "total": 0
              }
            },
            {
              "batter": "AG Puttick",
              "bowler": "L Ngidi",
              "non_striker": "KD Petersen",
              "runs": {
                "batter": 0,
                "extras": 0,
                "total": 0
              }
            },
            {
              "batter": "AG Puttick",
              "bowler": "L Ngidi",
              "non_striker": "KD Petersen",
              "runs": {
                "batter": 0,
                "extras": 0,
                "total": 0
              }
            },
            {
              "batter": "AG Puttick",
              "bowler": "L Ngidi",
              "non_striker": "KD Petersen",
              "runs": {
                "batter": 4,
                "extras": 0,
                "total": 4
              }
            }
          ]
        },
        {
          "over": 3,
          "deliveries": [
            {
              "batter": "KD Petersen",
              "bowler": "CH Morris",
              "non_striker": "AG Puttick",
              "runs": {
                "batter": 0,
                "extras": 0,
                "total": 0
              }
            },
            {
              "batter": "KD Petersen",
              "bowler": "CH Morris",
              "non_striker": "AG Puttick",
              "runs": {
                "batter": 4,
                "extras": 0,
                "total": 4
              }
            },
            {
              "batter": "KD Petersen",
              "bowler": "CH Morris",
              "non_striker": "AG Puttick",
              "runs": {
                "batter": 0,
                "extras": 0,
                "total": 0
              }
            },
            {
              "batter": "KD Petersen",
              "bowler": "CH Morris",
              "non_striker": "AG Puttick",
              "runs": {
                "batter": 1,
                "extras": 0,
                "total": 1
              }
            },
            {
              "batter": "AG Puttick",
              "bowler": "CH Morris",
              "non_striker": "KD Petersen",
              "runs": {
                "batter": 2,
                "extras": 0,
                "total": 2
              }
            },
            {
              "batter": "AG Puttick",
              "bowler": "CH Morris",
              "non_striker": "KD Petersen",
              "runs": {
                "batter": 4,
                "extras": 0,
                "total": 4
              }
            }
          ]
        },
        {
          "over": 4,
          "deliveries": [
            {
              "batter": "KD Petersen",
              "bowler": "L Ngidi",
              "non_striker": "AG Puttick",
              "runs": {
                "batter": 0,
                "extras": 0,
                "total": 0
              }
            },
            {
              "batter": "KD Petersen",
              "bowler": "L Ngidi",
              "non_striker": "AG Puttick",
              "runs": {
                "batter": 0,
                "extras": 0,
                "total": 0
              }
            },
            {
              "batter": "KD Petersen",
              "bowler": "L Ngidi",
              "non_striker": "AG Puttick",
              "runs": {
                "batter": 1,
                "extras": 0,
                "total": 1
              }
            },
            {
              "batter": "AG Puttick",
              "bowler": "L Ngidi",
              "non_striker": "KD Petersen",
              "runs": {
                "batter": 4,
                "extras": 0,
                "total": 4
              }
            },
            {
              "batter": "AG Puttick",
              "bowler": "L Ngidi",
              "non_striker": "KD Petersen",
              "runs": {
                "batter": 1,
                "extras": 0,
                "total": 1
              }
            },
            {
              "batter": "KD Petersen",
              "bowler": "L Ngidi",
              "non_striker": "AG Puttick",
              "runs": {
                "batter": 6,
                "extras": 0,
                "total": 6
              }
            }
          ]
        },
        {
          "over": 5,
          "deliveries": [
            {
              "batter": "AG Puttick",
              "bowler": "R Claassen",
              "non_striker": "KD Petersen",
              "runs": {
                "batter": 1,
                "extras": 0,
                "total": 1
              }
            },
            {
              "batter": "KD Petersen",
              "bowler": "R Claassen",
              "non_striker": "AG Puttick",
              "runs": {
                "batter": 0,
                "extras": 0,
                "total": 0
              }
            },
            {
              "batter": "KD Petersen",
              "bowler": "R Claassen",
              "non_striker": "AG Puttick",
              "runs": {
                "batter": 1,
                "extras": 0,
                "total": 1
              }
            },
            {
              "batter": "AG Puttick",
              "bowler": "R Claassen",
              "non_striker": "KD Petersen",
              "runs": {
                "batter": 0,
                "extras": 0,
                "total": 0
              }
            },
            {
              "batter": "AG Puttick",
              "bowler": "R Claassen",
              "non_striker": "KD Petersen",
              "runs": {
                "batter": 0,
                "extras": 0,
                "total": 0
              }
            },
            {
              "batter": "AG Puttick",
              "bowler": "R Claassen",
              "non_striker": "KD Petersen",
              "runs": {
                "batter": 0,
                "extras": 0,
                "total": 0
              }
            }
          ]
        },
        {
          "over": 6,
          "deliveries": [
            {
              "batter": "KD Petersen",
              "bowler": "H Davids",
              "non_striker": "AG Puttick",
              "runs": {
                "batter": 1,
                "extras": 0,
                "total": 1
              }
            },
            {
              "batter": "AG Puttick",
              "bowler": "H Davids",
              "non_striker": "KD Petersen",
              "runs": {
                "batter": 1,
                "extras": 0,
                "total": 1
              }
            },
            {
              "batter": "KD Petersen",
              "bowler": "H Davids",
              "non_striker": "AG Puttick",
              "runs": {
                "batter": 1,
                "extras": 0,
                "total": 1
              }
            },
            {
              "batter": "AG Puttick",
              "bowler": "H Davids",
              "non_striker": "KD Petersen",
              "runs": {
                "batter": 1,
                "extras": 0,
                "total": 1
              }
            },
            {
              "batter": "KD Petersen",
              "bowler": "H Davids",
              "non_striker": "AG Puttick",
              "runs": {
                "batter": 2,
                "extras": 0,
                "total": 2
              }
            },
            {
              "batter": "KD Petersen",
              "bowler": "H Davids",
              "non_striker": "AG Puttick",
              "runs": {
                "batter": 0,
                "extras": 0,
                "total": 0
              }
            }
          ]
        },
        {
          "over": 7,
          "deliveries": [
            {
              "batter": "AG Puttick",
              "bowler": "R Claassen",
              "non_striker": "KD Petersen",
              "runs": {
                "batter": 6,
                "extras": 0,
                "total": 6
              }
            },
            {
              "batter": "AG Puttick",
              "bowler": "R Claassen",
              "non_striker": "KD Petersen",
              "runs": {
                "batter": 1,
                "extras": 0,
                "total": 1
              }
            },
            {
              "batter": "KD Petersen",
              "bowler": "R Claassen",
              "non_striker": "AG Puttick",
              "runs": {
                "batter": 1,
                "extras": 0,
                "total": 1
              }
            },
            {
              "batter": "AG Puttick",
              "bowler": "R Claassen",
              "non_striker": "KD Petersen",
              "runs": {
                "batter": 0,
                "extras": 0,
                "total": 0
              },
              "wickets": [
                {
                  "player_out": "AG Puttick",
                  "kind": "lbw"
                }
              ]
            },
            {
              "batter": "JL Ontong",
              "bowler": "R Claassen",
              "non_striker": "KD Petersen",
              "runs": {
                "batter": 1,
                "extras": 0,
                "total": 1
              }
            },
            {
              "batter": "KD Petersen",
              "bowler": "R Claassen",
              "non_striker": "JL Ontong",
              "runs": {
                "batter": 0,
                "extras": 0,
                "total": 0
              }
            }
          ]
        },
        {
          "over": 8,
          "deliveries": [
            {
              "batter": "JL Ontong",
              "bowler": "GL van Buuren",
              "extras": {
                "legbyes": 1
              },
              "non_striker": "KD Petersen",
              "runs": {
                "batter": 0,
                "extras": 1,
                "total": 1
              }
            },
            {
              "batter": "KD Petersen",
              "bowler": "GL van Buuren",
              "non_striker": "JL Ontong",
              "runs": {
                "batter": 0,
                "extras": 0,
                "total": 0
              }
            },
            {
              "batter": "KD Petersen",
              "bowler": "GL van Buuren",
              "non_striker": "JL Ontong",
              "runs": {
                "batter": 1,
                "extras": 0,
                "total": 1
              }
            },
            {
              "batter": "JL Ontong",
              "bowler": "GL van Buuren",
              "non_striker": "KD Petersen",
              "runs": {
                "batter": 1,
                "extras": 0,
                "total": 1
              }
            },
            {
              "batter": "KD Petersen",
              "bowler": "GL van Buuren",
              "non_striker": "JL Ontong",
              "runs": {
                "batter": 4,
                "extras": 0,
                "total": 4
              }
            },
            {
              "batter": "KD Petersen",
              "bowler": "GL van Buuren",
              "non_striker": "JL Ontong",
              "runs": {
                "batter": 1,
                "extras": 0,
                "total": 1
              }
            }
          ]
        },
        {
          "over": 9,
          "deliveries": [
            {
              "batter": "KD Petersen",
              "bowler": "JA Morkel",
              "non_striker": "JL Ontong",
              "runs": {
                "batter": 1,
                "extras": 0,
                "total": 1
              }
            },
            {
              "batter": "JL Ontong",
              "bowler": "JA Morkel",
              "non_striker": "KD Petersen",
              "runs": {
                "batter": 0,
                "extras": 0,
                "total": 0
              }
            },
            {
              "batter": "JL Ontong",
              "bowler": "JA Morkel",
              "non_striker": "KD Petersen",
              "runs": {
                "batter": 2,
                "extras": 0,
                "total": 2
              }
            },
            {
              "batter": "JL Ontong",
              "bowler": "JA Morkel",
              "non_striker": "KD Petersen",
              "runs": {
                "batter": 0,
                "extras": 0,
                "total": 0
              },
              "wickets": [
                {
                  "player_out": "JL Ontong",
                  "kind": "bowled"
                }
              ]
            },
            {
              "batter": "OA Ramela",
              "bowler": "JA Morkel",
              "non_striker": "KD Petersen",
              "runs": {
                "batter": 0,
                "extras": 0,
                "total": 0
              }
            },
            {
              "batter": "OA Ramela",
              "bowler": "JA Morkel",
              "non_striker": "KD Petersen",
              "runs": {
                "batter": 0,
                "extras": 0,
                "total": 0
              }
            }
          ]
        },
        {
          "over": 10,
          "deliveries": [
            {
              "batter": "KD Petersen",
              "bowler": "GL van Buuren",
              "non_striker": "OA Ramela",
              "runs": {
                "batter": 1,
                "extras": 0,
                "total": 1
              }
            },
            {
              "batter": "OA Ramela",
              "bowler": "GL van Buuren",
              "non_striker": "KD Petersen",
              "runs": {
                "batter": 1,
                "extras": 0,
                "total": 1
              }
            },
            {
              "batter": "KD Petersen",
              "bowler": "GL van Buuren",
              "non_striker": "OA Ramela",
              "runs": {
                "batter": 1,
                "extras": 0,
                "total": 1
              }
            },
            {
              "batter": "OA Ramela",
              "bowler": "GL van Buuren",
              "non_striker": "KD Petersen",
              "runs": {
                "batter": 0,
                "extras": 0,
                "total": 0
              }
            },
            {
              "batter": "OA Ramela",
              "bowler": "GL van Buuren",
              "non_striker": "KD Petersen",
              "runs": {
                "batter": 1,
                "extras": 0,
                "total": 1
              }
            },
            {
              "batter": "KD Petersen",
              "bowler": "GL van Buuren",
              "extras": {
                "legbyes": 1
              },
              "non_striker": "OA Ramela",
              "runs": {
                "batter": 0,
                "extras": 1,
                "total": 1
              }
            }
          ]
        },
        {
          "over": 11,
          "deliveries": [
            {
              "batter": "KD Petersen",
              "bowler": "JA Morkel",
              "non_striker": "OA Ramela",
              "runs": {
                "batter": 0,
                "extras": 0,
                "total": 0
              },
              "wickets": [
                {
                  "player_out": "KD Petersen",
                  "fielders": [
                    {
                      "name": "CJ Dala"
                    }
                  ],
                  "kind": "caught"
                }
              ]
            },
            {
              "batter": "OA Ramela",
              "bowler": "JA Morkel",
              "non_striker": "SA Engelbrecht",
              "runs": {
                "batter": 2,
                "extras": 0,
                "total": 2
              }
            },
            {
              "batter": "OA Ramela",
              "bowler": "JA Morkel",
              "non_striker": "SA Engelbrecht",
              "runs": {
                "batter": 1,
                "extras": 0,
                "total": 1
              }
            },
            {
              "batter": "SA Engelbrecht",
              "bowler": "JA Morkel",
              "non_striker": "OA Ramela",
              "runs": {
                "batter": 0,
                "extras": 0,
                "total": 0
              }
            },
            {
              "batter": "SA Engelbrecht",
              "bowler": "JA Morkel",
              "non_striker": "OA Ramela",
              "runs": {
                "batter": 0,
                "extras": 0,
                "total": 0
              }
            },
            {
              "batter": "SA Engelbrecht",
              "bowler": "JA Morkel",
              "non_striker": "OA Ramela",
              "runs": {
                "batter": 1,
                "extras": 0,
                "total": 1
              }
            }
          ]
        },
        {
          "over": 12,
          "deliveries": [
            {
              "batter": "SA Engelbrecht",
              "bowler": "GL van Buuren",
              "non_striker": "OA Ramela",
              "runs": {
                "batter": 0,
                "extras": 0,
                "total": 0
              }
            },
            {
              "batter": "SA Engelbrecht",
              "bowler": "GL van Buuren",
              "non_striker": "OA Ramela",
              "runs": {
                "batter": 1,
                "extras": 0,
                "total": 1
              }
            },
            {
              "batter": "OA Ramela",
              "bowler": "GL van Buuren",
              "non_striker": "SA Engelbrecht",
              "runs": {
                "batter": 0,
                "extras": 0,
                "total": 0
              }
            },
            {
              "batter": "OA Ramela",
              "bowler": "GL van Buuren",
              "non_striker": "SA Engelbrecht",
              "runs": {
                "batter": 0,
                "extras": 0,
                "total": 0
              }
            },
            {
              "batter": "OA Ramela",
              "bowler": "GL van Buuren",
              "non_striker": "SA Engelbrecht",
              "runs": {
                "batter": 0,
                "extras": 0,
                "total": 0
              }
            },
            {
              "batter": "OA Ramela",
              "bowler": "GL van Buuren",
              "non_striker": "SA Engelbrecht",
              "runs": {
                "batter": 1,
                "extras": 0,
                "total": 1
              }
            }
          ]
        },
        {
          "over": 13,
          "deliveries": [
            {
              "batter": "OA Ramela",
              "bowler": "JA Morkel",
              "non_striker": "SA Engelbrecht",
              "runs": {
                "batter": 1,
                "extras": 0,
                "total": 1
              }
            },
            {
              "batter": "SA Engelbrecht",
              "bowler": "JA Morkel",
              "non_striker": "OA Ramela",
              "runs": {
                "batter": 1,
                "extras": 0,
                "total": 1
              }
            },
            {
              "batter": "OA Ramela",
              "bowler": "JA Morkel",
              "non_striker": "SA Engelbrecht",
              "runs": {
                "batter": 0,
                "extras": 0,
                "total": 0
              }
            },
            {
              "batter": "OA Ramela",
              "bowler": "JA Morkel",
              "non_striker": "SA Engelbrecht",
              "runs": {
                "batter": 2,
                "extras": 0,
                "total": 2
              }
            },
            {
              "batter": "OA Ramela",
              "bowler": "JA Morkel",
              "non_striker": "SA Engelbrecht",
              "runs": {
                "batter": 0,
                "extras": 0,
                "total": 0
              }
            },
            {
              "batter": "OA Ramela",
              "bowler": "JA Morkel",
              "non_striker": "SA Engelbrecht",
              "runs": {
                "batter": 0,
                "extras": 0,
                "total": 0
              }
            }
          ]
        },
        {
          "over": 14,
          "deliveries": [
            {
              "batter": "SA Engelbrecht",
              "bowler": "R Claassen",
              "extras": {
                "legbyes": 1
              },
              "non_striker": "OA Ramela",
              "runs": {
                "batter": 0,
                "extras": 1,
                "total": 1
              }
            },
            {
              "batter": "OA Ramela",
              "bowler": "R Claassen",
              "non_striker": "SA Engelbrecht",
              "runs": {
                "batter": 2,
                "extras": 0,
                "total": 2
              }
            },
            {
              "batter": "OA Ramela",
              "bowler": "R Claassen",
              "non_striker": "SA Engelbrecht",
              "runs": {
                "batter": 2,
                "extras": 0,
                "total": 2
              }
            },
            {
              "batter": "OA Ramela",
              "bowler": "R Claassen",
              "non_striker": "SA Engelbrecht",
              "runs": {
                "batter": 1,
                "extras": 0,
                "total": 1
              }
            },
            {
              "batter": "SA Engelbrecht",
              "bowler": "R Claassen",
              "non_striker": "OA Ramela",
              "runs": {
                "batter": 1,
                "extras": 0,
                "total": 1
              }
            },
            {
              "batter": "OA Ramela",
              "bowler": "R Claassen",
              "non_striker": "SA Engelbrecht",
              "runs": {
                "batter": 2,
                "extras": 0,
                "total": 2
              }
            }
          ]
        },
        {
          "over": 15,
          "deliveries": [
            {
              "batter": "SA Engelbrecht",
              "bowler": "JA Morkel",
              "non_striker": "OA Ramela",
              "runs": {
                "batter": 1,
                "extras": 0,
                "total": 1
              }
            },
            {
              "batter": "OA Ramela",
              "bowler": "JA Morkel",
              "non_striker": "SA Engelbrecht",
              "runs": {
                "batter": 1,
                "extras": 0,
                "total": 1
              }
            },
            {
              "batter": "SA Engelbrecht",
              "bowler": "JA Morkel",
              "non_striker": "OA Ramela",
              "runs": {
                "batter": 1,
                "extras": 0,
                "total": 1
              }
            },
            {
              "batter": "OA Ramela",
              "bowler": "JA Morkel",
              "non_striker": "SA Engelbrecht",
              "runs": {
                "batter": 6,
                "extras": 0,
                "total": 6
              }
            },
            {
              "batter": "OA Ramela",
              "bowler": "JA Morkel",
              "extras": {
                "wides": 5
              },
              "non_striker": "SA Engelbrecht",
              "runs": {
                "batter": 0,
                "extras": 5,
                "total": 5
              }
            },
            {
              "batter": "OA Ramela",
              "bowler": "JA Morkel",
              "non_striker": "SA Engelbrecht",
              "runs": {
                "batter": 1,
                "extras": 0,
                "total": 1
              }
            },
            {
              "batter": "SA Engelbrecht",
              "bowler": "JA Morkel",
              "non_striker": "OA Ramela",
              "runs": {
                "batter": 2,
                "extras": 0,
                "total": 2
              }
            }
          ]
        },
        {
          "over": 16,
          "deliveries": [
            {
              "batter": "OA Ramela",
              "bowler": "R Claassen",
              "non_striker": "SA Engelbrecht",
              "runs": {
                "batter": 0,
                "extras": 0,
                "total": 0
              }
            },
            {
              "batter": "OA Ramela",
              "bowler": "R Claassen",
              "non_striker": "SA Engelbrecht",
              "runs": {
                "batter": 2,
                "extras": 0,
                "total": 2
              }
            },
            {
              "batter": "OA Ramela",
              "bowler": "R Claassen",
              "non_striker": "SA Engelbrecht",
              "runs": {
                "batter": 6,
                "extras": 0,
                "total": 6
              }
            },
            {
              "batter": "OA Ramela",
              "bowler": "R Claassen",
              "non_striker": "SA Engelbrecht",
              "runs": {
                "batter": 6,
                "extras": 0,
                "total": 6
              }
            },
            {
              "batter": "OA Ramela",
              "bowler": "R Claassen",
              "non_striker": "SA Engelbrecht",
              "runs": {
                "batter": 0,
                "extras": 0,
                "total": 0
              },
              "wickets": [
                {
                  "player_out": "OA Ramela",
                  "fielders": [
                    {
                      "name": "L Ngidi"
                    }
                  ],
                  "kind": "caught"
                }
              ]
            },
            {
              "batter": "SA Engelbrecht",
              "bowler": "R Claassen",
              "non_striker": "RK Kleinveldt",
              "runs": {
                "batter": 1,
                "extras": 0,
                "total": 1
              }
            }
          ]
        },
        {
          "over": 17,
          "deliveries": [
            {
              "batter": "SA Engelbrecht",
              "bowler": "CH Morris",
              "extras": {
                "wides": 1
              },
              "non_striker": "RK Kleinveldt",
              "runs": {
                "batter": 0,
                "extras": 1,
                "total": 1
              }
            },
            {
              "batter": "SA Engelbrecht",
              "bowler": "CH Morris",
              "non_striker": "RK Kleinveldt",
              "runs": {
                "batter": 1,
                "extras": 0,
                "total": 1
              }
            },
            {
              "batter": "RK Kleinveldt",
              "bowler": "CH Morris",
              "non_striker": "SA Engelbrecht",
              "runs": {
                "batter": 0,
                "extras": 0,
                "total": 0
              },
              "wickets": [
                {
                  "player_out": "RK Kleinveldt",
                  "fielders": [
                    {
                      "name": "JA Morkel"
                    }
                  ],
                  "kind": "caught"
                }
              ]
            },
            {
              "batter": "LC Ngoepe",
              "bowler": "CH Morris",
              "non_striker": "SA Engelbrecht",
              "runs": {
                "batter": 1,
                "extras": 0,
                "total": 1
              }
            },
            {
              "batter": "SA Engelbrecht",
              "bowler": "CH Morris",
              "non_striker": "LC Ngoepe",
              "runs": {
                "batter": 1,
                "extras": 0,
                "total": 1
              }
            },
            {
              "batter": "LC Ngoepe",
              "bowler": "CH Morris",
              "non_striker": "SA Engelbrecht",
              "runs": {
                "batter": 0,
                "extras": 0,
                "total": 0
              }
            },
            {
              "batter": "LC Ngoepe",
              "bowler": "CH Morris",
              "non_striker": "SA Engelbrecht",
              "runs": {
                "batter": 1,
                "extras": 0,
                "total": 1
              }
            }
          ]
        },
        {
          "over": 18,
          "deliveries": [
            {
              "batter": "LC Ngoepe",
              "bowler": "L Ngidi",
              "non_striker": "SA Engelbrecht",
              "runs": {
                "batter": 1,
                "extras": 0,
                "total": 1
              }
            },
            {
              "batter": "SA Engelbrecht",
              "bowler": "L Ngidi",
              "non_striker": "LC Ngoepe",
              "runs": {
                "batter": 0,
                "extras": 0,
                "total": 0
              }
            },
            {
              "batter": "SA Engelbrecht",
              "bowler": "L Ngidi",
              "non_striker": "LC Ngoepe",
              "runs": {
                "batter": 1,
                "extras": 0,
                "total": 1
              }
            },
            {
              "batter": "LC Ngoepe",
              "bowler": "L Ngidi",
              "non_striker": "SA Engelbrecht",
              "runs": {
                "batter": 1,
                "extras": 0,
                "total": 1
              }
            },
            {
              "batter": "SA Engelbrecht",
              "bowler": "L Ngidi",
              "non_striker": "LC Ngoepe",
              "runs": {
                "batter": 6,
                "extras": 0,
                "total": 6
              }
            },
            {
              "batter": "SA Engelbrecht",
              "bowler": "L Ngidi",
              "non_striker": "LC Ngoepe",
              "runs": {
                "batter": 1,
                "extras": 0,
                "total": 1
              }
            }
          ]
        },
        {
          "over": 19,
          "deliveries": [
            {
              "batter": "SA Engelbrecht",
              "bowler": "CH Morris",
              "non_striker": "LC Ngoepe",
              "runs": {
                "batter": 1,
                "extras": 0,
                "total": 1
              }
            },
            {
              "batter": "LC Ngoepe",
              "bowler": "CH Morris",
              "non_striker": "SA Engelbrecht",
              "runs": {
                "batter": 1,
                "extras": 0,
                "total": 1
              }
            },
            {
              "batter": "SA Engelbrecht",
              "bowler": "CH Morris",
              "non_striker": "LC Ngoepe",
              "runs": {
                "batter": 1,
                "extras": 0,
                "total": 1
              }
            },
            {
              "batter": "LC Ngoepe",
              "bowler": "CH Morris",
              "non_striker": "SA Engelbrecht",
              "runs": {
                "batter": 4,
                "extras": 0,
                "total": 4
              }
            },
            {
              "batter": "LC Ngoepe",
              "bowler": "CH Morris",
              "non_striker": "SA Engelbrecht",
              "runs": {
                "batter": 0,
                "extras": 0,
                "total": 0
              }
            },
            {
              "batter": "LC Ngoepe",
              "bowler": "CH Morris",
              "non_striker": "SA Engelbrecht",
              "runs": {
                "batter": 1,
                "extras": 0,
                "total": 1
              }
            }
          ]
        }
      ],
      "powerplays": [
        {
          "from": 0.1,
          "to": 5.6,
          "type": "mandatory"
        }
      ],
      "target": {
        "overs": 20,
        "runs": 174
      }
    }
  ]
}