{
  "meta": {
    "data_version": "1.1.0",
    "created": "2022-04-02",
    "revision": 1
  },
  "info": {
    "balls_per_over": 6,
    "city": "Durban",
    "dates": [
      "2015-11-18"
    ],
    "event": {
      "name": "Ram Slam T20 Challenge"
    },
    "gender": "male",
    "match_type": "T20",
    "officials": {
      "match_referees": [
        "S Wadvalla"
      ],
      "reserve_umpires": [
        "LB Gcuma"
      ],
      "tv_umpires": [
        "DJ Smith"
      ],
      "umpires": [
        "BM White",
        "S George"
      ]
    },
    "outcome": {
      "winner": "Titans",
      "by": {
        "runs": 66
      }
    },
    "overs": 20,
    "player_of_match": [
      "Q de Kock",
      "CH Morris"
    ],
    "players": {
      "Titans": [
        "Q de Kock",
        "H Davids",
        "M Mosehle",
        "F Behardien",
        "JA Morkel",
        "D Wiese",
        "CH Morris",
        "GL van Buuren",
        "SF Mofokeng",
        "CJ Dala",
        "T Shamsi"
      ],
      "Dolphins": [
        "VB van Jaarsveld",
        "MN van Wyk",
        "K Zondo",
        "C Chetty",
        "DA Miller",
        "DJ Bravo",
        "R McLaren",
        "AL Phehlukwayo",
        "KA Maharaj",
        "CJ Alexander",
        "A Myoli"
      ]
    },
    "registry": {
      "people": {
        "A Myoli": "c50bfbc2",
        "AL Phehlukwayo": "ab6b1c45",
        "BM White": "66c21d35",
        "C Chetty": "27ca3a11",
        "CH Morris": "fb66ce1f",
        "CJ Alexander": "26d9937d",
        "CJ Dala": "1cb14aa4",
        "D Wiese": "aa8d28ae",
        "DA Miller": "d67d5f00",
        "DJ Bravo": "87e562a9",
        "DJ Smith": "d17bec15",
        "F Behardien": "dce2019b",
        "GL van Buuren": "ba377b40",
        "H Davids": "9c9f8dbc",
        "JA Morkel": "c3d35165",
        "K Zondo": "4aad78d3",
        "KA Maharaj": "0b60eb09",
        "LB Gcuma": "02ba88e3",
        "M Mosehle": "8836fcac",
        "MN van Wyk": "710dd98c",
        "Q de Kock": "372455c4",
        "R McLaren": "c654af19",
        "S George": "6d9e5a54",
        "S Wadvalla": "c1a1acf3",
        "SF Mofokeng": "21fdde93",
        "T Shamsi": "a03bba42",
        "VB van Jaarsveld": "890b877d"
      }
    },
    "season": "2015/16",
    "team_type": "club",
    "teams": [
      "Titans",
      "Dolphins"
    ],
    "toss": {
      "decision": "field",
      "winner": "Dolphins"
    },
    "venue": "Kingsmead, Durban"
  },
  "innings": [
    {
      "team": "Titans",
      "overs": [
        {
          "over": 0,
          "deliveries": [
            {
              "batter": "Q de Kock",
              "bowler": "CJ Alexander",
              "non_striker": "H Davids",
              "runs": {
                "batter": 0,
                "extras": 0,
                "total": 0
              }
            },
            {
              "batter": "Q de Kock",
              "bowler": "CJ Alexander",
              "non_striker": "H Davids",
              "runs": {
                "batter": 0,
                "extras": 0,
                "total": 0
              }
            },
            {
              "batter": "Q de Kock",
              "bowler": "CJ Alexander",
              "non_striker": "H Davids",
              "runs": {
                "batter": 0,
                "extras": 0,
                "total": 0
              }
            },
            {
              "batter": "Q de Kock",
              "bowler": "CJ Alexander",
              "non_striker": "H Davids",
              "runs": {
                "batter": 4,
                "extras": 0,
                "total": 4
              }
            },
            {
              "batter": "Q de Kock",
              "bowler": "CJ Alexander",
              "non_striker": "H Davids",
              "runs": {
                "batter": 0,
                "extras": 0,
                "total": 0
              }
            },
            {
              "batter": "Q de Kock",
              "bowler": "CJ Alexander",
              "non_striker": "H Davids",
              "runs": {
                "batter": 4,
                "extras": 0,
                "total": 4
              }
            }
          ]
        },
        {
          "over": 1,
          "deliveries": [
            {
              "batter": "H Davids",
              "bowler": "R McLaren",
              "extras": {
                "wides": 1
              },
              "non_striker": "Q de Kock",
              "runs": {
                "batter": 0,
                "extras": 1,
                "total": 1
              }
            },
            {
              "batter": "H Davids",
              "bowler": "R McLaren",
              "non_striker": "Q de Kock",
              "runs": {
                "batter": 0,
                "extras": 0,
                "total": 0
              }
            },
            {
              "batter": "H Davids",
              "bowler": "R McLaren",
              "non_striker": "Q de Kock",
              "runs": {
                "batter": 0,
                "extras": 0,
                "total": 0
              }
            },
            {
              "batter": "H Davids",
              "bowler": "R McLaren",
              "extras": {
                "wides": 1
              },
              "non_striker": "Q de Kock",
              "runs": {
                "batter": 0,
                "extras": 1,
                "total": 1
              }
            },
            {
              "batter": "H Davids",
              "bowler": "R McLaren",
              "non_striker": "Q de Kock",
              "runs": {
                "batter": 1,
                "extras": 0,
                "total": 1
              }
            },
            {
              "batter": "Q de Kock",
              "bowler": "R McLaren",
              "extras": {
                "wides": 1
              },
              "non_striker": "H Davids",
              "runs": {
                "batter": 0,
                "extras": 1,
                "total": 1
              }
            },
            {
              "batter": "Q de Kock",
              "bowler": "R McLaren",
              "non_striker": "H Davids",
              "runs": {
                "batter": 0,
                "extras": 0,
                "total": 0
              }
            },
            {
              "batter": "Q de Kock",
              "bowler": "R McLaren",
              "non_striker": "H Davids",
              "runs": {
                "batter": 1,
                "extras": 0,
                "total": 1
              }
            },
            {
              "batter": "H Davids",
              "bowler": "R McLaren",
              "non_striker": "Q de Kock",
              "runs": {
                "batter": 2,
                "extras": 0,
                "total": 2
              }
            }
          ]
        },
        {
          "over": 2,
          "deliveries": [
            {
              "batter": "Q de Kock",
              "bowler": "CJ Alexander",
              "non_striker": "H Davids",
              "runs": {
                "batter": 0,
                "extras": 0,
                "total": 0
              }
            },
            {
              "batter": "Q de Kock",
              "bowler": "CJ Alexander",
              "non_striker": "H Davids",
              "runs": {
                "batter": 0,
                "extras": 0,
                "total": 0
              }
            },
            {
              "batter": "Q de Kock",
              "bowler": "CJ Alexander",
              "non_striker": "H Davids",
              "runs": {
                "batter": 4,
                "extras": 0,
                "total": 4
              }
            },
            {
              "batter": "Q de Kock",
              "bowler": "CJ Alexander",
              "non_striker": "H Davids",
              "runs": {
                "batter": 4,
                "extras": 0,
                "total": 4
              }
            },
            {
              "batter": "Q de Kock",
              "bowler": "CJ Alexander",
              "non_striker": "H Davids",
              "runs": {
                "batter": 0,
                "extras": 0,
                "total": 0
              }
            },
            {
              "batter": "Q de Kock",
              "bowler": "CJ Alexander",
              "non_striker": "H Davids",
              "runs": {
                "batter": 1,
                "extras": 0,
                "total": 1
              }
            }
          ]
        },
        {
          "over": 3,
          "deliveries": [
            {
              "batter": "Q de Kock",
              "bowler": "R McLaren",
              "non_striker": "H Davids",
              "runs": {
                "batter": 1,
                "extras": 0,
                "total": 1
              }
            },
            {
              "batter": "H Davids",
              "bowler": "R McLaren",
              "non_striker": "Q de Kock",
              "runs": {
                "batter": 1,
                "extras": 0,
                "total": 1
              }
            },
            {
              "batter": "Q de Kock",
              "bowler": "R McLaren",
              "non_striker": "H Davids",
              "runs": {
                "batter": 1,
                "extras": 0,
                "total": 1
              }
            },
            {
              "batter": "H Davids",
              "bowler": "R McLaren",
              "non_striker": "Q de Kock",
              "runs": {
                "batter": 6,
                "extras": 0,
                "total": 6
              }
            },
            {
              "batter": "H Davids",
              "bowler": "R McLaren",
              "non_striker": "Q de Kock",
              "runs": {
                "batter": 0,
                "extras": 0,
                "total": 0
              },
              "wickets": [
                {
                  "player_out": "H Davids",
                  "fielders": [
                    {
                      "name": "MN van Wyk"
                    }
                  ],
                  "kind": "caught"
                }
              ]
            },
            {
              "batter": "M Mosehle",
              "bowler": "R McLaren",
              "non_striker": "Q de Kock",
              "runs": {
                "batter": 0,
                "extras": 0,
                "total": 0
              }
            }
          ]
        },
        {
          "over": 4,
          "deliveries": [
            {
              "batter": "Q de Kock",
              "bowler": "AL Phehlukwayo",
              "non_striker": "M Mosehle",
              "runs": {
                "batter": 1,
                "extras": 0,
                "total": 1
              }
            },
            {
              "batter": "M Mosehle",
              "bowler": "AL Phehlukwayo",
              "non_striker": "Q de Kock",
              "runs": {
                "batter": 1,
                "extras": 0,
                "total": 1
              }
            },
            {
              "batter": "Q de Kock",
              "bowler": "AL Phehlukwayo",
              "non_striker": "M Mosehle",
              "runs": {
                "batter": 4,
                "extras": 0,
                "total": 4
              }
            },
            {
              "batter": "Q de Kock",
              "bowler": "AL Phehlukwayo",
              "non_striker": "M Mosehle",
              "runs": {
                "batter": 2,
                "extras": 0,
                "total": 2
              }
            },
            {
              "batter": "Q de Kock",
              "bowler": "AL Phehlukwayo",
              "non_striker": "M Mosehle",
              "runs": {
                "batter": 1,
                "extras": 0,
                "total": 1
              }
            },
            {
              "batter": "M Mosehle",
              "bowler": "AL Phehlukwayo",
              "non_striker": "Q de Kock",
              "runs": {
                "batter": 3,
                "extras": 0,
                "total": 3
              }
            }
          ]
        },
        {
          "over": 5,
          "deliveries": [
            {
              "batter": "M Mosehle",
              "bowler": "DJ Bravo",
              "non_striker": "Q de Kock",
              "runs": {
                "batter": 0,
                "extras": 0,
                "total": 0
              }
            },
            {
              "batter": "M Mosehle",
              "bowler": "DJ Bravo",
              "non_striker": "Q de Kock",
              "runs": {
                "batter": 0,
                "extras": 0,
                "total": 0
              }
            },
            {
              "batter": "M Mosehle",
              "bowler": "DJ Bravo",
              "non_striker": "Q de Kock",
              "runs": {
                "batter": 1,
                "extras": 0,
                "total": 1
              }
            },
            {
              "batter": "Q de Kock",
              "bowler": "DJ Bravo",
              "non_striker": "M Mosehle",
              "runs": {
                "batter": 0,
                "extras": 0,
                "total": 0
              }
            },
            {
              "batter": "Q de Kock",
              "bowler": "DJ Bravo",
              "non_striker": "M Mosehle",
              "runs": {
                "batter": 1,
                "extras": 0,
                "total": 1
              }
            },
            {
              "batter": "M Mosehle",
              "bowler": "DJ Bravo",
              "non_striker": "Q de Kock",
              "runs": {
                "batter": 1,
                "extras": 0,
                "total": 1
              }
            }
          ]
        },
        {
          "over": 6,
          "deliveries": [
            {
              "batter": "M Mosehle",
              "bowler": "AL Phehlukwayo",
              "non_striker": "Q de Kock",
              "runs": {
                "batter": 1,
                "extras": 0,
                "total": 1
              }
            },
            {
              "batter": "Q de Kock",
              "bowler": "AL Phehlukwayo",
              "non_striker": "M Mosehle",
              "runs": {
                "batter": 1,
                "extras": 0,
                "total": 1
              }
            },
            {
              "batter": "M Mosehle",
              "bowler": "AL Phehlukwayo",
              "extras": {
                "wides": 1
              },
              "non_striker": "Q de Kock",
              "runs": {
                "batter": 0,
                "extras": 1,
                "total": 1
              }
            },
            {
              "batter": "M Mosehle",
              "bowler": "AL Phehlukwayo",
              "non_striker": "Q de Kock",
              "runs": {
                "batter": 1,
                "extras": 0,
                "total": 1
              }
            },
            {
              "batter": "Q de Kock",
              "bowler": "AL Phehlukwayo",
              "non_striker": "M Mosehle",
              "runs": {
                "batter": 1,
                "extras": 0,
                "total": 1
              }
            },
            {
              "batter": "M Mosehle",
              "bowler": "AL Phehlukwayo",
              "non_striker": "Q de Kock",
              "runs": {
                "batter": 4,
                "extras": 0,
                "total": 4
              }
            },
            {
              "batter": "M Mosehle",
              "bowler": "AL Phehlukwayo",
              "non_striker": "Q de Kock",
              "runs": {
                "batter": 0,
                "extras": 0,
                "total": 0
              }
            }
          ]
        },
        {
          "over": 7,
          "deliveries": [
            {
              "batter": "Q de Kock",
              "bowler": "A Myoli",
              "non_striker": "M Mosehle",
              "runs": {
                "batter": 1,
                "extras": 0,
                "total": 1
              }
            },
            {
              "batter": "M Mosehle",
              "bowler": "A Myoli",
              "non_striker": "Q de Kock",
              "runs": {
                "batter": 2,
                "extras": 0,
                "total": 2
              }
            },
            {
              "batter": "M Mosehle",
              "bowler": "A Myoli",
              "non_striker": "Q de Kock",
              "runs": {
                "batter": 1,
                "extras": 0,
                "total": 1
              }
            },
            {
              "batter": "Q de Kock",
              "bowler": "A Myoli",
              "non_striker": "M Mosehle",
              "runs": {
                "batter": 0,
                "extras": 0,
                "total": 0
              }
            },
            {
              "batter": "Q de Kock",
              "bowler": "A Myoli",
              "non_striker": "M Mosehle",
              "runs": {
                "batter": 1,
                "extras": 0,
                "total": 1
              }
            },
            {
              "batter": "M Mosehle",
              "bowler": "A Myoli",
              "non_striker": "Q de Kock",
              "runs": {
                "batter": 0,
                "extras": 0,
                "total": 0
              }
            }
          ]
        },
        {
          "over": 8,
          "deliveries": [
            {
              "batter": "Q de Kock",
              "bowler": "KA Maharaj",
              "non_striker": "M Mosehle",
              "runs": {
                "batter": 4,
                "extras": 0,
                "total": 4
              }
            },
            {
              "batter": "Q de Kock",
              "bowler": "KA Maharaj",
              "non_striker": "M Mosehle",
              "runs": {
                "batter": 0,
                "extras": 0,
                "total": 0
              }
            },
            {
              "batter": "Q de Kock",
              "bowler": "KA Maharaj",
              "non_striker": "M Mosehle",
              "runs": {
                "batter": 1,
                "extras": 0,
                "total": 1
              }
            },
            {
              "batter": "M Mosehle",
              "bowler": "KA Maharaj",
              "non_striker": "Q de Kock",
              "runs": {
                "batter": 1,
                "extras": 0,
                "total": 1
              }
            },
            {
              "batter": "Q de Kock",
              "bowler": "KA Maharaj",
              "non_striker": "M Mosehle",
              "runs": {
                "batter": 0,
                "extras": 0,
                "total": 0
              },
              "wickets": [
                {
                  "player_out": "Q de Kock",
                  "fielders": [
                    {
                      "name": "DA Miller"
                    }
                  ],
                  "kind": "caught"
                }
              ]
            },
            {
              "batter": "F Behardien",
              "bowler": "KA Maharaj",
              "non_striker": "M Mosehle",
              "runs": {
                "batter": 1,
                "extras": 0,
                "total": 1
              }
            }
          ]
        },
        {
          "over": 9,
          "deliveries": [
            {
              "batter": "F Behardien",
              "bowler": "A Myoli",
              "non_striker": "M Mosehle",
              "runs": {
                "batter": 0,
                "extras": 0,
                "total": 0
              }
            },
            {
              "batter": "F Behardien",
              "bowler": "A Myoli",
              "non_striker": "M Mosehle",
              "runs": {
                "batter": 1,
                "extras": 0,
                "total": 1
              }
            },
            {
              "batter": "M Mosehle",
              "bowler": "A Myoli",
              "non_striker": "F Behardien",
              "runs": {
                "batter": 0,
                "extras": 0,
                "total": 0
              }
            },
            {
              "batter": "M Mosehle",
              "bowler": "A Myoli",
              "non_striker": "F Behardien",
              "runs": {
                "batter": 0,
                "extras": 0,
                "total": 0
              }
            },
            {
              "batter": "M Mosehle",
              "bowler": "A Myoli",
              "non_striker": "F Behardien",
              "runs": {
                "batter": 2,
                "extras": 0,
                "total": 2
              }
            },
            {
              "batter": "M Mosehle",
              "bowler": "A Myoli",
              "non_striker": "F Behardien",
              "runs": {
                "batter": 1,
                "extras": 0,
                "total": 1
              }
            }
          ]
        },
        {
          "over": 10,
          "deliveries": [
            {
              "batter": "M Mosehle",
              "bowler": "KA Maharaj",
              "non_striker": "F Behardien",
              "runs": {
                "batter": 0,
                "extras": 0,
                "total": 0
              }
            },
            {
              "batter": "M Mosehle",
              "bowler": "KA Maharaj",
              "non_striker": "F Behardien",
              "runs": {
                "batter": 1,
                "extras": 0,
                "total": 1
              }
            },
            {
              "batter": "F Behardien",
              "bowler": "KA Maharaj",
              "non_striker": "M Mosehle",
              "runs": {
                "batter": 0,
                "extras": 0,
                "total": 0
              }
            },
            {
              "batter": "F Behardien",
              "bowler": "KA Maharaj",
              "non_striker": "M Mosehle",
              "runs": {
                "batter": 1,
                "extras": 0,
                "total": 1
              }
            },
            {
              "batter": "M Mosehle",
              "bowler": "KA Maharaj",
              "non_striker": "F Behardien",
              "runs": {
                "batter": 1,
                "extras": 0,
                "total": 1
              }
            },
            {
              "batter": "F Behardien",
              "bowler": "KA Maharaj",
              "non_striker": "M Mosehle",
              "runs": {
                "batter": 1,
                "extras": 0,
                "total": 1
              }
            }
          ]
        },
        {
          "over": 11,
          "deliveries": [
            {
              "batter": "F Behardien",
              "bowler": "A Myoli",
              "non_striker": "M Mosehle",
              "runs": {
                "batter": 2,
                "extras": 0,
                "total": 2
              }
            },
            {
              "batter": "F Behardien",
              "bowler": "A Myoli",
              "non_striker": "M Mosehle",
              "runs": {
                "batter": 1,
                "extras": 0,
                "total": 1
              }
            },
            {
              "batter": "M Mosehle",
              "bowler": "A Myoli",
              "non_striker": "F Behardien",
              "runs": {
                "batter": 1,
                "extras": 0,
                "total": 1
              }
            },
            {
              "batter": "F Behardien",
              "bowler": "A Myoli",
              "non_striker": "M Mosehle",
              "runs": {
                "batter": 1,
                "extras": 0,
                "total": 1
              }
            },
            {
              "batter": "M Mosehle",
              "bowler": "A Myoli",
              "non_striker": "F Behardien",
              "runs": {
                "batter": 1,
                "extras": 0,
                "total": 1
              }
            },
            {
              "batter": "F Behardien",
              "bowler": "A Myoli",
              "non_striker": "M Mosehle",
              "runs": {
                "batter": 2,
                "extras": 0,
                "total": 2
              }
            }
          ]
        },
        {
          "over": 12,
          "deliveries": [
            {
              "batter": "M Mosehle",
              "bowler": "KA Maharaj",
              "non_striker": "F Behardien",
              "runs": {
                "batter": 1,
                "extras": 0,
                "total": 1
              }
            },
            {
              "batter": "F Behardien",
              "bowler": "KA Maharaj",
              "non_striker": "M Mosehle",
              "runs": {
                "batter": 1,
                "extras": 0,
                "total": 1
              }
            },
            {
              "batter": "M Mosehle",
              "bowler": "KA Maharaj",
              "non_striker": "F Behardien",
              "runs": {
                "batter": 1,
                "extras": 0,
                "total": 1
              }
            },
            {
              "batter": "F Behardien",
              "bowler": "KA Maharaj",
              "non_striker": "M Mosehle",
              "runs": {
                "batter": 1,
                "extras": 0,
                "total": 1
              }
            },
            {
              "batter": "M Mosehle",
              "bowler": "KA Maharaj",
              "non_striker": "F Behardien",
              "runs": {
                "batter": 0,
                "extras": 0,
                "total": 0
              },
              "wickets": [
                {
                  "player_out": "M Mosehle",
                  "fielders": [
                    {
                      "name": "MN van Wyk"
                    }
                  ],
                  "kind": "caught"
                }
              ]
            },
            {
              "batter": "JA Morkel",
              "bowler": "KA Maharaj",
              "non_striker": "F Behardien",
              "runs": {
                "batter": 1,
                "extras": 0,
                "total": 1
              }
            }
          ]
        },
        {
          "over": 13,
          "deliveries": [
            {
              "batter": "JA Morkel",
              "bowler": "DJ Bravo",
              "non_striker": "F Behardien",
              "runs": {
                "batter": 0,
                "extras": 0,
                "total": 0
              }
            },
            {
              "batter": "JA Morkel",
              "bowler": "DJ Bravo",
              "non_striker": "F Behardien",
              "runs": {
                "batter": 2,
                "extras": 0,
                "total": 2
              }
            },
            {
              "batter": "JA Morkel",
              "bowler": "DJ Bravo",
              "non_striker": "F Behardien",
              "runs": {
                "batter": 1,
                "extras": 0,
                "total": 1
              }
            },
            {
              "batter": "F Behardien",
              "bowler": "DJ Bravo",
              "non_striker": "JA Morkel",
              "runs": {
                "batter": 1,
                "extras": 0,
                "total": 1
              }
            },
            {
              "batter": "JA Morkel",
              "bowler": "DJ Bravo",
              "non_striker": "F Behardien",
              "runs": {
                "batter": 0,
                "extras": 0,
                "total": 0
              }
            },
            {
              "batter": "JA Morkel",
              "bowler": "DJ Bravo",
              "non_striker": "F Behardien",
              "runs": {
                "batter": 0,
                "extras": 0,
                "total": 0
              }
            }
          ]
        },
        {
          "over": 14,
          "deliveries": [
            {
              "batter": "F Behardien",
              "bowler": "R McLaren",
              "non_striker": "JA Morkel",
              "runs": {
                "batter": 1,
                "extras": 0,
                "total": 1
              }
            },
            {
              "batter": "JA Morkel",
              "bowler": "R McLaren",
              "non_striker": "F Behardien",
              "runs": {
                "batter": 1,
                "extras": 0,
                "total": 1
              }
            },
            {
              "batter": "F Behardien",
              "bowler": "R McLaren",
              "non_striker": "JA Morkel",
              "runs": {
                "batter": 1,
                "extras": 0,
                "total": 1
              }
            },
            {
              "batter": "JA Morkel",
              "bowler": "R McLaren",
              "non_striker": "F Behardien",
              "runs": {
                "batter": 0,
                "extras": 0,
                "total": 0
              }
            },
            {
              "batter": "JA Morkel",
              "bowler": "R McLaren",
              "non_striker": "F Behardien",
              "runs": {
                "batter": 0,
                "extras": 0,
                "total": 0
              }
            },
            {
              "batter": "JA Morkel",
              "bowler": "R McLaren",
              "non_striker": "F Behardien",
              "runs": {
                "batter": 2,
                "extras": 0,
                "total": 2
              }
            }
          ]
        },
        {
          "over": 15,
          "deliveries": [
            {
              "batter": "F Behardien",
              "bowler": "AL Phehlukwayo",
              "non_striker": "JA Morkel",
              "runs": {
                "batter": 0,
                "extras": 0,
                "total": 0
              }
            },
            {
              "batter": "F Behardien",
              "bowler": "AL Phehlukwayo",
              "non_striker": "JA Morkel",
              "runs": {
                "batter": 2,
                "extras": 0,
                "total": 2
              }
            },
            {
              "batter": "F Behardien",
              "bowler": "AL Phehlukwayo",
              "non_striker": "JA Morkel",
              "runs": {
                "batter": 0,
                "extras": 0,
                "total": 0
              },
              "wickets": [
                {
                  "player_out": "F Behardien",
                  "fielders": [
                    {
                      "name": "R McLaren"
                    }
                  ],
                  "kind": "caught"
                }
              ]
            },
            {
              "batter": "D Wiese",
              "bowler": "AL Phehlukwayo",
              "non_striker": "JA Morkel",
              "runs": {
                "batter": 0,
                "extras": 0,
                "total": 0
              }
            },
            {
              "batter": "D Wiese",
              "bowler": "AL Phehlukwayo",
              "non_striker": "JA Morkel",
              "runs": {
                "batter": 1,
                "extras": 0,
                "total": 1
              }
            },
            {
              "batter": "JA Morkel",
              "bowler": "AL Phehlukwayo",
              "non_striker": "D Wiese",
              "runs": {
                "batter": 0,
                "extras": 0,
                "total": 0
              }
            }
          ]
        },
        {
          "over": 16,
          "deliveries": [
            {
              "batter": "D Wiese",
              "bowler": "DJ Bravo",
              "non_striker": "JA Morkel",
              "runs": {
                "batter": 0,
                "extras": 0,
                "total": 0
              }
            },
            {
              "batter": "D Wiese",
              "bowler": "DJ Bravo",
              "non_striker": "JA Morkel",
              "runs": {
                "batter": 1,
                "extras": 0,
                "total": 1
              }
            },
            {
              "batter": "JA Morkel",
              "bowler": "DJ Bravo",
              "non_striker": "D Wiese",
              "runs": {
                "batter": 1,
                "extras": 0,
                "total": 1
              }
            },
            {
              "batter": "D Wiese",
              "bowler": "DJ Bravo",
              "non_striker": "JA Morkel",
              "runs": {
                "batter": 1,
                "extras": 0,
                "total": 1
              }
            },
            {
              "batter": "JA Morkel",
              "bowler": "DJ Bravo",
              "non_striker": "D Wiese",
              "runs": {
                "batter": 4,
                "extras": 0,
                "total": 4
              }
            },
            {
              "batter": "JA Morkel",
              "bowler": "DJ Bravo",
              "non_striker": "D Wiese",
              "runs": {
                "batter": 6,
                "extras": 0,
                "total": 6
              }
            }
          ]
        },
        {
          "over": 17,
          "deliveries": [
            {
              "batter": "D Wiese",
              "bowler": "R McLaren",
              "extras": {
                "wides": 1
              },
              "non_striker": "JA Morkel",
              "runs": {
                "batter": 0,
                "extras": 1,
                "total": 1
              }
            },
            {
              "batter": "D Wiese",
              "bowler": "R McLaren",
              "non_striker": "JA Morkel",
              "runs": {
                "batter": 1,
                "extras": 0,
                "total": 1
              }
            },
            {
              "batter": "JA Morkel",
              "bowler": "R McLaren",
              "non_striker": "D Wiese",
              "runs": {
                "batter": 0,
                "extras": 0,
                "total": 0
              }
            },
            {
              "batter": "JA Morkel",
              "bowler": "R McLaren",
              "non_striker": "D Wiese",
              "runs": {
                "batter": 0,
                "extras": 0,
                "total": 0
              },
              "wickets": [
                {
                  "player_out": "JA Morkel",
                  "fielders": [
                    {
                      "name": "CJ Alexander"
                    }
                  ],
                  "kind": "caught"
                }
              ]
            },
            {
              "batter": "CH Morris",
              "bowler": "R McLaren",
              "non_striker": "D Wiese",
              "runs": {
                "batter": 4,
                "extras": 0,
                "total": 4
              }
            },
            {
              "batter": "CH Morris",
              "bowler": "R McLaren",
              "non_striker": "D Wiese",
              "runs": {
                "batter": 1,
                "extras": 0,
                "total": 1
              }
            },
            {
              "batter": "D Wiese",
              "bowler": "R McLaren",
              "non_striker": "CH Morris",
              "runs": {
                "batter": 0,
                "extras": 0,
                "total": 0
              },
              "wickets": [
                {
                  "player_out": "D Wiese",
                  "kind": "bowled"
                }
              ]
            }
          ]
        },
        {
          "over": 18,
          "deliveries": [
            {
              "batter": "CH Morris",
              "bowler": "DJ Bravo",
              "non_striker": "GL van Buuren",
              "runs": {
                "batter": 6,
                "extras": 0,
                "total": 6
              }
            },
            {
              "batter": "CH Morris",
              "bowler": "DJ Bravo",
              "non_striker": "GL van Buuren",
              "runs": {
                "batter": 2,
                "extras": 0,
                "total": 2
              }
            },
            {
              "batter": "CH Morris",
              "bowler": "DJ Bravo",
              "non_striker": "GL van Buuren",
              "runs": {
                "batter": 1,
                "extras": 0,
                "total": 1
              }
            },
            {
              "batter": "GL van Buuren",
              "bowler": "DJ Bravo",
              "extras": {
                "wides": 1
              },
              "non_striker": "CH Morris",
              "runs": {
                "batter": 0,
                "extras": 1,
                "total": 1
              }
            },
            {
              "batter": "GL van Buuren",
              "bowler": "DJ Bravo",
              "non_striker": "CH Morris",
              "runs": {
                "batter": 0,
                "extras": 0,
                "total": 0
              }
            },
            {
              "batter": "GL van Buuren",
              "bowler": "DJ Bravo",
              "non_striker": "CH Morris",
              "runs": {
                "batter": 0,
                "extras": 0,
                "total": 0
              },
              "wickets": [
                {
                  "player_out": "GL van Buuren",
                  "fielders": [
                    {
                      "name": "AL Phehlukwayo"
                    }
                  ],
                  "kind": "caught"
                }
              ]
            },
            {
              "batter": "SF Mofokeng",
              "bowler": "DJ Bravo",
              "non_striker": "CH Morris",
              "runs": {
                "batter": 1,
                "extras": 0,
                "total": 1
              }
            }
          ]
        },
        {
          "over": 19,
          "deliveries": [
            {
              "batter": "SF Mofokeng",
              "bowler": "AL Phehlukwayo",
              "non_striker": "CH Morris",
              "runs": {
                "batter": 0,
                "extras": 0,
                "total": 0
              }
            },
            {
              "batter": "SF Mofokeng",
              "bowler": "AL Phehlukwayo",
              "non_striker": "CH Morris",
              "runs": {
                "batter": 1,
                "extras": 0,
                "total": 1
              }
            },
            {
              "batter": "CH Morris",
              "bowler": "AL Phehlukwayo",
              "non_striker": "SF Mofokeng",
              "runs": {
                "batter": 0,
                "extras": 0,
                "total": 0
              },
              "wickets": [
                {
                  "player_out": "CH Morris",
                  "fielders": [
                    {
                      "name": "DJ Bravo"
                    }
                  ],
                  "kind": "caught"
                }
              ]
            },
            {
              "batter": "SF Mofokeng",
              "bowler": "AL Phehlukwayo",
              "non_striker": "CJ Dala",
              "runs": {
                "batter": 1,
                "extras": 0,
                "total": 1
              }
            },
            {
              "batter": "CJ Dala",
              "bowler": "AL Phehlukwayo",
              "non_striker": "SF Mofokeng",
              "runs": {
                "batter": 0,
                "extras": 0,
                "total": 0
              },
              "wickets": [
                {
                  "player_out": "CJ Dala",
                  "fielders": [
                    {
                      "name": "K Zondo"
                    }
                  ],
                  "kind": "caught"
                }
              ]
            },
            {
              "batter": "SF Mofokeng",
              "bowler": "AL Phehlukwayo",
              "non_striker": "T Shamsi",
              "runs": {
                "batter": 1,
                "extras": 0,
                "total": 1
              }
            }
          ]
        }
      ],
      "powerplays": [
        {
          "from": 0.1,
          "to": 5.6,
          "type": "mandatory"
        }
      ]
    },
    {
      "team": "Dolphins",
      "overs": [
        {
          "over": 0,
          "deliveries": [
            {
              "batter": "VB van Jaarsveld",
              "bowler": "JA Morkel",
              "non_striker": "MN van Wyk",
              "runs": {
                "batter": 1,
                "extras": 0,
                "total": 1
              }
            },
            {
              "batter": "MN van Wyk",
              "bowler": "JA Morkel",
              "non_striker": "VB van Jaarsveld",
              "runs": {
                "batter": 0,
                "extras": 0,
                "total": 0
              }
            },
            {
              "batter": "MN van Wyk",
              "bowler": "JA Morkel",
              "non_striker": "VB van Jaarsveld",
              "runs": {
                "batter": 0,
                "extras": 0,
                "total": 0
              }
            },
            {
              "batter": "MN van Wyk",
              "bowler": "JA Morkel",
              "non_striker": "VB van Jaarsveld",
              "runs": {
                "batter": 0,
                "extras": 0,
                "total": 0
              }
            },
            {
              "batter": "MN van Wyk",
              "bowler": "JA Morkel",
              "non_striker": "VB van Jaarsveld",
              "runs": {
                "batter": 0,
                "extras": 0,
                "total": 0
              }
            },
            {
              "batter": "MN van Wyk",
              "bowler": "JA Morkel",
              "non_striker": "VB van Jaarsveld",
              "runs": {
                "batter": 1,
                "extras": 0,
                "total": 1
              }
            }
          ]
        },
        {
          "over": 1,
          "deliveries": [
            {
              "batter": "MN van Wyk",
              "bowler": "CH Morris",
              "non_striker": "VB van Jaarsveld",
              "runs": {
                "batter": 0,
                "extras": 0,
                "total": 0
              }
            },
            {
              "batter": "MN van Wyk",
              "bowler": "CH Morris",
              "non_striker": "VB van Jaarsveld",
              "runs": {
                "batter": 6,
                "extras": 0,
                "total": 6
              }
            },
            {
              "batter": "MN van Wyk",
              "bowler": "CH Morris",
              "non_striker": "VB van Jaarsveld",
              "runs": {
                "batter": 0,
                "extras": 0,
                "total": 0
              },
              "wickets": [
                {
                  "player_out": "MN van Wyk",
                  "fielders": [
                    {
                      "name": "GL van Buuren"
                    }
                  ],
                  "kind": "caught"
                }
              ]
            },
            {
              "batter": "K Zondo",
              "bowler": "CH Morris",
              "non_striker": "VB van Jaarsveld",
              "runs": {
                "batter": 0,
                "extras": 0,
                "total": 0
              }
            },
            {
              "batter": "K Zondo",
              "bowler": "CH Morris",
              "non_striker": "VB van Jaarsveld",
              "runs": {
                "batter": 0,
                "extras": 0,
                "total": 0
              }
            },
            {
              "batter": "K Zondo",
              "bowler": "CH Morris",
              "non_striker": "VB van Jaarsveld",
              "runs": {
                "batter": 0,
                "extras": 0,
                "total": 0
              }
            }
          ]
        },
        {
          "over": 2,
          "deliveries": [
            {
              "batter": "VB van Jaarsveld",
              "bowler": "JA Morkel",
              "non_striker": "K Zondo",
              "runs": {
                "batter": 4,
                "extras": 0,
                "total": 4
              }
            },
            {
              "batter": "VB van Jaarsveld",
              "bowler": "JA Morkel",
              "non_striker": "K Zondo",
              "runs": {
                "batter": 1,
                "extras": 0,
                "total": 1
              }
            },
            {
              "batter": "K Zondo",
              "bowler": "JA Morkel",
              "non_striker": "VB van Jaarsveld",
              "runs": {
                "batter": 0,
                "extras": 0,
                "total": 0
              }
            },
            {
              "batter": "K Zondo",
              "bowler": "JA Morkel",
              "non_striker": "VB van Jaarsveld",
              "runs": {
                "batter": 0,
                "extras": 0,
                "total": 0
              },
              "wickets": [
                {
                  "player_out": "K Zondo",
                  "fielders": [
                    {
                      "name": "F Behardien"
                    }
                  ],
                  "kind": "caught"
                }
              ]
            },
            {
              "batter": "C Chetty",
              "bowler": "JA Morkel",
              "non_striker": "VB van Jaarsveld",
              "runs": {
                "batter": 0,
                "extras": 0,
                "total": 0
              }
            },
            {
              "batter": "C Chetty",
              "bowler": "JA Morkel",
              "non_striker": "VB van Jaarsveld",
              "runs": {
                "batter": 1,
                "extras": 0,
                "total": 1
              }
            }
          ]
        },
        {
          "over": 3,
          "deliveries": [
            {
              "batter": "C Chetty",
              "bowler": "CH Morris",
              "non_striker": "VB van Jaarsveld",
              "runs": {
                "batter": 1,
                "extras": 0,
                "total": 1
              }
            },
            {
              "batter": "VB van Jaarsveld",
              "bowler": "CH Morris",
              "non_striker": "C Chetty",
              "runs": {
                "batter": 0,
                "extras": 0,
                "total": 0
              },
              "wickets": [
                {
                  "player_out": "VB van Jaarsveld",
                  "fielders": [
                    {
                      "name": "JA Morkel"
                    }
                  ],
                  "kind": "caught"
                }
              ]
            },
            {
              "batter": "DA Miller",
              "bowler": "CH Morris",
              "non_striker": "C Chetty",
              "runs": {
                "batter": 0,
                "extras": 0,
                "total": 0
              }
            },
            {
              "batter": "DA Miller",
              "bowler": "CH Morris",
              "non_striker": "C Chetty",
              "runs": {
                "batter": 0,
                "extras": 0,
                "total": 0
              }
            },
            {
              "batter": "DA Miller",
              "bowler": "CH Morris",
              "non_striker": "C Chetty",
              "runs": {
                "batter": 0,
                "extras": 0,
                "total": 0
              }
            },
            {
              "batter": "DA Miller",
              "bowler": "CH Morris",
              "non_striker": "C Chetty",
              "runs": {
                "batter": 1,
                "extras": 0,
                "total": 1
              }
            }
          ]
        },
        {
          "over": 4,
          "deliveries": [
            {
              "batter": "DA Miller",
              "bowler": "JA Morkel",
              "non_striker": "C Chetty",
              "runs": {
                "batter": 2,
                "extras": 0,
                "total": 2
              }
            },
            {
              "batter": "DA Miller",
              "bowler": "JA Morkel",
              "non_striker": "C Chetty",
              "runs": {
                "batter": 1,
                "extras": 0,
                "total": 1
              }
            },
            {
              "batter": "C Chetty",
              "bowler": "JA Morkel",
              "non_striker": "DA Miller",
              "runs": {
                "batter": 0,
                "extras": 0,
                "total": 0
              }
            },
            {
              "batter": "C Chetty",
              "bowler": "JA Morkel",
              "non_striker": "DA Miller",
              "runs": {
                "batter": 0,
                "extras": 0,
                "total": 0
              },
              "wickets": [
                {
                  "player_out": "C Chetty",
                  "fielders": [
                    {
                      "name": "F Behardien"
                    }
                  ],
                  "kind": "caught"
                }
              ]
            },
            {
              "batter": "DJ Bravo",
              "bowler": "JA Morkel",
              "non_striker": "DA Miller",
              "runs": {
                "batter": 0,
                "extras": 0,
                "total": 0
              }
            },
            {
              "batter": "DJ Bravo",
              "bowler": "JA Morkel",
              "non_striker": "DA Miller",
              "runs": {
                "batter": 0,
                "extras": 0,
                "total": 0
              }
            }
          ]
        },
        {
          "over": 5,
          "deliveries": [
            {
              "batter": "DA Miller",
              "bowler": "T Shamsi",
              "non_striker": "DJ Bravo",
              "runs": {
                "batter": 1,
                "extras": 0,
                "total": 1
              }
            },
            {
              "batter": "DJ Bravo",
              "bowler": "T Shamsi",
              "non_striker": "DA Miller",
              "runs": {
                "batter": 0,
                "extras": 0,
                "total": 0
              }
            },
            {
              "batter": "DJ Bravo",
              "bowler": "T Shamsi",
              "non_striker": "DA Miller",
              "runs": {
                "batter": 0,
                "extras": 0,
                "total": 0
              }
            },
            {
              "batter": "DJ Bravo",
              "bowler": "T Shamsi",
              "non_striker": "DA Miller",
              "runs": {
                "batter": 0,
                "extras": 0,
                "total": 0
              }
            },
            {
              "batter": "DJ Bravo",
              "bowler": "T Shamsi",
              "non_striker": "DA Miller",
              "runs": {
                "batter": 1,
                "extras": 0,
                "total": 1
              }
            },
            {
              "batter": "DA Miller",
              "bowler": "T Shamsi",
              "non_striker": "DJ Bravo",
              "runs": {
                "batter": 1,
                "extras": 0,
                "total": 1
              }
            }
          ]
        },
        {
          "over": 6,
          "deliveries": [
            {
              "batter": "DA Miller",
              "bowler": "JA Morkel",
              "non_striker": "DJ Bravo",
              "runs": {
                "batter": 0,
                "extras": 0,
                "total": 0
              }
            },
            {
              "batter": "DA Miller",
              "bowler": "JA Morkel",
              "non_striker": "DJ Bravo",
              "runs": {
                "batter": 2,
                "extras": 0,
                "total": 2
              }
            },
            {
              "batter": "DA Miller",
              "bowler": "JA Morkel",
              "non_striker": "DJ Bravo",
              "runs": {
                "batter": 1,
                "extras": 0,
                "total": 1
              }
            },
            {
              "batter": "DJ Bravo",
              "bowler": "JA Morkel",
              "non_striker": "DA Miller",
              "runs": {
                "batter": 0,
                "extras": 0,
                "total": 0
              }
            },
            {
              "batter": "DJ Bravo",
              "bowler": "JA Morkel",
              "non_striker": "DA Miller",
              "runs": {
                "batter": 0,
                "extras": 0,
                "total": 0
              }
            },
            {
              "batter": "DJ Bravo",
              "bowler": "JA Morkel",
              "non_striker": "DA Miller",
              "runs": {
                "batter": 0,
                "extras": 0,
                "total": 0
              }
            }
          ]
        },
        {
          "over": 7,
          "deliveries": [
            {
              "batter": "DA Miller",
              "bowler": "T Shamsi",
              "non_striker": "DJ Bravo",
              "runs": {
                "batter": 0,
                "extras": 0,
                "total": 0
              }
            },
            {
              "batter": "DA Miller",
              "bowler": "T Shamsi",
              "non_striker": "DJ Bravo",
              "runs": {
                "batter": 1,
                "extras": 0,
                "total": 1
              }
            },
            {
              "batter": "DJ Bravo",
              "bowler": "T Shamsi",
              "extras": {
                "wides": 1
              },
              "non_striker": "DA Miller",
              "runs": {
                "batter": 0,
                "extras": 1,
                "total": 1
              }
            },
            {
              "batter": "DJ Bravo",
              "bowler": "T Shamsi",
              "non_striker": "DA Miller",
              "runs": {
                "batter": 1,
                "extras": 0,
                "total": 1
              }
            },
            {
              "batter": "DA Miller",
              "bowler": "T Shamsi",
              "non_striker": "DJ Bravo",
              "runs": {
                "batter": 1,
                "extras": 0,
                "total": 1
              }
            },
            {
              "batter": "DJ Bravo",
              "bowler": "T Shamsi",
              "non_striker": "DA Miller",
              "runs": {
                "batter": 1,
                "extras": 0,
                "total": 1
              }
            },
            {
              "batter": "DA Miller",
              "bowler": "T Shamsi",
              "non_striker": "DJ Bravo",
              "runs": {
                "batter": 1,
                "extras": 0,
                "total": 1
              }
            }
          ]
        },
        {
          "over": 8,
          "deliveries": [
            {
              "batter": "DA Miller",
              "bowler": "CJ Dala",
              "non_striker": "DJ Bravo",
              "runs": {
                "batter": 0,
                "extras": 0,
                "total": 0
              },
              "wickets": [
                {
                  "player_out": "DA Miller",
                  "kind": "bowled"
                }
              ]
            },
            {
              "batter": "R McLaren",
              "bowler": "CJ Dala",
              "extras": {
                "wides": 1
              },
              "non_striker": "DJ Bravo",
              "runs": {
                "batter": 0,
                "extras": 1,
                "total": 1
              }
            },
            {
              "batter": "R McLaren",
              "bowler": "CJ Dala",
              "non_striker": "DJ Bravo",
              "runs": {
                "batter": 0,
                "extras": 0,
                "total": 0
              }
            },
            {
              "batter": "R McLaren",
              "bowler": "CJ Dala",
              "non_striker": "DJ Bravo",
              "runs": {
                "batter": 1,
                "extras": 0,
                "total": 1
              }
            },
            {
              "batter": "DJ Bravo",
              "bowler": "CJ Dala",
              "non_striker": "R McLaren",
              "runs": {
                "batter": 0,
                "extras": 0,
                "total": 0
              }
            },
            {
              "batter": "DJ Bravo",
              "bowler": "CJ Dala",
              "non_striker": "R McLaren",
              "runs": {
                "batter": 1,
                "extras": 0,
                "total": 1
              }
            },
            {
              "batter": "R McLaren",
              "bowler": "CJ Dala",
              "non_striker": "DJ Bravo",
              "runs": {
                "batter": 0,
                "extras": 0,
                "total": 0
              }
            }
          ]
        },
        {
          "over": 9,
          "deliveries": [
            {
              "batter": "DJ Bravo",
              "bowler": "SF Mofokeng",
              "non_striker": "R McLaren",
              "runs": {
                "batter": 1,
                "extras": 0,
                "total": 1
              },
              "wickets": [
                {
                  "player_out": "R McLaren",
                  "fielders": [
                    {
                      "name": "Q de Kock"
                    },
                    {
                      "name": "F Behardien"
                    }
                  ],
                  "kind": "run out"
                }
              ]
            },
            {
              "batter": "AL Phehlukwayo",
              "bowler": "SF Mofokeng",
              "non_striker": "DJ Bravo",
              "runs": {
                "batter": 0,
                "extras": 0,
                "total": 0
              }
            },
            {
              "batter": "AL Phehlukwayo",
              "bowler": "SF Mofokeng",
              "non_striker": "DJ Bravo",
              "runs": {
                "batter": 0,
                "extras": 0,
                "total": 0
              }
            },
            {
              "batter": "AL Phehlukwayo",
              "bowler": "SF Mofokeng",
              "non_striker": "DJ Bravo",
              "runs": {
                "batter": 1,
                "extras": 0,
                "total": 1
              }
            },
            {
              "batter": "DJ Bravo",
              "bowler": "SF Mofokeng",
              "non_striker": "AL Phehlukwayo",
              "runs": {
                "batter": 4,
                "extras": 0,
                "total": 4
              }
            },
            {
              "batter": "DJ Bravo",
              "bowler": "SF Mofokeng",
              "non_striker": "AL Phehlukwayo",
              "runs": {
                "batter": 1,
                "extras": 0,
                "total": 1
              }
            }
          ]
        },
        {
          "over": 10,
          "deliveries": [
            {
              "batter": "DJ Bravo",
              "bowler": "CJ Dala",
              "non_striker": "AL Phehlukwayo",
              "runs": {
                "batter": 0,
                "extras": 0,
                "total": 0
              }
            },
            {
              "batter": "DJ Bravo",
              "bowler": "CJ Dala",
              "non_striker": "AL Phehlukwayo",
              "runs": {
                "batter": 1,
                "extras": 0,
                "total": 1
              }
            },
            {
              "batter": "AL Phehlukwayo",
              "bowler": "CJ Dala",
              "non_striker": "DJ Bravo",
              "runs": {
                "batter": 0,
                "extras": 0,
                "total": 0
              }
            },
            {
              "batter": "AL Phehlukwayo",
              "bowler": "CJ Dala",
              "non_striker": "DJ Bravo",
              "runs": {
                "batter": 0,
                "extras": 0,
                "total": 0
              }
            },
            {
              "batter": "AL Phehlukwayo",
              "bowler": "CJ Dala",
              "non_striker": "DJ Bravo",
              "runs": {
                "batter": 6,
                "extras": 0,
                "total": 6
              }
            },
            {
              "batter": "AL Phehlukwayo",
              "bowler": "CJ Dala",
              "non_striker": "DJ Bravo",
              "runs": {
                "batter": 0,
                "extras": 0,
                "total": 0
              }
            }
          ]
        },
        {
          "over": 11,
          "deliveries": [
            {
              "batter": "DJ Bravo",
              "bowler": "T Shamsi",
              "non_striker": "AL Phehlukwayo",
              "runs": {
                "batter": 0,
                "extras": 0,
                "total": 0
              }
            },
            {
              "batter": "DJ Bravo",
              "bowler": "T Shamsi",
              "non_striker": "AL Phehlukwayo",
              "runs": {
                "batter": 0,
                "extras": 0,
                "total": 0
              }
            },
            {
              "batter": "DJ Bravo",
              "bowler": "T Shamsi",
              "non_striker": "AL Phehlukwayo",
              "runs": {
                "batter": 2,
                "extras": 0,
                "total": 2
              }
            },
            {
              "batter": "DJ Bravo",
              "bowler": "T Shamsi",
              "non_striker": "AL Phehlukwayo",
              "runs": {
                "batter": 0,
                "extras": 0,
                "total": 0
              }
            },
            {
              "batter": "DJ Bravo",
              "bowler": "T Shamsi",
              "non_striker": "AL Phehlukwayo",
              "runs": {
                "batter": 1,
                "extras": 0,
                "total": 1
              }
            },
            {
              "batter": "AL Phehlukwayo",
              "bowler": "T Shamsi",
              "non_striker": "DJ Bravo",
              "runs": {
                "batter": 0,
                "extras": 0,
                "total": 0
              }
            }
          ]
        },
        {
          "over": 12,
          "deliveries": [
            {
              "batter": "DJ Bravo",
              "bowler": "D Wiese",
              "non_striker": "AL Phehlukwayo",
              "runs": {
                "batter": 4,
                "extras": 0,
                "total": 4
              }
            },
            {
              "batter": "DJ Bravo",
              "bowler": "D Wiese",
              "non_striker": "AL Phehlukwayo",
              "runs": {
                "batter": 4,
                "extras": 0,
                "total": 4
              }
            },
            {
              "batter": "DJ Bravo",
              "bowler": "D Wiese",
              "non_striker": "AL Phehlukwayo",
              "runs": {
                "batter": 1,
                "extras": 0,
                "total": 1
              }
            },
            {
              "batter": "AL Phehlukwayo",
              "bowler": "D Wiese",
              "non_striker": "DJ Bravo",
              "runs": {
                "batter": 0,
                "extras": 0,
                "total": 0
              },
              "wickets": [
                {
                  "player_out": "AL Phehlukwayo",
                  "fielders": [
                    {
                      "name": "Q de Kock"
                    }
                  ],
                  "kind": "caught"
                }
              ]
            },
            {
              "batter": "KA Maharaj",
              "bowler": "D Wiese",
              "non_striker": "DJ Bravo",
              "runs": {
                "batter": 1,
                "extras": 0,
                "total": 1
              }
            },
            {
              "batter": "DJ Bravo",
              "bowler": "D Wiese",
              "non_striker": "KA Maharaj",
              "runs": {
                "batter": 3,
                "extras": 0,
                "total": 3
              }
            }
          ]
        },
        {
          "over": 13,
          "deliveries": [
            {
              "batter": "DJ Bravo",
              "bowler": "T Shamsi",
              "non_striker": "KA Maharaj",
              "runs": {
                "batter": 0,
                "extras": 0,
                "total": 0
              }
            },
            {
              "batter": "DJ Bravo",
              "bowler": "T Shamsi",
              "non_striker": "KA Maharaj",
              "runs": {
                "batter": 1,
                "extras": 0,
                "total": 1
              }
            },
            {
              "batter": "KA Maharaj",
              "bowler": "T Shamsi",
              "non_striker": "DJ Bravo",
              "runs": {
                "batter": 0,
                "extras": 0,
                "total": 0
              }
            },
            {
              "batter": "KA Maharaj",
              "bowler": "T Shamsi",
              "non_striker": "DJ Bravo",
              "runs": {
                "batter": 0,
                "extras": 0,
                "total": 0
              }
            },
            {
              "batter": "KA Maharaj",
              "bowler": "T Shamsi",
              "non_striker": "DJ Bravo",
              "runs": {
                "batter": 0,
                "extras": 0,
                "total": 0
              }
            },
            {
              "batter": "KA Maharaj",
              "bowler": "T Shamsi",
              "non_striker": "DJ Bravo",
              "runs": {
                "batter": 1,
                "extras": 0,
                "total": 1
              }
            }
          ]
        },
        {
          "over": 14,
          "deliveries": [
            {
              "batter": "KA Maharaj",
              "bowler": "CH Morris",
              "non_striker": "DJ Bravo",
              "runs": {
                "batter": 1,
                "extras": 0,
                "total": 1
              }
            },
            {
              "batter": "DJ Bravo",
              "bowler": "CH Morris",
              "non_striker": "KA Maharaj",
              "runs": {
                "batter": 0,
                "extras": 0,
                "total": 0
              }
            },
            {
              "batter": "DJ Bravo",
              "bowler": "CH Morris",
              "non_striker": "KA Maharaj",
              "runs": {
                "batter": 0,
                "extras": 0,
                "total": 0
              },
              "wickets": [
                {
                  "player_out": "DJ Bravo",
                  "fielders": [
                    {
                      "name": "Q de Kock"
                    }
                  ],
                  "kind": "caught"
                }
              ]
            },
            {
              "batter": "CJ Alexander",
              "bowler": "CH Morris",
              "non_striker": "KA Maharaj",
              "runs": {
                "batter": 0,
                "extras": 0,
                "total": 0
              }
            },
            {
              "batter": "CJ Alexander",
              "bowler": "CH Morris",
              "non_striker": "KA Maharaj",
              "runs": {
                "batter": 0,
                "extras": 0,
                "total": 0
              },
              "wickets": [
                {
                  "player_out": "CJ Alexander",
                  "kind": "bowled"
                }
              ]
            },
            {
              "batter": "A Myoli",
              "bowler": "CH Morris",
              "non_striker": "KA Maharaj",
              "runs": {
                "batter": 0,
                "extras": 0,
                "total": 0
              }
            }
          ]
        },
        {
          "over": 15,
          "deliveries": [
            {
              "batter": "KA Maharaj",
              "bowler": "CJ Dala",
              "non_striker": "A Myoli",
              "runs": {
                "batter": 0,
                "extras": 0,
                "total": 0
              }
            },
            {
              "batter": "KA Maharaj",
              "bowler": "CJ Dala",
              "extras": {
                "wides": 1
              },
              "non_striker": "A Myoli",
              "runs": {
                "batter": 0,
                "extras": 1,
                "total": 1
              }
            },
            {
              "batter": "KA Maharaj",
              "bowler": "CJ Dala",
              "non_striker": "A Myoli",
              "runs": {
                "batter": 1,
                "extras": 0,
                "total": 1
              }
            },
            {
              "batter": "A Myoli",
              "bowler": "CJ Dala",
              "non_striker": "KA Maharaj",
              "runs": {
                "batter": 1,
                "extras": 0,
                "total": 1
              }
            },
            {
              "batter": "KA Maharaj",
              "bowler": "CJ Dala",
              "non_striker": "A Myoli",
              "runs": {
                "batter": 0,
                "extras": 0,
                "total": 0
              },
              "wickets": [
                {
                  "player_out": "KA Maharaj",
                  "fielders": [
                    {
                      "name": "D Wiese"
                    }
                  ],
                  "kind": "caught"
                }
              ]
            }
          ]
        }
      ],
      "powerplays": [
        {
          "from": 0.1,
          "to": 5.6,
          "type": "mandatory"
        }
      ],
      "target": {
        "overs": 20,
        "runs": 137
      }
    }
  ]
}