{
  "meta": {
    "data_version": "1.0.0",
    "created": "2016-10-03",
    "revision": 1
  },
  "info": {
    "balls_per_over": 6,
    "city": "Nairobi",
    "dates": [
      "2016-09-27"
    ],
    "event": {
      "match_number": 3,
      "name": "Kenya T20 Quadrangular Series"
    },
    "gender": "male",
    "match_type": "IT20",
    "missing": [
      "player_of_match"
    ],
    "officials": {
      "umpires": [
        "PM Musoke",
        "W Trenk"
      ]
    },
    "outcome": {
      "by": {
        "runs": 39
      },
      "winner": "Saudi Arabia"
    },
    "overs": 20,
    "players": {
      "Kenya": [
        "IA Karim",
        "DM Gondaria",
        "RN Patel",
        "RR Patel",
        "CO Obuya",
        "K Kaul",
        "Gurdeep Singh",
        "NM Odhiambo",
        "SO Ngoche",
        "NN Odhiambo",
        "E Ochieng"
      ],
      "Saudi Arabia": [
        "Abdul Waheed",
        "Inayat Saeed",
        "Muhammad Abbasi",
        "Muzaffar Mujeed",
        "Shanawaz Khan",
        "Afzal Saleem",
        "Gulam Mustafa",
        "Ibrarul Haq",
        "Imran Azam",
        "Roheel Shamus",
        "Waqas Akram"
      ]
    },
    "registry": {
      "people": {
        "Abdul Waheed": "23fa9ea9",
        "Afzal Saleem": "746fd7bf",
        "CO Obuya": "5680f1ad",
        "DM Gondaria": "9048c17e",
        "E Ochieng": "b64e3749",
        "Gulam Mustafa": "05978f8d",
        "Gurdeep Singh": "31865a5b",
        "IA Karim": "ca92a578",
        "Ibrarul Haq": "119007ef",
        "Imran Azam": "8a6602c4",
        "Inayat Saeed": "1ce56cb2",
        "K Kaul": "8a369727",
        "Muhammad Abbasi": "08f04bc3",
        "Muzaffar Mujeed": "382ca816",
        "NM Odhiambo": "c07a1f41",
        "NN Odhiambo": "753b5a2d",
        "PM Musoke": "dbe27ac1",
        "RN Patel": "db1bf9c2",
        "RR Patel": "7fa6bd8e",
        "Roheel Shamus": "5539605a",
        "SO Ngoche": "49118dc7",
        "Shanawaz Khan": "7e461ed2",
        "W Trenk": "e32a4ceb",
        "Waqas Akram": "e29e7278"
      }
    },
    "season": 2016,
    "team_type": "international",
    "teams": [
      "Kenya",
      "Saudi Arabia"
    ],
    "toss": {
      "decision": "field",
      "winner": "Kenya"
    },
    "venue": "Gymkhana Club Ground"
  },
  "innings": [
    {
      "team": "Saudi Arabia",
      "overs": [
        {
          "over": 0,
          "deliveries": [
            {
              "batter": "Abdul Waheed",
              "bowler": "NN Odhiambo",
              "non_striker": "Inayat Saeed",
              "runs": {
                "batter": 2,
                "extras": 0,
                "total": 2
              },
              "wickets": [
                {
                  "kind": "run out",
                  "player_out": "Inayat Saeed",
                  "fielders": [
                    {
                      "name": "NN Odhiambo"
                    }
                  ]
                }
              ]
            },
            {
              "batter": "Abdul Waheed",
              "bowler": "NN Odhiambo",
              "non_striker": "Muhammad Abbasi",
              "runs": {
                "batter": 0,
                "extras": 0,
                "total": 0
              }
            },
            {
              "batter": "Abdul Waheed",
              "bowler": "NN Odhiambo",
              "non_striker": "Muhammad Abbasi",
              "runs": {
                "batter": 4,
                "extras": 0,
                "total": 4
              }
            },
            {
              "batter": "Abdul Waheed",
              "bowler": "NN Odhiambo",
              "non_striker": "Muhammad Abbasi",
              "runs": {
                "batter": 1,
                "extras": 0,
                "total": 1
              }
            },
            {
              "batter": "Muhammad Abbasi",
              "bowler": "NN Odhiambo",
              "non_striker": "Abdul Waheed",
              "runs": {
                "batter": 0,
                "extras": 0,
                "total": 0
              }
            },
            {
              "batter": "Muhammad Abbasi",
              "bowler": "NN Odhiambo",
              "non_striker": "Abdul Waheed",
              "runs": {
                "batter": 1,
                "extras": 0,
                "total": 1
              }
            }
          ]
        },
        {
          "over": 1,
          "deliveries": [
            {
              "batter": "Muhammad Abbasi",
              "bowler": "SO Ngoche",
              "non_striker": "Abdul Waheed",
              "runs": {
                "batter": 0,
                "extras": 0,
                "total": 0
              },
              "wickets": [
                {
                  "kind": "caught",
                  "player_out": "Muhammad Abbasi",
                  "fielders": [
                    {
                      "name": "CO Obuya"
                    }
                  ]
                }
              ]
            },
            {
              "batter": "Muzaffar Mujeed",
              "bowler": "SO Ngoche",
              "non_striker": "Abdul Waheed",
              "runs": {
                "batter": 0,
                "extras": 0,
                "total": 0
              }
            },
            {
              "batter": "Muzaffar Mujeed",
              "bowler": "SO Ngoche",
              "non_striker": "Abdul Waheed",
              "runs": {
                "batter": 0,
                "extras": 0,
                "total": 0
              }
            },
            {
              "batter": "Muzaffar Mujeed",
              "bowler": "SO Ngoche",
              "non_striker": "Abdul Waheed",
              "runs": {
                "batter": 1,
                "extras": 0,
                "total": 1
              }
            },
            {
              "batter": "Abdul Waheed",
              "bowler": "SO Ngoche",
              "non_striker": "Muzaffar Mujeed",
              "runs": {
                "batter": 1,
                "extras": 0,
                "total": 1
              }
            },
            {
              "batter": "Muzaffar Mujeed",
              "bowler": "SO Ngoche",
              "non_striker": "Abdul Waheed",
              "runs": {
                "batter": 1,
                "extras": 0,
                "total": 1
              }
            }
          ]
        },
        {
          "over": 2,
          "deliveries": [
            {
              "batter": "Muzaffar Mujeed",
              "bowler": "NN Odhiambo",
              "non_striker": "Abdul Waheed",
              "runs": {
                "batter": 0,
                "extras": 0,
                "total": 0
              }
            },
            {
              "batter": "Muzaffar Mujeed",
              "bowler": "NN Odhiambo",
              "non_striker": "Abdul Waheed",
              "runs": {
                "batter": 2,
                "extras": 0,
                "total": 2
              }
            },
            {
              "batter": "Muzaffar Mujeed",
              "bowler": "NN Odhiambo",
              "non_striker": "Abdul Waheed",
              "runs": {
                "batter": 4,
                "extras": 0,
                "total": 4
              }
            },
            {
              "batter": "Muzaffar Mujeed",
              "bowler": "NN Odhiambo",
              "non_striker": "Abdul Waheed",
              "runs": {
                "batter": 0,
                "extras": 0,
                "total": 0
              }
            },
            {
              "batter": "Muzaffar Mujeed",
              "bowler": "NN Odhiambo",
              "non_striker": "Abdul Waheed",
              "runs": {
                "batter": 4,
                "extras": 0,
                "total": 4
              }
            },
            {
              "batter": "Muzaffar Mujeed",
              "bowler": "NN Odhiambo",
              "non_striker": "Abdul Waheed",
              "runs": {
                "batter": 0,
                "extras": 0,
                "total": 0
              }
            }
          ]
        },
        {
          "over": 3,
          "deliveries": [
            {
              "batter": "Abdul Waheed",
              "bowler": "E Ochieng",
              "non_striker": "Muzaffar Mujeed",
              "runs": {
                "batter": 0,
                "extras": 0,
                "total": 0
              }
            },
            {
              "batter": "Abdul Waheed",
              "bowler": "E Ochieng",
              "non_striker": "Muzaffar Mujeed",
              "runs": {
                "batter": 0,
                "extras": 0,
                "total": 0
              }
            },
            {
              "batter": "Abdul Waheed",
              "bowler": "E Ochieng",
              "non_striker": "Muzaffar Mujeed",
              "runs": {
                "batter": 0,
                "extras": 0,
                "total": 0
              }
            },
            {
              "batter": "Abdul Waheed",
              "bowler": "E Ochieng",
              "non_striker": "Muzaffar Mujeed",
              "runs": {
                "batter": 2,
                "extras": 0,
                "total": 2
              }
            },
            {
              "batter": "Abdul Waheed",
              "bowler": "E Ochieng",
              "non_striker": "Muzaffar Mujeed",
              "runs": {
                "batter": 6,
                "extras": 0,
                "total": 6
              }
            },
            {
              "batter": "Abdul Waheed",
              "bowler": "E Ochieng",
              "non_striker": "Muzaffar Mujeed",
              "runs": {
                "batter": 2,
                "extras": 0,
                "total": 2
              }
            }
          ]
        },
        {
          "over": 4,
          "deliveries": [
            {
              "batter": "Muzaffar Mujeed",
              "bowler": "DM Gondaria",
              "non_striker": "Abdul Waheed",
              "runs": {
                "batter": 0,
                "extras": 0,
                "total": 0
              }
            },
            {
              "batter": "Muzaffar Mujeed",
              "bowler": "DM Gondaria",
              "non_striker": "Abdul Waheed",
              "runs": {
                "batter": 4,
                "extras": 0,
                "total": 4
              }
            },
            {
              "batter": "Muzaffar Mujeed",
              "bowler": "DM Gondaria",
              "non_striker": "Abdul Waheed",
              "runs": {
                "batter": 0,
                "extras": 0,
                "total": 0
              },
              "wickets": [
                {
                  "kind": "caught",
                  "player_out": "Muzaffar Mujeed",
                  "fielders": [
                    {
                      "name": "NN Odhiambo"
                    }
                  ]
                }
              ]
            },
            {
              "batter": "Abdul Waheed",
              "bowler": "DM Gondaria",
              "non_striker": "Shanawaz Khan",
              "runs": {
                "batter": 0,
                "extras": 0,
                "total": 0
              }
            },
            {
              "batter": "Abdul Waheed",
              "bowler": "DM Gondaria",
              "extras": {
                "wides": 1
              },
              "non_striker": "Shanawaz Khan",
              "runs": {
                "batter": 0,
                "extras": 1,
                "total": 1
              }
            },
            {
              "batter": "Abdul Waheed",
              "bowler": "DM Gondaria",
              "non_striker": "Shanawaz Khan",
              "runs": {
                "batter": 0,
                "extras": 0,
                "total": 0
              }
            },
            {
              "batter": "Abdul Waheed",
              "bowler": "DM Gondaria",
              "non_striker": "Shanawaz Khan",
              "runs": {
                "batter": 0,
                "extras": 0,
                "total": 0
              }
            }
          ]
        },
        {
          "over": 5,
          "deliveries": [
            {
              "batter": "Shanawaz Khan",
              "bowler": "NM Odhiambo",
              "non_striker": "Abdul Waheed",
              "runs": {
                "batter": 0,
                "extras": 0,
                "total": 0
              }
            },
            {
              "batter": "Shanawaz Khan",
              "bowler": "NM Odhiambo",
              "non_striker": "Abdul Waheed",
              "runs": {
                "batter": 0,
                "extras": 0,
                "total": 0
              }
            },
            {
              "batter": "Shanawaz Khan",
              "bowler": "NM Odhiambo",
              "non_striker": "Abdul Waheed",
              "runs": {
                "batter": 1,
                "extras": 0,
                "total": 1
              }
            },
            {
              "batter": "Abdul Waheed",
              "bowler": "NM Odhiambo",
              "non_striker": "Shanawaz Khan",
              "runs": {
                "batter": 0,
                "extras": 0,
                "total": 0
              },
              "wickets": [
                {
                  "kind": "bowled",
                  "player_out": "Abdul Waheed"
                }
              ]
            },
            {
              "batter": "Afzal Saleem",
              "bowler": "NM Odhiambo",
              "non_striker": "Shanawaz Khan",
              "runs": {
                "batter": 0,
                "extras": 0,
                "total": 0
              }
            },
            {
              "batter": "Afzal Saleem",
              "bowler": "NM Odhiambo",
              "non_striker": "Shanawaz Khan",
              "runs": {
                "batter": 1,
                "extras": 0,
                "total": 1
              }
            }
          ]
        },
        {
          "over": 6,
          "deliveries": [
            {
              "batter": "Afzal Saleem",
              "bowler": "DM Gondaria",
              "non_striker": "Shanawaz Khan",
              "runs": {
                "batter": 0,
                "extras": 0,
                "total": 0
              }
            },
            {
              "batter": "Afzal Saleem",
              "bowler": "DM Gondaria",
              "non_striker": "Shanawaz Khan",
              "runs": {
                "batter": 0,
                "extras": 0,
                "total": 0
              }
            },
            {
              "batter": "Afzal Saleem",
              "bowler": "DM Gondaria",
              "non_striker": "Shanawaz Khan",
              "runs": {
                "batter": 0,
                "extras": 0,
                "total": 0
              }
            },
            {
              "batter": "Afzal Saleem",
              "bowler": "DM Gondaria",
              "non_striker": "Shanawaz Khan",
              "runs": {
                "batter": 1,
                "extras": 0,
                "total": 1
              }
            },
            {
              "batter": "Shanawaz Khan",
              "bowler": "DM Gondaria",
              "non_striker": "Afzal Saleem",
              "runs": {
                "batter": 4,
                "extras": 0,
                "total": 4
              }
            },
            {
              "batter": "Shanawaz Khan",
              "bowler": "DM Gondaria",
              "non_striker": "Afzal Saleem",
              "runs": {
                "batter": 0,
                "extras": 0,
                "total": 0
              }
            }
          ]
        },
        {
          "over": 7,
          "deliveries": [
            {
              "batter": "Afzal Saleem",
              "bowler": "NM Odhiambo",
              "non_striker": "Shanawaz Khan",
              "runs": {
                "batter": 2,
                "extras": 0,
                "total": 2
              }
            },
            {
              "batter": "Afzal Saleem",
              "bowler": "NM Odhiambo",
              "non_striker": "Shanawaz Khan",
              "runs": {
                "batter": 0,
                "extras": 0,
                "total": 0
              }
            },
            {
              "batter": "Afzal Saleem",
              "bowler": "NM Odhiambo",
              "non_striker": "Shanawaz Khan",
              "runs": {
                "batter": 2,
                "extras": 0,
                "total": 2
              }
            },
            {
              "batter": "Afzal Saleem",
              "bowler": "NM Odhiambo",
              "non_striker": "Shanawaz Khan",
              "runs": {
                "batter": 1,
                "extras": 0,
                "total": 1
              }
            },
            {
              "batter": "Shanawaz Khan",
              "bowler": "NM Odhiambo",
              "non_striker": "Afzal Saleem",
              "runs": {
                "batter": 0,
                "extras": 0,
                "total": 0
              }
            },
            {
              "batter": "Shanawaz Khan",
              "bowler": "NM Odhiambo",
              "non_striker": "Afzal Saleem",
              "runs": {
                "batter": 1,
                "extras": 0,
                "total": 1
              }
            }
          ]
        },
        {
          "over": 8,
          "deliveries": [
            {
              "batter": "Shanawaz Khan",
              "bowler": "DM Gondaria",
              "non_striker": "Afzal Saleem",
              "runs": {
                "batter": 1,
                "extras": 0,
                "total": 1
              }
            },
            {
              "batter": "Afzal Saleem",
              "bowler": "DM Gondaria",
              "non_striker": "Shanawaz Khan",
              "runs": {
                "batter": 1,
                "extras": 0,
                "total": 1
              }
            },
            {
              "batter": "Shanawaz Khan",
              "bowler": "DM Gondaria",
              "non_striker": "Afzal Saleem",
              "runs": {
                "batter": 0,
                "extras": 0,
                "total": 0
              }
            },
            {
              "batter": "Shanawaz Khan",
              "bowler": "DM Gondaria",
              "non_striker": "Afzal Saleem",
              "runs": {
                "batter": 0,
                "extras": 0,
                "total": 0
              }
            },
            {
              "batter": "Shanawaz Khan",
              "bowler": "DM Gondaria",
              "non_striker": "Afzal Saleem",
              "runs": {
                "batter": 0,
                "extras": 0,
                "total": 0
              }
            },
            {
              "batter": "Shanawaz Khan",
              "bowler": "DM Gondaria",
              "non_striker": "Afzal Saleem",
              "runs": {
                "batter": 0,
                "extras": 0,
                "total": 0
              }
            }
          ]
        },
        {
          "over": 9,
          "deliveries": [
            {
              "batter": "Afzal Saleem",
              "bowler": "SO Ngoche",
              "non_striker": "Shanawaz Khan",
              "runs": {
                "batter": 1,
                "extras": 0,
                "total": 1
              }
            },
            {
              "batter": "Shanawaz Khan",
              "bowler": "SO Ngoche",
              "non_striker": "Afzal Saleem",
              "runs": {
                "batter": 1,
                "extras": 0,
                "total": 1
              }
            },
            {
              "batter": "Afzal Saleem",
              "bowler": "SO Ngoche",
              "non_striker": "Shanawaz Khan",
              "runs": {
                "batter": 1,
                "extras": 0,
                "total": 1
              }
            },
            {
              "batter": "Shanawaz Khan",
              "bowler": "SO Ngoche",
              "non_striker": "Afzal Saleem",
              "runs": {
                "batter": 0,
                "extras": 0,
                "total": 0
              }
            },
            {
              "batter": "Shanawaz Khan",
              "bowler": "SO Ngoche",
              "non_striker": "Afzal Saleem",
              "runs": {
                "batter": 2,
                "extras": 0,
                "total": 2
              }
            },
            {
              "batter": "Shanawaz Khan",
              "bowler": "SO Ngoche",
              "non_striker": "Afzal Saleem",
              "runs": {
                "batter": 0,
                "extras": 0,
                "total": 0
              }
            }
          ]
        },
        {
          "over": 10,
          "deliveries": [
            {
              "batter": "Afzal Saleem",
              "bowler": "DM Gondaria",
              "non_striker": "Shanawaz Khan",
              "runs": {
                "batter": 1,
                "extras": 0,
                "total": 1
              }
            },
            {
              "batter": "Shanawaz Khan",
              "bowler": "DM Gondaria",
              "non_striker": "Afzal Saleem",
              "runs": {
                "batter": 6,
                "extras": 0,
                "total": 6
              }
            },
            {
              "batter": "Shanawaz Khan",
              "bowler": "DM Gondaria",
              "non_striker": "Afzal Saleem",
              "runs": {
                "batter": 0,
                "extras": 0,
                "total": 0
              }
            },
            {
              "batter": "Shanawaz Khan",
              "bowler": "DM Gondaria",
              "non_striker": "Afzal Saleem",
              "runs": {
                "batter": 0,
                "extras": 0,
                "total": 0
              }
            },
            {
              "batter": "Shanawaz Khan",
              "bowler": "DM Gondaria",
              "non_striker": "Afzal Saleem",
              "runs": {
                "batter": 2,
                "extras": 0,
                "total": 2
              }
            },
            {
              "batter": "Shanawaz Khan",
              "bowler": "DM Gondaria",
              "non_striker": "Afzal Saleem",
              "runs": {
                "batter": 0,
                "extras": 0,
                "total": 0
              }
            }
          ]
        },
        {
          "over": 11,
          "deliveries": [
            {
              "batter": "Afzal Saleem",
              "bowler": "SO Ngoche",
              "non_striker": "Shanawaz Khan",
              "runs": {
                "batter": 0,
                "extras": 0,
                "total": 0
              }
            },
            {
              "batter": "Afzal Saleem",
              "bowler": "SO Ngoche",
              "extras": {
                "legbyes": 1
              },
              "non_striker": "Shanawaz Khan",
              "runs": {
                "batter": 0,
                "extras": 1,
                "total": 1
              }
            },
            {
              "batter": "Shanawaz Khan",
              "bowler": "SO Ngoche",
              "non_striker": "Afzal Saleem",
              "runs": {
                "batter": 2,
                "extras": 0,
                "total": 2
              }
            },
            {
              "batter": "Shanawaz Khan",
              "bowler": "SO Ngoche",
              "non_striker": "Afzal Saleem",
              "runs": {
                "batter": 0,
                "extras": 0,
                "total": 0
              },
              "wickets": [
                {
                  "kind": "caught",
                  "player_out": "Shanawaz Khan",
                  "fielders": [
                    {
                      "name": "E Ochieng"
                    }
                  ]
                }
              ]
            },
            {
              "batter": "Gulam Mustafa",
              "bowler": "SO Ngoche",
              "non_striker": "Afzal Saleem",
              "runs": {
                "batter": 0,
                "extras": 0,
                "total": 0
              }
            },
            {
              "batter": "Gulam Mustafa",
              "bowler": "SO Ngoche",
              "non_striker": "Afzal Saleem",
              "runs": {
                "batter": 1,
                "extras": 0,
                "total": 1
              }
            }
          ]
        },
        {
          "over": 12,
          "deliveries": [
            {
              "batter": "Gulam Mustafa",
              "bowler": "E Ochieng",
              "non_striker": "Afzal Saleem",
              "runs": {
                "batter": 0,
                "extras": 0,
                "total": 0
              }
            },
            {
              "batter": "Gulam Mustafa",
              "bowler": "E Ochieng",
              "non_striker": "Afzal Saleem",
              "runs": {
                "batter": 1,
                "extras": 0,
                "total": 1
              }
            },
            {
              "batter": "Afzal Saleem",
              "bowler": "E Ochieng",
              "non_striker": "Gulam Mustafa",
              "runs": {
                "batter": 1,
                "extras": 0,
                "total": 1
              }
            },
            {
              "batter": "Gulam Mustafa",
              "bowler": "E Ochieng",
              "non_striker": "Afzal Saleem",
              "runs": {
                "batter": 1,
                "extras": 0,
                "total": 1
              }
            },
            {
              "batter": "Afzal Saleem",
              "bowler": "E Ochieng",
              "non_striker": "Gulam Mustafa",
              "runs": {
                "batter": 1,
                "extras": 0,
                "total": 1
              }
            },
            {
              "batter": "Gulam Mustafa",
              "bowler": "E Ochieng",
              "non_striker": "Afzal Saleem",
              "runs": {
                "batter": 1,
                "extras": 0,
                "total": 1
              }
            }
          ]
        },
        {
          "over": 13,
          "deliveries": [
            {
              "batter": "Gulam Mustafa",
              "bowler": "SO Ngoche",
              "non_striker": "Afzal Saleem",
              "runs": {
                "batter": 0,
                "extras": 0,
                "total": 0
              }
            },
            {
              "batter": "Gulam Mustafa",
              "bowler": "SO Ngoche",
              "non_striker": "Afzal Saleem",
              "runs": {
                "batter": 2,
                "extras": 0,
                "total": 2
              }
            },
            {
              "batter": "Gulam Mustafa",
              "bowler": "SO Ngoche",
              "non_striker": "Afzal Saleem",
              "runs": {
                "batter": 0,
                "extras": 0,
                "total": 0
              }
            },
            {
              "batter": "Gulam Mustafa",
              "bowler": "SO Ngoche",
              "non_striker": "Afzal Saleem",
              "runs": {
                "batter": 1,
                "extras": 0,
                "total": 1
              }
            },
            {
              "batter": "Afzal Saleem",
              "bowler": "SO Ngoche",
              "non_striker": "Gulam Mustafa",
              "runs": {
                "batter": 0,
                "extras": 0,
                "total": 0
              }
            },
            {
              "batter": "Afzal Saleem",
              "bowler": "SO Ngoche",
              "non_striker": "Gulam Mustafa",
              "runs": {
                "batter": 1,
                "extras": 0,
                "total": 1
              }
            }
          ]
        },
        {
          "over": 14,
          "deliveries": [
            {
              "batter": "Afzal Saleem",
              "bowler": "E Ochieng",
              "non_striker": "Gulam Mustafa",
              "runs": {
                "batter": 1,
                "extras": 0,
                "total": 1
              }
            },
            {
              "batter": "Gulam Mustafa",
              "bowler": "E Ochieng",
              "non_striker": "Afzal Saleem",
              "runs": {
                "batter": 1,
                "extras": 0,
                "total": 1
              }
            },
            {
              "batter": "Afzal Saleem",
              "bowler": "E Ochieng",
              "non_striker": "Gulam Mustafa",
              "runs": {
                "batter": 0,
                "extras": 0,
                "total": 0
              }
            },
            {
              "batter": "Afzal Saleem",
              "bowler": "E Ochieng",
              "non_striker": "Gulam Mustafa",
              "runs": {
                "batter": 1,
                "extras": 0,
                "total": 1
              }
            },
            {
              "batter": "Gulam Mustafa",
              "bowler": "E Ochieng",
              "non_striker": "Afzal Saleem",
              "runs": {
                "batter": 1,
                "extras": 0,
                "total": 1
              }
            },
            {
              "batter": "Afzal Saleem",
              "bowler": "E Ochieng",
              "non_striker": "Gulam Mustafa",
              "runs": {
                "batter": 1,
                "extras": 0,
                "total": 1
              }
            }
          ]
        },
        {
          "over": 15,
          "deliveries": [
            {
              "batter": "Afzal Saleem",
              "bowler": "RR Patel",
              "non_striker": "Gulam Mustafa",
              "runs": {
                "batter": 0,
                "extras": 0,
                "total": 0
              }
            },
            {
              "batter": "Afzal Saleem",
              "bowler": "RR Patel",
              "non_striker": "Gulam Mustafa",
              "runs": {
                "batter": 1,
                "extras": 0,
                "total": 1
              }
            },
            {
              "batter": "Gulam Mustafa",
              "bowler": "RR Patel",
              "non_striker": "Afzal Saleem",
              "runs": {
                "batter": 4,
                "extras": 0,
                "total": 4
              }
            },
            {
              "batter": "Gulam Mustafa",
              "bowler": "RR Patel",
              "non_striker": "Afzal Saleem",
              "runs": {
                "batter": 1,
                "extras": 0,
                "total": 1
              }
            },
            {
              "batter": "Afzal Saleem",
              "bowler": "RR Patel",
              "extras": {
                "legbyes": 1
              },
              "non_striker": "Gulam Mustafa",
              "runs": {
                "batter": 0,
                "extras": 1,
                "total": 1
              }
            },
            {
              "batter": "Gulam Mustafa",
              "bowler": "RR Patel",
              "non_striker": "Afzal Saleem",
              "runs": {
                "batter": 6,
                "extras": 0,
                "total": 6
              }
            }
          ]
        },
        {
          "over": 16,
          "deliveries": [
            {
              "batter": "Afzal Saleem",
              "bowler": "NM Odhiambo",
              "non_striker": "Gulam Mustafa",
              "runs": {
                "batter": 6,
                "extras": 0,
                "total": 6
              }
            },
            {
              "batter": "Afzal Saleem",
              "bowler": "NM Odhiambo",
              "non_striker": "Gulam Mustafa",
              "runs": {
                "batter": 2,
                "extras": 0,
                "total": 2
              }
            },
            {
              "batter": "Afzal Saleem",
              "bowler": "NM Odhiambo",
              "non_striker": "Gulam Mustafa",
              "runs": {
                "batter": 1,
                "extras": 0,
                "total": 1
              }
            },
            {
              "batter": "Gulam Mustafa",
              "bowler": "NM Odhiambo",
              "non_striker": "Afzal Saleem",
              "runs": {
                "batter": 0,
                "extras": 0,
                "total": 0
              }
            },
            {
              "batter": "Gulam Mustafa",
              "bowler": "NM Odhiambo",
              "non_striker": "Afzal Saleem",
              "runs": {
                "batter": 3,
                "extras": 0,
                "total": 3
              }
            },
            {
              "batter": "Afzal Saleem",
              "bowler": "NM Odhiambo",
              "non_striker": "Gulam Mustafa",
              "runs": {
                "batter": 1,
                "extras": 0,
                "total": 1
              }
            }
          ]
        },
        {
          "over": 17,
          "deliveries": [
            {
              "batter": "Afzal Saleem",
              "bowler": "NN Odhiambo",
              "non_striker": "Gulam Mustafa",
              "runs": {
                "batter": 0,
                "extras": 0,
                "total": 0
              }
            },
            {
              "batter": "Afzal Saleem",
              "bowler": "NN Odhiambo",
              "non_striker": "Gulam Mustafa",
              "runs": {
                "batter": 1,
                "extras": 0,
                "total": 1
              }
            },
            {
              "batter": "Gulam Mustafa",
              "bowler": "NN Odhiambo",
              "non_striker": "Afzal Saleem",
              "runs": {
                "batter": 0,
                "extras": 0,
                "total": 0
              }
            },
            {
              "batter": "Gulam Mustafa",
              "bowler": "NN Odhiambo",
              "non_striker": "Afzal Saleem",
              "runs": {
                "batter": 1,
                "extras": 0,
                "total": 1
              }
            },
            {
              "batter": "Afzal Saleem",
              "bowler": "NN Odhiambo",
              "non_striker": "Gulam Mustafa",
              "runs": {
                "batter": 1,
                "extras": 0,
                "total": 1
              }
            },
            {
              "batter": "Gulam Mustafa",
              "bowler": "NN Odhiambo",
              "non_striker": "Afzal Saleem",
              "runs": {
                "batter": 0,
                "extras": 0,
                "total": 0
              }
            }
          ]
        },
        {
          "over": 18,
          "deliveries": [
            {
              "batter": "Afzal Saleem",
              "bowler": "NM Odhiambo",
              "non_striker": "Gulam Mustafa",
              "runs": {
                "batter": 2,
                "extras": 0,
                "total": 2
              }
            },
            {
              "batter": "Afzal Saleem",
              "bowler": "NM Odhiambo",
              "non_striker": "Gulam Mustafa",
              "runs": {
                "batter": 0,
                "extras": 0,
                "total": 0
              },
              "wickets": [
                {
                  "kind": "bowled",
                  "player_out": "Afzal Saleem"
                }
              ]
            },
            {
              "batter": "Ibrarul Haq",
              "bowler": "NM Odhiambo",
              "non_striker": "Gulam Mustafa",
              "runs": {
                "batter": 0,
                "extras": 0,
                "total": 0
              },
              "wickets": [
                {
                  "kind": "bowled",
                  "player_out": "Ibrarul Haq"
                }
              ]
            },
            {
              "batter": "Imran Azam",
              "bowler": "NM Odhiambo",
              "non_striker": "Gulam Mustafa",
              "runs": {
                "batter": 1,
                "extras": 0,
                "total": 1
              }
            },
            {
              "batter": "Gulam Mustafa",
              "bowler": "NM Odhiambo",
              "non_striker": "Imran Azam",
              "runs": {
                "batter": 2,
                "extras": 0,
                "total": 2
              }
            },
            {
              "batter": "Gulam Mustafa",
              "bowler": "NM Odhiambo",
              "non_striker": "Imran Azam",
              "runs": {
                "batter": 0,
                "extras": 0,
                "total": 0
              },
              "wickets": [
                {
                  "kind": "run out",
                  "player_out": "Gulam Mustafa",
                  "fielders": [
                    {
                      "name": "NM Odhiambo"
                    }
                  ]
                }
              ]
            }
          ]
        },
        {
          "over": 19,
          "deliveries": [
            {
              "batter": "Roheel Shamus",
              "bowler": "NN Odhiambo",
              "non_striker": "Imran Azam",
              "runs": {
                "batter": 1,
                "extras": 0,
                "total": 1
              }
            },
            {
              "batter": "Imran Azam",
              "bowler": "NN Odhiambo",
              "extras": {
                "wides": 1
              },
              "non_striker": "Roheel Shamus",
              "runs": {
                "batter": 0,
                "extras": 1,
                "total": 1
              }
            },
            {
              "batter": "Imran Azam",
              "bowler": "NN Odhiambo",
              "non_striker": "Roheel Shamus",
              "runs": {
                "batter": 1,
                "extras": 0,
                "total": 1
              }
            },
            {
              "batter": "Roheel Shamus",
              "bowler": "NN Odhiambo",
              "non_striker": "Imran Azam",
              "runs": {
                "batter": 1,
                "extras": 0,
                "total": 1
              }
            },
            {
              "batter": "Imran Azam",
              "bowler": "NN Odhiambo",
              "non_striker": "Roheel Shamus",
              "runs": {
                "batter": 0,
                "extras": 0,
                "total": 0
              },
              "wickets": [
                {
                  "kind": "lbw",
                  "player_out": "Imran Azam"
                }
              ]
            },
            {
              "batter": "Waqas Akram",
              "bowler": "NN Odhiambo",
              "non_striker": "Roheel Shamus",
              "runs": {
                "batter": 1,
                "extras": 0,
                "total": 1
              }
            },
            {
              "batter": "Roheel Shamus",
              "bowler": "NN Odhiambo",
              "non_striker": "Waqas Akram",
              "runs": {
                "batter": 1,
                "extras": 0,
                "total": 1
              },
              "wickets": [
                {
                  "kind": "run out",
                  "player_out": "Waqas Akram",
                  "fielders": [
                    {
                      "name": "NN Odhiambo"
                    }
                  ]
                }
              ]
            }
          ]
        }
      ],
      "powerplays": [
        {
          "from": 0.1,
          "to": 5.6,
          "type": "mandatory"
        }
      ]
    },
    {
      "team": "Kenya",
      "overs": [
        {
          "over": 0,
          "deliveries": [
            {
              "batter": "IA Karim",
              "bowler": "Ibrarul Haq",
              "non_striker": "DM Gondaria",
              "runs": {
                "batter": 0,
                "extras": 0,
                "total": 0
              }
            },
            {
              "batter": "IA Karim",
              "bowler": "Ibrarul Haq",
              "non_striker": "DM Gondaria",
              "runs": {
                "batter": 0,
                "extras": 0,
                "total": 0
              }
            },
            {
              "batter": "IA Karim",
              "bowler": "Ibrarul Haq",
              "non_striker": "DM Gondaria",
              "runs": {
                "batter": 1,
                "extras": 0,
                "total": 1
              }
            },
            {
              "batter": "DM Gondaria",
              "bowler": "Ibrarul Haq",
              "non_striker": "IA Karim",
              "runs": {
                "batter": 0,
                "extras": 0,
                "total": 0
              }
            },
            {
              "batter": "DM Gondaria",
              "bowler": "Ibrarul Haq",
              "non_striker": "IA Karim",
              "runs": {
                "batter": 3,
                "extras": 0,
                "total": 3
              }
            },
            {
              "batter": "IA Karim",
              "bowler": "Ibrarul Haq",
              "non_striker": "DM Gondaria",
              "runs": {
                "batter": 0,
                "extras": 0,
                "total": 0
              }
            }
          ]
        },
        {
          "over": 1,
          "deliveries": [
            {
              "batter": "DM Gondaria",
              "bowler": "Muhammad Abbasi",
              "non_striker": "IA Karim",
              "runs": {
                "batter": 1,
                "extras": 0,
                "total": 1
              }
            },
            {
              "batter": "IA Karim",
              "bowler": "Muhammad Abbasi",
              "non_striker": "DM Gondaria",
              "runs": {
                "batter": 0,
                "extras": 0,
                "total": 0
              }
            },
            {
              "batter": "IA Karim",
              "bowler": "Muhammad Abbasi",
              "non_striker": "DM Gondaria",
              "runs": {
                "batter": 4,
                "extras": 0,
                "total": 4
              }
            },
            {
              "batter": "IA Karim",
              "bowler": "Muhammad Abbasi",
              "non_striker": "DM Gondaria",
              "runs": {
                "batter": 0,
                "extras": 0,
                "total": 0
              }
            },
            {
              "batter": "IA Karim",
              "bowler": "Muhammad Abbasi",
              "non_striker": "DM Gondaria",
              "runs": {
                "batter": 1,
                "extras": 0,
                "total": 1
              }
            },
            {
              "batter": "DM Gondaria",
              "bowler": "Muhammad Abbasi",
              "non_striker": "IA Karim",
              "runs": {
                "batter": 4,
                "extras": 0,
                "total": 4
              }
            }
          ]
        },
        {
          "over": 2,
          "deliveries": [
            {
              "batter": "IA Karim",
              "bowler": "Ibrarul Haq",
              "non_striker": "DM Gondaria",
              "runs": {
                "batter": 0,
                "extras": 0,
                "total": 0
              },
              "wickets": [
                {
                  "kind": "caught",
                  "player_out": "IA Karim",
                  "fielders": [
                    {
                      "name": "Imran Azam"
                    }
                  ]
                }
              ]
            },
            {
              "batter": "RN Patel",
              "bowler": "Ibrarul Haq",
              "non_striker": "DM Gondaria",
              "runs": {
                "batter": 0,
                "extras": 0,
                "total": 0
              },
              "wickets": [
                {
                  "kind": "caught",
                  "player_out": "RN Patel",
                  "fielders": [
                    {
                      "name": "Afzal Saleem"
                    }
                  ]
                }
              ]
            },
            {
              "batter": "RR Patel",
              "bowler": "Ibrarul Haq",
              "non_striker": "DM Gondaria",
              "runs": {
                "batter": 0,
                "extras": 0,
                "total": 0
              }
            },
            {
              "batter": "RR Patel",
              "bowler": "Ibrarul Haq",
              "non_striker": "DM Gondaria",
              "runs": {
                "batter": 0,
                "extras": 0,
                "total": 0
              }
            },
            {
              "batter": "RR Patel",
              "bowler": "Ibrarul Haq",
              "non_striker": "DM Gondaria",
              "runs": {
                "batter": 1,
                "extras": 0,
                "total": 1
              }
            },
            {
              "batter": "DM Gondaria",
              "bowler": "Ibrarul Haq",
              "non_striker": "RR Patel",
              "runs": {
                "batter": 1,
                "extras": 0,
                "total": 1
              }
            }
          ]
        },
        {
          "over": 3,
          "deliveries": [
            {
              "batter": "DM Gondaria",
              "bowler": "Muhammad Abbasi",
              "non_striker": "RR Patel",
              "runs": {
                "batter": 1,
                "extras": 0,
                "total": 1
              }
            },
            {
              "batter": "RR Patel",
              "bowler": "Muhammad Abbasi",
              "non_striker": "DM Gondaria",
              "runs": {
                "batter": 4,
                "extras": 0,
                "total": 4
              }
            },
            {
              "batter": "RR Patel",
              "bowler": "Muhammad Abbasi",
              "non_striker": "DM Gondaria",
              "runs": {
                "batter": 1,
                "extras": 0,
                "total": 1
              }
            },
            {
              "batter": "DM Gondaria",
              "bowler": "Muhammad Abbasi",
              "non_striker": "RR Patel",
              "runs": {
                "batter": 0,
                "extras": 0,
                "total": 0
              }
            },
            {
              "batter": "DM Gondaria",
              "bowler": "Muhammad Abbasi",
              "non_striker": "RR Patel",
              "runs": {
                "batter": 1,
                "extras": 0,
                "total": 1
              }
            },
            {
              "batter": "RR Patel",
              "bowler": "Muhammad Abbasi",
              "extras": {
                "wides": 1
              },
              "non_striker": "DM Gondaria",
              "runs": {
                "batter": 0,
                "extras": 1,
                "total": 1
              }
            },
            {
              "batter": "RR Patel",
              "bowler": "Muhammad Abbasi",
              "non_striker": "DM Gondaria",
              "runs": {
                "batter": 4,
                "extras": 0,
                "total": 4
              }
            }
          ]
        },
        {
          "over": 4,
          "deliveries": [
            {
              "batter": "DM Gondaria",
              "bowler": "Ibrarul Haq",
              "extras": {
                "wides": 1
              },
              "non_striker": "RR Patel",
              "runs": {
                "batter": 0,
                "extras": 1,
                "total": 1
              }
            },
            {
              "batter": "DM Gondaria",
              "bowler": "Ibrarul Haq",
              "non_striker": "RR Patel",
              "runs": {
                "batter": 0,
                "extras": 0,
                "total": 0
              }
            },
            {
              "batter": "DM Gondaria",
              "bowler": "Ibrarul Haq",
              "extras": {
                "byes": 1
              },
              "non_striker": "RR Patel",
              "runs": {
                "batter": 0,
                "extras": 1,
                "total": 1
              }
            },
            {
              "batter": "RR Patel",
              "bowler": "Ibrarul Haq",
              "non_striker": "DM Gondaria",
              "runs": {
                "batter": 0,
                "extras": 0,
                "total": 0
              }
            },
            {
              "batter": "RR Patel",
              "bowler": "Ibrarul Haq",
              "non_striker": "DM Gondaria",
              "runs": {
                "batter": 0,
                "extras": 0,
                "total": 0
              },
              "wickets": [
                {
                  "kind": "caught and bowled",
                  "player_out": "RR Patel"
                }
              ]
            },
            {
              "batter": "CO Obuya",
              "bowler": "Ibrarul Haq",
              "non_striker": "DM Gondaria",
              "runs": {
                "batter": 1,
                "extras": 0,
                "total": 1
              }
            },
            {
              "batter": "DM Gondaria",
              "bowler": "Ibrarul Haq",
              "non_striker": "CO Obuya",
              "runs": {
                "batter": 1,
                "extras": 0,
                "total": 1
              }
            }
          ]
        },
        {
          "over": 5,
          "deliveries": [
            {
              "batter": "DM Gondaria",
              "bowler": "Muhammad Abbasi",
              "non_striker": "CO Obuya",
              "runs": {
                "batter": 1,
                "extras": 0,
                "total": 1
              }
            },
            {
              "batter": "CO Obuya",
              "bowler": "Muhammad Abbasi",
              "non_striker": "DM Gondaria",
              "runs": {
                "batter": 2,
                "extras": 0,
                "total": 2
              }
            },
            {
              "batter": "CO Obuya",
              "bowler": "Muhammad Abbasi",
              "non_striker": "DM Gondaria",
              "runs": {
                "batter": 0,
                "extras": 0,
                "total": 0
              },
              "wickets": [
                {
                  "kind": "bowled",
                  "player_out": "CO Obuya"
                }
              ]
            },
            {
              "batter": "K Kaul",
              "bowler": "Muhammad Abbasi",
              "non_striker": "DM Gondaria",
              "runs": {
                "batter": 0,
                "extras": 0,
                "total": 0
              }
            },
            {
              "batter": "K Kaul",
              "bowler": "Muhammad Abbasi",
              "non_striker": "DM Gondaria",
              "runs": {
                "batter": 0,
                "extras": 0,
                "total": 0
              }
            },
            {
              "batter": "K Kaul",
              "bowler": "Muhammad Abbasi",
              "non_striker": "DM Gondaria",
              "runs": {
                "batter": 1,
                "extras": 0,
                "total": 1
              }
            }
          ]
        },
        {
          "over": 6,
          "deliveries": [
            {
              "batter": "K Kaul",
              "bowler": "Roheel Shamus",
              "non_striker": "DM Gondaria",
              "runs": {
                "batter": 1,
                "extras": 0,
                "total": 1
              }
            },
            {
              "batter": "DM Gondaria",
              "bowler": "Roheel Shamus",
              "non_striker": "K Kaul",
              "runs": {
                "batter": 1,
                "extras": 0,
                "total": 1
              }
            },
            {
              "batter": "K Kaul",
              "bowler": "Roheel Shamus",
              "non_striker": "DM Gondaria",
              "runs": {
                "batter": 0,
                "extras": 0,
                "total": 0
              }
            },
            {
              "batter": "K Kaul",
              "bowler": "Roheel Shamus",
              "non_striker": "DM Gondaria",
              "runs": {
                "batter": 0,
                "extras": 0,
                "total": 0
              }
            },
            {
              "batter": "K Kaul",
              "bowler": "Roheel Shamus",
              "non_striker": "DM Gondaria",
              "runs": {
                "batter": 1,
                "extras": 0,
                "total": 1
              }
            },
            {
              "batter": "DM Gondaria",
              "bowler": "Roheel Shamus",
              "non_striker": "K Kaul",
              "runs": {
                "batter": 0,
                "extras": 0,
                "total": 0
              }
            }
          ]
        },
        {
          "over": 7,
          "deliveries": [
            {
              "batter": "K Kaul",
              "bowler": "Afzal Saleem",
              "non_striker": "DM Gondaria",
              "runs": {
                "batter": 0,
                "extras": 0,
                "total": 0
              }
            },
            {
              "batter": "K Kaul",
              "bowler": "Afzal Saleem",
              "non_striker": "DM Gondaria",
              "runs": {
                "batter": 2,
                "extras": 0,
                "total": 2
              }
            },
            {
              "batter": "K Kaul",
              "bowler": "Afzal Saleem",
              "non_striker": "DM Gondaria",
              "runs": {
                "batter": 4,
                "extras": 0,
                "total": 4
              }
            },
            {
              "batter": "K Kaul",
              "bowler": "Afzal Saleem",
              "non_striker": "DM Gondaria",
              "runs": {
                "batter": 1,
                "extras": 0,
                "total": 1
              }
            },
            {
              "batter": "DM Gondaria",
              "bowler": "Afzal Saleem",
              "non_striker": "K Kaul",
              "runs": {
                "batter": 1,
                "extras": 0,
                "total": 1
              }
            },
            {
              "batter": "K Kaul",
              "bowler": "Afzal Saleem",
              "non_striker": "DM Gondaria",
              "runs": {
                "batter": 0,
                "extras": 0,
                "total": 0
              },
              "wickets": [
                {
                  "kind": "caught",
                  "player_out": "K Kaul",
                  "fielders": [
                    {
                      "name": "Abdul Waheed"
                    }
                  ]
                }
              ]
            }
          ]
        },
        {
          "over": 8,
          "deliveries": [
            {
              "batter": "DM Gondaria",
              "bowler": "Roheel Shamus",
              "non_striker": "Gurdeep Singh",
              "runs": {
                "batter": 0,
                "extras": 0,
                "total": 0
              }
            },
            {
              "batter": "DM Gondaria",
              "bowler": "Roheel Shamus",
              "non_striker": "Gurdeep Singh",
              "runs": {
                "batter": 1,
                "extras": 0,
                "total": 1
              }
            },
            {
              "batter": "Gurdeep Singh",
              "bowler": "Roheel Shamus",
              "extras": {
                "legbyes": 1
              },
              "non_striker": "DM Gondaria",
              "runs": {
                "batter": 0,
                "extras": 1,
                "total": 1
              }
            },
            {
              "batter": "DM Gondaria",
              "bowler": "Roheel Shamus",
              "non_striker": "Gurdeep Singh",
              "runs": {
                "batter": 0,
                "extras": 0,
                "total": 0
              }
            },
            {
              "batter": "DM Gondaria",
              "bowler": "Roheel Shamus",
              "non_striker": "Gurdeep Singh",
              "runs": {
                "batter": 0,
                "extras": 0,
                "total": 0
              }
            },
            {
              "batter": "DM Gondaria",
              "bowler": "Roheel Shamus",
              "non_striker": "Gurdeep Singh",
              "runs": {
                "batter": 0,
                "extras": 0,
                "total": 0
              }
            }
          ]
        },
        {
          "over": 9,
          "deliveries": [
            {
              "batter": "Gurdeep Singh",
              "bowler": "Afzal Saleem",
              "non_striker": "DM Gondaria",
              "runs": {
                "batter": 0,
                "extras": 0,
                "total": 0
              },
              "wickets": [
                {
                  "kind": "lbw",
                  "player_out": "Gurdeep Singh"
                }
              ]
            },
            {
              "batter": "NM Odhiambo",
              "bowler": "Afzal Saleem",
              "non_striker": "DM Gondaria",
              "runs": {
                "batter": 0,
                "extras": 0,
                "total": 0
              }
            },
            {
              "batter": "NM Odhiambo",
              "bowler": "Afzal Saleem",
              "non_striker": "DM Gondaria",
              "runs": {
                "batter": 1,
                "extras": 0,
                "total": 1
              }
            },
            {
              "batter": "DM Gondaria",
              "bowler": "Afzal Saleem",
              "non_striker": "NM Odhiambo",
              "runs": {
                "batter": 1,
                "extras": 0,
                "total": 1
              }
            },
            {
              "batter": "NM Odhiambo",
              "bowler": "Afzal Saleem",
              "non_striker": "DM Gondaria",
              "runs": {
                "batter": 0,
                "extras": 0,
                "total": 0
              }
            },
            {
              "batter": "NM Odhiambo",
              "bowler": "Afzal Saleem",
              "non_striker": "DM Gondaria",
              "runs": {
                "batter": 1,
                "extras": 0,
                "total": 1
              }
            }
          ]
        },
        {
          "over": 10,
          "deliveries": [
            {
              "batter": "NM Odhiambo",
              "bowler": "Roheel Shamus",
              "non_striker": "DM Gondaria",
              "runs": {
                "batter": 0,
                "extras": 0,
                "total": 0
              }
            },
            {
              "batter": "NM Odhiambo",
              "bowler": "Roheel Shamus",
              "non_striker": "DM Gondaria",
              "runs": {
                "batter": 1,
                "extras": 0,
                "total": 1
              }
            },
            {
              "batter": "DM Gondaria",
              "bowler": "Roheel Shamus",
              "non_striker": "NM Odhiambo",
              "runs": {
                "batter": 0,
                "extras": 0,
                "total": 0
              },
              "wickets": [
                {
                  "kind": "bowled",
                  "player_out": "DM Gondaria"
                }
              ]
            },
            {
              "batter": "SO Ngoche",
              "bowler": "Roheel Shamus",
              "non_striker": "NM Odhiambo",
              "runs": {
                "batter": 0,
                "extras": 0,
                "total": 0
              }
            },
            {
              "batter": "SO Ngoche",
              "bowler": "Roheel Shamus",
              "non_striker": "NM Odhiambo",
              "runs": {
                "batter": 1,
                "extras": 0,
                "total": 1
              }
            },
            {
              "batter": "NM Odhiambo",
              "bowler": "Roheel Shamus",
              "non_striker": "SO Ngoche",
              "runs": {
                "batter": 2,
                "extras": 0,
                "total": 2
              }
            }
          ]
        },
        {
          "over": 11,
          "deliveries": [
            {
              "batter": "SO Ngoche",
              "bowler": "Afzal Saleem",
              "non_striker": "NM Odhiambo",
              "runs": {
                "batter": 1,
                "extras": 0,
                "total": 1
              }
            },
            {
              "batter": "NM Odhiambo",
              "bowler": "Afzal Saleem",
              "non_striker": "SO Ngoche",
              "runs": {
                "batter": 1,
                "extras": 0,
                "total": 1
              }
            },
            {
              "batter": "SO Ngoche",
              "bowler": "Afzal Saleem",
              "non_striker": "NM Odhiambo",
              "runs": {
                "batter": 0,
                "extras": 0,
                "total": 0
              }
            },
            {
              "batter": "SO Ngoche",
              "bowler": "Afzal Saleem",
              "non_striker": "NM Odhiambo",
              "runs": {
                "batter": 0,
                "extras": 0,
                "total": 0
              }
            },
            {
              "batter": "SO Ngoche",
              "bowler": "Afzal Saleem",
              "non_striker": "NM Odhiambo",
              "runs": {
                "batter": 1,
                "extras": 0,
                "total": 1
              }
            },
            {
              "batter": "NM Odhiambo",
              "bowler": "Afzal Saleem",
              "non_striker": "SO Ngoche",
              "runs": {
                "batter": 0,
                "extras": 0,
                "total": 0
              }
            }
          ]
        },
        {
          "over": 12,
          "deliveries": [
            {
              "batter": "SO Ngoche",
              "bowler": "Roheel Shamus",
              "non_striker": "NM Odhiambo",
              "runs": {
                "batter": 0,
                "extras": 0,
                "total": 0
              }
            },
            {
              "batter": "SO Ngoche",
              "bowler": "Roheel Shamus",
              "non_striker": "NM Odhiambo",
              "runs": {
                "batter": 1,
                "extras": 0,
                "total": 1
              }
            },
            {
              "batter": "NM Odhiambo",
              "bowler": "Roheel Shamus",
              "non_striker": "SO Ngoche",
              "runs": {
                "batter": 0,
                "extras": 0,
                "total": 0
              },
              "wickets": [
                {
                  "kind": "bowled",
                  "player_out": "NM Odhiambo"
                }
              ]
            },
            {
              "batter": "NN Odhiambo",
              "bowler": "Roheel Shamus",
              "non_striker": "SO Ngoche",
              "runs": {
                "batter": 0,
                "extras": 0,
                "total": 0
              }
            },
            {
              "batter": "NN Odhiambo",
              "bowler": "Roheel Shamus",
              "non_striker": "SO Ngoche",
              "runs": {
                "batter": 0,
                "extras": 0,
                "total": 0
              }
            },
            {
              "batter": "NN Odhiambo",
              "bowler": "Roheel Shamus",
              "non_striker": "SO Ngoche",
              "runs": {
                "batter": 1,
                "extras": 0,
                "total": 1
              }
            }
          ]
        },
        {
          "over": 13,
          "deliveries": [
            {
              "batter": "NN Odhiambo",
              "bowler": "Muzaffar Mujeed",
              "non_striker": "SO Ngoche",
              "runs": {
                "batter": 1,
                "extras": 0,
                "total": 1
              }
            },
            {
              "batter": "SO Ngoche",
              "bowler": "Muzaffar Mujeed",
              "non_striker": "NN Odhiambo",
              "runs": {
                "batter": 2,
                "extras": 0,
                "total": 2
              }
            },
            {
              "batter": "SO Ngoche",
              "bowler": "Muzaffar Mujeed",
              "non_striker": "NN Odhiambo",
              "runs": {
                "batter": 0,
                "extras": 0,
                "total": 0
              }
            },
            {
              "batter": "SO Ngoche",
              "bowler": "Muzaffar Mujeed",
              "non_striker": "NN Odhiambo",
              "runs": {
                "batter": 6,
                "extras": 0,
                "total": 6
              }
            },
            {
              "batter": "SO Ngoche",
              "bowler": "Muzaffar Mujeed",
              "non_striker": "NN Odhiambo",
              "runs": {
                "batter": 1,
                "extras": 0,
                "total": 1
              }
            },
            {
              "batter": "NN Odhiambo",
              "bowler": "Muzaffar Mujeed",
              "non_striker": "SO Ngoche",
              "runs": {
                "batter": 0,
                "extras": 0,
                "total": 0
              }
            }
          ]
        },
        {
          "over": 14,
          "deliveries": [
            {
              "batter": "SO Ngoche",
              "bowler": "Waqas Akram",
              "non_striker": "NN Odhiambo",
              "runs": {
                "batter": 0,
                "extras": 0,
                "total": 0
              }
            },
            {
              "batter": "SO Ngoche",
              "bowler": "Waqas Akram",
              "non_striker": "NN Odhiambo",
              "runs": {
                "batter": 4,
                "extras": 0,
                "total": 4
              }
            },
            {
              "batter": "SO Ngoche",
              "bowler": "Waqas Akram",
              "non_striker": "NN Odhiambo",
              "runs": {
                "batter": 1,
                "extras": 0,
                "total": 1
              }
            },
            {
              "batter": "NN Odhiambo",
              "bowler": "Waqas Akram",
              "non_striker": "SO Ngoche",
              "runs": {
                "batter": 0,
                "extras": 0,
                "total": 0
              }
            },
            {
              "batter": "NN Odhiambo",
              "bowler": "Waqas Akram",
              "non_striker": "SO Ngoche",
              "runs": {
                "batter": 0,
                "extras": 0,
                "total": 0
              }
            },
            {
              "batter": "NN Odhiambo",
              "bowler": "Waqas Akram",
              "non_striker": "SO Ngoche",
              "runs": {
                "batter": 1,
                "extras": 0,
                "total": 1
              }
            }
          ]
        },
        {
          "over": 15,
          "deliveries": [
            {
              "batter": "NN Odhiambo",
              "bowler": "Muhammad Abbasi",
              "non_striker": "SO Ngoche",
              "runs": {
                "batter": 1,
                "extras": 0,
                "total": 1
              }
            },
            {
              "batter": "SO Ngoche",
              "bowler": "Muhammad Abbasi",
              "non_striker": "NN Odhiambo",
              "runs": {
                "batter": 0,
                "extras": 0,
                "total": 0
              }
            },
            {
              "batter": "SO Ngoche",
              "bowler": "Muhammad Abbasi",
              "non_striker": "NN Odhiambo",
              "runs": {
                "batter": 0,
                "extras": 0,
                "total": 0
              }
            },
            {
              "batter": "SO Ngoche",
              "bowler": "Muhammad Abbasi",
              "non_striker": "NN Odhiambo",
              "runs": {
                "batter": 1,
                "extras": 0,
                "total": 1
              }
            },
            {
              "batter": "NN Odhiambo",
              "bowler": "Muhammad Abbasi",
              "non_striker": "SO Ngoche",
              "runs": {
                "batter": 1,
                "extras": 0,
                "total": 1
              }
            },
            {
              "batter": "SO Ngoche",
              "bowler": "Muhammad Abbasi",
              "non_striker": "NN Odhiambo",
              "runs": {
                "batter": 1,
                "extras": 0,
                "total": 1
              }
            }
          ]
        },
        {
          "over": 16,
          "deliveries": [
            {
              "batter": "SO Ngoche",
              "bowler": "Waqas Akram",
              "non_striker": "NN Odhiambo",
              "runs": {
                "batter": 1,
                "extras": 0,
                "total": 1
              }
            },
            {
              "batter": "NN Odhiambo",
              "bowler": "Waqas Akram",
              "non_striker": "SO Ngoche",
              "runs": {
                "batter": 0,
                "extras": 0,
                "total": 0
              },
              "wickets": [
                {
                  "kind": "lbw",
                  "player_out": "NN Odhiambo"
                }
              ]
            },
            {
              "batter": "E Ochieng",
              "bowler": "Waqas Akram",
              "non_striker": "SO Ngoche",
              "runs": {
                "batter": 0,
                "extras": 0,
                "total": 0
              }
            },
            {
              "batter": "E Ochieng",
              "bowler": "Waqas Akram",
              "non_striker": "SO Ngoche",
              "runs": {
                "batter": 1,
                "extras": 0,
                "total": 1
              }
            },
            {
              "batter": "SO Ngoche",
              "bowler": "Waqas Akram",
              "non_striker": "E Ochieng",
              "runs": {
                "batter": 1,
                "extras": 0,
                "total": 1
              }
            },
            {
              "batter": "E Ochieng",
              "bowler": "Waqas Akram",
              "non_striker": "SO Ngoche",
              "runs": {
                "batter": 0,
                "extras": 0,
                "total": 0
              },
              "wickets": [
                {
                  "kind": "bowled",
                  "player_out": "E Ochieng"
                }
              ]
            }
          ]
        }
      ],
      "powerplays": [
        {
          "from": 0.1,
          "to": 5.6,
          "type": "mandatory"
        }
      ],
      "target": {
        "overs": 20,
        "runs": 124
      }
    }
  ]
}