{
  "meta": {
    "data_version": "1.0.0",
    "created": "2020-10-10",
    "revision": 1
  },
  "info": {
    "balls_per_over": 6,
    "dates": [
      "2017-05-02"
    ],
    "event": {
      "name": "ICC Women's World Twenty20 Qualifying Series East Asia-Pacific Region",
      "match_number": 7
    },
    "gender": "female",
    "match_type": "IT20",
    "officials": {
      "match_referees": [
        "SR Bernard"
      ],
      "reserve_umpires": [
        "Ramasamy Venkatesh"
      ],
      "umpires": [
        "A Kapa",
        "AK Wilds"
      ]
    },
    "outcome": {
      "winner": "Samoa",
      "by": {
        "wickets": 7
      }
    },
    "overs": 20,
    "player_of_match": [
      "LO Telea"
    ],
    "players": {
      "Japan": [
        "K Ota",
        "S Miyaji",
        "M Shiraishi",
        "M Yanagida",
        "M Kanno",
        "E Kobayashi",
        "R Endo",
        "E Yamaguchi",
        "K Ishimoto",
        "A Kitayama",
        "A Umetani"
      ],
      "Samoa": [
        "LO Telea",
        "VM Andrew",
        "RSM Lili'i",
        "LA Bourne",
        "F Vaelua",
        "M Uliao",
        "T Lafai",
        "MI Tato",
        "KML Nonu",
        "D Kalifa",
        "ETV Vaaetasi"
      ]
    },
    "registry": {
      "people": {
        "A Kapa": "7c9c0f18",
        "A Kitayama": "34c205b1",
        "A Umetani": "c11e3209",
        "AK Wilds": "de412f40",
        "D Kalifa": "1b6d8ce9",
        "E Kobayashi": "535e58f3",
        "E Yamaguchi": "48d34066",
        "ETV Vaaetasi": "1000a117",
        "F Vaelua": "849b2fc1",
        "K Ishimoto": "b36ad0b9",
        "K Ota": "211f48fe",
        "KML Nonu": "50622bdd",
        "LA Bourne": "bd0e3478",
        "LO Telea": "c32bb7bb",
        "M Kanno": "97fc39fd",
        "M Shiraishi": "79b4af2d",
        "M Uliao": "db1068a6",
        "M Yanagida": "f20e7e23",
        "MI Tato": "59aea698",
        "R Endo": "9235396c",
        "RSM Lili'i": "ba3a1359",
        "Ramasamy Venkatesh": "8ad68ea7",
        "S Miyaji": "3aca2ed5",
        "SR Bernard": "800187dc",
        "T Lafai": "10cfda7c",
        "VM Andrew": "ca9a7e09"
      }
    },
    "season": "2017",
    "team_type": "international",
    "teams": [
      "Japan",
      "Samoa"
    ],
    "toss": {
      "decision": "field",
      "winner": "Samoa"
    },
    "venue": "Sano International Cricket Ground"
  },
  "innings": [
    {
      "team": "Japan",
      "overs": [
        {
          "over": 0,
          "deliveries": [
            {
              "batter": "K Ota",
              "bowler": "F Vaelua",
              "extras": {
                "wides": 1
              },
              "non_striker": "S Miyaji",
              "runs": {
                "batter": 0,
                "extras": 1,
                "total": 1
              }
            },
            {
              "batter": "K Ota",
              "bowler": "F Vaelua",
              "non_striker": "S Miyaji",
              "runs": {
                "batter": 0,
                "extras": 0,
                "total": 0
              }
            },
            {
              "batter": "K Ota",
              "bowler": "F Vaelua",
              "non_striker": "S Miyaji",
              "runs": {
                "batter": 0,
                "extras": 0,
                "total": 0
              }
            },
            {
              "batter": "K Ota",
              "bowler": "F Vaelua",
              "non_striker": "S Miyaji",
              "runs": {
                "batter": 0,
                "extras": 0,
                "total": 0
              }
            },
            {
              "batter": "K Ota",
              "bowler": "F Vaelua",
              "non_striker": "S Miyaji",
              "runs": {
                "batter": 0,
                "extras": 0,
                "total": 0
              }
            },
            {
              "batter": "K Ota",
              "bowler": "F Vaelua",
              "non_striker": "S Miyaji",
              "runs": {
                "batter": 0,
                "extras": 0,
                "total": 0
              }
            },
            {
              "batter": "K Ota",
              "bowler": "F Vaelua",
              "non_striker": "S Miyaji",
              "runs": {
                "batter": 0,
                "extras": 0,
                "total": 0
              }
            }
          ]
        },
        {
          "over": 1,
          "deliveries": [
            {
              "batter": "S Miyaji",
              "bowler": "LO Telea",
              "non_striker": "K Ota",
              "runs": {
                "batter": 0,
                "extras": 0,
                "total": 0
              }
            },
            {
              "batter": "S Miyaji",
              "bowler": "LO Telea",
              "non_striker": "K Ota",
              "runs": {
                "batter": 1,
                "extras": 0,
                "total": 1
              }
            },
            {
              "batter": "K Ota",
              "bowler": "LO Telea",
              "non_striker": "S Miyaji",
              "runs": {
                "batter": 0,
                "extras": 0,
                "total": 0
              }
            },
            {
              "batter": "K Ota",
              "bowler": "LO Telea",
              "non_striker": "S Miyaji",
              "runs": {
                "batter": 0,
                "extras": 0,
                "total": 0
              }
            },
            {
              "batter": "K Ota",
              "bowler": "LO Telea",
              "non_striker": "S Miyaji",
              "runs": {
                "batter": 0,
                "extras": 0,
                "total": 0
              }
            },
            {
              "batter": "K Ota",
              "bowler": "LO Telea",
              "non_striker": "S Miyaji",
              "runs": {
                "batter": 0,
                "extras": 0,
                "total": 0
              }
            }
          ]
        },
        {
          "over": 2,
          "deliveries": [
            {
              "batter": "S Miyaji",
              "bowler": "F Vaelua",
              "non_striker": "K Ota",
              "runs": {
                "batter": 1,
                "extras": 0,
                "total": 1
              }
            },
            {
              "batter": "K Ota",
              "bowler": "F Vaelua",
              "non_striker": "S Miyaji",
              "runs": {
                "batter": 0,
                "extras": 0,
                "total": 0
              }
            },
            {
              "batter": "K Ota",
              "bowler": "F Vaelua",
              "non_striker": "S Miyaji",
              "runs": {
                "batter": 0,
                "extras": 0,
                "total": 0
              }
            },
            {
              "batter": "K Ota",
              "bowler": "F Vaelua",
              "non_striker": "S Miyaji",
              "runs": {
                "batter": 0,
                "extras": 0,
                "total": 0
              }
            },
            {
              "batter": "K Ota",
              "bowler": "F Vaelua",
              "non_striker": "S Miyaji",
              "runs": {
                "batter": 0,
                "extras": 0,
                "total": 0
              }
            },
            {
              "batter": "K Ota",
              "bowler": "F Vaelua",
              "non_striker": "S Miyaji",
              "runs": {
                "batter": 0,
                "extras": 0,
                "total": 0
              }
            }
          ]
        },
        {
          "over": 3,
          "deliveries": [
            {
              "batter": "S Miyaji",
              "bowler": "LO Telea",
              "non_striker": "K Ota",
              "runs": {
                "batter": 0,
                "extras": 0,
                "total": 0
              }
            },
            {
              "batter": "S Miyaji",
              "bowler": "LO Telea",
              "non_striker": "K Ota",
              "runs": {
                "batter": 0,
                "extras": 0,
                "total": 0
              }
            },
            {
              "batter": "S Miyaji",
              "bowler": "LO Telea",
              "non_striker": "K Ota",
              "runs": {
                "batter": 0,
                "extras": 0,
                "total": 0
              }
            },
            {
              "batter": "S Miyaji",
              "bowler": "LO Telea",
              "non_striker": "K Ota",
              "runs": {
                "batter": 0,
                "extras": 0,
                "total": 0
              }
            },
            {
              "batter": "S Miyaji",
              "bowler": "LO Telea",
              "non_striker": "K Ota",
              "runs": {
                "batter": 0,
                "extras": 0,
                "total": 0
              }
            },
            {
              "batter": "S Miyaji",
              "bowler": "LO Telea",
              "non_striker": "K Ota",
              "runs": {
                "batter": 0,
                "extras": 0,
                "total": 0
              }
            }
          ]
        },
        {
          "over": 4,
          "deliveries": [
            {
              "batter": "K Ota",
              "bowler": "F Vaelua",
              "non_striker": "S Miyaji",
              "runs": {
                "batter": 0,
                "extras": 0,
                "total": 0
              }
            },
            {
              "batter": "K Ota",
              "bowler": "F Vaelua",
              "non_striker": "S Miyaji",
              "runs": {
                "batter": 0,
                "extras": 0,
                "total": 0
              }
            },
            {
              "batter": "K Ota",
              "bowler": "F Vaelua",
              "non_striker": "S Miyaji",
              "runs": {
                "batter": 1,
                "extras": 0,
                "total": 1
              }
            },
            {
              "batter": "S Miyaji",
              "bowler": "F Vaelua",
              "non_striker": "K Ota",
              "runs": {
                "batter": 1,
                "extras": 0,
                "total": 1
              }
            },
            {
              "batter": "K Ota",
              "bowler": "F Vaelua",
              "non_striker": "S Miyaji",
              "runs": {
                "batter": 0,
                "extras": 0,
                "total": 0
              }
            },
            {
              "batter": "K Ota",
              "bowler": "F Vaelua",
              "non_striker": "S Miyaji",
              "runs": {
                "batter": 0,
                "extras": 0,
                "total": 0
              }
            }
          ]
        },
        {
          "over": 5,
          "deliveries": [
            {
              "batter": "S Miyaji",
              "bowler": "LO Telea",
              "non_striker": "K Ota",
              "runs": {
                "batter": 0,
                "extras": 0,
                "total": 0
              }
            },
            {
              "batter": "S Miyaji",
              "bowler": "LO Telea",
              "non_striker": "K Ota",
              "runs": {
                "batter": 0,
                "extras": 0,
                "total": 0
              }
            },
            {
              "batter": "S Miyaji",
              "bowler": "LO Telea",
              "non_striker": "K Ota",
              "runs": {
                "batter": 0,
                "extras": 0,
                "total": 0
              }
            },
            {
              "batter": "S Miyaji",
              "bowler": "LO Telea",
              "non_striker": "K Ota",
              "runs": {
                "batter": 0,
                "extras": 0,
                "total": 0
              }
            },
            {
              "batter": "S Miyaji",
              "bowler": "LO Telea",
              "non_striker": "K Ota",
              "runs": {
                "batter": 0,
                "extras": 0,
                "total": 0
              }
            },
            {
              "batter": "S Miyaji",
              "bowler": "LO Telea",
              "non_striker": "K Ota",
              "runs": {
                "batter": 0,
                "extras": 0,
                "total": 0
              }
            }
          ]
        },
        {
          "over": 6,
          "deliveries": [
            {
              "batter": "K Ota",
              "bowler": "MI Tato",
              "non_striker": "S Miyaji",
              "runs": {
                "batter": 0,
                "extras": 0,
                "total": 0
              }
            },
            {
              "batter": "K Ota",
              "bowler": "MI Tato",
              "non_striker": "S Miyaji",
              "runs": {
                "batter": 0,
                "extras": 0,
                "total": 0
              }
            },
            {
              "batter": "K Ota",
              "bowler": "MI Tato",
              "non_striker": "S Miyaji",
              "runs": {
                "batter": 0,
                "extras": 0,
                "total": 0
              }
            },
            {
              "batter": "K Ota",
              "bowler": "MI Tato",
              "non_striker": "S Miyaji",
              "runs": {
                "batter": 0,
                "extras": 0,
                "total": 0
              }
            },
            {
              "batter": "K Ota",
              "bowler": "MI Tato",
              "non_striker": "S Miyaji",
              "runs": {
                "batter": 0,
                "extras": 0,
                "total": 0
              }
            },
            {
              "batter": "K Ota",
              "bowler": "MI Tato",
              "non_striker": "S Miyaji",
              "runs": {
                "batter": 0,
                "extras": 0,
                "total": 0
              }
            }
          ]
        },
        {
          "over": 7,
          "deliveries": [
            {
              "batter": "S Miyaji",
              "bowler": "RSM Lili'i",
              "non_striker": "K Ota",
              "runs": {
                "batter": 0,
                "extras": 0,
                "total": 0
              }
            },
            {
              "batter": "S Miyaji",
              "bowler": "RSM Lili'i",
              "non_striker": "K Ota",
              "runs": {
                "batter": 0,
                "extras": 0,
                "total": 0
              }
            },
            {
              "batter": "S Miyaji",
              "bowler": "RSM Lili'i",
              "non_striker": "K Ota",
              "runs": {
                "batter": 0,
                "extras": 0,
                "total": 0
              }
            },
            {
              "batter": "S Miyaji",
              "bowler": "RSM Lili'i",
              "non_striker": "K Ota",
              "runs": {
                "batter": 0,
                "extras": 0,
                "total": 0
              }
            },
            {
              "batter": "S Miyaji",
              "bowler": "RSM Lili'i",
              "non_striker": "K Ota",
              "runs": {
                "batter": 0,
                "extras": 0,
                "total": 0
              }
            },
            {
              "batter": "S Miyaji",
              "bowler": "RSM Lili'i",
              "non_striker": "K Ota",
              "runs": {
                "batter": 0,
                "extras": 0,
                "total": 0
              }
            }
          ]
        },
        {
          "over": 8,
          "deliveries": [
            {
              "batter": "K Ota",
              "bowler": "MI Tato",
              "non_striker": "S Miyaji",
              "runs": {
                "batter": 4,
                "extras": 0,
                "total": 4
              }
            },
            {
              "batter": "K Ota",
              "bowler": "MI Tato",
              "non_striker": "S Miyaji",
              "runs": {
                "batter": 0,
                "extras": 0,
                "total": 0
              },
              "wickets": [
                {
                  "player_out": "K Ota",
                  "fielders": [
                    {
                      "name": "LA Bourne"
                    }
                  ],
                  "kind": "stumped"
                }
              ]
            },
            {
              "batter": "M Shiraishi",
              "bowler": "MI Tato",
              "non_striker": "S Miyaji",
              "runs": {
                "batter": 0,
                "extras": 0,
                "total": 0
              }
            },
            {
              "batter": "M Shiraishi",
              "bowler": "MI Tato",
              "non_striker": "S Miyaji",
              "runs": {
                "batter": 0,
                "extras": 0,
                "total": 0
              }
            },
            {
              "batter": "M Shiraishi",
              "bowler": "MI Tato",
              "non_striker": "S Miyaji",
              "runs": {
                "batter": 0,
                "extras": 0,
                "total": 0
              },
              "wickets": [
                {
                  "player_out": "M Shiraishi",
                  "kind": "bowled"
                }
              ]
            },
            {
              "batter": "M Yanagida",
              "bowler": "MI Tato",
              "non_striker": "S Miyaji",
              "runs": {
                "batter": 0,
                "extras": 0,
                "total": 0
              }
            }
          ]
        },
        {
          "over": 9,
          "deliveries": [
            {
              "batter": "S Miyaji",
              "bowler": "RSM Lili'i",
              "non_striker": "M Yanagida",
              "runs": {
                "batter": 0,
                "extras": 0,
                "total": 0
              }
            },
            {
              "batter": "S Miyaji",
              "bowler": "RSM Lili'i",
              "non_striker": "M Yanagida",
              "runs": {
                "batter": 0,
                "extras": 0,
                "total": 0
              }
            },
            {
              "batter": "S Miyaji",
              "bowler": "RSM Lili'i",
              "non_striker": "M Yanagida",
              "runs": {
                "batter": 0,
                "extras": 0,
                "total": 0
              }
            },
            {
              "batter": "S Miyaji",
              "bowler": "RSM Lili'i",
              "non_striker": "M Yanagida",
              "runs": {
                "batter": 0,
                "extras": 0,
                "total": 0
              }
            },
            {
              "batter": "S Miyaji",
              "bowler": "RSM Lili'i",
              "non_striker": "M Yanagida",
              "runs": {
                "batter": 0,
                "extras": 0,
                "total": 0
              }
            },
            {
              "batter": "S Miyaji",
              "bowler": "RSM Lili'i",
              "non_striker": "M Yanagida",
              "runs": {
                "batter": 0,
                "extras": 0,
                "total": 0
              }
            }
          ]
        },
        {
          "over": 10,
          "deliveries": [
            {
              "batter": "M Yanagida",
              "bowler": "MI Tato",
              "extras": {
                "noballs": 1
              },
              "non_striker": "S Miyaji",
              "runs": {
                "batter": 1,
                "extras": 1,
                "total": 2
              }
            },
            {
              "batter": "S Miyaji",
              "bowler": "MI Tato",
              "non_striker": "M Yanagida",
              "runs": {
                "batter": 1,
                "extras": 0,
                "total": 1
              }
            },
            {
              "batter": "M Yanagida",
              "bowler": "MI Tato",
              "non_striker": "S Miyaji",
              "runs": {
                "batter": 0,
                "extras": 0,
                "total": 0
              }
            },
            {
              "batter": "M Yanagida",
              "bowler": "MI Tato",
              "non_striker": "S Miyaji",
              "runs": {
                "batter": 0,
                "extras": 0,
                "total": 0
              }
            },
            {
              "batter": "M Yanagida",
              "bowler": "MI Tato",
              "non_striker": "S Miyaji",
              "runs": {
                "batter": 0,
                "extras": 0,
                "total": 0
              }
            },
            {
              "batter": "M Yanagida",
              "bowler": "MI Tato",
              "non_striker": "S Miyaji",
              "runs": {
                "batter": 0,
                "extras": 0,
                "total": 0
              }
            },
            {
              "batter": "M Yanagida",
              "bowler": "MI Tato",
              "non_striker": "S Miyaji",
              "runs": {
                "batter": 0,
                "extras": 0,
                "total": 0
              }
            }
          ]
        },
        {
          "over": 11,
          "deliveries": [
            {
              "batter": "S Miyaji",
              "bowler": "M Uliao",
              "extras": {
                "wides": 1
              },
              "non_striker": "M Yanagida",
              "runs": {
                "batter": 0,
                "extras": 1,
                "total": 1
              }
            },
            {
              "batter": "S Miyaji",
              "bowler": "M Uliao",
              "non_striker": "M Yanagida",
              "runs": {
                "batter": 0,
                "extras": 0,
                "total": 0
              }
            },
            {
              "batter": "S Miyaji",
              "bowler": "M Uliao",
              "non_striker": "M Yanagida",
              "runs": {
                "batter": 0,
                "extras": 0,
                "total": 0
              }
            },
            {
              "batter": "S Miyaji",
              "bowler": "M Uliao",
              "non_striker": "M Yanagida",
              "runs": {
                "batter": 0,
                "extras": 0,
                "total": 0
              }
            },
            {
              "batter": "S Miyaji",
              "bowler": "M Uliao",
              "non_striker": "M Yanagida",
              "runs": {
                "batter": 2,
                "extras": 0,
                "total": 2
              }
            },
            {
              "batter": "S Miyaji",
              "bowler": "M Uliao",
              "non_striker": "M Yanagida",
              "runs": {
                "batter": 0,
                "extras": 0,
                "total": 0
              }
            },
            {
              "batter": "S Miyaji",
              "bowler": "M Uliao",
              "non_striker": "M Yanagida",
              "runs": {
                "batter": 0,
                "extras": 0,
                "total": 0
              }
            }
          ]
        },
        {
          "over": 12,
          "deliveries": [
            {
              "batter": "M Yanagida",
              "bowler": "MI Tato",
              "non_striker": "S Miyaji",
              "runs": {
                "batter": 4,
                "extras": 0,
                "total": 4
              }
            },
            {
              "batter": "M Yanagida",
              "bowler": "MI Tato",
              "non_striker": "S Miyaji",
              "runs": {
                "batter": 0,
                "extras": 0,
                "total": 0
              }
            },
            {
              "batter": "M Yanagida",
              "bowler": "MI Tato",
              "non_striker": "S Miyaji",
              "runs": {
                "batter": 0,
                "extras": 0,
                "total": 0
              }
            },
            {
              "batter": "M Yanagida",
              "bowler": "MI Tato",
              "non_striker": "S Miyaji",
              "runs": {
                "batter": 0,
                "extras": 0,
                "total": 0
              }
            },
            {
              "batter": "M Yanagida",
              "bowler": "MI Tato",
              "non_striker": "S Miyaji",
              "runs": {
                "batter": 0,
                "extras": 0,
                "total": 0
              }
            },
            {
              "batter": "M Yanagida",
              "bowler": "MI Tato",
              "non_striker": "S Miyaji",
              "runs": {
                "batter": 0,
                "extras": 0,
                "total": 0
              }
            }
          ]
        },
        {
          "over": 13,
          "deliveries": [
            {
              "batter": "S Miyaji",
              "bowler": "M Uliao",
              "non_striker": "M Yanagida",
              "runs": {
                "batter": 1,
                "extras": 0,
                "total": 1
              }
            },
            {
              "batter": "M Yanagida",
              "bowler": "M Uliao",
              "non_striker": "S Miyaji",
              "runs": {
                "batter": 0,
                "extras": 0,
                "total": 0
              }
            },
            {
              "batter": "M Yanagida",
              "bowler": "M Uliao",
              "non_striker": "S Miyaji",
              "runs": {
                "batter": 0,
                "extras": 0,
                "total": 0
              }
            },
            {
              "batter": "M Yanagida",
              "bowler": "M Uliao",
              "non_striker": "S Miyaji",
              "runs": {
                "batter": 0,
                "extras": 0,
                "total": 0
              }
            },
            {
              "batter": "M Yanagida",
              "bowler": "M Uliao",
              "non_striker": "S Miyaji",
              "runs": {
                "batter": 1,
                "extras": 0,
                "total": 1
              }
            },
            {
              "batter": "S Miyaji",
              "bowler": "M Uliao",
              "non_striker": "M Yanagida",
              "runs": {
                "batter": 0,
                "extras": 0,
                "total": 0
              }
            }
          ]
        },
        {
          "over": 14,
          "deliveries": [
            {
              "batter": "M Yanagida",
              "bowler": "T Lafai",
              "non_striker": "S Miyaji",
              "runs": {
                "batter": 0,
                "extras": 0,
                "total": 0
              }
            },
            {
              "batter": "M Yanagida",
              "bowler": "T Lafai",
              "non_striker": "S Miyaji",
              "runs": {
                "batter": 0,
                "extras": 0,
                "total": 0
              }
            },
            {
              "batter": "M Yanagida",
              "bowler": "T Lafai",
              "extras": {
                "noballs": 1
              },
              "non_striker": "S Miyaji",
              "runs": {
                "batter": 1,
                "extras": 1,
                "total": 2
              }
            },
            {
              "batter": "S Miyaji",
              "bowler": "T Lafai",
              "non_striker": "M Yanagida",
              "runs": {
                "batter": 1,
                "extras": 0,
                "total": 1
              }
            },
            {
              "batter": "M Yanagida",
              "bowler": "T Lafai",
              "non_striker": "S Miyaji",
              "runs": {
                "batter": 0,
                "extras": 0,
                "total": 0
              },
              "wickets": [
                {
                  "player_out": "M Yanagida",
                  "fielders": [
                    {
                      "name": "LA Bourne"
                    }
                  ],
                  "kind": "stumped"
                }
              ]
            },
            {
              "batter": "M Kanno",
              "bowler": "T Lafai",
              "non_striker": "S Miyaji",
              "runs": {
                "batter": 0,
                "extras": 0,
                "total": 0
              }
            },
            {
              "batter": "M Kanno",
              "bowler": "T Lafai",
              "non_striker": "S Miyaji",
              "runs": {
                "batter": 0,
                "extras": 0,
                "total": 0
              }
            }
          ]
        },
        {
          "over": 15,
          "deliveries": [
            {
              "batter": "S Miyaji",
              "bowler": "M Uliao",
              "non_striker": "M Kanno",
              "runs": {
                "batter": 1,
                "extras": 0,
                "total": 1
              }
            },
            {
              "batter": "M Kanno",
              "bowler": "M Uliao",
              "non_striker": "S Miyaji",
              "runs": {
                "batter": 0,
                "extras": 0,
                "total": 0
              }
            },
            {
              "batter": "M Kanno",
              "bowler": "M Uliao",
              "non_striker": "S Miyaji",
              "runs": {
                "batter": 0,
                "extras": 0,
                "total": 0
              }
            },
            {
              "batter": "M Kanno",
              "bowler": "M Uliao",
              "non_striker": "S Miyaji",
              "runs": {
                "batter": 0,
                "extras": 0,
                "total": 0
              }
            },
            {
              "batter": "M Kanno",
              "bowler": "M Uliao",
              "non_striker": "S Miyaji",
              "runs": {
                "batter": 0,
                "extras": 0,
                "total": 0
              }
            },
            {
              "batter": "M Kanno",
              "bowler": "M Uliao",
              "non_striker": "S Miyaji",
              "runs": {
                "batter": 1,
                "extras": 0,
                "total": 1
              }
            }
          ]
        },
        {
          "over": 16,
          "deliveries": [
            {
              "batter": "M Kanno",
              "bowler": "T Lafai",
              "non_striker": "S Miyaji",
              "runs": {
                "batter": 1,
                "extras": 0,
                "total": 1
              }
            },
            {
              "batter": "S Miyaji",
              "bowler": "T Lafai",
              "non_striker": "M Kanno",
              "runs": {
                "batter": 0,
                "extras": 0,
                "total": 0
              }
            },
            {
              "batter": "S Miyaji",
              "bowler": "T Lafai",
              "non_striker": "M Kanno",
              "runs": {
                "batter": 1,
                "extras": 0,
                "total": 1
              }
            },
            {
              "batter": "M Kanno",
              "bowler": "T Lafai",
              "non_striker": "S Miyaji",
              "runs": {
                "batter": 1,
                "extras": 0,
                "total": 1
              }
            },
            {
              "batter": "S Miyaji",
              "bowler": "T Lafai",
              "non_striker": "M Kanno",
              "runs": {
                "batter": 0,
                "extras": 0,
                "total": 0
              }
            },
            {
              "batter": "S Miyaji",
              "bowler": "T Lafai",
              "non_striker": "M Kanno",
              "runs": {
                "batter": 0,
                "extras": 0,
                "total": 0
              }
            }
          ]
        },
        {
          "over": 17,
          "deliveries": [
            {
              "batter": "M Kanno",
              "bowler": "M Uliao",
              "non_striker": "S Miyaji",
              "runs": {
                "batter": 1,
                "extras": 0,
                "total": 1
              }
            },
            {
              "batter": "S Miyaji",
              "bowler": "M Uliao",
              "non_striker": "M Kanno",
              "runs": {
                "batter": 1,
                "extras": 0,
                "total": 1
              }
            },
            {
              "batter": "M Kanno",
              "bowler": "M Uliao",
              "non_striker": "S Miyaji",
              "runs": {
                "batter": 1,
                "extras": 0,
                "total": 1
              }
            },
            {
              "batter": "S Miyaji",
              "bowler": "M Uliao",
              "non_striker": "M Kanno",
              "runs": {
                "batter": 2,
                "extras": 0,
                "total": 2
              }
            },
            {
              "batter": "S Miyaji",
              "bowler": "M Uliao",
              "non_striker": "M Kanno",
              "runs": {
                "batter": 0,
                "extras": 0,
                "total": 0
              },
              "wickets": [
                {
                  "player_out": "S Miyaji",
                  "kind": "run out"
                }
              ]
            },
            {
              "batter": "M Kanno",
              "bowler": "M Uliao",
              "non_striker": "E Kobayashi",
              "runs": {
                "batter": 1,
                "extras": 0,
                "total": 1
              }
            }
          ]
        },
        {
          "over": 18,
          "deliveries": [
            {
              "batter": "M Kanno",
              "bowler": "LO Telea",
              "non_striker": "E Kobayashi",
              "runs": {
                "batter": 1,
                "extras": 0,
                "total": 1
              }
            },
            {
              "batter": "E Kobayashi",
              "bowler": "LO Telea",
              "non_striker": "M Kanno",
              "runs": {
                "batter": 2,
                "extras": 0,
                "total": 2
              }
            },
            {
              "batter": "E Kobayashi",
              "bowler": "LO Telea",
              "non_striker": "M Kanno",
              "runs": {
                "batter": 0,
                "extras": 0,
                "total": 0
              },
              "wickets": [
                {
                  "player_out": "E Kobayashi",
                  "fielders": [
                    {
                      "name": "F Vaelua"
                    }
                  ],
                  "kind": "caught"
                }
              ]
            },
            {
              "batter": "M Kanno",
              "bowler": "LO Telea",
              "non_striker": "R Endo",
              "runs": {
                "batter": 1,
                "extras": 0,
                "total": 1
              }
            },
            {
              "batter": "R Endo",
              "bowler": "LO Telea",
              "non_striker": "M Kanno",
              "runs": {
                "batter": 2,
                "extras": 0,
                "total": 2
              }
            },
            {
              "batter": "R Endo",
              "bowler": "LO Telea",
              "non_striker": "M Kanno",
              "runs": {
                "batter": 1,
                "extras": 0,
                "total": 1
              }
            }
          ]
        },
        {
          "over": 19,
          "deliveries": [
            {
              "batter": "R Endo",
              "bowler": "RSM Lili'i",
              "non_striker": "M Kanno",
              "runs": {
                "batter": 2,
                "extras": 0,
                "total": 2
              }
            },
            {
              "batter": "R Endo",
              "bowler": "RSM Lili'i",
              "non_striker": "M Kanno",
              "runs": {
                "batter": 2,
                "extras": 0,
                "total": 2
              }
            },
            {
              "batter": "R Endo",
              "bowler": "RSM Lili'i",
              "non_striker": "M Kanno",
              "runs": {
                "batter": 1,
                "extras": 0,
                "total": 1
              }
            },
            {
              "batter": "M Kanno",
              "bowler": "RSM Lili'i",
              "non_striker": "R Endo",
              "runs": {
                "batter": 1,
                "extras": 0,
                "total": 1
              }
            },
            {
              "batter": "R Endo",
              "bowler": "RSM Lili'i",
              "non_striker": "M Kanno",
              "runs": {
                "batter": 1,
                "extras": 0,
                "total": 1
              }
            },
            {
              "batter": "M Kanno",
              "bowler": "RSM Lili'i",
              "non_striker": "R Endo",
              "runs": {
                "batter": 0,
                "extras": 0,
                "total": 0
              },
              "wickets": [
                {
                  "player_out": "M Kanno",
                  "fielders": [
                    {
                      "name": "KML Nonu"
                    }
                  ],
                  "kind": "caught"
                }
              ]
            }
          ]
        }
      ],
      "powerplays": [
        {
          "from": 0.1,
          "to": 5.6,
          "type": "mandatory"
        }
      ]
    },
    {
      "team": "Samoa",
      "overs": [
        {
          "over": 0,
          "deliveries": [
            {
              "batter": "LO Telea",
              "bowler": "K Ota",
              "non_striker": "VM Andrew",
              "runs": {
                "batter": 1,
                "extras": 0,
                "total": 1
              }
            },
            {
              "batter": "VM Andrew",
              "bowler": "K Ota",
              "non_striker": "LO Telea",
              "runs": {
                "batter": 0,
                "extras": 0,
                "total": 0
              }
            },
            {
              "batter": "VM Andrew",
              "bowler": "K Ota",
              "extras": {
                "wides": 1
              },
              "non_striker": "LO Telea",
              "runs": {
                "batter": 0,
                "extras": 1,
                "total": 1
              }
            },
            {
              "batter": "VM Andrew",
              "bowler": "K Ota",
              "extras": {
                "wides": 1
              },
              "non_striker": "LO Telea",
              "runs": {
                "batter": 0,
                "extras": 1,
                "total": 1
              }
            },
            {
              "batter": "VM Andrew",
              "bowler": "K Ota",
              "non_striker": "LO Telea",
              "runs": {
                "batter": 1,
                "extras": 0,
                "total": 1
              }
            },
            {
              "batter": "LO Telea",
              "bowler": "K Ota",
              "non_striker": "VM Andrew",
              "runs": {
                "batter": 1,
                "extras": 0,
                "total": 1
              }
            },
            {
              "batter": "VM Andrew",
              "bowler": "K Ota",
              "non_striker": "LO Telea",
              "runs": {
                "batter": 1,
                "extras": 0,
                "total": 1
              }
            },
            {
              "batter": "LO Telea",
              "bowler": "K Ota",
              "extras": {
                "wides": 1
              },
              "non_striker": "VM Andrew",
              "runs": {
                "batter": 0,
                "extras": 1,
                "total": 1
              }
            },
            {
              "batter": "LO Telea",
              "bowler": "K Ota",
              "non_striker": "VM Andrew",
              "runs": {
                "batter": 0,
                "extras": 0,
                "total": 0
              }
            }
          ]
        },
        {
          "over": 1,
          "deliveries": [
            {
              "batter": "VM Andrew",
              "bowler": "S Miyaji",
              "non_striker": "LO Telea",
              "runs": {
                "batter": 0,
                "extras": 0,
                "total": 0
              }
            },
            {
              "batter": "VM Andrew",
              "bowler": "S Miyaji",
              "non_striker": "LO Telea",
              "runs": {
                "batter": 1,
                "extras": 0,
                "total": 1
              }
            },
            {
              "batter": "LO Telea",
              "bowler": "S Miyaji",
              "non_striker": "VM Andrew",
              "runs": {
                "batter": 0,
                "extras": 0,
                "total": 0
              }
            },
            {
              "batter": "LO Telea",
              "bowler": "S Miyaji",
              "non_striker": "VM Andrew",
              "runs": {
                "batter": 0,
                "extras": 0,
                "total": 0
              }
            },
            {
              "batter": "LO Telea",
              "bowler": "S Miyaji",
              "non_striker": "VM Andrew",
              "runs": {
                "batter": 0,
                "extras": 0,
                "total": 0
              }
            },
            {
              "batter": "LO Telea",
              "bowler": "S Miyaji",
              "non_striker": "VM Andrew",
              "runs": {
                "batter": 0,
                "extras": 0,
                "total": 0
              }
            }
          ]
        },
        {
          "over": 2,
          "deliveries": [
            {
              "batter": "VM Andrew",
              "bowler": "M Kanno",
              "extras": {
                "wides": 1
              },
              "non_striker": "LO Telea",
              "runs": {
                "batter": 0,
                "extras": 1,
                "total": 1
              }
            },
            {
              "batter": "VM Andrew",
              "bowler": "M Kanno",
              "non_striker": "LO Telea",
              "runs": {
                "batter": 0,
                "extras": 0,
                "total": 0
              }
            },
            {
              "batter": "VM Andrew",
              "bowler": "M Kanno",
              "non_striker": "LO Telea",
              "runs": {
                "batter": 0,
                "extras": 0,
                "total": 0
              }
            },
            {
              "batter": "VM Andrew",
              "bowler": "M Kanno",
              "extras": {
                "wides": 1
              },
              "non_striker": "LO Telea",
              "runs": {
                "batter": 0,
                "extras": 1,
                "total": 1
              }
            },
            {
              "batter": "VM Andrew",
              "bowler": "M Kanno",
              "non_striker": "LO Telea",
              "runs": {
                "batter": 0,
                "extras": 0,
                "total": 0
              }
            },
            {
              "batter": "VM Andrew",
              "bowler": "M Kanno",
              "non_striker": "LO Telea",
              "runs": {
                "batter": 4,
                "extras": 0,
                "total": 4
              }
            },
            {
              "batter": "VM Andrew",
              "bowler": "M Kanno",
              "extras": {
                "wides": 1
              },
              "non_striker": "LO Telea",
              "runs": {
                "batter": 0,
                "extras": 1,
                "total": 1
              }
            },
            {
              "batter": "VM Andrew",
              "bowler": "M Kanno",
              "non_striker": "LO Telea",
              "runs": {
                "batter": 0,
                "extras": 0,
                "total": 0
              },
              "wickets": [
                {
                  "player_out": "VM Andrew",
                  "kind": "bowled"
                }
              ]
            },
            {
              "batter": "RSM Lili'i",
              "bowler": "M Kanno",
              "non_striker": "LO Telea",
              "runs": {
                "batter": 0,
                "extras": 0,
                "total": 0
              }
            }
          ]
        },
        {
          "over": 3,
          "deliveries": [
            {
              "batter": "LO Telea",
              "bowler": "S Miyaji",
              "non_striker": "RSM Lili'i",
              "runs": {
                "batter": 1,
                "extras": 0,
                "total": 1
              }
            },
            {
              "batter": "RSM Lili'i",
              "bowler": "S Miyaji",
              "non_striker": "LO Telea",
              "runs": {
                "batter": 0,
                "extras": 0,
                "total": 0
              }
            },
            {
              "batter": "RSM Lili'i",
              "bowler": "S Miyaji",
              "non_striker": "LO Telea",
              "runs": {
                "batter": 0,
                "extras": 0,
                "total": 0
              }
            },
            {
              "batter": "RSM Lili'i",
              "bowler": "S Miyaji",
              "non_striker": "LO Telea",
              "runs": {
                "batter": 1,
                "extras": 0,
                "total": 1
              }
            },
            {
              "batter": "LO Telea",
              "bowler": "S Miyaji",
              "non_striker": "RSM Lili'i",
              "runs": {
                "batter": 0,
                "extras": 0,
                "total": 0
              }
            },
            {
              "batter": "LO Telea",
              "bowler": "S Miyaji",
              "non_striker": "RSM Lili'i",
              "runs": {
                "batter": 0,
                "extras": 0,
                "total": 0
              }
            }
          ]
        },
        {
          "over": 4,
          "deliveries": [
            {
              "batter": "RSM Lili'i",
              "bowler": "A Umetani",
              "extras": {
                "noballs": 1
              },
              "non_striker": "LO Telea",
              "runs": {
                "batter": 2,
                "extras": 1,
                "total": 3
              }
            },
            {
              "batter": "RSM Lili'i",
              "bowler": "A Umetani",
              "non_striker": "LO Telea",
              "runs": {
                "batter": 1,
                "extras": 0,
                "total": 1
              }
            },
            {
              "batter": "LO Telea",
              "bowler": "A Umetani",
              "non_striker": "RSM Lili'i",
              "runs": {
                "batter": 2,
                "extras": 0,
                "total": 2
              }
            },
            {
              "batter": "LO Telea",
              "bowler": "A Umetani",
              "extras": {
                "noballs": 1
              },
              "non_striker": "RSM Lili'i",
              "runs": {
                "batter": 4,
                "extras": 1,
                "total": 5
              }
            },
            {
              "batter": "LO Telea",
              "bowler": "A Umetani",
              "non_striker": "RSM Lili'i",
              "runs": {
                "batter": 0,
                "extras": 0,
                "total": 0
              }
            },
            {
              "batter": "LO Telea",
              "bowler": "A Umetani",
              "non_striker": "RSM Lili'i",
              "runs": {
                "batter": 4,
                "extras": 0,
                "total": 4
              }
            },
            {
              "batter": "LO Telea",
              "bowler": "A Umetani",
              "non_striker": "RSM Lili'i",
              "runs": {
                "batter": 0,
                "extras": 0,
                "total": 0
              }
            },
            {
              "batter": "LO Telea",
              "bowler": "A Umetani",
              "non_striker": "RSM Lili'i",
              "runs": {
                "batter": 0,
                "extras": 0,
                "total": 0
              }
            }
          ]
        },
        {
          "over": 5,
          "deliveries": [
            {
              "batter": "RSM Lili'i",
              "bowler": "M Yanagida",
              "non_striker": "LO Telea",
              "runs": {
                "batter": 1,
                "extras": 0,
                "total": 1
              }
            },
            {
              "batter": "LO Telea",
              "bowler": "M Yanagida",
              "extras": {
                "wides": 1
              },
              "non_striker": "RSM Lili'i",
              "runs": {
                "batter": 0,
                "extras": 1,
                "total": 1
              }
            },
            {
              "batter": "LO Telea",
              "bowler": "M Yanagida",
              "non_striker": "RSM Lili'i",
              "runs": {
                "batter": 1,
                "extras": 0,
                "total": 1
              }
            },
            {
              "batter": "RSM Lili'i",
              "bowler": "M Yanagida",
              "extras": {
                "wides": 1
              },
              "non_striker": "LO Telea",
              "runs": {
                "batter": 0,
                "extras": 1,
                "total": 1
              }
            },
            {
              "batter": "RSM Lili'i",
              "bowler": "M Yanagida",
              "non_striker": "LO Telea",
              "runs": {
                "batter": 1,
                "extras": 0,
                "total": 1
              }
            },
            {
              "batter": "LO Telea",
              "bowler": "M Yanagida",
              "extras": {
                "wides": 1
              },
              "non_striker": "RSM Lili'i",
              "runs": {
                "batter": 0,
                "extras": 1,
                "total": 1
              }
            },
            {
              "batter": "LO Telea",
              "bowler": "M Yanagida",
              "non_striker": "RSM Lili'i",
              "runs": {
                "batter": 0,
                "extras": 0,
                "total": 0
              }
            },
            {
              "batter": "LO Telea",
              "bowler": "M Yanagida",
              "non_striker": "RSM Lili'i",
              "runs": {
                "batter": 0,
                "extras": 0,
                "total": 0
              }
            },
            {
              "batter": "LO Telea",
              "bowler": "M Yanagida",
              "non_striker": "RSM Lili'i",
              "runs": {
                "batter": 0,
                "extras": 0,
                "total": 0
              }
            }
          ]
        },
        {
          "over": 6,
          "deliveries": [
            {
              "batter": "RSM Lili'i",
              "bowler": "K Ota",
              "non_striker": "LO Telea",
              "runs": {
                "batter": 0,
                "extras": 0,
                "total": 0
              }
            },
            {
              "batter": "RSM Lili'i",
              "bowler": "K Ota",
              "non_striker": "LO Telea",
              "runs": {
                "batter": 0,
                "extras": 0,
                "total": 0
              }
            },
            {
              "batter": "RSM Lili'i",
              "bowler": "K Ota",
              "non_striker": "LO Telea",
              "runs": {
                "batter": 0,
                "extras": 0,
                "total": 0
              }
            },
            {
              "batter": "RSM Lili'i",
              "bowler": "K Ota",
              "non_striker": "LO Telea",
              "runs": {
                "batter": 0,
                "extras": 0,
                "total": 0
              }
            },
            {
              "batter": "RSM Lili'i",
              "bowler": "K Ota",
              "non_striker": "LO Telea",
              "runs": {
                "batter": 0,
                "extras": 0,
                "total": 0
              }
            },
            {
              "batter": "RSM Lili'i",
              "bowler": "K Ota",
              "non_striker": "LO Telea",
              "runs": {
                "batter": 4,
                "extras": 0,
                "total": 4
              }
            }
          ]
        },
        {
          "over": 7,
          "deliveries": [
            {
              "batter": "LO Telea",
              "bowler": "S Miyaji",
              "non_striker": "RSM Lili'i",
              "runs": {
                "batter": 0,
                "extras": 0,
                "total": 0
              }
            },
            {
              "batter": "LO Telea",
              "bowler": "S Miyaji",
              "non_striker": "RSM Lili'i",
              "runs": {
                "batter": 0,
                "extras": 0,
                "total": 0
              }
            },
            {
              "batter": "LO Telea",
              "bowler": "S Miyaji",
              "non_striker": "RSM Lili'i",
              "runs": {
                "batter": 1,
                "extras": 0,
                "total": 1
              }
            },
            {
              "batter": "RSM Lili'i",
              "bowler": "S Miyaji",
              "non_striker": "LO Telea",
              "runs": {
                "batter": 1,
                "extras": 0,
                "total": 1
              }
            },
            {
              "batter": "LO Telea",
              "bowler": "S Miyaji",
              "non_striker": "RSM Lili'i",
              "runs": {
                "batter": 1,
                "extras": 0,
                "total": 1
              }
            },
            {
              "batter": "RSM Lili'i",
              "bowler": "S Miyaji",
              "non_striker": "LO Telea",
              "runs": {
                "batter": 0,
                "extras": 0,
                "total": 0
              }
            }
          ]
        },
        {
          "over": 8,
          "deliveries": [
            {
              "batter": "LO Telea",
              "bowler": "K Ota",
              "non_striker": "RSM Lili'i",
              "runs": {
                "batter": 0,
                "extras": 0,
                "total": 0
              }
            },
            {
              "batter": "LO Telea",
              "bowler": "K Ota",
              "non_striker": "RSM Lili'i",
              "runs": {
                "batter": 0,
                "extras": 0,
                "total": 0
              }
            },
            {
              "batter": "LO Telea",
              "bowler": "K Ota",
              "non_striker": "RSM Lili'i",
              "runs": {
                "batter": 1,
                "extras": 0,
                "total": 1
              }
            },
            {
              "batter": "RSM Lili'i",
              "bowler": "K Ota",
              "non_striker": "LO Telea",
              "runs": {
                "batter": 0,
                "extras": 0,
                "total": 0
              }
            },
            {
              "batter": "RSM Lili'i",
              "bowler": "K Ota",
              "non_striker": "LO Telea",
              "runs": {
                "batter": 1,
                "extras": 0,
                "total": 1
              }
            },
            {
              "batter": "LO Telea",
              "bowler": "K Ota",
              "non_striker": "RSM Lili'i",
              "runs": {
                "batter": 0,
                "extras": 0,
                "total": 0
              }
            }
          ]
        },
        {
          "over": 9,
          "deliveries": [
            {
              "batter": "RSM Lili'i",
              "bowler": "S Miyaji",
              "non_striker": "LO Telea",
              "runs": {
                "batter": 0,
                "extras": 0,
                "total": 0
              },
              "wickets": [
                {
                  "player_out": "RSM Lili'i",
                  "fielders": [
                    {
                      "name": "E Yamaguchi"
                    }
                  ],
                  "kind": "stumped"
                }
              ]
            },
            {
              "batter": "LA Bourne",
              "bowler": "S Miyaji",
              "non_striker": "LO Telea",
              "runs": {
                "batter": 0,
                "extras": 0,
                "total": 0
              },
              "wickets": [
                {
                  "player_out": "LA Bourne",
                  "kind": "lbw"
                }
              ]
            },
            {
              "batter": "F Vaelua",
              "bowler": "S Miyaji",
              "non_striker": "LO Telea",
              "runs": {
                "batter": 0,
                "extras": 0,
                "total": 0
              }
            },
            {
              "batter": "F Vaelua",
              "bowler": "S Miyaji",
              "non_striker": "LO Telea",
              "runs": {
                "batter": 4,
                "extras": 0,
                "total": 4
              }
            }
          ]
        }
      ],
      "powerplays": [
        {
          "from": 0.1,
          "to": 5.9,
          "type": "mandatory"
        }
      ],
      "target": {
        "overs": 20,
        "runs": 50
      }
    }
  ]
}