{
  "meta": {
    "data_version": "1.0.0",
    "created": "2020-10-09",
    "revision": 2
  },
  "info": {
    "balls_per_over": 6,
    "city": "Windhoek",
    "dates": [
      "2017-09-13"
    ],
    "event": {
      "name": "ICC Women's World Twenty20 Qualifying Series Africa Region",
      "match_number": 10
    },
    "gender": "female",
    "match_type": "IT20",
    "officials": {
      "match_referees": [
        "DT Jukes"
      ],
      "reserve_umpires": [
        "Patric Makumbi"
      ],
      "umpires": [
        "Emmanuel Byiringiro",
        "JJ Luck"
      ]
    },
    "outcome": {
      "winner": "Zimbabwe",
      "by": {
        "runs": 59
      }
    },
    "overs": 20,
    "player_of_match": [
      "CS Mugeri-Tiripano"
    ],
    "players": {
      "Zimbabwe": [
        "A Ndiraya",
        "M Mupachikwa",
        "CS Mugeri-Tiripano",
        "P Marange",
        "J Nkomo",
        "AC Mushangwe",
        "L Tshuma",
        "T Granger",
        "CT Dhururu",
        "N Sibanda",
        "E Mbofana"
      ],
      "Uganda": [
        "R Ntono",
        "S Kemigisha",
        "I Nakisuuyi",
        "G Candiru",
        "F Najjumba",
        "M Nalule",
        "S Nampiina",
        "R Musamali",
        "JM Apio",
        "K Awino",
        "C Aweko"
      ]
    },
    "registry": {
      "people": {
        "A Ndiraya": "c8e6bddd",
        "AC Mushangwe": "db873292",
        "C Aweko": "01c1b96c",
        "CS Mugeri-Tiripano": "99c86133",
        "CT Dhururu": "8d7fba79",
        "DT Jukes": "7c215d14",
        "E Mbofana": "657da2f4",
        "Emmanuel Byiringiro": "d89c27d1",
        "F Najjumba": "791dca18",
        "G Candiru": "fc2150f4",
        "I Nakisuuyi": "2f145a4f",
        "J Nkomo": "36dfa62e",
        "JJ Luck": "85d0d93d",
        "JM Apio": "2842d925",
        "K Awino": "c4e7749a",
        "L Tshuma": "f281dd00",
        "M Mupachikwa": "6657b319",
        "M Nalule": "23ba2db7",
        "N Sibanda": "edf62a25",
        "P Marange": "a4f1fdd4",
        "Patric Makumbi": "e4c69c16",
        "R Musamali": "017cadb2",
        "R Ntono": "4b6da99c",
        "S Kemigisha": "05026222",
        "S Nampiina": "91d9aa26",
        "T Granger": "2beae660"
      }
    },
    "season": "2017",
    "team_type": "international",
    "teams": [
      "Zimbabwe",
      "Uganda"
    ],
    "toss": {
      "decision": "field",
      "winner": "Uganda"
    },
    "venue": "Wanderers Cricket Ground"
  },
  "innings": [
    {
      "team": "Zimbabwe",
      "overs": [
        {
          "over": 0,
          "deliveries": [
            {
              "batter": "A Ndiraya",
              "bowler": "JM Apio",
              "non_striker": "M Mupachikwa",
              "runs": {
                "batter": 0,
                "extras": 0,
                "total": 0
              }
            },
            {
              "batter": "A Ndiraya",
              "bowler": "JM Apio",
              "extras": {
                "wides": 1
              },
              "non_striker": "M Mupachikwa",
              "runs": {
                "batter": 0,
                "extras": 1,
                "total": 1
              }
            },
            {
              "batter": "A Ndiraya",
              "bowler": "JM Apio",
              "non_striker": "M Mupachikwa",
              "runs": {
                "batter": 0,
                "extras": 0,
                "total": 0
              }
            },
            {
              "batter": "A Ndiraya",
              "bowler": "JM Apio",
              "non_striker": "M Mupachikwa",
              "runs": {
                "batter": 0,
                "extras": 0,
                "total": 0
              }
            },
            {
              "batter": "A Ndiraya",
              "bowler": "JM Apio",
              "non_striker": "M Mupachikwa",
              "runs": {
                "batter": 0,
                "extras": 0,
                "total": 0
              }
            },
            {
              "batter": "A Ndiraya",
              "bowler": "JM Apio",
              "non_striker": "M Mupachikwa",
              "runs": {
                "batter": 0,
                "extras": 0,
                "total": 0
              }
            },
            {
              "batter": "A Ndiraya",
              "bowler": "JM Apio",
              "non_striker": "M Mupachikwa",
              "runs": {
                "batter": 0,
                "extras": 0,
                "total": 0
              }
            }
          ]
        },
        {
          "over": 1,
          "deliveries": [
            {
              "batter": "M Mupachikwa",
              "bowler": "C Aweko",
              "non_striker": "A Ndiraya",
              "runs": {
                "batter": 0,
                "extras": 0,
                "total": 0
              }
            },
            {
              "batter": "M Mupachikwa",
              "bowler": "C Aweko",
              "non_striker": "A Ndiraya",
              "runs": {
                "batter": 0,
                "extras": 0,
                "total": 0
              }
            },
            {
              "batter": "M Mupachikwa",
              "bowler": "C Aweko",
              "non_striker": "A Ndiraya",
              "runs": {
                "batter": 4,
                "extras": 0,
                "total": 4
              }
            },
            {
              "batter": "M Mupachikwa",
              "bowler": "C Aweko",
              "non_striker": "A Ndiraya",
              "runs": {
                "batter": 0,
                "extras": 0,
                "total": 0
              }
            },
            {
              "batter": "M Mupachikwa",
              "bowler": "C Aweko",
              "non_striker": "A Ndiraya",
              "runs": {
                "batter": 1,
                "extras": 0,
                "total": 1
              }
            },
            {
              "batter": "A Ndiraya",
              "bowler": "C Aweko",
              "non_striker": "M Mupachikwa",
              "runs": {
                "batter": 0,
                "extras": 0,
                "total": 0
              }
            }
          ]
        },
        {
          "over": 2,
          "deliveries": [
            {
              "batter": "M Mupachikwa",
              "bowler": "JM Apio",
              "non_striker": "A Ndiraya",
              "runs": {
                "batter": 2,
                "extras": 0,
                "total": 2
              }
            },
            {
              "batter": "M Mupachikwa",
              "bowler": "JM Apio",
              "non_striker": "A Ndiraya",
              "runs": {
                "batter": 0,
                "extras": 0,
                "total": 0
              }
            },
            {
              "batter": "M Mupachikwa",
              "bowler": "JM Apio",
              "non_striker": "A Ndiraya",
              "runs": {
                "batter": 4,
                "extras": 0,
                "total": 4
              }
            },
            {
              "batter": "M Mupachikwa",
              "bowler": "JM Apio",
              "non_striker": "A Ndiraya",
              "runs": {
                "batter": 4,
                "extras": 0,
                "total": 4
              }
            },
            {
              "batter": "M Mupachikwa",
              "bowler": "JM Apio",
              "non_striker": "A Ndiraya",
              "runs": {
                "batter": 1,
                "extras": 0,
                "total": 1
              }
            },
            {
              "batter": "A Ndiraya",
              "bowler": "JM Apio",
              "extras": {
                "wides": 1
              },
              "non_striker": "M Mupachikwa",
              "runs": {
                "batter": 0,
                "extras": 1,
                "total": 1
              }
            },
            {
              "batter": "A Ndiraya",
              "bowler": "JM Apio",
              "extras": {
                "wides": 2
              },
              "non_striker": "M Mupachikwa",
              "runs": {
                "batter": 0,
                "extras": 2,
                "total": 2
              }
            },
            {
              "batter": "M Mupachikwa",
              "bowler": "JM Apio",
              "non_striker": "A Ndiraya",
              "runs": {
                "batter": 0,
                "extras": 0,
                "total": 0
              }
            }
          ]
        },
        {
          "over": 3,
          "deliveries": [
            {
              "batter": "A Ndiraya",
              "bowler": "C Aweko",
              "non_striker": "M Mupachikwa",
              "runs": {
                "batter": 1,
                "extras": 0,
                "total": 1
              }
            },
            {
              "batter": "M Mupachikwa",
              "bowler": "C Aweko",
              "non_striker": "A Ndiraya",
              "runs": {
                "batter": 0,
                "extras": 0,
                "total": 0
              }
            },
            {
              "batter": "M Mupachikwa",
              "bowler": "C Aweko",
              "non_striker": "A Ndiraya",
              "runs": {
                "batter": 0,
                "extras": 0,
                "total": 0
              }
            },
            {
              "batter": "M Mupachikwa",
              "bowler": "C Aweko",
              "non_striker": "A Ndiraya",
              "runs": {
                "batter": 1,
                "extras": 0,
                "total": 1
              }
            },
            {
              "batter": "A Ndiraya",
              "bowler": "C Aweko",
              "non_striker": "M Mupachikwa",
              "runs": {
                "batter": 0,
                "extras": 0,
                "total": 0
              }
            },
            {
              "batter": "A Ndiraya",
              "bowler": "C Aweko",
              "non_striker": "M Mupachikwa",
              "runs": {
                "batter": 1,
                "extras": 0,
                "total": 1
              }
            }
          ]
        },
        {
          "over": 4,
          "deliveries": [
            {
              "batter": "A Ndiraya",
              "bowler": "R Musamali",
              "non_striker": "M Mupachikwa",
              "runs": {
                "batter": 4,
                "extras": 0,
                "total": 4
              }
            },
            {
              "batter": "A Ndiraya",
              "bowler": "R Musamali",
              "non_striker": "M Mupachikwa",
              "runs": {
                "batter": 0,
                "extras": 0,
                "total": 0
              }
            },
            {
              "batter": "A Ndiraya",
              "bowler": "R Musamali",
              "non_striker": "M Mupachikwa",
              "runs": {
                "batter": 1,
                "extras": 0,
                "total": 1
              }
            },
            {
              "batter": "M Mupachikwa",
              "bowler": "R Musamali",
              "extras": {
                "wides": 1
              },
              "non_striker": "A Ndiraya",
              "runs": {
                "batter": 0,
                "extras": 1,
                "total": 1
              }
            },
            {
              "batter": "M Mupachikwa",
              "bowler": "R Musamali",
              "non_striker": "A Ndiraya",
              "runs": {
                "batter": 0,
                "extras": 0,
                "total": 0
              }
            },
            {
              "batter": "M Mupachikwa",
              "bowler": "R Musamali",
              "non_striker": "A Ndiraya",
              "runs": {
                "batter": 4,
                "extras": 0,
                "total": 4
              }
            },
            {
              "batter": "M Mupachikwa",
              "bowler": "R Musamali",
              "extras": {
                "legbyes": 1
              },
              "non_striker": "A Ndiraya",
              "runs": {
                "batter": 0,
                "extras": 1,
                "total": 1
              }
            }
          ]
        },
        {
          "over": 5,
          "deliveries": [
            {
              "batter": "M Mupachikwa",
              "bowler": "C Aweko",
              "non_striker": "A Ndiraya",
              "runs": {
                "batter": 0,
                "extras": 0,
                "total": 0
              }
            },
            {
              "batter": "M Mupachikwa",
              "bowler": "C Aweko",
              "non_striker": "A Ndiraya",
              "runs": {
                "batter": 0,
                "extras": 0,
                "total": 0
              }
            },
            {
              "batter": "M Mupachikwa",
              "bowler": "C Aweko",
              "non_striker": "A Ndiraya",
              "runs": {
                "batter": 0,
                "extras": 0,
                "total": 0
              }
            },
            {
              "batter": "M Mupachikwa",
              "bowler": "C Aweko",
              "non_striker": "A Ndiraya",
              "runs": {
                "batter": 0,
                "extras": 0,
                "total": 0
              }
            },
            {
              "batter": "M Mupachikwa",
              "bowler": "C Aweko",
              "non_striker": "A Ndiraya",
              "runs": {
                "batter": 0,
                "extras": 0,
                "total": 0
              }
            },
            {
              "batter": "M Mupachikwa",
              "bowler": "C Aweko",
              "non_striker": "A Ndiraya",
              "runs": {
                "batter": 0,
                "extras": 0,
                "total": 0
              }
            }
          ]
        },
        {
          "over": 6,
          "deliveries": [
            {
              "batter": "A Ndiraya",
              "bowler": "R Musamali",
              "non_striker": "M Mupachikwa",
              "runs": {
                "batter": 1,
                "extras": 0,
                "total": 1
              }
            },
            {
              "batter": "M Mupachikwa",
              "bowler": "R Musamali",
              "non_striker": "A Ndiraya",
              "runs": {
                "batter": 1,
                "extras": 0,
                "total": 1
              }
            },
            {
              "batter": "A Ndiraya",
              "bowler": "R Musamali",
              "non_striker": "M Mupachikwa",
              "runs": {
                "batter": 1,
                "extras": 0,
                "total": 1
              }
            },
            {
              "batter": "M Mupachikwa",
              "bowler": "R Musamali",
              "non_striker": "A Ndiraya",
              "runs": {
                "batter": 0,
                "extras": 0,
                "total": 0
              }
            },
            {
              "batter": "M Mupachikwa",
              "bowler": "R Musamali",
              "non_striker": "A Ndiraya",
              "runs": {
                "batter": 1,
                "extras": 0,
                "total": 1
              }
            },
            {
              "batter": "A Ndiraya",
              "bowler": "R Musamali",
              "non_striker": "M Mupachikwa",
              "runs": {
                "batter": 1,
                "extras": 0,
                "total": 1
              }
            }
          ]
        },
        {
          "over": 7,
          "deliveries": [
            {
              "batter": "A Ndiraya",
              "bowler": "C Aweko",
              "non_striker": "M Mupachikwa",
              "runs": {
                "batter": 1,
                "extras": 0,
                "total": 1
              }
            },
            {
              "batter": "M Mupachikwa",
              "bowler": "C Aweko",
              "non_striker": "A Ndiraya",
              "runs": {
                "batter": 0,
                "extras": 0,
                "total": 0
              }
            },
            {
              "batter": "M Mupachikwa",
              "bowler": "C Aweko",
              "non_striker": "A Ndiraya",
              "runs": {
                "batter": 2,
                "extras": 0,
                "total": 2
              }
            },
            {
              "batter": "M Mupachikwa",
              "bowler": "C Aweko",
              "non_striker": "A Ndiraya",
              "runs": {
                "batter": 1,
                "extras": 0,
                "total": 1
              }
            },
            {
              "batter": "A Ndiraya",
              "bowler": "C Aweko",
              "non_striker": "M Mupachikwa",
              "runs": {
                "batter": 0,
                "extras": 0,
                "total": 0
              }
            },
            {
              "batter": "A Ndiraya",
              "bowler": "C Aweko",
              "non_striker": "M Mupachikwa",
              "runs": {
                "batter": 1,
                "extras": 0,
                "total": 1
              }
            }
          ]
        },
        {
          "over": 8,
          "deliveries": [
            {
              "batter": "A Ndiraya",
              "bowler": "R Musamali",
              "non_striker": "M Mupachikwa",
              "runs": {
                "batter": 0,
                "extras": 0,
                "total": 0
              }
            },
            {
              "batter": "A Ndiraya",
              "bowler": "R Musamali",
              "non_striker": "M Mupachikwa",
              "runs": {
                "batter": 0,
                "extras": 0,
                "total": 0
              }
            },
            {
              "batter": "A Ndiraya",
              "bowler": "R Musamali",
              "non_striker": "M Mupachikwa",
              "runs": {
                "batter": 0,
                "extras": 0,
                "total": 0
              },
              "wickets": [
                {
                  "player_out": "A Ndiraya",
                  "kind": "bowled"
                }
              ]
            },
            {
              "batter": "CS Mugeri-Tiripano",
              "bowler": "R Musamali",
              "non_striker": "M Mupachikwa",
              "runs": {
                "batter": 0,
                "extras": 0,
                "total": 0
              }
            },
            {
              "batter": "CS Mugeri-Tiripano",
              "bowler": "R Musamali",
              "non_striker": "M Mupachikwa",
              "runs": {
                "batter": 0,
                "extras": 0,
                "total": 0
              }
            },
            {
              "batter": "CS Mugeri-Tiripano",
              "bowler": "R Musamali",
              "extras": {
                "wides": 1
              },
              "non_striker": "M Mupachikwa",
              "runs": {
                "batter": 0,
                "extras": 1,
                "total": 1
              }
            },
            {
              "batter": "CS Mugeri-Tiripano",
              "bowler": "R Musamali",
              "non_striker": "M Mupachikwa",
              "runs": {
                "batter": 1,
                "extras": 0,
                "total": 1
              }
            }
          ]
        },
        {
          "over": 9,
          "deliveries": [
            {
              "batter": "CS Mugeri-Tiripano",
              "bowler": "S Nampiina",
              "non_striker": "M Mupachikwa",
              "runs": {
                "batter": 0,
                "extras": 0,
                "total": 0
              }
            },
            {
              "batter": "CS Mugeri-Tiripano",
              "bowler": "S Nampiina",
              "non_striker": "M Mupachikwa",
              "runs": {
                "batter": 1,
                "extras": 0,
                "total": 1
              }
            },
            {
              "batter": "M Mupachikwa",
              "bowler": "S Nampiina",
              "non_striker": "CS Mugeri-Tiripano",
              "runs": {
                "batter": 0,
                "extras": 0,
                "total": 0
              }
            },
            {
              "batter": "M Mupachikwa",
              "bowler": "S Nampiina",
              "non_striker": "CS Mugeri-Tiripano",
              "runs": {
                "batter": 0,
                "extras": 0,
                "total": 0
              }
            },
            {
              "batter": "M Mupachikwa",
              "bowler": "S Nampiina",
              "non_striker": "CS Mugeri-Tiripano",
              "runs": {
                "batter": 2,
                "extras": 0,
                "total": 2
              }
            },
            {
              "batter": "M Mupachikwa",
              "bowler": "S Nampiina",
              "non_striker": "CS Mugeri-Tiripano",
              "runs": {
                "batter": 4,
                "extras": 0,
                "total": 4
              }
            }
          ]
        },
        {
          "over": 10,
          "deliveries": [
            {
              "batter": "CS Mugeri-Tiripano",
              "bowler": "R Musamali",
              "non_striker": "M Mupachikwa",
              "runs": {
                "batter": 1,
                "extras": 0,
                "total": 1
              }
            },
            {
              "batter": "M Mupachikwa",
              "bowler": "R Musamali",
              "non_striker": "CS Mugeri-Tiripano",
              "runs": {
                "batter": 4,
                "extras": 0,
                "total": 4
              }
            },
            {
              "batter": "M Mupachikwa",
              "bowler": "R Musamali",
              "non_striker": "CS Mugeri-Tiripano",
              "runs": {
                "batter": 2,
                "extras": 0,
                "total": 2
              }
            },
            {
              "batter": "M Mupachikwa",
              "bowler": "R Musamali",
              "non_striker": "CS Mugeri-Tiripano",
              "runs": {
                "batter": 0,
                "extras": 0,
                "total": 0
              }
            },
            {
              "batter": "M Mupachikwa",
              "bowler": "R Musamali",
              "non_striker": "CS Mugeri-Tiripano",
              "runs": {
                "batter": 0,
                "extras": 0,
                "total": 0
              }
            },
            {
              "batter": "M Mupachikwa",
              "bowler": "R Musamali",
              "non_striker": "CS Mugeri-Tiripano",
              "runs": {
                "batter": 0,
                "extras": 0,
                "total": 0
              }
            }
          ]
        },
        {
          "over": 11,
          "deliveries": [
            {
              "batter": "CS Mugeri-Tiripano",
              "bowler": "S Nampiina",
              "non_striker": "M Mupachikwa",
              "runs": {
                "batter": 0,
                "extras": 0,
                "total": 0
              }
            },
            {
              "batter": "CS Mugeri-Tiripano",
              "bowler": "S Nampiina",
              "extras": {
                "wides": 1
              },
              "non_striker": "M Mupachikwa",
              "runs": {
                "batter": 0,
                "extras": 1,
                "total": 1
              }
            },
            {
              "batter": "CS Mugeri-Tiripano",
              "bowler": "S Nampiina",
              "non_striker": "M Mupachikwa",
              "runs": {
                "batter": 4,
                "extras": 0,
                "total": 4
              }
            },
            {
              "batter": "CS Mugeri-Tiripano",
              "bowler": "S Nampiina",
              "extras": {
                "legbyes": 3
              },
              "non_striker": "M Mupachikwa",
              "runs": {
                "batter": 0,
                "extras": 3,
                "total": 3
              }
            },
            {
              "batter": "M Mupachikwa",
              "bowler": "S Nampiina",
              "non_striker": "CS Mugeri-Tiripano",
              "runs": {
                "batter": 1,
                "extras": 0,
                "total": 1
              }
            },
            {
              "batter": "CS Mugeri-Tiripano",
              "bowler": "S Nampiina",
              "non_striker": "M Mupachikwa",
              "runs": {
                "batter": 1,
                "extras": 0,
                "total": 1
              }
            },
            {
              "batter": "M Mupachikwa",
              "bowler": "S Nampiina",
              "extras": {
                "wides": 1
              },
              "non_striker": "CS Mugeri-Tiripano",
              "runs": {
                "batter": 0,
                "extras": 1,
                "total": 1
              }
            },
            {
              "batter": "M Mupachikwa",
              "bowler": "S Nampiina",
              "non_striker": "CS Mugeri-Tiripano",
              "runs": {
                "batter": 1,
                "extras": 0,
                "total": 1
              }
            }
          ]
        },
        {
          "over": 12,
          "deliveries": [
            {
              "batter": "M Mupachikwa",
              "bowler": "G Candiru",
              "non_striker": "CS Mugeri-Tiripano",
              "runs": {
                "batter": 0,
                "extras": 0,
                "total": 0
              }
            },
            {
              "batter": "M Mupachikwa",
              "bowler": "G Candiru",
              "non_striker": "CS Mugeri-Tiripano",
              "runs": {
                "batter": 3,
                "extras": 0,
                "total": 3
              }
            },
            {
              "batter": "CS Mugeri-Tiripano",
              "bowler": "G Candiru",
              "non_striker": "M Mupachikwa",
              "runs": {
                "batter": 0,
                "extras": 0,
                "total": 0
              }
            },
            {
              "batter": "CS Mugeri-Tiripano",
              "bowler": "G Candiru",
              "non_striker": "M Mupachikwa",
              "runs": {
                "batter": 1,
                "extras": 0,
                "total": 1
              }
            },
            {
              "batter": "M Mupachikwa",
              "bowler": "G Candiru",
              "non_striker": "CS Mugeri-Tiripano",
              "runs": {
                "batter": 4,
                "extras": 0,
                "total": 4
              }
            },
            {
              "batter": "M Mupachikwa",
              "bowler": "G Candiru",
              "non_striker": "CS Mugeri-Tiripano",
              "runs": {
                "batter": 0,
                "extras": 0,
                "total": 0
              },
              "wickets": [
                {
                  "player_out": "M Mupachikwa",
                  "kind": "bowled"
                }
              ]
            }
          ]
        },
        {
          "over": 13,
          "deliveries": [
            {
              "batter": "CS Mugeri-Tiripano",
              "bowler": "S Nampiina",
              "non_striker": "P Marange",
              "runs": {
                "batter": 4,
                "extras": 0,
                "total": 4
              }
            },
            {
              "batter": "CS Mugeri-Tiripano",
              "bowler": "S Nampiina",
              "non_striker": "P Marange",
              "runs": {
                "batter": 4,
                "extras": 0,
                "total": 4
              }
            },
            {
              "batter": "CS Mugeri-Tiripano",
              "bowler": "S Nampiina",
              "non_striker": "P Marange",
              "runs": {
                "batter": 4,
                "extras": 0,
                "total": 4
              }
            },
            {
              "batter": "CS Mugeri-Tiripano",
              "bowler": "S Nampiina",
              "non_striker": "P Marange",
              "runs": {
                "batter": 4,
                "extras": 0,
                "total": 4
              }
            },
            {
              "batter": "CS Mugeri-Tiripano",
              "bowler": "S Nampiina",
              "non_striker": "P Marange",
              "runs": {
                "batter": 0,
                "extras": 0,
                "total": 0
              }
            },
            {
              "batter": "CS Mugeri-Tiripano",
              "bowler": "S Nampiina",
              "non_striker": "P Marange",
              "runs": {
                "batter": 0,
                "extras": 0,
                "total": 0
              }
            }
          ]
        },
        {
          "over": 14,
          "deliveries": [
            {
              "batter": "P Marange",
              "bowler": "G Candiru",
              "non_striker": "CS Mugeri-Tiripano",
              "runs": {
                "batter": 0,
                "extras": 0,
                "total": 0
              }
            },
            {
              "batter": "P Marange",
              "bowler": "G Candiru",
              "non_striker": "CS Mugeri-Tiripano",
              "runs": {
                "batter": 1,
                "extras": 0,
                "total": 1
              }
            },
            {
              "batter": "CS Mugeri-Tiripano",
              "bowler": "G Candiru",
              "extras": {
                "legbyes": 1
              },
              "non_striker": "P Marange",
              "runs": {
                "batter": 0,
                "extras": 1,
                "total": 1
              }
            },
            {
              "batter": "P Marange",
              "bowler": "G Candiru",
              "non_striker": "CS Mugeri-Tiripano",
              "runs": {
                "batter": 0,
                "extras": 0,
                "total": 0
              }
            },
            {
              "batter": "P Marange",
              "bowler": "G Candiru",
              "non_striker": "CS Mugeri-Tiripano",
              "runs": {
                "batter": 1,
                "extras": 0,
                "total": 1
              }
            },
            {
              "batter": "CS Mugeri-Tiripano",
              "bowler": "G Candiru",
              "non_striker": "P Marange",
              "runs": {
                "batter": 2,
                "extras": 0,
                "total": 2
              }
            }
          ]
        },
        {
          "over": 15,
          "deliveries": [
            {
              "batter": "P Marange",
              "bowler": "F Najjumba",
              "non_striker": "CS Mugeri-Tiripano",
              "runs": {
                "batter": 2,
                "extras": 0,
                "total": 2
              }
            },
            {
              "batter": "P Marange",
              "bowler": "F Najjumba",
              "non_striker": "CS Mugeri-Tiripano",
              "runs": {
                "batter": 1,
                "extras": 0,
                "total": 1
              }
            },
            {
              "batter": "CS Mugeri-Tiripano",
              "bowler": "F Najjumba",
              "non_striker": "P Marange",
              "runs": {
                "batter": 2,
                "extras": 0,
                "total": 2
              }
            },
            {
              "batter": "CS Mugeri-Tiripano",
              "bowler": "F Najjumba",
              "non_striker": "P Marange",
              "runs": {
                "batter": 1,
                "extras": 0,
                "total": 1
              }
            },
            {
              "batter": "P Marange",
              "bowler": "F Najjumba",
              "non_striker": "CS Mugeri-Tiripano",
              "runs": {
                "batter": 4,
                "extras": 0,
                "total": 4
              }
            },
            {
              "batter": "P Marange",
              "bowler": "F Najjumba",
              "non_striker": "CS Mugeri-Tiripano",
              "runs": {
                "batter": 4,
                "extras": 0,
                "total": 4
              }
            }
          ]
        },
        {
          "over": 16,
          "deliveries": [
            {
              "batter": "CS Mugeri-Tiripano",
              "bowler": "G Candiru",
              "non_striker": "P Marange",
              "runs": {
                "batter": 1,
                "extras": 0,
                "total": 1
              }
            },
            {
              "batter": "P Marange",
              "bowler": "G Candiru",
              "non_striker": "CS Mugeri-Tiripano",
              "runs": {
                "batter": 1,
                "extras": 0,
                "total": 1
              }
            },
            {
              "batter": "CS Mugeri-Tiripano",
              "bowler": "G Candiru",
              "non_striker": "P Marange",
              "runs": {
                "batter": 2,
                "extras": 0,
                "total": 2
              }
            },
            {
              "batter": "CS Mugeri-Tiripano",
              "bowler": "G Candiru",
              "non_striker": "P Marange",
              "runs": {
                "batter": 0,
                "extras": 0,
                "total": 0
              }
            },
            {
              "batter": "CS Mugeri-Tiripano",
              "bowler": "G Candiru",
              "non_striker": "P Marange",
              "runs": {
                "batter": 1,
                "extras": 0,
                "total": 1
              }
            },
            {
              "batter": "P Marange",
              "bowler": "G Candiru",
              "non_striker": "CS Mugeri-Tiripano",
              "runs": {
                "batter": 4,
                "extras": 0,
                "total": 4
              }
            }
          ]
        },
        {
          "over": 17,
          "deliveries": [
            {
              "batter": "CS Mugeri-Tiripano",
              "bowler": "JM Apio",
              "non_striker": "P Marange",
              "runs": {
                "batter": 2,
                "extras": 0,
                "total": 2
              }
            },
            {
              "batter": "CS Mugeri-Tiripano",
              "bowler": "JM Apio",
              "non_striker": "P Marange",
              "runs": {
                "batter": 1,
                "extras": 0,
                "total": 1
              }
            },
            {
              "batter": "P Marange",
              "bowler": "JM Apio",
              "non_striker": "CS Mugeri-Tiripano",
              "runs": {
                "batter": 4,
                "extras": 0,
                "total": 4
              }
            },
            {
              "batter": "P Marange",
              "bowler": "JM Apio",
              "non_striker": "CS Mugeri-Tiripano",
              "runs": {
                "batter": 0,
                "extras": 0,
                "total": 0
              }
            },
            {
              "batter": "P Marange",
              "bowler": "JM Apio",
              "non_striker": "CS Mugeri-Tiripano",
              "runs": {
                "batter": 1,
                "extras": 0,
                "total": 1
              }
            },
            {
              "batter": "CS Mugeri-Tiripano",
              "bowler": "JM Apio",
              "non_striker": "P Marange",
              "runs": {
                "batter": 1,
                "extras": 0,
                "total": 1
              }
            }
          ]
        },
        {
          "over": 18,
          "deliveries": [
            {
              "batter": "CS Mugeri-Tiripano",
              "bowler": "G Candiru",
              "non_striker": "P Marange",
              "runs": {
                "batter": 0,
                "extras": 0,
                "total": 0
              }
            },
            {
              "batter": "CS Mugeri-Tiripano",
              "bowler": "G Candiru",
              "non_striker": "P Marange",
              "runs": {
                "batter": 4,
                "extras": 0,
                "total": 4
              }
            },
            {
              "batter": "CS Mugeri-Tiripano",
              "bowler": "G Candiru",
              "non_striker": "P Marange",
              "runs": {
                "batter": 4,
                "extras": 0,
                "total": 4
              }
            },
            {
              "batter": "CS Mugeri-Tiripano",
              "bowler": "G Candiru",
              "non_striker": "P Marange",
              "runs": {
                "batter": 1,
                "extras": 0,
                "total": 1
              }
            },
            {
              "batter": "P Marange",
              "bowler": "G Candiru",
              "non_striker": "CS Mugeri-Tiripano",
              "runs": {
                "batter": 2,
                "extras": 0,
                "total": 2
              }
            },
            {
              "batter": "P Marange",
              "bowler": "G Candiru",
              "non_striker": "CS Mugeri-Tiripano",
              "runs": {
                "batter": 0,
                "extras": 0,
                "total": 0
              }
            }
          ]
        },
        {
          "over": 19,
          "deliveries": [
            {
              "batter": "CS Mugeri-Tiripano",
              "bowler": "JM Apio",
              "non_striker": "P Marange",
              "runs": {
                "batter": 1,
                "extras": 0,
                "total": 1
              }
            },
            {
              "batter": "P Marange",
              "bowler": "JM Apio",
              "non_striker": "CS Mugeri-Tiripano",
              "runs": {
                "batter": 2,
                "extras": 0,
                "total": 2
              }
            },
            {
              "batter": "P Marange",
              "bowler": "JM Apio",
              "non_striker": "CS Mugeri-Tiripano",
              "runs": {
                "batter": 1,
                "extras": 0,
                "total": 1
              }
            },
            {
              "batter": "CS Mugeri-Tiripano",
              "bowler": "JM Apio",
              "non_striker": "P Marange",
              "runs": {
                "batter": 2,
                "extras": 0,
                "total": 2
              }
            },
            {
              "batter": "CS Mugeri-Tiripano",
              "bowler": "JM Apio",
              "extras": {
                "wides": 5
              },
              "non_striker": "P Marange",
              "runs": {
                "batter": 0,
                "extras": 5,
                "total": 5
              }
            },
            {
              "batter": "CS Mugeri-Tiripano",
              "bowler": "JM Apio",
              "non_striker": "P Marange",
              "runs": {
                "batter": 4,
                "extras": 0,
                "total": 4
              }
            },
            {
              "batter": "CS Mugeri-Tiripano",
              "bowler": "JM Apio",
              "non_striker": "P Marange",
              "runs": {
                "batter": 2,
                "extras": 0,
                "total": 2
              }
            }
          ]
        }
      ],
      "powerplays": [
        {
          "from": 0.1,
          "to": 5.6,
          "type": "mandatory"
        }
      ]
    },
    {
      "team": "Uganda",
      "overs": [
        {
          "over": 0,
          "deliveries": [
            {
              "batter": "R Ntono",
              "bowler": "J Nkomo",
              "extras": {
                "wides": 1
              },
              "non_striker": "S Kemigisha",
              "runs": {
                "batter": 0,
                "extras": 1,
                "total": 1
              }
            },
            {
              "batter": "R Ntono",
              "bowler": "J Nkomo",
              "extras": {
                "wides": 1
              },
              "non_striker": "S Kemigisha",
              "runs": {
                "batter": 0,
                "extras": 1,
                "total": 1
              }
            },
            {
              "batter": "R Ntono",
              "bowler": "J Nkomo",
              "non_striker": "S Kemigisha",
              "runs": {
                "batter": 0,
                "extras": 0,
                "total": 0
              }
            },
            {
              "batter": "R Ntono",
              "bowler": "J Nkomo",
              "non_striker": "S Kemigisha",
              "runs": {
                "batter": 0,
                "extras": 0,
                "total": 0
              }
            },
            {
              "batter": "R Ntono",
              "bowler": "J Nkomo",
              "non_striker": "S Kemigisha",
              "runs": {
                "batter": 4,
                "extras": 0,
                "total": 4
              }
            },
            {
              "batter": "R Ntono",
              "bowler": "J Nkomo",
              "non_striker": "S Kemigisha",
              "runs": {
                "batter": 0,
                "extras": 0,
                "total": 0
              }
            },
            {
              "batter": "R Ntono",
              "bowler": "J Nkomo",
              "non_striker": "S Kemigisha",
              "runs": {
                "batter": 0,
                "extras": 0,
                "total": 0
              }
            },
            {
              "batter": "R Ntono",
              "bowler": "J Nkomo",
              "non_striker": "S Kemigisha",
              "runs": {
                "batter": 0,
                "extras": 0,
                "total": 0
              }
            }
          ]
        },
        {
          "over": 1,
          "deliveries": [
            {
              "batter": "S Kemigisha",
              "bowler": "N Sibanda",
              "extras": {
                "wides": 1
              },
              "non_striker": "R Ntono",
              "runs": {
                "batter": 0,
                "extras": 1,
                "total": 1
              }
            },
            {
              "batter": "S Kemigisha",
              "bowler": "N Sibanda",
              "non_striker": "R Ntono",
              "runs": {
                "batter": 0,
                "extras": 0,
                "total": 0
              }
            },
            {
              "batter": "S Kemigisha",
              "bowler": "N Sibanda",
              "non_striker": "R Ntono",
              "runs": {
                "batter": 0,
                "extras": 0,
                "total": 0
              }
            },
            {
              "batter": "S Kemigisha",
              "bowler": "N Sibanda",
              "extras": {
                "wides": 1
              },
              "non_striker": "R Ntono",
              "runs": {
                "batter": 0,
                "extras": 1,
                "total": 1
              }
            },
            {
              "batter": "S Kemigisha",
              "bowler": "N Sibanda",
              "non_striker": "R Ntono",
              "runs": {
                "batter": 4,
                "extras": 0,
                "total": 4
              }
            },
            {
              "batter": "S Kemigisha",
              "bowler": "N Sibanda",
              "non_striker": "R Ntono",
              "runs": {
                "batter": 4,
                "extras": 0,
                "total": 4
              }
            },
            {
              "batter": "S Kemigisha",
              "bowler": "N Sibanda",
              "non_striker": "R Ntono",
              "runs": {
                "batter": 0,
                "extras": 0,
                "total": 0
              }
            },
            {
              "batter": "S Kemigisha",
              "bowler": "N Sibanda",
              "non_striker": "R Ntono",
              "runs": {
                "batter": 0,
                "extras": 0,
                "total": 0
              }
            }
          ]
        },
        {
          "over": 2,
          "deliveries": [
            {
              "batter": "R Ntono",
              "bowler": "J Nkomo",
              "non_striker": "S Kemigisha",
              "runs": {
                "batter": 0,
                "extras": 0,
                "total": 0
              }
            },
            {
              "batter": "R Ntono",
              "bowler": "J Nkomo",
              "non_striker": "S Kemigisha",
              "runs": {
                "batter": 0,
                "extras": 0,
                "total": 0
              }
            },
            {
              "batter": "R Ntono",
              "bowler": "J Nkomo",
              "non_striker": "S Kemigisha",
              "runs": {
                "batter": 0,
                "extras": 0,
                "total": 0
              }
            },
            {
              "batter": "R Ntono",
              "bowler": "J Nkomo",
              "non_striker": "S Kemigisha",
              "runs": {
                "batter": 0,
                "extras": 0,
                "total": 0
              }
            },
            {
              "batter": "R Ntono",
              "bowler": "J Nkomo",
              "non_striker": "S Kemigisha",
              "runs": {
                "batter": 0,
                "extras": 0,
                "total": 0
              }
            },
            {
              "batter": "R Ntono",
              "bowler": "J Nkomo",
              "non_striker": "S Kemigisha",
              "runs": {
                "batter": 0,
                "extras": 0,
                "total": 0
              }
            }
          ]
        },
        {
          "over": 3,
          "deliveries": [
            {
              "batter": "S Kemigisha",
              "bowler": "P Marange",
              "non_striker": "R Ntono",
              "runs": {
                "batter": 1,
                "extras": 0,
                "total": 1
              }
            },
            {
              "batter": "R Ntono",
              "bowler": "P Marange",
              "non_striker": "S Kemigisha",
              "runs": {
                "batter": 0,
                "extras": 0,
                "total": 0
              }
            },
            {
              "batter": "R Ntono",
              "bowler": "P Marange",
              "non_striker": "S Kemigisha",
              "runs": {
                "batter": 0,
                "extras": 0,
                "total": 0
              }
            },
            {
              "batter": "R Ntono",
              "bowler": "P Marange",
              "non_striker": "S Kemigisha",
              "runs": {
                "batter": 0,
                "extras": 0,
                "total": 0
              }
            },
            {
              "batter": "R Ntono",
              "bowler": "P Marange",
              "non_striker": "S Kemigisha",
              "runs": {
                "batter": 1,
                "extras": 0,
                "total": 1
              }
            },
            {
              "batter": "S Kemigisha",
              "bowler": "P Marange",
              "non_striker": "R Ntono",
              "runs": {
                "batter": 4,
                "extras": 0,
                "total": 4
              }
            }
          ]
        },
        {
          "over": 4,
          "deliveries": [
            {
              "batter": "R Ntono",
              "bowler": "J Nkomo",
              "extras": {
                "wides": 2
              },
              "non_striker": "S Kemigisha",
              "runs": {
                "batter": 0,
                "extras": 2,
                "total": 2
              }
            },
            {
              "batter": "S Kemigisha",
              "bowler": "J Nkomo",
              "non_striker": "R Ntono",
              "runs": {
                "batter": 0,
                "extras": 0,
                "total": 0
              }
            },
            {
              "batter": "S Kemigisha",
              "bowler": "J Nkomo",
              "non_striker": "R Ntono",
              "runs": {
                "batter": 1,
                "extras": 0,
                "total": 1
              }
            },
            {
              "batter": "R Ntono",
              "bowler": "J Nkomo",
              "non_striker": "S Kemigisha",
              "runs": {
                "batter": 1,
                "extras": 0,
                "total": 1
              }
            },
            {
              "batter": "S Kemigisha",
              "bowler": "J Nkomo",
              "non_striker": "R Ntono",
              "runs": {
                "batter": 0,
                "extras": 0,
                "total": 0
              }
            },
            {
              "batter": "S Kemigisha",
              "bowler": "J Nkomo",
              "non_striker": "R Ntono",
              "runs": {
                "batter": 0,
                "extras": 0,
                "total": 0
              }
            },
            {
              "batter": "S Kemigisha",
              "bowler": "J Nkomo",
              "non_striker": "R Ntono",
              "runs": {
                "batter": 0,
                "extras": 0,
                "total": 0
              }
            }
          ]
        },
        {
          "over": 5,
          "deliveries": [
            {
              "batter": "R Ntono",
              "bowler": "P Marange",
              "non_striker": "S Kemigisha",
              "runs": {
                "batter": 0,
                "extras": 0,
                "total": 0
              }
            },
            {
              "batter": "R Ntono",
              "bowler": "P Marange",
              "non_striker": "S Kemigisha",
              "runs": {
                "batter": 0,
                "extras": 0,
                "total": 0
              }
            },
            {
              "batter": "R Ntono",
              "bowler": "P Marange",
              "non_striker": "S Kemigisha",
              "runs": {
                "batter": 2,
                "extras": 0,
                "total": 2
              }
            },
            {
              "batter": "R Ntono",
              "bowler": "P Marange",
              "non_striker": "S Kemigisha",
              "runs": {
                "batter": 1,
                "extras": 0,
                "total": 1
              }
            },
            {
              "batter": "S Kemigisha",
              "bowler": "P Marange",
              "non_striker": "R Ntono",
              "runs": {
                "batter": 0,
                "extras": 0,
                "total": 0
              }
            },
            {
              "batter": "S Kemigisha",
              "bowler": "P Marange",
              "non_striker": "R Ntono",
              "runs": {
                "batter": 0,
                "extras": 0,
                "total": 0
              }
            }
          ]
        },
        {
          "over": 6,
          "deliveries": [
            {
              "batter": "R Ntono",
              "bowler": "E Mbofana",
              "non_striker": "S Kemigisha",
              "runs": {
                "batter": 3,
                "extras": 0,
                "total": 3
              }
            },
            {
              "batter": "S Kemigisha",
              "bowler": "E Mbofana",
              "non_striker": "R Ntono",
              "runs": {
                "batter": 1,
                "extras": 0,
                "total": 1
              }
            },
            {
              "batter": "R Ntono",
              "bowler": "E Mbofana",
              "non_striker": "S Kemigisha",
              "runs": {
                "batter": 0,
                "extras": 0,
                "total": 0
              }
            },
            {
              "batter": "R Ntono",
              "bowler": "E Mbofana",
              "non_striker": "S Kemigisha",
              "runs": {
                "batter": 0,
                "extras": 0,
                "total": 0
              },
              "wickets": [
                {
                  "player_out": "R Ntono",
                  "fielders": [
                    {
                      "name": "J Nkomo"
                    }
                  ],
                  "kind": "caught"
                }
              ]
            },
            {
              "batter": "I Nakisuuyi",
              "bowler": "E Mbofana",
              "non_striker": "S Kemigisha",
              "runs": {
                "batter": 0,
                "extras": 0,
                "total": 0
              }
            },
            {
              "batter": "I Nakisuuyi",
              "bowler": "E Mbofana",
              "non_striker": "S Kemigisha",
              "runs": {
                "batter": 4,
                "extras": 0,
                "total": 4
              }
            }
          ]
        },
        {
          "over": 7,
          "deliveries": [
            {
              "batter": "S Kemigisha",
              "bowler": "P Marange",
              "non_striker": "I Nakisuuyi",
              "runs": {
                "batter": 0,
                "extras": 0,
                "total": 0
              }
            },
            {
              "batter": "S Kemigisha",
              "bowler": "P Marange",
              "non_striker": "I Nakisuuyi",
              "runs": {
                "batter": 0,
                "extras": 0,
                "total": 0
              }
            },
            {
              "batter": "S Kemigisha",
              "bowler": "P Marange",
              "non_striker": "I Nakisuuyi",
              "runs": {
                "batter": 0,
                "extras": 0,
                "total": 0
              }
            },
            {
              "batter": "S Kemigisha",
              "bowler": "P Marange",
              "non_striker": "I Nakisuuyi",
              "runs": {
                "batter": 1,
                "extras": 0,
                "total": 1
              }
            },
            {
              "batter": "I Nakisuuyi",
              "bowler": "P Marange",
              "non_striker": "S Kemigisha",
              "runs": {
                "batter": 1,
                "extras": 0,
                "total": 1
              }
            },
            {
              "batter": "S Kemigisha",
              "bowler": "P Marange",
              "non_striker": "I Nakisuuyi",
              "runs": {
                "batter": 4,
                "extras": 0,
                "total": 4
              }
            }
          ]
        },
        {
          "over": 8,
          "deliveries": [
            {
              "batter": "I Nakisuuyi",
              "bowler": "L Tshuma",
              "non_striker": "S Kemigisha",
              "runs": {
                "batter": 0,
                "extras": 0,
                "total": 0
              }
            },
            {
              "batter": "I Nakisuuyi",
              "bowler": "L Tshuma",
              "non_striker": "S Kemigisha",
              "runs": {
                "batter": 0,
                "extras": 0,
                "total": 0
              }
            },
            {
              "batter": "I Nakisuuyi",
              "bowler": "L Tshuma",
              "non_striker": "S Kemigisha",
              "runs": {
                "batter": 1,
                "extras": 0,
                "total": 1
              }
            },
            {
              "batter": "S Kemigisha",
              "bowler": "L Tshuma",
              "extras": {
                "wides": 1
              },
              "non_striker": "I Nakisuuyi",
              "runs": {
                "batter": 0,
                "extras": 1,
                "total": 1
              }
            },
            {
              "batter": "S Kemigisha",
              "bowler": "L Tshuma",
              "non_striker": "I Nakisuuyi",
              "runs": {
                "batter": 0,
                "extras": 0,
                "total": 0
              },
              "wickets": [
                {
                  "player_out": "S Kemigisha",
                  "kind": "caught and bowled"
                }
              ]
            },
            {
              "batter": "G Candiru",
              "bowler": "L Tshuma",
              "non_striker": "I Nakisuuyi",
              "runs": {
                "batter": 0,
                "extras": 0,
                "total": 0
              }
            },
            {
              "batter": "G Candiru",
              "bowler": "L Tshuma",
              "extras": {
                "wides": 1
              },
              "non_striker": "I Nakisuuyi",
              "runs": {
                "batter": 0,
                "extras": 1,
                "total": 1
              }
            },
            {
              "batter": "G Candiru",
              "bowler": "L Tshuma",
              "non_striker": "I Nakisuuyi",
              "runs": {
                "batter": 1,
                "extras": 0,
                "total": 1
              }
            }
          ]
        },
        {
          "over": 9,
          "deliveries": [
            {
              "batter": "G Candiru",
              "bowler": "P Marange",
              "non_striker": "I Nakisuuyi",
              "runs": {
                "batter": 4,
                "extras": 0,
                "total": 4
              }
            },
            {
              "batter": "G Candiru",
              "bowler": "P Marange",
              "non_striker": "I Nakisuuyi",
              "runs": {
                "batter": 1,
                "extras": 0,
                "total": 1
              }
            },
            {
              "batter": "I Nakisuuyi",
              "bowler": "P Marange",
              "non_striker": "G Candiru",
              "runs": {
                "batter": 1,
                "extras": 0,
                "total": 1
              }
            },
            {
              "batter": "G Candiru",
              "bowler": "P Marange",
              "non_striker": "I Nakisuuyi",
              "runs": {
                "batter": 0,
                "extras": 0,
                "total": 0
              }
            },
            {
              "batter": "G Candiru",
              "bowler": "P Marange",
              "non_striker": "I Nakisuuyi",
              "runs": {
                "batter": 0,
                "extras": 0,
                "total": 0
              }
            },
            {
              "batter": "G Candiru",
              "bowler": "P Marange",
              "non_striker": "I Nakisuuyi",
              "runs": {
                "batter": 1,
                "extras": 0,
                "total": 1
              }
            }
          ]
        },
        {
          "over": 10,
          "deliveries": [
            {
              "batter": "G Candiru",
              "bowler": "L Tshuma",
              "non_striker": "I Nakisuuyi",
              "runs": {
                "batter": 1,
                "extras": 0,
                "total": 1
              }
            },
            {
              "batter": "I Nakisuuyi",
              "bowler": "L Tshuma",
              "non_striker": "G Candiru",
              "runs": {
                "batter": 1,
                "extras": 0,
                "total": 1
              }
            },
            {
              "batter": "G Candiru",
              "bowler": "L Tshuma",
              "non_striker": "I Nakisuuyi",
              "runs": {
                "batter": 0,
                "extras": 0,
                "total": 0
              }
            },
            {
              "batter": "G Candiru",
              "bowler": "L Tshuma",
              "non_striker": "I Nakisuuyi",
              "runs": {
                "batter": 1,
                "extras": 0,
                "total": 1
              }
            },
            {
              "batter": "I Nakisuuyi",
              "bowler": "L Tshuma",
              "extras": {
                "wides": 1
              },
              "non_striker": "G Candiru",
              "runs": {
                "batter": 0,
                "extras": 1,
                "total": 1
              }
            },
            {
              "batter": "I Nakisuuyi",
              "bowler": "L Tshuma",
              "non_striker": "G Candiru",
              "runs": {
                "batter": 4,
                "extras": 0,
                "total": 4
              }
            },
            {
              "batter": "I Nakisuuyi",
              "bowler": "L Tshuma",
              "non_striker": "G Candiru",
              "runs": {
                "batter": 0,
                "extras": 0,
                "total": 0
              }
            }
          ]
        },
        {
          "over": 11,
          "deliveries": [
            {
              "batter": "G Candiru",
              "bowler": "AC Mushangwe",
              "non_striker": "I Nakisuuyi",
              "runs": {
                "batter": 0,
                "extras": 0,
                "total": 0
              }
            },
            {
              "batter": "G Candiru",
              "bowler": "AC Mushangwe",
              "non_striker": "I Nakisuuyi",
              "runs": {
                "batter": 4,
                "extras": 0,
                "total": 4
              }
            },
            {
              "batter": "G Candiru",
              "bowler": "AC Mushangwe",
              "non_striker": "I Nakisuuyi",
              "runs": {
                "batter": 1,
                "extras": 0,
                "total": 1
              }
            },
            {
              "batter": "I Nakisuuyi",
              "bowler": "AC Mushangwe",
              "non_striker": "G Candiru",
              "runs": {
                "batter": 0,
                "extras": 0,
                "total": 0
              }
            },
            {
              "batter": "I Nakisuuyi",
              "bowler": "AC Mushangwe",
              "non_striker": "G Candiru",
              "runs": {
                "batter": 0,
                "extras": 0,
                "total": 0
              }
            },
            {
              "batter": "I Nakisuuyi",
              "bowler": "AC Mushangwe",
              "non_striker": "G Candiru",
              "runs": {
                "batter": 0,
                "extras": 0,
                "total": 0
              }
            }
          ]
        },
        {
          "over": 12,
          "deliveries": [
            {
              "batter": "G Candiru",
              "bowler": "L Tshuma",
              "non_striker": "I Nakisuuyi",
              "runs": {
                "batter": 2,
                "extras": 0,
                "total": 2
              }
            },
            {
              "batter": "G Candiru",
              "bowler": "L Tshuma",
              "non_striker": "I Nakisuuyi",
              "runs": {
                "batter": 0,
                "extras": 0,
                "total": 0
              }
            },
            {
              "batter": "G Candiru",
              "bowler": "L Tshuma",
              "non_striker": "I Nakisuuyi",
              "runs": {
                "batter": 1,
                "extras": 0,
                "total": 1
              }
            },
            {
              "batter": "I Nakisuuyi",
              "bowler": "L Tshuma",
              "non_striker": "G Candiru",
              "runs": {
                "batter": 0,
                "extras": 0,
                "total": 0
              }
            },
            {
              "batter": "I Nakisuuyi",
              "bowler": "L Tshuma",
              "non_striker": "G Candiru",
              "runs": {
                "batter": 0,
                "extras": 0,
                "total": 0
              },
              "wickets": [
                {
                  "player_out": "I Nakisuuyi",
                  "kind": "caught and bowled"
                }
              ]
            },
            {
              "batter": "G Candiru",
              "bowler": "L Tshuma",
              "non_striker": "F Najjumba",
              "runs": {
                "batter": 0,
                "extras": 0,
                "total": 0
              }
            }
          ]
        },
        {
          "over": 13,
          "deliveries": [
            {
              "batter": "F Najjumba",
              "bowler": "AC Mushangwe",
              "non_striker": "G Candiru",
              "runs": {
                "batter": 1,
                "extras": 0,
                "total": 1
              }
            },
            {
              "batter": "G Candiru",
              "bowler": "AC Mushangwe",
              "non_striker": "F Najjumba",
              "runs": {
                "batter": 1,
                "extras": 0,
                "total": 1
              }
            },
            {
              "batter": "F Najjumba",
              "bowler": "AC Mushangwe",
              "non_striker": "G Candiru",
              "runs": {
                "batter": 0,
                "extras": 0,
                "total": 0
              }
            },
            {
              "batter": "F Najjumba",
              "bowler": "AC Mushangwe",
              "non_striker": "G Candiru",
              "runs": {
                "batter": 0,
                "extras": 0,
                "total": 0
              }
            },
            {
              "batter": "F Najjumba",
              "bowler": "AC Mushangwe",
              "non_striker": "G Candiru",
              "runs": {
                "batter": 0,
                "extras": 0,
                "total": 0
              }
            },
            {
              "batter": "F Najjumba",
              "bowler": "AC Mushangwe",
              "non_striker": "G Candiru",
              "runs": {
                "batter": 1,
                "extras": 0,
                "total": 1
              }
            }
          ]
        },
        {
          "over": 14,
          "deliveries": [
            {
              "batter": "F Najjumba",
              "bowler": "L Tshuma",
              "extras": {
                "wides": 1
              },
              "non_striker": "G Candiru",
              "runs": {
                "batter": 0,
                "extras": 1,
                "total": 1
              }
            },
            {
              "batter": "F Najjumba",
              "bowler": "L Tshuma",
              "non_striker": "G Candiru",
              "runs": {
                "batter": 0,
                "extras": 0,
                "total": 0
              }
            },
            {
              "batter": "F Najjumba",
              "bowler": "L Tshuma",
              "non_striker": "G Candiru",
              "runs": {
                "batter": 0,
                "extras": 0,
                "total": 0
              }
            },
            {
              "batter": "F Najjumba",
              "bowler": "L Tshuma",
              "non_striker": "G Candiru",
              "runs": {
                "batter": 2,
                "extras": 0,
                "total": 2
              }
            },
            {
              "batter": "F Najjumba",
              "bowler": "L Tshuma",
              "extras": {
                "wides": 1
              },
              "non_striker": "G Candiru",
              "runs": {
                "batter": 0,
                "extras": 1,
                "total": 1
              }
            },
            {
              "batter": "F Najjumba",
              "bowler": "L Tshuma",
              "non_striker": "G Candiru",
              "runs": {
                "batter": 0,
                "extras": 0,
                "total": 0
              },
              "wickets": [
                {
                  "player_out": "F Najjumba",
                  "kind": "run out"
                }
              ]
            },
            {
              "batter": "G Candiru",
              "bowler": "L Tshuma",
              "non_striker": "M Nalule",
              "runs": {
                "batter": 0,
                "extras": 0,
                "total": 0
              }
            },
            {
              "batter": "G Candiru",
              "bowler": "L Tshuma",
              "non_striker": "M Nalule",
              "runs": {
                "batter": 1,
                "extras": 0,
                "total": 1
              }
            }
          ]
        },
        {
          "over": 15,
          "deliveries": [
            {
              "batter": "G Candiru",
              "bowler": "AC Mushangwe",
              "non_striker": "M Nalule",
              "runs": {
                "batter": 1,
                "extras": 0,
                "total": 1
              }
            },
            {
              "batter": "M Nalule",
              "bowler": "AC Mushangwe",
              "non_striker": "G Candiru",
              "runs": {
                "batter": 0,
                "extras": 0,
                "total": 0
              }
            },
            {
              "batter": "M Nalule",
              "bowler": "AC Mushangwe",
              "non_striker": "G Candiru",
              "runs": {
                "batter": 1,
                "extras": 0,
                "total": 1
              }
            },
            {
              "batter": "G Candiru",
              "bowler": "AC Mushangwe",
              "non_striker": "M Nalule",
              "runs": {
                "batter": 1,
                "extras": 0,
                "total": 1
              }
            },
            {
              "batter": "M Nalule",
              "bowler": "AC Mushangwe",
              "non_striker": "G Candiru",
              "runs": {
                "batter": 1,
                "extras": 0,
                "total": 1
              }
            },
            {
              "batter": "G Candiru",
              "bowler": "AC Mushangwe",
              "non_striker": "M Nalule",
              "runs": {
                "batter": 0,
                "extras": 0,
                "total": 0
              }
            }
          ]
        },
        {
          "over": 16,
          "deliveries": [
            {
              "batter": "M Nalule",
              "bowler": "T Granger",
              "non_striker": "G Candiru",
              "runs": {
                "batter": 0,
                "extras": 0,
                "total": 0
              }
            },
            {
              "batter": "M Nalule",
              "bowler": "T Granger",
              "non_striker": "G Candiru",
              "runs": {
                "batter": 1,
                "extras": 0,
                "total": 1
              }
            },
            {
              "batter": "G Candiru",
              "bowler": "T Granger",
              "non_striker": "M Nalule",
              "runs": {
                "batter": 1,
                "extras": 0,
                "total": 1
              }
            },
            {
              "batter": "M Nalule",
              "bowler": "T Granger",
              "extras": {
                "wides": 1
              },
              "non_striker": "G Candiru",
              "runs": {
                "batter": 0,
                "extras": 1,
                "total": 1
              }
            },
            {
              "batter": "M Nalule",
              "bowler": "T Granger",
              "non_striker": "G Candiru",
              "runs": {
                "batter": 4,
                "extras": 0,
                "total": 4
              }
            },
            {
              "batter": "M Nalule",
              "bowler": "T Granger",
              "non_striker": "G Candiru",
              "runs": {
                "batter": 0,
                "extras": 0,
                "total": 0
              }
            },
            {
              "batter": "M Nalule",
              "bowler": "T Granger",
              "non_striker": "G Candiru",
              "runs": {
                "batter": 0,
                "extras": 0,
                "total": 0
              }
            }
          ]
        },
        {
          "over": 17,
          "deliveries": [
            {
              "batter": "G Candiru",
              "bowler": "AC Mushangwe",
              "non_striker": "M Nalule",
              "runs": {
                "batter": 1,
                "extras": 0,
                "total": 1
              }
            },
            {
              "batter": "M Nalule",
              "bowler": "AC Mushangwe",
              "non_striker": "G Candiru",
              "runs": {
                "batter": 1,
                "extras": 0,
                "total": 1
              }
            },
            {
              "batter": "G Candiru",
              "bowler": "AC Mushangwe",
              "non_striker": "M Nalule",
              "runs": {
                "batter": 1,
                "extras": 0,
                "total": 1
              }
            },
            {
              "batter": "M Nalule",
              "bowler": "AC Mushangwe",
              "non_striker": "G Candiru",
              "runs": {
                "batter": 0,
                "extras": 0,
                "total": 0
              }
            },
            {
              "batter": "M Nalule",
              "bowler": "AC Mushangwe",
              "non_striker": "G Candiru",
              "runs": {
                "batter": 1,
                "extras": 0,
                "total": 1
              }
            },
            {
              "batter": "G Candiru",
              "bowler": "AC Mushangwe",
              "non_striker": "M Nalule",
              "runs": {
                "batter": 1,
                "extras": 0,
                "total": 1
              }
            }
          ]
        },
        {
          "over": 18,
          "deliveries": [
            {
              "batter": "G Candiru",
              "bowler": "J Nkomo",
              "non_striker": "M Nalule",
              "runs": {
                "batter": 0,
                "extras": 0,
                "total": 0
              }
            },
            {
              "batter": "G Candiru",
              "bowler": "J Nkomo",
              "non_striker": "M Nalule",
              "runs": {
                "batter": 1,
                "extras": 0,
                "total": 1
              }
            },
            {
              "batter": "M Nalule",
              "bowler": "J Nkomo",
              "non_striker": "G Candiru",
              "runs": {
                "batter": 1,
                "extras": 0,
                "total": 1
              }
            },
            {
              "batter": "G Candiru",
              "bowler": "J Nkomo",
              "non_striker": "M Nalule",
              "runs": {
                "batter": 0,
                "extras": 0,
                "total": 0
              }
            },
            {
              "batter": "G Candiru",
              "bowler": "J Nkomo",
              "non_striker": "M Nalule",
              "runs": {
                "batter": 0,
                "extras": 0,
                "total": 0
              },
              "wickets": [
                {
                  "player_out": "G Candiru",
                  "fielders": [
                    {
                      "name": "CS Mugeri-Tiripano"
                    }
                  ],
                  "kind": "caught"
                }
              ]
            },
            {
              "batter": "S Nampiina",
              "bowler": "J Nkomo",
              "non_striker": "M Nalule",
              "runs": {
                "batter": 0,
                "extras": 0,
                "total": 0
              }
            }
          ]
        },
        {
          "over": 19,
          "deliveries": [
            {
              "batter": "M Nalule",
              "bowler": "N Sibanda",
              "non_striker": "S Nampiina",
              "runs": {
                "batter": 1,
                "extras": 0,
                "total": 1
              }
            },
            {
              "batter": "S Nampiina",
              "bowler": "N Sibanda",
              "non_striker": "M Nalule",
              "runs": {
                "batter": 0,
                "extras": 0,
                "total": 0
              }
            },
            {
              "batter": "S Nampiina",
              "bowler": "N Sibanda",
              "extras": {
                "wides": 1
              },
              "non_striker": "M Nalule",
              "runs": {
                "batter": 0,
                "extras": 1,
                "total": 1
              }
            },
            {
              "batter": "S Nampiina",
              "bowler": "N Sibanda",
              "non_striker": "M Nalule",
              "runs": {
                "batter": 1,
                "extras": 0,
                "total": 1
              }
            },
            {
              "batter": "M Nalule",
              "bowler": "N Sibanda",
              "non_striker": "S Nampiina",
              "runs": {
                "batter": 0,
                "extras": 0,
                "total": 0
              },
              "wickets": [
                {
                  "player_out": "M Nalule",
                  "fielders": [
                    {
                      "name": "L Tshuma"
                    }
                  ],
                  "kind": "caught"
                }
              ]
            },
            {
              "batter": "R Musamali",
              "bowler": "N Sibanda",
              "non_striker": "S Nampiina",
              "runs": {
                "batter": 1,
                "extras": 0,
                "total": 1
              }
            },
            {
              "batter": "S Nampiina",
              "bowler": "N Sibanda",
              "non_striker": "R Musamali",
              "runs": {
                "batter": 2,
                "extras": 0,
                "total": 2
              }
            }
          ]
        }
      ],
      "powerplays": [
        {
          "from": 0.1,
          "to": 5.6,
          "type": "mandatory"
        }
      ],
      "target": {
        "overs": 20,
        "runs": 162
      }
    }
  ]
}