{
  "meta": {
    "data_version": "1.0.0",
    "created": "2020-10-09",
    "revision": 3
  },
  "info": {
    "balls_per_over": 6,
    "city": "Windhoek",
    "dates": [
      "2017-09-09"
    ],
    "event": {
      "name": "ICC Women's World Twenty20 Qualifying Series Africa Region",
      "match_number": 4
    },
    "gender": "female",
    "match_type": "IT20",
    "officials": {
      "match_referees": [
        "DT Jukes"
      ],
      "reserve_umpires": [
        "JJ Luck"
      ],
      "umpires": [
        "Emmanuel Byiringiro",
        "F Ekalunga"
      ]
    },
    "outcome": {
      "winner": "Zimbabwe",
      "by": {
        "wickets": 8
      }
    },
    "overs": 20,
    "player_of_match": [
      "J Nkomo"
    ],
    "players": {
      "Namibia": [
        "A van Schoor",
        "MP Enright",
        "I van Zyl",
        "A van der Merwe",
        "Yasmeen Khan",
        "KA Green",
        "SA Wittmann",
        "H de Klerk",
        "D Dreyer",
        "D Foerster",
        "JA Diergaardt"
      ],
      "Zimbabwe": [
        "M Mupachikwa",
        "A Ndiraya",
        "CS Mugeri-Tiripano",
        "P Marange",
        "J Nkomo",
        "CT Dhururu",
        "E Mbofana",
        "L Tshuma",
        "T Granger",
        "N Sibanda",
        "AC Mushangwe"
      ]
    },
    "registry": {
      "people": {
        "A Ndiraya": "c8e6bddd",
        "A van Schoor": "06209a4c",
        "A van der Merwe": "02610bad",
        "AC Mushangwe": "db873292",
        "CS Mugeri-Tiripano": "99c86133",
        "CT Dhururu": "8d7fba79",
        "D Dreyer": "20fef1f3",
        "D Foerster": "5596d5bf",
        "DT Jukes": "7c215d14",
        "E Mbofana": "657da2f4",
        "Emmanuel Byiringiro": "d89c27d1",
        "F Ekalunga": "b1c9d04c",
        "H de Klerk": "d2eb0b8c",
        "I van Zyl": "44c3cb6d",
        "J Nkomo": "36dfa62e",
        "JA Diergaardt": "b72a8938",
        "JJ Luck": "85d0d93d",
        "KA Green": "fa9fdefa",
        "L Tshuma": "f281dd00",
        "M Mupachikwa": "6657b319",
        "MP Enright": "7a03f67d",
        "N Sibanda": "edf62a25",
        "P Marange": "a4f1fdd4",
        "SA Wittmann": "531aef3b",
        "T Granger": "2beae660",
        "Yasmeen Khan": "ade5c0c0"
      }
    },
    "season": "2017",
    "team_type": "international",
    "teams": [
      "Namibia",
      "Zimbabwe"
    ],
    "toss": {
      "decision": "bat",
      "winner": "Namibia"
    },
    "venue": "Wanderers Cricket Ground"
  },
  "innings": [
    {
      "team": "Namibia",
      "overs": [
        {
          "over": 0,
          "deliveries": [
            {
              "batter": "A van Schoor",
              "bowler": "N Sibanda",
              "non_striker": "MP Enright",
              "runs": {
                "batter": 0,
                "extras": 0,
                "total": 0
              }
            },
            {
              "batter": "A van Schoor",
              "bowler": "N Sibanda",
              "non_striker": "MP Enright",
              "runs": {
                "batter": 0,
                "extras": 0,
                "total": 0
              }
            },
            {
              "batter": "A van Schoor",
              "bowler": "N Sibanda",
              "non_striker": "MP Enright",
              "runs": {
                "batter": 0,
                "extras": 0,
                "total": 0
              }
            },
            {
              "batter": "A van Schoor",
              "bowler": "N Sibanda",
              "non_striker": "MP Enright",
              "runs": {
                "batter": 0,
                "extras": 0,
                "total": 0
              }
            },
            {
              "batter": "A van Schoor",
              "bowler": "N Sibanda",
              "extras": {
                "wides": 2
              },
              "non_striker": "MP Enright",
              "runs": {
                "batter": 0,
                "extras": 2,
                "total": 2
              }
            },
            {
              "batter": "MP Enright",
              "bowler": "N Sibanda",
              "non_striker": "A van Schoor",
              "runs": {
                "batter": 0,
                "extras": 0,
                "total": 0
              }
            },
            {
              "batter": "MP Enright",
              "bowler": "N Sibanda",
              "non_striker": "A van Schoor",
              "runs": {
                "batter": 0,
                "extras": 0,
                "total": 0
              }
            }
          ]
        },
        {
          "over": 1,
          "deliveries": [
            {
              "batter": "A van Schoor",
              "bowler": "L Tshuma",
              "extras": {
                "wides": 1
              },
              "non_striker": "MP Enright",
              "runs": {
                "batter": 0,
                "extras": 1,
                "total": 1
              }
            },
            {
              "batter": "A van Schoor",
              "bowler": "L Tshuma",
              "non_striker": "MP Enright",
              "runs": {
                "batter": 0,
                "extras": 0,
                "total": 0
              }
            },
            {
              "batter": "A van Schoor",
              "bowler": "L Tshuma",
              "non_striker": "MP Enright",
              "runs": {
                "batter": 0,
                "extras": 0,
                "total": 0
              }
            },
            {
              "batter": "A van Schoor",
              "bowler": "L Tshuma",
              "extras": {
                "wides": 1
              },
              "non_striker": "MP Enright",
              "runs": {
                "batter": 0,
                "extras": 1,
                "total": 1
              }
            },
            {
              "batter": "A van Schoor",
              "bowler": "L Tshuma",
              "non_striker": "MP Enright",
              "runs": {
                "batter": 0,
                "extras": 0,
                "total": 0
              }
            },
            {
              "batter": "A van Schoor",
              "bowler": "L Tshuma",
              "non_striker": "MP Enright",
              "runs": {
                "batter": 1,
                "extras": 0,
                "total": 1
              }
            },
            {
              "batter": "MP Enright",
              "bowler": "L Tshuma",
              "non_striker": "A van Schoor",
              "runs": {
                "batter": 0,
                "extras": 0,
                "total": 0
              }
            },
            {
              "batter": "MP Enright",
              "bowler": "L Tshuma",
              "non_striker": "A van Schoor",
              "runs": {
                "batter": 0,
                "extras": 0,
                "total": 0
              }
            }
          ]
        },
        {
          "over": 2,
          "deliveries": [
            {
              "batter": "A van Schoor",
              "bowler": "N Sibanda",
              "non_striker": "MP Enright",
              "runs": {
                "batter": 1,
                "extras": 0,
                "total": 1
              }
            },
            {
              "batter": "MP Enright",
              "bowler": "N Sibanda",
              "non_striker": "A van Schoor",
              "runs": {
                "batter": 0,
                "extras": 0,
                "total": 0
              }
            },
            {
              "batter": "MP Enright",
              "bowler": "N Sibanda",
              "non_striker": "A van Schoor",
              "runs": {
                "batter": 0,
                "extras": 0,
                "total": 0
              }
            },
            {
              "batter": "MP Enright",
              "bowler": "N Sibanda",
              "non_striker": "A van Schoor",
              "runs": {
                "batter": 0,
                "extras": 0,
                "total": 0
              }
            },
            {
              "batter": "MP Enright",
              "bowler": "N Sibanda",
              "non_striker": "A van Schoor",
              "runs": {
                "batter": 0,
                "extras": 0,
                "total": 0
              }
            },
            {
              "batter": "MP Enright",
              "bowler": "N Sibanda",
              "non_striker": "A van Schoor",
              "runs": {
                "batter": 4,
                "extras": 0,
                "total": 4
              }
            }
          ]
        },
        {
          "over": 3,
          "deliveries": [
            {
              "batter": "A van Schoor",
              "bowler": "L Tshuma",
              "non_striker": "MP Enright",
              "runs": {
                "batter": 0,
                "extras": 0,
                "total": 0
              }
            },
            {
              "batter": "A van Schoor",
              "bowler": "L Tshuma",
              "non_striker": "MP Enright",
              "runs": {
                "batter": 1,
                "extras": 0,
                "total": 1
              }
            },
            {
              "batter": "MP Enright",
              "bowler": "L Tshuma",
              "non_striker": "A van Schoor",
              "runs": {
                "batter": 2,
                "extras": 0,
                "total": 2
              }
            },
            {
              "batter": "MP Enright",
              "bowler": "L Tshuma",
              "non_striker": "A van Schoor",
              "runs": {
                "batter": 0,
                "extras": 0,
                "total": 0
              }
            },
            {
              "batter": "MP Enright",
              "bowler": "L Tshuma",
              "non_striker": "A van Schoor",
              "runs": {
                "batter": 0,
                "extras": 0,
                "total": 0
              }
            },
            {
              "batter": "MP Enright",
              "bowler": "L Tshuma",
              "non_striker": "A van Schoor",
              "runs": {
                "batter": 0,
                "extras": 0,
                "total": 0
              }
            }
          ]
        },
        {
          "over": 4,
          "deliveries": [
            {
              "batter": "A van Schoor",
              "bowler": "J Nkomo",
              "non_striker": "MP Enright",
              "runs": {
                "batter": 0,
                "extras": 0,
                "total": 0
              }
            },
            {
              "batter": "A van Schoor",
              "bowler": "J Nkomo",
              "non_striker": "MP Enright",
              "runs": {
                "batter": 0,
                "extras": 0,
                "total": 0
              }
            },
            {
              "batter": "A van Schoor",
              "bowler": "J Nkomo",
              "non_striker": "MP Enright",
              "runs": {
                "batter": 2,
                "extras": 0,
                "total": 2
              }
            },
            {
              "batter": "A van Schoor",
              "bowler": "J Nkomo",
              "non_striker": "MP Enright",
              "runs": {
                "batter": 0,
                "extras": 0,
                "total": 0
              },
              "wickets": [
                {
                  "player_out": "A van Schoor",
                  "fielders": [
                    {
                      "name": "A Ndiraya"
                    }
                  ],
                  "kind": "caught"
                }
              ]
            },
            {
              "batter": "I van Zyl",
              "bowler": "J Nkomo",
              "non_striker": "MP Enright",
              "runs": {
                "batter": 0,
                "extras": 0,
                "total": 0
              }
            },
            {
              "batter": "I van Zyl",
              "bowler": "J Nkomo",
              "non_striker": "MP Enright",
              "runs": {
                "batter": 0,
                "extras": 0,
                "total": 0
              }
            }
          ]
        },
        {
          "over": 5,
          "deliveries": [
            {
              "batter": "MP Enright",
              "bowler": "L Tshuma",
              "non_striker": "I van Zyl",
              "runs": {
                "batter": 0,
                "extras": 0,
                "total": 0
              }
            },
            {
              "batter": "MP Enright",
              "bowler": "L Tshuma",
              "extras": {
                "wides": 1
              },
              "non_striker": "I van Zyl",
              "runs": {
                "batter": 0,
                "extras": 1,
                "total": 1
              }
            },
            {
              "batter": "MP Enright",
              "bowler": "L Tshuma",
              "non_striker": "I van Zyl",
              "runs": {
                "batter": 2,
                "extras": 0,
                "total": 2
              }
            },
            {
              "batter": "MP Enright",
              "bowler": "L Tshuma",
              "non_striker": "I van Zyl",
              "runs": {
                "batter": 0,
                "extras": 0,
                "total": 0
              }
            },
            {
              "batter": "MP Enright",
              "bowler": "L Tshuma",
              "non_striker": "I van Zyl",
              "runs": {
                "batter": 0,
                "extras": 0,
                "total": 0
              }
            },
            {
              "batter": "MP Enright",
              "bowler": "L Tshuma",
              "non_striker": "I van Zyl",
              "runs": {
                "batter": 4,
                "extras": 0,
                "total": 4
              }
            },
            {
              "batter": "MP Enright",
              "bowler": "L Tshuma",
              "non_striker": "I van Zyl",
              "runs": {
                "batter": 0,
                "extras": 0,
                "total": 0
              }
            }
          ]
        },
        {
          "over": 6,
          "deliveries": [
            {
              "batter": "I van Zyl",
              "bowler": "J Nkomo",
              "non_striker": "MP Enright",
              "runs": {
                "batter": 0,
                "extras": 0,
                "total": 0
              }
            },
            {
              "batter": "I van Zyl",
              "bowler": "J Nkomo",
              "non_striker": "MP Enright",
              "runs": {
                "batter": 0,
                "extras": 0,
                "total": 0
              },
              "wickets": [
                {
                  "player_out": "I van Zyl",
                  "kind": "lbw"
                }
              ]
            },
            {
              "batter": "A van der Merwe",
              "bowler": "J Nkomo",
              "non_striker": "MP Enright",
              "runs": {
                "batter": 0,
                "extras": 0,
                "total": 0
              }
            },
            {
              "batter": "A van der Merwe",
              "bowler": "J Nkomo",
              "extras": {
                "wides": 1
              },
              "non_striker": "MP Enright",
              "runs": {
                "batter": 0,
                "extras": 1,
                "total": 1
              }
            },
            {
              "batter": "A van der Merwe",
              "bowler": "J Nkomo",
              "non_striker": "MP Enright",
              "runs": {
                "batter": 0,
                "extras": 0,
                "total": 0
              }
            },
            {
              "batter": "A van der Merwe",
              "bowler": "J Nkomo",
              "non_striker": "MP Enright",
              "runs": {
                "batter": 0,
                "extras": 0,
                "total": 0
              }
            },
            {
              "batter": "A van der Merwe",
              "bowler": "J Nkomo",
              "non_striker": "MP Enright",
              "runs": {
                "batter": 0,
                "extras": 0,
                "total": 0
              }
            }
          ]
        },
        {
          "over": 7,
          "deliveries": [
            {
              "batter": "MP Enright",
              "bowler": "P Marange",
              "non_striker": "A van der Merwe",
              "runs": {
                "batter": 0,
                "extras": 0,
                "total": 0
              }
            },
            {
              "batter": "MP Enright",
              "bowler": "P Marange",
              "non_striker": "A van der Merwe",
              "runs": {
                "batter": 0,
                "extras": 0,
                "total": 0
              }
            },
            {
              "batter": "MP Enright",
              "bowler": "P Marange",
              "non_striker": "A van der Merwe",
              "runs": {
                "batter": 0,
                "extras": 0,
                "total": 0
              }
            },
            {
              "batter": "MP Enright",
              "bowler": "P Marange",
              "non_striker": "A van der Merwe",
              "runs": {
                "batter": 4,
                "extras": 0,
                "total": 4
              }
            },
            {
              "batter": "MP Enright",
              "bowler": "P Marange",
              "non_striker": "A van der Merwe",
              "runs": {
                "batter": 0,
                "extras": 0,
                "total": 0
              }
            },
            {
              "batter": "MP Enright",
              "bowler": "P Marange",
              "non_striker": "A van der Merwe",
              "runs": {
                "batter": 1,
                "extras": 0,
                "total": 1
              }
            }
          ]
        },
        {
          "over": 8,
          "deliveries": [
            {
              "batter": "MP Enright",
              "bowler": "J Nkomo",
              "non_striker": "A van der Merwe",
              "runs": {
                "batter": 0,
                "extras": 0,
                "total": 0
              }
            },
            {
              "batter": "MP Enright",
              "bowler": "J Nkomo",
              "non_striker": "A van der Merwe",
              "runs": {
                "batter": 1,
                "extras": 0,
                "total": 1
              }
            },
            {
              "batter": "A van der Merwe",
              "bowler": "J Nkomo",
              "non_striker": "MP Enright",
              "runs": {
                "batter": 0,
                "extras": 0,
                "total": 0
              }
            },
            {
              "batter": "A van der Merwe",
              "bowler": "J Nkomo",
              "non_striker": "MP Enright",
              "runs": {
                "batter": 3,
                "extras": 0,
                "total": 3
              }
            },
            {
              "batter": "MP Enright",
              "bowler": "J Nkomo",
              "non_striker": "A van der Merwe",
              "runs": {
                "batter": 1,
                "extras": 0,
                "total": 1
              }
            },
            {
              "batter": "A van der Merwe",
              "bowler": "J Nkomo",
              "non_striker": "MP Enright",
              "runs": {
                "batter": 0,
                "extras": 0,
                "total": 0
              }
            }
          ]
        },
        {
          "over": 9,
          "deliveries": [
            {
              "batter": "MP Enright",
              "bowler": "P Marange",
              "non_striker": "A van der Merwe",
              "runs": {
                "batter": 0,
                "extras": 0,
                "total": 0
              }
            },
            {
              "batter": "MP Enright",
              "bowler": "P Marange",
              "non_striker": "A van der Merwe",
              "runs": {
                "batter": 0,
                "extras": 0,
                "total": 0
              },
              "wickets": [
                {
                  "player_out": "MP Enright",
                  "fielders": [
                    {
                      "name": "J Nkomo"
                    }
                  ],
                  "kind": "caught"
                }
              ]
            },
            {
              "batter": "Yasmeen Khan",
              "bowler": "P Marange",
              "non_striker": "A van der Merwe",
              "runs": {
                "batter": 0,
                "extras": 0,
                "total": 0
              }
            },
            {
              "batter": "Yasmeen Khan",
              "bowler": "P Marange",
              "extras": {
                "wides": 1
              },
              "non_striker": "A van der Merwe",
              "runs": {
                "batter": 0,
                "extras": 1,
                "total": 1
              }
            },
            {
              "batter": "Yasmeen Khan",
              "bowler": "P Marange",
              "non_striker": "A van der Merwe",
              "runs": {
                "batter": 0,
                "extras": 0,
                "total": 0
              }
            },
            {
              "batter": "Yasmeen Khan",
              "bowler": "P Marange",
              "non_striker": "A van der Merwe",
              "runs": {
                "batter": 1,
                "extras": 0,
                "total": 1
              }
            },
            {
              "batter": "A van der Merwe",
              "bowler": "P Marange",
              "non_striker": "Yasmeen Khan",
              "runs": {
                "batter": 0,
                "extras": 0,
                "total": 0
              }
            }
          ]
        },
        {
          "over": 10,
          "deliveries": [
            {
              "batter": "Yasmeen Khan",
              "bowler": "J Nkomo",
              "extras": {
                "legbyes": 1
              },
              "non_striker": "A van der Merwe",
              "runs": {
                "batter": 0,
                "extras": 1,
                "total": 1
              }
            },
            {
              "batter": "A van der Merwe",
              "bowler": "J Nkomo",
              "non_striker": "Yasmeen Khan",
              "runs": {
                "batter": 0,
                "extras": 0,
                "total": 0
              }
            },
            {
              "batter": "A van der Merwe",
              "bowler": "J Nkomo",
              "non_striker": "Yasmeen Khan",
              "runs": {
                "batter": 0,
                "extras": 0,
                "total": 0
              }
            },
            {
              "batter": "A van der Merwe",
              "bowler": "J Nkomo",
              "non_striker": "Yasmeen Khan",
              "runs": {
                "batter": 0,
                "extras": 0,
                "total": 0
              }
            },
            {
              "batter": "A van der Merwe",
              "bowler": "J Nkomo",
              "non_striker": "Yasmeen Khan",
              "runs": {
                "batter": 1,
                "extras": 0,
                "total": 1
              }
            },
            {
              "batter": "Yasmeen Khan",
              "bowler": "J Nkomo",
              "non_striker": "A van der Merwe",
              "runs": {
                "batter": 0,
                "extras": 0,
                "total": 0
              },
              "wickets": [
                {
                  "player_out": "Yasmeen Khan",
                  "kind": "bowled"
                }
              ]
            }
          ]
        },
        {
          "over": 11,
          "deliveries": [
            {
              "batter": "A van der Merwe",
              "bowler": "P Marange",
              "non_striker": "KA Green",
              "runs": {
                "batter": 0,
                "extras": 0,
                "total": 0
              }
            },
            {
              "batter": "A van der Merwe",
              "bowler": "P Marange",
              "non_striker": "KA Green",
              "runs": {
                "batter": 2,
                "extras": 0,
                "total": 2
              }
            },
            {
              "batter": "A van der Merwe",
              "bowler": "P Marange",
              "non_striker": "KA Green",
              "runs": {
                "batter": 0,
                "extras": 0,
                "total": 0
              }
            },
            {
              "batter": "A van der Merwe",
              "bowler": "P Marange",
              "non_striker": "KA Green",
              "runs": {
                "batter": 0,
                "extras": 0,
                "total": 0
              }
            },
            {
              "batter": "A van der Merwe",
              "bowler": "P Marange",
              "non_striker": "KA Green",
              "runs": {
                "batter": 0,
                "extras": 0,
                "total": 0
              }
            },
            {
              "batter": "A van der Merwe",
              "bowler": "P Marange",
              "non_striker": "KA Green",
              "runs": {
                "batter": 0,
                "extras": 0,
                "total": 0
              }
            }
          ]
        },
        {
          "over": 12,
          "deliveries": [
            {
              "batter": "KA Green",
              "bowler": "E Mbofana",
              "non_striker": "A van der Merwe",
              "runs": {
                "batter": 0,
                "extras": 0,
                "total": 0
              }
            },
            {
              "batter": "KA Green",
              "bowler": "E Mbofana",
              "non_striker": "A van der Merwe",
              "runs": {
                "batter": 0,
                "extras": 0,
                "total": 0
              }
            },
            {
              "batter": "KA Green",
              "bowler": "E Mbofana",
              "non_striker": "A van der Merwe",
              "runs": {
                "batter": 1,
                "extras": 0,
                "total": 1
              }
            },
            {
              "batter": "A van der Merwe",
              "bowler": "E Mbofana",
              "non_striker": "KA Green",
              "runs": {
                "batter": 0,
                "extras": 0,
                "total": 0
              }
            },
            {
              "batter": "A van der Merwe",
              "bowler": "E Mbofana",
              "non_striker": "KA Green",
              "runs": {
                "batter": 0,
                "extras": 0,
                "total": 0
              }
            },
            {
              "batter": "A van der Merwe",
              "bowler": "E Mbofana",
              "extras": {
                "wides": 1
              },
              "non_striker": "KA Green",
              "runs": {
                "batter": 0,
                "extras": 1,
                "total": 1
              }
            },
            {
              "batter": "A van der Merwe",
              "bowler": "E Mbofana",
              "extras": {
                "wides": 1
              },
              "non_striker": "KA Green",
              "runs": {
                "batter": 0,
                "extras": 1,
                "total": 1
              }
            },
            {
              "batter": "A van der Merwe",
              "bowler": "E Mbofana",
              "non_striker": "KA Green",
              "runs": {
                "batter": 0,
                "extras": 0,
                "total": 0
              }
            }
          ]
        },
        {
          "over": 13,
          "deliveries": [
            {
              "batter": "KA Green",
              "bowler": "P Marange",
              "non_striker": "A van der Merwe",
              "runs": {
                "batter": 0,
                "extras": 0,
                "total": 0
              }
            },
            {
              "batter": "KA Green",
              "bowler": "P Marange",
              "non_striker": "A van der Merwe",
              "runs": {
                "batter": 0,
                "extras": 0,
                "total": 0
              }
            },
            {
              "batter": "KA Green",
              "bowler": "P Marange",
              "extras": {
                "legbyes": 1
              },
              "non_striker": "A van der Merwe",
              "runs": {
                "batter": 0,
                "extras": 1,
                "total": 1
              }
            },
            {
              "batter": "A van der Merwe",
              "bowler": "P Marange",
              "non_striker": "KA Green",
              "runs": {
                "batter": 0,
                "extras": 0,
                "total": 0
              }
            },
            {
              "batter": "A van der Merwe",
              "bowler": "P Marange",
              "non_striker": "KA Green",
              "runs": {
                "batter": 0,
                "extras": 0,
                "total": 0
              }
            },
            {
              "batter": "A van der Merwe",
              "bowler": "P Marange",
              "non_striker": "KA Green",
              "runs": {
                "batter": 4,
                "extras": 0,
                "total": 4
              }
            }
          ]
        },
        {
          "over": 14,
          "deliveries": [
            {
              "batter": "KA Green",
              "bowler": "E Mbofana",
              "non_striker": "A van der Merwe",
              "runs": {
                "batter": 1,
                "extras": 0,
                "total": 1
              }
            },
            {
              "batter": "A van der Merwe",
              "bowler": "E Mbofana",
              "non_striker": "KA Green",
              "runs": {
                "batter": 0,
                "extras": 0,
                "total": 0
              }
            },
            {
              "batter": "A van der Merwe",
              "bowler": "E Mbofana",
              "non_striker": "KA Green",
              "runs": {
                "batter": 0,
                "extras": 0,
                "total": 0
              }
            },
            {
              "batter": "A van der Merwe",
              "bowler": "E Mbofana",
              "extras": {
                "byes": 1
              },
              "non_striker": "KA Green",
              "runs": {
                "batter": 0,
                "extras": 1,
                "total": 1
              }
            },
            {
              "batter": "KA Green",
              "bowler": "E Mbofana",
              "non_striker": "A van der Merwe",
              "runs": {
                "batter": 0,
                "extras": 0,
                "total": 0
              }
            },
            {
              "batter": "KA Green",
              "bowler": "E Mbofana",
              "non_striker": "A van der Merwe",
              "runs": {
                "batter": 0,
                "extras": 0,
                "total": 0
              }
            }
          ]
        },
        {
          "over": 15,
          "deliveries": [
            {
              "batter": "A van der Merwe",
              "bowler": "AC Mushangwe",
              "non_striker": "KA Green",
              "runs": {
                "batter": 0,
                "extras": 0,
                "total": 0
              }
            },
            {
              "batter": "A van der Merwe",
              "bowler": "AC Mushangwe",
              "non_striker": "KA Green",
              "runs": {
                "batter": 0,
                "extras": 0,
                "total": 0
              }
            },
            {
              "batter": "A van der Merwe",
              "bowler": "AC Mushangwe",
              "non_striker": "KA Green",
              "runs": {
                "batter": 1,
                "extras": 0,
                "total": 1
              }
            },
            {
              "batter": "KA Green",
              "bowler": "AC Mushangwe",
              "non_striker": "A van der Merwe",
              "runs": {
                "batter": 0,
                "extras": 0,
                "total": 0
              }
            },
            {
              "batter": "KA Green",
              "bowler": "AC Mushangwe",
              "non_striker": "A van der Merwe",
              "runs": {
                "batter": 1,
                "extras": 0,
                "total": 1
              }
            },
            {
              "batter": "A van der Merwe",
              "bowler": "AC Mushangwe",
              "non_striker": "KA Green",
              "runs": {
                "batter": 2,
                "extras": 0,
                "total": 2
              }
            }
          ]
        },
        {
          "over": 16,
          "deliveries": [
            {
              "batter": "KA Green",
              "bowler": "E Mbofana",
              "non_striker": "A van der Merwe",
              "runs": {
                "batter": 1,
                "extras": 0,
                "total": 1
              }
            },
            {
              "batter": "A van der Merwe",
              "bowler": "E Mbofana",
              "non_striker": "KA Green",
              "runs": {
                "batter": 0,
                "extras": 0,
                "total": 0
              }
            },
            {
              "batter": "A van der Merwe",
              "bowler": "E Mbofana",
              "non_striker": "KA Green",
              "runs": {
                "batter": 1,
                "extras": 0,
                "total": 1
              }
            },
            {
              "batter": "KA Green",
              "bowler": "E Mbofana",
              "non_striker": "A van der Merwe",
              "runs": {
                "batter": 4,
                "extras": 0,
                "total": 4
              }
            },
            {
              "batter": "KA Green",
              "bowler": "E Mbofana",
              "non_striker": "A van der Merwe",
              "runs": {
                "batter": 0,
                "extras": 0,
                "total": 0
              }
            },
            {
              "batter": "KA Green",
              "bowler": "E Mbofana",
              "non_striker": "A van der Merwe",
              "runs": {
                "batter": 0,
                "extras": 0,
                "total": 0
              }
            }
          ]
        },
        {
          "over": 17,
          "deliveries": [
            {
              "batter": "A van der Merwe",
              "bowler": "AC Mushangwe",
              "non_striker": "KA Green",
              "runs": {
                "batter": 1,
                "extras": 0,
                "total": 1
              }
            },
            {
              "batter": "KA Green",
              "bowler": "AC Mushangwe",
              "non_striker": "A van der Merwe",
              "runs": {
                "batter": 0,
                "extras": 0,
                "total": 0
              }
            },
            {
              "batter": "KA Green",
              "bowler": "AC Mushangwe",
              "non_striker": "A van der Merwe",
              "runs": {
                "batter": 0,
                "extras": 0,
                "total": 0
              }
            },
            {
              "batter": "KA Green",
              "bowler": "AC Mushangwe",
              "non_striker": "A van der Merwe",
              "runs": {
                "batter": 1,
                "extras": 0,
                "total": 1
              }
            },
            {
              "batter": "A van der Merwe",
              "bowler": "AC Mushangwe",
              "non_striker": "KA Green",
              "runs": {
                "batter": 1,
                "extras": 0,
                "total": 1
              }
            },
            {
              "batter": "KA Green",
              "bowler": "AC Mushangwe",
              "non_striker": "A van der Merwe",
              "runs": {
                "batter": 0,
                "extras": 0,
                "total": 0
              },
              "wickets": [
                {
                  "player_out": "KA Green",
                  "kind": "bowled"
                }
              ]
            }
          ]
        },
        {
          "over": 18,
          "deliveries": [
            {
              "batter": "A van der Merwe",
              "bowler": "E Mbofana",
              "extras": {
                "wides": 1
              },
              "non_striker": "SA Wittmann",
              "runs": {
                "batter": 0,
                "extras": 1,
                "total": 1
              }
            },
            {
              "batter": "A van der Merwe",
              "bowler": "E Mbofana",
              "non_striker": "SA Wittmann",
              "runs": {
                "batter": 0,
                "extras": 0,
                "total": 0
              },
              "wickets": [
                {
                  "player_out": "A van der Merwe",
                  "kind": "run out"
                }
              ]
            },
            {
              "batter": "SA Wittmann",
              "bowler": "E Mbofana",
              "non_striker": "H de Klerk",
              "runs": {
                "batter": 0,
                "extras": 0,
                "total": 0
              }
            },
            {
              "batter": "SA Wittmann",
              "bowler": "E Mbofana",
              "non_striker": "H de Klerk",
              "runs": {
                "batter": 1,
                "extras": 0,
                "total": 1
              }
            },
            {
              "batter": "H de Klerk",
              "bowler": "E Mbofana",
              "non_striker": "SA Wittmann",
              "runs": {
                "batter": 0,
                "extras": 0,
                "total": 0
              }
            },
            {
              "batter": "H de Klerk",
              "bowler": "E Mbofana",
              "non_striker": "SA Wittmann",
              "runs": {
                "batter": 2,
                "extras": 0,
                "total": 2
              }
            },
            {
              "batter": "H de Klerk",
              "bowler": "E Mbofana",
              "non_striker": "SA Wittmann",
              "runs": {
                "batter": 0,
                "extras": 0,
                "total": 0
              },
              "wickets": [
                {
                  "player_out": "H de Klerk",
                  "fielders": [
                    {
                      "name": "N Sibanda"
                    }
                  ],
                  "kind": "caught"
                }
              ]
            }
          ]
        },
        {
          "over": 19,
          "deliveries": [
            {
              "batter": "SA Wittmann",
              "bowler": "N Sibanda",
              "non_striker": "D Dreyer",
              "runs": {
                "batter": 1,
                "extras": 0,
                "total": 1
              }
            },
            {
              "batter": "D Dreyer",
              "bowler": "N Sibanda",
              "non_striker": "SA Wittmann",
              "runs": {
                "batter": 0,
                "extras": 0,
                "total": 0
              }
            },
            {
              "batter": "D Dreyer",
              "bowler": "N Sibanda",
              "non_striker": "SA Wittmann",
              "runs": {
                "batter": 0,
                "extras": 0,
                "total": 0
              }
            },
            {
              "batter": "D Dreyer",
              "bowler": "N Sibanda",
              "non_striker": "SA Wittmann",
              "runs": {
                "batter": 0,
                "extras": 0,
                "total": 0
              }
            },
            {
              "batter": "D Dreyer",
              "bowler": "N Sibanda",
              "non_striker": "SA Wittmann",
              "runs": {
                "batter": 2,
                "extras": 0,
                "total": 2
              }
            },
            {
              "batter": "D Dreyer",
              "bowler": "N Sibanda",
              "non_striker": "SA Wittmann",
              "runs": {
                "batter": 2,
                "extras": 0,
                "total": 2
              }
            }
          ]
        }
      ],
      "powerplays": [
        {
          "from": 0.1,
          "to": 5.7,
          "type": "mandatory"
        }
      ]
    },
    {
      "team": "Zimbabwe",
      "overs": [
        {
          "over": 0,
          "deliveries": [
            {
              "batter": "M Mupachikwa",
              "bowler": "MP Enright",
              "extras": {
                "wides": 1
              },
              "non_striker": "A Ndiraya",
              "runs": {
                "batter": 0,
                "extras": 1,
                "total": 1
              }
            },
            {
              "batter": "M Mupachikwa",
              "bowler": "MP Enright",
              "non_striker": "A Ndiraya",
              "runs": {
                "batter": 0,
                "extras": 0,
                "total": 0
              }
            },
            {
              "batter": "M Mupachikwa",
              "bowler": "MP Enright",
              "non_striker": "A Ndiraya",
              "runs": {
                "batter": 1,
                "extras": 0,
                "total": 1
              }
            },
            {
              "batter": "A Ndiraya",
              "bowler": "MP Enright",
              "extras": {
                "wides": 1
              },
              "non_striker": "M Mupachikwa",
              "runs": {
                "batter": 0,
                "extras": 1,
                "total": 1
              }
            },
            {
              "batter": "A Ndiraya",
              "bowler": "MP Enright",
              "non_striker": "M Mupachikwa",
              "runs": {
                "batter": 1,
                "extras": 0,
                "total": 1
              }
            },
            {
              "batter": "M Mupachikwa",
              "bowler": "MP Enright",
              "non_striker": "A Ndiraya",
              "runs": {
                "batter": 0,
                "extras": 0,
                "total": 0
              }
            },
            {
              "batter": "M Mupachikwa",
              "bowler": "MP Enright",
              "non_striker": "A Ndiraya",
              "runs": {
                "batter": 0,
                "extras": 0,
                "total": 0
              }
            },
            {
              "batter": "M Mupachikwa",
              "bowler": "MP Enright",
              "non_striker": "A Ndiraya",
              "runs": {
                "batter": 4,
                "extras": 0,
                "total": 4
              }
            }
          ]
        },
        {
          "over": 1,
          "deliveries": [
            {
              "batter": "A Ndiraya",
              "bowler": "SA Wittmann",
              "non_striker": "M Mupachikwa",
              "runs": {
                "batter": 0,
                "extras": 0,
                "total": 0
              }
            },
            {
              "batter": "A Ndiraya",
              "bowler": "SA Wittmann",
              "non_striker": "M Mupachikwa",
              "runs": {
                "batter": 0,
                "extras": 0,
                "total": 0
              }
            },
            {
              "batter": "A Ndiraya",
              "bowler": "SA Wittmann",
              "non_striker": "M Mupachikwa",
              "runs": {
                "batter": 0,
                "extras": 0,
                "total": 0
              }
            },
            {
              "batter": "A Ndiraya",
              "bowler": "SA Wittmann",
              "extras": {
                "wides": 2
              },
              "non_striker": "M Mupachikwa",
              "runs": {
                "batter": 0,
                "extras": 2,
                "total": 2
              }
            },
            {
              "batter": "M Mupachikwa",
              "bowler": "SA Wittmann",
              "non_striker": "A Ndiraya",
              "runs": {
                "batter": 4,
                "extras": 0,
                "total": 4
              }
            },
            {
              "batter": "M Mupachikwa",
              "bowler": "SA Wittmann",
              "non_striker": "A Ndiraya",
              "runs": {
                "batter": 4,
                "extras": 0,
                "total": 4
              }
            },
            {
              "batter": "M Mupachikwa",
              "bowler": "SA Wittmann",
              "non_striker": "A Ndiraya",
              "runs": {
                "batter": 2,
                "extras": 0,
                "total": 2
              }
            }
          ]
        },
        {
          "over": 2,
          "deliveries": [
            {
              "batter": "A Ndiraya",
              "bowler": "MP Enright",
              "non_striker": "M Mupachikwa",
              "runs": {
                "batter": 0,
                "extras": 0,
                "total": 0
              }
            },
            {
              "batter": "A Ndiraya",
              "bowler": "MP Enright",
              "non_striker": "M Mupachikwa",
              "runs": {
                "batter": 1,
                "extras": 0,
                "total": 1
              }
            },
            {
              "batter": "M Mupachikwa",
              "bowler": "MP Enright",
              "non_striker": "A Ndiraya",
              "runs": {
                "batter": 1,
                "extras": 0,
                "total": 1
              }
            },
            {
              "batter": "A Ndiraya",
              "bowler": "MP Enright",
              "extras": {
                "wides": 1
              },
              "non_striker": "M Mupachikwa",
              "runs": {
                "batter": 0,
                "extras": 1,
                "total": 1
              }
            },
            {
              "batter": "A Ndiraya",
              "bowler": "MP Enright",
              "extras": {
                "wides": 1
              },
              "non_striker": "M Mupachikwa",
              "runs": {
                "batter": 0,
                "extras": 1,
                "total": 1
              }
            },
            {
              "batter": "A Ndiraya",
              "bowler": "MP Enright",
              "extras": {
                "wides": 1
              },
              "non_striker": "M Mupachikwa",
              "runs": {
                "batter": 0,
                "extras": 1,
                "total": 1
              }
            },
            {
              "batter": "A Ndiraya",
              "bowler": "MP Enright",
              "extras": {
                "wides": 1
              },
              "non_striker": "M Mupachikwa",
              "runs": {
                "batter": 0,
                "extras": 1,
                "total": 1
              }
            },
            {
              "batter": "A Ndiraya",
              "bowler": "MP Enright",
              "non_striker": "M Mupachikwa",
              "runs": {
                "batter": 0,
                "extras": 0,
                "total": 0
              }
            },
            {
              "batter": "A Ndiraya",
              "bowler": "MP Enright",
              "non_striker": "M Mupachikwa",
              "runs": {
                "batter": 0,
                "extras": 0,
                "total": 0
              },
              "wickets": [
                {
                  "player_out": "M Mupachikwa",
                  "kind": "run out"
                }
              ]
            },
            {
              "batter": "A Ndiraya",
              "bowler": "MP Enright",
              "extras": {
                "wides": 1
              },
              "non_striker": "CS Mugeri-Tiripano",
              "runs": {
                "batter": 0,
                "extras": 1,
                "total": 1
              }
            },
            {
              "batter": "A Ndiraya",
              "bowler": "MP Enright",
              "extras": {
                "wides": 1
              },
              "non_striker": "CS Mugeri-Tiripano",
              "runs": {
                "batter": 0,
                "extras": 1,
                "total": 1
              }
            },
            {
              "batter": "CS Mugeri-Tiripano",
              "bowler": "MP Enright",
              "non_striker": "A Ndiraya",
              "runs": {
                "batter": 0,
                "extras": 0,
                "total": 0
              },
              "wickets": [
                {
                  "player_out": "CS Mugeri-Tiripano",
                  "kind": "bowled"
                }
              ]
            }
          ]
        },
        {
          "over": 3,
          "deliveries": [
            {
              "batter": "A Ndiraya",
              "bowler": "I van Zyl",
              "non_striker": "P Marange",
              "runs": {
                "batter": 0,
                "extras": 0,
                "total": 0
              }
            },
            {
              "batter": "A Ndiraya",
              "bowler": "I van Zyl",
              "extras": {
                "legbyes": 1
              },
              "non_striker": "P Marange",
              "runs": {
                "batter": 0,
                "extras": 1,
                "total": 1
              }
            },
            {
              "batter": "P Marange",
              "bowler": "I van Zyl",
              "non_striker": "A Ndiraya",
              "runs": {
                "batter": 0,
                "extras": 0,
                "total": 0
              }
            },
            {
              "batter": "P Marange",
              "bowler": "I van Zyl",
              "non_striker": "A Ndiraya",
              "runs": {
                "batter": 1,
                "extras": 0,
                "total": 1
              }
            },
            {
              "batter": "A Ndiraya",
              "bowler": "I van Zyl",
              "extras": {
                "wides": 1
              },
              "non_striker": "P Marange",
              "runs": {
                "batter": 0,
                "extras": 1,
                "total": 1
              }
            },
            {
              "batter": "A Ndiraya",
              "bowler": "I van Zyl",
              "non_striker": "P Marange",
              "runs": {
                "batter": 0,
                "extras": 0,
                "total": 0
              }
            },
            {
              "batter": "A Ndiraya",
              "bowler": "I van Zyl",
              "non_striker": "P Marange",
              "runs": {
                "batter": 0,
                "extras": 0,
                "total": 0
              }
            }
          ]
        },
        {
          "over": 4,
          "deliveries": [
            {
              "batter": "P Marange",
              "bowler": "Yasmeen Khan",
              "extras": {
                "wides": 1
              },
              "non_striker": "A Ndiraya",
              "runs": {
                "batter": 0,
                "extras": 1,
                "total": 1
              }
            },
            {
              "batter": "P Marange",
              "bowler": "Yasmeen Khan",
              "non_striker": "A Ndiraya",
              "runs": {
                "batter": 1,
                "extras": 0,
                "total": 1
              }
            },
            {
              "batter": "A Ndiraya",
              "bowler": "Yasmeen Khan",
              "extras": {
                "wides": 1
              },
              "non_striker": "P Marange",
              "runs": {
                "batter": 0,
                "extras": 1,
                "total": 1
              }
            },
            {
              "batter": "A Ndiraya",
              "bowler": "Yasmeen Khan",
              "extras": {
                "wides": 1
              },
              "non_striker": "P Marange",
              "runs": {
                "batter": 0,
                "extras": 1,
                "total": 1
              }
            },
            {
              "batter": "A Ndiraya",
              "bowler": "Yasmeen Khan",
              "extras": {
                "wides": 1
              },
              "non_striker": "P Marange",
              "runs": {
                "batter": 0,
                "extras": 1,
                "total": 1
              }
            },
            {
              "batter": "A Ndiraya",
              "bowler": "Yasmeen Khan",
              "non_striker": "P Marange",
              "runs": {
                "batter": 4,
                "extras": 0,
                "total": 4
              }
            },
            {
              "batter": "A Ndiraya",
              "bowler": "Yasmeen Khan",
              "non_striker": "P Marange",
              "runs": {
                "batter": 0,
                "extras": 0,
                "total": 0
              }
            },
            {
              "batter": "A Ndiraya",
              "bowler": "Yasmeen Khan",
              "non_striker": "P Marange",
              "runs": {
                "batter": 4,
                "extras": 0,
                "total": 4
              }
            },
            {
              "batter": "A Ndiraya",
              "bowler": "Yasmeen Khan",
              "non_striker": "P Marange",
              "runs": {
                "batter": 0,
                "extras": 0,
                "total": 0
              }
            },
            {
              "batter": "A Ndiraya",
              "bowler": "Yasmeen Khan",
              "non_striker": "P Marange",
              "runs": {
                "batter": 1,
                "extras": 0,
                "total": 1
              }
            }
          ]
        },
        {
          "over": 5,
          "deliveries": [
            {
              "batter": "A Ndiraya",
              "bowler": "I van Zyl",
              "non_striker": "P Marange",
              "runs": {
                "batter": 0,
                "extras": 0,
                "total": 0
              }
            },
            {
              "batter": "A Ndiraya",
              "bowler": "I van Zyl",
              "non_striker": "P Marange",
              "runs": {
                "batter": 0,
                "extras": 0,
                "total": 0
              }
            },
            {
              "batter": "A Ndiraya",
              "bowler": "I van Zyl",
              "non_striker": "P Marange",
              "runs": {
                "batter": 1,
                "extras": 0,
                "total": 1
              }
            },
            {
              "batter": "P Marange",
              "bowler": "I van Zyl",
              "non_striker": "A Ndiraya",
              "runs": {
                "batter": 0,
                "extras": 0,
                "total": 0
              }
            },
            {
              "batter": "P Marange",
              "bowler": "I van Zyl",
              "non_striker": "A Ndiraya",
              "runs": {
                "batter": 2,
                "extras": 0,
                "total": 2
              }
            },
            {
              "batter": "P Marange",
              "bowler": "I van Zyl",
              "non_striker": "A Ndiraya",
              "runs": {
                "batter": 0,
                "extras": 0,
                "total": 0
              }
            }
          ]
        },
        {
          "over": 6,
          "deliveries": [
            {
              "batter": "A Ndiraya",
              "bowler": "KA Green",
              "non_striker": "P Marange",
              "runs": {
                "batter": 0,
                "extras": 0,
                "total": 0
              }
            },
            {
              "batter": "A Ndiraya",
              "bowler": "KA Green",
              "non_striker": "P Marange",
              "runs": {
                "batter": 1,
                "extras": 0,
                "total": 1
              }
            },
            {
              "batter": "P Marange",
              "bowler": "KA Green",
              "extras": {
                "wides": 1
              },
              "non_striker": "A Ndiraya",
              "runs": {
                "batter": 0,
                "extras": 1,
                "total": 1
              }
            },
            {
              "batter": "P Marange",
              "bowler": "KA Green",
              "non_striker": "A Ndiraya",
              "runs": {
                "batter": 0,
                "extras": 0,
                "total": 0
              }
            },
            {
              "batter": "P Marange",
              "bowler": "KA Green",
              "non_striker": "A Ndiraya",
              "runs": {
                "batter": 0,
                "extras": 0,
                "total": 0
              }
            },
            {
              "batter": "P Marange",
              "bowler": "KA Green",
              "non_striker": "A Ndiraya",
              "runs": {
                "batter": 0,
                "extras": 0,
                "total": 0
              }
            },
            {
              "batter": "P Marange",
              "bowler": "KA Green",
              "extras": {
                "wides": 1
              },
              "non_striker": "A Ndiraya",
              "runs": {
                "batter": 0,
                "extras": 1,
                "total": 1
              }
            },
            {
              "batter": "P Marange",
              "bowler": "KA Green",
              "non_striker": "A Ndiraya",
              "runs": {
                "batter": 2,
                "extras": 0,
                "total": 2
              }
            }
          ]
        },
        {
          "over": 7,
          "deliveries": [
            {
              "batter": "A Ndiraya",
              "bowler": "A van Schoor",
              "extras": {
                "wides": 1
              },
              "non_striker": "P Marange",
              "runs": {
                "batter": 0,
                "extras": 1,
                "total": 1
              }
            },
            {
              "batter": "A Ndiraya",
              "bowler": "A van Schoor",
              "non_striker": "P Marange",
              "runs": {
                "batter": 1,
                "extras": 0,
                "total": 1
              }
            },
            {
              "batter": "P Marange",
              "bowler": "A van Schoor",
              "non_striker": "A Ndiraya",
              "runs": {
                "batter": 0,
                "extras": 0,
                "total": 0
              }
            },
            {
              "batter": "P Marange",
              "bowler": "A van Schoor",
              "non_striker": "A Ndiraya",
              "runs": {
                "batter": 1,
                "extras": 0,
                "total": 1
              }
            },
            {
              "batter": "A Ndiraya",
              "bowler": "A van Schoor",
              "non_striker": "P Marange",
              "runs": {
                "batter": 0,
                "extras": 0,
                "total": 0
              }
            },
            {
              "batter": "A Ndiraya",
              "bowler": "A van Schoor",
              "non_striker": "P Marange",
              "runs": {
                "batter": 1,
                "extras": 0,
                "total": 1
              }
            },
            {
              "batter": "P Marange",
              "bowler": "A van Schoor",
              "non_striker": "A Ndiraya",
              "runs": {
                "batter": 0,
                "extras": 0,
                "total": 0
              }
            }
          ]
        },
        {
          "over": 8,
          "deliveries": [
            {
              "batter": "A Ndiraya",
              "bowler": "KA Green",
              "non_striker": "P Marange",
              "runs": {
                "batter": 1,
                "extras": 0,
                "total": 1
              }
            },
            {
              "batter": "P Marange",
              "bowler": "KA Green",
              "non_striker": "A Ndiraya",
              "runs": {
                "batter": 0,
                "extras": 0,
                "total": 0
              }
            },
            {
              "batter": "P Marange",
              "bowler": "KA Green",
              "non_striker": "A Ndiraya",
              "runs": {
                "batter": 0,
                "extras": 0,
                "total": 0
              }
            },
            {
              "batter": "P Marange",
              "bowler": "KA Green",
              "non_striker": "A Ndiraya",
              "runs": {
                "batter": 4,
                "extras": 0,
                "total": 4
              }
            },
            {
              "batter": "P Marange",
              "bowler": "KA Green",
              "non_striker": "A Ndiraya",
              "runs": {
                "batter": 4,
                "extras": 0,
                "total": 4
              }
            },
            {
              "batter": "P Marange",
              "bowler": "KA Green",
              "non_striker": "A Ndiraya",
              "runs": {
                "batter": 1,
                "extras": 0,
                "total": 1
              }
            }
          ]
        },
        {
          "over": 9,
          "deliveries": [
            {
              "batter": "P Marange",
              "bowler": "A van Schoor",
              "non_striker": "A Ndiraya",
              "runs": {
                "batter": 2,
                "extras": 0,
                "total": 2
              }
            },
            {
              "batter": "P Marange",
              "bowler": "A van Schoor",
              "non_striker": "A Ndiraya",
              "runs": {
                "batter": 0,
                "extras": 0,
                "total": 0
              }
            },
            {
              "batter": "P Marange",
              "bowler": "A van Schoor",
              "non_striker": "A Ndiraya",
              "runs": {
                "batter": 1,
                "extras": 0,
                "total": 1
              }
            },
            {
              "batter": "A Ndiraya",
              "bowler": "A van Schoor",
              "non_striker": "P Marange",
              "runs": {
                "batter": 0,
                "extras": 0,
                "total": 0
              }
            },
            {
              "batter": "A Ndiraya",
              "bowler": "A van Schoor",
              "non_striker": "P Marange",
              "runs": {
                "batter": 0,
                "extras": 0,
                "total": 0
              }
            },
            {
              "batter": "A Ndiraya",
              "bowler": "A van Schoor",
              "non_striker": "P Marange",
              "runs": {
                "batter": 1,
                "extras": 0,
                "total": 1
              }
            }
          ]
        },
        {
          "over": 10,
          "deliveries": [
            {
              "batter": "A Ndiraya",
              "bowler": "MP Enright",
              "non_striker": "P Marange",
              "runs": {
                "batter": 0,
                "extras": 0,
                "total": 0
              }
            },
            {
              "batter": "A Ndiraya",
              "bowler": "MP Enright",
              "non_striker": "P Marange",
              "runs": {
                "batter": 1,
                "extras": 0,
                "total": 1
              }
            }
          ]
        }
      ],
      "powerplays": [
        {
          "from": 0.1,
          "to": 5.6,
          "type": "mandatory"
        }
      ],
      "target": {
        "overs": 20,
        "runs": 72
      }
    }
  ]
}