{
  "meta": {
    "data_version": "1.0.0",
    "created": "2020-10-06",
    "revision": 2
  },
  "info": {
    "balls_per_over": 6,
    "city": "Bangkok",
    "dates": [
      "2017-11-23"
    ],
    "event": {
      "name": "ICC Women's World Twenty20 Qualifying Series Asia Region",
      "match_number": 7
    },
    "gender": "female",
    "match_type": "IT20",
    "officials": {
      "reserve_umpires": [
        "B Ramani"
      ],
      "umpires": [
        "AK Rana",
        "V Kalidas"
      ]
    },
    "outcome": {
      "winner": "Hong Kong",
      "by": {
        "runs": 52
      }
    },
    "overs": 20,
    "player_of_match": [
      "KK Gill"
    ],
    "players": {
      "Hong Kong": [
        "KK Gill",
        "Y Daswani",
        "M Hill",
        "KY Chan",
        "Shanzeen Shahzad",
        "Chan Ka Man",
        "MBA Lamplough",
        "Chan Sau Har",
        "JM Davies",
        "Bella Poon",
        "WK Lai"
      ],
      "China": [
        "Zhang Chan",
        "Liu Xiaonan",
        "C Zhou",
        "F Song",
        "Z Lyu",
        "Han Lili",
        "Zhang Yanling",
        "M Zhu",
        "Zhang Xiangxue",
        "LI Haoye",
        "Wang Luo Wanyu"
      ]
    },
    "registry": {
      "people": {
        "AK Rana": "562d74d0",
        "B Ramani": "92ad5353",
        "Bella Poon": "84dc77ad",
        "C Zhou": "5b84f3bc",
        "Chan Ka Man": "c4022bff",
        "Chan Sau Har": "3c567308",
        "F Song": "72a025a0",
        "Han Lili": "cd7134f5",
        "JM Davies": "18016785",
        "KK Gill": "b3f390aa",
        "KY Chan": "6348c6e9",
        "LI Haoye": "fe7ba5cf",
        "Liu Xiaonan": "279f075e",
        "M Hill": "bf5e7711",
        "M Zhu": "36c3302e",
        "MBA Lamplough": "997fffbe",
        "Shanzeen Shahzad": "ce291858",
        "V Kalidas": "42d76418",
        "WK Lai": "6ab99b17",
        "Wang Luo Wanyu": "adbeaa6f",
        "Y Daswani": "2038a273",
        "Z Lyu": "5a058533",
        "Zhang Chan": "d21f6f26",
        "Zhang Xiangxue": "13fdbc7e",
        "Zhang Yanling": "963bb0c7"
      }
    },
    "season": "2017/18",
    "team_type": "international",
    "teams": [
      "Hong Kong",
      "China"
    ],
    "toss": {
      "decision": "bat",
      "winner": "Hong Kong"
    },
    "venue": "Asian Institute of Technology Ground"
  },
  "innings": [
    {
      "team": "Hong Kong",
      "overs": [
        {
          "over": 0,
          "deliveries": [
            {
              "batter": "KK Gill",
              "bowler": "Z Lyu",
              "non_striker": "Y Daswani",
              "runs": {
                "batter": 0,
                "extras": 0,
                "total": 0
              }
            },
            {
              "batter": "KK Gill",
              "bowler": "Z Lyu",
              "non_striker": "Y Daswani",
              "runs": {
                "batter": 0,
                "extras": 0,
                "total": 0
              }
            },
            {
              "batter": "KK Gill",
              "bowler": "Z Lyu",
              "non_striker": "Y Daswani",
              "runs": {
                "batter": 0,
                "extras": 0,
                "total": 0
              }
            },
            {
              "batter": "KK Gill",
              "bowler": "Z Lyu",
              "non_striker": "Y Daswani",
              "runs": {
                "batter": 1,
                "extras": 0,
                "total": 1
              }
            },
            {
              "batter": "Y Daswani",
              "bowler": "Z Lyu",
              "non_striker": "KK Gill",
              "runs": {
                "batter": 0,
                "extras": 0,
                "total": 0
              },
              "wickets": [
                {
                  "player_out": "Y Daswani",
                  "fielders": [
                    {
                      "name": "Liu Xiaonan"
                    }
                  ],
                  "kind": "caught"
                }
              ]
            },
            {
              "batter": "M Hill",
              "bowler": "Z Lyu",
              "non_striker": "KK Gill",
              "runs": {
                "batter": 0,
                "extras": 0,
                "total": 0
              }
            }
          ]
        },
        {
          "over": 1,
          "deliveries": [
            {
              "batter": "KK Gill",
              "bowler": "Zhang Xiangxue",
              "non_striker": "M Hill",
              "runs": {
                "batter": 1,
                "extras": 0,
                "total": 1
              }
            },
            {
              "batter": "M Hill",
              "bowler": "Zhang Xiangxue",
              "non_striker": "KK Gill",
              "runs": {
                "batter": 1,
                "extras": 0,
                "total": 1
              }
            },
            {
              "batter": "KK Gill",
              "bowler": "Zhang Xiangxue",
              "non_striker": "M Hill",
              "runs": {
                "batter": 2,
                "extras": 0,
                "total": 2
              }
            },
            {
              "batter": "KK Gill",
              "bowler": "Zhang Xiangxue",
              "non_striker": "M Hill",
              "runs": {
                "batter": 0,
                "extras": 0,
                "total": 0
              }
            },
            {
              "batter": "KK Gill",
              "bowler": "Zhang Xiangxue",
              "non_striker": "M Hill",
              "runs": {
                "batter": 1,
                "extras": 0,
                "total": 1
              }
            },
            {
              "batter": "M Hill",
              "bowler": "Zhang Xiangxue",
              "non_striker": "KK Gill",
              "runs": {
                "batter": 0,
                "extras": 0,
                "total": 0
              }
            }
          ]
        },
        {
          "over": 2,
          "deliveries": [
            {
              "batter": "KK Gill",
              "bowler": "Z Lyu",
              "non_striker": "M Hill",
              "runs": {
                "batter": 1,
                "extras": 0,
                "total": 1
              }
            },
            {
              "batter": "M Hill",
              "bowler": "Z Lyu",
              "non_striker": "KK Gill",
              "runs": {
                "batter": 0,
                "extras": 0,
                "total": 0
              }
            },
            {
              "batter": "M Hill",
              "bowler": "Z Lyu",
              "non_striker": "KK Gill",
              "runs": {
                "batter": 0,
                "extras": 0,
                "total": 0
              }
            },
            {
              "batter": "M Hill",
              "bowler": "Z Lyu",
              "non_striker": "KK Gill",
              "runs": {
                "batter": 0,
                "extras": 0,
                "total": 0
              }
            },
            {
              "batter": "M Hill",
              "bowler": "Z Lyu",
              "non_striker": "KK Gill",
              "runs": {
                "batter": 1,
                "extras": 0,
                "total": 1
              }
            },
            {
              "batter": "KK Gill",
              "bowler": "Z Lyu",
              "non_striker": "M Hill",
              "runs": {
                "batter": 0,
                "extras": 0,
                "total": 0
              }
            }
          ]
        },
        {
          "over": 3,
          "deliveries": [
            {
              "batter": "M Hill",
              "bowler": "Zhang Xiangxue",
              "non_striker": "KK Gill",
              "runs": {
                "batter": 1,
                "extras": 0,
                "total": 1
              }
            },
            {
              "batter": "KK Gill",
              "bowler": "Zhang Xiangxue",
              "extras": {
                "legbyes": 1
              },
              "non_striker": "M Hill",
              "runs": {
                "batter": 0,
                "extras": 1,
                "total": 1
              }
            },
            {
              "batter": "M Hill",
              "bowler": "Zhang Xiangxue",
              "extras": {
                "legbyes": 1
              },
              "non_striker": "KK Gill",
              "runs": {
                "batter": 0,
                "extras": 1,
                "total": 1
              }
            },
            {
              "batter": "KK Gill",
              "bowler": "Zhang Xiangxue",
              "non_striker": "M Hill",
              "runs": {
                "batter": 0,
                "extras": 0,
                "total": 0
              }
            },
            {
              "batter": "KK Gill",
              "bowler": "Zhang Xiangxue",
              "non_striker": "M Hill",
              "runs": {
                "batter": 0,
                "extras": 0,
                "total": 0
              }
            },
            {
              "batter": "KK Gill",
              "bowler": "Zhang Xiangxue",
              "non_striker": "M Hill",
              "runs": {
                "batter": 0,
                "extras": 0,
                "total": 0
              }
            }
          ]
        },
        {
          "over": 4,
          "deliveries": [
            {
              "batter": "M Hill",
              "bowler": "LI Haoye",
              "non_striker": "KK Gill",
              "runs": {
                "batter": 0,
                "extras": 0,
                "total": 0
              }
            },
            {
              "batter": "M Hill",
              "bowler": "LI Haoye",
              "non_striker": "KK Gill",
              "runs": {
                "batter": 0,
                "extras": 0,
                "total": 0
              }
            },
            {
              "batter": "M Hill",
              "bowler": "LI Haoye",
              "non_striker": "KK Gill",
              "runs": {
                "batter": 2,
                "extras": 0,
                "total": 2
              }
            },
            {
              "batter": "M Hill",
              "bowler": "LI Haoye",
              "non_striker": "KK Gill",
              "runs": {
                "batter": 0,
                "extras": 0,
                "total": 0
              }
            },
            {
              "batter": "M Hill",
              "bowler": "LI Haoye",
              "non_striker": "KK Gill",
              "runs": {
                "batter": 1,
                "extras": 0,
                "total": 1
              }
            },
            {
              "batter": "KK Gill",
              "bowler": "LI Haoye",
              "non_striker": "M Hill",
              "runs": {
                "batter": 0,
                "extras": 0,
                "total": 0
              }
            }
          ]
        },
        {
          "over": 5,
          "deliveries": [
            {
              "batter": "M Hill",
              "bowler": "M Zhu",
              "non_striker": "KK Gill",
              "runs": {
                "batter": 4,
                "extras": 0,
                "total": 4
              }
            },
            {
              "batter": "M Hill",
              "bowler": "M Zhu",
              "non_striker": "KK Gill",
              "runs": {
                "batter": 0,
                "extras": 0,
                "total": 0
              }
            },
            {
              "batter": "M Hill",
              "bowler": "M Zhu",
              "non_striker": "KK Gill",
              "runs": {
                "batter": 1,
                "extras": 0,
                "total": 1
              }
            },
            {
              "batter": "KK Gill",
              "bowler": "M Zhu",
              "non_striker": "M Hill",
              "runs": {
                "batter": 1,
                "extras": 0,
                "total": 1
              }
            },
            {
              "batter": "M Hill",
              "bowler": "M Zhu",
              "non_striker": "KK Gill",
              "runs": {
                "batter": 2,
                "extras": 0,
                "total": 2
              }
            },
            {
              "batter": "M Hill",
              "bowler": "M Zhu",
              "non_striker": "KK Gill",
              "runs": {
                "batter": 4,
                "extras": 0,
                "total": 4
              }
            }
          ]
        },
        {
          "over": 6,
          "deliveries": [
            {
              "batter": "KK Gill",
              "bowler": "LI Haoye",
              "non_striker": "M Hill",
              "runs": {
                "batter": 0,
                "extras": 0,
                "total": 0
              }
            },
            {
              "batter": "KK Gill",
              "bowler": "LI Haoye",
              "non_striker": "M Hill",
              "runs": {
                "batter": 1,
                "extras": 0,
                "total": 1
              }
            },
            {
              "batter": "M Hill",
              "bowler": "LI Haoye",
              "non_striker": "KK Gill",
              "runs": {
                "batter": 0,
                "extras": 0,
                "total": 0
              }
            },
            {
              "batter": "M Hill",
              "bowler": "LI Haoye",
              "non_striker": "KK Gill",
              "runs": {
                "batter": 1,
                "extras": 0,
                "total": 1
              }
            },
            {
              "batter": "KK Gill",
              "bowler": "LI Haoye",
              "non_striker": "M Hill",
              "runs": {
                "batter": 1,
                "extras": 0,
                "total": 1
              }
            },
            {
              "batter": "M Hill",
              "bowler": "LI Haoye",
              "non_striker": "KK Gill",
              "runs": {
                "batter": 0,
                "extras": 0,
                "total": 0
              }
            }
          ]
        },
        {
          "over": 7,
          "deliveries": [
            {
              "batter": "KK Gill",
              "bowler": "M Zhu",
              "non_striker": "M Hill",
              "runs": {
                "batter": 2,
                "extras": 0,
                "total": 2
              }
            },
            {
              "batter": "KK Gill",
              "bowler": "M Zhu",
              "non_striker": "M Hill",
              "runs": {
                "batter": 1,
                "extras": 0,
                "total": 1
              }
            },
            {
              "batter": "M Hill",
              "bowler": "M Zhu",
              "non_striker": "KK Gill",
              "runs": {
                "batter": 1,
                "extras": 0,
                "total": 1
              }
            },
            {
              "batter": "KK Gill",
              "bowler": "M Zhu",
              "non_striker": "M Hill",
              "runs": {
                "batter": 0,
                "extras": 0,
                "total": 0
              }
            },
            {
              "batter": "KK Gill",
              "bowler": "M Zhu",
              "non_striker": "M Hill",
              "runs": {
                "batter": 4,
                "extras": 0,
                "total": 4
              }
            },
            {
              "batter": "KK Gill",
              "bowler": "M Zhu",
              "non_striker": "M Hill",
              "runs": {
                "batter": 1,
                "extras": 0,
                "total": 1
              }
            }
          ]
        },
        {
          "over": 8,
          "deliveries": [
            {
              "batter": "KK Gill",
              "bowler": "LI Haoye",
              "non_striker": "M Hill",
              "runs": {
                "batter": 4,
                "extras": 0,
                "total": 4
              }
            },
            {
              "batter": "KK Gill",
              "bowler": "LI Haoye",
              "non_striker": "M Hill",
              "runs": {
                "batter": 0,
                "extras": 0,
                "total": 0
              }
            },
            {
              "batter": "KK Gill",
              "bowler": "LI Haoye",
              "extras": {
                "wides": 1
              },
              "non_striker": "M Hill",
              "runs": {
                "batter": 0,
                "extras": 1,
                "total": 1
              }
            },
            {
              "batter": "KK Gill",
              "bowler": "LI Haoye",
              "non_striker": "M Hill",
              "runs": {
                "batter": 0,
                "extras": 0,
                "total": 0
              }
            },
            {
              "batter": "KK Gill",
              "bowler": "LI Haoye",
              "non_striker": "M Hill",
              "runs": {
                "batter": 1,
                "extras": 0,
                "total": 1
              }
            },
            {
              "batter": "M Hill",
              "bowler": "LI Haoye",
              "non_striker": "KK Gill",
              "runs": {
                "batter": 0,
                "extras": 0,
                "total": 0
              }
            },
            {
              "batter": "M Hill",
              "bowler": "LI Haoye",
              "non_striker": "KK Gill",
              "runs": {
                "batter": 0,
                "extras": 0,
                "total": 0
              }
            }
          ]
        },
        {
          "over": 9,
          "deliveries": [
            {
              "batter": "KK Gill",
              "bowler": "Han Lili",
              "extras": {
                "wides": 1
              },
              "non_striker": "M Hill",
              "runs": {
                "batter": 0,
                "extras": 1,
                "total": 1
              }
            },
            {
              "batter": "KK Gill",
              "bowler": "Han Lili",
              "non_striker": "M Hill",
              "runs": {
                "batter": 1,
                "extras": 0,
                "total": 1
              }
            },
            {
              "batter": "M Hill",
              "bowler": "Han Lili",
              "non_striker": "KK Gill",
              "runs": {
                "batter": 1,
                "extras": 0,
                "total": 1
              }
            },
            {
              "batter": "KK Gill",
              "bowler": "Han Lili",
              "non_striker": "M Hill",
              "runs": {
                "batter": 0,
                "extras": 0,
                "total": 0
              }
            },
            {
              "batter": "KK Gill",
              "bowler": "Han Lili",
              "non_striker": "M Hill",
              "runs": {
                "batter": 2,
                "extras": 0,
                "total": 2
              }
            },
            {
              "batter": "KK Gill",
              "bowler": "Han Lili",
              "non_striker": "M Hill",
              "runs": {
                "batter": 0,
                "extras": 0,
                "total": 0
              }
            },
            {
              "batter": "KK Gill",
              "bowler": "Han Lili",
              "non_striker": "M Hill",
              "runs": {
                "batter": 1,
                "extras": 0,
                "total": 1
              }
            }
          ]
        },
        {
          "over": 10,
          "deliveries": [
            {
              "batter": "KK Gill",
              "bowler": "LI Haoye",
              "non_striker": "M Hill",
              "runs": {
                "batter": 4,
                "extras": 0,
                "total": 4
              }
            },
            {
              "batter": "KK Gill",
              "bowler": "LI Haoye",
              "non_striker": "M Hill",
              "runs": {
                "batter": 1,
                "extras": 0,
                "total": 1
              }
            },
            {
              "batter": "M Hill",
              "bowler": "LI Haoye",
              "non_striker": "KK Gill",
              "runs": {
                "batter": 1,
                "extras": 0,
                "total": 1
              }
            },
            {
              "batter": "KK Gill",
              "bowler": "LI Haoye",
              "non_striker": "M Hill",
              "runs": {
                "batter": 1,
                "extras": 0,
                "total": 1
              }
            },
            {
              "batter": "M Hill",
              "bowler": "LI Haoye",
              "non_striker": "KK Gill",
              "runs": {
                "batter": 4,
                "extras": 0,
                "total": 4
              }
            },
            {
              "batter": "M Hill",
              "bowler": "LI Haoye",
              "non_striker": "KK Gill",
              "runs": {
                "batter": 1,
                "extras": 0,
                "total": 1
              }
            }
          ]
        },
        {
          "over": 11,
          "deliveries": [
            {
              "batter": "M Hill",
              "bowler": "Han Lili",
              "non_striker": "KK Gill",
              "runs": {
                "batter": 4,
                "extras": 0,
                "total": 4
              }
            },
            {
              "batter": "M Hill",
              "bowler": "Han Lili",
              "non_striker": "KK Gill",
              "runs": {
                "batter": 2,
                "extras": 0,
                "total": 2
              }
            },
            {
              "batter": "M Hill",
              "bowler": "Han Lili",
              "non_striker": "KK Gill",
              "runs": {
                "batter": 0,
                "extras": 0,
                "total": 0
              }
            },
            {
              "batter": "M Hill",
              "bowler": "Han Lili",
              "non_striker": "KK Gill",
              "runs": {
                "batter": 1,
                "extras": 0,
                "total": 1
              }
            },
            {
              "batter": "KK Gill",
              "bowler": "Han Lili",
              "non_striker": "M Hill",
              "runs": {
                "batter": 4,
                "extras": 0,
                "total": 4
              }
            },
            {
              "batter": "KK Gill",
              "bowler": "Han Lili",
              "non_striker": "M Hill",
              "runs": {
                "batter": 0,
                "extras": 0,
                "total": 0
              }
            }
          ]
        },
        {
          "over": 12,
          "deliveries": [
            {
              "batter": "M Hill",
              "bowler": "Zhang Xiangxue",
              "non_striker": "KK Gill",
              "runs": {
                "batter": 2,
                "extras": 0,
                "total": 2
              }
            },
            {
              "batter": "M Hill",
              "bowler": "Zhang Xiangxue",
              "non_striker": "KK Gill",
              "runs": {
                "batter": 0,
                "extras": 0,
                "total": 0
              }
            },
            {
              "batter": "M Hill",
              "bowler": "Zhang Xiangxue",
              "non_striker": "KK Gill",
              "runs": {
                "batter": 0,
                "extras": 0,
                "total": 0
              }
            },
            {
              "batter": "M Hill",
              "bowler": "Zhang Xiangxue",
              "non_striker": "KK Gill",
              "runs": {
                "batter": 0,
                "extras": 0,
                "total": 0
              }
            },
            {
              "batter": "M Hill",
              "bowler": "Zhang Xiangxue",
              "non_striker": "KK Gill",
              "runs": {
                "batter": 0,
                "extras": 0,
                "total": 0
              }
            },
            {
              "batter": "M Hill",
              "bowler": "Zhang Xiangxue",
              "non_striker": "KK Gill",
              "runs": {
                "batter": 1,
                "extras": 0,
                "total": 1
              }
            }
          ]
        },
        {
          "over": 13,
          "deliveries": [
            {
              "batter": "M Hill",
              "bowler": "C Zhou",
              "extras": {
                "wides": 1
              },
              "non_striker": "KK Gill",
              "runs": {
                "batter": 0,
                "extras": 1,
                "total": 1
              }
            },
            {
              "batter": "M Hill",
              "bowler": "C Zhou",
              "extras": {
                "wides": 1
              },
              "non_striker": "KK Gill",
              "runs": {
                "batter": 0,
                "extras": 1,
                "total": 1
              }
            },
            {
              "batter": "M Hill",
              "bowler": "C Zhou",
              "extras": {
                "wides": 1
              },
              "non_striker": "KK Gill",
              "runs": {
                "batter": 0,
                "extras": 1,
                "total": 1
              }
            },
            {
              "batter": "M Hill",
              "bowler": "C Zhou",
              "extras": {
                "noballs": 1
              },
              "non_striker": "KK Gill",
              "runs": {
                "batter": 4,
                "extras": 1,
                "total": 5
              }
            },
            {
              "batter": "M Hill",
              "bowler": "C Zhou",
              "extras": {
                "noballs": 1
              },
              "non_striker": "KK Gill",
              "runs": {
                "batter": 1,
                "extras": 1,
                "total": 2
              }
            },
            {
              "batter": "KK Gill",
              "bowler": "C Zhou",
              "non_striker": "M Hill",
              "runs": {
                "batter": 1,
                "extras": 0,
                "total": 1
              }
            },
            {
              "batter": "M Hill",
              "bowler": "C Zhou",
              "non_striker": "KK Gill",
              "runs": {
                "batter": 0,
                "extras": 0,
                "total": 0
              }
            },
            {
              "batter": "M Hill",
              "bowler": "C Zhou",
              "non_striker": "KK Gill",
              "runs": {
                "batter": 1,
                "extras": 0,
                "total": 1
              }
            },
            {
              "batter": "KK Gill",
              "bowler": "C Zhou",
              "extras": {
                "wides": 1
              },
              "non_striker": "M Hill",
              "runs": {
                "batter": 0,
                "extras": 1,
                "total": 1
              }
            },
            {
              "batter": "KK Gill",
              "bowler": "C Zhou",
              "extras": {
                "noballs": 1
              },
              "non_striker": "M Hill",
              "runs": {
                "batter": 2,
                "extras": 1,
                "total": 3
              }
            },
            {
              "batter": "KK Gill",
              "bowler": "C Zhou",
              "non_striker": "M Hill",
              "runs": {
                "batter": 0,
                "extras": 0,
                "total": 0
              }
            },
            {
              "batter": "KK Gill",
              "bowler": "C Zhou",
              "non_striker": "M Hill",
              "runs": {
                "batter": 1,
                "extras": 0,
                "total": 1
              }
            },
            {
              "batter": "M Hill",
              "bowler": "C Zhou",
              "non_striker": "KK Gill",
              "runs": {
                "batter": 2,
                "extras": 0,
                "total": 2
              }
            }
          ]
        },
        {
          "over": 14,
          "deliveries": [
            {
              "batter": "KK Gill",
              "bowler": "Zhang Xiangxue",
              "non_striker": "M Hill",
              "runs": {
                "batter": 1,
                "extras": 0,
                "total": 1
              }
            },
            {
              "batter": "M Hill",
              "bowler": "Zhang Xiangxue",
              "non_striker": "KK Gill",
              "runs": {
                "batter": 1,
                "extras": 0,
                "total": 1
              }
            },
            {
              "batter": "KK Gill",
              "bowler": "Zhang Xiangxue",
              "non_striker": "M Hill",
              "runs": {
                "batter": 0,
                "extras": 0,
                "total": 0
              }
            },
            {
              "batter": "KK Gill",
              "bowler": "Zhang Xiangxue",
              "extras": {
                "wides": 1
              },
              "non_striker": "M Hill",
              "runs": {
                "batter": 0,
                "extras": 1,
                "total": 1
              }
            },
            {
              "batter": "KK Gill",
              "bowler": "Zhang Xiangxue",
              "non_striker": "M Hill",
              "runs": {
                "batter": 1,
                "extras": 0,
                "total": 1
              }
            },
            {
              "batter": "M Hill",
              "bowler": "Zhang Xiangxue",
              "non_striker": "KK Gill",
              "runs": {
                "batter": 0,
                "extras": 0,
                "total": 0
              }
            },
            {
              "batter": "M Hill",
              "bowler": "Zhang Xiangxue",
              "non_striker": "KK Gill",
              "runs": {
                "batter": 1,
                "extras": 0,
                "total": 1
              }
            }
          ]
        },
        {
          "over": 15,
          "deliveries": [
            {
              "batter": "M Hill",
              "bowler": "Han Lili",
              "extras": {
                "wides": 1
              },
              "non_striker": "KK Gill",
              "runs": {
                "batter": 0,
                "extras": 1,
                "total": 1
              }
            },
            {
              "batter": "M Hill",
              "bowler": "Han Lili",
              "non_striker": "KK Gill",
              "runs": {
                "batter": 1,
                "extras": 0,
                "total": 1
              }
            },
            {
              "batter": "KK Gill",
              "bowler": "Han Lili",
              "non_striker": "M Hill",
              "runs": {
                "batter": 2,
                "extras": 0,
                "total": 2
              }
            },
            {
              "batter": "KK Gill",
              "bowler": "Han Lili",
              "non_striker": "M Hill",
              "runs": {
                "batter": 1,
                "extras": 0,
                "total": 1
              }
            },
            {
              "batter": "M Hill",
              "bowler": "Han Lili",
              "non_striker": "KK Gill",
              "runs": {
                "batter": 0,
                "extras": 0,
                "total": 0
              }
            },
            {
              "batter": "M Hill",
              "bowler": "Han Lili",
              "non_striker": "KK Gill",
              "runs": {
                "batter": 0,
                "extras": 0,
                "total": 0
              }
            },
            {
              "batter": "M Hill",
              "bowler": "Han Lili",
              "non_striker": "KK Gill",
              "runs": {
                "batter": 0,
                "extras": 0,
                "total": 0
              }
            }
          ]
        },
        {
          "over": 16,
          "deliveries": [
            {
              "batter": "KK Gill",
              "bowler": "M Zhu",
              "non_striker": "M Hill",
              "runs": {
                "batter": 1,
                "extras": 0,
                "total": 1
              }
            },
            {
              "batter": "M Hill",
              "bowler": "M Zhu",
              "non_striker": "KK Gill",
              "runs": {
                "batter": 0,
                "extras": 0,
                "total": 0
              }
            },
            {
              "batter": "M Hill",
              "bowler": "M Zhu",
              "non_striker": "KK Gill",
              "runs": {
                "batter": 1,
                "extras": 0,
                "total": 1
              }
            },
            {
              "batter": "KK Gill",
              "bowler": "M Zhu",
              "non_striker": "M Hill",
              "runs": {
                "batter": 2,
                "extras": 0,
                "total": 2
              }
            },
            {
              "batter": "KK Gill",
              "bowler": "M Zhu",
              "non_striker": "M Hill",
              "runs": {
                "batter": 0,
                "extras": 0,
                "total": 0
              },
              "wickets": [
                {
                  "player_out": "KK Gill",
                  "kind": "bowled"
                }
              ]
            },
            {
              "batter": "KY Chan",
              "bowler": "M Zhu",
              "non_striker": "M Hill",
              "runs": {
                "batter": 1,
                "extras": 0,
                "total": 1
              }
            }
          ]
        },
        {
          "over": 17,
          "deliveries": [
            {
              "batter": "KY Chan",
              "bowler": "Z Lyu",
              "non_striker": "M Hill",
              "runs": {
                "batter": 0,
                "extras": 0,
                "total": 0
              }
            },
            {
              "batter": "KY Chan",
              "bowler": "Z Lyu",
              "non_striker": "M Hill",
              "runs": {
                "batter": 1,
                "extras": 0,
                "total": 1
              }
            },
            {
              "batter": "M Hill",
              "bowler": "Z Lyu",
              "non_striker": "KY Chan",
              "runs": {
                "batter": 0,
                "extras": 0,
                "total": 0
              },
              "wickets": [
                {
                  "player_out": "M Hill",
                  "kind": "bowled"
                }
              ]
            },
            {
              "batter": "Shanzeen Shahzad",
              "bowler": "Z Lyu",
              "non_striker": "KY Chan",
              "runs": {
                "batter": 1,
                "extras": 0,
                "total": 1
              }
            },
            {
              "batter": "KY Chan",
              "bowler": "Z Lyu",
              "non_striker": "Shanzeen Shahzad",
              "runs": {
                "batter": 1,
                "extras": 0,
                "total": 1
              }
            },
            {
              "batter": "Shanzeen Shahzad",
              "bowler": "Z Lyu",
              "non_striker": "KY Chan",
              "runs": {
                "batter": 0,
                "extras": 0,
                "total": 0
              }
            }
          ]
        },
        {
          "over": 18,
          "deliveries": [
            {
              "batter": "KY Chan",
              "bowler": "Han Lili",
              "non_striker": "Shanzeen Shahzad",
              "runs": {
                "batter": 1,
                "extras": 0,
                "total": 1
              }
            },
            {
              "batter": "Shanzeen Shahzad",
              "bowler": "Han Lili",
              "non_striker": "KY Chan",
              "runs": {
                "batter": 0,
                "extras": 0,
                "total": 0
              }
            },
            {
              "batter": "Shanzeen Shahzad",
              "bowler": "Han Lili",
              "extras": {
                "wides": 1
              },
              "non_striker": "KY Chan",
              "runs": {
                "batter": 0,
                "extras": 1,
                "total": 1
              }
            },
            {
              "batter": "Shanzeen Shahzad",
              "bowler": "Han Lili",
              "non_striker": "KY Chan",
              "runs": {
                "batter": 2,
                "extras": 0,
                "total": 2
              }
            },
            {
              "batter": "Shanzeen Shahzad",
              "bowler": "Han Lili",
              "non_striker": "KY Chan",
              "runs": {
                "batter": 1,
                "extras": 0,
                "total": 1
              }
            },
            {
              "batter": "KY Chan",
              "bowler": "Han Lili",
              "extras": {
                "wides": 1
              },
              "non_striker": "Shanzeen Shahzad",
              "runs": {
                "batter": 0,
                "extras": 1,
                "total": 1
              }
            },
            {
              "batter": "KY Chan",
              "bowler": "Han Lili",
              "non_striker": "Shanzeen Shahzad",
              "runs": {
                "batter": 1,
                "extras": 0,
                "total": 1
              }
            },
            {
              "batter": "Shanzeen Shahzad",
              "bowler": "Han Lili",
              "non_striker": "KY Chan",
              "runs": {
                "batter": 1,
                "extras": 0,
                "total": 1
              }
            }
          ]
        },
        {
          "over": 19,
          "deliveries": [
            {
              "batter": "Shanzeen Shahzad",
              "bowler": "Z Lyu",
              "non_striker": "KY Chan",
              "runs": {
                "batter": 2,
                "extras": 0,
                "total": 2
              }
            },
            {
              "batter": "Shanzeen Shahzad",
              "bowler": "Z Lyu",
              "non_striker": "KY Chan",
              "runs": {
                "batter": 1,
                "extras": 0,
                "total": 1
              }
            },
            {
              "batter": "KY Chan",
              "bowler": "Z Lyu",
              "non_striker": "Shanzeen Shahzad",
              "runs": {
                "batter": 0,
                "extras": 0,
                "total": 0
              }
            },
            {
              "batter": "KY Chan",
              "bowler": "Z Lyu",
              "extras": {
                "noballs": 1
              },
              "non_striker": "Shanzeen Shahzad",
              "runs": {
                "batter": 1,
                "extras": 1,
                "total": 2
              }
            },
            {
              "batter": "Shanzeen Shahzad",
              "bowler": "Z Lyu",
              "non_striker": "KY Chan",
              "runs": {
                "batter": 3,
                "extras": 0,
                "total": 3
              }
            },
            {
              "batter": "KY Chan",
              "bowler": "Z Lyu",
              "non_striker": "Shanzeen Shahzad",
              "runs": {
                "batter": 0,
                "extras": 0,
                "total": 0
              }
            },
            {
              "batter": "KY Chan",
              "bowler": "Z Lyu",
              "non_striker": "Shanzeen Shahzad",
              "runs": {
                "batter": 0,
                "extras": 0,
                "total": 0
              },
              "wickets": [
                {
                  "player_out": "KY Chan",
                  "kind": "lbw"
                }
              ]
            }
          ]
        }
      ],
      "powerplays": [
        {
          "from": 0.1,
          "to": 5.6,
          "type": "mandatory"
        }
      ]
    },
    {
      "team": "China",
      "overs": [
        {
          "over": 0,
          "deliveries": [
            {
              "batter": "Zhang Chan",
              "bowler": "Chan Ka Man",
              "extras": {
                "wides": 1
              },
              "non_striker": "Liu Xiaonan",
              "runs": {
                "batter": 0,
                "extras": 1,
                "total": 1
              }
            },
            {
              "batter": "Zhang Chan",
              "bowler": "Chan Ka Man",
              "non_striker": "Liu Xiaonan",
              "runs": {
                "batter": 0,
                "extras": 0,
                "total": 0
              }
            },
            {
              "batter": "Zhang Chan",
              "bowler": "Chan Ka Man",
              "non_striker": "Liu Xiaonan",
              "runs": {
                "batter": 0,
                "extras": 0,
                "total": 0
              }
            },
            {
              "batter": "Zhang Chan",
              "bowler": "Chan Ka Man",
              "non_striker": "Liu Xiaonan",
              "runs": {
                "batter": 0,
                "extras": 0,
                "total": 0
              }
            },
            {
              "batter": "Zhang Chan",
              "bowler": "Chan Ka Man",
              "non_striker": "Liu Xiaonan",
              "runs": {
                "batter": 0,
                "extras": 0,
                "total": 0
              }
            },
            {
              "batter": "Zhang Chan",
              "bowler": "Chan Ka Man",
              "non_striker": "Liu Xiaonan",
              "runs": {
                "batter": 1,
                "extras": 0,
                "total": 1
              }
            },
            {
              "batter": "Liu Xiaonan",
              "bowler": "Chan Ka Man",
              "non_striker": "Zhang Chan",
              "runs": {
                "batter": 0,
                "extras": 0,
                "total": 0
              }
            }
          ]
        },
        {
          "over": 1,
          "deliveries": [
            {
              "batter": "Zhang Chan",
              "bowler": "MBA Lamplough",
              "non_striker": "Liu Xiaonan",
              "runs": {
                "batter": 0,
                "extras": 0,
                "total": 0
              }
            },
            {
              "batter": "Zhang Chan",
              "bowler": "MBA Lamplough",
              "non_striker": "Liu Xiaonan",
              "runs": {
                "batter": 0,
                "extras": 0,
                "total": 0
              }
            },
            {
              "batter": "Zhang Chan",
              "bowler": "MBA Lamplough",
              "non_striker": "Liu Xiaonan",
              "runs": {
                "batter": 0,
                "extras": 0,
                "total": 0
              }
            },
            {
              "batter": "Zhang Chan",
              "bowler": "MBA Lamplough",
              "non_striker": "Liu Xiaonan",
              "runs": {
                "batter": 0,
                "extras": 0,
                "total": 0
              }
            },
            {
              "batter": "Zhang Chan",
              "bowler": "MBA Lamplough",
              "non_striker": "Liu Xiaonan",
              "runs": {
                "batter": 0,
                "extras": 0,
                "total": 0
              }
            },
            {
              "batter": "Zhang Chan",
              "bowler": "MBA Lamplough",
              "non_striker": "Liu Xiaonan",
              "runs": {
                "batter": 0,
                "extras": 0,
                "total": 0
              },
              "wickets": [
                {
                  "player_out": "Zhang Chan",
                  "kind": "run out"
                }
              ]
            }
          ]
        },
        {
          "over": 2,
          "deliveries": [
            {
              "batter": "C Zhou",
              "bowler": "Chan Ka Man",
              "non_striker": "Liu Xiaonan",
              "runs": {
                "batter": 0,
                "extras": 0,
                "total": 0
              }
            },
            {
              "batter": "C Zhou",
              "bowler": "Chan Ka Man",
              "non_striker": "Liu Xiaonan",
              "runs": {
                "batter": 0,
                "extras": 0,
                "total": 0
              }
            },
            {
              "batter": "C Zhou",
              "bowler": "Chan Ka Man",
              "non_striker": "Liu Xiaonan",
              "runs": {
                "batter": 0,
                "extras": 0,
                "total": 0
              }
            },
            {
              "batter": "C Zhou",
              "bowler": "Chan Ka Man",
              "non_striker": "Liu Xiaonan",
              "runs": {
                "batter": 2,
                "extras": 0,
                "total": 2
              }
            },
            {
              "batter": "C Zhou",
              "bowler": "Chan Ka Man",
              "non_striker": "Liu Xiaonan",
              "runs": {
                "batter": 1,
                "extras": 0,
                "total": 1
              }
            },
            {
              "batter": "Liu Xiaonan",
              "bowler": "Chan Ka Man",
              "non_striker": "C Zhou",
              "runs": {
                "batter": 0,
                "extras": 0,
                "total": 0
              }
            }
          ]
        },
        {
          "over": 3,
          "deliveries": [
            {
              "batter": "C Zhou",
              "bowler": "MBA Lamplough",
              "non_striker": "Liu Xiaonan",
              "runs": {
                "batter": 0,
                "extras": 0,
                "total": 0
              }
            },
            {
              "batter": "C Zhou",
              "bowler": "MBA Lamplough",
              "extras": {
                "wides": 1
              },
              "non_striker": "Liu Xiaonan",
              "runs": {
                "batter": 0,
                "extras": 1,
                "total": 1
              }
            },
            {
              "batter": "C Zhou",
              "bowler": "MBA Lamplough",
              "non_striker": "Liu Xiaonan",
              "runs": {
                "batter": 1,
                "extras": 0,
                "total": 1
              }
            },
            {
              "batter": "Liu Xiaonan",
              "bowler": "MBA Lamplough",
              "non_striker": "C Zhou",
              "runs": {
                "batter": 0,
                "extras": 0,
                "total": 0
              }
            },
            {
              "batter": "Liu Xiaonan",
              "bowler": "MBA Lamplough",
              "non_striker": "C Zhou",
              "runs": {
                "batter": 0,
                "extras": 0,
                "total": 0
              }
            },
            {
              "batter": "Liu Xiaonan",
              "bowler": "MBA Lamplough",
              "non_striker": "C Zhou",
              "runs": {
                "batter": 0,
                "extras": 0,
                "total": 0
              }
            },
            {
              "batter": "Liu Xiaonan",
              "bowler": "MBA Lamplough",
              "non_striker": "C Zhou",
              "runs": {
                "batter": 0,
                "extras": 0,
                "total": 0
              }
            }
          ]
        },
        {
          "over": 4,
          "deliveries": [
            {
              "batter": "C Zhou",
              "bowler": "Chan Ka Man",
              "non_striker": "Liu Xiaonan",
              "runs": {
                "batter": 4,
                "extras": 0,
                "total": 4
              }
            },
            {
              "batter": "C Zhou",
              "bowler": "Chan Ka Man",
              "non_striker": "Liu Xiaonan",
              "runs": {
                "batter": 0,
                "extras": 0,
                "total": 0
              }
            },
            {
              "batter": "C Zhou",
              "bowler": "Chan Ka Man",
              "non_striker": "Liu Xiaonan",
              "runs": {
                "batter": 0,
                "extras": 0,
                "total": 0
              }
            },
            {
              "batter": "C Zhou",
              "bowler": "Chan Ka Man",
              "non_striker": "Liu Xiaonan",
              "runs": {
                "batter": 0,
                "extras": 0,
                "total": 0
              }
            },
            {
              "batter": "C Zhou",
              "bowler": "Chan Ka Man",
              "non_striker": "Liu Xiaonan",
              "runs": {
                "batter": 2,
                "extras": 0,
                "total": 2
              }
            },
            {
              "batter": "C Zhou",
              "bowler": "Chan Ka Man",
              "non_striker": "Liu Xiaonan",
              "runs": {
                "batter": 1,
                "extras": 0,
                "total": 1
              }
            }
          ]
        },
        {
          "over": 5,
          "deliveries": [
            {
              "batter": "C Zhou",
              "bowler": "KK Gill",
              "extras": {
                "wides": 1
              },
              "non_striker": "Liu Xiaonan",
              "runs": {
                "batter": 0,
                "extras": 1,
                "total": 1
              }
            },
            {
              "batter": "C Zhou",
              "bowler": "KK Gill",
              "non_striker": "Liu Xiaonan",
              "runs": {
                "batter": 0,
                "extras": 0,
                "total": 0
              }
            },
            {
              "batter": "C Zhou",
              "bowler": "KK Gill",
              "non_striker": "Liu Xiaonan",
              "runs": {
                "batter": 2,
                "extras": 0,
                "total": 2
              }
            },
            {
              "batter": "C Zhou",
              "bowler": "KK Gill",
              "non_striker": "Liu Xiaonan",
              "runs": {
                "batter": 1,
                "extras": 0,
                "total": 1
              }
            },
            {
              "batter": "Liu Xiaonan",
              "bowler": "KK Gill",
              "non_striker": "C Zhou",
              "runs": {
                "batter": 0,
                "extras": 0,
                "total": 0
              }
            },
            {
              "batter": "Liu Xiaonan",
              "bowler": "KK Gill",
              "non_striker": "C Zhou",
              "runs": {
                "batter": 0,
                "extras": 0,
                "total": 0
              }
            },
            {
              "batter": "Liu Xiaonan",
              "bowler": "KK Gill",
              "non_striker": "C Zhou",
              "runs": {
                "batter": 2,
                "extras": 0,
                "total": 2
              }
            }
          ]
        },
        {
          "over": 6,
          "deliveries": [
            {
              "batter": "C Zhou",
              "bowler": "Chan Sau Har",
              "non_striker": "Liu Xiaonan",
              "runs": {
                "batter": 0,
                "extras": 0,
                "total": 0
              }
            },
            {
              "batter": "C Zhou",
              "bowler": "Chan Sau Har",
              "non_striker": "Liu Xiaonan",
              "runs": {
                "batter": 4,
                "extras": 0,
                "total": 4
              }
            },
            {
              "batter": "C Zhou",
              "bowler": "Chan Sau Har",
              "non_striker": "Liu Xiaonan",
              "runs": {
                "batter": 1,
                "extras": 0,
                "total": 1
              }
            },
            {
              "batter": "Liu Xiaonan",
              "bowler": "Chan Sau Har",
              "non_striker": "C Zhou",
              "runs": {
                "batter": 0,
                "extras": 0,
                "total": 0
              }
            },
            {
              "batter": "Liu Xiaonan",
              "bowler": "Chan Sau Har",
              "non_striker": "C Zhou",
              "runs": {
                "batter": 0,
                "extras": 0,
                "total": 0
              }
            },
            {
              "batter": "Liu Xiaonan",
              "bowler": "Chan Sau Har",
              "non_striker": "C Zhou",
              "runs": {
                "batter": 0,
                "extras": 0,
                "total": 0
              }
            }
          ]
        },
        {
          "over": 7,
          "deliveries": [
            {
              "batter": "C Zhou",
              "bowler": "KK Gill",
              "non_striker": "Liu Xiaonan",
              "runs": {
                "batter": 0,
                "extras": 0,
                "total": 0
              }
            },
            {
              "batter": "C Zhou",
              "bowler": "KK Gill",
              "non_striker": "Liu Xiaonan",
              "runs": {
                "batter": 0,
                "extras": 0,
                "total": 0
              }
            },
            {
              "batter": "C Zhou",
              "bowler": "KK Gill",
              "non_striker": "Liu Xiaonan",
              "runs": {
                "batter": 0,
                "extras": 0,
                "total": 0
              }
            },
            {
              "batter": "C Zhou",
              "bowler": "KK Gill",
              "non_striker": "Liu Xiaonan",
              "runs": {
                "batter": 0,
                "extras": 0,
                "total": 0
              }
            },
            {
              "batter": "C Zhou",
              "bowler": "KK Gill",
              "non_striker": "Liu Xiaonan",
              "runs": {
                "batter": 1,
                "extras": 0,
                "total": 1
              }
            },
            {
              "batter": "Liu Xiaonan",
              "bowler": "KK Gill",
              "non_striker": "C Zhou",
              "runs": {
                "batter": 0,
                "extras": 0,
                "total": 0
              }
            }
          ]
        },
        {
          "over": 8,
          "deliveries": [
            {
              "batter": "C Zhou",
              "bowler": "Chan Sau Har",
              "non_striker": "Liu Xiaonan",
              "runs": {
                "batter": 0,
                "extras": 0,
                "total": 0
              }
            },
            {
              "batter": "C Zhou",
              "bowler": "Chan Sau Har",
              "non_striker": "Liu Xiaonan",
              "runs": {
                "batter": 0,
                "extras": 0,
                "total": 0
              }
            },
            {
              "batter": "C Zhou",
              "bowler": "Chan Sau Har",
              "non_striker": "Liu Xiaonan",
              "runs": {
                "batter": 0,
                "extras": 0,
                "total": 0
              }
            },
            {
              "batter": "C Zhou",
              "bowler": "Chan Sau Har",
              "non_striker": "Liu Xiaonan",
              "runs": {
                "batter": 1,
                "extras": 0,
                "total": 1
              }
            },
            {
              "batter": "Liu Xiaonan",
              "bowler": "Chan Sau Har",
              "non_striker": "C Zhou",
              "runs": {
                "batter": 0,
                "extras": 0,
                "total": 0
              }
            },
            {
              "batter": "Liu Xiaonan",
              "bowler": "Chan Sau Har",
              "non_striker": "C Zhou",
              "runs": {
                "batter": 1,
                "extras": 0,
                "total": 1
              }
            }
          ]
        },
        {
          "over": 9,
          "deliveries": [
            {
              "batter": "Liu Xiaonan",
              "bowler": "M Hill",
              "non_striker": "C Zhou",
              "runs": {
                "batter": 0,
                "extras": 0,
                "total": 0
              }
            },
            {
              "batter": "Liu Xiaonan",
              "bowler": "M Hill",
              "non_striker": "C Zhou",
              "runs": {
                "batter": 0,
                "extras": 0,
                "total": 0
              }
            },
            {
              "batter": "Liu Xiaonan",
              "bowler": "M Hill",
              "non_striker": "C Zhou",
              "runs": {
                "batter": 1,
                "extras": 0,
                "total": 1
              }
            },
            {
              "batter": "C Zhou",
              "bowler": "M Hill",
              "non_striker": "Liu Xiaonan",
              "runs": {
                "batter": 4,
                "extras": 0,
                "total": 4
              }
            },
            {
              "batter": "C Zhou",
              "bowler": "M Hill",
              "non_striker": "Liu Xiaonan",
              "runs": {
                "batter": 2,
                "extras": 0,
                "total": 2
              }
            },
            {
              "batter": "C Zhou",
              "bowler": "M Hill",
              "non_striker": "Liu Xiaonan",
              "runs": {
                "batter": 0,
                "extras": 0,
                "total": 0
              }
            }
          ]
        },
        {
          "over": 10,
          "deliveries": [
            {
              "batter": "Liu Xiaonan",
              "bowler": "Chan Sau Har",
              "non_striker": "C Zhou",
              "runs": {
                "batter": 1,
                "extras": 0,
                "total": 1
              }
            },
            {
              "batter": "C Zhou",
              "bowler": "Chan Sau Har",
              "non_striker": "Liu Xiaonan",
              "runs": {
                "batter": 4,
                "extras": 0,
                "total": 4
              }
            },
            {
              "batter": "C Zhou",
              "bowler": "Chan Sau Har",
              "non_striker": "Liu Xiaonan",
              "runs": {
                "batter": 0,
                "extras": 0,
                "total": 0
              }
            },
            {
              "batter": "C Zhou",
              "bowler": "Chan Sau Har",
              "non_striker": "Liu Xiaonan",
              "runs": {
                "batter": 1,
                "extras": 0,
                "total": 1
              }
            },
            {
              "batter": "Liu Xiaonan",
              "bowler": "Chan Sau Har",
              "non_striker": "C Zhou",
              "runs": {
                "batter": 1,
                "extras": 0,
                "total": 1
              }
            },
            {
              "batter": "C Zhou",
              "bowler": "Chan Sau Har",
              "non_striker": "Liu Xiaonan",
              "runs": {
                "batter": 0,
                "extras": 0,
                "total": 0
              }
            }
          ]
        },
        {
          "over": 11,
          "deliveries": [
            {
              "batter": "Liu Xiaonan",
              "bowler": "M Hill",
              "non_striker": "C Zhou",
              "runs": {
                "batter": 0,
                "extras": 0,
                "total": 0
              }
            },
            {
              "batter": "Liu Xiaonan",
              "bowler": "M Hill",
              "non_striker": "C Zhou",
              "runs": {
                "batter": 2,
                "extras": 0,
                "total": 2
              }
            },
            {
              "batter": "Liu Xiaonan",
              "bowler": "M Hill",
              "non_striker": "C Zhou",
              "runs": {
                "batter": 0,
                "extras": 0,
                "total": 0
              }
            },
            {
              "batter": "Liu Xiaonan",
              "bowler": "M Hill",
              "non_striker": "C Zhou",
              "runs": {
                "batter": 0,
                "extras": 0,
                "total": 0
              }
            },
            {
              "batter": "Liu Xiaonan",
              "bowler": "M Hill",
              "non_striker": "C Zhou",
              "runs": {
                "batter": 0,
                "extras": 0,
                "total": 0
              }
            },
            {
              "batter": "Liu Xiaonan",
              "bowler": "M Hill",
              "non_striker": "C Zhou",
              "runs": {
                "batter": 0,
                "extras": 0,
                "total": 0
              }
            }
          ]
        },
        {
          "over": 12,
          "deliveries": [
            {
              "batter": "C Zhou",
              "bowler": "Chan Sau Har",
              "non_striker": "Liu Xiaonan",
              "runs": {
                "batter": 0,
                "extras": 0,
                "total": 0
              }
            },
            {
              "batter": "C Zhou",
              "bowler": "Chan Sau Har",
              "extras": {
                "noballs": 1
              },
              "non_striker": "Liu Xiaonan",
              "runs": {
                "batter": 1,
                "extras": 1,
                "total": 2
              }
            },
            {
              "batter": "Liu Xiaonan",
              "bowler": "Chan Sau Har",
              "non_striker": "C Zhou",
              "runs": {
                "batter": 1,
                "extras": 0,
                "total": 1
              }
            },
            {
              "batter": "C Zhou",
              "bowler": "Chan Sau Har",
              "non_striker": "Liu Xiaonan",
              "runs": {
                "batter": 0,
                "extras": 0,
                "total": 0
              }
            },
            {
              "batter": "C Zhou",
              "bowler": "Chan Sau Har",
              "non_striker": "Liu Xiaonan",
              "runs": {
                "batter": 1,
                "extras": 0,
                "total": 1
              }
            },
            {
              "batter": "Liu Xiaonan",
              "bowler": "Chan Sau Har",
              "non_striker": "C Zhou",
              "runs": {
                "batter": 1,
                "extras": 0,
                "total": 1
              }
            },
            {
              "batter": "C Zhou",
              "bowler": "Chan Sau Har",
              "non_striker": "Liu Xiaonan",
              "runs": {
                "batter": 0,
                "extras": 0,
                "total": 0
              },
              "wickets": [
                {
                  "player_out": "C Zhou",
                  "kind": "bowled"
                }
              ]
            }
          ]
        },
        {
          "over": 13,
          "deliveries": [
            {
              "batter": "Liu Xiaonan",
              "bowler": "KK Gill",
              "non_striker": "F Song",
              "runs": {
                "batter": 1,
                "extras": 0,
                "total": 1
              }
            },
            {
              "batter": "F Song",
              "bowler": "KK Gill",
              "non_striker": "Liu Xiaonan",
              "runs": {
                "batter": 1,
                "extras": 0,
                "total": 1
              }
            },
            {
              "batter": "Liu Xiaonan",
              "bowler": "KK Gill",
              "non_striker": "F Song",
              "runs": {
                "batter": 0,
                "extras": 0,
                "total": 0
              },
              "wickets": [
                {
                  "player_out": "Liu Xiaonan",
                  "fielders": [
                    {
                      "name": "Y Daswani"
                    }
                  ],
                  "kind": "caught"
                }
              ]
            },
            {
              "batter": "Z Lyu",
              "bowler": "KK Gill",
              "non_striker": "F Song",
              "runs": {
                "batter": 0,
                "extras": 0,
                "total": 0
              }
            },
            {
              "batter": "Z Lyu",
              "bowler": "KK Gill",
              "non_striker": "F Song",
              "runs": {
                "batter": 2,
                "extras": 0,
                "total": 2
              }
            },
            {
              "batter": "Z Lyu",
              "bowler": "KK Gill",
              "extras": {
                "byes": 1
              },
              "non_striker": "F Song",
              "runs": {
                "batter": 0,
                "extras": 1,
                "total": 1
              }
            }
          ]
        },
        {
          "over": 14,
          "deliveries": [
            {
              "batter": "Z Lyu",
              "bowler": "Shanzeen Shahzad",
              "non_striker": "F Song",
              "runs": {
                "batter": 4,
                "extras": 0,
                "total": 4
              }
            },
            {
              "batter": "Z Lyu",
              "bowler": "Shanzeen Shahzad",
              "non_striker": "F Song",
              "runs": {
                "batter": 0,
                "extras": 0,
                "total": 0
              }
            },
            {
              "batter": "Z Lyu",
              "bowler": "Shanzeen Shahzad",
              "extras": {
                "legbyes": 1
              },
              "non_striker": "F Song",
              "runs": {
                "batter": 0,
                "extras": 1,
                "total": 1
              }
            },
            {
              "batter": "F Song",
              "bowler": "Shanzeen Shahzad",
              "non_striker": "Z Lyu",
              "runs": {
                "batter": 0,
                "extras": 0,
                "total": 0
              },
              "wickets": [
                {
                  "player_out": "F Song",
                  "kind": "run out"
                }
              ]
            },
            {
              "batter": "Han Lili",
              "bowler": "Shanzeen Shahzad",
              "non_striker": "Z Lyu",
              "runs": {
                "batter": 1,
                "extras": 0,
                "total": 1
              }
            },
            {
              "batter": "Z Lyu",
              "bowler": "Shanzeen Shahzad",
              "non_striker": "Han Lili",
              "runs": {
                "batter": 0,
                "extras": 0,
                "total": 0
              }
            }
          ]
        },
        {
          "over": 15,
          "deliveries": [
            {
              "batter": "Han Lili",
              "bowler": "KK Gill",
              "non_striker": "Z Lyu",
              "runs": {
                "batter": 0,
                "extras": 0,
                "total": 0
              }
            },
            {
              "batter": "Han Lili",
              "bowler": "KK Gill",
              "non_striker": "Z Lyu",
              "runs": {
                "batter": 1,
                "extras": 0,
                "total": 1
              }
            },
            {
              "batter": "Z Lyu",
              "bowler": "KK Gill",
              "non_striker": "Han Lili",
              "runs": {
                "batter": 0,
                "extras": 0,
                "total": 0
              }
            },
            {
              "batter": "Z Lyu",
              "bowler": "KK Gill",
              "non_striker": "Han Lili",
              "runs": {
                "batter": 0,
                "extras": 0,
                "total": 0
              }
            },
            {
              "batter": "Z Lyu",
              "bowler": "KK Gill",
              "non_striker": "Han Lili",
              "runs": {
                "batter": 0,
                "extras": 0,
                "total": 0
              }
            },
            {
              "batter": "Z Lyu",
              "bowler": "KK Gill",
              "non_striker": "Han Lili",
              "runs": {
                "batter": 0,
                "extras": 0,
                "total": 0
              }
            }
          ]
        },
        {
          "over": 16,
          "deliveries": [
            {
              "batter": "Han Lili",
              "bowler": "MBA Lamplough",
              "non_striker": "Z Lyu",
              "runs": {
                "batter": 0,
                "extras": 0,
                "total": 0
              }
            },
            {
              "batter": "Han Lili",
              "bowler": "MBA Lamplough",
              "non_striker": "Z Lyu",
              "runs": {
                "batter": 0,
                "extras": 0,
                "total": 0
              }
            },
            {
              "batter": "Han Lili",
              "bowler": "MBA Lamplough",
              "non_striker": "Z Lyu",
              "runs": {
                "batter": 0,
                "extras": 0,
                "total": 0
              },
              "wickets": [
                {
                  "player_out": "Han Lili",
                  "kind": "lbw"
                }
              ]
            },
            {
              "batter": "Zhang Yanling",
              "bowler": "MBA Lamplough",
              "non_striker": "Z Lyu",
              "runs": {
                "batter": 2,
                "extras": 0,
                "total": 2
              }
            },
            {
              "batter": "Zhang Yanling",
              "bowler": "MBA Lamplough",
              "non_striker": "Z Lyu",
              "runs": {
                "batter": 0,
                "extras": 0,
                "total": 0
              }
            },
            {
              "batter": "Zhang Yanling",
              "bowler": "MBA Lamplough",
              "non_striker": "Z Lyu",
              "runs": {
                "batter": 0,
                "extras": 0,
                "total": 0
              },
              "wickets": [
                {
                  "player_out": "Zhang Yanling",
                  "kind": "lbw"
                }
              ]
            }
          ]
        },
        {
          "over": 17,
          "deliveries": [
            {
              "batter": "M Zhu",
              "bowler": "M Hill",
              "non_striker": "Z Lyu",
              "runs": {
                "batter": 0,
                "extras": 0,
                "total": 0
              }
            },
            {
              "batter": "M Zhu",
              "bowler": "M Hill",
              "extras": {
                "wides": 1
              },
              "non_striker": "Z Lyu",
              "runs": {
                "batter": 0,
                "extras": 1,
                "total": 1
              }
            },
            {
              "batter": "M Zhu",
              "bowler": "M Hill",
              "non_striker": "Z Lyu",
              "runs": {
                "batter": 0,
                "extras": 0,
                "total": 0
              }
            },
            {
              "batter": "M Zhu",
              "bowler": "M Hill",
              "extras": {
                "noballs": 1
              },
              "non_striker": "Z Lyu",
              "runs": {
                "batter": 0,
                "extras": 1,
                "total": 1
              }
            },
            {
              "batter": "M Zhu",
              "bowler": "M Hill",
              "non_striker": "Z Lyu",
              "runs": {
                "batter": 1,
                "extras": 0,
                "total": 1
              }
            },
            {
              "batter": "Z Lyu",
              "bowler": "M Hill",
              "non_striker": "M Zhu",
              "runs": {
                "batter": 1,
                "extras": 0,
                "total": 1
              }
            },
            {
              "batter": "M Zhu",
              "bowler": "M Hill",
              "non_striker": "Z Lyu",
              "runs": {
                "batter": 0,
                "extras": 0,
                "total": 0
              }
            },
            {
              "batter": "M Zhu",
              "bowler": "M Hill",
              "non_striker": "Z Lyu",
              "runs": {
                "batter": 0,
                "extras": 0,
                "total": 0
              }
            }
          ]
        },
        {
          "over": 18,
          "deliveries": [
            {
              "batter": "Z Lyu",
              "bowler": "MBA Lamplough",
              "non_striker": "M Zhu",
              "runs": {
                "batter": 0,
                "extras": 0,
                "total": 0
              }
            },
            {
              "batter": "Z Lyu",
              "bowler": "MBA Lamplough",
              "non_striker": "M Zhu",
              "runs": {
                "batter": 0,
                "extras": 0,
                "total": 0
              }
            },
            {
              "batter": "Z Lyu",
              "bowler": "MBA Lamplough",
              "non_striker": "M Zhu",
              "runs": {
                "batter": 1,
                "extras": 0,
                "total": 1
              }
            },
            {
              "batter": "M Zhu",
              "bowler": "MBA Lamplough",
              "non_striker": "Z Lyu",
              "runs": {
                "batter": 0,
                "extras": 0,
                "total": 0
              }
            },
            {
              "batter": "M Zhu",
              "bowler": "MBA Lamplough",
              "non_striker": "Z Lyu",
              "runs": {
                "batter": 4,
                "extras": 0,
                "total": 4
              }
            },
            {
              "batter": "M Zhu",
              "bowler": "MBA Lamplough",
              "non_striker": "Z Lyu",
              "runs": {
                "batter": 0,
                "extras": 0,
                "total": 0
              }
            }
          ]
        },
        {
          "over": 19,
          "deliveries": [
            {
              "batter": "Z Lyu",
              "bowler": "Chan Ka Man",
              "non_striker": "M Zhu",
              "runs": {
                "batter": 2,
                "extras": 0,
                "total": 2
              }
            },
            {
              "batter": "Z Lyu",
              "bowler": "Chan Ka Man",
              "non_striker": "M Zhu",
              "runs": {
                "batter": 0,
                "extras": 0,
                "total": 0
              }
            },
            {
              "batter": "Z Lyu",
              "bowler": "Chan Ka Man",
              "non_striker": "M Zhu",
              "runs": {
                "batter": 1,
                "extras": 0,
                "total": 1
              }
            },
            {
              "batter": "M Zhu",
              "bowler": "Chan Ka Man",
              "non_striker": "Z Lyu",
              "runs": {
                "batter": 0,
                "extras": 0,
                "total": 0
              }
            },
            {
              "batter": "M Zhu",
              "bowler": "Chan Ka Man",
              "non_striker": "Z Lyu",
              "runs": {
                "batter": 1,
                "extras": 0,
                "total": 1
              }
            },
            {
              "batter": "Z Lyu",
              "bowler": "Chan Ka Man",
              "extras": {
                "legbyes": 1
              },
              "non_striker": "M Zhu",
              "runs": {
                "batter": 0,
                "extras": 1,
                "total": 1
              }
            }
          ]
        }
      ],
      "powerplays": [
        {
          "from": 0.1,
          "to": 5.7,
          "type": "mandatory"
        }
      ],
      "target": {
        "overs": 20,
        "runs": 130
      }
    }
  ]
}