{
  "meta": {
    "data_version": "1.0.0",
    "created": "2020-10-06",
    "revision": 1
  },
  "info": {
    "balls_per_over": 6,
    "city": "Bangkok",
    "dates": [
      "2017-11-27"
    ],
    "event": {
      "name": "ICC Women's World Twenty20 Qualifying Series Asia Region",
      "stage": "3rd Place Play-Off"
    },
    "gender": "female",
    "match_type": "IT20",
    "officials": {
      "reserve_umpires": [
        "Sarika Prasad"
      ],
      "umpires": [
        "AK Rana",
        "DN Subedi"
      ]
    },
    "outcome": {
      "winner": "Nepal",
      "by": {
        "runs": 36
      }
    },
    "overs": 20,
    "player_of_match": [
      "Nary Thapa"
    ],
    "players": {
      "Nepal": [
        "J Pandey",
        "SR Magar",
        "K Shrestha",
        "Nary Thapa",
        "RK Kanoujiya",
        "Karuna Bhandari",
        "RC Belbashi",
        "I Barma",
        "S Magar",
        "Sabnam Rai",
        "L Chaudhary"
      ],
      "Hong Kong": [
        "Shanzeen Shahzad",
        "JM Davies",
        "M Hill",
        "Bella Poon",
        "WK Lai",
        "KY Chan",
        "MBA Lamplough",
        "Chan Sau Har",
        "Chan Ka Man",
        "Hung Ying Ho",
        "Ruchitha Venkatesh"
      ]
    },
    "registry": {
      "people": {
        "AK Rana": "562d74d0",
        "Bella Poon": "84dc77ad",
        "Chan Ka Man": "c4022bff",
        "Chan Sau Har": "3c567308",
        "DN Subedi": "fb0a571f",
        "Hung Ying Ho": "32b461b1",
        "I Barma": "521abce2",
        "J Pandey": "e1214f03",
        "JM Davies": "18016785",
        "K Shrestha": "119de50f",
        "KY Chan": "6348c6e9",
        "Karuna Bhandari": "c68fc575",
        "L Chaudhary": "f74ee231",
        "M Hill": "bf5e7711",
        "MBA Lamplough": "997fffbe",
        "Nary Thapa": "d24e69f5",
        "RC Belbashi": "dfdaca74",
        "RK Kanoujiya": "2667c1ef",
        "Ruchitha Venkatesh": "106135f5",
        "S Magar": "4fc3790e",
        "SR Magar": "61c22ad0",
        "Sabnam Rai": "8eb52953",
        "Sarika Prasad": "8ff397fa",
        "Shanzeen Shahzad": "ce291858",
        "WK Lai": "6ab99b17"
      }
    },
    "season": "2017/18",
    "team_type": "international",
    "teams": [
      "Nepal",
      "Hong Kong"
    ],
    "toss": {
      "decision": "field",
      "winner": "Hong Kong"
    },
    "venue": "Terdthai Cricket Ground"
  },
  "innings": [
    {
      "team": "Nepal",
      "overs": [
        {
          "over": 0,
          "deliveries": [
            {
              "batter": "J Pandey",
              "bowler": "Chan Ka Man",
              "non_striker": "SR Magar",
              "runs": {
                "batter": 0,
                "extras": 0,
                "total": 0
              }
            },
            {
              "batter": "J Pandey",
              "bowler": "Chan Ka Man",
              "non_striker": "SR Magar",
              "runs": {
                "batter": 0,
                "extras": 0,
                "total": 0
              }
            },
            {
              "batter": "J Pandey",
              "bowler": "Chan Ka Man",
              "non_striker": "SR Magar",
              "runs": {
                "batter": 0,
                "extras": 0,
                "total": 0
              }
            },
            {
              "batter": "J Pandey",
              "bowler": "Chan Ka Man",
              "non_striker": "SR Magar",
              "runs": {
                "batter": 2,
                "extras": 0,
                "total": 2
              }
            },
            {
              "batter": "J Pandey",
              "bowler": "Chan Ka Man",
              "non_striker": "SR Magar",
              "runs": {
                "batter": 0,
                "extras": 0,
                "total": 0
              }
            },
            {
              "batter": "J Pandey",
              "bowler": "Chan Ka Man",
              "non_striker": "SR Magar",
              "runs": {
                "batter": 0,
                "extras": 0,
                "total": 0
              }
            }
          ]
        },
        {
          "over": 1,
          "deliveries": [
            {
              "batter": "SR Magar",
              "bowler": "M Hill",
              "non_striker": "J Pandey",
              "runs": {
                "batter": 1,
                "extras": 0,
                "total": 1
              }
            },
            {
              "batter": "J Pandey",
              "bowler": "M Hill",
              "non_striker": "SR Magar",
              "runs": {
                "batter": 0,
                "extras": 0,
                "total": 0
              }
            },
            {
              "batter": "J Pandey",
              "bowler": "M Hill",
              "non_striker": "SR Magar",
              "runs": {
                "batter": 0,
                "extras": 0,
                "total": 0
              },
              "wickets": [
                {
                  "player_out": "J Pandey",
                  "kind": "bowled"
                }
              ]
            },
            {
              "batter": "K Shrestha",
              "bowler": "M Hill",
              "non_striker": "SR Magar",
              "runs": {
                "batter": 0,
                "extras": 0,
                "total": 0
              }
            },
            {
              "batter": "K Shrestha",
              "bowler": "M Hill",
              "non_striker": "SR Magar",
              "runs": {
                "batter": 0,
                "extras": 0,
                "total": 0
              }
            },
            {
              "batter": "K Shrestha",
              "bowler": "M Hill",
              "non_striker": "SR Magar",
              "runs": {
                "batter": 0,
                "extras": 0,
                "total": 0
              }
            }
          ]
        },
        {
          "over": 2,
          "deliveries": [
            {
              "batter": "SR Magar",
              "bowler": "Chan Ka Man",
              "non_striker": "K Shrestha",
              "runs": {
                "batter": 1,
                "extras": 0,
                "total": 1
              }
            },
            {
              "batter": "K Shrestha",
              "bowler": "Chan Ka Man",
              "non_striker": "SR Magar",
              "runs": {
                "batter": 0,
                "extras": 0,
                "total": 0
              }
            },
            {
              "batter": "K Shrestha",
              "bowler": "Chan Ka Man",
              "non_striker": "SR Magar",
              "runs": {
                "batter": 0,
                "extras": 0,
                "total": 0
              }
            },
            {
              "batter": "K Shrestha",
              "bowler": "Chan Ka Man",
              "extras": {
                "wides": 2
              },
              "non_striker": "SR Magar",
              "runs": {
                "batter": 0,
                "extras": 2,
                "total": 2
              }
            },
            {
              "batter": "SR Magar",
              "bowler": "Chan Ka Man",
              "non_striker": "K Shrestha",
              "runs": {
                "batter": 1,
                "extras": 0,
                "total": 1
              }
            },
            {
              "batter": "K Shrestha",
              "bowler": "Chan Ka Man",
              "non_striker": "SR Magar",
              "runs": {
                "batter": 0,
                "extras": 0,
                "total": 0
              }
            },
            {
              "batter": "K Shrestha",
              "bowler": "Chan Ka Man",
              "non_striker": "SR Magar",
              "runs": {
                "batter": 0,
                "extras": 0,
                "total": 0
              }
            }
          ]
        },
        {
          "over": 3,
          "deliveries": [
            {
              "batter": "SR Magar",
              "bowler": "M Hill",
              "non_striker": "K Shrestha",
              "runs": {
                "batter": 0,
                "extras": 0,
                "total": 0
              },
              "wickets": [
                {
                  "player_out": "SR Magar",
                  "fielders": [
                    {
                      "name": "Ruchitha Venkatesh"
                    }
                  ],
                  "kind": "caught"
                }
              ]
            },
            {
              "batter": "Nary Thapa",
              "bowler": "M Hill",
              "non_striker": "K Shrestha",
              "runs": {
                "batter": 1,
                "extras": 0,
                "total": 1
              }
            },
            {
              "batter": "K Shrestha",
              "bowler": "M Hill",
              "non_striker": "Nary Thapa",
              "runs": {
                "batter": 0,
                "extras": 0,
                "total": 0
              }
            },
            {
              "batter": "K Shrestha",
              "bowler": "M Hill",
              "non_striker": "Nary Thapa",
              "runs": {
                "batter": 0,
                "extras": 0,
                "total": 0
              }
            },
            {
              "batter": "K Shrestha",
              "bowler": "M Hill",
              "non_striker": "Nary Thapa",
              "runs": {
                "batter": 0,
                "extras": 0,
                "total": 0
              }
            },
            {
              "batter": "K Shrestha",
              "bowler": "M Hill",
              "non_striker": "Nary Thapa",
              "runs": {
                "batter": 1,
                "extras": 0,
                "total": 1
              }
            }
          ]
        },
        {
          "over": 4,
          "deliveries": [
            {
              "batter": "K Shrestha",
              "bowler": "Chan Ka Man",
              "non_striker": "Nary Thapa",
              "runs": {
                "batter": 0,
                "extras": 0,
                "total": 0
              }
            },
            {
              "batter": "K Shrestha",
              "bowler": "Chan Ka Man",
              "non_striker": "Nary Thapa",
              "runs": {
                "batter": 1,
                "extras": 0,
                "total": 1
              }
            },
            {
              "batter": "Nary Thapa",
              "bowler": "Chan Ka Man",
              "non_striker": "K Shrestha",
              "runs": {
                "batter": 1,
                "extras": 0,
                "total": 1
              }
            },
            {
              "batter": "K Shrestha",
              "bowler": "Chan Ka Man",
              "non_striker": "Nary Thapa",
              "runs": {
                "batter": 0,
                "extras": 0,
                "total": 0
              }
            },
            {
              "batter": "K Shrestha",
              "bowler": "Chan Ka Man",
              "non_striker": "Nary Thapa",
              "runs": {
                "batter": 2,
                "extras": 0,
                "total": 2
              }
            },
            {
              "batter": "K Shrestha",
              "bowler": "Chan Ka Man",
              "non_striker": "Nary Thapa",
              "runs": {
                "batter": 0,
                "extras": 0,
                "total": 0
              }
            }
          ]
        },
        {
          "over": 5,
          "deliveries": [
            {
              "batter": "Nary Thapa",
              "bowler": "M Hill",
              "non_striker": "K Shrestha",
              "runs": {
                "batter": 0,
                "extras": 0,
                "total": 0
              }
            },
            {
              "batter": "Nary Thapa",
              "bowler": "M Hill",
              "non_striker": "K Shrestha",
              "runs": {
                "batter": 2,
                "extras": 0,
                "total": 2
              }
            },
            {
              "batter": "Nary Thapa",
              "bowler": "M Hill",
              "non_striker": "K Shrestha",
              "runs": {
                "batter": 0,
                "extras": 0,
                "total": 0
              }
            },
            {
              "batter": "Nary Thapa",
              "bowler": "M Hill",
              "non_striker": "K Shrestha",
              "runs": {
                "batter": 2,
                "extras": 0,
                "total": 2
              }
            },
            {
              "batter": "Nary Thapa",
              "bowler": "M Hill",
              "non_striker": "K Shrestha",
              "runs": {
                "batter": 0,
                "extras": 0,
                "total": 0
              }
            },
            {
              "batter": "Nary Thapa",
              "bowler": "M Hill",
              "non_striker": "K Shrestha",
              "runs": {
                "batter": 4,
                "extras": 0,
                "total": 4
              }
            }
          ]
        },
        {
          "over": 6,
          "deliveries": [
            {
              "batter": "K Shrestha",
              "bowler": "Chan Ka Man",
              "non_striker": "Nary Thapa",
              "runs": {
                "batter": 2,
                "extras": 0,
                "total": 2
              }
            },
            {
              "batter": "K Shrestha",
              "bowler": "Chan Ka Man",
              "non_striker": "Nary Thapa",
              "runs": {
                "batter": 0,
                "extras": 0,
                "total": 0
              }
            },
            {
              "batter": "K Shrestha",
              "bowler": "Chan Ka Man",
              "non_striker": "Nary Thapa",
              "runs": {
                "batter": 1,
                "extras": 0,
                "total": 1
              }
            },
            {
              "batter": "Nary Thapa",
              "bowler": "Chan Ka Man",
              "non_striker": "K Shrestha",
              "runs": {
                "batter": 1,
                "extras": 0,
                "total": 1
              }
            },
            {
              "batter": "K Shrestha",
              "bowler": "Chan Ka Man",
              "non_striker": "Nary Thapa",
              "runs": {
                "batter": 0,
                "extras": 0,
                "total": 0
              }
            },
            {
              "batter": "K Shrestha",
              "bowler": "Chan Ka Man",
              "non_striker": "Nary Thapa",
              "runs": {
                "batter": 1,
                "extras": 0,
                "total": 1
              }
            }
          ]
        },
        {
          "over": 7,
          "deliveries": [
            {
              "batter": "K Shrestha",
              "bowler": "Hung Ying Ho",
              "non_striker": "Nary Thapa",
              "runs": {
                "batter": 1,
                "extras": 0,
                "total": 1
              }
            },
            {
              "batter": "Nary Thapa",
              "bowler": "Hung Ying Ho",
              "non_striker": "K Shrestha",
              "runs": {
                "batter": 4,
                "extras": 0,
                "total": 4
              }
            },
            {
              "batter": "Nary Thapa",
              "bowler": "Hung Ying Ho",
              "extras": {
                "byes": 1
              },
              "non_striker": "K Shrestha",
              "runs": {
                "batter": 0,
                "extras": 1,
                "total": 1
              }
            },
            {
              "batter": "K Shrestha",
              "bowler": "Hung Ying Ho",
              "non_striker": "Nary Thapa",
              "runs": {
                "batter": 0,
                "extras": 0,
                "total": 0
              }
            },
            {
              "batter": "K Shrestha",
              "bowler": "Hung Ying Ho",
              "non_striker": "Nary Thapa",
              "runs": {
                "batter": 0,
                "extras": 0,
                "total": 0
              }
            },
            {
              "batter": "K Shrestha",
              "bowler": "Hung Ying Ho",
              "non_striker": "Nary Thapa",
              "runs": {
                "batter": 1,
                "extras": 0,
                "total": 1
              }
            }
          ]
        },
        {
          "over": 8,
          "deliveries": [
            {
              "batter": "K Shrestha",
              "bowler": "MBA Lamplough",
              "non_striker": "Nary Thapa",
              "runs": {
                "batter": 0,
                "extras": 0,
                "total": 0
              }
            },
            {
              "batter": "K Shrestha",
              "bowler": "MBA Lamplough",
              "non_striker": "Nary Thapa",
              "runs": {
                "batter": 0,
                "extras": 0,
                "total": 0
              }
            },
            {
              "batter": "K Shrestha",
              "bowler": "MBA Lamplough",
              "non_striker": "Nary Thapa",
              "runs": {
                "batter": 0,
                "extras": 0,
                "total": 0
              }
            },
            {
              "batter": "K Shrestha",
              "bowler": "MBA Lamplough",
              "non_striker": "Nary Thapa",
              "runs": {
                "batter": 1,
                "extras": 0,
                "total": 1
              }
            },
            {
              "batter": "Nary Thapa",
              "bowler": "MBA Lamplough",
              "non_striker": "K Shrestha",
              "runs": {
                "batter": 2,
                "extras": 0,
                "total": 2
              }
            },
            {
              "batter": "Nary Thapa",
              "bowler": "MBA Lamplough",
              "non_striker": "K Shrestha",
              "runs": {
                "batter": 0,
                "extras": 0,
                "total": 0
              }
            }
          ]
        },
        {
          "over": 9,
          "deliveries": [
            {
              "batter": "K Shrestha",
              "bowler": "Hung Ying Ho",
              "non_striker": "Nary Thapa",
              "runs": {
                "batter": 0,
                "extras": 0,
                "total": 0
              }
            },
            {
              "batter": "K Shrestha",
              "bowler": "Hung Ying Ho",
              "non_striker": "Nary Thapa",
              "runs": {
                "batter": 0,
                "extras": 0,
                "total": 0
              }
            },
            {
              "batter": "K Shrestha",
              "bowler": "Hung Ying Ho",
              "non_striker": "Nary Thapa",
              "runs": {
                "batter": 0,
                "extras": 0,
                "total": 0
              }
            },
            {
              "batter": "K Shrestha",
              "bowler": "Hung Ying Ho",
              "non_striker": "Nary Thapa",
              "runs": {
                "batter": 0,
                "extras": 0,
                "total": 0
              }
            },
            {
              "batter": "K Shrestha",
              "bowler": "Hung Ying Ho",
              "non_striker": "Nary Thapa",
              "runs": {
                "batter": 1,
                "extras": 0,
                "total": 1
              }
            },
            {
              "batter": "Nary Thapa",
              "bowler": "Hung Ying Ho",
              "non_striker": "K Shrestha",
              "runs": {
                "batter": 0,
                "extras": 0,
                "total": 0
              }
            }
          ]
        },
        {
          "over": 10,
          "deliveries": [
            {
              "batter": "K Shrestha",
              "bowler": "MBA Lamplough",
              "non_striker": "Nary Thapa",
              "runs": {
                "batter": 0,
                "extras": 0,
                "total": 0
              },
              "wickets": [
                {
                  "player_out": "K Shrestha",
                  "fielders": [
                    {
                      "name": "Bella Poon"
                    }
                  ],
                  "kind": "caught"
                }
              ]
            },
            {
              "batter": "RK Kanoujiya",
              "bowler": "MBA Lamplough",
              "non_striker": "Nary Thapa",
              "runs": {
                "batter": 0,
                "extras": 0,
                "total": 0
              }
            },
            {
              "batter": "RK Kanoujiya",
              "bowler": "MBA Lamplough",
              "non_striker": "Nary Thapa",
              "runs": {
                "batter": 0,
                "extras": 0,
                "total": 0
              }
            },
            {
              "batter": "RK Kanoujiya",
              "bowler": "MBA Lamplough",
              "non_striker": "Nary Thapa",
              "runs": {
                "batter": 1,
                "extras": 0,
                "total": 1
              }
            },
            {
              "batter": "Nary Thapa",
              "bowler": "MBA Lamplough",
              "non_striker": "RK Kanoujiya",
              "runs": {
                "batter": 0,
                "extras": 0,
                "total": 0
              }
            },
            {
              "batter": "Nary Thapa",
              "bowler": "MBA Lamplough",
              "non_striker": "RK Kanoujiya",
              "runs": {
                "batter": 1,
                "extras": 0,
                "total": 1
              }
            }
          ]
        },
        {
          "over": 11,
          "deliveries": [
            {
              "batter": "Nary Thapa",
              "bowler": "Hung Ying Ho",
              "non_striker": "RK Kanoujiya",
              "runs": {
                "batter": 1,
                "extras": 0,
                "total": 1
              }
            },
            {
              "batter": "RK Kanoujiya",
              "bowler": "Hung Ying Ho",
              "non_striker": "Nary Thapa",
              "runs": {
                "batter": 0,
                "extras": 0,
                "total": 0
              }
            },
            {
              "batter": "RK Kanoujiya",
              "bowler": "Hung Ying Ho",
              "non_striker": "Nary Thapa",
              "runs": {
                "batter": 0,
                "extras": 0,
                "total": 0
              }
            },
            {
              "batter": "RK Kanoujiya",
              "bowler": "Hung Ying Ho",
              "non_striker": "Nary Thapa",
              "runs": {
                "batter": 0,
                "extras": 0,
                "total": 0
              }
            },
            {
              "batter": "RK Kanoujiya",
              "bowler": "Hung Ying Ho",
              "non_striker": "Nary Thapa",
              "runs": {
                "batter": 0,
                "extras": 0,
                "total": 0
              }
            },
            {
              "batter": "RK Kanoujiya",
              "bowler": "Hung Ying Ho",
              "non_striker": "Nary Thapa",
              "runs": {
                "batter": 1,
                "extras": 0,
                "total": 1
              }
            }
          ]
        },
        {
          "over": 12,
          "deliveries": [
            {
              "batter": "RK Kanoujiya",
              "bowler": "MBA Lamplough",
              "non_striker": "Nary Thapa",
              "runs": {
                "batter": 0,
                "extras": 0,
                "total": 0
              }
            },
            {
              "batter": "RK Kanoujiya",
              "bowler": "MBA Lamplough",
              "non_striker": "Nary Thapa",
              "runs": {
                "batter": 0,
                "extras": 0,
                "total": 0
              }
            },
            {
              "batter": "RK Kanoujiya",
              "bowler": "MBA Lamplough",
              "non_striker": "Nary Thapa",
              "runs": {
                "batter": 0,
                "extras": 0,
                "total": 0
              },
              "wickets": [
                {
                  "player_out": "RK Kanoujiya",
                  "kind": "hit wicket"
                }
              ]
            },
            {
              "batter": "Karuna Bhandari",
              "bowler": "MBA Lamplough",
              "non_striker": "Nary Thapa",
              "runs": {
                "batter": 0,
                "extras": 0,
                "total": 0
              }
            },
            {
              "batter": "Karuna Bhandari",
              "bowler": "MBA Lamplough",
              "non_striker": "Nary Thapa",
              "runs": {
                "batter": 0,
                "extras": 0,
                "total": 0
              }
            },
            {
              "batter": "Karuna Bhandari",
              "bowler": "MBA Lamplough",
              "non_striker": "Nary Thapa",
              "runs": {
                "batter": 0,
                "extras": 0,
                "total": 0
              }
            }
          ]
        },
        {
          "over": 13,
          "deliveries": [
            {
              "batter": "Nary Thapa",
              "bowler": "Ruchitha Venkatesh",
              "non_striker": "Karuna Bhandari",
              "runs": {
                "batter": 0,
                "extras": 0,
                "total": 0
              }
            },
            {
              "batter": "Nary Thapa",
              "bowler": "Ruchitha Venkatesh",
              "extras": {
                "wides": 1
              },
              "non_striker": "Karuna Bhandari",
              "runs": {
                "batter": 0,
                "extras": 1,
                "total": 1
              }
            },
            {
              "batter": "Nary Thapa",
              "bowler": "Ruchitha Venkatesh",
              "non_striker": "Karuna Bhandari",
              "runs": {
                "batter": 0,
                "extras": 0,
                "total": 0
              }
            },
            {
              "batter": "Nary Thapa",
              "bowler": "Ruchitha Venkatesh",
              "non_striker": "Karuna Bhandari",
              "runs": {
                "batter": 0,
                "extras": 0,
                "total": 0
              }
            },
            {
              "batter": "Nary Thapa",
              "bowler": "Ruchitha Venkatesh",
              "non_striker": "Karuna Bhandari",
              "runs": {
                "batter": 4,
                "extras": 0,
                "total": 4
              }
            },
            {
              "batter": "Nary Thapa",
              "bowler": "Ruchitha Venkatesh",
              "extras": {
                "noballs": 1
              },
              "non_striker": "Karuna Bhandari",
              "runs": {
                "batter": 2,
                "extras": 1,
                "total": 3
              }
            },
            {
              "batter": "Nary Thapa",
              "bowler": "Ruchitha Venkatesh",
              "non_striker": "Karuna Bhandari",
              "runs": {
                "batter": 4,
                "extras": 0,
                "total": 4
              }
            },
            {
              "batter": "Nary Thapa",
              "bowler": "Ruchitha Venkatesh",
              "non_striker": "Karuna Bhandari",
              "runs": {
                "batter": 0,
                "extras": 0,
                "total": 0
              }
            }
          ]
        },
        {
          "over": 14,
          "deliveries": [
            {
              "batter": "Karuna Bhandari",
              "bowler": "MBA Lamplough",
              "non_striker": "Nary Thapa",
              "runs": {
                "batter": 0,
                "extras": 0,
                "total": 0
              }
            },
            {
              "batter": "Karuna Bhandari",
              "bowler": "MBA Lamplough",
              "non_striker": "Nary Thapa",
              "runs": {
                "batter": 2,
                "extras": 0,
                "total": 2
              }
            },
            {
              "batter": "Karuna Bhandari",
              "bowler": "MBA Lamplough",
              "non_striker": "Nary Thapa",
              "runs": {
                "batter": 1,
                "extras": 0,
                "total": 1
              }
            },
            {
              "batter": "Nary Thapa",
              "bowler": "MBA Lamplough",
              "non_striker": "Karuna Bhandari",
              "runs": {
                "batter": 0,
                "extras": 0,
                "total": 0
              }
            },
            {
              "batter": "Nary Thapa",
              "bowler": "MBA Lamplough",
              "extras": {
                "noballs": 1
              },
              "non_striker": "Karuna Bhandari",
              "runs": {
                "batter": 1,
                "extras": 1,
                "total": 2
              }
            },
            {
              "batter": "Karuna Bhandari",
              "bowler": "MBA Lamplough",
              "non_striker": "Nary Thapa",
              "runs": {
                "batter": 0,
                "extras": 0,
                "total": 0
              }
            },
            {
              "batter": "Karuna Bhandari",
              "bowler": "MBA Lamplough",
              "non_striker": "Nary Thapa",
              "runs": {
                "batter": 1,
                "extras": 0,
                "total": 1
              }
            }
          ]
        },
        {
          "over": 15,
          "deliveries": [
            {
              "batter": "Karuna Bhandari",
              "bowler": "Chan Sau Har",
              "non_striker": "Nary Thapa",
              "runs": {
                "batter": 2,
                "extras": 0,
                "total": 2
              }
            },
            {
              "batter": "Karuna Bhandari",
              "bowler": "Chan Sau Har",
              "non_striker": "Nary Thapa",
              "runs": {
                "batter": 0,
                "extras": 0,
                "total": 0
              }
            },
            {
              "batter": "Karuna Bhandari",
              "bowler": "Chan Sau Har",
              "non_striker": "Nary Thapa",
              "runs": {
                "batter": 1,
                "extras": 0,
                "total": 1
              }
            },
            {
              "batter": "Nary Thapa",
              "bowler": "Chan Sau Har",
              "non_striker": "Karuna Bhandari",
              "runs": {
                "batter": 4,
                "extras": 0,
                "total": 4
              }
            },
            {
              "batter": "Nary Thapa",
              "bowler": "Chan Sau Har",
              "non_striker": "Karuna Bhandari",
              "runs": {
                "batter": 0,
                "extras": 0,
                "total": 0
              }
            },
            {
              "batter": "Nary Thapa",
              "bowler": "Chan Sau Har",
              "non_striker": "Karuna Bhandari",
              "runs": {
                "batter": 1,
                "extras": 0,
                "total": 1
              }
            }
          ]
        },
        {
          "over": 16,
          "deliveries": [
            {
              "batter": "Nary Thapa",
              "bowler": "KY Chan",
              "non_striker": "Karuna Bhandari",
              "runs": {
                "batter": 1,
                "extras": 0,
                "total": 1
              }
            },
            {
              "batter": "Karuna Bhandari",
              "bowler": "KY Chan",
              "non_striker": "Nary Thapa",
              "runs": {
                "batter": 1,
                "extras": 0,
                "total": 1
              }
            },
            {
              "batter": "Nary Thapa",
              "bowler": "KY Chan",
              "non_striker": "Karuna Bhandari",
              "runs": {
                "batter": 0,
                "extras": 0,
                "total": 0
              }
            },
            {
              "batter": "Nary Thapa",
              "bowler": "KY Chan",
              "non_striker": "Karuna Bhandari",
              "runs": {
                "batter": 1,
                "extras": 0,
                "total": 1
              }
            },
            {
              "batter": "Karuna Bhandari",
              "bowler": "KY Chan",
              "non_striker": "Nary Thapa",
              "runs": {
                "batter": 1,
                "extras": 0,
                "total": 1
              }
            },
            {
              "batter": "Nary Thapa",
              "bowler": "KY Chan",
              "non_striker": "Karuna Bhandari",
              "runs": {
                "batter": 1,
                "extras": 0,
                "total": 1
              }
            }
          ]
        },
        {
          "over": 17,
          "deliveries": [
            {
              "batter": "Nary Thapa",
              "bowler": "Chan Sau Har",
              "non_striker": "Karuna Bhandari",
              "runs": {
                "batter": 0,
                "extras": 0,
                "total": 0
              },
              "wickets": [
                {
                  "player_out": "Nary Thapa",
                  "kind": "bowled"
                }
              ]
            },
            {
              "batter": "RC Belbashi",
              "bowler": "Chan Sau Har",
              "non_striker": "Karuna Bhandari",
              "runs": {
                "batter": 4,
                "extras": 0,
                "total": 4
              }
            },
            {
              "batter": "RC Belbashi",
              "bowler": "Chan Sau Har",
              "non_striker": "Karuna Bhandari",
              "runs": {
                "batter": 1,
                "extras": 0,
                "total": 1
              }
            },
            {
              "batter": "Karuna Bhandari",
              "bowler": "Chan Sau Har",
              "non_striker": "RC Belbashi",
              "runs": {
                "batter": 1,
                "extras": 0,
                "total": 1
              }
            },
            {
              "batter": "RC Belbashi",
              "bowler": "Chan Sau Har",
              "non_striker": "Karuna Bhandari",
              "runs": {
                "batter": 0,
                "extras": 0,
                "total": 0
              }
            },
            {
              "batter": "RC Belbashi",
              "bowler": "Chan Sau Har",
              "non_striker": "Karuna Bhandari",
              "runs": {
                "batter": 0,
                "extras": 0,
                "total": 0
              }
            }
          ]
        },
        {
          "over": 18,
          "deliveries": [
            {
              "batter": "Karuna Bhandari",
              "bowler": "Hung Ying Ho",
              "non_striker": "RC Belbashi",
              "runs": {
                "batter": 0,
                "extras": 0,
                "total": 0
              }
            },
            {
              "batter": "Karuna Bhandari",
              "bowler": "Hung Ying Ho",
              "non_striker": "RC Belbashi",
              "runs": {
                "batter": 0,
                "extras": 0,
                "total": 0
              }
            },
            {
              "batter": "Karuna Bhandari",
              "bowler": "Hung Ying Ho",
              "non_striker": "RC Belbashi",
              "runs": {
                "batter": 1,
                "extras": 0,
                "total": 1
              }
            },
            {
              "batter": "RC Belbashi",
              "bowler": "Hung Ying Ho",
              "non_striker": "Karuna Bhandari",
              "runs": {
                "batter": 1,
                "extras": 0,
                "total": 1
              }
            },
            {
              "batter": "Karuna Bhandari",
              "bowler": "Hung Ying Ho",
              "non_striker": "RC Belbashi",
              "runs": {
                "batter": 2,
                "extras": 0,
                "total": 2
              }
            },
            {
              "batter": "Karuna Bhandari",
              "bowler": "Hung Ying Ho",
              "non_striker": "RC Belbashi",
              "runs": {
                "batter": 0,
                "extras": 0,
                "total": 0
              }
            }
          ]
        },
        {
          "over": 19,
          "deliveries": [
            {
              "batter": "RC Belbashi",
              "bowler": "M Hill",
              "non_striker": "Karuna Bhandari",
              "runs": {
                "batter": 1,
                "extras": 0,
                "total": 1
              }
            },
            {
              "batter": "Karuna Bhandari",
              "bowler": "M Hill",
              "non_striker": "RC Belbashi",
              "runs": {
                "batter": 1,
                "extras": 0,
                "total": 1
              }
            },
            {
              "batter": "RC Belbashi",
              "bowler": "M Hill",
              "non_striker": "Karuna Bhandari",
              "runs": {
                "batter": 4,
                "extras": 0,
                "total": 4
              }
            },
            {
              "batter": "RC Belbashi",
              "bowler": "M Hill",
              "non_striker": "Karuna Bhandari",
              "runs": {
                "batter": 2,
                "extras": 0,
                "total": 2
              }
            },
            {
              "batter": "RC Belbashi",
              "bowler": "M Hill",
              "extras": {
                "noballs": 1
              },
              "non_striker": "Karuna Bhandari",
              "runs": {
                "batter": 1,
                "extras": 1,
                "total": 2
              }
            },
            {
              "batter": "Karuna Bhandari",
              "bowler": "M Hill",
              "extras": {
                "byes": 1
              },
              "non_striker": "RC Belbashi",
              "runs": {
                "batter": 0,
                "extras": 1,
                "total": 1
              }
            },
            {
              "batter": "RC Belbashi",
              "bowler": "M Hill",
              "non_striker": "Karuna Bhandari",
              "runs": {
                "batter": 1,
                "extras": 0,
                "total": 1
              }
            }
          ]
        }
      ],
      "powerplays": [
        {
          "from": 0.1,
          "to": 5.6,
          "type": "mandatory"
        }
      ]
    },
    {
      "team": "Hong Kong",
      "overs": [
        {
          "over": 0,
          "deliveries": [
            {
              "batter": "Shanzeen Shahzad",
              "bowler": "RC Belbashi",
              "non_striker": "JM Davies",
              "runs": {
                "batter": 0,
                "extras": 0,
                "total": 0
              }
            },
            {
              "batter": "Shanzeen Shahzad",
              "bowler": "RC Belbashi",
              "non_striker": "JM Davies",
              "runs": {
                "batter": 0,
                "extras": 0,
                "total": 0
              }
            },
            {
              "batter": "Shanzeen Shahzad",
              "bowler": "RC Belbashi",
              "non_striker": "JM Davies",
              "runs": {
                "batter": 1,
                "extras": 0,
                "total": 1
              }
            },
            {
              "batter": "JM Davies",
              "bowler": "RC Belbashi",
              "non_striker": "Shanzeen Shahzad",
              "runs": {
                "batter": 0,
                "extras": 0,
                "total": 0
              }
            },
            {
              "batter": "JM Davies",
              "bowler": "RC Belbashi",
              "non_striker": "Shanzeen Shahzad",
              "runs": {
                "batter": 0,
                "extras": 0,
                "total": 0
              }
            },
            {
              "batter": "JM Davies",
              "bowler": "RC Belbashi",
              "non_striker": "Shanzeen Shahzad",
              "runs": {
                "batter": 0,
                "extras": 0,
                "total": 0
              }
            }
          ]
        },
        {
          "over": 1,
          "deliveries": [
            {
              "batter": "Shanzeen Shahzad",
              "bowler": "Sabnam Rai",
              "non_striker": "JM Davies",
              "runs": {
                "batter": 0,
                "extras": 0,
                "total": 0
              }
            },
            {
              "batter": "Shanzeen Shahzad",
              "bowler": "Sabnam Rai",
              "extras": {
                "wides": 1
              },
              "non_striker": "JM Davies",
              "runs": {
                "batter": 0,
                "extras": 1,
                "total": 1
              }
            },
            {
              "batter": "Shanzeen Shahzad",
              "bowler": "Sabnam Rai",
              "non_striker": "JM Davies",
              "runs": {
                "batter": 0,
                "extras": 0,
                "total": 0
              }
            },
            {
              "batter": "Shanzeen Shahzad",
              "bowler": "Sabnam Rai",
              "non_striker": "JM Davies",
              "runs": {
                "batter": 0,
                "extras": 0,
                "total": 0
              }
            },
            {
              "batter": "Shanzeen Shahzad",
              "bowler": "Sabnam Rai",
              "non_striker": "JM Davies",
              "runs": {
                "batter": 0,
                "extras": 0,
                "total": 0
              }
            },
            {
              "batter": "Shanzeen Shahzad",
              "bowler": "Sabnam Rai",
              "non_striker": "JM Davies",
              "runs": {
                "batter": 0,
                "extras": 0,
                "total": 0
              }
            },
            {
              "batter": "Shanzeen Shahzad",
              "bowler": "Sabnam Rai",
              "non_striker": "JM Davies",
              "runs": {
                "batter": 0,
                "extras": 0,
                "total": 0
              }
            }
          ]
        },
        {
          "over": 2,
          "deliveries": [
            {
              "batter": "JM Davies",
              "bowler": "RC Belbashi",
              "non_striker": "Shanzeen Shahzad",
              "runs": {
                "batter": 0,
                "extras": 0,
                "total": 0
              }
            },
            {
              "batter": "JM Davies",
              "bowler": "RC Belbashi",
              "non_striker": "Shanzeen Shahzad",
              "runs": {
                "batter": 1,
                "extras": 0,
                "total": 1
              }
            },
            {
              "batter": "Shanzeen Shahzad",
              "bowler": "RC Belbashi",
              "non_striker": "JM Davies",
              "runs": {
                "batter": 1,
                "extras": 0,
                "total": 1
              }
            },
            {
              "batter": "JM Davies",
              "bowler": "RC Belbashi",
              "non_striker": "Shanzeen Shahzad",
              "runs": {
                "batter": 0,
                "extras": 0,
                "total": 0
              }
            },
            {
              "batter": "JM Davies",
              "bowler": "RC Belbashi",
              "extras": {
                "byes": 1
              },
              "non_striker": "Shanzeen Shahzad",
              "runs": {
                "batter": 0,
                "extras": 1,
                "total": 1
              }
            },
            {
              "batter": "Shanzeen Shahzad",
              "bowler": "RC Belbashi",
              "non_striker": "JM Davies",
              "runs": {
                "batter": 0,
                "extras": 0,
                "total": 0
              }
            }
          ]
        },
        {
          "over": 3,
          "deliveries": [
            {
              "batter": "JM Davies",
              "bowler": "Sabnam Rai",
              "non_striker": "Shanzeen Shahzad",
              "runs": {
                "batter": 1,
                "extras": 0,
                "total": 1
              }
            },
            {
              "batter": "Shanzeen Shahzad",
              "bowler": "Sabnam Rai",
              "non_striker": "JM Davies",
              "runs": {
                "batter": 0,
                "extras": 0,
                "total": 0
              }
            },
            {
              "batter": "Shanzeen Shahzad",
              "bowler": "Sabnam Rai",
              "non_striker": "JM Davies",
              "runs": {
                "batter": 0,
                "extras": 0,
                "total": 0
              }
            },
            {
              "batter": "Shanzeen Shahzad",
              "bowler": "Sabnam Rai",
              "non_striker": "JM Davies",
              "runs": {
                "batter": 1,
                "extras": 0,
                "total": 1
              }
            },
            {
              "batter": "JM Davies",
              "bowler": "Sabnam Rai",
              "non_striker": "Shanzeen Shahzad",
              "runs": {
                "batter": 0,
                "extras": 0,
                "total": 0
              }
            },
            {
              "batter": "JM Davies",
              "bowler": "Sabnam Rai",
              "non_striker": "Shanzeen Shahzad",
              "runs": {
                "batter": 0,
                "extras": 0,
                "total": 0
              }
            }
          ]
        },
        {
          "over": 4,
          "deliveries": [
            {
              "batter": "Shanzeen Shahzad",
              "bowler": "RC Belbashi",
              "non_striker": "JM Davies",
              "runs": {
                "batter": 0,
                "extras": 0,
                "total": 0
              }
            },
            {
              "batter": "Shanzeen Shahzad",
              "bowler": "RC Belbashi",
              "non_striker": "JM Davies",
              "runs": {
                "batter": 1,
                "extras": 0,
                "total": 1
              }
            },
            {
              "batter": "JM Davies",
              "bowler": "RC Belbashi",
              "non_striker": "Shanzeen Shahzad",
              "runs": {
                "batter": 0,
                "extras": 0,
                "total": 0
              }
            },
            {
              "batter": "JM Davies",
              "bowler": "RC Belbashi",
              "non_striker": "Shanzeen Shahzad",
              "runs": {
                "batter": 0,
                "extras": 0,
                "total": 0
              }
            },
            {
              "batter": "JM Davies",
              "bowler": "RC Belbashi",
              "extras": {
                "wides": 1
              },
              "non_striker": "Shanzeen Shahzad",
              "runs": {
                "batter": 0,
                "extras": 1,
                "total": 1
              }
            },
            {
              "batter": "JM Davies",
              "bowler": "RC Belbashi",
              "extras": {
                "byes": 1
              },
              "non_striker": "Shanzeen Shahzad",
              "runs": {
                "batter": 0,
                "extras": 1,
                "total": 1
              }
            },
            {
              "batter": "Shanzeen Shahzad",
              "bowler": "RC Belbashi",
              "non_striker": "JM Davies",
              "runs": {
                "batter": 1,
                "extras": 0,
                "total": 1
              }
            }
          ]
        },
        {
          "over": 5,
          "deliveries": [
            {
              "batter": "Shanzeen Shahzad",
              "bowler": "Sabnam Rai",
              "non_striker": "JM Davies",
              "runs": {
                "batter": 0,
                "extras": 0,
                "total": 0
              }
            },
            {
              "batter": "Shanzeen Shahzad",
              "bowler": "Sabnam Rai",
              "non_striker": "JM Davies",
              "runs": {
                "batter": 0,
                "extras": 0,
                "total": 0
              },
              "wickets": [
                {
                  "player_out": "Shanzeen Shahzad",
                  "kind": "bowled"
                }
              ]
            },
            {
              "batter": "M Hill",
              "bowler": "Sabnam Rai",
              "non_striker": "JM Davies",
              "runs": {
                "batter": 0,
                "extras": 0,
                "total": 0
              }
            },
            {
              "batter": "M Hill",
              "bowler": "Sabnam Rai",
              "non_striker": "JM Davies",
              "runs": {
                "batter": 1,
                "extras": 0,
                "total": 1
              }
            },
            {
              "batter": "JM Davies",
              "bowler": "Sabnam Rai",
              "non_striker": "M Hill",
              "runs": {
                "batter": 1,
                "extras": 0,
                "total": 1
              }
            },
            {
              "batter": "M Hill",
              "bowler": "Sabnam Rai",
              "non_striker": "JM Davies",
              "runs": {
                "batter": 1,
                "extras": 0,
                "total": 1
              }
            }
          ]
        },
        {
          "over": 6,
          "deliveries": [
            {
              "batter": "M Hill",
              "bowler": "Karuna Bhandari",
              "non_striker": "JM Davies",
              "runs": {
                "batter": 1,
                "extras": 0,
                "total": 1
              }
            },
            {
              "batter": "JM Davies",
              "bowler": "Karuna Bhandari",
              "non_striker": "M Hill",
              "runs": {
                "batter": 0,
                "extras": 0,
                "total": 0
              },
              "wickets": [
                {
                  "player_out": "JM Davies",
                  "kind": "bowled"
                }
              ]
            },
            {
              "batter": "Bella Poon",
              "bowler": "Karuna Bhandari",
              "non_striker": "M Hill",
              "runs": {
                "batter": 1,
                "extras": 0,
                "total": 1
              }
            },
            {
              "batter": "M Hill",
              "bowler": "Karuna Bhandari",
              "non_striker": "Bella Poon",
              "runs": {
                "batter": 0,
                "extras": 0,
                "total": 0
              }
            },
            {
              "batter": "M Hill",
              "bowler": "Karuna Bhandari",
              "non_striker": "Bella Poon",
              "runs": {
                "batter": 1,
                "extras": 0,
                "total": 1
              }
            },
            {
              "batter": "Bella Poon",
              "bowler": "Karuna Bhandari",
              "non_striker": "M Hill",
              "runs": {
                "batter": 0,
                "extras": 0,
                "total": 0
              }
            }
          ]
        },
        {
          "over": 7,
          "deliveries": [
            {
              "batter": "M Hill",
              "bowler": "SR Magar",
              "non_striker": "Bella Poon",
              "runs": {
                "batter": 0,
                "extras": 0,
                "total": 0
              }
            },
            {
              "batter": "M Hill",
              "bowler": "SR Magar",
              "non_striker": "Bella Poon",
              "runs": {
                "batter": 2,
                "extras": 0,
                "total": 2
              }
            },
            {
              "batter": "M Hill",
              "bowler": "SR Magar",
              "non_striker": "Bella Poon",
              "runs": {
                "batter": 1,
                "extras": 0,
                "total": 1
              }
            },
            {
              "batter": "Bella Poon",
              "bowler": "SR Magar",
              "non_striker": "M Hill",
              "runs": {
                "batter": 0,
                "extras": 0,
                "total": 0
              }
            },
            {
              "batter": "Bella Poon",
              "bowler": "SR Magar",
              "non_striker": "M Hill",
              "runs": {
                "batter": 0,
                "extras": 0,
                "total": 0
              }
            },
            {
              "batter": "Bella Poon",
              "bowler": "SR Magar",
              "non_striker": "M Hill",
              "runs": {
                "batter": 0,
                "extras": 0,
                "total": 0
              }
            }
          ]
        },
        {
          "over": 8,
          "deliveries": [
            {
              "batter": "M Hill",
              "bowler": "Karuna Bhandari",
              "non_striker": "Bella Poon",
              "runs": {
                "batter": 0,
                "extras": 0,
                "total": 0
              }
            },
            {
              "batter": "M Hill",
              "bowler": "Karuna Bhandari",
              "non_striker": "Bella Poon",
              "runs": {
                "batter": 0,
                "extras": 0,
                "total": 0
              },
              "wickets": [
                {
                  "player_out": "M Hill",
                  "kind": "lbw"
                }
              ]
            },
            {
              "batter": "WK Lai",
              "bowler": "Karuna Bhandari",
              "non_striker": "Bella Poon",
              "runs": {
                "batter": 0,
                "extras": 0,
                "total": 0
              }
            },
            {
              "batter": "WK Lai",
              "bowler": "Karuna Bhandari",
              "non_striker": "Bella Poon",
              "runs": {
                "batter": 0,
                "extras": 0,
                "total": 0
              }
            },
            {
              "batter": "WK Lai",
              "bowler": "Karuna Bhandari",
              "non_striker": "Bella Poon",
              "runs": {
                "batter": 1,
                "extras": 0,
                "total": 1
              }
            },
            {
              "batter": "Bella Poon",
              "bowler": "Karuna Bhandari",
              "non_striker": "WK Lai",
              "runs": {
                "batter": 2,
                "extras": 0,
                "total": 2
              }
            }
          ]
        },
        {
          "over": 9,
          "deliveries": [
            {
              "batter": "WK Lai",
              "bowler": "SR Magar",
              "non_striker": "Bella Poon",
              "runs": {
                "batter": 0,
                "extras": 0,
                "total": 0
              }
            },
            {
              "batter": "WK Lai",
              "bowler": "SR Magar",
              "non_striker": "Bella Poon",
              "runs": {
                "batter": 0,
                "extras": 0,
                "total": 0
              }
            },
            {
              "batter": "WK Lai",
              "bowler": "SR Magar",
              "non_striker": "Bella Poon",
              "runs": {
                "batter": 0,
                "extras": 0,
                "total": 0
              }
            },
            {
              "batter": "WK Lai",
              "bowler": "SR Magar",
              "non_striker": "Bella Poon",
              "runs": {
                "batter": 0,
                "extras": 0,
                "total": 0
              }
            },
            {
              "batter": "WK Lai",
              "bowler": "SR Magar",
              "non_striker": "Bella Poon",
              "runs": {
                "batter": 0,
                "extras": 0,
                "total": 0
              }
            },
            {
              "batter": "WK Lai",
              "bowler": "SR Magar",
              "non_striker": "Bella Poon",
              "runs": {
                "batter": 2,
                "extras": 0,
                "total": 2
              }
            }
          ]
        },
        {
          "over": 10,
          "deliveries": [
            {
              "batter": "Bella Poon",
              "bowler": "Karuna Bhandari",
              "non_striker": "WK Lai",
              "runs": {
                "batter": 0,
                "extras": 0,
                "total": 0
              },
              "wickets": [
                {
                  "player_out": "Bella Poon",
                  "kind": "run out"
                }
              ]
            },
            {
              "batter": "WK Lai",
              "bowler": "Karuna Bhandari",
              "non_striker": "KY Chan",
              "runs": {
                "batter": 0,
                "extras": 0,
                "total": 0
              }
            },
            {
              "batter": "WK Lai",
              "bowler": "Karuna Bhandari",
              "non_striker": "KY Chan",
              "runs": {
                "batter": 0,
                "extras": 0,
                "total": 0
              }
            },
            {
              "batter": "WK Lai",
              "bowler": "Karuna Bhandari",
              "non_striker": "KY Chan",
              "runs": {
                "batter": 0,
                "extras": 0,
                "total": 0
              }
            },
            {
              "batter": "WK Lai",
              "bowler": "Karuna Bhandari",
              "non_striker": "KY Chan",
              "runs": {
                "batter": 1,
                "extras": 0,
                "total": 1
              }
            },
            {
              "batter": "KY Chan",
              "bowler": "Karuna Bhandari",
              "non_striker": "WK Lai",
              "runs": {
                "batter": 1,
                "extras": 0,
                "total": 1
              }
            }
          ]
        },
        {
          "over": 11,
          "deliveries": [
            {
              "batter": "KY Chan",
              "bowler": "SR Magar",
              "non_striker": "WK Lai",
              "runs": {
                "batter": 4,
                "extras": 0,
                "total": 4
              }
            },
            {
              "batter": "KY Chan",
              "bowler": "SR Magar",
              "non_striker": "WK Lai",
              "runs": {
                "batter": 0,
                "extras": 0,
                "total": 0
              }
            },
            {
              "batter": "KY Chan",
              "bowler": "SR Magar",
              "extras": {
                "wides": 1
              },
              "non_striker": "WK Lai",
              "runs": {
                "batter": 0,
                "extras": 1,
                "total": 1
              }
            },
            {
              "batter": "KY Chan",
              "bowler": "SR Magar",
              "non_striker": "WK Lai",
              "runs": {
                "batter": 1,
                "extras": 0,
                "total": 1
              }
            },
            {
              "batter": "WK Lai",
              "bowler": "SR Magar",
              "non_striker": "KY Chan",
              "runs": {
                "batter": 0,
                "extras": 0,
                "total": 0
              }
            },
            {
              "batter": "WK Lai",
              "bowler": "SR Magar",
              "non_striker": "KY Chan",
              "runs": {
                "batter": 1,
                "extras": 0,
                "total": 1
              }
            },
            {
              "batter": "KY Chan",
              "bowler": "SR Magar",
              "non_striker": "WK Lai",
              "runs": {
                "batter": 1,
                "extras": 0,
                "total": 1
              }
            }
          ]
        },
        {
          "over": 12,
          "deliveries": [
            {
              "batter": "KY Chan",
              "bowler": "Karuna Bhandari",
              "non_striker": "WK Lai",
              "runs": {
                "batter": 1,
                "extras": 0,
                "total": 1
              }
            },
            {
              "batter": "WK Lai",
              "bowler": "Karuna Bhandari",
              "non_striker": "KY Chan",
              "runs": {
                "batter": 0,
                "extras": 0,
                "total": 0
              }
            },
            {
              "batter": "WK Lai",
              "bowler": "Karuna Bhandari",
              "non_striker": "KY Chan",
              "runs": {
                "batter": 0,
                "extras": 0,
                "total": 0
              },
              "wickets": [
                {
                  "player_out": "WK Lai",
                  "fielders": [
                    {
                      "name": "RC Belbashi"
                    }
                  ],
                  "kind": "caught"
                }
              ]
            },
            {
              "batter": "MBA Lamplough",
              "bowler": "Karuna Bhandari",
              "non_striker": "KY Chan",
              "runs": {
                "batter": 0,
                "extras": 0,
                "total": 0
              }
            },
            {
              "batter": "MBA Lamplough",
              "bowler": "Karuna Bhandari",
              "non_striker": "KY Chan",
              "runs": {
                "batter": 1,
                "extras": 0,
                "total": 1
              }
            },
            {
              "batter": "KY Chan",
              "bowler": "Karuna Bhandari",
              "non_striker": "MBA Lamplough",
              "runs": {
                "batter": 0,
                "extras": 0,
                "total": 0
              }
            }
          ]
        },
        {
          "over": 13,
          "deliveries": [
            {
              "batter": "MBA Lamplough",
              "bowler": "SR Magar",
              "non_striker": "KY Chan",
              "runs": {
                "batter": 0,
                "extras": 0,
                "total": 0
              },
              "wickets": [
                {
                  "player_out": "MBA Lamplough",
                  "kind": "bowled"
                }
              ]
            },
            {
              "batter": "Chan Sau Har",
              "bowler": "SR Magar",
              "non_striker": "KY Chan",
              "runs": {
                "batter": 0,
                "extras": 0,
                "total": 0
              }
            },
            {
              "batter": "Chan Sau Har",
              "bowler": "SR Magar",
              "non_striker": "KY Chan",
              "runs": {
                "batter": 0,
                "extras": 0,
                "total": 0
              }
            },
            {
              "batter": "Chan Sau Har",
              "bowler": "SR Magar",
              "non_striker": "KY Chan",
              "runs": {
                "batter": 1,
                "extras": 0,
                "total": 1
              }
            },
            {
              "batter": "KY Chan",
              "bowler": "SR Magar",
              "non_striker": "Chan Sau Har",
              "runs": {
                "batter": 0,
                "extras": 0,
                "total": 0
              }
            },
            {
              "batter": "KY Chan",
              "bowler": "SR Magar",
              "non_striker": "Chan Sau Har",
              "runs": {
                "batter": 0,
                "extras": 0,
                "total": 0
              }
            }
          ]
        },
        {
          "over": 14,
          "deliveries": [
            {
              "batter": "Chan Sau Har",
              "bowler": "Nary Thapa",
              "non_striker": "KY Chan",
              "runs": {
                "batter": 0,
                "extras": 0,
                "total": 0
              }
            },
            {
              "batter": "Chan Sau Har",
              "bowler": "Nary Thapa",
              "non_striker": "KY Chan",
              "runs": {
                "batter": 0,
                "extras": 0,
                "total": 0
              }
            },
            {
              "batter": "Chan Sau Har",
              "bowler": "Nary Thapa",
              "non_striker": "KY Chan",
              "runs": {
                "batter": 2,
                "extras": 0,
                "total": 2
              }
            },
            {
              "batter": "Chan Sau Har",
              "bowler": "Nary Thapa",
              "extras": {
                "byes": 1
              },
              "non_striker": "KY Chan",
              "runs": {
                "batter": 0,
                "extras": 1,
                "total": 1
              }
            },
            {
              "batter": "KY Chan",
              "bowler": "Nary Thapa",
              "non_striker": "Chan Sau Har",
              "runs": {
                "batter": 1,
                "extras": 0,
                "total": 1
              }
            },
            {
              "batter": "Chan Sau Har",
              "bowler": "Nary Thapa",
              "non_striker": "KY Chan",
              "runs": {
                "batter": 0,
                "extras": 0,
                "total": 0
              }
            }
          ]
        },
        {
          "over": 15,
          "deliveries": [
            {
              "batter": "KY Chan",
              "bowler": "RC Belbashi",
              "non_striker": "Chan Sau Har",
              "runs": {
                "batter": 1,
                "extras": 0,
                "total": 1
              }
            },
            {
              "batter": "Chan Sau Har",
              "bowler": "RC Belbashi",
              "non_striker": "KY Chan",
              "runs": {
                "batter": 0,
                "extras": 0,
                "total": 0
              }
            },
            {
              "batter": "Chan Sau Har",
              "bowler": "RC Belbashi",
              "extras": {
                "wides": 1
              },
              "non_striker": "KY Chan",
              "runs": {
                "batter": 0,
                "extras": 1,
                "total": 1
              }
            },
            {
              "batter": "Chan Sau Har",
              "bowler": "RC Belbashi",
              "non_striker": "KY Chan",
              "runs": {
                "batter": 1,
                "extras": 0,
                "total": 1
              }
            },
            {
              "batter": "KY Chan",
              "bowler": "RC Belbashi",
              "non_striker": "Chan Sau Har",
              "runs": {
                "batter": 1,
                "extras": 0,
                "total": 1
              }
            },
            {
              "batter": "Chan Sau Har",
              "bowler": "RC Belbashi",
              "non_striker": "KY Chan",
              "runs": {
                "batter": 0,
                "extras": 0,
                "total": 0
              }
            },
            {
              "batter": "Chan Sau Har",
              "bowler": "RC Belbashi",
              "non_striker": "KY Chan",
              "runs": {
                "batter": 1,
                "extras": 0,
                "total": 1
              }
            }
          ]
        },
        {
          "over": 16,
          "deliveries": [
            {
              "batter": "Chan Sau Har",
              "bowler": "Nary Thapa",
              "non_striker": "KY Chan",
              "runs": {
                "batter": 1,
                "extras": 0,
                "total": 1
              }
            },
            {
              "batter": "KY Chan",
              "bowler": "Nary Thapa",
              "non_striker": "Chan Sau Har",
              "runs": {
                "batter": 0,
                "extras": 0,
                "total": 0
              },
              "wickets": [
                {
                  "player_out": "KY Chan",
                  "fielders": [
                    {
                      "name": "J Pandey"
                    }
                  ],
                  "kind": "stumped"
                }
              ]
            },
            {
              "batter": "Chan Ka Man",
              "bowler": "Nary Thapa",
              "non_striker": "Chan Sau Har",
              "runs": {
                "batter": 1,
                "extras": 0,
                "total": 1
              }
            },
            {
              "batter": "Chan Sau Har",
              "bowler": "Nary Thapa",
              "non_striker": "Chan Ka Man",
              "runs": {
                "batter": 0,
                "extras": 0,
                "total": 0
              },
              "wickets": [
                {
                  "player_out": "Chan Ka Man",
                  "kind": "run out"
                }
              ]
            },
            {
              "batter": "Hung Ying Ho",
              "bowler": "Nary Thapa",
              "non_striker": "Chan Sau Har",
              "runs": {
                "batter": 0,
                "extras": 0,
                "total": 0
              }
            },
            {
              "batter": "Hung Ying Ho",
              "bowler": "Nary Thapa",
              "non_striker": "Chan Sau Har",
              "runs": {
                "batter": 0,
                "extras": 0,
                "total": 0
              }
            }
          ]
        },
        {
          "over": 17,
          "deliveries": [
            {
              "batter": "Chan Sau Har",
              "bowler": "Sabnam Rai",
              "non_striker": "Hung Ying Ho",
              "runs": {
                "batter": 1,
                "extras": 0,
                "total": 1
              }
            },
            {
              "batter": "Hung Ying Ho",
              "bowler": "Sabnam Rai",
              "non_striker": "Chan Sau Har",
              "runs": {
                "batter": 0,
                "extras": 0,
                "total": 0
              }
            },
            {
              "batter": "Hung Ying Ho",
              "bowler": "Sabnam Rai",
              "non_striker": "Chan Sau Har",
              "runs": {
                "batter": 0,
                "extras": 0,
                "total": 0
              }
            },
            {
              "batter": "Hung Ying Ho",
              "bowler": "Sabnam Rai",
              "non_striker": "Chan Sau Har",
              "runs": {
                "batter": 0,
                "extras": 0,
                "total": 0
              }
            },
            {
              "batter": "Hung Ying Ho",
              "bowler": "Sabnam Rai",
              "non_striker": "Chan Sau Har",
              "runs": {
                "batter": 0,
                "extras": 0,
                "total": 0
              }
            },
            {
              "batter": "Hung Ying Ho",
              "bowler": "Sabnam Rai",
              "non_striker": "Chan Sau Har",
              "runs": {
                "batter": 0,
                "extras": 0,
                "total": 0
              }
            }
          ]
        },
        {
          "over": 18,
          "deliveries": [
            {
              "batter": "Chan Sau Har",
              "bowler": "Nary Thapa",
              "non_striker": "Hung Ying Ho",
              "runs": {
                "batter": 0,
                "extras": 0,
                "total": 0
              }
            },
            {
              "batter": "Chan Sau Har",
              "bowler": "Nary Thapa",
              "non_striker": "Hung Ying Ho",
              "runs": {
                "batter": 0,
                "extras": 0,
                "total": 0
              }
            },
            {
              "batter": "Chan Sau Har",
              "bowler": "Nary Thapa",
              "non_striker": "Hung Ying Ho",
              "runs": {
                "batter": 1,
                "extras": 0,
                "total": 1
              }
            },
            {
              "batter": "Hung Ying Ho",
              "bowler": "Nary Thapa",
              "non_striker": "Chan Sau Har",
              "runs": {
                "batter": 1,
                "extras": 0,
                "total": 1
              }
            },
            {
              "batter": "Chan Sau Har",
              "bowler": "Nary Thapa",
              "non_striker": "Hung Ying Ho",
              "runs": {
                "batter": 0,
                "extras": 0,
                "total": 0
              }
            },
            {
              "batter": "Chan Sau Har",
              "bowler": "Nary Thapa",
              "non_striker": "Hung Ying Ho",
              "runs": {
                "batter": 1,
                "extras": 0,
                "total": 1
              }
            }
          ]
        },
        {
          "over": 19,
          "deliveries": [
            {
              "batter": "Chan Sau Har",
              "bowler": "RK Kanoujiya",
              "extras": {
                "legbyes": 1
              },
              "non_striker": "Hung Ying Ho",
              "runs": {
                "batter": 0,
                "extras": 1,
                "total": 1
              }
            },
            {
              "batter": "Hung Ying Ho",
              "bowler": "RK Kanoujiya",
              "non_striker": "Chan Sau Har",
              "runs": {
                "batter": 0,
                "extras": 0,
                "total": 0
              },
              "wickets": [
                {
                  "player_out": "Hung Ying Ho",
                  "kind": "run out"
                }
              ]
            },
            {
              "batter": "Chan Sau Har",
              "bowler": "RK Kanoujiya",
              "non_striker": "Ruchitha Venkatesh",
              "runs": {
                "batter": 0,
                "extras": 0,
                "total": 0
              }
            },
            {
              "batter": "Chan Sau Har",
              "bowler": "RK Kanoujiya",
              "non_striker": "Ruchitha Venkatesh",
              "runs": {
                "batter": 4,
                "extras": 0,
                "total": 4
              }
            },
            {
              "batter": "Chan Sau Har",
              "bowler": "RK Kanoujiya",
              "non_striker": "Ruchitha Venkatesh",
              "runs": {
                "batter": 0,
                "extras": 0,
                "total": 0
              },
              "wickets": [
                {
                  "player_out": "Chan Sau Har",
                  "fielders": [
                    {
                      "name": "K Shrestha"
                    }
                  ],
                  "kind": "caught"
                }
              ]
            }
          ]
        }
      ],
      "powerplays": [
        {
          "from": 0.1,
          "to": 5.6,
          "type": "mandatory"
        }
      ],
      "target": {
        "overs": 20,
        "runs": 95
      }
    }
  ]
}