{
  "meta": {
    "data_version": "1.0.0",
    "created": "2020-09-18",
    "revision": 1
  },
  "info": {
    "balls_per_over": 6,
    "city": "Kuwait City",
    "dates": [
      "2018-04-24"
    ],
    "event": {
      "name": "ICC World Twenty20 Asia Region Qualifier A",
      "match_number": 10
    },
    "gender": "male",
    "match_type": "IT20",
    "officials": {
      "match_referees": [
        "GF Labrooy"
      ],
      "reserve_umpires": [
        "Imran Mustafa"
      ],
      "umpires": [
        "Vinod Babu",
        "BB Pradhan"
      ]
    },
    "outcome": {
      "winner": "United Arab Emirates",
      "by": {
        "runs": 43
      }
    },
    "overs": 20,
    "player_of_match": [
      "Muhammad Usman"
    ],
    "players": {
      "United Arab Emirates": [
        "Ashfaq Ahmed",
        "Chirag Suri",
        "Ghulam Shabber",
        "Muhammad Usman",
        "Adnan Mufti",
        "Mohammad Boota",
        "Rohan Mustafa",
        "Mohammad Naveed",
        "Fahad Nawaz",
        "Zahoor Khan",
        "Imran Haider"
      ],
      "Maldives": [
        "MNR Cooray",
        "Hassan Rasheed",
        "Mohamed Azzam",
        "Azyan Farhath",
        "Ibrahim Nashath",
        "Mohamed Rishwan",
        "Ibrahim Hassan",
        "Umar Adam",
        "Ameel Mauroof",
        "Mohamed Saafee",
        "Ibrahim Rizan"
      ]
    },
    "registry": {
      "people": {
        "Adnan Mufti": "811425b1",
        "Ameel Mauroof": "1579d497",
        "Ashfaq Ahmed": "9d1f42c6",
        "Azyan Farhath": "3e06e7ac",
        "BB Pradhan": "8603d942",
        "Chirag Suri": "6176f240",
        "Fahad Nawaz": "5d68fe4f",
        "GF Labrooy": "8e088dbc",
        "Ghulam Shabber": "ced0ec25",
        "Hassan Rasheed": "1ca51098",
        "Ibrahim Hassan": "4add4c98",
        "Ibrahim Nashath": "98514dce",
        "Ibrahim Rizan": "7267e3cd",
        "Imran Haider": "0226b73a",
        "Imran Mustafa": "f11bc2ff",
        "MNR Cooray": "a9ddd37d",
        "Mohamed Azzam": "e43c9818",
        "Mohamed Rishwan": "7d15170b",
        "Mohamed Saafee": "c426da8b",
        "Mohammad Boota": "39713d08",
        "Mohammad Naveed": "4861d29b",
        "Muhammad Usman": "45642393",
        "Rameez Shahzad": "e045c165",
        "Rohan Mustafa": "d1988788",
        "Umar Adam": "5d77a96a",
        "Vinod Babu": "37e6187d",
        "Zahoor Khan": "f0e293b0"
      }
    },
    "season": "2018",
    "team_type": "international",
    "teams": [
      "United Arab Emirates",
      "Maldives"
    ],
    "toss": {
      "decision": "bat",
      "winner": "United Arab Emirates"
    },
    "venue": "Sulabiya Ground"
  },
  "innings": [
    {
      "team": "United Arab Emirates",
      "overs": [
        {
          "over": 0,
          "deliveries": [
            {
              "batter": "Ashfaq Ahmed",
              "bowler": "Mohamed Saafee",
              "non_striker": "Chirag Suri",
              "runs": {
                "batter": 0,
                "extras": 0,
                "total": 0
              }
            },
            {
              "batter": "Ashfaq Ahmed",
              "bowler": "Mohamed Saafee",
              "non_striker": "Chirag Suri",
              "runs": {
                "batter": 0,
                "extras": 0,
                "total": 0
              }
            },
            {
              "batter": "Ashfaq Ahmed",
              "bowler": "Mohamed Saafee",
              "non_striker": "Chirag Suri",
              "runs": {
                "batter": 4,
                "extras": 0,
                "total": 4
              }
            },
            {
              "batter": "Ashfaq Ahmed",
              "bowler": "Mohamed Saafee",
              "non_striker": "Chirag Suri",
              "runs": {
                "batter": 0,
                "extras": 0,
                "total": 0
              },
              "wickets": [
                {
                  "fielders": [
                    {
                      "name": "Umar Adam"
                    }
                  ],
                  "player_out": "Ashfaq Ahmed",
                  "kind": "caught"
                }
              ]
            },
            {
              "batter": "Chirag Suri",
              "bowler": "Mohamed Saafee",
              "non_striker": "Ghulam Shabber",
              "runs": {
                "batter": 1,
                "extras": 0,
                "total": 1
              }
            },
            {
              "batter": "Ghulam Shabber",
              "bowler": "Mohamed Saafee",
              "non_striker": "Chirag Suri",
              "runs": {
                "batter": 1,
                "extras": 0,
                "total": 1
              }
            }
          ]
        },
        {
          "over": 1,
          "deliveries": [
            {
              "batter": "Ghulam Shabber",
              "bowler": "Ibrahim Hassan",
              "non_striker": "Chirag Suri",
              "runs": {
                "batter": 0,
                "extras": 0,
                "total": 0
              }
            },
            {
              "batter": "Ghulam Shabber",
              "bowler": "Ibrahim Hassan",
              "non_striker": "Chirag Suri",
              "runs": {
                "batter": 0,
                "extras": 0,
                "total": 0
              }
            },
            {
              "batter": "Ghulam Shabber",
              "bowler": "Ibrahim Hassan",
              "non_striker": "Chirag Suri",
              "runs": {
                "batter": 1,
                "extras": 0,
                "total": 1
              }
            },
            {
              "batter": "Chirag Suri",
              "bowler": "Ibrahim Hassan",
              "non_striker": "Ghulam Shabber",
              "runs": {
                "batter": 1,
                "extras": 0,
                "total": 1
              }
            },
            {
              "batter": "Ghulam Shabber",
              "bowler": "Ibrahim Hassan",
              "non_striker": "Chirag Suri",
              "runs": {
                "batter": 0,
                "extras": 0,
                "total": 0
              }
            },
            {
              "batter": "Ghulam Shabber",
              "bowler": "Ibrahim Hassan",
              "non_striker": "Chirag Suri",
              "runs": {
                "batter": 4,
                "extras": 0,
                "total": 4
              }
            }
          ]
        },
        {
          "over": 2,
          "deliveries": [
            {
              "batter": "Chirag Suri",
              "bowler": "Mohamed Saafee",
              "non_striker": "Ghulam Shabber",
              "runs": {
                "batter": 4,
                "extras": 0,
                "total": 4
              }
            },
            {
              "batter": "Chirag Suri",
              "bowler": "Mohamed Saafee",
              "non_striker": "Ghulam Shabber",
              "runs": {
                "batter": 0,
                "extras": 0,
                "total": 0
              }
            },
            {
              "batter": "Chirag Suri",
              "bowler": "Mohamed Saafee",
              "non_striker": "Ghulam Shabber",
              "runs": {
                "batter": 4,
                "extras": 0,
                "total": 4
              }
            },
            {
              "batter": "Chirag Suri",
              "bowler": "Mohamed Saafee",
              "non_striker": "Ghulam Shabber",
              "runs": {
                "batter": 0,
                "extras": 0,
                "total": 0
              },
              "wickets": [
                {
                  "player_out": "Chirag Suri",
                  "kind": "caught and bowled"
                }
              ]
            },
            {
              "batter": "Muhammad Usman",
              "bowler": "Mohamed Saafee",
              "non_striker": "Ghulam Shabber",
              "runs": {
                "batter": 0,
                "extras": 0,
                "total": 0
              }
            },
            {
              "batter": "Muhammad Usman",
              "bowler": "Mohamed Saafee",
              "non_striker": "Ghulam Shabber",
              "runs": {
                "batter": 2,
                "extras": 0,
                "total": 2
              }
            }
          ]
        },
        {
          "over": 3,
          "deliveries": [
            {
              "batter": "Ghulam Shabber",
              "bowler": "Azyan Farhath",
              "non_striker": "Muhammad Usman",
              "runs": {
                "batter": 2,
                "extras": 0,
                "total": 2
              }
            },
            {
              "batter": "Ghulam Shabber",
              "bowler": "Azyan Farhath",
              "extras": {
                "wides": 1
              },
              "non_striker": "Muhammad Usman",
              "runs": {
                "batter": 0,
                "extras": 1,
                "total": 1
              }
            },
            {
              "batter": "Ghulam Shabber",
              "bowler": "Azyan Farhath",
              "non_striker": "Muhammad Usman",
              "runs": {
                "batter": 1,
                "extras": 0,
                "total": 1
              }
            },
            {
              "batter": "Muhammad Usman",
              "bowler": "Azyan Farhath",
              "non_striker": "Ghulam Shabber",
              "runs": {
                "batter": 0,
                "extras": 0,
                "total": 0
              }
            },
            {
              "batter": "Muhammad Usman",
              "bowler": "Azyan Farhath",
              "non_striker": "Ghulam Shabber",
              "runs": {
                "batter": 0,
                "extras": 0,
                "total": 0
              }
            },
            {
              "batter": "Muhammad Usman",
              "bowler": "Azyan Farhath",
              "non_striker": "Ghulam Shabber",
              "runs": {
                "batter": 1,
                "extras": 0,
                "total": 1
              }
            },
            {
              "batter": "Ghulam Shabber",
              "bowler": "Azyan Farhath",
              "non_striker": "Muhammad Usman",
              "runs": {
                "batter": 0,
                "extras": 0,
                "total": 0
              }
            }
          ]
        },
        {
          "over": 4,
          "deliveries": [
            {
              "batter": "Muhammad Usman",
              "bowler": "Umar Adam",
              "non_striker": "Ghulam Shabber",
              "runs": {
                "batter": 0,
                "extras": 0,
                "total": 0
              }
            },
            {
              "batter": "Muhammad Usman",
              "bowler": "Umar Adam",
              "extras": {
                "legbyes": 1
              },
              "non_striker": "Ghulam Shabber",
              "runs": {
                "batter": 0,
                "extras": 1,
                "total": 1
              }
            },
            {
              "batter": "Ghulam Shabber",
              "bowler": "Umar Adam",
              "non_striker": "Muhammad Usman",
              "runs": {
                "batter": 0,
                "extras": 0,
                "total": 0
              }
            },
            {
              "batter": "Ghulam Shabber",
              "bowler": "Umar Adam",
              "non_striker": "Muhammad Usman",
              "runs": {
                "batter": 4,
                "extras": 0,
                "total": 4
              }
            },
            {
              "batter": "Ghulam Shabber",
              "bowler": "Umar Adam",
              "non_striker": "Muhammad Usman",
              "runs": {
                "batter": 0,
                "extras": 0,
                "total": 0
              }
            },
            {
              "batter": "Ghulam Shabber",
              "bowler": "Umar Adam",
              "non_striker": "Muhammad Usman",
              "runs": {
                "batter": 0,
                "extras": 0,
                "total": 0
              }
            }
          ]
        },
        {
          "over": 5,
          "deliveries": [
            {
              "batter": "Muhammad Usman",
              "bowler": "Azyan Farhath",
              "non_striker": "Ghulam Shabber",
              "runs": {
                "batter": 1,
                "extras": 0,
                "total": 1
              }
            },
            {
              "batter": "Ghulam Shabber",
              "bowler": "Azyan Farhath",
              "non_striker": "Muhammad Usman",
              "runs": {
                "batter": 0,
                "extras": 0,
                "total": 0
              },
              "wickets": [
                {
                  "player_out": "Ghulam Shabber",
                  "fielders": [
                    {
                      "name": "Ibrahim Nashath"
                    }
                  ],
                  "kind": "caught"
                }
              ]
            },
            {
              "batter": "Adnan Mufti",
              "bowler": "Azyan Farhath",
              "non_striker": "Muhammad Usman",
              "runs": {
                "batter": 1,
                "extras": 0,
                "total": 1
              }
            },
            {
              "batter": "Muhammad Usman",
              "bowler": "Azyan Farhath",
              "non_striker": "Adnan Mufti",
              "runs": {
                "batter": 1,
                "extras": 0,
                "total": 1
              }
            },
            {
              "batter": "Adnan Mufti",
              "bowler": "Azyan Farhath",
              "non_striker": "Muhammad Usman",
              "runs": {
                "batter": 0,
                "extras": 0,
                "total": 0
              }
            },
            {
              "batter": "Adnan Mufti",
              "bowler": "Azyan Farhath",
              "non_striker": "Muhammad Usman",
              "runs": {
                "batter": 0,
                "extras": 0,
                "total": 0
              },
              "wickets": [
                {
                  "player_out": "Adnan Mufti",
                  "fielders": [
                    {
                      "name": "Mohamed Azzam"
                    }
                  ],
                  "kind": "stumped"
                }
              ]
            }
          ]
        },
        {
          "over": 6,
          "deliveries": [
            {
              "batter": "Muhammad Usman",
              "bowler": "Umar Adam",
              "non_striker": "Mohammad Boota",
              "runs": {
                "batter": 0,
                "extras": 0,
                "total": 0
              }
            },
            {
              "batter": "Muhammad Usman",
              "bowler": "Umar Adam",
              "non_striker": "Mohammad Boota",
              "runs": {
                "batter": 2,
                "extras": 0,
                "total": 2
              }
            },
            {
              "batter": "Muhammad Usman",
              "bowler": "Umar Adam",
              "non_striker": "Mohammad Boota",
              "runs": {
                "batter": 0,
                "extras": 0,
                "total": 0
              }
            },
            {
              "batter": "Muhammad Usman",
              "bowler": "Umar Adam",
              "non_striker": "Mohammad Boota",
              "runs": {
                "batter": 0,
                "extras": 0,
                "total": 0
              }
            },
            {
              "batter": "Muhammad Usman",
              "bowler": "Umar Adam",
              "non_striker": "Mohammad Boota",
              "runs": {
                "batter": 0,
                "extras": 0,
                "total": 0
              }
            },
            {
              "batter": "Muhammad Usman",
              "bowler": "Umar Adam",
              "non_striker": "Mohammad Boota",
              "runs": {
                "batter": 1,
                "extras": 0,
                "total": 1
              }
            }
          ]
        },
        {
          "over": 7,
          "deliveries": [
            {
              "batter": "Muhammad Usman",
              "bowler": "Azyan Farhath",
              "non_striker": "Mohammad Boota",
              "runs": {
                "batter": 0,
                "extras": 0,
                "total": 0
              }
            },
            {
              "batter": "Muhammad Usman",
              "bowler": "Azyan Farhath",
              "non_striker": "Mohammad Boota",
              "runs": {
                "batter": 1,
                "extras": 0,
                "total": 1
              }
            },
            {
              "batter": "Mohammad Boota",
              "bowler": "Azyan Farhath",
              "non_striker": "Muhammad Usman",
              "runs": {
                "batter": 0,
                "extras": 0,
                "total": 0
              }
            },
            {
              "batter": "Mohammad Boota",
              "bowler": "Azyan Farhath",
              "non_striker": "Muhammad Usman",
              "runs": {
                "batter": 1,
                "extras": 0,
                "total": 1
              }
            },
            {
              "batter": "Muhammad Usman",
              "bowler": "Azyan Farhath",
              "non_striker": "Mohammad Boota",
              "runs": {
                "batter": 1,
                "extras": 0,
                "total": 1
              }
            },
            {
              "batter": "Mohammad Boota",
              "bowler": "Azyan Farhath",
              "non_striker": "Muhammad Usman",
              "runs": {
                "batter": 0,
                "extras": 0,
                "total": 0
              }
            }
          ]
        },
        {
          "over": 8,
          "deliveries": [
            {
              "batter": "Muhammad Usman",
              "bowler": "Umar Adam",
              "extras": {
                "wides": 1
              },
              "non_striker": "Mohammad Boota",
              "runs": {
                "batter": 0,
                "extras": 1,
                "total": 1
              }
            },
            {
              "batter": "Muhammad Usman",
              "bowler": "Umar Adam",
              "non_striker": "Mohammad Boota",
              "runs": {
                "batter": 0,
                "extras": 0,
                "total": 0
              }
            },
            {
              "batter": "Muhammad Usman",
              "bowler": "Umar Adam",
              "non_striker": "Mohammad Boota",
              "runs": {
                "batter": 0,
                "extras": 0,
                "total": 0
              }
            },
            {
              "batter": "Muhammad Usman",
              "bowler": "Umar Adam",
              "non_striker": "Mohammad Boota",
              "runs": {
                "batter": 1,
                "extras": 0,
                "total": 1
              }
            },
            {
              "batter": "Mohammad Boota",
              "bowler": "Umar Adam",
              "non_striker": "Muhammad Usman",
              "runs": {
                "batter": 1,
                "extras": 0,
                "total": 1
              }
            },
            {
              "batter": "Muhammad Usman",
              "bowler": "Umar Adam",
              "non_striker": "Mohammad Boota",
              "runs": {
                "batter": 0,
                "extras": 0,
                "total": 0
              }
            },
            {
              "batter": "Muhammad Usman",
              "bowler": "Umar Adam",
              "non_striker": "Mohammad Boota",
              "runs": {
                "batter": 1,
                "extras": 0,
                "total": 1
              }
            }
          ]
        },
        {
          "over": 9,
          "deliveries": [
            {
              "batter": "Muhammad Usman",
              "bowler": "Azyan Farhath",
              "non_striker": "Mohammad Boota",
              "runs": {
                "batter": 1,
                "extras": 0,
                "total": 1
              }
            },
            {
              "batter": "Mohammad Boota",
              "bowler": "Azyan Farhath",
              "non_striker": "Muhammad Usman",
              "runs": {
                "batter": 0,
                "extras": 0,
                "total": 0
              }
            },
            {
              "batter": "Mohammad Boota",
              "bowler": "Azyan Farhath",
              "non_striker": "Muhammad Usman",
              "runs": {
                "batter": 1,
                "extras": 0,
                "total": 1
              }
            },
            {
              "batter": "Muhammad Usman",
              "bowler": "Azyan Farhath",
              "non_striker": "Mohammad Boota",
              "runs": {
                "batter": 1,
                "extras": 0,
                "total": 1
              }
            },
            {
              "batter": "Mohammad Boota",
              "bowler": "Azyan Farhath",
              "non_striker": "Muhammad Usman",
              "runs": {
                "batter": 1,
                "extras": 0,
                "total": 1
              }
            },
            {
              "batter": "Muhammad Usman",
              "bowler": "Azyan Farhath",
              "non_striker": "Mohammad Boota",
              "runs": {
                "batter": 0,
                "extras": 0,
                "total": 0
              }
            }
          ]
        },
        {
          "over": 10,
          "deliveries": [
            {
              "batter": "Mohammad Boota",
              "bowler": "Umar Adam",
              "non_striker": "Muhammad Usman",
              "runs": {
                "batter": 1,
                "extras": 0,
                "total": 1
              }
            },
            {
              "batter": "Muhammad Usman",
              "bowler": "Umar Adam",
              "non_striker": "Mohammad Boota",
              "runs": {
                "batter": 0,
                "extras": 0,
                "total": 0
              }
            },
            {
              "batter": "Muhammad Usman",
              "bowler": "Umar Adam",
              "non_striker": "Mohammad Boota",
              "runs": {
                "batter": 0,
                "extras": 0,
                "total": 0
              }
            },
            {
              "batter": "Muhammad Usman",
              "bowler": "Umar Adam",
              "non_striker": "Mohammad Boota",
              "runs": {
                "batter": 0,
                "extras": 0,
                "total": 0
              }
            },
            {
              "batter": "Muhammad Usman",
              "bowler": "Umar Adam",
              "non_striker": "Mohammad Boota",
              "runs": {
                "batter": 1,
                "extras": 0,
                "total": 1
              }
            },
            {
              "batter": "Mohammad Boota",
              "bowler": "Umar Adam",
              "non_striker": "Muhammad Usman",
              "runs": {
                "batter": 1,
                "extras": 0,
                "total": 1
              }
            }
          ]
        },
        {
          "over": 11,
          "deliveries": [
            {
              "batter": "Mohammad Boota",
              "bowler": "Mohamed Saafee",
              "non_striker": "Muhammad Usman",
              "runs": {
                "batter": 6,
                "extras": 0,
                "total": 6
              }
            },
            {
              "batter": "Mohammad Boota",
              "bowler": "Mohamed Saafee",
              "non_striker": "Muhammad Usman",
              "runs": {
                "batter": 1,
                "extras": 0,
                "total": 1
              }
            },
            {
              "batter": "Muhammad Usman",
              "bowler": "Mohamed Saafee",
              "non_striker": "Mohammad Boota",
              "runs": {
                "batter": 1,
                "extras": 0,
                "total": 1
              }
            },
            {
              "batter": "Mohammad Boota",
              "bowler": "Mohamed Saafee",
              "extras": {
                "legbyes": 1
              },
              "non_striker": "Muhammad Usman",
              "runs": {
                "batter": 0,
                "extras": 1,
                "total": 1
              }
            },
            {
              "batter": "Muhammad Usman",
              "bowler": "Mohamed Saafee",
              "non_striker": "Mohammad Boota",
              "runs": {
                "batter": 1,
                "extras": 0,
                "total": 1
              }
            },
            {
              "batter": "Mohammad Boota",
              "bowler": "Mohamed Saafee",
              "non_striker": "Muhammad Usman",
              "runs": {
                "batter": 0,
                "extras": 0,
                "total": 0
              }
            }
          ]
        },
        {
          "over": 12,
          "deliveries": [
            {
              "batter": "Muhammad Usman",
              "bowler": "MNR Cooray",
              "non_striker": "Mohammad Boota",
              "runs": {
                "batter": 6,
                "extras": 0,
                "total": 6
              }
            },
            {
              "batter": "Muhammad Usman",
              "bowler": "MNR Cooray",
              "non_striker": "Mohammad Boota",
              "runs": {
                "batter": 0,
                "extras": 0,
                "total": 0
              }
            },
            {
              "batter": "Muhammad Usman",
              "bowler": "MNR Cooray",
              "non_striker": "Mohammad Boota",
              "runs": {
                "batter": 0,
                "extras": 0,
                "total": 0
              }
            },
            {
              "batter": "Muhammad Usman",
              "bowler": "MNR Cooray",
              "non_striker": "Mohammad Boota",
              "runs": {
                "batter": 1,
                "extras": 0,
                "total": 1
              }
            },
            {
              "batter": "Mohammad Boota",
              "bowler": "MNR Cooray",
              "non_striker": "Muhammad Usman",
              "runs": {
                "batter": 1,
                "extras": 0,
                "total": 1
              }
            },
            {
              "batter": "Muhammad Usman",
              "bowler": "MNR Cooray",
              "non_striker": "Mohammad Boota",
              "runs": {
                "batter": 1,
                "extras": 0,
                "total": 1
              }
            }
          ]
        },
        {
          "over": 13,
          "deliveries": [
            {
              "batter": "Muhammad Usman",
              "bowler": "Ibrahim Hassan",
              "extras": {
                "wides": 1
              },
              "non_striker": "Mohammad Boota",
              "runs": {
                "batter": 0,
                "extras": 1,
                "total": 1
              }
            },
            {
              "batter": "Muhammad Usman",
              "bowler": "Ibrahim Hassan",
              "non_striker": "Mohammad Boota",
              "runs": {
                "batter": 1,
                "extras": 0,
                "total": 1
              }
            },
            {
              "batter": "Mohammad Boota",
              "bowler": "Ibrahim Hassan",
              "non_striker": "Muhammad Usman",
              "runs": {
                "batter": 4,
                "extras": 0,
                "total": 4
              }
            },
            {
              "batter": "Mohammad Boota",
              "bowler": "Ibrahim Hassan",
              "non_striker": "Muhammad Usman",
              "runs": {
                "batter": 6,
                "extras": 0,
                "total": 6
              }
            },
            {
              "batter": "Mohammad Boota",
              "bowler": "Ibrahim Hassan",
              "extras": {
                "wides": 1
              },
              "non_striker": "Muhammad Usman",
              "runs": {
                "batter": 0,
                "extras": 1,
                "total": 1
              }
            },
            {
              "batter": "Mohammad Boota",
              "bowler": "Ibrahim Hassan",
              "non_striker": "Muhammad Usman",
              "runs": {
                "batter": 1,
                "extras": 0,
                "total": 1
              }
            },
            {
              "batter": "Muhammad Usman",
              "bowler": "Ibrahim Hassan",
              "non_striker": "Mohammad Boota",
              "runs": {
                "batter": 2,
                "extras": 0,
                "total": 2
              }
            },
            {
              "batter": "Muhammad Usman",
              "bowler": "Ibrahim Hassan",
              "non_striker": "Mohammad Boota",
              "runs": {
                "batter": 1,
                "extras": 0,
                "total": 1
              }
            }
          ]
        },
        {
          "over": 14,
          "deliveries": [
            {
              "batter": "Muhammad Usman",
              "bowler": "MNR Cooray",
              "non_striker": "Mohammad Boota",
              "runs": {
                "batter": 0,
                "extras": 0,
                "total": 0
              }
            },
            {
              "batter": "Muhammad Usman",
              "bowler": "MNR Cooray",
              "non_striker": "Mohammad Boota",
              "runs": {
                "batter": 1,
                "extras": 0,
                "total": 1
              }
            },
            {
              "batter": "Mohammad Boota",
              "bowler": "MNR Cooray",
              "non_striker": "Muhammad Usman",
              "runs": {
                "batter": 0,
                "extras": 0,
                "total": 0
              }
            },
            {
              "batter": "Mohammad Boota",
              "bowler": "MNR Cooray",
              "non_striker": "Muhammad Usman",
              "runs": {
                "batter": 1,
                "extras": 0,
                "total": 1
              }
            },
            {
              "batter": "Muhammad Usman",
              "bowler": "MNR Cooray",
              "non_striker": "Mohammad Boota",
              "runs": {
                "batter": 1,
                "extras": 0,
                "total": 1
              }
            },
            {
              "batter": "Mohammad Boota",
              "bowler": "MNR Cooray",
              "non_striker": "Muhammad Usman",
              "runs": {
                "batter": 1,
                "extras": 0,
                "total": 1
              }
            }
          ]
        },
        {
          "over": 15,
          "deliveries": [
            {
              "batter": "Mohammad Boota",
              "bowler": "Ameel Mauroof",
              "non_striker": "Muhammad Usman",
              "runs": {
                "batter": 0,
                "extras": 0,
                "total": 0
              }
            },
            {
              "batter": "Mohammad Boota",
              "bowler": "Ameel Mauroof",
              "non_striker": "Muhammad Usman",
              "runs": {
                "batter": 1,
                "extras": 0,
                "total": 1
              }
            },
            {
              "batter": "Muhammad Usman",
              "bowler": "Ameel Mauroof",
              "non_striker": "Mohammad Boota",
              "runs": {
                "batter": 2,
                "extras": 0,
                "total": 2
              }
            },
            {
              "batter": "Muhammad Usman",
              "bowler": "Ameel Mauroof",
              "non_striker": "Mohammad Boota",
              "runs": {
                "batter": 1,
                "extras": 0,
                "total": 1
              }
            },
            {
              "batter": "Mohammad Boota",
              "bowler": "Ameel Mauroof",
              "non_striker": "Muhammad Usman",
              "runs": {
                "batter": 1,
                "extras": 0,
                "total": 1
              }
            },
            {
              "batter": "Muhammad Usman",
              "bowler": "Ameel Mauroof",
              "non_striker": "Mohammad Boota",
              "runs": {
                "batter": 4,
                "extras": 0,
                "total": 4
              }
            }
          ]
        },
        {
          "over": 16,
          "deliveries": [
            {
              "batter": "Mohammad Boota",
              "bowler": "MNR Cooray",
              "non_striker": "Muhammad Usman",
              "runs": {
                "batter": 0,
                "extras": 0,
                "total": 0
              }
            },
            {
              "batter": "Mohammad Boota",
              "bowler": "MNR Cooray",
              "non_striker": "Muhammad Usman",
              "runs": {
                "batter": 0,
                "extras": 0,
                "total": 0
              }
            },
            {
              "batter": "Mohammad Boota",
              "bowler": "MNR Cooray",
              "non_striker": "Muhammad Usman",
              "runs": {
                "batter": 4,
                "extras": 0,
                "total": 4
              }
            },
            {
              "batter": "Mohammad Boota",
              "bowler": "MNR Cooray",
              "non_striker": "Muhammad Usman",
              "runs": {
                "batter": 1,
                "extras": 0,
                "total": 1
              }
            },
            {
              "batter": "Muhammad Usman",
              "bowler": "MNR Cooray",
              "non_striker": "Mohammad Boota",
              "runs": {
                "batter": 1,
                "extras": 0,
                "total": 1
              }
            },
            {
              "batter": "Mohammad Boota",
              "bowler": "MNR Cooray",
              "non_striker": "Muhammad Usman",
              "runs": {
                "batter": 1,
                "extras": 0,
                "total": 1
              }
            }
          ]
        },
        {
          "over": 17,
          "deliveries": [
            {
              "batter": "Mohammad Boota",
              "bowler": "Ameel Mauroof",
              "non_striker": "Muhammad Usman",
              "runs": {
                "batter": 0,
                "extras": 0,
                "total": 0
              },
              "wickets": [
                {
                  "player_out": "Mohammad Boota",
                  "fielders": [
                    {
                      "name": "Ibrahim Nashath"
                    }
                  ],
                  "kind": "caught"
                }
              ]
            },
            {
              "batter": "Muhammad Usman",
              "bowler": "Ameel Mauroof",
              "non_striker": "Rohan Mustafa",
              "runs": {
                "batter": 0,
                "extras": 0,
                "total": 0
              }
            },
            {
              "batter": "Muhammad Usman",
              "bowler": "Ameel Mauroof",
              "non_striker": "Rohan Mustafa",
              "runs": {
                "batter": 1,
                "extras": 0,
                "total": 1
              }
            },
            {
              "batter": "Rohan Mustafa",
              "bowler": "Ameel Mauroof",
              "non_striker": "Muhammad Usman",
              "runs": {
                "batter": 1,
                "extras": 0,
                "total": 1
              }
            },
            {
              "batter": "Muhammad Usman",
              "bowler": "Ameel Mauroof",
              "non_striker": "Rohan Mustafa",
              "runs": {
                "batter": 2,
                "extras": 0,
                "total": 2
              }
            },
            {
              "batter": "Muhammad Usman",
              "bowler": "Ameel Mauroof",
              "non_striker": "Rohan Mustafa",
              "runs": {
                "batter": 1,
                "extras": 0,
                "total": 1
              }
            }
          ]
        },
        {
          "over": 18,
          "deliveries": [
            {
              "batter": "Muhammad Usman",
              "bowler": "MNR Cooray",
              "non_striker": "Rohan Mustafa",
              "runs": {
                "batter": 0,
                "extras": 0,
                "total": 0
              },
              "wickets": [
                {
                  "player_out": "Muhammad Usman",
                  "fielders": [
                    {
                      "name": "Hassan Rasheed"
                    }
                  ],
                  "kind": "caught"
                }
              ]
            },
            {
              "batter": "Rohan Mustafa",
              "bowler": "MNR Cooray",
              "non_striker": "Mohammad Naveed",
              "runs": {
                "batter": 0,
                "extras": 0,
                "total": 0
              },
              "wickets": [
                {
                  "player_out": "Rohan Mustafa",
                  "fielders": [
                    {
                      "name": "Hassan Rasheed"
                    }
                  ],
                  "kind": "caught"
                }
              ]
            },
            {
              "batter": "Fahad Nawaz",
              "bowler": "MNR Cooray",
              "non_striker": "Mohammad Naveed",
              "runs": {
                "batter": 0,
                "extras": 0,
                "total": 0
              }
            },
            {
              "batter": "Fahad Nawaz",
              "bowler": "MNR Cooray",
              "non_striker": "Mohammad Naveed",
              "runs": {
                "batter": 1,
                "extras": 0,
                "total": 1
              }
            },
            {
              "batter": "Mohammad Naveed",
              "bowler": "MNR Cooray",
              "non_striker": "Fahad Nawaz",
              "runs": {
                "batter": 0,
                "extras": 0,
                "total": 0
              }
            },
            {
              "batter": "Mohammad Naveed",
              "bowler": "MNR Cooray",
              "non_striker": "Fahad Nawaz",
              "runs": {
                "batter": 1,
                "extras": 0,
                "total": 1
              }
            }
          ]
        },
        {
          "over": 19,
          "deliveries": [
            {
              "batter": "Mohammad Naveed",
              "bowler": "Ameel Mauroof",
              "non_striker": "Fahad Nawaz",
              "runs": {
                "batter": 0,
                "extras": 0,
                "total": 0
              },
              "wickets": [
                {
                  "player_out": "Mohammad Naveed",
                  "kind": "bowled"
                }
              ]
            },
            {
              "batter": "Zahoor Khan",
              "bowler": "Ameel Mauroof",
              "non_striker": "Fahad Nawaz",
              "runs": {
                "batter": 0,
                "extras": 0,
                "total": 0
              },
              "wickets": [
                {
                  "player_out": "Zahoor Khan",
                  "kind": "bowled"
                }
              ]
            },
            {
              "batter": "Imran Haider",
              "bowler": "Ameel Mauroof",
              "non_striker": "Fahad Nawaz",
              "runs": {
                "batter": 1,
                "extras": 0,
                "total": 1
              }
            },
            {
              "batter": "Fahad Nawaz",
              "bowler": "Ameel Mauroof",
              "non_striker": "Imran Haider",
              "runs": {
                "batter": 6,
                "extras": 0,
                "total": 6
              }
            },
            {
              "batter": "Fahad Nawaz",
              "bowler": "Ameel Mauroof",
              "non_striker": "Imran Haider",
              "runs": {
                "batter": 1,
                "extras": 0,
                "total": 1
              },
              "wickets": [
                {
                  "player_out": "Fahad Nawaz",
                  "kind": "run out"
                }
              ]
            }
          ]
        }
      ],
      "powerplays": [
        {
          "from": 0.1,
          "to": 5.6,
          "type": "mandatory"
        }
      ]
    },
    {
      "team": "Maldives",
      "overs": [
        {
          "over": 0,
          "deliveries": [
            {
              "batter": "MNR Cooray",
              "bowler": "Mohammad Naveed",
              "non_striker": "Hassan Rasheed",
              "runs": {
                "batter": 0,
                "extras": 0,
                "total": 0
              }
            },
            {
              "batter": "MNR Cooray",
              "bowler": "Mohammad Naveed",
              "non_striker": "Hassan Rasheed",
              "runs": {
                "batter": 0,
                "extras": 0,
                "total": 0
              }
            },
            {
              "batter": "MNR Cooray",
              "bowler": "Mohammad Naveed",
              "non_striker": "Hassan Rasheed",
              "runs": {
                "batter": 4,
                "extras": 0,
                "total": 4
              }
            },
            {
              "batter": "MNR Cooray",
              "bowler": "Mohammad Naveed",
              "extras": {
                "legbyes": 1
              },
              "non_striker": "Hassan Rasheed",
              "runs": {
                "batter": 0,
                "extras": 1,
                "total": 1
              }
            },
            {
              "batter": "Hassan Rasheed",
              "bowler": "Mohammad Naveed",
              "non_striker": "MNR Cooray",
              "runs": {
                "batter": 0,
                "extras": 0,
                "total": 0
              }
            },
            {
              "batter": "Hassan Rasheed",
              "bowler": "Mohammad Naveed",
              "non_striker": "MNR Cooray",
              "runs": {
                "batter": 0,
                "extras": 0,
                "total": 0
              }
            }
          ]
        },
        {
          "over": 1,
          "deliveries": [
            {
              "batter": "MNR Cooray",
              "bowler": "Fahad Nawaz",
              "non_striker": "Hassan Rasheed",
              "runs": {
                "batter": 4,
                "extras": 0,
                "total": 4
              }
            },
            {
              "batter": "MNR Cooray",
              "bowler": "Fahad Nawaz",
              "non_striker": "Hassan Rasheed",
              "runs": {
                "batter": 0,
                "extras": 0,
                "total": 0
              },
              "wickets": [
                {
                  "player_out": "MNR Cooray",
                  "fielders": [
                    {
                      "name": "Mohammad Boota"
                    }
                  ],
                  "kind": "caught"
                }
              ]
            },
            {
              "batter": "Hassan Rasheed",
              "bowler": "Fahad Nawaz",
              "non_striker": "Mohamed Azzam",
              "runs": {
                "batter": 0,
                "extras": 0,
                "total": 0
              }
            },
            {
              "batter": "Hassan Rasheed",
              "bowler": "Fahad Nawaz",
              "non_striker": "Mohamed Azzam",
              "runs": {
                "batter": 2,
                "extras": 0,
                "total": 2
              }
            },
            {
              "batter": "Hassan Rasheed",
              "bowler": "Fahad Nawaz",
              "non_striker": "Mohamed Azzam",
              "runs": {
                "batter": 0,
                "extras": 0,
                "total": 0
              }
            },
            {
              "batter": "Hassan Rasheed",
              "bowler": "Fahad Nawaz",
              "non_striker": "Mohamed Azzam",
              "runs": {
                "batter": 4,
                "extras": 0,
                "total": 4
              }
            }
          ]
        },
        {
          "over": 2,
          "deliveries": [
            {
              "batter": "Mohamed Azzam",
              "bowler": "Mohammad Naveed",
              "non_striker": "Hassan Rasheed",
              "runs": {
                "batter": 0,
                "extras": 0,
                "total": 0
              }
            },
            {
              "batter": "Mohamed Azzam",
              "bowler": "Mohammad Naveed",
              "non_striker": "Hassan Rasheed",
              "runs": {
                "batter": 1,
                "extras": 0,
                "total": 1
              }
            },
            {
              "batter": "Hassan Rasheed",
              "bowler": "Mohammad Naveed",
              "non_striker": "Mohamed Azzam",
              "runs": {
                "batter": 1,
                "extras": 0,
                "total": 1
              }
            },
            {
              "batter": "Mohamed Azzam",
              "bowler": "Mohammad Naveed",
              "non_striker": "Hassan Rasheed",
              "runs": {
                "batter": 1,
                "extras": 0,
                "total": 1
              }
            },
            {
              "batter": "Hassan Rasheed",
              "bowler": "Mohammad Naveed",
              "non_striker": "Mohamed Azzam",
              "runs": {
                "batter": 1,
                "extras": 0,
                "total": 1
              }
            },
            {
              "batter": "Mohamed Azzam",
              "bowler": "Mohammad Naveed",
              "non_striker": "Hassan Rasheed",
              "runs": {
                "batter": 0,
                "extras": 0,
                "total": 0
              }
            }
          ]
        },
        {
          "over": 3,
          "deliveries": [
            {
              "batter": "Hassan Rasheed",
              "bowler": "Fahad Nawaz",
              "non_striker": "Mohamed Azzam",
              "runs": {
                "batter": 6,
                "extras": 0,
                "total": 6
              }
            },
            {
              "batter": "Hassan Rasheed",
              "bowler": "Fahad Nawaz",
              "non_striker": "Mohamed Azzam",
              "runs": {
                "batter": 2,
                "extras": 0,
                "total": 2
              }
            },
            {
              "batter": "Hassan Rasheed",
              "bowler": "Fahad Nawaz",
              "non_striker": "Mohamed Azzam",
              "runs": {
                "batter": 0,
                "extras": 0,
                "total": 0
              }
            },
            {
              "batter": "Hassan Rasheed",
              "bowler": "Fahad Nawaz",
              "non_striker": "Mohamed Azzam",
              "runs": {
                "batter": 0,
                "extras": 0,
                "total": 0
              }
            },
            {
              "batter": "Hassan Rasheed",
              "bowler": "Fahad Nawaz",
              "non_striker": "Mohamed Azzam",
              "runs": {
                "batter": 0,
                "extras": 0,
                "total": 0
              }
            },
            {
              "batter": "Hassan Rasheed",
              "bowler": "Fahad Nawaz",
              "non_striker": "Mohamed Azzam",
              "runs": {
                "batter": 0,
                "extras": 0,
                "total": 0
              }
            }
          ]
        },
        {
          "over": 4,
          "deliveries": [
            {
              "batter": "Mohamed Azzam",
              "bowler": "Zahoor Khan",
              "non_striker": "Hassan Rasheed",
              "runs": {
                "batter": 1,
                "extras": 0,
                "total": 1
              }
            },
            {
              "batter": "Hassan Rasheed",
              "bowler": "Zahoor Khan",
              "non_striker": "Mohamed Azzam",
              "runs": {
                "batter": 0,
                "extras": 0,
                "total": 0
              }
            },
            {
              "batter": "Hassan Rasheed",
              "bowler": "Zahoor Khan",
              "non_striker": "Mohamed Azzam",
              "runs": {
                "batter": 0,
                "extras": 0,
                "total": 0
              }
            },
            {
              "batter": "Hassan Rasheed",
              "bowler": "Zahoor Khan",
              "non_striker": "Mohamed Azzam",
              "runs": {
                "batter": 0,
                "extras": 0,
                "total": 0
              },
              "wickets": [
                {
                  "player_out": "Mohamed Azzam",
                  "kind": "run out"
                }
              ]
            },
            {
              "batter": "Hassan Rasheed",
              "bowler": "Zahoor Khan",
              "non_striker": "Azyan Farhath",
              "runs": {
                "batter": 0,
                "extras": 0,
                "total": 0
              }
            },
            {
              "batter": "Hassan Rasheed",
              "bowler": "Zahoor Khan",
              "non_striker": "Azyan Farhath",
              "runs": {
                "batter": 1,
                "extras": 0,
                "total": 1
              }
            }
          ]
        },
        {
          "over": 5,
          "deliveries": [
            {
              "batter": "Hassan Rasheed",
              "bowler": "Rohan Mustafa",
              "non_striker": "Azyan Farhath",
              "runs": {
                "batter": 0,
                "extras": 0,
                "total": 0
              }
            },
            {
              "batter": "Hassan Rasheed",
              "bowler": "Rohan Mustafa",
              "non_striker": "Azyan Farhath",
              "runs": {
                "batter": 0,
                "extras": 0,
                "total": 0
              }
            },
            {
              "batter": "Hassan Rasheed",
              "bowler": "Rohan Mustafa",
              "non_striker": "Azyan Farhath",
              "runs": {
                "batter": 0,
                "extras": 0,
                "total": 0
              },
              "wickets": [
                {
                  "player_out": "Hassan Rasheed",
                  "fielders": [
                    {
                      "name": "Rameez Shahzad",
                      "substitute": true
                    }
                  ],
                  "kind": "caught"
                }
              ]
            },
            {
              "batter": "Azyan Farhath",
              "bowler": "Rohan Mustafa",
              "extras": {
                "wides": 1
              },
              "non_striker": "Ibrahim Nashath",
              "runs": {
                "batter": 0,
                "extras": 1,
                "total": 1
              }
            },
            {
              "batter": "Azyan Farhath",
              "bowler": "Rohan Mustafa",
              "non_striker": "Ibrahim Nashath",
              "runs": {
                "batter": 1,
                "extras": 0,
                "total": 1
              }
            },
            {
              "batter": "Ibrahim Nashath",
              "bowler": "Rohan Mustafa",
              "non_striker": "Azyan Farhath",
              "runs": {
                "batter": 0,
                "extras": 0,
                "total": 0
              }
            },
            {
              "batter": "Ibrahim Nashath",
              "bowler": "Rohan Mustafa",
              "non_striker": "Azyan Farhath",
              "runs": {
                "batter": 0,
                "extras": 0,
                "total": 0
              }
            }
          ]
        },
        {
          "over": 6,
          "deliveries": [
            {
              "batter": "Azyan Farhath",
              "bowler": "Imran Haider",
              "non_striker": "Ibrahim Nashath",
              "runs": {
                "batter": 1,
                "extras": 0,
                "total": 1
              }
            },
            {
              "batter": "Ibrahim Nashath",
              "bowler": "Imran Haider",
              "non_striker": "Azyan Farhath",
              "runs": {
                "batter": 0,
                "extras": 0,
                "total": 0
              }
            },
            {
              "batter": "Ibrahim Nashath",
              "bowler": "Imran Haider",
              "non_striker": "Azyan Farhath",
              "runs": {
                "batter": 0,
                "extras": 0,
                "total": 0
              }
            },
            {
              "batter": "Ibrahim Nashath",
              "bowler": "Imran Haider",
              "extras": {
                "noballs": 1
              },
              "non_striker": "Azyan Farhath",
              "runs": {
                "batter": 0,
                "extras": 1,
                "total": 1
              }
            },
            {
              "batter": "Ibrahim Nashath",
              "bowler": "Imran Haider",
              "non_striker": "Azyan Farhath",
              "runs": {
                "batter": 6,
                "extras": 0,
                "total": 6
              }
            },
            {
              "batter": "Ibrahim Nashath",
              "bowler": "Imran Haider",
              "non_striker": "Azyan Farhath",
              "runs": {
                "batter": 1,
                "extras": 0,
                "total": 1
              }
            },
            {
              "batter": "Azyan Farhath",
              "bowler": "Imran Haider",
              "non_striker": "Ibrahim Nashath",
              "runs": {
                "batter": 1,
                "extras": 0,
                "total": 1
              }
            }
          ]
        },
        {
          "over": 7,
          "deliveries": [
            {
              "batter": "Azyan Farhath",
              "bowler": "Fahad Nawaz",
              "non_striker": "Ibrahim Nashath",
              "runs": {
                "batter": 0,
                "extras": 0,
                "total": 0
              }
            },
            {
              "batter": "Azyan Farhath",
              "bowler": "Fahad Nawaz",
              "non_striker": "Ibrahim Nashath",
              "runs": {
                "batter": 0,
                "extras": 0,
                "total": 0
              }
            },
            {
              "batter": "Azyan Farhath",
              "bowler": "Fahad Nawaz",
              "non_striker": "Ibrahim Nashath",
              "runs": {
                "batter": 1,
                "extras": 0,
                "total": 1
              }
            },
            {
              "batter": "Ibrahim Nashath",
              "bowler": "Fahad Nawaz",
              "non_striker": "Azyan Farhath",
              "runs": {
                "batter": 0,
                "extras": 0,
                "total": 0
              }
            },
            {
              "batter": "Ibrahim Nashath",
              "bowler": "Fahad Nawaz",
              "non_striker": "Azyan Farhath",
              "runs": {
                "batter": 0,
                "extras": 0,
                "total": 0
              }
            },
            {
              "batter": "Ibrahim Nashath",
              "bowler": "Fahad Nawaz",
              "non_striker": "Azyan Farhath",
              "runs": {
                "batter": 1,
                "extras": 0,
                "total": 1
              }
            }
          ]
        },
        {
          "over": 8,
          "deliveries": [
            {
              "batter": "Ibrahim Nashath",
              "bowler": "Imran Haider",
              "non_striker": "Azyan Farhath",
              "runs": {
                "batter": 0,
                "extras": 0,
                "total": 0
              }
            },
            {
              "batter": "Ibrahim Nashath",
              "bowler": "Imran Haider",
              "non_striker": "Azyan Farhath",
              "runs": {
                "batter": 0,
                "extras": 0,
                "total": 0
              }
            },
            {
              "batter": "Ibrahim Nashath",
              "bowler": "Imran Haider",
              "non_striker": "Azyan Farhath",
              "runs": {
                "batter": 1,
                "extras": 0,
                "total": 1
              }
            },
            {
              "batter": "Azyan Farhath",
              "bowler": "Imran Haider",
              "non_striker": "Ibrahim Nashath",
              "runs": {
                "batter": 1,
                "extras": 0,
                "total": 1
              }
            },
            {
              "batter": "Ibrahim Nashath",
              "bowler": "Imran Haider",
              "non_striker": "Azyan Farhath",
              "runs": {
                "batter": 0,
                "extras": 0,
                "total": 0
              }
            },
            {
              "batter": "Ibrahim Nashath",
              "bowler": "Imran Haider",
              "non_striker": "Azyan Farhath",
              "runs": {
                "batter": 0,
                "extras": 0,
                "total": 0
              },
              "wickets": [
                {
                  "player_out": "Ibrahim Nashath",
                  "fielders": [
                    {
                      "name": "Rohan Mustafa"
                    }
                  ],
                  "kind": "caught"
                }
              ]
            }
          ]
        },
        {
          "over": 9,
          "deliveries": [
            {
              "batter": "Azyan Farhath",
              "bowler": "Fahad Nawaz",
              "non_striker": "Mohamed Rishwan",
              "runs": {
                "batter": 1,
                "extras": 0,
                "total": 1
              }
            },
            {
              "batter": "Mohamed Rishwan",
              "bowler": "Fahad Nawaz",
              "non_striker": "Azyan Farhath",
              "runs": {
                "batter": 1,
                "extras": 0,
                "total": 1
              }
            },
            {
              "batter": "Azyan Farhath",
              "bowler": "Fahad Nawaz",
              "non_striker": "Mohamed Rishwan",
              "runs": {
                "batter": 0,
                "extras": 0,
                "total": 0
              }
            },
            {
              "batter": "Azyan Farhath",
              "bowler": "Fahad Nawaz",
              "non_striker": "Mohamed Rishwan",
              "runs": {
                "batter": 0,
                "extras": 0,
                "total": 0
              },
              "wickets": [
                {
                  "player_out": "Azyan Farhath",
                  "kind": "caught and bowled"
                }
              ]
            },
            {
              "batter": "Ibrahim Hassan",
              "bowler": "Fahad Nawaz",
              "non_striker": "Mohamed Rishwan",
              "runs": {
                "batter": 0,
                "extras": 0,
                "total": 0
              }
            },
            {
              "batter": "Ibrahim Hassan",
              "bowler": "Fahad Nawaz",
              "non_striker": "Mohamed Rishwan",
              "runs": {
                "batter": 0,
                "extras": 0,
                "total": 0
              }
            }
          ]
        },
        {
          "over": 10,
          "deliveries": [
            {
              "batter": "Mohamed Rishwan",
              "bowler": "Imran Haider",
              "non_striker": "Ibrahim Hassan",
              "runs": {
                "batter": 0,
                "extras": 0,
                "total": 0
              }
            },
            {
              "batter": "Mohamed Rishwan",
              "bowler": "Imran Haider",
              "non_striker": "Ibrahim Hassan",
              "runs": {
                "batter": 2,
                "extras": 0,
                "total": 2
              }
            },
            {
              "batter": "Mohamed Rishwan",
              "bowler": "Imran Haider",
              "non_striker": "Ibrahim Hassan",
              "runs": {
                "batter": 1,
                "extras": 0,
                "total": 1
              }
            },
            {
              "batter": "Ibrahim Hassan",
              "bowler": "Imran Haider",
              "non_striker": "Mohamed Rishwan",
              "runs": {
                "batter": 1,
                "extras": 0,
                "total": 1
              }
            },
            {
              "batter": "Mohamed Rishwan",
              "bowler": "Imran Haider",
              "non_striker": "Ibrahim Hassan",
              "runs": {
                "batter": 1,
                "extras": 0,
                "total": 1
              }
            },
            {
              "batter": "Ibrahim Hassan",
              "bowler": "Imran Haider",
              "non_striker": "Mohamed Rishwan",
              "runs": {
                "batter": 1,
                "extras": 0,
                "total": 1
              }
            }
          ]
        },
        {
          "over": 11,
          "deliveries": [
            {
              "batter": "Ibrahim Hassan",
              "bowler": "Rohan Mustafa",
              "non_striker": "Mohamed Rishwan",
              "runs": {
                "batter": 1,
                "extras": 0,
                "total": 1
              }
            },
            {
              "batter": "Mohamed Rishwan",
              "bowler": "Rohan Mustafa",
              "non_striker": "Ibrahim Hassan",
              "runs": {
                "batter": 1,
                "extras": 0,
                "total": 1
              }
            },
            {
              "batter": "Ibrahim Hassan",
              "bowler": "Rohan Mustafa",
              "non_striker": "Mohamed Rishwan",
              "runs": {
                "batter": 2,
                "extras": 0,
                "total": 2
              }
            },
            {
              "batter": "Ibrahim Hassan",
              "bowler": "Rohan Mustafa",
              "extras": {
                "wides": 1
              },
              "non_striker": "Mohamed Rishwan",
              "runs": {
                "batter": 0,
                "extras": 1,
                "total": 1
              }
            },
            {
              "batter": "Ibrahim Hassan",
              "bowler": "Rohan Mustafa",
              "non_striker": "Mohamed Rishwan",
              "runs": {
                "batter": 0,
                "extras": 0,
                "total": 0
              }
            },
            {
              "batter": "Ibrahim Hassan",
              "bowler": "Rohan Mustafa",
              "non_striker": "Mohamed Rishwan",
              "runs": {
                "batter": 0,
                "extras": 0,
                "total": 0
              }
            },
            {
              "batter": "Ibrahim Hassan",
              "bowler": "Rohan Mustafa",
              "non_striker": "Mohamed Rishwan",
              "runs": {
                "batter": 0,
                "extras": 0,
                "total": 0
              }
            }
          ]
        },
        {
          "over": 12,
          "deliveries": [
            {
              "batter": "Mohamed Rishwan",
              "bowler": "Imran Haider",
              "non_striker": "Ibrahim Hassan",
              "runs": {
                "batter": 1,
                "extras": 0,
                "total": 1
              }
            },
            {
              "batter": "Ibrahim Hassan",
              "bowler": "Imran Haider",
              "non_striker": "Mohamed Rishwan",
              "runs": {
                "batter": 1,
                "extras": 0,
                "total": 1
              }
            },
            {
              "batter": "Mohamed Rishwan",
              "bowler": "Imran Haider",
              "non_striker": "Ibrahim Hassan",
              "runs": {
                "batter": 1,
                "extras": 0,
                "total": 1
              }
            },
            {
              "batter": "Ibrahim Hassan",
              "bowler": "Imran Haider",
              "non_striker": "Mohamed Rishwan",
              "runs": {
                "batter": 1,
                "extras": 0,
                "total": 1
              }
            },
            {
              "batter": "Mohamed Rishwan",
              "bowler": "Imran Haider",
              "non_striker": "Ibrahim Hassan",
              "runs": {
                "batter": 1,
                "extras": 0,
                "total": 1
              }
            },
            {
              "batter": "Ibrahim Hassan",
              "bowler": "Imran Haider",
              "non_striker": "Mohamed Rishwan",
              "runs": {
                "batter": 0,
                "extras": 0,
                "total": 0
              }
            }
          ]
        },
        {
          "over": 13,
          "deliveries": [
            {
              "batter": "Mohamed Rishwan",
              "bowler": "Rohan Mustafa",
              "non_striker": "Ibrahim Hassan",
              "runs": {
                "batter": 0,
                "extras": 0,
                "total": 0
              },
              "wickets": [
                {
                  "player_out": "Mohamed Rishwan",
                  "kind": "bowled"
                }
              ]
            },
            {
              "batter": "Umar Adam",
              "bowler": "Rohan Mustafa",
              "non_striker": "Ibrahim Hassan",
              "runs": {
                "batter": 4,
                "extras": 0,
                "total": 4
              }
            },
            {
              "batter": "Umar Adam",
              "bowler": "Rohan Mustafa",
              "non_striker": "Ibrahim Hassan",
              "runs": {
                "batter": 1,
                "extras": 0,
                "total": 1
              }
            },
            {
              "batter": "Ibrahim Hassan",
              "bowler": "Rohan Mustafa",
              "non_striker": "Umar Adam",
              "runs": {
                "batter": 0,
                "extras": 0,
                "total": 0
              }
            },
            {
              "batter": "Ibrahim Hassan",
              "bowler": "Rohan Mustafa",
              "non_striker": "Umar Adam",
              "runs": {
                "batter": 0,
                "extras": 0,
                "total": 0
              }
            },
            {
              "batter": "Ibrahim Hassan",
              "bowler": "Rohan Mustafa",
              "non_striker": "Umar Adam",
              "runs": {
                "batter": 4,
                "extras": 0,
                "total": 4
              }
            }
          ]
        },
        {
          "over": 14,
          "deliveries": [
            {
              "batter": "Umar Adam",
              "bowler": "Zahoor Khan",
              "non_striker": "Ibrahim Hassan",
              "runs": {
                "batter": 1,
                "extras": 0,
                "total": 1
              }
            },
            {
              "batter": "Ibrahim Hassan",
              "bowler": "Zahoor Khan",
              "non_striker": "Umar Adam",
              "runs": {
                "batter": 0,
                "extras": 0,
                "total": 0
              }
            },
            {
              "batter": "Ibrahim Hassan",
              "bowler": "Zahoor Khan",
              "non_striker": "Umar Adam",
              "runs": {
                "batter": 0,
                "extras": 0,
                "total": 0
              }
            },
            {
              "batter": "Ibrahim Hassan",
              "bowler": "Zahoor Khan",
              "non_striker": "Umar Adam",
              "runs": {
                "batter": 1,
                "extras": 0,
                "total": 1
              }
            },
            {
              "batter": "Umar Adam",
              "bowler": "Zahoor Khan",
              "non_striker": "Ibrahim Hassan",
              "runs": {
                "batter": 2,
                "extras": 0,
                "total": 2
              }
            },
            {
              "batter": "Umar Adam",
              "bowler": "Zahoor Khan",
              "non_striker": "Ibrahim Hassan",
              "runs": {
                "batter": 0,
                "extras": 0,
                "total": 0
              }
            }
          ]
        },
        {
          "over": 15,
          "deliveries": [
            {
              "batter": "Ibrahim Hassan",
              "bowler": "Rohan Mustafa",
              "non_striker": "Umar Adam",
              "runs": {
                "batter": 1,
                "extras": 0,
                "total": 1
              }
            },
            {
              "batter": "Umar Adam",
              "bowler": "Rohan Mustafa",
              "extras": {
                "wides": 1
              },
              "non_striker": "Ibrahim Hassan",
              "runs": {
                "batter": 0,
                "extras": 1,
                "total": 1
              }
            },
            {
              "batter": "Umar Adam",
              "bowler": "Rohan Mustafa",
              "extras": {
                "legbyes": 1
              },
              "non_striker": "Ibrahim Hassan",
              "runs": {
                "batter": 0,
                "extras": 1,
                "total": 1
              }
            },
            {
              "batter": "Ibrahim Hassan",
              "bowler": "Rohan Mustafa",
              "non_striker": "Umar Adam",
              "runs": {
                "batter": 0,
                "extras": 0,
                "total": 0
              },
              "wickets": [
                {
                  "player_out": "Ibrahim Hassan",
                  "kind": "bowled"
                }
              ]
            },
            {
              "batter": "Ameel Mauroof",
              "bowler": "Rohan Mustafa",
              "non_striker": "Umar Adam",
              "runs": {
                "batter": 0,
                "extras": 0,
                "total": 0
              }
            },
            {
              "batter": "Ameel Mauroof",
              "bowler": "Rohan Mustafa",
              "non_striker": "Umar Adam",
              "runs": {
                "batter": 0,
                "extras": 0,
                "total": 0
              }
            },
            {
              "batter": "Ameel Mauroof",
              "bowler": "Rohan Mustafa",
              "non_striker": "Umar Adam",
              "runs": {
                "batter": 0,
                "extras": 0,
                "total": 0
              },
              "wickets": [
                {
                  "player_out": "Ameel Mauroof",
                  "fielders": [
                    {
                      "name": "Zahoor Khan"
                    }
                  ],
                  "kind": "run out"
                }
              ]
            }
          ]
        },
        {
          "over": 16,
          "deliveries": [
            {
              "batter": "Mohamed Saafee",
              "bowler": "Zahoor Khan",
              "non_striker": "Umar Adam",
              "runs": {
                "batter": 0,
                "extras": 0,
                "total": 0
              },
              "wickets": [
                {
                  "player_out": "Mohamed Saafee",
                  "kind": "bowled"
                }
              ]
            },
            {
              "batter": "Ibrahim Rizan",
              "bowler": "Zahoor Khan",
              "extras": {
                "wides": 1
              },
              "non_striker": "Umar Adam",
              "runs": {
                "batter": 0,
                "extras": 1,
                "total": 1
              }
            },
            {
              "batter": "Ibrahim Rizan",
              "bowler": "Zahoor Khan",
              "non_striker": "Umar Adam",
              "runs": {
                "batter": 0,
                "extras": 0,
                "total": 0
              }
            },
            {
              "batter": "Ibrahim Rizan",
              "bowler": "Zahoor Khan",
              "non_striker": "Umar Adam",
              "runs": {
                "batter": 0,
                "extras": 0,
                "total": 0
              },
              "wickets": [
                {
                  "player_out": "Ibrahim Rizan",
                  "kind": "bowled"
                }
              ]
            }
          ]
        }
      ],
      "powerplays": [
        {
          "from": 0.1,
          "to": 5.7,
          "type": "mandatory"
        }
      ],
      "target": {
        "overs": 20,
        "runs": 124
      }
    }
  ]
}