{
  "meta": {
    "data_version": "1.0.0",
    "created": "2020-09-18",
    "revision": 2
  },
  "info": {
    "balls_per_over": 6,
    "city": "Kuwait City",
    "dates": [
      "2018-04-26"
    ],
    "event": {
      "name": "ICC World Twenty20 Asia Region Qualifier A",
      "match_number": 14
    },
    "gender": "male",
    "match_type": "IT20",
    "officials": {
      "match_referees": [
        "GF Labrooy"
      ],
      "reserve_umpires": [
        "Vinod Babu"
      ],
      "umpires": [
        "Iftikhar Ali",
        "Imran Mustafa"
      ]
    },
    "outcome": {
      "winner": "Qatar",
      "by": {
        "wickets": 5
      }
    },
    "overs": 20,
    "player_of_match": [
      "Zaheer Ibrahim"
    ],
    "players": {
      "Bahrain": [
        "Sikder Billah",
        "Fiaz Ahmed",
        "Shahbaz Badar",
        "Mohammed Sameer",
        "P Kurup",
        "Yasser Nazir",
        "Imran Anwar",
        "Shahid Mahmood",
        "Zeeshan Abbas",
        "Bilal Mansoor",
        "Waseeq Ahmed"
      ],
      "Qatar": [
        "Faisal Javed",
        "Inam-ul-Haq",
        "Tamoor Sajjad",
        "Kamran Khan",
        "Zaheer Ibrahim",
        "Mohammed Awais",
        "Khurram Shahzad",
        "Nouman Sarwar",
        "Mohammed Nadeem",
        "Iqbal Hussain",
        "Mohammad Rizlan"
      ]
    },
    "registry": {
      "people": {
        "Bilal Mansoor": "4b69776c",
        "Faisal Javed": "b0ef0346",
        "Fiaz Ahmed": "df1f2f29",
        "GF Labrooy": "8e088dbc",
        "Iftikhar Ali": "fc537391",
        "Imran Anwar": "a9a18e3e",
        "Imran Mustafa": "f11bc2ff",
        "Inam-ul-Haq": "15c766c3",
        "Iqbal Hussain": "b9fd3959",
        "Kamran Khan": "922e3dcc",
        "Khurram Shahzad": "85b0ccd1",
        "Mohammad Rizlan": "82afc034",
        "Mohammed Awais": "34b8b1b5",
        "Mohammed Nadeem": "856cbb1e",
        "Mohammed Sameer": "e6409ae1",
        "Nouman Sarwar": "6adabee6",
        "P Kurup": "50ceaef6",
        "Shahbaz Badar": "23eedcd3",
        "Shahid Mahmood": "37753749",
        "Sikder Billah": "aa76333b",
        "Tamoor Sajjad": "7bb926a7",
        "Vinod Babu": "37e6187d",
        "Waseeq Ahmed": "a7d6c101",
        "Yasser Nazir": "ccceaca9",
        "Zaheer Ibrahim": "d754fde8",
        "Zeeshan Abbas": "328cca93"
      }
    },
    "season": "2018",
    "team_type": "international",
    "teams": [
      "Bahrain",
      "Qatar"
    ],
    "toss": {
      "decision": "field",
      "winner": "Qatar"
    },
    "venue": "Sulabiya Ground"
  },
  "innings": [
    {
      "team": "Bahrain",
      "overs": [
        {
          "over": 0,
          "deliveries": [
            {
              "batter": "Sikder Billah",
              "bowler": "Tamoor Sajjad",
              "non_striker": "Fiaz Ahmed",
              "runs": {
                "batter": 1,
                "extras": 0,
                "total": 1
              }
            },
            {
              "batter": "Fiaz Ahmed",
              "bowler": "Tamoor Sajjad",
              "non_striker": "Sikder Billah",
              "runs": {
                "batter": 1,
                "extras": 0,
                "total": 1
              }
            },
            {
              "batter": "Sikder Billah",
              "bowler": "Tamoor Sajjad",
              "non_striker": "Fiaz Ahmed",
              "runs": {
                "batter": 0,
                "extras": 0,
                "total": 0
              }
            },
            {
              "batter": "Sikder Billah",
              "bowler": "Tamoor Sajjad",
              "non_striker": "Fiaz Ahmed",
              "runs": {
                "batter": 4,
                "extras": 0,
                "total": 4
              }
            },
            {
              "batter": "Sikder Billah",
              "bowler": "Tamoor Sajjad",
              "non_striker": "Fiaz Ahmed",
              "runs": {
                "batter": 0,
                "extras": 0,
                "total": 0
              }
            },
            {
              "batter": "Sikder Billah",
              "bowler": "Tamoor Sajjad",
              "non_striker": "Fiaz Ahmed",
              "runs": {
                "batter": 0,
                "extras": 0,
                "total": 0
              },
              "wickets": [
                {
                  "player_out": "Sikder Billah",
                  "kind": "bowled"
                }
              ]
            }
          ]
        },
        {
          "over": 1,
          "deliveries": [
            {
              "batter": "Fiaz Ahmed",
              "bowler": "Mohammed Awais",
              "non_striker": "Shahbaz Badar",
              "runs": {
                "batter": 0,
                "extras": 0,
                "total": 0
              }
            },
            {
              "batter": "Fiaz Ahmed",
              "bowler": "Mohammed Awais",
              "non_striker": "Shahbaz Badar",
              "runs": {
                "batter": 4,
                "extras": 0,
                "total": 4
              }
            },
            {
              "batter": "Fiaz Ahmed",
              "bowler": "Mohammed Awais",
              "non_striker": "Shahbaz Badar",
              "runs": {
                "batter": 0,
                "extras": 0,
                "total": 0
              }
            },
            {
              "batter": "Fiaz Ahmed",
              "bowler": "Mohammed Awais",
              "non_striker": "Shahbaz Badar",
              "runs": {
                "batter": 0,
                "extras": 0,
                "total": 0
              }
            },
            {
              "batter": "Fiaz Ahmed",
              "bowler": "Mohammed Awais",
              "non_striker": "Shahbaz Badar",
              "runs": {
                "batter": 1,
                "extras": 0,
                "total": 1
              }
            },
            {
              "batter": "Shahbaz Badar",
              "bowler": "Mohammed Awais",
              "non_striker": "Fiaz Ahmed",
              "runs": {
                "batter": 0,
                "extras": 0,
                "total": 0
              }
            }
          ]
        },
        {
          "over": 2,
          "deliveries": [
            {
              "batter": "Fiaz Ahmed",
              "bowler": "Tamoor Sajjad",
              "non_striker": "Shahbaz Badar",
              "runs": {
                "batter": 0,
                "extras": 0,
                "total": 0
              }
            },
            {
              "batter": "Fiaz Ahmed",
              "bowler": "Tamoor Sajjad",
              "non_striker": "Shahbaz Badar",
              "runs": {
                "batter": 1,
                "extras": 0,
                "total": 1
              }
            },
            {
              "batter": "Shahbaz Badar",
              "bowler": "Tamoor Sajjad",
              "non_striker": "Fiaz Ahmed",
              "runs": {
                "batter": 0,
                "extras": 0,
                "total": 0
              },
              "wickets": [
                {
                  "player_out": "Shahbaz Badar",
                  "fielders": [
                    {
                      "name": "Kamran Khan"
                    }
                  ],
                  "kind": "caught"
                }
              ]
            },
            {
              "batter": "Mohammed Sameer",
              "bowler": "Tamoor Sajjad",
              "non_striker": "Fiaz Ahmed",
              "runs": {
                "batter": 0,
                "extras": 0,
                "total": 0
              }
            },
            {
              "batter": "Mohammed Sameer",
              "bowler": "Tamoor Sajjad",
              "non_striker": "Fiaz Ahmed",
              "runs": {
                "batter": 0,
                "extras": 0,
                "total": 0
              }
            },
            {
              "batter": "Mohammed Sameer",
              "bowler": "Tamoor Sajjad",
              "non_striker": "Fiaz Ahmed",
              "runs": {
                "batter": 0,
                "extras": 0,
                "total": 0
              }
            }
          ]
        },
        {
          "over": 3,
          "deliveries": [
            {
              "batter": "Fiaz Ahmed",
              "bowler": "Mohammed Awais",
              "non_striker": "Mohammed Sameer",
              "runs": {
                "batter": 2,
                "extras": 0,
                "total": 2
              }
            },
            {
              "batter": "Fiaz Ahmed",
              "bowler": "Mohammed Awais",
              "non_striker": "Mohammed Sameer",
              "runs": {
                "batter": 1,
                "extras": 0,
                "total": 1
              }
            },
            {
              "batter": "Mohammed Sameer",
              "bowler": "Mohammed Awais",
              "non_striker": "Fiaz Ahmed",
              "runs": {
                "batter": 4,
                "extras": 0,
                "total": 4
              }
            },
            {
              "batter": "Mohammed Sameer",
              "bowler": "Mohammed Awais",
              "non_striker": "Fiaz Ahmed",
              "runs": {
                "batter": 0,
                "extras": 0,
                "total": 0
              }
            },
            {
              "batter": "Mohammed Sameer",
              "bowler": "Mohammed Awais",
              "non_striker": "Fiaz Ahmed",
              "runs": {
                "batter": 0,
                "extras": 0,
                "total": 0
              }
            },
            {
              "batter": "Mohammed Sameer",
              "bowler": "Mohammed Awais",
              "non_striker": "Fiaz Ahmed",
              "runs": {
                "batter": 1,
                "extras": 0,
                "total": 1
              }
            }
          ]
        },
        {
          "over": 4,
          "deliveries": [
            {
              "batter": "Mohammed Sameer",
              "bowler": "Tamoor Sajjad",
              "non_striker": "Fiaz Ahmed",
              "runs": {
                "batter": 0,
                "extras": 0,
                "total": 0
              }
            },
            {
              "batter": "Mohammed Sameer",
              "bowler": "Tamoor Sajjad",
              "non_striker": "Fiaz Ahmed",
              "runs": {
                "batter": 0,
                "extras": 0,
                "total": 0
              }
            },
            {
              "batter": "Mohammed Sameer",
              "bowler": "Tamoor Sajjad",
              "non_striker": "Fiaz Ahmed",
              "runs": {
                "batter": 1,
                "extras": 0,
                "total": 1
              }
            },
            {
              "batter": "Fiaz Ahmed",
              "bowler": "Tamoor Sajjad",
              "non_striker": "Mohammed Sameer",
              "runs": {
                "batter": 0,
                "extras": 0,
                "total": 0
              }
            },
            {
              "batter": "Fiaz Ahmed",
              "bowler": "Tamoor Sajjad",
              "non_striker": "Mohammed Sameer",
              "runs": {
                "batter": 1,
                "extras": 0,
                "total": 1
              }
            },
            {
              "batter": "Mohammed Sameer",
              "bowler": "Tamoor Sajjad",
              "non_striker": "Fiaz Ahmed",
              "runs": {
                "batter": 0,
                "extras": 0,
                "total": 0
              }
            }
          ]
        },
        {
          "over": 5,
          "deliveries": [
            {
              "batter": "Fiaz Ahmed",
              "bowler": "Mohammed Nadeem",
              "non_striker": "Mohammed Sameer",
              "runs": {
                "batter": 0,
                "extras": 0,
                "total": 0
              },
              "wickets": [
                {
                  "player_out": "Fiaz Ahmed",
                  "fielders": [
                    {
                      "name": "Mohammad Rizlan"
                    }
                  ],
                  "kind": "stumped"
                }
              ]
            },
            {
              "batter": "P Kurup",
              "bowler": "Mohammed Nadeem",
              "non_striker": "Mohammed Sameer",
              "runs": {
                "batter": 0,
                "extras": 0,
                "total": 0
              }
            },
            {
              "batter": "P Kurup",
              "bowler": "Mohammed Nadeem",
              "non_striker": "Mohammed Sameer",
              "runs": {
                "batter": 0,
                "extras": 0,
                "total": 0
              }
            },
            {
              "batter": "P Kurup",
              "bowler": "Mohammed Nadeem",
              "non_striker": "Mohammed Sameer",
              "runs": {
                "batter": 0,
                "extras": 0,
                "total": 0
              }
            },
            {
              "batter": "P Kurup",
              "bowler": "Mohammed Nadeem",
              "non_striker": "Mohammed Sameer",
              "runs": {
                "batter": 6,
                "extras": 0,
                "total": 6
              }
            },
            {
              "batter": "P Kurup",
              "bowler": "Mohammed Nadeem",
              "non_striker": "Mohammed Sameer",
              "runs": {
                "batter": 0,
                "extras": 0,
                "total": 0
              }
            }
          ]
        },
        {
          "over": 6,
          "deliveries": [
            {
              "batter": "Mohammed Sameer",
              "bowler": "Tamoor Sajjad",
              "non_striker": "P Kurup",
              "runs": {
                "batter": 0,
                "extras": 0,
                "total": 0
              }
            },
            {
              "batter": "Mohammed Sameer",
              "bowler": "Tamoor Sajjad",
              "non_striker": "P Kurup",
              "runs": {
                "batter": 0,
                "extras": 0,
                "total": 0
              }
            },
            {
              "batter": "Mohammed Sameer",
              "bowler": "Tamoor Sajjad",
              "non_striker": "P Kurup",
              "runs": {
                "batter": 0,
                "extras": 0,
                "total": 0
              }
            },
            {
              "batter": "Mohammed Sameer",
              "bowler": "Tamoor Sajjad",
              "non_striker": "P Kurup",
              "runs": {
                "batter": 0,
                "extras": 0,
                "total": 0
              }
            },
            {
              "batter": "Mohammed Sameer",
              "bowler": "Tamoor Sajjad",
              "non_striker": "P Kurup",
              "runs": {
                "batter": 0,
                "extras": 0,
                "total": 0
              }
            },
            {
              "batter": "Mohammed Sameer",
              "bowler": "Tamoor Sajjad",
              "non_striker": "P Kurup",
              "runs": {
                "batter": 0,
                "extras": 0,
                "total": 0
              }
            }
          ]
        },
        {
          "over": 7,
          "deliveries": [
            {
              "batter": "P Kurup",
              "bowler": "Mohammed Nadeem",
              "non_striker": "Mohammed Sameer",
              "runs": {
                "batter": 1,
                "extras": 0,
                "total": 1
              }
            },
            {
              "batter": "Mohammed Sameer",
              "bowler": "Mohammed Nadeem",
              "non_striker": "P Kurup",
              "runs": {
                "batter": 0,
                "extras": 0,
                "total": 0
              }
            },
            {
              "batter": "Mohammed Sameer",
              "bowler": "Mohammed Nadeem",
              "non_striker": "P Kurup",
              "runs": {
                "batter": 1,
                "extras": 0,
                "total": 1
              }
            },
            {
              "batter": "P Kurup",
              "bowler": "Mohammed Nadeem",
              "non_striker": "Mohammed Sameer",
              "runs": {
                "batter": 1,
                "extras": 0,
                "total": 1
              }
            },
            {
              "batter": "Mohammed Sameer",
              "bowler": "Mohammed Nadeem",
              "non_striker": "P Kurup",
              "runs": {
                "batter": 1,
                "extras": 0,
                "total": 1
              }
            },
            {
              "batter": "P Kurup",
              "bowler": "Mohammed Nadeem",
              "non_striker": "Mohammed Sameer",
              "runs": {
                "batter": 1,
                "extras": 0,
                "total": 1
              }
            }
          ]
        },
        {
          "over": 8,
          "deliveries": [
            {
              "batter": "P Kurup",
              "bowler": "Inam-ul-Haq",
              "extras": {
                "wides": 1
              },
              "non_striker": "Mohammed Sameer",
              "runs": {
                "batter": 0,
                "extras": 1,
                "total": 1
              }
            },
            {
              "batter": "P Kurup",
              "bowler": "Inam-ul-Haq",
              "non_striker": "Mohammed Sameer",
              "runs": {
                "batter": 1,
                "extras": 0,
                "total": 1
              }
            },
            {
              "batter": "Mohammed Sameer",
              "bowler": "Inam-ul-Haq",
              "extras": {
                "legbyes": 1
              },
              "non_striker": "P Kurup",
              "runs": {
                "batter": 0,
                "extras": 1,
                "total": 1
              }
            },
            {
              "batter": "P Kurup",
              "bowler": "Inam-ul-Haq",
              "non_striker": "Mohammed Sameer",
              "runs": {
                "batter": 1,
                "extras": 0,
                "total": 1
              }
            },
            {
              "batter": "Mohammed Sameer",
              "bowler": "Inam-ul-Haq",
              "non_striker": "P Kurup",
              "runs": {
                "batter": 0,
                "extras": 0,
                "total": 0
              }
            },
            {
              "batter": "Mohammed Sameer",
              "bowler": "Inam-ul-Haq",
              "non_striker": "P Kurup",
              "runs": {
                "batter": 1,
                "extras": 0,
                "total": 1
              }
            },
            {
              "batter": "P Kurup",
              "bowler": "Inam-ul-Haq",
              "non_striker": "Mohammed Sameer",
              "runs": {
                "batter": 1,
                "extras": 0,
                "total": 1
              }
            }
          ]
        },
        {
          "over": 9,
          "deliveries": [
            {
              "batter": "P Kurup",
              "bowler": "Mohammed Nadeem",
              "non_striker": "Mohammed Sameer",
              "runs": {
                "batter": 0,
                "extras": 0,
                "total": 0
              }
            },
            {
              "batter": "P Kurup",
              "bowler": "Mohammed Nadeem",
              "non_striker": "Mohammed Sameer",
              "runs": {
                "batter": 0,
                "extras": 0,
                "total": 0
              }
            },
            {
              "batter": "P Kurup",
              "bowler": "Mohammed Nadeem",
              "non_striker": "Mohammed Sameer",
              "runs": {
                "batter": 1,
                "extras": 0,
                "total": 1
              }
            },
            {
              "batter": "Mohammed Sameer",
              "bowler": "Mohammed Nadeem",
              "non_striker": "P Kurup",
              "runs": {
                "batter": 0,
                "extras": 0,
                "total": 0
              }
            },
            {
              "batter": "Mohammed Sameer",
              "bowler": "Mohammed Nadeem",
              "non_striker": "P Kurup",
              "runs": {
                "batter": 1,
                "extras": 0,
                "total": 1
              }
            },
            {
              "batter": "P Kurup",
              "bowler": "Mohammed Nadeem",
              "non_striker": "Mohammed Sameer",
              "runs": {
                "batter": 1,
                "extras": 0,
                "total": 1
              }
            }
          ]
        },
        {
          "over": 10,
          "deliveries": [
            {
              "batter": "P Kurup",
              "bowler": "Inam-ul-Haq",
              "non_striker": "Mohammed Sameer",
              "runs": {
                "batter": 1,
                "extras": 0,
                "total": 1
              }
            },
            {
              "batter": "Mohammed Sameer",
              "bowler": "Inam-ul-Haq",
              "non_striker": "P Kurup",
              "runs": {
                "batter": 0,
                "extras": 0,
                "total": 0
              }
            },
            {
              "batter": "Mohammed Sameer",
              "bowler": "Inam-ul-Haq",
              "non_striker": "P Kurup",
              "runs": {
                "batter": 0,
                "extras": 0,
                "total": 0
              }
            },
            {
              "batter": "Mohammed Sameer",
              "bowler": "Inam-ul-Haq",
              "non_striker": "P Kurup",
              "runs": {
                "batter": 0,
                "extras": 0,
                "total": 0
              }
            },
            {
              "batter": "Mohammed Sameer",
              "bowler": "Inam-ul-Haq",
              "non_striker": "P Kurup",
              "runs": {
                "batter": 0,
                "extras": 0,
                "total": 0
              }
            },
            {
              "batter": "Mohammed Sameer",
              "bowler": "Inam-ul-Haq",
              "non_striker": "P Kurup",
              "runs": {
                "batter": 6,
                "extras": 0,
                "total": 6
              }
            }
          ]
        },
        {
          "over": 11,
          "deliveries": [
            {
              "batter": "P Kurup",
              "bowler": "Mohammed Nadeem",
              "non_striker": "Mohammed Sameer",
              "runs": {
                "batter": 0,
                "extras": 0,
                "total": 0
              },
              "wickets": [
                {
                  "player_out": "P Kurup",
                  "kind": "run out"
                }
              ]
            },
            {
              "batter": "Yasser Nazir",
              "bowler": "Mohammed Nadeem",
              "non_striker": "Mohammed Sameer",
              "runs": {
                "batter": 1,
                "extras": 0,
                "total": 1
              }
            },
            {
              "batter": "Mohammed Sameer",
              "bowler": "Mohammed Nadeem",
              "non_striker": "Yasser Nazir",
              "runs": {
                "batter": 1,
                "extras": 0,
                "total": 1
              }
            },
            {
              "batter": "Yasser Nazir",
              "bowler": "Mohammed Nadeem",
              "non_striker": "Mohammed Sameer",
              "runs": {
                "batter": 0,
                "extras": 0,
                "total": 0
              }
            },
            {
              "batter": "Yasser Nazir",
              "bowler": "Mohammed Nadeem",
              "non_striker": "Mohammed Sameer",
              "runs": {
                "batter": 0,
                "extras": 0,
                "total": 0
              }
            },
            {
              "batter": "Yasser Nazir",
              "bowler": "Mohammed Nadeem",
              "non_striker": "Mohammed Sameer",
              "runs": {
                "batter": 1,
                "extras": 0,
                "total": 1
              }
            }
          ]
        },
        {
          "over": 12,
          "deliveries": [
            {
              "batter": "Yasser Nazir",
              "bowler": "Inam-ul-Haq",
              "non_striker": "Mohammed Sameer",
              "runs": {
                "batter": 0,
                "extras": 0,
                "total": 0
              }
            },
            {
              "batter": "Yasser Nazir",
              "bowler": "Inam-ul-Haq",
              "non_striker": "Mohammed Sameer",
              "runs": {
                "batter": 0,
                "extras": 0,
                "total": 0
              }
            },
            {
              "batter": "Yasser Nazir",
              "bowler": "Inam-ul-Haq",
              "non_striker": "Mohammed Sameer",
              "runs": {
                "batter": 0,
                "extras": 0,
                "total": 0
              }
            },
            {
              "batter": "Yasser Nazir",
              "bowler": "Inam-ul-Haq",
              "non_striker": "Mohammed Sameer",
              "runs": {
                "batter": 1,
                "extras": 0,
                "total": 1
              }
            },
            {
              "batter": "Mohammed Sameer",
              "bowler": "Inam-ul-Haq",
              "non_striker": "Yasser Nazir",
              "runs": {
                "batter": 0,
                "extras": 0,
                "total": 0
              }
            },
            {
              "batter": "Mohammed Sameer",
              "bowler": "Inam-ul-Haq",
              "non_striker": "Yasser Nazir",
              "runs": {
                "batter": 0,
                "extras": 0,
                "total": 0
              }
            }
          ]
        },
        {
          "over": 13,
          "deliveries": [
            {
              "batter": "Yasser Nazir",
              "bowler": "Iqbal Hussain",
              "non_striker": "Mohammed Sameer",
              "runs": {
                "batter": 0,
                "extras": 0,
                "total": 0
              }
            },
            {
              "batter": "Yasser Nazir",
              "bowler": "Iqbal Hussain",
              "non_striker": "Mohammed Sameer",
              "runs": {
                "batter": 0,
                "extras": 0,
                "total": 0
              }
            },
            {
              "batter": "Yasser Nazir",
              "bowler": "Iqbal Hussain",
              "non_striker": "Mohammed Sameer",
              "runs": {
                "batter": 1,
                "extras": 0,
                "total": 1
              }
            },
            {
              "batter": "Mohammed Sameer",
              "bowler": "Iqbal Hussain",
              "non_striker": "Yasser Nazir",
              "runs": {
                "batter": 1,
                "extras": 0,
                "total": 1
              }
            },
            {
              "batter": "Yasser Nazir",
              "bowler": "Iqbal Hussain",
              "non_striker": "Mohammed Sameer",
              "runs": {
                "batter": 2,
                "extras": 0,
                "total": 2
              }
            },
            {
              "batter": "Yasser Nazir",
              "bowler": "Iqbal Hussain",
              "non_striker": "Mohammed Sameer",
              "runs": {
                "batter": 0,
                "extras": 0,
                "total": 0
              }
            }
          ]
        },
        {
          "over": 14,
          "deliveries": [
            {
              "batter": "Mohammed Sameer",
              "bowler": "Inam-ul-Haq",
              "non_striker": "Yasser Nazir",
              "runs": {
                "batter": 0,
                "extras": 0,
                "total": 0
              },
              "wickets": [
                {
                  "player_out": "Mohammed Sameer",
                  "kind": "bowled"
                }
              ]
            },
            {
              "batter": "Imran Anwar",
              "bowler": "Inam-ul-Haq",
              "non_striker": "Yasser Nazir",
              "runs": {
                "batter": 1,
                "extras": 0,
                "total": 1
              }
            },
            {
              "batter": "Yasser Nazir",
              "bowler": "Inam-ul-Haq",
              "non_striker": "Imran Anwar",
              "runs": {
                "batter": 1,
                "extras": 0,
                "total": 1
              }
            },
            {
              "batter": "Imran Anwar",
              "bowler": "Inam-ul-Haq",
              "non_striker": "Yasser Nazir",
              "runs": {
                "batter": 0,
                "extras": 0,
                "total": 0
              }
            },
            {
              "batter": "Imran Anwar",
              "bowler": "Inam-ul-Haq",
              "non_striker": "Yasser Nazir",
              "runs": {
                "batter": 0,
                "extras": 0,
                "total": 0
              }
            },
            {
              "batter": "Imran Anwar",
              "bowler": "Inam-ul-Haq",
              "non_striker": "Yasser Nazir",
              "runs": {
                "batter": 1,
                "extras": 0,
                "total": 1
              }
            }
          ]
        },
        {
          "over": 15,
          "deliveries": [
            {
              "batter": "Imran Anwar",
              "bowler": "Iqbal Hussain",
              "non_striker": "Yasser Nazir",
              "runs": {
                "batter": 0,
                "extras": 0,
                "total": 0
              }
            },
            {
              "batter": "Imran Anwar",
              "bowler": "Iqbal Hussain",
              "non_striker": "Yasser Nazir",
              "runs": {
                "batter": 1,
                "extras": 0,
                "total": 1
              }
            },
            {
              "batter": "Yasser Nazir",
              "bowler": "Iqbal Hussain",
              "non_striker": "Imran Anwar",
              "runs": {
                "batter": 1,
                "extras": 0,
                "total": 1
              }
            },
            {
              "batter": "Imran Anwar",
              "bowler": "Iqbal Hussain",
              "non_striker": "Yasser Nazir",
              "runs": {
                "batter": 0,
                "extras": 0,
                "total": 0
              }
            },
            {
              "batter": "Imran Anwar",
              "bowler": "Iqbal Hussain",
              "non_striker": "Yasser Nazir",
              "runs": {
                "batter": 1,
                "extras": 0,
                "total": 1
              }
            },
            {
              "batter": "Yasser Nazir",
              "bowler": "Iqbal Hussain",
              "non_striker": "Imran Anwar",
              "runs": {
                "batter": 0,
                "extras": 0,
                "total": 0
              }
            }
          ]
        },
        {
          "over": 16,
          "deliveries": [
            {
              "batter": "Imran Anwar",
              "bowler": "Mohammed Awais",
              "non_striker": "Yasser Nazir",
              "runs": {
                "batter": 1,
                "extras": 0,
                "total": 1
              }
            },
            {
              "batter": "Yasser Nazir",
              "bowler": "Mohammed Awais",
              "non_striker": "Imran Anwar",
              "runs": {
                "batter": 0,
                "extras": 0,
                "total": 0
              }
            },
            {
              "batter": "Yasser Nazir",
              "bowler": "Mohammed Awais",
              "non_striker": "Imran Anwar",
              "runs": {
                "batter": 1,
                "extras": 0,
                "total": 1
              }
            },
            {
              "batter": "Imran Anwar",
              "bowler": "Mohammed Awais",
              "non_striker": "Yasser Nazir",
              "runs": {
                "batter": 1,
                "extras": 0,
                "total": 1
              }
            },
            {
              "batter": "Yasser Nazir",
              "bowler": "Mohammed Awais",
              "non_striker": "Imran Anwar",
              "runs": {
                "batter": 4,
                "extras": 0,
                "total": 4
              }
            },
            {
              "batter": "Yasser Nazir",
              "bowler": "Mohammed Awais",
              "non_striker": "Imran Anwar",
              "runs": {
                "batter": 2,
                "extras": 0,
                "total": 2
              }
            }
          ]
        },
        {
          "over": 17,
          "deliveries": [
            {
              "batter": "Imran Anwar",
              "bowler": "Iqbal Hussain",
              "extras": {
                "wides": 1
              },
              "non_striker": "Yasser Nazir",
              "runs": {
                "batter": 0,
                "extras": 1,
                "total": 1
              }
            },
            {
              "batter": "Imran Anwar",
              "bowler": "Iqbal Hussain",
              "non_striker": "Yasser Nazir",
              "runs": {
                "batter": 6,
                "extras": 0,
                "total": 6
              }
            },
            {
              "batter": "Imran Anwar",
              "bowler": "Iqbal Hussain",
              "non_striker": "Yasser Nazir",
              "runs": {
                "batter": 1,
                "extras": 0,
                "total": 1
              }
            },
            {
              "batter": "Yasser Nazir",
              "bowler": "Iqbal Hussain",
              "non_striker": "Imran Anwar",
              "runs": {
                "batter": 1,
                "extras": 0,
                "total": 1
              }
            },
            {
              "batter": "Imran Anwar",
              "bowler": "Iqbal Hussain",
              "non_striker": "Yasser Nazir",
              "runs": {
                "batter": 6,
                "extras": 0,
                "total": 6
              }
            },
            {
              "batter": "Imran Anwar",
              "bowler": "Iqbal Hussain",
              "non_striker": "Yasser Nazir",
              "runs": {
                "batter": 1,
                "extras": 0,
                "total": 1
              }
            },
            {
              "batter": "Yasser Nazir",
              "bowler": "Iqbal Hussain",
              "non_striker": "Imran Anwar",
              "runs": {
                "batter": 1,
                "extras": 0,
                "total": 1
              }
            }
          ]
        },
        {
          "over": 18,
          "deliveries": [
            {
              "batter": "Yasser Nazir",
              "bowler": "Mohammed Awais",
              "non_striker": "Imran Anwar",
              "runs": {
                "batter": 1,
                "extras": 0,
                "total": 1
              }
            },
            {
              "batter": "Imran Anwar",
              "bowler": "Mohammed Awais",
              "non_striker": "Yasser Nazir",
              "runs": {
                "batter": 0,
                "extras": 0,
                "total": 0
              }
            },
            {
              "batter": "Imran Anwar",
              "bowler": "Mohammed Awais",
              "non_striker": "Yasser Nazir",
              "runs": {
                "batter": 0,
                "extras": 0,
                "total": 0
              },
              "wickets": [
                {
                  "player_out": "Imran Anwar",
                  "fielders": [
                    {
                      "name": "Khurram Shahzad"
                    }
                  ],
                  "kind": "caught"
                }
              ]
            },
            {
              "batter": "Yasser Nazir",
              "bowler": "Mohammed Awais",
              "non_striker": "Shahid Mahmood",
              "runs": {
                "batter": 0,
                "extras": 0,
                "total": 0
              },
              "wickets": [
                {
                  "player_out": "Yasser Nazir",
                  "kind": "bowled"
                }
              ]
            },
            {
              "batter": "Zeeshan Abbas",
              "bowler": "Mohammed Awais",
              "non_striker": "Shahid Mahmood",
              "runs": {
                "batter": 0,
                "extras": 0,
                "total": 0
              }
            },
            {
              "batter": "Zeeshan Abbas",
              "bowler": "Mohammed Awais",
              "non_striker": "Shahid Mahmood",
              "runs": {
                "batter": 0,
                "extras": 0,
                "total": 0
              },
              "wickets": [
                {
                  "player_out": "Zeeshan Abbas",
                  "kind": "bowled"
                }
              ]
            }
          ]
        },
        {
          "over": 19,
          "deliveries": [
            {
              "batter": "Shahid Mahmood",
              "bowler": "Iqbal Hussain",
              "non_striker": "Bilal Mansoor",
              "runs": {
                "batter": 1,
                "extras": 0,
                "total": 1
              }
            },
            {
              "batter": "Bilal Mansoor",
              "bowler": "Iqbal Hussain",
              "non_striker": "Shahid Mahmood",
              "runs": {
                "batter": 6,
                "extras": 0,
                "total": 6
              }
            },
            {
              "batter": "Bilal Mansoor",
              "bowler": "Iqbal Hussain",
              "non_striker": "Shahid Mahmood",
              "runs": {
                "batter": 6,
                "extras": 0,
                "total": 6
              }
            },
            {
              "batter": "Bilal Mansoor",
              "bowler": "Iqbal Hussain",
              "non_striker": "Shahid Mahmood",
              "runs": {
                "batter": 6,
                "extras": 0,
                "total": 6
              }
            },
            {
              "batter": "Bilal Mansoor",
              "bowler": "Iqbal Hussain",
              "non_striker": "Shahid Mahmood",
              "runs": {
                "batter": 0,
                "extras": 0,
                "total": 0
              }
            },
            {
              "batter": "Bilal Mansoor",
              "bowler": "Iqbal Hussain",
              "extras": {
                "wides": 1
              },
              "non_striker": "Shahid Mahmood",
              "runs": {
                "batter": 0,
                "extras": 1,
                "total": 1
              }
            },
            {
              "batter": "Bilal Mansoor",
              "bowler": "Iqbal Hussain",
              "non_striker": "Shahid Mahmood",
              "runs": {
                "batter": 2,
                "extras": 0,
                "total": 2
              }
            }
          ]
        }
      ],
      "powerplays": [
        {
          "from": 0.1,
          "to": 5.6,
          "type": "mandatory"
        }
      ]
    },
    {
      "team": "Qatar",
      "overs": [
        {
          "over": 0,
          "deliveries": [
            {
              "batter": "Faisal Javed",
              "bowler": "Bilal Mansoor",
              "non_striker": "Inam-ul-Haq",
              "runs": {
                "batter": 0,
                "extras": 0,
                "total": 0
              }
            },
            {
              "batter": "Faisal Javed",
              "bowler": "Bilal Mansoor",
              "extras": {
                "wides": 1
              },
              "non_striker": "Inam-ul-Haq",
              "runs": {
                "batter": 0,
                "extras": 1,
                "total": 1
              }
            },
            {
              "batter": "Faisal Javed",
              "bowler": "Bilal Mansoor",
              "extras": {
                "wides": 5
              },
              "non_striker": "Inam-ul-Haq",
              "runs": {
                "batter": 0,
                "extras": 5,
                "total": 5
              }
            },
            {
              "batter": "Faisal Javed",
              "bowler": "Bilal Mansoor",
              "non_striker": "Inam-ul-Haq",
              "runs": {
                "batter": 1,
                "extras": 0,
                "total": 1
              }
            },
            {
              "batter": "Inam-ul-Haq",
              "bowler": "Bilal Mansoor",
              "non_striker": "Faisal Javed",
              "runs": {
                "batter": 0,
                "extras": 0,
                "total": 0
              }
            },
            {
              "batter": "Inam-ul-Haq",
              "bowler": "Bilal Mansoor",
              "extras": {
                "wides": 1
              },
              "non_striker": "Faisal Javed",
              "runs": {
                "batter": 0,
                "extras": 1,
                "total": 1
              }
            },
            {
              "batter": "Inam-ul-Haq",
              "bowler": "Bilal Mansoor",
              "extras": {
                "wides": 1
              },
              "non_striker": "Faisal Javed",
              "runs": {
                "batter": 0,
                "extras": 1,
                "total": 1
              }
            },
            {
              "batter": "Inam-ul-Haq",
              "bowler": "Bilal Mansoor",
              "extras": {
                "wides": 1
              },
              "non_striker": "Faisal Javed",
              "runs": {
                "batter": 0,
                "extras": 1,
                "total": 1
              }
            },
            {
              "batter": "Inam-ul-Haq",
              "bowler": "Bilal Mansoor",
              "non_striker": "Faisal Javed",
              "runs": {
                "batter": 1,
                "extras": 0,
                "total": 1
              }
            },
            {
              "batter": "Faisal Javed",
              "bowler": "Bilal Mansoor",
              "non_striker": "Inam-ul-Haq",
              "runs": {
                "batter": 0,
                "extras": 0,
                "total": 0
              }
            },
            {
              "batter": "Faisal Javed",
              "bowler": "Bilal Mansoor",
              "non_striker": "Inam-ul-Haq",
              "runs": {
                "batter": 0,
                "extras": 0,
                "total": 0
              }
            }
          ]
        },
        {
          "over": 1,
          "deliveries": [
            {
              "batter": "Inam-ul-Haq",
              "bowler": "Shahid Mahmood",
              "non_striker": "Faisal Javed",
              "runs": {
                "batter": 1,
                "extras": 0,
                "total": 1
              }
            },
            {
              "batter": "Faisal Javed",
              "bowler": "Shahid Mahmood",
              "non_striker": "Inam-ul-Haq",
              "runs": {
                "batter": 6,
                "extras": 0,
                "total": 6
              }
            },
            {
              "batter": "Faisal Javed",
              "bowler": "Shahid Mahmood",
              "extras": {
                "legbyes": 4
              },
              "non_striker": "Inam-ul-Haq",
              "runs": {
                "batter": 0,
                "extras": 4,
                "total": 4
              }
            },
            {
              "batter": "Faisal Javed",
              "bowler": "Shahid Mahmood",
              "non_striker": "Inam-ul-Haq",
              "runs": {
                "batter": 0,
                "extras": 0,
                "total": 0
              }
            },
            {
              "batter": "Faisal Javed",
              "bowler": "Shahid Mahmood",
              "extras": {
                "wides": 1
              },
              "non_striker": "Inam-ul-Haq",
              "runs": {
                "batter": 0,
                "extras": 1,
                "total": 1
              }
            },
            {
              "batter": "Faisal Javed",
              "bowler": "Shahid Mahmood",
              "non_striker": "Inam-ul-Haq",
              "runs": {
                "batter": 0,
                "extras": 0,
                "total": 0
              },
              "wickets": [
                {
                  "fielders": [
                    {
                      "name": "Fiaz Ahmed"
                    }
                  ],
                  "player_out": "Faisal Javed",
                  "kind": "caught"
                }
              ]
            },
            {
              "batter": "Tamoor Sajjad",
              "bowler": "Shahid Mahmood",
              "non_striker": "Inam-ul-Haq",
              "runs": {
                "batter": 1,
                "extras": 0,
                "total": 1
              }
            }
          ]
        },
        {
          "over": 2,
          "deliveries": [
            {
              "batter": "Tamoor Sajjad",
              "bowler": "Zeeshan Abbas",
              "non_striker": "Inam-ul-Haq",
              "runs": {
                "batter": 0,
                "extras": 0,
                "total": 0
              }
            },
            {
              "batter": "Tamoor Sajjad",
              "bowler": "Zeeshan Abbas",
              "non_striker": "Inam-ul-Haq",
              "runs": {
                "batter": 4,
                "extras": 0,
                "total": 4
              }
            },
            {
              "batter": "Tamoor Sajjad",
              "bowler": "Zeeshan Abbas",
              "non_striker": "Inam-ul-Haq",
              "runs": {
                "batter": 0,
                "extras": 0,
                "total": 0
              }
            },
            {
              "batter": "Tamoor Sajjad",
              "bowler": "Zeeshan Abbas",
              "non_striker": "Inam-ul-Haq",
              "runs": {
                "batter": 0,
                "extras": 0,
                "total": 0
              }
            },
            {
              "batter": "Tamoor Sajjad",
              "bowler": "Zeeshan Abbas",
              "non_striker": "Inam-ul-Haq",
              "runs": {
                "batter": 0,
                "extras": 0,
                "total": 0
              }
            },
            {
              "batter": "Tamoor Sajjad",
              "bowler": "Zeeshan Abbas",
              "non_striker": "Inam-ul-Haq",
              "runs": {
                "batter": 0,
                "extras": 0,
                "total": 0
              }
            }
          ]
        },
        {
          "over": 3,
          "deliveries": [
            {
              "batter": "Inam-ul-Haq",
              "bowler": "Shahid Mahmood",
              "non_striker": "Tamoor Sajjad",
              "runs": {
                "batter": 0,
                "extras": 0,
                "total": 0
              }
            },
            {
              "batter": "Inam-ul-Haq",
              "bowler": "Shahid Mahmood",
              "non_striker": "Tamoor Sajjad",
              "runs": {
                "batter": 0,
                "extras": 0,
                "total": 0
              }
            },
            {
              "batter": "Inam-ul-Haq",
              "bowler": "Shahid Mahmood",
              "non_striker": "Tamoor Sajjad",
              "runs": {
                "batter": 2,
                "extras": 0,
                "total": 2
              }
            },
            {
              "batter": "Inam-ul-Haq",
              "bowler": "Shahid Mahmood",
              "non_striker": "Tamoor Sajjad",
              "runs": {
                "batter": 6,
                "extras": 0,
                "total": 6
              }
            },
            {
              "batter": "Inam-ul-Haq",
              "bowler": "Shahid Mahmood",
              "non_striker": "Tamoor Sajjad",
              "runs": {
                "batter": 6,
                "extras": 0,
                "total": 6
              }
            },
            {
              "batter": "Inam-ul-Haq",
              "bowler": "Shahid Mahmood",
              "non_striker": "Tamoor Sajjad",
              "runs": {
                "batter": 0,
                "extras": 0,
                "total": 0
              },
              "wickets": [
                {
                  "player_out": "Inam-ul-Haq",
                  "kind": "run out"
                }
              ]
            }
          ]
        },
        {
          "over": 4,
          "deliveries": [
            {
              "batter": "Kamran Khan",
              "bowler": "Zeeshan Abbas",
              "non_striker": "Tamoor Sajjad",
              "runs": {
                "batter": 4,
                "extras": 0,
                "total": 4
              }
            },
            {
              "batter": "Kamran Khan",
              "bowler": "Zeeshan Abbas",
              "non_striker": "Tamoor Sajjad",
              "runs": {
                "batter": 0,
                "extras": 0,
                "total": 0
              }
            },
            {
              "batter": "Kamran Khan",
              "bowler": "Zeeshan Abbas",
              "non_striker": "Tamoor Sajjad",
              "runs": {
                "batter": 0,
                "extras": 0,
                "total": 0
              }
            },
            {
              "batter": "Kamran Khan",
              "bowler": "Zeeshan Abbas",
              "non_striker": "Tamoor Sajjad",
              "runs": {
                "batter": 1,
                "extras": 0,
                "total": 1
              }
            },
            {
              "batter": "Tamoor Sajjad",
              "bowler": "Zeeshan Abbas",
              "non_striker": "Kamran Khan",
              "runs": {
                "batter": 0,
                "extras": 0,
                "total": 0
              }
            },
            {
              "batter": "Tamoor Sajjad",
              "bowler": "Zeeshan Abbas",
              "non_striker": "Kamran Khan",
              "runs": {
                "batter": 0,
                "extras": 0,
                "total": 0
              },
              "wickets": [
                {
                  "player_out": "Tamoor Sajjad",
                  "fielders": [
                    {
                      "name": "Sikder Billah"
                    }
                  ],
                  "kind": "caught"
                }
              ]
            }
          ]
        },
        {
          "over": 5,
          "deliveries": [
            {
              "batter": "Kamran Khan",
              "bowler": "Imran Anwar",
              "non_striker": "Zaheer Ibrahim",
              "runs": {
                "batter": 1,
                "extras": 0,
                "total": 1
              }
            },
            {
              "batter": "Zaheer Ibrahim",
              "bowler": "Imran Anwar",
              "non_striker": "Kamran Khan",
              "runs": {
                "batter": 4,
                "extras": 0,
                "total": 4
              }
            },
            {
              "batter": "Zaheer Ibrahim",
              "bowler": "Imran Anwar",
              "non_striker": "Kamran Khan",
              "runs": {
                "batter": 0,
                "extras": 0,
                "total": 0
              }
            },
            {
              "batter": "Zaheer Ibrahim",
              "bowler": "Imran Anwar",
              "non_striker": "Kamran Khan",
              "runs": {
                "batter": 0,
                "extras": 0,
                "total": 0
              }
            },
            {
              "batter": "Zaheer Ibrahim",
              "bowler": "Imran Anwar",
              "non_striker": "Kamran Khan",
              "runs": {
                "batter": 4,
                "extras": 0,
                "total": 4
              }
            },
            {
              "batter": "Zaheer Ibrahim",
              "bowler": "Imran Anwar",
              "non_striker": "Kamran Khan",
              "runs": {
                "batter": 0,
                "extras": 0,
                "total": 0
              }
            }
          ]
        },
        {
          "over": 6,
          "deliveries": [
            {
              "batter": "Kamran Khan",
              "bowler": "Zeeshan Abbas",
              "non_striker": "Zaheer Ibrahim",
              "runs": {
                "batter": 1,
                "extras": 0,
                "total": 1
              }
            },
            {
              "batter": "Zaheer Ibrahim",
              "bowler": "Zeeshan Abbas",
              "non_striker": "Kamran Khan",
              "runs": {
                "batter": 0,
                "extras": 0,
                "total": 0
              }
            },
            {
              "batter": "Zaheer Ibrahim",
              "bowler": "Zeeshan Abbas",
              "non_striker": "Kamran Khan",
              "runs": {
                "batter": 1,
                "extras": 0,
                "total": 1
              }
            },
            {
              "batter": "Kamran Khan",
              "bowler": "Zeeshan Abbas",
              "non_striker": "Zaheer Ibrahim",
              "runs": {
                "batter": 0,
                "extras": 0,
                "total": 0
              }
            },
            {
              "batter": "Kamran Khan",
              "bowler": "Zeeshan Abbas",
              "non_striker": "Zaheer Ibrahim",
              "runs": {
                "batter": 2,
                "extras": 0,
                "total": 2
              }
            },
            {
              "batter": "Kamran Khan",
              "bowler": "Zeeshan Abbas",
              "non_striker": "Zaheer Ibrahim",
              "runs": {
                "batter": 1,
                "extras": 0,
                "total": 1
              }
            }
          ]
        },
        {
          "over": 7,
          "deliveries": [
            {
              "batter": "Kamran Khan",
              "bowler": "Waseeq Ahmed",
              "non_striker": "Zaheer Ibrahim",
              "runs": {
                "batter": 1,
                "extras": 0,
                "total": 1
              }
            },
            {
              "batter": "Zaheer Ibrahim",
              "bowler": "Waseeq Ahmed",
              "non_striker": "Kamran Khan",
              "runs": {
                "batter": 1,
                "extras": 0,
                "total": 1
              }
            },
            {
              "batter": "Kamran Khan",
              "bowler": "Waseeq Ahmed",
              "non_striker": "Zaheer Ibrahim",
              "runs": {
                "batter": 4,
                "extras": 0,
                "total": 4
              }
            },
            {
              "batter": "Kamran Khan",
              "bowler": "Waseeq Ahmed",
              "non_striker": "Zaheer Ibrahim",
              "runs": {
                "batter": 1,
                "extras": 0,
                "total": 1
              }
            },
            {
              "batter": "Zaheer Ibrahim",
              "bowler": "Waseeq Ahmed",
              "non_striker": "Kamran Khan",
              "runs": {
                "batter": 1,
                "extras": 0,
                "total": 1
              }
            },
            {
              "batter": "Kamran Khan",
              "bowler": "Waseeq Ahmed",
              "non_striker": "Zaheer Ibrahim",
              "runs": {
                "batter": 0,
                "extras": 0,
                "total": 0
              }
            }
          ]
        },
        {
          "over": 8,
          "deliveries": [
            {
              "batter": "Zaheer Ibrahim",
              "bowler": "Zeeshan Abbas",
              "non_striker": "Kamran Khan",
              "runs": {
                "batter": 2,
                "extras": 0,
                "total": 2
              }
            },
            {
              "batter": "Zaheer Ibrahim",
              "bowler": "Zeeshan Abbas",
              "non_striker": "Kamran Khan",
              "runs": {
                "batter": 0,
                "extras": 0,
                "total": 0
              }
            },
            {
              "batter": "Zaheer Ibrahim",
              "bowler": "Zeeshan Abbas",
              "non_striker": "Kamran Khan",
              "runs": {
                "batter": 6,
                "extras": 0,
                "total": 6
              }
            },
            {
              "batter": "Zaheer Ibrahim",
              "bowler": "Zeeshan Abbas",
              "non_striker": "Kamran Khan",
              "runs": {
                "batter": 0,
                "extras": 0,
                "total": 0
              }
            },
            {
              "batter": "Zaheer Ibrahim",
              "bowler": "Zeeshan Abbas",
              "non_striker": "Kamran Khan",
              "runs": {
                "batter": 2,
                "extras": 0,
                "total": 2
              }
            },
            {
              "batter": "Zaheer Ibrahim",
              "bowler": "Zeeshan Abbas",
              "non_striker": "Kamran Khan",
              "runs": {
                "batter": 0,
                "extras": 0,
                "total": 0
              }
            }
          ]
        },
        {
          "over": 9,
          "deliveries": [
            {
              "batter": "Kamran Khan",
              "bowler": "Waseeq Ahmed",
              "non_striker": "Zaheer Ibrahim",
              "runs": {
                "batter": 0,
                "extras": 0,
                "total": 0
              }
            },
            {
              "batter": "Kamran Khan",
              "bowler": "Waseeq Ahmed",
              "non_striker": "Zaheer Ibrahim",
              "runs": {
                "batter": 0,
                "extras": 0,
                "total": 0
              },
              "wickets": [
                {
                  "player_out": "Kamran Khan",
                  "fielders": [
                    {
                      "name": "Imran Anwar"
                    }
                  ],
                  "kind": "caught"
                }
              ]
            },
            {
              "batter": "Zaheer Ibrahim",
              "bowler": "Waseeq Ahmed",
              "non_striker": "Mohammed Awais",
              "runs": {
                "batter": 1,
                "extras": 0,
                "total": 1
              }
            },
            {
              "batter": "Mohammed Awais",
              "bowler": "Waseeq Ahmed",
              "non_striker": "Zaheer Ibrahim",
              "runs": {
                "batter": 0,
                "extras": 0,
                "total": 0
              }
            },
            {
              "batter": "Mohammed Awais",
              "bowler": "Waseeq Ahmed",
              "non_striker": "Zaheer Ibrahim",
              "runs": {
                "batter": 1,
                "extras": 0,
                "total": 1
              }
            },
            {
              "batter": "Zaheer Ibrahim",
              "bowler": "Waseeq Ahmed",
              "non_striker": "Mohammed Awais",
              "runs": {
                "batter": 0,
                "extras": 0,
                "total": 0
              }
            }
          ]
        },
        {
          "over": 10,
          "deliveries": [
            {
              "batter": "Mohammed Awais",
              "bowler": "Imran Anwar",
              "non_striker": "Zaheer Ibrahim",
              "runs": {
                "batter": 0,
                "extras": 0,
                "total": 0
              },
              "wickets": [
                {
                  "player_out": "Mohammed Awais",
                  "kind": "lbw"
                }
              ]
            },
            {
              "batter": "Khurram Shahzad",
              "bowler": "Imran Anwar",
              "non_striker": "Zaheer Ibrahim",
              "runs": {
                "batter": 1,
                "extras": 0,
                "total": 1
              }
            },
            {
              "batter": "Zaheer Ibrahim",
              "bowler": "Imran Anwar",
              "extras": {
                "wides": 1
              },
              "non_striker": "Khurram Shahzad",
              "runs": {
                "batter": 0,
                "extras": 1,
                "total": 1
              }
            },
            {
              "batter": "Zaheer Ibrahim",
              "bowler": "Imran Anwar",
              "non_striker": "Khurram Shahzad",
              "runs": {
                "batter": 1,
                "extras": 0,
                "total": 1
              }
            },
            {
              "batter": "Khurram Shahzad",
              "bowler": "Imran Anwar",
              "non_striker": "Zaheer Ibrahim",
              "runs": {
                "batter": 0,
                "extras": 0,
                "total": 0
              }
            },
            {
              "batter": "Khurram Shahzad",
              "bowler": "Imran Anwar",
              "non_striker": "Zaheer Ibrahim",
              "runs": {
                "batter": 0,
                "extras": 0,
                "total": 0
              }
            },
            {
              "batter": "Khurram Shahzad",
              "bowler": "Imran Anwar",
              "non_striker": "Zaheer Ibrahim",
              "runs": {
                "batter": 0,
                "extras": 0,
                "total": 0
              }
            }
          ]
        },
        {
          "over": 11,
          "deliveries": [
            {
              "batter": "Zaheer Ibrahim",
              "bowler": "Waseeq Ahmed",
              "non_striker": "Khurram Shahzad",
              "runs": {
                "batter": 0,
                "extras": 0,
                "total": 0
              }
            },
            {
              "batter": "Zaheer Ibrahim",
              "bowler": "Waseeq Ahmed",
              "non_striker": "Khurram Shahzad",
              "runs": {
                "batter": 0,
                "extras": 0,
                "total": 0
              }
            },
            {
              "batter": "Zaheer Ibrahim",
              "bowler": "Waseeq Ahmed",
              "non_striker": "Khurram Shahzad",
              "runs": {
                "batter": 1,
                "extras": 0,
                "total": 1
              }
            },
            {
              "batter": "Khurram Shahzad",
              "bowler": "Waseeq Ahmed",
              "extras": {
                "wides": 1
              },
              "non_striker": "Zaheer Ibrahim",
              "runs": {
                "batter": 0,
                "extras": 1,
                "total": 1
              }
            },
            {
              "batter": "Khurram Shahzad",
              "bowler": "Waseeq Ahmed",
              "non_striker": "Zaheer Ibrahim",
              "runs": {
                "batter": 1,
                "extras": 0,
                "total": 1
              }
            },
            {
              "batter": "Zaheer Ibrahim",
              "bowler": "Waseeq Ahmed",
              "non_striker": "Khurram Shahzad",
              "runs": {
                "batter": 0,
                "extras": 0,
                "total": 0
              }
            },
            {
              "batter": "Zaheer Ibrahim",
              "bowler": "Waseeq Ahmed",
              "non_striker": "Khurram Shahzad",
              "runs": {
                "batter": 1,
                "extras": 0,
                "total": 1
              }
            }
          ]
        },
        {
          "over": 12,
          "deliveries": [
            {
              "batter": "Zaheer Ibrahim",
              "bowler": "Imran Anwar",
              "non_striker": "Khurram Shahzad",
              "runs": {
                "batter": 1,
                "extras": 0,
                "total": 1
              }
            },
            {
              "batter": "Khurram Shahzad",
              "bowler": "Imran Anwar",
              "non_striker": "Zaheer Ibrahim",
              "runs": {
                "batter": 1,
                "extras": 0,
                "total": 1
              }
            },
            {
              "batter": "Zaheer Ibrahim",
              "bowler": "Imran Anwar",
              "non_striker": "Khurram Shahzad",
              "runs": {
                "batter": 0,
                "extras": 0,
                "total": 0
              }
            },
            {
              "batter": "Zaheer Ibrahim",
              "bowler": "Imran Anwar",
              "non_striker": "Khurram Shahzad",
              "runs": {
                "batter": 0,
                "extras": 0,
                "total": 0
              }
            },
            {
              "batter": "Zaheer Ibrahim",
              "bowler": "Imran Anwar",
              "non_striker": "Khurram Shahzad",
              "runs": {
                "batter": 0,
                "extras": 0,
                "total": 0
              }
            },
            {
              "batter": "Zaheer Ibrahim",
              "bowler": "Imran Anwar",
              "non_striker": "Khurram Shahzad",
              "runs": {
                "batter": 0,
                "extras": 0,
                "total": 0
              }
            }
          ]
        },
        {
          "over": 13,
          "deliveries": [
            {
              "batter": "Khurram Shahzad",
              "bowler": "Waseeq Ahmed",
              "non_striker": "Zaheer Ibrahim",
              "runs": {
                "batter": 0,
                "extras": 0,
                "total": 0
              }
            },
            {
              "batter": "Khurram Shahzad",
              "bowler": "Waseeq Ahmed",
              "non_striker": "Zaheer Ibrahim",
              "runs": {
                "batter": 0,
                "extras": 0,
                "total": 0
              }
            },
            {
              "batter": "Khurram Shahzad",
              "bowler": "Waseeq Ahmed",
              "non_striker": "Zaheer Ibrahim",
              "runs": {
                "batter": 1,
                "extras": 0,
                "total": 1
              }
            },
            {
              "batter": "Zaheer Ibrahim",
              "bowler": "Waseeq Ahmed",
              "non_striker": "Khurram Shahzad",
              "runs": {
                "batter": 0,
                "extras": 0,
                "total": 0
              }
            },
            {
              "batter": "Zaheer Ibrahim",
              "bowler": "Waseeq Ahmed",
              "non_striker": "Khurram Shahzad",
              "runs": {
                "batter": 0,
                "extras": 0,
                "total": 0
              }
            },
            {
              "batter": "Zaheer Ibrahim",
              "bowler": "Waseeq Ahmed",
              "non_striker": "Khurram Shahzad",
              "runs": {
                "batter": 2,
                "extras": 0,
                "total": 2
              }
            }
          ]
        },
        {
          "over": 14,
          "deliveries": [
            {
              "batter": "Khurram Shahzad",
              "bowler": "Imran Anwar",
              "non_striker": "Zaheer Ibrahim",
              "runs": {
                "batter": 2,
                "extras": 0,
                "total": 2
              }
            },
            {
              "batter": "Khurram Shahzad",
              "bowler": "Imran Anwar",
              "non_striker": "Zaheer Ibrahim",
              "runs": {
                "batter": 0,
                "extras": 0,
                "total": 0
              }
            },
            {
              "batter": "Khurram Shahzad",
              "bowler": "Imran Anwar",
              "non_striker": "Zaheer Ibrahim",
              "runs": {
                "batter": 0,
                "extras": 0,
                "total": 0
              }
            },
            {
              "batter": "Khurram Shahzad",
              "bowler": "Imran Anwar",
              "non_striker": "Zaheer Ibrahim",
              "runs": {
                "batter": 1,
                "extras": 0,
                "total": 1
              }
            },
            {
              "batter": "Zaheer Ibrahim",
              "bowler": "Imran Anwar",
              "non_striker": "Khurram Shahzad",
              "runs": {
                "batter": 4,
                "extras": 0,
                "total": 4
              }
            },
            {
              "batter": "Zaheer Ibrahim",
              "bowler": "Imran Anwar",
              "non_striker": "Khurram Shahzad",
              "runs": {
                "batter": 2,
                "extras": 0,
                "total": 2
              }
            }
          ]
        },
        {
          "over": 15,
          "deliveries": [
            {
              "batter": "Khurram Shahzad",
              "bowler": "Shahid Mahmood",
              "non_striker": "Zaheer Ibrahim",
              "runs": {
                "batter": 0,
                "extras": 0,
                "total": 0
              }
            },
            {
              "batter": "Khurram Shahzad",
              "bowler": "Shahid Mahmood",
              "non_striker": "Zaheer Ibrahim",
              "runs": {
                "batter": 1,
                "extras": 0,
                "total": 1
              }
            },
            {
              "batter": "Zaheer Ibrahim",
              "bowler": "Shahid Mahmood",
              "non_striker": "Khurram Shahzad",
              "runs": {
                "batter": 1,
                "extras": 0,
                "total": 1
              }
            },
            {
              "batter": "Khurram Shahzad",
              "bowler": "Shahid Mahmood",
              "non_striker": "Zaheer Ibrahim",
              "runs": {
                "batter": 0,
                "extras": 0,
                "total": 0
              }
            },
            {
              "batter": "Khurram Shahzad",
              "bowler": "Shahid Mahmood",
              "non_striker": "Zaheer Ibrahim",
              "runs": {
                "batter": 1,
                "extras": 0,
                "total": 1
              }
            },
            {
              "batter": "Zaheer Ibrahim",
              "bowler": "Shahid Mahmood",
              "non_striker": "Khurram Shahzad",
              "runs": {
                "batter": 0,
                "extras": 0,
                "total": 0
              }
            }
          ]
        },
        {
          "over": 16,
          "deliveries": [
            {
              "batter": "Khurram Shahzad",
              "bowler": "Bilal Mansoor",
              "non_striker": "Zaheer Ibrahim",
              "runs": {
                "batter": 0,
                "extras": 0,
                "total": 0
              }
            },
            {
              "batter": "Khurram Shahzad",
              "bowler": "Bilal Mansoor",
              "non_striker": "Zaheer Ibrahim",
              "runs": {
                "batter": 0,
                "extras": 0,
                "total": 0
              }
            },
            {
              "batter": "Khurram Shahzad",
              "bowler": "Bilal Mansoor",
              "non_striker": "Zaheer Ibrahim",
              "runs": {
                "batter": 1,
                "extras": 0,
                "total": 1
              }
            },
            {
              "batter": "Zaheer Ibrahim",
              "bowler": "Bilal Mansoor",
              "extras": {
                "noballs": 1
              },
              "non_striker": "Khurram Shahzad",
              "runs": {
                "batter": 4,
                "extras": 1,
                "total": 5
              }
            },
            {
              "batter": "Zaheer Ibrahim",
              "bowler": "Bilal Mansoor",
              "non_striker": "Khurram Shahzad",
              "runs": {
                "batter": 4,
                "extras": 0,
                "total": 4
              }
            }
          ]
        }
      ],
      "powerplays": [
        {
          "from": 0.1,
          "to": 5.6,
          "type": "mandatory"
        }
      ],
      "target": {
        "overs": 20,
        "runs": 113
      }
    }
  ]
}