{
  "meta": {
    "data_version": "1.0.0",
    "created": "2020-09-18",
    "revision": 1
  },
  "info": {
    "balls_per_over": 6,
    "city": "Kuwait City",
    "dates": [
      "2018-04-24"
    ],
    "event": {
      "name": "ICC World Twenty20 Asia Region Qualifier A",
      "match_number": 11
    },
    "gender": "male",
    "match_type": "IT20",
    "officials": {
      "match_referees": [
        "GF Labrooy"
      ],
      "reserve_umpires": [
        "Vinod Babu"
      ],
      "umpires": [
        "BB Pradhan",
        "Imran Mustafa"
      ]
    },
    "outcome": {
      "winner": "Qatar",
      "by": {
        "wickets": 4
      }
    },
    "overs": 20,
    "player_of_match": [
      "Tamoor Sajjad"
    ],
    "players": {
      "Saudi Arabia": [
        "Faisal Khan",
        "Imran Arif",
        "Mohammad Afzal",
        "Afaq Ahmed",
        "Abdul Waheed",
        "Shahbaz Rasheed",
        "Inayat Saeed",
        "Sajid Cheema",
        "Ibrarul Haq",
        "Khawar Abbas",
        "Usman Ali"
      ],
      "Qatar": [
        "Faisal Javed",
        "Inam-ul-Haq",
        "Tamoor Sajjad",
        "Kamran Khan",
        "Zaheer Ibrahim",
        "Mohammad Rizlan",
        "Khurram Shahzad",
        "Nouman Sarwar",
        "Mohammed Nadeem",
        "Iqbal Hussain",
        "Mohammed Awais"
      ]
    },
    "registry": {
      "people": {
        "Abdul Waheed": "23fa9ea9",
        "Afaq Ahmed": "e429a2e8",
        "BB Pradhan": "8603d942",
        "Faisal Javed": "b0ef0346",
        "Faisal Khan": "a7553f15",
        "GF Labrooy": "8e088dbc",
        "Ibrarul Haq": "119007ef",
        "Imran Arif": "c10747c3",
        "Imran Mustafa": "f11bc2ff",
        "Inam-ul-Haq": "15c766c3",
        "Inayat Saeed": "1ce56cb2",
        "Iqbal Hussain": "b9fd3959",
        "Kamran Khan": "922e3dcc",
        "Khawar Abbas": "617229bc",
        "Khurram Shahzad": "85b0ccd1",
        "Mohammad Afzal": "55e0d2a1",
        "Mohammad Rizlan": "82afc034",
        "Mohammed Awais": "34b8b1b5",
        "Mohammed Nadeem": "856cbb1e",
        "Nouman Sarwar": "6adabee6",
        "Sajid Cheema": "b05cfcec",
        "Shahbaz Rasheed": "b1a281cd",
        "Tamoor Sajjad": "7bb926a7",
        "Usman Ali": "a390cdd7",
        "Vinod Babu": "37e6187d",
        "Zaheer Ibrahim": "d754fde8"
      }
    },
    "season": "2018",
    "team_type": "international",
    "teams": [
      "Saudi Arabia",
      "Qatar"
    ],
    "toss": {
      "decision": "field",
      "winner": "Qatar"
    },
    "venue": "Sulabiya Ground"
  },
  "innings": [
    {
      "team": "Saudi Arabia",
      "overs": [
        {
          "over": 0,
          "deliveries": [
            {
              "batter": "Faisal Khan",
              "bowler": "Mohammed Nadeem",
              "non_striker": "Imran Arif",
              "runs": {
                "batter": 0,
                "extras": 0,
                "total": 0
              }
            },
            {
              "batter": "Faisal Khan",
              "bowler": "Mohammed Nadeem",
              "non_striker": "Imran Arif",
              "runs": {
                "batter": 0,
                "extras": 0,
                "total": 0
              }
            },
            {
              "batter": "Faisal Khan",
              "bowler": "Mohammed Nadeem",
              "extras": {
                "wides": 1
              },
              "non_striker": "Imran Arif",
              "runs": {
                "batter": 0,
                "extras": 1,
                "total": 1
              }
            },
            {
              "batter": "Faisal Khan",
              "bowler": "Mohammed Nadeem",
              "non_striker": "Imran Arif",
              "runs": {
                "batter": 0,
                "extras": 0,
                "total": 0
              }
            },
            {
              "batter": "Faisal Khan",
              "bowler": "Mohammed Nadeem",
              "non_striker": "Imran Arif",
              "runs": {
                "batter": 0,
                "extras": 0,
                "total": 0
              }
            },
            {
              "batter": "Faisal Khan",
              "bowler": "Mohammed Nadeem",
              "non_striker": "Imran Arif",
              "runs": {
                "batter": 0,
                "extras": 0,
                "total": 0
              }
            },
            {
              "batter": "Faisal Khan",
              "bowler": "Mohammed Nadeem",
              "non_striker": "Imran Arif",
              "runs": {
                "batter": 0,
                "extras": 0,
                "total": 0
              }
            }
          ]
        },
        {
          "over": 1,
          "deliveries": [
            {
              "batter": "Imran Arif",
              "bowler": "Tamoor Sajjad",
              "non_striker": "Faisal Khan",
              "runs": {
                "batter": 0,
                "extras": 0,
                "total": 0
              }
            },
            {
              "batter": "Imran Arif",
              "bowler": "Tamoor Sajjad",
              "non_striker": "Faisal Khan",
              "runs": {
                "batter": 0,
                "extras": 0,
                "total": 0
              },
              "wickets": [
                {
                  "player_out": "Imran Arif",
                  "fielders": [
                    {
                      "name": "Mohammed Nadeem"
                    }
                  ],
                  "kind": "caught"
                }
              ]
            },
            {
              "batter": "Faisal Khan",
              "bowler": "Tamoor Sajjad",
              "non_striker": "Mohammad Afzal",
              "runs": {
                "batter": 0,
                "extras": 0,
                "total": 0
              }
            },
            {
              "batter": "Faisal Khan",
              "bowler": "Tamoor Sajjad",
              "non_striker": "Mohammad Afzal",
              "runs": {
                "batter": 0,
                "extras": 0,
                "total": 0
              }
            },
            {
              "batter": "Faisal Khan",
              "bowler": "Tamoor Sajjad",
              "non_striker": "Mohammad Afzal",
              "runs": {
                "batter": 0,
                "extras": 0,
                "total": 0
              }
            },
            {
              "batter": "Faisal Khan",
              "bowler": "Tamoor Sajjad",
              "non_striker": "Mohammad Afzal",
              "runs": {
                "batter": 6,
                "extras": 0,
                "total": 6
              }
            }
          ]
        },
        {
          "over": 2,
          "deliveries": [
            {
              "batter": "Mohammad Afzal",
              "bowler": "Mohammed Nadeem",
              "non_striker": "Faisal Khan",
              "runs": {
                "batter": 0,
                "extras": 0,
                "total": 0
              }
            },
            {
              "batter": "Mohammad Afzal",
              "bowler": "Mohammed Nadeem",
              "non_striker": "Faisal Khan",
              "runs": {
                "batter": 1,
                "extras": 0,
                "total": 1
              }
            },
            {
              "batter": "Faisal Khan",
              "bowler": "Mohammed Nadeem",
              "non_striker": "Mohammad Afzal",
              "runs": {
                "batter": 6,
                "extras": 0,
                "total": 6
              }
            },
            {
              "batter": "Faisal Khan",
              "bowler": "Mohammed Nadeem",
              "non_striker": "Mohammad Afzal",
              "runs": {
                "batter": 4,
                "extras": 0,
                "total": 4
              }
            },
            {
              "batter": "Faisal Khan",
              "bowler": "Mohammed Nadeem",
              "non_striker": "Mohammad Afzal",
              "runs": {
                "batter": 0,
                "extras": 0,
                "total": 0
              }
            },
            {
              "batter": "Faisal Khan",
              "bowler": "Mohammed Nadeem",
              "non_striker": "Mohammad Afzal",
              "runs": {
                "batter": 6,
                "extras": 0,
                "total": 6
              }
            }
          ]
        },
        {
          "over": 3,
          "deliveries": [
            {
              "batter": "Mohammad Afzal",
              "bowler": "Tamoor Sajjad",
              "non_striker": "Faisal Khan",
              "runs": {
                "batter": 0,
                "extras": 0,
                "total": 0
              }
            },
            {
              "batter": "Mohammad Afzal",
              "bowler": "Tamoor Sajjad",
              "non_striker": "Faisal Khan",
              "runs": {
                "batter": 1,
                "extras": 0,
                "total": 1
              }
            },
            {
              "batter": "Faisal Khan",
              "bowler": "Tamoor Sajjad",
              "non_striker": "Mohammad Afzal",
              "runs": {
                "batter": 0,
                "extras": 0,
                "total": 0
              }
            },
            {
              "batter": "Faisal Khan",
              "bowler": "Tamoor Sajjad",
              "non_striker": "Mohammad Afzal",
              "runs": {
                "batter": 0,
                "extras": 0,
                "total": 0
              }
            },
            {
              "batter": "Faisal Khan",
              "bowler": "Tamoor Sajjad",
              "non_striker": "Mohammad Afzal",
              "runs": {
                "batter": 1,
                "extras": 0,
                "total": 1
              }
            },
            {
              "batter": "Mohammad Afzal",
              "bowler": "Tamoor Sajjad",
              "non_striker": "Faisal Khan",
              "runs": {
                "batter": 0,
                "extras": 0,
                "total": 0
              }
            }
          ]
        },
        {
          "over": 4,
          "deliveries": [
            {
              "batter": "Faisal Khan",
              "bowler": "Mohammed Nadeem",
              "non_striker": "Mohammad Afzal",
              "runs": {
                "batter": 0,
                "extras": 0,
                "total": 0
              }
            },
            {
              "batter": "Faisal Khan",
              "bowler": "Mohammed Nadeem",
              "non_striker": "Mohammad Afzal",
              "runs": {
                "batter": 6,
                "extras": 0,
                "total": 6
              }
            },
            {
              "batter": "Faisal Khan",
              "bowler": "Mohammed Nadeem",
              "non_striker": "Mohammad Afzal",
              "runs": {
                "batter": 0,
                "extras": 0,
                "total": 0
              },
              "wickets": [
                {
                  "player_out": "Faisal Khan",
                  "kind": "bowled"
                }
              ]
            },
            {
              "batter": "Afaq Ahmed",
              "bowler": "Mohammed Nadeem",
              "non_striker": "Mohammad Afzal",
              "runs": {
                "batter": 1,
                "extras": 0,
                "total": 1
              }
            },
            {
              "batter": "Mohammad Afzal",
              "bowler": "Mohammed Nadeem",
              "non_striker": "Afaq Ahmed",
              "runs": {
                "batter": 0,
                "extras": 0,
                "total": 0
              }
            },
            {
              "batter": "Mohammad Afzal",
              "bowler": "Mohammed Nadeem",
              "non_striker": "Afaq Ahmed",
              "runs": {
                "batter": 1,
                "extras": 0,
                "total": 1
              }
            }
          ]
        },
        {
          "over": 5,
          "deliveries": [
            {
              "batter": "Mohammad Afzal",
              "bowler": "Tamoor Sajjad",
              "non_striker": "Afaq Ahmed",
              "runs": {
                "batter": 0,
                "extras": 0,
                "total": 0
              }
            },
            {
              "batter": "Mohammad Afzal",
              "bowler": "Tamoor Sajjad",
              "non_striker": "Afaq Ahmed",
              "runs": {
                "batter": 6,
                "extras": 0,
                "total": 6
              }
            },
            {
              "batter": "Mohammad Afzal",
              "bowler": "Tamoor Sajjad",
              "non_striker": "Afaq Ahmed",
              "runs": {
                "batter": 2,
                "extras": 0,
                "total": 2
              }
            },
            {
              "batter": "Mohammad Afzal",
              "bowler": "Tamoor Sajjad",
              "non_striker": "Afaq Ahmed",
              "runs": {
                "batter": 1,
                "extras": 0,
                "total": 1
              }
            },
            {
              "batter": "Afaq Ahmed",
              "bowler": "Tamoor Sajjad",
              "non_striker": "Mohammad Afzal",
              "runs": {
                "batter": 0,
                "extras": 0,
                "total": 0
              }
            },
            {
              "batter": "Afaq Ahmed",
              "bowler": "Tamoor Sajjad",
              "non_striker": "Mohammad Afzal",
              "runs": {
                "batter": 2,
                "extras": 0,
                "total": 2
              }
            }
          ]
        },
        {
          "over": 6,
          "deliveries": [
            {
              "batter": "Mohammad Afzal",
              "bowler": "Mohammed Awais",
              "extras": {
                "wides": 1
              },
              "non_striker": "Afaq Ahmed",
              "runs": {
                "batter": 0,
                "extras": 1,
                "total": 1
              }
            },
            {
              "batter": "Mohammad Afzal",
              "bowler": "Mohammed Awais",
              "non_striker": "Afaq Ahmed",
              "runs": {
                "batter": 4,
                "extras": 0,
                "total": 4
              }
            },
            {
              "batter": "Mohammad Afzal",
              "bowler": "Mohammed Awais",
              "non_striker": "Afaq Ahmed",
              "runs": {
                "batter": 1,
                "extras": 0,
                "total": 1
              }
            },
            {
              "batter": "Afaq Ahmed",
              "bowler": "Mohammed Awais",
              "extras": {
                "wides": 1
              },
              "non_striker": "Mohammad Afzal",
              "runs": {
                "batter": 0,
                "extras": 1,
                "total": 1
              }
            },
            {
              "batter": "Afaq Ahmed",
              "bowler": "Mohammed Awais",
              "non_striker": "Mohammad Afzal",
              "runs": {
                "batter": 0,
                "extras": 0,
                "total": 0
              },
              "wickets": [
                {
                  "player_out": "Afaq Ahmed",
                  "kind": "caught and bowled"
                }
              ]
            },
            {
              "batter": "Abdul Waheed",
              "bowler": "Mohammed Awais",
              "non_striker": "Mohammad Afzal",
              "runs": {
                "batter": 1,
                "extras": 0,
                "total": 1
              }
            },
            {
              "batter": "Mohammad Afzal",
              "bowler": "Mohammed Awais",
              "non_striker": "Abdul Waheed",
              "runs": {
                "batter": 0,
                "extras": 0,
                "total": 0
              }
            },
            {
              "batter": "Mohammad Afzal",
              "bowler": "Mohammed Awais",
              "non_striker": "Abdul Waheed",
              "runs": {
                "batter": 1,
                "extras": 0,
                "total": 1
              }
            }
          ]
        },
        {
          "over": 7,
          "deliveries": [
            {
              "batter": "Mohammad Afzal",
              "bowler": "Iqbal Hussain",
              "non_striker": "Abdul Waheed",
              "runs": {
                "batter": 1,
                "extras": 0,
                "total": 1
              }
            },
            {
              "batter": "Abdul Waheed",
              "bowler": "Iqbal Hussain",
              "non_striker": "Mohammad Afzal",
              "runs": {
                "batter": 1,
                "extras": 0,
                "total": 1
              }
            },
            {
              "batter": "Mohammad Afzal",
              "bowler": "Iqbal Hussain",
              "non_striker": "Abdul Waheed",
              "runs": {
                "batter": 0,
                "extras": 0,
                "total": 0
              }
            },
            {
              "batter": "Mohammad Afzal",
              "bowler": "Iqbal Hussain",
              "non_striker": "Abdul Waheed",
              "runs": {
                "batter": 0,
                "extras": 0,
                "total": 0
              }
            },
            {
              "batter": "Mohammad Afzal",
              "bowler": "Iqbal Hussain",
              "non_striker": "Abdul Waheed",
              "runs": {
                "batter": 0,
                "extras": 0,
                "total": 0
              },
              "wickets": [
                {
                  "player_out": "Mohammad Afzal",
                  "fielders": [
                    {
                      "name": "Inam-ul-Haq"
                    }
                  ],
                  "kind": "caught"
                }
              ]
            },
            {
              "batter": "Abdul Waheed",
              "bowler": "Iqbal Hussain",
              "non_striker": "Shahbaz Rasheed",
              "runs": {
                "batter": 1,
                "extras": 0,
                "total": 1
              }
            }
          ]
        },
        {
          "over": 8,
          "deliveries": [
            {
              "batter": "Abdul Waheed",
              "bowler": "Mohammed Awais",
              "extras": {
                "wides": 1
              },
              "non_striker": "Shahbaz Rasheed",
              "runs": {
                "batter": 0,
                "extras": 1,
                "total": 1
              }
            },
            {
              "batter": "Abdul Waheed",
              "bowler": "Mohammed Awais",
              "non_striker": "Shahbaz Rasheed",
              "runs": {
                "batter": 0,
                "extras": 0,
                "total": 0
              }
            },
            {
              "batter": "Abdul Waheed",
              "bowler": "Mohammed Awais",
              "non_striker": "Shahbaz Rasheed",
              "runs": {
                "batter": 0,
                "extras": 0,
                "total": 0
              }
            },
            {
              "batter": "Abdul Waheed",
              "bowler": "Mohammed Awais",
              "non_striker": "Shahbaz Rasheed",
              "runs": {
                "batter": 1,
                "extras": 0,
                "total": 1
              }
            },
            {
              "batter": "Shahbaz Rasheed",
              "bowler": "Mohammed Awais",
              "non_striker": "Abdul Waheed",
              "runs": {
                "batter": 1,
                "extras": 0,
                "total": 1
              }
            },
            {
              "batter": "Abdul Waheed",
              "bowler": "Mohammed Awais",
              "non_striker": "Shahbaz Rasheed",
              "runs": {
                "batter": 0,
                "extras": 0,
                "total": 0
              }
            },
            {
              "batter": "Abdul Waheed",
              "bowler": "Mohammed Awais",
              "non_striker": "Shahbaz Rasheed",
              "runs": {
                "batter": 1,
                "extras": 0,
                "total": 1
              }
            }
          ]
        },
        {
          "over": 9,
          "deliveries": [
            {
              "batter": "Abdul Waheed",
              "bowler": "Iqbal Hussain",
              "non_striker": "Shahbaz Rasheed",
              "runs": {
                "batter": 0,
                "extras": 0,
                "total": 0
              }
            },
            {
              "batter": "Abdul Waheed",
              "bowler": "Iqbal Hussain",
              "non_striker": "Shahbaz Rasheed",
              "runs": {
                "batter": 0,
                "extras": 0,
                "total": 0
              }
            },
            {
              "batter": "Abdul Waheed",
              "bowler": "Iqbal Hussain",
              "non_striker": "Shahbaz Rasheed",
              "runs": {
                "batter": 0,
                "extras": 0,
                "total": 0
              }
            },
            {
              "batter": "Abdul Waheed",
              "bowler": "Iqbal Hussain",
              "non_striker": "Shahbaz Rasheed",
              "runs": {
                "batter": 1,
                "extras": 0,
                "total": 1
              }
            },
            {
              "batter": "Shahbaz Rasheed",
              "bowler": "Iqbal Hussain",
              "non_striker": "Abdul Waheed",
              "runs": {
                "batter": 1,
                "extras": 0,
                "total": 1
              }
            },
            {
              "batter": "Abdul Waheed",
              "bowler": "Iqbal Hussain",
              "non_striker": "Shahbaz Rasheed",
              "runs": {
                "batter": 0,
                "extras": 0,
                "total": 0
              }
            }
          ]
        },
        {
          "over": 10,
          "deliveries": [
            {
              "batter": "Shahbaz Rasheed",
              "bowler": "Mohammed Awais",
              "non_striker": "Abdul Waheed",
              "runs": {
                "batter": 1,
                "extras": 0,
                "total": 1
              }
            },
            {
              "batter": "Abdul Waheed",
              "bowler": "Mohammed Awais",
              "non_striker": "Shahbaz Rasheed",
              "runs": {
                "batter": 0,
                "extras": 0,
                "total": 0
              }
            },
            {
              "batter": "Abdul Waheed",
              "bowler": "Mohammed Awais",
              "non_striker": "Shahbaz Rasheed",
              "runs": {
                "batter": 1,
                "extras": 0,
                "total": 1
              }
            },
            {
              "batter": "Shahbaz Rasheed",
              "bowler": "Mohammed Awais",
              "non_striker": "Abdul Waheed",
              "runs": {
                "batter": 0,
                "extras": 0,
                "total": 0
              }
            },
            {
              "batter": "Shahbaz Rasheed",
              "bowler": "Mohammed Awais",
              "non_striker": "Abdul Waheed",
              "runs": {
                "batter": 0,
                "extras": 0,
                "total": 0
              }
            },
            {
              "batter": "Shahbaz Rasheed",
              "bowler": "Mohammed Awais",
              "non_striker": "Abdul Waheed",
              "runs": {
                "batter": 0,
                "extras": 0,
                "total": 0
              }
            }
          ]
        },
        {
          "over": 11,
          "deliveries": [
            {
              "batter": "Abdul Waheed",
              "bowler": "Inam-ul-Haq",
              "non_striker": "Shahbaz Rasheed",
              "runs": {
                "batter": 1,
                "extras": 0,
                "total": 1
              }
            },
            {
              "batter": "Shahbaz Rasheed",
              "bowler": "Inam-ul-Haq",
              "non_striker": "Abdul Waheed",
              "runs": {
                "batter": 1,
                "extras": 0,
                "total": 1
              }
            },
            {
              "batter": "Abdul Waheed",
              "bowler": "Inam-ul-Haq",
              "non_striker": "Shahbaz Rasheed",
              "runs": {
                "batter": 1,
                "extras": 0,
                "total": 1
              }
            },
            {
              "batter": "Shahbaz Rasheed",
              "bowler": "Inam-ul-Haq",
              "non_striker": "Abdul Waheed",
              "runs": {
                "batter": 0,
                "extras": 0,
                "total": 0
              }
            },
            {
              "batter": "Shahbaz Rasheed",
              "bowler": "Inam-ul-Haq",
              "non_striker": "Abdul Waheed",
              "runs": {
                "batter": 0,
                "extras": 0,
                "total": 0
              }
            },
            {
              "batter": "Shahbaz Rasheed",
              "bowler": "Inam-ul-Haq",
              "non_striker": "Abdul Waheed",
              "runs": {
                "batter": 2,
                "extras": 0,
                "total": 2
              }
            }
          ]
        },
        {
          "over": 12,
          "deliveries": [
            {
              "batter": "Abdul Waheed",
              "bowler": "Iqbal Hussain",
              "non_striker": "Shahbaz Rasheed",
              "runs": {
                "batter": 0,
                "extras": 0,
                "total": 0
              }
            },
            {
              "batter": "Abdul Waheed",
              "bowler": "Iqbal Hussain",
              "non_striker": "Shahbaz Rasheed",
              "runs": {
                "batter": 0,
                "extras": 0,
                "total": 0
              }
            },
            {
              "batter": "Abdul Waheed",
              "bowler": "Iqbal Hussain",
              "non_striker": "Shahbaz Rasheed",
              "runs": {
                "batter": 2,
                "extras": 0,
                "total": 2
              }
            },
            {
              "batter": "Abdul Waheed",
              "bowler": "Iqbal Hussain",
              "non_striker": "Shahbaz Rasheed",
              "runs": {
                "batter": 1,
                "extras": 0,
                "total": 1
              }
            },
            {
              "batter": "Shahbaz Rasheed",
              "bowler": "Iqbal Hussain",
              "non_striker": "Abdul Waheed",
              "runs": {
                "batter": 0,
                "extras": 0,
                "total": 0
              }
            },
            {
              "batter": "Shahbaz Rasheed",
              "bowler": "Iqbal Hussain",
              "non_striker": "Abdul Waheed",
              "runs": {
                "batter": 1,
                "extras": 0,
                "total": 1
              }
            }
          ]
        },
        {
          "over": 13,
          "deliveries": [
            {
              "batter": "Shahbaz Rasheed",
              "bowler": "Inam-ul-Haq",
              "non_striker": "Abdul Waheed",
              "runs": {
                "batter": 6,
                "extras": 0,
                "total": 6
              }
            },
            {
              "batter": "Shahbaz Rasheed",
              "bowler": "Inam-ul-Haq",
              "non_striker": "Abdul Waheed",
              "runs": {
                "batter": 2,
                "extras": 0,
                "total": 2
              }
            },
            {
              "batter": "Shahbaz Rasheed",
              "bowler": "Inam-ul-Haq",
              "non_striker": "Abdul Waheed",
              "runs": {
                "batter": 0,
                "extras": 0,
                "total": 0
              }
            },
            {
              "batter": "Shahbaz Rasheed",
              "bowler": "Inam-ul-Haq",
              "non_striker": "Abdul Waheed",
              "runs": {
                "batter": 1,
                "extras": 0,
                "total": 1
              }
            },
            {
              "batter": "Abdul Waheed",
              "bowler": "Inam-ul-Haq",
              "non_striker": "Shahbaz Rasheed",
              "runs": {
                "batter": 1,
                "extras": 0,
                "total": 1
              }
            },
            {
              "batter": "Shahbaz Rasheed",
              "bowler": "Inam-ul-Haq",
              "non_striker": "Abdul Waheed",
              "runs": {
                "batter": 0,
                "extras": 0,
                "total": 0
              }
            }
          ]
        },
        {
          "over": 14,
          "deliveries": [
            {
              "batter": "Abdul Waheed",
              "bowler": "Iqbal Hussain",
              "non_striker": "Shahbaz Rasheed",
              "runs": {
                "batter": 1,
                "extras": 0,
                "total": 1
              }
            },
            {
              "batter": "Shahbaz Rasheed",
              "bowler": "Iqbal Hussain",
              "non_striker": "Abdul Waheed",
              "runs": {
                "batter": 0,
                "extras": 0,
                "total": 0
              }
            },
            {
              "batter": "Shahbaz Rasheed",
              "bowler": "Iqbal Hussain",
              "non_striker": "Abdul Waheed",
              "runs": {
                "batter": 4,
                "extras": 0,
                "total": 4
              }
            },
            {
              "batter": "Shahbaz Rasheed",
              "bowler": "Iqbal Hussain",
              "non_striker": "Abdul Waheed",
              "runs": {
                "batter": 0,
                "extras": 0,
                "total": 0
              }
            },
            {
              "batter": "Shahbaz Rasheed",
              "bowler": "Iqbal Hussain",
              "non_striker": "Abdul Waheed",
              "runs": {
                "batter": 0,
                "extras": 0,
                "total": 0
              }
            },
            {
              "batter": "Shahbaz Rasheed",
              "bowler": "Iqbal Hussain",
              "non_striker": "Abdul Waheed",
              "runs": {
                "batter": 0,
                "extras": 0,
                "total": 0
              }
            }
          ]
        },
        {
          "over": 15,
          "deliveries": [
            {
              "batter": "Abdul Waheed",
              "bowler": "Tamoor Sajjad",
              "non_striker": "Shahbaz Rasheed",
              "runs": {
                "batter": 2,
                "extras": 0,
                "total": 2
              }
            },
            {
              "batter": "Abdul Waheed",
              "bowler": "Tamoor Sajjad",
              "non_striker": "Shahbaz Rasheed",
              "runs": {
                "batter": 1,
                "extras": 0,
                "total": 1
              }
            },
            {
              "batter": "Shahbaz Rasheed",
              "bowler": "Tamoor Sajjad",
              "non_striker": "Abdul Waheed",
              "runs": {
                "batter": 4,
                "extras": 0,
                "total": 4
              }
            },
            {
              "batter": "Shahbaz Rasheed",
              "bowler": "Tamoor Sajjad",
              "extras": {
                "wides": 1
              },
              "non_striker": "Abdul Waheed",
              "runs": {
                "batter": 0,
                "extras": 1,
                "total": 1
              }
            },
            {
              "batter": "Shahbaz Rasheed",
              "bowler": "Tamoor Sajjad",
              "non_striker": "Abdul Waheed",
              "runs": {
                "batter": 0,
                "extras": 0,
                "total": 0
              }
            },
            {
              "batter": "Shahbaz Rasheed",
              "bowler": "Tamoor Sajjad",
              "non_striker": "Abdul Waheed",
              "runs": {
                "batter": 1,
                "extras": 0,
                "total": 1
              }
            },
            {
              "batter": "Abdul Waheed",
              "bowler": "Tamoor Sajjad",
              "non_striker": "Shahbaz Rasheed",
              "runs": {
                "batter": 1,
                "extras": 0,
                "total": 1
              }
            }
          ]
        },
        {
          "over": 16,
          "deliveries": [
            {
              "batter": "Abdul Waheed",
              "bowler": "Mohammed Nadeem",
              "extras": {
                "wides": 1
              },
              "non_striker": "Shahbaz Rasheed",
              "runs": {
                "batter": 0,
                "extras": 1,
                "total": 1
              }
            },
            {
              "batter": "Abdul Waheed",
              "bowler": "Mohammed Nadeem",
              "non_striker": "Shahbaz Rasheed",
              "runs": {
                "batter": 1,
                "extras": 0,
                "total": 1
              }
            },
            {
              "batter": "Shahbaz Rasheed",
              "bowler": "Mohammed Nadeem",
              "non_striker": "Abdul Waheed",
              "runs": {
                "batter": 0,
                "extras": 0,
                "total": 0
              }
            },
            {
              "batter": "Shahbaz Rasheed",
              "bowler": "Mohammed Nadeem",
              "extras": {
                "wides": 1
              },
              "non_striker": "Abdul Waheed",
              "runs": {
                "batter": 0,
                "extras": 1,
                "total": 1
              }
            },
            {
              "batter": "Shahbaz Rasheed",
              "bowler": "Mohammed Nadeem",
              "extras": {
                "wides": 1
              },
              "non_striker": "Abdul Waheed",
              "runs": {
                "batter": 0,
                "extras": 1,
                "total": 1
              }
            },
            {
              "batter": "Shahbaz Rasheed",
              "bowler": "Mohammed Nadeem",
              "non_striker": "Abdul Waheed",
              "runs": {
                "batter": 0,
                "extras": 0,
                "total": 0
              }
            },
            {
              "batter": "Shahbaz Rasheed",
              "bowler": "Mohammed Nadeem",
              "non_striker": "Abdul Waheed",
              "runs": {
                "batter": 6,
                "extras": 0,
                "total": 6
              }
            },
            {
              "batter": "Shahbaz Rasheed",
              "bowler": "Mohammed Nadeem",
              "non_striker": "Abdul Waheed",
              "runs": {
                "batter": 1,
                "extras": 0,
                "total": 1
              }
            },
            {
              "batter": "Abdul Waheed",
              "bowler": "Mohammed Nadeem",
              "non_striker": "Shahbaz Rasheed",
              "runs": {
                "batter": 0,
                "extras": 0,
                "total": 0
              },
              "wickets": [
                {
                  "player_out": "Abdul Waheed",
                  "fielders": [
                    {
                      "name": "Kamran Khan"
                    }
                  ],
                  "kind": "caught"
                }
              ]
            }
          ]
        },
        {
          "over": 17,
          "deliveries": [
            {
              "batter": "Inayat Saeed",
              "bowler": "Nouman Sarwar",
              "non_striker": "Shahbaz Rasheed",
              "runs": {
                "batter": 1,
                "extras": 0,
                "total": 1
              }
            },
            {
              "batter": "Shahbaz Rasheed",
              "bowler": "Nouman Sarwar",
              "non_striker": "Inayat Saeed",
              "runs": {
                "batter": 4,
                "extras": 0,
                "total": 4
              }
            },
            {
              "batter": "Shahbaz Rasheed",
              "bowler": "Nouman Sarwar",
              "extras": {
                "wides": 1
              },
              "non_striker": "Inayat Saeed",
              "runs": {
                "batter": 0,
                "extras": 1,
                "total": 1
              }
            },
            {
              "batter": "Shahbaz Rasheed",
              "bowler": "Nouman Sarwar",
              "non_striker": "Inayat Saeed",
              "runs": {
                "batter": 0,
                "extras": 0,
                "total": 0
              }
            },
            {
              "batter": "Shahbaz Rasheed",
              "bowler": "Nouman Sarwar",
              "non_striker": "Inayat Saeed",
              "runs": {
                "batter": 0,
                "extras": 0,
                "total": 0
              },
              "wickets": [
                {
                  "player_out": "Shahbaz Rasheed",
                  "fielders": [
                    {
                      "name": "Mohammad Rizlan"
                    }
                  ],
                  "kind": "caught"
                }
              ]
            },
            {
              "batter": "Sajid Cheema",
              "bowler": "Nouman Sarwar",
              "non_striker": "Inayat Saeed",
              "runs": {
                "batter": 0,
                "extras": 0,
                "total": 0
              }
            },
            {
              "batter": "Sajid Cheema",
              "bowler": "Nouman Sarwar",
              "non_striker": "Inayat Saeed",
              "runs": {
                "batter": 1,
                "extras": 0,
                "total": 1
              }
            }
          ]
        },
        {
          "over": 18,
          "deliveries": [
            {
              "batter": "Sajid Cheema",
              "bowler": "Mohammed Awais",
              "non_striker": "Inayat Saeed",
              "runs": {
                "batter": 0,
                "extras": 0,
                "total": 0
              }
            },
            {
              "batter": "Sajid Cheema",
              "bowler": "Mohammed Awais",
              "non_striker": "Inayat Saeed",
              "runs": {
                "batter": 1,
                "extras": 0,
                "total": 1
              }
            },
            {
              "batter": "Inayat Saeed",
              "bowler": "Mohammed Awais",
              "non_striker": "Sajid Cheema",
              "runs": {
                "batter": 1,
                "extras": 0,
                "total": 1
              }
            },
            {
              "batter": "Sajid Cheema",
              "bowler": "Mohammed Awais",
              "extras": {
                "legbyes": 1
              },
              "non_striker": "Inayat Saeed",
              "runs": {
                "batter": 0,
                "extras": 1,
                "total": 1
              }
            },
            {
              "batter": "Inayat Saeed",
              "bowler": "Mohammed Awais",
              "non_striker": "Sajid Cheema",
              "runs": {
                "batter": 0,
                "extras": 0,
                "total": 0
              }
            },
            {
              "batter": "Inayat Saeed",
              "bowler": "Mohammed Awais",
              "non_striker": "Sajid Cheema",
              "runs": {
                "batter": 0,
                "extras": 0,
                "total": 0
              }
            }
          ]
        },
        {
          "over": 19,
          "deliveries": [
            {
              "batter": "Sajid Cheema",
              "bowler": "Nouman Sarwar",
              "non_striker": "Inayat Saeed",
              "runs": {
                "batter": 6,
                "extras": 0,
                "total": 6
              }
            },
            {
              "batter": "Sajid Cheema",
              "bowler": "Nouman Sarwar",
              "non_striker": "Inayat Saeed",
              "runs": {
                "batter": 6,
                "extras": 0,
                "total": 6
              }
            },
            {
              "batter": "Sajid Cheema",
              "bowler": "Nouman Sarwar",
              "non_striker": "Inayat Saeed",
              "runs": {
                "batter": 0,
                "extras": 0,
                "total": 0
              },
              "wickets": [
                {
                  "player_out": "Sajid Cheema",
                  "fielders": [
                    {
                      "name": "Tamoor Sajjad"
                    }
                  ],
                  "kind": "caught"
                }
              ]
            },
            {
              "batter": "Ibrarul Haq",
              "bowler": "Nouman Sarwar",
              "non_striker": "Inayat Saeed",
              "runs": {
                "batter": 1,
                "extras": 0,
                "total": 1
              }
            },
            {
              "batter": "Inayat Saeed",
              "bowler": "Nouman Sarwar",
              "non_striker": "Ibrarul Haq",
              "runs": {
                "batter": 1,
                "extras": 0,
                "total": 1
              }
            },
            {
              "batter": "Ibrarul Haq",
              "bowler": "Nouman Sarwar",
              "extras": {
                "legbyes": 1
              },
              "non_striker": "Inayat Saeed",
              "runs": {
                "batter": 0,
                "extras": 1,
                "total": 1
              }
            }
          ]
        }
      ],
      "powerplays": [
        {
          "from": 0.1,
          "to": 5.6,
          "type": "mandatory"
        }
      ]
    },
    {
      "team": "Qatar",
      "overs": [
        {
          "over": 0,
          "deliveries": [
            {
              "batter": "Faisal Javed",
              "bowler": "Imran Arif",
              "non_striker": "Inam-ul-Haq",
              "runs": {
                "batter": 4,
                "extras": 0,
                "total": 4
              }
            },
            {
              "batter": "Faisal Javed",
              "bowler": "Imran Arif",
              "non_striker": "Inam-ul-Haq",
              "runs": {
                "batter": 0,
                "extras": 0,
                "total": 0
              }
            },
            {
              "batter": "Faisal Javed",
              "bowler": "Imran Arif",
              "non_striker": "Inam-ul-Haq",
              "runs": {
                "batter": 1,
                "extras": 0,
                "total": 1
              }
            },
            {
              "batter": "Inam-ul-Haq",
              "bowler": "Imran Arif",
              "non_striker": "Faisal Javed",
              "runs": {
                "batter": 1,
                "extras": 0,
                "total": 1
              }
            },
            {
              "batter": "Faisal Javed",
              "bowler": "Imran Arif",
              "non_striker": "Inam-ul-Haq",
              "runs": {
                "batter": 6,
                "extras": 0,
                "total": 6
              }
            },
            {
              "batter": "Faisal Javed",
              "bowler": "Imran Arif",
              "non_striker": "Inam-ul-Haq",
              "runs": {
                "batter": 0,
                "extras": 0,
                "total": 0
              }
            }
          ]
        },
        {
          "over": 1,
          "deliveries": [
            {
              "batter": "Inam-ul-Haq",
              "bowler": "Ibrarul Haq",
              "non_striker": "Faisal Javed",
              "runs": {
                "batter": 0,
                "extras": 0,
                "total": 0
              }
            },
            {
              "batter": "Inam-ul-Haq",
              "bowler": "Ibrarul Haq",
              "non_striker": "Faisal Javed",
              "runs": {
                "batter": 1,
                "extras": 0,
                "total": 1
              }
            },
            {
              "batter": "Faisal Javed",
              "bowler": "Ibrarul Haq",
              "non_striker": "Inam-ul-Haq",
              "runs": {
                "batter": 1,
                "extras": 0,
                "total": 1
              }
            },
            {
              "batter": "Inam-ul-Haq",
              "bowler": "Ibrarul Haq",
              "non_striker": "Faisal Javed",
              "runs": {
                "batter": 0,
                "extras": 0,
                "total": 0
              }
            },
            {
              "batter": "Inam-ul-Haq",
              "bowler": "Ibrarul Haq",
              "non_striker": "Faisal Javed",
              "runs": {
                "batter": 2,
                "extras": 0,
                "total": 2
              }
            },
            {
              "batter": "Inam-ul-Haq",
              "bowler": "Ibrarul Haq",
              "extras": {
                "noballs": 1
              },
              "non_striker": "Faisal Javed",
              "runs": {
                "batter": 0,
                "extras": 1,
                "total": 1
              }
            },
            {
              "batter": "Inam-ul-Haq",
              "bowler": "Ibrarul Haq",
              "non_striker": "Faisal Javed",
              "runs": {
                "batter": 4,
                "extras": 0,
                "total": 4
              }
            }
          ]
        },
        {
          "over": 2,
          "deliveries": [
            {
              "batter": "Faisal Javed",
              "bowler": "Imran Arif",
              "non_striker": "Inam-ul-Haq",
              "runs": {
                "batter": 6,
                "extras": 0,
                "total": 6
              }
            },
            {
              "batter": "Faisal Javed",
              "bowler": "Imran Arif",
              "non_striker": "Inam-ul-Haq",
              "runs": {
                "batter": 0,
                "extras": 0,
                "total": 0
              },
              "wickets": [
                {
                  "fielders": [
                    {
                      "name": "Khawar Abbas"
                    }
                  ],
                  "player_out": "Faisal Javed",
                  "kind": "caught"
                }
              ]
            },
            {
              "batter": "Inam-ul-Haq",
              "bowler": "Imran Arif",
              "non_striker": "Tamoor Sajjad",
              "runs": {
                "batter": 0,
                "extras": 0,
                "total": 0
              }
            },
            {
              "batter": "Inam-ul-Haq",
              "bowler": "Imran Arif",
              "non_striker": "Tamoor Sajjad",
              "runs": {
                "batter": 0,
                "extras": 0,
                "total": 0
              }
            },
            {
              "batter": "Inam-ul-Haq",
              "bowler": "Imran Arif",
              "non_striker": "Tamoor Sajjad",
              "runs": {
                "batter": 0,
                "extras": 0,
                "total": 0
              },
              "wickets": [
                {
                  "player_out": "Inam-ul-Haq",
                  "fielders": [
                    {
                      "name": "Usman Ali"
                    }
                  ],
                  "kind": "caught"
                }
              ]
            },
            {
              "batter": "Kamran Khan",
              "bowler": "Imran Arif",
              "non_striker": "Tamoor Sajjad",
              "runs": {
                "batter": 0,
                "extras": 0,
                "total": 0
              }
            }
          ]
        },
        {
          "over": 3,
          "deliveries": [
            {
              "batter": "Tamoor Sajjad",
              "bowler": "Mohammad Afzal",
              "non_striker": "Kamran Khan",
              "runs": {
                "batter": 1,
                "extras": 0,
                "total": 1
              }
            },
            {
              "batter": "Kamran Khan",
              "bowler": "Mohammad Afzal",
              "non_striker": "Tamoor Sajjad",
              "runs": {
                "batter": 0,
                "extras": 0,
                "total": 0
              }
            },
            {
              "batter": "Kamran Khan",
              "bowler": "Mohammad Afzal",
              "non_striker": "Tamoor Sajjad",
              "runs": {
                "batter": 0,
                "extras": 0,
                "total": 0
              }
            },
            {
              "batter": "Kamran Khan",
              "bowler": "Mohammad Afzal",
              "non_striker": "Tamoor Sajjad",
              "runs": {
                "batter": 6,
                "extras": 0,
                "total": 6
              }
            },
            {
              "batter": "Kamran Khan",
              "bowler": "Mohammad Afzal",
              "non_striker": "Tamoor Sajjad",
              "runs": {
                "batter": 0,
                "extras": 0,
                "total": 0
              }
            },
            {
              "batter": "Kamran Khan",
              "bowler": "Mohammad Afzal",
              "non_striker": "Tamoor Sajjad",
              "runs": {
                "batter": 0,
                "extras": 0,
                "total": 0
              }
            }
          ]
        },
        {
          "over": 4,
          "deliveries": [
            {
              "batter": "Tamoor Sajjad",
              "bowler": "Imran Arif",
              "non_striker": "Kamran Khan",
              "runs": {
                "batter": 4,
                "extras": 0,
                "total": 4
              }
            },
            {
              "batter": "Tamoor Sajjad",
              "bowler": "Imran Arif",
              "non_striker": "Kamran Khan",
              "runs": {
                "batter": 0,
                "extras": 0,
                "total": 0
              }
            },
            {
              "batter": "Tamoor Sajjad",
              "bowler": "Imran Arif",
              "non_striker": "Kamran Khan",
              "runs": {
                "batter": 1,
                "extras": 0,
                "total": 1
              }
            },
            {
              "batter": "Kamran Khan",
              "bowler": "Imran Arif",
              "non_striker": "Tamoor Sajjad",
              "runs": {
                "batter": 0,
                "extras": 0,
                "total": 0
              },
              "wickets": [
                {
                  "player_out": "Kamran Khan",
                  "fielders": [
                    {
                      "name": "Afaq Ahmed"
                    }
                  ],
                  "kind": "caught"
                }
              ]
            },
            {
              "batter": "Zaheer Ibrahim",
              "bowler": "Imran Arif",
              "non_striker": "Tamoor Sajjad",
              "runs": {
                "batter": 0,
                "extras": 0,
                "total": 0
              }
            },
            {
              "batter": "Zaheer Ibrahim",
              "bowler": "Imran Arif",
              "non_striker": "Tamoor Sajjad",
              "runs": {
                "batter": 1,
                "extras": 0,
                "total": 1
              }
            }
          ]
        },
        {
          "over": 5,
          "deliveries": [
            {
              "batter": "Zaheer Ibrahim",
              "bowler": "Mohammad Afzal",
              "non_striker": "Tamoor Sajjad",
              "runs": {
                "batter": 0,
                "extras": 0,
                "total": 0
              }
            },
            {
              "batter": "Zaheer Ibrahim",
              "bowler": "Mohammad Afzal",
              "non_striker": "Tamoor Sajjad",
              "runs": {
                "batter": 2,
                "extras": 0,
                "total": 2
              }
            },
            {
              "batter": "Zaheer Ibrahim",
              "bowler": "Mohammad Afzal",
              "non_striker": "Tamoor Sajjad",
              "runs": {
                "batter": 4,
                "extras": 0,
                "total": 4
              }
            },
            {
              "batter": "Zaheer Ibrahim",
              "bowler": "Mohammad Afzal",
              "non_striker": "Tamoor Sajjad",
              "runs": {
                "batter": 0,
                "extras": 0,
                "total": 0
              }
            },
            {
              "batter": "Zaheer Ibrahim",
              "bowler": "Mohammad Afzal",
              "non_striker": "Tamoor Sajjad",
              "runs": {
                "batter": 0,
                "extras": 0,
                "total": 0
              }
            },
            {
              "batter": "Zaheer Ibrahim",
              "bowler": "Mohammad Afzal",
              "non_striker": "Tamoor Sajjad",
              "runs": {
                "batter": 1,
                "extras": 0,
                "total": 1
              }
            }
          ]
        },
        {
          "over": 6,
          "deliveries": [
            {
              "batter": "Zaheer Ibrahim",
              "bowler": "Imran Arif",
              "non_striker": "Tamoor Sajjad",
              "runs": {
                "batter": 0,
                "extras": 0,
                "total": 0
              }
            },
            {
              "batter": "Zaheer Ibrahim",
              "bowler": "Imran Arif",
              "non_striker": "Tamoor Sajjad",
              "runs": {
                "batter": 0,
                "extras": 0,
                "total": 0
              }
            },
            {
              "batter": "Zaheer Ibrahim",
              "bowler": "Imran Arif",
              "non_striker": "Tamoor Sajjad",
              "runs": {
                "batter": 1,
                "extras": 0,
                "total": 1
              }
            },
            {
              "batter": "Tamoor Sajjad",
              "bowler": "Imran Arif",
              "non_striker": "Zaheer Ibrahim",
              "runs": {
                "batter": 1,
                "extras": 0,
                "total": 1
              }
            },
            {
              "batter": "Zaheer Ibrahim",
              "bowler": "Imran Arif",
              "extras": {
                "wides": 1
              },
              "non_striker": "Tamoor Sajjad",
              "runs": {
                "batter": 0,
                "extras": 1,
                "total": 1
              }
            },
            {
              "batter": "Zaheer Ibrahim",
              "bowler": "Imran Arif",
              "extras": {
                "noballs": 1
              },
              "non_striker": "Tamoor Sajjad",
              "runs": {
                "batter": 1,
                "extras": 1,
                "total": 2
              }
            },
            {
              "batter": "Tamoor Sajjad",
              "bowler": "Imran Arif",
              "non_striker": "Zaheer Ibrahim",
              "runs": {
                "batter": 0,
                "extras": 0,
                "total": 0
              }
            },
            {
              "batter": "Tamoor Sajjad",
              "bowler": "Imran Arif",
              "non_striker": "Zaheer Ibrahim",
              "runs": {
                "batter": 4,
                "extras": 0,
                "total": 4
              }
            }
          ]
        },
        {
          "over": 7,
          "deliveries": [
            {
              "batter": "Zaheer Ibrahim",
              "bowler": "Usman Ali",
              "non_striker": "Tamoor Sajjad",
              "runs": {
                "batter": 1,
                "extras": 0,
                "total": 1
              }
            },
            {
              "batter": "Tamoor Sajjad",
              "bowler": "Usman Ali",
              "non_striker": "Zaheer Ibrahim",
              "runs": {
                "batter": 0,
                "extras": 0,
                "total": 0
              }
            },
            {
              "batter": "Tamoor Sajjad",
              "bowler": "Usman Ali",
              "non_striker": "Zaheer Ibrahim",
              "runs": {
                "batter": 0,
                "extras": 0,
                "total": 0
              }
            },
            {
              "batter": "Tamoor Sajjad",
              "bowler": "Usman Ali",
              "non_striker": "Zaheer Ibrahim",
              "runs": {
                "batter": 1,
                "extras": 0,
                "total": 1
              }
            },
            {
              "batter": "Zaheer Ibrahim",
              "bowler": "Usman Ali",
              "non_striker": "Tamoor Sajjad",
              "runs": {
                "batter": 6,
                "extras": 0,
                "total": 6
              }
            },
            {
              "batter": "Zaheer Ibrahim",
              "bowler": "Usman Ali",
              "non_striker": "Tamoor Sajjad",
              "runs": {
                "batter": 0,
                "extras": 0,
                "total": 0
              }
            }
          ]
        },
        {
          "over": 8,
          "deliveries": [
            {
              "batter": "Tamoor Sajjad",
              "bowler": "Ibrarul Haq",
              "non_striker": "Zaheer Ibrahim",
              "runs": {
                "batter": 2,
                "extras": 0,
                "total": 2
              }
            },
            {
              "batter": "Tamoor Sajjad",
              "bowler": "Ibrarul Haq",
              "non_striker": "Zaheer Ibrahim",
              "runs": {
                "batter": 1,
                "extras": 0,
                "total": 1
              }
            },
            {
              "batter": "Zaheer Ibrahim",
              "bowler": "Ibrarul Haq",
              "non_striker": "Tamoor Sajjad",
              "runs": {
                "batter": 1,
                "extras": 0,
                "total": 1
              }
            },
            {
              "batter": "Tamoor Sajjad",
              "bowler": "Ibrarul Haq",
              "non_striker": "Zaheer Ibrahim",
              "runs": {
                "batter": 6,
                "extras": 0,
                "total": 6
              }
            },
            {
              "batter": "Tamoor Sajjad",
              "bowler": "Ibrarul Haq",
              "non_striker": "Zaheer Ibrahim",
              "runs": {
                "batter": 0,
                "extras": 0,
                "total": 0
              }
            },
            {
              "batter": "Tamoor Sajjad",
              "bowler": "Ibrarul Haq",
              "non_striker": "Zaheer Ibrahim",
              "runs": {
                "batter": 1,
                "extras": 0,
                "total": 1
              }
            }
          ]
        },
        {
          "over": 9,
          "deliveries": [
            {
              "batter": "Tamoor Sajjad",
              "bowler": "Usman Ali",
              "non_striker": "Zaheer Ibrahim",
              "runs": {
                "batter": 0,
                "extras": 0,
                "total": 0
              }
            },
            {
              "batter": "Tamoor Sajjad",
              "bowler": "Usman Ali",
              "non_striker": "Zaheer Ibrahim",
              "runs": {
                "batter": 4,
                "extras": 0,
                "total": 4
              }
            },
            {
              "batter": "Tamoor Sajjad",
              "bowler": "Usman Ali",
              "non_striker": "Zaheer Ibrahim",
              "runs": {
                "batter": 1,
                "extras": 0,
                "total": 1
              }
            },
            {
              "batter": "Zaheer Ibrahim",
              "bowler": "Usman Ali",
              "non_striker": "Tamoor Sajjad",
              "runs": {
                "batter": 0,
                "extras": 0,
                "total": 0
              }
            },
            {
              "batter": "Zaheer Ibrahim",
              "bowler": "Usman Ali",
              "non_striker": "Tamoor Sajjad",
              "runs": {
                "batter": 1,
                "extras": 0,
                "total": 1
              }
            },
            {
              "batter": "Tamoor Sajjad",
              "bowler": "Usman Ali",
              "non_striker": "Zaheer Ibrahim",
              "runs": {
                "batter": 0,
                "extras": 0,
                "total": 0
              }
            }
          ]
        },
        {
          "over": 10,
          "deliveries": [
            {
              "batter": "Zaheer Ibrahim",
              "bowler": "Khawar Abbas",
              "non_striker": "Tamoor Sajjad",
              "runs": {
                "batter": 2,
                "extras": 0,
                "total": 2
              }
            },
            {
              "batter": "Zaheer Ibrahim",
              "bowler": "Khawar Abbas",
              "non_striker": "Tamoor Sajjad",
              "runs": {
                "batter": 2,
                "extras": 0,
                "total": 2
              }
            },
            {
              "batter": "Zaheer Ibrahim",
              "bowler": "Khawar Abbas",
              "non_striker": "Tamoor Sajjad",
              "runs": {
                "batter": 1,
                "extras": 0,
                "total": 1
              }
            },
            {
              "batter": "Tamoor Sajjad",
              "bowler": "Khawar Abbas",
              "non_striker": "Zaheer Ibrahim",
              "runs": {
                "batter": 1,
                "extras": 0,
                "total": 1
              }
            },
            {
              "batter": "Zaheer Ibrahim",
              "bowler": "Khawar Abbas",
              "non_striker": "Tamoor Sajjad",
              "runs": {
                "batter": 1,
                "extras": 0,
                "total": 1
              }
            },
            {
              "batter": "Tamoor Sajjad",
              "bowler": "Khawar Abbas",
              "non_striker": "Zaheer Ibrahim",
              "runs": {
                "batter": 0,
                "extras": 0,
                "total": 0
              }
            }
          ]
        },
        {
          "over": 11,
          "deliveries": [
            {
              "batter": "Zaheer Ibrahim",
              "bowler": "Usman Ali",
              "non_striker": "Tamoor Sajjad",
              "runs": {
                "batter": 2,
                "extras": 0,
                "total": 2
              }
            },
            {
              "batter": "Zaheer Ibrahim",
              "bowler": "Usman Ali",
              "non_striker": "Tamoor Sajjad",
              "runs": {
                "batter": 6,
                "extras": 0,
                "total": 6
              }
            },
            {
              "batter": "Zaheer Ibrahim",
              "bowler": "Usman Ali",
              "non_striker": "Tamoor Sajjad",
              "runs": {
                "batter": 1,
                "extras": 0,
                "total": 1
              }
            },
            {
              "batter": "Tamoor Sajjad",
              "bowler": "Usman Ali",
              "non_striker": "Zaheer Ibrahim",
              "runs": {
                "batter": 1,
                "extras": 0,
                "total": 1
              }
            },
            {
              "batter": "Zaheer Ibrahim",
              "bowler": "Usman Ali",
              "non_striker": "Tamoor Sajjad",
              "runs": {
                "batter": 0,
                "extras": 0,
                "total": 0
              }
            },
            {
              "batter": "Zaheer Ibrahim",
              "bowler": "Usman Ali",
              "non_striker": "Tamoor Sajjad",
              "runs": {
                "batter": 1,
                "extras": 0,
                "total": 1
              },
              "wickets": [
                {
                  "player_out": "Zaheer Ibrahim",
                  "kind": "run out"
                }
              ]
            }
          ]
        },
        {
          "over": 12,
          "deliveries": [
            {
              "batter": "Tamoor Sajjad",
              "bowler": "Mohammad Afzal",
              "non_striker": "Mohammad Rizlan",
              "runs": {
                "batter": 2,
                "extras": 0,
                "total": 2
              }
            },
            {
              "batter": "Tamoor Sajjad",
              "bowler": "Mohammad Afzal",
              "non_striker": "Mohammad Rizlan",
              "runs": {
                "batter": 2,
                "extras": 0,
                "total": 2
              }
            },
            {
              "batter": "Tamoor Sajjad",
              "bowler": "Mohammad Afzal",
              "non_striker": "Mohammad Rizlan",
              "runs": {
                "batter": 1,
                "extras": 0,
                "total": 1
              }
            },
            {
              "batter": "Mohammad Rizlan",
              "bowler": "Mohammad Afzal",
              "non_striker": "Tamoor Sajjad",
              "runs": {
                "batter": 0,
                "extras": 0,
                "total": 0
              }
            },
            {
              "batter": "Mohammad Rizlan",
              "bowler": "Mohammad Afzal",
              "non_striker": "Tamoor Sajjad",
              "runs": {
                "batter": 0,
                "extras": 0,
                "total": 0
              }
            },
            {
              "batter": "Mohammad Rizlan",
              "bowler": "Mohammad Afzal",
              "non_striker": "Tamoor Sajjad",
              "runs": {
                "batter": 1,
                "extras": 0,
                "total": 1
              }
            }
          ]
        },
        {
          "over": 13,
          "deliveries": [
            {
              "batter": "Mohammad Rizlan",
              "bowler": "Usman Ali",
              "non_striker": "Tamoor Sajjad",
              "runs": {
                "batter": 0,
                "extras": 0,
                "total": 0
              },
              "wickets": [
                {
                  "player_out": "Mohammad Rizlan",
                  "kind": "run out"
                }
              ]
            },
            {
              "batter": "Khurram Shahzad",
              "bowler": "Usman Ali",
              "non_striker": "Tamoor Sajjad",
              "runs": {
                "batter": 1,
                "extras": 0,
                "total": 1
              }
            },
            {
              "batter": "Tamoor Sajjad",
              "bowler": "Usman Ali",
              "non_striker": "Khurram Shahzad",
              "runs": {
                "batter": 1,
                "extras": 0,
                "total": 1
              }
            },
            {
              "batter": "Khurram Shahzad",
              "bowler": "Usman Ali",
              "non_striker": "Tamoor Sajjad",
              "runs": {
                "batter": 0,
                "extras": 0,
                "total": 0
              }
            },
            {
              "batter": "Khurram Shahzad",
              "bowler": "Usman Ali",
              "non_striker": "Tamoor Sajjad",
              "runs": {
                "batter": 0,
                "extras": 0,
                "total": 0
              }
            },
            {
              "batter": "Khurram Shahzad",
              "bowler": "Usman Ali",
              "non_striker": "Tamoor Sajjad",
              "runs": {
                "batter": 2,
                "extras": 0,
                "total": 2
              }
            }
          ]
        },
        {
          "over": 14,
          "deliveries": [
            {
              "batter": "Tamoor Sajjad",
              "bowler": "Mohammad Afzal",
              "non_striker": "Khurram Shahzad",
              "runs": {
                "batter": 0,
                "extras": 0,
                "total": 0
              },
              "wickets": [
                {
                  "player_out": "Tamoor Sajjad",
                  "kind": "bowled"
                }
              ]
            },
            {
              "batter": "Nouman Sarwar",
              "bowler": "Mohammad Afzal",
              "non_striker": "Khurram Shahzad",
              "runs": {
                "batter": 1,
                "extras": 0,
                "total": 1
              }
            },
            {
              "batter": "Khurram Shahzad",
              "bowler": "Mohammad Afzal",
              "non_striker": "Nouman Sarwar",
              "runs": {
                "batter": 0,
                "extras": 0,
                "total": 0
              }
            },
            {
              "batter": "Khurram Shahzad",
              "bowler": "Mohammad Afzal",
              "non_striker": "Nouman Sarwar",
              "runs": {
                "batter": 0,
                "extras": 0,
                "total": 0
              }
            },
            {
              "batter": "Khurram Shahzad",
              "bowler": "Mohammad Afzal",
              "non_striker": "Nouman Sarwar",
              "runs": {
                "batter": 1,
                "extras": 0,
                "total": 1
              }
            },
            {
              "batter": "Nouman Sarwar",
              "bowler": "Mohammad Afzal",
              "non_striker": "Khurram Shahzad",
              "runs": {
                "batter": 1,
                "extras": 0,
                "total": 1
              }
            }
          ]
        },
        {
          "over": 15,
          "deliveries": [
            {
              "batter": "Nouman Sarwar",
              "bowler": "Shahbaz Rasheed",
              "non_striker": "Khurram Shahzad",
              "runs": {
                "batter": 0,
                "extras": 0,
                "total": 0
              }
            },
            {
              "batter": "Nouman Sarwar",
              "bowler": "Shahbaz Rasheed",
              "non_striker": "Khurram Shahzad",
              "runs": {
                "batter": 0,
                "extras": 0,
                "total": 0
              }
            },
            {
              "batter": "Nouman Sarwar",
              "bowler": "Shahbaz Rasheed",
              "non_striker": "Khurram Shahzad",
              "runs": {
                "batter": 1,
                "extras": 0,
                "total": 1
              }
            },
            {
              "batter": "Khurram Shahzad",
              "bowler": "Shahbaz Rasheed",
              "non_striker": "Nouman Sarwar",
              "runs": {
                "batter": 2,
                "extras": 0,
                "total": 2
              }
            },
            {
              "batter": "Khurram Shahzad",
              "bowler": "Shahbaz Rasheed",
              "non_striker": "Nouman Sarwar",
              "runs": {
                "batter": 0,
                "extras": 0,
                "total": 0
              }
            },
            {
              "batter": "Khurram Shahzad",
              "bowler": "Shahbaz Rasheed",
              "non_striker": "Nouman Sarwar",
              "runs": {
                "batter": 0,
                "extras": 0,
                "total": 0
              }
            }
          ]
        },
        {
          "over": 16,
          "deliveries": [
            {
              "batter": "Nouman Sarwar",
              "bowler": "Khawar Abbas",
              "non_striker": "Khurram Shahzad",
              "runs": {
                "batter": 1,
                "extras": 0,
                "total": 1
              }
            },
            {
              "batter": "Khurram Shahzad",
              "bowler": "Khawar Abbas",
              "extras": {
                "wides": 1
              },
              "non_striker": "Nouman Sarwar",
              "runs": {
                "batter": 0,
                "extras": 1,
                "total": 1
              }
            },
            {
              "batter": "Khurram Shahzad",
              "bowler": "Khawar Abbas",
              "non_striker": "Nouman Sarwar",
              "runs": {
                "batter": 1,
                "extras": 0,
                "total": 1
              }
            },
            {
              "batter": "Nouman Sarwar",
              "bowler": "Khawar Abbas",
              "non_striker": "Khurram Shahzad",
              "runs": {
                "batter": 1,
                "extras": 0,
                "total": 1
              }
            },
            {
              "batter": "Khurram Shahzad",
              "bowler": "Khawar Abbas",
              "non_striker": "Nouman Sarwar",
              "runs": {
                "batter": 2,
                "extras": 0,
                "total": 2
              }
            },
            {
              "batter": "Khurram Shahzad",
              "bowler": "Khawar Abbas",
              "non_striker": "Nouman Sarwar",
              "runs": {
                "batter": 1,
                "extras": 0,
                "total": 1
              }
            },
            {
              "batter": "Nouman Sarwar",
              "bowler": "Khawar Abbas",
              "non_striker": "Khurram Shahzad",
              "runs": {
                "batter": 1,
                "extras": 0,
                "total": 1
              }
            }
          ]
        },
        {
          "over": 17,
          "deliveries": [
            {
              "batter": "Nouman Sarwar",
              "bowler": "Shahbaz Rasheed",
              "non_striker": "Khurram Shahzad",
              "runs": {
                "batter": 1,
                "extras": 0,
                "total": 1
              }
            },
            {
              "batter": "Khurram Shahzad",
              "bowler": "Shahbaz Rasheed",
              "non_striker": "Nouman Sarwar",
              "runs": {
                "batter": 1,
                "extras": 0,
                "total": 1
              }
            },
            {
              "batter": "Nouman Sarwar",
              "bowler": "Shahbaz Rasheed",
              "non_striker": "Khurram Shahzad",
              "runs": {
                "batter": 1,
                "extras": 0,
                "total": 1
              }
            },
            {
              "batter": "Khurram Shahzad",
              "bowler": "Shahbaz Rasheed",
              "non_striker": "Nouman Sarwar",
              "runs": {
                "batter": 1,
                "extras": 0,
                "total": 1
              }
            },
            {
              "batter": "Nouman Sarwar",
              "bowler": "Shahbaz Rasheed",
              "non_striker": "Khurram Shahzad",
              "runs": {
                "batter": 1,
                "extras": 0,
                "total": 1
              }
            },
            {
              "batter": "Khurram Shahzad",
              "bowler": "Shahbaz Rasheed",
              "non_striker": "Nouman Sarwar",
              "runs": {
                "batter": 1,
                "extras": 0,
                "total": 1
              }
            }
          ]
        },
        {
          "over": 18,
          "deliveries": [
            {
              "batter": "Khurram Shahzad",
              "bowler": "Ibrarul Haq",
              "non_striker": "Nouman Sarwar",
              "runs": {
                "batter": 2,
                "extras": 0,
                "total": 2
              }
            },
            {
              "batter": "Khurram Shahzad",
              "bowler": "Ibrarul Haq",
              "non_striker": "Nouman Sarwar",
              "runs": {
                "batter": 2,
                "extras": 0,
                "total": 2
              }
            },
            {
              "batter": "Khurram Shahzad",
              "bowler": "Ibrarul Haq",
              "non_striker": "Nouman Sarwar",
              "runs": {
                "batter": 1,
                "extras": 0,
                "total": 1
              }
            },
            {
              "batter": "Nouman Sarwar",
              "bowler": "Ibrarul Haq",
              "non_striker": "Khurram Shahzad",
              "runs": {
                "batter": 1,
                "extras": 0,
                "total": 1
              }
            },
            {
              "batter": "Khurram Shahzad",
              "bowler": "Ibrarul Haq",
              "non_striker": "Nouman Sarwar",
              "runs": {
                "batter": 1,
                "extras": 0,
                "total": 1
              }
            }
          ]
        }
      ],
      "powerplays": [
        {
          "from": 0.1,
          "to": 5.6,
          "type": "mandatory"
        }
      ],
      "target": {
        "overs": 20,
        "runs": 136
      }
    }
  ]
}