{
  "meta": {
    "data_version": "1.0.0",
    "created": "2020-09-18",
    "revision": 1
  },
  "info": {
    "balls_per_over": 6,
    "city": "Kuwait City",
    "dates": [
      "2018-04-20"
    ],
    "event": {
      "name": "ICC World Twenty20 Asia Region Qualifier A",
      "match_number": 2
    },
    "gender": "male",
    "match_type": "IT20",
    "officials": {
      "match_referees": [
        "GF Labrooy"
      ],
      "reserve_umpires": [
        "Imran Mustafa"
      ],
      "umpires": [
        "BB Pradhan",
        "Rahat Ali"
      ]
    },
    "outcome": {
      "winner": "United Arab Emirates",
      "by": {
        "wickets": 6
      }
    },
    "overs": 20,
    "player_of_match": [
      "Rohan Mustafa"
    ],
    "players": {
      "Qatar": [
        "Faisal Javed",
        "Khurram Shahzad",
        "Inam-ul-Haq",
        "Tamoor Sajjad",
        "Muhammad Tanveer",
        "Nouman Sarwar",
        "Kamran Khan",
        "Mohammad Rizlan",
        "Mohammed Nadeem",
        "Mohammed Awais",
        "Gayan Munaweera"
      ],
      "United Arab Emirates": [
        "Ashfaq Ahmed",
        "Chirag Suri",
        "Rohan Mustafa",
        "Rameez Shahzad",
        "Mohammad Boota",
        "Muhammad Usman",
        "Ghulam Shabber",
        "Qadeer Ahmed",
        "Mohammad Naveed",
        "Imran Haider",
        "Zahoor Khan"
      ]
    },
    "registry": {
      "people": {
        "Ashfaq Ahmed": "9d1f42c6",
        "BB Pradhan": "8603d942",
        "Chirag Suri": "6176f240",
        "Faisal Javed": "b0ef0346",
        "GF Labrooy": "8e088dbc",
        "Gayan Munaweera": "62141a22",
        "Ghulam Shabber": "ced0ec25",
        "Imran Haider": "0226b73a",
        "Imran Mustafa": "f11bc2ff",
        "Inam-ul-Haq": "15c766c3",
        "Kamran Khan": "922e3dcc",
        "Khurram Shahzad": "85b0ccd1",
        "Mohammad Boota": "39713d08",
        "Mohammad Naveed": "4861d29b",
        "Mohammad Rizlan": "82afc034",
        "Mohammed Awais": "34b8b1b5",
        "Mohammed Nadeem": "856cbb1e",
        "Muhammad Tanveer": "aef39fe4",
        "Muhammad Usman": "45642393",
        "Nouman Sarwar": "6adabee6",
        "Qadeer Ahmed": "9ac1dc9f",
        "Rahat Ali": "458161f4",
        "Rameez Shahzad": "e045c165",
        "Rohan Mustafa": "d1988788",
        "Tamoor Sajjad": "7bb926a7",
        "Zahoor Khan": "f0e293b0"
      }
    },
    "season": "2018",
    "team_type": "international",
    "teams": [
      "Qatar",
      "United Arab Emirates"
    ],
    "toss": {
      "decision": "bat",
      "winner": "Qatar"
    },
    "venue": "Tack-Tec Ground"
  },
  "innings": [
    {
      "team": "Qatar",
      "overs": [
        {
          "over": 0,
          "deliveries": [
            {
              "batter": "Faisal Javed",
              "bowler": "Mohammad Naveed",
              "non_striker": "Khurram Shahzad",
              "runs": {
                "batter": 4,
                "extras": 0,
                "total": 4
              }
            },
            {
              "batter": "Faisal Javed",
              "bowler": "Mohammad Naveed",
              "non_striker": "Khurram Shahzad",
              "runs": {
                "batter": 0,
                "extras": 0,
                "total": 0
              }
            },
            {
              "batter": "Faisal Javed",
              "bowler": "Mohammad Naveed",
              "extras": {
                "noballs": 1
              },
              "non_striker": "Khurram Shahzad",
              "runs": {
                "batter": 0,
                "extras": 1,
                "total": 1
              }
            },
            {
              "batter": "Faisal Javed",
              "bowler": "Mohammad Naveed",
              "non_striker": "Khurram Shahzad",
              "runs": {
                "batter": 1,
                "extras": 0,
                "total": 1
              }
            },
            {
              "batter": "Khurram Shahzad",
              "bowler": "Mohammad Naveed",
              "non_striker": "Faisal Javed",
              "runs": {
                "batter": 1,
                "extras": 0,
                "total": 1
              }
            },
            {
              "batter": "Faisal Javed",
              "bowler": "Mohammad Naveed",
              "extras": {
                "legbyes": 1,
                "noballs": 1
              },
              "non_striker": "Khurram Shahzad",
              "runs": {
                "batter": 0,
                "extras": 2,
                "total": 2
              }
            },
            {
              "batter": "Khurram Shahzad",
              "bowler": "Mohammad Naveed",
              "non_striker": "Faisal Javed",
              "runs": {
                "batter": 4,
                "extras": 0,
                "total": 4
              }
            },
            {
              "batter": "Khurram Shahzad",
              "bowler": "Mohammad Naveed",
              "non_striker": "Faisal Javed",
              "runs": {
                "batter": 0,
                "extras": 0,
                "total": 0
              },
              "wickets": [
                {
                  "player_out": "Khurram Shahzad",
                  "fielders": [
                    {
                      "name": "Imran Haider"
                    }
                  ],
                  "kind": "caught"
                }
              ]
            }
          ]
        },
        {
          "over": 1,
          "deliveries": [
            {
              "batter": "Inam-ul-Haq",
              "bowler": "Imran Haider",
              "non_striker": "Faisal Javed",
              "runs": {
                "batter": 1,
                "extras": 0,
                "total": 1
              }
            },
            {
              "batter": "Faisal Javed",
              "bowler": "Imran Haider",
              "non_striker": "Inam-ul-Haq",
              "runs": {
                "batter": 4,
                "extras": 0,
                "total": 4
              }
            },
            {
              "batter": "Faisal Javed",
              "bowler": "Imran Haider",
              "non_striker": "Inam-ul-Haq",
              "runs": {
                "batter": 0,
                "extras": 0,
                "total": 0
              }
            },
            {
              "batter": "Faisal Javed",
              "bowler": "Imran Haider",
              "non_striker": "Inam-ul-Haq",
              "runs": {
                "batter": 2,
                "extras": 0,
                "total": 2
              }
            },
            {
              "batter": "Faisal Javed",
              "bowler": "Imran Haider",
              "non_striker": "Inam-ul-Haq",
              "runs": {
                "batter": 4,
                "extras": 0,
                "total": 4
              }
            },
            {
              "batter": "Faisal Javed",
              "bowler": "Imran Haider",
              "non_striker": "Inam-ul-Haq",
              "runs": {
                "batter": 4,
                "extras": 0,
                "total": 4
              }
            }
          ]
        },
        {
          "over": 2,
          "deliveries": [
            {
              "batter": "Inam-ul-Haq",
              "bowler": "Rohan Mustafa",
              "non_striker": "Faisal Javed",
              "runs": {
                "batter": 0,
                "extras": 0,
                "total": 0
              }
            },
            {
              "batter": "Inam-ul-Haq",
              "bowler": "Rohan Mustafa",
              "non_striker": "Faisal Javed",
              "runs": {
                "batter": 1,
                "extras": 0,
                "total": 1
              }
            },
            {
              "batter": "Faisal Javed",
              "bowler": "Rohan Mustafa",
              "non_striker": "Inam-ul-Haq",
              "runs": {
                "batter": 1,
                "extras": 0,
                "total": 1
              }
            },
            {
              "batter": "Inam-ul-Haq",
              "bowler": "Rohan Mustafa",
              "non_striker": "Faisal Javed",
              "runs": {
                "batter": 1,
                "extras": 0,
                "total": 1
              }
            },
            {
              "batter": "Faisal Javed",
              "bowler": "Rohan Mustafa",
              "non_striker": "Inam-ul-Haq",
              "runs": {
                "batter": 1,
                "extras": 0,
                "total": 1
              }
            },
            {
              "batter": "Inam-ul-Haq",
              "bowler": "Rohan Mustafa",
              "non_striker": "Faisal Javed",
              "runs": {
                "batter": 0,
                "extras": 0,
                "total": 0
              }
            }
          ]
        },
        {
          "over": 3,
          "deliveries": [
            {
              "batter": "Faisal Javed",
              "bowler": "Mohammad Naveed",
              "non_striker": "Inam-ul-Haq",
              "runs": {
                "batter": 4,
                "extras": 0,
                "total": 4
              }
            },
            {
              "batter": "Faisal Javed",
              "bowler": "Mohammad Naveed",
              "non_striker": "Inam-ul-Haq",
              "runs": {
                "batter": 4,
                "extras": 0,
                "total": 4
              }
            },
            {
              "batter": "Faisal Javed",
              "bowler": "Mohammad Naveed",
              "non_striker": "Inam-ul-Haq",
              "runs": {
                "batter": 1,
                "extras": 0,
                "total": 1
              }
            },
            {
              "batter": "Inam-ul-Haq",
              "bowler": "Mohammad Naveed",
              "non_striker": "Faisal Javed",
              "runs": {
                "batter": 1,
                "extras": 0,
                "total": 1
              }
            },
            {
              "batter": "Faisal Javed",
              "bowler": "Mohammad Naveed",
              "non_striker": "Inam-ul-Haq",
              "runs": {
                "batter": 1,
                "extras": 0,
                "total": 1
              }
            },
            {
              "batter": "Inam-ul-Haq",
              "bowler": "Mohammad Naveed",
              "non_striker": "Faisal Javed",
              "runs": {
                "batter": 1,
                "extras": 0,
                "total": 1
              }
            }
          ]
        },
        {
          "over": 4,
          "deliveries": [
            {
              "batter": "Inam-ul-Haq",
              "bowler": "Rohan Mustafa",
              "non_striker": "Faisal Javed",
              "runs": {
                "batter": 4,
                "extras": 0,
                "total": 4
              }
            },
            {
              "batter": "Inam-ul-Haq",
              "bowler": "Rohan Mustafa",
              "non_striker": "Faisal Javed",
              "runs": {
                "batter": 1,
                "extras": 0,
                "total": 1
              }
            },
            {
              "batter": "Faisal Javed",
              "bowler": "Rohan Mustafa",
              "non_striker": "Inam-ul-Haq",
              "runs": {
                "batter": 0,
                "extras": 0,
                "total": 0
              }
            },
            {
              "batter": "Faisal Javed",
              "bowler": "Rohan Mustafa",
              "non_striker": "Inam-ul-Haq",
              "runs": {
                "batter": 0,
                "extras": 0,
                "total": 0
              }
            },
            {
              "batter": "Faisal Javed",
              "bowler": "Rohan Mustafa",
              "non_striker": "Inam-ul-Haq",
              "runs": {
                "batter": 1,
                "extras": 0,
                "total": 1
              }
            },
            {
              "batter": "Inam-ul-Haq",
              "bowler": "Rohan Mustafa",
              "non_striker": "Faisal Javed",
              "runs": {
                "batter": 0,
                "extras": 0,
                "total": 0
              }
            }
          ]
        },
        {
          "over": 5,
          "deliveries": [
            {
              "batter": "Faisal Javed",
              "bowler": "Mohammad Boota",
              "non_striker": "Inam-ul-Haq",
              "runs": {
                "batter": 0,
                "extras": 0,
                "total": 0
              }
            },
            {
              "batter": "Faisal Javed",
              "bowler": "Mohammad Boota",
              "non_striker": "Inam-ul-Haq",
              "runs": {
                "batter": 2,
                "extras": 0,
                "total": 2
              }
            },
            {
              "batter": "Faisal Javed",
              "bowler": "Mohammad Boota",
              "non_striker": "Inam-ul-Haq",
              "runs": {
                "batter": 0,
                "extras": 0,
                "total": 0
              }
            },
            {
              "batter": "Faisal Javed",
              "bowler": "Mohammad Boota",
              "non_striker": "Inam-ul-Haq",
              "runs": {
                "batter": 0,
                "extras": 0,
                "total": 0
              }
            },
            {
              "batter": "Faisal Javed",
              "bowler": "Mohammad Boota",
              "non_striker": "Inam-ul-Haq",
              "runs": {
                "batter": 2,
                "extras": 0,
                "total": 2
              }
            },
            {
              "batter": "Faisal Javed",
              "bowler": "Mohammad Boota",
              "non_striker": "Inam-ul-Haq",
              "runs": {
                "batter": 4,
                "extras": 0,
                "total": 4
              }
            }
          ]
        },
        {
          "over": 6,
          "deliveries": [
            {
              "batter": "Inam-ul-Haq",
              "bowler": "Imran Haider",
              "non_striker": "Faisal Javed",
              "runs": {
                "batter": 1,
                "extras": 0,
                "total": 1
              }
            },
            {
              "batter": "Faisal Javed",
              "bowler": "Imran Haider",
              "non_striker": "Inam-ul-Haq",
              "runs": {
                "batter": 0,
                "extras": 0,
                "total": 0
              },
              "wickets": [
                {
                  "fielders": [
                    {
                      "name": "Ashfaq Ahmed"
                    }
                  ],
                  "player_out": "Faisal Javed",
                  "kind": "caught"
                }
              ]
            },
            {
              "batter": "Inam-ul-Haq",
              "bowler": "Imran Haider",
              "non_striker": "Tamoor Sajjad",
              "runs": {
                "batter": 0,
                "extras": 0,
                "total": 0
              }
            },
            {
              "batter": "Inam-ul-Haq",
              "bowler": "Imran Haider",
              "non_striker": "Tamoor Sajjad",
              "runs": {
                "batter": 1,
                "extras": 0,
                "total": 1
              }
            },
            {
              "batter": "Tamoor Sajjad",
              "bowler": "Imran Haider",
              "non_striker": "Inam-ul-Haq",
              "runs": {
                "batter": 0,
                "extras": 0,
                "total": 0
              }
            },
            {
              "batter": "Tamoor Sajjad",
              "bowler": "Imran Haider",
              "non_striker": "Inam-ul-Haq",
              "runs": {
                "batter": 2,
                "extras": 0,
                "total": 2
              }
            }
          ]
        },
        {
          "over": 7,
          "deliveries": [
            {
              "batter": "Inam-ul-Haq",
              "bowler": "Ashfaq Ahmed",
              "non_striker": "Tamoor Sajjad",
              "runs": {
                "batter": 1,
                "extras": 0,
                "total": 1
              }
            },
            {
              "batter": "Tamoor Sajjad",
              "bowler": "Ashfaq Ahmed",
              "non_striker": "Inam-ul-Haq",
              "runs": {
                "batter": 0,
                "extras": 0,
                "total": 0
              }
            },
            {
              "batter": "Tamoor Sajjad",
              "bowler": "Ashfaq Ahmed",
              "non_striker": "Inam-ul-Haq",
              "runs": {
                "batter": 0,
                "extras": 0,
                "total": 0
              }
            },
            {
              "batter": "Inam-ul-Haq",
              "bowler": "Ashfaq Ahmed",
              "non_striker": "Tamoor Sajjad",
              "runs": {
                "batter": 1,
                "extras": 0,
                "total": 1
              }
            },
            {
              "batter": "Tamoor Sajjad",
              "bowler": "Ashfaq Ahmed",
              "non_striker": "Inam-ul-Haq",
              "runs": {
                "batter": 1,
                "extras": 0,
                "total": 1
              }
            },
            {
              "batter": "Inam-ul-Haq",
              "bowler": "Ashfaq Ahmed",
              "non_striker": "Tamoor Sajjad",
              "runs": {
                "batter": 1,
                "extras": 0,
                "total": 1
              }
            }
          ]
        },
        {
          "over": 8,
          "deliveries": [
            {
              "batter": "Tamoor Sajjad",
              "bowler": "Qadeer Ahmed",
              "non_striker": "Inam-ul-Haq",
              "runs": {
                "batter": 4,
                "extras": 0,
                "total": 4
              }
            },
            {
              "batter": "Tamoor Sajjad",
              "bowler": "Qadeer Ahmed",
              "non_striker": "Inam-ul-Haq",
              "runs": {
                "batter": 1,
                "extras": 0,
                "total": 1
              }
            },
            {
              "batter": "Inam-ul-Haq",
              "bowler": "Qadeer Ahmed",
              "non_striker": "Tamoor Sajjad",
              "runs": {
                "batter": 0,
                "extras": 0,
                "total": 0
              }
            },
            {
              "batter": "Inam-ul-Haq",
              "bowler": "Qadeer Ahmed",
              "non_striker": "Tamoor Sajjad",
              "runs": {
                "batter": 0,
                "extras": 0,
                "total": 0
              }
            },
            {
              "batter": "Inam-ul-Haq",
              "bowler": "Qadeer Ahmed",
              "non_striker": "Tamoor Sajjad",
              "runs": {
                "batter": 1,
                "extras": 0,
                "total": 1
              }
            },
            {
              "batter": "Tamoor Sajjad",
              "bowler": "Qadeer Ahmed",
              "non_striker": "Inam-ul-Haq",
              "runs": {
                "batter": 1,
                "extras": 0,
                "total": 1
              }
            }
          ]
        },
        {
          "over": 9,
          "deliveries": [
            {
              "batter": "Inam-ul-Haq",
              "bowler": "Zahoor Khan",
              "non_striker": "Tamoor Sajjad",
              "runs": {
                "batter": 0,
                "extras": 0,
                "total": 0
              }
            },
            {
              "batter": "Inam-ul-Haq",
              "bowler": "Zahoor Khan",
              "non_striker": "Tamoor Sajjad",
              "runs": {
                "batter": 1,
                "extras": 0,
                "total": 1
              }
            },
            {
              "batter": "Tamoor Sajjad",
              "bowler": "Zahoor Khan",
              "non_striker": "Inam-ul-Haq",
              "runs": {
                "batter": 1,
                "extras": 0,
                "total": 1
              }
            },
            {
              "batter": "Inam-ul-Haq",
              "bowler": "Zahoor Khan",
              "non_striker": "Tamoor Sajjad",
              "runs": {
                "batter": 1,
                "extras": 0,
                "total": 1
              }
            },
            {
              "batter": "Tamoor Sajjad",
              "bowler": "Zahoor Khan",
              "non_striker": "Inam-ul-Haq",
              "runs": {
                "batter": 0,
                "extras": 0,
                "total": 0
              }
            },
            {
              "batter": "Tamoor Sajjad",
              "bowler": "Zahoor Khan",
              "non_striker": "Inam-ul-Haq",
              "runs": {
                "batter": 1,
                "extras": 0,
                "total": 1
              }
            }
          ]
        },
        {
          "over": 10,
          "deliveries": [
            {
              "batter": "Tamoor Sajjad",
              "bowler": "Imran Haider",
              "non_striker": "Inam-ul-Haq",
              "runs": {
                "batter": 4,
                "extras": 0,
                "total": 4
              }
            },
            {
              "batter": "Tamoor Sajjad",
              "bowler": "Imran Haider",
              "non_striker": "Inam-ul-Haq",
              "runs": {
                "batter": 1,
                "extras": 0,
                "total": 1
              }
            },
            {
              "batter": "Inam-ul-Haq",
              "bowler": "Imran Haider",
              "non_striker": "Tamoor Sajjad",
              "runs": {
                "batter": 1,
                "extras": 0,
                "total": 1
              }
            },
            {
              "batter": "Tamoor Sajjad",
              "bowler": "Imran Haider",
              "non_striker": "Inam-ul-Haq",
              "runs": {
                "batter": 0,
                "extras": 0,
                "total": 0
              }
            },
            {
              "batter": "Tamoor Sajjad",
              "bowler": "Imran Haider",
              "non_striker": "Inam-ul-Haq",
              "runs": {
                "batter": 4,
                "extras": 0,
                "total": 4
              }
            },
            {
              "batter": "Tamoor Sajjad",
              "bowler": "Imran Haider",
              "non_striker": "Inam-ul-Haq",
              "runs": {
                "batter": 1,
                "extras": 0,
                "total": 1
              }
            }
          ]
        },
        {
          "over": 11,
          "deliveries": [
            {
              "batter": "Tamoor Sajjad",
              "bowler": "Zahoor Khan",
              "extras": {
                "byes": 1
              },
              "non_striker": "Inam-ul-Haq",
              "runs": {
                "batter": 0,
                "extras": 1,
                "total": 1
              }
            },
            {
              "batter": "Inam-ul-Haq",
              "bowler": "Zahoor Khan",
              "non_striker": "Tamoor Sajjad",
              "runs": {
                "batter": 0,
                "extras": 0,
                "total": 0
              }
            },
            {
              "batter": "Inam-ul-Haq",
              "bowler": "Zahoor Khan",
              "non_striker": "Tamoor Sajjad",
              "runs": {
                "batter": 1,
                "extras": 0,
                "total": 1
              }
            },
            {
              "batter": "Tamoor Sajjad",
              "bowler": "Zahoor Khan",
              "non_striker": "Inam-ul-Haq",
              "runs": {
                "batter": 1,
                "extras": 0,
                "total": 1
              }
            },
            {
              "batter": "Inam-ul-Haq",
              "bowler": "Zahoor Khan",
              "non_striker": "Tamoor Sajjad",
              "runs": {
                "batter": 1,
                "extras": 0,
                "total": 1
              }
            },
            {
              "batter": "Tamoor Sajjad",
              "bowler": "Zahoor Khan",
              "non_striker": "Inam-ul-Haq",
              "runs": {
                "batter": 0,
                "extras": 0,
                "total": 0
              }
            }
          ]
        },
        {
          "over": 12,
          "deliveries": [
            {
              "batter": "Inam-ul-Haq",
              "bowler": "Imran Haider",
              "non_striker": "Tamoor Sajjad",
              "runs": {
                "batter": 1,
                "extras": 0,
                "total": 1
              }
            },
            {
              "batter": "Tamoor Sajjad",
              "bowler": "Imran Haider",
              "non_striker": "Inam-ul-Haq",
              "runs": {
                "batter": 1,
                "extras": 0,
                "total": 1
              }
            },
            {
              "batter": "Inam-ul-Haq",
              "bowler": "Imran Haider",
              "non_striker": "Tamoor Sajjad",
              "runs": {
                "batter": 0,
                "extras": 0,
                "total": 0
              }
            },
            {
              "batter": "Inam-ul-Haq",
              "bowler": "Imran Haider",
              "non_striker": "Tamoor Sajjad",
              "runs": {
                "batter": 0,
                "extras": 0,
                "total": 0
              },
              "wickets": [
                {
                  "player_out": "Inam-ul-Haq",
                  "fielders": [
                    {
                      "name": "Muhammad Usman"
                    }
                  ],
                  "kind": "caught"
                }
              ]
            },
            {
              "batter": "Muhammad Tanveer",
              "bowler": "Imran Haider",
              "non_striker": "Tamoor Sajjad",
              "runs": {
                "batter": 0,
                "extras": 0,
                "total": 0
              }
            },
            {
              "batter": "Muhammad Tanveer",
              "bowler": "Imran Haider",
              "non_striker": "Tamoor Sajjad",
              "runs": {
                "batter": 1,
                "extras": 0,
                "total": 1
              }
            }
          ]
        },
        {
          "over": 13,
          "deliveries": [
            {
              "batter": "Muhammad Tanveer",
              "bowler": "Zahoor Khan",
              "non_striker": "Tamoor Sajjad",
              "runs": {
                "batter": 1,
                "extras": 0,
                "total": 1
              }
            },
            {
              "batter": "Tamoor Sajjad",
              "bowler": "Zahoor Khan",
              "non_striker": "Muhammad Tanveer",
              "runs": {
                "batter": 0,
                "extras": 0,
                "total": 0
              }
            },
            {
              "batter": "Tamoor Sajjad",
              "bowler": "Zahoor Khan",
              "non_striker": "Muhammad Tanveer",
              "runs": {
                "batter": 1,
                "extras": 0,
                "total": 1
              }
            },
            {
              "batter": "Muhammad Tanveer",
              "bowler": "Zahoor Khan",
              "non_striker": "Tamoor Sajjad",
              "runs": {
                "batter": 1,
                "extras": 0,
                "total": 1
              }
            },
            {
              "batter": "Tamoor Sajjad",
              "bowler": "Zahoor Khan",
              "non_striker": "Muhammad Tanveer",
              "runs": {
                "batter": 1,
                "extras": 0,
                "total": 1
              }
            },
            {
              "batter": "Muhammad Tanveer",
              "bowler": "Zahoor Khan",
              "non_striker": "Tamoor Sajjad",
              "runs": {
                "batter": 1,
                "extras": 0,
                "total": 1
              }
            }
          ]
        },
        {
          "over": 14,
          "deliveries": [
            {
              "batter": "Muhammad Tanveer",
              "bowler": "Rohan Mustafa",
              "non_striker": "Tamoor Sajjad",
              "runs": {
                "batter": 0,
                "extras": 0,
                "total": 0
              }
            },
            {
              "batter": "Muhammad Tanveer",
              "bowler": "Rohan Mustafa",
              "non_striker": "Tamoor Sajjad",
              "runs": {
                "batter": 1,
                "extras": 0,
                "total": 1
              }
            },
            {
              "batter": "Tamoor Sajjad",
              "bowler": "Rohan Mustafa",
              "non_striker": "Muhammad Tanveer",
              "runs": {
                "batter": 1,
                "extras": 0,
                "total": 1
              }
            },
            {
              "batter": "Muhammad Tanveer",
              "bowler": "Rohan Mustafa",
              "non_striker": "Tamoor Sajjad",
              "runs": {
                "batter": 1,
                "extras": 0,
                "total": 1
              }
            },
            {
              "batter": "Tamoor Sajjad",
              "bowler": "Rohan Mustafa",
              "non_striker": "Muhammad Tanveer",
              "runs": {
                "batter": 1,
                "extras": 0,
                "total": 1
              }
            },
            {
              "batter": "Muhammad Tanveer",
              "bowler": "Rohan Mustafa",
              "non_striker": "Tamoor Sajjad",
              "runs": {
                "batter": 0,
                "extras": 0,
                "total": 0
              }
            }
          ]
        },
        {
          "over": 15,
          "deliveries": [
            {
              "batter": "Tamoor Sajjad",
              "bowler": "Zahoor Khan",
              "non_striker": "Muhammad Tanveer",
              "runs": {
                "batter": 1,
                "extras": 0,
                "total": 1
              }
            },
            {
              "batter": "Muhammad Tanveer",
              "bowler": "Zahoor Khan",
              "non_striker": "Tamoor Sajjad",
              "runs": {
                "batter": 0,
                "extras": 0,
                "total": 0
              },
              "wickets": [
                {
                  "player_out": "Muhammad Tanveer",
                  "fielders": [
                    {
                      "name": "Muhammad Usman"
                    }
                  ],
                  "kind": "caught"
                }
              ]
            },
            {
              "batter": "Tamoor Sajjad",
              "bowler": "Zahoor Khan",
              "non_striker": "Nouman Sarwar",
              "runs": {
                "batter": 1,
                "extras": 0,
                "total": 1
              }
            },
            {
              "batter": "Nouman Sarwar",
              "bowler": "Zahoor Khan",
              "extras": {
                "wides": 1
              },
              "non_striker": "Tamoor Sajjad",
              "runs": {
                "batter": 0,
                "extras": 1,
                "total": 1
              }
            },
            {
              "batter": "Nouman Sarwar",
              "bowler": "Zahoor Khan",
              "non_striker": "Tamoor Sajjad",
              "runs": {
                "batter": 1,
                "extras": 0,
                "total": 1
              }
            },
            {
              "batter": "Tamoor Sajjad",
              "bowler": "Zahoor Khan",
              "non_striker": "Nouman Sarwar",
              "runs": {
                "batter": 1,
                "extras": 0,
                "total": 1
              }
            },
            {
              "batter": "Nouman Sarwar",
              "bowler": "Zahoor Khan",
              "extras": {
                "legbyes": 1
              },
              "non_striker": "Tamoor Sajjad",
              "runs": {
                "batter": 0,
                "extras": 1,
                "total": 1
              }
            }
          ]
        },
        {
          "over": 16,
          "deliveries": [
            {
              "batter": "Nouman Sarwar",
              "bowler": "Rohan Mustafa",
              "non_striker": "Tamoor Sajjad",
              "runs": {
                "batter": 1,
                "extras": 0,
                "total": 1
              }
            },
            {
              "batter": "Tamoor Sajjad",
              "bowler": "Rohan Mustafa",
              "non_striker": "Nouman Sarwar",
              "runs": {
                "batter": 0,
                "extras": 0,
                "total": 0
              }
            },
            {
              "batter": "Tamoor Sajjad",
              "bowler": "Rohan Mustafa",
              "non_striker": "Nouman Sarwar",
              "runs": {
                "batter": 1,
                "extras": 0,
                "total": 1
              }
            },
            {
              "batter": "Nouman Sarwar",
              "bowler": "Rohan Mustafa",
              "non_striker": "Tamoor Sajjad",
              "runs": {
                "batter": 0,
                "extras": 0,
                "total": 0
              }
            },
            {
              "batter": "Nouman Sarwar",
              "bowler": "Rohan Mustafa",
              "non_striker": "Tamoor Sajjad",
              "runs": {
                "batter": 0,
                "extras": 0,
                "total": 0
              }
            },
            {
              "batter": "Nouman Sarwar",
              "bowler": "Rohan Mustafa",
              "non_striker": "Tamoor Sajjad",
              "runs": {
                "batter": 1,
                "extras": 0,
                "total": 1
              }
            }
          ]
        },
        {
          "over": 17,
          "deliveries": [
            {
              "batter": "Nouman Sarwar",
              "bowler": "Mohammad Naveed",
              "non_striker": "Tamoor Sajjad",
              "runs": {
                "batter": 1,
                "extras": 0,
                "total": 1
              }
            },
            {
              "batter": "Tamoor Sajjad",
              "bowler": "Mohammad Naveed",
              "non_striker": "Nouman Sarwar",
              "runs": {
                "batter": 0,
                "extras": 0,
                "total": 0
              },
              "wickets": [
                {
                  "player_out": "Tamoor Sajjad",
                  "kind": "bowled"
                }
              ]
            },
            {
              "batter": "Kamran Khan",
              "bowler": "Mohammad Naveed",
              "non_striker": "Nouman Sarwar",
              "runs": {
                "batter": 0,
                "extras": 0,
                "total": 0
              }
            },
            {
              "batter": "Kamran Khan",
              "bowler": "Mohammad Naveed",
              "non_striker": "Nouman Sarwar",
              "runs": {
                "batter": 0,
                "extras": 0,
                "total": 0
              },
              "wickets": [
                {
                  "player_out": "Kamran Khan",
                  "kind": "lbw"
                }
              ]
            },
            {
              "batter": "Mohammad Rizlan",
              "bowler": "Mohammad Naveed",
              "non_striker": "Nouman Sarwar",
              "runs": {
                "batter": 1,
                "extras": 0,
                "total": 1
              }
            },
            {
              "batter": "Nouman Sarwar",
              "bowler": "Mohammad Naveed",
              "non_striker": "Mohammad Rizlan",
              "runs": {
                "batter": 1,
                "extras": 0,
                "total": 1
              }
            }
          ]
        },
        {
          "over": 18,
          "deliveries": [
            {
              "batter": "Mohammad Rizlan",
              "bowler": "Qadeer Ahmed",
              "non_striker": "Nouman Sarwar",
              "runs": {
                "batter": 1,
                "extras": 0,
                "total": 1
              }
            },
            {
              "batter": "Nouman Sarwar",
              "bowler": "Qadeer Ahmed",
              "non_striker": "Mohammad Rizlan",
              "runs": {
                "batter": 1,
                "extras": 0,
                "total": 1
              }
            },
            {
              "batter": "Mohammad Rizlan",
              "bowler": "Qadeer Ahmed",
              "non_striker": "Nouman Sarwar",
              "runs": {
                "batter": 1,
                "extras": 0,
                "total": 1
              }
            },
            {
              "batter": "Nouman Sarwar",
              "bowler": "Qadeer Ahmed",
              "non_striker": "Mohammad Rizlan",
              "runs": {
                "batter": 4,
                "extras": 0,
                "total": 4
              }
            },
            {
              "batter": "Nouman Sarwar",
              "bowler": "Qadeer Ahmed",
              "extras": {
                "noballs": 1
              },
              "non_striker": "Mohammad Rizlan",
              "runs": {
                "batter": 2,
                "extras": 1,
                "total": 3
              }
            },
            {
              "batter": "Nouman Sarwar",
              "bowler": "Qadeer Ahmed",
              "extras": {
                "wides": 1
              },
              "non_striker": "Mohammad Rizlan",
              "runs": {
                "batter": 0,
                "extras": 1,
                "total": 1
              }
            },
            {
              "batter": "Nouman Sarwar",
              "bowler": "Qadeer Ahmed",
              "non_striker": "Mohammad Rizlan",
              "runs": {
                "batter": 4,
                "extras": 0,
                "total": 4
              }
            },
            {
              "batter": "Nouman Sarwar",
              "bowler": "Qadeer Ahmed",
              "non_striker": "Mohammad Rizlan",
              "runs": {
                "batter": 6,
                "extras": 0,
                "total": 6
              }
            }
          ]
        },
        {
          "over": 19,
          "deliveries": [
            {
              "batter": "Mohammad Rizlan",
              "bowler": "Mohammad Naveed",
              "extras": {
                "legbyes": 1
              },
              "non_striker": "Nouman Sarwar",
              "runs": {
                "batter": 0,
                "extras": 1,
                "total": 1
              }
            },
            {
              "batter": "Nouman Sarwar",
              "bowler": "Mohammad Naveed",
              "extras": {
                "legbyes": 1
              },
              "non_striker": "Mohammad Rizlan",
              "runs": {
                "batter": 0,
                "extras": 1,
                "total": 1
              }
            },
            {
              "batter": "Mohammad Rizlan",
              "bowler": "Mohammad Naveed",
              "non_striker": "Nouman Sarwar",
              "runs": {
                "batter": 1,
                "extras": 0,
                "total": 1
              }
            },
            {
              "batter": "Nouman Sarwar",
              "bowler": "Mohammad Naveed",
              "non_striker": "Mohammad Rizlan",
              "runs": {
                "batter": 1,
                "extras": 0,
                "total": 1
              }
            },
            {
              "batter": "Mohammad Rizlan",
              "bowler": "Mohammad Naveed",
              "non_striker": "Nouman Sarwar",
              "runs": {
                "batter": 1,
                "extras": 0,
                "total": 1
              }
            },
            {
              "batter": "Nouman Sarwar",
              "bowler": "Mohammad Naveed",
              "non_striker": "Mohammad Rizlan",
              "runs": {
                "batter": 1,
                "extras": 0,
                "total": 1
              }
            }
          ]
        }
      ],
      "powerplays": [
        {
          "from": 0.1,
          "to": 5.6,
          "type": "mandatory"
        }
      ]
    },
    {
      "team": "United Arab Emirates",
      "overs": [
        {
          "over": 0,
          "deliveries": [
            {
              "batter": "Ashfaq Ahmed",
              "bowler": "Mohammed Awais",
              "non_striker": "Chirag Suri",
              "runs": {
                "batter": 2,
                "extras": 0,
                "total": 2
              }
            },
            {
              "batter": "Ashfaq Ahmed",
              "bowler": "Mohammed Awais",
              "non_striker": "Chirag Suri",
              "runs": {
                "batter": 0,
                "extras": 0,
                "total": 0
              }
            },
            {
              "batter": "Ashfaq Ahmed",
              "bowler": "Mohammed Awais",
              "extras": {
                "wides": 1
              },
              "non_striker": "Chirag Suri",
              "runs": {
                "batter": 0,
                "extras": 1,
                "total": 1
              }
            },
            {
              "batter": "Ashfaq Ahmed",
              "bowler": "Mohammed Awais",
              "non_striker": "Chirag Suri",
              "runs": {
                "batter": 1,
                "extras": 0,
                "total": 1
              }
            },
            {
              "batter": "Chirag Suri",
              "bowler": "Mohammed Awais",
              "extras": {
                "wides": 1
              },
              "non_striker": "Ashfaq Ahmed",
              "runs": {
                "batter": 0,
                "extras": 1,
                "total": 1
              }
            },
            {
              "batter": "Chirag Suri",
              "bowler": "Mohammed Awais",
              "non_striker": "Ashfaq Ahmed",
              "runs": {
                "batter": 0,
                "extras": 0,
                "total": 0
              }
            },
            {
              "batter": "Chirag Suri",
              "bowler": "Mohammed Awais",
              "extras": {
                "wides": 1
              },
              "non_striker": "Ashfaq Ahmed",
              "runs": {
                "batter": 0,
                "extras": 1,
                "total": 1
              }
            },
            {
              "batter": "Chirag Suri",
              "bowler": "Mohammed Awais",
              "non_striker": "Ashfaq Ahmed",
              "runs": {
                "batter": 1,
                "extras": 0,
                "total": 1
              }
            },
            {
              "batter": "Ashfaq Ahmed",
              "bowler": "Mohammed Awais",
              "non_striker": "Chirag Suri",
              "runs": {
                "batter": 0,
                "extras": 0,
                "total": 0
              }
            }
          ]
        },
        {
          "over": 1,
          "deliveries": [
            {
              "batter": "Chirag Suri",
              "bowler": "Gayan Munaweera",
              "extras": {
                "wides": 1
              },
              "non_striker": "Ashfaq Ahmed",
              "runs": {
                "batter": 0,
                "extras": 1,
                "total": 1
              }
            },
            {
              "batter": "Chirag Suri",
              "bowler": "Gayan Munaweera",
              "non_striker": "Ashfaq Ahmed",
              "runs": {
                "batter": 0,
                "extras": 0,
                "total": 0
              }
            },
            {
              "batter": "Chirag Suri",
              "bowler": "Gayan Munaweera",
              "non_striker": "Ashfaq Ahmed",
              "runs": {
                "batter": 2,
                "extras": 0,
                "total": 2
              }
            },
            {
              "batter": "Chirag Suri",
              "bowler": "Gayan Munaweera",
              "non_striker": "Ashfaq Ahmed",
              "runs": {
                "batter": 1,
                "extras": 0,
                "total": 1
              }
            },
            {
              "batter": "Ashfaq Ahmed",
              "bowler": "Gayan Munaweera",
              "non_striker": "Chirag Suri",
              "runs": {
                "batter": 2,
                "extras": 0,
                "total": 2
              }
            },
            {
              "batter": "Ashfaq Ahmed",
              "bowler": "Gayan Munaweera",
              "non_striker": "Chirag Suri",
              "runs": {
                "batter": 6,
                "extras": 0,
                "total": 6
              }
            },
            {
              "batter": "Ashfaq Ahmed",
              "bowler": "Gayan Munaweera",
              "non_striker": "Chirag Suri",
              "runs": {
                "batter": 1,
                "extras": 0,
                "total": 1
              }
            }
          ]
        },
        {
          "over": 2,
          "deliveries": [
            {
              "batter": "Ashfaq Ahmed",
              "bowler": "Mohammed Awais",
              "non_striker": "Chirag Suri",
              "runs": {
                "batter": 0,
                "extras": 0,
                "total": 0
              }
            },
            {
              "batter": "Ashfaq Ahmed",
              "bowler": "Mohammed Awais",
              "non_striker": "Chirag Suri",
              "runs": {
                "batter": 4,
                "extras": 0,
                "total": 4
              }
            },
            {
              "batter": "Ashfaq Ahmed",
              "bowler": "Mohammed Awais",
              "non_striker": "Chirag Suri",
              "runs": {
                "batter": 0,
                "extras": 0,
                "total": 0
              }
            },
            {
              "batter": "Ashfaq Ahmed",
              "bowler": "Mohammed Awais",
              "non_striker": "Chirag Suri",
              "runs": {
                "batter": 0,
                "extras": 0,
                "total": 0
              },
              "wickets": [
                {
                  "player_out": "Ashfaq Ahmed",
                  "kind": "bowled"
                }
              ]
            },
            {
              "batter": "Rohan Mustafa",
              "bowler": "Mohammed Awais",
              "non_striker": "Chirag Suri",
              "runs": {
                "batter": 1,
                "extras": 0,
                "total": 1
              }
            },
            {
              "batter": "Chirag Suri",
              "bowler": "Mohammed Awais",
              "non_striker": "Rohan Mustafa",
              "runs": {
                "batter": 0,
                "extras": 0,
                "total": 0
              }
            }
          ]
        },
        {
          "over": 3,
          "deliveries": [
            {
              "batter": "Rohan Mustafa",
              "bowler": "Gayan Munaweera",
              "non_striker": "Chirag Suri",
              "runs": {
                "batter": 0,
                "extras": 0,
                "total": 0
              }
            },
            {
              "batter": "Rohan Mustafa",
              "bowler": "Gayan Munaweera",
              "non_striker": "Chirag Suri",
              "runs": {
                "batter": 4,
                "extras": 0,
                "total": 4
              }
            },
            {
              "batter": "Rohan Mustafa",
              "bowler": "Gayan Munaweera",
              "non_striker": "Chirag Suri",
              "runs": {
                "batter": 0,
                "extras": 0,
                "total": 0
              }
            },
            {
              "batter": "Rohan Mustafa",
              "bowler": "Gayan Munaweera",
              "non_striker": "Chirag Suri",
              "runs": {
                "batter": 0,
                "extras": 0,
                "total": 0
              }
            },
            {
              "batter": "Rohan Mustafa",
              "bowler": "Gayan Munaweera",
              "non_striker": "Chirag Suri",
              "runs": {
                "batter": 1,
                "extras": 0,
                "total": 1
              }
            },
            {
              "batter": "Chirag Suri",
              "bowler": "Gayan Munaweera",
              "non_striker": "Rohan Mustafa",
              "runs": {
                "batter": 1,
                "extras": 0,
                "total": 1
              }
            }
          ]
        },
        {
          "over": 4,
          "deliveries": [
            {
              "batter": "Chirag Suri",
              "bowler": "Mohammed Awais",
              "non_striker": "Rohan Mustafa",
              "runs": {
                "batter": 0,
                "extras": 0,
                "total": 0
              }
            },
            {
              "batter": "Chirag Suri",
              "bowler": "Mohammed Awais",
              "non_striker": "Rohan Mustafa",
              "runs": {
                "batter": 0,
                "extras": 0,
                "total": 0
              }
            },
            {
              "batter": "Chirag Suri",
              "bowler": "Mohammed Awais",
              "non_striker": "Rohan Mustafa",
              "runs": {
                "batter": 1,
                "extras": 0,
                "total": 1
              }
            },
            {
              "batter": "Rohan Mustafa",
              "bowler": "Mohammed Awais",
              "extras": {
                "wides": 1
              },
              "non_striker": "Chirag Suri",
              "runs": {
                "batter": 0,
                "extras": 1,
                "total": 1
              }
            },
            {
              "batter": "Rohan Mustafa",
              "bowler": "Mohammed Awais",
              "non_striker": "Chirag Suri",
              "runs": {
                "batter": 1,
                "extras": 0,
                "total": 1
              }
            },
            {
              "batter": "Chirag Suri",
              "bowler": "Mohammed Awais",
              "non_striker": "Rohan Mustafa",
              "runs": {
                "batter": 4,
                "extras": 0,
                "total": 4
              }
            },
            {
              "batter": "Chirag Suri",
              "bowler": "Mohammed Awais",
              "non_striker": "Rohan Mustafa",
              "runs": {
                "batter": 0,
                "extras": 0,
                "total": 0
              }
            }
          ]
        },
        {
          "over": 5,
          "deliveries": [
            {
              "batter": "Rohan Mustafa",
              "bowler": "Inam-ul-Haq",
              "non_striker": "Chirag Suri",
              "runs": {
                "batter": 0,
                "extras": 0,
                "total": 0
              }
            },
            {
              "batter": "Rohan Mustafa",
              "bowler": "Inam-ul-Haq",
              "non_striker": "Chirag Suri",
              "runs": {
                "batter": 2,
                "extras": 0,
                "total": 2
              }
            },
            {
              "batter": "Rohan Mustafa",
              "bowler": "Inam-ul-Haq",
              "non_striker": "Chirag Suri",
              "runs": {
                "batter": 2,
                "extras": 0,
                "total": 2
              }
            },
            {
              "batter": "Rohan Mustafa",
              "bowler": "Inam-ul-Haq",
              "non_striker": "Chirag Suri",
              "runs": {
                "batter": 6,
                "extras": 0,
                "total": 6
              }
            },
            {
              "batter": "Rohan Mustafa",
              "bowler": "Inam-ul-Haq",
              "non_striker": "Chirag Suri",
              "runs": {
                "batter": 1,
                "extras": 0,
                "total": 1
              }
            },
            {
              "batter": "Chirag Suri",
              "bowler": "Inam-ul-Haq",
              "non_striker": "Rohan Mustafa",
              "runs": {
                "batter": 1,
                "extras": 0,
                "total": 1
              }
            }
          ]
        },
        {
          "over": 6,
          "deliveries": [
            {
              "batter": "Chirag Suri",
              "bowler": "Mohammed Nadeem",
              "non_striker": "Rohan Mustafa",
              "runs": {
                "batter": 1,
                "extras": 0,
                "total": 1
              }
            },
            {
              "batter": "Rohan Mustafa",
              "bowler": "Mohammed Nadeem",
              "non_striker": "Chirag Suri",
              "runs": {
                "batter": 1,
                "extras": 0,
                "total": 1
              }
            },
            {
              "batter": "Chirag Suri",
              "bowler": "Mohammed Nadeem",
              "non_striker": "Rohan Mustafa",
              "runs": {
                "batter": 2,
                "extras": 0,
                "total": 2
              }
            },
            {
              "batter": "Chirag Suri",
              "bowler": "Mohammed Nadeem",
              "non_striker": "Rohan Mustafa",
              "runs": {
                "batter": 1,
                "extras": 0,
                "total": 1
              }
            },
            {
              "batter": "Rohan Mustafa",
              "bowler": "Mohammed Nadeem",
              "non_striker": "Chirag Suri",
              "runs": {
                "batter": 6,
                "extras": 0,
                "total": 6
              }
            },
            {
              "batter": "Rohan Mustafa",
              "bowler": "Mohammed Nadeem",
              "non_striker": "Chirag Suri",
              "runs": {
                "batter": 1,
                "extras": 0,
                "total": 1
              }
            }
          ]
        },
        {
          "over": 7,
          "deliveries": [
            {
              "batter": "Rohan Mustafa",
              "bowler": "Inam-ul-Haq",
              "non_striker": "Chirag Suri",
              "runs": {
                "batter": 1,
                "extras": 0,
                "total": 1
              }
            },
            {
              "batter": "Chirag Suri",
              "bowler": "Inam-ul-Haq",
              "non_striker": "Rohan Mustafa",
              "runs": {
                "batter": 1,
                "extras": 0,
                "total": 1
              }
            },
            {
              "batter": "Rohan Mustafa",
              "bowler": "Inam-ul-Haq",
              "non_striker": "Chirag Suri",
              "runs": {
                "batter": 1,
                "extras": 0,
                "total": 1
              }
            },
            {
              "batter": "Chirag Suri",
              "bowler": "Inam-ul-Haq",
              "non_striker": "Rohan Mustafa",
              "runs": {
                "batter": 0,
                "extras": 0,
                "total": 0
              }
            },
            {
              "batter": "Chirag Suri",
              "bowler": "Inam-ul-Haq",
              "non_striker": "Rohan Mustafa",
              "runs": {
                "batter": 0,
                "extras": 0,
                "total": 0
              },
              "wickets": [
                {
                  "player_out": "Chirag Suri",
                  "kind": "bowled"
                }
              ]
            },
            {
              "batter": "Rameez Shahzad",
              "bowler": "Inam-ul-Haq",
              "non_striker": "Rohan Mustafa",
              "runs": {
                "batter": 1,
                "extras": 0,
                "total": 1
              }
            }
          ]
        },
        {
          "over": 8,
          "deliveries": [
            {
              "batter": "Rameez Shahzad",
              "bowler": "Tamoor Sajjad",
              "non_striker": "Rohan Mustafa",
              "runs": {
                "batter": 0,
                "extras": 0,
                "total": 0
              }
            },
            {
              "batter": "Rameez Shahzad",
              "bowler": "Tamoor Sajjad",
              "non_striker": "Rohan Mustafa",
              "runs": {
                "batter": 0,
                "extras": 0,
                "total": 0
              }
            },
            {
              "batter": "Rameez Shahzad",
              "bowler": "Tamoor Sajjad",
              "non_striker": "Rohan Mustafa",
              "runs": {
                "batter": 1,
                "extras": 0,
                "total": 1
              }
            },
            {
              "batter": "Rohan Mustafa",
              "bowler": "Tamoor Sajjad",
              "non_striker": "Rameez Shahzad",
              "runs": {
                "batter": 1,
                "extras": 0,
                "total": 1
              }
            },
            {
              "batter": "Rameez Shahzad",
              "bowler": "Tamoor Sajjad",
              "non_striker": "Rohan Mustafa",
              "runs": {
                "batter": 1,
                "extras": 0,
                "total": 1
              }
            },
            {
              "batter": "Rohan Mustafa",
              "bowler": "Tamoor Sajjad",
              "non_striker": "Rameez Shahzad",
              "runs": {
                "batter": 1,
                "extras": 0,
                "total": 1
              }
            }
          ]
        },
        {
          "over": 9,
          "deliveries": [
            {
              "batter": "Rohan Mustafa",
              "bowler": "Inam-ul-Haq",
              "non_striker": "Rameez Shahzad",
              "runs": {
                "batter": 2,
                "extras": 0,
                "total": 2
              }
            },
            {
              "batter": "Rohan Mustafa",
              "bowler": "Inam-ul-Haq",
              "non_striker": "Rameez Shahzad",
              "runs": {
                "batter": 6,
                "extras": 0,
                "total": 6
              }
            },
            {
              "batter": "Rohan Mustafa",
              "bowler": "Inam-ul-Haq",
              "non_striker": "Rameez Shahzad",
              "runs": {
                "batter": 1,
                "extras": 0,
                "total": 1
              }
            },
            {
              "batter": "Rameez Shahzad",
              "bowler": "Inam-ul-Haq",
              "non_striker": "Rohan Mustafa",
              "runs": {
                "batter": 1,
                "extras": 0,
                "total": 1
              }
            },
            {
              "batter": "Rohan Mustafa",
              "bowler": "Inam-ul-Haq",
              "non_striker": "Rameez Shahzad",
              "runs": {
                "batter": 1,
                "extras": 0,
                "total": 1
              }
            },
            {
              "batter": "Rameez Shahzad",
              "bowler": "Inam-ul-Haq",
              "non_striker": "Rohan Mustafa",
              "runs": {
                "batter": 1,
                "extras": 0,
                "total": 1
              }
            }
          ]
        },
        {
          "over": 10,
          "deliveries": [
            {
              "batter": "Rameez Shahzad",
              "bowler": "Tamoor Sajjad",
              "non_striker": "Rohan Mustafa",
              "runs": {
                "batter": 0,
                "extras": 0,
                "total": 0
              }
            },
            {
              "batter": "Rameez Shahzad",
              "bowler": "Tamoor Sajjad",
              "non_striker": "Rohan Mustafa",
              "runs": {
                "batter": 0,
                "extras": 0,
                "total": 0
              },
              "wickets": [
                {
                  "player_out": "Rameez Shahzad",
                  "kind": "bowled"
                }
              ]
            },
            {
              "batter": "Mohammad Boota",
              "bowler": "Tamoor Sajjad",
              "non_striker": "Rohan Mustafa",
              "runs": {
                "batter": 0,
                "extras": 0,
                "total": 0
              }
            },
            {
              "batter": "Mohammad Boota",
              "bowler": "Tamoor Sajjad",
              "non_striker": "Rohan Mustafa",
              "runs": {
                "batter": 0,
                "extras": 0,
                "total": 0
              }
            },
            {
              "batter": "Mohammad Boota",
              "bowler": "Tamoor Sajjad",
              "non_striker": "Rohan Mustafa",
              "runs": {
                "batter": 1,
                "extras": 0,
                "total": 1
              }
            },
            {
              "batter": "Rohan Mustafa",
              "bowler": "Tamoor Sajjad",
              "non_striker": "Mohammad Boota",
              "runs": {
                "batter": 1,
                "extras": 0,
                "total": 1
              }
            }
          ]
        },
        {
          "over": 11,
          "deliveries": [
            {
              "batter": "Rohan Mustafa",
              "bowler": "Mohammed Nadeem",
              "non_striker": "Mohammad Boota",
              "runs": {
                "batter": 0,
                "extras": 0,
                "total": 0
              }
            },
            {
              "batter": "Rohan Mustafa",
              "bowler": "Mohammed Nadeem",
              "non_striker": "Mohammad Boota",
              "runs": {
                "batter": 0,
                "extras": 0,
                "total": 0
              }
            },
            {
              "batter": "Rohan Mustafa",
              "bowler": "Mohammed Nadeem",
              "non_striker": "Mohammad Boota",
              "runs": {
                "batter": 1,
                "extras": 0,
                "total": 1
              }
            },
            {
              "batter": "Mohammad Boota",
              "bowler": "Mohammed Nadeem",
              "non_striker": "Rohan Mustafa",
              "runs": {
                "batter": 0,
                "extras": 0,
                "total": 0
              }
            },
            {
              "batter": "Rohan Mustafa",
              "bowler": "Mohammed Nadeem",
              "non_striker": "Mohammad Boota",
              "runs": {
                "batter": 4,
                "extras": 0,
                "total": 4
              }
            },
            {
              "batter": "Rohan Mustafa",
              "bowler": "Mohammed Nadeem",
              "non_striker": "Mohammad Boota",
              "runs": {
                "batter": 1,
                "extras": 0,
                "total": 1
              }
            }
          ]
        },
        {
          "over": 12,
          "deliveries": [
            {
              "batter": "Rohan Mustafa",
              "bowler": "Tamoor Sajjad",
              "non_striker": "Mohammad Boota",
              "runs": {
                "batter": 6,
                "extras": 0,
                "total": 6
              }
            },
            {
              "batter": "Rohan Mustafa",
              "bowler": "Tamoor Sajjad",
              "non_striker": "Mohammad Boota",
              "runs": {
                "batter": 6,
                "extras": 0,
                "total": 6
              }
            },
            {
              "batter": "Rohan Mustafa",
              "bowler": "Tamoor Sajjad",
              "extras": {
                "byes": 4
              },
              "non_striker": "Mohammad Boota",
              "runs": {
                "batter": 0,
                "extras": 4,
                "total": 4
              }
            },
            {
              "batter": "Rohan Mustafa",
              "bowler": "Tamoor Sajjad",
              "non_striker": "Mohammad Boota",
              "runs": {
                "batter": 2,
                "extras": 0,
                "total": 2
              }
            },
            {
              "batter": "Rohan Mustafa",
              "bowler": "Tamoor Sajjad",
              "non_striker": "Mohammad Boota",
              "runs": {
                "batter": 1,
                "extras": 0,
                "total": 1
              }
            },
            {
              "batter": "Mohammad Boota",
              "bowler": "Tamoor Sajjad",
              "non_striker": "Rohan Mustafa",
              "runs": {
                "batter": 0,
                "extras": 0,
                "total": 0
              }
            }
          ]
        },
        {
          "over": 13,
          "deliveries": [
            {
              "batter": "Rohan Mustafa",
              "bowler": "Nouman Sarwar",
              "non_striker": "Mohammad Boota",
              "runs": {
                "batter": 0,
                "extras": 0,
                "total": 0
              }
            },
            {
              "batter": "Rohan Mustafa",
              "bowler": "Nouman Sarwar",
              "non_striker": "Mohammad Boota",
              "runs": {
                "batter": 1,
                "extras": 0,
                "total": 1
              }
            },
            {
              "batter": "Mohammad Boota",
              "bowler": "Nouman Sarwar",
              "non_striker": "Rohan Mustafa",
              "runs": {
                "batter": 1,
                "extras": 0,
                "total": 1
              }
            },
            {
              "batter": "Rohan Mustafa",
              "bowler": "Nouman Sarwar",
              "non_striker": "Mohammad Boota",
              "runs": {
                "batter": 1,
                "extras": 0,
                "total": 1
              }
            },
            {
              "batter": "Mohammad Boota",
              "bowler": "Nouman Sarwar",
              "non_striker": "Rohan Mustafa",
              "runs": {
                "batter": 1,
                "extras": 0,
                "total": 1
              }
            },
            {
              "batter": "Rohan Mustafa",
              "bowler": "Nouman Sarwar",
              "non_striker": "Mohammad Boota",
              "runs": {
                "batter": 2,
                "extras": 0,
                "total": 2
              }
            }
          ]
        },
        {
          "over": 14,
          "deliveries": [
            {
              "batter": "Mohammad Boota",
              "bowler": "Gayan Munaweera",
              "non_striker": "Rohan Mustafa",
              "runs": {
                "batter": 0,
                "extras": 0,
                "total": 0
              }
            },
            {
              "batter": "Mohammad Boota",
              "bowler": "Gayan Munaweera",
              "non_striker": "Rohan Mustafa",
              "runs": {
                "batter": 0,
                "extras": 0,
                "total": 0
              }
            },
            {
              "batter": "Mohammad Boota",
              "bowler": "Gayan Munaweera",
              "non_striker": "Rohan Mustafa",
              "runs": {
                "batter": 2,
                "extras": 0,
                "total": 2
              }
            },
            {
              "batter": "Rohan Mustafa",
              "bowler": "Gayan Munaweera",
              "non_striker": "Mohammad Boota",
              "runs": {
                "batter": 0,
                "extras": 0,
                "total": 0
              }
            },
            {
              "batter": "Rohan Mustafa",
              "bowler": "Gayan Munaweera",
              "non_striker": "Mohammad Boota",
              "runs": {
                "batter": 1,
                "extras": 0,
                "total": 1
              }
            },
            {
              "batter": "Mohammad Boota",
              "bowler": "Gayan Munaweera",
              "extras": {
                "wides": 1
              },
              "non_striker": "Rohan Mustafa",
              "runs": {
                "batter": 0,
                "extras": 1,
                "total": 1
              }
            },
            {
              "batter": "Mohammad Boota",
              "bowler": "Gayan Munaweera",
              "non_striker": "Rohan Mustafa",
              "runs": {
                "batter": 1,
                "extras": 0,
                "total": 1
              }
            }
          ]
        },
        {
          "over": 15,
          "deliveries": [
            {
              "batter": "Mohammad Boota",
              "bowler": "Nouman Sarwar",
              "non_striker": "Rohan Mustafa",
              "runs": {
                "batter": 1,
                "extras": 0,
                "total": 1
              }
            },
            {
              "batter": "Rohan Mustafa",
              "bowler": "Nouman Sarwar",
              "non_striker": "Mohammad Boota",
              "runs": {
                "batter": 1,
                "extras": 0,
                "total": 1
              }
            },
            {
              "batter": "Mohammad Boota",
              "bowler": "Nouman Sarwar",
              "non_striker": "Rohan Mustafa",
              "runs": {
                "batter": 1,
                "extras": 0,
                "total": 1
              }
            },
            {
              "batter": "Rohan Mustafa",
              "bowler": "Nouman Sarwar",
              "non_striker": "Mohammad Boota",
              "runs": {
                "batter": 1,
                "extras": 0,
                "total": 1
              }
            },
            {
              "batter": "Mohammad Boota",
              "bowler": "Nouman Sarwar",
              "non_striker": "Rohan Mustafa",
              "runs": {
                "batter": 1,
                "extras": 0,
                "total": 1
              }
            },
            {
              "batter": "Rohan Mustafa",
              "bowler": "Nouman Sarwar",
              "non_striker": "Mohammad Boota",
              "runs": {
                "batter": 1,
                "extras": 0,
                "total": 1
              }
            }
          ]
        },
        {
          "over": 16,
          "deliveries": [
            {
              "batter": "Rohan Mustafa",
              "bowler": "Gayan Munaweera",
              "non_striker": "Mohammad Boota",
              "runs": {
                "batter": 0,
                "extras": 0,
                "total": 0
              }
            },
            {
              "batter": "Rohan Mustafa",
              "bowler": "Gayan Munaweera",
              "non_striker": "Mohammad Boota",
              "runs": {
                "batter": 1,
                "extras": 0,
                "total": 1
              },
              "wickets": [
                {
                  "player_out": "Rohan Mustafa",
                  "kind": "run out"
                }
              ]
            },
            {
              "batter": "Mohammad Boota",
              "bowler": "Gayan Munaweera",
              "non_striker": "Muhammad Usman",
              "runs": {
                "batter": 0,
                "extras": 0,
                "total": 0
              }
            },
            {
              "batter": "Mohammad Boota",
              "bowler": "Gayan Munaweera",
              "non_striker": "Muhammad Usman",
              "runs": {
                "batter": 1,
                "extras": 0,
                "total": 1
              }
            },
            {
              "batter": "Muhammad Usman",
              "bowler": "Gayan Munaweera",
              "non_striker": "Mohammad Boota",
              "runs": {
                "batter": 1,
                "extras": 0,
                "total": 1
              }
            },
            {
              "batter": "Mohammad Boota",
              "bowler": "Gayan Munaweera",
              "non_striker": "Muhammad Usman",
              "runs": {
                "batter": 4,
                "extras": 0,
                "total": 4
              }
            }
          ]
        },
        {
          "over": 17,
          "deliveries": [
            {
              "batter": "Muhammad Usman",
              "bowler": "Mohammed Nadeem",
              "non_striker": "Mohammad Boota",
              "runs": {
                "batter": 0,
                "extras": 0,
                "total": 0
              }
            },
            {
              "batter": "Muhammad Usman",
              "bowler": "Mohammed Nadeem",
              "non_striker": "Mohammad Boota",
              "runs": {
                "batter": 2,
                "extras": 0,
                "total": 2
              }
            },
            {
              "batter": "Muhammad Usman",
              "bowler": "Mohammed Nadeem",
              "non_striker": "Mohammad Boota",
              "runs": {
                "batter": 1,
                "extras": 0,
                "total": 1
              }
            },
            {
              "batter": "Mohammad Boota",
              "bowler": "Mohammed Nadeem",
              "non_striker": "Muhammad Usman",
              "runs": {
                "batter": 0,
                "extras": 0,
                "total": 0
              }
            },
            {
              "batter": "Mohammad Boota",
              "bowler": "Mohammed Nadeem",
              "non_striker": "Muhammad Usman",
              "runs": {
                "batter": 6,
                "extras": 0,
                "total": 6
              }
            },
            {
              "batter": "Mohammad Boota",
              "bowler": "Mohammed Nadeem",
              "non_striker": "Muhammad Usman",
              "runs": {
                "batter": 0,
                "extras": 0,
                "total": 0
              }
            }
          ]
        },
        {
          "over": 18,
          "deliveries": [
            {
              "batter": "Muhammad Usman",
              "bowler": "Tamoor Sajjad",
              "non_striker": "Mohammad Boota",
              "runs": {
                "batter": 0,
                "extras": 0,
                "total": 0
              }
            },
            {
              "batter": "Muhammad Usman",
              "bowler": "Tamoor Sajjad",
              "non_striker": "Mohammad Boota",
              "runs": {
                "batter": 0,
                "extras": 0,
                "total": 0
              }
            },
            {
              "batter": "Muhammad Usman",
              "bowler": "Tamoor Sajjad",
              "extras": {
                "wides": 1
              },
              "non_striker": "Mohammad Boota",
              "runs": {
                "batter": 0,
                "extras": 1,
                "total": 1
              }
            },
            {
              "batter": "Muhammad Usman",
              "bowler": "Tamoor Sajjad",
              "non_striker": "Mohammad Boota",
              "runs": {
                "batter": 1,
                "extras": 0,
                "total": 1
              }
            }
          ]
        }
      ],
      "powerplays": [
        {
          "from": 0.1,
          "to": 5.6,
          "type": "mandatory"
        }
      ],
      "target": {
        "overs": 20,
        "runs": 144
      }
    }
  ]
}