{
  "meta": {
    "data_version": "1.0.0",
    "created": "2020-09-18",
    "revision": 1
  },
  "info": {
    "balls_per_over": 6,
    "city": "Kuwait City",
    "dates": [
      "2018-04-21"
    ],
    "event": {
      "name": "ICC World Twenty20 Asia Region Qualifier A",
      "match_number": 4
    },
    "gender": "male",
    "match_type": "IT20",
    "officials": {
      "match_referees": [
        "GF Labrooy"
      ],
      "reserve_umpires": [
        "Rahat Ali"
      ],
      "umpires": [
        "Iftikhar Ali",
        "BB Pradhan"
      ]
    },
    "outcome": {
      "winner": "Qatar",
      "by": {
        "runs": 26
      }
    },
    "overs": 20,
    "player_of_match": [
      "Inam-ul-Haq"
    ],
    "players": {
      "Qatar": [
        "Faisal Javed",
        "Muhammad Tanveer",
        "Inam-ul-Haq",
        "Kamran Khan",
        "Tamoor Sajjad",
        "Nouman Sarwar",
        "Mohammed Awais",
        "Mohammed Nadeem",
        "Mohammad Rizlan",
        "Gayan Munaweera",
        "Iqbal Hussain"
      ],
      "Kuwait": [
        "Usman Waheed",
        "Muhammad Kashif",
        "Abid Mushtaq",
        "Mohammed Asghar",
        "Ali Zaheer",
        "R Sandaruwan",
        "Sajid Manzil",
        "Mohammad Ahsan",
        "Azmatullah Nazeer",
        "Imran Ali",
        "Abdul Sadiq"
      ]
    },
    "registry": {
      "people": {
        "Abdul Sadiq": "365df3f9",
        "Abid Mushtaq": "f9979b69",
        "Ali Zaheer": "04ed04d2",
        "Azmatullah Nazeer": "3307fd38",
        "BB Pradhan": "8603d942",
        "Faisal Javed": "b0ef0346",
        "GF Labrooy": "8e088dbc",
        "Gayan Munaweera": "62141a22",
        "Iftikhar Ali": "fc537391",
        "Imran Ali": "dba4f593",
        "Inam-ul-Haq": "15c766c3",
        "Iqbal Hussain": "b9fd3959",
        "Kamran Khan": "922e3dcc",
        "Khurram Shahzad": "85b0ccd1",
        "Mohammad Ahsan": "62474838",
        "Mohammad Rizlan": "82afc034",
        "Mohammed Asghar": "eeb035e2",
        "Mohammed Awais": "34b8b1b5",
        "Mohammed Nadeem": "856cbb1e",
        "Muhammad Kashif": "e7458e4b",
        "Muhammad Tanveer": "aef39fe4",
        "Nouman Sarwar": "6adabee6",
        "R Sandaruwan": "cf6acc0d",
        "Rahat Ali": "458161f4",
        "Sajid Manzil": "b053725f",
        "Tamoor Sajjad": "7bb926a7",
        "Usman Waheed": "910584a7"
      }
    },
    "season": "2018",
    "team_type": "international",
    "teams": [
      "Qatar",
      "Kuwait"
    ],
    "toss": {
      "decision": "bat",
      "winner": "Qatar"
    },
    "venue": "Sulabiya Ground"
  },
  "innings": [
    {
      "team": "Qatar",
      "overs": [
        {
          "over": 0,
          "deliveries": [
            {
              "batter": "Faisal Javed",
              "bowler": "Mohammad Ahsan",
              "non_striker": "Muhammad Tanveer",
              "runs": {
                "batter": 4,
                "extras": 0,
                "total": 4
              }
            },
            {
              "batter": "Faisal Javed",
              "bowler": "Mohammad Ahsan",
              "non_striker": "Muhammad Tanveer",
              "runs": {
                "batter": 4,
                "extras": 0,
                "total": 4
              }
            },
            {
              "batter": "Faisal Javed",
              "bowler": "Mohammad Ahsan",
              "non_striker": "Muhammad Tanveer",
              "runs": {
                "batter": 0,
                "extras": 0,
                "total": 0
              }
            },
            {
              "batter": "Faisal Javed",
              "bowler": "Mohammad Ahsan",
              "non_striker": "Muhammad Tanveer",
              "runs": {
                "batter": 0,
                "extras": 0,
                "total": 0
              }
            },
            {
              "batter": "Faisal Javed",
              "bowler": "Mohammad Ahsan",
              "non_striker": "Muhammad Tanveer",
              "runs": {
                "batter": 1,
                "extras": 0,
                "total": 1
              }
            },
            {
              "batter": "Muhammad Tanveer",
              "bowler": "Mohammad Ahsan",
              "non_striker": "Faisal Javed",
              "runs": {
                "batter": 1,
                "extras": 0,
                "total": 1
              }
            }
          ]
        },
        {
          "over": 1,
          "deliveries": [
            {
              "batter": "Muhammad Tanveer",
              "bowler": "Azmatullah Nazeer",
              "non_striker": "Faisal Javed",
              "runs": {
                "batter": 1,
                "extras": 0,
                "total": 1
              }
            },
            {
              "batter": "Faisal Javed",
              "bowler": "Azmatullah Nazeer",
              "non_striker": "Muhammad Tanveer",
              "runs": {
                "batter": 0,
                "extras": 0,
                "total": 0
              }
            },
            {
              "batter": "Faisal Javed",
              "bowler": "Azmatullah Nazeer",
              "non_striker": "Muhammad Tanveer",
              "runs": {
                "batter": 6,
                "extras": 0,
                "total": 6
              }
            },
            {
              "batter": "Faisal Javed",
              "bowler": "Azmatullah Nazeer",
              "non_striker": "Muhammad Tanveer",
              "runs": {
                "batter": 1,
                "extras": 0,
                "total": 1
              }
            },
            {
              "batter": "Muhammad Tanveer",
              "bowler": "Azmatullah Nazeer",
              "non_striker": "Faisal Javed",
              "runs": {
                "batter": 0,
                "extras": 0,
                "total": 0
              }
            },
            {
              "batter": "Muhammad Tanveer",
              "bowler": "Azmatullah Nazeer",
              "non_striker": "Faisal Javed",
              "runs": {
                "batter": 0,
                "extras": 0,
                "total": 0
              }
            }
          ]
        },
        {
          "over": 2,
          "deliveries": [
            {
              "batter": "Faisal Javed",
              "bowler": "Mohammad Ahsan",
              "non_striker": "Muhammad Tanveer",
              "runs": {
                "batter": 0,
                "extras": 0,
                "total": 0
              }
            },
            {
              "batter": "Faisal Javed",
              "bowler": "Mohammad Ahsan",
              "non_striker": "Muhammad Tanveer",
              "runs": {
                "batter": 4,
                "extras": 0,
                "total": 4
              }
            },
            {
              "batter": "Faisal Javed",
              "bowler": "Mohammad Ahsan",
              "non_striker": "Muhammad Tanveer",
              "runs": {
                "batter": 1,
                "extras": 0,
                "total": 1
              }
            },
            {
              "batter": "Muhammad Tanveer",
              "bowler": "Mohammad Ahsan",
              "non_striker": "Faisal Javed",
              "runs": {
                "batter": 1,
                "extras": 0,
                "total": 1
              }
            },
            {
              "batter": "Faisal Javed",
              "bowler": "Mohammad Ahsan",
              "non_striker": "Muhammad Tanveer",
              "runs": {
                "batter": 6,
                "extras": 0,
                "total": 6
              }
            },
            {
              "batter": "Faisal Javed",
              "bowler": "Mohammad Ahsan",
              "non_striker": "Muhammad Tanveer",
              "runs": {
                "batter": 1,
                "extras": 0,
                "total": 1
              }
            }
          ]
        },
        {
          "over": 3,
          "deliveries": [
            {
              "batter": "Faisal Javed",
              "bowler": "Azmatullah Nazeer",
              "non_striker": "Muhammad Tanveer",
              "runs": {
                "batter": 4,
                "extras": 0,
                "total": 4
              }
            },
            {
              "batter": "Faisal Javed",
              "bowler": "Azmatullah Nazeer",
              "non_striker": "Muhammad Tanveer",
              "runs": {
                "batter": 4,
                "extras": 0,
                "total": 4
              }
            },
            {
              "batter": "Faisal Javed",
              "bowler": "Azmatullah Nazeer",
              "non_striker": "Muhammad Tanveer",
              "runs": {
                "batter": 0,
                "extras": 0,
                "total": 0
              }
            },
            {
              "batter": "Faisal Javed",
              "bowler": "Azmatullah Nazeer",
              "non_striker": "Muhammad Tanveer",
              "runs": {
                "batter": 0,
                "extras": 0,
                "total": 0
              }
            },
            {
              "batter": "Faisal Javed",
              "bowler": "Azmatullah Nazeer",
              "non_striker": "Muhammad Tanveer",
              "runs": {
                "batter": 4,
                "extras": 0,
                "total": 4
              }
            },
            {
              "batter": "Faisal Javed",
              "bowler": "Azmatullah Nazeer",
              "non_striker": "Muhammad Tanveer",
              "runs": {
                "batter": 0,
                "extras": 0,
                "total": 0
              }
            }
          ]
        },
        {
          "over": 4,
          "deliveries": [
            {
              "batter": "Muhammad Tanveer",
              "bowler": "Imran Ali",
              "non_striker": "Faisal Javed",
              "runs": {
                "batter": 0,
                "extras": 0,
                "total": 0
              }
            },
            {
              "batter": "Muhammad Tanveer",
              "bowler": "Imran Ali",
              "non_striker": "Faisal Javed",
              "runs": {
                "batter": 1,
                "extras": 0,
                "total": 1
              }
            },
            {
              "batter": "Faisal Javed",
              "bowler": "Imran Ali",
              "non_striker": "Muhammad Tanveer",
              "runs": {
                "batter": 2,
                "extras": 0,
                "total": 2
              }
            },
            {
              "batter": "Faisal Javed",
              "bowler": "Imran Ali",
              "non_striker": "Muhammad Tanveer",
              "runs": {
                "batter": 6,
                "extras": 0,
                "total": 6
              }
            },
            {
              "batter": "Faisal Javed",
              "bowler": "Imran Ali",
              "non_striker": "Muhammad Tanveer",
              "runs": {
                "batter": 0,
                "extras": 0,
                "total": 0
              }
            },
            {
              "batter": "Faisal Javed",
              "bowler": "Imran Ali",
              "non_striker": "Muhammad Tanveer",
              "runs": {
                "batter": 0,
                "extras": 0,
                "total": 0
              },
              "wickets": [
                {
                  "fielders": [
                    {
                      "name": "Ali Zaheer"
                    }
                  ],
                  "player_out": "Faisal Javed",
                  "kind": "caught"
                }
              ]
            }
          ]
        },
        {
          "over": 5,
          "deliveries": [
            {
              "batter": "Muhammad Tanveer",
              "bowler": "Muhammad Kashif",
              "extras": {
                "noballs": 1
              },
              "non_striker": "Inam-ul-Haq",
              "runs": {
                "batter": 1,
                "extras": 1,
                "total": 2
              }
            },
            {
              "batter": "Inam-ul-Haq",
              "bowler": "Muhammad Kashif",
              "non_striker": "Muhammad Tanveer",
              "runs": {
                "batter": 4,
                "extras": 0,
                "total": 4
              }
            },
            {
              "batter": "Inam-ul-Haq",
              "bowler": "Muhammad Kashif",
              "non_striker": "Muhammad Tanveer",
              "runs": {
                "batter": 4,
                "extras": 0,
                "total": 4
              }
            },
            {
              "batter": "Inam-ul-Haq",
              "bowler": "Muhammad Kashif",
              "non_striker": "Muhammad Tanveer",
              "runs": {
                "batter": 1,
                "extras": 0,
                "total": 1
              }
            },
            {
              "batter": "Muhammad Tanveer",
              "bowler": "Muhammad Kashif",
              "extras": {
                "legbyes": 1
              },
              "non_striker": "Inam-ul-Haq",
              "runs": {
                "batter": 0,
                "extras": 1,
                "total": 1
              }
            },
            {
              "batter": "Inam-ul-Haq",
              "bowler": "Muhammad Kashif",
              "non_striker": "Muhammad Tanveer",
              "runs": {
                "batter": 1,
                "extras": 0,
                "total": 1
              }
            },
            {
              "batter": "Muhammad Tanveer",
              "bowler": "Muhammad Kashif",
              "non_striker": "Inam-ul-Haq",
              "runs": {
                "batter": 2,
                "extras": 0,
                "total": 2
              }
            }
          ]
        },
        {
          "over": 6,
          "deliveries": [
            {
              "batter": "Inam-ul-Haq",
              "bowler": "Imran Ali",
              "non_striker": "Muhammad Tanveer",
              "runs": {
                "batter": 1,
                "extras": 0,
                "total": 1
              }
            },
            {
              "batter": "Muhammad Tanveer",
              "bowler": "Imran Ali",
              "non_striker": "Inam-ul-Haq",
              "runs": {
                "batter": 0,
                "extras": 0,
                "total": 0
              }
            },
            {
              "batter": "Muhammad Tanveer",
              "bowler": "Imran Ali",
              "non_striker": "Inam-ul-Haq",
              "runs": {
                "batter": 0,
                "extras": 0,
                "total": 0
              }
            },
            {
              "batter": "Muhammad Tanveer",
              "bowler": "Imran Ali",
              "non_striker": "Inam-ul-Haq",
              "runs": {
                "batter": 0,
                "extras": 0,
                "total": 0
              }
            },
            {
              "batter": "Muhammad Tanveer",
              "bowler": "Imran Ali",
              "non_striker": "Inam-ul-Haq",
              "runs": {
                "batter": 0,
                "extras": 0,
                "total": 0
              }
            },
            {
              "batter": "Muhammad Tanveer",
              "bowler": "Imran Ali",
              "non_striker": "Inam-ul-Haq",
              "runs": {
                "batter": 1,
                "extras": 0,
                "total": 1
              }
            }
          ]
        },
        {
          "over": 7,
          "deliveries": [
            {
              "batter": "Muhammad Tanveer",
              "bowler": "Muhammad Kashif",
              "non_striker": "Inam-ul-Haq",
              "runs": {
                "batter": 6,
                "extras": 0,
                "total": 6
              }
            },
            {
              "batter": "Muhammad Tanveer",
              "bowler": "Muhammad Kashif",
              "non_striker": "Inam-ul-Haq",
              "runs": {
                "batter": 1,
                "extras": 0,
                "total": 1
              }
            },
            {
              "batter": "Inam-ul-Haq",
              "bowler": "Muhammad Kashif",
              "non_striker": "Muhammad Tanveer",
              "runs": {
                "batter": 0,
                "extras": 0,
                "total": 0
              }
            },
            {
              "batter": "Inam-ul-Haq",
              "bowler": "Muhammad Kashif",
              "non_striker": "Muhammad Tanveer",
              "runs": {
                "batter": 1,
                "extras": 0,
                "total": 1
              }
            },
            {
              "batter": "Muhammad Tanveer",
              "bowler": "Muhammad Kashif",
              "non_striker": "Inam-ul-Haq",
              "runs": {
                "batter": 1,
                "extras": 0,
                "total": 1
              }
            },
            {
              "batter": "Inam-ul-Haq",
              "bowler": "Muhammad Kashif",
              "non_striker": "Muhammad Tanveer",
              "runs": {
                "batter": 1,
                "extras": 0,
                "total": 1
              }
            }
          ]
        },
        {
          "over": 8,
          "deliveries": [
            {
              "batter": "Inam-ul-Haq",
              "bowler": "Sajid Manzil",
              "non_striker": "Muhammad Tanveer",
              "runs": {
                "batter": 0,
                "extras": 0,
                "total": 0
              }
            },
            {
              "batter": "Inam-ul-Haq",
              "bowler": "Sajid Manzil",
              "non_striker": "Muhammad Tanveer",
              "runs": {
                "batter": 1,
                "extras": 0,
                "total": 1
              }
            },
            {
              "batter": "Muhammad Tanveer",
              "bowler": "Sajid Manzil",
              "non_striker": "Inam-ul-Haq",
              "runs": {
                "batter": 1,
                "extras": 0,
                "total": 1
              }
            },
            {
              "batter": "Inam-ul-Haq",
              "bowler": "Sajid Manzil",
              "non_striker": "Muhammad Tanveer",
              "runs": {
                "batter": 1,
                "extras": 0,
                "total": 1
              }
            },
            {
              "batter": "Muhammad Tanveer",
              "bowler": "Sajid Manzil",
              "non_striker": "Inam-ul-Haq",
              "runs": {
                "batter": 0,
                "extras": 0,
                "total": 0
              }
            },
            {
              "batter": "Muhammad Tanveer",
              "bowler": "Sajid Manzil",
              "non_striker": "Inam-ul-Haq",
              "runs": {
                "batter": 0,
                "extras": 0,
                "total": 0
              },
              "wickets": [
                {
                  "player_out": "Muhammad Tanveer",
                  "fielders": [
                    {
                      "name": "Imran Ali"
                    }
                  ],
                  "kind": "caught"
                }
              ]
            }
          ]
        },
        {
          "over": 9,
          "deliveries": [
            {
              "batter": "Inam-ul-Haq",
              "bowler": "Azmatullah Nazeer",
              "non_striker": "Kamran Khan",
              "runs": {
                "batter": 2,
                "extras": 0,
                "total": 2
              }
            },
            {
              "batter": "Inam-ul-Haq",
              "bowler": "Azmatullah Nazeer",
              "non_striker": "Kamran Khan",
              "runs": {
                "batter": 0,
                "extras": 0,
                "total": 0
              }
            },
            {
              "batter": "Inam-ul-Haq",
              "bowler": "Azmatullah Nazeer",
              "non_striker": "Kamran Khan",
              "runs": {
                "batter": 0,
                "extras": 0,
                "total": 0
              }
            },
            {
              "batter": "Inam-ul-Haq",
              "bowler": "Azmatullah Nazeer",
              "non_striker": "Kamran Khan",
              "runs": {
                "batter": 0,
                "extras": 0,
                "total": 0
              }
            },
            {
              "batter": "Inam-ul-Haq",
              "bowler": "Azmatullah Nazeer",
              "non_striker": "Kamran Khan",
              "runs": {
                "batter": 1,
                "extras": 0,
                "total": 1
              }
            },
            {
              "batter": "Kamran Khan",
              "bowler": "Azmatullah Nazeer",
              "non_striker": "Inam-ul-Haq",
              "runs": {
                "batter": 0,
                "extras": 0,
                "total": 0
              }
            }
          ]
        },
        {
          "over": 10,
          "deliveries": [
            {
              "batter": "Inam-ul-Haq",
              "bowler": "Sajid Manzil",
              "non_striker": "Kamran Khan",
              "runs": {
                "batter": 1,
                "extras": 0,
                "total": 1
              }
            },
            {
              "batter": "Kamran Khan",
              "bowler": "Sajid Manzil",
              "extras": {
                "wides": 1
              },
              "non_striker": "Inam-ul-Haq",
              "runs": {
                "batter": 0,
                "extras": 1,
                "total": 1
              }
            },
            {
              "batter": "Kamran Khan",
              "bowler": "Sajid Manzil",
              "non_striker": "Inam-ul-Haq",
              "runs": {
                "batter": 0,
                "extras": 0,
                "total": 0
              }
            },
            {
              "batter": "Kamran Khan",
              "bowler": "Sajid Manzil",
              "non_striker": "Inam-ul-Haq",
              "runs": {
                "batter": 1,
                "extras": 0,
                "total": 1
              }
            },
            {
              "batter": "Inam-ul-Haq",
              "bowler": "Sajid Manzil",
              "non_striker": "Kamran Khan",
              "runs": {
                "batter": 0,
                "extras": 0,
                "total": 0
              }
            },
            {
              "batter": "Inam-ul-Haq",
              "bowler": "Sajid Manzil",
              "non_striker": "Kamran Khan",
              "runs": {
                "batter": 4,
                "extras": 0,
                "total": 4
              }
            },
            {
              "batter": "Inam-ul-Haq",
              "bowler": "Sajid Manzil",
              "non_striker": "Kamran Khan",
              "runs": {
                "batter": 0,
                "extras": 0,
                "total": 0
              }
            }
          ]
        },
        {
          "over": 11,
          "deliveries": [
            {
              "batter": "Kamran Khan",
              "bowler": "Azmatullah Nazeer",
              "non_striker": "Inam-ul-Haq",
              "runs": {
                "batter": 6,
                "extras": 0,
                "total": 6
              }
            },
            {
              "batter": "Kamran Khan",
              "bowler": "Azmatullah Nazeer",
              "non_striker": "Inam-ul-Haq",
              "runs": {
                "batter": 0,
                "extras": 0,
                "total": 0
              }
            },
            {
              "batter": "Kamran Khan",
              "bowler": "Azmatullah Nazeer",
              "non_striker": "Inam-ul-Haq",
              "runs": {
                "batter": 1,
                "extras": 0,
                "total": 1
              }
            },
            {
              "batter": "Inam-ul-Haq",
              "bowler": "Azmatullah Nazeer",
              "extras": {
                "legbyes": 2
              },
              "non_striker": "Kamran Khan",
              "runs": {
                "batter": 0,
                "extras": 2,
                "total": 2
              }
            },
            {
              "batter": "Inam-ul-Haq",
              "bowler": "Azmatullah Nazeer",
              "non_striker": "Kamran Khan",
              "runs": {
                "batter": 0,
                "extras": 0,
                "total": 0
              }
            },
            {
              "batter": "Inam-ul-Haq",
              "bowler": "Azmatullah Nazeer",
              "non_striker": "Kamran Khan",
              "runs": {
                "batter": 0,
                "extras": 0,
                "total": 0
              }
            }
          ]
        },
        {
          "over": 12,
          "deliveries": [
            {
              "batter": "Kamran Khan",
              "bowler": "Sajid Manzil",
              "non_striker": "Inam-ul-Haq",
              "runs": {
                "batter": 0,
                "extras": 0,
                "total": 0
              }
            },
            {
              "batter": "Kamran Khan",
              "bowler": "Sajid Manzil",
              "non_striker": "Inam-ul-Haq",
              "runs": {
                "batter": 1,
                "extras": 0,
                "total": 1
              }
            },
            {
              "batter": "Inam-ul-Haq",
              "bowler": "Sajid Manzil",
              "non_striker": "Kamran Khan",
              "runs": {
                "batter": 1,
                "extras": 0,
                "total": 1
              }
            },
            {
              "batter": "Kamran Khan",
              "bowler": "Sajid Manzil",
              "extras": {
                "wides": 2
              },
              "non_striker": "Inam-ul-Haq",
              "runs": {
                "batter": 0,
                "extras": 2,
                "total": 2
              }
            },
            {
              "batter": "Inam-ul-Haq",
              "bowler": "Sajid Manzil",
              "non_striker": "Kamran Khan",
              "runs": {
                "batter": 0,
                "extras": 0,
                "total": 0
              },
              "wickets": [
                {
                  "player_out": "Inam-ul-Haq",
                  "kind": "bowled"
                }
              ]
            },
            {
              "batter": "Tamoor Sajjad",
              "bowler": "Sajid Manzil",
              "non_striker": "Kamran Khan",
              "runs": {
                "batter": 1,
                "extras": 0,
                "total": 1
              }
            },
            {
              "batter": "Kamran Khan",
              "bowler": "Sajid Manzil",
              "non_striker": "Tamoor Sajjad",
              "runs": {
                "batter": 0,
                "extras": 0,
                "total": 0
              }
            }
          ]
        },
        {
          "over": 13,
          "deliveries": [
            {
              "batter": "Tamoor Sajjad",
              "bowler": "R Sandaruwan",
              "non_striker": "Kamran Khan",
              "runs": {
                "batter": 1,
                "extras": 0,
                "total": 1
              }
            },
            {
              "batter": "Kamran Khan",
              "bowler": "R Sandaruwan",
              "non_striker": "Tamoor Sajjad",
              "runs": {
                "batter": 1,
                "extras": 0,
                "total": 1
              }
            },
            {
              "batter": "Tamoor Sajjad",
              "bowler": "R Sandaruwan",
              "non_striker": "Kamran Khan",
              "runs": {
                "batter": 0,
                "extras": 0,
                "total": 0
              }
            },
            {
              "batter": "Tamoor Sajjad",
              "bowler": "R Sandaruwan",
              "non_striker": "Kamran Khan",
              "runs": {
                "batter": 1,
                "extras": 0,
                "total": 1
              }
            },
            {
              "batter": "Kamran Khan",
              "bowler": "R Sandaruwan",
              "non_striker": "Tamoor Sajjad",
              "runs": {
                "batter": 1,
                "extras": 0,
                "total": 1
              }
            },
            {
              "batter": "Tamoor Sajjad",
              "bowler": "R Sandaruwan",
              "non_striker": "Kamran Khan",
              "runs": {
                "batter": 0,
                "extras": 0,
                "total": 0
              }
            }
          ]
        },
        {
          "over": 14,
          "deliveries": [
            {
              "batter": "Kamran Khan",
              "bowler": "Sajid Manzil",
              "non_striker": "Tamoor Sajjad",
              "runs": {
                "batter": 1,
                "extras": 0,
                "total": 1
              }
            },
            {
              "batter": "Tamoor Sajjad",
              "bowler": "Sajid Manzil",
              "extras": {
                "wides": 1
              },
              "non_striker": "Kamran Khan",
              "runs": {
                "batter": 0,
                "extras": 1,
                "total": 1
              }
            },
            {
              "batter": "Tamoor Sajjad",
              "bowler": "Sajid Manzil",
              "non_striker": "Kamran Khan",
              "runs": {
                "batter": 1,
                "extras": 0,
                "total": 1
              }
            },
            {
              "batter": "Kamran Khan",
              "bowler": "Sajid Manzil",
              "non_striker": "Tamoor Sajjad",
              "runs": {
                "batter": 0,
                "extras": 0,
                "total": 0
              }
            },
            {
              "batter": "Kamran Khan",
              "bowler": "Sajid Manzil",
              "non_striker": "Tamoor Sajjad",
              "runs": {
                "batter": 1,
                "extras": 0,
                "total": 1
              }
            },
            {
              "batter": "Tamoor Sajjad",
              "bowler": "Sajid Manzil",
              "non_striker": "Kamran Khan",
              "runs": {
                "batter": 1,
                "extras": 0,
                "total": 1
              }
            },
            {
              "batter": "Kamran Khan",
              "bowler": "Sajid Manzil",
              "non_striker": "Tamoor Sajjad",
              "runs": {
                "batter": 1,
                "extras": 0,
                "total": 1
              }
            }
          ]
        },
        {
          "over": 15,
          "deliveries": [
            {
              "batter": "Kamran Khan",
              "bowler": "R Sandaruwan",
              "non_striker": "Tamoor Sajjad",
              "runs": {
                "batter": 1,
                "extras": 0,
                "total": 1
              }
            },
            {
              "batter": "Tamoor Sajjad",
              "bowler": "R Sandaruwan",
              "non_striker": "Kamran Khan",
              "runs": {
                "batter": 1,
                "extras": 0,
                "total": 1
              }
            },
            {
              "batter": "Kamran Khan",
              "bowler": "R Sandaruwan",
              "non_striker": "Tamoor Sajjad",
              "runs": {
                "batter": 4,
                "extras": 0,
                "total": 4
              }
            },
            {
              "batter": "Kamran Khan",
              "bowler": "R Sandaruwan",
              "non_striker": "Tamoor Sajjad",
              "runs": {
                "batter": 6,
                "extras": 0,
                "total": 6
              }
            },
            {
              "batter": "Kamran Khan",
              "bowler": "R Sandaruwan",
              "non_striker": "Tamoor Sajjad",
              "runs": {
                "batter": 6,
                "extras": 0,
                "total": 6
              }
            },
            {
              "batter": "Kamran Khan",
              "bowler": "R Sandaruwan",
              "non_striker": "Tamoor Sajjad",
              "runs": {
                "batter": 2,
                "extras": 0,
                "total": 2
              }
            }
          ]
        },
        {
          "over": 16,
          "deliveries": [
            {
              "batter": "Tamoor Sajjad",
              "bowler": "Imran Ali",
              "non_striker": "Kamran Khan",
              "runs": {
                "batter": 0,
                "extras": 0,
                "total": 0
              }
            },
            {
              "batter": "Tamoor Sajjad",
              "bowler": "Imran Ali",
              "non_striker": "Kamran Khan",
              "runs": {
                "batter": 0,
                "extras": 0,
                "total": 0
              }
            },
            {
              "batter": "Tamoor Sajjad",
              "bowler": "Imran Ali",
              "non_striker": "Kamran Khan",
              "runs": {
                "batter": 1,
                "extras": 0,
                "total": 1
              }
            },
            {
              "batter": "Kamran Khan",
              "bowler": "Imran Ali",
              "non_striker": "Tamoor Sajjad",
              "runs": {
                "batter": 2,
                "extras": 0,
                "total": 2
              }
            },
            {
              "batter": "Kamran Khan",
              "bowler": "Imran Ali",
              "extras": {
                "byes": 1
              },
              "non_striker": "Tamoor Sajjad",
              "runs": {
                "batter": 0,
                "extras": 1,
                "total": 1
              }
            },
            {
              "batter": "Tamoor Sajjad",
              "bowler": "Imran Ali",
              "non_striker": "Kamran Khan",
              "runs": {
                "batter": 1,
                "extras": 0,
                "total": 1
              }
            }
          ]
        },
        {
          "over": 17,
          "deliveries": [
            {
              "batter": "Tamoor Sajjad",
              "bowler": "Mohammad Ahsan",
              "non_striker": "Kamran Khan",
              "runs": {
                "batter": 1,
                "extras": 0,
                "total": 1
              }
            },
            {
              "batter": "Kamran Khan",
              "bowler": "Mohammad Ahsan",
              "non_striker": "Tamoor Sajjad",
              "runs": {
                "batter": 0,
                "extras": 0,
                "total": 0
              }
            },
            {
              "batter": "Kamran Khan",
              "bowler": "Mohammad Ahsan",
              "non_striker": "Tamoor Sajjad",
              "runs": {
                "batter": 6,
                "extras": 0,
                "total": 6
              }
            },
            {
              "batter": "Kamran Khan",
              "bowler": "Mohammad Ahsan",
              "non_striker": "Tamoor Sajjad",
              "runs": {
                "batter": 2,
                "extras": 0,
                "total": 2
              }
            },
            {
              "batter": "Kamran Khan",
              "bowler": "Mohammad Ahsan",
              "non_striker": "Tamoor Sajjad",
              "runs": {
                "batter": 6,
                "extras": 0,
                "total": 6
              }
            },
            {
              "batter": "Kamran Khan",
              "bowler": "Mohammad Ahsan",
              "non_striker": "Tamoor Sajjad",
              "runs": {
                "batter": 0,
                "extras": 0,
                "total": 0
              }
            }
          ]
        },
        {
          "over": 18,
          "deliveries": [
            {
              "batter": "Tamoor Sajjad",
              "bowler": "Imran Ali",
              "non_striker": "Kamran Khan",
              "runs": {
                "batter": 0,
                "extras": 0,
                "total": 0
              },
              "wickets": [
                {
                  "player_out": "Tamoor Sajjad",
                  "kind": "lbw"
                }
              ]
            },
            {
              "batter": "Nouman Sarwar",
              "bowler": "Imran Ali",
              "non_striker": "Kamran Khan",
              "runs": {
                "batter": 1,
                "extras": 0,
                "total": 1
              }
            },
            {
              "batter": "Kamran Khan",
              "bowler": "Imran Ali",
              "non_striker": "Nouman Sarwar",
              "runs": {
                "batter": 0,
                "extras": 0,
                "total": 0
              },
              "wickets": [
                {
                  "player_out": "Kamran Khan",
                  "fielders": [
                    {
                      "name": "Ali Zaheer"
                    }
                  ],
                  "kind": "caught"
                }
              ]
            },
            {
              "batter": "Nouman Sarwar",
              "bowler": "Imran Ali",
              "non_striker": "Mohammed Awais",
              "runs": {
                "batter": 1,
                "extras": 0,
                "total": 1
              }
            },
            {
              "batter": "Mohammed Awais",
              "bowler": "Imran Ali",
              "extras": {
                "legbyes": 1
              },
              "non_striker": "Nouman Sarwar",
              "runs": {
                "batter": 0,
                "extras": 1,
                "total": 1
              }
            },
            {
              "batter": "Nouman Sarwar",
              "bowler": "Imran Ali",
              "non_striker": "Mohammed Awais",
              "runs": {
                "batter": 1,
                "extras": 0,
                "total": 1
              }
            }
          ]
        },
        {
          "over": 19,
          "deliveries": [
            {
              "batter": "Nouman Sarwar",
              "bowler": "Mohammad Ahsan",
              "non_striker": "Mohammed Awais",
              "runs": {
                "batter": 0,
                "extras": 0,
                "total": 0
              }
            },
            {
              "batter": "Nouman Sarwar",
              "bowler": "Mohammad Ahsan",
              "non_striker": "Mohammed Awais",
              "runs": {
                "batter": 0,
                "extras": 0,
                "total": 0
              }
            },
            {
              "batter": "Nouman Sarwar",
              "bowler": "Mohammad Ahsan",
              "non_striker": "Mohammed Awais",
              "runs": {
                "batter": 6,
                "extras": 0,
                "total": 6
              }
            },
            {
              "batter": "Nouman Sarwar",
              "bowler": "Mohammad Ahsan",
              "non_striker": "Mohammed Awais",
              "runs": {
                "batter": 1,
                "extras": 0,
                "total": 1
              }
            },
            {
              "batter": "Mohammed Awais",
              "bowler": "Mohammad Ahsan",
              "non_striker": "Nouman Sarwar",
              "runs": {
                "batter": 0,
                "extras": 0,
                "total": 0
              }
            },
            {
              "batter": "Mohammed Awais",
              "bowler": "Mohammad Ahsan",
              "non_striker": "Nouman Sarwar",
              "runs": {
                "batter": 0,
                "extras": 0,
                "total": 0
              },
              "wickets": [
                {
                  "player_out": "Mohammed Awais",
                  "fielders": [
                    {
                      "name": "Usman Waheed"
                    }
                  ],
                  "kind": "caught"
                }
              ]
            }
          ]
        }
      ],
      "powerplays": [
        {
          "from": 0.1,
          "to": 5.7,
          "type": "mandatory"
        }
      ]
    },
    {
      "team": "Kuwait",
      "overs": [
        {
          "over": 0,
          "deliveries": [
            {
              "batter": "Usman Waheed",
              "bowler": "Gayan Munaweera",
              "non_striker": "Muhammad Kashif",
              "runs": {
                "batter": 4,
                "extras": 0,
                "total": 4
              }
            },
            {
              "batter": "Usman Waheed",
              "bowler": "Gayan Munaweera",
              "non_striker": "Muhammad Kashif",
              "runs": {
                "batter": 1,
                "extras": 0,
                "total": 1
              }
            },
            {
              "batter": "Muhammad Kashif",
              "bowler": "Gayan Munaweera",
              "non_striker": "Usman Waheed",
              "runs": {
                "batter": 0,
                "extras": 0,
                "total": 0
              }
            },
            {
              "batter": "Muhammad Kashif",
              "bowler": "Gayan Munaweera",
              "non_striker": "Usman Waheed",
              "runs": {
                "batter": 1,
                "extras": 0,
                "total": 1
              }
            },
            {
              "batter": "Usman Waheed",
              "bowler": "Gayan Munaweera",
              "non_striker": "Muhammad Kashif",
              "runs": {
                "batter": 2,
                "extras": 0,
                "total": 2
              }
            },
            {
              "batter": "Usman Waheed",
              "bowler": "Gayan Munaweera",
              "non_striker": "Muhammad Kashif",
              "runs": {
                "batter": 2,
                "extras": 0,
                "total": 2
              }
            }
          ]
        },
        {
          "over": 1,
          "deliveries": [
            {
              "batter": "Muhammad Kashif",
              "bowler": "Mohammed Awais",
              "non_striker": "Usman Waheed",
              "runs": {
                "batter": 1,
                "extras": 0,
                "total": 1
              }
            },
            {
              "batter": "Usman Waheed",
              "bowler": "Mohammed Awais",
              "non_striker": "Muhammad Kashif",
              "runs": {
                "batter": 1,
                "extras": 0,
                "total": 1
              }
            },
            {
              "batter": "Muhammad Kashif",
              "bowler": "Mohammed Awais",
              "non_striker": "Usman Waheed",
              "runs": {
                "batter": 0,
                "extras": 0,
                "total": 0
              }
            },
            {
              "batter": "Muhammad Kashif",
              "bowler": "Mohammed Awais",
              "non_striker": "Usman Waheed",
              "runs": {
                "batter": 0,
                "extras": 0,
                "total": 0
              }
            },
            {
              "batter": "Muhammad Kashif",
              "bowler": "Mohammed Awais",
              "non_striker": "Usman Waheed",
              "runs": {
                "batter": 0,
                "extras": 0,
                "total": 0
              },
              "wickets": [
                {
                  "player_out": "Muhammad Kashif",
                  "kind": "caught and bowled"
                }
              ]
            },
            {
              "batter": "Abid Mushtaq",
              "bowler": "Mohammed Awais",
              "non_striker": "Usman Waheed",
              "runs": {
                "batter": 1,
                "extras": 0,
                "total": 1
              }
            }
          ]
        },
        {
          "over": 2,
          "deliveries": [
            {
              "batter": "Abid Mushtaq",
              "bowler": "Gayan Munaweera",
              "non_striker": "Usman Waheed",
              "runs": {
                "batter": 0,
                "extras": 0,
                "total": 0
              }
            },
            {
              "batter": "Abid Mushtaq",
              "bowler": "Gayan Munaweera",
              "non_striker": "Usman Waheed",
              "runs": {
                "batter": 1,
                "extras": 0,
                "total": 1
              }
            },
            {
              "batter": "Usman Waheed",
              "bowler": "Gayan Munaweera",
              "non_striker": "Abid Mushtaq",
              "runs": {
                "batter": 0,
                "extras": 0,
                "total": 0
              }
            },
            {
              "batter": "Usman Waheed",
              "bowler": "Gayan Munaweera",
              "non_striker": "Abid Mushtaq",
              "runs": {
                "batter": 6,
                "extras": 0,
                "total": 6
              }
            },
            {
              "batter": "Usman Waheed",
              "bowler": "Gayan Munaweera",
              "non_striker": "Abid Mushtaq",
              "runs": {
                "batter": 0,
                "extras": 0,
                "total": 0
              }
            },
            {
              "batter": "Usman Waheed",
              "bowler": "Gayan Munaweera",
              "non_striker": "Abid Mushtaq",
              "runs": {
                "batter": 0,
                "extras": 0,
                "total": 0
              }
            }
          ]
        },
        {
          "over": 3,
          "deliveries": [
            {
              "batter": "Abid Mushtaq",
              "bowler": "Mohammed Awais",
              "non_striker": "Usman Waheed",
              "runs": {
                "batter": 0,
                "extras": 0,
                "total": 0
              }
            },
            {
              "batter": "Abid Mushtaq",
              "bowler": "Mohammed Awais",
              "non_striker": "Usman Waheed",
              "runs": {
                "batter": 1,
                "extras": 0,
                "total": 1
              }
            },
            {
              "batter": "Usman Waheed",
              "bowler": "Mohammed Awais",
              "non_striker": "Abid Mushtaq",
              "runs": {
                "batter": 4,
                "extras": 0,
                "total": 4
              }
            },
            {
              "batter": "Usman Waheed",
              "bowler": "Mohammed Awais",
              "non_striker": "Abid Mushtaq",
              "runs": {
                "batter": 0,
                "extras": 0,
                "total": 0
              }
            },
            {
              "batter": "Usman Waheed",
              "bowler": "Mohammed Awais",
              "non_striker": "Abid Mushtaq",
              "runs": {
                "batter": 1,
                "extras": 0,
                "total": 1
              }
            },
            {
              "batter": "Abid Mushtaq",
              "bowler": "Mohammed Awais",
              "non_striker": "Usman Waheed",
              "runs": {
                "batter": 1,
                "extras": 0,
                "total": 1
              }
            }
          ]
        },
        {
          "over": 4,
          "deliveries": [
            {
              "batter": "Abid Mushtaq",
              "bowler": "Gayan Munaweera",
              "non_striker": "Usman Waheed",
              "runs": {
                "batter": 1,
                "extras": 0,
                "total": 1
              }
            },
            {
              "batter": "Usman Waheed",
              "bowler": "Gayan Munaweera",
              "non_striker": "Abid Mushtaq",
              "runs": {
                "batter": 0,
                "extras": 0,
                "total": 0
              }
            },
            {
              "batter": "Usman Waheed",
              "bowler": "Gayan Munaweera",
              "extras": {
                "wides": 1
              },
              "non_striker": "Abid Mushtaq",
              "runs": {
                "batter": 0,
                "extras": 1,
                "total": 1
              }
            },
            {
              "batter": "Usman Waheed",
              "bowler": "Gayan Munaweera",
              "non_striker": "Abid Mushtaq",
              "runs": {
                "batter": 4,
                "extras": 0,
                "total": 4
              }
            },
            {
              "batter": "Usman Waheed",
              "bowler": "Gayan Munaweera",
              "non_striker": "Abid Mushtaq",
              "runs": {
                "batter": 6,
                "extras": 0,
                "total": 6
              }
            },
            {
              "batter": "Usman Waheed",
              "bowler": "Gayan Munaweera",
              "non_striker": "Abid Mushtaq",
              "runs": {
                "batter": 1,
                "extras": 0,
                "total": 1
              }
            },
            {
              "batter": "Abid Mushtaq",
              "bowler": "Gayan Munaweera",
              "non_striker": "Usman Waheed",
              "runs": {
                "batter": 0,
                "extras": 0,
                "total": 0
              }
            }
          ]
        },
        {
          "over": 5,
          "deliveries": [
            {
              "batter": "Usman Waheed",
              "bowler": "Mohammed Awais",
              "non_striker": "Abid Mushtaq",
              "runs": {
                "batter": 0,
                "extras": 0,
                "total": 0
              }
            },
            {
              "batter": "Usman Waheed",
              "bowler": "Mohammed Awais",
              "non_striker": "Abid Mushtaq",
              "runs": {
                "batter": 1,
                "extras": 0,
                "total": 1
              }
            },
            {
              "batter": "Abid Mushtaq",
              "bowler": "Mohammed Awais",
              "non_striker": "Usman Waheed",
              "runs": {
                "batter": 1,
                "extras": 0,
                "total": 1
              }
            },
            {
              "batter": "Usman Waheed",
              "bowler": "Mohammed Awais",
              "non_striker": "Abid Mushtaq",
              "runs": {
                "batter": 1,
                "extras": 0,
                "total": 1
              }
            },
            {
              "batter": "Abid Mushtaq",
              "bowler": "Mohammed Awais",
              "non_striker": "Usman Waheed",
              "runs": {
                "batter": 0,
                "extras": 0,
                "total": 0
              }
            },
            {
              "batter": "Abid Mushtaq",
              "bowler": "Mohammed Awais",
              "non_striker": "Usman Waheed",
              "runs": {
                "batter": 1,
                "extras": 0,
                "total": 1
              }
            }
          ]
        },
        {
          "over": 6,
          "deliveries": [
            {
              "batter": "Abid Mushtaq",
              "bowler": "Nouman Sarwar",
              "non_striker": "Usman Waheed",
              "runs": {
                "batter": 0,
                "extras": 0,
                "total": 0
              }
            },
            {
              "batter": "Abid Mushtaq",
              "bowler": "Nouman Sarwar",
              "non_striker": "Usman Waheed",
              "runs": {
                "batter": 0,
                "extras": 0,
                "total": 0
              }
            },
            {
              "batter": "Abid Mushtaq",
              "bowler": "Nouman Sarwar",
              "non_striker": "Usman Waheed",
              "runs": {
                "batter": 0,
                "extras": 0,
                "total": 0
              }
            },
            {
              "batter": "Abid Mushtaq",
              "bowler": "Nouman Sarwar",
              "non_striker": "Usman Waheed",
              "runs": {
                "batter": 4,
                "extras": 0,
                "total": 4
              }
            },
            {
              "batter": "Abid Mushtaq",
              "bowler": "Nouman Sarwar",
              "non_striker": "Usman Waheed",
              "runs": {
                "batter": 1,
                "extras": 0,
                "total": 1
              }
            },
            {
              "batter": "Usman Waheed",
              "bowler": "Nouman Sarwar",
              "non_striker": "Abid Mushtaq",
              "runs": {
                "batter": 1,
                "extras": 0,
                "total": 1
              }
            }
          ]
        },
        {
          "over": 7,
          "deliveries": [
            {
              "batter": "Usman Waheed",
              "bowler": "Iqbal Hussain",
              "non_striker": "Abid Mushtaq",
              "runs": {
                "batter": 0,
                "extras": 0,
                "total": 0
              }
            },
            {
              "batter": "Usman Waheed",
              "bowler": "Iqbal Hussain",
              "non_striker": "Abid Mushtaq",
              "runs": {
                "batter": 2,
                "extras": 0,
                "total": 2
              }
            },
            {
              "batter": "Usman Waheed",
              "bowler": "Iqbal Hussain",
              "non_striker": "Abid Mushtaq",
              "runs": {
                "batter": 4,
                "extras": 0,
                "total": 4
              }
            },
            {
              "batter": "Usman Waheed",
              "bowler": "Iqbal Hussain",
              "non_striker": "Abid Mushtaq",
              "runs": {
                "batter": 4,
                "extras": 0,
                "total": 4
              }
            },
            {
              "batter": "Usman Waheed",
              "bowler": "Iqbal Hussain",
              "non_striker": "Abid Mushtaq",
              "runs": {
                "batter": 0,
                "extras": 0,
                "total": 0
              }
            },
            {
              "batter": "Usman Waheed",
              "bowler": "Iqbal Hussain",
              "non_striker": "Abid Mushtaq",
              "runs": {
                "batter": 1,
                "extras": 0,
                "total": 1
              }
            }
          ]
        },
        {
          "over": 8,
          "deliveries": [
            {
              "batter": "Usman Waheed",
              "bowler": "Nouman Sarwar",
              "non_striker": "Abid Mushtaq",
              "runs": {
                "batter": 4,
                "extras": 0,
                "total": 4
              }
            },
            {
              "batter": "Usman Waheed",
              "bowler": "Nouman Sarwar",
              "non_striker": "Abid Mushtaq",
              "runs": {
                "batter": 4,
                "extras": 0,
                "total": 4
              }
            },
            {
              "batter": "Usman Waheed",
              "bowler": "Nouman Sarwar",
              "non_striker": "Abid Mushtaq",
              "runs": {
                "batter": 1,
                "extras": 0,
                "total": 1
              }
            },
            {
              "batter": "Abid Mushtaq",
              "bowler": "Nouman Sarwar",
              "non_striker": "Usman Waheed",
              "runs": {
                "batter": 0,
                "extras": 0,
                "total": 0
              }
            },
            {
              "batter": "Abid Mushtaq",
              "bowler": "Nouman Sarwar",
              "non_striker": "Usman Waheed",
              "runs": {
                "batter": 0,
                "extras": 0,
                "total": 0
              }
            },
            {
              "batter": "Abid Mushtaq",
              "bowler": "Nouman Sarwar",
              "non_striker": "Usman Waheed",
              "runs": {
                "batter": 1,
                "extras": 0,
                "total": 1
              }
            }
          ]
        },
        {
          "over": 9,
          "deliveries": [
            {
              "batter": "Abid Mushtaq",
              "bowler": "Inam-ul-Haq",
              "non_striker": "Usman Waheed",
              "runs": {
                "batter": 1,
                "extras": 0,
                "total": 1
              }
            },
            {
              "batter": "Usman Waheed",
              "bowler": "Inam-ul-Haq",
              "non_striker": "Abid Mushtaq",
              "runs": {
                "batter": 4,
                "extras": 0,
                "total": 4
              }
            },
            {
              "batter": "Usman Waheed",
              "bowler": "Inam-ul-Haq",
              "non_striker": "Abid Mushtaq",
              "runs": {
                "batter": 4,
                "extras": 0,
                "total": 4
              }
            },
            {
              "batter": "Usman Waheed",
              "bowler": "Inam-ul-Haq",
              "non_striker": "Abid Mushtaq",
              "runs": {
                "batter": 0,
                "extras": 0,
                "total": 0
              }
            },
            {
              "batter": "Usman Waheed",
              "bowler": "Inam-ul-Haq",
              "non_striker": "Abid Mushtaq",
              "runs": {
                "batter": 0,
                "extras": 0,
                "total": 0
              }
            },
            {
              "batter": "Usman Waheed",
              "bowler": "Inam-ul-Haq",
              "non_striker": "Abid Mushtaq",
              "runs": {
                "batter": 2,
                "extras": 0,
                "total": 2
              }
            }
          ]
        },
        {
          "over": 10,
          "deliveries": [
            {
              "batter": "Abid Mushtaq",
              "bowler": "Mohammed Nadeem",
              "non_striker": "Usman Waheed",
              "runs": {
                "batter": 1,
                "extras": 0,
                "total": 1
              }
            },
            {
              "batter": "Usman Waheed",
              "bowler": "Mohammed Nadeem",
              "non_striker": "Abid Mushtaq",
              "runs": {
                "batter": 1,
                "extras": 0,
                "total": 1
              }
            },
            {
              "batter": "Abid Mushtaq",
              "bowler": "Mohammed Nadeem",
              "non_striker": "Usman Waheed",
              "runs": {
                "batter": 0,
                "extras": 0,
                "total": 0
              }
            },
            {
              "batter": "Abid Mushtaq",
              "bowler": "Mohammed Nadeem",
              "non_striker": "Usman Waheed",
              "runs": {
                "batter": 0,
                "extras": 0,
                "total": 0
              }
            },
            {
              "batter": "Abid Mushtaq",
              "bowler": "Mohammed Nadeem",
              "non_striker": "Usman Waheed",
              "runs": {
                "batter": 0,
                "extras": 0,
                "total": 0
              }
            },
            {
              "batter": "Abid Mushtaq",
              "bowler": "Mohammed Nadeem",
              "non_striker": "Usman Waheed",
              "runs": {
                "batter": 0,
                "extras": 0,
                "total": 0
              }
            }
          ]
        },
        {
          "over": 11,
          "deliveries": [
            {
              "batter": "Usman Waheed",
              "bowler": "Inam-ul-Haq",
              "non_striker": "Abid Mushtaq",
              "runs": {
                "batter": 0,
                "extras": 0,
                "total": 0
              },
              "wickets": [
                {
                  "player_out": "Usman Waheed",
                  "fielders": [
                    {
                      "name": "Mohammed Awais"
                    }
                  ],
                  "kind": "caught"
                }
              ]
            },
            {
              "batter": "Mohammed Asghar",
              "bowler": "Inam-ul-Haq",
              "non_striker": "Abid Mushtaq",
              "runs": {
                "batter": 0,
                "extras": 0,
                "total": 0
              }
            },
            {
              "batter": "Mohammed Asghar",
              "bowler": "Inam-ul-Haq",
              "non_striker": "Abid Mushtaq",
              "runs": {
                "batter": 1,
                "extras": 0,
                "total": 1
              }
            },
            {
              "batter": "Abid Mushtaq",
              "bowler": "Inam-ul-Haq",
              "non_striker": "Mohammed Asghar",
              "runs": {
                "batter": 1,
                "extras": 0,
                "total": 1
              }
            },
            {
              "batter": "Mohammed Asghar",
              "bowler": "Inam-ul-Haq",
              "non_striker": "Abid Mushtaq",
              "runs": {
                "batter": 0,
                "extras": 0,
                "total": 0
              }
            },
            {
              "batter": "Mohammed Asghar",
              "bowler": "Inam-ul-Haq",
              "non_striker": "Abid Mushtaq",
              "runs": {
                "batter": 0,
                "extras": 0,
                "total": 0
              },
              "wickets": [
                {
                  "player_out": "Mohammed Asghar",
                  "kind": "bowled"
                }
              ]
            }
          ]
        },
        {
          "over": 12,
          "deliveries": [
            {
              "batter": "Abid Mushtaq",
              "bowler": "Mohammed Nadeem",
              "non_striker": "Ali Zaheer",
              "runs": {
                "batter": 1,
                "extras": 0,
                "total": 1
              }
            },
            {
              "batter": "Ali Zaheer",
              "bowler": "Mohammed Nadeem",
              "non_striker": "Abid Mushtaq",
              "runs": {
                "batter": 0,
                "extras": 0,
                "total": 0
              },
              "wickets": [
                {
                  "player_out": "Abid Mushtaq",
                  "kind": "run out"
                }
              ]
            },
            {
              "batter": "R Sandaruwan",
              "bowler": "Mohammed Nadeem",
              "non_striker": "Ali Zaheer",
              "runs": {
                "batter": 2,
                "extras": 0,
                "total": 2
              }
            },
            {
              "batter": "R Sandaruwan",
              "bowler": "Mohammed Nadeem",
              "non_striker": "Ali Zaheer",
              "runs": {
                "batter": 0,
                "extras": 0,
                "total": 0
              },
              "wickets": [
                {
                  "player_out": "R Sandaruwan",
                  "fielders": [
                    {
                      "name": "Khurram Shahzad",
                      "substitute": true
                    }
                  ],
                  "kind": "caught"
                }
              ]
            },
            {
              "batter": "Ali Zaheer",
              "bowler": "Mohammed Nadeem",
              "non_striker": "Sajid Manzil",
              "runs": {
                "batter": 1,
                "extras": 0,
                "total": 1
              }
            },
            {
              "batter": "Sajid Manzil",
              "bowler": "Mohammed Nadeem",
              "non_striker": "Ali Zaheer",
              "runs": {
                "batter": 1,
                "extras": 0,
                "total": 1
              }
            }
          ]
        },
        {
          "over": 13,
          "deliveries": [
            {
              "batter": "Sajid Manzil",
              "bowler": "Inam-ul-Haq",
              "non_striker": "Ali Zaheer",
              "runs": {
                "batter": 0,
                "extras": 0,
                "total": 0
              }
            },
            {
              "batter": "Sajid Manzil",
              "bowler": "Inam-ul-Haq",
              "non_striker": "Ali Zaheer",
              "runs": {
                "batter": 1,
                "extras": 0,
                "total": 1
              }
            },
            {
              "batter": "Ali Zaheer",
              "bowler": "Inam-ul-Haq",
              "non_striker": "Sajid Manzil",
              "runs": {
                "batter": 1,
                "extras": 0,
                "total": 1
              }
            },
            {
              "batter": "Sajid Manzil",
              "bowler": "Inam-ul-Haq",
              "non_striker": "Ali Zaheer",
              "runs": {
                "batter": 0,
                "extras": 0,
                "total": 0
              }
            },
            {
              "batter": "Sajid Manzil",
              "bowler": "Inam-ul-Haq",
              "non_striker": "Ali Zaheer",
              "runs": {
                "batter": 0,
                "extras": 0,
                "total": 0
              },
              "wickets": [
                {
                  "player_out": "Sajid Manzil",
                  "fielders": [
                    {
                      "name": "Tamoor Sajjad"
                    }
                  ],
                  "kind": "caught"
                }
              ]
            },
            {
              "batter": "Mohammad Ahsan",
              "bowler": "Inam-ul-Haq",
              "non_striker": "Ali Zaheer",
              "runs": {
                "batter": 1,
                "extras": 0,
                "total": 1
              }
            }
          ]
        },
        {
          "over": 14,
          "deliveries": [
            {
              "batter": "Mohammad Ahsan",
              "bowler": "Mohammed Nadeem",
              "non_striker": "Ali Zaheer",
              "runs": {
                "batter": 0,
                "extras": 0,
                "total": 0
              }
            },
            {
              "batter": "Mohammad Ahsan",
              "bowler": "Mohammed Nadeem",
              "non_striker": "Ali Zaheer",
              "runs": {
                "batter": 0,
                "extras": 0,
                "total": 0
              }
            },
            {
              "batter": "Mohammad Ahsan",
              "bowler": "Mohammed Nadeem",
              "non_striker": "Ali Zaheer",
              "runs": {
                "batter": 1,
                "extras": 0,
                "total": 1
              }
            },
            {
              "batter": "Ali Zaheer",
              "bowler": "Mohammed Nadeem",
              "non_striker": "Mohammad Ahsan",
              "runs": {
                "batter": 1,
                "extras": 0,
                "total": 1
              }
            },
            {
              "batter": "Mohammad Ahsan",
              "bowler": "Mohammed Nadeem",
              "non_striker": "Ali Zaheer",
              "runs": {
                "batter": 6,
                "extras": 0,
                "total": 6
              }
            },
            {
              "batter": "Mohammad Ahsan",
              "bowler": "Mohammed Nadeem",
              "non_striker": "Ali Zaheer",
              "runs": {
                "batter": 1,
                "extras": 0,
                "total": 1
              }
            }
          ]
        },
        {
          "over": 15,
          "deliveries": [
            {
              "batter": "Mohammad Ahsan",
              "bowler": "Inam-ul-Haq",
              "non_striker": "Ali Zaheer",
              "runs": {
                "batter": 1,
                "extras": 0,
                "total": 1
              }
            },
            {
              "batter": "Ali Zaheer",
              "bowler": "Inam-ul-Haq",
              "non_striker": "Mohammad Ahsan",
              "runs": {
                "batter": 0,
                "extras": 0,
                "total": 0
              },
              "wickets": [
                {
                  "player_out": "Ali Zaheer",
                  "fielders": [
                    {
                      "name": "Mohammad Rizlan"
                    }
                  ],
                  "kind": "caught"
                }
              ]
            },
            {
              "batter": "Azmatullah Nazeer",
              "bowler": "Inam-ul-Haq",
              "non_striker": "Mohammad Ahsan",
              "runs": {
                "batter": 1,
                "extras": 0,
                "total": 1
              }
            },
            {
              "batter": "Mohammad Ahsan",
              "bowler": "Inam-ul-Haq",
              "non_striker": "Azmatullah Nazeer",
              "runs": {
                "batter": 0,
                "extras": 0,
                "total": 0
              }
            },
            {
              "batter": "Mohammad Ahsan",
              "bowler": "Inam-ul-Haq",
              "non_striker": "Azmatullah Nazeer",
              "runs": {
                "batter": 0,
                "extras": 0,
                "total": 0
              }
            },
            {
              "batter": "Mohammad Ahsan",
              "bowler": "Inam-ul-Haq",
              "non_striker": "Azmatullah Nazeer",
              "runs": {
                "batter": 4,
                "extras": 0,
                "total": 4
              }
            }
          ]
        },
        {
          "over": 16,
          "deliveries": [
            {
              "batter": "Azmatullah Nazeer",
              "bowler": "Mohammed Nadeem",
              "non_striker": "Mohammad Ahsan",
              "runs": {
                "batter": 1,
                "extras": 0,
                "total": 1
              }
            },
            {
              "batter": "Mohammad Ahsan",
              "bowler": "Mohammed Nadeem",
              "non_striker": "Azmatullah Nazeer",
              "runs": {
                "batter": 1,
                "extras": 0,
                "total": 1
              }
            },
            {
              "batter": "Azmatullah Nazeer",
              "bowler": "Mohammed Nadeem",
              "non_striker": "Mohammad Ahsan",
              "runs": {
                "batter": 6,
                "extras": 0,
                "total": 6
              }
            },
            {
              "batter": "Azmatullah Nazeer",
              "bowler": "Mohammed Nadeem",
              "non_striker": "Mohammad Ahsan",
              "runs": {
                "batter": 1,
                "extras": 0,
                "total": 1
              }
            },
            {
              "batter": "Mohammad Ahsan",
              "bowler": "Mohammed Nadeem",
              "non_striker": "Azmatullah Nazeer",
              "runs": {
                "batter": 0,
                "extras": 0,
                "total": 0
              }
            },
            {
              "batter": "Mohammad Ahsan",
              "bowler": "Mohammed Nadeem",
              "non_striker": "Azmatullah Nazeer",
              "runs": {
                "batter": 6,
                "extras": 0,
                "total": 6
              }
            }
          ]
        },
        {
          "over": 17,
          "deliveries": [
            {
              "batter": "Azmatullah Nazeer",
              "bowler": "Iqbal Hussain",
              "non_striker": "Mohammad Ahsan",
              "runs": {
                "batter": 1,
                "extras": 0,
                "total": 1
              }
            },
            {
              "batter": "Mohammad Ahsan",
              "bowler": "Iqbal Hussain",
              "non_striker": "Azmatullah Nazeer",
              "runs": {
                "batter": 0,
                "extras": 0,
                "total": 0
              }
            },
            {
              "batter": "Mohammad Ahsan",
              "bowler": "Iqbal Hussain",
              "non_striker": "Azmatullah Nazeer",
              "runs": {
                "batter": 0,
                "extras": 0,
                "total": 0
              },
              "wickets": [
                {
                  "fielders": [
                    {
                      "name": "Mohammad Rizlan"
                    }
                  ],
                  "player_out": "Mohammad Ahsan",
                  "kind": "caught"
                }
              ]
            },
            {
              "batter": "Imran Ali",
              "bowler": "Iqbal Hussain",
              "extras": {
                "wides": 1
              },
              "non_striker": "Azmatullah Nazeer",
              "runs": {
                "batter": 0,
                "extras": 1,
                "total": 1
              }
            },
            {
              "batter": "Imran Ali",
              "bowler": "Iqbal Hussain",
              "non_striker": "Azmatullah Nazeer",
              "runs": {
                "batter": 0,
                "extras": 0,
                "total": 0
              }
            },
            {
              "batter": "Imran Ali",
              "bowler": "Iqbal Hussain",
              "non_striker": "Azmatullah Nazeer",
              "runs": {
                "batter": 0,
                "extras": 0,
                "total": 0
              }
            },
            {
              "batter": "Imran Ali",
              "bowler": "Iqbal Hussain",
              "non_striker": "Azmatullah Nazeer",
              "runs": {
                "batter": 1,
                "extras": 0,
                "total": 1
              }
            }
          ]
        },
        {
          "over": 18,
          "deliveries": [
            {
              "batter": "Imran Ali",
              "bowler": "Mohammed Awais",
              "non_striker": "Azmatullah Nazeer",
              "runs": {
                "batter": 1,
                "extras": 0,
                "total": 1
              }
            },
            {
              "batter": "Azmatullah Nazeer",
              "bowler": "Mohammed Awais",
              "non_striker": "Imran Ali",
              "runs": {
                "batter": 1,
                "extras": 0,
                "total": 1
              }
            },
            {
              "batter": "Imran Ali",
              "bowler": "Mohammed Awais",
              "non_striker": "Azmatullah Nazeer",
              "runs": {
                "batter": 1,
                "extras": 0,
                "total": 1
              }
            },
            {
              "batter": "Azmatullah Nazeer",
              "bowler": "Mohammed Awais",
              "non_striker": "Imran Ali",
              "runs": {
                "batter": 1,
                "extras": 0,
                "total": 1
              }
            },
            {
              "batter": "Imran Ali",
              "bowler": "Mohammed Awais",
              "non_striker": "Azmatullah Nazeer",
              "runs": {
                "batter": 1,
                "extras": 0,
                "total": 1
              }
            },
            {
              "batter": "Azmatullah Nazeer",
              "bowler": "Mohammed Awais",
              "non_striker": "Imran Ali",
              "runs": {
                "batter": 0,
                "extras": 0,
                "total": 0
              }
            }
          ]
        },
        {
          "over": 19,
          "deliveries": [
            {
              "batter": "Imran Ali",
              "bowler": "Iqbal Hussain",
              "non_striker": "Azmatullah Nazeer",
              "runs": {
                "batter": 0,
                "extras": 0,
                "total": 0
              }
            },
            {
              "batter": "Imran Ali",
              "bowler": "Iqbal Hussain",
              "non_striker": "Azmatullah Nazeer",
              "runs": {
                "batter": 1,
                "extras": 0,
                "total": 1
              }
            },
            {
              "batter": "Azmatullah Nazeer",
              "bowler": "Iqbal Hussain",
              "non_striker": "Imran Ali",
              "runs": {
                "batter": 0,
                "extras": 0,
                "total": 0
              },
              "wickets": [
                {
                  "player_out": "Azmatullah Nazeer",
                  "fielders": [
                    {
                      "name": "Tamoor Sajjad"
                    }
                  ],
                  "kind": "caught"
                }
              ]
            },
            {
              "batter": "Abdul Sadiq",
              "bowler": "Iqbal Hussain",
              "non_striker": "Imran Ali",
              "runs": {
                "batter": 1,
                "extras": 0,
                "total": 1
              }
            },
            {
              "batter": "Imran Ali",
              "bowler": "Iqbal Hussain",
              "non_striker": "Abdul Sadiq",
              "runs": {
                "batter": 6,
                "extras": 0,
                "total": 6
              }
            },
            {
              "batter": "Imran Ali",
              "bowler": "Iqbal Hussain",
              "non_striker": "Abdul Sadiq",
              "runs": {
                "batter": 1,
                "extras": 0,
                "total": 1
              }
            }
          ]
        }
      ],
      "powerplays": [
        {
          "from": 0.1,
          "to": 5.6,
          "type": "mandatory"
        }
      ],
      "target": {
        "overs": 20,
        "runs": 168
      }
    }
  ]
}