{
  "meta": {
    "data_version": "1.0.0",
    "created": "2020-09-20",
    "revision": 2
  },
  "info": {
    "balls_per_over": 6,
    "city": "Lagos",
    "dates": [
      "2018-04-15"
    ],
    "event": {
      "name": "ICC World Twenty20 Africa Region Qualifier A",
      "match_number": 4
    },
    "gender": "male",
    "match_type": "IT20",
    "missing": [
      "player_of_match"
    ],
    "officials": {
      "match_referees": [
        "D Govindjee"
      ],
      "reserve_umpires": [
        "A Louw"
      ],
      "umpires": [
        "Kehinde Olanbiwonnu",
        "VR Angara"
      ]
    },
    "outcome": {
      "winner": "Ghana",
      "by": {
        "runs": 31
      }
    },
    "overs": 20,
    "players": {
      "Ghana": [
        "R Bakum",
        "JK Vifah",
        "S Ateak",
        "JH Mensah",
        "DNA Ankrah",
        "PK Ananya",
        "IKO Aboagye",
        "SK Awiah",
        "V Ateak",
        "M Aboagye",
        "KS Bagabena"
      ],
      "Sierra Leone": [
        "G Ngegba",
        "Y Jalloh",
        "I Kamara",
        "I Mansaray",
        "L Lamin",
        "A Gbla",
        "M Mansaray",
        "AB Kamara",
        "S Williams",
        "R Tommy",
        "HR Bhamu"
      ]
    },
    "registry": {
      "people": {
        "A Gbla": "34ab1e6e",
        "A Louw": "5eecae5d",
        "AB Kamara": "3951be49",
        "D Govindjee": "8b4c4069",
        "DNA Ankrah": "c6614fc0",
        "G Ngegba": "69caf2be",
        "HR Bhamu": "879cf1dd",
        "I Kamara": "38702fb5",
        "I Mansaray": "ea45f98b",
        "IKO Aboagye": "98614193",
        "JH Mensah": "d701081f",
        "JK Vifah": "a1448a10",
        "KS Bagabena": "1ce4f664",
        "Kehinde Olanbiwonnu": "e7e9f2cd",
        "L Lamin": "5a970aab",
        "M Aboagye": "afe8ff08",
        "M Mansaray": "20e085c6",
        "PK Ananya": "bc69a6d3",
        "R Bakum": "c74c583b",
        "R Tommy": "6579788b",
        "S Ateak": "a8529363",
        "S Williams": "7ae1aad9",
        "SK Awiah": "bc3fc527",
        "V Ateak": "65a60be7",
        "VR Angara": "5b7b706f",
        "Y Jalloh": "7fe9a7e6"
      }
    },
    "season": "2018",
    "team_type": "international",
    "teams": [
      "Ghana",
      "Sierra Leone"
    ],
    "toss": {
      "decision": "bat",
      "winner": "Ghana"
    },
    "venue": "Tafawa Balewa Square Cricket Oval"
  },
  "innings": [
    {
      "team": "Ghana",
      "overs": [
        {
          "over": 0,
          "deliveries": [
            {
              "batter": "R Bakum",
              "bowler": "HR Bhamu",
              "non_striker": "JK Vifah",
              "runs": {
                "batter": 2,
                "extras": 0,
                "total": 2
              }
            },
            {
              "batter": "R Bakum",
              "bowler": "HR Bhamu",
              "non_striker": "JK Vifah",
              "runs": {
                "batter": 1,
                "extras": 0,
                "total": 1
              }
            },
            {
              "batter": "JK Vifah",
              "bowler": "HR Bhamu",
              "non_striker": "R Bakum",
              "runs": {
                "batter": 0,
                "extras": 0,
                "total": 0
              }
            },
            {
              "batter": "JK Vifah",
              "bowler": "HR Bhamu",
              "non_striker": "R Bakum",
              "runs": {
                "batter": 1,
                "extras": 0,
                "total": 1
              }
            },
            {
              "batter": "R Bakum",
              "bowler": "HR Bhamu",
              "non_striker": "JK Vifah",
              "runs": {
                "batter": 0,
                "extras": 0,
                "total": 0
              }
            },
            {
              "batter": "R Bakum",
              "bowler": "HR Bhamu",
              "non_striker": "JK Vifah",
              "runs": {
                "batter": 0,
                "extras": 0,
                "total": 0
              }
            }
          ]
        },
        {
          "over": 1,
          "deliveries": [
            {
              "batter": "JK Vifah",
              "bowler": "AB Kamara",
              "non_striker": "R Bakum",
              "runs": {
                "batter": 0,
                "extras": 0,
                "total": 0
              }
            },
            {
              "batter": "JK Vifah",
              "bowler": "AB Kamara",
              "non_striker": "R Bakum",
              "runs": {
                "batter": 2,
                "extras": 0,
                "total": 2
              }
            },
            {
              "batter": "JK Vifah",
              "bowler": "AB Kamara",
              "non_striker": "R Bakum",
              "runs": {
                "batter": 1,
                "extras": 0,
                "total": 1
              }
            },
            {
              "batter": "R Bakum",
              "bowler": "AB Kamara",
              "non_striker": "JK Vifah",
              "runs": {
                "batter": 1,
                "extras": 0,
                "total": 1
              }
            },
            {
              "batter": "JK Vifah",
              "bowler": "AB Kamara",
              "non_striker": "R Bakum",
              "runs": {
                "batter": 1,
                "extras": 0,
                "total": 1
              }
            },
            {
              "batter": "R Bakum",
              "bowler": "AB Kamara",
              "non_striker": "JK Vifah",
              "runs": {
                "batter": 0,
                "extras": 0,
                "total": 0
              }
            }
          ]
        },
        {
          "over": 2,
          "deliveries": [
            {
              "batter": "JK Vifah",
              "bowler": "HR Bhamu",
              "non_striker": "R Bakum",
              "runs": {
                "batter": 0,
                "extras": 0,
                "total": 0
              }
            },
            {
              "batter": "JK Vifah",
              "bowler": "HR Bhamu",
              "non_striker": "R Bakum",
              "runs": {
                "batter": 1,
                "extras": 0,
                "total": 1
              }
            },
            {
              "batter": "R Bakum",
              "bowler": "HR Bhamu",
              "non_striker": "JK Vifah",
              "runs": {
                "batter": 0,
                "extras": 0,
                "total": 0
              }
            },
            {
              "batter": "R Bakum",
              "bowler": "HR Bhamu",
              "non_striker": "JK Vifah",
              "runs": {
                "batter": 0,
                "extras": 0,
                "total": 0
              }
            },
            {
              "batter": "R Bakum",
              "bowler": "HR Bhamu",
              "non_striker": "JK Vifah",
              "runs": {
                "batter": 4,
                "extras": 0,
                "total": 4
              }
            },
            {
              "batter": "R Bakum",
              "bowler": "HR Bhamu",
              "non_striker": "JK Vifah",
              "runs": {
                "batter": 0,
                "extras": 0,
                "total": 0
              }
            }
          ]
        },
        {
          "over": 3,
          "deliveries": [
            {
              "batter": "JK Vifah",
              "bowler": "AB Kamara",
              "non_striker": "R Bakum",
              "runs": {
                "batter": 0,
                "extras": 0,
                "total": 0
              }
            },
            {
              "batter": "JK Vifah",
              "bowler": "AB Kamara",
              "non_striker": "R Bakum",
              "runs": {
                "batter": 1,
                "extras": 0,
                "total": 1
              }
            },
            {
              "batter": "R Bakum",
              "bowler": "AB Kamara",
              "non_striker": "JK Vifah",
              "runs": {
                "batter": 1,
                "extras": 0,
                "total": 1
              }
            },
            {
              "batter": "JK Vifah",
              "bowler": "AB Kamara",
              "non_striker": "R Bakum",
              "runs": {
                "batter": 0,
                "extras": 0,
                "total": 0
              }
            },
            {
              "batter": "JK Vifah",
              "bowler": "AB Kamara",
              "non_striker": "R Bakum",
              "runs": {
                "batter": 0,
                "extras": 0,
                "total": 0
              }
            },
            {
              "batter": "JK Vifah",
              "bowler": "AB Kamara",
              "non_striker": "R Bakum",
              "runs": {
                "batter": 0,
                "extras": 0,
                "total": 0
              }
            }
          ]
        },
        {
          "over": 4,
          "deliveries": [
            {
              "batter": "R Bakum",
              "bowler": "HR Bhamu",
              "non_striker": "JK Vifah",
              "runs": {
                "batter": 1,
                "extras": 0,
                "total": 1
              }
            },
            {
              "batter": "JK Vifah",
              "bowler": "HR Bhamu",
              "non_striker": "R Bakum",
              "runs": {
                "batter": 0,
                "extras": 0,
                "total": 0
              }
            },
            {
              "batter": "JK Vifah",
              "bowler": "HR Bhamu",
              "non_striker": "R Bakum",
              "runs": {
                "batter": 1,
                "extras": 0,
                "total": 1
              }
            },
            {
              "batter": "R Bakum",
              "bowler": "HR Bhamu",
              "non_striker": "JK Vifah",
              "runs": {
                "batter": 6,
                "extras": 0,
                "total": 6
              }
            },
            {
              "batter": "R Bakum",
              "bowler": "HR Bhamu",
              "non_striker": "JK Vifah",
              "runs": {
                "batter": 0,
                "extras": 0,
                "total": 0
              },
              "wickets": [
                {
                  "kind": "stumped",
                  "player_out": "R Bakum",
                  "fielders": [
                    {
                      "name": "M Mansaray"
                    }
                  ]
                }
              ]
            },
            {
              "batter": "S Ateak",
              "bowler": "HR Bhamu",
              "non_striker": "JK Vifah",
              "runs": {
                "batter": 0,
                "extras": 0,
                "total": 0
              }
            }
          ]
        },
        {
          "over": 5,
          "deliveries": [
            {
              "batter": "JK Vifah",
              "bowler": "AB Kamara",
              "extras": {
                "wides": 2
              },
              "non_striker": "S Ateak",
              "runs": {
                "batter": 0,
                "extras": 2,
                "total": 2
              }
            },
            {
              "batter": "S Ateak",
              "bowler": "AB Kamara",
              "non_striker": "JK Vifah",
              "runs": {
                "batter": 0,
                "extras": 0,
                "total": 0
              }
            },
            {
              "batter": "S Ateak",
              "bowler": "AB Kamara",
              "non_striker": "JK Vifah",
              "runs": {
                "batter": 0,
                "extras": 0,
                "total": 0
              }
            },
            {
              "batter": "S Ateak",
              "bowler": "AB Kamara",
              "non_striker": "JK Vifah",
              "runs": {
                "batter": 4,
                "extras": 0,
                "total": 4
              }
            },
            {
              "batter": "S Ateak",
              "bowler": "AB Kamara",
              "non_striker": "JK Vifah",
              "runs": {
                "batter": 0,
                "extras": 0,
                "total": 0
              }
            },
            {
              "batter": "S Ateak",
              "bowler": "AB Kamara",
              "non_striker": "JK Vifah",
              "runs": {
                "batter": 1,
                "extras": 0,
                "total": 1
              }
            },
            {
              "batter": "JK Vifah",
              "bowler": "AB Kamara",
              "non_striker": "S Ateak",
              "runs": {
                "batter": 1,
                "extras": 0,
                "total": 1
              }
            }
          ]
        },
        {
          "over": 6,
          "deliveries": [
            {
              "batter": "JK Vifah",
              "bowler": "HR Bhamu",
              "non_striker": "S Ateak",
              "runs": {
                "batter": 1,
                "extras": 0,
                "total": 1
              }
            },
            {
              "batter": "S Ateak",
              "bowler": "HR Bhamu",
              "non_striker": "JK Vifah",
              "runs": {
                "batter": 0,
                "extras": 0,
                "total": 0
              }
            },
            {
              "batter": "S Ateak",
              "bowler": "HR Bhamu",
              "non_striker": "JK Vifah",
              "runs": {
                "batter": 0,
                "extras": 0,
                "total": 0
              }
            },
            {
              "batter": "S Ateak",
              "bowler": "HR Bhamu",
              "non_striker": "JK Vifah",
              "runs": {
                "batter": 1,
                "extras": 0,
                "total": 1
              }
            },
            {
              "batter": "JK Vifah",
              "bowler": "HR Bhamu",
              "non_striker": "S Ateak",
              "runs": {
                "batter": 0,
                "extras": 0,
                "total": 0
              }
            },
            {
              "batter": "JK Vifah",
              "bowler": "HR Bhamu",
              "non_striker": "S Ateak",
              "runs": {
                "batter": 1,
                "extras": 0,
                "total": 1
              }
            }
          ]
        },
        {
          "over": 7,
          "deliveries": [
            {
              "batter": "JK Vifah",
              "bowler": "S Williams",
              "non_striker": "S Ateak",
              "runs": {
                "batter": 1,
                "extras": 0,
                "total": 1
              }
            },
            {
              "batter": "S Ateak",
              "bowler": "S Williams",
              "non_striker": "JK Vifah",
              "runs": {
                "batter": 0,
                "extras": 0,
                "total": 0
              }
            },
            {
              "batter": "S Ateak",
              "bowler": "S Williams",
              "non_striker": "JK Vifah",
              "runs": {
                "batter": 1,
                "extras": 0,
                "total": 1
              }
            },
            {
              "batter": "JK Vifah",
              "bowler": "S Williams",
              "non_striker": "S Ateak",
              "runs": {
                "batter": 1,
                "extras": 0,
                "total": 1
              }
            },
            {
              "batter": "S Ateak",
              "bowler": "S Williams",
              "non_striker": "JK Vifah",
              "runs": {
                "batter": 0,
                "extras": 0,
                "total": 0
              }
            },
            {
              "batter": "S Ateak",
              "bowler": "S Williams",
              "non_striker": "JK Vifah",
              "runs": {
                "batter": 4,
                "extras": 0,
                "total": 4
              }
            }
          ]
        },
        {
          "over": 8,
          "deliveries": [
            {
              "batter": "JK Vifah",
              "bowler": "I Kamara",
              "extras": {
                "wides": 1
              },
              "non_striker": "S Ateak",
              "runs": {
                "batter": 0,
                "extras": 1,
                "total": 1
              }
            },
            {
              "batter": "JK Vifah",
              "bowler": "I Kamara",
              "non_striker": "S Ateak",
              "runs": {
                "batter": 2,
                "extras": 0,
                "total": 2
              }
            },
            {
              "batter": "JK Vifah",
              "bowler": "I Kamara",
              "non_striker": "S Ateak",
              "runs": {
                "batter": 1,
                "extras": 0,
                "total": 1
              }
            },
            {
              "batter": "S Ateak",
              "bowler": "I Kamara",
              "non_striker": "JK Vifah",
              "runs": {
                "batter": 4,
                "extras": 0,
                "total": 4
              }
            },
            {
              "batter": "S Ateak",
              "bowler": "I Kamara",
              "non_striker": "JK Vifah",
              "runs": {
                "batter": 1,
                "extras": 0,
                "total": 1
              }
            },
            {
              "batter": "JK Vifah",
              "bowler": "I Kamara",
              "non_striker": "S Ateak",
              "runs": {
                "batter": 0,
                "extras": 0,
                "total": 0
              }
            },
            {
              "batter": "JK Vifah",
              "bowler": "I Kamara",
              "non_striker": "S Ateak",
              "runs": {
                "batter": 0,
                "extras": 0,
                "total": 0
              }
            }
          ]
        },
        {
          "over": 9,
          "deliveries": [
            {
              "batter": "S Ateak",
              "bowler": "S Williams",
              "non_striker": "JK Vifah",
              "runs": {
                "batter": 0,
                "extras": 0,
                "total": 0
              }
            },
            {
              "batter": "S Ateak",
              "bowler": "S Williams",
              "non_striker": "JK Vifah",
              "runs": {
                "batter": 2,
                "extras": 0,
                "total": 2
              }
            },
            {
              "batter": "S Ateak",
              "bowler": "S Williams",
              "non_striker": "JK Vifah",
              "runs": {
                "batter": 0,
                "extras": 0,
                "total": 0
              }
            },
            {
              "batter": "S Ateak",
              "bowler": "S Williams",
              "non_striker": "JK Vifah",
              "runs": {
                "batter": 1,
                "extras": 0,
                "total": 1
              }
            },
            {
              "batter": "JK Vifah",
              "bowler": "S Williams",
              "non_striker": "S Ateak",
              "runs": {
                "batter": 1,
                "extras": 0,
                "total": 1
              }
            },
            {
              "batter": "S Ateak",
              "bowler": "S Williams",
              "non_striker": "JK Vifah",
              "runs": {
                "batter": 1,
                "extras": 0,
                "total": 1
              }
            }
          ]
        },
        {
          "over": 10,
          "deliveries": [
            {
              "batter": "S Ateak",
              "bowler": "I Kamara",
              "non_striker": "JK Vifah",
              "runs": {
                "batter": 1,
                "extras": 0,
                "total": 1
              }
            },
            {
              "batter": "JK Vifah",
              "bowler": "I Kamara",
              "non_striker": "S Ateak",
              "runs": {
                "batter": 0,
                "extras": 0,
                "total": 0
              }
            },
            {
              "batter": "JK Vifah",
              "bowler": "I Kamara",
              "non_striker": "S Ateak",
              "runs": {
                "batter": 0,
                "extras": 0,
                "total": 0
              },
              "wickets": [
                {
                  "kind": "caught",
                  "player_out": "JK Vifah",
                  "fielders": [
                    {
                      "name": "L Lamin"
                    }
                  ]
                }
              ]
            },
            {
              "batter": "S Ateak",
              "bowler": "I Kamara",
              "non_striker": "JH Mensah",
              "runs": {
                "batter": 1,
                "extras": 0,
                "total": 1
              }
            },
            {
              "batter": "JH Mensah",
              "bowler": "I Kamara",
              "non_striker": "S Ateak",
              "runs": {
                "batter": 3,
                "extras": 0,
                "total": 3
              }
            },
            {
              "batter": "S Ateak",
              "bowler": "I Kamara",
              "non_striker": "JH Mensah",
              "runs": {
                "batter": 4,
                "extras": 0,
                "total": 4
              }
            }
          ]
        },
        {
          "over": 11,
          "deliveries": [
            {
              "batter": "JH Mensah",
              "bowler": "S Williams",
              "non_striker": "S Ateak",
              "runs": {
                "batter": 2,
                "extras": 0,
                "total": 2
              }
            },
            {
              "batter": "JH Mensah",
              "bowler": "S Williams",
              "non_striker": "S Ateak",
              "runs": {
                "batter": 0,
                "extras": 0,
                "total": 0
              },
              "wickets": [
                {
                  "kind": "stumped",
                  "player_out": "JH Mensah",
                  "fielders": [
                    {
                      "name": "M Mansaray"
                    }
                  ]
                }
              ]
            },
            {
              "batter": "DNA Ankrah",
              "bowler": "S Williams",
              "non_striker": "S Ateak",
              "runs": {
                "batter": 0,
                "extras": 0,
                "total": 0
              }
            },
            {
              "batter": "DNA Ankrah",
              "bowler": "S Williams",
              "non_striker": "S Ateak",
              "runs": {
                "batter": 0,
                "extras": 0,
                "total": 0
              }
            },
            {
              "batter": "DNA Ankrah",
              "bowler": "S Williams",
              "non_striker": "S Ateak",
              "runs": {
                "batter": 1,
                "extras": 0,
                "total": 1
              }
            },
            {
              "batter": "S Ateak",
              "bowler": "S Williams",
              "non_striker": "DNA Ankrah",
              "runs": {
                "batter": 1,
                "extras": 0,
                "total": 1
              }
            }
          ]
        },
        {
          "over": 12,
          "deliveries": [
            {
              "batter": "S Ateak",
              "bowler": "I Kamara",
              "non_striker": "DNA Ankrah",
              "runs": {
                "batter": 1,
                "extras": 0,
                "total": 1
              }
            },
            {
              "batter": "DNA Ankrah",
              "bowler": "I Kamara",
              "non_striker": "S Ateak",
              "runs": {
                "batter": 2,
                "extras": 0,
                "total": 2
              }
            },
            {
              "batter": "DNA Ankrah",
              "bowler": "I Kamara",
              "non_striker": "S Ateak",
              "runs": {
                "batter": 0,
                "extras": 0,
                "total": 0
              },
              "wickets": [
                {
                  "kind": "caught",
                  "player_out": "DNA Ankrah",
                  "fielders": [
                    {
                      "name": "AB Kamara"
                    }
                  ]
                }
              ]
            },
            {
              "batter": "S Ateak",
              "bowler": "I Kamara",
              "non_striker": "PK Ananya",
              "runs": {
                "batter": 1,
                "extras": 0,
                "total": 1
              }
            },
            {
              "batter": "PK Ananya",
              "bowler": "I Kamara",
              "non_striker": "S Ateak",
              "runs": {
                "batter": 0,
                "extras": 0,
                "total": 0
              }
            },
            {
              "batter": "PK Ananya",
              "bowler": "I Kamara",
              "non_striker": "S Ateak",
              "runs": {
                "batter": 1,
                "extras": 0,
                "total": 1
              }
            }
          ]
        },
        {
          "over": 13,
          "deliveries": [
            {
              "batter": "PK Ananya",
              "bowler": "S Williams",
              "non_striker": "S Ateak",
              "runs": {
                "batter": 1,
                "extras": 0,
                "total": 1
              }
            },
            {
              "batter": "S Ateak",
              "bowler": "S Williams",
              "non_striker": "PK Ananya",
              "runs": {
                "batter": 2,
                "extras": 0,
                "total": 2
              }
            },
            {
              "batter": "S Ateak",
              "bowler": "S Williams",
              "non_striker": "PK Ananya",
              "runs": {
                "batter": 4,
                "extras": 0,
                "total": 4
              }
            },
            {
              "batter": "S Ateak",
              "bowler": "S Williams",
              "non_striker": "PK Ananya",
              "runs": {
                "batter": 2,
                "extras": 0,
                "total": 2
              }
            },
            {
              "batter": "S Ateak",
              "bowler": "S Williams",
              "non_striker": "PK Ananya",
              "runs": {
                "batter": 1,
                "extras": 0,
                "total": 1
              }
            },
            {
              "batter": "PK Ananya",
              "bowler": "S Williams",
              "non_striker": "S Ateak",
              "runs": {
                "batter": 0,
                "extras": 0,
                "total": 0
              }
            }
          ]
        },
        {
          "over": 14,
          "deliveries": [
            {
              "batter": "S Ateak",
              "bowler": "R Tommy",
              "non_striker": "PK Ananya",
              "runs": {
                "batter": 0,
                "extras": 0,
                "total": 0
              }
            },
            {
              "batter": "S Ateak",
              "bowler": "R Tommy",
              "non_striker": "PK Ananya",
              "runs": {
                "batter": 1,
                "extras": 0,
                "total": 1
              }
            },
            {
              "batter": "PK Ananya",
              "bowler": "R Tommy",
              "non_striker": "S Ateak",
              "runs": {
                "batter": 2,
                "extras": 0,
                "total": 2
              }
            },
            {
              "batter": "PK Ananya",
              "bowler": "R Tommy",
              "non_striker": "S Ateak",
              "runs": {
                "batter": 0,
                "extras": 0,
                "total": 0
              }
            },
            {
              "batter": "PK Ananya",
              "bowler": "R Tommy",
              "non_striker": "S Ateak",
              "runs": {
                "batter": 2,
                "extras": 0,
                "total": 2
              }
            },
            {
              "batter": "PK Ananya",
              "bowler": "R Tommy",
              "non_striker": "S Ateak",
              "runs": {
                "batter": 0,
                "extras": 0,
                "total": 0
              }
            }
          ]
        },
        {
          "over": 15,
          "deliveries": [
            {
              "batter": "S Ateak",
              "bowler": "L Lamin",
              "non_striker": "PK Ananya",
              "runs": {
                "batter": 0,
                "extras": 0,
                "total": 0
              }
            },
            {
              "batter": "S Ateak",
              "bowler": "L Lamin",
              "non_striker": "PK Ananya",
              "runs": {
                "batter": 4,
                "extras": 0,
                "total": 4
              }
            },
            {
              "batter": "S Ateak",
              "bowler": "L Lamin",
              "non_striker": "PK Ananya",
              "runs": {
                "batter": 1,
                "extras": 0,
                "total": 1
              }
            },
            {
              "batter": "PK Ananya",
              "bowler": "L Lamin",
              "non_striker": "S Ateak",
              "runs": {
                "batter": 4,
                "extras": 0,
                "total": 4
              }
            },
            {
              "batter": "PK Ananya",
              "bowler": "L Lamin",
              "non_striker": "S Ateak",
              "runs": {
                "batter": 1,
                "extras": 0,
                "total": 1
              }
            },
            {
              "batter": "S Ateak",
              "bowler": "L Lamin",
              "extras": {
                "noballs": 1
              },
              "non_striker": "PK Ananya",
              "runs": {
                "batter": 0,
                "extras": 1,
                "total": 1
              }
            },
            {
              "batter": "S Ateak",
              "bowler": "L Lamin",
              "non_striker": "PK Ananya",
              "runs": {
                "batter": 2,
                "extras": 0,
                "total": 2
              }
            }
          ]
        },
        {
          "over": 16,
          "deliveries": [
            {
              "batter": "PK Ananya",
              "bowler": "R Tommy",
              "non_striker": "S Ateak",
              "runs": {
                "batter": 1,
                "extras": 0,
                "total": 1
              }
            },
            {
              "batter": "S Ateak",
              "bowler": "R Tommy",
              "non_striker": "PK Ananya",
              "runs": {
                "batter": 2,
                "extras": 0,
                "total": 2
              }
            },
            {
              "batter": "S Ateak",
              "bowler": "R Tommy",
              "non_striker": "PK Ananya",
              "runs": {
                "batter": 1,
                "extras": 0,
                "total": 1
              }
            },
            {
              "batter": "PK Ananya",
              "bowler": "R Tommy",
              "non_striker": "S Ateak",
              "runs": {
                "batter": 1,
                "extras": 0,
                "total": 1
              }
            },
            {
              "batter": "S Ateak",
              "bowler": "R Tommy",
              "non_striker": "PK Ananya",
              "runs": {
                "batter": 4,
                "extras": 0,
                "total": 4
              }
            },
            {
              "batter": "S Ateak",
              "bowler": "R Tommy",
              "non_striker": "PK Ananya",
              "runs": {
                "batter": 4,
                "extras": 0,
                "total": 4
              }
            }
          ]
        },
        {
          "over": 17,
          "deliveries": [
            {
              "batter": "PK Ananya",
              "bowler": "AB Kamara",
              "non_striker": "S Ateak",
              "runs": {
                "batter": 1,
                "extras": 0,
                "total": 1
              }
            },
            {
              "batter": "S Ateak",
              "bowler": "AB Kamara",
              "non_striker": "PK Ananya",
              "runs": {
                "batter": 0,
                "extras": 0,
                "total": 0
              },
              "wickets": [
                {
                  "kind": "bowled",
                  "player_out": "S Ateak"
                }
              ]
            },
            {
              "batter": "IKO Aboagye",
              "bowler": "AB Kamara",
              "non_striker": "PK Ananya",
              "runs": {
                "batter": 0,
                "extras": 0,
                "total": 0
              }
            },
            {
              "batter": "IKO Aboagye",
              "bowler": "AB Kamara",
              "non_striker": "PK Ananya",
              "runs": {
                "batter": 6,
                "extras": 0,
                "total": 6
              }
            },
            {
              "batter": "IKO Aboagye",
              "bowler": "AB Kamara",
              "non_striker": "PK Ananya",
              "runs": {
                "batter": 2,
                "extras": 0,
                "total": 2
              }
            },
            {
              "batter": "IKO Aboagye",
              "bowler": "AB Kamara",
              "non_striker": "PK Ananya",
              "runs": {
                "batter": 0,
                "extras": 0,
                "total": 0
              },
              "wickets": [
                {
                  "kind": "caught",
                  "player_out": "IKO Aboagye",
                  "fielders": [
                    {
                      "name": "A Gbla"
                    }
                  ]
                }
              ]
            }
          ]
        },
        {
          "over": 18,
          "deliveries": [
            {
              "batter": "PK Ananya",
              "bowler": "R Tommy",
              "non_striker": "SK Awiah",
              "runs": {
                "batter": 2,
                "extras": 0,
                "total": 2
              }
            },
            {
              "batter": "PK Ananya",
              "bowler": "R Tommy",
              "non_striker": "SK Awiah",
              "runs": {
                "batter": 0,
                "extras": 0,
                "total": 0
              },
              "wickets": [
                {
                  "kind": "caught",
                  "player_out": "PK Ananya",
                  "fielders": [
                    {
                      "name": "A Gbla"
                    }
                  ]
                }
              ]
            },
            {
              "batter": "V Ateak",
              "bowler": "R Tommy",
              "non_striker": "SK Awiah",
              "runs": {
                "batter": 0,
                "extras": 0,
                "total": 0
              }
            },
            {
              "batter": "V Ateak",
              "bowler": "R Tommy",
              "non_striker": "SK Awiah",
              "runs": {
                "batter": 0,
                "extras": 0,
                "total": 0
              },
              "wickets": [
                {
                  "kind": "caught",
                  "player_out": "V Ateak",
                  "fielders": [
                    {
                      "name": "AB Kamara"
                    }
                  ]
                }
              ]
            },
            {
              "batter": "M Aboagye",
              "bowler": "R Tommy",
              "non_striker": "SK Awiah",
              "runs": {
                "batter": 0,
                "extras": 0,
                "total": 0
              }
            },
            {
              "batter": "M Aboagye",
              "bowler": "R Tommy",
              "non_striker": "SK Awiah",
              "runs": {
                "batter": 1,
                "extras": 0,
                "total": 1
              }
            }
          ]
        },
        {
          "over": 19,
          "deliveries": [
            {
              "batter": "M Aboagye",
              "bowler": "A Gbla",
              "non_striker": "SK Awiah",
              "runs": {
                "batter": 4,
                "extras": 0,
                "total": 4
              }
            },
            {
              "batter": "M Aboagye",
              "bowler": "A Gbla",
              "non_striker": "SK Awiah",
              "runs": {
                "batter": 2,
                "extras": 0,
                "total": 2
              }
            },
            {
              "batter": "M Aboagye",
              "bowler": "A Gbla",
              "non_striker": "SK Awiah",
              "runs": {
                "batter": 1,
                "extras": 0,
                "total": 1
              }
            },
            {
              "batter": "SK Awiah",
              "bowler": "A Gbla",
              "non_striker": "M Aboagye",
              "runs": {
                "batter": 1,
                "extras": 0,
                "total": 1
              }
            },
            {
              "batter": "M Aboagye",
              "bowler": "A Gbla",
              "non_striker": "SK Awiah",
              "runs": {
                "batter": 1,
                "extras": 0,
                "total": 1
              }
            },
            {
              "batter": "SK Awiah",
              "bowler": "A Gbla",
              "non_striker": "M Aboagye",
              "runs": {
                "batter": 4,
                "extras": 0,
                "total": 4
              }
            }
          ]
        }
      ],
      "powerplays": [
        {
          "from": 0.1,
          "to": 5.7,
          "type": "mandatory"
        }
      ]
    },
    {
      "team": "Sierra Leone",
      "overs": [
        {
          "over": 0,
          "deliveries": [
            {
              "batter": "G Ngegba",
              "bowler": "DNA Ankrah",
              "non_striker": "Y Jalloh",
              "runs": {
                "batter": 0,
                "extras": 0,
                "total": 0
              }
            },
            {
              "batter": "G Ngegba",
              "bowler": "DNA Ankrah",
              "non_striker": "Y Jalloh",
              "runs": {
                "batter": 0,
                "extras": 0,
                "total": 0
              }
            },
            {
              "batter": "G Ngegba",
              "bowler": "DNA Ankrah",
              "extras": {
                "wides": 1
              },
              "non_striker": "Y Jalloh",
              "runs": {
                "batter": 0,
                "extras": 1,
                "total": 1
              }
            },
            {
              "batter": "G Ngegba",
              "bowler": "DNA Ankrah",
              "non_striker": "Y Jalloh",
              "runs": {
                "batter": 0,
                "extras": 0,
                "total": 0
              }
            },
            {
              "batter": "G Ngegba",
              "bowler": "DNA Ankrah",
              "extras": {
                "wides": 1
              },
              "non_striker": "Y Jalloh",
              "runs": {
                "batter": 0,
                "extras": 1,
                "total": 1
              }
            },
            {
              "batter": "G Ngegba",
              "bowler": "DNA Ankrah",
              "non_striker": "Y Jalloh",
              "runs": {
                "batter": 0,
                "extras": 0,
                "total": 0
              }
            },
            {
              "batter": "G Ngegba",
              "bowler": "DNA Ankrah",
              "non_striker": "Y Jalloh",
              "runs": {
                "batter": 0,
                "extras": 0,
                "total": 0
              }
            },
            {
              "batter": "G Ngegba",
              "bowler": "DNA Ankrah",
              "non_striker": "Y Jalloh",
              "runs": {
                "batter": 0,
                "extras": 0,
                "total": 0
              }
            }
          ]
        },
        {
          "over": 1,
          "deliveries": [
            {
              "batter": "Y Jalloh",
              "bowler": "V Ateak",
              "non_striker": "G Ngegba",
              "runs": {
                "batter": 4,
                "extras": 0,
                "total": 4
              }
            },
            {
              "batter": "Y Jalloh",
              "bowler": "V Ateak",
              "non_striker": "G Ngegba",
              "runs": {
                "batter": 1,
                "extras": 0,
                "total": 1
              }
            },
            {
              "batter": "G Ngegba",
              "bowler": "V Ateak",
              "non_striker": "Y Jalloh",
              "runs": {
                "batter": 0,
                "extras": 0,
                "total": 0
              }
            },
            {
              "batter": "G Ngegba",
              "bowler": "V Ateak",
              "non_striker": "Y Jalloh",
              "runs": {
                "batter": 0,
                "extras": 0,
                "total": 0
              }
            },
            {
              "batter": "G Ngegba",
              "bowler": "V Ateak",
              "non_striker": "Y Jalloh",
              "runs": {
                "batter": 0,
                "extras": 0,
                "total": 0
              }
            },
            {
              "batter": "G Ngegba",
              "bowler": "V Ateak",
              "non_striker": "Y Jalloh",
              "runs": {
                "batter": 0,
                "extras": 0,
                "total": 0
              }
            }
          ]
        },
        {
          "over": 2,
          "deliveries": [
            {
              "batter": "Y Jalloh",
              "bowler": "DNA Ankrah",
              "extras": {
                "wides": 1
              },
              "non_striker": "G Ngegba",
              "runs": {
                "batter": 0,
                "extras": 1,
                "total": 1
              }
            },
            {
              "batter": "Y Jalloh",
              "bowler": "DNA Ankrah",
              "non_striker": "G Ngegba",
              "runs": {
                "batter": 0,
                "extras": 0,
                "total": 0
              }
            },
            {
              "batter": "Y Jalloh",
              "bowler": "DNA Ankrah",
              "non_striker": "G Ngegba",
              "runs": {
                "batter": 0,
                "extras": 0,
                "total": 0
              }
            },
            {
              "batter": "Y Jalloh",
              "bowler": "DNA Ankrah",
              "non_striker": "G Ngegba",
              "runs": {
                "batter": 0,
                "extras": 0,
                "total": 0
              }
            },
            {
              "batter": "Y Jalloh",
              "bowler": "DNA Ankrah",
              "non_striker": "G Ngegba",
              "runs": {
                "batter": 4,
                "extras": 0,
                "total": 4
              }
            },
            {
              "batter": "Y Jalloh",
              "bowler": "DNA Ankrah",
              "non_striker": "G Ngegba",
              "runs": {
                "batter": 0,
                "extras": 0,
                "total": 0
              }
            },
            {
              "batter": "Y Jalloh",
              "bowler": "DNA Ankrah",
              "non_striker": "G Ngegba",
              "runs": {
                "batter": 0,
                "extras": 0,
                "total": 0
              }
            }
          ]
        },
        {
          "over": 3,
          "deliveries": [
            {
              "batter": "G Ngegba",
              "bowler": "V Ateak",
              "non_striker": "Y Jalloh",
              "runs": {
                "batter": 0,
                "extras": 0,
                "total": 0
              }
            },
            {
              "batter": "G Ngegba",
              "bowler": "V Ateak",
              "non_striker": "Y Jalloh",
              "runs": {
                "batter": 1,
                "extras": 0,
                "total": 1
              }
            },
            {
              "batter": "Y Jalloh",
              "bowler": "V Ateak",
              "non_striker": "G Ngegba",
              "runs": {
                "batter": 0,
                "extras": 0,
                "total": 0
              }
            },
            {
              "batter": "Y Jalloh",
              "bowler": "V Ateak",
              "non_striker": "G Ngegba",
              "runs": {
                "batter": 0,
                "extras": 0,
                "total": 0
              }
            },
            {
              "batter": "Y Jalloh",
              "bowler": "V Ateak",
              "non_striker": "G Ngegba",
              "runs": {
                "batter": 0,
                "extras": 0,
                "total": 0
              }
            },
            {
              "batter": "Y Jalloh",
              "bowler": "V Ateak",
              "non_striker": "G Ngegba",
              "runs": {
                "batter": 1,
                "extras": 0,
                "total": 1
              }
            }
          ]
        },
        {
          "over": 4,
          "deliveries": [
            {
              "batter": "Y Jalloh",
              "bowler": "KS Bagabena",
              "non_striker": "G Ngegba",
              "runs": {
                "batter": 2,
                "extras": 0,
                "total": 2
              }
            },
            {
              "batter": "Y Jalloh",
              "bowler": "KS Bagabena",
              "non_striker": "G Ngegba",
              "runs": {
                "batter": 1,
                "extras": 0,
                "total": 1
              }
            },
            {
              "batter": "G Ngegba",
              "bowler": "KS Bagabena",
              "extras": {
                "wides": 1
              },
              "non_striker": "Y Jalloh",
              "runs": {
                "batter": 0,
                "extras": 1,
                "total": 1
              }
            },
            {
              "batter": "G Ngegba",
              "bowler": "KS Bagabena",
              "non_striker": "Y Jalloh",
              "runs": {
                "batter": 1,
                "extras": 0,
                "total": 1
              }
            },
            {
              "batter": "Y Jalloh",
              "bowler": "KS Bagabena",
              "non_striker": "G Ngegba",
              "runs": {
                "batter": 0,
                "extras": 0,
                "total": 0
              }
            },
            {
              "batter": "Y Jalloh",
              "bowler": "KS Bagabena",
              "non_striker": "G Ngegba",
              "runs": {
                "batter": 0,
                "extras": 0,
                "total": 0
              }
            },
            {
              "batter": "Y Jalloh",
              "bowler": "KS Bagabena",
              "non_striker": "G Ngegba",
              "runs": {
                "batter": 0,
                "extras": 0,
                "total": 0
              },
              "wickets": [
                {
                  "kind": "bowled",
                  "player_out": "Y Jalloh"
                }
              ]
            }
          ]
        },
        {
          "over": 5,
          "deliveries": [
            {
              "batter": "G Ngegba",
              "bowler": "IKO Aboagye",
              "non_striker": "I Kamara",
              "runs": {
                "batter": 1,
                "extras": 0,
                "total": 1
              }
            },
            {
              "batter": "I Kamara",
              "bowler": "IKO Aboagye",
              "non_striker": "G Ngegba",
              "runs": {
                "batter": 0,
                "extras": 0,
                "total": 0
              }
            },
            {
              "batter": "I Kamara",
              "bowler": "IKO Aboagye",
              "non_striker": "G Ngegba",
              "runs": {
                "batter": 1,
                "extras": 0,
                "total": 1
              }
            },
            {
              "batter": "G Ngegba",
              "bowler": "IKO Aboagye",
              "non_striker": "I Kamara",
              "runs": {
                "batter": 4,
                "extras": 0,
                "total": 4
              }
            },
            {
              "batter": "G Ngegba",
              "bowler": "IKO Aboagye",
              "non_striker": "I Kamara",
              "runs": {
                "batter": 0,
                "extras": 0,
                "total": 0
              }
            },
            {
              "batter": "G Ngegba",
              "bowler": "IKO Aboagye",
              "non_striker": "I Kamara",
              "runs": {
                "batter": 4,
                "extras": 0,
                "total": 4
              }
            }
          ]
        },
        {
          "over": 6,
          "deliveries": [
            {
              "batter": "I Kamara",
              "bowler": "KS Bagabena",
              "non_striker": "G Ngegba",
              "runs": {
                "batter": 0,
                "extras": 0,
                "total": 0
              }
            },
            {
              "batter": "I Kamara",
              "bowler": "KS Bagabena",
              "non_striker": "G Ngegba",
              "runs": {
                "batter": 0,
                "extras": 0,
                "total": 0
              }
            },
            {
              "batter": "I Kamara",
              "bowler": "KS Bagabena",
              "non_striker": "G Ngegba",
              "runs": {
                "batter": 0,
                "extras": 0,
                "total": 0
              },
              "wickets": [
                {
                  "kind": "run out",
                  "player_out": "G Ngegba"
                }
              ]
            },
            {
              "batter": "I Mansaray",
              "bowler": "KS Bagabena",
              "extras": {
                "legbyes": 1
              },
              "non_striker": "I Kamara",
              "runs": {
                "batter": 0,
                "extras": 1,
                "total": 1
              }
            },
            {
              "batter": "I Kamara",
              "bowler": "KS Bagabena",
              "extras": {
                "wides": 1
              },
              "non_striker": "I Mansaray",
              "runs": {
                "batter": 0,
                "extras": 1,
                "total": 1
              }
            },
            {
              "batter": "I Kamara",
              "bowler": "KS Bagabena",
              "non_striker": "I Mansaray",
              "runs": {
                "batter": 0,
                "extras": 0,
                "total": 0
              }
            },
            {
              "batter": "I Kamara",
              "bowler": "KS Bagabena",
              "non_striker": "I Mansaray",
              "runs": {
                "batter": 2,
                "extras": 0,
                "total": 2
              }
            }
          ]
        },
        {
          "over": 7,
          "deliveries": [
            {
              "batter": "I Mansaray",
              "bowler": "M Aboagye",
              "extras": {
                "legbyes": 1
              },
              "non_striker": "I Kamara",
              "runs": {
                "batter": 0,
                "extras": 1,
                "total": 1
              }
            },
            {
              "batter": "I Kamara",
              "bowler": "M Aboagye",
              "non_striker": "I Mansaray",
              "runs": {
                "batter": 0,
                "extras": 0,
                "total": 0
              }
            },
            {
              "batter": "I Kamara",
              "bowler": "M Aboagye",
              "non_striker": "I Mansaray",
              "runs": {
                "batter": 2,
                "extras": 0,
                "total": 2
              }
            },
            {
              "batter": "I Kamara",
              "bowler": "M Aboagye",
              "non_striker": "I Mansaray",
              "runs": {
                "batter": 1,
                "extras": 0,
                "total": 1
              },
              "wickets": [
                {
                  "kind": "run out",
                  "player_out": "I Mansaray"
                }
              ]
            },
            {
              "batter": "I Kamara",
              "bowler": "M Aboagye",
              "non_striker": "L Lamin",
              "runs": {
                "batter": 1,
                "extras": 0,
                "total": 1
              }
            },
            {
              "batter": "L Lamin",
              "bowler": "M Aboagye",
              "extras": {
                "wides": 2
              },
              "non_striker": "I Kamara",
              "runs": {
                "batter": 0,
                "extras": 2,
                "total": 2
              }
            },
            {
              "batter": "I Kamara",
              "bowler": "M Aboagye",
              "non_striker": "L Lamin",
              "runs": {
                "batter": 1,
                "extras": 0,
                "total": 1
              }
            }
          ]
        },
        {
          "over": 8,
          "deliveries": [
            {
              "batter": "I Kamara",
              "bowler": "KS Bagabena",
              "non_striker": "L Lamin",
              "runs": {
                "batter": 1,
                "extras": 0,
                "total": 1
              }
            },
            {
              "batter": "L Lamin",
              "bowler": "KS Bagabena",
              "non_striker": "I Kamara",
              "runs": {
                "batter": 2,
                "extras": 0,
                "total": 2
              }
            },
            {
              "batter": "L Lamin",
              "bowler": "KS Bagabena",
              "non_striker": "I Kamara",
              "runs": {
                "batter": 4,
                "extras": 0,
                "total": 4
              }
            },
            {
              "batter": "L Lamin",
              "bowler": "KS Bagabena",
              "non_striker": "I Kamara",
              "runs": {
                "batter": 0,
                "extras": 0,
                "total": 0
              }
            },
            {
              "batter": "L Lamin",
              "bowler": "KS Bagabena",
              "non_striker": "I Kamara",
              "runs": {
                "batter": 3,
                "extras": 0,
                "total": 3
              }
            },
            {
              "batter": "I Kamara",
              "bowler": "KS Bagabena",
              "non_striker": "L Lamin",
              "runs": {
                "batter": 0,
                "extras": 0,
                "total": 0
              }
            }
          ]
        },
        {
          "over": 9,
          "deliveries": [
            {
              "batter": "L Lamin",
              "bowler": "M Aboagye",
              "non_striker": "I Kamara",
              "runs": {
                "batter": 0,
                "extras": 0,
                "total": 0
              }
            },
            {
              "batter": "L Lamin",
              "bowler": "M Aboagye",
              "non_striker": "I Kamara",
              "runs": {
                "batter": 0,
                "extras": 0,
                "total": 0
              }
            },
            {
              "batter": "L Lamin",
              "bowler": "M Aboagye",
              "non_striker": "I Kamara",
              "runs": {
                "batter": 1,
                "extras": 0,
                "total": 1
              }
            },
            {
              "batter": "I Kamara",
              "bowler": "M Aboagye",
              "non_striker": "L Lamin",
              "runs": {
                "batter": 0,
                "extras": 0,
                "total": 0
              }
            },
            {
              "batter": "I Kamara",
              "bowler": "M Aboagye",
              "non_striker": "L Lamin",
              "runs": {
                "batter": 0,
                "extras": 0,
                "total": 0
              }
            },
            {
              "batter": "I Kamara",
              "bowler": "M Aboagye",
              "non_striker": "L Lamin",
              "runs": {
                "batter": 0,
                "extras": 0,
                "total": 0
              }
            }
          ]
        },
        {
          "over": 10,
          "deliveries": [
            {
              "batter": "L Lamin",
              "bowler": "KS Bagabena",
              "non_striker": "I Kamara",
              "runs": {
                "batter": 0,
                "extras": 0,
                "total": 0
              }
            },
            {
              "batter": "L Lamin",
              "bowler": "KS Bagabena",
              "non_striker": "I Kamara",
              "runs": {
                "batter": 6,
                "extras": 0,
                "total": 6
              }
            },
            {
              "batter": "L Lamin",
              "bowler": "KS Bagabena",
              "non_striker": "I Kamara",
              "runs": {
                "batter": 0,
                "extras": 0,
                "total": 0
              }
            },
            {
              "batter": "L Lamin",
              "bowler": "KS Bagabena",
              "non_striker": "I Kamara",
              "runs": {
                "batter": 1,
                "extras": 0,
                "total": 1
              }
            },
            {
              "batter": "I Kamara",
              "bowler": "KS Bagabena",
              "non_striker": "L Lamin",
              "runs": {
                "batter": 0,
                "extras": 0,
                "total": 0
              }
            },
            {
              "batter": "I Kamara",
              "bowler": "KS Bagabena",
              "non_striker": "L Lamin",
              "runs": {
                "batter": 1,
                "extras": 0,
                "total": 1
              }
            }
          ]
        },
        {
          "over": 11,
          "deliveries": [
            {
              "batter": "I Kamara",
              "bowler": "M Aboagye",
              "non_striker": "L Lamin",
              "runs": {
                "batter": 1,
                "extras": 0,
                "total": 1
              }
            },
            {
              "batter": "L Lamin",
              "bowler": "M Aboagye",
              "non_striker": "I Kamara",
              "runs": {
                "batter": 1,
                "extras": 0,
                "total": 1
              }
            },
            {
              "batter": "I Kamara",
              "bowler": "M Aboagye",
              "non_striker": "L Lamin",
              "runs": {
                "batter": 1,
                "extras": 0,
                "total": 1
              }
            },
            {
              "batter": "L Lamin",
              "bowler": "M Aboagye",
              "non_striker": "I Kamara",
              "runs": {
                "batter": 1,
                "extras": 0,
                "total": 1
              }
            },
            {
              "batter": "I Kamara",
              "bowler": "M Aboagye",
              "non_striker": "L Lamin",
              "runs": {
                "batter": 1,
                "extras": 0,
                "total": 1
              }
            },
            {
              "batter": "L Lamin",
              "bowler": "M Aboagye",
              "non_striker": "I Kamara",
              "runs": {
                "batter": 1,
                "extras": 0,
                "total": 1
              }
            }
          ]
        },
        {
          "over": 12,
          "deliveries": [
            {
              "batter": "L Lamin",
              "bowler": "IKO Aboagye",
              "non_striker": "I Kamara",
              "runs": {
                "batter": 0,
                "extras": 0,
                "total": 0
              }
            },
            {
              "batter": "L Lamin",
              "bowler": "IKO Aboagye",
              "non_striker": "I Kamara",
              "runs": {
                "batter": 0,
                "extras": 0,
                "total": 0
              }
            },
            {
              "batter": "L Lamin",
              "bowler": "IKO Aboagye",
              "non_striker": "I Kamara",
              "runs": {
                "batter": 1,
                "extras": 0,
                "total": 1
              }
            },
            {
              "batter": "I Kamara",
              "bowler": "IKO Aboagye",
              "non_striker": "L Lamin",
              "runs": {
                "batter": 1,
                "extras": 0,
                "total": 1
              }
            },
            {
              "batter": "L Lamin",
              "bowler": "IKO Aboagye",
              "non_striker": "I Kamara",
              "runs": {
                "batter": 0,
                "extras": 0,
                "total": 0
              }
            },
            {
              "batter": "L Lamin",
              "bowler": "IKO Aboagye",
              "non_striker": "I Kamara",
              "runs": {
                "batter": 2,
                "extras": 0,
                "total": 2
              }
            }
          ]
        },
        {
          "over": 13,
          "deliveries": [
            {
              "batter": "I Kamara",
              "bowler": "M Aboagye",
              "non_striker": "L Lamin",
              "runs": {
                "batter": 0,
                "extras": 0,
                "total": 0
              }
            },
            {
              "batter": "I Kamara",
              "bowler": "M Aboagye",
              "non_striker": "L Lamin",
              "runs": {
                "batter": 1,
                "extras": 0,
                "total": 1
              }
            },
            {
              "batter": "L Lamin",
              "bowler": "M Aboagye",
              "non_striker": "I Kamara",
              "runs": {
                "batter": 2,
                "extras": 0,
                "total": 2
              }
            },
            {
              "batter": "L Lamin",
              "bowler": "M Aboagye",
              "non_striker": "I Kamara",
              "runs": {
                "batter": 1,
                "extras": 0,
                "total": 1
              }
            },
            {
              "batter": "I Kamara",
              "bowler": "M Aboagye",
              "non_striker": "L Lamin",
              "runs": {
                "batter": 1,
                "extras": 0,
                "total": 1
              }
            },
            {
              "batter": "L Lamin",
              "bowler": "M Aboagye",
              "non_striker": "I Kamara",
              "runs": {
                "batter": 1,
                "extras": 0,
                "total": 1
              }
            }
          ]
        },
        {
          "over": 14,
          "deliveries": [
            {
              "batter": "L Lamin",
              "bowler": "IKO Aboagye",
              "non_striker": "I Kamara",
              "runs": {
                "batter": 1,
                "extras": 0,
                "total": 1
              }
            },
            {
              "batter": "I Kamara",
              "bowler": "IKO Aboagye",
              "non_striker": "L Lamin",
              "runs": {
                "batter": 1,
                "extras": 0,
                "total": 1
              }
            },
            {
              "batter": "L Lamin",
              "bowler": "IKO Aboagye",
              "extras": {
                "legbyes": 1
              },
              "non_striker": "I Kamara",
              "runs": {
                "batter": 0,
                "extras": 1,
                "total": 1
              }
            },
            {
              "batter": "I Kamara",
              "bowler": "IKO Aboagye",
              "non_striker": "L Lamin",
              "runs": {
                "batter": 0,
                "extras": 0,
                "total": 0
              },
              "wickets": [
                {
                  "kind": "stumped",
                  "player_out": "I Kamara",
                  "fielders": [
                    {
                      "name": "JH Mensah"
                    }
                  ]
                }
              ]
            },
            {
              "batter": "A Gbla",
              "bowler": "IKO Aboagye",
              "non_striker": "L Lamin",
              "runs": {
                "batter": 1,
                "extras": 0,
                "total": 1
              }
            },
            {
              "batter": "L Lamin",
              "bowler": "IKO Aboagye",
              "non_striker": "A Gbla",
              "runs": {
                "batter": 0,
                "extras": 0,
                "total": 0
              },
              "wickets": [
                {
                  "kind": "bowled",
                  "player_out": "L Lamin"
                }
              ]
            }
          ]
        },
        {
          "over": 15,
          "deliveries": [
            {
              "batter": "A Gbla",
              "bowler": "V Ateak",
              "non_striker": "M Mansaray",
              "runs": {
                "batter": 0,
                "extras": 0,
                "total": 0
              }
            },
            {
              "batter": "A Gbla",
              "bowler": "V Ateak",
              "non_striker": "M Mansaray",
              "runs": {
                "batter": 1,
                "extras": 0,
                "total": 1
              }
            },
            {
              "batter": "M Mansaray",
              "bowler": "V Ateak",
              "non_striker": "A Gbla",
              "runs": {
                "batter": 0,
                "extras": 0,
                "total": 0
              }
            },
            {
              "batter": "M Mansaray",
              "bowler": "V Ateak",
              "non_striker": "A Gbla",
              "runs": {
                "batter": 0,
                "extras": 0,
                "total": 0
              }
            },
            {
              "batter": "M Mansaray",
              "bowler": "V Ateak",
              "non_striker": "A Gbla",
              "runs": {
                "batter": 1,
                "extras": 0,
                "total": 1
              }
            },
            {
              "batter": "A Gbla",
              "bowler": "V Ateak",
              "non_striker": "M Mansaray",
              "runs": {
                "batter": 1,
                "extras": 0,
                "total": 1
              }
            }
          ]
        },
        {
          "over": 16,
          "deliveries": [
            {
              "batter": "A Gbla",
              "bowler": "IKO Aboagye",
              "non_striker": "M Mansaray",
              "runs": {
                "batter": 1,
                "extras": 0,
                "total": 1
              }
            },
            {
              "batter": "M Mansaray",
              "bowler": "IKO Aboagye",
              "extras": {
                "legbyes": 1
              },
              "non_striker": "A Gbla",
              "runs": {
                "batter": 0,
                "extras": 1,
                "total": 1
              }
            },
            {
              "batter": "A Gbla",
              "bowler": "IKO Aboagye",
              "non_striker": "M Mansaray",
              "runs": {
                "batter": 2,
                "extras": 0,
                "total": 2
              }
            },
            {
              "batter": "A Gbla",
              "bowler": "IKO Aboagye",
              "non_striker": "M Mansaray",
              "runs": {
                "batter": 1,
                "extras": 0,
                "total": 1
              }
            },
            {
              "batter": "M Mansaray",
              "bowler": "IKO Aboagye",
              "non_striker": "A Gbla",
              "runs": {
                "batter": 1,
                "extras": 0,
                "total": 1
              }
            },
            {
              "batter": "A Gbla",
              "bowler": "IKO Aboagye",
              "non_striker": "M Mansaray",
              "runs": {
                "batter": 6,
                "extras": 0,
                "total": 6
              }
            }
          ]
        },
        {
          "over": 17,
          "deliveries": [
            {
              "batter": "M Mansaray",
              "bowler": "V Ateak",
              "non_striker": "A Gbla",
              "runs": {
                "batter": 2,
                "extras": 0,
                "total": 2
              }
            },
            {
              "batter": "M Mansaray",
              "bowler": "V Ateak",
              "non_striker": "A Gbla",
              "runs": {
                "batter": 0,
                "extras": 0,
                "total": 0
              }
            },
            {
              "batter": "M Mansaray",
              "bowler": "V Ateak",
              "non_striker": "A Gbla",
              "runs": {
                "batter": 0,
                "extras": 0,
                "total": 0
              }
            },
            {
              "batter": "M Mansaray",
              "bowler": "V Ateak",
              "non_striker": "A Gbla",
              "runs": {
                "batter": 0,
                "extras": 0,
                "total": 0
              }
            },
            {
              "batter": "M Mansaray",
              "bowler": "V Ateak",
              "non_striker": "A Gbla",
              "runs": {
                "batter": 1,
                "extras": 0,
                "total": 1
              },
              "wickets": [
                {
                  "kind": "run out",
                  "player_out": "M Mansaray"
                }
              ]
            },
            {
              "batter": "AB Kamara",
              "bowler": "V Ateak",
              "non_striker": "A Gbla",
              "runs": {
                "batter": 2,
                "extras": 0,
                "total": 2
              }
            }
          ]
        },
        {
          "over": 18,
          "deliveries": [
            {
              "batter": "A Gbla",
              "bowler": "R Bakum",
              "non_striker": "AB Kamara",
              "runs": {
                "batter": 1,
                "extras": 0,
                "total": 1
              }
            },
            {
              "batter": "AB Kamara",
              "bowler": "R Bakum",
              "non_striker": "A Gbla",
              "runs": {
                "batter": 1,
                "extras": 0,
                "total": 1
              }
            },
            {
              "batter": "A Gbla",
              "bowler": "R Bakum",
              "non_striker": "AB Kamara",
              "runs": {
                "batter": 0,
                "extras": 0,
                "total": 0
              }
            },
            {
              "batter": "A Gbla",
              "bowler": "R Bakum",
              "non_striker": "AB Kamara",
              "runs": {
                "batter": 1,
                "extras": 0,
                "total": 1
              }
            },
            {
              "batter": "AB Kamara",
              "bowler": "R Bakum",
              "non_striker": "A Gbla",
              "runs": {
                "batter": 0,
                "extras": 0,
                "total": 0
              },
              "wickets": [
                {
                  "kind": "run out",
                  "player_out": "A Gbla"
                }
              ]
            },
            {
              "batter": "S Williams",
              "bowler": "R Bakum",
              "non_striker": "AB Kamara",
              "runs": {
                "batter": 0,
                "extras": 0,
                "total": 0
              }
            }
          ]
        },
        {
          "over": 19,
          "deliveries": [
            {
              "batter": "AB Kamara",
              "bowler": "DNA Ankrah",
              "non_striker": "S Williams",
              "runs": {
                "batter": 0,
                "extras": 0,
                "total": 0
              }
            },
            {
              "batter": "AB Kamara",
              "bowler": "DNA Ankrah",
              "non_striker": "S Williams",
              "runs": {
                "batter": 0,
                "extras": 0,
                "total": 0
              }
            },
            {
              "batter": "AB Kamara",
              "bowler": "DNA Ankrah",
              "non_striker": "S Williams",
              "runs": {
                "batter": 1,
                "extras": 0,
                "total": 1
              }
            },
            {
              "batter": "S Williams",
              "bowler": "DNA Ankrah",
              "non_striker": "AB Kamara",
              "runs": {
                "batter": 1,
                "extras": 0,
                "total": 1
              }
            },
            {
              "batter": "AB Kamara",
              "bowler": "DNA Ankrah",
              "non_striker": "S Williams",
              "runs": {
                "batter": 2,
                "extras": 0,
                "total": 2
              }
            },
            {
              "batter": "AB Kamara",
              "bowler": "DNA Ankrah",
              "extras": {
                "wides": 2
              },
              "non_striker": "S Williams",
              "runs": {
                "batter": 0,
                "extras": 2,
                "total": 2
              }
            },
            {
              "batter": "AB Kamara",
              "bowler": "DNA Ankrah",
              "non_striker": "S Williams",
              "runs": {
                "batter": 0,
                "extras": 0,
                "total": 0
              },
              "wickets": [
                {
                  "kind": "caught",
                  "player_out": "AB Kamara",
                  "fielders": [
                    {
                      "name": "JH Mensah"
                    }
                  ]
                }
              ]
            }
          ]
        }
      ],
      "powerplays": [
        {
          "from": 0.1,
          "to": 5.6,
          "type": "mandatory"
        }
      ],
      "target": {
        "overs": 20,
        "runs": 141
      }
    }
  ]
}