{
  "meta": {
    "data_version": "1.0.0",
    "created": "2020-09-20",
    "revision": 1
  },
  "info": {
    "balls_per_over": 6,
    "city": "Lagos",
    "dates": [
      "2018-04-18"
    ],
    "event": {
      "name": "ICC World Twenty20 Africa Region Qualifier A",
      "match_number": 7
    },
    "gender": "male",
    "match_type": "IT20",
    "missing": [
      "player_of_match"
    ],
    "officials": {
      "match_referees": [
        "D Govindjee"
      ],
      "reserve_umpires": [
        "A Louw"
      ],
      "umpires": [
        "Kehinde Olanbiwonnu",
        "D Odhiambo"
      ]
    },
    "outcome": {
      "winner": "Ghana",
      "by": {
        "runs": 109
      }
    },
    "overs": 20,
    "players": {
      "Ghana": [
        "R Bakum",
        "S Ateak",
        "PK Ananya",
        "DNA Ankrah",
        "JH Mensah",
        "SK Awiah",
        "IKO Aboagye",
        "Mark Bawa",
        "M Aboagye",
        "V Ateak",
        "TK Joseph"
      ],
      "Gambia": [
        "Muhammed Manga",
        "Andre Jarju",
        "Basiru Jaye",
        "P Faye",
        "Ismaila Tanba",
        "Abubacarr Kuyateh",
        "M Dumbuya",
        "A Conteh",
        "Mustapha Suwareh",
        "Ousman Bah",
        "M Camara"
      ]
    },
    "registry": {
      "people": {
        "A Conteh": "97b9cb64",
        "A Louw": "5eecae5d",
        "Abubacarr Kuyateh": "0ec45a9a",
        "Andre Jarju": "53dd7d8e",
        "Basiru Jaye": "6e80042d",
        "D Govindjee": "8b4c4069",
        "D Odhiambo": "45994517",
        "DNA Ankrah": "c6614fc0",
        "IKO Aboagye": "98614193",
        "Ismaila Tanba": "180e2c15",
        "JH Mensah": "d701081f",
        "Kehinde Olanbiwonnu": "e7e9f2cd",
        "M Aboagye": "afe8ff08",
        "M Camara": "f081f3c1",
        "M Dumbuya": "68da8887",
        "Mark Bawa": "65180edd",
        "Muhammed Manga": "6084f6ee",
        "Mustapha Suwareh": "44116edc",
        "Ousman Bah": "95c214dd",
        "P Faye": "58984fd0",
        "PK Ananya": "bc69a6d3",
        "R Bakum": "c74c583b",
        "S Ateak": "a8529363",
        "SK Awiah": "bc3fc527",
        "TK Joseph": "4fafd79a",
        "V Ateak": "65a60be7"
      }
    },
    "season": "2018",
    "team_type": "international",
    "teams": [
      "Ghana",
      "Gambia"
    ],
    "toss": {
      "decision": "bat",
      "winner": "Ghana"
    },
    "venue": "Tafawa Balewa Square Cricket Oval"
  },
  "innings": [
    {
      "team": "Ghana",
      "overs": [
        {
          "over": 0,
          "deliveries": [
            {
              "batter": "R Bakum",
              "bowler": "Andre Jarju",
              "non_striker": "S Ateak",
              "runs": {
                "batter": 4,
                "extras": 0,
                "total": 4
              }
            },
            {
              "batter": "R Bakum",
              "bowler": "Andre Jarju",
              "non_striker": "S Ateak",
              "runs": {
                "batter": 2,
                "extras": 0,
                "total": 2
              }
            },
            {
              "batter": "R Bakum",
              "bowler": "Andre Jarju",
              "non_striker": "S Ateak",
              "runs": {
                "batter": 0,
                "extras": 0,
                "total": 0
              }
            },
            {
              "batter": "R Bakum",
              "bowler": "Andre Jarju",
              "extras": {
                "wides": 1
              },
              "non_striker": "S Ateak",
              "runs": {
                "batter": 0,
                "extras": 1,
                "total": 1
              }
            },
            {
              "batter": "R Bakum",
              "bowler": "Andre Jarju",
              "extras": {
                "wides": 1
              },
              "non_striker": "S Ateak",
              "runs": {
                "batter": 0,
                "extras": 1,
                "total": 1
              }
            },
            {
              "batter": "R Bakum",
              "bowler": "Andre Jarju",
              "non_striker": "S Ateak",
              "runs": {
                "batter": 0,
                "extras": 0,
                "total": 0
              }
            },
            {
              "batter": "R Bakum",
              "bowler": "Andre Jarju",
              "non_striker": "S Ateak",
              "runs": {
                "batter": 1,
                "extras": 0,
                "total": 1
              }
            },
            {
              "batter": "S Ateak",
              "bowler": "Andre Jarju",
              "non_striker": "R Bakum",
              "runs": {
                "batter": 4,
                "extras": 0,
                "total": 4
              }
            }
          ]
        },
        {
          "over": 1,
          "deliveries": [
            {
              "batter": "R Bakum",
              "bowler": "Abubacarr Kuyateh",
              "non_striker": "S Ateak",
              "runs": {
                "batter": 0,
                "extras": 0,
                "total": 0
              }
            },
            {
              "batter": "R Bakum",
              "bowler": "Abubacarr Kuyateh",
              "non_striker": "S Ateak",
              "runs": {
                "batter": 0,
                "extras": 0,
                "total": 0
              }
            },
            {
              "batter": "R Bakum",
              "bowler": "Abubacarr Kuyateh",
              "non_striker": "S Ateak",
              "runs": {
                "batter": 0,
                "extras": 0,
                "total": 0
              }
            },
            {
              "batter": "R Bakum",
              "bowler": "Abubacarr Kuyateh",
              "non_striker": "S Ateak",
              "runs": {
                "batter": 1,
                "extras": 0,
                "total": 1
              }
            },
            {
              "batter": "S Ateak",
              "bowler": "Abubacarr Kuyateh",
              "non_striker": "R Bakum",
              "runs": {
                "batter": 0,
                "extras": 0,
                "total": 0
              }
            },
            {
              "batter": "S Ateak",
              "bowler": "Abubacarr Kuyateh",
              "non_striker": "R Bakum",
              "runs": {
                "batter": 4,
                "extras": 0,
                "total": 4
              }
            }
          ]
        },
        {
          "over": 2,
          "deliveries": [
            {
              "batter": "R Bakum",
              "bowler": "Andre Jarju",
              "non_striker": "S Ateak",
              "runs": {
                "batter": 1,
                "extras": 0,
                "total": 1
              }
            },
            {
              "batter": "S Ateak",
              "bowler": "Andre Jarju",
              "non_striker": "R Bakum",
              "runs": {
                "batter": 2,
                "extras": 0,
                "total": 2
              }
            },
            {
              "batter": "S Ateak",
              "bowler": "Andre Jarju",
              "non_striker": "R Bakum",
              "runs": {
                "batter": 1,
                "extras": 0,
                "total": 1
              }
            },
            {
              "batter": "R Bakum",
              "bowler": "Andre Jarju",
              "non_striker": "S Ateak",
              "runs": {
                "batter": 4,
                "extras": 0,
                "total": 4
              }
            },
            {
              "batter": "R Bakum",
              "bowler": "Andre Jarju",
              "non_striker": "S Ateak",
              "runs": {
                "batter": 1,
                "extras": 0,
                "total": 1
              }
            },
            {
              "batter": "S Ateak",
              "bowler": "Andre Jarju",
              "non_striker": "R Bakum",
              "runs": {
                "batter": 0,
                "extras": 0,
                "total": 0
              }
            }
          ]
        },
        {
          "over": 3,
          "deliveries": [
            {
              "batter": "R Bakum",
              "bowler": "Abubacarr Kuyateh",
              "non_striker": "S Ateak",
              "runs": {
                "batter": 4,
                "extras": 0,
                "total": 4
              }
            },
            {
              "batter": "R Bakum",
              "bowler": "Abubacarr Kuyateh",
              "non_striker": "S Ateak",
              "runs": {
                "batter": 4,
                "extras": 0,
                "total": 4
              }
            },
            {
              "batter": "R Bakum",
              "bowler": "Abubacarr Kuyateh",
              "non_striker": "S Ateak",
              "runs": {
                "batter": 1,
                "extras": 0,
                "total": 1
              }
            },
            {
              "batter": "S Ateak",
              "bowler": "Abubacarr Kuyateh",
              "non_striker": "R Bakum",
              "runs": {
                "batter": 2,
                "extras": 0,
                "total": 2
              }
            },
            {
              "batter": "S Ateak",
              "bowler": "Abubacarr Kuyateh",
              "extras": {
                "legbyes": 1
              },
              "non_striker": "R Bakum",
              "runs": {
                "batter": 0,
                "extras": 1,
                "total": 1
              }
            },
            {
              "batter": "R Bakum",
              "bowler": "Abubacarr Kuyateh",
              "non_striker": "S Ateak",
              "runs": {
                "batter": 2,
                "extras": 0,
                "total": 2
              }
            }
          ]
        },
        {
          "over": 4,
          "deliveries": [
            {
              "batter": "S Ateak",
              "bowler": "M Dumbuya",
              "non_striker": "R Bakum",
              "runs": {
                "batter": 1,
                "extras": 0,
                "total": 1
              }
            },
            {
              "batter": "R Bakum",
              "bowler": "M Dumbuya",
              "non_striker": "S Ateak",
              "runs": {
                "batter": 2,
                "extras": 0,
                "total": 2
              }
            },
            {
              "batter": "R Bakum",
              "bowler": "M Dumbuya",
              "non_striker": "S Ateak",
              "runs": {
                "batter": 0,
                "extras": 0,
                "total": 0
              }
            },
            {
              "batter": "R Bakum",
              "bowler": "M Dumbuya",
              "extras": {
                "wides": 1
              },
              "non_striker": "S Ateak",
              "runs": {
                "batter": 0,
                "extras": 1,
                "total": 1
              }
            },
            {
              "batter": "R Bakum",
              "bowler": "M Dumbuya",
              "non_striker": "S Ateak",
              "runs": {
                "batter": 2,
                "extras": 0,
                "total": 2
              }
            },
            {
              "batter": "R Bakum",
              "bowler": "M Dumbuya",
              "non_striker": "S Ateak",
              "runs": {
                "batter": 0,
                "extras": 0,
                "total": 0
              }
            },
            {
              "batter": "R Bakum",
              "bowler": "M Dumbuya",
              "non_striker": "S Ateak",
              "runs": {
                "batter": 1,
                "extras": 0,
                "total": 1
              }
            }
          ]
        },
        {
          "over": 5,
          "deliveries": [
            {
              "batter": "R Bakum",
              "bowler": "Basiru Jaye",
              "non_striker": "S Ateak",
              "runs": {
                "batter": 1,
                "extras": 0,
                "total": 1
              }
            },
            {
              "batter": "S Ateak",
              "bowler": "Basiru Jaye",
              "non_striker": "R Bakum",
              "runs": {
                "batter": 4,
                "extras": 0,
                "total": 4
              }
            },
            {
              "batter": "S Ateak",
              "bowler": "Basiru Jaye",
              "non_striker": "R Bakum",
              "runs": {
                "batter": 1,
                "extras": 0,
                "total": 1
              }
            },
            {
              "batter": "R Bakum",
              "bowler": "Basiru Jaye",
              "non_striker": "S Ateak",
              "runs": {
                "batter": 6,
                "extras": 0,
                "total": 6
              }
            },
            {
              "batter": "R Bakum",
              "bowler": "Basiru Jaye",
              "non_striker": "S Ateak",
              "runs": {
                "batter": 0,
                "extras": 0,
                "total": 0
              }
            },
            {
              "batter": "R Bakum",
              "bowler": "Basiru Jaye",
              "non_striker": "S Ateak",
              "runs": {
                "batter": 1,
                "extras": 0,
                "total": 1
              }
            }
          ]
        },
        {
          "over": 6,
          "deliveries": [
            {
              "batter": "R Bakum",
              "bowler": "M Dumbuya",
              "non_striker": "S Ateak",
              "runs": {
                "batter": 1,
                "extras": 0,
                "total": 1
              }
            },
            {
              "batter": "S Ateak",
              "bowler": "M Dumbuya",
              "non_striker": "R Bakum",
              "runs": {
                "batter": 1,
                "extras": 0,
                "total": 1
              }
            },
            {
              "batter": "R Bakum",
              "bowler": "M Dumbuya",
              "non_striker": "S Ateak",
              "runs": {
                "batter": 0,
                "extras": 0,
                "total": 0
              }
            },
            {
              "batter": "R Bakum",
              "bowler": "M Dumbuya",
              "extras": {
                "byes": 1
              },
              "non_striker": "S Ateak",
              "runs": {
                "batter": 0,
                "extras": 1,
                "total": 1
              }
            },
            {
              "batter": "S Ateak",
              "bowler": "M Dumbuya",
              "non_striker": "R Bakum",
              "runs": {
                "batter": 1,
                "extras": 0,
                "total": 1
              }
            },
            {
              "batter": "R Bakum",
              "bowler": "M Dumbuya",
              "non_striker": "S Ateak",
              "runs": {
                "batter": 2,
                "extras": 0,
                "total": 2
              }
            }
          ]
        },
        {
          "over": 7,
          "deliveries": [
            {
              "batter": "S Ateak",
              "bowler": "Basiru Jaye",
              "non_striker": "R Bakum",
              "runs": {
                "batter": 2,
                "extras": 0,
                "total": 2
              }
            },
            {
              "batter": "S Ateak",
              "bowler": "Basiru Jaye",
              "non_striker": "R Bakum",
              "runs": {
                "batter": 0,
                "extras": 0,
                "total": 0
              }
            },
            {
              "batter": "S Ateak",
              "bowler": "Basiru Jaye",
              "non_striker": "R Bakum",
              "runs": {
                "batter": 0,
                "extras": 0,
                "total": 0
              },
              "wickets": [
                {
                  "kind": "caught",
                  "player_out": "S Ateak",
                  "fielders": [
                    {
                      "name": "Ismaila Tanba"
                    }
                  ]
                }
              ]
            },
            {
              "batter": "PK Ananya",
              "bowler": "Basiru Jaye",
              "non_striker": "R Bakum",
              "runs": {
                "batter": 0,
                "extras": 0,
                "total": 0
              }
            },
            {
              "batter": "PK Ananya",
              "bowler": "Basiru Jaye",
              "non_striker": "R Bakum",
              "runs": {
                "batter": 1,
                "extras": 0,
                "total": 1
              }
            },
            {
              "batter": "R Bakum",
              "bowler": "Basiru Jaye",
              "non_striker": "PK Ananya",
              "runs": {
                "batter": 1,
                "extras": 0,
                "total": 1
              }
            }
          ]
        },
        {
          "over": 8,
          "deliveries": [
            {
              "batter": "R Bakum",
              "bowler": "M Dumbuya",
              "non_striker": "PK Ananya",
              "runs": {
                "batter": 1,
                "extras": 0,
                "total": 1
              }
            },
            {
              "batter": "PK Ananya",
              "bowler": "M Dumbuya",
              "non_striker": "R Bakum",
              "runs": {
                "batter": 1,
                "extras": 0,
                "total": 1
              }
            },
            {
              "batter": "R Bakum",
              "bowler": "M Dumbuya",
              "non_striker": "PK Ananya",
              "runs": {
                "batter": 0,
                "extras": 0,
                "total": 0
              }
            },
            {
              "batter": "R Bakum",
              "bowler": "M Dumbuya",
              "non_striker": "PK Ananya",
              "runs": {
                "batter": 0,
                "extras": 0,
                "total": 0
              }
            },
            {
              "batter": "R Bakum",
              "bowler": "M Dumbuya",
              "non_striker": "PK Ananya",
              "runs": {
                "batter": 2,
                "extras": 0,
                "total": 2
              }
            },
            {
              "batter": "R Bakum",
              "bowler": "M Dumbuya",
              "non_striker": "PK Ananya",
              "runs": {
                "batter": 0,
                "extras": 0,
                "total": 0
              }
            }
          ]
        },
        {
          "over": 9,
          "deliveries": [
            {
              "batter": "PK Ananya",
              "bowler": "Basiru Jaye",
              "non_striker": "R Bakum",
              "runs": {
                "batter": 1,
                "extras": 0,
                "total": 1
              }
            },
            {
              "batter": "R Bakum",
              "bowler": "Basiru Jaye",
              "non_striker": "PK Ananya",
              "runs": {
                "batter": 0,
                "extras": 0,
                "total": 0
              }
            },
            {
              "batter": "R Bakum",
              "bowler": "Basiru Jaye",
              "non_striker": "PK Ananya",
              "runs": {
                "batter": 2,
                "extras": 0,
                "total": 2
              }
            },
            {
              "batter": "R Bakum",
              "bowler": "Basiru Jaye",
              "extras": {
                "wides": 1
              },
              "non_striker": "PK Ananya",
              "runs": {
                "batter": 0,
                "extras": 1,
                "total": 1
              }
            },
            {
              "batter": "R Bakum",
              "bowler": "Basiru Jaye",
              "non_striker": "PK Ananya",
              "runs": {
                "batter": 0,
                "extras": 0,
                "total": 0
              }
            },
            {
              "batter": "R Bakum",
              "bowler": "Basiru Jaye",
              "non_striker": "PK Ananya",
              "runs": {
                "batter": 2,
                "extras": 0,
                "total": 2
              }
            },
            {
              "batter": "R Bakum",
              "bowler": "Basiru Jaye",
              "non_striker": "PK Ananya",
              "runs": {
                "batter": 0,
                "extras": 0,
                "total": 0
              }
            }
          ]
        },
        {
          "over": 10,
          "deliveries": [
            {
              "batter": "PK Ananya",
              "bowler": "M Dumbuya",
              "non_striker": "R Bakum",
              "runs": {
                "batter": 1,
                "extras": 0,
                "total": 1
              }
            },
            {
              "batter": "R Bakum",
              "bowler": "M Dumbuya",
              "non_striker": "PK Ananya",
              "runs": {
                "batter": 1,
                "extras": 0,
                "total": 1
              }
            },
            {
              "batter": "PK Ananya",
              "bowler": "M Dumbuya",
              "non_striker": "R Bakum",
              "runs": {
                "batter": 0,
                "extras": 0,
                "total": 0
              }
            },
            {
              "batter": "PK Ananya",
              "bowler": "M Dumbuya",
              "non_striker": "R Bakum",
              "runs": {
                "batter": 0,
                "extras": 0,
                "total": 0
              },
              "wickets": [
                {
                  "kind": "caught",
                  "player_out": "PK Ananya",
                  "fielders": [
                    {
                      "name": "P Faye"
                    }
                  ]
                }
              ]
            },
            {
              "batter": "R Bakum",
              "bowler": "M Dumbuya",
              "non_striker": "DNA Ankrah",
              "runs": {
                "batter": 0,
                "extras": 0,
                "total": 0
              }
            },
            {
              "batter": "R Bakum",
              "bowler": "M Dumbuya",
              "non_striker": "DNA Ankrah",
              "runs": {
                "batter": 0,
                "extras": 0,
                "total": 0
              }
            }
          ]
        },
        {
          "over": 11,
          "deliveries": [
            {
              "batter": "DNA Ankrah",
              "bowler": "Basiru Jaye",
              "non_striker": "R Bakum",
              "runs": {
                "batter": 2,
                "extras": 0,
                "total": 2
              }
            },
            {
              "batter": "DNA Ankrah",
              "bowler": "Basiru Jaye",
              "extras": {
                "wides": 1
              },
              "non_striker": "R Bakum",
              "runs": {
                "batter": 0,
                "extras": 1,
                "total": 1
              }
            },
            {
              "batter": "DNA Ankrah",
              "bowler": "Basiru Jaye",
              "extras": {
                "byes": 1
              },
              "non_striker": "R Bakum",
              "runs": {
                "batter": 0,
                "extras": 1,
                "total": 1
              }
            },
            {
              "batter": "R Bakum",
              "bowler": "Basiru Jaye",
              "non_striker": "DNA Ankrah",
              "runs": {
                "batter": 4,
                "extras": 0,
                "total": 4
              }
            },
            {
              "batter": "R Bakum",
              "bowler": "Basiru Jaye",
              "non_striker": "DNA Ankrah",
              "runs": {
                "batter": 1,
                "extras": 0,
                "total": 1
              }
            },
            {
              "batter": "DNA Ankrah",
              "bowler": "Basiru Jaye",
              "non_striker": "R Bakum",
              "runs": {
                "batter": 1,
                "extras": 0,
                "total": 1
              }
            },
            {
              "batter": "R Bakum",
              "bowler": "Basiru Jaye",
              "non_striker": "DNA Ankrah",
              "runs": {
                "batter": 0,
                "extras": 0,
                "total": 0
              }
            }
          ]
        },
        {
          "over": 12,
          "deliveries": [
            {
              "batter": "DNA Ankrah",
              "bowler": "Ismaila Tanba",
              "non_striker": "R Bakum",
              "runs": {
                "batter": 4,
                "extras": 0,
                "total": 4
              }
            },
            {
              "batter": "DNA Ankrah",
              "bowler": "Ismaila Tanba",
              "non_striker": "R Bakum",
              "runs": {
                "batter": 1,
                "extras": 0,
                "total": 1
              }
            },
            {
              "batter": "R Bakum",
              "bowler": "Ismaila Tanba",
              "non_striker": "DNA Ankrah",
              "runs": {
                "batter": 1,
                "extras": 0,
                "total": 1
              }
            },
            {
              "batter": "DNA Ankrah",
              "bowler": "Ismaila Tanba",
              "non_striker": "R Bakum",
              "runs": {
                "batter": 1,
                "extras": 0,
                "total": 1
              }
            },
            {
              "batter": "R Bakum",
              "bowler": "Ismaila Tanba",
              "non_striker": "DNA Ankrah",
              "runs": {
                "batter": 2,
                "extras": 0,
                "total": 2
              }
            },
            {
              "batter": "R Bakum",
              "bowler": "Ismaila Tanba",
              "non_striker": "DNA Ankrah",
              "runs": {
                "batter": 0,
                "extras": 0,
                "total": 0
              }
            }
          ]
        },
        {
          "over": 13,
          "deliveries": [
            {
              "batter": "DNA Ankrah",
              "bowler": "A Conteh",
              "non_striker": "R Bakum",
              "runs": {
                "batter": 4,
                "extras": 0,
                "total": 4
              }
            },
            {
              "batter": "DNA Ankrah",
              "bowler": "A Conteh",
              "non_striker": "R Bakum",
              "runs": {
                "batter": 0,
                "extras": 0,
                "total": 0
              }
            },
            {
              "batter": "DNA Ankrah",
              "bowler": "A Conteh",
              "non_striker": "R Bakum",
              "runs": {
                "batter": 1,
                "extras": 0,
                "total": 1
              }
            },
            {
              "batter": "R Bakum",
              "bowler": "A Conteh",
              "non_striker": "DNA Ankrah",
              "runs": {
                "batter": 6,
                "extras": 0,
                "total": 6
              }
            },
            {
              "batter": "R Bakum",
              "bowler": "A Conteh",
              "non_striker": "DNA Ankrah",
              "runs": {
                "batter": 0,
                "extras": 0,
                "total": 0
              },
              "wickets": [
                {
                  "kind": "bowled",
                  "player_out": "R Bakum"
                }
              ]
            },
            {
              "batter": "JH Mensah",
              "bowler": "A Conteh",
              "extras": {
                "wides": 1
              },
              "non_striker": "DNA Ankrah",
              "runs": {
                "batter": 0,
                "extras": 1,
                "total": 1
              }
            },
            {
              "batter": "JH Mensah",
              "bowler": "A Conteh",
              "non_striker": "DNA Ankrah",
              "runs": {
                "batter": 0,
                "extras": 0,
                "total": 0
              }
            }
          ]
        },
        {
          "over": 14,
          "deliveries": [
            {
              "batter": "DNA Ankrah",
              "bowler": "Ismaila Tanba",
              "non_striker": "JH Mensah",
              "runs": {
                "batter": 2,
                "extras": 0,
                "total": 2
              }
            },
            {
              "batter": "DNA Ankrah",
              "bowler": "Ismaila Tanba",
              "non_striker": "JH Mensah",
              "runs": {
                "batter": 1,
                "extras": 0,
                "total": 1
              }
            },
            {
              "batter": "JH Mensah",
              "bowler": "Ismaila Tanba",
              "non_striker": "DNA Ankrah",
              "runs": {
                "batter": 1,
                "extras": 0,
                "total": 1
              }
            },
            {
              "batter": "DNA Ankrah",
              "bowler": "Ismaila Tanba",
              "non_striker": "JH Mensah",
              "runs": {
                "batter": 2,
                "extras": 0,
                "total": 2
              }
            },
            {
              "batter": "DNA Ankrah",
              "bowler": "Ismaila Tanba",
              "non_striker": "JH Mensah",
              "runs": {
                "batter": 0,
                "extras": 0,
                "total": 0
              }
            },
            {
              "batter": "DNA Ankrah",
              "bowler": "Ismaila Tanba",
              "non_striker": "JH Mensah",
              "runs": {
                "batter": 2,
                "extras": 0,
                "total": 2
              }
            }
          ]
        },
        {
          "over": 15,
          "deliveries": [
            {
              "batter": "JH Mensah",
              "bowler": "A Conteh",
              "non_striker": "DNA Ankrah",
              "runs": {
                "batter": 0,
                "extras": 0,
                "total": 0
              },
              "wickets": [
                {
                  "kind": "caught",
                  "player_out": "JH Mensah",
                  "fielders": [
                    {
                      "name": "P Faye"
                    }
                  ]
                }
              ]
            },
            {
              "batter": "DNA Ankrah",
              "bowler": "A Conteh",
              "non_striker": "SK Awiah",
              "runs": {
                "batter": 6,
                "extras": 0,
                "total": 6
              }
            },
            {
              "batter": "DNA Ankrah",
              "bowler": "A Conteh",
              "non_striker": "SK Awiah",
              "runs": {
                "batter": 1,
                "extras": 0,
                "total": 1
              }
            },
            {
              "batter": "SK Awiah",
              "bowler": "A Conteh",
              "non_striker": "DNA Ankrah",
              "runs": {
                "batter": 1,
                "extras": 0,
                "total": 1
              }
            },
            {
              "batter": "DNA Ankrah",
              "bowler": "A Conteh",
              "non_striker": "SK Awiah",
              "runs": {
                "batter": 6,
                "extras": 0,
                "total": 6
              }
            },
            {
              "batter": "DNA Ankrah",
              "bowler": "A Conteh",
              "non_striker": "SK Awiah",
              "runs": {
                "batter": 2,
                "extras": 0,
                "total": 2
              }
            }
          ]
        },
        {
          "over": 16,
          "deliveries": [
            {
              "batter": "SK Awiah",
              "bowler": "Abubacarr Kuyateh",
              "extras": {
                "wides": 1
              },
              "non_striker": "DNA Ankrah",
              "runs": {
                "batter": 0,
                "extras": 1,
                "total": 1
              }
            },
            {
              "batter": "SK Awiah",
              "bowler": "Abubacarr Kuyateh",
              "non_striker": "DNA Ankrah",
              "runs": {
                "batter": 2,
                "extras": 0,
                "total": 2
              }
            },
            {
              "batter": "SK Awiah",
              "bowler": "Abubacarr Kuyateh",
              "non_striker": "DNA Ankrah",
              "runs": {
                "batter": 0,
                "extras": 0,
                "total": 0
              }
            },
            {
              "batter": "SK Awiah",
              "bowler": "Abubacarr Kuyateh",
              "non_striker": "DNA Ankrah",
              "runs": {
                "batter": 0,
                "extras": 0,
                "total": 0
              }
            },
            {
              "batter": "SK Awiah",
              "bowler": "Abubacarr Kuyateh",
              "non_striker": "DNA Ankrah",
              "runs": {
                "batter": 0,
                "extras": 0,
                "total": 0
              }
            },
            {
              "batter": "SK Awiah",
              "bowler": "Abubacarr Kuyateh",
              "non_striker": "DNA Ankrah",
              "runs": {
                "batter": 1,
                "extras": 0,
                "total": 1
              }
            },
            {
              "batter": "DNA Ankrah",
              "bowler": "Abubacarr Kuyateh",
              "non_striker": "SK Awiah",
              "runs": {
                "batter": 1,
                "extras": 0,
                "total": 1
              }
            }
          ]
        },
        {
          "over": 17,
          "deliveries": [
            {
              "batter": "DNA Ankrah",
              "bowler": "Andre Jarju",
              "non_striker": "SK Awiah",
              "runs": {
                "batter": 4,
                "extras": 0,
                "total": 4
              }
            },
            {
              "batter": "DNA Ankrah",
              "bowler": "Andre Jarju",
              "extras": {
                "legbyes": 1
              },
              "non_striker": "SK Awiah",
              "runs": {
                "batter": 0,
                "extras": 1,
                "total": 1
              }
            },
            {
              "batter": "SK Awiah",
              "bowler": "Andre Jarju",
              "non_striker": "DNA Ankrah",
              "runs": {
                "batter": 1,
                "extras": 0,
                "total": 1
              }
            },
            {
              "batter": "DNA Ankrah",
              "bowler": "Andre Jarju",
              "non_striker": "SK Awiah",
              "runs": {
                "batter": 2,
                "extras": 0,
                "total": 2
              }
            },
            {
              "batter": "DNA Ankrah",
              "bowler": "Andre Jarju",
              "non_striker": "SK Awiah",
              "runs": {
                "batter": 1,
                "extras": 0,
                "total": 1
              }
            },
            {
              "batter": "SK Awiah",
              "bowler": "Andre Jarju",
              "non_striker": "DNA Ankrah",
              "runs": {
                "batter": 0,
                "extras": 0,
                "total": 0
              },
              "wickets": [
                {
                  "kind": "caught",
                  "player_out": "SK Awiah",
                  "fielders": [
                    {
                      "name": "P Faye"
                    }
                  ]
                }
              ]
            }
          ]
        },
        {
          "over": 18,
          "deliveries": [
            {
              "batter": "IKO Aboagye",
              "bowler": "Abubacarr Kuyateh",
              "non_striker": "DNA Ankrah",
              "runs": {
                "batter": 2,
                "extras": 0,
                "total": 2
              }
            },
            {
              "batter": "IKO Aboagye",
              "bowler": "Abubacarr Kuyateh",
              "non_striker": "DNA Ankrah",
              "runs": {
                "batter": 0,
                "extras": 0,
                "total": 0
              }
            },
            {
              "batter": "IKO Aboagye",
              "bowler": "Abubacarr Kuyateh",
              "non_striker": "DNA Ankrah",
              "runs": {
                "batter": 2,
                "extras": 0,
                "total": 2
              }
            },
            {
              "batter": "IKO Aboagye",
              "bowler": "Abubacarr Kuyateh",
              "non_striker": "DNA Ankrah",
              "runs": {
                "batter": 4,
                "extras": 0,
                "total": 4
              }
            },
            {
              "batter": "IKO Aboagye",
              "bowler": "Abubacarr Kuyateh",
              "non_striker": "DNA Ankrah",
              "runs": {
                "batter": 1,
                "extras": 0,
                "total": 1
              }
            },
            {
              "batter": "DNA Ankrah",
              "bowler": "Abubacarr Kuyateh",
              "non_striker": "IKO Aboagye",
              "runs": {
                "batter": 0,
                "extras": 0,
                "total": 0
              },
              "wickets": [
                {
                  "kind": "caught",
                  "player_out": "DNA Ankrah",
                  "fielders": [
                    {
                      "name": "Andre Jarju"
                    }
                  ]
                }
              ]
            }
          ]
        },
        {
          "over": 19,
          "deliveries": [
            {
              "batter": "Mark Bawa",
              "bowler": "Andre Jarju",
              "non_striker": "IKO Aboagye",
              "runs": {
                "batter": 2,
                "extras": 0,
                "total": 2
              }
            },
            {
              "batter": "Mark Bawa",
              "bowler": "Andre Jarju",
              "non_striker": "IKO Aboagye",
              "runs": {
                "batter": 0,
                "extras": 0,
                "total": 0
              }
            },
            {
              "batter": "Mark Bawa",
              "bowler": "Andre Jarju",
              "non_striker": "IKO Aboagye",
              "runs": {
                "batter": 0,
                "extras": 0,
                "total": 0
              },
              "wickets": [
                {
                  "kind": "caught",
                  "player_out": "Mark Bawa",
                  "fielders": [
                    {
                      "name": "Basiru Jaye"
                    }
                  ]
                }
              ]
            },
            {
              "batter": "IKO Aboagye",
              "bowler": "Andre Jarju",
              "extras": {
                "wides": 1
              },
              "non_striker": "M Aboagye",
              "runs": {
                "batter": 0,
                "extras": 1,
                "total": 1
              }
            },
            {
              "batter": "IKO Aboagye",
              "bowler": "Andre Jarju",
              "non_striker": "M Aboagye",
              "runs": {
                "batter": 0,
                "extras": 0,
                "total": 0
              }
            },
            {
              "batter": "IKO Aboagye",
              "bowler": "Andre Jarju",
              "non_striker": "M Aboagye",
              "runs": {
                "batter": 0,
                "extras": 0,
                "total": 0
              }
            },
            {
              "batter": "IKO Aboagye",
              "bowler": "Andre Jarju",
              "extras": {
                "legbyes": 1
              },
              "non_striker": "M Aboagye",
              "runs": {
                "batter": 0,
                "extras": 1,
                "total": 1
              }
            }
          ]
        }
      ],
      "powerplays": [
        {
          "from": 0.1,
          "to": 5.6,
          "type": "mandatory"
        }
      ]
    },
    {
      "team": "Gambia",
      "overs": [
        {
          "over": 0,
          "deliveries": [
            {
              "batter": "Muhammed Manga",
              "bowler": "DNA Ankrah",
              "non_striker": "Andre Jarju",
              "runs": {
                "batter": 0,
                "extras": 0,
                "total": 0
              }
            },
            {
              "batter": "Muhammed Manga",
              "bowler": "DNA Ankrah",
              "non_striker": "Andre Jarju",
              "runs": {
                "batter": 0,
                "extras": 0,
                "total": 0
              }
            },
            {
              "batter": "Muhammed Manga",
              "bowler": "DNA Ankrah",
              "non_striker": "Andre Jarju",
              "runs": {
                "batter": 0,
                "extras": 0,
                "total": 0
              }
            },
            {
              "batter": "Muhammed Manga",
              "bowler": "DNA Ankrah",
              "non_striker": "Andre Jarju",
              "runs": {
                "batter": 0,
                "extras": 0,
                "total": 0
              }
            },
            {
              "batter": "Muhammed Manga",
              "bowler": "DNA Ankrah",
              "non_striker": "Andre Jarju",
              "runs": {
                "batter": 0,
                "extras": 0,
                "total": 0
              }
            },
            {
              "batter": "Muhammed Manga",
              "bowler": "DNA Ankrah",
              "non_striker": "Andre Jarju",
              "runs": {
                "batter": 0,
                "extras": 0,
                "total": 0
              }
            }
          ]
        },
        {
          "over": 1,
          "deliveries": [
            {
              "batter": "Andre Jarju",
              "bowler": "V Ateak",
              "non_striker": "Muhammed Manga",
              "runs": {
                "batter": 0,
                "extras": 0,
                "total": 0
              }
            },
            {
              "batter": "Andre Jarju",
              "bowler": "V Ateak",
              "non_striker": "Muhammed Manga",
              "runs": {
                "batter": 0,
                "extras": 0,
                "total": 0
              }
            },
            {
              "batter": "Andre Jarju",
              "bowler": "V Ateak",
              "non_striker": "Muhammed Manga",
              "runs": {
                "batter": 0,
                "extras": 0,
                "total": 0
              }
            },
            {
              "batter": "Andre Jarju",
              "bowler": "V Ateak",
              "non_striker": "Muhammed Manga",
              "runs": {
                "batter": 0,
                "extras": 0,
                "total": 0
              }
            },
            {
              "batter": "Andre Jarju",
              "bowler": "V Ateak",
              "non_striker": "Muhammed Manga",
              "runs": {
                "batter": 4,
                "extras": 0,
                "total": 4
              }
            },
            {
              "batter": "Andre Jarju",
              "bowler": "V Ateak",
              "non_striker": "Muhammed Manga",
              "runs": {
                "batter": 0,
                "extras": 0,
                "total": 0
              }
            }
          ]
        },
        {
          "over": 2,
          "deliveries": [
            {
              "batter": "Muhammed Manga",
              "bowler": "DNA Ankrah",
              "non_striker": "Andre Jarju",
              "runs": {
                "batter": 0,
                "extras": 0,
                "total": 0
              }
            },
            {
              "batter": "Muhammed Manga",
              "bowler": "DNA Ankrah",
              "non_striker": "Andre Jarju",
              "runs": {
                "batter": 0,
                "extras": 0,
                "total": 0
              }
            },
            {
              "batter": "Muhammed Manga",
              "bowler": "DNA Ankrah",
              "non_striker": "Andre Jarju",
              "runs": {
                "batter": 2,
                "extras": 0,
                "total": 2
              }
            },
            {
              "batter": "Muhammed Manga",
              "bowler": "DNA Ankrah",
              "non_striker": "Andre Jarju",
              "runs": {
                "batter": 1,
                "extras": 0,
                "total": 1
              }
            },
            {
              "batter": "Andre Jarju",
              "bowler": "DNA Ankrah",
              "non_striker": "Muhammed Manga",
              "runs": {
                "batter": 0,
                "extras": 0,
                "total": 0
              }
            },
            {
              "batter": "Andre Jarju",
              "bowler": "DNA Ankrah",
              "non_striker": "Muhammed Manga",
              "runs": {
                "batter": 0,
                "extras": 0,
                "total": 0
              },
              "wickets": [
                {
                  "kind": "caught",
                  "player_out": "Andre Jarju",
                  "fielders": [
                    {
                      "name": "TK Joseph"
                    }
                  ]
                }
              ]
            }
          ]
        },
        {
          "over": 3,
          "deliveries": [
            {
              "batter": "Basiru Jaye",
              "bowler": "V Ateak",
              "non_striker": "Muhammed Manga",
              "runs": {
                "batter": 0,
                "extras": 0,
                "total": 0
              }
            },
            {
              "batter": "Basiru Jaye",
              "bowler": "V Ateak",
              "non_striker": "Muhammed Manga",
              "runs": {
                "batter": 0,
                "extras": 0,
                "total": 0
              }
            },
            {
              "batter": "Basiru Jaye",
              "bowler": "V Ateak",
              "non_striker": "Muhammed Manga",
              "runs": {
                "batter": 2,
                "extras": 0,
                "total": 2
              }
            },
            {
              "batter": "Basiru Jaye",
              "bowler": "V Ateak",
              "non_striker": "Muhammed Manga",
              "runs": {
                "batter": 4,
                "extras": 0,
                "total": 4
              }
            },
            {
              "batter": "Basiru Jaye",
              "bowler": "V Ateak",
              "non_striker": "Muhammed Manga",
              "runs": {
                "batter": 0,
                "extras": 0,
                "total": 0
              }
            },
            {
              "batter": "Basiru Jaye",
              "bowler": "V Ateak",
              "non_striker": "Muhammed Manga",
              "runs": {
                "batter": 1,
                "extras": 0,
                "total": 1
              }
            }
          ]
        },
        {
          "over": 4,
          "deliveries": [
            {
              "batter": "Basiru Jaye",
              "bowler": "DNA Ankrah",
              "non_striker": "Muhammed Manga",
              "runs": {
                "batter": 0,
                "extras": 0,
                "total": 0
              }
            },
            {
              "batter": "Basiru Jaye",
              "bowler": "DNA Ankrah",
              "non_striker": "Muhammed Manga",
              "runs": {
                "batter": 0,
                "extras": 0,
                "total": 0
              }
            },
            {
              "batter": "Basiru Jaye",
              "bowler": "DNA Ankrah",
              "extras": {
                "wides": 2
              },
              "non_striker": "Muhammed Manga",
              "runs": {
                "batter": 0,
                "extras": 2,
                "total": 2
              }
            },
            {
              "batter": "Muhammed Manga",
              "bowler": "DNA Ankrah",
              "non_striker": "Basiru Jaye",
              "runs": {
                "batter": 0,
                "extras": 0,
                "total": 0
              }
            },
            {
              "batter": "Muhammed Manga",
              "bowler": "DNA Ankrah",
              "non_striker": "Basiru Jaye",
              "runs": {
                "batter": 0,
                "extras": 0,
                "total": 0
              }
            },
            {
              "batter": "Muhammed Manga",
              "bowler": "DNA Ankrah",
              "non_striker": "Basiru Jaye",
              "runs": {
                "batter": 2,
                "extras": 0,
                "total": 2
              }
            },
            {
              "batter": "Muhammed Manga",
              "bowler": "DNA Ankrah",
              "extras": {
                "legbyes": 1
              },
              "non_striker": "Basiru Jaye",
              "runs": {
                "batter": 0,
                "extras": 1,
                "total": 1
              }
            }
          ]
        },
        {
          "over": 5,
          "deliveries": [
            {
              "batter": "Muhammed Manga",
              "bowler": "Mark Bawa",
              "non_striker": "Basiru Jaye",
              "runs": {
                "batter": 0,
                "extras": 0,
                "total": 0
              },
              "wickets": [
                {
                  "kind": "lbw",
                  "player_out": "Muhammed Manga"
                }
              ]
            },
            {
              "batter": "P Faye",
              "bowler": "Mark Bawa",
              "non_striker": "Basiru Jaye",
              "runs": {
                "batter": 4,
                "extras": 0,
                "total": 4
              }
            },
            {
              "batter": "P Faye",
              "bowler": "Mark Bawa",
              "non_striker": "Basiru Jaye",
              "runs": {
                "batter": 0,
                "extras": 0,
                "total": 0
              },
              "wickets": [
                {
                  "kind": "caught",
                  "player_out": "P Faye",
                  "fielders": [
                    {
                      "name": "M Aboagye"
                    }
                  ]
                }
              ]
            },
            {
              "batter": "Ismaila Tanba",
              "bowler": "Mark Bawa",
              "non_striker": "Basiru Jaye",
              "runs": {
                "batter": 1,
                "extras": 0,
                "total": 1
              }
            },
            {
              "batter": "Basiru Jaye",
              "bowler": "Mark Bawa",
              "non_striker": "Ismaila Tanba",
              "runs": {
                "batter": 4,
                "extras": 0,
                "total": 4
              }
            },
            {
              "batter": "Basiru Jaye",
              "bowler": "Mark Bawa",
              "non_striker": "Ismaila Tanba",
              "runs": {
                "batter": 0,
                "extras": 0,
                "total": 0
              },
              "wickets": [
                {
                  "kind": "lbw",
                  "player_out": "Basiru Jaye"
                }
              ]
            }
          ]
        },
        {
          "over": 6,
          "deliveries": [
            {
              "batter": "Ismaila Tanba",
              "bowler": "IKO Aboagye",
              "non_striker": "Abubacarr Kuyateh",
              "runs": {
                "batter": 0,
                "extras": 0,
                "total": 0
              }
            },
            {
              "batter": "Ismaila Tanba",
              "bowler": "IKO Aboagye",
              "non_striker": "Abubacarr Kuyateh",
              "runs": {
                "batter": 1,
                "extras": 0,
                "total": 1
              }
            },
            {
              "batter": "Abubacarr Kuyateh",
              "bowler": "IKO Aboagye",
              "non_striker": "Ismaila Tanba",
              "runs": {
                "batter": 1,
                "extras": 0,
                "total": 1
              }
            },
            {
              "batter": "Ismaila Tanba",
              "bowler": "IKO Aboagye",
              "non_striker": "Abubacarr Kuyateh",
              "runs": {
                "batter": 0,
                "extras": 0,
                "total": 0
              }
            },
            {
              "batter": "Ismaila Tanba",
              "bowler": "IKO Aboagye",
              "non_striker": "Abubacarr Kuyateh",
              "runs": {
                "batter": 1,
                "extras": 0,
                "total": 1
              }
            },
            {
              "batter": "Abubacarr Kuyateh",
              "bowler": "IKO Aboagye",
              "non_striker": "Ismaila Tanba",
              "runs": {
                "batter": 1,
                "extras": 0,
                "total": 1
              }
            }
          ]
        },
        {
          "over": 7,
          "deliveries": [
            {
              "batter": "Abubacarr Kuyateh",
              "bowler": "Mark Bawa",
              "non_striker": "Ismaila Tanba",
              "runs": {
                "batter": 1,
                "extras": 0,
                "total": 1
              }
            },
            {
              "batter": "Ismaila Tanba",
              "bowler": "Mark Bawa",
              "extras": {
                "byes": 4
              },
              "non_striker": "Abubacarr Kuyateh",
              "runs": {
                "batter": 0,
                "extras": 4,
                "total": 4
              }
            },
            {
              "batter": "Ismaila Tanba",
              "bowler": "Mark Bawa",
              "non_striker": "Abubacarr Kuyateh",
              "runs": {
                "batter": 2,
                "extras": 0,
                "total": 2
              }
            },
            {
              "batter": "Ismaila Tanba",
              "bowler": "Mark Bawa",
              "non_striker": "Abubacarr Kuyateh",
              "runs": {
                "batter": 0,
                "extras": 0,
                "total": 0
              },
              "wickets": [
                {
                  "kind": "caught",
                  "player_out": "Ismaila Tanba",
                  "fielders": [
                    {
                      "name": "PK Ananya"
                    }
                  ]
                }
              ]
            },
            {
              "batter": "Abubacarr Kuyateh",
              "bowler": "Mark Bawa",
              "non_striker": "M Dumbuya",
              "runs": {
                "batter": 0,
                "extras": 0,
                "total": 0
              }
            },
            {
              "batter": "Abubacarr Kuyateh",
              "bowler": "Mark Bawa",
              "non_striker": "M Dumbuya",
              "runs": {
                "batter": 0,
                "extras": 0,
                "total": 0
              },
              "wickets": [
                {
                  "kind": "caught",
                  "player_out": "Abubacarr Kuyateh",
                  "fielders": [
                    {
                      "name": "SK Awiah"
                    }
                  ]
                }
              ]
            }
          ]
        },
        {
          "over": 8,
          "deliveries": [
            {
              "batter": "M Dumbuya",
              "bowler": "IKO Aboagye",
              "non_striker": "A Conteh",
              "runs": {
                "batter": 0,
                "extras": 0,
                "total": 0
              }
            },
            {
              "batter": "M Dumbuya",
              "bowler": "IKO Aboagye",
              "non_striker": "A Conteh",
              "runs": {
                "batter": 0,
                "extras": 0,
                "total": 0
              }
            },
            {
              "batter": "M Dumbuya",
              "bowler": "IKO Aboagye",
              "non_striker": "A Conteh",
              "runs": {
                "batter": 0,
                "extras": 0,
                "total": 0
              },
              "wickets": [
                {
                  "kind": "caught",
                  "player_out": "M Dumbuya",
                  "fielders": [
                    {
                      "name": "SK Awiah"
                    }
                  ]
                }
              ]
            },
            {
              "batter": "A Conteh",
              "bowler": "IKO Aboagye",
              "non_striker": "Mustapha Suwareh",
              "runs": {
                "batter": 0,
                "extras": 0,
                "total": 0
              }
            },
            {
              "batter": "A Conteh",
              "bowler": "IKO Aboagye",
              "non_striker": "Mustapha Suwareh",
              "runs": {
                "batter": 2,
                "extras": 0,
                "total": 2
              }
            },
            {
              "batter": "A Conteh",
              "bowler": "IKO Aboagye",
              "non_striker": "Mustapha Suwareh",
              "runs": {
                "batter": 4,
                "extras": 0,
                "total": 4
              }
            }
          ]
        },
        {
          "over": 9,
          "deliveries": [
            {
              "batter": "Mustapha Suwareh",
              "bowler": "Mark Bawa",
              "non_striker": "A Conteh",
              "runs": {
                "batter": 1,
                "extras": 0,
                "total": 1
              }
            },
            {
              "batter": "A Conteh",
              "bowler": "Mark Bawa",
              "non_striker": "Mustapha Suwareh",
              "runs": {
                "batter": 0,
                "extras": 0,
                "total": 0
              }
            },
            {
              "batter": "A Conteh",
              "bowler": "Mark Bawa",
              "extras": {
                "wides": 1
              },
              "non_striker": "Mustapha Suwareh",
              "runs": {
                "batter": 0,
                "extras": 1,
                "total": 1
              }
            },
            {
              "batter": "A Conteh",
              "bowler": "Mark Bawa",
              "extras": {
                "legbyes": 1
              },
              "non_striker": "Mustapha Suwareh",
              "runs": {
                "batter": 0,
                "extras": 1,
                "total": 1
              }
            },
            {
              "batter": "Mustapha Suwareh",
              "bowler": "Mark Bawa",
              "non_striker": "A Conteh",
              "runs": {
                "batter": 0,
                "extras": 0,
                "total": 0
              }
            },
            {
              "batter": "Mustapha Suwareh",
              "bowler": "Mark Bawa",
              "non_striker": "A Conteh",
              "runs": {
                "batter": 0,
                "extras": 0,
                "total": 0
              }
            },
            {
              "batter": "Mustapha Suwareh",
              "bowler": "Mark Bawa",
              "non_striker": "A Conteh",
              "runs": {
                "batter": 0,
                "extras": 0,
                "total": 0
              }
            }
          ]
        },
        {
          "over": 10,
          "deliveries": [
            {
              "batter": "A Conteh",
              "bowler": "IKO Aboagye",
              "non_striker": "Mustapha Suwareh",
              "runs": {
                "batter": 0,
                "extras": 0,
                "total": 0
              }
            },
            {
              "batter": "A Conteh",
              "bowler": "IKO Aboagye",
              "extras": {
                "byes": 1
              },
              "non_striker": "Mustapha Suwareh",
              "runs": {
                "batter": 0,
                "extras": 1,
                "total": 1
              }
            },
            {
              "batter": "Mustapha Suwareh",
              "bowler": "IKO Aboagye",
              "non_striker": "A Conteh",
              "runs": {
                "batter": 1,
                "extras": 0,
                "total": 1
              }
            },
            {
              "batter": "A Conteh",
              "bowler": "IKO Aboagye",
              "non_striker": "Mustapha Suwareh",
              "runs": {
                "batter": 1,
                "extras": 0,
                "total": 1
              }
            },
            {
              "batter": "Mustapha Suwareh",
              "bowler": "IKO Aboagye",
              "non_striker": "A Conteh",
              "runs": {
                "batter": 0,
                "extras": 0,
                "total": 0
              }
            },
            {
              "batter": "Mustapha Suwareh",
              "bowler": "IKO Aboagye",
              "non_striker": "A Conteh",
              "runs": {
                "batter": 0,
                "extras": 0,
                "total": 0
              }
            }
          ]
        },
        {
          "over": 11,
          "deliveries": [
            {
              "batter": "A Conteh",
              "bowler": "Mark Bawa",
              "non_striker": "Mustapha Suwareh",
              "runs": {
                "batter": 0,
                "extras": 0,
                "total": 0
              }
            },
            {
              "batter": "A Conteh",
              "bowler": "Mark Bawa",
              "non_striker": "Mustapha Suwareh",
              "runs": {
                "batter": 0,
                "extras": 0,
                "total": 0
              }
            },
            {
              "batter": "A Conteh",
              "bowler": "Mark Bawa",
              "non_striker": "Mustapha Suwareh",
              "runs": {
                "batter": 0,
                "extras": 0,
                "total": 0
              }
            },
            {
              "batter": "A Conteh",
              "bowler": "Mark Bawa",
              "non_striker": "Mustapha Suwareh",
              "runs": {
                "batter": 2,
                "extras": 0,
                "total": 2
              }
            },
            {
              "batter": "A Conteh",
              "bowler": "Mark Bawa",
              "non_striker": "Mustapha Suwareh",
              "runs": {
                "batter": 1,
                "extras": 0,
                "total": 1
              }
            },
            {
              "batter": "Mustapha Suwareh",
              "bowler": "Mark Bawa",
              "non_striker": "A Conteh",
              "runs": {
                "batter": 0,
                "extras": 0,
                "total": 0
              }
            }
          ]
        },
        {
          "over": 12,
          "deliveries": [
            {
              "batter": "A Conteh",
              "bowler": "IKO Aboagye",
              "non_striker": "Mustapha Suwareh",
              "runs": {
                "batter": 0,
                "extras": 0,
                "total": 0
              }
            },
            {
              "batter": "A Conteh",
              "bowler": "IKO Aboagye",
              "non_striker": "Mustapha Suwareh",
              "runs": {
                "batter": 0,
                "extras": 0,
                "total": 0
              }
            },
            {
              "batter": "A Conteh",
              "bowler": "IKO Aboagye",
              "non_striker": "Mustapha Suwareh",
              "runs": {
                "batter": 0,
                "extras": 0,
                "total": 0
              },
              "wickets": [
                {
                  "kind": "caught",
                  "player_out": "A Conteh",
                  "fielders": [
                    {
                      "name": "TK Joseph"
                    }
                  ]
                }
              ]
            },
            {
              "batter": "Ousman Bah",
              "bowler": "IKO Aboagye",
              "non_striker": "Mustapha Suwareh",
              "runs": {
                "batter": 0,
                "extras": 0,
                "total": 0
              }
            },
            {
              "batter": "Ousman Bah",
              "bowler": "IKO Aboagye",
              "non_striker": "Mustapha Suwareh",
              "runs": {
                "batter": 1,
                "extras": 0,
                "total": 1
              }
            },
            {
              "batter": "Mustapha Suwareh",
              "bowler": "IKO Aboagye",
              "non_striker": "Ousman Bah",
              "runs": {
                "batter": 1,
                "extras": 0,
                "total": 1
              }
            }
          ]
        },
        {
          "over": 13,
          "deliveries": [
            {
              "batter": "Mustapha Suwareh",
              "bowler": "M Aboagye",
              "non_striker": "Ousman Bah",
              "runs": {
                "batter": 0,
                "extras": 0,
                "total": 0
              }
            },
            {
              "batter": "Mustapha Suwareh",
              "bowler": "M Aboagye",
              "non_striker": "Ousman Bah",
              "runs": {
                "batter": 0,
                "extras": 0,
                "total": 0
              }
            },
            {
              "batter": "Mustapha Suwareh",
              "bowler": "M Aboagye",
              "non_striker": "Ousman Bah",
              "runs": {
                "batter": 0,
                "extras": 0,
                "total": 0
              },
              "wickets": [
                {
                  "kind": "caught and bowled",
                  "player_out": "Mustapha Suwareh"
                }
              ]
            },
            {
              "batter": "M Camara",
              "bowler": "M Aboagye",
              "non_striker": "Ousman Bah",
              "runs": {
                "batter": 0,
                "extras": 0,
                "total": 0
              }
            },
            {
              "batter": "M Camara",
              "bowler": "M Aboagye",
              "non_striker": "Ousman Bah",
              "runs": {
                "batter": 0,
                "extras": 0,
                "total": 0
              }
            },
            {
              "batter": "M Camara",
              "bowler": "M Aboagye",
              "non_striker": "Ousman Bah",
              "runs": {
                "batter": 0,
                "extras": 0,
                "total": 0
              }
            }
          ]
        },
        {
          "over": 14,
          "deliveries": [
            {
              "batter": "Ousman Bah",
              "bowler": "V Ateak",
              "non_striker": "M Camara",
              "runs": {
                "batter": 0,
                "extras": 0,
                "total": 0
              },
              "wickets": [
                {
                  "kind": "bowled",
                  "player_out": "Ousman Bah"
                }
              ]
            }
          ]
        }
      ],
      "powerplays": [
        {
          "from": 0.1,
          "to": 5.6,
          "type": "mandatory"
        }
      ],
      "target": {
        "overs": 20,
        "runs": 166
      }
    }
  ]
}