{
  "meta": {
    "data_version": "1.0.0",
    "created": "2020-09-14",
    "revision": 2
  },
  "info": {
    "balls_per_over": 6,
    "dates": [
      "2018-07-10"
    ],
    "event": {
      "name": "ICC World Twenty20 Africa Region Qualifier B",
      "match_number": 5
    },
    "gender": "male",
    "match_type": "IT20",
    "officials": {
      "match_referees": [
        "D Govindjee"
      ],
      "reserve_umpires": [
        "IO Oyieko"
      ],
      "umpires": [
        "A Louw",
        "C Thorburn"
      ]
    },
    "outcome": {
      "winner": "Kenya",
      "by": {
        "wickets": 7
      }
    },
    "overs": 20,
    "player_of_match": [
      "RR Patel"
    ],
    "players": {
      "Tanzania": [
        "Jitin Singh",
        "AR Patwa",
        "R Amarshi",
        "Muhammad Zafar Khan",
        "JC Darji",
        "ZR Jaboneke",
        "KN Mussa",
        "KZ Rehmtullah",
        "N Mapunda",
        "RK Kiseto",
        "H Ramaiya"
      ],
      "Kenya": [
        "DM Gondaria",
        "AA Obanda",
        "RR Patel",
        "Gurdeep Singh",
        "RN Patel",
        "CO Obuya",
        "SO Ngoche",
        "NM Odhiambo",
        "P Kerai",
        "E Otieno",
        "E Ochieng"
      ]
    },
    "registry": {
      "people": {
        "A Louw": "5eecae5d",
        "AA Obanda": "7081491e",
        "AR Patwa": "b43f7a6a",
        "C Thorburn": "904288fe",
        "CO Obuya": "5680f1ad",
        "D Govindjee": "8b4c4069",
        "DM Gondaria": "9048c17e",
        "E Ochieng": "b64e3749",
        "E Otieno": "c57fa67e",
        "Gurdeep Singh": "31865a5b",
        "H Ramaiya": "895faea3",
        "IO Oyieko": "de4828fa",
        "JC Darji": "6d5983d4",
        "Jitin Singh": "b7db83eb",
        "KN Mussa": "49be2f58",
        "KZ Rehmtullah": "995aedfe",
        "Muhammad Zafar Khan": "6d5e66b1",
        "N Mapunda": "a94c2947",
        "NM Odhiambo": "c07a1f41",
        "P Kerai": "ab343e93",
        "R Amarshi": "4a441764",
        "RK Kiseto": "780d1997",
        "RN Patel": "db1bf9c2",
        "RR Patel": "7fa6bd8e",
        "SO Ngoche": "49118dc7",
        "ZR Jaboneke": "438aef39"
      }
    },
    "season": "2018",
    "team_type": "international",
    "teams": [
      "Tanzania",
      "Kenya"
    ],
    "toss": {
      "decision": "bat",
      "winner": "Tanzania"
    },
    "venue": "Gahanga International Cricket Stadium. Rwanda"
  },
  "innings": [
    {
      "team": "Tanzania",
      "overs": [
        {
          "over": 0,
          "deliveries": [
            {
              "batter": "Jitin Singh",
              "bowler": "E Otieno",
              "non_striker": "AR Patwa",
              "runs": {
                "batter": 4,
                "extras": 0,
                "total": 4
              }
            },
            {
              "batter": "Jitin Singh",
              "bowler": "E Otieno",
              "non_striker": "AR Patwa",
              "runs": {
                "batter": 0,
                "extras": 0,
                "total": 0
              }
            },
            {
              "batter": "Jitin Singh",
              "bowler": "E Otieno",
              "non_striker": "AR Patwa",
              "runs": {
                "batter": 0,
                "extras": 0,
                "total": 0
              }
            },
            {
              "batter": "Jitin Singh",
              "bowler": "E Otieno",
              "non_striker": "AR Patwa",
              "runs": {
                "batter": 0,
                "extras": 0,
                "total": 0
              }
            },
            {
              "batter": "Jitin Singh",
              "bowler": "E Otieno",
              "non_striker": "AR Patwa",
              "runs": {
                "batter": 0,
                "extras": 0,
                "total": 0
              }
            },
            {
              "batter": "Jitin Singh",
              "bowler": "E Otieno",
              "non_striker": "AR Patwa",
              "runs": {
                "batter": 0,
                "extras": 0,
                "total": 0
              }
            }
          ]
        },
        {
          "over": 1,
          "deliveries": [
            {
              "batter": "AR Patwa",
              "bowler": "E Ochieng",
              "non_striker": "Jitin Singh",
              "runs": {
                "batter": 0,
                "extras": 0,
                "total": 0
              }
            },
            {
              "batter": "AR Patwa",
              "bowler": "E Ochieng",
              "non_striker": "Jitin Singh",
              "runs": {
                "batter": 0,
                "extras": 0,
                "total": 0
              }
            },
            {
              "batter": "AR Patwa",
              "bowler": "E Ochieng",
              "non_striker": "Jitin Singh",
              "runs": {
                "batter": 4,
                "extras": 0,
                "total": 4
              }
            },
            {
              "batter": "AR Patwa",
              "bowler": "E Ochieng",
              "non_striker": "Jitin Singh",
              "runs": {
                "batter": 0,
                "extras": 0,
                "total": 0
              }
            },
            {
              "batter": "AR Patwa",
              "bowler": "E Ochieng",
              "non_striker": "Jitin Singh",
              "runs": {
                "batter": 1,
                "extras": 0,
                "total": 1
              }
            },
            {
              "batter": "Jitin Singh",
              "bowler": "E Ochieng",
              "extras": {
                "legbyes": 4
              },
              "non_striker": "AR Patwa",
              "runs": {
                "batter": 0,
                "extras": 4,
                "total": 4
              }
            }
          ]
        },
        {
          "over": 2,
          "deliveries": [
            {
              "batter": "AR Patwa",
              "bowler": "E Otieno",
              "non_striker": "Jitin Singh",
              "runs": {
                "batter": 0,
                "extras": 0,
                "total": 0
              }
            },
            {
              "batter": "AR Patwa",
              "bowler": "E Otieno",
              "non_striker": "Jitin Singh",
              "runs": {
                "batter": 0,
                "extras": 0,
                "total": 0
              }
            },
            {
              "batter": "AR Patwa",
              "bowler": "E Otieno",
              "non_striker": "Jitin Singh",
              "runs": {
                "batter": 0,
                "extras": 0,
                "total": 0
              }
            },
            {
              "batter": "AR Patwa",
              "bowler": "E Otieno",
              "non_striker": "Jitin Singh",
              "runs": {
                "batter": 0,
                "extras": 0,
                "total": 0
              },
              "wickets": [
                {
                  "player_out": "AR Patwa",
                  "fielders": [
                    {
                      "name": "CO Obuya"
                    }
                  ],
                  "kind": "caught"
                }
              ]
            },
            {
              "batter": "R Amarshi",
              "bowler": "E Otieno",
              "non_striker": "Jitin Singh",
              "runs": {
                "batter": 0,
                "extras": 0,
                "total": 0
              }
            },
            {
              "batter": "R Amarshi",
              "bowler": "E Otieno",
              "non_striker": "Jitin Singh",
              "runs": {
                "batter": 0,
                "extras": 0,
                "total": 0
              }
            }
          ]
        },
        {
          "over": 3,
          "deliveries": [
            {
              "batter": "Jitin Singh",
              "bowler": "E Ochieng",
              "non_striker": "R Amarshi",
              "runs": {
                "batter": 0,
                "extras": 0,
                "total": 0
              }
            },
            {
              "batter": "Jitin Singh",
              "bowler": "E Ochieng",
              "non_striker": "R Amarshi",
              "runs": {
                "batter": 0,
                "extras": 0,
                "total": 0
              },
              "wickets": [
                {
                  "player_out": "Jitin Singh",
                  "fielders": [
                    {
                      "name": "RR Patel"
                    }
                  ],
                  "kind": "caught"
                }
              ]
            },
            {
              "batter": "Muhammad Zafar Khan",
              "bowler": "E Ochieng",
              "non_striker": "R Amarshi",
              "runs": {
                "batter": 1,
                "extras": 0,
                "total": 1
              }
            },
            {
              "batter": "R Amarshi",
              "bowler": "E Ochieng",
              "non_striker": "Muhammad Zafar Khan",
              "runs": {
                "batter": 0,
                "extras": 0,
                "total": 0
              },
              "wickets": [
                {
                  "player_out": "R Amarshi",
                  "kind": "run out"
                }
              ]
            },
            {
              "batter": "Muhammad Zafar Khan",
              "bowler": "E Ochieng",
              "non_striker": "JC Darji",
              "runs": {
                "batter": 1,
                "extras": 0,
                "total": 1
              }
            },
            {
              "batter": "JC Darji",
              "bowler": "E Ochieng",
              "non_striker": "Muhammad Zafar Khan",
              "runs": {
                "batter": 4,
                "extras": 0,
                "total": 4
              }
            }
          ]
        },
        {
          "over": 4,
          "deliveries": [
            {
              "batter": "Muhammad Zafar Khan",
              "bowler": "E Otieno",
              "non_striker": "JC Darji",
              "runs": {
                "batter": 0,
                "extras": 0,
                "total": 0
              }
            },
            {
              "batter": "Muhammad Zafar Khan",
              "bowler": "E Otieno",
              "non_striker": "JC Darji",
              "runs": {
                "batter": 4,
                "extras": 0,
                "total": 4
              }
            },
            {
              "batter": "Muhammad Zafar Khan",
              "bowler": "E Otieno",
              "non_striker": "JC Darji",
              "runs": {
                "batter": 4,
                "extras": 0,
                "total": 4
              }
            },
            {
              "batter": "Muhammad Zafar Khan",
              "bowler": "E Otieno",
              "non_striker": "JC Darji",
              "runs": {
                "batter": 0,
                "extras": 0,
                "total": 0
              }
            },
            {
              "batter": "Muhammad Zafar Khan",
              "bowler": "E Otieno",
              "non_striker": "JC Darji",
              "runs": {
                "batter": 0,
                "extras": 0,
                "total": 0
              }
            },
            {
              "batter": "Muhammad Zafar Khan",
              "bowler": "E Otieno",
              "non_striker": "JC Darji",
              "runs": {
                "batter": 0,
                "extras": 0,
                "total": 0
              }
            }
          ]
        },
        {
          "over": 5,
          "deliveries": [
            {
              "batter": "JC Darji",
              "bowler": "E Ochieng",
              "non_striker": "Muhammad Zafar Khan",
              "runs": {
                "batter": 6,
                "extras": 0,
                "total": 6
              }
            },
            {
              "batter": "JC Darji",
              "bowler": "E Ochieng",
              "non_striker": "Muhammad Zafar Khan",
              "runs": {
                "batter": 0,
                "extras": 0,
                "total": 0
              }
            },
            {
              "batter": "JC Darji",
              "bowler": "E Ochieng",
              "non_striker": "Muhammad Zafar Khan",
              "runs": {
                "batter": 0,
                "extras": 0,
                "total": 0
              }
            },
            {
              "batter": "JC Darji",
              "bowler": "E Ochieng",
              "non_striker": "Muhammad Zafar Khan",
              "runs": {
                "batter": 4,
                "extras": 0,
                "total": 4
              }
            },
            {
              "batter": "JC Darji",
              "bowler": "E Ochieng",
              "extras": {
                "wides": 1
              },
              "non_striker": "Muhammad Zafar Khan",
              "runs": {
                "batter": 0,
                "extras": 1,
                "total": 1
              }
            },
            {
              "batter": "JC Darji",
              "bowler": "E Ochieng",
              "non_striker": "Muhammad Zafar Khan",
              "runs": {
                "batter": 0,
                "extras": 0,
                "total": 0
              }
            },
            {
              "batter": "JC Darji",
              "bowler": "E Ochieng",
              "non_striker": "Muhammad Zafar Khan",
              "runs": {
                "batter": 0,
                "extras": 0,
                "total": 0
              }
            }
          ]
        },
        {
          "over": 6,
          "deliveries": [
            {
              "batter": "Muhammad Zafar Khan",
              "bowler": "E Otieno",
              "non_striker": "JC Darji",
              "runs": {
                "batter": 0,
                "extras": 0,
                "total": 0
              }
            },
            {
              "batter": "Muhammad Zafar Khan",
              "bowler": "E Otieno",
              "non_striker": "JC Darji",
              "runs": {
                "batter": 0,
                "extras": 0,
                "total": 0
              }
            },
            {
              "batter": "Muhammad Zafar Khan",
              "bowler": "E Otieno",
              "non_striker": "JC Darji",
              "runs": {
                "batter": 0,
                "extras": 0,
                "total": 0
              }
            },
            {
              "batter": "Muhammad Zafar Khan",
              "bowler": "E Otieno",
              "non_striker": "JC Darji",
              "runs": {
                "batter": 0,
                "extras": 0,
                "total": 0
              }
            },
            {
              "batter": "Muhammad Zafar Khan",
              "bowler": "E Otieno",
              "extras": {
                "wides": 1
              },
              "non_striker": "JC Darji",
              "runs": {
                "batter": 0,
                "extras": 1,
                "total": 1
              }
            },
            {
              "batter": "Muhammad Zafar Khan",
              "bowler": "E Otieno",
              "non_striker": "JC Darji",
              "runs": {
                "batter": 1,
                "extras": 0,
                "total": 1
              }
            },
            {
              "batter": "JC Darji",
              "bowler": "E Otieno",
              "extras": {
                "byes": 1
              },
              "non_striker": "Muhammad Zafar Khan",
              "runs": {
                "batter": 0,
                "extras": 1,
                "total": 1
              }
            }
          ]
        },
        {
          "over": 7,
          "deliveries": [
            {
              "batter": "JC Darji",
              "bowler": "SO Ngoche",
              "non_striker": "Muhammad Zafar Khan",
              "runs": {
                "batter": 1,
                "extras": 0,
                "total": 1
              }
            },
            {
              "batter": "Muhammad Zafar Khan",
              "bowler": "SO Ngoche",
              "non_striker": "JC Darji",
              "runs": {
                "batter": 1,
                "extras": 0,
                "total": 1
              }
            },
            {
              "batter": "JC Darji",
              "bowler": "SO Ngoche",
              "non_striker": "Muhammad Zafar Khan",
              "runs": {
                "batter": 0,
                "extras": 0,
                "total": 0
              }
            },
            {
              "batter": "JC Darji",
              "bowler": "SO Ngoche",
              "non_striker": "Muhammad Zafar Khan",
              "runs": {
                "batter": 1,
                "extras": 0,
                "total": 1
              }
            },
            {
              "batter": "Muhammad Zafar Khan",
              "bowler": "SO Ngoche",
              "non_striker": "JC Darji",
              "runs": {
                "batter": 0,
                "extras": 0,
                "total": 0
              },
              "wickets": [
                {
                  "player_out": "Muhammad Zafar Khan",
                  "kind": "bowled"
                }
              ]
            },
            {
              "batter": "ZR Jaboneke",
              "bowler": "SO Ngoche",
              "non_striker": "JC Darji",
              "runs": {
                "batter": 1,
                "extras": 0,
                "total": 1
              }
            }
          ]
        },
        {
          "over": 8,
          "deliveries": [
            {
              "batter": "ZR Jaboneke",
              "bowler": "P Kerai",
              "non_striker": "JC Darji",
              "runs": {
                "batter": 0,
                "extras": 0,
                "total": 0
              },
              "wickets": [
                {
                  "player_out": "ZR Jaboneke",
                  "fielders": [
                    {
                      "name": "NM Odhiambo"
                    }
                  ],
                  "kind": "caught"
                }
              ]
            },
            {
              "batter": "JC Darji",
              "bowler": "P Kerai",
              "non_striker": "KN Mussa",
              "runs": {
                "batter": 0,
                "extras": 0,
                "total": 0
              }
            },
            {
              "batter": "JC Darji",
              "bowler": "P Kerai",
              "non_striker": "KN Mussa",
              "runs": {
                "batter": 0,
                "extras": 0,
                "total": 0
              }
            },
            {
              "batter": "JC Darji",
              "bowler": "P Kerai",
              "non_striker": "KN Mussa",
              "runs": {
                "batter": 0,
                "extras": 0,
                "total": 0
              }
            },
            {
              "batter": "JC Darji",
              "bowler": "P Kerai",
              "non_striker": "KN Mussa",
              "runs": {
                "batter": 0,
                "extras": 0,
                "total": 0
              }
            },
            {
              "batter": "JC Darji",
              "bowler": "P Kerai",
              "non_striker": "KN Mussa",
              "runs": {
                "batter": 4,
                "extras": 0,
                "total": 4
              }
            }
          ]
        },
        {
          "over": 9,
          "deliveries": [
            {
              "batter": "KN Mussa",
              "bowler": "SO Ngoche",
              "non_striker": "JC Darji",
              "runs": {
                "batter": 0,
                "extras": 0,
                "total": 0
              }
            },
            {
              "batter": "KN Mussa",
              "bowler": "SO Ngoche",
              "non_striker": "JC Darji",
              "runs": {
                "batter": 0,
                "extras": 0,
                "total": 0
              },
              "wickets": [
                {
                  "player_out": "KN Mussa",
                  "fielders": [
                    {
                      "name": "E Otieno"
                    }
                  ],
                  "kind": "caught"
                }
              ]
            },
            {
              "batter": "JC Darji",
              "bowler": "SO Ngoche",
              "non_striker": "KZ Rehmtullah",
              "runs": {
                "batter": 1,
                "extras": 0,
                "total": 1
              }
            },
            {
              "batter": "KZ Rehmtullah",
              "bowler": "SO Ngoche",
              "non_striker": "JC Darji",
              "runs": {
                "batter": 0,
                "extras": 0,
                "total": 0
              }
            },
            {
              "batter": "KZ Rehmtullah",
              "bowler": "SO Ngoche",
              "extras": {
                "legbyes": 2
              },
              "non_striker": "JC Darji",
              "runs": {
                "batter": 0,
                "extras": 2,
                "total": 2
              }
            },
            {
              "batter": "KZ Rehmtullah",
              "bowler": "SO Ngoche",
              "non_striker": "JC Darji",
              "runs": {
                "batter": 0,
                "extras": 0,
                "total": 0
              }
            }
          ]
        },
        {
          "over": 10,
          "deliveries": [
            {
              "batter": "JC Darji",
              "bowler": "P Kerai",
              "non_striker": "KZ Rehmtullah",
              "runs": {
                "batter": 0,
                "extras": 0,
                "total": 0
              }
            },
            {
              "batter": "JC Darji",
              "bowler": "P Kerai",
              "extras": {
                "noballs": 1
              },
              "non_striker": "KZ Rehmtullah",
              "runs": {
                "batter": 0,
                "extras": 1,
                "total": 1
              }
            },
            {
              "batter": "JC Darji",
              "bowler": "P Kerai",
              "non_striker": "KZ Rehmtullah",
              "runs": {
                "batter": 0,
                "extras": 0,
                "total": 0
              }
            },
            {
              "batter": "JC Darji",
              "bowler": "P Kerai",
              "non_striker": "KZ Rehmtullah",
              "runs": {
                "batter": 1,
                "extras": 0,
                "total": 1
              }
            },
            {
              "batter": "KZ Rehmtullah",
              "bowler": "P Kerai",
              "non_striker": "JC Darji",
              "runs": {
                "batter": 1,
                "extras": 0,
                "total": 1
              }
            },
            {
              "batter": "JC Darji",
              "bowler": "P Kerai",
              "non_striker": "KZ Rehmtullah",
              "runs": {
                "batter": 0,
                "extras": 0,
                "total": 0
              }
            },
            {
              "batter": "JC Darji",
              "bowler": "P Kerai",
              "non_striker": "KZ Rehmtullah",
              "runs": {
                "batter": 6,
                "extras": 0,
                "total": 6
              }
            }
          ]
        },
        {
          "over": 11,
          "deliveries": [
            {
              "batter": "KZ Rehmtullah",
              "bowler": "SO Ngoche",
              "non_striker": "JC Darji",
              "runs": {
                "batter": 4,
                "extras": 0,
                "total": 4
              }
            },
            {
              "batter": "KZ Rehmtullah",
              "bowler": "SO Ngoche",
              "non_striker": "JC Darji",
              "runs": {
                "batter": 1,
                "extras": 0,
                "total": 1
              }
            },
            {
              "batter": "JC Darji",
              "bowler": "SO Ngoche",
              "non_striker": "KZ Rehmtullah",
              "runs": {
                "batter": 6,
                "extras": 0,
                "total": 6
              }
            },
            {
              "batter": "JC Darji",
              "bowler": "SO Ngoche",
              "non_striker": "KZ Rehmtullah",
              "runs": {
                "batter": 0,
                "extras": 0,
                "total": 0
              }
            },
            {
              "batter": "JC Darji",
              "bowler": "SO Ngoche",
              "non_striker": "KZ Rehmtullah",
              "runs": {
                "batter": 0,
                "extras": 0,
                "total": 0
              }
            },
            {
              "batter": "JC Darji",
              "bowler": "SO Ngoche",
              "non_striker": "KZ Rehmtullah",
              "runs": {
                "batter": 1,
                "extras": 0,
                "total": 1
              }
            }
          ]
        },
        {
          "over": 12,
          "deliveries": [
            {
              "batter": "JC Darji",
              "bowler": "P Kerai",
              "non_striker": "KZ Rehmtullah",
              "runs": {
                "batter": 0,
                "extras": 0,
                "total": 0
              }
            },
            {
              "batter": "JC Darji",
              "bowler": "P Kerai",
              "non_striker": "KZ Rehmtullah",
              "runs": {
                "batter": 4,
                "extras": 0,
                "total": 4
              }
            },
            {
              "batter": "JC Darji",
              "bowler": "P Kerai",
              "non_striker": "KZ Rehmtullah",
              "runs": {
                "batter": 0,
                "extras": 0,
                "total": 0
              }
            },
            {
              "batter": "JC Darji",
              "bowler": "P Kerai",
              "non_striker": "KZ Rehmtullah",
              "runs": {
                "batter": 4,
                "extras": 0,
                "total": 4
              }
            },
            {
              "batter": "JC Darji",
              "bowler": "P Kerai",
              "non_striker": "KZ Rehmtullah",
              "runs": {
                "batter": 0,
                "extras": 0,
                "total": 0
              }
            },
            {
              "batter": "JC Darji",
              "bowler": "P Kerai",
              "non_striker": "KZ Rehmtullah",
              "runs": {
                "batter": 0,
                "extras": 0,
                "total": 0
              }
            }
          ]
        },
        {
          "over": 13,
          "deliveries": [
            {
              "batter": "KZ Rehmtullah",
              "bowler": "SO Ngoche",
              "non_striker": "JC Darji",
              "runs": {
                "batter": 0,
                "extras": 0,
                "total": 0
              }
            },
            {
              "batter": "KZ Rehmtullah",
              "bowler": "SO Ngoche",
              "non_striker": "JC Darji",
              "runs": {
                "batter": 0,
                "extras": 0,
                "total": 0
              }
            },
            {
              "batter": "KZ Rehmtullah",
              "bowler": "SO Ngoche",
              "non_striker": "JC Darji",
              "runs": {
                "batter": 1,
                "extras": 0,
                "total": 1
              }
            },
            {
              "batter": "JC Darji",
              "bowler": "SO Ngoche",
              "non_striker": "KZ Rehmtullah",
              "runs": {
                "batter": 4,
                "extras": 0,
                "total": 4
              }
            },
            {
              "batter": "JC Darji",
              "bowler": "SO Ngoche",
              "non_striker": "KZ Rehmtullah",
              "runs": {
                "batter": 1,
                "extras": 0,
                "total": 1
              }
            },
            {
              "batter": "KZ Rehmtullah",
              "bowler": "SO Ngoche",
              "non_striker": "JC Darji",
              "runs": {
                "batter": 0,
                "extras": 0,
                "total": 0
              },
              "wickets": [
                {
                  "player_out": "KZ Rehmtullah",
                  "kind": "lbw"
                }
              ]
            }
          ]
        },
        {
          "over": 14,
          "deliveries": [
            {
              "batter": "JC Darji",
              "bowler": "P Kerai",
              "non_striker": "N Mapunda",
              "runs": {
                "batter": 0,
                "extras": 0,
                "total": 0
              }
            },
            {
              "batter": "JC Darji",
              "bowler": "P Kerai",
              "non_striker": "N Mapunda",
              "runs": {
                "batter": 4,
                "extras": 0,
                "total": 4
              }
            },
            {
              "batter": "JC Darji",
              "bowler": "P Kerai",
              "non_striker": "N Mapunda",
              "runs": {
                "batter": 0,
                "extras": 0,
                "total": 0
              },
              "wickets": [
                {
                  "player_out": "JC Darji",
                  "kind": "caught and bowled"
                }
              ]
            },
            {
              "batter": "RK Kiseto",
              "bowler": "P Kerai",
              "non_striker": "N Mapunda",
              "runs": {
                "batter": 0,
                "extras": 0,
                "total": 0
              }
            },
            {
              "batter": "RK Kiseto",
              "bowler": "P Kerai",
              "non_striker": "N Mapunda",
              "runs": {
                "batter": 1,
                "extras": 0,
                "total": 1
              }
            },
            {
              "batter": "N Mapunda",
              "bowler": "P Kerai",
              "non_striker": "RK Kiseto",
              "runs": {
                "batter": 0,
                "extras": 0,
                "total": 0
              }
            }
          ]
        },
        {
          "over": 15,
          "deliveries": [
            {
              "batter": "RK Kiseto",
              "bowler": "NM Odhiambo",
              "non_striker": "N Mapunda",
              "runs": {
                "batter": 0,
                "extras": 0,
                "total": 0
              }
            },
            {
              "batter": "RK Kiseto",
              "bowler": "NM Odhiambo",
              "non_striker": "N Mapunda",
              "runs": {
                "batter": 0,
                "extras": 0,
                "total": 0
              }
            },
            {
              "batter": "RK Kiseto",
              "bowler": "NM Odhiambo",
              "non_striker": "N Mapunda",
              "runs": {
                "batter": 1,
                "extras": 0,
                "total": 1
              }
            },
            {
              "batter": "N Mapunda",
              "bowler": "NM Odhiambo",
              "non_striker": "RK Kiseto",
              "runs": {
                "batter": 0,
                "extras": 0,
                "total": 0
              }
            },
            {
              "batter": "N Mapunda",
              "bowler": "NM Odhiambo",
              "non_striker": "RK Kiseto",
              "runs": {
                "batter": 0,
                "extras": 0,
                "total": 0
              }
            },
            {
              "batter": "N Mapunda",
              "bowler": "NM Odhiambo",
              "non_striker": "RK Kiseto",
              "runs": {
                "batter": 4,
                "extras": 0,
                "total": 4
              }
            }
          ]
        },
        {
          "over": 16,
          "deliveries": [
            {
              "batter": "RK Kiseto",
              "bowler": "Gurdeep Singh",
              "extras": {
                "wides": 1
              },
              "non_striker": "N Mapunda",
              "runs": {
                "batter": 0,
                "extras": 1,
                "total": 1
              }
            },
            {
              "batter": "RK Kiseto",
              "bowler": "Gurdeep Singh",
              "non_striker": "N Mapunda",
              "runs": {
                "batter": 0,
                "extras": 0,
                "total": 0
              }
            },
            {
              "batter": "RK Kiseto",
              "bowler": "Gurdeep Singh",
              "non_striker": "N Mapunda",
              "runs": {
                "batter": 0,
                "extras": 0,
                "total": 0
              },
              "wickets": [
                {
                  "player_out": "RK Kiseto",
                  "fielders": [
                    {
                      "name": "RR Patel"
                    }
                  ],
                  "kind": "caught"
                }
              ]
            },
            {
              "batter": "N Mapunda",
              "bowler": "Gurdeep Singh",
              "extras": {
                "wides": 5
              },
              "non_striker": "H Ramaiya",
              "runs": {
                "batter": 0,
                "extras": 5,
                "total": 5
              }
            },
            {
              "batter": "N Mapunda",
              "bowler": "Gurdeep Singh",
              "non_striker": "H Ramaiya",
              "runs": {
                "batter": 1,
                "extras": 0,
                "total": 1
              }
            },
            {
              "batter": "H Ramaiya",
              "bowler": "Gurdeep Singh",
              "non_striker": "N Mapunda",
              "runs": {
                "batter": 1,
                "extras": 0,
                "total": 1
              }
            },
            {
              "batter": "N Mapunda",
              "bowler": "Gurdeep Singh",
              "non_striker": "H Ramaiya",
              "runs": {
                "batter": 4,
                "extras": 0,
                "total": 4
              }
            },
            {
              "batter": "N Mapunda",
              "bowler": "Gurdeep Singh",
              "non_striker": "H Ramaiya",
              "runs": {
                "batter": 0,
                "extras": 0,
                "total": 0
              }
            }
          ]
        },
        {
          "over": 17,
          "deliveries": [
            {
              "batter": "H Ramaiya",
              "bowler": "NM Odhiambo",
              "non_striker": "N Mapunda",
              "runs": {
                "batter": 4,
                "extras": 0,
                "total": 4
              }
            },
            {
              "batter": "H Ramaiya",
              "bowler": "NM Odhiambo",
              "non_striker": "N Mapunda",
              "runs": {
                "batter": 0,
                "extras": 0,
                "total": 0
              }
            },
            {
              "batter": "H Ramaiya",
              "bowler": "NM Odhiambo",
              "non_striker": "N Mapunda",
              "runs": {
                "batter": 0,
                "extras": 0,
                "total": 0
              }
            },
            {
              "batter": "H Ramaiya",
              "bowler": "NM Odhiambo",
              "non_striker": "N Mapunda",
              "runs": {
                "batter": 0,
                "extras": 0,
                "total": 0
              }
            },
            {
              "batter": "H Ramaiya",
              "bowler": "NM Odhiambo",
              "non_striker": "N Mapunda",
              "runs": {
                "batter": 0,
                "extras": 0,
                "total": 0
              }
            },
            {
              "batter": "H Ramaiya",
              "bowler": "NM Odhiambo",
              "non_striker": "N Mapunda",
              "runs": {
                "batter": 1,
                "extras": 0,
                "total": 1
              }
            }
          ]
        },
        {
          "over": 18,
          "deliveries": [
            {
              "batter": "H Ramaiya",
              "bowler": "RR Patel",
              "non_striker": "N Mapunda",
              "runs": {
                "batter": 1,
                "extras": 0,
                "total": 1
              }
            },
            {
              "batter": "N Mapunda",
              "bowler": "RR Patel",
              "non_striker": "H Ramaiya",
              "runs": {
                "batter": 0,
                "extras": 0,
                "total": 0
              }
            },
            {
              "batter": "N Mapunda",
              "bowler": "RR Patel",
              "non_striker": "H Ramaiya",
              "runs": {
                "batter": 0,
                "extras": 0,
                "total": 0
              }
            },
            {
              "batter": "N Mapunda",
              "bowler": "RR Patel",
              "non_striker": "H Ramaiya",
              "runs": {
                "batter": 1,
                "extras": 0,
                "total": 1
              }
            },
            {
              "batter": "H Ramaiya",
              "bowler": "RR Patel",
              "non_striker": "N Mapunda",
              "runs": {
                "batter": 1,
                "extras": 0,
                "total": 1
              }
            },
            {
              "batter": "N Mapunda",
              "bowler": "RR Patel",
              "non_striker": "H Ramaiya",
              "runs": {
                "batter": 1,
                "extras": 0,
                "total": 1
              }
            }
          ]
        },
        {
          "over": 19,
          "deliveries": [
            {
              "batter": "N Mapunda",
              "bowler": "NM Odhiambo",
              "non_striker": "H Ramaiya",
              "runs": {
                "batter": 0,
                "extras": 0,
                "total": 0
              }
            },
            {
              "batter": "N Mapunda",
              "bowler": "NM Odhiambo",
              "non_striker": "H Ramaiya",
              "runs": {
                "batter": 0,
                "extras": 0,
                "total": 0
              }
            },
            {
              "batter": "N Mapunda",
              "bowler": "NM Odhiambo",
              "non_striker": "H Ramaiya",
              "runs": {
                "batter": 0,
                "extras": 0,
                "total": 0
              }
            },
            {
              "batter": "N Mapunda",
              "bowler": "NM Odhiambo",
              "non_striker": "H Ramaiya",
              "runs": {
                "batter": 0,
                "extras": 0,
                "total": 0
              },
              "wickets": [
                {
                  "player_out": "N Mapunda",
                  "kind": "bowled"
                }
              ]
            }
          ]
        }
      ],
      "powerplays": [
        {
          "from": 0.1,
          "to": 5.7,
          "type": "mandatory"
        }
      ]
    },
    {
      "team": "Kenya",
      "overs": [
        {
          "over": 0,
          "deliveries": [
            {
              "batter": "DM Gondaria",
              "bowler": "KZ Rehmtullah",
              "non_striker": "AA Obanda",
              "runs": {
                "batter": 1,
                "extras": 0,
                "total": 1
              }
            },
            {
              "batter": "AA Obanda",
              "bowler": "KZ Rehmtullah",
              "non_striker": "DM Gondaria",
              "runs": {
                "batter": 6,
                "extras": 0,
                "total": 6
              }
            },
            {
              "batter": "AA Obanda",
              "bowler": "KZ Rehmtullah",
              "non_striker": "DM Gondaria",
              "runs": {
                "batter": 0,
                "extras": 0,
                "total": 0
              }
            },
            {
              "batter": "AA Obanda",
              "bowler": "KZ Rehmtullah",
              "non_striker": "DM Gondaria",
              "runs": {
                "batter": 4,
                "extras": 0,
                "total": 4
              }
            },
            {
              "batter": "AA Obanda",
              "bowler": "KZ Rehmtullah",
              "non_striker": "DM Gondaria",
              "runs": {
                "batter": 1,
                "extras": 0,
                "total": 1
              }
            },
            {
              "batter": "DM Gondaria",
              "bowler": "KZ Rehmtullah",
              "non_striker": "AA Obanda",
              "runs": {
                "batter": 1,
                "extras": 0,
                "total": 1
              }
            }
          ]
        },
        {
          "over": 1,
          "deliveries": [
            {
              "batter": "DM Gondaria",
              "bowler": "RK Kiseto",
              "non_striker": "AA Obanda",
              "runs": {
                "batter": 4,
                "extras": 0,
                "total": 4
              }
            },
            {
              "batter": "DM Gondaria",
              "bowler": "RK Kiseto",
              "non_striker": "AA Obanda",
              "runs": {
                "batter": 0,
                "extras": 0,
                "total": 0
              }
            },
            {
              "batter": "DM Gondaria",
              "bowler": "RK Kiseto",
              "non_striker": "AA Obanda",
              "runs": {
                "batter": 6,
                "extras": 0,
                "total": 6
              }
            },
            {
              "batter": "DM Gondaria",
              "bowler": "RK Kiseto",
              "non_striker": "AA Obanda",
              "runs": {
                "batter": 0,
                "extras": 0,
                "total": 0
              },
              "wickets": [
                {
                  "player_out": "DM Gondaria",
                  "fielders": [
                    {
                      "name": "N Mapunda"
                    }
                  ],
                  "kind": "caught"
                }
              ]
            },
            {
              "batter": "RR Patel",
              "bowler": "RK Kiseto",
              "non_striker": "AA Obanda",
              "runs": {
                "batter": 0,
                "extras": 0,
                "total": 0
              }
            },
            {
              "batter": "RR Patel",
              "bowler": "RK Kiseto",
              "non_striker": "AA Obanda",
              "runs": {
                "batter": 0,
                "extras": 0,
                "total": 0
              }
            }
          ]
        },
        {
          "over": 2,
          "deliveries": [
            {
              "batter": "AA Obanda",
              "bowler": "KZ Rehmtullah",
              "non_striker": "RR Patel",
              "runs": {
                "batter": 6,
                "extras": 0,
                "total": 6
              }
            },
            {
              "batter": "AA Obanda",
              "bowler": "KZ Rehmtullah",
              "non_striker": "RR Patel",
              "runs": {
                "batter": 0,
                "extras": 0,
                "total": 0
              }
            },
            {
              "batter": "AA Obanda",
              "bowler": "KZ Rehmtullah",
              "non_striker": "RR Patel",
              "runs": {
                "batter": 1,
                "extras": 0,
                "total": 1
              }
            },
            {
              "batter": "RR Patel",
              "bowler": "KZ Rehmtullah",
              "non_striker": "AA Obanda",
              "runs": {
                "batter": 2,
                "extras": 0,
                "total": 2
              }
            },
            {
              "batter": "RR Patel",
              "bowler": "KZ Rehmtullah",
              "non_striker": "AA Obanda",
              "runs": {
                "batter": 0,
                "extras": 0,
                "total": 0
              }
            },
            {
              "batter": "RR Patel",
              "bowler": "KZ Rehmtullah",
              "non_striker": "AA Obanda",
              "runs": {
                "batter": 4,
                "extras": 0,
                "total": 4
              }
            }
          ]
        },
        {
          "over": 3,
          "deliveries": [
            {
              "batter": "AA Obanda",
              "bowler": "RK Kiseto",
              "non_striker": "RR Patel",
              "runs": {
                "batter": 0,
                "extras": 0,
                "total": 0
              },
              "wickets": [
                {
                  "player_out": "AA Obanda",
                  "fielders": [
                    {
                      "name": "R Amarshi"
                    }
                  ],
                  "kind": "caught"
                }
              ]
            },
            {
              "batter": "RR Patel",
              "bowler": "RK Kiseto",
              "non_striker": "Gurdeep Singh",
              "runs": {
                "batter": 0,
                "extras": 0,
                "total": 0
              }
            },
            {
              "batter": "RR Patel",
              "bowler": "RK Kiseto",
              "non_striker": "Gurdeep Singh",
              "runs": {
                "batter": 0,
                "extras": 0,
                "total": 0
              }
            },
            {
              "batter": "RR Patel",
              "bowler": "RK Kiseto",
              "non_striker": "Gurdeep Singh",
              "runs": {
                "batter": 0,
                "extras": 0,
                "total": 0
              }
            },
            {
              "batter": "RR Patel",
              "bowler": "RK Kiseto",
              "non_striker": "Gurdeep Singh",
              "runs": {
                "batter": 4,
                "extras": 0,
                "total": 4
              }
            },
            {
              "batter": "RR Patel",
              "bowler": "RK Kiseto",
              "non_striker": "Gurdeep Singh",
              "runs": {
                "batter": 0,
                "extras": 0,
                "total": 0
              }
            }
          ]
        },
        {
          "over": 4,
          "deliveries": [
            {
              "batter": "Gurdeep Singh",
              "bowler": "KN Mussa",
              "non_striker": "RR Patel",
              "runs": {
                "batter": 1,
                "extras": 0,
                "total": 1
              }
            },
            {
              "batter": "RR Patel",
              "bowler": "KN Mussa",
              "non_striker": "Gurdeep Singh",
              "runs": {
                "batter": 0,
                "extras": 0,
                "total": 0
              }
            },
            {
              "batter": "RR Patel",
              "bowler": "KN Mussa",
              "non_striker": "Gurdeep Singh",
              "runs": {
                "batter": 4,
                "extras": 0,
                "total": 4
              }
            },
            {
              "batter": "RR Patel",
              "bowler": "KN Mussa",
              "non_striker": "Gurdeep Singh",
              "runs": {
                "batter": 6,
                "extras": 0,
                "total": 6
              }
            },
            {
              "batter": "RR Patel",
              "bowler": "KN Mussa",
              "extras": {
                "wides": 1
              },
              "non_striker": "Gurdeep Singh",
              "runs": {
                "batter": 0,
                "extras": 1,
                "total": 1
              }
            },
            {
              "batter": "RR Patel",
              "bowler": "KN Mussa",
              "non_striker": "Gurdeep Singh",
              "runs": {
                "batter": 4,
                "extras": 0,
                "total": 4
              }
            },
            {
              "batter": "RR Patel",
              "bowler": "KN Mussa",
              "non_striker": "Gurdeep Singh",
              "runs": {
                "batter": 6,
                "extras": 0,
                "total": 6
              }
            }
          ]
        },
        {
          "over": 5,
          "deliveries": [
            {
              "batter": "Gurdeep Singh",
              "bowler": "RK Kiseto",
              "non_striker": "RR Patel",
              "runs": {
                "batter": 0,
                "extras": 0,
                "total": 0
              }
            },
            {
              "batter": "Gurdeep Singh",
              "bowler": "RK Kiseto",
              "non_striker": "RR Patel",
              "runs": {
                "batter": 4,
                "extras": 0,
                "total": 4
              }
            },
            {
              "batter": "Gurdeep Singh",
              "bowler": "RK Kiseto",
              "non_striker": "RR Patel",
              "runs": {
                "batter": 0,
                "extras": 0,
                "total": 0
              }
            },
            {
              "batter": "Gurdeep Singh",
              "bowler": "RK Kiseto",
              "non_striker": "RR Patel",
              "runs": {
                "batter": 1,
                "extras": 0,
                "total": 1
              }
            },
            {
              "batter": "RR Patel",
              "bowler": "RK Kiseto",
              "non_striker": "Gurdeep Singh",
              "runs": {
                "batter": 0,
                "extras": 0,
                "total": 0
              }
            },
            {
              "batter": "RR Patel",
              "bowler": "RK Kiseto",
              "non_striker": "Gurdeep Singh",
              "runs": {
                "batter": 6,
                "extras": 0,
                "total": 6
              }
            }
          ]
        },
        {
          "over": 6,
          "deliveries": [
            {
              "batter": "Gurdeep Singh",
              "bowler": "Jitin Singh",
              "non_striker": "RR Patel",
              "runs": {
                "batter": 1,
                "extras": 0,
                "total": 1
              }
            },
            {
              "batter": "RR Patel",
              "bowler": "Jitin Singh",
              "non_striker": "Gurdeep Singh",
              "runs": {
                "batter": 6,
                "extras": 0,
                "total": 6
              }
            },
            {
              "batter": "RR Patel",
              "bowler": "Jitin Singh",
              "non_striker": "Gurdeep Singh",
              "runs": {
                "batter": 1,
                "extras": 0,
                "total": 1
              }
            },
            {
              "batter": "Gurdeep Singh",
              "bowler": "Jitin Singh",
              "non_striker": "RR Patel",
              "runs": {
                "batter": 1,
                "extras": 0,
                "total": 1
              }
            },
            {
              "batter": "RR Patel",
              "bowler": "Jitin Singh",
              "extras": {
                "wides": 5
              },
              "non_striker": "Gurdeep Singh",
              "runs": {
                "batter": 0,
                "extras": 5,
                "total": 5
              }
            },
            {
              "batter": "RR Patel",
              "bowler": "Jitin Singh",
              "non_striker": "Gurdeep Singh",
              "runs": {
                "batter": 6,
                "extras": 0,
                "total": 6
              }
            },
            {
              "batter": "RR Patel",
              "bowler": "Jitin Singh",
              "extras": {
                "noballs": 1
              },
              "non_striker": "Gurdeep Singh",
              "runs": {
                "batter": 6,
                "extras": 1,
                "total": 7
              }
            },
            {
              "batter": "RR Patel",
              "bowler": "Jitin Singh",
              "non_striker": "Gurdeep Singh",
              "runs": {
                "batter": 1,
                "extras": 0,
                "total": 1
              }
            }
          ]
        },
        {
          "over": 7,
          "deliveries": [
            {
              "batter": "RR Patel",
              "bowler": "H Ramaiya",
              "non_striker": "Gurdeep Singh",
              "runs": {
                "batter": 6,
                "extras": 0,
                "total": 6
              }
            },
            {
              "batter": "RR Patel",
              "bowler": "H Ramaiya",
              "non_striker": "Gurdeep Singh",
              "runs": {
                "batter": 4,
                "extras": 0,
                "total": 4
              }
            },
            {
              "batter": "RR Patel",
              "bowler": "H Ramaiya",
              "non_striker": "Gurdeep Singh",
              "runs": {
                "batter": 6,
                "extras": 0,
                "total": 6
              }
            },
            {
              "batter": "RR Patel",
              "bowler": "H Ramaiya",
              "non_striker": "Gurdeep Singh",
              "runs": {
                "batter": 0,
                "extras": 0,
                "total": 0
              }
            },
            {
              "batter": "RR Patel",
              "bowler": "H Ramaiya",
              "non_striker": "Gurdeep Singh",
              "runs": {
                "batter": 0,
                "extras": 0,
                "total": 0
              },
              "wickets": [
                {
                  "player_out": "RR Patel",
                  "fielders": [
                    {
                      "name": "AR Patwa"
                    }
                  ],
                  "kind": "caught"
                }
              ]
            },
            {
              "batter": "RN Patel",
              "bowler": "H Ramaiya",
              "non_striker": "Gurdeep Singh",
              "runs": {
                "batter": 0,
                "extras": 0,
                "total": 0
              }
            }
          ]
        },
        {
          "over": 8,
          "deliveries": [
            {
              "batter": "Gurdeep Singh",
              "bowler": "JC Darji",
              "non_striker": "RN Patel",
              "runs": {
                "batter": 0,
                "extras": 0,
                "total": 0
              }
            },
            {
              "batter": "Gurdeep Singh",
              "bowler": "JC Darji",
              "non_striker": "RN Patel",
              "runs": {
                "batter": 1,
                "extras": 0,
                "total": 1
              }
            },
            {
              "batter": "RN Patel",
              "bowler": "JC Darji",
              "non_striker": "Gurdeep Singh",
              "runs": {
                "batter": 1,
                "extras": 0,
                "total": 1
              }
            }
          ]
        }
      ],
      "powerplays": [
        {
          "from": 0.1,
          "to": 5.6,
          "type": "mandatory"
        }
      ],
      "target": {
        "overs": 20,
        "runs": 119
      }
    }
  ]
}