{
  "meta": {
    "data_version": "1.0.0",
    "created": "2020-09-14",
    "revision": 1
  },
  "info": {
    "balls_per_over": 6,
    "city": "Suva",
    "dates": [
      "2018-08-29"
    ],
    "event": {
      "name": "ICC World Twenty20 East Asia-Pacific Region Qualifier A",
      "match_number": 11
    },
    "gender": "male",
    "match_type": "IT20",
    "officials": {
      "umpires": [
        "Hitesh Sharma",
        "Mervyn McGoon"
      ]
    },
    "outcome": {
      "winner": "Papua New Guinea",
      "by": {
        "wickets": 2
      }
    },
    "overs": 20,
    "player_of_match": [
      "A Vala"
    ],
    "players": {
      "Papua New Guinea": [
        "A Vala",
        "TP Ura",
        "J Kila",
        "JB Reva",
        "CJA Amini",
        "S Eno",
        "L Siaka",
        "N Vanua",
        "CA Soper",
        "K Doriga",
        "D Ravu"
      ],
      "Vanuatu": [
        "A Mansale",
        "J Dunn",
        "PK Matautaava",
        "JW Chilia",
        "SW Kalworai",
        "N Nipiko",
        "CC Blake",
        "J Rasu",
        "AL Stephen",
        "C Tommy",
        "J Vira"
      ]
    },
    "registry": {
      "people": {
        "A Mansale": "a22b4f3f",
        "A Vala": "72e60730",
        "AL Stephen": "49f6d023",
        "C Tommy": "c6d4cff0",
        "CA Soper": "9920dd86",
        "CC Blake": "e91933cb",
        "CJA Amini": "4d84ad05",
        "D Ravu": "053f3ce3",
        "Hitesh Sharma": "2085a934",
        "J Dunn": "136848e6",
        "J Kila": "d996ba33",
        "J Rasu": "1021b6e5",
        "J Vira": "2090e94d",
        "JB Reva": "6a685375",
        "JW Chilia": "479da8f9",
        "K Doriga": "365229a8",
        "L Siaka": "6b4593ee",
        "Mervyn McGoon": "abb67423",
        "N Nipiko": "c498c510",
        "N Vanua": "a36915ce",
        "PK Matautaava": "af19aa66",
        "S Eno": "0bf5f887",
        "SW Kalworai": "2ca351cd",
        "TP Ura": "a82eb3fb"
      }
    },
    "season": "2018",
    "team_type": "international",
    "teams": [
      "Papua New Guinea",
      "Vanuatu"
    ],
    "toss": {
      "decision": "bat",
      "winner": "Vanuatu"
    },
    "venue": "Albert Park 1"
  },
  "innings": [
    {
      "team": "Vanuatu",
      "overs": [
        {
          "over": 0,
          "deliveries": [
            {
              "batter": "J Dunn",
              "bowler": "J Kila",
              "non_striker": "J Rasu",
              "runs": {
                "batter": 0,
                "extras": 0,
                "total": 0
              }
            },
            {
              "batter": "J Dunn",
              "bowler": "J Kila",
              "extras": {
                "wides": 1
              },
              "non_striker": "J Rasu",
              "runs": {
                "batter": 0,
                "extras": 1,
                "total": 1
              }
            },
            {
              "batter": "J Dunn",
              "bowler": "J Kila",
              "non_striker": "J Rasu",
              "runs": {
                "batter": 4,
                "extras": 0,
                "total": 4
              }
            },
            {
              "batter": "J Dunn",
              "bowler": "J Kila",
              "non_striker": "J Rasu",
              "runs": {
                "batter": 0,
                "extras": 0,
                "total": 0
              }
            },
            {
              "batter": "J Dunn",
              "bowler": "J Kila",
              "non_striker": "J Rasu",
              "runs": {
                "batter": 0,
                "extras": 0,
                "total": 0
              }
            },
            {
              "batter": "J Dunn",
              "bowler": "J Kila",
              "non_striker": "J Rasu",
              "runs": {
                "batter": 1,
                "extras": 0,
                "total": 1
              }
            },
            {
              "batter": "J Rasu",
              "bowler": "J Kila",
              "non_striker": "J Dunn",
              "runs": {
                "batter": 1,
                "extras": 0,
                "total": 1
              }
            }
          ]
        },
        {
          "over": 1,
          "deliveries": [
            {
              "batter": "J Rasu",
              "bowler": "N Vanua",
              "non_striker": "J Dunn",
              "runs": {
                "batter": 4,
                "extras": 0,
                "total": 4
              }
            },
            {
              "batter": "J Rasu",
              "bowler": "N Vanua",
              "non_striker": "J Dunn",
              "runs": {
                "batter": 1,
                "extras": 0,
                "total": 1
              }
            },
            {
              "batter": "J Dunn",
              "bowler": "N Vanua",
              "non_striker": "J Rasu",
              "runs": {
                "batter": 0,
                "extras": 0,
                "total": 0
              }
            },
            {
              "batter": "J Dunn",
              "bowler": "N Vanua",
              "non_striker": "J Rasu",
              "runs": {
                "batter": 0,
                "extras": 0,
                "total": 0
              }
            },
            {
              "batter": "J Dunn",
              "bowler": "N Vanua",
              "non_striker": "J Rasu",
              "runs": {
                "batter": 0,
                "extras": 0,
                "total": 0
              }
            },
            {
              "batter": "J Dunn",
              "bowler": "N Vanua",
              "non_striker": "J Rasu",
              "runs": {
                "batter": 1,
                "extras": 0,
                "total": 1
              }
            }
          ]
        },
        {
          "over": 2,
          "deliveries": [
            {
              "batter": "J Dunn",
              "bowler": "J Kila",
              "non_striker": "J Rasu",
              "runs": {
                "batter": 0,
                "extras": 0,
                "total": 0
              }
            },
            {
              "batter": "J Dunn",
              "bowler": "J Kila",
              "non_striker": "J Rasu",
              "runs": {
                "batter": 0,
                "extras": 0,
                "total": 0
              }
            },
            {
              "batter": "J Dunn",
              "bowler": "J Kila",
              "non_striker": "J Rasu",
              "runs": {
                "batter": 0,
                "extras": 0,
                "total": 0
              }
            },
            {
              "batter": "J Dunn",
              "bowler": "J Kila",
              "non_striker": "J Rasu",
              "runs": {
                "batter": 1,
                "extras": 0,
                "total": 1
              }
            },
            {
              "batter": "J Rasu",
              "bowler": "J Kila",
              "non_striker": "J Dunn",
              "runs": {
                "batter": 4,
                "extras": 0,
                "total": 4
              }
            },
            {
              "batter": "J Rasu",
              "bowler": "J Kila",
              "non_striker": "J Dunn",
              "runs": {
                "batter": 0,
                "extras": 0,
                "total": 0
              }
            }
          ]
        },
        {
          "over": 3,
          "deliveries": [
            {
              "batter": "J Dunn",
              "bowler": "N Vanua",
              "non_striker": "J Rasu",
              "runs": {
                "batter": 0,
                "extras": 0,
                "total": 0
              }
            },
            {
              "batter": "J Dunn",
              "bowler": "N Vanua",
              "non_striker": "J Rasu",
              "runs": {
                "batter": 1,
                "extras": 0,
                "total": 1
              }
            },
            {
              "batter": "J Rasu",
              "bowler": "N Vanua",
              "non_striker": "J Dunn",
              "runs": {
                "batter": 0,
                "extras": 0,
                "total": 0
              }
            },
            {
              "batter": "J Rasu",
              "bowler": "N Vanua",
              "non_striker": "J Dunn",
              "runs": {
                "batter": 4,
                "extras": 0,
                "total": 4
              }
            },
            {
              "batter": "J Rasu",
              "bowler": "N Vanua",
              "non_striker": "J Dunn",
              "runs": {
                "batter": 0,
                "extras": 0,
                "total": 0
              },
              "wickets": [
                {
                  "player_out": "J Rasu",
                  "fielders": [
                    {
                      "name": "L Siaka"
                    }
                  ],
                  "kind": "caught"
                }
              ]
            },
            {
              "batter": "PK Matautaava",
              "bowler": "N Vanua",
              "non_striker": "J Dunn",
              "runs": {
                "batter": 4,
                "extras": 0,
                "total": 4
              }
            }
          ]
        },
        {
          "over": 4,
          "deliveries": [
            {
              "batter": "J Dunn",
              "bowler": "D Ravu",
              "non_striker": "PK Matautaava",
              "runs": {
                "batter": 0,
                "extras": 0,
                "total": 0
              }
            },
            {
              "batter": "J Dunn",
              "bowler": "D Ravu",
              "non_striker": "PK Matautaava",
              "runs": {
                "batter": 1,
                "extras": 0,
                "total": 1
              }
            },
            {
              "batter": "PK Matautaava",
              "bowler": "D Ravu",
              "non_striker": "J Dunn",
              "runs": {
                "batter": 4,
                "extras": 0,
                "total": 4
              }
            },
            {
              "batter": "PK Matautaava",
              "bowler": "D Ravu",
              "non_striker": "J Dunn",
              "runs": {
                "batter": 4,
                "extras": 0,
                "total": 4
              }
            },
            {
              "batter": "PK Matautaava",
              "bowler": "D Ravu",
              "non_striker": "J Dunn",
              "runs": {
                "batter": 1,
                "extras": 0,
                "total": 1
              }
            },
            {
              "batter": "J Dunn",
              "bowler": "D Ravu",
              "extras": {
                "noballs": 1
              },
              "non_striker": "PK Matautaava",
              "runs": {
                "batter": 0,
                "extras": 1,
                "total": 1
              }
            },
            {
              "batter": "J Dunn",
              "bowler": "D Ravu",
              "non_striker": "PK Matautaava",
              "runs": {
                "batter": 1,
                "extras": 0,
                "total": 1
              }
            }
          ]
        },
        {
          "over": 5,
          "deliveries": [
            {
              "batter": "J Dunn",
              "bowler": "A Vala",
              "non_striker": "PK Matautaava",
              "runs": {
                "batter": 4,
                "extras": 0,
                "total": 4
              }
            },
            {
              "batter": "J Dunn",
              "bowler": "A Vala",
              "non_striker": "PK Matautaava",
              "runs": {
                "batter": 0,
                "extras": 0,
                "total": 0
              },
              "wickets": [
                {
                  "player_out": "J Dunn",
                  "fielders": [
                    {
                      "name": "D Ravu"
                    }
                  ],
                  "kind": "caught"
                }
              ]
            },
            {
              "batter": "PK Matautaava",
              "bowler": "A Vala",
              "non_striker": "N Nipiko",
              "runs": {
                "batter": 0,
                "extras": 0,
                "total": 0
              }
            },
            {
              "batter": "PK Matautaava",
              "bowler": "A Vala",
              "non_striker": "N Nipiko",
              "runs": {
                "batter": 6,
                "extras": 0,
                "total": 6
              }
            },
            {
              "batter": "PK Matautaava",
              "bowler": "A Vala",
              "non_striker": "N Nipiko",
              "runs": {
                "batter": 0,
                "extras": 0,
                "total": 0
              },
              "wickets": [
                {
                  "player_out": "PK Matautaava",
                  "fielders": [
                    {
                      "name": "S Eno"
                    }
                  ],
                  "kind": "caught"
                }
              ]
            },
            {
              "batter": "N Nipiko",
              "bowler": "A Vala",
              "non_striker": "C Tommy",
              "runs": {
                "batter": 1,
                "extras": 0,
                "total": 1
              }
            }
          ]
        },
        {
          "over": 6,
          "deliveries": [
            {
              "batter": "N Nipiko",
              "bowler": "J Kila",
              "non_striker": "C Tommy",
              "runs": {
                "batter": 1,
                "extras": 0,
                "total": 1
              }
            },
            {
              "batter": "C Tommy",
              "bowler": "J Kila",
              "non_striker": "N Nipiko",
              "runs": {
                "batter": 0,
                "extras": 0,
                "total": 0
              }
            },
            {
              "batter": "C Tommy",
              "bowler": "J Kila",
              "non_striker": "N Nipiko",
              "runs": {
                "batter": 0,
                "extras": 0,
                "total": 0
              }
            },
            {
              "batter": "C Tommy",
              "bowler": "J Kila",
              "non_striker": "N Nipiko",
              "runs": {
                "batter": 1,
                "extras": 0,
                "total": 1
              }
            },
            {
              "batter": "N Nipiko",
              "bowler": "J Kila",
              "non_striker": "C Tommy",
              "runs": {
                "batter": 0,
                "extras": 0,
                "total": 0
              }
            },
            {
              "batter": "N Nipiko",
              "bowler": "J Kila",
              "non_striker": "C Tommy",
              "runs": {
                "batter": 1,
                "extras": 0,
                "total": 1
              }
            }
          ]
        },
        {
          "over": 7,
          "deliveries": [
            {
              "batter": "N Nipiko",
              "bowler": "A Vala",
              "non_striker": "C Tommy",
              "runs": {
                "batter": 0,
                "extras": 0,
                "total": 0
              }
            },
            {
              "batter": "N Nipiko",
              "bowler": "A Vala",
              "non_striker": "C Tommy",
              "runs": {
                "batter": 0,
                "extras": 0,
                "total": 0
              },
              "wickets": [
                {
                  "player_out": "N Nipiko",
                  "fielders": [
                    {
                      "name": "CA Soper"
                    }
                  ],
                  "kind": "caught"
                }
              ]
            },
            {
              "batter": "C Tommy",
              "bowler": "A Vala",
              "non_striker": "A Mansale",
              "runs": {
                "batter": 0,
                "extras": 0,
                "total": 0
              }
            },
            {
              "batter": "C Tommy",
              "bowler": "A Vala",
              "non_striker": "A Mansale",
              "runs": {
                "batter": 1,
                "extras": 0,
                "total": 1
              }
            },
            {
              "batter": "A Mansale",
              "bowler": "A Vala",
              "non_striker": "C Tommy",
              "runs": {
                "batter": 1,
                "extras": 0,
                "total": 1
              }
            },
            {
              "batter": "C Tommy",
              "bowler": "A Vala",
              "non_striker": "A Mansale",
              "runs": {
                "batter": 1,
                "extras": 0,
                "total": 1
              }
            }
          ]
        },
        {
          "over": 8,
          "deliveries": [
            {
              "batter": "C Tommy",
              "bowler": "J Kila",
              "non_striker": "A Mansale",
              "runs": {
                "batter": 0,
                "extras": 0,
                "total": 0
              }
            },
            {
              "batter": "C Tommy",
              "bowler": "J Kila",
              "non_striker": "A Mansale",
              "runs": {
                "batter": 0,
                "extras": 0,
                "total": 0
              }
            },
            {
              "batter": "C Tommy",
              "bowler": "J Kila",
              "non_striker": "A Mansale",
              "runs": {
                "batter": 0,
                "extras": 0,
                "total": 0
              }
            },
            {
              "batter": "C Tommy",
              "bowler": "J Kila",
              "non_striker": "A Mansale",
              "runs": {
                "batter": 1,
                "extras": 0,
                "total": 1
              }
            },
            {
              "batter": "A Mansale",
              "bowler": "J Kila",
              "non_striker": "C Tommy",
              "runs": {
                "batter": 1,
                "extras": 0,
                "total": 1
              }
            },
            {
              "batter": "C Tommy",
              "bowler": "J Kila",
              "non_striker": "A Mansale",
              "runs": {
                "batter": 0,
                "extras": 0,
                "total": 0
              }
            }
          ]
        },
        {
          "over": 9,
          "deliveries": [
            {
              "batter": "A Mansale",
              "bowler": "CJA Amini",
              "non_striker": "C Tommy",
              "runs": {
                "batter": 1,
                "extras": 0,
                "total": 1
              }
            },
            {
              "batter": "C Tommy",
              "bowler": "CJA Amini",
              "non_striker": "A Mansale",
              "runs": {
                "batter": 1,
                "extras": 0,
                "total": 1
              }
            },
            {
              "batter": "A Mansale",
              "bowler": "CJA Amini",
              "non_striker": "C Tommy",
              "runs": {
                "batter": 0,
                "extras": 0,
                "total": 0
              }
            },
            {
              "batter": "A Mansale",
              "bowler": "CJA Amini",
              "non_striker": "C Tommy",
              "runs": {
                "batter": 0,
                "extras": 0,
                "total": 0
              }
            },
            {
              "batter": "A Mansale",
              "bowler": "CJA Amini",
              "non_striker": "C Tommy",
              "runs": {
                "batter": 0,
                "extras": 0,
                "total": 0
              }
            },
            {
              "batter": "A Mansale",
              "bowler": "CJA Amini",
              "non_striker": "C Tommy",
              "runs": {
                "batter": 1,
                "extras": 0,
                "total": 1
              }
            }
          ]
        },
        {
          "over": 10,
          "deliveries": [
            {
              "batter": "A Mansale",
              "bowler": "CA Soper",
              "non_striker": "C Tommy",
              "runs": {
                "batter": 4,
                "extras": 0,
                "total": 4
              }
            },
            {
              "batter": "A Mansale",
              "bowler": "CA Soper",
              "non_striker": "C Tommy",
              "runs": {
                "batter": 0,
                "extras": 0,
                "total": 0
              }
            },
            {
              "batter": "A Mansale",
              "bowler": "CA Soper",
              "non_striker": "C Tommy",
              "runs": {
                "batter": 2,
                "extras": 0,
                "total": 2
              }
            },
            {
              "batter": "A Mansale",
              "bowler": "CA Soper",
              "non_striker": "C Tommy",
              "runs": {
                "batter": 1,
                "extras": 0,
                "total": 1
              }
            },
            {
              "batter": "C Tommy",
              "bowler": "CA Soper",
              "non_striker": "A Mansale",
              "runs": {
                "batter": 1,
                "extras": 0,
                "total": 1
              }
            },
            {
              "batter": "A Mansale",
              "bowler": "CA Soper",
              "non_striker": "C Tommy",
              "runs": {
                "batter": 1,
                "extras": 0,
                "total": 1
              }
            }
          ]
        },
        {
          "over": 11,
          "deliveries": [
            {
              "batter": "A Mansale",
              "bowler": "L Siaka",
              "non_striker": "C Tommy",
              "runs": {
                "batter": 0,
                "extras": 0,
                "total": 0
              }
            },
            {
              "batter": "A Mansale",
              "bowler": "L Siaka",
              "non_striker": "C Tommy",
              "runs": {
                "batter": 0,
                "extras": 0,
                "total": 0
              }
            },
            {
              "batter": "A Mansale",
              "bowler": "L Siaka",
              "non_striker": "C Tommy",
              "runs": {
                "batter": 4,
                "extras": 0,
                "total": 4
              }
            },
            {
              "batter": "A Mansale",
              "bowler": "L Siaka",
              "non_striker": "C Tommy",
              "runs": {
                "batter": 0,
                "extras": 0,
                "total": 0
              }
            },
            {
              "batter": "A Mansale",
              "bowler": "L Siaka",
              "non_striker": "C Tommy",
              "runs": {
                "batter": 1,
                "extras": 0,
                "total": 1
              }
            },
            {
              "batter": "C Tommy",
              "bowler": "L Siaka",
              "non_striker": "A Mansale",
              "runs": {
                "batter": 0,
                "extras": 0,
                "total": 0
              },
              "wickets": [
                {
                  "player_out": "C Tommy",
                  "fielders": [
                    {
                      "name": "K Doriga"
                    }
                  ],
                  "kind": "stumped"
                }
              ]
            }
          ]
        },
        {
          "over": 12,
          "deliveries": [
            {
              "batter": "A Mansale",
              "bowler": "CJA Amini",
              "non_striker": "SW Kalworai",
              "runs": {
                "batter": 6,
                "extras": 0,
                "total": 6
              }
            },
            {
              "batter": "A Mansale",
              "bowler": "CJA Amini",
              "non_striker": "SW Kalworai",
              "runs": {
                "batter": 0,
                "extras": 0,
                "total": 0
              },
              "wickets": [
                {
                  "player_out": "A Mansale",
                  "fielders": [
                    {
                      "name": "K Doriga"
                    }
                  ],
                  "kind": "caught"
                }
              ]
            },
            {
              "batter": "SW Kalworai",
              "bowler": "CJA Amini",
              "non_striker": "J Vira",
              "runs": {
                "batter": 1,
                "extras": 0,
                "total": 1
              }
            },
            {
              "batter": "J Vira",
              "bowler": "CJA Amini",
              "non_striker": "SW Kalworai",
              "runs": {
                "batter": 2,
                "extras": 0,
                "total": 2
              }
            },
            {
              "batter": "J Vira",
              "bowler": "CJA Amini",
              "non_striker": "SW Kalworai",
              "runs": {
                "batter": 0,
                "extras": 0,
                "total": 0
              }
            },
            {
              "batter": "J Vira",
              "bowler": "CJA Amini",
              "non_striker": "SW Kalworai",
              "runs": {
                "batter": 0,
                "extras": 0,
                "total": 0
              }
            }
          ]
        },
        {
          "over": 13,
          "deliveries": [
            {
              "batter": "SW Kalworai",
              "bowler": "L Siaka",
              "non_striker": "J Vira",
              "runs": {
                "batter": 0,
                "extras": 0,
                "total": 0
              }
            },
            {
              "batter": "SW Kalworai",
              "bowler": "L Siaka",
              "non_striker": "J Vira",
              "runs": {
                "batter": 1,
                "extras": 0,
                "total": 1
              }
            },
            {
              "batter": "J Vira",
              "bowler": "L Siaka",
              "non_striker": "SW Kalworai",
              "runs": {
                "batter": 0,
                "extras": 0,
                "total": 0
              }
            },
            {
              "batter": "J Vira",
              "bowler": "L Siaka",
              "non_striker": "SW Kalworai",
              "runs": {
                "batter": 0,
                "extras": 0,
                "total": 0
              }
            },
            {
              "batter": "J Vira",
              "bowler": "L Siaka",
              "non_striker": "SW Kalworai",
              "runs": {
                "batter": 1,
                "extras": 0,
                "total": 1
              }
            },
            {
              "batter": "SW Kalworai",
              "bowler": "L Siaka",
              "non_striker": "J Vira",
              "runs": {
                "batter": 4,
                "extras": 0,
                "total": 4
              }
            }
          ]
        },
        {
          "over": 14,
          "deliveries": [
            {
              "batter": "J Vira",
              "bowler": "CJA Amini",
              "non_striker": "SW Kalworai",
              "runs": {
                "batter": 0,
                "extras": 0,
                "total": 0
              }
            },
            {
              "batter": "J Vira",
              "bowler": "CJA Amini",
              "non_striker": "SW Kalworai",
              "runs": {
                "batter": 0,
                "extras": 0,
                "total": 0
              }
            },
            {
              "batter": "J Vira",
              "bowler": "CJA Amini",
              "non_striker": "SW Kalworai",
              "runs": {
                "batter": 1,
                "extras": 0,
                "total": 1
              }
            },
            {
              "batter": "SW Kalworai",
              "bowler": "CJA Amini",
              "non_striker": "J Vira",
              "runs": {
                "batter": 0,
                "extras": 0,
                "total": 0
              }
            },
            {
              "batter": "SW Kalworai",
              "bowler": "CJA Amini",
              "non_striker": "J Vira",
              "runs": {
                "batter": 2,
                "extras": 0,
                "total": 2
              }
            },
            {
              "batter": "SW Kalworai",
              "bowler": "CJA Amini",
              "non_striker": "J Vira",
              "runs": {
                "batter": 1,
                "extras": 0,
                "total": 1
              }
            }
          ]
        },
        {
          "over": 15,
          "deliveries": [
            {
              "batter": "SW Kalworai",
              "bowler": "A Vala",
              "non_striker": "J Vira",
              "runs": {
                "batter": 0,
                "extras": 0,
                "total": 0
              },
              "wickets": [
                {
                  "player_out": "SW Kalworai",
                  "kind": "caught and bowled"
                }
              ]
            },
            {
              "batter": "JW Chilia",
              "bowler": "A Vala",
              "non_striker": "J Vira",
              "runs": {
                "batter": 1,
                "extras": 0,
                "total": 1
              }
            },
            {
              "batter": "J Vira",
              "bowler": "A Vala",
              "non_striker": "JW Chilia",
              "runs": {
                "batter": 1,
                "extras": 0,
                "total": 1
              }
            },
            {
              "batter": "JW Chilia",
              "bowler": "A Vala",
              "non_striker": "J Vira",
              "runs": {
                "batter": 0,
                "extras": 0,
                "total": 0
              }
            },
            {
              "batter": "JW Chilia",
              "bowler": "A Vala",
              "non_striker": "J Vira",
              "runs": {
                "batter": 1,
                "extras": 0,
                "total": 1
              }
            },
            {
              "batter": "J Vira",
              "bowler": "A Vala",
              "non_striker": "JW Chilia",
              "runs": {
                "batter": 1,
                "extras": 0,
                "total": 1
              }
            }
          ]
        },
        {
          "over": 16,
          "deliveries": [
            {
              "batter": "J Vira",
              "bowler": "L Siaka",
              "non_striker": "JW Chilia",
              "runs": {
                "batter": 6,
                "extras": 0,
                "total": 6
              }
            },
            {
              "batter": "J Vira",
              "bowler": "L Siaka",
              "non_striker": "JW Chilia",
              "runs": {
                "batter": 1,
                "extras": 0,
                "total": 1
              }
            },
            {
              "batter": "JW Chilia",
              "bowler": "L Siaka",
              "non_striker": "J Vira",
              "runs": {
                "batter": 0,
                "extras": 0,
                "total": 0
              }
            },
            {
              "batter": "JW Chilia",
              "bowler": "L Siaka",
              "non_striker": "J Vira",
              "runs": {
                "batter": 0,
                "extras": 0,
                "total": 0
              }
            },
            {
              "batter": "JW Chilia",
              "bowler": "L Siaka",
              "non_striker": "J Vira",
              "runs": {
                "batter": 0,
                "extras": 0,
                "total": 0
              }
            },
            {
              "batter": "JW Chilia",
              "bowler": "L Siaka",
              "non_striker": "J Vira",
              "runs": {
                "batter": 1,
                "extras": 0,
                "total": 1
              }
            }
          ]
        },
        {
          "over": 17,
          "deliveries": [
            {
              "batter": "JW Chilia",
              "bowler": "A Vala",
              "non_striker": "J Vira",
              "runs": {
                "batter": 0,
                "extras": 0,
                "total": 0
              }
            },
            {
              "batter": "JW Chilia",
              "bowler": "A Vala",
              "non_striker": "J Vira",
              "runs": {
                "batter": 1,
                "extras": 0,
                "total": 1
              }
            },
            {
              "batter": "J Vira",
              "bowler": "A Vala",
              "non_striker": "JW Chilia",
              "runs": {
                "batter": 1,
                "extras": 0,
                "total": 1
              }
            },
            {
              "batter": "JW Chilia",
              "bowler": "A Vala",
              "non_striker": "J Vira",
              "runs": {
                "batter": 4,
                "extras": 0,
                "total": 4
              }
            },
            {
              "batter": "JW Chilia",
              "bowler": "A Vala",
              "non_striker": "J Vira",
              "runs": {
                "batter": 1,
                "extras": 0,
                "total": 1
              }
            },
            {
              "batter": "J Vira",
              "bowler": "A Vala",
              "non_striker": "JW Chilia",
              "runs": {
                "batter": 0,
                "extras": 0,
                "total": 0
              }
            }
          ]
        },
        {
          "over": 18,
          "deliveries": [
            {
              "batter": "JW Chilia",
              "bowler": "JB Reva",
              "non_striker": "J Vira",
              "runs": {
                "batter": 4,
                "extras": 0,
                "total": 4
              }
            },
            {
              "batter": "JW Chilia",
              "bowler": "JB Reva",
              "non_striker": "J Vira",
              "runs": {
                "batter": 1,
                "extras": 0,
                "total": 1
              }
            },
            {
              "batter": "J Vira",
              "bowler": "JB Reva",
              "non_striker": "JW Chilia",
              "runs": {
                "batter": 4,
                "extras": 0,
                "total": 4
              }
            },
            {
              "batter": "J Vira",
              "bowler": "JB Reva",
              "non_striker": "JW Chilia",
              "runs": {
                "batter": 0,
                "extras": 0,
                "total": 0
              }
            },
            {
              "batter": "J Vira",
              "bowler": "JB Reva",
              "extras": {
                "wides": 1
              },
              "non_striker": "JW Chilia",
              "runs": {
                "batter": 0,
                "extras": 1,
                "total": 1
              }
            },
            {
              "batter": "J Vira",
              "bowler": "JB Reva",
              "non_striker": "JW Chilia",
              "runs": {
                "batter": 4,
                "extras": 0,
                "total": 4
              }
            },
            {
              "batter": "J Vira",
              "bowler": "JB Reva",
              "non_striker": "JW Chilia",
              "runs": {
                "batter": 1,
                "extras": 0,
                "total": 1
              }
            }
          ]
        },
        {
          "over": 19,
          "deliveries": [
            {
              "batter": "J Vira",
              "bowler": "N Vanua",
              "non_striker": "JW Chilia",
              "runs": {
                "batter": 1,
                "extras": 0,
                "total": 1
              },
              "wickets": [
                {
                  "player_out": "JW Chilia",
                  "fielders": [
                    {
                      "name": "L Siaka"
                    }
                  ],
                  "kind": "run out"
                }
              ]
            },
            {
              "batter": "J Vira",
              "bowler": "N Vanua",
              "non_striker": "AL Stephen",
              "runs": {
                "batter": 2,
                "extras": 0,
                "total": 2
              }
            },
            {
              "batter": "J Vira",
              "bowler": "N Vanua",
              "extras": {
                "wides": 1
              },
              "non_striker": "AL Stephen",
              "runs": {
                "batter": 0,
                "extras": 1,
                "total": 1
              }
            },
            {
              "batter": "J Vira",
              "bowler": "N Vanua",
              "non_striker": "AL Stephen",
              "runs": {
                "batter": 6,
                "extras": 0,
                "total": 6
              }
            },
            {
              "batter": "J Vira",
              "bowler": "N Vanua",
              "non_striker": "AL Stephen",
              "runs": {
                "batter": 4,
                "extras": 0,
                "total": 4
              }
            },
            {
              "batter": "J Vira",
              "bowler": "N Vanua",
              "non_striker": "AL Stephen",
              "runs": {
                "batter": 2,
                "extras": 0,
                "total": 2
              }
            },
            {
              "batter": "J Vira",
              "bowler": "N Vanua",
              "non_striker": "AL Stephen",
              "runs": {
                "batter": 1,
                "extras": 0,
                "total": 1
              },
              "wickets": [
                {
                  "player_out": "J Vira",
                  "fielders": [
                    {
                      "name": "S Eno"
                    }
                  ],
                  "kind": "run out"
                }
              ]
            }
          ]
        }
      ],
      "powerplays": [
        {
          "from": 0.1,
          "to": 5.6,
          "type": "mandatory"
        }
      ]
    },
    {
      "team": "Papua New Guinea",
      "overs": [
        {
          "over": 0,
          "deliveries": [
            {
              "batter": "L Siaka",
              "bowler": "JW Chilia",
              "non_striker": "A Vala",
              "runs": {
                "batter": 0,
                "extras": 0,
                "total": 0
              }
            },
            {
              "batter": "L Siaka",
              "bowler": "JW Chilia",
              "non_striker": "A Vala",
              "runs": {
                "batter": 1,
                "extras": 0,
                "total": 1
              }
            },
            {
              "batter": "A Vala",
              "bowler": "JW Chilia",
              "non_striker": "L Siaka",
              "runs": {
                "batter": 1,
                "extras": 0,
                "total": 1
              }
            },
            {
              "batter": "L Siaka",
              "bowler": "JW Chilia",
              "non_striker": "A Vala",
              "runs": {
                "batter": 0,
                "extras": 0,
                "total": 0
              }
            },
            {
              "batter": "L Siaka",
              "bowler": "JW Chilia",
              "non_striker": "A Vala",
              "runs": {
                "batter": 1,
                "extras": 0,
                "total": 1
              }
            },
            {
              "batter": "A Vala",
              "bowler": "JW Chilia",
              "non_striker": "L Siaka",
              "runs": {
                "batter": 1,
                "extras": 0,
                "total": 1
              }
            }
          ]
        },
        {
          "over": 1,
          "deliveries": [
            {
              "batter": "A Vala",
              "bowler": "PK Matautaava",
              "non_striker": "L Siaka",
              "runs": {
                "batter": 2,
                "extras": 0,
                "total": 2
              }
            },
            {
              "batter": "A Vala",
              "bowler": "PK Matautaava",
              "non_striker": "L Siaka",
              "runs": {
                "batter": 0,
                "extras": 0,
                "total": 0
              }
            },
            {
              "batter": "A Vala",
              "bowler": "PK Matautaava",
              "non_striker": "L Siaka",
              "runs": {
                "batter": 4,
                "extras": 0,
                "total": 4
              }
            },
            {
              "batter": "A Vala",
              "bowler": "PK Matautaava",
              "non_striker": "L Siaka",
              "runs": {
                "batter": 1,
                "extras": 0,
                "total": 1
              }
            },
            {
              "batter": "L Siaka",
              "bowler": "PK Matautaava",
              "non_striker": "A Vala",
              "runs": {
                "batter": 0,
                "extras": 0,
                "total": 0
              }
            },
            {
              "batter": "L Siaka",
              "bowler": "PK Matautaava",
              "non_striker": "A Vala",
              "runs": {
                "batter": 4,
                "extras": 0,
                "total": 4
              }
            }
          ]
        },
        {
          "over": 2,
          "deliveries": [
            {
              "batter": "A Vala",
              "bowler": "AL Stephen",
              "non_striker": "L Siaka",
              "runs": {
                "batter": 0,
                "extras": 0,
                "total": 0
              }
            },
            {
              "batter": "A Vala",
              "bowler": "AL Stephen",
              "non_striker": "L Siaka",
              "runs": {
                "batter": 1,
                "extras": 0,
                "total": 1
              }
            },
            {
              "batter": "L Siaka",
              "bowler": "AL Stephen",
              "non_striker": "A Vala",
              "runs": {
                "batter": 0,
                "extras": 0,
                "total": 0
              }
            },
            {
              "batter": "L Siaka",
              "bowler": "AL Stephen",
              "non_striker": "A Vala",
              "runs": {
                "batter": 0,
                "extras": 0,
                "total": 0
              }
            },
            {
              "batter": "L Siaka",
              "bowler": "AL Stephen",
              "non_striker": "A Vala",
              "runs": {
                "batter": 1,
                "extras": 0,
                "total": 1
              }
            },
            {
              "batter": "A Vala",
              "bowler": "AL Stephen",
              "non_striker": "L Siaka",
              "runs": {
                "batter": 2,
                "extras": 0,
                "total": 2
              }
            }
          ]
        },
        {
          "over": 3,
          "deliveries": [
            {
              "batter": "L Siaka",
              "bowler": "PK Matautaava",
              "non_striker": "A Vala",
              "runs": {
                "batter": 0,
                "extras": 0,
                "total": 0
              }
            },
            {
              "batter": "L Siaka",
              "bowler": "PK Matautaava",
              "non_striker": "A Vala",
              "runs": {
                "batter": 0,
                "extras": 0,
                "total": 0
              },
              "wickets": [
                {
                  "player_out": "L Siaka",
                  "fielders": [
                    {
                      "name": "C Tommy"
                    }
                  ],
                  "kind": "caught"
                }
              ]
            },
            {
              "batter": "TP Ura",
              "bowler": "PK Matautaava",
              "non_striker": "A Vala",
              "runs": {
                "batter": 6,
                "extras": 0,
                "total": 6
              }
            },
            {
              "batter": "TP Ura",
              "bowler": "PK Matautaava",
              "non_striker": "A Vala",
              "runs": {
                "batter": 0,
                "extras": 0,
                "total": 0
              }
            },
            {
              "batter": "TP Ura",
              "bowler": "PK Matautaava",
              "non_striker": "A Vala",
              "runs": {
                "batter": 0,
                "extras": 0,
                "total": 0
              }
            },
            {
              "batter": "TP Ura",
              "bowler": "PK Matautaava",
              "non_striker": "A Vala",
              "runs": {
                "batter": 0,
                "extras": 0,
                "total": 0
              }
            }
          ]
        },
        {
          "over": 4,
          "deliveries": [
            {
              "batter": "A Vala",
              "bowler": "AL Stephen",
              "non_striker": "TP Ura",
              "runs": {
                "batter": 4,
                "extras": 0,
                "total": 4
              }
            },
            {
              "batter": "A Vala",
              "bowler": "AL Stephen",
              "non_striker": "TP Ura",
              "runs": {
                "batter": 0,
                "extras": 0,
                "total": 0
              }
            },
            {
              "batter": "A Vala",
              "bowler": "AL Stephen",
              "non_striker": "TP Ura",
              "runs": {
                "batter": 1,
                "extras": 0,
                "total": 1
              }
            },
            {
              "batter": "TP Ura",
              "bowler": "AL Stephen",
              "extras": {
                "noballs": 1
              },
              "non_striker": "A Vala",
              "runs": {
                "batter": 0,
                "extras": 1,
                "total": 1
              }
            },
            {
              "batter": "TP Ura",
              "bowler": "AL Stephen",
              "extras": {
                "wides": 1
              },
              "non_striker": "A Vala",
              "runs": {
                "batter": 0,
                "extras": 1,
                "total": 1
              }
            },
            {
              "batter": "TP Ura",
              "bowler": "AL Stephen",
              "non_striker": "A Vala",
              "runs": {
                "batter": 4,
                "extras": 0,
                "total": 4
              }
            },
            {
              "batter": "TP Ura",
              "bowler": "AL Stephen",
              "non_striker": "A Vala",
              "runs": {
                "batter": 1,
                "extras": 0,
                "total": 1
              }
            },
            {
              "batter": "A Vala",
              "bowler": "AL Stephen",
              "non_striker": "TP Ura",
              "runs": {
                "batter": 0,
                "extras": 0,
                "total": 0
              }
            }
          ]
        },
        {
          "over": 5,
          "deliveries": [
            {
              "batter": "TP Ura",
              "bowler": "CC Blake",
              "non_striker": "A Vala",
              "runs": {
                "batter": 0,
                "extras": 0,
                "total": 0
              },
              "wickets": [
                {
                  "player_out": "TP Ura",
                  "fielders": [
                    {
                      "name": "J Dunn"
                    }
                  ],
                  "kind": "caught"
                }
              ]
            },
            {
              "batter": "CJA Amini",
              "bowler": "CC Blake",
              "non_striker": "A Vala",
              "runs": {
                "batter": 0,
                "extras": 0,
                "total": 0
              }
            },
            {
              "batter": "CJA Amini",
              "bowler": "CC Blake",
              "non_striker": "A Vala",
              "runs": {
                "batter": 0,
                "extras": 0,
                "total": 0
              }
            },
            {
              "batter": "CJA Amini",
              "bowler": "CC Blake",
              "non_striker": "A Vala",
              "runs": {
                "batter": 0,
                "extras": 0,
                "total": 0
              }
            },
            {
              "batter": "CJA Amini",
              "bowler": "CC Blake",
              "non_striker": "A Vala",
              "runs": {
                "batter": 0,
                "extras": 0,
                "total": 0
              }
            },
            {
              "batter": "CJA Amini",
              "bowler": "CC Blake",
              "non_striker": "A Vala",
              "runs": {
                "batter": 0,
                "extras": 0,
                "total": 0
              }
            }
          ]
        },
        {
          "over": 6,
          "deliveries": [
            {
              "batter": "A Vala",
              "bowler": "AL Stephen",
              "non_striker": "CJA Amini",
              "runs": {
                "batter": 1,
                "extras": 0,
                "total": 1
              }
            },
            {
              "batter": "CJA Amini",
              "bowler": "AL Stephen",
              "non_striker": "A Vala",
              "runs": {
                "batter": 1,
                "extras": 0,
                "total": 1
              }
            },
            {
              "batter": "A Vala",
              "bowler": "AL Stephen",
              "non_striker": "CJA Amini",
              "runs": {
                "batter": 1,
                "extras": 0,
                "total": 1
              }
            },
            {
              "batter": "CJA Amini",
              "bowler": "AL Stephen",
              "non_striker": "A Vala",
              "runs": {
                "batter": 2,
                "extras": 0,
                "total": 2
              }
            },
            {
              "batter": "CJA Amini",
              "bowler": "AL Stephen",
              "non_striker": "A Vala",
              "runs": {
                "batter": 1,
                "extras": 0,
                "total": 1
              }
            },
            {
              "batter": "A Vala",
              "bowler": "AL Stephen",
              "non_striker": "CJA Amini",
              "runs": {
                "batter": 1,
                "extras": 0,
                "total": 1
              }
            }
          ]
        },
        {
          "over": 7,
          "deliveries": [
            {
              "batter": "A Vala",
              "bowler": "CC Blake",
              "non_striker": "CJA Amini",
              "runs": {
                "batter": 1,
                "extras": 0,
                "total": 1
              }
            },
            {
              "batter": "CJA Amini",
              "bowler": "CC Blake",
              "non_striker": "A Vala",
              "runs": {
                "batter": 1,
                "extras": 0,
                "total": 1
              }
            },
            {
              "batter": "A Vala",
              "bowler": "CC Blake",
              "non_striker": "CJA Amini",
              "runs": {
                "batter": 1,
                "extras": 0,
                "total": 1
              }
            },
            {
              "batter": "CJA Amini",
              "bowler": "CC Blake",
              "non_striker": "A Vala",
              "runs": {
                "batter": 6,
                "extras": 0,
                "total": 6
              }
            },
            {
              "batter": "CJA Amini",
              "bowler": "CC Blake",
              "non_striker": "A Vala",
              "runs": {
                "batter": 2,
                "extras": 0,
                "total": 2
              }
            },
            {
              "batter": "CJA Amini",
              "bowler": "CC Blake",
              "non_striker": "A Vala",
              "runs": {
                "batter": 1,
                "extras": 0,
                "total": 1
              }
            }
          ]
        },
        {
          "over": 8,
          "deliveries": [
            {
              "batter": "CJA Amini",
              "bowler": "AL Stephen",
              "non_striker": "A Vala",
              "runs": {
                "batter": 4,
                "extras": 0,
                "total": 4
              }
            },
            {
              "batter": "CJA Amini",
              "bowler": "AL Stephen",
              "non_striker": "A Vala",
              "runs": {
                "batter": 0,
                "extras": 0,
                "total": 0
              }
            },
            {
              "batter": "CJA Amini",
              "bowler": "AL Stephen",
              "non_striker": "A Vala",
              "runs": {
                "batter": 1,
                "extras": 0,
                "total": 1
              }
            },
            {
              "batter": "A Vala",
              "bowler": "AL Stephen",
              "non_striker": "CJA Amini",
              "runs": {
                "batter": 1,
                "extras": 0,
                "total": 1
              }
            },
            {
              "batter": "CJA Amini",
              "bowler": "AL Stephen",
              "non_striker": "A Vala",
              "runs": {
                "batter": 1,
                "extras": 0,
                "total": 1
              }
            },
            {
              "batter": "A Vala",
              "bowler": "AL Stephen",
              "non_striker": "CJA Amini",
              "runs": {
                "batter": 4,
                "extras": 0,
                "total": 4
              }
            }
          ]
        },
        {
          "over": 9,
          "deliveries": [
            {
              "batter": "CJA Amini",
              "bowler": "N Nipiko",
              "non_striker": "A Vala",
              "runs": {
                "batter": 1,
                "extras": 0,
                "total": 1
              }
            },
            {
              "batter": "A Vala",
              "bowler": "N Nipiko",
              "extras": {
                "noballs": 1
              },
              "non_striker": "CJA Amini",
              "runs": {
                "batter": 0,
                "extras": 1,
                "total": 1
              }
            },
            {
              "batter": "A Vala",
              "bowler": "N Nipiko",
              "non_striker": "CJA Amini",
              "runs": {
                "batter": 4,
                "extras": 0,
                "total": 4
              }
            },
            {
              "batter": "A Vala",
              "bowler": "N Nipiko",
              "non_striker": "CJA Amini",
              "runs": {
                "batter": 6,
                "extras": 0,
                "total": 6
              }
            },
            {
              "batter": "A Vala",
              "bowler": "N Nipiko",
              "non_striker": "CJA Amini",
              "runs": {
                "batter": 1,
                "extras": 0,
                "total": 1
              }
            },
            {
              "batter": "CJA Amini",
              "bowler": "N Nipiko",
              "non_striker": "A Vala",
              "runs": {
                "batter": 2,
                "extras": 0,
                "total": 2
              }
            },
            {
              "batter": "CJA Amini",
              "bowler": "N Nipiko",
              "non_striker": "A Vala",
              "runs": {
                "batter": 0,
                "extras": 0,
                "total": 0
              },
              "wickets": [
                {
                  "player_out": "CJA Amini",
                  "fielders": [
                    {
                      "name": "J Rasu"
                    }
                  ],
                  "kind": "caught"
                }
              ]
            }
          ]
        },
        {
          "over": 10,
          "deliveries": [
            {
              "batter": "A Vala",
              "bowler": "JW Chilia",
              "non_striker": "J Kila",
              "runs": {
                "batter": 2,
                "extras": 0,
                "total": 2
              }
            },
            {
              "batter": "A Vala",
              "bowler": "JW Chilia",
              "non_striker": "J Kila",
              "runs": {
                "batter": 0,
                "extras": 0,
                "total": 0
              },
              "wickets": [
                {
                  "player_out": "A Vala",
                  "fielders": [
                    {
                      "name": "J Vira"
                    }
                  ],
                  "kind": "caught"
                }
              ]
            },
            {
              "batter": "J Kila",
              "bowler": "JW Chilia",
              "non_striker": "K Doriga",
              "runs": {
                "batter": 2,
                "extras": 0,
                "total": 2
              }
            },
            {
              "batter": "J Kila",
              "bowler": "JW Chilia",
              "non_striker": "K Doriga",
              "runs": {
                "batter": 1,
                "extras": 0,
                "total": 1
              }
            },
            {
              "batter": "K Doriga",
              "bowler": "JW Chilia",
              "non_striker": "J Kila",
              "runs": {
                "batter": 1,
                "extras": 0,
                "total": 1
              }
            },
            {
              "batter": "J Kila",
              "bowler": "JW Chilia",
              "non_striker": "K Doriga",
              "runs": {
                "batter": 0,
                "extras": 0,
                "total": 0
              }
            }
          ]
        },
        {
          "over": 11,
          "deliveries": [
            {
              "batter": "K Doriga",
              "bowler": "A Mansale",
              "non_striker": "J Kila",
              "runs": {
                "batter": 1,
                "extras": 0,
                "total": 1
              }
            },
            {
              "batter": "J Kila",
              "bowler": "A Mansale",
              "non_striker": "K Doriga",
              "runs": {
                "batter": 0,
                "extras": 0,
                "total": 0
              }
            },
            {
              "batter": "J Kila",
              "bowler": "A Mansale",
              "non_striker": "K Doriga",
              "runs": {
                "batter": 1,
                "extras": 0,
                "total": 1
              }
            },
            {
              "batter": "K Doriga",
              "bowler": "A Mansale",
              "non_striker": "J Kila",
              "runs": {
                "batter": 1,
                "extras": 0,
                "total": 1
              }
            },
            {
              "batter": "J Kila",
              "bowler": "A Mansale",
              "non_striker": "K Doriga",
              "runs": {
                "batter": 1,
                "extras": 0,
                "total": 1
              }
            },
            {
              "batter": "K Doriga",
              "bowler": "A Mansale",
              "non_striker": "J Kila",
              "runs": {
                "batter": 1,
                "extras": 0,
                "total": 1
              }
            }
          ]
        },
        {
          "over": 12,
          "deliveries": [
            {
              "batter": "K Doriga",
              "bowler": "JW Chilia",
              "non_striker": "J Kila",
              "runs": {
                "batter": 2,
                "extras": 0,
                "total": 2
              }
            },
            {
              "batter": "K Doriga",
              "bowler": "JW Chilia",
              "non_striker": "J Kila",
              "runs": {
                "batter": 1,
                "extras": 0,
                "total": 1
              }
            },
            {
              "batter": "J Kila",
              "bowler": "JW Chilia",
              "non_striker": "K Doriga",
              "runs": {
                "batter": 0,
                "extras": 0,
                "total": 0
              }
            },
            {
              "batter": "J Kila",
              "bowler": "JW Chilia",
              "non_striker": "K Doriga",
              "runs": {
                "batter": 4,
                "extras": 0,
                "total": 4
              }
            },
            {
              "batter": "J Kila",
              "bowler": "JW Chilia",
              "non_striker": "K Doriga",
              "runs": {
                "batter": 0,
                "extras": 0,
                "total": 0
              }
            },
            {
              "batter": "J Kila",
              "bowler": "JW Chilia",
              "non_striker": "K Doriga",
              "runs": {
                "batter": 1,
                "extras": 0,
                "total": 1
              }
            }
          ]
        },
        {
          "over": 13,
          "deliveries": [
            {
              "batter": "J Kila",
              "bowler": "A Mansale",
              "non_striker": "K Doriga",
              "runs": {
                "batter": 0,
                "extras": 0,
                "total": 0
              }
            },
            {
              "batter": "J Kila",
              "bowler": "A Mansale",
              "non_striker": "K Doriga",
              "runs": {
                "batter": 6,
                "extras": 0,
                "total": 6
              }
            },
            {
              "batter": "J Kila",
              "bowler": "A Mansale",
              "non_striker": "K Doriga",
              "runs": {
                "batter": 1,
                "extras": 0,
                "total": 1
              }
            },
            {
              "batter": "K Doriga",
              "bowler": "A Mansale",
              "non_striker": "J Kila",
              "runs": {
                "batter": 1,
                "extras": 0,
                "total": 1
              }
            },
            {
              "batter": "J Kila",
              "bowler": "A Mansale",
              "non_striker": "K Doriga",
              "runs": {
                "batter": 4,
                "extras": 0,
                "total": 4
              }
            },
            {
              "batter": "J Kila",
              "bowler": "A Mansale",
              "non_striker": "K Doriga",
              "runs": {
                "batter": 1,
                "extras": 0,
                "total": 1
              }
            }
          ]
        },
        {
          "over": 14,
          "deliveries": [
            {
              "batter": "J Kila",
              "bowler": "JW Chilia",
              "non_striker": "K Doriga",
              "runs": {
                "batter": 1,
                "extras": 0,
                "total": 1
              }
            },
            {
              "batter": "K Doriga",
              "bowler": "JW Chilia",
              "non_striker": "J Kila",
              "runs": {
                "batter": 0,
                "extras": 0,
                "total": 0
              }
            },
            {
              "batter": "K Doriga",
              "bowler": "JW Chilia",
              "non_striker": "J Kila",
              "runs": {
                "batter": 1,
                "extras": 0,
                "total": 1
              }
            },
            {
              "batter": "J Kila",
              "bowler": "JW Chilia",
              "non_striker": "K Doriga",
              "runs": {
                "batter": 1,
                "extras": 0,
                "total": 1
              }
            },
            {
              "batter": "K Doriga",
              "bowler": "JW Chilia",
              "non_striker": "J Kila",
              "runs": {
                "batter": 0,
                "extras": 0,
                "total": 0
              }
            },
            {
              "batter": "K Doriga",
              "bowler": "JW Chilia",
              "non_striker": "J Kila",
              "runs": {
                "batter": 1,
                "extras": 0,
                "total": 1
              }
            }
          ]
        },
        {
          "over": 15,
          "deliveries": [
            {
              "batter": "K Doriga",
              "bowler": "PK Matautaava",
              "non_striker": "J Kila",
              "runs": {
                "batter": 0,
                "extras": 0,
                "total": 0
              },
              "wickets": [
                {
                  "player_out": "K Doriga",
                  "kind": "bowled"
                }
              ]
            },
            {
              "batter": "N Vanua",
              "bowler": "PK Matautaava",
              "non_striker": "J Kila",
              "runs": {
                "batter": 0,
                "extras": 0,
                "total": 0
              }
            },
            {
              "batter": "N Vanua",
              "bowler": "PK Matautaava",
              "non_striker": "J Kila",
              "runs": {
                "batter": 0,
                "extras": 0,
                "total": 0
              }
            },
            {
              "batter": "N Vanua",
              "bowler": "PK Matautaava",
              "non_striker": "J Kila",
              "runs": {
                "batter": 0,
                "extras": 0,
                "total": 0
              }
            },
            {
              "batter": "N Vanua",
              "bowler": "PK Matautaava",
              "non_striker": "J Kila",
              "runs": {
                "batter": 2,
                "extras": 0,
                "total": 2
              }
            },
            {
              "batter": "N Vanua",
              "bowler": "PK Matautaava",
              "non_striker": "J Kila",
              "runs": {
                "batter": 1,
                "extras": 0,
                "total": 1
              }
            }
          ]
        },
        {
          "over": 16,
          "deliveries": [
            {
              "batter": "N Vanua",
              "bowler": "CC Blake",
              "non_striker": "J Kila",
              "runs": {
                "batter": 0,
                "extras": 0,
                "total": 0
              },
              "wickets": [
                {
                  "player_out": "N Vanua",
                  "fielders": [
                    {
                      "name": "JW Chilia"
                    }
                  ],
                  "kind": "caught"
                }
              ]
            },
            {
              "batter": "J Kila",
              "bowler": "CC Blake",
              "non_striker": "S Eno",
              "runs": {
                "batter": 0,
                "extras": 0,
                "total": 0
              }
            },
            {
              "batter": "J Kila",
              "bowler": "CC Blake",
              "non_striker": "S Eno",
              "runs": {
                "batter": 6,
                "extras": 0,
                "total": 6
              }
            },
            {
              "batter": "J Kila",
              "bowler": "CC Blake",
              "non_striker": "S Eno",
              "runs": {
                "batter": 0,
                "extras": 0,
                "total": 0
              }
            },
            {
              "batter": "J Kila",
              "bowler": "CC Blake",
              "non_striker": "S Eno",
              "runs": {
                "batter": 4,
                "extras": 0,
                "total": 4
              }
            },
            {
              "batter": "J Kila",
              "bowler": "CC Blake",
              "non_striker": "S Eno",
              "runs": {
                "batter": 4,
                "extras": 0,
                "total": 4
              }
            }
          ]
        },
        {
          "over": 17,
          "deliveries": [
            {
              "batter": "S Eno",
              "bowler": "PK Matautaava",
              "extras": {
                "wides": 1
              },
              "non_striker": "J Kila",
              "runs": {
                "batter": 0,
                "extras": 1,
                "total": 1
              }
            },
            {
              "batter": "S Eno",
              "bowler": "PK Matautaava",
              "extras": {
                "legbyes": 1
              },
              "non_striker": "J Kila",
              "runs": {
                "batter": 0,
                "extras": 1,
                "total": 1
              }
            },
            {
              "batter": "J Kila",
              "bowler": "PK Matautaava",
              "non_striker": "S Eno",
              "runs": {
                "batter": 1,
                "extras": 0,
                "total": 1
              }
            },
            {
              "batter": "S Eno",
              "bowler": "PK Matautaava",
              "non_striker": "J Kila",
              "runs": {
                "batter": 2,
                "extras": 0,
                "total": 2
              }
            },
            {
              "batter": "S Eno",
              "bowler": "PK Matautaava",
              "non_striker": "J Kila",
              "runs": {
                "batter": 1,
                "extras": 0,
                "total": 1
              }
            },
            {
              "batter": "J Kila",
              "bowler": "PK Matautaava",
              "non_striker": "S Eno",
              "runs": {
                "batter": 2,
                "extras": 0,
                "total": 2
              }
            },
            {
              "batter": "J Kila",
              "bowler": "PK Matautaava",
              "non_striker": "S Eno",
              "runs": {
                "batter": 0,
                "extras": 0,
                "total": 0
              },
              "wickets": [
                {
                  "player_out": "J Kila",
                  "fielders": [
                    {
                      "name": "N Nipiko"
                    }
                  ],
                  "kind": "caught"
                }
              ]
            }
          ]
        },
        {
          "over": 18,
          "deliveries": [
            {
              "batter": "JB Reva",
              "bowler": "CC Blake",
              "extras": {
                "wides": 1
              },
              "non_striker": "S Eno",
              "runs": {
                "batter": 0,
                "extras": 1,
                "total": 1
              }
            },
            {
              "batter": "JB Reva",
              "bowler": "CC Blake",
              "non_striker": "S Eno",
              "runs": {
                "batter": 1,
                "extras": 0,
                "total": 1
              }
            },
            {
              "batter": "S Eno",
              "bowler": "CC Blake",
              "non_striker": "JB Reva",
              "runs": {
                "batter": 0,
                "extras": 0,
                "total": 0
              }
            },
            {
              "batter": "S Eno",
              "bowler": "CC Blake",
              "non_striker": "JB Reva",
              "runs": {
                "batter": 0,
                "extras": 0,
                "total": 0
              },
              "wickets": [
                {
                  "player_out": "S Eno",
                  "fielders": [
                    {
                      "name": "AL Stephen"
                    }
                  ],
                  "kind": "caught"
                }
              ]
            },
            {
              "batter": "D Ravu",
              "bowler": "CC Blake",
              "non_striker": "JB Reva",
              "runs": {
                "batter": 1,
                "extras": 0,
                "total": 1
              }
            }
          ]
        }
      ],
      "powerplays": [
        {
          "from": 0.1,
          "to": 5.6,
          "type": "mandatory"
        }
      ]
    }
  ]
}