{
  "meta": {
    "data_version": "1.0.0",
    "created": "2020-09-15",
    "revision": 1
  },
  "info": {
    "balls_per_over": 6,
    "city": "Suva",
    "dates": [
      "2018-08-26"
    ],
    "event": {
      "name": "ICC World Twenty20 East Asia-Pacific Region Qualifier A",
      "match_number": 5
    },
    "gender": "male",
    "match_type": "IT20",
    "officials": {
      "umpires": [
        "Hitesh Sharma",
        "Bri Olewale"
      ]
    },
    "outcome": {
      "winner": "Fiji",
      "by": {
        "runs": 9
      }
    },
    "overs": 20,
    "player_of_match": [
      "AJ Michael"
    ],
    "players": {
      "Fiji": [
        "KSB Tavo",
        "S Ravoka",
        "SM Tupou",
        "MB Gauna",
        "V Yabaki",
        "T Tavo",
        "J Veikauyaki",
        "J Kida",
        "M Beitaki",
        "Riyad Khan",
        "PV Vuniwaqa"
      ],
      "Samoa": [
        "T Kaisala",
        "BF Mailata",
        "N Vaasili",
        "DE Burgess",
        "F Sapatu",
        "SM Solia",
        "ML Maiava",
        "F Vaaetasi",
        "L Evile",
        "AJ Michael",
        "DP Michael"
      ]
    },
    "registry": {
      "people": {
        "AJ Michael": "d68f4aa1",
        "BF Mailata": "f49935eb",
        "Bri Olewale": "c76cdfd7",
        "DE Burgess": "7bf39e5c",
        "DP Michael": "9815de17",
        "F Sapatu": "d5c7d9ff",
        "F Vaaetasi": "4abc5713",
        "Hitesh Sharma": "2085a934",
        "J Kida": "0d1e8d3a",
        "J Veikauyaki": "8c60bc07",
        "KSB Tavo": "7ccbfc83",
        "L Evile": "1dd99aa6",
        "M Beitaki": "3d29b5fc",
        "MB Gauna": "5252740c",
        "ML Maiava": "a6710e6c",
        "N Vaasili": "c53cfae5",
        "PV Vuniwaqa": "653a7fa8",
        "Riyad Khan": "5a8ab04a",
        "S Ravoka": "ce7936a5",
        "SM Solia": "fd9f43bb",
        "SM Tupou": "a02b9f81",
        "T Kaisala": "80ba2fe8",
        "T Tavo": "770ae770",
        "V Yabaki": "c53e6827"
      }
    },
    "season": "2018",
    "team_type": "international",
    "teams": [
      "Fiji",
      "Samoa"
    ],
    "toss": {
      "decision": "field",
      "winner": "Samoa"
    },
    "venue": "Albert Park 1"
  },
  "innings": [
    {
      "team": "Fiji",
      "overs": [
        {
          "over": 0,
          "deliveries": [
            {
              "batter": "J Kida",
              "bowler": "F Vaaetasi",
              "non_striker": "M Beitaki",
              "runs": {
                "batter": 0,
                "extras": 0,
                "total": 0
              }
            },
            {
              "batter": "J Kida",
              "bowler": "F Vaaetasi",
              "non_striker": "M Beitaki",
              "runs": {
                "batter": 0,
                "extras": 0,
                "total": 0
              }
            },
            {
              "batter": "J Kida",
              "bowler": "F Vaaetasi",
              "non_striker": "M Beitaki",
              "runs": {
                "batter": 0,
                "extras": 0,
                "total": 0
              }
            },
            {
              "batter": "J Kida",
              "bowler": "F Vaaetasi",
              "non_striker": "M Beitaki",
              "runs": {
                "batter": 0,
                "extras": 0,
                "total": 0
              }
            },
            {
              "batter": "J Kida",
              "bowler": "F Vaaetasi",
              "non_striker": "M Beitaki",
              "runs": {
                "batter": 0,
                "extras": 0,
                "total": 0
              }
            },
            {
              "batter": "J Kida",
              "bowler": "F Vaaetasi",
              "non_striker": "M Beitaki",
              "runs": {
                "batter": 0,
                "extras": 0,
                "total": 0
              }
            }
          ]
        },
        {
          "over": 1,
          "deliveries": [
            {
              "batter": "M Beitaki",
              "bowler": "SM Solia",
              "non_striker": "J Kida",
              "runs": {
                "batter": 0,
                "extras": 0,
                "total": 0
              }
            },
            {
              "batter": "M Beitaki",
              "bowler": "SM Solia",
              "non_striker": "J Kida",
              "runs": {
                "batter": 1,
                "extras": 0,
                "total": 1
              }
            },
            {
              "batter": "J Kida",
              "bowler": "SM Solia",
              "extras": {
                "wides": 1
              },
              "non_striker": "M Beitaki",
              "runs": {
                "batter": 0,
                "extras": 1,
                "total": 1
              }
            },
            {
              "batter": "J Kida",
              "bowler": "SM Solia",
              "non_striker": "M Beitaki",
              "runs": {
                "batter": 0,
                "extras": 0,
                "total": 0
              }
            },
            {
              "batter": "J Kida",
              "bowler": "SM Solia",
              "non_striker": "M Beitaki",
              "runs": {
                "batter": 0,
                "extras": 0,
                "total": 0
              },
              "wickets": [
                {
                  "player_out": "J Kida",
                  "fielders": [
                    {
                      "name": "DP Michael"
                    }
                  ],
                  "kind": "caught"
                }
              ]
            },
            {
              "batter": "J Veikauyaki",
              "bowler": "SM Solia",
              "extras": {
                "wides": 1
              },
              "non_striker": "M Beitaki",
              "runs": {
                "batter": 0,
                "extras": 1,
                "total": 1
              }
            },
            {
              "batter": "J Veikauyaki",
              "bowler": "SM Solia",
              "non_striker": "M Beitaki",
              "runs": {
                "batter": 0,
                "extras": 0,
                "total": 0
              }
            },
            {
              "batter": "J Veikauyaki",
              "bowler": "SM Solia",
              "non_striker": "M Beitaki",
              "runs": {
                "batter": 0,
                "extras": 0,
                "total": 0
              }
            }
          ]
        },
        {
          "over": 2,
          "deliveries": [
            {
              "batter": "M Beitaki",
              "bowler": "F Vaaetasi",
              "non_striker": "J Veikauyaki",
              "runs": {
                "batter": 0,
                "extras": 0,
                "total": 0
              }
            },
            {
              "batter": "M Beitaki",
              "bowler": "F Vaaetasi",
              "non_striker": "J Veikauyaki",
              "runs": {
                "batter": 0,
                "extras": 0,
                "total": 0
              }
            },
            {
              "batter": "M Beitaki",
              "bowler": "F Vaaetasi",
              "non_striker": "J Veikauyaki",
              "runs": {
                "batter": 0,
                "extras": 0,
                "total": 0
              }
            },
            {
              "batter": "M Beitaki",
              "bowler": "F Vaaetasi",
              "non_striker": "J Veikauyaki",
              "runs": {
                "batter": 0,
                "extras": 0,
                "total": 0
              }
            },
            {
              "batter": "M Beitaki",
              "bowler": "F Vaaetasi",
              "non_striker": "J Veikauyaki",
              "runs": {
                "batter": 1,
                "extras": 0,
                "total": 1
              }
            },
            {
              "batter": "J Veikauyaki",
              "bowler": "F Vaaetasi",
              "non_striker": "M Beitaki",
              "runs": {
                "batter": 0,
                "extras": 0,
                "total": 0
              }
            }
          ]
        },
        {
          "over": 3,
          "deliveries": [
            {
              "batter": "M Beitaki",
              "bowler": "SM Solia",
              "non_striker": "J Veikauyaki",
              "runs": {
                "batter": 0,
                "extras": 0,
                "total": 0
              }
            },
            {
              "batter": "M Beitaki",
              "bowler": "SM Solia",
              "non_striker": "J Veikauyaki",
              "runs": {
                "batter": 0,
                "extras": 0,
                "total": 0
              }
            },
            {
              "batter": "M Beitaki",
              "bowler": "SM Solia",
              "non_striker": "J Veikauyaki",
              "runs": {
                "batter": 0,
                "extras": 0,
                "total": 0
              }
            },
            {
              "batter": "M Beitaki",
              "bowler": "SM Solia",
              "non_striker": "J Veikauyaki",
              "runs": {
                "batter": 0,
                "extras": 0,
                "total": 0
              }
            },
            {
              "batter": "M Beitaki",
              "bowler": "SM Solia",
              "non_striker": "J Veikauyaki",
              "runs": {
                "batter": 0,
                "extras": 0,
                "total": 0
              }
            },
            {
              "batter": "M Beitaki",
              "bowler": "SM Solia",
              "non_striker": "J Veikauyaki",
              "runs": {
                "batter": 2,
                "extras": 0,
                "total": 2
              }
            }
          ]
        },
        {
          "over": 4,
          "deliveries": [
            {
              "batter": "J Veikauyaki",
              "bowler": "F Vaaetasi",
              "non_striker": "M Beitaki",
              "runs": {
                "batter": 4,
                "extras": 0,
                "total": 4
              }
            },
            {
              "batter": "J Veikauyaki",
              "bowler": "F Vaaetasi",
              "non_striker": "M Beitaki",
              "runs": {
                "batter": 4,
                "extras": 0,
                "total": 4
              }
            },
            {
              "batter": "J Veikauyaki",
              "bowler": "F Vaaetasi",
              "non_striker": "M Beitaki",
              "runs": {
                "batter": 0,
                "extras": 0,
                "total": 0
              }
            },
            {
              "batter": "J Veikauyaki",
              "bowler": "F Vaaetasi",
              "non_striker": "M Beitaki",
              "runs": {
                "batter": 1,
                "extras": 0,
                "total": 1
              }
            },
            {
              "batter": "M Beitaki",
              "bowler": "F Vaaetasi",
              "non_striker": "J Veikauyaki",
              "runs": {
                "batter": 0,
                "extras": 0,
                "total": 0
              }
            },
            {
              "batter": "M Beitaki",
              "bowler": "F Vaaetasi",
              "non_striker": "J Veikauyaki",
              "runs": {
                "batter": 1,
                "extras": 0,
                "total": 1
              }
            }
          ]
        },
        {
          "over": 5,
          "deliveries": [
            {
              "batter": "M Beitaki",
              "bowler": "N Vaasili",
              "non_striker": "J Veikauyaki",
              "runs": {
                "batter": 0,
                "extras": 0,
                "total": 0
              }
            },
            {
              "batter": "M Beitaki",
              "bowler": "N Vaasili",
              "non_striker": "J Veikauyaki",
              "runs": {
                "batter": 4,
                "extras": 0,
                "total": 4
              }
            },
            {
              "batter": "M Beitaki",
              "bowler": "N Vaasili",
              "non_striker": "J Veikauyaki",
              "runs": {
                "batter": 6,
                "extras": 0,
                "total": 6
              }
            },
            {
              "batter": "M Beitaki",
              "bowler": "N Vaasili",
              "extras": {
                "wides": 1
              },
              "non_striker": "J Veikauyaki",
              "runs": {
                "batter": 0,
                "extras": 1,
                "total": 1
              }
            },
            {
              "batter": "M Beitaki",
              "bowler": "N Vaasili",
              "non_striker": "J Veikauyaki",
              "runs": {
                "batter": 0,
                "extras": 0,
                "total": 0
              },
              "wickets": [
                {
                  "player_out": "M Beitaki",
                  "fielders": [
                    {
                      "name": "L Evile"
                    }
                  ],
                  "kind": "caught"
                }
              ]
            },
            {
              "batter": "SM Tupou",
              "bowler": "N Vaasili",
              "non_striker": "J Veikauyaki",
              "runs": {
                "batter": 1,
                "extras": 0,
                "total": 1
              }
            },
            {
              "batter": "J Veikauyaki",
              "bowler": "N Vaasili",
              "non_striker": "SM Tupou",
              "runs": {
                "batter": 0,
                "extras": 0,
                "total": 0
              }
            }
          ]
        },
        {
          "over": 6,
          "deliveries": [
            {
              "batter": "SM Tupou",
              "bowler": "BF Mailata",
              "non_striker": "J Veikauyaki",
              "runs": {
                "batter": 0,
                "extras": 0,
                "total": 0
              }
            },
            {
              "batter": "SM Tupou",
              "bowler": "BF Mailata",
              "non_striker": "J Veikauyaki",
              "runs": {
                "batter": 0,
                "extras": 0,
                "total": 0
              }
            },
            {
              "batter": "SM Tupou",
              "bowler": "BF Mailata",
              "non_striker": "J Veikauyaki",
              "runs": {
                "batter": 1,
                "extras": 0,
                "total": 1
              }
            },
            {
              "batter": "J Veikauyaki",
              "bowler": "BF Mailata",
              "extras": {
                "wides": 1
              },
              "non_striker": "SM Tupou",
              "runs": {
                "batter": 0,
                "extras": 1,
                "total": 1
              }
            },
            {
              "batter": "J Veikauyaki",
              "bowler": "BF Mailata",
              "non_striker": "SM Tupou",
              "runs": {
                "batter": 0,
                "extras": 0,
                "total": 0
              }
            },
            {
              "batter": "J Veikauyaki",
              "bowler": "BF Mailata",
              "non_striker": "SM Tupou",
              "runs": {
                "batter": 0,
                "extras": 0,
                "total": 0
              }
            },
            {
              "batter": "J Veikauyaki",
              "bowler": "BF Mailata",
              "non_striker": "SM Tupou",
              "runs": {
                "batter": 6,
                "extras": 0,
                "total": 6
              }
            }
          ]
        },
        {
          "over": 7,
          "deliveries": [
            {
              "batter": "SM Tupou",
              "bowler": "N Vaasili",
              "non_striker": "J Veikauyaki",
              "runs": {
                "batter": 1,
                "extras": 0,
                "total": 1
              }
            },
            {
              "batter": "J Veikauyaki",
              "bowler": "N Vaasili",
              "non_striker": "SM Tupou",
              "runs": {
                "batter": 0,
                "extras": 0,
                "total": 0
              }
            },
            {
              "batter": "J Veikauyaki",
              "bowler": "N Vaasili",
              "non_striker": "SM Tupou",
              "runs": {
                "batter": 0,
                "extras": 0,
                "total": 0
              },
              "wickets": [
                {
                  "player_out": "J Veikauyaki",
                  "fielders": [
                    {
                      "name": "F Sapatu"
                    }
                  ],
                  "kind": "caught"
                }
              ]
            },
            {
              "batter": "PV Vuniwaqa",
              "bowler": "N Vaasili",
              "non_striker": "SM Tupou",
              "runs": {
                "batter": 1,
                "extras": 0,
                "total": 1
              }
            },
            {
              "batter": "SM Tupou",
              "bowler": "N Vaasili",
              "extras": {
                "wides": 1
              },
              "non_striker": "PV Vuniwaqa",
              "runs": {
                "batter": 0,
                "extras": 1,
                "total": 1
              }
            },
            {
              "batter": "SM Tupou",
              "bowler": "N Vaasili",
              "non_striker": "PV Vuniwaqa",
              "runs": {
                "batter": 1,
                "extras": 0,
                "total": 1
              }
            },
            {
              "batter": "PV Vuniwaqa",
              "bowler": "N Vaasili",
              "non_striker": "SM Tupou",
              "runs": {
                "batter": 4,
                "extras": 0,
                "total": 4
              }
            }
          ]
        },
        {
          "over": 8,
          "deliveries": [
            {
              "batter": "SM Tupou",
              "bowler": "BF Mailata",
              "non_striker": "PV Vuniwaqa",
              "runs": {
                "batter": 0,
                "extras": 0,
                "total": 0
              }
            },
            {
              "batter": "SM Tupou",
              "bowler": "BF Mailata",
              "non_striker": "PV Vuniwaqa",
              "runs": {
                "batter": 1,
                "extras": 0,
                "total": 1
              }
            },
            {
              "batter": "PV Vuniwaqa",
              "bowler": "BF Mailata",
              "non_striker": "SM Tupou",
              "runs": {
                "batter": 0,
                "extras": 0,
                "total": 0
              }
            },
            {
              "batter": "PV Vuniwaqa",
              "bowler": "BF Mailata",
              "non_striker": "SM Tupou",
              "runs": {
                "batter": 0,
                "extras": 0,
                "total": 0
              }
            },
            {
              "batter": "PV Vuniwaqa",
              "bowler": "BF Mailata",
              "extras": {
                "wides": 1
              },
              "non_striker": "SM Tupou",
              "runs": {
                "batter": 0,
                "extras": 1,
                "total": 1
              }
            },
            {
              "batter": "PV Vuniwaqa",
              "bowler": "BF Mailata",
              "non_striker": "SM Tupou",
              "runs": {
                "batter": 0,
                "extras": 0,
                "total": 0
              }
            },
            {
              "batter": "PV Vuniwaqa",
              "bowler": "BF Mailata",
              "non_striker": "SM Tupou",
              "runs": {
                "batter": 0,
                "extras": 0,
                "total": 0
              }
            }
          ]
        },
        {
          "over": 9,
          "deliveries": [
            {
              "batter": "SM Tupou",
              "bowler": "DP Michael",
              "non_striker": "PV Vuniwaqa",
              "runs": {
                "batter": 0,
                "extras": 0,
                "total": 0
              }
            },
            {
              "batter": "SM Tupou",
              "bowler": "DP Michael",
              "non_striker": "PV Vuniwaqa",
              "runs": {
                "batter": 0,
                "extras": 0,
                "total": 0
              },
              "wickets": [
                {
                  "player_out": "SM Tupou",
                  "fielders": [
                    {
                      "name": "T Kaisala"
                    }
                  ],
                  "kind": "caught"
                }
              ]
            },
            {
              "batter": "PV Vuniwaqa",
              "bowler": "DP Michael",
              "extras": {
                "noballs": 1
              },
              "non_striker": "MB Gauna",
              "runs": {
                "batter": 0,
                "extras": 1,
                "total": 1
              }
            },
            {
              "batter": "PV Vuniwaqa",
              "bowler": "DP Michael",
              "extras": {
                "noballs": 1
              },
              "non_striker": "MB Gauna",
              "runs": {
                "batter": 0,
                "extras": 1,
                "total": 1
              }
            },
            {
              "batter": "PV Vuniwaqa",
              "bowler": "DP Michael",
              "non_striker": "MB Gauna",
              "runs": {
                "batter": 0,
                "extras": 0,
                "total": 0
              }
            },
            {
              "batter": "PV Vuniwaqa",
              "bowler": "DP Michael",
              "non_striker": "MB Gauna",
              "runs": {
                "batter": 1,
                "extras": 0,
                "total": 1
              }
            },
            {
              "batter": "MB Gauna",
              "bowler": "DP Michael",
              "extras": {
                "legbyes": 2
              },
              "non_striker": "PV Vuniwaqa",
              "runs": {
                "batter": 0,
                "extras": 2,
                "total": 2
              }
            },
            {
              "batter": "MB Gauna",
              "bowler": "DP Michael",
              "non_striker": "PV Vuniwaqa",
              "runs": {
                "batter": 0,
                "extras": 0,
                "total": 0
              }
            }
          ]
        },
        {
          "over": 10,
          "deliveries": [
            {
              "batter": "PV Vuniwaqa",
              "bowler": "BF Mailata",
              "non_striker": "MB Gauna",
              "runs": {
                "batter": 1,
                "extras": 0,
                "total": 1
              }
            },
            {
              "batter": "MB Gauna",
              "bowler": "BF Mailata",
              "non_striker": "PV Vuniwaqa",
              "runs": {
                "batter": 0,
                "extras": 0,
                "total": 0
              }
            },
            {
              "batter": "MB Gauna",
              "bowler": "BF Mailata",
              "non_striker": "PV Vuniwaqa",
              "runs": {
                "batter": 0,
                "extras": 0,
                "total": 0
              }
            },
            {
              "batter": "MB Gauna",
              "bowler": "BF Mailata",
              "non_striker": "PV Vuniwaqa",
              "runs": {
                "batter": 1,
                "extras": 0,
                "total": 1
              }
            },
            {
              "batter": "PV Vuniwaqa",
              "bowler": "BF Mailata",
              "non_striker": "MB Gauna",
              "runs": {
                "batter": 1,
                "extras": 0,
                "total": 1
              }
            },
            {
              "batter": "MB Gauna",
              "bowler": "BF Mailata",
              "non_striker": "PV Vuniwaqa",
              "runs": {
                "batter": 0,
                "extras": 0,
                "total": 0
              }
            }
          ]
        },
        {
          "over": 11,
          "deliveries": [
            {
              "batter": "PV Vuniwaqa",
              "bowler": "DP Michael",
              "non_striker": "MB Gauna",
              "runs": {
                "batter": 4,
                "extras": 0,
                "total": 4
              }
            },
            {
              "batter": "PV Vuniwaqa",
              "bowler": "DP Michael",
              "non_striker": "MB Gauna",
              "runs": {
                "batter": 1,
                "extras": 0,
                "total": 1
              }
            },
            {
              "batter": "MB Gauna",
              "bowler": "DP Michael",
              "non_striker": "PV Vuniwaqa",
              "runs": {
                "batter": 1,
                "extras": 0,
                "total": 1
              }
            },
            {
              "batter": "PV Vuniwaqa",
              "bowler": "DP Michael",
              "non_striker": "MB Gauna",
              "runs": {
                "batter": 4,
                "extras": 0,
                "total": 4
              }
            },
            {
              "batter": "PV Vuniwaqa",
              "bowler": "DP Michael",
              "non_striker": "MB Gauna",
              "runs": {
                "batter": 4,
                "extras": 0,
                "total": 4
              }
            },
            {
              "batter": "PV Vuniwaqa",
              "bowler": "DP Michael",
              "non_striker": "MB Gauna",
              "runs": {
                "batter": 0,
                "extras": 0,
                "total": 0
              }
            }
          ]
        },
        {
          "over": 12,
          "deliveries": [
            {
              "batter": "MB Gauna",
              "bowler": "BF Mailata",
              "non_striker": "PV Vuniwaqa",
              "runs": {
                "batter": 1,
                "extras": 0,
                "total": 1
              }
            },
            {
              "batter": "PV Vuniwaqa",
              "bowler": "BF Mailata",
              "non_striker": "MB Gauna",
              "runs": {
                "batter": 2,
                "extras": 0,
                "total": 2
              }
            },
            {
              "batter": "PV Vuniwaqa",
              "bowler": "BF Mailata",
              "non_striker": "MB Gauna",
              "runs": {
                "batter": 0,
                "extras": 0,
                "total": 0
              }
            },
            {
              "batter": "PV Vuniwaqa",
              "bowler": "BF Mailata",
              "non_striker": "MB Gauna",
              "runs": {
                "batter": 2,
                "extras": 0,
                "total": 2
              }
            },
            {
              "batter": "PV Vuniwaqa",
              "bowler": "BF Mailata",
              "non_striker": "MB Gauna",
              "runs": {
                "batter": 2,
                "extras": 0,
                "total": 2
              }
            },
            {
              "batter": "PV Vuniwaqa",
              "bowler": "BF Mailata",
              "non_striker": "MB Gauna",
              "runs": {
                "batter": 0,
                "extras": 0,
                "total": 0
              },
              "wickets": [
                {
                  "player_out": "PV Vuniwaqa",
                  "fielders": [
                    {
                      "name": "SM Solia"
                    }
                  ],
                  "kind": "caught"
                }
              ]
            }
          ]
        },
        {
          "over": 13,
          "deliveries": [
            {
              "batter": "S Ravoka",
              "bowler": "L Evile",
              "non_striker": "MB Gauna",
              "runs": {
                "batter": 1,
                "extras": 0,
                "total": 1
              }
            },
            {
              "batter": "MB Gauna",
              "bowler": "L Evile",
              "non_striker": "S Ravoka",
              "runs": {
                "batter": 2,
                "extras": 0,
                "total": 2
              }
            },
            {
              "batter": "MB Gauna",
              "bowler": "L Evile",
              "non_striker": "S Ravoka",
              "runs": {
                "batter": 1,
                "extras": 0,
                "total": 1
              }
            },
            {
              "batter": "S Ravoka",
              "bowler": "L Evile",
              "non_striker": "MB Gauna",
              "runs": {
                "batter": 1,
                "extras": 0,
                "total": 1
              }
            },
            {
              "batter": "MB Gauna",
              "bowler": "L Evile",
              "non_striker": "S Ravoka",
              "runs": {
                "batter": 4,
                "extras": 0,
                "total": 4
              }
            },
            {
              "batter": "MB Gauna",
              "bowler": "L Evile",
              "non_striker": "S Ravoka",
              "runs": {
                "batter": 1,
                "extras": 0,
                "total": 1
              }
            }
          ]
        },
        {
          "over": 14,
          "deliveries": [
            {
              "batter": "MB Gauna",
              "bowler": "AJ Michael",
              "non_striker": "S Ravoka",
              "runs": {
                "batter": 0,
                "extras": 0,
                "total": 0
              }
            },
            {
              "batter": "MB Gauna",
              "bowler": "AJ Michael",
              "non_striker": "S Ravoka",
              "runs": {
                "batter": 1,
                "extras": 0,
                "total": 1
              }
            },
            {
              "batter": "S Ravoka",
              "bowler": "AJ Michael",
              "non_striker": "MB Gauna",
              "runs": {
                "batter": 0,
                "extras": 0,
                "total": 0
              }
            },
            {
              "batter": "S Ravoka",
              "bowler": "AJ Michael",
              "extras": {
                "wides": 1
              },
              "non_striker": "MB Gauna",
              "runs": {
                "batter": 0,
                "extras": 1,
                "total": 1
              }
            },
            {
              "batter": "S Ravoka",
              "bowler": "AJ Michael",
              "non_striker": "MB Gauna",
              "runs": {
                "batter": 1,
                "extras": 0,
                "total": 1
              }
            },
            {
              "batter": "MB Gauna",
              "bowler": "AJ Michael",
              "non_striker": "S Ravoka",
              "runs": {
                "batter": 0,
                "extras": 0,
                "total": 0
              }
            },
            {
              "batter": "MB Gauna",
              "bowler": "AJ Michael",
              "non_striker": "S Ravoka",
              "runs": {
                "batter": 2,
                "extras": 0,
                "total": 2
              }
            }
          ]
        },
        {
          "over": 15,
          "deliveries": [
            {
              "batter": "S Ravoka",
              "bowler": "SM Solia",
              "non_striker": "MB Gauna",
              "runs": {
                "batter": 2,
                "extras": 0,
                "total": 2
              }
            },
            {
              "batter": "S Ravoka",
              "bowler": "SM Solia",
              "non_striker": "MB Gauna",
              "runs": {
                "batter": 2,
                "extras": 0,
                "total": 2
              }
            },
            {
              "batter": "S Ravoka",
              "bowler": "SM Solia",
              "non_striker": "MB Gauna",
              "runs": {
                "batter": 1,
                "extras": 0,
                "total": 1
              }
            },
            {
              "batter": "MB Gauna",
              "bowler": "SM Solia",
              "non_striker": "S Ravoka",
              "runs": {
                "batter": 1,
                "extras": 0,
                "total": 1
              }
            },
            {
              "batter": "S Ravoka",
              "bowler": "SM Solia",
              "extras": {
                "wides": 1
              },
              "non_striker": "MB Gauna",
              "runs": {
                "batter": 0,
                "extras": 1,
                "total": 1
              }
            },
            {
              "batter": "S Ravoka",
              "bowler": "SM Solia",
              "non_striker": "MB Gauna",
              "runs": {
                "batter": 1,
                "extras": 0,
                "total": 1
              }
            },
            {
              "batter": "MB Gauna",
              "bowler": "SM Solia",
              "non_striker": "S Ravoka",
              "runs": {
                "batter": 4,
                "extras": 0,
                "total": 4
              }
            }
          ]
        },
        {
          "over": 16,
          "deliveries": [
            {
              "batter": "S Ravoka",
              "bowler": "AJ Michael",
              "non_striker": "MB Gauna",
              "runs": {
                "batter": 1,
                "extras": 0,
                "total": 1
              },
              "wickets": [
                {
                  "player_out": "MB Gauna",
                  "fielders": [
                    {
                      "name": "AJ Michael"
                    }
                  ],
                  "kind": "run out"
                }
              ]
            },
            {
              "batter": "S Ravoka",
              "bowler": "AJ Michael",
              "non_striker": "KSB Tavo",
              "runs": {
                "batter": 1,
                "extras": 0,
                "total": 1
              }
            },
            {
              "batter": "KSB Tavo",
              "bowler": "AJ Michael",
              "non_striker": "S Ravoka",
              "runs": {
                "batter": 0,
                "extras": 0,
                "total": 0
              }
            },
            {
              "batter": "KSB Tavo",
              "bowler": "AJ Michael",
              "non_striker": "S Ravoka",
              "runs": {
                "batter": 1,
                "extras": 0,
                "total": 1
              }
            },
            {
              "batter": "S Ravoka",
              "bowler": "AJ Michael",
              "non_striker": "KSB Tavo",
              "runs": {
                "batter": 1,
                "extras": 0,
                "total": 1
              }
            },
            {
              "batter": "KSB Tavo",
              "bowler": "AJ Michael",
              "non_striker": "S Ravoka",
              "runs": {
                "batter": 1,
                "extras": 0,
                "total": 1
              }
            }
          ]
        },
        {
          "over": 17,
          "deliveries": [
            {
              "batter": "KSB Tavo",
              "bowler": "DP Michael",
              "non_striker": "S Ravoka",
              "runs": {
                "batter": 2,
                "extras": 0,
                "total": 2
              }
            },
            {
              "batter": "KSB Tavo",
              "bowler": "DP Michael",
              "non_striker": "S Ravoka",
              "runs": {
                "batter": 1,
                "extras": 0,
                "total": 1
              },
              "wickets": [
                {
                  "player_out": "S Ravoka",
                  "fielders": [
                    {
                      "name": "DP Michael"
                    }
                  ],
                  "kind": "run out"
                }
              ]
            },
            {
              "batter": "KSB Tavo",
              "bowler": "DP Michael",
              "non_striker": "V Yabaki",
              "runs": {
                "batter": 0,
                "extras": 0,
                "total": 0
              }
            },
            {
              "batter": "KSB Tavo",
              "bowler": "DP Michael",
              "extras": {
                "wides": 5
              },
              "non_striker": "V Yabaki",
              "runs": {
                "batter": 0,
                "extras": 5,
                "total": 5
              }
            },
            {
              "batter": "KSB Tavo",
              "bowler": "DP Michael",
              "non_striker": "V Yabaki",
              "runs": {
                "batter": 1,
                "extras": 0,
                "total": 1
              }
            },
            {
              "batter": "V Yabaki",
              "bowler": "DP Michael",
              "extras": {
                "legbyes": 2
              },
              "non_striker": "KSB Tavo",
              "runs": {
                "batter": 0,
                "extras": 2,
                "total": 2
              }
            },
            {
              "batter": "V Yabaki",
              "bowler": "DP Michael",
              "non_striker": "KSB Tavo",
              "runs": {
                "batter": 2,
                "extras": 0,
                "total": 2
              }
            }
          ]
        },
        {
          "over": 18,
          "deliveries": [
            {
              "batter": "KSB Tavo",
              "bowler": "AJ Michael",
              "non_striker": "V Yabaki",
              "runs": {
                "batter": 4,
                "extras": 0,
                "total": 4
              }
            },
            {
              "batter": "KSB Tavo",
              "bowler": "AJ Michael",
              "non_striker": "V Yabaki",
              "runs": {
                "batter": 4,
                "extras": 0,
                "total": 4
              }
            },
            {
              "batter": "KSB Tavo",
              "bowler": "AJ Michael",
              "non_striker": "V Yabaki",
              "runs": {
                "batter": 0,
                "extras": 0,
                "total": 0
              }
            },
            {
              "batter": "KSB Tavo",
              "bowler": "AJ Michael",
              "non_striker": "V Yabaki",
              "runs": {
                "batter": 1,
                "extras": 0,
                "total": 1
              }
            },
            {
              "batter": "V Yabaki",
              "bowler": "AJ Michael",
              "non_striker": "KSB Tavo",
              "runs": {
                "batter": 1,
                "extras": 0,
                "total": 1
              }
            },
            {
              "batter": "KSB Tavo",
              "bowler": "AJ Michael",
              "non_striker": "V Yabaki",
              "runs": {
                "batter": 2,
                "extras": 0,
                "total": 2
              }
            }
          ]
        },
        {
          "over": 19,
          "deliveries": [
            {
              "batter": "V Yabaki",
              "bowler": "SM Solia",
              "non_striker": "KSB Tavo",
              "runs": {
                "batter": 1,
                "extras": 0,
                "total": 1
              }
            },
            {
              "batter": "KSB Tavo",
              "bowler": "SM Solia",
              "non_striker": "V Yabaki",
              "runs": {
                "batter": 0,
                "extras": 0,
                "total": 0
              },
              "wickets": [
                {
                  "player_out": "KSB Tavo",
                  "fielders": [
                    {
                      "name": "DP Michael"
                    }
                  ],
                  "kind": "caught"
                }
              ]
            },
            {
              "batter": "V Yabaki",
              "bowler": "SM Solia",
              "non_striker": "T Tavo",
              "runs": {
                "batter": 1,
                "extras": 0,
                "total": 1
              }
            },
            {
              "batter": "T Tavo",
              "bowler": "SM Solia",
              "non_striker": "V Yabaki",
              "runs": {
                "batter": 1,
                "extras": 0,
                "total": 1
              }
            },
            {
              "batter": "V Yabaki",
              "bowler": "SM Solia",
              "non_striker": "T Tavo",
              "runs": {
                "batter": 1,
                "extras": 0,
                "total": 1
              }
            },
            {
              "batter": "T Tavo",
              "bowler": "SM Solia",
              "extras": {
                "noballs": 1
              },
              "non_striker": "V Yabaki",
              "runs": {
                "batter": 1,
                "extras": 1,
                "total": 2
              }
            },
            {
              "batter": "V Yabaki",
              "bowler": "SM Solia",
              "extras": {
                "byes": 1
              },
              "non_striker": "T Tavo",
              "runs": {
                "batter": 0,
                "extras": 1,
                "total": 1
              }
            }
          ]
        }
      ],
      "powerplays": [
        {
          "from": 0.1,
          "to": 5.7,
          "type": "mandatory"
        }
      ]
    },
    {
      "team": "Samoa",
      "overs": [
        {
          "over": 0,
          "deliveries": [
            {
              "batter": "DP Michael",
              "bowler": "T Tavo",
              "extras": {
                "wides": 1
              },
              "non_striker": "SM Solia",
              "runs": {
                "batter": 0,
                "extras": 1,
                "total": 1
              }
            },
            {
              "batter": "DP Michael",
              "bowler": "T Tavo",
              "non_striker": "SM Solia",
              "runs": {
                "batter": 0,
                "extras": 0,
                "total": 0
              }
            },
            {
              "batter": "DP Michael",
              "bowler": "T Tavo",
              "non_striker": "SM Solia",
              "runs": {
                "batter": 0,
                "extras": 0,
                "total": 0
              },
              "wickets": [
                {
                  "player_out": "DP Michael",
                  "kind": "bowled"
                }
              ]
            },
            {
              "batter": "BF Mailata",
              "bowler": "T Tavo",
              "non_striker": "SM Solia",
              "runs": {
                "batter": 1,
                "extras": 0,
                "total": 1
              }
            },
            {
              "batter": "SM Solia",
              "bowler": "T Tavo",
              "non_striker": "BF Mailata",
              "runs": {
                "batter": 0,
                "extras": 0,
                "total": 0
              }
            },
            {
              "batter": "SM Solia",
              "bowler": "T Tavo",
              "non_striker": "BF Mailata",
              "runs": {
                "batter": 0,
                "extras": 0,
                "total": 0
              }
            },
            {
              "batter": "SM Solia",
              "bowler": "T Tavo",
              "non_striker": "BF Mailata",
              "runs": {
                "batter": 1,
                "extras": 0,
                "total": 1
              }
            }
          ]
        },
        {
          "over": 1,
          "deliveries": [
            {
              "batter": "SM Solia",
              "bowler": "KSB Tavo",
              "extras": {
                "wides": 1
              },
              "non_striker": "BF Mailata",
              "runs": {
                "batter": 0,
                "extras": 1,
                "total": 1
              }
            },
            {
              "batter": "SM Solia",
              "bowler": "KSB Tavo",
              "non_striker": "BF Mailata",
              "runs": {
                "batter": 0,
                "extras": 0,
                "total": 0
              }
            },
            {
              "batter": "SM Solia",
              "bowler": "KSB Tavo",
              "non_striker": "BF Mailata",
              "runs": {
                "batter": 1,
                "extras": 0,
                "total": 1
              }
            },
            {
              "batter": "BF Mailata",
              "bowler": "KSB Tavo",
              "non_striker": "SM Solia",
              "runs": {
                "batter": 1,
                "extras": 0,
                "total": 1
              }
            },
            {
              "batter": "SM Solia",
              "bowler": "KSB Tavo",
              "non_striker": "BF Mailata",
              "runs": {
                "batter": 4,
                "extras": 0,
                "total": 4
              }
            },
            {
              "batter": "SM Solia",
              "bowler": "KSB Tavo",
              "non_striker": "BF Mailata",
              "runs": {
                "batter": 0,
                "extras": 0,
                "total": 0
              }
            },
            {
              "batter": "SM Solia",
              "bowler": "KSB Tavo",
              "non_striker": "BF Mailata",
              "runs": {
                "batter": 2,
                "extras": 0,
                "total": 2
              }
            }
          ]
        },
        {
          "over": 2,
          "deliveries": [
            {
              "batter": "BF Mailata",
              "bowler": "T Tavo",
              "non_striker": "SM Solia",
              "runs": {
                "batter": 0,
                "extras": 0,
                "total": 0
              },
              "wickets": [
                {
                  "player_out": "BF Mailata",
                  "fielders": [
                    {
                      "name": "Riyad Khan"
                    }
                  ],
                  "kind": "caught"
                }
              ]
            },
            {
              "batter": "AJ Michael",
              "bowler": "T Tavo",
              "non_striker": "SM Solia",
              "runs": {
                "batter": 4,
                "extras": 0,
                "total": 4
              }
            },
            {
              "batter": "AJ Michael",
              "bowler": "T Tavo",
              "extras": {
                "wides": 1
              },
              "non_striker": "SM Solia",
              "runs": {
                "batter": 0,
                "extras": 1,
                "total": 1
              }
            },
            {
              "batter": "AJ Michael",
              "bowler": "T Tavo",
              "non_striker": "SM Solia",
              "runs": {
                "batter": 0,
                "extras": 0,
                "total": 0
              }
            },
            {
              "batter": "AJ Michael",
              "bowler": "T Tavo",
              "non_striker": "SM Solia",
              "runs": {
                "batter": 1,
                "extras": 0,
                "total": 1
              }
            },
            {
              "batter": "SM Solia",
              "bowler": "T Tavo",
              "non_striker": "AJ Michael",
              "runs": {
                "batter": 0,
                "extras": 0,
                "total": 0
              }
            },
            {
              "batter": "SM Solia",
              "bowler": "T Tavo",
              "non_striker": "AJ Michael",
              "runs": {
                "batter": 2,
                "extras": 0,
                "total": 2
              }
            }
          ]
        },
        {
          "over": 3,
          "deliveries": [
            {
              "batter": "AJ Michael",
              "bowler": "KSB Tavo",
              "non_striker": "SM Solia",
              "runs": {
                "batter": 0,
                "extras": 0,
                "total": 0
              }
            },
            {
              "batter": "AJ Michael",
              "bowler": "KSB Tavo",
              "non_striker": "SM Solia",
              "runs": {
                "batter": 0,
                "extras": 0,
                "total": 0
              }
            },
            {
              "batter": "AJ Michael",
              "bowler": "KSB Tavo",
              "non_striker": "SM Solia",
              "runs": {
                "batter": 0,
                "extras": 0,
                "total": 0
              }
            },
            {
              "batter": "AJ Michael",
              "bowler": "KSB Tavo",
              "non_striker": "SM Solia",
              "runs": {
                "batter": 0,
                "extras": 0,
                "total": 0
              }
            },
            {
              "batter": "AJ Michael",
              "bowler": "KSB Tavo",
              "non_striker": "SM Solia",
              "runs": {
                "batter": 2,
                "extras": 0,
                "total": 2
              },
              "wickets": [
                {
                  "player_out": "SM Solia",
                  "fielders": [
                    {
                      "name": "KSB Tavo"
                    }
                  ],
                  "kind": "run out"
                }
              ]
            },
            {
              "batter": "N Vaasili",
              "bowler": "KSB Tavo",
              "non_striker": "AJ Michael",
              "runs": {
                "batter": 0,
                "extras": 0,
                "total": 0
              }
            }
          ]
        },
        {
          "over": 4,
          "deliveries": [
            {
              "batter": "AJ Michael",
              "bowler": "T Tavo",
              "non_striker": "N Vaasili",
              "runs": {
                "batter": 2,
                "extras": 0,
                "total": 2
              }
            },
            {
              "batter": "AJ Michael",
              "bowler": "T Tavo",
              "non_striker": "N Vaasili",
              "runs": {
                "batter": 0,
                "extras": 0,
                "total": 0
              }
            },
            {
              "batter": "AJ Michael",
              "bowler": "T Tavo",
              "non_striker": "N Vaasili",
              "runs": {
                "batter": 4,
                "extras": 0,
                "total": 4
              }
            },
            {
              "batter": "AJ Michael",
              "bowler": "T Tavo",
              "non_striker": "N Vaasili",
              "runs": {
                "batter": 2,
                "extras": 0,
                "total": 2
              }
            },
            {
              "batter": "AJ Michael",
              "bowler": "T Tavo",
              "non_striker": "N Vaasili",
              "runs": {
                "batter": 0,
                "extras": 0,
                "total": 0
              }
            },
            {
              "batter": "AJ Michael",
              "bowler": "T Tavo",
              "non_striker": "N Vaasili",
              "runs": {
                "batter": 0,
                "extras": 0,
                "total": 0
              }
            }
          ]
        },
        {
          "over": 5,
          "deliveries": [
            {
              "batter": "N Vaasili",
              "bowler": "KSB Tavo",
              "non_striker": "AJ Michael",
              "runs": {
                "batter": 0,
                "extras": 0,
                "total": 0
              }
            },
            {
              "batter": "N Vaasili",
              "bowler": "KSB Tavo",
              "non_striker": "AJ Michael",
              "runs": {
                "batter": 1,
                "extras": 0,
                "total": 1
              }
            },
            {
              "batter": "AJ Michael",
              "bowler": "KSB Tavo",
              "non_striker": "N Vaasili",
              "runs": {
                "batter": 0,
                "extras": 0,
                "total": 0
              }
            },
            {
              "batter": "AJ Michael",
              "bowler": "KSB Tavo",
              "non_striker": "N Vaasili",
              "runs": {
                "batter": 1,
                "extras": 0,
                "total": 1
              }
            },
            {
              "batter": "N Vaasili",
              "bowler": "KSB Tavo",
              "non_striker": "AJ Michael",
              "runs": {
                "batter": 0,
                "extras": 0,
                "total": 0
              }
            },
            {
              "batter": "N Vaasili",
              "bowler": "KSB Tavo",
              "non_striker": "AJ Michael",
              "runs": {
                "batter": 2,
                "extras": 0,
                "total": 2
              }
            }
          ]
        },
        {
          "over": 6,
          "deliveries": [
            {
              "batter": "AJ Michael",
              "bowler": "V Yabaki",
              "non_striker": "N Vaasili",
              "runs": {
                "batter": 0,
                "extras": 0,
                "total": 0
              }
            },
            {
              "batter": "AJ Michael",
              "bowler": "V Yabaki",
              "non_striker": "N Vaasili",
              "runs": {
                "batter": 0,
                "extras": 0,
                "total": 0
              }
            },
            {
              "batter": "AJ Michael",
              "bowler": "V Yabaki",
              "non_striker": "N Vaasili",
              "runs": {
                "batter": 1,
                "extras": 0,
                "total": 1
              }
            },
            {
              "batter": "N Vaasili",
              "bowler": "V Yabaki",
              "non_striker": "AJ Michael",
              "runs": {
                "batter": 1,
                "extras": 0,
                "total": 1
              }
            },
            {
              "batter": "AJ Michael",
              "bowler": "V Yabaki",
              "non_striker": "N Vaasili",
              "runs": {
                "batter": 1,
                "extras": 0,
                "total": 1
              }
            },
            {
              "batter": "N Vaasili",
              "bowler": "V Yabaki",
              "non_striker": "AJ Michael",
              "runs": {
                "batter": 0,
                "extras": 0,
                "total": 0
              }
            }
          ]
        },
        {
          "over": 7,
          "deliveries": [
            {
              "batter": "AJ Michael",
              "bowler": "Riyad Khan",
              "extras": {
                "wides": 1
              },
              "non_striker": "N Vaasili",
              "runs": {
                "batter": 0,
                "extras": 1,
                "total": 1
              }
            },
            {
              "batter": "AJ Michael",
              "bowler": "Riyad Khan",
              "non_striker": "N Vaasili",
              "runs": {
                "batter": 1,
                "extras": 0,
                "total": 1
              }
            },
            {
              "batter": "N Vaasili",
              "bowler": "Riyad Khan",
              "non_striker": "AJ Michael",
              "runs": {
                "batter": 0,
                "extras": 0,
                "total": 0
              }
            },
            {
              "batter": "N Vaasili",
              "bowler": "Riyad Khan",
              "non_striker": "AJ Michael",
              "runs": {
                "batter": 1,
                "extras": 0,
                "total": 1
              }
            },
            {
              "batter": "AJ Michael",
              "bowler": "Riyad Khan",
              "non_striker": "N Vaasili",
              "runs": {
                "batter": 2,
                "extras": 0,
                "total": 2
              }
            },
            {
              "batter": "AJ Michael",
              "bowler": "Riyad Khan",
              "non_striker": "N Vaasili",
              "runs": {
                "batter": 1,
                "extras": 0,
                "total": 1
              }
            },
            {
              "batter": "N Vaasili",
              "bowler": "Riyad Khan",
              "non_striker": "AJ Michael",
              "runs": {
                "batter": 1,
                "extras": 0,
                "total": 1
              }
            }
          ]
        },
        {
          "over": 8,
          "deliveries": [
            {
              "batter": "N Vaasili",
              "bowler": "V Yabaki",
              "non_striker": "AJ Michael",
              "runs": {
                "batter": 1,
                "extras": 0,
                "total": 1
              }
            },
            {
              "batter": "AJ Michael",
              "bowler": "V Yabaki",
              "non_striker": "N Vaasili",
              "runs": {
                "batter": 0,
                "extras": 0,
                "total": 0
              }
            },
            {
              "batter": "AJ Michael",
              "bowler": "V Yabaki",
              "non_striker": "N Vaasili",
              "runs": {
                "batter": 0,
                "extras": 0,
                "total": 0
              }
            },
            {
              "batter": "AJ Michael",
              "bowler": "V Yabaki",
              "non_striker": "N Vaasili",
              "runs": {
                "batter": 1,
                "extras": 0,
                "total": 1
              }
            },
            {
              "batter": "N Vaasili",
              "bowler": "V Yabaki",
              "non_striker": "AJ Michael",
              "runs": {
                "batter": 0,
                "extras": 0,
                "total": 0
              },
              "wickets": [
                {
                  "player_out": "N Vaasili",
                  "fielders": [
                    {
                      "name": "J Veikauyaki"
                    }
                  ],
                  "kind": "stumped"
                }
              ]
            },
            {
              "batter": "DE Burgess",
              "bowler": "V Yabaki",
              "non_striker": "AJ Michael",
              "runs": {
                "batter": 0,
                "extras": 0,
                "total": 0
              }
            }
          ]
        },
        {
          "over": 9,
          "deliveries": [
            {
              "batter": "AJ Michael",
              "bowler": "Riyad Khan",
              "non_striker": "DE Burgess",
              "runs": {
                "batter": 1,
                "extras": 0,
                "total": 1
              }
            },
            {
              "batter": "DE Burgess",
              "bowler": "Riyad Khan",
              "non_striker": "AJ Michael",
              "runs": {
                "batter": 1,
                "extras": 0,
                "total": 1
              }
            },
            {
              "batter": "AJ Michael",
              "bowler": "Riyad Khan",
              "non_striker": "DE Burgess",
              "runs": {
                "batter": 0,
                "extras": 0,
                "total": 0
              }
            },
            {
              "batter": "AJ Michael",
              "bowler": "Riyad Khan",
              "non_striker": "DE Burgess",
              "runs": {
                "batter": 0,
                "extras": 0,
                "total": 0
              }
            },
            {
              "batter": "AJ Michael",
              "bowler": "Riyad Khan",
              "non_striker": "DE Burgess",
              "runs": {
                "batter": 0,
                "extras": 0,
                "total": 0
              }
            },
            {
              "batter": "AJ Michael",
              "bowler": "Riyad Khan",
              "non_striker": "DE Burgess",
              "runs": {
                "batter": 1,
                "extras": 0,
                "total": 1
              }
            }
          ]
        },
        {
          "over": 10,
          "deliveries": [
            {
              "batter": "AJ Michael",
              "bowler": "V Yabaki",
              "non_striker": "DE Burgess",
              "runs": {
                "batter": 1,
                "extras": 0,
                "total": 1
              }
            },
            {
              "batter": "DE Burgess",
              "bowler": "V Yabaki",
              "non_striker": "AJ Michael",
              "runs": {
                "batter": 0,
                "extras": 0,
                "total": 0
              }
            },
            {
              "batter": "DE Burgess",
              "bowler": "V Yabaki",
              "non_striker": "AJ Michael",
              "runs": {
                "batter": 0,
                "extras": 0,
                "total": 0
              }
            },
            {
              "batter": "DE Burgess",
              "bowler": "V Yabaki",
              "non_striker": "AJ Michael",
              "runs": {
                "batter": 0,
                "extras": 0,
                "total": 0
              }
            },
            {
              "batter": "DE Burgess",
              "bowler": "V Yabaki",
              "non_striker": "AJ Michael",
              "runs": {
                "batter": 4,
                "extras": 0,
                "total": 4
              }
            },
            {
              "batter": "DE Burgess",
              "bowler": "V Yabaki",
              "non_striker": "AJ Michael",
              "runs": {
                "batter": 0,
                "extras": 0,
                "total": 0
              }
            }
          ]
        },
        {
          "over": 11,
          "deliveries": [
            {
              "batter": "AJ Michael",
              "bowler": "Riyad Khan",
              "non_striker": "DE Burgess",
              "runs": {
                "batter": 1,
                "extras": 0,
                "total": 1
              }
            },
            {
              "batter": "DE Burgess",
              "bowler": "Riyad Khan",
              "extras": {
                "wides": 1
              },
              "non_striker": "AJ Michael",
              "runs": {
                "batter": 0,
                "extras": 1,
                "total": 1
              }
            },
            {
              "batter": "DE Burgess",
              "bowler": "Riyad Khan",
              "non_striker": "AJ Michael",
              "runs": {
                "batter": 1,
                "extras": 0,
                "total": 1
              }
            },
            {
              "batter": "AJ Michael",
              "bowler": "Riyad Khan",
              "non_striker": "DE Burgess",
              "runs": {
                "batter": 1,
                "extras": 0,
                "total": 1
              }
            },
            {
              "batter": "DE Burgess",
              "bowler": "Riyad Khan",
              "non_striker": "AJ Michael",
              "runs": {
                "batter": 1,
                "extras": 0,
                "total": 1
              }
            },
            {
              "batter": "AJ Michael",
              "bowler": "Riyad Khan",
              "non_striker": "DE Burgess",
              "runs": {
                "batter": 1,
                "extras": 0,
                "total": 1
              }
            },
            {
              "batter": "DE Burgess",
              "bowler": "Riyad Khan",
              "non_striker": "AJ Michael",
              "runs": {
                "batter": 1,
                "extras": 0,
                "total": 1
              }
            }
          ]
        },
        {
          "over": 12,
          "deliveries": [
            {
              "batter": "DE Burgess",
              "bowler": "V Yabaki",
              "non_striker": "AJ Michael",
              "runs": {
                "batter": 1,
                "extras": 0,
                "total": 1
              }
            },
            {
              "batter": "AJ Michael",
              "bowler": "V Yabaki",
              "non_striker": "DE Burgess",
              "runs": {
                "batter": 0,
                "extras": 0,
                "total": 0
              }
            },
            {
              "batter": "AJ Michael",
              "bowler": "V Yabaki",
              "non_striker": "DE Burgess",
              "runs": {
                "batter": 1,
                "extras": 0,
                "total": 1
              }
            },
            {
              "batter": "DE Burgess",
              "bowler": "V Yabaki",
              "non_striker": "AJ Michael",
              "runs": {
                "batter": 1,
                "extras": 0,
                "total": 1
              }
            },
            {
              "batter": "AJ Michael",
              "bowler": "V Yabaki",
              "non_striker": "DE Burgess",
              "runs": {
                "batter": 1,
                "extras": 0,
                "total": 1
              }
            },
            {
              "batter": "DE Burgess",
              "bowler": "V Yabaki",
              "non_striker": "AJ Michael",
              "runs": {
                "batter": 1,
                "extras": 0,
                "total": 1
              }
            }
          ]
        },
        {
          "over": 13,
          "deliveries": [
            {
              "batter": "DE Burgess",
              "bowler": "Riyad Khan",
              "non_striker": "AJ Michael",
              "runs": {
                "batter": 1,
                "extras": 0,
                "total": 1
              }
            },
            {
              "batter": "AJ Michael",
              "bowler": "Riyad Khan",
              "non_striker": "DE Burgess",
              "runs": {
                "batter": 0,
                "extras": 0,
                "total": 0
              }
            },
            {
              "batter": "AJ Michael",
              "bowler": "Riyad Khan",
              "non_striker": "DE Burgess",
              "runs": {
                "batter": 1,
                "extras": 0,
                "total": 1
              }
            },
            {
              "batter": "DE Burgess",
              "bowler": "Riyad Khan",
              "non_striker": "AJ Michael",
              "runs": {
                "batter": 1,
                "extras": 0,
                "total": 1
              }
            },
            {
              "batter": "AJ Michael",
              "bowler": "Riyad Khan",
              "non_striker": "DE Burgess",
              "runs": {
                "batter": 1,
                "extras": 0,
                "total": 1
              }
            },
            {
              "batter": "DE Burgess",
              "bowler": "Riyad Khan",
              "non_striker": "AJ Michael",
              "runs": {
                "batter": 1,
                "extras": 0,
                "total": 1
              }
            }
          ]
        },
        {
          "over": 14,
          "deliveries": [
            {
              "batter": "DE Burgess",
              "bowler": "J Kida",
              "non_striker": "AJ Michael",
              "runs": {
                "batter": 1,
                "extras": 0,
                "total": 1
              }
            },
            {
              "batter": "AJ Michael",
              "bowler": "J Kida",
              "non_striker": "DE Burgess",
              "runs": {
                "batter": 1,
                "extras": 0,
                "total": 1
              }
            },
            {
              "batter": "DE Burgess",
              "bowler": "J Kida",
              "non_striker": "AJ Michael",
              "runs": {
                "batter": 1,
                "extras": 0,
                "total": 1
              }
            },
            {
              "batter": "AJ Michael",
              "bowler": "J Kida",
              "non_striker": "DE Burgess",
              "runs": {
                "batter": 1,
                "extras": 0,
                "total": 1
              }
            },
            {
              "batter": "DE Burgess",
              "bowler": "J Kida",
              "non_striker": "AJ Michael",
              "runs": {
                "batter": 4,
                "extras": 0,
                "total": 4
              }
            },
            {
              "batter": "DE Burgess",
              "bowler": "J Kida",
              "non_striker": "AJ Michael",
              "runs": {
                "batter": 1,
                "extras": 0,
                "total": 1
              }
            }
          ]
        },
        {
          "over": 15,
          "deliveries": [
            {
              "batter": "DE Burgess",
              "bowler": "PV Vuniwaqa",
              "extras": {
                "wides": 1
              },
              "non_striker": "AJ Michael",
              "runs": {
                "batter": 0,
                "extras": 1,
                "total": 1
              }
            },
            {
              "batter": "DE Burgess",
              "bowler": "PV Vuniwaqa",
              "non_striker": "AJ Michael",
              "runs": {
                "batter": 1,
                "extras": 0,
                "total": 1
              }
            },
            {
              "batter": "AJ Michael",
              "bowler": "PV Vuniwaqa",
              "non_striker": "DE Burgess",
              "runs": {
                "batter": 1,
                "extras": 0,
                "total": 1
              }
            },
            {
              "batter": "DE Burgess",
              "bowler": "PV Vuniwaqa",
              "non_striker": "AJ Michael",
              "runs": {
                "batter": 1,
                "extras": 0,
                "total": 1
              }
            },
            {
              "batter": "AJ Michael",
              "bowler": "PV Vuniwaqa",
              "non_striker": "DE Burgess",
              "runs": {
                "batter": 1,
                "extras": 0,
                "total": 1
              }
            },
            {
              "batter": "DE Burgess",
              "bowler": "PV Vuniwaqa",
              "non_striker": "AJ Michael",
              "runs": {
                "batter": 4,
                "extras": 0,
                "total": 4
              }
            },
            {
              "batter": "DE Burgess",
              "bowler": "PV Vuniwaqa",
              "non_striker": "AJ Michael",
              "runs": {
                "batter": 4,
                "extras": 0,
                "total": 4
              }
            }
          ]
        },
        {
          "over": 16,
          "deliveries": [
            {
              "batter": "AJ Michael",
              "bowler": "J Kida",
              "non_striker": "DE Burgess",
              "runs": {
                "batter": 0,
                "extras": 0,
                "total": 0
              }
            },
            {
              "batter": "AJ Michael",
              "bowler": "J Kida",
              "non_striker": "DE Burgess",
              "runs": {
                "batter": 1,
                "extras": 0,
                "total": 1
              }
            },
            {
              "batter": "DE Burgess",
              "bowler": "J Kida",
              "non_striker": "AJ Michael",
              "runs": {
                "batter": 0,
                "extras": 0,
                "total": 0
              }
            },
            {
              "batter": "DE Burgess",
              "bowler": "J Kida",
              "non_striker": "AJ Michael",
              "runs": {
                "batter": 1,
                "extras": 0,
                "total": 1
              }
            },
            {
              "batter": "AJ Michael",
              "bowler": "J Kida",
              "non_striker": "DE Burgess",
              "runs": {
                "batter": 1,
                "extras": 0,
                "total": 1
              }
            },
            {
              "batter": "DE Burgess",
              "bowler": "J Kida",
              "non_striker": "AJ Michael",
              "runs": {
                "batter": 0,
                "extras": 0,
                "total": 0
              },
              "wickets": [
                {
                  "player_out": "DE Burgess",
                  "fielders": [
                    {
                      "name": "S Ravoka"
                    }
                  ],
                  "kind": "caught"
                }
              ]
            }
          ]
        },
        {
          "over": 17,
          "deliveries": [
            {
              "batter": "T Kaisala",
              "bowler": "T Tavo",
              "non_striker": "AJ Michael",
              "runs": {
                "batter": 1,
                "extras": 0,
                "total": 1
              }
            },
            {
              "batter": "AJ Michael",
              "bowler": "T Tavo",
              "non_striker": "T Kaisala",
              "runs": {
                "batter": 1,
                "extras": 0,
                "total": 1
              }
            },
            {
              "batter": "T Kaisala",
              "bowler": "T Tavo",
              "non_striker": "AJ Michael",
              "runs": {
                "batter": 1,
                "extras": 0,
                "total": 1
              }
            },
            {
              "batter": "AJ Michael",
              "bowler": "T Tavo",
              "non_striker": "T Kaisala",
              "runs": {
                "batter": 2,
                "extras": 0,
                "total": 2
              }
            },
            {
              "batter": "AJ Michael",
              "bowler": "T Tavo",
              "non_striker": "T Kaisala",
              "runs": {
                "batter": 2,
                "extras": 0,
                "total": 2
              }
            },
            {
              "batter": "AJ Michael",
              "bowler": "T Tavo",
              "non_striker": "T Kaisala",
              "runs": {
                "batter": 1,
                "extras": 0,
                "total": 1
              }
            }
          ]
        },
        {
          "over": 18,
          "deliveries": [
            {
              "batter": "AJ Michael",
              "bowler": "J Kida",
              "non_striker": "T Kaisala",
              "runs": {
                "batter": 1,
                "extras": 0,
                "total": 1
              }
            },
            {
              "batter": "T Kaisala",
              "bowler": "J Kida",
              "non_striker": "AJ Michael",
              "runs": {
                "batter": 2,
                "extras": 0,
                "total": 2
              }
            },
            {
              "batter": "T Kaisala",
              "bowler": "J Kida",
              "non_striker": "AJ Michael",
              "runs": {
                "batter": 0,
                "extras": 0,
                "total": 0
              }
            },
            {
              "batter": "T Kaisala",
              "bowler": "J Kida",
              "non_striker": "AJ Michael",
              "runs": {
                "batter": 1,
                "extras": 0,
                "total": 1
              }
            },
            {
              "batter": "AJ Michael",
              "bowler": "J Kida",
              "non_striker": "T Kaisala",
              "runs": {
                "batter": 1,
                "extras": 0,
                "total": 1
              }
            },
            {
              "batter": "T Kaisala",
              "bowler": "J Kida",
              "non_striker": "AJ Michael",
              "runs": {
                "batter": 4,
                "extras": 0,
                "total": 4
              }
            }
          ]
        },
        {
          "over": 19,
          "deliveries": [
            {
              "batter": "AJ Michael",
              "bowler": "KSB Tavo",
              "non_striker": "T Kaisala",
              "runs": {
                "batter": 1,
                "extras": 0,
                "total": 1
              }
            },
            {
              "batter": "T Kaisala",
              "bowler": "KSB Tavo",
              "non_striker": "AJ Michael",
              "runs": {
                "batter": 6,
                "extras": 0,
                "total": 6
              }
            },
            {
              "batter": "T Kaisala",
              "bowler": "KSB Tavo",
              "non_striker": "AJ Michael",
              "runs": {
                "batter": 6,
                "extras": 0,
                "total": 6
              }
            },
            {
              "batter": "T Kaisala",
              "bowler": "KSB Tavo",
              "non_striker": "AJ Michael",
              "runs": {
                "batter": 0,
                "extras": 0,
                "total": 0
              },
              "wickets": [
                {
                  "player_out": "T Kaisala",
                  "fielders": [
                    {
                      "name": "SM Tupou"
                    }
                  ],
                  "kind": "caught"
                }
              ]
            },
            {
              "batter": "AJ Michael",
              "bowler": "KSB Tavo",
              "non_striker": "F Sapatu",
              "runs": {
                "batter": 4,
                "extras": 0,
                "total": 4
              }
            },
            {
              "batter": "AJ Michael",
              "bowler": "KSB Tavo",
              "non_striker": "F Sapatu",
              "runs": {
                "batter": 0,
                "extras": 0,
                "total": 0
              },
              "wickets": [
                {
                  "player_out": "AJ Michael",
                  "fielders": [
                    {
                      "name": "MB Gauna"
                    }
                  ],
                  "kind": "caught"
                }
              ]
            }
          ]
        }
      ],
      "powerplays": [
        {
          "from": 0.1,
          "to": 5.6,
          "type": "mandatory"
        }
      ]
    }
  ]
}