{
  "meta": {
    "data_version": "1.0.0",
    "created": "2020-09-01",
    "revision": 2
  },
  "info": {
    "balls_per_over": 6,
    "city": "The Hague",
    "dates": [
      "2018-08-30"
    ],
    "event": {
      "name": "ICC World Twenty20 Europe Region Qualifier B",
      "match_number": 7
    },
    "gender": "male",
    "match_type": "IT20",
    "officials": {
      "umpires": [
        "Rafi Ahmed",
        "Surendiran Shanmugam"
      ]
    },
    "outcome": {
      "winner": "Italy",
      "by": {
        "runs": 56
      }
    },
    "overs": 20,
    "player_of_match": [
      "MGSM Fernando"
    ],
    "players": {
      "Italy": [
        "Rakibul Hasan",
        "BBJL Perera",
        "Manpreet Singh",
        "NA Maiolo",
        "Jaspreet Singh",
        "GRD Munasinghe",
        "GP Meade",
        "Anam Mollik",
        "MJ Ross",
        "Fida Hussain",
        "MGSM Fernando"
      ],
      "Finland": [
        "NG Collins",
        "PF Gallagher",
        "Shoaib Qureshi",
        "VS Padhaal",
        "R Pathak",
        "JOP Scamans",
        "A Pusthay",
        "Md Nurul Huda",
        "TK Saha",
        "H Dandapani",
        "MB Tambe"
      ]
    },
    "registry": {
      "people": {
        "A Pusthay": "0393fbdc",
        "Anam Mollik": "927a5ef5",
        "BBJL Perera": "c8c9d60b",
        "Fida Hussain": "0f85e75c",
        "GP Meade": "3957a70a",
        "GRD Munasinghe": "eff8b730",
        "H Dandapani": "9960a421",
        "JOP Scamans": "4e56e796",
        "Jaspreet Singh": "d76ab352",
        "MB Tambe": "1c1bb0d5",
        "MGSM Fernando": "658c2e71",
        "MJ Ross": "d1c7dd6d",
        "Manpreet Singh": "e9d6a2ce",
        "Md Nurul Huda": "71afd6ad",
        "NA Maiolo": "362fde0f",
        "NG Collins": "be3bdc15",
        "PF Gallagher": "8e9d3dc4",
        "R Pathak": "025f79d1",
        "Rafi Ahmed": "9afa88b7",
        "Rakibul Hasan": "b75b7b09",
        "Shoaib Qureshi": "bc791e2d",
        "Surendiran Shanmugam": "2ef5fc2b",
        "TK Saha": "35b84618",
        "VS Padhaal": "c4fb0b39"
      }
    },
    "season": "2018",
    "team_type": "international",
    "teams": [
      "Italy",
      "Finland"
    ],
    "toss": {
      "decision": "bat",
      "winner": "Italy"
    },
    "venue": "Sportpark Westvliet"
  },
  "innings": [
    {
      "team": "Italy",
      "overs": [
        {
          "over": 0,
          "deliveries": [
            {
              "batter": "Rakibul Hasan",
              "bowler": "Md Nurul Huda",
              "non_striker": "BBJL Perera",
              "runs": {
                "batter": 1,
                "extras": 0,
                "total": 1
              }
            },
            {
              "batter": "BBJL Perera",
              "bowler": "Md Nurul Huda",
              "non_striker": "Rakibul Hasan",
              "runs": {
                "batter": 0,
                "extras": 0,
                "total": 0
              }
            },
            {
              "batter": "BBJL Perera",
              "bowler": "Md Nurul Huda",
              "non_striker": "Rakibul Hasan",
              "runs": {
                "batter": 1,
                "extras": 0,
                "total": 1
              }
            },
            {
              "batter": "Rakibul Hasan",
              "bowler": "Md Nurul Huda",
              "non_striker": "BBJL Perera",
              "runs": {
                "batter": 0,
                "extras": 0,
                "total": 0
              }
            },
            {
              "batter": "Rakibul Hasan",
              "bowler": "Md Nurul Huda",
              "non_striker": "BBJL Perera",
              "runs": {
                "batter": 1,
                "extras": 0,
                "total": 1
              }
            },
            {
              "batter": "BBJL Perera",
              "bowler": "Md Nurul Huda",
              "extras": {
                "legbyes": 1
              },
              "non_striker": "Rakibul Hasan",
              "runs": {
                "batter": 0,
                "extras": 1,
                "total": 1
              }
            }
          ]
        },
        {
          "over": 1,
          "deliveries": [
            {
              "batter": "BBJL Perera",
              "bowler": "TK Saha",
              "non_striker": "Rakibul Hasan",
              "runs": {
                "batter": 2,
                "extras": 0,
                "total": 2
              }
            },
            {
              "batter": "BBJL Perera",
              "bowler": "TK Saha",
              "non_striker": "Rakibul Hasan",
              "runs": {
                "batter": 0,
                "extras": 0,
                "total": 0
              }
            },
            {
              "batter": "BBJL Perera",
              "bowler": "TK Saha",
              "non_striker": "Rakibul Hasan",
              "runs": {
                "batter": 0,
                "extras": 0,
                "total": 0
              }
            },
            {
              "batter": "BBJL Perera",
              "bowler": "TK Saha",
              "non_striker": "Rakibul Hasan",
              "runs": {
                "batter": 1,
                "extras": 0,
                "total": 1
              }
            },
            {
              "batter": "Rakibul Hasan",
              "bowler": "TK Saha",
              "non_striker": "BBJL Perera",
              "runs": {
                "batter": 0,
                "extras": 0,
                "total": 0
              }
            },
            {
              "batter": "Rakibul Hasan",
              "bowler": "TK Saha",
              "non_striker": "BBJL Perera",
              "runs": {
                "batter": 0,
                "extras": 0,
                "total": 0
              }
            }
          ]
        },
        {
          "over": 2,
          "deliveries": [
            {
              "batter": "BBJL Perera",
              "bowler": "Md Nurul Huda",
              "non_striker": "Rakibul Hasan",
              "runs": {
                "batter": 1,
                "extras": 0,
                "total": 1
              }
            },
            {
              "batter": "Rakibul Hasan",
              "bowler": "Md Nurul Huda",
              "non_striker": "BBJL Perera",
              "runs": {
                "batter": 1,
                "extras": 0,
                "total": 1
              }
            },
            {
              "batter": "BBJL Perera",
              "bowler": "Md Nurul Huda",
              "non_striker": "Rakibul Hasan",
              "runs": {
                "batter": 0,
                "extras": 0,
                "total": 0
              }
            },
            {
              "batter": "BBJL Perera",
              "bowler": "Md Nurul Huda",
              "non_striker": "Rakibul Hasan",
              "runs": {
                "batter": 0,
                "extras": 0,
                "total": 0
              }
            },
            {
              "batter": "BBJL Perera",
              "bowler": "Md Nurul Huda",
              "non_striker": "Rakibul Hasan",
              "runs": {
                "batter": 0,
                "extras": 0,
                "total": 0
              }
            },
            {
              "batter": "BBJL Perera",
              "bowler": "Md Nurul Huda",
              "non_striker": "Rakibul Hasan",
              "runs": {
                "batter": 1,
                "extras": 0,
                "total": 1
              }
            }
          ]
        },
        {
          "over": 3,
          "deliveries": [
            {
              "batter": "BBJL Perera",
              "bowler": "TK Saha",
              "non_striker": "Rakibul Hasan",
              "runs": {
                "batter": 4,
                "extras": 0,
                "total": 4
              }
            },
            {
              "batter": "BBJL Perera",
              "bowler": "TK Saha",
              "non_striker": "Rakibul Hasan",
              "runs": {
                "batter": 0,
                "extras": 0,
                "total": 0
              }
            },
            {
              "batter": "BBJL Perera",
              "bowler": "TK Saha",
              "non_striker": "Rakibul Hasan",
              "runs": {
                "batter": 4,
                "extras": 0,
                "total": 4
              }
            },
            {
              "batter": "BBJL Perera",
              "bowler": "TK Saha",
              "non_striker": "Rakibul Hasan",
              "runs": {
                "batter": 0,
                "extras": 0,
                "total": 0
              }
            },
            {
              "batter": "BBJL Perera",
              "bowler": "TK Saha",
              "non_striker": "Rakibul Hasan",
              "runs": {
                "batter": 0,
                "extras": 0,
                "total": 0
              }
            },
            {
              "batter": "BBJL Perera",
              "bowler": "TK Saha",
              "non_striker": "Rakibul Hasan",
              "runs": {
                "batter": 4,
                "extras": 0,
                "total": 4
              }
            }
          ]
        },
        {
          "over": 4,
          "deliveries": [
            {
              "batter": "Rakibul Hasan",
              "bowler": "Md Nurul Huda",
              "non_striker": "BBJL Perera",
              "runs": {
                "batter": 1,
                "extras": 0,
                "total": 1
              }
            },
            {
              "batter": "BBJL Perera",
              "bowler": "Md Nurul Huda",
              "non_striker": "Rakibul Hasan",
              "runs": {
                "batter": 1,
                "extras": 0,
                "total": 1
              }
            },
            {
              "batter": "Rakibul Hasan",
              "bowler": "Md Nurul Huda",
              "non_striker": "BBJL Perera",
              "runs": {
                "batter": 1,
                "extras": 0,
                "total": 1
              }
            },
            {
              "batter": "BBJL Perera",
              "bowler": "Md Nurul Huda",
              "non_striker": "Rakibul Hasan",
              "runs": {
                "batter": 2,
                "extras": 0,
                "total": 2
              }
            },
            {
              "batter": "BBJL Perera",
              "bowler": "Md Nurul Huda",
              "non_striker": "Rakibul Hasan",
              "runs": {
                "batter": 0,
                "extras": 0,
                "total": 0
              }
            },
            {
              "batter": "BBJL Perera",
              "bowler": "Md Nurul Huda",
              "non_striker": "Rakibul Hasan",
              "runs": {
                "batter": 1,
                "extras": 0,
                "total": 1
              }
            }
          ]
        },
        {
          "over": 5,
          "deliveries": [
            {
              "batter": "BBJL Perera",
              "bowler": "MB Tambe",
              "non_striker": "Rakibul Hasan",
              "runs": {
                "batter": 1,
                "extras": 0,
                "total": 1
              }
            },
            {
              "batter": "Rakibul Hasan",
              "bowler": "MB Tambe",
              "non_striker": "BBJL Perera",
              "runs": {
                "batter": 0,
                "extras": 0,
                "total": 0
              }
            },
            {
              "batter": "Rakibul Hasan",
              "bowler": "MB Tambe",
              "non_striker": "BBJL Perera",
              "runs": {
                "batter": 1,
                "extras": 0,
                "total": 1
              }
            },
            {
              "batter": "BBJL Perera",
              "bowler": "MB Tambe",
              "non_striker": "Rakibul Hasan",
              "runs": {
                "batter": 0,
                "extras": 0,
                "total": 0
              }
            },
            {
              "batter": "BBJL Perera",
              "bowler": "MB Tambe",
              "non_striker": "Rakibul Hasan",
              "runs": {
                "batter": 1,
                "extras": 0,
                "total": 1
              }
            },
            {
              "batter": "Rakibul Hasan",
              "bowler": "MB Tambe",
              "non_striker": "BBJL Perera",
              "runs": {
                "batter": 2,
                "extras": 0,
                "total": 2
              }
            }
          ]
        },
        {
          "over": 6,
          "deliveries": [
            {
              "batter": "BBJL Perera",
              "bowler": "Shoaib Qureshi",
              "non_striker": "Rakibul Hasan",
              "runs": {
                "batter": 0,
                "extras": 0,
                "total": 0
              }
            },
            {
              "batter": "BBJL Perera",
              "bowler": "Shoaib Qureshi",
              "non_striker": "Rakibul Hasan",
              "runs": {
                "batter": 1,
                "extras": 0,
                "total": 1
              }
            },
            {
              "batter": "Rakibul Hasan",
              "bowler": "Shoaib Qureshi",
              "non_striker": "BBJL Perera",
              "runs": {
                "batter": 0,
                "extras": 0,
                "total": 0
              }
            },
            {
              "batter": "Rakibul Hasan",
              "bowler": "Shoaib Qureshi",
              "non_striker": "BBJL Perera",
              "runs": {
                "batter": 2,
                "extras": 0,
                "total": 2
              }
            },
            {
              "batter": "Rakibul Hasan",
              "bowler": "Shoaib Qureshi",
              "non_striker": "BBJL Perera",
              "runs": {
                "batter": 0,
                "extras": 0,
                "total": 0
              }
            },
            {
              "batter": "Rakibul Hasan",
              "bowler": "Shoaib Qureshi",
              "non_striker": "BBJL Perera",
              "runs": {
                "batter": 1,
                "extras": 0,
                "total": 1
              }
            }
          ]
        },
        {
          "over": 7,
          "deliveries": [
            {
              "batter": "Rakibul Hasan",
              "bowler": "MB Tambe",
              "non_striker": "BBJL Perera",
              "runs": {
                "batter": 0,
                "extras": 0,
                "total": 0
              }
            },
            {
              "batter": "Rakibul Hasan",
              "bowler": "MB Tambe",
              "non_striker": "BBJL Perera",
              "runs": {
                "batter": 1,
                "extras": 0,
                "total": 1
              }
            },
            {
              "batter": "BBJL Perera",
              "bowler": "MB Tambe",
              "non_striker": "Rakibul Hasan",
              "runs": {
                "batter": 1,
                "extras": 0,
                "total": 1
              }
            },
            {
              "batter": "Rakibul Hasan",
              "bowler": "MB Tambe",
              "non_striker": "BBJL Perera",
              "runs": {
                "batter": 1,
                "extras": 0,
                "total": 1
              },
              "wickets": [
                {
                  "player_out": "Rakibul Hasan",
                  "kind": "run out"
                }
              ]
            },
            {
              "batter": "Manpreet Singh",
              "bowler": "MB Tambe",
              "non_striker": "BBJL Perera",
              "runs": {
                "batter": 0,
                "extras": 0,
                "total": 0
              }
            },
            {
              "batter": "Manpreet Singh",
              "bowler": "MB Tambe",
              "non_striker": "BBJL Perera",
              "runs": {
                "batter": 0,
                "extras": 0,
                "total": 0
              }
            }
          ]
        },
        {
          "over": 8,
          "deliveries": [
            {
              "batter": "BBJL Perera",
              "bowler": "Shoaib Qureshi",
              "non_striker": "Manpreet Singh",
              "runs": {
                "batter": 2,
                "extras": 0,
                "total": 2
              }
            },
            {
              "batter": "BBJL Perera",
              "bowler": "Shoaib Qureshi",
              "non_striker": "Manpreet Singh",
              "runs": {
                "batter": 1,
                "extras": 0,
                "total": 1
              }
            },
            {
              "batter": "Manpreet Singh",
              "bowler": "Shoaib Qureshi",
              "non_striker": "BBJL Perera",
              "runs": {
                "batter": 1,
                "extras": 0,
                "total": 1
              }
            },
            {
              "batter": "BBJL Perera",
              "bowler": "Shoaib Qureshi",
              "non_striker": "Manpreet Singh",
              "runs": {
                "batter": 1,
                "extras": 0,
                "total": 1
              }
            },
            {
              "batter": "Manpreet Singh",
              "bowler": "Shoaib Qureshi",
              "non_striker": "BBJL Perera",
              "runs": {
                "batter": 2,
                "extras": 0,
                "total": 2
              }
            },
            {
              "batter": "Manpreet Singh",
              "bowler": "Shoaib Qureshi",
              "non_striker": "BBJL Perera",
              "runs": {
                "batter": 1,
                "extras": 0,
                "total": 1
              }
            }
          ]
        },
        {
          "over": 9,
          "deliveries": [
            {
              "batter": "Manpreet Singh",
              "bowler": "MB Tambe",
              "non_striker": "BBJL Perera",
              "runs": {
                "batter": 1,
                "extras": 0,
                "total": 1
              }
            },
            {
              "batter": "BBJL Perera",
              "bowler": "MB Tambe",
              "non_striker": "Manpreet Singh",
              "runs": {
                "batter": 2,
                "extras": 0,
                "total": 2
              }
            },
            {
              "batter": "BBJL Perera",
              "bowler": "MB Tambe",
              "non_striker": "Manpreet Singh",
              "runs": {
                "batter": 1,
                "extras": 0,
                "total": 1
              }
            },
            {
              "batter": "Manpreet Singh",
              "bowler": "MB Tambe",
              "non_striker": "BBJL Perera",
              "runs": {
                "batter": 1,
                "extras": 0,
                "total": 1
              }
            },
            {
              "batter": "BBJL Perera",
              "bowler": "MB Tambe",
              "non_striker": "Manpreet Singh",
              "runs": {
                "batter": 1,
                "extras": 0,
                "total": 1
              }
            },
            {
              "batter": "Manpreet Singh",
              "bowler": "MB Tambe",
              "extras": {
                "wides": 1
              },
              "non_striker": "BBJL Perera",
              "runs": {
                "batter": 0,
                "extras": 1,
                "total": 1
              }
            },
            {
              "batter": "Manpreet Singh",
              "bowler": "MB Tambe",
              "non_striker": "BBJL Perera",
              "runs": {
                "batter": 1,
                "extras": 0,
                "total": 1
              },
              "wickets": [
                {
                  "player_out": "BBJL Perera",
                  "kind": "retired hurt"
                }
              ]
            }
          ]
        },
        {
          "over": 10,
          "deliveries": [
            {
              "batter": "Manpreet Singh",
              "bowler": "H Dandapani",
              "non_striker": "NA Maiolo",
              "runs": {
                "batter": 1,
                "extras": 0,
                "total": 1
              }
            },
            {
              "batter": "NA Maiolo",
              "bowler": "H Dandapani",
              "non_striker": "Manpreet Singh",
              "runs": {
                "batter": 1,
                "extras": 0,
                "total": 1
              }
            },
            {
              "batter": "Manpreet Singh",
              "bowler": "H Dandapani",
              "non_striker": "NA Maiolo",
              "runs": {
                "batter": 0,
                "extras": 0,
                "total": 0
              }
            },
            {
              "batter": "Manpreet Singh",
              "bowler": "H Dandapani",
              "non_striker": "NA Maiolo",
              "runs": {
                "batter": 0,
                "extras": 0,
                "total": 0
              }
            },
            {
              "batter": "Manpreet Singh",
              "bowler": "H Dandapani",
              "non_striker": "NA Maiolo",
              "runs": {
                "batter": 1,
                "extras": 0,
                "total": 1
              }
            },
            {
              "batter": "NA Maiolo",
              "bowler": "H Dandapani",
              "non_striker": "Manpreet Singh",
              "runs": {
                "batter": 3,
                "extras": 0,
                "total": 3
              }
            }
          ]
        },
        {
          "over": 11,
          "deliveries": [
            {
              "batter": "NA Maiolo",
              "bowler": "A Pusthay",
              "non_striker": "Manpreet Singh",
              "runs": {
                "batter": 1,
                "extras": 0,
                "total": 1
              }
            },
            {
              "batter": "Manpreet Singh",
              "bowler": "A Pusthay",
              "non_striker": "NA Maiolo",
              "runs": {
                "batter": 1,
                "extras": 0,
                "total": 1
              }
            },
            {
              "batter": "NA Maiolo",
              "bowler": "A Pusthay",
              "non_striker": "Manpreet Singh",
              "runs": {
                "batter": 0,
                "extras": 0,
                "total": 0
              }
            },
            {
              "batter": "NA Maiolo",
              "bowler": "A Pusthay",
              "non_striker": "Manpreet Singh",
              "runs": {
                "batter": 2,
                "extras": 0,
                "total": 2
              }
            },
            {
              "batter": "NA Maiolo",
              "bowler": "A Pusthay",
              "non_striker": "Manpreet Singh",
              "runs": {
                "batter": 0,
                "extras": 0,
                "total": 0
              }
            },
            {
              "batter": "NA Maiolo",
              "bowler": "A Pusthay",
              "non_striker": "Manpreet Singh",
              "runs": {
                "batter": 0,
                "extras": 0,
                "total": 0
              }
            }
          ]
        },
        {
          "over": 12,
          "deliveries": [
            {
              "batter": "Manpreet Singh",
              "bowler": "H Dandapani",
              "non_striker": "NA Maiolo",
              "runs": {
                "batter": 1,
                "extras": 0,
                "total": 1
              }
            },
            {
              "batter": "NA Maiolo",
              "bowler": "H Dandapani",
              "extras": {
                "wides": 1
              },
              "non_striker": "Manpreet Singh",
              "runs": {
                "batter": 0,
                "extras": 1,
                "total": 1
              }
            },
            {
              "batter": "NA Maiolo",
              "bowler": "H Dandapani",
              "non_striker": "Manpreet Singh",
              "runs": {
                "batter": 0,
                "extras": 0,
                "total": 0
              }
            },
            {
              "batter": "NA Maiolo",
              "bowler": "H Dandapani",
              "non_striker": "Manpreet Singh",
              "runs": {
                "batter": 1,
                "extras": 0,
                "total": 1
              }
            },
            {
              "batter": "Manpreet Singh",
              "bowler": "H Dandapani",
              "non_striker": "NA Maiolo",
              "runs": {
                "batter": 1,
                "extras": 0,
                "total": 1
              }
            },
            {
              "batter": "NA Maiolo",
              "bowler": "H Dandapani",
              "non_striker": "Manpreet Singh",
              "runs": {
                "batter": 0,
                "extras": 0,
                "total": 0
              }
            },
            {
              "batter": "NA Maiolo",
              "bowler": "H Dandapani",
              "extras": {
                "wides": 1
              },
              "non_striker": "Manpreet Singh",
              "runs": {
                "batter": 0,
                "extras": 1,
                "total": 1
              }
            },
            {
              "batter": "NA Maiolo",
              "bowler": "H Dandapani",
              "non_striker": "Manpreet Singh",
              "runs": {
                "batter": 1,
                "extras": 0,
                "total": 1
              }
            }
          ]
        },
        {
          "over": 13,
          "deliveries": [
            {
              "batter": "NA Maiolo",
              "bowler": "A Pusthay",
              "non_striker": "Manpreet Singh",
              "runs": {
                "batter": 1,
                "extras": 0,
                "total": 1
              }
            },
            {
              "batter": "Manpreet Singh",
              "bowler": "A Pusthay",
              "non_striker": "NA Maiolo",
              "runs": {
                "batter": 2,
                "extras": 0,
                "total": 2
              }
            },
            {
              "batter": "Manpreet Singh",
              "bowler": "A Pusthay",
              "non_striker": "NA Maiolo",
              "runs": {
                "batter": 1,
                "extras": 0,
                "total": 1
              }
            },
            {
              "batter": "NA Maiolo",
              "bowler": "A Pusthay",
              "non_striker": "Manpreet Singh",
              "runs": {
                "batter": 1,
                "extras": 0,
                "total": 1
              }
            },
            {
              "batter": "Manpreet Singh",
              "bowler": "A Pusthay",
              "non_striker": "NA Maiolo",
              "runs": {
                "batter": 2,
                "extras": 0,
                "total": 2
              }
            },
            {
              "batter": "Manpreet Singh",
              "bowler": "A Pusthay",
              "non_striker": "NA Maiolo",
              "runs": {
                "batter": 1,
                "extras": 0,
                "total": 1
              }
            }
          ]
        },
        {
          "over": 14,
          "deliveries": [
            {
              "batter": "Manpreet Singh",
              "bowler": "Md Nurul Huda",
              "non_striker": "NA Maiolo",
              "runs": {
                "batter": 4,
                "extras": 0,
                "total": 4
              }
            },
            {
              "batter": "Manpreet Singh",
              "bowler": "Md Nurul Huda",
              "non_striker": "NA Maiolo",
              "runs": {
                "batter": 1,
                "extras": 0,
                "total": 1
              }
            },
            {
              "batter": "NA Maiolo",
              "bowler": "Md Nurul Huda",
              "non_striker": "Manpreet Singh",
              "runs": {
                "batter": 1,
                "extras": 0,
                "total": 1
              }
            },
            {
              "batter": "Manpreet Singh",
              "bowler": "Md Nurul Huda",
              "extras": {
                "legbyes": 1
              },
              "non_striker": "NA Maiolo",
              "runs": {
                "batter": 0,
                "extras": 1,
                "total": 1
              }
            },
            {
              "batter": "NA Maiolo",
              "bowler": "Md Nurul Huda",
              "non_striker": "Manpreet Singh",
              "runs": {
                "batter": 1,
                "extras": 0,
                "total": 1
              }
            },
            {
              "batter": "Manpreet Singh",
              "bowler": "Md Nurul Huda",
              "non_striker": "NA Maiolo",
              "runs": {
                "batter": 1,
                "extras": 0,
                "total": 1
              }
            }
          ]
        },
        {
          "over": 15,
          "deliveries": [
            {
              "batter": "Manpreet Singh",
              "bowler": "A Pusthay",
              "non_striker": "NA Maiolo",
              "runs": {
                "batter": 1,
                "extras": 0,
                "total": 1
              }
            },
            {
              "batter": "NA Maiolo",
              "bowler": "A Pusthay",
              "non_striker": "Manpreet Singh",
              "runs": {
                "batter": 1,
                "extras": 0,
                "total": 1
              }
            },
            {
              "batter": "Manpreet Singh",
              "bowler": "A Pusthay",
              "non_striker": "NA Maiolo",
              "runs": {
                "batter": 6,
                "extras": 0,
                "total": 6
              }
            },
            {
              "batter": "Manpreet Singh",
              "bowler": "A Pusthay",
              "non_striker": "NA Maiolo",
              "runs": {
                "batter": 0,
                "extras": 0,
                "total": 0
              }
            },
            {
              "batter": "Manpreet Singh",
              "bowler": "A Pusthay",
              "non_striker": "NA Maiolo",
              "runs": {
                "batter": 2,
                "extras": 0,
                "total": 2
              }
            },
            {
              "batter": "Manpreet Singh",
              "bowler": "A Pusthay",
              "non_striker": "NA Maiolo",
              "runs": {
                "batter": 2,
                "extras": 0,
                "total": 2
              }
            }
          ]
        },
        {
          "over": 16,
          "deliveries": [
            {
              "batter": "NA Maiolo",
              "bowler": "H Dandapani",
              "extras": {
                "byes": 2
              },
              "non_striker": "Manpreet Singh",
              "runs": {
                "batter": 0,
                "extras": 2,
                "total": 2
              }
            },
            {
              "batter": "NA Maiolo",
              "bowler": "H Dandapani",
              "extras": {
                "byes": 2
              },
              "non_striker": "Manpreet Singh",
              "runs": {
                "batter": 0,
                "extras": 2,
                "total": 2
              }
            },
            {
              "batter": "NA Maiolo",
              "bowler": "H Dandapani",
              "non_striker": "Manpreet Singh",
              "runs": {
                "batter": 2,
                "extras": 0,
                "total": 2
              }
            },
            {
              "batter": "NA Maiolo",
              "bowler": "H Dandapani",
              "non_striker": "Manpreet Singh",
              "runs": {
                "batter": 3,
                "extras": 0,
                "total": 3
              }
            },
            {
              "batter": "Manpreet Singh",
              "bowler": "H Dandapani",
              "non_striker": "NA Maiolo",
              "runs": {
                "batter": 1,
                "extras": 0,
                "total": 1
              }
            },
            {
              "batter": "NA Maiolo",
              "bowler": "H Dandapani",
              "non_striker": "Manpreet Singh",
              "runs": {
                "batter": 2,
                "extras": 0,
                "total": 2
              }
            }
          ]
        },
        {
          "over": 17,
          "deliveries": [
            {
              "batter": "Manpreet Singh",
              "bowler": "MB Tambe",
              "non_striker": "NA Maiolo",
              "runs": {
                "batter": 6,
                "extras": 0,
                "total": 6
              }
            },
            {
              "batter": "Manpreet Singh",
              "bowler": "MB Tambe",
              "non_striker": "NA Maiolo",
              "runs": {
                "batter": 2,
                "extras": 0,
                "total": 2
              }
            },
            {
              "batter": "Manpreet Singh",
              "bowler": "MB Tambe",
              "non_striker": "NA Maiolo",
              "runs": {
                "batter": 1,
                "extras": 0,
                "total": 1
              }
            },
            {
              "batter": "NA Maiolo",
              "bowler": "MB Tambe",
              "extras": {
                "byes": 2
              },
              "non_striker": "Manpreet Singh",
              "runs": {
                "batter": 0,
                "extras": 2,
                "total": 2
              }
            },
            {
              "batter": "NA Maiolo",
              "bowler": "MB Tambe",
              "non_striker": "Manpreet Singh",
              "runs": {
                "batter": 1,
                "extras": 0,
                "total": 1
              }
            },
            {
              "batter": "Manpreet Singh",
              "bowler": "MB Tambe",
              "non_striker": "NA Maiolo",
              "runs": {
                "batter": 0,
                "extras": 0,
                "total": 0
              }
            }
          ]
        },
        {
          "over": 18,
          "deliveries": [
            {
              "batter": "NA Maiolo",
              "bowler": "Shoaib Qureshi",
              "non_striker": "Manpreet Singh",
              "runs": {
                "batter": 4,
                "extras": 0,
                "total": 4
              }
            },
            {
              "batter": "NA Maiolo",
              "bowler": "Shoaib Qureshi",
              "non_striker": "Manpreet Singh",
              "runs": {
                "batter": 1,
                "extras": 0,
                "total": 1
              }
            },
            {
              "batter": "Manpreet Singh",
              "bowler": "Shoaib Qureshi",
              "non_striker": "NA Maiolo",
              "runs": {
                "batter": 1,
                "extras": 0,
                "total": 1
              }
            },
            {
              "batter": "Manpreet Singh",
              "bowler": "Shoaib Qureshi",
              "non_striker": "NA Maiolo",
              "runs": {
                "batter": 2,
                "extras": 0,
                "total": 2
              }
            },
            {
              "batter": "Manpreet Singh",
              "bowler": "Shoaib Qureshi",
              "non_striker": "NA Maiolo",
              "runs": {
                "batter": 0,
                "extras": 0,
                "total": 0
              }
            },
            {
              "batter": "Manpreet Singh",
              "bowler": "Shoaib Qureshi",
              "non_striker": "NA Maiolo",
              "runs": {
                "batter": 2,
                "extras": 0,
                "total": 2
              }
            }
          ]
        },
        {
          "over": 19,
          "deliveries": [
            {
              "batter": "NA Maiolo",
              "bowler": "TK Saha",
              "non_striker": "Manpreet Singh",
              "runs": {
                "batter": 1,
                "extras": 0,
                "total": 1
              }
            },
            {
              "batter": "Manpreet Singh",
              "bowler": "TK Saha",
              "non_striker": "NA Maiolo",
              "runs": {
                "batter": 0,
                "extras": 0,
                "total": 0
              },
              "wickets": [
                {
                  "player_out": "Manpreet Singh",
                  "fielders": [
                    {
                      "name": "VS Padhaal"
                    }
                  ],
                  "kind": "caught"
                }
              ]
            },
            {
              "batter": "Jaspreet Singh",
              "bowler": "TK Saha",
              "non_striker": "NA Maiolo",
              "runs": {
                "batter": 6,
                "extras": 0,
                "total": 6
              }
            },
            {
              "batter": "Jaspreet Singh",
              "bowler": "TK Saha",
              "non_striker": "NA Maiolo",
              "runs": {
                "batter": 1,
                "extras": 0,
                "total": 1
              }
            },
            {
              "batter": "NA Maiolo",
              "bowler": "TK Saha",
              "non_striker": "Jaspreet Singh",
              "runs": {
                "batter": 2,
                "extras": 0,
                "total": 2
              }
            },
            {
              "batter": "NA Maiolo",
              "bowler": "TK Saha",
              "non_striker": "Jaspreet Singh",
              "runs": {
                "batter": 2,
                "extras": 0,
                "total": 2
              }
            }
          ]
        }
      ],
      "powerplays": [
        {
          "from": 0.1,
          "to": 5.6,
          "type": "mandatory"
        }
      ]
    },
    {
      "team": "Finland",
      "overs": [
        {
          "over": 0,
          "deliveries": [
            {
              "batter": "NG Collins",
              "bowler": "MGSM Fernando",
              "non_striker": "PF Gallagher",
              "runs": {
                "batter": 0,
                "extras": 0,
                "total": 0
              }
            },
            {
              "batter": "NG Collins",
              "bowler": "MGSM Fernando",
              "non_striker": "PF Gallagher",
              "runs": {
                "batter": 2,
                "extras": 0,
                "total": 2
              }
            },
            {
              "batter": "NG Collins",
              "bowler": "MGSM Fernando",
              "extras": {
                "wides": 1
              },
              "non_striker": "PF Gallagher",
              "runs": {
                "batter": 0,
                "extras": 1,
                "total": 1
              }
            },
            {
              "batter": "NG Collins",
              "bowler": "MGSM Fernando",
              "extras": {
                "wides": 1
              },
              "non_striker": "PF Gallagher",
              "runs": {
                "batter": 0,
                "extras": 1,
                "total": 1
              }
            },
            {
              "batter": "NG Collins",
              "bowler": "MGSM Fernando",
              "non_striker": "PF Gallagher",
              "runs": {
                "batter": 0,
                "extras": 0,
                "total": 0
              }
            },
            {
              "batter": "NG Collins",
              "bowler": "MGSM Fernando",
              "non_striker": "PF Gallagher",
              "runs": {
                "batter": 0,
                "extras": 0,
                "total": 0
              }
            },
            {
              "batter": "NG Collins",
              "bowler": "MGSM Fernando",
              "non_striker": "PF Gallagher",
              "runs": {
                "batter": 0,
                "extras": 0,
                "total": 0
              }
            },
            {
              "batter": "NG Collins",
              "bowler": "MGSM Fernando",
              "non_striker": "PF Gallagher",
              "runs": {
                "batter": 1,
                "extras": 0,
                "total": 1
              }
            }
          ]
        },
        {
          "over": 1,
          "deliveries": [
            {
              "batter": "NG Collins",
              "bowler": "GRD Munasinghe",
              "non_striker": "PF Gallagher",
              "runs": {
                "batter": 0,
                "extras": 0,
                "total": 0
              }
            },
            {
              "batter": "NG Collins",
              "bowler": "GRD Munasinghe",
              "non_striker": "PF Gallagher",
              "runs": {
                "batter": 0,
                "extras": 0,
                "total": 0
              }
            },
            {
              "batter": "NG Collins",
              "bowler": "GRD Munasinghe",
              "non_striker": "PF Gallagher",
              "runs": {
                "batter": 0,
                "extras": 0,
                "total": 0
              }
            },
            {
              "batter": "NG Collins",
              "bowler": "GRD Munasinghe",
              "non_striker": "PF Gallagher",
              "runs": {
                "batter": 3,
                "extras": 0,
                "total": 3
              }
            },
            {
              "batter": "PF Gallagher",
              "bowler": "GRD Munasinghe",
              "non_striker": "NG Collins",
              "runs": {
                "batter": 0,
                "extras": 0,
                "total": 0
              }
            },
            {
              "batter": "PF Gallagher",
              "bowler": "GRD Munasinghe",
              "non_striker": "NG Collins",
              "runs": {
                "batter": 0,
                "extras": 0,
                "total": 0
              }
            }
          ]
        },
        {
          "over": 2,
          "deliveries": [
            {
              "batter": "NG Collins",
              "bowler": "MGSM Fernando",
              "non_striker": "PF Gallagher",
              "runs": {
                "batter": 0,
                "extras": 0,
                "total": 0
              }
            },
            {
              "batter": "NG Collins",
              "bowler": "MGSM Fernando",
              "non_striker": "PF Gallagher",
              "runs": {
                "batter": 4,
                "extras": 0,
                "total": 4
              }
            },
            {
              "batter": "NG Collins",
              "bowler": "MGSM Fernando",
              "non_striker": "PF Gallagher",
              "runs": {
                "batter": 0,
                "extras": 0,
                "total": 0
              },
              "wickets": [
                {
                  "player_out": "NG Collins",
                  "kind": "bowled"
                }
              ]
            },
            {
              "batter": "Shoaib Qureshi",
              "bowler": "MGSM Fernando",
              "non_striker": "PF Gallagher",
              "runs": {
                "batter": 0,
                "extras": 0,
                "total": 0
              },
              "wickets": [
                {
                  "player_out": "Shoaib Qureshi",
                  "kind": "caught and bowled"
                }
              ]
            },
            {
              "batter": "VS Padhaal",
              "bowler": "MGSM Fernando",
              "non_striker": "PF Gallagher",
              "runs": {
                "batter": 0,
                "extras": 0,
                "total": 0
              }
            },
            {
              "batter": "VS Padhaal",
              "bowler": "MGSM Fernando",
              "non_striker": "PF Gallagher",
              "runs": {
                "batter": 0,
                "extras": 0,
                "total": 0
              }
            }
          ]
        },
        {
          "over": 3,
          "deliveries": [
            {
              "batter": "PF Gallagher",
              "bowler": "GRD Munasinghe",
              "non_striker": "VS Padhaal",
              "runs": {
                "batter": 0,
                "extras": 0,
                "total": 0
              }
            },
            {
              "batter": "PF Gallagher",
              "bowler": "GRD Munasinghe",
              "non_striker": "VS Padhaal",
              "runs": {
                "batter": 0,
                "extras": 0,
                "total": 0
              }
            },
            {
              "batter": "PF Gallagher",
              "bowler": "GRD Munasinghe",
              "non_striker": "VS Padhaal",
              "runs": {
                "batter": 1,
                "extras": 0,
                "total": 1
              }
            },
            {
              "batter": "VS Padhaal",
              "bowler": "GRD Munasinghe",
              "non_striker": "PF Gallagher",
              "runs": {
                "batter": 0,
                "extras": 0,
                "total": 0
              }
            },
            {
              "batter": "VS Padhaal",
              "bowler": "GRD Munasinghe",
              "non_striker": "PF Gallagher",
              "runs": {
                "batter": 0,
                "extras": 0,
                "total": 0
              }
            },
            {
              "batter": "VS Padhaal",
              "bowler": "GRD Munasinghe",
              "non_striker": "PF Gallagher",
              "runs": {
                "batter": 1,
                "extras": 0,
                "total": 1
              }
            }
          ]
        },
        {
          "over": 4,
          "deliveries": [
            {
              "batter": "VS Padhaal",
              "bowler": "MGSM Fernando",
              "non_striker": "PF Gallagher",
              "runs": {
                "batter": 0,
                "extras": 0,
                "total": 0
              }
            },
            {
              "batter": "VS Padhaal",
              "bowler": "MGSM Fernando",
              "non_striker": "PF Gallagher",
              "runs": {
                "batter": 0,
                "extras": 0,
                "total": 0
              }
            },
            {
              "batter": "VS Padhaal",
              "bowler": "MGSM Fernando",
              "non_striker": "PF Gallagher",
              "runs": {
                "batter": 1,
                "extras": 0,
                "total": 1
              }
            },
            {
              "batter": "PF Gallagher",
              "bowler": "MGSM Fernando",
              "non_striker": "VS Padhaal",
              "runs": {
                "batter": 6,
                "extras": 0,
                "total": 6
              }
            },
            {
              "batter": "PF Gallagher",
              "bowler": "MGSM Fernando",
              "non_striker": "VS Padhaal",
              "runs": {
                "batter": 0,
                "extras": 0,
                "total": 0
              },
              "wickets": [
                {
                  "player_out": "PF Gallagher",
                  "kind": "bowled"
                }
              ]
            },
            {
              "batter": "R Pathak",
              "bowler": "MGSM Fernando",
              "non_striker": "VS Padhaal",
              "runs": {
                "batter": 0,
                "extras": 0,
                "total": 0
              }
            }
          ]
        },
        {
          "over": 5,
          "deliveries": [
            {
              "batter": "VS Padhaal",
              "bowler": "Rakibul Hasan",
              "non_striker": "R Pathak",
              "runs": {
                "batter": 0,
                "extras": 0,
                "total": 0
              }
            },
            {
              "batter": "VS Padhaal",
              "bowler": "Rakibul Hasan",
              "non_striker": "R Pathak",
              "runs": {
                "batter": 0,
                "extras": 0,
                "total": 0
              }
            },
            {
              "batter": "VS Padhaal",
              "bowler": "Rakibul Hasan",
              "non_striker": "R Pathak",
              "runs": {
                "batter": 2,
                "extras": 0,
                "total": 2
              }
            },
            {
              "batter": "VS Padhaal",
              "bowler": "Rakibul Hasan",
              "non_striker": "R Pathak",
              "runs": {
                "batter": 1,
                "extras": 0,
                "total": 1
              }
            },
            {
              "batter": "R Pathak",
              "bowler": "Rakibul Hasan",
              "non_striker": "VS Padhaal",
              "runs": {
                "batter": 1,
                "extras": 0,
                "total": 1
              }
            },
            {
              "batter": "VS Padhaal",
              "bowler": "Rakibul Hasan",
              "non_striker": "R Pathak",
              "runs": {
                "batter": 1,
                "extras": 0,
                "total": 1
              }
            }
          ]
        },
        {
          "over": 6,
          "deliveries": [
            {
              "batter": "VS Padhaal",
              "bowler": "MGSM Fernando",
              "non_striker": "R Pathak",
              "runs": {
                "batter": 1,
                "extras": 0,
                "total": 1
              }
            },
            {
              "batter": "R Pathak",
              "bowler": "MGSM Fernando",
              "non_striker": "VS Padhaal",
              "runs": {
                "batter": 1,
                "extras": 0,
                "total": 1
              }
            },
            {
              "batter": "VS Padhaal",
              "bowler": "MGSM Fernando",
              "non_striker": "R Pathak",
              "runs": {
                "batter": 1,
                "extras": 0,
                "total": 1
              }
            },
            {
              "batter": "R Pathak",
              "bowler": "MGSM Fernando",
              "non_striker": "VS Padhaal",
              "runs": {
                "batter": 1,
                "extras": 0,
                "total": 1
              }
            },
            {
              "batter": "VS Padhaal",
              "bowler": "MGSM Fernando",
              "non_striker": "R Pathak",
              "runs": {
                "batter": 2,
                "extras": 0,
                "total": 2
              }
            },
            {
              "batter": "VS Padhaal",
              "bowler": "MGSM Fernando",
              "non_striker": "R Pathak",
              "runs": {
                "batter": 0,
                "extras": 0,
                "total": 0
              },
              "wickets": [
                {
                  "player_out": "VS Padhaal",
                  "fielders": [
                    {
                      "name": "Manpreet Singh"
                    }
                  ],
                  "kind": "stumped"
                }
              ]
            }
          ]
        },
        {
          "over": 7,
          "deliveries": [
            {
              "batter": "R Pathak",
              "bowler": "Rakibul Hasan",
              "non_striker": "JOP Scamans",
              "runs": {
                "batter": 0,
                "extras": 0,
                "total": 0
              },
              "wickets": [
                {
                  "player_out": "R Pathak",
                  "fielders": [
                    {
                      "name": "Manpreet Singh"
                    }
                  ],
                  "kind": "caught"
                }
              ]
            },
            {
              "batter": "JOP Scamans",
              "bowler": "Rakibul Hasan",
              "non_striker": "A Pusthay",
              "runs": {
                "batter": 2,
                "extras": 0,
                "total": 2
              }
            },
            {
              "batter": "JOP Scamans",
              "bowler": "Rakibul Hasan",
              "non_striker": "A Pusthay",
              "runs": {
                "batter": 1,
                "extras": 0,
                "total": 1
              }
            },
            {
              "batter": "A Pusthay",
              "bowler": "Rakibul Hasan",
              "non_striker": "JOP Scamans",
              "runs": {
                "batter": 1,
                "extras": 0,
                "total": 1
              }
            },
            {
              "batter": "JOP Scamans",
              "bowler": "Rakibul Hasan",
              "non_striker": "A Pusthay",
              "runs": {
                "batter": 0,
                "extras": 0,
                "total": 0
              },
              "wickets": [
                {
                  "player_out": "JOP Scamans",
                  "kind": "bowled"
                }
              ]
            },
            {
              "batter": "Md Nurul Huda",
              "bowler": "Rakibul Hasan",
              "non_striker": "A Pusthay",
              "runs": {
                "batter": 1,
                "extras": 0,
                "total": 1
              }
            }
          ]
        },
        {
          "over": 8,
          "deliveries": [
            {
              "batter": "Md Nurul Huda",
              "bowler": "NA Maiolo",
              "non_striker": "A Pusthay",
              "runs": {
                "batter": 0,
                "extras": 0,
                "total": 0
              }
            },
            {
              "batter": "Md Nurul Huda",
              "bowler": "NA Maiolo",
              "non_striker": "A Pusthay",
              "runs": {
                "batter": 1,
                "extras": 0,
                "total": 1
              }
            },
            {
              "batter": "A Pusthay",
              "bowler": "NA Maiolo",
              "non_striker": "Md Nurul Huda",
              "runs": {
                "batter": 0,
                "extras": 0,
                "total": 0
              }
            },
            {
              "batter": "A Pusthay",
              "bowler": "NA Maiolo",
              "non_striker": "Md Nurul Huda",
              "runs": {
                "batter": 0,
                "extras": 0,
                "total": 0
              }
            },
            {
              "batter": "A Pusthay",
              "bowler": "NA Maiolo",
              "non_striker": "Md Nurul Huda",
              "runs": {
                "batter": 1,
                "extras": 0,
                "total": 1
              }
            },
            {
              "batter": "Md Nurul Huda",
              "bowler": "NA Maiolo",
              "non_striker": "A Pusthay",
              "runs": {
                "batter": 1,
                "extras": 0,
                "total": 1
              }
            }
          ]
        },
        {
          "over": 9,
          "deliveries": [
            {
              "batter": "Md Nurul Huda",
              "bowler": "Rakibul Hasan",
              "non_striker": "A Pusthay",
              "runs": {
                "batter": 0,
                "extras": 0,
                "total": 0
              },
              "wickets": [
                {
                  "player_out": "Md Nurul Huda",
                  "fielders": [
                    {
                      "name": "GRD Munasinghe"
                    }
                  ],
                  "kind": "caught"
                }
              ]
            },
            {
              "batter": "TK Saha",
              "bowler": "Rakibul Hasan",
              "non_striker": "A Pusthay",
              "runs": {
                "batter": 0,
                "extras": 0,
                "total": 0
              }
            },
            {
              "batter": "TK Saha",
              "bowler": "Rakibul Hasan",
              "non_striker": "A Pusthay",
              "runs": {
                "batter": 0,
                "extras": 0,
                "total": 0
              }
            },
            {
              "batter": "TK Saha",
              "bowler": "Rakibul Hasan",
              "non_striker": "A Pusthay",
              "runs": {
                "batter": 1,
                "extras": 0,
                "total": 1
              }
            },
            {
              "batter": "A Pusthay",
              "bowler": "Rakibul Hasan",
              "non_striker": "TK Saha",
              "runs": {
                "batter": 1,
                "extras": 0,
                "total": 1
              }
            },
            {
              "batter": "TK Saha",
              "bowler": "Rakibul Hasan",
              "non_striker": "A Pusthay",
              "runs": {
                "batter": 0,
                "extras": 0,
                "total": 0
              }
            }
          ]
        },
        {
          "over": 10,
          "deliveries": [
            {
              "batter": "A Pusthay",
              "bowler": "NA Maiolo",
              "non_striker": "TK Saha",
              "runs": {
                "batter": 2,
                "extras": 0,
                "total": 2
              }
            },
            {
              "batter": "A Pusthay",
              "bowler": "NA Maiolo",
              "non_striker": "TK Saha",
              "runs": {
                "batter": 4,
                "extras": 0,
                "total": 4
              }
            },
            {
              "batter": "A Pusthay",
              "bowler": "NA Maiolo",
              "non_striker": "TK Saha",
              "runs": {
                "batter": 0,
                "extras": 0,
                "total": 0
              }
            },
            {
              "batter": "A Pusthay",
              "bowler": "NA Maiolo",
              "non_striker": "TK Saha",
              "runs": {
                "batter": 0,
                "extras": 0,
                "total": 0
              }
            },
            {
              "batter": "A Pusthay",
              "bowler": "NA Maiolo",
              "non_striker": "TK Saha",
              "runs": {
                "batter": 4,
                "extras": 0,
                "total": 4
              }
            },
            {
              "batter": "A Pusthay",
              "bowler": "NA Maiolo",
              "non_striker": "TK Saha",
              "runs": {
                "batter": 1,
                "extras": 0,
                "total": 1
              }
            }
          ]
        },
        {
          "over": 11,
          "deliveries": [
            {
              "batter": "A Pusthay",
              "bowler": "Rakibul Hasan",
              "non_striker": "TK Saha",
              "runs": {
                "batter": 0,
                "extras": 0,
                "total": 0
              }
            },
            {
              "batter": "A Pusthay",
              "bowler": "Rakibul Hasan",
              "non_striker": "TK Saha",
              "runs": {
                "batter": 1,
                "extras": 0,
                "total": 1
              }
            },
            {
              "batter": "TK Saha",
              "bowler": "Rakibul Hasan",
              "non_striker": "A Pusthay",
              "runs": {
                "batter": 0,
                "extras": 0,
                "total": 0
              }
            },
            {
              "batter": "TK Saha",
              "bowler": "Rakibul Hasan",
              "non_striker": "A Pusthay",
              "runs": {
                "batter": 0,
                "extras": 0,
                "total": 0
              }
            },
            {
              "batter": "TK Saha",
              "bowler": "Rakibul Hasan",
              "non_striker": "A Pusthay",
              "runs": {
                "batter": 0,
                "extras": 0,
                "total": 0
              }
            },
            {
              "batter": "TK Saha",
              "bowler": "Rakibul Hasan",
              "non_striker": "A Pusthay",
              "runs": {
                "batter": 0,
                "extras": 0,
                "total": 0
              }
            }
          ]
        },
        {
          "over": 12,
          "deliveries": [
            {
              "batter": "A Pusthay",
              "bowler": "Jaspreet Singh",
              "non_striker": "TK Saha",
              "runs": {
                "batter": 0,
                "extras": 0,
                "total": 0
              }
            },
            {
              "batter": "A Pusthay",
              "bowler": "Jaspreet Singh",
              "non_striker": "TK Saha",
              "runs": {
                "batter": 4,
                "extras": 0,
                "total": 4
              }
            },
            {
              "batter": "A Pusthay",
              "bowler": "Jaspreet Singh",
              "non_striker": "TK Saha",
              "runs": {
                "batter": 1,
                "extras": 0,
                "total": 1
              }
            },
            {
              "batter": "TK Saha",
              "bowler": "Jaspreet Singh",
              "non_striker": "A Pusthay",
              "runs": {
                "batter": 2,
                "extras": 0,
                "total": 2
              }
            },
            {
              "batter": "TK Saha",
              "bowler": "Jaspreet Singh",
              "non_striker": "A Pusthay",
              "runs": {
                "batter": 1,
                "extras": 0,
                "total": 1
              }
            },
            {
              "batter": "A Pusthay",
              "bowler": "Jaspreet Singh",
              "non_striker": "TK Saha",
              "runs": {
                "batter": 1,
                "extras": 0,
                "total": 1
              }
            }
          ]
        },
        {
          "over": 13,
          "deliveries": [
            {
              "batter": "A Pusthay",
              "bowler": "MJ Ross",
              "non_striker": "TK Saha",
              "runs": {
                "batter": 0,
                "extras": 0,
                "total": 0
              },
              "wickets": [
                {
                  "player_out": "A Pusthay",
                  "kind": "caught and bowled"
                }
              ]
            },
            {
              "batter": "H Dandapani",
              "bowler": "MJ Ross",
              "non_striker": "TK Saha",
              "runs": {
                "batter": 1,
                "extras": 0,
                "total": 1
              }
            },
            {
              "batter": "TK Saha",
              "bowler": "MJ Ross",
              "non_striker": "H Dandapani",
              "runs": {
                "batter": 1,
                "extras": 0,
                "total": 1
              }
            },
            {
              "batter": "H Dandapani",
              "bowler": "MJ Ross",
              "non_striker": "TK Saha",
              "runs": {
                "batter": 1,
                "extras": 0,
                "total": 1
              }
            },
            {
              "batter": "TK Saha",
              "bowler": "MJ Ross",
              "non_striker": "H Dandapani",
              "runs": {
                "batter": 0,
                "extras": 0,
                "total": 0
              }
            },
            {
              "batter": "TK Saha",
              "bowler": "MJ Ross",
              "non_striker": "H Dandapani",
              "runs": {
                "batter": 0,
                "extras": 0,
                "total": 0
              }
            }
          ]
        },
        {
          "over": 14,
          "deliveries": [
            {
              "batter": "H Dandapani",
              "bowler": "Jaspreet Singh",
              "non_striker": "TK Saha",
              "runs": {
                "batter": 0,
                "extras": 0,
                "total": 0
              }
            },
            {
              "batter": "H Dandapani",
              "bowler": "Jaspreet Singh",
              "non_striker": "TK Saha",
              "runs": {
                "batter": 1,
                "extras": 0,
                "total": 1
              }
            },
            {
              "batter": "TK Saha",
              "bowler": "Jaspreet Singh",
              "non_striker": "H Dandapani",
              "runs": {
                "batter": 1,
                "extras": 0,
                "total": 1
              }
            },
            {
              "batter": "H Dandapani",
              "bowler": "Jaspreet Singh",
              "non_striker": "TK Saha",
              "runs": {
                "batter": 0,
                "extras": 0,
                "total": 0
              }
            },
            {
              "batter": "H Dandapani",
              "bowler": "Jaspreet Singh",
              "non_striker": "TK Saha",
              "runs": {
                "batter": 0,
                "extras": 0,
                "total": 0
              },
              "wickets": [
                {
                  "player_out": "H Dandapani",
                  "kind": "lbw"
                }
              ]
            },
            {
              "batter": "MB Tambe",
              "bowler": "Jaspreet Singh",
              "non_striker": "TK Saha",
              "runs": {
                "batter": 0,
                "extras": 0,
                "total": 0
              }
            }
          ]
        },
        {
          "over": 15,
          "deliveries": [
            {
              "batter": "TK Saha",
              "bowler": "MJ Ross",
              "non_striker": "MB Tambe",
              "runs": {
                "batter": 1,
                "extras": 0,
                "total": 1
              }
            },
            {
              "batter": "MB Tambe",
              "bowler": "MJ Ross",
              "non_striker": "TK Saha",
              "runs": {
                "batter": 0,
                "extras": 0,
                "total": 0
              }
            },
            {
              "batter": "MB Tambe",
              "bowler": "MJ Ross",
              "non_striker": "TK Saha",
              "runs": {
                "batter": 1,
                "extras": 0,
                "total": 1
              }
            },
            {
              "batter": "TK Saha",
              "bowler": "MJ Ross",
              "non_striker": "MB Tambe",
              "runs": {
                "batter": 0,
                "extras": 0,
                "total": 0
              }
            },
            {
              "batter": "TK Saha",
              "bowler": "MJ Ross",
              "non_striker": "MB Tambe",
              "runs": {
                "batter": 4,
                "extras": 0,
                "total": 4
              }
            },
            {
              "batter": "TK Saha",
              "bowler": "MJ Ross",
              "extras": {
                "wides": 1
              },
              "non_striker": "MB Tambe",
              "runs": {
                "batter": 0,
                "extras": 1,
                "total": 1
              }
            },
            {
              "batter": "TK Saha",
              "bowler": "MJ Ross",
              "non_striker": "MB Tambe",
              "runs": {
                "batter": 1,
                "extras": 0,
                "total": 1
              }
            }
          ]
        },
        {
          "over": 16,
          "deliveries": [
            {
              "batter": "TK Saha",
              "bowler": "Jaspreet Singh",
              "non_striker": "MB Tambe",
              "runs": {
                "batter": 0,
                "extras": 0,
                "total": 0
              }
            },
            {
              "batter": "TK Saha",
              "bowler": "Jaspreet Singh",
              "non_striker": "MB Tambe",
              "runs": {
                "batter": 1,
                "extras": 0,
                "total": 1
              }
            },
            {
              "batter": "MB Tambe",
              "bowler": "Jaspreet Singh",
              "non_striker": "TK Saha",
              "runs": {
                "batter": 0,
                "extras": 0,
                "total": 0
              }
            },
            {
              "batter": "MB Tambe",
              "bowler": "Jaspreet Singh",
              "non_striker": "TK Saha",
              "runs": {
                "batter": 4,
                "extras": 0,
                "total": 4
              }
            },
            {
              "batter": "MB Tambe",
              "bowler": "Jaspreet Singh",
              "extras": {
                "noballs": 1
              },
              "non_striker": "TK Saha",
              "runs": {
                "batter": 1,
                "extras": 1,
                "total": 2
              }
            },
            {
              "batter": "TK Saha",
              "bowler": "Jaspreet Singh",
              "extras": {
                "noballs": 1
              },
              "non_striker": "MB Tambe",
              "runs": {
                "batter": 1,
                "extras": 1,
                "total": 2
              }
            },
            {
              "batter": "MB Tambe",
              "bowler": "Jaspreet Singh",
              "non_striker": "TK Saha",
              "runs": {
                "batter": 0,
                "extras": 0,
                "total": 0
              }
            },
            {
              "batter": "MB Tambe",
              "bowler": "Jaspreet Singh",
              "non_striker": "TK Saha",
              "runs": {
                "batter": 0,
                "extras": 0,
                "total": 0
              }
            }
          ]
        },
        {
          "over": 17,
          "deliveries": [
            {
              "batter": "TK Saha",
              "bowler": "GRD Munasinghe",
              "non_striker": "MB Tambe",
              "runs": {
                "batter": 0,
                "extras": 0,
                "total": 0
              }
            },
            {
              "batter": "TK Saha",
              "bowler": "GRD Munasinghe",
              "non_striker": "MB Tambe",
              "runs": {
                "batter": 1,
                "extras": 0,
                "total": 1
              }
            },
            {
              "batter": "MB Tambe",
              "bowler": "GRD Munasinghe",
              "non_striker": "TK Saha",
              "runs": {
                "batter": 0,
                "extras": 0,
                "total": 0
              }
            },
            {
              "batter": "MB Tambe",
              "bowler": "GRD Munasinghe",
              "non_striker": "TK Saha",
              "runs": {
                "batter": 1,
                "extras": 0,
                "total": 1
              }
            },
            {
              "batter": "TK Saha",
              "bowler": "GRD Munasinghe",
              "non_striker": "MB Tambe",
              "runs": {
                "batter": 0,
                "extras": 0,
                "total": 0
              }
            },
            {
              "batter": "TK Saha",
              "bowler": "GRD Munasinghe",
              "non_striker": "MB Tambe",
              "runs": {
                "batter": 1,
                "extras": 0,
                "total": 1
              }
            }
          ]
        },
        {
          "over": 18,
          "deliveries": [
            {
              "batter": "TK Saha",
              "bowler": "Jaspreet Singh",
              "non_striker": "MB Tambe",
              "runs": {
                "batter": 0,
                "extras": 0,
                "total": 0
              }
            },
            {
              "batter": "TK Saha",
              "bowler": "Jaspreet Singh",
              "non_striker": "MB Tambe",
              "runs": {
                "batter": 2,
                "extras": 0,
                "total": 2
              }
            },
            {
              "batter": "TK Saha",
              "bowler": "Jaspreet Singh",
              "non_striker": "MB Tambe",
              "runs": {
                "batter": 1,
                "extras": 0,
                "total": 1
              }
            },
            {
              "batter": "MB Tambe",
              "bowler": "Jaspreet Singh",
              "non_striker": "TK Saha",
              "runs": {
                "batter": 0,
                "extras": 0,
                "total": 0
              }
            },
            {
              "batter": "MB Tambe",
              "bowler": "Jaspreet Singh",
              "non_striker": "TK Saha",
              "runs": {
                "batter": 0,
                "extras": 0,
                "total": 0
              },
              "wickets": [
                {
                  "player_out": "MB Tambe",
                  "kind": "bowled"
                }
              ]
            }
          ]
        }
      ],
      "powerplays": [
        {
          "from": 0.1,
          "to": 5.6,
          "type": "mandatory"
        }
      ],
      "target": {
        "overs": 20,
        "runs": 148
      }
    }
  ]
}