{
  "meta": {
    "data_version": "1.0.0",
    "created": "2020-09-01",
    "revision": 2
  },
  "info": {
    "balls_per_over": 6,
    "city": "Rotterdam",
    "dates": [
      "2018-09-01"
    ],
    "event": {
      "name": "ICC World Twenty20 Europe Region Qualifier B",
      "match_number": 11
    },
    "gender": "male",
    "match_type": "IT20",
    "missing": [
      "player_of_match"
    ],
    "officials": {
      "reserve_umpires": [
        "Philip Thompson"
      ],
      "umpires": [
        "Suthan Selvachandran",
        "R Hassan"
      ]
    },
    "outcome": {
      "winner": "Finland",
      "by": {
        "runs": 28
      }
    },
    "overs": 20,
    "players": {
      "Finland": [
        "R Pathak",
        "NG Collins",
        "VS Padhaal",
        "A Pusthay",
        "PF Gallagher",
        "AK Mohan",
        "TDF Vehvilainen",
        "TK Saha",
        "Shoaib Qureshi",
        "M Chauhan",
        "H Dandapani"
      ],
      "Spain": [
        "Muhammad Asjed",
        "Kuldeep Lal",
        "Yasir Ali",
        "PD Hennessy",
        "V Vini",
        "Atif Mehmood",
        "R Panchal",
        "C Munoz-Mills",
        "AD Algar",
        "TC Vine",
        "J Roper"
      ]
    },
    "registry": {
      "people": {
        "A Pusthay": "0393fbdc",
        "AD Algar": "020e49e9",
        "AK Mohan": "d55474ac",
        "Atif Mehmood": "7fcc57bf",
        "C Munoz-Mills": "17bc032c",
        "H Dandapani": "9960a421",
        "J Roper": "a15f337a",
        "Kuldeep Lal": "8a1d0222",
        "M Chauhan": "8534e758",
        "Muhammad Asjed": "02d0c9ae",
        "NG Collins": "be3bdc15",
        "PD Hennessy": "a3b9191a",
        "PF Gallagher": "8e9d3dc4",
        "Philip Thompson": "0c677650",
        "R Hassan": "e303d1cc",
        "R Panchal": "91cd337c",
        "R Pathak": "025f79d1",
        "Shoaib Qureshi": "bc791e2d",
        "Suthan Selvachandran": "73da6e8d",
        "TC Vine": "ab8ef1e9",
        "TDF Vehvilainen": "47f1e175",
        "TK Saha": "35b84618",
        "V Vini": "3039ff8a",
        "VS Padhaal": "c4fb0b39",
        "Yasir Ali": "79209272"
      }
    },
    "season": "2018",
    "team_type": "international",
    "teams": [
      "Finland",
      "Spain"
    ],
    "toss": {
      "decision": "field",
      "winner": "Spain"
    },
    "venue": "Hazelaarweg"
  },
  "innings": [
    {
      "team": "Finland",
      "overs": [
        {
          "over": 0,
          "deliveries": [
            {
              "batter": "R Pathak",
              "bowler": "Atif Mehmood",
              "non_striker": "NG Collins",
              "runs": {
                "batter": 0,
                "extras": 0,
                "total": 0
              }
            },
            {
              "batter": "R Pathak",
              "bowler": "Atif Mehmood",
              "non_striker": "NG Collins",
              "runs": {
                "batter": 1,
                "extras": 0,
                "total": 1
              }
            },
            {
              "batter": "NG Collins",
              "bowler": "Atif Mehmood",
              "non_striker": "R Pathak",
              "runs": {
                "batter": 0,
                "extras": 0,
                "total": 0
              }
            },
            {
              "batter": "NG Collins",
              "bowler": "Atif Mehmood",
              "non_striker": "R Pathak",
              "runs": {
                "batter": 0,
                "extras": 0,
                "total": 0
              }
            },
            {
              "batter": "NG Collins",
              "bowler": "Atif Mehmood",
              "non_striker": "R Pathak",
              "runs": {
                "batter": 0,
                "extras": 0,
                "total": 0
              }
            },
            {
              "batter": "NG Collins",
              "bowler": "Atif Mehmood",
              "extras": {
                "wides": 1
              },
              "non_striker": "R Pathak",
              "runs": {
                "batter": 0,
                "extras": 1,
                "total": 1
              }
            },
            {
              "batter": "NG Collins",
              "bowler": "Atif Mehmood",
              "non_striker": "R Pathak",
              "runs": {
                "batter": 0,
                "extras": 0,
                "total": 0
              }
            }
          ]
        },
        {
          "over": 1,
          "deliveries": [
            {
              "batter": "R Pathak",
              "bowler": "R Panchal",
              "extras": {
                "noballs": 1
              },
              "non_striker": "NG Collins",
              "runs": {
                "batter": 0,
                "extras": 1,
                "total": 1
              }
            },
            {
              "batter": "R Pathak",
              "bowler": "R Panchal",
              "non_striker": "NG Collins",
              "runs": {
                "batter": 1,
                "extras": 0,
                "total": 1
              }
            },
            {
              "batter": "NG Collins",
              "bowler": "R Panchal",
              "non_striker": "R Pathak",
              "runs": {
                "batter": 1,
                "extras": 0,
                "total": 1
              }
            },
            {
              "batter": "R Pathak",
              "bowler": "R Panchal",
              "non_striker": "NG Collins",
              "runs": {
                "batter": 0,
                "extras": 0,
                "total": 0
              }
            },
            {
              "batter": "R Pathak",
              "bowler": "R Panchal",
              "non_striker": "NG Collins",
              "runs": {
                "batter": 0,
                "extras": 0,
                "total": 0
              }
            },
            {
              "batter": "R Pathak",
              "bowler": "R Panchal",
              "non_striker": "NG Collins",
              "runs": {
                "batter": 0,
                "extras": 0,
                "total": 0
              }
            },
            {
              "batter": "R Pathak",
              "bowler": "R Panchal",
              "non_striker": "NG Collins",
              "runs": {
                "batter": 1,
                "extras": 0,
                "total": 1
              }
            }
          ]
        },
        {
          "over": 2,
          "deliveries": [
            {
              "batter": "R Pathak",
              "bowler": "Kuldeep Lal",
              "non_striker": "NG Collins",
              "runs": {
                "batter": 1,
                "extras": 0,
                "total": 1
              }
            },
            {
              "batter": "NG Collins",
              "bowler": "Kuldeep Lal",
              "non_striker": "R Pathak",
              "runs": {
                "batter": 4,
                "extras": 0,
                "total": 4
              }
            },
            {
              "batter": "NG Collins",
              "bowler": "Kuldeep Lal",
              "non_striker": "R Pathak",
              "runs": {
                "batter": 1,
                "extras": 0,
                "total": 1
              }
            },
            {
              "batter": "R Pathak",
              "bowler": "Kuldeep Lal",
              "non_striker": "NG Collins",
              "runs": {
                "batter": 1,
                "extras": 0,
                "total": 1
              }
            },
            {
              "batter": "NG Collins",
              "bowler": "Kuldeep Lal",
              "non_striker": "R Pathak",
              "runs": {
                "batter": 4,
                "extras": 0,
                "total": 4
              }
            },
            {
              "batter": "NG Collins",
              "bowler": "Kuldeep Lal",
              "non_striker": "R Pathak",
              "runs": {
                "batter": 0,
                "extras": 0,
                "total": 0
              }
            }
          ]
        },
        {
          "over": 3,
          "deliveries": [
            {
              "batter": "R Pathak",
              "bowler": "R Panchal",
              "non_striker": "NG Collins",
              "runs": {
                "batter": 0,
                "extras": 0,
                "total": 0
              }
            },
            {
              "batter": "R Pathak",
              "bowler": "R Panchal",
              "non_striker": "NG Collins",
              "runs": {
                "batter": 0,
                "extras": 0,
                "total": 0
              }
            },
            {
              "batter": "R Pathak",
              "bowler": "R Panchal",
              "non_striker": "NG Collins",
              "runs": {
                "batter": 0,
                "extras": 0,
                "total": 0
              }
            },
            {
              "batter": "R Pathak",
              "bowler": "R Panchal",
              "non_striker": "NG Collins",
              "runs": {
                "batter": 0,
                "extras": 0,
                "total": 0
              },
              "wickets": [
                {
                  "player_out": "R Pathak",
                  "kind": "bowled"
                }
              ]
            },
            {
              "batter": "VS Padhaal",
              "bowler": "R Panchal",
              "non_striker": "NG Collins",
              "runs": {
                "batter": 0,
                "extras": 0,
                "total": 0
              }
            },
            {
              "batter": "VS Padhaal",
              "bowler": "R Panchal",
              "extras": {
                "legbyes": 1
              },
              "non_striker": "NG Collins",
              "runs": {
                "batter": 0,
                "extras": 1,
                "total": 1
              }
            }
          ]
        },
        {
          "over": 4,
          "deliveries": [
            {
              "batter": "VS Padhaal",
              "bowler": "TC Vine",
              "non_striker": "NG Collins",
              "runs": {
                "batter": 4,
                "extras": 0,
                "total": 4
              }
            },
            {
              "batter": "VS Padhaal",
              "bowler": "TC Vine",
              "non_striker": "NG Collins",
              "runs": {
                "batter": 4,
                "extras": 0,
                "total": 4
              }
            },
            {
              "batter": "VS Padhaal",
              "bowler": "TC Vine",
              "non_striker": "NG Collins",
              "runs": {
                "batter": 0,
                "extras": 0,
                "total": 0
              }
            },
            {
              "batter": "VS Padhaal",
              "bowler": "TC Vine",
              "non_striker": "NG Collins",
              "runs": {
                "batter": 4,
                "extras": 0,
                "total": 4
              }
            },
            {
              "batter": "VS Padhaal",
              "bowler": "TC Vine",
              "non_striker": "NG Collins",
              "runs": {
                "batter": 1,
                "extras": 0,
                "total": 1
              }
            },
            {
              "batter": "NG Collins",
              "bowler": "TC Vine",
              "non_striker": "VS Padhaal",
              "runs": {
                "batter": 0,
                "extras": 0,
                "total": 0
              }
            }
          ]
        },
        {
          "over": 5,
          "deliveries": [
            {
              "batter": "VS Padhaal",
              "bowler": "R Panchal",
              "non_striker": "NG Collins",
              "runs": {
                "batter": 0,
                "extras": 0,
                "total": 0
              }
            },
            {
              "batter": "VS Padhaal",
              "bowler": "R Panchal",
              "non_striker": "NG Collins",
              "runs": {
                "batter": 0,
                "extras": 0,
                "total": 0
              }
            },
            {
              "batter": "VS Padhaal",
              "bowler": "R Panchal",
              "non_striker": "NG Collins",
              "runs": {
                "batter": 2,
                "extras": 0,
                "total": 2
              }
            },
            {
              "batter": "VS Padhaal",
              "bowler": "R Panchal",
              "non_striker": "NG Collins",
              "runs": {
                "batter": 0,
                "extras": 0,
                "total": 0
              }
            },
            {
              "batter": "VS Padhaal",
              "bowler": "R Panchal",
              "non_striker": "NG Collins",
              "runs": {
                "batter": 1,
                "extras": 0,
                "total": 1
              }
            },
            {
              "batter": "NG Collins",
              "bowler": "R Panchal",
              "non_striker": "VS Padhaal",
              "runs": {
                "batter": 0,
                "extras": 0,
                "total": 0
              }
            }
          ]
        },
        {
          "over": 6,
          "deliveries": [
            {
              "batter": "VS Padhaal",
              "bowler": "Kuldeep Lal",
              "extras": {
                "wides": 1
              },
              "non_striker": "NG Collins",
              "runs": {
                "batter": 0,
                "extras": 1,
                "total": 1
              }
            },
            {
              "batter": "VS Padhaal",
              "bowler": "Kuldeep Lal",
              "non_striker": "NG Collins",
              "runs": {
                "batter": 1,
                "extras": 0,
                "total": 1
              }
            },
            {
              "batter": "NG Collins",
              "bowler": "Kuldeep Lal",
              "extras": {
                "wides": 1
              },
              "non_striker": "VS Padhaal",
              "runs": {
                "batter": 0,
                "extras": 1,
                "total": 1
              }
            },
            {
              "batter": "NG Collins",
              "bowler": "Kuldeep Lal",
              "non_striker": "VS Padhaal",
              "runs": {
                "batter": 0,
                "extras": 0,
                "total": 0
              }
            },
            {
              "batter": "NG Collins",
              "bowler": "Kuldeep Lal",
              "non_striker": "VS Padhaal",
              "runs": {
                "batter": 0,
                "extras": 0,
                "total": 0
              }
            },
            {
              "batter": "NG Collins",
              "bowler": "Kuldeep Lal",
              "non_striker": "VS Padhaal",
              "runs": {
                "batter": 0,
                "extras": 0,
                "total": 0
              }
            },
            {
              "batter": "NG Collins",
              "bowler": "Kuldeep Lal",
              "non_striker": "VS Padhaal",
              "runs": {
                "batter": 0,
                "extras": 0,
                "total": 0
              }
            },
            {
              "batter": "NG Collins",
              "bowler": "Kuldeep Lal",
              "extras": {
                "wides": 1
              },
              "non_striker": "VS Padhaal",
              "runs": {
                "batter": 0,
                "extras": 1,
                "total": 1
              }
            },
            {
              "batter": "NG Collins",
              "bowler": "Kuldeep Lal",
              "extras": {
                "wides": 3
              },
              "non_striker": "VS Padhaal",
              "runs": {
                "batter": 0,
                "extras": 3,
                "total": 3
              }
            },
            {
              "batter": "NG Collins",
              "bowler": "Kuldeep Lal",
              "non_striker": "VS Padhaal",
              "runs": {
                "batter": 1,
                "extras": 0,
                "total": 1
              }
            }
          ]
        },
        {
          "over": 7,
          "deliveries": [
            {
              "batter": "NG Collins",
              "bowler": "R Panchal",
              "non_striker": "VS Padhaal",
              "runs": {
                "batter": 0,
                "extras": 0,
                "total": 0
              }
            },
            {
              "batter": "NG Collins",
              "bowler": "R Panchal",
              "non_striker": "VS Padhaal",
              "runs": {
                "batter": 4,
                "extras": 0,
                "total": 4
              }
            },
            {
              "batter": "NG Collins",
              "bowler": "R Panchal",
              "non_striker": "VS Padhaal",
              "runs": {
                "batter": 0,
                "extras": 0,
                "total": 0
              }
            },
            {
              "batter": "NG Collins",
              "bowler": "R Panchal",
              "non_striker": "VS Padhaal",
              "runs": {
                "batter": 0,
                "extras": 0,
                "total": 0
              }
            },
            {
              "batter": "NG Collins",
              "bowler": "R Panchal",
              "non_striker": "VS Padhaal",
              "runs": {
                "batter": 4,
                "extras": 0,
                "total": 4
              }
            },
            {
              "batter": "NG Collins",
              "bowler": "R Panchal",
              "non_striker": "VS Padhaal",
              "runs": {
                "batter": 0,
                "extras": 0,
                "total": 0
              }
            }
          ]
        },
        {
          "over": 8,
          "deliveries": [
            {
              "batter": "VS Padhaal",
              "bowler": "C Munoz-Mills",
              "non_striker": "NG Collins",
              "runs": {
                "batter": 1,
                "extras": 0,
                "total": 1
              }
            },
            {
              "batter": "NG Collins",
              "bowler": "C Munoz-Mills",
              "non_striker": "VS Padhaal",
              "runs": {
                "batter": 1,
                "extras": 0,
                "total": 1
              }
            },
            {
              "batter": "VS Padhaal",
              "bowler": "C Munoz-Mills",
              "non_striker": "NG Collins",
              "runs": {
                "batter": 0,
                "extras": 0,
                "total": 0
              }
            },
            {
              "batter": "VS Padhaal",
              "bowler": "C Munoz-Mills",
              "non_striker": "NG Collins",
              "runs": {
                "batter": 1,
                "extras": 0,
                "total": 1
              }
            },
            {
              "batter": "NG Collins",
              "bowler": "C Munoz-Mills",
              "non_striker": "VS Padhaal",
              "runs": {
                "batter": 0,
                "extras": 0,
                "total": 0
              }
            },
            {
              "batter": "NG Collins",
              "bowler": "C Munoz-Mills",
              "non_striker": "VS Padhaal",
              "runs": {
                "batter": 2,
                "extras": 0,
                "total": 2
              }
            }
          ]
        },
        {
          "over": 9,
          "deliveries": [
            {
              "batter": "VS Padhaal",
              "bowler": "J Roper",
              "non_striker": "NG Collins",
              "runs": {
                "batter": 0,
                "extras": 0,
                "total": 0
              }
            },
            {
              "batter": "VS Padhaal",
              "bowler": "J Roper",
              "non_striker": "NG Collins",
              "runs": {
                "batter": 0,
                "extras": 0,
                "total": 0
              }
            },
            {
              "batter": "VS Padhaal",
              "bowler": "J Roper",
              "non_striker": "NG Collins",
              "runs": {
                "batter": 2,
                "extras": 0,
                "total": 2
              }
            },
            {
              "batter": "VS Padhaal",
              "bowler": "J Roper",
              "non_striker": "NG Collins",
              "runs": {
                "batter": 1,
                "extras": 0,
                "total": 1
              }
            },
            {
              "batter": "NG Collins",
              "bowler": "J Roper",
              "non_striker": "VS Padhaal",
              "runs": {
                "batter": 0,
                "extras": 0,
                "total": 0
              }
            },
            {
              "batter": "NG Collins",
              "bowler": "J Roper",
              "non_striker": "VS Padhaal",
              "runs": {
                "batter": 2,
                "extras": 0,
                "total": 2
              }
            }
          ]
        },
        {
          "over": 10,
          "deliveries": [
            {
              "batter": "VS Padhaal",
              "bowler": "C Munoz-Mills",
              "non_striker": "NG Collins",
              "runs": {
                "batter": 1,
                "extras": 0,
                "total": 1
              }
            },
            {
              "batter": "NG Collins",
              "bowler": "C Munoz-Mills",
              "non_striker": "VS Padhaal",
              "runs": {
                "batter": 0,
                "extras": 0,
                "total": 0
              }
            },
            {
              "batter": "NG Collins",
              "bowler": "C Munoz-Mills",
              "non_striker": "VS Padhaal",
              "runs": {
                "batter": 2,
                "extras": 0,
                "total": 2
              }
            },
            {
              "batter": "NG Collins",
              "bowler": "C Munoz-Mills",
              "non_striker": "VS Padhaal",
              "runs": {
                "batter": 0,
                "extras": 0,
                "total": 0
              }
            },
            {
              "batter": "NG Collins",
              "bowler": "C Munoz-Mills",
              "non_striker": "VS Padhaal",
              "runs": {
                "batter": 1,
                "extras": 0,
                "total": 1
              }
            },
            {
              "batter": "NG Collins",
              "bowler": "C Munoz-Mills",
              "non_striker": "VS Padhaal",
              "runs": {
                "batter": 0,
                "extras": 0,
                "total": 0
              }
            }
          ]
        },
        {
          "over": 11,
          "deliveries": [
            {
              "batter": "VS Padhaal",
              "bowler": "J Roper",
              "non_striker": "NG Collins",
              "runs": {
                "batter": 2,
                "extras": 0,
                "total": 2
              }
            },
            {
              "batter": "VS Padhaal",
              "bowler": "J Roper",
              "non_striker": "NG Collins",
              "runs": {
                "batter": 0,
                "extras": 0,
                "total": 0
              },
              "wickets": [
                {
                  "player_out": "VS Padhaal",
                  "kind": "bowled"
                }
              ]
            },
            {
              "batter": "A Pusthay",
              "bowler": "J Roper",
              "non_striker": "NG Collins",
              "runs": {
                "batter": 0,
                "extras": 0,
                "total": 0
              }
            },
            {
              "batter": "A Pusthay",
              "bowler": "J Roper",
              "non_striker": "NG Collins",
              "runs": {
                "batter": 2,
                "extras": 0,
                "total": 2
              }
            },
            {
              "batter": "A Pusthay",
              "bowler": "J Roper",
              "non_striker": "NG Collins",
              "runs": {
                "batter": 1,
                "extras": 0,
                "total": 1
              }
            },
            {
              "batter": "NG Collins",
              "bowler": "J Roper",
              "extras": {
                "wides": 1
              },
              "non_striker": "A Pusthay",
              "runs": {
                "batter": 0,
                "extras": 1,
                "total": 1
              }
            },
            {
              "batter": "NG Collins",
              "bowler": "J Roper",
              "non_striker": "A Pusthay",
              "runs": {
                "batter": 1,
                "extras": 0,
                "total": 1
              }
            }
          ]
        },
        {
          "over": 12,
          "deliveries": [
            {
              "batter": "NG Collins",
              "bowler": "C Munoz-Mills",
              "non_striker": "A Pusthay",
              "runs": {
                "batter": 1,
                "extras": 0,
                "total": 1
              }
            },
            {
              "batter": "A Pusthay",
              "bowler": "C Munoz-Mills",
              "non_striker": "NG Collins",
              "runs": {
                "batter": 0,
                "extras": 0,
                "total": 0
              }
            },
            {
              "batter": "A Pusthay",
              "bowler": "C Munoz-Mills",
              "non_striker": "NG Collins",
              "runs": {
                "batter": 0,
                "extras": 0,
                "total": 0
              }
            },
            {
              "batter": "A Pusthay",
              "bowler": "C Munoz-Mills",
              "non_striker": "NG Collins",
              "runs": {
                "batter": 1,
                "extras": 0,
                "total": 1
              }
            },
            {
              "batter": "NG Collins",
              "bowler": "C Munoz-Mills",
              "non_striker": "A Pusthay",
              "runs": {
                "batter": 4,
                "extras": 0,
                "total": 4
              }
            },
            {
              "batter": "NG Collins",
              "bowler": "C Munoz-Mills",
              "non_striker": "A Pusthay",
              "runs": {
                "batter": 1,
                "extras": 0,
                "total": 1
              }
            }
          ]
        },
        {
          "over": 13,
          "deliveries": [
            {
              "batter": "NG Collins",
              "bowler": "J Roper",
              "non_striker": "A Pusthay",
              "runs": {
                "batter": 1,
                "extras": 0,
                "total": 1
              }
            },
            {
              "batter": "A Pusthay",
              "bowler": "J Roper",
              "non_striker": "NG Collins",
              "runs": {
                "batter": 1,
                "extras": 0,
                "total": 1
              }
            },
            {
              "batter": "NG Collins",
              "bowler": "J Roper",
              "non_striker": "A Pusthay",
              "runs": {
                "batter": 1,
                "extras": 0,
                "total": 1
              }
            },
            {
              "batter": "A Pusthay",
              "bowler": "J Roper",
              "non_striker": "NG Collins",
              "runs": {
                "batter": 1,
                "extras": 0,
                "total": 1
              }
            },
            {
              "batter": "NG Collins",
              "bowler": "J Roper",
              "non_striker": "A Pusthay",
              "runs": {
                "batter": 4,
                "extras": 0,
                "total": 4
              }
            },
            {
              "batter": "NG Collins",
              "bowler": "J Roper",
              "non_striker": "A Pusthay",
              "runs": {
                "batter": 1,
                "extras": 0,
                "total": 1
              }
            }
          ]
        },
        {
          "over": 14,
          "deliveries": [
            {
              "batter": "NG Collins",
              "bowler": "Atif Mehmood",
              "non_striker": "A Pusthay",
              "runs": {
                "batter": 1,
                "extras": 0,
                "total": 1
              }
            },
            {
              "batter": "A Pusthay",
              "bowler": "Atif Mehmood",
              "non_striker": "NG Collins",
              "runs": {
                "batter": 0,
                "extras": 0,
                "total": 0
              },
              "wickets": [
                {
                  "player_out": "A Pusthay",
                  "fielders": [
                    {
                      "name": "C Munoz-Mills"
                    }
                  ],
                  "kind": "caught"
                }
              ]
            },
            {
              "batter": "PF Gallagher",
              "bowler": "Atif Mehmood",
              "non_striker": "NG Collins",
              "runs": {
                "batter": 0,
                "extras": 0,
                "total": 0
              }
            },
            {
              "batter": "PF Gallagher",
              "bowler": "Atif Mehmood",
              "non_striker": "NG Collins",
              "runs": {
                "batter": 0,
                "extras": 0,
                "total": 0
              }
            },
            {
              "batter": "PF Gallagher",
              "bowler": "Atif Mehmood",
              "non_striker": "NG Collins",
              "runs": {
                "batter": 0,
                "extras": 0,
                "total": 0
              }
            },
            {
              "batter": "PF Gallagher",
              "bowler": "Atif Mehmood",
              "non_striker": "NG Collins",
              "runs": {
                "batter": 2,
                "extras": 0,
                "total": 2
              }
            }
          ]
        },
        {
          "over": 15,
          "deliveries": [
            {
              "batter": "NG Collins",
              "bowler": "Yasir Ali",
              "non_striker": "PF Gallagher",
              "runs": {
                "batter": 1,
                "extras": 0,
                "total": 1
              }
            },
            {
              "batter": "PF Gallagher",
              "bowler": "Yasir Ali",
              "non_striker": "NG Collins",
              "runs": {
                "batter": 0,
                "extras": 0,
                "total": 0
              },
              "wickets": [
                {
                  "player_out": "PF Gallagher",
                  "fielders": [
                    {
                      "name": "V Vini"
                    }
                  ],
                  "kind": "caught"
                }
              ]
            },
            {
              "batter": "NG Collins",
              "bowler": "Yasir Ali",
              "non_striker": "AK Mohan",
              "runs": {
                "batter": 0,
                "extras": 0,
                "total": 0
              }
            },
            {
              "batter": "NG Collins",
              "bowler": "Yasir Ali",
              "non_striker": "AK Mohan",
              "runs": {
                "batter": 1,
                "extras": 0,
                "total": 1
              }
            },
            {
              "batter": "AK Mohan",
              "bowler": "Yasir Ali",
              "non_striker": "NG Collins",
              "runs": {
                "batter": 0,
                "extras": 0,
                "total": 0
              }
            },
            {
              "batter": "AK Mohan",
              "bowler": "Yasir Ali",
              "non_striker": "NG Collins",
              "runs": {
                "batter": 0,
                "extras": 0,
                "total": 0
              }
            }
          ]
        },
        {
          "over": 16,
          "deliveries": [
            {
              "batter": "NG Collins",
              "bowler": "Atif Mehmood",
              "non_striker": "AK Mohan",
              "runs": {
                "batter": 2,
                "extras": 0,
                "total": 2
              }
            },
            {
              "batter": "NG Collins",
              "bowler": "Atif Mehmood",
              "non_striker": "AK Mohan",
              "runs": {
                "batter": 0,
                "extras": 0,
                "total": 0
              }
            },
            {
              "batter": "NG Collins",
              "bowler": "Atif Mehmood",
              "non_striker": "AK Mohan",
              "runs": {
                "batter": 1,
                "extras": 0,
                "total": 1
              }
            },
            {
              "batter": "AK Mohan",
              "bowler": "Atif Mehmood",
              "non_striker": "NG Collins",
              "runs": {
                "batter": 1,
                "extras": 0,
                "total": 1
              }
            },
            {
              "batter": "NG Collins",
              "bowler": "Atif Mehmood",
              "non_striker": "AK Mohan",
              "runs": {
                "batter": 2,
                "extras": 0,
                "total": 2
              }
            },
            {
              "batter": "NG Collins",
              "bowler": "Atif Mehmood",
              "non_striker": "AK Mohan",
              "runs": {
                "batter": 1,
                "extras": 0,
                "total": 1
              }
            }
          ]
        },
        {
          "over": 17,
          "deliveries": [
            {
              "batter": "AK Mohan",
              "bowler": "Yasir Ali",
              "non_striker": "NG Collins",
              "runs": {
                "batter": 0,
                "extras": 0,
                "total": 0
              }
            },
            {
              "batter": "AK Mohan",
              "bowler": "Yasir Ali",
              "non_striker": "NG Collins",
              "runs": {
                "batter": 4,
                "extras": 0,
                "total": 4
              }
            },
            {
              "batter": "AK Mohan",
              "bowler": "Yasir Ali",
              "non_striker": "NG Collins",
              "runs": {
                "batter": 1,
                "extras": 0,
                "total": 1
              }
            },
            {
              "batter": "NG Collins",
              "bowler": "Yasir Ali",
              "non_striker": "AK Mohan",
              "runs": {
                "batter": 0,
                "extras": 0,
                "total": 0
              },
              "wickets": [
                {
                  "player_out": "NG Collins",
                  "kind": "bowled"
                }
              ]
            },
            {
              "batter": "TDF Vehvilainen",
              "bowler": "Yasir Ali",
              "non_striker": "AK Mohan",
              "runs": {
                "batter": 1,
                "extras": 0,
                "total": 1
              }
            },
            {
              "batter": "AK Mohan",
              "bowler": "Yasir Ali",
              "non_striker": "TDF Vehvilainen",
              "runs": {
                "batter": 0,
                "extras": 0,
                "total": 0
              }
            }
          ]
        },
        {
          "over": 18,
          "deliveries": [
            {
              "batter": "TDF Vehvilainen",
              "bowler": "Atif Mehmood",
              "non_striker": "AK Mohan",
              "runs": {
                "batter": 0,
                "extras": 0,
                "total": 0
              },
              "wickets": [
                {
                  "player_out": "TDF Vehvilainen",
                  "kind": "bowled"
                }
              ]
            },
            {
              "batter": "TK Saha",
              "bowler": "Atif Mehmood",
              "non_striker": "AK Mohan",
              "runs": {
                "batter": 1,
                "extras": 0,
                "total": 1
              }
            },
            {
              "batter": "AK Mohan",
              "bowler": "Atif Mehmood",
              "non_striker": "TK Saha",
              "runs": {
                "batter": 4,
                "extras": 0,
                "total": 4
              }
            },
            {
              "batter": "AK Mohan",
              "bowler": "Atif Mehmood",
              "non_striker": "TK Saha",
              "runs": {
                "batter": 1,
                "extras": 0,
                "total": 1
              }
            },
            {
              "batter": "TK Saha",
              "bowler": "Atif Mehmood",
              "non_striker": "AK Mohan",
              "runs": {
                "batter": 1,
                "extras": 0,
                "total": 1
              }
            },
            {
              "batter": "AK Mohan",
              "bowler": "Atif Mehmood",
              "non_striker": "TK Saha",
              "runs": {
                "batter": 1,
                "extras": 0,
                "total": 1
              }
            }
          ]
        },
        {
          "over": 19,
          "deliveries": [
            {
              "batter": "AK Mohan",
              "bowler": "Yasir Ali",
              "non_striker": "TK Saha",
              "runs": {
                "batter": 2,
                "extras": 0,
                "total": 2
              }
            },
            {
              "batter": "AK Mohan",
              "bowler": "Yasir Ali",
              "non_striker": "TK Saha",
              "runs": {
                "batter": 0,
                "extras": 0,
                "total": 0
              }
            },
            {
              "batter": "AK Mohan",
              "bowler": "Yasir Ali",
              "non_striker": "TK Saha",
              "runs": {
                "batter": 1,
                "extras": 0,
                "total": 1
              }
            },
            {
              "batter": "TK Saha",
              "bowler": "Yasir Ali",
              "non_striker": "AK Mohan",
              "runs": {
                "batter": 1,
                "extras": 0,
                "total": 1
              }
            },
            {
              "batter": "AK Mohan",
              "bowler": "Yasir Ali",
              "non_striker": "TK Saha",
              "runs": {
                "batter": 0,
                "extras": 0,
                "total": 0
              }
            },
            {
              "batter": "AK Mohan",
              "bowler": "Yasir Ali",
              "non_striker": "TK Saha",
              "runs": {
                "batter": 2,
                "extras": 0,
                "total": 2
              }
            }
          ]
        }
      ],
      "powerplays": [
        {
          "from": 0.1,
          "to": 5.6,
          "type": "mandatory"
        }
      ]
    },
    {
      "team": "Spain",
      "overs": [
        {
          "over": 0,
          "deliveries": [
            {
              "batter": "Muhammad Asjed",
              "bowler": "M Chauhan",
              "non_striker": "Kuldeep Lal",
              "runs": {
                "batter": 4,
                "extras": 0,
                "total": 4
              }
            },
            {
              "batter": "Muhammad Asjed",
              "bowler": "M Chauhan",
              "non_striker": "Kuldeep Lal",
              "runs": {
                "batter": 0,
                "extras": 0,
                "total": 0
              },
              "wickets": [
                {
                  "player_out": "Muhammad Asjed",
                  "kind": "bowled"
                }
              ]
            },
            {
              "batter": "Yasir Ali",
              "bowler": "M Chauhan",
              "non_striker": "Kuldeep Lal",
              "runs": {
                "batter": 0,
                "extras": 0,
                "total": 0
              }
            },
            {
              "batter": "Yasir Ali",
              "bowler": "M Chauhan",
              "non_striker": "Kuldeep Lal",
              "runs": {
                "batter": 0,
                "extras": 0,
                "total": 0
              }
            },
            {
              "batter": "Yasir Ali",
              "bowler": "M Chauhan",
              "non_striker": "Kuldeep Lal",
              "runs": {
                "batter": 0,
                "extras": 0,
                "total": 0
              }
            },
            {
              "batter": "Yasir Ali",
              "bowler": "M Chauhan",
              "non_striker": "Kuldeep Lal",
              "runs": {
                "batter": 3,
                "extras": 0,
                "total": 3
              }
            }
          ]
        },
        {
          "over": 1,
          "deliveries": [
            {
              "batter": "Yasir Ali",
              "bowler": "Shoaib Qureshi",
              "non_striker": "Kuldeep Lal",
              "runs": {
                "batter": 0,
                "extras": 0,
                "total": 0
              }
            },
            {
              "batter": "Yasir Ali",
              "bowler": "Shoaib Qureshi",
              "non_striker": "Kuldeep Lal",
              "runs": {
                "batter": 0,
                "extras": 0,
                "total": 0
              }
            },
            {
              "batter": "Yasir Ali",
              "bowler": "Shoaib Qureshi",
              "non_striker": "Kuldeep Lal",
              "runs": {
                "batter": 0,
                "extras": 0,
                "total": 0
              }
            },
            {
              "batter": "Yasir Ali",
              "bowler": "Shoaib Qureshi",
              "non_striker": "Kuldeep Lal",
              "runs": {
                "batter": 4,
                "extras": 0,
                "total": 4
              }
            },
            {
              "batter": "Yasir Ali",
              "bowler": "Shoaib Qureshi",
              "non_striker": "Kuldeep Lal",
              "runs": {
                "batter": 0,
                "extras": 0,
                "total": 0
              }
            },
            {
              "batter": "Yasir Ali",
              "bowler": "Shoaib Qureshi",
              "non_striker": "Kuldeep Lal",
              "runs": {
                "batter": 1,
                "extras": 0,
                "total": 1
              }
            }
          ]
        },
        {
          "over": 2,
          "deliveries": [
            {
              "batter": "Yasir Ali",
              "bowler": "M Chauhan",
              "non_striker": "Kuldeep Lal",
              "runs": {
                "batter": 0,
                "extras": 0,
                "total": 0
              }
            },
            {
              "batter": "Yasir Ali",
              "bowler": "M Chauhan",
              "non_striker": "Kuldeep Lal",
              "runs": {
                "batter": 0,
                "extras": 0,
                "total": 0
              }
            },
            {
              "batter": "Yasir Ali",
              "bowler": "M Chauhan",
              "non_striker": "Kuldeep Lal",
              "runs": {
                "batter": 1,
                "extras": 0,
                "total": 1
              }
            },
            {
              "batter": "Kuldeep Lal",
              "bowler": "M Chauhan",
              "non_striker": "Yasir Ali",
              "runs": {
                "batter": 4,
                "extras": 0,
                "total": 4
              }
            },
            {
              "batter": "Kuldeep Lal",
              "bowler": "M Chauhan",
              "non_striker": "Yasir Ali",
              "runs": {
                "batter": 4,
                "extras": 0,
                "total": 4
              }
            },
            {
              "batter": "Kuldeep Lal",
              "bowler": "M Chauhan",
              "non_striker": "Yasir Ali",
              "runs": {
                "batter": 0,
                "extras": 0,
                "total": 0
              }
            }
          ]
        },
        {
          "over": 3,
          "deliveries": [
            {
              "batter": "Yasir Ali",
              "bowler": "Shoaib Qureshi",
              "non_striker": "Kuldeep Lal",
              "runs": {
                "batter": 4,
                "extras": 0,
                "total": 4
              }
            },
            {
              "batter": "Yasir Ali",
              "bowler": "Shoaib Qureshi",
              "non_striker": "Kuldeep Lal",
              "runs": {
                "batter": 0,
                "extras": 0,
                "total": 0
              }
            },
            {
              "batter": "Yasir Ali",
              "bowler": "Shoaib Qureshi",
              "non_striker": "Kuldeep Lal",
              "runs": {
                "batter": 0,
                "extras": 0,
                "total": 0
              }
            },
            {
              "batter": "Yasir Ali",
              "bowler": "Shoaib Qureshi",
              "non_striker": "Kuldeep Lal",
              "runs": {
                "batter": 1,
                "extras": 0,
                "total": 1
              }
            },
            {
              "batter": "Kuldeep Lal",
              "bowler": "Shoaib Qureshi",
              "non_striker": "Yasir Ali",
              "runs": {
                "batter": 0,
                "extras": 0,
                "total": 0
              }
            },
            {
              "batter": "Kuldeep Lal",
              "bowler": "Shoaib Qureshi",
              "non_striker": "Yasir Ali",
              "runs": {
                "batter": 0,
                "extras": 0,
                "total": 0
              }
            }
          ]
        },
        {
          "over": 4,
          "deliveries": [
            {
              "batter": "Yasir Ali",
              "bowler": "A Pusthay",
              "non_striker": "Kuldeep Lal",
              "runs": {
                "batter": 1,
                "extras": 0,
                "total": 1
              }
            },
            {
              "batter": "Kuldeep Lal",
              "bowler": "A Pusthay",
              "non_striker": "Yasir Ali",
              "runs": {
                "batter": 0,
                "extras": 0,
                "total": 0
              }
            },
            {
              "batter": "Kuldeep Lal",
              "bowler": "A Pusthay",
              "non_striker": "Yasir Ali",
              "runs": {
                "batter": 0,
                "extras": 0,
                "total": 0
              }
            },
            {
              "batter": "Kuldeep Lal",
              "bowler": "A Pusthay",
              "non_striker": "Yasir Ali",
              "runs": {
                "batter": 0,
                "extras": 0,
                "total": 0
              },
              "wickets": [
                {
                  "player_out": "Kuldeep Lal",
                  "fielders": [
                    {
                      "name": "PF Gallagher"
                    }
                  ],
                  "kind": "caught"
                }
              ]
            },
            {
              "batter": "Yasir Ali",
              "bowler": "A Pusthay",
              "non_striker": "PD Hennessy",
              "runs": {
                "batter": 0,
                "extras": 0,
                "total": 0
              }
            },
            {
              "batter": "Yasir Ali",
              "bowler": "A Pusthay",
              "non_striker": "PD Hennessy",
              "runs": {
                "batter": 0,
                "extras": 0,
                "total": 0
              }
            }
          ]
        },
        {
          "over": 5,
          "deliveries": [
            {
              "batter": "PD Hennessy",
              "bowler": "Shoaib Qureshi",
              "non_striker": "Yasir Ali",
              "runs": {
                "batter": 0,
                "extras": 0,
                "total": 0
              },
              "wickets": [
                {
                  "player_out": "PD Hennessy",
                  "kind": "bowled"
                }
              ]
            },
            {
              "batter": "V Vini",
              "bowler": "Shoaib Qureshi",
              "non_striker": "Yasir Ali",
              "runs": {
                "batter": 0,
                "extras": 0,
                "total": 0
              }
            },
            {
              "batter": "V Vini",
              "bowler": "Shoaib Qureshi",
              "non_striker": "Yasir Ali",
              "runs": {
                "batter": 0,
                "extras": 0,
                "total": 0
              }
            },
            {
              "batter": "V Vini",
              "bowler": "Shoaib Qureshi",
              "non_striker": "Yasir Ali",
              "runs": {
                "batter": 0,
                "extras": 0,
                "total": 0
              }
            },
            {
              "batter": "V Vini",
              "bowler": "Shoaib Qureshi",
              "non_striker": "Yasir Ali",
              "runs": {
                "batter": 0,
                "extras": 0,
                "total": 0
              },
              "wickets": [
                {
                  "player_out": "V Vini",
                  "kind": "bowled"
                }
              ]
            },
            {
              "batter": "Atif Mehmood",
              "bowler": "Shoaib Qureshi",
              "non_striker": "Yasir Ali",
              "runs": {
                "batter": 0,
                "extras": 0,
                "total": 0
              }
            }
          ]
        },
        {
          "over": 6,
          "deliveries": [
            {
              "batter": "Yasir Ali",
              "bowler": "A Pusthay",
              "non_striker": "Atif Mehmood",
              "runs": {
                "batter": 0,
                "extras": 0,
                "total": 0
              }
            },
            {
              "batter": "Yasir Ali",
              "bowler": "A Pusthay",
              "non_striker": "Atif Mehmood",
              "runs": {
                "batter": 0,
                "extras": 0,
                "total": 0
              }
            },
            {
              "batter": "Yasir Ali",
              "bowler": "A Pusthay",
              "non_striker": "Atif Mehmood",
              "runs": {
                "batter": 0,
                "extras": 0,
                "total": 0
              }
            },
            {
              "batter": "Yasir Ali",
              "bowler": "A Pusthay",
              "non_striker": "Atif Mehmood",
              "runs": {
                "batter": 0,
                "extras": 0,
                "total": 0
              }
            },
            {
              "batter": "Yasir Ali",
              "bowler": "A Pusthay",
              "non_striker": "Atif Mehmood",
              "runs": {
                "batter": 1,
                "extras": 0,
                "total": 1
              }
            },
            {
              "batter": "Atif Mehmood",
              "bowler": "A Pusthay",
              "non_striker": "Yasir Ali",
              "runs": {
                "batter": 0,
                "extras": 0,
                "total": 0
              }
            }
          ]
        },
        {
          "over": 7,
          "deliveries": [
            {
              "batter": "Yasir Ali",
              "bowler": "Shoaib Qureshi",
              "non_striker": "Atif Mehmood",
              "runs": {
                "batter": 0,
                "extras": 0,
                "total": 0
              }
            },
            {
              "batter": "Yasir Ali",
              "bowler": "Shoaib Qureshi",
              "non_striker": "Atif Mehmood",
              "runs": {
                "batter": 0,
                "extras": 0,
                "total": 0
              }
            },
            {
              "batter": "Yasir Ali",
              "bowler": "Shoaib Qureshi",
              "non_striker": "Atif Mehmood",
              "runs": {
                "batter": 0,
                "extras": 0,
                "total": 0
              }
            },
            {
              "batter": "Yasir Ali",
              "bowler": "Shoaib Qureshi",
              "non_striker": "Atif Mehmood",
              "runs": {
                "batter": 2,
                "extras": 0,
                "total": 2
              }
            },
            {
              "batter": "Yasir Ali",
              "bowler": "Shoaib Qureshi",
              "non_striker": "Atif Mehmood",
              "runs": {
                "batter": 1,
                "extras": 0,
                "total": 1
              }
            },
            {
              "batter": "Atif Mehmood",
              "bowler": "Shoaib Qureshi",
              "non_striker": "Yasir Ali",
              "runs": {
                "batter": 1,
                "extras": 0,
                "total": 1
              }
            }
          ]
        },
        {
          "over": 8,
          "deliveries": [
            {
              "batter": "Atif Mehmood",
              "bowler": "H Dandapani",
              "non_striker": "Yasir Ali",
              "runs": {
                "batter": 0,
                "extras": 0,
                "total": 0
              }
            },
            {
              "batter": "Atif Mehmood",
              "bowler": "H Dandapani",
              "non_striker": "Yasir Ali",
              "runs": {
                "batter": 1,
                "extras": 0,
                "total": 1
              }
            },
            {
              "batter": "Yasir Ali",
              "bowler": "H Dandapani",
              "non_striker": "Atif Mehmood",
              "runs": {
                "batter": 1,
                "extras": 0,
                "total": 1
              }
            },
            {
              "batter": "Atif Mehmood",
              "bowler": "H Dandapani",
              "non_striker": "Yasir Ali",
              "runs": {
                "batter": 1,
                "extras": 0,
                "total": 1
              }
            },
            {
              "batter": "Yasir Ali",
              "bowler": "H Dandapani",
              "non_striker": "Atif Mehmood",
              "runs": {
                "batter": 1,
                "extras": 0,
                "total": 1
              }
            },
            {
              "batter": "Atif Mehmood",
              "bowler": "H Dandapani",
              "non_striker": "Yasir Ali",
              "runs": {
                "batter": 1,
                "extras": 0,
                "total": 1
              }
            }
          ]
        },
        {
          "over": 9,
          "deliveries": [
            {
              "batter": "Atif Mehmood",
              "bowler": "TK Saha",
              "non_striker": "Yasir Ali",
              "runs": {
                "batter": 1,
                "extras": 0,
                "total": 1
              }
            },
            {
              "batter": "Yasir Ali",
              "bowler": "TK Saha",
              "non_striker": "Atif Mehmood",
              "runs": {
                "batter": 0,
                "extras": 0,
                "total": 0
              },
              "wickets": [
                {
                  "player_out": "Yasir Ali",
                  "kind": "bowled"
                }
              ]
            },
            {
              "batter": "R Panchal",
              "bowler": "TK Saha",
              "non_striker": "Atif Mehmood",
              "runs": {
                "batter": 1,
                "extras": 0,
                "total": 1
              }
            },
            {
              "batter": "Atif Mehmood",
              "bowler": "TK Saha",
              "non_striker": "R Panchal",
              "runs": {
                "batter": 1,
                "extras": 0,
                "total": 1
              }
            },
            {
              "batter": "R Panchal",
              "bowler": "TK Saha",
              "non_striker": "Atif Mehmood",
              "runs": {
                "batter": 1,
                "extras": 0,
                "total": 1
              }
            },
            {
              "batter": "Atif Mehmood",
              "bowler": "TK Saha",
              "non_striker": "R Panchal",
              "runs": {
                "batter": 0,
                "extras": 0,
                "total": 0
              }
            }
          ]
        },
        {
          "over": 10,
          "deliveries": [
            {
              "batter": "R Panchal",
              "bowler": "H Dandapani",
              "non_striker": "Atif Mehmood",
              "runs": {
                "batter": 1,
                "extras": 0,
                "total": 1
              }
            },
            {
              "batter": "Atif Mehmood",
              "bowler": "H Dandapani",
              "non_striker": "R Panchal",
              "runs": {
                "batter": 0,
                "extras": 0,
                "total": 0
              }
            },
            {
              "batter": "Atif Mehmood",
              "bowler": "H Dandapani",
              "non_striker": "R Panchal",
              "runs": {
                "batter": 0,
                "extras": 0,
                "total": 0
              }
            },
            {
              "batter": "Atif Mehmood",
              "bowler": "H Dandapani",
              "non_striker": "R Panchal",
              "runs": {
                "batter": 1,
                "extras": 0,
                "total": 1
              }
            },
            {
              "batter": "R Panchal",
              "bowler": "H Dandapani",
              "non_striker": "Atif Mehmood",
              "runs": {
                "batter": 1,
                "extras": 0,
                "total": 1
              }
            },
            {
              "batter": "Atif Mehmood",
              "bowler": "H Dandapani",
              "non_striker": "R Panchal",
              "runs": {
                "batter": 1,
                "extras": 0,
                "total": 1
              }
            }
          ]
        },
        {
          "over": 11,
          "deliveries": [
            {
              "batter": "Atif Mehmood",
              "bowler": "TK Saha",
              "non_striker": "R Panchal",
              "runs": {
                "batter": 6,
                "extras": 0,
                "total": 6
              }
            },
            {
              "batter": "Atif Mehmood",
              "bowler": "TK Saha",
              "non_striker": "R Panchal",
              "runs": {
                "batter": 1,
                "extras": 0,
                "total": 1
              }
            },
            {
              "batter": "R Panchal",
              "bowler": "TK Saha",
              "non_striker": "Atif Mehmood",
              "runs": {
                "batter": 1,
                "extras": 0,
                "total": 1
              }
            },
            {
              "batter": "Atif Mehmood",
              "bowler": "TK Saha",
              "non_striker": "R Panchal",
              "runs": {
                "batter": 0,
                "extras": 0,
                "total": 0
              }
            },
            {
              "batter": "Atif Mehmood",
              "bowler": "TK Saha",
              "non_striker": "R Panchal",
              "runs": {
                "batter": 1,
                "extras": 0,
                "total": 1
              }
            },
            {
              "batter": "R Panchal",
              "bowler": "TK Saha",
              "non_striker": "Atif Mehmood",
              "runs": {
                "batter": 1,
                "extras": 0,
                "total": 1
              }
            }
          ]
        },
        {
          "over": 12,
          "deliveries": [
            {
              "batter": "R Panchal",
              "bowler": "H Dandapani",
              "non_striker": "Atif Mehmood",
              "runs": {
                "batter": 1,
                "extras": 0,
                "total": 1
              }
            },
            {
              "batter": "Atif Mehmood",
              "bowler": "H Dandapani",
              "non_striker": "R Panchal",
              "runs": {
                "batter": 0,
                "extras": 0,
                "total": 0
              }
            },
            {
              "batter": "Atif Mehmood",
              "bowler": "H Dandapani",
              "non_striker": "R Panchal",
              "runs": {
                "batter": 0,
                "extras": 0,
                "total": 0
              }
            },
            {
              "batter": "Atif Mehmood",
              "bowler": "H Dandapani",
              "non_striker": "R Panchal",
              "runs": {
                "batter": 1,
                "extras": 0,
                "total": 1
              }
            },
            {
              "batter": "R Panchal",
              "bowler": "H Dandapani",
              "non_striker": "Atif Mehmood",
              "runs": {
                "batter": 1,
                "extras": 0,
                "total": 1
              }
            },
            {
              "batter": "Atif Mehmood",
              "bowler": "H Dandapani",
              "non_striker": "R Panchal",
              "runs": {
                "batter": 1,
                "extras": 0,
                "total": 1
              }
            }
          ]
        },
        {
          "over": 13,
          "deliveries": [
            {
              "batter": "Atif Mehmood",
              "bowler": "TK Saha",
              "non_striker": "R Panchal",
              "runs": {
                "batter": 0,
                "extras": 0,
                "total": 0
              },
              "wickets": [
                {
                  "player_out": "Atif Mehmood",
                  "fielders": [
                    {
                      "name": "A Pusthay"
                    }
                  ],
                  "kind": "caught"
                }
              ]
            },
            {
              "batter": "C Munoz-Mills",
              "bowler": "TK Saha",
              "non_striker": "R Panchal",
              "runs": {
                "batter": 0,
                "extras": 0,
                "total": 0
              }
            },
            {
              "batter": "C Munoz-Mills",
              "bowler": "TK Saha",
              "extras": {
                "byes": 1
              },
              "non_striker": "R Panchal",
              "runs": {
                "batter": 0,
                "extras": 1,
                "total": 1
              }
            },
            {
              "batter": "R Panchal",
              "bowler": "TK Saha",
              "non_striker": "C Munoz-Mills",
              "runs": {
                "batter": 0,
                "extras": 0,
                "total": 0
              }
            },
            {
              "batter": "R Panchal",
              "bowler": "TK Saha",
              "non_striker": "C Munoz-Mills",
              "runs": {
                "batter": 1,
                "extras": 0,
                "total": 1
              }
            },
            {
              "batter": "C Munoz-Mills",
              "bowler": "TK Saha",
              "non_striker": "R Panchal",
              "runs": {
                "batter": 0,
                "extras": 0,
                "total": 0
              }
            }
          ]
        },
        {
          "over": 14,
          "deliveries": [
            {
              "batter": "R Panchal",
              "bowler": "H Dandapani",
              "extras": {
                "byes": 2
              },
              "non_striker": "C Munoz-Mills",
              "runs": {
                "batter": 0,
                "extras": 2,
                "total": 2
              }
            },
            {
              "batter": "R Panchal",
              "bowler": "H Dandapani",
              "non_striker": "C Munoz-Mills",
              "runs": {
                "batter": 0,
                "extras": 0,
                "total": 0
              },
              "wickets": [
                {
                  "player_out": "R Panchal",
                  "kind": "caught and bowled"
                }
              ]
            },
            {
              "batter": "AD Algar",
              "bowler": "H Dandapani",
              "non_striker": "C Munoz-Mills",
              "runs": {
                "batter": 0,
                "extras": 0,
                "total": 0
              }
            },
            {
              "batter": "AD Algar",
              "bowler": "H Dandapani",
              "non_striker": "C Munoz-Mills",
              "runs": {
                "batter": 2,
                "extras": 0,
                "total": 2
              }
            },
            {
              "batter": "AD Algar",
              "bowler": "H Dandapani",
              "non_striker": "C Munoz-Mills",
              "runs": {
                "batter": 0,
                "extras": 0,
                "total": 0
              }
            },
            {
              "batter": "AD Algar",
              "bowler": "H Dandapani",
              "non_striker": "C Munoz-Mills",
              "runs": {
                "batter": 0,
                "extras": 0,
                "total": 0
              }
            }
          ]
        },
        {
          "over": 15,
          "deliveries": [
            {
              "batter": "C Munoz-Mills",
              "bowler": "TK Saha",
              "non_striker": "AD Algar",
              "runs": {
                "batter": 0,
                "extras": 0,
                "total": 0
              }
            },
            {
              "batter": "C Munoz-Mills",
              "bowler": "TK Saha",
              "non_striker": "AD Algar",
              "runs": {
                "batter": 4,
                "extras": 0,
                "total": 4
              }
            },
            {
              "batter": "C Munoz-Mills",
              "bowler": "TK Saha",
              "non_striker": "AD Algar",
              "runs": {
                "batter": 2,
                "extras": 0,
                "total": 2
              }
            },
            {
              "batter": "C Munoz-Mills",
              "bowler": "TK Saha",
              "non_striker": "AD Algar",
              "runs": {
                "batter": 0,
                "extras": 0,
                "total": 0
              }
            },
            {
              "batter": "C Munoz-Mills",
              "bowler": "TK Saha",
              "non_striker": "AD Algar",
              "runs": {
                "batter": 0,
                "extras": 0,
                "total": 0
              }
            },
            {
              "batter": "C Munoz-Mills",
              "bowler": "TK Saha",
              "non_striker": "AD Algar",
              "runs": {
                "batter": 0,
                "extras": 0,
                "total": 0
              }
            }
          ]
        },
        {
          "over": 16,
          "deliveries": [
            {
              "batter": "AD Algar",
              "bowler": "A Pusthay",
              "non_striker": "C Munoz-Mills",
              "runs": {
                "batter": 1,
                "extras": 0,
                "total": 1
              }
            },
            {
              "batter": "C Munoz-Mills",
              "bowler": "A Pusthay",
              "non_striker": "AD Algar",
              "runs": {
                "batter": 2,
                "extras": 0,
                "total": 2
              }
            },
            {
              "batter": "C Munoz-Mills",
              "bowler": "A Pusthay",
              "non_striker": "AD Algar",
              "runs": {
                "batter": 1,
                "extras": 0,
                "total": 1
              }
            },
            {
              "batter": "AD Algar",
              "bowler": "A Pusthay",
              "non_striker": "C Munoz-Mills",
              "runs": {
                "batter": 1,
                "extras": 0,
                "total": 1
              }
            },
            {
              "batter": "C Munoz-Mills",
              "bowler": "A Pusthay",
              "non_striker": "AD Algar",
              "runs": {
                "batter": 2,
                "extras": 0,
                "total": 2
              }
            },
            {
              "batter": "C Munoz-Mills",
              "bowler": "A Pusthay",
              "non_striker": "AD Algar",
              "runs": {
                "batter": 2,
                "extras": 0,
                "total": 2
              }
            }
          ]
        },
        {
          "over": 17,
          "deliveries": [
            {
              "batter": "AD Algar",
              "bowler": "M Chauhan",
              "non_striker": "C Munoz-Mills",
              "runs": {
                "batter": 0,
                "extras": 0,
                "total": 0
              }
            },
            {
              "batter": "AD Algar",
              "bowler": "M Chauhan",
              "non_striker": "C Munoz-Mills",
              "runs": {
                "batter": 1,
                "extras": 0,
                "total": 1
              }
            },
            {
              "batter": "C Munoz-Mills",
              "bowler": "M Chauhan",
              "non_striker": "AD Algar",
              "runs": {
                "batter": 0,
                "extras": 0,
                "total": 0
              }
            },
            {
              "batter": "C Munoz-Mills",
              "bowler": "M Chauhan",
              "non_striker": "AD Algar",
              "runs": {
                "batter": 1,
                "extras": 0,
                "total": 1
              }
            },
            {
              "batter": "AD Algar",
              "bowler": "M Chauhan",
              "non_striker": "C Munoz-Mills",
              "runs": {
                "batter": 0,
                "extras": 0,
                "total": 0
              }
            },
            {
              "batter": "AD Algar",
              "bowler": "M Chauhan",
              "non_striker": "C Munoz-Mills",
              "runs": {
                "batter": 1,
                "extras": 0,
                "total": 1
              }
            }
          ]
        },
        {
          "over": 18,
          "deliveries": [
            {
              "batter": "AD Algar",
              "bowler": "A Pusthay",
              "non_striker": "C Munoz-Mills",
              "runs": {
                "batter": 2,
                "extras": 0,
                "total": 2
              }
            },
            {
              "batter": "AD Algar",
              "bowler": "A Pusthay",
              "non_striker": "C Munoz-Mills",
              "runs": {
                "batter": 0,
                "extras": 0,
                "total": 0
              }
            },
            {
              "batter": "AD Algar",
              "bowler": "A Pusthay",
              "non_striker": "C Munoz-Mills",
              "runs": {
                "batter": 1,
                "extras": 0,
                "total": 1
              }
            },
            {
              "batter": "C Munoz-Mills",
              "bowler": "A Pusthay",
              "non_striker": "AD Algar",
              "runs": {
                "batter": 1,
                "extras": 0,
                "total": 1
              }
            },
            {
              "batter": "AD Algar",
              "bowler": "A Pusthay",
              "non_striker": "C Munoz-Mills",
              "runs": {
                "batter": 0,
                "extras": 0,
                "total": 0
              },
              "wickets": [
                {
                  "player_out": "AD Algar",
                  "kind": "run out"
                }
              ]
            },
            {
              "batter": "C Munoz-Mills",
              "bowler": "A Pusthay",
              "non_striker": "TC Vine",
              "runs": {
                "batter": 2,
                "extras": 0,
                "total": 2
              }
            }
          ]
        },
        {
          "over": 19,
          "deliveries": [
            {
              "batter": "TC Vine",
              "bowler": "M Chauhan",
              "non_striker": "C Munoz-Mills",
              "runs": {
                "batter": 0,
                "extras": 0,
                "total": 0
              }
            },
            {
              "batter": "TC Vine",
              "bowler": "M Chauhan",
              "non_striker": "C Munoz-Mills",
              "runs": {
                "batter": 1,
                "extras": 0,
                "total": 1
              }
            },
            {
              "batter": "C Munoz-Mills",
              "bowler": "M Chauhan",
              "non_striker": "TC Vine",
              "runs": {
                "batter": 0,
                "extras": 0,
                "total": 0
              }
            },
            {
              "batter": "C Munoz-Mills",
              "bowler": "M Chauhan",
              "non_striker": "TC Vine",
              "runs": {
                "batter": 0,
                "extras": 0,
                "total": 0
              },
              "wickets": [
                {
                  "player_out": "TC Vine",
                  "kind": "run out"
                }
              ]
            },
            {
              "batter": "C Munoz-Mills",
              "bowler": "M Chauhan",
              "non_striker": "J Roper",
              "runs": {
                "batter": 1,
                "extras": 0,
                "total": 1
              }
            },
            {
              "batter": "J Roper",
              "bowler": "M Chauhan",
              "non_striker": "C Munoz-Mills",
              "runs": {
                "batter": 0,
                "extras": 0,
                "total": 0
              }
            }
          ]
        }
      ],
      "powerplays": [
        {
          "from": 0.1,
          "to": 5.6,
          "type": "mandatory"
        }
      ],
      "target": {
        "overs": 20,
        "runs": 120
      }
    }
  ]
}