{
  "meta": {
    "data_version": "1.0.0",
    "created": "2020-09-10",
    "revision": 2
  },
  "info": {
    "balls_per_over": 6,
    "city": "Morrisville",
    "dates": [
      "2018-09-19"
    ],
    "event": {
      "name": "ICC World Twenty20 Americas Sub Regional Qualifier A",
      "match_number": 2
    },
    "gender": "male",
    "match_type": "IT20",
    "officials": {
      "umpires": [
        "SN Bandekar",
        "H Grewal"
      ]
    },
    "outcome": {
      "winner": "Canada",
      "by": {
        "wickets": 10
      }
    },
    "overs": 20,
    "player_of_match": [
      "NR Kumar"
    ],
    "players": {
      "Belize": [
        "AK Muslar",
        "KJ Young",
        "F Sutherland",
        "C Brown",
        "HH Banner",
        "K Roca",
        "J Benjamin",
        "L Hyde",
        "B Hower",
        "D Sutherland",
        "N Revers"
      ],
      "Canada": [
        "SA Wijeratne",
        "NS Dhaliwal",
        "D Heyliger",
        "Hamza Tariq",
        "RA Thomas",
        "C Pervez",
        "N Dutta",
        "Rizwan Cheema",
        "Saad Bin Zafar",
        "GDR Eranga",
        "NR Kumar"
      ]
    },
    "registry": {
      "people": {
        "AK Muslar": "93f72fdc",
        "B Hower": "5c925ee7",
        "C Brown": "d504bc4c",
        "C Pervez": "7bf34437",
        "D Heyliger": "f8c72766",
        "D Sutherland": "b7879e16",
        "F Sutherland": "d0f5e72d",
        "GDR Eranga": "95c434f7",
        "H Grewal": "1172f36e",
        "HH Banner": "8144820e",
        "Hamza Tariq": "82e81007",
        "J Benjamin": "621905b0",
        "K Roca": "36cdbfec",
        "KJ Young": "8bba9ec2",
        "L Hyde": "c5d7b5d8",
        "N Dutta": "e258a603",
        "N Revers": "ea56e843",
        "NR Kumar": "b3bad3f2",
        "NS Dhaliwal": "cbabd6ad",
        "RA Thomas": "6db7068e",
        "Rizwan Cheema": "3a026eb4",
        "SA Wijeratne": "5fbd0632",
        "SN Bandekar": "350528bb",
        "Saad Bin Zafar": "f28a60e0"
      }
    },
    "season": "2018/19",
    "team_type": "international",
    "teams": [
      "Belize",
      "Canada"
    ],
    "toss": {
      "decision": "bat",
      "winner": "Belize"
    },
    "venue": "Church Street Park"
  },
  "innings": [
    {
      "team": "Belize",
      "overs": [
        {
          "over": 0,
          "deliveries": [
            {
              "batter": "AK Muslar",
              "bowler": "C Pervez",
              "extras": {
                "legbyes": 1
              },
              "non_striker": "KJ Young",
              "runs": {
                "batter": 0,
                "extras": 1,
                "total": 1
              }
            },
            {
              "batter": "KJ Young",
              "bowler": "C Pervez",
              "non_striker": "AK Muslar",
              "runs": {
                "batter": 0,
                "extras": 0,
                "total": 0
              }
            },
            {
              "batter": "KJ Young",
              "bowler": "C Pervez",
              "non_striker": "AK Muslar",
              "runs": {
                "batter": 0,
                "extras": 0,
                "total": 0
              }
            },
            {
              "batter": "KJ Young",
              "bowler": "C Pervez",
              "non_striker": "AK Muslar",
              "runs": {
                "batter": 0,
                "extras": 0,
                "total": 0
              }
            },
            {
              "batter": "KJ Young",
              "bowler": "C Pervez",
              "non_striker": "AK Muslar",
              "runs": {
                "batter": 0,
                "extras": 0,
                "total": 0
              }
            },
            {
              "batter": "KJ Young",
              "bowler": "C Pervez",
              "non_striker": "AK Muslar",
              "runs": {
                "batter": 0,
                "extras": 0,
                "total": 0
              }
            }
          ]
        },
        {
          "over": 1,
          "deliveries": [
            {
              "batter": "AK Muslar",
              "bowler": "GDR Eranga",
              "non_striker": "KJ Young",
              "runs": {
                "batter": 0,
                "extras": 0,
                "total": 0
              }
            },
            {
              "batter": "AK Muslar",
              "bowler": "GDR Eranga",
              "non_striker": "KJ Young",
              "runs": {
                "batter": 0,
                "extras": 0,
                "total": 0
              }
            },
            {
              "batter": "AK Muslar",
              "bowler": "GDR Eranga",
              "extras": {
                "noballs": 1
              },
              "non_striker": "KJ Young",
              "runs": {
                "batter": 0,
                "extras": 1,
                "total": 1
              }
            },
            {
              "batter": "AK Muslar",
              "bowler": "GDR Eranga",
              "non_striker": "KJ Young",
              "runs": {
                "batter": 2,
                "extras": 0,
                "total": 2
              }
            },
            {
              "batter": "AK Muslar",
              "bowler": "GDR Eranga",
              "non_striker": "KJ Young",
              "runs": {
                "batter": 0,
                "extras": 0,
                "total": 0
              },
              "wickets": [
                {
                  "player_out": "AK Muslar",
                  "fielders": [
                    {
                      "name": "NR Kumar"
                    }
                  ],
                  "kind": "caught"
                }
              ]
            },
            {
              "batter": "F Sutherland",
              "bowler": "GDR Eranga",
              "non_striker": "KJ Young",
              "runs": {
                "batter": 0,
                "extras": 0,
                "total": 0
              },
              "wickets": [
                {
                  "player_out": "F Sutherland",
                  "kind": "bowled"
                }
              ]
            },
            {
              "batter": "C Brown",
              "bowler": "GDR Eranga",
              "non_striker": "KJ Young",
              "runs": {
                "batter": 0,
                "extras": 0,
                "total": 0
              }
            }
          ]
        },
        {
          "over": 2,
          "deliveries": [
            {
              "batter": "KJ Young",
              "bowler": "C Pervez",
              "non_striker": "C Brown",
              "runs": {
                "batter": 0,
                "extras": 0,
                "total": 0
              }
            },
            {
              "batter": "KJ Young",
              "bowler": "C Pervez",
              "extras": {
                "wides": 1
              },
              "non_striker": "C Brown",
              "runs": {
                "batter": 0,
                "extras": 1,
                "total": 1
              }
            },
            {
              "batter": "KJ Young",
              "bowler": "C Pervez",
              "non_striker": "C Brown",
              "runs": {
                "batter": 0,
                "extras": 0,
                "total": 0
              }
            },
            {
              "batter": "KJ Young",
              "bowler": "C Pervez",
              "non_striker": "C Brown",
              "runs": {
                "batter": 0,
                "extras": 0,
                "total": 0
              }
            },
            {
              "batter": "KJ Young",
              "bowler": "C Pervez",
              "non_striker": "C Brown",
              "runs": {
                "batter": 0,
                "extras": 0,
                "total": 0
              }
            },
            {
              "batter": "KJ Young",
              "bowler": "C Pervez",
              "non_striker": "C Brown",
              "runs": {
                "batter": 0,
                "extras": 0,
                "total": 0
              }
            },
            {
              "batter": "KJ Young",
              "bowler": "C Pervez",
              "non_striker": "C Brown",
              "runs": {
                "batter": 0,
                "extras": 0,
                "total": 0
              }
            }
          ]
        },
        {
          "over": 3,
          "deliveries": [
            {
              "batter": "C Brown",
              "bowler": "GDR Eranga",
              "non_striker": "KJ Young",
              "runs": {
                "batter": 0,
                "extras": 0,
                "total": 0
              }
            },
            {
              "batter": "C Brown",
              "bowler": "GDR Eranga",
              "non_striker": "KJ Young",
              "runs": {
                "batter": 0,
                "extras": 0,
                "total": 0
              }
            },
            {
              "batter": "C Brown",
              "bowler": "GDR Eranga",
              "non_striker": "KJ Young",
              "runs": {
                "batter": 0,
                "extras": 0,
                "total": 0
              }
            },
            {
              "batter": "C Brown",
              "bowler": "GDR Eranga",
              "extras": {
                "legbyes": 1
              },
              "non_striker": "KJ Young",
              "runs": {
                "batter": 0,
                "extras": 1,
                "total": 1
              }
            },
            {
              "batter": "KJ Young",
              "bowler": "GDR Eranga",
              "non_striker": "C Brown",
              "runs": {
                "batter": 0,
                "extras": 0,
                "total": 0
              },
              "wickets": [
                {
                  "player_out": "KJ Young",
                  "fielders": [
                    {
                      "name": "SA Wijeratne"
                    }
                  ],
                  "kind": "caught"
                }
              ]
            },
            {
              "batter": "HH Banner",
              "bowler": "GDR Eranga",
              "extras": {
                "wides": 1
              },
              "non_striker": "C Brown",
              "runs": {
                "batter": 0,
                "extras": 1,
                "total": 1
              }
            },
            {
              "batter": "HH Banner",
              "bowler": "GDR Eranga",
              "non_striker": "C Brown",
              "runs": {
                "batter": 0,
                "extras": 0,
                "total": 0
              }
            }
          ]
        },
        {
          "over": 4,
          "deliveries": [
            {
              "batter": "C Brown",
              "bowler": "N Dutta",
              "non_striker": "HH Banner",
              "runs": {
                "batter": 0,
                "extras": 0,
                "total": 0
              }
            },
            {
              "batter": "C Brown",
              "bowler": "N Dutta",
              "non_striker": "HH Banner",
              "runs": {
                "batter": 0,
                "extras": 0,
                "total": 0
              }
            },
            {
              "batter": "C Brown",
              "bowler": "N Dutta",
              "non_striker": "HH Banner",
              "runs": {
                "batter": 0,
                "extras": 0,
                "total": 0
              }
            },
            {
              "batter": "C Brown",
              "bowler": "N Dutta",
              "extras": {
                "wides": 1
              },
              "non_striker": "HH Banner",
              "runs": {
                "batter": 0,
                "extras": 1,
                "total": 1
              }
            },
            {
              "batter": "C Brown",
              "bowler": "N Dutta",
              "non_striker": "HH Banner",
              "runs": {
                "batter": 0,
                "extras": 0,
                "total": 0
              }
            },
            {
              "batter": "C Brown",
              "bowler": "N Dutta",
              "non_striker": "HH Banner",
              "runs": {
                "batter": 0,
                "extras": 0,
                "total": 0
              }
            },
            {
              "batter": "C Brown",
              "bowler": "N Dutta",
              "non_striker": "HH Banner",
              "runs": {
                "batter": 0,
                "extras": 0,
                "total": 0
              }
            }
          ]
        },
        {
          "over": 5,
          "deliveries": [
            {
              "batter": "HH Banner",
              "bowler": "GDR Eranga",
              "non_striker": "C Brown",
              "runs": {
                "batter": 0,
                "extras": 0,
                "total": 0
              }
            },
            {
              "batter": "HH Banner",
              "bowler": "GDR Eranga",
              "non_striker": "C Brown",
              "runs": {
                "batter": 0,
                "extras": 0,
                "total": 0
              }
            },
            {
              "batter": "HH Banner",
              "bowler": "GDR Eranga",
              "non_striker": "C Brown",
              "runs": {
                "batter": 0,
                "extras": 0,
                "total": 0
              }
            },
            {
              "batter": "HH Banner",
              "bowler": "GDR Eranga",
              "non_striker": "C Brown",
              "runs": {
                "batter": 0,
                "extras": 0,
                "total": 0
              }
            },
            {
              "batter": "HH Banner",
              "bowler": "GDR Eranga",
              "extras": {
                "wides": 1
              },
              "non_striker": "C Brown",
              "runs": {
                "batter": 0,
                "extras": 1,
                "total": 1
              }
            },
            {
              "batter": "HH Banner",
              "bowler": "GDR Eranga",
              "non_striker": "C Brown",
              "runs": {
                "batter": 0,
                "extras": 0,
                "total": 0
              }
            },
            {
              "batter": "HH Banner",
              "bowler": "GDR Eranga",
              "non_striker": "C Brown",
              "runs": {
                "batter": 0,
                "extras": 0,
                "total": 0
              }
            }
          ]
        },
        {
          "over": 6,
          "deliveries": [
            {
              "batter": "C Brown",
              "bowler": "N Dutta",
              "non_striker": "HH Banner",
              "runs": {
                "batter": 2,
                "extras": 0,
                "total": 2
              }
            },
            {
              "batter": "C Brown",
              "bowler": "N Dutta",
              "non_striker": "HH Banner",
              "runs": {
                "batter": 1,
                "extras": 0,
                "total": 1
              }
            },
            {
              "batter": "HH Banner",
              "bowler": "N Dutta",
              "non_striker": "C Brown",
              "runs": {
                "batter": 1,
                "extras": 0,
                "total": 1
              }
            },
            {
              "batter": "C Brown",
              "bowler": "N Dutta",
              "non_striker": "HH Banner",
              "runs": {
                "batter": 1,
                "extras": 0,
                "total": 1
              }
            },
            {
              "batter": "HH Banner",
              "bowler": "N Dutta",
              "non_striker": "C Brown",
              "runs": {
                "batter": 2,
                "extras": 0,
                "total": 2
              }
            },
            {
              "batter": "HH Banner",
              "bowler": "N Dutta",
              "non_striker": "C Brown",
              "runs": {
                "batter": 0,
                "extras": 0,
                "total": 0
              }
            }
          ]
        },
        {
          "over": 7,
          "deliveries": [
            {
              "batter": "C Brown",
              "bowler": "D Heyliger",
              "non_striker": "HH Banner",
              "runs": {
                "batter": 0,
                "extras": 0,
                "total": 0
              }
            },
            {
              "batter": "C Brown",
              "bowler": "D Heyliger",
              "non_striker": "HH Banner",
              "runs": {
                "batter": 0,
                "extras": 0,
                "total": 0
              }
            },
            {
              "batter": "C Brown",
              "bowler": "D Heyliger",
              "non_striker": "HH Banner",
              "runs": {
                "batter": 0,
                "extras": 0,
                "total": 0
              }
            },
            {
              "batter": "C Brown",
              "bowler": "D Heyliger",
              "non_striker": "HH Banner",
              "runs": {
                "batter": 2,
                "extras": 0,
                "total": 2
              }
            },
            {
              "batter": "C Brown",
              "bowler": "D Heyliger",
              "non_striker": "HH Banner",
              "runs": {
                "batter": 2,
                "extras": 0,
                "total": 2
              }
            },
            {
              "batter": "C Brown",
              "bowler": "D Heyliger",
              "non_striker": "HH Banner",
              "runs": {
                "batter": 0,
                "extras": 0,
                "total": 0
              }
            }
          ]
        },
        {
          "over": 8,
          "deliveries": [
            {
              "batter": "HH Banner",
              "bowler": "NR Kumar",
              "non_striker": "C Brown",
              "runs": {
                "batter": 1,
                "extras": 0,
                "total": 1
              }
            },
            {
              "batter": "C Brown",
              "bowler": "NR Kumar",
              "non_striker": "HH Banner",
              "runs": {
                "batter": 0,
                "extras": 0,
                "total": 0
              },
              "wickets": [
                {
                  "player_out": "C Brown",
                  "kind": "lbw"
                }
              ]
            },
            {
              "batter": "K Roca",
              "bowler": "NR Kumar",
              "non_striker": "HH Banner",
              "runs": {
                "batter": 0,
                "extras": 0,
                "total": 0
              }
            },
            {
              "batter": "K Roca",
              "bowler": "NR Kumar",
              "non_striker": "HH Banner",
              "runs": {
                "batter": 0,
                "extras": 0,
                "total": 0
              },
              "wickets": [
                {
                  "player_out": "K Roca",
                  "fielders": [
                    {
                      "name": "Saad Bin Zafar"
                    }
                  ],
                  "kind": "caught"
                }
              ]
            },
            {
              "batter": "HH Banner",
              "bowler": "NR Kumar",
              "non_striker": "J Benjamin",
              "runs": {
                "batter": 0,
                "extras": 0,
                "total": 0
              },
              "wickets": [
                {
                  "player_out": "HH Banner",
                  "fielders": [
                    {
                      "name": "Hamza Tariq"
                    }
                  ],
                  "kind": "stumped"
                }
              ]
            },
            {
              "batter": "L Hyde",
              "bowler": "NR Kumar",
              "non_striker": "J Benjamin",
              "runs": {
                "batter": 0,
                "extras": 0,
                "total": 0
              }
            }
          ]
        },
        {
          "over": 9,
          "deliveries": [
            {
              "batter": "J Benjamin",
              "bowler": "D Heyliger",
              "non_striker": "L Hyde",
              "runs": {
                "batter": 0,
                "extras": 0,
                "total": 0
              }
            },
            {
              "batter": "J Benjamin",
              "bowler": "D Heyliger",
              "non_striker": "L Hyde",
              "runs": {
                "batter": 0,
                "extras": 0,
                "total": 0
              }
            },
            {
              "batter": "J Benjamin",
              "bowler": "D Heyliger",
              "non_striker": "L Hyde",
              "runs": {
                "batter": 4,
                "extras": 0,
                "total": 4
              }
            },
            {
              "batter": "J Benjamin",
              "bowler": "D Heyliger",
              "non_striker": "L Hyde",
              "runs": {
                "batter": 0,
                "extras": 0,
                "total": 0
              },
              "wickets": [
                {
                  "player_out": "J Benjamin",
                  "kind": "bowled"
                }
              ]
            },
            {
              "batter": "B Hower",
              "bowler": "D Heyliger",
              "non_striker": "L Hyde",
              "runs": {
                "batter": 0,
                "extras": 0,
                "total": 0
              }
            },
            {
              "batter": "B Hower",
              "bowler": "D Heyliger",
              "non_striker": "L Hyde",
              "runs": {
                "batter": 0,
                "extras": 0,
                "total": 0
              },
              "wickets": [
                {
                  "player_out": "B Hower",
                  "fielders": [
                    {
                      "name": "Hamza Tariq"
                    }
                  ],
                  "kind": "caught"
                }
              ]
            }
          ]
        },
        {
          "over": 10,
          "deliveries": [
            {
              "batter": "L Hyde",
              "bowler": "Saad Bin Zafar",
              "non_striker": "D Sutherland",
              "runs": {
                "batter": 0,
                "extras": 0,
                "total": 0
              }
            },
            {
              "batter": "L Hyde",
              "bowler": "Saad Bin Zafar",
              "non_striker": "D Sutherland",
              "runs": {
                "batter": 0,
                "extras": 0,
                "total": 0
              }
            },
            {
              "batter": "L Hyde",
              "bowler": "Saad Bin Zafar",
              "non_striker": "D Sutherland",
              "runs": {
                "batter": 0,
                "extras": 0,
                "total": 0
              }
            },
            {
              "batter": "L Hyde",
              "bowler": "Saad Bin Zafar",
              "non_striker": "D Sutherland",
              "runs": {
                "batter": 0,
                "extras": 0,
                "total": 0
              }
            },
            {
              "batter": "L Hyde",
              "bowler": "Saad Bin Zafar",
              "non_striker": "D Sutherland",
              "runs": {
                "batter": 0,
                "extras": 0,
                "total": 0
              }
            },
            {
              "batter": "L Hyde",
              "bowler": "Saad Bin Zafar",
              "non_striker": "D Sutherland",
              "runs": {
                "batter": 2,
                "extras": 0,
                "total": 2
              }
            }
          ]
        },
        {
          "over": 11,
          "deliveries": [
            {
              "batter": "D Sutherland",
              "bowler": "D Heyliger",
              "non_striker": "L Hyde",
              "runs": {
                "batter": 0,
                "extras": 0,
                "total": 0
              }
            },
            {
              "batter": "D Sutherland",
              "bowler": "D Heyliger",
              "non_striker": "L Hyde",
              "runs": {
                "batter": 0,
                "extras": 0,
                "total": 0
              }
            },
            {
              "batter": "D Sutherland",
              "bowler": "D Heyliger",
              "non_striker": "L Hyde",
              "runs": {
                "batter": 4,
                "extras": 0,
                "total": 4
              }
            },
            {
              "batter": "D Sutherland",
              "bowler": "D Heyliger",
              "non_striker": "L Hyde",
              "runs": {
                "batter": 0,
                "extras": 0,
                "total": 0
              }
            },
            {
              "batter": "D Sutherland",
              "bowler": "D Heyliger",
              "non_striker": "L Hyde",
              "runs": {
                "batter": 0,
                "extras": 0,
                "total": 0
              }
            },
            {
              "batter": "D Sutherland",
              "bowler": "D Heyliger",
              "non_striker": "L Hyde",
              "runs": {
                "batter": 0,
                "extras": 0,
                "total": 0
              }
            }
          ]
        },
        {
          "over": 12,
          "deliveries": [
            {
              "batter": "L Hyde",
              "bowler": "Saad Bin Zafar",
              "extras": {
                "legbyes": 2
              },
              "non_striker": "D Sutherland",
              "runs": {
                "batter": 0,
                "extras": 2,
                "total": 2
              }
            },
            {
              "batter": "L Hyde",
              "bowler": "Saad Bin Zafar",
              "non_striker": "D Sutherland",
              "runs": {
                "batter": 0,
                "extras": 0,
                "total": 0
              }
            },
            {
              "batter": "L Hyde",
              "bowler": "Saad Bin Zafar",
              "non_striker": "D Sutherland",
              "runs": {
                "batter": 1,
                "extras": 0,
                "total": 1
              }
            },
            {
              "batter": "D Sutherland",
              "bowler": "Saad Bin Zafar",
              "non_striker": "L Hyde",
              "runs": {
                "batter": 0,
                "extras": 0,
                "total": 0
              }
            },
            {
              "batter": "D Sutherland",
              "bowler": "Saad Bin Zafar",
              "non_striker": "L Hyde",
              "runs": {
                "batter": 2,
                "extras": 0,
                "total": 2
              }
            },
            {
              "batter": "D Sutherland",
              "bowler": "Saad Bin Zafar",
              "non_striker": "L Hyde",
              "runs": {
                "batter": 1,
                "extras": 0,
                "total": 1
              }
            }
          ]
        },
        {
          "over": 13,
          "deliveries": [
            {
              "batter": "D Sutherland",
              "bowler": "N Dutta",
              "non_striker": "L Hyde",
              "runs": {
                "batter": 0,
                "extras": 0,
                "total": 0
              }
            },
            {
              "batter": "D Sutherland",
              "bowler": "N Dutta",
              "non_striker": "L Hyde",
              "runs": {
                "batter": 1,
                "extras": 0,
                "total": 1
              }
            },
            {
              "batter": "L Hyde",
              "bowler": "N Dutta",
              "non_striker": "D Sutherland",
              "runs": {
                "batter": 1,
                "extras": 0,
                "total": 1
              }
            },
            {
              "batter": "D Sutherland",
              "bowler": "N Dutta",
              "extras": {
                "wides": 1
              },
              "non_striker": "L Hyde",
              "runs": {
                "batter": 0,
                "extras": 1,
                "total": 1
              }
            },
            {
              "batter": "D Sutherland",
              "bowler": "N Dutta",
              "non_striker": "L Hyde",
              "runs": {
                "batter": 0,
                "extras": 0,
                "total": 0
              }
            },
            {
              "batter": "D Sutherland",
              "bowler": "N Dutta",
              "non_striker": "L Hyde",
              "runs": {
                "batter": 1,
                "extras": 0,
                "total": 1
              }
            },
            {
              "batter": "L Hyde",
              "bowler": "N Dutta",
              "non_striker": "D Sutherland",
              "runs": {
                "batter": 0,
                "extras": 0,
                "total": 0
              },
              "wickets": [
                {
                  "player_out": "L Hyde",
                  "kind": "bowled"
                }
              ]
            }
          ]
        },
        {
          "over": 14,
          "deliveries": [
            {
              "batter": "D Sutherland",
              "bowler": "Saad Bin Zafar",
              "non_striker": "N Revers",
              "runs": {
                "batter": 1,
                "extras": 0,
                "total": 1
              }
            },
            {
              "batter": "N Revers",
              "bowler": "Saad Bin Zafar",
              "non_striker": "D Sutherland",
              "runs": {
                "batter": 0,
                "extras": 0,
                "total": 0
              }
            },
            {
              "batter": "N Revers",
              "bowler": "Saad Bin Zafar",
              "non_striker": "D Sutherland",
              "runs": {
                "batter": 0,
                "extras": 0,
                "total": 0
              },
              "wickets": [
                {
                  "player_out": "N Revers",
                  "fielders": [
                    {
                      "name": "NR Kumar"
                    }
                  ],
                  "kind": "caught"
                }
              ]
            }
          ]
        }
      ],
      "powerplays": [
        {
          "from": 0.1,
          "to": 5.7,
          "type": "mandatory"
        }
      ]
    },
    {
      "team": "Canada",
      "overs": [
        {
          "over": 0,
          "deliveries": [
            {
              "batter": "SA Wijeratne",
              "bowler": "K Roca",
              "non_striker": "NS Dhaliwal",
              "runs": {
                "batter": 4,
                "extras": 0,
                "total": 4
              }
            },
            {
              "batter": "SA Wijeratne",
              "bowler": "K Roca",
              "non_striker": "NS Dhaliwal",
              "runs": {
                "batter": 0,
                "extras": 0,
                "total": 0
              }
            },
            {
              "batter": "SA Wijeratne",
              "bowler": "K Roca",
              "non_striker": "NS Dhaliwal",
              "runs": {
                "batter": 4,
                "extras": 0,
                "total": 4
              }
            },
            {
              "batter": "SA Wijeratne",
              "bowler": "K Roca",
              "non_striker": "NS Dhaliwal",
              "runs": {
                "batter": 4,
                "extras": 0,
                "total": 4
              }
            },
            {
              "batter": "SA Wijeratne",
              "bowler": "K Roca",
              "non_striker": "NS Dhaliwal",
              "runs": {
                "batter": 0,
                "extras": 0,
                "total": 0
              }
            },
            {
              "batter": "SA Wijeratne",
              "bowler": "K Roca",
              "non_striker": "NS Dhaliwal",
              "runs": {
                "batter": 4,
                "extras": 0,
                "total": 4
              }
            }
          ]
        },
        {
          "over": 1,
          "deliveries": [
            {
              "batter": "NS Dhaliwal",
              "bowler": "L Hyde",
              "non_striker": "SA Wijeratne",
              "runs": {
                "batter": 2,
                "extras": 0,
                "total": 2
              }
            },
            {
              "batter": "NS Dhaliwal",
              "bowler": "L Hyde",
              "non_striker": "SA Wijeratne",
              "runs": {
                "batter": 1,
                "extras": 0,
                "total": 1
              }
            },
            {
              "batter": "SA Wijeratne",
              "bowler": "L Hyde",
              "non_striker": "NS Dhaliwal",
              "runs": {
                "batter": 1,
                "extras": 0,
                "total": 1
              }
            },
            {
              "batter": "NS Dhaliwal",
              "bowler": "L Hyde",
              "extras": {
                "wides": 2
              },
              "non_striker": "SA Wijeratne",
              "runs": {
                "batter": 0,
                "extras": 2,
                "total": 2
              }
            },
            {
              "batter": "SA Wijeratne",
              "bowler": "L Hyde",
              "non_striker": "NS Dhaliwal",
              "runs": {
                "batter": 1,
                "extras": 0,
                "total": 1
              }
            },
            {
              "batter": "NS Dhaliwal",
              "bowler": "L Hyde",
              "non_striker": "SA Wijeratne",
              "runs": {
                "batter": 6,
                "extras": 0,
                "total": 6
              }
            },
            {
              "batter": "NS Dhaliwal",
              "bowler": "L Hyde",
              "non_striker": "SA Wijeratne",
              "runs": {
                "batter": 4,
                "extras": 0,
                "total": 4
              }
            }
          ]
        },
        {
          "over": 2,
          "deliveries": [
            {
              "batter": "SA Wijeratne",
              "bowler": "F Sutherland",
              "non_striker": "NS Dhaliwal",
              "runs": {
                "batter": 0,
                "extras": 0,
                "total": 0
              }
            },
            {
              "batter": "SA Wijeratne",
              "bowler": "F Sutherland",
              "non_striker": "NS Dhaliwal",
              "runs": {
                "batter": 1,
                "extras": 0,
                "total": 1
              }
            },
            {
              "batter": "NS Dhaliwal",
              "bowler": "F Sutherland",
              "non_striker": "SA Wijeratne",
              "runs": {
                "batter": 2,
                "extras": 0,
                "total": 2
              }
            },
            {
              "batter": "NS Dhaliwal",
              "bowler": "F Sutherland",
              "extras": {
                "wides": 1
              },
              "non_striker": "SA Wijeratne",
              "runs": {
                "batter": 0,
                "extras": 1,
                "total": 1
              }
            },
            {
              "batter": "NS Dhaliwal",
              "bowler": "F Sutherland",
              "non_striker": "SA Wijeratne",
              "runs": {
                "batter": 4,
                "extras": 0,
                "total": 4
              }
            },
            {
              "batter": "NS Dhaliwal",
              "bowler": "F Sutherland",
              "non_striker": "SA Wijeratne",
              "runs": {
                "batter": 1,
                "extras": 0,
                "total": 1
              }
            },
            {
              "batter": "SA Wijeratne",
              "bowler": "F Sutherland",
              "non_striker": "NS Dhaliwal",
              "runs": {
                "batter": 1,
                "extras": 0,
                "total": 1
              }
            }
          ]
        }
      ],
      "powerplays": [
        {
          "from": 0.1,
          "to": 2.7,
          "type": "mandatory"
        }
      ],
      "target": {
        "overs": 20,
        "runs": 43
      }
    }
  ]
}