{
  "meta": {
    "data_version": "1.0.0",
    "created": "2020-09-11",
    "revision": 2
  },
  "info": {
    "balls_per_over": 6,
    "city": "Rotterdam",
    "dates": [
      "2018-08-31"
    ],
    "event": {
      "name": "ICC World Twenty20 Europe Region Qualifier C",
      "match_number": 3
    },
    "gender": "male",
    "match_type": "IT20",
    "officials": {
      "reserve_umpires": [
        "R Hassan"
      ],
      "umpires": [
        "Surendiran Shanmugam",
        "MV Waldron"
      ]
    },
    "outcome": {
      "winner": "Israel",
      "by": {
        "runs": 52
      }
    },
    "overs": 20,
    "player_of_match": [
      "Emanuel Solomon"
    ],
    "players": {
      "Israel": [
        "M Cohen",
        "S Bangera",
        "Emanuel Solomon",
        "E Solomon",
        "J Evans",
        "R Schachat",
        "PRPM Guruge",
        "E Kahamker",
        "G Schachat",
        "Niv Nagavkar",
        "Yair Nagavkar"
      ],
      "Gibraltar": [
        "BA Pai",
        "CJ Delany",
        "KJ Ferrary",
        "MO Bacarese",
        "JD Freyone",
        "MG Hunter",
        "TL Cleasby",
        "T Caruana",
        "RJ Hatchman",
        "A Orfila",
        "CV Harrison"
      ]
    },
    "registry": {
      "people": {
        "A Orfila": "7c6293d1",
        "BA Pai": "716bf559",
        "CJ Delany": "3bc56bd6",
        "CV Harrison": "b0b80a99",
        "E Kahamker": "41acc8bf",
        "E Solomon": "8da9a284",
        "Emanuel Solomon": "6fea65a0",
        "G Schachat": "ff92e604",
        "J Evans": "027662be",
        "JD Freyone": "7cd7eb50",
        "KJ Ferrary": "81898acc",
        "M Cohen": "fc75bbba",
        "MG Hunter": "f08adc01",
        "MO Bacarese": "486f252b",
        "MV Waldron": "2e4f11e9",
        "Niv Nagavkar": "e2abcf16",
        "PRPM Guruge": "c51c4c22",
        "R Hassan": "e303d1cc",
        "R Schachat": "8f929af6",
        "RJ Hatchman": "01c05b6c",
        "S Bangera": "856fc47a",
        "Surendiran Shanmugam": "2ef5fc2b",
        "T Caruana": "ab75eb29",
        "TL Cleasby": "649d8733",
        "Yair Nagavkar": "138e30ab"
      }
    },
    "season": "2018",
    "team_type": "international",
    "teams": [
      "Israel",
      "Gibraltar"
    ],
    "toss": {
      "decision": "field",
      "winner": "Gibraltar"
    },
    "venue": "Hazelaarweg"
  },
  "innings": [
    {
      "team": "Israel",
      "overs": [
        {
          "over": 0,
          "deliveries": [
            {
              "batter": "M Cohen",
              "bowler": "MO Bacarese",
              "non_striker": "S Bangera",
              "runs": {
                "batter": 0,
                "extras": 0,
                "total": 0
              }
            },
            {
              "batter": "M Cohen",
              "bowler": "MO Bacarese",
              "non_striker": "S Bangera",
              "runs": {
                "batter": 0,
                "extras": 0,
                "total": 0
              }
            },
            {
              "batter": "M Cohen",
              "bowler": "MO Bacarese",
              "non_striker": "S Bangera",
              "runs": {
                "batter": 0,
                "extras": 0,
                "total": 0
              }
            },
            {
              "batter": "M Cohen",
              "bowler": "MO Bacarese",
              "non_striker": "S Bangera",
              "runs": {
                "batter": 2,
                "extras": 0,
                "total": 2
              }
            },
            {
              "batter": "M Cohen",
              "bowler": "MO Bacarese",
              "non_striker": "S Bangera",
              "runs": {
                "batter": 0,
                "extras": 0,
                "total": 0
              }
            },
            {
              "batter": "M Cohen",
              "bowler": "MO Bacarese",
              "non_striker": "S Bangera",
              "runs": {
                "batter": 0,
                "extras": 0,
                "total": 0
              }
            }
          ]
        },
        {
          "over": 1,
          "deliveries": [
            {
              "batter": "S Bangera",
              "bowler": "MG Hunter",
              "non_striker": "M Cohen",
              "runs": {
                "batter": 1,
                "extras": 0,
                "total": 1
              }
            },
            {
              "batter": "M Cohen",
              "bowler": "MG Hunter",
              "non_striker": "S Bangera",
              "runs": {
                "batter": 0,
                "extras": 0,
                "total": 0
              }
            },
            {
              "batter": "M Cohen",
              "bowler": "MG Hunter",
              "non_striker": "S Bangera",
              "runs": {
                "batter": 0,
                "extras": 0,
                "total": 0
              }
            },
            {
              "batter": "M Cohen",
              "bowler": "MG Hunter",
              "non_striker": "S Bangera",
              "runs": {
                "batter": 4,
                "extras": 0,
                "total": 4
              }
            },
            {
              "batter": "M Cohen",
              "bowler": "MG Hunter",
              "non_striker": "S Bangera",
              "runs": {
                "batter": 0,
                "extras": 0,
                "total": 0
              }
            },
            {
              "batter": "M Cohen",
              "bowler": "MG Hunter",
              "non_striker": "S Bangera",
              "runs": {
                "batter": 0,
                "extras": 0,
                "total": 0
              }
            }
          ]
        },
        {
          "over": 2,
          "deliveries": [
            {
              "batter": "S Bangera",
              "bowler": "MO Bacarese",
              "non_striker": "M Cohen",
              "runs": {
                "batter": 0,
                "extras": 0,
                "total": 0
              }
            },
            {
              "batter": "S Bangera",
              "bowler": "MO Bacarese",
              "non_striker": "M Cohen",
              "runs": {
                "batter": 0,
                "extras": 0,
                "total": 0
              }
            },
            {
              "batter": "S Bangera",
              "bowler": "MO Bacarese",
              "non_striker": "M Cohen",
              "runs": {
                "batter": 0,
                "extras": 0,
                "total": 0
              }
            },
            {
              "batter": "S Bangera",
              "bowler": "MO Bacarese",
              "non_striker": "M Cohen",
              "runs": {
                "batter": 4,
                "extras": 0,
                "total": 4
              }
            },
            {
              "batter": "S Bangera",
              "bowler": "MO Bacarese",
              "non_striker": "M Cohen",
              "runs": {
                "batter": 0,
                "extras": 0,
                "total": 0
              }
            },
            {
              "batter": "S Bangera",
              "bowler": "MO Bacarese",
              "non_striker": "M Cohen",
              "runs": {
                "batter": 1,
                "extras": 0,
                "total": 1
              }
            }
          ]
        },
        {
          "over": 3,
          "deliveries": [
            {
              "batter": "S Bangera",
              "bowler": "MG Hunter",
              "non_striker": "M Cohen",
              "runs": {
                "batter": 1,
                "extras": 0,
                "total": 1
              }
            },
            {
              "batter": "M Cohen",
              "bowler": "MG Hunter",
              "non_striker": "S Bangera",
              "runs": {
                "batter": 0,
                "extras": 0,
                "total": 0
              },
              "wickets": [
                {
                  "player_out": "M Cohen",
                  "kind": "lbw"
                }
              ]
            },
            {
              "batter": "Emanuel Solomon",
              "bowler": "MG Hunter",
              "non_striker": "S Bangera",
              "runs": {
                "batter": 0,
                "extras": 0,
                "total": 0
              }
            },
            {
              "batter": "Emanuel Solomon",
              "bowler": "MG Hunter",
              "non_striker": "S Bangera",
              "runs": {
                "batter": 4,
                "extras": 0,
                "total": 4
              }
            },
            {
              "batter": "Emanuel Solomon",
              "bowler": "MG Hunter",
              "non_striker": "S Bangera",
              "runs": {
                "batter": 0,
                "extras": 0,
                "total": 0
              }
            },
            {
              "batter": "Emanuel Solomon",
              "bowler": "MG Hunter",
              "non_striker": "S Bangera",
              "runs": {
                "batter": 2,
                "extras": 0,
                "total": 2
              }
            }
          ]
        },
        {
          "over": 4,
          "deliveries": [
            {
              "batter": "S Bangera",
              "bowler": "BA Pai",
              "non_striker": "Emanuel Solomon",
              "runs": {
                "batter": 1,
                "extras": 0,
                "total": 1
              }
            },
            {
              "batter": "Emanuel Solomon",
              "bowler": "BA Pai",
              "non_striker": "S Bangera",
              "runs": {
                "batter": 1,
                "extras": 0,
                "total": 1
              }
            },
            {
              "batter": "S Bangera",
              "bowler": "BA Pai",
              "non_striker": "Emanuel Solomon",
              "runs": {
                "batter": 1,
                "extras": 0,
                "total": 1
              }
            },
            {
              "batter": "Emanuel Solomon",
              "bowler": "BA Pai",
              "non_striker": "S Bangera",
              "runs": {
                "batter": 0,
                "extras": 0,
                "total": 0
              }
            },
            {
              "batter": "Emanuel Solomon",
              "bowler": "BA Pai",
              "non_striker": "S Bangera",
              "runs": {
                "batter": 6,
                "extras": 0,
                "total": 6
              }
            },
            {
              "batter": "Emanuel Solomon",
              "bowler": "BA Pai",
              "non_striker": "S Bangera",
              "runs": {
                "batter": 4,
                "extras": 0,
                "total": 4
              }
            }
          ]
        },
        {
          "over": 5,
          "deliveries": [
            {
              "batter": "S Bangera",
              "bowler": "A Orfila",
              "extras": {
                "legbyes": 1
              },
              "non_striker": "Emanuel Solomon",
              "runs": {
                "batter": 0,
                "extras": 1,
                "total": 1
              }
            },
            {
              "batter": "Emanuel Solomon",
              "bowler": "A Orfila",
              "non_striker": "S Bangera",
              "runs": {
                "batter": 1,
                "extras": 0,
                "total": 1
              }
            },
            {
              "batter": "S Bangera",
              "bowler": "A Orfila",
              "extras": {
                "legbyes": 1
              },
              "non_striker": "Emanuel Solomon",
              "runs": {
                "batter": 0,
                "extras": 1,
                "total": 1
              }
            },
            {
              "batter": "Emanuel Solomon",
              "bowler": "A Orfila",
              "non_striker": "S Bangera",
              "runs": {
                "batter": 1,
                "extras": 0,
                "total": 1
              }
            },
            {
              "batter": "S Bangera",
              "bowler": "A Orfila",
              "non_striker": "Emanuel Solomon",
              "runs": {
                "batter": 0,
                "extras": 0,
                "total": 0
              }
            },
            {
              "batter": "S Bangera",
              "bowler": "A Orfila",
              "non_striker": "Emanuel Solomon",
              "runs": {
                "batter": 0,
                "extras": 0,
                "total": 0
              }
            }
          ]
        },
        {
          "over": 6,
          "deliveries": [
            {
              "batter": "Emanuel Solomon",
              "bowler": "RJ Hatchman",
              "non_striker": "S Bangera",
              "runs": {
                "batter": 4,
                "extras": 0,
                "total": 4
              }
            },
            {
              "batter": "Emanuel Solomon",
              "bowler": "RJ Hatchman",
              "non_striker": "S Bangera",
              "runs": {
                "batter": 6,
                "extras": 0,
                "total": 6
              }
            },
            {
              "batter": "Emanuel Solomon",
              "bowler": "RJ Hatchman",
              "non_striker": "S Bangera",
              "runs": {
                "batter": 0,
                "extras": 0,
                "total": 0
              }
            },
            {
              "batter": "Emanuel Solomon",
              "bowler": "RJ Hatchman",
              "non_striker": "S Bangera",
              "runs": {
                "batter": 1,
                "extras": 0,
                "total": 1
              }
            },
            {
              "batter": "S Bangera",
              "bowler": "RJ Hatchman",
              "non_striker": "Emanuel Solomon",
              "runs": {
                "batter": 0,
                "extras": 0,
                "total": 0
              },
              "wickets": [
                {
                  "player_out": "S Bangera",
                  "kind": "bowled"
                }
              ]
            },
            {
              "batter": "E Solomon",
              "bowler": "RJ Hatchman",
              "non_striker": "Emanuel Solomon",
              "runs": {
                "batter": 0,
                "extras": 0,
                "total": 0
              }
            }
          ]
        },
        {
          "over": 7,
          "deliveries": [
            {
              "batter": "Emanuel Solomon",
              "bowler": "A Orfila",
              "non_striker": "E Solomon",
              "runs": {
                "batter": 0,
                "extras": 0,
                "total": 0
              }
            },
            {
              "batter": "Emanuel Solomon",
              "bowler": "A Orfila",
              "non_striker": "E Solomon",
              "runs": {
                "batter": 6,
                "extras": 0,
                "total": 6
              }
            },
            {
              "batter": "Emanuel Solomon",
              "bowler": "A Orfila",
              "non_striker": "E Solomon",
              "runs": {
                "batter": 1,
                "extras": 0,
                "total": 1
              }
            },
            {
              "batter": "E Solomon",
              "bowler": "A Orfila",
              "non_striker": "Emanuel Solomon",
              "runs": {
                "batter": 4,
                "extras": 0,
                "total": 4
              }
            },
            {
              "batter": "E Solomon",
              "bowler": "A Orfila",
              "non_striker": "Emanuel Solomon",
              "runs": {
                "batter": 1,
                "extras": 0,
                "total": 1
              }
            },
            {
              "batter": "Emanuel Solomon",
              "bowler": "A Orfila",
              "extras": {
                "legbyes": 1
              },
              "non_striker": "E Solomon",
              "runs": {
                "batter": 0,
                "extras": 1,
                "total": 1
              }
            }
          ]
        },
        {
          "over": 8,
          "deliveries": [
            {
              "batter": "Emanuel Solomon",
              "bowler": "RJ Hatchman",
              "extras": {
                "wides": 1
              },
              "non_striker": "E Solomon",
              "runs": {
                "batter": 0,
                "extras": 1,
                "total": 1
              }
            },
            {
              "batter": "Emanuel Solomon",
              "bowler": "RJ Hatchman",
              "non_striker": "E Solomon",
              "runs": {
                "batter": 1,
                "extras": 0,
                "total": 1
              }
            },
            {
              "batter": "E Solomon",
              "bowler": "RJ Hatchman",
              "extras": {
                "noballs": 1
              },
              "non_striker": "Emanuel Solomon",
              "runs": {
                "batter": 0,
                "extras": 1,
                "total": 1
              }
            },
            {
              "batter": "E Solomon",
              "bowler": "RJ Hatchman",
              "non_striker": "Emanuel Solomon",
              "runs": {
                "batter": 1,
                "extras": 0,
                "total": 1
              }
            },
            {
              "batter": "Emanuel Solomon",
              "bowler": "RJ Hatchman",
              "non_striker": "E Solomon",
              "runs": {
                "batter": 1,
                "extras": 0,
                "total": 1
              }
            },
            {
              "batter": "E Solomon",
              "bowler": "RJ Hatchman",
              "non_striker": "Emanuel Solomon",
              "runs": {
                "batter": 0,
                "extras": 0,
                "total": 0
              }
            },
            {
              "batter": "E Solomon",
              "bowler": "RJ Hatchman",
              "non_striker": "Emanuel Solomon",
              "runs": {
                "batter": 0,
                "extras": 0,
                "total": 0
              }
            },
            {
              "batter": "E Solomon",
              "bowler": "RJ Hatchman",
              "non_striker": "Emanuel Solomon",
              "runs": {
                "batter": 2,
                "extras": 0,
                "total": 2
              }
            }
          ]
        },
        {
          "over": 9,
          "deliveries": [
            {
              "batter": "Emanuel Solomon",
              "bowler": "A Orfila",
              "non_striker": "E Solomon",
              "runs": {
                "batter": 1,
                "extras": 0,
                "total": 1
              }
            },
            {
              "batter": "E Solomon",
              "bowler": "A Orfila",
              "non_striker": "Emanuel Solomon",
              "runs": {
                "batter": 4,
                "extras": 0,
                "total": 4
              }
            },
            {
              "batter": "E Solomon",
              "bowler": "A Orfila",
              "non_striker": "Emanuel Solomon",
              "runs": {
                "batter": 1,
                "extras": 0,
                "total": 1
              }
            },
            {
              "batter": "Emanuel Solomon",
              "bowler": "A Orfila",
              "non_striker": "E Solomon",
              "runs": {
                "batter": 4,
                "extras": 0,
                "total": 4
              }
            },
            {
              "batter": "Emanuel Solomon",
              "bowler": "A Orfila",
              "non_striker": "E Solomon",
              "runs": {
                "batter": 1,
                "extras": 0,
                "total": 1
              }
            },
            {
              "batter": "E Solomon",
              "bowler": "A Orfila",
              "non_striker": "Emanuel Solomon",
              "runs": {
                "batter": 1,
                "extras": 0,
                "total": 1
              }
            }
          ]
        },
        {
          "over": 10,
          "deliveries": [
            {
              "batter": "E Solomon",
              "bowler": "CV Harrison",
              "non_striker": "Emanuel Solomon",
              "runs": {
                "batter": 1,
                "extras": 0,
                "total": 1
              }
            },
            {
              "batter": "Emanuel Solomon",
              "bowler": "CV Harrison",
              "non_striker": "E Solomon",
              "runs": {
                "batter": 0,
                "extras": 0,
                "total": 0
              }
            },
            {
              "batter": "Emanuel Solomon",
              "bowler": "CV Harrison",
              "non_striker": "E Solomon",
              "runs": {
                "batter": 6,
                "extras": 0,
                "total": 6
              }
            },
            {
              "batter": "Emanuel Solomon",
              "bowler": "CV Harrison",
              "non_striker": "E Solomon",
              "runs": {
                "batter": 6,
                "extras": 0,
                "total": 6
              }
            },
            {
              "batter": "Emanuel Solomon",
              "bowler": "CV Harrison",
              "non_striker": "E Solomon",
              "runs": {
                "batter": 1,
                "extras": 0,
                "total": 1
              }
            },
            {
              "batter": "E Solomon",
              "bowler": "CV Harrison",
              "non_striker": "Emanuel Solomon",
              "runs": {
                "batter": 4,
                "extras": 0,
                "total": 4
              }
            }
          ]
        },
        {
          "over": 11,
          "deliveries": [
            {
              "batter": "Emanuel Solomon",
              "bowler": "BA Pai",
              "non_striker": "E Solomon",
              "runs": {
                "batter": 6,
                "extras": 0,
                "total": 6
              }
            },
            {
              "batter": "Emanuel Solomon",
              "bowler": "BA Pai",
              "non_striker": "E Solomon",
              "runs": {
                "batter": 0,
                "extras": 0,
                "total": 0
              }
            },
            {
              "batter": "Emanuel Solomon",
              "bowler": "BA Pai",
              "non_striker": "E Solomon",
              "runs": {
                "batter": 6,
                "extras": 0,
                "total": 6
              }
            },
            {
              "batter": "Emanuel Solomon",
              "bowler": "BA Pai",
              "non_striker": "E Solomon",
              "runs": {
                "batter": 0,
                "extras": 0,
                "total": 0
              },
              "wickets": [
                {
                  "player_out": "Emanuel Solomon",
                  "kind": "bowled"
                }
              ]
            },
            {
              "batter": "J Evans",
              "bowler": "BA Pai",
              "non_striker": "E Solomon",
              "runs": {
                "batter": 1,
                "extras": 0,
                "total": 1
              }
            },
            {
              "batter": "E Solomon",
              "bowler": "BA Pai",
              "extras": {
                "legbyes": 1
              },
              "non_striker": "J Evans",
              "runs": {
                "batter": 0,
                "extras": 1,
                "total": 1
              }
            }
          ]
        },
        {
          "over": 12,
          "deliveries": [
            {
              "batter": "E Solomon",
              "bowler": "CV Harrison",
              "non_striker": "J Evans",
              "runs": {
                "batter": 2,
                "extras": 0,
                "total": 2
              }
            },
            {
              "batter": "E Solomon",
              "bowler": "CV Harrison",
              "non_striker": "J Evans",
              "runs": {
                "batter": 1,
                "extras": 0,
                "total": 1
              }
            },
            {
              "batter": "J Evans",
              "bowler": "CV Harrison",
              "non_striker": "E Solomon",
              "runs": {
                "batter": 1,
                "extras": 0,
                "total": 1
              }
            },
            {
              "batter": "E Solomon",
              "bowler": "CV Harrison",
              "non_striker": "J Evans",
              "runs": {
                "batter": 0,
                "extras": 0,
                "total": 0
              }
            },
            {
              "batter": "E Solomon",
              "bowler": "CV Harrison",
              "non_striker": "J Evans",
              "runs": {
                "batter": 0,
                "extras": 0,
                "total": 0
              }
            },
            {
              "batter": "E Solomon",
              "bowler": "CV Harrison",
              "non_striker": "J Evans",
              "runs": {
                "batter": 4,
                "extras": 0,
                "total": 4
              }
            }
          ]
        },
        {
          "over": 13,
          "deliveries": [
            {
              "batter": "J Evans",
              "bowler": "BA Pai",
              "non_striker": "E Solomon",
              "runs": {
                "batter": 1,
                "extras": 0,
                "total": 1
              }
            },
            {
              "batter": "E Solomon",
              "bowler": "BA Pai",
              "non_striker": "J Evans",
              "runs": {
                "batter": 1,
                "extras": 0,
                "total": 1
              }
            },
            {
              "batter": "J Evans",
              "bowler": "BA Pai",
              "non_striker": "E Solomon",
              "runs": {
                "batter": 2,
                "extras": 0,
                "total": 2
              }
            },
            {
              "batter": "J Evans",
              "bowler": "BA Pai",
              "non_striker": "E Solomon",
              "runs": {
                "batter": 0,
                "extras": 0,
                "total": 0
              }
            },
            {
              "batter": "J Evans",
              "bowler": "BA Pai",
              "non_striker": "E Solomon",
              "runs": {
                "batter": 1,
                "extras": 0,
                "total": 1
              }
            },
            {
              "batter": "E Solomon",
              "bowler": "BA Pai",
              "non_striker": "J Evans",
              "runs": {
                "batter": 0,
                "extras": 0,
                "total": 0
              }
            }
          ]
        },
        {
          "over": 14,
          "deliveries": [
            {
              "batter": "J Evans",
              "bowler": "CV Harrison",
              "non_striker": "E Solomon",
              "runs": {
                "batter": 1,
                "extras": 0,
                "total": 1
              }
            },
            {
              "batter": "E Solomon",
              "bowler": "CV Harrison",
              "non_striker": "J Evans",
              "runs": {
                "batter": 1,
                "extras": 0,
                "total": 1
              }
            },
            {
              "batter": "J Evans",
              "bowler": "CV Harrison",
              "non_striker": "E Solomon",
              "runs": {
                "batter": 0,
                "extras": 0,
                "total": 0
              }
            },
            {
              "batter": "J Evans",
              "bowler": "CV Harrison",
              "non_striker": "E Solomon",
              "runs": {
                "batter": 6,
                "extras": 0,
                "total": 6
              }
            },
            {
              "batter": "J Evans",
              "bowler": "CV Harrison",
              "non_striker": "E Solomon",
              "runs": {
                "batter": 1,
                "extras": 0,
                "total": 1
              }
            },
            {
              "batter": "E Solomon",
              "bowler": "CV Harrison",
              "non_striker": "J Evans",
              "runs": {
                "batter": 0,
                "extras": 0,
                "total": 0
              },
              "wickets": [
                {
                  "player_out": "E Solomon",
                  "kind": "caught and bowled"
                }
              ]
            }
          ]
        },
        {
          "over": 15,
          "deliveries": [
            {
              "batter": "J Evans",
              "bowler": "MO Bacarese",
              "extras": {
                "wides": 1
              },
              "non_striker": "R Schachat",
              "runs": {
                "batter": 0,
                "extras": 1,
                "total": 1
              }
            },
            {
              "batter": "J Evans",
              "bowler": "MO Bacarese",
              "non_striker": "R Schachat",
              "runs": {
                "batter": 1,
                "extras": 0,
                "total": 1
              }
            },
            {
              "batter": "R Schachat",
              "bowler": "MO Bacarese",
              "non_striker": "J Evans",
              "runs": {
                "batter": 1,
                "extras": 0,
                "total": 1
              }
            },
            {
              "batter": "J Evans",
              "bowler": "MO Bacarese",
              "non_striker": "R Schachat",
              "runs": {
                "batter": 4,
                "extras": 0,
                "total": 4
              }
            },
            {
              "batter": "J Evans",
              "bowler": "MO Bacarese",
              "non_striker": "R Schachat",
              "runs": {
                "batter": 1,
                "extras": 0,
                "total": 1
              }
            },
            {
              "batter": "R Schachat",
              "bowler": "MO Bacarese",
              "non_striker": "J Evans",
              "runs": {
                "batter": 1,
                "extras": 0,
                "total": 1
              }
            },
            {
              "batter": "J Evans",
              "bowler": "MO Bacarese",
              "non_striker": "R Schachat",
              "runs": {
                "batter": 0,
                "extras": 0,
                "total": 0
              }
            }
          ]
        },
        {
          "over": 16,
          "deliveries": [
            {
              "batter": "R Schachat",
              "bowler": "MG Hunter",
              "non_striker": "J Evans",
              "runs": {
                "batter": 1,
                "extras": 0,
                "total": 1
              }
            },
            {
              "batter": "J Evans",
              "bowler": "MG Hunter",
              "non_striker": "R Schachat",
              "runs": {
                "batter": 4,
                "extras": 0,
                "total": 4
              }
            },
            {
              "batter": "J Evans",
              "bowler": "MG Hunter",
              "non_striker": "R Schachat",
              "runs": {
                "batter": 0,
                "extras": 0,
                "total": 0
              }
            },
            {
              "batter": "J Evans",
              "bowler": "MG Hunter",
              "non_striker": "R Schachat",
              "runs": {
                "batter": 0,
                "extras": 0,
                "total": 0
              }
            },
            {
              "batter": "J Evans",
              "bowler": "MG Hunter",
              "non_striker": "R Schachat",
              "runs": {
                "batter": 1,
                "extras": 0,
                "total": 1
              }
            },
            {
              "batter": "R Schachat",
              "bowler": "MG Hunter",
              "non_striker": "J Evans",
              "runs": {
                "batter": 1,
                "extras": 0,
                "total": 1
              }
            }
          ]
        },
        {
          "over": 17,
          "deliveries": [
            {
              "batter": "R Schachat",
              "bowler": "MO Bacarese",
              "extras": {
                "wides": 1
              },
              "non_striker": "J Evans",
              "runs": {
                "batter": 0,
                "extras": 1,
                "total": 1
              }
            },
            {
              "batter": "R Schachat",
              "bowler": "MO Bacarese",
              "non_striker": "J Evans",
              "runs": {
                "batter": 1,
                "extras": 0,
                "total": 1
              }
            },
            {
              "batter": "J Evans",
              "bowler": "MO Bacarese",
              "non_striker": "R Schachat",
              "runs": {
                "batter": 1,
                "extras": 0,
                "total": 1
              }
            },
            {
              "batter": "R Schachat",
              "bowler": "MO Bacarese",
              "non_striker": "J Evans",
              "runs": {
                "batter": 1,
                "extras": 0,
                "total": 1
              }
            },
            {
              "batter": "J Evans",
              "bowler": "MO Bacarese",
              "non_striker": "R Schachat",
              "runs": {
                "batter": 0,
                "extras": 0,
                "total": 0
              },
              "wickets": [
                {
                  "player_out": "J Evans",
                  "fielders": [
                    {
                      "name": "MG Hunter"
                    }
                  ],
                  "kind": "caught"
                }
              ]
            },
            {
              "batter": "PRPM Guruge",
              "bowler": "MO Bacarese",
              "non_striker": "R Schachat",
              "runs": {
                "batter": 0,
                "extras": 0,
                "total": 0
              }
            },
            {
              "batter": "PRPM Guruge",
              "bowler": "MO Bacarese",
              "non_striker": "R Schachat",
              "runs": {
                "batter": 1,
                "extras": 0,
                "total": 1
              }
            }
          ]
        },
        {
          "over": 18,
          "deliveries": [
            {
              "batter": "PRPM Guruge",
              "bowler": "BA Pai",
              "non_striker": "R Schachat",
              "runs": {
                "batter": 0,
                "extras": 0,
                "total": 0
              },
              "wickets": [
                {
                  "player_out": "PRPM Guruge",
                  "kind": "bowled"
                }
              ]
            },
            {
              "batter": "E Kahamker",
              "bowler": "BA Pai",
              "non_striker": "R Schachat",
              "runs": {
                "batter": 0,
                "extras": 0,
                "total": 0
              }
            },
            {
              "batter": "E Kahamker",
              "bowler": "BA Pai",
              "non_striker": "R Schachat",
              "runs": {
                "batter": 1,
                "extras": 0,
                "total": 1
              }
            },
            {
              "batter": "R Schachat",
              "bowler": "BA Pai",
              "non_striker": "E Kahamker",
              "runs": {
                "batter": 0,
                "extras": 0,
                "total": 0
              }
            },
            {
              "batter": "R Schachat",
              "bowler": "BA Pai",
              "non_striker": "E Kahamker",
              "runs": {
                "batter": 2,
                "extras": 0,
                "total": 2
              }
            },
            {
              "batter": "R Schachat",
              "bowler": "BA Pai",
              "non_striker": "E Kahamker",
              "runs": {
                "batter": 0,
                "extras": 0,
                "total": 0
              },
              "wickets": [
                {
                  "player_out": "R Schachat",
                  "fielders": [
                    {
                      "name": "KJ Ferrary"
                    }
                  ],
                  "kind": "stumped"
                }
              ]
            }
          ]
        },
        {
          "over": 19,
          "deliveries": [
            {
              "batter": "E Kahamker",
              "bowler": "MG Hunter",
              "non_striker": "G Schachat",
              "runs": {
                "batter": 1,
                "extras": 0,
                "total": 1
              }
            },
            {
              "batter": "G Schachat",
              "bowler": "MG Hunter",
              "non_striker": "E Kahamker",
              "runs": {
                "batter": 0,
                "extras": 0,
                "total": 0
              }
            },
            {
              "batter": "G Schachat",
              "bowler": "MG Hunter",
              "non_striker": "E Kahamker",
              "runs": {
                "batter": 0,
                "extras": 0,
                "total": 0
              }
            },
            {
              "batter": "G Schachat",
              "bowler": "MG Hunter",
              "non_striker": "E Kahamker",
              "runs": {
                "batter": 1,
                "extras": 0,
                "total": 1
              }
            },
            {
              "batter": "E Kahamker",
              "bowler": "MG Hunter",
              "non_striker": "G Schachat",
              "runs": {
                "batter": 0,
                "extras": 0,
                "total": 0
              }
            },
            {
              "batter": "E Kahamker",
              "bowler": "MG Hunter",
              "non_striker": "G Schachat",
              "runs": {
                "batter": 2,
                "extras": 0,
                "total": 2
              }
            }
          ]
        }
      ],
      "powerplays": [
        {
          "from": 0.1,
          "to": 5.6,
          "type": "mandatory"
        }
      ]
    },
    {
      "team": "Gibraltar",
      "overs": [
        {
          "over": 0,
          "deliveries": [
            {
              "batter": "BA Pai",
              "bowler": "PRPM Guruge",
              "non_striker": "CJ Delany",
              "runs": {
                "batter": 0,
                "extras": 0,
                "total": 0
              }
            },
            {
              "batter": "BA Pai",
              "bowler": "PRPM Guruge",
              "non_striker": "CJ Delany",
              "runs": {
                "batter": 4,
                "extras": 0,
                "total": 4
              }
            },
            {
              "batter": "BA Pai",
              "bowler": "PRPM Guruge",
              "non_striker": "CJ Delany",
              "runs": {
                "batter": 1,
                "extras": 0,
                "total": 1
              }
            },
            {
              "batter": "CJ Delany",
              "bowler": "PRPM Guruge",
              "non_striker": "BA Pai",
              "runs": {
                "batter": 0,
                "extras": 0,
                "total": 0
              }
            },
            {
              "batter": "CJ Delany",
              "bowler": "PRPM Guruge",
              "non_striker": "BA Pai",
              "runs": {
                "batter": 0,
                "extras": 0,
                "total": 0
              }
            },
            {
              "batter": "CJ Delany",
              "bowler": "PRPM Guruge",
              "non_striker": "BA Pai",
              "runs": {
                "batter": 0,
                "extras": 0,
                "total": 0
              }
            }
          ]
        },
        {
          "over": 1,
          "deliveries": [
            {
              "batter": "BA Pai",
              "bowler": "E Kahamker",
              "extras": {
                "legbyes": 1
              },
              "non_striker": "CJ Delany",
              "runs": {
                "batter": 0,
                "extras": 1,
                "total": 1
              }
            },
            {
              "batter": "CJ Delany",
              "bowler": "E Kahamker",
              "non_striker": "BA Pai",
              "runs": {
                "batter": 1,
                "extras": 0,
                "total": 1
              }
            },
            {
              "batter": "BA Pai",
              "bowler": "E Kahamker",
              "non_striker": "CJ Delany",
              "runs": {
                "batter": 0,
                "extras": 0,
                "total": 0
              }
            },
            {
              "batter": "BA Pai",
              "bowler": "E Kahamker",
              "non_striker": "CJ Delany",
              "runs": {
                "batter": 0,
                "extras": 0,
                "total": 0
              }
            },
            {
              "batter": "BA Pai",
              "bowler": "E Kahamker",
              "non_striker": "CJ Delany",
              "runs": {
                "batter": 4,
                "extras": 0,
                "total": 4
              }
            },
            {
              "batter": "BA Pai",
              "bowler": "E Kahamker",
              "extras": {
                "wides": 1
              },
              "non_striker": "CJ Delany",
              "runs": {
                "batter": 0,
                "extras": 1,
                "total": 1
              }
            },
            {
              "batter": "BA Pai",
              "bowler": "E Kahamker",
              "non_striker": "CJ Delany",
              "runs": {
                "batter": 4,
                "extras": 0,
                "total": 4
              }
            }
          ]
        },
        {
          "over": 2,
          "deliveries": [
            {
              "batter": "CJ Delany",
              "bowler": "PRPM Guruge",
              "non_striker": "BA Pai",
              "runs": {
                "batter": 0,
                "extras": 0,
                "total": 0
              }
            },
            {
              "batter": "CJ Delany",
              "bowler": "PRPM Guruge",
              "non_striker": "BA Pai",
              "runs": {
                "batter": 0,
                "extras": 0,
                "total": 0
              },
              "wickets": [
                {
                  "player_out": "CJ Delany",
                  "fielders": [
                    {
                      "name": "E Solomon"
                    }
                  ],
                  "kind": "caught"
                }
              ]
            },
            {
              "batter": "KJ Ferrary",
              "bowler": "PRPM Guruge",
              "non_striker": "BA Pai",
              "runs": {
                "batter": 0,
                "extras": 0,
                "total": 0
              },
              "wickets": [
                {
                  "player_out": "KJ Ferrary",
                  "kind": "run out"
                }
              ]
            },
            {
              "batter": "MO Bacarese",
              "bowler": "PRPM Guruge",
              "non_striker": "BA Pai",
              "runs": {
                "batter": 0,
                "extras": 0,
                "total": 0
              }
            },
            {
              "batter": "MO Bacarese",
              "bowler": "PRPM Guruge",
              "non_striker": "BA Pai",
              "runs": {
                "batter": 1,
                "extras": 0,
                "total": 1
              }
            },
            {
              "batter": "BA Pai",
              "bowler": "PRPM Guruge",
              "non_striker": "MO Bacarese",
              "runs": {
                "batter": 0,
                "extras": 0,
                "total": 0
              },
              "wickets": [
                {
                  "player_out": "BA Pai",
                  "fielders": [
                    {
                      "name": "G Schachat"
                    }
                  ],
                  "kind": "caught"
                }
              ]
            }
          ]
        },
        {
          "over": 3,
          "deliveries": [
            {
              "batter": "JD Freyone",
              "bowler": "R Schachat",
              "non_striker": "MO Bacarese",
              "runs": {
                "batter": 0,
                "extras": 0,
                "total": 0
              }
            },
            {
              "batter": "JD Freyone",
              "bowler": "R Schachat",
              "non_striker": "MO Bacarese",
              "runs": {
                "batter": 0,
                "extras": 0,
                "total": 0
              }
            },
            {
              "batter": "JD Freyone",
              "bowler": "R Schachat",
              "non_striker": "MO Bacarese",
              "runs": {
                "batter": 1,
                "extras": 0,
                "total": 1
              }
            },
            {
              "batter": "MO Bacarese",
              "bowler": "R Schachat",
              "extras": {
                "byes": 1
              },
              "non_striker": "JD Freyone",
              "runs": {
                "batter": 0,
                "extras": 1,
                "total": 1
              }
            },
            {
              "batter": "MO Bacarese",
              "bowler": "R Schachat",
              "non_striker": "JD Freyone",
              "runs": {
                "batter": 0,
                "extras": 0,
                "total": 0
              }
            },
            {
              "batter": "MO Bacarese",
              "bowler": "R Schachat",
              "non_striker": "JD Freyone",
              "runs": {
                "batter": 0,
                "extras": 0,
                "total": 0
              }
            }
          ]
        },
        {
          "over": 4,
          "deliveries": [
            {
              "batter": "JD Freyone",
              "bowler": "PRPM Guruge",
              "non_striker": "MO Bacarese",
              "runs": {
                "batter": 0,
                "extras": 0,
                "total": 0
              }
            },
            {
              "batter": "MO Bacarese",
              "bowler": "PRPM Guruge",
              "non_striker": "JD Freyone",
              "runs": {
                "batter": 0,
                "extras": 0,
                "total": 0
              }
            },
            {
              "batter": "MO Bacarese",
              "bowler": "PRPM Guruge",
              "non_striker": "JD Freyone",
              "runs": {
                "batter": 4,
                "extras": 0,
                "total": 4
              }
            },
            {
              "batter": "MO Bacarese",
              "bowler": "PRPM Guruge",
              "non_striker": "JD Freyone",
              "runs": {
                "batter": 0,
                "extras": 0,
                "total": 0
              }
            },
            {
              "batter": "MO Bacarese",
              "bowler": "PRPM Guruge",
              "non_striker": "JD Freyone",
              "runs": {
                "batter": 0,
                "extras": 0,
                "total": 0
              }
            },
            {
              "batter": "MO Bacarese",
              "bowler": "PRPM Guruge",
              "non_striker": "JD Freyone",
              "runs": {
                "batter": 4,
                "extras": 0,
                "total": 4
              }
            }
          ]
        },
        {
          "over": 5,
          "deliveries": [
            {
              "batter": "JD Freyone",
              "bowler": "R Schachat",
              "non_striker": "MO Bacarese",
              "runs": {
                "batter": 0,
                "extras": 0,
                "total": 0
              },
              "wickets": [
                {
                  "player_out": "JD Freyone",
                  "kind": "bowled"
                }
              ]
            },
            {
              "batter": "MG Hunter",
              "bowler": "R Schachat",
              "non_striker": "MO Bacarese",
              "runs": {
                "batter": 1,
                "extras": 0,
                "total": 1
              }
            },
            {
              "batter": "MO Bacarese",
              "bowler": "R Schachat",
              "non_striker": "MG Hunter",
              "runs": {
                "batter": 1,
                "extras": 0,
                "total": 1
              }
            },
            {
              "batter": "MG Hunter",
              "bowler": "R Schachat",
              "non_striker": "MO Bacarese",
              "runs": {
                "batter": 1,
                "extras": 0,
                "total": 1
              }
            },
            {
              "batter": "MO Bacarese",
              "bowler": "R Schachat",
              "non_striker": "MG Hunter",
              "runs": {
                "batter": 1,
                "extras": 0,
                "total": 1
              }
            },
            {
              "batter": "MG Hunter",
              "bowler": "R Schachat",
              "non_striker": "MO Bacarese",
              "runs": {
                "batter": 1,
                "extras": 0,
                "total": 1
              }
            }
          ]
        },
        {
          "over": 6,
          "deliveries": [
            {
              "batter": "MG Hunter",
              "bowler": "Niv Nagavkar",
              "non_striker": "MO Bacarese",
              "runs": {
                "batter": 0,
                "extras": 0,
                "total": 0
              }
            },
            {
              "batter": "MG Hunter",
              "bowler": "Niv Nagavkar",
              "non_striker": "MO Bacarese",
              "runs": {
                "batter": 0,
                "extras": 0,
                "total": 0
              }
            },
            {
              "batter": "MG Hunter",
              "bowler": "Niv Nagavkar",
              "non_striker": "MO Bacarese",
              "runs": {
                "batter": 1,
                "extras": 0,
                "total": 1
              }
            },
            {
              "batter": "MO Bacarese",
              "bowler": "Niv Nagavkar",
              "non_striker": "MG Hunter",
              "runs": {
                "batter": 1,
                "extras": 0,
                "total": 1
              }
            },
            {
              "batter": "MG Hunter",
              "bowler": "Niv Nagavkar",
              "non_striker": "MO Bacarese",
              "runs": {
                "batter": 1,
                "extras": 0,
                "total": 1
              }
            },
            {
              "batter": "MO Bacarese",
              "bowler": "Niv Nagavkar",
              "non_striker": "MG Hunter",
              "runs": {
                "batter": 1,
                "extras": 0,
                "total": 1
              }
            }
          ]
        },
        {
          "over": 7,
          "deliveries": [
            {
              "batter": "MO Bacarese",
              "bowler": "J Evans",
              "non_striker": "MG Hunter",
              "runs": {
                "batter": 0,
                "extras": 0,
                "total": 0
              }
            },
            {
              "batter": "MO Bacarese",
              "bowler": "J Evans",
              "non_striker": "MG Hunter",
              "runs": {
                "batter": 2,
                "extras": 0,
                "total": 2
              }
            },
            {
              "batter": "MO Bacarese",
              "bowler": "J Evans",
              "non_striker": "MG Hunter",
              "runs": {
                "batter": 1,
                "extras": 0,
                "total": 1
              }
            },
            {
              "batter": "MG Hunter",
              "bowler": "J Evans",
              "non_striker": "MO Bacarese",
              "runs": {
                "batter": 1,
                "extras": 0,
                "total": 1
              }
            },
            {
              "batter": "MO Bacarese",
              "bowler": "J Evans",
              "non_striker": "MG Hunter",
              "runs": {
                "batter": 1,
                "extras": 0,
                "total": 1
              }
            },
            {
              "batter": "MG Hunter",
              "bowler": "J Evans",
              "non_striker": "MO Bacarese",
              "runs": {
                "batter": 1,
                "extras": 0,
                "total": 1
              }
            }
          ]
        },
        {
          "over": 8,
          "deliveries": [
            {
              "batter": "MG Hunter",
              "bowler": "Niv Nagavkar",
              "non_striker": "MO Bacarese",
              "runs": {
                "batter": 1,
                "extras": 0,
                "total": 1
              }
            },
            {
              "batter": "MO Bacarese",
              "bowler": "Niv Nagavkar",
              "non_striker": "MG Hunter",
              "runs": {
                "batter": 1,
                "extras": 0,
                "total": 1
              }
            },
            {
              "batter": "MG Hunter",
              "bowler": "Niv Nagavkar",
              "non_striker": "MO Bacarese",
              "runs": {
                "batter": 1,
                "extras": 0,
                "total": 1
              }
            },
            {
              "batter": "MO Bacarese",
              "bowler": "Niv Nagavkar",
              "non_striker": "MG Hunter",
              "runs": {
                "batter": 2,
                "extras": 0,
                "total": 2
              }
            },
            {
              "batter": "MO Bacarese",
              "bowler": "Niv Nagavkar",
              "non_striker": "MG Hunter",
              "runs": {
                "batter": 4,
                "extras": 0,
                "total": 4
              }
            },
            {
              "batter": "MO Bacarese",
              "bowler": "Niv Nagavkar",
              "non_striker": "MG Hunter",
              "runs": {
                "batter": 0,
                "extras": 0,
                "total": 0
              }
            }
          ]
        },
        {
          "over": 9,
          "deliveries": [
            {
              "batter": "MG Hunter",
              "bowler": "J Evans",
              "non_striker": "MO Bacarese",
              "runs": {
                "batter": 1,
                "extras": 0,
                "total": 1
              }
            },
            {
              "batter": "MO Bacarese",
              "bowler": "J Evans",
              "non_striker": "MG Hunter",
              "runs": {
                "batter": 1,
                "extras": 0,
                "total": 1
              }
            },
            {
              "batter": "MG Hunter",
              "bowler": "J Evans",
              "non_striker": "MO Bacarese",
              "runs": {
                "batter": 0,
                "extras": 0,
                "total": 0
              }
            },
            {
              "batter": "MG Hunter",
              "bowler": "J Evans",
              "non_striker": "MO Bacarese",
              "runs": {
                "batter": 0,
                "extras": 0,
                "total": 0
              }
            },
            {
              "batter": "MG Hunter",
              "bowler": "J Evans",
              "non_striker": "MO Bacarese",
              "runs": {
                "batter": 1,
                "extras": 0,
                "total": 1
              }
            },
            {
              "batter": "MO Bacarese",
              "bowler": "J Evans",
              "non_striker": "MG Hunter",
              "runs": {
                "batter": 0,
                "extras": 0,
                "total": 0
              }
            }
          ]
        },
        {
          "over": 10,
          "deliveries": [
            {
              "batter": "MG Hunter",
              "bowler": "Niv Nagavkar",
              "non_striker": "MO Bacarese",
              "runs": {
                "batter": 1,
                "extras": 0,
                "total": 1
              }
            },
            {
              "batter": "MO Bacarese",
              "bowler": "Niv Nagavkar",
              "non_striker": "MG Hunter",
              "runs": {
                "batter": 2,
                "extras": 0,
                "total": 2
              }
            },
            {
              "batter": "MO Bacarese",
              "bowler": "Niv Nagavkar",
              "non_striker": "MG Hunter",
              "runs": {
                "batter": 1,
                "extras": 0,
                "total": 1
              }
            },
            {
              "batter": "MG Hunter",
              "bowler": "Niv Nagavkar",
              "non_striker": "MO Bacarese",
              "runs": {
                "batter": 0,
                "extras": 0,
                "total": 0
              }
            },
            {
              "batter": "MG Hunter",
              "bowler": "Niv Nagavkar",
              "non_striker": "MO Bacarese",
              "runs": {
                "batter": 0,
                "extras": 0,
                "total": 0
              }
            },
            {
              "batter": "MG Hunter",
              "bowler": "Niv Nagavkar",
              "non_striker": "MO Bacarese",
              "runs": {
                "batter": 0,
                "extras": 0,
                "total": 0
              }
            }
          ]
        },
        {
          "over": 11,
          "deliveries": [
            {
              "batter": "MO Bacarese",
              "bowler": "J Evans",
              "non_striker": "MG Hunter",
              "runs": {
                "batter": 0,
                "extras": 0,
                "total": 0
              }
            },
            {
              "batter": "MO Bacarese",
              "bowler": "J Evans",
              "non_striker": "MG Hunter",
              "runs": {
                "batter": 0,
                "extras": 0,
                "total": 0
              },
              "wickets": [
                {
                  "player_out": "MO Bacarese",
                  "fielders": [
                    {
                      "name": "Niv Nagavkar"
                    }
                  ],
                  "kind": "caught"
                }
              ]
            },
            {
              "batter": "TL Cleasby",
              "bowler": "J Evans",
              "extras": {
                "wides": 1
              },
              "non_striker": "MG Hunter",
              "runs": {
                "batter": 0,
                "extras": 1,
                "total": 1
              }
            },
            {
              "batter": "TL Cleasby",
              "bowler": "J Evans",
              "extras": {
                "wides": 1
              },
              "non_striker": "MG Hunter",
              "runs": {
                "batter": 0,
                "extras": 1,
                "total": 1
              }
            },
            {
              "batter": "TL Cleasby",
              "bowler": "J Evans",
              "extras": {
                "wides": 1
              },
              "non_striker": "MG Hunter",
              "runs": {
                "batter": 0,
                "extras": 1,
                "total": 1
              }
            },
            {
              "batter": "TL Cleasby",
              "bowler": "J Evans",
              "non_striker": "MG Hunter",
              "runs": {
                "batter": 1,
                "extras": 0,
                "total": 1
              }
            },
            {
              "batter": "MG Hunter",
              "bowler": "J Evans",
              "non_striker": "TL Cleasby",
              "runs": {
                "batter": 1,
                "extras": 0,
                "total": 1
              }
            },
            {
              "batter": "TL Cleasby",
              "bowler": "J Evans",
              "non_striker": "MG Hunter",
              "runs": {
                "batter": 0,
                "extras": 0,
                "total": 0
              }
            },
            {
              "batter": "TL Cleasby",
              "bowler": "J Evans",
              "non_striker": "MG Hunter",
              "runs": {
                "batter": 0,
                "extras": 0,
                "total": 0
              }
            }
          ]
        },
        {
          "over": 12,
          "deliveries": [
            {
              "batter": "MG Hunter",
              "bowler": "Niv Nagavkar",
              "non_striker": "TL Cleasby",
              "runs": {
                "batter": 0,
                "extras": 0,
                "total": 0
              }
            },
            {
              "batter": "MG Hunter",
              "bowler": "Niv Nagavkar",
              "non_striker": "TL Cleasby",
              "runs": {
                "batter": 2,
                "extras": 0,
                "total": 2
              }
            },
            {
              "batter": "MG Hunter",
              "bowler": "Niv Nagavkar",
              "non_striker": "TL Cleasby",
              "runs": {
                "batter": 4,
                "extras": 0,
                "total": 4
              }
            },
            {
              "batter": "MG Hunter",
              "bowler": "Niv Nagavkar",
              "non_striker": "TL Cleasby",
              "runs": {
                "batter": 0,
                "extras": 0,
                "total": 0
              }
            },
            {
              "batter": "MG Hunter",
              "bowler": "Niv Nagavkar",
              "non_striker": "TL Cleasby",
              "runs": {
                "batter": 2,
                "extras": 0,
                "total": 2
              }
            },
            {
              "batter": "MG Hunter",
              "bowler": "Niv Nagavkar",
              "non_striker": "TL Cleasby",
              "runs": {
                "batter": 2,
                "extras": 0,
                "total": 2
              }
            }
          ]
        },
        {
          "over": 13,
          "deliveries": [
            {
              "batter": "TL Cleasby",
              "bowler": "J Evans",
              "non_striker": "MG Hunter",
              "runs": {
                "batter": 0,
                "extras": 0,
                "total": 0
              },
              "wickets": [
                {
                  "player_out": "TL Cleasby",
                  "fielders": [
                    {
                      "name": "Yair Nagavkar"
                    }
                  ],
                  "kind": "caught"
                }
              ]
            },
            {
              "batter": "MG Hunter",
              "bowler": "J Evans",
              "non_striker": "T Caruana",
              "runs": {
                "batter": 0,
                "extras": 0,
                "total": 0
              }
            },
            {
              "batter": "MG Hunter",
              "bowler": "J Evans",
              "non_striker": "T Caruana",
              "runs": {
                "batter": 1,
                "extras": 0,
                "total": 1
              }
            },
            {
              "batter": "T Caruana",
              "bowler": "J Evans",
              "non_striker": "MG Hunter",
              "runs": {
                "batter": 0,
                "extras": 0,
                "total": 0
              }
            },
            {
              "batter": "T Caruana",
              "bowler": "J Evans",
              "non_striker": "MG Hunter",
              "runs": {
                "batter": 1,
                "extras": 0,
                "total": 1
              }
            },
            {
              "batter": "MG Hunter",
              "bowler": "J Evans",
              "non_striker": "T Caruana",
              "runs": {
                "batter": 0,
                "extras": 0,
                "total": 0
              }
            }
          ]
        },
        {
          "over": 14,
          "deliveries": [
            {
              "batter": "T Caruana",
              "bowler": "Yair Nagavkar",
              "non_striker": "MG Hunter",
              "runs": {
                "batter": 0,
                "extras": 0,
                "total": 0
              }
            },
            {
              "batter": "T Caruana",
              "bowler": "Yair Nagavkar",
              "non_striker": "MG Hunter",
              "runs": {
                "batter": 0,
                "extras": 0,
                "total": 0
              }
            },
            {
              "batter": "T Caruana",
              "bowler": "Yair Nagavkar",
              "extras": {
                "wides": 2
              },
              "non_striker": "MG Hunter",
              "runs": {
                "batter": 0,
                "extras": 2,
                "total": 2
              }
            },
            {
              "batter": "MG Hunter",
              "bowler": "Yair Nagavkar",
              "non_striker": "T Caruana",
              "runs": {
                "batter": 1,
                "extras": 0,
                "total": 1
              }
            },
            {
              "batter": "T Caruana",
              "bowler": "Yair Nagavkar",
              "non_striker": "MG Hunter",
              "runs": {
                "batter": 1,
                "extras": 0,
                "total": 1
              }
            },
            {
              "batter": "MG Hunter",
              "bowler": "Yair Nagavkar",
              "non_striker": "T Caruana",
              "runs": {
                "batter": 1,
                "extras": 0,
                "total": 1
              }
            },
            {
              "batter": "T Caruana",
              "bowler": "Yair Nagavkar",
              "extras": {
                "wides": 1
              },
              "non_striker": "MG Hunter",
              "runs": {
                "batter": 0,
                "extras": 1,
                "total": 1
              }
            },
            {
              "batter": "T Caruana",
              "bowler": "Yair Nagavkar",
              "non_striker": "MG Hunter",
              "runs": {
                "batter": 0,
                "extras": 0,
                "total": 0
              }
            }
          ]
        },
        {
          "over": 15,
          "deliveries": [
            {
              "batter": "MG Hunter",
              "bowler": "E Kahamker",
              "non_striker": "T Caruana",
              "runs": {
                "batter": 0,
                "extras": 0,
                "total": 0
              }
            },
            {
              "batter": "MG Hunter",
              "bowler": "E Kahamker",
              "non_striker": "T Caruana",
              "runs": {
                "batter": 1,
                "extras": 0,
                "total": 1
              }
            },
            {
              "batter": "T Caruana",
              "bowler": "E Kahamker",
              "non_striker": "MG Hunter",
              "runs": {
                "batter": 1,
                "extras": 0,
                "total": 1
              }
            },
            {
              "batter": "MG Hunter",
              "bowler": "E Kahamker",
              "non_striker": "T Caruana",
              "runs": {
                "batter": 6,
                "extras": 0,
                "total": 6
              }
            },
            {
              "batter": "MG Hunter",
              "bowler": "E Kahamker",
              "non_striker": "T Caruana",
              "runs": {
                "batter": 1,
                "extras": 0,
                "total": 1
              }
            },
            {
              "batter": "T Caruana",
              "bowler": "E Kahamker",
              "non_striker": "MG Hunter",
              "runs": {
                "batter": 0,
                "extras": 0,
                "total": 0
              }
            }
          ]
        },
        {
          "over": 16,
          "deliveries": [
            {
              "batter": "MG Hunter",
              "bowler": "Yair Nagavkar",
              "non_striker": "T Caruana",
              "runs": {
                "batter": 1,
                "extras": 0,
                "total": 1
              }
            },
            {
              "batter": "T Caruana",
              "bowler": "Yair Nagavkar",
              "non_striker": "MG Hunter",
              "runs": {
                "batter": 0,
                "extras": 0,
                "total": 0
              },
              "wickets": [
                {
                  "player_out": "T Caruana",
                  "kind": "bowled"
                }
              ]
            },
            {
              "batter": "RJ Hatchman",
              "bowler": "Yair Nagavkar",
              "non_striker": "MG Hunter",
              "runs": {
                "batter": 0,
                "extras": 0,
                "total": 0
              }
            },
            {
              "batter": "RJ Hatchman",
              "bowler": "Yair Nagavkar",
              "non_striker": "MG Hunter",
              "runs": {
                "batter": 0,
                "extras": 0,
                "total": 0
              },
              "wickets": [
                {
                  "player_out": "RJ Hatchman",
                  "fielders": [
                    {
                      "name": "S Bangera"
                    }
                  ],
                  "kind": "stumped"
                }
              ]
            },
            {
              "batter": "A Orfila",
              "bowler": "Yair Nagavkar",
              "non_striker": "MG Hunter",
              "runs": {
                "batter": 0,
                "extras": 0,
                "total": 0
              }
            },
            {
              "batter": "A Orfila",
              "bowler": "Yair Nagavkar",
              "non_striker": "MG Hunter",
              "runs": {
                "batter": 0,
                "extras": 0,
                "total": 0
              }
            }
          ]
        },
        {
          "over": 17,
          "deliveries": [
            {
              "batter": "MG Hunter",
              "bowler": "R Schachat",
              "non_striker": "A Orfila",
              "runs": {
                "batter": 1,
                "extras": 0,
                "total": 1
              }
            },
            {
              "batter": "A Orfila",
              "bowler": "R Schachat",
              "non_striker": "MG Hunter",
              "runs": {
                "batter": 0,
                "extras": 0,
                "total": 0
              }
            },
            {
              "batter": "A Orfila",
              "bowler": "R Schachat",
              "non_striker": "MG Hunter",
              "runs": {
                "batter": 0,
                "extras": 0,
                "total": 0
              }
            },
            {
              "batter": "A Orfila",
              "bowler": "R Schachat",
              "non_striker": "MG Hunter",
              "runs": {
                "batter": 0,
                "extras": 0,
                "total": 0
              }
            },
            {
              "batter": "A Orfila",
              "bowler": "R Schachat",
              "non_striker": "MG Hunter",
              "runs": {
                "batter": 1,
                "extras": 0,
                "total": 1
              }
            },
            {
              "batter": "MG Hunter",
              "bowler": "R Schachat",
              "extras": {
                "wides": 1
              },
              "non_striker": "A Orfila",
              "runs": {
                "batter": 0,
                "extras": 1,
                "total": 1
              }
            },
            {
              "batter": "MG Hunter",
              "bowler": "R Schachat",
              "extras": {
                "wides": 1
              },
              "non_striker": "A Orfila",
              "runs": {
                "batter": 0,
                "extras": 1,
                "total": 1
              }
            },
            {
              "batter": "MG Hunter",
              "bowler": "R Schachat",
              "extras": {
                "wides": 1
              },
              "non_striker": "A Orfila",
              "runs": {
                "batter": 0,
                "extras": 1,
                "total": 1
              }
            },
            {
              "batter": "MG Hunter",
              "bowler": "R Schachat",
              "non_striker": "A Orfila",
              "runs": {
                "batter": 0,
                "extras": 0,
                "total": 0
              }
            }
          ]
        },
        {
          "over": 18,
          "deliveries": [
            {
              "batter": "A Orfila",
              "bowler": "Yair Nagavkar",
              "non_striker": "MG Hunter",
              "runs": {
                "batter": 1,
                "extras": 0,
                "total": 1
              }
            },
            {
              "batter": "MG Hunter",
              "bowler": "Yair Nagavkar",
              "non_striker": "A Orfila",
              "runs": {
                "batter": 2,
                "extras": 0,
                "total": 2
              }
            },
            {
              "batter": "MG Hunter",
              "bowler": "Yair Nagavkar",
              "non_striker": "A Orfila",
              "runs": {
                "batter": 0,
                "extras": 0,
                "total": 0
              }
            },
            {
              "batter": "MG Hunter",
              "bowler": "Yair Nagavkar",
              "extras": {
                "wides": 1
              },
              "non_striker": "A Orfila",
              "runs": {
                "batter": 0,
                "extras": 1,
                "total": 1
              }
            },
            {
              "batter": "MG Hunter",
              "bowler": "Yair Nagavkar",
              "non_striker": "A Orfila",
              "runs": {
                "batter": 0,
                "extras": 0,
                "total": 0
              }
            },
            {
              "batter": "MG Hunter",
              "bowler": "Yair Nagavkar",
              "extras": {
                "byes": 1
              },
              "non_striker": "A Orfila",
              "runs": {
                "batter": 0,
                "extras": 1,
                "total": 1
              }
            },
            {
              "batter": "A Orfila",
              "bowler": "Yair Nagavkar",
              "non_striker": "MG Hunter",
              "runs": {
                "batter": 2,
                "extras": 0,
                "total": 2
              }
            }
          ]
        },
        {
          "over": 19,
          "deliveries": [
            {
              "batter": "MG Hunter",
              "bowler": "R Schachat",
              "non_striker": "A Orfila",
              "runs": {
                "batter": 1,
                "extras": 0,
                "total": 1
              }
            },
            {
              "batter": "A Orfila",
              "bowler": "R Schachat",
              "extras": {
                "wides": 1
              },
              "non_striker": "MG Hunter",
              "runs": {
                "batter": 0,
                "extras": 1,
                "total": 1
              }
            },
            {
              "batter": "A Orfila",
              "bowler": "R Schachat",
              "non_striker": "MG Hunter",
              "runs": {
                "batter": 0,
                "extras": 0,
                "total": 0
              }
            },
            {
              "batter": "A Orfila",
              "bowler": "R Schachat",
              "non_striker": "MG Hunter",
              "runs": {
                "batter": 1,
                "extras": 0,
                "total": 1
              }
            },
            {
              "batter": "MG Hunter",
              "bowler": "R Schachat",
              "non_striker": "A Orfila",
              "runs": {
                "batter": 1,
                "extras": 0,
                "total": 1
              }
            },
            {
              "batter": "A Orfila",
              "bowler": "R Schachat",
              "non_striker": "MG Hunter",
              "runs": {
                "batter": 1,
                "extras": 0,
                "total": 1
              }
            },
            {
              "batter": "MG Hunter",
              "bowler": "R Schachat",
              "non_striker": "A Orfila",
              "runs": {
                "batter": 1,
                "extras": 0,
                "total": 1
              }
            }
          ]
        }
      ],
      "powerplays": [
        {
          "from": 0.1,
          "to": 5.6,
          "type": "mandatory"
        }
      ],
      "target": {
        "overs": 20,
        "runs": 162
      }
    }
  ]
}