{
  "meta": {
    "data_version": "1.0.0",
    "created": "2020-09-09",
    "revision": 1
  },
  "info": {
    "balls_per_over": 6,
    "city": "Bangi",
    "dates": [
      "2018-10-06"
    ],
    "event": {
      "name": "ICC World Twenty20 Asia Region Qualifier B",
      "match_number": 8
    },
    "gender": "male",
    "match_type": "IT20",
    "officials": {
      "match_referees": [
        "Akhtar Ahmad"
      ],
      "reserve_umpires": [
        "V Kalidas"
      ],
      "umpires": [
        "C Shamshuddin",
        "DN Subedi"
      ]
    },
    "outcome": {
      "winner": "Singapore",
      "by": {
        "wickets": 10
      }
    },
    "overs": 20,
    "player_of_match": [
      "Manpreet Singh"
    ],
    "players": {
      "China": [
        "Chen Xiaoran",
        "HJ Yan",
        "Chen Jinfeng",
        "N Sun",
        "HT Li",
        "Tian Sen Qun",
        "DZ Ma",
        "Y Wang",
        "QS Tan",
        "Shi Yu Feng",
        "W Jing Zhang"
      ],
      "Singapore": [
        "S Chandramohan",
        "CR Kumarage",
        "A Mutreja",
        "CR Suryawanshi",
        "Janak Prakash",
        "Manpreet Singh",
        "Aritra Dutta",
        "Sidhant Singh",
        "A Krishna",
        "Amjad Mahboob",
        "Shoaib Razzak"
      ]
    },
    "registry": {
      "people": {
        "A Krishna": "13598ebc",
        "A Mutreja": "a2ec22d2",
        "Akhtar Ahmad": "29859e71",
        "Amjad Mahboob": "48f25627",
        "Aritra Dutta": "f3a5c378",
        "C Shamshuddin": "0f9d921b",
        "CR Kumarage": "9f9a728c",
        "CR Suryawanshi": "8a3756a0",
        "Chen Jinfeng": "e440caab",
        "Chen Xiaoran": "704c16b9",
        "DN Subedi": "fb0a571f",
        "DZ Ma": "ba2f439f",
        "HJ Yan": "40919feb",
        "HT Li": "91f266cf",
        "Janak Prakash": "f092b4c7",
        "Manpreet Singh": "e9d6a2ce",
        "N Sun": "a5262f5e",
        "QS Tan": "a103d8ad",
        "S Chandramohan": "2a6ccc1c",
        "Shi Yu Feng": "a434f43c",
        "Shoaib Razzak": "3b6665bf",
        "Sidhant Singh": "8f1e023f",
        "Tian Sen Qun": "3883402f",
        "V Kalidas": "42d76418",
        "W Jing Zhang": "e01d4cc6",
        "Y Wang": "b820271d"
      }
    },
    "season": "2018/19",
    "team_type": "international",
    "teams": [
      "China",
      "Singapore"
    ],
    "toss": {
      "decision": "field",
      "winner": "Singapore"
    },
    "venue": "UKM-YSD Cricket Oval"
  },
  "innings": [
    {
      "team": "China",
      "overs": [
        {
          "over": 0,
          "deliveries": [
            {
              "batter": "Chen Xiaoran",
              "bowler": "Shoaib Razzak",
              "non_striker": "HJ Yan",
              "runs": {
                "batter": 0,
                "extras": 0,
                "total": 0
              },
              "wickets": [
                {
                  "player_out": "Chen Xiaoran",
                  "kind": "bowled"
                }
              ]
            },
            {
              "batter": "Chen Jinfeng",
              "bowler": "Shoaib Razzak",
              "non_striker": "HJ Yan",
              "runs": {
                "batter": 0,
                "extras": 0,
                "total": 0
              }
            },
            {
              "batter": "Chen Jinfeng",
              "bowler": "Shoaib Razzak",
              "non_striker": "HJ Yan",
              "runs": {
                "batter": 2,
                "extras": 0,
                "total": 2
              }
            },
            {
              "batter": "Chen Jinfeng",
              "bowler": "Shoaib Razzak",
              "non_striker": "HJ Yan",
              "runs": {
                "batter": 0,
                "extras": 0,
                "total": 0
              }
            },
            {
              "batter": "Chen Jinfeng",
              "bowler": "Shoaib Razzak",
              "non_striker": "HJ Yan",
              "runs": {
                "batter": 0,
                "extras": 0,
                "total": 0
              }
            },
            {
              "batter": "Chen Jinfeng",
              "bowler": "Shoaib Razzak",
              "non_striker": "HJ Yan",
              "runs": {
                "batter": 0,
                "extras": 0,
                "total": 0
              }
            }
          ]
        },
        {
          "over": 1,
          "deliveries": [
            {
              "batter": "HJ Yan",
              "bowler": "Amjad Mahboob",
              "non_striker": "Chen Jinfeng",
              "runs": {
                "batter": 0,
                "extras": 0,
                "total": 0
              }
            },
            {
              "batter": "HJ Yan",
              "bowler": "Amjad Mahboob",
              "non_striker": "Chen Jinfeng",
              "runs": {
                "batter": 0,
                "extras": 0,
                "total": 0
              }
            },
            {
              "batter": "HJ Yan",
              "bowler": "Amjad Mahboob",
              "non_striker": "Chen Jinfeng",
              "runs": {
                "batter": 0,
                "extras": 0,
                "total": 0
              }
            },
            {
              "batter": "HJ Yan",
              "bowler": "Amjad Mahboob",
              "extras": {
                "wides": 1
              },
              "non_striker": "Chen Jinfeng",
              "runs": {
                "batter": 0,
                "extras": 1,
                "total": 1
              }
            },
            {
              "batter": "HJ Yan",
              "bowler": "Amjad Mahboob",
              "non_striker": "Chen Jinfeng",
              "runs": {
                "batter": 0,
                "extras": 0,
                "total": 0
              }
            },
            {
              "batter": "HJ Yan",
              "bowler": "Amjad Mahboob",
              "non_striker": "Chen Jinfeng",
              "runs": {
                "batter": 0,
                "extras": 0,
                "total": 0
              }
            },
            {
              "batter": "HJ Yan",
              "bowler": "Amjad Mahboob",
              "non_striker": "Chen Jinfeng",
              "runs": {
                "batter": 0,
                "extras": 0,
                "total": 0
              }
            }
          ]
        },
        {
          "over": 2,
          "deliveries": [
            {
              "batter": "Chen Jinfeng",
              "bowler": "Shoaib Razzak",
              "non_striker": "HJ Yan",
              "runs": {
                "batter": 0,
                "extras": 0,
                "total": 0
              }
            },
            {
              "batter": "Chen Jinfeng",
              "bowler": "Shoaib Razzak",
              "non_striker": "HJ Yan",
              "runs": {
                "batter": 0,
                "extras": 0,
                "total": 0
              }
            },
            {
              "batter": "Chen Jinfeng",
              "bowler": "Shoaib Razzak",
              "non_striker": "HJ Yan",
              "runs": {
                "batter": 0,
                "extras": 0,
                "total": 0
              }
            },
            {
              "batter": "Chen Jinfeng",
              "bowler": "Shoaib Razzak",
              "non_striker": "HJ Yan",
              "runs": {
                "batter": 0,
                "extras": 0,
                "total": 0
              }
            },
            {
              "batter": "Chen Jinfeng",
              "bowler": "Shoaib Razzak",
              "non_striker": "HJ Yan",
              "runs": {
                "batter": 1,
                "extras": 0,
                "total": 1
              }
            },
            {
              "batter": "HJ Yan",
              "bowler": "Shoaib Razzak",
              "non_striker": "Chen Jinfeng",
              "runs": {
                "batter": 1,
                "extras": 0,
                "total": 1
              }
            }
          ]
        },
        {
          "over": 3,
          "deliveries": [
            {
              "batter": "HJ Yan",
              "bowler": "Amjad Mahboob",
              "non_striker": "Chen Jinfeng",
              "runs": {
                "batter": 0,
                "extras": 0,
                "total": 0
              }
            },
            {
              "batter": "HJ Yan",
              "bowler": "Amjad Mahboob",
              "extras": {
                "wides": 1
              },
              "non_striker": "Chen Jinfeng",
              "runs": {
                "batter": 0,
                "extras": 1,
                "total": 1
              }
            },
            {
              "batter": "HJ Yan",
              "bowler": "Amjad Mahboob",
              "non_striker": "Chen Jinfeng",
              "runs": {
                "batter": 0,
                "extras": 0,
                "total": 0
              },
              "wickets": [
                {
                  "player_out": "HJ Yan",
                  "kind": "lbw"
                }
              ]
            },
            {
              "batter": "N Sun",
              "bowler": "Amjad Mahboob",
              "non_striker": "Chen Jinfeng",
              "runs": {
                "batter": 0,
                "extras": 0,
                "total": 0
              }
            },
            {
              "batter": "N Sun",
              "bowler": "Amjad Mahboob",
              "extras": {
                "wides": 1
              },
              "non_striker": "Chen Jinfeng",
              "runs": {
                "batter": 0,
                "extras": 1,
                "total": 1
              }
            },
            {
              "batter": "N Sun",
              "bowler": "Amjad Mahboob",
              "non_striker": "Chen Jinfeng",
              "runs": {
                "batter": 0,
                "extras": 0,
                "total": 0
              }
            },
            {
              "batter": "N Sun",
              "bowler": "Amjad Mahboob",
              "non_striker": "Chen Jinfeng",
              "runs": {
                "batter": 1,
                "extras": 0,
                "total": 1
              }
            },
            {
              "batter": "Chen Jinfeng",
              "bowler": "Amjad Mahboob",
              "non_striker": "N Sun",
              "runs": {
                "batter": 0,
                "extras": 0,
                "total": 0
              }
            }
          ]
        },
        {
          "over": 4,
          "deliveries": [
            {
              "batter": "N Sun",
              "bowler": "Janak Prakash",
              "extras": {
                "wides": 1
              },
              "non_striker": "Chen Jinfeng",
              "runs": {
                "batter": 0,
                "extras": 1,
                "total": 1
              }
            },
            {
              "batter": "N Sun",
              "bowler": "Janak Prakash",
              "non_striker": "Chen Jinfeng",
              "runs": {
                "batter": 0,
                "extras": 0,
                "total": 0
              }
            },
            {
              "batter": "N Sun",
              "bowler": "Janak Prakash",
              "non_striker": "Chen Jinfeng",
              "runs": {
                "batter": 0,
                "extras": 0,
                "total": 0
              },
              "wickets": [
                {
                  "player_out": "N Sun",
                  "kind": "bowled"
                }
              ]
            },
            {
              "batter": "HT Li",
              "bowler": "Janak Prakash",
              "non_striker": "Chen Jinfeng",
              "runs": {
                "batter": 0,
                "extras": 0,
                "total": 0
              },
              "wickets": [
                {
                  "player_out": "HT Li",
                  "kind": "bowled"
                }
              ]
            },
            {
              "batter": "Tian Sen Qun",
              "bowler": "Janak Prakash",
              "non_striker": "Chen Jinfeng",
              "runs": {
                "batter": 0,
                "extras": 0,
                "total": 0
              }
            },
            {
              "batter": "Tian Sen Qun",
              "bowler": "Janak Prakash",
              "non_striker": "Chen Jinfeng",
              "runs": {
                "batter": 1,
                "extras": 0,
                "total": 1
              }
            },
            {
              "batter": "Chen Jinfeng",
              "bowler": "Janak Prakash",
              "non_striker": "Tian Sen Qun",
              "runs": {
                "batter": 1,
                "extras": 0,
                "total": 1
              }
            }
          ]
        },
        {
          "over": 5,
          "deliveries": [
            {
              "batter": "Chen Jinfeng",
              "bowler": "Sidhant Singh",
              "extras": {
                "wides": 1
              },
              "non_striker": "Tian Sen Qun",
              "runs": {
                "batter": 0,
                "extras": 1,
                "total": 1
              }
            },
            {
              "batter": "Chen Jinfeng",
              "bowler": "Sidhant Singh",
              "non_striker": "Tian Sen Qun",
              "runs": {
                "batter": 0,
                "extras": 0,
                "total": 0
              }
            },
            {
              "batter": "Chen Jinfeng",
              "bowler": "Sidhant Singh",
              "non_striker": "Tian Sen Qun",
              "runs": {
                "batter": 0,
                "extras": 0,
                "total": 0
              }
            },
            {
              "batter": "Chen Jinfeng",
              "bowler": "Sidhant Singh",
              "non_striker": "Tian Sen Qun",
              "runs": {
                "batter": 0,
                "extras": 0,
                "total": 0
              },
              "wickets": [
                {
                  "player_out": "Chen Jinfeng",
                  "fielders": [
                    {
                      "name": "CR Suryawanshi"
                    }
                  ],
                  "kind": "caught"
                }
              ]
            },
            {
              "batter": "DZ Ma",
              "bowler": "Sidhant Singh",
              "non_striker": "Tian Sen Qun",
              "runs": {
                "batter": 0,
                "extras": 0,
                "total": 0
              }
            },
            {
              "batter": "DZ Ma",
              "bowler": "Sidhant Singh",
              "non_striker": "Tian Sen Qun",
              "runs": {
                "batter": 0,
                "extras": 0,
                "total": 0
              }
            },
            {
              "batter": "DZ Ma",
              "bowler": "Sidhant Singh",
              "non_striker": "Tian Sen Qun",
              "runs": {
                "batter": 0,
                "extras": 0,
                "total": 0
              },
              "wickets": [
                {
                  "player_out": "DZ Ma",
                  "fielders": [
                    {
                      "name": "A Mutreja"
                    }
                  ],
                  "kind": "caught"
                }
              ]
            }
          ]
        },
        {
          "over": 6,
          "deliveries": [
            {
              "batter": "Tian Sen Qun",
              "bowler": "Janak Prakash",
              "non_striker": "Y Wang",
              "runs": {
                "batter": 0,
                "extras": 0,
                "total": 0
              }
            },
            {
              "batter": "Tian Sen Qun",
              "bowler": "Janak Prakash",
              "non_striker": "Y Wang",
              "runs": {
                "batter": 0,
                "extras": 0,
                "total": 0
              }
            },
            {
              "batter": "Tian Sen Qun",
              "bowler": "Janak Prakash",
              "extras": {
                "wides": 1
              },
              "non_striker": "Y Wang",
              "runs": {
                "batter": 0,
                "extras": 1,
                "total": 1
              }
            },
            {
              "batter": "Tian Sen Qun",
              "bowler": "Janak Prakash",
              "non_striker": "Y Wang",
              "runs": {
                "batter": 0,
                "extras": 0,
                "total": 0
              }
            },
            {
              "batter": "Tian Sen Qun",
              "bowler": "Janak Prakash",
              "non_striker": "Y Wang",
              "runs": {
                "batter": 0,
                "extras": 0,
                "total": 0
              }
            },
            {
              "batter": "Tian Sen Qun",
              "bowler": "Janak Prakash",
              "non_striker": "Y Wang",
              "runs": {
                "batter": 0,
                "extras": 0,
                "total": 0
              }
            },
            {
              "batter": "Tian Sen Qun",
              "bowler": "Janak Prakash",
              "extras": {
                "wides": 1
              },
              "non_striker": "Y Wang",
              "runs": {
                "batter": 0,
                "extras": 1,
                "total": 1
              }
            },
            {
              "batter": "Tian Sen Qun",
              "bowler": "Janak Prakash",
              "non_striker": "Y Wang",
              "runs": {
                "batter": 0,
                "extras": 0,
                "total": 0
              }
            }
          ]
        },
        {
          "over": 7,
          "deliveries": [
            {
              "batter": "Y Wang",
              "bowler": "Sidhant Singh",
              "non_striker": "Tian Sen Qun",
              "runs": {
                "batter": 0,
                "extras": 0,
                "total": 0
              }
            },
            {
              "batter": "Y Wang",
              "bowler": "Sidhant Singh",
              "non_striker": "Tian Sen Qun",
              "runs": {
                "batter": 0,
                "extras": 0,
                "total": 0
              }
            },
            {
              "batter": "Y Wang",
              "bowler": "Sidhant Singh",
              "non_striker": "Tian Sen Qun",
              "runs": {
                "batter": 0,
                "extras": 0,
                "total": 0
              }
            },
            {
              "batter": "Y Wang",
              "bowler": "Sidhant Singh",
              "non_striker": "Tian Sen Qun",
              "runs": {
                "batter": 0,
                "extras": 0,
                "total": 0
              }
            },
            {
              "batter": "Y Wang",
              "bowler": "Sidhant Singh",
              "non_striker": "Tian Sen Qun",
              "runs": {
                "batter": 0,
                "extras": 0,
                "total": 0
              }
            },
            {
              "batter": "Y Wang",
              "bowler": "Sidhant Singh",
              "non_striker": "Tian Sen Qun",
              "runs": {
                "batter": 0,
                "extras": 0,
                "total": 0
              }
            }
          ]
        },
        {
          "over": 8,
          "deliveries": [
            {
              "batter": "Tian Sen Qun",
              "bowler": "A Krishna",
              "non_striker": "Y Wang",
              "runs": {
                "batter": 1,
                "extras": 0,
                "total": 1
              }
            },
            {
              "batter": "Y Wang",
              "bowler": "A Krishna",
              "non_striker": "Tian Sen Qun",
              "runs": {
                "batter": 0,
                "extras": 0,
                "total": 0
              }
            },
            {
              "batter": "Y Wang",
              "bowler": "A Krishna",
              "non_striker": "Tian Sen Qun",
              "runs": {
                "batter": 2,
                "extras": 0,
                "total": 2
              }
            },
            {
              "batter": "Y Wang",
              "bowler": "A Krishna",
              "non_striker": "Tian Sen Qun",
              "runs": {
                "batter": 1,
                "extras": 0,
                "total": 1
              }
            },
            {
              "batter": "Tian Sen Qun",
              "bowler": "A Krishna",
              "non_striker": "Y Wang",
              "runs": {
                "batter": 0,
                "extras": 0,
                "total": 0
              }
            },
            {
              "batter": "Tian Sen Qun",
              "bowler": "A Krishna",
              "non_striker": "Y Wang",
              "runs": {
                "batter": 0,
                "extras": 0,
                "total": 0
              }
            }
          ]
        },
        {
          "over": 9,
          "deliveries": [
            {
              "batter": "Y Wang",
              "bowler": "Sidhant Singh",
              "non_striker": "Tian Sen Qun",
              "runs": {
                "batter": 0,
                "extras": 0,
                "total": 0
              }
            },
            {
              "batter": "Y Wang",
              "bowler": "Sidhant Singh",
              "non_striker": "Tian Sen Qun",
              "runs": {
                "batter": 0,
                "extras": 0,
                "total": 0
              }
            },
            {
              "batter": "Y Wang",
              "bowler": "Sidhant Singh",
              "non_striker": "Tian Sen Qun",
              "runs": {
                "batter": 1,
                "extras": 0,
                "total": 1
              }
            },
            {
              "batter": "Tian Sen Qun",
              "bowler": "Sidhant Singh",
              "non_striker": "Y Wang",
              "runs": {
                "batter": 0,
                "extras": 0,
                "total": 0
              }
            },
            {
              "batter": "Tian Sen Qun",
              "bowler": "Sidhant Singh",
              "non_striker": "Y Wang",
              "runs": {
                "batter": 0,
                "extras": 0,
                "total": 0
              }
            },
            {
              "batter": "Tian Sen Qun",
              "bowler": "Sidhant Singh",
              "non_striker": "Y Wang",
              "runs": {
                "batter": 0,
                "extras": 0,
                "total": 0
              }
            }
          ]
        },
        {
          "over": 10,
          "deliveries": [
            {
              "batter": "Y Wang",
              "bowler": "A Krishna",
              "non_striker": "Tian Sen Qun",
              "runs": {
                "batter": 0,
                "extras": 0,
                "total": 0
              }
            },
            {
              "batter": "Y Wang",
              "bowler": "A Krishna",
              "non_striker": "Tian Sen Qun",
              "runs": {
                "batter": 0,
                "extras": 0,
                "total": 0
              }
            },
            {
              "batter": "Y Wang",
              "bowler": "A Krishna",
              "non_striker": "Tian Sen Qun",
              "runs": {
                "batter": 0,
                "extras": 0,
                "total": 0
              }
            },
            {
              "batter": "Y Wang",
              "bowler": "A Krishna",
              "non_striker": "Tian Sen Qun",
              "runs": {
                "batter": 0,
                "extras": 0,
                "total": 0
              }
            },
            {
              "batter": "Y Wang",
              "bowler": "A Krishna",
              "non_striker": "Tian Sen Qun",
              "runs": {
                "batter": 0,
                "extras": 0,
                "total": 0
              }
            },
            {
              "batter": "Y Wang",
              "bowler": "A Krishna",
              "non_striker": "Tian Sen Qun",
              "runs": {
                "batter": 1,
                "extras": 0,
                "total": 1
              }
            }
          ]
        },
        {
          "over": 11,
          "deliveries": [
            {
              "batter": "Y Wang",
              "bowler": "Manpreet Singh",
              "extras": {
                "wides": 1
              },
              "non_striker": "Tian Sen Qun",
              "runs": {
                "batter": 0,
                "extras": 1,
                "total": 1
              }
            },
            {
              "batter": "Y Wang",
              "bowler": "Manpreet Singh",
              "non_striker": "Tian Sen Qun",
              "runs": {
                "batter": 0,
                "extras": 0,
                "total": 0
              },
              "wickets": [
                {
                  "player_out": "Y Wang",
                  "kind": "bowled"
                }
              ]
            },
            {
              "batter": "QS Tan",
              "bowler": "Manpreet Singh",
              "non_striker": "Tian Sen Qun",
              "runs": {
                "batter": 0,
                "extras": 0,
                "total": 0
              }
            },
            {
              "batter": "QS Tan",
              "bowler": "Manpreet Singh",
              "non_striker": "Tian Sen Qun",
              "runs": {
                "batter": 0,
                "extras": 0,
                "total": 0
              }
            },
            {
              "batter": "QS Tan",
              "bowler": "Manpreet Singh",
              "extras": {
                "byes": 3
              },
              "non_striker": "Tian Sen Qun",
              "runs": {
                "batter": 0,
                "extras": 3,
                "total": 3
              }
            },
            {
              "batter": "Tian Sen Qun",
              "bowler": "Manpreet Singh",
              "non_striker": "QS Tan",
              "runs": {
                "batter": 0,
                "extras": 0,
                "total": 0
              }
            },
            {
              "batter": "Tian Sen Qun",
              "bowler": "Manpreet Singh",
              "non_striker": "QS Tan",
              "runs": {
                "batter": 0,
                "extras": 0,
                "total": 0
              }
            }
          ]
        },
        {
          "over": 12,
          "deliveries": [
            {
              "batter": "QS Tan",
              "bowler": "Janak Prakash",
              "extras": {
                "wides": 1
              },
              "non_striker": "Tian Sen Qun",
              "runs": {
                "batter": 0,
                "extras": 1,
                "total": 1
              }
            },
            {
              "batter": "QS Tan",
              "bowler": "Janak Prakash",
              "non_striker": "Tian Sen Qun",
              "runs": {
                "batter": 0,
                "extras": 0,
                "total": 0
              }
            },
            {
              "batter": "QS Tan",
              "bowler": "Janak Prakash",
              "non_striker": "Tian Sen Qun",
              "runs": {
                "batter": 0,
                "extras": 0,
                "total": 0
              }
            },
            {
              "batter": "QS Tan",
              "bowler": "Janak Prakash",
              "non_striker": "Tian Sen Qun",
              "runs": {
                "batter": 0,
                "extras": 0,
                "total": 0
              }
            },
            {
              "batter": "QS Tan",
              "bowler": "Janak Prakash",
              "non_striker": "Tian Sen Qun",
              "runs": {
                "batter": 0,
                "extras": 0,
                "total": 0
              }
            },
            {
              "batter": "QS Tan",
              "bowler": "Janak Prakash",
              "non_striker": "Tian Sen Qun",
              "runs": {
                "batter": 0,
                "extras": 0,
                "total": 0
              }
            },
            {
              "batter": "QS Tan",
              "bowler": "Janak Prakash",
              "non_striker": "Tian Sen Qun",
              "runs": {
                "batter": 1,
                "extras": 0,
                "total": 1
              }
            }
          ]
        },
        {
          "over": 13,
          "deliveries": [
            {
              "batter": "QS Tan",
              "bowler": "Manpreet Singh",
              "non_striker": "Tian Sen Qun",
              "runs": {
                "batter": 0,
                "extras": 0,
                "total": 0
              }
            },
            {
              "batter": "QS Tan",
              "bowler": "Manpreet Singh",
              "non_striker": "Tian Sen Qun",
              "runs": {
                "batter": 0,
                "extras": 0,
                "total": 0
              },
              "wickets": [
                {
                  "player_out": "QS Tan",
                  "kind": "lbw"
                }
              ]
            },
            {
              "batter": "Shi Yu Feng",
              "bowler": "Manpreet Singh",
              "non_striker": "Tian Sen Qun",
              "runs": {
                "batter": 0,
                "extras": 0,
                "total": 0
              }
            },
            {
              "batter": "Shi Yu Feng",
              "bowler": "Manpreet Singh",
              "non_striker": "Tian Sen Qun",
              "runs": {
                "batter": 0,
                "extras": 0,
                "total": 0
              },
              "wickets": [
                {
                  "player_out": "Shi Yu Feng",
                  "kind": "bowled"
                }
              ]
            },
            {
              "batter": "W Jing Zhang",
              "bowler": "Manpreet Singh",
              "non_striker": "Tian Sen Qun",
              "runs": {
                "batter": 0,
                "extras": 0,
                "total": 0
              }
            },
            {
              "batter": "W Jing Zhang",
              "bowler": "Manpreet Singh",
              "non_striker": "Tian Sen Qun",
              "runs": {
                "batter": 0,
                "extras": 0,
                "total": 0
              }
            }
          ]
        },
        {
          "over": 14,
          "deliveries": [
            {
              "batter": "Tian Sen Qun",
              "bowler": "Amjad Mahboob",
              "non_striker": "W Jing Zhang",
              "runs": {
                "batter": 0,
                "extras": 0,
                "total": 0
              },
              "wickets": [
                {
                  "player_out": "Tian Sen Qun",
                  "fielders": [
                    {
                      "name": "A Mutreja"
                    }
                  ],
                  "kind": "caught"
                }
              ]
            }
          ]
        }
      ],
      "powerplays": [
        {
          "from": 0.1,
          "to": 5.7,
          "type": "mandatory"
        }
      ]
    },
    {
      "team": "Singapore",
      "overs": [
        {
          "over": 0,
          "deliveries": [
            {
              "batter": "S Chandramohan",
              "bowler": "Tian Sen Qun",
              "non_striker": "CR Kumarage",
              "runs": {
                "batter": 0,
                "extras": 0,
                "total": 0
              }
            },
            {
              "batter": "S Chandramohan",
              "bowler": "Tian Sen Qun",
              "extras": {
                "wides": 1
              },
              "non_striker": "CR Kumarage",
              "runs": {
                "batter": 0,
                "extras": 1,
                "total": 1
              }
            },
            {
              "batter": "S Chandramohan",
              "bowler": "Tian Sen Qun",
              "non_striker": "CR Kumarage",
              "runs": {
                "batter": 1,
                "extras": 0,
                "total": 1
              }
            },
            {
              "batter": "CR Kumarage",
              "bowler": "Tian Sen Qun",
              "non_striker": "S Chandramohan",
              "runs": {
                "batter": 1,
                "extras": 0,
                "total": 1
              }
            },
            {
              "batter": "S Chandramohan",
              "bowler": "Tian Sen Qun",
              "non_striker": "CR Kumarage",
              "runs": {
                "batter": 4,
                "extras": 0,
                "total": 4
              }
            },
            {
              "batter": "S Chandramohan",
              "bowler": "Tian Sen Qun",
              "non_striker": "CR Kumarage",
              "runs": {
                "batter": 1,
                "extras": 0,
                "total": 1
              }
            },
            {
              "batter": "CR Kumarage",
              "bowler": "Tian Sen Qun",
              "non_striker": "S Chandramohan",
              "runs": {
                "batter": 4,
                "extras": 0,
                "total": 4
              }
            }
          ]
        },
        {
          "over": 1,
          "deliveries": [
            {
              "batter": "S Chandramohan",
              "bowler": "W Jing Zhang",
              "non_striker": "CR Kumarage",
              "runs": {
                "batter": 4,
                "extras": 0,
                "total": 4
              }
            },
            {
              "batter": "S Chandramohan",
              "bowler": "W Jing Zhang",
              "non_striker": "CR Kumarage",
              "runs": {
                "batter": 1,
                "extras": 0,
                "total": 1
              }
            },
            {
              "batter": "CR Kumarage",
              "bowler": "W Jing Zhang",
              "non_striker": "S Chandramohan",
              "runs": {
                "batter": 1,
                "extras": 0,
                "total": 1
              }
            },
            {
              "batter": "S Chandramohan",
              "bowler": "W Jing Zhang",
              "non_striker": "CR Kumarage",
              "runs": {
                "batter": 0,
                "extras": 0,
                "total": 0
              }
            },
            {
              "batter": "S Chandramohan",
              "bowler": "W Jing Zhang",
              "non_striker": "CR Kumarage",
              "runs": {
                "batter": 1,
                "extras": 0,
                "total": 1
              }
            },
            {
              "batter": "CR Kumarage",
              "bowler": "W Jing Zhang",
              "non_striker": "S Chandramohan",
              "runs": {
                "batter": 6,
                "extras": 0,
                "total": 6
              }
            }
          ]
        },
        {
          "over": 2,
          "deliveries": [
            {
              "batter": "S Chandramohan",
              "bowler": "Tian Sen Qun",
              "non_striker": "CR Kumarage",
              "runs": {
                "batter": 1,
                "extras": 0,
                "total": 1
              }
            },
            {
              "batter": "CR Kumarage",
              "bowler": "Tian Sen Qun",
              "non_striker": "S Chandramohan",
              "runs": {
                "batter": 0,
                "extras": 0,
                "total": 0
              }
            },
            {
              "batter": "CR Kumarage",
              "bowler": "Tian Sen Qun",
              "non_striker": "S Chandramohan",
              "runs": {
                "batter": 4,
                "extras": 0,
                "total": 4
              }
            }
          ]
        }
      ],
      "powerplays": [
        {
          "from": 0.1,
          "to": 2.3,
          "type": "mandatory"
        }
      ],
      "target": {
        "overs": 20,
        "runs": 27
      }
    }
  ]
}