{
  "meta": {
    "data_version": "1.0.0",
    "created": "2020-09-09",
    "revision": 1
  },
  "info": {
    "balls_per_over": 6,
    "city": "Kuala Lumpur",
    "dates": [
      "2018-10-07"
    ],
    "event": {
      "name": "ICC World Twenty20 Asia Region Qualifier B",
      "match_number": 10
    },
    "gender": "male",
    "match_type": "IT20",
    "officials": {
      "match_referees": [
        "Akhtar Ahmad"
      ],
      "reserve_umpires": [
        "Tabarak Dar"
      ],
      "umpires": [
        "C Shamshuddin",
        "IA Thomson"
      ]
    },
    "outcome": {
      "winner": "Singapore",
      "by": {
        "runs": 40
      }
    },
    "overs": 20,
    "player_of_match": [
      "A Krishna"
    ],
    "players": {
      "Singapore": [
        "Aritra Dutta",
        "S Chandramohan",
        "CR Kumarage",
        "CR Suryawanshi",
        "Manpreet Singh",
        "A Mutreja",
        "Janak Prakash",
        "A Krishna",
        "Sidhant Singh",
        "Amjad Mahboob",
        "Shoaib Razzak"
      ],
      "Malaysia": [
        "Shafiq Sharif",
        "Ahmed Faiz",
        "Suhan Alagaratnam",
        "Virandeep Singh",
        "Syed Aziz",
        "M Syahadat Ramli",
        "S Muniandy",
        "SKG Krishnan",
        "Anwar Rahman",
        "Syazrul Idrus",
        "Pavandeep Singh"
      ]
    },
    "registry": {
      "people": {
        "A Krishna": "13598ebc",
        "A Mutreja": "a2ec22d2",
        "Ahmed Faiz": "f6b4f746",
        "Akhtar Ahmad": "29859e71",
        "Amjad Mahboob": "48f25627",
        "Anwar Rahman": "28adcce9",
        "Aritra Dutta": "f3a5c378",
        "C Shamshuddin": "0f9d921b",
        "CR Kumarage": "9f9a728c",
        "CR Suryawanshi": "8a3756a0",
        "IA Thomson": "4b594b43",
        "Janak Prakash": "f092b4c7",
        "M Syahadat Ramli": "5efa8af3",
        "Manpreet Singh": "e9d6a2ce",
        "Pavandeep Singh": "78fcc740",
        "S Chandramohan": "2a6ccc1c",
        "S Muniandy": "57fcfd3b",
        "SKG Krishnan": "798ce1ad",
        "Shafiq Sharif": "033ac24e",
        "Shoaib Razzak": "3b6665bf",
        "Sidhant Singh": "8f1e023f",
        "Suhan Alagaratnam": "4cf59936",
        "Syazrul Idrus": "6dba59e0",
        "Syed Aziz": "6667067e",
        "Tabarak Dar": "2259c12d",
        "Virandeep Singh": "415d30b6"
      }
    },
    "season": "2018/19",
    "team_type": "international",
    "teams": [
      "Singapore",
      "Malaysia"
    ],
    "toss": {
      "decision": "bat",
      "winner": "Singapore"
    },
    "venue": "Bayuemas Oval"
  },
  "innings": [
    {
      "team": "Singapore",
      "overs": [
        {
          "over": 0,
          "deliveries": [
            {
              "batter": "Aritra Dutta",
              "bowler": "Syazrul Idrus",
              "non_striker": "S Chandramohan",
              "runs": {
                "batter": 0,
                "extras": 0,
                "total": 0
              }
            },
            {
              "batter": "Aritra Dutta",
              "bowler": "Syazrul Idrus",
              "non_striker": "S Chandramohan",
              "runs": {
                "batter": 1,
                "extras": 0,
                "total": 1
              }
            },
            {
              "batter": "S Chandramohan",
              "bowler": "Syazrul Idrus",
              "non_striker": "Aritra Dutta",
              "runs": {
                "batter": 0,
                "extras": 0,
                "total": 0
              }
            },
            {
              "batter": "S Chandramohan",
              "bowler": "Syazrul Idrus",
              "non_striker": "Aritra Dutta",
              "runs": {
                "batter": 0,
                "extras": 0,
                "total": 0
              }
            },
            {
              "batter": "S Chandramohan",
              "bowler": "Syazrul Idrus",
              "non_striker": "Aritra Dutta",
              "runs": {
                "batter": 0,
                "extras": 0,
                "total": 0
              }
            },
            {
              "batter": "S Chandramohan",
              "bowler": "Syazrul Idrus",
              "non_striker": "Aritra Dutta",
              "runs": {
                "batter": 4,
                "extras": 0,
                "total": 4
              }
            }
          ]
        },
        {
          "over": 1,
          "deliveries": [
            {
              "batter": "Aritra Dutta",
              "bowler": "Syed Aziz",
              "non_striker": "S Chandramohan",
              "runs": {
                "batter": 0,
                "extras": 0,
                "total": 0
              }
            },
            {
              "batter": "Aritra Dutta",
              "bowler": "Syed Aziz",
              "extras": {
                "wides": 1
              },
              "non_striker": "S Chandramohan",
              "runs": {
                "batter": 0,
                "extras": 1,
                "total": 1
              }
            },
            {
              "batter": "Aritra Dutta",
              "bowler": "Syed Aziz",
              "extras": {
                "wides": 1
              },
              "non_striker": "S Chandramohan",
              "runs": {
                "batter": 0,
                "extras": 1,
                "total": 1
              }
            },
            {
              "batter": "Aritra Dutta",
              "bowler": "Syed Aziz",
              "non_striker": "S Chandramohan",
              "runs": {
                "batter": 4,
                "extras": 0,
                "total": 4
              }
            },
            {
              "batter": "Aritra Dutta",
              "bowler": "Syed Aziz",
              "non_striker": "S Chandramohan",
              "runs": {
                "batter": 4,
                "extras": 0,
                "total": 4
              }
            },
            {
              "batter": "Aritra Dutta",
              "bowler": "Syed Aziz",
              "non_striker": "S Chandramohan",
              "runs": {
                "batter": 0,
                "extras": 0,
                "total": 0
              },
              "wickets": [
                {
                  "player_out": "Aritra Dutta",
                  "fielders": [
                    {
                      "name": "Suhan Alagaratnam"
                    }
                  ],
                  "kind": "caught"
                }
              ]
            },
            {
              "batter": "CR Kumarage",
              "bowler": "Syed Aziz",
              "non_striker": "S Chandramohan",
              "runs": {
                "batter": 0,
                "extras": 0,
                "total": 0
              }
            },
            {
              "batter": "CR Kumarage",
              "bowler": "Syed Aziz",
              "non_striker": "S Chandramohan",
              "runs": {
                "batter": 0,
                "extras": 0,
                "total": 0
              }
            }
          ]
        },
        {
          "over": 2,
          "deliveries": [
            {
              "batter": "S Chandramohan",
              "bowler": "Pavandeep Singh",
              "non_striker": "CR Kumarage",
              "runs": {
                "batter": 0,
                "extras": 0,
                "total": 0
              }
            },
            {
              "batter": "S Chandramohan",
              "bowler": "Pavandeep Singh",
              "non_striker": "CR Kumarage",
              "runs": {
                "batter": 0,
                "extras": 0,
                "total": 0
              }
            },
            {
              "batter": "S Chandramohan",
              "bowler": "Pavandeep Singh",
              "extras": {
                "byes": 4
              },
              "non_striker": "CR Kumarage",
              "runs": {
                "batter": 0,
                "extras": 4,
                "total": 4
              }
            },
            {
              "batter": "S Chandramohan",
              "bowler": "Pavandeep Singh",
              "non_striker": "CR Kumarage",
              "runs": {
                "batter": 1,
                "extras": 0,
                "total": 1
              }
            },
            {
              "batter": "CR Kumarage",
              "bowler": "Pavandeep Singh",
              "non_striker": "S Chandramohan",
              "runs": {
                "batter": 0,
                "extras": 0,
                "total": 0
              }
            },
            {
              "batter": "CR Kumarage",
              "bowler": "Pavandeep Singh",
              "non_striker": "S Chandramohan",
              "runs": {
                "batter": 4,
                "extras": 0,
                "total": 4
              }
            }
          ]
        },
        {
          "over": 3,
          "deliveries": [
            {
              "batter": "S Chandramohan",
              "bowler": "Syazrul Idrus",
              "non_striker": "CR Kumarage",
              "runs": {
                "batter": 0,
                "extras": 0,
                "total": 0
              }
            },
            {
              "batter": "S Chandramohan",
              "bowler": "Syazrul Idrus",
              "extras": {
                "noballs": 1
              },
              "non_striker": "CR Kumarage",
              "runs": {
                "batter": 4,
                "extras": 1,
                "total": 5
              }
            },
            {
              "batter": "S Chandramohan",
              "bowler": "Syazrul Idrus",
              "non_striker": "CR Kumarage",
              "runs": {
                "batter": 1,
                "extras": 0,
                "total": 1
              }
            },
            {
              "batter": "CR Kumarage",
              "bowler": "Syazrul Idrus",
              "non_striker": "S Chandramohan",
              "runs": {
                "batter": 0,
                "extras": 0,
                "total": 0
              }
            },
            {
              "batter": "CR Kumarage",
              "bowler": "Syazrul Idrus",
              "non_striker": "S Chandramohan",
              "runs": {
                "batter": 0,
                "extras": 0,
                "total": 0
              }
            },
            {
              "batter": "CR Kumarage",
              "bowler": "Syazrul Idrus",
              "non_striker": "S Chandramohan",
              "runs": {
                "batter": 4,
                "extras": 0,
                "total": 4
              }
            },
            {
              "batter": "CR Kumarage",
              "bowler": "Syazrul Idrus",
              "non_striker": "S Chandramohan",
              "runs": {
                "batter": 0,
                "extras": 0,
                "total": 0
              }
            }
          ]
        },
        {
          "over": 4,
          "deliveries": [
            {
              "batter": "S Chandramohan",
              "bowler": "Syed Aziz",
              "non_striker": "CR Kumarage",
              "runs": {
                "batter": 0,
                "extras": 0,
                "total": 0
              },
              "wickets": [
                {
                  "player_out": "S Chandramohan",
                  "kind": "bowled"
                }
              ]
            },
            {
              "batter": "CR Suryawanshi",
              "bowler": "Syed Aziz",
              "non_striker": "CR Kumarage",
              "runs": {
                "batter": 0,
                "extras": 0,
                "total": 0
              }
            },
            {
              "batter": "CR Suryawanshi",
              "bowler": "Syed Aziz",
              "non_striker": "CR Kumarage",
              "runs": {
                "batter": 0,
                "extras": 0,
                "total": 0
              }
            },
            {
              "batter": "CR Suryawanshi",
              "bowler": "Syed Aziz",
              "non_striker": "CR Kumarage",
              "runs": {
                "batter": 1,
                "extras": 0,
                "total": 1
              }
            },
            {
              "batter": "CR Kumarage",
              "bowler": "Syed Aziz",
              "non_striker": "CR Suryawanshi",
              "runs": {
                "batter": 0,
                "extras": 0,
                "total": 0
              }
            },
            {
              "batter": "CR Kumarage",
              "bowler": "Syed Aziz",
              "non_striker": "CR Suryawanshi",
              "runs": {
                "batter": 1,
                "extras": 0,
                "total": 1
              }
            }
          ]
        },
        {
          "over": 5,
          "deliveries": [
            {
              "batter": "CR Kumarage",
              "bowler": "Anwar Rahman",
              "non_striker": "CR Suryawanshi",
              "runs": {
                "batter": 4,
                "extras": 0,
                "total": 4
              }
            },
            {
              "batter": "CR Kumarage",
              "bowler": "Anwar Rahman",
              "non_striker": "CR Suryawanshi",
              "runs": {
                "batter": 0,
                "extras": 0,
                "total": 0
              }
            },
            {
              "batter": "CR Kumarage",
              "bowler": "Anwar Rahman",
              "non_striker": "CR Suryawanshi",
              "runs": {
                "batter": 4,
                "extras": 0,
                "total": 4
              }
            },
            {
              "batter": "CR Kumarage",
              "bowler": "Anwar Rahman",
              "non_striker": "CR Suryawanshi",
              "runs": {
                "batter": 4,
                "extras": 0,
                "total": 4
              }
            },
            {
              "batter": "CR Kumarage",
              "bowler": "Anwar Rahman",
              "non_striker": "CR Suryawanshi",
              "runs": {
                "batter": 0,
                "extras": 0,
                "total": 0
              }
            },
            {
              "batter": "CR Kumarage",
              "bowler": "Anwar Rahman",
              "non_striker": "CR Suryawanshi",
              "runs": {
                "batter": 2,
                "extras": 0,
                "total": 2
              }
            }
          ]
        },
        {
          "over": 6,
          "deliveries": [
            {
              "batter": "CR Suryawanshi",
              "bowler": "Pavandeep Singh",
              "non_striker": "CR Kumarage",
              "runs": {
                "batter": 0,
                "extras": 0,
                "total": 0
              }
            },
            {
              "batter": "CR Suryawanshi",
              "bowler": "Pavandeep Singh",
              "non_striker": "CR Kumarage",
              "runs": {
                "batter": 0,
                "extras": 0,
                "total": 0
              }
            },
            {
              "batter": "CR Suryawanshi",
              "bowler": "Pavandeep Singh",
              "non_striker": "CR Kumarage",
              "runs": {
                "batter": 0,
                "extras": 0,
                "total": 0
              }
            },
            {
              "batter": "CR Suryawanshi",
              "bowler": "Pavandeep Singh",
              "non_striker": "CR Kumarage",
              "runs": {
                "batter": 4,
                "extras": 0,
                "total": 4
              }
            },
            {
              "batter": "CR Suryawanshi",
              "bowler": "Pavandeep Singh",
              "non_striker": "CR Kumarage",
              "runs": {
                "batter": 3,
                "extras": 0,
                "total": 3
              }
            },
            {
              "batter": "CR Kumarage",
              "bowler": "Pavandeep Singh",
              "non_striker": "CR Suryawanshi",
              "runs": {
                "batter": 0,
                "extras": 0,
                "total": 0
              }
            }
          ]
        },
        {
          "over": 7,
          "deliveries": [
            {
              "batter": "CR Suryawanshi",
              "bowler": "Anwar Rahman",
              "non_striker": "CR Kumarage",
              "runs": {
                "batter": 0,
                "extras": 0,
                "total": 0
              },
              "wickets": [
                {
                  "player_out": "CR Suryawanshi",
                  "fielders": [
                    {
                      "name": "SKG Krishnan"
                    }
                  ],
                  "kind": "caught"
                }
              ]
            },
            {
              "batter": "Manpreet Singh",
              "bowler": "Anwar Rahman",
              "non_striker": "CR Kumarage",
              "runs": {
                "batter": 0,
                "extras": 0,
                "total": 0
              }
            },
            {
              "batter": "Manpreet Singh",
              "bowler": "Anwar Rahman",
              "non_striker": "CR Kumarage",
              "runs": {
                "batter": 1,
                "extras": 0,
                "total": 1
              }
            },
            {
              "batter": "CR Kumarage",
              "bowler": "Anwar Rahman",
              "non_striker": "Manpreet Singh",
              "runs": {
                "batter": 1,
                "extras": 0,
                "total": 1
              }
            },
            {
              "batter": "Manpreet Singh",
              "bowler": "Anwar Rahman",
              "non_striker": "CR Kumarage",
              "runs": {
                "batter": 1,
                "extras": 0,
                "total": 1
              }
            },
            {
              "batter": "CR Kumarage",
              "bowler": "Anwar Rahman",
              "non_striker": "Manpreet Singh",
              "runs": {
                "batter": 2,
                "extras": 0,
                "total": 2
              }
            }
          ]
        },
        {
          "over": 8,
          "deliveries": [
            {
              "batter": "Manpreet Singh",
              "bowler": "Pavandeep Singh",
              "non_striker": "CR Kumarage",
              "runs": {
                "batter": 0,
                "extras": 0,
                "total": 0
              }
            },
            {
              "batter": "Manpreet Singh",
              "bowler": "Pavandeep Singh",
              "non_striker": "CR Kumarage",
              "runs": {
                "batter": 0,
                "extras": 0,
                "total": 0
              }
            },
            {
              "batter": "Manpreet Singh",
              "bowler": "Pavandeep Singh",
              "non_striker": "CR Kumarage",
              "runs": {
                "batter": 0,
                "extras": 0,
                "total": 0
              }
            },
            {
              "batter": "Manpreet Singh",
              "bowler": "Pavandeep Singh",
              "non_striker": "CR Kumarage",
              "runs": {
                "batter": 4,
                "extras": 0,
                "total": 4
              }
            },
            {
              "batter": "Manpreet Singh",
              "bowler": "Pavandeep Singh",
              "non_striker": "CR Kumarage",
              "runs": {
                "batter": 0,
                "extras": 0,
                "total": 0
              }
            },
            {
              "batter": "Manpreet Singh",
              "bowler": "Pavandeep Singh",
              "non_striker": "CR Kumarage",
              "runs": {
                "batter": 1,
                "extras": 0,
                "total": 1
              }
            }
          ]
        },
        {
          "over": 9,
          "deliveries": [
            {
              "batter": "Manpreet Singh",
              "bowler": "Virandeep Singh",
              "non_striker": "CR Kumarage",
              "runs": {
                "batter": 1,
                "extras": 0,
                "total": 1
              }
            },
            {
              "batter": "CR Kumarage",
              "bowler": "Virandeep Singh",
              "non_striker": "Manpreet Singh",
              "runs": {
                "batter": 4,
                "extras": 0,
                "total": 4
              }
            },
            {
              "batter": "CR Kumarage",
              "bowler": "Virandeep Singh",
              "non_striker": "Manpreet Singh",
              "runs": {
                "batter": 0,
                "extras": 0,
                "total": 0
              }
            },
            {
              "batter": "CR Kumarage",
              "bowler": "Virandeep Singh",
              "non_striker": "Manpreet Singh",
              "runs": {
                "batter": 1,
                "extras": 0,
                "total": 1
              }
            },
            {
              "batter": "Manpreet Singh",
              "bowler": "Virandeep Singh",
              "non_striker": "CR Kumarage",
              "runs": {
                "batter": 1,
                "extras": 0,
                "total": 1
              }
            },
            {
              "batter": "CR Kumarage",
              "bowler": "Virandeep Singh",
              "non_striker": "Manpreet Singh",
              "runs": {
                "batter": 0,
                "extras": 0,
                "total": 0
              }
            }
          ]
        },
        {
          "over": 10,
          "deliveries": [
            {
              "batter": "Manpreet Singh",
              "bowler": "S Muniandy",
              "non_striker": "CR Kumarage",
              "runs": {
                "batter": 1,
                "extras": 0,
                "total": 1
              }
            },
            {
              "batter": "CR Kumarage",
              "bowler": "S Muniandy",
              "non_striker": "Manpreet Singh",
              "runs": {
                "batter": 1,
                "extras": 0,
                "total": 1
              }
            },
            {
              "batter": "Manpreet Singh",
              "bowler": "S Muniandy",
              "non_striker": "CR Kumarage",
              "runs": {
                "batter": 1,
                "extras": 0,
                "total": 1
              }
            },
            {
              "batter": "CR Kumarage",
              "bowler": "S Muniandy",
              "non_striker": "Manpreet Singh",
              "runs": {
                "batter": 4,
                "extras": 0,
                "total": 4
              }
            },
            {
              "batter": "CR Kumarage",
              "bowler": "S Muniandy",
              "non_striker": "Manpreet Singh",
              "runs": {
                "batter": 0,
                "extras": 0,
                "total": 0
              }
            },
            {
              "batter": "CR Kumarage",
              "bowler": "S Muniandy",
              "non_striker": "Manpreet Singh",
              "runs": {
                "batter": 0,
                "extras": 0,
                "total": 0
              }
            }
          ]
        },
        {
          "over": 11,
          "deliveries": [
            {
              "batter": "Manpreet Singh",
              "bowler": "Virandeep Singh",
              "non_striker": "CR Kumarage",
              "runs": {
                "batter": 1,
                "extras": 0,
                "total": 1
              }
            },
            {
              "batter": "CR Kumarage",
              "bowler": "Virandeep Singh",
              "extras": {
                "wides": 1
              },
              "non_striker": "Manpreet Singh",
              "runs": {
                "batter": 0,
                "extras": 1,
                "total": 1
              }
            },
            {
              "batter": "CR Kumarage",
              "bowler": "Virandeep Singh",
              "non_striker": "Manpreet Singh",
              "runs": {
                "batter": 0,
                "extras": 0,
                "total": 0
              }
            },
            {
              "batter": "CR Kumarage",
              "bowler": "Virandeep Singh",
              "non_striker": "Manpreet Singh",
              "runs": {
                "batter": 1,
                "extras": 0,
                "total": 1
              }
            },
            {
              "batter": "Manpreet Singh",
              "bowler": "Virandeep Singh",
              "non_striker": "CR Kumarage",
              "runs": {
                "batter": 1,
                "extras": 0,
                "total": 1
              }
            },
            {
              "batter": "CR Kumarage",
              "bowler": "Virandeep Singh",
              "non_striker": "Manpreet Singh",
              "runs": {
                "batter": 0,
                "extras": 0,
                "total": 0
              }
            },
            {
              "batter": "CR Kumarage",
              "bowler": "Virandeep Singh",
              "non_striker": "Manpreet Singh",
              "runs": {
                "batter": 1,
                "extras": 0,
                "total": 1
              }
            }
          ]
        },
        {
          "over": 12,
          "deliveries": [
            {
              "batter": "CR Kumarage",
              "bowler": "Anwar Rahman",
              "non_striker": "Manpreet Singh",
              "runs": {
                "batter": 0,
                "extras": 0,
                "total": 0
              }
            },
            {
              "batter": "CR Kumarage",
              "bowler": "Anwar Rahman",
              "non_striker": "Manpreet Singh",
              "runs": {
                "batter": 1,
                "extras": 0,
                "total": 1
              }
            },
            {
              "batter": "Manpreet Singh",
              "bowler": "Anwar Rahman",
              "non_striker": "CR Kumarage",
              "runs": {
                "batter": 1,
                "extras": 0,
                "total": 1
              }
            },
            {
              "batter": "CR Kumarage",
              "bowler": "Anwar Rahman",
              "non_striker": "Manpreet Singh",
              "runs": {
                "batter": 1,
                "extras": 0,
                "total": 1
              }
            },
            {
              "batter": "Manpreet Singh",
              "bowler": "Anwar Rahman",
              "non_striker": "CR Kumarage",
              "runs": {
                "batter": 1,
                "extras": 0,
                "total": 1
              }
            },
            {
              "batter": "CR Kumarage",
              "bowler": "Anwar Rahman",
              "non_striker": "Manpreet Singh",
              "runs": {
                "batter": 1,
                "extras": 0,
                "total": 1
              }
            }
          ]
        },
        {
          "over": 13,
          "deliveries": [
            {
              "batter": "CR Kumarage",
              "bowler": "Virandeep Singh",
              "non_striker": "Manpreet Singh",
              "runs": {
                "batter": 0,
                "extras": 0,
                "total": 0
              },
              "wickets": [
                {
                  "player_out": "CR Kumarage",
                  "fielders": [
                    {
                      "name": "M Syahadat Ramli"
                    }
                  ],
                  "kind": "caught"
                }
              ]
            },
            {
              "batter": "Manpreet Singh",
              "bowler": "Virandeep Singh",
              "non_striker": "A Mutreja",
              "runs": {
                "batter": 0,
                "extras": 0,
                "total": 0
              }
            },
            {
              "batter": "Manpreet Singh",
              "bowler": "Virandeep Singh",
              "non_striker": "A Mutreja",
              "runs": {
                "batter": 1,
                "extras": 0,
                "total": 1
              }
            },
            {
              "batter": "A Mutreja",
              "bowler": "Virandeep Singh",
              "non_striker": "Manpreet Singh",
              "runs": {
                "batter": 1,
                "extras": 0,
                "total": 1
              }
            },
            {
              "batter": "Manpreet Singh",
              "bowler": "Virandeep Singh",
              "non_striker": "A Mutreja",
              "runs": {
                "batter": 4,
                "extras": 0,
                "total": 4
              }
            },
            {
              "batter": "Manpreet Singh",
              "bowler": "Virandeep Singh",
              "non_striker": "A Mutreja",
              "runs": {
                "batter": 1,
                "extras": 0,
                "total": 1
              }
            }
          ]
        },
        {
          "over": 14,
          "deliveries": [
            {
              "batter": "Manpreet Singh",
              "bowler": "Anwar Rahman",
              "non_striker": "A Mutreja",
              "runs": {
                "batter": 0,
                "extras": 0,
                "total": 0
              }
            },
            {
              "batter": "Manpreet Singh",
              "bowler": "Anwar Rahman",
              "non_striker": "A Mutreja",
              "runs": {
                "batter": 1,
                "extras": 0,
                "total": 1
              }
            },
            {
              "batter": "A Mutreja",
              "bowler": "Anwar Rahman",
              "non_striker": "Manpreet Singh",
              "runs": {
                "batter": 1,
                "extras": 0,
                "total": 1
              }
            },
            {
              "batter": "Manpreet Singh",
              "bowler": "Anwar Rahman",
              "non_striker": "A Mutreja",
              "runs": {
                "batter": 0,
                "extras": 0,
                "total": 0
              },
              "wickets": [
                {
                  "player_out": "Manpreet Singh",
                  "fielders": [
                    {
                      "name": "M Syahadat Ramli"
                    }
                  ],
                  "kind": "caught"
                }
              ]
            },
            {
              "batter": "A Mutreja",
              "bowler": "Anwar Rahman",
              "non_striker": "Janak Prakash",
              "runs": {
                "batter": 2,
                "extras": 0,
                "total": 2
              }
            },
            {
              "batter": "A Mutreja",
              "bowler": "Anwar Rahman",
              "non_striker": "Janak Prakash",
              "runs": {
                "batter": 0,
                "extras": 0,
                "total": 0
              }
            }
          ]
        },
        {
          "over": 15,
          "deliveries": [
            {
              "batter": "Janak Prakash",
              "bowler": "Virandeep Singh",
              "non_striker": "A Mutreja",
              "runs": {
                "batter": 0,
                "extras": 0,
                "total": 0
              }
            },
            {
              "batter": "Janak Prakash",
              "bowler": "Virandeep Singh",
              "non_striker": "A Mutreja",
              "runs": {
                "batter": 0,
                "extras": 0,
                "total": 0
              }
            },
            {
              "batter": "Janak Prakash",
              "bowler": "Virandeep Singh",
              "non_striker": "A Mutreja",
              "runs": {
                "batter": 0,
                "extras": 0,
                "total": 0
              }
            },
            {
              "batter": "Janak Prakash",
              "bowler": "Virandeep Singh",
              "non_striker": "A Mutreja",
              "runs": {
                "batter": 0,
                "extras": 0,
                "total": 0
              },
              "wickets": [
                {
                  "player_out": "A Mutreja",
                  "kind": "run out"
                }
              ]
            },
            {
              "batter": "Janak Prakash",
              "bowler": "Virandeep Singh",
              "non_striker": "A Krishna",
              "runs": {
                "batter": 2,
                "extras": 0,
                "total": 2
              }
            },
            {
              "batter": "Janak Prakash",
              "bowler": "Virandeep Singh",
              "extras": {
                "legbyes": 1
              },
              "non_striker": "A Krishna",
              "runs": {
                "batter": 0,
                "extras": 1,
                "total": 1
              }
            }
          ]
        },
        {
          "over": 16,
          "deliveries": [
            {
              "batter": "Janak Prakash",
              "bowler": "Pavandeep Singh",
              "non_striker": "A Krishna",
              "runs": {
                "batter": 1,
                "extras": 0,
                "total": 1
              }
            },
            {
              "batter": "A Krishna",
              "bowler": "Pavandeep Singh",
              "non_striker": "Janak Prakash",
              "runs": {
                "batter": 0,
                "extras": 0,
                "total": 0
              }
            },
            {
              "batter": "A Krishna",
              "bowler": "Pavandeep Singh",
              "non_striker": "Janak Prakash",
              "runs": {
                "batter": 6,
                "extras": 0,
                "total": 6
              }
            },
            {
              "batter": "A Krishna",
              "bowler": "Pavandeep Singh",
              "non_striker": "Janak Prakash",
              "runs": {
                "batter": 0,
                "extras": 0,
                "total": 0
              }
            },
            {
              "batter": "A Krishna",
              "bowler": "Pavandeep Singh",
              "extras": {
                "legbyes": 1
              },
              "non_striker": "Janak Prakash",
              "runs": {
                "batter": 0,
                "extras": 1,
                "total": 1
              }
            },
            {
              "batter": "Janak Prakash",
              "bowler": "Pavandeep Singh",
              "non_striker": "A Krishna",
              "runs": {
                "batter": 1,
                "extras": 0,
                "total": 1
              }
            }
          ]
        },
        {
          "over": 17,
          "deliveries": [
            {
              "batter": "Janak Prakash",
              "bowler": "Syazrul Idrus",
              "non_striker": "A Krishna",
              "runs": {
                "batter": 1,
                "extras": 0,
                "total": 1
              }
            },
            {
              "batter": "A Krishna",
              "bowler": "Syazrul Idrus",
              "non_striker": "Janak Prakash",
              "runs": {
                "batter": 0,
                "extras": 0,
                "total": 0
              },
              "wickets": [
                {
                  "player_out": "A Krishna",
                  "fielders": [
                    {
                      "name": "M Syahadat Ramli"
                    }
                  ],
                  "kind": "caught"
                }
              ]
            },
            {
              "batter": "Janak Prakash",
              "bowler": "Syazrul Idrus",
              "non_striker": "Sidhant Singh",
              "runs": {
                "batter": 1,
                "extras": 0,
                "total": 1
              }
            },
            {
              "batter": "Sidhant Singh",
              "bowler": "Syazrul Idrus",
              "non_striker": "Janak Prakash",
              "runs": {
                "batter": 1,
                "extras": 0,
                "total": 1
              }
            },
            {
              "batter": "Janak Prakash",
              "bowler": "Syazrul Idrus",
              "non_striker": "Sidhant Singh",
              "runs": {
                "batter": 1,
                "extras": 0,
                "total": 1
              }
            },
            {
              "batter": "Sidhant Singh",
              "bowler": "Syazrul Idrus",
              "non_striker": "Janak Prakash",
              "runs": {
                "batter": 0,
                "extras": 0,
                "total": 0
              }
            }
          ]
        },
        {
          "over": 18,
          "deliveries": [
            {
              "batter": "Janak Prakash",
              "bowler": "Syed Aziz",
              "non_striker": "Sidhant Singh",
              "runs": {
                "batter": 2,
                "extras": 0,
                "total": 2
              }
            },
            {
              "batter": "Janak Prakash",
              "bowler": "Syed Aziz",
              "non_striker": "Sidhant Singh",
              "runs": {
                "batter": 2,
                "extras": 0,
                "total": 2
              }
            },
            {
              "batter": "Janak Prakash",
              "bowler": "Syed Aziz",
              "non_striker": "Sidhant Singh",
              "runs": {
                "batter": 1,
                "extras": 0,
                "total": 1
              }
            },
            {
              "batter": "Sidhant Singh",
              "bowler": "Syed Aziz",
              "non_striker": "Janak Prakash",
              "runs": {
                "batter": 4,
                "extras": 0,
                "total": 4
              }
            },
            {
              "batter": "Sidhant Singh",
              "bowler": "Syed Aziz",
              "non_striker": "Janak Prakash",
              "runs": {
                "batter": 0,
                "extras": 0,
                "total": 0
              }
            },
            {
              "batter": "Sidhant Singh",
              "bowler": "Syed Aziz",
              "extras": {
                "byes": 4
              },
              "non_striker": "Janak Prakash",
              "runs": {
                "batter": 0,
                "extras": 4,
                "total": 4
              }
            }
          ]
        },
        {
          "over": 19,
          "deliveries": [
            {
              "batter": "Janak Prakash",
              "bowler": "Syazrul Idrus",
              "non_striker": "Sidhant Singh",
              "runs": {
                "batter": 2,
                "extras": 0,
                "total": 2
              }
            },
            {
              "batter": "Janak Prakash",
              "bowler": "Syazrul Idrus",
              "non_striker": "Sidhant Singh",
              "runs": {
                "batter": 0,
                "extras": 0,
                "total": 0
              },
              "wickets": [
                {
                  "player_out": "Sidhant Singh",
                  "kind": "run out"
                }
              ]
            },
            {
              "batter": "Janak Prakash",
              "bowler": "Syazrul Idrus",
              "non_striker": "Amjad Mahboob",
              "runs": {
                "batter": 0,
                "extras": 0,
                "total": 0
              }
            },
            {
              "batter": "Janak Prakash",
              "bowler": "Syazrul Idrus",
              "non_striker": "Amjad Mahboob",
              "runs": {
                "batter": 6,
                "extras": 0,
                "total": 6
              }
            },
            {
              "batter": "Janak Prakash",
              "bowler": "Syazrul Idrus",
              "non_striker": "Amjad Mahboob",
              "runs": {
                "batter": 0,
                "extras": 0,
                "total": 0
              },
              "wickets": [
                {
                  "player_out": "Janak Prakash",
                  "fielders": [
                    {
                      "name": "Suhan Alagaratnam"
                    }
                  ],
                  "kind": "caught"
                }
              ]
            },
            {
              "batter": "Amjad Mahboob",
              "bowler": "Syazrul Idrus",
              "non_striker": "Shoaib Razzak",
              "runs": {
                "batter": 6,
                "extras": 0,
                "total": 6
              }
            }
          ]
        }
      ],
      "powerplays": [
        {
          "from": 0.1,
          "to": 5.6,
          "type": "mandatory"
        }
      ]
    },
    {
      "team": "Malaysia",
      "overs": [
        {
          "over": 0,
          "deliveries": [
            {
              "batter": "Shafiq Sharif",
              "bowler": "Shoaib Razzak",
              "non_striker": "Ahmed Faiz",
              "runs": {
                "batter": 0,
                "extras": 0,
                "total": 0
              }
            },
            {
              "batter": "Shafiq Sharif",
              "bowler": "Shoaib Razzak",
              "non_striker": "Ahmed Faiz",
              "runs": {
                "batter": 1,
                "extras": 0,
                "total": 1
              }
            },
            {
              "batter": "Ahmed Faiz",
              "bowler": "Shoaib Razzak",
              "non_striker": "Shafiq Sharif",
              "runs": {
                "batter": 4,
                "extras": 0,
                "total": 4
              }
            },
            {
              "batter": "Ahmed Faiz",
              "bowler": "Shoaib Razzak",
              "non_striker": "Shafiq Sharif",
              "runs": {
                "batter": 0,
                "extras": 0,
                "total": 0
              }
            },
            {
              "batter": "Ahmed Faiz",
              "bowler": "Shoaib Razzak",
              "non_striker": "Shafiq Sharif",
              "runs": {
                "batter": 0,
                "extras": 0,
                "total": 0
              }
            },
            {
              "batter": "Ahmed Faiz",
              "bowler": "Shoaib Razzak",
              "non_striker": "Shafiq Sharif",
              "runs": {
                "batter": 1,
                "extras": 0,
                "total": 1
              }
            }
          ]
        },
        {
          "over": 1,
          "deliveries": [
            {
              "batter": "Ahmed Faiz",
              "bowler": "Amjad Mahboob",
              "non_striker": "Shafiq Sharif",
              "runs": {
                "batter": 1,
                "extras": 0,
                "total": 1
              }
            },
            {
              "batter": "Shafiq Sharif",
              "bowler": "Amjad Mahboob",
              "non_striker": "Ahmed Faiz",
              "runs": {
                "batter": 0,
                "extras": 0,
                "total": 0
              }
            },
            {
              "batter": "Shafiq Sharif",
              "bowler": "Amjad Mahboob",
              "non_striker": "Ahmed Faiz",
              "runs": {
                "batter": 0,
                "extras": 0,
                "total": 0
              }
            },
            {
              "batter": "Shafiq Sharif",
              "bowler": "Amjad Mahboob",
              "non_striker": "Ahmed Faiz",
              "runs": {
                "batter": 0,
                "extras": 0,
                "total": 0
              },
              "wickets": [
                {
                  "player_out": "Shafiq Sharif",
                  "fielders": [
                    {
                      "name": "Shoaib Razzak"
                    }
                  ],
                  "kind": "caught"
                }
              ]
            },
            {
              "batter": "Suhan Alagaratnam",
              "bowler": "Amjad Mahboob",
              "non_striker": "Ahmed Faiz",
              "runs": {
                "batter": 0,
                "extras": 0,
                "total": 0
              },
              "wickets": [
                {
                  "player_out": "Suhan Alagaratnam",
                  "kind": "bowled"
                }
              ]
            },
            {
              "batter": "Virandeep Singh",
              "bowler": "Amjad Mahboob",
              "non_striker": "Ahmed Faiz",
              "runs": {
                "batter": 0,
                "extras": 0,
                "total": 0
              }
            }
          ]
        },
        {
          "over": 2,
          "deliveries": [
            {
              "batter": "Ahmed Faiz",
              "bowler": "Shoaib Razzak",
              "non_striker": "Virandeep Singh",
              "runs": {
                "batter": 0,
                "extras": 0,
                "total": 0
              }
            },
            {
              "batter": "Ahmed Faiz",
              "bowler": "Shoaib Razzak",
              "non_striker": "Virandeep Singh",
              "runs": {
                "batter": 1,
                "extras": 0,
                "total": 1
              }
            },
            {
              "batter": "Virandeep Singh",
              "bowler": "Shoaib Razzak",
              "non_striker": "Ahmed Faiz",
              "runs": {
                "batter": 1,
                "extras": 0,
                "total": 1
              }
            },
            {
              "batter": "Ahmed Faiz",
              "bowler": "Shoaib Razzak",
              "non_striker": "Virandeep Singh",
              "runs": {
                "batter": 1,
                "extras": 0,
                "total": 1
              }
            },
            {
              "batter": "Virandeep Singh",
              "bowler": "Shoaib Razzak",
              "non_striker": "Ahmed Faiz",
              "runs": {
                "batter": 1,
                "extras": 0,
                "total": 1
              }
            },
            {
              "batter": "Ahmed Faiz",
              "bowler": "Shoaib Razzak",
              "non_striker": "Virandeep Singh",
              "runs": {
                "batter": 0,
                "extras": 0,
                "total": 0
              }
            }
          ]
        },
        {
          "over": 3,
          "deliveries": [
            {
              "batter": "Virandeep Singh",
              "bowler": "Amjad Mahboob",
              "non_striker": "Ahmed Faiz",
              "runs": {
                "batter": 4,
                "extras": 0,
                "total": 4
              }
            },
            {
              "batter": "Virandeep Singh",
              "bowler": "Amjad Mahboob",
              "non_striker": "Ahmed Faiz",
              "runs": {
                "batter": 1,
                "extras": 0,
                "total": 1
              }
            },
            {
              "batter": "Ahmed Faiz",
              "bowler": "Amjad Mahboob",
              "non_striker": "Virandeep Singh",
              "runs": {
                "batter": 0,
                "extras": 0,
                "total": 0
              }
            },
            {
              "batter": "Ahmed Faiz",
              "bowler": "Amjad Mahboob",
              "non_striker": "Virandeep Singh",
              "runs": {
                "batter": 4,
                "extras": 0,
                "total": 4
              }
            },
            {
              "batter": "Ahmed Faiz",
              "bowler": "Amjad Mahboob",
              "non_striker": "Virandeep Singh",
              "runs": {
                "batter": 0,
                "extras": 0,
                "total": 0
              }
            },
            {
              "batter": "Ahmed Faiz",
              "bowler": "Amjad Mahboob",
              "non_striker": "Virandeep Singh",
              "runs": {
                "batter": 4,
                "extras": 0,
                "total": 4
              }
            }
          ]
        },
        {
          "over": 4,
          "deliveries": [
            {
              "batter": "Virandeep Singh",
              "bowler": "Shoaib Razzak",
              "non_striker": "Ahmed Faiz",
              "runs": {
                "batter": 1,
                "extras": 0,
                "total": 1
              }
            },
            {
              "batter": "Ahmed Faiz",
              "bowler": "Shoaib Razzak",
              "non_striker": "Virandeep Singh",
              "runs": {
                "batter": 0,
                "extras": 0,
                "total": 0
              }
            },
            {
              "batter": "Ahmed Faiz",
              "bowler": "Shoaib Razzak",
              "non_striker": "Virandeep Singh",
              "runs": {
                "batter": 0,
                "extras": 0,
                "total": 0
              }
            },
            {
              "batter": "Ahmed Faiz",
              "bowler": "Shoaib Razzak",
              "non_striker": "Virandeep Singh",
              "runs": {
                "batter": 1,
                "extras": 0,
                "total": 1
              }
            },
            {
              "batter": "Virandeep Singh",
              "bowler": "Shoaib Razzak",
              "non_striker": "Ahmed Faiz",
              "runs": {
                "batter": 0,
                "extras": 0,
                "total": 0
              }
            },
            {
              "batter": "Virandeep Singh",
              "bowler": "Shoaib Razzak",
              "non_striker": "Ahmed Faiz",
              "runs": {
                "batter": 0,
                "extras": 0,
                "total": 0
              }
            }
          ]
        },
        {
          "over": 5,
          "deliveries": [
            {
              "batter": "Ahmed Faiz",
              "bowler": "Janak Prakash",
              "non_striker": "Virandeep Singh",
              "runs": {
                "batter": 0,
                "extras": 0,
                "total": 0
              }
            },
            {
              "batter": "Ahmed Faiz",
              "bowler": "Janak Prakash",
              "non_striker": "Virandeep Singh",
              "runs": {
                "batter": 0,
                "extras": 0,
                "total": 0
              }
            },
            {
              "batter": "Ahmed Faiz",
              "bowler": "Janak Prakash",
              "non_striker": "Virandeep Singh",
              "runs": {
                "batter": 4,
                "extras": 0,
                "total": 4
              }
            },
            {
              "batter": "Ahmed Faiz",
              "bowler": "Janak Prakash",
              "extras": {
                "wides": 1
              },
              "non_striker": "Virandeep Singh",
              "runs": {
                "batter": 0,
                "extras": 1,
                "total": 1
              }
            },
            {
              "batter": "Ahmed Faiz",
              "bowler": "Janak Prakash",
              "non_striker": "Virandeep Singh",
              "runs": {
                "batter": 0,
                "extras": 0,
                "total": 0
              }
            },
            {
              "batter": "Ahmed Faiz",
              "bowler": "Janak Prakash",
              "non_striker": "Virandeep Singh",
              "runs": {
                "batter": 0,
                "extras": 0,
                "total": 0
              }
            },
            {
              "batter": "Ahmed Faiz",
              "bowler": "Janak Prakash",
              "non_striker": "Virandeep Singh",
              "runs": {
                "batter": 4,
                "extras": 0,
                "total": 4
              }
            }
          ]
        },
        {
          "over": 6,
          "deliveries": [
            {
              "batter": "Virandeep Singh",
              "bowler": "A Krishna",
              "non_striker": "Ahmed Faiz",
              "runs": {
                "batter": 1,
                "extras": 0,
                "total": 1
              }
            },
            {
              "batter": "Ahmed Faiz",
              "bowler": "A Krishna",
              "non_striker": "Virandeep Singh",
              "runs": {
                "batter": 0,
                "extras": 0,
                "total": 0
              },
              "wickets": [
                {
                  "player_out": "Ahmed Faiz",
                  "kind": "caught and bowled"
                }
              ]
            },
            {
              "batter": "Syed Aziz",
              "bowler": "A Krishna",
              "non_striker": "Virandeep Singh",
              "runs": {
                "batter": 1,
                "extras": 0,
                "total": 1
              }
            },
            {
              "batter": "Virandeep Singh",
              "bowler": "A Krishna",
              "non_striker": "Syed Aziz",
              "runs": {
                "batter": 1,
                "extras": 0,
                "total": 1
              }
            },
            {
              "batter": "Syed Aziz",
              "bowler": "A Krishna",
              "non_striker": "Virandeep Singh",
              "runs": {
                "batter": 0,
                "extras": 0,
                "total": 0
              }
            },
            {
              "batter": "Syed Aziz",
              "bowler": "A Krishna",
              "non_striker": "Virandeep Singh",
              "runs": {
                "batter": 1,
                "extras": 0,
                "total": 1
              }
            }
          ]
        },
        {
          "over": 7,
          "deliveries": [
            {
              "batter": "Syed Aziz",
              "bowler": "Manpreet Singh",
              "non_striker": "Virandeep Singh",
              "runs": {
                "batter": 0,
                "extras": 0,
                "total": 0
              }
            },
            {
              "batter": "Syed Aziz",
              "bowler": "Manpreet Singh",
              "non_striker": "Virandeep Singh",
              "runs": {
                "batter": 1,
                "extras": 0,
                "total": 1
              }
            },
            {
              "batter": "Virandeep Singh",
              "bowler": "Manpreet Singh",
              "non_striker": "Syed Aziz",
              "runs": {
                "batter": 1,
                "extras": 0,
                "total": 1
              }
            },
            {
              "batter": "Syed Aziz",
              "bowler": "Manpreet Singh",
              "non_striker": "Virandeep Singh",
              "runs": {
                "batter": 0,
                "extras": 0,
                "total": 0
              }
            },
            {
              "batter": "Syed Aziz",
              "bowler": "Manpreet Singh",
              "non_striker": "Virandeep Singh",
              "runs": {
                "batter": 0,
                "extras": 0,
                "total": 0
              }
            },
            {
              "batter": "Syed Aziz",
              "bowler": "Manpreet Singh",
              "extras": {
                "wides": 1
              },
              "non_striker": "Virandeep Singh",
              "runs": {
                "batter": 0,
                "extras": 1,
                "total": 1
              }
            },
            {
              "batter": "Syed Aziz",
              "bowler": "Manpreet Singh",
              "non_striker": "Virandeep Singh",
              "runs": {
                "batter": 2,
                "extras": 0,
                "total": 2
              }
            }
          ]
        },
        {
          "over": 8,
          "deliveries": [
            {
              "batter": "Virandeep Singh",
              "bowler": "A Krishna",
              "non_striker": "Syed Aziz",
              "runs": {
                "batter": 0,
                "extras": 0,
                "total": 0
              }
            },
            {
              "batter": "Virandeep Singh",
              "bowler": "A Krishna",
              "non_striker": "Syed Aziz",
              "runs": {
                "batter": 2,
                "extras": 0,
                "total": 2
              }
            },
            {
              "batter": "Virandeep Singh",
              "bowler": "A Krishna",
              "non_striker": "Syed Aziz",
              "runs": {
                "batter": 1,
                "extras": 0,
                "total": 1
              }
            },
            {
              "batter": "Syed Aziz",
              "bowler": "A Krishna",
              "non_striker": "Virandeep Singh",
              "runs": {
                "batter": 0,
                "extras": 0,
                "total": 0
              },
              "wickets": [
                {
                  "player_out": "Syed Aziz",
                  "kind": "bowled"
                }
              ]
            },
            {
              "batter": "M Syahadat Ramli",
              "bowler": "A Krishna",
              "non_striker": "Virandeep Singh",
              "runs": {
                "batter": 0,
                "extras": 0,
                "total": 0
              }
            },
            {
              "batter": "M Syahadat Ramli",
              "bowler": "A Krishna",
              "non_striker": "Virandeep Singh",
              "runs": {
                "batter": 0,
                "extras": 0,
                "total": 0
              }
            }
          ]
        },
        {
          "over": 9,
          "deliveries": [
            {
              "batter": "Virandeep Singh",
              "bowler": "Sidhant Singh",
              "non_striker": "M Syahadat Ramli",
              "runs": {
                "batter": 1,
                "extras": 0,
                "total": 1
              }
            },
            {
              "batter": "M Syahadat Ramli",
              "bowler": "Sidhant Singh",
              "non_striker": "Virandeep Singh",
              "runs": {
                "batter": 0,
                "extras": 0,
                "total": 0
              }
            },
            {
              "batter": "M Syahadat Ramli",
              "bowler": "Sidhant Singh",
              "non_striker": "Virandeep Singh",
              "runs": {
                "batter": 1,
                "extras": 0,
                "total": 1
              }
            },
            {
              "batter": "Virandeep Singh",
              "bowler": "Sidhant Singh",
              "non_striker": "M Syahadat Ramli",
              "runs": {
                "batter": 1,
                "extras": 0,
                "total": 1
              }
            },
            {
              "batter": "M Syahadat Ramli",
              "bowler": "Sidhant Singh",
              "non_striker": "Virandeep Singh",
              "runs": {
                "batter": 2,
                "extras": 0,
                "total": 2
              }
            },
            {
              "batter": "M Syahadat Ramli",
              "bowler": "Sidhant Singh",
              "non_striker": "Virandeep Singh",
              "runs": {
                "batter": 0,
                "extras": 0,
                "total": 0
              }
            }
          ]
        },
        {
          "over": 10,
          "deliveries": [
            {
              "batter": "Virandeep Singh",
              "bowler": "A Krishna",
              "non_striker": "M Syahadat Ramli",
              "runs": {
                "batter": 2,
                "extras": 0,
                "total": 2
              }
            },
            {
              "batter": "Virandeep Singh",
              "bowler": "A Krishna",
              "non_striker": "M Syahadat Ramli",
              "runs": {
                "batter": 0,
                "extras": 0,
                "total": 0
              }
            },
            {
              "batter": "Virandeep Singh",
              "bowler": "A Krishna",
              "non_striker": "M Syahadat Ramli",
              "runs": {
                "batter": 0,
                "extras": 0,
                "total": 0
              }
            },
            {
              "batter": "Virandeep Singh",
              "bowler": "A Krishna",
              "non_striker": "M Syahadat Ramli",
              "runs": {
                "batter": 1,
                "extras": 0,
                "total": 1
              }
            },
            {
              "batter": "M Syahadat Ramli",
              "bowler": "A Krishna",
              "non_striker": "Virandeep Singh",
              "runs": {
                "batter": 2,
                "extras": 0,
                "total": 2
              }
            },
            {
              "batter": "M Syahadat Ramli",
              "bowler": "A Krishna",
              "non_striker": "Virandeep Singh",
              "runs": {
                "batter": 0,
                "extras": 0,
                "total": 0
              },
              "wickets": [
                {
                  "player_out": "M Syahadat Ramli",
                  "fielders": [
                    {
                      "name": "CR Suryawanshi"
                    }
                  ],
                  "kind": "caught"
                }
              ]
            }
          ]
        },
        {
          "over": 11,
          "deliveries": [
            {
              "batter": "Virandeep Singh",
              "bowler": "Sidhant Singh",
              "non_striker": "S Muniandy",
              "runs": {
                "batter": 0,
                "extras": 0,
                "total": 0
              }
            },
            {
              "batter": "Virandeep Singh",
              "bowler": "Sidhant Singh",
              "non_striker": "S Muniandy",
              "runs": {
                "batter": 1,
                "extras": 0,
                "total": 1
              }
            },
            {
              "batter": "S Muniandy",
              "bowler": "Sidhant Singh",
              "extras": {
                "wides": 1
              },
              "non_striker": "Virandeep Singh",
              "runs": {
                "batter": 0,
                "extras": 1,
                "total": 1
              }
            },
            {
              "batter": "S Muniandy",
              "bowler": "Sidhant Singh",
              "non_striker": "Virandeep Singh",
              "runs": {
                "batter": 2,
                "extras": 0,
                "total": 2
              }
            },
            {
              "batter": "S Muniandy",
              "bowler": "Sidhant Singh",
              "non_striker": "Virandeep Singh",
              "runs": {
                "batter": 0,
                "extras": 0,
                "total": 0
              }
            },
            {
              "batter": "S Muniandy",
              "bowler": "Sidhant Singh",
              "non_striker": "Virandeep Singh",
              "runs": {
                "batter": 1,
                "extras": 0,
                "total": 1
              }
            },
            {
              "batter": "Virandeep Singh",
              "bowler": "Sidhant Singh",
              "non_striker": "S Muniandy",
              "runs": {
                "batter": 2,
                "extras": 0,
                "total": 2
              }
            }
          ]
        },
        {
          "over": 12,
          "deliveries": [
            {
              "batter": "S Muniandy",
              "bowler": "A Krishna",
              "non_striker": "Virandeep Singh",
              "runs": {
                "batter": 0,
                "extras": 0,
                "total": 0
              }
            },
            {
              "batter": "S Muniandy",
              "bowler": "A Krishna",
              "non_striker": "Virandeep Singh",
              "runs": {
                "batter": 0,
                "extras": 0,
                "total": 0
              },
              "wickets": [
                {
                  "player_out": "S Muniandy",
                  "fielders": [
                    {
                      "name": "CR Suryawanshi"
                    }
                  ],
                  "kind": "stumped"
                }
              ]
            },
            {
              "batter": "SKG Krishnan",
              "bowler": "A Krishna",
              "non_striker": "Virandeep Singh",
              "runs": {
                "batter": 1,
                "extras": 0,
                "total": 1
              }
            },
            {
              "batter": "Virandeep Singh",
              "bowler": "A Krishna",
              "non_striker": "SKG Krishnan",
              "runs": {
                "batter": 1,
                "extras": 0,
                "total": 1
              }
            },
            {
              "batter": "SKG Krishnan",
              "bowler": "A Krishna",
              "non_striker": "Virandeep Singh",
              "runs": {
                "batter": 0,
                "extras": 0,
                "total": 0
              }
            },
            {
              "batter": "SKG Krishnan",
              "bowler": "A Krishna",
              "non_striker": "Virandeep Singh",
              "runs": {
                "batter": 0,
                "extras": 0,
                "total": 0
              }
            }
          ]
        },
        {
          "over": 13,
          "deliveries": [
            {
              "batter": "Virandeep Singh",
              "bowler": "Manpreet Singh",
              "non_striker": "SKG Krishnan",
              "runs": {
                "batter": 1,
                "extras": 0,
                "total": 1
              }
            },
            {
              "batter": "SKG Krishnan",
              "bowler": "Manpreet Singh",
              "non_striker": "Virandeep Singh",
              "runs": {
                "batter": 4,
                "extras": 0,
                "total": 4
              }
            },
            {
              "batter": "SKG Krishnan",
              "bowler": "Manpreet Singh",
              "non_striker": "Virandeep Singh",
              "runs": {
                "batter": 0,
                "extras": 0,
                "total": 0
              }
            },
            {
              "batter": "SKG Krishnan",
              "bowler": "Manpreet Singh",
              "non_striker": "Virandeep Singh",
              "runs": {
                "batter": 0,
                "extras": 0,
                "total": 0
              }
            },
            {
              "batter": "SKG Krishnan",
              "bowler": "Manpreet Singh",
              "non_striker": "Virandeep Singh",
              "runs": {
                "batter": 1,
                "extras": 0,
                "total": 1
              }
            },
            {
              "batter": "Virandeep Singh",
              "bowler": "Manpreet Singh",
              "non_striker": "SKG Krishnan",
              "runs": {
                "batter": 0,
                "extras": 0,
                "total": 0
              }
            }
          ]
        },
        {
          "over": 14,
          "deliveries": [
            {
              "batter": "SKG Krishnan",
              "bowler": "Shoaib Razzak",
              "non_striker": "Virandeep Singh",
              "runs": {
                "batter": 0,
                "extras": 0,
                "total": 0
              }
            },
            {
              "batter": "SKG Krishnan",
              "bowler": "Shoaib Razzak",
              "non_striker": "Virandeep Singh",
              "runs": {
                "batter": 0,
                "extras": 0,
                "total": 0
              }
            },
            {
              "batter": "SKG Krishnan",
              "bowler": "Shoaib Razzak",
              "non_striker": "Virandeep Singh",
              "runs": {
                "batter": 2,
                "extras": 0,
                "total": 2
              }
            },
            {
              "batter": "SKG Krishnan",
              "bowler": "Shoaib Razzak",
              "extras": {
                "legbyes": 1
              },
              "non_striker": "Virandeep Singh",
              "runs": {
                "batter": 0,
                "extras": 1,
                "total": 1
              }
            },
            {
              "batter": "Virandeep Singh",
              "bowler": "Shoaib Razzak",
              "non_striker": "SKG Krishnan",
              "runs": {
                "batter": 1,
                "extras": 0,
                "total": 1
              }
            },
            {
              "batter": "SKG Krishnan",
              "bowler": "Shoaib Razzak",
              "non_striker": "Virandeep Singh",
              "runs": {
                "batter": 1,
                "extras": 0,
                "total": 1
              }
            }
          ]
        },
        {
          "over": 15,
          "deliveries": [
            {
              "batter": "SKG Krishnan",
              "bowler": "Janak Prakash",
              "non_striker": "Virandeep Singh",
              "runs": {
                "batter": 1,
                "extras": 0,
                "total": 1
              }
            },
            {
              "batter": "Virandeep Singh",
              "bowler": "Janak Prakash",
              "non_striker": "SKG Krishnan",
              "runs": {
                "batter": 1,
                "extras": 0,
                "total": 1
              }
            },
            {
              "batter": "SKG Krishnan",
              "bowler": "Janak Prakash",
              "non_striker": "Virandeep Singh",
              "runs": {
                "batter": 0,
                "extras": 0,
                "total": 0
              },
              "wickets": [
                {
                  "player_out": "SKG Krishnan",
                  "fielders": [
                    {
                      "name": "A Mutreja"
                    }
                  ],
                  "kind": "caught"
                }
              ]
            },
            {
              "batter": "Anwar Rahman",
              "bowler": "Janak Prakash",
              "non_striker": "Virandeep Singh",
              "runs": {
                "batter": 1,
                "extras": 0,
                "total": 1
              }
            },
            {
              "batter": "Virandeep Singh",
              "bowler": "Janak Prakash",
              "non_striker": "Anwar Rahman",
              "runs": {
                "batter": 1,
                "extras": 0,
                "total": 1
              }
            },
            {
              "batter": "Anwar Rahman",
              "bowler": "Janak Prakash",
              "non_striker": "Virandeep Singh",
              "runs": {
                "batter": 0,
                "extras": 0,
                "total": 0
              },
              "wickets": [
                {
                  "player_out": "Anwar Rahman",
                  "fielders": [
                    {
                      "name": "Manpreet Singh"
                    }
                  ],
                  "kind": "caught"
                }
              ]
            }
          ]
        },
        {
          "over": 16,
          "deliveries": [
            {
              "batter": "Virandeep Singh",
              "bowler": "Amjad Mahboob",
              "non_striker": "Syazrul Idrus",
              "runs": {
                "batter": 0,
                "extras": 0,
                "total": 0
              }
            },
            {
              "batter": "Virandeep Singh",
              "bowler": "Amjad Mahboob",
              "non_striker": "Syazrul Idrus",
              "runs": {
                "batter": 1,
                "extras": 0,
                "total": 1
              }
            },
            {
              "batter": "Syazrul Idrus",
              "bowler": "Amjad Mahboob",
              "non_striker": "Virandeep Singh",
              "runs": {
                "batter": 1,
                "extras": 0,
                "total": 1
              }
            },
            {
              "batter": "Virandeep Singh",
              "bowler": "Amjad Mahboob",
              "extras": {
                "legbyes": 1
              },
              "non_striker": "Syazrul Idrus",
              "runs": {
                "batter": 0,
                "extras": 1,
                "total": 1
              }
            },
            {
              "batter": "Syazrul Idrus",
              "bowler": "Amjad Mahboob",
              "non_striker": "Virandeep Singh",
              "runs": {
                "batter": 0,
                "extras": 0,
                "total": 0
              }
            },
            {
              "batter": "Syazrul Idrus",
              "bowler": "Amjad Mahboob",
              "non_striker": "Virandeep Singh",
              "runs": {
                "batter": 2,
                "extras": 0,
                "total": 2
              }
            }
          ]
        },
        {
          "over": 17,
          "deliveries": [
            {
              "batter": "Virandeep Singh",
              "bowler": "Janak Prakash",
              "extras": {
                "wides": 1
              },
              "non_striker": "Syazrul Idrus",
              "runs": {
                "batter": 0,
                "extras": 1,
                "total": 1
              }
            },
            {
              "batter": "Virandeep Singh",
              "bowler": "Janak Prakash",
              "non_striker": "Syazrul Idrus",
              "runs": {
                "batter": 0,
                "extras": 0,
                "total": 0
              }
            },
            {
              "batter": "Virandeep Singh",
              "bowler": "Janak Prakash",
              "non_striker": "Syazrul Idrus",
              "runs": {
                "batter": 1,
                "extras": 0,
                "total": 1
              }
            },
            {
              "batter": "Syazrul Idrus",
              "bowler": "Janak Prakash",
              "non_striker": "Virandeep Singh",
              "runs": {
                "batter": 0,
                "extras": 0,
                "total": 0
              }
            },
            {
              "batter": "Syazrul Idrus",
              "bowler": "Janak Prakash",
              "non_striker": "Virandeep Singh",
              "runs": {
                "batter": 0,
                "extras": 0,
                "total": 0
              }
            },
            {
              "batter": "Syazrul Idrus",
              "bowler": "Janak Prakash",
              "non_striker": "Virandeep Singh",
              "runs": {
                "batter": 1,
                "extras": 0,
                "total": 1
              }
            },
            {
              "batter": "Virandeep Singh",
              "bowler": "Janak Prakash",
              "non_striker": "Syazrul Idrus",
              "runs": {
                "batter": 4,
                "extras": 0,
                "total": 4
              }
            }
          ]
        },
        {
          "over": 18,
          "deliveries": [
            {
              "batter": "Syazrul Idrus",
              "bowler": "Amjad Mahboob",
              "non_striker": "Virandeep Singh",
              "runs": {
                "batter": 1,
                "extras": 0,
                "total": 1
              }
            },
            {
              "batter": "Virandeep Singh",
              "bowler": "Amjad Mahboob",
              "non_striker": "Syazrul Idrus",
              "runs": {
                "batter": 1,
                "extras": 0,
                "total": 1
              }
            },
            {
              "batter": "Syazrul Idrus",
              "bowler": "Amjad Mahboob",
              "non_striker": "Virandeep Singh",
              "runs": {
                "batter": 0,
                "extras": 0,
                "total": 0
              }
            },
            {
              "batter": "Syazrul Idrus",
              "bowler": "Amjad Mahboob",
              "non_striker": "Virandeep Singh",
              "runs": {
                "batter": 2,
                "extras": 0,
                "total": 2
              }
            },
            {
              "batter": "Syazrul Idrus",
              "bowler": "Amjad Mahboob",
              "non_striker": "Virandeep Singh",
              "runs": {
                "batter": 1,
                "extras": 0,
                "total": 1
              }
            },
            {
              "batter": "Virandeep Singh",
              "bowler": "Amjad Mahboob",
              "extras": {
                "legbyes": 1
              },
              "non_striker": "Syazrul Idrus",
              "runs": {
                "batter": 0,
                "extras": 1,
                "total": 1
              }
            }
          ]
        },
        {
          "over": 19,
          "deliveries": [
            {
              "batter": "Virandeep Singh",
              "bowler": "Janak Prakash",
              "non_striker": "Syazrul Idrus",
              "runs": {
                "batter": 0,
                "extras": 0,
                "total": 0
              }
            },
            {
              "batter": "Virandeep Singh",
              "bowler": "Janak Prakash",
              "non_striker": "Syazrul Idrus",
              "runs": {
                "batter": 1,
                "extras": 0,
                "total": 1
              }
            },
            {
              "batter": "Syazrul Idrus",
              "bowler": "Janak Prakash",
              "non_striker": "Virandeep Singh",
              "runs": {
                "batter": 1,
                "extras": 0,
                "total": 1
              }
            },
            {
              "batter": "Virandeep Singh",
              "bowler": "Janak Prakash",
              "non_striker": "Syazrul Idrus",
              "runs": {
                "batter": 4,
                "extras": 0,
                "total": 4
              }
            },
            {
              "batter": "Virandeep Singh",
              "bowler": "Janak Prakash",
              "non_striker": "Syazrul Idrus",
              "runs": {
                "batter": 0,
                "extras": 0,
                "total": 0
              },
              "wickets": [
                {
                  "player_out": "Virandeep Singh",
                  "kind": "caught and bowled"
                }
              ]
            },
            {
              "batter": "Pavandeep Singh",
              "bowler": "Janak Prakash",
              "non_striker": "Syazrul Idrus",
              "runs": {
                "batter": 0,
                "extras": 0,
                "total": 0
              },
              "wickets": [
                {
                  "player_out": "Pavandeep Singh",
                  "kind": "run out"
                }
              ]
            }
          ]
        }
      ],
      "powerplays": [
        {
          "from": 0.1,
          "to": 5.7,
          "type": "mandatory"
        }
      ],
      "target": {
        "overs": 20,
        "runs": 146
      }
    }
  ]
}