{
  "meta": {
    "data_version": "1.0.0",
    "created": "2020-08-29",
    "revision": 1
  },
  "info": {
    "balls_per_over": 6,
    "city": "Gaborone",
    "dates": [
      "2018-11-02"
    ],
    "event": {
      "name": "ICC World Twenty20 Africa Region Qualifier C",
      "match_number": 18
    },
    "gender": "male",
    "match_type": "IT20",
    "officials": {
      "umpires": [
        "BP Jele",
        "C Thorburn"
      ]
    },
    "outcome": {
      "winner": "Botswana",
      "by": {
        "wickets": 6
      }
    },
    "overs": 20,
    "player_of_match": [
      "A Rangaswamy"
    ],
    "players": {
      "Lesotho": [
        "Sarfaraj Patel",
        "AAA Patel",
        "C Tlali",
        "Maaz Khan",
        "Sameer Patel",
        "M Leporoporo",
        "T Mohapi",
        "Riaz Suleman",
        "TD Chaoana",
        "TG Thamae",
        "Ajaz Patel"
      ],
      "Botswana": [
        "Z Abbasi",
        "T Phaswana",
        "K Motlanka",
        "V Balakrishnan",
        "I Master",
        "W Tajbhay",
        "T Tshose",
        "N Master",
        "D Maisuria",
        "M Mooketsi",
        "A Rangaswamy"
      ]
    },
    "registry": {
      "people": {
        "A Rangaswamy": "08df0bd3",
        "AAA Patel": "fd3c5c00",
        "Ajaz Patel": "29b6bcd4",
        "BP Jele": "7bb1331e",
        "C Thorburn": "904288fe",
        "C Tlali": "70841eab",
        "D Maisuria": "a96b36af",
        "I Master": "90ddee48",
        "K Motlanka": "21549344",
        "M Leporoporo": "e7a0cb9a",
        "M Mooketsi": "008a024c",
        "Maaz Khan": "6f14ddcb",
        "N Master": "4833efb4",
        "Riaz Suleman": "4ba4649c",
        "Sameer Patel": "2bae86b6",
        "Sarfaraj Patel": "f15d17c7",
        "T Mohapi": "d8083abf",
        "T Phaswana": "56c0966b",
        "T Tshose": "18ae55e4",
        "TD Chaoana": "16ddd36b",
        "TG Thamae": "d08fe309",
        "V Balakrishnan": "0c1da0c4",
        "W Tajbhay": "f40296e1",
        "Z Abbasi": "5d9ebb3c"
      }
    },
    "season": "2018/19",
    "team_type": "international",
    "teams": [
      "Lesotho",
      "Botswana"
    ],
    "toss": {
      "decision": "bat",
      "winner": "Lesotho"
    },
    "venue": "Botswana Cricket Association Oval 2"
  },
  "innings": [
    {
      "team": "Lesotho",
      "overs": [
        {
          "over": 0,
          "deliveries": [
            {
              "batter": "Sarfaraj Patel",
              "bowler": "A Rangaswamy",
              "non_striker": "AAA Patel",
              "runs": {
                "batter": 0,
                "extras": 0,
                "total": 0
              }
            },
            {
              "batter": "Sarfaraj Patel",
              "bowler": "A Rangaswamy",
              "non_striker": "AAA Patel",
              "runs": {
                "batter": 0,
                "extras": 0,
                "total": 0
              }
            },
            {
              "batter": "Sarfaraj Patel",
              "bowler": "A Rangaswamy",
              "non_striker": "AAA Patel",
              "runs": {
                "batter": 0,
                "extras": 0,
                "total": 0
              }
            },
            {
              "batter": "Sarfaraj Patel",
              "bowler": "A Rangaswamy",
              "non_striker": "AAA Patel",
              "runs": {
                "batter": 0,
                "extras": 0,
                "total": 0
              }
            },
            {
              "batter": "Sarfaraj Patel",
              "bowler": "A Rangaswamy",
              "non_striker": "AAA Patel",
              "runs": {
                "batter": 1,
                "extras": 0,
                "total": 1
              }
            },
            {
              "batter": "AAA Patel",
              "bowler": "A Rangaswamy",
              "non_striker": "Sarfaraj Patel",
              "runs": {
                "batter": 0,
                "extras": 0,
                "total": 0
              }
            }
          ]
        },
        {
          "over": 1,
          "deliveries": [
            {
              "batter": "Sarfaraj Patel",
              "bowler": "T Tshose",
              "non_striker": "AAA Patel",
              "runs": {
                "batter": 0,
                "extras": 0,
                "total": 0
              }
            },
            {
              "batter": "Sarfaraj Patel",
              "bowler": "T Tshose",
              "non_striker": "AAA Patel",
              "runs": {
                "batter": 4,
                "extras": 0,
                "total": 4
              }
            },
            {
              "batter": "Sarfaraj Patel",
              "bowler": "T Tshose",
              "non_striker": "AAA Patel",
              "runs": {
                "batter": 1,
                "extras": 0,
                "total": 1
              }
            },
            {
              "batter": "AAA Patel",
              "bowler": "T Tshose",
              "non_striker": "Sarfaraj Patel",
              "runs": {
                "batter": 0,
                "extras": 0,
                "total": 0
              }
            },
            {
              "batter": "AAA Patel",
              "bowler": "T Tshose",
              "non_striker": "Sarfaraj Patel",
              "runs": {
                "batter": 0,
                "extras": 0,
                "total": 0
              }
            },
            {
              "batter": "AAA Patel",
              "bowler": "T Tshose",
              "non_striker": "Sarfaraj Patel",
              "runs": {
                "batter": 1,
                "extras": 0,
                "total": 1
              }
            }
          ]
        },
        {
          "over": 2,
          "deliveries": [
            {
              "batter": "AAA Patel",
              "bowler": "A Rangaswamy",
              "non_striker": "Sarfaraj Patel",
              "runs": {
                "batter": 0,
                "extras": 0,
                "total": 0
              }
            },
            {
              "batter": "AAA Patel",
              "bowler": "A Rangaswamy",
              "non_striker": "Sarfaraj Patel",
              "runs": {
                "batter": 0,
                "extras": 0,
                "total": 0
              }
            },
            {
              "batter": "AAA Patel",
              "bowler": "A Rangaswamy",
              "non_striker": "Sarfaraj Patel",
              "runs": {
                "batter": 1,
                "extras": 0,
                "total": 1
              }
            },
            {
              "batter": "Sarfaraj Patel",
              "bowler": "A Rangaswamy",
              "non_striker": "AAA Patel",
              "runs": {
                "batter": 0,
                "extras": 0,
                "total": 0
              }
            },
            {
              "batter": "Sarfaraj Patel",
              "bowler": "A Rangaswamy",
              "non_striker": "AAA Patel",
              "runs": {
                "batter": 0,
                "extras": 0,
                "total": 0
              }
            },
            {
              "batter": "Sarfaraj Patel",
              "bowler": "A Rangaswamy",
              "non_striker": "AAA Patel",
              "runs": {
                "batter": 0,
                "extras": 0,
                "total": 0
              }
            }
          ]
        },
        {
          "over": 3,
          "deliveries": [
            {
              "batter": "AAA Patel",
              "bowler": "T Tshose",
              "non_striker": "Sarfaraj Patel",
              "runs": {
                "batter": 0,
                "extras": 0,
                "total": 0
              }
            },
            {
              "batter": "AAA Patel",
              "bowler": "T Tshose",
              "non_striker": "Sarfaraj Patel",
              "runs": {
                "batter": 2,
                "extras": 0,
                "total": 2
              }
            },
            {
              "batter": "AAA Patel",
              "bowler": "T Tshose",
              "non_striker": "Sarfaraj Patel",
              "runs": {
                "batter": 1,
                "extras": 0,
                "total": 1
              }
            },
            {
              "batter": "Sarfaraj Patel",
              "bowler": "T Tshose",
              "non_striker": "AAA Patel",
              "runs": {
                "batter": 0,
                "extras": 0,
                "total": 0
              }
            },
            {
              "batter": "Sarfaraj Patel",
              "bowler": "T Tshose",
              "non_striker": "AAA Patel",
              "runs": {
                "batter": 0,
                "extras": 0,
                "total": 0
              }
            },
            {
              "batter": "Sarfaraj Patel",
              "bowler": "T Tshose",
              "non_striker": "AAA Patel",
              "runs": {
                "batter": 4,
                "extras": 0,
                "total": 4
              }
            }
          ]
        },
        {
          "over": 4,
          "deliveries": [
            {
              "batter": "AAA Patel",
              "bowler": "A Rangaswamy",
              "non_striker": "Sarfaraj Patel",
              "runs": {
                "batter": 0,
                "extras": 0,
                "total": 0
              },
              "wickets": [
                {
                  "player_out": "AAA Patel",
                  "fielders": [
                    {
                      "name": "K Motlanka"
                    }
                  ],
                  "kind": "caught"
                }
              ]
            },
            {
              "batter": "C Tlali",
              "bowler": "A Rangaswamy",
              "non_striker": "Sarfaraj Patel",
              "runs": {
                "batter": 1,
                "extras": 0,
                "total": 1
              }
            },
            {
              "batter": "Sarfaraj Patel",
              "bowler": "A Rangaswamy",
              "non_striker": "C Tlali",
              "runs": {
                "batter": 0,
                "extras": 0,
                "total": 0
              }
            },
            {
              "batter": "Sarfaraj Patel",
              "bowler": "A Rangaswamy",
              "non_striker": "C Tlali",
              "runs": {
                "batter": 0,
                "extras": 0,
                "total": 0
              }
            },
            {
              "batter": "Sarfaraj Patel",
              "bowler": "A Rangaswamy",
              "non_striker": "C Tlali",
              "runs": {
                "batter": 0,
                "extras": 0,
                "total": 0
              }
            },
            {
              "batter": "Sarfaraj Patel",
              "bowler": "A Rangaswamy",
              "non_striker": "C Tlali",
              "runs": {
                "batter": 0,
                "extras": 0,
                "total": 0
              }
            }
          ]
        },
        {
          "over": 5,
          "deliveries": [
            {
              "batter": "C Tlali",
              "bowler": "T Tshose",
              "non_striker": "Sarfaraj Patel",
              "runs": {
                "batter": 2,
                "extras": 0,
                "total": 2
              }
            },
            {
              "batter": "C Tlali",
              "bowler": "T Tshose",
              "non_striker": "Sarfaraj Patel",
              "runs": {
                "batter": 0,
                "extras": 0,
                "total": 0
              }
            },
            {
              "batter": "C Tlali",
              "bowler": "T Tshose",
              "non_striker": "Sarfaraj Patel",
              "runs": {
                "batter": 0,
                "extras": 0,
                "total": 0
              }
            },
            {
              "batter": "C Tlali",
              "bowler": "T Tshose",
              "non_striker": "Sarfaraj Patel",
              "runs": {
                "batter": 0,
                "extras": 0,
                "total": 0
              }
            },
            {
              "batter": "C Tlali",
              "bowler": "T Tshose",
              "non_striker": "Sarfaraj Patel",
              "runs": {
                "batter": 0,
                "extras": 0,
                "total": 0
              }
            },
            {
              "batter": "C Tlali",
              "bowler": "T Tshose",
              "non_striker": "Sarfaraj Patel",
              "runs": {
                "batter": 1,
                "extras": 0,
                "total": 1
              }
            }
          ]
        },
        {
          "over": 6,
          "deliveries": [
            {
              "batter": "Sarfaraj Patel",
              "bowler": "N Master",
              "non_striker": "C Tlali",
              "runs": {
                "batter": 0,
                "extras": 0,
                "total": 0
              }
            },
            {
              "batter": "Sarfaraj Patel",
              "bowler": "N Master",
              "non_striker": "C Tlali",
              "runs": {
                "batter": 0,
                "extras": 0,
                "total": 0
              }
            },
            {
              "batter": "Sarfaraj Patel",
              "bowler": "N Master",
              "non_striker": "C Tlali",
              "runs": {
                "batter": 0,
                "extras": 0,
                "total": 0
              }
            },
            {
              "batter": "Sarfaraj Patel",
              "bowler": "N Master",
              "non_striker": "C Tlali",
              "runs": {
                "batter": 0,
                "extras": 0,
                "total": 0
              }
            },
            {
              "batter": "Sarfaraj Patel",
              "bowler": "N Master",
              "non_striker": "C Tlali",
              "runs": {
                "batter": 0,
                "extras": 0,
                "total": 0
              }
            },
            {
              "batter": "Sarfaraj Patel",
              "bowler": "N Master",
              "non_striker": "C Tlali",
              "runs": {
                "batter": 1,
                "extras": 0,
                "total": 1
              }
            }
          ]
        },
        {
          "over": 7,
          "deliveries": [
            {
              "batter": "Sarfaraj Patel",
              "bowler": "M Mooketsi",
              "non_striker": "C Tlali",
              "runs": {
                "batter": 1,
                "extras": 0,
                "total": 1
              }
            },
            {
              "batter": "C Tlali",
              "bowler": "M Mooketsi",
              "non_striker": "Sarfaraj Patel",
              "runs": {
                "batter": 1,
                "extras": 0,
                "total": 1
              }
            },
            {
              "batter": "Sarfaraj Patel",
              "bowler": "M Mooketsi",
              "non_striker": "C Tlali",
              "runs": {
                "batter": 2,
                "extras": 0,
                "total": 2
              }
            },
            {
              "batter": "Sarfaraj Patel",
              "bowler": "M Mooketsi",
              "non_striker": "C Tlali",
              "runs": {
                "batter": 1,
                "extras": 0,
                "total": 1
              }
            },
            {
              "batter": "C Tlali",
              "bowler": "M Mooketsi",
              "non_striker": "Sarfaraj Patel",
              "runs": {
                "batter": 2,
                "extras": 0,
                "total": 2
              }
            },
            {
              "batter": "C Tlali",
              "bowler": "M Mooketsi",
              "non_striker": "Sarfaraj Patel",
              "runs": {
                "batter": 0,
                "extras": 0,
                "total": 0
              }
            }
          ]
        },
        {
          "over": 8,
          "deliveries": [
            {
              "batter": "Sarfaraj Patel",
              "bowler": "N Master",
              "non_striker": "C Tlali",
              "runs": {
                "batter": 0,
                "extras": 0,
                "total": 0
              }
            },
            {
              "batter": "Sarfaraj Patel",
              "bowler": "N Master",
              "non_striker": "C Tlali",
              "runs": {
                "batter": 2,
                "extras": 0,
                "total": 2
              }
            },
            {
              "batter": "Sarfaraj Patel",
              "bowler": "N Master",
              "non_striker": "C Tlali",
              "runs": {
                "batter": 0,
                "extras": 0,
                "total": 0
              }
            },
            {
              "batter": "Sarfaraj Patel",
              "bowler": "N Master",
              "non_striker": "C Tlali",
              "runs": {
                "batter": 0,
                "extras": 0,
                "total": 0
              }
            },
            {
              "batter": "Sarfaraj Patel",
              "bowler": "N Master",
              "non_striker": "C Tlali",
              "runs": {
                "batter": 4,
                "extras": 0,
                "total": 4
              }
            },
            {
              "batter": "Sarfaraj Patel",
              "bowler": "N Master",
              "non_striker": "C Tlali",
              "runs": {
                "batter": 0,
                "extras": 0,
                "total": 0
              }
            }
          ]
        },
        {
          "over": 9,
          "deliveries": [
            {
              "batter": "C Tlali",
              "bowler": "M Mooketsi",
              "non_striker": "Sarfaraj Patel",
              "runs": {
                "batter": 0,
                "extras": 0,
                "total": 0
              }
            },
            {
              "batter": "C Tlali",
              "bowler": "M Mooketsi",
              "non_striker": "Sarfaraj Patel",
              "runs": {
                "batter": 4,
                "extras": 0,
                "total": 4
              }
            },
            {
              "batter": "C Tlali",
              "bowler": "M Mooketsi",
              "non_striker": "Sarfaraj Patel",
              "runs": {
                "batter": 1,
                "extras": 0,
                "total": 1
              }
            },
            {
              "batter": "Sarfaraj Patel",
              "bowler": "M Mooketsi",
              "non_striker": "C Tlali",
              "runs": {
                "batter": 0,
                "extras": 0,
                "total": 0
              }
            },
            {
              "batter": "Sarfaraj Patel",
              "bowler": "M Mooketsi",
              "non_striker": "C Tlali",
              "runs": {
                "batter": 1,
                "extras": 0,
                "total": 1
              }
            },
            {
              "batter": "C Tlali",
              "bowler": "M Mooketsi",
              "non_striker": "Sarfaraj Patel",
              "runs": {
                "batter": 2,
                "extras": 0,
                "total": 2
              }
            }
          ]
        },
        {
          "over": 10,
          "deliveries": [
            {
              "batter": "Sarfaraj Patel",
              "bowler": "N Master",
              "non_striker": "C Tlali",
              "runs": {
                "batter": 0,
                "extras": 0,
                "total": 0
              }
            },
            {
              "batter": "Sarfaraj Patel",
              "bowler": "N Master",
              "non_striker": "C Tlali",
              "runs": {
                "batter": 0,
                "extras": 0,
                "total": 0
              }
            },
            {
              "batter": "Sarfaraj Patel",
              "bowler": "N Master",
              "non_striker": "C Tlali",
              "runs": {
                "batter": 0,
                "extras": 0,
                "total": 0
              }
            },
            {
              "batter": "Sarfaraj Patel",
              "bowler": "N Master",
              "non_striker": "C Tlali",
              "runs": {
                "batter": 0,
                "extras": 0,
                "total": 0
              }
            },
            {
              "batter": "Sarfaraj Patel",
              "bowler": "N Master",
              "non_striker": "C Tlali",
              "runs": {
                "batter": 0,
                "extras": 0,
                "total": 0
              }
            },
            {
              "batter": "Sarfaraj Patel",
              "bowler": "N Master",
              "non_striker": "C Tlali",
              "runs": {
                "batter": 1,
                "extras": 0,
                "total": 1
              }
            }
          ]
        },
        {
          "over": 11,
          "deliveries": [
            {
              "batter": "Sarfaraj Patel",
              "bowler": "M Mooketsi",
              "non_striker": "C Tlali",
              "runs": {
                "batter": 0,
                "extras": 0,
                "total": 0
              }
            },
            {
              "batter": "Sarfaraj Patel",
              "bowler": "M Mooketsi",
              "non_striker": "C Tlali",
              "runs": {
                "batter": 0,
                "extras": 0,
                "total": 0
              }
            },
            {
              "batter": "Sarfaraj Patel",
              "bowler": "M Mooketsi",
              "non_striker": "C Tlali",
              "runs": {
                "batter": 0,
                "extras": 0,
                "total": 0
              }
            },
            {
              "batter": "Sarfaraj Patel",
              "bowler": "M Mooketsi",
              "non_striker": "C Tlali",
              "runs": {
                "batter": 0,
                "extras": 0,
                "total": 0
              }
            },
            {
              "batter": "Sarfaraj Patel",
              "bowler": "M Mooketsi",
              "non_striker": "C Tlali",
              "runs": {
                "batter": 0,
                "extras": 0,
                "total": 0
              }
            },
            {
              "batter": "Sarfaraj Patel",
              "bowler": "M Mooketsi",
              "non_striker": "C Tlali",
              "runs": {
                "batter": 1,
                "extras": 0,
                "total": 1
              }
            }
          ]
        },
        {
          "over": 12,
          "deliveries": [
            {
              "batter": "Sarfaraj Patel",
              "bowler": "N Master",
              "non_striker": "C Tlali",
              "runs": {
                "batter": 0,
                "extras": 0,
                "total": 0
              }
            },
            {
              "batter": "Sarfaraj Patel",
              "bowler": "N Master",
              "non_striker": "C Tlali",
              "runs": {
                "batter": 0,
                "extras": 0,
                "total": 0
              }
            },
            {
              "batter": "Sarfaraj Patel",
              "bowler": "N Master",
              "non_striker": "C Tlali",
              "runs": {
                "batter": 1,
                "extras": 0,
                "total": 1
              }
            },
            {
              "batter": "C Tlali",
              "bowler": "N Master",
              "non_striker": "Sarfaraj Patel",
              "runs": {
                "batter": 1,
                "extras": 0,
                "total": 1
              }
            },
            {
              "batter": "C Tlali",
              "bowler": "N Master",
              "non_striker": "Sarfaraj Patel",
              "runs": {
                "batter": 0,
                "extras": 0,
                "total": 0
              }
            },
            {
              "batter": "C Tlali",
              "bowler": "N Master",
              "non_striker": "Sarfaraj Patel",
              "runs": {
                "batter": 2,
                "extras": 0,
                "total": 2
              }
            }
          ]
        },
        {
          "over": 13,
          "deliveries": [
            {
              "batter": "Sarfaraj Patel",
              "bowler": "M Mooketsi",
              "non_striker": "C Tlali",
              "runs": {
                "batter": 1,
                "extras": 0,
                "total": 1
              }
            },
            {
              "batter": "C Tlali",
              "bowler": "M Mooketsi",
              "non_striker": "Sarfaraj Patel",
              "runs": {
                "batter": 1,
                "extras": 0,
                "total": 1
              }
            },
            {
              "batter": "Sarfaraj Patel",
              "bowler": "M Mooketsi",
              "non_striker": "C Tlali",
              "runs": {
                "batter": 3,
                "extras": 0,
                "total": 3
              }
            },
            {
              "batter": "C Tlali",
              "bowler": "M Mooketsi",
              "non_striker": "Sarfaraj Patel",
              "runs": {
                "batter": 0,
                "extras": 0,
                "total": 0
              }
            },
            {
              "batter": "C Tlali",
              "bowler": "M Mooketsi",
              "non_striker": "Sarfaraj Patel",
              "runs": {
                "batter": 0,
                "extras": 0,
                "total": 0
              },
              "wickets": [
                {
                  "player_out": "C Tlali",
                  "kind": "bowled"
                }
              ]
            },
            {
              "batter": "Maaz Khan",
              "bowler": "M Mooketsi",
              "non_striker": "Sarfaraj Patel",
              "runs": {
                "batter": 4,
                "extras": 0,
                "total": 4
              }
            }
          ]
        },
        {
          "over": 14,
          "deliveries": [
            {
              "batter": "Sarfaraj Patel",
              "bowler": "D Maisuria",
              "non_striker": "Maaz Khan",
              "runs": {
                "batter": 1,
                "extras": 0,
                "total": 1
              }
            },
            {
              "batter": "Maaz Khan",
              "bowler": "D Maisuria",
              "non_striker": "Sarfaraj Patel",
              "runs": {
                "batter": 4,
                "extras": 0,
                "total": 4
              }
            },
            {
              "batter": "Maaz Khan",
              "bowler": "D Maisuria",
              "non_striker": "Sarfaraj Patel",
              "runs": {
                "batter": 6,
                "extras": 0,
                "total": 6
              }
            },
            {
              "batter": "Maaz Khan",
              "bowler": "D Maisuria",
              "non_striker": "Sarfaraj Patel",
              "runs": {
                "batter": 1,
                "extras": 0,
                "total": 1
              }
            },
            {
              "batter": "Sarfaraj Patel",
              "bowler": "D Maisuria",
              "non_striker": "Maaz Khan",
              "runs": {
                "batter": 1,
                "extras": 0,
                "total": 1
              }
            },
            {
              "batter": "Maaz Khan",
              "bowler": "D Maisuria",
              "non_striker": "Sarfaraj Patel",
              "runs": {
                "batter": 2,
                "extras": 0,
                "total": 2
              }
            }
          ]
        },
        {
          "over": 15,
          "deliveries": [
            {
              "batter": "Sarfaraj Patel",
              "bowler": "Z Abbasi",
              "non_striker": "Maaz Khan",
              "runs": {
                "batter": 1,
                "extras": 0,
                "total": 1
              }
            },
            {
              "batter": "Maaz Khan",
              "bowler": "Z Abbasi",
              "non_striker": "Sarfaraj Patel",
              "runs": {
                "batter": 0,
                "extras": 0,
                "total": 0
              }
            },
            {
              "batter": "Maaz Khan",
              "bowler": "Z Abbasi",
              "non_striker": "Sarfaraj Patel",
              "runs": {
                "batter": 0,
                "extras": 0,
                "total": 0
              },
              "wickets": [
                {
                  "player_out": "Maaz Khan",
                  "fielders": [
                    {
                      "name": "D Maisuria"
                    }
                  ],
                  "kind": "caught"
                }
              ]
            },
            {
              "batter": "Sarfaraj Patel",
              "bowler": "Z Abbasi",
              "non_striker": "Sameer Patel",
              "runs": {
                "batter": 0,
                "extras": 0,
                "total": 0
              }
            },
            {
              "batter": "Sarfaraj Patel",
              "bowler": "Z Abbasi",
              "non_striker": "Sameer Patel",
              "runs": {
                "batter": 0,
                "extras": 0,
                "total": 0
              }
            },
            {
              "batter": "Sarfaraj Patel",
              "bowler": "Z Abbasi",
              "non_striker": "Sameer Patel",
              "runs": {
                "batter": 0,
                "extras": 0,
                "total": 0
              }
            }
          ]
        },
        {
          "over": 16,
          "deliveries": [
            {
              "batter": "Sameer Patel",
              "bowler": "D Maisuria",
              "non_striker": "Sarfaraj Patel",
              "runs": {
                "batter": 4,
                "extras": 0,
                "total": 4
              }
            },
            {
              "batter": "Sameer Patel",
              "bowler": "D Maisuria",
              "non_striker": "Sarfaraj Patel",
              "runs": {
                "batter": 1,
                "extras": 0,
                "total": 1
              }
            },
            {
              "batter": "Sarfaraj Patel",
              "bowler": "D Maisuria",
              "non_striker": "Sameer Patel",
              "runs": {
                "batter": 1,
                "extras": 0,
                "total": 1
              }
            },
            {
              "batter": "Sameer Patel",
              "bowler": "D Maisuria",
              "non_striker": "Sarfaraj Patel",
              "runs": {
                "batter": 0,
                "extras": 0,
                "total": 0
              },
              "wickets": [
                {
                  "player_out": "Sameer Patel",
                  "fielders": [
                    {
                      "name": "I Master"
                    }
                  ],
                  "kind": "caught"
                }
              ]
            },
            {
              "batter": "Sarfaraj Patel",
              "bowler": "D Maisuria",
              "non_striker": "M Leporoporo",
              "runs": {
                "batter": 2,
                "extras": 0,
                "total": 2
              }
            },
            {
              "batter": "Sarfaraj Patel",
              "bowler": "D Maisuria",
              "non_striker": "M Leporoporo",
              "runs": {
                "batter": 2,
                "extras": 0,
                "total": 2
              }
            }
          ]
        },
        {
          "over": 17,
          "deliveries": [
            {
              "batter": "M Leporoporo",
              "bowler": "Z Abbasi",
              "non_striker": "Sarfaraj Patel",
              "runs": {
                "batter": 0,
                "extras": 0,
                "total": 0
              },
              "wickets": [
                {
                  "player_out": "M Leporoporo",
                  "kind": "run out"
                }
              ]
            },
            {
              "batter": "Sarfaraj Patel",
              "bowler": "Z Abbasi",
              "non_striker": "T Mohapi",
              "runs": {
                "batter": 1,
                "extras": 0,
                "total": 1
              }
            },
            {
              "batter": "T Mohapi",
              "bowler": "Z Abbasi",
              "non_striker": "Sarfaraj Patel",
              "runs": {
                "batter": 0,
                "extras": 0,
                "total": 0
              }
            },
            {
              "batter": "T Mohapi",
              "bowler": "Z Abbasi",
              "non_striker": "Sarfaraj Patel",
              "runs": {
                "batter": 0,
                "extras": 0,
                "total": 0
              }
            },
            {
              "batter": "T Mohapi",
              "bowler": "Z Abbasi",
              "non_striker": "Sarfaraj Patel",
              "runs": {
                "batter": 1,
                "extras": 0,
                "total": 1
              }
            },
            {
              "batter": "Sarfaraj Patel",
              "bowler": "Z Abbasi",
              "non_striker": "T Mohapi",
              "runs": {
                "batter": 1,
                "extras": 0,
                "total": 1
              }
            }
          ]
        },
        {
          "over": 18,
          "deliveries": [
            {
              "batter": "Sarfaraj Patel",
              "bowler": "A Rangaswamy",
              "non_striker": "T Mohapi",
              "runs": {
                "batter": 1,
                "extras": 0,
                "total": 1
              }
            },
            {
              "batter": "T Mohapi",
              "bowler": "A Rangaswamy",
              "non_striker": "Sarfaraj Patel",
              "runs": {
                "batter": 1,
                "extras": 0,
                "total": 1
              }
            },
            {
              "batter": "T Mohapi",
              "bowler": "A Rangaswamy",
              "non_striker": "Sarfaraj Patel",
              "runs": {
                "batter": 0,
                "extras": 0,
                "total": 0
              }
            },
            {
              "batter": "T Mohapi",
              "bowler": "A Rangaswamy",
              "non_striker": "Sarfaraj Patel",
              "runs": {
                "batter": 0,
                "extras": 0,
                "total": 0
              }
            },
            {
              "batter": "T Mohapi",
              "bowler": "A Rangaswamy",
              "non_striker": "Sarfaraj Patel",
              "runs": {
                "batter": 0,
                "extras": 0,
                "total": 0
              },
              "wickets": [
                {
                  "player_out": "T Mohapi",
                  "kind": "bowled"
                }
              ]
            },
            {
              "batter": "Riaz Suleman",
              "bowler": "A Rangaswamy",
              "non_striker": "Sarfaraj Patel",
              "runs": {
                "batter": 2,
                "extras": 0,
                "total": 2
              }
            }
          ]
        },
        {
          "over": 19,
          "deliveries": [
            {
              "batter": "Sarfaraj Patel",
              "bowler": "T Tshose",
              "non_striker": "Riaz Suleman",
              "runs": {
                "batter": 2,
                "extras": 0,
                "total": 2
              }
            },
            {
              "batter": "Sarfaraj Patel",
              "bowler": "T Tshose",
              "non_striker": "Riaz Suleman",
              "runs": {
                "batter": 4,
                "extras": 0,
                "total": 4
              }
            },
            {
              "batter": "Sarfaraj Patel",
              "bowler": "T Tshose",
              "non_striker": "Riaz Suleman",
              "runs": {
                "batter": 0,
                "extras": 0,
                "total": 0
              },
              "wickets": [
                {
                  "player_out": "Sarfaraj Patel",
                  "fielders": [
                    {
                      "name": "Z Abbasi"
                    }
                  ],
                  "kind": "caught"
                }
              ]
            },
            {
              "batter": "Riaz Suleman",
              "bowler": "T Tshose",
              "non_striker": "TD Chaoana",
              "runs": {
                "batter": 0,
                "extras": 0,
                "total": 0
              },
              "wickets": [
                {
                  "player_out": "Riaz Suleman",
                  "fielders": [
                    {
                      "name": "M Mooketsi"
                    }
                  ],
                  "kind": "caught"
                }
              ]
            },
            {
              "batter": "TD Chaoana",
              "bowler": "T Tshose",
              "non_striker": "TG Thamae",
              "runs": {
                "batter": 4,
                "extras": 0,
                "total": 4
              }
            },
            {
              "batter": "TD Chaoana",
              "bowler": "T Tshose",
              "non_striker": "TG Thamae",
              "runs": {
                "batter": 0,
                "extras": 0,
                "total": 0
              },
              "wickets": [
                {
                  "player_out": "TG Thamae",
                  "kind": "run out"
                }
              ]
            }
          ]
        }
      ],
      "powerplays": [
        {
          "from": 0.1,
          "to": 5.6,
          "type": "mandatory"
        }
      ]
    },
    {
      "team": "Botswana",
      "overs": [
        {
          "over": 0,
          "deliveries": [
            {
              "batter": "Z Abbasi",
              "bowler": "Sarfaraj Patel",
              "extras": {
                "wides": 1
              },
              "non_striker": "T Phaswana",
              "runs": {
                "batter": 0,
                "extras": 1,
                "total": 1
              }
            },
            {
              "batter": "Z Abbasi",
              "bowler": "Sarfaraj Patel",
              "non_striker": "T Phaswana",
              "runs": {
                "batter": 0,
                "extras": 0,
                "total": 0
              }
            },
            {
              "batter": "Z Abbasi",
              "bowler": "Sarfaraj Patel",
              "non_striker": "T Phaswana",
              "runs": {
                "batter": 1,
                "extras": 0,
                "total": 1
              }
            },
            {
              "batter": "T Phaswana",
              "bowler": "Sarfaraj Patel",
              "non_striker": "Z Abbasi",
              "runs": {
                "batter": 1,
                "extras": 0,
                "total": 1
              }
            },
            {
              "batter": "Z Abbasi",
              "bowler": "Sarfaraj Patel",
              "non_striker": "T Phaswana",
              "runs": {
                "batter": 4,
                "extras": 0,
                "total": 4
              }
            },
            {
              "batter": "Z Abbasi",
              "bowler": "Sarfaraj Patel",
              "non_striker": "T Phaswana",
              "runs": {
                "batter": 1,
                "extras": 0,
                "total": 1
              }
            },
            {
              "batter": "T Phaswana",
              "bowler": "Sarfaraj Patel",
              "non_striker": "Z Abbasi",
              "runs": {
                "batter": 0,
                "extras": 0,
                "total": 0
              }
            }
          ]
        },
        {
          "over": 1,
          "deliveries": [
            {
              "batter": "Z Abbasi",
              "bowler": "TD Chaoana",
              "non_striker": "T Phaswana",
              "runs": {
                "batter": 0,
                "extras": 0,
                "total": 0
              }
            },
            {
              "batter": "Z Abbasi",
              "bowler": "TD Chaoana",
              "non_striker": "T Phaswana",
              "runs": {
                "batter": 0,
                "extras": 0,
                "total": 0
              }
            },
            {
              "batter": "Z Abbasi",
              "bowler": "TD Chaoana",
              "non_striker": "T Phaswana",
              "runs": {
                "batter": 4,
                "extras": 0,
                "total": 4
              }
            },
            {
              "batter": "Z Abbasi",
              "bowler": "TD Chaoana",
              "non_striker": "T Phaswana",
              "runs": {
                "batter": 0,
                "extras": 0,
                "total": 0
              },
              "wickets": [
                {
                  "player_out": "Z Abbasi",
                  "fielders": [
                    {
                      "name": "TG Thamae"
                    }
                  ],
                  "kind": "caught"
                }
              ]
            },
            {
              "batter": "K Motlanka",
              "bowler": "TD Chaoana",
              "non_striker": "T Phaswana",
              "runs": {
                "batter": 1,
                "extras": 0,
                "total": 1
              }
            },
            {
              "batter": "T Phaswana",
              "bowler": "TD Chaoana",
              "non_striker": "K Motlanka",
              "runs": {
                "batter": 4,
                "extras": 0,
                "total": 4
              }
            }
          ]
        },
        {
          "over": 2,
          "deliveries": [
            {
              "batter": "K Motlanka",
              "bowler": "Sarfaraj Patel",
              "extras": {
                "wides": 1
              },
              "non_striker": "T Phaswana",
              "runs": {
                "batter": 0,
                "extras": 1,
                "total": 1
              }
            },
            {
              "batter": "K Motlanka",
              "bowler": "Sarfaraj Patel",
              "non_striker": "T Phaswana",
              "runs": {
                "batter": 0,
                "extras": 0,
                "total": 0
              }
            },
            {
              "batter": "K Motlanka",
              "bowler": "Sarfaraj Patel",
              "non_striker": "T Phaswana",
              "runs": {
                "batter": 0,
                "extras": 0,
                "total": 0
              }
            },
            {
              "batter": "K Motlanka",
              "bowler": "Sarfaraj Patel",
              "non_striker": "T Phaswana",
              "runs": {
                "batter": 0,
                "extras": 0,
                "total": 0
              }
            },
            {
              "batter": "K Motlanka",
              "bowler": "Sarfaraj Patel",
              "non_striker": "T Phaswana",
              "runs": {
                "batter": 4,
                "extras": 0,
                "total": 4
              }
            },
            {
              "batter": "K Motlanka",
              "bowler": "Sarfaraj Patel",
              "non_striker": "T Phaswana",
              "runs": {
                "batter": 4,
                "extras": 0,
                "total": 4
              }
            },
            {
              "batter": "K Motlanka",
              "bowler": "Sarfaraj Patel",
              "non_striker": "T Phaswana",
              "runs": {
                "batter": 0,
                "extras": 0,
                "total": 0
              }
            }
          ]
        },
        {
          "over": 3,
          "deliveries": [
            {
              "batter": "T Phaswana",
              "bowler": "TD Chaoana",
              "non_striker": "K Motlanka",
              "runs": {
                "batter": 4,
                "extras": 0,
                "total": 4
              }
            },
            {
              "batter": "T Phaswana",
              "bowler": "TD Chaoana",
              "non_striker": "K Motlanka",
              "runs": {
                "batter": 0,
                "extras": 0,
                "total": 0
              }
            },
            {
              "batter": "T Phaswana",
              "bowler": "TD Chaoana",
              "non_striker": "K Motlanka",
              "runs": {
                "batter": 4,
                "extras": 0,
                "total": 4
              }
            },
            {
              "batter": "T Phaswana",
              "bowler": "TD Chaoana",
              "non_striker": "K Motlanka",
              "runs": {
                "batter": 0,
                "extras": 0,
                "total": 0
              }
            },
            {
              "batter": "T Phaswana",
              "bowler": "TD Chaoana",
              "non_striker": "K Motlanka",
              "runs": {
                "batter": 1,
                "extras": 0,
                "total": 1
              }
            },
            {
              "batter": "K Motlanka",
              "bowler": "TD Chaoana",
              "non_striker": "T Phaswana",
              "runs": {
                "batter": 0,
                "extras": 0,
                "total": 0
              },
              "wickets": [
                {
                  "player_out": "K Motlanka",
                  "kind": "caught and bowled"
                }
              ]
            }
          ]
        },
        {
          "over": 4,
          "deliveries": [
            {
              "batter": "T Phaswana",
              "bowler": "Sarfaraj Patel",
              "non_striker": "V Balakrishnan",
              "runs": {
                "batter": 4,
                "extras": 0,
                "total": 4
              }
            },
            {
              "batter": "T Phaswana",
              "bowler": "Sarfaraj Patel",
              "non_striker": "V Balakrishnan",
              "runs": {
                "batter": 0,
                "extras": 0,
                "total": 0
              }
            },
            {
              "batter": "T Phaswana",
              "bowler": "Sarfaraj Patel",
              "non_striker": "V Balakrishnan",
              "runs": {
                "batter": 4,
                "extras": 0,
                "total": 4
              }
            },
            {
              "batter": "T Phaswana",
              "bowler": "Sarfaraj Patel",
              "non_striker": "V Balakrishnan",
              "runs": {
                "batter": 0,
                "extras": 0,
                "total": 0
              },
              "wickets": [
                {
                  "player_out": "T Phaswana",
                  "kind": "caught and bowled"
                }
              ]
            },
            {
              "batter": "V Balakrishnan",
              "bowler": "Sarfaraj Patel",
              "non_striker": "I Master",
              "runs": {
                "batter": 0,
                "extras": 0,
                "total": 0
              }
            },
            {
              "batter": "V Balakrishnan",
              "bowler": "Sarfaraj Patel",
              "non_striker": "I Master",
              "runs": {
                "batter": 0,
                "extras": 0,
                "total": 0
              }
            }
          ]
        },
        {
          "over": 5,
          "deliveries": [
            {
              "batter": "I Master",
              "bowler": "TD Chaoana",
              "non_striker": "V Balakrishnan",
              "runs": {
                "batter": 1,
                "extras": 0,
                "total": 1
              }
            },
            {
              "batter": "V Balakrishnan",
              "bowler": "TD Chaoana",
              "non_striker": "I Master",
              "runs": {
                "batter": 2,
                "extras": 0,
                "total": 2
              }
            },
            {
              "batter": "V Balakrishnan",
              "bowler": "TD Chaoana",
              "non_striker": "I Master",
              "runs": {
                "batter": 0,
                "extras": 0,
                "total": 0
              }
            },
            {
              "batter": "V Balakrishnan",
              "bowler": "TD Chaoana",
              "non_striker": "I Master",
              "runs": {
                "batter": 1,
                "extras": 0,
                "total": 1
              }
            },
            {
              "batter": "I Master",
              "bowler": "TD Chaoana",
              "non_striker": "V Balakrishnan",
              "runs": {
                "batter": 1,
                "extras": 0,
                "total": 1
              }
            },
            {
              "batter": "V Balakrishnan",
              "bowler": "TD Chaoana",
              "non_striker": "I Master",
              "runs": {
                "batter": 4,
                "extras": 0,
                "total": 4
              }
            }
          ]
        },
        {
          "over": 6,
          "deliveries": [
            {
              "batter": "I Master",
              "bowler": "Sarfaraj Patel",
              "non_striker": "V Balakrishnan",
              "runs": {
                "batter": 1,
                "extras": 0,
                "total": 1
              }
            },
            {
              "batter": "V Balakrishnan",
              "bowler": "Sarfaraj Patel",
              "non_striker": "I Master",
              "runs": {
                "batter": 0,
                "extras": 0,
                "total": 0
              },
              "wickets": [
                {
                  "player_out": "V Balakrishnan",
                  "fielders": [
                    {
                      "name": "TG Thamae"
                    }
                  ],
                  "kind": "caught"
                }
              ]
            },
            {
              "batter": "W Tajbhay",
              "bowler": "Sarfaraj Patel",
              "non_striker": "I Master",
              "runs": {
                "batter": 0,
                "extras": 0,
                "total": 0
              }
            },
            {
              "batter": "W Tajbhay",
              "bowler": "Sarfaraj Patel",
              "non_striker": "I Master",
              "runs": {
                "batter": 1,
                "extras": 0,
                "total": 1
              }
            },
            {
              "batter": "I Master",
              "bowler": "Sarfaraj Patel",
              "non_striker": "W Tajbhay",
              "runs": {
                "batter": 0,
                "extras": 0,
                "total": 0
              }
            },
            {
              "batter": "I Master",
              "bowler": "Sarfaraj Patel",
              "non_striker": "W Tajbhay",
              "runs": {
                "batter": 0,
                "extras": 0,
                "total": 0
              }
            }
          ]
        },
        {
          "over": 7,
          "deliveries": [
            {
              "batter": "W Tajbhay",
              "bowler": "TD Chaoana",
              "non_striker": "I Master",
              "runs": {
                "batter": 1,
                "extras": 0,
                "total": 1
              }
            },
            {
              "batter": "I Master",
              "bowler": "TD Chaoana",
              "non_striker": "W Tajbhay",
              "runs": {
                "batter": 0,
                "extras": 0,
                "total": 0
              }
            },
            {
              "batter": "I Master",
              "bowler": "TD Chaoana",
              "non_striker": "W Tajbhay",
              "runs": {
                "batter": 4,
                "extras": 0,
                "total": 4
              }
            },
            {
              "batter": "I Master",
              "bowler": "TD Chaoana",
              "non_striker": "W Tajbhay",
              "runs": {
                "batter": 0,
                "extras": 0,
                "total": 0
              }
            },
            {
              "batter": "I Master",
              "bowler": "TD Chaoana",
              "non_striker": "W Tajbhay",
              "runs": {
                "batter": 4,
                "extras": 0,
                "total": 4
              }
            },
            {
              "batter": "I Master",
              "bowler": "TD Chaoana",
              "non_striker": "W Tajbhay",
              "runs": {
                "batter": 1,
                "extras": 0,
                "total": 1
              }
            }
          ]
        },
        {
          "over": 8,
          "deliveries": [
            {
              "batter": "I Master",
              "bowler": "M Leporoporo",
              "non_striker": "W Tajbhay",
              "runs": {
                "batter": 0,
                "extras": 0,
                "total": 0
              }
            },
            {
              "batter": "I Master",
              "bowler": "M Leporoporo",
              "non_striker": "W Tajbhay",
              "runs": {
                "batter": 1,
                "extras": 0,
                "total": 1
              }
            },
            {
              "batter": "W Tajbhay",
              "bowler": "M Leporoporo",
              "non_striker": "I Master",
              "runs": {
                "batter": 1,
                "extras": 0,
                "total": 1
              }
            },
            {
              "batter": "I Master",
              "bowler": "M Leporoporo",
              "non_striker": "W Tajbhay",
              "runs": {
                "batter": 2,
                "extras": 0,
                "total": 2
              }
            },
            {
              "batter": "I Master",
              "bowler": "M Leporoporo",
              "non_striker": "W Tajbhay",
              "runs": {
                "batter": 0,
                "extras": 0,
                "total": 0
              }
            },
            {
              "batter": "I Master",
              "bowler": "M Leporoporo",
              "non_striker": "W Tajbhay",
              "runs": {
                "batter": 2,
                "extras": 0,
                "total": 2
              }
            }
          ]
        },
        {
          "over": 9,
          "deliveries": [
            {
              "batter": "W Tajbhay",
              "bowler": "Riaz Suleman",
              "non_striker": "I Master",
              "runs": {
                "batter": 2,
                "extras": 0,
                "total": 2
              }
            },
            {
              "batter": "W Tajbhay",
              "bowler": "Riaz Suleman",
              "non_striker": "I Master",
              "runs": {
                "batter": 1,
                "extras": 0,
                "total": 1
              }
            },
            {
              "batter": "I Master",
              "bowler": "Riaz Suleman",
              "non_striker": "W Tajbhay",
              "runs": {
                "batter": 1,
                "extras": 0,
                "total": 1
              }
            },
            {
              "batter": "W Tajbhay",
              "bowler": "Riaz Suleman",
              "non_striker": "I Master",
              "runs": {
                "batter": 0,
                "extras": 0,
                "total": 0
              }
            },
            {
              "batter": "W Tajbhay",
              "bowler": "Riaz Suleman",
              "non_striker": "I Master",
              "runs": {
                "batter": 1,
                "extras": 0,
                "total": 1
              }
            },
            {
              "batter": "I Master",
              "bowler": "Riaz Suleman",
              "non_striker": "W Tajbhay",
              "runs": {
                "batter": 1,
                "extras": 0,
                "total": 1
              }
            }
          ]
        },
        {
          "over": 10,
          "deliveries": [
            {
              "batter": "I Master",
              "bowler": "M Leporoporo",
              "non_striker": "W Tajbhay",
              "runs": {
                "batter": 4,
                "extras": 0,
                "total": 4
              }
            },
            {
              "batter": "I Master",
              "bowler": "M Leporoporo",
              "non_striker": "W Tajbhay",
              "runs": {
                "batter": 0,
                "extras": 0,
                "total": 0
              }
            },
            {
              "batter": "I Master",
              "bowler": "M Leporoporo",
              "non_striker": "W Tajbhay",
              "runs": {
                "batter": 0,
                "extras": 0,
                "total": 0
              }
            },
            {
              "batter": "I Master",
              "bowler": "M Leporoporo",
              "non_striker": "W Tajbhay",
              "runs": {
                "batter": 1,
                "extras": 0,
                "total": 1
              }
            },
            {
              "batter": "W Tajbhay",
              "bowler": "M Leporoporo",
              "extras": {
                "wides": 1
              },
              "non_striker": "I Master",
              "runs": {
                "batter": 0,
                "extras": 1,
                "total": 1
              }
            },
            {
              "batter": "W Tajbhay",
              "bowler": "M Leporoporo",
              "non_striker": "I Master",
              "runs": {
                "batter": 1,
                "extras": 0,
                "total": 1
              }
            },
            {
              "batter": "I Master",
              "bowler": "M Leporoporo",
              "extras": {
                "wides": 1
              },
              "non_striker": "W Tajbhay",
              "runs": {
                "batter": 0,
                "extras": 1,
                "total": 1
              }
            },
            {
              "batter": "I Master",
              "bowler": "M Leporoporo",
              "non_striker": "W Tajbhay",
              "runs": {
                "batter": 1,
                "extras": 0,
                "total": 1
              }
            }
          ]
        },
        {
          "over": 11,
          "deliveries": [
            {
              "batter": "I Master",
              "bowler": "Riaz Suleman",
              "non_striker": "W Tajbhay",
              "runs": {
                "batter": 2,
                "extras": 0,
                "total": 2
              }
            },
            {
              "batter": "I Master",
              "bowler": "Riaz Suleman",
              "non_striker": "W Tajbhay",
              "runs": {
                "batter": 1,
                "extras": 0,
                "total": 1
              }
            },
            {
              "batter": "W Tajbhay",
              "bowler": "Riaz Suleman",
              "non_striker": "I Master",
              "runs": {
                "batter": 0,
                "extras": 0,
                "total": 0
              }
            },
            {
              "batter": "W Tajbhay",
              "bowler": "Riaz Suleman",
              "non_striker": "I Master",
              "runs": {
                "batter": 2,
                "extras": 0,
                "total": 2
              }
            },
            {
              "batter": "W Tajbhay",
              "bowler": "Riaz Suleman",
              "extras": {
                "wides": 1
              },
              "non_striker": "I Master",
              "runs": {
                "batter": 0,
                "extras": 1,
                "total": 1
              }
            },
            {
              "batter": "W Tajbhay",
              "bowler": "Riaz Suleman",
              "non_striker": "I Master",
              "runs": {
                "batter": 2,
                "extras": 0,
                "total": 2
              }
            },
            {
              "batter": "W Tajbhay",
              "bowler": "Riaz Suleman",
              "non_striker": "I Master",
              "runs": {
                "batter": 0,
                "extras": 0,
                "total": 0
              }
            }
          ]
        },
        {
          "over": 12,
          "deliveries": [
            {
              "batter": "I Master",
              "bowler": "T Mohapi",
              "non_striker": "W Tajbhay",
              "runs": {
                "batter": 1,
                "extras": 0,
                "total": 1
              }
            },
            {
              "batter": "W Tajbhay",
              "bowler": "T Mohapi",
              "non_striker": "I Master",
              "runs": {
                "batter": 1,
                "extras": 0,
                "total": 1
              }
            },
            {
              "batter": "I Master",
              "bowler": "T Mohapi",
              "non_striker": "W Tajbhay",
              "runs": {
                "batter": 2,
                "extras": 0,
                "total": 2
              }
            },
            {
              "batter": "I Master",
              "bowler": "T Mohapi",
              "non_striker": "W Tajbhay",
              "runs": {
                "batter": 3,
                "extras": 0,
                "total": 3
              }
            }
          ]
        }
      ],
      "powerplays": [
        {
          "from": 0.1,
          "to": 5.6,
          "type": "mandatory"
        }
      ],
      "target": {
        "overs": 20,
        "runs": 100
      }
    }
  ]
}