{
  "meta": {
    "data_version": "1.0.0",
    "created": "2020-04-16",
    "revision": 1
  },
  "info": {
    "balls_per_over": 6,
    "city": "Dasmarinas",
    "dates": [
      "2018-12-07"
    ],
    "event": {
      "name": "ICC World Twenty20 East Asia-Pacific Region Qualifier B",
      "match_number": 11
    },
    "gender": "male",
    "match_type": "IT20",
    "officials": {
      "reserve_umpires": [
        "Suresh Subramanian"
      ],
      "umpires": [
        "NR Johnstone",
        "Hitesh Sharma"
      ]
    },
    "outcome": {
      "winner": "South Korea",
      "by": {
        "wickets": 4
      }
    },
    "overs": 20,
    "player_of_match": [
      "Muhammad Nadeem"
    ],
    "players": {
      "Japan": [
        "M Taniyama",
        "M Thurgate",
        "R Kano",
        "M Kobayashi",
        "T Ota",
        "A Ueda",
        "N Miyaji",
        "J Yamashita",
        "K Wakita",
        "R Matsumura",
        "K Takahashi"
      ],
      "South Korea": [
        "Raja Shoaib",
        "Nishat Sakib",
        "Lim Jeongwook",
        "Jun Hyunwoo",
        "Muhammad Nadeem",
        "Mudassir Iqbal",
        "Kim Yongtae",
        "Altaf Gill",
        "Park Keunyeol",
        "Jiwon Choi",
        "Taekwan Park"
      ]
    },
    "registry": {
      "people": {
        "A Ueda": "5950b933",
        "Altaf Gill": "b9b194d6",
        "Hitesh Sharma": "2085a934",
        "J Yamashita": "6cb6215d",
        "Jiwon Choi": "766e328e",
        "Jun Hyunwoo": "431f2dd4",
        "K Takahashi": "039f8170",
        "K Wakita": "97da4ec9",
        "Kim Yongtae": "64d66205",
        "Lim Jeongwook": "bc9425fc",
        "M Kobayashi": "96084621",
        "M Taniyama": "cbd91942",
        "M Thurgate": "98aaa3f3",
        "Mudassir Iqbal": "63f306ac",
        "Muhammad Nadeem": "f681481e",
        "N Miyaji": "e1055803",
        "NR Johnstone": "ce274b6a",
        "Nishat Sakib": "554f19e4",
        "Park Keunyeol": "d17b73f7",
        "R Kano": "cc00a786",
        "R Matsumura": "cc9b822c",
        "Raja Shoaib": "7b0ea09e",
        "Suresh Subramanian": "4e869e23",
        "T Ota": "011b7b59",
        "Taekwan Park": "9a5668db"
      }
    },
    "season": "2018/19",
    "team_type": "international",
    "teams": [
      "Japan",
      "South Korea"
    ],
    "toss": {
      "decision": "field",
      "winner": "South Korea"
    },
    "venue": "Friendship Oval"
  },
  "innings": [
    {
      "team": "Japan",
      "overs": [
        {
          "over": 0,
          "deliveries": [
            {
              "batter": "M Taniyama",
              "bowler": "Jiwon Choi",
              "non_striker": "M Thurgate",
              "runs": {
                "batter": 4,
                "extras": 0,
                "total": 4
              }
            },
            {
              "batter": "M Taniyama",
              "bowler": "Jiwon Choi",
              "extras": {
                "wides": 1
              },
              "non_striker": "M Thurgate",
              "runs": {
                "batter": 0,
                "extras": 1,
                "total": 1
              }
            },
            {
              "batter": "M Taniyama",
              "bowler": "Jiwon Choi",
              "non_striker": "M Thurgate",
              "runs": {
                "batter": 0,
                "extras": 0,
                "total": 0
              },
              "wickets": [
                {
                  "kind": "run out",
                  "player_out": "M Thurgate"
                }
              ]
            },
            {
              "batter": "R Kano",
              "bowler": "Jiwon Choi",
              "non_striker": "M Taniyama",
              "runs": {
                "batter": 4,
                "extras": 0,
                "total": 4
              }
            },
            {
              "batter": "R Kano",
              "bowler": "Jiwon Choi",
              "non_striker": "M Taniyama",
              "runs": {
                "batter": 0,
                "extras": 0,
                "total": 0
              }
            },
            {
              "batter": "R Kano",
              "bowler": "Jiwon Choi",
              "non_striker": "M Taniyama",
              "runs": {
                "batter": 0,
                "extras": 0,
                "total": 0
              }
            },
            {
              "batter": "R Kano",
              "bowler": "Jiwon Choi",
              "non_striker": "M Taniyama",
              "runs": {
                "batter": 0,
                "extras": 0,
                "total": 0
              }
            }
          ]
        },
        {
          "over": 1,
          "deliveries": [
            {
              "batter": "M Taniyama",
              "bowler": "Mudassir Iqbal",
              "non_striker": "R Kano",
              "runs": {
                "batter": 0,
                "extras": 0,
                "total": 0
              }
            },
            {
              "batter": "M Taniyama",
              "bowler": "Mudassir Iqbal",
              "non_striker": "R Kano",
              "runs": {
                "batter": 0,
                "extras": 0,
                "total": 0
              }
            },
            {
              "batter": "M Taniyama",
              "bowler": "Mudassir Iqbal",
              "non_striker": "R Kano",
              "runs": {
                "batter": 4,
                "extras": 0,
                "total": 4
              }
            },
            {
              "batter": "M Taniyama",
              "bowler": "Mudassir Iqbal",
              "non_striker": "R Kano",
              "runs": {
                "batter": 0,
                "extras": 0,
                "total": 0
              }
            },
            {
              "batter": "M Taniyama",
              "bowler": "Mudassir Iqbal",
              "non_striker": "R Kano",
              "runs": {
                "batter": 0,
                "extras": 0,
                "total": 0
              }
            },
            {
              "batter": "M Taniyama",
              "bowler": "Mudassir Iqbal",
              "non_striker": "R Kano",
              "runs": {
                "batter": 1,
                "extras": 0,
                "total": 1
              }
            }
          ]
        },
        {
          "over": 2,
          "deliveries": [
            {
              "batter": "M Taniyama",
              "bowler": "Jiwon Choi",
              "non_striker": "R Kano",
              "runs": {
                "batter": 0,
                "extras": 0,
                "total": 0
              }
            },
            {
              "batter": "M Taniyama",
              "bowler": "Jiwon Choi",
              "extras": {
                "legbyes": 1
              },
              "non_striker": "R Kano",
              "runs": {
                "batter": 0,
                "extras": 1,
                "total": 1
              }
            },
            {
              "batter": "R Kano",
              "bowler": "Jiwon Choi",
              "non_striker": "M Taniyama",
              "runs": {
                "batter": 2,
                "extras": 0,
                "total": 2
              }
            },
            {
              "batter": "R Kano",
              "bowler": "Jiwon Choi",
              "extras": {
                "wides": 1
              },
              "non_striker": "M Taniyama",
              "runs": {
                "batter": 0,
                "extras": 1,
                "total": 1
              }
            },
            {
              "batter": "R Kano",
              "bowler": "Jiwon Choi",
              "extras": {
                "wides": 1
              },
              "non_striker": "M Taniyama",
              "runs": {
                "batter": 0,
                "extras": 1,
                "total": 1
              }
            },
            {
              "batter": "R Kano",
              "bowler": "Jiwon Choi",
              "non_striker": "M Taniyama",
              "runs": {
                "batter": 1,
                "extras": 0,
                "total": 1
              }
            },
            {
              "batter": "M Taniyama",
              "bowler": "Jiwon Choi",
              "non_striker": "R Kano",
              "runs": {
                "batter": 1,
                "extras": 0,
                "total": 1
              }
            },
            {
              "batter": "R Kano",
              "bowler": "Jiwon Choi",
              "non_striker": "M Taniyama",
              "runs": {
                "batter": 1,
                "extras": 0,
                "total": 1
              }
            }
          ]
        },
        {
          "over": 3,
          "deliveries": [
            {
              "batter": "R Kano",
              "bowler": "Muhammad Nadeem",
              "non_striker": "M Taniyama",
              "runs": {
                "batter": 1,
                "extras": 0,
                "total": 1
              }
            },
            {
              "batter": "M Taniyama",
              "bowler": "Muhammad Nadeem",
              "non_striker": "R Kano",
              "runs": {
                "batter": 1,
                "extras": 0,
                "total": 1
              }
            },
            {
              "batter": "R Kano",
              "bowler": "Muhammad Nadeem",
              "non_striker": "M Taniyama",
              "runs": {
                "batter": 0,
                "extras": 0,
                "total": 0
              }
            },
            {
              "batter": "R Kano",
              "bowler": "Muhammad Nadeem",
              "non_striker": "M Taniyama",
              "runs": {
                "batter": 0,
                "extras": 0,
                "total": 0
              }
            },
            {
              "batter": "R Kano",
              "bowler": "Muhammad Nadeem",
              "non_striker": "M Taniyama",
              "runs": {
                "batter": 0,
                "extras": 0,
                "total": 0
              }
            },
            {
              "batter": "R Kano",
              "bowler": "Muhammad Nadeem",
              "non_striker": "M Taniyama",
              "runs": {
                "batter": 0,
                "extras": 0,
                "total": 0
              }
            }
          ]
        },
        {
          "over": 4,
          "deliveries": [
            {
              "batter": "M Taniyama",
              "bowler": "Mudassir Iqbal",
              "non_striker": "R Kano",
              "runs": {
                "batter": 0,
                "extras": 0,
                "total": 0
              }
            },
            {
              "batter": "M Taniyama",
              "bowler": "Mudassir Iqbal",
              "non_striker": "R Kano",
              "runs": {
                "batter": 1,
                "extras": 0,
                "total": 1
              }
            },
            {
              "batter": "R Kano",
              "bowler": "Mudassir Iqbal",
              "non_striker": "M Taniyama",
              "runs": {
                "batter": 0,
                "extras": 0,
                "total": 0
              }
            },
            {
              "batter": "R Kano",
              "bowler": "Mudassir Iqbal",
              "non_striker": "M Taniyama",
              "runs": {
                "batter": 1,
                "extras": 0,
                "total": 1
              }
            },
            {
              "batter": "M Taniyama",
              "bowler": "Mudassir Iqbal",
              "non_striker": "R Kano",
              "runs": {
                "batter": 1,
                "extras": 0,
                "total": 1
              }
            },
            {
              "batter": "R Kano",
              "bowler": "Mudassir Iqbal",
              "non_striker": "M Taniyama",
              "runs": {
                "batter": 0,
                "extras": 0,
                "total": 0
              }
            }
          ]
        },
        {
          "over": 5,
          "deliveries": [
            {
              "batter": "M Taniyama",
              "bowler": "Muhammad Nadeem",
              "non_striker": "R Kano",
              "runs": {
                "batter": 1,
                "extras": 0,
                "total": 1
              }
            },
            {
              "batter": "R Kano",
              "bowler": "Muhammad Nadeem",
              "non_striker": "M Taniyama",
              "runs": {
                "batter": 1,
                "extras": 0,
                "total": 1
              }
            },
            {
              "batter": "M Taniyama",
              "bowler": "Muhammad Nadeem",
              "non_striker": "R Kano",
              "runs": {
                "batter": 1,
                "extras": 0,
                "total": 1
              }
            },
            {
              "batter": "R Kano",
              "bowler": "Muhammad Nadeem",
              "non_striker": "M Taniyama",
              "runs": {
                "batter": 0,
                "extras": 0,
                "total": 0
              }
            },
            {
              "batter": "R Kano",
              "bowler": "Muhammad Nadeem",
              "non_striker": "M Taniyama",
              "runs": {
                "batter": 1,
                "extras": 0,
                "total": 1
              }
            },
            {
              "batter": "M Taniyama",
              "bowler": "Muhammad Nadeem",
              "non_striker": "R Kano",
              "runs": {
                "batter": 0,
                "extras": 0,
                "total": 0
              }
            }
          ]
        },
        {
          "over": 6,
          "deliveries": [
            {
              "batter": "R Kano",
              "bowler": "Mudassir Iqbal",
              "non_striker": "M Taniyama",
              "runs": {
                "batter": 0,
                "extras": 0,
                "total": 0
              }
            },
            {
              "batter": "R Kano",
              "bowler": "Mudassir Iqbal",
              "non_striker": "M Taniyama",
              "runs": {
                "batter": 0,
                "extras": 0,
                "total": 0
              }
            },
            {
              "batter": "R Kano",
              "bowler": "Mudassir Iqbal",
              "non_striker": "M Taniyama",
              "runs": {
                "batter": 1,
                "extras": 0,
                "total": 1
              }
            },
            {
              "batter": "M Taniyama",
              "bowler": "Mudassir Iqbal",
              "non_striker": "R Kano",
              "runs": {
                "batter": 1,
                "extras": 0,
                "total": 1
              }
            },
            {
              "batter": "R Kano",
              "bowler": "Mudassir Iqbal",
              "non_striker": "M Taniyama",
              "runs": {
                "batter": 0,
                "extras": 0,
                "total": 0
              }
            },
            {
              "batter": "R Kano",
              "bowler": "Mudassir Iqbal",
              "non_striker": "M Taniyama",
              "runs": {
                "batter": 1,
                "extras": 0,
                "total": 1
              }
            }
          ]
        },
        {
          "over": 7,
          "deliveries": [
            {
              "batter": "R Kano",
              "bowler": "Taekwan Park",
              "non_striker": "M Taniyama",
              "runs": {
                "batter": 1,
                "extras": 0,
                "total": 1
              }
            },
            {
              "batter": "M Taniyama",
              "bowler": "Taekwan Park",
              "non_striker": "R Kano",
              "runs": {
                "batter": 1,
                "extras": 0,
                "total": 1
              }
            },
            {
              "batter": "R Kano",
              "bowler": "Taekwan Park",
              "non_striker": "M Taniyama",
              "runs": {
                "batter": 4,
                "extras": 0,
                "total": 4
              }
            },
            {
              "batter": "R Kano",
              "bowler": "Taekwan Park",
              "non_striker": "M Taniyama",
              "runs": {
                "batter": 1,
                "extras": 0,
                "total": 1
              }
            },
            {
              "batter": "M Taniyama",
              "bowler": "Taekwan Park",
              "non_striker": "R Kano",
              "runs": {
                "batter": 2,
                "extras": 0,
                "total": 2
              }
            },
            {
              "batter": "M Taniyama",
              "bowler": "Taekwan Park",
              "extras": {
                "wides": 1
              },
              "non_striker": "R Kano",
              "runs": {
                "batter": 0,
                "extras": 1,
                "total": 1
              }
            },
            {
              "batter": "M Taniyama",
              "bowler": "Taekwan Park",
              "non_striker": "R Kano",
              "runs": {
                "batter": 1,
                "extras": 0,
                "total": 1
              }
            }
          ]
        },
        {
          "over": 8,
          "deliveries": [
            {
              "batter": "M Taniyama",
              "bowler": "Park Keunyeol",
              "non_striker": "R Kano",
              "runs": {
                "batter": 0,
                "extras": 0,
                "total": 0
              },
              "wickets": [
                {
                  "kind": "caught",
                  "player_out": "M Taniyama",
                  "fielders": [
                    {
                      "name": "Raja Shoaib"
                    }
                  ]
                }
              ]
            },
            {
              "batter": "R Kano",
              "bowler": "Park Keunyeol",
              "non_striker": "M Kobayashi",
              "runs": {
                "batter": 1,
                "extras": 0,
                "total": 1
              }
            },
            {
              "batter": "M Kobayashi",
              "bowler": "Park Keunyeol",
              "non_striker": "R Kano",
              "runs": {
                "batter": 1,
                "extras": 0,
                "total": 1
              }
            },
            {
              "batter": "R Kano",
              "bowler": "Park Keunyeol",
              "non_striker": "M Kobayashi",
              "runs": {
                "batter": 0,
                "extras": 0,
                "total": 0
              }
            },
            {
              "batter": "R Kano",
              "bowler": "Park Keunyeol",
              "non_striker": "M Kobayashi",
              "runs": {
                "batter": 0,
                "extras": 0,
                "total": 0
              }
            },
            {
              "batter": "R Kano",
              "bowler": "Park Keunyeol",
              "non_striker": "M Kobayashi",
              "runs": {
                "batter": 1,
                "extras": 0,
                "total": 1
              }
            }
          ]
        },
        {
          "over": 9,
          "deliveries": [
            {
              "batter": "R Kano",
              "bowler": "Taekwan Park",
              "non_striker": "M Kobayashi",
              "runs": {
                "batter": 0,
                "extras": 0,
                "total": 0
              }
            },
            {
              "batter": "R Kano",
              "bowler": "Taekwan Park",
              "non_striker": "M Kobayashi",
              "runs": {
                "batter": 4,
                "extras": 0,
                "total": 4
              }
            },
            {
              "batter": "R Kano",
              "bowler": "Taekwan Park",
              "non_striker": "M Kobayashi",
              "runs": {
                "batter": 1,
                "extras": 0,
                "total": 1
              }
            },
            {
              "batter": "M Kobayashi",
              "bowler": "Taekwan Park",
              "non_striker": "R Kano",
              "runs": {
                "batter": 0,
                "extras": 0,
                "total": 0
              }
            },
            {
              "batter": "M Kobayashi",
              "bowler": "Taekwan Park",
              "non_striker": "R Kano",
              "runs": {
                "batter": 1,
                "extras": 0,
                "total": 1
              }
            },
            {
              "batter": "R Kano",
              "bowler": "Taekwan Park",
              "non_striker": "M Kobayashi",
              "runs": {
                "batter": 4,
                "extras": 0,
                "total": 4
              }
            }
          ]
        },
        {
          "over": 10,
          "deliveries": [
            {
              "batter": "M Kobayashi",
              "bowler": "Park Keunyeol",
              "non_striker": "R Kano",
              "runs": {
                "batter": 1,
                "extras": 0,
                "total": 1
              }
            },
            {
              "batter": "R Kano",
              "bowler": "Park Keunyeol",
              "non_striker": "M Kobayashi",
              "runs": {
                "batter": 1,
                "extras": 0,
                "total": 1
              }
            },
            {
              "batter": "M Kobayashi",
              "bowler": "Park Keunyeol",
              "non_striker": "R Kano",
              "runs": {
                "batter": 1,
                "extras": 0,
                "total": 1
              }
            },
            {
              "batter": "R Kano",
              "bowler": "Park Keunyeol",
              "non_striker": "M Kobayashi",
              "runs": {
                "batter": 0,
                "extras": 0,
                "total": 0
              }
            },
            {
              "batter": "R Kano",
              "bowler": "Park Keunyeol",
              "non_striker": "M Kobayashi",
              "runs": {
                "batter": 1,
                "extras": 0,
                "total": 1
              }
            },
            {
              "batter": "M Kobayashi",
              "bowler": "Park Keunyeol",
              "non_striker": "R Kano",
              "runs": {
                "batter": 1,
                "extras": 0,
                "total": 1
              }
            }
          ]
        },
        {
          "over": 11,
          "deliveries": [
            {
              "batter": "M Kobayashi",
              "bowler": "Taekwan Park",
              "extras": {
                "noballs": 1
              },
              "non_striker": "R Kano",
              "runs": {
                "batter": 0,
                "extras": 1,
                "total": 1
              }
            },
            {
              "batter": "M Kobayashi",
              "bowler": "Taekwan Park",
              "non_striker": "R Kano",
              "runs": {
                "batter": 4,
                "extras": 0,
                "total": 4
              }
            },
            {
              "batter": "M Kobayashi",
              "bowler": "Taekwan Park",
              "extras": {
                "wides": 2
              },
              "non_striker": "R Kano",
              "runs": {
                "batter": 0,
                "extras": 2,
                "total": 2
              }
            },
            {
              "batter": "R Kano",
              "bowler": "Taekwan Park",
              "non_striker": "M Kobayashi",
              "runs": {
                "batter": 0,
                "extras": 0,
                "total": 0
              }
            },
            {
              "batter": "R Kano",
              "bowler": "Taekwan Park",
              "extras": {
                "wides": 1
              },
              "non_striker": "M Kobayashi",
              "runs": {
                "batter": 0,
                "extras": 1,
                "total": 1
              }
            },
            {
              "batter": "R Kano",
              "bowler": "Taekwan Park",
              "non_striker": "M Kobayashi",
              "runs": {
                "batter": 1,
                "extras": 0,
                "total": 1
              }
            },
            {
              "batter": "M Kobayashi",
              "bowler": "Taekwan Park",
              "non_striker": "R Kano",
              "runs": {
                "batter": 0,
                "extras": 0,
                "total": 0
              }
            },
            {
              "batter": "M Kobayashi",
              "bowler": "Taekwan Park",
              "non_striker": "R Kano",
              "runs": {
                "batter": 0,
                "extras": 0,
                "total": 0
              },
              "wickets": [
                {
                  "kind": "caught",
                  "player_out": "M Kobayashi",
                  "fielders": [
                    {
                      "name": "Altaf Gill"
                    }
                  ]
                }
              ]
            },
            {
              "batter": "R Kano",
              "bowler": "Taekwan Park",
              "non_striker": "T Ota",
              "runs": {
                "batter": 1,
                "extras": 0,
                "total": 1
              }
            }
          ]
        },
        {
          "over": 12,
          "deliveries": [
            {
              "batter": "R Kano",
              "bowler": "Park Keunyeol",
              "non_striker": "T Ota",
              "runs": {
                "batter": 1,
                "extras": 0,
                "total": 1
              }
            },
            {
              "batter": "T Ota",
              "bowler": "Park Keunyeol",
              "non_striker": "R Kano",
              "runs": {
                "batter": 4,
                "extras": 0,
                "total": 4
              }
            },
            {
              "batter": "T Ota",
              "bowler": "Park Keunyeol",
              "non_striker": "R Kano",
              "runs": {
                "batter": 0,
                "extras": 0,
                "total": 0
              }
            },
            {
              "batter": "T Ota",
              "bowler": "Park Keunyeol",
              "non_striker": "R Kano",
              "runs": {
                "batter": 6,
                "extras": 0,
                "total": 6
              }
            },
            {
              "batter": "T Ota",
              "bowler": "Park Keunyeol",
              "non_striker": "R Kano",
              "runs": {
                "batter": 0,
                "extras": 0,
                "total": 0
              }
            },
            {
              "batter": "T Ota",
              "bowler": "Park Keunyeol",
              "non_striker": "R Kano",
              "runs": {
                "batter": 0,
                "extras": 0,
                "total": 0
              },
              "wickets": [
                {
                  "kind": "caught",
                  "player_out": "T Ota",
                  "fielders": [
                    {
                      "name": "Jiwon Choi"
                    }
                  ]
                }
              ]
            }
          ]
        },
        {
          "over": 13,
          "deliveries": [
            {
              "batter": "A Ueda",
              "bowler": "Lim Jeongwook",
              "non_striker": "R Kano",
              "runs": {
                "batter": 1,
                "extras": 0,
                "total": 1
              }
            },
            {
              "batter": "R Kano",
              "bowler": "Lim Jeongwook",
              "non_striker": "A Ueda",
              "runs": {
                "batter": 4,
                "extras": 0,
                "total": 4
              }
            },
            {
              "batter": "R Kano",
              "bowler": "Lim Jeongwook",
              "extras": {
                "wides": 1
              },
              "non_striker": "A Ueda",
              "runs": {
                "batter": 0,
                "extras": 1,
                "total": 1
              }
            },
            {
              "batter": "R Kano",
              "bowler": "Lim Jeongwook",
              "extras": {
                "wides": 1
              },
              "non_striker": "A Ueda",
              "runs": {
                "batter": 0,
                "extras": 1,
                "total": 1
              }
            },
            {
              "batter": "R Kano",
              "bowler": "Lim Jeongwook",
              "non_striker": "A Ueda",
              "runs": {
                "batter": 1,
                "extras": 0,
                "total": 1
              }
            },
            {
              "batter": "A Ueda",
              "bowler": "Lim Jeongwook",
              "non_striker": "R Kano",
              "runs": {
                "batter": 1,
                "extras": 0,
                "total": 1
              }
            },
            {
              "batter": "R Kano",
              "bowler": "Lim Jeongwook",
              "non_striker": "A Ueda",
              "runs": {
                "batter": 1,
                "extras": 0,
                "total": 1
              }
            },
            {
              "batter": "A Ueda",
              "bowler": "Lim Jeongwook",
              "non_striker": "R Kano",
              "runs": {
                "batter": 0,
                "extras": 0,
                "total": 0
              }
            }
          ]
        },
        {
          "over": 14,
          "deliveries": [
            {
              "batter": "R Kano",
              "bowler": "Muhammad Nadeem",
              "non_striker": "A Ueda",
              "runs": {
                "batter": 0,
                "extras": 0,
                "total": 0
              }
            },
            {
              "batter": "R Kano",
              "bowler": "Muhammad Nadeem",
              "non_striker": "A Ueda",
              "runs": {
                "batter": 1,
                "extras": 0,
                "total": 1
              }
            },
            {
              "batter": "A Ueda",
              "bowler": "Muhammad Nadeem",
              "non_striker": "R Kano",
              "runs": {
                "batter": 0,
                "extras": 0,
                "total": 0
              },
              "wickets": [
                {
                  "kind": "caught",
                  "player_out": "A Ueda",
                  "fielders": [
                    {
                      "name": "Jun Hyunwoo"
                    }
                  ]
                }
              ]
            },
            {
              "batter": "R Kano",
              "bowler": "Muhammad Nadeem",
              "non_striker": "N Miyaji",
              "runs": {
                "batter": 0,
                "extras": 0,
                "total": 0
              }
            },
            {
              "batter": "R Kano",
              "bowler": "Muhammad Nadeem",
              "non_striker": "N Miyaji",
              "runs": {
                "batter": 1,
                "extras": 0,
                "total": 1
              }
            },
            {
              "batter": "N Miyaji",
              "bowler": "Muhammad Nadeem",
              "non_striker": "R Kano",
              "runs": {
                "batter": 1,
                "extras": 0,
                "total": 1
              }
            }
          ]
        },
        {
          "over": 15,
          "deliveries": [
            {
              "batter": "N Miyaji",
              "bowler": "Mudassir Iqbal",
              "non_striker": "R Kano",
              "runs": {
                "batter": 0,
                "extras": 0,
                "total": 0
              }
            },
            {
              "batter": "N Miyaji",
              "bowler": "Mudassir Iqbal",
              "non_striker": "R Kano",
              "runs": {
                "batter": 1,
                "extras": 0,
                "total": 1
              }
            },
            {
              "batter": "R Kano",
              "bowler": "Mudassir Iqbal",
              "extras": {
                "wides": 1
              },
              "non_striker": "N Miyaji",
              "runs": {
                "batter": 0,
                "extras": 1,
                "total": 1
              }
            },
            {
              "batter": "R Kano",
              "bowler": "Mudassir Iqbal",
              "non_striker": "N Miyaji",
              "runs": {
                "batter": 0,
                "extras": 0,
                "total": 0
              }
            },
            {
              "batter": "R Kano",
              "bowler": "Mudassir Iqbal",
              "non_striker": "N Miyaji",
              "runs": {
                "batter": 1,
                "extras": 0,
                "total": 1
              }
            },
            {
              "batter": "N Miyaji",
              "bowler": "Mudassir Iqbal",
              "extras": {
                "legbyes": 1
              },
              "non_striker": "R Kano",
              "runs": {
                "batter": 0,
                "extras": 1,
                "total": 1
              }
            },
            {
              "batter": "R Kano",
              "bowler": "Mudassir Iqbal",
              "non_striker": "N Miyaji",
              "runs": {
                "batter": 0,
                "extras": 0,
                "total": 0
              }
            }
          ]
        },
        {
          "over": 16,
          "deliveries": [
            {
              "batter": "N Miyaji",
              "bowler": "Muhammad Nadeem",
              "non_striker": "R Kano",
              "runs": {
                "batter": 1,
                "extras": 0,
                "total": 1
              }
            },
            {
              "batter": "R Kano",
              "bowler": "Muhammad Nadeem",
              "extras": {
                "wides": 1
              },
              "non_striker": "N Miyaji",
              "runs": {
                "batter": 0,
                "extras": 1,
                "total": 1
              }
            },
            {
              "batter": "R Kano",
              "bowler": "Muhammad Nadeem",
              "non_striker": "N Miyaji",
              "runs": {
                "batter": 1,
                "extras": 0,
                "total": 1
              }
            },
            {
              "batter": "N Miyaji",
              "bowler": "Muhammad Nadeem",
              "non_striker": "R Kano",
              "runs": {
                "batter": 4,
                "extras": 0,
                "total": 4
              }
            },
            {
              "batter": "N Miyaji",
              "bowler": "Muhammad Nadeem",
              "non_striker": "R Kano",
              "runs": {
                "batter": 0,
                "extras": 0,
                "total": 0
              }
            },
            {
              "batter": "N Miyaji",
              "bowler": "Muhammad Nadeem",
              "non_striker": "R Kano",
              "runs": {
                "batter": 1,
                "extras": 0,
                "total": 1
              }
            },
            {
              "batter": "R Kano",
              "bowler": "Muhammad Nadeem",
              "non_striker": "N Miyaji",
              "runs": {
                "batter": 1,
                "extras": 0,
                "total": 1
              }
            }
          ]
        },
        {
          "over": 17,
          "deliveries": [
            {
              "batter": "R Kano",
              "bowler": "Jiwon Choi",
              "non_striker": "N Miyaji",
              "runs": {
                "batter": 1,
                "extras": 0,
                "total": 1
              }
            },
            {
              "batter": "N Miyaji",
              "bowler": "Jiwon Choi",
              "non_striker": "R Kano",
              "runs": {
                "batter": 0,
                "extras": 0,
                "total": 0
              }
            },
            {
              "batter": "N Miyaji",
              "bowler": "Jiwon Choi",
              "non_striker": "R Kano",
              "runs": {
                "batter": 1,
                "extras": 0,
                "total": 1
              },
              "wickets": [
                {
                  "kind": "run out",
                  "player_out": "R Kano"
                }
              ]
            },
            {
              "batter": "J Yamashita",
              "bowler": "Jiwon Choi",
              "non_striker": "N Miyaji",
              "runs": {
                "batter": 0,
                "extras": 0,
                "total": 0
              }
            },
            {
              "batter": "J Yamashita",
              "bowler": "Jiwon Choi",
              "non_striker": "N Miyaji",
              "runs": {
                "batter": 2,
                "extras": 0,
                "total": 2
              }
            },
            {
              "batter": "J Yamashita",
              "bowler": "Jiwon Choi",
              "non_striker": "N Miyaji",
              "runs": {
                "batter": 1,
                "extras": 0,
                "total": 1
              }
            }
          ]
        },
        {
          "over": 18,
          "deliveries": [
            {
              "batter": "J Yamashita",
              "bowler": "Park Keunyeol",
              "non_striker": "N Miyaji",
              "runs": {
                "batter": 1,
                "extras": 0,
                "total": 1
              }
            },
            {
              "batter": "N Miyaji",
              "bowler": "Park Keunyeol",
              "non_striker": "J Yamashita",
              "runs": {
                "batter": 1,
                "extras": 0,
                "total": 1
              }
            },
            {
              "batter": "J Yamashita",
              "bowler": "Park Keunyeol",
              "non_striker": "N Miyaji",
              "runs": {
                "batter": 0,
                "extras": 0,
                "total": 0
              }
            },
            {
              "batter": "J Yamashita",
              "bowler": "Park Keunyeol",
              "non_striker": "N Miyaji",
              "runs": {
                "batter": 1,
                "extras": 0,
                "total": 1
              }
            },
            {
              "batter": "N Miyaji",
              "bowler": "Park Keunyeol",
              "non_striker": "J Yamashita",
              "runs": {
                "batter": 0,
                "extras": 0,
                "total": 0
              },
              "wickets": [
                {
                  "kind": "caught",
                  "player_out": "N Miyaji",
                  "fielders": [
                    {
                      "name": "Muhammad Nadeem"
                    }
                  ]
                }
              ]
            },
            {
              "batter": "K Wakita",
              "bowler": "Park Keunyeol",
              "non_striker": "J Yamashita",
              "runs": {
                "batter": 2,
                "extras": 0,
                "total": 2
              }
            }
          ]
        },
        {
          "over": 19,
          "deliveries": [
            {
              "batter": "J Yamashita",
              "bowler": "Jiwon Choi",
              "non_striker": "K Wakita",
              "runs": {
                "batter": 2,
                "extras": 0,
                "total": 2
              }
            },
            {
              "batter": "J Yamashita",
              "bowler": "Jiwon Choi",
              "non_striker": "K Wakita",
              "runs": {
                "batter": 1,
                "extras": 0,
                "total": 1
              }
            },
            {
              "batter": "K Wakita",
              "bowler": "Jiwon Choi",
              "non_striker": "J Yamashita",
              "runs": {
                "batter": 1,
                "extras": 0,
                "total": 1
              }
            },
            {
              "batter": "J Yamashita",
              "bowler": "Jiwon Choi",
              "extras": {
                "byes": 1
              },
              "non_striker": "K Wakita",
              "runs": {
                "batter": 0,
                "extras": 1,
                "total": 1
              }
            },
            {
              "batter": "K Wakita",
              "bowler": "Jiwon Choi",
              "non_striker": "J Yamashita",
              "runs": {
                "batter": 2,
                "extras": 0,
                "total": 2
              }
            },
            {
              "batter": "K Wakita",
              "bowler": "Jiwon Choi",
              "non_striker": "J Yamashita",
              "runs": {
                "batter": 0,
                "extras": 0,
                "total": 0
              },
              "wickets": [
                {
                  "kind": "run out",
                  "player_out": "K Wakita"
                }
              ]
            }
          ]
        }
      ],
      "powerplays": [
        {
          "from": 0.1,
          "to": 5.6,
          "type": "mandatory"
        }
      ]
    },
    {
      "team": "South Korea",
      "overs": [
        {
          "over": 0,
          "deliveries": [
            {
              "batter": "Raja Shoaib",
              "bowler": "J Yamashita",
              "non_striker": "Nishat Sakib",
              "runs": {
                "batter": 0,
                "extras": 0,
                "total": 0
              }
            },
            {
              "batter": "Raja Shoaib",
              "bowler": "J Yamashita",
              "non_striker": "Nishat Sakib",
              "runs": {
                "batter": 0,
                "extras": 0,
                "total": 0
              }
            },
            {
              "batter": "Raja Shoaib",
              "bowler": "J Yamashita",
              "non_striker": "Nishat Sakib",
              "runs": {
                "batter": 0,
                "extras": 0,
                "total": 0
              }
            },
            {
              "batter": "Raja Shoaib",
              "bowler": "J Yamashita",
              "non_striker": "Nishat Sakib",
              "runs": {
                "batter": 0,
                "extras": 0,
                "total": 0
              },
              "wickets": [
                {
                  "kind": "run out",
                  "player_out": "Nishat Sakib"
                }
              ]
            },
            {
              "batter": "Lim Jeongwook",
              "bowler": "J Yamashita",
              "non_striker": "Raja Shoaib",
              "runs": {
                "batter": 0,
                "extras": 0,
                "total": 0
              }
            },
            {
              "batter": "Lim Jeongwook",
              "bowler": "J Yamashita",
              "non_striker": "Raja Shoaib",
              "runs": {
                "batter": 1,
                "extras": 0,
                "total": 1
              }
            }
          ]
        },
        {
          "over": 1,
          "deliveries": [
            {
              "batter": "Lim Jeongwook",
              "bowler": "R Matsumura",
              "non_striker": "Raja Shoaib",
              "runs": {
                "batter": 0,
                "extras": 0,
                "total": 0
              }
            },
            {
              "batter": "Lim Jeongwook",
              "bowler": "R Matsumura",
              "non_striker": "Raja Shoaib",
              "runs": {
                "batter": 0,
                "extras": 0,
                "total": 0
              }
            },
            {
              "batter": "Lim Jeongwook",
              "bowler": "R Matsumura",
              "non_striker": "Raja Shoaib",
              "runs": {
                "batter": 0,
                "extras": 0,
                "total": 0
              }
            },
            {
              "batter": "Lim Jeongwook",
              "bowler": "R Matsumura",
              "non_striker": "Raja Shoaib",
              "runs": {
                "batter": 0,
                "extras": 0,
                "total": 0
              }
            },
            {
              "batter": "Lim Jeongwook",
              "bowler": "R Matsumura",
              "non_striker": "Raja Shoaib",
              "runs": {
                "batter": 0,
                "extras": 0,
                "total": 0
              }
            },
            {
              "batter": "Lim Jeongwook",
              "bowler": "R Matsumura",
              "non_striker": "Raja Shoaib",
              "runs": {
                "batter": 0,
                "extras": 0,
                "total": 0
              }
            }
          ]
        },
        {
          "over": 2,
          "deliveries": [
            {
              "batter": "Raja Shoaib",
              "bowler": "J Yamashita",
              "non_striker": "Lim Jeongwook",
              "runs": {
                "batter": 0,
                "extras": 0,
                "total": 0
              }
            },
            {
              "batter": "Raja Shoaib",
              "bowler": "J Yamashita",
              "extras": {
                "legbyes": 1
              },
              "non_striker": "Lim Jeongwook",
              "runs": {
                "batter": 0,
                "extras": 1,
                "total": 1
              }
            },
            {
              "batter": "Lim Jeongwook",
              "bowler": "J Yamashita",
              "non_striker": "Raja Shoaib",
              "runs": {
                "batter": 0,
                "extras": 0,
                "total": 0
              }
            },
            {
              "batter": "Lim Jeongwook",
              "bowler": "J Yamashita",
              "non_striker": "Raja Shoaib",
              "runs": {
                "batter": 0,
                "extras": 0,
                "total": 0
              }
            },
            {
              "batter": "Lim Jeongwook",
              "bowler": "J Yamashita",
              "non_striker": "Raja Shoaib",
              "runs": {
                "batter": 0,
                "extras": 0,
                "total": 0
              }
            },
            {
              "batter": "Lim Jeongwook",
              "bowler": "J Yamashita",
              "non_striker": "Raja Shoaib",
              "runs": {
                "batter": 0,
                "extras": 0,
                "total": 0
              }
            }
          ]
        },
        {
          "over": 3,
          "deliveries": [
            {
              "batter": "Raja Shoaib",
              "bowler": "R Matsumura",
              "non_striker": "Lim Jeongwook",
              "runs": {
                "batter": 0,
                "extras": 0,
                "total": 0
              }
            },
            {
              "batter": "Raja Shoaib",
              "bowler": "R Matsumura",
              "non_striker": "Lim Jeongwook",
              "runs": {
                "batter": 0,
                "extras": 0,
                "total": 0
              }
            },
            {
              "batter": "Raja Shoaib",
              "bowler": "R Matsumura",
              "non_striker": "Lim Jeongwook",
              "runs": {
                "batter": 1,
                "extras": 0,
                "total": 1
              }
            },
            {
              "batter": "Lim Jeongwook",
              "bowler": "R Matsumura",
              "non_striker": "Raja Shoaib",
              "runs": {
                "batter": 0,
                "extras": 0,
                "total": 0
              },
              "wickets": [
                {
                  "kind": "caught",
                  "player_out": "Lim Jeongwook",
                  "fielders": [
                    {
                      "name": "M Thurgate"
                    }
                  ]
                }
              ]
            },
            {
              "batter": "Jun Hyunwoo",
              "bowler": "R Matsumura",
              "non_striker": "Raja Shoaib",
              "runs": {
                "batter": 0,
                "extras": 0,
                "total": 0
              }
            },
            {
              "batter": "Jun Hyunwoo",
              "bowler": "R Matsumura",
              "non_striker": "Raja Shoaib",
              "runs": {
                "batter": 0,
                "extras": 0,
                "total": 0
              },
              "wickets": [
                {
                  "kind": "caught",
                  "player_out": "Jun Hyunwoo",
                  "fielders": [
                    {
                      "name": "A Ueda"
                    }
                  ]
                }
              ]
            }
          ]
        },
        {
          "over": 4,
          "deliveries": [
            {
              "batter": "Muhammad Nadeem",
              "bowler": "K Takahashi",
              "extras": {
                "wides": 1
              },
              "non_striker": "Raja Shoaib",
              "runs": {
                "batter": 0,
                "extras": 1,
                "total": 1
              }
            },
            {
              "batter": "Muhammad Nadeem",
              "bowler": "K Takahashi",
              "non_striker": "Raja Shoaib",
              "runs": {
                "batter": 2,
                "extras": 0,
                "total": 2
              }
            },
            {
              "batter": "Muhammad Nadeem",
              "bowler": "K Takahashi",
              "non_striker": "Raja Shoaib",
              "runs": {
                "batter": 1,
                "extras": 0,
                "total": 1
              }
            },
            {
              "batter": "Raja Shoaib",
              "bowler": "K Takahashi",
              "non_striker": "Muhammad Nadeem",
              "runs": {
                "batter": 4,
                "extras": 0,
                "total": 4
              }
            },
            {
              "batter": "Raja Shoaib",
              "bowler": "K Takahashi",
              "non_striker": "Muhammad Nadeem",
              "runs": {
                "batter": 2,
                "extras": 0,
                "total": 2
              }
            },
            {
              "batter": "Raja Shoaib",
              "bowler": "K Takahashi",
              "non_striker": "Muhammad Nadeem",
              "runs": {
                "batter": 0,
                "extras": 0,
                "total": 0
              }
            },
            {
              "batter": "Raja Shoaib",
              "bowler": "K Takahashi",
              "non_striker": "Muhammad Nadeem",
              "runs": {
                "batter": 0,
                "extras": 0,
                "total": 0
              }
            }
          ]
        },
        {
          "over": 5,
          "deliveries": [
            {
              "batter": "Muhammad Nadeem",
              "bowler": "K Wakita",
              "non_striker": "Raja Shoaib",
              "runs": {
                "batter": 0,
                "extras": 0,
                "total": 0
              }
            },
            {
              "batter": "Muhammad Nadeem",
              "bowler": "K Wakita",
              "non_striker": "Raja Shoaib",
              "runs": {
                "batter": 0,
                "extras": 0,
                "total": 0
              }
            },
            {
              "batter": "Muhammad Nadeem",
              "bowler": "K Wakita",
              "non_striker": "Raja Shoaib",
              "runs": {
                "batter": 6,
                "extras": 0,
                "total": 6
              }
            },
            {
              "batter": "Muhammad Nadeem",
              "bowler": "K Wakita",
              "non_striker": "Raja Shoaib",
              "runs": {
                "batter": 4,
                "extras": 0,
                "total": 4
              }
            },
            {
              "batter": "Muhammad Nadeem",
              "bowler": "K Wakita",
              "non_striker": "Raja Shoaib",
              "runs": {
                "batter": 2,
                "extras": 0,
                "total": 2
              }
            },
            {
              "batter": "Muhammad Nadeem",
              "bowler": "K Wakita",
              "non_striker": "Raja Shoaib",
              "runs": {
                "batter": 2,
                "extras": 0,
                "total": 2
              }
            }
          ]
        },
        {
          "over": 6,
          "deliveries": [
            {
              "batter": "Raja Shoaib",
              "bowler": "N Miyaji",
              "non_striker": "Muhammad Nadeem",
              "runs": {
                "batter": 1,
                "extras": 0,
                "total": 1
              }
            },
            {
              "batter": "Muhammad Nadeem",
              "bowler": "N Miyaji",
              "non_striker": "Raja Shoaib",
              "runs": {
                "batter": 6,
                "extras": 0,
                "total": 6
              }
            },
            {
              "batter": "Muhammad Nadeem",
              "bowler": "N Miyaji",
              "non_striker": "Raja Shoaib",
              "runs": {
                "batter": 6,
                "extras": 0,
                "total": 6
              }
            },
            {
              "batter": "Muhammad Nadeem",
              "bowler": "N Miyaji",
              "non_striker": "Raja Shoaib",
              "runs": {
                "batter": 1,
                "extras": 0,
                "total": 1
              }
            },
            {
              "batter": "Raja Shoaib",
              "bowler": "N Miyaji",
              "non_striker": "Muhammad Nadeem",
              "runs": {
                "batter": 0,
                "extras": 0,
                "total": 0
              }
            },
            {
              "batter": "Raja Shoaib",
              "bowler": "N Miyaji",
              "non_striker": "Muhammad Nadeem",
              "runs": {
                "batter": 6,
                "extras": 0,
                "total": 6
              }
            }
          ]
        },
        {
          "over": 7,
          "deliveries": [
            {
              "batter": "Muhammad Nadeem",
              "bowler": "M Taniyama",
              "non_striker": "Raja Shoaib",
              "runs": {
                "batter": 0,
                "extras": 0,
                "total": 0
              }
            },
            {
              "batter": "Muhammad Nadeem",
              "bowler": "M Taniyama",
              "non_striker": "Raja Shoaib",
              "runs": {
                "batter": 0,
                "extras": 0,
                "total": 0
              }
            },
            {
              "batter": "Muhammad Nadeem",
              "bowler": "M Taniyama",
              "non_striker": "Raja Shoaib",
              "runs": {
                "batter": 0,
                "extras": 0,
                "total": 0
              }
            },
            {
              "batter": "Muhammad Nadeem",
              "bowler": "M Taniyama",
              "non_striker": "Raja Shoaib",
              "runs": {
                "batter": 0,
                "extras": 0,
                "total": 0
              }
            },
            {
              "batter": "Muhammad Nadeem",
              "bowler": "M Taniyama",
              "non_striker": "Raja Shoaib",
              "runs": {
                "batter": 0,
                "extras": 0,
                "total": 0
              }
            },
            {
              "batter": "Muhammad Nadeem",
              "bowler": "M Taniyama",
              "non_striker": "Raja Shoaib",
              "runs": {
                "batter": 6,
                "extras": 0,
                "total": 6
              }
            }
          ]
        },
        {
          "over": 8,
          "deliveries": [
            {
              "batter": "Raja Shoaib",
              "bowler": "K Takahashi",
              "non_striker": "Muhammad Nadeem",
              "runs": {
                "batter": 1,
                "extras": 0,
                "total": 1
              }
            },
            {
              "batter": "Muhammad Nadeem",
              "bowler": "K Takahashi",
              "extras": {
                "noballs": 1
              },
              "non_striker": "Raja Shoaib",
              "runs": {
                "batter": 1,
                "extras": 1,
                "total": 2
              }
            },
            {
              "batter": "Raja Shoaib",
              "bowler": "K Takahashi",
              "non_striker": "Muhammad Nadeem",
              "runs": {
                "batter": 0,
                "extras": 0,
                "total": 0
              }
            },
            {
              "batter": "Raja Shoaib",
              "bowler": "K Takahashi",
              "non_striker": "Muhammad Nadeem",
              "runs": {
                "batter": 0,
                "extras": 0,
                "total": 0
              }
            },
            {
              "batter": "Raja Shoaib",
              "bowler": "K Takahashi",
              "non_striker": "Muhammad Nadeem",
              "runs": {
                "batter": 1,
                "extras": 0,
                "total": 1
              }
            },
            {
              "batter": "Muhammad Nadeem",
              "bowler": "K Takahashi",
              "extras": {
                "wides": 1
              },
              "non_striker": "Raja Shoaib",
              "runs": {
                "batter": 0,
                "extras": 1,
                "total": 1
              }
            },
            {
              "batter": "Muhammad Nadeem",
              "bowler": "K Takahashi",
              "non_striker": "Raja Shoaib",
              "runs": {
                "batter": 1,
                "extras": 0,
                "total": 1
              }
            },
            {
              "batter": "Raja Shoaib",
              "bowler": "K Takahashi",
              "non_striker": "Muhammad Nadeem",
              "runs": {
                "batter": 1,
                "extras": 0,
                "total": 1
              }
            }
          ]
        },
        {
          "over": 9,
          "deliveries": [
            {
              "batter": "Raja Shoaib",
              "bowler": "M Taniyama",
              "non_striker": "Muhammad Nadeem",
              "runs": {
                "batter": 0,
                "extras": 0,
                "total": 0
              }
            },
            {
              "batter": "Raja Shoaib",
              "bowler": "M Taniyama",
              "non_striker": "Muhammad Nadeem",
              "runs": {
                "batter": 0,
                "extras": 0,
                "total": 0
              }
            },
            {
              "batter": "Raja Shoaib",
              "bowler": "M Taniyama",
              "non_striker": "Muhammad Nadeem",
              "runs": {
                "batter": 1,
                "extras": 0,
                "total": 1
              }
            },
            {
              "batter": "Muhammad Nadeem",
              "bowler": "M Taniyama",
              "non_striker": "Raja Shoaib",
              "runs": {
                "batter": 6,
                "extras": 0,
                "total": 6
              }
            },
            {
              "batter": "Muhammad Nadeem",
              "bowler": "M Taniyama",
              "non_striker": "Raja Shoaib",
              "runs": {
                "batter": 0,
                "extras": 0,
                "total": 0
              }
            },
            {
              "batter": "Muhammad Nadeem",
              "bowler": "M Taniyama",
              "non_striker": "Raja Shoaib",
              "runs": {
                "batter": 0,
                "extras": 0,
                "total": 0
              }
            }
          ]
        },
        {
          "over": 10,
          "deliveries": [
            {
              "batter": "Raja Shoaib",
              "bowler": "R Matsumura",
              "non_striker": "Muhammad Nadeem",
              "runs": {
                "batter": 1,
                "extras": 0,
                "total": 1
              }
            },
            {
              "batter": "Muhammad Nadeem",
              "bowler": "R Matsumura",
              "non_striker": "Raja Shoaib",
              "runs": {
                "batter": 1,
                "extras": 0,
                "total": 1
              }
            },
            {
              "batter": "Raja Shoaib",
              "bowler": "R Matsumura",
              "non_striker": "Muhammad Nadeem",
              "runs": {
                "batter": 2,
                "extras": 0,
                "total": 2
              }
            },
            {
              "batter": "Raja Shoaib",
              "bowler": "R Matsumura",
              "non_striker": "Muhammad Nadeem",
              "runs": {
                "batter": 0,
                "extras": 0,
                "total": 0
              },
              "wickets": [
                {
                  "kind": "bowled",
                  "player_out": "Raja Shoaib"
                }
              ]
            },
            {
              "batter": "Mudassir Iqbal",
              "bowler": "R Matsumura",
              "non_striker": "Muhammad Nadeem",
              "runs": {
                "batter": 0,
                "extras": 0,
                "total": 0
              }
            },
            {
              "batter": "Mudassir Iqbal",
              "bowler": "R Matsumura",
              "non_striker": "Muhammad Nadeem",
              "runs": {
                "batter": 0,
                "extras": 0,
                "total": 0
              }
            }
          ]
        },
        {
          "over": 11,
          "deliveries": [
            {
              "batter": "Muhammad Nadeem",
              "bowler": "K Wakita",
              "non_striker": "Mudassir Iqbal",
              "runs": {
                "batter": 0,
                "extras": 0,
                "total": 0
              }
            },
            {
              "batter": "Muhammad Nadeem",
              "bowler": "K Wakita",
              "non_striker": "Mudassir Iqbal",
              "runs": {
                "batter": 1,
                "extras": 0,
                "total": 1
              }
            },
            {
              "batter": "Mudassir Iqbal",
              "bowler": "K Wakita",
              "non_striker": "Muhammad Nadeem",
              "runs": {
                "batter": 0,
                "extras": 0,
                "total": 0
              },
              "wickets": [
                {
                  "kind": "caught",
                  "player_out": "Mudassir Iqbal",
                  "fielders": [
                    {
                      "name": "M Kobayashi"
                    }
                  ]
                }
              ]
            },
            {
              "batter": "Kim Yongtae",
              "bowler": "K Wakita",
              "non_striker": "Muhammad Nadeem",
              "runs": {
                "batter": 1,
                "extras": 0,
                "total": 1
              }
            },
            {
              "batter": "Muhammad Nadeem",
              "bowler": "K Wakita",
              "non_striker": "Kim Yongtae",
              "runs": {
                "batter": 6,
                "extras": 0,
                "total": 6
              }
            },
            {
              "batter": "Muhammad Nadeem",
              "bowler": "K Wakita",
              "non_striker": "Kim Yongtae",
              "runs": {
                "batter": 1,
                "extras": 0,
                "total": 1
              }
            }
          ]
        },
        {
          "over": 12,
          "deliveries": [
            {
              "batter": "Muhammad Nadeem",
              "bowler": "J Yamashita",
              "non_striker": "Kim Yongtae",
              "runs": {
                "batter": 6,
                "extras": 0,
                "total": 6
              }
            },
            {
              "batter": "Muhammad Nadeem",
              "bowler": "J Yamashita",
              "extras": {
                "noballs": 1
              },
              "non_striker": "Kim Yongtae",
              "runs": {
                "batter": 4,
                "extras": 1,
                "total": 5
              }
            },
            {
              "batter": "Muhammad Nadeem",
              "bowler": "J Yamashita",
              "non_striker": "Kim Yongtae",
              "runs": {
                "batter": 1,
                "extras": 0,
                "total": 1
              }
            },
            {
              "batter": "Kim Yongtae",
              "bowler": "J Yamashita",
              "non_striker": "Muhammad Nadeem",
              "runs": {
                "batter": 4,
                "extras": 0,
                "total": 4
              }
            },
            {
              "batter": "Kim Yongtae",
              "bowler": "J Yamashita",
              "non_striker": "Muhammad Nadeem",
              "runs": {
                "batter": 0,
                "extras": 0,
                "total": 0
              }
            },
            {
              "batter": "Kim Yongtae",
              "bowler": "J Yamashita",
              "non_striker": "Muhammad Nadeem",
              "runs": {
                "batter": 4,
                "extras": 0,
                "total": 4
              }
            },
            {
              "batter": "Kim Yongtae",
              "bowler": "J Yamashita",
              "non_striker": "Muhammad Nadeem",
              "runs": {
                "batter": 0,
                "extras": 0,
                "total": 0
              }
            }
          ]
        },
        {
          "over": 13,
          "deliveries": [
            {
              "batter": "Muhammad Nadeem",
              "bowler": "A Ueda",
              "non_striker": "Kim Yongtae",
              "runs": {
                "batter": 4,
                "extras": 0,
                "total": 4
              }
            },
            {
              "batter": "Muhammad Nadeem",
              "bowler": "A Ueda",
              "extras": {
                "wides": 1
              },
              "non_striker": "Kim Yongtae",
              "runs": {
                "batter": 0,
                "extras": 1,
                "total": 1
              }
            },
            {
              "batter": "Muhammad Nadeem",
              "bowler": "A Ueda",
              "non_striker": "Kim Yongtae",
              "runs": {
                "batter": 0,
                "extras": 0,
                "total": 0
              },
              "wickets": [
                {
                  "kind": "caught",
                  "player_out": "Muhammad Nadeem",
                  "fielders": [
                    {
                      "name": "M Taniyama"
                    }
                  ]
                }
              ]
            },
            {
              "batter": "Kim Yongtae",
              "bowler": "A Ueda",
              "extras": {
                "wides": 1
              },
              "non_striker": "Altaf Gill",
              "runs": {
                "batter": 0,
                "extras": 1,
                "total": 1
              }
            },
            {
              "batter": "Kim Yongtae",
              "bowler": "A Ueda",
              "non_striker": "Altaf Gill",
              "runs": {
                "batter": 0,
                "extras": 0,
                "total": 0
              }
            },
            {
              "batter": "Kim Yongtae",
              "bowler": "A Ueda",
              "non_striker": "Altaf Gill",
              "runs": {
                "batter": 1,
                "extras": 0,
                "total": 1
              }
            },
            {
              "batter": "Altaf Gill",
              "bowler": "A Ueda",
              "non_striker": "Kim Yongtae",
              "runs": {
                "batter": 0,
                "extras": 0,
                "total": 0
              }
            },
            {
              "batter": "Altaf Gill",
              "bowler": "A Ueda",
              "non_striker": "Kim Yongtae",
              "runs": {
                "batter": 1,
                "extras": 0,
                "total": 1
              }
            }
          ]
        },
        {
          "over": 14,
          "deliveries": [
            {
              "batter": "Altaf Gill",
              "bowler": "K Takahashi",
              "non_striker": "Kim Yongtae",
              "runs": {
                "batter": 0,
                "extras": 0,
                "total": 0
              }
            },
            {
              "batter": "Altaf Gill",
              "bowler": "K Takahashi",
              "non_striker": "Kim Yongtae",
              "runs": {
                "batter": 1,
                "extras": 0,
                "total": 1
              }
            },
            {
              "batter": "Kim Yongtae",
              "bowler": "K Takahashi",
              "non_striker": "Altaf Gill",
              "runs": {
                "batter": 0,
                "extras": 0,
                "total": 0
              }
            },
            {
              "batter": "Kim Yongtae",
              "bowler": "K Takahashi",
              "extras": {
                "legbyes": 2
              },
              "non_striker": "Altaf Gill",
              "runs": {
                "batter": 0,
                "extras": 2,
                "total": 2
              }
            },
            {
              "batter": "Kim Yongtae",
              "bowler": "K Takahashi",
              "non_striker": "Altaf Gill",
              "runs": {
                "batter": 0,
                "extras": 0,
                "total": 0
              }
            },
            {
              "batter": "Kim Yongtae",
              "bowler": "K Takahashi",
              "non_striker": "Altaf Gill",
              "runs": {
                "batter": 0,
                "extras": 0,
                "total": 0
              }
            }
          ]
        },
        {
          "over": 15,
          "deliveries": [
            {
              "batter": "Altaf Gill",
              "bowler": "K Wakita",
              "non_striker": "Kim Yongtae",
              "runs": {
                "batter": 1,
                "extras": 0,
                "total": 1
              }
            },
            {
              "batter": "Kim Yongtae",
              "bowler": "K Wakita",
              "extras": {
                "legbyes": 2
              },
              "non_striker": "Altaf Gill",
              "runs": {
                "batter": 0,
                "extras": 2,
                "total": 2
              }
            },
            {
              "batter": "Kim Yongtae",
              "bowler": "K Wakita",
              "non_striker": "Altaf Gill",
              "runs": {
                "batter": 2,
                "extras": 0,
                "total": 2
              }
            },
            {
              "batter": "Kim Yongtae",
              "bowler": "K Wakita",
              "non_striker": "Altaf Gill",
              "runs": {
                "batter": 0,
                "extras": 0,
                "total": 0
              }
            },
            {
              "batter": "Kim Yongtae",
              "bowler": "K Wakita",
              "non_striker": "Altaf Gill",
              "runs": {
                "batter": 1,
                "extras": 0,
                "total": 1
              }
            },
            {
              "batter": "Altaf Gill",
              "bowler": "K Wakita",
              "non_striker": "Kim Yongtae",
              "runs": {
                "batter": 0,
                "extras": 0,
                "total": 0
              }
            }
          ]
        },
        {
          "over": 16,
          "deliveries": [
            {
              "batter": "Kim Yongtae",
              "bowler": "R Matsumura",
              "non_striker": "Altaf Gill",
              "runs": {
                "batter": 1,
                "extras": 0,
                "total": 1
              }
            },
            {
              "batter": "Altaf Gill",
              "bowler": "R Matsumura",
              "extras": {
                "legbyes": 2
              },
              "non_striker": "Kim Yongtae",
              "runs": {
                "batter": 0,
                "extras": 2,
                "total": 2
              }
            },
            {
              "batter": "Altaf Gill",
              "bowler": "R Matsumura",
              "extras": {
                "legbyes": 1
              },
              "non_striker": "Kim Yongtae",
              "runs": {
                "batter": 0,
                "extras": 1,
                "total": 1
              }
            },
            {
              "batter": "Kim Yongtae",
              "bowler": "R Matsumura",
              "non_striker": "Altaf Gill",
              "runs": {
                "batter": 2,
                "extras": 0,
                "total": 2
              }
            },
            {
              "batter": "Kim Yongtae",
              "bowler": "R Matsumura",
              "non_striker": "Altaf Gill",
              "runs": {
                "batter": 4,
                "extras": 0,
                "total": 4
              }
            },
            {
              "batter": "Kim Yongtae",
              "bowler": "R Matsumura",
              "non_striker": "Altaf Gill",
              "runs": {
                "batter": 1,
                "extras": 0,
                "total": 1
              }
            }
          ]
        }
      ],
      "powerplays": [
        {
          "from": 0.1,
          "to": 5.6,
          "type": "mandatory"
        }
      ],
      "target": {
        "overs": 20,
        "runs": 128
      }
    }
  ]
}