{
  "meta": {
    "data_version": "1.1.0",
    "created": "2024-07-24",
    "revision": 1
  },
  "info": {
    "balls_per_over": 6,
    "city": "Ilfov County",
    "dates": [
      "2024-05-26"
    ],
    "event": {
      "name": "Continental Cup",
      "stage": "Final"
    },
    "gender": "male",
    "match_type": "IT20",
    "officials": {
      "match_referees": [
        "A Begg"
      ],
      "reserve_umpires": [
        "I Doekhie"
      ],
      "umpires": [
        "Dharmendra Manani",
        "Imran Haider"
      ]
    },
    "outcome": {
      "winner": "Hungary",
      "by": {
        "wickets": 8
      }
    },
    "overs": 20,
    "player_of_match": [
      "Sheikh Rasik"
    ],
    "players": {
      "Gibraltar": [
        "C Pyle",
        "A Reyes",
        "IDM Latin",
        "J Marples",
        "M Whelan",
        "K Mirpuri",
        "JA Fitzgerald",
        "S Bodha",
        "M Gouws",
        "H Pile",
        "N Advani"
      ],
      "Hungary": [
        "V Ravindran",
        "HV Mandhyan",
        "Mueez ul Hassan",
        "Sheikh Rasik",
        "M Fontaine",
        "Ali Farasat",
        "Ali Hassan",
        "Gabor Torok",
        "Muhammad Burhan",
        "R Rajendran",
        "Muhammad Saqlain"
      ]
    },
    "registry": {
      "people": {
        "A Begg": "ef618cab",
        "A Reyes": "fd2b8c06",
        "Ali Farasat": "5845b99b",
        "Ali Hassan": "9a25c8fb",
        "C Pyle": "d278b70b",
        "Dharmendra Manani": "6cd74704",
        "Gabor Torok": "b601c362",
        "H Pile": "2f3b270e",
        "HV Mandhyan": "11f56b14",
        "I Doekhie": "b37e3c48",
        "IDM Latin": "78f719ea",
        "Imran Haider": "1b8242f2",
        "J Marples": "9d75aec7",
        "JA Fitzgerald": "4e6ff836",
        "K Mirpuri": "441006af",
        "M Fontaine": "1339f52a",
        "M Gouws": "018f6488",
        "M Whelan": "d613f046",
        "Mueez ul Hassan": "efc3a46b",
        "Muhammad Burhan": "a92609f2",
        "Muhammad Saqlain": "f094e3b8",
        "N Advani": "e4f6147b",
        "R Rajendran": "fc886d25",
        "S Bodha": "00467a76",
        "Sheikh Rasik": "5f25b104",
        "V Ravindran": "e5ecb1ef"
      }
    },
    "season": "2024",
    "team_type": "international",
    "teams": [
      "Gibraltar",
      "Hungary"
    ],
    "toss": {
      "decision": "field",
      "winner": "Hungary"
    },
    "venue": "Moara Vlasiei Cricket Ground, Ilfov County"
  },
  "innings": [
    {
      "team": "Gibraltar",
      "overs": [
        {
          "over": 0,
          "deliveries": [
            {
              "batter": "C Pyle",
              "bowler": "Muhammad Saqlain",
              "non_striker": "A Reyes",
              "runs": {
                "batter": 2,
                "extras": 0,
                "total": 2
              }
            },
            {
              "batter": "C Pyle",
              "bowler": "Muhammad Saqlain",
              "non_striker": "A Reyes",
              "runs": {
                "batter": 0,
                "extras": 0,
                "total": 0
              }
            },
            {
              "batter": "C Pyle",
              "bowler": "Muhammad Saqlain",
              "non_striker": "A Reyes",
              "runs": {
                "batter": 0,
                "extras": 0,
                "total": 0
              }
            },
            {
              "batter": "C Pyle",
              "bowler": "Muhammad Saqlain",
              "non_striker": "A Reyes",
              "runs": {
                "batter": 0,
                "extras": 0,
                "total": 0
              }
            },
            {
              "batter": "C Pyle",
              "bowler": "Muhammad Saqlain",
              "non_striker": "A Reyes",
              "runs": {
                "batter": 4,
                "extras": 0,
                "total": 4
              }
            },
            {
              "batter": "C Pyle",
              "bowler": "Muhammad Saqlain",
              "non_striker": "A Reyes",
              "runs": {
                "batter": 0,
                "extras": 0,
                "total": 0
              }
            }
          ]
        },
        {
          "over": 1,
          "deliveries": [
            {
              "batter": "A Reyes",
              "bowler": "Sheikh Rasik",
              "non_striker": "C Pyle",
              "runs": {
                "batter": 0,
                "extras": 0,
                "total": 0
              }
            },
            {
              "batter": "A Reyes",
              "bowler": "Sheikh Rasik",
              "non_striker": "C Pyle",
              "runs": {
                "batter": 0,
                "extras": 0,
                "total": 0
              }
            },
            {
              "batter": "A Reyes",
              "bowler": "Sheikh Rasik",
              "non_striker": "C Pyle",
              "runs": {
                "batter": 0,
                "extras": 0,
                "total": 0
              }
            },
            {
              "batter": "A Reyes",
              "bowler": "Sheikh Rasik",
              "non_striker": "C Pyle",
              "runs": {
                "batter": 0,
                "extras": 0,
                "total": 0
              }
            },
            {
              "batter": "A Reyes",
              "bowler": "Sheikh Rasik",
              "non_striker": "C Pyle",
              "runs": {
                "batter": 0,
                "extras": 0,
                "total": 0
              }
            },
            {
              "batter": "A Reyes",
              "bowler": "Sheikh Rasik",
              "non_striker": "C Pyle",
              "runs": {
                "batter": 0,
                "extras": 0,
                "total": 0
              }
            }
          ]
        },
        {
          "over": 2,
          "deliveries": [
            {
              "batter": "C Pyle",
              "bowler": "Muhammad Saqlain",
              "non_striker": "A Reyes",
              "runs": {
                "batter": 2,
                "extras": 0,
                "total": 2
              }
            },
            {
              "batter": "C Pyle",
              "bowler": "Muhammad Saqlain",
              "non_striker": "A Reyes",
              "runs": {
                "batter": 0,
                "extras": 0,
                "total": 0
              },
              "wickets": [
                {
                  "player_out": "C Pyle",
                  "kind": "bowled"
                }
              ]
            },
            {
              "batter": "IDM Latin",
              "bowler": "Muhammad Saqlain",
              "non_striker": "A Reyes",
              "runs": {
                "batter": 0,
                "extras": 0,
                "total": 0
              }
            },
            {
              "batter": "IDM Latin",
              "bowler": "Muhammad Saqlain",
              "non_striker": "A Reyes",
              "runs": {
                "batter": 0,
                "extras": 0,
                "total": 0
              },
              "wickets": [
                {
                  "player_out": "A Reyes",
                  "fielders": [
                    {
                      "name": "R Rajendran"
                    }
                  ],
                  "kind": "run out"
                }
              ]
            },
            {
              "batter": "J Marples",
              "bowler": "Muhammad Saqlain",
              "non_striker": "IDM Latin",
              "runs": {
                "batter": 0,
                "extras": 0,
                "total": 0
              }
            },
            {
              "batter": "J Marples",
              "bowler": "Muhammad Saqlain",
              "extras": {
                "wides": 5
              },
              "non_striker": "IDM Latin",
              "runs": {
                "batter": 0,
                "extras": 5,
                "total": 5
              }
            },
            {
              "batter": "J Marples",
              "bowler": "Muhammad Saqlain",
              "non_striker": "IDM Latin",
              "runs": {
                "batter": 0,
                "extras": 0,
                "total": 0
              }
            }
          ]
        },
        {
          "over": 3,
          "deliveries": [
            {
              "batter": "IDM Latin",
              "bowler": "Sheikh Rasik",
              "non_striker": "J Marples",
              "runs": {
                "batter": 0,
                "extras": 0,
                "total": 0
              }
            },
            {
              "batter": "IDM Latin",
              "bowler": "Sheikh Rasik",
              "non_striker": "J Marples",
              "runs": {
                "batter": 0,
                "extras": 0,
                "total": 0
              }
            },
            {
              "batter": "IDM Latin",
              "bowler": "Sheikh Rasik",
              "non_striker": "J Marples",
              "runs": {
                "batter": 0,
                "extras": 0,
                "total": 0
              }
            },
            {
              "batter": "IDM Latin",
              "bowler": "Sheikh Rasik",
              "non_striker": "J Marples",
              "runs": {
                "batter": 0,
                "extras": 0,
                "total": 0
              }
            },
            {
              "batter": "IDM Latin",
              "bowler": "Sheikh Rasik",
              "non_striker": "J Marples",
              "runs": {
                "batter": 4,
                "extras": 0,
                "total": 4
              }
            },
            {
              "batter": "IDM Latin",
              "bowler": "Sheikh Rasik",
              "non_striker": "J Marples",
              "runs": {
                "batter": 0,
                "extras": 0,
                "total": 0
              }
            }
          ]
        },
        {
          "over": 4,
          "deliveries": [
            {
              "batter": "J Marples",
              "bowler": "Muhammad Saqlain",
              "extras": {
                "legbyes": 1
              },
              "non_striker": "IDM Latin",
              "runs": {
                "batter": 0,
                "extras": 1,
                "total": 1
              }
            },
            {
              "batter": "IDM Latin",
              "bowler": "Muhammad Saqlain",
              "non_striker": "J Marples",
              "runs": {
                "batter": 0,
                "extras": 0,
                "total": 0
              }
            },
            {
              "batter": "IDM Latin",
              "bowler": "Muhammad Saqlain",
              "non_striker": "J Marples",
              "runs": {
                "batter": 0,
                "extras": 0,
                "total": 0
              }
            },
            {
              "batter": "IDM Latin",
              "bowler": "Muhammad Saqlain",
              "extras": {
                "wides": 1
              },
              "non_striker": "J Marples",
              "runs": {
                "batter": 0,
                "extras": 1,
                "total": 1
              }
            },
            {
              "batter": "IDM Latin",
              "bowler": "Muhammad Saqlain",
              "non_striker": "J Marples",
              "runs": {
                "batter": 0,
                "extras": 0,
                "total": 0
              }
            },
            {
              "batter": "IDM Latin",
              "bowler": "Muhammad Saqlain",
              "non_striker": "J Marples",
              "runs": {
                "batter": 1,
                "extras": 0,
                "total": 1
              }
            },
            {
              "batter": "J Marples",
              "bowler": "Muhammad Saqlain",
              "non_striker": "IDM Latin",
              "runs": {
                "batter": 0,
                "extras": 0,
                "total": 0
              }
            }
          ]
        },
        {
          "over": 5,
          "deliveries": [
            {
              "batter": "IDM Latin",
              "bowler": "Sheikh Rasik",
              "non_striker": "J Marples",
              "runs": {
                "batter": 0,
                "extras": 0,
                "total": 0
              }
            },
            {
              "batter": "IDM Latin",
              "bowler": "Sheikh Rasik",
              "extras": {
                "wides": 1
              },
              "non_striker": "J Marples",
              "runs": {
                "batter": 0,
                "extras": 1,
                "total": 1
              }
            },
            {
              "batter": "IDM Latin",
              "bowler": "Sheikh Rasik",
              "non_striker": "J Marples",
              "runs": {
                "batter": 0,
                "extras": 0,
                "total": 0
              }
            },
            {
              "batter": "IDM Latin",
              "bowler": "Sheikh Rasik",
              "non_striker": "J Marples",
              "runs": {
                "batter": 1,
                "extras": 0,
                "total": 1
              }
            },
            {
              "batter": "J Marples",
              "bowler": "Sheikh Rasik",
              "non_striker": "IDM Latin",
              "runs": {
                "batter": 1,
                "extras": 0,
                "total": 1
              }
            },
            {
              "batter": "IDM Latin",
              "bowler": "Sheikh Rasik",
              "non_striker": "J Marples",
              "runs": {
                "batter": 0,
                "extras": 0,
                "total": 0
              }
            },
            {
              "batter": "IDM Latin",
              "bowler": "Sheikh Rasik",
              "non_striker": "J Marples",
              "runs": {
                "batter": 4,
                "extras": 0,
                "total": 4
              }
            }
          ]
        },
        {
          "over": 6,
          "deliveries": [
            {
              "batter": "J Marples",
              "bowler": "Muhammad Burhan",
              "extras": {
                "wides": 1
              },
              "non_striker": "IDM Latin",
              "runs": {
                "batter": 0,
                "extras": 1,
                "total": 1
              }
            },
            {
              "batter": "J Marples",
              "bowler": "Muhammad Burhan",
              "extras": {
                "wides": 1
              },
              "non_striker": "IDM Latin",
              "runs": {
                "batter": 0,
                "extras": 1,
                "total": 1
              }
            },
            {
              "batter": "J Marples",
              "bowler": "Muhammad Burhan",
              "non_striker": "IDM Latin",
              "runs": {
                "batter": 1,
                "extras": 0,
                "total": 1
              }
            },
            {
              "batter": "IDM Latin",
              "bowler": "Muhammad Burhan",
              "non_striker": "J Marples",
              "runs": {
                "batter": 0,
                "extras": 0,
                "total": 0
              }
            },
            {
              "batter": "IDM Latin",
              "bowler": "Muhammad Burhan",
              "non_striker": "J Marples",
              "runs": {
                "batter": 1,
                "extras": 0,
                "total": 1
              }
            },
            {
              "batter": "J Marples",
              "bowler": "Muhammad Burhan",
              "non_striker": "IDM Latin",
              "runs": {
                "batter": 0,
                "extras": 0,
                "total": 0
              }
            },
            {
              "batter": "J Marples",
              "bowler": "Muhammad Burhan",
              "non_striker": "IDM Latin",
              "runs": {
                "batter": 1,
                "extras": 0,
                "total": 1
              }
            },
            {
              "batter": "IDM Latin",
              "bowler": "Muhammad Burhan",
              "non_striker": "J Marples",
              "runs": {
                "batter": 0,
                "extras": 0,
                "total": 0
              }
            }
          ]
        },
        {
          "over": 7,
          "deliveries": [
            {
              "batter": "J Marples",
              "bowler": "M Fontaine",
              "non_striker": "IDM Latin",
              "runs": {
                "batter": 1,
                "extras": 0,
                "total": 1
              }
            },
            {
              "batter": "IDM Latin",
              "bowler": "M Fontaine",
              "extras": {
                "wides": 1
              },
              "non_striker": "J Marples",
              "runs": {
                "batter": 0,
                "extras": 1,
                "total": 1
              }
            },
            {
              "batter": "IDM Latin",
              "bowler": "M Fontaine",
              "extras": {
                "wides": 1
              },
              "non_striker": "J Marples",
              "runs": {
                "batter": 0,
                "extras": 1,
                "total": 1
              }
            },
            {
              "batter": "IDM Latin",
              "bowler": "M Fontaine",
              "non_striker": "J Marples",
              "runs": {
                "batter": 4,
                "extras": 0,
                "total": 4
              }
            },
            {
              "batter": "IDM Latin",
              "bowler": "M Fontaine",
              "non_striker": "J Marples",
              "runs": {
                "batter": 4,
                "extras": 0,
                "total": 4
              }
            },
            {
              "batter": "IDM Latin",
              "bowler": "M Fontaine",
              "non_striker": "J Marples",
              "runs": {
                "batter": 4,
                "extras": 0,
                "total": 4
              }
            },
            {
              "batter": "IDM Latin",
              "bowler": "M Fontaine",
              "non_striker": "J Marples",
              "runs": {
                "batter": 1,
                "extras": 0,
                "total": 1
              }
            },
            {
              "batter": "J Marples",
              "bowler": "M Fontaine",
              "non_striker": "IDM Latin",
              "runs": {
                "batter": 1,
                "extras": 0,
                "total": 1
              }
            }
          ]
        },
        {
          "over": 8,
          "deliveries": [
            {
              "batter": "J Marples",
              "bowler": "Muhammad Burhan",
              "non_striker": "IDM Latin",
              "runs": {
                "batter": 4,
                "extras": 0,
                "total": 4
              }
            },
            {
              "batter": "J Marples",
              "bowler": "Muhammad Burhan",
              "non_striker": "IDM Latin",
              "runs": {
                "batter": 0,
                "extras": 0,
                "total": 0
              }
            },
            {
              "batter": "J Marples",
              "bowler": "Muhammad Burhan",
              "non_striker": "IDM Latin",
              "runs": {
                "batter": 0,
                "extras": 0,
                "total": 0
              }
            },
            {
              "batter": "J Marples",
              "bowler": "Muhammad Burhan",
              "non_striker": "IDM Latin",
              "runs": {
                "batter": 1,
                "extras": 0,
                "total": 1
              }
            },
            {
              "batter": "IDM Latin",
              "bowler": "Muhammad Burhan",
              "non_striker": "J Marples",
              "runs": {
                "batter": 0,
                "extras": 0,
                "total": 0
              }
            },
            {
              "batter": "IDM Latin",
              "bowler": "Muhammad Burhan",
              "non_striker": "J Marples",
              "runs": {
                "batter": 6,
                "extras": 0,
                "total": 6
              }
            }
          ]
        },
        {
          "over": 9,
          "deliveries": [
            {
              "batter": "J Marples",
              "bowler": "HV Mandhyan",
              "non_striker": "IDM Latin",
              "runs": {
                "batter": 1,
                "extras": 0,
                "total": 1
              }
            },
            {
              "batter": "IDM Latin",
              "bowler": "HV Mandhyan",
              "extras": {
                "wides": 1
              },
              "non_striker": "J Marples",
              "runs": {
                "batter": 0,
                "extras": 1,
                "total": 1
              }
            },
            {
              "batter": "IDM Latin",
              "bowler": "HV Mandhyan",
              "non_striker": "J Marples",
              "runs": {
                "batter": 0,
                "extras": 0,
                "total": 0
              }
            },
            {
              "batter": "IDM Latin",
              "bowler": "HV Mandhyan",
              "non_striker": "J Marples",
              "runs": {
                "batter": 0,
                "extras": 0,
                "total": 0
              },
              "wickets": [
                {
                  "player_out": "IDM Latin",
                  "kind": "bowled"
                }
              ]
            },
            {
              "batter": "M Whelan",
              "bowler": "HV Mandhyan",
              "non_striker": "J Marples",
              "runs": {
                "batter": 4,
                "extras": 0,
                "total": 4
              }
            },
            {
              "batter": "M Whelan",
              "bowler": "HV Mandhyan",
              "non_striker": "J Marples",
              "runs": {
                "batter": 0,
                "extras": 0,
                "total": 0
              }
            },
            {
              "batter": "M Whelan",
              "bowler": "HV Mandhyan",
              "non_striker": "J Marples",
              "runs": {
                "batter": 1,
                "extras": 0,
                "total": 1
              }
            }
          ]
        },
        {
          "over": 10,
          "deliveries": [
            {
              "batter": "M Whelan",
              "bowler": "Muhammad Burhan",
              "non_striker": "J Marples",
              "runs": {
                "batter": 1,
                "extras": 0,
                "total": 1
              }
            },
            {
              "batter": "J Marples",
              "bowler": "Muhammad Burhan",
              "non_striker": "M Whelan",
              "runs": {
                "batter": 1,
                "extras": 0,
                "total": 1
              }
            },
            {
              "batter": "M Whelan",
              "bowler": "Muhammad Burhan",
              "non_striker": "J Marples",
              "runs": {
                "batter": 0,
                "extras": 0,
                "total": 0
              },
              "wickets": [
                {
                  "player_out": "M Whelan",
                  "kind": "bowled"
                }
              ]
            },
            {
              "batter": "K Mirpuri",
              "bowler": "Muhammad Burhan",
              "non_striker": "J Marples",
              "runs": {
                "batter": 1,
                "extras": 0,
                "total": 1
              }
            },
            {
              "batter": "J Marples",
              "bowler": "Muhammad Burhan",
              "non_striker": "K Mirpuri",
              "runs": {
                "batter": 1,
                "extras": 0,
                "total": 1
              }
            },
            {
              "batter": "K Mirpuri",
              "bowler": "Muhammad Burhan",
              "non_striker": "J Marples",
              "runs": {
                "batter": 1,
                "extras": 0,
                "total": 1
              }
            }
          ]
        },
        {
          "over": 11,
          "deliveries": [
            {
              "batter": "K Mirpuri",
              "bowler": "HV Mandhyan",
              "non_striker": "J Marples",
              "runs": {
                "batter": 0,
                "extras": 0,
                "total": 0
              }
            },
            {
              "batter": "K Mirpuri",
              "bowler": "HV Mandhyan",
              "non_striker": "J Marples",
              "runs": {
                "batter": 0,
                "extras": 0,
                "total": 0
              }
            },
            {
              "batter": "K Mirpuri",
              "bowler": "HV Mandhyan",
              "non_striker": "J Marples",
              "runs": {
                "batter": 1,
                "extras": 0,
                "total": 1
              }
            },
            {
              "batter": "J Marples",
              "bowler": "HV Mandhyan",
              "non_striker": "K Mirpuri",
              "runs": {
                "batter": 0,
                "extras": 0,
                "total": 0
              }
            },
            {
              "batter": "J Marples",
              "bowler": "HV Mandhyan",
              "non_striker": "K Mirpuri",
              "runs": {
                "batter": 1,
                "extras": 0,
                "total": 1
              }
            },
            {
              "batter": "K Mirpuri",
              "bowler": "HV Mandhyan",
              "non_striker": "J Marples",
              "runs": {
                "batter": 1,
                "extras": 0,
                "total": 1
              }
            }
          ]
        },
        {
          "over": 12,
          "deliveries": [
            {
              "batter": "K Mirpuri",
              "bowler": "Muhammad Burhan",
              "non_striker": "J Marples",
              "runs": {
                "batter": 0,
                "extras": 0,
                "total": 0
              }
            },
            {
              "batter": "K Mirpuri",
              "bowler": "Muhammad Burhan",
              "non_striker": "J Marples",
              "runs": {
                "batter": 1,
                "extras": 0,
                "total": 1
              }
            },
            {
              "batter": "J Marples",
              "bowler": "Muhammad Burhan",
              "non_striker": "K Mirpuri",
              "runs": {
                "batter": 0,
                "extras": 0,
                "total": 0
              },
              "wickets": [
                {
                  "player_out": "J Marples",
                  "fielders": [
                    {
                      "name": "Sheikh Rasik"
                    }
                  ],
                  "kind": "caught"
                }
              ]
            },
            {
              "batter": "JA Fitzgerald",
              "bowler": "Muhammad Burhan",
              "non_striker": "K Mirpuri",
              "runs": {
                "batter": 0,
                "extras": 0,
                "total": 0
              }
            },
            {
              "batter": "JA Fitzgerald",
              "bowler": "Muhammad Burhan",
              "non_striker": "K Mirpuri",
              "runs": {
                "batter": 0,
                "extras": 0,
                "total": 0
              }
            },
            {
              "batter": "JA Fitzgerald",
              "bowler": "Muhammad Burhan",
              "non_striker": "K Mirpuri",
              "runs": {
                "batter": 1,
                "extras": 0,
                "total": 1
              }
            }
          ]
        },
        {
          "over": 13,
          "deliveries": [
            {
              "batter": "JA Fitzgerald",
              "bowler": "HV Mandhyan",
              "non_striker": "K Mirpuri",
              "runs": {
                "batter": 1,
                "extras": 0,
                "total": 1
              }
            },
            {
              "batter": "K Mirpuri",
              "bowler": "HV Mandhyan",
              "non_striker": "JA Fitzgerald",
              "runs": {
                "batter": 0,
                "extras": 0,
                "total": 0
              }
            },
            {
              "batter": "K Mirpuri",
              "bowler": "HV Mandhyan",
              "non_striker": "JA Fitzgerald",
              "runs": {
                "batter": 4,
                "extras": 0,
                "total": 4
              }
            },
            {
              "batter": "K Mirpuri",
              "bowler": "HV Mandhyan",
              "non_striker": "JA Fitzgerald",
              "runs": {
                "batter": 1,
                "extras": 0,
                "total": 1
              }
            },
            {
              "batter": "JA Fitzgerald",
              "bowler": "HV Mandhyan",
              "non_striker": "K Mirpuri",
              "runs": {
                "batter": 6,
                "extras": 0,
                "total": 6
              }
            },
            {
              "batter": "JA Fitzgerald",
              "bowler": "HV Mandhyan",
              "extras": {
                "legbyes": 1
              },
              "non_striker": "K Mirpuri",
              "runs": {
                "batter": 0,
                "extras": 1,
                "total": 1
              }
            }
          ]
        },
        {
          "over": 14,
          "deliveries": [
            {
              "batter": "JA Fitzgerald",
              "bowler": "M Fontaine",
              "non_striker": "K Mirpuri",
              "runs": {
                "batter": 1,
                "extras": 0,
                "total": 1
              }
            },
            {
              "batter": "K Mirpuri",
              "bowler": "M Fontaine",
              "extras": {
                "wides": 1
              },
              "non_striker": "JA Fitzgerald",
              "runs": {
                "batter": 0,
                "extras": 1,
                "total": 1
              }
            },
            {
              "batter": "K Mirpuri",
              "bowler": "M Fontaine",
              "extras": {
                "wides": 1
              },
              "non_striker": "JA Fitzgerald",
              "runs": {
                "batter": 0,
                "extras": 1,
                "total": 1
              }
            },
            {
              "batter": "K Mirpuri",
              "bowler": "M Fontaine",
              "non_striker": "JA Fitzgerald",
              "runs": {
                "batter": 0,
                "extras": 0,
                "total": 0
              }
            },
            {
              "batter": "K Mirpuri",
              "bowler": "M Fontaine",
              "non_striker": "JA Fitzgerald",
              "runs": {
                "batter": 1,
                "extras": 0,
                "total": 1
              }
            },
            {
              "batter": "JA Fitzgerald",
              "bowler": "M Fontaine",
              "non_striker": "K Mirpuri",
              "runs": {
                "batter": 4,
                "extras": 0,
                "total": 4
              }
            },
            {
              "batter": "JA Fitzgerald",
              "bowler": "M Fontaine",
              "non_striker": "K Mirpuri",
              "runs": {
                "batter": 0,
                "extras": 0,
                "total": 0
              }
            },
            {
              "batter": "JA Fitzgerald",
              "bowler": "M Fontaine",
              "non_striker": "K Mirpuri",
              "runs": {
                "batter": 2,
                "extras": 0,
                "total": 2
              }
            }
          ]
        },
        {
          "over": 15,
          "deliveries": [
            {
              "batter": "K Mirpuri",
              "bowler": "Muhammad Saqlain",
              "non_striker": "JA Fitzgerald",
              "runs": {
                "batter": 0,
                "extras": 0,
                "total": 0
              }
            },
            {
              "batter": "K Mirpuri",
              "bowler": "Muhammad Saqlain",
              "non_striker": "JA Fitzgerald",
              "runs": {
                "batter": 1,
                "extras": 0,
                "total": 1
              }
            },
            {
              "batter": "JA Fitzgerald",
              "bowler": "Muhammad Saqlain",
              "non_striker": "K Mirpuri",
              "runs": {
                "batter": 4,
                "extras": 0,
                "total": 4
              }
            },
            {
              "batter": "JA Fitzgerald",
              "bowler": "Muhammad Saqlain",
              "non_striker": "K Mirpuri",
              "runs": {
                "batter": 1,
                "extras": 0,
                "total": 1
              }
            },
            {
              "batter": "K Mirpuri",
              "bowler": "Muhammad Saqlain",
              "non_striker": "JA Fitzgerald",
              "runs": {
                "batter": 4,
                "extras": 0,
                "total": 4
              }
            },
            {
              "batter": "K Mirpuri",
              "bowler": "Muhammad Saqlain",
              "non_striker": "JA Fitzgerald",
              "runs": {
                "batter": 0,
                "extras": 0,
                "total": 0
              }
            }
          ]
        },
        {
          "over": 16,
          "deliveries": [
            {
              "batter": "JA Fitzgerald",
              "bowler": "M Fontaine",
              "non_striker": "K Mirpuri",
              "runs": {
                "batter": 6,
                "extras": 0,
                "total": 6
              }
            },
            {
              "batter": "JA Fitzgerald",
              "bowler": "M Fontaine",
              "non_striker": "K Mirpuri",
              "runs": {
                "batter": 0,
                "extras": 0,
                "total": 0
              }
            },
            {
              "batter": "JA Fitzgerald",
              "bowler": "M Fontaine",
              "non_striker": "K Mirpuri",
              "runs": {
                "batter": 6,
                "extras": 0,
                "total": 6
              }
            },
            {
              "batter": "JA Fitzgerald",
              "bowler": "M Fontaine",
              "non_striker": "K Mirpuri",
              "runs": {
                "batter": 0,
                "extras": 0,
                "total": 0
              }
            },
            {
              "batter": "JA Fitzgerald",
              "bowler": "M Fontaine",
              "non_striker": "K Mirpuri",
              "runs": {
                "batter": 0,
                "extras": 0,
                "total": 0
              }
            },
            {
              "batter": "JA Fitzgerald",
              "bowler": "M Fontaine",
              "non_striker": "K Mirpuri",
              "runs": {
                "batter": 6,
                "extras": 0,
                "total": 6
              }
            }
          ]
        },
        {
          "over": 17,
          "deliveries": [
            {
              "batter": "K Mirpuri",
              "bowler": "Sheikh Rasik",
              "non_striker": "JA Fitzgerald",
              "runs": {
                "batter": 1,
                "extras": 0,
                "total": 1
              }
            },
            {
              "batter": "JA Fitzgerald",
              "bowler": "Sheikh Rasik",
              "non_striker": "K Mirpuri",
              "runs": {
                "batter": 0,
                "extras": 0,
                "total": 0
              },
              "wickets": [
                {
                  "player_out": "JA Fitzgerald",
                  "kind": "bowled"
                }
              ]
            },
            {
              "batter": "S Bodha",
              "bowler": "Sheikh Rasik",
              "non_striker": "K Mirpuri",
              "runs": {
                "batter": 0,
                "extras": 0,
                "total": 0
              }
            },
            {
              "batter": "S Bodha",
              "bowler": "Sheikh Rasik",
              "non_striker": "K Mirpuri",
              "runs": {
                "batter": 1,
                "extras": 0,
                "total": 1
              }
            },
            {
              "batter": "K Mirpuri",
              "bowler": "Sheikh Rasik",
              "non_striker": "S Bodha",
              "runs": {
                "batter": 1,
                "extras": 0,
                "total": 1
              }
            },
            {
              "batter": "S Bodha",
              "bowler": "Sheikh Rasik",
              "non_striker": "K Mirpuri",
              "runs": {
                "batter": 0,
                "extras": 0,
                "total": 0
              }
            }
          ]
        },
        {
          "over": 18,
          "deliveries": [
            {
              "batter": "K Mirpuri",
              "bowler": "HV Mandhyan",
              "non_striker": "S Bodha",
              "runs": {
                "batter": 4,
                "extras": 0,
                "total": 4
              }
            },
            {
              "batter": "K Mirpuri",
              "bowler": "HV Mandhyan",
              "non_striker": "S Bodha",
              "runs": {
                "batter": 4,
                "extras": 0,
                "total": 4
              }
            },
            {
              "batter": "K Mirpuri",
              "bowler": "HV Mandhyan",
              "non_striker": "S Bodha",
              "runs": {
                "batter": 1,
                "extras": 0,
                "total": 1
              }
            },
            {
              "batter": "S Bodha",
              "bowler": "HV Mandhyan",
              "non_striker": "K Mirpuri",
              "runs": {
                "batter": 2,
                "extras": 0,
                "total": 2
              }
            },
            {
              "batter": "S Bodha",
              "bowler": "HV Mandhyan",
              "non_striker": "K Mirpuri",
              "runs": {
                "batter": 1,
                "extras": 0,
                "total": 1
              }
            },
            {
              "batter": "K Mirpuri",
              "bowler": "HV Mandhyan",
              "non_striker": "S Bodha",
              "runs": {
                "batter": 1,
                "extras": 0,
                "total": 1
              }
            }
          ]
        },
        {
          "over": 19,
          "deliveries": [
            {
              "batter": "K Mirpuri",
              "bowler": "Mueez ul Hassan",
              "extras": {
                "wides": 1
              },
              "non_striker": "S Bodha",
              "runs": {
                "batter": 0,
                "extras": 1,
                "total": 1
              }
            },
            {
              "batter": "K Mirpuri",
              "bowler": "Mueez ul Hassan",
              "non_striker": "S Bodha",
              "runs": {
                "batter": 2,
                "extras": 0,
                "total": 2
              }
            },
            {
              "batter": "K Mirpuri",
              "bowler": "Mueez ul Hassan",
              "non_striker": "S Bodha",
              "runs": {
                "batter": 0,
                "extras": 0,
                "total": 0
              }
            },
            {
              "batter": "K Mirpuri",
              "bowler": "Mueez ul Hassan",
              "non_striker": "S Bodha",
              "runs": {
                "batter": 1,
                "extras": 0,
                "total": 1
              }
            },
            {
              "batter": "S Bodha",
              "bowler": "Mueez ul Hassan",
              "non_striker": "K Mirpuri",
              "runs": {
                "batter": 1,
                "extras": 0,
                "total": 1
              }
            },
            {
              "batter": "K Mirpuri",
              "bowler": "Mueez ul Hassan",
              "non_striker": "S Bodha",
              "runs": {
                "batter": 0,
                "extras": 0,
                "total": 0
              },
              "wickets": [
                {
                  "player_out": "K Mirpuri",
                  "fielders": [
                    {
                      "name": "Muhammad Saqlain"
                    }
                  ],
                  "kind": "caught"
                }
              ]
            },
            {
              "batter": "M Gouws",
              "bowler": "Mueez ul Hassan",
              "extras": {
                "wides": 1
              },
              "non_striker": "S Bodha",
              "runs": {
                "batter": 0,
                "extras": 1,
                "total": 1
              }
            },
            {
              "batter": "M Gouws",
              "bowler": "Mueez ul Hassan",
              "non_striker": "S Bodha",
              "runs": {
                "batter": 0,
                "extras": 0,
                "total": 0
              },
              "wickets": [
                {
                  "player_out": "S Bodha",
                  "fielders": [
                    {
                      "name": "V Ravindran"
                    }
                  ],
                  "kind": "run out"
                }
              ]
            }
          ]
        }
      ],
      "powerplays": [
        {
          "from": 0.1,
          "to": 5.7,
          "type": "mandatory"
        }
      ]
    },
    {
      "team": "Hungary",
      "overs": [
        {
          "over": 0,
          "deliveries": [
            {
              "batter": "V Ravindran",
              "bowler": "S Bodha",
              "extras": {
                "byes": 1
              },
              "non_striker": "HV Mandhyan",
              "runs": {
                "batter": 0,
                "extras": 1,
                "total": 1
              }
            },
            {
              "batter": "HV Mandhyan",
              "bowler": "S Bodha",
              "non_striker": "V Ravindran",
              "runs": {
                "batter": 1,
                "extras": 0,
                "total": 1
              }
            },
            {
              "batter": "V Ravindran",
              "bowler": "S Bodha",
              "non_striker": "HV Mandhyan",
              "runs": {
                "batter": 0,
                "extras": 0,
                "total": 0
              }
            },
            {
              "batter": "V Ravindran",
              "bowler": "S Bodha",
              "extras": {
                "byes": 1
              },
              "non_striker": "HV Mandhyan",
              "runs": {
                "batter": 0,
                "extras": 1,
                "total": 1
              }
            },
            {
              "batter": "HV Mandhyan",
              "bowler": "S Bodha",
              "non_striker": "V Ravindran",
              "runs": {
                "batter": 0,
                "extras": 0,
                "total": 0
              }
            },
            {
              "batter": "HV Mandhyan",
              "bowler": "S Bodha",
              "non_striker": "V Ravindran",
              "runs": {
                "batter": 0,
                "extras": 0,
                "total": 0
              }
            }
          ]
        },
        {
          "over": 1,
          "deliveries": [
            {
              "batter": "V Ravindran",
              "bowler": "A Reyes",
              "non_striker": "HV Mandhyan",
              "runs": {
                "batter": 4,
                "extras": 0,
                "total": 4
              }
            },
            {
              "batter": "V Ravindran",
              "bowler": "A Reyes",
              "non_striker": "HV Mandhyan",
              "runs": {
                "batter": 0,
                "extras": 0,
                "total": 0
              }
            },
            {
              "batter": "V Ravindran",
              "bowler": "A Reyes",
              "non_striker": "HV Mandhyan",
              "runs": {
                "batter": 0,
                "extras": 0,
                "total": 0
              }
            },
            {
              "batter": "V Ravindran",
              "bowler": "A Reyes",
              "non_striker": "HV Mandhyan",
              "runs": {
                "batter": 4,
                "extras": 0,
                "total": 4
              }
            },
            {
              "batter": "V Ravindran",
              "bowler": "A Reyes",
              "non_striker": "HV Mandhyan",
              "runs": {
                "batter": 0,
                "extras": 0,
                "total": 0
              }
            },
            {
              "batter": "V Ravindran",
              "bowler": "A Reyes",
              "non_striker": "HV Mandhyan",
              "runs": {
                "batter": 1,
                "extras": 0,
                "total": 1
              }
            }
          ]
        },
        {
          "over": 2,
          "deliveries": [
            {
              "batter": "V Ravindran",
              "bowler": "S Bodha",
              "extras": {
                "wides": 5
              },
              "non_striker": "HV Mandhyan",
              "runs": {
                "batter": 0,
                "extras": 5,
                "total": 5
              }
            },
            {
              "batter": "V Ravindran",
              "bowler": "S Bodha",
              "non_striker": "HV Mandhyan",
              "runs": {
                "batter": 0,
                "extras": 0,
                "total": 0
              }
            },
            {
              "batter": "V Ravindran",
              "bowler": "S Bodha",
              "non_striker": "HV Mandhyan",
              "runs": {
                "batter": 4,
                "extras": 0,
                "total": 4
              }
            },
            {
              "batter": "V Ravindran",
              "bowler": "S Bodha",
              "non_striker": "HV Mandhyan",
              "runs": {
                "batter": 2,
                "extras": 0,
                "total": 2
              }
            },
            {
              "batter": "V Ravindran",
              "bowler": "S Bodha",
              "non_striker": "HV Mandhyan",
              "runs": {
                "batter": 4,
                "extras": 0,
                "total": 4
              }
            },
            {
              "batter": "V Ravindran",
              "bowler": "S Bodha",
              "non_striker": "HV Mandhyan",
              "runs": {
                "batter": 6,
                "extras": 0,
                "total": 6
              }
            },
            {
              "batter": "V Ravindran",
              "bowler": "S Bodha",
              "non_striker": "HV Mandhyan",
              "runs": {
                "batter": 0,
                "extras": 0,
                "total": 0
              }
            }
          ]
        },
        {
          "over": 3,
          "deliveries": [
            {
              "batter": "HV Mandhyan",
              "bowler": "A Reyes",
              "non_striker": "V Ravindran",
              "runs": {
                "batter": 1,
                "extras": 0,
                "total": 1
              }
            },
            {
              "batter": "V Ravindran",
              "bowler": "A Reyes",
              "non_striker": "HV Mandhyan",
              "runs": {
                "batter": 0,
                "extras": 0,
                "total": 0
              }
            },
            {
              "batter": "V Ravindran",
              "bowler": "A Reyes",
              "non_striker": "HV Mandhyan",
              "runs": {
                "batter": 1,
                "extras": 0,
                "total": 1
              }
            },
            {
              "batter": "HV Mandhyan",
              "bowler": "A Reyes",
              "non_striker": "V Ravindran",
              "runs": {
                "batter": 0,
                "extras": 0,
                "total": 0
              }
            },
            {
              "batter": "HV Mandhyan",
              "bowler": "A Reyes",
              "extras": {
                "wides": 1
              },
              "non_striker": "V Ravindran",
              "runs": {
                "batter": 0,
                "extras": 1,
                "total": 1
              }
            },
            {
              "batter": "HV Mandhyan",
              "bowler": "A Reyes",
              "non_striker": "V Ravindran",
              "runs": {
                "batter": 6,
                "extras": 0,
                "total": 6
              }
            },
            {
              "batter": "HV Mandhyan",
              "bowler": "A Reyes",
              "non_striker": "V Ravindran",
              "runs": {
                "batter": 1,
                "extras": 0,
                "total": 1
              }
            }
          ]
        },
        {
          "over": 4,
          "deliveries": [
            {
              "batter": "HV Mandhyan",
              "bowler": "M Gouws",
              "non_striker": "V Ravindran",
              "runs": {
                "batter": 0,
                "extras": 0,
                "total": 0
              }
            },
            {
              "batter": "HV Mandhyan",
              "bowler": "M Gouws",
              "non_striker": "V Ravindran",
              "runs": {
                "batter": 0,
                "extras": 0,
                "total": 0
              }
            },
            {
              "batter": "HV Mandhyan",
              "bowler": "M Gouws",
              "non_striker": "V Ravindran",
              "runs": {
                "batter": 4,
                "extras": 0,
                "total": 4
              }
            },
            {
              "batter": "HV Mandhyan",
              "bowler": "M Gouws",
              "extras": {
                "wides": 5
              },
              "non_striker": "V Ravindran",
              "runs": {
                "batter": 0,
                "extras": 5,
                "total": 5
              }
            },
            {
              "batter": "HV Mandhyan",
              "bowler": "M Gouws",
              "extras": {
                "wides": 2
              },
              "non_striker": "V Ravindran",
              "runs": {
                "batter": 0,
                "extras": 2,
                "total": 2
              }
            },
            {
              "batter": "V Ravindran",
              "bowler": "M Gouws",
              "non_striker": "HV Mandhyan",
              "runs": {
                "batter": 0,
                "extras": 0,
                "total": 0
              },
              "wickets": [
                {
                  "player_out": "V Ravindran",
                  "fielders": [
                    {
                      "name": "JA Fitzgerald"
                    }
                  ],
                  "kind": "caught"
                }
              ]
            },
            {
              "batter": "Mueez ul Hassan",
              "bowler": "M Gouws",
              "extras": {
                "wides": 5
              },
              "non_striker": "HV Mandhyan",
              "runs": {
                "batter": 0,
                "extras": 5,
                "total": 5
              }
            },
            {
              "batter": "Mueez ul Hassan",
              "bowler": "M Gouws",
              "non_striker": "HV Mandhyan",
              "runs": {
                "batter": 0,
                "extras": 0,
                "total": 0
              }
            },
            {
              "batter": "Mueez ul Hassan",
              "bowler": "M Gouws",
              "non_striker": "HV Mandhyan",
              "runs": {
                "batter": 0,
                "extras": 0,
                "total": 0
              }
            }
          ]
        },
        {
          "over": 5,
          "deliveries": [
            {
              "batter": "HV Mandhyan",
              "bowler": "K Mirpuri",
              "non_striker": "Mueez ul Hassan",
              "runs": {
                "batter": 0,
                "extras": 0,
                "total": 0
              }
            },
            {
              "batter": "HV Mandhyan",
              "bowler": "K Mirpuri",
              "non_striker": "Mueez ul Hassan",
              "runs": {
                "batter": 1,
                "extras": 0,
                "total": 1
              }
            },
            {
              "batter": "Mueez ul Hassan",
              "bowler": "K Mirpuri",
              "non_striker": "HV Mandhyan",
              "runs": {
                "batter": 4,
                "extras": 0,
                "total": 4
              }
            },
            {
              "batter": "Mueez ul Hassan",
              "bowler": "K Mirpuri",
              "non_striker": "HV Mandhyan",
              "runs": {
                "batter": 0,
                "extras": 0,
                "total": 0
              }
            },
            {
              "batter": "Mueez ul Hassan",
              "bowler": "K Mirpuri",
              "non_striker": "HV Mandhyan",
              "runs": {
                "batter": 0,
                "extras": 0,
                "total": 0
              },
              "wickets": [
                {
                  "player_out": "Mueez ul Hassan",
                  "kind": "caught and bowled"
                }
              ]
            },
            {
              "batter": "Sheikh Rasik",
              "bowler": "K Mirpuri",
              "non_striker": "HV Mandhyan",
              "runs": {
                "batter": 0,
                "extras": 0,
                "total": 0
              }
            }
          ]
        },
        {
          "over": 6,
          "deliveries": [
            {
              "batter": "HV Mandhyan",
              "bowler": "N Advani",
              "non_striker": "Sheikh Rasik",
              "runs": {
                "batter": 1,
                "extras": 0,
                "total": 1
              }
            },
            {
              "batter": "Sheikh Rasik",
              "bowler": "N Advani",
              "non_striker": "HV Mandhyan",
              "runs": {
                "batter": 1,
                "extras": 0,
                "total": 1
              }
            },
            {
              "batter": "HV Mandhyan",
              "bowler": "N Advani",
              "non_striker": "Sheikh Rasik",
              "runs": {
                "batter": 1,
                "extras": 0,
                "total": 1
              }
            },
            {
              "batter": "Sheikh Rasik",
              "bowler": "N Advani",
              "non_striker": "HV Mandhyan",
              "runs": {
                "batter": 0,
                "extras": 0,
                "total": 0
              }
            },
            {
              "batter": "Sheikh Rasik",
              "bowler": "N Advani",
              "non_striker": "HV Mandhyan",
              "runs": {
                "batter": 4,
                "extras": 0,
                "total": 4
              }
            },
            {
              "batter": "Sheikh Rasik",
              "bowler": "N Advani",
              "non_striker": "HV Mandhyan",
              "runs": {
                "batter": 1,
                "extras": 0,
                "total": 1
              }
            }
          ]
        },
        {
          "over": 7,
          "deliveries": [
            {
              "batter": "Sheikh Rasik",
              "bowler": "K Mirpuri",
              "non_striker": "HV Mandhyan",
              "runs": {
                "batter": 2,
                "extras": 0,
                "total": 2
              }
            },
            {
              "batter": "Sheikh Rasik",
              "bowler": "K Mirpuri",
              "extras": {
                "wides": 1
              },
              "non_striker": "HV Mandhyan",
              "runs": {
                "batter": 0,
                "extras": 1,
                "total": 1
              }
            },
            {
              "batter": "Sheikh Rasik",
              "bowler": "K Mirpuri",
              "extras": {
                "wides": 1
              },
              "non_striker": "HV Mandhyan",
              "runs": {
                "batter": 0,
                "extras": 1,
                "total": 1
              }
            },
            {
              "batter": "Sheikh Rasik",
              "bowler": "K Mirpuri",
              "non_striker": "HV Mandhyan",
              "runs": {
                "batter": 2,
                "extras": 0,
                "total": 2
              }
            },
            {
              "batter": "Sheikh Rasik",
              "bowler": "K Mirpuri",
              "non_striker": "HV Mandhyan",
              "runs": {
                "batter": 1,
                "extras": 0,
                "total": 1
              }
            },
            {
              "batter": "HV Mandhyan",
              "bowler": "K Mirpuri",
              "non_striker": "Sheikh Rasik",
              "runs": {
                "batter": 1,
                "extras": 0,
                "total": 1
              }
            },
            {
              "batter": "Sheikh Rasik",
              "bowler": "K Mirpuri",
              "non_striker": "HV Mandhyan",
              "runs": {
                "batter": 0,
                "extras": 0,
                "total": 0
              }
            },
            {
              "batter": "Sheikh Rasik",
              "bowler": "K Mirpuri",
              "non_striker": "HV Mandhyan",
              "runs": {
                "batter": 1,
                "extras": 0,
                "total": 1
              }
            }
          ]
        },
        {
          "over": 8,
          "deliveries": [
            {
              "batter": "Sheikh Rasik",
              "bowler": "M Whelan",
              "non_striker": "HV Mandhyan",
              "runs": {
                "batter": 0,
                "extras": 0,
                "total": 0
              }
            },
            {
              "batter": "Sheikh Rasik",
              "bowler": "M Whelan",
              "non_striker": "HV Mandhyan",
              "runs": {
                "batter": 4,
                "extras": 0,
                "total": 4
              }
            },
            {
              "batter": "Sheikh Rasik",
              "bowler": "M Whelan",
              "non_striker": "HV Mandhyan",
              "runs": {
                "batter": 0,
                "extras": 0,
                "total": 0
              }
            },
            {
              "batter": "Sheikh Rasik",
              "bowler": "M Whelan",
              "non_striker": "HV Mandhyan",
              "runs": {
                "batter": 4,
                "extras": 0,
                "total": 4
              }
            },
            {
              "batter": "Sheikh Rasik",
              "bowler": "M Whelan",
              "extras": {
                "wides": 3
              },
              "non_striker": "HV Mandhyan",
              "runs": {
                "batter": 0,
                "extras": 3,
                "total": 3
              }
            },
            {
              "batter": "Sheikh Rasik",
              "bowler": "M Whelan",
              "non_striker": "HV Mandhyan",
              "runs": {
                "batter": 1,
                "extras": 0,
                "total": 1
              }
            },
            {
              "batter": "HV Mandhyan",
              "bowler": "M Whelan",
              "non_striker": "Sheikh Rasik",
              "runs": {
                "batter": 1,
                "extras": 0,
                "total": 1
              }
            }
          ]
        },
        {
          "over": 9,
          "deliveries": [
            {
              "batter": "HV Mandhyan",
              "bowler": "K Mirpuri",
              "non_striker": "Sheikh Rasik",
              "runs": {
                "batter": 1,
                "extras": 0,
                "total": 1
              }
            },
            {
              "batter": "Sheikh Rasik",
              "bowler": "K Mirpuri",
              "non_striker": "HV Mandhyan",
              "runs": {
                "batter": 0,
                "extras": 0,
                "total": 0
              }
            },
            {
              "batter": "Sheikh Rasik",
              "bowler": "K Mirpuri",
              "non_striker": "HV Mandhyan",
              "runs": {
                "batter": 1,
                "extras": 0,
                "total": 1
              }
            },
            {
              "batter": "HV Mandhyan",
              "bowler": "K Mirpuri",
              "non_striker": "Sheikh Rasik",
              "runs": {
                "batter": 1,
                "extras": 0,
                "total": 1
              }
            },
            {
              "batter": "Sheikh Rasik",
              "bowler": "K Mirpuri",
              "extras": {
                "wides": 1
              },
              "non_striker": "HV Mandhyan",
              "runs": {
                "batter": 0,
                "extras": 1,
                "total": 1
              }
            },
            {
              "batter": "Sheikh Rasik",
              "bowler": "K Mirpuri",
              "non_striker": "HV Mandhyan",
              "runs": {
                "batter": 4,
                "extras": 0,
                "total": 4
              }
            },
            {
              "batter": "Sheikh Rasik",
              "bowler": "K Mirpuri",
              "non_striker": "HV Mandhyan",
              "runs": {
                "batter": 2,
                "extras": 0,
                "total": 2
              }
            }
          ]
        },
        {
          "over": 10,
          "deliveries": [
            {
              "batter": "HV Mandhyan",
              "bowler": "M Whelan",
              "non_striker": "Sheikh Rasik",
              "runs": {
                "batter": 0,
                "extras": 0,
                "total": 0
              }
            },
            {
              "batter": "HV Mandhyan",
              "bowler": "M Whelan",
              "non_striker": "Sheikh Rasik",
              "runs": {
                "batter": 1,
                "extras": 0,
                "total": 1
              }
            },
            {
              "batter": "Sheikh Rasik",
              "bowler": "M Whelan",
              "non_striker": "HV Mandhyan",
              "runs": {
                "batter": 2,
                "extras": 0,
                "total": 2
              }
            },
            {
              "batter": "Sheikh Rasik",
              "bowler": "M Whelan",
              "non_striker": "HV Mandhyan",
              "runs": {
                "batter": 6,
                "extras": 0,
                "total": 6
              }
            },
            {
              "batter": "Sheikh Rasik",
              "bowler": "M Whelan",
              "non_striker": "HV Mandhyan",
              "runs": {
                "batter": 2,
                "extras": 0,
                "total": 2
              }
            },
            {
              "batter": "Sheikh Rasik",
              "bowler": "M Whelan",
              "non_striker": "HV Mandhyan",
              "runs": {
                "batter": 1,
                "extras": 0,
                "total": 1
              }
            }
          ]
        },
        {
          "over": 11,
          "deliveries": [
            {
              "batter": "Sheikh Rasik",
              "bowler": "IDM Latin",
              "non_striker": "HV Mandhyan",
              "runs": {
                "batter": 2,
                "extras": 0,
                "total": 2
              }
            },
            {
              "batter": "Sheikh Rasik",
              "bowler": "IDM Latin",
              "non_striker": "HV Mandhyan",
              "runs": {
                "batter": 2,
                "extras": 0,
                "total": 2
              }
            },
            {
              "batter": "Sheikh Rasik",
              "bowler": "IDM Latin",
              "non_striker": "HV Mandhyan",
              "runs": {
                "batter": 6,
                "extras": 0,
                "total": 6
              }
            },
            {
              "batter": "Sheikh Rasik",
              "bowler": "IDM Latin",
              "non_striker": "HV Mandhyan",
              "runs": {
                "batter": 2,
                "extras": 0,
                "total": 2
              }
            },
            {
              "batter": "Sheikh Rasik",
              "bowler": "IDM Latin",
              "non_striker": "HV Mandhyan",
              "runs": {
                "batter": 6,
                "extras": 0,
                "total": 6
              }
            },
            {
              "batter": "Sheikh Rasik",
              "bowler": "IDM Latin",
              "non_striker": "HV Mandhyan",
              "runs": {
                "batter": 2,
                "extras": 0,
                "total": 2
              }
            }
          ]
        },
        {
          "over": 12,
          "deliveries": [
            {
              "batter": "HV Mandhyan",
              "bowler": "S Bodha",
              "non_striker": "Sheikh Rasik",
              "runs": {
                "batter": 2,
                "extras": 0,
                "total": 2
              }
            },
            {
              "batter": "HV Mandhyan",
              "bowler": "S Bodha",
              "non_striker": "Sheikh Rasik",
              "runs": {
                "batter": 4,
                "extras": 0,
                "total": 4
              }
            },
            {
              "batter": "HV Mandhyan",
              "bowler": "S Bodha",
              "non_striker": "Sheikh Rasik",
              "runs": {
                "batter": 1,
                "extras": 0,
                "total": 1
              }
            },
            {
              "batter": "Sheikh Rasik",
              "bowler": "S Bodha",
              "non_striker": "HV Mandhyan",
              "runs": {
                "batter": 6,
                "extras": 0,
                "total": 6
              }
            },
            {
              "batter": "Sheikh Rasik",
              "bowler": "S Bodha",
              "non_striker": "HV Mandhyan",
              "runs": {
                "batter": 4,
                "extras": 0,
                "total": 4
              }
            }
          ]
        }
      ],
      "powerplays": [
        {
          "from": 0.1,
          "to": 5.6,
          "type": "mandatory"
        }
      ],
      "target": {
        "overs": 20,
        "runs": 151
      }
    }
  ]
}