{
  "meta": {
    "data_version": "1.0.0",
    "created": "2013-12-29",
    "revision": 2
  },
  "info": {
    "balls_per_over": 6,
    "city": "Dubai",
    "dates": [
      "2013-11-15"
    ],
    "event": {
      "group": "B",
      "match_number": 3,
      "name": "ICC World Twenty20 Qualifier"
    },
    "gender": "male",
    "match_type": "IT20",
    "officials": {
      "match_referees": [
        "GF Labrooy"
      ],
      "reserve_umpires": [
        "AT Holdstock"
      ],
      "umpires": [
        "CB Gaffaney",
        "Sarika Prasad"
      ]
    },
    "outcome": {
      "by": {
        "wickets": 5
      },
      "winner": "Nepal"
    },
    "overs": 20,
    "player_of_match": [
      "P Khadka"
    ],
    "players": {
      "Denmark": [
        "FA Klokker",
        "Yasir Iqbal",
        "Aftab Ahmed (2)",
        "Kamran Mahmood",
        "Rizwan Mahmood",
        "HAM Shah",
        "MR Pedersen",
        "Pawan Kumar",
        "CJ Botma",
        "Bashir Shah",
        "RB Javed"
      ],
      "Nepal": [
        "PS Airee",
        "SP Khakurel",
        "G Malla",
        "P Khadka",
        "B Bhandari",
        "S Vesawkar",
        "Sagar Pun",
        "SP Gauchan",
        "B Regmi",
        "A Bhattarai",
        "JK Mukhiya"
      ]
    },
    "registry": {
      "people": {
        "A Bhattarai": "2c2013a9",
        "AT Holdstock": "6fa3258c",
        "Aftab Ahmed (2)": "94ed8d37",
        "B Bhandari": "82342b13",
        "B Regmi": "98d05440",
        "Bashir Shah": "3b282e51",
        "CB Gaffaney": "d5ac41d8",
        "CJ Botma": "df402b65",
        "FA Klokker": "821a412e",
        "G Malla": "b2e1d224",
        "GF Labrooy": "8e088dbc",
        "HAM Shah": "007113d7",
        "JK Mukhiya": "f8dcfe4e",
        "Kamran Mahmood": "12b7fa12",
        "MR Pedersen": "3f796a61",
        "P Khadka": "12c3ba4d",
        "PS Airee": "cc18ba92",
        "Pawan Kumar": "4ffaba53",
        "RB Javed": "bf385668",
        "Rizwan Mahmood": "56e771ef",
        "S Vesawkar": "3de06845",
        "SP Gauchan": "2d8aae2f",
        "SP Khakurel": "9a6b71d1",
        "Sagar Pun": "3c4007d3",
        "Sarika Prasad": "8ff397fa",
        "Yasir Iqbal": "928baf6b"
      }
    },
    "season": "2013/14",
    "team_type": "international",
    "teams": [
      "Denmark",
      "Nepal"
    ],
    "toss": {
      "decision": "bat",
      "winner": "Denmark"
    },
    "venue": "ICC Academy Oval 2"
  },
  "innings": [
    {
      "team": "Denmark",
      "overs": [
        {
          "over": 0,
          "deliveries": [
            {
              "batter": "FA Klokker",
              "bowler": "A Bhattarai",
              "non_striker": "Yasir Iqbal",
              "runs": {
                "batter": 0,
                "extras": 0,
                "total": 0
              }
            },
            {
              "batter": "FA Klokker",
              "bowler": "A Bhattarai",
              "non_striker": "Yasir Iqbal",
              "runs": {
                "batter": 0,
                "extras": 0,
                "total": 0
              }
            },
            {
              "batter": "FA Klokker",
              "bowler": "A Bhattarai",
              "non_striker": "Yasir Iqbal",
              "runs": {
                "batter": 0,
                "extras": 0,
                "total": 0
              }
            },
            {
              "batter": "FA Klokker",
              "bowler": "A Bhattarai",
              "non_striker": "Yasir Iqbal",
              "runs": {
                "batter": 1,
                "extras": 0,
                "total": 1
              }
            },
            {
              "batter": "Yasir Iqbal",
              "bowler": "A Bhattarai",
              "non_striker": "FA Klokker",
              "runs": {
                "batter": 0,
                "extras": 0,
                "total": 0
              }
            },
            {
              "batter": "Yasir Iqbal",
              "bowler": "A Bhattarai",
              "non_striker": "FA Klokker",
              "runs": {
                "batter": 1,
                "extras": 0,
                "total": 1
              }
            }
          ]
        },
        {
          "over": 1,
          "deliveries": [
            {
              "batter": "Yasir Iqbal",
              "bowler": "JK Mukhiya",
              "non_striker": "FA Klokker",
              "runs": {
                "batter": 1,
                "extras": 0,
                "total": 1
              }
            },
            {
              "batter": "FA Klokker",
              "bowler": "JK Mukhiya",
              "non_striker": "Yasir Iqbal",
              "runs": {
                "batter": 0,
                "extras": 0,
                "total": 0
              },
              "wickets": [
                {
                  "kind": "lbw",
                  "player_out": "FA Klokker"
                }
              ]
            },
            {
              "batter": "Aftab Ahmed (2)",
              "bowler": "JK Mukhiya",
              "non_striker": "Yasir Iqbal",
              "runs": {
                "batter": 0,
                "extras": 0,
                "total": 0
              }
            },
            {
              "batter": "Aftab Ahmed (2)",
              "bowler": "JK Mukhiya",
              "non_striker": "Yasir Iqbal",
              "runs": {
                "batter": 1,
                "extras": 0,
                "total": 1
              }
            },
            {
              "batter": "Yasir Iqbal",
              "bowler": "JK Mukhiya",
              "non_striker": "Aftab Ahmed (2)",
              "runs": {
                "batter": 0,
                "extras": 0,
                "total": 0
              }
            },
            {
              "batter": "Yasir Iqbal",
              "bowler": "JK Mukhiya",
              "non_striker": "Aftab Ahmed (2)",
              "runs": {
                "batter": 0,
                "extras": 0,
                "total": 0
              }
            }
          ]
        },
        {
          "over": 2,
          "deliveries": [
            {
              "batter": "Aftab Ahmed (2)",
              "bowler": "A Bhattarai",
              "non_striker": "Yasir Iqbal",
              "runs": {
                "batter": 0,
                "extras": 0,
                "total": 0
              }
            },
            {
              "batter": "Aftab Ahmed (2)",
              "bowler": "A Bhattarai",
              "non_striker": "Yasir Iqbal",
              "runs": {
                "batter": 1,
                "extras": 0,
                "total": 1
              }
            },
            {
              "batter": "Yasir Iqbal",
              "bowler": "A Bhattarai",
              "non_striker": "Aftab Ahmed (2)",
              "runs": {
                "batter": 0,
                "extras": 0,
                "total": 0
              }
            },
            {
              "batter": "Yasir Iqbal",
              "bowler": "A Bhattarai",
              "non_striker": "Aftab Ahmed (2)",
              "runs": {
                "batter": 1,
                "extras": 0,
                "total": 1
              }
            },
            {
              "batter": "Aftab Ahmed (2)",
              "bowler": "A Bhattarai",
              "non_striker": "Yasir Iqbal",
              "runs": {
                "batter": 0,
                "extras": 0,
                "total": 0
              }
            },
            {
              "batter": "Aftab Ahmed (2)",
              "bowler": "A Bhattarai",
              "non_striker": "Yasir Iqbal",
              "runs": {
                "batter": 0,
                "extras": 0,
                "total": 0
              }
            }
          ]
        },
        {
          "over": 3,
          "deliveries": [
            {
              "batter": "Yasir Iqbal",
              "bowler": "JK Mukhiya",
              "non_striker": "Aftab Ahmed (2)",
              "runs": {
                "batter": 4,
                "extras": 0,
                "total": 4
              }
            },
            {
              "batter": "Yasir Iqbal",
              "bowler": "JK Mukhiya",
              "non_striker": "Aftab Ahmed (2)",
              "runs": {
                "batter": 1,
                "extras": 0,
                "total": 1
              }
            },
            {
              "batter": "Aftab Ahmed (2)",
              "bowler": "JK Mukhiya",
              "non_striker": "Yasir Iqbal",
              "runs": {
                "batter": 0,
                "extras": 0,
                "total": 0
              }
            },
            {
              "batter": "Aftab Ahmed (2)",
              "bowler": "JK Mukhiya",
              "non_striker": "Yasir Iqbal",
              "runs": {
                "batter": 1,
                "extras": 0,
                "total": 1
              }
            },
            {
              "batter": "Yasir Iqbal",
              "bowler": "JK Mukhiya",
              "extras": {
                "wides": 1
              },
              "non_striker": "Aftab Ahmed (2)",
              "runs": {
                "batter": 0,
                "extras": 1,
                "total": 1
              }
            },
            {
              "batter": "Yasir Iqbal",
              "bowler": "JK Mukhiya",
              "non_striker": "Aftab Ahmed (2)",
              "runs": {
                "batter": 1,
                "extras": 0,
                "total": 1
              }
            },
            {
              "batter": "Aftab Ahmed (2)",
              "bowler": "JK Mukhiya",
              "non_striker": "Yasir Iqbal",
              "runs": {
                "batter": 2,
                "extras": 0,
                "total": 2
              }
            }
          ]
        },
        {
          "over": 4,
          "deliveries": [
            {
              "batter": "Yasir Iqbal",
              "bowler": "A Bhattarai",
              "non_striker": "Aftab Ahmed (2)",
              "runs": {
                "batter": 0,
                "extras": 0,
                "total": 0
              }
            },
            {
              "batter": "Yasir Iqbal",
              "bowler": "A Bhattarai",
              "non_striker": "Aftab Ahmed (2)",
              "runs": {
                "batter": 4,
                "extras": 0,
                "total": 4
              }
            },
            {
              "batter": "Yasir Iqbal",
              "bowler": "A Bhattarai",
              "extras": {
                "legbyes": 2
              },
              "non_striker": "Aftab Ahmed (2)",
              "runs": {
                "batter": 0,
                "extras": 2,
                "total": 2
              }
            },
            {
              "batter": "Yasir Iqbal",
              "bowler": "A Bhattarai",
              "non_striker": "Aftab Ahmed (2)",
              "runs": {
                "batter": 1,
                "extras": 0,
                "total": 1
              }
            },
            {
              "batter": "Aftab Ahmed (2)",
              "bowler": "A Bhattarai",
              "non_striker": "Yasir Iqbal",
              "runs": {
                "batter": 1,
                "extras": 0,
                "total": 1
              }
            },
            {
              "batter": "Yasir Iqbal",
              "bowler": "A Bhattarai",
              "non_striker": "Aftab Ahmed (2)",
              "runs": {
                "batter": 0,
                "extras": 0,
                "total": 0
              }
            }
          ]
        },
        {
          "over": 5,
          "deliveries": [
            {
              "batter": "Aftab Ahmed (2)",
              "bowler": "JK Mukhiya",
              "non_striker": "Yasir Iqbal",
              "runs": {
                "batter": 1,
                "extras": 0,
                "total": 1
              }
            },
            {
              "batter": "Yasir Iqbal",
              "bowler": "JK Mukhiya",
              "non_striker": "Aftab Ahmed (2)",
              "runs": {
                "batter": 0,
                "extras": 0,
                "total": 0
              }
            },
            {
              "batter": "Yasir Iqbal",
              "bowler": "JK Mukhiya",
              "non_striker": "Aftab Ahmed (2)",
              "runs": {
                "batter": 0,
                "extras": 0,
                "total": 0
              },
              "wickets": [
                {
                  "kind": "run out",
                  "player_out": "Aftab Ahmed (2)",
                  "fielders": [
                    {
                      "name": "G Malla"
                    }
                  ]
                }
              ]
            },
            {
              "batter": "Yasir Iqbal",
              "bowler": "JK Mukhiya",
              "non_striker": "Kamran Mahmood",
              "runs": {
                "batter": 1,
                "extras": 0,
                "total": 1
              }
            },
            {
              "batter": "Kamran Mahmood",
              "bowler": "JK Mukhiya",
              "extras": {
                "wides": 1
              },
              "non_striker": "Yasir Iqbal",
              "runs": {
                "batter": 0,
                "extras": 1,
                "total": 1
              }
            },
            {
              "batter": "Kamran Mahmood",
              "bowler": "JK Mukhiya",
              "non_striker": "Yasir Iqbal",
              "runs": {
                "batter": 0,
                "extras": 0,
                "total": 0
              },
              "wickets": [
                {
                  "kind": "caught",
                  "player_out": "Kamran Mahmood",
                  "fielders": [
                    {
                      "name": "P Khadka"
                    }
                  ]
                }
              ]
            },
            {
              "batter": "Rizwan Mahmood",
              "bowler": "JK Mukhiya",
              "extras": {
                "wides": 1
              },
              "non_striker": "Yasir Iqbal",
              "runs": {
                "batter": 0,
                "extras": 1,
                "total": 1
              }
            },
            {
              "batter": "Rizwan Mahmood",
              "bowler": "JK Mukhiya",
              "non_striker": "Yasir Iqbal",
              "runs": {
                "batter": 0,
                "extras": 0,
                "total": 0
              }
            }
          ]
        },
        {
          "over": 6,
          "deliveries": [
            {
              "batter": "Yasir Iqbal",
              "bowler": "P Khadka",
              "non_striker": "Rizwan Mahmood",
              "runs": {
                "batter": 1,
                "extras": 0,
                "total": 1
              }
            },
            {
              "batter": "Rizwan Mahmood",
              "bowler": "P Khadka",
              "non_striker": "Yasir Iqbal",
              "runs": {
                "batter": 0,
                "extras": 0,
                "total": 0
              }
            },
            {
              "batter": "Rizwan Mahmood",
              "bowler": "P Khadka",
              "non_striker": "Yasir Iqbal",
              "runs": {
                "batter": 0,
                "extras": 0,
                "total": 0
              }
            },
            {
              "batter": "Rizwan Mahmood",
              "bowler": "P Khadka",
              "non_striker": "Yasir Iqbal",
              "runs": {
                "batter": 1,
                "extras": 0,
                "total": 1
              }
            },
            {
              "batter": "Yasir Iqbal",
              "bowler": "P Khadka",
              "non_striker": "Rizwan Mahmood",
              "runs": {
                "batter": 0,
                "extras": 0,
                "total": 0
              }
            },
            {
              "batter": "Yasir Iqbal",
              "bowler": "P Khadka",
              "non_striker": "Rizwan Mahmood",
              "runs": {
                "batter": 1,
                "extras": 0,
                "total": 1
              }
            }
          ]
        },
        {
          "over": 7,
          "deliveries": [
            {
              "batter": "Yasir Iqbal",
              "bowler": "B Regmi",
              "non_striker": "Rizwan Mahmood",
              "runs": {
                "batter": 0,
                "extras": 0,
                "total": 0
              },
              "wickets": [
                {
                  "kind": "caught",
                  "player_out": "Yasir Iqbal",
                  "fielders": [
                    {
                      "name": "P Khadka"
                    }
                  ]
                }
              ]
            },
            {
              "batter": "HAM Shah",
              "bowler": "B Regmi",
              "non_striker": "Rizwan Mahmood",
              "runs": {
                "batter": 0,
                "extras": 0,
                "total": 0
              }
            },
            {
              "batter": "HAM Shah",
              "bowler": "B Regmi",
              "non_striker": "Rizwan Mahmood",
              "runs": {
                "batter": 0,
                "extras": 0,
                "total": 0
              }
            },
            {
              "batter": "HAM Shah",
              "bowler": "B Regmi",
              "non_striker": "Rizwan Mahmood",
              "runs": {
                "batter": 0,
                "extras": 0,
                "total": 0
              }
            },
            {
              "batter": "HAM Shah",
              "bowler": "B Regmi",
              "non_striker": "Rizwan Mahmood",
              "runs": {
                "batter": 0,
                "extras": 0,
                "total": 0
              }
            },
            {
              "batter": "HAM Shah",
              "bowler": "B Regmi",
              "non_striker": "Rizwan Mahmood",
              "runs": {
                "batter": 0,
                "extras": 0,
                "total": 0
              }
            }
          ]
        },
        {
          "over": 8,
          "deliveries": [
            {
              "batter": "Rizwan Mahmood",
              "bowler": "P Khadka",
              "non_striker": "HAM Shah",
              "runs": {
                "batter": 0,
                "extras": 0,
                "total": 0
              }
            },
            {
              "batter": "Rizwan Mahmood",
              "bowler": "P Khadka",
              "non_striker": "HAM Shah",
              "runs": {
                "batter": 0,
                "extras": 0,
                "total": 0
              }
            },
            {
              "batter": "Rizwan Mahmood",
              "bowler": "P Khadka",
              "non_striker": "HAM Shah",
              "runs": {
                "batter": 0,
                "extras": 0,
                "total": 0
              }
            },
            {
              "batter": "Rizwan Mahmood",
              "bowler": "P Khadka",
              "non_striker": "HAM Shah",
              "runs": {
                "batter": 0,
                "extras": 0,
                "total": 0
              }
            },
            {
              "batter": "Rizwan Mahmood",
              "bowler": "P Khadka",
              "non_striker": "HAM Shah",
              "runs": {
                "batter": 1,
                "extras": 0,
                "total": 1
              }
            },
            {
              "batter": "HAM Shah",
              "bowler": "P Khadka",
              "non_striker": "Rizwan Mahmood",
              "runs": {
                "batter": 0,
                "extras": 0,
                "total": 0
              }
            }
          ]
        },
        {
          "over": 9,
          "deliveries": [
            {
              "batter": "Rizwan Mahmood",
              "bowler": "B Regmi",
              "non_striker": "HAM Shah",
              "runs": {
                "batter": 1,
                "extras": 0,
                "total": 1
              }
            },
            {
              "batter": "HAM Shah",
              "bowler": "B Regmi",
              "non_striker": "Rizwan Mahmood",
              "runs": {
                "batter": 6,
                "extras": 0,
                "total": 6
              }
            },
            {
              "batter": "HAM Shah",
              "bowler": "B Regmi",
              "non_striker": "Rizwan Mahmood",
              "runs": {
                "batter": 0,
                "extras": 0,
                "total": 0
              }
            },
            {
              "batter": "HAM Shah",
              "bowler": "B Regmi",
              "non_striker": "Rizwan Mahmood",
              "runs": {
                "batter": 0,
                "extras": 0,
                "total": 0
              }
            },
            {
              "batter": "HAM Shah",
              "bowler": "B Regmi",
              "non_striker": "Rizwan Mahmood",
              "runs": {
                "batter": 0,
                "extras": 0,
                "total": 0
              }
            },
            {
              "batter": "HAM Shah",
              "bowler": "B Regmi",
              "non_striker": "Rizwan Mahmood",
              "runs": {
                "batter": 0,
                "extras": 0,
                "total": 0
              }
            }
          ]
        },
        {
          "over": 10,
          "deliveries": [
            {
              "batter": "Rizwan Mahmood",
              "bowler": "P Khadka",
              "non_striker": "HAM Shah",
              "runs": {
                "batter": 2,
                "extras": 0,
                "total": 2
              }
            },
            {
              "batter": "Rizwan Mahmood",
              "bowler": "P Khadka",
              "non_striker": "HAM Shah",
              "runs": {
                "batter": 0,
                "extras": 0,
                "total": 0
              }
            },
            {
              "batter": "Rizwan Mahmood",
              "bowler": "P Khadka",
              "non_striker": "HAM Shah",
              "runs": {
                "batter": 1,
                "extras": 0,
                "total": 1
              }
            },
            {
              "batter": "HAM Shah",
              "bowler": "P Khadka",
              "non_striker": "Rizwan Mahmood",
              "runs": {
                "batter": 1,
                "extras": 0,
                "total": 1
              }
            },
            {
              "batter": "Rizwan Mahmood",
              "bowler": "P Khadka",
              "non_striker": "HAM Shah",
              "runs": {
                "batter": 0,
                "extras": 0,
                "total": 0
              }
            },
            {
              "batter": "Rizwan Mahmood",
              "bowler": "P Khadka",
              "non_striker": "HAM Shah",
              "runs": {
                "batter": 0,
                "extras": 0,
                "total": 0
              },
              "wickets": [
                {
                  "kind": "lbw",
                  "player_out": "Rizwan Mahmood"
                }
              ]
            }
          ]
        },
        {
          "over": 11,
          "deliveries": [
            {
              "batter": "HAM Shah",
              "bowler": "SP Gauchan",
              "non_striker": "MR Pedersen",
              "runs": {
                "batter": 0,
                "extras": 0,
                "total": 0
              }
            },
            {
              "batter": "HAM Shah",
              "bowler": "SP Gauchan",
              "non_striker": "MR Pedersen",
              "runs": {
                "batter": 0,
                "extras": 0,
                "total": 0
              }
            },
            {
              "batter": "HAM Shah",
              "bowler": "SP Gauchan",
              "non_striker": "MR Pedersen",
              "runs": {
                "batter": 0,
                "extras": 0,
                "total": 0
              }
            },
            {
              "batter": "HAM Shah",
              "bowler": "SP Gauchan",
              "non_striker": "MR Pedersen",
              "runs": {
                "batter": 1,
                "extras": 0,
                "total": 1
              }
            },
            {
              "batter": "MR Pedersen",
              "bowler": "SP Gauchan",
              "non_striker": "HAM Shah",
              "runs": {
                "batter": 0,
                "extras": 0,
                "total": 0
              }
            },
            {
              "batter": "MR Pedersen",
              "bowler": "SP Gauchan",
              "non_striker": "HAM Shah",
              "runs": {
                "batter": 2,
                "extras": 0,
                "total": 2
              }
            }
          ]
        },
        {
          "over": 12,
          "deliveries": [
            {
              "batter": "HAM Shah",
              "bowler": "P Khadka",
              "non_striker": "MR Pedersen",
              "runs": {
                "batter": 0,
                "extras": 0,
                "total": 0
              }
            },
            {
              "batter": "HAM Shah",
              "bowler": "P Khadka",
              "non_striker": "MR Pedersen",
              "runs": {
                "batter": 2,
                "extras": 0,
                "total": 2
              }
            },
            {
              "batter": "HAM Shah",
              "bowler": "P Khadka",
              "non_striker": "MR Pedersen",
              "runs": {
                "batter": 1,
                "extras": 0,
                "total": 1
              }
            },
            {
              "batter": "MR Pedersen",
              "bowler": "P Khadka",
              "non_striker": "HAM Shah",
              "runs": {
                "batter": 1,
                "extras": 0,
                "total": 1
              }
            },
            {
              "batter": "HAM Shah",
              "bowler": "P Khadka",
              "non_striker": "MR Pedersen",
              "runs": {
                "batter": 0,
                "extras": 0,
                "total": 0
              }
            },
            {
              "batter": "HAM Shah",
              "bowler": "P Khadka",
              "non_striker": "MR Pedersen",
              "runs": {
                "batter": 4,
                "extras": 0,
                "total": 4
              }
            }
          ]
        },
        {
          "over": 13,
          "deliveries": [
            {
              "batter": "MR Pedersen",
              "bowler": "SP Gauchan",
              "non_striker": "HAM Shah",
              "runs": {
                "batter": 0,
                "extras": 0,
                "total": 0
              }
            },
            {
              "batter": "MR Pedersen",
              "bowler": "SP Gauchan",
              "non_striker": "HAM Shah",
              "runs": {
                "batter": 1,
                "extras": 0,
                "total": 1
              }
            },
            {
              "batter": "HAM Shah",
              "bowler": "SP Gauchan",
              "non_striker": "MR Pedersen",
              "runs": {
                "batter": 2,
                "extras": 0,
                "total": 2
              }
            },
            {
              "batter": "HAM Shah",
              "bowler": "SP Gauchan",
              "extras": {
                "legbyes": 2
              },
              "non_striker": "MR Pedersen",
              "runs": {
                "batter": 0,
                "extras": 2,
                "total": 2
              }
            },
            {
              "batter": "HAM Shah",
              "bowler": "SP Gauchan",
              "non_striker": "MR Pedersen",
              "runs": {
                "batter": 1,
                "extras": 0,
                "total": 1
              }
            },
            {
              "batter": "MR Pedersen",
              "bowler": "SP Gauchan",
              "non_striker": "HAM Shah",
              "runs": {
                "batter": 1,
                "extras": 0,
                "total": 1
              }
            }
          ]
        },
        {
          "over": 14,
          "deliveries": [
            {
              "batter": "MR Pedersen",
              "bowler": "Sagar Pun",
              "non_striker": "HAM Shah",
              "runs": {
                "batter": 0,
                "extras": 0,
                "total": 0
              }
            },
            {
              "batter": "MR Pedersen",
              "bowler": "Sagar Pun",
              "non_striker": "HAM Shah",
              "runs": {
                "batter": 4,
                "extras": 0,
                "total": 4
              }
            },
            {
              "batter": "MR Pedersen",
              "bowler": "Sagar Pun",
              "non_striker": "HAM Shah",
              "runs": {
                "batter": 0,
                "extras": 0,
                "total": 0
              }
            },
            {
              "batter": "MR Pedersen",
              "bowler": "Sagar Pun",
              "non_striker": "HAM Shah",
              "runs": {
                "batter": 1,
                "extras": 0,
                "total": 1
              }
            },
            {
              "batter": "HAM Shah",
              "bowler": "Sagar Pun",
              "non_striker": "MR Pedersen",
              "runs": {
                "batter": 0,
                "extras": 0,
                "total": 0
              },
              "wickets": [
                {
                  "kind": "caught",
                  "player_out": "HAM Shah",
                  "fielders": [
                    {
                      "name": "B Regmi"
                    }
                  ]
                }
              ]
            },
            {
              "batter": "MR Pedersen",
              "bowler": "Sagar Pun",
              "non_striker": "Pawan Kumar",
              "runs": {
                "batter": 1,
                "extras": 0,
                "total": 1
              }
            }
          ]
        },
        {
          "over": 15,
          "deliveries": [
            {
              "batter": "MR Pedersen",
              "bowler": "SP Gauchan",
              "non_striker": "Pawan Kumar",
              "runs": {
                "batter": 1,
                "extras": 0,
                "total": 1
              }
            },
            {
              "batter": "Pawan Kumar",
              "bowler": "SP Gauchan",
              "non_striker": "MR Pedersen",
              "runs": {
                "batter": 0,
                "extras": 0,
                "total": 0
              }
            },
            {
              "batter": "Pawan Kumar",
              "bowler": "SP Gauchan",
              "non_striker": "MR Pedersen",
              "runs": {
                "batter": 0,
                "extras": 0,
                "total": 0
              },
              "wickets": [
                {
                  "kind": "bowled",
                  "player_out": "Pawan Kumar"
                }
              ]
            },
            {
              "batter": "CJ Botma",
              "bowler": "SP Gauchan",
              "non_striker": "MR Pedersen",
              "runs": {
                "batter": 0,
                "extras": 0,
                "total": 0
              }
            },
            {
              "batter": "CJ Botma",
              "bowler": "SP Gauchan",
              "non_striker": "MR Pedersen",
              "runs": {
                "batter": 0,
                "extras": 0,
                "total": 0
              }
            },
            {
              "batter": "CJ Botma",
              "bowler": "SP Gauchan",
              "non_striker": "MR Pedersen",
              "runs": {
                "batter": 1,
                "extras": 0,
                "total": 1
              }
            }
          ]
        },
        {
          "over": 16,
          "deliveries": [
            {
              "batter": "CJ Botma",
              "bowler": "Sagar Pun",
              "non_striker": "MR Pedersen",
              "runs": {
                "batter": 0,
                "extras": 0,
                "total": 0
              }
            },
            {
              "batter": "CJ Botma",
              "bowler": "Sagar Pun",
              "non_striker": "MR Pedersen",
              "runs": {
                "batter": 0,
                "extras": 0,
                "total": 0
              }
            },
            {
              "batter": "CJ Botma",
              "bowler": "Sagar Pun",
              "non_striker": "MR Pedersen",
              "runs": {
                "batter": 1,
                "extras": 0,
                "total": 1
              }
            },
            {
              "batter": "MR Pedersen",
              "bowler": "Sagar Pun",
              "non_striker": "CJ Botma",
              "runs": {
                "batter": 0,
                "extras": 0,
                "total": 0
              }
            },
            {
              "batter": "MR Pedersen",
              "bowler": "Sagar Pun",
              "non_striker": "CJ Botma",
              "runs": {
                "batter": 1,
                "extras": 0,
                "total": 1
              }
            },
            {
              "batter": "CJ Botma",
              "bowler": "Sagar Pun",
              "non_striker": "MR Pedersen",
              "runs": {
                "batter": 2,
                "extras": 0,
                "total": 2
              }
            }
          ]
        },
        {
          "over": 17,
          "deliveries": [
            {
              "batter": "MR Pedersen",
              "bowler": "SP Gauchan",
              "non_striker": "CJ Botma",
              "runs": {
                "batter": 1,
                "extras": 0,
                "total": 1
              }
            },
            {
              "batter": "CJ Botma",
              "bowler": "SP Gauchan",
              "non_striker": "MR Pedersen",
              "runs": {
                "batter": 1,
                "extras": 0,
                "total": 1
              }
            },
            {
              "batter": "MR Pedersen",
              "bowler": "SP Gauchan",
              "non_striker": "CJ Botma",
              "runs": {
                "batter": 1,
                "extras": 0,
                "total": 1
              }
            },
            {
              "batter": "CJ Botma",
              "bowler": "SP Gauchan",
              "non_striker": "MR Pedersen",
              "runs": {
                "batter": 0,
                "extras": 0,
                "total": 0
              }
            },
            {
              "batter": "CJ Botma",
              "bowler": "SP Gauchan",
              "non_striker": "MR Pedersen",
              "runs": {
                "batter": 0,
                "extras": 0,
                "total": 0
              }
            },
            {
              "batter": "CJ Botma",
              "bowler": "SP Gauchan",
              "non_striker": "MR Pedersen",
              "runs": {
                "batter": 0,
                "extras": 0,
                "total": 0
              }
            }
          ]
        },
        {
          "over": 18,
          "deliveries": [
            {
              "batter": "MR Pedersen",
              "bowler": "Sagar Pun",
              "non_striker": "CJ Botma",
              "runs": {
                "batter": 0,
                "extras": 0,
                "total": 0
              },
              "wickets": [
                {
                  "kind": "caught",
                  "player_out": "MR Pedersen",
                  "fielders": [
                    {
                      "name": "P Khadka"
                    }
                  ]
                }
              ]
            },
            {
              "batter": "CJ Botma",
              "bowler": "Sagar Pun",
              "non_striker": "Bashir Shah",
              "runs": {
                "batter": 1,
                "extras": 0,
                "total": 1
              }
            },
            {
              "batter": "Bashir Shah",
              "bowler": "Sagar Pun",
              "non_striker": "CJ Botma",
              "runs": {
                "batter": 1,
                "extras": 0,
                "total": 1
              }
            },
            {
              "batter": "CJ Botma",
              "bowler": "Sagar Pun",
              "non_striker": "Bashir Shah",
              "runs": {
                "batter": 0,
                "extras": 0,
                "total": 0
              },
              "wickets": [
                {
                  "kind": "caught",
                  "player_out": "CJ Botma",
                  "fielders": [
                    {
                      "name": "B Regmi"
                    }
                  ]
                }
              ]
            },
            {
              "batter": "Bashir Shah",
              "bowler": "Sagar Pun",
              "non_striker": "RB Javed",
              "runs": {
                "batter": 0,
                "extras": 0,
                "total": 0
              }
            },
            {
              "batter": "Bashir Shah",
              "bowler": "Sagar Pun",
              "non_striker": "RB Javed",
              "runs": {
                "batter": 0,
                "extras": 0,
                "total": 0
              }
            }
          ]
        },
        {
          "over": 19,
          "deliveries": [
            {
              "batter": "RB Javed",
              "bowler": "B Regmi",
              "non_striker": "Bashir Shah",
              "runs": {
                "batter": 0,
                "extras": 0,
                "total": 0
              }
            },
            {
              "batter": "RB Javed",
              "bowler": "B Regmi",
              "non_striker": "Bashir Shah",
              "runs": {
                "batter": 1,
                "extras": 0,
                "total": 1
              }
            },
            {
              "batter": "Bashir Shah",
              "bowler": "B Regmi",
              "non_striker": "RB Javed",
              "runs": {
                "batter": 0,
                "extras": 0,
                "total": 0
              }
            },
            {
              "batter": "Bashir Shah",
              "bowler": "B Regmi",
              "non_striker": "RB Javed",
              "runs": {
                "batter": 0,
                "extras": 0,
                "total": 0
              },
              "wickets": [
                {
                  "kind": "stumped",
                  "player_out": "Bashir Shah",
                  "fielders": [
                    {
                      "name": "SP Khakurel"
                    }
                  ]
                }
              ]
            }
          ]
        }
      ],
      "powerplays": [
        {
          "from": 0.1,
          "to": 5.8,
          "type": "mandatory"
        }
      ]
    },
    {
      "team": "Nepal",
      "overs": [
        {
          "over": 0,
          "deliveries": [
            {
              "batter": "PS Airee",
              "bowler": "Bashir Shah",
              "non_striker": "SP Khakurel",
              "runs": {
                "batter": 0,
                "extras": 0,
                "total": 0
              }
            },
            {
              "batter": "PS Airee",
              "bowler": "Bashir Shah",
              "non_striker": "SP Khakurel",
              "runs": {
                "batter": 0,
                "extras": 0,
                "total": 0
              }
            },
            {
              "batter": "PS Airee",
              "bowler": "Bashir Shah",
              "non_striker": "SP Khakurel",
              "runs": {
                "batter": 0,
                "extras": 0,
                "total": 0
              }
            },
            {
              "batter": "PS Airee",
              "bowler": "Bashir Shah",
              "non_striker": "SP Khakurel",
              "runs": {
                "batter": 0,
                "extras": 0,
                "total": 0
              },
              "wickets": [
                {
                  "kind": "caught",
                  "player_out": "PS Airee",
                  "fielders": [
                    {
                      "name": "MR Pedersen"
                    }
                  ]
                }
              ]
            },
            {
              "batter": "SP Khakurel",
              "bowler": "Bashir Shah",
              "non_striker": "G Malla",
              "runs": {
                "batter": 0,
                "extras": 0,
                "total": 0
              }
            },
            {
              "batter": "SP Khakurel",
              "bowler": "Bashir Shah",
              "non_striker": "G Malla",
              "runs": {
                "batter": 0,
                "extras": 0,
                "total": 0
              }
            }
          ]
        },
        {
          "over": 1,
          "deliveries": [
            {
              "batter": "G Malla",
              "bowler": "Aftab Ahmed (2)",
              "non_striker": "SP Khakurel",
              "runs": {
                "batter": 0,
                "extras": 0,
                "total": 0
              },
              "wickets": [
                {
                  "kind": "caught",
                  "player_out": "G Malla",
                  "fielders": [
                    {
                      "name": "HAM Shah"
                    }
                  ]
                }
              ]
            },
            {
              "batter": "P Khadka",
              "bowler": "Aftab Ahmed (2)",
              "non_striker": "SP Khakurel",
              "runs": {
                "batter": 0,
                "extras": 0,
                "total": 0
              }
            },
            {
              "batter": "P Khadka",
              "bowler": "Aftab Ahmed (2)",
              "non_striker": "SP Khakurel",
              "runs": {
                "batter": 0,
                "extras": 0,
                "total": 0
              }
            },
            {
              "batter": "P Khadka",
              "bowler": "Aftab Ahmed (2)",
              "non_striker": "SP Khakurel",
              "runs": {
                "batter": 0,
                "extras": 0,
                "total": 0
              }
            },
            {
              "batter": "P Khadka",
              "bowler": "Aftab Ahmed (2)",
              "non_striker": "SP Khakurel",
              "runs": {
                "batter": 1,
                "extras": 0,
                "total": 1
              }
            },
            {
              "batter": "SP Khakurel",
              "bowler": "Aftab Ahmed (2)",
              "non_striker": "P Khadka",
              "runs": {
                "batter": 0,
                "extras": 0,
                "total": 0
              }
            }
          ]
        },
        {
          "over": 2,
          "deliveries": [
            {
              "batter": "P Khadka",
              "bowler": "Bashir Shah",
              "non_striker": "SP Khakurel",
              "runs": {
                "batter": 0,
                "extras": 0,
                "total": 0
              }
            },
            {
              "batter": "P Khadka",
              "bowler": "Bashir Shah",
              "non_striker": "SP Khakurel",
              "runs": {
                "batter": 0,
                "extras": 0,
                "total": 0
              }
            },
            {
              "batter": "P Khadka",
              "bowler": "Bashir Shah",
              "non_striker": "SP Khakurel",
              "runs": {
                "batter": 0,
                "extras": 0,
                "total": 0
              }
            },
            {
              "batter": "P Khadka",
              "bowler": "Bashir Shah",
              "non_striker": "SP Khakurel",
              "runs": {
                "batter": 0,
                "extras": 0,
                "total": 0
              }
            },
            {
              "batter": "P Khadka",
              "bowler": "Bashir Shah",
              "non_striker": "SP Khakurel",
              "runs": {
                "batter": 1,
                "extras": 0,
                "total": 1
              }
            },
            {
              "batter": "SP Khakurel",
              "bowler": "Bashir Shah",
              "non_striker": "P Khadka",
              "runs": {
                "batter": 0,
                "extras": 0,
                "total": 0
              }
            }
          ]
        },
        {
          "over": 3,
          "deliveries": [
            {
              "batter": "P Khadka",
              "bowler": "Aftab Ahmed (2)",
              "non_striker": "SP Khakurel",
              "runs": {
                "batter": 1,
                "extras": 0,
                "total": 1
              }
            },
            {
              "batter": "SP Khakurel",
              "bowler": "Aftab Ahmed (2)",
              "non_striker": "P Khadka",
              "runs": {
                "batter": 0,
                "extras": 0,
                "total": 0
              }
            },
            {
              "batter": "SP Khakurel",
              "bowler": "Aftab Ahmed (2)",
              "non_striker": "P Khadka",
              "runs": {
                "batter": 4,
                "extras": 0,
                "total": 4
              }
            },
            {
              "batter": "SP Khakurel",
              "bowler": "Aftab Ahmed (2)",
              "non_striker": "P Khadka",
              "runs": {
                "batter": 4,
                "extras": 0,
                "total": 4
              }
            },
            {
              "batter": "SP Khakurel",
              "bowler": "Aftab Ahmed (2)",
              "non_striker": "P Khadka",
              "runs": {
                "batter": 0,
                "extras": 0,
                "total": 0
              }
            },
            {
              "batter": "SP Khakurel",
              "bowler": "Aftab Ahmed (2)",
              "non_striker": "P Khadka",
              "runs": {
                "batter": 1,
                "extras": 0,
                "total": 1
              }
            }
          ]
        },
        {
          "over": 4,
          "deliveries": [
            {
              "batter": "SP Khakurel",
              "bowler": "Bashir Shah",
              "non_striker": "P Khadka",
              "runs": {
                "batter": 0,
                "extras": 0,
                "total": 0
              }
            },
            {
              "batter": "SP Khakurel",
              "bowler": "Bashir Shah",
              "non_striker": "P Khadka",
              "runs": {
                "batter": 1,
                "extras": 0,
                "total": 1
              }
            },
            {
              "batter": "P Khadka",
              "bowler": "Bashir Shah",
              "non_striker": "SP Khakurel",
              "runs": {
                "batter": 0,
                "extras": 0,
                "total": 0
              }
            },
            {
              "batter": "P Khadka",
              "bowler": "Bashir Shah",
              "non_striker": "SP Khakurel",
              "runs": {
                "batter": 6,
                "extras": 0,
                "total": 6
              }
            },
            {
              "batter": "P Khadka",
              "bowler": "Bashir Shah",
              "non_striker": "SP Khakurel",
              "runs": {
                "batter": 1,
                "extras": 0,
                "total": 1
              }
            },
            {
              "batter": "SP Khakurel",
              "bowler": "Bashir Shah",
              "non_striker": "P Khadka",
              "runs": {
                "batter": 0,
                "extras": 0,
                "total": 0
              }
            }
          ]
        },
        {
          "over": 5,
          "deliveries": [
            {
              "batter": "P Khadka",
              "bowler": "Aftab Ahmed (2)",
              "non_striker": "SP Khakurel",
              "runs": {
                "batter": 0,
                "extras": 0,
                "total": 0
              }
            },
            {
              "batter": "P Khadka",
              "bowler": "Aftab Ahmed (2)",
              "non_striker": "SP Khakurel",
              "runs": {
                "batter": 1,
                "extras": 0,
                "total": 1
              }
            },
            {
              "batter": "SP Khakurel",
              "bowler": "Aftab Ahmed (2)",
              "non_striker": "P Khadka",
              "runs": {
                "batter": 1,
                "extras": 0,
                "total": 1
              }
            },
            {
              "batter": "P Khadka",
              "bowler": "Aftab Ahmed (2)",
              "non_striker": "SP Khakurel",
              "runs": {
                "batter": 0,
                "extras": 0,
                "total": 0
              }
            },
            {
              "batter": "P Khadka",
              "bowler": "Aftab Ahmed (2)",
              "non_striker": "SP Khakurel",
              "runs": {
                "batter": 0,
                "extras": 0,
                "total": 0
              }
            },
            {
              "batter": "P Khadka",
              "bowler": "Aftab Ahmed (2)",
              "non_striker": "SP Khakurel",
              "runs": {
                "batter": 0,
                "extras": 0,
                "total": 0
              }
            }
          ]
        },
        {
          "over": 6,
          "deliveries": [
            {
              "batter": "SP Khakurel",
              "bowler": "HAM Shah",
              "extras": {
                "wides": 1
              },
              "non_striker": "P Khadka",
              "runs": {
                "batter": 0,
                "extras": 1,
                "total": 1
              }
            },
            {
              "batter": "SP Khakurel",
              "bowler": "HAM Shah",
              "non_striker": "P Khadka",
              "runs": {
                "batter": 0,
                "extras": 0,
                "total": 0
              }
            },
            {
              "batter": "SP Khakurel",
              "bowler": "HAM Shah",
              "non_striker": "P Khadka",
              "runs": {
                "batter": 0,
                "extras": 0,
                "total": 0
              }
            },
            {
              "batter": "SP Khakurel",
              "bowler": "HAM Shah",
              "non_striker": "P Khadka",
              "runs": {
                "batter": 0,
                "extras": 0,
                "total": 0
              }
            },
            {
              "batter": "SP Khakurel",
              "bowler": "HAM Shah",
              "non_striker": "P Khadka",
              "runs": {
                "batter": 1,
                "extras": 0,
                "total": 1
              }
            },
            {
              "batter": "P Khadka",
              "bowler": "HAM Shah",
              "non_striker": "SP Khakurel",
              "runs": {
                "batter": 6,
                "extras": 0,
                "total": 6
              }
            },
            {
              "batter": "P Khadka",
              "bowler": "HAM Shah",
              "non_striker": "SP Khakurel",
              "runs": {
                "batter": 1,
                "extras": 0,
                "total": 1
              }
            }
          ]
        },
        {
          "over": 7,
          "deliveries": [
            {
              "batter": "P Khadka",
              "bowler": "MR Pedersen",
              "non_striker": "SP Khakurel",
              "runs": {
                "batter": 2,
                "extras": 0,
                "total": 2
              }
            },
            {
              "batter": "P Khadka",
              "bowler": "MR Pedersen",
              "non_striker": "SP Khakurel",
              "runs": {
                "batter": 1,
                "extras": 0,
                "total": 1
              }
            },
            {
              "batter": "SP Khakurel",
              "bowler": "MR Pedersen",
              "non_striker": "P Khadka",
              "runs": {
                "batter": 0,
                "extras": 0,
                "total": 0
              }
            },
            {
              "batter": "SP Khakurel",
              "bowler": "MR Pedersen",
              "extras": {
                "wides": 1
              },
              "non_striker": "P Khadka",
              "runs": {
                "batter": 0,
                "extras": 1,
                "total": 1
              }
            },
            {
              "batter": "SP Khakurel",
              "bowler": "MR Pedersen",
              "non_striker": "P Khadka",
              "runs": {
                "batter": 0,
                "extras": 0,
                "total": 0
              }
            },
            {
              "batter": "SP Khakurel",
              "bowler": "MR Pedersen",
              "non_striker": "P Khadka",
              "runs": {
                "batter": 0,
                "extras": 0,
                "total": 0
              }
            },
            {
              "batter": "SP Khakurel",
              "bowler": "MR Pedersen",
              "non_striker": "P Khadka",
              "runs": {
                "batter": 0,
                "extras": 0,
                "total": 0
              }
            }
          ]
        },
        {
          "over": 8,
          "deliveries": [
            {
              "batter": "P Khadka",
              "bowler": "HAM Shah",
              "non_striker": "SP Khakurel",
              "runs": {
                "batter": 6,
                "extras": 0,
                "total": 6
              }
            },
            {
              "batter": "P Khadka",
              "bowler": "HAM Shah",
              "non_striker": "SP Khakurel",
              "runs": {
                "batter": 4,
                "extras": 0,
                "total": 4
              }
            },
            {
              "batter": "P Khadka",
              "bowler": "HAM Shah",
              "non_striker": "SP Khakurel",
              "runs": {
                "batter": 0,
                "extras": 0,
                "total": 0
              }
            },
            {
              "batter": "P Khadka",
              "bowler": "HAM Shah",
              "non_striker": "SP Khakurel",
              "runs": {
                "batter": 0,
                "extras": 0,
                "total": 0
              }
            },
            {
              "batter": "P Khadka",
              "bowler": "HAM Shah",
              "non_striker": "SP Khakurel",
              "runs": {
                "batter": 6,
                "extras": 0,
                "total": 6
              }
            },
            {
              "batter": "P Khadka",
              "bowler": "HAM Shah",
              "non_striker": "SP Khakurel",
              "runs": {
                "batter": 2,
                "extras": 0,
                "total": 2
              }
            }
          ]
        },
        {
          "over": 9,
          "deliveries": [
            {
              "batter": "SP Khakurel",
              "bowler": "MR Pedersen",
              "non_striker": "P Khadka",
              "runs": {
                "batter": 1,
                "extras": 0,
                "total": 1
              }
            },
            {
              "batter": "P Khadka",
              "bowler": "MR Pedersen",
              "extras": {
                "legbyes": 1
              },
              "non_striker": "SP Khakurel",
              "runs": {
                "batter": 0,
                "extras": 1,
                "total": 1
              }
            },
            {
              "batter": "SP Khakurel",
              "bowler": "MR Pedersen",
              "non_striker": "P Khadka",
              "runs": {
                "batter": 1,
                "extras": 0,
                "total": 1
              }
            },
            {
              "batter": "P Khadka",
              "bowler": "MR Pedersen",
              "non_striker": "SP Khakurel",
              "runs": {
                "batter": 6,
                "extras": 0,
                "total": 6
              }
            },
            {
              "batter": "P Khadka",
              "bowler": "MR Pedersen",
              "non_striker": "SP Khakurel",
              "runs": {
                "batter": 1,
                "extras": 0,
                "total": 1
              }
            },
            {
              "batter": "SP Khakurel",
              "bowler": "MR Pedersen",
              "non_striker": "P Khadka",
              "runs": {
                "batter": 0,
                "extras": 0,
                "total": 0
              }
            }
          ]
        },
        {
          "over": 10,
          "deliveries": [
            {
              "batter": "P Khadka",
              "bowler": "Yasir Iqbal",
              "non_striker": "SP Khakurel",
              "runs": {
                "batter": 1,
                "extras": 0,
                "total": 1
              }
            },
            {
              "batter": "SP Khakurel",
              "bowler": "Yasir Iqbal",
              "non_striker": "P Khadka",
              "runs": {
                "batter": 1,
                "extras": 0,
                "total": 1
              }
            },
            {
              "batter": "P Khadka",
              "bowler": "Yasir Iqbal",
              "non_striker": "SP Khakurel",
              "runs": {
                "batter": 1,
                "extras": 0,
                "total": 1
              }
            },
            {
              "batter": "SP Khakurel",
              "bowler": "Yasir Iqbal",
              "non_striker": "P Khadka",
              "runs": {
                "batter": 1,
                "extras": 0,
                "total": 1
              }
            },
            {
              "batter": "P Khadka",
              "bowler": "Yasir Iqbal",
              "non_striker": "SP Khakurel",
              "runs": {
                "batter": 0,
                "extras": 0,
                "total": 0
              },
              "wickets": [
                {
                  "kind": "caught",
                  "player_out": "P Khadka",
                  "fielders": [
                    {
                      "name": "MR Pedersen"
                    }
                  ]
                }
              ]
            },
            {
              "batter": "B Bhandari",
              "bowler": "Yasir Iqbal",
              "non_striker": "SP Khakurel",
              "runs": {
                "batter": 0,
                "extras": 0,
                "total": 0
              }
            }
          ]
        },
        {
          "over": 11,
          "deliveries": [
            {
              "batter": "SP Khakurel",
              "bowler": "Kamran Mahmood",
              "non_striker": "B Bhandari",
              "runs": {
                "batter": 1,
                "extras": 0,
                "total": 1
              }
            },
            {
              "batter": "B Bhandari",
              "bowler": "Kamran Mahmood",
              "non_striker": "SP Khakurel",
              "runs": {
                "batter": 0,
                "extras": 0,
                "total": 0
              }
            },
            {
              "batter": "B Bhandari",
              "bowler": "Kamran Mahmood",
              "non_striker": "SP Khakurel",
              "runs": {
                "batter": 0,
                "extras": 0,
                "total": 0
              },
              "wickets": [
                {
                  "kind": "caught",
                  "player_out": "B Bhandari",
                  "fielders": [
                    {
                      "name": "Aftab Ahmed (2)"
                    }
                  ]
                }
              ]
            },
            {
              "batter": "SP Khakurel",
              "bowler": "Kamran Mahmood",
              "non_striker": "S Vesawkar",
              "runs": {
                "batter": 0,
                "extras": 0,
                "total": 0
              },
              "wickets": [
                {
                  "kind": "caught",
                  "player_out": "SP Khakurel",
                  "fielders": [
                    {
                      "name": "RB Javed"
                    }
                  ]
                }
              ]
            },
            {
              "batter": "S Vesawkar",
              "bowler": "Kamran Mahmood",
              "non_striker": "Sagar Pun",
              "runs": {
                "batter": 2,
                "extras": 0,
                "total": 2
              }
            },
            {
              "batter": "S Vesawkar",
              "bowler": "Kamran Mahmood",
              "non_striker": "Sagar Pun",
              "runs": {
                "batter": 0,
                "extras": 0,
                "total": 0
              }
            }
          ]
        },
        {
          "over": 12,
          "deliveries": [
            {
              "batter": "Sagar Pun",
              "bowler": "Yasir Iqbal",
              "extras": {
                "wides": 5
              },
              "non_striker": "S Vesawkar",
              "runs": {
                "batter": 0,
                "extras": 5,
                "total": 5
              }
            },
            {
              "batter": "Sagar Pun",
              "bowler": "Yasir Iqbal",
              "non_striker": "S Vesawkar",
              "runs": {
                "batter": 0,
                "extras": 0,
                "total": 0
              }
            },
            {
              "batter": "Sagar Pun",
              "bowler": "Yasir Iqbal",
              "non_striker": "S Vesawkar",
              "runs": {
                "batter": 0,
                "extras": 0,
                "total": 0
              }
            },
            {
              "batter": "Sagar Pun",
              "bowler": "Yasir Iqbal",
              "non_striker": "S Vesawkar",
              "runs": {
                "batter": 1,
                "extras": 0,
                "total": 1
              }
            },
            {
              "batter": "S Vesawkar",
              "bowler": "Yasir Iqbal",
              "non_striker": "Sagar Pun",
              "runs": {
                "batter": 1,
                "extras": 0,
                "total": 1
              }
            },
            {
              "batter": "Sagar Pun",
              "bowler": "Yasir Iqbal",
              "non_striker": "S Vesawkar",
              "runs": {
                "batter": 1,
                "extras": 0,
                "total": 1
              }
            },
            {
              "batter": "S Vesawkar",
              "bowler": "Yasir Iqbal",
              "non_striker": "Sagar Pun",
              "runs": {
                "batter": 1,
                "extras": 0,
                "total": 1
              }
            }
          ]
        },
        {
          "over": 13,
          "deliveries": [
            {
              "batter": "S Vesawkar",
              "bowler": "Kamran Mahmood",
              "non_striker": "Sagar Pun",
              "runs": {
                "batter": 1,
                "extras": 0,
                "total": 1
              }
            }
          ]
        }
      ],
      "powerplays": [
        {
          "from": 0.1,
          "to": 5.6,
          "type": "mandatory"
        }
      ],
      "target": {
        "overs": 20,
        "runs": 80
      }
    }
  ]
}