{
  "meta": {
    "data_version": "1.0.0",
    "created": "2013-12-18",
    "revision": 1
  },
  "info": {
    "balls_per_over": 6,
    "city": "Abu Dhabi",
    "dates": [
      "2013-11-23"
    ],
    "event": {
      "group": "A",
      "match_number": 46,
      "name": "ICC World Twenty20 Qualifier"
    },
    "gender": "male",
    "match_type": "IT20",
    "officials": {
      "match_referees": [
        "D Govindjee"
      ],
      "reserve_umpires": [
        "REJ Martinesz"
      ],
      "umpires": [
        "GO Brathwaite",
        "IN Ramage"
      ]
    },
    "outcome": {
      "by": {
        "wickets": 7
      },
      "winner": "Namibia"
    },
    "overs": 20,
    "player_of_match": [
      "NRP Scholtz"
    ],
    "players": {
      "Canada": [
        "R Gunasekera",
        "Rizwan Cheema",
        "H Patel",
        "A Bagai",
        "AS Hansra",
        "Raza-ur-Rehman",
        "D Daesrath",
        "AS Dean",
        "HS Baidwan",
        "Junaid Siddiqui",
        "JOA Gordon"
      ],
      "Namibia": [
        "LP van der Westhuizen",
        "R van Schoor",
        "SF Burger",
        "CG Williams",
        "NRP Scholtz",
        "MG Erasmus",
        "JP Kotze",
        "C Viljoen",
        "S Groenewald",
        "BM Scholtz",
        "L Klazinga"
      ]
    },
    "registry": {
      "people": {
        "A Bagai": "112959b2",
        "AS Dean": "5044f30d",
        "AS Hansra": "795df06c",
        "BM Scholtz": "e85d03d6",
        "C Viljoen": "f7b2cbe8",
        "CG Williams": "e16e7347",
        "D Daesrath": "4cbce738",
        "D Govindjee": "8b4c4069",
        "GO Brathwaite": "1ace56d4",
        "H Patel": "c4ff0618",
        "HS Baidwan": "7839bf3a",
        "IN Ramage": "33cb7803",
        "JOA Gordon": "bb9b51f4",
        "JP Kotze": "9f308dfc",
        "Junaid Siddiqui": "9025e58f",
        "L Klazinga": "248b72c3",
        "LP van der Westhuizen": "292381e0",
        "MG Erasmus": "95a5e066",
        "NRP Scholtz": "47e20f64",
        "R Gunasekera": "9b6ad88a",
        "R van Schoor": "57ac1d99",
        "REJ Martinesz": "140cdf29",
        "Raza-ur-Rehman": "d146924b",
        "Rizwan Cheema": "3a026eb4",
        "S Groenewald": "15fabcbb",
        "SF Burger": "9ff7f691"
      }
    },
    "season": "2013/14",
    "team_type": "international",
    "teams": [
      "Canada",
      "Namibia"
    ],
    "toss": {
      "decision": "field",
      "winner": "Namibia"
    },
    "venue": "Sheikh Zayed Stadium Nursery 1"
  },
  "innings": [
    {
      "team": "Canada",
      "overs": [
        {
          "over": 0,
          "deliveries": [
            {
              "batter": "R Gunasekera",
              "bowler": "C Viljoen",
              "non_striker": "Rizwan Cheema",
              "runs": {
                "batter": 1,
                "extras": 0,
                "total": 1
              }
            },
            {
              "batter": "Rizwan Cheema",
              "bowler": "C Viljoen",
              "non_striker": "R Gunasekera",
              "runs": {
                "batter": 4,
                "extras": 0,
                "total": 4
              }
            },
            {
              "batter": "Rizwan Cheema",
              "bowler": "C Viljoen",
              "non_striker": "R Gunasekera",
              "runs": {
                "batter": 2,
                "extras": 0,
                "total": 2
              }
            },
            {
              "batter": "Rizwan Cheema",
              "bowler": "C Viljoen",
              "non_striker": "R Gunasekera",
              "runs": {
                "batter": 0,
                "extras": 0,
                "total": 0
              }
            },
            {
              "batter": "Rizwan Cheema",
              "bowler": "C Viljoen",
              "non_striker": "R Gunasekera",
              "runs": {
                "batter": 1,
                "extras": 0,
                "total": 1
              }
            },
            {
              "batter": "R Gunasekera",
              "bowler": "C Viljoen",
              "non_striker": "Rizwan Cheema",
              "runs": {
                "batter": 0,
                "extras": 0,
                "total": 0
              }
            }
          ]
        },
        {
          "over": 1,
          "deliveries": [
            {
              "batter": "Rizwan Cheema",
              "bowler": "L Klazinga",
              "non_striker": "R Gunasekera",
              "runs": {
                "batter": 2,
                "extras": 0,
                "total": 2
              }
            },
            {
              "batter": "Rizwan Cheema",
              "bowler": "L Klazinga",
              "non_striker": "R Gunasekera",
              "runs": {
                "batter": 6,
                "extras": 0,
                "total": 6
              }
            },
            {
              "batter": "Rizwan Cheema",
              "bowler": "L Klazinga",
              "non_striker": "R Gunasekera",
              "runs": {
                "batter": 0,
                "extras": 0,
                "total": 0
              },
              "wickets": [
                {
                  "kind": "caught",
                  "player_out": "Rizwan Cheema",
                  "fielders": [
                    {
                      "name": "R van Schoor"
                    }
                  ]
                }
              ]
            },
            {
              "batter": "H Patel",
              "bowler": "L Klazinga",
              "non_striker": "R Gunasekera",
              "runs": {
                "batter": 4,
                "extras": 0,
                "total": 4
              }
            },
            {
              "batter": "H Patel",
              "bowler": "L Klazinga",
              "non_striker": "R Gunasekera",
              "runs": {
                "batter": 0,
                "extras": 0,
                "total": 0
              }
            },
            {
              "batter": "H Patel",
              "bowler": "L Klazinga",
              "extras": {
                "legbyes": 4
              },
              "non_striker": "R Gunasekera",
              "runs": {
                "batter": 0,
                "extras": 4,
                "total": 4
              }
            }
          ]
        },
        {
          "over": 2,
          "deliveries": [
            {
              "batter": "R Gunasekera",
              "bowler": "C Viljoen",
              "non_striker": "H Patel",
              "runs": {
                "batter": 0,
                "extras": 0,
                "total": 0
              }
            },
            {
              "batter": "R Gunasekera",
              "bowler": "C Viljoen",
              "non_striker": "H Patel",
              "runs": {
                "batter": 2,
                "extras": 0,
                "total": 2
              }
            },
            {
              "batter": "R Gunasekera",
              "bowler": "C Viljoen",
              "non_striker": "H Patel",
              "runs": {
                "batter": 0,
                "extras": 0,
                "total": 0
              }
            },
            {
              "batter": "R Gunasekera",
              "bowler": "C Viljoen",
              "non_striker": "H Patel",
              "runs": {
                "batter": 1,
                "extras": 0,
                "total": 1
              }
            },
            {
              "batter": "H Patel",
              "bowler": "C Viljoen",
              "extras": {
                "legbyes": 1
              },
              "non_striker": "R Gunasekera",
              "runs": {
                "batter": 0,
                "extras": 1,
                "total": 1
              }
            },
            {
              "batter": "R Gunasekera",
              "bowler": "C Viljoen",
              "non_striker": "H Patel",
              "runs": {
                "batter": 0,
                "extras": 0,
                "total": 0
              }
            }
          ]
        },
        {
          "over": 3,
          "deliveries": [
            {
              "batter": "H Patel",
              "bowler": "L Klazinga",
              "non_striker": "R Gunasekera",
              "runs": {
                "batter": 1,
                "extras": 0,
                "total": 1
              }
            },
            {
              "batter": "R Gunasekera",
              "bowler": "L Klazinga",
              "non_striker": "H Patel",
              "runs": {
                "batter": 1,
                "extras": 0,
                "total": 1
              }
            },
            {
              "batter": "H Patel",
              "bowler": "L Klazinga",
              "non_striker": "R Gunasekera",
              "runs": {
                "batter": 0,
                "extras": 0,
                "total": 0
              }
            },
            {
              "batter": "H Patel",
              "bowler": "L Klazinga",
              "non_striker": "R Gunasekera",
              "runs": {
                "batter": 2,
                "extras": 0,
                "total": 2
              }
            },
            {
              "batter": "H Patel",
              "bowler": "L Klazinga",
              "non_striker": "R Gunasekera",
              "runs": {
                "batter": 0,
                "extras": 0,
                "total": 0
              }
            },
            {
              "batter": "H Patel",
              "bowler": "L Klazinga",
              "non_striker": "R Gunasekera",
              "runs": {
                "batter": 0,
                "extras": 0,
                "total": 0
              }
            }
          ]
        },
        {
          "over": 4,
          "deliveries": [
            {
              "batter": "R Gunasekera",
              "bowler": "C Viljoen",
              "extras": {
                "wides": 1
              },
              "non_striker": "H Patel",
              "runs": {
                "batter": 0,
                "extras": 1,
                "total": 1
              }
            },
            {
              "batter": "R Gunasekera",
              "bowler": "C Viljoen",
              "non_striker": "H Patel",
              "runs": {
                "batter": 0,
                "extras": 0,
                "total": 0
              }
            },
            {
              "batter": "R Gunasekera",
              "bowler": "C Viljoen",
              "extras": {
                "legbyes": 1
              },
              "non_striker": "H Patel",
              "runs": {
                "batter": 0,
                "extras": 1,
                "total": 1
              }
            },
            {
              "batter": "H Patel",
              "bowler": "C Viljoen",
              "non_striker": "R Gunasekera",
              "runs": {
                "batter": 0,
                "extras": 0,
                "total": 0
              }
            },
            {
              "batter": "H Patel",
              "bowler": "C Viljoen",
              "non_striker": "R Gunasekera",
              "runs": {
                "batter": 4,
                "extras": 0,
                "total": 4
              }
            },
            {
              "batter": "H Patel",
              "bowler": "C Viljoen",
              "non_striker": "R Gunasekera",
              "runs": {
                "batter": 0,
                "extras": 0,
                "total": 0
              }
            },
            {
              "batter": "H Patel",
              "bowler": "C Viljoen",
              "extras": {
                "legbyes": 1
              },
              "non_striker": "R Gunasekera",
              "runs": {
                "batter": 0,
                "extras": 1,
                "total": 1
              }
            }
          ]
        },
        {
          "over": 5,
          "deliveries": [
            {
              "batter": "H Patel",
              "bowler": "L Klazinga",
              "extras": {
                "wides": 1
              },
              "non_striker": "R Gunasekera",
              "runs": {
                "batter": 0,
                "extras": 1,
                "total": 1
              }
            },
            {
              "batter": "H Patel",
              "bowler": "L Klazinga",
              "non_striker": "R Gunasekera",
              "runs": {
                "batter": 0,
                "extras": 0,
                "total": 0
              }
            },
            {
              "batter": "H Patel",
              "bowler": "L Klazinga",
              "non_striker": "R Gunasekera",
              "runs": {
                "batter": 0,
                "extras": 0,
                "total": 0
              }
            },
            {
              "batter": "H Patel",
              "bowler": "L Klazinga",
              "non_striker": "R Gunasekera",
              "runs": {
                "batter": 0,
                "extras": 0,
                "total": 0
              }
            },
            {
              "batter": "H Patel",
              "bowler": "L Klazinga",
              "non_striker": "R Gunasekera",
              "runs": {
                "batter": 2,
                "extras": 0,
                "total": 2
              }
            },
            {
              "batter": "H Patel",
              "bowler": "L Klazinga",
              "non_striker": "R Gunasekera",
              "runs": {
                "batter": 0,
                "extras": 0,
                "total": 0
              }
            },
            {
              "batter": "H Patel",
              "bowler": "L Klazinga",
              "non_striker": "R Gunasekera",
              "runs": {
                "batter": 0,
                "extras": 0,
                "total": 0
              }
            }
          ]
        },
        {
          "over": 6,
          "deliveries": [
            {
              "batter": "R Gunasekera",
              "bowler": "BM Scholtz",
              "non_striker": "H Patel",
              "runs": {
                "batter": 1,
                "extras": 0,
                "total": 1
              }
            },
            {
              "batter": "H Patel",
              "bowler": "BM Scholtz",
              "non_striker": "R Gunasekera",
              "runs": {
                "batter": 1,
                "extras": 0,
                "total": 1
              }
            },
            {
              "batter": "R Gunasekera",
              "bowler": "BM Scholtz",
              "non_striker": "H Patel",
              "runs": {
                "batter": 0,
                "extras": 0,
                "total": 0
              }
            },
            {
              "batter": "R Gunasekera",
              "bowler": "BM Scholtz",
              "non_striker": "H Patel",
              "runs": {
                "batter": 0,
                "extras": 0,
                "total": 0
              }
            },
            {
              "batter": "R Gunasekera",
              "bowler": "BM Scholtz",
              "non_striker": "H Patel",
              "runs": {
                "batter": 0,
                "extras": 0,
                "total": 0
              }
            },
            {
              "batter": "R Gunasekera",
              "bowler": "BM Scholtz",
              "non_striker": "H Patel",
              "runs": {
                "batter": 1,
                "extras": 0,
                "total": 1
              }
            }
          ]
        },
        {
          "over": 7,
          "deliveries": [
            {
              "batter": "R Gunasekera",
              "bowler": "C Viljoen",
              "non_striker": "H Patel",
              "runs": {
                "batter": 1,
                "extras": 0,
                "total": 1
              }
            },
            {
              "batter": "H Patel",
              "bowler": "C Viljoen",
              "non_striker": "R Gunasekera",
              "runs": {
                "batter": 0,
                "extras": 0,
                "total": 0
              }
            },
            {
              "batter": "H Patel",
              "bowler": "C Viljoen",
              "non_striker": "R Gunasekera",
              "runs": {
                "batter": 0,
                "extras": 0,
                "total": 0
              }
            },
            {
              "batter": "H Patel",
              "bowler": "C Viljoen",
              "non_striker": "R Gunasekera",
              "runs": {
                "batter": 2,
                "extras": 0,
                "total": 2
              }
            },
            {
              "batter": "H Patel",
              "bowler": "C Viljoen",
              "non_striker": "R Gunasekera",
              "runs": {
                "batter": 0,
                "extras": 0,
                "total": 0
              },
              "wickets": [
                {
                  "kind": "run out",
                  "player_out": "H Patel",
                  "fielders": [
                    {
                      "name": "SF Burger"
                    }
                  ]
                }
              ]
            },
            {
              "batter": "R Gunasekera",
              "bowler": "C Viljoen",
              "non_striker": "A Bagai",
              "runs": {
                "batter": 6,
                "extras": 0,
                "total": 6
              }
            }
          ]
        },
        {
          "over": 8,
          "deliveries": [
            {
              "batter": "A Bagai",
              "bowler": "BM Scholtz",
              "non_striker": "R Gunasekera",
              "runs": {
                "batter": 1,
                "extras": 0,
                "total": 1
              }
            },
            {
              "batter": "R Gunasekera",
              "bowler": "BM Scholtz",
              "non_striker": "A Bagai",
              "runs": {
                "batter": 1,
                "extras": 0,
                "total": 1
              }
            },
            {
              "batter": "A Bagai",
              "bowler": "BM Scholtz",
              "non_striker": "R Gunasekera",
              "runs": {
                "batter": 0,
                "extras": 0,
                "total": 0
              }
            },
            {
              "batter": "A Bagai",
              "bowler": "BM Scholtz",
              "non_striker": "R Gunasekera",
              "runs": {
                "batter": 0,
                "extras": 0,
                "total": 0
              }
            },
            {
              "batter": "A Bagai",
              "bowler": "BM Scholtz",
              "non_striker": "R Gunasekera",
              "runs": {
                "batter": 1,
                "extras": 0,
                "total": 1
              }
            },
            {
              "batter": "R Gunasekera",
              "bowler": "BM Scholtz",
              "non_striker": "A Bagai",
              "runs": {
                "batter": 1,
                "extras": 0,
                "total": 1
              }
            }
          ]
        },
        {
          "over": 9,
          "deliveries": [
            {
              "batter": "R Gunasekera",
              "bowler": "SF Burger",
              "non_striker": "A Bagai",
              "runs": {
                "batter": 0,
                "extras": 0,
                "total": 0
              }
            },
            {
              "batter": "R Gunasekera",
              "bowler": "SF Burger",
              "non_striker": "A Bagai",
              "runs": {
                "batter": 0,
                "extras": 0,
                "total": 0
              }
            },
            {
              "batter": "R Gunasekera",
              "bowler": "SF Burger",
              "non_striker": "A Bagai",
              "runs": {
                "batter": 2,
                "extras": 0,
                "total": 2
              }
            },
            {
              "batter": "R Gunasekera",
              "bowler": "SF Burger",
              "non_striker": "A Bagai",
              "runs": {
                "batter": 1,
                "extras": 0,
                "total": 1
              }
            },
            {
              "batter": "A Bagai",
              "bowler": "SF Burger",
              "non_striker": "R Gunasekera",
              "runs": {
                "batter": 0,
                "extras": 0,
                "total": 0
              }
            },
            {
              "batter": "A Bagai",
              "bowler": "SF Burger",
              "non_striker": "R Gunasekera",
              "runs": {
                "batter": 1,
                "extras": 0,
                "total": 1
              }
            }
          ]
        },
        {
          "over": 10,
          "deliveries": [
            {
              "batter": "A Bagai",
              "bowler": "BM Scholtz",
              "non_striker": "R Gunasekera",
              "runs": {
                "batter": 1,
                "extras": 0,
                "total": 1
              }
            },
            {
              "batter": "R Gunasekera",
              "bowler": "BM Scholtz",
              "non_striker": "A Bagai",
              "runs": {
                "batter": 6,
                "extras": 0,
                "total": 6
              }
            },
            {
              "batter": "R Gunasekera",
              "bowler": "BM Scholtz",
              "non_striker": "A Bagai",
              "runs": {
                "batter": 0,
                "extras": 0,
                "total": 0
              },
              "wickets": [
                {
                  "kind": "caught",
                  "player_out": "R Gunasekera",
                  "fielders": [
                    {
                      "name": "L Klazinga"
                    }
                  ]
                }
              ]
            },
            {
              "batter": "A Bagai",
              "bowler": "BM Scholtz",
              "non_striker": "AS Hansra",
              "runs": {
                "batter": 1,
                "extras": 0,
                "total": 1
              }
            },
            {
              "batter": "AS Hansra",
              "bowler": "BM Scholtz",
              "non_striker": "A Bagai",
              "runs": {
                "batter": 0,
                "extras": 0,
                "total": 0
              }
            },
            {
              "batter": "AS Hansra",
              "bowler": "BM Scholtz",
              "non_striker": "A Bagai",
              "runs": {
                "batter": 0,
                "extras": 0,
                "total": 0
              }
            }
          ]
        },
        {
          "over": 11,
          "deliveries": [
            {
              "batter": "A Bagai",
              "bowler": "SF Burger",
              "non_striker": "AS Hansra",
              "runs": {
                "batter": 1,
                "extras": 0,
                "total": 1
              }
            },
            {
              "batter": "AS Hansra",
              "bowler": "SF Burger",
              "non_striker": "A Bagai",
              "runs": {
                "batter": 0,
                "extras": 0,
                "total": 0
              }
            },
            {
              "batter": "AS Hansra",
              "bowler": "SF Burger",
              "non_striker": "A Bagai",
              "runs": {
                "batter": 1,
                "extras": 0,
                "total": 1
              }
            },
            {
              "batter": "A Bagai",
              "bowler": "SF Burger",
              "non_striker": "AS Hansra",
              "runs": {
                "batter": 1,
                "extras": 0,
                "total": 1
              }
            },
            {
              "batter": "AS Hansra",
              "bowler": "SF Burger",
              "non_striker": "A Bagai",
              "runs": {
                "batter": 1,
                "extras": 0,
                "total": 1
              }
            },
            {
              "batter": "A Bagai",
              "bowler": "SF Burger",
              "non_striker": "AS Hansra",
              "runs": {
                "batter": 1,
                "extras": 0,
                "total": 1
              }
            }
          ]
        },
        {
          "over": 12,
          "deliveries": [
            {
              "batter": "A Bagai",
              "bowler": "BM Scholtz",
              "non_striker": "AS Hansra",
              "runs": {
                "batter": 4,
                "extras": 0,
                "total": 4
              }
            },
            {
              "batter": "A Bagai",
              "bowler": "BM Scholtz",
              "non_striker": "AS Hansra",
              "runs": {
                "batter": 0,
                "extras": 0,
                "total": 0
              }
            },
            {
              "batter": "A Bagai",
              "bowler": "BM Scholtz",
              "non_striker": "AS Hansra",
              "runs": {
                "batter": 0,
                "extras": 0,
                "total": 0
              },
              "wickets": [
                {
                  "kind": "caught",
                  "player_out": "A Bagai",
                  "fielders": [
                    {
                      "name": "LP van der Westhuizen"
                    }
                  ]
                }
              ]
            },
            {
              "batter": "Raza-ur-Rehman",
              "bowler": "BM Scholtz",
              "non_striker": "AS Hansra",
              "runs": {
                "batter": 0,
                "extras": 0,
                "total": 0
              }
            },
            {
              "batter": "Raza-ur-Rehman",
              "bowler": "BM Scholtz",
              "non_striker": "AS Hansra",
              "runs": {
                "batter": 0,
                "extras": 0,
                "total": 0
              }
            },
            {
              "batter": "Raza-ur-Rehman",
              "bowler": "BM Scholtz",
              "non_striker": "AS Hansra",
              "runs": {
                "batter": 0,
                "extras": 0,
                "total": 0
              }
            }
          ]
        },
        {
          "over": 13,
          "deliveries": [
            {
              "batter": "AS Hansra",
              "bowler": "SF Burger",
              "non_striker": "Raza-ur-Rehman",
              "runs": {
                "batter": 0,
                "extras": 0,
                "total": 0
              }
            },
            {
              "batter": "AS Hansra",
              "bowler": "SF Burger",
              "non_striker": "Raza-ur-Rehman",
              "runs": {
                "batter": 1,
                "extras": 0,
                "total": 1
              }
            },
            {
              "batter": "Raza-ur-Rehman",
              "bowler": "SF Burger",
              "non_striker": "AS Hansra",
              "runs": {
                "batter": 0,
                "extras": 0,
                "total": 0
              }
            },
            {
              "batter": "Raza-ur-Rehman",
              "bowler": "SF Burger",
              "non_striker": "AS Hansra",
              "runs": {
                "batter": 0,
                "extras": 0,
                "total": 0
              }
            },
            {
              "batter": "Raza-ur-Rehman",
              "bowler": "SF Burger",
              "non_striker": "AS Hansra",
              "runs": {
                "batter": 1,
                "extras": 0,
                "total": 1
              }
            },
            {
              "batter": "AS Hansra",
              "bowler": "SF Burger",
              "non_striker": "Raza-ur-Rehman",
              "runs": {
                "batter": 1,
                "extras": 0,
                "total": 1
              }
            }
          ]
        },
        {
          "over": 14,
          "deliveries": [
            {
              "batter": "AS Hansra",
              "bowler": "NRP Scholtz",
              "non_striker": "Raza-ur-Rehman",
              "runs": {
                "batter": 0,
                "extras": 0,
                "total": 0
              }
            },
            {
              "batter": "AS Hansra",
              "bowler": "NRP Scholtz",
              "non_striker": "Raza-ur-Rehman",
              "runs": {
                "batter": 1,
                "extras": 0,
                "total": 1
              }
            },
            {
              "batter": "Raza-ur-Rehman",
              "bowler": "NRP Scholtz",
              "non_striker": "AS Hansra",
              "runs": {
                "batter": 1,
                "extras": 0,
                "total": 1
              }
            },
            {
              "batter": "AS Hansra",
              "bowler": "NRP Scholtz",
              "non_striker": "Raza-ur-Rehman",
              "runs": {
                "batter": 4,
                "extras": 0,
                "total": 4
              }
            },
            {
              "batter": "AS Hansra",
              "bowler": "NRP Scholtz",
              "non_striker": "Raza-ur-Rehman",
              "runs": {
                "batter": 1,
                "extras": 0,
                "total": 1
              }
            },
            {
              "batter": "Raza-ur-Rehman",
              "bowler": "NRP Scholtz",
              "non_striker": "AS Hansra",
              "runs": {
                "batter": 2,
                "extras": 0,
                "total": 2
              }
            }
          ]
        },
        {
          "over": 15,
          "deliveries": [
            {
              "batter": "AS Hansra",
              "bowler": "SF Burger",
              "non_striker": "Raza-ur-Rehman",
              "runs": {
                "batter": 6,
                "extras": 0,
                "total": 6
              }
            },
            {
              "batter": "AS Hansra",
              "bowler": "SF Burger",
              "non_striker": "Raza-ur-Rehman",
              "runs": {
                "batter": 0,
                "extras": 0,
                "total": 0
              }
            },
            {
              "batter": "AS Hansra",
              "bowler": "SF Burger",
              "non_striker": "Raza-ur-Rehman",
              "runs": {
                "batter": 0,
                "extras": 0,
                "total": 0
              }
            },
            {
              "batter": "AS Hansra",
              "bowler": "SF Burger",
              "non_striker": "Raza-ur-Rehman",
              "runs": {
                "batter": 4,
                "extras": 0,
                "total": 4
              }
            },
            {
              "batter": "AS Hansra",
              "bowler": "SF Burger",
              "non_striker": "Raza-ur-Rehman",
              "runs": {
                "batter": 0,
                "extras": 0,
                "total": 0
              }
            },
            {
              "batter": "AS Hansra",
              "bowler": "SF Burger",
              "non_striker": "Raza-ur-Rehman",
              "runs": {
                "batter": 1,
                "extras": 0,
                "total": 1
              }
            }
          ]
        },
        {
          "over": 16,
          "deliveries": [
            {
              "batter": "AS Hansra",
              "bowler": "LP van der Westhuizen",
              "non_striker": "Raza-ur-Rehman",
              "runs": {
                "batter": 1,
                "extras": 0,
                "total": 1
              }
            },
            {
              "batter": "Raza-ur-Rehman",
              "bowler": "LP van der Westhuizen",
              "non_striker": "AS Hansra",
              "runs": {
                "batter": 1,
                "extras": 0,
                "total": 1
              }
            },
            {
              "batter": "AS Hansra",
              "bowler": "LP van der Westhuizen",
              "non_striker": "Raza-ur-Rehman",
              "runs": {
                "batter": 1,
                "extras": 0,
                "total": 1
              }
            },
            {
              "batter": "Raza-ur-Rehman",
              "bowler": "LP van der Westhuizen",
              "non_striker": "AS Hansra",
              "runs": {
                "batter": 0,
                "extras": 0,
                "total": 0
              }
            },
            {
              "batter": "Raza-ur-Rehman",
              "bowler": "LP van der Westhuizen",
              "non_striker": "AS Hansra",
              "runs": {
                "batter": 4,
                "extras": 0,
                "total": 4
              }
            },
            {
              "batter": "Raza-ur-Rehman",
              "bowler": "LP van der Westhuizen",
              "non_striker": "AS Hansra",
              "runs": {
                "batter": 0,
                "extras": 0,
                "total": 0
              }
            }
          ]
        },
        {
          "over": 17,
          "deliveries": [
            {
              "batter": "AS Hansra",
              "bowler": "NRP Scholtz",
              "non_striker": "Raza-ur-Rehman",
              "runs": {
                "batter": 0,
                "extras": 0,
                "total": 0
              },
              "wickets": [
                {
                  "kind": "caught and bowled",
                  "player_out": "AS Hansra"
                }
              ]
            },
            {
              "batter": "D Daesrath",
              "bowler": "NRP Scholtz",
              "non_striker": "Raza-ur-Rehman",
              "runs": {
                "batter": 0,
                "extras": 0,
                "total": 0
              }
            },
            {
              "batter": "D Daesrath",
              "bowler": "NRP Scholtz",
              "non_striker": "Raza-ur-Rehman",
              "runs": {
                "batter": 0,
                "extras": 0,
                "total": 0
              }
            },
            {
              "batter": "D Daesrath",
              "bowler": "NRP Scholtz",
              "non_striker": "Raza-ur-Rehman",
              "runs": {
                "batter": 0,
                "extras": 0,
                "total": 0
              }
            },
            {
              "batter": "D Daesrath",
              "bowler": "NRP Scholtz",
              "non_striker": "Raza-ur-Rehman",
              "runs": {
                "batter": 1,
                "extras": 0,
                "total": 1
              }
            },
            {
              "batter": "Raza-ur-Rehman",
              "bowler": "NRP Scholtz",
              "non_striker": "D Daesrath",
              "runs": {
                "batter": 0,
                "extras": 0,
                "total": 0
              },
              "wickets": [
                {
                  "kind": "stumped",
                  "player_out": "Raza-ur-Rehman",
                  "fielders": [
                    {
                      "name": "R van Schoor"
                    }
                  ]
                }
              ]
            }
          ]
        },
        {
          "over": 18,
          "deliveries": [
            {
              "batter": "D Daesrath",
              "bowler": "LP van der Westhuizen",
              "non_striker": "AS Dean",
              "runs": {
                "batter": 1,
                "extras": 0,
                "total": 1
              }
            },
            {
              "batter": "AS Dean",
              "bowler": "LP van der Westhuizen",
              "non_striker": "D Daesrath",
              "runs": {
                "batter": 0,
                "extras": 0,
                "total": 0
              },
              "wickets": [
                {
                  "kind": "run out",
                  "player_out": "AS Dean",
                  "fielders": [
                    {
                      "name": "JP Kotze"
                    }
                  ]
                }
              ]
            },
            {
              "batter": "D Daesrath",
              "bowler": "LP van der Westhuizen",
              "non_striker": "HS Baidwan",
              "runs": {
                "batter": 1,
                "extras": 0,
                "total": 1
              }
            },
            {
              "batter": "HS Baidwan",
              "bowler": "LP van der Westhuizen",
              "non_striker": "D Daesrath",
              "runs": {
                "batter": 0,
                "extras": 0,
                "total": 0
              }
            },
            {
              "batter": "HS Baidwan",
              "bowler": "LP van der Westhuizen",
              "non_striker": "D Daesrath",
              "runs": {
                "batter": 1,
                "extras": 0,
                "total": 1
              }
            },
            {
              "batter": "D Daesrath",
              "bowler": "LP van der Westhuizen",
              "non_striker": "HS Baidwan",
              "runs": {
                "batter": 1,
                "extras": 0,
                "total": 1
              }
            }
          ]
        },
        {
          "over": 19,
          "deliveries": [
            {
              "batter": "D Daesrath",
              "bowler": "NRP Scholtz",
              "non_striker": "HS Baidwan",
              "runs": {
                "batter": 1,
                "extras": 0,
                "total": 1
              }
            },
            {
              "batter": "HS Baidwan",
              "bowler": "NRP Scholtz",
              "non_striker": "D Daesrath",
              "runs": {
                "batter": 0,
                "extras": 0,
                "total": 0
              },
              "wickets": [
                {
                  "kind": "caught",
                  "player_out": "HS Baidwan",
                  "fielders": [
                    {
                      "name": "C Viljoen"
                    }
                  ]
                }
              ]
            },
            {
              "batter": "D Daesrath",
              "bowler": "NRP Scholtz",
              "non_striker": "Junaid Siddiqui",
              "runs": {
                "batter": 0,
                "extras": 0,
                "total": 0
              },
              "wickets": [
                {
                  "kind": "caught",
                  "player_out": "D Daesrath",
                  "fielders": [
                    {
                      "name": "CG Williams"
                    }
                  ]
                }
              ]
            },
            {
              "batter": "Junaid Siddiqui",
              "bowler": "NRP Scholtz",
              "non_striker": "JOA Gordon",
              "runs": {
                "batter": 1,
                "extras": 0,
                "total": 1
              }
            },
            {
              "batter": "JOA Gordon",
              "bowler": "NRP Scholtz",
              "non_striker": "Junaid Siddiqui",
              "runs": {
                "batter": 1,
                "extras": 0,
                "total": 1
              }
            },
            {
              "batter": "Junaid Siddiqui",
              "bowler": "NRP Scholtz",
              "non_striker": "JOA Gordon",
              "runs": {
                "batter": 0,
                "extras": 0,
                "total": 0
              },
              "wickets": [
                {
                  "kind": "caught",
                  "player_out": "Junaid Siddiqui",
                  "fielders": [
                    {
                      "name": "CG Williams"
                    }
                  ]
                }
              ]
            }
          ]
        }
      ],
      "powerplays": [
        {
          "from": 0.1,
          "to": 5.7,
          "type": "mandatory"
        }
      ]
    },
    {
      "team": "Namibia",
      "overs": [
        {
          "over": 0,
          "deliveries": [
            {
              "batter": "LP van der Westhuizen",
              "bowler": "JOA Gordon",
              "non_striker": "R van Schoor",
              "runs": {
                "batter": 4,
                "extras": 0,
                "total": 4
              }
            },
            {
              "batter": "LP van der Westhuizen",
              "bowler": "JOA Gordon",
              "non_striker": "R van Schoor",
              "runs": {
                "batter": 0,
                "extras": 0,
                "total": 0
              },
              "wickets": [
                {
                  "kind": "bowled",
                  "player_out": "LP van der Westhuizen"
                }
              ]
            },
            {
              "batter": "SF Burger",
              "bowler": "JOA Gordon",
              "non_striker": "R van Schoor",
              "runs": {
                "batter": 0,
                "extras": 0,
                "total": 0
              }
            },
            {
              "batter": "SF Burger",
              "bowler": "JOA Gordon",
              "non_striker": "R van Schoor",
              "runs": {
                "batter": 1,
                "extras": 0,
                "total": 1
              }
            },
            {
              "batter": "R van Schoor",
              "bowler": "JOA Gordon",
              "non_striker": "SF Burger",
              "runs": {
                "batter": 2,
                "extras": 0,
                "total": 2
              }
            },
            {
              "batter": "R van Schoor",
              "bowler": "JOA Gordon",
              "non_striker": "SF Burger",
              "runs": {
                "batter": 1,
                "extras": 0,
                "total": 1
              }
            }
          ]
        },
        {
          "over": 1,
          "deliveries": [
            {
              "batter": "R van Schoor",
              "bowler": "HS Baidwan",
              "non_striker": "SF Burger",
              "runs": {
                "batter": 2,
                "extras": 0,
                "total": 2
              }
            },
            {
              "batter": "R van Schoor",
              "bowler": "HS Baidwan",
              "non_striker": "SF Burger",
              "runs": {
                "batter": 0,
                "extras": 0,
                "total": 0
              }
            },
            {
              "batter": "R van Schoor",
              "bowler": "HS Baidwan",
              "non_striker": "SF Burger",
              "runs": {
                "batter": 1,
                "extras": 0,
                "total": 1
              }
            },
            {
              "batter": "SF Burger",
              "bowler": "HS Baidwan",
              "non_striker": "R van Schoor",
              "runs": {
                "batter": 1,
                "extras": 0,
                "total": 1
              }
            },
            {
              "batter": "R van Schoor",
              "bowler": "HS Baidwan",
              "non_striker": "SF Burger",
              "runs": {
                "batter": 1,
                "extras": 0,
                "total": 1
              }
            },
            {
              "batter": "SF Burger",
              "bowler": "HS Baidwan",
              "non_striker": "R van Schoor",
              "runs": {
                "batter": 0,
                "extras": 0,
                "total": 0
              }
            }
          ]
        },
        {
          "over": 2,
          "deliveries": [
            {
              "batter": "R van Schoor",
              "bowler": "JOA Gordon",
              "non_striker": "SF Burger",
              "runs": {
                "batter": 1,
                "extras": 0,
                "total": 1
              }
            },
            {
              "batter": "SF Burger",
              "bowler": "JOA Gordon",
              "non_striker": "R van Schoor",
              "runs": {
                "batter": 0,
                "extras": 0,
                "total": 0
              }
            },
            {
              "batter": "SF Burger",
              "bowler": "JOA Gordon",
              "non_striker": "R van Schoor",
              "runs": {
                "batter": 0,
                "extras": 0,
                "total": 0
              }
            },
            {
              "batter": "SF Burger",
              "bowler": "JOA Gordon",
              "non_striker": "R van Schoor",
              "runs": {
                "batter": 0,
                "extras": 0,
                "total": 0
              }
            },
            {
              "batter": "SF Burger",
              "bowler": "JOA Gordon",
              "extras": {
                "wides": 1
              },
              "non_striker": "R van Schoor",
              "runs": {
                "batter": 0,
                "extras": 1,
                "total": 1
              }
            },
            {
              "batter": "SF Burger",
              "bowler": "JOA Gordon",
              "non_striker": "R van Schoor",
              "runs": {
                "batter": 0,
                "extras": 0,
                "total": 0
              }
            },
            {
              "batter": "SF Burger",
              "bowler": "JOA Gordon",
              "non_striker": "R van Schoor",
              "runs": {
                "batter": 1,
                "extras": 0,
                "total": 1
              }
            }
          ]
        },
        {
          "over": 3,
          "deliveries": [
            {
              "batter": "SF Burger",
              "bowler": "Junaid Siddiqui",
              "non_striker": "R van Schoor",
              "runs": {
                "batter": 1,
                "extras": 0,
                "total": 1
              }
            },
            {
              "batter": "R van Schoor",
              "bowler": "Junaid Siddiqui",
              "non_striker": "SF Burger",
              "runs": {
                "batter": 1,
                "extras": 0,
                "total": 1
              }
            },
            {
              "batter": "SF Burger",
              "bowler": "Junaid Siddiqui",
              "extras": {
                "legbyes": 1
              },
              "non_striker": "R van Schoor",
              "runs": {
                "batter": 0,
                "extras": 1,
                "total": 1
              }
            },
            {
              "batter": "R van Schoor",
              "bowler": "Junaid Siddiqui",
              "non_striker": "SF Burger",
              "runs": {
                "batter": 0,
                "extras": 0,
                "total": 0
              }
            },
            {
              "batter": "R van Schoor",
              "bowler": "Junaid Siddiqui",
              "non_striker": "SF Burger",
              "runs": {
                "batter": 1,
                "extras": 0,
                "total": 1
              }
            },
            {
              "batter": "SF Burger",
              "bowler": "Junaid Siddiqui",
              "non_striker": "R van Schoor",
              "runs": {
                "batter": 0,
                "extras": 0,
                "total": 0
              }
            }
          ]
        },
        {
          "over": 4,
          "deliveries": [
            {
              "batter": "R van Schoor",
              "bowler": "HS Baidwan",
              "non_striker": "SF Burger",
              "runs": {
                "batter": 1,
                "extras": 0,
                "total": 1
              }
            },
            {
              "batter": "SF Burger",
              "bowler": "HS Baidwan",
              "non_striker": "R van Schoor",
              "runs": {
                "batter": 1,
                "extras": 0,
                "total": 1
              }
            },
            {
              "batter": "R van Schoor",
              "bowler": "HS Baidwan",
              "non_striker": "SF Burger",
              "runs": {
                "batter": 0,
                "extras": 0,
                "total": 0
              }
            },
            {
              "batter": "R van Schoor",
              "bowler": "HS Baidwan",
              "non_striker": "SF Burger",
              "runs": {
                "batter": 2,
                "extras": 0,
                "total": 2
              }
            },
            {
              "batter": "R van Schoor",
              "bowler": "HS Baidwan",
              "non_striker": "SF Burger",
              "runs": {
                "batter": 2,
                "extras": 0,
                "total": 2
              }
            },
            {
              "batter": "R van Schoor",
              "bowler": "HS Baidwan",
              "non_striker": "SF Burger",
              "runs": {
                "batter": 3,
                "extras": 0,
                "total": 3
              }
            }
          ]
        },
        {
          "over": 5,
          "deliveries": [
            {
              "batter": "R van Schoor",
              "bowler": "Junaid Siddiqui",
              "non_striker": "SF Burger",
              "runs": {
                "batter": 0,
                "extras": 0,
                "total": 0
              }
            },
            {
              "batter": "R van Schoor",
              "bowler": "Junaid Siddiqui",
              "non_striker": "SF Burger",
              "runs": {
                "batter": 0,
                "extras": 0,
                "total": 0
              }
            },
            {
              "batter": "R van Schoor",
              "bowler": "Junaid Siddiqui",
              "non_striker": "SF Burger",
              "runs": {
                "batter": 1,
                "extras": 0,
                "total": 1
              }
            },
            {
              "batter": "SF Burger",
              "bowler": "Junaid Siddiqui",
              "non_striker": "R van Schoor",
              "runs": {
                "batter": 2,
                "extras": 0,
                "total": 2
              }
            },
            {
              "batter": "SF Burger",
              "bowler": "Junaid Siddiqui",
              "non_striker": "R van Schoor",
              "runs": {
                "batter": 1,
                "extras": 0,
                "total": 1
              }
            },
            {
              "batter": "R van Schoor",
              "bowler": "Junaid Siddiqui",
              "non_striker": "SF Burger",
              "runs": {
                "batter": 1,
                "extras": 0,
                "total": 1
              }
            }
          ]
        },
        {
          "over": 6,
          "deliveries": [
            {
              "batter": "R van Schoor",
              "bowler": "Rizwan Cheema",
              "non_striker": "SF Burger",
              "runs": {
                "batter": 1,
                "extras": 0,
                "total": 1
              }
            },
            {
              "batter": "SF Burger",
              "bowler": "Rizwan Cheema",
              "non_striker": "R van Schoor",
              "runs": {
                "batter": 2,
                "extras": 0,
                "total": 2
              }
            },
            {
              "batter": "SF Burger",
              "bowler": "Rizwan Cheema",
              "non_striker": "R van Schoor",
              "runs": {
                "batter": 0,
                "extras": 0,
                "total": 0
              }
            },
            {
              "batter": "SF Burger",
              "bowler": "Rizwan Cheema",
              "non_striker": "R van Schoor",
              "runs": {
                "batter": 1,
                "extras": 0,
                "total": 1
              }
            },
            {
              "batter": "R van Schoor",
              "bowler": "Rizwan Cheema",
              "non_striker": "SF Burger",
              "runs": {
                "batter": 1,
                "extras": 0,
                "total": 1
              }
            },
            {
              "batter": "SF Burger",
              "bowler": "Rizwan Cheema",
              "non_striker": "R van Schoor",
              "runs": {
                "batter": 0,
                "extras": 0,
                "total": 0
              }
            }
          ]
        },
        {
          "over": 7,
          "deliveries": [
            {
              "batter": "R van Schoor",
              "bowler": "Raza-ur-Rehman",
              "non_striker": "SF Burger",
              "runs": {
                "batter": 2,
                "extras": 0,
                "total": 2
              }
            },
            {
              "batter": "R van Schoor",
              "bowler": "Raza-ur-Rehman",
              "non_striker": "SF Burger",
              "runs": {
                "batter": 1,
                "extras": 0,
                "total": 1
              }
            },
            {
              "batter": "SF Burger",
              "bowler": "Raza-ur-Rehman",
              "non_striker": "R van Schoor",
              "runs": {
                "batter": 1,
                "extras": 0,
                "total": 1
              }
            },
            {
              "batter": "R van Schoor",
              "bowler": "Raza-ur-Rehman",
              "non_striker": "SF Burger",
              "runs": {
                "batter": 0,
                "extras": 0,
                "total": 0
              }
            },
            {
              "batter": "R van Schoor",
              "bowler": "Raza-ur-Rehman",
              "non_striker": "SF Burger",
              "runs": {
                "batter": 2,
                "extras": 0,
                "total": 2
              }
            },
            {
              "batter": "R van Schoor",
              "bowler": "Raza-ur-Rehman",
              "non_striker": "SF Burger",
              "runs": {
                "batter": 0,
                "extras": 0,
                "total": 0
              }
            }
          ]
        },
        {
          "over": 8,
          "deliveries": [
            {
              "batter": "SF Burger",
              "bowler": "AS Dean",
              "non_striker": "R van Schoor",
              "runs": {
                "batter": 1,
                "extras": 0,
                "total": 1
              }
            },
            {
              "batter": "R van Schoor",
              "bowler": "AS Dean",
              "non_striker": "SF Burger",
              "runs": {
                "batter": 0,
                "extras": 0,
                "total": 0
              }
            },
            {
              "batter": "R van Schoor",
              "bowler": "AS Dean",
              "non_striker": "SF Burger",
              "runs": {
                "batter": 1,
                "extras": 0,
                "total": 1
              }
            },
            {
              "batter": "SF Burger",
              "bowler": "AS Dean",
              "non_striker": "R van Schoor",
              "runs": {
                "batter": 0,
                "extras": 0,
                "total": 0
              }
            },
            {
              "batter": "SF Burger",
              "bowler": "AS Dean",
              "non_striker": "R van Schoor",
              "runs": {
                "batter": 0,
                "extras": 0,
                "total": 0
              }
            },
            {
              "batter": "SF Burger",
              "bowler": "AS Dean",
              "non_striker": "R van Schoor",
              "runs": {
                "batter": 1,
                "extras": 0,
                "total": 1
              }
            }
          ]
        },
        {
          "over": 9,
          "deliveries": [
            {
              "batter": "SF Burger",
              "bowler": "H Patel",
              "extras": {
                "legbyes": 1
              },
              "non_striker": "R van Schoor",
              "runs": {
                "batter": 0,
                "extras": 1,
                "total": 1
              }
            },
            {
              "batter": "R van Schoor",
              "bowler": "H Patel",
              "non_striker": "SF Burger",
              "runs": {
                "batter": 1,
                "extras": 0,
                "total": 1
              }
            },
            {
              "batter": "SF Burger",
              "bowler": "H Patel",
              "non_striker": "R van Schoor",
              "runs": {
                "batter": 0,
                "extras": 0,
                "total": 0
              }
            },
            {
              "batter": "SF Burger",
              "bowler": "H Patel",
              "non_striker": "R van Schoor",
              "runs": {
                "batter": 0,
                "extras": 0,
                "total": 0
              },
              "wickets": [
                {
                  "kind": "bowled",
                  "player_out": "SF Burger"
                }
              ]
            },
            {
              "batter": "CG Williams",
              "bowler": "H Patel",
              "extras": {
                "wides": 3
              },
              "non_striker": "R van Schoor",
              "runs": {
                "batter": 0,
                "extras": 3,
                "total": 3
              }
            },
            {
              "batter": "CG Williams",
              "bowler": "H Patel",
              "non_striker": "R van Schoor",
              "runs": {
                "batter": 1,
                "extras": 0,
                "total": 1
              }
            },
            {
              "batter": "R van Schoor",
              "bowler": "H Patel",
              "non_striker": "CG Williams",
              "runs": {
                "batter": 2,
                "extras": 0,
                "total": 2
              }
            }
          ]
        },
        {
          "over": 10,
          "deliveries": [
            {
              "batter": "CG Williams",
              "bowler": "AS Dean",
              "non_striker": "R van Schoor",
              "runs": {
                "batter": 0,
                "extras": 0,
                "total": 0
              }
            },
            {
              "batter": "CG Williams",
              "bowler": "AS Dean",
              "non_striker": "R van Schoor",
              "runs": {
                "batter": 1,
                "extras": 0,
                "total": 1
              }
            },
            {
              "batter": "R van Schoor",
              "bowler": "AS Dean",
              "non_striker": "CG Williams",
              "runs": {
                "batter": 1,
                "extras": 0,
                "total": 1
              }
            },
            {
              "batter": "CG Williams",
              "bowler": "AS Dean",
              "non_striker": "R van Schoor",
              "runs": {
                "batter": 0,
                "extras": 0,
                "total": 0
              }
            },
            {
              "batter": "CG Williams",
              "bowler": "AS Dean",
              "non_striker": "R van Schoor",
              "runs": {
                "batter": 1,
                "extras": 0,
                "total": 1
              }
            },
            {
              "batter": "R van Schoor",
              "bowler": "AS Dean",
              "non_striker": "CG Williams",
              "runs": {
                "batter": 1,
                "extras": 0,
                "total": 1
              }
            }
          ]
        },
        {
          "over": 11,
          "deliveries": [
            {
              "batter": "R van Schoor",
              "bowler": "H Patel",
              "non_striker": "CG Williams",
              "runs": {
                "batter": 0,
                "extras": 0,
                "total": 0
              }
            },
            {
              "batter": "R van Schoor",
              "bowler": "H Patel",
              "non_striker": "CG Williams",
              "runs": {
                "batter": 0,
                "extras": 0,
                "total": 0
              }
            },
            {
              "batter": "R van Schoor",
              "bowler": "H Patel",
              "non_striker": "CG Williams",
              "runs": {
                "batter": 1,
                "extras": 0,
                "total": 1
              }
            },
            {
              "batter": "CG Williams",
              "bowler": "H Patel",
              "non_striker": "R van Schoor",
              "runs": {
                "batter": 1,
                "extras": 0,
                "total": 1
              }
            },
            {
              "batter": "R van Schoor",
              "bowler": "H Patel",
              "non_striker": "CG Williams",
              "runs": {
                "batter": 1,
                "extras": 0,
                "total": 1
              }
            },
            {
              "batter": "CG Williams",
              "bowler": "H Patel",
              "non_striker": "R van Schoor",
              "runs": {
                "batter": 1,
                "extras": 0,
                "total": 1
              }
            }
          ]
        },
        {
          "over": 12,
          "deliveries": [
            {
              "batter": "CG Williams",
              "bowler": "AS Dean",
              "non_striker": "R van Schoor",
              "runs": {
                "batter": 0,
                "extras": 0,
                "total": 0
              }
            },
            {
              "batter": "CG Williams",
              "bowler": "AS Dean",
              "non_striker": "R van Schoor",
              "runs": {
                "batter": 0,
                "extras": 0,
                "total": 0
              }
            },
            {
              "batter": "CG Williams",
              "bowler": "AS Dean",
              "non_striker": "R van Schoor",
              "runs": {
                "batter": 1,
                "extras": 0,
                "total": 1
              }
            },
            {
              "batter": "R van Schoor",
              "bowler": "AS Dean",
              "non_striker": "CG Williams",
              "runs": {
                "batter": 1,
                "extras": 0,
                "total": 1
              }
            },
            {
              "batter": "CG Williams",
              "bowler": "AS Dean",
              "non_striker": "R van Schoor",
              "runs": {
                "batter": 0,
                "extras": 0,
                "total": 0
              }
            },
            {
              "batter": "CG Williams",
              "bowler": "AS Dean",
              "non_striker": "R van Schoor",
              "runs": {
                "batter": 0,
                "extras": 0,
                "total": 0
              }
            }
          ]
        },
        {
          "over": 13,
          "deliveries": [
            {
              "batter": "R van Schoor",
              "bowler": "H Patel",
              "non_striker": "CG Williams",
              "runs": {
                "batter": 4,
                "extras": 0,
                "total": 4
              }
            },
            {
              "batter": "R van Schoor",
              "bowler": "H Patel",
              "non_striker": "CG Williams",
              "runs": {
                "batter": 0,
                "extras": 0,
                "total": 0
              }
            },
            {
              "batter": "R van Schoor",
              "bowler": "H Patel",
              "non_striker": "CG Williams",
              "runs": {
                "batter": 2,
                "extras": 0,
                "total": 2
              }
            },
            {
              "batter": "R van Schoor",
              "bowler": "H Patel",
              "non_striker": "CG Williams",
              "runs": {
                "batter": 1,
                "extras": 0,
                "total": 1
              }
            },
            {
              "batter": "CG Williams",
              "bowler": "H Patel",
              "non_striker": "R van Schoor",
              "runs": {
                "batter": 1,
                "extras": 0,
                "total": 1
              }
            },
            {
              "batter": "R van Schoor",
              "bowler": "H Patel",
              "non_striker": "CG Williams",
              "runs": {
                "batter": 2,
                "extras": 0,
                "total": 2
              }
            }
          ]
        },
        {
          "over": 14,
          "deliveries": [
            {
              "batter": "CG Williams",
              "bowler": "AS Dean",
              "non_striker": "R van Schoor",
              "runs": {
                "batter": 1,
                "extras": 0,
                "total": 1
              }
            },
            {
              "batter": "R van Schoor",
              "bowler": "AS Dean",
              "non_striker": "CG Williams",
              "runs": {
                "batter": 2,
                "extras": 0,
                "total": 2
              }
            },
            {
              "batter": "R van Schoor",
              "bowler": "AS Dean",
              "non_striker": "CG Williams",
              "runs": {
                "batter": 1,
                "extras": 0,
                "total": 1
              }
            },
            {
              "batter": "CG Williams",
              "bowler": "AS Dean",
              "non_striker": "R van Schoor",
              "runs": {
                "batter": 0,
                "extras": 0,
                "total": 0
              }
            },
            {
              "batter": "CG Williams",
              "bowler": "AS Dean",
              "non_striker": "R van Schoor",
              "runs": {
                "batter": 1,
                "extras": 0,
                "total": 1
              }
            },
            {
              "batter": "CG Williams",
              "bowler": "AS Dean",
              "non_striker": "R van Schoor",
              "runs": {
                "batter": 0,
                "extras": 0,
                "total": 0
              }
            }
          ]
        },
        {
          "over": 15,
          "deliveries": [
            {
              "batter": "R van Schoor",
              "bowler": "H Patel",
              "non_striker": "CG Williams",
              "runs": {
                "batter": 1,
                "extras": 0,
                "total": 1
              }
            },
            {
              "batter": "CG Williams",
              "bowler": "H Patel",
              "non_striker": "R van Schoor",
              "runs": {
                "batter": 1,
                "extras": 0,
                "total": 1
              }
            },
            {
              "batter": "R van Schoor",
              "bowler": "H Patel",
              "non_striker": "CG Williams",
              "runs": {
                "batter": 1,
                "extras": 0,
                "total": 1
              }
            },
            {
              "batter": "CG Williams",
              "bowler": "H Patel",
              "non_striker": "R van Schoor",
              "runs": {
                "batter": 4,
                "extras": 0,
                "total": 4
              }
            },
            {
              "batter": "CG Williams",
              "bowler": "H Patel",
              "non_striker": "R van Schoor",
              "runs": {
                "batter": 0,
                "extras": 0,
                "total": 0
              }
            },
            {
              "batter": "CG Williams",
              "bowler": "H Patel",
              "non_striker": "R van Schoor",
              "runs": {
                "batter": 2,
                "extras": 0,
                "total": 2
              }
            }
          ]
        },
        {
          "over": 16,
          "deliveries": [
            {
              "batter": "R van Schoor",
              "bowler": "JOA Gordon",
              "non_striker": "CG Williams",
              "runs": {
                "batter": 0,
                "extras": 0,
                "total": 0
              }
            },
            {
              "batter": "R van Schoor",
              "bowler": "JOA Gordon",
              "non_striker": "CG Williams",
              "runs": {
                "batter": 2,
                "extras": 0,
                "total": 2
              }
            },
            {
              "batter": "R van Schoor",
              "bowler": "JOA Gordon",
              "non_striker": "CG Williams",
              "runs": {
                "batter": 2,
                "extras": 0,
                "total": 2
              }
            },
            {
              "batter": "R van Schoor",
              "bowler": "JOA Gordon",
              "extras": {
                "legbyes": 1
              },
              "non_striker": "CG Williams",
              "runs": {
                "batter": 0,
                "extras": 1,
                "total": 1
              }
            },
            {
              "batter": "CG Williams",
              "bowler": "JOA Gordon",
              "non_striker": "R van Schoor",
              "runs": {
                "batter": 1,
                "extras": 0,
                "total": 1
              }
            },
            {
              "batter": "R van Schoor",
              "bowler": "JOA Gordon",
              "non_striker": "CG Williams",
              "runs": {
                "batter": 0,
                "extras": 0,
                "total": 0
              }
            }
          ]
        },
        {
          "over": 17,
          "deliveries": [
            {
              "batter": "CG Williams",
              "bowler": "HS Baidwan",
              "non_striker": "R van Schoor",
              "runs": {
                "batter": 4,
                "extras": 0,
                "total": 4
              }
            },
            {
              "batter": "CG Williams",
              "bowler": "HS Baidwan",
              "non_striker": "R van Schoor",
              "runs": {
                "batter": 1,
                "extras": 0,
                "total": 1
              }
            },
            {
              "batter": "R van Schoor",
              "bowler": "HS Baidwan",
              "non_striker": "CG Williams",
              "runs": {
                "batter": 1,
                "extras": 0,
                "total": 1
              }
            },
            {
              "batter": "CG Williams",
              "bowler": "HS Baidwan",
              "non_striker": "R van Schoor",
              "runs": {
                "batter": 2,
                "extras": 0,
                "total": 2
              }
            },
            {
              "batter": "CG Williams",
              "bowler": "HS Baidwan",
              "non_striker": "R van Schoor",
              "runs": {
                "batter": 1,
                "extras": 0,
                "total": 1
              }
            },
            {
              "batter": "R van Schoor",
              "bowler": "HS Baidwan",
              "non_striker": "CG Williams",
              "runs": {
                "batter": 1,
                "extras": 0,
                "total": 1
              }
            }
          ]
        },
        {
          "over": 18,
          "deliveries": [
            {
              "batter": "R van Schoor",
              "bowler": "JOA Gordon",
              "non_striker": "CG Williams",
              "runs": {
                "batter": 1,
                "extras": 0,
                "total": 1
              }
            },
            {
              "batter": "CG Williams",
              "bowler": "JOA Gordon",
              "non_striker": "R van Schoor",
              "runs": {
                "batter": 0,
                "extras": 0,
                "total": 0
              }
            },
            {
              "batter": "CG Williams",
              "bowler": "JOA Gordon",
              "non_striker": "R van Schoor",
              "runs": {
                "batter": 1,
                "extras": 0,
                "total": 1
              }
            },
            {
              "batter": "R van Schoor",
              "bowler": "JOA Gordon",
              "non_striker": "CG Williams",
              "runs": {
                "batter": 1,
                "extras": 0,
                "total": 1
              }
            },
            {
              "batter": "CG Williams",
              "bowler": "JOA Gordon",
              "non_striker": "R van Schoor",
              "runs": {
                "batter": 2,
                "extras": 0,
                "total": 2
              }
            },
            {
              "batter": "CG Williams",
              "bowler": "JOA Gordon",
              "non_striker": "R van Schoor",
              "runs": {
                "batter": 1,
                "extras": 0,
                "total": 1
              }
            }
          ]
        },
        {
          "over": 19,
          "deliveries": [
            {
              "batter": "CG Williams",
              "bowler": "HS Baidwan",
              "non_striker": "R van Schoor",
              "runs": {
                "batter": 0,
                "extras": 0,
                "total": 0
              },
              "wickets": [
                {
                  "kind": "run out",
                  "player_out": "R van Schoor",
                  "fielders": [
                    {
                      "name": "Junaid Siddiqui"
                    }
                  ]
                }
              ]
            },
            {
              "batter": "CG Williams",
              "bowler": "HS Baidwan",
              "non_striker": "NRP Scholtz",
              "runs": {
                "batter": 4,
                "extras": 0,
                "total": 4
              }
            },
            {
              "batter": "CG Williams",
              "bowler": "HS Baidwan",
              "non_striker": "NRP Scholtz",
              "runs": {
                "batter": 4,
                "extras": 0,
                "total": 4
              }
            }
          ]
        }
      ],
      "powerplays": [
        {
          "from": 0.1,
          "to": 5.6,
          "type": "mandatory"
        }
      ],
      "target": {
        "overs": 20,
        "runs": 118
      }
    }
  ]
}