{
  "meta": {
    "data_version": "1.0.0",
    "created": "2013-12-18",
    "revision": 2
  },
  "info": {
    "balls_per_over": 6,
    "city": "Dubai",
    "dates": [
      "2013-11-21"
    ],
    "event": {
      "group": "B",
      "match_number": 36,
      "name": "ICC World Twenty20 Qualifier"
    },
    "gender": "male",
    "match_type": "IT20",
    "officials": {
      "match_referees": [
        "DT Jukes"
      ],
      "reserve_umpires": [
        "M Hawthorne"
      ],
      "umpires": [
        "S Ravi",
        "JS Wilson"
      ]
    },
    "outcome": {
      "by": {
        "runs": 84
      },
      "winner": "Scotland"
    },
    "overs": 20,
    "player_of_match": [
      "RML Taylor"
    ],
    "players": {
      "Papua New Guinea": [
        "A Vala",
        "TP Ura",
        "K Pala",
        "GO Jones",
        "CN Kent",
        "CJA Amini",
        "MD Dai",
        "JNT Vare",
        "CR Amini",
        "JB Reva",
        "WT Gavera"
      ],
      "Scotland": [
        "RD Berrington",
        "CS MacLeod",
        "MW Machan",
        "MA Leask",
        "KJ Coetzer",
        "RML Taylor",
        "MH Cross",
        "SM Sharif",
        "RM Haq",
        "NM Carter",
        "G Goudie"
      ]
    },
    "registry": {
      "people": {
        "A Vala": "72e60730",
        "CJA Amini": "4d84ad05",
        "CN Kent": "8eea5560",
        "CR Amini": "664189ff",
        "CS MacLeod": "9c376401",
        "DT Jukes": "7c215d14",
        "G Goudie": "59f509ed",
        "GO Jones": "2e929b99",
        "JB Reva": "6a685375",
        "JNT Vare": "3e326efc",
        "JS Wilson": "d7f3b72f",
        "K Pala": "f5b68485",
        "KJ Coetzer": "85d8110a",
        "M Hawthorne": "ea123ee4",
        "MA Leask": "28131839",
        "MD Dai": "5be810ba",
        "MH Cross": "8b261d84",
        "MW Machan": "8c7d6cbe",
        "NM Carter": "7805af0f",
        "RD Berrington": "e21bc7f3",
        "RM Haq": "27159c6a",
        "RML Taylor": "7fa2ab1f",
        "S Ravi": "9b9ee0df",
        "SM Sharif": "f43dd8c2",
        "TP Ura": "a82eb3fb",
        "WT Gavera": "7516045a"
      }
    },
    "season": "2013/14",
    "team_type": "international",
    "teams": [
      "Scotland",
      "Papua New Guinea"
    ],
    "toss": {
      "decision": "field",
      "winner": "Papua New Guinea"
    },
    "venue": "ICC Academy"
  },
  "innings": [
    {
      "team": "Scotland",
      "overs": [
        {
          "over": 0,
          "deliveries": [
            {
              "batter": "RD Berrington",
              "bowler": "JB Reva",
              "extras": {
                "wides": 5
              },
              "non_striker": "CS MacLeod",
              "runs": {
                "batter": 0,
                "extras": 5,
                "total": 5
              }
            },
            {
              "batter": "RD Berrington",
              "bowler": "JB Reva",
              "non_striker": "CS MacLeod",
              "runs": {
                "batter": 1,
                "extras": 0,
                "total": 1
              }
            },
            {
              "batter": "CS MacLeod",
              "bowler": "JB Reva",
              "non_striker": "RD Berrington",
              "runs": {
                "batter": 0,
                "extras": 0,
                "total": 0
              }
            },
            {
              "batter": "CS MacLeod",
              "bowler": "JB Reva",
              "non_striker": "RD Berrington",
              "runs": {
                "batter": 0,
                "extras": 0,
                "total": 0
              }
            },
            {
              "batter": "CS MacLeod",
              "bowler": "JB Reva",
              "non_striker": "RD Berrington",
              "runs": {
                "batter": 0,
                "extras": 0,
                "total": 0
              }
            },
            {
              "batter": "CS MacLeod",
              "bowler": "JB Reva",
              "non_striker": "RD Berrington",
              "runs": {
                "batter": 1,
                "extras": 0,
                "total": 1
              }
            },
            {
              "batter": "RD Berrington",
              "bowler": "JB Reva",
              "non_striker": "CS MacLeod",
              "runs": {
                "batter": 0,
                "extras": 0,
                "total": 0
              }
            }
          ]
        },
        {
          "over": 1,
          "deliveries": [
            {
              "batter": "CS MacLeod",
              "bowler": "WT Gavera",
              "non_striker": "RD Berrington",
              "runs": {
                "batter": 0,
                "extras": 0,
                "total": 0
              }
            },
            {
              "batter": "CS MacLeod",
              "bowler": "WT Gavera",
              "non_striker": "RD Berrington",
              "runs": {
                "batter": 0,
                "extras": 0,
                "total": 0
              }
            },
            {
              "batter": "CS MacLeod",
              "bowler": "WT Gavera",
              "non_striker": "RD Berrington",
              "runs": {
                "batter": 0,
                "extras": 0,
                "total": 0
              }
            },
            {
              "batter": "CS MacLeod",
              "bowler": "WT Gavera",
              "non_striker": "RD Berrington",
              "runs": {
                "batter": 1,
                "extras": 0,
                "total": 1
              }
            },
            {
              "batter": "RD Berrington",
              "bowler": "WT Gavera",
              "non_striker": "CS MacLeod",
              "runs": {
                "batter": 0,
                "extras": 0,
                "total": 0
              }
            },
            {
              "batter": "RD Berrington",
              "bowler": "WT Gavera",
              "non_striker": "CS MacLeod",
              "runs": {
                "batter": 0,
                "extras": 0,
                "total": 0
              }
            }
          ]
        },
        {
          "over": 2,
          "deliveries": [
            {
              "batter": "CS MacLeod",
              "bowler": "CR Amini",
              "non_striker": "RD Berrington",
              "runs": {
                "batter": 2,
                "extras": 0,
                "total": 2
              }
            },
            {
              "batter": "CS MacLeod",
              "bowler": "CR Amini",
              "non_striker": "RD Berrington",
              "runs": {
                "batter": 1,
                "extras": 0,
                "total": 1
              }
            },
            {
              "batter": "RD Berrington",
              "bowler": "CR Amini",
              "non_striker": "CS MacLeod",
              "runs": {
                "batter": 2,
                "extras": 0,
                "total": 2
              }
            },
            {
              "batter": "RD Berrington",
              "bowler": "CR Amini",
              "extras": {
                "wides": 1
              },
              "non_striker": "CS MacLeod",
              "runs": {
                "batter": 0,
                "extras": 1,
                "total": 1
              }
            },
            {
              "batter": "RD Berrington",
              "bowler": "CR Amini",
              "non_striker": "CS MacLeod",
              "runs": {
                "batter": 0,
                "extras": 0,
                "total": 0
              }
            },
            {
              "batter": "RD Berrington",
              "bowler": "CR Amini",
              "non_striker": "CS MacLeod",
              "runs": {
                "batter": 1,
                "extras": 0,
                "total": 1
              }
            },
            {
              "batter": "CS MacLeod",
              "bowler": "CR Amini",
              "extras": {
                "legbyes": 1
              },
              "non_striker": "RD Berrington",
              "runs": {
                "batter": 0,
                "extras": 1,
                "total": 1
              }
            }
          ]
        },
        {
          "over": 3,
          "deliveries": [
            {
              "batter": "CS MacLeod",
              "bowler": "WT Gavera",
              "non_striker": "RD Berrington",
              "runs": {
                "batter": 4,
                "extras": 0,
                "total": 4
              }
            },
            {
              "batter": "CS MacLeod",
              "bowler": "WT Gavera",
              "non_striker": "RD Berrington",
              "runs": {
                "batter": 0,
                "extras": 0,
                "total": 0
              }
            },
            {
              "batter": "CS MacLeod",
              "bowler": "WT Gavera",
              "non_striker": "RD Berrington",
              "runs": {
                "batter": 1,
                "extras": 0,
                "total": 1
              }
            },
            {
              "batter": "RD Berrington",
              "bowler": "WT Gavera",
              "non_striker": "CS MacLeod",
              "runs": {
                "batter": 1,
                "extras": 0,
                "total": 1
              }
            },
            {
              "batter": "CS MacLeod",
              "bowler": "WT Gavera",
              "non_striker": "RD Berrington",
              "runs": {
                "batter": 0,
                "extras": 0,
                "total": 0
              }
            },
            {
              "batter": "CS MacLeod",
              "bowler": "WT Gavera",
              "non_striker": "RD Berrington",
              "runs": {
                "batter": 0,
                "extras": 0,
                "total": 0
              }
            }
          ]
        },
        {
          "over": 4,
          "deliveries": [
            {
              "batter": "RD Berrington",
              "bowler": "CR Amini",
              "non_striker": "CS MacLeod",
              "runs": {
                "batter": 4,
                "extras": 0,
                "total": 4
              }
            },
            {
              "batter": "RD Berrington",
              "bowler": "CR Amini",
              "non_striker": "CS MacLeod",
              "runs": {
                "batter": 0,
                "extras": 0,
                "total": 0
              }
            },
            {
              "batter": "RD Berrington",
              "bowler": "CR Amini",
              "non_striker": "CS MacLeod",
              "runs": {
                "batter": 0,
                "extras": 0,
                "total": 0
              }
            },
            {
              "batter": "RD Berrington",
              "bowler": "CR Amini",
              "non_striker": "CS MacLeod",
              "runs": {
                "batter": 6,
                "extras": 0,
                "total": 6
              }
            },
            {
              "batter": "RD Berrington",
              "bowler": "CR Amini",
              "non_striker": "CS MacLeod",
              "runs": {
                "batter": 1,
                "extras": 0,
                "total": 1
              }
            },
            {
              "batter": "CS MacLeod",
              "bowler": "CR Amini",
              "non_striker": "RD Berrington",
              "runs": {
                "batter": 0,
                "extras": 0,
                "total": 0
              }
            }
          ]
        },
        {
          "over": 5,
          "deliveries": [
            {
              "batter": "RD Berrington",
              "bowler": "MD Dai",
              "non_striker": "CS MacLeod",
              "runs": {
                "batter": 1,
                "extras": 0,
                "total": 1
              }
            },
            {
              "batter": "CS MacLeod",
              "bowler": "MD Dai",
              "non_striker": "RD Berrington",
              "runs": {
                "batter": 2,
                "extras": 0,
                "total": 2
              }
            },
            {
              "batter": "CS MacLeod",
              "bowler": "MD Dai",
              "non_striker": "RD Berrington",
              "runs": {
                "batter": 4,
                "extras": 0,
                "total": 4
              }
            },
            {
              "batter": "CS MacLeod",
              "bowler": "MD Dai",
              "non_striker": "RD Berrington",
              "runs": {
                "batter": 2,
                "extras": 0,
                "total": 2
              }
            },
            {
              "batter": "CS MacLeod",
              "bowler": "MD Dai",
              "non_striker": "RD Berrington",
              "runs": {
                "batter": 4,
                "extras": 0,
                "total": 4
              }
            },
            {
              "batter": "CS MacLeod",
              "bowler": "MD Dai",
              "non_striker": "RD Berrington",
              "runs": {
                "batter": 4,
                "extras": 0,
                "total": 4
              }
            }
          ]
        },
        {
          "over": 6,
          "deliveries": [
            {
              "batter": "RD Berrington",
              "bowler": "JB Reva",
              "non_striker": "CS MacLeod",
              "runs": {
                "batter": 1,
                "extras": 0,
                "total": 1
              }
            },
            {
              "batter": "CS MacLeod",
              "bowler": "JB Reva",
              "non_striker": "RD Berrington",
              "runs": {
                "batter": 0,
                "extras": 0,
                "total": 0
              }
            },
            {
              "batter": "CS MacLeod",
              "bowler": "JB Reva",
              "non_striker": "RD Berrington",
              "runs": {
                "batter": 1,
                "extras": 0,
                "total": 1
              }
            },
            {
              "batter": "RD Berrington",
              "bowler": "JB Reva",
              "non_striker": "CS MacLeod",
              "runs": {
                "batter": 1,
                "extras": 0,
                "total": 1
              }
            },
            {
              "batter": "CS MacLeod",
              "bowler": "JB Reva",
              "non_striker": "RD Berrington",
              "runs": {
                "batter": 0,
                "extras": 0,
                "total": 0
              }
            },
            {
              "batter": "CS MacLeod",
              "bowler": "JB Reva",
              "non_striker": "RD Berrington",
              "runs": {
                "batter": 0,
                "extras": 0,
                "total": 0
              }
            }
          ]
        },
        {
          "over": 7,
          "deliveries": [
            {
              "batter": "RD Berrington",
              "bowler": "CJA Amini",
              "non_striker": "CS MacLeod",
              "runs": {
                "batter": 1,
                "extras": 0,
                "total": 1
              }
            },
            {
              "batter": "CS MacLeod",
              "bowler": "CJA Amini",
              "non_striker": "RD Berrington",
              "runs": {
                "batter": 0,
                "extras": 0,
                "total": 0
              }
            },
            {
              "batter": "CS MacLeod",
              "bowler": "CJA Amini",
              "non_striker": "RD Berrington",
              "runs": {
                "batter": 6,
                "extras": 0,
                "total": 6
              }
            },
            {
              "batter": "CS MacLeod",
              "bowler": "CJA Amini",
              "non_striker": "RD Berrington",
              "runs": {
                "batter": 4,
                "extras": 0,
                "total": 4
              }
            },
            {
              "batter": "CS MacLeod",
              "bowler": "CJA Amini",
              "non_striker": "RD Berrington",
              "runs": {
                "batter": 2,
                "extras": 0,
                "total": 2
              }
            },
            {
              "batter": "CS MacLeod",
              "bowler": "CJA Amini",
              "non_striker": "RD Berrington",
              "runs": {
                "batter": 1,
                "extras": 0,
                "total": 1
              }
            }
          ]
        },
        {
          "over": 8,
          "deliveries": [
            {
              "batter": "CS MacLeod",
              "bowler": "JB Reva",
              "non_striker": "RD Berrington",
              "runs": {
                "batter": 1,
                "extras": 0,
                "total": 1
              }
            },
            {
              "batter": "RD Berrington",
              "bowler": "JB Reva",
              "non_striker": "CS MacLeod",
              "runs": {
                "batter": 1,
                "extras": 0,
                "total": 1
              }
            },
            {
              "batter": "CS MacLeod",
              "bowler": "JB Reva",
              "non_striker": "RD Berrington",
              "runs": {
                "batter": 0,
                "extras": 0,
                "total": 0
              }
            },
            {
              "batter": "CS MacLeod",
              "bowler": "JB Reva",
              "non_striker": "RD Berrington",
              "runs": {
                "batter": 1,
                "extras": 0,
                "total": 1
              }
            },
            {
              "batter": "RD Berrington",
              "bowler": "JB Reva",
              "non_striker": "CS MacLeod",
              "runs": {
                "batter": 1,
                "extras": 0,
                "total": 1
              }
            },
            {
              "batter": "CS MacLeod",
              "bowler": "JB Reva",
              "non_striker": "RD Berrington",
              "runs": {
                "batter": 2,
                "extras": 0,
                "total": 2
              }
            }
          ]
        },
        {
          "over": 9,
          "deliveries": [
            {
              "batter": "RD Berrington",
              "bowler": "A Vala",
              "non_striker": "CS MacLeod",
              "runs": {
                "batter": 0,
                "extras": 0,
                "total": 0
              }
            },
            {
              "batter": "RD Berrington",
              "bowler": "A Vala",
              "non_striker": "CS MacLeod",
              "runs": {
                "batter": 1,
                "extras": 0,
                "total": 1
              }
            },
            {
              "batter": "CS MacLeod",
              "bowler": "A Vala",
              "non_striker": "RD Berrington",
              "runs": {
                "batter": 1,
                "extras": 0,
                "total": 1
              }
            },
            {
              "batter": "RD Berrington",
              "bowler": "A Vala",
              "non_striker": "CS MacLeod",
              "runs": {
                "batter": 1,
                "extras": 0,
                "total": 1
              }
            },
            {
              "batter": "CS MacLeod",
              "bowler": "A Vala",
              "non_striker": "RD Berrington",
              "runs": {
                "batter": 6,
                "extras": 0,
                "total": 6
              }
            },
            {
              "batter": "CS MacLeod",
              "bowler": "A Vala",
              "non_striker": "RD Berrington",
              "runs": {
                "batter": 6,
                "extras": 0,
                "total": 6
              }
            }
          ]
        },
        {
          "over": 10,
          "deliveries": [
            {
              "batter": "RD Berrington",
              "bowler": "CR Amini",
              "non_striker": "CS MacLeod",
              "runs": {
                "batter": 2,
                "extras": 0,
                "total": 2
              }
            },
            {
              "batter": "RD Berrington",
              "bowler": "CR Amini",
              "non_striker": "CS MacLeod",
              "runs": {
                "batter": 2,
                "extras": 0,
                "total": 2
              }
            },
            {
              "batter": "RD Berrington",
              "bowler": "CR Amini",
              "non_striker": "CS MacLeod",
              "runs": {
                "batter": 4,
                "extras": 0,
                "total": 4
              }
            },
            {
              "batter": "RD Berrington",
              "bowler": "CR Amini",
              "non_striker": "CS MacLeod",
              "runs": {
                "batter": 0,
                "extras": 0,
                "total": 0
              }
            },
            {
              "batter": "RD Berrington",
              "bowler": "CR Amini",
              "non_striker": "CS MacLeod",
              "runs": {
                "batter": 3,
                "extras": 0,
                "total": 3
              }
            },
            {
              "batter": "CS MacLeod",
              "bowler": "CR Amini",
              "non_striker": "RD Berrington",
              "runs": {
                "batter": 1,
                "extras": 0,
                "total": 1
              }
            }
          ]
        },
        {
          "over": 11,
          "deliveries": [
            {
              "batter": "CS MacLeod",
              "bowler": "CJA Amini",
              "non_striker": "RD Berrington",
              "runs": {
                "batter": 0,
                "extras": 0,
                "total": 0
              },
              "wickets": [
                {
                  "kind": "bowled",
                  "player_out": "CS MacLeod"
                }
              ]
            },
            {
              "batter": "MW Machan",
              "bowler": "CJA Amini",
              "non_striker": "RD Berrington",
              "runs": {
                "batter": 1,
                "extras": 0,
                "total": 1
              }
            },
            {
              "batter": "RD Berrington",
              "bowler": "CJA Amini",
              "non_striker": "MW Machan",
              "runs": {
                "batter": 1,
                "extras": 0,
                "total": 1
              }
            },
            {
              "batter": "MW Machan",
              "bowler": "CJA Amini",
              "non_striker": "RD Berrington",
              "runs": {
                "batter": 1,
                "extras": 0,
                "total": 1
              }
            },
            {
              "batter": "RD Berrington",
              "bowler": "CJA Amini",
              "non_striker": "MW Machan",
              "runs": {
                "batter": 0,
                "extras": 0,
                "total": 0
              }
            },
            {
              "batter": "RD Berrington",
              "bowler": "CJA Amini",
              "non_striker": "MW Machan",
              "runs": {
                "batter": 1,
                "extras": 0,
                "total": 1
              }
            }
          ]
        },
        {
          "over": 12,
          "deliveries": [
            {
              "batter": "RD Berrington",
              "bowler": "WT Gavera",
              "non_striker": "MW Machan",
              "runs": {
                "batter": 2,
                "extras": 0,
                "total": 2
              }
            },
            {
              "batter": "RD Berrington",
              "bowler": "WT Gavera",
              "non_striker": "MW Machan",
              "runs": {
                "batter": 4,
                "extras": 0,
                "total": 4
              }
            },
            {
              "batter": "RD Berrington",
              "bowler": "WT Gavera",
              "non_striker": "MW Machan",
              "runs": {
                "batter": 0,
                "extras": 0,
                "total": 0
              },
              "wickets": [
                {
                  "kind": "caught",
                  "player_out": "RD Berrington",
                  "fielders": [
                    {
                      "name": "JB Reva"
                    }
                  ]
                }
              ]
            },
            {
              "batter": "MW Machan",
              "bowler": "WT Gavera",
              "non_striker": "MA Leask",
              "runs": {
                "batter": 4,
                "extras": 0,
                "total": 4
              }
            },
            {
              "batter": "MW Machan",
              "bowler": "WT Gavera",
              "non_striker": "MA Leask",
              "runs": {
                "batter": 1,
                "extras": 0,
                "total": 1
              }
            },
            {
              "batter": "MA Leask",
              "bowler": "WT Gavera",
              "non_striker": "MW Machan",
              "runs": {
                "batter": 0,
                "extras": 0,
                "total": 0
              }
            }
          ]
        },
        {
          "over": 13,
          "deliveries": [
            {
              "batter": "MW Machan",
              "bowler": "MD Dai",
              "non_striker": "MA Leask",
              "runs": {
                "batter": 1,
                "extras": 0,
                "total": 1
              }
            },
            {
              "batter": "MA Leask",
              "bowler": "MD Dai",
              "non_striker": "MW Machan",
              "runs": {
                "batter": 0,
                "extras": 0,
                "total": 0
              }
            },
            {
              "batter": "MA Leask",
              "bowler": "MD Dai",
              "non_striker": "MW Machan",
              "runs": {
                "batter": 1,
                "extras": 0,
                "total": 1
              }
            },
            {
              "batter": "MW Machan",
              "bowler": "MD Dai",
              "non_striker": "MA Leask",
              "runs": {
                "batter": 1,
                "extras": 0,
                "total": 1
              }
            },
            {
              "batter": "MA Leask",
              "bowler": "MD Dai",
              "non_striker": "MW Machan",
              "runs": {
                "batter": 6,
                "extras": 0,
                "total": 6
              }
            },
            {
              "batter": "MA Leask",
              "bowler": "MD Dai",
              "non_striker": "MW Machan",
              "runs": {
                "batter": 1,
                "extras": 0,
                "total": 1
              }
            }
          ]
        },
        {
          "over": 14,
          "deliveries": [
            {
              "batter": "MA Leask",
              "bowler": "CJA Amini",
              "non_striker": "MW Machan",
              "runs": {
                "batter": 4,
                "extras": 0,
                "total": 4
              }
            },
            {
              "batter": "MA Leask",
              "bowler": "CJA Amini",
              "non_striker": "MW Machan",
              "runs": {
                "batter": 0,
                "extras": 0,
                "total": 0
              },
              "wickets": [
                {
                  "kind": "lbw",
                  "player_out": "MA Leask"
                }
              ]
            },
            {
              "batter": "KJ Coetzer",
              "bowler": "CJA Amini",
              "non_striker": "MW Machan",
              "runs": {
                "batter": 1,
                "extras": 0,
                "total": 1
              }
            },
            {
              "batter": "MW Machan",
              "bowler": "CJA Amini",
              "non_striker": "KJ Coetzer",
              "runs": {
                "batter": 1,
                "extras": 0,
                "total": 1
              }
            },
            {
              "batter": "KJ Coetzer",
              "bowler": "CJA Amini",
              "non_striker": "MW Machan",
              "runs": {
                "batter": 0,
                "extras": 0,
                "total": 0
              }
            },
            {
              "batter": "KJ Coetzer",
              "bowler": "CJA Amini",
              "non_striker": "MW Machan",
              "runs": {
                "batter": 0,
                "extras": 0,
                "total": 0
              }
            }
          ]
        },
        {
          "over": 15,
          "deliveries": [
            {
              "batter": "MW Machan",
              "bowler": "A Vala",
              "non_striker": "KJ Coetzer",
              "runs": {
                "batter": 1,
                "extras": 0,
                "total": 1
              }
            },
            {
              "batter": "KJ Coetzer",
              "bowler": "A Vala",
              "non_striker": "MW Machan",
              "runs": {
                "batter": 1,
                "extras": 0,
                "total": 1
              }
            },
            {
              "batter": "MW Machan",
              "bowler": "A Vala",
              "non_striker": "KJ Coetzer",
              "runs": {
                "batter": 6,
                "extras": 0,
                "total": 6
              }
            },
            {
              "batter": "MW Machan",
              "bowler": "A Vala",
              "non_striker": "KJ Coetzer",
              "runs": {
                "batter": 2,
                "extras": 0,
                "total": 2
              }
            },
            {
              "batter": "MW Machan",
              "bowler": "A Vala",
              "non_striker": "KJ Coetzer",
              "runs": {
                "batter": 1,
                "extras": 0,
                "total": 1
              }
            },
            {
              "batter": "KJ Coetzer",
              "bowler": "A Vala",
              "non_striker": "MW Machan",
              "runs": {
                "batter": 4,
                "extras": 0,
                "total": 4
              }
            }
          ]
        },
        {
          "over": 16,
          "deliveries": [
            {
              "batter": "MW Machan",
              "bowler": "CJA Amini",
              "non_striker": "KJ Coetzer",
              "runs": {
                "batter": 0,
                "extras": 0,
                "total": 0
              }
            },
            {
              "batter": "MW Machan",
              "bowler": "CJA Amini",
              "non_striker": "KJ Coetzer",
              "runs": {
                "batter": 1,
                "extras": 0,
                "total": 1
              }
            },
            {
              "batter": "KJ Coetzer",
              "bowler": "CJA Amini",
              "non_striker": "MW Machan",
              "runs": {
                "batter": 1,
                "extras": 0,
                "total": 1
              }
            },
            {
              "batter": "MW Machan",
              "bowler": "CJA Amini",
              "non_striker": "KJ Coetzer",
              "runs": {
                "batter": 4,
                "extras": 0,
                "total": 4
              }
            },
            {
              "batter": "MW Machan",
              "bowler": "CJA Amini",
              "non_striker": "KJ Coetzer",
              "runs": {
                "batter": 2,
                "extras": 0,
                "total": 2
              }
            },
            {
              "batter": "MW Machan",
              "bowler": "CJA Amini",
              "non_striker": "KJ Coetzer",
              "runs": {
                "batter": 1,
                "extras": 0,
                "total": 1
              }
            }
          ]
        },
        {
          "over": 17,
          "deliveries": [
            {
              "batter": "MW Machan",
              "bowler": "CR Amini",
              "non_striker": "KJ Coetzer",
              "runs": {
                "batter": 1,
                "extras": 0,
                "total": 1
              }
            },
            {
              "batter": "KJ Coetzer",
              "bowler": "CR Amini",
              "non_striker": "MW Machan",
              "runs": {
                "batter": 2,
                "extras": 0,
                "total": 2
              }
            },
            {
              "batter": "KJ Coetzer",
              "bowler": "CR Amini",
              "non_striker": "MW Machan",
              "runs": {
                "batter": 1,
                "extras": 0,
                "total": 1
              }
            },
            {
              "batter": "MW Machan",
              "bowler": "CR Amini",
              "non_striker": "KJ Coetzer",
              "runs": {
                "batter": 2,
                "extras": 0,
                "total": 2
              }
            },
            {
              "batter": "MW Machan",
              "bowler": "CR Amini",
              "non_striker": "KJ Coetzer",
              "runs": {
                "batter": 2,
                "extras": 0,
                "total": 2
              }
            },
            {
              "batter": "MW Machan",
              "bowler": "CR Amini",
              "non_striker": "KJ Coetzer",
              "runs": {
                "batter": 6,
                "extras": 0,
                "total": 6
              }
            }
          ]
        },
        {
          "over": 18,
          "deliveries": [
            {
              "batter": "KJ Coetzer",
              "bowler": "JB Reva",
              "non_striker": "MW Machan",
              "runs": {
                "batter": 1,
                "extras": 0,
                "total": 1
              }
            },
            {
              "batter": "MW Machan",
              "bowler": "JB Reva",
              "non_striker": "KJ Coetzer",
              "runs": {
                "batter": 1,
                "extras": 0,
                "total": 1
              }
            },
            {
              "batter": "KJ Coetzer",
              "bowler": "JB Reva",
              "non_striker": "MW Machan",
              "runs": {
                "batter": 0,
                "extras": 0,
                "total": 0
              },
              "wickets": [
                {
                  "kind": "caught",
                  "player_out": "KJ Coetzer",
                  "fielders": [
                    {
                      "name": "A Vala"
                    }
                  ]
                }
              ]
            },
            {
              "batter": "MW Machan",
              "bowler": "JB Reva",
              "non_striker": "RML Taylor",
              "runs": {
                "batter": 1,
                "extras": 0,
                "total": 1
              }
            },
            {
              "batter": "RML Taylor",
              "bowler": "JB Reva",
              "non_striker": "MW Machan",
              "runs": {
                "batter": 0,
                "extras": 0,
                "total": 0
              }
            },
            {
              "batter": "RML Taylor",
              "bowler": "JB Reva",
              "non_striker": "MW Machan",
              "runs": {
                "batter": 3,
                "extras": 0,
                "total": 3
              }
            }
          ]
        },
        {
          "over": 19,
          "deliveries": [
            {
              "batter": "RML Taylor",
              "bowler": "WT Gavera",
              "non_striker": "MW Machan",
              "runs": {
                "batter": 1,
                "extras": 0,
                "total": 1
              }
            },
            {
              "batter": "MW Machan",
              "bowler": "WT Gavera",
              "non_striker": "RML Taylor",
              "runs": {
                "batter": 2,
                "extras": 0,
                "total": 2
              }
            },
            {
              "batter": "MW Machan",
              "bowler": "WT Gavera",
              "non_striker": "RML Taylor",
              "runs": {
                "batter": 1,
                "extras": 0,
                "total": 1
              }
            },
            {
              "batter": "RML Taylor",
              "bowler": "WT Gavera",
              "non_striker": "MW Machan",
              "runs": {
                "batter": 1,
                "extras": 0,
                "total": 1
              }
            },
            {
              "batter": "MW Machan",
              "bowler": "WT Gavera",
              "non_striker": "RML Taylor",
              "runs": {
                "batter": 0,
                "extras": 0,
                "total": 0
              },
              "wickets": [
                {
                  "kind": "caught",
                  "player_out": "MW Machan",
                  "fielders": [
                    {
                      "name": "JNT Vare"
                    }
                  ]
                }
              ]
            },
            {
              "batter": "MH Cross",
              "bowler": "WT Gavera",
              "non_striker": "RML Taylor",
              "runs": {
                "batter": 1,
                "extras": 0,
                "total": 1
              }
            }
          ]
        }
      ],
      "powerplays": [
        {
          "from": 0.1,
          "to": 5.6,
          "type": "mandatory"
        }
      ]
    },
    {
      "team": "Papua New Guinea",
      "overs": [
        {
          "over": 0,
          "deliveries": [
            {
              "batter": "A Vala",
              "bowler": "NM Carter",
              "non_striker": "TP Ura",
              "runs": {
                "batter": 0,
                "extras": 0,
                "total": 0
              }
            },
            {
              "batter": "A Vala",
              "bowler": "NM Carter",
              "non_striker": "TP Ura",
              "runs": {
                "batter": 0,
                "extras": 0,
                "total": 0
              }
            },
            {
              "batter": "A Vala",
              "bowler": "NM Carter",
              "non_striker": "TP Ura",
              "runs": {
                "batter": 0,
                "extras": 0,
                "total": 0
              }
            },
            {
              "batter": "A Vala",
              "bowler": "NM Carter",
              "non_striker": "TP Ura",
              "runs": {
                "batter": 0,
                "extras": 0,
                "total": 0
              }
            },
            {
              "batter": "A Vala",
              "bowler": "NM Carter",
              "non_striker": "TP Ura",
              "runs": {
                "batter": 0,
                "extras": 0,
                "total": 0
              }
            },
            {
              "batter": "A Vala",
              "bowler": "NM Carter",
              "non_striker": "TP Ura",
              "runs": {
                "batter": 1,
                "extras": 0,
                "total": 1
              }
            }
          ]
        },
        {
          "over": 1,
          "deliveries": [
            {
              "batter": "A Vala",
              "bowler": "MW Machan",
              "non_striker": "TP Ura",
              "runs": {
                "batter": 0,
                "extras": 0,
                "total": 0
              }
            },
            {
              "batter": "A Vala",
              "bowler": "MW Machan",
              "non_striker": "TP Ura",
              "runs": {
                "batter": 0,
                "extras": 0,
                "total": 0
              }
            },
            {
              "batter": "A Vala",
              "bowler": "MW Machan",
              "non_striker": "TP Ura",
              "runs": {
                "batter": 1,
                "extras": 0,
                "total": 1
              }
            },
            {
              "batter": "TP Ura",
              "bowler": "MW Machan",
              "non_striker": "A Vala",
              "runs": {
                "batter": 1,
                "extras": 0,
                "total": 1
              }
            },
            {
              "batter": "A Vala",
              "bowler": "MW Machan",
              "non_striker": "TP Ura",
              "runs": {
                "batter": 0,
                "extras": 0,
                "total": 0
              }
            },
            {
              "batter": "A Vala",
              "bowler": "MW Machan",
              "non_striker": "TP Ura",
              "runs": {
                "batter": 0,
                "extras": 0,
                "total": 0
              }
            }
          ]
        },
        {
          "over": 2,
          "deliveries": [
            {
              "batter": "TP Ura",
              "bowler": "NM Carter",
              "non_striker": "A Vala",
              "runs": {
                "batter": 0,
                "extras": 0,
                "total": 0
              }
            },
            {
              "batter": "TP Ura",
              "bowler": "NM Carter",
              "non_striker": "A Vala",
              "runs": {
                "batter": 0,
                "extras": 0,
                "total": 0
              }
            },
            {
              "batter": "TP Ura",
              "bowler": "NM Carter",
              "non_striker": "A Vala",
              "runs": {
                "batter": 2,
                "extras": 0,
                "total": 2
              }
            },
            {
              "batter": "TP Ura",
              "bowler": "NM Carter",
              "non_striker": "A Vala",
              "runs": {
                "batter": 1,
                "extras": 0,
                "total": 1
              }
            },
            {
              "batter": "A Vala",
              "bowler": "NM Carter",
              "extras": {
                "wides": 1
              },
              "non_striker": "TP Ura",
              "runs": {
                "batter": 0,
                "extras": 1,
                "total": 1
              }
            },
            {
              "batter": "A Vala",
              "bowler": "NM Carter",
              "non_striker": "TP Ura",
              "runs": {
                "batter": 4,
                "extras": 0,
                "total": 4
              }
            },
            {
              "batter": "A Vala",
              "bowler": "NM Carter",
              "non_striker": "TP Ura",
              "runs": {
                "batter": 1,
                "extras": 0,
                "total": 1
              }
            }
          ]
        },
        {
          "over": 3,
          "deliveries": [
            {
              "batter": "A Vala",
              "bowler": "SM Sharif",
              "non_striker": "TP Ura",
              "runs": {
                "batter": 0,
                "extras": 0,
                "total": 0
              }
            },
            {
              "batter": "A Vala",
              "bowler": "SM Sharif",
              "non_striker": "TP Ura",
              "runs": {
                "batter": 0,
                "extras": 0,
                "total": 0
              }
            },
            {
              "batter": "A Vala",
              "bowler": "SM Sharif",
              "non_striker": "TP Ura",
              "runs": {
                "batter": 1,
                "extras": 0,
                "total": 1
              }
            },
            {
              "batter": "TP Ura",
              "bowler": "SM Sharif",
              "non_striker": "A Vala",
              "runs": {
                "batter": 0,
                "extras": 0,
                "total": 0
              },
              "wickets": [
                {
                  "kind": "caught",
                  "player_out": "TP Ura",
                  "fielders": [
                    {
                      "name": "KJ Coetzer"
                    }
                  ]
                }
              ]
            },
            {
              "batter": "A Vala",
              "bowler": "SM Sharif",
              "non_striker": "K Pala",
              "runs": {
                "batter": 0,
                "extras": 0,
                "total": 0
              }
            },
            {
              "batter": "A Vala",
              "bowler": "SM Sharif",
              "non_striker": "K Pala",
              "runs": {
                "batter": 0,
                "extras": 0,
                "total": 0
              }
            }
          ]
        },
        {
          "over": 4,
          "deliveries": [
            {
              "batter": "K Pala",
              "bowler": "NM Carter",
              "non_striker": "A Vala",
              "runs": {
                "batter": 0,
                "extras": 0,
                "total": 0
              },
              "wickets": [
                {
                  "kind": "run out",
                  "player_out": "A Vala",
                  "fielders": [
                    {
                      "name": "RD Berrington"
                    }
                  ]
                }
              ]
            },
            {
              "batter": "GO Jones",
              "bowler": "NM Carter",
              "non_striker": "K Pala",
              "runs": {
                "batter": 0,
                "extras": 0,
                "total": 0
              }
            },
            {
              "batter": "GO Jones",
              "bowler": "NM Carter",
              "non_striker": "K Pala",
              "runs": {
                "batter": 0,
                "extras": 0,
                "total": 0
              }
            },
            {
              "batter": "GO Jones",
              "bowler": "NM Carter",
              "non_striker": "K Pala",
              "runs": {
                "batter": 1,
                "extras": 0,
                "total": 1
              }
            },
            {
              "batter": "K Pala",
              "bowler": "NM Carter",
              "non_striker": "GO Jones",
              "runs": {
                "batter": 1,
                "extras": 0,
                "total": 1
              }
            },
            {
              "batter": "GO Jones",
              "bowler": "NM Carter",
              "non_striker": "K Pala",
              "runs": {
                "batter": 0,
                "extras": 0,
                "total": 0
              }
            }
          ]
        },
        {
          "over": 5,
          "deliveries": [
            {
              "batter": "K Pala",
              "bowler": "SM Sharif",
              "non_striker": "GO Jones",
              "runs": {
                "batter": 0,
                "extras": 0,
                "total": 0
              }
            },
            {
              "batter": "K Pala",
              "bowler": "SM Sharif",
              "non_striker": "GO Jones",
              "runs": {
                "batter": 0,
                "extras": 0,
                "total": 0
              }
            },
            {
              "batter": "K Pala",
              "bowler": "SM Sharif",
              "non_striker": "GO Jones",
              "runs": {
                "batter": 0,
                "extras": 0,
                "total": 0
              }
            },
            {
              "batter": "K Pala",
              "bowler": "SM Sharif",
              "non_striker": "GO Jones",
              "runs": {
                "batter": 1,
                "extras": 0,
                "total": 1
              }
            },
            {
              "batter": "GO Jones",
              "bowler": "SM Sharif",
              "non_striker": "K Pala",
              "runs": {
                "batter": 1,
                "extras": 0,
                "total": 1
              }
            },
            {
              "batter": "K Pala",
              "bowler": "SM Sharif",
              "non_striker": "GO Jones",
              "runs": {
                "batter": 4,
                "extras": 0,
                "total": 4
              }
            }
          ]
        },
        {
          "over": 6,
          "deliveries": [
            {
              "batter": "GO Jones",
              "bowler": "RML Taylor",
              "non_striker": "K Pala",
              "runs": {
                "batter": 2,
                "extras": 0,
                "total": 2
              }
            },
            {
              "batter": "GO Jones",
              "bowler": "RML Taylor",
              "non_striker": "K Pala",
              "runs": {
                "batter": 0,
                "extras": 0,
                "total": 0
              }
            },
            {
              "batter": "GO Jones",
              "bowler": "RML Taylor",
              "non_striker": "K Pala",
              "runs": {
                "batter": 0,
                "extras": 0,
                "total": 0
              }
            },
            {
              "batter": "GO Jones",
              "bowler": "RML Taylor",
              "non_striker": "K Pala",
              "runs": {
                "batter": 1,
                "extras": 0,
                "total": 1
              }
            },
            {
              "batter": "K Pala",
              "bowler": "RML Taylor",
              "non_striker": "GO Jones",
              "runs": {
                "batter": 1,
                "extras": 0,
                "total": 1
              }
            },
            {
              "batter": "GO Jones",
              "bowler": "RML Taylor",
              "non_striker": "K Pala",
              "runs": {
                "batter": 0,
                "extras": 0,
                "total": 0
              },
              "wickets": [
                {
                  "kind": "caught",
                  "player_out": "GO Jones",
                  "fielders": [
                    {
                      "name": "MA Leask"
                    }
                  ]
                }
              ]
            }
          ]
        },
        {
          "over": 7,
          "deliveries": [
            {
              "batter": "CN Kent",
              "bowler": "RM Haq",
              "non_striker": "K Pala",
              "runs": {
                "batter": 1,
                "extras": 0,
                "total": 1
              }
            },
            {
              "batter": "K Pala",
              "bowler": "RM Haq",
              "non_striker": "CN Kent",
              "runs": {
                "batter": 0,
                "extras": 0,
                "total": 0
              }
            },
            {
              "batter": "K Pala",
              "bowler": "RM Haq",
              "non_striker": "CN Kent",
              "runs": {
                "batter": 0,
                "extras": 0,
                "total": 0
              }
            },
            {
              "batter": "K Pala",
              "bowler": "RM Haq",
              "non_striker": "CN Kent",
              "runs": {
                "batter": 0,
                "extras": 0,
                "total": 0
              }
            },
            {
              "batter": "K Pala",
              "bowler": "RM Haq",
              "non_striker": "CN Kent",
              "runs": {
                "batter": 0,
                "extras": 0,
                "total": 0
              }
            },
            {
              "batter": "K Pala",
              "bowler": "RM Haq",
              "non_striker": "CN Kent",
              "runs": {
                "batter": 0,
                "extras": 0,
                "total": 0
              }
            }
          ]
        },
        {
          "over": 8,
          "deliveries": [
            {
              "batter": "CN Kent",
              "bowler": "RML Taylor",
              "non_striker": "K Pala",
              "runs": {
                "batter": 0,
                "extras": 0,
                "total": 0
              },
              "wickets": [
                {
                  "kind": "caught",
                  "player_out": "CN Kent",
                  "fielders": [
                    {
                      "name": "MH Cross"
                    }
                  ]
                }
              ]
            },
            {
              "batter": "CJA Amini",
              "bowler": "RML Taylor",
              "non_striker": "K Pala",
              "runs": {
                "batter": 0,
                "extras": 0,
                "total": 0
              }
            },
            {
              "batter": "CJA Amini",
              "bowler": "RML Taylor",
              "non_striker": "K Pala",
              "runs": {
                "batter": 0,
                "extras": 0,
                "total": 0
              }
            },
            {
              "batter": "CJA Amini",
              "bowler": "RML Taylor",
              "non_striker": "K Pala",
              "runs": {
                "batter": 0,
                "extras": 0,
                "total": 0
              }
            },
            {
              "batter": "CJA Amini",
              "bowler": "RML Taylor",
              "non_striker": "K Pala",
              "runs": {
                "batter": 0,
                "extras": 0,
                "total": 0
              },
              "wickets": [
                {
                  "kind": "caught",
                  "player_out": "CJA Amini",
                  "fielders": [
                    {
                      "name": "MH Cross"
                    }
                  ]
                }
              ]
            },
            {
              "batter": "MD Dai",
              "bowler": "RML Taylor",
              "non_striker": "K Pala",
              "runs": {
                "batter": 1,
                "extras": 0,
                "total": 1
              }
            }
          ]
        },
        {
          "over": 9,
          "deliveries": [
            {
              "batter": "MD Dai",
              "bowler": "RM Haq",
              "non_striker": "K Pala",
              "runs": {
                "batter": 1,
                "extras": 0,
                "total": 1
              }
            },
            {
              "batter": "K Pala",
              "bowler": "RM Haq",
              "non_striker": "MD Dai",
              "runs": {
                "batter": 1,
                "extras": 0,
                "total": 1
              }
            },
            {
              "batter": "MD Dai",
              "bowler": "RM Haq",
              "non_striker": "K Pala",
              "runs": {
                "batter": 0,
                "extras": 0,
                "total": 0
              }
            },
            {
              "batter": "MD Dai",
              "bowler": "RM Haq",
              "non_striker": "K Pala",
              "runs": {
                "batter": 1,
                "extras": 0,
                "total": 1
              }
            },
            {
              "batter": "K Pala",
              "bowler": "RM Haq",
              "non_striker": "MD Dai",
              "runs": {
                "batter": 1,
                "extras": 0,
                "total": 1
              }
            },
            {
              "batter": "MD Dai",
              "bowler": "RM Haq",
              "non_striker": "K Pala",
              "runs": {
                "batter": 1,
                "extras": 0,
                "total": 1
              }
            }
          ]
        },
        {
          "over": 10,
          "deliveries": [
            {
              "batter": "MD Dai",
              "bowler": "G Goudie",
              "non_striker": "K Pala",
              "runs": {
                "batter": 4,
                "extras": 0,
                "total": 4
              }
            },
            {
              "batter": "MD Dai",
              "bowler": "G Goudie",
              "non_striker": "K Pala",
              "runs": {
                "batter": 1,
                "extras": 0,
                "total": 1
              }
            },
            {
              "batter": "K Pala",
              "bowler": "G Goudie",
              "non_striker": "MD Dai",
              "runs": {
                "batter": 1,
                "extras": 0,
                "total": 1
              }
            },
            {
              "batter": "MD Dai",
              "bowler": "G Goudie",
              "non_striker": "K Pala",
              "runs": {
                "batter": 1,
                "extras": 0,
                "total": 1
              }
            },
            {
              "batter": "K Pala",
              "bowler": "G Goudie",
              "non_striker": "MD Dai",
              "runs": {
                "batter": 1,
                "extras": 0,
                "total": 1
              }
            },
            {
              "batter": "MD Dai",
              "bowler": "G Goudie",
              "non_striker": "K Pala",
              "runs": {
                "batter": 0,
                "extras": 0,
                "total": 0
              }
            }
          ]
        },
        {
          "over": 11,
          "deliveries": [
            {
              "batter": "K Pala",
              "bowler": "RM Haq",
              "non_striker": "MD Dai",
              "runs": {
                "batter": 0,
                "extras": 0,
                "total": 0
              },
              "wickets": [
                {
                  "kind": "caught and bowled",
                  "player_out": "K Pala"
                }
              ]
            },
            {
              "batter": "MD Dai",
              "bowler": "RM Haq",
              "non_striker": "JNT Vare",
              "runs": {
                "batter": 0,
                "extras": 0,
                "total": 0
              }
            },
            {
              "batter": "MD Dai",
              "bowler": "RM Haq",
              "non_striker": "JNT Vare",
              "runs": {
                "batter": 0,
                "extras": 0,
                "total": 0
              }
            },
            {
              "batter": "MD Dai",
              "bowler": "RM Haq",
              "non_striker": "JNT Vare",
              "runs": {
                "batter": 0,
                "extras": 0,
                "total": 0
              }
            },
            {
              "batter": "MD Dai",
              "bowler": "RM Haq",
              "non_striker": "JNT Vare",
              "runs": {
                "batter": 2,
                "extras": 0,
                "total": 2
              }
            },
            {
              "batter": "MD Dai",
              "bowler": "RM Haq",
              "extras": {
                "legbyes": 1
              },
              "non_striker": "JNT Vare",
              "runs": {
                "batter": 0,
                "extras": 1,
                "total": 1
              }
            }
          ]
        },
        {
          "over": 12,
          "deliveries": [
            {
              "batter": "MD Dai",
              "bowler": "G Goudie",
              "non_striker": "JNT Vare",
              "runs": {
                "batter": 0,
                "extras": 0,
                "total": 0
              }
            },
            {
              "batter": "MD Dai",
              "bowler": "G Goudie",
              "non_striker": "JNT Vare",
              "runs": {
                "batter": 0,
                "extras": 0,
                "total": 0
              },
              "wickets": [
                {
                  "kind": "caught",
                  "player_out": "MD Dai",
                  "fielders": [
                    {
                      "name": "RML Taylor"
                    }
                  ]
                }
              ]
            },
            {
              "batter": "CR Amini",
              "bowler": "G Goudie",
              "non_striker": "JNT Vare",
              "runs": {
                "batter": 0,
                "extras": 0,
                "total": 0
              }
            },
            {
              "batter": "CR Amini",
              "bowler": "G Goudie",
              "non_striker": "JNT Vare",
              "runs": {
                "batter": 1,
                "extras": 0,
                "total": 1
              }
            },
            {
              "batter": "JNT Vare",
              "bowler": "G Goudie",
              "non_striker": "CR Amini",
              "runs": {
                "batter": 1,
                "extras": 0,
                "total": 1
              }
            },
            {
              "batter": "CR Amini",
              "bowler": "G Goudie",
              "non_striker": "JNT Vare",
              "runs": {
                "batter": 2,
                "extras": 0,
                "total": 2
              }
            }
          ]
        },
        {
          "over": 13,
          "deliveries": [
            {
              "batter": "JNT Vare",
              "bowler": "MW Machan",
              "non_striker": "CR Amini",
              "runs": {
                "batter": 0,
                "extras": 0,
                "total": 0
              }
            },
            {
              "batter": "JNT Vare",
              "bowler": "MW Machan",
              "non_striker": "CR Amini",
              "runs": {
                "batter": 1,
                "extras": 0,
                "total": 1
              }
            },
            {
              "batter": "CR Amini",
              "bowler": "MW Machan",
              "non_striker": "JNT Vare",
              "runs": {
                "batter": 1,
                "extras": 0,
                "total": 1
              }
            },
            {
              "batter": "JNT Vare",
              "bowler": "MW Machan",
              "non_striker": "CR Amini",
              "runs": {
                "batter": 1,
                "extras": 0,
                "total": 1
              }
            },
            {
              "batter": "CR Amini",
              "bowler": "MW Machan",
              "non_striker": "JNT Vare",
              "runs": {
                "batter": 1,
                "extras": 0,
                "total": 1
              }
            },
            {
              "batter": "JNT Vare",
              "bowler": "MW Machan",
              "non_striker": "CR Amini",
              "runs": {
                "batter": 1,
                "extras": 0,
                "total": 1
              }
            }
          ]
        },
        {
          "over": 14,
          "deliveries": [
            {
              "batter": "JNT Vare",
              "bowler": "RML Taylor",
              "extras": {
                "wides": 1
              },
              "non_striker": "CR Amini",
              "runs": {
                "batter": 0,
                "extras": 1,
                "total": 1
              }
            },
            {
              "batter": "JNT Vare",
              "bowler": "RML Taylor",
              "non_striker": "CR Amini",
              "runs": {
                "batter": 0,
                "extras": 0,
                "total": 0
              }
            },
            {
              "batter": "JNT Vare",
              "bowler": "RML Taylor",
              "non_striker": "CR Amini",
              "runs": {
                "batter": 4,
                "extras": 0,
                "total": 4
              }
            },
            {
              "batter": "JNT Vare",
              "bowler": "RML Taylor",
              "non_striker": "CR Amini",
              "runs": {
                "batter": 2,
                "extras": 0,
                "total": 2
              }
            },
            {
              "batter": "JNT Vare",
              "bowler": "RML Taylor",
              "non_striker": "CR Amini",
              "runs": {
                "batter": 1,
                "extras": 0,
                "total": 1
              }
            },
            {
              "batter": "CR Amini",
              "bowler": "RML Taylor",
              "non_striker": "JNT Vare",
              "runs": {
                "batter": 1,
                "extras": 0,
                "total": 1
              }
            },
            {
              "batter": "JNT Vare",
              "bowler": "RML Taylor",
              "non_striker": "CR Amini",
              "runs": {
                "batter": 2,
                "extras": 0,
                "total": 2
              }
            }
          ]
        },
        {
          "over": 15,
          "deliveries": [
            {
              "batter": "CR Amini",
              "bowler": "RM Haq",
              "non_striker": "JNT Vare",
              "runs": {
                "batter": 2,
                "extras": 0,
                "total": 2
              }
            },
            {
              "batter": "CR Amini",
              "bowler": "RM Haq",
              "non_striker": "JNT Vare",
              "runs": {
                "batter": 0,
                "extras": 0,
                "total": 0
              }
            },
            {
              "batter": "CR Amini",
              "bowler": "RM Haq",
              "non_striker": "JNT Vare",
              "runs": {
                "batter": 0,
                "extras": 0,
                "total": 0
              }
            },
            {
              "batter": "CR Amini",
              "bowler": "RM Haq",
              "non_striker": "JNT Vare",
              "runs": {
                "batter": 1,
                "extras": 0,
                "total": 1
              }
            },
            {
              "batter": "JNT Vare",
              "bowler": "RM Haq",
              "non_striker": "CR Amini",
              "runs": {
                "batter": 2,
                "extras": 0,
                "total": 2
              }
            },
            {
              "batter": "JNT Vare",
              "bowler": "RM Haq",
              "non_striker": "CR Amini",
              "runs": {
                "batter": 0,
                "extras": 0,
                "total": 0
              }
            }
          ]
        },
        {
          "over": 16,
          "deliveries": [
            {
              "batter": "CR Amini",
              "bowler": "SM Sharif",
              "non_striker": "JNT Vare",
              "runs": {
                "batter": 1,
                "extras": 0,
                "total": 1
              }
            },
            {
              "batter": "JNT Vare",
              "bowler": "SM Sharif",
              "non_striker": "CR Amini",
              "runs": {
                "batter": 6,
                "extras": 0,
                "total": 6
              }
            },
            {
              "batter": "JNT Vare",
              "bowler": "SM Sharif",
              "non_striker": "CR Amini",
              "runs": {
                "batter": 0,
                "extras": 0,
                "total": 0
              }
            },
            {
              "batter": "JNT Vare",
              "bowler": "SM Sharif",
              "non_striker": "CR Amini",
              "runs": {
                "batter": 1,
                "extras": 0,
                "total": 1
              }
            },
            {
              "batter": "CR Amini",
              "bowler": "SM Sharif",
              "non_striker": "JNT Vare",
              "runs": {
                "batter": 1,
                "extras": 0,
                "total": 1
              }
            },
            {
              "batter": "JNT Vare",
              "bowler": "SM Sharif",
              "non_striker": "CR Amini",
              "runs": {
                "batter": 0,
                "extras": 0,
                "total": 0
              }
            }
          ]
        },
        {
          "over": 17,
          "deliveries": [
            {
              "batter": "CR Amini",
              "bowler": "G Goudie",
              "non_striker": "JNT Vare",
              "runs": {
                "batter": 0,
                "extras": 0,
                "total": 0
              }
            },
            {
              "batter": "CR Amini",
              "bowler": "G Goudie",
              "non_striker": "JNT Vare",
              "runs": {
                "batter": 0,
                "extras": 0,
                "total": 0
              },
              "wickets": [
                {
                  "kind": "caught",
                  "player_out": "CR Amini",
                  "fielders": [
                    {
                      "name": "MH Cross"
                    }
                  ]
                }
              ]
            },
            {
              "batter": "JB Reva",
              "bowler": "G Goudie",
              "non_striker": "JNT Vare",
              "runs": {
                "batter": 0,
                "extras": 0,
                "total": 0
              }
            },
            {
              "batter": "JB Reva",
              "bowler": "G Goudie",
              "non_striker": "JNT Vare",
              "runs": {
                "batter": 2,
                "extras": 0,
                "total": 2
              }
            },
            {
              "batter": "JB Reva",
              "bowler": "G Goudie",
              "non_striker": "JNT Vare",
              "runs": {
                "batter": 1,
                "extras": 0,
                "total": 1
              }
            },
            {
              "batter": "JNT Vare",
              "bowler": "G Goudie",
              "non_striker": "JB Reva",
              "runs": {
                "batter": 0,
                "extras": 0,
                "total": 0
              },
              "wickets": [
                {
                  "kind": "caught",
                  "player_out": "JNT Vare",
                  "fielders": [
                    {
                      "name": "MW Machan"
                    }
                  ]
                }
              ]
            }
          ]
        },
        {
          "over": 18,
          "deliveries": [
            {
              "batter": "WT Gavera",
              "bowler": "NM Carter",
              "non_striker": "JB Reva",
              "runs": {
                "batter": 0,
                "extras": 0,
                "total": 0
              }
            },
            {
              "batter": "WT Gavera",
              "bowler": "NM Carter",
              "non_striker": "JB Reva",
              "runs": {
                "batter": 1,
                "extras": 0,
                "total": 1
              }
            },
            {
              "batter": "JB Reva",
              "bowler": "NM Carter",
              "non_striker": "WT Gavera",
              "runs": {
                "batter": 0,
                "extras": 0,
                "total": 0
              }
            },
            {
              "batter": "JB Reva",
              "bowler": "NM Carter",
              "non_striker": "WT Gavera",
              "runs": {
                "batter": 1,
                "extras": 0,
                "total": 1
              }
            },
            {
              "batter": "WT Gavera",
              "bowler": "NM Carter",
              "extras": {
                "byes": 1
              },
              "non_striker": "JB Reva",
              "runs": {
                "batter": 0,
                "extras": 1,
                "total": 1
              }
            },
            {
              "batter": "JB Reva",
              "bowler": "NM Carter",
              "non_striker": "WT Gavera",
              "runs": {
                "batter": 0,
                "extras": 0,
                "total": 0
              }
            }
          ]
        },
        {
          "over": 19,
          "deliveries": [
            {
              "batter": "WT Gavera",
              "bowler": "SM Sharif",
              "non_striker": "JB Reva",
              "runs": {
                "batter": 4,
                "extras": 0,
                "total": 4
              }
            },
            {
              "batter": "WT Gavera",
              "bowler": "SM Sharif",
              "non_striker": "JB Reva",
              "runs": {
                "batter": 3,
                "extras": 0,
                "total": 3
              }
            },
            {
              "batter": "JB Reva",
              "bowler": "SM Sharif",
              "non_striker": "WT Gavera",
              "runs": {
                "batter": 0,
                "extras": 0,
                "total": 0
              }
            },
            {
              "batter": "JB Reva",
              "bowler": "SM Sharif",
              "non_striker": "WT Gavera",
              "runs": {
                "batter": 4,
                "extras": 0,
                "total": 4
              }
            },
            {
              "batter": "JB Reva",
              "bowler": "SM Sharif",
              "extras": {
                "noballs": 1
              },
              "non_striker": "WT Gavera",
              "runs": {
                "batter": 1,
                "extras": 1,
                "total": 2
              }
            },
            {
              "batter": "WT Gavera",
              "bowler": "SM Sharif",
              "extras": {
                "byes": 1
              },
              "non_striker": "JB Reva",
              "runs": {
                "batter": 0,
                "extras": 1,
                "total": 1
              }
            },
            {
              "batter": "JB Reva",
              "bowler": "SM Sharif",
              "non_striker": "WT Gavera",
              "runs": {
                "batter": 0,
                "extras": 0,
                "total": 0
              }
            }
          ]
        }
      ],
      "powerplays": [
        {
          "from": 0.1,
          "to": 5.6,
          "type": "mandatory"
        }
      ],
      "target": {
        "overs": 20,
        "runs": 182
      }
    }
  ]
}