{
  "meta": {
    "data_version": "1.0.0",
    "created": "2013-12-19",
    "revision": 3
  },
  "info": {
    "balls_per_over": 6,
    "city": "Abu Dhabi",
    "dates": [
      "2013-11-19"
    ],
    "event": {
      "group": "A",
      "match_number": 27,
      "name": "ICC World Twenty20 Qualifier"
    },
    "gender": "male",
    "match_type": "IT20",
    "officials": {
      "match_referees": [
        "D Govindjee"
      ],
      "reserve_umpires": [
        "IN Ramage"
      ],
      "umpires": [
        "REJ Martinesz",
        "DJ Walker"
      ]
    },
    "outcome": {
      "by": {
        "wickets": 7
      },
      "winner": "United Arab Emirates"
    },
    "overs": 20,
    "player_of_match": [
      "Khurram Khan"
    ],
    "players": {
      "Hong Kong": [
        "Irfan Ahmed",
        "Waqas Barkat",
        "JJ Atkinson",
        "Nizakat Khan",
        "MS Chapman",
        "Babar Hayat",
        "Tanwir Afzal",
        "Munir Dar",
        "Haseeb Amjad",
        "JPR Lamsam",
        "Nadeem Ahmed"
      ],
      "United Arab Emirates": [
        "Mohammad Azam",
        "Shaiman Anwar",
        "Abdul Shakoor",
        "Khurram Khan",
        "SP Patil",
        "EHSN Silva",
        "Mohammad Shafiq",
        "Nasir Aziz",
        "Rohan Mustafa",
        "AM Guruge",
        "Amjad Javed"
      ]
    },
    "registry": {
      "people": {
        "AM Guruge": "26534b48",
        "Abdul Shakoor": "7b9b9aef",
        "Amjad Javed": "18eaf2fa",
        "Babar Hayat": "fbb657bb",
        "D Govindjee": "8b4c4069",
        "DJ Walker": "d4aea8ac",
        "EHSN Silva": "7572bf45",
        "Haseeb Amjad": "fb0abc20",
        "IN Ramage": "33cb7803",
        "Irfan Ahmed": "5c124657",
        "JJ Atkinson": "bf2d865c",
        "JPR Lamsam": "cb5211dc",
        "Khurram Khan": "ae6746e0",
        "MS Chapman": "7fa12533",
        "Mohammad Azam": "2056c495",
        "Mohammad Shafiq": "86d327a3",
        "Munir Dar": "04029c44",
        "Nadeem Ahmed": "023f6b02",
        "Nasir Aziz": "e70a0811",
        "Nizakat Khan": "e3eb9e46",
        "REJ Martinesz": "140cdf29",
        "Rohan Mustafa": "d1988788",
        "SP Patil": "f5c198fb",
        "Shaiman Anwar": "e9630504",
        "Tanwir Afzal": "5f5ca1a7",
        "Waqas Barkat": "a2eac9df"
      }
    },
    "season": "2013/14",
    "team_type": "international",
    "teams": [
      "United Arab Emirates",
      "Hong Kong"
    ],
    "toss": {
      "decision": "field",
      "winner": "United Arab Emirates"
    },
    "venue": "Sheikh Zayed Stadium"
  },
  "innings": [
    {
      "team": "Hong Kong",
      "overs": [
        {
          "over": 0,
          "deliveries": [
            {
              "batter": "Irfan Ahmed",
              "bowler": "EHSN Silva",
              "non_striker": "Waqas Barkat",
              "runs": {
                "batter": 1,
                "extras": 0,
                "total": 1
              }
            },
            {
              "batter": "Waqas Barkat",
              "bowler": "EHSN Silva",
              "non_striker": "Irfan Ahmed",
              "runs": {
                "batter": 4,
                "extras": 0,
                "total": 4
              }
            },
            {
              "batter": "Waqas Barkat",
              "bowler": "EHSN Silva",
              "non_striker": "Irfan Ahmed",
              "runs": {
                "batter": 0,
                "extras": 0,
                "total": 0
              }
            },
            {
              "batter": "Waqas Barkat",
              "bowler": "EHSN Silva",
              "non_striker": "Irfan Ahmed",
              "runs": {
                "batter": 1,
                "extras": 0,
                "total": 1
              }
            },
            {
              "batter": "Irfan Ahmed",
              "bowler": "EHSN Silva",
              "non_striker": "Waqas Barkat",
              "runs": {
                "batter": 0,
                "extras": 0,
                "total": 0
              }
            },
            {
              "batter": "Irfan Ahmed",
              "bowler": "EHSN Silva",
              "non_striker": "Waqas Barkat",
              "runs": {
                "batter": 1,
                "extras": 0,
                "total": 1
              }
            }
          ]
        },
        {
          "over": 1,
          "deliveries": [
            {
              "batter": "Irfan Ahmed",
              "bowler": "AM Guruge",
              "extras": {
                "legbyes": 1
              },
              "non_striker": "Waqas Barkat",
              "runs": {
                "batter": 0,
                "extras": 1,
                "total": 1
              }
            },
            {
              "batter": "Waqas Barkat",
              "bowler": "AM Guruge",
              "non_striker": "Irfan Ahmed",
              "runs": {
                "batter": 0,
                "extras": 0,
                "total": 0
              }
            },
            {
              "batter": "Waqas Barkat",
              "bowler": "AM Guruge",
              "non_striker": "Irfan Ahmed",
              "runs": {
                "batter": 1,
                "extras": 0,
                "total": 1
              }
            },
            {
              "batter": "Irfan Ahmed",
              "bowler": "AM Guruge",
              "non_striker": "Waqas Barkat",
              "runs": {
                "batter": 0,
                "extras": 0,
                "total": 0
              }
            },
            {
              "batter": "Irfan Ahmed",
              "bowler": "AM Guruge",
              "non_striker": "Waqas Barkat",
              "runs": {
                "batter": 1,
                "extras": 0,
                "total": 1
              }
            },
            {
              "batter": "Waqas Barkat",
              "bowler": "AM Guruge",
              "non_striker": "Irfan Ahmed",
              "runs": {
                "batter": 0,
                "extras": 0,
                "total": 0
              }
            }
          ]
        },
        {
          "over": 2,
          "deliveries": [
            {
              "batter": "Irfan Ahmed",
              "bowler": "EHSN Silva",
              "non_striker": "Waqas Barkat",
              "runs": {
                "batter": 0,
                "extras": 0,
                "total": 0
              }
            },
            {
              "batter": "Irfan Ahmed",
              "bowler": "EHSN Silva",
              "non_striker": "Waqas Barkat",
              "runs": {
                "batter": 0,
                "extras": 0,
                "total": 0
              }
            },
            {
              "batter": "Irfan Ahmed",
              "bowler": "EHSN Silva",
              "non_striker": "Waqas Barkat",
              "runs": {
                "batter": 1,
                "extras": 0,
                "total": 1
              }
            },
            {
              "batter": "Waqas Barkat",
              "bowler": "EHSN Silva",
              "non_striker": "Irfan Ahmed",
              "runs": {
                "batter": 2,
                "extras": 0,
                "total": 2
              }
            },
            {
              "batter": "Waqas Barkat",
              "bowler": "EHSN Silva",
              "non_striker": "Irfan Ahmed",
              "runs": {
                "batter": 4,
                "extras": 0,
                "total": 4
              }
            },
            {
              "batter": "Waqas Barkat",
              "bowler": "EHSN Silva",
              "non_striker": "Irfan Ahmed",
              "runs": {
                "batter": 1,
                "extras": 0,
                "total": 1
              }
            }
          ]
        },
        {
          "over": 3,
          "deliveries": [
            {
              "batter": "Waqas Barkat",
              "bowler": "AM Guruge",
              "non_striker": "Irfan Ahmed",
              "runs": {
                "batter": 2,
                "extras": 0,
                "total": 2
              }
            },
            {
              "batter": "Waqas Barkat",
              "bowler": "AM Guruge",
              "non_striker": "Irfan Ahmed",
              "runs": {
                "batter": 0,
                "extras": 0,
                "total": 0
              },
              "wickets": [
                {
                  "kind": "caught",
                  "player_out": "Waqas Barkat",
                  "fielders": [
                    {
                      "name": "Mohammad Azam"
                    }
                  ]
                }
              ]
            },
            {
              "batter": "JJ Atkinson",
              "bowler": "AM Guruge",
              "non_striker": "Irfan Ahmed",
              "runs": {
                "batter": 0,
                "extras": 0,
                "total": 0
              }
            },
            {
              "batter": "JJ Atkinson",
              "bowler": "AM Guruge",
              "non_striker": "Irfan Ahmed",
              "runs": {
                "batter": 0,
                "extras": 0,
                "total": 0
              }
            },
            {
              "batter": "JJ Atkinson",
              "bowler": "AM Guruge",
              "non_striker": "Irfan Ahmed",
              "runs": {
                "batter": 0,
                "extras": 0,
                "total": 0
              }
            },
            {
              "batter": "JJ Atkinson",
              "bowler": "AM Guruge",
              "non_striker": "Irfan Ahmed",
              "runs": {
                "batter": 0,
                "extras": 0,
                "total": 0
              }
            }
          ]
        },
        {
          "over": 4,
          "deliveries": [
            {
              "batter": "Irfan Ahmed",
              "bowler": "EHSN Silva",
              "extras": {
                "wides": 1
              },
              "non_striker": "JJ Atkinson",
              "runs": {
                "batter": 0,
                "extras": 1,
                "total": 1
              }
            },
            {
              "batter": "Irfan Ahmed",
              "bowler": "EHSN Silva",
              "non_striker": "JJ Atkinson",
              "runs": {
                "batter": 1,
                "extras": 0,
                "total": 1
              }
            },
            {
              "batter": "JJ Atkinson",
              "bowler": "EHSN Silva",
              "non_striker": "Irfan Ahmed",
              "runs": {
                "batter": 1,
                "extras": 0,
                "total": 1
              }
            },
            {
              "batter": "Irfan Ahmed",
              "bowler": "EHSN Silva",
              "non_striker": "JJ Atkinson",
              "runs": {
                "batter": 1,
                "extras": 0,
                "total": 1
              }
            },
            {
              "batter": "JJ Atkinson",
              "bowler": "EHSN Silva",
              "non_striker": "Irfan Ahmed",
              "runs": {
                "batter": 1,
                "extras": 0,
                "total": 1
              }
            },
            {
              "batter": "Irfan Ahmed",
              "bowler": "EHSN Silva",
              "non_striker": "JJ Atkinson",
              "runs": {
                "batter": 2,
                "extras": 0,
                "total": 2
              }
            },
            {
              "batter": "Irfan Ahmed",
              "bowler": "EHSN Silva",
              "non_striker": "JJ Atkinson",
              "runs": {
                "batter": 0,
                "extras": 0,
                "total": 0
              }
            }
          ]
        },
        {
          "over": 5,
          "deliveries": [
            {
              "batter": "JJ Atkinson",
              "bowler": "AM Guruge",
              "non_striker": "Irfan Ahmed",
              "runs": {
                "batter": 4,
                "extras": 0,
                "total": 4
              }
            },
            {
              "batter": "JJ Atkinson",
              "bowler": "AM Guruge",
              "non_striker": "Irfan Ahmed",
              "runs": {
                "batter": 4,
                "extras": 0,
                "total": 4
              }
            },
            {
              "batter": "JJ Atkinson",
              "bowler": "AM Guruge",
              "non_striker": "Irfan Ahmed",
              "runs": {
                "batter": 1,
                "extras": 0,
                "total": 1
              }
            },
            {
              "batter": "Irfan Ahmed",
              "bowler": "AM Guruge",
              "non_striker": "JJ Atkinson",
              "runs": {
                "batter": 1,
                "extras": 0,
                "total": 1
              }
            },
            {
              "batter": "JJ Atkinson",
              "bowler": "AM Guruge",
              "non_striker": "Irfan Ahmed",
              "runs": {
                "batter": 1,
                "extras": 0,
                "total": 1
              }
            },
            {
              "batter": "Irfan Ahmed",
              "bowler": "AM Guruge",
              "non_striker": "JJ Atkinson",
              "runs": {
                "batter": 1,
                "extras": 0,
                "total": 1
              }
            }
          ]
        },
        {
          "over": 6,
          "deliveries": [
            {
              "batter": "Irfan Ahmed",
              "bowler": "Nasir Aziz",
              "non_striker": "JJ Atkinson",
              "runs": {
                "batter": 1,
                "extras": 0,
                "total": 1
              }
            },
            {
              "batter": "JJ Atkinson",
              "bowler": "Nasir Aziz",
              "non_striker": "Irfan Ahmed",
              "runs": {
                "batter": 1,
                "extras": 0,
                "total": 1
              }
            },
            {
              "batter": "Irfan Ahmed",
              "bowler": "Nasir Aziz",
              "non_striker": "JJ Atkinson",
              "runs": {
                "batter": 3,
                "extras": 0,
                "total": 3
              }
            },
            {
              "batter": "JJ Atkinson",
              "bowler": "Nasir Aziz",
              "non_striker": "Irfan Ahmed",
              "runs": {
                "batter": 0,
                "extras": 0,
                "total": 0
              }
            },
            {
              "batter": "JJ Atkinson",
              "bowler": "Nasir Aziz",
              "non_striker": "Irfan Ahmed",
              "runs": {
                "batter": 0,
                "extras": 0,
                "total": 0
              }
            },
            {
              "batter": "JJ Atkinson",
              "bowler": "Nasir Aziz",
              "non_striker": "Irfan Ahmed",
              "runs": {
                "batter": 0,
                "extras": 0,
                "total": 0
              }
            }
          ]
        },
        {
          "over": 7,
          "deliveries": [
            {
              "batter": "Irfan Ahmed",
              "bowler": "Amjad Javed",
              "extras": {
                "legbyes": 2
              },
              "non_striker": "JJ Atkinson",
              "runs": {
                "batter": 0,
                "extras": 2,
                "total": 2
              }
            },
            {
              "batter": "Irfan Ahmed",
              "bowler": "Amjad Javed",
              "non_striker": "JJ Atkinson",
              "runs": {
                "batter": 1,
                "extras": 0,
                "total": 1
              }
            },
            {
              "batter": "JJ Atkinson",
              "bowler": "Amjad Javed",
              "non_striker": "Irfan Ahmed",
              "runs": {
                "batter": 0,
                "extras": 0,
                "total": 0
              }
            },
            {
              "batter": "JJ Atkinson",
              "bowler": "Amjad Javed",
              "non_striker": "Irfan Ahmed",
              "runs": {
                "batter": 1,
                "extras": 0,
                "total": 1
              }
            },
            {
              "batter": "Irfan Ahmed",
              "bowler": "Amjad Javed",
              "non_striker": "JJ Atkinson",
              "runs": {
                "batter": 1,
                "extras": 0,
                "total": 1
              }
            },
            {
              "batter": "JJ Atkinson",
              "bowler": "Amjad Javed",
              "non_striker": "Irfan Ahmed",
              "runs": {
                "batter": 2,
                "extras": 0,
                "total": 2
              }
            }
          ]
        },
        {
          "over": 8,
          "deliveries": [
            {
              "batter": "Irfan Ahmed",
              "bowler": "Nasir Aziz",
              "non_striker": "JJ Atkinson",
              "runs": {
                "batter": 0,
                "extras": 0,
                "total": 0
              }
            },
            {
              "batter": "Irfan Ahmed",
              "bowler": "Nasir Aziz",
              "non_striker": "JJ Atkinson",
              "runs": {
                "batter": 1,
                "extras": 0,
                "total": 1
              }
            },
            {
              "batter": "JJ Atkinson",
              "bowler": "Nasir Aziz",
              "non_striker": "Irfan Ahmed",
              "runs": {
                "batter": 4,
                "extras": 0,
                "total": 4
              }
            },
            {
              "batter": "JJ Atkinson",
              "bowler": "Nasir Aziz",
              "non_striker": "Irfan Ahmed",
              "runs": {
                "batter": 1,
                "extras": 0,
                "total": 1
              }
            },
            {
              "batter": "Irfan Ahmed",
              "bowler": "Nasir Aziz",
              "non_striker": "JJ Atkinson",
              "runs": {
                "batter": 2,
                "extras": 0,
                "total": 2
              }
            },
            {
              "batter": "Irfan Ahmed",
              "bowler": "Nasir Aziz",
              "non_striker": "JJ Atkinson",
              "runs": {
                "batter": 0,
                "extras": 0,
                "total": 0
              },
              "wickets": [
                {
                  "kind": "stumped",
                  "player_out": "Irfan Ahmed",
                  "fielders": [
                    {
                      "name": "Mohammad Shafiq"
                    }
                  ]
                }
              ]
            }
          ]
        },
        {
          "over": 9,
          "deliveries": [
            {
              "batter": "JJ Atkinson",
              "bowler": "Amjad Javed",
              "non_striker": "Nizakat Khan",
              "runs": {
                "batter": 0,
                "extras": 0,
                "total": 0
              }
            },
            {
              "batter": "JJ Atkinson",
              "bowler": "Amjad Javed",
              "non_striker": "Nizakat Khan",
              "runs": {
                "batter": 1,
                "extras": 0,
                "total": 1
              }
            },
            {
              "batter": "Nizakat Khan",
              "bowler": "Amjad Javed",
              "non_striker": "JJ Atkinson",
              "runs": {
                "batter": 1,
                "extras": 0,
                "total": 1
              }
            },
            {
              "batter": "JJ Atkinson",
              "bowler": "Amjad Javed",
              "non_striker": "Nizakat Khan",
              "runs": {
                "batter": 0,
                "extras": 0,
                "total": 0
              }
            },
            {
              "batter": "JJ Atkinson",
              "bowler": "Amjad Javed",
              "non_striker": "Nizakat Khan",
              "runs": {
                "batter": 1,
                "extras": 0,
                "total": 1
              }
            },
            {
              "batter": "Nizakat Khan",
              "bowler": "Amjad Javed",
              "non_striker": "JJ Atkinson",
              "runs": {
                "batter": 1,
                "extras": 0,
                "total": 1
              }
            }
          ]
        },
        {
          "over": 10,
          "deliveries": [
            {
              "batter": "Nizakat Khan",
              "bowler": "Rohan Mustafa",
              "non_striker": "JJ Atkinson",
              "runs": {
                "batter": 3,
                "extras": 0,
                "total": 3
              }
            },
            {
              "batter": "JJ Atkinson",
              "bowler": "Rohan Mustafa",
              "non_striker": "Nizakat Khan",
              "runs": {
                "batter": 0,
                "extras": 0,
                "total": 0
              }
            },
            {
              "batter": "JJ Atkinson",
              "bowler": "Rohan Mustafa",
              "non_striker": "Nizakat Khan",
              "runs": {
                "batter": 1,
                "extras": 0,
                "total": 1
              }
            },
            {
              "batter": "Nizakat Khan",
              "bowler": "Rohan Mustafa",
              "non_striker": "JJ Atkinson",
              "runs": {
                "batter": 4,
                "extras": 0,
                "total": 4
              }
            },
            {
              "batter": "Nizakat Khan",
              "bowler": "Rohan Mustafa",
              "non_striker": "JJ Atkinson",
              "runs": {
                "batter": 2,
                "extras": 0,
                "total": 2
              }
            },
            {
              "batter": "Nizakat Khan",
              "bowler": "Rohan Mustafa",
              "non_striker": "JJ Atkinson",
              "runs": {
                "batter": 2,
                "extras": 0,
                "total": 2
              }
            }
          ]
        },
        {
          "over": 11,
          "deliveries": [
            {
              "batter": "JJ Atkinson",
              "bowler": "Amjad Javed",
              "non_striker": "Nizakat Khan",
              "runs": {
                "batter": 2,
                "extras": 0,
                "total": 2
              }
            },
            {
              "batter": "JJ Atkinson",
              "bowler": "Amjad Javed",
              "non_striker": "Nizakat Khan",
              "runs": {
                "batter": 0,
                "extras": 0,
                "total": 0
              }
            },
            {
              "batter": "JJ Atkinson",
              "bowler": "Amjad Javed",
              "extras": {
                "noballs": 1
              },
              "non_striker": "Nizakat Khan",
              "runs": {
                "batter": 6,
                "extras": 1,
                "total": 7
              }
            },
            {
              "batter": "JJ Atkinson",
              "bowler": "Amjad Javed",
              "non_striker": "Nizakat Khan",
              "runs": {
                "batter": 6,
                "extras": 0,
                "total": 6
              }
            },
            {
              "batter": "JJ Atkinson",
              "bowler": "Amjad Javed",
              "non_striker": "Nizakat Khan",
              "runs": {
                "batter": 1,
                "extras": 0,
                "total": 1
              }
            },
            {
              "batter": "Nizakat Khan",
              "bowler": "Amjad Javed",
              "non_striker": "JJ Atkinson",
              "runs": {
                "batter": 1,
                "extras": 0,
                "total": 1
              }
            },
            {
              "batter": "JJ Atkinson",
              "bowler": "Amjad Javed",
              "non_striker": "Nizakat Khan",
              "runs": {
                "batter": 1,
                "extras": 0,
                "total": 1
              }
            }
          ]
        },
        {
          "over": 12,
          "deliveries": [
            {
              "batter": "JJ Atkinson",
              "bowler": "Khurram Khan",
              "non_striker": "Nizakat Khan",
              "runs": {
                "batter": 0,
                "extras": 0,
                "total": 0
              }
            },
            {
              "batter": "JJ Atkinson",
              "bowler": "Khurram Khan",
              "non_striker": "Nizakat Khan",
              "runs": {
                "batter": 2,
                "extras": 0,
                "total": 2
              }
            },
            {
              "batter": "JJ Atkinson",
              "bowler": "Khurram Khan",
              "non_striker": "Nizakat Khan",
              "runs": {
                "batter": 0,
                "extras": 0,
                "total": 0
              },
              "wickets": [
                {
                  "kind": "bowled",
                  "player_out": "JJ Atkinson"
                }
              ]
            },
            {
              "batter": "MS Chapman",
              "bowler": "Khurram Khan",
              "non_striker": "Nizakat Khan",
              "runs": {
                "batter": 4,
                "extras": 0,
                "total": 4
              }
            },
            {
              "batter": "MS Chapman",
              "bowler": "Khurram Khan",
              "non_striker": "Nizakat Khan",
              "runs": {
                "batter": 1,
                "extras": 0,
                "total": 1
              }
            },
            {
              "batter": "Nizakat Khan",
              "bowler": "Khurram Khan",
              "non_striker": "MS Chapman",
              "runs": {
                "batter": 1,
                "extras": 0,
                "total": 1
              }
            }
          ]
        },
        {
          "over": 13,
          "deliveries": [
            {
              "batter": "Nizakat Khan",
              "bowler": "Rohan Mustafa",
              "non_striker": "MS Chapman",
              "runs": {
                "batter": 4,
                "extras": 0,
                "total": 4
              }
            },
            {
              "batter": "Nizakat Khan",
              "bowler": "Rohan Mustafa",
              "non_striker": "MS Chapman",
              "runs": {
                "batter": 1,
                "extras": 0,
                "total": 1
              }
            },
            {
              "batter": "MS Chapman",
              "bowler": "Rohan Mustafa",
              "non_striker": "Nizakat Khan",
              "runs": {
                "batter": 0,
                "extras": 0,
                "total": 0
              }
            },
            {
              "batter": "MS Chapman",
              "bowler": "Rohan Mustafa",
              "non_striker": "Nizakat Khan",
              "runs": {
                "batter": 2,
                "extras": 0,
                "total": 2
              }
            },
            {
              "batter": "MS Chapman",
              "bowler": "Rohan Mustafa",
              "non_striker": "Nizakat Khan",
              "runs": {
                "batter": 2,
                "extras": 0,
                "total": 2
              }
            },
            {
              "batter": "MS Chapman",
              "bowler": "Rohan Mustafa",
              "non_striker": "Nizakat Khan",
              "runs": {
                "batter": 0,
                "extras": 0,
                "total": 0
              }
            }
          ]
        },
        {
          "over": 14,
          "deliveries": [
            {
              "batter": "Nizakat Khan",
              "bowler": "Khurram Khan",
              "non_striker": "MS Chapman",
              "runs": {
                "batter": 0,
                "extras": 0,
                "total": 0
              }
            },
            {
              "batter": "Nizakat Khan",
              "bowler": "Khurram Khan",
              "non_striker": "MS Chapman",
              "runs": {
                "batter": 1,
                "extras": 0,
                "total": 1
              }
            },
            {
              "batter": "MS Chapman",
              "bowler": "Khurram Khan",
              "non_striker": "Nizakat Khan",
              "runs": {
                "batter": 0,
                "extras": 0,
                "total": 0
              }
            },
            {
              "batter": "MS Chapman",
              "bowler": "Khurram Khan",
              "non_striker": "Nizakat Khan",
              "runs": {
                "batter": 1,
                "extras": 0,
                "total": 1
              }
            },
            {
              "batter": "Nizakat Khan",
              "bowler": "Khurram Khan",
              "non_striker": "MS Chapman",
              "runs": {
                "batter": 1,
                "extras": 0,
                "total": 1
              }
            },
            {
              "batter": "MS Chapman",
              "bowler": "Khurram Khan",
              "non_striker": "Nizakat Khan",
              "runs": {
                "batter": 1,
                "extras": 0,
                "total": 1
              }
            }
          ]
        },
        {
          "over": 15,
          "deliveries": [
            {
              "batter": "MS Chapman",
              "bowler": "Nasir Aziz",
              "non_striker": "Nizakat Khan",
              "runs": {
                "batter": 1,
                "extras": 0,
                "total": 1
              }
            },
            {
              "batter": "Nizakat Khan",
              "bowler": "Nasir Aziz",
              "non_striker": "MS Chapman",
              "runs": {
                "batter": 1,
                "extras": 0,
                "total": 1
              }
            },
            {
              "batter": "MS Chapman",
              "bowler": "Nasir Aziz",
              "non_striker": "Nizakat Khan",
              "runs": {
                "batter": 1,
                "extras": 0,
                "total": 1
              }
            },
            {
              "batter": "Nizakat Khan",
              "bowler": "Nasir Aziz",
              "non_striker": "MS Chapman",
              "runs": {
                "batter": 0,
                "extras": 0,
                "total": 0
              }
            },
            {
              "batter": "Nizakat Khan",
              "bowler": "Nasir Aziz",
              "non_striker": "MS Chapman",
              "runs": {
                "batter": 0,
                "extras": 0,
                "total": 0
              }
            },
            {
              "batter": "Nizakat Khan",
              "bowler": "Nasir Aziz",
              "non_striker": "MS Chapman",
              "runs": {
                "batter": 1,
                "extras": 0,
                "total": 1
              }
            }
          ]
        },
        {
          "over": 16,
          "deliveries": [
            {
              "batter": "Nizakat Khan",
              "bowler": "Khurram Khan",
              "non_striker": "MS Chapman",
              "runs": {
                "batter": 1,
                "extras": 0,
                "total": 1
              }
            },
            {
              "batter": "MS Chapman",
              "bowler": "Khurram Khan",
              "non_striker": "Nizakat Khan",
              "runs": {
                "batter": 0,
                "extras": 0,
                "total": 0
              }
            },
            {
              "batter": "MS Chapman",
              "bowler": "Khurram Khan",
              "non_striker": "Nizakat Khan",
              "runs": {
                "batter": 1,
                "extras": 0,
                "total": 1
              }
            },
            {
              "batter": "Nizakat Khan",
              "bowler": "Khurram Khan",
              "non_striker": "MS Chapman",
              "runs": {
                "batter": 2,
                "extras": 0,
                "total": 2
              }
            },
            {
              "batter": "Nizakat Khan",
              "bowler": "Khurram Khan",
              "non_striker": "MS Chapman",
              "runs": {
                "batter": 0,
                "extras": 0,
                "total": 0
              },
              "wickets": [
                {
                  "kind": "caught",
                  "player_out": "Nizakat Khan",
                  "fielders": [
                    {
                      "name": "Rohan Mustafa"
                    }
                  ]
                }
              ]
            },
            {
              "batter": "MS Chapman",
              "bowler": "Khurram Khan",
              "non_striker": "Babar Hayat",
              "runs": {
                "batter": 2,
                "extras": 0,
                "total": 2
              }
            }
          ]
        },
        {
          "over": 17,
          "deliveries": [
            {
              "batter": "Babar Hayat",
              "bowler": "Nasir Aziz",
              "non_striker": "MS Chapman",
              "runs": {
                "batter": 1,
                "extras": 0,
                "total": 1
              }
            },
            {
              "batter": "MS Chapman",
              "bowler": "Nasir Aziz",
              "non_striker": "Babar Hayat",
              "runs": {
                "batter": 0,
                "extras": 0,
                "total": 0
              }
            },
            {
              "batter": "MS Chapman",
              "bowler": "Nasir Aziz",
              "non_striker": "Babar Hayat",
              "runs": {
                "batter": 0,
                "extras": 0,
                "total": 0
              },
              "wickets": [
                {
                  "kind": "bowled",
                  "player_out": "MS Chapman"
                }
              ]
            },
            {
              "batter": "Tanwir Afzal",
              "bowler": "Nasir Aziz",
              "non_striker": "Babar Hayat",
              "runs": {
                "batter": 0,
                "extras": 0,
                "total": 0
              },
              "wickets": [
                {
                  "kind": "bowled",
                  "player_out": "Tanwir Afzal"
                }
              ]
            },
            {
              "batter": "Munir Dar",
              "bowler": "Nasir Aziz",
              "non_striker": "Babar Hayat",
              "runs": {
                "batter": 1,
                "extras": 0,
                "total": 1
              }
            },
            {
              "batter": "Babar Hayat",
              "bowler": "Nasir Aziz",
              "non_striker": "Munir Dar",
              "runs": {
                "batter": 1,
                "extras": 0,
                "total": 1
              }
            }
          ]
        },
        {
          "over": 18,
          "deliveries": [
            {
              "batter": "Babar Hayat",
              "bowler": "EHSN Silva",
              "non_striker": "Munir Dar",
              "runs": {
                "batter": 2,
                "extras": 0,
                "total": 2
              }
            },
            {
              "batter": "Babar Hayat",
              "bowler": "EHSN Silva",
              "non_striker": "Munir Dar",
              "runs": {
                "batter": 1,
                "extras": 0,
                "total": 1
              }
            },
            {
              "batter": "Munir Dar",
              "bowler": "EHSN Silva",
              "non_striker": "Babar Hayat",
              "runs": {
                "batter": 0,
                "extras": 0,
                "total": 0
              }
            },
            {
              "batter": "Munir Dar",
              "bowler": "EHSN Silva",
              "non_striker": "Babar Hayat",
              "runs": {
                "batter": 1,
                "extras": 0,
                "total": 1
              }
            },
            {
              "batter": "Babar Hayat",
              "bowler": "EHSN Silva",
              "non_striker": "Munir Dar",
              "runs": {
                "batter": 2,
                "extras": 0,
                "total": 2
              }
            },
            {
              "batter": "Babar Hayat",
              "bowler": "EHSN Silva",
              "non_striker": "Munir Dar",
              "runs": {
                "batter": 1,
                "extras": 0,
                "total": 1
              }
            }
          ]
        },
        {
          "over": 19,
          "deliveries": [
            {
              "batter": "Babar Hayat",
              "bowler": "AM Guruge",
              "non_striker": "Munir Dar",
              "runs": {
                "batter": 1,
                "extras": 0,
                "total": 1
              }
            },
            {
              "batter": "Munir Dar",
              "bowler": "AM Guruge",
              "non_striker": "Babar Hayat",
              "runs": {
                "batter": 0,
                "extras": 0,
                "total": 0
              },
              "wickets": [
                {
                  "kind": "caught",
                  "player_out": "Munir Dar",
                  "fielders": [
                    {
                      "name": "Rohan Mustafa"
                    }
                  ]
                }
              ]
            },
            {
              "batter": "Babar Hayat",
              "bowler": "AM Guruge",
              "non_striker": "Haseeb Amjad",
              "runs": {
                "batter": 0,
                "extras": 0,
                "total": 0
              }
            },
            {
              "batter": "Babar Hayat",
              "bowler": "AM Guruge",
              "non_striker": "Haseeb Amjad",
              "runs": {
                "batter": 0,
                "extras": 0,
                "total": 0
              },
              "wickets": [
                {
                  "kind": "caught",
                  "player_out": "Babar Hayat",
                  "fielders": [
                    {
                      "name": "Shaiman Anwar"
                    }
                  ]
                }
              ]
            },
            {
              "batter": "JPR Lamsam",
              "bowler": "AM Guruge",
              "extras": {
                "legbyes": 1
              },
              "non_striker": "Haseeb Amjad",
              "runs": {
                "batter": 0,
                "extras": 1,
                "total": 1
              }
            },
            {
              "batter": "Haseeb Amjad",
              "bowler": "AM Guruge",
              "non_striker": "JPR Lamsam",
              "runs": {
                "batter": 2,
                "extras": 0,
                "total": 2
              }
            }
          ]
        }
      ],
      "powerplays": [
        {
          "from": 0.1,
          "to": 5.6,
          "type": "mandatory"
        }
      ]
    },
    {
      "team": "United Arab Emirates",
      "overs": [
        {
          "over": 0,
          "deliveries": [
            {
              "batter": "Mohammad Azam",
              "bowler": "Tanwir Afzal",
              "non_striker": "Shaiman Anwar",
              "runs": {
                "batter": 2,
                "extras": 0,
                "total": 2
              }
            },
            {
              "batter": "Mohammad Azam",
              "bowler": "Tanwir Afzal",
              "non_striker": "Shaiman Anwar",
              "runs": {
                "batter": 1,
                "extras": 0,
                "total": 1
              }
            },
            {
              "batter": "Shaiman Anwar",
              "bowler": "Tanwir Afzal",
              "non_striker": "Mohammad Azam",
              "runs": {
                "batter": 1,
                "extras": 0,
                "total": 1
              }
            },
            {
              "batter": "Mohammad Azam",
              "bowler": "Tanwir Afzal",
              "non_striker": "Shaiman Anwar",
              "runs": {
                "batter": 0,
                "extras": 0,
                "total": 0
              }
            },
            {
              "batter": "Mohammad Azam",
              "bowler": "Tanwir Afzal",
              "non_striker": "Shaiman Anwar",
              "runs": {
                "batter": 0,
                "extras": 0,
                "total": 0
              }
            },
            {
              "batter": "Mohammad Azam",
              "bowler": "Tanwir Afzal",
              "non_striker": "Shaiman Anwar",
              "runs": {
                "batter": 0,
                "extras": 0,
                "total": 0
              }
            }
          ]
        },
        {
          "over": 1,
          "deliveries": [
            {
              "batter": "Shaiman Anwar",
              "bowler": "Haseeb Amjad",
              "non_striker": "Mohammad Azam",
              "runs": {
                "batter": 0,
                "extras": 0,
                "total": 0
              }
            },
            {
              "batter": "Shaiman Anwar",
              "bowler": "Haseeb Amjad",
              "non_striker": "Mohammad Azam",
              "runs": {
                "batter": 3,
                "extras": 0,
                "total": 3
              }
            },
            {
              "batter": "Mohammad Azam",
              "bowler": "Haseeb Amjad",
              "non_striker": "Shaiman Anwar",
              "runs": {
                "batter": 0,
                "extras": 0,
                "total": 0
              }
            },
            {
              "batter": "Mohammad Azam",
              "bowler": "Haseeb Amjad",
              "non_striker": "Shaiman Anwar",
              "runs": {
                "batter": 0,
                "extras": 0,
                "total": 0
              }
            },
            {
              "batter": "Mohammad Azam",
              "bowler": "Haseeb Amjad",
              "non_striker": "Shaiman Anwar",
              "runs": {
                "batter": 1,
                "extras": 0,
                "total": 1
              }
            },
            {
              "batter": "Shaiman Anwar",
              "bowler": "Haseeb Amjad",
              "non_striker": "Mohammad Azam",
              "runs": {
                "batter": 0,
                "extras": 0,
                "total": 0
              }
            }
          ]
        },
        {
          "over": 2,
          "deliveries": [
            {
              "batter": "Mohammad Azam",
              "bowler": "Tanwir Afzal",
              "non_striker": "Shaiman Anwar",
              "runs": {
                "batter": 0,
                "extras": 0,
                "total": 0
              }
            },
            {
              "batter": "Mohammad Azam",
              "bowler": "Tanwir Afzal",
              "non_striker": "Shaiman Anwar",
              "runs": {
                "batter": 1,
                "extras": 0,
                "total": 1
              }
            },
            {
              "batter": "Shaiman Anwar",
              "bowler": "Tanwir Afzal",
              "non_striker": "Mohammad Azam",
              "runs": {
                "batter": 0,
                "extras": 0,
                "total": 0
              },
              "wickets": [
                {
                  "kind": "caught",
                  "player_out": "Shaiman Anwar",
                  "fielders": [
                    {
                      "name": "JPR Lamsam"
                    }
                  ]
                }
              ]
            },
            {
              "batter": "Mohammad Azam",
              "bowler": "Tanwir Afzal",
              "non_striker": "Abdul Shakoor",
              "runs": {
                "batter": 0,
                "extras": 0,
                "total": 0
              }
            },
            {
              "batter": "Mohammad Azam",
              "bowler": "Tanwir Afzal",
              "non_striker": "Abdul Shakoor",
              "runs": {
                "batter": 0,
                "extras": 0,
                "total": 0
              }
            },
            {
              "batter": "Mohammad Azam",
              "bowler": "Tanwir Afzal",
              "non_striker": "Abdul Shakoor",
              "runs": {
                "batter": 4,
                "extras": 0,
                "total": 4
              }
            }
          ]
        },
        {
          "over": 3,
          "deliveries": [
            {
              "batter": "Abdul Shakoor",
              "bowler": "Munir Dar",
              "non_striker": "Mohammad Azam",
              "runs": {
                "batter": 0,
                "extras": 0,
                "total": 0
              }
            },
            {
              "batter": "Abdul Shakoor",
              "bowler": "Munir Dar",
              "non_striker": "Mohammad Azam",
              "runs": {
                "batter": 4,
                "extras": 0,
                "total": 4
              }
            },
            {
              "batter": "Abdul Shakoor",
              "bowler": "Munir Dar",
              "non_striker": "Mohammad Azam",
              "runs": {
                "batter": 4,
                "extras": 0,
                "total": 4
              }
            },
            {
              "batter": "Abdul Shakoor",
              "bowler": "Munir Dar",
              "non_striker": "Mohammad Azam",
              "runs": {
                "batter": 0,
                "extras": 0,
                "total": 0
              }
            },
            {
              "batter": "Abdul Shakoor",
              "bowler": "Munir Dar",
              "non_striker": "Mohammad Azam",
              "runs": {
                "batter": 0,
                "extras": 0,
                "total": 0
              }
            },
            {
              "batter": "Abdul Shakoor",
              "bowler": "Munir Dar",
              "non_striker": "Mohammad Azam",
              "runs": {
                "batter": 0,
                "extras": 0,
                "total": 0
              }
            }
          ]
        },
        {
          "over": 4,
          "deliveries": [
            {
              "batter": "Mohammad Azam",
              "bowler": "Tanwir Afzal",
              "non_striker": "Abdul Shakoor",
              "runs": {
                "batter": 1,
                "extras": 0,
                "total": 1
              }
            },
            {
              "batter": "Abdul Shakoor",
              "bowler": "Tanwir Afzal",
              "non_striker": "Mohammad Azam",
              "runs": {
                "batter": 0,
                "extras": 0,
                "total": 0
              }
            },
            {
              "batter": "Abdul Shakoor",
              "bowler": "Tanwir Afzal",
              "non_striker": "Mohammad Azam",
              "runs": {
                "batter": 0,
                "extras": 0,
                "total": 0
              }
            },
            {
              "batter": "Abdul Shakoor",
              "bowler": "Tanwir Afzal",
              "non_striker": "Mohammad Azam",
              "runs": {
                "batter": 0,
                "extras": 0,
                "total": 0
              },
              "wickets": [
                {
                  "kind": "bowled",
                  "player_out": "Abdul Shakoor"
                }
              ]
            },
            {
              "batter": "Khurram Khan",
              "bowler": "Tanwir Afzal",
              "non_striker": "Mohammad Azam",
              "runs": {
                "batter": 0,
                "extras": 0,
                "total": 0
              }
            },
            {
              "batter": "Khurram Khan",
              "bowler": "Tanwir Afzal",
              "non_striker": "Mohammad Azam",
              "runs": {
                "batter": 0,
                "extras": 0,
                "total": 0
              }
            }
          ]
        },
        {
          "over": 5,
          "deliveries": [
            {
              "batter": "Mohammad Azam",
              "bowler": "Munir Dar",
              "non_striker": "Khurram Khan",
              "runs": {
                "batter": 0,
                "extras": 0,
                "total": 0
              }
            },
            {
              "batter": "Mohammad Azam",
              "bowler": "Munir Dar",
              "non_striker": "Khurram Khan",
              "runs": {
                "batter": 1,
                "extras": 0,
                "total": 1
              }
            },
            {
              "batter": "Khurram Khan",
              "bowler": "Munir Dar",
              "non_striker": "Mohammad Azam",
              "runs": {
                "batter": 0,
                "extras": 0,
                "total": 0
              }
            },
            {
              "batter": "Khurram Khan",
              "bowler": "Munir Dar",
              "non_striker": "Mohammad Azam",
              "runs": {
                "batter": 0,
                "extras": 0,
                "total": 0
              }
            },
            {
              "batter": "Khurram Khan",
              "bowler": "Munir Dar",
              "non_striker": "Mohammad Azam",
              "runs": {
                "batter": 4,
                "extras": 0,
                "total": 4
              }
            },
            {
              "batter": "Khurram Khan",
              "bowler": "Munir Dar",
              "non_striker": "Mohammad Azam",
              "runs": {
                "batter": 0,
                "extras": 0,
                "total": 0
              }
            }
          ]
        },
        {
          "over": 6,
          "deliveries": [
            {
              "batter": "Mohammad Azam",
              "bowler": "Tanwir Afzal",
              "non_striker": "Khurram Khan",
              "runs": {
                "batter": 0,
                "extras": 0,
                "total": 0
              }
            },
            {
              "batter": "Mohammad Azam",
              "bowler": "Tanwir Afzal",
              "extras": {
                "wides": 1
              },
              "non_striker": "Khurram Khan",
              "runs": {
                "batter": 0,
                "extras": 1,
                "total": 1
              }
            },
            {
              "batter": "Mohammad Azam",
              "bowler": "Tanwir Afzal",
              "non_striker": "Khurram Khan",
              "runs": {
                "batter": 1,
                "extras": 0,
                "total": 1
              }
            },
            {
              "batter": "Khurram Khan",
              "bowler": "Tanwir Afzal",
              "non_striker": "Mohammad Azam",
              "runs": {
                "batter": 2,
                "extras": 0,
                "total": 2
              }
            },
            {
              "batter": "Khurram Khan",
              "bowler": "Tanwir Afzal",
              "non_striker": "Mohammad Azam",
              "runs": {
                "batter": 1,
                "extras": 0,
                "total": 1
              }
            },
            {
              "batter": "Mohammad Azam",
              "bowler": "Tanwir Afzal",
              "non_striker": "Khurram Khan",
              "runs": {
                "batter": 1,
                "extras": 0,
                "total": 1
              }
            },
            {
              "batter": "Khurram Khan",
              "bowler": "Tanwir Afzal",
              "non_striker": "Mohammad Azam",
              "runs": {
                "batter": 0,
                "extras": 0,
                "total": 0
              }
            }
          ]
        },
        {
          "over": 7,
          "deliveries": [
            {
              "batter": "Mohammad Azam",
              "bowler": "Irfan Ahmed",
              "non_striker": "Khurram Khan",
              "runs": {
                "batter": 0,
                "extras": 0,
                "total": 0
              }
            },
            {
              "batter": "Mohammad Azam",
              "bowler": "Irfan Ahmed",
              "non_striker": "Khurram Khan",
              "runs": {
                "batter": 1,
                "extras": 0,
                "total": 1
              }
            },
            {
              "batter": "Khurram Khan",
              "bowler": "Irfan Ahmed",
              "extras": {
                "wides": 1
              },
              "non_striker": "Mohammad Azam",
              "runs": {
                "batter": 0,
                "extras": 1,
                "total": 1
              }
            },
            {
              "batter": "Khurram Khan",
              "bowler": "Irfan Ahmed",
              "non_striker": "Mohammad Azam",
              "runs": {
                "batter": 1,
                "extras": 0,
                "total": 1
              }
            },
            {
              "batter": "Mohammad Azam",
              "bowler": "Irfan Ahmed",
              "extras": {
                "wides": 1
              },
              "non_striker": "Khurram Khan",
              "runs": {
                "batter": 0,
                "extras": 1,
                "total": 1
              }
            },
            {
              "batter": "Mohammad Azam",
              "bowler": "Irfan Ahmed",
              "extras": {
                "wides": 1
              },
              "non_striker": "Khurram Khan",
              "runs": {
                "batter": 0,
                "extras": 1,
                "total": 1
              }
            },
            {
              "batter": "Mohammad Azam",
              "bowler": "Irfan Ahmed",
              "non_striker": "Khurram Khan",
              "runs": {
                "batter": 0,
                "extras": 0,
                "total": 0
              }
            },
            {
              "batter": "Mohammad Azam",
              "bowler": "Irfan Ahmed",
              "non_striker": "Khurram Khan",
              "runs": {
                "batter": 1,
                "extras": 0,
                "total": 1
              }
            },
            {
              "batter": "Khurram Khan",
              "bowler": "Irfan Ahmed",
              "non_striker": "Mohammad Azam",
              "runs": {
                "batter": 4,
                "extras": 0,
                "total": 4
              }
            }
          ]
        },
        {
          "over": 8,
          "deliveries": [
            {
              "batter": "Mohammad Azam",
              "bowler": "Nadeem Ahmed",
              "non_striker": "Khurram Khan",
              "runs": {
                "batter": 1,
                "extras": 0,
                "total": 1
              }
            },
            {
              "batter": "Khurram Khan",
              "bowler": "Nadeem Ahmed",
              "non_striker": "Mohammad Azam",
              "runs": {
                "batter": 1,
                "extras": 0,
                "total": 1
              }
            },
            {
              "batter": "Mohammad Azam",
              "bowler": "Nadeem Ahmed",
              "non_striker": "Khurram Khan",
              "runs": {
                "batter": 1,
                "extras": 0,
                "total": 1
              }
            },
            {
              "batter": "Khurram Khan",
              "bowler": "Nadeem Ahmed",
              "non_striker": "Mohammad Azam",
              "runs": {
                "batter": 6,
                "extras": 0,
                "total": 6
              }
            },
            {
              "batter": "Khurram Khan",
              "bowler": "Nadeem Ahmed",
              "non_striker": "Mohammad Azam",
              "runs": {
                "batter": 4,
                "extras": 0,
                "total": 4
              }
            },
            {
              "batter": "Khurram Khan",
              "bowler": "Nadeem Ahmed",
              "non_striker": "Mohammad Azam",
              "runs": {
                "batter": 0,
                "extras": 0,
                "total": 0
              }
            }
          ]
        },
        {
          "over": 9,
          "deliveries": [
            {
              "batter": "Mohammad Azam",
              "bowler": "Haseeb Amjad",
              "non_striker": "Khurram Khan",
              "runs": {
                "batter": 0,
                "extras": 0,
                "total": 0
              }
            },
            {
              "batter": "Mohammad Azam",
              "bowler": "Haseeb Amjad",
              "non_striker": "Khurram Khan",
              "runs": {
                "batter": 0,
                "extras": 0,
                "total": 0
              }
            },
            {
              "batter": "Mohammad Azam",
              "bowler": "Haseeb Amjad",
              "non_striker": "Khurram Khan",
              "runs": {
                "batter": 0,
                "extras": 0,
                "total": 0
              }
            },
            {
              "batter": "Mohammad Azam",
              "bowler": "Haseeb Amjad",
              "non_striker": "Khurram Khan",
              "runs": {
                "batter": 1,
                "extras": 0,
                "total": 1
              }
            },
            {
              "batter": "Khurram Khan",
              "bowler": "Haseeb Amjad",
              "non_striker": "Mohammad Azam",
              "runs": {
                "batter": 6,
                "extras": 0,
                "total": 6
              }
            },
            {
              "batter": "Khurram Khan",
              "bowler": "Haseeb Amjad",
              "non_striker": "Mohammad Azam",
              "runs": {
                "batter": 0,
                "extras": 0,
                "total": 0
              }
            }
          ]
        },
        {
          "over": 10,
          "deliveries": [
            {
              "batter": "Mohammad Azam",
              "bowler": "JPR Lamsam",
              "non_striker": "Khurram Khan",
              "runs": {
                "batter": 6,
                "extras": 0,
                "total": 6
              }
            },
            {
              "batter": "Mohammad Azam",
              "bowler": "JPR Lamsam",
              "non_striker": "Khurram Khan",
              "runs": {
                "batter": 1,
                "extras": 0,
                "total": 1
              }
            },
            {
              "batter": "Khurram Khan",
              "bowler": "JPR Lamsam",
              "extras": {
                "legbyes": 1
              },
              "non_striker": "Mohammad Azam",
              "runs": {
                "batter": 0,
                "extras": 1,
                "total": 1
              }
            },
            {
              "batter": "Mohammad Azam",
              "bowler": "JPR Lamsam",
              "non_striker": "Khurram Khan",
              "runs": {
                "batter": 1,
                "extras": 0,
                "total": 1
              }
            },
            {
              "batter": "Khurram Khan",
              "bowler": "JPR Lamsam",
              "non_striker": "Mohammad Azam",
              "runs": {
                "batter": 1,
                "extras": 0,
                "total": 1
              }
            },
            {
              "batter": "Mohammad Azam",
              "bowler": "JPR Lamsam",
              "non_striker": "Khurram Khan",
              "runs": {
                "batter": 2,
                "extras": 0,
                "total": 2
              }
            }
          ]
        },
        {
          "over": 11,
          "deliveries": [
            {
              "batter": "Khurram Khan",
              "bowler": "Nizakat Khan",
              "non_striker": "Mohammad Azam",
              "runs": {
                "batter": 0,
                "extras": 0,
                "total": 0
              }
            },
            {
              "batter": "Khurram Khan",
              "bowler": "Nizakat Khan",
              "non_striker": "Mohammad Azam",
              "runs": {
                "batter": 6,
                "extras": 0,
                "total": 6
              }
            },
            {
              "batter": "Khurram Khan",
              "bowler": "Nizakat Khan",
              "non_striker": "Mohammad Azam",
              "runs": {
                "batter": 1,
                "extras": 0,
                "total": 1
              }
            },
            {
              "batter": "Mohammad Azam",
              "bowler": "Nizakat Khan",
              "non_striker": "Khurram Khan",
              "runs": {
                "batter": 4,
                "extras": 0,
                "total": 4
              }
            },
            {
              "batter": "Mohammad Azam",
              "bowler": "Nizakat Khan",
              "non_striker": "Khurram Khan",
              "runs": {
                "batter": 1,
                "extras": 0,
                "total": 1
              }
            },
            {
              "batter": "Khurram Khan",
              "bowler": "Nizakat Khan",
              "non_striker": "Mohammad Azam",
              "runs": {
                "batter": 4,
                "extras": 0,
                "total": 4
              }
            }
          ]
        },
        {
          "over": 12,
          "deliveries": [
            {
              "batter": "Mohammad Azam",
              "bowler": "Munir Dar",
              "non_striker": "Khurram Khan",
              "runs": {
                "batter": 1,
                "extras": 0,
                "total": 1
              }
            },
            {
              "batter": "Khurram Khan",
              "bowler": "Munir Dar",
              "non_striker": "Mohammad Azam",
              "runs": {
                "batter": 1,
                "extras": 0,
                "total": 1
              }
            },
            {
              "batter": "Mohammad Azam",
              "bowler": "Munir Dar",
              "non_striker": "Khurram Khan",
              "runs": {
                "batter": 1,
                "extras": 0,
                "total": 1
              }
            },
            {
              "batter": "Khurram Khan",
              "bowler": "Munir Dar",
              "non_striker": "Mohammad Azam",
              "runs": {
                "batter": 1,
                "extras": 0,
                "total": 1
              }
            },
            {
              "batter": "Mohammad Azam",
              "bowler": "Munir Dar",
              "non_striker": "Khurram Khan",
              "runs": {
                "batter": 2,
                "extras": 0,
                "total": 2
              }
            },
            {
              "batter": "Mohammad Azam",
              "bowler": "Munir Dar",
              "non_striker": "Khurram Khan",
              "runs": {
                "batter": 0,
                "extras": 0,
                "total": 0
              }
            }
          ]
        },
        {
          "over": 13,
          "deliveries": [
            {
              "batter": "Khurram Khan",
              "bowler": "Nadeem Ahmed",
              "non_striker": "Mohammad Azam",
              "runs": {
                "batter": 1,
                "extras": 0,
                "total": 1
              }
            },
            {
              "batter": "Mohammad Azam",
              "bowler": "Nadeem Ahmed",
              "non_striker": "Khurram Khan",
              "runs": {
                "batter": 0,
                "extras": 0,
                "total": 0
              },
              "wickets": [
                {
                  "kind": "caught",
                  "player_out": "Mohammad Azam",
                  "fielders": [
                    {
                      "name": "Munir Dar"
                    }
                  ]
                }
              ]
            },
            {
              "batter": "Khurram Khan",
              "bowler": "Nadeem Ahmed",
              "non_striker": "SP Patil",
              "runs": {
                "batter": 2,
                "extras": 0,
                "total": 2
              }
            },
            {
              "batter": "Khurram Khan",
              "bowler": "Nadeem Ahmed",
              "non_striker": "SP Patil",
              "runs": {
                "batter": 1,
                "extras": 0,
                "total": 1
              }
            },
            {
              "batter": "SP Patil",
              "bowler": "Nadeem Ahmed",
              "non_striker": "Khurram Khan",
              "runs": {
                "batter": 1,
                "extras": 0,
                "total": 1
              }
            },
            {
              "batter": "Khurram Khan",
              "bowler": "Nadeem Ahmed",
              "non_striker": "SP Patil",
              "runs": {
                "batter": 0,
                "extras": 0,
                "total": 0
              }
            }
          ]
        },
        {
          "over": 14,
          "deliveries": [
            {
              "batter": "SP Patil",
              "bowler": "Haseeb Amjad",
              "non_striker": "Khurram Khan",
              "runs": {
                "batter": 2,
                "extras": 0,
                "total": 2
              }
            },
            {
              "batter": "SP Patil",
              "bowler": "Haseeb Amjad",
              "extras": {
                "legbyes": 1
              },
              "non_striker": "Khurram Khan",
              "runs": {
                "batter": 0,
                "extras": 1,
                "total": 1
              }
            },
            {
              "batter": "Khurram Khan",
              "bowler": "Haseeb Amjad",
              "non_striker": "SP Patil",
              "runs": {
                "batter": 0,
                "extras": 0,
                "total": 0
              }
            },
            {
              "batter": "Khurram Khan",
              "bowler": "Haseeb Amjad",
              "non_striker": "SP Patil",
              "runs": {
                "batter": 1,
                "extras": 0,
                "total": 1
              }
            },
            {
              "batter": "SP Patil",
              "bowler": "Haseeb Amjad",
              "non_striker": "Khurram Khan",
              "runs": {
                "batter": 1,
                "extras": 0,
                "total": 1
              }
            },
            {
              "batter": "Khurram Khan",
              "bowler": "Haseeb Amjad",
              "non_striker": "SP Patil",
              "runs": {
                "batter": 0,
                "extras": 0,
                "total": 0
              }
            }
          ]
        },
        {
          "over": 15,
          "deliveries": [
            {
              "batter": "SP Patil",
              "bowler": "Nadeem Ahmed",
              "non_striker": "Khurram Khan",
              "runs": {
                "batter": 1,
                "extras": 0,
                "total": 1
              }
            },
            {
              "batter": "Khurram Khan",
              "bowler": "Nadeem Ahmed",
              "non_striker": "SP Patil",
              "runs": {
                "batter": 1,
                "extras": 0,
                "total": 1
              }
            },
            {
              "batter": "SP Patil",
              "bowler": "Nadeem Ahmed",
              "non_striker": "Khurram Khan",
              "runs": {
                "batter": 0,
                "extras": 0,
                "total": 0
              }
            },
            {
              "batter": "SP Patil",
              "bowler": "Nadeem Ahmed",
              "non_striker": "Khurram Khan",
              "runs": {
                "batter": 1,
                "extras": 0,
                "total": 1
              }
            },
            {
              "batter": "Khurram Khan",
              "bowler": "Nadeem Ahmed",
              "non_striker": "SP Patil",
              "runs": {
                "batter": 0,
                "extras": 0,
                "total": 0
              }
            },
            {
              "batter": "Khurram Khan",
              "bowler": "Nadeem Ahmed",
              "non_striker": "SP Patil",
              "runs": {
                "batter": 6,
                "extras": 0,
                "total": 6
              }
            }
          ]
        },
        {
          "over": 16,
          "deliveries": [
            {
              "batter": "SP Patil",
              "bowler": "Irfan Ahmed",
              "non_striker": "Khurram Khan",
              "runs": {
                "batter": 2,
                "extras": 0,
                "total": 2
              }
            },
            {
              "batter": "SP Patil",
              "bowler": "Irfan Ahmed",
              "non_striker": "Khurram Khan",
              "runs": {
                "batter": 4,
                "extras": 0,
                "total": 4
              }
            },
            {
              "batter": "SP Patil",
              "bowler": "Irfan Ahmed",
              "non_striker": "Khurram Khan",
              "runs": {
                "batter": 2,
                "extras": 0,
                "total": 2
              }
            },
            {
              "batter": "SP Patil",
              "bowler": "Irfan Ahmed",
              "non_striker": "Khurram Khan",
              "runs": {
                "batter": 1,
                "extras": 0,
                "total": 1
              }
            },
            {
              "batter": "Khurram Khan",
              "bowler": "Irfan Ahmed",
              "non_striker": "SP Patil",
              "runs": {
                "batter": 0,
                "extras": 0,
                "total": 0
              }
            },
            {
              "batter": "Khurram Khan",
              "bowler": "Irfan Ahmed",
              "non_striker": "SP Patil",
              "runs": {
                "batter": 1,
                "extras": 0,
                "total": 1
              }
            }
          ]
        },
        {
          "over": 17,
          "deliveries": [
            {
              "batter": "Khurram Khan",
              "bowler": "Munir Dar",
              "non_striker": "SP Patil",
              "runs": {
                "batter": 2,
                "extras": 0,
                "total": 2
              }
            },
            {
              "batter": "Khurram Khan",
              "bowler": "Munir Dar",
              "non_striker": "SP Patil",
              "runs": {
                "batter": 2,
                "extras": 0,
                "total": 2
              }
            },
            {
              "batter": "Khurram Khan",
              "bowler": "Munir Dar",
              "non_striker": "SP Patil",
              "runs": {
                "batter": 4,
                "extras": 0,
                "total": 4
              }
            },
            {
              "batter": "Khurram Khan",
              "bowler": "Munir Dar",
              "non_striker": "SP Patil",
              "runs": {
                "batter": 1,
                "extras": 0,
                "total": 1
              }
            },
            {
              "batter": "SP Patil",
              "bowler": "Munir Dar",
              "non_striker": "Khurram Khan",
              "runs": {
                "batter": 1,
                "extras": 0,
                "total": 1
              }
            },
            {
              "batter": "Khurram Khan",
              "bowler": "Munir Dar",
              "non_striker": "SP Patil",
              "runs": {
                "batter": 2,
                "extras": 0,
                "total": 2
              }
            }
          ]
        },
        {
          "over": 18,
          "deliveries": [
            {
              "batter": "SP Patil",
              "bowler": "Haseeb Amjad",
              "non_striker": "Khurram Khan",
              "runs": {
                "batter": 0,
                "extras": 0,
                "total": 0
              }
            },
            {
              "batter": "SP Patil",
              "bowler": "Haseeb Amjad",
              "non_striker": "Khurram Khan",
              "runs": {
                "batter": 0,
                "extras": 0,
                "total": 0
              }
            },
            {
              "batter": "SP Patil",
              "bowler": "Haseeb Amjad",
              "non_striker": "Khurram Khan",
              "runs": {
                "batter": 0,
                "extras": 0,
                "total": 0
              }
            },
            {
              "batter": "SP Patil",
              "bowler": "Haseeb Amjad",
              "non_striker": "Khurram Khan",
              "runs": {
                "batter": 4,
                "extras": 0,
                "total": 4
              }
            }
          ]
        }
      ],
      "powerplays": [
        {
          "from": 0.1,
          "to": 5.6,
          "type": "mandatory"
        }
      ],
      "target": {
        "overs": 20,
        "runs": 139
      }
    }
  ]
}