{
  "meta": {
    "data_version": "1.0.0",
    "created": "2014-01-02",
    "revision": 2
  },
  "info": {
    "balls_per_over": 6,
    "city": "Abu Dhabi",
    "dates": [
      "2013-11-22"
    ],
    "event": {
      "group": "A",
      "match_number": 43,
      "name": "ICC World Twenty20 Qualifier"
    },
    "gender": "male",
    "match_type": "IT20",
    "officials": {
      "match_referees": [
        "D Govindjee"
      ],
      "reserve_umpires": [
        "SJ Davis"
      ],
      "umpires": [
        "REJ Martinesz",
        "DJ Walker"
      ]
    },
    "outcome": {
      "by": {
        "runs": 48
      },
      "winner": "Ireland"
    },
    "overs": 20,
    "player_of_match": [
      "GC Wilson"
    ],
    "players": {
      "Ireland": [
        "WTS Porterfield",
        "PR Stirling",
        "NJ O'Brien",
        "KJ O'Brien",
        "GC Wilson",
        "JF Mooney",
        "DT Johnston",
        "MC Sorensen",
        "AR Cusack",
        "TJ Murtagh",
        "GH Dockrell"
      ],
      "Uganda": [
        "AS Kyobe",
        "A Ziraba",
        "HS Almuzahim",
        "RG Mukasa",
        "PM Selowa",
        "RG Okia",
        "F Nsubuga",
        "C Waiswa",
        "P Ochan",
        "H Ssenyondo",
        "R Otim"
      ]
    },
    "registry": {
      "people": {
        "A Ziraba": "94a8e387",
        "AR Cusack": "568e5a4a",
        "AS Kyobe": "fcfffcd5",
        "B Masaba": "f33cfd25",
        "C Waiswa": "18db3f22",
        "D Govindjee": "8b4c4069",
        "DJ Walker": "d4aea8ac",
        "DT Johnston": "e01895bb",
        "F Nsubuga": "87e33d07",
        "GC Wilson": "05de1a5a",
        "GH Dockrell": "99cddc5e",
        "H Ssenyondo": "2b7609f1",
        "HS Almuzahim": "9cb01ea6",
        "JF Mooney": "aae9ce90",
        "KJ O'Brien": "243431b5",
        "MC Sorensen": "3f18724b",
        "NJ O'Brien": "84826f48",
        "P Ochan": "a8942d26",
        "PM Selowa": "1f36276b",
        "PR Stirling": "cf494ffe",
        "R Otim": "111e207a",
        "REJ Martinesz": "140cdf29",
        "RG Mukasa": "011f6b42",
        "RG Okia": "62d180f3",
        "SJ Davis": "bc71b0b2",
        "TJ Murtagh": "c89474d1",
        "WTS Porterfield": "ec02b798"
      }
    },
    "season": "2013/14",
    "team_type": "international",
    "teams": [
      "Ireland",
      "Uganda"
    ],
    "toss": {
      "decision": "bat",
      "winner": "Ireland"
    },
    "venue": "Zayed Cricket Stadium"
  },
  "innings": [
    {
      "team": "Ireland",
      "overs": [
        {
          "over": 0,
          "deliveries": [
            {
              "batter": "WTS Porterfield",
              "bowler": "C Waiswa",
              "non_striker": "PR Stirling",
              "runs": {
                "batter": 0,
                "extras": 0,
                "total": 0
              }
            },
            {
              "batter": "WTS Porterfield",
              "bowler": "C Waiswa",
              "non_striker": "PR Stirling",
              "runs": {
                "batter": 1,
                "extras": 0,
                "total": 1
              }
            },
            {
              "batter": "PR Stirling",
              "bowler": "C Waiswa",
              "non_striker": "WTS Porterfield",
              "runs": {
                "batter": 0,
                "extras": 0,
                "total": 0
              }
            },
            {
              "batter": "PR Stirling",
              "bowler": "C Waiswa",
              "non_striker": "WTS Porterfield",
              "runs": {
                "batter": 4,
                "extras": 0,
                "total": 4
              }
            },
            {
              "batter": "PR Stirling",
              "bowler": "C Waiswa",
              "non_striker": "WTS Porterfield",
              "runs": {
                "batter": 1,
                "extras": 0,
                "total": 1
              }
            },
            {
              "batter": "WTS Porterfield",
              "bowler": "C Waiswa",
              "non_striker": "PR Stirling",
              "runs": {
                "batter": 0,
                "extras": 0,
                "total": 0
              }
            }
          ]
        },
        {
          "over": 1,
          "deliveries": [
            {
              "batter": "PR Stirling",
              "bowler": "P Ochan",
              "non_striker": "WTS Porterfield",
              "runs": {
                "batter": 0,
                "extras": 0,
                "total": 0
              }
            },
            {
              "batter": "PR Stirling",
              "bowler": "P Ochan",
              "non_striker": "WTS Porterfield",
              "runs": {
                "batter": 4,
                "extras": 0,
                "total": 4
              }
            },
            {
              "batter": "PR Stirling",
              "bowler": "P Ochan",
              "non_striker": "WTS Porterfield",
              "runs": {
                "batter": 0,
                "extras": 0,
                "total": 0
              }
            },
            {
              "batter": "PR Stirling",
              "bowler": "P Ochan",
              "non_striker": "WTS Porterfield",
              "runs": {
                "batter": 1,
                "extras": 0,
                "total": 1
              }
            },
            {
              "batter": "WTS Porterfield",
              "bowler": "P Ochan",
              "non_striker": "PR Stirling",
              "runs": {
                "batter": 4,
                "extras": 0,
                "total": 4
              }
            },
            {
              "batter": "WTS Porterfield",
              "bowler": "P Ochan",
              "non_striker": "PR Stirling",
              "runs": {
                "batter": 4,
                "extras": 0,
                "total": 4
              }
            }
          ]
        },
        {
          "over": 2,
          "deliveries": [
            {
              "batter": "PR Stirling",
              "bowler": "C Waiswa",
              "non_striker": "WTS Porterfield",
              "runs": {
                "batter": 0,
                "extras": 0,
                "total": 0
              }
            },
            {
              "batter": "PR Stirling",
              "bowler": "C Waiswa",
              "non_striker": "WTS Porterfield",
              "runs": {
                "batter": 4,
                "extras": 0,
                "total": 4
              }
            },
            {
              "batter": "PR Stirling",
              "bowler": "C Waiswa",
              "non_striker": "WTS Porterfield",
              "runs": {
                "batter": 0,
                "extras": 0,
                "total": 0
              }
            },
            {
              "batter": "PR Stirling",
              "bowler": "C Waiswa",
              "non_striker": "WTS Porterfield",
              "runs": {
                "batter": 1,
                "extras": 0,
                "total": 1
              }
            },
            {
              "batter": "WTS Porterfield",
              "bowler": "C Waiswa",
              "non_striker": "PR Stirling",
              "runs": {
                "batter": 6,
                "extras": 0,
                "total": 6
              }
            },
            {
              "batter": "WTS Porterfield",
              "bowler": "C Waiswa",
              "non_striker": "PR Stirling",
              "runs": {
                "batter": 0,
                "extras": 0,
                "total": 0
              }
            }
          ]
        },
        {
          "over": 3,
          "deliveries": [
            {
              "batter": "PR Stirling",
              "bowler": "F Nsubuga",
              "non_striker": "WTS Porterfield",
              "runs": {
                "batter": 0,
                "extras": 0,
                "total": 0
              }
            },
            {
              "batter": "PR Stirling",
              "bowler": "F Nsubuga",
              "non_striker": "WTS Porterfield",
              "runs": {
                "batter": 0,
                "extras": 0,
                "total": 0
              }
            },
            {
              "batter": "PR Stirling",
              "bowler": "F Nsubuga",
              "non_striker": "WTS Porterfield",
              "runs": {
                "batter": 0,
                "extras": 0,
                "total": 0
              }
            },
            {
              "batter": "PR Stirling",
              "bowler": "F Nsubuga",
              "non_striker": "WTS Porterfield",
              "runs": {
                "batter": 0,
                "extras": 0,
                "total": 0
              }
            },
            {
              "batter": "PR Stirling",
              "bowler": "F Nsubuga",
              "non_striker": "WTS Porterfield",
              "runs": {
                "batter": 1,
                "extras": 0,
                "total": 1
              }
            },
            {
              "batter": "WTS Porterfield",
              "bowler": "F Nsubuga",
              "non_striker": "PR Stirling",
              "runs": {
                "batter": 4,
                "extras": 0,
                "total": 4
              }
            }
          ]
        },
        {
          "over": 4,
          "deliveries": [
            {
              "batter": "PR Stirling",
              "bowler": "RG Mukasa",
              "non_striker": "WTS Porterfield",
              "runs": {
                "batter": 0,
                "extras": 0,
                "total": 0
              }
            },
            {
              "batter": "PR Stirling",
              "bowler": "RG Mukasa",
              "non_striker": "WTS Porterfield",
              "runs": {
                "batter": 0,
                "extras": 0,
                "total": 0
              }
            },
            {
              "batter": "PR Stirling",
              "bowler": "RG Mukasa",
              "non_striker": "WTS Porterfield",
              "runs": {
                "batter": 0,
                "extras": 0,
                "total": 0
              }
            },
            {
              "batter": "PR Stirling",
              "bowler": "RG Mukasa",
              "non_striker": "WTS Porterfield",
              "runs": {
                "batter": 0,
                "extras": 0,
                "total": 0
              },
              "wickets": [
                {
                  "kind": "caught",
                  "player_out": "PR Stirling",
                  "fielders": [
                    {
                      "name": "R Otim"
                    }
                  ]
                }
              ]
            },
            {
              "batter": "WTS Porterfield",
              "bowler": "RG Mukasa",
              "extras": {
                "wides": 1
              },
              "non_striker": "NJ O'Brien",
              "runs": {
                "batter": 0,
                "extras": 1,
                "total": 1
              }
            },
            {
              "batter": "WTS Porterfield",
              "bowler": "RG Mukasa",
              "extras": {
                "wides": 1
              },
              "non_striker": "NJ O'Brien",
              "runs": {
                "batter": 0,
                "extras": 1,
                "total": 1
              }
            },
            {
              "batter": "WTS Porterfield",
              "bowler": "RG Mukasa",
              "non_striker": "NJ O'Brien",
              "runs": {
                "batter": 4,
                "extras": 0,
                "total": 4
              }
            },
            {
              "batter": "WTS Porterfield",
              "bowler": "RG Mukasa",
              "non_striker": "NJ O'Brien",
              "runs": {
                "batter": 0,
                "extras": 0,
                "total": 0
              }
            }
          ]
        },
        {
          "over": 5,
          "deliveries": [
            {
              "batter": "NJ O'Brien",
              "bowler": "F Nsubuga",
              "non_striker": "WTS Porterfield",
              "runs": {
                "batter": 0,
                "extras": 0,
                "total": 0
              }
            },
            {
              "batter": "NJ O'Brien",
              "bowler": "F Nsubuga",
              "non_striker": "WTS Porterfield",
              "runs": {
                "batter": 0,
                "extras": 0,
                "total": 0
              }
            },
            {
              "batter": "NJ O'Brien",
              "bowler": "F Nsubuga",
              "non_striker": "WTS Porterfield",
              "runs": {
                "batter": 0,
                "extras": 0,
                "total": 0
              }
            },
            {
              "batter": "NJ O'Brien",
              "bowler": "F Nsubuga",
              "non_striker": "WTS Porterfield",
              "runs": {
                "batter": 0,
                "extras": 0,
                "total": 0
              }
            },
            {
              "batter": "NJ O'Brien",
              "bowler": "F Nsubuga",
              "non_striker": "WTS Porterfield",
              "runs": {
                "batter": 0,
                "extras": 0,
                "total": 0
              }
            },
            {
              "batter": "NJ O'Brien",
              "bowler": "F Nsubuga",
              "non_striker": "WTS Porterfield",
              "runs": {
                "batter": 0,
                "extras": 0,
                "total": 0
              }
            }
          ]
        },
        {
          "over": 6,
          "deliveries": [
            {
              "batter": "WTS Porterfield",
              "bowler": "RG Mukasa",
              "non_striker": "NJ O'Brien",
              "runs": {
                "batter": 0,
                "extras": 0,
                "total": 0
              }
            },
            {
              "batter": "WTS Porterfield",
              "bowler": "RG Mukasa",
              "non_striker": "NJ O'Brien",
              "runs": {
                "batter": 4,
                "extras": 0,
                "total": 4
              }
            },
            {
              "batter": "WTS Porterfield",
              "bowler": "RG Mukasa",
              "non_striker": "NJ O'Brien",
              "runs": {
                "batter": 1,
                "extras": 0,
                "total": 1
              }
            },
            {
              "batter": "NJ O'Brien",
              "bowler": "RG Mukasa",
              "non_striker": "WTS Porterfield",
              "runs": {
                "batter": 1,
                "extras": 0,
                "total": 1
              }
            },
            {
              "batter": "WTS Porterfield",
              "bowler": "RG Mukasa",
              "extras": {
                "wides": 1
              },
              "non_striker": "NJ O'Brien",
              "runs": {
                "batter": 0,
                "extras": 1,
                "total": 1
              }
            },
            {
              "batter": "WTS Porterfield",
              "bowler": "RG Mukasa",
              "non_striker": "NJ O'Brien",
              "runs": {
                "batter": 1,
                "extras": 0,
                "total": 1
              }
            },
            {
              "batter": "NJ O'Brien",
              "bowler": "RG Mukasa",
              "non_striker": "WTS Porterfield",
              "runs": {
                "batter": 4,
                "extras": 0,
                "total": 4
              }
            }
          ]
        },
        {
          "over": 7,
          "deliveries": [
            {
              "batter": "WTS Porterfield",
              "bowler": "F Nsubuga",
              "non_striker": "NJ O'Brien",
              "runs": {
                "batter": 0,
                "extras": 0,
                "total": 0
              }
            },
            {
              "batter": "WTS Porterfield",
              "bowler": "F Nsubuga",
              "non_striker": "NJ O'Brien",
              "runs": {
                "batter": 4,
                "extras": 0,
                "total": 4
              }
            },
            {
              "batter": "WTS Porterfield",
              "bowler": "F Nsubuga",
              "non_striker": "NJ O'Brien",
              "runs": {
                "batter": 0,
                "extras": 0,
                "total": 0
              },
              "wickets": [
                {
                  "kind": "caught",
                  "player_out": "WTS Porterfield",
                  "fielders": [
                    {
                      "name": "H Ssenyondo"
                    }
                  ]
                }
              ]
            },
            {
              "batter": "KJ O'Brien",
              "bowler": "F Nsubuga",
              "non_striker": "NJ O'Brien",
              "runs": {
                "batter": 0,
                "extras": 0,
                "total": 0
              }
            },
            {
              "batter": "KJ O'Brien",
              "bowler": "F Nsubuga",
              "non_striker": "NJ O'Brien",
              "runs": {
                "batter": 0,
                "extras": 0,
                "total": 0
              }
            },
            {
              "batter": "KJ O'Brien",
              "bowler": "F Nsubuga",
              "non_striker": "NJ O'Brien",
              "runs": {
                "batter": 0,
                "extras": 0,
                "total": 0
              }
            }
          ]
        },
        {
          "over": 8,
          "deliveries": [
            {
              "batter": "NJ O'Brien",
              "bowler": "H Ssenyondo",
              "non_striker": "KJ O'Brien",
              "runs": {
                "batter": 1,
                "extras": 0,
                "total": 1
              }
            },
            {
              "batter": "KJ O'Brien",
              "bowler": "H Ssenyondo",
              "non_striker": "NJ O'Brien",
              "runs": {
                "batter": 2,
                "extras": 0,
                "total": 2
              }
            },
            {
              "batter": "KJ O'Brien",
              "bowler": "H Ssenyondo",
              "non_striker": "NJ O'Brien",
              "runs": {
                "batter": 2,
                "extras": 0,
                "total": 2
              }
            },
            {
              "batter": "KJ O'Brien",
              "bowler": "H Ssenyondo",
              "non_striker": "NJ O'Brien",
              "runs": {
                "batter": 1,
                "extras": 0,
                "total": 1
              }
            },
            {
              "batter": "NJ O'Brien",
              "bowler": "H Ssenyondo",
              "extras": {
                "legbyes": 1
              },
              "non_striker": "KJ O'Brien",
              "runs": {
                "batter": 0,
                "extras": 1,
                "total": 1
              }
            },
            {
              "batter": "KJ O'Brien",
              "bowler": "H Ssenyondo",
              "non_striker": "NJ O'Brien",
              "runs": {
                "batter": 0,
                "extras": 0,
                "total": 0
              }
            }
          ]
        },
        {
          "over": 9,
          "deliveries": [
            {
              "batter": "NJ O'Brien",
              "bowler": "RG Mukasa",
              "non_striker": "KJ O'Brien",
              "runs": {
                "batter": 1,
                "extras": 0,
                "total": 1
              }
            },
            {
              "batter": "KJ O'Brien",
              "bowler": "RG Mukasa",
              "non_striker": "NJ O'Brien",
              "runs": {
                "batter": 1,
                "extras": 0,
                "total": 1
              }
            },
            {
              "batter": "NJ O'Brien",
              "bowler": "RG Mukasa",
              "non_striker": "KJ O'Brien",
              "runs": {
                "batter": 0,
                "extras": 0,
                "total": 0
              }
            },
            {
              "batter": "NJ O'Brien",
              "bowler": "RG Mukasa",
              "non_striker": "KJ O'Brien",
              "runs": {
                "batter": 2,
                "extras": 0,
                "total": 2
              }
            },
            {
              "batter": "NJ O'Brien",
              "bowler": "RG Mukasa",
              "non_striker": "KJ O'Brien",
              "runs": {
                "batter": 1,
                "extras": 0,
                "total": 1
              }
            },
            {
              "batter": "KJ O'Brien",
              "bowler": "RG Mukasa",
              "non_striker": "NJ O'Brien",
              "runs": {
                "batter": 1,
                "extras": 0,
                "total": 1
              }
            }
          ]
        },
        {
          "over": 10,
          "deliveries": [
            {
              "batter": "KJ O'Brien",
              "bowler": "H Ssenyondo",
              "non_striker": "NJ O'Brien",
              "runs": {
                "batter": 2,
                "extras": 0,
                "total": 2
              }
            },
            {
              "batter": "KJ O'Brien",
              "bowler": "H Ssenyondo",
              "non_striker": "NJ O'Brien",
              "runs": {
                "batter": 1,
                "extras": 0,
                "total": 1
              }
            },
            {
              "batter": "NJ O'Brien",
              "bowler": "H Ssenyondo",
              "non_striker": "KJ O'Brien",
              "runs": {
                "batter": 2,
                "extras": 0,
                "total": 2
              }
            },
            {
              "batter": "NJ O'Brien",
              "bowler": "H Ssenyondo",
              "non_striker": "KJ O'Brien",
              "runs": {
                "batter": 1,
                "extras": 0,
                "total": 1
              }
            },
            {
              "batter": "KJ O'Brien",
              "bowler": "H Ssenyondo",
              "extras": {
                "wides": 1
              },
              "non_striker": "NJ O'Brien",
              "runs": {
                "batter": 0,
                "extras": 1,
                "total": 1
              }
            },
            {
              "batter": "KJ O'Brien",
              "bowler": "H Ssenyondo",
              "non_striker": "NJ O'Brien",
              "runs": {
                "batter": 0,
                "extras": 0,
                "total": 0
              }
            },
            {
              "batter": "KJ O'Brien",
              "bowler": "H Ssenyondo",
              "non_striker": "NJ O'Brien",
              "runs": {
                "batter": 2,
                "extras": 0,
                "total": 2
              }
            }
          ]
        },
        {
          "over": 11,
          "deliveries": [
            {
              "batter": "NJ O'Brien",
              "bowler": "R Otim",
              "non_striker": "KJ O'Brien",
              "runs": {
                "batter": 1,
                "extras": 0,
                "total": 1
              }
            },
            {
              "batter": "KJ O'Brien",
              "bowler": "R Otim",
              "non_striker": "NJ O'Brien",
              "runs": {
                "batter": 2,
                "extras": 0,
                "total": 2
              }
            },
            {
              "batter": "KJ O'Brien",
              "bowler": "R Otim",
              "non_striker": "NJ O'Brien",
              "runs": {
                "batter": 0,
                "extras": 0,
                "total": 0
              },
              "wickets": [
                {
                  "kind": "caught",
                  "player_out": "KJ O'Brien",
                  "fielders": [
                    {
                      "name": "RG Mukasa"
                    }
                  ]
                }
              ]
            },
            {
              "batter": "NJ O'Brien",
              "bowler": "R Otim",
              "non_striker": "GC Wilson",
              "runs": {
                "batter": 0,
                "extras": 0,
                "total": 0
              }
            },
            {
              "batter": "NJ O'Brien",
              "bowler": "R Otim",
              "non_striker": "GC Wilson",
              "runs": {
                "batter": 0,
                "extras": 0,
                "total": 0
              }
            },
            {
              "batter": "NJ O'Brien",
              "bowler": "R Otim",
              "non_striker": "GC Wilson",
              "runs": {
                "batter": 1,
                "extras": 0,
                "total": 1
              }
            }
          ]
        },
        {
          "over": 12,
          "deliveries": [
            {
              "batter": "NJ O'Brien",
              "bowler": "H Ssenyondo",
              "non_striker": "GC Wilson",
              "runs": {
                "batter": 1,
                "extras": 0,
                "total": 1
              }
            },
            {
              "batter": "GC Wilson",
              "bowler": "H Ssenyondo",
              "non_striker": "NJ O'Brien",
              "runs": {
                "batter": 0,
                "extras": 0,
                "total": 0
              }
            },
            {
              "batter": "GC Wilson",
              "bowler": "H Ssenyondo",
              "non_striker": "NJ O'Brien",
              "runs": {
                "batter": 1,
                "extras": 0,
                "total": 1
              }
            },
            {
              "batter": "NJ O'Brien",
              "bowler": "H Ssenyondo",
              "non_striker": "GC Wilson",
              "runs": {
                "batter": 0,
                "extras": 0,
                "total": 0
              }
            },
            {
              "batter": "NJ O'Brien",
              "bowler": "H Ssenyondo",
              "non_striker": "GC Wilson",
              "runs": {
                "batter": 1,
                "extras": 0,
                "total": 1
              }
            },
            {
              "batter": "GC Wilson",
              "bowler": "H Ssenyondo",
              "non_striker": "NJ O'Brien",
              "runs": {
                "batter": 0,
                "extras": 0,
                "total": 0
              }
            }
          ]
        },
        {
          "over": 13,
          "deliveries": [
            {
              "batter": "NJ O'Brien",
              "bowler": "R Otim",
              "non_striker": "GC Wilson",
              "runs": {
                "batter": 0,
                "extras": 0,
                "total": 0
              }
            },
            {
              "batter": "NJ O'Brien",
              "bowler": "R Otim",
              "non_striker": "GC Wilson",
              "runs": {
                "batter": 0,
                "extras": 0,
                "total": 0
              }
            },
            {
              "batter": "NJ O'Brien",
              "bowler": "R Otim",
              "non_striker": "GC Wilson",
              "runs": {
                "batter": 1,
                "extras": 0,
                "total": 1
              }
            },
            {
              "batter": "GC Wilson",
              "bowler": "R Otim",
              "non_striker": "NJ O'Brien",
              "runs": {
                "batter": 0,
                "extras": 0,
                "total": 0
              }
            },
            {
              "batter": "GC Wilson",
              "bowler": "R Otim",
              "non_striker": "NJ O'Brien",
              "runs": {
                "batter": 1,
                "extras": 0,
                "total": 1
              }
            },
            {
              "batter": "NJ O'Brien",
              "bowler": "R Otim",
              "non_striker": "GC Wilson",
              "runs": {
                "batter": 1,
                "extras": 0,
                "total": 1
              }
            }
          ]
        },
        {
          "over": 14,
          "deliveries": [
            {
              "batter": "NJ O'Brien",
              "bowler": "H Ssenyondo",
              "non_striker": "GC Wilson",
              "runs": {
                "batter": 1,
                "extras": 0,
                "total": 1
              }
            },
            {
              "batter": "GC Wilson",
              "bowler": "H Ssenyondo",
              "non_striker": "NJ O'Brien",
              "runs": {
                "batter": 0,
                "extras": 0,
                "total": 0
              }
            },
            {
              "batter": "GC Wilson",
              "bowler": "H Ssenyondo",
              "non_striker": "NJ O'Brien",
              "runs": {
                "batter": 1,
                "extras": 0,
                "total": 1
              }
            },
            {
              "batter": "NJ O'Brien",
              "bowler": "H Ssenyondo",
              "non_striker": "GC Wilson",
              "runs": {
                "batter": 1,
                "extras": 0,
                "total": 1
              }
            },
            {
              "batter": "GC Wilson",
              "bowler": "H Ssenyondo",
              "non_striker": "NJ O'Brien",
              "runs": {
                "batter": 4,
                "extras": 0,
                "total": 4
              }
            },
            {
              "batter": "GC Wilson",
              "bowler": "H Ssenyondo",
              "non_striker": "NJ O'Brien",
              "runs": {
                "batter": 1,
                "extras": 0,
                "total": 1
              }
            }
          ]
        },
        {
          "over": 15,
          "deliveries": [
            {
              "batter": "GC Wilson",
              "bowler": "R Otim",
              "non_striker": "NJ O'Brien",
              "runs": {
                "batter": 1,
                "extras": 0,
                "total": 1
              }
            },
            {
              "batter": "NJ O'Brien",
              "bowler": "R Otim",
              "non_striker": "GC Wilson",
              "runs": {
                "batter": 1,
                "extras": 0,
                "total": 1
              }
            },
            {
              "batter": "GC Wilson",
              "bowler": "R Otim",
              "non_striker": "NJ O'Brien",
              "runs": {
                "batter": 1,
                "extras": 0,
                "total": 1
              }
            },
            {
              "batter": "NJ O'Brien",
              "bowler": "R Otim",
              "non_striker": "GC Wilson",
              "runs": {
                "batter": 4,
                "extras": 0,
                "total": 4
              }
            },
            {
              "batter": "NJ O'Brien",
              "bowler": "R Otim",
              "non_striker": "GC Wilson",
              "runs": {
                "batter": 1,
                "extras": 0,
                "total": 1
              }
            },
            {
              "batter": "GC Wilson",
              "bowler": "R Otim",
              "non_striker": "NJ O'Brien",
              "runs": {
                "batter": 1,
                "extras": 0,
                "total": 1
              }
            }
          ]
        },
        {
          "over": 16,
          "deliveries": [
            {
              "batter": "GC Wilson",
              "bowler": "RG Mukasa",
              "non_striker": "NJ O'Brien",
              "runs": {
                "batter": 2,
                "extras": 0,
                "total": 2
              }
            },
            {
              "batter": "GC Wilson",
              "bowler": "RG Mukasa",
              "non_striker": "NJ O'Brien",
              "runs": {
                "batter": 1,
                "extras": 0,
                "total": 1
              }
            },
            {
              "batter": "NJ O'Brien",
              "bowler": "RG Mukasa",
              "non_striker": "GC Wilson",
              "runs": {
                "batter": 1,
                "extras": 0,
                "total": 1
              }
            },
            {
              "batter": "GC Wilson",
              "bowler": "RG Mukasa",
              "non_striker": "NJ O'Brien",
              "runs": {
                "batter": 1,
                "extras": 0,
                "total": 1
              }
            },
            {
              "batter": "NJ O'Brien",
              "bowler": "RG Mukasa",
              "non_striker": "GC Wilson",
              "runs": {
                "batter": 1,
                "extras": 0,
                "total": 1
              }
            },
            {
              "batter": "GC Wilson",
              "bowler": "RG Mukasa",
              "non_striker": "NJ O'Brien",
              "runs": {
                "batter": 2,
                "extras": 0,
                "total": 2
              }
            }
          ]
        },
        {
          "over": 17,
          "deliveries": [
            {
              "batter": "NJ O'Brien",
              "bowler": "R Otim",
              "non_striker": "GC Wilson",
              "runs": {
                "batter": 1,
                "extras": 0,
                "total": 1
              }
            },
            {
              "batter": "GC Wilson",
              "bowler": "R Otim",
              "non_striker": "NJ O'Brien",
              "runs": {
                "batter": 1,
                "extras": 0,
                "total": 1
              }
            },
            {
              "batter": "NJ O'Brien",
              "bowler": "R Otim",
              "non_striker": "GC Wilson",
              "runs": {
                "batter": 1,
                "extras": 0,
                "total": 1
              }
            },
            {
              "batter": "GC Wilson",
              "bowler": "R Otim",
              "non_striker": "NJ O'Brien",
              "runs": {
                "batter": 4,
                "extras": 0,
                "total": 4
              }
            },
            {
              "batter": "GC Wilson",
              "bowler": "R Otim",
              "non_striker": "NJ O'Brien",
              "runs": {
                "batter": 6,
                "extras": 0,
                "total": 6
              }
            },
            {
              "batter": "GC Wilson",
              "bowler": "R Otim",
              "non_striker": "NJ O'Brien",
              "runs": {
                "batter": 1,
                "extras": 0,
                "total": 1
              }
            }
          ]
        },
        {
          "over": 18,
          "deliveries": [
            {
              "batter": "GC Wilson",
              "bowler": "F Nsubuga",
              "non_striker": "NJ O'Brien",
              "runs": {
                "batter": 1,
                "extras": 0,
                "total": 1
              }
            },
            {
              "batter": "NJ O'Brien",
              "bowler": "F Nsubuga",
              "non_striker": "GC Wilson",
              "runs": {
                "batter": 1,
                "extras": 0,
                "total": 1
              }
            },
            {
              "batter": "GC Wilson",
              "bowler": "F Nsubuga",
              "non_striker": "NJ O'Brien",
              "runs": {
                "batter": 2,
                "extras": 0,
                "total": 2
              }
            },
            {
              "batter": "GC Wilson",
              "bowler": "F Nsubuga",
              "non_striker": "NJ O'Brien",
              "runs": {
                "batter": 2,
                "extras": 0,
                "total": 2
              }
            },
            {
              "batter": "GC Wilson",
              "bowler": "F Nsubuga",
              "non_striker": "NJ O'Brien",
              "runs": {
                "batter": 1,
                "extras": 0,
                "total": 1
              }
            },
            {
              "batter": "NJ O'Brien",
              "bowler": "F Nsubuga",
              "non_striker": "GC Wilson",
              "runs": {
                "batter": 1,
                "extras": 0,
                "total": 1
              }
            }
          ]
        },
        {
          "over": 19,
          "deliveries": [
            {
              "batter": "NJ O'Brien",
              "bowler": "C Waiswa",
              "non_striker": "GC Wilson",
              "runs": {
                "batter": 1,
                "extras": 0,
                "total": 1
              }
            },
            {
              "batter": "GC Wilson",
              "bowler": "C Waiswa",
              "non_striker": "NJ O'Brien",
              "runs": {
                "batter": 4,
                "extras": 0,
                "total": 4
              }
            },
            {
              "batter": "GC Wilson",
              "bowler": "C Waiswa",
              "non_striker": "NJ O'Brien",
              "runs": {
                "batter": 1,
                "extras": 0,
                "total": 1
              }
            },
            {
              "batter": "NJ O'Brien",
              "bowler": "C Waiswa",
              "non_striker": "GC Wilson",
              "runs": {
                "batter": 1,
                "extras": 0,
                "total": 1
              }
            },
            {
              "batter": "GC Wilson",
              "bowler": "C Waiswa",
              "non_striker": "NJ O'Brien",
              "runs": {
                "batter": 0,
                "extras": 0,
                "total": 0
              },
              "wickets": [
                {
                  "kind": "caught",
                  "player_out": "GC Wilson",
                  "fielders": [
                    {
                      "name": "B Masaba",
                      "substitute": true
                    }
                  ]
                }
              ]
            },
            {
              "batter": "NJ O'Brien",
              "bowler": "C Waiswa",
              "extras": {
                "legbyes": 4
              },
              "non_striker": "JF Mooney",
              "runs": {
                "batter": 0,
                "extras": 4,
                "total": 4
              }
            }
          ]
        }
      ],
      "powerplays": [
        {
          "from": 0.1,
          "to": 5.6,
          "type": "mandatory"
        }
      ]
    },
    {
      "team": "Uganda",
      "overs": [
        {
          "over": 0,
          "deliveries": [
            {
              "batter": "AS Kyobe",
              "bowler": "TJ Murtagh",
              "non_striker": "A Ziraba",
              "runs": {
                "batter": 0,
                "extras": 0,
                "total": 0
              }
            },
            {
              "batter": "AS Kyobe",
              "bowler": "TJ Murtagh",
              "non_striker": "A Ziraba",
              "runs": {
                "batter": 4,
                "extras": 0,
                "total": 4
              }
            },
            {
              "batter": "AS Kyobe",
              "bowler": "TJ Murtagh",
              "non_striker": "A Ziraba",
              "runs": {
                "batter": 0,
                "extras": 0,
                "total": 0
              }
            },
            {
              "batter": "AS Kyobe",
              "bowler": "TJ Murtagh",
              "non_striker": "A Ziraba",
              "runs": {
                "batter": 1,
                "extras": 0,
                "total": 1
              }
            },
            {
              "batter": "A Ziraba",
              "bowler": "TJ Murtagh",
              "non_striker": "AS Kyobe",
              "runs": {
                "batter": 0,
                "extras": 0,
                "total": 0
              }
            },
            {
              "batter": "A Ziraba",
              "bowler": "TJ Murtagh",
              "non_striker": "AS Kyobe",
              "runs": {
                "batter": 0,
                "extras": 0,
                "total": 0
              }
            }
          ]
        },
        {
          "over": 1,
          "deliveries": [
            {
              "batter": "AS Kyobe",
              "bowler": "DT Johnston",
              "non_striker": "A Ziraba",
              "runs": {
                "batter": 0,
                "extras": 0,
                "total": 0
              }
            },
            {
              "batter": "AS Kyobe",
              "bowler": "DT Johnston",
              "non_striker": "A Ziraba",
              "runs": {
                "batter": 1,
                "extras": 0,
                "total": 1
              }
            },
            {
              "batter": "A Ziraba",
              "bowler": "DT Johnston",
              "non_striker": "AS Kyobe",
              "runs": {
                "batter": 0,
                "extras": 0,
                "total": 0
              },
              "wickets": [
                {
                  "kind": "bowled",
                  "player_out": "A Ziraba"
                }
              ]
            },
            {
              "batter": "HS Almuzahim",
              "bowler": "DT Johnston",
              "non_striker": "AS Kyobe",
              "runs": {
                "batter": 0,
                "extras": 0,
                "total": 0
              }
            },
            {
              "batter": "HS Almuzahim",
              "bowler": "DT Johnston",
              "non_striker": "AS Kyobe",
              "runs": {
                "batter": 0,
                "extras": 0,
                "total": 0
              }
            },
            {
              "batter": "HS Almuzahim",
              "bowler": "DT Johnston",
              "non_striker": "AS Kyobe",
              "runs": {
                "batter": 0,
                "extras": 0,
                "total": 0
              }
            }
          ]
        },
        {
          "over": 2,
          "deliveries": [
            {
              "batter": "AS Kyobe",
              "bowler": "TJ Murtagh",
              "non_striker": "HS Almuzahim",
              "runs": {
                "batter": 0,
                "extras": 0,
                "total": 0
              }
            },
            {
              "batter": "AS Kyobe",
              "bowler": "TJ Murtagh",
              "non_striker": "HS Almuzahim",
              "runs": {
                "batter": 0,
                "extras": 0,
                "total": 0
              }
            },
            {
              "batter": "AS Kyobe",
              "bowler": "TJ Murtagh",
              "non_striker": "HS Almuzahim",
              "runs": {
                "batter": 1,
                "extras": 0,
                "total": 1
              }
            },
            {
              "batter": "HS Almuzahim",
              "bowler": "TJ Murtagh",
              "non_striker": "AS Kyobe",
              "runs": {
                "batter": 0,
                "extras": 0,
                "total": 0
              }
            },
            {
              "batter": "HS Almuzahim",
              "bowler": "TJ Murtagh",
              "non_striker": "AS Kyobe",
              "runs": {
                "batter": 1,
                "extras": 0,
                "total": 1
              }
            },
            {
              "batter": "AS Kyobe",
              "bowler": "TJ Murtagh",
              "non_striker": "HS Almuzahim",
              "runs": {
                "batter": 0,
                "extras": 0,
                "total": 0
              }
            }
          ]
        },
        {
          "over": 3,
          "deliveries": [
            {
              "batter": "HS Almuzahim",
              "bowler": "DT Johnston",
              "non_striker": "AS Kyobe",
              "runs": {
                "batter": 0,
                "extras": 0,
                "total": 0
              }
            },
            {
              "batter": "HS Almuzahim",
              "bowler": "DT Johnston",
              "non_striker": "AS Kyobe",
              "runs": {
                "batter": 4,
                "extras": 0,
                "total": 4
              }
            },
            {
              "batter": "HS Almuzahim",
              "bowler": "DT Johnston",
              "non_striker": "AS Kyobe",
              "runs": {
                "batter": 4,
                "extras": 0,
                "total": 4
              }
            },
            {
              "batter": "HS Almuzahim",
              "bowler": "DT Johnston",
              "non_striker": "AS Kyobe",
              "runs": {
                "batter": 1,
                "extras": 0,
                "total": 1
              }
            },
            {
              "batter": "AS Kyobe",
              "bowler": "DT Johnston",
              "non_striker": "HS Almuzahim",
              "runs": {
                "batter": 0,
                "extras": 0,
                "total": 0
              }
            },
            {
              "batter": "AS Kyobe",
              "bowler": "DT Johnston",
              "non_striker": "HS Almuzahim",
              "runs": {
                "batter": 0,
                "extras": 0,
                "total": 0
              }
            }
          ]
        },
        {
          "over": 4,
          "deliveries": [
            {
              "batter": "HS Almuzahim",
              "bowler": "TJ Murtagh",
              "non_striker": "AS Kyobe",
              "runs": {
                "batter": 0,
                "extras": 0,
                "total": 0
              }
            },
            {
              "batter": "HS Almuzahim",
              "bowler": "TJ Murtagh",
              "non_striker": "AS Kyobe",
              "runs": {
                "batter": 0,
                "extras": 0,
                "total": 0
              }
            },
            {
              "batter": "HS Almuzahim",
              "bowler": "TJ Murtagh",
              "non_striker": "AS Kyobe",
              "runs": {
                "batter": 0,
                "extras": 0,
                "total": 0
              }
            },
            {
              "batter": "HS Almuzahim",
              "bowler": "TJ Murtagh",
              "non_striker": "AS Kyobe",
              "runs": {
                "batter": 0,
                "extras": 0,
                "total": 0
              }
            },
            {
              "batter": "HS Almuzahim",
              "bowler": "TJ Murtagh",
              "non_striker": "AS Kyobe",
              "runs": {
                "batter": 0,
                "extras": 0,
                "total": 0
              }
            },
            {
              "batter": "HS Almuzahim",
              "bowler": "TJ Murtagh",
              "non_striker": "AS Kyobe",
              "runs": {
                "batter": 0,
                "extras": 0,
                "total": 0
              }
            }
          ]
        },
        {
          "over": 5,
          "deliveries": [
            {
              "batter": "AS Kyobe",
              "bowler": "DT Johnston",
              "non_striker": "HS Almuzahim",
              "runs": {
                "batter": 4,
                "extras": 0,
                "total": 4
              }
            },
            {
              "batter": "AS Kyobe",
              "bowler": "DT Johnston",
              "non_striker": "HS Almuzahim",
              "runs": {
                "batter": 4,
                "extras": 0,
                "total": 4
              }
            },
            {
              "batter": "AS Kyobe",
              "bowler": "DT Johnston",
              "non_striker": "HS Almuzahim",
              "runs": {
                "batter": 0,
                "extras": 0,
                "total": 0
              }
            },
            {
              "batter": "AS Kyobe",
              "bowler": "DT Johnston",
              "non_striker": "HS Almuzahim",
              "runs": {
                "batter": 1,
                "extras": 0,
                "total": 1
              }
            },
            {
              "batter": "HS Almuzahim",
              "bowler": "DT Johnston",
              "non_striker": "AS Kyobe",
              "runs": {
                "batter": 1,
                "extras": 0,
                "total": 1
              }
            },
            {
              "batter": "AS Kyobe",
              "bowler": "DT Johnston",
              "non_striker": "HS Almuzahim",
              "runs": {
                "batter": 2,
                "extras": 0,
                "total": 2
              }
            }
          ]
        },
        {
          "over": 6,
          "deliveries": [
            {
              "batter": "HS Almuzahim",
              "bowler": "GH Dockrell",
              "non_striker": "AS Kyobe",
              "runs": {
                "batter": 1,
                "extras": 0,
                "total": 1
              }
            },
            {
              "batter": "AS Kyobe",
              "bowler": "GH Dockrell",
              "non_striker": "HS Almuzahim",
              "runs": {
                "batter": 0,
                "extras": 0,
                "total": 0
              },
              "wickets": [
                {
                  "kind": "caught",
                  "player_out": "AS Kyobe",
                  "fielders": [
                    {
                      "name": "DT Johnston"
                    }
                  ]
                }
              ]
            },
            {
              "batter": "HS Almuzahim",
              "bowler": "GH Dockrell",
              "non_striker": "RG Mukasa",
              "runs": {
                "batter": 0,
                "extras": 0,
                "total": 0
              }
            },
            {
              "batter": "HS Almuzahim",
              "bowler": "GH Dockrell",
              "non_striker": "RG Mukasa",
              "runs": {
                "batter": 1,
                "extras": 0,
                "total": 1
              }
            },
            {
              "batter": "RG Mukasa",
              "bowler": "GH Dockrell",
              "extras": {
                "wides": 1
              },
              "non_striker": "HS Almuzahim",
              "runs": {
                "batter": 0,
                "extras": 1,
                "total": 1
              }
            },
            {
              "batter": "RG Mukasa",
              "bowler": "GH Dockrell",
              "non_striker": "HS Almuzahim",
              "runs": {
                "batter": 0,
                "extras": 0,
                "total": 0
              }
            },
            {
              "batter": "RG Mukasa",
              "bowler": "GH Dockrell",
              "non_striker": "HS Almuzahim",
              "runs": {
                "batter": 0,
                "extras": 0,
                "total": 0
              }
            }
          ]
        },
        {
          "over": 7,
          "deliveries": [
            {
              "batter": "HS Almuzahim",
              "bowler": "PR Stirling",
              "non_striker": "RG Mukasa",
              "runs": {
                "batter": 4,
                "extras": 0,
                "total": 4
              }
            },
            {
              "batter": "HS Almuzahim",
              "bowler": "PR Stirling",
              "non_striker": "RG Mukasa",
              "runs": {
                "batter": 0,
                "extras": 0,
                "total": 0
              }
            },
            {
              "batter": "HS Almuzahim",
              "bowler": "PR Stirling",
              "non_striker": "RG Mukasa",
              "runs": {
                "batter": 0,
                "extras": 0,
                "total": 0
              }
            },
            {
              "batter": "HS Almuzahim",
              "bowler": "PR Stirling",
              "non_striker": "RG Mukasa",
              "runs": {
                "batter": 1,
                "extras": 0,
                "total": 1
              }
            },
            {
              "batter": "RG Mukasa",
              "bowler": "PR Stirling",
              "non_striker": "HS Almuzahim",
              "runs": {
                "batter": 1,
                "extras": 0,
                "total": 1
              }
            },
            {
              "batter": "HS Almuzahim",
              "bowler": "PR Stirling",
              "non_striker": "RG Mukasa",
              "runs": {
                "batter": 1,
                "extras": 0,
                "total": 1
              }
            }
          ]
        },
        {
          "over": 8,
          "deliveries": [
            {
              "batter": "HS Almuzahim",
              "bowler": "GH Dockrell",
              "non_striker": "RG Mukasa",
              "runs": {
                "batter": 0,
                "extras": 0,
                "total": 0
              }
            },
            {
              "batter": "HS Almuzahim",
              "bowler": "GH Dockrell",
              "non_striker": "RG Mukasa",
              "runs": {
                "batter": 1,
                "extras": 0,
                "total": 1
              }
            },
            {
              "batter": "RG Mukasa",
              "bowler": "GH Dockrell",
              "non_striker": "HS Almuzahim",
              "runs": {
                "batter": 0,
                "extras": 0,
                "total": 0
              }
            },
            {
              "batter": "RG Mukasa",
              "bowler": "GH Dockrell",
              "non_striker": "HS Almuzahim",
              "runs": {
                "batter": 0,
                "extras": 0,
                "total": 0
              },
              "wickets": [
                {
                  "kind": "bowled",
                  "player_out": "RG Mukasa"
                }
              ]
            },
            {
              "batter": "PM Selowa",
              "bowler": "GH Dockrell",
              "non_striker": "HS Almuzahim",
              "runs": {
                "batter": 4,
                "extras": 0,
                "total": 4
              }
            },
            {
              "batter": "PM Selowa",
              "bowler": "GH Dockrell",
              "non_striker": "HS Almuzahim",
              "runs": {
                "batter": 0,
                "extras": 0,
                "total": 0
              }
            }
          ]
        },
        {
          "over": 9,
          "deliveries": [
            {
              "batter": "HS Almuzahim",
              "bowler": "PR Stirling",
              "non_striker": "PM Selowa",
              "runs": {
                "batter": 1,
                "extras": 0,
                "total": 1
              }
            },
            {
              "batter": "PM Selowa",
              "bowler": "PR Stirling",
              "non_striker": "HS Almuzahim",
              "runs": {
                "batter": 0,
                "extras": 0,
                "total": 0
              }
            },
            {
              "batter": "PM Selowa",
              "bowler": "PR Stirling",
              "non_striker": "HS Almuzahim",
              "runs": {
                "batter": 3,
                "extras": 0,
                "total": 3
              }
            },
            {
              "batter": "HS Almuzahim",
              "bowler": "PR Stirling",
              "non_striker": "PM Selowa",
              "runs": {
                "batter": 0,
                "extras": 0,
                "total": 0
              }
            },
            {
              "batter": "HS Almuzahim",
              "bowler": "PR Stirling",
              "non_striker": "PM Selowa",
              "runs": {
                "batter": 0,
                "extras": 0,
                "total": 0
              },
              "wickets": [
                {
                  "kind": "caught",
                  "player_out": "HS Almuzahim",
                  "fielders": [
                    {
                      "name": "AR Cusack"
                    }
                  ]
                }
              ]
            },
            {
              "batter": "PM Selowa",
              "bowler": "PR Stirling",
              "non_striker": "RG Okia",
              "runs": {
                "batter": 1,
                "extras": 0,
                "total": 1
              }
            }
          ]
        },
        {
          "over": 10,
          "deliveries": [
            {
              "batter": "PM Selowa",
              "bowler": "GH Dockrell",
              "non_striker": "RG Okia",
              "runs": {
                "batter": 0,
                "extras": 0,
                "total": 0
              }
            },
            {
              "batter": "PM Selowa",
              "bowler": "GH Dockrell",
              "non_striker": "RG Okia",
              "runs": {
                "batter": 1,
                "extras": 0,
                "total": 1
              }
            },
            {
              "batter": "RG Okia",
              "bowler": "GH Dockrell",
              "non_striker": "PM Selowa",
              "runs": {
                "batter": 0,
                "extras": 0,
                "total": 0
              }
            },
            {
              "batter": "RG Okia",
              "bowler": "GH Dockrell",
              "non_striker": "PM Selowa",
              "runs": {
                "batter": 0,
                "extras": 0,
                "total": 0
              }
            },
            {
              "batter": "RG Okia",
              "bowler": "GH Dockrell",
              "non_striker": "PM Selowa",
              "runs": {
                "batter": 0,
                "extras": 0,
                "total": 0
              }
            },
            {
              "batter": "RG Okia",
              "bowler": "GH Dockrell",
              "non_striker": "PM Selowa",
              "runs": {
                "batter": 0,
                "extras": 0,
                "total": 0
              }
            }
          ]
        },
        {
          "over": 11,
          "deliveries": [
            {
              "batter": "PM Selowa",
              "bowler": "PR Stirling",
              "non_striker": "RG Okia",
              "runs": {
                "batter": 0,
                "extras": 0,
                "total": 0
              }
            },
            {
              "batter": "PM Selowa",
              "bowler": "PR Stirling",
              "extras": {
                "legbyes": 2
              },
              "non_striker": "RG Okia",
              "runs": {
                "batter": 0,
                "extras": 2,
                "total": 2
              }
            },
            {
              "batter": "PM Selowa",
              "bowler": "PR Stirling",
              "non_striker": "RG Okia",
              "runs": {
                "batter": 1,
                "extras": 0,
                "total": 1
              }
            },
            {
              "batter": "RG Okia",
              "bowler": "PR Stirling",
              "non_striker": "PM Selowa",
              "runs": {
                "batter": 0,
                "extras": 0,
                "total": 0
              }
            },
            {
              "batter": "RG Okia",
              "bowler": "PR Stirling",
              "non_striker": "PM Selowa",
              "runs": {
                "batter": 1,
                "extras": 0,
                "total": 1
              }
            },
            {
              "batter": "PM Selowa",
              "bowler": "PR Stirling",
              "non_striker": "RG Okia",
              "runs": {
                "batter": 1,
                "extras": 0,
                "total": 1
              }
            }
          ]
        },
        {
          "over": 12,
          "deliveries": [
            {
              "batter": "PM Selowa",
              "bowler": "GH Dockrell",
              "non_striker": "RG Okia",
              "runs": {
                "batter": 1,
                "extras": 0,
                "total": 1
              }
            },
            {
              "batter": "RG Okia",
              "bowler": "GH Dockrell",
              "non_striker": "PM Selowa",
              "runs": {
                "batter": 0,
                "extras": 0,
                "total": 0
              }
            },
            {
              "batter": "RG Okia",
              "bowler": "GH Dockrell",
              "non_striker": "PM Selowa",
              "runs": {
                "batter": 0,
                "extras": 0,
                "total": 0
              }
            },
            {
              "batter": "RG Okia",
              "bowler": "GH Dockrell",
              "non_striker": "PM Selowa",
              "runs": {
                "batter": 0,
                "extras": 0,
                "total": 0
              }
            },
            {
              "batter": "RG Okia",
              "bowler": "GH Dockrell",
              "non_striker": "PM Selowa",
              "runs": {
                "batter": 1,
                "extras": 0,
                "total": 1
              }
            },
            {
              "batter": "PM Selowa",
              "bowler": "GH Dockrell",
              "non_striker": "RG Okia",
              "runs": {
                "batter": 1,
                "extras": 0,
                "total": 1
              }
            }
          ]
        },
        {
          "over": 13,
          "deliveries": [
            {
              "batter": "PM Selowa",
              "bowler": "PR Stirling",
              "non_striker": "RG Okia",
              "runs": {
                "batter": 4,
                "extras": 0,
                "total": 4
              }
            },
            {
              "batter": "PM Selowa",
              "bowler": "PR Stirling",
              "non_striker": "RG Okia",
              "runs": {
                "batter": 0,
                "extras": 0,
                "total": 0
              }
            },
            {
              "batter": "PM Selowa",
              "bowler": "PR Stirling",
              "non_striker": "RG Okia",
              "runs": {
                "batter": 2,
                "extras": 0,
                "total": 2
              }
            },
            {
              "batter": "PM Selowa",
              "bowler": "PR Stirling",
              "non_striker": "RG Okia",
              "runs": {
                "batter": 1,
                "extras": 0,
                "total": 1
              }
            },
            {
              "batter": "RG Okia",
              "bowler": "PR Stirling",
              "non_striker": "PM Selowa",
              "runs": {
                "batter": 1,
                "extras": 0,
                "total": 1
              }
            },
            {
              "batter": "PM Selowa",
              "bowler": "PR Stirling",
              "non_striker": "RG Okia",
              "runs": {
                "batter": 0,
                "extras": 0,
                "total": 0
              },
              "wickets": [
                {
                  "kind": "caught",
                  "player_out": "PM Selowa",
                  "fielders": [
                    {
                      "name": "GH Dockrell"
                    }
                  ]
                }
              ]
            }
          ]
        },
        {
          "over": 14,
          "deliveries": [
            {
              "batter": "RG Okia",
              "bowler": "AR Cusack",
              "non_striker": "F Nsubuga",
              "runs": {
                "batter": 0,
                "extras": 0,
                "total": 0
              }
            },
            {
              "batter": "RG Okia",
              "bowler": "AR Cusack",
              "non_striker": "F Nsubuga",
              "runs": {
                "batter": 0,
                "extras": 0,
                "total": 0
              }
            },
            {
              "batter": "RG Okia",
              "bowler": "AR Cusack",
              "non_striker": "F Nsubuga",
              "runs": {
                "batter": 0,
                "extras": 0,
                "total": 0
              }
            },
            {
              "batter": "RG Okia",
              "bowler": "AR Cusack",
              "non_striker": "F Nsubuga",
              "runs": {
                "batter": 0,
                "extras": 0,
                "total": 0
              }
            },
            {
              "batter": "RG Okia",
              "bowler": "AR Cusack",
              "non_striker": "F Nsubuga",
              "runs": {
                "batter": 1,
                "extras": 0,
                "total": 1
              }
            },
            {
              "batter": "F Nsubuga",
              "bowler": "AR Cusack",
              "non_striker": "RG Okia",
              "runs": {
                "batter": 0,
                "extras": 0,
                "total": 0
              }
            }
          ]
        },
        {
          "over": 15,
          "deliveries": [
            {
              "batter": "RG Okia",
              "bowler": "MC Sorensen",
              "non_striker": "F Nsubuga",
              "runs": {
                "batter": 1,
                "extras": 0,
                "total": 1
              }
            },
            {
              "batter": "F Nsubuga",
              "bowler": "MC Sorensen",
              "non_striker": "RG Okia",
              "runs": {
                "batter": 0,
                "extras": 0,
                "total": 0
              }
            },
            {
              "batter": "F Nsubuga",
              "bowler": "MC Sorensen",
              "non_striker": "RG Okia",
              "runs": {
                "batter": 4,
                "extras": 0,
                "total": 4
              }
            },
            {
              "batter": "F Nsubuga",
              "bowler": "MC Sorensen",
              "non_striker": "RG Okia",
              "runs": {
                "batter": 0,
                "extras": 0,
                "total": 0
              }
            },
            {
              "batter": "F Nsubuga",
              "bowler": "MC Sorensen",
              "non_striker": "RG Okia",
              "runs": {
                "batter": 0,
                "extras": 0,
                "total": 0
              }
            },
            {
              "batter": "F Nsubuga",
              "bowler": "MC Sorensen",
              "non_striker": "RG Okia",
              "runs": {
                "batter": 1,
                "extras": 0,
                "total": 1
              }
            }
          ]
        },
        {
          "over": 16,
          "deliveries": [
            {
              "batter": "F Nsubuga",
              "bowler": "AR Cusack",
              "non_striker": "RG Okia",
              "runs": {
                "batter": 1,
                "extras": 0,
                "total": 1
              }
            },
            {
              "batter": "RG Okia",
              "bowler": "AR Cusack",
              "non_striker": "F Nsubuga",
              "runs": {
                "batter": 1,
                "extras": 0,
                "total": 1
              }
            },
            {
              "batter": "F Nsubuga",
              "bowler": "AR Cusack",
              "non_striker": "RG Okia",
              "runs": {
                "batter": 1,
                "extras": 0,
                "total": 1
              }
            },
            {
              "batter": "RG Okia",
              "bowler": "AR Cusack",
              "non_striker": "F Nsubuga",
              "runs": {
                "batter": 1,
                "extras": 0,
                "total": 1
              }
            },
            {
              "batter": "F Nsubuga",
              "bowler": "AR Cusack",
              "non_striker": "RG Okia",
              "runs": {
                "batter": 4,
                "extras": 0,
                "total": 4
              }
            },
            {
              "batter": "F Nsubuga",
              "bowler": "AR Cusack",
              "non_striker": "RG Okia",
              "runs": {
                "batter": 4,
                "extras": 0,
                "total": 4
              }
            }
          ]
        },
        {
          "over": 17,
          "deliveries": [
            {
              "batter": "RG Okia",
              "bowler": "MC Sorensen",
              "non_striker": "F Nsubuga",
              "runs": {
                "batter": 4,
                "extras": 0,
                "total": 4
              }
            },
            {
              "batter": "RG Okia",
              "bowler": "MC Sorensen",
              "non_striker": "F Nsubuga",
              "runs": {
                "batter": 0,
                "extras": 0,
                "total": 0
              },
              "wickets": [
                {
                  "kind": "bowled",
                  "player_out": "RG Okia"
                }
              ]
            },
            {
              "batter": "C Waiswa",
              "bowler": "MC Sorensen",
              "non_striker": "F Nsubuga",
              "runs": {
                "batter": 0,
                "extras": 0,
                "total": 0
              }
            },
            {
              "batter": "C Waiswa",
              "bowler": "MC Sorensen",
              "non_striker": "F Nsubuga",
              "runs": {
                "batter": 0,
                "extras": 0,
                "total": 0
              }
            },
            {
              "batter": "C Waiswa",
              "bowler": "MC Sorensen",
              "non_striker": "F Nsubuga",
              "runs": {
                "batter": 1,
                "extras": 0,
                "total": 1
              }
            },
            {
              "batter": "F Nsubuga",
              "bowler": "MC Sorensen",
              "non_striker": "C Waiswa",
              "runs": {
                "batter": 0,
                "extras": 0,
                "total": 0
              }
            }
          ]
        },
        {
          "over": 18,
          "deliveries": [
            {
              "batter": "C Waiswa",
              "bowler": "DT Johnston",
              "non_striker": "F Nsubuga",
              "runs": {
                "batter": 0,
                "extras": 0,
                "total": 0
              }
            },
            {
              "batter": "C Waiswa",
              "bowler": "DT Johnston",
              "non_striker": "F Nsubuga",
              "runs": {
                "batter": 2,
                "extras": 0,
                "total": 2
              }
            },
            {
              "batter": "C Waiswa",
              "bowler": "DT Johnston",
              "non_striker": "F Nsubuga",
              "runs": {
                "batter": 1,
                "extras": 0,
                "total": 1
              }
            },
            {
              "batter": "F Nsubuga",
              "bowler": "DT Johnston",
              "non_striker": "C Waiswa",
              "runs": {
                "batter": 0,
                "extras": 0,
                "total": 0
              }
            },
            {
              "batter": "F Nsubuga",
              "bowler": "DT Johnston",
              "non_striker": "C Waiswa",
              "runs": {
                "batter": 2,
                "extras": 0,
                "total": 2
              }
            },
            {
              "batter": "F Nsubuga",
              "bowler": "DT Johnston",
              "non_striker": "C Waiswa",
              "runs": {
                "batter": 1,
                "extras": 0,
                "total": 1
              }
            }
          ]
        },
        {
          "over": 19,
          "deliveries": [
            {
              "batter": "F Nsubuga",
              "bowler": "MC Sorensen",
              "non_striker": "C Waiswa",
              "runs": {
                "batter": 1,
                "extras": 0,
                "total": 1
              }
            },
            {
              "batter": "C Waiswa",
              "bowler": "MC Sorensen",
              "non_striker": "F Nsubuga",
              "runs": {
                "batter": 0,
                "extras": 0,
                "total": 0
              }
            },
            {
              "batter": "C Waiswa",
              "bowler": "MC Sorensen",
              "non_striker": "F Nsubuga",
              "runs": {
                "batter": 0,
                "extras": 0,
                "total": 0
              }
            },
            {
              "batter": "C Waiswa",
              "bowler": "MC Sorensen",
              "non_striker": "F Nsubuga",
              "runs": {
                "batter": 1,
                "extras": 0,
                "total": 1
              }
            },
            {
              "batter": "F Nsubuga",
              "bowler": "MC Sorensen",
              "non_striker": "C Waiswa",
              "runs": {
                "batter": 0,
                "extras": 0,
                "total": 0
              },
              "wickets": [
                {
                  "kind": "run out",
                  "player_out": "F Nsubuga",
                  "fielders": [
                    {
                      "name": "GC Wilson"
                    }
                  ]
                }
              ]
            },
            {
              "batter": "C Waiswa",
              "bowler": "MC Sorensen",
              "extras": {
                "byes": 1
              },
              "non_striker": "P Ochan",
              "runs": {
                "batter": 0,
                "extras": 1,
                "total": 1
              }
            }
          ]
        }
      ],
      "powerplays": [
        {
          "from": 0.1,
          "to": 5.6,
          "type": "mandatory"
        }
      ],
      "target": {
        "overs": 20,
        "runs": 148
      }
    }
  ]
}