{
  "meta": {
    "data_version": "1.0.0",
    "created": "2013-12-19",
    "revision": 2
  },
  "info": {
    "balls_per_over": 6,
    "dates": [
      "2013-11-19"
    ],
    "event": {
      "group": "B",
      "match_number": 30,
      "name": "ICC World Twenty20 Qualifier"
    },
    "gender": "male",
    "match_type": "IT20",
    "officials": {
      "match_referees": [
        "DT Jukes"
      ],
      "reserve_umpires": [
        "Iftikhar Ali"
      ],
      "umpires": [
        "CB Gaffaney",
        "Sarika Prasad"
      ]
    },
    "outcome": {
      "by": {
        "wickets": 7
      },
      "winner": "Nepal"
    },
    "overs": 20,
    "player_of_match": [
      "B Bhandari"
    ],
    "players": {
      "Nepal": [
        "SP Khakurel",
        "Sagar Pun",
        "G Malla",
        "P Khadka",
        "B Bhandari",
        "S Vesawkar",
        "PS Airee",
        "B Regmi",
        "SP Gauchan",
        "JK Mukhiya",
        "A Bhattarai"
      ],
      "Papua New Guinea": [
        "A Vala",
        "TP Ura",
        "K Pala",
        "GO Jones",
        "CN Kent",
        "CJA Amini",
        "MD Dai",
        "JNT Vare",
        "CR Amini",
        "N Vanua",
        "WT Gavera"
      ]
    },
    "registry": {
      "people": {
        "A Bhattarai": "2c2013a9",
        "A Vala": "72e60730",
        "B Bhandari": "82342b13",
        "B Regmi": "98d05440",
        "CB Gaffaney": "d5ac41d8",
        "CJA Amini": "4d84ad05",
        "CN Kent": "8eea5560",
        "CR Amini": "664189ff",
        "DT Jukes": "7c215d14",
        "G Malla": "b2e1d224",
        "GO Jones": "2e929b99",
        "Iftikhar Ali": "fc537391",
        "JK Mukhiya": "f8dcfe4e",
        "JNT Vare": "3e326efc",
        "K Pala": "f5b68485",
        "MD Dai": "5be810ba",
        "N Vanua": "a36915ce",
        "P Khadka": "12c3ba4d",
        "PS Airee": "cc18ba92",
        "S Vesawkar": "3de06845",
        "SP Gauchan": "2d8aae2f",
        "SP Khakurel": "9a6b71d1",
        "Sagar Pun": "3c4007d3",
        "Sarika Prasad": "8ff397fa",
        "TP Ura": "a82eb3fb",
        "WT Gavera": "7516045a"
      }
    },
    "season": "2013/14",
    "team_type": "international",
    "teams": [
      "Nepal",
      "Papua New Guinea"
    ],
    "toss": {
      "decision": "bat",
      "winner": "Papua New Guinea"
    },
    "venue": "Sharjah Cricket Stadium"
  },
  "innings": [
    {
      "team": "Papua New Guinea",
      "overs": [
        {
          "over": 0,
          "deliveries": [
            {
              "batter": "A Vala",
              "bowler": "A Bhattarai",
              "non_striker": "TP Ura",
              "runs": {
                "batter": 1,
                "extras": 0,
                "total": 1
              }
            },
            {
              "batter": "TP Ura",
              "bowler": "A Bhattarai",
              "non_striker": "A Vala",
              "runs": {
                "batter": 1,
                "extras": 0,
                "total": 1
              }
            },
            {
              "batter": "A Vala",
              "bowler": "A Bhattarai",
              "non_striker": "TP Ura",
              "runs": {
                "batter": 1,
                "extras": 0,
                "total": 1
              }
            },
            {
              "batter": "TP Ura",
              "bowler": "A Bhattarai",
              "non_striker": "A Vala",
              "runs": {
                "batter": 0,
                "extras": 0,
                "total": 0
              }
            },
            {
              "batter": "TP Ura",
              "bowler": "A Bhattarai",
              "non_striker": "A Vala",
              "runs": {
                "batter": 0,
                "extras": 0,
                "total": 0
              }
            },
            {
              "batter": "TP Ura",
              "bowler": "A Bhattarai",
              "non_striker": "A Vala",
              "runs": {
                "batter": 4,
                "extras": 0,
                "total": 4
              }
            }
          ]
        },
        {
          "over": 1,
          "deliveries": [
            {
              "batter": "A Vala",
              "bowler": "JK Mukhiya",
              "non_striker": "TP Ura",
              "runs": {
                "batter": 0,
                "extras": 0,
                "total": 0
              }
            },
            {
              "batter": "A Vala",
              "bowler": "JK Mukhiya",
              "non_striker": "TP Ura",
              "runs": {
                "batter": 0,
                "extras": 0,
                "total": 0
              }
            },
            {
              "batter": "A Vala",
              "bowler": "JK Mukhiya",
              "non_striker": "TP Ura",
              "runs": {
                "batter": 2,
                "extras": 0,
                "total": 2
              }
            },
            {
              "batter": "A Vala",
              "bowler": "JK Mukhiya",
              "non_striker": "TP Ura",
              "runs": {
                "batter": 4,
                "extras": 0,
                "total": 4
              }
            },
            {
              "batter": "A Vala",
              "bowler": "JK Mukhiya",
              "non_striker": "TP Ura",
              "runs": {
                "batter": 0,
                "extras": 0,
                "total": 0
              }
            },
            {
              "batter": "A Vala",
              "bowler": "JK Mukhiya",
              "non_striker": "TP Ura",
              "runs": {
                "batter": 1,
                "extras": 0,
                "total": 1
              }
            }
          ]
        },
        {
          "over": 2,
          "deliveries": [
            {
              "batter": "A Vala",
              "bowler": "A Bhattarai",
              "non_striker": "TP Ura",
              "runs": {
                "batter": 0,
                "extras": 0,
                "total": 0
              },
              "wickets": [
                {
                  "kind": "lbw",
                  "player_out": "A Vala"
                }
              ]
            },
            {
              "batter": "K Pala",
              "bowler": "A Bhattarai",
              "non_striker": "TP Ura",
              "runs": {
                "batter": 0,
                "extras": 0,
                "total": 0
              }
            },
            {
              "batter": "K Pala",
              "bowler": "A Bhattarai",
              "non_striker": "TP Ura",
              "runs": {
                "batter": 1,
                "extras": 0,
                "total": 1
              }
            },
            {
              "batter": "TP Ura",
              "bowler": "A Bhattarai",
              "non_striker": "K Pala",
              "runs": {
                "batter": 6,
                "extras": 0,
                "total": 6
              }
            },
            {
              "batter": "TP Ura",
              "bowler": "A Bhattarai",
              "non_striker": "K Pala",
              "runs": {
                "batter": 4,
                "extras": 0,
                "total": 4
              }
            },
            {
              "batter": "TP Ura",
              "bowler": "A Bhattarai",
              "non_striker": "K Pala",
              "runs": {
                "batter": 0,
                "extras": 0,
                "total": 0
              }
            }
          ]
        },
        {
          "over": 3,
          "deliveries": [
            {
              "batter": "K Pala",
              "bowler": "P Khadka",
              "non_striker": "TP Ura",
              "runs": {
                "batter": 0,
                "extras": 0,
                "total": 0
              },
              "wickets": [
                {
                  "kind": "bowled",
                  "player_out": "K Pala"
                }
              ]
            },
            {
              "batter": "GO Jones",
              "bowler": "P Khadka",
              "non_striker": "TP Ura",
              "runs": {
                "batter": 0,
                "extras": 0,
                "total": 0
              }
            },
            {
              "batter": "GO Jones",
              "bowler": "P Khadka",
              "non_striker": "TP Ura",
              "runs": {
                "batter": 0,
                "extras": 0,
                "total": 0
              }
            },
            {
              "batter": "GO Jones",
              "bowler": "P Khadka",
              "non_striker": "TP Ura",
              "runs": {
                "batter": 0,
                "extras": 0,
                "total": 0
              }
            },
            {
              "batter": "GO Jones",
              "bowler": "P Khadka",
              "non_striker": "TP Ura",
              "runs": {
                "batter": 0,
                "extras": 0,
                "total": 0
              }
            },
            {
              "batter": "GO Jones",
              "bowler": "P Khadka",
              "non_striker": "TP Ura",
              "runs": {
                "batter": 1,
                "extras": 0,
                "total": 1
              }
            }
          ]
        },
        {
          "over": 4,
          "deliveries": [
            {
              "batter": "GO Jones",
              "bowler": "JK Mukhiya",
              "non_striker": "TP Ura",
              "runs": {
                "batter": 0,
                "extras": 0,
                "total": 0
              }
            },
            {
              "batter": "GO Jones",
              "bowler": "JK Mukhiya",
              "non_striker": "TP Ura",
              "runs": {
                "batter": 0,
                "extras": 0,
                "total": 0
              }
            },
            {
              "batter": "GO Jones",
              "bowler": "JK Mukhiya",
              "non_striker": "TP Ura",
              "runs": {
                "batter": 0,
                "extras": 0,
                "total": 0
              }
            },
            {
              "batter": "GO Jones",
              "bowler": "JK Mukhiya",
              "non_striker": "TP Ura",
              "runs": {
                "batter": 1,
                "extras": 0,
                "total": 1
              }
            },
            {
              "batter": "TP Ura",
              "bowler": "JK Mukhiya",
              "non_striker": "GO Jones",
              "runs": {
                "batter": 1,
                "extras": 0,
                "total": 1
              }
            },
            {
              "batter": "GO Jones",
              "bowler": "JK Mukhiya",
              "non_striker": "TP Ura",
              "runs": {
                "batter": 1,
                "extras": 0,
                "total": 1
              }
            }
          ]
        },
        {
          "over": 5,
          "deliveries": [
            {
              "batter": "GO Jones",
              "bowler": "B Regmi",
              "non_striker": "TP Ura",
              "runs": {
                "batter": 0,
                "extras": 0,
                "total": 0
              }
            },
            {
              "batter": "GO Jones",
              "bowler": "B Regmi",
              "non_striker": "TP Ura",
              "runs": {
                "batter": 6,
                "extras": 0,
                "total": 6
              }
            },
            {
              "batter": "GO Jones",
              "bowler": "B Regmi",
              "non_striker": "TP Ura",
              "runs": {
                "batter": 1,
                "extras": 0,
                "total": 1
              }
            },
            {
              "batter": "TP Ura",
              "bowler": "B Regmi",
              "non_striker": "GO Jones",
              "runs": {
                "batter": 0,
                "extras": 0,
                "total": 0
              }
            },
            {
              "batter": "TP Ura",
              "bowler": "B Regmi",
              "non_striker": "GO Jones",
              "runs": {
                "batter": 4,
                "extras": 0,
                "total": 4
              }
            },
            {
              "batter": "TP Ura",
              "bowler": "B Regmi",
              "non_striker": "GO Jones",
              "runs": {
                "batter": 0,
                "extras": 0,
                "total": 0
              }
            }
          ]
        },
        {
          "over": 6,
          "deliveries": [
            {
              "batter": "GO Jones",
              "bowler": "SP Gauchan",
              "non_striker": "TP Ura",
              "runs": {
                "batter": 2,
                "extras": 0,
                "total": 2
              }
            },
            {
              "batter": "GO Jones",
              "bowler": "SP Gauchan",
              "non_striker": "TP Ura",
              "runs": {
                "batter": 1,
                "extras": 0,
                "total": 1
              }
            },
            {
              "batter": "TP Ura",
              "bowler": "SP Gauchan",
              "non_striker": "GO Jones",
              "runs": {
                "batter": 1,
                "extras": 0,
                "total": 1
              }
            },
            {
              "batter": "GO Jones",
              "bowler": "SP Gauchan",
              "non_striker": "TP Ura",
              "runs": {
                "batter": 0,
                "extras": 0,
                "total": 0
              }
            },
            {
              "batter": "GO Jones",
              "bowler": "SP Gauchan",
              "non_striker": "TP Ura",
              "runs": {
                "batter": 1,
                "extras": 0,
                "total": 1
              }
            },
            {
              "batter": "TP Ura",
              "bowler": "SP Gauchan",
              "non_striker": "GO Jones",
              "runs": {
                "batter": 1,
                "extras": 0,
                "total": 1
              }
            }
          ]
        },
        {
          "over": 7,
          "deliveries": [
            {
              "batter": "TP Ura",
              "bowler": "P Khadka",
              "non_striker": "GO Jones",
              "runs": {
                "batter": 0,
                "extras": 0,
                "total": 0
              },
              "wickets": [
                {
                  "kind": "stumped",
                  "player_out": "TP Ura",
                  "fielders": [
                    {
                      "name": "SP Khakurel"
                    }
                  ]
                }
              ]
            },
            {
              "batter": "CN Kent",
              "bowler": "P Khadka",
              "non_striker": "GO Jones",
              "runs": {
                "batter": 1,
                "extras": 0,
                "total": 1
              }
            },
            {
              "batter": "GO Jones",
              "bowler": "P Khadka",
              "non_striker": "CN Kent",
              "runs": {
                "batter": 0,
                "extras": 0,
                "total": 0
              }
            },
            {
              "batter": "GO Jones",
              "bowler": "P Khadka",
              "non_striker": "CN Kent",
              "runs": {
                "batter": 2,
                "extras": 0,
                "total": 2
              }
            },
            {
              "batter": "GO Jones",
              "bowler": "P Khadka",
              "non_striker": "CN Kent",
              "runs": {
                "batter": 6,
                "extras": 0,
                "total": 6
              }
            },
            {
              "batter": "GO Jones",
              "bowler": "P Khadka",
              "non_striker": "CN Kent",
              "runs": {
                "batter": 1,
                "extras": 0,
                "total": 1
              }
            }
          ]
        },
        {
          "over": 8,
          "deliveries": [
            {
              "batter": "GO Jones",
              "bowler": "SP Gauchan",
              "non_striker": "CN Kent",
              "runs": {
                "batter": 0,
                "extras": 0,
                "total": 0
              }
            },
            {
              "batter": "GO Jones",
              "bowler": "SP Gauchan",
              "non_striker": "CN Kent",
              "runs": {
                "batter": 1,
                "extras": 0,
                "total": 1
              }
            },
            {
              "batter": "CN Kent",
              "bowler": "SP Gauchan",
              "non_striker": "GO Jones",
              "runs": {
                "batter": 0,
                "extras": 0,
                "total": 0
              }
            },
            {
              "batter": "CN Kent",
              "bowler": "SP Gauchan",
              "non_striker": "GO Jones",
              "runs": {
                "batter": 0,
                "extras": 0,
                "total": 0
              }
            },
            {
              "batter": "CN Kent",
              "bowler": "SP Gauchan",
              "non_striker": "GO Jones",
              "runs": {
                "batter": 0,
                "extras": 0,
                "total": 0
              }
            },
            {
              "batter": "CN Kent",
              "bowler": "SP Gauchan",
              "non_striker": "GO Jones",
              "runs": {
                "batter": 1,
                "extras": 0,
                "total": 1
              }
            }
          ]
        },
        {
          "over": 9,
          "deliveries": [
            {
              "batter": "CN Kent",
              "bowler": "P Khadka",
              "non_striker": "GO Jones",
              "runs": {
                "batter": 1,
                "extras": 0,
                "total": 1
              }
            },
            {
              "batter": "GO Jones",
              "bowler": "P Khadka",
              "non_striker": "CN Kent",
              "runs": {
                "batter": 0,
                "extras": 0,
                "total": 0
              }
            },
            {
              "batter": "GO Jones",
              "bowler": "P Khadka",
              "non_striker": "CN Kent",
              "runs": {
                "batter": 1,
                "extras": 0,
                "total": 1
              }
            },
            {
              "batter": "CN Kent",
              "bowler": "P Khadka",
              "non_striker": "GO Jones",
              "runs": {
                "batter": 0,
                "extras": 0,
                "total": 0
              },
              "wickets": [
                {
                  "kind": "caught",
                  "player_out": "CN Kent",
                  "fielders": [
                    {
                      "name": "G Malla"
                    }
                  ]
                }
              ]
            },
            {
              "batter": "GO Jones",
              "bowler": "P Khadka",
              "non_striker": "CJA Amini",
              "runs": {
                "batter": 0,
                "extras": 0,
                "total": 0
              }
            },
            {
              "batter": "GO Jones",
              "bowler": "P Khadka",
              "non_striker": "CJA Amini",
              "runs": {
                "batter": 1,
                "extras": 0,
                "total": 1
              }
            }
          ]
        },
        {
          "over": 10,
          "deliveries": [
            {
              "batter": "GO Jones",
              "bowler": "B Regmi",
              "non_striker": "CJA Amini",
              "runs": {
                "batter": 1,
                "extras": 0,
                "total": 1
              }
            },
            {
              "batter": "CJA Amini",
              "bowler": "B Regmi",
              "non_striker": "GO Jones",
              "runs": {
                "batter": 0,
                "extras": 0,
                "total": 0
              }
            },
            {
              "batter": "CJA Amini",
              "bowler": "B Regmi",
              "non_striker": "GO Jones",
              "runs": {
                "batter": 1,
                "extras": 0,
                "total": 1
              }
            },
            {
              "batter": "GO Jones",
              "bowler": "B Regmi",
              "non_striker": "CJA Amini",
              "runs": {
                "batter": 1,
                "extras": 0,
                "total": 1
              }
            },
            {
              "batter": "CJA Amini",
              "bowler": "B Regmi",
              "non_striker": "GO Jones",
              "runs": {
                "batter": 1,
                "extras": 0,
                "total": 1
              }
            },
            {
              "batter": "GO Jones",
              "bowler": "B Regmi",
              "non_striker": "CJA Amini",
              "runs": {
                "batter": 1,
                "extras": 0,
                "total": 1
              }
            }
          ]
        },
        {
          "over": 11,
          "deliveries": [
            {
              "batter": "GO Jones",
              "bowler": "Sagar Pun",
              "non_striker": "CJA Amini",
              "runs": {
                "batter": 0,
                "extras": 0,
                "total": 0
              }
            },
            {
              "batter": "GO Jones",
              "bowler": "Sagar Pun",
              "non_striker": "CJA Amini",
              "runs": {
                "batter": 2,
                "extras": 0,
                "total": 2
              }
            },
            {
              "batter": "GO Jones",
              "bowler": "Sagar Pun",
              "non_striker": "CJA Amini",
              "runs": {
                "batter": 6,
                "extras": 0,
                "total": 6
              }
            },
            {
              "batter": "GO Jones",
              "bowler": "Sagar Pun",
              "non_striker": "CJA Amini",
              "runs": {
                "batter": 0,
                "extras": 0,
                "total": 0
              }
            },
            {
              "batter": "GO Jones",
              "bowler": "Sagar Pun",
              "non_striker": "CJA Amini",
              "runs": {
                "batter": 0,
                "extras": 0,
                "total": 0
              }
            },
            {
              "batter": "GO Jones",
              "bowler": "Sagar Pun",
              "non_striker": "CJA Amini",
              "runs": {
                "batter": 1,
                "extras": 0,
                "total": 1
              }
            }
          ]
        },
        {
          "over": 12,
          "deliveries": [
            {
              "batter": "GO Jones",
              "bowler": "A Bhattarai",
              "extras": {
                "legbyes": 1
              },
              "non_striker": "CJA Amini",
              "runs": {
                "batter": 0,
                "extras": 1,
                "total": 1
              }
            },
            {
              "batter": "CJA Amini",
              "bowler": "A Bhattarai",
              "non_striker": "GO Jones",
              "runs": {
                "batter": 1,
                "extras": 0,
                "total": 1
              }
            },
            {
              "batter": "GO Jones",
              "bowler": "A Bhattarai",
              "non_striker": "CJA Amini",
              "runs": {
                "batter": 0,
                "extras": 0,
                "total": 0
              }
            },
            {
              "batter": "GO Jones",
              "bowler": "A Bhattarai",
              "non_striker": "CJA Amini",
              "runs": {
                "batter": 0,
                "extras": 0,
                "total": 0
              }
            },
            {
              "batter": "GO Jones",
              "bowler": "A Bhattarai",
              "non_striker": "CJA Amini",
              "runs": {
                "batter": 1,
                "extras": 0,
                "total": 1
              }
            },
            {
              "batter": "CJA Amini",
              "bowler": "A Bhattarai",
              "non_striker": "GO Jones",
              "runs": {
                "batter": 0,
                "extras": 0,
                "total": 0
              },
              "wickets": [
                {
                  "kind": "caught",
                  "player_out": "CJA Amini",
                  "fielders": [
                    {
                      "name": "P Khadka"
                    }
                  ]
                }
              ]
            }
          ]
        },
        {
          "over": 13,
          "deliveries": [
            {
              "batter": "GO Jones",
              "bowler": "SP Gauchan",
              "non_striker": "MD Dai",
              "runs": {
                "batter": 1,
                "extras": 0,
                "total": 1
              }
            },
            {
              "batter": "MD Dai",
              "bowler": "SP Gauchan",
              "non_striker": "GO Jones",
              "runs": {
                "batter": 1,
                "extras": 0,
                "total": 1
              }
            },
            {
              "batter": "GO Jones",
              "bowler": "SP Gauchan",
              "non_striker": "MD Dai",
              "runs": {
                "batter": 1,
                "extras": 0,
                "total": 1
              }
            },
            {
              "batter": "MD Dai",
              "bowler": "SP Gauchan",
              "non_striker": "GO Jones",
              "runs": {
                "batter": 0,
                "extras": 0,
                "total": 0
              }
            },
            {
              "batter": "MD Dai",
              "bowler": "SP Gauchan",
              "non_striker": "GO Jones",
              "runs": {
                "batter": 1,
                "extras": 0,
                "total": 1
              }
            },
            {
              "batter": "GO Jones",
              "bowler": "SP Gauchan",
              "non_striker": "MD Dai",
              "runs": {
                "batter": 1,
                "extras": 0,
                "total": 1
              }
            }
          ]
        },
        {
          "over": 14,
          "deliveries": [
            {
              "batter": "GO Jones",
              "bowler": "B Regmi",
              "non_striker": "MD Dai",
              "runs": {
                "batter": 1,
                "extras": 0,
                "total": 1
              }
            },
            {
              "batter": "MD Dai",
              "bowler": "B Regmi",
              "non_striker": "GO Jones",
              "runs": {
                "batter": 6,
                "extras": 0,
                "total": 6
              }
            },
            {
              "batter": "MD Dai",
              "bowler": "B Regmi",
              "non_striker": "GO Jones",
              "runs": {
                "batter": 1,
                "extras": 0,
                "total": 1
              }
            },
            {
              "batter": "GO Jones",
              "bowler": "B Regmi",
              "non_striker": "MD Dai",
              "runs": {
                "batter": 1,
                "extras": 0,
                "total": 1
              }
            },
            {
              "batter": "MD Dai",
              "bowler": "B Regmi",
              "non_striker": "GO Jones",
              "runs": {
                "batter": 0,
                "extras": 0,
                "total": 0
              }
            },
            {
              "batter": "MD Dai",
              "bowler": "B Regmi",
              "non_striker": "GO Jones",
              "runs": {
                "batter": 1,
                "extras": 0,
                "total": 1
              }
            }
          ]
        },
        {
          "over": 15,
          "deliveries": [
            {
              "batter": "MD Dai",
              "bowler": "P Khadka",
              "non_striker": "GO Jones",
              "runs": {
                "batter": 1,
                "extras": 0,
                "total": 1
              }
            },
            {
              "batter": "GO Jones",
              "bowler": "P Khadka",
              "non_striker": "MD Dai",
              "runs": {
                "batter": 1,
                "extras": 0,
                "total": 1
              }
            },
            {
              "batter": "MD Dai",
              "bowler": "P Khadka",
              "non_striker": "GO Jones",
              "runs": {
                "batter": 1,
                "extras": 0,
                "total": 1
              }
            },
            {
              "batter": "GO Jones",
              "bowler": "P Khadka",
              "non_striker": "MD Dai",
              "runs": {
                "batter": 0,
                "extras": 0,
                "total": 0
              }
            },
            {
              "batter": "GO Jones",
              "bowler": "P Khadka",
              "non_striker": "MD Dai",
              "runs": {
                "batter": 1,
                "extras": 0,
                "total": 1
              }
            },
            {
              "batter": "MD Dai",
              "bowler": "P Khadka",
              "non_striker": "GO Jones",
              "runs": {
                "batter": 4,
                "extras": 0,
                "total": 4
              }
            }
          ]
        },
        {
          "over": 16,
          "deliveries": [
            {
              "batter": "GO Jones",
              "bowler": "SP Gauchan",
              "non_striker": "MD Dai",
              "runs": {
                "batter": 6,
                "extras": 0,
                "total": 6
              }
            },
            {
              "batter": "GO Jones",
              "bowler": "SP Gauchan",
              "non_striker": "MD Dai",
              "runs": {
                "batter": 1,
                "extras": 0,
                "total": 1
              }
            },
            {
              "batter": "MD Dai",
              "bowler": "SP Gauchan",
              "non_striker": "GO Jones",
              "runs": {
                "batter": 1,
                "extras": 0,
                "total": 1
              }
            },
            {
              "batter": "GO Jones",
              "bowler": "SP Gauchan",
              "non_striker": "MD Dai",
              "runs": {
                "batter": 1,
                "extras": 0,
                "total": 1
              }
            },
            {
              "batter": "MD Dai",
              "bowler": "SP Gauchan",
              "non_striker": "GO Jones",
              "runs": {
                "batter": 1,
                "extras": 0,
                "total": 1
              }
            },
            {
              "batter": "GO Jones",
              "bowler": "SP Gauchan",
              "non_striker": "MD Dai",
              "runs": {
                "batter": 1,
                "extras": 0,
                "total": 1
              }
            }
          ]
        },
        {
          "over": 17,
          "deliveries": [
            {
              "batter": "GO Jones",
              "bowler": "JK Mukhiya",
              "non_striker": "MD Dai",
              "runs": {
                "batter": 0,
                "extras": 0,
                "total": 0
              },
              "wickets": [
                {
                  "kind": "caught",
                  "player_out": "GO Jones",
                  "fielders": [
                    {
                      "name": "P Khadka"
                    }
                  ]
                }
              ]
            },
            {
              "batter": "MD Dai",
              "bowler": "JK Mukhiya",
              "non_striker": "JNT Vare",
              "runs": {
                "batter": 1,
                "extras": 0,
                "total": 1
              }
            },
            {
              "batter": "JNT Vare",
              "bowler": "JK Mukhiya",
              "non_striker": "MD Dai",
              "runs": {
                "batter": 1,
                "extras": 0,
                "total": 1
              }
            },
            {
              "batter": "MD Dai",
              "bowler": "JK Mukhiya",
              "non_striker": "JNT Vare",
              "runs": {
                "batter": 1,
                "extras": 0,
                "total": 1
              }
            },
            {
              "batter": "JNT Vare",
              "bowler": "JK Mukhiya",
              "non_striker": "MD Dai",
              "runs": {
                "batter": 1,
                "extras": 0,
                "total": 1
              }
            },
            {
              "batter": "MD Dai",
              "bowler": "JK Mukhiya",
              "non_striker": "JNT Vare",
              "runs": {
                "batter": 2,
                "extras": 0,
                "total": 2
              }
            }
          ]
        },
        {
          "over": 18,
          "deliveries": [
            {
              "batter": "JNT Vare",
              "bowler": "A Bhattarai",
              "non_striker": "MD Dai",
              "runs": {
                "batter": 4,
                "extras": 0,
                "total": 4
              }
            },
            {
              "batter": "JNT Vare",
              "bowler": "A Bhattarai",
              "non_striker": "MD Dai",
              "runs": {
                "batter": 0,
                "extras": 0,
                "total": 0
              }
            },
            {
              "batter": "JNT Vare",
              "bowler": "A Bhattarai",
              "non_striker": "MD Dai",
              "runs": {
                "batter": 1,
                "extras": 0,
                "total": 1
              }
            },
            {
              "batter": "MD Dai",
              "bowler": "A Bhattarai",
              "extras": {
                "legbyes": 1
              },
              "non_striker": "JNT Vare",
              "runs": {
                "batter": 0,
                "extras": 1,
                "total": 1
              }
            },
            {
              "batter": "JNT Vare",
              "bowler": "A Bhattarai",
              "non_striker": "MD Dai",
              "runs": {
                "batter": 1,
                "extras": 0,
                "total": 1
              }
            },
            {
              "batter": "MD Dai",
              "bowler": "A Bhattarai",
              "non_striker": "JNT Vare",
              "runs": {
                "batter": 1,
                "extras": 0,
                "total": 1
              }
            }
          ]
        },
        {
          "over": 19,
          "deliveries": [
            {
              "batter": "MD Dai",
              "bowler": "JK Mukhiya",
              "non_striker": "JNT Vare",
              "runs": {
                "batter": 0,
                "extras": 0,
                "total": 0
              }
            },
            {
              "batter": "MD Dai",
              "bowler": "JK Mukhiya",
              "non_striker": "JNT Vare",
              "runs": {
                "batter": 6,
                "extras": 0,
                "total": 6
              }
            },
            {
              "batter": "MD Dai",
              "bowler": "JK Mukhiya",
              "non_striker": "JNT Vare",
              "runs": {
                "batter": 2,
                "extras": 0,
                "total": 2
              }
            },
            {
              "batter": "MD Dai",
              "bowler": "JK Mukhiya",
              "non_striker": "JNT Vare",
              "runs": {
                "batter": 1,
                "extras": 0,
                "total": 1
              }
            },
            {
              "batter": "JNT Vare",
              "bowler": "JK Mukhiya",
              "non_striker": "MD Dai",
              "runs": {
                "batter": 1,
                "extras": 0,
                "total": 1
              }
            },
            {
              "batter": "MD Dai",
              "bowler": "JK Mukhiya",
              "non_striker": "JNT Vare",
              "runs": {
                "batter": 4,
                "extras": 0,
                "total": 4
              }
            }
          ]
        }
      ],
      "powerplays": [
        {
          "from": 0.1,
          "to": 5.6,
          "type": "mandatory"
        }
      ]
    },
    {
      "team": "Nepal",
      "overs": [
        {
          "over": 0,
          "deliveries": [
            {
              "batter": "SP Khakurel",
              "bowler": "N Vanua",
              "non_striker": "Sagar Pun",
              "runs": {
                "batter": 0,
                "extras": 0,
                "total": 0
              }
            },
            {
              "batter": "SP Khakurel",
              "bowler": "N Vanua",
              "non_striker": "Sagar Pun",
              "runs": {
                "batter": 1,
                "extras": 0,
                "total": 1
              }
            },
            {
              "batter": "Sagar Pun",
              "bowler": "N Vanua",
              "extras": {
                "wides": 1
              },
              "non_striker": "SP Khakurel",
              "runs": {
                "batter": 0,
                "extras": 1,
                "total": 1
              }
            },
            {
              "batter": "Sagar Pun",
              "bowler": "N Vanua",
              "non_striker": "SP Khakurel",
              "runs": {
                "batter": 1,
                "extras": 0,
                "total": 1
              }
            },
            {
              "batter": "SP Khakurel",
              "bowler": "N Vanua",
              "non_striker": "Sagar Pun",
              "runs": {
                "batter": 0,
                "extras": 0,
                "total": 0
              }
            },
            {
              "batter": "SP Khakurel",
              "bowler": "N Vanua",
              "extras": {
                "wides": 1
              },
              "non_striker": "Sagar Pun",
              "runs": {
                "batter": 0,
                "extras": 1,
                "total": 1
              }
            },
            {
              "batter": "SP Khakurel",
              "bowler": "N Vanua",
              "non_striker": "Sagar Pun",
              "runs": {
                "batter": 1,
                "extras": 0,
                "total": 1
              }
            },
            {
              "batter": "Sagar Pun",
              "bowler": "N Vanua",
              "non_striker": "SP Khakurel",
              "runs": {
                "batter": 6,
                "extras": 0,
                "total": 6
              }
            }
          ]
        },
        {
          "over": 1,
          "deliveries": [
            {
              "batter": "SP Khakurel",
              "bowler": "WT Gavera",
              "non_striker": "Sagar Pun",
              "runs": {
                "batter": 1,
                "extras": 0,
                "total": 1
              }
            },
            {
              "batter": "Sagar Pun",
              "bowler": "WT Gavera",
              "non_striker": "SP Khakurel",
              "runs": {
                "batter": 0,
                "extras": 0,
                "total": 0
              }
            },
            {
              "batter": "Sagar Pun",
              "bowler": "WT Gavera",
              "non_striker": "SP Khakurel",
              "runs": {
                "batter": 0,
                "extras": 0,
                "total": 0
              }
            },
            {
              "batter": "Sagar Pun",
              "bowler": "WT Gavera",
              "non_striker": "SP Khakurel",
              "runs": {
                "batter": 0,
                "extras": 0,
                "total": 0
              }
            },
            {
              "batter": "Sagar Pun",
              "bowler": "WT Gavera",
              "non_striker": "SP Khakurel",
              "runs": {
                "batter": 0,
                "extras": 0,
                "total": 0
              }
            },
            {
              "batter": "Sagar Pun",
              "bowler": "WT Gavera",
              "non_striker": "SP Khakurel",
              "runs": {
                "batter": 0,
                "extras": 0,
                "total": 0
              }
            }
          ]
        },
        {
          "over": 2,
          "deliveries": [
            {
              "batter": "SP Khakurel",
              "bowler": "N Vanua",
              "extras": {
                "wides": 1
              },
              "non_striker": "Sagar Pun",
              "runs": {
                "batter": 0,
                "extras": 1,
                "total": 1
              }
            },
            {
              "batter": "SP Khakurel",
              "bowler": "N Vanua",
              "non_striker": "Sagar Pun",
              "runs": {
                "batter": 4,
                "extras": 0,
                "total": 4
              }
            },
            {
              "batter": "SP Khakurel",
              "bowler": "N Vanua",
              "non_striker": "Sagar Pun",
              "runs": {
                "batter": 0,
                "extras": 0,
                "total": 0
              }
            },
            {
              "batter": "SP Khakurel",
              "bowler": "N Vanua",
              "non_striker": "Sagar Pun",
              "runs": {
                "batter": 1,
                "extras": 0,
                "total": 1
              }
            },
            {
              "batter": "Sagar Pun",
              "bowler": "N Vanua",
              "non_striker": "SP Khakurel",
              "runs": {
                "batter": 0,
                "extras": 0,
                "total": 0
              }
            },
            {
              "batter": "Sagar Pun",
              "bowler": "N Vanua",
              "non_striker": "SP Khakurel",
              "runs": {
                "batter": 0,
                "extras": 0,
                "total": 0
              }
            },
            {
              "batter": "Sagar Pun",
              "bowler": "N Vanua",
              "non_striker": "SP Khakurel",
              "runs": {
                "batter": 2,
                "extras": 0,
                "total": 2
              }
            }
          ]
        },
        {
          "over": 3,
          "deliveries": [
            {
              "batter": "SP Khakurel",
              "bowler": "WT Gavera",
              "non_striker": "Sagar Pun",
              "runs": {
                "batter": 0,
                "extras": 0,
                "total": 0
              }
            },
            {
              "batter": "SP Khakurel",
              "bowler": "WT Gavera",
              "non_striker": "Sagar Pun",
              "runs": {
                "batter": 0,
                "extras": 0,
                "total": 0
              }
            },
            {
              "batter": "SP Khakurel",
              "bowler": "WT Gavera",
              "non_striker": "Sagar Pun",
              "runs": {
                "batter": 0,
                "extras": 0,
                "total": 0
              }
            },
            {
              "batter": "SP Khakurel",
              "bowler": "WT Gavera",
              "non_striker": "Sagar Pun",
              "runs": {
                "batter": 2,
                "extras": 0,
                "total": 2
              }
            },
            {
              "batter": "SP Khakurel",
              "bowler": "WT Gavera",
              "non_striker": "Sagar Pun",
              "runs": {
                "batter": 4,
                "extras": 0,
                "total": 4
              }
            },
            {
              "batter": "SP Khakurel",
              "bowler": "WT Gavera",
              "non_striker": "Sagar Pun",
              "runs": {
                "batter": 1,
                "extras": 0,
                "total": 1
              }
            }
          ]
        },
        {
          "over": 4,
          "deliveries": [
            {
              "batter": "SP Khakurel",
              "bowler": "CR Amini",
              "non_striker": "Sagar Pun",
              "runs": {
                "batter": 0,
                "extras": 0,
                "total": 0
              }
            },
            {
              "batter": "SP Khakurel",
              "bowler": "CR Amini",
              "non_striker": "Sagar Pun",
              "runs": {
                "batter": 0,
                "extras": 0,
                "total": 0
              }
            },
            {
              "batter": "SP Khakurel",
              "bowler": "CR Amini",
              "non_striker": "Sagar Pun",
              "runs": {
                "batter": 0,
                "extras": 0,
                "total": 0
              }
            },
            {
              "batter": "SP Khakurel",
              "bowler": "CR Amini",
              "non_striker": "Sagar Pun",
              "runs": {
                "batter": 6,
                "extras": 0,
                "total": 6
              }
            },
            {
              "batter": "SP Khakurel",
              "bowler": "CR Amini",
              "non_striker": "Sagar Pun",
              "runs": {
                "batter": 0,
                "extras": 0,
                "total": 0
              }
            },
            {
              "batter": "SP Khakurel",
              "bowler": "CR Amini",
              "non_striker": "Sagar Pun",
              "runs": {
                "batter": 0,
                "extras": 0,
                "total": 0
              }
            }
          ]
        },
        {
          "over": 5,
          "deliveries": [
            {
              "batter": "Sagar Pun",
              "bowler": "MD Dai",
              "non_striker": "SP Khakurel",
              "runs": {
                "batter": 0,
                "extras": 0,
                "total": 0
              }
            },
            {
              "batter": "Sagar Pun",
              "bowler": "MD Dai",
              "non_striker": "SP Khakurel",
              "runs": {
                "batter": 1,
                "extras": 0,
                "total": 1
              }
            },
            {
              "batter": "SP Khakurel",
              "bowler": "MD Dai",
              "non_striker": "Sagar Pun",
              "runs": {
                "batter": 0,
                "extras": 0,
                "total": 0
              }
            },
            {
              "batter": "SP Khakurel",
              "bowler": "MD Dai",
              "non_striker": "Sagar Pun",
              "runs": {
                "batter": 1,
                "extras": 0,
                "total": 1
              }
            },
            {
              "batter": "Sagar Pun",
              "bowler": "MD Dai",
              "non_striker": "SP Khakurel",
              "runs": {
                "batter": 0,
                "extras": 0,
                "total": 0
              }
            },
            {
              "batter": "Sagar Pun",
              "bowler": "MD Dai",
              "non_striker": "SP Khakurel",
              "runs": {
                "batter": 0,
                "extras": 0,
                "total": 0
              }
            }
          ]
        },
        {
          "over": 6,
          "deliveries": [
            {
              "batter": "SP Khakurel",
              "bowler": "CJA Amini",
              "non_striker": "Sagar Pun",
              "runs": {
                "batter": 1,
                "extras": 0,
                "total": 1
              }
            },
            {
              "batter": "Sagar Pun",
              "bowler": "CJA Amini",
              "non_striker": "SP Khakurel",
              "runs": {
                "batter": 0,
                "extras": 0,
                "total": 0
              }
            },
            {
              "batter": "Sagar Pun",
              "bowler": "CJA Amini",
              "non_striker": "SP Khakurel",
              "runs": {
                "batter": 0,
                "extras": 0,
                "total": 0
              }
            },
            {
              "batter": "Sagar Pun",
              "bowler": "CJA Amini",
              "non_striker": "SP Khakurel",
              "runs": {
                "batter": 0,
                "extras": 0,
                "total": 0
              },
              "wickets": [
                {
                  "kind": "bowled",
                  "player_out": "Sagar Pun"
                }
              ]
            },
            {
              "batter": "G Malla",
              "bowler": "CJA Amini",
              "non_striker": "SP Khakurel",
              "runs": {
                "batter": 0,
                "extras": 0,
                "total": 0
              }
            },
            {
              "batter": "G Malla",
              "bowler": "CJA Amini",
              "non_striker": "SP Khakurel",
              "runs": {
                "batter": 0,
                "extras": 0,
                "total": 0
              }
            }
          ]
        },
        {
          "over": 7,
          "deliveries": [
            {
              "batter": "SP Khakurel",
              "bowler": "MD Dai",
              "non_striker": "G Malla",
              "runs": {
                "batter": 1,
                "extras": 0,
                "total": 1
              }
            },
            {
              "batter": "G Malla",
              "bowler": "MD Dai",
              "non_striker": "SP Khakurel",
              "runs": {
                "batter": 1,
                "extras": 0,
                "total": 1
              }
            },
            {
              "batter": "SP Khakurel",
              "bowler": "MD Dai",
              "non_striker": "G Malla",
              "runs": {
                "batter": 1,
                "extras": 0,
                "total": 1
              }
            },
            {
              "batter": "G Malla",
              "bowler": "MD Dai",
              "non_striker": "SP Khakurel",
              "runs": {
                "batter": 1,
                "extras": 0,
                "total": 1
              }
            },
            {
              "batter": "SP Khakurel",
              "bowler": "MD Dai",
              "non_striker": "G Malla",
              "runs": {
                "batter": 0,
                "extras": 0,
                "total": 0
              }
            },
            {
              "batter": "SP Khakurel",
              "bowler": "MD Dai",
              "non_striker": "G Malla",
              "runs": {
                "batter": 1,
                "extras": 0,
                "total": 1
              }
            }
          ]
        },
        {
          "over": 8,
          "deliveries": [
            {
              "batter": "SP Khakurel",
              "bowler": "CJA Amini",
              "non_striker": "G Malla",
              "runs": {
                "batter": 1,
                "extras": 0,
                "total": 1
              }
            },
            {
              "batter": "G Malla",
              "bowler": "CJA Amini",
              "non_striker": "SP Khakurel",
              "runs": {
                "batter": 1,
                "extras": 0,
                "total": 1
              }
            },
            {
              "batter": "SP Khakurel",
              "bowler": "CJA Amini",
              "non_striker": "G Malla",
              "runs": {
                "batter": 0,
                "extras": 0,
                "total": 0
              }
            },
            {
              "batter": "SP Khakurel",
              "bowler": "CJA Amini",
              "non_striker": "G Malla",
              "runs": {
                "batter": 4,
                "extras": 0,
                "total": 4
              }
            },
            {
              "batter": "SP Khakurel",
              "bowler": "CJA Amini",
              "non_striker": "G Malla",
              "runs": {
                "batter": 0,
                "extras": 0,
                "total": 0
              }
            },
            {
              "batter": "SP Khakurel",
              "bowler": "CJA Amini",
              "non_striker": "G Malla",
              "runs": {
                "batter": 4,
                "extras": 0,
                "total": 4
              }
            }
          ]
        },
        {
          "over": 9,
          "deliveries": [
            {
              "batter": "G Malla",
              "bowler": "A Vala",
              "non_striker": "SP Khakurel",
              "runs": {
                "batter": 1,
                "extras": 0,
                "total": 1
              }
            },
            {
              "batter": "SP Khakurel",
              "bowler": "A Vala",
              "non_striker": "G Malla",
              "runs": {
                "batter": 1,
                "extras": 0,
                "total": 1
              }
            },
            {
              "batter": "G Malla",
              "bowler": "A Vala",
              "non_striker": "SP Khakurel",
              "runs": {
                "batter": 1,
                "extras": 0,
                "total": 1
              }
            },
            {
              "batter": "SP Khakurel",
              "bowler": "A Vala",
              "non_striker": "G Malla",
              "runs": {
                "batter": 1,
                "extras": 0,
                "total": 1
              }
            },
            {
              "batter": "G Malla",
              "bowler": "A Vala",
              "non_striker": "SP Khakurel",
              "runs": {
                "batter": 0,
                "extras": 0,
                "total": 0
              }
            },
            {
              "batter": "G Malla",
              "bowler": "A Vala",
              "non_striker": "SP Khakurel",
              "runs": {
                "batter": 0,
                "extras": 0,
                "total": 0
              }
            }
          ]
        },
        {
          "over": 10,
          "deliveries": [
            {
              "batter": "SP Khakurel",
              "bowler": "CJA Amini",
              "non_striker": "G Malla",
              "runs": {
                "batter": 0,
                "extras": 0,
                "total": 0
              }
            },
            {
              "batter": "SP Khakurel",
              "bowler": "CJA Amini",
              "extras": {
                "wides": 1
              },
              "non_striker": "G Malla",
              "runs": {
                "batter": 0,
                "extras": 1,
                "total": 1
              }
            },
            {
              "batter": "SP Khakurel",
              "bowler": "CJA Amini",
              "non_striker": "G Malla",
              "runs": {
                "batter": 0,
                "extras": 0,
                "total": 0
              }
            },
            {
              "batter": "SP Khakurel",
              "bowler": "CJA Amini",
              "non_striker": "G Malla",
              "runs": {
                "batter": 1,
                "extras": 0,
                "total": 1
              }
            },
            {
              "batter": "G Malla",
              "bowler": "CJA Amini",
              "non_striker": "SP Khakurel",
              "runs": {
                "batter": 0,
                "extras": 0,
                "total": 0
              },
              "wickets": [
                {
                  "kind": "run out",
                  "player_out": "SP Khakurel",
                  "fielders": [
                    {
                      "name": "TP Ura"
                    }
                  ]
                }
              ]
            },
            {
              "batter": "P Khadka",
              "bowler": "CJA Amini",
              "non_striker": "G Malla",
              "runs": {
                "batter": 1,
                "extras": 0,
                "total": 1
              }
            },
            {
              "batter": "G Malla",
              "bowler": "CJA Amini",
              "non_striker": "P Khadka",
              "runs": {
                "batter": 4,
                "extras": 0,
                "total": 4
              }
            }
          ]
        },
        {
          "over": 11,
          "deliveries": [
            {
              "batter": "P Khadka",
              "bowler": "A Vala",
              "non_striker": "G Malla",
              "runs": {
                "batter": 0,
                "extras": 0,
                "total": 0
              }
            },
            {
              "batter": "P Khadka",
              "bowler": "A Vala",
              "non_striker": "G Malla",
              "runs": {
                "batter": 0,
                "extras": 0,
                "total": 0
              }
            },
            {
              "batter": "P Khadka",
              "bowler": "A Vala",
              "non_striker": "G Malla",
              "runs": {
                "batter": 1,
                "extras": 0,
                "total": 1
              }
            },
            {
              "batter": "G Malla",
              "bowler": "A Vala",
              "non_striker": "P Khadka",
              "runs": {
                "batter": 0,
                "extras": 0,
                "total": 0
              }
            },
            {
              "batter": "G Malla",
              "bowler": "A Vala",
              "non_striker": "P Khadka",
              "runs": {
                "batter": 1,
                "extras": 0,
                "total": 1
              }
            },
            {
              "batter": "P Khadka",
              "bowler": "A Vala",
              "non_striker": "G Malla",
              "runs": {
                "batter": 6,
                "extras": 0,
                "total": 6
              }
            }
          ]
        },
        {
          "over": 12,
          "deliveries": [
            {
              "batter": "G Malla",
              "bowler": "CR Amini",
              "non_striker": "P Khadka",
              "runs": {
                "batter": 0,
                "extras": 0,
                "total": 0
              },
              "wickets": [
                {
                  "kind": "caught",
                  "player_out": "G Malla",
                  "fielders": [
                    {
                      "name": "MD Dai"
                    }
                  ]
                }
              ]
            },
            {
              "batter": "P Khadka",
              "bowler": "CR Amini",
              "non_striker": "B Bhandari",
              "runs": {
                "batter": 1,
                "extras": 0,
                "total": 1
              }
            },
            {
              "batter": "B Bhandari",
              "bowler": "CR Amini",
              "non_striker": "P Khadka",
              "runs": {
                "batter": 0,
                "extras": 0,
                "total": 0
              }
            },
            {
              "batter": "B Bhandari",
              "bowler": "CR Amini",
              "non_striker": "P Khadka",
              "runs": {
                "batter": 0,
                "extras": 0,
                "total": 0
              }
            },
            {
              "batter": "B Bhandari",
              "bowler": "CR Amini",
              "non_striker": "P Khadka",
              "runs": {
                "batter": 0,
                "extras": 0,
                "total": 0
              }
            },
            {
              "batter": "B Bhandari",
              "bowler": "CR Amini",
              "non_striker": "P Khadka",
              "runs": {
                "batter": 0,
                "extras": 0,
                "total": 0
              }
            }
          ]
        },
        {
          "over": 13,
          "deliveries": [
            {
              "batter": "P Khadka",
              "bowler": "MD Dai",
              "non_striker": "B Bhandari",
              "runs": {
                "batter": 1,
                "extras": 0,
                "total": 1
              }
            },
            {
              "batter": "B Bhandari",
              "bowler": "MD Dai",
              "non_striker": "P Khadka",
              "runs": {
                "batter": 1,
                "extras": 0,
                "total": 1
              }
            },
            {
              "batter": "P Khadka",
              "bowler": "MD Dai",
              "non_striker": "B Bhandari",
              "runs": {
                "batter": 1,
                "extras": 0,
                "total": 1
              }
            },
            {
              "batter": "B Bhandari",
              "bowler": "MD Dai",
              "non_striker": "P Khadka",
              "runs": {
                "batter": 6,
                "extras": 0,
                "total": 6
              }
            },
            {
              "batter": "B Bhandari",
              "bowler": "MD Dai",
              "non_striker": "P Khadka",
              "runs": {
                "batter": 1,
                "extras": 0,
                "total": 1
              }
            },
            {
              "batter": "P Khadka",
              "bowler": "MD Dai",
              "non_striker": "B Bhandari",
              "runs": {
                "batter": 1,
                "extras": 0,
                "total": 1
              }
            }
          ]
        },
        {
          "over": 14,
          "deliveries": [
            {
              "batter": "P Khadka",
              "bowler": "N Vanua",
              "non_striker": "B Bhandari",
              "runs": {
                "batter": 1,
                "extras": 0,
                "total": 1
              }
            },
            {
              "batter": "B Bhandari",
              "bowler": "N Vanua",
              "non_striker": "P Khadka",
              "runs": {
                "batter": 4,
                "extras": 0,
                "total": 4
              }
            },
            {
              "batter": "B Bhandari",
              "bowler": "N Vanua",
              "non_striker": "P Khadka",
              "runs": {
                "batter": 0,
                "extras": 0,
                "total": 0
              }
            },
            {
              "batter": "B Bhandari",
              "bowler": "N Vanua",
              "non_striker": "P Khadka",
              "runs": {
                "batter": 1,
                "extras": 0,
                "total": 1
              }
            },
            {
              "batter": "P Khadka",
              "bowler": "N Vanua",
              "non_striker": "B Bhandari",
              "runs": {
                "batter": 1,
                "extras": 0,
                "total": 1
              }
            },
            {
              "batter": "B Bhandari",
              "bowler": "N Vanua",
              "non_striker": "P Khadka",
              "runs": {
                "batter": 1,
                "extras": 0,
                "total": 1
              }
            }
          ]
        },
        {
          "over": 15,
          "deliveries": [
            {
              "batter": "B Bhandari",
              "bowler": "CJA Amini",
              "non_striker": "P Khadka",
              "runs": {
                "batter": 1,
                "extras": 0,
                "total": 1
              }
            },
            {
              "batter": "P Khadka",
              "bowler": "CJA Amini",
              "non_striker": "B Bhandari",
              "runs": {
                "batter": 2,
                "extras": 0,
                "total": 2
              }
            },
            {
              "batter": "P Khadka",
              "bowler": "CJA Amini",
              "non_striker": "B Bhandari",
              "runs": {
                "batter": 1,
                "extras": 0,
                "total": 1
              }
            },
            {
              "batter": "B Bhandari",
              "bowler": "CJA Amini",
              "non_striker": "P Khadka",
              "runs": {
                "batter": 6,
                "extras": 0,
                "total": 6
              }
            },
            {
              "batter": "B Bhandari",
              "bowler": "CJA Amini",
              "non_striker": "P Khadka",
              "runs": {
                "batter": 0,
                "extras": 0,
                "total": 0
              }
            },
            {
              "batter": "B Bhandari",
              "bowler": "CJA Amini",
              "non_striker": "P Khadka",
              "runs": {
                "batter": 6,
                "extras": 0,
                "total": 6
              }
            }
          ]
        },
        {
          "over": 16,
          "deliveries": [
            {
              "batter": "P Khadka",
              "bowler": "CR Amini",
              "non_striker": "B Bhandari",
              "runs": {
                "batter": 4,
                "extras": 0,
                "total": 4
              }
            },
            {
              "batter": "P Khadka",
              "bowler": "CR Amini",
              "non_striker": "B Bhandari",
              "runs": {
                "batter": 1,
                "extras": 0,
                "total": 1
              }
            },
            {
              "batter": "B Bhandari",
              "bowler": "CR Amini",
              "non_striker": "P Khadka",
              "runs": {
                "batter": 1,
                "extras": 0,
                "total": 1
              }
            },
            {
              "batter": "P Khadka",
              "bowler": "CR Amini",
              "non_striker": "B Bhandari",
              "runs": {
                "batter": 1,
                "extras": 0,
                "total": 1
              }
            },
            {
              "batter": "B Bhandari",
              "bowler": "CR Amini",
              "non_striker": "P Khadka",
              "runs": {
                "batter": 2,
                "extras": 0,
                "total": 2
              }
            },
            {
              "batter": "B Bhandari",
              "bowler": "CR Amini",
              "non_striker": "P Khadka",
              "runs": {
                "batter": 6,
                "extras": 0,
                "total": 6
              }
            }
          ]
        },
        {
          "over": 17,
          "deliveries": [
            {
              "batter": "P Khadka",
              "bowler": "WT Gavera",
              "non_striker": "B Bhandari",
              "runs": {
                "batter": 1,
                "extras": 0,
                "total": 1
              }
            },
            {
              "batter": "B Bhandari",
              "bowler": "WT Gavera",
              "non_striker": "P Khadka",
              "runs": {
                "batter": 2,
                "extras": 0,
                "total": 2
              }
            },
            {
              "batter": "B Bhandari",
              "bowler": "WT Gavera",
              "non_striker": "P Khadka",
              "runs": {
                "batter": 1,
                "extras": 0,
                "total": 1
              }
            },
            {
              "batter": "P Khadka",
              "bowler": "WT Gavera",
              "non_striker": "B Bhandari",
              "runs": {
                "batter": 1,
                "extras": 0,
                "total": 1
              }
            },
            {
              "batter": "B Bhandari",
              "bowler": "WT Gavera",
              "non_striker": "P Khadka",
              "runs": {
                "batter": 6,
                "extras": 0,
                "total": 6
              }
            },
            {
              "batter": "B Bhandari",
              "bowler": "WT Gavera",
              "extras": {
                "wides": 1
              },
              "non_striker": "P Khadka",
              "runs": {
                "batter": 0,
                "extras": 1,
                "total": 1
              }
            },
            {
              "batter": "B Bhandari",
              "bowler": "WT Gavera",
              "non_striker": "P Khadka",
              "runs": {
                "batter": 0,
                "extras": 0,
                "total": 0
              }
            }
          ]
        },
        {
          "over": 18,
          "deliveries": [
            {
              "batter": "P Khadka",
              "bowler": "CR Amini",
              "non_striker": "B Bhandari",
              "runs": {
                "batter": 1,
                "extras": 0,
                "total": 1
              }
            },
            {
              "batter": "B Bhandari",
              "bowler": "CR Amini",
              "extras": {
                "wides": 1
              },
              "non_striker": "P Khadka",
              "runs": {
                "batter": 0,
                "extras": 1,
                "total": 1
              }
            },
            {
              "batter": "B Bhandari",
              "bowler": "CR Amini",
              "non_striker": "P Khadka",
              "runs": {
                "batter": 6,
                "extras": 0,
                "total": 6
              }
            }
          ]
        }
      ],
      "powerplays": [
        {
          "from": 0.1,
          "to": 5.6,
          "type": "mandatory"
        }
      ],
      "target": {
        "overs": 20,
        "runs": 141
      }
    }
  ]
}