{
  "meta": {
    "data_version": "1.0.0",
    "created": "2013-12-29",
    "revision": 3
  },
  "info": {
    "balls_per_over": 6,
    "city": "Abu Dhabi",
    "dates": [
      "2013-11-15"
    ],
    "event": {
      "group": "A",
      "match_number": 6,
      "name": "ICC World Twenty20 Qualifier"
    },
    "gender": "male",
    "match_type": "IT20",
    "officials": {
      "match_referees": [
        "D Govindjee"
      ],
      "reserve_umpires": [
        "IN Ramage"
      ],
      "umpires": [
        "C Shamshuddin",
        "MA Gough"
      ]
    },
    "outcome": {
      "by": {
        "wickets": 7
      },
      "winner": "Hong Kong"
    },
    "overs": 20,
    "player_of_match": [
      "Haseeb Amjad"
    ],
    "players": {
      "Hong Kong": [
        "Irfan Ahmed",
        "Waqas Barkat",
        "JJ Atkinson",
        "MS Chapman",
        "Nizakat Khan",
        "Munir Dar",
        "Babar Hayat",
        "Tanwir Afzal",
        "Aizaz Khan",
        "Haseeb Amjad",
        "Nadeem Ahmed"
      ],
      "Italy": [
        "DA Marage",
        "AM Northcote",
        "PA Petricola",
        "DG Crowley",
        "CS Sandri",
        "MG Raso",
        "BBJL Perera",
        "A Bonora",
        "GRD Munasinghe",
        "V Pennazza",
        "DSF Arsakulasuriya"
      ]
    },
    "registry": {
      "people": {
        "A Bonora": "71c1f483",
        "AM Northcote": "8cf570b0",
        "Aizaz Khan": "f6c2659d",
        "BBJL Perera": "c8c9d60b",
        "Babar Hayat": "fbb657bb",
        "C Shamshuddin": "0f9d921b",
        "CS Sandri": "b7ccb3c9",
        "D Govindjee": "8b4c4069",
        "DA Marage": "3528b8dd",
        "DG Crowley": "1f1f93b5",
        "DSF Arsakulasuriya": "35c4c7ed",
        "GRD Munasinghe": "eff8b730",
        "Haseeb Amjad": "fb0abc20",
        "IN Ramage": "33cb7803",
        "Irfan Ahmed": "5c124657",
        "JJ Atkinson": "bf2d865c",
        "MA Gough": "76752ac8",
        "MG Raso": "2dfaa85a",
        "MS Chapman": "7fa12533",
        "Munir Dar": "04029c44",
        "Nadeem Ahmed": "023f6b02",
        "Nizakat Khan": "e3eb9e46",
        "PA Petricola": "d159bc7a",
        "Tanwir Afzal": "5f5ca1a7",
        "V Pennazza": "235fb973",
        "Waqas Barkat": "a2eac9df"
      }
    },
    "season": "2013/14",
    "team_type": "international",
    "teams": [
      "Italy",
      "Hong Kong"
    ],
    "toss": {
      "decision": "field",
      "winner": "Hong Kong"
    },
    "venue": "Abu Dhabi Oval 1"
  },
  "innings": [
    {
      "team": "Italy",
      "overs": [
        {
          "over": 0,
          "deliveries": [
            {
              "batter": "DA Marage",
              "bowler": "Tanwir Afzal",
              "non_striker": "AM Northcote",
              "runs": {
                "batter": 0,
                "extras": 0,
                "total": 0
              }
            },
            {
              "batter": "DA Marage",
              "bowler": "Tanwir Afzal",
              "non_striker": "AM Northcote",
              "runs": {
                "batter": 0,
                "extras": 0,
                "total": 0
              }
            },
            {
              "batter": "DA Marage",
              "bowler": "Tanwir Afzal",
              "non_striker": "AM Northcote",
              "runs": {
                "batter": 1,
                "extras": 0,
                "total": 1
              }
            },
            {
              "batter": "AM Northcote",
              "bowler": "Tanwir Afzal",
              "non_striker": "DA Marage",
              "runs": {
                "batter": 0,
                "extras": 0,
                "total": 0
              }
            },
            {
              "batter": "AM Northcote",
              "bowler": "Tanwir Afzal",
              "non_striker": "DA Marage",
              "runs": {
                "batter": 1,
                "extras": 0,
                "total": 1
              }
            },
            {
              "batter": "DA Marage",
              "bowler": "Tanwir Afzal",
              "non_striker": "AM Northcote",
              "runs": {
                "batter": 1,
                "extras": 0,
                "total": 1
              }
            }
          ]
        },
        {
          "over": 1,
          "deliveries": [
            {
              "batter": "DA Marage",
              "bowler": "Munir Dar",
              "non_striker": "AM Northcote",
              "runs": {
                "batter": 0,
                "extras": 0,
                "total": 0
              }
            },
            {
              "batter": "DA Marage",
              "bowler": "Munir Dar",
              "non_striker": "AM Northcote",
              "runs": {
                "batter": 1,
                "extras": 0,
                "total": 1
              }
            },
            {
              "batter": "AM Northcote",
              "bowler": "Munir Dar",
              "non_striker": "DA Marage",
              "runs": {
                "batter": 0,
                "extras": 0,
                "total": 0
              }
            },
            {
              "batter": "AM Northcote",
              "bowler": "Munir Dar",
              "extras": {
                "legbyes": 2
              },
              "non_striker": "DA Marage",
              "runs": {
                "batter": 0,
                "extras": 2,
                "total": 2
              }
            },
            {
              "batter": "AM Northcote",
              "bowler": "Munir Dar",
              "non_striker": "DA Marage",
              "runs": {
                "batter": 1,
                "extras": 0,
                "total": 1
              }
            },
            {
              "batter": "DA Marage",
              "bowler": "Munir Dar",
              "non_striker": "AM Northcote",
              "runs": {
                "batter": 0,
                "extras": 0,
                "total": 0
              }
            }
          ]
        },
        {
          "over": 2,
          "deliveries": [
            {
              "batter": "AM Northcote",
              "bowler": "Tanwir Afzal",
              "non_striker": "DA Marage",
              "runs": {
                "batter": 4,
                "extras": 0,
                "total": 4
              }
            },
            {
              "batter": "AM Northcote",
              "bowler": "Tanwir Afzal",
              "non_striker": "DA Marage",
              "runs": {
                "batter": 1,
                "extras": 0,
                "total": 1
              }
            },
            {
              "batter": "DA Marage",
              "bowler": "Tanwir Afzal",
              "non_striker": "AM Northcote",
              "runs": {
                "batter": 0,
                "extras": 0,
                "total": 0
              }
            },
            {
              "batter": "DA Marage",
              "bowler": "Tanwir Afzal",
              "non_striker": "AM Northcote",
              "runs": {
                "batter": 0,
                "extras": 0,
                "total": 0
              },
              "wickets": [
                {
                  "kind": "bowled",
                  "player_out": "DA Marage"
                }
              ]
            },
            {
              "batter": "PA Petricola",
              "bowler": "Tanwir Afzal",
              "non_striker": "AM Northcote",
              "runs": {
                "batter": 0,
                "extras": 0,
                "total": 0
              }
            },
            {
              "batter": "PA Petricola",
              "bowler": "Tanwir Afzal",
              "non_striker": "AM Northcote",
              "runs": {
                "batter": 0,
                "extras": 0,
                "total": 0
              }
            }
          ]
        },
        {
          "over": 3,
          "deliveries": [
            {
              "batter": "AM Northcote",
              "bowler": "Munir Dar",
              "non_striker": "PA Petricola",
              "runs": {
                "batter": 0,
                "extras": 0,
                "total": 0
              }
            },
            {
              "batter": "AM Northcote",
              "bowler": "Munir Dar",
              "non_striker": "PA Petricola",
              "runs": {
                "batter": 0,
                "extras": 0,
                "total": 0
              }
            },
            {
              "batter": "AM Northcote",
              "bowler": "Munir Dar",
              "non_striker": "PA Petricola",
              "runs": {
                "batter": 0,
                "extras": 0,
                "total": 0
              }
            },
            {
              "batter": "AM Northcote",
              "bowler": "Munir Dar",
              "non_striker": "PA Petricola",
              "runs": {
                "batter": 4,
                "extras": 0,
                "total": 4
              }
            },
            {
              "batter": "AM Northcote",
              "bowler": "Munir Dar",
              "non_striker": "PA Petricola",
              "runs": {
                "batter": 1,
                "extras": 0,
                "total": 1
              }
            },
            {
              "batter": "PA Petricola",
              "bowler": "Munir Dar",
              "non_striker": "AM Northcote",
              "runs": {
                "batter": 0,
                "extras": 0,
                "total": 0
              }
            }
          ]
        },
        {
          "over": 4,
          "deliveries": [
            {
              "batter": "AM Northcote",
              "bowler": "Tanwir Afzal",
              "non_striker": "PA Petricola",
              "runs": {
                "batter": 1,
                "extras": 0,
                "total": 1
              }
            },
            {
              "batter": "PA Petricola",
              "bowler": "Tanwir Afzal",
              "non_striker": "AM Northcote",
              "runs": {
                "batter": 1,
                "extras": 0,
                "total": 1
              }
            },
            {
              "batter": "AM Northcote",
              "bowler": "Tanwir Afzal",
              "non_striker": "PA Petricola",
              "runs": {
                "batter": 1,
                "extras": 0,
                "total": 1
              }
            },
            {
              "batter": "PA Petricola",
              "bowler": "Tanwir Afzal",
              "non_striker": "AM Northcote",
              "runs": {
                "batter": 0,
                "extras": 0,
                "total": 0
              }
            },
            {
              "batter": "PA Petricola",
              "bowler": "Tanwir Afzal",
              "non_striker": "AM Northcote",
              "runs": {
                "batter": 0,
                "extras": 0,
                "total": 0
              },
              "wickets": [
                {
                  "kind": "bowled",
                  "player_out": "PA Petricola"
                }
              ]
            },
            {
              "batter": "DG Crowley",
              "bowler": "Tanwir Afzal",
              "non_striker": "AM Northcote",
              "runs": {
                "batter": 0,
                "extras": 0,
                "total": 0
              }
            }
          ]
        },
        {
          "over": 5,
          "deliveries": [
            {
              "batter": "AM Northcote",
              "bowler": "Haseeb Amjad",
              "non_striker": "DG Crowley",
              "runs": {
                "batter": 0,
                "extras": 0,
                "total": 0
              }
            },
            {
              "batter": "AM Northcote",
              "bowler": "Haseeb Amjad",
              "non_striker": "DG Crowley",
              "runs": {
                "batter": 2,
                "extras": 0,
                "total": 2
              }
            },
            {
              "batter": "AM Northcote",
              "bowler": "Haseeb Amjad",
              "non_striker": "DG Crowley",
              "runs": {
                "batter": 0,
                "extras": 0,
                "total": 0
              },
              "wickets": [
                {
                  "kind": "lbw",
                  "player_out": "AM Northcote"
                }
              ]
            },
            {
              "batter": "CS Sandri",
              "bowler": "Haseeb Amjad",
              "non_striker": "DG Crowley",
              "runs": {
                "batter": 0,
                "extras": 0,
                "total": 0
              }
            },
            {
              "batter": "CS Sandri",
              "bowler": "Haseeb Amjad",
              "non_striker": "DG Crowley",
              "runs": {
                "batter": 0,
                "extras": 0,
                "total": 0
              }
            },
            {
              "batter": "CS Sandri",
              "bowler": "Haseeb Amjad",
              "non_striker": "DG Crowley",
              "runs": {
                "batter": 0,
                "extras": 0,
                "total": 0
              }
            }
          ]
        },
        {
          "over": 6,
          "deliveries": [
            {
              "batter": "DG Crowley",
              "bowler": "Tanwir Afzal",
              "extras": {
                "legbyes": 1
              },
              "non_striker": "CS Sandri",
              "runs": {
                "batter": 0,
                "extras": 1,
                "total": 1
              }
            },
            {
              "batter": "CS Sandri",
              "bowler": "Tanwir Afzal",
              "non_striker": "DG Crowley",
              "runs": {
                "batter": 0,
                "extras": 0,
                "total": 0
              }
            },
            {
              "batter": "CS Sandri",
              "bowler": "Tanwir Afzal",
              "non_striker": "DG Crowley",
              "runs": {
                "batter": 1,
                "extras": 0,
                "total": 1
              }
            },
            {
              "batter": "DG Crowley",
              "bowler": "Tanwir Afzal",
              "extras": {
                "legbyes": 1
              },
              "non_striker": "CS Sandri",
              "runs": {
                "batter": 0,
                "extras": 1,
                "total": 1
              }
            },
            {
              "batter": "CS Sandri",
              "bowler": "Tanwir Afzal",
              "extras": {
                "legbyes": 4
              },
              "non_striker": "DG Crowley",
              "runs": {
                "batter": 0,
                "extras": 4,
                "total": 4
              }
            },
            {
              "batter": "CS Sandri",
              "bowler": "Tanwir Afzal",
              "non_striker": "DG Crowley",
              "runs": {
                "batter": 0,
                "extras": 0,
                "total": 0
              }
            }
          ]
        },
        {
          "over": 7,
          "deliveries": [
            {
              "batter": "DG Crowley",
              "bowler": "Haseeb Amjad",
              "non_striker": "CS Sandri",
              "runs": {
                "batter": 0,
                "extras": 0,
                "total": 0
              }
            },
            {
              "batter": "DG Crowley",
              "bowler": "Haseeb Amjad",
              "non_striker": "CS Sandri",
              "runs": {
                "batter": 0,
                "extras": 0,
                "total": 0
              },
              "wickets": [
                {
                  "kind": "bowled",
                  "player_out": "DG Crowley"
                }
              ]
            },
            {
              "batter": "MG Raso",
              "bowler": "Haseeb Amjad",
              "non_striker": "CS Sandri",
              "runs": {
                "batter": 0,
                "extras": 0,
                "total": 0
              }
            },
            {
              "batter": "MG Raso",
              "bowler": "Haseeb Amjad",
              "non_striker": "CS Sandri",
              "runs": {
                "batter": 0,
                "extras": 0,
                "total": 0
              }
            },
            {
              "batter": "MG Raso",
              "bowler": "Haseeb Amjad",
              "non_striker": "CS Sandri",
              "runs": {
                "batter": 1,
                "extras": 0,
                "total": 1
              }
            }
          ]
        },
        {
          "over": 8,
          "deliveries": [
            {
              "batter": "MG Raso",
              "bowler": "Nadeem Ahmed",
              "non_striker": "CS Sandri",
              "runs": {
                "batter": 0,
                "extras": 0,
                "total": 0
              }
            },
            {
              "batter": "MG Raso",
              "bowler": "Nadeem Ahmed",
              "non_striker": "CS Sandri",
              "runs": {
                "batter": 1,
                "extras": 0,
                "total": 1
              }
            },
            {
              "batter": "CS Sandri",
              "bowler": "Nadeem Ahmed",
              "non_striker": "MG Raso",
              "runs": {
                "batter": 1,
                "extras": 0,
                "total": 1
              }
            },
            {
              "batter": "MG Raso",
              "bowler": "Nadeem Ahmed",
              "extras": {
                "byes": 1
              },
              "non_striker": "CS Sandri",
              "runs": {
                "batter": 0,
                "extras": 1,
                "total": 1
              }
            },
            {
              "batter": "CS Sandri",
              "bowler": "Nadeem Ahmed",
              "non_striker": "MG Raso",
              "runs": {
                "batter": 1,
                "extras": 0,
                "total": 1
              }
            },
            {
              "batter": "MG Raso",
              "bowler": "Nadeem Ahmed",
              "non_striker": "CS Sandri",
              "runs": {
                "batter": 0,
                "extras": 0,
                "total": 0
              }
            }
          ]
        },
        {
          "over": 9,
          "deliveries": [
            {
              "batter": "CS Sandri",
              "bowler": "Irfan Ahmed",
              "non_striker": "MG Raso",
              "runs": {
                "batter": 0,
                "extras": 0,
                "total": 0
              }
            },
            {
              "batter": "CS Sandri",
              "bowler": "Irfan Ahmed",
              "non_striker": "MG Raso",
              "runs": {
                "batter": 1,
                "extras": 0,
                "total": 1
              }
            },
            {
              "batter": "MG Raso",
              "bowler": "Irfan Ahmed",
              "non_striker": "CS Sandri",
              "runs": {
                "batter": 4,
                "extras": 0,
                "total": 4
              }
            },
            {
              "batter": "MG Raso",
              "bowler": "Irfan Ahmed",
              "non_striker": "CS Sandri",
              "runs": {
                "batter": 1,
                "extras": 0,
                "total": 1
              }
            },
            {
              "batter": "CS Sandri",
              "bowler": "Irfan Ahmed",
              "non_striker": "MG Raso",
              "runs": {
                "batter": 0,
                "extras": 0,
                "total": 0
              }
            },
            {
              "batter": "CS Sandri",
              "bowler": "Irfan Ahmed",
              "extras": {
                "wides": 1
              },
              "non_striker": "MG Raso",
              "runs": {
                "batter": 0,
                "extras": 1,
                "total": 1
              }
            },
            {
              "batter": "CS Sandri",
              "bowler": "Irfan Ahmed",
              "non_striker": "MG Raso",
              "runs": {
                "batter": 1,
                "extras": 0,
                "total": 1
              }
            }
          ]
        },
        {
          "over": 10,
          "deliveries": [
            {
              "batter": "CS Sandri",
              "bowler": "Nadeem Ahmed",
              "non_striker": "MG Raso",
              "runs": {
                "batter": 0,
                "extras": 0,
                "total": 0
              }
            },
            {
              "batter": "CS Sandri",
              "bowler": "Nadeem Ahmed",
              "non_striker": "MG Raso",
              "runs": {
                "batter": 1,
                "extras": 0,
                "total": 1
              }
            },
            {
              "batter": "MG Raso",
              "bowler": "Nadeem Ahmed",
              "non_striker": "CS Sandri",
              "runs": {
                "batter": 1,
                "extras": 0,
                "total": 1
              }
            },
            {
              "batter": "CS Sandri",
              "bowler": "Nadeem Ahmed",
              "non_striker": "MG Raso",
              "runs": {
                "batter": 0,
                "extras": 0,
                "total": 0
              }
            },
            {
              "batter": "CS Sandri",
              "bowler": "Nadeem Ahmed",
              "non_striker": "MG Raso",
              "runs": {
                "batter": 1,
                "extras": 0,
                "total": 1
              }
            },
            {
              "batter": "MG Raso",
              "bowler": "Nadeem Ahmed",
              "non_striker": "CS Sandri",
              "runs": {
                "batter": 0,
                "extras": 0,
                "total": 0
              }
            }
          ]
        },
        {
          "over": 11,
          "deliveries": [
            {
              "batter": "CS Sandri",
              "bowler": "Aizaz Khan",
              "non_striker": "MG Raso",
              "runs": {
                "batter": 1,
                "extras": 0,
                "total": 1
              }
            },
            {
              "batter": "MG Raso",
              "bowler": "Aizaz Khan",
              "non_striker": "CS Sandri",
              "runs": {
                "batter": 0,
                "extras": 0,
                "total": 0
              }
            },
            {
              "batter": "MG Raso",
              "bowler": "Aizaz Khan",
              "non_striker": "CS Sandri",
              "runs": {
                "batter": 0,
                "extras": 0,
                "total": 0
              }
            },
            {
              "batter": "MG Raso",
              "bowler": "Aizaz Khan",
              "non_striker": "CS Sandri",
              "runs": {
                "batter": 1,
                "extras": 0,
                "total": 1
              }
            },
            {
              "batter": "CS Sandri",
              "bowler": "Aizaz Khan",
              "non_striker": "MG Raso",
              "runs": {
                "batter": 1,
                "extras": 0,
                "total": 1
              }
            },
            {
              "batter": "MG Raso",
              "bowler": "Aizaz Khan",
              "non_striker": "CS Sandri",
              "runs": {
                "batter": 2,
                "extras": 0,
                "total": 2
              }
            }
          ]
        },
        {
          "over": 12,
          "deliveries": [
            {
              "batter": "CS Sandri",
              "bowler": "Nadeem Ahmed",
              "non_striker": "MG Raso",
              "runs": {
                "batter": 0,
                "extras": 0,
                "total": 0
              }
            },
            {
              "batter": "CS Sandri",
              "bowler": "Nadeem Ahmed",
              "non_striker": "MG Raso",
              "runs": {
                "batter": 1,
                "extras": 0,
                "total": 1
              }
            },
            {
              "batter": "MG Raso",
              "bowler": "Nadeem Ahmed",
              "non_striker": "CS Sandri",
              "runs": {
                "batter": 0,
                "extras": 0,
                "total": 0
              }
            },
            {
              "batter": "MG Raso",
              "bowler": "Nadeem Ahmed",
              "non_striker": "CS Sandri",
              "runs": {
                "batter": 0,
                "extras": 0,
                "total": 0
              }
            },
            {
              "batter": "MG Raso",
              "bowler": "Nadeem Ahmed",
              "non_striker": "CS Sandri",
              "runs": {
                "batter": 0,
                "extras": 0,
                "total": 0
              }
            },
            {
              "batter": "MG Raso",
              "bowler": "Nadeem Ahmed",
              "non_striker": "CS Sandri",
              "runs": {
                "batter": 0,
                "extras": 0,
                "total": 0
              }
            }
          ]
        },
        {
          "over": 13,
          "deliveries": [
            {
              "batter": "CS Sandri",
              "bowler": "Aizaz Khan",
              "non_striker": "MG Raso",
              "runs": {
                "batter": 1,
                "extras": 0,
                "total": 1
              }
            },
            {
              "batter": "MG Raso",
              "bowler": "Aizaz Khan",
              "non_striker": "CS Sandri",
              "runs": {
                "batter": 4,
                "extras": 0,
                "total": 4
              }
            },
            {
              "batter": "MG Raso",
              "bowler": "Aizaz Khan",
              "extras": {
                "legbyes": 1
              },
              "non_striker": "CS Sandri",
              "runs": {
                "batter": 0,
                "extras": 1,
                "total": 1
              }
            },
            {
              "batter": "CS Sandri",
              "bowler": "Aizaz Khan",
              "non_striker": "MG Raso",
              "runs": {
                "batter": 4,
                "extras": 0,
                "total": 4
              }
            },
            {
              "batter": "CS Sandri",
              "bowler": "Aizaz Khan",
              "non_striker": "MG Raso",
              "runs": {
                "batter": 2,
                "extras": 0,
                "total": 2
              }
            },
            {
              "batter": "CS Sandri",
              "bowler": "Aizaz Khan",
              "non_striker": "MG Raso",
              "runs": {
                "batter": 1,
                "extras": 0,
                "total": 1
              }
            }
          ]
        },
        {
          "over": 14,
          "deliveries": [
            {
              "batter": "CS Sandri",
              "bowler": "Munir Dar",
              "non_striker": "MG Raso",
              "runs": {
                "batter": 0,
                "extras": 0,
                "total": 0
              }
            },
            {
              "batter": "CS Sandri",
              "bowler": "Munir Dar",
              "non_striker": "MG Raso",
              "runs": {
                "batter": 1,
                "extras": 0,
                "total": 1
              }
            },
            {
              "batter": "MG Raso",
              "bowler": "Munir Dar",
              "non_striker": "CS Sandri",
              "runs": {
                "batter": 0,
                "extras": 0,
                "total": 0
              }
            },
            {
              "batter": "MG Raso",
              "bowler": "Munir Dar",
              "non_striker": "CS Sandri",
              "runs": {
                "batter": 0,
                "extras": 0,
                "total": 0
              }
            },
            {
              "batter": "MG Raso",
              "bowler": "Munir Dar",
              "non_striker": "CS Sandri",
              "runs": {
                "batter": 1,
                "extras": 0,
                "total": 1
              }
            },
            {
              "batter": "CS Sandri",
              "bowler": "Munir Dar",
              "extras": {
                "legbyes": 1
              },
              "non_striker": "MG Raso",
              "runs": {
                "batter": 0,
                "extras": 1,
                "total": 1
              }
            }
          ]
        },
        {
          "over": 15,
          "deliveries": [
            {
              "batter": "CS Sandri",
              "bowler": "Irfan Ahmed",
              "non_striker": "MG Raso",
              "runs": {
                "batter": 4,
                "extras": 0,
                "total": 4
              }
            },
            {
              "batter": "CS Sandri",
              "bowler": "Irfan Ahmed",
              "non_striker": "MG Raso",
              "runs": {
                "batter": 6,
                "extras": 0,
                "total": 6
              }
            },
            {
              "batter": "CS Sandri",
              "bowler": "Irfan Ahmed",
              "non_striker": "MG Raso",
              "runs": {
                "batter": 1,
                "extras": 0,
                "total": 1
              }
            },
            {
              "batter": "MG Raso",
              "bowler": "Irfan Ahmed",
              "non_striker": "CS Sandri",
              "runs": {
                "batter": 3,
                "extras": 0,
                "total": 3
              }
            },
            {
              "batter": "CS Sandri",
              "bowler": "Irfan Ahmed",
              "non_striker": "MG Raso",
              "runs": {
                "batter": 1,
                "extras": 0,
                "total": 1
              }
            },
            {
              "batter": "MG Raso",
              "bowler": "Irfan Ahmed",
              "non_striker": "CS Sandri",
              "runs": {
                "batter": 4,
                "extras": 0,
                "total": 4
              }
            }
          ]
        },
        {
          "over": 16,
          "deliveries": [
            {
              "batter": "CS Sandri",
              "bowler": "Nadeem Ahmed",
              "non_striker": "MG Raso",
              "runs": {
                "batter": 0,
                "extras": 0,
                "total": 0
              }
            },
            {
              "batter": "CS Sandri",
              "bowler": "Nadeem Ahmed",
              "non_striker": "MG Raso",
              "runs": {
                "batter": 4,
                "extras": 0,
                "total": 4
              }
            },
            {
              "batter": "CS Sandri",
              "bowler": "Nadeem Ahmed",
              "non_striker": "MG Raso",
              "runs": {
                "batter": 1,
                "extras": 0,
                "total": 1
              }
            },
            {
              "batter": "MG Raso",
              "bowler": "Nadeem Ahmed",
              "non_striker": "CS Sandri",
              "runs": {
                "batter": 0,
                "extras": 0,
                "total": 0
              }
            },
            {
              "batter": "MG Raso",
              "bowler": "Nadeem Ahmed",
              "non_striker": "CS Sandri",
              "runs": {
                "batter": 1,
                "extras": 0,
                "total": 1
              }
            },
            {
              "batter": "CS Sandri",
              "bowler": "Nadeem Ahmed",
              "non_striker": "MG Raso",
              "runs": {
                "batter": 1,
                "extras": 0,
                "total": 1
              }
            }
          ]
        },
        {
          "over": 17,
          "deliveries": [
            {
              "batter": "CS Sandri",
              "bowler": "Haseeb Amjad",
              "non_striker": "MG Raso",
              "runs": {
                "batter": 0,
                "extras": 0,
                "total": 0
              }
            },
            {
              "batter": "CS Sandri",
              "bowler": "Haseeb Amjad",
              "non_striker": "MG Raso",
              "runs": {
                "batter": 1,
                "extras": 0,
                "total": 1
              }
            },
            {
              "batter": "MG Raso",
              "bowler": "Haseeb Amjad",
              "non_striker": "CS Sandri",
              "runs": {
                "batter": 0,
                "extras": 0,
                "total": 0
              },
              "wickets": [
                {
                  "kind": "bowled",
                  "player_out": "MG Raso"
                }
              ]
            },
            {
              "batter": "BBJL Perera",
              "bowler": "Haseeb Amjad",
              "non_striker": "CS Sandri",
              "runs": {
                "batter": 0,
                "extras": 0,
                "total": 0
              },
              "wickets": [
                {
                  "kind": "bowled",
                  "player_out": "BBJL Perera"
                }
              ]
            },
            {
              "batter": "A Bonora",
              "bowler": "Haseeb Amjad",
              "extras": {
                "legbyes": 1
              },
              "non_striker": "CS Sandri",
              "runs": {
                "batter": 0,
                "extras": 1,
                "total": 1
              }
            },
            {
              "batter": "CS Sandri",
              "bowler": "Haseeb Amjad",
              "non_striker": "A Bonora",
              "runs": {
                "batter": 1,
                "extras": 0,
                "total": 1
              }
            }
          ]
        },
        {
          "over": 18,
          "deliveries": [
            {
              "batter": "CS Sandri",
              "bowler": "Munir Dar",
              "non_striker": "A Bonora",
              "runs": {
                "batter": 2,
                "extras": 0,
                "total": 2
              }
            },
            {
              "batter": "CS Sandri",
              "bowler": "Munir Dar",
              "non_striker": "A Bonora",
              "runs": {
                "batter": 0,
                "extras": 0,
                "total": 0
              },
              "wickets": [
                {
                  "kind": "caught",
                  "player_out": "CS Sandri",
                  "fielders": [
                    {
                      "name": "Nadeem Ahmed"
                    }
                  ]
                }
              ]
            },
            {
              "batter": "A Bonora",
              "bowler": "Munir Dar",
              "non_striker": "GRD Munasinghe",
              "runs": {
                "batter": 2,
                "extras": 0,
                "total": 2
              }
            },
            {
              "batter": "A Bonora",
              "bowler": "Munir Dar",
              "non_striker": "GRD Munasinghe",
              "runs": {
                "batter": 2,
                "extras": 0,
                "total": 2
              }
            },
            {
              "batter": "A Bonora",
              "bowler": "Munir Dar",
              "non_striker": "GRD Munasinghe",
              "runs": {
                "batter": 0,
                "extras": 0,
                "total": 0
              }
            },
            {
              "batter": "A Bonora",
              "bowler": "Munir Dar",
              "non_striker": "GRD Munasinghe",
              "runs": {
                "batter": 1,
                "extras": 0,
                "total": 1
              }
            }
          ]
        },
        {
          "over": 19,
          "deliveries": [
            {
              "batter": "A Bonora",
              "bowler": "Haseeb Amjad",
              "non_striker": "GRD Munasinghe",
              "runs": {
                "batter": 1,
                "extras": 0,
                "total": 1
              }
            },
            {
              "batter": "GRD Munasinghe",
              "bowler": "Haseeb Amjad",
              "non_striker": "A Bonora",
              "runs": {
                "batter": 1,
                "extras": 0,
                "total": 1
              }
            },
            {
              "batter": "A Bonora",
              "bowler": "Haseeb Amjad",
              "non_striker": "GRD Munasinghe",
              "runs": {
                "batter": 0,
                "extras": 0,
                "total": 0
              },
              "wickets": [
                {
                  "kind": "bowled",
                  "player_out": "A Bonora"
                }
              ]
            },
            {
              "batter": "V Pennazza",
              "bowler": "Haseeb Amjad",
              "non_striker": "GRD Munasinghe",
              "runs": {
                "batter": 1,
                "extras": 0,
                "total": 1
              }
            },
            {
              "batter": "GRD Munasinghe",
              "bowler": "Haseeb Amjad",
              "non_striker": "V Pennazza",
              "runs": {
                "batter": 2,
                "extras": 0,
                "total": 2
              }
            },
            {
              "batter": "GRD Munasinghe",
              "bowler": "Haseeb Amjad",
              "non_striker": "V Pennazza",
              "runs": {
                "batter": 2,
                "extras": 0,
                "total": 2
              }
            }
          ]
        }
      ],
      "powerplays": [
        {
          "from": 0.1,
          "to": 5.6,
          "type": "mandatory"
        }
      ],
      "miscounted_overs": {
        "7": {
          "balls": 5
        }
      }
    },
    {
      "team": "Hong Kong",
      "overs": [
        {
          "over": 0,
          "deliveries": [
            {
              "batter": "Irfan Ahmed",
              "bowler": "GRD Munasinghe",
              "non_striker": "Waqas Barkat",
              "runs": {
                "batter": 1,
                "extras": 0,
                "total": 1
              }
            },
            {
              "batter": "Waqas Barkat",
              "bowler": "GRD Munasinghe",
              "non_striker": "Irfan Ahmed",
              "runs": {
                "batter": 1,
                "extras": 0,
                "total": 1
              }
            },
            {
              "batter": "Irfan Ahmed",
              "bowler": "GRD Munasinghe",
              "non_striker": "Waqas Barkat",
              "runs": {
                "batter": 4,
                "extras": 0,
                "total": 4
              }
            },
            {
              "batter": "Irfan Ahmed",
              "bowler": "GRD Munasinghe",
              "non_striker": "Waqas Barkat",
              "runs": {
                "batter": 4,
                "extras": 0,
                "total": 4
              }
            },
            {
              "batter": "Irfan Ahmed",
              "bowler": "GRD Munasinghe",
              "non_striker": "Waqas Barkat",
              "runs": {
                "batter": 1,
                "extras": 0,
                "total": 1
              }
            },
            {
              "batter": "Waqas Barkat",
              "bowler": "GRD Munasinghe",
              "non_striker": "Irfan Ahmed",
              "runs": {
                "batter": 1,
                "extras": 0,
                "total": 1
              }
            }
          ]
        },
        {
          "over": 1,
          "deliveries": [
            {
              "batter": "Waqas Barkat",
              "bowler": "DG Crowley",
              "non_striker": "Irfan Ahmed",
              "runs": {
                "batter": 0,
                "extras": 0,
                "total": 0
              }
            },
            {
              "batter": "Waqas Barkat",
              "bowler": "DG Crowley",
              "non_striker": "Irfan Ahmed",
              "runs": {
                "batter": 2,
                "extras": 0,
                "total": 2
              }
            },
            {
              "batter": "Waqas Barkat",
              "bowler": "DG Crowley",
              "non_striker": "Irfan Ahmed",
              "runs": {
                "batter": 1,
                "extras": 0,
                "total": 1
              }
            },
            {
              "batter": "Irfan Ahmed",
              "bowler": "DG Crowley",
              "non_striker": "Waqas Barkat",
              "runs": {
                "batter": 0,
                "extras": 0,
                "total": 0
              }
            },
            {
              "batter": "Irfan Ahmed",
              "bowler": "DG Crowley",
              "non_striker": "Waqas Barkat",
              "runs": {
                "batter": 2,
                "extras": 0,
                "total": 2
              }
            },
            {
              "batter": "Irfan Ahmed",
              "bowler": "DG Crowley",
              "non_striker": "Waqas Barkat",
              "runs": {
                "batter": 0,
                "extras": 0,
                "total": 0
              }
            }
          ]
        },
        {
          "over": 2,
          "deliveries": [
            {
              "batter": "Waqas Barkat",
              "bowler": "V Pennazza",
              "non_striker": "Irfan Ahmed",
              "runs": {
                "batter": 1,
                "extras": 0,
                "total": 1
              }
            },
            {
              "batter": "Irfan Ahmed",
              "bowler": "V Pennazza",
              "extras": {
                "wides": 1
              },
              "non_striker": "Waqas Barkat",
              "runs": {
                "batter": 0,
                "extras": 1,
                "total": 1
              }
            },
            {
              "batter": "Irfan Ahmed",
              "bowler": "V Pennazza",
              "non_striker": "Waqas Barkat",
              "runs": {
                "batter": 0,
                "extras": 0,
                "total": 0
              },
              "wickets": [
                {
                  "kind": "caught",
                  "player_out": "Irfan Ahmed",
                  "fielders": [
                    {
                      "name": "DSF Arsakulasuriya"
                    }
                  ]
                }
              ]
            },
            {
              "batter": "Waqas Barkat",
              "bowler": "V Pennazza",
              "non_striker": "JJ Atkinson",
              "runs": {
                "batter": 0,
                "extras": 0,
                "total": 0
              }
            },
            {
              "batter": "Waqas Barkat",
              "bowler": "V Pennazza",
              "non_striker": "JJ Atkinson",
              "runs": {
                "batter": 0,
                "extras": 0,
                "total": 0
              }
            },
            {
              "batter": "Waqas Barkat",
              "bowler": "V Pennazza",
              "non_striker": "JJ Atkinson",
              "runs": {
                "batter": 0,
                "extras": 0,
                "total": 0
              }
            },
            {
              "batter": "Waqas Barkat",
              "bowler": "V Pennazza",
              "non_striker": "JJ Atkinson",
              "runs": {
                "batter": 0,
                "extras": 0,
                "total": 0
              }
            }
          ]
        },
        {
          "over": 3,
          "deliveries": [
            {
              "batter": "JJ Atkinson",
              "bowler": "DG Crowley",
              "non_striker": "Waqas Barkat",
              "runs": {
                "batter": 2,
                "extras": 0,
                "total": 2
              }
            },
            {
              "batter": "JJ Atkinson",
              "bowler": "DG Crowley",
              "non_striker": "Waqas Barkat",
              "runs": {
                "batter": 0,
                "extras": 0,
                "total": 0
              }
            },
            {
              "batter": "JJ Atkinson",
              "bowler": "DG Crowley",
              "non_striker": "Waqas Barkat",
              "runs": {
                "batter": 0,
                "extras": 0,
                "total": 0
              }
            },
            {
              "batter": "JJ Atkinson",
              "bowler": "DG Crowley",
              "non_striker": "Waqas Barkat",
              "runs": {
                "batter": 1,
                "extras": 0,
                "total": 1
              }
            },
            {
              "batter": "Waqas Barkat",
              "bowler": "DG Crowley",
              "non_striker": "JJ Atkinson",
              "runs": {
                "batter": 4,
                "extras": 0,
                "total": 4
              }
            },
            {
              "batter": "Waqas Barkat",
              "bowler": "DG Crowley",
              "non_striker": "JJ Atkinson",
              "runs": {
                "batter": 0,
                "extras": 0,
                "total": 0
              }
            }
          ]
        },
        {
          "over": 4,
          "deliveries": [
            {
              "batter": "JJ Atkinson",
              "bowler": "V Pennazza",
              "non_striker": "Waqas Barkat",
              "runs": {
                "batter": 4,
                "extras": 0,
                "total": 4
              }
            },
            {
              "batter": "JJ Atkinson",
              "bowler": "V Pennazza",
              "non_striker": "Waqas Barkat",
              "runs": {
                "batter": 0,
                "extras": 0,
                "total": 0
              }
            },
            {
              "batter": "JJ Atkinson",
              "bowler": "V Pennazza",
              "non_striker": "Waqas Barkat",
              "runs": {
                "batter": 0,
                "extras": 0,
                "total": 0
              }
            },
            {
              "batter": "JJ Atkinson",
              "bowler": "V Pennazza",
              "non_striker": "Waqas Barkat",
              "runs": {
                "batter": 1,
                "extras": 0,
                "total": 1
              }
            },
            {
              "batter": "Waqas Barkat",
              "bowler": "V Pennazza",
              "non_striker": "JJ Atkinson",
              "runs": {
                "batter": 0,
                "extras": 0,
                "total": 0
              }
            },
            {
              "batter": "Waqas Barkat",
              "bowler": "V Pennazza",
              "non_striker": "JJ Atkinson",
              "runs": {
                "batter": 1,
                "extras": 0,
                "total": 1
              }
            }
          ]
        },
        {
          "over": 5,
          "deliveries": [
            {
              "batter": "Waqas Barkat",
              "bowler": "GRD Munasinghe",
              "non_striker": "JJ Atkinson",
              "runs": {
                "batter": 2,
                "extras": 0,
                "total": 2
              }
            },
            {
              "batter": "Waqas Barkat",
              "bowler": "GRD Munasinghe",
              "non_striker": "JJ Atkinson",
              "runs": {
                "batter": 0,
                "extras": 0,
                "total": 0
              }
            },
            {
              "batter": "Waqas Barkat",
              "bowler": "GRD Munasinghe",
              "non_striker": "JJ Atkinson",
              "runs": {
                "batter": 2,
                "extras": 0,
                "total": 2
              }
            },
            {
              "batter": "Waqas Barkat",
              "bowler": "GRD Munasinghe",
              "non_striker": "JJ Atkinson",
              "runs": {
                "batter": 1,
                "extras": 0,
                "total": 1
              }
            },
            {
              "batter": "JJ Atkinson",
              "bowler": "GRD Munasinghe",
              "non_striker": "Waqas Barkat",
              "runs": {
                "batter": 4,
                "extras": 0,
                "total": 4
              }
            },
            {
              "batter": "JJ Atkinson",
              "bowler": "GRD Munasinghe",
              "non_striker": "Waqas Barkat",
              "runs": {
                "batter": 0,
                "extras": 0,
                "total": 0
              }
            }
          ]
        },
        {
          "over": 6,
          "deliveries": [
            {
              "batter": "Waqas Barkat",
              "bowler": "CS Sandri",
              "non_striker": "JJ Atkinson",
              "runs": {
                "batter": 1,
                "extras": 0,
                "total": 1
              }
            },
            {
              "batter": "JJ Atkinson",
              "bowler": "CS Sandri",
              "non_striker": "Waqas Barkat",
              "runs": {
                "batter": 0,
                "extras": 0,
                "total": 0
              },
              "wickets": [
                {
                  "kind": "bowled",
                  "player_out": "JJ Atkinson"
                }
              ]
            },
            {
              "batter": "MS Chapman",
              "bowler": "CS Sandri",
              "non_striker": "Waqas Barkat",
              "runs": {
                "batter": 0,
                "extras": 0,
                "total": 0
              }
            },
            {
              "batter": "MS Chapman",
              "bowler": "CS Sandri",
              "non_striker": "Waqas Barkat",
              "runs": {
                "batter": 0,
                "extras": 0,
                "total": 0
              }
            },
            {
              "batter": "MS Chapman",
              "bowler": "CS Sandri",
              "non_striker": "Waqas Barkat",
              "runs": {
                "batter": 0,
                "extras": 0,
                "total": 0
              }
            },
            {
              "batter": "MS Chapman",
              "bowler": "CS Sandri",
              "non_striker": "Waqas Barkat",
              "runs": {
                "batter": 0,
                "extras": 0,
                "total": 0
              }
            }
          ]
        },
        {
          "over": 7,
          "deliveries": [
            {
              "batter": "Waqas Barkat",
              "bowler": "DA Marage",
              "non_striker": "MS Chapman",
              "runs": {
                "batter": 0,
                "extras": 0,
                "total": 0
              }
            },
            {
              "batter": "Waqas Barkat",
              "bowler": "DA Marage",
              "non_striker": "MS Chapman",
              "runs": {
                "batter": 0,
                "extras": 0,
                "total": 0
              }
            },
            {
              "batter": "Waqas Barkat",
              "bowler": "DA Marage",
              "non_striker": "MS Chapman",
              "runs": {
                "batter": 0,
                "extras": 0,
                "total": 0
              }
            },
            {
              "batter": "Waqas Barkat",
              "bowler": "DA Marage",
              "non_striker": "MS Chapman",
              "runs": {
                "batter": 1,
                "extras": 0,
                "total": 1
              }
            },
            {
              "batter": "MS Chapman",
              "bowler": "DA Marage",
              "non_striker": "Waqas Barkat",
              "runs": {
                "batter": 0,
                "extras": 0,
                "total": 0
              }
            },
            {
              "batter": "MS Chapman",
              "bowler": "DA Marage",
              "non_striker": "Waqas Barkat",
              "runs": {
                "batter": 0,
                "extras": 0,
                "total": 0
              }
            }
          ]
        },
        {
          "over": 8,
          "deliveries": [
            {
              "batter": "Waqas Barkat",
              "bowler": "CS Sandri",
              "non_striker": "MS Chapman",
              "runs": {
                "batter": 0,
                "extras": 0,
                "total": 0
              }
            },
            {
              "batter": "Waqas Barkat",
              "bowler": "CS Sandri",
              "non_striker": "MS Chapman",
              "runs": {
                "batter": 1,
                "extras": 0,
                "total": 1
              }
            },
            {
              "batter": "MS Chapman",
              "bowler": "CS Sandri",
              "non_striker": "Waqas Barkat",
              "runs": {
                "batter": 1,
                "extras": 0,
                "total": 1
              }
            },
            {
              "batter": "Waqas Barkat",
              "bowler": "CS Sandri",
              "non_striker": "MS Chapman",
              "runs": {
                "batter": 0,
                "extras": 0,
                "total": 0
              }
            },
            {
              "batter": "Waqas Barkat",
              "bowler": "CS Sandri",
              "non_striker": "MS Chapman",
              "runs": {
                "batter": 1,
                "extras": 0,
                "total": 1
              }
            },
            {
              "batter": "MS Chapman",
              "bowler": "CS Sandri",
              "non_striker": "Waqas Barkat",
              "runs": {
                "batter": 1,
                "extras": 0,
                "total": 1
              }
            }
          ]
        },
        {
          "over": 9,
          "deliveries": [
            {
              "batter": "MS Chapman",
              "bowler": "DA Marage",
              "non_striker": "Waqas Barkat",
              "runs": {
                "batter": 1,
                "extras": 0,
                "total": 1
              }
            },
            {
              "batter": "Waqas Barkat",
              "bowler": "DA Marage",
              "non_striker": "MS Chapman",
              "runs": {
                "batter": 1,
                "extras": 0,
                "total": 1
              }
            },
            {
              "batter": "MS Chapman",
              "bowler": "DA Marage",
              "non_striker": "Waqas Barkat",
              "runs": {
                "batter": 1,
                "extras": 0,
                "total": 1
              }
            },
            {
              "batter": "Waqas Barkat",
              "bowler": "DA Marage",
              "non_striker": "MS Chapman",
              "runs": {
                "batter": 2,
                "extras": 0,
                "total": 2
              }
            },
            {
              "batter": "Waqas Barkat",
              "bowler": "DA Marage",
              "non_striker": "MS Chapman",
              "runs": {
                "batter": 1,
                "extras": 0,
                "total": 1
              }
            },
            {
              "batter": "MS Chapman",
              "bowler": "DA Marage",
              "non_striker": "Waqas Barkat",
              "runs": {
                "batter": 0,
                "extras": 0,
                "total": 0
              }
            }
          ]
        },
        {
          "over": 10,
          "deliveries": [
            {
              "batter": "Waqas Barkat",
              "bowler": "DSF Arsakulasuriya",
              "non_striker": "MS Chapman",
              "runs": {
                "batter": 1,
                "extras": 0,
                "total": 1
              }
            },
            {
              "batter": "MS Chapman",
              "bowler": "DSF Arsakulasuriya",
              "non_striker": "Waqas Barkat",
              "runs": {
                "batter": 2,
                "extras": 0,
                "total": 2
              }
            },
            {
              "batter": "MS Chapman",
              "bowler": "DSF Arsakulasuriya",
              "non_striker": "Waqas Barkat",
              "runs": {
                "batter": 0,
                "extras": 0,
                "total": 0
              }
            },
            {
              "batter": "MS Chapman",
              "bowler": "DSF Arsakulasuriya",
              "non_striker": "Waqas Barkat",
              "runs": {
                "batter": 4,
                "extras": 0,
                "total": 4
              }
            },
            {
              "batter": "MS Chapman",
              "bowler": "DSF Arsakulasuriya",
              "non_striker": "Waqas Barkat",
              "runs": {
                "batter": 1,
                "extras": 0,
                "total": 1
              }
            },
            {
              "batter": "Waqas Barkat",
              "bowler": "DSF Arsakulasuriya",
              "non_striker": "MS Chapman",
              "runs": {
                "batter": 1,
                "extras": 0,
                "total": 1
              }
            }
          ]
        },
        {
          "over": 11,
          "deliveries": [
            {
              "batter": "Waqas Barkat",
              "bowler": "DG Crowley",
              "non_striker": "MS Chapman",
              "runs": {
                "batter": 0,
                "extras": 0,
                "total": 0
              }
            },
            {
              "batter": "Waqas Barkat",
              "bowler": "DG Crowley",
              "non_striker": "MS Chapman",
              "runs": {
                "batter": 1,
                "extras": 0,
                "total": 1
              }
            },
            {
              "batter": "MS Chapman",
              "bowler": "DG Crowley",
              "non_striker": "Waqas Barkat",
              "runs": {
                "batter": 0,
                "extras": 0,
                "total": 0
              }
            },
            {
              "batter": "MS Chapman",
              "bowler": "DG Crowley",
              "non_striker": "Waqas Barkat",
              "runs": {
                "batter": 1,
                "extras": 0,
                "total": 1
              }
            },
            {
              "batter": "Waqas Barkat",
              "bowler": "DG Crowley",
              "non_striker": "MS Chapman",
              "runs": {
                "batter": 0,
                "extras": 0,
                "total": 0
              }
            },
            {
              "batter": "Waqas Barkat",
              "bowler": "DG Crowley",
              "non_striker": "MS Chapman",
              "runs": {
                "batter": 1,
                "extras": 0,
                "total": 1
              }
            }
          ]
        },
        {
          "over": 12,
          "deliveries": [
            {
              "batter": "Waqas Barkat",
              "bowler": "CS Sandri",
              "non_striker": "MS Chapman",
              "runs": {
                "batter": 0,
                "extras": 0,
                "total": 0
              }
            },
            {
              "batter": "Waqas Barkat",
              "bowler": "CS Sandri",
              "non_striker": "MS Chapman",
              "runs": {
                "batter": 0,
                "extras": 0,
                "total": 0
              }
            },
            {
              "batter": "Waqas Barkat",
              "bowler": "CS Sandri",
              "non_striker": "MS Chapman",
              "runs": {
                "batter": 0,
                "extras": 0,
                "total": 0
              }
            },
            {
              "batter": "Waqas Barkat",
              "bowler": "CS Sandri",
              "non_striker": "MS Chapman",
              "runs": {
                "batter": 0,
                "extras": 0,
                "total": 0
              }
            },
            {
              "batter": "Waqas Barkat",
              "bowler": "CS Sandri",
              "non_striker": "MS Chapman",
              "runs": {
                "batter": 1,
                "extras": 0,
                "total": 1
              }
            },
            {
              "batter": "MS Chapman",
              "bowler": "CS Sandri",
              "non_striker": "Waqas Barkat",
              "runs": {
                "batter": 0,
                "extras": 0,
                "total": 0
              },
              "wickets": [
                {
                  "kind": "run out",
                  "player_out": "MS Chapman",
                  "fielders": [
                    {
                      "name": "A Bonora"
                    }
                  ]
                }
              ]
            }
          ]
        },
        {
          "over": 13,
          "deliveries": [
            {
              "batter": "Waqas Barkat",
              "bowler": "DG Crowley",
              "non_striker": "Nizakat Khan",
              "runs": {
                "batter": 2,
                "extras": 0,
                "total": 2
              }
            },
            {
              "batter": "Waqas Barkat",
              "bowler": "DG Crowley",
              "non_striker": "Nizakat Khan",
              "runs": {
                "batter": 0,
                "extras": 0,
                "total": 0
              }
            },
            {
              "batter": "Waqas Barkat",
              "bowler": "DG Crowley",
              "non_striker": "Nizakat Khan",
              "runs": {
                "batter": 0,
                "extras": 0,
                "total": 0
              }
            },
            {
              "batter": "Waqas Barkat",
              "bowler": "DG Crowley",
              "non_striker": "Nizakat Khan",
              "runs": {
                "batter": 0,
                "extras": 0,
                "total": 0
              }
            },
            {
              "batter": "Waqas Barkat",
              "bowler": "DG Crowley",
              "non_striker": "Nizakat Khan",
              "runs": {
                "batter": 2,
                "extras": 0,
                "total": 2
              }
            },
            {
              "batter": "Waqas Barkat",
              "bowler": "DG Crowley",
              "non_striker": "Nizakat Khan",
              "runs": {
                "batter": 0,
                "extras": 0,
                "total": 0
              }
            }
          ]
        },
        {
          "over": 14,
          "deliveries": [
            {
              "batter": "Nizakat Khan",
              "bowler": "DA Marage",
              "non_striker": "Waqas Barkat",
              "runs": {
                "batter": 0,
                "extras": 0,
                "total": 0
              }
            },
            {
              "batter": "Nizakat Khan",
              "bowler": "DA Marage",
              "non_striker": "Waqas Barkat",
              "runs": {
                "batter": 0,
                "extras": 0,
                "total": 0
              }
            },
            {
              "batter": "Nizakat Khan",
              "bowler": "DA Marage",
              "non_striker": "Waqas Barkat",
              "runs": {
                "batter": 2,
                "extras": 0,
                "total": 2
              }
            },
            {
              "batter": "Nizakat Khan",
              "bowler": "DA Marage",
              "non_striker": "Waqas Barkat",
              "runs": {
                "batter": 1,
                "extras": 0,
                "total": 1
              }
            },
            {
              "batter": "Waqas Barkat",
              "bowler": "DA Marage",
              "extras": {
                "wides": 1
              },
              "non_striker": "Nizakat Khan",
              "runs": {
                "batter": 0,
                "extras": 1,
                "total": 1
              }
            },
            {
              "batter": "Waqas Barkat",
              "bowler": "DA Marage",
              "non_striker": "Nizakat Khan",
              "runs": {
                "batter": 1,
                "extras": 0,
                "total": 1
              }
            },
            {
              "batter": "Nizakat Khan",
              "bowler": "DA Marage",
              "non_striker": "Waqas Barkat",
              "runs": {
                "batter": 2,
                "extras": 0,
                "total": 2
              }
            }
          ]
        },
        {
          "over": 15,
          "deliveries": [
            {
              "batter": "Waqas Barkat",
              "bowler": "CS Sandri",
              "non_striker": "Nizakat Khan",
              "runs": {
                "batter": 1,
                "extras": 0,
                "total": 1
              }
            },
            {
              "batter": "Nizakat Khan",
              "bowler": "CS Sandri",
              "non_striker": "Waqas Barkat",
              "runs": {
                "batter": 4,
                "extras": 0,
                "total": 4
              }
            },
            {
              "batter": "Nizakat Khan",
              "bowler": "CS Sandri",
              "non_striker": "Waqas Barkat",
              "runs": {
                "batter": 0,
                "extras": 0,
                "total": 0
              }
            },
            {
              "batter": "Nizakat Khan",
              "bowler": "CS Sandri",
              "non_striker": "Waqas Barkat",
              "runs": {
                "batter": 1,
                "extras": 0,
                "total": 1
              }
            },
            {
              "batter": "Waqas Barkat",
              "bowler": "CS Sandri",
              "non_striker": "Nizakat Khan",
              "runs": {
                "batter": 2,
                "extras": 0,
                "total": 2
              }
            },
            {
              "batter": "Waqas Barkat",
              "bowler": "CS Sandri",
              "non_striker": "Nizakat Khan",
              "runs": {
                "batter": 0,
                "extras": 0,
                "total": 0
              }
            }
          ]
        },
        {
          "over": 16,
          "deliveries": [
            {
              "batter": "Nizakat Khan",
              "bowler": "DA Marage",
              "non_striker": "Waqas Barkat",
              "runs": {
                "batter": 1,
                "extras": 0,
                "total": 1
              }
            },
            {
              "batter": "Waqas Barkat",
              "bowler": "DA Marage",
              "non_striker": "Nizakat Khan",
              "runs": {
                "batter": 1,
                "extras": 0,
                "total": 1
              }
            },
            {
              "batter": "Nizakat Khan",
              "bowler": "DA Marage",
              "non_striker": "Waqas Barkat",
              "runs": {
                "batter": 2,
                "extras": 0,
                "total": 2
              }
            },
            {
              "batter": "Nizakat Khan",
              "bowler": "DA Marage",
              "non_striker": "Waqas Barkat",
              "runs": {
                "batter": 1,
                "extras": 0,
                "total": 1
              }
            },
            {
              "batter": "Waqas Barkat",
              "bowler": "DA Marage",
              "non_striker": "Nizakat Khan",
              "runs": {
                "batter": 2,
                "extras": 0,
                "total": 2
              }
            },
            {
              "batter": "Waqas Barkat",
              "bowler": "DA Marage",
              "non_striker": "Nizakat Khan",
              "runs": {
                "batter": 1,
                "extras": 0,
                "total": 1
              }
            }
          ]
        },
        {
          "over": 17,
          "deliveries": [
            {
              "batter": "Waqas Barkat",
              "bowler": "V Pennazza",
              "non_striker": "Nizakat Khan",
              "runs": {
                "batter": 1,
                "extras": 0,
                "total": 1
              }
            },
            {
              "batter": "Nizakat Khan",
              "bowler": "V Pennazza",
              "non_striker": "Waqas Barkat",
              "runs": {
                "batter": 0,
                "extras": 0,
                "total": 0
              }
            },
            {
              "batter": "Nizakat Khan",
              "bowler": "V Pennazza",
              "non_striker": "Waqas Barkat",
              "runs": {
                "batter": 0,
                "extras": 0,
                "total": 0
              }
            },
            {
              "batter": "Nizakat Khan",
              "bowler": "V Pennazza",
              "non_striker": "Waqas Barkat",
              "runs": {
                "batter": 2,
                "extras": 0,
                "total": 2
              }
            },
            {
              "batter": "Nizakat Khan",
              "bowler": "V Pennazza",
              "non_striker": "Waqas Barkat",
              "runs": {
                "batter": 1,
                "extras": 0,
                "total": 1
              }
            },
            {
              "batter": "Waqas Barkat",
              "bowler": "V Pennazza",
              "extras": {
                "wides": 5
              },
              "non_striker": "Nizakat Khan",
              "runs": {
                "batter": 0,
                "extras": 5,
                "total": 5
              }
            },
            {
              "batter": "Waqas Barkat",
              "bowler": "V Pennazza",
              "non_striker": "Nizakat Khan",
              "runs": {
                "batter": 3,
                "extras": 0,
                "total": 3
              }
            }
          ]
        },
        {
          "over": 18,
          "deliveries": [
            {
              "batter": "Waqas Barkat",
              "bowler": "GRD Munasinghe",
              "non_striker": "Nizakat Khan",
              "runs": {
                "batter": 0,
                "extras": 0,
                "total": 0
              }
            },
            {
              "batter": "Waqas Barkat",
              "bowler": "GRD Munasinghe",
              "non_striker": "Nizakat Khan",
              "runs": {
                "batter": 0,
                "extras": 0,
                "total": 0
              }
            },
            {
              "batter": "Waqas Barkat",
              "bowler": "GRD Munasinghe",
              "non_striker": "Nizakat Khan",
              "runs": {
                "batter": 4,
                "extras": 0,
                "total": 4
              }
            },
            {
              "batter": "Waqas Barkat",
              "bowler": "GRD Munasinghe",
              "non_striker": "Nizakat Khan",
              "runs": {
                "batter": 2,
                "extras": 0,
                "total": 2
              }
            }
          ]
        }
      ],
      "powerplays": [
        {
          "from": 0.1,
          "to": 5.6,
          "type": "mandatory"
        }
      ],
      "target": {
        "overs": 20,
        "runs": 111
      }
    }
  ]
}