{
  "meta": {
    "data_version": "1.0.0",
    "created": "2013-12-18",
    "revision": 1
  },
  "info": {
    "balls_per_over": 6,
    "city": "Dubai",
    "dates": [
      "2013-11-24"
    ],
    "event": {
      "group": "B",
      "match_number": 52,
      "name": "ICC World Twenty20 Qualifier"
    },
    "gender": "male",
    "match_type": "IT20",
    "officials": {
      "match_referees": [
        "DT Jukes"
      ],
      "reserve_umpires": [
        "Sharfuddoula"
      ],
      "umpires": [
        "AT Holdstock",
        "S Ravi"
      ]
    },
    "outcome": {
      "by": {
        "runs": 75
      },
      "winner": "Scotland"
    },
    "overs": 20,
    "player_of_match": [
      "MW Machan"
    ],
    "players": {
      "Denmark": [
        "Yasir Iqbal",
        "FA Klokker",
        "CR Pedersen",
        "Kamran Mahmood",
        "HAM Shah",
        "Rizwan Mahmood",
        "Taha Ahmed",
        "MR Pedersen",
        "RB Javed",
        "Bashir Shah",
        "KRS Hansen"
      ],
      "Scotland": [
        "RD Berrington",
        "CS MacLeod",
        "MW Machan",
        "MA Leask",
        "RML Taylor",
        "KJ Coetzer",
        "MH Cross",
        "G Goudie",
        "RM Haq",
        "SM Sharif",
        "NM Carter"
      ]
    },
    "registry": {
      "people": {
        "AT Holdstock": "6fa3258c",
        "Bashir Shah": "3b282e51",
        "CR Pedersen": "defcefc8",
        "CS MacLeod": "9c376401",
        "DT Jukes": "7c215d14",
        "FA Klokker": "821a412e",
        "G Goudie": "59f509ed",
        "HAM Shah": "007113d7",
        "KJ Coetzer": "85d8110a",
        "KRS Hansen": "413d26f3",
        "Kamran Mahmood": "12b7fa12",
        "MA Leask": "28131839",
        "MH Cross": "8b261d84",
        "MR Pedersen": "3f796a61",
        "MW Machan": "8c7d6cbe",
        "NM Carter": "7805af0f",
        "RB Javed": "bf385668",
        "RD Berrington": "e21bc7f3",
        "RM Haq": "27159c6a",
        "RML Taylor": "7fa2ab1f",
        "Rizwan Mahmood": "56e771ef",
        "S Ravi": "9b9ee0df",
        "SM Sharif": "f43dd8c2",
        "Sharfuddoula": "63896abb",
        "Taha Ahmed": "5d08f132",
        "Yasir Iqbal": "928baf6b"
      }
    },
    "season": "2013/14",
    "team_type": "international",
    "teams": [
      "Denmark",
      "Scotland"
    ],
    "toss": {
      "decision": "bat",
      "winner": "Scotland"
    },
    "venue": "ICC Academy Ground No 2"
  },
  "innings": [
    {
      "team": "Scotland",
      "overs": [
        {
          "over": 0,
          "deliveries": [
            {
              "batter": "RD Berrington",
              "bowler": "Bashir Shah",
              "non_striker": "CS MacLeod",
              "runs": {
                "batter": 0,
                "extras": 0,
                "total": 0
              }
            },
            {
              "batter": "RD Berrington",
              "bowler": "Bashir Shah",
              "non_striker": "CS MacLeod",
              "runs": {
                "batter": 0,
                "extras": 0,
                "total": 0
              }
            },
            {
              "batter": "RD Berrington",
              "bowler": "Bashir Shah",
              "non_striker": "CS MacLeod",
              "runs": {
                "batter": 4,
                "extras": 0,
                "total": 4
              }
            },
            {
              "batter": "RD Berrington",
              "bowler": "Bashir Shah",
              "non_striker": "CS MacLeod",
              "runs": {
                "batter": 0,
                "extras": 0,
                "total": 0
              }
            },
            {
              "batter": "RD Berrington",
              "bowler": "Bashir Shah",
              "non_striker": "CS MacLeod",
              "runs": {
                "batter": 0,
                "extras": 0,
                "total": 0
              }
            },
            {
              "batter": "RD Berrington",
              "bowler": "Bashir Shah",
              "non_striker": "CS MacLeod",
              "runs": {
                "batter": 0,
                "extras": 0,
                "total": 0
              },
              "wickets": [
                {
                  "kind": "bowled",
                  "player_out": "RD Berrington"
                }
              ]
            }
          ]
        },
        {
          "over": 1,
          "deliveries": [
            {
              "batter": "CS MacLeod",
              "bowler": "RB Javed",
              "extras": {
                "noballs": 1
              },
              "non_striker": "MW Machan",
              "runs": {
                "batter": 1,
                "extras": 1,
                "total": 2
              }
            },
            {
              "batter": "MW Machan",
              "bowler": "RB Javed",
              "non_striker": "CS MacLeod",
              "runs": {
                "batter": 1,
                "extras": 0,
                "total": 1
              }
            },
            {
              "batter": "CS MacLeod",
              "bowler": "RB Javed",
              "non_striker": "MW Machan",
              "runs": {
                "batter": 0,
                "extras": 0,
                "total": 0
              }
            },
            {
              "batter": "CS MacLeod",
              "bowler": "RB Javed",
              "non_striker": "MW Machan",
              "runs": {
                "batter": 0,
                "extras": 0,
                "total": 0
              }
            },
            {
              "batter": "CS MacLeod",
              "bowler": "RB Javed",
              "non_striker": "MW Machan",
              "runs": {
                "batter": 0,
                "extras": 0,
                "total": 0
              }
            },
            {
              "batter": "CS MacLeod",
              "bowler": "RB Javed",
              "non_striker": "MW Machan",
              "runs": {
                "batter": 0,
                "extras": 0,
                "total": 0
              }
            },
            {
              "batter": "CS MacLeod",
              "bowler": "RB Javed",
              "non_striker": "MW Machan",
              "runs": {
                "batter": 2,
                "extras": 0,
                "total": 2
              }
            }
          ]
        },
        {
          "over": 2,
          "deliveries": [
            {
              "batter": "MW Machan",
              "bowler": "Bashir Shah",
              "non_striker": "CS MacLeod",
              "runs": {
                "batter": 1,
                "extras": 0,
                "total": 1
              }
            },
            {
              "batter": "CS MacLeod",
              "bowler": "Bashir Shah",
              "non_striker": "MW Machan",
              "runs": {
                "batter": 0,
                "extras": 0,
                "total": 0
              }
            },
            {
              "batter": "CS MacLeod",
              "bowler": "Bashir Shah",
              "non_striker": "MW Machan",
              "runs": {
                "batter": 3,
                "extras": 0,
                "total": 3
              }
            },
            {
              "batter": "MW Machan",
              "bowler": "Bashir Shah",
              "non_striker": "CS MacLeod",
              "runs": {
                "batter": 4,
                "extras": 0,
                "total": 4
              }
            },
            {
              "batter": "MW Machan",
              "bowler": "Bashir Shah",
              "non_striker": "CS MacLeod",
              "runs": {
                "batter": 0,
                "extras": 0,
                "total": 0
              }
            },
            {
              "batter": "MW Machan",
              "bowler": "Bashir Shah",
              "non_striker": "CS MacLeod",
              "runs": {
                "batter": 1,
                "extras": 0,
                "total": 1
              }
            }
          ]
        },
        {
          "over": 3,
          "deliveries": [
            {
              "batter": "MW Machan",
              "bowler": "RB Javed",
              "non_striker": "CS MacLeod",
              "runs": {
                "batter": 4,
                "extras": 0,
                "total": 4
              }
            },
            {
              "batter": "MW Machan",
              "bowler": "RB Javed",
              "non_striker": "CS MacLeod",
              "runs": {
                "batter": 4,
                "extras": 0,
                "total": 4
              }
            },
            {
              "batter": "MW Machan",
              "bowler": "RB Javed",
              "non_striker": "CS MacLeod",
              "runs": {
                "batter": 1,
                "extras": 0,
                "total": 1
              }
            },
            {
              "batter": "CS MacLeod",
              "bowler": "RB Javed",
              "non_striker": "MW Machan",
              "runs": {
                "batter": 1,
                "extras": 0,
                "total": 1
              }
            },
            {
              "batter": "MW Machan",
              "bowler": "RB Javed",
              "non_striker": "CS MacLeod",
              "runs": {
                "batter": 4,
                "extras": 0,
                "total": 4
              }
            },
            {
              "batter": "MW Machan",
              "bowler": "RB Javed",
              "non_striker": "CS MacLeod",
              "runs": {
                "batter": 0,
                "extras": 0,
                "total": 0
              }
            }
          ]
        },
        {
          "over": 4,
          "deliveries": [
            {
              "batter": "CS MacLeod",
              "bowler": "Bashir Shah",
              "non_striker": "MW Machan",
              "runs": {
                "batter": 0,
                "extras": 0,
                "total": 0
              }
            },
            {
              "batter": "CS MacLeod",
              "bowler": "Bashir Shah",
              "non_striker": "MW Machan",
              "runs": {
                "batter": 4,
                "extras": 0,
                "total": 4
              }
            },
            {
              "batter": "CS MacLeod",
              "bowler": "Bashir Shah",
              "non_striker": "MW Machan",
              "runs": {
                "batter": 0,
                "extras": 0,
                "total": 0
              }
            },
            {
              "batter": "CS MacLeod",
              "bowler": "Bashir Shah",
              "non_striker": "MW Machan",
              "runs": {
                "batter": 4,
                "extras": 0,
                "total": 4
              }
            },
            {
              "batter": "CS MacLeod",
              "bowler": "Bashir Shah",
              "non_striker": "MW Machan",
              "runs": {
                "batter": 0,
                "extras": 0,
                "total": 0
              }
            },
            {
              "batter": "CS MacLeod",
              "bowler": "Bashir Shah",
              "non_striker": "MW Machan",
              "runs": {
                "batter": 0,
                "extras": 0,
                "total": 0
              }
            }
          ]
        },
        {
          "over": 5,
          "deliveries": [
            {
              "batter": "MW Machan",
              "bowler": "Yasir Iqbal",
              "non_striker": "CS MacLeod",
              "runs": {
                "batter": 4,
                "extras": 0,
                "total": 4
              }
            },
            {
              "batter": "MW Machan",
              "bowler": "Yasir Iqbal",
              "non_striker": "CS MacLeod",
              "runs": {
                "batter": 2,
                "extras": 0,
                "total": 2
              }
            },
            {
              "batter": "MW Machan",
              "bowler": "Yasir Iqbal",
              "non_striker": "CS MacLeod",
              "runs": {
                "batter": 0,
                "extras": 0,
                "total": 0
              }
            },
            {
              "batter": "MW Machan",
              "bowler": "Yasir Iqbal",
              "non_striker": "CS MacLeod",
              "runs": {
                "batter": 4,
                "extras": 0,
                "total": 4
              }
            },
            {
              "batter": "MW Machan",
              "bowler": "Yasir Iqbal",
              "non_striker": "CS MacLeod",
              "runs": {
                "batter": 1,
                "extras": 0,
                "total": 1
              }
            },
            {
              "batter": "CS MacLeod",
              "bowler": "Yasir Iqbal",
              "non_striker": "MW Machan",
              "runs": {
                "batter": 1,
                "extras": 0,
                "total": 1
              }
            }
          ]
        },
        {
          "over": 6,
          "deliveries": [
            {
              "batter": "CS MacLeod",
              "bowler": "MR Pedersen",
              "non_striker": "MW Machan",
              "runs": {
                "batter": 0,
                "extras": 0,
                "total": 0
              }
            },
            {
              "batter": "CS MacLeod",
              "bowler": "MR Pedersen",
              "non_striker": "MW Machan",
              "runs": {
                "batter": 6,
                "extras": 0,
                "total": 6
              }
            },
            {
              "batter": "CS MacLeod",
              "bowler": "MR Pedersen",
              "non_striker": "MW Machan",
              "runs": {
                "batter": 1,
                "extras": 0,
                "total": 1
              }
            },
            {
              "batter": "MW Machan",
              "bowler": "MR Pedersen",
              "non_striker": "CS MacLeod",
              "runs": {
                "batter": 1,
                "extras": 0,
                "total": 1
              }
            },
            {
              "batter": "CS MacLeod",
              "bowler": "MR Pedersen",
              "non_striker": "MW Machan",
              "runs": {
                "batter": 0,
                "extras": 0,
                "total": 0
              }
            },
            {
              "batter": "CS MacLeod",
              "bowler": "MR Pedersen",
              "non_striker": "MW Machan",
              "runs": {
                "batter": 4,
                "extras": 0,
                "total": 4
              }
            }
          ]
        },
        {
          "over": 7,
          "deliveries": [
            {
              "batter": "MW Machan",
              "bowler": "Yasir Iqbal",
              "non_striker": "CS MacLeod",
              "runs": {
                "batter": 1,
                "extras": 0,
                "total": 1
              }
            },
            {
              "batter": "CS MacLeod",
              "bowler": "Yasir Iqbal",
              "non_striker": "MW Machan",
              "runs": {
                "batter": 1,
                "extras": 0,
                "total": 1
              }
            },
            {
              "batter": "MW Machan",
              "bowler": "Yasir Iqbal",
              "non_striker": "CS MacLeod",
              "runs": {
                "batter": 0,
                "extras": 0,
                "total": 0
              }
            },
            {
              "batter": "MW Machan",
              "bowler": "Yasir Iqbal",
              "non_striker": "CS MacLeod",
              "runs": {
                "batter": 0,
                "extras": 0,
                "total": 0
              }
            },
            {
              "batter": "MW Machan",
              "bowler": "Yasir Iqbal",
              "extras": {
                "legbyes": 1
              },
              "non_striker": "CS MacLeod",
              "runs": {
                "batter": 0,
                "extras": 1,
                "total": 1
              }
            },
            {
              "batter": "CS MacLeod",
              "bowler": "Yasir Iqbal",
              "non_striker": "MW Machan",
              "runs": {
                "batter": 0,
                "extras": 0,
                "total": 0
              }
            }
          ]
        },
        {
          "over": 8,
          "deliveries": [
            {
              "batter": "MW Machan",
              "bowler": "KRS Hansen",
              "non_striker": "CS MacLeod",
              "runs": {
                "batter": 0,
                "extras": 0,
                "total": 0
              }
            },
            {
              "batter": "MW Machan",
              "bowler": "KRS Hansen",
              "non_striker": "CS MacLeod",
              "runs": {
                "batter": 4,
                "extras": 0,
                "total": 4
              }
            },
            {
              "batter": "MW Machan",
              "bowler": "KRS Hansen",
              "non_striker": "CS MacLeod",
              "runs": {
                "batter": 1,
                "extras": 0,
                "total": 1
              }
            },
            {
              "batter": "CS MacLeod",
              "bowler": "KRS Hansen",
              "non_striker": "MW Machan",
              "runs": {
                "batter": 1,
                "extras": 0,
                "total": 1
              }
            },
            {
              "batter": "MW Machan",
              "bowler": "KRS Hansen",
              "extras": {
                "wides": 3
              },
              "non_striker": "CS MacLeod",
              "runs": {
                "batter": 0,
                "extras": 3,
                "total": 3
              }
            },
            {
              "batter": "MW Machan",
              "bowler": "KRS Hansen",
              "extras": {
                "legbyes": 2
              },
              "non_striker": "CS MacLeod",
              "runs": {
                "batter": 0,
                "extras": 2,
                "total": 2
              }
            },
            {
              "batter": "MW Machan",
              "bowler": "KRS Hansen",
              "non_striker": "CS MacLeod",
              "runs": {
                "batter": 1,
                "extras": 0,
                "total": 1
              }
            }
          ]
        },
        {
          "over": 9,
          "deliveries": [
            {
              "batter": "MW Machan",
              "bowler": "HAM Shah",
              "non_striker": "CS MacLeod",
              "runs": {
                "batter": 0,
                "extras": 0,
                "total": 0
              }
            },
            {
              "batter": "MW Machan",
              "bowler": "HAM Shah",
              "non_striker": "CS MacLeod",
              "runs": {
                "batter": 6,
                "extras": 0,
                "total": 6
              }
            },
            {
              "batter": "MW Machan",
              "bowler": "HAM Shah",
              "non_striker": "CS MacLeod",
              "runs": {
                "batter": 2,
                "extras": 0,
                "total": 2
              }
            },
            {
              "batter": "MW Machan",
              "bowler": "HAM Shah",
              "non_striker": "CS MacLeod",
              "runs": {
                "batter": 1,
                "extras": 0,
                "total": 1
              }
            },
            {
              "batter": "CS MacLeod",
              "bowler": "HAM Shah",
              "non_striker": "MW Machan",
              "runs": {
                "batter": 2,
                "extras": 0,
                "total": 2
              }
            },
            {
              "batter": "CS MacLeod",
              "bowler": "HAM Shah",
              "non_striker": "MW Machan",
              "runs": {
                "batter": 4,
                "extras": 0,
                "total": 4
              }
            }
          ]
        },
        {
          "over": 10,
          "deliveries": [
            {
              "batter": "MW Machan",
              "bowler": "KRS Hansen",
              "extras": {
                "wides": 1
              },
              "non_striker": "CS MacLeod",
              "runs": {
                "batter": 0,
                "extras": 1,
                "total": 1
              }
            },
            {
              "batter": "MW Machan",
              "bowler": "KRS Hansen",
              "non_striker": "CS MacLeod",
              "runs": {
                "batter": 1,
                "extras": 0,
                "total": 1
              }
            },
            {
              "batter": "CS MacLeod",
              "bowler": "KRS Hansen",
              "non_striker": "MW Machan",
              "runs": {
                "batter": 1,
                "extras": 0,
                "total": 1
              }
            },
            {
              "batter": "MW Machan",
              "bowler": "KRS Hansen",
              "non_striker": "CS MacLeod",
              "runs": {
                "batter": 1,
                "extras": 0,
                "total": 1
              }
            },
            {
              "batter": "CS MacLeod",
              "bowler": "KRS Hansen",
              "non_striker": "MW Machan",
              "runs": {
                "batter": 0,
                "extras": 0,
                "total": 0
              }
            },
            {
              "batter": "CS MacLeod",
              "bowler": "KRS Hansen",
              "non_striker": "MW Machan",
              "runs": {
                "batter": 4,
                "extras": 0,
                "total": 4
              }
            },
            {
              "batter": "CS MacLeod",
              "bowler": "KRS Hansen",
              "non_striker": "MW Machan",
              "runs": {
                "batter": 1,
                "extras": 0,
                "total": 1
              }
            }
          ]
        },
        {
          "over": 11,
          "deliveries": [
            {
              "batter": "CS MacLeod",
              "bowler": "MR Pedersen",
              "non_striker": "MW Machan",
              "runs": {
                "batter": 0,
                "extras": 0,
                "total": 0
              }
            },
            {
              "batter": "CS MacLeod",
              "bowler": "MR Pedersen",
              "non_striker": "MW Machan",
              "runs": {
                "batter": 0,
                "extras": 0,
                "total": 0
              },
              "wickets": [
                {
                  "kind": "stumped",
                  "player_out": "CS MacLeod",
                  "fielders": [
                    {
                      "name": "FA Klokker"
                    }
                  ]
                }
              ]
            },
            {
              "batter": "MA Leask",
              "bowler": "MR Pedersen",
              "non_striker": "MW Machan",
              "runs": {
                "batter": 0,
                "extras": 0,
                "total": 0
              }
            },
            {
              "batter": "MA Leask",
              "bowler": "MR Pedersen",
              "non_striker": "MW Machan",
              "runs": {
                "batter": 2,
                "extras": 0,
                "total": 2
              }
            },
            {
              "batter": "MA Leask",
              "bowler": "MR Pedersen",
              "non_striker": "MW Machan",
              "runs": {
                "batter": 1,
                "extras": 0,
                "total": 1
              }
            },
            {
              "batter": "MW Machan",
              "bowler": "MR Pedersen",
              "non_striker": "MA Leask",
              "runs": {
                "batter": 0,
                "extras": 0,
                "total": 0
              }
            }
          ]
        },
        {
          "over": 12,
          "deliveries": [
            {
              "batter": "MA Leask",
              "bowler": "Kamran Mahmood",
              "non_striker": "MW Machan",
              "runs": {
                "batter": 1,
                "extras": 0,
                "total": 1
              }
            },
            {
              "batter": "MW Machan",
              "bowler": "Kamran Mahmood",
              "non_striker": "MA Leask",
              "runs": {
                "batter": 0,
                "extras": 0,
                "total": 0
              }
            },
            {
              "batter": "MW Machan",
              "bowler": "Kamran Mahmood",
              "non_striker": "MA Leask",
              "runs": {
                "batter": 6,
                "extras": 0,
                "total": 6
              }
            },
            {
              "batter": "MW Machan",
              "bowler": "Kamran Mahmood",
              "non_striker": "MA Leask",
              "runs": {
                "batter": 0,
                "extras": 0,
                "total": 0
              }
            },
            {
              "batter": "MW Machan",
              "bowler": "Kamran Mahmood",
              "non_striker": "MA Leask",
              "runs": {
                "batter": 2,
                "extras": 0,
                "total": 2
              }
            },
            {
              "batter": "MW Machan",
              "bowler": "Kamran Mahmood",
              "non_striker": "MA Leask",
              "runs": {
                "batter": 4,
                "extras": 0,
                "total": 4
              }
            }
          ]
        },
        {
          "over": 13,
          "deliveries": [
            {
              "batter": "MA Leask",
              "bowler": "MR Pedersen",
              "non_striker": "MW Machan",
              "runs": {
                "batter": 1,
                "extras": 0,
                "total": 1
              }
            },
            {
              "batter": "MW Machan",
              "bowler": "MR Pedersen",
              "non_striker": "MA Leask",
              "runs": {
                "batter": 4,
                "extras": 0,
                "total": 4
              }
            },
            {
              "batter": "MW Machan",
              "bowler": "MR Pedersen",
              "non_striker": "MA Leask",
              "runs": {
                "batter": 1,
                "extras": 0,
                "total": 1
              }
            },
            {
              "batter": "MA Leask",
              "bowler": "MR Pedersen",
              "non_striker": "MW Machan",
              "runs": {
                "batter": 1,
                "extras": 0,
                "total": 1
              }
            },
            {
              "batter": "MW Machan",
              "bowler": "MR Pedersen",
              "non_striker": "MA Leask",
              "runs": {
                "batter": 1,
                "extras": 0,
                "total": 1
              }
            },
            {
              "batter": "MA Leask",
              "bowler": "MR Pedersen",
              "non_striker": "MW Machan",
              "runs": {
                "batter": 1,
                "extras": 0,
                "total": 1
              }
            }
          ]
        },
        {
          "over": 14,
          "deliveries": [
            {
              "batter": "MA Leask",
              "bowler": "Yasir Iqbal",
              "non_striker": "MW Machan",
              "runs": {
                "batter": 6,
                "extras": 0,
                "total": 6
              }
            },
            {
              "batter": "MA Leask",
              "bowler": "Yasir Iqbal",
              "non_striker": "MW Machan",
              "runs": {
                "batter": 0,
                "extras": 0,
                "total": 0
              }
            },
            {
              "batter": "MA Leask",
              "bowler": "Yasir Iqbal",
              "non_striker": "MW Machan",
              "runs": {
                "batter": 4,
                "extras": 0,
                "total": 4
              }
            },
            {
              "batter": "MA Leask",
              "bowler": "Yasir Iqbal",
              "non_striker": "MW Machan",
              "runs": {
                "batter": 0,
                "extras": 0,
                "total": 0
              }
            },
            {
              "batter": "MA Leask",
              "bowler": "Yasir Iqbal",
              "non_striker": "MW Machan",
              "runs": {
                "batter": 6,
                "extras": 0,
                "total": 6
              }
            },
            {
              "batter": "MA Leask",
              "bowler": "Yasir Iqbal",
              "non_striker": "MW Machan",
              "runs": {
                "batter": 1,
                "extras": 0,
                "total": 1
              }
            }
          ]
        },
        {
          "over": 15,
          "deliveries": [
            {
              "batter": "MA Leask",
              "bowler": "Bashir Shah",
              "extras": {
                "wides": 1
              },
              "non_striker": "MW Machan",
              "runs": {
                "batter": 0,
                "extras": 1,
                "total": 1
              }
            },
            {
              "batter": "MA Leask",
              "bowler": "Bashir Shah",
              "non_striker": "MW Machan",
              "runs": {
                "batter": 0,
                "extras": 0,
                "total": 0
              }
            },
            {
              "batter": "MA Leask",
              "bowler": "Bashir Shah",
              "non_striker": "MW Machan",
              "runs": {
                "batter": 4,
                "extras": 0,
                "total": 4
              }
            },
            {
              "batter": "MA Leask",
              "bowler": "Bashir Shah",
              "non_striker": "MW Machan",
              "runs": {
                "batter": 1,
                "extras": 0,
                "total": 1
              }
            },
            {
              "batter": "MW Machan",
              "bowler": "Bashir Shah",
              "non_striker": "MA Leask",
              "runs": {
                "batter": 0,
                "extras": 0,
                "total": 0
              }
            },
            {
              "batter": "MW Machan",
              "bowler": "Bashir Shah",
              "non_striker": "MA Leask",
              "runs": {
                "batter": 0,
                "extras": 0,
                "total": 0
              }
            },
            {
              "batter": "MW Machan",
              "bowler": "Bashir Shah",
              "non_striker": "MA Leask",
              "runs": {
                "batter": 1,
                "extras": 0,
                "total": 1
              }
            }
          ]
        },
        {
          "over": 16,
          "deliveries": [
            {
              "batter": "MW Machan",
              "bowler": "RB Javed",
              "non_striker": "MA Leask",
              "runs": {
                "batter": 1,
                "extras": 0,
                "total": 1
              }
            },
            {
              "batter": "MA Leask",
              "bowler": "RB Javed",
              "non_striker": "MW Machan",
              "runs": {
                "batter": 6,
                "extras": 0,
                "total": 6
              }
            },
            {
              "batter": "MA Leask",
              "bowler": "RB Javed",
              "non_striker": "MW Machan",
              "runs": {
                "batter": 0,
                "extras": 0,
                "total": 0
              }
            },
            {
              "batter": "MA Leask",
              "bowler": "RB Javed",
              "non_striker": "MW Machan",
              "runs": {
                "batter": 6,
                "extras": 0,
                "total": 6
              }
            },
            {
              "batter": "MA Leask",
              "bowler": "RB Javed",
              "non_striker": "MW Machan",
              "runs": {
                "batter": 0,
                "extras": 0,
                "total": 0
              },
              "wickets": [
                {
                  "kind": "caught",
                  "player_out": "MA Leask",
                  "fielders": [
                    {
                      "name": "FA Klokker"
                    }
                  ]
                }
              ]
            },
            {
              "batter": "MW Machan",
              "bowler": "RB Javed",
              "non_striker": "RML Taylor",
              "runs": {
                "batter": 1,
                "extras": 0,
                "total": 1
              }
            }
          ]
        },
        {
          "over": 17,
          "deliveries": [
            {
              "batter": "MW Machan",
              "bowler": "MR Pedersen",
              "non_striker": "RML Taylor",
              "runs": {
                "batter": 1,
                "extras": 0,
                "total": 1
              }
            },
            {
              "batter": "RML Taylor",
              "bowler": "MR Pedersen",
              "non_striker": "MW Machan",
              "runs": {
                "batter": 1,
                "extras": 0,
                "total": 1
              }
            },
            {
              "batter": "MW Machan",
              "bowler": "MR Pedersen",
              "non_striker": "RML Taylor",
              "runs": {
                "batter": 1,
                "extras": 0,
                "total": 1
              }
            },
            {
              "batter": "RML Taylor",
              "bowler": "MR Pedersen",
              "non_striker": "MW Machan",
              "runs": {
                "batter": 1,
                "extras": 0,
                "total": 1
              }
            },
            {
              "batter": "MW Machan",
              "bowler": "MR Pedersen",
              "non_striker": "RML Taylor",
              "runs": {
                "batter": 6,
                "extras": 0,
                "total": 6
              }
            },
            {
              "batter": "MW Machan",
              "bowler": "MR Pedersen",
              "non_striker": "RML Taylor",
              "runs": {
                "batter": 0,
                "extras": 0,
                "total": 0
              }
            }
          ]
        },
        {
          "over": 18,
          "deliveries": [
            {
              "batter": "RML Taylor",
              "bowler": "KRS Hansen",
              "non_striker": "MW Machan",
              "runs": {
                "batter": 0,
                "extras": 0,
                "total": 0
              }
            },
            {
              "batter": "RML Taylor",
              "bowler": "KRS Hansen",
              "non_striker": "MW Machan",
              "runs": {
                "batter": 1,
                "extras": 0,
                "total": 1
              }
            },
            {
              "batter": "MW Machan",
              "bowler": "KRS Hansen",
              "non_striker": "RML Taylor",
              "runs": {
                "batter": 1,
                "extras": 0,
                "total": 1
              }
            },
            {
              "batter": "RML Taylor",
              "bowler": "KRS Hansen",
              "non_striker": "MW Machan",
              "runs": {
                "batter": 6,
                "extras": 0,
                "total": 6
              }
            },
            {
              "batter": "RML Taylor",
              "bowler": "KRS Hansen",
              "extras": {
                "noballs": 1
              },
              "non_striker": "MW Machan",
              "runs": {
                "batter": 1,
                "extras": 1,
                "total": 2
              }
            },
            {
              "batter": "MW Machan",
              "bowler": "KRS Hansen",
              "non_striker": "RML Taylor",
              "runs": {
                "batter": 6,
                "extras": 0,
                "total": 6
              }
            },
            {
              "batter": "MW Machan",
              "bowler": "KRS Hansen",
              "non_striker": "RML Taylor",
              "runs": {
                "batter": 1,
                "extras": 0,
                "total": 1
              }
            }
          ]
        },
        {
          "over": 19,
          "deliveries": [
            {
              "batter": "MW Machan",
              "bowler": "Kamran Mahmood",
              "extras": {
                "legbyes": 1
              },
              "non_striker": "RML Taylor",
              "runs": {
                "batter": 0,
                "extras": 1,
                "total": 1
              }
            },
            {
              "batter": "RML Taylor",
              "bowler": "Kamran Mahmood",
              "non_striker": "MW Machan",
              "runs": {
                "batter": 1,
                "extras": 0,
                "total": 1
              }
            },
            {
              "batter": "MW Machan",
              "bowler": "Kamran Mahmood",
              "non_striker": "RML Taylor",
              "runs": {
                "batter": 1,
                "extras": 0,
                "total": 1
              }
            },
            {
              "batter": "RML Taylor",
              "bowler": "Kamran Mahmood",
              "non_striker": "MW Machan",
              "runs": {
                "batter": 6,
                "extras": 0,
                "total": 6
              }
            },
            {
              "batter": "RML Taylor",
              "bowler": "Kamran Mahmood",
              "extras": {
                "legbyes": 1
              },
              "non_striker": "MW Machan",
              "runs": {
                "batter": 0,
                "extras": 1,
                "total": 1
              }
            },
            {
              "batter": "MW Machan",
              "bowler": "Kamran Mahmood",
              "non_striker": "RML Taylor",
              "runs": {
                "batter": 2,
                "extras": 0,
                "total": 2
              }
            }
          ]
        }
      ],
      "powerplays": [
        {
          "from": 0.1,
          "to": 5.6,
          "type": "mandatory"
        }
      ]
    },
    {
      "team": "Denmark",
      "overs": [
        {
          "over": 0,
          "deliveries": [
            {
              "batter": "Yasir Iqbal",
              "bowler": "NM Carter",
              "non_striker": "FA Klokker",
              "runs": {
                "batter": 0,
                "extras": 0,
                "total": 0
              }
            },
            {
              "batter": "Yasir Iqbal",
              "bowler": "NM Carter",
              "non_striker": "FA Klokker",
              "runs": {
                "batter": 0,
                "extras": 0,
                "total": 0
              }
            },
            {
              "batter": "Yasir Iqbal",
              "bowler": "NM Carter",
              "non_striker": "FA Klokker",
              "runs": {
                "batter": 0,
                "extras": 0,
                "total": 0
              }
            },
            {
              "batter": "Yasir Iqbal",
              "bowler": "NM Carter",
              "non_striker": "FA Klokker",
              "runs": {
                "batter": 0,
                "extras": 0,
                "total": 0
              },
              "wickets": [
                {
                  "kind": "caught",
                  "player_out": "Yasir Iqbal",
                  "fielders": [
                    {
                      "name": "RM Haq"
                    }
                  ]
                }
              ]
            },
            {
              "batter": "FA Klokker",
              "bowler": "NM Carter",
              "non_striker": "CR Pedersen",
              "runs": {
                "batter": 0,
                "extras": 0,
                "total": 0
              }
            },
            {
              "batter": "FA Klokker",
              "bowler": "NM Carter",
              "non_striker": "CR Pedersen",
              "runs": {
                "batter": 0,
                "extras": 0,
                "total": 0
              }
            }
          ]
        },
        {
          "over": 1,
          "deliveries": [
            {
              "batter": "CR Pedersen",
              "bowler": "MW Machan",
              "non_striker": "FA Klokker",
              "runs": {
                "batter": 0,
                "extras": 0,
                "total": 0
              }
            },
            {
              "batter": "CR Pedersen",
              "bowler": "MW Machan",
              "non_striker": "FA Klokker",
              "runs": {
                "batter": 0,
                "extras": 0,
                "total": 0
              }
            },
            {
              "batter": "CR Pedersen",
              "bowler": "MW Machan",
              "non_striker": "FA Klokker",
              "runs": {
                "batter": 0,
                "extras": 0,
                "total": 0
              }
            },
            {
              "batter": "CR Pedersen",
              "bowler": "MW Machan",
              "non_striker": "FA Klokker",
              "runs": {
                "batter": 0,
                "extras": 0,
                "total": 0
              }
            },
            {
              "batter": "CR Pedersen",
              "bowler": "MW Machan",
              "non_striker": "FA Klokker",
              "runs": {
                "batter": 1,
                "extras": 0,
                "total": 1
              }
            },
            {
              "batter": "FA Klokker",
              "bowler": "MW Machan",
              "non_striker": "CR Pedersen",
              "runs": {
                "batter": 0,
                "extras": 0,
                "total": 0
              }
            }
          ]
        },
        {
          "over": 2,
          "deliveries": [
            {
              "batter": "CR Pedersen",
              "bowler": "NM Carter",
              "non_striker": "FA Klokker",
              "runs": {
                "batter": 2,
                "extras": 0,
                "total": 2
              }
            },
            {
              "batter": "CR Pedersen",
              "bowler": "NM Carter",
              "non_striker": "FA Klokker",
              "runs": {
                "batter": 1,
                "extras": 0,
                "total": 1
              }
            },
            {
              "batter": "FA Klokker",
              "bowler": "NM Carter",
              "non_striker": "CR Pedersen",
              "runs": {
                "batter": 1,
                "extras": 0,
                "total": 1
              }
            },
            {
              "batter": "CR Pedersen",
              "bowler": "NM Carter",
              "non_striker": "FA Klokker",
              "runs": {
                "batter": 0,
                "extras": 0,
                "total": 0
              }
            },
            {
              "batter": "CR Pedersen",
              "bowler": "NM Carter",
              "non_striker": "FA Klokker",
              "runs": {
                "batter": 1,
                "extras": 0,
                "total": 1
              }
            },
            {
              "batter": "FA Klokker",
              "bowler": "NM Carter",
              "non_striker": "CR Pedersen",
              "runs": {
                "batter": 0,
                "extras": 0,
                "total": 0
              }
            }
          ]
        },
        {
          "over": 3,
          "deliveries": [
            {
              "batter": "CR Pedersen",
              "bowler": "SM Sharif",
              "non_striker": "FA Klokker",
              "runs": {
                "batter": 0,
                "extras": 0,
                "total": 0
              }
            },
            {
              "batter": "CR Pedersen",
              "bowler": "SM Sharif",
              "non_striker": "FA Klokker",
              "runs": {
                "batter": 4,
                "extras": 0,
                "total": 4
              }
            },
            {
              "batter": "CR Pedersen",
              "bowler": "SM Sharif",
              "non_striker": "FA Klokker",
              "runs": {
                "batter": 1,
                "extras": 0,
                "total": 1
              }
            },
            {
              "batter": "FA Klokker",
              "bowler": "SM Sharif",
              "non_striker": "CR Pedersen",
              "runs": {
                "batter": 0,
                "extras": 0,
                "total": 0
              }
            },
            {
              "batter": "FA Klokker",
              "bowler": "SM Sharif",
              "non_striker": "CR Pedersen",
              "runs": {
                "batter": 1,
                "extras": 0,
                "total": 1
              }
            },
            {
              "batter": "CR Pedersen",
              "bowler": "SM Sharif",
              "non_striker": "FA Klokker",
              "runs": {
                "batter": 0,
                "extras": 0,
                "total": 0
              }
            }
          ]
        },
        {
          "over": 4,
          "deliveries": [
            {
              "batter": "FA Klokker",
              "bowler": "NM Carter",
              "non_striker": "CR Pedersen",
              "runs": {
                "batter": 1,
                "extras": 0,
                "total": 1
              }
            },
            {
              "batter": "CR Pedersen",
              "bowler": "NM Carter",
              "non_striker": "FA Klokker",
              "runs": {
                "batter": 0,
                "extras": 0,
                "total": 0
              }
            },
            {
              "batter": "CR Pedersen",
              "bowler": "NM Carter",
              "non_striker": "FA Klokker",
              "runs": {
                "batter": 0,
                "extras": 0,
                "total": 0
              }
            },
            {
              "batter": "CR Pedersen",
              "bowler": "NM Carter",
              "non_striker": "FA Klokker",
              "runs": {
                "batter": 0,
                "extras": 0,
                "total": 0
              }
            },
            {
              "batter": "CR Pedersen",
              "bowler": "NM Carter",
              "non_striker": "FA Klokker",
              "runs": {
                "batter": 0,
                "extras": 0,
                "total": 0
              }
            },
            {
              "batter": "CR Pedersen",
              "bowler": "NM Carter",
              "non_striker": "FA Klokker",
              "runs": {
                "batter": 0,
                "extras": 0,
                "total": 0
              }
            }
          ]
        },
        {
          "over": 5,
          "deliveries": [
            {
              "batter": "FA Klokker",
              "bowler": "SM Sharif",
              "extras": {
                "legbyes": 1
              },
              "non_striker": "CR Pedersen",
              "runs": {
                "batter": 0,
                "extras": 1,
                "total": 1
              }
            },
            {
              "batter": "CR Pedersen",
              "bowler": "SM Sharif",
              "non_striker": "FA Klokker",
              "runs": {
                "batter": 0,
                "extras": 0,
                "total": 0
              }
            },
            {
              "batter": "CR Pedersen",
              "bowler": "SM Sharif",
              "non_striker": "FA Klokker",
              "runs": {
                "batter": 1,
                "extras": 0,
                "total": 1
              }
            },
            {
              "batter": "FA Klokker",
              "bowler": "SM Sharif",
              "non_striker": "CR Pedersen",
              "runs": {
                "batter": 4,
                "extras": 0,
                "total": 4
              }
            },
            {
              "batter": "FA Klokker",
              "bowler": "SM Sharif",
              "non_striker": "CR Pedersen",
              "runs": {
                "batter": 0,
                "extras": 0,
                "total": 0
              }
            },
            {
              "batter": "FA Klokker",
              "bowler": "SM Sharif",
              "extras": {
                "legbyes": 1
              },
              "non_striker": "CR Pedersen",
              "runs": {
                "batter": 0,
                "extras": 1,
                "total": 1
              }
            }
          ]
        },
        {
          "over": 6,
          "deliveries": [
            {
              "batter": "FA Klokker",
              "bowler": "RM Haq",
              "non_striker": "CR Pedersen",
              "runs": {
                "batter": 1,
                "extras": 0,
                "total": 1
              }
            },
            {
              "batter": "CR Pedersen",
              "bowler": "RM Haq",
              "non_striker": "FA Klokker",
              "runs": {
                "batter": 1,
                "extras": 0,
                "total": 1
              }
            },
            {
              "batter": "FA Klokker",
              "bowler": "RM Haq",
              "non_striker": "CR Pedersen",
              "runs": {
                "batter": 1,
                "extras": 0,
                "total": 1
              }
            },
            {
              "batter": "CR Pedersen",
              "bowler": "RM Haq",
              "non_striker": "FA Klokker",
              "runs": {
                "batter": 0,
                "extras": 0,
                "total": 0
              }
            },
            {
              "batter": "CR Pedersen",
              "bowler": "RM Haq",
              "non_striker": "FA Klokker",
              "runs": {
                "batter": 0,
                "extras": 0,
                "total": 0
              }
            },
            {
              "batter": "CR Pedersen",
              "bowler": "RM Haq",
              "non_striker": "FA Klokker",
              "runs": {
                "batter": 0,
                "extras": 0,
                "total": 0
              }
            }
          ]
        },
        {
          "over": 7,
          "deliveries": [
            {
              "batter": "FA Klokker",
              "bowler": "RML Taylor",
              "non_striker": "CR Pedersen",
              "runs": {
                "batter": 4,
                "extras": 0,
                "total": 4
              }
            },
            {
              "batter": "FA Klokker",
              "bowler": "RML Taylor",
              "non_striker": "CR Pedersen",
              "runs": {
                "batter": 0,
                "extras": 0,
                "total": 0
              }
            },
            {
              "batter": "FA Klokker",
              "bowler": "RML Taylor",
              "non_striker": "CR Pedersen",
              "runs": {
                "batter": 0,
                "extras": 0,
                "total": 0
              }
            },
            {
              "batter": "FA Klokker",
              "bowler": "RML Taylor",
              "non_striker": "CR Pedersen",
              "runs": {
                "batter": 1,
                "extras": 0,
                "total": 1
              }
            },
            {
              "batter": "CR Pedersen",
              "bowler": "RML Taylor",
              "extras": {
                "wides": 5
              },
              "non_striker": "FA Klokker",
              "runs": {
                "batter": 0,
                "extras": 5,
                "total": 5
              }
            },
            {
              "batter": "CR Pedersen",
              "bowler": "RML Taylor",
              "non_striker": "FA Klokker",
              "runs": {
                "batter": 0,
                "extras": 0,
                "total": 0
              }
            },
            {
              "batter": "CR Pedersen",
              "bowler": "RML Taylor",
              "non_striker": "FA Klokker",
              "runs": {
                "batter": 1,
                "extras": 0,
                "total": 1
              }
            }
          ]
        },
        {
          "over": 8,
          "deliveries": [
            {
              "batter": "CR Pedersen",
              "bowler": "RM Haq",
              "non_striker": "FA Klokker",
              "runs": {
                "batter": 0,
                "extras": 0,
                "total": 0
              }
            },
            {
              "batter": "CR Pedersen",
              "bowler": "RM Haq",
              "non_striker": "FA Klokker",
              "runs": {
                "batter": 1,
                "extras": 0,
                "total": 1
              }
            },
            {
              "batter": "FA Klokker",
              "bowler": "RM Haq",
              "non_striker": "CR Pedersen",
              "runs": {
                "batter": 1,
                "extras": 0,
                "total": 1
              }
            },
            {
              "batter": "CR Pedersen",
              "bowler": "RM Haq",
              "non_striker": "FA Klokker",
              "runs": {
                "batter": 1,
                "extras": 0,
                "total": 1
              }
            },
            {
              "batter": "FA Klokker",
              "bowler": "RM Haq",
              "non_striker": "CR Pedersen",
              "runs": {
                "batter": 0,
                "extras": 0,
                "total": 0
              }
            },
            {
              "batter": "FA Klokker",
              "bowler": "RM Haq",
              "non_striker": "CR Pedersen",
              "runs": {
                "batter": 0,
                "extras": 0,
                "total": 0
              }
            }
          ]
        },
        {
          "over": 9,
          "deliveries": [
            {
              "batter": "CR Pedersen",
              "bowler": "G Goudie",
              "non_striker": "FA Klokker",
              "runs": {
                "batter": 1,
                "extras": 0,
                "total": 1
              }
            },
            {
              "batter": "FA Klokker",
              "bowler": "G Goudie",
              "non_striker": "CR Pedersen",
              "runs": {
                "batter": 4,
                "extras": 0,
                "total": 4
              }
            },
            {
              "batter": "FA Klokker",
              "bowler": "G Goudie",
              "non_striker": "CR Pedersen",
              "runs": {
                "batter": 0,
                "extras": 0,
                "total": 0
              }
            },
            {
              "batter": "FA Klokker",
              "bowler": "G Goudie",
              "non_striker": "CR Pedersen",
              "runs": {
                "batter": 0,
                "extras": 0,
                "total": 0
              },
              "wickets": [
                {
                  "kind": "caught",
                  "player_out": "FA Klokker",
                  "fielders": [
                    {
                      "name": "MW Machan"
                    }
                  ]
                }
              ]
            },
            {
              "batter": "CR Pedersen",
              "bowler": "G Goudie",
              "non_striker": "Kamran Mahmood",
              "runs": {
                "batter": 4,
                "extras": 0,
                "total": 4
              }
            },
            {
              "batter": "CR Pedersen",
              "bowler": "G Goudie",
              "extras": {
                "legbyes": 1
              },
              "non_striker": "Kamran Mahmood",
              "runs": {
                "batter": 0,
                "extras": 1,
                "total": 1
              }
            }
          ]
        },
        {
          "over": 10,
          "deliveries": [
            {
              "batter": "CR Pedersen",
              "bowler": "RM Haq",
              "non_striker": "Kamran Mahmood",
              "runs": {
                "batter": 1,
                "extras": 0,
                "total": 1
              }
            },
            {
              "batter": "Kamran Mahmood",
              "bowler": "RM Haq",
              "non_striker": "CR Pedersen",
              "runs": {
                "batter": 0,
                "extras": 0,
                "total": 0
              }
            },
            {
              "batter": "Kamran Mahmood",
              "bowler": "RM Haq",
              "extras": {
                "byes": 4
              },
              "non_striker": "CR Pedersen",
              "runs": {
                "batter": 0,
                "extras": 4,
                "total": 4
              }
            },
            {
              "batter": "Kamran Mahmood",
              "bowler": "RM Haq",
              "non_striker": "CR Pedersen",
              "runs": {
                "batter": 0,
                "extras": 0,
                "total": 0
              }
            },
            {
              "batter": "Kamran Mahmood",
              "bowler": "RM Haq",
              "non_striker": "CR Pedersen",
              "runs": {
                "batter": 0,
                "extras": 0,
                "total": 0
              }
            },
            {
              "batter": "Kamran Mahmood",
              "bowler": "RM Haq",
              "non_striker": "CR Pedersen",
              "runs": {
                "batter": 2,
                "extras": 0,
                "total": 2
              }
            }
          ]
        },
        {
          "over": 11,
          "deliveries": [
            {
              "batter": "CR Pedersen",
              "bowler": "G Goudie",
              "non_striker": "Kamran Mahmood",
              "runs": {
                "batter": 0,
                "extras": 0,
                "total": 0
              }
            },
            {
              "batter": "CR Pedersen",
              "bowler": "G Goudie",
              "non_striker": "Kamran Mahmood",
              "runs": {
                "batter": 4,
                "extras": 0,
                "total": 4
              }
            },
            {
              "batter": "CR Pedersen",
              "bowler": "G Goudie",
              "non_striker": "Kamran Mahmood",
              "runs": {
                "batter": 0,
                "extras": 0,
                "total": 0
              }
            },
            {
              "batter": "CR Pedersen",
              "bowler": "G Goudie",
              "non_striker": "Kamran Mahmood",
              "runs": {
                "batter": 6,
                "extras": 0,
                "total": 6
              }
            },
            {
              "batter": "CR Pedersen",
              "bowler": "G Goudie",
              "extras": {
                "wides": 1
              },
              "non_striker": "Kamran Mahmood",
              "runs": {
                "batter": 0,
                "extras": 1,
                "total": 1
              }
            },
            {
              "batter": "CR Pedersen",
              "bowler": "G Goudie",
              "non_striker": "Kamran Mahmood",
              "runs": {
                "batter": 1,
                "extras": 0,
                "total": 1
              }
            },
            {
              "batter": "Kamran Mahmood",
              "bowler": "G Goudie",
              "non_striker": "CR Pedersen",
              "runs": {
                "batter": 1,
                "extras": 0,
                "total": 1
              }
            }
          ]
        },
        {
          "over": 12,
          "deliveries": [
            {
              "batter": "Kamran Mahmood",
              "bowler": "MW Machan",
              "non_striker": "CR Pedersen",
              "runs": {
                "batter": 1,
                "extras": 0,
                "total": 1
              }
            },
            {
              "batter": "CR Pedersen",
              "bowler": "MW Machan",
              "non_striker": "Kamran Mahmood",
              "runs": {
                "batter": 1,
                "extras": 0,
                "total": 1
              }
            },
            {
              "batter": "Kamran Mahmood",
              "bowler": "MW Machan",
              "non_striker": "CR Pedersen",
              "runs": {
                "batter": 1,
                "extras": 0,
                "total": 1
              }
            },
            {
              "batter": "CR Pedersen",
              "bowler": "MW Machan",
              "non_striker": "Kamran Mahmood",
              "runs": {
                "batter": 0,
                "extras": 0,
                "total": 0
              }
            },
            {
              "batter": "CR Pedersen",
              "bowler": "MW Machan",
              "non_striker": "Kamran Mahmood",
              "runs": {
                "batter": 2,
                "extras": 0,
                "total": 2
              }
            },
            {
              "batter": "CR Pedersen",
              "bowler": "MW Machan",
              "non_striker": "Kamran Mahmood",
              "runs": {
                "batter": 1,
                "extras": 0,
                "total": 1
              }
            }
          ]
        },
        {
          "over": 13,
          "deliveries": [
            {
              "batter": "CR Pedersen",
              "bowler": "RML Taylor",
              "non_striker": "Kamran Mahmood",
              "runs": {
                "batter": 0,
                "extras": 0,
                "total": 0
              }
            },
            {
              "batter": "CR Pedersen",
              "bowler": "RML Taylor",
              "non_striker": "Kamran Mahmood",
              "runs": {
                "batter": 1,
                "extras": 0,
                "total": 1
              }
            },
            {
              "batter": "Kamran Mahmood",
              "bowler": "RML Taylor",
              "non_striker": "CR Pedersen",
              "runs": {
                "batter": 4,
                "extras": 0,
                "total": 4
              }
            },
            {
              "batter": "Kamran Mahmood",
              "bowler": "RML Taylor",
              "non_striker": "CR Pedersen",
              "runs": {
                "batter": 1,
                "extras": 0,
                "total": 1
              }
            },
            {
              "batter": "CR Pedersen",
              "bowler": "RML Taylor",
              "non_striker": "Kamran Mahmood",
              "runs": {
                "batter": 1,
                "extras": 0,
                "total": 1
              }
            },
            {
              "batter": "Kamran Mahmood",
              "bowler": "RML Taylor",
              "non_striker": "CR Pedersen",
              "runs": {
                "batter": 4,
                "extras": 0,
                "total": 4
              }
            }
          ]
        },
        {
          "over": 14,
          "deliveries": [
            {
              "batter": "CR Pedersen",
              "bowler": "MW Machan",
              "non_striker": "Kamran Mahmood",
              "runs": {
                "batter": 1,
                "extras": 0,
                "total": 1
              },
              "wickets": [
                {
                  "kind": "run out",
                  "player_out": "Kamran Mahmood",
                  "fielders": [
                    {
                      "name": "SM Sharif"
                    }
                  ]
                }
              ]
            },
            {
              "batter": "HAM Shah",
              "bowler": "MW Machan",
              "non_striker": "CR Pedersen",
              "runs": {
                "batter": 4,
                "extras": 0,
                "total": 4
              }
            },
            {
              "batter": "HAM Shah",
              "bowler": "MW Machan",
              "non_striker": "CR Pedersen",
              "runs": {
                "batter": 0,
                "extras": 0,
                "total": 0
              }
            },
            {
              "batter": "HAM Shah",
              "bowler": "MW Machan",
              "non_striker": "CR Pedersen",
              "runs": {
                "batter": 0,
                "extras": 0,
                "total": 0
              }
            },
            {
              "batter": "HAM Shah",
              "bowler": "MW Machan",
              "non_striker": "CR Pedersen",
              "runs": {
                "batter": 1,
                "extras": 0,
                "total": 1
              }
            },
            {
              "batter": "CR Pedersen",
              "bowler": "MW Machan",
              "non_striker": "HAM Shah",
              "runs": {
                "batter": 4,
                "extras": 0,
                "total": 4
              }
            }
          ]
        },
        {
          "over": 15,
          "deliveries": [
            {
              "batter": "HAM Shah",
              "bowler": "RM Haq",
              "extras": {
                "byes": 4
              },
              "non_striker": "CR Pedersen",
              "runs": {
                "batter": 0,
                "extras": 4,
                "total": 4
              }
            },
            {
              "batter": "HAM Shah",
              "bowler": "RM Haq",
              "non_striker": "CR Pedersen",
              "runs": {
                "batter": 1,
                "extras": 0,
                "total": 1
              }
            },
            {
              "batter": "CR Pedersen",
              "bowler": "RM Haq",
              "non_striker": "HAM Shah",
              "runs": {
                "batter": 0,
                "extras": 0,
                "total": 0
              },
              "wickets": [
                {
                  "kind": "bowled",
                  "player_out": "CR Pedersen"
                }
              ]
            },
            {
              "batter": "Rizwan Mahmood",
              "bowler": "RM Haq",
              "non_striker": "HAM Shah",
              "runs": {
                "batter": 0,
                "extras": 0,
                "total": 0
              }
            },
            {
              "batter": "Rizwan Mahmood",
              "bowler": "RM Haq",
              "non_striker": "HAM Shah",
              "runs": {
                "batter": 1,
                "extras": 0,
                "total": 1
              }
            },
            {
              "batter": "HAM Shah",
              "bowler": "RM Haq",
              "non_striker": "Rizwan Mahmood",
              "runs": {
                "batter": 0,
                "extras": 0,
                "total": 0
              }
            }
          ]
        },
        {
          "over": 16,
          "deliveries": [
            {
              "batter": "Rizwan Mahmood",
              "bowler": "SM Sharif",
              "non_striker": "HAM Shah",
              "runs": {
                "batter": 0,
                "extras": 0,
                "total": 0
              }
            },
            {
              "batter": "Rizwan Mahmood",
              "bowler": "SM Sharif",
              "non_striker": "HAM Shah",
              "runs": {
                "batter": 1,
                "extras": 0,
                "total": 1
              }
            },
            {
              "batter": "HAM Shah",
              "bowler": "SM Sharif",
              "non_striker": "Rizwan Mahmood",
              "runs": {
                "batter": 0,
                "extras": 0,
                "total": 0
              }
            },
            {
              "batter": "HAM Shah",
              "bowler": "SM Sharif",
              "non_striker": "Rizwan Mahmood",
              "runs": {
                "batter": 1,
                "extras": 0,
                "total": 1
              }
            },
            {
              "batter": "Rizwan Mahmood",
              "bowler": "SM Sharif",
              "non_striker": "HAM Shah",
              "runs": {
                "batter": 4,
                "extras": 0,
                "total": 4
              }
            },
            {
              "batter": "Rizwan Mahmood",
              "bowler": "SM Sharif",
              "non_striker": "HAM Shah",
              "runs": {
                "batter": 0,
                "extras": 0,
                "total": 0
              },
              "wickets": [
                {
                  "kind": "bowled",
                  "player_out": "Rizwan Mahmood"
                }
              ]
            }
          ]
        },
        {
          "over": 17,
          "deliveries": [
            {
              "batter": "HAM Shah",
              "bowler": "NM Carter",
              "non_striker": "Taha Ahmed",
              "runs": {
                "batter": 1,
                "extras": 0,
                "total": 1
              }
            },
            {
              "batter": "Taha Ahmed",
              "bowler": "NM Carter",
              "non_striker": "HAM Shah",
              "runs": {
                "batter": 0,
                "extras": 0,
                "total": 0
              }
            },
            {
              "batter": "Taha Ahmed",
              "bowler": "NM Carter",
              "non_striker": "HAM Shah",
              "runs": {
                "batter": 0,
                "extras": 0,
                "total": 0
              }
            },
            {
              "batter": "Taha Ahmed",
              "bowler": "NM Carter",
              "non_striker": "HAM Shah",
              "runs": {
                "batter": 0,
                "extras": 0,
                "total": 0
              }
            },
            {
              "batter": "Taha Ahmed",
              "bowler": "NM Carter",
              "non_striker": "HAM Shah",
              "runs": {
                "batter": 0,
                "extras": 0,
                "total": 0
              }
            },
            {
              "batter": "Taha Ahmed",
              "bowler": "NM Carter",
              "non_striker": "HAM Shah",
              "runs": {
                "batter": 2,
                "extras": 0,
                "total": 2
              }
            }
          ]
        },
        {
          "over": 18,
          "deliveries": [
            {
              "batter": "HAM Shah",
              "bowler": "SM Sharif",
              "non_striker": "Taha Ahmed",
              "runs": {
                "batter": 0,
                "extras": 0,
                "total": 0
              }
            },
            {
              "batter": "HAM Shah",
              "bowler": "SM Sharif",
              "non_striker": "Taha Ahmed",
              "runs": {
                "batter": 1,
                "extras": 0,
                "total": 1
              }
            },
            {
              "batter": "Taha Ahmed",
              "bowler": "SM Sharif",
              "non_striker": "HAM Shah",
              "runs": {
                "batter": 1,
                "extras": 0,
                "total": 1
              }
            },
            {
              "batter": "HAM Shah",
              "bowler": "SM Sharif",
              "non_striker": "Taha Ahmed",
              "runs": {
                "batter": 1,
                "extras": 0,
                "total": 1
              }
            },
            {
              "batter": "Taha Ahmed",
              "bowler": "SM Sharif",
              "non_striker": "HAM Shah",
              "runs": {
                "batter": 0,
                "extras": 0,
                "total": 0
              }
            },
            {
              "batter": "Taha Ahmed",
              "bowler": "SM Sharif",
              "non_striker": "HAM Shah",
              "runs": {
                "batter": 2,
                "extras": 0,
                "total": 2
              }
            }
          ]
        },
        {
          "over": 19,
          "deliveries": [
            {
              "batter": "HAM Shah",
              "bowler": "MW Machan",
              "non_striker": "Taha Ahmed",
              "runs": {
                "batter": 6,
                "extras": 0,
                "total": 6
              }
            },
            {
              "batter": "HAM Shah",
              "bowler": "MW Machan",
              "non_striker": "Taha Ahmed",
              "runs": {
                "batter": 6,
                "extras": 0,
                "total": 6
              }
            },
            {
              "batter": "HAM Shah",
              "bowler": "MW Machan",
              "non_striker": "Taha Ahmed",
              "runs": {
                "batter": 2,
                "extras": 0,
                "total": 2
              }
            },
            {
              "batter": "HAM Shah",
              "bowler": "MW Machan",
              "non_striker": "Taha Ahmed",
              "runs": {
                "batter": 1,
                "extras": 0,
                "total": 1
              }
            },
            {
              "batter": "Taha Ahmed",
              "bowler": "MW Machan",
              "non_striker": "HAM Shah",
              "runs": {
                "batter": 1,
                "extras": 0,
                "total": 1
              }
            },
            {
              "batter": "HAM Shah",
              "bowler": "MW Machan",
              "non_striker": "Taha Ahmed",
              "runs": {
                "batter": 0,
                "extras": 0,
                "total": 0
              },
              "wickets": [
                {
                  "kind": "caught",
                  "player_out": "HAM Shah",
                  "fielders": [
                    {
                      "name": "G Goudie"
                    }
                  ]
                }
              ]
            }
          ]
        }
      ],
      "powerplays": [
        {
          "from": 0.1,
          "to": 5.6,
          "type": "mandatory"
        }
      ],
      "target": {
        "overs": 20,
        "runs": 206
      }
    }
  ]
}