{
  "meta": {
    "data_version": "1.0.0",
    "created": "2013-12-05",
    "revision": 1
  },
  "info": {
    "balls_per_over": 6,
    "city": "Abu Dhabi",
    "dates": [
      "2013-11-19"
    ],
    "event": {
      "group": "A",
      "match_number": 25,
      "name": "ICC World Twenty20 Qualifier"
    },
    "gender": "male",
    "match_type": "IT20",
    "officials": {
      "match_referees": [
        "D Govindjee"
      ],
      "reserve_umpires": [
        "Shozab Raza"
      ],
      "umpires": [
        "SJ Davis",
        "C Shamshuddin"
      ]
    },
    "outcome": {
      "by": {
        "wickets": 3
      },
      "winner": "Namibia"
    },
    "overs": 20,
    "player_of_match": [
      "CG Williams"
    ],
    "players": {
      "Italy": [
        "GK Berg",
        "AM Northcote",
        "PA Petricola",
        "DG Crowley",
        "CS Sandri",
        "BBJL Perera",
        "MG Raso",
        "A Bonora",
        "GRD Munasinghe",
        "V Pennazza",
        "MGSM Fernando"
      ],
      "Namibia": [
        "LP van der Westhuizen",
        "C Viljoen",
        "SJ Baard",
        "CG Williams",
        "SF Burger",
        "R van Schoor",
        "JP Kotze",
        "NRP Scholtz",
        "JJ Smit",
        "T Verwey",
        "BM Scholtz"
      ]
    },
    "registry": {
      "people": {
        "A Bonora": "71c1f483",
        "AM Northcote": "8cf570b0",
        "BBJL Perera": "c8c9d60b",
        "BM Scholtz": "e85d03d6",
        "C Shamshuddin": "0f9d921b",
        "C Viljoen": "f7b2cbe8",
        "CG Williams": "e16e7347",
        "CS Sandri": "b7ccb3c9",
        "D Govindjee": "8b4c4069",
        "DG Crowley": "1f1f93b5",
        "DSF Arsakulasuriya": "35c4c7ed",
        "GK Berg": "42151725",
        "GRD Munasinghe": "eff8b730",
        "JJ Smit": "bb134e5c",
        "JP Kotze": "9f308dfc",
        "LP van der Westhuizen": "292381e0",
        "MG Raso": "2dfaa85a",
        "MGSM Fernando": "658c2e71",
        "NRP Scholtz": "47e20f64",
        "PA Petricola": "d159bc7a",
        "R van Schoor": "57ac1d99",
        "SF Burger": "9ff7f691",
        "SJ Baard": "e8511411",
        "SJ Davis": "bc71b0b2",
        "Shozab Raza": "153c67dc",
        "T Verwey": "da44ae21",
        "V Pennazza": "235fb973"
      }
    },
    "season": "2013/14",
    "team_type": "international",
    "teams": [
      "Italy",
      "Namibia"
    ],
    "toss": {
      "decision": "bat",
      "winner": "Italy"
    },
    "venue": "Sheikh Zayed Stadium Nursery 1"
  },
  "innings": [
    {
      "team": "Italy",
      "overs": [
        {
          "over": 0,
          "deliveries": [
            {
              "batter": "GK Berg",
              "bowler": "NRP Scholtz",
              "non_striker": "AM Northcote",
              "runs": {
                "batter": 0,
                "extras": 0,
                "total": 0
              }
            },
            {
              "batter": "GK Berg",
              "bowler": "NRP Scholtz",
              "non_striker": "AM Northcote",
              "runs": {
                "batter": 1,
                "extras": 0,
                "total": 1
              }
            },
            {
              "batter": "AM Northcote",
              "bowler": "NRP Scholtz",
              "non_striker": "GK Berg",
              "runs": {
                "batter": 1,
                "extras": 0,
                "total": 1
              }
            },
            {
              "batter": "GK Berg",
              "bowler": "NRP Scholtz",
              "non_striker": "AM Northcote",
              "runs": {
                "batter": 1,
                "extras": 0,
                "total": 1
              }
            },
            {
              "batter": "AM Northcote",
              "bowler": "NRP Scholtz",
              "non_striker": "GK Berg",
              "runs": {
                "batter": 1,
                "extras": 0,
                "total": 1
              }
            },
            {
              "batter": "GK Berg",
              "bowler": "NRP Scholtz",
              "non_striker": "AM Northcote",
              "runs": {
                "batter": 0,
                "extras": 0,
                "total": 0
              }
            }
          ]
        },
        {
          "over": 1,
          "deliveries": [
            {
              "batter": "AM Northcote",
              "bowler": "JJ Smit",
              "non_striker": "GK Berg",
              "runs": {
                "batter": 1,
                "extras": 0,
                "total": 1
              }
            },
            {
              "batter": "GK Berg",
              "bowler": "JJ Smit",
              "non_striker": "AM Northcote",
              "runs": {
                "batter": 1,
                "extras": 0,
                "total": 1
              }
            },
            {
              "batter": "AM Northcote",
              "bowler": "JJ Smit",
              "non_striker": "GK Berg",
              "runs": {
                "batter": 2,
                "extras": 0,
                "total": 2
              }
            },
            {
              "batter": "AM Northcote",
              "bowler": "JJ Smit",
              "non_striker": "GK Berg",
              "runs": {
                "batter": 0,
                "extras": 0,
                "total": 0
              },
              "wickets": [
                {
                  "kind": "caught",
                  "player_out": "AM Northcote",
                  "fielders": [
                    {
                      "name": "SF Burger"
                    }
                  ]
                }
              ]
            },
            {
              "batter": "PA Petricola",
              "bowler": "JJ Smit",
              "non_striker": "GK Berg",
              "runs": {
                "batter": 1,
                "extras": 0,
                "total": 1
              }
            },
            {
              "batter": "GK Berg",
              "bowler": "JJ Smit",
              "non_striker": "PA Petricola",
              "runs": {
                "batter": 0,
                "extras": 0,
                "total": 0
              }
            }
          ]
        },
        {
          "over": 2,
          "deliveries": [
            {
              "batter": "PA Petricola",
              "bowler": "NRP Scholtz",
              "non_striker": "GK Berg",
              "runs": {
                "batter": 0,
                "extras": 0,
                "total": 0
              }
            },
            {
              "batter": "PA Petricola",
              "bowler": "NRP Scholtz",
              "non_striker": "GK Berg",
              "runs": {
                "batter": 0,
                "extras": 0,
                "total": 0
              }
            },
            {
              "batter": "PA Petricola",
              "bowler": "NRP Scholtz",
              "non_striker": "GK Berg",
              "runs": {
                "batter": 2,
                "extras": 0,
                "total": 2
              }
            },
            {
              "batter": "PA Petricola",
              "bowler": "NRP Scholtz",
              "non_striker": "GK Berg",
              "runs": {
                "batter": 0,
                "extras": 0,
                "total": 0
              },
              "wickets": [
                {
                  "kind": "caught",
                  "player_out": "PA Petricola",
                  "fielders": [
                    {
                      "name": "SJ Baard"
                    }
                  ]
                }
              ]
            },
            {
              "batter": "DG Crowley",
              "bowler": "NRP Scholtz",
              "non_striker": "GK Berg",
              "runs": {
                "batter": 0,
                "extras": 0,
                "total": 0
              }
            },
            {
              "batter": "DG Crowley",
              "bowler": "NRP Scholtz",
              "non_striker": "GK Berg",
              "runs": {
                "batter": 0,
                "extras": 0,
                "total": 0
              }
            }
          ]
        },
        {
          "over": 3,
          "deliveries": [
            {
              "batter": "GK Berg",
              "bowler": "JJ Smit",
              "non_striker": "DG Crowley",
              "runs": {
                "batter": 1,
                "extras": 0,
                "total": 1
              }
            },
            {
              "batter": "DG Crowley",
              "bowler": "JJ Smit",
              "non_striker": "GK Berg",
              "runs": {
                "batter": 1,
                "extras": 0,
                "total": 1
              }
            },
            {
              "batter": "GK Berg",
              "bowler": "JJ Smit",
              "non_striker": "DG Crowley",
              "runs": {
                "batter": 0,
                "extras": 0,
                "total": 0
              }
            },
            {
              "batter": "GK Berg",
              "bowler": "JJ Smit",
              "non_striker": "DG Crowley",
              "runs": {
                "batter": 0,
                "extras": 0,
                "total": 0
              },
              "wickets": [
                {
                  "kind": "caught",
                  "player_out": "GK Berg",
                  "fielders": [
                    {
                      "name": "JP Kotze"
                    }
                  ]
                }
              ]
            },
            {
              "batter": "DG Crowley",
              "bowler": "JJ Smit",
              "non_striker": "CS Sandri",
              "runs": {
                "batter": 1,
                "extras": 0,
                "total": 1
              }
            },
            {
              "batter": "CS Sandri",
              "bowler": "JJ Smit",
              "non_striker": "DG Crowley",
              "runs": {
                "batter": 1,
                "extras": 0,
                "total": 1
              }
            }
          ]
        },
        {
          "over": 4,
          "deliveries": [
            {
              "batter": "CS Sandri",
              "bowler": "NRP Scholtz",
              "non_striker": "DG Crowley",
              "runs": {
                "batter": 1,
                "extras": 0,
                "total": 1
              }
            },
            {
              "batter": "DG Crowley",
              "bowler": "NRP Scholtz",
              "non_striker": "CS Sandri",
              "runs": {
                "batter": 1,
                "extras": 0,
                "total": 1
              }
            },
            {
              "batter": "CS Sandri",
              "bowler": "NRP Scholtz",
              "non_striker": "DG Crowley",
              "runs": {
                "batter": 0,
                "extras": 0,
                "total": 0
              }
            },
            {
              "batter": "CS Sandri",
              "bowler": "NRP Scholtz",
              "non_striker": "DG Crowley",
              "runs": {
                "batter": 0,
                "extras": 0,
                "total": 0
              }
            },
            {
              "batter": "CS Sandri",
              "bowler": "NRP Scholtz",
              "non_striker": "DG Crowley",
              "runs": {
                "batter": 0,
                "extras": 0,
                "total": 0
              }
            },
            {
              "batter": "CS Sandri",
              "bowler": "NRP Scholtz",
              "non_striker": "DG Crowley",
              "runs": {
                "batter": 1,
                "extras": 0,
                "total": 1
              }
            }
          ]
        },
        {
          "over": 5,
          "deliveries": [
            {
              "batter": "CS Sandri",
              "bowler": "JJ Smit",
              "non_striker": "DG Crowley",
              "runs": {
                "batter": 1,
                "extras": 0,
                "total": 1
              }
            },
            {
              "batter": "DG Crowley",
              "bowler": "JJ Smit",
              "non_striker": "CS Sandri",
              "runs": {
                "batter": 1,
                "extras": 0,
                "total": 1
              }
            },
            {
              "batter": "CS Sandri",
              "bowler": "JJ Smit",
              "non_striker": "DG Crowley",
              "runs": {
                "batter": 2,
                "extras": 0,
                "total": 2
              }
            },
            {
              "batter": "CS Sandri",
              "bowler": "JJ Smit",
              "non_striker": "DG Crowley",
              "runs": {
                "batter": 4,
                "extras": 0,
                "total": 4
              }
            },
            {
              "batter": "CS Sandri",
              "bowler": "JJ Smit",
              "non_striker": "DG Crowley",
              "runs": {
                "batter": 1,
                "extras": 0,
                "total": 1
              }
            },
            {
              "batter": "DG Crowley",
              "bowler": "JJ Smit",
              "non_striker": "CS Sandri",
              "runs": {
                "batter": 0,
                "extras": 0,
                "total": 0
              },
              "wickets": [
                {
                  "kind": "run out",
                  "player_out": "DG Crowley",
                  "fielders": [
                    {
                      "name": "CG Williams"
                    }
                  ]
                }
              ]
            }
          ]
        },
        {
          "over": 6,
          "deliveries": [
            {
              "batter": "BBJL Perera",
              "bowler": "T Verwey",
              "non_striker": "CS Sandri",
              "runs": {
                "batter": 1,
                "extras": 0,
                "total": 1
              }
            },
            {
              "batter": "CS Sandri",
              "bowler": "T Verwey",
              "non_striker": "BBJL Perera",
              "runs": {
                "batter": 1,
                "extras": 0,
                "total": 1
              }
            },
            {
              "batter": "BBJL Perera",
              "bowler": "T Verwey",
              "extras": {
                "wides": 1
              },
              "non_striker": "CS Sandri",
              "runs": {
                "batter": 0,
                "extras": 1,
                "total": 1
              }
            },
            {
              "batter": "BBJL Perera",
              "bowler": "T Verwey",
              "non_striker": "CS Sandri",
              "runs": {
                "batter": 0,
                "extras": 0,
                "total": 0
              }
            },
            {
              "batter": "BBJL Perera",
              "bowler": "T Verwey",
              "non_striker": "CS Sandri",
              "runs": {
                "batter": 1,
                "extras": 0,
                "total": 1
              }
            },
            {
              "batter": "CS Sandri",
              "bowler": "T Verwey",
              "non_striker": "BBJL Perera",
              "runs": {
                "batter": 0,
                "extras": 0,
                "total": 0
              }
            },
            {
              "batter": "CS Sandri",
              "bowler": "T Verwey",
              "non_striker": "BBJL Perera",
              "runs": {
                "batter": 0,
                "extras": 0,
                "total": 0
              }
            }
          ]
        },
        {
          "over": 7,
          "deliveries": [
            {
              "batter": "BBJL Perera",
              "bowler": "C Viljoen",
              "non_striker": "CS Sandri",
              "runs": {
                "batter": 0,
                "extras": 0,
                "total": 0
              }
            },
            {
              "batter": "BBJL Perera",
              "bowler": "C Viljoen",
              "non_striker": "CS Sandri",
              "runs": {
                "batter": 1,
                "extras": 0,
                "total": 1
              }
            },
            {
              "batter": "CS Sandri",
              "bowler": "C Viljoen",
              "non_striker": "BBJL Perera",
              "runs": {
                "batter": 4,
                "extras": 0,
                "total": 4
              }
            },
            {
              "batter": "CS Sandri",
              "bowler": "C Viljoen",
              "non_striker": "BBJL Perera",
              "runs": {
                "batter": 0,
                "extras": 0,
                "total": 0
              }
            },
            {
              "batter": "CS Sandri",
              "bowler": "C Viljoen",
              "non_striker": "BBJL Perera",
              "runs": {
                "batter": 0,
                "extras": 0,
                "total": 0
              }
            },
            {
              "batter": "CS Sandri",
              "bowler": "C Viljoen",
              "extras": {
                "wides": 1
              },
              "non_striker": "BBJL Perera",
              "runs": {
                "batter": 0,
                "extras": 1,
                "total": 1
              }
            },
            {
              "batter": "CS Sandri",
              "bowler": "C Viljoen",
              "non_striker": "BBJL Perera",
              "runs": {
                "batter": 4,
                "extras": 0,
                "total": 4
              }
            }
          ]
        },
        {
          "over": 8,
          "deliveries": [
            {
              "batter": "BBJL Perera",
              "bowler": "T Verwey",
              "non_striker": "CS Sandri",
              "runs": {
                "batter": 1,
                "extras": 0,
                "total": 1
              }
            },
            {
              "batter": "CS Sandri",
              "bowler": "T Verwey",
              "non_striker": "BBJL Perera",
              "runs": {
                "batter": 4,
                "extras": 0,
                "total": 4
              }
            },
            {
              "batter": "CS Sandri",
              "bowler": "T Verwey",
              "non_striker": "BBJL Perera",
              "runs": {
                "batter": 0,
                "extras": 0,
                "total": 0
              }
            },
            {
              "batter": "CS Sandri",
              "bowler": "T Verwey",
              "non_striker": "BBJL Perera",
              "runs": {
                "batter": 0,
                "extras": 0,
                "total": 0
              }
            },
            {
              "batter": "CS Sandri",
              "bowler": "T Verwey",
              "non_striker": "BBJL Perera",
              "runs": {
                "batter": 1,
                "extras": 0,
                "total": 1
              }
            },
            {
              "batter": "BBJL Perera",
              "bowler": "T Verwey",
              "non_striker": "CS Sandri",
              "runs": {
                "batter": 1,
                "extras": 0,
                "total": 1
              }
            }
          ]
        },
        {
          "over": 9,
          "deliveries": [
            {
              "batter": "BBJL Perera",
              "bowler": "BM Scholtz",
              "non_striker": "CS Sandri",
              "runs": {
                "batter": 1,
                "extras": 0,
                "total": 1
              }
            },
            {
              "batter": "CS Sandri",
              "bowler": "BM Scholtz",
              "non_striker": "BBJL Perera",
              "runs": {
                "batter": 1,
                "extras": 0,
                "total": 1
              }
            },
            {
              "batter": "BBJL Perera",
              "bowler": "BM Scholtz",
              "non_striker": "CS Sandri",
              "runs": {
                "batter": 1,
                "extras": 0,
                "total": 1
              }
            },
            {
              "batter": "CS Sandri",
              "bowler": "BM Scholtz",
              "non_striker": "BBJL Perera",
              "runs": {
                "batter": 1,
                "extras": 0,
                "total": 1
              }
            },
            {
              "batter": "BBJL Perera",
              "bowler": "BM Scholtz",
              "non_striker": "CS Sandri",
              "runs": {
                "batter": 1,
                "extras": 0,
                "total": 1
              }
            },
            {
              "batter": "CS Sandri",
              "bowler": "BM Scholtz",
              "non_striker": "BBJL Perera",
              "runs": {
                "batter": 1,
                "extras": 0,
                "total": 1
              }
            }
          ]
        },
        {
          "over": 10,
          "deliveries": [
            {
              "batter": "CS Sandri",
              "bowler": "SF Burger",
              "non_striker": "BBJL Perera",
              "runs": {
                "batter": 1,
                "extras": 0,
                "total": 1
              }
            },
            {
              "batter": "BBJL Perera",
              "bowler": "SF Burger",
              "non_striker": "CS Sandri",
              "runs": {
                "batter": 1,
                "extras": 0,
                "total": 1
              }
            },
            {
              "batter": "CS Sandri",
              "bowler": "SF Burger",
              "non_striker": "BBJL Perera",
              "runs": {
                "batter": 0,
                "extras": 0,
                "total": 0
              }
            },
            {
              "batter": "CS Sandri",
              "bowler": "SF Burger",
              "non_striker": "BBJL Perera",
              "runs": {
                "batter": 1,
                "extras": 0,
                "total": 1
              }
            },
            {
              "batter": "BBJL Perera",
              "bowler": "SF Burger",
              "non_striker": "CS Sandri",
              "runs": {
                "batter": 1,
                "extras": 0,
                "total": 1
              }
            },
            {
              "batter": "CS Sandri",
              "bowler": "SF Burger",
              "non_striker": "BBJL Perera",
              "runs": {
                "batter": 0,
                "extras": 0,
                "total": 0
              }
            }
          ]
        },
        {
          "over": 11,
          "deliveries": [
            {
              "batter": "BBJL Perera",
              "bowler": "BM Scholtz",
              "non_striker": "CS Sandri",
              "runs": {
                "batter": 6,
                "extras": 0,
                "total": 6
              }
            },
            {
              "batter": "BBJL Perera",
              "bowler": "BM Scholtz",
              "non_striker": "CS Sandri",
              "runs": {
                "batter": 1,
                "extras": 0,
                "total": 1
              }
            },
            {
              "batter": "CS Sandri",
              "bowler": "BM Scholtz",
              "non_striker": "BBJL Perera",
              "runs": {
                "batter": 1,
                "extras": 0,
                "total": 1
              }
            },
            {
              "batter": "BBJL Perera",
              "bowler": "BM Scholtz",
              "non_striker": "CS Sandri",
              "runs": {
                "batter": 0,
                "extras": 0,
                "total": 0
              }
            },
            {
              "batter": "BBJL Perera",
              "bowler": "BM Scholtz",
              "non_striker": "CS Sandri",
              "runs": {
                "batter": 0,
                "extras": 0,
                "total": 0
              },
              "wickets": [
                {
                  "kind": "run out",
                  "player_out": "BBJL Perera",
                  "fielders": [
                    {
                      "name": "SF Burger"
                    }
                  ]
                }
              ]
            },
            {
              "batter": "CS Sandri",
              "bowler": "BM Scholtz",
              "non_striker": "MG Raso",
              "runs": {
                "batter": 0,
                "extras": 0,
                "total": 0
              },
              "wickets": [
                {
                  "kind": "caught",
                  "player_out": "CS Sandri",
                  "fielders": [
                    {
                      "name": "SF Burger"
                    }
                  ]
                }
              ]
            }
          ]
        },
        {
          "over": 12,
          "deliveries": [
            {
              "batter": "MG Raso",
              "bowler": "SF Burger",
              "non_striker": "A Bonora",
              "runs": {
                "batter": 0,
                "extras": 0,
                "total": 0
              }
            },
            {
              "batter": "MG Raso",
              "bowler": "SF Burger",
              "non_striker": "A Bonora",
              "runs": {
                "batter": 2,
                "extras": 0,
                "total": 2
              }
            },
            {
              "batter": "MG Raso",
              "bowler": "SF Burger",
              "non_striker": "A Bonora",
              "runs": {
                "batter": 0,
                "extras": 0,
                "total": 0
              }
            },
            {
              "batter": "MG Raso",
              "bowler": "SF Burger",
              "non_striker": "A Bonora",
              "runs": {
                "batter": 0,
                "extras": 0,
                "total": 0
              }
            },
            {
              "batter": "MG Raso",
              "bowler": "SF Burger",
              "non_striker": "A Bonora",
              "runs": {
                "batter": 1,
                "extras": 0,
                "total": 1
              }
            },
            {
              "batter": "A Bonora",
              "bowler": "SF Burger",
              "non_striker": "MG Raso",
              "runs": {
                "batter": 1,
                "extras": 0,
                "total": 1
              }
            }
          ]
        },
        {
          "over": 13,
          "deliveries": [
            {
              "batter": "A Bonora",
              "bowler": "BM Scholtz",
              "non_striker": "MG Raso",
              "runs": {
                "batter": 0,
                "extras": 0,
                "total": 0
              }
            },
            {
              "batter": "A Bonora",
              "bowler": "BM Scholtz",
              "non_striker": "MG Raso",
              "runs": {
                "batter": 1,
                "extras": 0,
                "total": 1
              }
            },
            {
              "batter": "MG Raso",
              "bowler": "BM Scholtz",
              "non_striker": "A Bonora",
              "runs": {
                "batter": 0,
                "extras": 0,
                "total": 0
              }
            },
            {
              "batter": "MG Raso",
              "bowler": "BM Scholtz",
              "non_striker": "A Bonora",
              "runs": {
                "batter": 0,
                "extras": 0,
                "total": 0
              }
            },
            {
              "batter": "MG Raso",
              "bowler": "BM Scholtz",
              "non_striker": "A Bonora",
              "runs": {
                "batter": 0,
                "extras": 0,
                "total": 0
              }
            },
            {
              "batter": "MG Raso",
              "bowler": "BM Scholtz",
              "extras": {
                "legbyes": 1
              },
              "non_striker": "A Bonora",
              "runs": {
                "batter": 0,
                "extras": 1,
                "total": 1
              }
            }
          ]
        },
        {
          "over": 14,
          "deliveries": [
            {
              "batter": "MG Raso",
              "bowler": "SF Burger",
              "non_striker": "A Bonora",
              "runs": {
                "batter": 0,
                "extras": 0,
                "total": 0
              }
            },
            {
              "batter": "MG Raso",
              "bowler": "SF Burger",
              "non_striker": "A Bonora",
              "runs": {
                "batter": 1,
                "extras": 0,
                "total": 1
              }
            },
            {
              "batter": "A Bonora",
              "bowler": "SF Burger",
              "non_striker": "MG Raso",
              "runs": {
                "batter": 0,
                "extras": 0,
                "total": 0
              }
            },
            {
              "batter": "A Bonora",
              "bowler": "SF Burger",
              "extras": {
                "legbyes": 1
              },
              "non_striker": "MG Raso",
              "runs": {
                "batter": 0,
                "extras": 1,
                "total": 1
              }
            },
            {
              "batter": "MG Raso",
              "bowler": "SF Burger",
              "non_striker": "A Bonora",
              "runs": {
                "batter": 2,
                "extras": 0,
                "total": 2
              }
            },
            {
              "batter": "MG Raso",
              "bowler": "SF Burger",
              "non_striker": "A Bonora",
              "runs": {
                "batter": 4,
                "extras": 0,
                "total": 4
              }
            }
          ]
        },
        {
          "over": 15,
          "deliveries": [
            {
              "batter": "A Bonora",
              "bowler": "BM Scholtz",
              "non_striker": "MG Raso",
              "runs": {
                "batter": 2,
                "extras": 0,
                "total": 2
              }
            },
            {
              "batter": "A Bonora",
              "bowler": "BM Scholtz",
              "non_striker": "MG Raso",
              "runs": {
                "batter": 1,
                "extras": 0,
                "total": 1
              }
            },
            {
              "batter": "MG Raso",
              "bowler": "BM Scholtz",
              "non_striker": "A Bonora",
              "runs": {
                "batter": 1,
                "extras": 0,
                "total": 1
              }
            },
            {
              "batter": "A Bonora",
              "bowler": "BM Scholtz",
              "non_striker": "MG Raso",
              "runs": {
                "batter": 1,
                "extras": 0,
                "total": 1
              }
            },
            {
              "batter": "MG Raso",
              "bowler": "BM Scholtz",
              "non_striker": "A Bonora",
              "runs": {
                "batter": 4,
                "extras": 0,
                "total": 4
              }
            },
            {
              "batter": "MG Raso",
              "bowler": "BM Scholtz",
              "non_striker": "A Bonora",
              "runs": {
                "batter": 4,
                "extras": 0,
                "total": 4
              }
            }
          ]
        },
        {
          "over": 16,
          "deliveries": [
            {
              "batter": "A Bonora",
              "bowler": "LP van der Westhuizen",
              "non_striker": "MG Raso",
              "runs": {
                "batter": 1,
                "extras": 0,
                "total": 1
              }
            },
            {
              "batter": "MG Raso",
              "bowler": "LP van der Westhuizen",
              "non_striker": "A Bonora",
              "runs": {
                "batter": 1,
                "extras": 0,
                "total": 1
              }
            },
            {
              "batter": "A Bonora",
              "bowler": "LP van der Westhuizen",
              "non_striker": "MG Raso",
              "runs": {
                "batter": 1,
                "extras": 0,
                "total": 1
              }
            },
            {
              "batter": "MG Raso",
              "bowler": "LP van der Westhuizen",
              "non_striker": "A Bonora",
              "runs": {
                "batter": 1,
                "extras": 0,
                "total": 1
              }
            },
            {
              "batter": "A Bonora",
              "bowler": "LP van der Westhuizen",
              "non_striker": "MG Raso",
              "runs": {
                "batter": 0,
                "extras": 0,
                "total": 0
              }
            },
            {
              "batter": "A Bonora",
              "bowler": "LP van der Westhuizen",
              "non_striker": "MG Raso",
              "runs": {
                "batter": 1,
                "extras": 0,
                "total": 1
              }
            }
          ]
        },
        {
          "over": 17,
          "deliveries": [
            {
              "batter": "A Bonora",
              "bowler": "NRP Scholtz",
              "non_striker": "MG Raso",
              "runs": {
                "batter": 2,
                "extras": 0,
                "total": 2
              }
            },
            {
              "batter": "A Bonora",
              "bowler": "NRP Scholtz",
              "non_striker": "MG Raso",
              "runs": {
                "batter": 0,
                "extras": 0,
                "total": 0
              }
            },
            {
              "batter": "A Bonora",
              "bowler": "NRP Scholtz",
              "non_striker": "MG Raso",
              "runs": {
                "batter": 1,
                "extras": 0,
                "total": 1
              }
            },
            {
              "batter": "MG Raso",
              "bowler": "NRP Scholtz",
              "non_striker": "A Bonora",
              "runs": {
                "batter": 2,
                "extras": 0,
                "total": 2
              }
            },
            {
              "batter": "MG Raso",
              "bowler": "NRP Scholtz",
              "non_striker": "A Bonora",
              "runs": {
                "batter": 1,
                "extras": 0,
                "total": 1
              }
            },
            {
              "batter": "A Bonora",
              "bowler": "NRP Scholtz",
              "non_striker": "MG Raso",
              "runs": {
                "batter": 1,
                "extras": 0,
                "total": 1
              }
            }
          ]
        },
        {
          "over": 18,
          "deliveries": [
            {
              "batter": "A Bonora",
              "bowler": "LP van der Westhuizen",
              "non_striker": "MG Raso",
              "runs": {
                "batter": 1,
                "extras": 0,
                "total": 1
              }
            },
            {
              "batter": "MG Raso",
              "bowler": "LP van der Westhuizen",
              "non_striker": "A Bonora",
              "runs": {
                "batter": 1,
                "extras": 0,
                "total": 1
              }
            },
            {
              "batter": "A Bonora",
              "bowler": "LP van der Westhuizen",
              "non_striker": "MG Raso",
              "runs": {
                "batter": 1,
                "extras": 0,
                "total": 1
              }
            },
            {
              "batter": "MG Raso",
              "bowler": "LP van der Westhuizen",
              "non_striker": "A Bonora",
              "runs": {
                "batter": 6,
                "extras": 0,
                "total": 6
              }
            },
            {
              "batter": "MG Raso",
              "bowler": "LP van der Westhuizen",
              "non_striker": "A Bonora",
              "runs": {
                "batter": 1,
                "extras": 0,
                "total": 1
              }
            },
            {
              "batter": "A Bonora",
              "bowler": "LP van der Westhuizen",
              "non_striker": "MG Raso",
              "runs": {
                "batter": 1,
                "extras": 0,
                "total": 1
              }
            }
          ]
        },
        {
          "over": 19,
          "deliveries": [
            {
              "batter": "A Bonora",
              "bowler": "JJ Smit",
              "non_striker": "MG Raso",
              "runs": {
                "batter": 1,
                "extras": 0,
                "total": 1
              }
            },
            {
              "batter": "MG Raso",
              "bowler": "JJ Smit",
              "non_striker": "A Bonora",
              "runs": {
                "batter": 0,
                "extras": 0,
                "total": 0
              }
            },
            {
              "batter": "MG Raso",
              "bowler": "JJ Smit",
              "non_striker": "A Bonora",
              "runs": {
                "batter": 0,
                "extras": 0,
                "total": 0
              }
            },
            {
              "batter": "MG Raso",
              "bowler": "JJ Smit",
              "non_striker": "A Bonora",
              "runs": {
                "batter": 1,
                "extras": 0,
                "total": 1
              }
            },
            {
              "batter": "A Bonora",
              "bowler": "JJ Smit",
              "non_striker": "MG Raso",
              "runs": {
                "batter": 1,
                "extras": 0,
                "total": 1
              }
            },
            {
              "batter": "MG Raso",
              "bowler": "JJ Smit",
              "non_striker": "A Bonora",
              "runs": {
                "batter": 2,
                "extras": 0,
                "total": 2
              }
            }
          ]
        }
      ],
      "powerplays": [
        {
          "from": 0.1,
          "to": 5.6,
          "type": "mandatory"
        }
      ]
    },
    {
      "team": "Namibia",
      "overs": [
        {
          "over": 0,
          "deliveries": [
            {
              "batter": "LP van der Westhuizen",
              "bowler": "CS Sandri",
              "non_striker": "C Viljoen",
              "runs": {
                "batter": 0,
                "extras": 0,
                "total": 0
              }
            },
            {
              "batter": "LP van der Westhuizen",
              "bowler": "CS Sandri",
              "non_striker": "C Viljoen",
              "runs": {
                "batter": 0,
                "extras": 0,
                "total": 0
              }
            },
            {
              "batter": "LP van der Westhuizen",
              "bowler": "CS Sandri",
              "non_striker": "C Viljoen",
              "runs": {
                "batter": 2,
                "extras": 0,
                "total": 2
              }
            },
            {
              "batter": "LP van der Westhuizen",
              "bowler": "CS Sandri",
              "non_striker": "C Viljoen",
              "runs": {
                "batter": 0,
                "extras": 0,
                "total": 0
              }
            },
            {
              "batter": "LP van der Westhuizen",
              "bowler": "CS Sandri",
              "non_striker": "C Viljoen",
              "runs": {
                "batter": 0,
                "extras": 0,
                "total": 0
              }
            },
            {
              "batter": "LP van der Westhuizen",
              "bowler": "CS Sandri",
              "non_striker": "C Viljoen",
              "runs": {
                "batter": 4,
                "extras": 0,
                "total": 4
              }
            }
          ]
        },
        {
          "over": 1,
          "deliveries": [
            {
              "batter": "C Viljoen",
              "bowler": "GRD Munasinghe",
              "non_striker": "LP van der Westhuizen",
              "runs": {
                "batter": 0,
                "extras": 0,
                "total": 0
              },
              "wickets": [
                {
                  "kind": "lbw",
                  "player_out": "C Viljoen"
                }
              ]
            },
            {
              "batter": "SJ Baard",
              "bowler": "GRD Munasinghe",
              "non_striker": "LP van der Westhuizen",
              "runs": {
                "batter": 0,
                "extras": 0,
                "total": 0
              }
            },
            {
              "batter": "SJ Baard",
              "bowler": "GRD Munasinghe",
              "non_striker": "LP van der Westhuizen",
              "runs": {
                "batter": 0,
                "extras": 0,
                "total": 0
              }
            },
            {
              "batter": "SJ Baard",
              "bowler": "GRD Munasinghe",
              "non_striker": "LP van der Westhuizen",
              "runs": {
                "batter": 0,
                "extras": 0,
                "total": 0
              }
            },
            {
              "batter": "SJ Baard",
              "bowler": "GRD Munasinghe",
              "non_striker": "LP van der Westhuizen",
              "runs": {
                "batter": 1,
                "extras": 0,
                "total": 1
              }
            },
            {
              "batter": "LP van der Westhuizen",
              "bowler": "GRD Munasinghe",
              "non_striker": "SJ Baard",
              "runs": {
                "batter": 1,
                "extras": 0,
                "total": 1
              }
            }
          ]
        },
        {
          "over": 2,
          "deliveries": [
            {
              "batter": "LP van der Westhuizen",
              "bowler": "CS Sandri",
              "non_striker": "SJ Baard",
              "runs": {
                "batter": 1,
                "extras": 0,
                "total": 1
              }
            },
            {
              "batter": "SJ Baard",
              "bowler": "CS Sandri",
              "non_striker": "LP van der Westhuizen",
              "runs": {
                "batter": 0,
                "extras": 0,
                "total": 0
              }
            },
            {
              "batter": "SJ Baard",
              "bowler": "CS Sandri",
              "extras": {
                "wides": 1
              },
              "non_striker": "LP van der Westhuizen",
              "runs": {
                "batter": 0,
                "extras": 1,
                "total": 1
              },
              "wickets": [
                {
                  "kind": "stumped",
                  "player_out": "SJ Baard",
                  "fielders": [
                    {
                      "name": "AM Northcote"
                    }
                  ]
                }
              ]
            },
            {
              "batter": "CG Williams",
              "bowler": "CS Sandri",
              "non_striker": "LP van der Westhuizen",
              "runs": {
                "batter": 1,
                "extras": 0,
                "total": 1
              }
            },
            {
              "batter": "LP van der Westhuizen",
              "bowler": "CS Sandri",
              "non_striker": "CG Williams",
              "runs": {
                "batter": 0,
                "extras": 0,
                "total": 0
              }
            },
            {
              "batter": "LP van der Westhuizen",
              "bowler": "CS Sandri",
              "non_striker": "CG Williams",
              "runs": {
                "batter": 0,
                "extras": 0,
                "total": 0
              }
            },
            {
              "batter": "LP van der Westhuizen",
              "bowler": "CS Sandri",
              "non_striker": "CG Williams",
              "runs": {
                "batter": 3,
                "extras": 0,
                "total": 3
              }
            }
          ]
        },
        {
          "over": 3,
          "deliveries": [
            {
              "batter": "LP van der Westhuizen",
              "bowler": "GRD Munasinghe",
              "non_striker": "CG Williams",
              "runs": {
                "batter": 4,
                "extras": 0,
                "total": 4
              }
            },
            {
              "batter": "LP van der Westhuizen",
              "bowler": "GRD Munasinghe",
              "non_striker": "CG Williams",
              "runs": {
                "batter": 1,
                "extras": 0,
                "total": 1
              }
            },
            {
              "batter": "CG Williams",
              "bowler": "GRD Munasinghe",
              "non_striker": "LP van der Westhuizen",
              "runs": {
                "batter": 0,
                "extras": 0,
                "total": 0
              }
            },
            {
              "batter": "CG Williams",
              "bowler": "GRD Munasinghe",
              "non_striker": "LP van der Westhuizen",
              "runs": {
                "batter": 0,
                "extras": 0,
                "total": 0
              }
            },
            {
              "batter": "CG Williams",
              "bowler": "GRD Munasinghe",
              "non_striker": "LP van der Westhuizen",
              "runs": {
                "batter": 2,
                "extras": 0,
                "total": 2
              }
            },
            {
              "batter": "CG Williams",
              "bowler": "GRD Munasinghe",
              "non_striker": "LP van der Westhuizen",
              "runs": {
                "batter": 0,
                "extras": 0,
                "total": 0
              }
            }
          ]
        },
        {
          "over": 4,
          "deliveries": [
            {
              "batter": "LP van der Westhuizen",
              "bowler": "V Pennazza",
              "non_striker": "CG Williams",
              "runs": {
                "batter": 0,
                "extras": 0,
                "total": 0
              }
            },
            {
              "batter": "LP van der Westhuizen",
              "bowler": "V Pennazza",
              "non_striker": "CG Williams",
              "runs": {
                "batter": 0,
                "extras": 0,
                "total": 0
              }
            },
            {
              "batter": "LP van der Westhuizen",
              "bowler": "V Pennazza",
              "extras": {
                "legbyes": 1
              },
              "non_striker": "CG Williams",
              "runs": {
                "batter": 0,
                "extras": 1,
                "total": 1
              }
            },
            {
              "batter": "CG Williams",
              "bowler": "V Pennazza",
              "non_striker": "LP van der Westhuizen",
              "runs": {
                "batter": 0,
                "extras": 0,
                "total": 0
              }
            },
            {
              "batter": "CG Williams",
              "bowler": "V Pennazza",
              "non_striker": "LP van der Westhuizen",
              "runs": {
                "batter": 1,
                "extras": 0,
                "total": 1
              }
            },
            {
              "batter": "LP van der Westhuizen",
              "bowler": "V Pennazza",
              "non_striker": "CG Williams",
              "runs": {
                "batter": 0,
                "extras": 0,
                "total": 0
              }
            }
          ]
        },
        {
          "over": 5,
          "deliveries": [
            {
              "batter": "CG Williams",
              "bowler": "GK Berg",
              "non_striker": "LP van der Westhuizen",
              "runs": {
                "batter": 0,
                "extras": 0,
                "total": 0
              }
            },
            {
              "batter": "CG Williams",
              "bowler": "GK Berg",
              "non_striker": "LP van der Westhuizen",
              "runs": {
                "batter": 4,
                "extras": 0,
                "total": 4
              }
            },
            {
              "batter": "CG Williams",
              "bowler": "GK Berg",
              "non_striker": "LP van der Westhuizen",
              "runs": {
                "batter": 0,
                "extras": 0,
                "total": 0
              }
            },
            {
              "batter": "CG Williams",
              "bowler": "GK Berg",
              "extras": {
                "wides": 1
              },
              "non_striker": "LP van der Westhuizen",
              "runs": {
                "batter": 0,
                "extras": 1,
                "total": 1
              }
            },
            {
              "batter": "CG Williams",
              "bowler": "GK Berg",
              "non_striker": "LP van der Westhuizen",
              "runs": {
                "batter": 0,
                "extras": 0,
                "total": 0
              }
            },
            {
              "batter": "CG Williams",
              "bowler": "GK Berg",
              "non_striker": "LP van der Westhuizen",
              "runs": {
                "batter": 0,
                "extras": 0,
                "total": 0
              }
            },
            {
              "batter": "CG Williams",
              "bowler": "GK Berg",
              "non_striker": "LP van der Westhuizen",
              "runs": {
                "batter": 1,
                "extras": 0,
                "total": 1
              }
            }
          ]
        },
        {
          "over": 6,
          "deliveries": [
            {
              "batter": "CG Williams",
              "bowler": "V Pennazza",
              "non_striker": "LP van der Westhuizen",
              "runs": {
                "batter": 1,
                "extras": 0,
                "total": 1
              }
            },
            {
              "batter": "LP van der Westhuizen",
              "bowler": "V Pennazza",
              "non_striker": "CG Williams",
              "runs": {
                "batter": 2,
                "extras": 0,
                "total": 2
              }
            },
            {
              "batter": "LP van der Westhuizen",
              "bowler": "V Pennazza",
              "non_striker": "CG Williams",
              "runs": {
                "batter": 1,
                "extras": 0,
                "total": 1
              }
            },
            {
              "batter": "CG Williams",
              "bowler": "V Pennazza",
              "non_striker": "LP van der Westhuizen",
              "runs": {
                "batter": 6,
                "extras": 0,
                "total": 6
              }
            },
            {
              "batter": "CG Williams",
              "bowler": "V Pennazza",
              "non_striker": "LP van der Westhuizen",
              "runs": {
                "batter": 1,
                "extras": 0,
                "total": 1
              }
            },
            {
              "batter": "LP van der Westhuizen",
              "bowler": "V Pennazza",
              "non_striker": "CG Williams",
              "runs": {
                "batter": 0,
                "extras": 0,
                "total": 0
              }
            }
          ]
        },
        {
          "over": 7,
          "deliveries": [
            {
              "batter": "CG Williams",
              "bowler": "GK Berg",
              "non_striker": "LP van der Westhuizen",
              "runs": {
                "batter": 0,
                "extras": 0,
                "total": 0
              }
            },
            {
              "batter": "CG Williams",
              "bowler": "GK Berg",
              "non_striker": "LP van der Westhuizen",
              "runs": {
                "batter": 0,
                "extras": 0,
                "total": 0
              }
            },
            {
              "batter": "CG Williams",
              "bowler": "GK Berg",
              "non_striker": "LP van der Westhuizen",
              "runs": {
                "batter": 0,
                "extras": 0,
                "total": 0
              }
            },
            {
              "batter": "CG Williams",
              "bowler": "GK Berg",
              "non_striker": "LP van der Westhuizen",
              "runs": {
                "batter": 1,
                "extras": 0,
                "total": 1
              }
            },
            {
              "batter": "LP van der Westhuizen",
              "bowler": "GK Berg",
              "non_striker": "CG Williams",
              "runs": {
                "batter": 1,
                "extras": 0,
                "total": 1
              }
            },
            {
              "batter": "CG Williams",
              "bowler": "GK Berg",
              "non_striker": "LP van der Westhuizen",
              "runs": {
                "batter": 0,
                "extras": 0,
                "total": 0
              }
            }
          ]
        },
        {
          "over": 8,
          "deliveries": [
            {
              "batter": "LP van der Westhuizen",
              "bowler": "CS Sandri",
              "non_striker": "CG Williams",
              "runs": {
                "batter": 1,
                "extras": 0,
                "total": 1
              }
            },
            {
              "batter": "CG Williams",
              "bowler": "CS Sandri",
              "non_striker": "LP van der Westhuizen",
              "runs": {
                "batter": 2,
                "extras": 0,
                "total": 2
              }
            },
            {
              "batter": "CG Williams",
              "bowler": "CS Sandri",
              "non_striker": "LP van der Westhuizen",
              "runs": {
                "batter": 3,
                "extras": 0,
                "total": 3
              }
            },
            {
              "batter": "LP van der Westhuizen",
              "bowler": "CS Sandri",
              "non_striker": "CG Williams",
              "runs": {
                "batter": 0,
                "extras": 0,
                "total": 0
              }
            },
            {
              "batter": "LP van der Westhuizen",
              "bowler": "CS Sandri",
              "non_striker": "CG Williams",
              "runs": {
                "batter": 1,
                "extras": 0,
                "total": 1
              }
            },
            {
              "batter": "CG Williams",
              "bowler": "CS Sandri",
              "non_striker": "LP van der Westhuizen",
              "runs": {
                "batter": 0,
                "extras": 0,
                "total": 0
              }
            }
          ]
        },
        {
          "over": 9,
          "deliveries": [
            {
              "batter": "LP van der Westhuizen",
              "bowler": "GK Berg",
              "non_striker": "CG Williams",
              "runs": {
                "batter": 1,
                "extras": 0,
                "total": 1
              }
            },
            {
              "batter": "CG Williams",
              "bowler": "GK Berg",
              "non_striker": "LP van der Westhuizen",
              "runs": {
                "batter": 1,
                "extras": 0,
                "total": 1
              }
            },
            {
              "batter": "LP van der Westhuizen",
              "bowler": "GK Berg",
              "non_striker": "CG Williams",
              "runs": {
                "batter": 0,
                "extras": 0,
                "total": 0
              }
            },
            {
              "batter": "LP van der Westhuizen",
              "bowler": "GK Berg",
              "non_striker": "CG Williams",
              "runs": {
                "batter": 1,
                "extras": 0,
                "total": 1
              }
            },
            {
              "batter": "CG Williams",
              "bowler": "GK Berg",
              "non_striker": "LP van der Westhuizen",
              "runs": {
                "batter": 1,
                "extras": 0,
                "total": 1
              }
            },
            {
              "batter": "LP van der Westhuizen",
              "bowler": "GK Berg",
              "non_striker": "CG Williams",
              "runs": {
                "batter": 0,
                "extras": 0,
                "total": 0
              }
            }
          ]
        },
        {
          "over": 10,
          "deliveries": [
            {
              "batter": "CG Williams",
              "bowler": "DG Crowley",
              "non_striker": "LP van der Westhuizen",
              "runs": {
                "batter": 1,
                "extras": 0,
                "total": 1
              }
            },
            {
              "batter": "LP van der Westhuizen",
              "bowler": "DG Crowley",
              "non_striker": "CG Williams",
              "runs": {
                "batter": 1,
                "extras": 0,
                "total": 1
              }
            },
            {
              "batter": "CG Williams",
              "bowler": "DG Crowley",
              "non_striker": "LP van der Westhuizen",
              "runs": {
                "batter": 1,
                "extras": 0,
                "total": 1
              }
            },
            {
              "batter": "LP van der Westhuizen",
              "bowler": "DG Crowley",
              "non_striker": "CG Williams",
              "runs": {
                "batter": 6,
                "extras": 0,
                "total": 6
              }
            },
            {
              "batter": "LP van der Westhuizen",
              "bowler": "DG Crowley",
              "non_striker": "CG Williams",
              "runs": {
                "batter": 1,
                "extras": 0,
                "total": 1
              }
            },
            {
              "batter": "CG Williams",
              "bowler": "DG Crowley",
              "non_striker": "LP van der Westhuizen",
              "runs": {
                "batter": 1,
                "extras": 0,
                "total": 1
              }
            }
          ]
        },
        {
          "over": 11,
          "deliveries": [
            {
              "batter": "CG Williams",
              "bowler": "MGSM Fernando",
              "non_striker": "LP van der Westhuizen",
              "runs": {
                "batter": 1,
                "extras": 0,
                "total": 1
              }
            },
            {
              "batter": "LP van der Westhuizen",
              "bowler": "MGSM Fernando",
              "non_striker": "CG Williams",
              "runs": {
                "batter": 2,
                "extras": 0,
                "total": 2
              }
            },
            {
              "batter": "LP van der Westhuizen",
              "bowler": "MGSM Fernando",
              "non_striker": "CG Williams",
              "runs": {
                "batter": 1,
                "extras": 0,
                "total": 1
              }
            },
            {
              "batter": "CG Williams",
              "bowler": "MGSM Fernando",
              "non_striker": "LP van der Westhuizen",
              "runs": {
                "batter": 1,
                "extras": 0,
                "total": 1
              }
            },
            {
              "batter": "LP van der Westhuizen",
              "bowler": "MGSM Fernando",
              "non_striker": "CG Williams",
              "runs": {
                "batter": 2,
                "extras": 0,
                "total": 2
              }
            },
            {
              "batter": "LP van der Westhuizen",
              "bowler": "MGSM Fernando",
              "non_striker": "CG Williams",
              "runs": {
                "batter": 2,
                "extras": 0,
                "total": 2
              }
            }
          ]
        },
        {
          "over": 12,
          "deliveries": [
            {
              "batter": "CG Williams",
              "bowler": "CS Sandri",
              "non_striker": "LP van der Westhuizen",
              "runs": {
                "batter": 1,
                "extras": 0,
                "total": 1
              }
            },
            {
              "batter": "LP van der Westhuizen",
              "bowler": "CS Sandri",
              "non_striker": "CG Williams",
              "runs": {
                "batter": 0,
                "extras": 0,
                "total": 0
              }
            },
            {
              "batter": "LP van der Westhuizen",
              "bowler": "CS Sandri",
              "non_striker": "CG Williams",
              "runs": {
                "batter": 0,
                "extras": 0,
                "total": 0
              }
            },
            {
              "batter": "LP van der Westhuizen",
              "bowler": "CS Sandri",
              "non_striker": "CG Williams",
              "runs": {
                "batter": 2,
                "extras": 0,
                "total": 2
              }
            },
            {
              "batter": "LP van der Westhuizen",
              "bowler": "CS Sandri",
              "non_striker": "CG Williams",
              "runs": {
                "batter": 0,
                "extras": 0,
                "total": 0
              },
              "wickets": [
                {
                  "kind": "caught",
                  "player_out": "LP van der Westhuizen",
                  "fielders": [
                    {
                      "name": "DSF Arsakulasuriya",
                      "substitute": true
                    }
                  ]
                }
              ]
            },
            {
              "batter": "CG Williams",
              "bowler": "CS Sandri",
              "non_striker": "SF Burger",
              "runs": {
                "batter": 1,
                "extras": 0,
                "total": 1
              }
            }
          ]
        },
        {
          "over": 13,
          "deliveries": [
            {
              "batter": "CG Williams",
              "bowler": "MGSM Fernando",
              "non_striker": "SF Burger",
              "runs": {
                "batter": 1,
                "extras": 0,
                "total": 1
              }
            },
            {
              "batter": "SF Burger",
              "bowler": "MGSM Fernando",
              "non_striker": "CG Williams",
              "runs": {
                "batter": 1,
                "extras": 0,
                "total": 1
              }
            },
            {
              "batter": "CG Williams",
              "bowler": "MGSM Fernando",
              "non_striker": "SF Burger",
              "runs": {
                "batter": 0,
                "extras": 0,
                "total": 0
              }
            },
            {
              "batter": "CG Williams",
              "bowler": "MGSM Fernando",
              "non_striker": "SF Burger",
              "runs": {
                "batter": 1,
                "extras": 0,
                "total": 1
              }
            },
            {
              "batter": "SF Burger",
              "bowler": "MGSM Fernando",
              "non_striker": "CG Williams",
              "runs": {
                "batter": 1,
                "extras": 0,
                "total": 1
              }
            },
            {
              "batter": "CG Williams",
              "bowler": "MGSM Fernando",
              "non_striker": "SF Burger",
              "runs": {
                "batter": 1,
                "extras": 0,
                "total": 1
              }
            }
          ]
        },
        {
          "over": 14,
          "deliveries": [
            {
              "batter": "CG Williams",
              "bowler": "V Pennazza",
              "non_striker": "SF Burger",
              "runs": {
                "batter": 1,
                "extras": 0,
                "total": 1
              }
            },
            {
              "batter": "SF Burger",
              "bowler": "V Pennazza",
              "non_striker": "CG Williams",
              "runs": {
                "batter": 2,
                "extras": 0,
                "total": 2
              }
            },
            {
              "batter": "SF Burger",
              "bowler": "V Pennazza",
              "non_striker": "CG Williams",
              "runs": {
                "batter": 0,
                "extras": 0,
                "total": 0
              }
            },
            {
              "batter": "SF Burger",
              "bowler": "V Pennazza",
              "non_striker": "CG Williams",
              "runs": {
                "batter": 0,
                "extras": 0,
                "total": 0
              }
            },
            {
              "batter": "SF Burger",
              "bowler": "V Pennazza",
              "non_striker": "CG Williams",
              "runs": {
                "batter": 1,
                "extras": 0,
                "total": 1
              }
            },
            {
              "batter": "CG Williams",
              "bowler": "V Pennazza",
              "non_striker": "SF Burger",
              "runs": {
                "batter": 1,
                "extras": 0,
                "total": 1
              }
            }
          ]
        },
        {
          "over": 15,
          "deliveries": [
            {
              "batter": "CG Williams",
              "bowler": "MGSM Fernando",
              "non_striker": "SF Burger",
              "runs": {
                "batter": 4,
                "extras": 0,
                "total": 4
              }
            },
            {
              "batter": "CG Williams",
              "bowler": "MGSM Fernando",
              "non_striker": "SF Burger",
              "runs": {
                "batter": 1,
                "extras": 0,
                "total": 1
              }
            },
            {
              "batter": "SF Burger",
              "bowler": "MGSM Fernando",
              "non_striker": "CG Williams",
              "runs": {
                "batter": 0,
                "extras": 0,
                "total": 0
              }
            },
            {
              "batter": "SF Burger",
              "bowler": "MGSM Fernando",
              "non_striker": "CG Williams",
              "runs": {
                "batter": 0,
                "extras": 0,
                "total": 0
              }
            },
            {
              "batter": "SF Burger",
              "bowler": "MGSM Fernando",
              "non_striker": "CG Williams",
              "runs": {
                "batter": 0,
                "extras": 0,
                "total": 0
              },
              "wickets": [
                {
                  "kind": "bowled",
                  "player_out": "SF Burger"
                }
              ]
            },
            {
              "batter": "R van Schoor",
              "bowler": "MGSM Fernando",
              "non_striker": "CG Williams",
              "runs": {
                "batter": 0,
                "extras": 0,
                "total": 0
              }
            }
          ]
        },
        {
          "over": 16,
          "deliveries": [
            {
              "batter": "CG Williams",
              "bowler": "GRD Munasinghe",
              "non_striker": "R van Schoor",
              "runs": {
                "batter": 0,
                "extras": 0,
                "total": 0
              }
            },
            {
              "batter": "CG Williams",
              "bowler": "GRD Munasinghe",
              "non_striker": "R van Schoor",
              "runs": {
                "batter": 1,
                "extras": 0,
                "total": 1
              }
            },
            {
              "batter": "R van Schoor",
              "bowler": "GRD Munasinghe",
              "non_striker": "CG Williams",
              "runs": {
                "batter": 0,
                "extras": 0,
                "total": 0
              }
            },
            {
              "batter": "R van Schoor",
              "bowler": "GRD Munasinghe",
              "non_striker": "CG Williams",
              "runs": {
                "batter": 1,
                "extras": 0,
                "total": 1
              }
            },
            {
              "batter": "CG Williams",
              "bowler": "GRD Munasinghe",
              "non_striker": "R van Schoor",
              "runs": {
                "batter": 2,
                "extras": 0,
                "total": 2
              }
            },
            {
              "batter": "CG Williams",
              "bowler": "GRD Munasinghe",
              "non_striker": "R van Schoor",
              "runs": {
                "batter": 4,
                "extras": 0,
                "total": 4
              }
            }
          ]
        },
        {
          "over": 17,
          "deliveries": [
            {
              "batter": "R van Schoor",
              "bowler": "MGSM Fernando",
              "extras": {
                "legbyes": 1
              },
              "non_striker": "CG Williams",
              "runs": {
                "batter": 0,
                "extras": 1,
                "total": 1
              }
            },
            {
              "batter": "CG Williams",
              "bowler": "MGSM Fernando",
              "non_striker": "R van Schoor",
              "runs": {
                "batter": 1,
                "extras": 0,
                "total": 1
              }
            },
            {
              "batter": "R van Schoor",
              "bowler": "MGSM Fernando",
              "non_striker": "CG Williams",
              "runs": {
                "batter": 2,
                "extras": 0,
                "total": 2
              }
            },
            {
              "batter": "R van Schoor",
              "bowler": "MGSM Fernando",
              "non_striker": "CG Williams",
              "runs": {
                "batter": 1,
                "extras": 0,
                "total": 1
              }
            },
            {
              "batter": "CG Williams",
              "bowler": "MGSM Fernando",
              "non_striker": "R van Schoor",
              "runs": {
                "batter": 1,
                "extras": 0,
                "total": 1
              }
            },
            {
              "batter": "R van Schoor",
              "bowler": "MGSM Fernando",
              "non_striker": "CG Williams",
              "runs": {
                "batter": 1,
                "extras": 0,
                "total": 1
              }
            }
          ]
        },
        {
          "over": 18,
          "deliveries": [
            {
              "batter": "R van Schoor",
              "bowler": "GRD Munasinghe",
              "non_striker": "CG Williams",
              "runs": {
                "batter": 0,
                "extras": 0,
                "total": 0
              },
              "wickets": [
                {
                  "kind": "caught",
                  "player_out": "R van Schoor",
                  "fielders": [
                    {
                      "name": "MG Raso"
                    }
                  ]
                }
              ]
            },
            {
              "batter": "JP Kotze",
              "bowler": "GRD Munasinghe",
              "non_striker": "CG Williams",
              "runs": {
                "batter": 1,
                "extras": 0,
                "total": 1
              }
            },
            {
              "batter": "CG Williams",
              "bowler": "GRD Munasinghe",
              "non_striker": "JP Kotze",
              "runs": {
                "batter": 1,
                "extras": 0,
                "total": 1
              }
            },
            {
              "batter": "JP Kotze",
              "bowler": "GRD Munasinghe",
              "non_striker": "CG Williams",
              "runs": {
                "batter": 1,
                "extras": 0,
                "total": 1
              }
            },
            {
              "batter": "CG Williams",
              "bowler": "GRD Munasinghe",
              "non_striker": "JP Kotze",
              "runs": {
                "batter": 1,
                "extras": 0,
                "total": 1
              }
            },
            {
              "batter": "JP Kotze",
              "bowler": "GRD Munasinghe",
              "non_striker": "CG Williams",
              "runs": {
                "batter": 2,
                "extras": 0,
                "total": 2
              }
            }
          ]
        },
        {
          "over": 19,
          "deliveries": [
            {
              "batter": "CG Williams",
              "bowler": "GK Berg",
              "non_striker": "JP Kotze",
              "runs": {
                "batter": 4,
                "extras": 0,
                "total": 4
              }
            },
            {
              "batter": "CG Williams",
              "bowler": "GK Berg",
              "non_striker": "JP Kotze",
              "runs": {
                "batter": 0,
                "extras": 0,
                "total": 0
              },
              "wickets": [
                {
                  "kind": "caught",
                  "player_out": "CG Williams",
                  "fielders": [
                    {
                      "name": "DG Crowley"
                    }
                  ]
                }
              ]
            },
            {
              "batter": "NRP Scholtz",
              "bowler": "GK Berg",
              "non_striker": "JP Kotze",
              "runs": {
                "batter": 1,
                "extras": 0,
                "total": 1
              },
              "wickets": [
                {
                  "kind": "run out",
                  "player_out": "NRP Scholtz",
                  "fielders": [
                    {
                      "name": "PA Petricola"
                    }
                  ]
                }
              ]
            },
            {
              "batter": "JJ Smit",
              "bowler": "GK Berg",
              "non_striker": "JP Kotze",
              "runs": {
                "batter": 2,
                "extras": 0,
                "total": 2
              }
            },
            {
              "batter": "JJ Smit",
              "bowler": "GK Berg",
              "non_striker": "JP Kotze",
              "runs": {
                "batter": 1,
                "extras": 0,
                "total": 1
              }
            },
            {
              "batter": "JP Kotze",
              "bowler": "GK Berg",
              "non_striker": "JJ Smit",
              "runs": {
                "batter": 1,
                "extras": 0,
                "total": 1
              }
            }
          ]
        }
      ],
      "powerplays": [
        {
          "from": 0.1,
          "to": 5.7,
          "type": "mandatory"
        }
      ],
      "target": {
        "overs": 20,
        "runs": 122
      }
    }
  ]
}