{
  "meta": {
    "data_version": "1.0.0",
    "created": "2014-01-03",
    "revision": 2
  },
  "info": {
    "balls_per_over": 6,
    "city": "Sharjah",
    "dates": [
      "2013-11-26"
    ],
    "event": {
      "name": "ICC World Twenty20 Qualifier",
      "stage": "15th Place Play-Off"
    },
    "gender": "male",
    "match_type": "IT20",
    "officials": {
      "match_referees": [
        "DT Jukes"
      ],
      "reserve_umpires": [
        "Sarika Prasad"
      ],
      "umpires": [
        "DJ Walker",
        "M Hawthorne"
      ]
    },
    "outcome": {
      "by": {
        "runs": 21
      },
      "winner": "United States of America"
    },
    "overs": 20,
    "player_of_match": [
      "Danial Ahmed"
    ],
    "players": {
      "Denmark": [
        "Yasir Iqbal",
        "CR Pedersen",
        "FA Klokker",
        "Kamran Mahmood",
        "HAM Shah",
        "Aftab Ahmed (2)",
        "Rizwan Mahmood",
        "Taha Ahmed",
        "Bashir Shah",
        "KRS Hansen",
        "RB Javed"
      ],
      "United States of America": [
        "SR Taylor",
        "AL Dodson",
        "K Ganesh",
        "SR Santhanam",
        "TP Allen",
        "JH Patel",
        "BS Bartley",
        "Danial Ahmed",
        "Muhammad Ghous",
        "Imran Awan",
        "A Sanford"
      ]
    },
    "registry": {
      "people": {
        "A Sanford": "f5b1b6bb",
        "AL Dodson": "f5efe5e0",
        "Aftab Ahmed (2)": "94ed8d37",
        "BS Bartley": "fb1d3872",
        "Bashir Shah": "3b282e51",
        "CR Pedersen": "defcefc8",
        "DJ Walker": "d4aea8ac",
        "DT Jukes": "7c215d14",
        "Danial Ahmed": "cf9ae594",
        "FA Klokker": "821a412e",
        "HAM Shah": "007113d7",
        "Imran Awan": "82d8aa2e",
        "JH Patel": "7cf185e1",
        "K Ganesh": "363fe2d5",
        "KRS Hansen": "413d26f3",
        "Kamran Mahmood": "12b7fa12",
        "M Hawthorne": "ea123ee4",
        "Muhammad Ghous": "1676b2d6",
        "RB Javed": "bf385668",
        "Rizwan Mahmood": "56e771ef",
        "SR Santhanam": "063870fc",
        "SR Taylor": "a9231c3f",
        "Sarika Prasad": "8ff397fa",
        "TP Allen": "30baaf1f",
        "Taha Ahmed": "5d08f132",
        "Yasir Iqbal": "928baf6b"
      }
    },
    "season": "2013/14",
    "team_type": "international",
    "teams": [
      "United States of America",
      "Denmark"
    ],
    "toss": {
      "decision": "field",
      "winner": "Denmark"
    },
    "venue": "Sharjah Cricket Stadium"
  },
  "innings": [
    {
      "team": "United States of America",
      "overs": [
        {
          "over": 0,
          "deliveries": [
            {
              "batter": "SR Taylor",
              "bowler": "Bashir Shah",
              "non_striker": "AL Dodson",
              "runs": {
                "batter": 0,
                "extras": 0,
                "total": 0
              }
            },
            {
              "batter": "SR Taylor",
              "bowler": "Bashir Shah",
              "non_striker": "AL Dodson",
              "runs": {
                "batter": 0,
                "extras": 0,
                "total": 0
              }
            },
            {
              "batter": "SR Taylor",
              "bowler": "Bashir Shah",
              "non_striker": "AL Dodson",
              "runs": {
                "batter": 0,
                "extras": 0,
                "total": 0
              }
            },
            {
              "batter": "SR Taylor",
              "bowler": "Bashir Shah",
              "non_striker": "AL Dodson",
              "runs": {
                "batter": 1,
                "extras": 0,
                "total": 1
              }
            },
            {
              "batter": "AL Dodson",
              "bowler": "Bashir Shah",
              "non_striker": "SR Taylor",
              "runs": {
                "batter": 0,
                "extras": 0,
                "total": 0
              }
            },
            {
              "batter": "AL Dodson",
              "bowler": "Bashir Shah",
              "non_striker": "SR Taylor",
              "runs": {
                "batter": 3,
                "extras": 0,
                "total": 3
              }
            }
          ]
        },
        {
          "over": 1,
          "deliveries": [
            {
              "batter": "AL Dodson",
              "bowler": "Aftab Ahmed (2)",
              "non_striker": "SR Taylor",
              "runs": {
                "batter": 4,
                "extras": 0,
                "total": 4
              }
            },
            {
              "batter": "AL Dodson",
              "bowler": "Aftab Ahmed (2)",
              "non_striker": "SR Taylor",
              "runs": {
                "batter": 2,
                "extras": 0,
                "total": 2
              }
            },
            {
              "batter": "AL Dodson",
              "bowler": "Aftab Ahmed (2)",
              "non_striker": "SR Taylor",
              "runs": {
                "batter": 0,
                "extras": 0,
                "total": 0
              }
            },
            {
              "batter": "AL Dodson",
              "bowler": "Aftab Ahmed (2)",
              "non_striker": "SR Taylor",
              "runs": {
                "batter": 1,
                "extras": 0,
                "total": 1
              }
            },
            {
              "batter": "SR Taylor",
              "bowler": "Aftab Ahmed (2)",
              "non_striker": "AL Dodson",
              "runs": {
                "batter": 0,
                "extras": 0,
                "total": 0
              }
            },
            {
              "batter": "SR Taylor",
              "bowler": "Aftab Ahmed (2)",
              "non_striker": "AL Dodson",
              "runs": {
                "batter": 1,
                "extras": 0,
                "total": 1
              }
            }
          ]
        },
        {
          "over": 2,
          "deliveries": [
            {
              "batter": "SR Taylor",
              "bowler": "Bashir Shah",
              "non_striker": "AL Dodson",
              "runs": {
                "batter": 6,
                "extras": 0,
                "total": 6
              }
            },
            {
              "batter": "SR Taylor",
              "bowler": "Bashir Shah",
              "non_striker": "AL Dodson",
              "runs": {
                "batter": 2,
                "extras": 0,
                "total": 2
              }
            },
            {
              "batter": "SR Taylor",
              "bowler": "Bashir Shah",
              "non_striker": "AL Dodson",
              "runs": {
                "batter": 0,
                "extras": 0,
                "total": 0
              }
            },
            {
              "batter": "SR Taylor",
              "bowler": "Bashir Shah",
              "non_striker": "AL Dodson",
              "runs": {
                "batter": 2,
                "extras": 0,
                "total": 2
              }
            },
            {
              "batter": "SR Taylor",
              "bowler": "Bashir Shah",
              "non_striker": "AL Dodson",
              "runs": {
                "batter": 0,
                "extras": 0,
                "total": 0
              }
            },
            {
              "batter": "SR Taylor",
              "bowler": "Bashir Shah",
              "non_striker": "AL Dodson",
              "runs": {
                "batter": 1,
                "extras": 0,
                "total": 1
              }
            }
          ]
        },
        {
          "over": 3,
          "deliveries": [
            {
              "batter": "SR Taylor",
              "bowler": "Aftab Ahmed (2)",
              "non_striker": "AL Dodson",
              "runs": {
                "batter": 4,
                "extras": 0,
                "total": 4
              }
            },
            {
              "batter": "SR Taylor",
              "bowler": "Aftab Ahmed (2)",
              "extras": {
                "wides": 1
              },
              "non_striker": "AL Dodson",
              "runs": {
                "batter": 0,
                "extras": 1,
                "total": 1
              }
            },
            {
              "batter": "SR Taylor",
              "bowler": "Aftab Ahmed (2)",
              "non_striker": "AL Dodson",
              "runs": {
                "batter": 1,
                "extras": 0,
                "total": 1
              }
            },
            {
              "batter": "AL Dodson",
              "bowler": "Aftab Ahmed (2)",
              "non_striker": "SR Taylor",
              "runs": {
                "batter": 1,
                "extras": 0,
                "total": 1
              }
            },
            {
              "batter": "SR Taylor",
              "bowler": "Aftab Ahmed (2)",
              "non_striker": "AL Dodson",
              "runs": {
                "batter": 1,
                "extras": 0,
                "total": 1
              }
            },
            {
              "batter": "AL Dodson",
              "bowler": "Aftab Ahmed (2)",
              "non_striker": "SR Taylor",
              "runs": {
                "batter": 0,
                "extras": 0,
                "total": 0
              }
            },
            {
              "batter": "AL Dodson",
              "bowler": "Aftab Ahmed (2)",
              "non_striker": "SR Taylor",
              "runs": {
                "batter": 4,
                "extras": 0,
                "total": 4
              }
            }
          ]
        },
        {
          "over": 4,
          "deliveries": [
            {
              "batter": "SR Taylor",
              "bowler": "Bashir Shah",
              "non_striker": "AL Dodson",
              "runs": {
                "batter": 6,
                "extras": 0,
                "total": 6
              }
            },
            {
              "batter": "SR Taylor",
              "bowler": "Bashir Shah",
              "non_striker": "AL Dodson",
              "runs": {
                "batter": 0,
                "extras": 0,
                "total": 0
              }
            },
            {
              "batter": "SR Taylor",
              "bowler": "Bashir Shah",
              "non_striker": "AL Dodson",
              "runs": {
                "batter": 1,
                "extras": 0,
                "total": 1
              }
            },
            {
              "batter": "AL Dodson",
              "bowler": "Bashir Shah",
              "non_striker": "SR Taylor",
              "runs": {
                "batter": 0,
                "extras": 0,
                "total": 0
              }
            },
            {
              "batter": "AL Dodson",
              "bowler": "Bashir Shah",
              "non_striker": "SR Taylor",
              "runs": {
                "batter": 1,
                "extras": 0,
                "total": 1
              }
            },
            {
              "batter": "SR Taylor",
              "bowler": "Bashir Shah",
              "non_striker": "AL Dodson",
              "runs": {
                "batter": 0,
                "extras": 0,
                "total": 0
              }
            }
          ]
        },
        {
          "over": 5,
          "deliveries": [
            {
              "batter": "AL Dodson",
              "bowler": "RB Javed",
              "non_striker": "SR Taylor",
              "runs": {
                "batter": 4,
                "extras": 0,
                "total": 4
              }
            },
            {
              "batter": "AL Dodson",
              "bowler": "RB Javed",
              "non_striker": "SR Taylor",
              "runs": {
                "batter": 0,
                "extras": 0,
                "total": 0
              }
            },
            {
              "batter": "AL Dodson",
              "bowler": "RB Javed",
              "non_striker": "SR Taylor",
              "runs": {
                "batter": 0,
                "extras": 0,
                "total": 0
              }
            },
            {
              "batter": "AL Dodson",
              "bowler": "RB Javed",
              "non_striker": "SR Taylor",
              "runs": {
                "batter": 2,
                "extras": 0,
                "total": 2
              }
            },
            {
              "batter": "AL Dodson",
              "bowler": "RB Javed",
              "non_striker": "SR Taylor",
              "runs": {
                "batter": 4,
                "extras": 0,
                "total": 4
              }
            },
            {
              "batter": "AL Dodson",
              "bowler": "RB Javed",
              "non_striker": "SR Taylor",
              "runs": {
                "batter": 0,
                "extras": 0,
                "total": 0
              }
            }
          ]
        },
        {
          "over": 6,
          "deliveries": [
            {
              "batter": "SR Taylor",
              "bowler": "HAM Shah",
              "non_striker": "AL Dodson",
              "runs": {
                "batter": 1,
                "extras": 0,
                "total": 1
              }
            },
            {
              "batter": "AL Dodson",
              "bowler": "HAM Shah",
              "non_striker": "SR Taylor",
              "runs": {
                "batter": 1,
                "extras": 0,
                "total": 1
              }
            },
            {
              "batter": "SR Taylor",
              "bowler": "HAM Shah",
              "non_striker": "AL Dodson",
              "runs": {
                "batter": 2,
                "extras": 0,
                "total": 2
              }
            },
            {
              "batter": "SR Taylor",
              "bowler": "HAM Shah",
              "non_striker": "AL Dodson",
              "runs": {
                "batter": 0,
                "extras": 0,
                "total": 0
              }
            },
            {
              "batter": "SR Taylor",
              "bowler": "HAM Shah",
              "non_striker": "AL Dodson",
              "runs": {
                "batter": 3,
                "extras": 0,
                "total": 3
              }
            },
            {
              "batter": "AL Dodson",
              "bowler": "HAM Shah",
              "non_striker": "SR Taylor",
              "runs": {
                "batter": 0,
                "extras": 0,
                "total": 0
              }
            }
          ]
        },
        {
          "over": 7,
          "deliveries": [
            {
              "batter": "SR Taylor",
              "bowler": "Kamran Mahmood",
              "extras": {
                "wides": 1
              },
              "non_striker": "AL Dodson",
              "runs": {
                "batter": 0,
                "extras": 1,
                "total": 1
              }
            },
            {
              "batter": "SR Taylor",
              "bowler": "Kamran Mahmood",
              "non_striker": "AL Dodson",
              "runs": {
                "batter": 1,
                "extras": 0,
                "total": 1
              }
            },
            {
              "batter": "AL Dodson",
              "bowler": "Kamran Mahmood",
              "non_striker": "SR Taylor",
              "runs": {
                "batter": 4,
                "extras": 0,
                "total": 4
              }
            },
            {
              "batter": "AL Dodson",
              "bowler": "Kamran Mahmood",
              "non_striker": "SR Taylor",
              "runs": {
                "batter": 4,
                "extras": 0,
                "total": 4
              }
            },
            {
              "batter": "AL Dodson",
              "bowler": "Kamran Mahmood",
              "non_striker": "SR Taylor",
              "runs": {
                "batter": 1,
                "extras": 0,
                "total": 1
              }
            },
            {
              "batter": "SR Taylor",
              "bowler": "Kamran Mahmood",
              "non_striker": "AL Dodson",
              "runs": {
                "batter": 1,
                "extras": 0,
                "total": 1
              }
            },
            {
              "batter": "AL Dodson",
              "bowler": "Kamran Mahmood",
              "non_striker": "SR Taylor",
              "runs": {
                "batter": 0,
                "extras": 0,
                "total": 0
              }
            }
          ]
        },
        {
          "over": 8,
          "deliveries": [
            {
              "batter": "SR Taylor",
              "bowler": "HAM Shah",
              "non_striker": "AL Dodson",
              "runs": {
                "batter": 1,
                "extras": 0,
                "total": 1
              }
            },
            {
              "batter": "AL Dodson",
              "bowler": "HAM Shah",
              "non_striker": "SR Taylor",
              "runs": {
                "batter": 1,
                "extras": 0,
                "total": 1
              }
            },
            {
              "batter": "SR Taylor",
              "bowler": "HAM Shah",
              "non_striker": "AL Dodson",
              "runs": {
                "batter": 1,
                "extras": 0,
                "total": 1
              }
            },
            {
              "batter": "AL Dodson",
              "bowler": "HAM Shah",
              "non_striker": "SR Taylor",
              "runs": {
                "batter": 4,
                "extras": 0,
                "total": 4
              }
            },
            {
              "batter": "AL Dodson",
              "bowler": "HAM Shah",
              "non_striker": "SR Taylor",
              "runs": {
                "batter": 0,
                "extras": 0,
                "total": 0
              },
              "wickets": [
                {
                  "kind": "caught",
                  "player_out": "AL Dodson",
                  "fielders": [
                    {
                      "name": "Kamran Mahmood"
                    }
                  ]
                }
              ]
            },
            {
              "batter": "SR Taylor",
              "bowler": "HAM Shah",
              "non_striker": "K Ganesh",
              "runs": {
                "batter": 0,
                "extras": 0,
                "total": 0
              }
            }
          ]
        },
        {
          "over": 9,
          "deliveries": [
            {
              "batter": "K Ganesh",
              "bowler": "Kamran Mahmood",
              "non_striker": "SR Taylor",
              "runs": {
                "batter": 0,
                "extras": 0,
                "total": 0
              }
            },
            {
              "batter": "K Ganesh",
              "bowler": "Kamran Mahmood",
              "non_striker": "SR Taylor",
              "runs": {
                "batter": 0,
                "extras": 0,
                "total": 0
              }
            },
            {
              "batter": "K Ganesh",
              "bowler": "Kamran Mahmood",
              "non_striker": "SR Taylor",
              "runs": {
                "batter": 0,
                "extras": 0,
                "total": 0
              }
            },
            {
              "batter": "K Ganesh",
              "bowler": "Kamran Mahmood",
              "non_striker": "SR Taylor",
              "runs": {
                "batter": 0,
                "extras": 0,
                "total": 0
              }
            },
            {
              "batter": "K Ganesh",
              "bowler": "Kamran Mahmood",
              "non_striker": "SR Taylor",
              "runs": {
                "batter": 1,
                "extras": 0,
                "total": 1
              }
            },
            {
              "batter": "SR Taylor",
              "bowler": "Kamran Mahmood",
              "non_striker": "K Ganesh",
              "runs": {
                "batter": 0,
                "extras": 0,
                "total": 0
              }
            }
          ]
        },
        {
          "over": 10,
          "deliveries": [
            {
              "batter": "K Ganesh",
              "bowler": "HAM Shah",
              "extras": {
                "wides": 3
              },
              "non_striker": "SR Taylor",
              "runs": {
                "batter": 0,
                "extras": 3,
                "total": 3
              }
            },
            {
              "batter": "K Ganesh",
              "bowler": "HAM Shah",
              "non_striker": "SR Taylor",
              "runs": {
                "batter": 1,
                "extras": 0,
                "total": 1
              }
            },
            {
              "batter": "SR Taylor",
              "bowler": "HAM Shah",
              "non_striker": "K Ganesh",
              "runs": {
                "batter": 0,
                "extras": 0,
                "total": 0
              },
              "wickets": [
                {
                  "kind": "stumped",
                  "player_out": "SR Taylor",
                  "fielders": [
                    {
                      "name": "FA Klokker"
                    }
                  ]
                }
              ]
            },
            {
              "batter": "SR Santhanam",
              "bowler": "HAM Shah",
              "non_striker": "K Ganesh",
              "runs": {
                "batter": 0,
                "extras": 0,
                "total": 0
              }
            },
            {
              "batter": "SR Santhanam",
              "bowler": "HAM Shah",
              "non_striker": "K Ganesh",
              "runs": {
                "batter": 0,
                "extras": 0,
                "total": 0
              }
            },
            {
              "batter": "SR Santhanam",
              "bowler": "HAM Shah",
              "non_striker": "K Ganesh",
              "runs": {
                "batter": 0,
                "extras": 0,
                "total": 0
              }
            },
            {
              "batter": "SR Santhanam",
              "bowler": "HAM Shah",
              "non_striker": "K Ganesh",
              "runs": {
                "batter": 0,
                "extras": 0,
                "total": 0
              }
            }
          ]
        },
        {
          "over": 11,
          "deliveries": [
            {
              "batter": "K Ganesh",
              "bowler": "RB Javed",
              "non_striker": "SR Santhanam",
              "runs": {
                "batter": 1,
                "extras": 0,
                "total": 1
              }
            },
            {
              "batter": "SR Santhanam",
              "bowler": "RB Javed",
              "non_striker": "K Ganesh",
              "runs": {
                "batter": 1,
                "extras": 0,
                "total": 1
              }
            },
            {
              "batter": "K Ganesh",
              "bowler": "RB Javed",
              "non_striker": "SR Santhanam",
              "runs": {
                "batter": 0,
                "extras": 0,
                "total": 0
              },
              "wickets": [
                {
                  "kind": "run out",
                  "player_out": "SR Santhanam",
                  "fielders": [
                    {
                      "name": "HAM Shah"
                    }
                  ]
                }
              ]
            },
            {
              "batter": "TP Allen",
              "bowler": "RB Javed",
              "non_striker": "K Ganesh",
              "runs": {
                "batter": 0,
                "extras": 0,
                "total": 0
              }
            },
            {
              "batter": "TP Allen",
              "bowler": "RB Javed",
              "non_striker": "K Ganesh",
              "runs": {
                "batter": 1,
                "extras": 0,
                "total": 1
              }
            },
            {
              "batter": "K Ganesh",
              "bowler": "RB Javed",
              "non_striker": "TP Allen",
              "runs": {
                "batter": 0,
                "extras": 0,
                "total": 0
              }
            }
          ]
        },
        {
          "over": 12,
          "deliveries": [
            {
              "batter": "TP Allen",
              "bowler": "HAM Shah",
              "non_striker": "K Ganesh",
              "runs": {
                "batter": 0,
                "extras": 0,
                "total": 0
              }
            },
            {
              "batter": "TP Allen",
              "bowler": "HAM Shah",
              "non_striker": "K Ganesh",
              "runs": {
                "batter": 0,
                "extras": 0,
                "total": 0
              }
            },
            {
              "batter": "TP Allen",
              "bowler": "HAM Shah",
              "non_striker": "K Ganesh",
              "runs": {
                "batter": 0,
                "extras": 0,
                "total": 0
              }
            },
            {
              "batter": "TP Allen",
              "bowler": "HAM Shah",
              "non_striker": "K Ganesh",
              "runs": {
                "batter": 0,
                "extras": 0,
                "total": 0
              },
              "wickets": [
                {
                  "kind": "caught",
                  "player_out": "TP Allen",
                  "fielders": [
                    {
                      "name": "CR Pedersen"
                    }
                  ]
                }
              ]
            },
            {
              "batter": "K Ganesh",
              "bowler": "HAM Shah",
              "non_striker": "JH Patel",
              "runs": {
                "batter": 0,
                "extras": 0,
                "total": 0
              }
            },
            {
              "batter": "K Ganesh",
              "bowler": "HAM Shah",
              "non_striker": "JH Patel",
              "runs": {
                "batter": 2,
                "extras": 0,
                "total": 2
              }
            }
          ]
        },
        {
          "over": 13,
          "deliveries": [
            {
              "batter": "JH Patel",
              "bowler": "RB Javed",
              "non_striker": "K Ganesh",
              "runs": {
                "batter": 1,
                "extras": 0,
                "total": 1
              }
            },
            {
              "batter": "K Ganesh",
              "bowler": "RB Javed",
              "non_striker": "JH Patel",
              "runs": {
                "batter": 0,
                "extras": 0,
                "total": 0
              }
            },
            {
              "batter": "K Ganesh",
              "bowler": "RB Javed",
              "non_striker": "JH Patel",
              "runs": {
                "batter": 2,
                "extras": 0,
                "total": 2
              }
            },
            {
              "batter": "K Ganesh",
              "bowler": "RB Javed",
              "non_striker": "JH Patel",
              "runs": {
                "batter": 1,
                "extras": 0,
                "total": 1
              }
            },
            {
              "batter": "JH Patel",
              "bowler": "RB Javed",
              "non_striker": "K Ganesh",
              "runs": {
                "batter": 0,
                "extras": 0,
                "total": 0
              }
            },
            {
              "batter": "JH Patel",
              "bowler": "RB Javed",
              "non_striker": "K Ganesh",
              "runs": {
                "batter": 0,
                "extras": 0,
                "total": 0
              }
            }
          ]
        },
        {
          "over": 14,
          "deliveries": [
            {
              "batter": "K Ganesh",
              "bowler": "Kamran Mahmood",
              "non_striker": "JH Patel",
              "runs": {
                "batter": 2,
                "extras": 0,
                "total": 2
              }
            },
            {
              "batter": "K Ganesh",
              "bowler": "Kamran Mahmood",
              "non_striker": "JH Patel",
              "runs": {
                "batter": 1,
                "extras": 0,
                "total": 1
              }
            },
            {
              "batter": "JH Patel",
              "bowler": "Kamran Mahmood",
              "non_striker": "K Ganesh",
              "runs": {
                "batter": 1,
                "extras": 0,
                "total": 1
              }
            },
            {
              "batter": "K Ganesh",
              "bowler": "Kamran Mahmood",
              "non_striker": "JH Patel",
              "runs": {
                "batter": 2,
                "extras": 0,
                "total": 2
              }
            },
            {
              "batter": "K Ganesh",
              "bowler": "Kamran Mahmood",
              "non_striker": "JH Patel",
              "runs": {
                "batter": 1,
                "extras": 0,
                "total": 1
              }
            },
            {
              "batter": "JH Patel",
              "bowler": "Kamran Mahmood",
              "non_striker": "K Ganesh",
              "runs": {
                "batter": 0,
                "extras": 0,
                "total": 0
              }
            }
          ]
        },
        {
          "over": 15,
          "deliveries": [
            {
              "batter": "K Ganesh",
              "bowler": "KRS Hansen",
              "non_striker": "JH Patel",
              "runs": {
                "batter": 1,
                "extras": 0,
                "total": 1
              }
            },
            {
              "batter": "JH Patel",
              "bowler": "KRS Hansen",
              "non_striker": "K Ganesh",
              "runs": {
                "batter": 4,
                "extras": 0,
                "total": 4
              }
            },
            {
              "batter": "JH Patel",
              "bowler": "KRS Hansen",
              "non_striker": "K Ganesh",
              "runs": {
                "batter": 1,
                "extras": 0,
                "total": 1
              }
            },
            {
              "batter": "K Ganesh",
              "bowler": "KRS Hansen",
              "non_striker": "JH Patel",
              "runs": {
                "batter": 1,
                "extras": 0,
                "total": 1
              }
            },
            {
              "batter": "JH Patel",
              "bowler": "KRS Hansen",
              "non_striker": "K Ganesh",
              "runs": {
                "batter": 0,
                "extras": 0,
                "total": 0
              }
            },
            {
              "batter": "JH Patel",
              "bowler": "KRS Hansen",
              "non_striker": "K Ganesh",
              "runs": {
                "batter": 1,
                "extras": 0,
                "total": 1
              }
            }
          ]
        },
        {
          "over": 16,
          "deliveries": [
            {
              "batter": "JH Patel",
              "bowler": "Kamran Mahmood",
              "non_striker": "K Ganesh",
              "runs": {
                "batter": 4,
                "extras": 0,
                "total": 4
              }
            },
            {
              "batter": "JH Patel",
              "bowler": "Kamran Mahmood",
              "non_striker": "K Ganesh",
              "runs": {
                "batter": 0,
                "extras": 0,
                "total": 0
              }
            },
            {
              "batter": "JH Patel",
              "bowler": "Kamran Mahmood",
              "non_striker": "K Ganesh",
              "runs": {
                "batter": 6,
                "extras": 0,
                "total": 6
              }
            },
            {
              "batter": "JH Patel",
              "bowler": "Kamran Mahmood",
              "non_striker": "K Ganesh",
              "runs": {
                "batter": 2,
                "extras": 0,
                "total": 2
              }
            },
            {
              "batter": "JH Patel",
              "bowler": "Kamran Mahmood",
              "non_striker": "K Ganesh",
              "runs": {
                "batter": 0,
                "extras": 0,
                "total": 0
              }
            },
            {
              "batter": "JH Patel",
              "bowler": "Kamran Mahmood",
              "non_striker": "K Ganesh",
              "runs": {
                "batter": 1,
                "extras": 0,
                "total": 1
              }
            }
          ]
        },
        {
          "over": 17,
          "deliveries": [
            {
              "batter": "JH Patel",
              "bowler": "Yasir Iqbal",
              "non_striker": "K Ganesh",
              "runs": {
                "batter": 1,
                "extras": 0,
                "total": 1
              }
            },
            {
              "batter": "K Ganesh",
              "bowler": "Yasir Iqbal",
              "non_striker": "JH Patel",
              "runs": {
                "batter": 1,
                "extras": 0,
                "total": 1
              }
            },
            {
              "batter": "JH Patel",
              "bowler": "Yasir Iqbal",
              "non_striker": "K Ganesh",
              "runs": {
                "batter": 6,
                "extras": 0,
                "total": 6
              }
            },
            {
              "batter": "JH Patel",
              "bowler": "Yasir Iqbal",
              "non_striker": "K Ganesh",
              "runs": {
                "batter": 1,
                "extras": 0,
                "total": 1
              }
            },
            {
              "batter": "K Ganesh",
              "bowler": "Yasir Iqbal",
              "extras": {
                "legbyes": 1
              },
              "non_striker": "JH Patel",
              "runs": {
                "batter": 0,
                "extras": 1,
                "total": 1
              }
            },
            {
              "batter": "JH Patel",
              "bowler": "Yasir Iqbal",
              "non_striker": "K Ganesh",
              "runs": {
                "batter": 1,
                "extras": 0,
                "total": 1
              }
            }
          ]
        },
        {
          "over": 18,
          "deliveries": [
            {
              "batter": "JH Patel",
              "bowler": "Bashir Shah",
              "non_striker": "K Ganesh",
              "runs": {
                "batter": 0,
                "extras": 0,
                "total": 0
              },
              "wickets": [
                {
                  "kind": "caught",
                  "player_out": "JH Patel",
                  "fielders": [
                    {
                      "name": "Taha Ahmed"
                    }
                  ]
                }
              ]
            },
            {
              "batter": "BS Bartley",
              "bowler": "Bashir Shah",
              "non_striker": "K Ganesh",
              "runs": {
                "batter": 0,
                "extras": 0,
                "total": 0
              }
            },
            {
              "batter": "BS Bartley",
              "bowler": "Bashir Shah",
              "non_striker": "K Ganesh",
              "runs": {
                "batter": 0,
                "extras": 0,
                "total": 0
              },
              "wickets": [
                {
                  "kind": "bowled",
                  "player_out": "BS Bartley"
                }
              ]
            },
            {
              "batter": "Danial Ahmed",
              "bowler": "Bashir Shah",
              "non_striker": "K Ganesh",
              "runs": {
                "batter": 2,
                "extras": 0,
                "total": 2
              }
            },
            {
              "batter": "Danial Ahmed",
              "bowler": "Bashir Shah",
              "non_striker": "K Ganesh",
              "runs": {
                "batter": 0,
                "extras": 0,
                "total": 0
              }
            },
            {
              "batter": "Danial Ahmed",
              "bowler": "Bashir Shah",
              "non_striker": "K Ganesh",
              "runs": {
                "batter": 0,
                "extras": 0,
                "total": 0
              }
            }
          ]
        },
        {
          "over": 19,
          "deliveries": [
            {
              "batter": "K Ganesh",
              "bowler": "Yasir Iqbal",
              "non_striker": "Danial Ahmed",
              "runs": {
                "batter": 1,
                "extras": 0,
                "total": 1
              }
            },
            {
              "batter": "Danial Ahmed",
              "bowler": "Yasir Iqbal",
              "non_striker": "K Ganesh",
              "runs": {
                "batter": 1,
                "extras": 0,
                "total": 1
              }
            },
            {
              "batter": "K Ganesh",
              "bowler": "Yasir Iqbal",
              "non_striker": "Danial Ahmed",
              "runs": {
                "batter": 0,
                "extras": 0,
                "total": 0
              },
              "wickets": [
                {
                  "kind": "caught",
                  "player_out": "K Ganesh",
                  "fielders": [
                    {
                      "name": "HAM Shah"
                    }
                  ]
                }
              ]
            },
            {
              "batter": "Danial Ahmed",
              "bowler": "Yasir Iqbal",
              "non_striker": "Muhammad Ghous",
              "runs": {
                "batter": 1,
                "extras": 0,
                "total": 1
              }
            },
            {
              "batter": "Muhammad Ghous",
              "bowler": "Yasir Iqbal",
              "non_striker": "Danial Ahmed",
              "runs": {
                "batter": 2,
                "extras": 0,
                "total": 2
              }
            },
            {
              "batter": "Muhammad Ghous",
              "bowler": "Yasir Iqbal",
              "non_striker": "Danial Ahmed",
              "runs": {
                "batter": 6,
                "extras": 0,
                "total": 6
              }
            }
          ]
        }
      ],
      "powerplays": [
        {
          "from": 0.1,
          "to": 5.6,
          "type": "mandatory"
        }
      ]
    },
    {
      "team": "Denmark",
      "overs": [
        {
          "over": 0,
          "deliveries": [
            {
              "batter": "Yasir Iqbal",
              "bowler": "A Sanford",
              "non_striker": "CR Pedersen",
              "runs": {
                "batter": 0,
                "extras": 0,
                "total": 0
              }
            },
            {
              "batter": "Yasir Iqbal",
              "bowler": "A Sanford",
              "non_striker": "CR Pedersen",
              "runs": {
                "batter": 1,
                "extras": 0,
                "total": 1
              }
            },
            {
              "batter": "CR Pedersen",
              "bowler": "A Sanford",
              "non_striker": "Yasir Iqbal",
              "runs": {
                "batter": 0,
                "extras": 0,
                "total": 0
              }
            },
            {
              "batter": "CR Pedersen",
              "bowler": "A Sanford",
              "non_striker": "Yasir Iqbal",
              "runs": {
                "batter": 0,
                "extras": 0,
                "total": 0
              }
            },
            {
              "batter": "CR Pedersen",
              "bowler": "A Sanford",
              "non_striker": "Yasir Iqbal",
              "runs": {
                "batter": 0,
                "extras": 0,
                "total": 0
              }
            },
            {
              "batter": "CR Pedersen",
              "bowler": "A Sanford",
              "non_striker": "Yasir Iqbal",
              "runs": {
                "batter": 0,
                "extras": 0,
                "total": 0
              }
            }
          ]
        },
        {
          "over": 1,
          "deliveries": [
            {
              "batter": "Yasir Iqbal",
              "bowler": "Imran Awan",
              "non_striker": "CR Pedersen",
              "runs": {
                "batter": 4,
                "extras": 0,
                "total": 4
              }
            },
            {
              "batter": "Yasir Iqbal",
              "bowler": "Imran Awan",
              "non_striker": "CR Pedersen",
              "runs": {
                "batter": 1,
                "extras": 0,
                "total": 1
              }
            },
            {
              "batter": "CR Pedersen",
              "bowler": "Imran Awan",
              "non_striker": "Yasir Iqbal",
              "runs": {
                "batter": 0,
                "extras": 0,
                "total": 0
              }
            },
            {
              "batter": "CR Pedersen",
              "bowler": "Imran Awan",
              "non_striker": "Yasir Iqbal",
              "runs": {
                "batter": 0,
                "extras": 0,
                "total": 0
              }
            },
            {
              "batter": "CR Pedersen",
              "bowler": "Imran Awan",
              "non_striker": "Yasir Iqbal",
              "runs": {
                "batter": 0,
                "extras": 0,
                "total": 0
              }
            },
            {
              "batter": "CR Pedersen",
              "bowler": "Imran Awan",
              "extras": {
                "legbyes": 2
              },
              "non_striker": "Yasir Iqbal",
              "runs": {
                "batter": 0,
                "extras": 2,
                "total": 2
              }
            }
          ]
        },
        {
          "over": 2,
          "deliveries": [
            {
              "batter": "Yasir Iqbal",
              "bowler": "A Sanford",
              "extras": {
                "wides": 1
              },
              "non_striker": "CR Pedersen",
              "runs": {
                "batter": 0,
                "extras": 1,
                "total": 1
              }
            },
            {
              "batter": "Yasir Iqbal",
              "bowler": "A Sanford",
              "non_striker": "CR Pedersen",
              "runs": {
                "batter": 0,
                "extras": 0,
                "total": 0
              }
            },
            {
              "batter": "Yasir Iqbal",
              "bowler": "A Sanford",
              "extras": {
                "wides": 1
              },
              "non_striker": "CR Pedersen",
              "runs": {
                "batter": 0,
                "extras": 1,
                "total": 1
              }
            },
            {
              "batter": "Yasir Iqbal",
              "bowler": "A Sanford",
              "extras": {
                "legbyes": 1
              },
              "non_striker": "CR Pedersen",
              "runs": {
                "batter": 0,
                "extras": 1,
                "total": 1
              }
            },
            {
              "batter": "CR Pedersen",
              "bowler": "A Sanford",
              "non_striker": "Yasir Iqbal",
              "runs": {
                "batter": 0,
                "extras": 0,
                "total": 0
              }
            },
            {
              "batter": "CR Pedersen",
              "bowler": "A Sanford",
              "non_striker": "Yasir Iqbal",
              "runs": {
                "batter": 1,
                "extras": 0,
                "total": 1
              }
            },
            {
              "batter": "Yasir Iqbal",
              "bowler": "A Sanford",
              "extras": {
                "wides": 1
              },
              "non_striker": "CR Pedersen",
              "runs": {
                "batter": 0,
                "extras": 1,
                "total": 1
              }
            },
            {
              "batter": "Yasir Iqbal",
              "bowler": "A Sanford",
              "non_striker": "CR Pedersen",
              "runs": {
                "batter": 0,
                "extras": 0,
                "total": 0
              },
              "wickets": [
                {
                  "kind": "caught",
                  "player_out": "Yasir Iqbal",
                  "fielders": [
                    {
                      "name": "SR Taylor"
                    }
                  ]
                }
              ]
            },
            {
              "batter": "CR Pedersen",
              "bowler": "A Sanford",
              "non_striker": "FA Klokker",
              "runs": {
                "batter": 0,
                "extras": 0,
                "total": 0
              }
            }
          ]
        },
        {
          "over": 3,
          "deliveries": [
            {
              "batter": "FA Klokker",
              "bowler": "Imran Awan",
              "non_striker": "CR Pedersen",
              "runs": {
                "batter": 1,
                "extras": 0,
                "total": 1
              }
            },
            {
              "batter": "CR Pedersen",
              "bowler": "Imran Awan",
              "non_striker": "FA Klokker",
              "runs": {
                "batter": 0,
                "extras": 0,
                "total": 0
              }
            },
            {
              "batter": "CR Pedersen",
              "bowler": "Imran Awan",
              "non_striker": "FA Klokker",
              "runs": {
                "batter": 0,
                "extras": 0,
                "total": 0
              }
            },
            {
              "batter": "CR Pedersen",
              "bowler": "Imran Awan",
              "non_striker": "FA Klokker",
              "runs": {
                "batter": 1,
                "extras": 0,
                "total": 1
              }
            },
            {
              "batter": "FA Klokker",
              "bowler": "Imran Awan",
              "non_striker": "CR Pedersen",
              "runs": {
                "batter": 2,
                "extras": 0,
                "total": 2
              }
            },
            {
              "batter": "FA Klokker",
              "bowler": "Imran Awan",
              "extras": {
                "legbyes": 1
              },
              "non_striker": "CR Pedersen",
              "runs": {
                "batter": 0,
                "extras": 1,
                "total": 1
              }
            }
          ]
        },
        {
          "over": 4,
          "deliveries": [
            {
              "batter": "FA Klokker",
              "bowler": "A Sanford",
              "non_striker": "CR Pedersen",
              "runs": {
                "batter": 0,
                "extras": 0,
                "total": 0
              }
            },
            {
              "batter": "FA Klokker",
              "bowler": "A Sanford",
              "non_striker": "CR Pedersen",
              "runs": {
                "batter": 1,
                "extras": 0,
                "total": 1
              }
            },
            {
              "batter": "CR Pedersen",
              "bowler": "A Sanford",
              "extras": {
                "legbyes": 4
              },
              "non_striker": "FA Klokker",
              "runs": {
                "batter": 0,
                "extras": 4,
                "total": 4
              }
            },
            {
              "batter": "CR Pedersen",
              "bowler": "A Sanford",
              "non_striker": "FA Klokker",
              "runs": {
                "batter": 0,
                "extras": 0,
                "total": 0
              }
            },
            {
              "batter": "CR Pedersen",
              "bowler": "A Sanford",
              "non_striker": "FA Klokker",
              "runs": {
                "batter": 0,
                "extras": 0,
                "total": 0
              }
            },
            {
              "batter": "CR Pedersen",
              "bowler": "A Sanford",
              "non_striker": "FA Klokker",
              "runs": {
                "batter": 0,
                "extras": 0,
                "total": 0
              }
            }
          ]
        },
        {
          "over": 5,
          "deliveries": [
            {
              "batter": "FA Klokker",
              "bowler": "Imran Awan",
              "extras": {
                "legbyes": 1
              },
              "non_striker": "CR Pedersen",
              "runs": {
                "batter": 0,
                "extras": 1,
                "total": 1
              }
            },
            {
              "batter": "CR Pedersen",
              "bowler": "Imran Awan",
              "non_striker": "FA Klokker",
              "runs": {
                "batter": 1,
                "extras": 0,
                "total": 1
              }
            },
            {
              "batter": "FA Klokker",
              "bowler": "Imran Awan",
              "non_striker": "CR Pedersen",
              "runs": {
                "batter": 4,
                "extras": 0,
                "total": 4
              }
            },
            {
              "batter": "FA Klokker",
              "bowler": "Imran Awan",
              "non_striker": "CR Pedersen",
              "runs": {
                "batter": 0,
                "extras": 0,
                "total": 0
              }
            },
            {
              "batter": "FA Klokker",
              "bowler": "Imran Awan",
              "non_striker": "CR Pedersen",
              "runs": {
                "batter": 0,
                "extras": 0,
                "total": 0
              }
            },
            {
              "batter": "FA Klokker",
              "bowler": "Imran Awan",
              "extras": {
                "legbyes": 1
              },
              "non_striker": "CR Pedersen",
              "runs": {
                "batter": 0,
                "extras": 1,
                "total": 1
              }
            }
          ]
        },
        {
          "over": 6,
          "deliveries": [
            {
              "batter": "FA Klokker",
              "bowler": "A Sanford",
              "non_striker": "CR Pedersen",
              "runs": {
                "batter": 0,
                "extras": 0,
                "total": 0
              }
            },
            {
              "batter": "FA Klokker",
              "bowler": "A Sanford",
              "non_striker": "CR Pedersen",
              "runs": {
                "batter": 1,
                "extras": 0,
                "total": 1
              }
            },
            {
              "batter": "CR Pedersen",
              "bowler": "A Sanford",
              "non_striker": "FA Klokker",
              "runs": {
                "batter": 1,
                "extras": 0,
                "total": 1
              }
            },
            {
              "batter": "FA Klokker",
              "bowler": "A Sanford",
              "non_striker": "CR Pedersen",
              "runs": {
                "batter": 2,
                "extras": 0,
                "total": 2
              }
            },
            {
              "batter": "FA Klokker",
              "bowler": "A Sanford",
              "non_striker": "CR Pedersen",
              "runs": {
                "batter": 0,
                "extras": 0,
                "total": 0
              }
            },
            {
              "batter": "FA Klokker",
              "bowler": "A Sanford",
              "non_striker": "CR Pedersen",
              "runs": {
                "batter": 1,
                "extras": 0,
                "total": 1
              }
            }
          ]
        },
        {
          "over": 7,
          "deliveries": [
            {
              "batter": "FA Klokker",
              "bowler": "Muhammad Ghous",
              "non_striker": "CR Pedersen",
              "runs": {
                "batter": 2,
                "extras": 0,
                "total": 2
              }
            },
            {
              "batter": "FA Klokker",
              "bowler": "Muhammad Ghous",
              "non_striker": "CR Pedersen",
              "runs": {
                "batter": 1,
                "extras": 0,
                "total": 1
              }
            },
            {
              "batter": "CR Pedersen",
              "bowler": "Muhammad Ghous",
              "non_striker": "FA Klokker",
              "runs": {
                "batter": 1,
                "extras": 0,
                "total": 1
              }
            },
            {
              "batter": "FA Klokker",
              "bowler": "Muhammad Ghous",
              "non_striker": "CR Pedersen",
              "runs": {
                "batter": 1,
                "extras": 0,
                "total": 1
              }
            },
            {
              "batter": "CR Pedersen",
              "bowler": "Muhammad Ghous",
              "non_striker": "FA Klokker",
              "runs": {
                "batter": 1,
                "extras": 0,
                "total": 1
              }
            },
            {
              "batter": "FA Klokker",
              "bowler": "Muhammad Ghous",
              "non_striker": "CR Pedersen",
              "runs": {
                "batter": 6,
                "extras": 0,
                "total": 6
              }
            }
          ]
        },
        {
          "over": 8,
          "deliveries": [
            {
              "batter": "CR Pedersen",
              "bowler": "K Ganesh",
              "non_striker": "FA Klokker",
              "runs": {
                "batter": 1,
                "extras": 0,
                "total": 1
              }
            },
            {
              "batter": "FA Klokker",
              "bowler": "K Ganesh",
              "non_striker": "CR Pedersen",
              "runs": {
                "batter": 0,
                "extras": 0,
                "total": 0
              }
            },
            {
              "batter": "FA Klokker",
              "bowler": "K Ganesh",
              "non_striker": "CR Pedersen",
              "runs": {
                "batter": 0,
                "extras": 0,
                "total": 0
              }
            },
            {
              "batter": "FA Klokker",
              "bowler": "K Ganesh",
              "non_striker": "CR Pedersen",
              "runs": {
                "batter": 6,
                "extras": 0,
                "total": 6
              }
            },
            {
              "batter": "FA Klokker",
              "bowler": "K Ganesh",
              "non_striker": "CR Pedersen",
              "runs": {
                "batter": 1,
                "extras": 0,
                "total": 1
              }
            },
            {
              "batter": "CR Pedersen",
              "bowler": "K Ganesh",
              "non_striker": "FA Klokker",
              "runs": {
                "batter": 1,
                "extras": 0,
                "total": 1
              }
            }
          ]
        },
        {
          "over": 9,
          "deliveries": [
            {
              "batter": "CR Pedersen",
              "bowler": "Muhammad Ghous",
              "non_striker": "FA Klokker",
              "runs": {
                "batter": 1,
                "extras": 0,
                "total": 1
              }
            },
            {
              "batter": "FA Klokker",
              "bowler": "Muhammad Ghous",
              "non_striker": "CR Pedersen",
              "runs": {
                "batter": 6,
                "extras": 0,
                "total": 6
              }
            },
            {
              "batter": "FA Klokker",
              "bowler": "Muhammad Ghous",
              "non_striker": "CR Pedersen",
              "runs": {
                "batter": 0,
                "extras": 0,
                "total": 0
              }
            },
            {
              "batter": "FA Klokker",
              "bowler": "Muhammad Ghous",
              "non_striker": "CR Pedersen",
              "runs": {
                "batter": 0,
                "extras": 0,
                "total": 0
              }
            },
            {
              "batter": "FA Klokker",
              "bowler": "Muhammad Ghous",
              "non_striker": "CR Pedersen",
              "runs": {
                "batter": 1,
                "extras": 0,
                "total": 1
              }
            },
            {
              "batter": "CR Pedersen",
              "bowler": "Muhammad Ghous",
              "non_striker": "FA Klokker",
              "runs": {
                "batter": 2,
                "extras": 0,
                "total": 2
              }
            }
          ]
        },
        {
          "over": 10,
          "deliveries": [
            {
              "batter": "FA Klokker",
              "bowler": "K Ganesh",
              "non_striker": "CR Pedersen",
              "runs": {
                "batter": 0,
                "extras": 0,
                "total": 0
              }
            },
            {
              "batter": "FA Klokker",
              "bowler": "K Ganesh",
              "non_striker": "CR Pedersen",
              "runs": {
                "batter": 1,
                "extras": 0,
                "total": 1
              }
            },
            {
              "batter": "CR Pedersen",
              "bowler": "K Ganesh",
              "non_striker": "FA Klokker",
              "runs": {
                "batter": 0,
                "extras": 0,
                "total": 0
              }
            },
            {
              "batter": "CR Pedersen",
              "bowler": "K Ganesh",
              "non_striker": "FA Klokker",
              "runs": {
                "batter": 1,
                "extras": 0,
                "total": 1
              }
            },
            {
              "batter": "FA Klokker",
              "bowler": "K Ganesh",
              "non_striker": "CR Pedersen",
              "runs": {
                "batter": 2,
                "extras": 0,
                "total": 2
              }
            },
            {
              "batter": "FA Klokker",
              "bowler": "K Ganesh",
              "non_striker": "CR Pedersen",
              "runs": {
                "batter": 0,
                "extras": 0,
                "total": 0
              }
            }
          ]
        },
        {
          "over": 11,
          "deliveries": [
            {
              "batter": "CR Pedersen",
              "bowler": "Danial Ahmed",
              "non_striker": "FA Klokker",
              "runs": {
                "batter": 2,
                "extras": 0,
                "total": 2
              }
            },
            {
              "batter": "CR Pedersen",
              "bowler": "Danial Ahmed",
              "non_striker": "FA Klokker",
              "runs": {
                "batter": 1,
                "extras": 0,
                "total": 1
              }
            },
            {
              "batter": "FA Klokker",
              "bowler": "Danial Ahmed",
              "non_striker": "CR Pedersen",
              "runs": {
                "batter": 1,
                "extras": 0,
                "total": 1
              }
            },
            {
              "batter": "CR Pedersen",
              "bowler": "Danial Ahmed",
              "non_striker": "FA Klokker",
              "runs": {
                "batter": 1,
                "extras": 0,
                "total": 1
              }
            },
            {
              "batter": "FA Klokker",
              "bowler": "Danial Ahmed",
              "non_striker": "CR Pedersen",
              "runs": {
                "batter": 0,
                "extras": 0,
                "total": 0
              },
              "wickets": [
                {
                  "kind": "stumped",
                  "player_out": "FA Klokker",
                  "fielders": [
                    {
                      "name": "AL Dodson"
                    }
                  ]
                }
              ]
            },
            {
              "batter": "Kamran Mahmood",
              "bowler": "Danial Ahmed",
              "extras": {
                "wides": 1
              },
              "non_striker": "CR Pedersen",
              "runs": {
                "batter": 0,
                "extras": 1,
                "total": 1
              }
            },
            {
              "batter": "Kamran Mahmood",
              "bowler": "Danial Ahmed",
              "non_striker": "CR Pedersen",
              "runs": {
                "batter": 0,
                "extras": 0,
                "total": 0
              },
              "wickets": [
                {
                  "kind": "bowled",
                  "player_out": "Kamran Mahmood"
                }
              ]
            }
          ]
        },
        {
          "over": 12,
          "deliveries": [
            {
              "batter": "CR Pedersen",
              "bowler": "K Ganesh",
              "non_striker": "HAM Shah",
              "runs": {
                "batter": 0,
                "extras": 0,
                "total": 0
              }
            },
            {
              "batter": "CR Pedersen",
              "bowler": "K Ganesh",
              "non_striker": "HAM Shah",
              "runs": {
                "batter": 0,
                "extras": 0,
                "total": 0
              }
            },
            {
              "batter": "CR Pedersen",
              "bowler": "K Ganesh",
              "non_striker": "HAM Shah",
              "runs": {
                "batter": 1,
                "extras": 0,
                "total": 1
              }
            },
            {
              "batter": "HAM Shah",
              "bowler": "K Ganesh",
              "non_striker": "CR Pedersen",
              "runs": {
                "batter": 0,
                "extras": 0,
                "total": 0
              }
            },
            {
              "batter": "HAM Shah",
              "bowler": "K Ganesh",
              "non_striker": "CR Pedersen",
              "runs": {
                "batter": 0,
                "extras": 0,
                "total": 0
              }
            },
            {
              "batter": "HAM Shah",
              "bowler": "K Ganesh",
              "non_striker": "CR Pedersen",
              "runs": {
                "batter": 1,
                "extras": 0,
                "total": 1
              }
            }
          ]
        },
        {
          "over": 13,
          "deliveries": [
            {
              "batter": "HAM Shah",
              "bowler": "Danial Ahmed",
              "non_striker": "CR Pedersen",
              "runs": {
                "batter": 0,
                "extras": 0,
                "total": 0
              }
            },
            {
              "batter": "HAM Shah",
              "bowler": "Danial Ahmed",
              "non_striker": "CR Pedersen",
              "runs": {
                "batter": 0,
                "extras": 0,
                "total": 0
              }
            },
            {
              "batter": "HAM Shah",
              "bowler": "Danial Ahmed",
              "non_striker": "CR Pedersen",
              "runs": {
                "batter": 1,
                "extras": 0,
                "total": 1
              }
            },
            {
              "batter": "CR Pedersen",
              "bowler": "Danial Ahmed",
              "non_striker": "HAM Shah",
              "runs": {
                "batter": 2,
                "extras": 0,
                "total": 2
              }
            },
            {
              "batter": "CR Pedersen",
              "bowler": "Danial Ahmed",
              "non_striker": "HAM Shah",
              "runs": {
                "batter": 1,
                "extras": 0,
                "total": 1
              }
            },
            {
              "batter": "HAM Shah",
              "bowler": "Danial Ahmed",
              "non_striker": "CR Pedersen",
              "runs": {
                "batter": 1,
                "extras": 0,
                "total": 1
              }
            }
          ]
        },
        {
          "over": 14,
          "deliveries": [
            {
              "batter": "HAM Shah",
              "bowler": "K Ganesh",
              "non_striker": "CR Pedersen",
              "runs": {
                "batter": 1,
                "extras": 0,
                "total": 1
              }
            },
            {
              "batter": "CR Pedersen",
              "bowler": "K Ganesh",
              "non_striker": "HAM Shah",
              "runs": {
                "batter": 1,
                "extras": 0,
                "total": 1
              }
            },
            {
              "batter": "HAM Shah",
              "bowler": "K Ganesh",
              "non_striker": "CR Pedersen",
              "runs": {
                "batter": 1,
                "extras": 0,
                "total": 1
              }
            },
            {
              "batter": "CR Pedersen",
              "bowler": "K Ganesh",
              "non_striker": "HAM Shah",
              "runs": {
                "batter": 1,
                "extras": 0,
                "total": 1
              }
            },
            {
              "batter": "HAM Shah",
              "bowler": "K Ganesh",
              "non_striker": "CR Pedersen",
              "runs": {
                "batter": 1,
                "extras": 0,
                "total": 1
              }
            },
            {
              "batter": "CR Pedersen",
              "bowler": "K Ganesh",
              "non_striker": "HAM Shah",
              "runs": {
                "batter": 4,
                "extras": 0,
                "total": 4
              }
            }
          ]
        },
        {
          "over": 15,
          "deliveries": [
            {
              "batter": "HAM Shah",
              "bowler": "Danial Ahmed",
              "non_striker": "CR Pedersen",
              "runs": {
                "batter": 0,
                "extras": 0,
                "total": 0
              },
              "wickets": [
                {
                  "kind": "bowled",
                  "player_out": "HAM Shah"
                }
              ]
            },
            {
              "batter": "Aftab Ahmed (2)",
              "bowler": "Danial Ahmed",
              "non_striker": "CR Pedersen",
              "runs": {
                "batter": 1,
                "extras": 0,
                "total": 1
              }
            },
            {
              "batter": "CR Pedersen",
              "bowler": "Danial Ahmed",
              "non_striker": "Aftab Ahmed (2)",
              "runs": {
                "batter": 1,
                "extras": 0,
                "total": 1
              }
            },
            {
              "batter": "Aftab Ahmed (2)",
              "bowler": "Danial Ahmed",
              "non_striker": "CR Pedersen",
              "runs": {
                "batter": 1,
                "extras": 0,
                "total": 1
              }
            },
            {
              "batter": "CR Pedersen",
              "bowler": "Danial Ahmed",
              "non_striker": "Aftab Ahmed (2)",
              "runs": {
                "batter": 1,
                "extras": 0,
                "total": 1
              }
            },
            {
              "batter": "Aftab Ahmed (2)",
              "bowler": "Danial Ahmed",
              "non_striker": "CR Pedersen",
              "runs": {
                "batter": 0,
                "extras": 0,
                "total": 0
              },
              "wickets": [
                {
                  "kind": "caught",
                  "player_out": "Aftab Ahmed (2)",
                  "fielders": [
                    {
                      "name": "SR Taylor"
                    }
                  ]
                }
              ]
            }
          ]
        },
        {
          "over": 16,
          "deliveries": [
            {
              "batter": "Rizwan Mahmood",
              "bowler": "BS Bartley",
              "non_striker": "CR Pedersen",
              "runs": {
                "batter": 2,
                "extras": 0,
                "total": 2
              }
            },
            {
              "batter": "Rizwan Mahmood",
              "bowler": "BS Bartley",
              "non_striker": "CR Pedersen",
              "runs": {
                "batter": 2,
                "extras": 0,
                "total": 2
              }
            },
            {
              "batter": "Rizwan Mahmood",
              "bowler": "BS Bartley",
              "non_striker": "CR Pedersen",
              "runs": {
                "batter": 0,
                "extras": 0,
                "total": 0
              }
            },
            {
              "batter": "Rizwan Mahmood",
              "bowler": "BS Bartley",
              "non_striker": "CR Pedersen",
              "runs": {
                "batter": 1,
                "extras": 0,
                "total": 1
              }
            },
            {
              "batter": "CR Pedersen",
              "bowler": "BS Bartley",
              "non_striker": "Rizwan Mahmood",
              "runs": {
                "batter": 4,
                "extras": 0,
                "total": 4
              }
            },
            {
              "batter": "CR Pedersen",
              "bowler": "BS Bartley",
              "non_striker": "Rizwan Mahmood",
              "runs": {
                "batter": 4,
                "extras": 0,
                "total": 4
              }
            }
          ]
        },
        {
          "over": 17,
          "deliveries": [
            {
              "batter": "Rizwan Mahmood",
              "bowler": "Danial Ahmed",
              "non_striker": "CR Pedersen",
              "runs": {
                "batter": 0,
                "extras": 0,
                "total": 0
              }
            },
            {
              "batter": "Rizwan Mahmood",
              "bowler": "Danial Ahmed",
              "non_striker": "CR Pedersen",
              "runs": {
                "batter": 0,
                "extras": 0,
                "total": 0
              }
            },
            {
              "batter": "Rizwan Mahmood",
              "bowler": "Danial Ahmed",
              "non_striker": "CR Pedersen",
              "runs": {
                "batter": 0,
                "extras": 0,
                "total": 0
              },
              "wickets": [
                {
                  "kind": "caught",
                  "player_out": "Rizwan Mahmood",
                  "fielders": [
                    {
                      "name": "Imran Awan"
                    }
                  ]
                }
              ]
            },
            {
              "batter": "CR Pedersen",
              "bowler": "Danial Ahmed",
              "non_striker": "Taha Ahmed",
              "runs": {
                "batter": 0,
                "extras": 0,
                "total": 0
              }
            },
            {
              "batter": "CR Pedersen",
              "bowler": "Danial Ahmed",
              "non_striker": "Taha Ahmed",
              "runs": {
                "batter": 1,
                "extras": 0,
                "total": 1
              }
            },
            {
              "batter": "Taha Ahmed",
              "bowler": "Danial Ahmed",
              "non_striker": "CR Pedersen",
              "runs": {
                "batter": 2,
                "extras": 0,
                "total": 2
              }
            }
          ]
        },
        {
          "over": 18,
          "deliveries": [
            {
              "batter": "CR Pedersen",
              "bowler": "Imran Awan",
              "extras": {
                "legbyes": 1
              },
              "non_striker": "Taha Ahmed",
              "runs": {
                "batter": 0,
                "extras": 1,
                "total": 1
              }
            },
            {
              "batter": "Taha Ahmed",
              "bowler": "Imran Awan",
              "non_striker": "CR Pedersen",
              "runs": {
                "batter": 0,
                "extras": 0,
                "total": 0
              },
              "wickets": [
                {
                  "kind": "bowled",
                  "player_out": "Taha Ahmed"
                }
              ]
            },
            {
              "batter": "Bashir Shah",
              "bowler": "Imran Awan",
              "non_striker": "CR Pedersen",
              "runs": {
                "batter": 0,
                "extras": 0,
                "total": 0
              },
              "wickets": [
                {
                  "kind": "run out",
                  "player_out": "Bashir Shah",
                  "fielders": [
                    {
                      "name": "Imran Awan"
                    }
                  ]
                }
              ]
            },
            {
              "batter": "KRS Hansen",
              "bowler": "Imran Awan",
              "non_striker": "CR Pedersen",
              "runs": {
                "batter": 0,
                "extras": 0,
                "total": 0
              },
              "wickets": [
                {
                  "kind": "bowled",
                  "player_out": "KRS Hansen"
                }
              ]
            },
            {
              "batter": "RB Javed",
              "bowler": "Imran Awan",
              "non_striker": "CR Pedersen",
              "runs": {
                "batter": 1,
                "extras": 0,
                "total": 1
              }
            },
            {
              "batter": "CR Pedersen",
              "bowler": "Imran Awan",
              "non_striker": "RB Javed",
              "runs": {
                "batter": 1,
                "extras": 0,
                "total": 1
              }
            }
          ]
        },
        {
          "over": 19,
          "deliveries": [
            {
              "batter": "CR Pedersen",
              "bowler": "SR Taylor",
              "non_striker": "RB Javed",
              "runs": {
                "batter": 2,
                "extras": 0,
                "total": 2
              }
            },
            {
              "batter": "CR Pedersen",
              "bowler": "SR Taylor",
              "non_striker": "RB Javed",
              "runs": {
                "batter": 1,
                "extras": 0,
                "total": 1
              }
            },
            {
              "batter": "RB Javed",
              "bowler": "SR Taylor",
              "non_striker": "CR Pedersen",
              "runs": {
                "batter": 1,
                "extras": 0,
                "total": 1
              }
            },
            {
              "batter": "CR Pedersen",
              "bowler": "SR Taylor",
              "non_striker": "RB Javed",
              "runs": {
                "batter": 1,
                "extras": 0,
                "total": 1
              }
            },
            {
              "batter": "RB Javed",
              "bowler": "SR Taylor",
              "non_striker": "CR Pedersen",
              "runs": {
                "batter": 2,
                "extras": 0,
                "total": 2
              }
            },
            {
              "batter": "RB Javed",
              "bowler": "SR Taylor",
              "non_striker": "CR Pedersen",
              "runs": {
                "batter": 2,
                "extras": 0,
                "total": 2
              }
            }
          ]
        }
      ],
      "powerplays": [
        {
          "from": 0.1,
          "to": 5.6,
          "type": "mandatory"
        }
      ],
      "target": {
        "overs": 20,
        "runs": 146
      }
    }
  ]
}