{
  "meta": {
    "data_version": "1.0.0",
    "created": "2014-09-22",
    "revision": 4
  },
  "info": {
    "balls_per_over": 6,
    "city": "Incheon",
    "dates": [
      "2014-09-22"
    ],
    "event": {
      "group": "D",
      "match_number": 5,
      "name": "Asian Games Women's Cricket Competition"
    },
    "gender": "female",
    "match_type": "IT20",
    "missing": [
      "player_of_match"
    ],
    "officials": {
      "match_referees": [
        "Iqbal Sikander"
      ],
      "reserve_umpires": [
        "Irfan Ghafoor"
      ],
      "umpires": [
        "M Kamruzzman",
        "Riaz Chaudhry"
      ]
    },
    "outcome": {
      "by": {
        "runs": 46
      },
      "winner": "Nepal"
    },
    "overs": 20,
    "players": {
      "Malaysia": [
        "Christina Baret",
        "Mahani Ahyar",
        "Emylia Eliani",
        "WA Duraisingam",
        "Nur Aishah",
        "Rewina Mohammad",
        "J Intan",
        "Yusrina Yaakop",
        "Fathinah Nasri",
        "Jannadiah Halim",
        "Nur Nadihirah"
      ],
      "Nepal": [
        "Sobha Aale",
        "SR Magar",
        "Nary Thapa",
        "MM Chaudhary",
        "S Magar",
        "Karuna Bhandari",
        "S Khadka",
        "I Barma",
        "RC Belbashi",
        "Mamta Thapa",
        "Trishna Singh"
      ]
    },
    "registry": {
      "people": {
        "Christina Baret": "b42d42b1",
        "Emylia Eliani": "841d07cc",
        "Fathinah Nasri": "cbb7cfa5",
        "I Barma": "521abce2",
        "Iqbal Sikander": "ee4e7305",
        "Irfan Ghafoor": "6386441e",
        "J Intan": "2dfdd316",
        "Jannadiah Halim": "eaf4f81c",
        "Karuna Bhandari": "c68fc575",
        "M Kamruzzman": "266c5fd7",
        "MM Chaudhary": "f4b9d4e0",
        "Mahani Ahyar": "c2386b11",
        "Mamta Thapa": "c4f7bc53",
        "Nur Nadihirah": "0877eba5",
        "Nary Thapa": "d24e69f5",
        "Nur Aishah": "f7301b56",
        "RC Belbashi": "dfdaca74",
        "Rewina Mohammad": "a0f57fcf",
        "Riaz Chaudhry": "3f6d9c7f",
        "S Khadka": "c96e51ba",
        "S Magar": "4fc3790e",
        "SR Magar": "61c22ad0",
        "Sobha Aale": "6ba1cc21",
        "Trishna Singh": "90b11b84",
        "WA Duraisingam": "7467fe01",
        "Yusrina Yaakop": "c74d14f1"
      }
    },
    "season": "2014/15",
    "team_type": "international",
    "teams": [
      "Malaysia",
      "Nepal"
    ],
    "toss": {
      "decision": "field",
      "winner": "Malaysia"
    },
    "venue": "Yeonhui Cricket Ground"
  },
  "innings": [
    {
      "team": "Nepal",
      "overs": [
        {
          "over": 0,
          "deliveries": [
            {
              "batter": "Sobha Aale",
              "bowler": "WA Duraisingam",
              "extras": {
                "wides": 1
              },
              "non_striker": "SR Magar",
              "runs": {
                "batter": 0,
                "extras": 1,
                "total": 1
              }
            },
            {
              "batter": "Sobha Aale",
              "bowler": "WA Duraisingam",
              "non_striker": "SR Magar",
              "runs": {
                "batter": 0,
                "extras": 0,
                "total": 0
              }
            },
            {
              "batter": "Sobha Aale",
              "bowler": "WA Duraisingam",
              "non_striker": "SR Magar",
              "runs": {
                "batter": 0,
                "extras": 0,
                "total": 0
              }
            },
            {
              "batter": "Sobha Aale",
              "bowler": "WA Duraisingam",
              "non_striker": "SR Magar",
              "runs": {
                "batter": 1,
                "extras": 0,
                "total": 1
              }
            },
            {
              "batter": "SR Magar",
              "bowler": "WA Duraisingam",
              "extras": {
                "noballs": 1
              },
              "non_striker": "Sobha Aale",
              "runs": {
                "batter": 0,
                "extras": 1,
                "total": 1
              }
            },
            {
              "batter": "SR Magar",
              "bowler": "WA Duraisingam",
              "non_striker": "Sobha Aale",
              "runs": {
                "batter": 1,
                "extras": 0,
                "total": 1
              }
            },
            {
              "batter": "Sobha Aale",
              "bowler": "WA Duraisingam",
              "non_striker": "SR Magar",
              "runs": {
                "batter": 0,
                "extras": 0,
                "total": 0
              }
            },
            {
              "batter": "Sobha Aale",
              "bowler": "WA Duraisingam",
              "non_striker": "SR Magar",
              "runs": {
                "batter": 0,
                "extras": 0,
                "total": 0
              }
            }
          ]
        },
        {
          "over": 1,
          "deliveries": [
            {
              "batter": "SR Magar",
              "bowler": "Nur Aishah",
              "non_striker": "Sobha Aale",
              "runs": {
                "batter": 0,
                "extras": 0,
                "total": 0
              }
            },
            {
              "batter": "SR Magar",
              "bowler": "Nur Aishah",
              "non_striker": "Sobha Aale",
              "runs": {
                "batter": 0,
                "extras": 0,
                "total": 0
              }
            },
            {
              "batter": "SR Magar",
              "bowler": "Nur Aishah",
              "non_striker": "Sobha Aale",
              "runs": {
                "batter": 1,
                "extras": 0,
                "total": 1
              }
            },
            {
              "batter": "Sobha Aale",
              "bowler": "Nur Aishah",
              "non_striker": "SR Magar",
              "runs": {
                "batter": 0,
                "extras": 0,
                "total": 0
              }
            },
            {
              "batter": "Sobha Aale",
              "bowler": "Nur Aishah",
              "non_striker": "SR Magar",
              "runs": {
                "batter": 0,
                "extras": 0,
                "total": 0
              }
            },
            {
              "batter": "Sobha Aale",
              "bowler": "Nur Aishah",
              "non_striker": "SR Magar",
              "runs": {
                "batter": 1,
                "extras": 0,
                "total": 1
              }
            }
          ]
        },
        {
          "over": 2,
          "deliveries": [
            {
              "batter": "Sobha Aale",
              "bowler": "WA Duraisingam",
              "non_striker": "SR Magar",
              "runs": {
                "batter": 0,
                "extras": 0,
                "total": 0
              }
            },
            {
              "batter": "Sobha Aale",
              "bowler": "WA Duraisingam",
              "non_striker": "SR Magar",
              "runs": {
                "batter": 0,
                "extras": 0,
                "total": 0
              }
            },
            {
              "batter": "Sobha Aale",
              "bowler": "WA Duraisingam",
              "non_striker": "SR Magar",
              "runs": {
                "batter": 1,
                "extras": 0,
                "total": 1
              }
            },
            {
              "batter": "SR Magar",
              "bowler": "WA Duraisingam",
              "non_striker": "Sobha Aale",
              "runs": {
                "batter": 0,
                "extras": 0,
                "total": 0
              }
            },
            {
              "batter": "SR Magar",
              "bowler": "WA Duraisingam",
              "non_striker": "Sobha Aale",
              "runs": {
                "batter": 1,
                "extras": 0,
                "total": 1
              }
            },
            {
              "batter": "Sobha Aale",
              "bowler": "WA Duraisingam",
              "non_striker": "SR Magar",
              "runs": {
                "batter": 0,
                "extras": 0,
                "total": 0
              }
            }
          ]
        },
        {
          "over": 3,
          "deliveries": [
            {
              "batter": "SR Magar",
              "bowler": "Nur Aishah",
              "non_striker": "Sobha Aale",
              "runs": {
                "batter": 0,
                "extras": 0,
                "total": 0
              }
            },
            {
              "batter": "SR Magar",
              "bowler": "Nur Aishah",
              "non_striker": "Sobha Aale",
              "runs": {
                "batter": 0,
                "extras": 0,
                "total": 0
              }
            },
            {
              "batter": "SR Magar",
              "bowler": "Nur Aishah",
              "non_striker": "Sobha Aale",
              "runs": {
                "batter": 0,
                "extras": 0,
                "total": 0
              }
            },
            {
              "batter": "SR Magar",
              "bowler": "Nur Aishah",
              "non_striker": "Sobha Aale",
              "runs": {
                "batter": 1,
                "extras": 0,
                "total": 1
              }
            },
            {
              "batter": "Sobha Aale",
              "bowler": "Nur Aishah",
              "non_striker": "SR Magar",
              "runs": {
                "batter": 1,
                "extras": 0,
                "total": 1
              }
            },
            {
              "batter": "SR Magar",
              "bowler": "Nur Aishah",
              "non_striker": "Sobha Aale",
              "runs": {
                "batter": 0,
                "extras": 0,
                "total": 0
              }
            }
          ]
        },
        {
          "over": 4,
          "deliveries": [
            {
              "batter": "Sobha Aale",
              "bowler": "Jannadiah Halim",
              "non_striker": "SR Magar",
              "runs": {
                "batter": 0,
                "extras": 0,
                "total": 0
              }
            },
            {
              "batter": "Sobha Aale",
              "bowler": "Jannadiah Halim",
              "non_striker": "SR Magar",
              "runs": {
                "batter": 0,
                "extras": 0,
                "total": 0
              }
            },
            {
              "batter": "Sobha Aale",
              "bowler": "Jannadiah Halim",
              "non_striker": "SR Magar",
              "runs": {
                "batter": 0,
                "extras": 0,
                "total": 0
              }
            },
            {
              "batter": "Sobha Aale",
              "bowler": "Jannadiah Halim",
              "non_striker": "SR Magar",
              "runs": {
                "batter": 0,
                "extras": 0,
                "total": 0
              }
            },
            {
              "batter": "Sobha Aale",
              "bowler": "Jannadiah Halim",
              "non_striker": "SR Magar",
              "runs": {
                "batter": 0,
                "extras": 0,
                "total": 0
              }
            },
            {
              "batter": "Sobha Aale",
              "bowler": "Jannadiah Halim",
              "non_striker": "SR Magar",
              "runs": {
                "batter": 1,
                "extras": 0,
                "total": 1
              }
            }
          ]
        },
        {
          "over": 5,
          "deliveries": [
            {
              "batter": "Sobha Aale",
              "bowler": "J Intan",
              "non_striker": "SR Magar",
              "runs": {
                "batter": 1,
                "extras": 0,
                "total": 1
              }
            },
            {
              "batter": "SR Magar",
              "bowler": "J Intan",
              "non_striker": "Sobha Aale",
              "runs": {
                "batter": 0,
                "extras": 0,
                "total": 0
              }
            },
            {
              "batter": "SR Magar",
              "bowler": "J Intan",
              "extras": {
                "legbyes": 1
              },
              "non_striker": "Sobha Aale",
              "runs": {
                "batter": 0,
                "extras": 1,
                "total": 1
              }
            },
            {
              "batter": "Sobha Aale",
              "bowler": "J Intan",
              "extras": {
                "byes": 1
              },
              "non_striker": "SR Magar",
              "runs": {
                "batter": 0,
                "extras": 1,
                "total": 1
              }
            },
            {
              "batter": "SR Magar",
              "bowler": "J Intan",
              "non_striker": "Sobha Aale",
              "runs": {
                "batter": 1,
                "extras": 0,
                "total": 1
              }
            },
            {
              "batter": "Sobha Aale",
              "bowler": "J Intan",
              "non_striker": "SR Magar",
              "runs": {
                "batter": 0,
                "extras": 0,
                "total": 0
              },
              "wickets": [
                {
                  "kind": "bowled",
                  "player_out": "Sobha Aale"
                }
              ]
            }
          ]
        },
        {
          "over": 6,
          "deliveries": [
            {
              "batter": "SR Magar",
              "bowler": "Jannadiah Halim",
              "non_striker": "Nary Thapa",
              "runs": {
                "batter": 0,
                "extras": 0,
                "total": 0
              }
            },
            {
              "batter": "SR Magar",
              "bowler": "Jannadiah Halim",
              "non_striker": "Nary Thapa",
              "runs": {
                "batter": 0,
                "extras": 0,
                "total": 0
              }
            },
            {
              "batter": "SR Magar",
              "bowler": "Jannadiah Halim",
              "non_striker": "Nary Thapa",
              "runs": {
                "batter": 0,
                "extras": 0,
                "total": 0
              }
            },
            {
              "batter": "SR Magar",
              "bowler": "Jannadiah Halim",
              "non_striker": "Nary Thapa",
              "runs": {
                "batter": 0,
                "extras": 0,
                "total": 0
              }
            },
            {
              "batter": "SR Magar",
              "bowler": "Jannadiah Halim",
              "non_striker": "Nary Thapa",
              "runs": {
                "batter": 0,
                "extras": 0,
                "total": 0
              }
            },
            {
              "batter": "SR Magar",
              "bowler": "Jannadiah Halim",
              "non_striker": "Nary Thapa",
              "runs": {
                "batter": 0,
                "extras": 0,
                "total": 0
              }
            }
          ]
        },
        {
          "over": 7,
          "deliveries": [
            {
              "batter": "Nary Thapa",
              "bowler": "J Intan",
              "non_striker": "SR Magar",
              "runs": {
                "batter": 1,
                "extras": 0,
                "total": 1
              }
            },
            {
              "batter": "SR Magar",
              "bowler": "J Intan",
              "non_striker": "Nary Thapa",
              "runs": {
                "batter": 0,
                "extras": 0,
                "total": 0
              }
            },
            {
              "batter": "SR Magar",
              "bowler": "J Intan",
              "non_striker": "Nary Thapa",
              "runs": {
                "batter": 0,
                "extras": 0,
                "total": 0
              }
            },
            {
              "batter": "SR Magar",
              "bowler": "J Intan",
              "non_striker": "Nary Thapa",
              "runs": {
                "batter": 0,
                "extras": 0,
                "total": 0
              }
            },
            {
              "batter": "SR Magar",
              "bowler": "J Intan",
              "non_striker": "Nary Thapa",
              "runs": {
                "batter": 1,
                "extras": 0,
                "total": 1
              }
            },
            {
              "batter": "Nary Thapa",
              "bowler": "J Intan",
              "non_striker": "SR Magar",
              "runs": {
                "batter": 1,
                "extras": 0,
                "total": 1
              }
            }
          ]
        },
        {
          "over": 8,
          "deliveries": [
            {
              "batter": "Nary Thapa",
              "bowler": "Rewina Mohammad",
              "non_striker": "SR Magar",
              "runs": {
                "batter": 0,
                "extras": 0,
                "total": 0
              }
            },
            {
              "batter": "Nary Thapa",
              "bowler": "Rewina Mohammad",
              "non_striker": "SR Magar",
              "runs": {
                "batter": 0,
                "extras": 0,
                "total": 0
              }
            },
            {
              "batter": "Nary Thapa",
              "bowler": "Rewina Mohammad",
              "non_striker": "SR Magar",
              "runs": {
                "batter": 0,
                "extras": 0,
                "total": 0
              }
            },
            {
              "batter": "Nary Thapa",
              "bowler": "Rewina Mohammad",
              "non_striker": "SR Magar",
              "runs": {
                "batter": 0,
                "extras": 0,
                "total": 0
              }
            },
            {
              "batter": "Nary Thapa",
              "bowler": "Rewina Mohammad",
              "non_striker": "SR Magar",
              "runs": {
                "batter": 0,
                "extras": 0,
                "total": 0
              }
            },
            {
              "batter": "Nary Thapa",
              "bowler": "Rewina Mohammad",
              "extras": {
                "wides": 1
              },
              "non_striker": "SR Magar",
              "runs": {
                "batter": 0,
                "extras": 1,
                "total": 1
              }
            },
            {
              "batter": "Nary Thapa",
              "bowler": "Rewina Mohammad",
              "extras": {
                "wides": 1
              },
              "non_striker": "SR Magar",
              "runs": {
                "batter": 0,
                "extras": 1,
                "total": 1
              }
            },
            {
              "batter": "Nary Thapa",
              "bowler": "Rewina Mohammad",
              "non_striker": "SR Magar",
              "runs": {
                "batter": 2,
                "extras": 0,
                "total": 2
              }
            }
          ]
        },
        {
          "over": 9,
          "deliveries": [
            {
              "batter": "SR Magar",
              "bowler": "J Intan",
              "non_striker": "Nary Thapa",
              "runs": {
                "batter": 1,
                "extras": 0,
                "total": 1
              }
            },
            {
              "batter": "Nary Thapa",
              "bowler": "J Intan",
              "non_striker": "SR Magar",
              "runs": {
                "batter": 0,
                "extras": 0,
                "total": 0
              }
            },
            {
              "batter": "Nary Thapa",
              "bowler": "J Intan",
              "non_striker": "SR Magar",
              "runs": {
                "batter": 0,
                "extras": 0,
                "total": 0
              }
            },
            {
              "batter": "Nary Thapa",
              "bowler": "J Intan",
              "non_striker": "SR Magar",
              "runs": {
                "batter": 0,
                "extras": 0,
                "total": 0
              }
            },
            {
              "batter": "Nary Thapa",
              "bowler": "J Intan",
              "non_striker": "SR Magar",
              "runs": {
                "batter": 0,
                "extras": 0,
                "total": 0
              }
            },
            {
              "batter": "Nary Thapa",
              "bowler": "J Intan",
              "extras": {
                "wides": 1
              },
              "non_striker": "SR Magar",
              "runs": {
                "batter": 0,
                "extras": 1,
                "total": 1
              }
            },
            {
              "batter": "Nary Thapa",
              "bowler": "J Intan",
              "non_striker": "SR Magar",
              "runs": {
                "batter": 0,
                "extras": 0,
                "total": 0
              }
            }
          ]
        },
        {
          "over": 10,
          "deliveries": [
            {
              "batter": "SR Magar",
              "bowler": "Rewina Mohammad",
              "non_striker": "Nary Thapa",
              "runs": {
                "batter": 0,
                "extras": 0,
                "total": 0
              }
            },
            {
              "batter": "SR Magar",
              "bowler": "Rewina Mohammad",
              "extras": {
                "wides": 1
              },
              "non_striker": "Nary Thapa",
              "runs": {
                "batter": 0,
                "extras": 1,
                "total": 1
              }
            },
            {
              "batter": "SR Magar",
              "bowler": "Rewina Mohammad",
              "non_striker": "Nary Thapa",
              "runs": {
                "batter": 0,
                "extras": 0,
                "total": 0
              }
            },
            {
              "batter": "SR Magar",
              "bowler": "Rewina Mohammad",
              "non_striker": "Nary Thapa",
              "runs": {
                "batter": 2,
                "extras": 0,
                "total": 2
              }
            },
            {
              "batter": "SR Magar",
              "bowler": "Rewina Mohammad",
              "non_striker": "Nary Thapa",
              "runs": {
                "batter": 0,
                "extras": 0,
                "total": 0
              }
            },
            {
              "batter": "SR Magar",
              "bowler": "Rewina Mohammad",
              "non_striker": "Nary Thapa",
              "runs": {
                "batter": 0,
                "extras": 0,
                "total": 0
              }
            },
            {
              "batter": "SR Magar",
              "bowler": "Rewina Mohammad",
              "non_striker": "Nary Thapa",
              "runs": {
                "batter": 2,
                "extras": 0,
                "total": 2
              }
            }
          ]
        },
        {
          "over": 11,
          "deliveries": [
            {
              "batter": "Nary Thapa",
              "bowler": "Nur Nadihirah",
              "extras": {
                "wides": 1
              },
              "non_striker": "SR Magar",
              "runs": {
                "batter": 0,
                "extras": 1,
                "total": 1
              }
            },
            {
              "batter": "Nary Thapa",
              "bowler": "Nur Nadihirah",
              "non_striker": "SR Magar",
              "runs": {
                "batter": 0,
                "extras": 0,
                "total": 0
              },
              "wickets": [
                {
                  "kind": "bowled",
                  "player_out": "Nary Thapa"
                }
              ]
            },
            {
              "batter": "MM Chaudhary",
              "bowler": "Nur Nadihirah",
              "extras": {
                "wides": 1
              },
              "non_striker": "SR Magar",
              "runs": {
                "batter": 0,
                "extras": 1,
                "total": 1
              }
            },
            {
              "batter": "MM Chaudhary",
              "bowler": "Nur Nadihirah",
              "non_striker": "SR Magar",
              "runs": {
                "batter": 0,
                "extras": 0,
                "total": 0
              }
            },
            {
              "batter": "MM Chaudhary",
              "bowler": "Nur Nadihirah",
              "non_striker": "SR Magar",
              "runs": {
                "batter": 0,
                "extras": 0,
                "total": 0
              }
            },
            {
              "batter": "MM Chaudhary",
              "bowler": "Nur Nadihirah",
              "non_striker": "SR Magar",
              "runs": {
                "batter": 3,
                "extras": 0,
                "total": 3
              }
            },
            {
              "batter": "SR Magar",
              "bowler": "Nur Nadihirah",
              "extras": {
                "wides": 2
              },
              "non_striker": "MM Chaudhary",
              "runs": {
                "batter": 0,
                "extras": 2,
                "total": 2
              }
            },
            {
              "batter": "MM Chaudhary",
              "bowler": "Nur Nadihirah",
              "non_striker": "SR Magar",
              "runs": {
                "batter": 0,
                "extras": 0,
                "total": 0
              }
            },
            {
              "batter": "MM Chaudhary",
              "bowler": "Nur Nadihirah",
              "non_striker": "SR Magar",
              "runs": {
                "batter": 2,
                "extras": 0,
                "total": 2
              }
            }
          ]
        },
        {
          "over": 12,
          "deliveries": [
            {
              "batter": "SR Magar",
              "bowler": "Rewina Mohammad",
              "non_striker": "MM Chaudhary",
              "runs": {
                "batter": 0,
                "extras": 0,
                "total": 0
              }
            },
            {
              "batter": "SR Magar",
              "bowler": "Rewina Mohammad",
              "non_striker": "MM Chaudhary",
              "runs": {
                "batter": 2,
                "extras": 0,
                "total": 2
              }
            },
            {
              "batter": "SR Magar",
              "bowler": "Rewina Mohammad",
              "non_striker": "MM Chaudhary",
              "runs": {
                "batter": 1,
                "extras": 0,
                "total": 1
              }
            },
            {
              "batter": "MM Chaudhary",
              "bowler": "Rewina Mohammad",
              "extras": {
                "wides": 2
              },
              "non_striker": "SR Magar",
              "runs": {
                "batter": 0,
                "extras": 2,
                "total": 2
              }
            },
            {
              "batter": "SR Magar",
              "bowler": "Rewina Mohammad",
              "extras": {
                "legbyes": 1
              },
              "non_striker": "MM Chaudhary",
              "runs": {
                "batter": 0,
                "extras": 1,
                "total": 1
              }
            },
            {
              "batter": "MM Chaudhary",
              "bowler": "Rewina Mohammad",
              "non_striker": "SR Magar",
              "runs": {
                "batter": 2,
                "extras": 0,
                "total": 2
              }
            },
            {
              "batter": "MM Chaudhary",
              "bowler": "Rewina Mohammad",
              "non_striker": "SR Magar",
              "runs": {
                "batter": 0,
                "extras": 0,
                "total": 0
              }
            }
          ]
        },
        {
          "over": 13,
          "deliveries": [
            {
              "batter": "SR Magar",
              "bowler": "Jannadiah Halim",
              "non_striker": "MM Chaudhary",
              "runs": {
                "batter": 2,
                "extras": 0,
                "total": 2
              }
            },
            {
              "batter": "SR Magar",
              "bowler": "Jannadiah Halim",
              "non_striker": "MM Chaudhary",
              "runs": {
                "batter": 0,
                "extras": 0,
                "total": 0
              }
            },
            {
              "batter": "SR Magar",
              "bowler": "Jannadiah Halim",
              "non_striker": "MM Chaudhary",
              "runs": {
                "batter": 0,
                "extras": 0,
                "total": 0
              }
            },
            {
              "batter": "SR Magar",
              "bowler": "Jannadiah Halim",
              "non_striker": "MM Chaudhary",
              "runs": {
                "batter": 2,
                "extras": 0,
                "total": 2
              }
            },
            {
              "batter": "SR Magar",
              "bowler": "Jannadiah Halim",
              "non_striker": "MM Chaudhary",
              "runs": {
                "batter": 0,
                "extras": 0,
                "total": 0
              },
              "wickets": [
                {
                  "kind": "bowled",
                  "player_out": "SR Magar"
                }
              ]
            },
            {
              "batter": "S Magar",
              "bowler": "Jannadiah Halim",
              "non_striker": "MM Chaudhary",
              "runs": {
                "batter": 1,
                "extras": 0,
                "total": 1
              }
            }
          ]
        },
        {
          "over": 14,
          "deliveries": [
            {
              "batter": "S Magar",
              "bowler": "J Intan",
              "non_striker": "MM Chaudhary",
              "runs": {
                "batter": 0,
                "extras": 0,
                "total": 0
              }
            },
            {
              "batter": "S Magar",
              "bowler": "J Intan",
              "extras": {
                "wides": 1
              },
              "non_striker": "MM Chaudhary",
              "runs": {
                "batter": 0,
                "extras": 1,
                "total": 1
              }
            },
            {
              "batter": "S Magar",
              "bowler": "J Intan",
              "non_striker": "MM Chaudhary",
              "runs": {
                "batter": 1,
                "extras": 0,
                "total": 1
              }
            },
            {
              "batter": "MM Chaudhary",
              "bowler": "J Intan",
              "extras": {
                "wides": 1
              },
              "non_striker": "S Magar",
              "runs": {
                "batter": 0,
                "extras": 1,
                "total": 1
              }
            },
            {
              "batter": "MM Chaudhary",
              "bowler": "J Intan",
              "non_striker": "S Magar",
              "runs": {
                "batter": 2,
                "extras": 0,
                "total": 2
              }
            },
            {
              "batter": "MM Chaudhary",
              "bowler": "J Intan",
              "non_striker": "S Magar",
              "runs": {
                "batter": 2,
                "extras": 0,
                "total": 2
              }
            },
            {
              "batter": "MM Chaudhary",
              "bowler": "J Intan",
              "non_striker": "S Magar",
              "runs": {
                "batter": 0,
                "extras": 0,
                "total": 0
              }
            },
            {
              "batter": "MM Chaudhary",
              "bowler": "J Intan",
              "extras": {
                "wides": 1
              },
              "non_striker": "S Magar",
              "runs": {
                "batter": 0,
                "extras": 1,
                "total": 1
              }
            },
            {
              "batter": "MM Chaudhary",
              "bowler": "J Intan",
              "non_striker": "S Magar",
              "runs": {
                "batter": 0,
                "extras": 0,
                "total": 0
              }
            }
          ]
        },
        {
          "over": 15,
          "deliveries": [
            {
              "batter": "S Magar",
              "bowler": "Jannadiah Halim",
              "non_striker": "MM Chaudhary",
              "runs": {
                "batter": 1,
                "extras": 0,
                "total": 1
              }
            },
            {
              "batter": "MM Chaudhary",
              "bowler": "Jannadiah Halim",
              "non_striker": "S Magar",
              "runs": {
                "batter": 2,
                "extras": 0,
                "total": 2
              }
            },
            {
              "batter": "MM Chaudhary",
              "bowler": "Jannadiah Halim",
              "non_striker": "S Magar",
              "runs": {
                "batter": 0,
                "extras": 0,
                "total": 0
              }
            },
            {
              "batter": "MM Chaudhary",
              "bowler": "Jannadiah Halim",
              "non_striker": "S Magar",
              "runs": {
                "batter": 1,
                "extras": 0,
                "total": 1
              }
            },
            {
              "batter": "S Magar",
              "bowler": "Jannadiah Halim",
              "non_striker": "MM Chaudhary",
              "runs": {
                "batter": 1,
                "extras": 0,
                "total": 1
              }
            },
            {
              "batter": "MM Chaudhary",
              "bowler": "Jannadiah Halim",
              "non_striker": "S Magar",
              "runs": {
                "batter": 0,
                "extras": 0,
                "total": 0
              }
            }
          ]
        },
        {
          "over": 16,
          "deliveries": [
            {
              "batter": "S Magar",
              "bowler": "Nur Aishah",
              "non_striker": "MM Chaudhary",
              "runs": {
                "batter": 1,
                "extras": 0,
                "total": 1
              }
            },
            {
              "batter": "MM Chaudhary",
              "bowler": "Nur Aishah",
              "extras": {
                "wides": 1
              },
              "non_striker": "S Magar",
              "runs": {
                "batter": 0,
                "extras": 1,
                "total": 1
              }
            },
            {
              "batter": "MM Chaudhary",
              "bowler": "Nur Aishah",
              "non_striker": "S Magar",
              "runs": {
                "batter": 1,
                "extras": 0,
                "total": 1
              }
            },
            {
              "batter": "S Magar",
              "bowler": "Nur Aishah",
              "non_striker": "MM Chaudhary",
              "runs": {
                "batter": 0,
                "extras": 0,
                "total": 0
              }
            },
            {
              "batter": "S Magar",
              "bowler": "Nur Aishah",
              "extras": {
                "wides": 3
              },
              "non_striker": "MM Chaudhary",
              "runs": {
                "batter": 0,
                "extras": 3,
                "total": 3
              }
            },
            {
              "batter": "S Magar",
              "bowler": "Nur Aishah",
              "extras": {
                "wides": 2
              },
              "non_striker": "MM Chaudhary",
              "runs": {
                "batter": 0,
                "extras": 2,
                "total": 2
              }
            },
            {
              "batter": "MM Chaudhary",
              "bowler": "Nur Aishah",
              "non_striker": "S Magar",
              "runs": {
                "batter": 0,
                "extras": 0,
                "total": 0
              }
            },
            {
              "batter": "MM Chaudhary",
              "bowler": "Nur Aishah",
              "extras": {
                "legbyes": 1
              },
              "non_striker": "S Magar",
              "runs": {
                "batter": 0,
                "extras": 1,
                "total": 1
              }
            },
            {
              "batter": "S Magar",
              "bowler": "Nur Aishah",
              "non_striker": "MM Chaudhary",
              "runs": {
                "batter": 0,
                "extras": 0,
                "total": 0
              }
            }
          ]
        },
        {
          "over": 17,
          "deliveries": [
            {
              "batter": "MM Chaudhary",
              "bowler": "WA Duraisingam",
              "non_striker": "S Magar",
              "runs": {
                "batter": 1,
                "extras": 0,
                "total": 1
              }
            },
            {
              "batter": "S Magar",
              "bowler": "WA Duraisingam",
              "non_striker": "MM Chaudhary",
              "runs": {
                "batter": 1,
                "extras": 0,
                "total": 1
              }
            },
            {
              "batter": "MM Chaudhary",
              "bowler": "WA Duraisingam",
              "non_striker": "S Magar",
              "runs": {
                "batter": 0,
                "extras": 0,
                "total": 0
              }
            },
            {
              "batter": "MM Chaudhary",
              "bowler": "WA Duraisingam",
              "non_striker": "S Magar",
              "runs": {
                "batter": 0,
                "extras": 0,
                "total": 0
              }
            },
            {
              "batter": "MM Chaudhary",
              "bowler": "WA Duraisingam",
              "non_striker": "S Magar",
              "runs": {
                "batter": 0,
                "extras": 0,
                "total": 0
              }
            },
            {
              "batter": "MM Chaudhary",
              "bowler": "WA Duraisingam",
              "non_striker": "S Magar",
              "runs": {
                "batter": 1,
                "extras": 0,
                "total": 1
              }
            }
          ]
        },
        {
          "over": 18,
          "deliveries": [
            {
              "batter": "MM Chaudhary",
              "bowler": "Nur Aishah",
              "non_striker": "S Magar",
              "runs": {
                "batter": 0,
                "extras": 0,
                "total": 0
              }
            },
            {
              "batter": "MM Chaudhary",
              "bowler": "Nur Aishah",
              "non_striker": "S Magar",
              "runs": {
                "batter": 1,
                "extras": 0,
                "total": 1
              }
            },
            {
              "batter": "S Magar",
              "bowler": "Nur Aishah",
              "non_striker": "MM Chaudhary",
              "runs": {
                "batter": 4,
                "extras": 0,
                "total": 4
              }
            },
            {
              "batter": "S Magar",
              "bowler": "Nur Aishah",
              "extras": {
                "legbyes": 1
              },
              "non_striker": "MM Chaudhary",
              "runs": {
                "batter": 0,
                "extras": 1,
                "total": 1
              }
            },
            {
              "batter": "MM Chaudhary",
              "bowler": "Nur Aishah",
              "non_striker": "S Magar",
              "runs": {
                "batter": 0,
                "extras": 0,
                "total": 0
              }
            },
            {
              "batter": "MM Chaudhary",
              "bowler": "Nur Aishah",
              "non_striker": "S Magar",
              "runs": {
                "batter": 0,
                "extras": 0,
                "total": 0
              }
            }
          ]
        },
        {
          "over": 19,
          "deliveries": [
            {
              "batter": "S Magar",
              "bowler": "WA Duraisingam",
              "non_striker": "MM Chaudhary",
              "runs": {
                "batter": 0,
                "extras": 0,
                "total": 0
              }
            },
            {
              "batter": "S Magar",
              "bowler": "WA Duraisingam",
              "non_striker": "MM Chaudhary",
              "runs": {
                "batter": 0,
                "extras": 0,
                "total": 0
              }
            },
            {
              "batter": "S Magar",
              "bowler": "WA Duraisingam",
              "non_striker": "MM Chaudhary",
              "runs": {
                "batter": 1,
                "extras": 0,
                "total": 1
              }
            },
            {
              "batter": "MM Chaudhary",
              "bowler": "WA Duraisingam",
              "non_striker": "S Magar",
              "runs": {
                "batter": 1,
                "extras": 0,
                "total": 1
              }
            },
            {
              "batter": "S Magar",
              "bowler": "WA Duraisingam",
              "non_striker": "MM Chaudhary",
              "runs": {
                "batter": 1,
                "extras": 0,
                "total": 1
              }
            },
            {
              "batter": "MM Chaudhary",
              "bowler": "WA Duraisingam",
              "non_striker": "S Magar",
              "runs": {
                "batter": 3,
                "extras": 0,
                "total": 3
              }
            }
          ]
        }
      ],
      "powerplays": [
        {
          "from": 0.1,
          "to": 5.6,
          "type": "mandatory"
        }
      ]
    },
    {
      "team": "Malaysia",
      "overs": [
        {
          "over": 0,
          "deliveries": [
            {
              "batter": "Christina Baret",
              "bowler": "S Khadka",
              "extras": {
                "wides": 1
              },
              "non_striker": "Mahani Ahyar",
              "runs": {
                "batter": 0,
                "extras": 1,
                "total": 1
              }
            },
            {
              "batter": "Christina Baret",
              "bowler": "S Khadka",
              "non_striker": "Mahani Ahyar",
              "runs": {
                "batter": 0,
                "extras": 0,
                "total": 0
              }
            },
            {
              "batter": "Christina Baret",
              "bowler": "S Khadka",
              "non_striker": "Mahani Ahyar",
              "runs": {
                "batter": 0,
                "extras": 0,
                "total": 0
              }
            },
            {
              "batter": "Christina Baret",
              "bowler": "S Khadka",
              "non_striker": "Mahani Ahyar",
              "runs": {
                "batter": 0,
                "extras": 0,
                "total": 0
              },
              "wickets": [
                {
                  "kind": "run out",
                  "player_out": "Mahani Ahyar",
                  "fielders": [
                    {
                      "name": "S Khadka"
                    },
                    {
                      "name": "Mamta Thapa"
                    }
                  ]
                }
              ]
            },
            {
              "batter": "Emylia Eliani",
              "bowler": "S Khadka",
              "non_striker": "Christina Baret",
              "runs": {
                "batter": 0,
                "extras": 0,
                "total": 0
              }
            },
            {
              "batter": "Emylia Eliani",
              "bowler": "S Khadka",
              "non_striker": "Christina Baret",
              "runs": {
                "batter": 0,
                "extras": 0,
                "total": 0
              }
            },
            {
              "batter": "Emylia Eliani",
              "bowler": "S Khadka",
              "non_striker": "Christina Baret",
              "runs": {
                "batter": 0,
                "extras": 0,
                "total": 0
              }
            }
          ]
        },
        {
          "over": 1,
          "deliveries": [
            {
              "batter": "Christina Baret",
              "bowler": "RC Belbashi",
              "non_striker": "Emylia Eliani",
              "runs": {
                "batter": 0,
                "extras": 0,
                "total": 0
              }
            },
            {
              "batter": "Christina Baret",
              "bowler": "RC Belbashi",
              "non_striker": "Emylia Eliani",
              "runs": {
                "batter": 3,
                "extras": 0,
                "total": 3
              }
            },
            {
              "batter": "Emylia Eliani",
              "bowler": "RC Belbashi",
              "non_striker": "Christina Baret",
              "runs": {
                "batter": 0,
                "extras": 0,
                "total": 0
              }
            },
            {
              "batter": "Emylia Eliani",
              "bowler": "RC Belbashi",
              "non_striker": "Christina Baret",
              "runs": {
                "batter": 0,
                "extras": 0,
                "total": 0
              }
            },
            {
              "batter": "Emylia Eliani",
              "bowler": "RC Belbashi",
              "non_striker": "Christina Baret",
              "runs": {
                "batter": 3,
                "extras": 0,
                "total": 3
              }
            },
            {
              "batter": "Christina Baret",
              "bowler": "RC Belbashi",
              "non_striker": "Emylia Eliani",
              "runs": {
                "batter": 0,
                "extras": 0,
                "total": 0
              }
            }
          ]
        },
        {
          "over": 2,
          "deliveries": [
            {
              "batter": "Emylia Eliani",
              "bowler": "S Khadka",
              "non_striker": "Christina Baret",
              "runs": {
                "batter": 0,
                "extras": 0,
                "total": 0
              }
            },
            {
              "batter": "Emylia Eliani",
              "bowler": "S Khadka",
              "non_striker": "Christina Baret",
              "runs": {
                "batter": 0,
                "extras": 0,
                "total": 0
              }
            },
            {
              "batter": "Emylia Eliani",
              "bowler": "S Khadka",
              "non_striker": "Christina Baret",
              "runs": {
                "batter": 2,
                "extras": 0,
                "total": 2
              }
            },
            {
              "batter": "Emylia Eliani",
              "bowler": "S Khadka",
              "extras": {
                "wides": 1
              },
              "non_striker": "Christina Baret",
              "runs": {
                "batter": 0,
                "extras": 1,
                "total": 1
              }
            },
            {
              "batter": "Emylia Eliani",
              "bowler": "S Khadka",
              "non_striker": "Christina Baret",
              "runs": {
                "batter": 0,
                "extras": 0,
                "total": 0
              },
              "wickets": [
                {
                  "kind": "bowled",
                  "player_out": "Emylia Eliani"
                }
              ]
            },
            {
              "batter": "WA Duraisingam",
              "bowler": "S Khadka",
              "non_striker": "Christina Baret",
              "runs": {
                "batter": 0,
                "extras": 0,
                "total": 0
              }
            },
            {
              "batter": "WA Duraisingam",
              "bowler": "S Khadka",
              "non_striker": "Christina Baret",
              "runs": {
                "batter": 0,
                "extras": 0,
                "total": 0
              }
            }
          ]
        },
        {
          "over": 3,
          "deliveries": [
            {
              "batter": "Christina Baret",
              "bowler": "RC Belbashi",
              "non_striker": "WA Duraisingam",
              "runs": {
                "batter": 1,
                "extras": 0,
                "total": 1
              }
            },
            {
              "batter": "WA Duraisingam",
              "bowler": "RC Belbashi",
              "non_striker": "Christina Baret",
              "runs": {
                "batter": 0,
                "extras": 0,
                "total": 0
              },
              "wickets": [
                {
                  "kind": "lbw",
                  "player_out": "WA Duraisingam"
                }
              ]
            },
            {
              "batter": "Nur Aishah",
              "bowler": "RC Belbashi",
              "non_striker": "Christina Baret",
              "runs": {
                "batter": 0,
                "extras": 0,
                "total": 0
              }
            },
            {
              "batter": "Nur Aishah",
              "bowler": "RC Belbashi",
              "non_striker": "Christina Baret",
              "runs": {
                "batter": 1,
                "extras": 0,
                "total": 1
              }
            },
            {
              "batter": "Christina Baret",
              "bowler": "RC Belbashi",
              "non_striker": "Nur Aishah",
              "runs": {
                "batter": 0,
                "extras": 0,
                "total": 0
              }
            },
            {
              "batter": "Christina Baret",
              "bowler": "RC Belbashi",
              "non_striker": "Nur Aishah",
              "runs": {
                "batter": 0,
                "extras": 0,
                "total": 0
              }
            }
          ]
        },
        {
          "over": 4,
          "deliveries": [
            {
              "batter": "Nur Aishah",
              "bowler": "S Khadka",
              "non_striker": "Christina Baret",
              "runs": {
                "batter": 0,
                "extras": 0,
                "total": 0
              }
            },
            {
              "batter": "Nur Aishah",
              "bowler": "S Khadka",
              "non_striker": "Christina Baret",
              "runs": {
                "batter": 0,
                "extras": 0,
                "total": 0
              }
            },
            {
              "batter": "Nur Aishah",
              "bowler": "S Khadka",
              "extras": {
                "wides": 1
              },
              "non_striker": "Christina Baret",
              "runs": {
                "batter": 0,
                "extras": 1,
                "total": 1
              }
            },
            {
              "batter": "Nur Aishah",
              "bowler": "S Khadka",
              "non_striker": "Christina Baret",
              "runs": {
                "batter": 0,
                "extras": 0,
                "total": 0
              }
            },
            {
              "batter": "Nur Aishah",
              "bowler": "S Khadka",
              "non_striker": "Christina Baret",
              "runs": {
                "batter": 0,
                "extras": 0,
                "total": 0
              }
            },
            {
              "batter": "Nur Aishah",
              "bowler": "S Khadka",
              "non_striker": "Christina Baret",
              "runs": {
                "batter": 1,
                "extras": 0,
                "total": 1
              }
            },
            {
              "batter": "Christina Baret",
              "bowler": "S Khadka",
              "non_striker": "Nur Aishah",
              "runs": {
                "batter": 0,
                "extras": 0,
                "total": 0
              }
            }
          ]
        },
        {
          "over": 5,
          "deliveries": [
            {
              "batter": "Nur Aishah",
              "bowler": "RC Belbashi",
              "non_striker": "Christina Baret",
              "runs": {
                "batter": 0,
                "extras": 0,
                "total": 0
              }
            },
            {
              "batter": "Nur Aishah",
              "bowler": "RC Belbashi",
              "non_striker": "Christina Baret",
              "runs": {
                "batter": 0,
                "extras": 0,
                "total": 0
              }
            },
            {
              "batter": "Nur Aishah",
              "bowler": "RC Belbashi",
              "non_striker": "Christina Baret",
              "runs": {
                "batter": 1,
                "extras": 0,
                "total": 1
              }
            },
            {
              "batter": "Christina Baret",
              "bowler": "RC Belbashi",
              "non_striker": "Nur Aishah",
              "runs": {
                "batter": 0,
                "extras": 0,
                "total": 0
              }
            },
            {
              "batter": "Christina Baret",
              "bowler": "RC Belbashi",
              "non_striker": "Nur Aishah",
              "runs": {
                "batter": 1,
                "extras": 0,
                "total": 1
              }
            },
            {
              "batter": "Nur Aishah",
              "bowler": "RC Belbashi",
              "non_striker": "Christina Baret",
              "runs": {
                "batter": 1,
                "extras": 0,
                "total": 1
              }
            }
          ]
        },
        {
          "over": 6,
          "deliveries": [
            {
              "batter": "Nur Aishah",
              "bowler": "S Khadka",
              "non_striker": "Christina Baret",
              "runs": {
                "batter": 0,
                "extras": 0,
                "total": 0
              }
            },
            {
              "batter": "Nur Aishah",
              "bowler": "S Khadka",
              "non_striker": "Christina Baret",
              "runs": {
                "batter": 0,
                "extras": 0,
                "total": 0
              }
            },
            {
              "batter": "Nur Aishah",
              "bowler": "S Khadka",
              "extras": {
                "wides": 1
              },
              "non_striker": "Christina Baret",
              "runs": {
                "batter": 0,
                "extras": 1,
                "total": 1
              }
            },
            {
              "batter": "Nur Aishah",
              "bowler": "S Khadka",
              "non_striker": "Christina Baret",
              "runs": {
                "batter": 1,
                "extras": 0,
                "total": 1
              }
            },
            {
              "batter": "Christina Baret",
              "bowler": "S Khadka",
              "non_striker": "Nur Aishah",
              "runs": {
                "batter": 1,
                "extras": 0,
                "total": 1
              }
            },
            {
              "batter": "Nur Aishah",
              "bowler": "S Khadka",
              "non_striker": "Christina Baret",
              "runs": {
                "batter": 1,
                "extras": 0,
                "total": 1
              }
            },
            {
              "batter": "Christina Baret",
              "bowler": "S Khadka",
              "non_striker": "Nur Aishah",
              "runs": {
                "batter": 1,
                "extras": 0,
                "total": 1
              }
            }
          ]
        },
        {
          "over": 7,
          "deliveries": [
            {
              "batter": "Christina Baret",
              "bowler": "S Magar",
              "non_striker": "Nur Aishah",
              "runs": {
                "batter": 0,
                "extras": 0,
                "total": 0
              }
            },
            {
              "batter": "Christina Baret",
              "bowler": "S Magar",
              "non_striker": "Nur Aishah",
              "runs": {
                "batter": 1,
                "extras": 0,
                "total": 1
              }
            },
            {
              "batter": "Nur Aishah",
              "bowler": "S Magar",
              "non_striker": "Christina Baret",
              "runs": {
                "batter": 1,
                "extras": 0,
                "total": 1
              }
            },
            {
              "batter": "Christina Baret",
              "bowler": "S Magar",
              "non_striker": "Nur Aishah",
              "runs": {
                "batter": 1,
                "extras": 0,
                "total": 1
              }
            },
            {
              "batter": "Nur Aishah",
              "bowler": "S Magar",
              "non_striker": "Christina Baret",
              "runs": {
                "batter": 0,
                "extras": 0,
                "total": 0
              }
            },
            {
              "batter": "Nur Aishah",
              "bowler": "S Magar",
              "non_striker": "Christina Baret",
              "runs": {
                "batter": 2,
                "extras": 0,
                "total": 2
              }
            }
          ]
        },
        {
          "over": 8,
          "deliveries": [
            {
              "batter": "Christina Baret",
              "bowler": "Karuna Bhandari",
              "non_striker": "Nur Aishah",
              "runs": {
                "batter": 0,
                "extras": 0,
                "total": 0
              }
            },
            {
              "batter": "Christina Baret",
              "bowler": "Karuna Bhandari",
              "non_striker": "Nur Aishah",
              "runs": {
                "batter": 0,
                "extras": 0,
                "total": 0
              }
            },
            {
              "batter": "Christina Baret",
              "bowler": "Karuna Bhandari",
              "non_striker": "Nur Aishah",
              "runs": {
                "batter": 1,
                "extras": 0,
                "total": 1
              }
            },
            {
              "batter": "Nur Aishah",
              "bowler": "Karuna Bhandari",
              "non_striker": "Christina Baret",
              "runs": {
                "batter": 0,
                "extras": 0,
                "total": 0
              }
            },
            {
              "batter": "Nur Aishah",
              "bowler": "Karuna Bhandari",
              "non_striker": "Christina Baret",
              "runs": {
                "batter": 0,
                "extras": 0,
                "total": 0
              },
              "wickets": [
                {
                  "kind": "bowled",
                  "player_out": "Nur Aishah"
                }
              ]
            },
            {
              "batter": "Rewina Mohammad",
              "bowler": "Karuna Bhandari",
              "non_striker": "Christina Baret",
              "runs": {
                "batter": 0,
                "extras": 0,
                "total": 0
              }
            }
          ]
        },
        {
          "over": 9,
          "deliveries": [
            {
              "batter": "Christina Baret",
              "bowler": "S Magar",
              "non_striker": "Rewina Mohammad",
              "runs": {
                "batter": 1,
                "extras": 0,
                "total": 1
              }
            },
            {
              "batter": "Rewina Mohammad",
              "bowler": "S Magar",
              "non_striker": "Christina Baret",
              "runs": {
                "batter": 0,
                "extras": 0,
                "total": 0
              }
            },
            {
              "batter": "Rewina Mohammad",
              "bowler": "S Magar",
              "non_striker": "Christina Baret",
              "runs": {
                "batter": 0,
                "extras": 0,
                "total": 0
              }
            },
            {
              "batter": "Rewina Mohammad",
              "bowler": "S Magar",
              "non_striker": "Christina Baret",
              "runs": {
                "batter": 4,
                "extras": 0,
                "total": 4
              }
            },
            {
              "batter": "Rewina Mohammad",
              "bowler": "S Magar",
              "non_striker": "Christina Baret",
              "runs": {
                "batter": 0,
                "extras": 0,
                "total": 0
              }
            },
            {
              "batter": "Rewina Mohammad",
              "bowler": "S Magar",
              "non_striker": "Christina Baret",
              "runs": {
                "batter": 0,
                "extras": 0,
                "total": 0
              }
            }
          ]
        },
        {
          "over": 10,
          "deliveries": [
            {
              "batter": "Christina Baret",
              "bowler": "Karuna Bhandari",
              "non_striker": "Rewina Mohammad",
              "runs": {
                "batter": 0,
                "extras": 0,
                "total": 0
              }
            },
            {
              "batter": "Christina Baret",
              "bowler": "Karuna Bhandari",
              "non_striker": "Rewina Mohammad",
              "runs": {
                "batter": 0,
                "extras": 0,
                "total": 0
              }
            },
            {
              "batter": "Christina Baret",
              "bowler": "Karuna Bhandari",
              "non_striker": "Rewina Mohammad",
              "runs": {
                "batter": 0,
                "extras": 0,
                "total": 0
              }
            },
            {
              "batter": "Christina Baret",
              "bowler": "Karuna Bhandari",
              "non_striker": "Rewina Mohammad",
              "runs": {
                "batter": 0,
                "extras": 0,
                "total": 0
              },
              "wickets": [
                {
                  "kind": "caught",
                  "player_out": "Christina Baret",
                  "fielders": [
                    {
                      "name": "RC Belbashi"
                    }
                  ]
                }
              ]
            },
            {
              "batter": "J Intan",
              "bowler": "Karuna Bhandari",
              "non_striker": "Rewina Mohammad",
              "runs": {
                "batter": 0,
                "extras": 0,
                "total": 0
              },
              "wickets": [
                {
                  "kind": "bowled",
                  "player_out": "J Intan"
                }
              ]
            },
            {
              "batter": "Yusrina Yaakop",
              "bowler": "Karuna Bhandari",
              "non_striker": "Rewina Mohammad",
              "runs": {
                "batter": 0,
                "extras": 0,
                "total": 0
              }
            }
          ]
        },
        {
          "over": 11,
          "deliveries": [
            {
              "batter": "Rewina Mohammad",
              "bowler": "S Magar",
              "non_striker": "Yusrina Yaakop",
              "runs": {
                "batter": 0,
                "extras": 0,
                "total": 0
              }
            },
            {
              "batter": "Rewina Mohammad",
              "bowler": "S Magar",
              "non_striker": "Yusrina Yaakop",
              "runs": {
                "batter": 0,
                "extras": 0,
                "total": 0
              }
            },
            {
              "batter": "Rewina Mohammad",
              "bowler": "S Magar",
              "non_striker": "Yusrina Yaakop",
              "runs": {
                "batter": 1,
                "extras": 0,
                "total": 1
              }
            },
            {
              "batter": "Yusrina Yaakop",
              "bowler": "S Magar",
              "non_striker": "Rewina Mohammad",
              "runs": {
                "batter": 1,
                "extras": 0,
                "total": 1
              }
            },
            {
              "batter": "Rewina Mohammad",
              "bowler": "S Magar",
              "non_striker": "Yusrina Yaakop",
              "runs": {
                "batter": 0,
                "extras": 0,
                "total": 0
              }
            },
            {
              "batter": "Rewina Mohammad",
              "bowler": "S Magar",
              "non_striker": "Yusrina Yaakop",
              "runs": {
                "batter": 1,
                "extras": 0,
                "total": 1
              }
            }
          ]
        },
        {
          "over": 12,
          "deliveries": [
            {
              "batter": "Yusrina Yaakop",
              "bowler": "Karuna Bhandari",
              "non_striker": "Rewina Mohammad",
              "runs": {
                "batter": 0,
                "extras": 0,
                "total": 0
              },
              "wickets": [
                {
                  "kind": "bowled",
                  "player_out": "Yusrina Yaakop"
                }
              ]
            },
            {
              "batter": "Fathinah Nasri",
              "bowler": "Karuna Bhandari",
              "non_striker": "Rewina Mohammad",
              "runs": {
                "batter": 0,
                "extras": 0,
                "total": 0
              }
            },
            {
              "batter": "Fathinah Nasri",
              "bowler": "Karuna Bhandari",
              "non_striker": "Rewina Mohammad",
              "runs": {
                "batter": 0,
                "extras": 0,
                "total": 0
              }
            },
            {
              "batter": "Fathinah Nasri",
              "bowler": "Karuna Bhandari",
              "non_striker": "Rewina Mohammad",
              "runs": {
                "batter": 0,
                "extras": 0,
                "total": 0
              }
            },
            {
              "batter": "Fathinah Nasri",
              "bowler": "Karuna Bhandari",
              "non_striker": "Rewina Mohammad",
              "runs": {
                "batter": 1,
                "extras": 0,
                "total": 1
              }
            },
            {
              "batter": "Rewina Mohammad",
              "bowler": "Karuna Bhandari",
              "non_striker": "Fathinah Nasri",
              "runs": {
                "batter": 1,
                "extras": 0,
                "total": 1
              }
            }
          ]
        },
        {
          "over": 13,
          "deliveries": [
            {
              "batter": "Rewina Mohammad",
              "bowler": "S Magar",
              "extras": {
                "legbyes": 1
              },
              "non_striker": "Fathinah Nasri",
              "runs": {
                "batter": 0,
                "extras": 1,
                "total": 1
              }
            },
            {
              "batter": "Fathinah Nasri",
              "bowler": "S Magar",
              "non_striker": "Rewina Mohammad",
              "runs": {
                "batter": 0,
                "extras": 0,
                "total": 0
              },
              "wickets": [
                {
                  "kind": "run out",
                  "player_out": "Fathinah Nasri",
                  "fielders": [
                    {
                      "name": "S Magar"
                    }
                  ]
                }
              ]
            },
            {
              "batter": "Rewina Mohammad",
              "bowler": "S Magar",
              "non_striker": "Jannadiah Halim",
              "runs": {
                "batter": 0,
                "extras": 0,
                "total": 0
              }
            },
            {
              "batter": "Rewina Mohammad",
              "bowler": "S Magar",
              "non_striker": "Jannadiah Halim",
              "runs": {
                "batter": 0,
                "extras": 0,
                "total": 0
              }
            },
            {
              "batter": "Rewina Mohammad",
              "bowler": "S Magar",
              "non_striker": "Jannadiah Halim",
              "runs": {
                "batter": 0,
                "extras": 0,
                "total": 0
              }
            },
            {
              "batter": "Rewina Mohammad",
              "bowler": "S Magar",
              "non_striker": "Jannadiah Halim",
              "runs": {
                "batter": 0,
                "extras": 0,
                "total": 0
              },
              "wickets": [
                {
                  "kind": "lbw",
                  "player_out": "Rewina Mohammad"
                }
              ]
            }
          ]
        },
        {
          "over": 14,
          "deliveries": [
            {
              "batter": "Jannadiah Halim",
              "bowler": "Karuna Bhandari",
              "non_striker": "Nur Nadihirah",
              "runs": {
                "batter": 0,
                "extras": 0,
                "total": 0
              }
            },
            {
              "batter": "Jannadiah Halim",
              "bowler": "Karuna Bhandari",
              "extras": {
                "wides": 1
              },
              "non_striker": "Nur Nadihirah",
              "runs": {
                "batter": 0,
                "extras": 1,
                "total": 1
              }
            },
            {
              "batter": "Jannadiah Halim",
              "bowler": "Karuna Bhandari",
              "non_striker": "Nur Nadihirah",
              "runs": {
                "batter": 0,
                "extras": 0,
                "total": 0
              }
            },
            {
              "batter": "Jannadiah Halim",
              "bowler": "Karuna Bhandari",
              "non_striker": "Nur Nadihirah",
              "runs": {
                "batter": 0,
                "extras": 0,
                "total": 0
              }
            },
            {
              "batter": "Jannadiah Halim",
              "bowler": "Karuna Bhandari",
              "non_striker": "Nur Nadihirah",
              "runs": {
                "batter": 2,
                "extras": 0,
                "total": 2
              }
            },
            {
              "batter": "Jannadiah Halim",
              "bowler": "Karuna Bhandari",
              "non_striker": "Nur Nadihirah",
              "runs": {
                "batter": 0,
                "extras": 0,
                "total": 0
              },
              "wickets": [
                {
                  "kind": "run out",
                  "player_out": "Nur Nadihirah",
                  "fielders": [
                    {
                      "name": "Mamta Thapa"
                    }
                  ]
                }
              ]
            }
          ]
        }
      ],
      "powerplays": [
        {
          "from": 0.1,
          "to": 5.6,
          "type": "mandatory"
        }
      ],
      "target": {
        "overs": 20,
        "runs": 89
      }
    }
  ]
}