{
  "meta": {
    "data_version": "1.0.0",
    "created": "2014-09-28",
    "revision": 2
  },
  "info": {
    "balls_per_over": 6,
    "city": "Incheon",
    "dates": [
      "2014-09-27"
    ],
    "event": {
      "group": "B",
      "match_number": 2,
      "name": "Asian Games Men's Cricket Competition"
    },
    "gender": "male",
    "match_type": "IT20",
    "missing": [
      "player_of_match"
    ],
    "officials": {
      "match_referees": [
        "SLV Raju"
      ],
      "reserve_umpires": [
        "B Ramani"
      ],
      "umpires": [
        "Irfan Ghafoor",
        "Sarika Prasad"
      ]
    },
    "outcome": {
      "by": {
        "wickets": 9
      },
      "winner": "Nepal"
    },
    "overs": 20,
    "players": {
      "Kuwait": [
        "Beidas Tareq",
        "Eissa Jassim",
        "Bastaki Mahmoud",
        "Bastaki Fahad",
        "Alkandari Abdulrahman",
        "Abdulrahman Dashti",
        "Alkandari Mohammad",
        "Alotaibi Mohammed",
        "Alqallaf Mohammad",
        "Yousif Alzaid",
        "Ali Bushahri"
      ],
      "Nepal": [
        "SP Khakurel",
        "Sagar Pun",
        "B Bhandari",
        "B Regmi",
        "S Vesawkar",
        "G Malla",
        "SP Gauchan",
        "PS Airee",
        "P Khadka",
        "Sompal Kami",
        "M Alam"
      ]
    },
    "registry": {
      "people": {
        "Abdulrahman Dashti": "df2dde61",
        "Ali Bushahri": "9fd1e950",
        "Alkandari Abdulrahman": "71de54c3",
        "Alkandari Mohammad": "3f77831b",
        "Alotaibi Mohammed": "283631cb",
        "Alqallaf Mohammad": "cbabb74d",
        "B Bhandari": "82342b13",
        "B Ramani": "92ad5353",
        "B Regmi": "98d05440",
        "Bastaki Fahad": "d21dce57",
        "Bastaki Mahmoud": "191ef373",
        "Beidas Tareq": "459fd041",
        "Eissa Jassim": "1fc327e3",
        "G Malla": "b2e1d224",
        "Irfan Ghafoor": "6386441e",
        "M Alam": "535ad39e",
        "P Khadka": "12c3ba4d",
        "PS Airee": "cc18ba92",
        "S Vesawkar": "3de06845",
        "SLV Raju": "56ee86ce",
        "SP Gauchan": "2d8aae2f",
        "SP Khakurel": "9a6b71d1",
        "Sagar Pun": "3c4007d3",
        "Sarika Prasad": "8ff397fa",
        "Sompal Kami": "1adb8ee8",
        "Yousif Alzaid": "0f6e6d9d"
      }
    },
    "season": "2014/15",
    "team_type": "international",
    "teams": [
      "Kuwait",
      "Nepal"
    ],
    "toss": {
      "decision": "bat",
      "winner": "Kuwait"
    },
    "venue": "Yeonhui Cricket Ground"
  },
  "innings": [
    {
      "team": "Kuwait",
      "overs": [
        {
          "over": 0,
          "deliveries": [
            {
              "batter": "Beidas Tareq",
              "bowler": "Sompal Kami",
              "non_striker": "Eissa Jassim",
              "runs": {
                "batter": 0,
                "extras": 0,
                "total": 0
              }
            },
            {
              "batter": "Beidas Tareq",
              "bowler": "Sompal Kami",
              "extras": {
                "noballs": 1
              },
              "non_striker": "Eissa Jassim",
              "runs": {
                "batter": 0,
                "extras": 1,
                "total": 1
              }
            },
            {
              "batter": "Beidas Tareq",
              "bowler": "Sompal Kami",
              "non_striker": "Eissa Jassim",
              "runs": {
                "batter": 1,
                "extras": 0,
                "total": 1
              }
            },
            {
              "batter": "Eissa Jassim",
              "bowler": "Sompal Kami",
              "non_striker": "Beidas Tareq",
              "runs": {
                "batter": 0,
                "extras": 0,
                "total": 0
              }
            },
            {
              "batter": "Eissa Jassim",
              "bowler": "Sompal Kami",
              "non_striker": "Beidas Tareq",
              "runs": {
                "batter": 0,
                "extras": 0,
                "total": 0
              }
            },
            {
              "batter": "Eissa Jassim",
              "bowler": "Sompal Kami",
              "non_striker": "Beidas Tareq",
              "runs": {
                "batter": 0,
                "extras": 0,
                "total": 0
              },
              "wickets": [
                {
                  "kind": "bowled",
                  "player_out": "Eissa Jassim"
                }
              ]
            },
            {
              "batter": "Bastaki Mahmoud",
              "bowler": "Sompal Kami",
              "non_striker": "Beidas Tareq",
              "runs": {
                "batter": 0,
                "extras": 0,
                "total": 0
              }
            }
          ]
        },
        {
          "over": 1,
          "deliveries": [
            {
              "batter": "Beidas Tareq",
              "bowler": "M Alam",
              "non_striker": "Bastaki Mahmoud",
              "runs": {
                "batter": 0,
                "extras": 0,
                "total": 0
              }
            },
            {
              "batter": "Beidas Tareq",
              "bowler": "M Alam",
              "non_striker": "Bastaki Mahmoud",
              "runs": {
                "batter": 0,
                "extras": 0,
                "total": 0
              }
            },
            {
              "batter": "Beidas Tareq",
              "bowler": "M Alam",
              "non_striker": "Bastaki Mahmoud",
              "runs": {
                "batter": 0,
                "extras": 0,
                "total": 0
              }
            },
            {
              "batter": "Beidas Tareq",
              "bowler": "M Alam",
              "non_striker": "Bastaki Mahmoud",
              "runs": {
                "batter": 0,
                "extras": 0,
                "total": 0
              },
              "wickets": [
                {
                  "kind": "run out",
                  "player_out": "Bastaki Mahmoud",
                  "fielders": [
                    {
                      "name": "PS Airee"
                    }
                  ]
                }
              ]
            },
            {
              "batter": "Bastaki Fahad",
              "bowler": "M Alam",
              "non_striker": "Beidas Tareq",
              "runs": {
                "batter": 0,
                "extras": 0,
                "total": 0
              }
            },
            {
              "batter": "Bastaki Fahad",
              "bowler": "M Alam",
              "non_striker": "Beidas Tareq",
              "runs": {
                "batter": 0,
                "extras": 0,
                "total": 0
              }
            }
          ]
        },
        {
          "over": 2,
          "deliveries": [
            {
              "batter": "Beidas Tareq",
              "bowler": "Sompal Kami",
              "non_striker": "Bastaki Fahad",
              "runs": {
                "batter": 0,
                "extras": 0,
                "total": 0
              }
            },
            {
              "batter": "Beidas Tareq",
              "bowler": "Sompal Kami",
              "non_striker": "Bastaki Fahad",
              "runs": {
                "batter": 0,
                "extras": 0,
                "total": 0
              }
            },
            {
              "batter": "Beidas Tareq",
              "bowler": "Sompal Kami",
              "non_striker": "Bastaki Fahad",
              "runs": {
                "batter": 0,
                "extras": 0,
                "total": 0
              }
            },
            {
              "batter": "Beidas Tareq",
              "bowler": "Sompal Kami",
              "non_striker": "Bastaki Fahad",
              "runs": {
                "batter": 0,
                "extras": 0,
                "total": 0
              }
            },
            {
              "batter": "Beidas Tareq",
              "bowler": "Sompal Kami",
              "non_striker": "Bastaki Fahad",
              "runs": {
                "batter": 0,
                "extras": 0,
                "total": 0
              }
            },
            {
              "batter": "Beidas Tareq",
              "bowler": "Sompal Kami",
              "non_striker": "Bastaki Fahad",
              "runs": {
                "batter": 0,
                "extras": 0,
                "total": 0
              }
            }
          ]
        },
        {
          "over": 3,
          "deliveries": [
            {
              "batter": "Bastaki Fahad",
              "bowler": "M Alam",
              "non_striker": "Beidas Tareq",
              "runs": {
                "batter": 0,
                "extras": 0,
                "total": 0
              }
            },
            {
              "batter": "Bastaki Fahad",
              "bowler": "M Alam",
              "extras": {
                "wides": 1
              },
              "non_striker": "Beidas Tareq",
              "runs": {
                "batter": 0,
                "extras": 1,
                "total": 1
              }
            },
            {
              "batter": "Bastaki Fahad",
              "bowler": "M Alam",
              "non_striker": "Beidas Tareq",
              "runs": {
                "batter": 0,
                "extras": 0,
                "total": 0
              }
            },
            {
              "batter": "Bastaki Fahad",
              "bowler": "M Alam",
              "non_striker": "Beidas Tareq",
              "runs": {
                "batter": 1,
                "extras": 0,
                "total": 1
              }
            },
            {
              "batter": "Beidas Tareq",
              "bowler": "M Alam",
              "non_striker": "Bastaki Fahad",
              "runs": {
                "batter": 1,
                "extras": 0,
                "total": 1
              }
            },
            {
              "batter": "Bastaki Fahad",
              "bowler": "M Alam",
              "non_striker": "Beidas Tareq",
              "runs": {
                "batter": 0,
                "extras": 0,
                "total": 0
              }
            },
            {
              "batter": "Bastaki Fahad",
              "bowler": "M Alam",
              "non_striker": "Beidas Tareq",
              "runs": {
                "batter": 0,
                "extras": 0,
                "total": 0
              }
            }
          ]
        },
        {
          "over": 4,
          "deliveries": [
            {
              "batter": "Beidas Tareq",
              "bowler": "Sompal Kami",
              "non_striker": "Bastaki Fahad",
              "runs": {
                "batter": 0,
                "extras": 0,
                "total": 0
              }
            },
            {
              "batter": "Beidas Tareq",
              "bowler": "Sompal Kami",
              "non_striker": "Bastaki Fahad",
              "runs": {
                "batter": 2,
                "extras": 0,
                "total": 2
              }
            },
            {
              "batter": "Beidas Tareq",
              "bowler": "Sompal Kami",
              "non_striker": "Bastaki Fahad",
              "runs": {
                "batter": 0,
                "extras": 0,
                "total": 0
              },
              "wickets": [
                {
                  "kind": "bowled",
                  "player_out": "Beidas Tareq"
                }
              ]
            },
            {
              "batter": "Alkandari Abdulrahman",
              "bowler": "Sompal Kami",
              "non_striker": "Bastaki Fahad",
              "runs": {
                "batter": 0,
                "extras": 0,
                "total": 0
              }
            },
            {
              "batter": "Alkandari Abdulrahman",
              "bowler": "Sompal Kami",
              "non_striker": "Bastaki Fahad",
              "runs": {
                "batter": 0,
                "extras": 0,
                "total": 0
              }
            },
            {
              "batter": "Alkandari Abdulrahman",
              "bowler": "Sompal Kami",
              "non_striker": "Bastaki Fahad",
              "runs": {
                "batter": 0,
                "extras": 0,
                "total": 0
              },
              "wickets": [
                {
                  "kind": "bowled",
                  "player_out": "Alkandari Abdulrahman"
                }
              ]
            }
          ]
        },
        {
          "over": 5,
          "deliveries": [
            {
              "batter": "Bastaki Fahad",
              "bowler": "SP Gauchan",
              "non_striker": "Abdulrahman Dashti",
              "runs": {
                "batter": 0,
                "extras": 0,
                "total": 0
              }
            },
            {
              "batter": "Bastaki Fahad",
              "bowler": "SP Gauchan",
              "non_striker": "Abdulrahman Dashti",
              "runs": {
                "batter": 0,
                "extras": 0,
                "total": 0
              }
            },
            {
              "batter": "Bastaki Fahad",
              "bowler": "SP Gauchan",
              "non_striker": "Abdulrahman Dashti",
              "runs": {
                "batter": 0,
                "extras": 0,
                "total": 0
              }
            },
            {
              "batter": "Bastaki Fahad",
              "bowler": "SP Gauchan",
              "extras": {
                "wides": 1
              },
              "non_striker": "Abdulrahman Dashti",
              "runs": {
                "batter": 0,
                "extras": 1,
                "total": 1
              }
            },
            {
              "batter": "Bastaki Fahad",
              "bowler": "SP Gauchan",
              "non_striker": "Abdulrahman Dashti",
              "runs": {
                "batter": 0,
                "extras": 0,
                "total": 0
              }
            },
            {
              "batter": "Bastaki Fahad",
              "bowler": "SP Gauchan",
              "non_striker": "Abdulrahman Dashti",
              "runs": {
                "batter": 0,
                "extras": 0,
                "total": 0
              }
            },
            {
              "batter": "Bastaki Fahad",
              "bowler": "SP Gauchan",
              "non_striker": "Abdulrahman Dashti",
              "runs": {
                "batter": 0,
                "extras": 0,
                "total": 0
              }
            }
          ]
        },
        {
          "over": 6,
          "deliveries": [
            {
              "batter": "Abdulrahman Dashti",
              "bowler": "Sompal Kami",
              "non_striker": "Bastaki Fahad",
              "runs": {
                "batter": 0,
                "extras": 0,
                "total": 0
              }
            },
            {
              "batter": "Abdulrahman Dashti",
              "bowler": "Sompal Kami",
              "extras": {
                "legbyes": 1
              },
              "non_striker": "Bastaki Fahad",
              "runs": {
                "batter": 0,
                "extras": 1,
                "total": 1
              }
            },
            {
              "batter": "Bastaki Fahad",
              "bowler": "Sompal Kami",
              "non_striker": "Abdulrahman Dashti",
              "runs": {
                "batter": 0,
                "extras": 0,
                "total": 0
              }
            },
            {
              "batter": "Bastaki Fahad",
              "bowler": "Sompal Kami",
              "non_striker": "Abdulrahman Dashti",
              "runs": {
                "batter": 0,
                "extras": 0,
                "total": 0
              }
            },
            {
              "batter": "Bastaki Fahad",
              "bowler": "Sompal Kami",
              "non_striker": "Abdulrahman Dashti",
              "runs": {
                "batter": 0,
                "extras": 0,
                "total": 0
              }
            },
            {
              "batter": "Bastaki Fahad",
              "bowler": "Sompal Kami",
              "non_striker": "Abdulrahman Dashti",
              "runs": {
                "batter": 0,
                "extras": 0,
                "total": 0
              }
            }
          ]
        },
        {
          "over": 7,
          "deliveries": [
            {
              "batter": "Abdulrahman Dashti",
              "bowler": "SP Gauchan",
              "non_striker": "Bastaki Fahad",
              "runs": {
                "batter": 1,
                "extras": 0,
                "total": 1
              }
            },
            {
              "batter": "Bastaki Fahad",
              "bowler": "SP Gauchan",
              "non_striker": "Abdulrahman Dashti",
              "runs": {
                "batter": 0,
                "extras": 0,
                "total": 0
              }
            },
            {
              "batter": "Bastaki Fahad",
              "bowler": "SP Gauchan",
              "non_striker": "Abdulrahman Dashti",
              "runs": {
                "batter": 0,
                "extras": 0,
                "total": 0
              }
            },
            {
              "batter": "Bastaki Fahad",
              "bowler": "SP Gauchan",
              "non_striker": "Abdulrahman Dashti",
              "runs": {
                "batter": 0,
                "extras": 0,
                "total": 0
              }
            },
            {
              "batter": "Bastaki Fahad",
              "bowler": "SP Gauchan",
              "non_striker": "Abdulrahman Dashti",
              "runs": {
                "batter": 0,
                "extras": 0,
                "total": 0
              }
            },
            {
              "batter": "Bastaki Fahad",
              "bowler": "SP Gauchan",
              "non_striker": "Abdulrahman Dashti",
              "runs": {
                "batter": 0,
                "extras": 0,
                "total": 0
              }
            }
          ]
        },
        {
          "over": 8,
          "deliveries": [
            {
              "batter": "Abdulrahman Dashti",
              "bowler": "Sagar Pun",
              "non_striker": "Bastaki Fahad",
              "runs": {
                "batter": 0,
                "extras": 0,
                "total": 0
              }
            },
            {
              "batter": "Abdulrahman Dashti",
              "bowler": "Sagar Pun",
              "non_striker": "Bastaki Fahad",
              "runs": {
                "batter": 0,
                "extras": 0,
                "total": 0
              }
            },
            {
              "batter": "Abdulrahman Dashti",
              "bowler": "Sagar Pun",
              "non_striker": "Bastaki Fahad",
              "runs": {
                "batter": 1,
                "extras": 0,
                "total": 1
              }
            },
            {
              "batter": "Bastaki Fahad",
              "bowler": "Sagar Pun",
              "non_striker": "Abdulrahman Dashti",
              "runs": {
                "batter": 0,
                "extras": 0,
                "total": 0
              }
            },
            {
              "batter": "Bastaki Fahad",
              "bowler": "Sagar Pun",
              "non_striker": "Abdulrahman Dashti",
              "runs": {
                "batter": 1,
                "extras": 0,
                "total": 1
              }
            },
            {
              "batter": "Abdulrahman Dashti",
              "bowler": "Sagar Pun",
              "non_striker": "Bastaki Fahad",
              "runs": {
                "batter": 0,
                "extras": 0,
                "total": 0
              },
              "wickets": [
                {
                  "kind": "caught",
                  "player_out": "Abdulrahman Dashti",
                  "fielders": [
                    {
                      "name": "SP Gauchan"
                    }
                  ]
                }
              ]
            }
          ]
        },
        {
          "over": 9,
          "deliveries": [
            {
              "batter": "Bastaki Fahad",
              "bowler": "SP Gauchan",
              "non_striker": "Alkandari Mohammad",
              "runs": {
                "batter": 0,
                "extras": 0,
                "total": 0
              }
            },
            {
              "batter": "Bastaki Fahad",
              "bowler": "SP Gauchan",
              "non_striker": "Alkandari Mohammad",
              "runs": {
                "batter": 0,
                "extras": 0,
                "total": 0
              }
            },
            {
              "batter": "Bastaki Fahad",
              "bowler": "SP Gauchan",
              "non_striker": "Alkandari Mohammad",
              "runs": {
                "batter": 0,
                "extras": 0,
                "total": 0
              }
            },
            {
              "batter": "Bastaki Fahad",
              "bowler": "SP Gauchan",
              "non_striker": "Alkandari Mohammad",
              "runs": {
                "batter": 0,
                "extras": 0,
                "total": 0
              }
            },
            {
              "batter": "Bastaki Fahad",
              "bowler": "SP Gauchan",
              "non_striker": "Alkandari Mohammad",
              "runs": {
                "batter": 0,
                "extras": 0,
                "total": 0
              }
            },
            {
              "batter": "Bastaki Fahad",
              "bowler": "SP Gauchan",
              "non_striker": "Alkandari Mohammad",
              "runs": {
                "batter": 0,
                "extras": 0,
                "total": 0
              }
            }
          ]
        },
        {
          "over": 10,
          "deliveries": [
            {
              "batter": "Alkandari Mohammad",
              "bowler": "Sagar Pun",
              "non_striker": "Bastaki Fahad",
              "runs": {
                "batter": 1,
                "extras": 0,
                "total": 1
              }
            },
            {
              "batter": "Bastaki Fahad",
              "bowler": "Sagar Pun",
              "non_striker": "Alkandari Mohammad",
              "runs": {
                "batter": 0,
                "extras": 0,
                "total": 0
              }
            },
            {
              "batter": "Bastaki Fahad",
              "bowler": "Sagar Pun",
              "non_striker": "Alkandari Mohammad",
              "runs": {
                "batter": 0,
                "extras": 0,
                "total": 0
              }
            },
            {
              "batter": "Bastaki Fahad",
              "bowler": "Sagar Pun",
              "non_striker": "Alkandari Mohammad",
              "runs": {
                "batter": 0,
                "extras": 0,
                "total": 0
              }
            },
            {
              "batter": "Bastaki Fahad",
              "bowler": "Sagar Pun",
              "non_striker": "Alkandari Mohammad",
              "runs": {
                "batter": 2,
                "extras": 0,
                "total": 2
              }
            },
            {
              "batter": "Bastaki Fahad",
              "bowler": "Sagar Pun",
              "non_striker": "Alkandari Mohammad",
              "runs": {
                "batter": 0,
                "extras": 0,
                "total": 0
              }
            }
          ]
        },
        {
          "over": 11,
          "deliveries": [
            {
              "batter": "Alkandari Mohammad",
              "bowler": "B Regmi",
              "non_striker": "Bastaki Fahad",
              "runs": {
                "batter": 0,
                "extras": 0,
                "total": 0
              },
              "wickets": [
                {
                  "kind": "lbw",
                  "player_out": "Alkandari Mohammad"
                }
              ]
            },
            {
              "batter": "Alotaibi Mohammed",
              "bowler": "B Regmi",
              "extras": {
                "wides": 1
              },
              "non_striker": "Bastaki Fahad",
              "runs": {
                "batter": 0,
                "extras": 1,
                "total": 1
              }
            },
            {
              "batter": "Alotaibi Mohammed",
              "bowler": "B Regmi",
              "non_striker": "Bastaki Fahad",
              "runs": {
                "batter": 0,
                "extras": 0,
                "total": 0
              }
            },
            {
              "batter": "Alotaibi Mohammed",
              "bowler": "B Regmi",
              "non_striker": "Bastaki Fahad",
              "runs": {
                "batter": 0,
                "extras": 0,
                "total": 0
              }
            },
            {
              "batter": "Alotaibi Mohammed",
              "bowler": "B Regmi",
              "non_striker": "Bastaki Fahad",
              "runs": {
                "batter": 0,
                "extras": 0,
                "total": 0
              }
            },
            {
              "batter": "Alotaibi Mohammed",
              "bowler": "B Regmi",
              "extras": {
                "byes": 2
              },
              "non_striker": "Bastaki Fahad",
              "runs": {
                "batter": 0,
                "extras": 2,
                "total": 2
              }
            },
            {
              "batter": "Alotaibi Mohammed",
              "bowler": "B Regmi",
              "non_striker": "Bastaki Fahad",
              "runs": {
                "batter": 0,
                "extras": 0,
                "total": 0
              },
              "wickets": [
                {
                  "kind": "caught",
                  "player_out": "Alotaibi Mohammed",
                  "fielders": [
                    {
                      "name": "P Khadka"
                    }
                  ]
                }
              ]
            }
          ]
        },
        {
          "over": 12,
          "deliveries": [
            {
              "batter": "Bastaki Fahad",
              "bowler": "Sagar Pun",
              "non_striker": "Alqallaf Mohammad",
              "runs": {
                "batter": 0,
                "extras": 0,
                "total": 0
              }
            },
            {
              "batter": "Bastaki Fahad",
              "bowler": "Sagar Pun",
              "non_striker": "Alqallaf Mohammad",
              "runs": {
                "batter": 0,
                "extras": 0,
                "total": 0
              }
            },
            {
              "batter": "Bastaki Fahad",
              "bowler": "Sagar Pun",
              "non_striker": "Alqallaf Mohammad",
              "runs": {
                "batter": 0,
                "extras": 0,
                "total": 0
              },
              "wickets": [
                {
                  "kind": "lbw",
                  "player_out": "Bastaki Fahad"
                }
              ]
            },
            {
              "batter": "Yousif Alzaid",
              "bowler": "Sagar Pun",
              "non_striker": "Alqallaf Mohammad",
              "runs": {
                "batter": 0,
                "extras": 0,
                "total": 0
              }
            },
            {
              "batter": "Yousif Alzaid",
              "bowler": "Sagar Pun",
              "non_striker": "Alqallaf Mohammad",
              "runs": {
                "batter": 1,
                "extras": 0,
                "total": 1
              }
            },
            {
              "batter": "Alqallaf Mohammad",
              "bowler": "Sagar Pun",
              "non_striker": "Yousif Alzaid",
              "runs": {
                "batter": 1,
                "extras": 0,
                "total": 1
              }
            }
          ]
        },
        {
          "over": 13,
          "deliveries": [
            {
              "batter": "Alqallaf Mohammad",
              "bowler": "B Regmi",
              "non_striker": "Yousif Alzaid",
              "runs": {
                "batter": 0,
                "extras": 0,
                "total": 0
              },
              "wickets": [
                {
                  "kind": "run out",
                  "player_out": "Alqallaf Mohammad",
                  "fielders": [
                    {
                      "name": "M Alam"
                    },
                    {
                      "name": "SP Khakurel"
                    }
                  ]
                }
              ]
            },
            {
              "batter": "Ali Bushahri",
              "bowler": "B Regmi",
              "non_striker": "Yousif Alzaid",
              "runs": {
                "batter": 0,
                "extras": 0,
                "total": 0
              },
              "wickets": [
                {
                  "kind": "bowled",
                  "player_out": "Ali Bushahri"
                }
              ]
            }
          ]
        }
      ],
      "powerplays": [
        {
          "from": 0.1,
          "to": 5.7,
          "type": "mandatory"
        }
      ]
    },
    {
      "team": "Nepal",
      "overs": [
        {
          "over": 0,
          "deliveries": [
            {
              "batter": "SP Khakurel",
              "bowler": "Alkandari Abdulrahman",
              "non_striker": "Sagar Pun",
              "runs": {
                "batter": 1,
                "extras": 0,
                "total": 1
              }
            },
            {
              "batter": "Sagar Pun",
              "bowler": "Alkandari Abdulrahman",
              "non_striker": "SP Khakurel",
              "runs": {
                "batter": 0,
                "extras": 0,
                "total": 0
              }
            },
            {
              "batter": "Sagar Pun",
              "bowler": "Alkandari Abdulrahman",
              "non_striker": "SP Khakurel",
              "runs": {
                "batter": 0,
                "extras": 0,
                "total": 0
              }
            },
            {
              "batter": "Sagar Pun",
              "bowler": "Alkandari Abdulrahman",
              "non_striker": "SP Khakurel",
              "runs": {
                "batter": 0,
                "extras": 0,
                "total": 0
              }
            },
            {
              "batter": "Sagar Pun",
              "bowler": "Alkandari Abdulrahman",
              "non_striker": "SP Khakurel",
              "runs": {
                "batter": 4,
                "extras": 0,
                "total": 4
              }
            },
            {
              "batter": "Sagar Pun",
              "bowler": "Alkandari Abdulrahman",
              "non_striker": "SP Khakurel",
              "runs": {
                "batter": 1,
                "extras": 0,
                "total": 1
              }
            }
          ]
        },
        {
          "over": 1,
          "deliveries": [
            {
              "batter": "Sagar Pun",
              "bowler": "Bastaki Mahmoud",
              "non_striker": "SP Khakurel",
              "runs": {
                "batter": 4,
                "extras": 0,
                "total": 4
              }
            },
            {
              "batter": "Sagar Pun",
              "bowler": "Bastaki Mahmoud",
              "non_striker": "SP Khakurel",
              "runs": {
                "batter": 0,
                "extras": 0,
                "total": 0
              },
              "wickets": [
                {
                  "kind": "caught",
                  "player_out": "Sagar Pun",
                  "fielders": [
                    {
                      "name": "Alkandari Mohammad"
                    }
                  ]
                }
              ]
            },
            {
              "batter": "B Bhandari",
              "bowler": "Bastaki Mahmoud",
              "non_striker": "SP Khakurel",
              "runs": {
                "batter": 0,
                "extras": 0,
                "total": 0
              }
            },
            {
              "batter": "B Bhandari",
              "bowler": "Bastaki Mahmoud",
              "non_striker": "SP Khakurel",
              "runs": {
                "batter": 0,
                "extras": 0,
                "total": 0
              }
            },
            {
              "batter": "B Bhandari",
              "bowler": "Bastaki Mahmoud",
              "non_striker": "SP Khakurel",
              "runs": {
                "batter": 4,
                "extras": 0,
                "total": 4
              }
            },
            {
              "batter": "B Bhandari",
              "bowler": "Bastaki Mahmoud",
              "non_striker": "SP Khakurel",
              "runs": {
                "batter": 0,
                "extras": 0,
                "total": 0
              }
            }
          ]
        },
        {
          "over": 2,
          "deliveries": [
            {
              "batter": "SP Khakurel",
              "bowler": "Alkandari Abdulrahman",
              "non_striker": "B Bhandari",
              "runs": {
                "batter": 4,
                "extras": 0,
                "total": 4
              }
            },
            {
              "batter": "SP Khakurel",
              "bowler": "Alkandari Abdulrahman",
              "non_striker": "B Bhandari",
              "runs": {
                "batter": 1,
                "extras": 0,
                "total": 1
              }
            },
            {
              "batter": "B Bhandari",
              "bowler": "Alkandari Abdulrahman",
              "non_striker": "SP Khakurel",
              "runs": {
                "batter": 0,
                "extras": 0,
                "total": 0
              }
            },
            {
              "batter": "B Bhandari",
              "bowler": "Alkandari Abdulrahman",
              "non_striker": "SP Khakurel",
              "runs": {
                "batter": 1,
                "extras": 0,
                "total": 1
              }
            },
            {
              "batter": "SP Khakurel",
              "bowler": "Alkandari Abdulrahman",
              "non_striker": "B Bhandari",
              "runs": {
                "batter": 1,
                "extras": 0,
                "total": 1
              }
            }
          ]
        }
      ],
      "powerplays": [
        {
          "from": 0.1,
          "to": 2.5,
          "type": "mandatory"
        }
      ],
      "target": {
        "overs": 20,
        "runs": 21
      }
    }
  ]
}